tree
version=v4
num_class=1
num_tree_per_iteration=1
label_index=0
max_feature_idx=3
objective=regression
feature_names=w dist age sex
feature_infos=[49:79.5] [800:3100] [3:12] -1:2:4:1:0:3
tree_sizes=1423 1437 1432 1428 1433 1437 1425 1428 1425 1432 1424 1428 1433 1431 1435 1433 1433 1435 1420 1420 1421 1439 1423 1433 1412 1425 1408 1425 1441 1449 1452 1422 1441 1435 1451 1439 1468 1431 1441 1465 1440 1424 1474 1426 1464 1476 1447 1448 1457 1444 1463 1458 1436 1476 1467 1460 1445 1455 1462 1460 1466 1449 1479 1477 1458 1470 1445 1477 1472 1465 1469 1479 1480 1457 1463 1461 1451 1467 1463 1477 1461 1471 1459 1478 1469 1483 1473 1475 1462 1473 1473 1464 1467 1480 1470 1482 1460 1466 1451 1459 1479 1450 1480 1463 1484 1474 1478 1463 1476 1460 1474 1477 1474 1459 1455 1448 1467 1478 1463 1485 1461 1483 1473 1481 1452 1484 1459 1467 1475 1468 1451 1482 1472 1482 1475 1487 1475 1477 1463 1448 1470 1471 1489 1457 1462 1482 1456 1489 1483 1479 1487 1454 1459 1490 1461 1482 1456 1450 1489 1456 1478 1464 1471 1477 1480 1466 1455 1479 1477 1472 1487 1453 1492 1464 1471 1485 1457 1478 1485 1485 1486 1446 1487 1488 1440 1451 1469 1440 1476 1473 1460 1460 1483 1445 1453 1464 1489 1456 1461 1480 1464 1490 1472 1490 1451 1445 1469 1464 1478 1483 1460 1455 1463 1460 1479 1447 1459 1489 1471 1461 1472 1474 1493 1486 1483 1460 1483 1479 1480 1471 1483 1462 1445 1465 1463 1475 1486 1459 1444 1445 1447 1461 1452 1469 1461 1478 1452 1496 1464 1463 1466 1440 1456 1466 1470 1451 1459 1480 1483 1462 1461 1448 1484 1475 1467 1455 1484 1485 1468 1475 1482 1482 1466 1475 1475 1460 1501 1481 1478 1484 1473 1471 1489 1475 1460 1439 1489 1464 1457 1480 1458 1461 1472 1481 1442 1439 1462 1457 1453 1449 1464 1439 1454 1501 1484 1444 1491 1456 1477 1471 1474 1468 1478 1464 1459 1456 1498 1456 1483 1470 1499 1468 1495 1471 1463 1462 1477 1482 1460 1461 1463 1483 1451 1442 1471 1466 1446 1496 1468 1489 1492 1459 1441 1464 1435 1457 1482 1473 1441 1458 1483 1502 1486 1494 1487 1489 1480 1480 1490 1455 1473 1491 1473 1456 1479 1456 1439 1485 1467 1476 1469 1456 1439 1491 1435 1494 1437 1492 1464 1449 1480 1442 1472 1449 1458 1457 1454 1459 1455 1464 1477 1481 1467 1453 1443 1457 1459 1483 1479 1490

Tree=0
num_leaves=15
num_cat=2
split_feature=0 2 0 0 3 0 3 0 0 0 0 0 0 0
split_gain=8266.17 8373.01 7990.88 1570.41 1241.73 971.548 665.013 602.014 484.381 462.395 258.462 223.514 173.17 144.284
threshold=63.250000000000007 3.5000000000000004 56.750000000000007 59.750000000000007 0 67.750000000000014 1 54.750000000000007 58.250000000000007 54.750000000000007 56.750000000000007 58.250000000000007 61.250000000000007 55.750000000000007
decision_type=2 2 2 2 9 2 9 2 2 2 2 2 2 2
left_child=1 10 4 6 9 -2 11 -6 -8 -3 -1 -4 -5 -9
right_child=5 2 3 12 7 -7 8 13 -10 -11 -12 -13 -14 -15
leaf_value=-0.084204035219204873 -0.19031165810779427 0.26843794610376387 0.051773046237289524 0.0029672388203801775 0.19831311299776624 -0.4557396660552982 0.12377748424252921 0.13836387614568746 0.067193793336509766 0.19721097585590422 -0.16333902660248723 -0.008929313702803976 -0.052998460737380806 0.095533554802252826
leaf_weight=364 85 339 509 522 330 58 677 411 857 695 144 216 188 377
leaf_count=364 85 339 509 522 330 58 677 411 857 695 144 216 188 377
internal_value=0.0774428 0.0869798 0.106186 0.0530116 0.179549 -0.297968 0.073398 0.141047 0.0920705 0.219192 -0.106636 0.0342832 -0.0118518 0.117873
internal_weight=5772 5629 5121 2969 2152 143 2259 1118 1534 1034 508 725 710 788
internal_count=5772 5629 5121 2969 2152 143 2259 1118 1534 1034 508 725 710 788
cat_boundaries=0 1 2
cat_threshold=4 16
is_linear=0
shrinkage=1


Tree=1
num_leaves=15
num_cat=2
split_feature=0 2 0 0 3 0 3 0 0 0 0 0 0 0
split_gain=7460.22 7556.65 7211.77 1425.4 1121.6 876.822 642.336 519.708 450.041 293.905 269.654 233.262 167.727 139.118
threshold=63.250000000000007 3.5000000000000004 56.750000000000007 59.250000000000007 0 67.750000000000014 1 54.750000000000007 55.250000000000007 60.250000000000007 58.250000000000007 56.750000000000007 57.750000000000007 54.250000000000007
decision_type=2 2 2 2 9 2 9 2 2 2 2 2 2 2
left_child=1 11 4 6 7 -2 12 -3 13 -5 -8 -1 -4 -6
right_child=5 2 3 9 8 -7 10 -9 -10 -11 -12 -13 -14 -15
leaf_value=-0.15356452421817399 -0.25436677897677706 0.11351511761775385 -0.015068216950249444 -0.047314179687239576 0.18925853056567057 -0.50652334690093992 0.044017920898689042 0.038216302428332231 0.097147080366843719 -0.10191263487391795 -0.0017391684862515051 -0.2287427660284771 -0.064762353037684406 0.14120666892981967
leaf_weight=364 85 325 367 545 280 58 677 777 444 450 614 144 316 326
leaf_count=364 85 325 367 545 280 58 677 777 444 450 614 144 316 326
internal_value=2.18741e-10 0.00906014 0.0273064 -0.0232097 0.0970007 -0.35664 0.0013867 0.0598799 0.134112 -0.0720069 0.0220848 -0.174875 -0.0375107 0.163409
internal_weight=5772 5629 5121 2969 2152 143 1974 1102 1050 995 1291 508 683 606
internal_count=5772 5629 5121 2969 2152 143 1974 1102 1050 995 1291 508 683 606
cat_boundaries=0 1 2
cat_threshold=16 16
is_linear=0
shrinkage=0.05


Tree=2
num_leaves=15
num_cat=3
split_feature=0 2 0 0 3 0 3 0 0 3 0 0 0 0
split_gain=6732.84 6819.87 6508.62 1286.42 1012.75 791.332 579.708 491.191 392.182 271.878 243.363 210.519 195.844 151.374
threshold=63.250000000000007 3.5000000000000004 56.750000000000007 59.250000000000007 0 67.750000000000014 1 54.750000000000007 55.250000000000007 2 58.250000000000007 56.750000000000007 60.750000000000007 57.750000000000007
decision_type=2 2 2 2 9 2 9 2 2 9 2 2 2 2
left_child=1 11 4 6 8 -2 13 -6 -3 -5 -8 -1 -11 -4
right_child=5 2 3 9 7 -7 10 -9 -10 12 -12 -13 -14 -15
leaf_value=-0.14588629344662468 -0.2416484338395736 0.15548243977216675 -0.014314805751803461 -0.12185905310529761 0.10910819567288413 -0.48119718781832993 0.041817024836600096 0.036448061142588355 0.093126136838637907 -0.037755254546372602 -0.0016522102112539042 -0.21730563599202368 -0.091869786957732777 -0.061524235344892722
leaf_weight=364 85 598 367 195 330 58 677 788 436 562 614 144 238 316
leaf_count=364 85 598 367 195 330 58 677 788 436 562 614 144 238 316
internal_value=6.33705e-10 0.00860713 0.0259411 -0.0220492 0.0921507 -0.338808 0.00131736 0.0573819 0.127952 -0.0684066 0.0209805 -0.166131 -0.0531895 -0.0356352
internal_weight=5772 5629 5121 2969 2152 143 1974 1118 1034 995 1291 508 800 683
internal_count=5772 5629 5121 2969 2152 143 1974 1118 1034 995 1291 508 800 683
cat_boundaries=0 1 2 3
cat_threshold=4 16 16
is_linear=0
shrinkage=0.05


Tree=3
num_leaves=15
num_cat=3
split_feature=0 2 0 0 3 0 3 0 0 0 0 0 0 3
split_gain=6075.99 6154.13 5876.25 1173.3 914.956 714.177 494.313 450.511 379.261 350.534 189.994 175.291 154.325 145.784
threshold=63.250000000000007 3.5000000000000004 56.750000000000007 59.750000000000007 0 67.750000000000014 1 55.250000000000007 54.250000000000007 58.250000000000007 56.750000000000007 58.250000000000007 53.750000000000007 2
decision_type=2 2 2 2 9 2 9 2 2 2 2 2 2 9
left_child=1 10 4 6 7 -2 11 12 -6 -8 -1 -4 -3 -5
right_child=5 2 3 13 8 -7 9 -9 -10 -11 -12 -13 -14 -15
leaf_value=-0.13859198167817771 -0.22956600476713743 0.1392007056439277 -0.021565443903851837 -0.12274230453042896 0.17204632127391442 -0.45713732941397311 0.039726173734578527 0.018183312973243781 0.1040931738134135 -0.0084090378457113077 -0.20644035298998156 -0.075322253526084959 0.071659028495823104 -0.061175445459349442
leaf_weight=364 85 101 509 153 280 58 677 481 770 857 144 216 520 557
leaf_count=364 85 101 509 153 280 58 677 481 770 857 144 216 520 557
internal_value=-1.05563e-05 0.00816595 0.0246321 -0.0209673 0.0875431 -0.321868 -0.00334588 0.0540181 0.121061 0.0127513 -0.157825 -0.03707 0.0826441 -0.0770331
internal_weight=5772 5629 5121 2969 2152 143 2259 1102 1050 1534 508 725 621 710
internal_count=5772 5629 5121 2969 2152 143 2259 1102 1050 1534 508 725 621 710
cat_boundaries=0 1 2 3
cat_threshold=16 16 16
is_linear=0
shrinkage=0.05


Tree=4
num_leaves=15
num_cat=2
split_feature=0 2 0 0 3 0 3 0 0 0 0 0 0 0
split_gain=5483.01 5552.95 5324.19 1281.93 675.855 644.545 549.083 335.832 295.678 234.115 233.816 171.469 168.534 127.259
threshold=63.250000000000007 3.5000000000000004 56.250000000000007 59.250000000000007 0 67.750000000000014 1 57.750000000000007 54.250000000000007 60.250000000000007 54.250000000000007 56.750000000000007 57.750000000000007 71.500000000000014
decision_type=2 2 2 2 9 2 9 2 2 2 2 2 2 2
left_child=1 11 4 6 10 -2 7 -4 -6 -5 -3 -1 -8 -7
right_child=5 2 3 9 8 13 12 -9 -10 -11 -12 -13 -14 -15
leaf_value=-0.13166238311115283 -0.21808770632042604 0.16294090587608787 0.056250098563703027 -0.040091399466362573 0.10397341517313943 -0.37848363309293181 -0.0082805568937550037 0.0061040342518721112 0.042948204874868383 -0.088820876606636581 0.10744637236752815 -0.19611833066770085 -0.053566140114857136 -0.53258916991097593
leaf_weight=364 85 277 538 545 281 37 539 880 676 450 603 144 332 21
leaf_count=364 85 277 538 545 281 37 539 880 676 450 603 144 332 21
internal_value=-2.59602e-05 0.00774132 0.0233825 -0.014748 0.0915483 -0.305774 0.00584837 0.0249539 0.0602373 -0.0621299 0.123511 -0.149933 -0.0252522 -0.43428
internal_weight=5772 5629 5121 3284 1837 143 2289 1418 957 995 880 508 871 58
internal_count=5772 5629 5121 3284 1837 143 2289 1418 957 995 880 508 871 58
cat_boundaries=0 1 2
cat_threshold=4 4
is_linear=0
shrinkage=0.05


Tree=5
num_leaves=15
num_cat=2
split_feature=0 2 0 0 3 0 3 0 0 0 0 0 0 0
split_gain=4957.15 4981.49 4879.5 1026.31 747.219 463.907 409.211 377.736 322.133 288.21 166.056 158.921 149.034 131.075
threshold=63.750000000000007 3.5000000000000004 56.750000000000007 59.750000000000007 0 70.250000000000014 1 55.250000000000007 55.250000000000007 58.250000000000007 54.250000000000007 61.250000000000007 58.250000000000007 53.250000000000007
decision_type=2 2 2 2 9 2 9 2 2 2 2 2 2 2
left_child=1 10 4 6 7 -2 12 13 -6 -8 -1 -5 -4 -3
right_child=5 2 3 11 8 -7 9 -9 -10 -11 -12 -13 -14 -15
leaf_value=-0.069095584964240661 -0.25232888304806772 0.13190940940517121 -0.019441458907697447 -0.056772383636441728 0.13412517958717182 -0.47023349675265225 0.03604622128810954 0.015973449661832093 0.078065013805160996 -0.007600563237021918 -0.15357921904886393 -0.10881731174155779 -0.069008838825134769 0.065726509621220369
leaf_weight=67 94 87 509 522 606 33 677 481 444 857 441 204 216 534
leaf_count=67 94 87 509 522 606 33 677 481 444 857 441 204 216 534
internal_value=-2.46621e-05 0.00692547 0.021696 -0.0196804 0.0790883 -0.30895 -0.00305976 0.0487925 0.109378 0.0115865 -0.142437 -0.0713966 -0.0337437 0.0749985
internal_weight=5772 5645 5137 2985 2152 127 2259 1102 1050 1534 508 726 725 621
internal_count=5772 5645 5137 2985 2152 127 2259 1102 1050 1534 508 726 725 621
cat_boundaries=0 1 2
cat_threshold=16 16
is_linear=0
shrinkage=0.05


Tree=6
num_leaves=15
num_cat=3
split_feature=0 2 0 0 0 3 3 0 3 0 0 0 0 0
split_gain=4486.91 4465.49 4497.48 962.935 806.43 451.319 394.562 320.75 303.202 230.809 152.575 118.966 93.7085 93.6015
threshold=64.250000000000014 3.5000000000000004 57.250000000000007 55.250000000000007 60.250000000000007 0 1 70.250000000000014 2 58.750000000000007 55.750000000000007 53.750000000000007 58.250000000000007 54.250000000000007
decision_type=2 2 2 2 2 9 9 2 9 2 2 2 2 2
left_child=1 10 3 8 6 -5 9 -2 11 -4 -1 -3 -8 -10
right_child=7 2 4 5 -6 -7 12 -9 13 -11 -12 -13 -14 -15
leaf_value=-0.10306698713853886 -0.26040691439207503 0.12090521726277795 0.020896175130298802 0.0092724787960098819 -0.084682655293474227 0.067719320856588369 -0.029719131416795372 -0.44672181678540784 0.1486222900849368 -0.017960217207202256 -0.15859891227746414 0.06160374031608136 -0.07021853707565813 0.10920743510766995
leaf_weight=213 77 101 722 701 483 636 302 33 280 812 295 520 271 326
leaf_count=213 77 101 722 701 483 636 302 33 280 812 295 520 271 326
internal_value=-2.34287e-05 0.00612114 0.0200617 0.0670049 -0.0264103 0.037651 -0.0130522 -0.316301 0.0989904 0.000325999 -0.135315 0.0701194 -0.048035 0.12535
internal_weight=5772 5662 5154 2564 2590 1337 2107 110 1227 1534 508 621 573 606
internal_count=5772 5662 5154 2564 2590 1337 2107 110 1227 1534 508 621 573 606
cat_boundaries=0 1 2 3
cat_threshold=18 12 16
is_linear=0
shrinkage=0.05


Tree=7
num_leaves=15
num_cat=3
split_feature=0 2 0 0 0 3 3 0 0 3 0 0 0 0
split_gain=4074.41 4122.75 3865.96 873.519 629.823 496.85 410.963 249.618 216.281 201.234 190.663 145.903 123.746 100.753
threshold=62.750000000000007 3.5000000000000004 56.250000000000007 59.250000000000007 67.750000000000014 0 1 57.750000000000007 54.250000000000007 2 54.250000000000007 57.250000000000007 57.750000000000007 61.250000000000007
decision_type=2 2 2 2 2 9 9 2 2 9 2 2 2 2
left_child=1 11 5 6 -2 8 7 -4 -3 -5 -7 -1 -8 -11
right_child=4 2 3 9 -6 10 12 -9 -10 13 -12 -13 -14 -15
leaf_value=-0.11628356588095251 -0.1721257673593255 0.089152334461645263 0.048474736265806992 -0.09769641389604658 -0.37543029661836297 0.14119117511103726 -0.0074020750499252707 0.0052419011266267093 0.036635073952208788 -0.031145596206733506 0.091404963893579258 -0.18708923858675092 -0.046206460874148994 -0.079370756481702512
leaf_weight=420 111 278 538 190 58 280 539 880 665 649 614 88 332 130
leaf_count=420 111 278 538 190 58 280 539 880 665 649 614 88 332 130
internal_value=-1.55879e-05 0.0072802 0.0208231 -0.0118812 -0.241899 0.0788257 0.00496375 0.0214932 0.0515705 -0.0516728 0.105814 -0.128549 -0.0219413 -0.0386967
internal_weight=5772 5603 5095 3258 169 1837 2289 1418 943 969 894 508 871 779
internal_count=5772 5603 5095 3258 169 1837 2289 1418 943 969 894 508 871 779
cat_boundaries=0 1 2 3
cat_threshold=16 4 16
is_linear=0
shrinkage=0.05


Tree=8
num_leaves=15
num_cat=3
split_feature=0 2 0 0 3 3 0 0 0 0 0 3 0 0
split_gain=3681.71 3638.22 3678.16 959.688 449.07 370.894 267.458 225.28 214.462 206.414 160.505 153.6 140.444 111.681
threshold=64.250000000000014 3.5000000000000004 56.250000000000007 59.250000000000007 0 1 70.250000000000014 57.750000000000007 61.250000000000007 54.750000000000007 54.250000000000007 2 54.250000000000007 57.750000000000007
decision_type=2 2 2 2 9 9 2 2 2 2 2 9 2 2
left_child=1 12 4 5 10 7 -2 -4 11 -6 -3 -5 -1 -7
right_child=6 2 3 8 9 13 -8 -9 -10 -11 -12 -13 -14 -15
leaf_value=-0.054673276747118187 -0.23547988944239431 0.13359692313604138 0.046050998951536935 -0.084990561567246922 0.08187499684817863 -0.0070319707552921416 -0.40561421278751264 0.004979806048160589 -0.097080057445593282 0.033020511496235784 0.087618159057933909 -0.029139328616556794 -0.13236891975934681 -0.043896137435460489
leaf_weight=67 77 277 538 158 330 539 33 880 221 627 603 649 441 332
leaf_count=67 77 277 538 158 330 539 33 880 221 627 603 649 441 332
internal_value=-2.32717e-05 0.00554272 0.0181259 -0.0133078 0.0748844 0.00471556 -0.28652 0.0204185 -0.0534396 0.0493512 0.100944 -0.0414885 -0.122122 -0.0208442
internal_weight=5772 5662 5154 3317 1837 2289 110 1418 1028 957 880 807 508 871
internal_count=5772 5662 5154 3317 1837 2289 110 1418 1028 957 880 807 508 871
cat_boundaries=0 1 2 3
cat_threshold=4 4 16
is_linear=0
shrinkage=0.05


Tree=9
num_leaves=15
num_cat=3
split_feature=0 2 0 0 0 3 3 3 0 0 0 0 0 0
split_gain=3332.42 3357.77 3149.41 724.864 519.382 405.328 361.225 263.982 177.835 155.661 134.142 129.262 99.2319 87.9916
threshold=62.750000000000007 3.5000000000000004 56.250000000000007 58.750000000000007 67.750000000000014 0 1 2 54.250000000000007 54.250000000000007 60.250000000000007 57.250000000000007 57.750000000000007 54.250000000000007
decision_type=2 2 2 2 2 9 9 9 2 2 2 2 2 2
left_child=1 11 5 6 -2 8 -4 -5 -3 -7 -9 13 -8 -1
right_child=4 2 3 7 -6 9 12 10 -10 -11 -12 -13 -14 -15
leaf_value=-0.051939614895564416 -0.15542367788719702 0.080600967389538147 -0.016171285220384791 -0.081295621918362995 -0.34004477056963694 0.12747947745291252 0.043807468648818126 -0.015598236768063146 0.032979650363130004 0.08249475540280804 -0.053437454108499829 -0.17111633799292825 0.013409075365452669 -0.11444113912145282
leaf_weight=67 111 278 769 273 58 280 543 813 665 614 329 88 531 353
leaf_count=67 111 278 769 273 58 280 543 813 665 614 329 88 531 353
internal_value=-3.19951e-05 0.00656612 0.0187882 -0.0107301 -0.218785 0.0711402 0.00993502 -0.0376459 0.0465252 0.0955155 -0.0262693 -0.116016 0.0285126 -0.104471
internal_weight=5772 5603 5095 3258 169 1837 1843 1415 943 894 1142 508 1074 420
internal_count=5772 5603 5095 3258 169 1837 1843 1415 943 894 1142 508 1074 420
cat_boundaries=0 1 2 3
cat_threshold=16 18 16
is_linear=0
shrinkage=0.05


Tree=10
num_leaves=15
num_cat=3
split_feature=0 2 0 0 0 3 3 0 3 0 0 1 0 0
split_gain=3020.93 2963.39 3031.34 671.634 546.926 299.997 269.284 223.12 199.471 157.077 118.775 91.9641 91.8977 76.3221
threshold=64.250000000000014 3.5000000000000004 57.250000000000007 55.250000000000007 60.250000000000007 0 1 70.250000000000014 2 58.750000000000007 56.750000000000007 1595.0000000000002 53.250000000000007 52.750000000000007
decision_type=2 2 2 2 2 9 9 2 9 2 2 2 2 2
left_child=1 10 3 8 6 -5 9 -2 12 -4 11 -1 -3 -10
right_child=7 2 4 5 -6 -7 -8 -9 13 -11 -12 -13 -14 -15
leaf_value=-0.083954624636251418 -0.21293760913533052 0.10668726460687046 0.017229266429108433 0.0072568873359570244 -0.069782417636619229 0.054896845787060056 -0.039692679731299911 -0.36833125894719904 0.17641862324305946 -0.01482549515550525 -0.14865358107619817 -0.15214985881821586 0.051270926492428238 0.1003545649972746
leaf_weight=305 77 87 722 701 483 636 573 33 35 812 144 59 534 571
leaf_count=305 77 87 722 701 483 636 573 33 35 812 144 59 534 571
internal_value=-3.88379e-05 0.00500299 0.0163593 0.0548988 -0.0217932 0.0303837 -0.0107924 -0.259556 0.0816117 0.000259863 -0.110215 -0.0950082 0.058099 0.103047
internal_weight=5772 5662 5154 2564 2590 1337 2107 110 1227 1534 508 364 621 606
internal_count=5772 5662 5154 2564 2590 1337 2107 110 1227 1534 508 364 621 606
cat_boundaries=0 1 2 3
cat_threshold=18 12 16
is_linear=0
shrinkage=0.05


Tree=11
num_leaves=15
num_cat=3
split_feature=0 2 0 0 0 3 3 0 0 3 0 0 0 1
split_gain=2734.14 2735.7 2581.13 592.69 425.808 330.808 283.695 165.838 155.95 152.706 120.959 110.637 93.3012 92.7962
threshold=62.750000000000007 3.5000000000000004 56.250000000000007 59.250000000000007 67.750000000000014 0 1 57.750000000000007 54.750000000000007 2 54.250000000000007 54.250000000000007 57.750000000000007 1423.5000000000002
decision_type=2 2 2 2 2 9 9 2 2 9 2 2 2 2
left_child=1 11 5 6 -2 10 12 -8 -7 -5 -3 -1 -4 -13
right_child=4 2 3 9 -6 8 7 -9 -10 -11 -12 13 -14 -15
leaf_value=-0.044839549932017254 -0.14081019127556868 0.11507228831575667 -0.0060722746241014553 -0.08246049125492573 -0.30797496931306245 0.070714169248487016 0.039538198915305058 0.0045056300344033127 0.028249524408681066 -0.031325437322598897 0.075157723774759724 -0.10081733066120191 -0.04028196553201796 -0.15432171420516255
leaf_weight=67 111 277 534 190 58 330 543 894 627 779 603 334 318 107
leaf_count=67 111 277 534 190 58 330 543 894 627 779 603 334 318 107
internal_value=-3.49506e-05 0.00594159 0.0169736 -0.00974919 -0.19818 0.0643676 0.00412626 0.0176208 0.0424489 -0.0425262 0.0867361 -0.104704 -0.0186221 -0.113799
internal_weight=5772 5603 5095 3258 169 1837 2289 1437 957 969 880 508 852 441
internal_count=5772 5603 5095 3258 169 1837 2289 1437 957 969 880 508 852 441
cat_boundaries=0 1 2 3
cat_threshold=4 18 16
is_linear=0
shrinkage=0.05


Tree=12
num_leaves=15
num_cat=3
split_feature=0 0 2 2 0 3 3 3 0 0 0 0 0 0
split_gain=2486.41 2073.42 1504.36 1370.09 797.669 300.078 239.744 202.115 189.526 152.272 115.088 93.5318 82.544 77.2965
threshold=55.750000000000007 64.250000000000014 3.5000000000000004 3.5000000000000004 58.750000000000007 0 1 2 71.500000000000014 60.750000000000007 57.250000000000007 53.250000000000007 57.250000000000007 53.750000000000007
decision_type=2 2 2 2 2 9 9 9 2 2 2 2 2 2
left_child=2 3 -1 -2 5 12 -6 11 -3 -8 -7 -4 -5 -9
right_child=1 8 7 4 6 10 9 13 -10 -11 -12 -13 -14 -15
leaf_value=-0.072727030033831588 -0.11877735992104321 -0.20325002360544847 0.097817197202265949 0.003176856782697773 -0.076056906896627557 0.046570935514638458 -0.015367192284682314 0.13397917441007764 -0.3702421710604713 -0.058419629068565418 0.015676455122430294 0.042583290565620116 -0.026401042932544957 0.083991081783034161
leaf_weight=213 295 89 87 590 285 517 925 88 21 264 723 644 393 638
leaf_count=213 295 89 87 590 285 517 925 88 21 264 723 644 393 638
internal_value=-4.30595e-05 -0.0209819 0.0513888 -0.0150811 -0.00680666 0.0121053 -0.0353285 0.0695334 -0.23513 -0.0247185 0.028329 0.0484936 -0.00856119 0.0888267
internal_weight=5772 4102 1670 3992 3697 2223 1474 1457 110 1189 1240 731 983 726
internal_count=5772 4102 1670 3992 3697 2223 1474 1457 110 1189 1240 731 983 726
cat_boundaries=0 1 2 3
cat_threshold=18 16 16
is_linear=0
shrinkage=0.05


Tree=13
num_leaves=15
num_cat=3
split_feature=0 2 0 0 0 3 3 3 0 0 0 1 0 0
split_gain=2251.24 2249.95 2060.85 455.409 421.555 269.396 239.582 197.051 131.848 102.654 102.029 70.7633 68.9059 68.0063
threshold=62.250000000000007 3.5000000000000004 56.250000000000007 58.750000000000007 67.750000000000014 0 1 2 54.250000000000007 54.750000000000007 57.250000000000007 1595.0000000000002 71.500000000000014 60.250000000000007
decision_type=2 2 2 2 2 9 9 9 2 2 2 2 2 2
left_child=1 10 5 6 -2 9 -4 -5 -7 -3 11 -1 -6 -9
right_child=4 2 3 7 12 8 -8 13 -10 -11 -12 -13 -14 -15
leaf_value=-0.074981586887824067 -0.11891504863558484 0.10081381997351802 -0.013141996533979348 -0.067672989760462099 -0.23833303934818992 0.067566275542926754 0.023248846101320289 -0.012540807721874051 0.026815483722761387 0.065722331008744778 -0.14344889961860396 -0.12974074063166766 -0.35173005944206603 -0.040227457080341755
leaf_weight=349 139 339 769 269 37 281 1074 813 676 541 88 71 21 305
leaf_count=349 139 339 769 269 37 281 1074 813 676 541 88 71 21 305
internal_value=-4.74948e-05 0.00582237 0.0158799 -0.0081677 -0.166162 0.0581628 0.00811944 -0.0298095 0.0383799 0.0783502 -0.0944954 -0.0842385 -0.279391 -0.0199158
internal_weight=5772 5575 5067 3230 197 1837 1843 1387 957 880 508 420 58 1118
internal_count=5772 5575 5067 3230 197 1837 1843 1387 957 880 508 420 58 1118
cat_boundaries=0 1 2 3
cat_threshold=4 18 16
is_linear=0
shrinkage=0.05


Tree=14
num_leaves=15
num_cat=3
split_feature=0 0 2 2 0 3 0 3 0 3 0 0 0 0
split_gain=2049.27 1704.04 1216.5 1125.09 651.173 225.451 182.402 164.114 153.824 141.391 104.084 86.6422 80.0453 69.7572
threshold=55.750000000000007 64.250000000000014 3.5000000000000004 3.5000000000000004 59.250000000000007 0 57.750000000000007 1 70.250000000000014 2 57.250000000000007 61.250000000000007 53.750000000000007 52.750000000000007
decision_type=2 2 2 2 2 9 2 9 2 9 2 2 2 2
left_child=2 3 -1 -2 5 10 -7 12 -3 -6 -5 -11 -4 -9
right_child=1 8 7 4 9 6 -8 13 -10 11 -12 -13 -14 -15
leaf_value=-0.06496882394389053 -0.10767839394383512 -0.17448965363785046 0.085906180857431777 0.0029504611040070908 -0.077316726048318851 0.037650344859626761 0.0036909339191226426 0.15032615355082923 -0.30351532625429556 -0.021510856816450419 -0.028477072314468818 -0.060976191260720382 0.037958702141980806 0.077972587481324393
leaf_weight=213 295 77 101 590 202 709 894 35 33 649 476 177 630 691
leaf_count=213 295 77 101 590 202 709 894 35 33 649 476 177 630 691
internal_value=-5.0107e-05 -0.0190594 0.0466423 -0.01371 -0.00621179 0.00681134 0.018595 0.0629588 -0.213197 -0.0400238 -0.0109798 -0.0296092 0.0439818 0.0803539
internal_weight=5772 4102 1670 3992 3697 2669 1603 1457 110 1028 1066 826 731 726
internal_count=5772 4102 1670 3992 3697 2669 1603 1457 110 1028 1066 826 731 726
cat_boundaries=0 1 2 3
cat_threshold=18 16 16
is_linear=0
shrinkage=0.05


Tree=15
num_leaves=15
num_cat=3
split_feature=0 0 2 2 0 3 3 3 0 0 0 0 0 0
split_gain=1850.03 1537.73 1097.89 1015.17 590.571 222.594 181.985 148.112 140.739 111.3 90.7124 72.9614 72.6932 62.9559
threshold=55.750000000000007 64.250000000000014 3.5000000000000004 3.5000000000000004 58.750000000000007 0 1 2 71.500000000000014 60.750000000000007 57.250000000000007 60.750000000000007 53.250000000000007 52.750000000000007
decision_type=2 2 2 2 2 9 9 9 2 2 2 2 2 2
left_child=2 3 -1 -2 5 -5 11 12 -3 -8 -7 -6 -4 -9
right_child=1 8 7 4 6 10 9 13 -10 -11 -12 -13 -14 -15
leaf_value=-0.061720382862072876 -0.10229447437039876 -0.17506516649481957 0.085252716349459245 -0.0074373427037551084 -0.054763738065958023 0.040523078691437703 -0.013223132966287635 0.14280984648636411 -0.31896778969537642 -0.050030638052108278 0.013094729740210627 -0.11573038725625902 0.036558999475207389 0.074073956177776137
leaf_weight=213 295 89 87 983 222 517 925 35 21 264 723 63 644 691
leaf_count=213 295 89 87 983 222 517 925 35 21 264 723 63 644 691
internal_value=-5.42992e-05 -0.0181159 0.0443102 -0.0130341 -0.00591166 0.0103611 -0.0304532 0.0598109 -0.202537 -0.0212173 0.0243343 -0.0659273 0.0417827 0.0763362
internal_weight=5772 4102 1670 3992 3697 2223 1474 1457 110 1189 1240 285 731 726
internal_count=5772 4102 1670 3992 3697 2223 1474 1457 110 1189 1240 285 731 726
cat_boundaries=0 1 2 3
cat_threshold=18 16 16
is_linear=0
shrinkage=0.05


Tree=16
num_leaves=15
num_cat=3
split_feature=0 2 0 0 0 3 3 3 1 0 0 1 0 0
split_gain=1680.11 1688.31 1462.36 414.224 391.478 191.98 164.019 133.671 87.7009 65.7419 62.2751 59.5383 58.9129 56.2973
threshold=61.750000000000007 3.5000000000000004 55.750000000000007 67.750000000000014 58.250000000000007 0 1 2 1423.5000000000002 53.750000000000007 64.250000000000014 1519.0000000000002 53.750000000000007 56.750000000000007
decision_type=2 2 2 2 2 9 9 9 2 2 2 2 2 2
left_child=1 8 7 10 5 -4 -6 9 13 -3 11 -2 -9 -1
right_child=3 2 4 -5 6 -7 -8 12 -10 -11 -12 -13 -14 -15
leaf_value=-0.058404735728428026 -0.090877906965502242 0.077685718312121857 -0.0039872829367165828 -0.24166761862820596 -0.011917154312409112 0.027944398271664977 -0.050435328345704182 0.11186922006309033 -0.11920840338450567 0.034232817091757343 -0.13747009931562038 -0.015783156191601474 0.068228503388825662 -0.10145633455040387
leaf_weight=289 118 101 891 58 1316 990 348 88 116 630 52 34 638 103
leaf_count=289 118 101 891 58 1316 990 348 88 116 630 52 34 638 103
internal_value=-5.22284e-05 0.00583011 0.0146504 -0.123761 -0.00268156 0.0129462 -0.0203474 0.0568203 -0.081018 0.0396936 -0.0902386 -0.0740804 0.0725194 -0.0697168
internal_weight=5772 5510 5002 262 3545 1881 1664 1457 508 731 204 152 726 392
internal_count=5772 5510 5002 262 3545 1881 1664 1457 508 731 204 152 726 392
cat_boundaries=0 1 2 3
cat_threshold=18 12 16
is_linear=0
shrinkage=0.05


Tree=17
num_leaves=15
num_cat=3
split_feature=0 2 0 0 0 3 3 3 0 1 1 0 0 0
split_gain=1529.35 1626.88 1102.7 628.836 217.472 153.414 122.461 120.639 107.616 81.3482 62.0252 59.7155 55.5204 46.9248
threshold=60.250000000000007 3.5000000000000004 55.750000000000007 64.750000000000014 57.750000000000007 0 1 2 71.500000000000014 1423.5000000000002 1265.0000000000002 53.250000000000007 54.250000000000007 54.750000000000007
decision_type=2 2 2 2 2 9 9 9 2 2 2 2 2 2
left_child=1 9 7 10 5 -4 -6 11 -5 13 -2 -3 -9 -1
right_child=3 2 4 8 6 -7 -8 12 -10 -11 -12 -13 -14 -15
leaf_value=-0.025663175764343432 -0.069625439616526799 0.07710579131869065 -0.00018605608787967536 -0.16358980063018921 -0.0028027466020599211 0.032260820641822244 -0.033678213280954349 0.087293221804180324 -0.29093601249513174 -0.11324798352534658 -0.034174441985992919 0.032972176685301668 0.058886684701180782 -0.073095087295897851
leaf_weight=62 261 87 748 79 1342 709 415 280 21 116 234 644 446 328
leaf_count=62 261 87 748 79 1342 709 415 280 21 116 234 644 446 328
internal_value=-5.2943e-05 0.00867234 0.0178976 -0.0759703 0.00154074 0.0158233 -0.0103031 0.0539793 -0.190333 -0.0764883 -0.0528668 0.0377089 0.0688934 -0.0655546
internal_weight=5772 5177 4671 595 3214 1457 1757 1457 100 506 495 731 726 390
internal_count=5772 5177 4671 595 3214 1457 1757 1457 100 506 495 731 726 390
cat_boundaries=0 1 2 3
cat_threshold=18 12 16
is_linear=0
shrinkage=0.05


Tree=18
num_leaves=15
num_cat=4
split_feature=0 2 0 0 0 3 3 3 0 3 1 0 0 0
split_gain=1392.77 1475.75 881.301 675.791 151.27 116.32 108.876 108.606 97.1238 85.6342 75.2253 53.9938 51.8309 45.3856
threshold=59.750000000000007 3.5000000000000004 55.750000000000007 64.750000000000014 57.250000000000007 0 1 2 71.500000000000014 3 1423.5000000000002 53.750000000000007 52.750000000000007 58.750000000000007
decision_type=2 2 2 2 2 9 9 9 2 9 2 2 2 2
left_child=1 10 6 9 7 13 11 -4 -5 -2 -1 -3 -8 -6
right_child=3 2 4 8 5 -7 12 -9 -10 -11 -12 -13 -14 -15
leaf_value=-0.060752246820938376 -0.031802166743619631 0.070252019122685541 0.0033270809209595127 -0.15541030975836745 0.011406450391001485 -0.024783543129715157 0.12571123634065903 0.034813292952964835 -0.27638921680904571 -0.074297045154611496 -0.10687864869002901 0.030872567359594601 0.063343546998063063 -0.007159550368077746
leaf_weight=382 595 101 590 79 722 520 35 517 21 169 115 630 691 605
leaf_count=382 595 101 590 79 722 520 35 517 21 169 115 630 691 605
internal_value=-5.06777e-05 0.0102544 0.0194575 -0.0585892 0.00376151 -0.00499802 0.0512803 0.0183766 -0.180816 -0.0425909 -0.0714254 0.0358234 0.0654488 0.00291992
internal_weight=5772 4908 4411 864 2954 1847 1457 1107 100 764 497 731 726 1327
internal_count=5772 4908 4411 864 2954 1847 1457 1107 100 764 497 731 726 1327
cat_boundaries=0 1 2 3 4
cat_threshold=12 16 18 4
is_linear=0
shrinkage=0.05


Tree=19
num_leaves=15
num_cat=4
split_feature=0 2 0 0 0 0 3 3 3 0 3 0 0 0
split_gain=1273.2 1272.1 1037.84 364.749 208.12 139.744 124.489 104.958 91.8641 79.4017 62.3475 56.6567 53.4538 47.0091
threshold=61.250000000000007 3.5000000000000004 56.750000000000007 67.750000000000014 54.750000000000007 58.750000000000007 0 1 2 57.250000000000007 3 54.250000000000007 64.250000000000014 55.250000000000007
decision_type=2 2 2 2 2 2 9 9 9 2 9 2 2 2
left_child=1 9 4 12 -3 7 -6 -4 -7 10 11 -1 -2 -12
right_child=3 2 5 -5 6 8 -8 -9 -10 -11 13 -13 -14 -15
leaf_value=-0.037331003916230711 -0.060340854097515918 0.062715954042940503 0.014272783222227182 -0.20913869368618934 0.044450037667250385 -0.046279672087092272 0.014849957821069093 -0.012214725922311331 -0.01199880141385903 -0.11278777773788369 0.0077286050714393886 -0.097585062832145186 -0.1166842273508127 -0.049313802711474591
leaf_weight=51 221 669 904 58 695 241 788 624 1012 88 47 166 52 156
leaf_count=51 221 669 904 58 695 241 788 624 1012 88 47 166 52 156
internal_value=-5.61775e-05 0.00573584 0.0134942 -0.0952657 0.0395653 -0.00668025 0.0291217 0.00346936 -0.0190574 -0.0696024 -0.0605541 -0.0797489 -0.0710729 -0.0344118
internal_weight=5772 5441 4933 331 2152 2781 1483 1528 1253 508 420 217 273 203
internal_count=5772 5441 4933 331 2152 2781 1483 1528 1253 508 420 217 273 203
cat_boundaries=0 1 2 3 4
cat_threshold=4 4 16 2
is_linear=0
shrinkage=0.05


Tree=20
num_leaves=15
num_cat=4
split_feature=0 2 0 0 0 0 3 3 0 0 3 3 0 0
split_gain=1150.7 1103.84 1043.85 209.734 190.531 187.593 112.53 98.5462 71.6601 67.518 56.4673 56.2686 51.1327 43.9274
threshold=62.250000000000007 3.5000000000000004 56.750000000000007 67.750000000000014 59.750000000000007 54.750000000000007 0 1 57.250000000000007 58.250000000000007 2 3 54.250000000000007 52.750000000000007
decision_type=2 2 2 2 2 2 9 9 2 2 9 9 2 2
left_child=1 8 5 -2 7 13 -7 9 11 -4 -6 12 -1 -3
right_child=3 2 4 -5 10 6 -8 -9 -10 -11 -12 -13 -14 -15
leaf_value=-0.035464452937537548 -0.085489584985959655 0.092077104293016923 0.017792264846136826 -0.19868176096472248 -0.059504834078736128 0.042259060325140652 0.014116764196543664 -0.016315810362890804 -0.10714839026331902 -0.0034234871202977707 -0.022700247502532498 -0.0326911895737017 -0.092705809560615623 0.054528818833955363
leaf_weight=51 139 90 668 58 144 695 788 736 88 855 512 203 166 579
leaf_count=51 139 90 668 58 144 695 788 736 88 855 512 203 166 579
internal_value=-5.31018e-05 0.00414351 0.0111881 -0.118815 -0.00831105 0.0376008 0.0276856 -0.00142251 -0.0661223 0.00584354 -0.0320324 -0.0575264 -0.0757615 0.0595802
internal_weight=5772 5575 5067 197 2915 2152 1483 2259 508 1523 656 420 217 669
internal_count=5772 5575 5067 197 2915 2152 1483 2259 508 1523 656 420 217 669
cat_boundaries=0 1 2 3 4
cat_threshold=4 12 16 2
is_linear=0
shrinkage=0.05


Tree=21
num_leaves=15
num_cat=3
split_feature=0 0 2 2 0 3 0 0 3 3 0 0 1 0
split_gain=1046.22 840.391 589.248 560.224 324.16 116.456 109.699 90.1714 88.8713 76.0839 61.2049 43.5976 42.3603 40.2239
threshold=55.750000000000007 63.750000000000007 3.5000000000000004 3.5000000000000004 59.250000000000007 0 70.250000000000014 57.750000000000007 1 2 57.750000000000007 53.750000000000007 1423.5000000000002 52.750000000000007
decision_type=2 2 2 2 2 9 2 2 9 9 2 2 2 2
left_child=3 2 12 -1 5 10 -3 -7 13 -6 -4 -10 -2 -5
right_child=1 6 4 8 9 7 -8 -9 11 -11 -12 -13 -14 -15
leaf_value=-0.042435652448494038 -0.066623318987599323 -0.1127192006228452 -5.9609280844383385e-05 0.072065125747837799 -0.055815216433928498 0.026858496516207378 -0.21868191939411741 0.0029815276595086728 0.090894717570732947 -0.020603166588492702 -0.026246110867685492 0.053352677192667432 -0.11033006169506021 0.027600327665096472
leaf_weight=213 221 94 748 55 198 709 33 894 88 813 318 638 74 676
leaf_count=213 221 94 748 55 198 709 33 894 88 813 318 638 74 676
internal_value=-5.69293e-05 -0.0136394 -0.00959417 0.0333056 -0.00414366 0.00498962 -0.140253 0.0134583 0.0443783 -0.0282552 -0.00779819 0.0571165 -0.077587 0.0305282
internal_weight=5772 4102 3975 1670 3680 2669 127 1603 1457 1011 1066 726 295 731
internal_count=5772 4102 3975 1670 3680 2669 127 1603 1457 1011 1066 726 295 731
cat_boundaries=0 1 2 3
cat_threshold=18 16 16
is_linear=0
shrinkage=0.05


Tree=22
num_leaves=15
num_cat=4
split_feature=0 2 0 0 0 0 3 3 3 0 3 0 0 0
split_gain=961.829 937.614 772.92 266.217 142.912 118.807 92.1312 86.4496 66.5469 62.0712 54.6878 44.8123 40.1459 38.6705
threshold=61.250000000000007 3.5000000000000004 56.250000000000007 67.750000000000014 58.250000000000007 54.750000000000007 0 1 2 57.250000000000007 3 54.250000000000007 55.250000000000007 64.250000000000014
decision_type=2 2 2 2 2 2 9 9 9 2 9 2 2 2
left_child=1 9 5 13 7 -3 -6 -4 -7 10 11 -1 -12 -2
right_child=3 2 4 -5 6 8 -8 -9 -10 -11 12 -13 -14 -15
leaf_value=-0.031569449333291429 -0.053016637478495755 0.054129348819454519 0.018341051858482942 -0.18009725367200788 -0.0075933386222241843 0.040526632664424328 -0.03700663145566576 -0.0056465087362147608 0.015743691438817809 -0.097888637748970234 0.011098516914755741 -0.085156417377741947 -0.041615683479139055 -0.10093957728777941
leaf_weight=51 221 669 815 58 1261 541 334 686 627 88 47 166 156 52
leaf_count=51 221 669 815 58 1261 541 334 686 627 88 47 166 156 52
internal_value=-6.07027e-05 0.0049735 0.0116342 -0.0828132 -0.00361112 0.0373279 -0.0140322 0.00746262 0.0277045 -0.059706 -0.0517058 -0.0693657 -0.0280301 -0.0621448
internal_weight=5772 5441 4933 331 3096 1837 1595 1501 1168 508 420 217 203 273
internal_count=5772 5441 4933 331 3096 1837 1595 1501 1168 508 420 217 203 273
cat_boundaries=0 1 2 3 4
cat_threshold=12 4 4 2
is_linear=0
shrinkage=0.05


Tree=23
num_leaves=15
num_cat=3
split_feature=0 2 0 0 0 3 3 0 3 1 1 0 0 0
split_gain=876.462 884.937 616.069 334.818 149.116 81.026 77.391 70.2181 63.654 58.9468 52.1968 39.8153 34.7486 33.0947
threshold=60.250000000000007 3.5000000000000004 55.250000000000007 64.750000000000014 57.250000000000007 0 1 71.500000000000014 2 1423.5000000000002 1265.0000000000002 58.750000000000007 52.250000000000007 61.750000000000007
decision_type=2 2 2 2 2 9 9 2 9 2 2 2 2 2
left_child=1 9 8 10 5 -4 11 -5 -3 -1 13 -6 -10 -2
right_child=3 2 4 7 6 -7 -8 -9 12 -11 -12 -13 -14 -15
leaf_value=-0.046951274255448094 -0.04290613084370215 0.030659779003140902 0.0035637320473832085 -0.11937391631588151 0.008695898174696506 0.028314369201844693 -0.021265817147329783 -0.22223977588471913 0.11326000484136434 -0.087550152539564621 -0.023521428143518031 -0.0074425167924830034 0.054175401400325118 -0.080173786523063562
leaf_weight=390 169 621 701 79 722 636 573 21 26 116 234 812 580 92
leaf_count=390 169 621 701 79 722 636 573 21 26 116 234 812 580 92
internal_value=-5.5557e-05 0.00654975 0.0133536 -0.0575272 0.00251511 0.0155758 -0.00577259 -0.140976 0.0437757 -0.0562585 -0.040669 0.000152276 0.0557898 -0.0560426
internal_weight=5772 5177 4671 595 3444 1337 2107 100 1227 506 495 1534 606 261
internal_count=5772 5177 4671 595 3444 1337 2107 100 1227 506 495 1534 606 261
cat_boundaries=0 1 2 3
cat_threshold=18 12 16
is_linear=0
shrinkage=0.05


Tree=24
num_leaves=15
num_cat=4
split_feature=0 2 0 0 0 3 3 3 3 0 1 0 0 1
split_gain=791.111 798.763 556.313 304.215 135.041 89.1487 71.0279 64.072 57.295 55.1154 49.1059 47.7201 45.8046 37.8445
threshold=60.250000000000007 3.5000000000000004 55.250000000000007 65.750000000000014 57.750000000000007 0 1 2 3 54.250000000000007 1405.0000000000002 71.500000000000014 62.750000000000007 1960.0000000000002
decision_type=2 2 2 2 2 9 9 9 9 2 2 2 2 2
left_child=1 9 8 6 5 -4 13 -6 -3 -1 -11 -5 -8 -2
right_child=3 2 4 11 7 -7 12 -9 -10 10 -12 -13 -14 -15
leaf_value=-0.011205376049420283 -0.032343145933769211 0.029151084824729414 0.0010504528244590801 -0.12295774856680318 -0.0018877547830064264 0.024064784313981069 -0.06434848681860364 -0.024217988077331994 0.053000273537525733 -0.050340111428179596 -0.089167935925501374 -0.21112779265358333 -0.140249680519104 0.036637102138428461
leaf_weight=67 374 621 859 57 1342 828 97 415 606 331 108 21 25 21
leaf_count=67 374 621 859 57 1342 828 97 415 606 331 108 21 25 21
internal_value=-4.9204e-05 0.00622625 0.0126904 -0.0546509 0.0023909 0.012495 -0.040764 -0.00731069 0.0415994 -0.0534456 -0.0598923 -0.146696 -0.0738488 -0.0279678
internal_weight=5772 5177 4671 595 3444 1687 517 1757 1227 506 439 78 122 395
internal_count=5772 5177 4671 595 3444 1687 517 1757 1227 506 439 78 122 395
cat_boundaries=0 1 2 3 4
cat_threshold=18 4 12 16
is_linear=0
shrinkage=0.05


Tree=25
num_leaves=15
num_cat=4
split_feature=0 2 0 0 0 3 3 1 0 3 0 0 3 0
split_gain=720.279 718.667 451.177 329.378 98.6171 66.3393 61.2602 57.9665 56.8235 53.9973 66.0374 53.3568 51.8005 39.8826
threshold=59.750000000000007 3.5000000000000004 55.250000000000007 64.750000000000014 57.250000000000007 0 1 1290.0000000000002 71.500000000000014 2 55.250000000000007 56.250000000000007 3 61.750000000000007
decision_type=2 2 2 2 2 9 9 2 2 9 2 2 9 2
left_child=1 9 12 7 5 -4 -6 13 -5 10 -1 -11 -3 -2
right_child=3 2 4 8 6 -7 -8 -9 -10 11 -12 -13 -14 -15
leaf_value=-0.046738593832462844 -0.03570585990100042 0.027716629789838132 0.0033362677519939289 -0.10803537471337786 0.0021258156275130789 0.02573595320309971 -0.017978767464464567 -0.017480871143440404 -0.20057140531994047 -0.0014595909154561069 -0.099694789080392754 -0.04840313423517513 0.05039327864069492 -0.073618078684818969
leaf_weight=134 282 621 701 79 1327 636 520 390 21 97 105 161 606 92
leaf_count=134 282 621 701 79 1327 636 520 390 21 97 105 161 606 92
internal_value=-3.97133e-05 0.00737103 0.0137933 -0.0421369 0.00386651 0.0142091 -0.00362021 -0.0309679 -0.127468 -0.0496286 -0.0671925 -0.0296063 0.0395529 -0.0450319
internal_weight=5772 4908 4411 864 3184 1337 1847 764 100 497 239 258 1227 374
internal_count=5772 4908 4411 864 3184 1337 1847 764 100 497 239 258 1227 374
cat_boundaries=0 1 2 3 4
cat_threshold=18 12 2 16
is_linear=0
shrinkage=0.05


Tree=26
num_leaves=15
num_cat=5
split_feature=0 2 0 0 0 3 3 3 0 0 3 0 3 0
split_gain=650.309 648.82 407.902 297.264 89.1614 59.9702 55.3901 54.344 52.0372 51.4595 48.7326 59.5987 48.3516 48.1545
threshold=59.750000000000007 3.5000000000000004 55.250000000000007 64.750000000000014 57.250000000000007 0 1 2 52.750000000000007 70.250000000000014 3 55.250000000000007 4 56.250000000000007
decision_type=2 2 2 2 2 9 9 9 2 2 9 2 9 2
left_child=1 10 8 7 5 -4 -6 -2 -3 -5 11 -1 -10 -12
right_child=3 2 4 9 6 -7 -8 -9 12 -11 13 -13 -14 -15
leaf_value=-0.044401664149412302 -0.021077077271462966 0.074205658348898099 0.0031718006345761727 -0.09592227731734071 0.0020203197692056302 0.024469074488389697 -0.017096790100605982 -0.05432877545999415 0.045355732875025791 -0.17220186816923547 -0.0013866111615159042 -0.094710050196874715 0.022999793366621862 -0.045982977641371853
leaf_weight=134 595 90 701 67 1327 636 520 169 565 33 97 105 572 161
leaf_count=134 595 90 701 67 1327 636 520 169 565 33 97 105 572 161
internal_value=-2.98162e-05 0.00701178 0.013114 -0.04003 0.00367526 0.0135095 -0.00344349 -0.0294195 0.0376071 -0.121095 -0.0471472 -0.0638328 0.0347101 -0.028126
internal_weight=5772 4908 4411 864 3184 1337 1847 764 1227 100 497 239 1137 258
internal_count=5772 4908 4411 864 3184 1337 1847 764 1227 100 497 239 1137 258
cat_boundaries=0 1 2 3 4 5
cat_threshold=18 12 4 2 4
is_linear=0
shrinkage=0.05


Tree=27
num_leaves=15
num_cat=4
split_feature=0 2 0 0 0 0 3 3 0 3 0 3 1 1
split_gain=597.015 568.816 472.957 163.543 92.178 83.7532 62.0696 53.6483 53.4297 45.9419 41.5717 49.1222 34.783 27.2579
threshold=61.250000000000007 3.5000000000000004 56.250000000000007 67.750000000000014 58.250000000000007 54.250000000000007 0 1 58.250000000000007 2 53.750000000000007 3 1655.0000000000002 1762.5000000000002
decision_type=2 2 2 2 2 2 9 9 2 9 2 9 2 2
left_child=1 8 5 13 7 -3 -6 -4 10 -7 -1 -12 -13 -2
right_child=3 2 4 -5 6 9 -8 -9 -10 -11 11 12 -14 -15
leaf_value=0.026544699702589287 -0.053816985714435578 0.045388578069413009 0.014662634728603406 -0.14147427398069154 -0.0058905309598517759 0.032189959043646035 -0.030020932601981389 -0.0042374841718340354 -0.10897962042363361 0.012576200241228408 -0.062982865942849062 -0.020551925964868725 -0.082863625332713131 0.0030635684850099294
leaf_weight=21 250 558 815 58 1261 603 334 686 32 676 215 215 25 23
leaf_count=21 250 558 815 58 1261 603 334 686 32 676 215 215 25 23
internal_value=-2.78477e-05 0.00393835 0.00912626 -0.0652244 -0.00279932 0.0292251 -0.0111687 0.00609419 -0.0464396 0.0221734 -0.0422352 -0.0454097 -0.025961 -0.0490249
internal_weight=5772 5441 4933 331 3096 1837 1595 1501 508 1279 476 455 240 273
internal_count=5772 5441 4933 331 3096 1837 1595 1501 508 1279 476 455 240 273
cat_boundaries=0 1 2 3 4
cat_threshold=12 4 4 2
is_linear=0
shrinkage=0.05


Tree=28
num_leaves=15
num_cat=3
split_feature=0 2 0 0 0 3 0 3 0 1 3 0 0 0
split_gain=539.713 523.432 403.083 175.513 95.7614 59.2628 55.7505 48.2544 46.8299 44.4831 43.4887 34.5703 31.7194 30.6695
threshold=60.750000000000007 3.5000000000000004 55.750000000000007 67.750000000000014 58.250000000000007 0 53.750000000000007 1 57.750000000000007 1265.0000000000002 2 55.250000000000007 55.250000000000007 63.250000000000007
decision_type=2 2 2 2 2 9 2 9 2 2 9 2 2 2
left_child=1 8 6 13 5 -4 -3 -6 10 -8 11 -1 -12 -2
right_child=3 2 4 -5 7 -7 9 -9 -10 -11 12 -13 -14 -15
leaf_value=-0.03960033691794014 -0.033395296368053405 0.056734850791420925 -0.0019870586869008135 -0.13440055952503766 -0.0047006566523467323 0.015758231956488452 0.016502566604269492 -0.026612509307953027 -0.082919891356532258 0.035510377313017927 0.016588255599577061 -0.07966593911250433 -0.029849074481705415 -0.067482757474131447
leaf_weight=134 295 189 891 58 1174 990 526 315 67 742 47 90 169 85
leaf_count=134 295 189 891 58 1174 990 526 315 67 742 47 90 169 85
internal_value=-3.02411e-05 0.00435102 0.00942722 -0.0533856 -7.32199e-05 0.00742578 0.0314015 -0.00954644 -0.043978 0.0276254 -0.0380482 -0.0533179 -0.018871 -0.0410201
internal_weight=5772 5334 4827 438 3370 1881 1457 1489 507 1268 440 224 216 380
internal_count=5772 5334 4827 438 3370 1881 1457 1489 507 1268 440 224 216 380
cat_boundaries=0 1 2 3
cat_threshold=18 12 2
is_linear=0
shrinkage=0.05


Tree=29
num_leaves=15
num_cat=2
split_feature=0 2 0 0 1 2 1 1 0 0 3 3 0 0
split_gain=490.685 478.845 304.925 220.757 81.9702 56.7091 48.8008 44.6398 42.8808 42.0093 41.7783 31.3154 30.9009 30.632
threshold=59.750000000000007 3.5000000000000004 55.250000000000007 64.750000000000014 1203.5000000000002 4.5000000000000009 1290.0000000000002 1423.5000000000002 71.500000000000014 52.750000000000007 0 1 55.250000000000007 61.750000000000007
decision_type=2 2 2 2 2 2 2 2 2 2 9 9 2 2
left_child=1 7 9 6 -4 -6 13 11 -5 -3 -11 -1 -13 -2
right_child=3 2 4 8 5 -7 -8 -9 -10 10 -12 12 -14 -15
leaf_value=-0.046946251877428347 -0.030363480596149225 0.065389204588201313 -0.0058479710484377638 -0.087753370739048042 -0.0022827962928788129 0.016643814334579683 -0.013257545906190688 -0.067751544352782814 -0.16813899761154538 0.039717589587297132 0.019178242955910512 0.024109905232724393 -0.025988163270148232 -0.063589246554867085
leaf_weight=182 282 90 1407 79 595 1182 390 115 21 565 572 38 162 92
leaf_count=182 282 90 1407 79 595 1182 390 115 21 565 572 38 162 92
internal_value=-3.02486e-05 0.00608639 0.0113287 -0.0347761 0.00316791 0.0103065 -0.0256324 -0.0404407 -0.104634 0.0325056 0.0299027 -0.0322188 -0.0156853 -0.0385367
internal_weight=5772 4908 4411 864 3184 1777 764 497 100 1227 1137 382 200 374
internal_count=5772 4908 4411 864 3184 1777 764 497 100 1227 1137 382 200 374
cat_boundaries=0 1 2
cat_threshold=4 2
is_linear=0
shrinkage=0.05


Tree=30
num_leaves=15
num_cat=3
split_feature=0 0 2 3 0 0 3 1 0 2 1 0 3 0
split_gain=446.425 349.588 266.81 225.912 130.454 68.0068 57.6441 53.8327 52.4118 38.8396 34.0316 30.4658 25.1308 23.0304
threshold=55.750000000000007 62.750000000000007 3.5000000000000004 0 58.750000000000007 68.250000000000014 1 1290.0000000000002 53.750000000000007 4.5000000000000009 1207.0000000000002 58.250000000000007 2 57.250000000000007
decision_type=2 2 2 9 2 2 9 2 2 2 2 2 9 2
left_child=3 2 11 -1 6 -3 -4 12 -5 -10 -11 -2 -6 -8
right_child=1 5 4 8 7 -7 13 -9 9 10 -12 -13 -14 -15
leaf_value=-0.035099143674597148 -0.046002504969291931 -0.060208529897875368 -0.0036711293459313755 0.052033872387994451 -0.041726368085242986 -0.13196689524584346 0.020657334027936181 -0.0049151586605519649 0.0085563347333623557 0.017245155182690958 0.036050143061134562 -0.097672049351967882 -0.017656389212118477 0.0068370484947941866
leaf_weight=152 263 124 983 193 162 45 517 755 307 390 628 32 498 723
leaf_count=152 263 124 983 193 162 45 517 755 307 390 628 32 498 723
internal_value=-2.77011e-05 -0.00890011 -0.00587437 0.0217655 -0.00216595 -0.0793158 0.00538803 -0.0140334 0.0275094 0.0241448 0.0288459 -0.0516073 -0.0244642 0.0124984
internal_weight=5772 4102 3933 1670 3638 169 2223 1415 1518 1325 1018 295 660 1240
internal_count=5772 4102 3933 1670 3638 169 2223 1415 1518 1325 1018 295 660 1240
cat_boundaries=0 1 2 3
cat_threshold=2 18 16
is_linear=0
shrinkage=0.05


Tree=31
num_leaves=15
num_cat=4
split_feature=0 2 0 0 3 0 0 3 0 3 3 1 1 0
split_gain=408.439 397.779 276.995 151.523 79.0308 75.0987 56.2343 49.17 40.0712 38.4648 37.2219 36.3091 25.8223 25.556
threshold=60.250000000000007 3.5000000000000004 55.250000000000007 67.750000000000014 0 57.750000000000007 62.750000000000007 1 54.250000000000007 2 3 1405.0000000000002 1960.0000000000002 52.250000000000007
decision_type=2 2 2 2 9 2 2 9 2 9 9 2 2 2
left_child=1 8 9 4 12 7 -6 -4 -1 -3 -7 -10 -2 -11
right_child=3 2 5 -5 6 10 -8 -9 11 13 -12 -13 -14 -15
leaf_value=-0.0016185370955004623 -0.022080312207174716 0.019548577063299256 0.00080326092842070368 -0.11604345006354411 -0.050461999485365207 -0.0013348384664570306 -0.12782068579427658 0.017895778072308882 -0.034918459675632126 0.087739724162607821 -0.018352685644346126 -0.068305974126000091 0.032454199765039528 0.037069596743676818
leaf_weight=67 386 621 859 58 97 1342 31 828 331 26 415 108 23 580
leaf_count=67 386 621 859 58 97 1342 31 828 331 26 415 108 23 580
internal_value=-3.48186e-05 0.00447428 0.00903594 -0.0392678 -0.0309754 0.00176832 -0.064183 0.00930332 -0.0376354 0.029435 -0.00546647 -0.0431322 -0.0185598 0.0386065
internal_weight=5772 5177 4671 595 537 3444 128 1687 506 1227 1757 439 409 606
internal_count=5772 5177 4671 595 537 3444 128 1687 506 1227 1757 439 409 606
cat_boundaries=0 1 2 3 4
cat_threshold=4 18 16 12
is_linear=0
shrinkage=0.05


Tree=32
num_leaves=15
num_cat=3
split_feature=0 2 0 0 1 1 2 1 0 3 3 0 3 1
split_gain=371.099 365.687 197.281 185.264 60.5297 47.3782 44.7992 37.8003 37.6361 35.9273 34.6411 26.4242 25.388 25.3177
threshold=59.250000000000007 3.5000000000000004 55.250000000000007 64.250000000000014 1203.5000000000002 1290.0000000000002 4.5000000000000009 1207.0000000000002 71.500000000000014 0 1 61.750000000000007 2 2008.0000000000002
decision_type=2 2 2 2 2 2 2 2 2 9 9 2 9 2
left_child=1 7 10 5 12 11 13 9 -5 -1 -3 -2 -4 -6
right_child=3 2 4 8 6 -7 -8 -9 -10 -11 -12 -13 -14 -15
leaf_value=-0.0002488929890376285 -0.024798287260346115 0.018586638468581881 -0.01170724282487122 -0.0729159266279822 0.0012610633368151788 -0.0085931578122342006 0.016349305998947888 -0.049569140292753999 -0.14733152872040159 -0.03731499659613921 0.036676167601919073 -0.055518324260732957 0.0023819263057556356 -0.04755911890949522
leaf_weight=123 420 621 580 89 515 539 1080 224 21 146 606 84 696 28
leaf_count=123 420 621 580 89 515 539 1080 224 21 146 606 84 696 28
internal_value=-3.14698e-05 0.00630274 0.0111658 -0.0254068 0.00405292 -0.0188979 0.0104591 -0.034397 -0.0871225 -0.021763 0.0279712 -0.0299183 -0.00409532 -0.00125637
internal_weight=5772 4619 4126 1153 2899 1043 1623 493 110 269 1227 504 1276 543
internal_count=5772 4619 4126 1153 2899 1043 1623 493 110 269 1227 504 1276 543
cat_boundaries=0 1 2 3
cat_threshold=5 16 18
is_linear=0
shrinkage=0.05


Tree=33
num_leaves=15
num_cat=3
split_feature=0 2 0 2 0 3 3 0 3 0 0 0 1 0
split_gain=340.545 311.353 215.88 100.348 96.4038 64.9517 52.8194 46.6009 36.519 33.9666 31.3769 28.709 24.1349 23.075
threshold=57.750000000000007 3.5000000000000004 64.250000000000014 3.5000000000000004 54.750000000000007 0 1 60.750000000000007 2 71.500000000000014 59.250000000000007 55.250000000000007 1207.0000000000002 52.250000000000007
decision_type=2 2 2 2 2 9 9 2 9 2 2 2 2 2
left_child=1 8 3 -2 13 10 -6 -7 11 -4 -5 -1 -10 -3
right_child=2 4 9 5 6 7 -8 -9 12 -11 -12 -13 -14 -15
leaf_value=-0.029908772702537369 -0.07090903430191034 0.059811546317708325 -0.069270130096191776 0.0020275672995730453 0.0036691534691745391 -0.01940578508286175 0.019091635604584066 -0.064948803337756544 0.0051497340460519986 -0.13996495235533943 -0.011501582601170951 -0.066420253349675079 -0.028347596728607368 0.029662448016052168
leaf_weight=134 68 71 89 893 1158 459 1087 64 101 21 824 90 115 598
leaf_count=134 68 71 89 893 1158 459 1087 64 101 21 824 90 115 598
internal_value=-2.9171e-05 0.0102828 -0.0143328 -0.0110713 0.0162024 -0.00925476 0.0112379 -0.0245103 -0.0289215 -0.0827664 -0.00443931 -0.0426735 -0.0121232 0.0328621
internal_weight=5772 3354 2418 2308 2914 2240 2245 523 440 110 1717 224 216 669
internal_count=5772 3354 2418 2308 2914 2240 2245 523 440 110 1717 224 216 669
cat_boundaries=0 1 2 3
cat_threshold=12 18 2
is_linear=0
shrinkage=0.05


Tree=34
num_leaves=15
num_cat=3
split_feature=0 0 2 3 0 0 3 0 3 2 1 0 1 2
split_gain=310.597 238.633 189.889 153.965 84.4623 53.6428 50.2346 40.345 36.5118 28.0239 29.1878 25.9938 23.2701 18.5944
threshold=55.750000000000007 62.250000000000007 3.5000000000000004 0 58.250000000000007 68.250000000000014 1 53.750000000000007 2 4.5000000000000009 1207.0000000000002 58.250000000000007 1216.0000000000002 4.5000000000000009
decision_type=2 2 2 9 2 2 9 2 9 2 2 2 2 2
left_child=3 2 11 -1 8 -3 -6 -5 -4 -9 -11 -2 -8 -14
right_child=1 5 4 7 6 -7 12 9 -10 10 -12 -13 13 -15
leaf_value=-0.02880219198234471 -0.038110638390022544 -0.046922648710345752 -0.0016203984861095724 0.044401446653655467 -0.02590963474348993 -0.10907116351856126 -0.012353530666396587 0.0066912548598326771 0.012307172255963087 0.013182321974816613 0.030597669583786825 -0.08583747960801702 -0.011609603116966887 0.0056969426852574046
leaf_weight=152 263 152 891 193 360 45 607 307 990 390 628 32 217 545
leaf_count=152 263 152 891 193 360 45 607 307 990 390 628 32 217 545
internal_value=-2.57408e-05 -0.00742632 -0.00471762 0.0181522 -0.00156577 -0.061119 -0.00954286 0.0228928 0.00576672 0.0199326 0.0239258 -0.0432878 -0.00501308 0.000768438
internal_weight=5772 4102 3905 1670 3610 197 1729 1518 1881 1325 1018 295 1369 762
internal_count=5772 4102 3905 1670 3610 197 1729 1518 1881 1325 1018 295 1369 762
cat_boundaries=0 1 2 3
cat_threshold=2 16 18
is_linear=0
shrinkage=0.05


Tree=35
num_leaves=15
num_cat=3
split_feature=0 2 0 3 0 3 1 0 0 3 2 0 0 0
split_gain=282.862 266.757 194.402 108.159 85.1591 54.5552 42.573 38.1052 35.8375 34.7245 33.5911 29.7951 26.6501 24.9432
threshold=60.250000000000007 3.5000000000000004 56.750000000000007 0 62.750000000000007 1 1265.0000000000002 69.250000000000014 53.750000000000007 2 4.5000000000000009 54.250000000000007 56.250000000000007 55.750000000000007
decision_type=2 2 2 9 2 9 2 2 2 9 2 2 2 2
left_child=1 8 5 7 -5 11 -4 -2 -1 13 -8 -3 -11 -10
right_child=3 2 6 4 -6 -7 10 -9 9 12 -12 -13 -14 -15
leaf_value=0.033187762831359928 -0.015025063442265237 0.041054346967851645 -0.0090208418465274991 -0.043241105470614334 -0.11982747699166169 0.010514731476073491 -0.0073248833607958298 -0.075303366460970467 -0.036291965222313205 0.0021138609447065864 0.0094562568176986741 0.021889094516045638 -0.031177484727300267 -0.070369351647057377
leaf_weight=21 412 277 1157 97 58 1118 441 28 131 93 921 757 170 91
leaf_count=21 412 277 1157 97 58 1118 441 28 131 93 921 757 170 91
internal_value=-2.82674e-05 0.00372417 0.00745976 -0.0326776 -0.0675417 0.0184957 -0.00196831 -0.0184418 -0.0307599 -0.0335287 0.00402272 0.0267645 -0.0186944 -0.0480942
internal_weight=5772 5177 4671 595 155 2152 2519 440 506 485 1362 1034 263 222
internal_count=5772 5177 4671 595 155 2152 2519 440 506 485 1362 1034 263 222
cat_boundaries=0 1 2 3
cat_threshold=4 4 2
is_linear=0
shrinkage=0.05


Tree=36
num_leaves=15
num_cat=1
split_feature=0 3 0 2 0 1 2 0 0 1 2 1 0 0
split_gain=258.469 231.854 167.908 89.3539 71.0663 51.2516 39.488 34.5783 33.7829 31.519 30.7655 22.9042 20.0393 19.1574
threshold=57.250000000000007 0 63.250000000000007 3.5000000000000004 54.750000000000007 1290.0000000000002 4.5000000000000009 71.500000000000014 60.250000000000007 1203.5000000000002 4.5000000000000009 1747.0000000000002 52.750000000000007 54.250000000000007
decision_type=2 9 2 2 2 2 2 2 2 2 2 2 2 2
left_child=1 4 3 -2 12 8 -6 -4 -5 -8 11 -7 -1 -3
right_child=2 13 7 5 6 10 9 -9 -10 -11 -12 -13 -14 -15
leaf_value=0.050599007947104313 -0.057657028044658637 -0.0057755263177333054 -0.053543408720402932 -0.0097312599741305114 9.3278417179467916e-05 -0.0062409562709019387 0.0058279751901231386 -0.12300591028871991 -0.030776994517546591 0.021379990429623325 0.005365217787590755 -0.040003769933167149 0.025399554060052759 -0.038775517607209931
leaf_weight=91 88 54 122 993 662 338 552 21 236 795 931 59 593 237
leaf_count=91 88 54 122 993 662 338 552 21 236 795 931 59 593 237
internal_value=-2.59432e-05 0.0102013 -0.0109722 -0.00811908 0.014777 -0.00641422 0.0100925 -0.0637442 -0.0137726 0.0150068 0.000395596 -0.0112586 0.0287521 -0.031567
internal_weight=5772 2984 2788 2645 2693 2557 2009 143 1229 1347 1328 397 684 291
internal_count=5772 2984 2788 2645 2693 2557 2009 143 1229 1347 1328 397 684 291
cat_boundaries=0 1
cat_threshold=28
is_linear=0
shrinkage=0.05


Tree=37
num_leaves=15
num_cat=3
split_feature=0 3 0 0 3 1 2 0 3 1 0 0 1 0
split_gain=238.133 215.966 159.618 99.9571 41.6307 40.3338 52.4141 27.7725 26.9229 25.203 22.6987 19.0386 17.847 17.1616
threshold=59.750000000000007 0 55.250000000000007 65.750000000000014 1 1265.0000000000002 4.5000000000000009 62.750000000000007 2 1604.5000000000002 54.250000000000007 52.750000000000007 1433.5000000000002 71.500000000000014
decision_type=2 9 2 2 9 2 2 2 9 2 2 2 2 2
left_child=1 2 8 4 -2 -4 9 -6 -1 -7 -3 -10 -12 -5
right_child=3 10 5 13 7 6 -8 -9 11 -11 12 -13 -14 -15
leaf_value=0.014006384017618251 -0.011931005043872787 -0.005486749759357837 -0.0046140849776657158 -0.063980839741334589 -0.033929400506362416 -0.0002633261163810305 0.012802758885790473 -0.090771767020225533 0.065297277996109598 -0.02564573546886937 -0.033563258971844333 0.027870039761312738 -0.062750565728970947 -0.11685561346156258
leaf_weight=621 608 54 1533 57 153 510 1150 25 36 121 208 605 70 21
leaf_count=621 608 54 1533 57 153 510 1150 25 36 121 208 605 70 21
internal_value=-2.4646e-05 0.00423645 0.0070786 -0.02423 -0.0188726 0.00133143 0.00644904 -0.0396835 0.0222267 -0.00513063 -0.0341228 0.0295116 -0.0409126 -0.0782164
internal_weight=5772 4908 4576 864 786 3314 1781 178 1262 631 332 641 278 78
internal_count=5772 4908 4576 864 786 3314 1781 178 1262 631 332 641 278 78
cat_boundaries=0 1 2 3
cat_threshold=28 4 16
is_linear=0
shrinkage=0.05


Tree=38
num_leaves=15
num_cat=3
split_feature=0 2 0 2 3 3 0 0 0 3 0 0 0 1
split_gain=218.452 190.651 130.232 68.4061 61.2995 48.0949 35.9073 31.394 25.5033 30.6313 25.4593 22.3499 22.3339 16.7995
threshold=57.750000000000007 3.5000000000000004 64.250000000000014 3.5000000000000004 0 1 54.250000000000007 60.750000000000007 53.750000000000007 2 55.250000000000007 59.250000000000007 71.500000000000014 1207.0000000000002
decision_type=2 2 2 2 9 9 2 2 2 9 2 2 2 2
left_child=1 8 3 -2 6 11 -3 -7 -1 -10 -6 -5 -4 -11
right_child=2 4 12 5 10 7 -8 -9 9 13 -12 -13 -14 -15
leaf_value=0.031327788145946604 -0.05835089983747286 0.0364148827282978 -0.053687831611906212 0.0021506359234393846 0.013328620228238811 -0.016388787063800432 0.016450101455772342 -0.053769522265065463 -0.038364181698252738 0.0049133494597158791 5.8494789177704738e-05 -0.0092677180388562597 -0.11101283260754176 -0.023338829181764439
leaf_weight=21 68 280 89 893 624 459 1151 64 207 97 859 824 21 115
leaf_count=21 68 280 89 893 624 459 1151 64 207 97 859 824 21 115
internal_value=-2.3234e-05 0.00823585 -0.0114794 -0.00894612 0.0128681 -0.00744633 0.0202153 -0.0205698 -0.0224421 -0.025137 0.00560436 -0.00330983 -0.0646317 -0.00994311
internal_weight=5772 3354 2418 2308 2914 2240 1431 523 440 419 1483 1717 110 212
internal_count=5772 3354 2418 2308 2914 2240 1431 523 440 419 1483 1717 110 212
cat_boundaries=0 1 2 3
cat_threshold=12 12 2
is_linear=0
shrinkage=0.05


Tree=39
num_leaves=15
num_cat=2
split_feature=0 3 0 2 0 1 0 2 1 2 0 1 3 0
split_gain=198.143 171.796 126.107 72.0171 54.279 40.0082 34.0438 33.3892 28.7345 25.9673 19.8017 18.7997 17.1841 16.2996
threshold=57.250000000000007 0 62.250000000000007 3.5000000000000004 54.250000000000007 1290.0000000000002 68.250000000000014 4.5000000000000009 1203.5000000000002 4.5000000000000009 61.750000000000007 1747.0000000000002 1 51.750000000000007
decision_type=2 9 2 2 2 2 2 2 2 2 2 2 9 2
left_child=1 4 3 -2 13 10 -4 -6 -9 11 12 -7 -5 -1
right_child=2 -3 6 5 7 9 -8 8 -10 -11 -12 -13 -14 -15
leaf_value=0.058692193180999122 -0.051134576788172126 -0.027027893085280232 -0.036864992709658845 -0.0060061518436422268 0.00019730359141460109 -0.0052180108896988844 -0.086375150088634764 0.0049895675092073407 0.019421665797365997 0.0056176501350906557 -0.046735864342787328 -0.036043460602904191 -0.019145616917656021 0.024375573952139698
leaf_weight=37 88 291 152 783 690 336 45 579 853 907 39 58 380 534
leaf_count=37 88 291 152 783 690 336 45 579 853 907 39 58 380 534
internal_value=-2.53955e-05 0.00892914 -0.00960945 -0.00667726 0.0128672 -0.00511424 -0.0481744 0.0092327 0.0135863 0.000961903 -0.0116908 -0.00975577 -0.0105156 0.0265992
internal_weight=5772 2984 2788 2591 2693 2503 197 2122 1432 1301 1202 394 1163 571
internal_count=5772 2984 2788 2591 2693 2503 197 2122 1432 1301 1202 394 1163 571
cat_boundaries=0 1 2
cat_threshold=28 12
is_linear=0
shrinkage=0.05


Tree=40
num_leaves=15
num_cat=3
split_feature=0 2 3 0 0 3 1 0 1 3 0 0 1 2
split_gain=184.125 173.653 97.3081 109.545 73.1695 34.6615 27.0811 24.6905 24.206 21.9879 19.2389 17.7672 15.3841 15.238
threshold=58.750000000000007 3.5000000000000004 0 62.750000000000007 55.250000000000007 1 1207.0000000000002 69.250000000000014 1370.0000000000002 2 52.750000000000007 55.250000000000007 1201.5000000000002 5.5000000000000009
decision_type=2 2 9 2 2 9 2 2 2 9 2 2 2 2
left_child=1 6 7 -4 8 12 9 -2 10 -1 -3 -11 -6 -10
right_child=2 4 3 -5 5 -7 -8 -9 13 11 -12 -13 -14 -15
leaf_value=0.0046219870119622751 -0.0066841293106295902 0.046416323804422413 -0.025973748911396956 -0.10124732096647393 -0.0085171592956174939 0.0095308378734744945 -0.035571428228762345 -0.054167279867189271 0.01780681569041917 -0.010376454353983324 0.009115358311028934 -0.045592981470482692 0.003345752969380879 0.032965556974793503
leaf_weight=119 1231 37 290 58 532 1359 220 28 320 83 526 63 562 344
leaf_count=119 1231 37 290 58 532 1359 220 28 320 83 526 63 562 344
internal_value=-2.86458e-05 0.00551842 -0.0144055 -0.0374434 0.00922481 0.00423844 -0.0226043 -0.00767915 0.0191935 -0.0118391 0.0115668 -0.0239334 -0.0024011 0.0256601
internal_weight=5772 4165 1607 348 3680 2453 485 1259 1227 265 563 146 1094 664
internal_count=5772 4165 1607 348 3680 2453 485 1259 1227 265 563 146 1094 664
cat_boundaries=0 1 2 3
cat_threshold=4 18 5
is_linear=0
shrinkage=0.05


Tree=41
num_leaves=15
num_cat=4
split_feature=0 2 0 3 0 3 1 3 0 3 0 1 0 0
split_gain=167.565 153.009 83.2481 76.4655 87.2103 32.2817 28.0674 26.9918 20.0774 19.5873 17.4356 16.7331 16.0349 14.0587
threshold=59.250000000000007 3.5000000000000004 56.250000000000007 0 62.750000000000007 1 1207.0000000000002 2 69.750000000000014 3 52.250000000000007 1207.0000000000002 55.250000000000007 57.750000000000007
decision_type=2 2 2 9 2 9 2 9 2 9 2 2 2 2
left_child=1 6 5 8 -5 -3 9 -4 -2 -1 -7 -12 -11 -8
right_child=3 2 7 4 -6 10 13 -9 -10 12 11 -13 -14 -15
leaf_value=0.0039965214086976611 -0.0085677463629807559 0.0085367586073765659 -0.0060003676940565452 -0.026509473082052554 -0.096184954406886278 0.062692018698614391 -0.031036189260735814 0.0051779323174478524 -0.053157179659375775 -0.0098576316473927041 0.011847542828230423 0.026325584589077342 -0.043313332966395786 -0.073126186294989154
leaf_weight=123 870 943 852 199 58 26 202 1437 26 83 311 557 63 22
leaf_count=123 870 943 852 199 58 26 202 1437 26 83 311 557 63 22
internal_value=-2.59875e-05 0.00423038 0.00737606 -0.0170773 -0.0406521 0.015304 -0.0220963 0.00101361 -0.00975279 -0.0112096 0.0220995 0.0211382 -0.0227367 -0.03517
internal_weight=5772 4619 4126 1153 257 1837 493 2289 896 269 894 868 146 224
internal_count=5772 4619 4126 1153 257 1837 493 2289 896 269 894 868 146 224
cat_boundaries=0 1 2 3 4
cat_threshold=4 16 18 5
is_linear=0
shrinkage=0.05


Tree=42
num_leaves=15
num_cat=1
split_feature=0 3 0 2 0 1 2 0 1 2 1 0 0 0
split_gain=153.168 130.703 88.0424 53.1991 50.2422 32.3637 30.664 26.9686 24.254 19.8142 16.5819 15.9766 14.7126 14.4623
threshold=57.750000000000007 0 62.250000000000007 3.5000000000000004 54.750000000000007 1290.0000000000002 4.5000000000000009 70.250000000000014 1201.5000000000002 4.5000000000000009 1604.5000000000002 61.750000000000007 51.250000000000007 54.250000000000007
decision_type=2 9 2 2 2 2 2 2 2 2 2 2 2 2
left_child=1 4 3 -2 12 11 -6 -4 -8 10 -7 -5 -1 -3
right_child=2 13 7 5 6 9 8 -9 -10 -11 -12 -13 -14 -15
leaf_value=0.056204769760370255 -0.050317665638730802 -0.0013696998426759685 -0.03335323776799913 -0.010494767000693199 -0.0014594596420758098 -0.0044292546622455116 0.0032010765806413616 -0.082892988644766089 0.015795673232674619 0.0049083549898012446 -0.033488669767975814 -0.043111419333861423 0.020395703372952819 -0.029923889783364549
leaf_weight=30 68 54 164 1006 790 270 650 33 928 778 60 39 654 248
leaf_count=30 68 54 164 1006 790 270 650 33 928 778 60 39 654 248
internal_value=-2.36737e-05 0.00689206 -0.00961646 -0.00677497 0.00999708 -0.00539972 0.00658197 -0.0416518 0.0106078 0.000553683 -0.00971278 -0.011712 0.0219663 -0.0240227
internal_weight=5772 3354 2418 2221 3052 2153 2368 197 1578 1108 330 1045 684 302
internal_count=5772 3354 2418 2221 3052 2153 2368 197 1578 1108 330 1045 684 302
cat_boundaries=0 1
cat_threshold=28
is_linear=0
shrinkage=0.05


Tree=43
num_leaves=15
num_cat=4
split_feature=0 2 3 0 0 3 1 3 0 3 0 0 1 0
split_gain=140.624 129.055 78.1953 84.1054 54.9998 28.4222 23.4125 23.9591 26.2141 20.3704 17.3403 15.1816 12.7489 12.553
threshold=58.750000000000007 3.5000000000000004 0 62.750000000000007 55.250000000000007 1 1645.0000000000002 2 55.750000000000007 3 69.250000000000014 55.250000000000007 1201.5000000000002 52.250000000000007
decision_type=2 2 9 2 2 9 2 9 2 9 2 2 2 2
left_child=1 6 10 -4 9 12 7 8 -1 -3 -2 -9 -6 -11
right_child=2 4 3 -5 5 -7 -8 11 -10 13 -12 -13 -14 -15
leaf_value=-0.015024250645892342 -0.0057306839500336016 0.0097517176420559223 -0.023196224039741632 -0.08915285786678051 -0.0078818461934489267 0.008490137253618215 -0.05821537940452496 0.022341636324894023 -0.050069530616546502 0.057573542657953052 -0.045523366305444929 -0.010421833765641269 0.0029173361912230526 0.022061185190405955
leaf_weight=138 1231 621 290 58 532 1359 36 44 87 26 28 180 562 580
leaf_count=138 1231 621 290 58 532 1359 36 44 87 26 28 180 562 580
internal_value=-2.249e-05 0.00482523 -0.0125867 -0.033234 0.00802042 0.00369727 -0.0194187 -0.016308 -0.0273591 0.0166632 -0.00656354 -0.0038158 -0.00231304 0.0232019
internal_weight=5772 4165 1607 348 3680 2453 485 449 225 1227 1259 224 1094 606
internal_count=5772 4165 1607 348 3680 2453 485 449 225 1227 1259 224 1094 606
cat_boundaries=0 1 2 3 4
cat_threshold=4 18 2 16
is_linear=0
shrinkage=0.05


Tree=44
num_leaves=15
num_cat=2
split_feature=0 2 0 3 3 1 0 1 0 0 1 0 1 0
split_gain=129.117 121.298 66.8506 61.9427 53.8868 31.0614 29.5522 28.9689 24.8358 21.0411 20.1155 15.868 14.873 11.4499
threshold=60.750000000000007 4.5000000000000009 56.750000000000007 0 1 1201.5000000000002 64.750000000000014 1207.0000000000002 56.250000000000007 55.250000000000007 1604.5000000000002 59.750000000000007 1960.0000000000002 53.250000000000007
decision_type=2 2 2 9 9 2 2 2 2 2 2 2 2 2
left_child=1 4 7 12 9 -4 -5 -3 13 -1 11 -10 -2 -6
right_child=3 2 5 6 8 -7 -8 -9 10 -11 -12 -13 -14 -15
leaf_value=-0.016673252393702303 -0.01684924518355585 0.0067381478829990661 -0.0065175126359987446 -0.041930283217326454 0.035363467031254855 0.0068548183508604201 -0.095126074268704369 0.020377894873162369 -0.0042627456375636669 -0.045478565675222266 -0.028338277381642359 -0.024399395724502181 0.024851358228403592 0.0029810389503335923
leaf_weight=137 304 637 767 69 29 1001 42 1001 955 118 115 109 23 465
leaf_count=137 304 637 767 69 29 1001 42 1001 955 118 115 109 23 465
internal_value=-1.97853e-05 0.00212315 0.00779601 -0.0261166 -0.00789852 0.00105359 -0.0569296 0.0150735 -0.00450246 -0.0288706 -0.00847274 -0.00632562 -0.0135032 0.00488203
internal_weight=5772 5334 3406 438 1928 1768 111 1638 1673 255 1179 1064 327 494
internal_count=5772 5334 3406 438 1928 1768 111 1638 1673 255 1179 1064 327 494
cat_boundaries=0 1 2
cat_threshold=4 2
is_linear=0
shrinkage=0.05


Tree=45
num_leaves=15
num_cat=1
split_feature=0 3 0 2 0 1 0 2 2 1 1 0 1 0
split_gain=118.142 95.5968 69.584 48.4203 33.5352 28.4721 22.4957 19.9459 19.1146 18.1201 14.759 14.2405 12.6023 11.5357
threshold=57.250000000000007 0 62.250000000000007 3.5000000000000004 54.250000000000007 1290.0000000000002 71.500000000000014 4.5000000000000009 4.5000000000000009 1201.5000000000002 1747.0000000000002 61.750000000000007 1207.0000000000002 51.250000000000007
decision_type=2 9 2 2 2 2 2 2 2 2 2 2 2 2
left_child=1 4 3 -2 13 11 -4 -6 10 -9 -7 -5 -3 -1
right_child=2 12 6 5 7 8 -8 9 -10 -11 -12 -13 -14 -15
leaf_value=0.050804216141502073 -0.041694713893494662 -0.011650879074356513 -0.030229974641538732 -0.0085109815733913283 -9.2170315524592724e-06 -0.0040085076811789931 -0.084980360028289625 0.0035025305791023253 0.0051606911941841681 0.014966349069583088 -0.031321124974959369 -0.039226836730272344 -0.032692168984982756 0.01895119514188931
leaf_weight=30 88 167 176 1163 690 336 21 578 907 854 58 39 124 541
leaf_count=30 88 167 176 1163 690 336 21 578 907 854 58 39 124 541
internal_value=-1.8796e-05 0.00689563 -0.00741932 -0.00524122 0.00983207 -0.00395959 -0.0360663 0.00697425 0.00116623 0.0103392 -0.00802915 -0.00950759 -0.019932 0.0206247
internal_weight=5772 2984 2788 2591 2693 2503 197 2122 1301 1432 394 1202 291 571
internal_count=5772 2984 2788 2591 2693 2503 197 2122 1301 1432 394 1202 291 571
cat_boundaries=0 1
cat_threshold=28
is_linear=0
shrinkage=0.05


Tree=46
num_leaves=15
num_cat=3
split_feature=0 3 0 3 0 2 1 1 3 0 1 0 2 1
split_gain=109.051 95.7628 71.3837 52.352 50.5725 21.5821 31.2035 18.8585 18.7682 18.6914 12.3883 11.025 11.9852 12.6566
threshold=59.750000000000007 0 55.250000000000007 1 64.750000000000014 4.5000000000000009 1201.5000000000002 1604.5000000000002 2 55.250000000000007 1195.0000000000002 69.750000000000014 4.5000000000000009 1960.0000000000002
decision_type=2 9 2 9 2 2 2 2 9 2 2 2 2 2
left_child=1 9 8 11 10 7 -7 -4 -3 -1 -5 12 -2 -14
right_child=3 2 5 4 -6 6 -8 -9 -10 -11 -12 -13 13 -15
leaf_value=-0.014865401403529802 -0.021257421754069569 0.007965035664755999 -0.002306930827940222 -0.044219872023050603 -0.088402020186185842 -0.0031354674342275492 0.0092099960075931048 -0.022248665960576161 0.020555191662146394 -0.04201480053489539 -0.01639418428978668 -0.040902298387999719 -0.0065441190172903889 0.022455607427329553
leaf_weight=137 129 621 1164 65 42 901 1185 132 650 118 104 26 457 41
leaf_count=137 129 621 1164 65 42 901 1185 132 650 118 104 26 457 41
internal_value=-1.78562e-05 0.00286568 0.0045162 -0.0163979 -0.0375211 0.000729361 0.00387766 -0.00433803 0.0146281 -0.0263936 -0.0270964 -0.00886222 -0.00767494 -0.00415659
internal_weight=5772 4908 4653 864 211 3382 2086 1296 1271 255 169 653 627 498
internal_count=5772 4908 4653 864 211 3382 2086 1296 1271 255 169 653 627 498
cat_boundaries=0 1 2 3
cat_threshold=2 4 16
is_linear=0
shrinkage=0.05


Tree=47
num_leaves=15
num_cat=3
split_feature=0 2 2 3 0 3 0 0 1 3 1 0 0 1
split_gain=100.722 88.1155 70.4956 52.1178 47.8998 38.3362 21.6728 21.5523 18.1325 18.314 16.2147 13.319 9.50046 9.24937
threshold=58.250000000000007 3.5000000000000004 3.5000000000000004 0 62.750000000000007 1 54.250000000000007 53.750000000000007 1645.0000000000002 2 1207.0000000000002 69.250000000000014 55.750000000000007 1216.0000000000002
decision_type=2 2 2 9 2 9 2 2 2 9 2 2 2 2
left_child=1 7 -2 4 -4 10 -7 -1 9 12 -3 13 -9 -5
right_child=2 5 3 11 -6 6 -8 8 -10 -11 -12 -13 -14 -15
leaf_value=0.034115826773146792 -0.079556331485509876 -0.003435484948946633 -0.017313819266036975 -0.0072612843296593474 -0.067376233366402721 0.025577948791241006 0.010367965387253939 -0.017384062679942514 -0.05226986484868186 -0.0037208446529176501 0.0065933439650400841 -0.037676535187555212 -0.039312123067407723 0.00069828791932368577
leaf_weight=21 35 738 364 661 55 280 1432 122 35 215 888 28 83 815
leaf_count=21 35 738 364 661 55 280 1432 122 35 215 888 28 83 815
internal_value=-1.44929e-05 0.00471796 -0.00923286 -0.00795292 -0.0233285 0.00758785 0.0127809 -0.0154075 -0.0176932 -0.0148118 0.00202904 -0.00349111 -0.0250408 -0.00286626
internal_weight=5772 3814 1958 1923 419 3338 1712 476 455 420 1626 1504 205 1476
internal_count=5772 3814 1958 1923 419 3338 1712 476 455 420 1626 1504 205 1476
cat_boundaries=0 1 2 3
cat_threshold=16 18 2
is_linear=0
shrinkage=0.05


Tree=48
num_leaves=15
num_cat=2
split_feature=0 2 3 0 3 2 0 1 0 0 0 0 1 1
split_gain=92.1199 72.553 58.8146 71.5272 31.6183 23.4619 18.3713 16.0055 15.6014 13.1177 11.8343 11.7197 11.0749 10.949
threshold=57.250000000000007 3.5000000000000004 0 62.750000000000007 1 3.5000000000000004 53.750000000000007 1207.0000000000002 59.250000000000007 53.750000000000007 52.750000000000007 60.250000000000007 1201.5000000000002 1265.0000000000002
decision_type=2 2 9 2 9 2 2 2 2 2 2 2 2 2
left_child=1 6 3 5 9 -2 -1 -8 -4 -3 -6 -7 -12 -11
right_child=2 4 8 -5 10 11 7 -9 -10 13 12 -13 -14 -15
leaf_value=0.032410035512986636 -0.050826136885983191 0.033681585724380889 0.0018953502248621338 -0.071873978923620851 0.026503712744875386 -0.0091505687477902217 -0.0063066996079544696 -0.026395906795970286 -0.006941277852882264 0.0073263011303445931 -0.0025114734201992367 -0.028116971879805393 0.0069076187571401717 0.017411810029191649
leaf_weight=21 41 88 1124 58 55 571 215 184 899 429 552 95 718 722
leaf_count=21 41 88 1124 58 55 571 215 184 899 429 552 95 718 722
internal_value=-1.40905e-05 0.00609154 -0.00654895 -0.0182563 0.00924701 -0.0141159 -0.0131718 -0.0155709 -0.00202156 0.0149546 0.00376857 -0.011856 0.00281365 0.0136527
internal_weight=5772 2984 2788 765 2564 707 420 399 2023 1239 1325 666 1270 1151
internal_count=5772 2984 2788 765 2564 707 420 399 2023 1239 1325 666 1270 1151
cat_boundaries=0 1 2
cat_threshold=19 12
is_linear=0
shrinkage=0.05


Tree=49
num_leaves=15
num_cat=4
split_feature=0 3 2 0 0 3 2 0 0 0 3 2 3 1
split_gain=83.9488 75.4047 55.3593 43.983 42.1202 26.0931 16.0138 15.1657 14.1682 12.9668 12.3347 10.0153 12.6779 8.97228
threshold=58.750000000000007 0 3.5000000000000004 68.250000000000014 55.250000000000007 1 5.5000000000000009 53.250000000000007 60.750000000000007 54.250000000000007 2 3.5000000000000004 3 1201.5000000000002
decision_type=2 9 2 2 2 9 2 2 2 2 9 2 9 2
left_child=1 9 -2 5 7 8 11 -3 -4 -1 -9 -6 -13 -8
right_child=2 4 3 -5 6 -7 13 10 -10 -11 -12 12 -14 -15
leaf_value=-0.00064278282225131993 -0.082087343644637323 0.027182978247663726 -0.013633861520268895 -0.05725413276089563 -0.011360823089302412 -0.0036795504319306459 0.0015962989023383071 0.0050392091382116845 -0.037152228768294056 -0.028872305828793007 0.015888000558354105 -0.003896169279301229 0.0050652850064738467 0.011785729417207845
leaf_weight=51 26 163 222 45 202 1224 381 534 90 201 574 801 759 499
leaf_count=51 26 163 222 45 202 1224 381 534 90 201 574 801 759 499
internal_value=-1.33861e-05 0.00373216 -0.00972103 -0.00853094 0.00545005 -0.0071035 0.00186593 0.0129432 -0.0197839 -0.0222752 0.0108483 -0.00088506 0.000471417 0.00737417
internal_weight=5772 4165 1607 1581 3913 1536 2642 1271 312 252 1108 1762 1560 880
internal_count=5772 4165 1607 1581 3913 1536 2642 1271 312 252 1108 1762 1560 880
cat_boundaries=0 1 2 3 4
cat_threshold=2 16 16 16
is_linear=0
shrinkage=0.05


Tree=50
num_leaves=15
num_cat=2
split_feature=0 2 1 3 3 0 1 0 0 0 0 1 0 0
split_gain=77.356 75.9962 43.4027 37.9895 30.8954 22.0887 21.8278 18.7223 14.2844 14.2821 14.2472 12.0963 11.0581 9.07522
threshold=60.750000000000007 4.5000000000000009 1201.5000000000002 0 1 55.250000000000007 2008.0000000000002 64.750000000000014 57.750000000000007 59.750000000000007 57.250000000000007 1960.0000000000002 53.750000000000007 54.250000000000007
decision_type=2 2 2 9 9 2 2 2 2 2 2 2 2 2
left_child=1 4 8 11 10 -4 9 -5 -3 12 13 -2 -6 -1
right_child=3 2 5 7 6 -7 -8 -9 -10 -11 -12 -13 -14 -15
leaf_value=-0.00061064367639083496 -0.013313273352258348 0.0035361563106753716 0.018546718809888167 -0.032301874458114957 0.025484290466694211 0.0072747551674725852 -0.038481786880980841 -0.074642913930472884 -0.0067556613098533284 -0.019940766164686829 -0.059704708804686868 0.024293856403749925 -0.0021899015459145763 -0.024504338107071817
leaf_weight=51 304 836 637 69 37 1368 44 42 565 113 24 23 1479 180
leaf_count=51 304 836 637 69 37 1368 44 42 565 113 24 23 1479 180
internal_value=-1.11214e-05 0.00164757 0.00613782 -0.0202107 -0.0062849 0.0108559 -0.00370912 -0.0443292 -0.000614363 -0.00279267 -0.0221692 -0.0103516 -0.00151448 -0.0192291
internal_weight=5772 5334 3406 438 1928 2005 1673 111 1401 1629 255 327 1516 231
internal_count=5772 5334 3406 438 1928 2005 1673 111 1401 1629 255 327 1516 231
cat_boundaries=0 1 2
cat_threshold=4 2
is_linear=0
shrinkage=0.05


Tree=51
num_leaves=15
num_cat=3
split_feature=0 2 3 0 0 1 0 0 2 1 3 1 3 0
split_gain=71.684 47.7976 46.4142 45.4376 30.4574 26.5198 16.8093 16.2176 14.2669 15.4266 14.0159 8.65247 6.9989 6.98976
threshold=56.250000000000007 3.5000000000000004 0 68.250000000000014 58.250000000000007 1290.0000000000002 53.250000000000007 60.250000000000007 4.5000000000000009 1835.0000000000002 1 1207.0000000000002 2 59.750000000000007
decision_type=2 2 9 2 2 2 2 2 2 2 9 2 9 2
left_child=2 4 11 5 -2 7 -4 12 9 13 -8 -1 -3 -7
right_child=1 3 6 -5 -6 8 10 -9 -10 -11 -12 -13 -14 -15
leaf_value=-0.0074962455718146671 -0.018736298715964678 -0.0014027880826896631 0.025051188081548628 -0.052719028724564444 -0.069556660391390329 0.00064570919549378171 0.0035255816144606333 -0.017445664795007518 0.0050059093206694634 -0.029582300338162379 0.012560129552644853 -0.028796590690035373 -0.008915345383490602 -0.016343550268613116
leaf_weight=118 187 794 163 45 35 411 856 293 1241 56 909 80 513 71
leaf_count=118 187 794 163 45 35 411 856 293 1241 56 909 80 513 71
internal_value=-1.05653e-05 -0.00426548 0.00728644 -0.00280776 -0.0267485 -0.00214307 0.00963842 -0.00681384 0.00205774 -0.00474278 0.00826964 -0.0153283 -0.00443043 -0.00185686
internal_weight=5772 3646 2126 3424 222 3379 1928 1600 1779 538 1765 198 1307 482
internal_count=5772 3646 2126 3424 222 3379 1928 1600 1779 538 1765 198 1307 482
cat_boundaries=0 1 2 3
cat_threshold=2 16 12
is_linear=0
shrinkage=0.05


Tree=52
num_leaves=15
num_cat=3
split_feature=0 3 3 0 2 1 2 0 0 0 0 0 1 3
split_gain=66.1058 49.8924 44.8667 52.4697 21.0142 16.2423 16.0807 10.9303 9.19492 8.29381 8.177 8.0816 8.46146 7.99404
threshold=57.250000000000007 0 1 62.750000000000007 5.5000000000000009 1203.5000000000002 3.5000000000000004 59.250000000000007 54.250000000000007 52.250000000000007 54.250000000000007 60.250000000000007 1390.0000000000002 2
decision_type=2 9 9 2 2 2 2 2 2 2 2 2 2 9
left_child=1 10 3 6 8 -6 -2 -4 13 -7 -1 -8 -13 -3
right_child=2 4 7 -5 5 9 11 -9 -10 -11 -12 12 -14 -15
leaf_value=0.00021235460698531538 -0.042617617407813668 0.0036333832206107636 0.0016860411974296532 -0.061694489641050843 0.0046676943754286335 0.047325878996740692 -0.0081081509359357089 -0.005710364912493617 0.001789617104236624 0.01612237825653607 -0.022468094039294458 -0.034243343552225268 -0.002417232721082626 0.021355954386157599
leaf_weight=51 41 163 1124 58 423 22 571 899 1367 665 180 64 31 113
leaf_count=51 41 163 1124 58 423 22 571 899 1367 665 180 64 31 113
internal_value=-9.53739e-06 0.00516264 -0.00554533 -0.0157701 0.00703538 0.0123757 -0.0122257 -0.00159297 0.00347034 0.0171216 -0.0167362 -0.0103547 -0.023858 0.0117948
internal_weight=5772 2984 2788 765 2753 1110 707 2023 1643 687 231 666 95 276
internal_count=5772 2984 2788 765 2753 1110 707 2023 1643 687 231 666 95 276
cat_boundaries=0 1 2 3
cat_threshold=2 19 16
is_linear=0
shrinkage=0.05


Tree=53
num_leaves=15
num_cat=2
split_feature=0 2 2 0 1 3 3 1 0 0 0 0 0 1
split_gain=60.0313 53.4257 43.1767 32.1202 26.0321 25.0869 18.9559 16.3895 10.4923 9.96946 8.87513 8.63116 8.08504 6.9934
threshold=58.750000000000007 4.5000000000000009 3.5000000000000004 68.250000000000014 1201.5000000000002 0 1 2008.0000000000002 54.250000000000007 55.250000000000007 60.750000000000007 52.250000000000007 53.750000000000007 1604.5000000000002
decision_type=2 2 2 2 2 9 9 2 2 2 2 2 2 2
left_child=1 5 -2 6 11 9 10 12 -6 -1 -4 -3 -7 -14
right_child=2 4 3 -5 8 7 -8 -9 -10 -11 -12 -13 13 -15
leaf_value=-0.0099411814510108523 -0.072125606503910741 0.034044560045003891 -0.011919041593802407 -0.048802286403046714 0.01977086501590955 0.022624429458802619 -0.0030289652893950672 -0.035582900923841136 0.0095614959219467617 -0.029907451504436522 -0.030532926527990237 0.00088697504701906304 -1.8360553570539258e-05 -0.014355422742158661
leaf_weight=137 26 20 222 45 316 37 1224 34 1236 115 90 1051 1127 92
leaf_count=137 26 20 222 45 316 37 1224 34 1236 115 90 1051 1127 92
internal_value=-6.89586e-06 0.00316046 -0.00821599 -0.00716498 0.00750237 -0.00422529 -0.00594514 -0.00131854 0.0116402 -0.0183256 -0.0167515 0.00150616 -0.000401503 -0.0011004
internal_weight=5772 4165 1607 1581 2623 1542 1536 1290 1552 252 312 1071 1256 1219
internal_count=5772 4165 1607 1581 2623 1542 1536 1290 1552 252 312 1071 1256 1219
cat_boundaries=0 1 2
cat_threshold=2 16
is_linear=0
shrinkage=0.05


Tree=54
num_leaves=15
num_cat=2
split_feature=0 2 2 0 1 0 0 3 1 3 0 2 1 1
split_gain=55.6316 39.3858 34.3525 34.1427 20.7059 19.2163 18.4723 16.8338 14.3701 11.2122 13.4633 10.8897 13.521 10.6309
threshold=56.750000000000007 3.5000000000000004 4.5000000000000009 68.250000000000014 1290.0000000000002 58.250000000000007 52.750000000000007 0 1207.0000000000002 1 60.250000000000007 4.5000000000000009 1747.0000000000002 1207.0000000000002
decision_type=2 2 2 2 2 2 2 9 2 9 2 2 2 2
left_child=2 5 6 4 9 -2 -1 13 -4 -3 -11 12 -6 -8
right_child=1 3 8 -5 11 -7 7 -9 -10 10 -12 -13 -14 -15
leaf_value=0.041815597272437555 -0.019506007064358399 -0.0034472644919201546 0.003984033997357769 -0.046362172174784874 -0.0015974096239184878 -0.061950451061129577 -0.0074652850437054389 0.00039878697483089167 0.013590649283152879 -0.0092626430981530509 -0.030757967743556949 0.0041036685733025543 -0.026279883848837927 -0.031099538581493575
leaf_weight=23 112 944 637 45 417 35 122 655 1001 423 88 1128 64 78
leaf_count=23 112 944 637 45 417 35 122 655 1001 423 88 1128 64 78
internal_value=-6.81344e-06 -0.00432181 0.0055773 -0.00312605 -0.00249105 -0.0296118 -0.00240271 -0.00359221 0.00985474 -0.00681339 -0.0127155 0.00141759 -0.00488156 -0.0158882
internal_weight=5772 3256 2516 3109 3064 147 878 855 1638 1455 511 1609 481 200
internal_count=5772 3256 2516 3109 3064 147 878 855 1638 1455 511 1609 481 200
cat_boundaries=0 1 2
cat_threshold=2 12
is_linear=0
shrinkage=0.05


Tree=55
num_leaves=15
num_cat=2
split_feature=0 2 1 3 1 3 0 0 0 1 0 0 0 0
split_gain=51.8417 49.42 29.0046 26.1868 19.1583 18.9249 14.1973 14.1373 12.2613 10.5457 9.8771 9.38613 7.16939 7.0489
threshold=60.750000000000007 4.5000000000000009 1201.5000000000002 0 2008.0000000000002 1 55.250000000000007 64.750000000000014 55.250000000000007 1960.0000000000002 59.750000000000007 57.750000000000007 53.750000000000007 52.250000000000007
decision_type=2 2 2 9 2 9 2 2 2 2 2 2 2 2
left_child=1 4 11 9 5 8 -4 -5 -1 -2 12 13 -7 -3
right_child=3 2 6 7 -6 10 -8 -9 -10 -11 -12 -13 -14 -15
leaf_value=-0.0070524889586576784 -0.011101580677419216 0.032143130451440814 0.014994853357250804 -0.025927147641777993 -0.036576872461653774 0.02057776996485159 0.0059579888063248758 -0.062720166805333322 -0.029155183549559979 0.024012547488445821 -0.016484933761896286 -0.0055258510590621597 -0.0017053397082648658 0.0020980338789705262
leaf_weight=134 304 20 637 69 47 37 1368 42 118 23 113 565 1479 816
leaf_count=134 304 20 637 69 47 37 1368 42 118 23 113 565 1479 816
internal_value=-6.73685e-06 0.00135113 0.00497211 -0.016543 -0.00504568 -0.00425782 0.00882905 -0.0365555 -0.016738 -0.00837564 -0.00221087 -0.000547643 -0.00116149 0.00281682
internal_weight=5772 5334 3406 438 1928 1881 2005 111 252 327 1629 1401 1516 836
internal_count=5772 5334 3406 438 1928 1881 2005 111 252 327 1629 1401 1516 836
cat_boundaries=0 1 2
cat_threshold=4 2
is_linear=0
shrinkage=0.05


Tree=56
num_leaves=15
num_cat=3
split_feature=0 2 2 3 3 0 1 0 0 3 1 0 0 0
split_gain=47.1082 39.165 38.1737 26.6739 23.7996 22.1523 17.0528 14.3302 10.5968 8.7715 8.59344 6.08559 5.63193 5.50467
threshold=58.250000000000007 3.5000000000000004 3.5000000000000004 0 1 65.750000000000014 1645.0000000000002 53.750000000000007 54.250000000000007 2 1370.0000000000002 55.250000000000007 52.250000000000007 69.750000000000014
decision_type=2 2 2 9 9 2 2 2 2 9 2 2 2 2
left_child=1 6 -2 5 10 -4 7 -1 12 -9 -3 -11 -6 -5
right_child=2 4 3 13 8 -7 -8 9 -10 11 -12 -13 -14 -15
leaf_value=0.03386998403817415 -0.058059672323454707 -0.0025010462369242045 -0.013450798543906489 -0.0017951195143700071 0.040347824962093284 -0.056737637903279396 -0.043272934729854273 -0.016517237530219869 0.00754822410497419 0.015653050963301215 0.0048069525916330288 -0.0059637623294921862 0.01591498354966862 -0.025003000305374515
leaf_weight=20 35 896 387 1478 26 32 36 205 1432 40 730 175 254 26
leaf_count=20 35 896 387 1478 26 32 36 205 1432 40 730 175 254 26
internal_value=-6.40001e-06 0.00323007 -0.00631073 -0.00536887 0.00514339 -0.0163661 -0.0101873 -0.00748032 0.00923374 -0.00944939 0.000775145 -0.00185572 0.0181837 -0.00218181
internal_weight=5772 3814 1958 1923 3338 419 476 440 1712 420 1626 215 280 1504
internal_count=5772 3814 1958 1923 3338 419 476 440 1712 420 1626 215 280 1504
cat_boundaries=0 1 2 3
cat_threshold=16 18 2
is_linear=0
shrinkage=0.05


Tree=57
num_leaves=15
num_cat=3
split_feature=0 2 0 3 0 1 3 0 2 1 0 3 1 1
split_gain=44.0091 31.7287 27.4003 25.2534 18.8777 17.6579 12.0447 9.62488 9.44905 11.4844 7.87948 6.95323 6.75509 5.95459
threshold=56.250000000000007 3.5000000000000004 68.250000000000014 0 58.750000000000007 1290.0000000000002 1 59.250000000000007 4.5000000000000009 1604.5000000000002 53.750000000000007 2 1207.0000000000002 1207.0000000000002
decision_type=2 2 2 9 2 2 9 2 2 2 2 9 2 2
left_child=3 4 5 12 13 7 -5 11 9 -7 -8 -3 -1 -2
right_child=1 2 -4 6 -6 8 10 -9 -10 -11 -12 -13 -14 -15
leaf_value=-0.0039343877475495623 -0.0077224910216913984 0.00081863234692437651 -0.040912390100873185 0.0033139726207156717 -0.061691642695894611 -0.00021076861880036125 0.025370004151583365 -0.010943481432452546 0.0041895449999701092 -0.018847582297052676 0.010002011930961622 -0.0072904080404786343 -0.022754927021451293 -0.025153416308776006
leaf_weight=118 99 611 45 943 26 436 92 532 1241 102 893 457 80 97
leaf_count=118 99 611 45 943 26 436 92 532 1241 102 893 457 80 97
internal_value=-7.51081e-06 -0.0033414 -0.00215373 0.00570997 -0.0216594 -0.00163756 0.00744275 -0.00544886 0.00179026 -0.00374414 0.0113224 -0.00271184 -0.0109839 -0.016349
internal_weight=5772 3646 3424 2126 222 3379 1928 1600 1779 538 985 1068 198 196
internal_count=5772 3646 3424 2126 222 3379 1928 1600 1779 538 985 1068 198 196
cat_boundaries=0 1 2 3
cat_threshold=2 16 12
is_linear=0
shrinkage=0.05


Tree=58
num_leaves=15
num_cat=2
split_feature=0 2 1 3 0 3 1 0 0 1 1 0 0 1
split_gain=41.385 38.8387 23.5339 21.4959 16.9296 18.334 14.6604 11.2956 10.9953 10.2293 9.30467 7.72003 7.23264 5.62965
threshold=60.750000000000007 4.5000000000000009 1201.5000000000002 0 52.750000000000007 1 1604.5000000000002 55.250000000000007 64.750000000000014 1207.0000000000002 1960.0000000000002 59.750000000000007 52.750000000000007 1195.0000000000002
decision_type=2 2 2 9 2 9 2 2 2 2 2 2 2 2
left_child=1 4 12 10 -1 9 11 -4 13 -6 -2 -7 -3 -5
right_child=3 2 7 8 5 6 -8 -9 -10 -11 -12 -13 -14 -15
leaf_value=0.038175626228684971 -0.0099443511571735144 0.026096352070569998 0.013389771710240592 -0.038947758893482391 -0.010435183570702573 -0.00047851944697787486 -0.017451975085778431 0.0053291233431677909 -0.056038415236842068 -0.031553940887355969 0.023038907170943593 -0.014297341005107678 -0.0010404331628219659 -0.010308648404237387
leaf_weight=23 304 25 637 32 158 1389 159 1368 42 90 23 109 1376 37
leaf_count=23 304 25 637 32 158 1389 159 1368 42 90 23 109 1376 37
internal_value=-7.40879e-06 0.00120581 0.00441582 -0.0147821 -0.004465 -0.00497982 -0.00299816 0.00789004 -0.0329038 -0.0173977 -0.00739818 -0.00148403 -0.000556194 -0.0235906
internal_weight=5772 5334 3406 438 1928 1905 1657 2005 111 248 327 1498 1401 69
internal_count=5772 5334 3406 438 1928 1905 1657 2005 111 248 327 1498 1401 69
cat_boundaries=0 1 2
cat_threshold=4 2
is_linear=0
shrinkage=0.05


Tree=59
num_leaves=15
num_cat=2
split_feature=0 3 0 2 3 1 2 0 0 1 1 2 0 1
split_gain=38.3112 28.628 30.6183 26.2558 17.6833 12.5222 9.01498 7.11508 6.54197 6.17992 19.8019 5.73278 8.04438 5.69725
threshold=57.250000000000007 0 62.750000000000007 3.5000000000000004 1 1207.0000000000002 3.5000000000000004 52.250000000000007 59.250000000000007 1960.0000000000002 2008.0000000000002 5.5000000000000009 52.750000000000007 1519.0000000000002
decision_type=2 9 2 2 9 2 2 2 2 2 2 2 2 2
left_child=3 8 6 5 7 -1 -3 -5 -2 -10 -11 -6 -13 -8
right_child=1 2 -4 4 11 -7 13 -9 9 10 -12 12 -14 -15
leaf_value=0.00026481262772760694 0.0014776946728193234 -0.032435268145508886 -0.047462843991173759 0.036053964382825564 -0.00050229783626771086 -0.017065927626390476 -0.010319944303682698 0.009619023889627213 -0.0053769354958033734 0.050466722941824374 -0.0092392942572875735 0.03749387197196484 0.0050137247478346863 0.0021760803262848376
leaf_weight=228 1123 41 58 26 898 192 559 1213 836 21 41 20 407 109
leaf_count=228 1123 41 58 26 898 192 559 1213 836 21 41 20 407 109
internal_value=-7.03841e-06 -0.00422131 -0.0123737 0.00393043 0.00582866 -0.00765781 -0.00967772 0.0100923 -0.00106089 -0.00424736 0.0109837 0.00175236 0.00653504 -0.00828092
internal_weight=5772 2788 767 2984 2564 420 709 1239 2021 898 62 1325 427 668
internal_count=5772 2788 767 2984 2564 420 709 1239 2021 898 62 1325 427 668
cat_boundaries=0 1 2
cat_threshold=12 12
is_linear=0
shrinkage=0.05


Tree=60
num_leaves=15
num_cat=2
split_feature=0 2 1 3 1 0 3 0 0 0 1 0 0 1
split_gain=34.7644 32.9441 20.6867 17.5563 15.7345 14.6293 15.5718 9.39429 8.98374 8.1958 7.68206 6.38866 6.08106 5.37556
threshold=60.750000000000007 4.5000000000000009 1201.5000000000002 0 2008.0000000000002 52.750000000000007 1 55.250000000000007 64.750000000000014 56.750000000000007 1960.0000000000002 59.750000000000007 55.250000000000007 1207.0000000000002
decision_type=2 2 2 9 2 2 9 2 2 2 2 2 2 2
left_child=1 4 12 10 5 -1 9 -4 -5 13 -2 -8 -3 -7
right_child=3 2 7 8 -6 6 11 -9 -10 -11 -12 -13 -14 -15
leaf_value=0.036228585826314018 -0.0091782867706282755 0.0048787900497035313 0.012334493279721723 -0.021533438868051313 -0.032692667857763612 -0.0050210323199996213 -0.0011899893011470947 0.0049834934298809593 -0.050863352080895791 -0.034537587221711873 0.020791378050394681 -0.013518404804038264 -0.0025805342880252341 -0.022031042560935021
leaf_weight=23 304 372 637 69 47 122 1500 1368 42 48 23 113 1029 75
leaf_count=23 304 372 637 69 47 122 1500 1368 42 48 23 113 1029 75
internal_value=-6.68644e-06 0.00110526 0.00406167 -0.0135481 -0.00411751 -0.00340351 -0.00389411 0.00731895 -0.0299344 -0.0153831 -0.00686053 -0.00204101 -0.0005999 -0.0114969
internal_weight=5772 5334 3406 438 1928 1881 1858 2005 111 245 327 1613 1401 197
internal_count=5772 5334 3406 438 1928 1881 1858 2005 111 245 327 1613 1401 197
cat_boundaries=0 1 2
cat_threshold=4 2
is_linear=0
shrinkage=0.05


Tree=61
num_leaves=15
num_cat=3
split_feature=0 2 2 0 3 3 1 0 3 0 0 2 1 1
split_gain=32.3107 26.5474 25.953 18.8766 16.8448 11.5033 9.7321 7.83672 7.4913 9.24709 6.78751 6.11475 5.36057 4.93721
threshold=58.750000000000007 3.5000000000000004 5.5000000000000009 71.500000000000014 0 1 1390.0000000000002 53.250000000000007 2 54.250000000000007 54.250000000000007 3.5000000000000004 1207.0000000000002 1433.5000000000002
decision_type=2 2 2 2 9 9 2 2 9 2 2 2 2 2
left_child=2 -2 4 5 10 -3 -4 -8 9 -6 -1 12 -11 -12
right_child=1 3 6 -5 8 -7 7 -9 -10 11 13 -13 -14 -15
leaf_value=0.0031049165326882816 -0.056142136397270059 -0.012859699397074943 0.0035008264807480818 -0.052293713071516583 0.01735963210209527 -0.0023010485416013163 0.031796622508101995 0.010283532657031837 -0.0020186454713465893 0.0024626140797476253 -0.012990024909619001 0.0037646761777277073 -0.015564884250384889 -0.031503996225272085
leaf_weight=51 26 321 740 21 110 1239 45 714 1249 81 154 890 84 47
leaf_count=51 26 321 740 21 110 1239 45 714 1249 81 154 890 84 47
internal_value=-6.35213e-06 -0.00602889 0.00231735 -0.00520477 -0.00064221 -0.00457088 0.00758099 0.011559 0.000664467 0.00353374 -0.0126824 0.00212567 -0.00671502 -0.0173192
internal_weight=5772 1607 4165 1581 2666 1560 1499 759 2414 1165 252 1055 165 201
internal_count=5772 1607 4165 1581 2666 1560 1499 759 2414 1165 252 1055 165 201
cat_boundaries=0 1 2 3
cat_threshold=2 16 12
is_linear=0
shrinkage=0.05


Tree=62
num_leaves=15
num_cat=2
split_feature=0 2 0 3 1 0 0 2 1 3 0 0 2 1
split_gain=30.3065 23.0994 19.0031 16.1239 12.6508 11.9662 11.3417 10.1338 7.28599 6.86935 7.92219 6.07892 6.01468 9.64756
threshold=56.750000000000007 3.5000000000000004 71.500000000000014 0 1290.0000000000002 58.750000000000007 51.250000000000007 3.5000000000000004 1207.0000000000002 1 60.250000000000007 52.250000000000007 4.5000000000000009 1747.0000000000002
decision_type=2 2 2 9 2 2 2 2 2 9 2 2 2 2
left_child=3 5 4 11 9 -2 -5 8 -8 10 -3 -1 13 -6
right_child=1 2 -4 6 12 -7 7 -9 -10 -11 -12 -13 -14 -15
leaf_value=0.032874777883291247 -0.015947380877477081 -0.0071863784017289385 -0.049679026291483928 0.037759371651336554 -0.00081409645943547333 -0.053335029803789583 -0.0020430130712852323 0.0018402254676907757 -0.019821751548908653 -0.0027260637506065118 -0.023269026819616557 0.0079487771875412418 0.0030824361796963069 -0.021663483116572027
leaf_weight=25 121 413 21 20 417 26 136 1102 100 964 94 1133 1136 64
leaf_count=25 121 413 21 20 417 26 136 1102 100 964 94 1133 1136 64
internal_value=-7.52269e-06 -0.00319237 -0.00227662 0.00411404 -0.00195426 -0.0225602 0.000382376 -0.000173465 -0.00957638 -0.00530962 -0.00997149 0.00841424 0.00109815 -0.00358824
internal_weight=5772 3256 3109 2516 3088 147 1358 1338 236 1471 507 1158 1617 481
internal_count=5772 3256 3109 2516 3088 147 1358 1338 236 1471 507 1158 1617 481
cat_boundaries=0 1 2
cat_threshold=4 16
is_linear=0
shrinkage=0.05


Tree=63
num_leaves=15
num_cat=1
split_feature=0 2 1 1 0 3 1 0 0 0 2 0 0 1
split_gain=28.2295 27.1386 17.7781 14.5182 10.741 11.9097 10.3294 7.54167 7.51421 7.28676 7.27586 7.18981 5.53692 4.35677
threshold=61.250000000000007 4.5000000000000009 1201.5000000000002 1604.5000000000002 53.250000000000007 0 1519.0000000000002 71.500000000000014 54.250000000000007 59.750000000000007 3.5000000000000004 57.250000000000007 52.250000000000007 2008.0000000000002
decision_type=2 2 2 2 2 9 2 2 2 2 2 2 2 2
left_child=1 3 12 4 -1 11 7 -2 -4 -7 -5 -6 -3 -12
right_child=6 2 8 10 5 9 -8 -9 -10 -11 13 -13 -14 -15
leaf_value=0.024544691218114978 -0.015988626221810739 0.025360103994607926 0.013580573560622864 -0.037153412985640608 -0.010960485013563512 -0.0003150491903659613 0.0042137863940649462 -0.04719507470726967 0.005196792409936396 -0.012698114807359301 -0.0069330584450374147 -0.039877494424581529 -0.0011329734109206705 -0.026529231209021349
leaf_weight=36 248 20 316 37 206 1379 62 21 1733 130 104 24 1417 39
leaf_count=36 248 20 316 37 206 1379 62 21 1733 130 104 24 1417 39
internal_value=-7.38269e-06 0.000855065 0.00349951 -0.00386029 -0.00248818 -0.0030478 -0.0141844 -0.0184248 0.00648975 -0.00137275 -0.0173909 -0.0133955 -0.000764246 -0.0122775
internal_weight=5772 5441 3486 1955 1775 1739 331 269 2049 1509 180 230 1437 143
internal_count=5772 5441 3486 1955 1775 1739 331 269 2049 1509 180 230 1437 143
cat_boundaries=0 1
cat_threshold=2
is_linear=0
shrinkage=0.05


Tree=64
num_leaves=15
num_cat=3
split_feature=0 3 0 3 0 3 0 2 2 1 0 0 1 0
split_gain=26.3643 21.1802 21.6487 17.3339 10.1047 10.635 6.21706 6.23723 5.52724 4.69593 4.68631 4.66752 4.59482 4.42456
threshold=57.250000000000007 0 62.750000000000007 1 51.250000000000007 2 53.750000000000007 3.5000000000000004 3.5000000000000004 1162.5000000000002 55.250000000000007 60.750000000000007 1207.0000000000002 59.250000000000007
decision_type=2 9 2 9 2 9 2 2 2 2 2 2 2 2
left_child=3 13 8 4 -1 12 -5 10 -3 11 -8 -10 -6 -2
right_child=1 2 -4 6 5 -7 7 -9 9 -11 -12 -13 -14 -15
leaf_value=0.035012685679830617 0.0013022074106838538 -0.026068967594424397 -0.040021538259140378 0.019943098055765683 -0.0054282746690569837 0.00095698800593343775 0.012369833899927992 0.0077022566120637879 -0.010757328563815227 -0.0043465067295119196 -0.0087563438755681837 -0.034647847355707834 -0.020092477948339876 -0.0034060488169015135
leaf_weight=20 1123 41 58 92 141 1354 35 1151 184 461 105 23 86 898
leaf_count=20 1123 41 58 92 141 1354 35 1151 184 461 105 23 86 898
internal_value=-7.01358e-06 -0.00350298 -0.0105149 0.00325933 -0.000302765 -0.000751428 0.00733208 0.00649018 -0.00824939 -0.00715567 -0.0034748 -0.0134118 -0.0105204 -0.000785944
internal_weight=5772 2788 767 2984 1601 1581 1383 1291 709 668 140 207 227 2021
internal_count=5772 2788 767 2984 1601 1581 1383 1291 709 668 140 207 227 2021
cat_boundaries=0 1 2 3
cat_threshold=12 19 2
is_linear=0
shrinkage=0.05


Tree=65
num_leaves=15
num_cat=2
split_feature=0 2 0 3 0 3 0 0 0 2 0 1 1 1
split_gain=24.1436 19.5722 15.2745 13.2459 12.4441 11.1128 8.72852 8.37102 7.52742 7.20901 4.57965 4.52933 4.44425 4.29117
threshold=56.250000000000007 3.5000000000000004 71.500000000000014 0 58.250000000000007 1 51.250000000000007 60.250000000000007 58.750000000000007 3.5000000000000004 52.750000000000007 1519.0000000000002 2209.0000000000005 1207.0000000000002
decision_type=2 2 2 9 2 9 2 2 2 2 2 2 2 2
left_child=3 4 5 6 -2 7 -1 -3 12 13 -5 -9 -7 -8
right_child=1 2 -4 10 -6 8 9 11 -10 -11 -12 -13 -14 -15
leaf_value=0.033262051958590742 -0.011741587173761453 -0.0037744239416272109 -0.044054761174179259 0.026026476102156772 -0.044225824121385815 0.0041599109653327471 -0.0027722841823041174 -0.020350395361855022 -0.0019841751644103711 0.00173729580973294 0.0078579437461886777 0.0053055095672607426 -0.019630299303680661 -0.018165202718228104
leaf_weight=20 187 937 21 36 35 1064 112 123 1239 933 949 20 20 76
leaf_count=20 187 937 21 36 35 1064 112 123 1239 933 949 20 20 76
internal_value=-6.57995e-06 -0.00247592 -0.00154312 0.00422824 -0.016863 -0.00128078 0.000517017 -0.00544369 0.000675159 -6.25818e-05 0.00843632 -0.0167622 0.00372098 -0.00899495
internal_weight=5772 3646 3424 2126 222 3403 1141 1080 2323 1121 985 143 1084 188
internal_count=5772 3646 3424 2126 222 3403 1141 1080 2323 1121 985 143 1084 188
cat_boundaries=0 1 2
cat_threshold=18 16
is_linear=0
shrinkage=0.05


Tree=66
num_leaves=15
num_cat=3
split_feature=0 3 2 0 3 1 0 2 0 1 0 3 0 1
split_gain=21.9483 18.5867 18.0328 16.785 8.25298 6.78345 5.1572 4.70193 4.54496 4.4171 4.85044 4.31212 6.99922 3.9893
threshold=57.750000000000007 0 5.5000000000000009 64.750000000000014 1 1390.0000000000002 53.250000000000007 3.5000000000000004 54.750000000000007 1325.0000000000002 61.750000000000007 2 54.250000000000007 1433.5000000000002
decision_type=2 9 2 2 9 2 2 2 2 2 2 9 2 2
left_child=2 -2 4 7 8 -4 -7 -3 -1 10 -9 -6 -13 -10
right_child=1 3 5 -5 11 6 -8 9 13 -11 -12 12 -14 -15
leaf_value=0.0026619746487160198 -0.0010842001943625103 -0.028341312312210598 0.0035136516128356256 -0.041868879481972682 -0.0012731121270917356 0.02730471303065618 0.0097547954868835718 -0.0096965276237045012 -0.0093711385509190788 -0.0017951976588015915 -0.0325775203704834 0.015148043028796011 0.0018245322172969721 -0.028019641319082845
leaf_weight=61 1820 30 576 42 1010 45 600 315 141 186 25 113 772 36
leaf_count=61 1820 30 576 42 1010 45 600 315 141 186 25 113 772 36
internal_value=-6.25099e-06 -0.00363754 0.00261165 -0.0112031 -0.000162196 0.00745737 0.0109792 -0.00908811 -0.00874055 -0.00799002 -0.011379 0.000956269 0.00348633 -0.0131641
internal_weight=5772 2418 3354 598 2133 1221 645 556 238 526 340 1895 885 177
internal_count=5772 2418 3354 598 2133 1221 645 556 238 526 340 1895 885 177
cat_boundaries=0 1 2 3
cat_threshold=12 2 16
is_linear=0
shrinkage=0.05


Tree=67
num_leaves=15
num_cat=1
split_feature=0 2 1 1 1 0 3 0 0 2 0 0 0 2
split_gain=20.2741 20.7383 14.6129 13.4164 8.98772 8.79199 8.2455 6.57098 6.02626 5.78078 5.7407 5.22451 4.37685 3.94077
threshold=61.250000000000007 4.5000000000000009 1201.5000000000002 1604.5000000000002 1835.0000000000002 53.250000000000007 0 71.500000000000014 56.750000000000007 3.5000000000000004 59.750000000000007 55.250000000000007 52.750000000000007 7.5000000000000009
decision_type=2 2 2 2 2 2 9 2 2 2 2 2 2 2
left_child=1 3 12 5 7 -1 8 13 -7 -5 -8 -4 -3 -2
right_child=4 2 11 9 -6 6 10 -9 -10 -11 -12 -13 -14 -15
leaf_value=0.02237932230345905 -0.015068470975705262 0.019908951610326769 0.0095064134178741641 -0.034019702552138147 0.020469136252067983 -0.0075253525934345852 -0.00025106460915336773 -0.041118068141596659 -0.027441321585016949 -0.011846392863052344 -0.011242215388651508 0.0040516400719971708 -0.001196357644942692 -0.00049706791399111003
leaf_weight=36 232 25 637 37 20 182 1379 21 48 143 130 1412 1412 58
leaf_count=36 232 25 637 37 20 182 1379 21 48 143 130 1412 1412 58
internal_value=-6.14263e-06 0.000724749 0.00303642 -0.00339724 -0.0120206 -0.00207822 -0.00258453 -0.01411 -0.011195 -0.0164042 -0.00119006 0.00574744 -0.000829181 -0.0121542
internal_weight=5772 5441 3486 1955 331 1775 1739 311 230 180 1509 2049 1437 290
internal_count=5772 5441 3486 1955 331 1775 1739 311 230 180 1509 2049 1437 290
cat_boundaries=0 1
cat_threshold=2
is_linear=0
shrinkage=0.05


Tree=68
num_leaves=15
num_cat=2
split_feature=0 2 2 3 0 3 0 0 1 2 0 2 1 1
split_gain=19.015 19.097 14.9686 12.1626 8.30195 7.92962 6.35253 6.27145 5.011 4.3423 5.01004 4.33382 6.71668 3.91592
threshold=58.250000000000007 3.5000000000000004 5.5000000000000009 0 65.750000000000014 1 54.250000000000007 52.250000000000007 1390.0000000000002 3.5000000000000004 55.250000000000007 3.5000000000000004 1207.0000000000002 1265.0000000000002
decision_type=2 2 2 9 2 9 2 2 2 2 2 2 2 2
left_child=2 -2 5 4 -3 9 -7 -4 -9 10 -1 12 -8 -11
right_child=1 3 7 -5 -6 6 11 8 -10 13 -12 -13 -14 -15
leaf_value=-0.0027855564179871954 -0.040612919546131582 -0.0090023666682823994 0.027446600027820647 -0.0011971250648626904 -0.035501802907674573 0.014136234160710491 0.0048688622827952107 0.0025151480589346749 0.0086508643793390839 -0.0046177562468288028 -0.017660970505973213 0.0034622648445954622 -0.012348539659533864 0.0012682687306161304
leaf_weight=134 35 387 34 1504 32 113 105 641 692 544 98 742 123 588
leaf_count=134 35 387 34 1504 32 113 105 641 692 544 98 742 123 588
internal_value=-5.83551e-06 -0.00401117 0.00205039 -0.00334499 -0.0107692 -0.000290806 0.00288999 0.00624125 0.00570038 -0.00281685 -0.00906914 0.00160965 -0.00441947 -0.00156035
internal_weight=5772 1958 3814 1923 419 2447 1083 1367 1333 1364 232 970 228 1132
internal_count=5772 1958 3814 1923 419 2447 1083 1367 1333 1364 232 970 228 1132
cat_boundaries=0 1 2
cat_threshold=16 18
is_linear=0
shrinkage=0.05


Tree=69
num_leaves=15
num_cat=1
split_feature=0 2 0 0 0 3 1 1 1 2 0 2 2 1
split_gain=17.537 14.872 11.6542 9.9362 9.75121 10.2136 8.85339 5.17649 11.9318 13.9099 8.2461 5.38976 4.75215 4.36596
threshold=56.250000000000007 3.5000000000000004 71.500000000000014 58.750000000000007 51.250000000000007 0 1290.0000000000002 2039.0000000000002 1960.0000000000002 4.5000000000000009 59.250000000000007 4.5000000000000009 3.5000000000000004 1207.0000000000002
decision_type=2 2 2 2 2 9 2 2 2 2 2 2 2 2
left_child=4 3 6 13 -1 12 -3 8 -8 -10 -11 -9 -6 -2
right_child=1 2 -4 -5 5 -7 7 11 9 10 -12 -13 -14 -15
leaf_value=0.030165441794430509 -0.0034119707678040173 -0.0037497690326772229 -0.038430563617675079 -0.043694584530133473 -0.0073623318170653075 0.0068898059018801198 0.0010497551624793486 -0.029625037653992575 -0.013152559570968151 0.018299495502094722 0.054072228865697985 -0.0034074330823191351 0.0013512813109524714 -0.018337659121817458
leaf_weight=34 99 1616 21 26 188 971 1558 24 25 49 24 107 933 97
leaf_count=34 99 1616 21 26 188 971 1558 24 25 49 24 107 933 97
internal_value=-5.64745e-06 -0.00211019 -0.00129707 -0.0146513 0.00360355 0.00317186 -0.00106791 0.00135731 0.0021142 0.0190367 0.0300604 -0.00821066 -0.000109083 -0.0107987
internal_weight=5772 3646 3424 222 2126 2092 3403 1787 1656 98 73 131 1121 196
internal_count=5772 3646 3424 222 2126 2092 3403 1787 1656 98 73 131 1121 196
cat_boundaries=0 1
cat_threshold=18
is_linear=0
shrinkage=0.05


Tree=70
num_leaves=15
num_cat=2
split_feature=0 2 1 1 0 3 3 1 0 0 0 1 0 1
split_gain=16.9853 14.9233 11.0815 10.8222 9.30918 8.91325 6.39633 5.16304 5.14349 4.94231 4.21318 3.68239 3.41306 3.38773
threshold=60.750000000000007 4.5000000000000009 2008.0000000000002 1201.5000000000002 52.750000000000007 0 1 1960.0000000000002 64.750000000000014 56.750000000000007 54.250000000000007 1195.0000000000002 52.750000000000007 1604.5000000000002
decision_type=2 2 2 2 2 9 9 2 2 2 2 2 2 2
left_child=1 2 4 12 -1 7 9 -2 11 -6 -5 -7 -3 -8
right_child=5 3 -4 10 6 8 13 -9 -10 -11 -12 -13 -14 -15
leaf_value=0.029471307450338553 -0.0065914698228497354 0.017699489325284961 -0.026723367181864188 0.010417156840403435 -0.0067973430266102712 -0.027064282610081137 -0.0007200717869304007 0.017978013100345497 -0.036836604898174606 -0.024689567966076235 0.0041268186299367425 -0.0039018678101333418 -0.00094204933310149596 -0.0096251331625567035
leaf_weight=23 304 25 47 316 197 32 1498 23 42 48 1689 37 1376 115
leaf_count=23 304 25 47 316 197 32 1498 23 42 48 1689 37 1376 115
internal_value=-4.76826e-06 0.00077247 -0.00274268 0.00276226 -0.00214348 -0.00947004 -0.00253484 -0.00471903 -0.0211369 -0.00989873 0.00511821 -0.0146439 -0.000609402 -0.00134662
internal_weight=5772 5334 1928 3406 1881 438 1858 327 111 245 2005 69 1401 1613
internal_count=5772 5334 1928 3406 1881 438 1858 327 111 245 2005 69 1401 1613
cat_boundaries=0 1 2
cat_threshold=4 2
is_linear=0
shrinkage=0.05


Tree=71
num_leaves=15
num_cat=1
split_feature=0 2 2 0 3 1 0 0 1 2 1 1 1 2
split_gain=15.745 14.4006 13.2394 8.75758 7.80304 5.62005 5.34614 5.19521 4.53281 3.60188 3.97933 3.89044 13.8293 3.5024
threshold=58.750000000000007 3.5000000000000004 5.5000000000000009 71.500000000000014 0 1390.0000000000002 54.250000000000007 52.250000000000007 1390.0000000000002 4.5000000000000009 1604.5000000000002 1960.0000000000002 2039.0000000000002 3.5000000000000004
decision_type=2 2 2 2 9 2 2 2 2 2 2 2 2 2
left_child=2 -2 4 5 13 -3 -6 -4 -9 10 -7 -11 -13 -1
right_child=1 3 7 -5 6 9 -8 8 -10 11 -12 12 -14 -15
leaf_value=-0.008588038320035055 -0.041117578042814365 -0.0058915596261196745 0.024698944715783003 -0.035675377066114115 0.01278913553177783 -0.0021056330225238686 0.0013800005425800143 0.0021187673727500029 0.0076814928281728999 0.00035577194025141319 -0.020407199821630986 0.035412310260451503 -0.0059635040540065949 -0.0019216179739498852
leaf_weight=236 26 856 34 21 113 136 1124 725 740 448 38 36 46 1193
leaf_count=236 26 856 34 21 113 136 1124 725 740 448 38 36 46 1193
internal_value=-4.52981e-06 -0.00420868 0.00161758 -0.0036017 -0.000496239 -0.00316994 0.0024028 0.00537703 0.00492861 0.000139301 -0.00610253 0.00218851 0.0122015 -0.00300158
internal_weight=5772 1607 4165 1581 2666 1560 1237 1499 1465 704 174 530 82 1429
internal_count=5772 1607 4165 1581 2666 1560 1237 1499 1465 704 174 530 82 1429
cat_boundaries=0 1
cat_threshold=18
is_linear=0
shrinkage=0.05


Tree=72
num_leaves=15
num_cat=1
split_feature=0 2 1 1 0 1 3 2 0 0 0 0 0 1
split_gain=14.5329 13.5087 10.6809 9.77494 6.97843 6.40279 5.28135 4.77115 4.56986 4.33672 3.78309 3.5171 3.30703 2.98301
threshold=61.250000000000007 4.5000000000000009 1604.5000000000002 1201.5000000000002 53.250000000000007 1519.0000000000002 0 3.5000000000000004 56.750000000000007 59.750000000000007 71.500000000000014 55.250000000000007 62.750000000000007 2105.0000000000005
decision_type=2 2 2 2 2 2 9 2 2 2 2 2 2 2
left_child=1 2 4 -3 -1 10 8 -4 -6 -8 -2 -5 -7 -9
right_child=5 3 7 11 6 12 9 13 -10 -11 -12 -13 -14 -15
leaf_value=0.020254136182160844 -0.011789474792725917 -0.00068136494857548796 -0.030321170107738396 0.0077816834629058631 -0.0056433297358555621 0.014122329735093649 -5.4445501325410226e-05 -0.0072650194033692652 -0.022986530976292368 -0.0096074887594351406 -0.033891608237865425 0.0033061363944462598 -0.0092793332538209285 -0.028085849098861217
leaf_weight=36 248 1437 37 637 182 36 1379 123 48 130 21 1412 26 20
leaf_count=36 248 1437 37 637 182 36 1379 123 48 130 21 1412 26 20
internal_value=-4.30335e-06 0.000614507 -0.0027123 0.00248023 -0.00153541 -0.0101764 -0.00198648 -0.0143178 -0.00887683 -0.000871662 -0.0135149 0.00469751 0.00430873 -0.010177
internal_weight=5772 5441 1955 3486 1775 331 1739 180 230 1509 269 2049 62 143
internal_count=5772 5441 1955 3486 1775 331 1739 180 230 1509 269 2049 62 143
cat_boundaries=0 1
cat_threshold=2
is_linear=0
shrinkage=0.05


Tree=73
num_leaves=15
num_cat=3
split_feature=0 3 2 3 0 0 3 2 1 2 0 1 0 1
split_gain=13.7272 13.456 16.2695 8.97509 7.09928 6.16312 4.28035 3.87779 4.31862 3.56987 4.90146 3.47008 2.68543 3.1667
threshold=57.250000000000007 0 3.5000000000000004 1 65.750000000000014 51.750000000000007 2 6.5000000000000009 1195.0000000000002 3.5000000000000004 55.250000000000007 1207.0000000000002 52.250000000000007 1002.0000000000001
decision_type=2 9 2 9 2 2 9 2 2 2 2 2 2 2
left_child=3 2 -2 9 7 -5 11 8 -4 10 -1 -7 -11 -14
right_child=1 -3 4 5 -6 6 -8 -9 -10 12 -12 -13 13 -15
leaf_value=0.013230987349034926 -0.048831674953301749 -0.00040386310939622143 -0.013188910790189518 0.024421131784096363 -0.030008602308225819 -0.0022672904201235015 0.00048797588084947651 0.0046579432371374853 -0.0042826345748288568 0.022086524863082629 -0.0077252886190849719 -0.01501094872825021 -0.0015917579199594912 0.006723655881102665
leaf_weight=38 24 2042 204 25 32 141 1350 77 409 26 105 86 128 1085
leaf_count=38 24 2042 204 25 32 141 1350 77 409 26 105 86 128 1085
internal_value=-4.08816e-06 -0.0025267 -0.00822184 0.00235283 -0.0069858 -0.000208718 -0.000600496 -0.00591808 -0.00724655 0.00528541 -0.00215649 -0.00679591 0.00618698 0.00584618
internal_weight=5772 2788 746 2984 722 1602 1577 690 613 1382 143 227 1239 1213
internal_count=5772 2788 746 2984 722 1602 1577 690 613 1382 143 227 1239 1213
cat_boundaries=0 1 2 3
cat_threshold=18 12 2
is_linear=0
shrinkage=0.05


Tree=74
num_leaves=15
num_cat=2
split_feature=0 2 2 3 3 0 0 0 1 1 1 2 1 0
split_gain=12.687 12.4657 10.6615 7.09897 6.26141 4.89035 4.36386 4.32171 3.57525 3.03494 4.28483 2.6983 5.72156 2.61832
threshold=58.750000000000007 3.5000000000000004 5.5000000000000009 0 1 65.750000000000014 54.250000000000007 52.250000000000007 1390.0000000000002 1519.0000000000002 1697.5000000000002 3.5000000000000004 1207.0000000000002 60.750000000000007
decision_type=2 2 2 9 9 2 2 2 2 2 2 2 2 2
left_child=2 -2 4 5 -1 9 -6 -4 -9 13 -11 12 -8 -3
right_child=1 3 7 -5 6 -7 11 8 -10 10 -12 -13 -14 -15
leaf_value=-0.0026889287550413313 -0.038117667846381667 -0.0070448629950222224 0.02244872331400128 -0.0014406196422423647 0.011535864877226078 -0.028508172800138711 0.0048666957494181897 0.0019214040445613451 0.0068617477771791479 0.021267981007695197 -0.010708814791657709 0.0024807835790599405 -0.010845550525374711 -0.018738016618590338
leaf_weight=1429 26 190 34 1253 113 32 108 725 740 20 22 891 125 64
leaf_count=1429 26 190 34 1253 113 32 108 725 740 20 22 891 125 64
internal_value=-3.87651e-06 -0.00377773 0.00145221 -0.003213 -0.000444684 -0.00964572 0.00215224 0.00482586 0.00441687 -0.0079324 0.00451823 0.00122801 -0.00356262 -0.00999117
internal_weight=5772 1607 4165 1581 2666 328 1237 1499 1465 296 42 1124 233 254
internal_count=5772 1607 4165 1581 2666 328 1237 1499 1465 296 42 1124 233 254
cat_boundaries=0 1 2
cat_threshold=16 18
is_linear=0
shrinkage=0.05


Tree=75
num_leaves=15
num_cat=2
split_feature=0 2 1 0 1 3 1 3 1 0 1 1 1 0
split_gain=11.7019 9.69604 9.14164 7.50832 7.45571 6.44892 4.11465 4.09533 3.81682 3.66554 2.94986 2.84297 3.54974 5.49336
threshold=60.750000000000007 4.5000000000000009 2008.0000000000002 52.750000000000007 1201.5000000000002 0 1960.0000000000002 1 1207.0000000000002 64.750000000000014 1195.0000000000002 1960.0000000000002 2008.0000000000002 54.750000000000007
decision_type=2 2 2 2 2 9 2 9 2 2 2 2 2 2
left_child=1 2 3 -1 -3 6 -2 8 -5 10 -7 -6 -13 -14
right_child=5 4 -4 7 11 9 -8 -9 -10 -11 -12 12 13 -15
leaf_value=0.02674455312283143 -0.0054940346090006642 -0.00055356442254916806 -0.023973137798144462 -0.0035826951094396135 0.0033814842221387893 -0.02340432396013057 0.016439557211149647 -0.0010491976937759794 -0.016623843253600872 -0.031022605395299344 -0.0026733518452257722 0.015953092054664116 0.017300827069688711 -0.00039275037900855141
leaf_weight=23 304 1401 47 158 1686 32 23 1613 87 42 37 107 62 150
leaf_count=23 304 1401 47 158 1686 32 23 1613 87 42 37 107 62 150
internal_value=-4.04039e-06 0.000641087 -0.00219232 -0.00164809 0.00224497 -0.00786045 -0.00383406 -0.00199956 -0.00789153 -0.0177752 -0.0122877 0.00420045 0.0085289 0.00478179
internal_weight=5772 5334 1928 1881 3406 438 327 1858 245 111 69 2005 319 212
internal_count=5772 5334 1928 1881 3406 438 327 1858 245 111 69 2005 319 212
cat_boundaries=0 1 2
cat_threshold=4 2
is_linear=0
shrinkage=0.05


Tree=76
num_leaves=15
num_cat=3
split_feature=0 3 2 3 0 0 2 1 3 1 2 0 0 1
split_gain=11.1377 10.8946 14.2502 7.10572 5.20618 4.98469 3.40042 3.65475 3.32231 2.83779 2.82621 4.32237 2.48466 2.41444
threshold=57.250000000000007 0 3.5000000000000004 1 51.250000000000007 65.750000000000014 6.5000000000000009 1195.0000000000002 2 1390.0000000000002 3.5000000000000004 55.250000000000007 58.750000000000007 1390.0000000000002
decision_type=2 9 2 9 2 2 2 2 9 2 2 2 2 2
left_child=3 2 -2 10 -5 6 7 -4 9 -6 11 -1 -8 -14
right_child=1 -3 5 4 8 -7 12 -9 -10 -11 -12 -13 13 -15
leaf_value=0.012557002524600217 -0.045402944305290779 -0.0003660233295638932 -0.012055857530018936 0.025189045388251542 -0.0025093116031228743 -0.025531633628997952 0.014929571002721787 -0.0038626819044069224 0.00047311719277772998 -0.014663330603228964 0.0055308006013254241 -0.0071224357755636444 -0.01547758203177225 0.0079717910970034805
leaf_weight=38 24 2042 204 20 158 32 33 409 1355 69 1239 105 21 23
leaf_count=38 24 2042 204 20 158 32 33 409 1355 69 1239 105 21 23
internal_value=-3.92926e-06 -0.00227618 -0.00740068 0.00211907 -0.000160456 -0.00623995 -0.00534527 -0.00658929 -0.000481944 -0.00594195 0.00472843 -0.00189293 0.00455841 -0.00321996
internal_weight=5772 2788 746 2984 1602 722 690 613 1582 227 1382 143 77 44
internal_count=5772 2788 746 2984 1602 722 690 613 1582 227 1382 143 77 44
cat_boundaries=0 1 2 3
cat_threshold=18 12 2
is_linear=0
shrinkage=0.05


Tree=77
num_leaves=15
num_cat=2
split_feature=0 2 2 3 3 0 0 0 2 0 1 0 2 1
split_gain=10.3841 11.4915 7.61416 7.3099 4.24154 3.71016 3.48491 3.468 2.78303 3.8908 2.68492 6.41807 2.52697 2.47894
threshold=58.250000000000007 3.5000000000000004 5.5000000000000009 0 1 52.250000000000007 65.750000000000014 54.250000000000007 7.5000000000000009 61.750000000000007 1804.0000000000002 52.250000000000007 4.5000000000000009 1390.0000000000002
decision_type=2 2 2 9 9 2 2 2 2 2 2 2 2 2
left_child=2 -2 4 6 10 -4 8 -6 9 12 11 -1 -3 -7
right_child=1 3 5 -5 7 13 -8 -9 -10 -11 -12 -13 -14 -15
leaf_value=0.021795417256011019 -0.031356322132050994 -0.012789038031228951 0.020814925903344855 -0.00078386165304613481 0.010481646197098019 0.0018484386784015311 -0.024255052278749648 0.0012261668198927098 0.010184496387161991 -0.023497318745766944 -0.010845319470275699 -0.0019969588688328161 -0.0033818528841295585 0.0061639846312662727
leaf_weight=29 35 105 34 1504 113 641 32 970 22 37 81 1254 223 692
leaf_count=29 35 105 34 1504 113 641 32 970 22 37 81 1254 223 692
internal_value=-3.72347e-06 -0.00296361 0.0015158 -0.00244684 -0.000153977 0.00450478 -0.00820165 0.00217183 -0.00708616 -0.00812713 -0.00200189 -0.00145917 -0.0063933 0.00408877
internal_weight=5772 1958 3814 1923 2447 1367 419 1083 387 365 1364 1283 328 1333
internal_count=5772 1958 3814 1923 2447 1367 419 1083 387 365 1364 1283 328 1333
cat_boundaries=0 1 2
cat_threshold=16 18
is_linear=0
shrinkage=0.05


Tree=78
num_leaves=15
num_cat=2
split_feature=0 0 1 2 1 1 3 2 1 3 0 1 0 0
split_gain=9.42083 7.76428 7.91318 7.22924 9.36752 5.44733 4.72351 4.6669 3.71168 3.3446 3.15151 2.93967 2.8288 2.71281
threshold=60.750000000000007 53.750000000000007 2450.0000000000005 4.5000000000000009 1604.5000000000002 1201.5000000000002 0 3.5000000000000004 1960.0000000000002 1 56.750000000000007 2350.0000000000005 64.750000000000014 51.250000000000007
decision_type=2 2 2 2 2 2 9 2 2 9 2 2 2 2
left_child=1 13 3 4 9 -5 8 -6 -2 10 -3 -7 -8 -1
right_child=6 2 -4 5 7 11 12 -9 -10 -11 -12 -13 -14 -15
leaf_value=0.02292789363247507 -0.0051568102673627443 -0.0040821558043697024 0.031578324791043999 -0.00093185090504478848 -0.030065023643629892 0.0034857727559781402 -0.010727450964243516 -0.0094441985116316407 0.015675073171429254 -0.00042248189625105254 -0.018501324577179425 -0.012039361261732636 -0.027185693436435295 0.0075004575088810687
leaf_weight=34 304 180 20 1347 35 1856 69 127 23 1480 48 31 42 176
leaf_count=34 304 180 20 1347 35 1856 69 127 23 1480 48 31 42 176
internal_value=-3.60521e-06 0.00057524 0.000189051 6.60525e-05 -0.00240858 0.00149696 -0.00705282 -0.0138993 -0.00358203 -0.00131871 -0.0068187 0.00323072 -0.0155537 0.00999823
internal_weight=5772 5334 5124 5104 1870 3234 438 162 327 1708 228 1887 111 210
internal_count=5772 5334 5124 5104 1870 3234 438 162 327 1708 228 1887 111 210
cat_boundaries=0 1 2
cat_threshold=4 2
is_linear=0
shrinkage=0.05


Tree=79
num_leaves=15
num_cat=1
split_feature=0 2 3 0 2 1 0 0 0 0 1 2 1 0
split_gain=9.02225 9.77469 7.7781 5.87997 4.46089 3.65688 3.87333 4.74238 3.28367 3.27662 4.17494 4.01043 3.5128 3.10447
threshold=58.750000000000007 3.5000000000000004 0 71.500000000000014 6.5000000000000009 1390.0000000000002 64.250000000000014 61.750000000000007 51.750000000000007 55.250000000000007 2242.5000000000005 3.5000000000000004 1207.0000000000002 67.250000000000014
decision_type=2 2 9 2 2 2 2 2 2 2 2 2 2 2
left_child=2 -2 4 5 8 6 7 -3 -1 -4 11 12 -11 -8
right_child=1 3 9 -5 -6 -7 13 -9 -10 10 -12 -13 -14 -15
leaf_value=0.016461517188387613 -0.033594277411556017 -0.0040571956372218825 0.0062447071840556773 -0.028966990805097986 0.0058407139416186303 0.00033732954947150907 0.019972970283457212 -0.016359841263726017 -0.0021614806628801578 0.0026410999433382561 -0.020677838646806779 0.003296593258401849 -0.010658692266756239 -0.0037890962428516815
leaf_weight=24 26 713 650 21 208 704 28 88 1722 95 20 1342 104 27
leaf_count=24 26 713 650 21 208 704 28 88 1722 95 20 1342 104 27
internal_value=-3.46157e-06 -0.00318593 0.00122444 -0.00268585 -0.00107542 -0.00233207 -0.00452746 -0.0054088 -0.00190549 0.00324716 0.00201978 0.00231436 -0.00430955 0.00830796
internal_weight=5772 1607 4165 1581 1954 1560 856 801 1746 2211 1561 1541 199 55
internal_count=5772 1607 4165 1581 1954 1560 856 801 1746 2211 1561 1541 199 55
cat_boundaries=0 1
cat_threshold=18
is_linear=0
shrinkage=0.05


Tree=80
num_leaves=15
num_cat=2
split_feature=0 3 2 0 3 0 1 1 2 1 1 1 0 0
split_gain=8.36873 8.13262 12.1039 4.98831 4.09798 3.85388 3.18598 2.95717 2.53436 2.49381 2.76163 6.00634 6.10896 3.47725
threshold=56.750000000000007 0 3.5000000000000004 51.250000000000007 1 60.250000000000007 1519.0000000000002 2350.0000000000005 6.5000000000000009 2242.5000000000005 1960.0000000000002 2008.0000000000002 59.250000000000007 59.250000000000007
decision_type=2 9 2 2 9 2 2 2 2 2 2 2 2 2
left_child=3 2 -2 -1 7 -4 8 -5 -7 10 13 12 -12 -3
right_child=1 9 5 4 -6 6 -8 -9 -10 -11 11 -13 -14 -15
leaf_value=0.021184387824991172 -0.032107904980458866 0.0014239526102951875 -0.0029497771404962871 0.0037780087145092632 7.9411269590128717e-06 -0.011214457871827567 0.0069172640144824979 0.023174477554857732 -0.029192502175768215 -0.012561081469250033 0.0062109812681052472 -0.0026427017382553058 0.041138277752768432 -0.0027125426037447205
leaf_weight=34 41 1281 787 1124 1338 107 20 20 24 39 31 63 21 842
leaf_count=34 41 1281 787 1124 1338 107 20 20 24 39 31 63 21 842
internal_value=-3.28846e-06 -0.00167688 -0.00546018 0.00216254 0.00190196 -0.00435362 -0.0116703 0.00408143 -0.0145081 -2.61503e-05 0.00019217 0.00773873 0.0203162 -0.000216617
internal_weight=5772 3256 979 2516 2482 938 151 1144 131 2277 2238 115 52 2123
internal_count=5772 3256 979 2516 2482 938 151 1144 131 2277 2238 115 52 2123
cat_boundaries=0 1 2
cat_threshold=18 4
is_linear=0
shrinkage=0.05


Tree=81
num_leaves=15
num_cat=2
split_feature=0 2 2 3 3 0 0 1 0 0 2 0 1 2
split_gain=7.68721 9.02986 5.7623 5.6904 3.04236 2.89363 2.76108 2.44982 4.88958 2.38068 2.45776 3.05436 2.27606 4.82824
threshold=58.250000000000007 3.5000000000000004 5.5000000000000009 0 1 52.250000000000007 54.250000000000007 1804.0000000000002 52.250000000000007 65.750000000000014 7.5000000000000009 61.750000000000007 1325.0000000000002 3.5000000000000004
decision_type=2 2 2 9 9 2 2 2 2 2 2 2 2 2
left_child=2 -2 4 9 7 -4 -6 8 -1 10 11 -3 -10 -14
right_child=1 3 5 -5 6 -7 -8 -9 12 -11 -12 -13 13 -15
leaf_value=0.019104130283511919 -0.027718456991549054 -0.0056982472408335753 0.018308487030513146 -0.00062545383452250816 0.0092351984273873079 0.0035371011810025111 0.00097674428665357619 -0.010159139366199573 -0.0034205791063546816 -0.02044668251182884 0.0099738480692560041 -0.020852643669255683 -0.011587275264249531 0.0028186015766789789
leaf_weight=29 35 328 34 1504 113 1333 970 81 746 32 22 37 67 441
leaf_count=29 35 328 34 1504 113 1333 970 81 746 32 22 37 67 441
internal_value=-3.12336e-06 -0.00254981 0.00130427 -0.00209172 -0.000148323 0.00390449 0.00182161 -0.00171322 -0.00119336 -0.00716886 -0.0062562 -0.00723445 -0.00166276 0.000918614
internal_weight=5772 1958 3814 1923 2447 1367 1083 1364 1283 419 387 365 1254 508
internal_count=5772 1958 3814 1923 2447 1367 1083 1364 1283 419 387 365 1254 508
cat_boundaries=0 1 2
cat_threshold=16 18
is_linear=0
shrinkage=0.05


Tree=82
num_leaves=15
num_cat=1
split_feature=0 2 0 1 0 0 1 1 1 2 0 3 1 1
split_gain=7.09183 7.38638 5.68718 5.64945 5.52107 4.01915 4.00835 3.99286 8.79115 9.40257 6.35575 3.82744 3.2972 5.93349
threshold=56.250000000000007 3.5000000000000004 71.500000000000014 1207.0000000000002 57.750000000000007 51.250000000000007 1290.0000000000002 2039.0000000000002 1960.0000000000002 4.5000000000000009 59.250000000000007 0 2450.0000000000005 2260.0000000000005
decision_type=2 2 2 2 2 2 2 2 2 2 2 9 2 2
left_child=5 3 6 -2 -5 -1 -3 8 -8 -10 -11 -7 13 -9
right_child=1 2 -4 4 -6 11 7 12 9 10 -12 -13 -14 -15
leaf_value=0.019344976730644704 -0.002416150193261146 -0.0024127462837832988 -0.026708469735015006 -0.011524956504213094 -0.037033230612247156 5.2402344401382322e-06 0.00077470219991093963 -0.0052046634220214716 -0.010251025758683682 0.01495207873819282 0.04635797040537 0.0042909542967819797 0.01077533090886261 -0.034751897597951546
leaf_weight=34 114 1616 21 79 29 1121 1558 89 25 49 24 971 21 21
leaf_count=34 114 1616 21 79 29 1121 1558 89 25 49 24 971 21 21
internal_value=-3.02141e-06 -0.00134134 -0.000768296 -0.0101796 -0.0183744 0.00229214 -0.000608218 0.00102363 0.00168838 0.016214 0.0252773 0.00201499 -0.00737956 -0.0108455
internal_weight=5772 3646 3424 222 108 2126 3403 1787 1656 98 73 2092 131 110
internal_count=5772 3646 3424 222 108 2126 3403 1787 1656 98 73 2092 131 110
cat_boundaries=0 1
cat_threshold=18
is_linear=0
shrinkage=0.05


Tree=83
num_leaves=15
num_cat=1
split_feature=0 1 2 1 1 0 2 1 0 3 0 0 0 0
split_gain=6.81485 7.05038 5.76619 8.86405 4.71974 4.17011 3.877 3.69508 2.6154 2.56096 5.40937 2.29436 3.67978 2.13838
threshold=61.250000000000007 2450.0000000000005 4.5000000000000009 1604.5000000000002 1201.5000000000002 53.250000000000007 3.5000000000000004 1519.0000000000002 62.750000000000007 0 58.250000000000007 71.500000000000014 63.750000000000007 61.750000000000007
decision_type=2 2 2 2 2 2 2 2 2 9 2 2 2 2
left_child=1 2 3 5 -4 -1 -5 11 -9 10 -7 12 13 -2
right_child=7 -3 4 6 -6 9 -8 8 -10 -11 -12 -13 -14 -15
leaf_value=0.016042336981950536 -0.0047923443131838682 0.030053298212587832 -0.00065865213566355376 -0.027200073293513722 0.0030850109219673284 -0.0016515817873468586 -0.0088025768564174156 0.012763084202176995 -0.0080481130361127178 0.00066360951812993816 -0.013858132730596341 -0.025373047004852978 -0.00022971259996942855 -0.017097221860689495
leaf_weight=36 54 20 1437 36 2033 713 140 36 26 922 104 21 92 102
leaf_count=36 54 20 1437 36 2033 713 140 36 26 922 104 21 92 102
internal_value=-2.49817e-06 0.000421252 0.000311929 -0.00186283 0.00153468 -0.000801586 -0.0125657 -0.00696813 0.00403581 -0.00115028 -0.00316665 -0.00950435 -0.00816063 -0.0128378
internal_weight=5772 5441 5421 1951 3470 1775 176 331 62 1739 817 269 248 156
internal_count=5772 5441 5421 1951 3470 1775 176 331 62 1739 817 269 248 156
cat_boundaries=0 1
cat_threshold=18
is_linear=0
shrinkage=0.05


Tree=84
num_leaves=15
num_cat=1
split_feature=0 2 3 0 2 1 0 0 0 0 2 1 1 1
split_gain=6.39516 7.42292 5.55257 4.06749 3.62313 2.56456 3.85883 3.54019 2.70983 2.4927 2.33635 3.21162 2.38493 10.0371
threshold=58.750000000000007 3.5000000000000004 0 71.500000000000014 6.5000000000000009 1390.0000000000002 64.250000000000014 61.750000000000007 67.250000000000014 58.250000000000007 4.5000000000000009 1604.5000000000002 1960.0000000000002 2039.0000000000002
decision_type=2 2 9 2 2 2 2 2 2 2 2 2 2 2
left_child=2 -2 4 5 9 6 7 -3 -8 -1 11 -7 -12 -14
right_child=1 3 -4 -5 -6 10 8 -9 -10 -11 12 -13 13 -15
leaf_value=-0.0012320891205540455 -0.029180630497061291 -0.0035020472505358463 0.0027404912794774124 -0.024104394302481697 0.0053215830192829558 -0.001152578674202018 0.019919622277042696 -0.01413156793727963 -0.0022808162150559602 -0.010010849703103305 0.00049924679167036507 -0.01759423482182779 0.029547964698738521 -0.0057013777914740474
leaf_weight=1661 26 713 2211 21 208 136 28 88 27 85 448 38 36 46
leaf_count=1661 26 713 2211 21 208 136 28 88 27 85 448 38 36 46
internal_value=-2.31575e-06 -0.00268168 0.00103148 -0.0022459 -0.000911677 -0.00195165 -0.00379015 -0.00466983 0.00902123 -0.00165946 0.000283799 -0.00474329 0.0019342 0.00977394
internal_weight=5772 1607 4165 1581 1954 1560 856 801 55 1746 704 174 530 82
internal_count=5772 1607 4165 1581 1954 1560 856 801 55 1746 704 174 530 82
cat_boundaries=0 1
cat_threshold=18
is_linear=0
shrinkage=0.05


Tree=85
num_leaves=15
num_cat=1
split_feature=0 3 0 0 0 2 0 1 1 1 1 2 2 1
split_gain=6.0087 8.3595 6.91158 4.46627 3.25476 3.15591 3.66299 2.90168 2.64389 5.67308 2.21319 5.38387 2.11375 3.99227
threshold=55.250000000000007 0 57.750000000000007 69.250000000000014 51.250000000000007 6.5000000000000009 60.750000000000007 2350.0000000000005 2190.0000000000005 1835.0000000000002 1290.0000000000002 3.5000000000000004 4.5000000000000009 1604.5000000000002
decision_type=2 9 2 2 2 2 2 2 2 2 2 2 2 2
left_child=4 2 -2 5 -1 6 10 12 9 -7 -3 -12 13 -6
right_child=1 3 -4 -5 7 8 -8 -9 -10 -11 11 -13 -14 -15
leaf_value=0.018120223858996348 -0.0091460286676514867 -0.0019654949040164272 -0.041317840851843361 -0.01675600499230703 0.00051695141793676135 0.0021273479860147615 -0.0068682060214170981 0.018689445340660988 -0.010047225618327502 0.021713216473849922 -0.010165565159219693 0.0014286076344125216 0.0033968302616796072 -0.018186956116011472
leaf_weight=34 101 1496 20 42 358 711 249 27 40 39 107 1559 958 31
leaf_count=34 101 1496 20 42 358 711 249 27 40 39 107 1559 958 31
internal_value=-1.96257e-06 -0.000918301 -0.0133596 -0.000530769 0.00283817 -0.000369819 -0.00102934 0.00246001 0.00247781 0.00314581 -0.000569543 0.000683964 0.0021347 -0.000973591
internal_weight=5772 4364 121 4243 1408 4201 3411 1374 790 750 3162 1666 1347 389
internal_count=5772 4364 121 4243 1408 4201 3411 1374 790 750 3162 1666 1347 389
cat_boundaries=0 1
cat_threshold=2
is_linear=0
shrinkage=0.05


Tree=86
num_leaves=15
num_cat=1
split_feature=3 0 1 0 0 0 2 1 1 1 2 2 1 1
split_gain=5.70645 7.71212 4.90694 4.17827 3.66803 2.58029 2.45766 2.43217 2.41323 6.12981 4.40379 2.11615 2.74409 2.19801
threshold=0 62.750000000000007 1082.5000000000002 55.750000000000007 58.250000000000007 51.750000000000007 4.5000000000000009 2209.0000000000005 1595.0000000000002 1325.0000000000002 5.5000000000000009 3.5000000000000004 1207.0000000000002 1195.0000000000002
decision_type=9 2 2 2 2 2 2 2 2 2 2 2 2 2
left_child=1 4 -3 7 5 -1 -6 -2 9 -8 -11 12 -7 -13
right_child=3 2 -4 -5 6 11 8 -9 -10 10 -12 13 -14 -15
leaf_value=0.015384862828301267 0.0039560597195093961 -0.0032363815009593963 -0.032603580369190741 0.00033921206380873589 -0.01212319901311084 -0.0010660172010270449 -0.0061167014232187565 0.019226989536373706 -0.014943177203990913 -0.0029219420626759533 0.02560650559683 -0.0032907721664887329 -0.012409829979433733 0.00094185103242723674
leaf_weight=25 760 25 33 2697 114 143 165 27 38 24 31 413 85 1192
leaf_count=25 760 25 33 2697 114 143 165 27 38 24 31 413 85 1192
internal_value=-1.86446e-06 -0.00193705 -0.0199453 0.00127092 -0.00147736 -0.000569998 -0.00600932 0.00447997 -0.00330783 -0.00129809 0.0131577 -0.000787604 -0.00529507 -0.000147291
internal_weight=5772 2288 58 3484 2230 1858 372 787 258 220 55 1833 228 1605
internal_count=5772 2288 58 3484 2230 1858 372 787 258 220 55 1833 228 1605
cat_boundaries=0 1
cat_threshold=18
is_linear=0
shrinkage=0.05


Tree=87
num_leaves=15
num_cat=2
split_feature=0 3 0 1 1 0 1 2 0 0 1 3 0 1
split_gain=5.21729 5.96183 8.24033 4.90923 5.57989 4.81899 3.781 6.53199 5.14827 3.90531 2.60441 2.42139 2.46907 2.32102
threshold=53.750000000000007 0 57.750000000000007 2450.0000000000005 2350.0000000000005 68.250000000000014 1390.0000000000002 3.5000000000000004 65.750000000000014 61.750000000000007 1207.0000000000002 1 59.250000000000007 1960.0000000000002
decision_type=2 9 2 2 2 2 2 2 2 2 2 9 2 2
left_child=13 2 10 4 5 6 8 -8 9 11 -2 -3 -13 -1
right_child=1 3 -4 -5 -6 -7 7 -9 -10 -11 -12 12 -14 -15
leaf_value=0.0059823853598178307 -0.0011982467042268826 -0.0026557136179361242 -0.038882245663553479 0.021328110033991161 -0.019944515828849818 -0.016583961335032486 -0.010582180780161602 0.0022278683166224293 0.024252580776810646 -0.010573273031128066 -0.012434101306901472 0.0014854277339214489 -0.003158176712811633 0.023504183636534781
leaf_weight=189 139 1074 20 27 35 43 104 2307 20 107 82 1231 373 21
leaf_count=189 139 1074 20 27 35 43 104 2307 20 107 82 1231 373 21
internal_value=-1.7712e-06 -0.000293866 -0.00782389 6.17737e-05 -4.65704e-05 8.58556e-05 0.000223279 0.0016753 -0.00102478 -0.00120631 -0.00536721 -0.000832051 0.000403074 0.00773457
internal_weight=5772 5562 241 5321 5294 5259 5216 2411 2805 2785 221 2678 1604 210
internal_count=5772 5562 241 5321 5294 5259 5216 2411 2805 2785 221 2678 1604 210
cat_boundaries=0 1 2
cat_threshold=2 16
is_linear=0
shrinkage=0.05


Tree=88
num_leaves=15
num_cat=2
split_feature=0 3 2 0 2 1 1 0 2 1 1 2 0 3
split_gain=5.07464 5.49272 8.29465 3.16325 3.38079 4.58041 3.17672 2.22032 2.38545 2.48991 2.09472 2.48148 1.88853 1.83278
threshold=57.250000000000007 0 3.5000000000000004 53.750000000000007 3.5000000000000004 1207.0000000000002 1195.0000000000002 65.750000000000014 6.5000000000000009 1195.0000000000002 1960.0000000000002 3.5000000000000004 58.750000000000007 1
decision_type=2 9 2 2 2 2 2 2 2 2 2 2 2 9
left_child=3 2 -2 10 5 -5 -6 8 9 -4 11 -1 -10 -8
right_child=1 -3 7 4 6 -7 13 -9 12 -11 -12 -13 -14 -15
leaf_value=0.021887920956526485 -0.034161219707069299 -0.00018020319314859061 -0.0092392789373429967 0.0016804952740257736 -0.0017594022051205139 -0.0090663376599600855 0.0010539942025176022 -0.017157679982483388 0.013651570587447197 -0.002476650444733225 0.022328974075970197 0.003657684295016918 -0.0021716223183003338 0.0042272365530883161
leaf_weight=21 24 2042 204 215 519 184 930 32 33 409 21 168 44 926
leaf_count=21 24 2042 204 215 519 184 930 32 33 409 21 168 44 926
internal_value=-1.91271e-06 -0.00153569 -0.00517424 0.00143112 0.000983208 -0.00327544 0.00169866 -0.00428235 -0.00368524 -0.00472718 0.00734784 0.00568327 0.00460975 0.00266565
internal_weight=5772 2788 746 2984 2774 399 2375 722 690 613 210 189 77 1856
internal_count=5772 2788 746 2984 2774 399 2375 722 690 613 210 189 77 1856
cat_boundaries=0 1 2
cat_threshold=18 16
is_linear=0
shrinkage=0.05


Tree=89
num_leaves=15
num_cat=1
split_feature=0 2 2 0 3 1 0 0 0 0 1 0 0 1
split_gain=4.73949 6.02035 4.11118 3 2.25683 2.32773 3.50405 2.12334 1.98249 1.92959 2.74387 2.81126 2.37686 2.09383
threshold=58.750000000000007 3.5000000000000004 5.5000000000000009 71.500000000000014 0 1804.0000000000002 52.250000000000007 52.250000000000007 54.250000000000007 64.250000000000014 1390.0000000000002 61.750000000000007 68.250000000000014 1390.0000000000002
decision_type=2 2 2 2 9 2 2 2 2 2 2 2 2 2
left_child=2 -2 4 9 5 6 -1 -4 -6 10 11 -3 13 -11
right_child=1 3 7 -5 8 -7 -8 -9 -10 12 -12 -13 -14 -15
leaf_value=0.016045110553888412 -0.026172466540279299 -0.0030243252882104351 0.015336131370242903 -0.020687808664072129 0.0075932061777705647 -0.0097745106308664911 -0.0015254561066666043 0.002696863947966241 0.00064556248274443711 0.01784530015757833 0.0002659160220404993 -0.012496518060057001 -0.0077428758687650163 -0.0011759960376050162
leaf_weight=29 26 713 34 21 113 83 1317 1465 1124 39 673 88 24 23
leaf_count=29 26 713 34 21 113 83 1317 1465 1124 39 673 88 24 23
internal_value=-1.37518e-06 -0.00230797 0.00088859 -0.00191552 -0.000289331 -0.00163655 -0.00114689 0.00298355 0.00126996 -0.00166281 -0.00208757 -0.00406497 0.00561732 0.010789
internal_weight=5772 1607 4165 1581 2666 1429 1346 1499 1237 1560 1474 801 86 62
internal_count=5772 1607 4165 1581 2666 1429 1346 1499 1237 1560 1474 801 86 62
cat_boundaries=0 1
cat_threshold=18
is_linear=0
shrinkage=0.05


Tree=90
num_leaves=15
num_cat=1
split_feature=1 0 3 1 1 1 0 1 0 0 2 0 2 0
split_gain=4.48043 4.42786 3.76077 3.60407 17.5778 2.82359 2.60662 3.47343 3.69051 2.6012 2.26094 2.27314 2.25887 2.4612
threshold=2450.0000000000005 59.250000000000007 0 2008.0000000000002 1960.0000000000002 1604.5000000000002 68.250000000000014 942.50000000000011 64.750000000000014 60.750000000000007 8.5000000000000018 57.750000000000007 6.5000000000000009 58.250000000000007
decision_type=2 2 9 2 2 2 2 2 2 2 2 2 2 2
left_child=1 2 12 4 5 6 7 -3 -9 -7 -4 -12 13 -1
right_child=-2 3 10 -5 -6 9 -8 8 -10 -11 11 -13 -14 -15
leaf_value=-0.0010277223515685863 0.020318976930273628 -0.016963344733966025 0.0015486120627350667 -0.019704400026990521 0.039905175364886719 -0.006156594856231018 -0.014726652153009593 -0.002233951725183697 0.012764540869136191 -0.026388273434713484 0.0047115884128245801 0.021137667298899033 0.0037793677847738887 -0.0075589012109992821
leaf_weight=1657 27 38 2460 31 24 47 43 888 43 24 85 28 219 158
leaf_count=1657 27 38 2460 31 24 47 43 888 43 24 85 28 219 158
internal_value=-1.30644e-06 -9.68065e-05 0.00059309 -0.00288973 -0.00241886 -0.00335679 -0.00268056 -0.00214601 -0.00154122 -0.0129955 0.00185905 0.00878177 -0.00101251 -0.00159628
internal_weight=5772 5745 4607 1138 1107 1083 1012 969 931 71 2573 113 2034 1815
internal_count=5772 5745 4607 1138 1107 1083 1012 969 931 71 2573 113 2034 1815
cat_boundaries=0 1
cat_threshold=18
is_linear=0
shrinkage=0.05


Tree=91
num_leaves=15
num_cat=1
split_feature=0 3 2 0 0 1 2 1 0 1 0 2 1 1
split_gain=4.07733 4.49951 7.77752 2.60946 2.25495 2.22437 1.96622 1.94844 3.75793 4.27489 1.87532 1.81552 4.91554 3.18915
threshold=56.750000000000007 0 3.5000000000000004 51.250000000000007 65.750000000000014 2242.5000000000005 6.5000000000000009 1519.0000000000002 59.250000000000007 1195.0000000000002 60.750000000000007 3.5000000000000004 1207.0000000000002 1201.5000000000002
decision_type=2 9 2 2 2 2 2 2 2 2 2 2 2 2
left_child=3 2 -2 -1 6 -3 10 8 9 -8 -4 12 -5 -13
right_child=1 5 4 11 -6 -7 7 -9 -10 -11 -12 13 -14 -15
leaf_value=0.015268403417704739 -0.025340351744032485 0.00026430288788502462 -0.0027317531076340306 0.003264657952822745 -0.016136943583842368 -0.011780307845522961 0.024974863585971653 0.017676253297499247 -0.01741022907552265 -0.0046467709644087436 -0.011846775433323423 -0.00050618177660800498 -0.0084932964271865787 0.0034542597305880066
leaf_weight=34 41 2238 753 200 32 39 21 21 21 29 61 844 160 1278
leaf_count=34 41 2238 753 200 32 39 21 21 21 29 61 844 160 1278
internal_value=-1.24107e-06 -0.00116942 -0.00398352 0.00151052 -0.00309248 5.77516e-05 -0.00263175 0.00429676 0.00033945 0.00779432 -0.00341482 0.00132205 -0.0019611 0.00187904
internal_weight=5772 3256 979 2516 938 2277 906 92 71 50 814 2482 360 2122
internal_count=5772 3256 979 2516 938 2277 906 92 71 50 814 2482 360 2122
cat_boundaries=0 1
cat_threshold=18
is_linear=0
shrinkage=0.05


Tree=92
num_leaves=15
num_cat=1
split_feature=1 0 3 1 1 1 0 0 1 0 2 0 0 1
split_gain=4.18859 3.77345 3.2813 3.25344 15.8104 2.59535 2.35618 2.26652 3.06436 3.49286 2.02509 2.08486 1.91469 2.25597
threshold=2450.0000000000005 59.250000000000007 0 2008.0000000000002 1960.0000000000002 1604.5000000000002 60.750000000000007 68.250000000000014 942.50000000000011 64.750000000000014 8.5000000000000018 57.750000000000007 53.250000000000007 1709.5000000000002
decision_type=2 2 9 2 2 2 2 2 2 2 2 2 2 2
left_child=1 2 12 4 5 7 -7 8 -3 -10 -4 -12 13 -1
right_child=-2 3 10 -5 -6 6 -8 -9 9 -11 11 -13 -14 -15
leaf_value=0.0093878038142376202 0.019646163663343975 -0.015884651243686678 0.0014319704278460722 -0.018647635794214665 0.037915426663433512 -0.0058460437821501749 -0.025101281469687819 -0.013698394735192144 -0.0020730351571671178 0.0125182970665222 0.0043794987324166437 0.020110585289408588 -0.0013135150509588054 -0.009341221442446113
leaf_weight=82 27 38 2460 31 24 47 24 43 888 43 85 28 1932 20
leaf_count=82 27 38 2460 31 24 47 24 43 888 43 85 28 1932 20
internal_value=-1.17907e-06 -9.35165e-05 0.000543361 -0.00267181 -0.00222443 -0.00311395 -0.0123549 -0.00246563 -0.00196717 -0.00139911 0.0017259 0.00827747 -0.000956329 0.00571545
internal_weight=5772 5745 4607 1138 1107 1083 71 1012 969 931 2573 113 2034 102
internal_count=5772 5745 4607 1138 1107 1083 71 1012 969 931 2573 113 2034 102
cat_boundaries=0 1
cat_threshold=18
is_linear=0
shrinkage=0.05


Tree=93
num_leaves=15
num_cat=1
split_feature=1 0 1 3 0 1 2 0 0 0 1 2 1 2
split_gain=3.7802 3.54336 4.75563 4.37159 6.13018 3.08905 5.26608 2.49385 4.32713 2.927 2.00472 2.25538 1.95774 1.90455
threshold=2450.0000000000005 53.750000000000007 2350.0000000000005 0 57.750000000000007 1390.0000000000002 3.5000000000000004 68.250000000000014 65.750000000000014 61.750000000000007 1960.0000000000002 3.5000000000000004 1207.0000000000002 7.5000000000000009
decision_type=2 2 2 9 2 2 2 2 2 2 2 2 2 2
left_child=1 10 3 4 12 7 -7 8 9 -5 11 -1 -3 -8
right_child=-2 2 -4 5 -6 6 13 -9 -10 -11 -12 -13 -14 -15
leaf_value=0.020106549773897447 0.018663855383379592 -0.00092304248342679133 -0.018702961916902235 -0.00072129901280092656 -0.033444633805193011 -0.0096035572530057001 0.001403861979334493 -0.015875155798026494 0.022295116111636162 -0.0091545842605355743 0.020941954114962191 0.0027266633454322196 -0.010664621345335391 0.0060566855628588585
leaf_weight=21 27 139 35 2678 20 104 2076 28 20 107 21 168 82 246
leaf_count=21 27 139 35 2678 20 104 2076 28 20 107 21 168 82 246
internal_value=-1.1201e-06 -8.88406e-05 -0.000330711 -0.000213797 -0.00666014 9.40996e-05 0.00140379 -0.0010271 -0.000878887 -0.00104531 0.00628618 0.00465776 -0.00453756 0.0018968
internal_weight=5772 5745 5535 5500 241 5259 2426 2833 2805 2785 210 189 221 2322
internal_count=5772 5745 5535 5500 241 5259 2426 2833 2805 2785 210 189 221 2322
cat_boundaries=0 1
cat_threshold=2
is_linear=0
shrinkage=0.05


Tree=94
num_leaves=15
num_cat=1
split_feature=0 2 1 2 3 0 1 0 1 0 1 1 2 1
split_gain=3.58093 3.95487 8.2833 3.19051 2.6588 1.68823 1.59465 1.58344 1.48068 1.48272 2.67702 2.03441 1.42815 1.42703
threshold=57.750000000000007 3.5000000000000004 1390.0000000000002 5.5000000000000009 0 65.750000000000014 1021.0000000000001 52.250000000000007 1390.0000000000002 56.750000000000007 1082.5000000000002 1002.0000000000001 6.5000000000000009 1195.0000000000002
decision_type=2 2 2 2 9 2 2 2 2 2 2 2 2 2
left_child=3 2 13 -1 5 6 -3 -5 9 11 -11 -9 -8 -2
right_child=1 4 -4 7 -6 -7 12 8 -10 10 -12 -13 -14 -15
leaf_value=-0.00011039308880685458 0.0063310674958672658 -0.0090318807436583128 -0.037765664963618571 0.013733573411317432 -0.00016004512483722849 -0.015309123776387424 -0.0031707330801161353 -0.0063555158792190595 0.004461613051302638 0.016980204751362672 0.0010791780156714302 0.0015236215612987446 0.0059045483871382112 -0.011047569050320559
leaf_weight=2133 27 104 23 34 1786 32 376 110 626 37 93 321 49 21
leaf_count=2133 27 104 23 34 1786 32 376 110 626 37 93 321 49 21
internal_value=-1.06412e-06 -0.00146782 -0.0130939 0.00105637 -0.00111611 -0.0040842 -0.0034824 0.00309461 0.00278987 0.000924433 0.00560485 -0.000487295 -0.00212441 -0.00127209
internal_weight=5772 2418 71 3354 2347 561 529 1221 1187 561 130 431 425 48
internal_count=5772 2418 71 3354 2347 561 529 1221 1187 561 130 431 425 48
cat_boundaries=0 1
cat_threshold=16
is_linear=0
shrinkage=0.05


Tree=95
num_leaves=15
num_cat=1
split_feature=1 0 2 3 1 1 0 0 0 0 1 2 1 0
split_gain=3.39918 3.22552 4.8543 2.68777 2.3336 5.46499 2.02125 2.08421 2.27191 2.22272 4.78004 1.72989 1.43148 1.37457
threshold=2450.0000000000005 58.750000000000007 3.5000000000000004 0 2190.0000000000005 1960.0000000000002 71.500000000000014 64.250000000000014 68.250000000000014 61.750000000000007 1519.0000000000002 6.5000000000000009 2260.0000000000005 58.250000000000007
decision_type=2 2 2 9 2 2 2 2 2 2 2 2 2 2
left_child=1 3 -3 11 5 6 7 9 -9 -4 -11 13 -5 -1
right_child=-2 2 4 12 -6 -7 -8 8 -10 10 -12 -13 -14 -15
leaf_value=-0.00090263333664386428 0.01769831555365171 -0.023425202732547546 -0.0014491884710781629 0.0020084374859872219 -0.014598177633631757 0.015074432219321632 -0.017299125556434907 0.011490574836314313 -0.0074254565194926472 -0.012190186781650883 0.012288240591684978 0.0036140312024522665 -0.008331067772472606 -0.0074220154859016051
leaf_weight=1657 27 26 1241 2170 34 49 21 57 22 118 24 207 34 85
leaf_count=1657 27 26 1241 2170 34 49 21 57 22 118 24 207 34 85
internal_value=-1.02476e-06 -8.4207e-05 -0.00199773 0.000649319 -0.00164198 -0.00135444 -0.00189727 -0.00167604 0.00622282 -0.00212724 -0.00805299 -0.00070364 0.00184058 -0.00122074
internal_weight=5772 5745 1592 4153 1566 1532 1483 1462 79 1383 142 1949 2204 1742
internal_count=5772 5745 1592 4153 1566 1532 1483 1462 79 1383 142 1949 2204 1742
cat_boundaries=0 1
cat_threshold=18
is_linear=0
shrinkage=0.05


Tree=96
num_leaves=15
num_cat=2
split_feature=0 3 0 1 1 1 0 2 0 2 0 1 1 3
split_gain=3.22655 4.29584 4.6422 2.71355 2.6929 7.79248 6.03769 3.91474 2.78948 2.51383 1.89151 1.74351 8.06118 2.17862
threshold=54.750000000000007 0 57.750000000000007 2190.0000000000005 2008.0000000000002 1960.0000000000002 59.250000000000007 4.5000000000000009 60.250000000000007 7.5000000000000009 51.250000000000007 1580.0000000000002 1480.0000000000002 1
decision_type=2 9 2 2 2 2 2 2 2 2 2 2 2 9
left_child=3 2 -2 10 5 8 -7 -6 9 -3 -1 12 13 -10
right_child=1 4 -4 -5 7 6 -8 -9 11 -11 -12 -13 -14 -15
leaf_value=0.013740433779928616 -0.0053117669464383642 -0.0001227666546844275 -0.030725213994737717 0.014078661674956004 -0.018973080445588989 0.0070646727420089223 0.035193479425894722 -0.0021552028408975423 -0.0091582136965698471 0.0046910420821575571 0.0016485329333385157 -0.010412478975102871 0.025248397737741471 -0.0015348242011666846
leaf_weight=34 177 3646 20 52 44 93 24 162 129 293 663 79 25 331
leaf_count=34 177 3646 20 52 44 93 24 162 129 293 663 79 25 331
internal_value=-9.73564e-07 -0.000457468 -0.00751057 0.0030604 -0.000153676 9.54077e-05 0.0128347 -0.00574737 -0.000235593 0.000235305 0.00223838 -0.00352437 -0.00240239 -0.00390515
internal_weight=5772 5023 197 749 4826 4620 117 206 4503 3939 697 564 485 460
internal_count=5772 5023 197 749 4826 4620 117 206 4503 3939 697 564 485 460
cat_boundaries=0 1 2
cat_threshold=2 16
is_linear=0
shrinkage=0.05


Tree=97
num_leaves=15
num_cat=1
split_feature=1 0 3 2 1 2 2 0 1 1 1 0 0 0
split_gain=3.12057 2.85625 2.63234 3.33828 7.16473 3.30467 2.66061 2.53955 2.45969 2.1039 1.93492 2.14973 1.8201 2.33746
threshold=2450.0000000000005 61.250000000000007 0 4.5000000000000009 1604.5000000000002 3.5000000000000004 3.5000000000000004 53.250000000000007 1201.5000000000002 1195.0000000000002 1519.0000000000002 62.250000000000007 63.250000000000007 68.250000000000014
decision_type=2 2 9 2 2 2 2 2 2 2 2 2 2 2
left_child=1 2 3 4 7 -6 9 -1 -5 -4 12 -12 -3 -14
right_child=-2 10 6 8 5 -7 -8 -9 -10 -11 11 -13 13 -15
leaf_value=0.012409831288581093 0.016956629881773284 -0.010220898318867614 0.016557729278098454 -0.0006459914670908706 -0.028474451005458836 -0.0086953012932687729 0.020914191193878651 -0.0010138711655014695 0.0020610093006016785 -0.0016454407879919336 0.0139698949366532 -0.0058035614634198811 0.0029766182608266432 -0.011416535233255736
leaf_weight=36 27 144 22 1430 25 136 30 1654 2031 57 27 28 82 43
leaf_count=36 27 144 22 1430 25 136 30 1654 2031 57 27 28 82 43
internal_value=-1.85113e-06 -8.15516e-05 0.000191005 2.5842e-05 -0.00168807 -0.0117666 0.00754543 -0.000727922 0.000942543 0.0034238 -0.00464182 0.00390341 -0.00638899 -0.00197463
internal_weight=5772 5745 5421 5312 1851 161 109 1690 3461 79 324 55 269 125
internal_count=5772 5745 5421 5312 1851 161 109 1690 3461 79 324 55 269 125
cat_boundaries=0 1
cat_threshold=22
is_linear=0
shrinkage=0.05


Tree=98
num_leaves=15
num_cat=2
split_feature=3 0 2 0 1 1 1 0 3 2 1 2 1 1
split_gain=2.96827 4.99714 2.43639 4.25808 2.71551 2.28871 2.24969 7.51403 1.89415 2.4012 1.91055 1.65032 4.01786 2.50293
threshold=0 64.750000000000014 7.5000000000000009 61.750000000000007 1480.0000000000002 2450.0000000000005 2242.5000000000005 56.250000000000007 1 3.5000000000000004 1233.5000000000002 4.5000000000000009 1604.5000000000002 1595.0000000000002
decision_type=9 2 2 2 2 2 2 2 9 2 2 2 2 2
left_child=1 2 3 -1 -4 6 8 -8 11 10 -10 12 -2 -13
right_child=5 -3 4 -5 -6 -7 7 -9 9 -11 -12 13 -14 -15
leaf_value=-0.0011428742899921255 7.5946162647471359e-05 -0.018491242792723434 0.00078819653800954773 -0.019808124463945146 0.019638217189188664 0.01737554415262171 0.010247580470009284 -0.031077167734673079 0.011750653034283055 0.019868481655915579 -0.0038620368187683961 0.00045413120224196881 -0.010652452074567375 0.0041235334404776279
leaf_weight=2130 870 42 56 31 29 21 22 22 36 30 43 1704 97 639
leaf_count=2130 870 42 56 31 29 21 22 22 36 30 43 1704 97 639
internal_value=-1.75855e-06 -0.00139746 -0.00108403 -0.00141063 0.00721938 0.000916202 0.000819036 -0.0104148 0.000963607 0.00716815 0.00325261 0.00073541 -0.00100022 0.00145488
internal_weight=5772 2288 2246 2161 85 3484 3463 44 3419 109 79 3310 967 2343
internal_count=5772 2288 2246 2161 85 3484 3463 44 3419 109 79 3310 967 2343
cat_boundaries=0 1 2
cat_threshold=18 4
is_linear=0
shrinkage=0.05


Tree=99
num_leaves=15
num_cat=1
split_feature=0 3 2 1 0 0 2 1 1 0 1 1 2 0
split_gain=2.82453 2.93917 5.80543 2.05436 1.85443 1.44326 1.45575 1.52922 1.50404 3.02561 3.89121 1.31386 1.28549 2.92648
threshold=56.750000000000007 0 3.5000000000000004 2242.5000000000005 51.250000000000007 65.750000000000014 6.5000000000000009 1195.0000000000002 1519.0000000000002 59.250000000000007 1195.0000000000002 2350.0000000000005 8.5000000000000018 59.250000000000007
decision_type=2 9 2 2 2 2 2 2 2 2 2 2 2 2
left_child=4 2 -2 12 -1 6 7 -4 9 10 -8 -6 -3 -14
right_child=1 3 5 -5 11 -7 8 -9 -10 -11 -12 -13 13 -15
leaf_value=0.012854533193304258 -0.021697966125225877 -3.0252819448799717e-05 -0.0060557323231947638 -0.011358707478174414 0.00096416440230403903 -0.01291247328845202 0.023457441124178115 -0.0013472263446215923 0.015608783066272737 -0.01554974147251674 -0.0048036270357411483 0.011007875449969576 0.015510522853583099 -0.0024495667971981068
leaf_weight=34 41 2147 248 39 2449 32 21 566 21 21 29 33 43 48
leaf_count=34 41 2147 248 39 2449 32 21 566 21 21 29 33 43 48
internal_value=-1.67065e-06 -0.000973954 -0.00324836 1.81158e-05 0.00125658 -0.00247656 -0.00210796 -0.00278176 0.00385371 0.000376852 0.00706602 0.0010977 0.000216452 0.00603707
internal_weight=5772 3256 979 2277 2516 938 906 814 92 71 50 2482 2238 91
internal_count=5772 3256 979 2277 2516 938 906 814 92 71 50 2482 2238 91
cat_boundaries=0 1
cat_threshold=18
is_linear=0
shrinkage=0.05


Tree=100
num_leaves=15
num_cat=2
split_feature=1 0 1 3 0 1 2 1 3 0 0 0 1 2
split_gain=2.66241 2.48354 4.01217 3.0829 4.28894 2.22711 4.03849 1.73462 1.712 3.25421 2.31838 1.95567 2.62616 3.13823
threshold=2450.0000000000005 53.750000000000007 2350.0000000000005 0 57.750000000000007 1390.0000000000002 3.5000000000000004 1207.0000000000002 1 66.250000000000014 59.250000000000007 60.250000000000007 1057.5000000000002 5.5000000000000009
decision_type=2 2 2 9 2 2 2 2 9 2 2 2 2 2
left_child=1 -1 3 4 7 8 -7 -3 11 10 -10 -5 -13 -14
right_child=-2 2 -4 5 -6 6 -8 -9 9 -11 -12 12 13 -15
leaf_value=0.0052619465354031758 0.015662576140904869 -0.00040654695204211228 -0.017152860516549222 -0.0017178864217327339 -0.027988107875280551 -0.008439075537339356 0.0016320258230831262 -0.0095762320602505776 0.001017311745634186 0.019248174909840932 -0.0031697212814238021 -0.00090016562563295557 -0.0072439707335874891 -0.032344253500923514
leaf_weight=210 27 139 35 1023 20 104 2322 82 1231 22 452 52 33 20
leaf_count=210 27 139 35 1023 20 104 2322 82 1231 22 452 52 33 20
internal_value=-1.58712e-06 -7.52046e-05 -0.000277698 -0.000170311 -0.00558376 8.82168e-05 0.00120029 -0.00380887 -0.000863779 0.000141724 -0.000107191 -0.00236392 -0.00888328 -0.0167158
internal_weight=5772 5745 5535 5500 241 5259 2426 221 2833 1705 1683 1128 105 53
internal_count=5772 5745 5535 5500 241 5259 2426 221 2833 1705 1683 1128 105 53
cat_boundaries=0 1 2
cat_threshold=2 16
is_linear=0
shrinkage=0.05


Tree=101
num_leaves=15
num_cat=0
split_feature=0 2 1 1 1 1 2 0 2 2 1 1 1 0
split_gain=2.51994 4.16637 4.15218 2.04907 2.51289 4.99037 6.36433 4.01364 2.91058 2.35507 1.79182 1.77099 2.40658 1.84832
threshold=55.250000000000007 3.5000000000000004 1655.0000000000002 1201.5000000000002 2039.0000000000002 1960.0000000000002 4.5000000000000009 59.250000000000007 4.5000000000000009 5.5000000000000009 2350.0000000000005 1604.5000000000002 1645.0000000000002 58.750000000000007
decision_type=2 2 2 2 2 2 2 2 2 2 2 2 2 2
left_child=10 2 -2 -3 5 11 -7 9 -6 -8 -1 -5 -13 -14
right_child=1 3 -4 4 8 6 7 -9 -10 -11 -12 12 13 -15
leaf_value=0.001588347242231067 -0.0043222463595997485 -0.0014009356537105766 -0.02478489895109777 0.0013447598553363426 -0.021355572932710253 -0.0089838736507642496 -7.918475149199368e-05 0.035822487305267714 -0.0023451307644136252 0.02013650626930244 0.014594242775260849 -0.016331323006500802 0.0018522636089994577 -0.0071265742057160051
leaf_weight=1381 303 1812 27 1682 24 28 25 24 125 34 27 30 161 89
leaf_count=1381 303 1812 27 1682 24 28 25 24 125 34 27 30 161 89
internal_value=-1.50776e-06 -0.000594925 -0.00599646 -0.000153055 0.00086457 0.00131536 0.0116293 0.0185831 -0.00540722 0.0115705 0.00183775 0.000731853 -0.00294997 -0.0013442
internal_weight=5772 4364 330 4034 2222 2073 111 83 149 59 1408 1962 280 250
internal_count=5772 4364 330 4034 2222 2073 111 83 149 59 1408 1962 280 250
is_linear=0
shrinkage=0.05


Tree=102
num_leaves=15
num_cat=1
split_feature=1 3 0 1 2 1 2 0 2 1 0 0 1 1
split_gain=2.45937 2.50729 2.49178 5.67509 4.923 3.90734 2.01933 1.8175 1.83904 1.97262 2.28984 2.16377 1.89918 3.42643
threshold=2450.0000000000005 0 56.750000000000007 2260.0000000000005 3.5000000000000004 1433.5000000000002 3.5000000000000004 71.500000000000014 6.5000000000000009 1265.0000000000002 59.750000000000007 64.250000000000014 1104.5000000000002 1040.0000000000002
decision_type=2 9 2 2 2 2 2 2 2 2 2 2 2 2
left_child=1 2 -1 4 5 -4 -3 8 9 11 -11 -6 13 -10
right_child=-2 6 3 -5 7 -7 -8 -9 12 10 -12 -13 -14 -15
leaf_value=0.00096999308716770355 0.01505360027982129 0.0035690662065002172 -0.0065136006136038678 -0.02705593337526634 -0.0029694674086692299 -0.029833912999247727 0.018806518883599591 -0.01526914050891286 0.0019777885573630284 0.0013839504503961211 -0.0038610453297107323 0.010213922505499795 0.00040574821335188043 0.018970916402481854
leaf_weight=2462 27 79 82 21 1137 23 30 21 101 969 265 32 481 42
leaf_count=2462 27 79 82 21 1137 23 30 21 101 969 265 32 481 42
internal_value=-1.43239e-06 -7.21871e-05 -0.00022332 -0.00114965 -0.000977106 -0.0116219 0.00711052 -0.000610407 -0.000508711 -0.00113673 0.000257594 -0.00260859 0.00190978 0.00696878
internal_weight=5772 5745 5636 3174 3153 105 109 3048 3027 2403 1234 1169 624 143
internal_count=5772 5745 5636 3174 3153 105 109 3048 3027 2403 1234 1169 624 143
cat_boundaries=0 1
cat_threshold=22
is_linear=0
shrinkage=0.05


Tree=103
num_leaves=15
num_cat=2
split_feature=3 0 2 0 2 1 1 3 1 0 1 1 2 2
split_gain=2.37862 4.00054 2.02997 3.57455 2.42566 3.96896 1.84665 1.78542 1.91066 1.66735 6.01295 1.49035 3.10613 1.20068
threshold=0 64.750000000000014 7.5000000000000009 61.750000000000007 8.5000000000000018 1405.0000000000002 2450.0000000000005 1 1233.5000000000002 56.750000000000007 2242.5000000000005 1002.0000000000001 6.5000000000000009 8.5000000000000018
decision_type=9 2 2 2 2 2 2 9 2 2 2 2 2 2
left_child=1 2 3 -1 5 -4 7 9 -9 11 13 12 -2 -11
right_child=6 -3 4 -5 -6 -7 -8 8 -10 10 -12 -13 -14 -15
leaf_value=-0.0010231207374881237 0.0020879178853725556 -0.016545315197713319 0.0021511704006808856 -0.018124751755667311 -0.0086181475082412369 0.027990232302766777 0.01560494120099715 0.013814809834210401 0.00057009184241013709 -0.00027910047853212702 -0.026917591912760622 0.0027034114222043402 -0.014574352626805193 0.0055881042167759288
leaf_weight=2130 93 42 42 31 20 23 21 56 53 2087 21 1022 40 91
leaf_count=2130 93 42 42 31 20 23 21 56 53 2087 21 1022 40 91
internal_value=-1.36072e-06 -0.00125076 -0.000970326 -0.00126845 0.00660896 0.0112942 0.000820378 0.000733092 0.00675499 0.000515712 -0.000290693 0.00205549 -0.00292329 -3.39602e-05
internal_weight=5772 2288 2246 2161 85 65 3484 3463 109 3354 2199 1155 133 2178
internal_count=5772 2288 2246 2161 85 65 3484 3463 109 3354 2199 1155 133 2178
cat_boundaries=0 1 2
cat_threshold=18 4
is_linear=0
shrinkage=0.05


Tree=104
num_leaves=15
num_cat=1
split_feature=1 0 1 0 1 2 0 0 3 2 1 1 1 0
split_gain=2.22079 3.15377 2.10271 1.9133 3.30777 2.1468 2.97307 2.36988 1.908 2.61219 9.29822 2.91721 2.27089 2.1296
threshold=942.50000000000011 69.750000000000014 2450.0000000000005 53.750000000000007 2350.0000000000005 7.5000000000000009 61.750000000000007 59.250000000000007 0 3.5000000000000004 1645.0000000000002 1207.0000000000002 1201.5000000000002 60.750000000000007
decision_type=2 2 2 2 2 2 2 2 9 2 2 2 2 2
left_child=-1 2 3 -2 5 8 7 -7 9 10 11 -5 -11 -14
right_child=1 -3 -4 4 -6 6 -8 -9 -10 12 -12 -13 13 -15
leaf_value=-0.0068197140062196005 0.0048868574035592421 -0.014410076582351248 0.014421801462482947 0.0014654367181476773 -0.015332696486397512 0.0040905809509970336 0.01640255474485457 -0.0052038370835027483 0.0060948246214379614 -0.001325349791628066 -0.033773250356316564 -0.0075326522778229807 0.0013233459786822499 -0.0050448770083741648
leaf_weight=117 207 37 26 217 35 324 40 87 107 1893 25 154 2364 139
leaf_count=117 207 37 26 217 35 324 40 87 107 1893 25 154 2364 139
internal_value=-1.2927e-06 0.000139778 0.000235603 0.000169644 -1.16859e-05 8.8545e-05 0.00338962 0.00212315 -0.00021535 -0.0003682 -0.00425848 -0.00226962 -1.85931e-05 0.000969697
internal_weight=5772 5655 5618 5592 5385 5350 451 411 4899 4792 396 371 4396 2503
internal_count=5772 5655 5618 5592 5385 5350 451 411 4899 4792 396 371 4396 2503
cat_boundaries=0 1
cat_threshold=22
is_linear=0
shrinkage=0.05


Tree=105
num_leaves=15
num_cat=1
split_feature=3 0 2 0 2 1 0 1 1 0 1 1 0 1
split_gain=2.1047 3.48338 1.73971 3.17073 2.19127 3.55903 1.61899 1.16813 3.02626 2.11244 1.26564 2.66639 1.18582 2.94808
threshold=0 64.750000000000014 7.5000000000000009 61.750000000000007 8.5000000000000018 1405.0000000000002 57.750000000000007 2008.0000000000002 1960.0000000000002 54.750000000000007 1604.5000000000002 1480.0000000000002 55.750000000000007 1580.0000000000002
decision_type=9 2 2 2 2 2 2 2 2 2 2 2 2 2
left_child=1 2 3 7 5 -4 -2 8 10 -9 11 -1 13 -13
right_child=6 -3 4 -5 -6 -7 -8 9 -10 -11 -12 12 -14 -15
leaf_value=-0.0014424160431114831 0.0019128017351862541 -0.015447780090783323 0.001897306318971373 -0.017065942903319677 -0.0083705237973481419 0.026365624594947568 -0.00024608315342416706 0.0065728348282970157 0.01307267711426203 -0.011461280418499824 -0.0058413792789603278 0.0173884851140951 0.0010118024267496601 0.0012895190926630877
leaf_weight=1607 1647 42 42 31 20 23 1837 22 39 62 126 47 155 72
leaf_count=1607 1647 42 42 31 20 23 1837 22 39 62 126 47 155 72
internal_value=-7.00098e-07 -0.00117597 -0.000914321 -0.00119031 0.00610219 0.0105553 0.000772275 -0.000959251 -0.000721998 -0.00673806 -0.000990056 -0.000665087 0.00389392 0.00764793
internal_weight=5772 2288 2246 2161 85 65 3484 2130 2046 84 2007 1881 274 119
internal_count=5772 2288 2246 2161 85 65 3484 2130 2046 84 2007 1881 274 119
cat_boundaries=0 1
cat_threshold=18
is_linear=0
shrinkage=0.05


Tree=106
num_leaves=15
num_cat=1
split_feature=1 0 1 0 1 1 0 2 0 2 0 1 0 3
split_gain=1.95761 2.74028 1.89251 1.74785 1.84338 5.00531 5.56009 4.25729 2.58709 2.42803 2.59404 2.91626 1.85863 1.83775
threshold=942.50000000000011 69.750000000000014 2450.0000000000005 51.250000000000007 2008.0000000000002 1960.0000000000002 59.250000000000007 4.5000000000000009 59.250000000000007 7.5000000000000009 61.750000000000007 1452.0000000000002 63.250000000000007 0
decision_type=2 2 2 2 2 2 2 2 2 2 2 2 2 9
left_child=-1 2 3 -2 5 9 -7 -6 -9 10 13 12 -12 -5
right_child=1 -3 -4 4 7 6 -8 8 -10 -11 11 -13 -14 -15
leaf_value=-0.0064023374018665315 0.011460603773593904 -0.013430754739690472 0.013679556312182775 -0.00023877826367836214 -0.018439316603376769 0.0050732102728683719 0.031592736501867578 0.0011292179393108356 -0.015505561125637205 0.0036566289745490338 -0.009360842851381149 -0.021010245241481682 0.0030913910250468502 0.0060823001756759015
leaf_weight=117 34 37 26 4496 43 112 24 174 27 425 62 29 58 108
leaf_count=117 34 37 26 4496 43 112 24 174 27 425 62 29 58 108
internal_value=-6.65079e-07 0.000131783 0.000221106 0.000158531 8.93925e-05 0.000284513 0.00975313 -0.00416007 -0.0011053 3.58199e-05 -0.000287943 -0.006781 -0.00334226 -7.7807e-05
internal_weight=5772 5655 5618 5592 5558 5314 136 244 201 5178 4753 149 120 4604
internal_count=5772 5655 5618 5592 5558 5314 136 244 201 5178 4753 149 120 4604
cat_boundaries=0 1
cat_threshold=22
is_linear=0
shrinkage=0.05


Tree=107
num_leaves=15
num_cat=1
split_feature=3 0 2 0 2 1 0 1 1 2 1 2 1 1
split_gain=1.85073 3.05879 1.48067 2.74117 1.97814 3.1952 1.47805 1.49466 1.4219 1.02239 2.35184 1.31323 1.20854 1.31925
threshold=0 64.750000000000014 7.5000000000000009 61.750000000000007 8.5000000000000018 1405.0000000000002 55.250000000000007 2209.0000000000005 2242.5000000000005 3.5000000000000004 1390.0000000000002 4.5000000000000009 1545.0000000000002 1448.5000000000002
decision_type=9 2 2 2 2 2 2 2 2 2 2 2 2 2
left_child=1 2 3 -1 5 -4 7 9 -8 10 -2 -11 13 -13
right_child=6 -3 4 -5 -6 -7 8 -9 -10 11 -12 12 -14 -15
leaf_value=-0.00089680238173294325 0.019530961211197653 -0.01447596542005028 0.0016435591770069943 -0.015872768030291605 -0.0081348290387541055 0.024827508417808494 0.00037259569790302561 0.014623187553997226 -0.0087893975248863523 -0.0046094571156260955 -0.0029661385564222226 0.0022803121251299195 0.0061183964734604626 -0.0064513280512947663
leaf_weight=2130 26 42 42 31 20 23 2791 26 43 70 21 285 171 51
leaf_count=2130 26 42 42 31 20 23 2791 26 43 70 21 285 171 51
internal_value=-1.25667e-07 -0.00110221 -0.000857026 -0.00111164 0.00561607 0.00984711 0.000724712 0.00287719 0.000233582 0.00238777 0.00947907 0.00181015 0.00269648 0.000954974
internal_weight=5772 2288 2246 2161 85 65 3484 650 2834 624 47 577 507 336
internal_count=5772 2288 2246 2161 85 65 3484 650 2834 624 47 577 507 336
cat_boundaries=0 1
cat_threshold=18
is_linear=0
shrinkage=0.05


Tree=108
num_leaves=15
num_cat=1
split_feature=0 2 1 1 0 0 3 1 1 0 0 0 2 1
split_gain=1.78083 3.40965 1.64005 3.61637 2.26024 1.42747 1.2324 2.74482 3.2228 2.00954 3.91086 2.18102 1.15397 3.80959
threshold=58.250000000000007 3.5000000000000004 2039.0000000000002 1960.0000000000002 59.250000000000007 51.250000000000007 0 1595.0000000000002 1457.0000000000002 64.250000000000014 66.750000000000014 62.250000000000007 3.5000000000000004 1207.0000000000002
decision_type=2 2 2 2 2 2 9 2 2 2 2 2 2 2
left_child=5 -2 3 6 -5 -1 7 8 -3 11 -11 -8 13 -7
right_child=1 2 -4 4 -6 12 9 -9 -10 10 -12 -13 -14 -15
leaf_value=0.010828412203666043 -0.016691743888493097 -0.0034237637029339873 -0.0086897740878736276 0.00015780420402403583 0.021257530208677055 0.002298233503184522 -0.00025802934688956119 -0.017122476208297648 0.016745987161993981 0.026013862909305664 -0.0011369222568141091 -0.0095126496766930191 0.00086740336009869109 -0.0067287037527421489
leaf_weight=34 35 348 66 22 30 259 1278 34 21 21 36 67 3308 213
leaf_count=34 35 348 66 22 30 259 1278 34 21 21 36 67 3308 213
internal_value=-1.19363e-07 -0.00122587 -0.00094438 -0.000669099 0.0123307 0.000629147 -0.00104361 -0.00344302 -0.00227589 -0.000327016 0.008866 -0.00071904 0.000537407 -0.00177536
internal_weight=5772 1958 1923 1857 52 3814 1805 403 369 1402 57 1345 3780 472
internal_count=5772 1958 1923 1857 52 3814 1805 403 369 1402 57 1345 3780 472
cat_boundaries=0 1
cat_threshold=16
is_linear=0
shrinkage=0.05


Tree=109
num_leaves=15
num_cat=1
split_feature=1 3 2 1 0 1 0 2 1 0 1 0 0 0
split_gain=1.77827 1.73695 1.83217 8.263 4.86587 2.3943 1.78032 1.74784 1.60715 4.12269 1.50772 1.32787 4.93038 1.93049
threshold=2450.0000000000005 0 3.5000000000000004 1645.0000000000002 55.250000000000007 1201.5000000000002 53.750000000000007 3.5000000000000004 2350.0000000000005 55.750000000000007 1195.0000000000002 64.250000000000014 68.250000000000014 61.750000000000007
decision_type=2 9 2 2 2 2 2 2 2 2 2 2 2 2
left_child=1 2 3 4 6 11 -1 10 -7 -10 -3 13 -13 -4
right_child=-2 7 5 -5 -6 8 -8 -9 9 -11 -12 12 -14 -15
leaf_value=0.019142285604029894 0.012801610607722844 0.013677706146104772 -0.0010737775115527129 -0.030643048663981834 -0.006016980004201063 0.0011550373524615747 0.003201571679575012 0.016735478484382234 0.0054985326210347319 -0.025238791684387252 -0.0017320362083091028 0.017273783139311352 -0.010226457632545915 -0.0089396064802084434
leaf_weight=20 27 22 2109 26 244 2904 141 30 24 20 57 39 28 81
leaf_count=20 27 22 2109 26 244 2904 141 30 24 20 57 39 28 81
internal_value=-1.13393e-07 -6.02782e-05 -0.000186069 -0.00331925 -0.00156513 7.30162e-05 0.00518178 0.00591805 0.00101134 -0.00847298 0.00255928 -0.00115258 0.00578115 -0.00136471
internal_weight=5772 5745 5636 431 405 5205 161 109 2948 44 79 2257 67 2190
internal_count=5772 5745 5636 431 405 5205 161 109 2948 44 79 2257 67 2190
cat_boundaries=0 1
cat_threshold=22
is_linear=0
shrinkage=0.05


Tree=110
num_leaves=15
num_cat=1
split_feature=1 0 1 3 2 1 2 0 1 0 1 1 0 0
split_gain=1.70832 2.24625 1.66058 1.45853 1.66866 7.84777 3.77355 1.71338 1.58957 1.56099 1.47712 4.61636 7.47579 2.28939
threshold=942.50000000000011 69.750000000000014 2450.0000000000005 0 4.5000000000000009 1604.5000000000002 3.5000000000000004 53.250000000000007 1185.5000000000002 59.250000000000007 1960.0000000000002 2008.0000000000002 59.250000000000007 59.250000000000007
decision_type=2 2 2 9 2 2 2 2 2 2 2 2 2 2
left_child=-1 2 3 4 5 7 -7 -2 -5 -8 -6 12 -12 -13
right_child=1 -3 -4 8 10 6 9 -9 -10 -11 11 13 -14 -15
leaf_value=-0.005980303667437954 0.010767422666374062 -0.012155662980434058 0.012811307061817318 0.01640768436981099 0.00033553355852887175 -0.029110895319340319 -0.0060925589783344045 -0.00041211593869394132 0.0025879046212835813 -0.020897497449602401 0.0058944585211046958 0.0013936264977091925 0.038798100909306889 -0.014248803537338973
leaf_weight=117 35 37 26 28 3315 26 117 1649 81 21 97 175 21 27
leaf_count=117 35 37 26 28 3315 26 117 1649 81 21 97 175 21 27
internal_value=-1.07739e-07 0.00012362 0.000204491 0.000145876 2.67074e-05 -0.00119658 -0.0116376 -0.000179762 0.00562215 -0.00834548 0.000648689 0.00389278 0.0117502 -0.000697193
internal_weight=5772 5655 5618 5592 5483 1848 164 1684 109 138 3635 320 118 202
internal_count=5772 5655 5618 5592 5483 1848 164 1684 109 138 3635 320 118 202
cat_boundaries=0 1
cat_threshold=22
is_linear=0
shrinkage=0.05


Tree=111
num_leaves=15
num_cat=1
split_feature=3 2 2 1 0 0 0 1 0 1 1 2 0 0
split_gain=1.61614 2.71243 1.9517 3.52552 2.19782 4.23261 2.89519 1.27502 1.11192 1.49007 1.87286 2.82809 1.15156 2.25884
threshold=0 8.5000000000000018 7.5000000000000009 1405.0000000000002 60.250000000000007 67.750000000000014 61.750000000000007 2450.0000000000005 57.750000000000007 2039.0000000000002 1960.0000000000002 5.5000000000000009 64.750000000000014 62.250000000000007
decision_type=9 2 2 2 2 2 2 2 2 2 2 2 2 2
left_child=1 2 4 -4 -1 6 -6 8 -2 10 12 -12 13 -10
right_child=7 -3 3 -5 5 -7 -8 -9 9 -11 11 -13 -14 -15
leaf_value=-0.0007061213797482876 0.0015482132240972517 -0.017755162483081222 -0.00056895094761705918 0.02340630733448526 -0.0046976070095961159 0.014080217722803354 -0.020780337303876878 0.012962249400360244 -0.00012653699227008322 -0.0087582744052633645 -0.0027115960659172674 0.020189070395593131 0.0071067177234034919 -0.0091211238646343971
leaf_weight=2056 1642 24 46 23 74 20 45 21 1593 50 26 28 51 73
leaf_count=2056 1642 24 46 23 74 20 45 21 1593 50 26 28 51 73
internal_value=-1.02328e-07 -0.00102997 -0.00085722 0.0074228 -0.0011175 -0.0072024 -0.0107793 0.000677241 0.000604699 -0.00024607 -5.74839e-06 0.00916282 -0.000294102 -0.000520658
internal_weight=5772 2288 2264 69 2195 139 119 3484 3463 1821 1771 54 1717 1666
internal_count=5772 2288 2264 69 2195 139 119 3484 3463 1821 1771 54 1717 1666
cat_boundaries=0 1
cat_threshold=18
is_linear=0
shrinkage=0.05


Tree=112
num_leaves=15
num_cat=1
split_feature=0 2 3 2 0 1 0 0 1 2 1 1 0 0
split_gain=1.52209 3.4824 1.26472 1.05533 1.01544 1.01244 2.95035 1.79545 2.44734 1.98856 1.47119 1.88955 2.29424 0.978864
threshold=58.750000000000007 3.5000000000000004 0 6.5000000000000009 57.250000000000007 1804.0000000000002 51.750000000000007 55.750000000000007 2075.0000000000005 4.5000000000000009 1457.0000000000002 1533.0000000000002 55.750000000000007 71.500000000000014
decision_type=2 2 9 2 2 2 2 2 2 2 2 2 2 2
left_child=2 -2 3 5 -5 6 -1 8 -7 -9 -8 12 -12 -3
right_child=1 13 -4 4 -6 7 10 9 -10 -11 11 -13 -14 -15
leaf_value=0.018579142149537802 -0.01945741973244227 -0.00086441947286053063 0.0013198574202158977 0.0014241445002013018 0.010986252377430599 -0.019805208716840883 -0.0015135071428687087 -0.010239011151716113 -0.00051332418356210953 0.010254807895499058 0.016038337825460637 9.1866266523461468e-06 -0.00048350096453520425 -0.011731807692419917
leaf_weight=20 26 1560 2211 175 33 35 1279 20 31 29 47 247 38 21
leaf_count=20 26 1560 2211 175 33 35 1279 20 31 29 47 247 38 21
internal_value=-9.7247e-08 -0.00130725 0.000504248 -0.000423223 0.00294121 -0.00082645 -0.000506741 -0.00536075 -0.0107439 0.00188998 -0.000743686 0.00222198 0.0086521 -0.00100877
internal_weight=5772 1607 4165 1954 208 1746 1631 115 66 49 1611 332 85 1581
internal_count=5772 1607 4165 1954 208 1746 1631 115 66 49 1611 332 85 1581
cat_boundaries=0 1
cat_threshold=18
is_linear=0
shrinkage=0.05


Tree=113
num_leaves=15
num_cat=1
split_feature=1 0 1 1 0 2 0 0 0 1 1 3 2 1
split_gain=1.48721 2.01132 1.36407 1.38153 3.21434 1.53352 2.61241 2.00183 1.93645 1.48577 2.3267 1.42158 1.62852 1.25859
threshold=942.50000000000011 69.750000000000014 2450.0000000000005 2242.5000000000005 56.250000000000007 7.5000000000000009 61.750000000000007 51.250000000000007 59.250000000000007 1545.0000000000002 1390.0000000000002 0 3.5000000000000004 1195.0000000000002
decision_type=2 2 2 2 2 2 2 2 2 2 2 9 2 2
left_child=-1 2 3 5 -5 7 8 -2 -7 10 -10 -9 13 -13
right_child=1 -3 -4 4 -6 6 -8 11 9 -11 -12 12 -14 -15
leaf_value=-0.0055797563509569848 0.012845203503966333 -0.011503938399255276 0.011617974166829999 0.0025478216367108481 -0.020661372705720937 0.0034941504243930508 0.015175506938248873 -0.00023840960902977136 -0.0078725533434064014 -0.014352945590923941 0.012964837572404318 0.012245561144399373 0.015940890043717008 -0.0018335780798735329
leaf_weight=117 30 37 26 35 26 344 40 4923 37 28 21 22 29 57
leaf_count=117 30 37 26 35 26 344 40 4923 37 28 21 22 29 57
internal_value=2.19254e-08 0.000115466 0.000191991 0.000138866 -0.00734462 0.000221399 0.00295341 -3.23146e-05 0.00181647 -0.00489425 -0.000327981 -0.000109104 0.00531504 0.00208719
internal_weight=5772 5655 5618 5592 61 5531 470 5061 430 86 58 5031 108 79
internal_count=5772 5655 5618 5592 61 5531 470 5061 430 86 58 5031 108 79
cat_boundaries=0 1
cat_threshold=22
is_linear=0
shrinkage=0.05


Tree=114
num_leaves=15
num_cat=0
split_feature=0 2 1 0 1 1 1 1 0 2 0 2 0 0
split_gain=1.35416 2.49283 2.96935 3.96162 2.20185 1.47617 1.14782 3.85001 2.93868 2.75997 1.42374 1.23492 2.04892 1.9965
threshold=56.250000000000007 3.5000000000000004 1195.0000000000002 58.250000000000007 2350.0000000000005 2350.0000000000005 1960.0000000000002 2008.0000000000002 59.250000000000007 5.5000000000000009 59.750000000000007 9.5000000000000018 63.750000000000007 62.250000000000007
decision_type=2 2 2 2 2 2 2 2 2 2 2 2 2 2
left_child=5 2 -2 -4 6 -1 11 8 9 -8 -9 12 13 -3
right_child=1 4 3 -5 -6 -7 7 10 -10 -11 -12 -13 -14 -15
leaf_value=0.00084265930091474326 0.0025421355402875335 -0.00030461935924413759 -0.0063735598621259288 -0.029355489284816114 -0.012064481474077092 0.011833904517604219 -0.0048792161513119938 0.00039065230029842096 0.02669497990670304 0.017555365209969191 -0.014067626301021803 -0.010988249326193775 0.0063925416036259529 -0.0091622325649055158
leaf_weight=2095 73 2991 127 22 39 31 29 90 24 26 21 27 112 65
leaf_count=2095 73 2991 127 22 39 31 29 90 24 26 21 27 112 65
internal_value=1.96254e-10 -0.000584811 -0.00571931 -0.00976686 -0.000251908 0.00100293 -0.000115811 0.00365979 0.0120965 0.00572622 -0.0023447 -0.000340338 -0.000249589 -0.000493018
internal_weight=5772 3646 222 149 3424 2126 3385 190 79 55 111 3195 3168 3056
internal_count=5772 3646 222 149 3424 2126 3385 190 79 55 111 3195 3168 3056
is_linear=0
shrinkage=0.05


Tree=115
num_leaves=15
num_cat=2
split_feature=3 0 1 2 0 2 1 3 2 1 1 1 0 0
split_gain=1.39654 2.60246 1.13375 1.13181 1.93823 1.52326 2.53669 1.05922 1.37234 1.084 0.973122 2.47049 1.61029 1.05673
threshold=0 64.750000000000014 2450.0000000000005 7.5000000000000009 61.750000000000007 8.5000000000000018 1405.0000000000002 1 3.5000000000000004 1233.5000000000002 2008.0000000000002 1960.0000000000002 54.750000000000007 55.250000000000007
decision_type=9 2 2 2 2 2 2 9 2 2 2 2 2 2
left_child=1 3 7 4 10 6 -5 -2 9 -9 11 -1 -12 -14
right_child=2 -3 -4 5 -6 -7 -8 8 -10 -11 12 -13 13 -15
leaf_value=-0.00079853623102930222 0.00039380168468266982 -0.01329297726818671 0.012214078842884019 0.0013318140968857778 -0.013365896642508528 -0.0071382624958641824 0.021989023782636809 0.0086202578169630017 0.014780635827531417 -0.0031398797905895603 0.0055743035786277196 0.011907457992530023 -0.019292051841815316 -0.0054994554624810434
leaf_weight=2007 3354 42 21 42 31 20 23 36 30 43 22 39 21 41
leaf_count=2007 3354 42 21 42 31 20 23 36 30 43 22 39 21 41
internal_value=2.18002e-10 -0.000957344 0.000629645 -0.000730931 -0.000953536 0.00492845 0.00864129 0.000561214 0.00519944 0.00221917 -0.000772886 -0.00055634 -0.00604733 -0.0101711
internal_weight=5772 2288 3484 2246 2161 85 65 3463 109 79 2130 2046 84 62
internal_count=5772 2288 3484 2246 2161 85 65 3463 109 79 2130 2046 84 62
cat_boundaries=0 1 2
cat_threshold=18 4
is_linear=0
shrinkage=0.05


Tree=116
num_leaves=15
num_cat=1
split_feature=1 0 1 1 0 2 0 0 0 1 1 3 2 0
split_gain=1.33019 1.82755 1.19973 1.26694 2.65517 1.33565 2.39496 1.78553 1.71567 1.33889 2.08755 1.23218 1.2833 1.1502
threshold=942.50000000000011 69.750000000000014 2450.0000000000005 2242.5000000000005 56.250000000000007 7.5000000000000009 61.750000000000007 51.250000000000007 59.250000000000007 1545.0000000000002 1390.0000000000002 0 3.5000000000000004 60.750000000000007
decision_type=2 2 2 2 2 2 2 2 2 2 2 9 2 2
left_child=-1 2 3 5 -5 7 8 -2 -7 10 -10 13 -13 -9
right_child=1 -3 -4 4 -6 6 -8 11 9 -11 -12 12 -14 -15
leaf_value=-0.0052769713967433596 0.012136524493495624 -0.010966679486571937 0.010897792503237726 0.0019568380074841637 -0.019137234613299373 0.0032515942470930643 0.014463433891069145 -2.3047056863433055e-05 -0.0074557776990774515 -0.013623165226142323 0.012281690254097893 0.0021082117847060857 0.014406198263168336 -0.0032030653568401951
leaf_weight=117 30 37 26 35 26 344 40 4620 37 28 21 79 29 303
leaf_count=117 30 37 26 35 26 344 40 4620 37 28 21 79 29 303
internal_value=3.42899e-08 0.000109214 0.000182159 0.000132337 -0.00703408 0.000211374 0.00276104 -2.54064e-05 0.00167245 -0.00464415 -0.000309453 -9.79284e-05 0.00495194 -0.000218327
internal_weight=5772 5655 5618 5592 61 5531 470 5061 430 86 58 5031 108 4923
internal_count=5772 5655 5618 5592 61 5531 470 5061 430 86 58 5031 108 4923
cat_boundaries=0 1
cat_threshold=22
is_linear=0
shrinkage=0.05


Tree=117
num_leaves=15
num_cat=1
split_feature=3 2 0 1 2 0 1 2 2 2 2 0 1 1
split_gain=1.24702 2.41386 1.40764 3.11502 3.197 3.05036 2.94549 2.62139 1.61685 0.959752 1.31504 1.09009 1.23666 1.22136
threshold=0 8.5000000000000018 58.250000000000007 1595.0000000000002 4.5000000000000009 59.750000000000007 1325.0000000000002 5.5000000000000009 7.5000000000000009 10.500000000000002 8.5000000000000018 55.750000000000007 2242.5000000000005 2209.0000000000005
decision_type=9 2 2 2 2 2 2 2 2 2 2 2 2 2
left_child=1 2 8 4 -4 -5 -6 -8 -1 10 11 13 -13 -2
right_child=9 -3 3 5 6 -7 7 -9 -10 -11 -12 12 -14 -15
leaf_value=-0.00038692056107354392 0.0017804329137990711 -0.016682150572887623 -0.0088116049250986962 -0.003849739368472781 -0.0017241977905968623 -0.028424425163994668 -0.0018706252723932268 0.018976404236041404 0.0089116889556559425 -0.0098135614333758978 0.0054275535990102155 0.00011790721151467251 -0.0087423613155260677 0.013024852518734406
leaf_weight=1794 710 24 112 28 196 23 25 38 48 22 139 2548 40 25
leaf_count=1794 710 24 112 28 196 23 25 38 48 22 139 2548 40 25
internal_value=3.25887e-08 -0.000904615 -0.000741358 -0.00334611 -0.00175338 -0.0149324 0.00129882 0.0107038 -0.000144612 0.000595018 0.00066288 0.000463576 -1.90367e-05 0.0021629
internal_weight=5772 2288 2264 422 371 51 259 63 1842 3484 3462 3323 2588 735
internal_count=5772 2288 2264 422 371 51 259 63 1842 3484 3462 3323 2588 735
cat_boundaries=0 1
cat_threshold=18
is_linear=0
shrinkage=0.05


Tree=118
num_leaves=15
num_cat=0
split_feature=1 0 1 1 0 2 0 0 0 2 1 0 1 1
split_gain=1.18805 1.64764 1.15003 1.16266 2.23619 1.18998 2.1823 1.63928 1.33182 1.29925 3.47261 2.82294 1.00813 1.37476
threshold=942.50000000000011 69.750000000000014 2450.0000000000005 2242.5000000000005 56.250000000000007 6.5000000000000009 51.250000000000007 64.250000000000014 60.750000000000007 5.5000000000000009 1595.0000000000002 62.750000000000007 1011.0000000000001 1480.0000000000002
decision_type=2 2 2 2 2 2 2 2 2 2 2 2 2 2
left_child=-1 2 3 5 -5 6 -2 -7 12 10 -10 -11 -8 -14
right_child=1 -3 -4 4 -6 7 8 -9 9 11 -12 -13 13 -15
leaf_value=-0.0049870593903156429 0.014010137540322763 -0.010413380602777408 0.010663809813559057 0.0015096318429069862 -0.017848707986279175 0.0014015094462896136 0.0021139320439700292 0.014894579913791107 0.002954335922820378 -0.01380655581968418 -0.01763909040391445 0.0047847614719949928 -0.00097431328713914057 0.0010976791743113063
leaf_weight=117 27 37 26 35 26 1056 480 23 113 69 25 29 2540 1169
leaf_count=117 27 37 26 35 26 1056 480 23 113 69 25 29 2540 1169
internal_value=3.09728e-08 0.000103212 0.000172474 0.000123695 -0.00674146 0.000199409 -0.000161644 0.00168913 -0.000248116 -0.00390268 -0.000776357 -0.00830504 -4.22252e-05 -0.000321264
internal_weight=5772 5655 5618 5592 61 5531 4452 1079 4425 236 138 98 4189 3709
internal_count=5772 5655 5618 5592 61 5531 4452 1079 4425 236 138 98 4189 3709
is_linear=0
shrinkage=0.05


Tree=119
num_leaves=15
num_cat=1
split_feature=3 0 1 0 0 1 2 2 0 1 1 1 0 1
split_gain=1.12459 2.20523 0.913057 1.01194 1.10988 1.79681 1.93871 0.90223 1.65591 1.29315 0.873529 2.2044 1.39369 1.08783
threshold=0 64.750000000000014 2450.0000000000005 66.250000000000014 61.250000000000007 1697.5000000000002 7.5000000000000009 7.5000000000000009 61.750000000000007 1480.0000000000002 2008.0000000000002 1960.0000000000002 54.250000000000007 1604.5000000000002
decision_type=9 2 2 2 2 2 2 2 2 2 2 2 2 2
left_child=1 7 3 4 -2 6 -6 8 10 -9 11 13 -12 -1
right_child=2 -3 -4 -5 5 -7 -8 9 -10 -11 12 -13 -14 -15
leaf_value=-0.00040465693914607589 0.00063536638214517016 -0.012214207381752898 0.010961001011587326 0.0086180854980882852 -0.0021052213316714321 0.010223798030479389 -0.014761372638317064 -3.5654912270339472e-05 -0.012322106077185563 0.012972339006654662 0.0054755235356943946 0.011296284552185964 -0.0093979480055471267 -0.0052035820998421441
leaf_weight=1881 3229 42 21 38 135 22 39 56 31 29 21 39 63 126
leaf_count=1881 3229 42 21 38 135 22 39 56 31 29 21 39 63 126
internal_value=2.94422e-08 -0.000859061 0.000565052 0.000503641 0.000413613 -0.00323967 -0.00494194 -0.000650545 -0.000849295 0.00440237 -0.00068232 -0.000477153 -0.00567958 -0.000705935
internal_weight=5772 2288 3484 3463 3425 196 174 2246 2161 85 2130 2046 84 2007
internal_count=5772 2288 3484 3463 3425 196 174 2246 2161 85 2130 2046 84 2007
cat_boundaries=0 1
cat_threshold=18
is_linear=0
shrinkage=0.05


Tree=120
num_leaves=15
num_cat=0
split_feature=2 1 0 1 1 0 1 0 1 2 1 0 1 1
split_gain=1.09015 7.33848 4.48239 2.11043 2.43362 6.16277 2.10898 1.52956 1.4046 1.3629 1.34597 1.38717 1.25177 1.27502
threshold=4.5000000000000009 1604.5000000000002 59.250000000000007 1960.0000000000002 2008.0000000000002 59.250000000000007 2450.0000000000005 59.250000000000007 1480.0000000000002 9.5000000000000018 1804.0000000000002 55.250000000000007 880.00000000000011 1423.5000000000002
decision_type=2 2 2 2 2 2 2 2 2 2 2 2 2 2
left_child=1 8 -3 9 5 -5 7 -6 12 10 11 -2 -1 -14
right_child=3 2 -4 4 6 -7 -8 -9 -10 -11 -12 -13 13 -15
leaf_value=-0.011687221269123256 0.00210684282776637 -0.007364486430994229 -0.030139839440584182 0.0047399211475702453 0.0012920427368787518 0.034614622965455054 0.015885121383788912 -0.011493764157165532 0.0031842542830244863 -0.0080680004202295097 -0.0091093578400384453 -0.00023741245190458433 -0.00013392590655934115 -0.0082553934247698631
leaf_weight=25 844 159 25 97 175 21 22 27 294 50 38 2501 1444 50
leaf_count=25 844 159 25 97 175 21 22 27 294 50 38 2501 1444 50
internal_value=2.79548e-08 -0.000944726 -0.010459 0.000499809 0.0042454 0.0100566 0.00118415 -0.000416951 2.08668e-05 0.000126668 0.000247783 0.000354083 -0.000591402 -0.000405729
internal_weight=5772 1997 184 3775 342 118 224 202 1813 3433 3383 3345 1519 1494
internal_count=5772 1997 184 3775 342 118 224 202 1813 3433 3383 3345 1519 1494
is_linear=0
shrinkage=0.05


Tree=121
num_leaves=15
num_cat=1
split_feature=3 2 1 0 1 1 0 1 1 0 2 2 1 0
split_gain=1.06339 1.34442 6.33659 3.89117 1.9334 2.19634 5.5619 1.90335 1.4142 1.38043 1.22064 1.25347 2.29522 2.00789
threshold=0 4.5000000000000009 1604.5000000000002 59.250000000000007 1960.0000000000002 2008.0000000000002 59.250000000000007 2450.0000000000005 1480.0000000000002 59.250000000000007 9.5000000000000018 7.5000000000000009 1804.0000000000002 52.250000000000007
decision_type=9 2 2 2 2 2 2 2 2 2 2 2 2 2
left_child=1 2 8 -4 10 6 -6 9 -1 -7 11 12 13 -3
right_child=-2 4 3 -5 5 7 -8 -9 -10 -11 -12 -13 -14 -15
leaf_value=-0.00091303682272315641 0.0046777565078222885 0.011262324758065052 -0.007262965900170254 -0.028632846876978875 0.0045029251226560048 0.0012274406977064375 0.032883892385732562 0.015090865332802589 0.0029521414327183032 -0.010919075934388848 -0.0076646003336645662 0.0028369365893870378 -0.013907626975172512 -0.00015862711826610172
leaf_weight=1445 109 39 144 25 97 175 21 22 283 27 50 399 30 2906
leaf_count=1445 109 39 144 25 97 175 21 22 283 27 50 399 30 2906
internal_value=2.6559e-08 -9.80962e-05 -0.00118375 -0.0104242 0.000448505 0.00403313 0.00955378 0.00112494 -0.000280024 -0.000396104 9.04612e-05 0.000205385 -0.000147552 -7.38192e-06
internal_weight=5772 5663 1897 169 3766 342 118 224 1728 202 3424 3374 2975 2945
internal_count=5772 5663 1897 169 3766 342 118 224 1728 202 3424 3374 2975 2945
cat_boundaries=0 1
cat_threshold=22
is_linear=0
shrinkage=0.05


Tree=122
num_leaves=15
num_cat=1
split_feature=3 2 0 1 2 0 1 2 2 0 0 2 2 0
split_gain=1.00488 2.18929 1.13859 2.7644 2.89785 2.64206 2.62796 2.37046 1.29923 0.767697 1.27168 1.16372 0.885363 1.38065
threshold=0 8.5000000000000018 58.250000000000007 1595.0000000000002 4.5000000000000009 59.750000000000007 1325.0000000000002 5.5000000000000009 7.5000000000000009 66.250000000000014 61.250000000000007 7.5000000000000009 4.5000000000000009 62.750000000000007
decision_type=9 2 2 2 2 2 2 2 2 2 2 2 2 2
left_child=1 2 8 4 -4 -5 -6 -8 -1 10 -2 12 -12 -14
right_child=9 -3 3 5 6 -7 7 -9 -10 -11 11 -13 13 -15
leaf_value=-0.00033647019536126851 0.00069370694744533214 -0.015837152099508481 -0.0082180491275461714 -0.00359906583492245 -0.0014477003068777219 -0.026469957439795785 -0.0016661355048418047 0.018158019206633694 0.0079989354164960499 0.0073375308886170394 -0.0097766315994354397 -0.010492832257619336 -0.0031935785473747691 0.0079153981968397048
leaf_weight=1794 3243 24 112 28 196 23 25 38 48 41 26 45 88 41
leaf_count=1794 3243 24 112 28 196 23 25 38 48 41 26 45 88 41
internal_value=4.30418e-07 -0.00081165 -0.000655954 -0.00299858 -0.00149817 -0.0139134 0.00140773 0.0102913 -0.000119261 0.000534533 0.000455074 -0.00341437 -0.00135933 0.000337182
internal_weight=5772 2288 2264 422 371 51 259 63 1842 3484 3443 200 155 129
internal_count=5772 2288 2264 422 371 51 259 63 1842 3484 3443 200 155 129
cat_boundaries=0 1
cat_threshold=18
is_linear=0
shrinkage=0.05


Tree=123
num_leaves=15
num_cat=1
split_feature=1 0 0 1 1 0 3 1 2 1 0 1 1 0
split_gain=0.978935 1.58254 0.926536 0.931721 1.01353 1.89372 0.894629 1.20585 0.966715 5.7527 3.44806 1.95787 1.40189 1.35776
threshold=942.50000000000011 69.750000000000014 66.250000000000014 2450.0000000000005 2242.5000000000005 56.250000000000007 0 1185.5000000000002 3.5000000000000004 1645.0000000000002 55.250000000000007 1201.5000000000002 1207.0000000000002 53.750000000000007
decision_type=2 2 2 2 2 2 9 2 2 2 2 2 2 2
left_child=-1 2 3 4 6 -6 8 -8 9 10 13 -10 -12 -2
right_child=1 -3 -4 -5 5 -7 7 -9 11 -11 12 -13 -14 -15
leaf_value=-0.0045265566707393713 0.017191130798310042 -0.010212678242021718 0.0089254539335767418 0.0099453360725116624 0.0012559567232217107 -0.016558471424146914 0.013783059191025264 0.001746331929533892 -0.00091232622721901669 -0.026030832719213023 -0.0012241400676915267 0.0010936160461827186 -0.0089692884703501344 0.0032182597145578246
leaf_weight=117 20 37 30 24 35 26 28 81 2114 24 135 2865 103 133
leaf_count=117 20 37 30 24 35 26 28 81 2114 24 135 2865 103 133
internal_value=4.08889e-07 9.40702e-05 0.00016195 0.000114902 7.2499e-05 -0.00633708 0.000143548 0.00443175 4.85877e-05 -0.00226984 -0.000811367 0.000241927 -0.00457603 0.00504478
internal_weight=5772 5655 5618 5588 5564 61 5503 109 5394 415 391 4979 238 153
internal_count=5772 5655 5618 5588 5564 61 5503 109 5394 415 391 4979 238 153
cat_boundaries=0 1
cat_threshold=22
is_linear=0
shrinkage=0.05


Tree=124
num_leaves=15
num_cat=0
split_feature=0 2 1 0 0 0 0 1 1 2 0 2 2 2
split_gain=0.943485 2.8106 1.06039 2.66566 2.10966 1.99077 2.06837 1.41772 1.30143 1.06502 1.18507 0.98324 0.789008 0.777799
threshold=58.750000000000007 3.5000000000000004 1002.0000000000001 69.750000000000014 63.750000000000007 67.750000000000014 61.750000000000007 1390.0000000000002 1390.0000000000002 4.5000000000000009 60.750000000000007 6.5000000000000009 5.5000000000000009 5.5000000000000009
decision_type=2 2 2 2 2 2 2 2 2 2 2 2 2 2
left_child=13 -2 5 4 7 6 11 -4 -6 10 -9 12 -3 -1
right_child=1 2 3 -5 8 -7 -8 9 -10 -11 -12 -13 -14 -15
leaf_value=-0.00011488474250414524 -0.0173345031360021 0.0041554000777633575 -0.0032041649670057483 -0.018972465992417364 0.016308632227419705 0.014863666825528657 -0.0085558044308043542 -0.0017445947695831885 0.0014030430000275375 0.0013175938848989329 -0.014696573801338673 0.012715328639994064 -0.0043693735215224721 0.0013086900936842001
leaf_weight=2666 26 95 603 21 27 28 47 151 32 495 20 24 38 1499
leaf_count=2666 26 95 603 21 27 28 47 151 32 495 20 24 38 1499
internal_value=3.88441e-07 -0.00102875 -0.000760597 -0.0012976 -0.0010181 0.00236187 0.000645941 -0.00144781 0.00822424 0.000142408 -0.00325945 0.0034006 0.00171975 0.000397465
internal_weight=5772 1607 1581 1349 1328 232 204 1269 59 666 171 157 133 4165
internal_count=5772 1607 1581 1349 1328 232 204 1269 59 666 171 157 133 4165
is_linear=0
shrinkage=0.05


Tree=125
num_leaves=15
num_cat=1
split_feature=3 0 2 2 1 1 1 0 1 2 1 1 1 1
split_gain=0.925638 2.01255 0.760471 1.18995 1.02292 1.89369 1.23132 0.803912 0.868101 2.01161 0.826282 0.809624 2.51083 5.33916
threshold=0 64.750000000000014 10.500000000000002 8.5000000000000018 1762.5000000000002 1433.5000000000002 1290.0000000000002 57.750000000000007 2008.0000000000002 4.5000000000000009 1960.0000000000002 1545.0000000000002 1604.5000000000002 1655.0000000000002
decision_type=9 2 2 2 2 2 2 2 2 2 2 2 2 2
left_child=1 -1 3 7 5 6 -5 11 10 -10 -9 -2 -13 -14
right_child=2 -3 -4 4 -6 -7 -8 8 9 -11 -12 12 13 -15
leaf_value=-0.00057965644732652978 0.00046382938945005171 -0.011626599643689891 -0.0087522301124408845 0.0029034651701518319 0.012793136684393342 -0.0084417334104987928 0.017066453885109651 -0.00028950181440009283 -0.019201542607042939 -0.00054238890476811393 0.0070738351259094015 0.0074199480009562481 -0.024296149039374933 0.001913629015056918
leaf_weight=2246 1093 42 22 57 33 28 21 1650 20 52 39 188 21 260
leaf_count=2246 1093 42 22 57 33 28 21 1650 20 52 39 188 21 260
internal_value=3.69032e-07 -0.000779036 0.000512981 0.00057334 0.00510574 0.0027125 0.00671658 0.000383752 -0.000348685 -0.00572549 -0.000119478 0.0012095 0.00294728 -4.51088e-05
internal_weight=5772 2288 3484 3462 139 106 78 3323 1761 72 1689 1562 469 281
internal_count=5772 2288 3484 3462 139 106 78 3323 1761 72 1689 1562 469 281
cat_boundaries=0 1
cat_threshold=18
is_linear=0
shrinkage=0.05


Tree=126
num_leaves=15
num_cat=2
split_feature=3 0 0 1 3 1 1 2 0 0 0 2 0 0
split_gain=0.879197 2.9233 1.09825 0.922894 0.816271 1.12127 0.982308 1.87158 0.898286 3.45948 1.43717 1.51397 1.86159 2.5851
threshold=0 57.750000000000007 54.750000000000007 1433.5000000000002 1 1233.5000000000002 1201.5000000000002 3.5000000000000004 64.750000000000014 68.250000000000014 61.750000000000007 3.5000000000000004 55.250000000000007 57.750000000000007
decision_type=9 2 2 2 9 2 2 2 2 2 2 2 2 2
left_child=1 2 -1 -4 6 -6 8 -8 10 -10 11 12 -2 -14
right_child=4 -3 3 -5 5 -7 7 -9 9 -11 -12 -13 13 -15
leaf_value=0.0044236987958982833 0.019094360013259579 -0.02126473506446928 -0.0015315802918139396 -0.010501154525102014 0.0095542883448485692 -0.00059198799909900804 -0.0062738207405996756 0.00085549042127276188 0.016543644112243783 -0.0075219610373356526 -0.0071500244243493816 -0.00091305547700587259 -0.0038628201642832549 0.016811569700283663
leaf_weight=61 20 20 141 36 56 53 95 2971 32 28 88 2096 54 21
leaf_count=61 20 20 141 36 56 53 95 2971 32 28 88 2096 54 21
internal_value=3.50579e-07 -0.00279643 -0.00136197 -0.0033559 0.000136037 0.00423248 4.57622e-05 0.000634589 -0.000725886 0.00531303 -0.000884874 -0.000633239 0.0055404 0.00192601
internal_weight=5772 258 238 177 5514 109 5405 3066 2339 60 2279 2191 95 75
internal_count=5772 258 238 177 5514 109 5405 3066 2339 60 2279 2191 95 75
cat_boundaries=0 1 2
cat_threshold=2 20
is_linear=0
shrinkage=0.05


Tree=127
num_leaves=15
num_cat=0
split_feature=1 0 0 2 1 1 2 1 0 0 1 1 2 1
split_gain=0.836456 1.26303 0.753047 1.25231 1.54395 1.44227 1.03614 4.39536 2.12196 1.54878 1.30041 0.950482 1.77076 1.60788
threshold=942.50000000000011 69.750000000000014 53.750000000000007 3.5000000000000004 1960.0000000000002 1415.0000000000002 3.5000000000000004 1207.0000000000002 57.750000000000007 63.750000000000007 1201.5000000000002 2008.0000000000002 4.5000000000000009 1960.0000000000002
decision_type=2 2 2 2 2 2 2 2 2 2 2 2 2 2
left_child=-1 2 3 -2 5 -5 7 -4 -9 10 -8 13 -13 -12
right_child=1 -3 6 4 -6 -7 9 8 -10 -11 11 12 -14 -15
leaf_value=-0.0041842456481172739 0.014681330074866614 -0.0091207797651657388 0.002317331698879585 0.0039441487533040344 0.014569639698380515 -0.0056229147556811007 -0.00082162816982967639 -0.0054254068095913911 -0.019926194337614139 0.0073795276507735257 0.00082602290355116904 -0.01192140391168113 -0.00028414964632103497 0.0064913862690005007
leaf_weight=117 21 37 253 100 21 65 2042 194 29 75 2445 39 202 132
leaf_count=117 21 37 253 100 21 65 2042 194 29 75 2445 39 202 132
internal_value=3.33058e-07 8.69105e-05 0.000147552 0.00310723 0.00180047 0.000175306 3.43286e-05 -0.0021935 -0.00731116 0.000249211 0.000139175 0.0008354 -0.00216736 0.00111622
internal_weight=5772 5655 5618 207 186 165 5411 476 223 4935 4860 2818 241 2577
internal_count=5772 5655 5618 207 186 165 5411 476 223 4935 4860 2818 241 2577
is_linear=0
shrinkage=0.05


Tree=128
num_leaves=15
num_cat=1
split_feature=3 2 2 1 0 1 0 0 0 0 2 0 1 1
split_gain=0.826615 1.07111 0.971908 3.98542 3.39273 1.30541 1.33673 3.24041 1.05482 0.930468 1.20202 0.861114 0.98323 1.08343
threshold=0 3.5000000000000004 3.5000000000000004 1645.0000000000002 55.250000000000007 1201.5000000000002 64.250000000000014 68.250000000000014 53.750000000000007 61.750000000000007 5.5000000000000009 65.750000000000014 2450.0000000000005 2350.0000000000005
decision_type=9 2 2 2 2 2 2 2 2 2 2 2 2 2
left_child=2 -2 3 4 8 6 9 -8 -1 -4 -11 12 13 -7
right_child=1 -3 5 -5 -6 11 7 -9 -10 10 -12 -13 -14 -15
leaf_value=0.015253908578306436 0.0014485491816944715 0.012546086668541345 -0.00081565196985456583 -0.020965609514947844 -0.0048430628684773035 0.00091415542949054409 0.015469101977009231 -0.0068253139499574907 0.0029838416903735475 0.0018796302892010791 -0.010825149560920322 -0.0077838195062338786 0.01140512763099237 -0.0069914980156516489
leaf_weight=20 79 30 2109 27 244 2879 39 28 141 29 52 29 22 44
leaf_count=20 79 30 2109 27 244 2879 39 28 141 29 52 29 22 44
internal_value=3.16412e-07 0.00412452 -8.61963e-05 -0.00236569 -0.0011257 0.00010189 -0.000804795 0.00615203 0.00450807 -0.00101763 -0.00627652 0.000789983 0.000874411 0.000795151
internal_weight=5772 109 5663 432 405 5231 2257 67 161 2190 81 2974 2945 2923
internal_count=5772 109 5663 432 405 5231 2257 67 161 2190 81 2974 2945 2923
cat_boundaries=0 1
cat_threshold=22
is_linear=0
shrinkage=0.05


Tree=129
num_leaves=15
num_cat=1
split_feature=3 0 0 0 1 0 1 1 1 0 0 0 0 2
split_gain=0.808076 1.93966 0.80871 1.16774 0.723115 1.86858 1.45607 3.41269 5.32153 1.78737 1.26144 1.32667 1.58659 0.93914
threshold=0 64.750000000000014 66.250000000000014 62.250000000000007 2008.0000000000002 54.250000000000007 1480.0000000000002 1580.0000000000002 1519.0000000000002 56.250000000000007 52.250000000000007 58.250000000000007 57.250000000000007 5.5000000000000009
decision_type=9 2 2 2 2 2 2 2 2 2 2 2 2 2
left_child=1 4 3 -2 6 -6 -1 8 9 -8 -9 12 -12 -7
right_child=2 -3 -4 -5 5 13 7 10 -10 -11 11 -13 -14 -15
leaf_value=-0.0010333950581038491 0.00055177236159852691 -0.011377077149171827 0.0074614103133903769 -0.0050987794792200346 0.0076448032886467197 -0.0049638947806008886 0.0077143143150298042 -0.011862983660433781 0.025907608600599426 -0.0086060141958296307 0.00033013603416317546 -0.0082971778257112765 0.01196102195729812 -0.017616193665360862
leaf_weight=1691 3349 42 41 94 22 44 51 22 35 25 263 38 33 22
leaf_count=1691 3349 42 41 94 22 44 51 22 35 25 263 38 33 22
internal_value=3.00594e-07 -0.00072793 0.000479255 0.000397502 -0.000532033 -0.00497479 -0.000350864 0.00212057 0.00977519 0.00234579 -0.00026612 0.000497745 0.00162682 -0.00918133
internal_weight=5772 2288 3484 3443 2246 88 2158 467 111 76 356 334 296 66
internal_count=5772 2288 3484 3443 2246 88 2158 467 111 76 356 334 296 66
cat_boundaries=0 1
cat_threshold=18
is_linear=0
shrinkage=0.05


Tree=130
num_leaves=15
num_cat=0
split_feature=0 2 1 0 0 0 0 2 1 0 0 1 0 1
split_gain=0.77829 2.32913 1.11243 2.14183 1.8692 1.78293 1.75863 1.13266 1.12062 2.41617 1.58321 1.86723 1.36898 1.3027
threshold=58.750000000000007 3.5000000000000004 1002.0000000000001 69.750000000000014 67.750000000000014 63.750000000000007 61.750000000000007 4.5000000000000009 1960.0000000000002 60.250000000000007 61.250000000000007 1519.0000000000002 59.750000000000007 1345.0000000000002
decision_type=2 2 2 2 2 2 2 2 2 2 2 2 2 2
left_child=-1 -2 4 5 6 7 -3 -4 10 12 -9 13 -10 -12
right_child=1 2 3 -5 -6 -7 -8 8 9 -11 11 -13 -14 -15
leaf_value=0.0003609289061460834 -0.015777984777322184 0.0033851919897422674 -0.0037493329706475738 -0.017083640021848537 0.014621920996744718 0.0075067615341710848 -0.0076396833575191961 -1.9966972388732744e-05 0.0063310834853088152 0.02028821583837271 -0.0049893862742464989 0.0045528932008892303 -0.0096759871177544646 -0.016775276673001212
leaf_weight=4165 26 157 362 21 28 59 47 698 34 20 64 32 22 37
leaf_count=4165 26 157 362 21 28 59 47 698 34 20 64 32 22 37
internal_value=2.85546e-07 -0.000934425 -0.000690318 -0.00124034 0.00250786 -0.000989805 0.000845147 -0.00138484 -0.000441126 0.00537039 -0.000972624 -0.00597228 4.25915e-05 -0.00930699
internal_weight=5772 1607 1581 1349 232 1328 204 1269 907 76 831 133 56 101
internal_count=5772 1607 1581 1349 232 1328 204 1269 907 76 831 133 56 101
is_linear=0
shrinkage=0.05


Tree=131
num_leaves=15
num_cat=1
split_feature=3 2 1 1 2 0 1 0 2 0 0 0 0 2
split_gain=0.758087 1.90831 0.980206 2.67868 2.62035 2.02869 2.31628 1.74124 1.05648 0.914401 1.35855 0.723546 1.02903 0.690086
threshold=0 8.5000000000000018 1604.5000000000002 1480.0000000000002 6.5000000000000009 56.750000000000007 1533.0000000000002 58.750000000000007 4.5000000000000009 67.750000000000014 60.250000000000007 66.250000000000014 62.250000000000007 7.5000000000000009
decision_type=9 2 2 2 2 2 2 2 2 2 2 2 2 2
left_child=1 2 3 9 5 6 -5 -4 -7 10 -1 12 -2 -14
right_child=11 -3 7 4 -6 8 -8 -9 -10 -11 -12 -13 13 -15
leaf_value=-0.00071066971585404253 0.00053169518304058117 -0.014733029230652998 -0.0021409784490144775 0.013913168242769475 0.018525314921962806 0.0030231917571080357 0.0016335154394619168 -0.016271428546557824 -0.0079010626055159659 0.008756668318528683 -0.0066365345923718316 0.0070684957709844891 -0.0021939175230437434 -0.011889883620664479
leaf_weight=1586 3349 24 238 59 29 38 110 24 53 24 103 41 69 25
leaf_count=1586 3349 24 238 59 29 38 110 24 53 24 103 41 69 25
internal_value=2.7127e-07 -0.000705075 -0.000559483 -0.000183118 0.00426963 0.00267957 0.00592049 -0.00343537 -0.00333929 -0.00093434 -0.00107205 0.000464175 0.000386878 -0.00477263
internal_weight=5772 2288 2264 2002 289 260 169 262 91 1713 1689 3484 3443 94
internal_count=5772 2288 2264 2002 289 260 169 262 91 1713 1689 3484 3443 94
cat_boundaries=0 1
cat_threshold=18
is_linear=0
shrinkage=0.05


Tree=132
num_leaves=15
num_cat=1
split_feature=3 1 2 1 0 1 0 0 0 0 1 1 0 2
split_gain=0.743118 1.01859 0.860914 3.55265 3.02549 1.11972 1.12125 3.08102 0.954465 0.788683 0.903974 0.988314 2.0876 0.775229
threshold=0 1185.5000000000002 3.5000000000000004 1645.0000000000002 55.250000000000007 1201.5000000000002 64.250000000000014 68.250000000000014 53.750000000000007 65.750000000000014 2450.0000000000005 2350.0000000000005 55.750000000000007 3.5000000000000004
decision_type=9 2 2 2 2 2 2 2 2 2 2 2 2 2
left_child=2 -2 3 4 8 6 -4 -8 -1 10 11 -7 -13 -3
right_child=1 13 5 -5 -6 9 7 -9 -10 -11 -12 12 -14 -15
leaf_value=0.014485609848052264 0.012490316749816495 -0.0017464311409480218 -0.00093939972261193345 -0.019788198107508599 -0.0045668377913152952 0.00085098738136641424 0.014712032756935329 -0.0070271446261488436 0.0028137934007780984 -0.0074727720324078515 0.010910699558338489 0.0032423987169750037 -0.018630148824304343 0.0089659094155649655
leaf_weight=20 28 57 2190 27 244 2879 39 28 141 29 22 24 20 24
leaf_count=20 28 57 2190 27 244 2879 39 28 141 29 22 24 20 24
internal_value=2.57713e-07 0.00391062 -8.17692e-05 -0.00222716 -0.00105642 9.52506e-05 -0.000744473 0.005627 0.00426371 0.000732526 0.000813325 0.000737327 -0.00669967 0.0014276
internal_weight=5772 109 5663 432 405 5231 2257 67 161 2974 2945 2923 44 81
internal_count=5772 109 5663 432 405 5231 2257 67 161 2974 2945 2923 44 81
cat_boundaries=0 1
cat_threshold=22
is_linear=0
shrinkage=0.05


Tree=133
num_leaves=15
num_cat=1
split_feature=3 0 0 1 0 1 0 0 0 2 2 0 2 0
split_gain=0.718395 2.33478 0.761771 0.701729 0.675383 0.783525 1.9923 1.72114 1.48723 1.53442 1.02774 4.55751 2.05386 1.77016
threshold=0 57.750000000000007 54.750000000000007 1433.5000000000002 57.250000000000007 1057.5000000000002 69.750000000000014 67.750000000000014 61.750000000000007 6.5000000000000009 7.5000000000000009 61.750000000000007 9.5000000000000018 65.250000000000014
decision_type=9 2 2 2 2 2 2 2 2 2 2 2 2 2
left_child=1 2 -1 -4 -2 7 10 8 9 -6 13 12 -12 -7
right_child=4 -3 3 -5 5 6 -8 -9 -10 -11 11 -13 -14 -15
leaf_value=0.0035715146486448948 0.00067728807284546247 -0.019033892801962795 -0.0013168709519391893 -0.0091382025301249489 0.00022280826916721088 -0.00085486960173629151 -0.016127870548960001 0.013497284809792683 -0.0073067151507654905 0.008462543881365232 -0.0024785099924912227 0.019141043914215908 0.014146762806922198 -0.015802036302629857
leaf_weight=61 2753 20 141 36 293 2061 21 28 51 70 161 35 21 20
leaf_count=61 2753 20 141 36 293 2061 21 28 51 70 161 35 21 20
internal_value=2.44819e-07 -0.00252787 -0.00124702 -0.00290765 0.000122897 -0.000429443 -0.000797169 0.00149987 0.00068845 0.00181174 -0.000657071 0.00261741 -0.000560209 -0.000998523
internal_weight=5772 258 238 177 5514 2761 2319 442 414 363 2298 217 182 2081
internal_count=5772 258 238 177 5514 2761 2319 442 414 363 2298 217 182 2081
cat_boundaries=0 1
cat_threshold=2
is_linear=0
shrinkage=0.05


Tree=134
num_leaves=15
num_cat=0
split_feature=1 0 2 0 1 1 0 0 1 2 1 2 1 1
split_gain=0.712044 0.963575 0.700466 0.871756 0.710988 0.81407 1.44191 0.66543 1.20083 0.772998 0.961857 1.19876 3.22683 1.57129
threshold=942.50000000000011 69.750000000000014 10.500000000000002 66.250000000000014 2450.0000000000005 2242.5000000000005 56.250000000000007 51.750000000000007 1533.0000000000002 6.5000000000000009 1005.0000000000001 3.5000000000000004 1645.0000000000002 1519.0000000000002
decision_type=2 2 2 2 2 2 2 2 2 2 2 2 2 2
left_child=-1 2 3 4 5 7 -7 8 -2 10 -9 12 -12 -13
right_child=1 -3 -4 -5 -6 6 -8 9 -10 -11 11 13 -14 -15
leaf_value=-0.003860624371948214 0.015264010233804585 -0.0079623033578910332 -0.0087712286357683224 0.0088145841298432181 0.0087103556919222083 0.00096723677058305072 -0.014577486161858992 0.0018869091981257718 -0.0018549458788973943 0.0013301187062443153 -0.0016529354054849441 -0.0008029512060707671 -0.017555662052971977 0.0015738066537939598
leaf_weight=117 20 37 22 29 24 35 26 496 21 1037 360 2558 35 955
leaf_count=117 20 37 22 29 24 35 26 496 21 1037 360 2558 35 955
internal_value=2.32583e-07 8.01124e-05 0.00013308 0.000168086 0.000123044 8.58626e-05 -0.00565838 0.000149781 0.00649576 0.000101961 -0.00018723 -0.000450478 -0.00306204 -0.000156836
internal_weight=5772 5655 5618 5596 5567 5543 61 5482 41 5441 4404 3908 395 3513
internal_count=5772 5655 5618 5596 5567 5543 61 5482 41 5441 4404 3908 395 3513
is_linear=0
shrinkage=0.05


Tree=135
num_leaves=15
num_cat=1
split_feature=3 1 2 1 0 1 1 0 0 1 1 2 0 1
split_gain=0.707621 0.885617 0.725948 4.77749 3.44906 1.40451 1.65298 4.83698 1.37149 1.0903 1.06015 1.05533 1.04475 1.0783
threshold=0 1185.5000000000002 4.5000000000000009 1604.5000000000002 59.250000000000007 1960.0000000000002 2008.0000000000002 59.250000000000007 59.750000000000007 1804.0000000000002 1519.0000000000002 9.5000000000000018 59.750000000000007 1390.0000000000002
decision_type=9 2 2 2 2 2 2 2 2 2 2 2 2 2
left_child=2 -2 3 10 -5 9 7 -7 -8 11 12 -4 -1 -14
right_child=1 -3 5 4 -6 6 8 -9 -10 -11 -12 -13 13 -15
leaf_value=-0.00010950439723503702 0.011831694640984228 0.001516325113846472 0.00021923978909167824 -0.0059248922257716516 -0.026044167310930788 0.0034561889601352905 0.0023926399969831876 0.029923054327567419 -0.0090949476657745734 -0.0084055880519659509 0.0033795491651369214 -0.0070990600213408474 -0.0022385774605106889 -0.012501925534822725
leaf_weight=1386 28 81 3336 144 25 97 194 21 30 38 195 50 114 33
leaf_count=1386 28 81 3336 144 25 97 194 21 30 38 195 50 114 33
internal_value=2.20986e-07 0.00381605 -7.98227e-05 -0.000877602 -0.00890112 0.000321821 0.00337707 0.00816639 0.000854124 1.66526e-05 -9.28949e-05 0.000111173 -0.000534595 -0.00454259
internal_weight=5772 109 5663 1897 169 3766 342 118 224 3424 1728 3386 1533 147
internal_count=5772 109 5663 1897 169 3766 342 118 224 3424 1728 3386 1533 147
cat_boundaries=0 1
cat_threshold=22
is_linear=0
shrinkage=0.05


Tree=136
num_leaves=15
num_cat=1
split_feature=3 0 0 0 2 2 1 2 0 1 1 1 2 2
split_gain=0.669015 1.86558 0.757583 0.994387 0.757935 1.43529 0.801475 0.675688 1.14917 1.01063 0.638509 1.72676 0.899172 0.807066
threshold=0 64.750000000000014 66.250000000000014 62.250000000000007 7.5000000000000009 5.5000000000000009 1345.0000000000002 7.5000000000000009 61.750000000000007 1405.0000000000002 2008.0000000000002 1960.0000000000002 4.5000000000000009 5.5000000000000009
decision_type=9 2 2 2 2 2 2 2 2 2 2 2 2 2
left_child=1 7 3 -2 5 -5 -7 8 10 -9 11 -1 -12 -14
right_child=2 -3 -4 4 -6 6 -8 9 -10 -11 12 -13 13 -15
leaf_value=-0.00053003288148045639 0.00049916175756868782 -0.011105978266069932 0.0071937721889897641 -0.010738883034459183 -0.012174050875008106 -0.002875468143749805 0.011110168062150479 -0.00022815818967366659 -0.010199533673303743 0.011098403333040376 -0.013735495348061837 0.010092623017501468 0.0036071160723539913 -0.0077241166867315775
leaf_weight=2007 3349 42 41 28 25 21 20 54 31 31 21 39 33 30
leaf_count=2007 3349 42 41 28 25 21 20 54 31 31 21 39 33 30
internal_value=2.09889e-07 -0.000662404 0.000436009 0.000356803 -0.00471512 -0.00201261 0.00394679 -0.000470059 -0.000642056 0.00390271 -0.000502957 -0.000327548 -0.00477541 -0.00178871
internal_weight=5772 2288 3484 3443 94 69 41 2246 2161 85 2130 2046 84 63
internal_count=5772 2288 3484 3443 94 69 41 2246 2161 85 2130 2046 84 63
cat_boundaries=0 1
cat_threshold=18
is_linear=0
shrinkage=0.05


Tree=137
num_leaves=15
num_cat=1
split_feature=3 2 0 2 1 1 0 1 0 0 1 2 1 1
split_gain=0.630602 0.870974 0.679532 1.82337 1.42881 1.34386 1.14575 1.32094 0.861107 1.86998 2.65551 0.852165 0.788591 1.03929
threshold=0 3.5000000000000004 56.750000000000007 3.5000000000000004 1390.0000000000002 2350.0000000000005 57.250000000000007 1082.5000000000002 63.750000000000007 66.750000000000014 1082.5000000000002 9.5000000000000018 942.50000000000011 1002.0000000000001
decision_type=9 2 2 2 2 2 2 2 2 2 2 2 2 2
left_child=2 -2 -1 4 6 8 -4 -8 11 -10 -11 12 -5 -14
right_child=1 -3 3 5 -6 -7 7 -9 9 10 -12 -13 13 -15
leaf_value=0.00054790931220253831 0.001178609227018926 0.011185790733434261 -0.011441550056648946 -0.0059555587708018725 -0.014592307478634235 -0.0098050734682663069 0.01166396175744012 -0.005575873959809542 0.010934141423236931 0.0094245594187543323 -0.011035203360952437 0.0086255803525161281 0.0024557577483732291 -0.00066968260010845902
leaf_weight=2467 79 30 24 64 39 37 20 25 53 29 35 26 297 2547
leaf_count=2467 79 30 24 64 39 37 20 25 53 29 35 26 297 2547
internal_value=1.9941e-07 0.00360239 -7.53627e-05 -0.000556704 -0.00694273 -0.000333358 -0.00261906 0.00208628 -0.000218493 0.00398795 -0.00176437 -0.000386235 -0.000466808 -0.000343292
internal_weight=5772 109 5663 3196 108 3088 69 45 3051 117 64 2934 2908 2844
internal_count=5772 109 5663 3196 108 3088 69 45 3051 117 64 2934 2908 2844
cat_boundaries=0 1
cat_threshold=22
is_linear=0
shrinkage=0.05


Tree=138
num_leaves=15
num_cat=1
split_feature=0 1 3 0 1 1 1 0 2 2 1 1 0 0
split_gain=0.619372 1.08997 0.859552 1.88996 0.64348 0.599311 0.695947 1.2059 0.571255 0.651934 1.53434 2.74777 1.67342 1.44438
threshold=51.750000000000007 1533.0000000000002 0 57.750000000000007 1207.0000000000002 2450.0000000000005 2242.5000000000005 56.250000000000007 10.500000000000002 7.5000000000000009 1082.5000000000002 1135.0000000000002 62.750000000000007 60.750000000000007
decision_type=2 2 9 2 2 2 2 2 2 2 2 2 2 2
left_child=1 -1 3 4 -2 6 8 -8 9 -4 -11 -12 13 -13
right_child=2 -3 5 -5 -6 -7 7 -9 -10 10 11 12 -14 -15
leaf_value=0.014477518042549493 0.00035484577545079674 -0.0018321650501872814 -2.1974671385948623e-05 -0.017694417011225597 -0.005058025967181576 0.0075216736730740032 0.00080248239583202783 -0.013413285736281139 -0.0077489917935884521 -0.0047731842024303561 0.019206852756440643 0.0018779193202037336 -0.011629131196865015 0.01302715070778504
leaf_weight=20 146 21 4901 20 88 27 35 26 23 72 25 315 21 32
leaf_count=20 146 21 4901 20 88 27 35 26 23 72 25 315 21 32
internal_value=1.89437e-07 0.00612378 -4.36192e-05 -0.00283025 -0.00168076 9.06152e-05 5.39671e-05 -0.0052567 0.00011408 0.000147783 0.001937 0.00316634 0.00207663 0.00290609
internal_weight=5772 41 5731 254 234 5477 5450 61 5389 5366 465 393 368 347
internal_count=5772 41 5731 254 234 5477 5450 61 5389 5366 465 393 368 347
cat_boundaries=0 1
cat_threshold=2
is_linear=0
shrinkage=0.05


Tree=139
num_leaves=15
num_cat=0
split_feature=0 2 1 0 0 0 0 1 1 1 0 1 1 0
split_gain=0.593323 1.91015 0.907143 1.48758 1.57461 1.38155 1.35978 1.00993 0.982185 0.905014 3.89414 3.24169 4.94977 2.57216
threshold=58.750000000000007 3.5000000000000004 1002.0000000000001 69.750000000000014 63.750000000000007 67.750000000000014 61.750000000000007 1390.0000000000002 1390.0000000000002 1405.0000000000002 61.250000000000007 1519.0000000000002 1580.0000000000002 59.750000000000007
decision_type=2 2 2 2 2 2 2 2 2 2 2 2 2 2
left_child=-1 -2 5 4 7 6 -3 -4 -6 10 13 -11 -13 -9
right_child=1 2 3 -5 8 -7 -8 9 -10 11 -12 12 -14 -15
leaf_value=0.00031506554733822488 -0.014258295999696621 0.00309722253542607 -0.0027363924023882172 -0.014295201094189129 0.014125185866874676 0.01270784471416846 -0.0065971815066927291 0.00075828551891304202 0.0011762007823563183 -0.01040273162335912 -0.015515475562558726 0.017364935940131547 -0.0012810246782768778 0.012605049367994071
leaf_weight=4165 26 157 603 21 27 28 47 126 32 79 26 40 323 72
leaf_count=4165 26 157 603 21 27 28 47 126 32 79 26 40 323 72
internal_value=1.79973e-07 -0.000815936 -0.000594873 -0.00109156 -0.000882764 0.00229317 0.000863708 -0.001254 0.00710201 8.81619e-05 0.00267726 -0.00122396 0.000773627 0.0050662
internal_weight=5772 1607 1581 1349 1328 232 204 1269 59 666 224 442 363 198
internal_count=5772 1607 1581 1349 1328 232 204 1269 59 666 224 442 363 198
is_linear=0
shrinkage=0.05


Tree=140
num_leaves=15
num_cat=1
split_feature=3 0 0 0 2 2 1 1 0 1 1 1 0 0
split_gain=0.612557 1.78504 0.722233 0.920826 0.677912 1.29897 0.706414 0.570914 1.53153 1.08458 2.75296 4.61002 1.36784 1.14364
threshold=0 64.750000000000014 66.250000000000014 62.250000000000007 7.5000000000000009 5.5000000000000009 1345.0000000000002 2008.0000000000002 54.250000000000007 1480.0000000000002 1580.0000000000002 1519.0000000000002 56.250000000000007 52.250000000000007
decision_type=9 2 2 2 2 2 2 2 2 2 2 2 2 2
left_child=1 7 3 -2 5 -5 -7 9 -9 -1 11 12 -11 -12
right_child=2 -3 -4 4 -6 6 -8 8 -10 10 13 -13 -14 -15
leaf_value=-0.00087374378308315958 0.00047680787572129484 -0.010849462093652361 0.0070153673531533015 -0.010286557089005199 -0.011595095753669739 -0.0027206175384067357 0.010409446321427823 0.0070316207976165142 -0.0082015720308955872 0.0065048185761506661 -0.011337426660413092 0.023738601270930044 -0.0077722388543188569 0.00043200938174679516
leaf_weight=1691 3349 42 41 28 25 21 20 22 66 51 22 35 25 334
leaf_count=1691 3349 42 41 28 25 21 20 22 66 51 22 35 25 334
internal_value=1.70986e-07 -0.000633868 0.000417176 0.000339815 -0.0045409 -0.00198504 0.00368429 -0.000445659 -0.00439327 -0.000284681 0.00184831 0.00872334 0.00180842 -0.000295315
internal_weight=5772 2288 3484 3443 94 69 41 2246 88 2158 467 111 76 356
internal_count=5772 2288 3484 3443 94 69 41 2246 88 2158 467 111 76 356
cat_boundaries=0 1
cat_threshold=18
is_linear=0
shrinkage=0.05


Tree=141
num_leaves=15
num_cat=1
split_feature=0 1 2 1 2 3 0 2 2 1 1 1 1 2
split_gain=0.58391 1.10307 1.13287 1.21029 0.920263 0.889649 1.56352 0.829156 1.06372 0.729688 0.555684 1.41051 0.516869 1.21075
threshold=53.750000000000007 1960.0000000000002 3.5000000000000004 1415.0000000000002 5.5000000000000009 0 57.750000000000007 6.5000000000000009 5.5000000000000009 1207.0000000000002 2450.0000000000005 2350.0000000000005 1390.0000000000002 3.5000000000000004
decision_type=2 2 2 2 2 9 2 2 2 2 2 2 2 2
left_child=1 2 -1 7 -5 6 9 8 -4 -2 11 12 -7 -14
right_child=5 -3 3 4 -6 10 -8 -9 -10 -11 -12 -13 13 -15
leaf_value=0.012329370510720071 0.000287084343923564 0.013459626620724089 0.0043427601564102452 -0.010505931839548253 0.0015084846211331233 -0.00038876955418944191 -0.016518454027827829 0.010380986850941555 -0.0089904460645768621 -0.0056602227211952575 0.0071946375917091411 -0.010000871723251684 -0.0046723778305861816 0.0008419836127859095
leaf_weight=21 139 21 52 37 28 2833 20 30 21 82 27 35 104 2322
leaf_count=21 139 21 52 37 28 2833 20 30 21 82 27 35 104 2322
internal_value=1.62403e-07 0.00258829 0.00138036 1.17372e-05 -0.00533049 -9.75554e-05 -0.00300638 0.00338305 0.00050718 -0.00191961 3.97673e-05 3.35172e-06 6.99324e-05 0.000605589
internal_weight=5772 210 189 168 65 5562 241 103 73 221 5321 5294 5259 2426
internal_count=5772 210 189 168 65 5562 241 103 73 221 5321 5294 5259 2426
cat_boundaries=0 1
cat_threshold=2
is_linear=0
shrinkage=0.05


Tree=142
num_leaves=15
num_cat=1
split_feature=3 1 0 1 2 1 0 1 1 1 1 0 1 1
split_gain=0.600451 0.801277 0.589034 0.907295 0.709544 4.31075 2.96765 1.24764 0.893489 0.882911 0.965951 0.836079 0.992292 0.701356
threshold=0 1185.5000000000002 51.750000000000007 1533.0000000000002 4.5000000000000009 1604.5000000000002 59.250000000000007 2450.0000000000005 1519.0000000000002 1663.0000000000002 2008.0000000000002 59.750000000000007 1390.0000000000002 1835.0000000000002
decision_type=9 2 2 2 2 2 2 2 2 2 2 2 2 2
left_child=2 -2 3 -1 5 8 9 13 11 -7 -11 -4 -13 -6
right_child=1 -3 4 -5 7 6 -8 -9 -10 10 -12 12 -14 -15
leaf_value=0.013519229255616667 0.011129072187135795 0.0013171748643350087 -0.00018696939563061043 -0.0013610693315664927 -8.356284780269759e-06 -0.01551797904074192 -0.02446232672594488 0.012153777361593465 0.0030332594992324097 -0.0010188078246205861 -0.01043755299888733 -0.0019435944215378219 -0.011789124001833526 0.0023586542906148525
leaf_weight=20 28 81 1378 21 3369 20 25 22 194 81 41 114 33 345
leaf_count=20 28 81 1378 21 3369 20 25 22 194 81 41 114 33 345
internal_value=1.54301e-07 0.00351517 -7.35792e-05 0.00589761 -0.000117257 -0.000907838 -0.00857713 0.000281843 -0.00016277 -0.00578044 -0.00418412 -0.000569347 -0.00415382 0.000211519
internal_weight=5772 109 5663 41 5622 1886 167 3736 1719 142 122 1525 147 3714
internal_count=5772 109 5663 41 5622 1886 167 3736 1719 142 122 1525 147 3714
cat_boundaries=0 1
cat_threshold=22
is_linear=0
shrinkage=0.05


Tree=143
num_leaves=15
num_cat=0
split_feature=1 0 1 1 2 0 0 1 1 0 0 0 0 2
split_gain=0.559714 0.820767 0.623434 4.18561 3.55272 3.30737 1.65378 1.35946 2.71265 2.17026 1.71284 1.5765 1.0985 1.03704
threshold=942.50000000000011 69.250000000000014 1604.5000000000002 1645.0000000000002 4.5000000000000009 59.250000000000007 51.250000000000007 1519.0000000000002 1524.0000000000002 61.750000000000007 64.750000000000014 61.750000000000007 66.750000000000014 6.5000000000000009
decision_type=2 2 2 2 2 2 2 2 2 2 2 2 2 2
left_child=-1 2 6 -4 5 -5 -2 10 -9 -10 11 13 -12 -8
right_child=1 -3 3 4 -6 -7 7 8 9 -11 12 -13 -14 -15
leaf_value=-0.0034229031119209067 0.012679864990490456 -0.007065914434497245 -0.016152583399194887 -0.0038422756221455838 0.0015059694408522859 -0.023833287354015437 -0.00036645529421648002 0.016163890241809628 0.0010611913723682918 0.017060903967781503 0.018094942922748269 -0.0059864373861160955 0.0017215873487293719 0.0017695013928777687
leaf_weight=117 27 40 44 150 606 24 3288 34 579 22 21 113 20 687
leaf_count=117 27 40 44 150 606 24 3288 34 579 22 21 113 20 687
internal_value=1.46607e-07 7.09683e-05 0.00012181 -0.00114859 -0.000302209 -0.00659966 0.000340305 0.00027037 0.00242416 0.00164687 -6.08621e-05 -0.000162849 0.0101079 2.7025e-06
internal_weight=5772 5655 5615 824 780 174 4791 4764 635 601 4129 4088 41 3975
internal_count=5772 5655 5615 824 780 174 4791 4764 635 601 4129 4088 41 3975
is_linear=0
shrinkage=0.05


Tree=144
num_leaves=15
num_cat=1
split_feature=3 2 1 0 2 1 1 0 1 0 0 2 1 0
split_gain=0.55267 0.761917 0.582418 0.52039 1.35478 1.20881 1.19161 1.13611 1.21161 0.794351 1.59308 2.24103 0.780117 1.83464
threshold=0 3.5000000000000004 1290.0000000000002 56.750000000000007 3.5000000000000004 1390.0000000000002 2350.0000000000005 57.250000000000007 1082.5000000000002 63.750000000000007 66.750000000000014 6.5000000000000009 1960.0000000000002 60.250000000000007
decision_type=9 2 2 2 2 2 2 2 2 2 2 2 2 2
left_child=3 2 -2 -1 5 7 9 -5 -9 12 -11 -12 -6 -14
right_child=1 -3 -4 4 6 -7 -8 8 -10 10 11 -13 13 -15
leaf_value=0.00047482010648779052 0.0054535483039963323 0.010465450057139 -0.0031333945808000863 -0.010804835710829746 -0.00054546148513136684 -0.013032531537688697 -0.0092183609493076812 0.011838705682894217 -0.0046722929030656819 0.010260273227995297 0.0081929645891631805 -0.01052875304876855 0.001008905711633441 0.017227862589061262
leaf_weight=2467 39 30 40 24 2778 39 37 20 25 53 31 33 136 20
leaf_count=2467 39 30 40 24 2778 39 37 20 25 53 31 33 136 20
internal_value=1.39277e-07 0.0033724 0.00110573 -7.05997e-05 -0.000491831 -0.00599646 -0.000299312 -0.00201955 0.00266593 -0.000191149 0.00384895 -0.00146042 -0.000352258 0.00308826
internal_weight=5772 109 79 5663 3196 108 3088 69 45 3051 117 64 2934 156
internal_count=5772 109 79 5663 3196 108 3088 69 45 3051 117 64 2934 156
cat_boundaries=0 1
cat_threshold=22
is_linear=0
shrinkage=0.05


Tree=145
num_leaves=15
num_cat=1
split_feature=3 2 0 0 2 0 1 0 0 2 2 1 1 1
split_gain=0.544132 1.74894 0.858333 2.25417 1.10875 2.08161 1.68026 0.703263 0.901877 0.633506 1.14117 0.572263 0.564518 1.16922
threshold=0 8.5000000000000018 67.750000000000014 63.750000000000007 7.5000000000000009 61.750000000000007 1405.0000000000002 66.250000000000014 62.250000000000007 7.5000000000000009 5.5000000000000009 1345.0000000000002 1195.0000000000002 1135.0000000000002
decision_type=9 2 2 2 2 2 2 2 2 2 2 2 2 2
left_child=1 2 3 4 5 12 -6 8 -2 10 -10 -12 13 -1
right_child=7 -3 -4 -5 6 -7 -8 -9 9 -11 11 -13 -14 -15
leaf_value=-0.0010682522005700662 0.00045234207175496861 -0.014026546683938554 0.0089476890095587201 -0.016484569940208037 8.4376982634975809e-05 -0.015556205614753391 0.016896654017593549 0.0069040661734506127 -0.00982371168876333 -0.011332715577445925 -0.0024936552469929062 0.0093241022899746891 7.5341167561247872e-05 -0.0090554344113916163
leaf_weight=548 3349 24 24 22 42 23 23 41 28 25 21 20 1532 50
leaf_count=548 3349 24 24 22 42 23 23 41 28 25 21 20 1532 50
internal_value=1.32285e-07 -0.000597446 -0.000457727 -0.000558499 -0.000400531 -0.000594772 0.00603334 0.000393158 0.000316767 -0.00451347 -0.00204273 0.0032711 -0.000433217 -0.00173608
internal_weight=5772 2288 2264 2240 2218 2153 65 3484 3443 94 69 41 2130 598
internal_count=5772 2288 2264 2240 2218 2153 65 3484 3443 94 69 41 2130 598
cat_boundaries=0 1
cat_threshold=18
is_linear=0
shrinkage=0.05


Tree=146
num_leaves=15
num_cat=0
split_feature=1 1 1 2 0 1 1 0 0 1 1 0 0 0
split_gain=0.524361 0.687141 3.6345 3.33176 1.52409 1.37422 2.44747 1.9598 0.870609 1.18987 0.844188 2.65043 1.02894 1.04805
threshold=2450.0000000000005 1604.5000000000002 1645.0000000000002 3.5000000000000004 51.250000000000007 1519.0000000000002 1524.0000000000002 61.750000000000007 53.250000000000007 2350.0000000000005 1405.0000000000002 59.750000000000007 56.750000000000007 54.250000000000007
decision_type=2 2 2 2 2 2 2 2 2 2 2 2 2 2
left_child=1 4 -3 -4 -1 10 -7 -8 -5 -10 -6 12 13 -12
right_child=-2 2 3 8 5 6 7 -9 9 -11 11 -13 -14 -15
leaf_value=0.012033968970731453 0.0069517315365374092 -0.015362555025653405 -0.015210114973219667 0.00764534643574341 1.0661019205015309e-05 0.015343648228821727 0.00099791085005927651 0.016202056357129055 0.00026421637353140238 -0.0090764924806232255 -0.0048916830107309794 -0.013734465687657181 -0.0039850847184015308 0.0041863092929353852
leaf_weight=27 27 44 37 37 3932 34 579 22 644 36 43 46 142 122
leaf_count=27 27 44 37 37 3932 34 579 22 644 36 43 46 142 122
internal_value=1.25671e-07 -3.25451e-05 -0.00139404 -0.000578906 0.000187078 0.000122065 0.00229279 0.00155447 0.000176122 -0.000230292 -0.000199617 -0.00254187 -0.000864803 0.00182053
internal_weight=5772 5745 798 754 4947 4920 635 601 717 680 4285 353 307 165
internal_count=5772 5745 798 754 4947 4920 635 601 717 680 4285 353 307 165
is_linear=0
shrinkage=0.05


Tree=147
num_leaves=15
num_cat=1
split_feature=3 1 2 2 1 0 0 2 1 1 2 2 0 1
split_gain=0.514063 0.674659 0.499194 0.489883 0.502264 0.771096 0.873224 0.661355 0.631731 0.793414 1.22815 1.62874 1.00129 0.961329
threshold=0 1185.5000000000002 3.5000000000000004 10.500000000000002 942.50000000000011 69.250000000000014 66.250000000000014 9.5000000000000018 2450.0000000000005 2008.0000000000002 4.5000000000000009 7.5000000000000009 59.250000000000007 1960.0000000000002
decision_type=9 2 2 2 2 2 2 2 2 2 2 2 2 2
left_child=3 -2 -3 4 -1 6 7 8 9 13 -11 12 -12 -6
right_child=1 2 -4 -5 5 -7 -8 -9 -10 10 11 -13 -14 -15
leaf_value=-0.0032946016446783626 0.010241414882641818 -0.0013089374965873728 0.0072872143394003318 -0.0073505269242045675 -2.6974920080168022e-05 -0.0068871234101243323 0.0092217334653609071 0.0067913465997359417 0.0080859773947546884 -0.01052336919305543 0.0022251874058250129 -0.012320016706819713 -0.0094669848569624501 0.0042332555583390573
leaf_weight=116 28 57 24 23 5027 40 26 36 24 43 143 28 21 136
leaf_count=116 28 57 24 23 5027 40 26 36 24 43 143 28 21 136
internal_value=1.19385e-07 0.00325246 0.00123807 -6.8104e-05 -3.8527e-05 2.98482e-05 8.03003e-05 3.67537e-05 -8.09423e-06 -4.40812e-05 -0.00288541 -0.00117482 0.000728019 8.5245e-05
internal_weight=5772 109 81 5663 5640 5524 5484 5458 5422 5398 235 192 164 5163
internal_count=5772 109 81 5663 5640 5524 5484 5458 5422 5398 235 192 164 5163
cat_boundaries=0 1
cat_threshold=22
is_linear=0
shrinkage=0.05


Tree=148
num_leaves=15
num_cat=1
split_feature=3 0 0 2 1 0 2 2 1 1 0 2 1 0
split_gain=0.497564 1.68092 0.686211 0.560423 0.531346 1.26357 1.0625 0.94145 0.855965 3.09302 1.61211 0.760608 1.83885 0.826165
threshold=0 64.750000000000014 70.250000000000014 10.500000000000002 2008.0000000000002 54.250000000000007 5.5000000000000009 4.5000000000000009 1960.0000000000002 1804.0000000000002 52.250000000000007 7.5000000000000009 1480.0000000000002 61.750000000000007
decision_type=9 2 2 2 2 2 2 2 2 2 2 2 2 2
left_child=1 4 3 -2 8 -6 7 -7 9 10 -1 13 -13 -12
right_child=2 -3 -4 -5 5 6 -8 -9 -10 -11 11 12 -14 -15
leaf_value=0.0093947159429622271 0.00037454943614503833 -0.010484309137904175 0.0096119568729773168 -0.0076311654114926408 0.0061805333413014361 -0.01118195218150504 -0.016627761069685221 0.0035064470837824048 0.0068349513225257402 -0.019943174233194444 -0.00044589990216130837 -0.00032734380629672498 0.017109489911014127 -0.0086731127252982522
leaf_weight=43 3442 42 20 22 22 20 22 24 42 20 1947 54 21 31
leaf_count=43 3442 42 20 22 22 20 22 24 42 20 1947 54 21 31
internal_value=1.13431e-07 -0.000571322 0.000375945 0.000323705 -0.000388494 -0.00419686 -0.00765599 -0.0031701 -0.000233194 -0.000373488 -0.000186755 -0.000387438 0.00455497 -0.00057484
internal_weight=5772 2288 3484 3464 2246 88 66 44 2158 2116 2096 2053 75 1978
internal_count=5772 2288 3484 3464 2246 88 66 44 2158 2116 2096 2053 75 1978
cat_boundaries=0 1
cat_threshold=18
is_linear=0
shrinkage=0.05


Tree=149
num_leaves=15
num_cat=1
split_feature=3 2 1 0 2 1 0 1 0 0 0 1 0 2
split_gain=0.458806 0.627272 0.459406 0.457522 2.12668 0.935707 1.45262 0.876992 1.33132 1.31162 1.28596 0.995112 0.967388 1.77184
threshold=0 3.5000000000000004 1290.0000000000002 58.250000000000007 3.5000000000000004 1195.0000000000002 53.250000000000007 1002.0000000000001 67.750000000000014 69.750000000000014 63.750000000000007 1390.0000000000002 61.750000000000007 6.5000000000000009
decision_type=9 2 2 2 2 2 2 2 2 2 2 2 2 2
left_child=3 2 -2 5 -5 6 -1 8 12 10 -9 -12 13 -6
right_child=1 -3 -4 4 7 -7 -8 9 -10 -11 11 -13 -14 -15
leaf_value=0.0076263400728607354 0.004878660745154589 0.0095097212229544922 -0.0027477384905796498 -0.015176893047988416 0.00037779765970566697 0.00071012458935797444 -0.0015872331386627553 -0.0010544145474238212 0.012436299747787417 -0.013355966675139608 0.013535547615201385 0.00050162505503976724 -0.0055246595114945103 0.013038223293243032
leaf_weight=45 39 30 40 25 170 2816 867 1552 28 21 27 32 47 33
leaf_count=45 39 30 40 25 170 2816 867 1552 28 21 27 32 47 33
internal_value=1.07767e-07 0.00307269 0.00101719 -6.43448e-05 -0.000688265 0.000259325 -0.00113262 -0.000498623 0.00209728 -0.000940818 -0.000778982 0.0064663 0.000939312 0.0024359
internal_weight=5772 109 79 5663 1935 3728 912 1910 278 1632 1611 59 250 203
internal_count=5772 109 79 5663 1935 3728 912 1910 278 1632 1611 59 250 203
cat_boundaries=0 1
cat_threshold=22
is_linear=0
shrinkage=0.05


Tree=150
num_leaves=15
num_cat=1
split_feature=3 2 1 1 2 0 1 0 0 0 0 1 0 2
split_gain=0.461035 1.60883 0.828326 1.77553 1.84175 1.68847 2.76483 1.41726 0.836118 0.915937 0.649553 0.567242 0.621777 2.2259
threshold=0 8.5000000000000018 1604.5000000000002 1480.0000000000002 6.5000000000000009 55.750000000000007 1580.0000000000002 58.750000000000007 67.750000000000014 60.750000000000007 70.250000000000014 1423.5000000000002 59.750000000000007 4.5000000000000009
decision_type=9 2 2 2 2 2 2 2 2 2 2 2 2 2
left_child=1 2 3 8 5 6 -5 -4 9 11 -2 12 -1 -14
right_child=10 -3 7 4 -6 -7 -8 -9 -10 -11 -12 -13 13 -15
leaf_value=-0.00063717316824043709 0.00031103813537981356 -0.013429822254935667 -0.0018917792107168382 0.017022557073228417 0.015506878058458197 -0.0012011085232929482 0.00065984023707126504 -0.014640057139331475 0.0085854190547252074 -0.006498082888805691 0.0093477931292727592 -0.0061742149092341688 -0.0087850851533205609 0.010009622581303119
leaf_weight=1504 3464 24 238 42 29 151 67 24 24 68 20 44 23 50
leaf_count=1504 3464 24 238 42 29 151 67 24 24 68 20 44 23 50
internal_value=1.02368e-07 -0.000549957 -0.00041585 -6.98704e-05 0.00355532 0.00222227 0.00696474 -0.00305956 -0.000681477 -0.000813155 0.000361875 -0.000574676 -0.000418443 0.004088
internal_weight=5772 2288 2264 2002 289 260 109 262 1713 1689 3484 1621 1577 73
internal_count=5772 2288 2264 2002 289 260 109 262 1713 1689 3484 1621 1577 73
cat_boundaries=0 1
cat_threshold=18
is_linear=0
shrinkage=0.05


Tree=151
num_leaves=15
num_cat=0
split_feature=1 1 1 2 0 1 1 0 2 0 0 1 0 0
split_gain=0.432913 0.575335 3.30423 2.92091 1.27917 1.16455 2.14264 1.76278 0.877081 2.98866 3.03718 0.809096 2.31426 0.832309
threshold=2450.0000000000005 1604.5000000000002 1645.0000000000002 3.5000000000000004 51.250000000000007 1519.0000000000002 1524.0000000000002 61.750000000000007 6.5000000000000009 57.750000000000007 59.250000000000007 1405.0000000000002 59.750000000000007 56.750000000000007
decision_type=2 2 2 2 2 2 2 2 2 2 2 2 2 2
left_child=1 4 -3 -4 -1 11 -7 8 -8 -10 -11 -6 13 -13
right_child=-2 2 3 -5 5 6 7 -9 9 10 -12 12 -14 -15
leaf_value=0.011024735895571887 0.0063165079819521427 -0.014594139781878436 -0.014197613973472571 0.00020875731962345935 2.1548261557096861e-05 0.014321193855036708 0.0019229662798827237 0.015311112576587635 0.0038170788335065322 -0.024955479490260283 -0.0010918732608358067 0.0015048962883972281 -0.01293608976032018 -0.0037166042025873281
leaf_weight=27 27 44 37 717 3932 34 452 22 73 24 30 165 46 142
leaf_count=27 27 44 37 717 3932 34 452 22 73 24 30 165 46 142
internal_value=9.72483e-08 -2.95882e-05 -0.00127541 -0.000498187 0.000171375 0.000111814 0.00211009 0.00141928 0.000891433 -0.00277985 -0.0116979 -0.000184313 -0.00247737 -0.00091026
internal_weight=5772 5745 798 754 4947 4920 635 601 579 127 54 4285 353 307
internal_count=5772 5745 798 754 4947 4920 635 601 579 127 54 4285 353 307
is_linear=0
shrinkage=0.05


Tree=152
num_leaves=15
num_cat=1
split_feature=0 2 1 0 0 1 1 0 1 1 2 3 1 2
split_gain=0.435581 2.91489 1.272 1.98389 1.33508 1.17602 1.00184 0.91737 0.537901 0.530955 0.913216 0.383988 0.572146 0.38393
threshold=62.250000000000007 4.5000000000000009 1195.0000000000002 65.750000000000014 63.750000000000007 2450.0000000000005 1452.0000000000002 66.250000000000014 942.50000000000011 2242.5000000000005 6.5000000000000009 0 1185.5000000000002 3.5000000000000004
decision_type=2 2 2 2 2 2 2 2 2 2 2 9 2 2
left_child=5 -2 7 4 6 8 -4 -3 -1 11 -11 -10 -13 -14
right_child=1 2 3 -5 -6 -7 -8 -9 9 10 -12 12 13 -15
leaf_value=-0.0035592991215583195 -0.019464154643091289 -0.00045797318012002071 -0.010499455049633981 -0.012673777756648824 0.010237120112611188 0.012184435229864904 0.0045143411308526992 0.011423407515394501 9.4186599056435543e-05 -0.00010045181959867478 -0.012976483760368347 0.0094004360326964947 -0.0011244033716553659 0.0064142771695818133
leaf_weight=102 22 33 25 38 27 20 20 32 5283 40 21 28 57 24
leaf_count=102 22 33 25 38 27 20 20 32 5283 40 21 28 57 24
internal_value=9.23697e-08 -0.00231054 -0.000154085 -0.00343092 0.00144726 8.17416e-05 -0.00382666 0.00539132 3.81676e-05 0.000105459 -0.00453318 0.000157936 0.00296692 0.00110928
internal_weight=5772 197 175 110 72 5575 45 65 5555 5453 61 5392 109 81
internal_count=5772 197 175 110 72 5575 45 65 5555 5453 61 5392 109 81
cat_boundaries=0 1
cat_threshold=22
is_linear=0
shrinkage=0.05


Tree=153
num_leaves=15
num_cat=1
split_feature=3 0 0 2 0 1 0 2 2 1 1 0 0 1
split_gain=0.425965 1.6143 0.614978 0.504594 0.495991 0.440778 1.12296 0.950759 0.840444 0.820063 2.75041 1.36777 0.531914 1.02344
threshold=0 64.750000000000014 70.250000000000014 10.500000000000002 62.250000000000007 2008.0000000000002 54.250000000000007 5.5000000000000009 4.5000000000000009 1960.0000000000002 1804.0000000000002 52.250000000000007 58.250000000000007 1595.0000000000002
decision_type=9 2 2 2 2 2 2 2 2 2 2 2 2 2
left_child=1 4 3 -2 5 9 -7 8 -8 10 11 -1 -13 -14
right_child=2 -3 -4 -5 -6 6 7 -9 -10 -11 -12 12 13 -15
leaf_value=0.0085868082583210499 0.00034660453745579989 -0.010243055078067951 0.0090913133369758727 -0.0072498861467465764 0.0074894735353882433 0.005895232898183167 -0.010475186418043451 -0.015635636511036534 0.0034029159966545799 0.0066406755442065856 -0.018868823255179454 -5.5045339382833867e-05 -0.0013695573059963847 -0.011026562477151553
leaf_weight=43 3442 42 20 22 20 22 20 22 24 42 20 1682 321 30
leaf_count=43 3442 42 20 22 20 22 20 22 24 42 20 1682 321 30
internal_value=9.59382e-08 -0.000528628 0.000347837 0.000298359 -0.000349323 -0.000419752 -0.00388776 -0.00714875 -0.00290531 -0.00027701 -0.000415627 -0.000237851 -0.000424501 -0.00219494
internal_weight=5772 2288 3484 3464 2246 2226 88 66 44 2138 2096 2076 2033 351
internal_count=5772 2288 3484 3464 2246 2226 88 66 44 2138 2096 2076 2033 351
cat_boundaries=0 1
cat_threshold=18
is_linear=0
shrinkage=0.05


Tree=154
num_leaves=15
num_cat=1
split_feature=0 2 1 0 0 1 1 0 1 1 0 3 2 1
split_gain=0.386422 2.59853 1.16199 1.77542 1.22069 1.07152 0.902803 0.865934 0.483511 0.483355 0.859098 0.342637 0.517685 0.362423
threshold=62.250000000000007 4.5000000000000009 1195.0000000000002 65.750000000000014 63.750000000000007 2450.0000000000005 1452.0000000000002 66.250000000000014 942.50000000000011 2242.5000000000005 56.250000000000007 0 3.5000000000000004 1233.5000000000002
decision_type=2 2 2 2 2 2 2 2 2 2 2 9 2 2
left_child=5 -2 7 4 6 8 -4 -3 -1 11 -11 -10 13 -13
right_child=1 2 3 -5 -6 -7 -8 -9 9 10 -12 12 -14 -15
leaf_value=-0.0033753412610773616 -0.018372273478995671 -0.00052294025169403264 -0.010034669764339924 -0.012015865182834923 0.0097475332345951498 0.011629465366713703 0.0042177221179008481 0.011020549703971483 8.905081445504412e-05 0.00078757902740367823 -0.011211160101139775 0.0046376515238080174 0.0086515132859737304 -0.0021623062879540201
leaf_weight=102 22 33 25 38 27 20 20 32 5283 35 26 36 30 43
leaf_count=102 22 33 25 38 27 20 20 32 5283 35 26 36 30 43
internal_value=9.11314e-08 -0.00217625 -0.000140178 -0.00327211 0.00134265 7.6995e-05 -0.00370027 0.00516001 3.5402e-05 9.92009e-05 -0.00432664 0.000149271 0.0028027 0.000936409
internal_weight=5772 197 175 110 72 5575 45 65 5555 5453 61 5392 109 79
internal_count=5772 197 175 110 72 5575 45 65 5555 5453 61 5392 109 79
cat_boundaries=0 1
cat_threshold=22
is_linear=0
shrinkage=0.05


Tree=155
num_leaves=15
num_cat=1
split_feature=3 0 0 0 1 2 0 1 0 2 2 1 1 0
split_gain=0.382957 1.43511 0.596085 0.803159 0.635002 1.73948 0.453517 0.403256 1.00305 0.869672 0.763771 0.739067 2.48358 1.23302
threshold=0 64.750000000000014 66.250000000000014 62.250000000000007 1195.0000000000002 5.5000000000000009 62.250000000000007 2008.0000000000002 54.250000000000007 5.5000000000000009 4.5000000000000009 1960.0000000000002 1804.0000000000002 52.250000000000007
decision_type=9 2 2 2 2 2 2 2 2 2 2 2 2 2
left_child=1 6 3 -2 -5 -6 7 11 -9 10 -10 12 13 -1
right_child=2 -3 -4 4 5 -7 -8 8 9 -11 -12 -13 -14 -15
leaf_value=0.0081530151479920852 0.00038733169869735988 -0.0096606689483104725 0.0063240012233486262 0.002528452066704631 -0.017999660288510116 -0.0011589055516473626 0.00716347155510448 0.0055292744782160629 -0.0099564799212384977 -0.014915526330217041 0.0032734460944387443 0.0063041891991382553 -0.017929834184033096 -0.00040287210519528762
leaf_weight=43 3349 42 41 25 23 46 20 22 20 22 24 42 20 2033
leaf_count=43 3349 42 41 25 23 46 20 22 20 22 24 42 20 2033
internal_value=9.42819e-08 -0.000501229 0.000329813 0.000259391 -0.00429884 -0.00677249 -0.000332179 -0.000399526 -0.00371664 -0.00679861 -0.00274016 -0.000262993 -0.000394588 -0.000225655
internal_weight=5772 2288 3484 3443 94 69 2246 2226 88 66 44 2138 2096 2076
internal_count=5772 2288 3484 3443 94 69 2246 2226 88 66 44 2138 2096 2076
cat_boundaries=0 1
cat_threshold=18
is_linear=0
shrinkage=0.05


Tree=156
num_leaves=15
num_cat=0
split_feature=0 0 0 1 1 1 2 1 0 2 0 0 0 0
split_gain=0.370096 0.583893 1.71101 0.849986 0.48655 3.01946 2.58423 1.14887 2.60069 1.81411 1.41962 1.32553 3.83817 1.78876
threshold=71.500000000000014 67.750000000000014 65.750000000000014 2450.0000000000005 1604.5000000000002 1645.0000000000002 3.5000000000000004 1519.0000000000002 61.750000000000007 6.5000000000000009 52.750000000000007 59.750000000000007 57.750000000000007 54.250000000000007
decision_type=2 2 2 2 2 2 2 2 2 2 2 2 2 2
left_child=1 2 3 4 7 -6 -7 10 9 -9 -1 12 13 -11
right_child=-2 -3 -4 -5 5 6 -8 8 -10 11 -12 -13 -14 -15
leaf_value=0.0080944058610699504 -0.0066255275692258565 0.0062851439164070466 -0.014615137777291239 0.0096275487104835727 -0.013880216895433312 -0.013291098499620284 0.00025958286427354998 0.0029866384073221662 0.019457254505583221 -0.012635138956829906 -0.00021827432742362255 0.0065820861321229211 -0.020220685005187991 0.004784700842407931
leaf_weight=52 21 37 20 23 44 37 717 488 21 20 4177 26 33 56
leaf_count=52 21 37 20 23 44 37 717 488 21 20 4177 26 33 56
internal_value=8.95817e-08 2.42833e-05 -1.62578e-05 3.50203e-05 -3.88433e-06 -0.00114834 -0.000405371 0.000183532 0.00215089 0.00156753 -0.000116061 -0.00356228 -0.00598204 0.000200532
internal_weight=5772 5751 5714 5694 5671 798 754 4873 644 623 4229 135 109 76
internal_count=5772 5751 5714 5694 5671 798 754 4873 644 623 4229 135 109 76
is_linear=0
shrinkage=0.05


Tree=157
num_leaves=15
num_cat=0
split_feature=0 2 1 0 0 1 0 0 1 1 0 0 1 1
split_gain=0.363296 1.44721 0.779051 1.04036 1.3347 0.966361 0.903014 0.934388 0.8678 0.810732 3.22659 2.36661 2.20798 3.59748
threshold=58.750000000000007 3.5000000000000004 1002.0000000000001 69.750000000000014 63.750000000000007 1390.0000000000002 67.750000000000014 61.750000000000007 1390.0000000000002 1405.0000000000002 61.250000000000007 59.750000000000007 1519.0000000000002 1580.0000000000002
decision_type=2 2 2 2 2 2 2 2 2 2 2 2 2 2
left_child=-1 -2 6 4 8 -6 7 -3 -4 10 11 -10 -11 -14
right_child=1 2 3 -5 5 -7 -8 -9 9 12 -12 -13 13 -15
leaf_value=0.00024648321486041481 -0.012339096806513575 0.0029260757764813248 -0.0024476985614685031 -0.01194833052133964 0.01358595019620326 0.00074169785366393634 0.01065022893017158 -0.0051101080984114963 0.00066345636954619777 -0.0086465654216848226 -0.013939045190524597 0.012027018030898439 0.014721777113154531 -0.0011743530940124623
leaf_weight=4165 26 157 603 21 27 32 28 47 126 79 26 72 40 323
leaf_count=4165 26 157 603 21 27 32 28 47 126 79 26 72 40 323
internal_value=8.5084e-08 -0.000638526 -0.000446107 -0.00090639 -0.000731781 0.00661958 0.00223028 0.0010746 -0.00107357 0.000170574 0.0026211 0.00479566 -0.00107132 0.000577287
internal_weight=5772 1607 1581 1349 1328 59 232 204 1269 666 224 198 442 363
internal_count=5772 1607 1581 1349 1328 59 232 204 1269 666 224 198 442 363
is_linear=0
shrinkage=0.05


Tree=158
num_leaves=15
num_cat=1
split_feature=3 2 0 0 2 0 1 0 1 1 0 1 1 1
split_gain=0.37023 1.37914 0.760695 1.70272 0.860459 1.69161 1.29675 0.585799 0.47395 1.08779 0.622565 0.505921 1.02979 0.701903
threshold=0 8.5000000000000018 67.750000000000014 63.750000000000007 7.5000000000000009 61.750000000000007 1545.0000000000002 70.250000000000014 1195.0000000000002 1101.5000000000002 54.250000000000007 2008.0000000000002 1960.0000000000002 2105.0000000000005
decision_type=9 2 2 2 2 2 2 2 2 2 2 2 2 2
left_child=1 2 3 4 5 8 -6 -2 9 10 -1 12 -10 -13
right_child=7 -3 -4 -5 6 -7 -8 -9 11 -11 -12 13 -14 -15
leaf_value=0.0036339245179468505 0.00027594112716101347 -0.012417788519815077 0.008485719592620929 -0.014305101619737054 0.00063353957815302743 -0.013984574644785861 0.015935018956661225 0.0088577620638534433 0.00011132891760054037 -0.0073093558719847353 -0.0014304268059404741 -0.011834207503125072 0.0083478116645262796 -0.0011031355275918032
leaf_weight=70 3464 24 24 22 45 23 20 20 1409 72 456 20 39 64
leaf_count=70 3464 24 24 22 45 23 20 20 1409 72 456 20 39 64
internal_value=8.08394e-08 -0.000492841 -0.000368605 -0.000463473 -0.00032618 -0.000497295 0.00534169 0.000324275 -0.000351658 -0.00154544 -0.000756464 0.000114323 0.000333168 -0.00365815
internal_weight=5772 2288 2264 2240 2218 2153 65 3484 2130 598 526 1532 1448 84
internal_count=5772 2288 2264 2240 2218 2153 65 3484 2130 598 526 1532 1448 84
cat_boundaries=0 1
cat_threshold=18
is_linear=0
shrinkage=0.05


Tree=159
num_leaves=15
num_cat=0
split_feature=0 0 0 1 1 1 2 0 1 0 1 2 2 1
split_gain=0.363697 0.449203 1.54069 0.762476 0.452902 2.7219 2.30163 0.99751 0.920647 2.30852 1.75238 0.804597 0.804779 1.69084
threshold=71.500000000000014 67.750000000000014 65.750000000000014 2450.0000000000005 1604.5000000000002 1645.0000000000002 3.5000000000000004 51.250000000000007 1519.0000000000002 61.750000000000007 1524.0000000000002 8.5000000000000018 7.5000000000000009 1960.0000000000002
decision_type=2 2 2 2 2 2 2 2 2 2 2 2 2 2
left_child=1 2 3 4 7 -6 -7 -1 -9 10 -10 12 -8 -14
right_child=-2 -3 -4 -5 5 6 11 8 9 -11 -12 -13 13 -15
leaf_value=0.0097649886100380518 -0.0065680079605607766 0.0055155340217154583 -0.013864731271751224 0.0091224787979508233 -0.013192135019397195 -0.012559201085084194 0.00030558846555764406 -0.0001394001030469914 0.01255339997340784 0.018206182033533143 0.00070760722528654112 0.0068603416292949823 0.003569073548230032 -0.014516731835569122
leaf_weight=27 21 37 20 23 44 37 622 4213 33 21 579 43 24 28
leaf_count=27 21 37 20 23 44 37 622 4213 33 21 579 43 24 28
internal_value=7.67932e-08 2.40604e-05 -1.14987e-05 3.71604e-05 3.12868e-07 -0.00110387 -0.000398449 0.000181132 0.000127735 0.00190568 0.00134635 0.000229093 -0.000193968 -0.00616944
internal_weight=5772 5751 5714 5694 5671 798 754 4873 4846 633 612 717 674 52
internal_count=5772 5751 5714 5694 5671 798 754 4873 4846 633 612 717 674 52
is_linear=0
shrinkage=0.05


Tree=160
num_leaves=15
num_cat=1
split_feature=3 1 2 2 0 1 1 0 1 0 0 1 2 1
split_gain=0.375749 0.482816 0.353547 0.329126 2.27343 0.901829 0.815934 0.813161 0.761739 0.821802 2.35274 0.530453 0.499888 1.06595
threshold=0 1185.5000000000002 10.500000000000002 3.5000000000000004 55.250000000000007 1207.0000000000002 1216.0000000000002 57.750000000000007 1201.5000000000002 63.250000000000007 68.250000000000014 1021.0000000000001 8.5000000000000018 1433.5000000000002
decision_type=9 2 2 2 2 2 2 2 2 2 2 2 2 2
left_child=2 -2 3 4 6 -6 -1 -7 9 -5 11 -11 -10 -14
right_child=1 -3 -4 8 5 7 -8 -9 12 10 -12 -13 13 -15
leaf_value=0.0059188760866781751 0.0086957034672585521 0.0010792556678715312 -0.0062448737454479158 -0.00080508733446308831 -0.0016042232635622542 -0.0054918012790343106 -0.0011072908487656842 -0.015959043096265068 0.00048555173936696444 0.0054611378031161929 -0.0076620003907009963 0.015121387635116224 0.012576228569917107 0.000857847533526196
leaf_weight=103 28 81 23 2167 141 96 69 23 2860 30 28 27 27 69
leaf_count=103 28 81 23 2167 141 96 69 23 2860 30 28 27 27 69
internal_value=7.29462e-08 0.00278067 -5.82546e-05 -3.31288e-05 -0.00135932 -0.00430949 0.00310024 -0.00751488 7.68777e-05 -0.000615919 0.00420677 0.010037 0.000604678 0.00415364
internal_weight=5772 109 5663 5640 432 260 172 119 5208 2252 85 57 2956 96
internal_count=5772 109 5663 5640 432 260 172 119 5208 2252 85 57 2956 96
cat_boundaries=0 1
cat_threshold=22
is_linear=0
shrinkage=0.05


Tree=161
num_leaves=15
num_cat=1
split_feature=0 2 1 0 0 1 0 1 1 1 0 0 3 2
split_gain=0.369614 2.20075 1.01194 1.43184 1.0651 0.811953 0.678374 0.631315 0.424977 0.428226 1.12756 0.320102 0.304816 0.44051
threshold=62.250000000000007 4.5000000000000009 1195.0000000000002 65.750000000000014 63.750000000000007 2450.0000000000005 66.250000000000014 1452.0000000000002 942.50000000000011 2350.0000000000005 55.750000000000007 57.250000000000007 0 3.5000000000000004
decision_type=2 2 2 2 2 2 2 2 2 2 2 2 9 2
left_child=5 -2 6 4 7 8 -3 -4 11 12 -11 -1 -10 -14
right_child=1 2 3 -5 -6 -7 -8 -9 9 10 -12 -13 13 -15
leaf_value=-6.8053369076274663e-05 -0.017033348156308588 -0.0003384627073749223 -0.0090407425649464135 -0.011029645777613808 0.0088178430050094101 0.010131624825298786 0.0098786750604631379 0.0028775580972433094 8.2239432872561102e-05 0.0024928921057532235 -0.01358187824487686 -0.005697181784281774 0.00092522271295797224 0.0080420613195747153
leaf_weight=46 22 33 25 38 27 20 32 20 5300 24 20 56 79 30
leaf_count=46 22 33 25 38 27 20 32 20 5300 24 20 56 79 30
internal_value=6.93039e-08 -0.00212841 -0.000254651 -0.00317738 0.000966866 7.52821e-05 0.00469151 -0.00374372 3.90756e-05 9.88883e-05 -0.00481382 -0.00315856 0.000138851 0.00264163
internal_weight=5772 197 175 110 72 5575 65 45 5555 5453 44 102 5409 109
internal_count=5772 197 175 110 72 5575 65 45 5555 5453 44 102 5409 109
cat_boundaries=0 1
cat_threshold=22
is_linear=0
shrinkage=0.05


Tree=162
num_leaves=15
num_cat=1
split_feature=0 2 1 0 0 1 0 1 1 1 2 0 3 1
split_gain=0.333579 1.98618 0.913278 1.29223 0.961254 0.732787 0.612232 0.569762 0.383544 0.390837 0.84102 0.288892 0.273473 0.439263
threshold=62.250000000000007 4.5000000000000009 1195.0000000000002 65.750000000000014 63.750000000000007 2450.0000000000005 66.250000000000014 1452.0000000000002 942.50000000000011 2242.5000000000005 6.5000000000000009 57.250000000000007 0 1185.5000000000002
decision_type=2 2 2 2 2 2 2 2 2 2 2 2 9 2
left_child=5 -2 6 4 7 8 -3 -4 11 12 -11 -1 -10 -14
right_child=1 2 3 -5 -6 -7 -8 -9 9 10 -12 -13 13 -15
leaf_value=-6.4650803561443866e-05 -0.016181681072339416 -0.0003215397866866128 -0.0085887055918574332 -0.010478163095142105 0.0083769507162893813 0.0096250437101116412 0.0093847410869784664 0.0027336794137954711 8.515329329123764e-05 0.00036806667223572733 -0.011988515342541394 -0.0054123227052124481 0.0081384052422695929 0.00087359701053319892
leaf_weight=46 22 33 25 38 27 20 32 20 5283 40 21 56 28 81
leaf_count=46 22 33 25 38 27 20 32 20 5283 40 21 56 28 81
internal_value=7.29617e-08 -0.00202199 -0.000241918 -0.00301851 0.000918522 7.15253e-05 0.00445694 -0.00355653 3.71292e-05 9.39514e-05 -0.00388584 -0.00300063 0.000138975 0.00250955
internal_weight=5772 197 175 110 72 5575 65 45 5555 5453 61 102 5392 109
internal_count=5772 197 175 110 72 5575 65 45 5555 5453 61 102 5392 109
cat_boundaries=0 1
cat_threshold=22
is_linear=0
shrinkage=0.05


Tree=163
num_leaves=15
num_cat=1
split_feature=3 0 1 0 0 1 1 0 0 0 2 1 2 0
split_gain=0.33209 1.35346 0.651676 1.7937 1.22356 0.833526 0.62716 1.6187 0.626331 0.773274 0.69744 0.806751 0.582719 0.96661
threshold=0 65.750000000000014 1604.5000000000002 62.250000000000007 58.750000000000007 1480.0000000000002 1580.0000000000002 55.750000000000007 66.250000000000014 62.250000000000007 7.5000000000000009 1452.0000000000002 4.5000000000000009 56.750000000000007
decision_type=9 2 2 2 2 2 2 2 2 2 2 2 2 2
left_child=1 2 3 5 -4 -1 7 -7 9 -2 11 -11 13 -8
right_child=8 -3 4 -5 -6 6 12 -9 -10 10 -12 -13 -14 -15
leaf_value=-0.00061686980949887671 0.00036038036367915026 -0.010521465173047601 -0.0015795227421525244 0.012787475737881054 -0.013420095201581717 0.011905318638775498 0.0004121183180673556 -0.00027584298605991839 0.0064514092169702057 0.0020535834059317378 -0.011392846435308458 -0.0095476462971419099 -0.0019354084093079326 0.013248122390359642
leaf_weight=1674 3349 33 240 27 24 50 55 60 41 47 25 22 105 20
leaf_count=1674 3349 33 240 27 24 50 55 60 41 47 25 22 105 20
internal_value=7.67103e-08 -0.000466766 -0.000321694 -1.21807e-05 -0.00265594 -0.000188143 0.00228664 0.00526105 0.000307118 0.000234843 -0.00423778 -0.00164536 0.00046895 0.00383505
internal_weight=5772 2288 2255 1991 264 1964 290 110 3484 3443 94 69 180 75
internal_count=5772 2288 2255 1991 264 1964 290 110 3484 3443 94 69 180 75
cat_boundaries=0 1
cat_threshold=18
is_linear=0
shrinkage=0.05


Tree=164
num_leaves=15
num_cat=1
split_feature=2 3 2 0 0 0 2 0 1 0 2 1 1 1
split_gain=0.325239 0.338997 1.39428 0.825162 0.730365 1.54344 0.781411 1.57633 1.16746 0.652426 0.616348 0.986954 0.872526 0.897256
threshold=10.500000000000002 0 8.5000000000000018 66.250000000000014 67.750000000000014 63.750000000000007 7.5000000000000009 61.750000000000007 1545.0000000000002 62.250000000000007 8.5000000000000018 1762.5000000000002 1433.5000000000002 1211.0000000000002
decision_type=2 9 2 2 2 2 2 2 2 2 2 2 2 2
left_child=1 2 4 9 5 6 7 -1 -8 10 -3 12 13 -12
right_child=-2 3 -4 -5 -6 -7 8 -9 -10 -11 11 -13 -14 -15
leaf_value=-0.00030974145236336561 -0.0059338289869787257 0.00023289467015985804 -0.012698067467578728 0.0074762531486339866 0.0083509905651832621 -0.013596319310917435 0.00064671424527963 -0.01346993752066856 0.01516535684466362 -0.0038775840649000744 0.00044421879283618182 0.011223677599407508 -0.0066175539619647535 0.013049343408783899
leaf_weight=2130 23 3202 23 40 24 22 45 23 20 93 48 33 26 20
leaf_count=2130 23 3202 23 40 24 22 45 23 20 93 48 33 26 20
internal_value=7.28381e-08 2.38126e-05 -0.000447496 0.000335483 -0.000325019 -0.000417977 -0.000287263 -0.000450329 0.00511399 0.000252995 0.000368388 0.00378452 0.0011729 0.00415161
internal_weight=5772 5749 2287 3462 2264 2240 2218 2153 65 3422 3329 127 94 68
internal_count=5772 5749 2287 3462 2264 2240 2218 2153 65 3422 3329 127 94 68
cat_boundaries=0 1
cat_threshold=18
is_linear=0
shrinkage=0.05


Tree=165
num_leaves=15
num_cat=0
split_feature=0 0 0 1 1 1 2 0 1 0 1 0 1 1
split_gain=0.32485 0.393714 1.34109 0.668307 0.402038 2.47027 1.9928 0.892752 0.796672 2.27575 1.54632 0.744749 0.876235 0.744068
threshold=71.500000000000014 67.750000000000014 65.250000000000014 2450.0000000000005 1604.5000000000002 1645.0000000000002 3.5000000000000004 51.250000000000007 1519.0000000000002 61.750000000000007 1524.0000000000002 53.250000000000007 2350.0000000000005 1405.0000000000002
decision_type=2 2 2 2 2 2 2 2 2 2 2 2 2 2
left_child=1 2 3 4 7 -6 -7 -1 13 10 -10 -8 -13 -9
right_child=-2 -3 -4 -5 5 6 11 8 9 -11 -12 12 -14 -15
leaf_value=0.0092425340579615697 -0.0062073392926582267 0.0051638603625768749 -0.011805070265351485 0.0087369171172295788 -0.012550804351287132 -0.011678359028254008 0.0071293598191963653 7.7953529654483321e-05 0.011765811125973635 0.018377859219908716 0.00063828123236374227 0.00026956287915681011 -0.0077461197713596958 -0.0023203298047421734
leaf_weight=27 21 37 24 22 44 37 37 3858 33 20 579 644 36 353
leaf_count=27 21 37 24 22 44 37 37 3858 33 20 579 644 36 353
internal_value=6.92169e-08 2.27358e-05 -1.05546e-05 3.91938e-05 5.43407e-06 -0.00103485 -0.000362831 0.000175895 0.000125348 0.00178069 0.0012383 0.000221094 -0.000154797 -0.00012309
internal_weight=5772 5751 5714 5690 5668 798 754 4870 4843 632 612 717 680 4211
internal_count=5772 5751 5714 5690 5668 798 754 4870 4843 632 612 717 680 4211
is_linear=0
shrinkage=0.05


Tree=166
num_leaves=15
num_cat=0
split_feature=0 2 1 0 0 1 1 1 1 1 0 0 0 2
split_gain=0.31125 1.17754 0.710599 0.833317 1.31472 1.68689 0.837983 0.870854 1.99309 2.91915 1.81817 2.11856 1.14673 0.675566
threshold=58.750000000000007 3.5000000000000004 1002.0000000000001 69.750000000000014 64.250000000000014 1390.0000000000002 1390.0000000000002 1405.0000000000002 1519.0000000000002 1580.0000000000002 61.250000000000007 59.750000000000007 60.750000000000007 5.5000000000000009
decision_type=2 2 2 2 2 2 2 2 2 2 2 2 2 2
left_child=-1 -2 -3 4 6 -6 -4 10 -9 -10 11 -8 -11 -13
right_child=1 2 3 -5 5 -7 7 8 9 12 -12 13 -14 -15
leaf_value=0.00022813255882303212 -0.011145326629048213 0.0021386369867631683 -0.0023574449212241167 -0.010739371712718692 0.016805226497429736 -0.001752957046031952 0.00056336612573691777 -0.0082317136964411477 0.013228064086288214 0.00040142286441227762 -0.0085493894414074966 0.006471662740740511 -0.0070264971313568269 0.016158181428909301
leaf_weight=4165 26 232 606 21 24 25 126 80 40 259 31 36 65 36
leaf_count=4165 26 232 606 21 24 25 126 80 40 259 31 36 65 36
internal_value=6.57663e-08 -0.000591035 -0.000417466 -0.000857063 -0.000700791 0.00733677 -0.00100872 0.000205734 -0.00108596 0.00048453 0.00271016 0.00447302 -0.00108875 0.0113149
internal_weight=5772 1607 1581 1349 1328 49 1279 673 444 364 229 198 324 72
internal_count=5772 1607 1581 1349 1328 49 1279 673 444 364 229 198 324 72
is_linear=0
shrinkage=0.05


Tree=167
num_leaves=15
num_cat=1
split_feature=3 0 1 0 0 1 1 0 1 1 0 2 1 1
split_gain=0.295976 1.06673 0.619981 0.676953 0.495842 0.965102 0.600467 0.454384 0.425913 0.383212 0.359491 0.91111 1.03054 0.325533
threshold=0 57.750000000000007 810.00000000000011 69.250000000000014 64.750000000000014 1390.0000000000002 2450.0000000000005 54.750000000000007 1433.5000000000002 942.50000000000011 62.250000000000007 5.5000000000000009 1452.0000000000002 2242.5000000000005
decision_type=9 2 2 2 2 2 2 2 2 2 2 2 2 2
left_child=1 7 -2 4 6 -6 9 -1 -9 -4 13 -12 -13 -11
right_child=2 -3 3 -5 5 -7 -8 8 -10 10 11 12 -14 -15
leaf_value=0.0029679164351498494 0.0079349462816608145 -0.012776288567110897 -0.0035144246489691891 -0.0064376837597228597 0.010400508297607303 -0.0032035079700025644 0.0086905609443783758 -0.0007967714145977764 -0.0068901256528786483 0.00015823562696427485 -0.011183874986600131 -0.0042053150962932375 0.0094830190390348436 -0.003515943053147954
leaf_weight=61 25 20 76 40 32 22 20 141 36 5149 25 44 20 61
leaf_count=61 25 20 76 40 32 22 20 141 36 5149 25 44 20 61
internal_value=6.24635e-08 -0.00162266 7.87894e-05 4.31516e-05 9.07261e-05 0.00485813 4.30078e-05 -0.000753556 -0.0020361 1.08309e-05 6.13913e-05 -0.00308955 7.22893e-05 0.000115217
internal_weight=5772 258 5514 5489 5449 54 5395 238 177 5375 5299 89 64 5210
internal_count=5772 258 5514 5489 5449 54 5395 238 177 5375 5299 89 64 5210
cat_boundaries=0 1
cat_threshold=2
is_linear=0
shrinkage=0.05


Tree=168
num_leaves=15
num_cat=1
split_feature=3 1 0 2 1 1 0 0 0 2 1 2 1 2
split_gain=0.287476 0.39218 0.280364 1.27807 0.745826 1.1701 1.34603 0.794692 1.70279 2.05008 0.805648 0.811833 1.60504 3.13869
threshold=0 1185.5000000000002 58.250000000000007 3.5000000000000004 2039.0000000000002 1960.0000000000002 59.250000000000007 63.750000000000007 66.750000000000014 6.5000000000000009 1755.0000000000002 6.5000000000000009 1104.5000000000002 7.5000000000000009
decision_type=9 2 2 2 2 2 2 2 2 2 2 2 2 2
left_child=2 -2 -1 -4 5 7 -7 10 -9 -10 11 -5 13 -13
right_child=1 -3 3 4 -6 6 -8 8 9 -11 -12 12 -14 -15
leaf_value=0.00020241171545745803 0.0077564323221200292 0.00089200250057066665 -0.011771268256008625 -0.0010571298214712402 -0.0056148798755285417 -0.002205481606704945 0.014077221962312859 0.010192390985760557 0.0073077976102790534 -0.010598587081062073 -0.0058352155113363105 0.01594761550271263 -0.00016772717273825274 -0.0044630126967545479
leaf_weight=3728 28 81 25 1254 66 22 30 53 31 33 73 48 269 31
leaf_count=3728 28 81 25 1254 66 22 30 53 31 33 73 48 269 31
internal_value=5.93478e-08 0.0024322 -5.09589e-05 -0.00053937 -0.000392355 -0.000205432 0.00718839 -0.000419985 0.00356397 -0.00192518 -0.000698267 -0.000464187 0.00167245 0.00793838
internal_weight=5772 109 5663 1935 1910 1844 52 1792 117 64 1675 1602 348 79
internal_count=5772 109 5663 1935 1910 1844 52 1792 117 64 1675 1602 348 79
cat_boundaries=0 1
cat_threshold=22
is_linear=0
shrinkage=0.05


Tree=169
num_leaves=15
num_cat=1
split_feature=3 0 0 0 0 1 0 2 1 1 2 0 1 1
split_gain=0.28984 1.31628 0.657971 0.485181 0.385636 0.937052 1.21407 0.827488 0.341106 1.91917 1.32281 1.13301 3.79925 1.06577
threshold=0 64.750000000000014 70.250000000000014 61.750000000000007 62.250000000000007 1195.0000000000002 62.750000000000007 6.5000000000000009 1804.0000000000002 1960.0000000000002 4.5000000000000009 55.250000000000007 2135.5000000000005 2039.0000000000002
decision_type=9 2 2 2 2 2 2 2 2 2 2 2 2 2
left_child=1 3 4 8 -2 -6 -7 -8 -1 -10 -11 13 -13 -12
right_child=2 -3 -4 -5 5 6 7 -9 9 10 11 12 -14 -15
leaf_value=-0.00019763289366396655 0.00033327468154626668 -0.0092079245574062784 0.0093306388659402731 0.0056534899330204901 0.0043549348969998602 -0.016226102430373431 0.0035133415236487057 -0.0081478165173581966 -0.017086270404979589 -0.010075366385197933 -0.010463325819000602 0.024338686233386399 -0.0051682886832471325 0.003298342716880143
leaf_weight=2062 3349 42 20 34 34 20 32 29 20 28 24 20 24 34
leaf_count=2062 3349 42 20 34 34 20 32 29 20 28 24 20 24 34
internal_value=5.63817e-08 -0.000436079 0.000286902 -0.000273988 0.000235515 -0.00261143 -0.00553558 -0.00203049 -0.000365098 -0.00266718 -0.000448859 0.00219371 0.00824397 -0.00239614
internal_weight=5772 2288 3484 2246 3464 115 81 61 2212 150 130 102 44 58
internal_count=5772 2288 3484 2246 3464 115 81 61 2212 150 130 102 44 58
cat_boundaries=0 1
cat_threshold=18
is_linear=0
shrinkage=0.05


Tree=170
num_leaves=15
num_cat=1
split_feature=2 3 2 0 0 0 2 0 1 0 2 1 2 0
split_gain=0.281571 0.296251 1.21428 0.799119 0.685656 1.48574 0.680594 1.47543 1.03819 0.574769 0.594482 0.775695 0.556675 0.920143
threshold=10.500000000000002 0 8.5000000000000018 66.250000000000014 67.750000000000014 63.750000000000007 7.5000000000000009 61.750000000000007 1545.0000000000002 62.250000000000007 7.5000000000000009 1452.0000000000002 8.5000000000000018 59.250000000000007
decision_type=2 9 2 2 2 2 2 2 2 2 2 2 2 2
left_child=1 2 4 9 5 6 7 -1 -8 12 11 -11 -3 -14
right_child=-2 3 -4 -5 -6 -7 8 -9 -10 10 -12 -13 13 -15
leaf_value=-0.00028214650678977442 -0.0055211362191644386 0.00021181755365023178 -0.011850906802219867 0.0073406343303940962 0.0081021122168749571 -0.013323863354426894 0.00056211898724238085 -0.013014191991153537 0.014253379106521608 0.0023400057191425498 -0.010422924095958783 -0.0090357346714220257 0.0059539905086774189 -0.0040656723827123637
leaf_weight=2130 23 3202 23 40 24 22 45 23 20 47 24 22 97 30
leaf_count=2130 23 3202 23 40 24 22 45 23 20 47 24 22 97 30
internal_value=5.35667e-08 2.21422e-05 -0.00041845 0.000313501 -0.000304156 -0.000394223 -0.000265976 -0.00041816 0.00477481 0.000232277 -0.00364469 -0.00128704 0.000340585 0.00358714
internal_weight=5772 5749 2287 3462 2264 2240 2218 2153 65 3422 93 69 3329 127
internal_count=5772 5749 2287 3462 2264 2240 2218 2153 65 3422 93 69 3329 127
cat_boundaries=0 1
cat_threshold=18
is_linear=0
shrinkage=0.05


Tree=171
num_leaves=15
num_cat=0
split_feature=0 0 0 1 1 1 2 0 1 0 1 2 0 0
split_gain=0.265808 0.337803 1.25911 0.573851 0.337575 2.25136 1.75354 0.794671 0.692083 2.11715 1.33984 0.709129 2.5213 2.52386
threshold=71.500000000000014 67.750000000000014 65.250000000000014 2450.0000000000005 1604.5000000000002 1645.0000000000002 3.5000000000000004 51.250000000000007 1519.0000000000002 61.750000000000007 1524.0000000000002 6.5000000000000009 57.750000000000007 59.250000000000007
decision_type=2 2 2 2 2 2 2 2 2 2 2 2 2 2
left_child=1 2 3 4 7 -6 -7 -1 -9 10 -10 -12 -13 -14
right_child=-2 -3 -4 -5 5 6 -8 8 9 -11 11 12 13 -15
leaf_value=0.0087169411143770935 -0.0056149933841966454 0.004782664000585273 -0.011438613431528211 0.0080975841180506072 -0.01194046221789904 -0.01091957673606639 0.00024269912981284025 -0.00011640886482802568 0.010934348353608089 0.017666392810642719 0.0015038615078212018 0.0033344311171613177 -0.023001323492887121 -0.0012476298461357753
leaf_weight=27 21 37 24 22 44 37 717 4211 33 20 452 73 24 30
leaf_count=27 21 37 24 22 44 37 717 4211 33 20 452 73 24 30
internal_value=5.08802e-08 2.05544e-05 -1.02818e-05 3.79221e-05 6.639e-06 -0.000946603 -0.000305052 0.000162838 0.000115148 0.00165801 0.00113486 0.000576335 -0.00272478 -0.0109159
internal_weight=5772 5751 5714 5690 5668 798 754 4870 4843 632 612 579 127 54
internal_count=5772 5751 5714 5690 5668 798 754 4870 4843 632 612 579 127 54
is_linear=0
shrinkage=0.05


Tree=172
num_leaves=15
num_cat=1
split_feature=3 2 0 2 1 0 0 2 1 2 0 1 1 0
split_gain=0.264923 0.380256 0.353814 0.248374 0.255732 0.649144 0.734774 0.62723 0.275173 2.27693 2.57604 1.34218 0.730459 1.80048
threshold=0 3.5000000000000004 56.750000000000007 10.500000000000002 942.50000000000011 69.250000000000014 66.250000000000014 9.5000000000000018 1604.5000000000002 4.5000000000000009 59.250000000000007 1645.0000000000002 1519.0000000000002 61.750000000000007
decision_type=9 2 2 2 2 2 2 2 2 2 2 2 2 2
left_child=3 2 -2 4 -1 6 7 8 12 10 -10 -11 -6 -14
right_child=1 -3 -4 -5 5 -7 -8 -9 9 11 -12 -13 13 -15
leaf_value=-0.0023512536214247092 -0.0025748775247484445 0.0073413898826887218 0.0041179388761520387 -0.0052343330644045796 -0.00011751368915513614 -0.0063255502062384041 0.0084527005181791112 0.0066052851490288351 -0.0034523676458775299 -0.0091370908918393338 -0.020839910596609116 0.0010808415016995542 0.0012194816916141936 0.016111841957483972
leaf_weight=116 40 30 39 23 4006 40 26 36 144 34 25 587 605 21
leaf_count=116 40 30 39 23 4006 40 26 36 144 34 25 587 605 21
internal_value=4.83425e-08 0.00233484 0.000729171 -4.89278e-05 -2.78684e-05 2.09211e-05 6.72119e-05 2.72663e-05 -1.64092e-05 -0.000878919 -0.00602449 0.000521406 0.000130694 0.00171907
internal_weight=5772 109 79 5663 5640 5524 5484 5458 5422 790 169 621 4632 626
internal_count=5772 109 79 5663 5640 5524 5484 5458 5422 790 169 621 4632 626
cat_boundaries=0 1
cat_threshold=22
is_linear=0
shrinkage=0.05


Tree=173
num_leaves=15
num_cat=0
split_feature=0 2 1 0 0 1 1 1 1 2 1 0 0 0
split_gain=0.244404 0.949792 0.614457 0.503895 1.03441 0.532691 0.974634 0.454365 0.724128 0.655639 0.779884 2.18019 1.09882 0.957143
threshold=58.750000000000007 3.5000000000000004 880.00000000000011 68.250000000000014 63.750000000000007 1390.0000000000002 1082.5000000000002 1002.0000000000001 942.50000000000011 4.5000000000000009 1960.0000000000002 60.250000000000007 59.750000000000007 61.250000000000007
decision_type=2 2 2 2 2 2 2 2 2 2 2 2 2 2
left_child=-1 -2 -3 4 7 6 -6 8 -4 -9 13 12 -12 -11
right_child=1 2 3 -5 5 -7 -8 9 -10 10 11 -13 -14 -15
leaf_value=0.00020214350559856942 -0.010002598094825562 0.0083404892450198529 -0.0072066712286323305 -0.0058169662649201793 0.001167312143370509 0.00043230336780349413 0.016417988499266688 -0.0027494632178475024 0.0028951456212693719 6.4823209150643608e-05 0.005188628320363077 0.018786253854632382 -0.0091522960881279276 -0.0045633053881487346
leaf_weight=4165 26 20 20 43 20 30 22 362 157 698 34 20 22 133
leaf_count=4165 26 20 20 43 20 30 22 362 157 698 34 20 22 133
internal_value=4.59354e-08 -0.000523748 -0.000367865 -0.000479439 -0.000328245 0.00552099 0.00915576 -0.000619493 0.0017537 -0.000950505 -0.000232508 0.00461563 -0.000445306 -0.0006759
internal_weight=5772 1607 1581 1561 1518 72 42 1446 177 1269 907 76 56 831
internal_count=5772 1607 1581 1561 1518 72 42 1446 177 1269 907 76 56 831
is_linear=0
shrinkage=0.05


Tree=174
num_leaves=15
num_cat=1
split_feature=3 0 0 0 0 1 0 2 1 0 2 1 0 1
split_gain=0.248151 1.1932 0.639838 0.490153 0.36746 0.85393 1.05936 0.709835 0.33409 0.797665 0.90091 0.578299 1.617 0.749706
threshold=0 64.750000000000014 70.250000000000014 61.750000000000007 62.250000000000007 1195.0000000000002 62.750000000000007 6.5000000000000009 2008.0000000000002 54.250000000000007 5.5000000000000009 1878.0000000000002 55.250000000000007 1755.0000000000002
decision_type=9 2 2 2 2 2 2 2 2 2 2 2 2 2
left_child=1 3 4 8 -2 -6 -7 -8 11 -10 -11 13 -13 -1
right_child=2 -3 -4 -5 5 6 7 -9 9 10 -12 12 -14 -15
leaf_value=-0.00016737912020046834 0.00031016355744157312 -0.0087551415653988017 0.0091836564801633363 0.005708644092630815 0.0040859020205543323 -0.015341947358101607 0.0030530250827723649 -0.0077473696505907796 0.004885585051537915 -0.0019772701838519425 -0.014369373029132311 -0.0032009695001222471 0.014840188015090384 -0.005468139677996869
leaf_weight=2005 3349 42 20 34 34 20 32 29 22 44 22 27 23 69
leaf_count=2005 3349 42 20 34 34 20 32 29 22 44 22 27 23 69
internal_value=4.36229e-08 -0.000403509 0.00026546 -0.000249131 0.000214735 -0.00256431 -0.00535575 -0.00208159 -0.000340706 -0.00335958 -0.00610797 -0.00021563 0.00509796 -0.00034373
internal_weight=5772 2288 3484 2246 3464 115 81 61 2212 88 66 2124 50 2074
internal_count=5772 2288 3484 2246 3464 115 81 61 2212 88 66 2124 50 2074
cat_boundaries=0 1
cat_threshold=18
is_linear=0
shrinkage=0.05


Tree=175
num_leaves=15
num_cat=1
split_feature=3 1 0 1 2 1 0 1 0 0 2 2 1 1
split_gain=0.242023 0.348472 0.224073 0.810088 0.848849 1.10362 1.28415 1.16759 0.596664 1.56144 1.82303 0.937641 0.467979 0.446225
threshold=0 1185.5000000000002 56.750000000000007 2350.0000000000005 3.5000000000000004 1345.0000000000002 57.250000000000007 1082.5000000000002 63.750000000000007 66.750000000000014 6.5000000000000009 9.5000000000000018 2350.0000000000005 1390.0000000000002
decision_type=9 2 2 2 2 2 2 2 2 2 2 2 2 2
left_child=2 -2 12 4 5 6 -4 -8 11 -10 -11 13 -1 -6
right_child=1 -3 3 -5 8 -7 7 -9 9 10 -12 -13 -14 -15
leaf_value=0.00023094356406212999 0.007244821451604367 0.00077420419748918518 -0.010070997988805175 -0.0075800116713109766 -0.0008595292746874806 -0.011318364376441027 0.013229383022990078 -0.0031282323562966973 0.0097664749697905107 0.0068694184917295655 -0.010016263914153431 0.0092310079548042264 0.0062254076372041849 0.00038716512001227851
leaf_weight=2434 28 81 24 38 1618 39 20 24 53 31 33 26 33 1290
leaf_count=2434 28 81 24 38 1618 39 20 24 53 31 33 26 33 1290
internal_value=4.14741e-08 0.00223164 -4.677e-05 -0.000323179 -0.000235858 -0.00461318 -0.000767557 0.00430705 -8.23437e-05 0.00341913 -0.00183726 -0.000221973 0.000311129 -0.000306491
internal_weight=5772 109 5663 3196 3158 107 68 44 3051 117 64 2934 2467 2908
internal_count=5772 109 5663 3196 3158 107 68 44 3051 117 64 2934 2467 2908
cat_boundaries=0 1
cat_threshold=22
is_linear=0
shrinkage=0.05


Tree=176
num_leaves=15
num_cat=0
split_feature=2 1 0 0 2 1 2 0 1 2 0 1 1 1
split_gain=0.248484 0.255089 0.529563 0.67863 0.525481 0.304146 1.95907 2.32953 1.21116 0.710647 1.55869 1.14795 1.29894 0.929001
threshold=10.500000000000002 942.50000000000011 69.250000000000014 66.250000000000014 9.5000000000000018 1604.5000000000002 4.5000000000000009 59.250000000000007 1645.0000000000002 6.5000000000000009 56.750000000000007 2008.0000000000002 1835.0000000000002 2242.5000000000005
decision_type=2 2 2 2 2 2 2 2 2 2 2 2 2 2
left_child=1 -1 3 4 5 -3 7 -7 -8 13 -11 12 -12 -10
right_child=-2 2 -4 -5 -6 6 8 -9 9 10 11 -13 -14 -15
leaf_value=-0.0023001325543536323 -0.0051866294917367077 0.00018577654069243306 -0.005664010596228764 0.0081687131108572862 0.0060932174729209192 -0.0031662057570669417 -0.0086979482569457863 -0.019585128146223724 0.001332859628409142 0.0026979262641903881 -0.0081976985739123428 -0.013649217214654475 0.0081461180560290815 0.0089551019461618538
leaf_weight=116 23 4726 40 26 36 159 34 25 358 99 31 34 20 45
leaf_count=116 23 4726 40 26 36 159 34 25 358 99 31 34 20 45
internal_value=3.93655e-08 2.07896e-05 6.85842e-05 0.000109583 7.19434e-05 3.27523e-05 -0.000865623 -0.00539704 0.000477018 0.00100845 -0.00156622 -0.0065327 -0.00178836 0.00218398
internal_weight=5772 5749 5633 5593 5567 5531 805 184 621 587 184 85 51 403
internal_count=5772 5749 5633 5593 5567 5531 805 184 621 587 184 85 51 403
is_linear=0
shrinkage=0.05


Tree=177
num_leaves=15
num_cat=1
split_feature=3 0 0 0 0 1 0 2 1 0 1 1 0 0
split_gain=0.230941 1.1213 0.644197 0.431675 0.354359 0.759776 0.936842 0.618542 0.335558 1.73434 2.81733 1.65934 0.886372 0.436471
threshold=0 64.750000000000014 70.250000000000014 61.750000000000007 62.250000000000007 1195.0000000000002 62.750000000000007 6.5000000000000009 1804.0000000000002 55.250000000000007 2039.0000000000002 2039.0000000000002 52.250000000000007 58.250000000000007
decision_type=9 2 2 2 2 2 2 2 2 2 2 2 2 2
left_child=1 3 4 8 -2 -6 -7 -8 12 10 -10 -11 -1 -14
right_child=2 -3 -4 -5 5 6 7 -9 9 11 -12 -13 13 -15
leaf_value=0.0069439741230548123 0.00029886974045695096 -0.0084853342735663143 0.009204578455537557 0.0053514838163905287 0.003748987081994796 -0.014547923216596245 0.002715127408009721 -0.0073668458402670672 -0.017284396751664387 0.010767684440527643 0.0018453970379931361 -0.0043217663827817892 1.8328849460728085e-05 -0.0019531306166074703
leaf_weight=43 3349 42 20 34 34 20 32 29 39 35 38 38 1682 337
leaf_count=43 3349 42 20 34 34 20 32 29 39 35 38 38 1682 337
internal_value=3.73918e-08 -0.00038927 0.000256084 -0.000239608 0.000205158 -0.00252389 -0.00515695 -0.00207794 -0.000325547 -0.00260883 -0.00784372 0.0029129 -0.00015945 -0.000310736
internal_weight=5772 2288 3484 2246 3464 115 81 61 2212 150 77 73 2062 2019
internal_count=5772 2288 3484 2246 3464 115 81 61 2212 150 77 73 2062 2019
cat_boundaries=0 1
cat_threshold=18
is_linear=0
shrinkage=0.05


Tree=178
num_leaves=15
num_cat=1
split_feature=3 0 1 0 0 0 1 1 0 1 2 0 1 2
split_gain=0.22369 0.842551 0.491201 0.488528 0.5332 0.389311 0.36806 0.357839 0.264808 0.219862 0.841225 1.42715 1.2386 0.543979
threshold=0 57.750000000000007 810.00000000000011 68.250000000000014 66.250000000000014 54.750000000000007 942.50000000000011 1433.5000000000002 59.250000000000007 1201.5000000000002 3.5000000000000004 55.250000000000007 1040.0000000000002 3.5000000000000004
decision_type=9 2 2 2 2 2 2 2 2 2 2 2 2 2
left_child=1 5 -2 4 6 -1 8 -7 -4 10 11 -8 -13 -11
right_child=2 -3 3 -5 -6 7 9 -9 -10 13 -12 12 -14 -15
leaf_value=0.0028076384018068433 0.0070612652981653819 -0.01132206003239844 -0.0014225613593158348 -0.0052717568580234464 0.0073639400452375414 -0.00068824297669244582 0.01463300744071603 -0.0062734529582990544 -0.0077347577607724816 -0.0026998494549289997 -0.00052036086257849245 0.008828389961272479 -0.0026643975769025342 0.00051185709492756202
leaf_weight=61 25 20 54 43 25 141 24 36 24 138 2121 35 71 2954
leaf_count=61 25 20 54 43 25 141 24 36 24 138 2121 35 71 2954
internal_value=3.5535e-08 -0.00141068 6.8477e-05 3.67527e-05 7.86671e-05 -0.000637061 4.50696e-05 -0.00182422 -0.00336478 9.48484e-05 -0.000281063 0.00362318 0.00113039 0.000368514
internal_weight=5772 258 5514 5489 5446 238 5421 177 78 5343 2251 130 106 3092
internal_count=5772 258 5514 5489 5446 238 5421 177 78 5343 2251 130 106 3092
cat_boundaries=0 1
cat_threshold=2
is_linear=0
shrinkage=0.05


Tree=179
num_leaves=15
num_cat=1
split_feature=2 3 2 0 0 0 2 0 1 0 2 1 2 1
split_gain=0.225014 0.229643 1.05309 0.767918 0.708993 1.40801 0.61716 1.46247 0.956056 0.522288 0.507771 0.746172 0.440905 0.846882
threshold=10.500000000000002 0 8.5000000000000018 66.250000000000014 67.750000000000014 63.750000000000007 7.5000000000000009 61.750000000000007 1545.0000000000002 62.250000000000007 7.5000000000000009 1452.0000000000002 8.5000000000000018 1762.5000000000002
decision_type=2 9 2 2 2 2 2 2 2 2 2 2 2 2
left_child=1 2 4 9 5 6 7 -1 -8 12 11 -11 -3 -14
right_child=-2 3 -4 -5 -6 -7 8 -9 -10 10 -12 -13 13 -15
leaf_value=-0.00023784513349364462 -0.0049356102169321797 0.00018523582364561036 -0.011014677941515718 0.0071647963079158224 0.0082865298027172685 -0.012940096897496421 0.00052916566530863442 -0.012913827263021274 0.013667704015970231 0.0022371443555729976 -0.0097635681141885772 -0.0089200163725763563 0.000769942909964618 0.01008021393967228
leaf_weight=2130 23 3202 23 40 24 22 45 23 20 47 24 22 94 33
leaf_count=2130 23 3202 23 40 24 22 45 23 20 47 24 22 94 33
internal_value=3.37444e-08 1.97798e-05 -0.000368134 0.000276301 -0.000261602 -0.000353189 -0.000228342 -0.00037326 0.00457179 0.000196589 -0.00349914 -0.00132021 0.000299834 0.00318915
internal_weight=5772 5749 2287 3462 2264 2240 2218 2153 65 3422 93 69 3329 127
internal_count=5772 5749 2287 3462 2264 2240 2218 2153 65 3422 93 69 3329 127
cat_boundaries=0 1
cat_threshold=18
is_linear=0
shrinkage=0.05


Tree=180
num_leaves=15
num_cat=1
split_feature=3 2 0 2 1 0 0 2 1 2 2 1 1 0
split_gain=0.220331 0.339622 0.332337 0.199233 0.208572 0.493749 0.711285 0.467934 0.252076 1.46248 1.65375 0.948589 0.572988 1.69158
threshold=0 3.5000000000000004 56.750000000000007 10.500000000000002 942.50000000000011 68.250000000000014 66.250000000000014 9.5000000000000018 2008.0000000000002 7.5000000000000009 4.5000000000000009 2135.5000000000005 1835.0000000000002 59.250000000000007
decision_type=9 2 2 2 2 2 2 2 2 2 2 2 2 2
left_child=3 2 -2 4 -1 6 7 8 12 10 -10 -12 -6 -14
right_child=1 -3 -4 -5 5 -7 -8 -9 9 -11 11 -13 13 -15
leaf_value=-0.0021240178140378078 -0.0025974657549522819 0.006853682600582639 0.0038890338598344572 -0.0046888297864073969 -3.7425420016580911e-05 -0.0053186444083748521 0.0088345084177411121 0.0057048272768345978 -0.0083673671403327425 -0.011543670653190931 -0.0044898685722035312 0.0040992914317056787 0.00064929344906744101 0.013677462612589201
leaf_weight=116 40 30 39 23 4986 43 23 36 48 32 42 137 147 30
leaf_count=116 40 30 39 23 4986 43 23 36 48 32 42 137 147 30
internal_value=3.20541e-08 0.00212928 0.00060473 -4.46323e-05 -2.57724e-05 1.82893e-05 6.0159e-05 2.3184e-05 -1.454e-05 -0.00153669 -0.000126014 0.00208396 6.18181e-05 0.00285746
internal_weight=5772 109 79 5663 5640 5524 5481 5458 5422 259 227 179 5163 177
internal_count=5772 109 79 5663 5640 5524 5481 5458 5422 259 227 179 5163 177
cat_boundaries=0 1
cat_threshold=22
is_linear=0
shrinkage=0.05


Tree=181
num_leaves=15
num_cat=0
split_feature=1 1 2 0 0 0 1 1 1 2 2 1 0 1
split_gain=0.199503 1.81301 1.51716 2.49684 0.772094 0.679103 0.583559 0.52619 0.837111 1.08814 3.41889 0.654579 0.573994 0.526836
threshold=1604.5000000000002 1645.0000000000002 4.5000000000000009 59.250000000000007 61.750000000000007 51.250000000000007 1960.0000000000002 1747.0000000000002 1835.0000000000002 7.5000000000000009 8.5000000000000018 1697.5000000000002 59.250000000000007 2350.0000000000005
decision_type=2 2 2 2 2 2 2 2 2 2 2 2 2 2
left_child=5 -2 3 6 7 -1 -3 11 12 13 -11 -4 -9 -10
right_child=1 2 4 -5 -6 -7 -8 8 9 10 -12 -13 -14 -15
leaf_value=0.0080280894896498436 -0.010594912189778618 0.00059251509424622937 -0.00017352153006340229 -0.019253262372997904 0.010677277930080891 7.6676056014548532e-05 -0.0058114686141850364 -0.0014903602047665965 0.0018576138361470753 -0.015394769510462401 0.0085962920070246415 0.01002097137097735 -0.0095710325842866539 0.0075803972654587895
leaf_weight=27 44 92 31 24 20 4920 58 142 248 33 27 32 26 48
leaf_count=27 44 92 31 24 20 4920 58 142 248 33 27 32 26 48
internal_value=3.04326e-08 -0.000719793 -0.000163448 -0.00427949 0.00101644 0.000120074 -0.00188369 0.000687281 0.00016821 0.00154107 -0.00459879 0.00500463 -0.00274094 0.00278563
internal_weight=5772 825 781 174 607 4947 150 587 524 356 60 63 168 296
internal_count=5772 825 781 174 607 4947 150 587 524 356 60 63 168 296
is_linear=0
shrinkage=0.05


Tree=182
num_leaves=15
num_cat=1
split_feature=3 2 0 2 1 0 0 2 1 0 2 2 1 1
split_gain=0.197521 0.306525 0.299861 0.18385 0.189026 0.450705 0.637701 0.407495 0.23148 1.32475 1.67525 0.827494 1.03679 0.521458
threshold=0 3.5000000000000004 56.750000000000007 10.500000000000002 942.50000000000011 68.250000000000014 66.250000000000014 9.5000000000000018 2008.0000000000002 54.750000000000007 7.5000000000000009 4.5000000000000009 2260.0000000000005 1835.0000000000002
decision_type=9 2 2 2 2 2 2 2 2 2 2 2 2 2
left_child=3 2 -2 4 -1 6 7 8 13 -10 11 -11 -13 -6
right_child=1 -3 -4 -5 5 -7 -8 -9 9 10 -12 12 -14 -15
leaf_value=-0.0020216506329798624 -0.0024746502412017436 0.0065037256230910633 0.0036867805231267058 -0.004503564821535965 -3.3910206410123469e-05 -0.0050811986482247364 0.0083659036813870727 0.0053248331118892463 0.0049714524970679991 -0.0074625234292359389 -0.016142088719441193 -0.0020862615901278332 0.0087990538283650357 0.0027277348214486815
leaf_weight=116 40 30 39 23 4986 43 23 36 61 47 23 100 28 177
leaf_count=116 40 30 39 23 4986 43 23 36 61 47 23 100 28 177
internal_value=2.8942e-08 0.00201605 0.000567069 -4.22604e-05 -2.4142e-05 1.78042e-05 5.78073e-05 2.2797e-05 -1.24065e-05 -0.00147105 -0.00345586 -0.00178852 0.000294901 6.07656e-05
internal_weight=5772 109 79 5663 5640 5524 5481 5458 5422 259 198 175 128 5163
internal_count=5772 109 79 5663 5640 5524 5481 5458 5422 259 198 175 128 5163
cat_boundaries=0 1
cat_threshold=22
is_linear=0
shrinkage=0.05


Tree=183
num_leaves=15
num_cat=1
split_feature=3 1 0 1 1 0 0 0 1 1 1 0 1 2
split_gain=0.190665 0.753022 0.585649 0.501514 0.477383 0.462702 0.409624 0.318419 0.564069 0.547042 0.426666 0.792967 0.284395 0.796315
threshold=0 1207.0000000000002 55.750000000000007 1480.0000000000002 810.00000000000011 54.250000000000007 69.750000000000014 64.750000000000014 1390.0000000000002 2450.0000000000005 2350.0000000000005 55.750000000000007 1201.5000000000002 3.5000000000000004
decision_type=9 2 2 2 2 2 2 2 2 2 2 2 2 2
left_child=1 5 3 -3 -2 -1 7 9 -9 10 12 -12 13 -6
right_child=4 2 -4 -5 6 -7 -8 8 -10 -11 11 -13 -14 -15
leaf_value=0.0062196509041372808 0.0069569363780319698 -0.0062930293647306306 -0.0094826918607577686 0.0031703817990741561 0.0034073616191389339 -0.00057334715024148688 -0.0052112264961406999 0.0078759464873548821 -0.002262467838337888 0.0082821354037150748 0.0012215284608525206 -0.012258886098861695 0.00035782837957258352 -0.00060621528039461129
leaf_weight=31 25 28 40 28 131 131 37 34 23 20 24 20 3017 2183
leaf_count=31 25 28 40 28 131 131 37 34 23 20 24 20 3017 2183
internal_value=2.74861e-08 -0.00130239 -0.00486189 -0.00156132 6.3215e-05 0.000726548 3.19323e-05 6.7515e-05 0.00378501 2.82384e-05 -2.47375e-06 -0.00490593 3.79975e-05 -0.000378999
internal_weight=5772 258 96 56 5514 162 5489 5452 57 5395 5375 44 5331 2314
internal_count=5772 258 96 56 5514 162 5489 5452 57 5395 5375 44 5331 2314
cat_boundaries=0 1
cat_threshold=2
is_linear=0
shrinkage=0.05


Tree=184
num_leaves=15
num_cat=0
split_feature=1 1 2 0 0 0 2 1 1 0 0 0 2 0
split_gain=0.191873 1.63418 1.32107 2.24213 0.700318 0.61018 0.516661 1.26583 2.27214 2.48498 1.57363 1.73822 0.721924 0.80133
threshold=1604.5000000000002 1645.0000000000002 4.5000000000000009 59.250000000000007 61.750000000000007 51.250000000000007 7.5000000000000009 1082.5000000000002 1135.0000000000002 62.750000000000007 60.750000000000007 59.250000000000007 8.5000000000000018 55.250000000000007
decision_type=2 2 2 2 2 2 2 2 2 2 2 2 2 2
left_child=5 -2 3 -3 -4 -1 -7 -8 -9 10 11 12 13 -10
right_child=1 2 4 -5 -6 6 7 8 9 -11 -12 -13 -14 -15
leaf_value=0.0076137395782603159 -0.010081362532218918 -0.0017482353630863753 0.00060981068980988772 -0.018208000931190328 0.010124135538935661 -7.6015528810773053e-05 -0.004108665993742368 0.01761899969354272 0.010642905840305267 -0.014657091721892357 0.013996663466095925 -0.0070223273212711018 -0.000438460258857361 0.0028539959861732583
leaf_weight=27 44 150 587 24 20 4519 74 25 54 21 30 45 67 85
leaf_count=27 44 150 587 24 20 4519 74 25 54 21 30 45 67 85
internal_value=2.61253e-08 -0.000705898 -0.000177703 -0.00401855 0.000923298 0.000117751 7.66149e-05 0.00179666 0.00313303 0.00193386 0.00317375 0.00188018 0.0038249 0.0058799
internal_weight=5772 825 781 174 607 4947 4920 401 327 302 281 251 206 139
internal_count=5772 825 781 174 607 4947 4920 401 327 302 281 251 206 139
is_linear=0
shrinkage=0.05


Tree=185
num_leaves=15
num_cat=0
split_feature=1 1 0 1 0 2 2 2 1 0 0 1 0 1
split_gain=0.173166 1.47485 1.23623 0.856198 0.57341 0.939641 1.70018 0.679041 0.780955 0.614832 0.602972 0.561685 0.550688 0.491328
threshold=1604.5000000000002 1645.0000000000002 60.750000000000007 1960.0000000000002 53.250000000000007 7.5000000000000009 8.5000000000000018 4.5000000000000009 2350.0000000000005 57.250000000000007 56.250000000000007 1960.0000000000002 51.250000000000007 1519.0000000000002
decision_type=2 2 2 2 2 2 2 2 2 2 2 2 2 2
left_child=12 -2 4 -4 -3 7 9 11 -9 -7 -8 -6 -1 -14
right_child=1 2 3 -5 5 6 10 8 -10 -11 -12 -13 13 -15
leaf_value=0.0072330527835422105 -0.0095772943504429855 0.0063154717974707886 -0.015224030139771375 -0.0016994250342249871 0.00040568656474863598 -0.01774763889102773 -0.0040457681287080051 0.0010200664205065981 0.0082551568791997144 -0.0057868009654893767 0.0079496897471306675 -0.0056529298684009441 -0.00011956252389865051 0.0013707460406076853
leaf_weight=27 44 38 22 25 91 22 20 413 41 21 22 66 4285 635
leaf_count=27 44 38 22 25 91 22 20 413 41 21 22 66 4285 635
internal_value=2.48336e-08 -0.000670603 -0.000168817 -0.00803009 0.000334561 8.01711e-06 -0.00491757 0.000693245 0.00167346 -0.0119063 0.00223757 -0.00214125 0.000111864 7.27842e-05
internal_weight=5772 825 781 47 734 696 85 611 454 43 42 157 4947 4920
internal_count=5772 825 781 47 734 696 85 611 454 43 42 157 4947 4920
is_linear=0
shrinkage=0.05


Tree=186
num_leaves=15
num_cat=1
split_feature=3 0 0 1 0 0 0 1 1 2 1 1 0 2
split_gain=0.171834 1.0711 0.694041 0.568338 1.67737 0.946513 0.562237 1.44844 2.42664 0.686148 0.529081 0.63646 1.42819 0.629435
threshold=0 65.750000000000014 70.250000000000014 1685.0000000000002 62.250000000000007 58.750000000000007 55.250000000000007 1804.0000000000002 2039.0000000000002 5.5000000000000009 1480.0000000000002 1580.0000000000002 55.750000000000007 4.5000000000000009
decision_type=9 2 2 2 2 2 2 2 2 2 2 2 2 2
left_child=1 3 -2 4 10 6 7 -5 -9 -8 -1 12 -12 -13
right_child=2 -3 -4 5 -6 -7 9 8 -10 -11 11 13 -14 -15
leaf_value=-0.00046821674717118156 0.00016789790479841108 -0.009280061710513 0.0095089925802312805 0.004434962463953222 0.012437751423567534 -0.0121978926350889 -0.0010303560004317929 -0.016476326923274869 0.0012775772331607236 0.0091282579688016664 0.011069532865600196 0.0033978982480619563 -0.00037236353416422691 -0.0020682791224274741
leaf_weight=1674 3464 33 20 36 27 23 68 39 38 22 50 89 60 129
leaf_count=1674 3464 33 20 36 27 23 68 39 38 22 50 89 60 129
internal_value=2.3588e-08 -0.000335789 0.000220887 -0.000206386 5.85334e-05 -0.0025848 -0.00149563 -0.00384398 -0.00771466 0.00145286 -0.000108419 0.00172787 0.0048285 0.000163325
internal_weight=5772 2288 3484 2255 2029 226 203 113 77 90 2002 328 110 218
internal_count=5772 2288 3484 2255 2029 226 203 113 77 90 2002 328 110 218
cat_boundaries=0 1
cat_threshold=18
is_linear=0
shrinkage=0.05


Tree=187
num_leaves=15
num_cat=0
split_feature=0 2 1 0 0 2 1 1 0 1 1 0 0 1
split_gain=0.180818 1.71797 0.53406 1.0946 0.659483 0.59433 0.48259 0.439763 0.686203 0.327049 0.228585 0.26345 0.199966 1.62264
threshold=62.250000000000007 4.5000000000000009 1195.0000000000002 65.750000000000014 63.750000000000007 6.5000000000000009 2450.0000000000005 2350.0000000000005 55.750000000000007 1452.0000000000002 942.50000000000011 57.250000000000007 61.750000000000007 1290.0000000000002
decision_type=2 2 2 2 2 2 2 2 2 2 2 2 2 2
left_child=6 -2 5 4 9 -3 7 10 -9 -4 11 -1 -12 -14
right_child=1 2 3 -5 -6 -7 -8 8 -10 -11 12 -13 13 -15
leaf_value=0.00052321578360810554 -0.014657692791132089 -0.00080524089109316902 -0.0058521650328766557 -0.008822015176625236 0.0078447718535446468 0.0087671487194095413 0.0078055186755955214 0.00074595729917443056 -0.011794173195958138 0.0027260676026344302 7.7035888918591767e-05 -0.0045835575028572101 -0.004509641911135987 0.012306784093379975
leaf_weight=46 22 34 25 38 27 31 20 24 20 20 5351 56 32 26
leaf_count=46 22 34 25 38 27 31 20 24 20 20 5351 56 32 26
internal_value=2.23745e-08 -0.00148871 0.000166817 -0.00195646 0.00166703 0.00376005 5.26288e-05 2.47156e-05 -0.0049541 -0.00203962 6.44666e-05 -0.0022805 0.000108687 0.00302876
internal_weight=5772 197 175 110 72 65 5575 5555 44 45 5511 102 5409 58
internal_count=5772 197 175 110 72 65 5575 5555 44 45 5511 102 5409 58
is_linear=0
shrinkage=0.05


Tree=188
num_leaves=15
num_cat=1
split_feature=3 1 0 1 0 0 0 1 1 1 0 1 0 0
split_gain=0.172361 0.711578 0.524911 0.447905 0.406848 0.340042 0.316137 0.47231 0.438779 0.392322 0.619298 0.278601 1.17972 1.20091
threshold=0 1390.0000000000002 55.250000000000007 810.00000000000011 54.250000000000007 69.750000000000014 64.750000000000014 1390.0000000000002 2450.0000000000005 2350.0000000000005 55.750000000000007 1835.0000000000002 60.250000000000007 59.750000000000007
decision_type=9 2 2 2 2 2 2 2 2 2 2 2 2 2
left_child=1 4 -3 -2 -1 6 8 -8 9 11 -11 -5 13 -13
right_child=3 2 -4 5 -6 -7 7 -9 -10 10 -12 12 -14 -15
leaf_value=0.0052090521979456152 0.0067375895641744142 -0.0014135246342491536 -0.0095812449080718547 -6.5187507529985484e-05 -0.00073788202094187685 -0.0047473290708620816 0.0075097991215229481 -0.0017674135854062829 0.007415243294090032 0.00070865910662784408 -0.011204463355243208 0.0013796696971207663 0.012581076947125522 -0.010948391232938906
leaf_weight=36 25 42 37 4955 143 37 34 23 20 24 20 333 22 21
leaf_count=36 25 42 37 4955 143 37 34 23 20 24 20 333 22 21
internal_value=2.12541e-08 -0.0012383 -0.00523891 6.00992e-05 0.000458149 2.97956e-05 6.22156e-05 0.00376636 2.308e-05 -4.42569e-06 -0.0047064 3.43826e-05 0.00134654 0.000648344
internal_weight=5772 258 79 5514 179 5489 5452 57 5395 5375 44 5331 376 354
internal_count=5772 258 79 5514 179 5489 5452 57 5395 5375 44 5331 376 354
cat_boundaries=0 1
cat_threshold=2
is_linear=0
shrinkage=0.05


Tree=189
num_leaves=15
num_cat=0
split_feature=2 1 0 0 2 1 0 2 1 0 2 2 0 1
split_gain=0.172401 0.178859 0.315705 0.577832 0.352389 0.232807 1.17734 2.58851 0.585841 0.558738 0.655841 0.473047 1.15872 0.624873
threshold=10.500000000000002 942.50000000000011 68.250000000000014 66.250000000000014 9.5000000000000018 1005.0000000000001 56.250000000000007 6.5000000000000009 1021.0000000000001 54.250000000000007 4.5000000000000009 3.5000000000000004 55.750000000000007 1216.0000000000002
decision_type=2 2 2 2 2 2 2 2 2 2 2 2 2 2
left_child=1 -1 3 4 5 6 7 9 -7 -3 -11 12 13 -10
right_child=-2 2 -4 -5 -6 8 -8 -9 11 10 -12 -13 -14 -15
leaf_value=-0.0019261320581226129 -0.0043202338689614251 0.0052647663563718354 -0.0042105606193979126 0.0079989705072796864 0.0049883215287182901 -0.0062736420892179016 0.0027240539014707571 -0.011768158395802055 0.0053934806746176699 -0.0043976189307586263 0.0024153214107316577 0.00010532042899447853 -0.0038231400301090763 -0.0010744644875833116
leaf_weight=116 23 53 43 23 36 38 370 51 66 66 76 4480 245 86
leaf_count=116 23 53 43 23 36 38 370 51 66 66 76 4480 245 86
internal_value=2.02263e-08 1.73042e-05 5.73253e-05 9.01552e-05 5.748e-05 2.53863e-05 0.000941685 -0.00173911 -8.9454e-05 0.000883868 -0.000751256 -4.12688e-05 -0.00169547 0.00173399
internal_weight=5772 5749 5633 5590 5567 5531 616 246 4915 195 142 4877 397 152
internal_count=5772 5749 5633 5590 5567 5531 616 246 4915 195 142 4877 397 152
is_linear=0
shrinkage=0.05


Tree=190
num_leaves=15
num_cat=1
split_feature=3 2 0 0 1 1 1 0 0 2 2 0 2 1
split_gain=0.184909 0.271886 0.271917 0.183936 2.21255 5.96248 0.640052 1.74729 0.459744 0.709446 0.704376 1.03888 0.666819 0.409725
threshold=0 3.5000000000000004 56.750000000000007 60.750000000000007 1580.0000000000002 1480.0000000000002 1960.0000000000002 61.750000000000007 63.250000000000007 5.5000000000000009 6.5000000000000009 61.750000000000007 4.5000000000000009 1390.0000000000002
decision_type=9 2 2 2 2 2 2 2 2 2 2 2 2 2
left_child=3 2 -2 -1 5 8 7 -6 9 12 -11 -12 -5 -10
right_child=1 -3 -4 4 6 -7 -8 -9 13 10 11 -13 -14 -15
leaf_value=4.1329463266015485e-05 -0.002305802794144256 0.0061818866183360422 0.0035615146207885863 -0.0038359255202718686 -0.0041211427970518988 0.027161775603890423 -0.0020636209696531299 -0.022545770788565279 -0.00035047415297991729 -0.0085160457378914284 0.0053902754560112955 -0.007074396993432726 0.0050963491861087586 0.0059814338915505994
leaf_weight=5227 40 30 39 37 31 20 25 22 88 62 32 35 48 36
leaf_count=5227 40 30 39 37 31 20 25 22 88 62 32 35 48 36
internal_value=1.91893e-08 0.00195062 0.000590721 -4.08977e-05 -0.00102762 0.000634947 -0.00865837 -0.0117691 -0.000934688 -0.00233839 -0.00467527 -0.00112112 0.00120818 0.00148782
internal_weight=5772 109 79 5663 436 358 78 53 338 214 129 67 85 124
internal_count=5772 109 79 5663 436 358 78 53 338 214 129 67 85 124
cat_boundaries=0 1
cat_threshold=22
is_linear=0
shrinkage=0.05


Tree=191
num_leaves=15
num_cat=1
split_feature=3 1 0 1 1 1 0 0 2 2 0 2 0 2
split_gain=0.166881 0.258734 0.166002 1.99682 5.38114 0.577647 1.57693 0.414919 0.640275 0.635699 0.937588 0.601804 0.394634 0.422234
threshold=0 1185.5000000000002 60.750000000000007 1580.0000000000002 1480.0000000000002 1960.0000000000002 61.750000000000007 63.250000000000007 5.5000000000000009 6.5000000000000009 61.750000000000007 4.5000000000000009 65.250000000000014 7.5000000000000009
decision_type=9 2 2 2 2 2 2 2 2 2 2 2 2 2
left_child=2 -2 -1 4 7 6 -5 8 11 -10 -11 -4 -9 -14
right_child=1 -3 3 5 -6 -7 -8 12 9 10 -12 -13 13 -15
leaf_value=3.9263012541450619e-05 0.006166402337008289 0.00059084086060914919 -0.0036441293821946998 -0.0039150856595839409 0.025803685076534751 -0.0019604394435882569 -0.021418481989001689 0.0048449555208862878 -0.0080902434765331207 0.0051207622222136711 -0.0067206774758441119 0.0048415319838871563 -0.003361800398964148 0.0049014205441132866
leaf_weight=5227 28 81 37 31 20 25 22 50 62 32 35 48 52 22
leaf_count=5227 28 81 37 31 20 25 22 50 62 32 35 48 52 22
internal_value=1.82497e-08 0.00185309 -3.88528e-05 -0.000976238 0.0006032 -0.00822545 -0.0111806 -0.000887953 -0.00222147 -0.00444151 -0.00106506 0.00114777 0.00141343 -0.000905167
internal_weight=5772 109 5663 436 358 78 53 338 214 129 67 85 124 74
internal_count=5772 109 5663 436 358 78 53 338 214 129 67 85 124 74
cat_boundaries=0 1
cat_threshold=22
is_linear=0
shrinkage=0.05


Tree=192
num_leaves=15
num_cat=1
split_feature=2 3 0 0 1 0 1 0 1 0 1 0 0 2
split_gain=0.158899 0.174507 0.933972 0.772872 0.517327 1.46699 0.872585 1.02912 0.847189 1.01969 0.496433 0.569804 0.483391 0.925031
threshold=10.500000000000002 0 65.750000000000014 66.250000000000014 1685.0000000000002 62.250000000000007 1835.0000000000002 56.750000000000007 2008.0000000000002 56.250000000000007 1480.0000000000002 53.750000000000007 54.250000000000007 5.5000000000000009
decision_type=2 9 2 2 2 2 2 2 2 2 2 2 2 2
left_child=1 2 4 -3 5 10 7 -6 9 -8 -1 -12 -10 -14
right_child=-2 3 -4 -5 6 -7 8 -9 12 -11 11 -13 13 -15
leaf_value=-0.00045273927021105748 -0.0041476056130309389 0.00016015315213979966 -0.0086736666490182732 0.0071507980895694351 -0.0030896162227490695 0.011629054546614902 -0.00054393503000028432 -0.015558263546098834 0.0032338840619724413 0.013392570292732367 0.0094468347304923969 0.0011158230692244081 -0.0011385837903203952 -0.013695482651184483
leaf_weight=1673 23 3422 33 40 59 27 35 23 22 21 22 306 44 22
leaf_count=1673 23 3422 33 40 59 27 35 23 22 21 22 306 44 22
internal_value=1.73171e-08 1.66107e-05 -0.000321542 0.000240229 -0.000200688 5.21814e-05 -0.0024698 -0.00658692 -0.000125324 0.00468225 -0.000104028 0.00167461 -0.00318469 -0.00532422
internal_weight=5772 5749 2287 3462 2254 2028 226 82 144 56 2001 328 88 66
internal_count=5772 5749 2287 3462 2254 2028 226 82 144 56 2001 328 88 66
cat_boundaries=0 1
cat_threshold=18
is_linear=0
shrinkage=0.05


Tree=193
num_leaves=15
num_cat=0
split_feature=0 2 1 0 0 0 1 1 0 1 1 0 0 1
split_gain=0.161111 1.58746 0.448105 0.987123 0.540187 0.538198 0.398794 0.363314 0.548973 0.298254 0.186367 0.233794 0.217014 1.41413
threshold=62.250000000000007 4.5000000000000009 1195.0000000000002 65.750000000000014 63.750000000000007 66.250000000000014 2450.0000000000005 2350.0000000000005 55.750000000000007 1452.0000000000002 942.50000000000011 57.250000000000007 61.750000000000007 1290.0000000000002
decision_type=2 2 2 2 2 2 2 2 2 2 2 2 2 2
left_child=6 -2 5 4 9 -3 7 10 -9 -4 11 -1 -12 -14
right_child=1 2 3 -5 -6 -7 -8 8 -10 -11 12 -13 13 -15
leaf_value=0.00058425785682629798 -0.014064159540628847 -0.0010026994768078581 -0.0053132809558883312 -0.0082785518815446848 0.0072733765726702079 0.0080978149781003594 0.0070974017772823571 0.00059722702984193652 -0.010619110688567163 0.002878609821200371 6.7385849884835515e-05 -0.0042265035731751206 -0.0038950557238422337 0.011803783361728375
leaf_weight=46 22 33 25 38 27 32 20 24 20 20 5351 56 32 26
leaf_count=46 22 33 25 38 27 32 20 24 20 20 5351 56 32 26
internal_value=1.64681e-08 -0.00140525 0.000186156 -0.00175876 0.00168224 0.00347755 4.96734e-05 2.4299e-05 -0.00450111 -0.00167244 6.043e-05 -0.00205694 0.000100358 0.00314235
internal_weight=5772 197 175 110 72 65 5575 5555 44 45 5511 102 5409 58
internal_count=5772 197 175 110 72 65 5575 5555 44 45 5511 102 5409 58
is_linear=0
shrinkage=0.05


Tree=194
num_leaves=15
num_cat=0
split_feature=0 2 1 1 1 1 1 0 0 0 0 0 2 0
split_gain=0.157203 0.782071 0.521717 0.595281 0.971183 1.8263 2.04522 0.977171 0.694586 0.674042 2.10213 1.89708 0.602246 0.529518
threshold=58.750000000000007 3.5000000000000004 1002.0000000000001 1390.0000000000002 1405.0000000000002 1519.0000000000002 1580.0000000000002 60.750000000000007 60.250000000000007 61.250000000000007 63.250000000000007 59.750000000000007 5.5000000000000009 67.750000000000014
decision_type=2 2 2 2 2 2 2 2 2 2 2 2 2 2
left_child=-1 -2 13 -4 9 8 -7 -8 -6 11 -11 -5 -13 -3
right_child=1 2 3 4 5 6 7 -9 -10 10 -12 12 -14 -15
leaf_value=0.0001620987604962115 -0.0090213754715827797 0.0010266077947830234 -0.0017673798515344238 0.00049288764389024842 -0.004395431370529182 0.011098648849874736 0.00060879280485040207 -0.0058066943584784095 -0.014086998189430169 -0.013293407515933118 0.0059191824206417162 0.0060940590169694699 0.015239835447735257 0.008359243358219309
leaf_weight=4165 26 204 636 126 51 40 259 77 29 24 35 36 36 28
leaf_count=4165 26 204 636 126 51 40 259 77 29 24 35 36 36 28
internal_value=1.56479e-08 -0.000420069 -0.000278618 -0.000655287 0.000336706 -0.00104865 0.000410925 -0.000861423 -0.00790862 0.00279476 -0.00189611 0.00419255 0.0106669 0.00191158
internal_weight=5772 1607 1581 1349 713 456 376 336 80 257 59 198 72 232
internal_count=5772 1607 1581 1349 713 456 376 336 80 257 59 198 72 232
is_linear=0
shrinkage=0.05


Tree=195
num_leaves=15
num_cat=1
split_feature=3 2 0 0 2 0 0 1 1 2 1 0 0 2
split_gain=0.153156 0.243761 0.249816 0.145425 1.28972 1.45462 1.24923 0.363342 0.32159 0.765095 0.204445 1.4031 1.06607 0.702768
threshold=0 3.5000000000000004 56.750000000000007 64.250000000000014 5.5000000000000009 66.750000000000014 70.250000000000014 2450.0000000000005 2242.5000000000005 6.5000000000000009 1835.0000000000002 60.250000000000007 59.750000000000007 8.5000000000000018
decision_type=9 2 2 2 2 2 2 2 2 2 2 2 2 2
left_child=3 2 -2 7 -5 -6 -7 8 10 -10 -1 12 13 -12
right_child=1 -3 -4 4 5 6 -8 -9 9 -11 11 -13 -14 -15
leaf_value=-6.7162149990143872e-05 -0.0022952923160846693 0.0057751169800758367 0.0033285302993578793 -0.010107621375584241 0.012236879154553881 -0.01096902396529913 0.0042827250082688086 0.0067254927544854589 0.00042106017906917264 -0.011364577169574444 0.00048561583645641802 0.013705678142252424 -0.010523629527805108 0.0099470749696982767
leaf_weight=5109 40 30 39 33 23 25 29 20 40 21 300 21 21 21
leaf_count=5109 40 30 39 33 23 25 29 20 40 21 300 21 21 21
internal_value=1.48481e-08 0.00177525 0.000481025 -3.72235e-05 -0.00183754 0.00170677 -0.00277827 -1.62776e-06 -2.59441e-05 -0.00363629 1.43028e-05 0.00116087 0.000390576 0.00110459
internal_weight=5772 109 79 5663 110 77 54 5553 5533 61 5472 363 342 321
internal_count=5772 109 79 5663 110 77 54 5553 5533 61 5472 363 342 321
cat_boundaries=0 1
cat_threshold=22
is_linear=0
shrinkage=0.05


Tree=196
num_leaves=15
num_cat=1
split_feature=2 3 2 0 0 0 2 0 1 0 2 1 1 1
split_gain=0.14562 0.158972 0.948022 0.73734 1.2946 0.69866 0.544765 1.2714 0.912277 0.410324 0.52494 0.662041 0.384746 1.00491
threshold=10.500000000000002 0 8.5000000000000018 67.750000000000014 63.750000000000007 66.250000000000014 7.5000000000000009 61.750000000000007 1545.0000000000002 62.250000000000007 7.5000000000000009 1452.0000000000002 1195.0000000000002 1135.0000000000002
decision_type=2 9 2 2 2 2 2 2 2 2 2 2 2 2
left_child=1 2 3 4 6 9 7 12 -8 -3 11 -11 13 -1
right_child=-2 5 -4 -5 -6 -7 8 -9 -10 10 -12 -13 -14 -15
leaf_value=-0.00064563302483187012 -0.0039705258935851901 0.00024471214867298951 -0.010408168586234199 0.0085117559724797801 -0.012368331527845427 0.0067997530708089476 0.00038156297057867055 -0.012008138365395693 0.013215764462947846 0.0024437403894633928 -0.0094919926021248113 -0.0080656340515071704 0.00023067709784223961 -0.0080503414422273649
leaf_weight=548 23 3329 23 24 22 40 45 23 20 47 24 22 1532 50
leaf_count=548 23 3329 23 24 22 40 45 23 20 47 24 22 1532 50
internal_value=1.41292e-08 1.58991e-05 -0.000306851 -0.000205587 -0.000298987 0.000229332 -0.000179273 -0.000315427 0.00433055 0.0001532 -0.00312254 -0.000907075 -0.000189167 -0.00126476
internal_weight=5772 5749 2287 2264 2240 3462 2218 2153 65 3422 93 69 2130 598
internal_count=5772 5749 2287 2264 2240 3462 2218 2153 65 3422 93 69 2130 598
cat_boundaries=0 1
cat_threshold=18
is_linear=0
shrinkage=0.05


Tree=197
num_leaves=15
num_cat=0
split_feature=0 0 2 1 1 0 1 0 0 2 2 1 1 0
split_gain=0.149474 1.10581 0.966416 0.335506 0.301051 0.503968 0.138399 1.10165 0.947146 0.649305 0.720799 0.645222 1.00033 1.20908
threshold=65.250000000000014 67.750000000000014 6.5000000000000009 2450.0000000000005 2350.0000000000005 55.750000000000007 1835.0000000000002 60.250000000000007 59.750000000000007 8.5000000000000018 7.5000000000000009 1604.5000000000002 1645.0000000000002 60.250000000000007
decision_type=2 2 2 2 2 2 2 2 2 2 2 2 2 2
left_child=3 -2 -3 4 6 -6 11 8 9 10 -8 -1 -13 -14
right_child=1 2 -4 -5 5 -7 7 -9 -10 -11 -12 12 13 -15
leaf_value=0.00012579761634623439 -0.011145857356799146 0.0085312371142208573 -0.004407844130670832 0.0061932123160328379 0.00077176922641228893 -0.009974982626736165 0.0010144020068095965 0.011820274388248271 -0.010009583298649108 0.0090441446857648378 -0.0081801671453792125 -0.0091109270296080725 -0.00019992260050984395 -0.011433850339828777
leaf_weight=4870 24 27 31 22 24 20 291 22 21 23 23 44 304 26
leaf_count=4870 24 27 31 22 24 20 291 22 21 23 23 44 304 26
internal_value=1.34121e-08 -0.00211952 0.00161552 3.05585e-05 6.63851e-06 -0.00411312 3.88699e-05 0.000960282 0.000292908 0.000934903 0.000340914 -2.78991e-05 -0.00202924 -0.00108502
internal_weight=5772 82 58 5690 5668 44 5624 380 358 337 314 5244 374 330
internal_count=5772 82 58 5690 5668 44 5624 380 358 337 314 5244 374 330
is_linear=0
shrinkage=0.05


Tree=198
num_leaves=15
num_cat=0
split_feature=0 0 0 1 1 2 1 0 0 2 2 1 1 0
split_gain=0.148251 0.338999 1.0928 0.255811 0.276949 0.70487 0.156259 1.17416 0.867992 0.583511 0.59328 0.580821 0.902798 1.0912
threshold=71.500000000000014 67.750000000000014 65.750000000000014 2450.0000000000005 2242.5000000000005 6.5000000000000009 1835.0000000000002 60.250000000000007 59.750000000000007 8.5000000000000018 7.5000000000000009 1604.5000000000002 1645.0000000000002 60.250000000000007
decision_type=2 2 2 2 2 2 2 2 2 2 2 2 2 2
left_child=1 2 3 4 6 -6 11 8 9 10 -8 -1 -13 -14
right_child=-2 -3 -4 -5 5 -7 7 -9 -10 -11 -12 12 13 -15
leaf_value=0.00011683744855378986 -0.0041934005605677761 0.0047858544033826207 -0.01168271502479911 0.0052878519758688411 0.00054759411723352973 -0.010764674212606181 0.0010448755243369764 0.012519573739596777 -0.0095091043838432861 0.0090407508802378463 -0.0074846865651621063 -0.008655380648137494 -0.00018992643040531364 -0.010862157984565085
leaf_weight=4873 21 37 20 23 40 21 278 21 21 21 22 44 304 26
leaf_count=4873 21 37 20 23 40 21 278 21 21 21 22 44 304 26
internal_value=1.27191e-08 1.53251e-05 -1.55656e-05 2.54149e-05 4.07193e-06 -0.00334679 4.05074e-05 0.00104377 0.000339114 0.00098339 0.000419374 -2.89006e-05 -0.00192778 -0.00103077
internal_weight=5772 5751 5714 5694 5671 61 5610 363 342 321 300 5247 374 330
internal_count=5772 5751 5714 5694 5671 61 5610 363 342 321 300 5247 374 330
is_linear=0
shrinkage=0.05


Tree=199
num_leaves=15
num_cat=1
split_feature=3 1 0 1 1 0 0 0 0 1 1 2 1 0
split_gain=0.140302 0.61928 0.433637 0.439464 0.422325 0.381083 0.363292 0.474903 0.331785 0.26581 0.24959 0.621629 0.251806 0.996749
threshold=0 1207.0000000000002 55.750000000000007 1480.0000000000002 810.00000000000011 69.750000000000014 64.750000000000014 66.750000000000014 54.250000000000007 2450.0000000000005 2219.0000000000005 6.5000000000000009 1835.0000000000002 60.250000000000007
decision_type=9 2 2 2 2 2 2 2 2 2 2 2 2 2
left_child=1 8 3 -3 -2 6 9 -8 -1 10 12 -12 -6 -14
right_child=4 2 -4 -5 5 -7 7 -9 -10 -11 11 -13 13 -15
leaf_value=0.0053767332007297348 0.0065382152544334535 -0.0059319458369697844 -0.0083188585541211068 0.002926701806219561 -5.6268175261469431e-05 -0.0050324159775029971 0.0082095658260157283 -0.00095353039124837296 -0.0003755372190467644 0.0057706766854971649 0.00049990245201827392 -0.0092953519076108947 0.00065714952639032943 0.011893596038931892
leaf_weight=31 25 28 40 28 4955 37 31 26 131 20 46 25 328 21
leaf_count=31 25 28 40 28 4955 37 31 26 131 20 46 25 328 21
internal_value=1.21138e-08 -0.00111723 -0.00434272 -0.00150262 5.42157e-05 2.47827e-05 5.91034e-05 0.00402991 0.000725206 1.71505e-05 -4.25796e-06 -0.00294913 3.51625e-05 0.00133327
internal_weight=5772 258 96 56 5514 5489 5452 57 162 5395 5375 71 5304 349
internal_count=5772 258 96 56 5514 5489 5452 57 162 5395 5375 71 5304 349
cat_boundaries=0 1
cat_threshold=2
is_linear=0
shrinkage=0.05


Tree=200
num_leaves=15
num_cat=0
split_feature=2 1 0 0 2 1 2 2 1 0 1 0 0 2
split_gain=0.136636 0.148766 0.347938 0.432784 0.334968 0.224817 1.06031 1.04868 0.787406 0.36437 0.336892 1.2742 0.712299 0.459838
threshold=10.500000000000002 942.50000000000011 69.750000000000014 66.250000000000014 9.5000000000000018 2008.0000000000002 7.5000000000000009 4.5000000000000009 2135.5000000000005 59.250000000000007 1835.0000000000002 59.250000000000007 58.250000000000007 5.5000000000000009
decision_type=2 2 2 2 2 2 2 2 2 2 2 2 2 2
left_child=1 -1 3 4 5 10 7 -7 -9 -10 -3 12 13 -12
right_child=-2 2 -4 -5 -6 6 -8 8 9 -11 11 -13 -14 -15
leaf_value=-0.0017570228004999456 -0.0038461030268555751 1.6982228503120611e-05 -0.0047807955837531673 0.0061761110507208734 0.0048595329190397434 -0.0067789371081744326 -0.0099380732470308441 -0.0044457240301805237 0.0045681142703572339 -0.0022154298843815924 -0.0011750996072078124 0.011626666088898977 -0.0071889809977549778 0.0049897809343061369
leaf_weight=116 23 5095 37 29 36 48 32 42 113 24 60 30 26 61
leaf_count=116 23 5095 37 29 36 48 32 42 113 24 60 30 26 61
internal_value=1.1505e-08 1.53986e-05 5.1898e-05 8.38511e-05 5.21149e-05 2.08245e-05 -0.00141738 -0.000216224 0.00154361 0.00337976 9.14798e-05 0.00223592 0.000319436 0.00193282
internal_weight=5772 5749 5633 5596 5567 5531 259 227 179 137 5272 177 147 121
internal_count=5772 5749 5633 5596 5567 5531 259 227 179 137 5272 177 147 121
is_linear=0
shrinkage=0.05


Tree=201
num_leaves=15
num_cat=1
split_feature=3 1 2 0 1 1 0 1 1 1 1 0 1 1
split_gain=0.135527 0.234535 0.128797 1.51802 0.555059 0.524983 0.603952 1.28777 0.463542 0.43361 0.428097 0.577779 0.479715 1.06602
threshold=0 1185.5000000000002 3.5000000000000004 55.250000000000007 1216.0000000000002 1207.0000000000002 57.250000000000007 1082.5000000000002 1082.5000000000002 1480.0000000000002 1201.5000000000002 67.750000000000014 1345.0000000000002 1370.0000000000002
decision_type=9 2 2 2 2 2 2 2 2 2 2 2 2 2
left_child=2 -2 3 4 -1 6 8 -8 -5 -6 -4 12 -12 -14
right_child=1 -3 10 5 9 -7 7 -9 -10 -11 11 -13 13 -15
leaf_value=0.0051040297349263892 0.005767949936645372 0.00045952584190627583 -0.00048577820300679071 -0.007126208691095765 -0.0044859721234792637 -0.0057211778803626786 0.012959741023369135 -0.0049829872185364367 -0.00029477766437227266 0.0034488277735583712 0.0021166179468050084 0.0088972425088286403 -0.0045059147870002347 0.00035782895709193433
leaf_weight=103 28 81 2257 44 36 119 20 20 57 33 347 20 118 2489
leaf_count=103 28 81 2257 44 36 119 20 20 57 33 347 20 118 2489
internal_value=1.09453e-08 0.00166995 -3.50187e-05 -0.000864836 0.00277925 -0.00327554 -0.00121149 0.00398838 -0.00327085 -0.000691068 3.34445e-05 0.000427488 0.000370144 0.000137683
internal_weight=5772 109 5663 432 172 260 141 40 101 69 5231 2974 2954 2607
internal_count=5772 109 5663 432 172 260 141 40 101 69 5231 2974 2954 2607
cat_boundaries=0 1
cat_threshold=22
is_linear=0
shrinkage=0.05


Tree=202
num_leaves=15
num_cat=1
split_feature=0 2 0 0 1 1 0 3 2 0 1 2 0 0
split_gain=0.138264 1.15322 1.4135 1.20876 0.244981 0.246275 0.455811 0.115733 0.221804 0.221988 0.118561 0.879801 1.70969 1.19253
threshold=64.250000000000014 5.5000000000000009 66.750000000000014 70.250000000000014 2450.0000000000005 2350.0000000000005 55.750000000000007 0 3.5000000000000004 56.750000000000007 1201.5000000000002 3.5000000000000004 57.750000000000007 55.250000000000007
decision_type=2 2 2 2 2 2 2 9 2 2 2 2 2 2
left_child=4 -2 -3 -4 5 7 -7 10 9 -9 11 12 13 -1
right_child=1 2 3 -5 -6 6 -8 8 -10 -11 -12 -13 -14 -15
leaf_value=0.0048488282841557947 -0.0095758873115604128 0.011976040268073911 -0.010882348276674747 0.0041202935566804532 0.0055581052228808403 0.00093408452812582254 -0.009286321513354779 -0.0022750381252262743 0.0053921141910056279 0.0030263102255188505 0.00021756728725904245 -0.00056636028809203939 0.013574917940422893 -0.0026711303887336896
leaf_weight=103 33 23 25 29 20 24 20 40 30 39 3057 2190 31 108
leaf_count=103 33 23 25 29 20 24 20 40 30 39 3057 2190 31 108
internal_value=1.03963e-08 -0.00175569 0.00159583 -0.00282537 3.41197e-05 1.4538e-05 -0.00371155 4.38249e-05 0.00158645 0.000342083 1.02826e-05 -0.00025023 0.00261062 0.00099975
internal_weight=5772 110 77 54 5662 5642 44 5598 109 79 5489 2432 242 211
internal_count=5772 110 77 54 5662 5642 44 5598 109 79 5489 2432 242 211
cat_boundaries=0 1
cat_threshold=22
is_linear=0
shrinkage=0.05


Tree=203
num_leaves=15
num_cat=1
split_feature=3 0 1 0 0 0 1 1 2 1 0 0 0 2
split_gain=0.144335 0.592277 0.399515 0.335644 0.330808 0.399583 0.222305 0.224505 0.552905 0.215312 0.826609 0.905468 0.671023 0.622986
threshold=0 57.750000000000007 810.00000000000011 69.750000000000014 64.750000000000014 66.750000000000014 2450.0000000000005 2219.0000000000005 6.5000000000000009 1835.0000000000002 60.250000000000007 59.750000000000007 62.750000000000007 8.5000000000000018
decision_type=9 2 2 2 2 2 2 2 2 2 2 2 2 2
left_child=1 -1 -2 4 6 -6 7 9 -9 12 11 13 -4 -11
right_child=2 -3 3 -5 5 -7 -8 8 -10 10 -12 -13 -14 -15
leaf_value=-0.00048263243528204276 0.0063614598354324705 -0.0094412028649821875 1.6763393114179445e-05 -0.0047197673721490682 0.0076816034662882775 -0.00072350872393984068 0.005280199083499611 0.00045878719962353862 -0.0087791616953909399 0.00069784332118211353 0.010853599437645503 -0.0096883246948709714 -0.0052599513220990112 0.0098236897296737884
leaf_weight=238 25 20 4894 37 31 26 20 46 25 288 21 20 61 20
leaf_count=238 25 20 4894 37 31 26 20 46 25 288 21 20 61 20
internal_value=9.86451e-09 -0.00113317 5.49869e-05 2.63638e-05 5.85734e-05 0.00384769 1.85401e-05 -1.03815e-06 -0.00279401 3.63489e-05 0.00123671 0.000620994 -4.81972e-05 0.00129043
internal_weight=5772 258 5514 5489 5452 57 5395 5375 71 5304 349 328 4955 308
internal_count=5772 258 5514 5489 5452 57 5395 5375 71 5304 349 328 4955 308
cat_boundaries=0 1
cat_threshold=2
is_linear=0
shrinkage=0.05


Tree=204
num_leaves=15
num_cat=0
split_feature=1 2 0 2 2 0 0 1 1 0 1 1 0 2
split_gain=0.151872 1.25625 1.44511 0.585763 0.985072 0.660144 1.08691 0.933091 0.64279 0.618534 0.564008 0.519922 0.473584 0.445514
threshold=1604.5000000000002 4.5000000000000009 59.250000000000007 6.5000000000000009 8.5000000000000018 56.750000000000007 60.250000000000007 1960.0000000000002 2350.0000000000005 53.750000000000007 1663.0000000000002 1960.0000000000002 51.250000000000007 7.5000000000000009
decision_type=2 2 2 2 2 2 2 2 2 2 2 2 2 2
left_child=12 2 10 8 5 -5 7 -7 9 -3 -2 -12 -1 -14
right_child=1 3 -4 4 -6 6 -8 -9 -10 -11 11 -13 13 -15
leaf_value=0.006708613631350023 -0.009943935913245449 -0.0072516790929843082 -0.015444508654065431 -0.00037988821195219374 0.0049270438951101499 -0.0031190876215696339 0.0020662517324090005 -0.015925252907133352 0.007874555453761584 0.0013771059265802049 0.0013199188448842379 -0.0049141563748105847 -7.3226359637809042e-05 0.0016657343975029087
leaf_weight=27 22 22 25 85 44 25 25 33 36 371 79 58 4519 401
leaf_count=27 22 22 25 85 44 25 25 33 36 371 79 58 4519 401
internal_value=9.33819e-09 -0.000628034 -0.00426971 0.000417314 -0.00173281 -0.00347705 -0.00664885 -0.0104054 0.00147984 0.00089407 -0.00251267 -0.00131932 0.000104747 6.8506e-05
internal_weight=5772 825 184 641 212 168 83 58 429 393 159 137 4947 4920
internal_count=5772 825 184 641 212 168 83 58 429 393 159 137 4947 4920
is_linear=0
shrinkage=0.05


Tree=205
num_leaves=15
num_cat=0
split_feature=1 2 0 1 0 0 2 1 1 0 1 1 0 2
split_gain=0.137065 1.13377 1.30421 0.592901 0.752205 0.950402 2.5122 0.800831 0.726549 0.698504 0.509017 0.46923 0.42741 0.402076
threshold=1604.5000000000002 4.5000000000000009 59.250000000000007 1835.0000000000002 53.750000000000007 57.250000000000007 7.5000000000000009 2039.0000000000002 2260.0000000000005 59.250000000000007 1663.0000000000002 1960.0000000000002 51.250000000000007 7.5000000000000009
decision_type=2 2 2 2 2 2 2 2 2 2 2 2 2 2
left_child=12 2 10 -3 -5 6 -6 9 -9 -7 -2 -12 -1 -14
right_child=1 3 -4 4 5 7 -8 8 -10 -11 11 -13 13 -15
leaf_value=0.0063731831325976943 -0.0094467392895074397 -0.0013860817948524427 -0.014672283170744777 0.0106608182604594 0.001321808659225045 0.0039250302594155077 -0.01394941073449445 -0.0029887303384496088 0.0068912759671608606 0.014221774134784938 0.001253922955275593 -0.0046684486880810162 -6.9565009136525956e-05 0.0015824477524471069
leaf_weight=27 22 270 25 22 170 40 32 49 30 28 79 58 4519 401
leaf_count=27 22 270 25 22 170 40 32 49 30 28 79 58 4519 401
internal_value=8.90284e-09 -0.000596633 -0.00405623 0.000396449 0.00169371 0.00112845 -0.00109739 0.00418708 0.000763171 0.00816487 -0.00238703 -0.00125336 9.95094e-05 6.50807e-05
internal_weight=5772 825 184 641 371 349 202 147 79 68 159 137 4947 4920
internal_count=5772 825 184 641 371 349 202 147 79 68 159 137 4947 4920
is_linear=0
shrinkage=0.05


Tree=206
num_leaves=15
num_cat=0
split_feature=2 1 0 0 2 0 1 0 2 1 0 2 2 2
split_gain=0.133958 0.143099 0.315805 0.425512 0.288057 0.222768 0.208882 1.13786 2.32387 0.544983 0.481856 0.627991 0.450764 0.48499
threshold=10.500000000000002 942.50000000000011 69.750000000000014 66.250000000000014 9.5000000000000018 64.250000000000014 1005.0000000000001 56.250000000000007 6.5000000000000009 1040.0000000000002 54.250000000000007 4.5000000000000009 6.5000000000000009 3.5000000000000004
decision_type=2 2 2 2 2 2 2 2 2 2 2 2 2 2
left_child=1 -1 3 4 5 6 7 8 10 -8 -3 -12 13 -9
right_child=-2 2 -4 -5 -6 -7 9 12 -10 -11 11 -13 -14 -15
leaf_value=-0.001723090093407242 -0.0038082304198051929 0.0048406401376474987 -0.0045530907608367305 0.0061223395811072709 0.0045081116006864853 -0.0040137619629283163 -0.0056672584709473129 0.0071489241439849143 -0.011215561198289781 -1.337198956943366e-05 -0.0043142746181481263 0.0023524439856900201 0.0064602640729684094 0.0011059615938099165
leaf_weight=116 23 53 37 29 36 34 43 38 51 4842 66 76 65 263
leaf_count=116 23 53 37 29 36 34 43 38 51 4842 66 76 65 263
internal_value=8.43175e-09 1.5244e-05 5.10414e-05 8.14833e-05 5.00149e-05 2.09982e-05 4.59539e-05 0.000916745 -0.00171299 -6.31401e-05 0.000772295 -0.000746172 0.00268427 0.00186886
internal_weight=5772 5749 5633 5596 5567 5531 5497 612 246 4885 195 142 366 301
internal_count=5772 5749 5633 5596 5567 5531 5497 612 246 4885 195 142 366 301
is_linear=0
shrinkage=0.05


Tree=207
num_leaves=15
num_cat=0
split_feature=0 2 1 2 0 0 2 1 1 1 1 0 0 0
split_gain=0.126988 0.707494 0.471086 0.534239 0.753652 0.771771 0.851553 0.511757 0.840813 1.66793 1.82898 1.00355 0.610244 0.596652
threshold=58.750000000000007 3.5000000000000004 1002.0000000000001 4.5000000000000009 67.750000000000014 61.750000000000007 6.5000000000000009 1390.0000000000002 1405.0000000000002 1519.0000000000002 1580.0000000000002 60.750000000000007 60.250000000000007 61.250000000000007
decision_type=2 2 2 2 2 2 2 2 2 2 2 2 2 2
left_child=-1 -2 3 -3 5 6 -5 -4 13 12 -11 -12 -10 -9
right_child=1 2 7 4 -6 -7 -8 8 9 10 11 -13 -14 -15
leaf_value=0.00014568445968401241 -0.0085584874049975321 0.0059939926297500222 -0.001632068355153344 -0.0011408059257475367 0.0081310940794301814 -0.0068827470269752673 0.0095527757269640769 0.0039210546470124915 -0.0042329894424434382 0.01053162074647844 0.00071137885268216655 -0.0057901222083427302 -0.013317103707231583 -0.0018074115485710613
leaf_weight=4165 26 58 636 83 27 40 24 198 51 40 259 77 29 59
leaf_count=4165 26 58 636 83 27 40 24 198 51 40 259 77 29 59
internal_value=8.00376e-09 -0.000377554 -0.000243016 0.00183819 0.000452927 -0.000957348 0.00125775 -0.000600941 0.00031883 -0.000970188 0.000424661 -0.000778548 -0.00752598 0.00260596
internal_weight=5772 1607 1581 232 174 147 107 1349 713 456 376 336 80 257
internal_count=5772 1607 1581 232 174 147 107 1349 713 456 376 336 80 257
is_linear=0
shrinkage=0.05


Tree=208
num_leaves=15
num_cat=1
split_feature=3 0 0 1 0 0 1 1 2 0 1 1 1 0
split_gain=0.126273 0.875155 0.612448 0.539529 1.51207 0.703042 0.597576 1.5657 0.525302 0.771192 0.591473 0.440829 0.505676 1.2885
threshold=0 65.750000000000014 70.250000000000014 1685.0000000000002 62.250000000000007 58.750000000000007 1804.0000000000002 1960.0000000000002 4.5000000000000009 55.250000000000007 2039.0000000000002 1480.0000000000002 1580.0000000000002 55.750000000000007
decision_type=9 2 2 2 2 2 2 2 2 2 2 2 2 2
left_child=1 3 -2 4 11 6 -5 -8 -9 10 -10 -1 13 -13
right_child=2 -3 -4 5 -6 -7 7 8 9 -11 -12 12 -14 -15
leaf_value=-0.00039964312617242806 0.00013951100891924291 -0.0083726443406758888 0.008914364816155285 0.0023589891314534754 0.011840718901819654 -0.010773134225493541 -0.016360710212029516 -0.0074902350853125639 -0.0089133381377905618 0.0066705919040197688 0.0013386090176508707 0.010296684577129782 0.00021037241847707183 -0.00057129040961929911
leaf_weight=1674 3464 33 20 66 27 23 20 26 24 33 34 50 218 60
leaf_count=1674 3464 33 20 66 27 23 20 26 24 33 34 50 218 60
internal_value=7.6195e-09 -0.000287863 0.00018934 -0.000170826 8.72917e-05 -0.00248817 -0.00154948 -0.0034324 -0.00122243 0.000568375 -0.00290358 -7.12211e-05 0.00160493 0.0043687
internal_weight=5772 2288 3484 2255 2029 226 203 137 117 91 58 2002 328 110
internal_count=5772 2288 3484 2255 2029 226 203 137 117 91 58 2002 328 110
cat_boundaries=0 1
cat_threshold=18
is_linear=0
shrinkage=0.05


Tree=209
num_leaves=15
num_cat=1
split_feature=3 0 1 0 0 0 1 1 0 1 1 0 0 1
split_gain=0.122484 0.515199 0.36284 0.310324 0.301702 0.384636 0.204879 0.249115 0.393908 0.190736 0.412706 0.233479 0.190324 0.187331
threshold=0 57.750000000000007 810.00000000000011 69.750000000000014 64.750000000000014 66.750000000000014 2450.0000000000005 2350.0000000000005 55.750000000000007 1207.0000000000002 1480.0000000000002 54.250000000000007 55.250000000000007 1835.0000000000002
decision_type=9 2 2 2 2 2 2 2 2 2 2 2 2 2
left_child=1 9 -2 4 6 -6 7 13 -9 11 -11 -1 -12 -4
right_child=2 -3 3 -5 5 -7 -8 8 -10 10 12 -13 -14 -15
leaf_value=0.0045252625710300856 0.006060689272359014 -0.0087919806013815101 -5.3407689801703454e-05 -0.0045402322417578186 0.007434454057816297 -0.00081195812672376635 0.0050673429155722264 0.0005692058921946834 -0.0089318825304508225 -0.0058714098075316069 0.0040638557518832387 -0.00035508278104114452 -0.0022330284021639577 0.0011042062094542844
leaf_weight=31 25 20 4955 37 31 26 20 24 20 42 24 117 24 376
leaf_count=31 25 20 4955 37 31 26 20 24 20 42 24 117 24 376
internal_value=7.25416e-09 -0.00104388 5.06521e-05 2.33713e-05 5.43422e-05 0.00367293 1.61106e-05 -2.6847e-06 -0.00374947 -0.000436642 -0.00225177 0.000667152 0.000915414 2.82398e-05
internal_weight=5772 258 5514 5489 5452 57 5395 5375 44 238 90 148 48 5331
internal_count=5772 258 5514 5489 5452 57 5395 5375 44 238 90 148 48 5331
cat_boundaries=0 1
cat_threshold=2
is_linear=0
shrinkage=0.05


Tree=210
num_leaves=15
num_cat=0
split_feature=0 2 0 0 1 1 0 1 1 0 1 0 0 1
split_gain=0.124754 1.03658 1.17735 1.13077 0.183556 0.227018 0.355502 0.114861 2.18448 1.4811 1.34448 0.85736 0.768851 0.568093
threshold=64.250000000000014 5.5000000000000009 66.750000000000014 70.250000000000014 2450.0000000000005 2350.0000000000005 55.750000000000007 1545.0000000000002 1524.0000000000002 61.750000000000007 1519.0000000000002 52.750000000000007 60.750000000000007 1405.0000000000002
decision_type=2 2 2 2 2 2 2 2 2 2 2 2 2 2
left_child=4 -2 -3 -4 5 7 -7 8 10 12 11 -1 -9 -13
right_child=1 2 3 -5 -6 6 -8 9 -10 -11 -12 13 -14 -15
leaf_value=0.0062985252378544273 -0.0090819086106917399 0.010983288142344227 -0.010317920468747617 0.0041926566382934306 0.004813975824508817 0.00054074556683190165 -0.0084852879121899618 0.00039897355807783167 -0.015798132290894336 0.010908934203061191 0.0099010425674564695 1.5953494505966111e-05 -0.0066418125099153265 -0.0020864002009010623
leaf_weight=52 33 23 25 29 20 24 20 1265 22 33 34 3801 40 351
leaf_count=52 33 23 25 29 20 24 20 1265 22 33 34 3801 40 351
internal_value=6.8982e-09 -0.00166771 0.0015098 -0.0025252 3.24069e-05 1.5457e-05 -0.003562 4.35757e-05 -8.33538e-05 0.000447701 -1.77642e-06 -8.18658e-05 0.000183164 -0.000161774
internal_weight=5772 110 77 54 5662 5642 44 5598 4260 1338 4238 4204 1305 4152
internal_count=5772 110 77 54 5662 5642 44 5598 4260 1338 4238 4204 1305 4152
is_linear=0
shrinkage=0.05


Tree=211
num_leaves=15
num_cat=0
split_feature=1 1 0 0 2 0 1 2 1 1 1 1 1 0
split_gain=0.124638 1.0273 0.993959 0.534868 0.757906 1.19449 0.862202 0.437539 0.637754 0.39711 0.387839 1.97421 1.21073 1.08307
threshold=1604.5000000000002 1645.0000000000002 60.750000000000007 53.250000000000007 7.5000000000000009 57.250000000000007 1960.0000000000002 4.5000000000000009 2350.0000000000005 1960.0000000000002 1545.0000000000002 1524.0000000000002 1519.0000000000002 61.750000000000007
decision_type=2 2 2 2 2 2 2 2 2 2 2 2 2 2
left_child=10 -2 3 -3 7 6 -6 9 -9 -5 11 12 -1 -12
right_child=1 2 -4 4 5 -7 -8 8 -10 -11 13 -13 -14 -15
leaf_value=-6.6497078517652216e-05 -0.0080023873110555803 0.0060776195684938061 -0.0071991653102350993 0.0004674927473508313 -0.0018597919028252364 0.0024772332761333221 -0.015262236408722988 0.00079760836420713797 0.0073357994452391455 -0.004626785918442307 0.00087635536459549235 -0.015008225469765338 0.0094059903558124519 0.012183145425197753
leaf_weight=4301 44 38 47 91 21 36 28 413 41 66 568 22 34 22
leaf_count=4301 44 38 47 91 21 36 28 413 41 66 568 22 34 22
internal_value=6.53247e-09 -0.000568946 -0.00015016 0.000301207 -1.41722e-05 -0.00443786 -0.00951833 0.000601234 0.00138806 -0.00167405 9.48894e-05 -6.80242e-05 7.79694e-06 0.00129796
internal_weight=5772 825 781 734 696 85 49 611 454 157 4947 4357 4335 590
internal_count=5772 825 781 734 696 85 49 611 454 157 4947 4357 4335 590
is_linear=0
shrinkage=0.05


Tree=212
num_leaves=15
num_cat=0
split_feature=1 0 0 0 2 2 0 1 0 2 1 0 0 2
split_gain=0.122508 0.282584 0.283684 0.233836 0.193715 0.211645 0.208251 0.164787 0.983565 1.92568 0.487498 0.44732 0.42088 0.565068
threshold=942.50000000000011 69.750000000000014 66.250000000000014 64.250000000000014 4.5000000000000009 6.5000000000000009 57.250000000000007 1005.0000000000001 56.250000000000007 6.5000000000000009 1040.0000000000002 58.250000000000007 54.250000000000007 4.5000000000000009
decision_type=2 2 2 2 2 2 2 2 2 2 2 2 2 2
left_child=4 2 3 7 6 -6 -1 8 9 12 11 -9 -2 -14
right_child=1 -3 -4 -5 5 -7 -8 10 -10 -11 -12 -13 13 -15
leaf_value=-0.00093511943461793571 0.0045227460278184943 -0.0043221521996767136 0.0049109609114627046 -0.0040981177634367835 0.0017463066154638964 -0.0041210038672116677 -0.007821905533117908 -0.01080449455534108 0.0024778918978537383 -0.0099490810047697144 1.1466406116163857e-05 -0.00058017667059017265 -0.004083251991930107 0.0022406572476029395
leaf_weight=23 53 37 30 34 51 22 21 20 367 54 4895 23 66 76
leaf_count=23 53 37 30 34 51 22 21 20 367 54 4895 23 66 76
internal_value=6.21892e-09 3.31395e-05 6.18234e-05 3.57901e-05 -0.00160144 -2.19239e-05 -0.00422199 6.10967e-05 0.000832203 -0.00159337 -3.50964e-05 -0.00533567 0.000720517 -0.000698625
internal_weight=5772 5655 5618 5588 117 73 44 5554 616 249 4938 43 195 142
internal_count=5772 5655 5618 5588 117 73 44 5554 616 249 4938 43 195 142
is_linear=0
shrinkage=0.05


Tree=213
num_leaves=15
num_cat=0
split_feature=0 2 0 2 1 0 1 0 2 2 1 0 1 0
split_gain=0.119763 0.605921 0.467191 0.635153 1.92048 0.364612 0.293794 0.460933 0.483657 0.623746 0.405889 0.491197 0.519583 1.07139
threshold=58.750000000000007 3.5000000000000004 63.750000000000007 6.5000000000000009 1195.0000000000002 65.250000000000014 1002.0000000000001 61.750000000000007 6.5000000000000009 5.5000000000000009 1390.0000000000002 62.750000000000007 1747.0000000000002 60.750000000000007
decision_type=2 2 2 2 2 2 2 2 2 2 2 2 2 2
left_child=-1 -2 6 5 -5 -4 7 8 9 -3 -8 12 -12 -14
right_child=1 2 3 4 -6 -7 10 -9 -10 -11 11 -13 13 -15
leaf_value=0.00014147708021277421 -0.0079375899056545827 0.0034385964382243786 0.010285778400680887 0.008768761037262502 -0.0093381284270435579 0.0027523609471649655 -0.0017059466144792848 -0.0042198330689702307 0.0089848230592906482 -0.0041410032573989354 0.0011068089187822559 -0.0076325491553870962 -0.00027850688239859959 -0.011269549797806476
leaf_weight=4165 26 95 29 27 32 36 603 31 24 38 495 20 124 27
leaf_count=4165 26 95 29 27 32 36 603 31 24 38 495 20 124 27
internal_value=5.90765e-09 -0.000366657 -0.000242151 0.0027041 -0.00105192 0.00611342 -0.000492896 0.00135175 0.00245187 0.001273 -0.000766177 8.46948e-05 0.000323619 -0.00224379
internal_weight=5772 1607 1581 124 59 65 1457 188 157 133 1269 666 646 151
internal_count=5772 1607 1581 124 59 65 1457 188 157 133 1269 666 646 151
is_linear=0
shrinkage=0.05


Tree=214
num_leaves=15
num_cat=1
split_feature=3 0 0 1 0 1 1 0 0 1 0 0 0 2
split_gain=0.124225 0.766747 0.588512 0.51045 1.30001 0.726434 0.848443 0.922328 0.803421 0.378951 0.481366 0.364803 0.350793 0.93876
threshold=0 65.750000000000014 70.250000000000014 1685.0000000000002 62.250000000000007 1835.0000000000002 2008.0000000000002 56.250000000000007 56.750000000000007 1480.0000000000002 53.750000000000007 54.250000000000007 54.250000000000007 5.5000000000000009
decision_type=9 2 2 2 2 2 2 2 2 2 2 2 2 2
left_child=1 3 -2 4 9 8 7 -7 11 -1 -11 -5 -8 -14
right_child=2 -3 -4 5 -6 6 12 -9 -10 10 -12 -13 13 -15
leaf_value=-0.00037645668986353517 0.00013895732726884193 -0.0078530809023615086 0.0087406266061589126 -0.0075259023775848064 0.010973174001642124 -0.00045023604262886308 0.002115261871156029 0.012804255346279769 -0.014113392956230953 0.008625764302401381 0.00096851756083482293 0.00039330345550269796 -0.00095859192872673957 -0.013608334068124929
leaf_weight=1674 3464 33 20 26 27 35 22 21 23 22 306 33 44 22
leaf_count=1674 3464 33 20 26 27 35 22 21 23 22 306 33 44 22
internal_value=5.61561e-09 -0.000285521 0.000187796 -0.000176043 7.50224e-05 -0.00243008 -0.000290934 0.0045202 -0.00618662 -7.19557e-05 0.00148211 -0.00309652 -0.00335256 -0.00517517
internal_weight=5772 2288 3484 2255 2029 226 144 56 82 2002 328 59 88 66
internal_count=5772 2288 3484 2255 2029 226 144 56 82 2002 328 59 88 66
cat_boundaries=0 1
cat_threshold=18
is_linear=0
shrinkage=0.05


Tree=215
num_leaves=15
num_cat=0
split_feature=0 2 0 2 1 1 1 1 0 1 0 1 2 0
split_gain=0.122806 1.20795 0.357282 1.00627 0.978014 0.530466 0.156974 0.235395 0.302556 0.150905 0.099115 1.37731 0.169193 0.534336
threshold=62.250000000000007 4.5000000000000009 66.750000000000014 7.5000000000000009 1082.5000000000002 1452.0000000000002 2450.0000000000005 2350.0000000000005 55.750000000000007 880.00000000000011 61.750000000000007 1290.0000000000002 8.5000000000000018 56.750000000000007
decision_type=2 2 2 2 2 2 2 2 2 2 2 2 2 2
left_child=6 -2 3 5 -4 -3 7 9 -9 -1 12 -12 -11 -14
right_child=1 2 4 -5 -6 -7 -8 8 -10 10 11 -13 13 -15
leaf_value=-0.002965570227725704 -0.01226940763775598 0.0013806439918323211 0.0041141319462829938 0.009873576747285652 -0.0084230424051306083 -0.007813941971177147 0.0044650488859042528 0.0001697201461259586 -0.0081570865213870993 7.4354396498698979e-06 -0.0043921378520982608 0.010800394530479726 -0.0012591952733782821 0.0044843885739527011
leaf_weight=41 22 62 28 29 35 21 20 24 20 5247 35 26 80 82
leaf_count=41 22 62 28 29 35 21 20 24 20 5247 35 26 80 82
internal_value=5.31731e-09 -0.00122689 0.000161315 0.00185572 -0.00285096 -0.000945697 4.33592e-05 2.74395e-05 -0.00361519 5.65224e-05 7.91743e-05 0.00208337 5.6572e-05 0.00164805
internal_weight=5772 197 175 112 63 83 5575 5555 44 5511 5470 61 5409 162
internal_count=5772 197 175 112 63 83 5575 5555 44 5511 5470 61 5409 162
is_linear=0
shrinkage=0.05


Tree=216
num_leaves=15
num_cat=0
split_feature=2 0 0 2 0 2 0 2 1 0 2 0 1 1
split_gain=0.117094 0.178318 0.941451 0.787374 1.6086 0.264426 0.144821 0.676241 1.79891 0.774004 0.480115 1.08171 1.46153 0.850673
threshold=10.500000000000002 66.250000000000014 64.250000000000014 7.5000000000000009 70.250000000000014 9.5000000000000018 57.750000000000007 3.5000000000000004 1390.0000000000002 58.250000000000007 5.5000000000000009 57.250000000000007 1185.5000000000002 1195.0000000000002
decision_type=2 2 2 2 2 2 2 2 2 2 2 2 2 2
left_child=1 2 5 4 -3 6 10 8 9 -8 -1 13 -13 -12
right_child=-2 3 -4 -5 -6 -7 7 -9 -10 -11 11 12 -14 -15
leaf_value=-0.00022749561400281439 -0.0035604644404805224 -0.0087947323269742944 -0.0077584351575634902 0.010622705514764503 0.0095117046409064834 0.004308363361310007 0.0040293676662258807 -0.00044701200369000858 -0.0071445346566509794 0.017013215663080866 -0.0020985880209344154 0.016146418409278759 0.002500722869517631 0.0012984883316849165
leaf_weight=2133 23 28 39 21 21 36 24 2220 22 22 236 26 80 841
leaf_count=2133 23 28 39 21 21 36 24 2220 22 22 236 26 80 841
internal_value=5.05394e-09 1.42494e-05 -1.66667e-05 0.00252243 -0.000949116 3.68668e-05 9.42677e-06 -0.000296569 0.00461494 0.010239 0.00022056 0.00102842 0.00584778 0.000554096
internal_weight=5772 5749 5679 70 49 5640 5604 2288 68 46 3316 1183 106 1077
internal_count=5772 5749 5679 70 49 5640 5604 2288 68 46 3316 1183 106 1077
is_linear=0
shrinkage=0.05


Tree=217
num_leaves=15
num_cat=1
split_feature=0 0 0 1 1 0 1 0 0 2 2 1 1 3
split_gain=0.124862 0.428294 0.988189 0.156666 0.214068 0.271251 0.10697 0.728326 0.689209 0.559514 0.537094 0.422227 0.717108 0.741003
threshold=71.500000000000014 67.750000000000014 65.250000000000014 2450.0000000000005 2350.0000000000005 55.750000000000007 1835.0000000000002 60.250000000000007 59.750000000000007 8.5000000000000018 6.5000000000000009 1604.5000000000002 1645.0000000000002 0
decision_type=2 2 2 2 2 2 2 2 2 2 2 2 2 9
left_child=1 2 3 4 6 -6 11 8 9 10 -8 -1 -13 -14
right_child=-2 -3 -4 -5 5 -7 7 -9 -10 -11 -12 12 13 -15
leaf_value=9.850558201584953e-05 -0.0038484350911208564 0.0053761997095755978 -0.010145091622446974 0.0042332271918315784 0.00011547237275711571 -0.0077687957510352143 0.0013119437696141644 0.0096731459891254267 -0.0084880920969659379 0.0083756211239075212 -0.0039148454114481743 -0.0076407381836113277 0.00099967468695217362 -0.0037643354868647076
leaf_weight=4870 21 37 24 22 24 20 253 22 21 23 61 44 208 122
leaf_count=4870 21 37 24 22 24 20 253 22 21 23 61 44 208 122
internal_value=4.8064e-09 1.40575e-05 -2.06641e-05 2.204e-05 5.69455e-06 -0.00346829 3.28736e-05 0.000842934 0.000300295 0.000847939 0.000296548 -2.58264e-05 -0.0016448 -0.000845343
internal_weight=5772 5751 5714 5690 5668 44 5624 380 358 337 314 5244 374 330
internal_count=5772 5751 5714 5690 5668 44 5624 380 358 337 314 5244 374 330
cat_boundaries=0 1
cat_threshold=4
is_linear=0
shrinkage=0.05


Tree=218
num_leaves=15
num_cat=0
split_feature=0 0 0 1 1 0 1 0 0 2 1 1 0 1
split_gain=0.112674 0.386571 0.891796 0.141408 0.194699 0.49728 0.131879 0.767096 0.698644 0.61019 0.382762 0.64635 0.706354 0.383159
threshold=71.500000000000014 67.750000000000014 65.250000000000014 2450.0000000000005 2219.0000000000005 57.250000000000007 1835.0000000000002 60.250000000000007 59.750000000000007 8.5000000000000018 1604.5000000000002 1645.0000000000002 60.250000000000007 1747.0000000000002
decision_type=2 2 2 2 2 2 2 2 2 2 2 2 2 2
left_child=1 2 3 4 6 -6 10 8 9 -8 -1 -12 13 -13
right_child=-2 -3 -4 -5 5 -7 7 -9 -10 -11 11 12 -14 -15
leaf_value=9.3580294827508959e-05 -0.0036560142324084327 0.0051073898542420689 -0.0096378366152445483 0.0040215650763870637 -0.0056815433343771204 0.0030793996816501023 0.00038945098511822051 0.010241217485495977 -0.0086718044523149736 0.0094170761923305698 -0.0072587010466536005 0.0024428580850196471 -0.008717226235267635 -0.0013550949745214753
leaf_weight=4870 21 37 24 22 46 25 292 21 20 20 44 98 26 206
leaf_count=4870 21 37 24 22 46 25 292 21 20 20 44 98 26 206
internal_value=-2.34927e-07 1.31143e-05 -1.98728e-05 2.06951e-05 5.16594e-06 -0.0025967 3.81716e-05 0.000973628 0.000387425 0.000968145 -2.47987e-05 -0.00156626 -0.000807265 -0.000130755
internal_weight=5772 5751 5714 5690 5668 71 5597 353 332 312 5244 374 330 304
internal_count=5772 5751 5714 5690 5668 71 5597 353 332 312 5244 374 330 304
is_linear=0
shrinkage=0.05


Tree=219
num_leaves=15
num_cat=0
split_feature=2 0 0 2 0 2 0 2 1 0 2 0 1 1
split_gain=0.110555 0.161607 0.788943 0.716076 1.46353 0.228835 0.135518 0.606618 1.63028 0.698538 0.433468 0.978858 1.31412 0.853591
threshold=10.500000000000002 66.250000000000014 64.250000000000014 7.5000000000000009 70.250000000000014 9.5000000000000018 57.750000000000007 3.5000000000000004 1390.0000000000002 58.250000000000007 5.5000000000000009 57.250000000000007 1185.5000000000002 1595.0000000000002
decision_type=2 2 2 2 2 2 2 2 2 2 2 2 2 2
left_child=1 2 5 4 -3 6 10 8 9 -8 -1 -12 -13 -14
right_child=-2 3 -4 -5 -6 -7 7 -9 -10 -11 11 12 13 -15
leaf_value=-0.00021382853336771577 -0.0034598377302957131 -0.0083927489567681077 -0.0071028438498242155 0.010126209937568222 0.0090687130485007181 0.0040068398195823342 0.0038182950947278495 -0.00043082768863789649 -0.006831282177484934 0.016152950596402992 0.00052830780618312524 0.015329493596576727 -0.00069104663206864217 0.011047225598511953
leaf_weight=2133 23 28 39 21 21 36 24 2220 22 22 1077 26 59 21
leaf_count=2133 23 28 39 21 21 36 24 2220 22 22 1077 26 59 21
internal_value=-2.23172e-07 1.36177e-05 -1.58141e-05 0.00240138 -0.000909265 3.3192e-05 7.66531e-06 -0.00028834 0.00436347 0.00971748 0.000211905 0.000979522 0.00556403 0.00239025
internal_weight=5772 5749 5679 70 49 5640 5604 2288 68 46 3316 1183 106 80
internal_count=5772 5749 5679 70 49 5640 5604 2288 68 46 3316 1183 106 80
is_linear=0
shrinkage=0.05


Tree=220
num_leaves=15
num_cat=0
split_feature=0 0 0 1 1 0 0 1 2 0 0 2 0 0
split_gain=0.131312 0.345841 0.766618 0.10334 0.180629 0.267646 0.0896339 0.483309 1.43065 0.708695 1.43219 0.676277 0.524414 0.41897
threshold=71.500000000000014 67.750000000000014 65.750000000000014 2450.0000000000005 2350.0000000000005 55.750000000000007 58.750000000000007 1057.5000000000002 5.5000000000000009 61.250000000000007 60.250000000000007 4.5000000000000009 63.750000000000007 61.750000000000007
decision_type=2 2 2 2 2 2 2 2 2 2 2 2 2 2
left_child=1 2 3 4 6 -6 -1 8 9 10 -8 13 -13 -9
right_child=-2 -3 -4 -5 5 -7 7 11 -10 -11 -12 12 -14 -15
leaf_value=0.00014956493555156564 -0.0039467917311759226 0.0048326290879599949 -0.0097889918828150263 0.0033620562080455864 0.00037248249912712108 -0.0074592178314924242 0.0072933778614748881 -0.0020696170941433101 -0.0025469955963204468 0.013648448884487152 -0.0051091115131522667 -0.0001503405526067865 0.0071943779010325672 -0.0093396279606081187
leaf_weight=4117 21 37 20 23 24 20 79 352 107 21 33 872 25 21
leaf_count=4117 21 37 20 23 24 20 79 352 107 21 33 872 25 21
internal_value=-2.12003e-07 1.41991e-05 -1.70018e-05 1.7322e-05 3.75669e-06 -0.00318738 2.87096e-05 -0.000300801 0.00175694 0.0052195 0.00363907 -0.000689665 5.43617e-05 -0.00247892
internal_weight=5772 5751 5714 5694 5671 44 5627 1510 240 133 112 1270 897 373
internal_count=5772 5751 5714 5694 5671 44 5627 1510 240 133 112 1270 897 373
is_linear=0
shrinkage=0.05


Tree=221
num_leaves=15
num_cat=0
split_feature=0 0 0 1 1 1 2 0 1 1 0 1 0 2
split_gain=0.118509 0.333458 0.712771 0.289517 0.106847 0.16581 0.484833 0.152493 0.125993 1.78871 1.29423 1.08759 0.78176 0.564348
threshold=71.500000000000014 66.250000000000014 64.250000000000014 1082.5000000000002 2450.0000000000005 2219.0000000000005 6.5000000000000009 56.750000000000007 1545.0000000000002 1524.0000000000002 61.750000000000007 1519.0000000000002 52.750000000000007 6.5000000000000009
decision_type=2 2 2 2 2 2 2 2 2 2 2 2 2 2
left_child=1 2 4 -3 5 8 7 -7 9 11 13 12 -1 -10
right_child=-2 3 -4 -5 -6 6 -8 -9 10 -11 -12 -13 -14 -15
leaf_value=0.0060043755488900039 -0.0037494522918547902 -0.00058086082804948097 -0.0067584774150208637 0.0071854855073615921 0.0036723425704985862 -0.0018686358373647986 -0.0079943376872688536 0.0039386447914876044 0.00078859781476517106 -0.014310143265703863 0.01024703381187988 0.0088904679314616847 -0.00016452584366014749 -0.0017169577202598063
leaf_weight=52 21 20 39 30 20 26 25 20 987 22 33 34 4152 291
leaf_count=52 21 20 39 30 20 26 25 20 987 22 33 34 4152 291
internal_value=-2.01412e-07 1.34891e-05 -2.21665e-05 0.00407895 2.42333e-05 1.13014e-05 -0.00238972 0.000656269 4.19014e-05 -9.00073e-05 0.000470529 -1.61887e-05 -8.82216e-05 0.000218084
internal_weight=5772 5751 5701 50 5662 5642 71 46 5571 4260 1311 4238 4204 1278
internal_count=5772 5751 5701 50 5662 5642 71 46 5571 4260 1311 4238 4204 1278
is_linear=0
shrinkage=0.05


Tree=222
num_leaves=15
num_cat=1
split_feature=3 2 0 0 2 0 1 0 0 2 1 1 1 2
split_gain=0.111795 0.80124 0.692947 0.981413 0.489333 1.18626 0.910754 0.485758 0.377647 0.644527 0.711133 0.361141 0.921237 0.584628
threshold=0 8.5000000000000018 67.750000000000014 63.750000000000007 7.5000000000000009 61.750000000000007 1545.0000000000002 66.250000000000014 62.250000000000007 7.5000000000000009 1452.0000000000002 1195.0000000000002 1101.5000000000002 6.5000000000000009
decision_type=9 2 2 2 2 2 2 2 2 2 2 2 2 2
left_child=1 2 3 4 5 11 -6 8 -2 10 -10 12 13 -1
right_child=7 -3 -4 -5 6 -7 -8 -9 9 -11 -12 -13 -14 -15
leaf_value=-0.00098266715760387115 0.00020177216651944625 -0.0093599833460757519 0.0082749403023626659 -0.010774965448813005 0.00016631572403841548 -0.011585688328815867 0.012989797890186311 0.005588720148701147 0.0029533765427371926 -0.0098898939546197655 -0.007938676429065792 0.00023746255577026152 -0.006515714806240188 0.0051014121838433802
leaf_weight=483 3349 24 24 22 45 23 20 41 47 25 22 1532 72 43
leaf_count=483 3349 24 24 22 45 23 20 41 47 25 22 1532 72 43
internal_value=-1.91321e-07 -0.000271056 -0.000175904 -0.000266449 -0.000162217 -0.000291257 0.004112 0.000177957 0.000114042 -0.00301159 -0.000519452 -0.000169299 -0.00121137 -0.000485299
internal_weight=5772 2288 2264 2240 2218 2153 65 3484 3443 94 69 2130 598 526
internal_count=5772 2288 2264 2240 2218 2153 65 3484 3443 94 69 2130 598 526
cat_boundaries=0 1
cat_threshold=18
is_linear=0
shrinkage=0.05


Tree=223
num_leaves=15
num_cat=1
split_feature=0 0 0 1 1 1 0 0 2 1 1 0 3 0
split_gain=0.124575 0.26327 0.585552 0.268471 0.095429 0.0939428 0.498751 0.771718 2.34023 0.485123 0.438121 0.407081 0.384632 1.22016
threshold=71.500000000000014 66.250000000000014 64.250000000000014 1082.5000000000002 880.00000000000011 1005.0000000000001 53.250000000000007 56.250000000000007 6.5000000000000009 942.50000000000011 1040.0000000000002 58.250000000000007 0 57.750000000000007
decision_type=2 2 2 2 2 2 2 2 2 2 2 2 9 2
left_child=1 2 4 -3 -1 6 -6 8 -8 -9 11 -7 13 -11
right_child=-2 3 -4 -5 5 10 7 9 -10 12 -12 -13 -14 -15
leaf_value=-0.0022691262878813882 -0.0038441977064524384 -0.00086103781301062566 -0.0061234501814350292 0.0066176914276244742 0.0075250308159738781 -0.010275242464849725 0.00065561114647060014 -0.0033113918113733898 -0.011308604729129002 0.0061516914921610254 1.0919096642555165e-05 -0.00052162530305592915 0.0032972253570260931 -0.0042453882118610488
leaf_weight=45 21 20 39 30 25 20 191 44 52 46 4895 23 248 73
leaf_count=45 21 20 39 30 25 20 191 44 52 46 4895 23 248 73
internal_value=-1.8178e-07 1.38548e-05 -1.78269e-05 0.0036262 2.42288e-05 4.26018e-05 0.000594032 0.000329085 -0.00190463 0.00164975 -3.32226e-05 -0.00505819 0.00224455 -0.000208803
internal_weight=5772 5751 5701 50 5662 5617 679 654 243 411 4938 43 367 119
internal_count=5772 5751 5701 50 5662 5617 679 654 243 411 4938 43 367 119
cat_boundaries=0 1
cat_threshold=16
is_linear=0
shrinkage=0.05


Tree=224
num_leaves=15
num_cat=0
split_feature=0 0 0 1 1 1 0 1 1 0 1 0 2 1
split_gain=0.112447 0.237561 0.528514 0.242295 0.0940329 0.151772 0.255408 0.095346 1.61787 1.24035 0.981442 0.695562 0.60178 0.802892
threshold=71.500000000000014 66.250000000000014 64.250000000000014 1082.5000000000002 2450.0000000000005 2350.0000000000005 55.750000000000007 1545.0000000000002 1524.0000000000002 61.750000000000007 1519.0000000000002 52.750000000000007 6.5000000000000009 1632.5000000000002
decision_type=2 2 2 2 2 2 2 2 2 2 2 2 2 2
left_child=1 2 4 -3 5 7 -7 8 10 12 11 -1 -9 -14
right_child=-2 3 -4 -5 -6 6 -8 9 -10 -11 -12 -13 13 -15
leaf_value=0.0056672010673747327 -0.0036519880628301986 -0.00081798559156595727 -0.0058172779217457934 0.0062868071611349788 0.0034456743502232715 0.00056360527717818818 -0.007086946405470371 0.00074817775683447372 -0.01360551345331425 0.0099756693072391295 0.0084495727191953099 -0.00015167449067157669 -0.0047825132153726142 0.00043571142663875983
leaf_weight=52 21 20 39 30 20 24 20 1004 22 33 34 4152 129 172
leaf_count=52 21 20 39 30 20 24 20 1004 22 33 34 4152 129 172
internal_value=1.12935e-07 1.34487e-05 -1.66464e-05 0.00344489 2.33085e-05 1.11768e-05 -0.00291392 3.41679e-05 -8.14774e-05 0.000402366 -1.12724e-05 -7.96998e-05 0.000160282 -0.00180067
internal_weight=5772 5751 5701 50 5662 5642 44 5598 4260 1338 4238 4204 1305 301
internal_count=5772 5751 5701 50 5662 5642 44 5598 4260 1338 4238 4204 1305 301
is_linear=0
shrinkage=0.05


Tree=225
num_leaves=15
num_cat=0
split_feature=0 0 0 1 2 0 1 0 0 2 2 1 1 1
split_gain=0.101483 0.220014 0.725381 0.0860616 0.823882 0.763656 0.449884 0.863767 0.757598 0.865454 3.18705 0.638531 0.421943 0.39127
threshold=71.500000000000014 67.750000000000014 65.750000000000014 1604.5000000000002 4.5000000000000009 59.250000000000007 1835.0000000000002 60.250000000000007 53.750000000000007 7.5000000000000009 8.5000000000000018 2350.0000000000005 1663.0000000000002 1960.0000000000002
decision_type=2 2 2 2 2 2 2 2 2 2 2 2 2 2
left_child=1 2 3 -1 5 12 -6 8 -8 11 -11 -10 -5 -14
right_child=-2 -3 -4 4 6 -7 7 -9 9 10 -12 -13 13 -15
leaf_value=0.00010106659091360171 -0.0034693888344225435 0.0038559719352879505 -0.0095176465949043648 -0.0085824419346119448 -0.0011540796713800066 -0.011723285043990473 0.0098703405015509241 0.010704303315530222 0.00043886266491016316 -0.016878820588041483 0.0069925549500449401 0.007292444641934708 0.0011668417589514976 -0.0042412117942525395
leaf_weight=4873 21 37 20 22 270 24 22 24 226 29 27 40 79 58
leaf_count=4873 21 37 20 22 270 24 22 24 226 29 27 40 79 58
internal_value=1.07278e-07 1.27763e-05 -1.21097e-05 2.12782e-05 -0.000452301 -0.00340974 0.000395992 0.00153327 0.000893434 0.000280105 -0.00536941 0.00146948 -0.00215486 -0.0011227
internal_weight=5772 5751 5714 5694 821 183 638 368 344 322 56 266 159 137
internal_count=5772 5751 5714 5694 821 183 638 368 344 322 56 266 159 137
is_linear=0
shrinkage=0.05


Tree=226
num_leaves=15
num_cat=1
split_feature=3 0 1 0 1 1 0 0 0 0 1 1 0 2
split_gain=0.102131 0.74063 0.471163 1.43112 0.571914 0.773403 0.85616 0.691476 0.455828 0.336611 0.319063 0.444629 1.12998 0.662747
threshold=0 65.750000000000014 1685.0000000000002 62.250000000000007 1835.0000000000002 2008.0000000000002 56.250000000000007 56.750000000000007 70.250000000000014 54.250000000000007 1480.0000000000002 1580.0000000000002 55.750000000000007 4.5000000000000009
decision_type=9 2 2 2 2 2 2 2 2 2 2 2 2 2
left_child=1 2 3 10 7 6 -6 9 -2 -4 -1 12 -12 -13
right_child=8 -3 4 -5 5 -7 -8 -9 -10 -11 11 13 -14 -15
leaf_value=-0.00034350527023986008 0.0001274073714869871 -0.0076962583860608214 -0.0070378548635814629 0.011524623206437186 -0.00061398282979748084 -0.0033417107689522464 0.012156219880229661 -0.013003643270096052 0.007697577150538564 0.00056920168131138348 0.0095048417311627414 0.0033732799530615297 -0.00067267854094097855 -0.0022356783482065613
leaf_weight=1674 3464 33 26 27 35 88 21 23 20 33 50 89 60 129
leaf_count=1674 3464 33 26 27 35 88 21 23 20 33 50 89 60 129
internal_value=1.01913e-07 -0.000258791 -0.000151098 9.01123e-05 -0.00231665 -0.000418606 0.00417484 -0.00564981 0.000170375 -0.00278306 -6.40994e-05 0.00136189 0.00395347 5.42175e-05
internal_weight=5772 2288 2255 2029 226 144 56 82 3484 59 2002 328 110 218
internal_count=5772 2288 2255 2029 226 144 56 82 3484 59 2002 328 110 218
cat_boundaries=0 1
cat_threshold=18
is_linear=0
shrinkage=0.05


Tree=227
num_leaves=15
num_cat=1
split_feature=3 1 1 0 0 0 0 0 0 2 1 0 1 2
split_gain=0.103201 0.501056 0.331529 0.394555 0.50834 0.489091 0.291718 0.200202 0.189053 0.661943 0.697581 0.970531 0.162996 0.631409
threshold=0 1390.0000000000002 810.00000000000011 69.750000000000014 64.750000000000014 66.750000000000014 55.250000000000007 54.250000000000007 62.250000000000007 5.5000000000000009 1452.0000000000002 63.250000000000007 1195.0000000000002 3.5000000000000004
decision_type=9 2 2 2 2 2 2 2 2 2 2 2 2 2
left_child=1 7 -2 4 8 -6 -3 -1 12 -10 11 -11 13 -4
right_child=2 6 3 -5 5 -7 -8 -9 9 10 -12 -13 -14 -15
leaf_value=0.0038012771045840862 0.0057914588563144215 -0.0014602512764256626 0.003770590253477266 -0.0051253090788786482 0.00899413274150462 -0.00030483254768814033 -0.0075491619585837059 -0.00037041070269650168 -0.0089986331725063241 -0.009338640063427963 0.008216374032199384 0.0053118419469683435 0.00020114547929188395 -0.0007390759136294752
leaf_weight=36 25 42 83 37 31 26 37 143 26 26 20 20 4023 1197
leaf_count=36 25 42 83 37 31 26 37 143 26 26 20 20 4023 1197
internal_value=9.6813e-08 -0.000958106 4.65842e-05 2.05037e-05 5.54257e-05 0.0047525 -0.00431202 0.000468588 5.79956e-06 -0.00224136 0.000420601 -0.00296887 4.47847e-05 -0.000446652
internal_weight=5772 258 5514 5489 5452 57 79 179 5395 92 66 46 5303 1280
internal_count=5772 258 5514 5489 5452 57 79 179 5395 92 66 46 5303 1280
cat_boundaries=0 1
cat_threshold=2
is_linear=0
shrinkage=0.05


Tree=228
num_leaves=15
num_cat=0
split_feature=2 1 0 1 1 0 0 2 0 1 0 0 0 1
split_gain=0.101853 1.00529 0.719926 0.474019 0.830992 0.374453 0.792811 1.4803 0.348318 0.299504 0.528222 0.881668 0.778335 0.470204
threshold=3.5000000000000004 1207.0000000000002 55.250000000000007 1457.0000000000002 1645.0000000000002 63.750000000000007 66.750000000000014 6.5000000000000009 55.750000000000007 1201.5000000000002 62.250000000000007 61.750000000000007 61.250000000000007 1405.0000000000002
decision_type=2 2 2 2 2 2 2 2 2 2 2 2 2 2
left_child=1 2 -1 -3 8 9 -7 -8 -5 -2 11 12 13 -11
right_child=5 3 -4 4 -6 6 7 -9 -10 10 -12 -13 -14 -15
leaf_value=0.0045642759450210835 -0.00044110684566608558 -0.0052563525724881252 -0.00065341257666691206 0.0068145919192050186 -0.0066867292368490445 0.0070454385049303937 0.0069892974074689616 -0.0080145304324105385 -0.00035136103695041914 0.0011568965169347497 -0.0056059771771165175 0.0093992842775252137 -0.007432694673480001 -0.00014423749698907711
leaf_weight=107 2200 122 173 28 38 58 31 35 43 1208 37 27 32 1633
leaf_count=107 2200 122 173 28 38 58 31 35 43 1208 37 27 32 1633
internal_value=9.19876e-08 -0.000673843 0.00134049 -0.00311546 -0.000719226 6.55511e-05 0.00278061 -0.000967278 0.00247465 1.35078e-08 0.000330441 0.000406181 0.000321665 0.000409008
internal_weight=5772 511 280 231 109 5261 124 66 71 5137 2937 2900 2873 2841
internal_count=5772 511 280 231 109 5261 124 66 71 5137 2937 2900 2873 2841
is_linear=0
shrinkage=0.05


Tree=229
num_leaves=15
num_cat=1
split_feature=3 1 1 0 0 1 1 0 0 0 2 1 0 0
split_gain=0.0993595 0.424251 0.291751 0.345318 0.526528 0.756388 0.270903 0.547498 0.17108 0.164692 0.59652 0.654755 0.84246 0.151212
threshold=0 1390.0000000000002 810.00000000000011 68.250000000000014 64.750000000000014 1390.0000000000002 1423.5000000000002 55.250000000000007 54.250000000000007 62.250000000000007 5.5000000000000009 1452.0000000000002 63.250000000000007 52.250000000000007
decision_type=9 2 2 2 2 2 2 2 2 2 2 2 2 2
left_child=1 8 -2 4 9 -6 -3 -8 -1 13 -11 12 -12 -4
right_child=2 6 3 -5 5 -7 7 -9 -10 10 11 -13 -14 -15
leaf_value=0.003451198365332352 0.0054349256879650063 -0.0088945059283148682 -0.0022468940453262815 -0.0044418703937946363 0.010207563573106503 -0.0021649247434522424 0.0035152982348032914 -0.006348180064164541 -0.00040515771341653403 -0.0085033643265398067 -0.0087801258724469408 0.0079909691959619538 0.0048695335199590781 7.6167515696233361e-05
leaf_weight=36 25 21 71 43 30 21 24 34 143 26 26 20 20 5232
leaf_count=36 25 21 71 43 30 21 24 34 143 26 26 20 20 5232
internal_value=8.74006e-08 -0.000940112 4.57014e-05 2.12391e-05 5.64785e-05 0.00511301 -0.00402855 -0.00226674 0.000370422 8.67809e-06 -0.0020887 0.000438285 -0.00284549 4.50649e-05
internal_weight=5772 258 5514 5489 5446 51 79 58 179 5395 92 66 46 5303
internal_count=5772 258 5514 5489 5446 51 79 58 179 5395 92 66 46 5303
cat_boundaries=0 1
cat_threshold=2
is_linear=0
shrinkage=0.05


Tree=230
num_leaves=15
num_cat=1
split_feature=1 2 0 0 0 1 0 2 1 1 0 2 2 3
split_gain=0.101552 0.410336 0.311507 0.437301 0.169359 0.0924135 0.444167 1.307 0.438229 0.38737 0.373998 0.340129 0.658822 0.337323
threshold=880.00000000000011 4.5000000000000009 68.250000000000014 66.250000000000014 64.250000000000014 1005.0000000000001 56.250000000000007 6.5000000000000009 942.50000000000011 1040.0000000000002 58.250000000000007 4.5000000000000009 3.5000000000000004 0
decision_type=2 2 2 2 2 2 2 2 2 2 2 2 2 9
left_child=1 -1 3 4 5 6 7 11 -8 10 -7 12 -2 -10
right_child=2 -3 -4 -5 -6 9 8 -9 13 -11 -12 -13 -14 -15
leaf_value=-0.0067949270348763094 0.0017421521636987885 0.0021766435775834206 -0.0042197771500362908 0.0066502895862795416 -0.0033956900756392213 -0.0097560281306505216 -0.0030909682561204221 -0.007563854943392641 -0.00012083859291187553 1.1022726518192483e-05 -0.00040714318823555242 0.0027223458810322052 -0.0069185720201965202 0.0031751061370054825
leaf_weight=25 62 26 43 25 36 20 44 59 119 4895 23 113 34 248
leaf_count=25 62 26 43 25 36 20 44 59 119 4895 23 113 34 248
internal_value=8.3014e-08 -0.00222119 1.98846e-05 5.19919e-05 2.28114e-05 4.4721e-05 0.000591644 -0.000992016 0.0016243 -3.04837e-05 -0.00475546 0.000863192 -0.00132519 0.00218962
internal_weight=5772 51 5721 5678 5653 5617 679 268 411 4938 43 209 96 367
internal_count=5772 51 5721 5678 5653 5617 679 268 411 4938 43 209 96 367
cat_boundaries=0 1
cat_threshold=16
is_linear=0
shrinkage=0.05


Tree=231
num_leaves=15
num_cat=0
split_feature=2 0 2 0 0 2 1 2 1 2 1 0 0 1
split_gain=0.0972008 0.118657 0.754142 1.53959 0.600193 0.225275 0.126797 0.831118 0.768725 0.515535 0.316403 0.419415 0.314583 0.252604
threshold=10.500000000000002 66.250000000000014 7.5000000000000009 70.250000000000014 64.250000000000014 9.5000000000000018 2008.0000000000002 7.5000000000000009 2075.0000000000005 4.5000000000000009 2260.0000000000005 58.250000000000007 56.750000000000007 1545.0000000000002
decision_type=2 2 2 2 2 2 2 2 2 2 2 2 2 2
left_child=1 4 3 -3 5 6 13 8 -8 -10 11 -11 -12 -1
right_child=-2 2 -4 -5 -6 -7 7 -9 9 10 12 -13 -14 -15
leaf_value=-0.00011947743575367232 -0.0032436047204891629 -0.0090136512482006641 0.0099868185973415787 0.008895802382557166 -0.006193295371933626 0.0039734620849938241 -0.0074704037824024757 -0.0087569302023057984 -0.0047803390107395496 0.0023474879939818665 0.0023691197761389264 -0.0051472861940662067 0.010152523326022286 0.00072474331776428735
leaf_weight=4228 23 28 21 21 39 36 30 31 31 84 34 24 21 1121
leaf_count=4228 23 28 21 21 39 36 30 31 31 84 34 24 21 1121
internal_value=3.43451e-07 1.33215e-05 0.00205933 -0.00133817 -1.18978e-05 3.08459e-05 5.51863e-06 -0.00108377 -2.18546e-05 0.00112998 0.00225403 0.000681983 0.00534096 5.74475e-05
internal_weight=5772 5749 70 49 5679 5640 5604 255 224 194 163 108 55 5349
internal_count=5772 5749 70 49 5679 5640 5604 255 224 194 163 108 55 5349
is_linear=0
shrinkage=0.05


Tree=232
num_leaves=15
num_cat=0
split_feature=1 0 2 2 0 1 0 0 1 0 0 1 2 1
split_gain=0.105837 0.535758 0.965901 0.164468 0.750099 1.92261 0.861156 1.45769 3.48346 0.610144 1.47866 0.581385 0.507721 0.628941
threshold=2219.0000000000005 56.250000000000007 6.5000000000000009 7.5000000000000009 54.750000000000007 1533.0000000000002 59.250000000000007 60.750000000000007 1207.0000000000002 70.250000000000014 65.750000000000014 1519.0000000000002 9.5000000000000018 1878.0000000000002
decision_type=2 2 2 2 2 2 2 2 2 2 2 2 2 2
left_child=3 -2 -3 9 5 -5 12 11 -9 10 -1 -8 13 -6
right_child=1 2 -4 4 6 -7 7 8 -10 -11 -12 -13 -14 -15
leaf_value=-2.2155716326532498e-05 0.0025522656568196106 0.00011117140496415751 -0.013663100845878946 0.0025831649575303213 0.0034243864792825604 -0.013787812595095102 -0.0035605264642245382 -0.0078545573051087558 0.013038582829315038 0.0084510126461585355 -0.010803657406358981 -0.013594108436849307 0.0091135855090696549 -0.0052767965254252374
leaf_weight=5130 43 35 20 47 214 29 42 38 42 21 32 22 34 23
leaf_count=5130 43 35 20 47 214 29 42 38 42 21 32 22 34 23
internal_value=3.26247e-07 -0.00162881 -0.00489765 2.84643e-05 0.000903078 -0.00366366 0.0017394 -0.00138517 0.00311434 -5.43902e-05 -8.89918e-05 -0.00700957 0.00339968 0.00257997
internal_weight=5772 98 55 5674 491 76 415 144 80 5183 5162 64 271 237
internal_count=5772 98 55 5674 491 76 415 144 80 5183 5162 64 271 237
is_linear=0
shrinkage=0.05


Tree=233
num_leaves=15
num_cat=0
split_feature=2 0 0 0 1 0 2 0 2 1 1 1 1 0
split_gain=0.120623 0.665421 0.525687 0.512276 0.316924 0.181325 0.143105 0.117059 0.541071 2.05897 0.379614 0.72845 1.64605 1.15843
threshold=9.5000000000000018 66.250000000000014 58.250000000000007 64.250000000000014 1457.0000000000002 68.250000000000014 6.5000000000000009 57.250000000000007 3.5000000000000004 1082.5000000000002 1390.0000000000002 1405.0000000000002 1519.0000000000002 61.750000000000007
decision_type=2 2 2 2 2 2 2 2 2 2 2 2 2 2
left_child=1 3 4 7 -2 -3 -7 -1 9 -9 -10 -12 -13 -14
right_child=2 5 -4 -5 -6 6 -8 8 10 -11 11 12 13 -15
leaf_value=0.00022172974301168369 0.0053918195198223535 0.0083491369001567374 -0.0086263184280445174 -0.0057453129565916382 -0.0034027585573494432 0.0060319175291806458 0.00018811378289352763 0.016476312202259737 -0.00090841541653895988 -0.00093037299355133794 0.0021005891545945289 -0.0053919307413000045 2.2136938918087745e-05 0.0095212526838569095
leaf_weight=2951 21 25 21 39 20 20 22 23 1434 65 380 144 573 34
leaf_count=2951 21 25 21 39 20 20 22 23 1434 65 380 144 573 34
internal_value=3.0995e-07 2.41276e-05 -0.00219322 -3.46866e-05 0.00110178 0.00497769 0.00297088 5.05543e-06 -0.000235957 0.0036191 -0.000368216 0.000316705 -0.000585927 0.000554213
internal_weight=5772 5710 62 5643 41 67 42 5604 2653 88 2565 1131 751 607
internal_count=5772 5710 62 5643 41 67 42 5604 2653 88 2565 1131 751 607
is_linear=0
shrinkage=0.05


Tree=234
num_leaves=15
num_cat=0
split_feature=2 0 0 0 1 1 0 0 1 2 1 1 1 0
split_gain=0.108862 0.600542 0.474433 0.464289 0.286024 0.164795 0.312336 0.110788 0.444609 2.01457 0.793686 1.46428 0.487122 0.885199
threshold=9.5000000000000018 66.250000000000014 58.250000000000007 64.750000000000014 1457.0000000000002 1390.0000000000002 69.750000000000014 57.250000000000007 1057.5000000000002 3.5000000000000004 1021.0000000000001 1002.0000000000001 1162.5000000000002 58.250000000000007
decision_type=2 2 2 2 2 2 2 2 2 2 2 2 2 2
left_child=1 3 4 7 -2 6 -3 -1 9 -9 11 -11 13 -10
right_child=2 5 -4 -5 -6 -7 -8 8 12 10 -12 -13 -14 -15
leaf_value=0.00021064325703413963 0.0051222284961979659 0.011175314506981523 -0.0081950025832546614 -0.006343199266120792 -0.0032326207682490354 0.0016148683794129353 0.0024446248209902218 0.015652496841452694 -0.0069352379767224194 0.00059462935003227373 0.0072916586197128421 -0.011733844446448181 -0.00025762123336803532 -0.00048692947438092163
leaf_weight=2951 21 20 21 29 20 26 21 23 80 327 38 26 2010 159
leaf_count=2951 21 20 21 29 20 26 21 23 80 327 38 26 2010 159
internal_value=2.94453e-07 2.29212e-05 -0.00208356 -3.29523e-05 0.00104669 0.00472881 0.0067035 -3.5571e-07 -0.000234174 0.00127163 0.000425695 -0.000313417 -0.000511365 -0.00264536
internal_weight=5772 5710 62 5643 41 67 41 5614 2663 414 391 353 2249 239
internal_count=5772 5710 62 5643 41 67 41 5614 2663 414 391 353 2249 239
is_linear=0
shrinkage=0.05


Tree=235
num_leaves=15
num_cat=0
split_feature=2 0 1 0 0 0 2 1 0 1 0 0 0 1
split_gain=0.109098 0.916114 0.460623 0.425647 0.347151 0.869365 1.30048 0.315332 0.295197 0.243154 0.543323 0.74541 0.720396 0.38529
threshold=3.5000000000000004 55.250000000000007 1216.0000000000002 58.750000000000007 63.750000000000007 66.750000000000014 6.5000000000000009 1480.0000000000002 57.250000000000007 1201.5000000000002 62.250000000000007 61.750000000000007 61.250000000000007 1405.0000000000002
decision_type=2 2 2 2 2 2 2 2 2 2 2 2 2 2
left_child=1 2 -1 8 9 -6 -7 -4 -3 -2 11 12 13 -11
right_child=4 3 7 -5 5 6 -8 -9 -10 10 -12 -13 -14 -15
leaf_value=0.0042590018765452523 -0.00039253910714621108 -0.0025524935745497752 -0.0037998861701386728 -0.0084053847956686075 0.0071482226686102567 0.0062152414432456414 -0.0078478076308965677 0.0027664139879175998 0.0012477091904013202 0.0010627810425306817 -0.0057180270282048236 0.0086484916232250353 -0.0071584133955184372 -0.00011502309196967397
leaf_weight=107 2200 239 41 26 58 31 35 33 65 1208 37 27 32 1633
leaf_count=107 2200 239 41 26 58 31 35 33 65 1208 37 27 32 1633
internal_value=2.79728e-07 -0.000697212 0.00216138 -0.00226511 6.8027e-05 0.00268223 -0.00124244 -0.000871671 -0.00173995 4.92385e-06 0.000302649 0.000379464 0.000301753 0.000385782
internal_weight=5772 511 181 330 5261 124 66 74 304 5137 2937 2900 2873 2841
internal_count=5772 511 181 330 5261 124 66 74 304 5137 2937 2900 2873 2841
is_linear=0
shrinkage=0.05


Tree=236
num_leaves=15
num_cat=1
split_feature=3 0 1 0 0 0 0 0 2 2 0 1 1 0
split_gain=0.102719 0.377462 0.263215 0.357027 0.423299 0.481497 0.154309 0.133476 0.966548 0.199395 0.75829 0.174124 0.978436 1.13259
threshold=0 57.750000000000007 810.00000000000011 69.750000000000014 64.750000000000014 66.750000000000014 63.750000000000007 52.250000000000007 5.5000000000000009 9.5000000000000018 57.250000000000007 1519.0000000000002 1560.0000000000002 59.250000000000007
decision_type=9 2 2 2 2 2 2 2 2 2 2 2 2 2
left_child=1 -1 -2 4 6 -6 7 8 -4 11 -11 -9 13 -13
right_child=2 -3 3 -5 5 -7 -8 9 -10 10 -12 12 -14 -15
leaf_value=-0.00043833986694627138 0.0051655372921377424 -0.0075900981249287722 -0.0077173926338956166 -0.0048715677540245896 0.0085514251890051515 -0.00067506931149042572 -0.0041676009682388134 -0.00014428759211627254 0.0039606612038743851 -0.0020137148883804913 0.009743407789695388 0.0017735412915250008 0.0001263099177577533 0.013180799037218095
leaf_weight=238 25 20 37 37 31 26 22 3892 34 32 24 73 1250 31
leaf_count=238 25 20 37 37 31 26 22 3892 34 32 24 73 1250 31
internal_value=2.6576e-07 -0.000955697 4.66439e-05 2.34145e-05 5.66343e-05 0.00434285 1.1349e-05 2.84599e-05 -0.00212509 5.72984e-05 0.00302505 2.56183e-05 0.000514003 0.00517378
internal_weight=5772 258 5514 5489 5452 57 5395 5373 71 5302 56 5246 1354 104
internal_count=5772 258 5514 5489 5452 57 5395 5373 71 5302 56 5246 1354 104
cat_boundaries=0 1
cat_threshold=2
is_linear=0
shrinkage=0.05


Tree=237
num_leaves=15
num_cat=0
split_feature=2 1 0 0 2 1 0 2 0 0 0 0 1 0
split_gain=0.109523 0.104561 0.32527 0.380891 0.194236 0.14309 0.709287 1.1595 0.714167 0.552211 0.229354 0.363548 0.183018 1.61723
threshold=10.500000000000002 942.50000000000011 69.750000000000014 66.250000000000014 9.5000000000000018 2008.0000000000002 54.750000000000007 7.5000000000000009 55.250000000000007 58.250000000000007 56.750000000000007 57.750000000000007 1878.0000000000002 59.250000000000007
decision_type=2 2 2 2 2 2 2 2 2 2 2 2 2 2
left_child=1 -1 3 4 5 12 -7 8 -8 10 -10 -12 -3 -14
right_child=-2 2 -4 -5 -6 6 7 -9 9 -11 11 -13 13 -15
leaf_value=-0.0014719052486066959 -0.0034431793610565364 2.5670776676411458e-05 -0.0046279892728135399 0.0057908800334252157 0.0037065402738032088 0.0035886345895080728 -0.0078164519156526894 -0.01313206157444612 0.00010006324941846164 -0.0032959572471736465 0.0094337379857897755 0.00038949770241742955 -0.00034187077544629575 0.013713307065578799
leaf_weight=116 23 5109 37 29 36 61 33 23 37 60 25 20 139 24
leaf_count=116 23 5109 37 29 36 61 33 23 37 60 25 20 139 24
internal_value=2.52469e-07 1.40286e-05 4.46283e-05 7.55231e-05 4.57502e-05 2.1923e-05 -0.00112546 -0.00257779 -0.00119065 0.000349143 0.00301629 0.00541408 7.82912e-05 0.0017276
internal_weight=5772 5749 5633 5596 5567 5531 259 198 175 142 82 45 5272 163
internal_count=5772 5749 5633 5596 5567 5531 259 198 175 142 82 45 5272 163
is_linear=0
shrinkage=0.05


Tree=238
num_leaves=15
num_cat=0
split_feature=2 0 0 1 1 1 2 2 0 1 1 1 1 0
split_gain=0.111858 0.582003 0.449446 0.440462 0.262992 0.146003 0.543105 0.300978 2.59163 1.18273 1.77688 1.18911 1.01117 1.14562
threshold=9.5000000000000018 70.250000000000014 58.250000000000007 880.00000000000011 1457.0000000000002 2242.5000000000005 6.5000000000000009 7.5000000000000009 61.750000000000007 1533.0000000000002 1632.5000000000002 1878.0000000000002 1195.0000000000002 57.250000000000007
decision_type=2 2 2 2 2 2 2 2 2 2 2 2 2 2
left_child=1 3 4 -1 -2 7 -7 -5 9 12 -11 -12 -9 -14
right_child=2 -3 -4 5 -6 6 -8 8 -10 10 11 -13 13 -15
leaf_value=-0.0047341482401100868 0.004842611260911716 0.006855515871317156 -0.008060427910337847 -4.7104798523402622e-05 -0.0031687855231575671 0.00092218429677483414 -0.0074411522659162677 -0.0023949124597658577 0.013981682501066276 -0.011192388866096735 0.0082439831487135969 -0.004918272729107255 0.0080736907710740862 2.5327048849227814e-05
leaf_weight=49 21 31 21 5124 20 55 30 88 37 50 32 37 91 86
leaf_count=49 21 31 21 5124 20 55 30 88 37 50 32 37 91 86
internal_value=2.39833e-07 2.31759e-05 -0.00211209 -1.41199e-05 0.000934613 2.69603e-05 -0.00202958 5.84853e-05 0.00134362 0.000125895 -0.00401503 0.00118596 0.0019854 0.00416319
internal_weight=5772 5710 62 5679 41 5630 85 5545 421 384 119 69 265 177
internal_count=5772 5710 62 5679 41 5630 85 5545 421 384 119 69 265 177
is_linear=0
shrinkage=0.05


Tree=239
num_leaves=15
num_cat=0
split_feature=0 1 1 2 0 0 2 1 2 0 0 1 1 1
split_gain=0.109211 0.935612 0.199946 0.77522 2.29179 1.25319 0.638661 0.109036 0.101203 0.598884 1.50391 0.412944 0.205655 0.131496
threshold=62.250000000000007 1595.0000000000002 1195.0000000000002 6.5000000000000009 64.750000000000014 64.750000000000014 6.5000000000000009 880.00000000000011 8.5000000000000018 59.250000000000007 57.750000000000007 1433.5000000000002 1203.5000000000002 1804.0000000000002
decision_type=2 2 2 2 2 2 2 2 2 2 2 2 2 2
left_child=7 2 6 4 -4 -5 -2 -1 13 10 11 12 -10 -9
right_child=1 -3 3 5 -6 -7 -8 8 9 -11 -12 -13 -14 -15
leaf_value=-0.002527862154628809 -0.0019421620760113002 -0.0094503108347798216 -0.0064152144451415346 0.0023188824976040495 0.013931783668696882 -0.014954782791790508 0.0076726582652378479 9.4819280414627663e-05 0.00039398967534961068 -0.0045425283020345628 0.012248602672480048 -0.0036861797490374834 0.0067837163305375734 -0.00082368697722312557
leaf_weight=41 39 29 31 21 25 21 31 4944 34 35 32 46 20 423
leaf_count=41 39 29 31 21 25 21 31 4944 34 35 32 46 20 423
internal_value=2.27858e-07 -0.00115676 0.000274864 -0.00118297 0.00266827 -0.00631795 0.00231583 4.11116e-05 6.01445e-05 0.00127229 0.0028141 -0.000204943 0.00276056 2.24272e-05
internal_weight=5772 197 168 98 56 42 70 5575 5534 167 132 100 54 5367
internal_count=5772 197 168 98 56 42 70 5575 5534 167 132 100 54 5367
is_linear=0
shrinkage=0.05


Tree=240
num_leaves=15
num_cat=0
split_feature=2 0 0 1 1 2 0 1 2 0 1 0 0 1
split_gain=0.10522 0.524152 0.407351 0.378025 0.220552 0.12312 2.62941 1.63637 1.36252 1.09157 0.908454 1.03541 0.761334 1.47289
threshold=9.5000000000000018 70.250000000000014 58.250000000000007 880.00000000000011 1457.0000000000002 7.5000000000000009 61.750000000000007 1533.0000000000002 8.5000000000000018 65.750000000000014 1195.0000000000002 57.250000000000007 54.750000000000007 1910.0000000000002
decision_type=2 2 2 2 2 2 2 2 2 2 2 2 2 2
left_child=1 3 4 -1 -2 9 7 10 12 -5 -7 -12 -9 -14
right_child=2 -3 -4 5 -6 6 -8 8 -10 -11 11 -13 13 -15
leaf_value=-0.0043856399504429832 0.0044308465705918416 0.0065063492124599791 -0.0077114126035234048 1.4597774917285496e-05 -0.0029057109565474096 -0.0023095476517813619 0.0130485621385742 -0.01653947816653685 0.0026407159562222664 -0.0092486259367433373 0.0076241669168306912 -2.7250395654592404e-05 -0.00098328730289606327 -0.017183769155526534
leaf_weight=49 21 31 21 5164 20 88 40 22 40 32 91 86 47 20
leaf_count=49 21 31 21 5164 20 88 40 22 40 32 91 86 47 20
internal_value=2.16463e-07 2.24616e-05 -0.00204849 -1.29321e-05 0.000852038 2.51252e-05 0.000834166 -0.000405874 -0.00502426 -4.24506e-05 0.00184232 0.00390653 -0.0084692 -0.00581925
internal_weight=5772 5710 62 5679 41 5630 434 394 129 5196 265 177 89 67
internal_count=5772 5710 62 5679 41 5630 434 394 129 5196 265 177 89 67
is_linear=0
shrinkage=0.05


Tree=241
num_leaves=15
num_cat=0
split_feature=0 1 1 2 0 0 2 1 1 1 0 0 2 0
split_gain=0.109943 0.851353 0.188748 0.741032 2.07784 1.1103 0.549388 0.107709 1.47886 0.664438 0.636154 0.562611 0.537273 1.21505
threshold=62.250000000000007 1595.0000000000002 1195.0000000000002 6.5000000000000009 64.750000000000014 64.750000000000014 6.5000000000000009 1545.0000000000002 1524.0000000000002 1519.0000000000002 52.750000000000007 61.250000000000007 6.5000000000000009 53.250000000000007
decision_type=2 2 2 2 2 2 2 2 2 2 2 2 2 2
left_child=7 2 6 4 -4 -5 -2 8 9 10 -1 -9 13 -12
right_child=1 -3 3 5 -6 -7 -8 11 -10 -11 12 -13 -14 -15
leaf_value=0.005422411603369536 -0.0017612232363973864 -0.009071948070978296 -0.0060951836812760569 0.0018976331910207159 0.013278808124363424 -0.014361460178735711 0.007156322199490763 0.00028170805138460082 -0.013014341202903202 0.0070499835818102867 -0.0088577781363190829 0.0075709050935175689 0.0011041076702351825 -0.00029997378384795186
leaf_weight=52 39 29 31 21 25 21 31 1354 22 33 42 27 713 3332
leaf_count=52 39 29 31 21 25 21 31 1354 22 33 42 27 713 3332
internal_value=2.05624e-07 -0.00116066 0.000204985 -0.00121144 0.00255392 -0.00623191 0.00218798 4.12262e-05 -8.48858e-05 -1.67056e-05 -7.30479e-05 0.00042422 -0.000142968 -0.000406502
internal_weight=5772 197 168 98 56 42 70 5575 4194 4172 4139 1381 4087 3374
internal_count=5772 197 168 98 56 42 70 5575 4194 4172 4139 1381 4087 3374
is_linear=0
shrinkage=0.05


Tree=242
num_leaves=15
num_cat=0
split_feature=0 2 0 1 1 0 1 0 2 1 0 0 1 1
split_gain=0.103883 0.636643 1.87929 0.128351 0.162696 0.197363 0.111125 0.416756 0.402516 0.942396 1.00453 0.369238 0.316371 0.560211
threshold=65.250000000000014 7.5000000000000009 70.250000000000014 2450.0000000000005 2350.0000000000005 55.750000000000007 1835.0000000000002 55.250000000000007 5.5000000000000009 2039.0000000000002 58.750000000000007 54.750000000000007 1604.5000000000002 1645.0000000000002
decision_type=2 2 2 2 2 2 2 2 2 2 2 2 2 2
left_child=3 2 -2 4 6 -6 12 11 -9 10 -10 -8 -1 -14
right_child=1 -3 -4 -5 5 -7 7 8 9 -11 -12 -13 13 -15
leaf_value=8.2353819494375451e-05 -0.01161855365951649 0.0048856286779046061 0.0072024668877323471 0.0038373474285683853 3.9210779747615264e-05 -0.0066860373318195351 0.0012404235288692965 0.00019822794188622956 0.014107620864353307 -0.00097705233842134472 0.0017649789806455374 -0.0041517649267916569 -0.0067262536645020278 -0.000720071711940832
leaf_weight=4870 36 25 21 22 24 20 63 137 34 50 32 64 44 330
leaf_count=4870 36 25 21 22 24 20 63 137 34 50 32 64 44 330
internal_value=1.95356e-07 -0.00176677 -0.00468449 2.56596e-05 1.08647e-05 -0.00301772 3.45592e-05 0.000860202 0.00203337 0.00420074 0.00812331 -0.0014769 -2.527e-05 -0.00142668
internal_weight=5772 82 57 5690 5668 44 5624 380 253 116 66 127 5244 374
internal_count=5772 82 57 5690 5668 44 5624 380 253 116 66 127 5244 374
is_linear=0
shrinkage=0.05


Tree=243
num_leaves=15
num_cat=0
split_feature=0 0 0 1 1 0 1 0 0 2 2 1 1 0
split_gain=0.112104 0.195261 0.647851 0.0960122 0.14665 0.17812 0.10075 0.390505 0.504298 0.491565 0.325175 0.284693 0.505591 0.633406
threshold=71.500000000000014 67.750000000000014 65.750000000000014 2450.0000000000005 2350.0000000000005 55.750000000000007 1835.0000000000002 60.250000000000007 59.750000000000007 8.5000000000000018 6.5000000000000009 1604.5000000000002 1645.0000000000002 60.250000000000007
decision_type=2 2 2 2 2 2 2 2 2 2 2 2 2 2
left_child=1 2 3 4 6 -6 11 8 9 10 -8 -1 -13 -14
right_child=-2 -3 -4 -5 5 -7 7 -9 -10 -11 -12 12 13 -15
leaf_value=7.6114601079566542e-05 -0.0036463369526678609 0.0036340537657206123 -0.0089931457536295053 0.0032455756045553993 3.7250297706729424e-05 -0.0063517347723245623 0.0011615553859351186 0.0072829871015115226 -0.0070977161549741321 0.0079441098870871498 -0.0029053897812073197 -0.0063899408904200599 -4.3443100922128291e-05 -0.0081744533802311
leaf_weight=4873 21 37 20 23 24 20 253 22 21 23 61 44 304 26
leaf_count=4873 21 37 20 23 24 20 253 22 21 23 61 44 304 26
internal_value=1.8556e-07 1.3501e-05 -9.94327e-06 2.16099e-05 8.53444e-06 -0.00286683 3.10182e-05 0.000817192 0.000419853 0.000888306 0.00037148 -2.59183e-05 -0.00135535 -0.000684068
internal_weight=5772 5751 5714 5694 5671 44 5627 380 358 337 314 5247 374 330
internal_count=5772 5751 5714 5694 5671 44 5627 380 358 337 314 5247 374 330
is_linear=0
shrinkage=0.05


Tree=244
num_leaves=15
num_cat=0
split_feature=2 0 0 0 1 0 1 1 1 0 0 2 0 1
split_gain=0.104997 0.517174 0.514815 0.354725 0.209242 0.182606 0.131704 1.32492 0.863477 0.822075 0.694996 1.361 2.67248 1.82841
threshold=9.5000000000000018 66.250000000000014 64.750000000000014 58.250000000000007 1457.0000000000002 68.250000000000014 1545.0000000000002 1524.0000000000002 1519.0000000000002 61.750000000000007 54.750000000000007 5.5000000000000009 53.250000000000007 1804.0000000000002
decision_type=2 2 2 2 2 2 2 2 2 2 2 2 2 2
left_child=1 2 6 4 -2 -3 7 8 -1 10 11 13 -13 -8
right_child=3 5 -4 -5 -6 -7 9 -9 -10 -11 -12 12 -14 -15
leaf_value=-0.00013288299273213764 0.0041461757472938017 0.0077727786349132662 -0.0066741892817060878 -0.0073308358345890341 -0.0029998039943166079 0.002375553401985339 0.0028523701130516682 -0.012371547127523544 0.0079869143890612063 0.0081078460275688588 -0.00029930240186248821 0.018396329953137672 0.0019868015015963468 -0.011097070889081807
leaf_weight=4182 21 25 29 21 20 42 76 22 33 34 1100 33 100 34
leaf_count=4182 21 25 29 21 20 42 76 22 33 34 1100 33 100 34
internal_value=1.76303e-07 2.23978e-05 -2.94526e-05 -0.00204635 0.000660332 0.00438944 4.87181e-06 -0.000133189 -6.93116e-05 0.000429683 0.000235299 0.0026553 0.00605834 -0.00145928
internal_weight=5772 5710 5643 62 41 67 5614 4237 4215 1377 1343 243 133 110
internal_count=5772 5710 5643 62 41 67 5614 4237 4215 1377 1343 243 133 110
is_linear=0
shrinkage=0.05


Tree=245
num_leaves=15
num_cat=0
split_feature=0 0 0 1 1 1 0 0 1 0 1 0 0 0
split_gain=0.105456 0.160474 0.467003 0.259401 0.10081 1.20113 0.745606 0.692661 0.65727 0.579506 0.480968 1.30301 0.464862 0.989416
threshold=71.500000000000014 66.250000000000014 64.750000000000014 1082.5000000000002 1545.0000000000002 1524.0000000000002 61.750000000000007 60.750000000000007 1519.0000000000002 52.750000000000007 1405.0000000000002 60.250000000000007 56.750000000000007 54.250000000000007
decision_type=2 2 2 2 2 2 2 2 2 2 2 2 2 2
left_child=1 2 4 -3 5 8 7 -6 9 -1 -11 12 13 -12
right_child=-2 3 -4 -5 6 -7 -8 -9 -10 10 11 -13 -14 -15
leaf_value=0.0051500116349556127 -0.0035365764583860128 -0.0015774322673678398 -0.0063404803449320125 0.0057738810920272962 0.00040436622508116353 -0.011752969873222439 0.007702454321962946 -0.0061940696408472416 0.0068842257756520728 1.9553147098327575e-06 -0.0058614750648280835 -0.012083524394908856 -0.0029415759113368307 0.0031165626184388876
leaf_weight=52 21 20 29 30 1328 22 34 41 34 3810 41 29 159 122
leaf_count=52 21 20 29 30 1328 22 34 41 34 3810 41 29 159 122
internal_value=1.67493e-07 1.30821e-05 -1.16529e-05 0.00283336 2.07054e-05 -0.000100137 0.0003884 0.000206751 -3.97736e-05 -9.56521e-05 -0.000161207 -0.00193229 -0.00101804 0.000858283
internal_weight=5772 5751 5701 50 5672 4269 1403 1369 4247 4213 4161 351 322 163
internal_count=5772 5751 5701 50 5672 4269 1403 1369 4247 4213 4161 351 322 163
is_linear=0
shrinkage=0.05


Tree=246
num_leaves=15
num_cat=0
split_feature=0 1 0 2 0 2 1 0 1 1 2 0 0 1
split_gain=0.0989725 0.836366 0.208294 0.784672 1.0049 0.72485 0.546778 0.532052 0.0926662 1.0875 0.533927 0.541881 1.73333 0.888802
threshold=62.250000000000007 1595.0000000000002 68.250000000000014 7.5000000000000009 65.750000000000014 6.5000000000000009 1195.0000000000002 63.750000000000007 1545.0000000000002 1524.0000000000002 6.5000000000000009 56.750000000000007 58.250000000000007 1615.0000000000002
decision_type=2 2 2 2 2 2 2 2 2 2 2 2 2 2
left_child=8 2 3 4 6 -4 -2 -8 9 -1 -10 -12 13 -13
right_child=1 -3 5 -5 -6 -7 7 -9 10 -11 11 12 -14 -15
leaf_value=-1.9428349703527025e-05 0.0077735986972514264 -0.0089426109125709235 0.0042121529066935183 0.0086582718317263895 -0.010239950923079794 -0.0088030048767509667 -0.0060973453926495636 0.0043425134722264889 0.00094302460525668222 -0.011165321135724132 0.00062823195483055927 -0.01894551647294845 9.5514691519466317e-05 -0.0055337092699483045
leaf_weight=4172 26 29 20 28 22 23 26 23 1053 22 167 21 110 30
leaf_count=4172 26 29 20 28 22 23 26 23 1053 22 167 21 110 30
internal_value=1.59098e-07 -0.00110126 0.000252304 0.0012849 -0.00084349 -0.00274944 0.00191281 -0.001197 3.90793e-05 -7.78951e-05 0.000394322 -0.00136721 -0.00343702 -0.0110562
internal_weight=5772 197 168 125 97 43 75 49 5575 4194 1381 328 161 51
internal_count=5772 197 168 125 97 43 75 49 5575 4194 1381 328 161 51
is_linear=0
shrinkage=0.05


Tree=247
num_leaves=15
num_cat=1
split_feature=3 0 1 0 2 0 1 0 1 2 1 0 1 1
split_gain=0.0941709 0.727525 0.419181 0.411052 0.358805 0.634633 0.57313 0.600914 0.312681 0.829411 0.960436 0.467267 1.26154 1.17608
threshold=0 65.750000000000014 2230.0000000000005 66.250000000000014 7.5000000000000009 61.750000000000007 1580.0000000000002 56.750000000000007 1195.0000000000002 6.5000000000000009 1135.0000000000002 54.250000000000007 1804.0000000000002 1480.0000000000002
decision_type=9 2 2 2 2 2 2 2 2 2 2 2 2 2
left_child=1 2 4 -2 5 8 7 -6 9 10 -1 12 13 -10
right_child=3 -3 -4 -5 6 -7 -8 -9 11 -11 -12 -13 -14 -15
leaf_value=-0.00096157396454560015 0.00010485847796713598 -0.0076197858829277036 -0.0067143457068596039 0.0051409920722973058 0.0017143422479509866 -0.0065171561872538857 -0.0042865616036579018 0.011676085833460094 -0.0033305778774212445 0.0053279905119276751 -0.0085082451276400177 0.00067060152636768463 -0.012896643667076919 0.0046973090419903333
leaf_weight=505 3443 33 24 41 41 39 20 24 131 47 46 1285 23 70
leaf_count=505 3443 33 24 41 41 39 20 24 131 47 46 1285 23 70
internal_value=1.51155e-07 -0.000248449 -0.000141678 0.000163654 -7.09721e-05 -0.000197168 0.00311509 0.00539252 -8.01863e-05 -0.00104776 -0.0015916 0.000303251 -0.00180409 -0.000534796
internal_weight=5772 2288 2255 3484 2231 2146 85 65 2107 598 551 1509 224 201
internal_count=5772 2288 2255 3484 2231 2146 85 65 2107 598 551 1509 224 201
cat_boundaries=0 1
cat_threshold=18
is_linear=0
shrinkage=0.05


Tree=248
num_leaves=15
num_cat=0
split_feature=2 0 0 0 1 0 1 1 1 0 0 2 0 1
split_gain=0.0929372 0.504939 0.407554 0.32557 0.182469 0.177588 0.0947737 0.977741 0.697955 0.694752 0.625351 1.24603 2.41133 1.55017
threshold=9.5000000000000018 66.250000000000014 64.250000000000014 58.250000000000007 1457.0000000000002 68.250000000000014 1545.0000000000002 1524.0000000000002 1519.0000000000002 61.750000000000007 54.750000000000007 5.5000000000000009 53.250000000000007 1804.0000000000002
decision_type=2 2 2 2 2 2 2 2 2 2 2 2 2 2
left_child=1 2 6 4 -2 -3 7 8 -1 10 11 13 -13 -8
right_child=3 5 -4 -5 -6 -7 9 -9 -10 -11 -12 12 -14 -15
leaf_value=-0.00011432415042736979 0.0039230013670887619 0.0076726578250527382 -0.0051237772596486588 -0.0069879250556585341 -0.0027501635556109252 0.0023501069329324225 0.0025182335622192017 -0.010625307447943752 0.0071859170259399854 0.0075330128667481016 -0.00031752614012359783 0.01746094432715891 0.0018737637852318586 -0.010326054167714628
leaf_weight=4173 21 25 39 21 20 42 76 22 33 33 1100 33 100 34
leaf_count=4173 21 25 39 21 20 42 76 22 33 33 1100 33 100 34
internal_value=1.43606e-07 2.105e-05 -3.01835e-05 -0.00192527 0.000667799 0.00433613 5.26444e-06 -0.000112038 -5.70469e-05 0.000365696 0.000189582 0.00248513 0.00574126 -0.00145182
internal_weight=5772 5710 5643 62 41 67 5604 4228 4206 1376 1343 243 133 110
internal_count=5772 5710 5643 62 41 67 5604 4228 4206 1376 1343 243 133 110
is_linear=0
shrinkage=0.05


Tree=249
num_leaves=15
num_cat=0
split_feature=0 0 0 1 1 0 1 2 0 1 0 2 0 2
split_gain=0.09098 0.155684 0.589153 0.10315 0.133629 0.147119 0.0925905 0.345357 0.353226 0.473874 0.358152 0.993644 0.434675 1.01471
threshold=71.500000000000014 67.750000000000014 65.750000000000014 2450.0000000000005 2350.0000000000005 55.750000000000007 1835.0000000000002 8.5000000000000018 60.250000000000007 2190.0000000000005 58.750000000000007 5.5000000000000009 55.250000000000007 5.5000000000000009
decision_type=2 2 2 2 2 2 2 2 2 2 2 2 2 2
left_child=1 2 3 4 6 -6 -1 8 9 10 12 -12 -8 -14
right_child=-2 -3 -4 -5 5 -7 7 -9 -10 -11 11 -13 13 -15
leaf_value=-2.5384794263730635e-05 -0.0032849131152033807 0.0032450135998629234 -0.0085753847379237413 0.0033629387941049495 -9.7723312986393773e-05 -0.0059041631966829308 -0.0031929362302971411 0.0064629676844924688 0.0065189625305885623 0.0028982556058564321 0.0024143194103436101 -0.012791111391693864 -0.0014887941482512258 0.0087381391363617576
leaf_weight=5247 21 37 20 23 24 20 78 25 22 98 21 22 79 35
leaf_count=5247 21 37 20 23 24 20 78 25 22 98 21 22 79 35
internal_value=1.36411e-07 1.21319e-05 -8.80206e-06 2.12878e-05 7.73499e-06 -0.00273701 2.91974e-05 0.000782863 0.000382855 -2.25333e-05 -0.00124056 -0.0053652 -0.000316817 0.00165105
internal_weight=5772 5751 5714 5694 5671 44 5627 380 355 333 235 43 192 114
internal_count=5772 5751 5714 5694 5671 44 5627 380 355 333 235 43 192 114
is_linear=0
shrinkage=0.05


Tree=250
num_leaves=15
num_cat=0
split_feature=2 0 0 0 1 0 0 2 0 0 0 1 2 1
split_gain=0.0872786 0.463702 0.358002 0.287845 0.171479 0.16901 0.08579 0.601881 0.775377 0.998988 0.466189 1.90425 0.908356 1.36268
threshold=9.5000000000000018 66.250000000000014 64.250000000000014 58.250000000000007 1457.0000000000002 68.250000000000014 57.750000000000007 5.5000000000000009 61.250000000000007 62.250000000000007 58.250000000000007 1595.0000000000002 6.5000000000000009 1104.5000000000002
decision_type=2 2 2 2 2 2 2 2 2 2 2 2 2 2
left_child=1 2 6 4 -2 -3 -1 8 -8 -10 11 -9 -12 -14
right_child=3 5 -4 -5 -6 -7 7 10 9 -11 12 -13 13 -15
leaf_value=0.0001670183003546434 0.0037281203804360261 0.0074104636069387197 -0.0048026201822675574 -0.0066260668205186017 -0.0027409723075106744 0.0022180519820678801 0.00015553015671694809 -0.00087055872746669084 0.010029955473211076 -0.0022808476530302032 -0.002466523408018399 -0.015041565564461052 0.0067312269874009083 -0.00054730358395504595
leaf_weight=3316 21 25 39 21 20 42 1297 113 45 26 384 30 81 312
leaf_count=3316 21 25 39 21 20 42 1297 113 45 26 384 30 81 312
internal_value=1.29608e-07 2.03896e-05 -2.87073e-05 -0.00186575 0.000572465 0.00415552 4.51585e-06 -0.000230999 0.000434041 0.00552177 -0.00121989 -0.0038435 -0.000737033 0.000952852
internal_weight=5772 5710 5643 62 41 67 5604 2288 1368 71 920 143 777 393
internal_count=5772 5710 5643 62 41 67 5604 2288 1368 71 920 143 777 393
is_linear=0
shrinkage=0.05


Tree=251
num_leaves=15
num_cat=0
split_feature=0 2 0 1 1 0 1 1 2 0 1 0 0 1
split_gain=0.0922141 0.59016 1.64293 0.115913 0.119712 0.583176 0.11577 1.37173 0.32491 0.487359 2.51897 0.585442 0.862923 0.35616
threshold=65.250000000000014 7.5000000000000009 70.250000000000014 2450.0000000000005 2219.0000000000005 57.250000000000007 1878.0000000000002 1804.0000000000002 4.5000000000000009 59.250000000000007 2008.0000000000002 58.250000000000007 57.250000000000007 2026.5000000000002
decision_type=2 2 2 2 2 2 2 2 2 2 2 2 2 2
left_child=3 2 -2 4 6 -6 7 -1 13 11 -11 12 -10 -8
right_child=1 -3 -4 -5 5 -7 8 -9 9 10 -12 -13 -14 -15
leaf_value=3.4014719833575108e-05 -0.010957190750438411 0.0047402956932783126 0.0066404908673749086 0.0036464113847945231 -0.0053707989275647815 0.0041166665032505989 -0.0054634570359642547 -0.011706004939042032 0.00059437628687890038 0.018880929425358774 -0.0056089845973820917 -0.005078352613943733 0.01053594295680523 0.0020891970161486559
leaf_weight=5233 36 25 21 22 46 25 37 25 172 21 21 36 25 27
leaf_count=5233 36 25 21 22 46 25 37 25 172 21 21 36 25 27
internal_value=1.23103e-07 -0.00166465 -0.00447383 2.41145e-05 1.00548e-05 -0.00203014 3.59355e-05 -2.18051e-05 0.00093151 0.00167826 0.00663597 0.000784595 0.001856 -0.00227718
internal_weight=5772 82 57 5690 5668 71 5597 5258 339 275 42 233 197 64
internal_count=5772 82 57 5690 5668 71 5597 5258 339 275 42 233 197 64
is_linear=0
shrinkage=0.05


Tree=252
num_leaves=15
num_cat=0
split_feature=0 0 1 1 0 1 0 1 2 2 0 1 1 2
split_gain=0.102416 0.14098 0.330284 0.229478 0.0778856 0.830674 0.314717 0.262001 0.257135 0.0855237 1.16179 0.0975338 1.01085 1.13993
threshold=71.500000000000014 66.250000000000014 880.00000000000011 1082.5000000000002 62.250000000000007 1595.0000000000002 64.750000000000014 1195.0000000000002 6.5000000000000009 9.5000000000000018 57.250000000000007 1804.0000000000002 1878.0000000000002 7.5000000000000009
decision_type=2 2 2 2 2 2 2 2 2 2 2 2 2 2
left_child=1 2 -1 -3 9 6 7 -6 -9 11 -11 -4 -13 -14
right_child=-2 3 4 -5 5 -7 -8 8 -10 10 -12 12 13 -15
leaf_value=-0.0041404081719520038 -0.0034852852246591024 -0.0014923253981396557 9.4265899455321143e-05 0.0054220053413882854 0.003816216279064184 -0.0095521778644373015 0.0064317313651554289 -0.0054865899995709174 0.0016791575721332005 -0.0040163731181316756 0.010622470261043182 -0.010659950619447045 0.00084487940459906583 -0.0073501038156488611
leaf_weight=48 21 20 5040 30 23 24 20 31 21 33 23 24 366 48
leaf_count=48 21 20 5040 30 23 24 20 31 21 33 23 24 366 48
internal_value=1.16965e-07 1.2844e-05 -1.03399e-05 0.00265627 2.47288e-05 -0.0012409 0.000858796 -0.00062732 -0.00259273 5.19441e-05 0.00199601 3.20705e-05 -0.000683603 -0.000105264
internal_weight=5772 5751 5701 50 5653 119 95 75 52 5534 56 5478 438 414
internal_count=5772 5751 5701 50 5653 119 95 75 52 5534 56 5478 438 414
is_linear=0
shrinkage=0.05


Tree=253
num_leaves=15
num_cat=0
split_feature=0 0 0 1 1 0 1 2 0 1 2 1 0 2
split_gain=0.0924305 0.128081 0.528674 0.0930461 0.109663 0.148658 0.0911102 0.340416 0.284139 0.424539 0.329484 0.286884 0.38758 0.309411
threshold=71.500000000000014 67.750000000000014 65.750000000000014 2450.0000000000005 2350.0000000000005 55.750000000000007 1835.0000000000002 8.5000000000000018 60.250000000000007 2190.0000000000005 6.5000000000000009 2008.0000000000002 56.250000000000007 5.5000000000000009
decision_type=2 2 2 2 2 2 2 2 2 2 2 2 2 2
left_child=1 2 3 4 6 -6 -1 8 9 10 11 13 -13 -8
right_child=-2 -3 -4 -5 5 -7 7 -9 -10 -11 -12 12 -14 -15
leaf_value=-2.5855478962240663e-05 -0.0033110208765027072 0.0029445099442995883 -0.0081217719963751749 0.003195494476138898 0.00017543973323578638 -0.005661293808370829 -0.00065067820716649297 0.0064152301782742149 0.0058821802747181873 0.0027797508756725159 -0.0048821134404824218 -0.0074752342464678269 0.00040352801332955019 0.0045694081485800611
leaf_weight=5247 21 37 20 23 24 20 80 25 22 98 47 27 37 44
leaf_count=5247 21 37 20 23 24 20 80 25 22 98 47 27 37 44
internal_value=1.11093e-07 1.22018e-05 -6.78582e-06 2.17178e-05 8.84586e-06 -0.00247762 2.82886e-05 0.000775905 0.000378769 1.51807e-05 -0.0011377 -0.000201602 -0.00292032 0.00120161
internal_weight=5772 5751 5714 5694 5671 44 5627 380 355 333 235 188 64 124
internal_count=5772 5751 5714 5694 5671 44 5627 380 355 333 235 188 64 124
is_linear=0
shrinkage=0.05


Tree=254
num_leaves=15
num_cat=0
split_feature=2 0 0 0 0 1 1 1 1 1 0 0 0 0
split_gain=0.092861 0.429944 0.313434 0.288911 0.187398 0.167557 0.101536 0.8813 0.631181 0.617363 1.48144 0.994293 0.540937 0.447319
threshold=9.5000000000000018 66.250000000000014 64.750000000000014 58.250000000000007 68.250000000000014 1457.0000000000002 1545.0000000000002 1524.0000000000002 1519.0000000000002 1560.0000000000002 58.750000000000007 60.750000000000007 52.750000000000007 54.750000000000007
decision_type=2 2 2 2 2 2 2 2 2 2 2 2 2 2
left_child=1 2 6 5 -3 -2 7 8 12 10 -8 13 -1 -11
right_child=3 4 -4 -5 -6 -7 9 -9 -10 11 -12 -13 -14 -15
leaf_value=0.0049448936407525956 0.0036375618417791669 0.0074302057027816771 -0.0052109953441560782 -0.0066936428281700322 0.0019626229957100893 -0.0027571192866889761 -0.0022624945543982364 -0.010102080690690358 0.0068192274845910797 0.0024091466082970052 0.014810478035360576 -0.0058646638283076195 -0.0001867747691829354 1.7806799323548521e-05
leaf_weight=52 21 25 29 21 42 20 27 22 33 242 24 65 4130 1019
leaf_count=52 21 25 29 21 42 20 27 22 33 242 24 65 4130 1019
internal_value=1.05568e-07 2.10034e-05 -2.62725e-05 -0.00192452 0.00400277 0.000518205 5.09972e-07 -0.000120712 -6.86147e-05 0.000373507 0.00577185 0.000165879 -0.000122966 0.000476732
internal_weight=5772 5710 5643 62 67 41 5614 4237 4215 1377 51 1326 4182 1261
internal_count=5772 5710 5643 62 67 41 5614 4237 4215 1377 51 1326 4182 1261
is_linear=0
shrinkage=0.05


Tree=255
num_leaves=15
num_cat=0
split_feature=0 2 0 1 1 0 1 2 0 1 0 2 0 2
split_gain=0.0921801 0.543889 1.51941 0.0986835 0.111086 0.546629 0.108924 0.381872 0.33547 0.512463 0.307082 0.911387 0.393695 0.880851
threshold=65.250000000000014 7.5000000000000009 70.250000000000014 2450.0000000000005 2219.0000000000005 57.250000000000007 1835.0000000000002 8.5000000000000018 60.250000000000007 2190.0000000000005 58.750000000000007 5.5000000000000009 55.250000000000007 5.5000000000000009
decision_type=2 2 2 2 2 2 2 2 2 2 2 2 2 2
left_child=3 2 -2 4 6 -6 -1 8 9 10 12 -12 -8 -14
right_child=1 -3 -4 -5 5 -7 7 -9 -10 -11 11 -13 13 -15
leaf_value=-2.1182733039002804e-05 -0.010596056799921726 0.0044843703806400305 0.0063271853718019667 0.0033663438950580632 -0.0051884920088290844 0.0039968758858740334 -0.0029823638292817544 0.0072650719010694462 0.0065780319051728367 0.0036464458497939634 0.0025307601561681149 -0.012031698040664196 -0.0012977944815213073 0.0082307404319622701
leaf_weight=5244 36 25 21 22 46 25 78 22 21 75 21 22 79 35
leaf_count=5244 36 25 21 22 46 25 78 22 21 75 21 22 79 35
internal_value=1.00269e-07 -0.00166436 -0.00436118 2.40873e-05 1.11145e-05 -0.00195421 3.60453e-05 0.000886198 0.000462225 4.79284e-05 -0.00110053 -0.0049198 -0.000245178 0.00162763
internal_weight=5772 82 57 5690 5668 71 5597 353 331 310 235 43 192 114
internal_count=5772 82 57 5690 5668 71 5597 353 331 310 235 43 192 114
is_linear=0
shrinkage=0.05


Tree=256
num_leaves=15
num_cat=0
split_feature=0 0 1 0 0 1 0 1 2 2 0 1 1 2
split_gain=0.102318 0.123394 0.292819 0.254118 0.0677852 0.719194 0.340923 0.205129 0.233119 0.0753939 1.0789 0.100079 0.922748 1.04844
threshold=71.500000000000014 66.250000000000014 810.00000000000011 68.250000000000014 62.250000000000007 1595.0000000000002 64.750000000000014 1195.0000000000002 6.5000000000000009 9.5000000000000018 57.250000000000007 1804.0000000000002 1878.0000000000002 7.5000000000000009
decision_type=2 2 2 2 2 2 2 2 2 2 2 2 2 2
left_child=1 2 -1 -3 9 6 7 -6 -9 11 -11 -4 -13 -14
right_child=-2 3 4 -5 5 -7 -8 8 -10 10 -12 12 13 -15
leaf_value=-0.0052035308580983576 -0.0034836389457008673 0.0059105729684233669 8.5418745115984431e-05 -0.0012242070826080939 0.0030706097701719655 -0.0089015059793988872 0.0065839038370177159 -0.0052731372318380789 0.0015497795634603661 -0.0039273488083078215 0.010179625959742977 -0.010234077301962923 0.00076136997439058842 -0.0070978802177705802
leaf_weight=27 21 26 5060 24 24 24 20 31 21 33 23 24 366 48
leaf_count=27 21 26 5060 24 24 24 20 31 21 33 23 24 366 48
internal_value=9.52706e-08 1.28163e-05 -8.87346e-06 0.00248588 1.58456e-05 -0.00115988 0.000775529 -0.00075299 -0.00251773 4.12483e-05 0.00186659 2.26563e-05 -0.000702408 -0.000149847
internal_weight=5772 5751 5701 50 5674 120 96 76 52 5554 56 5498 438 414
internal_count=5772 5751 5701 50 5674 120 96 76 52 5554 56 5498 438 414
is_linear=0
shrinkage=0.05


Tree=257
num_leaves=15
num_cat=0
split_feature=2 0 0 0 0 1 1 1 0 1 0 0 0 2
split_gain=0.097486 0.392262 0.297403 0.281845 0.175557 0.159755 0.0952978 0.795741 0.660433 0.568871 0.560805 0.487742 0.470475 1.14249
threshold=9.5000000000000018 66.250000000000014 58.250000000000007 64.750000000000014 68.250000000000014 1457.0000000000002 1545.0000000000002 1524.0000000000002 61.750000000000007 1519.0000000000002 60.750000000000007 52.750000000000007 54.750000000000007 5.5000000000000009
decision_type=2 2 2 2 2 2 2 2 2 2 2 2 2 2
left_child=1 3 5 6 -3 -2 7 9 10 11 12 -1 13 -8
right_child=2 4 -4 -5 -6 -7 8 -9 -10 -11 -12 -13 -14 -15
leaf_value=0.0046944370153001874 0.0035523463517338747 0.0071421651691198351 -0.0068105818992037145 -0.0049401679284999086 0.0018501425051086007 -0.0026916766582871787 -0.0014176063401497563 -0.0096001885344528352 0.0072451215401730124 0.0064728350068132094 -0.0056426254147663715 -0.00017838161320350308 -8.7010359025301129e-05 0.0054701363737651157
leaf_weight=52 21 25 21 29 42 20 110 22 34 33 40 4130 1060 133
leaf_count=52 21 25 21 29 42 20 110 22 34 33 40 4130 1060 133
internal_value=9.05076e-08 2.15024e-05 -0.00197188 -2.36543e-05 0.00382478 0.000506481 1.74272e-06 -0.000115696 0.000363101 -6.61926e-05 0.000188872 -0.000117792 0.00036789 0.00235223
internal_weight=5772 5710 62 5643 67 41 5614 4237 1377 4215 1343 4182 1303 243
internal_count=5772 5710 62 5643 67 41 5614 4237 1377 4215 1343 4182 1303 243
is_linear=0
shrinkage=0.05


Tree=258
num_leaves=15
num_cat=1
split_feature=0 2 0 1 1 0 1 2 0 1 2 1 1 3
split_gain=0.0993022 0.508974 1.43459 0.0918254 0.105214 0.503922 0.0990296 0.369626 0.305103 0.457128 0.284252 0.269037 0.471844 0.65295
threshold=65.250000000000014 7.5000000000000009 70.250000000000014 2450.0000000000005 2219.0000000000005 57.250000000000007 1835.0000000000002 8.5000000000000018 60.250000000000007 2190.0000000000005 6.5000000000000009 1604.5000000000002 1645.0000000000002 0
decision_type=2 2 2 2 2 2 2 2 2 2 2 2 2 9
left_child=3 2 -2 4 6 -6 11 8 9 10 -8 -1 -13 -14
right_child=1 -3 -4 -5 5 -7 7 -9 -10 -11 -12 12 13 -15
leaf_value=8.1411144235885832e-05 -0.010394661916264644 0.0042206175476312644 0.0060494640487290564 0.0032490104352208699 -0.0050055774467815048 0.0038136760555207735 -0.00018007769020264374 0.007123119730121372 0.0062626733644200227 0.0034338220873226725 -0.0045274618028494666 -0.0061738328035889113 0.0010608624865582914 -0.0034062226585140735
leaf_weight=4870 36 25 21 22 46 25 188 22 21 75 47 44 208 122
leaf_count=4870 36 25 21 22 46 25 188 22 21 75 47 44 208 122
internal_value=8.59848e-08 -0.00172748 -0.0043363 2.49824e-05 1.24685e-05 -0.00190021 3.67315e-05 0.000847354 0.000430234 3.51334e-05 -0.00104955 -1.78356e-05 -0.00131017 -0.000661677
internal_weight=5772 82 57 5690 5668 71 5597 353 331 310 235 5244 374 330
internal_count=5772 82 57 5690 5668 71 5597 353 331 310 235 5244 374 330
cat_boundaries=0 1
cat_threshold=4
is_linear=0
shrinkage=0.05


Tree=259
num_leaves=15
num_cat=0
split_feature=0 0 1 0 1 2 0 0 0 2 0 2 0 2
split_gain=0.110982 0.109017 0.267589 0.235693 0.062641 0.514267 0.820443 0.353271 0.520268 1.9537 0.64407 0.911839 0.71412 0.563889
threshold=71.500000000000014 66.250000000000014 880.00000000000011 68.250000000000014 1011.0000000000001 3.5000000000000004 56.750000000000007 53.750000000000007 56.250000000000007 6.5000000000000009 57.750000000000007 5.5000000000000009 58.250000000000007 4.5000000000000009
decision_type=2 2 2 2 2 2 2 2 2 2 2 2 2 2
left_child=1 2 -1 -3 5 6 -4 -7 9 -9 11 -10 -12 -14
right_child=-2 3 4 -5 -6 7 -8 8 10 -11 12 -13 13 -15
leaf_value=-0.003724728496551203 -0.0036283604623306362 0.0056358638506096145 0.0010933824504415193 -0.0012353841331787408 -3.8977986972590505e-05 0.0058503625822292332 0.011205911422493282 0.00058214861720384987 0.00012219346873837734 -0.010859350729551093 -0.0062402202117601002 0.0095337135297913021 0.0045395483176868699 -0.00090176028368230707
leaf_weight=48 21 26 78 24 4939 24 27 139 62 51 46 44 65 178
leaf_count=48 21 26 78 24 4939 24 27 139 62 51 46 44 65 178
internal_value=-1.21464e-07 1.31272e-05 -7.25991e-06 0.00233766 2.43054e-05 0.000462059 0.00369375 -9.5128e-05 -0.000339046 -0.00248899 0.000695105 0.00402886 -0.000527657 0.000553734
internal_weight=5772 5751 5701 50 5653 714 105 609 585 190 395 106 289 243
internal_count=5772 5751 5701 50 5653 714 105 609 585 190 395 106 289 243
is_linear=0
shrinkage=0.05


Tree=260
num_leaves=15
num_cat=0
split_feature=0 0 0 1 1 0 1 2 0 1 0 2 0 2
split_gain=0.100162 0.100154 0.471899 0.0709293 0.0947023 0.454789 0.0899442 0.333588 0.275355 0.412558 0.263044 0.8082 0.362624 0.811456
threshold=71.500000000000014 67.750000000000014 65.750000000000014 2450.0000000000005 2219.0000000000005 57.250000000000007 1835.0000000000002 8.5000000000000018 60.250000000000007 2190.0000000000005 58.750000000000007 5.5000000000000009 55.250000000000007 5.5000000000000009
decision_type=2 2 2 2 2 2 2 2 2 2 2 2 2 2
left_child=1 2 3 4 6 -6 -1 8 9 10 12 -12 -8 -14
right_child=-2 -3 -4 -5 5 -7 7 -9 -10 -11 11 -13 13 -15
leaf_value=-1.7596747465263183e-05 -0.0034469431133142543 0.0026054693209762512 -0.0076711938832886521 0.0027936322412089164 -0.0047533490547009387 0.0036249413397163154 -0.0028304322704804153 0.0067689126320394939 0.0059514874437203019 0.003264079858238499 0.0024861759217899471 -0.011227142226628283 -0.0012139151223546155 0.007931582619036948
leaf_weight=5247 21 37 20 23 46 25 78 22 21 75 21 22 79 35
leaf_count=5247 21 37 20 23 46 25 78 22 21 75 21 22 79 35
internal_value=-1.15417e-07 1.24708e-05 -4.3197e-06 2.261e-05 1.13715e-05 -0.00180325 3.43782e-05 0.000806936 0.000410671 3.53256e-05 -0.000995128 -0.00452994 -0.000203477 0.00159391
internal_weight=5772 5751 5714 5694 5671 71 5600 353 331 310 235 43 192 114
internal_count=5772 5751 5714 5694 5671 71 5600 353 331 310 235 43 192 114
is_linear=0
shrinkage=0.05


Tree=261
num_leaves=15
num_cat=0
split_feature=2 0 0 1 0 1 1 0 2 0 0 0 2 1
split_gain=0.0933436 0.36994 0.272293 0.238117 0.171506 0.1586 0.107042 0.693592 0.89431 0.604644 0.482245 0.430844 0.183555 0.630338
threshold=9.5000000000000018 66.250000000000014 58.250000000000007 880.00000000000011 68.250000000000014 1457.0000000000002 2008.0000000000002 54.750000000000007 7.5000000000000009 55.250000000000007 57.750000000000007 56.750000000000007 4.5000000000000009 2219.0000000000005
decision_type=2 2 2 2 2 2 2 2 2 2 2 2 2 2
left_child=1 3 5 -1 -3 -2 -5 -8 9 -9 11 -11 -12 -14
right_child=2 4 -4 6 -6 -7 7 8 -10 10 12 -13 13 -15
leaf_value=-0.0035296397293374561 0.0034765385157827823 0.0069932103678584101 -0.0065596636390269168 5.5255461233775964e-05 0.0017625993317259209 -0.0027448755316436292 0.0036760539571720286 -0.0073001447274829408 -0.011690838666349325 9.7005465382559079e-05 -0.0059042453859001406 0.0085937967086210845 -0.00494387986494557 0.0060737686497824538
leaf_weight=48 21 25 21 5336 42 20 61 33 23 37 25 25 34 21
leaf_count=48 21 25 21 5336 42 20 61 33 23 37 25 25 34 21
internal_value=-1.09639e-07 2.08424e-05 -0.00192973 -2.30107e-05 0.00371432 0.000441702 7.07303e-06 -0.000985597 -0.00242176 -0.00120354 0.000213276 0.00352313 -0.00235186 -0.000737141
internal_weight=5772 5710 62 5643 67 41 5595 259 198 175 142 62 80 55
internal_count=5772 5710 62 5643 67 41 5595 259 198 175 142 62 80 55
is_linear=0
shrinkage=0.05


Tree=262
num_leaves=15
num_cat=1
split_feature=0 2 0 1 1 0 1 2 0 1 2 1 1 3
split_gain=0.0970226 0.478166 1.35354 0.0699741 0.0959531 0.413854 0.0953321 0.32238 0.248918 0.391574 0.249108 0.24314 0.4257 0.594714
threshold=65.250000000000014 7.5000000000000009 70.250000000000014 2450.0000000000005 2219.0000000000005 57.250000000000007 1835.0000000000002 8.5000000000000018 60.250000000000007 2190.0000000000005 6.5000000000000009 1604.5000000000002 1645.0000000000002 0
decision_type=2 2 2 2 2 2 2 2 2 2 2 2 2 9
left_child=3 2 -2 4 6 -6 11 8 9 10 -8 -1 -13 -14
right_child=1 -3 -4 -5 5 -7 7 -9 -10 -11 -12 12 13 -15
leaf_value=7.7561989732225495e-05 -0.010121091435818623 0.0040575407445430757 0.0058517612361659614 0.0028389062573709947 -0.004627180299671043 0.0033651615162380044 -0.00010427788353247687 0.0066930624984458779 0.0057106640760875536 0.0032312432564795021 -0.0041740444812061704 -0.0058650751841593197 0.0010144015853632341 -0.0032487528987765087
leaf_weight=4870 36 25 21 22 46 25 188 22 21 75 47 44 208 122
leaf_count=4870 36 25 21 22 46 25 188 22 21 75 47 44 208 122
internal_value=-1.04146e-07 -0.00170773 -0.00423636 2.45049e-05 1.35809e-05 -0.00181298 3.67515e-05 0.000832097 0.000442546 8.56739e-05 -0.000918231 -1.67872e-05 -0.00124535 -0.000629381
internal_weight=5772 82 57 5690 5668 71 5597 353 331 310 235 5244 374 330
internal_count=5772 82 57 5690 5668 71 5597 353 331 310 235 5244 374 330
cat_boundaries=0 1
cat_threshold=4
is_linear=0
shrinkage=0.05


Tree=263
num_leaves=15
num_cat=0
split_feature=0 0 0 1 0 1 0 1 2 1 1 2 0 0
split_gain=0.108124 0.0966608 0.235656 0.219963 0.0572362 0.708383 0.359278 0.188954 0.213505 0.0821873 0.725486 0.532038 0.8301 0.800362
threshold=71.500000000000014 66.250000000000014 68.250000000000014 810.00000000000011 62.250000000000007 1595.0000000000002 64.750000000000014 1195.0000000000002 6.5000000000000009 1545.0000000000002 1524.0000000000002 6.5000000000000009 61.750000000000007 53.250000000000007
decision_type=2 2 2 2 2 2 2 2 2 2 2 2 2 2
left_child=1 3 -3 -1 9 6 7 -6 -9 10 11 12 -5 -13
right_child=-2 2 -4 4 5 -7 -8 8 -10 -11 -12 13 -14 -15
leaf_value=-0.0045086897909641264 -0.0035815088521866574 0.0054995711355541764 -0.0013711507606785746 -0.00021522872170814421 0.002956078210748577 -0.0087485803601642445 0.0068181271664798267 -0.0050443643403630112 0.001485222255827726 0.00037270086553759722 -0.0091280611062591731 0.0099920762442052367 -0.0088597587309777737 0.00088875984533366063
leaf_weight=27 21 26 24 3392 24 24 20 31 21 1381 22 25 28 706
leaf_count=27 21 26 24 3392 24 24 20 31 21 1381 22 25 28 706
internal_value=-2.92511e-07 1.27844e-05 0.00220162 -6.41255e-06 1.50118e-05 -0.00106536 0.000855446 -0.000713681 -0.00240742 3.83543e-05 -7.22933e-05 -2.42984e-05 -0.000286003 0.00120009
internal_weight=5772 5751 50 5701 5674 120 96 76 52 5554 4173 4151 3420 731
internal_count=5772 5751 50 5701 5674 120 96 76 52 5554 4173 4151 3420 731
is_linear=0
shrinkage=0.05


Tree=264
num_leaves=15
num_cat=0
split_feature=0 2 0 1 0 2 1 0 2 2 0 0 0 1
split_gain=0.0975822 0.0963737 0.151906 0.318287 0.232096 0.180877 0.0923602 0.694695 1.08094 0.86051 0.945178 2.17199 0.531435 1.02717
threshold=71.500000000000014 10.500000000000002 66.250000000000014 1082.5000000000002 64.750000000000014 9.5000000000000018 1519.0000000000002 61.750000000000007 7.5000000000000009 8.5000000000000018 54.250000000000007 56.750000000000007 54.750000000000007 1804.0000000000002
decision_type=2 2 2 2 2 2 2 2 2 2 2 2 2 2
left_child=1 2 4 -4 5 6 -1 8 12 10 -10 -12 13 -8
right_child=-2 -3 3 -5 -6 -7 7 -9 9 -11 11 -13 -14 -15
leaf_value=-0.00011723041886235726 -0.0034024329767340707 -0.003217949333560208 -0.0020553806144744161 0.0061436682795013853 -0.0044604275704778996 0.0035569236225758993 0.005401208339928007 0.0073056233228583414 -0.016409568432718517 0.0019905790197663011 0.0094106915672974925 -0.0096953453989151658 0.00014888303022607229 -0.0016547680118862815
leaf_weight=4182 21 23 20 29 29 36 142 35 20 40 21 51 1042 81
leaf_count=4182 21 23 20 29 29 36 142 35 20 40 21 51 1042 81
internal_value=-2.77878e-07 1.21452e-05 2.51152e-05 0.00279712 1.19761e-06 2.4098e-05 1.4436e-06 0.000348018 0.000173705 -0.00413187 -0.0067938 -0.00412275 0.000622981 0.00283828
internal_weight=5772 5751 5728 49 5679 5650 5614 1432 1397 132 92 72 1265 223
internal_count=5772 5751 5728 49 5679 5650 5614 1432 1397 132 92 72 1265 223
is_linear=0
shrinkage=0.05


Tree=265
num_leaves=15
num_cat=0
split_feature=2 0 0 0 1 0 1 1 0 2 1 0 0 1
split_gain=0.0962634 0.330114 0.247208 0.207349 0.178195 0.331645 0.147026 0.0833551 0.626962 0.975547 0.844209 2.07476 1.06942 0.769423
threshold=9.5000000000000018 66.250000000000014 58.250000000000007 64.750000000000014 1390.0000000000002 69.750000000000014 1457.0000000000002 1519.0000000000002 61.750000000000007 7.5000000000000009 1632.5000000000002 55.750000000000007 56.750000000000007 1960.0000000000002
decision_type=2 2 2 2 2 2 2 2 2 2 2 2 2 2
left_child=1 3 6 7 5 -3 -2 -1 9 -9 12 -12 -11 -13
right_child=2 4 -4 -5 -6 -7 -8 8 -10 10 11 13 -14 -15
leaf_value=-0.00011136887945829282 0.0032217249629043401 0.010171395195648074 -0.0063713425404525225 -0.0042374060665867448 0.00027195469010621309 0.0011748811629201687 -0.0027683701878413562 0.00059183237394902369 0.0069403421945337732 -0.017930324100889267 0.0082055987078799974 -0.0008917497913353145 -0.003277895602425843 -0.01430110913478648
leaf_weight=4182 21 20 21 29 26 21 20 1265 35 20 36 20 33 23
leaf_count=4182 21 20 21 29 26 21 20 1265 35 20 36 20 33 23
internal_value=-2.63969e-07 2.10133e-05 -0.00195983 -2.04121e-05 0.00351002 0.00556342 0.000299727 1.37144e-06 0.000330617 0.000165019 -0.00392527 -0.000650113 -0.00880711 -0.0080642
internal_weight=5772 5710 62 5643 67 41 41 5614 1432 1397 132 79 53 43
internal_count=5772 5710 62 5643 67 41 41 5614 1432 1397 132 79 53 43
is_linear=0
shrinkage=0.05


Tree=266
num_leaves=15
num_cat=1
split_feature=0 2 1 0 3 2 1 1 0 1 1 1 0 0
split_gain=0.108305 1.03115 0.200073 0.329596 0.083878 0.701128 0.274602 0.450973 0.219664 0.823922 0.166197 0.757938 1.06125 0.7538
threshold=66.750000000000014 6.5000000000000009 880.00000000000011 64.750000000000014 0 3.5000000000000004 1207.0000000000002 1480.0000000000002 52.250000000000007 1415.0000000000002 1519.0000000000002 1560.0000000000002 60.750000000000007 59.250000000000007
decision_type=2 2 2 2 9 2 2 2 2 2 2 2 2 2
left_child=2 -2 -1 4 8 6 -6 -8 9 -4 -10 13 -13 -12
right_child=1 -3 3 -5 5 -7 7 -9 10 -11 11 12 -14 -15
leaf_value=-0.0031914263677511679 0.0046265836955318536 -0.0078958283251683633 0.0032784153196600179 0.0051103617573971865 0.0011617695295758849 0.0065231491042220084 -0.0060928405652385812 0.00089057042670901874 -0.00015328572324251519 -0.0076422481812560604 0.0018468002954154816 0.00048360789122281949 -0.0060281099568149366 0.01109809001847621
leaf_weight=48 31 35 31 32 141 46 43 50 3899 39 76 1204 66 31
leaf_count=48 31 35 31 32 141 46 43 50 3899 39 76 1204 66 31
internal_value=-2.50802e-07 -0.00201409 2.30428e-05 5.0313e-05 2.1532e-05 0.000849692 -0.000229291 -0.00233832 -2.3389e-05 -0.00280595 1.34847e-05 0.000485698 0.000145204 0.00452708
internal_weight=5772 66 5706 5658 5626 280 234 93 5346 70 5276 1377 1270 107
internal_count=5772 66 5706 5658 5626 280 234 93 5346 70 5276 1377 1270 107
cat_boundaries=0 1
cat_threshold=21
is_linear=0
shrinkage=0.05


Tree=267
num_leaves=15
num_cat=1
split_feature=0 2 0 1 3 2 0 0 2 0 1 2 2 1
split_gain=0.0990089 0.493027 1.32881 0.0712969 0.0917126 0.185252 0.16662 0.0903646 0.384667 0.782268 0.343177 0.209679 0.738916 1.14743
threshold=65.250000000000014 7.5000000000000009 70.250000000000014 2450.0000000000005 0 3.5000000000000004 56.750000000000007 54.250000000000007 9.5000000000000018 57.750000000000007 2350.0000000000005 6.5000000000000009 5.5000000000000009 1804.0000000000002
decision_type=2 2 2 2 9 2 2 2 2 2 2 2 2 2
left_child=3 2 -2 4 7 6 -6 11 10 -10 -9 12 13 -1
right_child=1 -3 -4 -5 5 -7 -8 8 9 -11 -12 -13 -14 -15
leaf_value=-0.00039338052299900199 -0.010123602133373627 0.0041289207637310024 0.0057026562790962916 0.0028655008709227497 -0.0020233250700403007 0.0048592419860263667 0.0025695465158862181 3.8410142323098341e-05 -0.00088514564642017438 0.012062014758121223 -0.0065246029198169717 -0.0021575488898714508 0.0030442655338126373 -0.010663582866060704
leaf_weight=291 36 25 21 22 40 30 39 4876 28 20 20 158 136 30
leaf_count=291 36 25 21 22 40 30 39 4876 28 20 20 158 136 30
internal_value=-2.38237e-07 -0.00172525 -0.00429288 2.46214e-05 1.35947e-05 0.00138703 0.000244042 -1.58021e-05 5.52694e-05 0.0045095 1.16004e-05 -0.000587405 -4.45538e-05 -0.00135321
internal_weight=5772 82 57 5690 5668 109 79 5559 4944 48 4896 615 457 321
internal_count=5772 82 57 5690 5668 109 79 5559 4944 48 4896 615 457 321
cat_boundaries=0 1
cat_threshold=22
is_linear=0
shrinkage=0.05


Tree=268
num_leaves=15
num_cat=0
split_feature=2 0 0 0 1 0 1 0 1 2 1 1 1 1
split_gain=0.10076 0.320205 0.256684 0.198481 0.169923 0.333404 0.134953 0.0748808 0.412619 1.77818 0.70231 1.33357 0.440483 0.572709
threshold=9.5000000000000018 66.250000000000014 58.250000000000007 64.750000000000014 1390.0000000000002 69.750000000000014 1457.0000000000002 57.250000000000007 1057.5000000000002 3.5000000000000004 1021.0000000000001 1002.0000000000001 1390.0000000000002 1405.0000000000002
decision_type=2 2 2 2 2 2 2 2 2 2 2 2 2 2
left_child=1 3 6 7 5 -3 -2 -1 9 -9 11 -11 -10 -14
right_child=2 4 -4 -5 -6 -7 -8 8 12 10 -12 -13 13 -15
leaf_value=0.00017552415314752606 0.0030968814023903442 0.010083137755282225 -0.0065003098631721172 -0.0041450882202078562 0.00029577464939883126 0.0010627976042174158 -0.0026420222572050992 0.014771266597444597 -0.0011813321556283021 0.00063699914475981955 0.0069243393740371657 -0.011128368056737462 0.0017871086859833161 -0.00056609861000399709
leaf_weight=2951 21 20 21 29 26 21 20 23 1086 327 38 26 388 775
leaf_count=2951 21 20 21 29 26 21 20 23 1086 327 38 26 388 775
internal_value=-2.2633e-07 2.15422e-05 -0.00200504 -1.92567e-05 0.00345779 0.00546296 0.000297416 2.05593e-06 -0.000190173 0.00126045 0.000465693 -0.000229572 -0.000457205 0.000218978
internal_weight=5772 5710 62 5643 67 41 41 5614 2663 414 391 353 2249 1163
internal_count=5772 5710 62 5643 67 41 41 5614 2663 414 391 353 2249 1163
is_linear=0
shrinkage=0.05


Tree=269
num_leaves=15
num_cat=0
split_feature=0 2 1 0 0 1 2 1 1 1 2 0 0 0
split_gain=0.108385 0.945617 0.184743 0.330911 0.0787382 0.234213 1.75129 0.196223 0.0658123 0.657958 0.489048 0.743294 0.722942 0.913659
threshold=66.750000000000014 6.5000000000000009 810.00000000000011 64.750000000000014 62.250000000000007 1195.0000000000002 5.5000000000000009 1452.0000000000002 1545.0000000000002 1524.0000000000002 6.5000000000000009 61.750000000000007 53.250000000000007 56.250000000000007
decision_type=2 2 2 2 2 2 2 2 2 2 2 2 2 2
left_child=2 -2 -1 4 8 -6 -7 -8 9 10 11 -4 -12 -14
right_child=1 -3 3 -5 5 6 7 -9 -10 -11 12 -13 13 -15
leaf_value=-0.0041030309016436891 0.0043444979740607159 -0.0076473109011671375 -0.00019911089156833116 0.0051128875144058842 0.0028256826153665315 -0.014951716416648456 -0.00034172010075833115 0.0061427034437656408 0.00033732318750073775 -0.0086849010634151378 0.0095146476663649088 -0.0083791695002998628 -0.0013823032222242783 0.0023038685510644343
leaf_weight=27 31 35 3392 32 24 21 28 20 1381 22 25 28 276 430
leaf_count=27 31 35 3392 32 24 21 28 20 1381 22 25 28 276 430
internal_value=-2.15012e-07 -0.00201479 2.30872e-05 4.27042e-05 1.39729e-05 -0.00142886 -0.0029087 0.00236012 3.81326e-05 -6.08806e-05 -1.51739e-05 -0.000266082 0.00115871 0.000862816
internal_weight=5772 66 5706 5679 5647 93 69 48 5554 4173 4151 3420 731 706
internal_count=5772 66 5706 5679 5647 93 69 48 5554 4173 4151 3420 731 706
is_linear=0
shrinkage=0.05


Tree=270
num_leaves=15
num_cat=1
split_feature=0 2 1 0 3 2 1 1 0 1 1 1 1 1
split_gain=0.097817 0.853419 0.170096 0.297847 0.0690333 0.602614 0.245775 0.403504 0.204302 1.2431 0.889208 0.389155 0.198255 0.934362
threshold=66.750000000000014 6.5000000000000009 880.00000000000011 64.750000000000014 0 3.5000000000000004 1207.0000000000002 1480.0000000000002 52.750000000000007 1415.0000000000002 1645.0000000000002 1195.0000000000002 1519.0000000000002 1560.0000000000002
decision_type=2 2 2 2 9 2 2 2 2 2 2 2 2 2
left_child=2 -2 -1 4 8 6 -6 -8 9 11 -11 -4 -10 -14
right_child=1 -3 3 -5 5 -7 7 -9 12 10 -12 -13 13 -15
leaf_value=-0.0029419607332480764 0.004127273283337409 -0.0072649447393736679 -0.0015717178490012884 0.0048572435509413488 0.0010861379532837011 0.006030227818890759 -0.0057765658511671914 0.000829090824816376 -0.00016323884990553192 -0.014526317724958063 -0.00038164694793522361 0.007871866916927199 0.0050453065870382455 0.00015824263062205702
leaf_weight=48 31 35 20 32 141 46 43 50 3886 25 20 24 106 1265
leaf_count=48 31 35 20 32 141 46 43 50 3886 25 20 24 106 1265
internal_value=-2.04254e-07 -0.00191405 2.19328e-05 4.70772e-05 1.97176e-05 0.000771028 -0.000229882 -0.00222514 -2.10357e-05 -0.00239663 -0.0082398 0.00357933 1.91427e-05 0.00053609
internal_weight=5772 66 5706 5658 5626 280 234 93 5346 89 45 44 5257 1371
internal_count=5772 66 5706 5658 5626 280 234 93 5346 89 45 44 5257 1371
cat_boundaries=0 1
cat_threshold=21
is_linear=0
shrinkage=0.05


Tree=271
num_leaves=15
num_cat=1
split_feature=0 2 0 1 1 0 1 2 1 1 3 0 0 0
split_gain=0.09226 0.535205 1.24866 0.0626646 0.0689402 0.378208 0.0828845 0.29103 0.255901 0.368281 0.559075 0.894934 0.549375 0.35511
threshold=65.250000000000014 7.5000000000000009 70.250000000000014 2450.0000000000005 2219.0000000000005 57.250000000000007 1835.0000000000002 8.5000000000000018 1604.5000000000002 1645.0000000000002 0 54.750000000000007 57.250000000000007 64.250000000000014
decision_type=2 2 2 2 2 2 2 2 2 2 9 2 2 2
left_child=3 2 -2 4 6 -6 8 -8 13 -10 11 -11 -12 -1
right_child=1 -3 -4 -5 5 -7 7 -9 9 10 12 -13 -14 -15
leaf_value=4.9308183610005634e-05 -0.0099927076900106233 0.0044340669661760337 0.0053487914946994614 0.0026871559972112828 -0.0042250598158241944 0.0034153350691776725 0.00040458600888636492 0.0063434189471246851 -0.0055740929938937452 0.010475521255284548 -0.0018459312332680033 -0.0001887076118936254 -0.010286384409603973 0.0060237771007232372
leaf_weight=4845 36 25 21 22 46 25 331 22 44 22 98 186 24 25
leaf_count=4845 36 25 21 22 46 25 331 22 44 22 98 186 24 25
internal_value=-1.94055e-07 -0.00166538 -0.00434058 2.38034e-05 1.34657e-05 -0.00153478 3.31058e-05 0.000774712 -1.68154e-05 -0.0012772 -0.000704281 0.000896155 -0.00324072 7.99779e-05
internal_weight=5772 82 57 5690 5668 71 5597 353 5244 374 330 208 122 4870
internal_count=5772 82 57 5690 5668 71 5597 353 5244 374 330 208 122 4870
cat_boundaries=0 1
cat_threshold=4
is_linear=0
shrinkage=0.05


Tree=272
num_leaves=15
num_cat=0
split_feature=0 2 0 0 1 0 0 2 2 0 2 0 2 2
split_gain=0.0946077 0.339411 0.279706 0.226161 0.0585038 0.394594 0.56752 1.80168 0.423103 0.521201 0.812627 0.730236 0.618065 0.523068
threshold=68.250000000000014 6.5000000000000009 66.250000000000014 64.750000000000014 1011.0000000000001 53.250000000000007 56.250000000000007 6.5000000000000009 3.5000000000000004 57.750000000000007 5.5000000000000009 58.250000000000007 4.5000000000000009 6.5000000000000009
decision_type=2 2 2 2 2 2 2 2 2 2 2 2 2 2
left_child=2 -2 3 4 5 -1 7 -7 -8 10 -10 -11 -13 -14
right_child=1 -3 -4 -5 -6 6 8 -9 9 11 -12 12 13 -15
leaf_value=0.0063619558923636334 0.0025710952002555134 -0.0061677568145096307 0.0051919968691296302 -0.0044100900694470984 -4.6244186337090966e-05 0.00040126956906739379 0.0060452877758680624 -0.009984557554483988 0.00034531776835932071 -0.0058210086459293958 0.0089931851611171707 0.0047136079157806109 -0.0024311689372442553 0.0034492726701329337
leaf_weight=27 20 25 26 29 4917 212 42 52 71 50 44 72 132 53
leaf_count=27 20 25 26 29 4917 212 42 52 71 50 44 72 132 53
internal_value=-1.8436e-07 -0.00228382 1.77594e-05 -5.83828e-06 1.66799e-05 0.000426478 0.000206344 -0.00164442 0.00125937 0.000783043 0.00365407 -0.000292422 0.000783179 -0.000746502
internal_weight=5772 45 5727 5701 5672 755 728 264 464 422 115 307 257 185
internal_count=5772 45 5727 5701 5672 755 728 264 464 422 115 307 257 185
is_linear=0
shrinkage=0.05


Tree=273
num_leaves=15
num_cat=0
split_feature=2 0 1 0 0 0 1 0 0 0 1 1 1 1
split_gain=0.0907349 0.863535 0.429703 0.448437 0.777148 0.746955 0.388196 0.336626 0.244166 0.237281 0.233681 0.298873 0.218391 0.450843
threshold=3.5000000000000004 55.250000000000007 810.00000000000011 69.750000000000014 64.250000000000014 66.750000000000014 1216.0000000000002 58.750000000000007 57.250000000000007 54.250000000000007 1423.5000000000002 1207.0000000000002 1201.5000000000002 1345.0000000000002
decision_type=2 2 2 2 2 2 2 2 2 2 2 2 2 2
left_child=1 6 -2 4 12 -6 -1 8 10 -8 11 -3 -4 -14
right_child=2 7 3 -5 5 -7 9 -9 -10 -11 -12 -13 13 -15
leaf_value=0.0040647438383513241 0.0066011884597246542 -0.0019211161766232044 -0.00037746415312585877 -0.0054546554988199802 0.0098787149526357934 -0.0010622292774944352 -0.0046091381625737995 -0.0076190593885257845 0.0010257021755947231 0.0013770351671062563 0.00026997239949802559 -0.0062866051328079459 0.0019746172016249001 5.5723859722837932e-05
leaf_weight=107 25 121 2190 37 39 26 25 26 65 49 60 58 347 2597
leaf_count=107 25 121 2190 37 39 26 25 26 65 49 60 58 347 2597
internal_value=-1.75145e-07 -0.000636264 6.1608e-05 3.03839e-05 6.94196e-05 0.00550234 0.00213908 -0.0021585 -0.00169148 -0.000645321 -0.00243046 -0.00333563 6.35087e-07 0.000281898
internal_weight=5772 511 5261 5236 5199 65 181 330 304 74 239 179 5134 2944
internal_count=5772 511 5261 5236 5199 65 181 330 304 74 239 179 5134 2944
is_linear=0
shrinkage=0.05


Tree=274
num_leaves=15
num_cat=1
split_feature=3 1 0 0 0 1 0 0 2 0 2 1 2 0
split_gain=0.0893283 0.386704 0.402416 0.440401 0.564084 0.304428 0.21419 0.206259 0.621017 0.153732 0.276107 0.422862 0.151682 0.761995
threshold=0 810.00000000000011 69.750000000000014 64.750000000000014 66.750000000000014 1390.0000000000002 55.250000000000007 52.250000000000007 5.5000000000000009 62.250000000000007 5.5000000000000009 1390.0000000000002 9.5000000000000018 57.250000000000007
decision_type=9 2 2 2 2 2 2 2 2 2 2 2 2 2
left_child=5 -2 3 7 -5 -1 -7 8 -3 12 -11 -12 -9 -14
right_child=1 2 -4 4 -6 6 -8 9 -10 10 11 -13 13 -15
leaf_value=0.00021480846668009437 0.0062476063529029492 -0.0071557712212607667 -0.005181922880630639 0.0089773477125544895 -0.0010091170113390455 -0.0010679137355293193 -0.0062853609501208 4.7562675146229609e-05 0.0022049805969479221 -0.0063506334626044214 -0.0040338170104327479 0.0039853009830919965 -0.0023022243345621972 0.0096290921205249829
leaf_weight=179 25 37 37 31 26 42 37 5177 34 26 35 31 32 23
leaf_count=179 25 37 37 31 26 42 37 5177 34 26 35 31 32 23
internal_value=-1.6637e-07 4.30847e-05 1.49043e-05 5.01725e-05 0.00442212 -0.000891642 -0.00351153 3.98146e-06 -0.00267316 3.96834e-05 -0.00198648 -0.000267262 7.53115e-05 0.00268724
internal_weight=5772 5514 5489 5452 57 258 79 5395 71 5324 92 66 5232 55
internal_count=5772 5514 5489 5452 57 258 79 5395 71 5324 92 66 5232 55
cat_boundaries=0 1
cat_threshold=2
is_linear=0
shrinkage=0.05


Tree=275
num_leaves=15
num_cat=0
split_feature=2 0 0 0 1 2 1 1 0 2 0 0 0 1
split_gain=0.0988367 0.354608 0.291351 0.249309 0.159058 0.403586 0.135887 0.0810949 0.694237 0.764055 0.567376 0.420788 0.383265 0.164853
threshold=9.5000000000000018 66.250000000000014 64.750000000000014 58.250000000000007 1390.0000000000002 6.5000000000000009 1457.0000000000002 2008.0000000000002 54.750000000000007 7.5000000000000009 55.250000000000007 57.750000000000007 56.750000000000007 1545.0000000000002
decision_type=2 2 2 2 2 2 2 2 2 2 2 2 2 2
left_child=1 2 7 6 5 -3 -2 13 -9 10 -10 12 -12 -1
right_child=3 4 -4 -5 -6 -7 -8 8 9 -11 11 -13 -14 -15
leaf_value=-9.6964682272654038e-05 0.0030925243294664794 0.00073636161229972334 -0.0050202711742242867 -0.0064159598068467202 0.00057828001176508579 0.010660788868553936 -0.0026661909953691067 0.0037856540753368716 -0.0071013183227147574 -0.011103523042137652 2.6050752431556985e-05 -0.0022768983200144072 0.0080399575922638182 0.00058464410212699213
leaf_weight=4237 21 21 29 21 26 20 20 61 33 22 37 77 25 1122
leaf_count=4237 21 21 29 21 26 20 20 61 33 22 37 77 25 1122
internal_value=-1.5806e-07 2.14017e-05 -2.15331e-05 -0.00198574 0.00363753 0.00557755 0.000283395 4.28872e-06 -0.00086688 -0.00232979 -0.00120757 0.000191667 0.00325746 4.5742e-05
internal_weight=5772 5710 5643 62 67 41 41 5614 255 194 172 139 62 5359
internal_count=5772 5710 5643 62 67 41 41 5614 255 194 172 139 62 5359
is_linear=0
shrinkage=0.05


Tree=276
num_leaves=15
num_cat=1
split_feature=2 3 2 0 0 0 2 1 0 1 1 2 1 0
split_gain=0.0896322 0.0828357 0.81335 0.46366 0.335873 0.66423 0.400601 1.12716 0.945638 0.340364 0.797106 0.323121 0.26955 0.520422
threshold=10.500000000000002 0 8.5000000000000018 66.250000000000014 67.750000000000014 63.750000000000007 7.5000000000000009 1545.0000000000002 61.750000000000007 2008.0000000000002 1960.0000000000002 5.5000000000000009 1755.0000000000002 54.250000000000007
decision_type=2 9 2 2 2 2 2 2 2 2 2 2 2 2
left_child=1 2 4 -3 5 6 8 -8 9 10 12 -11 -1 -14
right_child=-2 3 -4 -5 -6 -7 7 -9 -10 11 -12 -13 13 -15
leaf_value=-7.8801202236489724e-06 -0.0031152434738190926 0.0001042972715701614 -0.0095767656685379551 0.0055188605515286331 0.0057569364187656904 -0.0088348281760276728 -0.00062604815181758675 0.013639797642827035 -0.010304721814337309 -0.00091970169796022009 0.0070960466272364832 -0.0073916407627984881 -0.009326645788615166 -0.00026692573401127374
leaf_weight=1933 23 3422 23 40 24 22 45 20 23 54 39 30 23 51
leaf_count=1933 23 3422 23 40 24 22 45 20 23 54 39 30 23 51
internal_value=-1.50159e-07 1.23124e-05 -0.000220669 0.000166377 -0.000126595 -0.000189632 -0.000103882 0.00376344 -0.000220638 -0.000111749 1.63184e-05 -0.00323111 -0.000121255 -0.00308278
internal_weight=5772 5749 2287 3462 2264 2240 2218 65 2153 2130 2046 84 2007 74
internal_count=5772 5749 2287 3462 2264 2240 2218 65 2153 2130 2046 84 2007 74
cat_boundaries=0 1
cat_threshold=18
is_linear=0
shrinkage=0.05


Tree=277
num_leaves=15
num_cat=1
split_feature=0 2 0 3 2 0 1 0 2 0 1 2 1 1
split_gain=0.102783 0.518642 1.20671 0.0773173 0.144503 0.146756 0.0572992 0.0806799 0.359518 0.698633 0.30555 0.208678 0.655809 3.01736
threshold=65.250000000000014 7.5000000000000009 70.250000000000014 0 3.5000000000000004 56.750000000000007 2450.0000000000005 54.250000000000007 9.5000000000000018 57.750000000000007 2350.0000000000005 6.5000000000000009 1632.5000000000002 1519.0000000000002
decision_type=2 2 2 9 2 2 2 2 2 2 2 2 2 2
left_child=3 2 -2 6 5 -5 7 11 10 -10 -9 -1 13 -13
right_child=1 -3 -4 4 -6 -7 -8 8 9 -11 -12 12 -14 -15
leaf_value=-1.0351045350126384e-05 -0.0099475873523109243 0.0042466015517711644 0.0051340179939177782 -0.0018455162388272585 0.0043585386127233507 0.0024649004857891649 0.0025449378246610813 3.8435163716718073e-05 -0.00073659352534117975 0.011498887059278788 -0.0061543383076786999 -0.0002599906235774781 0.0031496928051807159 -0.021223253400863284
leaf_weight=457 36 25 21 40 30 39 22 4876 28 20 20 94 43 21
leaf_count=457 36 25 21 40 30 39 22 4876 28 20 20 94 43 21
internal_value=-1.42642e-07 -0.00175773 -0.00439121 2.51864e-05 0.00128627 0.000282411 -1.74499e-06 -1.18267e-05 5.53552e-05 0.00436152 1.31379e-05 -0.000551904 -0.0021183 -0.00408806
internal_weight=5772 82 57 5690 109 79 5581 5559 4944 48 4896 615 158 115
internal_count=5772 82 57 5690 109 79 5581 5559 4944 48 4896 615 158 115
cat_boundaries=0 1
cat_threshold=22
is_linear=0
shrinkage=0.05


Tree=278
num_leaves=15
num_cat=0
split_feature=2 0 0 0 1 2 1 0 1 1 1 1 2 1
split_gain=0.095187 0.291651 0.267759 0.232447 0.151493 0.353615 0.120645 0.0795881 0.513504 0.43019 0.455654 0.395045 0.877783 0.429998
threshold=9.5000000000000018 66.250000000000014 58.250000000000007 64.750000000000014 1390.0000000000002 6.5000000000000009 1457.0000000000002 56.750000000000007 2350.0000000000005 1002.0000000000001 1021.0000000000001 1057.5000000000002 4.5000000000000009 1162.5000000000002
decision_type=2 2 2 2 2 2 2 2 2 2 2 2 2 2
left_child=1 3 6 7 5 -3 -2 -1 9 -9 -11 12 -12 -13
right_child=2 4 -4 -5 -6 -7 -8 8 -10 10 11 13 -14 -15
leaf_value=0.00021632353689261466 0.0030497973274794363 0.00066221872388961774 -0.0065399417248998021 -0.0044828390204829389 0.00031485874922229694 0.0099519356153905392 -0.0023763614235213027 0.0014349758468396336 -0.0066727962189664439 -0.0065595220894841795 -0.0022485207021236422 -0.0021923037647086727 0.011286231843025789 -0.00011912383449352276
leaf_weight=2486 21 21 21 29 26 20 20 398 30 29 25 280 23 2343
leaf_count=2486 21 21 21 29 26 20 20 398 30 29 25 280 23 2343
internal_value=-1.35511e-07 2.10224e-05 -0.00194871 -1.79149e-05 0.00330047 0.00519379 0.000402891 5.14941e-06 -0.000162683 -9.96409e-05 -0.000325855 -0.000258174 0.00423688 -0.000340432
internal_weight=5772 5710 62 5643 67 41 41 5614 3128 3098 2700 2671 48 2623
internal_count=5772 5710 62 5643 67 41 41 5614 3128 3098 2700 2671 48 2623
is_linear=0
shrinkage=0.05


Tree=279
num_leaves=15
num_cat=1
split_feature=0 2 0 1 3 2 0 0 2 0 1 2 2 1
split_gain=0.102893 0.462178 1.08468 0.0614715 0.0711492 0.130065 0.134447 0.0760278 0.340592 0.664454 0.253015 0.188403 0.647562 1.03914
threshold=65.250000000000014 7.5000000000000009 70.250000000000014 2450.0000000000005 0 3.5000000000000004 56.750000000000007 54.250000000000007 9.5000000000000018 57.750000000000007 2350.0000000000005 6.5000000000000009 5.5000000000000009 1804.0000000000002
decision_type=2 2 2 2 9 2 2 2 2 2 2 2 2 2
left_child=3 2 -2 4 7 6 -6 11 10 -10 -9 12 13 -1
right_child=1 -3 -4 -5 5 -7 -8 8 9 -11 -12 -13 -14 -15
leaf_value=-0.00033232631288625659 -0.009512608359930003 0.0039094113707542422 0.0047861204424407338 0.0026630907361818988 -0.0017640566430054607 0.0041398109247287119 0.0023616425376624256 3.6197702843813869e-05 -0.00072628930743771241 0.011206147938501091 -0.0055990961007773878 -0.002023577802708443 0.0028709338096258065 -0.01010589747922495
leaf_weight=291 36 25 21 22 40 30 39 4876 28 20 20 158 136 30
leaf_count=291 36 25 21 22 40 30 39 4876 28 20 20 158 136 30
internal_value=-1.28761e-07 -0.00175866 -0.00424466 2.52139e-05 1.49751e-05 0.00122467 0.000272681 -1.09279e-05 5.42688e-05 0.00424556 1.31777e-05 -0.000535223 -2.06496e-05 -0.00124574
internal_weight=5772 82 57 5690 5668 109 79 5559 4944 48 4896 615 457 321
internal_count=5772 82 57 5690 5668 109 79 5559 4944 48 4896 615 457 321
cat_boundaries=0 1
cat_threshold=22
is_linear=0
shrinkage=0.05


Tree=280
num_leaves=15
num_cat=0
split_feature=0 2 0 0 1 1 0 0 0 2 1 0 0 0
split_gain=0.110643 0.346125 0.257784 0.203424 0.0559165 0.587043 0.451833 0.517479 0.443218 0.356477 0.590392 1.52039 2.46012 1.00295
threshold=68.250000000000014 6.5000000000000009 66.250000000000014 64.250000000000014 1545.0000000000002 1524.0000000000002 61.750000000000007 60.750000000000007 51.750000000000007 6.5000000000000009 1632.5000000000002 57.750000000000007 59.250000000000007 54.750000000000007
decision_type=2 2 2 2 2 2 2 2 2 2 2 2 2 2
left_child=2 -2 3 4 5 -1 7 8 -6 -10 11 13 -13 -11
right_child=1 -3 -4 -5 6 -7 -8 -9 9 10 -12 12 -14 -15
leaf_value=-2.6435467104775202e-05 0.0024329866049811245 -0.0063918749527074395 0.0049866138026118285 -0.0036020906654019389 0.0077137682819738984 -0.008215189411897552 0.0060766715782158308 -0.0053765501259121955 0.00066704042190575831 -0.0088251605053387954 0.00049775907544920457 -0.022716284057740111 0.00040966401929440712 0.0040863518376904979
leaf_weight=4238 20 25 26 39 20 22 33 41 1005 21 183 23 23 53
leaf_count=4238 20 25 26 39 20 22 33 41 1005 21 183 23 23 53
internal_value=-1.22292e-07 -0.00246971 1.92826e-05 -3.37146e-06 2.14166e-05 -6.87248e-05 0.000295313 0.000155952 0.00032676 0.000213809 -0.00128949 -0.00401503 -0.0111533 0.000422274
internal_weight=5772 45 5727 5701 5662 4260 1402 1369 1328 1308 303 120 46 74
internal_count=5772 45 5727 5701 5662 4260 1402 1369 1328 1308 303 120 46 74
is_linear=0
shrinkage=0.05


Tree=281
num_leaves=15
num_cat=0
split_feature=0 2 0 1 1 0 1 0 0 0 1 1 0 0
split_gain=0.0998549 0.312378 0.23265 0.187983 0.0505763 0.777044 0.599671 0.516715 0.503845 0.457892 0.541398 0.404057 2.03597 0.573759
threshold=68.250000000000014 6.5000000000000009 66.250000000000014 810.00000000000011 1604.5000000000002 60.750000000000007 1645.0000000000002 53.250000000000007 64.750000000000014 62.750000000000007 1390.0000000000002 1545.0000000000002 60.750000000000007 57.750000000000007
decision_type=2 2 2 2 2 2 2 2 2 2 2 2 2 2
left_child=2 -2 3 -1 8 6 -6 -8 9 11 -11 -5 13 -13
right_child=1 -3 -4 4 5 -7 7 -9 -10 10 -12 12 -14 -15
leaf_value=-0.004165339549244554 0.0023113373247906567 -0.0060722815706394616 0.0047372827521310404 -7.2029574439277312e-05 -0.0057823628675015204 -0.006660138725546068 0.0060382378214087935 5.0714375764324241e-05 0.0076275802111591814 -0.00033549969666637482 -0.0099134336835704755 0.0018609776852767251 0.01529543572664261 -0.0015449614996802721
leaf_weight=27 20 25 26 4192 42 46 38 696 22 36 25 365 25 187
leaf_count=27 20 25 26 4192 42 46 38 696 22 36 25 365 25 187
internal_value=-1.16179e-07 -0.00234623 1.83184e-05 -3.20288e-06 1.66028e-05 -0.000346077 2.82101e-05 0.000360695 7.80461e-05 4.3659e-05 -0.00426088 9.87182e-05 0.00133923 0.000707154
internal_weight=5772 45 5727 5701 5674 822 776 734 4852 4830 61 4769 577 552
internal_count=5772 45 5727 5701 5674 822 776 734 4852 4830 61 4769 577 552
is_linear=0
shrinkage=0.05


Tree=282
num_leaves=15
num_cat=1
split_feature=0 2 1 0 0 1 2 1 3 0 1 1 0 1
split_gain=0.0966451 0.767378 0.1718 0.252333 0.0548399 0.233422 1.50217 0.145395 0.0541081 0.434076 0.41676 0.343038 0.324472 0.313667
threshold=66.750000000000014 6.5000000000000009 810.00000000000011 64.750000000000014 62.250000000000007 1195.0000000000002 5.5000000000000009 1452.0000000000002 0 52.250000000000007 1595.0000000000002 2209.0000000000005 52.250000000000007 1195.0000000000002
decision_type=2 2 2 2 2 2 2 2 9 2 2 2 2 2
left_child=2 -2 -1 4 8 -6 -7 -8 9 10 -4 13 -10 -11
right_child=1 -3 3 -5 5 6 7 -9 12 11 -12 -13 -14 -15
leaf_value=-0.0039570722556500522 0.0038262362216388984 -0.0069764515797474565 -0.00010996294123205271 0.0044682788269710732 0.0030589540634537119 -0.013819372849095436 -0.00011176278432165938 0.0054699981957674025 0.0051637148440931927 -0.0010515592613322016 -0.0097359228069367615 -0.0058803862659260638 0.00010633213709862504 0.00040411646469052384
leaf_weight=27 31 35 22 32 24 21 28 20 32 505 23 25 3562 1385
leaf_count=27 31 35 22 32 24 21 28 20 32 505 23 25 3562 1385
internal_value=-1.10374e-07 -0.00190246 2.18937e-05 4.08111e-05 1.57219e-05 -0.0011884 -0.00266574 0.00221397 3.58845e-05 -0.00017497 -0.0050299 -6.17994e-05 0.000150942 1.51661e-05
internal_weight=5772 66 5706 5679 5647 93 69 48 5554 1960 45 1915 3594 1890
internal_count=5772 66 5706 5679 5647 93 69 48 5554 1960 45 1915 3594 1890
cat_boundaries=0 1
cat_threshold=16
is_linear=0
shrinkage=0.05


Tree=283
num_leaves=15
num_cat=0
split_feature=2 0 0 0 1 2 1 0 1 1 1 1 2 1
split_gain=0.0946364 0.276706 0.258824 0.222949 0.142271 0.38926 0.112202 0.063389 0.447812 0.396896 0.411212 0.356598 0.794089 0.386244
threshold=9.5000000000000018 66.250000000000014 58.250000000000007 64.750000000000014 1390.0000000000002 6.5000000000000009 1457.0000000000002 56.750000000000007 2350.0000000000005 1002.0000000000001 1021.0000000000001 1057.5000000000002 4.5000000000000009 1162.5000000000002
decision_type=2 2 2 2 2 2 2 2 2 2 2 2 2 2
left_child=1 3 6 7 5 -3 -2 -1 9 -9 -11 12 -12 -13
right_child=2 4 -4 -5 -6 -7 -8 8 -10 10 11 13 -14 -15
leaf_value=0.00019411533009375389 0.0029216009214343059 0.00029561898028034544 -0.0064570128612796819 -0.0043896917863909543 0.00032199278760414862 0.010042306547911722 -0.0023112409961322557 0.0013887796880637563 -0.0062235787728180496 -0.0062244113089099272 -0.0021360015869140623 -0.0020715255150155695 0.010737338208633922 -0.00010665086372902415
leaf_weight=2486 21 21 21 29 26 20 20 398 30 29 25 280 23 2343
leaf_count=2486 21 21 21 29 26 20 20 398 30 29 25 280 23 2343
internal_value=-1.04857e-07 2.09918e-05 -0.00194304 -1.69347e-05 0.00321531 0.0050501 0.000368995 5.65343e-06 -0.000144128 -8.52566e-05 -0.00030254 -0.000238245 0.00403247 -0.000316397
internal_weight=5772 5710 62 5643 67 41 41 5614 3128 3098 2700 2671 48 2623
internal_count=5772 5710 62 5643 67 41 41 5614 3128 3098 2700 2671 48 2623
is_linear=0
shrinkage=0.05


Tree=284
num_leaves=15
num_cat=0
split_feature=0 2 0 1 1 2 1 0 0 2 1 0 1 0
split_gain=0.101094 0.492338 1.03209 0.069658 0.0504364 0.772308 0.475816 0.54964 0.411723 1.19746 0.596375 0.491764 0.353583 0.329419
threshold=65.250000000000014 7.5000000000000009 70.250000000000014 2450.0000000000005 1604.5000000000002 3.5000000000000004 1645.0000000000002 53.250000000000007 57.250000000000007 7.5000000000000009 1960.0000000000002 58.250000000000007 1835.0000000000002 64.250000000000014
decision_type=2 2 2 2 2 2 2 2 2 2 2 2 2 2
left_child=3 2 -2 4 13 -6 -7 -8 9 -9 -11 12 -10 -1
right_child=1 -3 -4 -5 5 6 7 8 11 10 -12 -13 -14 -15
leaf_value=4.4957642871723402e-05 -0.0094476674780404821 0.004106900796294213 0.0045001111769427862 0.0028330591930584475 -0.0074086629722670124 -0.0050583245560780849 0.0062331199098529452 -5.1810956514366201e-05 0.00096467558548531747 -0.0021910882510599635 -0.013425719967387893 -2.9916832647977052e-05 0.0070283720913378277 0.0057992507237941034
leaf_weight=4845 36 25 21 22 37 44 37 326 44 21 27 209 53 25
leaf_count=4845 36 25 21 22 37 44 37 326 44 21 27 209 53 25
internal_value=-9.96247e-08 -0.00174319 -0.00430901 2.50204e-05 1.41212e-05 -0.000354339 -1.13557e-05 0.000298361 -2.45601e-05 -0.00113743 -0.00851057 0.00133561 0.00427783 7.44971e-05
internal_weight=5772 82 57 5690 5668 798 761 717 680 374 48 306 97 4870
internal_count=5772 82 57 5690 5668 798 761 717 680 374 48 306 97 4870
is_linear=0
shrinkage=0.05


Tree=285
num_leaves=15
num_cat=0
split_feature=0 2 0 0 0 1 1 0 1 1 0 0 0 1
split_gain=0.102322 0.0970534 0.98654 0.939449 0.643471 1.36593 2.42568 2.67608 0.79372 1.75699 0.964513 1.31792 0.724137 0.589382
threshold=71.500000000000014 7.5000000000000009 64.750000000000014 65.750000000000014 59.250000000000007 1201.5000000000002 1595.0000000000002 60.750000000000007 1405.0000000000002 1560.0000000000002 57.750000000000007 56.250000000000007 54.750000000000007 1082.5000000000002
decision_type=2 2 2 2 2 2 2 2 2 2 2 2 2 2
left_child=1 3 4 -1 8 -6 7 -7 13 -10 11 12 -11 -3
right_child=-2 2 -4 -5 5 6 -8 -9 9 10 -12 -13 -14 -15
leaf_value=9.297152823624809e-06 -0.0034838995608013307 -0.0015333899733971576 0.01155874215066433 -0.0074987308270508604 -0.010214269343054012 -0.0039064011959867046 -0.0091344272065565328 0.020485792490248775 -0.011302321056303169 -0.002733360668644309 0.0090305078924903942 -0.011184196346342408 0.0083468168122886582 0.0047293881474276831
leaf_weight=5209 21 49 20 42 42 22 34 23 35 30 31 24 29 161
leaf_count=5209 21 49 20 42 42 22 34 23 35 30 31 24 29 161
internal_value=-9.46403e-08 1.26266e-05 0.000678267 -5.07556e-05 0.000224914 -0.00292841 0.000945087 0.00856072 0.00128773 -0.00150335 0.0015051 -0.00130559 0.00271283 0.00326807
internal_weight=5772 5751 500 5251 480 121 79 45 359 149 114 83 59 210
internal_count=5772 5751 500 5251 480 121 79 45 359 149 114 83 59 210
is_linear=0
shrinkage=0.05


Tree=286
num_leaves=15
num_cat=0
split_feature=0 0 0 1 1 0 0 0 0 0 1 1 0 0
split_gain=0.0940861 0.182119 0.210183 0.0566896 0.52416 0.433401 0.464686 0.386111 0.358361 0.687763 0.34226 0.356724 1.20178 0.379486
threshold=69.750000000000014 66.250000000000014 64.750000000000014 1545.0000000000002 1524.0000000000002 61.750000000000007 60.750000000000007 51.750000000000007 52.750000000000007 53.250000000000007 1519.0000000000002 1405.0000000000002 59.750000000000007 56.250000000000007
decision_type=2 2 2 2 2 2 2 2 2 2 2 2 2 2
left_child=1 2 3 4 10 6 7 -5 -9 -10 11 -1 13 -13
right_child=-2 -3 -4 5 -6 -7 -8 8 9 -11 -12 12 -14 -15
leaf_value=6.5652793264135776e-05 -0.0024476210813587293 0.0037780214101076127 -0.0042503859398180044 0.0072109640063717966 -0.0077713000704534357 0.0058692164369858807 -0.0050883081707558259 -0.0059752298842953603 0.0080719976619418182 0.00014891283773330348 0.004962882670738241 0.0013241900920186391 -0.009130596711664744 -0.0021811487318953806
leaf_weight=3858 39 32 29 20 22 34 41 23 28 1257 34 151 46 158
leaf_count=3858 39 32 29 20 22 34 41 23 28 1257 34 151 46 158
internal_value=-8.99168e-08 1.656e-05 -4.55332e-06 1.71549e-05 -7.34641e-05 0.000292887 0.000154396 0.000316256 0.000210833 0.000321556 -3.35884e-05 -7.39112e-05 -0.00159064 -0.000468184
internal_weight=5772 5733 5701 5672 4269 1403 1369 1328 1308 1285 4247 4213 355 309
internal_count=5772 5733 5701 5672 4269 1403 1369 1328 1308 1285 4247 4213 355 309
is_linear=0
shrinkage=0.05


Tree=287
num_leaves=15
num_cat=0
split_feature=2 0 0 0 1 0 1 1 0 2 2 0 0 0
split_gain=0.0877479 0.283227 0.249896 0.188403 0.144002 0.338846 0.0827647 0.0625509 0.469323 0.790903 0.744143 0.855979 1.78566 0.54175
threshold=9.5000000000000018 66.250000000000014 58.250000000000007 64.750000000000014 1390.0000000000002 69.750000000000014 1457.0000000000002 1519.0000000000002 61.750000000000007 7.5000000000000009 8.5000000000000018 54.250000000000007 56.750000000000007 54.750000000000007
decision_type=2 2 2 2 2 2 2 2 2 2 2 2 2 2
left_child=1 3 6 7 5 -3 -2 -1 9 13 11 -11 -13 -9
right_child=2 4 -4 -5 -6 -7 -8 8 -10 10 -12 12 -14 -15
leaf_value=-9.5040349961845376e-05 0.0025931664831226782 0.0097556105267722158 -0.0063064065673166803 -0.0040378671316108825 0.00034110936551139906 0.00066195076686285795 -0.0019011117669288072 0.0027655550459871748 0.0060065546192760982 -0.015164561159908772 0.002155094067566097 0.0087990809974837162 -0.0085246233876758067 5.0188572748296952e-05
leaf_weight=4182 21 20 21 29 26 21 20 223 35 20 40 21 51 1042
leaf_count=4182 21 20 21 29 26 21 20 223 35 20 40 21 51 1042
internal_value=-8.54158e-08 2.02289e-05 -0.00187097 -1.81419e-05 0.00325197 0.00509788 0.000400836 2.62262e-06 0.000287837 0.000144562 -0.00353835 -0.00601376 -0.00347188 0.000528866
internal_weight=5772 5710 62 5643 67 41 41 5614 1432 1397 132 92 72 1265
internal_count=5772 5710 62 5643 67 41 41 5614 1432 1397 132 92 72 1265
is_linear=0
shrinkage=0.05


Tree=288
num_leaves=15
num_cat=0
split_feature=0 2 1 0 0 1 2 1 2 0 1 1 0 2
split_gain=0.095875 0.780669 0.153941 0.27181 0.0565915 0.271427 1.33807 0.108449 0.063454 0.881373 0.0999577 0.867765 0.977404 1.24922
threshold=66.750000000000014 6.5000000000000009 880.00000000000011 64.750000000000014 62.250000000000007 1195.0000000000002 5.5000000000000009 1452.0000000000002 9.5000000000000018 57.250000000000007 1804.0000000000002 1878.0000000000002 53.250000000000007 7.5000000000000009
decision_type=2 2 2 2 2 2 2 2 2 2 2 2 2 2
left_child=2 -2 -1 4 8 -6 -7 -8 10 -10 -4 -12 -13 -14
right_child=1 -3 3 -5 5 6 7 -9 9 -11 11 12 13 -15
leaf_value=-0.0027977942033127574 0.0038832576254442816 -0.0070125799340062913 8.5910784542067727e-05 0.0046408690337557349 0.0034936680676132116 -0.013305043579921835 -0.00018142720385055458 0.0046392649039626128 -0.003522150576904868 0.0092282253717396248 -0.009944894572254271 0.010617289724759758 0.00029788162843804585 -0.0085536475608953173
leaf_weight=48 31 35 5040 32 23 21 28 20 33 23 24 20 349 45
leaf_count=48 31 35 5040 32 23 21 28 20 33 23 24 20 349 45
internal_value=-8.11497e-08 -0.00189484 2.18351e-05 4.57556e-05 1.96191e-05 -0.00121028 -0.00277827 0.00182719 4.00657e-05 0.00171461 2.29473e-05 -0.000701564 -0.000165719 -0.00071308
internal_weight=5772 66 5706 5658 5626 92 69 48 5534 56 5478 438 414 394
internal_count=5772 66 5706 5658 5626 92 69 48 5534 56 5478 438 414 394
is_linear=0
shrinkage=0.05


Tree=289
num_leaves=15
num_cat=1
split_feature=2 3 0 0 0 1 2 0 2 2 2 1 0 2
split_gain=0.0875209 0.0900627 0.758343 0.430979 0.30965 0.277763 0.265905 0.221769 1.59743 0.908759 0.753405 0.959023 0.592524 0.518936
threshold=10.500000000000002 0 65.750000000000014 66.250000000000014 61.750000000000007 2230.0000000000005 5.5000000000000009 61.250000000000007 5.5000000000000009 4.5000000000000009 7.5000000000000009 1452.0000000000002 62.750000000000007 6.5000000000000009
decision_type=2 9 2 2 2 2 2 2 2 2 2 2 2 2
left_child=1 2 4 7 5 -1 -6 -3 9 -9 11 12 13 -10
right_child=-2 3 -4 -5 6 -7 -8 8 10 -11 -12 -13 -14 -15
leaf_value=-0.0001445539678466258 -0.0030782632853673855 0.00021255167840532105 -0.0077564094684820506 0.0053333228101837453 5.6387821123713539e-05 -0.0055529861109486472 0.0079222521279007207 -0.0021127973181697037 -0.0072999553984592919 0.010084881886487476 -0.010151555264712356 -0.01020304014763007 0.0083193270803894864 0.0033213468997374826
leaf_weight=2187 23 3225 33 40 21 24 22 26 23 37 42 26 20 23
leaf_count=2187 23 3225 33 40 21 24 22 26 23 37 42 26 20 23
internal_value=-7.70817e-08 1.22378e-05 -0.000230692 0.000172884 -0.000121534 -0.000203262 0.00408078 0.000113069 -0.00151552 0.00505092 -0.00460273 -0.00206957 0.00113452 -0.0019893
internal_weight=5772 5749 2287 3462 2254 2211 43 3422 197 63 134 92 66 46
internal_count=5772 5749 2287 3462 2254 2211 43 3422 197 63 134 92 66 46
cat_boundaries=0 1
cat_threshold=18
is_linear=0
shrinkage=0.05


Tree=290
num_leaves=15
num_cat=0
split_feature=0 2 1 0 0 1 2 1 2 0 1 1 0 2
split_gain=0.0848659 0.718424 0.146064 0.247483 0.057611 0.19159 1.27622 0.114355 0.0621286 0.798817 0.0852428 0.786005 0.886191 1.12524
threshold=66.750000000000014 6.5000000000000009 810.00000000000011 64.750000000000014 62.250000000000007 1195.0000000000002 5.5000000000000009 1452.0000000000002 9.5000000000000018 57.250000000000007 1804.0000000000002 1878.0000000000002 53.250000000000007 7.5000000000000009
decision_type=2 2 2 2 2 2 2 2 2 2 2 2 2 2
left_child=2 -2 -1 4 8 -6 -7 -8 10 -10 -4 -12 -13 -14
right_child=1 -3 3 -5 5 6 7 -9 9 -11 11 12 13 -15
leaf_value=-0.0036483020400973386 0.0037602284412470558 -0.0066922043809401147 7.4854837866955625e-05 0.0044226984668057417 0.0026269610854797068 -0.012840066424437933 -0.00012428003278078646 0.0048259261995553977 -0.0032946733221637481 0.008843878846939492 -0.0094493495179146236 0.010125288749113679 0.00029602842297028742 -0.008104774870314739
leaf_weight=27 31 35 5060 32 24 21 28 20 33 23 24 20 349 45
leaf_count=27 31 35 5060 32 24 21 28 20 33 23 24 20 349 45
internal_value=-7.32175e-08 -0.00178273 2.05463e-05 3.79894e-05 1.31424e-05 -0.00122103 -0.00255946 0.00193831 3.38082e-05 0.0016908 1.69309e-05 -0.000652236 -0.000142259 -0.000663454
internal_weight=5772 66 5706 5679 5647 93 69 48 5554 56 5498 438 414 394
internal_count=5772 66 5706 5679 5647 93 69 48 5554 56 5498 438 414 394
is_linear=0
shrinkage=0.05


Tree=291
num_leaves=15
num_cat=0
split_feature=2 0 0 0 2 1 1 0 1 0 2 0 0 1
split_gain=0.083013 0.276426 0.269203 0.205904 0.139181 0.0795999 0.0658782 0.491816 0.932091 1.40808 1.77325 0.792343 0.554834 0.451189
threshold=9.5000000000000018 66.250000000000014 58.250000000000007 64.750000000000014 6.5000000000000009 1457.0000000000002 1519.0000000000002 52.750000000000007 1560.0000000000002 55.750000000000007 5.5000000000000009 60.750000000000007 53.250000000000007 1615.0000000000002
decision_type=2 2 2 2 2 2 2 2 2 2 2 2 2 2
left_child=1 3 5 6 -3 -2 -1 13 9 -9 -11 12 -10 -8
right_child=2 4 -4 -5 -6 -7 7 8 11 10 -12 -13 -14 -15
leaf_value=-9.673760532536357e-05 0.002688161587520015 0.00089923768854615357 -0.0064233654799560717 -0.0042204934140217714 0.0054575203503619005 -0.0017193519696593286 -0.00016492764698341491 0.016591630663190568 0.0073398726959047582 -0.0035037534772597539 0.011761330403387546 -0.0052828622073866427 0.00021923903303189981 -0.010200453079527334
leaf_weight=4182 21 33 21 29 34 20 24 21 28 52 30 65 1191 21
leaf_count=4182 21 33 21 29 34 20 24 21 28 52 30 65 1191 21
internal_value=-6.95569e-08 1.96891e-05 -0.00181978 -1.82183e-05 0.0032124 0.000538155 3.48924e-06 0.000296191 0.000463095 0.0050395 0.00208103 9.59845e-05 0.000382797 -0.00484817
internal_weight=5772 5710 62 5643 67 41 5614 1432 1387 103 82 1284 1219 45
internal_count=5772 5710 62 5643 67 41 5614 1432 1387 103 82 1284 1219 45
is_linear=0
shrinkage=0.05


Tree=292
num_leaves=15
num_cat=0
split_feature=0 2 1 0 1 1 0 0 2 1 0 0 2 1
split_gain=0.0887847 0.669443 0.130419 0.239534 0.0536751 0.493292 0.396531 0.359278 0.353361 0.516507 1.22327 2.30249 0.932031 0.475916
threshold=66.750000000000014 6.5000000000000009 810.00000000000011 64.750000000000014 1545.0000000000002 1524.0000000000002 61.750000000000007 51.750000000000007 6.5000000000000009 1632.5000000000002 57.750000000000007 59.250000000000007 7.5000000000000009 2039.0000000000002
decision_type=2 2 2 2 2 2 2 2 2 2 2 2 2 2
left_child=2 -2 -1 4 5 -4 7 -6 -9 10 12 -12 -10 -11
right_child=1 -3 3 -5 6 -7 -8 8 9 13 11 -13 -14 -15
leaf_value=-0.0034457768022548409 0.0035272548914015776 -0.0065625800844281912 -3.6657419572743951e-05 0.004351222397235688 0.0068010369641706347 -0.0075431879271160478 0.0056150355526958318 0.00050134580375259458 0.004653445521936468 0.0022079057420280337 -0.021577990751804624 -0.00055076866410672662 -0.0069168117562575003 -0.0028858950609186047
leaf_weight=27 31 35 4222 32 20 22 34 1029 46 118 23 30 28 75
leaf_count=27 31 35 4222 32 20 22 34 1029 46 118 23 30 28 75
internal_value=-6.61075e-08 -0.00182342 2.10242e-05 3.75066e-05 1.30619e-05 -7.55697e-05 0.000281168 0.000148698 5.00715e-05 -0.00140106 -0.00387739 -0.00967579 0.00027551 0.000228449
internal_weight=5772 66 5706 5679 5647 4244 1403 1369 1349 320 127 53 74 193
internal_count=5772 66 5706 5679 5647 4244 1403 1369 1349 320 127 53 74 193
is_linear=0
shrinkage=0.05


Tree=293
num_leaves=15
num_cat=1
split_feature=0 2 0 1 3 1 0 2 0 1 0 2 0 1
split_gain=0.0824108 0.481762 0.974957 0.0740725 0.0655785 0.118493 0.0993381 0.332151 0.592678 0.208948 0.540057 0.750844 0.65736 0.172888
threshold=65.250000000000014 7.5000000000000009 70.250000000000014 2450.0000000000005 0 1185.5000000000002 54.250000000000007 9.5000000000000018 57.750000000000007 2008.0000000000002 57.250000000000007 5.5000000000000009 58.250000000000007 1804.0000000000002
decision_type=2 2 2 2 9 2 2 2 2 2 2 2 2 2
left_child=3 2 -2 4 6 -6 13 9 -9 -8 11 -11 -12 -1
right_child=1 -3 -4 -5 5 -7 7 8 -10 10 12 -13 -14 -15
leaf_value=-0.000279353859445719 -0.0091063807980390262 0.0042130553275346759 0.0044498572547343523 0.0029182662256062031 0.0040842761784525856 0.00031109303236007694 8.4828626088373726e-05 -0.00049556927821998087 0.010773968665162101 -0.0001986861941404641 0.0065962794556980956 -0.0092670527733086303 -0.0021881891698413121 -0.0027205497896786602
leaf_weight=531 36 25 21 22 28 81 4713 28 20 50 34 42 57 84
leaf_count=531 36 25 21 22 28 81 4713 28 20 50 34 42 57 84
internal_value=-6.27752e-08 -0.00157386 -0.00411198 2.26176e-05 1.13783e-05 0.00117276 -1.34793e-05 6.10431e-05 0.00420007 2.04644e-05 -0.00163718 -0.00433859 0.00109392 -0.000612785
internal_weight=5772 82 57 5690 5668 109 5559 4944 48 4896 183 92 91 615
internal_count=5772 82 57 5690 5668 109 5559 4944 48 4896 183 92 91 615
cat_boundaries=0 1
cat_threshold=22
is_linear=0
shrinkage=0.05


Tree=294
num_leaves=15
num_cat=0
split_feature=0 2 0 0 0 1 0 0 1 1 1 1 1 1
split_gain=0.0842769 0.140316 0.902356 0.864379 0.589178 1.2406 2.1422 0.65644 1.71802 1.52945 0.962227 0.533824 0.524014 0.508555
threshold=71.500000000000014 7.5000000000000009 64.750000000000014 65.750000000000014 59.250000000000007 1201.5000000000002 60.750000000000007 54.750000000000007 1632.5000000000002 1390.0000000000002 2075.0000000000005 1195.0000000000002 1082.5000000000002 1519.0000000000002
decision_type=2 2 2 2 2 2 2 2 2 2 2 2 2 2
left_child=1 3 4 -1 7 -6 13 8 9 -3 12 -5 -9 -7
right_child=-2 2 -4 11 5 6 -8 10 -10 -11 -12 -13 -14 -15
leaf_value=-7.1217092322348055e-06 -0.0031617772687847416 -0.00015542938994864624 0.01121774783357978 -0.01258354681247676 -0.0095826502667651289 -0.00065005553886294371 0.010050919589896998 -0.0019386347478780994 0.0079621175483155712 -0.017089792302188777 -0.0074958758640357049 -0.0012968381145037711 0.0043542135190197326 -0.011551756602104592
leaf_weight=5209 21 30 20 22 42 20 36 39 26 24 22 20 218 23
leaf_count=5209 21 30 20 22 42 20 36 39 26 24 22 20 218 23
internal_value=-5.96289e-08 1.14855e-05 0.00081185 -6.47252e-05 0.000378271 -0.00263909 0.00105243 0.00139526 -0.00259754 -0.00768181 0.00254015 -0.00720892 0.00339927 -0.0064812
internal_weight=5772 5751 500 5251 480 121 79 359 80 54 279 42 257 43
internal_count=5772 5751 500 5251 480 121 79 359 80 54 279 42 257 43
is_linear=0
shrinkage=0.05


Tree=295
num_leaves=15
num_cat=0
split_feature=2 2 0 0 1 1 0 1 1 2 1 1 0 0
split_gain=0.0870753 0.0971055 0.526526 0.647357 1.56994 2.54407 0.470158 2.29627 1.68406 0.728115 1.33012 0.70068 0.869192 0.375312
threshold=10.500000000000002 7.5000000000000009 66.250000000000014 59.250000000000007 1265.0000000000002 1595.0000000000002 54.750000000000007 1632.5000000000002 1345.0000000000002 9.5000000000000018 1910.0000000000002 1195.0000000000002 55.250000000000007 65.750000000000014
decision_type=2 2 2 2 2 2 2 2 2 2 2 2 2 2
left_child=1 13 3 6 -5 -6 7 8 -3 10 11 -8 -13 -1
right_child=-2 2 -4 4 5 -7 9 -9 -10 -11 -12 12 -14 -15
leaf_value=-6.7656276379354397e-06 -0.0030703977155296701 0.0010260732486270941 0.0084330958092496515 -0.0098306646124304582 0.010562477066802483 -0.008006342886947097 -0.0019458491222134661 0.010467828450724484 -0.01696995201637037 0.01095490940725026 -0.0095264718838734552 0.011157994010902353 0.0025146314713750937 -0.0041588436185636306
leaf_weight=5209 23 26 21 48 39 35 56 25 26 23 24 38 124 55
leaf_count=5209 23 26 21 48 39 35 56 25 26 23 24 38 124 55
internal_value=-5.66541e-08 1.22268e-05 0.000689218 0.000338741 -0.00278817 0.00177993 0.00145419 -0.001985 -0.00797194 0.0024535 0.00164552 0.00287546 0.00454209 -5.01479e-05
internal_weight=5772 5749 485 464 122 74 342 77 52 265 242 218 162 5264
internal_count=5772 5749 485 464 122 74 342 77 52 265 242 218 162 5264
is_linear=0
shrinkage=0.05


Tree=296
num_leaves=15
num_cat=0
split_feature=2 0 0 0 1 2 1 1 0 1 0 2 0 0
split_gain=0.0938074 0.300135 0.266938 0.189143 0.170791 0.365131 0.0675458 0.0599641 0.453445 0.856068 1.31379 1.56254 0.754644 0.492014
threshold=9.5000000000000018 66.250000000000014 58.250000000000007 64.750000000000014 1390.0000000000002 6.5000000000000009 1457.0000000000002 1519.0000000000002 52.750000000000007 1560.0000000000002 55.750000000000007 5.5000000000000009 60.750000000000007 53.750000000000007
decision_type=2 2 2 2 2 2 2 2 2 2 2 2 2 2
left_child=1 3 6 7 5 -3 -2 -1 -9 10 -10 -12 13 -11
right_child=2 4 -4 -5 -6 -7 -8 8 9 12 11 -13 -14 -15
leaf_value=-9.336631610505679e-05 0.0023940704851633031 0.00075328500409211436 -0.0065186412716727888 -0.0040461633354425429 0.00017767644558961575 0.010193064296618105 -0.0016660259128548204 -0.0046580987599574861 0.015986237076798544 0.0062123555583613261 -0.0032726161266999464 0.011056861697385709 -0.0051593770283775839 0.00019714807841361058
leaf_weight=4182 21 21 21 29 26 20 20 45 21 35 52 30 65 1184
leaf_count=4182 21 21 21 29 26 20 20 45 21 35 52 30 65 1184
internal_value=-5.38301e-08 2.09502e-05 -0.00193446 -1.85494e-05 0.00334776 0.00535806 0.000413536 2.25591e-06 0.00028151 0.000441771 0.00482758 0.00196988 8.99504e-05 0.000369857
internal_weight=5772 5710 62 5643 67 41 41 5614 1432 1387 103 82 1284 1219
internal_count=5772 5710 62 5643 67 41 41 5614 1432 1387 103 82 1284 1219
is_linear=0
shrinkage=0.05


Tree=297
num_leaves=15
num_cat=0
split_feature=0 0 0 1 2 0 0 2 2 1 0 0 0 2
split_gain=0.0899638 0.173087 0.171879 0.0576732 0.856017 0.539531 0.443199 0.504652 1.34086 0.694895 0.295906 0.234343 0.210706 0.533868
threshold=69.750000000000014 66.250000000000014 64.750000000000014 1835.0000000000002 4.5000000000000009 60.250000000000007 53.750000000000007 8.5000000000000018 7.5000000000000009 2350.0000000000005 58.250000000000007 58.750000000000007 55.250000000000007 5.5000000000000009
decision_type=2 2 2 2 2 2 2 2 2 2 2 2 2 2
left_child=1 2 3 -1 10 6 -6 8 9 11 -5 12 -8 -14
right_child=-2 -3 -4 4 5 -7 7 -9 -10 -11 -12 -13 13 -15
leaf_value=-3.1186013709198594e-05 -0.00239336411946286 0.0036832344318099789 -0.0038438556940648067 -0.0021352270129136744 0.0079748386749997745 0.0093641477770039019 -0.0010647147964035354 0.0071825333853700645 -0.010168380264578196 0.0072284140298143036 -0.0087890890523946545 -0.0034468414372382447 -0.00087693272643232843 0.0063359828255868155
leaf_weight=5228 39 32 29 55 22 21 83 27 29 40 24 39 58 46
leaf_count=5228 39 32 29 55 22 21 83 27 29 40 24 39 58 46
internal_value=-5.11365e-08 1.62299e-05 -4.35318e-06 1.52776e-05 0.000562376 0.00158375 0.00110879 0.00063968 4.08424e-05 0.00115388 -0.00415665 7.87388e-05 0.00081402 0.0023134
internal_weight=5772 5733 5701 5672 444 365 344 322 295 266 79 226 187 104
internal_count=5772 5733 5701 5672 444 365 344 322 295 266 79 226 187 104
is_linear=0
shrinkage=0.05


Tree=298
num_leaves=15
num_cat=0
split_feature=2 0 0 0 1 0 1 1 0 0 2 2 0 2
split_gain=0.0908071 0.267178 0.238309 0.154066 0.15291 0.340444 0.0661985 0.0557531 0.371145 0.556762 1.93864 0.37691 0.457097 0.728847
threshold=9.5000000000000018 66.250000000000014 58.250000000000007 64.750000000000014 1390.0000000000002 69.750000000000014 1457.0000000000002 1011.0000000000001 53.750000000000007 56.250000000000007 6.5000000000000009 3.5000000000000004 57.750000000000007 5.5000000000000009
decision_type=2 2 2 2 2 2 2 2 2 2 2 2 2 2
left_child=1 3 6 7 5 -3 -2 8 -1 10 -10 -11 13 -13
right_child=2 4 -4 -5 -6 -7 -8 -9 9 11 -12 12 -14 -15
leaf_value=0.0059493937322885951 0.0022759263625457176 0.0097303077200194821 -0.0062346477227817687 -0.0036516623860546231 0.00015991715212854057 0.00061523373061347572 -0.0017434741975739599 -5.9746944181726076e-05 0.0003645943771684719 0.0057341417034400544 -0.01086432119197351 0.000320848416779715 -0.00024308064355959302 0.0085108038778840146
leaf_weight=29 21 20 21 29 26 21 20 4864 211 42 47 71 306 44
leaf_count=29 21 20 21 29 26 21 20 4864 211 42 47 71 306 44
internal_value=-4.85882e-08 2.06168e-05 -0.00190327 -1.6651e-05 0.00315946 0.00506161 0.000315243 2.1262e-06 0.000403394 0.000180323 -0.00168098 0.00121751 0.000766919 0.0034544
internal_weight=5772 5710 62 5643 67 41 41 5614 750 721 258 463 421 115
internal_count=5772 5710 62 5643 67 41 41 5614 750 721 258 463 421 115
is_linear=0
shrinkage=0.05


Tree=299
num_leaves=15
num_cat=0
split_feature=0 2 2 0 1 1 0 1 0 0 0 1 0 1
split_gain=0.0871322 0.723979 0.125739 0.681798 0.928959 1.08667 1.22922 0.830656 1.17798 1.09573 0.65617 0.559711 0.445633 0.442301
threshold=66.750000000000014 6.5000000000000009 7.5000000000000009 61.750000000000007 1433.5000000000002 1560.0000000000002 59.750000000000007 1390.0000000000002 57.250000000000007 59.750000000000007 57.250000000000007 1910.0000000000002 64.750000000000014 1668.0000000000002
decision_type=2 2 2 2 2 2 2 2 2 2 2 2 2 2
left_child=2 -2 12 4 7 -6 10 9 -9 -4 11 13 -1 -7
right_child=1 -3 3 -5 5 6 -8 8 -10 -11 -12 -13 -14 -15
leaf_value=-1.8233574880254538e-05 0.0037579978921360546 -0.0067347672255709777 0.002040878721476022 0.0070429137016981254 -0.0096733927681315248 -0.0029720946680754424 -0.011613301799765656 0.014078337489157886 5.8793816073187465e-05 -0.0087726833997294317 0.0061155699000277741 -0.0062922639631186467 -0.0065805411718499202 0.0073016143033534974
leaf_weight=5192 31 35 177 40 41 20 21 31 29 27 47 33 26 22
leaf_count=5192 31 35 177 40 41 20 21 31 29 27 47 33 26 22
internal_value=-4.61438e-08 -0.00180635 2.08469e-05 0.000788351 0.000229908 -0.00249732 -0.000439851 0.00213071 0.00730222 0.000609672 0.00148345 -0.00141935 -5.09319e-05 0.00240937
internal_weight=5772 66 5706 488 448 184 143 264 60 204 122 75 5218 42
internal_count=5772 66 5706 488 448 184 143 264 60 204 122 75 5218 42
is_linear=0
shrinkage=0.05


Tree=300
num_leaves=15
num_cat=0
split_feature=2 0 0 1 2 0 1 1 0 2 0 0 0 1
split_gain=0.0845514 0.253041 0.202852 0.13659 0.374772 0.124268 0.0564277 0.435302 0.368966 0.912737 1.92544 1.16607 0.695922 0.693121
threshold=9.5000000000000018 66.250000000000014 58.250000000000007 1390.0000000000002 6.5000000000000009 64.750000000000014 1545.0000000000002 1524.0000000000002 54.750000000000007 5.5000000000000009 53.250000000000007 52.250000000000007 55.250000000000007 1609.5000000000002
decision_type=2 2 2 2 2 2 2 2 2 2 2 2 2 2
left_child=1 5 -2 4 -3 6 7 -1 9 11 -11 -8 -10 -13
right_child=2 3 -4 -5 -6 -7 8 -9 12 10 -12 13 -14 -15
leaf_value=-5.326213674421764e-05 0.00021028937999068237 0.00020719531568742937 -0.0058327241944858719 0.00023960886308206964 0.0097707785730017354 -0.0032809845412728085 -0.011920850653023948 -0.0071048125651114709 -0.0031019914281028888 0.015305987957187676 0.0013775176533963533 -0.0041761149160770908 0.00041080374617941232 0.004814310657422779
leaf_weight=4215 41 21 21 26 20 29 21 22 165 33 100 36 969 53
leaf_count=4215 41 21 21 26 20 29 21 22 165 33 100 36 969 53
internal_value=-4.38493e-08 1.98971e-05 -0.00183654 0.00307457 0.00487236 -1.63715e-05 4.92393e-07 -8.98763e-05 0.000278555 0.00204662 0.00483345 -0.0013229 -0.000100317 0.00117773
internal_weight=5772 5710 62 67 41 5643 5614 4237 1377 243 133 110 1134 89
internal_count=5772 5710 62 67 41 5643 5614 4237 1377 243 133 110 1134 89
is_linear=0
shrinkage=0.05


Tree=301
num_leaves=15
num_cat=0
split_feature=0 2 2 0 1 1 0 1 0 0 0 1 0 1
split_gain=0.0910307 0.683227 0.113098 0.62326 0.845854 0.9665 1.09834 0.74865 1.06278 0.984866 0.606193 0.504548 0.401491 0.392395
threshold=66.750000000000014 6.5000000000000009 7.5000000000000009 61.750000000000007 1433.5000000000002 1560.0000000000002 59.750000000000007 1390.0000000000002 57.250000000000007 59.750000000000007 57.250000000000007 1910.0000000000002 56.750000000000007 1668.0000000000002
decision_type=2 2 2 2 2 2 2 2 2 2 2 2 2 2
left_child=2 -2 -1 4 7 12 10 9 -9 -4 11 13 -6 -7
right_child=1 -3 3 -5 5 6 -8 8 -10 -11 -12 -13 -14 -15
leaf_value=-4.6761591043092176e-05 0.0035591633674959024 -0.0066340134399277828 0.0019419394162520345 0.0067292503441149162 -0.014224785761907697 -0.0028523879032582044 -0.011008580286233199 0.013374958208371555 5.8517155462297911e-05 -0.0083099806366522828 0.005823527773881846 -0.0060453216474729054 -0.0043261549147289432 0.0068243736178952869
leaf_weight=5218 31 35 177 40 20 20 21 31 29 27 47 33 21 22
leaf_count=5218 31 35 177 40 20 20 21 31 29 27 47 33 21 22
internal_value=-4.1645e-08 -0.00184631 2.13137e-05 0.000749217 0.000215286 -0.0023871 -0.000446724 0.00202907 0.00693868 0.000585068 0.0013713 -0.00141876 -0.00915476 0.00221639
internal_weight=5772 66 5706 488 448 184 143 264 60 204 122 75 41 42
internal_count=5772 66 5706 488 448 184 143 264 60 204 122 75 41 42
is_linear=0
shrinkage=0.05


Tree=302
num_leaves=15
num_cat=0
split_feature=0 2 1 0 0 1 2 1 2 1 1 1 1 0
split_gain=0.0821552 0.616612 0.112023 0.297915 0.0601848 0.227959 1.07457 0.0769662 0.0643779 0.48495 0.391503 0.778286 0.495327 0.178674
threshold=66.750000000000014 6.5000000000000009 880.00000000000011 64.750000000000014 62.250000000000007 1195.0000000000002 5.5000000000000009 1452.0000000000002 8.5000000000000018 1835.0000000000002 1433.5000000000002 1370.0000000000002 1195.0000000000002 52.750000000000007
decision_type=2 2 2 2 2 2 2 2 2 2 2 2 2 2
left_child=2 -2 -1 4 8 -6 -7 -8 13 10 11 12 -10 -4
right_child=1 -3 3 -5 5 6 7 -9 9 -11 -12 -13 -14 -15
leaf_value=-0.0023850485562434188 0.0033812050557424944 -0.0063023132262086225 -0.0021682220095548261 0.0048513692832784731 0.0030558142811059953 -0.012125555425882339 -0.00025698137240916756 0.0038041449710726743 0.0029753069011255718 0.0071365458287160708 -0.0037853655595408413 0.010200370551042615 -0.0054921286120530105 4.2603568392436137e-05
leaf_weight=48 31 35 93 32 23 21 28 20 39 27 49 21 31 5274
leaf_count=48 31 35 93 32 23 21 28 20 39 27 49 21 31 5274
internal_value=-3.9583e-08 -0.00175399 2.0248e-05 4.06535e-05 1.32907e-05 -0.00125506 -0.00269202 0.00143515 3.43764e-05 0.00100115 -0.000182101 0.00175812 -0.000774557 4.29413e-06
internal_weight=5772 66 5706 5658 5626 92 69 48 5534 167 140 91 70 5367
internal_count=5772 66 5706 5658 5626 92 69 48 5534 167 140 91 70 5367
is_linear=0
shrinkage=0.05


Tree=303
num_leaves=15
num_cat=1
split_feature=2 3 2 0 0 0 2 1 0 1 1 2 1 0
split_gain=0.0856753 0.0833054 0.721277 0.399932 0.29384 0.431082 0.305111 1.13164 0.898376 0.309017 0.669902 0.293579 0.253628 0.429636
threshold=10.500000000000002 0 8.5000000000000018 66.250000000000014 67.750000000000014 63.750000000000007 7.5000000000000009 1545.0000000000002 61.750000000000007 2008.0000000000002 1960.0000000000002 5.5000000000000009 1732.0000000000002 54.250000000000007
decision_type=2 9 2 2 2 2 2 2 2 2 2 2 2 2
left_child=1 2 4 -3 5 6 8 -8 9 10 12 -11 -1 -14
right_child=-2 3 -4 -5 -6 -7 7 -9 -10 11 -12 -13 13 -15
leaf_value=-9.6724760560405743e-06 -0.0030455965386784597 0.00010902752200686833 -0.0090321848993999473 0.0051377363665960733 0.0053701185960865899 -0.007156514774330637 -0.0011459758463833068 0.013148200195282699 -0.010053594418517921 -0.00088763751706142941 0.0064937110775365285 -0.0070566332867989939 -0.008484179472240309 -0.0004440067042769106
leaf_weight=1929 23 3422 23 40 24 22 45 20 23 54 39 30 24 54
leaf_count=1929 23 3422 23 40 24 22 45 20 23 54 39 30 24 54
internal_value=-3.75894e-08 1.21468e-05 -0.000221493 0.000166648 -0.000132964 -0.000191925 -0.000122845 0.00325223 -0.00022474 -0.000118606 3.42124e-06 -0.00309085 -0.000122698 -0.00291791
internal_weight=5772 5749 2287 3462 2264 2240 2218 65 2153 2130 2046 84 2007 78
internal_count=5772 5749 2287 3462 2264 2240 2218 65 2153 2130 2046 84 2007 78
cat_boundaries=0 1
cat_threshold=18
is_linear=0
shrinkage=0.05


Tree=304
num_leaves=15
num_cat=1
split_feature=0 2 1 0 3 2 1 1 0 1 1 0 0 1
split_gain=0.0943526 0.549831 0.0975829 0.283096 0.0500501 0.499422 0.173443 0.358667 0.152523 0.571964 0.125729 2.25313 0.83472 1.94256
threshold=66.750000000000014 6.5000000000000009 880.00000000000011 64.750000000000014 0 3.5000000000000004 1207.0000000000002 1423.5000000000002 52.250000000000007 1415.0000000000002 1697.5000000000002 53.250000000000007 53.250000000000007 1195.0000000000002
decision_type=2 2 2 2 9 2 2 2 2 2 2 2 2 2
left_child=2 -2 -1 4 8 6 -6 -8 9 -4 12 -12 13 -10
right_child=1 -3 3 -5 5 -7 7 -9 10 -11 11 -13 -14 -15
leaf_value=-0.0022232194232249943 0.0029694656039693304 -0.0061746536810616294 0.0027301492920565988 0.0047302902035880837 0.00084643326906143888 0.0054398631515062378 -0.0058423873709721706 0.00053243844513577133 0.006878928713161838 -0.0063687786758423615 0.01717635347507894 0.00014592291768702741 -3.584594232445739e-08 -0.011005581930583838
leaf_weight=48 31 35 31 32 141 46 36 57 22 39 20 671 4514 49
leaf_count=48 31 35 31 32 141 46 36 57 22 39 20 671 4514 49
internal_value=-3.57127e-08 -0.00187969 2.17058e-05 4.07508e-05 1.40772e-05 0.000653806 -0.000259102 -0.00193524 -2.06134e-05 -0.00233925 1.01104e-05 0.000638844 -8.46453e-05 -0.0054639
internal_weight=5772 66 5706 5658 5626 280 234 93 5346 70 5276 691 4585 71
internal_count=5772 66 5706 5658 5626 280 234 93 5346 70 5276 691 4585 71
cat_boundaries=0 1
cat_threshold=21
is_linear=0
shrinkage=0.05


Tree=305
num_leaves=15
num_cat=0
split_feature=0 2 2 0 1 1 0 0 2 0 1 0 0 0
split_gain=0.0851532 0.496223 0.0920589 0.531953 0.835671 1.21816 1.15906 0.500351 1.12192 0.417821 0.360649 1.08818 1.15398 0.889873
threshold=66.750000000000014 6.5000000000000009 7.5000000000000009 61.750000000000007 1533.0000000000002 1632.5000000000002 56.750000000000007 55.750000000000007 8.5000000000000018 64.750000000000014 1390.0000000000002 57.250000000000007 59.250000000000007 59.750000000000007
decision_type=2 2 2 2 2 2 2 2 2 2 2 2 2 2
left_child=2 -2 9 4 10 6 -6 -7 -9 -1 13 -12 -13 -4
right_child=1 -3 3 -5 5 7 -8 8 -10 -11 11 12 -14 -15
leaf_value=-9.1358241458310067e-06 0.0028209921430736302 -0.0058659208545993489 0.0018858289207979028 0.0062020033890439665 -0.017527485232461584 0.0046974761124570358 -0.0030352185461418454 -0.0089310952710608647 0.005746840240190859 -0.0063633655305378707 0.009755947692927135 -0.0093104434453628281 0.0070759224572351995 -0.0078591419211416335
leaf_weight=5192 31 35 177 40 22 43 37 30 23 26 46 22 21 27
leaf_count=5192 31 35 177 40 22 43 37 30 23 26 46 22 21 27
internal_value=-3.39163e-08 -0.0017857 2.06205e-05 0.000677339 0.000184065 -0.00278498 -0.00843911 0.000689958 -0.00256143 -4.07974e-05 0.00175472 0.00441054 -0.0013078 0.000596053
internal_weight=5772 66 5706 488 448 155 59 96 53 5218 293 89 43 204
internal_count=5772 66 5706 488 448 155 59 96 53 5218 293 89 43 204
is_linear=0
shrinkage=0.05


Tree=306
num_leaves=15
num_cat=1
split_feature=2 3 1 0 0 0 1 0 0 2 2 0 1 1
split_gain=0.0843892 0.0786849 0.475129 0.39798 0.576801 0.476349 0.26579 0.206042 0.161517 0.461918 0.283044 0.140847 0.12596 0.60651
threshold=10.500000000000002 0 810.00000000000011 69.750000000000014 64.750000000000014 66.750000000000014 1390.0000000000002 55.250000000000007 52.250000000000007 5.5000000000000009 9.5000000000000018 54.250000000000007 1519.0000000000002 1560.0000000000002
decision_type=2 9 2 2 2 2 2 2 2 2 2 2 2 2
left_child=1 6 -3 4 8 -6 11 -8 9 -4 12 -1 -10 -14
right_child=-2 2 3 -5 5 -7 7 -9 10 -11 -12 -13 13 -15
leaf_value=0.0030049324567597881 -0.0030226442942638764 0.0069301216844469314 -0.006230958812945598 -0.0051466098955102466 0.0092460622575374386 -3.0255354940891268e-05 -0.0008755627321079374 -0.0059928059915585656 -0.00013800857241624129 0.0018421606735928972 0.004517260272987187 -0.0004941271277107103 0.0040902010609548045 0.0001164563321524042
leaf_weight=36 23 25 37 37 31 25 42 37 3911 34 35 143 104 1252
leaf_count=36 23 25 37 37 31 25 42 37 3911 34 35 143 104 1252
internal_value=-3.22342e-08 1.20603e-05 5.27767e-05 2.14182e-05 5.66396e-05 0.00510485 -0.00082459 -0.00327225 4.02472e-06 -0.00236496 3.57482e-05 0.000209594 5.96786e-06 0.000421227
internal_weight=5772 5749 5491 5466 5429 56 258 79 5373 71 5302 179 5267 1356
internal_count=5772 5749 5491 5466 5429 56 258 79 5373 71 5302 179 5267 1356
cat_boundaries=0 1
cat_threshold=2
is_linear=0
shrinkage=0.05


Tree=307
num_leaves=15
num_cat=0
split_feature=2 0 0 1 2 0 0 1 1 0 0 1 1 0
split_gain=0.0845862 0.270228 0.162379 0.112858 0.0844574 1.02057 0.741566 0.740179 0.812442 1.35591 0.813604 0.645908 0.632606 0.781208
threshold=9.5000000000000018 70.250000000000014 57.750000000000007 810.00000000000011 7.5000000000000009 61.750000000000007 66.250000000000014 1533.0000000000002 1632.5000000000002 54.750000000000007 57.250000000000007 1390.0000000000002 1195.0000000000002 57.250000000000007
decision_type=2 2 2 2 2 2 2 2 2 2 2 2 2 2
left_child=1 3 -2 -1 6 7 -5 12 10 -10 -9 -7 -6 -14
right_child=2 -3 -4 4 5 11 -8 8 9 -11 -12 -13 13 -15
leaf_value=-0.0031720351837066121 -0.0038704414971442408 0.0046754748492892238 0.0013828690299609056 -2.6259972789603084e-06 -0.0020543240709230306 0.0017564695724286141 -0.0083105010575511406 -0.0151060310946575 0.010170136942811636 -0.0042490623012002163 -0.0023088075882966492 0.014311639250566563 0.0063620608686315991 -0.00028408968517946645
leaf_weight=28 38 31 24 5189 88 20 27 23 23 56 27 21 91 86
leaf_count=28 38 31 24 5189 88 20 27 23 23 56 27 21 91 86
internal_value=-3.06218e-08 1.99144e-05 -0.0018369 -5.49895e-06 1.01908e-05 0.000679536 -4.56307e-05 -0.000101715 -0.00320784 -5.10676e-05 -0.00819553 0.00818717 0.00141032 0.00313286
internal_weight=5772 5710 62 5679 5651 435 5216 394 129 79 50 41 265 177
internal_count=5772 5710 62 5679 5651 435 5216 394 129 79 50 41 265 177
is_linear=0
shrinkage=0.05


Tree=308
num_leaves=15
num_cat=0
split_feature=2 0 2 0 0 1 1 0 0 1 0 0 2 0
split_gain=0.076339 0.246937 0.193227 0.170477 0.161991 0.0587921 0.393369 0.384952 0.323943 0.322059 0.999859 0.72294 0.35014 0.765763
threshold=9.5000000000000018 66.250000000000014 6.5000000000000009 58.250000000000007 64.750000000000014 1545.0000000000002 1524.0000000000002 51.750000000000007 52.750000000000007 1560.0000000000002 58.750000000000007 61.750000000000007 8.5000000000000018 52.750000000000007
decision_type=2 2 2 2 2 2 2 2 2 2 2 2 2 2
left_child=1 4 -3 -2 5 6 8 -7 -1 10 -9 12 13 -11
right_child=3 2 -4 -5 -6 7 -8 9 -10 11 -12 -13 -14 -15
leaf_value=0.0038669057656079532 0.00013134291213823528 0.00031101166916249151 0.0056818814646890934 -0.0054085041640237683 -0.0037442338556565088 0.0071724000177346182 -0.0067583968034754935 -0.0025179038492583292 -0.00010408189945600475 -0.0094062365635874737 0.01150819646815459 -0.0080641379924835995 0.0049964755981204076 0.00022341643473824501
leaf_weight=52 41 33 34 21 29 20 22 27 4163 21 24 27 37 1221
leaf_count=52 41 33 34 21 29 20 22 27 4163 21 24 27 37 1221
internal_value=-2.90801e-08 1.89187e-05 0.00303653 -0.00174506 -1.69097e-05 2.34434e-06 -8.98982e-05 0.000286173 -5.50923e-05 0.000184681 0.00408261 3.24643e-05 0.000203386 6.05962e-05
internal_weight=5772 5710 67 62 5643 5614 4237 1377 4215 1357 51 1306 1279 1242
internal_count=5772 5710 67 62 5643 5614 4237 1377 4215 1357 51 1306 1279 1242
is_linear=0
shrinkage=0.05


Tree=309
num_leaves=15
num_cat=0
split_feature=0 2 0 1 1 1 0 1 2 0 0 1 0 0
split_gain=0.0772909 0.386735 0.845054 0.075325 0.0775078 0.0682043 0.244195 0.12234 0.609625 0.587734 0.353766 0.353494 0.464826 1.10023
threshold=65.250000000000014 7.5000000000000009 70.250000000000014 2450.0000000000005 2350.0000000000005 2026.5000000000002 59.750000000000007 1604.5000000000002 3.5000000000000004 60.250000000000007 64.250000000000014 1645.0000000000002 58.750000000000007 57.750000000000007
decision_type=2 2 2 2 2 2 2 2 2 2 2 2 2 2
left_child=3 2 -2 4 5 7 -7 10 -9 11 -1 -10 13 -13
right_child=1 -3 -4 -5 -6 6 -8 8 9 -11 -12 12 -14 -15
leaf_value=4.5288854218965335e-05 -0.008448003794183024 0.0036607110798358919 0.0041728538882342125 0.0029419651424342939 -0.0020797715649347416 0.0016211165942566854 -0.004105425164813087 -0.0072947527620602741 -0.0051691329627785651 0.0053133645777179057 0.0060084402076900009 -0.00078523941004224232 -0.0036565742578528737 0.0067255842156210477
leaf_weight=4845 36 25 21 22 44 164 21 33 42 43 25 306 87 58
leaf_count=4845 36 25 21 22 44 164 21 33 42 43 25 306 87 58
internal_value=-2.76388e-08 -0.00152415 -0.00379821 2.19369e-05 1.0603e-05 2.69573e-05 0.000971077 -5.15565e-06 -0.000698905 -0.000292818 7.59005e-05 -0.000781795 -0.000373218 0.00041154
internal_weight=5772 82 57 5690 5668 5624 185 5439 569 536 4870 493 451 364
internal_count=5772 82 57 5690 5668 5624 185 5439 569 536 4870 493 451 364
is_linear=0
shrinkage=0.05


Tree=310
num_leaves=15
num_cat=0
split_feature=0 0 0 2 1 0 1 0 1 0 0 0 0 1
split_gain=0.0839052 0.205171 0.151866 0.149273 0.0508634 0.363934 0.378073 1.55826 0.372592 1.04985 0.44385 0.898811 0.347739 0.325858
threshold=68.250000000000014 66.250000000000014 64.750000000000014 6.5000000000000009 1545.0000000000002 51.750000000000007 1519.0000000000002 56.750000000000007 1405.0000000000002 60.250000000000007 54.250000000000007 56.250000000000007 51.750000000000007 1560.0000000000002
decision_type=2 2 2 2 2 2 2 2 2 2 2 2 2 2
left_child=1 2 4 -2 5 -1 8 -8 -7 10 -10 -12 -6 -14
right_child=3 -3 -4 -5 12 6 7 -9 9 -11 11 -13 13 -15
leaf_value=-0.0066367202660157568 0.0010690350085496903 0.0044483964044887293 -0.0036123909473676111 -0.0047263458259403715 0.0068221100902883334 5.06179309421384e-05 0.015213695811107757 -0.0022816278191749007 -0.005561847900457377 -0.010761065663095436 0.0035263133200131498 -0.0023079420611528414 0.0040263197590972577 2.8423094103673891e-05
leaf_weight=21 20 26 29 25 20 3840 20 35 43 29 106 175 53 1330
leaf_count=21 20 26 29 25 20 3840 20 35 43 29 106 175 53 1330
internal_value=-2.62393e-08 1.68721e-05 -3.33833e-06 -0.00215062 1.51142e-05 -7.0722e-05 -3.8263e-05 0.00408031 -9.22867e-05 -0.00164683 -0.00083105 -0.00010712 0.000276294 0.000181632
internal_weight=5772 5727 5701 45 5672 4269 4248 55 4193 353 324 281 1403 1383
internal_count=5772 5727 5701 45 5672 4269 4248 55 4193 353 324 281 1403 1383
is_linear=0
shrinkage=0.05


Tree=311
num_leaves=15
num_cat=0
split_feature=0 0 0 2 1 0 0 2 2 2 0 0 2 2
split_gain=0.0757245 0.185167 0.137059 0.134719 0.0474784 0.312629 0.4748 1.52903 0.357345 0.344147 0.417642 0.673481 0.651589 0.542339
threshold=68.250000000000014 66.250000000000014 64.750000000000014 6.5000000000000009 1011.0000000000001 53.750000000000007 56.250000000000007 6.5000000000000009 4.5000000000000009 3.5000000000000004 57.750000000000007 58.250000000000007 5.5000000000000009 4.5000000000000009
decision_type=2 2 2 2 2 2 2 2 2 2 2 2 2 2
left_child=1 2 4 -2 5 -1 7 8 -7 -8 12 -12 -11 -13
right_child=3 -3 -4 -5 -6 6 9 -9 -10 10 11 13 -14 -15
leaf_value=0.0054742651983517516 0.0010155836900230498 0.0042259762681519184 -0.0034317719557418907 -0.0044900294914841654 -4.2327193362447381e-05 -0.0017505647570518687 0.0054573457391511298 -0.009290769113702517 0.0023658995930519369 0.00031862597761701952 -0.0055606791880272802 0.0044634573756613663 0.0080623550107702616 -0.00065123792309817433
leaf_weight=29 20 26 29 25 4917 103 42 51 108 71 50 72 44 185
leaf_count=29 20 26 29 25 4917 103 42 51 108 71 50 72 44 185
internal_value=-2.49278e-08 1.60285e-05 -3.17141e-06 -0.00204309 1.43585e-05 0.000383528 0.000180179 -0.00152145 0.000356441 0.00114101 0.000711427 -0.000251284 0.00328144 0.000781673
internal_weight=5772 5727 5701 45 5672 755 726 262 211 464 422 307 115 257
internal_count=5772 5727 5701 45 5672 755 726 262 211 464 422 307 115 257
is_linear=0
shrinkage=0.05


Tree=312
num_leaves=15
num_cat=0
split_feature=0 2 1 0 0 1 2 1 0 1 2 0 1 1
split_gain=0.0729505 0.463104 0.0939012 0.257835 0.0681312 0.192049 0.923503 0.0585618 0.45512 0.384344 0.387257 0.598083 0.58717 1.17276
threshold=66.750000000000014 6.5000000000000009 810.00000000000011 64.750000000000014 62.250000000000007 1195.0000000000002 5.5000000000000009 1545.0000000000002 61.250000000000007 1524.0000000000002 6.5000000000000009 61.750000000000007 1390.0000000000002 1325.0000000000002
decision_type=2 2 2 2 2 2 2 2 2 2 2 2 2 2
left_child=2 -2 -1 4 7 -6 -7 9 -9 10 11 -4 13 -12
right_child=1 -3 3 -5 5 6 -8 8 -10 -11 12 -13 -14 -15
leaf_value=-0.0029225756330156908 0.0027975071817749153 -0.0055945075223488468 -0.00019147505878497947 0.0045085492980433631 0.0025181830511428419 -0.011419765917318208 0.0011516270499366025 0.00018424423328019222 0.0067402379725266387 -0.006654505012027751 0.00085033284859352951 -0.0075291205995849202 0.0032261970355678266 -0.0075132063759551591
leaf_weight=27 31 35 3392 32 24 21 48 1354 27 22 472 28 213 46
leaf_count=27 31 35 3392 32 24 21 48 1354 27 22 472 28 213 46
internal_value=-2.36984e-08 -0.0016528 1.90936e-05 3.30794e-05 7.71812e-06 -0.00133441 -0.00267445 3.01917e-05 0.000312421 -6.32083e-05 -2.82749e-05 -0.000251549 0.00101632 0.000107625
internal_weight=5772 66 5706 5679 5647 93 69 5554 1381 4173 4151 3420 731 518
internal_count=5772 66 5706 5679 5647 93 69 5554 1381 4173 4151 3420 731 518
is_linear=0
shrinkage=0.05


Tree=313
num_leaves=15
num_cat=0
split_feature=2 0 0 0 1 1 1 1 1 0 2 2 2 0
split_gain=0.0681927 0.237359 0.245 0.164833 0.1396 0.0688439 0.145863 0.0538686 0.572657 0.463549 0.895961 2.35865 2.29398 1.02989
threshold=9.5000000000000018 67.750000000000014 65.250000000000014 57.750000000000007 1390.0000000000002 2450.0000000000005 2350.0000000000005 1195.0000000000002 1101.5000000000002 58.250000000000007 6.5000000000000009 5.5000000000000009 7.5000000000000009 61.250000000000007
decision_type=2 2 2 2 2 2 2 2 2 2 2 2 2 2
left_child=1 2 5 -2 -3 6 7 8 9 -1 11 13 -12 -11
right_child=3 4 -4 -5 -6 -7 -8 -9 -10 10 12 -13 -14 -15
leaf_value=-0.00057221400411458327 -0.0036981687553251461 0.0013824935681519233 -0.0051638713632912742 0.0015946994593832643 0.0066190439870115374 0.0027986497872255068 -0.0029393467198436459 0.00010940095509722527 -0.0028662750561984519 0.0017804464447924502 0.01287943135946989 -0.0063784274664756505 -0.0041054384670022757 0.012279110702757653
leaf_weight=806 38 35 23 24 20 22 42 4146 182 230 50 95 33 26
leaf_count=806 38 35 23 24 20 22 42 4146 182 230 50 95 33 26
internal_value=-2.25082e-08 1.78858e-05 -1.39064e-05 -0.00164932 0.00328669 7.12511e-06 -3.82205e-06 1.83209e-05 -0.000247233 0.000137175 0.00145461 0.000349883 0.00612641 0.00284672
internal_weight=5772 5710 5655 62 55 5632 5610 5568 1422 1240 434 351 83 256
internal_count=5772 5710 5655 62 55 5632 5610 5568 1422 1240 434 351 83 256
is_linear=0
shrinkage=0.05


Tree=314
num_leaves=15
num_cat=0
split_feature=0 1 1 0 0 0 0 1 2 0 1 1 1 2
split_gain=0.0757808 0.443602 0.0914668 0.541619 0.317747 0.0914232 0.0722796 0.166754 0.622311 0.0832775 0.347424 1.38943 1.20865 0.730499
threshold=66.750000000000014 1082.5000000000002 942.50000000000011 60.750000000000007 64.750000000000014 57.250000000000007 62.250000000000007 1448.5000000000002 6.5000000000000009 59.750000000000007 1580.0000000000002 1480.0000000000002 1405.0000000000002 7.5000000000000009
decision_type=2 2 2 2 2 2 2 2 2 2 2 2 2 2
left_child=2 -2 3 5 6 -1 9 8 -8 -4 11 12 -11 -12
right_child=1 -3 4 -5 -6 -7 7 -9 -10 10 13 -13 -14 -15
leaf_value=0.001841100548019471 0.0029456118659662279 -0.0053136088591968847 -2.8059219738605279e-05 -0.008634309308780801 0.005179862364505728 -0.0013112484735598707 0.0037761350139044227 -0.004587809475404876 -0.0066934198754924268 0.0010607044927087221 -7.8896569406113973e-05 0.011279889757861384 -0.01121188695320771 -0.0099712594793262815
leaf_weight=46 29 37 4826 21 30 46 40 28 22 449 123 32 21 22
leaf_count=46 29 37 4826 21 30 46 40 28 22 449 123 32 21 22
internal_value=-2.13674e-08 -0.00168456 1.94633e-05 -0.00138891 4.79179e-05 0.000264926 2.02425e-05 -0.00138521 6.11317e-05 4.33542e-05 0.00057603 0.00119873 0.000512355 -0.00157981
internal_weight=5772 66 5706 113 5593 92 5563 90 62 5473 647 502 470 145
internal_count=5772 66 5706 113 5593 92 5563 90 62 5473 647 502 470 145
is_linear=0
shrinkage=0.05


Tree=315
num_leaves=15
num_cat=0
split_feature=0 2 1 0 0 0 0 1 2 0 1 1 1 2
split_gain=0.0683922 0.420192 0.0825488 0.488811 0.286766 0.0825094 0.0652324 0.151071 0.863735 0.075158 0.31355 1.25396 1.09081 0.659276
threshold=66.750000000000014 6.5000000000000009 942.50000000000011 60.750000000000007 64.750000000000014 57.250000000000007 62.250000000000007 1195.0000000000002 5.5000000000000009 59.750000000000007 1580.0000000000002 1480.0000000000002 1405.0000000000002 7.5000000000000009
decision_type=2 2 2 2 2 2 2 2 2 2 2 2 2 2
left_child=2 -2 3 5 6 -1 9 -8 -9 -4 11 12 -11 -12
right_child=1 -3 4 -5 -6 -7 7 8 -10 10 13 -13 -14 -15
leaf_value=0.0017490455075976968 0.0026387843866682342 -0.0053549731469580107 -2.6656283049924679e-05 -0.0082025940042166484 0.0049208690536518898 -0.0012456860332547325 0.0023973103790056139 -0.010903656269822802 0.0012541283196090566 0.0010076692888672922 -7.4951490576613737e-05 0.01071589537896216 -0.01065129256762919 -0.009472696459852159
leaf_weight=46 31 35 4826 21 30 46 21 21 48 449 123 32 21 22
leaf_count=46 31 35 4826 21 30 46 21 21 48 449 123 32 21 22
internal_value=-2.03177e-08 -0.00160033 1.84901e-05 -0.00131947 4.5522e-05 0.00025168 1.92303e-05 -0.00131595 -0.00244607 4.11865e-05 0.000547228 0.00113879 0.000486737 -0.00150082
internal_weight=5772 66 5706 113 5593 92 5563 90 69 5473 647 502 470 145
internal_count=5772 66 5706 113 5593 92 5563 90 69 5473 647 502 470 145
is_linear=0
shrinkage=0.05


Tree=316
num_leaves=15
num_cat=1
split_feature=3 1 0 0 0 0 1 0 1 2 0 1 1 0
split_gain=0.062644 0.483599 0.371039 0.413144 0.490328 0.247623 0.268602 0.162782 0.454087 0.114133 0.891617 0.111817 0.749195 0.397223
threshold=0 810.00000000000011 69.750000000000014 64.750000000000014 66.750000000000014 56.250000000000007 1195.0000000000002 52.250000000000007 1415.0000000000002 9.5000000000000018 57.750000000000007 1390.0000000000002 1345.0000000000002 54.250000000000007
decision_type=9 2 2 2 2 2 2 2 2 2 2 2 2 2
left_child=5 -2 3 7 -5 -1 -7 8 -3 11 -11 12 13 -9
right_child=1 2 -4 4 -6 6 -8 9 -10 10 -12 -13 -14 -15
leaf_value=7.7205088636026528e-05 0.0069746113059809441 0.0020298434435972014 -0.0049854499158902554 0.0085200114416018619 -0.00079070590794659578 -0.00056338869035243988 -0.0072879100449359541 -0.0021684292433596214 -0.0060065511858854925 -0.00234677560841413 0.010756529211648741 0.00024611271332744794 -0.0036528863374454285 0.00015465566641599155
leaf_weight=198 25 32 37 31 26 33 27 199 39 37 20 2475 150 2443
leaf_count=198 25 32 37 31 26 33 27 199 39 37 20 2475 150 2443
internal_value=-1.92974e-08 3.61997e-05 4.66426e-06 3.85297e-05 0.00427302 -0.000746563 -0.00358942 -6.20913e-06 -0.00238451 2.55076e-05 0.00225088 1.42441e-06 -0.000215482 -2.03231e-05
internal_weight=5772 5514 5489 5452 57 258 60 5395 71 5324 57 5267 2792 2642
internal_count=5772 5514 5489 5452 57 258 60 5395 71 5324 57 5267 2792 2642
cat_boundaries=0 1
cat_threshold=2
is_linear=0
shrinkage=0.05


Tree=317
num_leaves=15
num_cat=0
split_feature=2 0 0 1 2 0 1 1 0 0 0 1 1 0
split_gain=0.0642641 0.260217 0.181905 0.0979791 0.0746262 0.904694 0.665561 0.710519 1.21412 0.75406 0.664945 0.573969 0.524649 0.725859
threshold=9.5000000000000018 70.250000000000014 58.250000000000007 810.00000000000011 7.5000000000000009 61.750000000000007 1533.0000000000002 1632.5000000000002 54.750000000000007 57.250000000000007 66.250000000000014 1390.0000000000002 1195.0000000000002 57.250000000000007
decision_type=2 2 2 2 2 2 2 2 2 2 2 2 2 2
left_child=1 3 -2 -1 10 6 12 9 -9 -8 -5 -7 -6 -14
right_child=2 -3 -4 4 5 11 7 8 -10 -11 -12 -13 13 -15
leaf_value=-0.002957995982641088 0.00033716923591294669 0.0045858813907891033 -0.0053853366634852833 -4.7024416301267463e-06 -0.0018207345935727726 0.0016427992656826975 -0.014361905308602298 0.00957941969289728 -0.0040650480875358752 -0.0020418665891392502 -0.0078716797064299938 0.013478163536638022 0.0060158566360689371 -0.00039052597225405452
leaf_weight=28 41 31 21 5189 88 20 23 23 56 27 27 21 91 86
leaf_count=28 41 31 21 5189 88 20 23 23 56 27 27 21 91 86
internal_value=-1.83267e-08 1.73664e-05 -0.0016011 -7.57175e-06 7.04723e-06 0.00063623 -9.9333e-05 -0.00304473 -9.26081e-05 -0.00770908 -4.54249e-05 0.00770482 0.00133446 0.00290315
internal_weight=5772 5710 62 5679 5651 435 394 129 79 50 5216 41 265 177
internal_count=5772 5710 62 5679 5651 435 394 129 79 50 5216 41 265 177
is_linear=0
shrinkage=0.05


Tree=318
num_leaves=15
num_cat=1
split_feature=2 3 0 0 1 0 1 1 0 0 0 0 2 0
split_gain=0.0610965 0.0620415 0.633528 0.426633 0.301798 1.20086 0.439265 0.542349 0.638083 0.526871 0.25107 0.225132 0.572543 0.218498
threshold=10.500000000000002 0 65.750000000000014 66.250000000000014 1685.0000000000002 62.250000000000007 1835.0000000000002 2008.0000000000002 56.250000000000007 56.750000000000007 54.250000000000007 54.250000000000007 5.5000000000000009 52.250000000000007
decision_type=2 9 2 2 2 2 2 2 2 2 2 2 2 2
left_child=1 2 4 -3 5 13 9 8 -8 10 -6 -9 -13 -1
right_child=-2 3 -4 -5 6 -7 7 11 -10 -11 -12 12 -14 -15
leaf_value=0.0037669317998193404 -0.00257187696862156 8.4009840725402641e-05 -0.0070698383080801275 0.0052778744441457099 -0.0059180128594072401 0.010575932967993949 -0.00044880088352199115 0.0017713201211088084 0.010575698826107241 -0.011164920750762457 0.00065175687724893742 -0.00077617619482969703 -0.010655067001723431 -0.00011140527830415405
leaf_weight=37 23 3422 33 40 26 27 35 22 21 23 33 44 22 1964
leaf_count=37 23 3422 33 40 26 27 35 22 21 23 33 44 22 1964
internal_value=-1.74213e-08 1.02718e-05 -0.000191356 0.000143605 -9.14993e-05 0.00010164 -0.00182463 -0.000161198 0.00368539 -0.00474577 -0.0022434 -0.00260902 -0.00406914 -3.96919e-05
internal_weight=5772 5749 2287 3462 2254 2028 226 144 56 82 59 88 66 2001
internal_count=5772 5749 2287 3462 2254 2028 226 144 56 82 59 88 66 2001
cat_boundaries=0 1
cat_threshold=18
is_linear=0
shrinkage=0.05


Tree=319
num_leaves=15
num_cat=0
split_feature=0 1 2 1 1 0 1 0 0 1 0 1 0 2
split_gain=0.0611343 0.726842 0.273101 1.92393 0.668008 0.389453 0.0651161 0.422725 0.389434 0.368296 0.526842 0.361033 0.330866 0.280395
threshold=62.250000000000007 1448.5000000000002 6.5000000000000009 1195.0000000000002 1195.0000000000002 64.750000000000014 1545.0000000000002 61.250000000000007 61.750000000000007 1595.0000000000002 57.250000000000007 1524.0000000000002 51.750000000000007 7.5000000000000009
decision_type=2 2 2 2 2 2 2 2 2 2 2 2 2 2
left_child=6 2 4 -4 -2 -6 8 9 11 10 -8 13 -11 -1
right_child=1 -3 3 -5 5 -7 7 -9 -10 12 -12 -13 -14 -15
leaf_value=-9.2808380540216576e-05 -0.0024146355402011139 -0.0068826126120984559 0.0074697730041319334 -0.0094166251503535227 0.0019030683003365995 0.010728638334199786 0.0015193983866733365 0.0065231972891423434 -0.0043262842067359189 0.006766544685233385 -0.0077422313775648097 -0.0064011288446966901 0.00028514347030385632 0.0015146159167458905
leaf_weight=3827 39 40 31 37 25 25 28 27 53 20 34 22 1272 292
leaf_count=3827 39 40 31 37 25 25 28 27 53 20 34 22 1272 292
internal_value=-1.65474e-08 -0.000865659 0.000667323 -0.00171841 0.00249013 0.00631585 3.05721e-05 0.000328361 -6.7484e-05 0.000204831 -0.00355956 -1.29763e-05 0.000385475 2.11435e-05
internal_weight=5772 197 157 68 89 50 5575 1381 4194 1354 62 4141 1292 4119
internal_count=5772 197 157 68 89 50 5575 1381 4194 1354 62 4141 1292 4119
is_linear=0
shrinkage=0.05


Tree=320
num_leaves=15
num_cat=1
split_feature=0 0 0 2 3 2 0 0 0 1 2 0 1 1
split_gain=0.0620433 0.189991 0.214373 0.0826566 0.0515812 0.501193 0.183916 0.443893 0.145288 0.450798 0.113662 0.845197 0.112679 0.513442
threshold=68.250000000000014 66.250000000000014 64.750000000000014 6.5000000000000009 0 3.5000000000000004 57.250000000000007 56.250000000000007 52.250000000000007 1415.0000000000002 9.5000000000000018 57.750000000000007 1519.0000000000002 1560.0000000000002
decision_type=2 2 2 2 9 2 2 2 2 2 2 2 2 2
left_child=1 2 4 -2 8 6 7 -6 9 -1 12 -12 -10 -14
right_child=3 -3 -4 -5 5 -7 -8 -9 10 -11 11 -13 13 -15
leaf_value=0.0022190545159842699 0.00054650483434670605 0.0042789484786156283 -0.0042928709744893276 -0.0037660047486424448 0.00012907818447010727 0.0054029851676301761 0.004113779759923504 -0.0069518247805535798 -0.00014879803619053303 -0.0058588151091661976 -0.0022442385044603333 0.010513404196972262 0.0037561695038535758 9.943388377864076e-05
leaf_weight=31 20 26 29 25 193 47 22 25 3907 39 37 20 104 1247
leaf_count=31 20 26 29 25 193 47 22 25 3907 39 37 20 104 1247
internal_value=-1.57273e-08 1.45153e-05 -4.93307e-06 -0.00184933 1.69905e-05 0.000658451 -0.000243252 -0.000682952 -1.83856e-05 -0.00228147 1.13853e-05 0.00223213 -1.26889e-05 0.000380929
internal_weight=5772 5727 5701 45 5672 287 240 218 5385 70 5315 57 5258 1351
internal_count=5772 5727 5701 45 5672 287 240 218 5385 70 5315 57 5258 1351
cat_boundaries=0 1
cat_threshold=21
is_linear=0
shrinkage=0.05


Tree=321
num_leaves=15
num_cat=0
split_feature=2 0 0 0 1 1 1 1 1 0 0 1 1 0
split_gain=0.0632078 0.243761 0.2474 0.189189 0.13155 0.064661 0.135808 0.0554538 0.234614 0.511167 0.16865 0.101815 0.0827398 0.600092
threshold=9.5000000000000018 67.750000000000014 65.250000000000014 58.250000000000007 1390.0000000000002 2450.0000000000005 2350.0000000000005 2135.5000000000005 2008.0000000000002 55.250000000000007 58.250000000000007 2219.0000000000005 1835.0000000000002 59.250000000000007
decision_type=2 2 2 2 2 2 2 2 2 2 2 2 2 2
left_child=1 2 5 -2 -3 6 7 8 12 -10 11 -9 -1 -14
right_child=3 4 -4 -5 -6 -7 -8 10 9 -11 -12 -13 13 -15
leaf_value=-3.7670573768811174e-06 0.00038881227033349072 0.0014813404470416054 -0.0051901195198297504 -0.0054471432586156191 0.0065646695483883386 0.0027115339413285259 -0.002837012282439641 0.0032127218270817633 -0.0089901866148347446 -3.8261826613541842e-05 -0.002077389099905568 -0.00072247558273375034 -0.00021968529900998434 0.0075400366261601445
leaf_weight=5198 41 35 23 21 20 22 42 65 23 52 31 22 147 30
leaf_count=5198 41 35 23 21 20 22 42 65 23 52 31 22 147 30
internal_value=-1.49401e-08 1.72264e-05 -1.49917e-05 -0.00158788 0.00332982 6.14256e-06 -4.46682e-06 1.68994e-05 -6.31885e-06 -0.00278352 0.00108927 0.00221761 3.24328e-05 0.00109552
internal_weight=5772 5710 5655 62 55 5632 5610 5568 5450 75 118 87 5375 177
internal_count=5772 5710 5655 62 55 5632 5610 5568 5450 75 118 87 5375 177
is_linear=0
shrinkage=0.05


Tree=322
num_leaves=15
num_cat=1
split_feature=0 0 0 2 3 2 0 0 0 2 2 0 1 1
split_gain=0.0657558 0.176818 0.185173 0.0727253 0.0472174 0.451373 0.16553 0.401452 0.130858 0.432981 0.109242 0.79433 0.100485 0.464248
threshold=68.250000000000014 66.250000000000014 64.750000000000014 6.5000000000000009 0 3.5000000000000004 57.250000000000007 56.250000000000007 52.250000000000007 5.5000000000000009 9.5000000000000018 57.750000000000007 1519.0000000000002 1560.0000000000002
decision_type=2 2 2 2 9 2 2 2 2 2 2 2 2 2
left_child=1 2 4 -2 8 6 7 -6 9 -1 12 -12 -10 -14
right_child=3 -3 -4 -5 5 -7 -8 -9 10 -11 11 -13 13 -15
leaf_value=-0.0058787911928988796 0.00034344568266533317 0.0041288887799824951 -0.003989040357028616 -0.003701699934899807 0.00012985276616793101 0.005133024402993157 0.0039082791635089301 -0.0066040452308952814 -0.00014116976951316404 0.0019988407469072353 -0.0021514673578880124 0.010216321562184022 0.0035685495026812606 9.1403799002202487e-05
leaf_weight=37 20 26 29 25 193 47 22 25 3907 33 37 20 104 1247
leaf_count=37 20 26 29 25 193 47 22 25 3907 33 37 20 104 1247
internal_value=-1.41891e-08 1.49453e-05 -3.81677e-06 -0.00190386 1.6559e-05 0.000630285 -0.000225239 -0.000642383 -1.72886e-05 -0.00216505 1.09655e-05 0.00218811 -1.26361e-05 0.000359075
internal_weight=5772 5727 5701 45 5672 287 240 218 5385 70 5315 57 5258 1351
internal_count=5772 5727 5701 45 5672 287 240 218 5385 70 5315 57 5258 1351
cat_boundaries=0 1
cat_threshold=21
is_linear=0
shrinkage=0.05


Tree=323
num_leaves=15
num_cat=0
split_feature=2 0 0 1 1 0 1 0 0 0 1 1 0 0
split_gain=0.0645826 0.227403 0.199863 0.0866781 0.0741887 0.616709 0.414765 0.379715 1.26292 0.344012 0.475271 0.436508 1.87616 0.919874
threshold=9.5000000000000018 70.250000000000014 58.250000000000007 810.00000000000011 1604.5000000000002 60.750000000000007 1645.0000000000002 64.750000000000014 66.750000000000014 62.750000000000007 1390.0000000000002 1545.0000000000002 60.750000000000007 52.750000000000007
decision_type=2 2 2 2 2 2 2 2 2 2 2 2 2 2
left_child=1 3 -2 -1 7 6 -6 9 -9 11 -11 -5 13 -13
right_child=2 -3 -4 4 5 -7 -8 8 -10 10 -12 12 -14 -15
leaf_value=-0.0027809591639587389 0.00042663575945104038 0.0042881710777780222 -0.0055716940246167638 -9.4911593220812899e-05 -0.0049140127165065639 -0.0058722815032079059 0.00019818426286949449 0.012186297652526545 -0.0031171295129752254 -9.3927086305080199e-05 -0.0091775550390593708 0.011303289253555705 0.015063960477709771 0.00037749307004199235
leaf_weight=28 41 31 21 4161 42 49 717 26 28 36 24 20 24 524
leaf_count=28 41 31 21 4161 42 49 717 26 28 36 24 20 24 524
internal_value=-1.34772e-08 1.74143e-05 -0.00160506 -5.8985e-06 7.85158e-06 -0.000435683 -8.47041e-05 8.18504e-05 0.00425119 3.48376e-05 -0.00372738 8.25714e-05 0.00138276 0.000779177
internal_weight=5772 5710 62 5679 5651 808 759 4843 54 4789 60 4729 568 544
internal_count=5772 5710 62 5679 5651 808 759 4843 54 4789 60 4729 568 544
is_linear=0
shrinkage=0.05


Tree=324
num_leaves=15
num_cat=0
split_feature=0 2 0 1 1 0 1 0 1 2 0 2 0 1
split_gain=0.0678296 0.427997 0.71081 0.0591257 0.0586836 0.431134 0.100089 0.174911 0.11223 0.542643 0.532317 0.298708 0.512921 0.435315
threshold=65.250000000000014 7.5000000000000009 70.250000000000014 2450.0000000000005 2219.0000000000005 57.250000000000007 2026.5000000000002 59.250000000000007 1604.5000000000002 3.5000000000000004 60.250000000000007 8.5000000000000018 53.250000000000007 1615.0000000000002
decision_type=2 2 2 2 2 2 2 2 2 2 2 2 2 2
left_child=3 2 -2 4 6 -6 8 -8 -1 -10 11 12 -11 -14
right_child=1 -3 -4 -5 5 -7 7 -9 9 10 -12 -13 13 -15
leaf_value=7.0239723706008386e-05 -0.0080846045709525548 0.0040266405642032628 0.0034904568921774628 0.0026076187633655291 -0.0042902708256050302 0.0038672127872705457 0.0019382982400095311 -0.0028670640408315442 -0.00689481432676654 -0.0078521115203889526 0.0050466069919165484 0.0048095040600341955 -0.0071760106991860086 -0.00025239159903105163
leaf_weight=4870 36 25 21 22 46 25 136 22 33 26 43 23 24 420
leaf_count=4870 36 25 21 22 46 25 136 22 33 26 43 23 24 420
internal_value=-1.28e-08 -0.00142781 -0.00382011 2.05635e-05 1.0522e-05 -0.00141792 2.86423e-05 0.0012692 -7.39517e-06 -0.000671863 -0.000288733 -0.000754087 -0.00102635 -0.000626641
internal_weight=5772 82 57 5690 5668 71 5597 158 5439 569 536 493 470 444
internal_count=5772 82 57 5690 5668 71 5597 158 5439 569 536 493 470 444
is_linear=0
shrinkage=0.05


Tree=325
num_leaves=15
num_cat=0
split_feature=0 0 0 1 0 2 0 0 0 0 0 2 0 0
split_gain=0.0738149 0.139402 0.195622 0.0459171 0.281584 0.418274 1.41789 0.338898 0.202249 0.173377 0.388871 0.147343 0.666907 0.286032
threshold=69.750000000000014 66.250000000000014 64.750000000000014 1011.0000000000001 53.750000000000007 6.5000000000000009 56.750000000000007 61.250000000000007 60.250000000000007 60.250000000000007 58.250000000000007 3.5000000000000004 56.750000000000007 57.750000000000007
decision_type=2 2 2 2 2 2 2 2 2 2 2 2 2 2
left_child=1 2 3 4 -1 7 -7 8 11 10 -8 12 -6 -13
right_child=-2 -3 -4 -5 5 6 9 -9 -10 -11 -12 13 -14 -15
leaf_value=0.0052116181243789094 -0.0021679032498445267 0.0033056344633223492 -0.004099850825451572 -3.8539700249473707e-05 4.900003739749081e-05 -0.0087012812161361263 -0.00099254704701403794 0.0055353640049829013 -0.0029169883215572779 -0.0021593822964600154 0.0069312483130488552 0.0014048580976157299 0.0090148313918949254 -0.0012921557237511266
leaf_weight=29 39 32 29 4917 80 53 30 35 41 21 32 239 28 167
leaf_count=29 39 32 29 4917 80 53 30 35 41 21 32 239 28 167
internal_value=-1.21615e-08 1.47354e-05 -3.73659e-06 1.72062e-05 0.000380256 0.000187267 -0.00231244 0.00076347 0.00046254 0.00176719 0.00309715 0.000732114 0.00237347 0.000295495
internal_weight=5772 5733 5701 5672 755 726 136 590 555 83 62 514 108 406
internal_count=5772 5733 5701 5672 755 726 136 590 555 83 62 514 108 406
is_linear=0
shrinkage=0.05


Tree=326
num_leaves=15
num_cat=0
split_feature=0 0 0 1 1 0 1 0 1 2 0 0 2 0
split_gain=0.0679795 0.0859366 0.350888 0.0407546 0.0527732 0.389098 0.0907056 0.157857 0.100364 0.488775 0.485439 0.761137 1.23725 0.658485
threshold=71.500000000000014 67.750000000000014 65.750000000000014 2450.0000000000005 2219.0000000000005 57.250000000000007 2026.5000000000002 59.250000000000007 1604.5000000000002 3.5000000000000004 57.750000000000007 58.750000000000007 5.5000000000000009 60.250000000000007
decision_type=2 2 2 2 2 2 2 2 2 2 2 2 2 2
left_child=1 2 3 4 6 -6 8 -8 -1 -10 -11 12 -12 -13
right_child=-2 -3 -4 -5 5 -7 7 -9 9 10 11 13 -14 -15
leaf_value=6.5766434543332422e-05 -0.0028396162248793106 0.0024122671702423611 -0.0066163610806688677 0.0021184908954993537 -0.0040738305653971827 0.0036757786087691785 0.0018433103037429701 -0.0027217838405208155 -0.0065419931035263076 -0.0014286589628957401 -0.00010216252624311231 -0.0026490669911102792 0.014330114044800954 0.0047962038699255957
leaf_weight=4873 21 37 20 23 46 25 136 22 33 337 33 96 27 43
leaf_count=4873 21 37 20 23 46 25 136 22 33 337 33 96 27 43
internal_value=-1.15604e-08 1.03574e-05 -5.19578e-06 1.80257e-05 9.50683e-06 -0.00134509 2.66813e-05 0.00120766 -7.60675e-06 -0.000635986 -0.000272369 0.00168577 0.00639236 -0.000345854
internal_weight=5772 5751 5714 5694 5671 71 5600 158 5442 569 536 199 60 139
internal_count=5772 5751 5714 5694 5671 71 5600 158 5442 569 536 199 60 139
is_linear=0
shrinkage=0.05


Tree=327
num_leaves=15
num_cat=0
split_feature=0 0 0 2 1 1 0 0 0 0 1 0 1 1
split_gain=0.0655522 0.180741 0.169486 0.0672492 0.0430242 0.352756 0.333896 0.269832 0.377296 0.267679 0.299205 0.276558 2.08139 0.241118
threshold=68.250000000000014 66.250000000000014 64.750000000000014 6.5000000000000009 1545.0000000000002 1524.0000000000002 51.750000000000007 61.750000000000007 60.750000000000007 52.750000000000007 1195.0000000000002 53.250000000000007 1195.0000000000002 1595.0000000000002
decision_type=2 2 2 2 2 2 2 2 2 2 2 2 2 2
left_child=1 2 4 -2 5 9 -6 8 13 10 -1 12 -11 -8
right_child=3 -3 -4 -5 6 -7 7 -9 -10 11 -12 -13 -14 -15
leaf_value=-0.00072425352105789866 0.0002601322392001748 0.0041742601324445926 -0.0038167252301655971 -0.0036297353059053421 0.0066698688734322794 -0.0063785041745921429 -0.0028960104011154422 0.0045620890443815905 -0.0046709643118935298 0.0075339026282207388 0.0069122238277361317 -2.9495127488552269e-05 -0.012607284635305405 0.00034892125007527053
leaf_weight=23 20 26 29 25 20 22 60 34 41 23 29 4143 29 1248
leaf_count=23 20 26 29 25 20 22 60 34 41 23 29 4143 29 1248
internal_value=-1.09634e-08 1.49253e-05 -4.04373e-06 -0.00190091 1.54499e-05 -6.3495e-05 0.000255661 0.000162903 5.20264e-05 -3.07825e-05 0.00353455 -7.49773e-05 -0.00369868 0.000200071
internal_weight=5772 5727 5701 45 5672 4269 1403 1383 1349 4247 52 4195 52 1308
internal_count=5772 5727 5701 45 5672 4269 1403 1383 1349 4247 52 4195 52 1308
is_linear=0
shrinkage=0.05


Tree=328
num_leaves=15
num_cat=0
split_feature=0 1 1 0 0 1 2 2 2 0 1 1 2 2
split_gain=0.0597046 0.404238 0.0741251 0.183992 0.0505859 0.174133 0.570206 0.101417 0.0551865 0.677538 0.101715 0.74964 0.663926 0.628459
threshold=66.750000000000014 1082.5000000000002 880.00000000000011 64.750000000000014 62.250000000000007 1448.5000000000002 6.5000000000000009 5.5000000000000009 9.5000000000000018 56.750000000000007 1804.0000000000002 1878.0000000000002 4.5000000000000009 7.5000000000000009
decision_type=2 2 2 2 2 2 2 2 2 2 2 2 2 2
left_child=2 -2 -1 4 8 6 7 -6 10 -10 -4 -12 -13 -14
right_child=1 -3 3 -5 5 -7 -8 -9 9 -11 11 12 13 -15
leaf_value=-0.0019392954909562832 0.0029247324630730497 -0.0049595227062299444 7.9260998017746594e-05 0.0038145064376294614 0.0062810010649263868 -0.0044391571610633822 -0.0062325444855642594 0.0013614685462512584 -0.0035266255253615479 0.007501039338799623 -0.0093063098337249055 -0.0045446501178060955 0.0015781634159619782 -0.004593913513235748
leaf_weight=48 29 37 5040 32 20 28 22 22 30 26 24 73 293 48
leaf_count=48 29 37 5040 32 20 28 22 22 30 26 24 73 293 48
internal_value=-1.04472e-08 -0.00149523 1.72844e-05 3.38832e-05 1.23794e-05 -0.00115044 0.00028838 0.0037041 3.17107e-05 0.00159336 1.57464e-05 -0.000715107 -0.000217066 0.000709367
internal_weight=5772 66 5706 5658 5626 92 64 42 5534 56 5478 438 414 341
internal_count=5772 66 5706 5658 5626 92 64 42 5534 56 5478 438 414 341
is_linear=0
shrinkage=0.05


Tree=329
num_leaves=15
num_cat=0
split_feature=2 0 2 0 0 1 1 2 0 2 0 1 0 1
split_gain=0.0632474 0.229358 0.253434 0.196681 0.166556 0.0514575 0.799106 0.660801 0.674859 0.543812 1.02921 0.4285 0.423889 1.43097
threshold=9.5000000000000018 66.250000000000014 6.5000000000000009 58.250000000000007 64.750000000000014 1804.0000000000002 1878.0000000000002 4.5000000000000009 60.250000000000007 6.5000000000000009 56.750000000000007 2242.5000000000005 52.250000000000007 1595.0000000000002
decision_type=2 2 2 2 2 2 2 2 2 2 2 2 2 2
left_child=1 4 -3 -2 5 12 -7 -8 9 11 -11 -9 13 -1
right_child=3 2 -4 -5 -6 6 7 8 -10 10 -12 -13 -14 -15
leaf_value=-0.0018212027915912431 0.00042708150548406129 -0.00019593192723043489 0.005955036417307223 -0.0055233129333438621 -0.0037967732754246942 -0.0091983241899870338 -0.0043174175457065698 0.00067126037961877947 0.0098332919273525481 0.0013501530254466667 -0.0089049523009452972 0.0061816913768945429 -5.3292375574517298e-06 0.013173699966416911
leaf_weight=41 41 33 34 21 29 25 73 178 20 63 40 44 5104 26
leaf_count=41 41 33 34 21 29 25 73 178 20 63 40 44 5104 26
internal_value=-9.90028e-09 1.72368e-05 0.00292545 -0.00158837 -1.72928e-05 2.23068e-06 -0.000514951 4.38917e-06 0.000918858 0.000370278 -0.00263241 0.00176342 4.65377e-05 0.00399771
internal_weight=5772 5710 67 62 5643 5614 443 418 345 325 103 222 5171 67
internal_count=5772 5710 67 62 5643 5614 443 418 345 325 103 222 5171 67
is_linear=0
shrinkage=0.05


Tree=330
num_leaves=15
num_cat=0
split_feature=0 1 1 0 0 0 0 1 2 0 1 1 1 2
split_gain=0.0632499 0.364514 0.0679018 0.428073 0.232939 0.0739603 0.0621523 0.144973 0.484431 0.0575543 0.326373 1.08263 0.985583 0.58022
threshold=66.750000000000014 1082.5000000000002 942.50000000000011 60.750000000000007 64.750000000000014 57.250000000000007 62.250000000000007 1448.5000000000002 6.5000000000000009 59.750000000000007 1580.0000000000002 1480.0000000000002 1405.0000000000002 7.5000000000000009
decision_type=2 2 2 2 2 2 2 2 2 2 2 2 2 2
left_child=2 -2 3 5 6 -1 9 8 -8 -4 11 12 -11 -12
right_child=1 -3 4 -5 -6 -7 7 -9 -10 10 13 -13 -14 -15
leaf_value=0.0016922933497920422 0.0026581911996392342 -0.004828657698188279 -1.9324588315229778e-05 -0.0076369792222976685 0.0044363295783599217 -0.0011430490600026174 0.0033416314376518135 -0.0042707927591566532 -0.0058955691998231821 0.00097571029011492012 -0.00026898090462616791 0.0099852089903833992 -0.010106662891450383 -0.0090852845264387076
leaf_weight=46 29 37 4826 21 30 46 40 28 22 449 123 32 21 22
leaf_count=46 29 37 4826 21 30 46 40 28 22 449 123 32 21 22
internal_value=-9.421e-09 -0.00153898 1.77915e-05 -0.00119568 4.23082e-05 0.000274622 1.86122e-05 -0.00128466 6.39151e-05 4.00437e-05 0.000482874 0.00108642 0.00048054 -0.00160663
internal_weight=5772 66 5706 113 5593 92 5563 90 62 5473 647 502 470 145
internal_count=5772 66 5706 113 5593 92 5563 90 62 5473 647 502 470 145
is_linear=0
shrinkage=0.05


Tree=331
num_leaves=15
num_cat=0
split_feature=0 0 0 1 0 1 0 1 0 0 0 0 0 0
split_gain=0.0584892 0.115693 0.163241 0.0444956 0.350426 0.309677 1.48228 0.329689 0.902787 0.446008 0.691168 0.256161 0.259993 0.348885
threshold=69.750000000000014 66.250000000000014 64.750000000000014 1545.0000000000002 51.750000000000007 1519.0000000000002 56.750000000000007 1405.0000000000002 59.750000000000007 54.250000000000007 56.250000000000007 51.750000000000007 61.750000000000007 60.750000000000007
decision_type=2 2 2 2 2 2 2 2 2 2 2 2 2 2
left_child=1 2 3 4 -1 7 -7 -6 9 -9 -11 -5 13 -13
right_child=-2 -3 -4 11 5 6 -8 8 -10 10 -12 12 -14 -15
leaf_value=-0.0065078552457548322 -0.0019297692542656873 0.003011128370417282 -0.003745487043312911 0.0058778565097600231 5.2521210340330529e-05 0.014553022794425489 -0.0025104466067360984 -0.0052875798899507109 -0.0080765024141368005 0.003327165735761398 -0.0018917741940675092 0.0002119852461804428 0.0044966962571968052 -0.0044720659288009857
leaf_weight=21 39 32 29 20 3840 20 35 43 46 106 158 1308 34 41
leaf_count=21 39 32 29 20 3840 20 35 43 46 106 158 1308 34 41
internal_value=-8.95777e-09 1.31187e-05 -3.70932e-06 1.54218e-05 -6.48617e-05 -3.30107e-05 0.00369445 -8.19042e-05 -0.00154421 -0.000565429 0.000203709 0.000259705 0.00017846 6.96234e-05
internal_weight=5772 5733 5701 5672 4269 4248 55 4193 353 307 264 1403 1383 1349
internal_count=5772 5733 5701 5672 4269 4248 55 4193 353 307 264 1403 1383 1349
is_linear=0
shrinkage=0.05


Tree=332
num_leaves=15
num_cat=0
split_feature=0 2 2 0 1 1 1 1 0 1 1 0 0 0
split_gain=0.0574409 0.361172 0.0740916 0.492023 1.14613 1.28206 0.633104 1.85544 0.612224 0.467581 0.825513 0.441806 0.396428 0.172744
threshold=66.750000000000014 6.5000000000000009 7.5000000000000009 54.750000000000007 1632.5000000000002 1390.0000000000002 1082.5000000000002 1135.0000000000002 55.250000000000007 2190.0000000000005 1835.0000000000002 58.750000000000007 64.750000000000014 59.250000000000007
decision_type=2 2 2 2 2 2 2 2 2 2 2 2 2 2
left_child=2 -2 12 4 5 -4 11 -8 -9 10 13 -5 -1 -10
right_child=1 -3 3 6 -6 -7 7 8 9 -11 -12 -13 -14 -15
leaf_value=-7.3036706992952839e-06 0.0024635324367291989 -0.004947589502802917 -0.00024115466202298801 -0.00031869991245103951 0.0056455718496671095 -0.015745555725879969 0.016506795709331831 0.0059974528963423592 0.0010960811568698219 -0.0067723302551629871 0.010576194040477277 -0.0095872917026281358 -0.0061967266042931724 -0.0016799772681508176
leaf_weight=5192 31 35 30 36 26 24 21 55 141 22 20 20 26 93
leaf_count=5192 31 35 30 36 26 24 21 55 141 22 20 20 26 93
internal_value=-8.49369e-09 -0.00146661 1.69553e-05 0.000606112 -0.00297929 -0.007132 0.00130913 0.00209473 0.00118037 0.000220443 0.000826116 -0.00362891 -3.8144e-05 -7.22411e-06
internal_weight=5772 66 5706 488 80 54 408 352 331 276 254 56 5218 234
internal_count=5772 66 5706 488 80 54 408 352 331 276 254 56 5218 234
is_linear=0
shrinkage=0.05


Tree=333
num_leaves=15
num_cat=0
split_feature=2 2 0 0 1 0 0 1 1 2 1 1 1 1
split_gain=0.0558865 0.0582653 0.608918 0.439454 1.37008 1.89703 0.470994 1.64235 1.43426 0.594298 1.00864 0.705051 0.562945 0.55634
threshold=10.500000000000002 7.5000000000000009 66.250000000000014 59.250000000000007 1265.0000000000002 60.750000000000007 54.750000000000007 1632.5000000000002 1345.0000000000002 9.5000000000000018 1910.0000000000002 1595.0000000000002 1405.0000000000002 1195.0000000000002
decision_type=2 2 2 2 2 2 2 2 2 2 2 2 2 2
left_child=1 -1 3 6 -5 -6 7 8 -3 10 11 12 13 -8
right_child=-2 2 -4 4 5 -7 9 -9 -10 -11 -12 -13 -14 -15
leaf_value=-3.8483389163686415e-05 -0.0024597676939067795 0.00087480301467271959 0.0088619921799926536 -0.0089979580036015257 -0.0053337255935752542 0.010771752078311915 -0.0018493210475233873 0.0081656038053333751 -0.015732977220502039 0.0097571342373671752 -0.0083820512557091827 0.0081540150292756502 -0.0062820984819984957 0.0044216142984320568
leaf_weight=5264 23 26 21 48 41 33 56 25 26 23 24 43 23 96
leaf_count=5264 23 26 21 48 41 33 56 25 26 23 24 43 23 96
internal_value=-8.05586e-09 9.83269e-06 0.000534237 0.000157334 -0.00241899 0.00184845 0.00107637 -0.00236588 -0.00742909 0.00207657 0.0013466 0.00241765 0.00100814 0.00211127
internal_weight=5772 5749 485 464 122 74 342 77 52 265 242 218 175 152
internal_count=5772 5749 485 464 122 74 342 77 52 265 242 218 175 152
is_linear=0
shrinkage=0.05


Tree=334
num_leaves=15
num_cat=0
split_feature=2 0 0 0 1 0 0 2 0 1 1 1 0 0
split_gain=0.0636424 0.215638 0.160522 0.0746069 0.104802 0.745348 0.130769 0.834312 0.0603998 0.61463 0.0931064 0.224521 0.897948 0.403471
threshold=9.5000000000000018 70.250000000000014 58.250000000000007 67.250000000000014 2350.0000000000005 56.250000000000007 63.750000000000007 5.5000000000000009 62.250000000000007 1345.0000000000002 2190.0000000000005 1804.0000000000002 55.250000000000007 52.250000000000007
decision_type=2 2 2 2 2 2 2 2 2 2 2 2 2 2
left_child=1 3 -2 4 6 -6 8 -8 10 -10 11 13 -13 -1
right_child=2 -3 -4 -5 5 -7 7 -9 9 -11 -12 12 -14 -15
leaf_value=0.0039231953065175171 0.00022746398619080826 0.0041761099496075227 -0.0051482006463976137 -0.002627470087328995 0.003898061312114199 -0.0067072988865343299 -0.0038840157046381922 0.0080229318497942823 0.0033235622141065133 -0.006115482815408281 0.0014642174281603235 -0.0054838482021457623 0.0006560169269174698 1.7292406002124728e-05
leaf_weight=67 41 31 21 27 30 37 28 31 34 35 110 90 176 5014
leaf_count=67 41 31 21 27 30 37 28 31 34 35 110 90 176 5014
internal_value=-7.66838e-09 1.72928e-05 -0.00159333 -5.40896e-06 7.11681e-06 -0.00195863 3.06987e-05 0.00237218 5.69924e-06 -0.00146436 2.42871e-05 -5.33554e-06 -0.00142138 6.87971e-05
internal_weight=5772 5710 62 5679 5652 67 5585 59 5526 69 5457 5347 266 5081
internal_count=5772 5710 62 5679 5652 67 5585 59 5526 69 5457 5347 266 5081
is_linear=0
shrinkage=0.05


Tree=335
num_leaves=15
num_cat=0
split_feature=0 0 0 1 2 0 0 0 2 2 0 2 0 2
split_gain=0.0651376 0.107721 0.127059 0.0447073 0.245276 0.543116 0.258837 0.232749 0.563724 0.882136 0.368357 0.600022 0.580276 0.478194
threshold=69.750000000000014 66.250000000000014 64.750000000000014 1011.0000000000001 3.5000000000000004 56.750000000000007 55.250000000000007 56.250000000000007 6.5000000000000009 4.5000000000000009 57.750000000000007 5.5000000000000009 58.250000000000007 4.5000000000000009
decision_type=2 2 2 2 2 2 2 2 2 2 2 2 2 2
left_child=1 2 3 4 5 6 -1 8 9 -6 11 -9 -12 -14
right_child=-2 -3 -4 -5 7 -7 -8 10 -10 -11 12 -13 13 -15
leaf_value=0.0026218367490434538 -0.0020364931724870055 0.0029067205490719062 -0.0033035493680629241 -4.051976428314021e-05 -0.0063133937669380639 0.0085604025267197615 -0.0031102812886538525 0.0002524724951617315 -0.0054570070262222247 0.0023337516753404205 -0.0051504347589798275 0.0076834676533260142 0.0041939187665573424 -0.00060879289241809703
leaf_weight=54 39 32 29 4917 39 28 31 71 60 121 50 44 72 185
leaf_count=54 39 32 29 4917 39 28 31 71 60 121 50 44 72 185
internal_value=-7.28123e-09 1.38464e-05 -2.39148e-06 1.44868e-05 0.000372722 0.00252081 0.0005313 -5.36912e-06 -0.0013239 0.00022601 0.000682019 0.00309564 -0.000222105 0.000736714
internal_weight=5772 5733 5701 5672 755 113 85 642 220 160 422 115 307 257
internal_count=5772 5733 5701 5672 755 113 85 642 220 160 422 115 307 257
is_linear=0
shrinkage=0.05


Tree=336
num_leaves=15
num_cat=0
split_feature=0 1 2 2 0 1 1 1 0 1 1 0 0 2
split_gain=0.0643182 0.358177 0.820535 0.0710663 0.41164 1.03579 0.514917 1.70631 0.554536 0.385215 0.75587 0.380977 0.338025 0.186982
threshold=66.750000000000014 1390.0000000000002 6.5000000000000009 7.5000000000000009 54.750000000000007 1533.0000000000002 1082.5000000000002 1135.0000000000002 55.250000000000007 2190.0000000000005 1835.0000000000002 58.750000000000007 64.750000000000014 8.5000000000000018
decision_type=2 2 2 2 2 2 2 2 2 2 2 2 2 2
left_child=3 2 -2 12 5 13 11 -8 -9 10 -10 -6 -1 -5
right_child=1 -3 -4 4 6 -7 7 8 9 -11 -12 -13 -14 -15
leaf_value=-7.5408716602032093e-06 0.0029934719204902649 0.0033207345462869854 -0.010999719637700103 0.0049170260962385403 -0.00014146312152863379 -0.0094742667388566081 0.015767211779685958 0.0056541441664607686 -9.162927642300463e-05 -0.0061910215511240749 0.010035523809492589 -0.0087483733892440799 -0.0057228822941676931 -0.0014263757122015316
leaf_weight=5192 20 24 22 26 36 33 21 55 234 22 20 20 26 21
leaf_count=5192 20 24 22 26 36 33 21 55 234 22 20 20 26 21
internal_value=-6.9189e-09 -0.00155192 -0.0043363 1.79437e-05 0.000594947 -0.00268453 0.00123798 0.00194647 0.00106962 0.000156039 0.000705784 -0.00321536 -3.6019e-05 0.00208274
internal_weight=5772 66 42 5706 488 80 408 352 331 276 254 56 5218 47
internal_count=5772 66 42 5706 488 80 408 352 331 276 254 56 5218 47
is_linear=0
shrinkage=0.05


Tree=337
num_leaves=15
num_cat=1
split_feature=3 1 0 0 0 0 1 0 1 0 2 0 1 1
split_gain=0.0597215 0.502845 0.349895 0.43427 0.500503 0.220161 0.2185 0.202221 0.454058 0.103074 0.118537 0.502305 0.12499 0.655783
threshold=0 810.00000000000011 69.750000000000014 64.750000000000014 66.750000000000014 56.250000000000007 1195.0000000000002 52.250000000000007 1533.0000000000002 62.250000000000007 9.5000000000000018 56.750000000000007 1390.0000000000002 1345.0000000000002
decision_type=9 2 2 2 2 2 2 2 2 2 2 2 2 2
left_child=5 -2 3 7 -5 -1 -7 8 -3 10 12 -12 13 -9
right_child=1 2 -4 4 -6 6 -8 9 -10 -11 11 -13 -14 -15
leaf_value=4.6850888221995026e-05 0.0071104814684949825 0.0013946262640612468 -0.0048426473311878543 0.0086683215122790105 -0.00073850345081434804 -0.00068122479838855342 -0.0067462475582875346 -1.6590099920429422e-05 -0.0066031564647952724 -0.0016335039374098415 -0.0021606638100287266 0.0074101616176239287 0.00029101735285311405 -0.0034384603604259018
leaf_weight=198 25 35 37 31 26 33 27 2595 36 92 29 26 2434 148
leaf_count=198 25 35 37 31 26 33 27 2595 36 92 29 26 2434 148
internal_value=-6.58245e-09 3.53575e-05 3.19778e-06 3.60841e-05 0.00437749 -0.000728928 -0.00341049 -9.78431e-06 -0.00266059 2.55664e-05 5.47396e-05 0.00236373 3.02092e-05 -0.000201219
internal_weight=5772 5514 5489 5452 57 258 60 5395 71 5324 5232 55 5177 2743
internal_count=5772 5514 5489 5452 57 258 60 5395 71 5324 5232 55 5177 2743
cat_boundaries=0 1
cat_threshold=2
is_linear=0
shrinkage=0.05


Tree=338
num_leaves=15
num_cat=0
split_feature=2 0 0 0 1 1 1 1 1 0 2 2 2 0
split_gain=0.0605226 0.234088 0.20762 0.150928 0.132738 0.0695168 0.121963 0.0574217 0.513274 0.414309 0.833351 2.09927 2.0343 0.893668
threshold=9.5000000000000018 67.750000000000014 65.250000000000014 58.250000000000007 1390.0000000000002 2450.0000000000005 2350.0000000000005 1195.0000000000002 1101.5000000000002 58.250000000000007 6.5000000000000009 5.5000000000000009 7.5000000000000009 61.250000000000007
decision_type=2 2 2 2 2 2 2 2 2 2 2 2 2 2
left_child=1 2 5 -2 -3 6 7 8 9 -1 11 13 -12 -11
right_child=3 4 -4 -5 -6 -7 -8 -9 -10 10 12 -13 -14 -15
leaf_value=-0.00056699400424071013 0.00021175504065822903 0.0014062648958393506 -0.004755551890348611 -0.0050007776046792664 0.0065124853479210298 0.0028097883882847699 -0.0026906258138340144 0.00010793637490059468 -0.0027398054589946618 0.0016460232273675501 0.012214086908847094 -0.0060638503181306945 -0.0037805548671520119 0.011425766671219698
leaf_weight=806 41 35 23 21 20 22 42 4146 182 230 50 95 33 26
leaf_count=806 41 35 23 21 20 22 42 4146 182 230 50 95 33 26
internal_value=-6.24534e-09 1.68649e-05 -1.47075e-05 -0.00155378 0.00326307 4.65324e-06 -6.34729e-06 1.39005e-05 -0.000260272 0.00010366 0.00134916 0.000283731 0.00585477 0.00263928
internal_weight=5772 5710 5655 62 55 5632 5610 5568 1422 1240 434 351 83 256
internal_count=5772 5710 5655 62 55 5632 5610 5568 1422 1240 434 351 83 256
is_linear=0
shrinkage=0.05


Tree=339
num_leaves=15
num_cat=1
split_feature=0 1 1 0 3 2 0 0 0 1 1 0 0 1
split_gain=0.0550522 0.367245 0.0705547 0.194815 0.0537305 0.351182 0.158416 0.390093 0.155238 0.453244 0.0996313 2.1043 0.700574 1.57265
threshold=66.750000000000014 1082.5000000000002 810.00000000000011 64.750000000000014 0 3.5000000000000004 57.250000000000007 56.250000000000007 52.250000000000007 1533.0000000000002 1697.5000000000002 53.250000000000007 53.250000000000007 1195.0000000000002
decision_type=2 2 2 2 9 2 2 2 2 2 2 2 2 2
left_child=2 -2 -1 4 8 6 7 -6 9 -4 12 -12 13 -10
right_child=1 -3 3 -5 5 -7 -8 -9 10 -11 11 -13 -14 -15
leaf_value=-0.0025332875885026255 0.0027770844047311054 -0.0047377656352379036 0.001771435810609118 0.0039189884671941401 0.00027924542917494533 0.0046875050939295601 0.0040594121374722038 -0.0063626858368515966 0.0060949398286704141 -0.0062785394903686316 0.016543417759239672 8.5049870319181474e-05 -5.2517740620360899e-06 -0.009996910484469667
leaf_weight=27 29 37 34 32 191 46 21 25 22 36 20 671 4532 49
leaf_count=27 29 37 34 32 191 46 21 25 22 36 20 671 4532 49
internal_value=-5.91787e-09 -0.00143579 1.66014e-05 2.87245e-05 6.67945e-06 0.000666012 -8.64288e-05 -0.000489497 -2.92934e-05 -0.00236855 1.58214e-06 0.000561414 -8.24595e-05 -0.0050107
internal_weight=5772 66 5706 5679 5647 283 237 216 5364 70 5294 691 4603 71
internal_count=5772 66 5706 5679 5647 283 237 216 5364 70 5294 691 4603 71
cat_boundaries=0 1
cat_threshold=21
is_linear=0
shrinkage=0.05


Tree=340
num_leaves=15
num_cat=1
split_feature=3 1 0 0 0 0 0 1 2 0 1 1 2 0
split_gain=0.0541355 0.45124 0.325958 0.387589 0.435045 0.207534 0.165348 0.370057 0.09452 0.74882 0.0958671 0.603368 0.375044 0.483563
threshold=0 810.00000000000011 69.750000000000014 64.750000000000014 66.750000000000014 57.750000000000007 52.250000000000007 1533.0000000000002 9.5000000000000018 57.750000000000007 1390.0000000000002 1345.0000000000002 6.5000000000000009 57.250000000000007
decision_type=9 2 2 2 2 2 2 2 2 2 2 2 2 2
left_child=5 -2 3 6 -5 -1 7 -3 10 -10 11 -8 13 -13
right_child=1 2 -4 4 -6 -7 8 -9 9 -11 -12 12 -14 -15
leaf_value=-0.00030981436505827647 0.0067359167383983735 0.0012555677224216717 -0.0046739532662605915 0.0081367979156634507 -0.00063334890426351481 -0.0056128112971782686 -2.4045203729757559e-05 -0.0059646124356529783 -0.0021647043342110576 0.0098435644432902352 0.00022822235938399146 0.0021221207385446797 -0.0071029998202963426 -0.0047017124725620123
leaf_weight=238 25 35 37 31 26 20 2642 36 37 20 2475 47 45 58
leaf_count=238 25 35 37 31 26 20 2642 36 37 20 2475 47 45 58
internal_value=-5.61532e-09 3.36639e-05 3.19944e-06 3.49409e-05 0.00413638 -0.000694 -8.39216e-06 -0.00240537 2.35735e-05 0.00204872 1.65716e-06 -0.000199184 -0.00328396 -0.00164723
internal_weight=5772 5514 5489 5452 57 258 5395 71 5324 57 5267 2792 150 105
internal_count=5772 5514 5489 5452 57 258 5395 71 5324 57 5267 2792 150 105
cat_boundaries=0 1
cat_threshold=2
is_linear=0
shrinkage=0.05


Tree=341
num_leaves=15
num_cat=0
split_feature=2 0 0 1 2 0 0 1 1 0 0 0 1 0
split_gain=0.0599497 0.244005 0.160911 0.0908288 0.0619101 0.810423 0.609834 0.587424 0.630975 1.06159 0.670056 0.535944 0.469998 1.11002
threshold=9.5000000000000018 70.250000000000014 58.250000000000007 810.00000000000011 7.5000000000000009 61.750000000000007 66.250000000000014 1533.0000000000002 1632.5000000000002 54.750000000000007 57.250000000000007 57.250000000000007 1390.0000000000002 57.250000000000007
decision_type=2 2 2 2 2 2 2 2 2 2 2 2 2 2
left_child=1 3 -2 -1 6 7 -5 12 10 -10 -9 -11 -6 -14
right_child=2 -3 -4 4 5 -7 -8 8 9 11 -12 -13 13 -15
leaf_value=-0.0028480896659727611 0.00027658519091612729 0.0044406957428662049 -0.005105586602751698 -2.0822165246507648e-06 -0.00015408621295481115 0.007269961807078955 -0.00753600003749684 -0.013550329550533839 0.0089425742565451757 -0.0094642134693761672 -0.0019367893148834509 0.00042002358241006733 0.010471506114267053 -0.0013114951596390912
leaf_weight=28 41 31 21 5189 185 41 27 23 23 24 27 32 39 41
leaf_count=28 41 31 21 5189 185 41 27 23 23 24 27 32 39 41
internal_value=-5.37444e-09 1.67857e-05 -0.00154641 -7.36314e-06 6.71231e-06 0.000579788 -4.10806e-05 -0.000116397 -0.0028835 -0.000101534 -0.00727902 -0.00381608 0.00123061 0.00443272
internal_weight=5772 5710 62 5679 5651 435 5216 394 129 79 50 56 265 80
internal_count=5772 5710 62 5679 5651 435 5216 394 129 79 50 56 265 80
is_linear=0
shrinkage=0.05


Tree=342
num_leaves=15
num_cat=0
split_feature=0 1 2 1 0 0 1 2 1 1 1 2 0 0
split_gain=0.058067 1.22813 1.41667 0.353856 0.336114 1.27545 0.914482 0.258498 1.51979 0.939622 0.247718 0.130417 0.641668 0.519619
threshold=61.250000000000007 1580.0000000000002 4.5000000000000009 1719.5000000000002 66.750000000000014 64.250000000000014 1082.5000000000002 6.5000000000000009 1207.0000000000002 1345.0000000000002 1101.5000000000002 8.5000000000000018 56.750000000000007 59.250000000000007
decision_type=2 2 2 2 2 2 2 2 2 2 2 2 2 2
left_child=11 2 -2 -3 5 7 -6 9 -9 10 -4 -1 -13 -14
right_child=1 3 4 -5 6 -7 -8 8 -10 -11 -12 12 13 -15
leaf_value=-3.6356609333862172e-06 0.0098086286386525317 -0.011588450286675383 0.0033419478464566058 -0.0034934591536444647 0.0026558419772689896 0.010621368000283838 -0.0097172742680413648 -0.0052039331512060017 0.010148848854199363 -0.010895063107212385 -0.0030978226643388292 -0.0016960417496316772 0.0076558321472439995 -0.00072666817697985425
leaf_weight=5280 37 27 32 27 28 26 32 40 27 27 28 81 51 29
leaf_count=5280 37 27 32 27 28 26 32 40 27 27 28 81 51 29
internal_value=-5.08523e-09 -0.000642984 0.000701747 -0.00754095 -0.000702231 0.000378076 -0.00394315 -0.00135131 0.000983009 -0.003149 0.000336722 3.91102e-05 0.00144096 0.00461718
internal_weight=5772 331 277 54 240 180 60 154 67 87 60 5441 161 80
internal_count=5772 331 277 54 240 180 60 154 67 87 60 5441 161 80
is_linear=0
shrinkage=0.05


Tree=343
num_leaves=15
num_cat=0
split_feature=2 0 0 0 1 1 1 1 1 0 2 2 2 0
split_gain=0.0599685 0.25746 0.217209 0.151479 0.151213 0.0612243 0.12633 0.0577336 0.461905 0.362137 0.760672 1.898 1.88294 0.744638
threshold=9.5000000000000018 67.750000000000014 65.250000000000014 58.250000000000007 1390.0000000000002 2450.0000000000005 2350.0000000000005 1195.0000000000002 1101.5000000000002 58.250000000000007 6.5000000000000009 5.5000000000000009 7.5000000000000009 61.250000000000007
decision_type=2 2 2 2 2 2 2 2 2 2 2 2 2 2
left_child=1 2 5 -2 -3 6 7 8 9 -1 11 13 -12 -11
right_child=3 4 -4 -5 -6 -7 -8 -9 -10 10 12 -13 -14 -15
leaf_value=-0.00054291876360240199 0.00022210609054238331 0.0014393761062196323 -0.0048654094662355339 -0.0049999346601821131 0.0068893813667818913 0.0026359954848885537 -0.0027387536086496854 0.00010805501976984258 -0.0026133386819920208 0.0015637435198194633 0.011671351287513973 -0.0058050061740275282 -0.0037167579612948677 0.0104908764648896
leaf_weight=806 41 35 23 21 20 22 42 4146 182 230 50 95 33 26
leaf_count=806 41 35 23 21 20 22 42 4146 182 230 50 95 33 26
internal_value=-4.8414e-09 1.67889e-05 -1.63221e-05 -0.00154665 0.0034212 3.48064e-06 -6.84295e-06 1.37641e-05 -0.000261151 8.40889e-05 0.00124853 0.000230622 0.00555319 0.00247041
internal_weight=5772 5710 5655 62 55 5632 5610 5568 1422 1240 434 351 83 256
internal_count=5772 5710 5655 62 55 5632 5610 5568 1422 1240 434 351 83 256
is_linear=0
shrinkage=0.05


Tree=344
num_leaves=15
num_cat=0
split_feature=0 1 2 1 0 0 1 2 1 1 0 2 0 0
split_gain=0.0606937 1.09103 1.24701 0.316498 0.315567 1.1814 0.842185 0.22589 1.40615 0.846094 0.235769 0.12237 0.590823 0.463
threshold=61.250000000000007 1580.0000000000002 4.5000000000000009 1719.5000000000002 66.750000000000014 64.250000000000014 1082.5000000000002 6.5000000000000009 1207.0000000000002 1345.0000000000002 62.250000000000007 8.5000000000000018 56.750000000000007 59.250000000000007
decision_type=2 2 2 2 2 2 2 2 2 2 2 2 2 2
left_child=11 2 -2 -3 5 7 -6 9 -9 10 -4 -1 -13 -14
right_child=1 3 4 -5 6 -7 -8 8 -10 -11 -12 12 13 -15
leaf_value=-1.4204123747483458e-06 0.0091542582958936691 -0.010986799208654299 -0.002438420349533451 -0.0033310375279850431 0.0024853380396962169 0.01019802587106824 -0.0093886175876832581 -0.005093789119855501 0.0096738402835196916 -0.010355712645859631 0.0038866166206739414 -0.0016122525195694634 0.0073140070992795863 -0.00059863706279931399
leaf_weight=5280 37 27 34 27 28 26 32 40 27 27 26 81 51 29
leaf_count=5280 37 27 34 27 28 26 32 40 27 27 26 81 51 29
internal_value=-4.57077e-09 -0.000657366 0.000610085 -0.00715892 -0.000707142 0.000339624 -0.00384744 -0.00132478 0.000857345 -0.00300527 0.000302429 3.99856e-05 0.0013979 0.00444567
internal_weight=5772 331 277 54 240 180 60 154 67 87 60 5441 161 80
internal_count=5772 331 277 54 240 180 60 154 67 87 60 5441 161 80
is_linear=0
shrinkage=0.05


Tree=345
num_leaves=15
num_cat=0
split_feature=2 0 2 0 0 1 1 0 1 2 0 1 1 0
split_gain=0.0597362 0.255448 0.24585 0.214172 0.142498 0.0512369 0.050757 0.336235 0.685677 1.19349 1.0165 0.770868 0.619169 0.568085
threshold=9.5000000000000018 66.250000000000014 6.5000000000000009 64.750000000000014 58.250000000000007 1457.0000000000002 1545.0000000000002 54.750000000000007 1804.0000000000002 5.5000000000000009 52.250000000000007 1762.5000000000002 1604.5000000000002 55.250000000000007
decision_type=2 2 2 2 2 2 2 2 2 2 2 2 2 2
left_child=1 3 -3 6 5 -2 -1 8 10 -10 -8 12 -12 -9
right_child=4 2 -4 -5 -6 -7 7 13 9 -11 11 -13 -14 -15
leaf_value=-8.325241104144686e-05 0.0018968147170242101 1.1597608328994477e-05 0.0060698336045093395 -0.0043055017896253493 -0.0048930025947768064 -0.0016393204499036075 0.013046074612066151 -0.0028075031636311028 -0.0088742384221404801 0.0028511972740913431 0.0022759200119688897 0.0092912886592816431 -0.0071635044394972053 0.00036629454803836157
leaf_weight=4237 21 33 34 29 21 20 26 165 34 60 71 29 23 969
leaf_count=4237 21 33 34 29 21 20 26 165 34 60 71 29 23 969
internal_value=-4.35783e-09 1.67568e-05 0.00308593 -1.96838e-05 -0.00154365 0.000171871 2.45524e-06 0.000266176 0.001954 -0.00138992 0.00406359 0.00216485 -3.37264e-05 -9.55014e-05
internal_weight=5772 5710 67 5643 62 41 5614 1377 243 94 149 123 94 1134
internal_count=5772 5710 67 5643 62 41 5614 1377 243 94 149 123 94 1134
is_linear=0
shrinkage=0.05


Tree=346
num_leaves=15
num_cat=1
split_feature=2 3 0 0 0 1 0 2 2 0 1 2 2 0
split_gain=0.0563291 0.0514061 0.616125 0.418194 0.337433 0.269678 0.18572 1.74109 0.695231 0.946735 1.28197 0.93578 0.19231 1.03843
threshold=10.500000000000002 0 64.750000000000014 66.250000000000014 61.750000000000007 2230.0000000000005 61.250000000000007 7.5000000000000009 5.5000000000000009 62.250000000000007 1345.0000000000002 4.5000000000000009 8.5000000000000018 56.750000000000007
decision_type=2 9 2 2 2 2 2 2 2 2 2 2 2 2
left_child=1 2 4 6 5 -1 12 8 11 10 -10 -8 -3 -14
right_child=-2 3 -4 -5 -6 -7 7 -9 9 -11 -12 -13 13 -15
leaf_value=-8.0337722470951825e-05 -0.0024694839451947937 8.6362113844293541e-05 -0.0061744676118472685 0.0052144494559615857 0.0048810602330109651 -0.0054094774726157393 -0.002194124273955822 -0.010448170557806623 0.00034231550991535185 0.003914603695171181 -0.015765019355430492 0.010183565932753925 -0.0026053777355506706 0.0065856650035591826
leaf_weight=2187 23 3102 42 40 34 24 26 42 30 41 21 37 60 63
leaf_count=2187 23 3102 42 40 34 24 26 42 30 41 21 37 60 63
internal_value=-4.14746e-09 9.87549e-06 -0.00017366 0.000131242 -6.21693e-05 -0.000138185 7.22074e-05 -0.00141815 0.00102869 -0.00174236 -0.00629012 0.00507531 0.000163246 0.00210223
internal_weight=5772 5749 2287 3462 2245 2211 3422 197 155 92 51 63 3225 123
internal_count=5772 5749 2287 3462 2245 2211 3422 197 155 92 51 63 3225 123
cat_boundaries=0 1
cat_threshold=18
is_linear=0
shrinkage=0.05


Tree=347
num_leaves=15
num_cat=0
split_feature=2 0 0 1 0 1 1 1 1 0 2 2 2 0
split_gain=0.0516181 0.233637 0.202696 0.148516 0.136612 0.0579971 0.105456 0.0542397 0.414881 0.314752 0.708968 1.71535 1.70285 0.604726
threshold=9.5000000000000018 67.750000000000014 65.250000000000014 1390.0000000000002 58.250000000000007 2450.0000000000005 2350.0000000000005 1195.0000000000002 1101.5000000000002 58.250000000000007 6.5000000000000009 5.5000000000000009 7.5000000000000009 61.250000000000007
decision_type=2 2 2 2 2 2 2 2 2 2 2 2 2 2
left_child=1 2 5 -3 -2 6 7 8 9 -1 11 13 -12 -11
right_child=4 3 -4 -5 -6 -7 -8 -9 -10 10 12 -13 -14 -15
leaf_value=-0.00051187651759653679 0.00024478589766658844 0.0012945906658257758 -0.0047002592974382902 0.0066957738064229487 -0.0047143808632556889 0.0025653569535775619 -0.0025029136799275876 0.00010333784223950792 -0.0024837637599045923 0.0014877911983057857 0.011132278591394425 -0.0055623241785399029 -0.0035014563776326908 0.0095326560047956626
leaf_weight=806 41 35 23 20 21 22 42 4146 182 230 50 95 33 26
leaf_count=806 41 35 23 20 21 22 42 4146 182 230 50 95 33 26
internal_value=-3.94872e-09 1.55767e-05 -1.59652e-05 0.00325866 -0.00143493 3.16456e-06 -6.88325e-06 1.19446e-05 -0.000254523 7.26723e-05 0.00115826 0.000175556 0.00531405 0.00230485
internal_weight=5772 5710 5655 55 62 5632 5610 5568 1422 1240 434 351 83 256
internal_count=5772 5710 5655 55 62 5632 5610 5568 1422 1240 434 351 83 256
is_linear=0
shrinkage=0.05


Tree=348
num_leaves=15
num_cat=0
split_feature=0 1 2 0 0 1 1 2 1 1 1 2 0 1
split_gain=0.0587223 0.936991 1.13143 0.320101 1.1191 0.788556 0.266982 0.243045 1.3372 0.742768 0.211283 0.105843 0.48816 0.423922
threshold=61.250000000000007 1580.0000000000002 4.5000000000000009 66.750000000000014 64.250000000000014 1082.5000000000002 1719.5000000000002 6.5000000000000009 1207.0000000000002 1345.0000000000002 1101.5000000000002 8.5000000000000018 56.750000000000007 1390.0000000000002
decision_type=2 2 2 2 2 2 2 2 2 2 2 2 2 2
left_child=11 2 -2 4 7 -5 -3 9 -9 10 -4 -1 -13 -14
right_child=1 6 3 5 -6 -7 -8 8 -10 -11 -12 12 13 -15
leaf_value=8.2295240543551314e-07 0.0086665712901063865 -0.010187455818608956 0.0028390596336976162 0.0022383257530496589 0.0099224769796889562 -0.0092513513704034264 -0.0031560127373301879 -0.0048323289456311614 0.009568717704085565 -0.0099225390426538607 -0.0031082926068588031 -0.0014339296675407913 -0.0001609977225170416 0.0072017453610897066
leaf_weight=5280 37 27 32 28 26 32 27 40 27 27 28 81 34 46
leaf_count=5280 37 27 32 28 26 32 27 40 27 27 28 81 34 46
internal_value=-3.74282e-09 -0.000646601 0.000527974 -0.000726726 0.000327532 -0.0038895 -0.00667173 -0.00129239 0.000971078 -0.00303553 6.36286e-05 3.93316e-05 0.00130222 0.00407258
internal_weight=5772 331 277 240 180 60 54 154 67 87 60 5441 161 80
internal_count=5772 331 277 240 180 60 54 154 67 87 60 5441 161 80
is_linear=0
shrinkage=0.05


Tree=349
num_leaves=15
num_cat=0
split_feature=0 1 1 0 0 2 2 1 2 0 1 0 0 2
split_gain=0.0551195 1.02034 0.640161 1.35404 1.19857 0.965163 0.714488 0.232375 0.0890909 0.734524 0.071428 0.380183 0.378618 0.343205
threshold=61.750000000000007 1580.0000000000002 1021.0000000000001 67.750000000000014 68.250000000000014 7.5000000000000009 5.5000000000000009 1345.0000000000002 9.5000000000000018 57.250000000000007 1011.0000000000001 61.250000000000007 59.750000000000007 6.5000000000000009
decision_type=2 2 2 2 2 2 2 2 2 2 2 2 2 2
left_child=8 2 3 -2 5 6 -4 -8 10 -10 12 -12 13 -1
right_child=1 -3 4 -5 -6 -7 7 -9 9 -11 11 -13 -14 -15
leaf_value=0.00061172475463606741 -0.0078708089827605535 -0.0081698191280548393 0.0070661822424792665 0.0058138762251473963 -0.0073717647381126884 0.012789171692981785 0.0014365529045999911 -0.0053861672485557704 -0.0025972647260818068 0.0093647215293631673 -6.9460155399905447e-06 -0.0041151580919527959 0.0036767425685666683 -0.0024311501936640886
leaf_weight=515 51 39 41 28 25 28 26 24 33 21 4689 57 82 113
leaf_count=515 51 39 41 28 25 28 26 24 33 21 4689 57 82 113
internal_value=-3.54157e-09 -0.000708577 0.000596304 -0.00302054 0.00258055 0.00467137 0.00217358 -0.00183835 3.36891e-05 0.00205462 1.36872e-05 -5.62861e-05 0.000481424 6.42011e-05
internal_weight=5772 262 223 79 144 119 91 50 5510 54 5456 4746 710 628
internal_count=5772 262 223 79 144 119 91 50 5510 54 5456 4746 710 628
is_linear=0
shrinkage=0.05


Tree=350
num_leaves=15
num_cat=1
split_feature=2 0 0 1 1 1 0 0 2 1 2 3 2 2
split_gain=0.0617869 0.240395 0.15817 0.103305 0.0599734 0.364387 0.27076 0.306087 1.67795 2.02862 1.9955 0.697846 3.02321 1.75934
threshold=9.5000000000000018 70.250000000000014 58.250000000000007 810.00000000000011 1195.0000000000002 1101.5000000000002 53.250000000000007 58.250000000000007 6.5000000000000009 1040.0000000000002 5.5000000000000009 0 6.5000000000000009 6.5000000000000009
decision_type=2 2 2 2 2 2 2 2 2 2 2 9 2 2
left_child=1 3 -2 -1 5 6 -5 11 10 -10 -9 12 -8 -13
right_child=2 -3 -4 4 -6 -7 7 8 9 -11 -12 13 -14 -15
leaf_value=-0.0030364771722815932 0.00023747534354830662 0.004408111077763381 -0.0050986501964784808 0.0041894447775312552 0.00010231606735710915 -0.0023621242607247783 0.00024159844764508307 0.0016774470560467093 0.0019686212705878111 0.017871592938899995 -0.0067892191829741939 -0.00036949493710628964 -0.010925647946423853 0.01077511087895777
leaf_weight=28 41 31 21 38 4234 182 250 253 65 29 96 385 80 39
leaf_count=28 41 31 21 38 4234 182 250 253 65 29 96 385 80 39
internal_value=-3.3569e-09 1.7043e-05 -0.00156992 -6.92651e-06 8.08453e-06 -0.00027348 3.43207e-05 -9.7588e-05 0.000945521 0.00687486 -0.000651493 -0.000710449 -0.00239309 0.000640493
internal_weight=5772 5710 62 5679 5651 1417 1235 1197 443 94 349 754 330 424
internal_count=5772 5710 62 5679 5651 1417 1235 1197 443 94 349 754 330 424
cat_boundaries=0 1
cat_threshold=4
is_linear=0
shrinkage=0.05


Tree=351
num_leaves=15
num_cat=1
split_feature=2 3 2 0 0 0 1 2 1 0 1 2 1 0
split_gain=0.0587098 0.0518577 0.605324 0.374469 0.251726 0.504076 0.246158 0.243936 1.1856 0.917897 0.276585 0.602958 0.698092 0.417726
threshold=10.500000000000002 0 8.5000000000000018 66.250000000000014 67.750000000000014 63.750000000000007 2230.0000000000005 7.5000000000000009 1480.0000000000002 61.750000000000007 1195.0000000000002 6.5000000000000009 1135.0000000000002 59.750000000000007
decision_type=2 9 2 2 2 2 2 2 2 2 2 2 2 2
left_child=1 2 4 -3 5 6 7 9 -9 10 11 12 -1 -12
right_child=-2 3 -4 -5 -6 -7 -8 8 -10 -11 13 -13 -14 -15
leaf_value=-0.00083732841874986869 -0.0025211278389653436 7.6140309257967202e-05 -0.008245606179875525 0.0049421344604343182 0.0050004426448140293 -0.0076787888326428147 -0.005109169415663928 -0.0017321200104603589 0.01276180510897012 -0.010043687235725962 0.00015917078271128767 0.0045253629063038113 -0.0072712749202290304 0.0038080684459173538
leaf_weight=505 23 3422 23 40 24 22 24 43 21 23 1426 47 46 83
leaf_count=505 23 3422 23 40 24 22 24 43 21 23 1426 47 46 83
internal_value=-3.1958e-09 1.00831e-05 -0.000174258 0.000131981 -9.30305e-05 -0.000147603 -7.29028e-05 -1.78114e-05 0.0030237 -0.0001092 -7.54734e-07 -0.000910765 -0.00137446 0.000359872
internal_weight=5772 5749 2287 3462 2264 2240 2218 2194 64 2130 2107 598 551 1509
internal_count=5772 5749 2287 3462 2264 2240 2218 2194 64 2130 2107 598 551 1509
cat_boundaries=0 1
cat_threshold=18
is_linear=0
shrinkage=0.05


Tree=352
num_leaves=15
num_cat=1
split_feature=0 0 0 3 2 0 1 0 0 0 1 0 0 1
split_gain=0.054525 0.107042 0.200293 0.0437032 0.366318 0.155007 0.414851 0.154144 0.331077 0.0905197 0.0883077 1.90612 0.646661 1.42292
threshold=69.750000000000014 66.250000000000014 64.250000000000014 0 3.5000000000000004 52.250000000000007 1533.0000000000002 57.250000000000007 56.250000000000007 57.750000000000007 1697.5000000000002 53.250000000000007 53.250000000000007 1195.0000000000002
decision_type=2 2 2 9 2 2 2 2 2 2 2 2 2 2
left_child=1 2 3 5 7 6 -1 8 -5 -6 12 -12 13 -7
right_child=-2 -3 -4 4 9 10 -8 -9 -10 -11 11 -13 -14 -15
leaf_value=0.0016116911018102923 -0.0018632189812473 0.0028964188270037996 -0.0035744300971810635 0.00014104657641182523 0.0065579267753357144 0.0057691484668546105 -0.0060897893065379729 0.0038311252433975993 -0.0059742006771266462 0.002119862595573068 0.015757220983505248 9.3025475370974583e-05 1.4316312178920362e-05 -0.0095374993181654398
leaf_weight=34 39 32 39 193 27 22 36 22 25 20 20 671 4543 49
leaf_count=34 39 32 39 193 27 22 36 22 25 20 20 671 4543 49
internal_value=-3.03311e-09 1.26719e-05 -3.51471e-06 2.10818e-05 0.000611492 -1.15594e-05 -0.00234907 -0.000157701 -0.000560243 0.00466939 1.92625e-05 0.000546403 -5.9683e-05 -0.00479459
internal_weight=5772 5733 5701 5662 287 5375 70 240 218 47 5305 691 4614 71
internal_count=5772 5733 5701 5662 287 5375 70 240 218 47 5305 691 4614 71
cat_boundaries=0 1
cat_threshold=21
is_linear=0
shrinkage=0.05


Tree=353
num_leaves=15
num_cat=0
split_feature=2 0 0 0 2 0 1 1 1 1 2 1 0 2
split_gain=0.0533405 0.0497461 0.157969 0.181374 0.114689 0.0549053 0.307215 0.236601 0.364152 0.290764 0.70107 0.388821 0.408151 0.680416
threshold=10.500000000000002 69.750000000000014 66.250000000000014 64.250000000000014 9.5000000000000018 56.750000000000007 2350.0000000000005 1002.0000000000001 1021.0000000000001 1057.5000000000002 4.5000000000000009 1162.5000000000002 58.250000000000007 6.5000000000000009
decision_type=2 2 2 2 2 2 2 2 2 2 2 2 2 2
left_child=1 2 3 4 5 -1 7 -7 -9 10 -10 12 -11 -14
right_child=-2 -3 -4 -5 -6 6 -8 8 9 11 -12 -13 13 -15
leaf_value=0.00018303481694370729 -0.0024030792931823627 -0.0017700580294984275 0.0035812978602705464 -0.0033957081297651317 0.0028389619728032916 0.0010580506191043314 -0.0051673548171917603 -0.0058235620357224658 -0.0021298896074295045 -0.0042099800992233694 0.0099659848958253867 -4.9898608509033352e-05 -0.0017354697601317808 0.0074011001115043959
leaf_weight=2486 23 39 31 39 36 396 30 29 25 121 23 2335 135 24
leaf_count=2486 23 39 31 39 36 396 30 29 25 121 23 2335 135 24
internal_value=-2.88083e-09 9.6111e-06 2.17665e-05 2.33601e-06 2.58331e-05 7.76164e-06 -0.000131985 -8.3066e-05 -0.000250927 -0.000190241 0.00366605 -0.000261026 -0.00202168 -0.000356365
internal_weight=5772 5749 5710 5679 5640 5604 3118 3088 2692 2663 48 2615 280 159
internal_count=5772 5749 5710 5679 5640 5604 3118 3088 2692 2663 48 2615 280 159
is_linear=0
shrinkage=0.05


Tree=354
num_leaves=15
num_cat=0
split_feature=2 0 0 1 0 0 0 1 1 2 0 2 0 1
split_gain=0.0521901 0.214538 0.145132 0.0899822 0.0712598 0.153837 0.0570038 0.275063 0.213687 0.679272 0.46894 1.43271 0.413242 0.317792
threshold=9.5000000000000018 70.250000000000014 58.250000000000007 810.00000000000011 67.250000000000014 64.750000000000014 56.750000000000007 2350.0000000000005 1011.0000000000001 3.5000000000000004 57.750000000000007 5.5000000000000009 58.250000000000007 1290.0000000000002
decision_type=2 2 2 2 2 2 2 2 2 2 2 2 2 2
left_child=1 3 -2 -1 5 6 -5 8 9 -8 11 -11 -12 -10
right_child=2 -3 -4 4 -6 -7 7 -9 13 10 12 -13 -14 -15
leaf_value=-0.0028344375164514142 0.00028844296296195288 0.0041638636751280675 -0.0048230218191054608 0.0001769686682020415 -0.0026045562591976846 0.0032771329861134291 0.0086382989875144426 -0.0049089868118365604 -0.00092216017163501912 -0.0019341613155911151 -0.0047430616308702161 0.011601383759475807 0.00033037881461941466 0.00018804313681843306
leaf_weight=28 41 31 21 2479 26 36 27 30 1079 46 48 34 245 1601
leaf_count=28 41 31 21 2479 26 36 27 30 1079 46 48 34 245 1601
internal_value=-2.76096e-09 1.5664e-05 -0.00144286 -6.97982e-06 7.02988e-06 1.91012e-05 -1.8845e-06 -0.000144449 -9.80416e-05 0.000979964 0.000425607 0.00381845 -0.000500765 -0.000258938
internal_weight=5772 5710 62 5679 5651 5625 5589 3110 3080 400 373 80 293 2680
internal_count=5772 5710 62 5679 5651 5625 5589 3110 3080 400 373 80 293 2680
is_linear=0
shrinkage=0.05


Tree=355
num_leaves=15
num_cat=1
split_feature=0 2 1 1 1 0 3 2 0 0 0 2 1 2
split_gain=0.0550552 0.362422 0.665765 0.0734817 0.0430484 0.055396 0.044873 0.28699 0.140847 0.326124 0.140561 0.395295 0.091082 0.0910576
threshold=65.250000000000014 7.5000000000000009 1195.0000000000002 2450.0000000000005 840.00000000000011 64.250000000000014 0 3.5000000000000004 57.250000000000007 56.250000000000007 52.250000000000007 5.5000000000000009 1040.0000000000002 9.5000000000000018
decision_type=2 2 2 2 2 2 9 2 2 2 2 2 2 2
left_child=3 2 -2 4 -1 6 10 8 9 12 11 -6 -8 -12
right_child=1 -3 -4 -5 5 -7 7 -9 -10 -11 13 -13 -14 -15
leaf_value=0.001836048065160867 -0.0093882405414031107 0.003732893094420433 0.0014610298038009676 0.0029026134278286589 -0.0058000347199472224 -0.0024000905298938355 0.0021609563707433482 0.0042452458737661011 0.0038342116749845445 -0.0058236169219017036 -1.7963614114988131e-05 0.0017269613581116904 -0.00037840261115056371 0.0019913886665578998
leaf_weight=32 26 25 31 22 37 24 47 46 21 25 5204 33 142 57
leaf_count=32 26 25 31 22 37 24 47 46 21 25 5204 33 142 57
internal_value=-2.61343e-09 -0.00128634 -0.00348776 1.85351e-05 7.34076e-06 -3.04225e-06 7.20885e-06 0.000611825 -7.33625e-05 -0.000456816 -2.57602e-05 -0.00225159 0.000253078 3.8066e-06
internal_weight=5772 82 57 5690 5668 5636 5612 281 235 214 5331 70 189 5261
internal_count=5772 82 57 5690 5668 5636 5612 281 235 214 5331 70 189 5261
cat_boundaries=0 1
cat_threshold=21
is_linear=0
shrinkage=0.05


Tree=356
num_leaves=15
num_cat=0
split_feature=2 0 0 1 0 0 0 1 1 2 0 2 0 1
split_gain=0.0545923 0.196497 0.131895 0.0844266 0.0567774 0.143117 0.052619 0.256074 0.19321 0.62286 0.421668 1.29675 0.374373 0.28817
threshold=9.5000000000000018 70.250000000000014 58.250000000000007 810.00000000000011 67.250000000000014 64.750000000000014 56.750000000000007 2350.0000000000005 1011.0000000000001 3.5000000000000004 57.750000000000007 5.5000000000000009 58.250000000000007 1290.0000000000002
decision_type=2 2 2 2 2 2 2 2 2 2 2 2 2 2
left_child=1 3 -2 -1 5 6 -5 8 9 -8 11 -11 -12 -10
right_child=2 -3 -4 4 -6 -7 7 -9 13 10 12 -13 -14 -15
leaf_value=-0.0027444312190969609 0.00017477374910036239 0.0039859659654358703 -0.004698026087135077 0.00017029084501003639 -0.002323226247412654 0.0031611576986809576 0.0082647576997125598 -0.0047356538785000646 -0.00087828997998827237 -0.0018550908729514999 -0.004515823362453375 0.011022212734336363 0.00031312571458366457 0.0001789054428271238
leaf_weight=28 41 31 21 2479 26 36 27 30 1079 46 48 34 245 1601
leaf_count=28 41 31 21 2479 26 36 27 30 1079 46 48 34 245 1601
internal_value=-2.46972e-09 1.60208e-05 -0.00147569 -5.65e-06 7.92031e-06 1.86954e-05 -1.54591e-06 -0.000138518 -9.37407e-05 0.000931314 0.000400475 0.00361776 -0.000477965 -0.000246734
internal_weight=5772 5710 62 5679 5651 5625 5589 3110 3080 400 373 80 293 2680
internal_count=5772 5710 62 5679 5651 5625 5589 3110 3080 400 373 80 293 2680
is_linear=0
shrinkage=0.05


Tree=357
num_leaves=15
num_cat=0
split_feature=0 0 0 1 1 0 1 0 1 0 1 0 0 2
split_gain=0.0575917 0.0999146 0.175074 0.0462473 0.0392081 0.433967 0.0776144 0.135955 0.0815187 0.615188 0.552614 0.437356 1.00979 0.607142
threshold=69.750000000000014 66.250000000000014 64.250000000000014 2450.0000000000005 2219.0000000000005 57.250000000000007 2026.5000000000002 59.250000000000007 1747.0000000000002 60.250000000000007 1697.5000000000002 58.750000000000007 57.750000000000007 5.5000000000000009
decision_type=2 2 2 2 2 2 2 2 2 2 2 2 2 2
left_child=1 2 3 4 6 -6 8 -8 10 11 -1 12 -10 -13
right_child=-2 -3 -4 -5 5 -7 7 -9 9 -11 -12 13 -14 -15
leaf_value=-2.4769573042915965e-06 -0.0019148990888005265 0.0027991072201984935 -0.0033411613378960358 0.0024204830825328826 -0.0040374598754367432 0.0041467824422288689 0.0017090155407084454 -0.0025275641417300161 -0.0015887848235552936 0.0059845877141924582 0.0052289940086684156 -0.00021542189319411089 0.0065034429832465119 -0.009463658097125259
leaf_weight=4945 39 32 39 20 46 25 136 22 269 32 51 36 45 35
leaf_count=4945 39 32 39 20 46 25 136 22 269 32 51 36 45 35
internal_value=-2.35831e-09 1.30242e-05 -2.61427e-06 2.03817e-05 1.18737e-05 -0.00115568 2.67538e-05 0.00111911 -5.13107e-06 -0.00067675 5.09268e-05 -0.00123042 -0.000429071 -0.00477441
internal_weight=5772 5733 5701 5662 5642 71 5571 158 5413 417 4996 385 314 71
internal_count=5772 5733 5701 5662 5642 71 5571 158 5413 417 4996 385 314 71
is_linear=0
shrinkage=0.05


Tree=358
num_leaves=15
num_cat=1
split_feature=0 2 0 1 1 0 3 2 0 0 0 1 1 0
split_gain=0.0535829 0.332518 0.619963 0.0687413 0.0447423 0.0466248 0.0385889 0.265677 0.129965 0.124574 0.306902 0.0819353 0.0865878 0.233938
threshold=65.250000000000014 7.5000000000000009 70.250000000000014 2450.0000000000005 840.00000000000011 64.250000000000014 0 3.5000000000000004 51.250000000000007 57.250000000000007 56.250000000000007 1040.0000000000002 1423.5000000000002 54.250000000000007
decision_type=2 2 2 2 2 2 9 2 2 2 2 2 2 2
left_child=3 2 -2 4 -1 6 8 9 -6 10 11 -8 13 -13
right_child=1 -3 -4 -5 5 -7 7 -9 -10 -11 -12 12 -14 -15
leaf_value=0.0018717979655775707 -0.007360333871717255 0.0035386873036623006 0.0034497562873487676 0.0028077864511446521 -0.0033060217276215556 -0.0022022328223101797 0.0020445177921074183 0.0040620909684904571 -5.7675688796722552e-06 0.0035818428388752401 -0.005659921307116747 -0.0046333336158458031 0.0013913999950671769 0.00057776501804079504
leaf_weight=32 36 25 21 22 30 24 47 46 5301 21 25 33 47 62
leaf_count=32 36 25 21 22 30 24 47 46 5301 21 25 33 47 62
internal_value=-2.22295e-09 -0.00126902 -0.00337767 1.8286e-05 7.45868e-06 -3.12663e-06 6.27795e-06 0.000566964 -2.42941e-05 -9.30629e-05 -0.000453684 0.000234971 -0.000363963 -0.00123241
internal_weight=5772 82 57 5690 5668 5636 5612 281 5331 235 214 189 142 95
internal_count=5772 82 57 5690 5668 5636 5612 281 5331 235 214 189 142 95
cat_boundaries=0 1
cat_threshold=21
is_linear=0
shrinkage=0.05


Tree=359
num_leaves=15
num_cat=0
split_feature=0 0 0 1 2 0 0 1 1 0 0 0 1 2
split_gain=0.0598312 0.107856 0.148861 0.0382303 0.64991 0.484818 0.590663 0.412369 0.798507 0.438573 0.350625 0.26411 0.255361 0.514557
threshold=69.750000000000014 66.250000000000014 64.750000000000014 1835.0000000000002 4.5000000000000009 57.250000000000007 56.750000000000007 2260.0000000000005 2039.0000000000002 59.250000000000007 53.750000000000007 58.250000000000007 2075.0000000000005 5.5000000000000009
decision_type=2 2 2 2 2 2 2 2 2 2 2 2 2 2
left_child=1 2 3 -1 11 6 10 8 9 -7 -6 -5 13 -12
right_child=-2 -3 -4 4 5 7 -8 -9 -10 -11 12 -13 -14 -15
leaf_value=-2.2533182024724567e-05 -0.0019517748688275998 0.002907960610173177 -0.0035761410820073095 -0.0017413934259887108 0.0067301866069266747 0.002569657664280385 -0.007685221519078249 0.0096177427563816312 -0.0024431537209572843 0.010728649528963227 0.0038053412016015504 -0.0080276082056419309 0.0017009509758767903 -0.0048968011082835359
leaf_weight=5228 39 32 29 55 22 40 23 24 49 28 25 24 101 53
leaf_count=5228 39 32 29 55 22 40 23 24 49 28 25 24 101 53
internal_value=-2.14228e-09 1.32752e-05 -2.97279e-06 1.52962e-05 0.000460729 0.00135069 -9.50753e-05 0.00364752 0.00242285 0.00592924 0.000773449 -0.00365113 4.13359e-05 -0.00210765
internal_weight=5772 5733 5701 5672 444 365 224 141 117 68 201 79 179 78
internal_count=5772 5733 5701 5672 444 365 224 141 117 68 201 79 179 78
is_linear=0
shrinkage=0.05


Tree=360
num_leaves=15
num_cat=0
split_feature=0 0 0 1 1 0 0 1 2 1 1 0 2 0
split_gain=0.0549807 0.0734207 0.305397 0.0439765 0.0460419 0.522474 0.360677 0.699255 0.594735 0.743881 0.403203 0.350099 0.889704 0.326077
threshold=71.500000000000014 67.750000000000014 65.750000000000014 2450.0000000000005 1604.5000000000002 60.750000000000007 57.750000000000007 1645.0000000000002 5.5000000000000009 1835.0000000000002 2039.0000000000002 53.250000000000007 5.5000000000000009 56.750000000000007
decision_type=2 2 2 2 2 2 2 2 2 2 2 2 2 2
left_child=1 2 3 4 -1 6 7 -6 -8 -10 -11 -9 -13 -14
right_child=-2 -3 -4 -5 5 -7 8 11 9 10 -12 12 13 -15
leaf_value=6.5414452066041767e-05 -0.00255372699882303 0.0022294454610075902 -0.0061727881059050567 0.0021985244329856789 -0.0080624509415018458 -0.0057722626691039686 -0.00075765939348736622 0.0042904303164074294 -0.00023948267474770547 0.012116980490585169 0.0039193925601284721 0.0014381989394139714 -0.0021323481172698345 -0.0072860887324487844
leaf_weight=4873 21 37 20 23 31 42 127 38 50 30 30 233 180 37
leaf_count=4873 21 37 20 23 31 42 127 38 50 30 30 233 180 37
internal_value=-2.04365e-09 9.32298e-06 -5.05303e-06 1.6611e-05 7.76172e-06 -0.000344296 -4.27419e-05 -0.000780746 0.00157339 0.0042647 0.00801819 -0.000318179 -0.00070735 -0.0030111
internal_weight=5772 5751 5714 5694 5671 798 756 519 237 110 60 488 450 217
internal_count=5772 5751 5714 5694 5671 798 756 519 237 110 60 488 450 217
is_linear=0
shrinkage=0.05


Tree=361
num_leaves=15
num_cat=1
split_feature=3 1 0 0 0 0 0 1 2 0 0 1 2 0
split_gain=0.0545073 0.401163 0.334227 0.372536 0.3619 0.20856 0.153879 0.346161 0.0862548 0.645155 0.0926156 0.225521 1.01494 0.957126
threshold=0 810.00000000000011 69.750000000000014 64.750000000000014 66.750000000000014 57.750000000000007 52.250000000000007 1533.0000000000002 9.5000000000000018 57.750000000000007 57.250000000000007 1057.5000000000002 6.5000000000000009 55.250000000000007
decision_type=9 2 2 2 2 2 2 2 2 2 2 2 2 2
left_child=5 -2 3 6 -5 -1 7 -3 10 -10 11 12 -8 -14
right_child=1 2 -4 4 -6 -7 8 -9 9 -11 -12 -13 13 -15
leaf_value=-0.00031126718564612494 0.0063532092692330485 0.001223133583719443 -0.0047310415082737001 0.007706861882921189 -0.00029210932015513003 -0.0056273551750928167 0.00036899501484590359 -0.0057600375782284469 -0.0019507809535826784 0.0091953389020636694 -0.00020596321263082552 0.00038708500719239236 -0.0014940532757655571 -0.013806307118782704
leaf_weight=238 25 35 37 31 26 20 263 36 37 20 2622 2317 38 27
leaf_count=238 25 35 37 31 26 20 263 36 37 20 2622 2317 38 27
internal_value=-1.92758e-09 3.3783e-05 5.06237e-06 3.72039e-05 0.00405821 -0.000696376 -5.27933e-06 -0.00231763 2.55578e-05 0.00196014 4.62157e-06 0.000213375 -0.00101372 -0.00660837
internal_weight=5772 5514 5489 5452 57 258 5395 71 5324 57 5267 2645 328 65
internal_count=5772 5514 5489 5452 57 258 5395 71 5324 57 5267 2645 328 65
cat_boundaries=0 1
cat_threshold=2
is_linear=0
shrinkage=0.05


Tree=362
num_leaves=15
num_cat=0
split_feature=2 0 0 1 0 1 1 1 0 1 2 1 1 2
split_gain=0.0542484 0.204492 0.184959 0.157629 0.145497 0.0509756 0.0491148 0.0931675 0.0426017 0.211723 1.2206 0.499567 0.899521 0.439431
threshold=9.5000000000000018 67.750000000000014 65.250000000000014 1390.0000000000002 58.250000000000007 1457.0000000000002 2450.0000000000005 2350.0000000000005 57.250000000000007 1057.5000000000002 3.5000000000000004 1021.0000000000001 1002.0000000000001 3.5000000000000004
decision_type=2 2 2 2 2 2 2 2 2 2 2 2 2 2
left_child=1 2 6 -3 5 -2 7 8 -1 10 -10 12 -12 -11
right_child=4 3 -4 -5 -6 -7 -8 -9 9 13 11 -13 -14 -15
leaf_value=0.0001451277915692345 0.0019829846075957733 0.0010266108930643116 -0.0044881900043591211 0.0065910325164441029 -0.0048554495198740851 -0.0015441209403797985 0.0023625788532874803 -0.002350607230549767 0.01209880172720422 -0.0043128307675074007 0.00037273116117858356 0.0056983818300068382 -0.0092868191619905147 -0.0002014864671372312
leaf_weight=2915 21 35 23 20 21 20 22 42 23 67 330 38 26 2169
leaf_count=2915 21 35 23 20 21 20 22 42 23 67 330 38 26 2169
internal_value=-1.84535e-09 1.59708e-05 -1.35382e-05 0.00305004 -0.00147104 0.000262445 4.73542e-06 -4.51103e-06 1.31858e-05 -0.000131786 0.00090253 0.00024894 -0.000332742 -0.00032468
internal_weight=5772 5710 5655 55 62 41 5632 5610 5568 2653 417 394 356 2236
internal_count=5772 5710 5655 55 62 41 5632 5610 5568 2653 417 394 356 2236
is_linear=0
shrinkage=0.05


Tree=363
num_leaves=15
num_cat=0
split_feature=2 0 1 0 0 2 0 1 0 0 0 1 1 1
split_gain=0.0523639 0.739527 0.364833 0.322697 0.609421 0.571083 1.45784 0.295453 0.262038 0.225163 0.169351 0.243738 0.261645 0.22724
threshold=3.5000000000000004 55.250000000000007 810.00000000000011 69.750000000000014 64.250000000000014 5.5000000000000009 66.750000000000014 1216.0000000000002 58.750000000000007 54.250000000000007 57.250000000000007 1423.5000000000002 1207.0000000000002 1082.5000000000002
decision_type=2 2 2 2 2 2 2 2 2 2 2 2 2 2
left_child=1 7 -2 4 -4 -6 -7 -1 10 -9 11 12 13 -3
right_child=2 8 3 -5 5 6 -8 9 -10 -11 -12 -13 -14 -15
leaf_value=0.0037650877384634292 0.0060727047473192221 -0.0042783214033115654 -9.6348740024120402e-06 -0.004634766120265389 0.011195537674686184 0.010276012122631073 -0.0083759087137877941 -0.0042052785791456705 -0.0067096860148012638 0.001626032723912171 0.00078304402212289953 0.00066261460189707575 -0.0057808431301462661 0.0001220668997274528
leaf_weight=107 25 50 5134 37 23 22 20 25 26 49 65 60 58 71
leaf_count=107 25 50 5134 37 23 22 20 25 26 49 65 60 58 71
internal_value=-1.73347e-09 -0.000483224 4.69335e-05 1.81627e-05 5.12764e-05 0.00486233 0.00139415 0.00208513 -0.00189193 -0.000344005 -0.00147988 -0.00209532 -0.00301977 -0.00169628
internal_weight=5772 511 5261 5236 5199 65 42 181 330 74 304 239 179 121
internal_count=5772 511 5261 5236 5199 65 42 181 330 74 304 239 179 121
is_linear=0
shrinkage=0.05


Tree=364
num_leaves=15
num_cat=1
split_feature=3 1 0 0 2 1 1 0 0 2 0 0 2 0
split_gain=0.0545989 0.326203 0.28991 0.309038 0.300179 0.187535 0.18507 0.343672 0.140113 0.315174 0.116527 0.0873565 0.102834 0.346141
threshold=0 810.00000000000011 69.750000000000014 64.750000000000014 5.5000000000000009 1390.0000000000002 1423.5000000000002 55.250000000000007 52.250000000000007 5.5000000000000009 54.250000000000007 62.250000000000007 9.5000000000000018 57.250000000000007
decision_type=9 2 2 2 2 2 2 2 2 2 2 2 2 2
left_child=5 -2 3 8 -5 10 -7 -8 9 -3 -1 12 -10 -14
right_child=1 2 -4 4 -6 6 7 -9 11 -11 -12 -13 13 -15
leaf_value=0.0027141497095322445 0.0057323316205292948 -0.0054007400834077115 -0.0044030276636869928 0.0086354129016399384 0.0010324747043636603 -0.0067750085544373319 0.0032840900802208733 -0.0045305868028663104 3.2594867170842458e-05 0.0012678454760188128 -0.00046851569167957025 -0.0014987639176821256 -0.0011567705376364756 0.0068847665482241185
leaf_weight=36 25 37 37 20 37 21 24 34 5177 34 143 92 32 23
leaf_count=36 25 37 37 20 37 21 24 34 5177 34 143 92 32 23
internal_value=-1.6547e-09 3.38117e-05 7.91902e-06 3.78539e-05 0.00370017 -0.00069696 -0.00275313 -0.00129693 -8.39725e-07 -0.00220733 0.000171573 2.85857e-05 5.54428e-05 0.00220605
internal_weight=5772 5514 5489 5452 57 258 79 58 5395 71 179 5324 5232 55
internal_count=5772 5514 5489 5452 57 258 79 58 5395 71 179 5324 5232 55
cat_boundaries=0 1
cat_threshold=2
is_linear=0
shrinkage=0.05


Tree=365
num_leaves=15
num_cat=0
split_feature=2 0 0 1 1 1 2 0 1 0 1 0 2 0
split_gain=0.0538556 0.224427 0.138606 0.12741 0.0594363 0.755063 0.633581 0.457335 1.57349 0.446655 1.40697 0.426925 0.431369 0.334546
threshold=9.5000000000000018 70.250000000000014 58.250000000000007 810.00000000000011 1804.0000000000002 1878.0000000000002 4.5000000000000009 59.250000000000007 2008.0000000000002 52.250000000000007 1595.0000000000002 58.750000000000007 7.5000000000000009 51.750000000000007
decision_type=2 2 2 2 2 2 2 2 2 2 2 2 2 2
left_child=1 3 -2 -1 9 -6 -7 11 -9 10 13 12 -8 -5
right_child=2 -3 -4 4 5 6 7 8 -10 -11 -12 -13 -14 -15
leaf_value=-0.0033717403080247878 0.00022623245377184414 0.0042586357017318091 -0.0047689942376954219 -0.0060644434942376049 -0.0089864662624895581 -0.004249610459570446 0.0013827647185432744 0.015840386829915502 -0.0012136484110286754 4.1891506784458702e-06 0.013211896976169486 -0.00621795071894303 -0.0046460628824527657 0.0029713253997033463
leaf_weight=28 41 31 21 21 25 74 233 21 38 5134 26 25 34 20
leaf_count=28 41 31 21 21 25 74 233 21 38 5134 26 25 34 20
internal_value=-1.52945e-09 1.59132e-05 -0.0014657 -7.24656e-06 9.42409e-06 -0.000541853 -4.51116e-05 0.000841307 0.00485643 5.71216e-05 0.00411317 3.00318e-05 0.000615049 -0.00165675
internal_weight=5772 5710 62 5679 5651 450 425 351 59 5201 67 292 267 41
internal_count=5772 5710 62 5679 5651 450 425 351 59 5201 67 292 267 41
is_linear=0
shrinkage=0.05


Tree=366
num_leaves=15
num_cat=0
split_feature=0 1 1 0 0 2 2 1 2 0 0 0 0 1
split_gain=0.0495129 0.99815 0.54235 1.20045 1.12899 0.828704 0.616042 0.214296 0.0923268 0.366198 0.458339 0.264128 0.131152 1.76719
threshold=61.750000000000007 1580.0000000000002 1021.0000000000001 67.750000000000014 68.250000000000014 7.5000000000000009 5.5000000000000009 1345.0000000000002 8.5000000000000018 56.750000000000007 59.250000000000007 58.250000000000007 52.750000000000007 1615.0000000000002
decision_type=2 2 2 2 2 2 2 2 2 2 2 2 2 2
left_child=8 2 3 -2 5 6 -4 -8 12 -10 11 -11 13 -1
right_child=1 -3 4 -5 -6 -7 7 -9 9 10 -12 -13 -14 -15
leaf_value=0.0017424756833288358 -0.0072769480748284682 -0.0080512499723296906 0.0067032094772269089 0.0056082513249878377 -0.0072136946665123103 0.011996724085682739 0.0015797833956849691 -0.0049721488069432475 -0.0011911853274077545 0.0034671798783044022 -0.0011561294697457925 0.010778438583725975 2.9035538960701751e-05 -0.015033081052824854
leaf_weight=73 51 39 41 28 25 28 26 24 81 30 32 21 5253 20
leaf_count=73 51 39 41 28 25 28 26 24 81 30 32 21 5253 20
internal_value=-1.47754e-09 -0.000671572 0.000619045 -0.00271004 0.00244542 0.00447464 0.00216016 -0.00156514 3.19316e-05 0.00120049 0.00353454 0.0064777 -3.91643e-06 -0.00186517
internal_weight=5772 262 223 79 144 119 91 50 5510 164 83 51 5346 93
internal_count=5772 262 223 79 144 119 91 50 5510 164 83 51 5346 93
is_linear=0
shrinkage=0.05


Tree=367
num_leaves=15
num_cat=1
split_feature=2 0 0 1 1 1 0 2 2 1 3 2 0 2
split_gain=0.0546181 0.211787 0.137967 0.10661 0.0505315 0.287045 0.224581 1.46011 1.76607 1.69859 0.508246 2.39581 1.60567 1.65208
threshold=9.5000000000000018 70.250000000000014 58.250000000000007 810.00000000000011 1195.0000000000002 1101.5000000000002 58.250000000000007 6.5000000000000009 5.5000000000000009 1040.0000000000002 0 6.5000000000000009 57.750000000000007 4.5000000000000009
decision_type=2 2 2 2 2 2 2 2 2 2 9 2 2 2
left_child=1 3 -2 -1 5 6 10 8 -8 -9 11 12 13 -5
right_child=2 -3 -4 4 -6 -7 7 9 -10 -11 -12 -13 -14 -15
leaf_value=-0.0030841038279634503 0.00021198977852558218 0.0041375412380382903 -0.004771712342543262 -0.0025134588906518692 9.5273090677679172e-05 -0.0021034543700607375 0.0016262714574831307 0.0019666858647878357 -0.0063388119762142498 0.016518696782917813 0.0006300400142842744 -0.0090666012957543989 -0.0075321632064878942 0.0065111607725245775
leaf_weight=28 41 31 21 92 4234 182 253 65 96 29 449 88 50 113
leaf_count=28 41 31 21 92 4234 182 253 65 96 29 449 88 50 113
internal_value=-1.41684e-09 1.60256e-05 -0.00147604 -6.47254e-06 8.77673e-06 -0.000249675 2.3514e-05 0.000925051 -0.000564697 0.00645614 -0.000480755 -0.00189786 0.000501627 0.00246109
internal_weight=5772 5710 62 5679 5651 1417 1235 443 349 94 792 343 255 205
internal_count=5772 5710 62 5679 5651 1417 1235 443 349 94 792 343 255 205
cat_boundaries=0 1
cat_threshold=4
is_linear=0
shrinkage=0.05


Tree=368
num_leaves=15
num_cat=0
split_feature=0 2 0 1 1 1 0 1 0 0 0 1 2 0
split_gain=0.0543196 0.614917 0.958417 1.05132 0.0355113 0.326989 0.319196 0.343682 0.539886 0.311709 0.267622 0.288604 0.22732 0.503009
threshold=64.250000000000014 5.5000000000000009 66.750000000000014 1390.0000000000002 1545.0000000000002 1524.0000000000002 61.750000000000007 1595.0000000000002 57.250000000000007 51.750000000000007 52.750000000000007 1195.0000000000002 6.5000000000000009 58.750000000000007
decision_type=2 2 2 2 2 2 2 2 2 2 2 2 2 2
left_child=4 -2 -3 -4 5 10 7 8 -6 -9 11 -1 -11 -14
right_child=1 2 3 -5 6 -7 -8 9 -10 12 -12 -13 13 -15
leaf_value=-0.00063661233542244074 -0.0068108534214623047 0.0098943465996695606 -0.0076444171125973201 0.0068026873422786602 0.0016266425855324736 -0.006130369469015436 0.0050989548365275063 0.0064892607554793355 -0.0077489437699756209 0.00056680781424026658 -6.3125295080349115e-05 0.0068633707689827895 -0.0022783562639987847 0.002259198250659906
leaf_weight=23 33 23 34 20 28 22 33 20 34 985 4186 29 217 85
leaf_count=23 33 23 34 20 28 22 33 20 34 985 4186 29 217 85
internal_value=5.32392e-08 -0.00110041 0.00134693 -0.00229364 2.14327e-05 -5.04026e-05 0.000239705 0.000122572 -0.00351481 0.000295118 -1.88407e-05 0.00354607 0.000198861 -0.00100123
internal_weight=5772 110 77 54 5662 4260 1402 1369 62 1307 4238 52 1287 302
internal_count=5772 110 77 54 5662 4260 1402 1369 62 1307 4238 52 1287 302
is_linear=0
shrinkage=0.05


Tree=369
num_leaves=15
num_cat=1
split_feature=3 1 0 0 2 1 1 0 0 1 0 0 2 0
split_gain=0.050109 0.339535 0.272702 0.270924 0.303452 0.170501 0.166724 0.306624 0.15334 0.331106 0.103609 0.0841116 0.098887 0.317685
threshold=0 810.00000000000011 69.750000000000014 64.750000000000014 5.5000000000000009 1390.0000000000002 1423.5000000000002 55.250000000000007 52.250000000000007 1533.0000000000002 54.250000000000007 62.250000000000007 9.5000000000000018 57.250000000000007
decision_type=9 2 2 2 2 2 2 2 2 2 2 2 2 2
left_child=5 -2 3 8 -5 10 -7 -8 9 -3 -1 12 -10 -14
right_child=1 2 -4 4 -6 6 7 -9 11 -11 -12 -13 13 -15
leaf_value=0.002557888835306383 0.0058462373390793798 0.0011534416043598736 -0.0042720170364387942 0.0084261863678693778 0.00078190061188227421 -0.0064456488338432141 0.0030808810202870521 -0.0043005710433456391 3.3558811009442823e-05 -0.005676196494864093 -0.00044317351812106021 -0.0014691043748904992 -0.0010567328878096306 0.0066471735703880382
leaf_weight=36 25 35 37 20 37 21 24 34 5177 36 143 92 32 23
leaf_count=36 25 35 37 20 37 21 24 34 5177 36 143 92 32 23
internal_value=5.05762e-08 3.24436e-05 6.02345e-06 3.50564e-05 0.00346411 -0.000667637 -0.00262832 -0.00124618 -1.1727e-06 -0.00230947 0.000160392 2.96104e-05 5.5964e-05 0.0021649
internal_weight=5772 5514 5489 5452 57 258 79 58 5395 71 179 5324 5232 55
internal_count=5772 5514 5489 5452 57 258 79 58 5395 71 179 5324 5232 55
cat_boundaries=0 1
cat_threshold=2
is_linear=0
shrinkage=0.05


Tree=370
num_leaves=15
num_cat=0
split_feature=2 0 0 1 0 1 1 1 1 1 2 0 1 0
split_gain=0.0530219 0.222898 0.222998 0.140406 0.136082 0.0472668 0.0436426 0.083276 0.0432007 0.249456 0.524573 0.10966 0.0862242 0.399655
threshold=9.5000000000000018 67.750000000000014 65.250000000000014 1390.0000000000002 58.250000000000007 1457.0000000000002 2450.0000000000005 2350.0000000000005 2115.5000000000005 2008.0000000000002 5.5000000000000009 58.250000000000007 1835.0000000000002 59.250000000000007
decision_type=2 2 2 2 2 2 2 2 2 2 2 2 2 2
left_child=1 2 6 -3 5 -2 7 8 9 12 -11 -10 -1 -14
right_child=4 3 -4 -5 -6 -7 -8 -9 11 10 -12 -13 13 -15
leaf_value=-6.8768874107511853e-06 0.0018789637944705432 0.0012738267551841481 -0.00492825553469036 0.0065254620963241909 -0.0047273473503688969 -0.0015174077544361352 0.0022277103567665273 -0.0022216810445700374 0.0017826037590411752 1.9630325613948317e-05 -0.009367594713826706 -0.0016466796578418826 4.2003637407811324e-05 0.0063745707335571451
leaf_weight=5198 21 35 23 20 21 20 22 42 94 46 22 31 147 30
leaf_count=5198 21 35 23 20 21 20 22 42 94 46 22 31 147 30
internal_value=4.80434e-08 1.58391e-05 -1.49693e-05 0.00318351 -0.00145426 0.000222197 5.09556e-06 -3.62057e-06 1.31105e-05 -7.99531e-06 -0.00301741 0.000932141 3.00773e-05 0.00111532
internal_weight=5772 5710 5655 55 62 41 5632 5610 5568 5443 68 125 5375 177
internal_count=5772 5710 5655 55 62 41 5632 5610 5568 5443 68 125 5375 177
is_linear=0
shrinkage=0.05


Tree=371
num_leaves=15
num_cat=0
split_feature=0 2 0 1 1 0 1 0 1 0 0 1 0 1
split_gain=0.0532793 0.589619 0.875609 0.922312 0.0336889 0.315823 0.294091 0.292744 0.29414 0.488773 0.235715 0.262011 0.217647 1.57697
threshold=64.250000000000014 5.5000000000000009 66.750000000000014 1390.0000000000002 1545.0000000000002 51.750000000000007 1524.0000000000002 61.750000000000007 1595.0000000000002 57.250000000000007 52.750000000000007 1195.0000000000002 53.250000000000007 1195.0000000000002
decision_type=2 2 2 2 2 2 2 2 2 2 2 2 2 2
left_child=4 -2 -3 -4 6 -6 10 8 9 -7 11 -1 13 -12
right_child=1 2 3 -5 5 7 -8 -9 -10 -11 12 -13 -14 -15
leaf_value=-0.0006584781343522279 -0.0066815754963141507 0.0094764644037122325 -0.0071848275420694236 0.006346837807941483 0.006471986761316658 0.001557909358858264 -0.0058147532172204766 0.0047962807909105766 0.00019177137438272586 -0.0073628306991475479 0.0065022027646393886 0.006487608598224049 -1.994167147341844e-05 -0.011029339376194724
leaf_weight=23 33 23 34 20 20 28 22 33 1287 34 23 29 4134 29
leaf_count=23 33 23 34 20 20 28 22 33 1287 34 23 29 4134 29
internal_value=4.56205e-08 -0.00108982 0.00130664 -0.0021731 2.12194e-05 0.000233817 -4.87483e-05 0.00014354 2.9722e-05 -0.00333411 -1.88163e-05 0.00332684 -6.03772e-05 -0.003275
internal_weight=5772 110 77 54 5662 1402 4260 1382 1349 62 4238 52 4186 52
internal_count=5772 110 77 54 5662 1402 4260 1382 1349 62 4238 52 4186 52
is_linear=0
shrinkage=0.05


Tree=372
num_leaves=15
num_cat=0
split_feature=0 1 2 1 2 0 1 0 0 2 0 0 0 0
split_gain=0.0518393 1.012 0.458245 1.25914 1.99636 0.452147 0.234868 0.518905 0.207751 0.0881526 0.314609 0.424946 0.239635 0.149014
threshold=61.750000000000007 1580.0000000000002 8.5000000000000018 1021.0000000000001 7.5000000000000009 66.250000000000014 1345.0000000000002 63.250000000000007 67.750000000000014 8.5000000000000018 56.750000000000007 59.250000000000007 58.250000000000007 52.750000000000007
decision_type=2 2 2 2 2 2 2 2 2 2 2 2 2 2
left_child=9 2 3 8 5 6 7 -5 -2 13 -11 12 -12 -1
right_child=1 -3 -4 4 -6 -7 -8 -9 -10 10 11 -13 -14 -15
leaf_value=-0.0019862633574032978 -0.0060095976215807055 -0.0081178298267798547 -0.0066086158249527216 0.0095021488309915483 0.017577304496713308 -0.004382354084653063 -4.3177407454041878e-05 -0.00089521657209843406 -0.00021027234463911993 -0.0010422622095103617 0.003304339839766423 -0.0011786073562689127 0.010268360163484301 3.281397543416716e-05
leaf_weight=93 47 39 20 30 23 26 34 20 23 81 30 32 21 5253
leaf_count=93 47 39 20 30 23 26 34 20 23 81 30 32 21 5253
internal_value=4.33597e-08 -0.000687123 0.000612418 0.00132385 0.00418067 0.00137955 0.003163 0.0053432 -0.00410411 3.2718e-05 0.00117456 0.00333796 0.00617188 -2.31027e-06
internal_weight=5772 262 223 203 133 110 84 50 70 5510 164 83 51 5346
internal_count=5772 262 223 203 133 110 84 50 70 5510 164 83 51 5346
is_linear=0
shrinkage=0.05


Tree=373
num_leaves=15
num_cat=1
split_feature=2 3 2 0 0 0 0 1 0 2 2 2 0 0
split_gain=0.0490879 0.0495316 0.531841 0.378038 0.254472 0.436628 0.247348 0.23152 0.192869 1.75264 0.759606 0.776866 0.627584 0.177029
threshold=10.500000000000002 0 8.5000000000000018 66.250000000000014 67.750000000000014 63.750000000000007 61.750000000000007 2230.0000000000005 61.750000000000007 7.5000000000000009 4.5000000000000009 5.5000000000000009 62.250000000000007 60.750000000000007
decision_type=2 9 2 2 2 2 2 2 2 2 2 2 2 2
left_child=1 2 4 8 5 6 7 13 -3 10 -10 -12 -13 -1
right_child=-2 3 -4 -5 -6 -7 -8 -9 9 -11 11 12 -14 -15
leaf_value=-2.7402581934873299e-05 -0.0023052523722467216 0.00015066984775995217 -0.00773651820971914 0.0049614070076495417 0.0050263951484036326 -0.0071588997644456949 0.004768025473906444 -0.0050215496409994863 -0.0073158818341436845 -0.012034637878241484 0.010948371437067788 -0.0058002983927726744 0.0042508546047185253 -0.0037177428151621964
leaf_weight=2135 23 3279 23 40 24 22 26 24 21 32 24 25 41 33
leaf_count=2135 23 3279 23 40 24 22 26 24 21 32 24 25 41 33
internal_value=4.1179e-08 9.26396e-06 -0.000170893 0.000128398 -9.47884e-05 -0.000149658 -8.01346e-05 -0.00013764 7.22802e-05 -0.0017252 0.00124689 0.00324487 0.0004436 -8.35747e-05
internal_weight=5772 5749 2287 3462 2264 2240 2218 2192 3422 143 111 90 66 2168
internal_count=5772 5749 2287 3462 2264 2240 2218 2192 3422 143 111 90 66 2168
cat_boundaries=0 1
cat_threshold=18
is_linear=0
shrinkage=0.05


Tree=374
num_leaves=15
num_cat=0
split_feature=0 1 1 0 2 1 0 0 0 2 2 1 1 1
split_gain=0.046812 0.912598 0.421381 1.01888 0.328516 0.579173 0.653705 0.334394 0.25613 0.134311 0.0875408 0.293706 0.459717 0.974524
threshold=61.750000000000007 1580.0000000000002 1290.0000000000002 62.750000000000007 7.5000000000000009 1162.5000000000002 67.750000000000014 63.250000000000007 67.250000000000014 5.5000000000000009 8.5000000000000018 1835.0000000000002 1433.5000000000002 1345.0000000000002
decision_type=2 2 2 2 2 2 2 2 2 2 2 2 2 2
left_child=10 2 4 -4 5 6 7 -2 -5 -7 -1 12 13 -12
right_child=1 -3 3 8 -6 9 -8 -9 -10 -11 11 -13 -14 -15
leaf_value=-3.8175152983132587e-06 -0.002175657012302316 -0.0077092910806338 0.01241761607968289 -0.003602207465856164 -0.0053942962185828947 0.0074923189187591725 0.0052675367216579623 -0.010246695099132402 0.003863177245948464 0.0021356636304408314 -0.00055486480496934993 0.0059352745560722221 -0.0036518802614502461 0.011789269514736675
leaf_weight=5346 33 39 23 27 32 22 20 21 20 25 67 27 49 21
leaf_count=5346 33 39 23 27 32 22 20 21 20 25 67 27 49 21
internal_value=3.91383e-08 -0.000652957 0.000581111 0.00379442 -0.000889029 0.000302447 -0.00245441 -0.00531439 -0.000425448 0.00464303 3.1089e-05 0.00116896 0.00022961 0.00239089
internal_weight=5772 262 223 70 153 121 74 54 47 47 5510 164 137 88
internal_count=5772 262 223 70 153 121 74 54 47 47 5510 164 137 88
is_linear=0
shrinkage=0.05


Tree=375
num_leaves=15
num_cat=1
split_feature=2 3 0 0 0 1 0 0 1 2 1 0 2 2
split_gain=0.0482911 0.0446496 0.538312 0.371458 0.336662 0.208311 0.172003 0.36957 1.50894 0.239043 0.35642 0.202901 0.230711 0.367488
threshold=10.500000000000002 0 64.750000000000014 61.750000000000007 66.250000000000014 2230.0000000000005 60.250000000000007 59.750000000000007 1233.5000000000002 4.5000000000000009 1290.0000000000002 58.250000000000007 4.5000000000000009 5.5000000000000009
decision_type=2 9 2 2 2 2 2 2 2 2 2 2 2 2
left_child=1 2 3 5 -3 6 7 11 -9 -8 -11 -1 -13 -14
right_child=-2 4 -4 -5 -6 -7 9 8 -10 10 -12 12 13 -15
leaf_value=6.559210830815882e-05 -0.0022864697096140487 6.9339712746623719e-05 -0.0057709533228522299 0.0051288205555037542 0.0046831556875258683 -0.0047702812822535638 0.002141577892360233 0.012046590367598194 -0.0050387240868682666 -0.00078359058860576517 -0.0088917841729910484 -0.0038375999178890496 0.0020599536175529161 -0.0029064059943413817
leaf_weight=1836 23 3422 42 34 40 24 21 28 24 33 23 73 75 74
leaf_count=1836 23 3422 42 34 40 24 21 28 24 33 23 73 75 74
internal_value=3.71772e-08 9.1848e-06 -0.000161865 -5.76496e-05 0.000122295 -0.000137405 -8.65644e-05 -1.85785e-06 0.00416106 -0.00240775 -0.00411374 -0.000107043 -0.00153479 -0.000406561
internal_weight=5772 5749 2287 2245 3462 2211 2187 2110 52 77 56 2058 222 149
internal_count=5772 5749 2287 2245 3462 2211 2187 2110 52 77 56 2058 222 149
cat_boundaries=0 1
cat_threshold=18
is_linear=0
shrinkage=0.05


Tree=376
num_leaves=15
num_cat=0
split_feature=0 1 1 0 2 1 0 0 0 2 2 0 0 1
split_gain=0.0454886 0.822355 0.377336 0.920626 0.294864 0.527276 0.619554 0.733536 0.226773 0.125426 0.0812519 0.293656 0.390607 0.217767
threshold=61.750000000000007 1580.0000000000002 1290.0000000000002 62.750000000000007 7.5000000000000009 1162.5000000000002 65.750000000000014 62.250000000000007 67.250000000000014 5.5000000000000009 8.5000000000000018 56.750000000000007 59.250000000000007 1545.0000000000002
decision_type=2 2 2 2 2 2 2 2 2 2 2 2 2 2
left_child=10 2 4 -4 5 6 7 -2 -5 -7 -1 -12 13 -13
right_child=1 -3 3 8 -6 9 -8 -9 -10 -11 11 12 -14 -15
leaf_value=-2.9861876231424332e-06 -0.0057173767381093719 -0.0073420351992050815 0.011765393323224524 -0.0034318603264788788 -0.0051316650482476694 0.0071603924882682884 -0.0085812702443665619 0.0066878094337880613 0.0035926722129806877 0.0019839596524834631 -0.001014848311221871 0.003200433726112048 -0.0011132360639749094 0.0098391069365399222
leaf_weight=5346 22 39 23 27 32 22 26 26 20 25 81 30 32 21
leaf_count=5346 22 39 23 27 32 22 26 26 20 25 81 30 32 21
internal_value=3.53076e-08 -0.000643664 0.0005278 0.00356853 -0.000863385 0.000265416 -0.00236503 0.0010021 -0.000442698 0.00440697 3.06432e-05 0.00112688 0.003217 0.00593401
internal_weight=5772 262 223 70 153 121 74 48 47 47 5510 164 83 51
internal_count=5772 262 223 70 153 121 74 48 47 47 5510 164 83 51
is_linear=0
shrinkage=0.05


Tree=377
num_leaves=15
num_cat=1
split_feature=2 3 1 0 0 2 1 1 0 0 1 2 1 1
split_gain=0.0481658 0.0438201 0.322025 0.264078 0.387969 0.260955 0.151179 0.152327 0.269433 0.146097 0.299962 0.203104 0.0936852 0.415796
threshold=10.500000000000002 0 810.00000000000011 69.750000000000014 64.750000000000014 5.5000000000000009 1390.0000000000002 1423.5000000000002 55.250000000000007 52.250000000000007 1533.0000000000002 9.5000000000000018 1519.0000000000002 1560.0000000000002
decision_type=2 9 2 2 2 2 2 2 2 2 2 2 2 2
left_child=1 6 -3 4 9 -6 -1 -8 -9 10 -4 12 -11 -14
right_child=-2 2 3 -5 5 -7 7 8 -10 11 -12 -13 13 -15
leaf_value=0.00016503207217745858 -0.0022835051640868187 0.0057014205045998103 0.0010422408128423349 -0.0041960587435578177 0.0087618954759091146 0.00163860296856405 -0.0061097095410029096 0.0029163657221943141 -0.0040029668896750083 -0.00011995393229598524 -0.0054582603741437198 0.0038257103227078912 0.0034001886740532847 0.00010999671986020475
leaf_weight=179 23 25 35 37 20 36 21 24 34 3911 36 35 104 1252
leaf_count=179 23 25 35 37 20 36 21 24 34 3911 36 35 104 1252
internal_value=3.35556e-08 9.1693e-06 3.95538e-05 1.37303e-05 4.24211e-05 0.00418264 -0.000615191 -0.00246091 -0.00113979 -7.30206e-07 -0.00225379 2.94409e-05 4.2141e-06 0.000362342
internal_weight=5772 5749 5491 5466 5429 56 258 79 58 5373 71 5302 5267 1356
internal_count=5772 5749 5491 5466 5429 56 258 79 58 5373 71 5302 5267 1356
cat_boundaries=0 1
cat_threshold=2
is_linear=0
shrinkage=0.05


Tree=378
num_leaves=15
num_cat=0
split_feature=2 0 1 0 0 1 0 2 0 0 0 0 1 1
split_gain=0.0487693 0.214294 0.113171 0.110426 0.0471665 0.0606003 0.627886 0.129763 0.725354 0.377898 0.366316 0.337157 1.17655 1.22657
threshold=9.5000000000000018 70.250000000000014 810.00000000000011 58.250000000000007 67.750000000000014 2350.0000000000005 56.250000000000007 7.5000000000000009 61.750000000000007 64.250000000000014 59.250000000000007 54.750000000000007 1632.5000000000002 1345.0000000000002
decision_type=2 2 2 2 2 2 2 2 2 2 2 2 2 2
left_child=1 2 -1 -2 5 7 -7 9 10 -4 11 12 13 -9
right_child=3 -3 4 -5 -6 6 -8 8 -10 -11 -12 -13 -14 -15
leaf_value=-0.0031783753773197533 0.00011543902205076161 0.0041610140037993274 -1.7189832620068894e-05 -0.0043431774934842475 0.0022678871618826753 0.0038797001882145809 -0.0058541873973366378 0.0014339554550436638 0.0077529163665271232 -0.005306014725390603 -0.0027534425532428066 0.0019150758200293769 0.0077621684941862308 -0.014724340099517419
leaf_weight=28 41 31 5105 21 23 30 37 24 35 34 81 238 21 23
leaf_count=28 41 31 5105 21 23 30 37 24 35 34 81 238 21 23
internal_value=3.18771e-08 1.51765e-05 -7.45443e-06 -0.00139474 8.25709e-06 -9.77364e-07 -0.00149573 1.70317e-05 0.000859886 -5.21811e-05 0.000236485 0.00102794 -0.00207705 -0.0064733
internal_weight=5772 5710 5679 62 5651 5628 67 5561 422 5139 387 306 68 47
internal_count=5772 5710 5679 62 5651 5628 67 5561 422 5139 387 306 68 47
is_linear=0
shrinkage=0.05


Tree=379
num_leaves=15
num_cat=0
split_feature=0 1 2 1 2 0 0 0 1 0 2 0 1 1
split_gain=0.0500053 0.735957 0.356172 1.01823 1.89119 0.43003 0.226402 0.602876 0.219706 0.463833 0.071128 0.5742 0.0599401 0.618764
threshold=61.750000000000007 1580.0000000000002 8.5000000000000018 1021.0000000000001 7.5000000000000009 66.250000000000014 65.750000000000014 62.750000000000007 1345.0000000000002 63.250000000000007 9.5000000000000018 57.250000000000007 1804.0000000000002 1878.0000000000002
decision_type=2 2 2 2 2 2 2 2 2 2 2 2 2 2
left_child=10 2 3 6 5 8 7 -2 9 -5 12 -12 -1 -14
right_child=1 -3 -4 4 -6 -7 -8 -9 -10 -11 11 -13 13 -15
leaf_value=6.2846601261611748e-05 -0.0074874455807730561 -0.0070116082349648851 -0.0059328543208539489 0.008683242828895649 0.016668589350403006 -0.0047159744677348781 -0.0075197208189190581 0.0042179956354878164 -0.00045843951623229426 -0.001146910022944212 -0.0022751262693694145 0.0083011239855771968 -0.0083530775960146755 -9.1963299086737432e-05
leaf_weight=5024 22 39 20 30 23 26 26 22 34 20 33 21 24 408
leaf_count=5024 22 39 20 30 23 26 26 22 34 20 33 21 24 408
internal_value=3.02816e-08 -0.000674871 0.000433348 0.00106056 0.00362958 0.000903244 -0.00382058 -0.00163472 0.00264253 0.00475118 3.21218e-05 0.00183786 1.42497e-05 -0.000550914
internal_weight=5772 262 223 203 133 110 70 44 84 50 5510 54 5456 432
internal_count=5772 262 223 203 133 110 70 44 84 50 5510 54 5456 432
is_linear=0
shrinkage=0.05


Tree=380
num_leaves=15
num_cat=0
split_feature=2 0 0 0 1 1 1 1 0 1 2 1 1 1
split_gain=0.0468322 0.222628 0.147178 0.107063 0.0679583 0.0546071 0.0654287 0.0463281 0.0434837 0.231088 1.12496 0.423224 0.810787 0.381723
threshold=9.5000000000000018 67.750000000000014 65.250000000000014 58.250000000000007 1390.0000000000002 2450.0000000000005 2350.0000000000005 1457.0000000000002 57.250000000000007 1057.5000000000002 3.5000000000000004 1021.0000000000001 1002.0000000000001 1162.5000000000002
decision_type=2 2 2 2 2 2 2 2 2 2 2 2 2 2
left_child=1 2 5 7 -3 6 8 -2 -1 10 -10 12 -12 -11
right_child=3 4 -4 -5 -6 -7 -8 -9 9 13 11 -13 -14 -15
leaf_value=0.00013876188671645487 0.0017604746412308442 0.0018520301207900049 -0.0040074829660032103 -0.0042699514311693963 0.0055056505778338762 0.002486564659259536 -0.0019754329918041116 -0.0016020056838169695 0.011688246177104504 -0.0022265347871749937 0.00044649755766978629 0.0053279158120092601 -0.0087242517835245687 -0.00011599181743950176
leaf_weight=2915 21 35 23 21 20 22 42 20 23 240 330 38 26 1996
leaf_count=2915 21 35 23 21 20 22 42 20 23 240 330 38 26 1996
internal_value=2.87703e-08 1.48696e-05 -1.59202e-05 -0.00136676 0.00318062 3.80545e-07 -9.3692e-06 0.00012024 5.46103e-06 -0.000141004 0.000939578 0.000312118 -0.000223276 -0.000342526
internal_weight=5772 5710 5655 62 55 5632 5610 41 5568 2653 417 394 356 2236
internal_count=5772 5710 5655 62 55 5632 5610 41 5568 2653 417 394 356 2236
is_linear=0
shrinkage=0.05


Tree=381
num_leaves=15
num_cat=0
split_feature=0 1 1 0 2 1 0 0 0 2 2 0 0 0
split_gain=0.0455478 0.660321 0.32039 0.825798 0.290723 0.44907 0.668939 0.31925 0.200359 0.116813 0.0695534 0.264358 0.324921 0.2151
threshold=61.750000000000007 1580.0000000000002 1290.0000000000002 62.750000000000007 7.5000000000000009 1162.5000000000002 67.750000000000014 63.250000000000007 67.250000000000014 5.5000000000000009 8.5000000000000018 56.750000000000007 59.250000000000007 58.250000000000007
decision_type=2 2 2 2 2 2 2 2 2 2 2 2 2 2
left_child=10 2 4 -4 5 6 7 -2 -5 -7 -1 -12 13 -13
right_child=1 -3 3 8 -6 9 -8 -9 -10 -11 11 12 -14 -15
leaf_value=-4.5925372122325114e-07 -0.0020092522104581197 -0.0066463808409678625 0.010970780544954798 -0.0034011802601593513 -0.0051144822646165267 0.0067238605327226905 0.0056284249573946002 -0.0098954129343231528 0.0032015962293371562 0.0017283217124640941 -0.00098717461090770632 0.0027892927639186385 -0.00092136917228344837 0.0093871872694719413
leaf_weight=5346 33 39 23 27 32 22 20 21 20 25 81 30 32 21
leaf_count=5346 33 39 23 27 32 22 20 21 20 25 81 30 32 21
internal_value=2.73375e-08 -0.000644091 0.000405637 0.00320754 -0.000876281 0.000244566 -0.00218298 -0.00507609 -0.000591488 0.00406666 3.06551e-05 0.00104491 0.00302802 0.00550607
internal_weight=5772 262 223 70 153 121 74 54 47 47 5510 164 83 51
internal_count=5772 262 223 70 153 121 74 54 47 47 5510 164 83 51
is_linear=0
shrinkage=0.05


Tree=382
num_leaves=15
num_cat=0
split_feature=2 0 1 2 0 0 1 0 1 0 0 2 0 0
split_gain=0.0438309 0.189956 0.212197 0.521826 0.150612 0.0997292 0.0495027 0.377561 0.380083 0.367728 0.311769 0.289637 0.510619 0.289257
threshold=9.5000000000000018 66.250000000000014 1390.0000000000002 6.5000000000000009 64.250000000000014 58.250000000000007 1545.0000000000002 61.750000000000007 1595.0000000000002 57.250000000000007 51.750000000000007 8.5000000000000018 52.750000000000007 51.750000000000007
decision_type=2 2 2 2 2 2 2 2 2 2 2 2 2 2
left_child=1 4 3 -3 6 -2 13 8 9 -8 -10 12 -12 -1
right_child=5 2 -4 -5 -6 -7 7 -9 10 -11 11 -13 -14 -15
leaf_value=-0.0059338391536758062 0.00011292711672622984 -0.00060306484811007983 -0.0008724931376771285 0.010681901490315795 -0.0031134762013187776 -0.0041242383287421296 0.00081456444039940839 0.0055486673658544372 0.006509349616244435 -0.0071736569954630215 -0.0076418298917512104 0.0046379771020535069 0.0002223684035930065 -5.1049216754050417e-05
leaf_weight=21 41 21 26 20 39 21 25 33 20 34 21 36 1207 4207
leaf_count=21 41 21 26 20 39 21 25 33 20 34 21 36 1207 4207
internal_value=2.59536e-08 1.43833e-05 0.00266103 0.0049018 -1.70406e-05 -0.00132224 4.50848e-06 0.000265 0.000135171 -0.00378882 0.000315479 0.000217474 8.78829e-05 -8.02684e-05
internal_weight=5772 5710 67 41 5643 62 5604 1376 1343 59 1284 1264 1228 4228
internal_count=5772 5710 67 41 5643 62 5604 1376 1343 59 1284 1264 1228 4228
is_linear=0
shrinkage=0.05


Tree=383
num_leaves=15
num_cat=0
split_feature=0 1 2 1 2 0 0 0 2 2 2 0 1 1
split_gain=0.0464248 0.618952 0.29842 0.879684 1.73276 0.406254 0.253453 0.56751 0.205878 0.6131 0.0675737 0.526224 0.0575461 0.559337
threshold=61.750000000000007 1580.0000000000002 8.5000000000000018 1021.0000000000001 7.5000000000000009 66.250000000000014 65.750000000000014 62.750000000000007 6.5000000000000009 5.5000000000000009 9.5000000000000018 57.250000000000007 1804.0000000000002 1878.0000000000002
decision_type=2 2 2 2 2 2 2 2 2 2 2 2 2 2
left_child=10 2 3 6 5 8 7 -2 9 -5 12 -12 -1 -14
right_child=1 -3 -4 4 -6 -7 -8 -9 -10 -11 11 -13 13 -15
leaf_value=6.1142676342894171e-05 -0.0069624685005030846 -0.0064614916315827615 -0.0054612147435545919 0.005073135772621945 0.015808933797170934 -0.0047432974142094068 -0.0075106660817534886 0.0043944494798779489 0.0068369202874600885 -0.004891175182106404 -0.0021464270793578842 0.0079783578713734944 -0.0079582818793520957 -0.00010388122517519615
leaf_weight=5024 22 39 20 38 23 26 26 22 20 26 33 21 24 408
leaf_count=5024 22 39 20 38 23 26 26 22 20 26 33 21 24 408
internal_value=2.46834e-08 -0.000650265 0.000366048 0.000940163 0.00332802 0.000718375 -0.00359677 -0.00128401 0.00240889 0.00102513 3.09459e-05 0.00179099 1.35261e-05 -0.000540237
internal_weight=5772 262 223 203 133 110 70 44 84 64 5510 54 5456 432
internal_count=5772 262 223 203 133 110 70 44 84 64 5510 54 5456 432
is_linear=0
shrinkage=0.05


Tree=384
num_leaves=15
num_cat=0
split_feature=2 2 0 0 0 1 1 0 0 2 1 1 0 1
split_gain=0.0424573 0.041431 0.633774 0.409055 0.721947 0.376992 0.250986 0.220866 0.198584 0.178965 0.154954 0.318882 0.185264 0.169533
threshold=10.500000000000002 3.5000000000000004 55.250000000000007 63.750000000000007 67.250000000000014 1390.0000000000002 1216.0000000000002 58.750000000000007 54.250000000000007 6.5000000000000009 1457.0000000000002 1207.0000000000002 56.750000000000007 1082.5000000000002
decision_type=2 2 2 2 2 2 2 2 2 2 2 2 2 2
left_child=1 2 6 -3 9 -6 -1 10 -8 -5 11 13 -13 -4
right_child=-2 3 7 4 5 -7 8 -9 -10 -11 -12 12 -14 -15
leaf_value=0.0035048751236661994 -0.0021439284572134848 -1.7707811807230571e-05 -0.0026805947429238588 0.008939311139889666 -0.003886702581523703 0.0042990251264365563 -0.0039086158648133284 -0.0061483459403881661 0.0015677172329504878 0.0033954537706449629 0.00069800740274728577 -0.0065729130753018755 -0.0014352206436992025 0.00065575964108575144
leaf_weight=107 23 5116 64 37 39 22 25 26 49 24 71 47 28 94
leaf_count=107 23 5116 64 37 39 22 25 26 49 24 71 47 28 94
internal_value=2.34238e-08 8.60072e-06 -0.000421143 5.05249e-05 0.00291182 -0.000934473 0.00195649 -0.00172524 -0.000282395 0.00675812 -0.00134694 -0.00197008 -0.00465484 -0.000695675
internal_weight=5772 5749 511 5238 122 61 181 330 74 61 304 233 75 158
internal_count=5772 5749 511 5238 122 61 181 330 74 61 304 233 75 158
is_linear=0
shrinkage=0.05


Tree=385
num_leaves=15
num_cat=0
split_feature=0 1 1 0 2 0 0 0 0 2 0 1 1 0
split_gain=0.0508188 0.566242 0.267139 0.742166 0.301644 0.430588 0.702639 0.537708 0.196212 0.0637354 0.475099 0.0569265 0.673351 0.641214
threshold=61.750000000000007 1580.0000000000002 1207.0000000000002 62.750000000000007 7.5000000000000009 67.750000000000014 63.750000000000007 62.250000000000007 64.250000000000014 9.5000000000000018 57.250000000000007 1595.0000000000002 1533.0000000000002 56.250000000000007
decision_type=2 2 2 2 2 2 2 2 2 2 2 2 2 2
left_child=9 2 4 -4 5 6 7 -2 -5 11 -11 12 -1 -14
right_child=1 -3 3 8 -6 -7 -8 -9 -10 10 -12 -13 13 -15
leaf_value=1.1801606124359728e-05 -0.0023699317663682228 -0.0062386271281120106 0.0099769715840617827 -0.0045741305965930224 -0.0053000752303388812 0.0059275053548984808 -0.0070852003169848635 0.0071444366748134305 0.0019101099776370183 -0.0019995618780905551 0.0076208249798842848 0.00030658091013564137 -0.011720485500890115 -0.0016942816279389755
leaf_weight=4097 33 39 24 20 31 26 34 27 28 33 21 1284 23 52
leaf_count=4097 33 39 24 20 31 26 34 27 28 33 21 1284 23 52
internal_value=2.22464e-08 -0.000680346 0.00029173 0.00279789 -0.000903258 0.000232586 -0.0013426 0.00191153 -0.000791657 3.23737e-05 0.0017417 1.54559e-05 -7.41425e-05 -0.00476898
internal_weight=5772 262 223 72 151 120 94 60 48 5510 54 5456 4172 75
internal_count=5772 262 223 72 151 120 94 60 48 5510 54 5456 4172 75
is_linear=0
shrinkage=0.05


Tree=386
num_leaves=15
num_cat=0
split_feature=0 1 2 1 2 0 0 0 1 0 2 0 1 1
split_gain=0.0458639 0.511034 0.256088 0.766529 1.59852 0.375057 0.221549 0.484686 0.21361 0.425086 0.0575212 0.428777 0.0554534 0.504623
threshold=61.750000000000007 1580.0000000000002 8.5000000000000018 1021.0000000000001 7.5000000000000009 66.250000000000014 65.750000000000014 62.750000000000007 1345.0000000000002 63.250000000000007 9.5000000000000018 57.250000000000007 1804.0000000000002 1878.0000000000002
decision_type=2 2 2 2 2 2 2 2 2 2 2 2 2 2
left_child=10 2 3 6 5 8 7 -2 9 -5 12 -12 -1 -14
right_child=1 -3 -4 4 -6 -7 -8 -9 -10 -11 11 -13 13 -15
leaf_value=6.1425826031334021e-05 -0.0065115725748579618 -0.0059266966361648001 -0.0051210135500878093 0.0079992076599349586 0.015025680771340495 -0.0047163155735828561 -0.0070853878457385767 0.0039839481172913851 -0.00090186932836385349 -0.0014113995712250471 -0.0018995836574697133 0.0072397835109205477 -0.0075748120250257976 -0.00011445311706220132
leaf_weight=5024 22 39 20 30 23 26 26 22 34 20 33 21 24 408
leaf_count=5024 22 39 20 30 23 26 26 22 34 20 33 21 24 408
internal_value=2.1146e-08 -0.000646329 0.000277144 0.000808982 0.00303798 0.000531459 -0.00342611 -0.00126381 0.00215577 0.00423496 3.0755e-05 0.00165461 1.46831e-05 -0.000528918
internal_weight=5772 262 223 203 133 110 70 44 84 50 5510 54 5456 432
internal_count=5772 262 223 203 133 110 70 44 84 50 5510 54 5456 432
is_linear=0
shrinkage=0.05


Tree=387
num_leaves=15
num_cat=0
split_feature=2 0 1 2 0 0 1 0 0 1 2 0 1 1
split_gain=0.0464322 0.220014 0.238102 0.474162 0.136219 0.113885 0.0541304 0.416876 0.372731 0.596925 1.04209 1.01758 0.679929 0.554117
threshold=9.5000000000000018 66.250000000000014 1390.0000000000002 6.5000000000000009 64.250000000000014 58.250000000000007 1545.0000000000002 61.750000000000007 54.750000000000007 1804.0000000000002 5.5000000000000009 52.250000000000007 1762.5000000000002 1604.5000000000002
decision_type=2 2 2 2 2 2 2 2 2 2 2 2 2 2
left_child=1 4 3 -3 6 -2 -1 8 9 11 -11 -8 13 -13
right_child=5 2 -4 -5 -6 -7 7 -9 -10 10 -12 12 -14 -15
leaf_value=-8.7178903468655992e-05 0.00017272464749289724 -1.067012060611021e-05 -0.0008798416184548002 0.010746564287692309 -0.0029637901972119629 -0.0043551742675758546 0.012865275628148362 0.0058258131146430971 -0.00025405840167728788 -0.0082038181039559496 0.0027526584417015935 0.0020983908056530737 0.0086711714754748193 -0.0068314047702385684
leaf_weight=4228 41 21 26 20 39 21 26 33 1100 34 60 71 29 23
leaf_count=4228 41 21 26 20 39 21 26 33 1100 34 60 71 29 23
internal_value=2.01003e-08 1.47974e-05 0.00286315 0.00523676 -1.90215e-05 -0.00136092 1.47207e-06 0.000273868 0.000137446 0.00190969 -0.00121032 0.00387802 0.00197827 -8.65592e-05
internal_weight=5772 5710 67 41 5643 62 5604 1376 1343 243 94 149 123 94
internal_count=5772 5710 67 41 5643 62 5604 1376 1343 243 94 149 123 94
is_linear=0
shrinkage=0.05


Tree=388
num_leaves=15
num_cat=0
split_feature=0 1 2 0 1 0 2 1 0 2 0 0 2 0
split_gain=0.0473458 0.482686 0.264997 0.31197 0.889495 0.81152 0.140315 1.44624 0.319738 0.0549052 0.402151 0.055421 0.452056 0.50763
threshold=61.750000000000007 1580.0000000000002 4.5000000000000009 66.750000000000014 1082.5000000000002 64.250000000000014 6.5000000000000009 1207.0000000000002 62.250000000000007 9.5000000000000018 56.750000000000007 59.750000000000007 4.5000000000000009 61.250000000000007
decision_type=2 2 2 2 2 2 2 2 2 2 2 2 2 2
left_child=9 2 -2 5 -5 6 8 -8 -4 11 -11 -1 -13 -14
right_child=1 -3 3 4 -6 -7 7 -9 -10 10 -12 12 13 -15
leaf_value=-4.0261926998203689e-05 0.004789390122251852 -0.0057885165111376691 -0.0075751912957500852 0.0030960394235860027 -0.0091068719964823696 0.0088583611238461282 -0.006259941370708161 0.010969286216866403 0.00011243064348634921 -0.0022415858351935943 0.0064419201497609426 -0.0018933307306050009 0.0019329727355299104 -0.0030467342757481801
leaf_weight=4860 28 39 21 28 32 26 29 21 38 30 24 151 386 59
leaf_count=4860 28 39 21 28 32 26 29 21 38 30 24 151 386 59
internal_value=1.90893e-08 -0.000656689 0.000240805 -0.000412325 -0.00341218 0.000920944 -0.000972385 0.000976334 -0.00262384 3.12455e-05 0.00161775 1.55433e-05 0.000470599 0.00127274
internal_weight=5772 262 223 195 60 135 109 50 59 5510 54 5456 596 445
internal_count=5772 262 223 195 60 135 109 50 59 5510 54 5456 596 445
is_linear=0
shrinkage=0.05


Tree=389
num_leaves=15
num_cat=0
split_feature=2 0 1 2 0 0 1 0 0 2 0 1 1 0
split_gain=0.047406 0.21871 0.188292 0.426725 0.145917 0.114056 0.0492035 0.399601 0.337993 0.552574 1.58343 0.960694 1.09758 0.473456
threshold=9.5000000000000018 66.250000000000014 1390.0000000000002 6.5000000000000009 64.250000000000014 58.250000000000007 1545.0000000000002 61.750000000000007 54.750000000000007 5.5000000000000009 53.250000000000007 1804.0000000000002 1609.5000000000002 55.250000000000007
decision_type=2 2 2 2 2 2 2 2 2 2 2 2 2 2
left_child=1 4 3 -3 6 -2 -1 8 9 11 -11 12 -8 -10
right_child=5 2 -4 -5 -6 -7 7 -9 13 10 -12 -13 -14 -15
leaf_value=-8.2078662491841316e-05 0.00015968163384170067 -1.2394477657618977e-05 -0.00047368493788571173 0.010192564222961664 -0.0030665613925800876 -0.0043716334604791234 -0.002400074425609188 0.0056978401586864937 -0.0027135535723981311 0.013481585382286346 0.00085057319421321168 -0.0077916138005093673 0.0099692926348732974 0.00019152729706664416
leaf_weight=4228 41 21 26 20 39 21 47 33 165 33 100 34 29 935
leaf_count=4228 41 21 26 20 39 21 47 33 165 33 100 34 29 935
internal_value=1.81084e-08 1.49495e-05 0.00285485 0.00496563 -1.8769e-05 -0.00137512 2.44157e-06 0.000262145 0.00012858 0.00181622 0.00398458 -0.000805535 0.00231982 -0.000244235
internal_weight=5772 5710 67 41 5643 62 5604 1376 1343 243 133 110 76 1100
internal_count=5772 5710 67 41 5643 62 5604 1376 1343 243 133 110 76 1100
is_linear=0
shrinkage=0.05


Tree=390
num_leaves=15
num_cat=1
split_feature=0 1 2 0 1 0 2 1 1 2 0 3 0 2
split_gain=0.0485429 0.4563 0.244462 0.303953 0.77706 0.751061 0.127347 1.30235 0.316854 0.0525285 0.37685 0.0508793 0.472464 0.365366
threshold=61.750000000000007 1580.0000000000002 4.5000000000000009 66.750000000000014 1082.5000000000002 64.250000000000014 6.5000000000000009 1207.0000000000002 1101.5000000000002 9.5000000000000018 57.250000000000007 0 52.250000000000007 7.5000000000000009
decision_type=2 2 2 2 2 2 2 2 2 2 2 9 2 2
left_child=9 2 -2 5 -5 6 8 -8 -4 11 -11 13 -13 -1
right_child=1 -3 3 4 -6 -7 7 -9 -10 10 -12 12 -14 -15
leaf_value=-5.104092258145102e-05 0.0045764676561313019 -0.0056545304946410352 0.0016297000603607067 0.0027023020483154274 -0.0087033183530365928 0.0085324128516591526 -0.0059354445624068899 0.010414280458575204 -0.0057507391652148786 -0.0017486159463949277 0.0068194821565633725 0.0062757446832444165 7.5591481011754314e-05 -0.0035873913347083878
leaf_weight=1875 28 39 26 28 32 26 29 21 33 33 21 31 3474 76
leaf_count=1875 28 39 26 28 32 26 29 21 33 33 21 31 3474 76
internal_value=1.72269e-08 -0.000664942 0.000207677 -0.000419637 -0.0033807 0.000896389 -0.000925048 0.00093144 -0.00249834 3.1636e-05 0.00158342 1.62774e-05 0.000130058 -0.000187835
internal_weight=5772 262 223 195 60 135 109 50 59 5510 54 5456 3505 1951
internal_count=5772 262 223 195 60 135 109 50 59 5510 54 5456 3505 1951
cat_boundaries=0 1
cat_threshold=16
is_linear=0
shrinkage=0.05


Tree=391
num_leaves=15
num_cat=1
split_feature=2 3 1 0 0 2 0 1 2 1 0 0 2 1
split_gain=0.0493679 0.0448201 0.320498 0.2085 0.415974 0.250069 0.17123 0.341873 0.168942 0.136498 0.136012 0.122784 0.103976 0.334101
threshold=10.500000000000002 0 810.00000000000011 69.750000000000014 64.750000000000014 5.5000000000000009 52.250000000000007 1533.0000000000002 9.5000000000000018 1595.0000000000002 55.750000000000007 62.250000000000007 5.5000000000000009 1390.0000000000002
decision_type=2 9 2 2 2 2 2 2 2 2 2 2 2 2
left_child=1 9 -3 4 6 -6 7 -4 11 -1 -11 -8 -13 -14
right_child=-2 2 3 -5 5 -7 8 -9 -10 10 -12 12 13 -15
leaf_value=-0.00014639124508291561 -0.0023118439089992774 0.0056884212903678425 0.0010746424111338067 -0.003726414223579136 0.0088094897940754896 0.0018363676932899075 3.6531491216002458e-05 -0.0058651468435224766 0.0034900235012173654 -0.00048169532036852276 -0.006243071304052137 -0.0044926157865959873 -0.0041364842313615716 0.0031028515100479125
leaf_weight=217 23 25 35 37 20 36 5177 36 35 21 20 26 34 30
leaf_count=217 23 25 35 37 20 36 5177 36 35 21 20 26 34 30
internal_value=1.6376e-08 9.26543e-06 3.99947e-05 1.42335e-05 3.9727e-05 0.00432677 -4.95466e-06 -0.00244412 2.77087e-05 -0.000622179 -0.00329212 4.70108e-06 -0.00182625 -0.000743046
internal_weight=5772 5749 5491 5466 5429 56 5373 71 5302 258 41 5267 90 64
internal_count=5772 5749 5491 5466 5429 56 5373 71 5302 258 41 5267 90 64
cat_boundaries=0 1
cat_threshold=2
is_linear=0
shrinkage=0.05


Tree=392
num_leaves=15
num_cat=0
split_feature=2 0 0 1 0 0 1 2 2 1 1 0 2 2
split_gain=0.051117 0.227176 0.114929 0.102416 0.0556229 0.0607471 0.203275 0.736809 0.0674293 0.0518984 0.443601 0.566616 0.73266 0.625113
threshold=9.5000000000000018 70.250000000000014 58.250000000000007 810.00000000000011 65.750000000000014 62.250000000000007 1448.5000000000002 6.5000000000000009 5.5000000000000009 1804.0000000000002 1878.0000000000002 53.250000000000007 7.5000000000000009 4.5000000000000009
decision_type=2 2 2 2 2 2 2 2 2 2 2 2 2 2
left_child=1 3 -2 -1 5 9 7 8 -7 -5 -11 -12 13 -13
right_child=2 -3 -4 4 -6 6 -8 -9 -10 10 11 12 -14 -15
leaf_value=-0.003024262539111078 0.00011272737529219651 0.0042841496171369666 -0.0044358811562969572 6.2434910637259371e-05 0.0018421123786715836 0.0052870473406952008 -0.0043853654060512781 -0.0066251714301940341 0.0016618374613640104 -0.0071137173683382578 0.0080883061606436962 -0.0039149009304108202 -0.0065430697212933518 0.0013145460454607445
leaf_weight=28 41 31 21 5060 41 29 34 26 23 24 20 72 45 277
leaf_count=28 41 31 21 5060 41 29 34 26 23 24 20 72 45 277
internal_value=1.55528e-08 1.55204e-05 -0.00142793 -7.7808e-06 7.16549e-06 -6.245e-06 -0.00115902 0.000247336 0.00368359 1.72382e-05 -0.000504897 -0.000121777 -0.000538532 0.000235692
internal_weight=5772 5710 62 5679 5651 5610 112 78 52 5498 438 414 394 349
internal_count=5772 5710 62 5679 5651 5610 112 78 52 5498 438 414 394 349
is_linear=0
shrinkage=0.05


Tree=393
num_leaves=15
num_cat=0
split_feature=1 2 0 2 1 0 0 2 1 0 1 0 0 0
split_gain=0.0469593 0.513781 0.420315 0.340053 0.377092 0.287531 0.288028 0.886729 0.803089 0.508012 0.296449 0.258366 0.220674 0.320776
threshold=1835.0000000000002 4.5000000000000009 60.250000000000007 9.5000000000000018 1390.0000000000002 53.750000000000007 57.250000000000007 7.5000000000000009 2242.5000000000005 58.250000000000007 2008.0000000000002 58.250000000000007 66.250000000000014 62.750000000000007
decision_type=2 2 2 2 2 2 2 2 2 2 2 2 2 2
left_child=3 11 5 12 -5 -3 7 -7 9 -8 -11 -2 13 -1
right_child=1 2 -4 4 -6 6 8 -9 -10 10 -12 -13 -14 -15
leaf_value=1.3603995096854433e-05 -0.0012286357452500273 0.0063323604906062514 0.007280682189459051 0.00037398164470990505 -0.008317352200929936 0.00070889076289912581 0.005463044889620506 -0.0083639170252354234 0.01054510724109908 -0.0055509140715003019 0.0012583050666557204 -0.0073589260354638107 0.0029155434112908551 -0.002997569176627116
leaf_weight=5117 55 22 27 24 26 170 32 32 24 33 31 25 64 90
leaf_count=5117 55 22 27 24 26 170 32 32 24 33 31 25 64 90
internal_value=1.47641e-08 0.000489879 0.00127354 -4.15054e-05 -0.00414551 0.00080205 0.000424203 -0.000728386 0.00236439 0.000319216 -0.0022527 -0.00314435 -2.57538e-06 -3.84424e-05
internal_weight=5772 451 371 5321 50 344 322 202 120 96 64 80 5271 5207
internal_count=5772 451 371 5321 50 344 322 202 120 96 64 80 5271 5207
is_linear=0
shrinkage=0.05


Tree=394
num_leaves=15
num_cat=0
split_feature=0 1 1 0 2 1 0 0 0 2 2 1 1 1
split_gain=0.0436469 0.417996 0.241558 0.588306 0.270931 0.39982 0.629596 0.520844 0.243949 0.0643739 0.060871 0.248972 0.457105 0.976761
threshold=61.750000000000007 1580.0000000000002 1207.0000000000002 62.750000000000007 7.5000000000000009 1162.5000000000002 65.750000000000014 62.250000000000007 67.250000000000014 5.5000000000000009 8.5000000000000018 1835.0000000000002 1433.5000000000002 1345.0000000000002
decision_type=2 2 2 2 2 2 2 2 2 2 2 2 2 2
left_child=10 2 4 -4 5 6 7 -2 -5 -7 -1 12 13 -12
right_child=1 -3 3 8 -6 9 -8 -9 -10 -11 11 -13 -14 -15
leaf_value=8.8823753702586672e-07 -0.0043984948450418995 -0.005406095130512348 0.008979575064343711 -0.0036206149263307455 -0.0050986400358529107 0.0057589946399358195 -0.0083970988348412972 0.0060546415786330516 0.0036095143028069287 0.0020145549885152532 -0.00068002729657116534 0.0053671904184200148 -0.0037564715437058897 0.011678263323292845
leaf_weight=5346 22 39 24 28 31 22 26 26 20 24 67 27 49 21
leaf_count=5346 22 39 24 28 31 22 26 26 20 24 67 27 49 21
internal_value=1.40332e-08 -0.00063052 0.00020467 0.00258782 -0.000931665 0.000144804 -0.00213069 0.00126362 -0.000608061 0.00380537 2.99959e-05 0.000978834 0.000113975 0.00226911
internal_weight=5772 262 223 72 151 120 74 48 48 46 5510 164 137 88
internal_count=5772 262 223 72 151 120 74 48 48 46 5510 164 137 88
is_linear=0
shrinkage=0.05


Tree=395
num_leaves=15
num_cat=0
split_feature=1 2 0 2 1 0 2 2 1 0 1 0 0 0
split_gain=0.0414179 0.459557 0.400738 0.303912 0.341196 0.261581 0.262448 0.839709 0.701142 0.297853 0.242089 0.218246 0.291062 0.30691
threshold=1835.0000000000002 4.5000000000000009 60.250000000000007 9.5000000000000018 1390.0000000000002 53.750000000000007 8.5000000000000018 7.5000000000000009 2260.0000000000005 56.750000000000007 2190.0000000000005 66.250000000000014 62.750000000000007 63.250000000000007
decision_type=2 2 2 2 2 2 2 2 2 2 2 2 2 2
left_child=3 10 5 11 -5 -3 7 8 -7 -10 -2 12 -1 -14
right_child=1 2 -4 4 -6 6 -8 -9 9 -11 -12 -13 13 -15
leaf_value=1.1731085160992697e-05 -0.001336088102267487 0.0060156983916055074 0.0070667974668106558 0.00038023506058380011 -0.0078870868167051893 -0.00035980396513873923 0.0050988311409363874 -0.0081305443341362065 0.0029448761052831458 0.01099538428708911 -0.0075873341051019023 0.0028998451358347669 -0.0078400149556767679 -0.0011458621466351646
leaf_weight=5117 59 22 27 24 26 219 27 29 27 20 21 64 23 67
leaf_count=5117 59 22 27 24 26 219 27 29 27 20 21 64 23 67
internal_value=1.33294e-08 0.000460068 0.00120122 -3.89802e-05 -0.00391877 0.000740844 0.00038045 -5.14017e-05 0.000829407 0.00637062 -0.00297704 -2.17702e-06 -3.78462e-05 -0.00285659
internal_weight=5772 451 371 5321 50 344 322 295 266 47 80 5271 5207 90
internal_count=5772 451 371 5321 50 344 322 295 266 47 80 5271 5207 90
is_linear=0
shrinkage=0.05


Tree=396
num_leaves=15
num_cat=0
split_feature=0 1 2 1 2 0 0 0 1 0 2 0 1 1
split_gain=0.0394776 0.390772 0.223639 0.709728 1.44101 0.318188 0.280449 0.399542 0.204785 0.456887 0.0638035 0.350324 0.0512859 0.600991
threshold=61.750000000000007 1580.0000000000002 8.5000000000000018 1021.0000000000001 7.5000000000000009 66.250000000000014 65.750000000000014 62.750000000000007 1345.0000000000002 63.250000000000007 9.5000000000000018 56.750000000000007 1595.0000000000002 1533.0000000000002
decision_type=2 2 2 2 2 2 2 2 2 2 2 2 2 2
left_child=10 2 3 6 5 8 7 -2 9 -5 12 -12 13 -1
right_child=1 -3 -4 4 -6 -7 -8 -9 -10 -11 11 -13 -14 -15
leaf_value=7.7510721321478677e-06 -0.0057020460530607543 -0.0052170883458203237 -0.0048366941325366499 0.0079042962496168913 0.014231473132056874 -0.0043636880835038029 -0.0074873426338084616 0.0038271194789558649 -0.0010278291753767169 -0.0018519783951342107 -0.0018633122804264227 0.0062413630075752735 0.00028792566622612762 -0.0045088583325656757
leaf_weight=4097 22 39 20 30 23 26 26 22 34 20 30 24 1284 75
leaf_count=4097 22 39 20 30 23 26 26 22 34 20 30 24 1284 75
internal_value=1.26759e-08 -0.000599651 0.000207883 0.000704886 0.00284971 0.000469884 -0.00337028 -0.000937463 0.00196599 0.00400179 2.85266e-05 0.00173877 1.15998e-05 -7.3444e-05
internal_weight=5772 262 223 203 133 110 70 44 84 50 5510 54 5456 4172
internal_count=5772 262 223 203 133 110 70 44 84 50 5510 54 5456 4172
is_linear=0
shrinkage=0.05


Tree=397
num_leaves=15
num_cat=1
split_feature=3 1 0 0 2 0 1 1 0 0 2 1 2 1
split_gain=0.0384319 0.312972 0.203361 0.336336 0.259959 0.165778 0.321767 0.120225 0.123367 0.0990689 0.102324 0.301433 0.0734106 0.203977
threshold=0 810.00000000000011 69.750000000000014 64.750000000000014 5.5000000000000009 52.250000000000007 1533.0000000000002 1595.0000000000002 55.750000000000007 62.250000000000007 5.5000000000000009 1390.0000000000002 9.5000000000000018 1390.0000000000002
decision_type=9 2 2 2 2 2 2 2 2 2 2 2 2 2
left_child=7 -2 3 5 -5 6 -3 -1 -9 12 -11 -12 -7 -14
right_child=1 2 -4 4 -6 9 -8 8 -10 10 11 -13 13 -15
leaf_value=-0.00013823174334491692 0.0056101291514933111 0.0010013534144880916 -0.0036913120546504053 0.0084414655249565856 0.0013661736018351607 2.9018854023616754e-05 -0.0057312780145568672 -0.00041389291485150652 -0.0059009252744726837 -0.0042635433590756016 -0.0037402991937207325 0.0030302317061972235 0.0058934861049056058 -0.00043636278382369457
leaf_weight=217 25 35 37 20 37 5177 36 21 20 26 35 31 20 35
leaf_count=217 25 35 37 20 37 5177 36 21 20 26 35 31 20 35
internal_value=1.20319e-08 2.83809e-05 3.01016e-06 2.80817e-05 0.00384873 -1.22848e-05 -0.00241238 -0.000584726 -0.00309049 1.97224e-05 -0.0016068 -0.000560201 4.83233e-05 0.0018654
internal_weight=5772 5514 5489 5452 57 5395 71 258 41 5324 92 66 5232 55
internal_count=5772 5514 5489 5452 57 5395 71 258 41 5324 92 66 5232 55
cat_boundaries=0 1
cat_threshold=2
is_linear=0
shrinkage=0.05


Tree=398
num_leaves=15
num_cat=0
split_feature=2 1 0 1 0 1 0 0 0 0 1 0 0 2
split_gain=0.0370835 0.0396245 0.279613 0.275203 1.4081 0.324774 0.932293 0.320088 0.688356 0.248725 0.249266 0.531366 0.503487 0.250329
threshold=10.500000000000002 1545.0000000000002 51.750000000000007 1519.0000000000002 56.750000000000007 1405.0000000000002 60.250000000000007 54.250000000000007 56.250000000000007 51.750000000000007 1560.0000000000002 58.750000000000007 60.750000000000007 8.5000000000000018
decision_type=2 2 2 2 2 2 2 2 2 2 2 2 2 2
left_child=1 2 -1 5 -5 -4 7 -7 -9 -3 11 -11 13 -12
right_child=-2 9 3 4 -6 6 -8 8 -10 10 12 -13 -14 -15
leaf_value=-0.0058222403927218353 -0.0020036732049092004 0.0057747487223241481 4.6799028555511753e-05 0.014058915814384818 -0.0025721168737592444 -0.0047997902591474526 -0.010292017922204522 0.0030121610272304542 -0.0020935672069567124 -0.0011243500970262435 0.00012034679674869107 0.0090143887015680484 -0.0038715096765932129 0.0036314392585377652
leaf_weight=21 23 20 3914 20 35 43 28 106 175 28 1204 24 78 53
leaf_count=21 23 20 3914 20 35 43 28 106 175 28 1204 24 78 53
internal_value=1.14321e-08 8.02756e-06 -6.6696e-05 -3.87241e-05 0.00347553 -8.40322e-05 -0.00153879 -0.000782334 -0.000167563 0.000238624 0.000158796 0.00355507 2.65064e-05 0.000268388
internal_weight=5772 5749 4342 4321 55 4266 352 324 281 1407 1387 52 1335 1257
internal_count=5772 5749 4342 4321 55 4266 352 324 281 1407 1387 52 1335 1257
is_linear=0
shrinkage=0.05


Tree=399
num_leaves=15
num_cat=1
split_feature=2 0 1 0 0 1 1 0 3 2 2 2 0 1
split_gain=0.0375335 0.217943 0.102679 0.097646 0.0539715 0.0433977 0.262943 0.228806 0.790775 0.536559 1.24977 1.90672 0.956695 0.507266
threshold=9.5000000000000018 70.250000000000014 810.00000000000011 58.250000000000007 65.750000000000014 1195.0000000000002 1101.5000000000002 58.250000000000007 0 4.5000000000000009 6.5000000000000009 7.5000000000000009 59.250000000000007 1082.5000000000002
decision_type=2 2 2 2 2 2 2 2 9 2 2 2 2 2
left_child=1 2 -1 -2 5 6 7 -4 -9 12 13 -12 -10 -11
right_child=3 -3 4 -5 -6 -7 -8 8 9 10 11 -13 -14 -15
leaf_value=-0.0030298772234735745 0.00019651309291764002 0.0041942810566510044 -0.00048522492887959653 -0.0039961646621425951 0.0018129432165041204 7.2309681586642135e-05 -0.0020216445053657674 -0.0025297185936637347 0.010023621188100571 -0.0042732902629866029 0.013462036179426391 -0.0033045709133148193 0.0007577030935014288 0.0024483095899951166
leaf_weight=28 41 31 792 21 41 4213 182 112 52 89 39 30 60 41
leaf_count=28 41 31 792 21 41 4213 182 112 52 89 39 30 60 41
internal_value=1.08469e-08 1.32969e-05 -9.52592e-06 -0.00122359 5.43955e-06 -7.77037e-06 -0.000249272 1.62196e-05 0.000955094 0.00222003 0.000733368 0.00617221 0.00505974 -0.0021534
internal_weight=5772 5710 5679 62 5651 5610 1397 1215 423 311 199 69 112 130
internal_count=5772 5710 5679 62 5651 5610 1397 1215 423 311 199 69 112 130
cat_boundaries=0 1
cat_threshold=16
is_linear=0
shrinkage=0.05


end of trees

feature_importances:
w=2491
dist=1710
age=1031
sex=368

parameters:
[boosting: gbdt]
[objective: regression]
[metric: l2]
[tree_learner: serial]
[device_type: cpu]
[data_sample_strategy: bagging]
[data: ]
[valid: ]
[num_iterations: 400]
[learning_rate: 0.05]
[num_leaves: 15]
[num_threads: 0]
[seed: 0]
[deterministic: 0]
[force_col_wise: 0]
[force_row_wise: 0]
[histogram_pool_size: -1]
[max_depth: -1]
[min_data_in_leaf: 20]
[min_sum_hessian_in_leaf: 0.001]
[bagging_fraction: 1]
[pos_bagging_fraction: 1]
[neg_bagging_fraction: 1]
[bagging_freq: 0]
[bagging_seed: 3]
[bagging_by_query: 0]
[feature_fraction: 0.9]
[feature_fraction_bynode: 1]
[feature_fraction_seed: 2]
[extra_trees: 0]
[extra_seed: 6]
[early_stopping_round: 0]
[early_stopping_min_delta: 0]
[first_metric_only: 0]
[max_delta_step: 0]
[lambda_l1: 0]
[lambda_l2: 0]
[linear_lambda: 0]
[min_gain_to_split: 0]
[drop_rate: 0.1]
[max_drop: 50]
[skip_drop: 0.5]
[xgboost_dart_mode: 0]
[uniform_drop: 0]
[drop_seed: 4]
[top_rate: 0.2]
[other_rate: 0.1]
[min_data_per_group: 100]
[max_cat_threshold: 32]
[cat_l2: 10]
[cat_smooth: 10]
[max_cat_to_onehot: 4]
[top_k: 20]
[monotone_constraints: ]
[monotone_constraints_method: basic]
[monotone_penalty: 0]
[feature_contri: ]
[forcedsplits_filename: ]
[refit_decay_rate: 0.9]
[cegb_tradeoff: 1]
[cegb_penalty_split: 0]
[cegb_penalty_feature_lazy: ]
[cegb_penalty_feature_coupled: ]
[path_smooth: 0]
[interaction_constraints: ]
[verbosity: -1]
[saved_feature_importance_type: 0]
[use_quantized_grad: 0]
[num_grad_quant_bins: 4]
[quant_train_renew_leaf: 0]
[stochastic_rounding: 1]
[linear_tree: 0]
[max_bin: 255]
[max_bin_by_feature: ]
[min_data_in_bin: 3]
[bin_construct_sample_cnt: 200000]
[data_random_seed: 1]
[is_enable_sparse: 1]
[enable_bundle: 1]
[use_missing: 1]
[zero_as_missing: 0]
[feature_pre_filter: 1]
[pre_partition: 0]
[two_round: 0]
[header: 0]
[label_column: ]
[weight_column: ]
[group_column: ]
[ignore_column: ]
[categorical_feature: 3]
[forcedbins_filename: ]
[precise_float_parser: 0]
[parser_config_file: ]
[objective_seed: 5]
[num_class: 1]
[is_unbalance: 0]
[scale_pos_weight: 1]
[sigmoid: 1]
[boost_from_average: 1]
[reg_sqrt: 0]
[alpha: 0.9]
[fair_c: 1]
[poisson_max_delta_step: 0.7]
[tweedie_variance_power: 1.5]
[lambdarank_truncation_level: 30]
[lambdarank_norm: 1]
[label_gain: ]
[lambdarank_position_bias_regularization: 0]
[eval_at: ]
[multi_error_top_k: 1]
[auc_mu_weights: ]
[num_machines: 1]
[local_listen_port: 12400]
[time_out: 120]
[machine_list_filename: ]
[machines: ]
[gpu_platform_id: -1]
[gpu_device_id: -1]
[gpu_device_id_list: ]
[gpu_use_dp: 0]
[num_gpu: 1]

end of parameters

pandas_categorical:[]
