tree
version=v4
num_class=1
num_tree_per_iteration=1
label_index=0
max_feature_idx=4
objective=regression
feature_names=p8 m8 se sl bf
feature_infos=[0:1.0909090909090908] [0:40] [-232.09999999999999:64.799999999999997] [-21.600000000000001:22.600000000000001] [0:1.25]
tree_sizes=1521 1593 1601 1593 1600 1602 1596 1598 1597 1601 1595 1613 1601 1584 1599 1594 1600 1603 1601 1596 1599 1601 1610 1590 1610 1611 1599 1601 1603 1597 1607 1585 1604 1610 1589 1582 1613 1575 1583 1607 1558 1576 1604 1582 1575 1595 1602 1607 1599 1597 1558 1591 1593 1573 1536 1584 1586 1560 1573 1533 1546 1562 1604 1538 1614 1550 1544 1571 1567 1559 1555 1566 1564 1547 1598 1532 1568 1551 1564 1600 1586 1519 1531 1581 1589 1559 1589 1571 1595 1520 1552 1575 1612 1598 1540 1554 1604 1546 1534 1550 1611 1566 1554 1563 1563 1583 1557 1557 1565 1520 1549 1567 1581 1548 1560 1578 1585 1576 1621 1551 1530 1545 1566 1568 1590 1592 1532 1524 1546 1611 1550 1552 1544 1510 1560 1567 1576 1585 1563 1570 1533 1536 1553 1571 1546 1550 1578 1555 1555 1542

Tree=0
num_leaves=15
num_cat=0
split_feature=0 0 0 2 1 0 4 2 2 3 2 1 2 1
split_gain=2071.97 301.861 266.534 169.474 102.792 101.348 97.8705 69.2725 56.6338 42.0308 39.822 39.1466 27.8278 27.8063
threshold=0.65686274509803932 0.88562091503267981 0.055727554179566548 1.9500000000000002 6.4500000000000011 0.43303571428571436 0.55050505050505061 1.3500000000000003 2.7500000000000004 0.25000000000000006 -0.34999999999999992 8.9500000000000011 1.0500000000000003 4.9500000000000011
decision_type=2 2 2 2 2 2 2 2 2 2 2 2 2 2
left_child=2 7 3 -1 10 6 12 13 11 -8 -3 -6 -4 -2
right_child=1 4 5 -5 8 -7 9 -9 -10 -11 -12 -13 -14 -15
leaf_value=0.48631092702101864 0.50310563295660227 0.50944962589682963 0.49181957733242754 0.49728009280206836 0.51327710522720293 0.49790243658003897 0.49883970701820879 0.49988671270377544 0.50794108726724896 0.49461874497073371 0.50421531609011583 0.52094504093425797 0.49465077123954637 0.50652902924986409
leaf_weight=54350 61256 29259 91638 19012 29124 137823 54004 50462 16065 41890 28882 8631 55891 38726
leaf_count=54350 61256 29259 91638 19012 29124 137823 54004 50462 16065 41890 28882 8631 55891 38726
internal_value=0.498758 0.505833 0.494673 0.489154 0.509765 0.495736 0.494509 0.502907 0.512914 0.496996 0.506849 0.51503 0.492892 0.504432
internal_weight=717013 262405 454608 73362 111961 381246 243423 150444 53820 95894 58141 37755 147529 99982
internal_count=717013 262405 454608 73362 111961 381246 243423 150444 53820 95894 58141 37755 147529 99982
is_linear=0
shrinkage=1


Tree=1
num_leaves=15
num_cat=0
split_feature=0 0 0 2 0 4 1 2 1 3 2 2 1 0
split_gain=1685.01 239.434 208.311 140.059 120.111 86.4964 76.985 67.8405 44.0635 33.0811 30.9729 27.7379 26.4413 25.2163
threshold=0.69615384615384623 0.055727554179566548 0.95095693779904311 1.3500000000000003 0.48684210526315791 0.51315789473684215 7.8500000000000005 0.65000000000000002 5.6500000000000012 1.1500000000000001 1.8500000000000003 1.3500000000000003 5.1500000000000012 0.17156862745098042
decision_type=2 2 2 2 2 2 2 2 2 2 2 2 2 2
left_child=1 3 7 -1 5 -3 10 8 -2 -7 12 -6 -4 -11
right_child=2 4 6 -5 11 9 -8 -9 -10 13 -12 -13 -14 -15
leaf_value=-0.011645035806294101 0.0052114154731356761 -0.0051621768634423472 0.0077256597932826663 -0.0022829060200649331 0.00094323148357405579 -0.0003013764006340348 0.016932044583808835 0.0026225684585612797 0.0098542842643859277 -0.0073351005617503726 0.0047612473334082434 -0.0020286022971007828 0.012803478212714874 -0.0018793580257849066
leaf_weight=49842 61907 159433 17433 23520 92555 73722 18752 70302 30518 13920 11021 47538 24905 21645
leaf_count=49842 61907 159433 17433 23520 92555 73722 18752 70302 30518 13920 11021 47538 24905 21645
internal_value=-5.27749e-11 -0.00338314 0.00694633 -0.00864352 -0.00243915 -0.00367677 0.0114204 0.0049637 0.00674445 -0.0015098 0.00948342 -6.5206e-05 0.0107126 -0.00401471
internal_weight=717013 482175 234838 73362 408813 268720 72111 162727 92425 109287 53359 140093 42338 35565
internal_count=717013 482175 234838 73362 408813 268720 72111 162727 92425 109287 53359 140093 42338 35565
is_linear=0
shrinkage=0.1


Tree=2
num_leaves=15
num_cat=0
split_feature=0 0 0 2 1 4 0 2 2 2 2 2 0 2
split_gain=1371.2 217.996 166.961 117.245 74.1492 73.6455 54.7063 50.3754 39.5154 38.1027 31.2897 25.4133 25.1677 49.0253
threshold=0.62828947368421062 0.88562091503267981 0.055727554179566548 2.2500000000000004 7.2500000000000009 0.57518796992481214 0.38675213675213677 1.7500000000000002 -0.24999999999999997 2.7500000000000004 1.3500000000000003 -0.24999999999999997 0.17914438502673805 1.5500000000000003
decision_type=2 2 2 2 2 2 2 2 2 2 2 2 2 2
left_child=2 7 3 11 8 6 10 -2 -3 -6 -4 -1 13 -7
right_child=1 4 5 -5 9 12 -8 -9 -10 -11 -12 -13 -14 -15
leaf_value=-0.011716266105674429 0.0043746192985202881 0.0094468733889097704 -0.0060391500512125204 -0.00051060571478578549 0.014864738328885111 -0.0053701569384980406 -0.001910830448095054 0.00048758566496087869 0.004833622121850626 0.0081459128127525544 -0.0028282232578173533 -0.0073823666944539193 0.0002578739866275565 0.002352251066259501
leaf_weight=33732 112768 37198 88108 17038 24930 24940 108028 47337 37072 12761 46295 22592 91951 12263
leaf_count=33732 112768 37198 88108 17038 24930 24940 108028 47337 37072 12761 46295 22592 91951 12263
internal_value=-8.07793e-11 0.00559248 -0.00341956 -0.00777917 0.00897745 -0.00255884 -0.00358639 0.00322537 0.00714416 0.01259 -0.00493315 -0.0099779 -0.000630056 -0.00282467
internal_weight=717013 272066 444947 73362 111961 371585 242431 160105 74270 37691 134403 56324 129154 37203
internal_count=717013 272066 444947 73362 111961 371585 242431 160105 74270 37691 134403 56324 129154 37203
is_linear=0
shrinkage=0.1


Tree=3
num_leaves=15
num_cat=0
split_feature=0 0 0 2 0 1 2 1 2 0 4 2 1 4
split_gain=1116.37 159.058 143.164 133.548 88.31 58.2106 48.2955 33.6853 32.5857 29.338 30.7966 26.7416 30.0856 25.2037
threshold=0.69615384615384623 0.36038961038961048 0.95095693779904311 0.65000000000000002 0.10263157894736842 8.9500000000000011 0.8500000000000002 6.4500000000000011 4.6500000000000012 0.5590277777777779 0.63397129186602885 2.4500000000000006 5.9500000000000011 0.63397129186602885
decision_type=2 2 2 2 2 2 2 2 2 2 2 2 2 2
left_child=1 3 6 4 -1 11 7 -2 -5 10 -3 12 -4 -6
right_child=2 9 5 8 13 -7 -8 -9 -10 -11 -12 -13 -14 -15
leaf_value=-0.0094084863640934244 0.0045049906337238377 -0.0025284514160524643 0.0068981576566439539 -0.002751627071626777 -0.0055759114153029476 0.016208800503410323 0.0019242193367004466 0.0091846589806563496 0.0012169108210503313 0.00076021085504121403 0.00089675903442811673 0.003675111147537353 0.011786676600526813 -0.0020839432871179934
leaf_weight=57820 77563 101556 27354 84855 63893 10596 65977 19187 27362 80736 35400 10837 23324 30553
leaf_count=57820 77563 101556 27354 84855 63893 10596 65977 19187 27362 80736 35400 10837 23324 30553
internal_value=9.76519e-11 -0.00275373 0.00565403 -0.00440151 -0.00633057 0.00936307 0.0040104 0.00543304 -0.00178397 -0.000751786 -0.00164311 0.00818389 0.00914805 -0.00444627
internal_weight=717013 482175 234838 264483 152266 72111 162727 96750 112217 217692 136956 61515 50678 94446
internal_count=717013 482175 234838 264483 152266 72111 162727 96750 112217 217692 136956 61515 50678 94446
is_linear=0
shrinkage=0.1


Tree=4
num_leaves=15
num_cat=0
split_feature=0 0 0 2 0 4 1 2 1 4 3 2 2 3
split_gain=904.257 130.957 115.963 81.7124 65.2568 52.9605 48.8261 39.319 28.7143 25.2563 24.4641 21.158 19.0255 18.6171
threshold=0.69615384615384623 0.055727554179566548 0.95095693779904311 2.5500000000000003 0.48684210526315791 0.51315789473684215 6.3500000000000005 0.65000000000000002 4.9500000000000011 0.73030303030303034 2.3500000000000001 1.7500000000000002 -1.1499999999999997 2.5500000000000003
decision_type=2 2 2 2 2 2 2 2 2 2 2 2 2 2
left_child=1 3 7 12 5 -3 13 8 -2 -8 -7 -6 -1 -4
right_child=2 4 6 -5 11 10 9 -9 -10 -11 -12 -13 -14 -15
leaf_value=-0.010131435336064885 0.0032537128482797275 -0.0038547793078657546 0.0044243555766077854 0.00014159212138042856 0.00076608113791227237 -0.00022179738046128089 0.013902064348505029 0.0018270555133419457 0.0067804518856690379 0.0085796541082889238 -0.0038850790164655356 -0.0019265745251977652 -0.0064835163034531271 0.0094699552345177893
leaf_weight=25418 47576 159433 26089 15267 98653 86165 16597 70302 44849 19264 23122 41440 32677 10161
leaf_count=25418 47576 159433 26089 15267 98653 86165 16597 70302 44849 19264 23122 41440 32677 10161
internal_value=-1.38441e-11 -0.00247836 0.00508863 -0.00636871 -0.00178023 -0.00269247 0.00842676 0.00360936 0.00496505 0.0110429 -0.000996843 -3.04158e-05 -0.00807957 0.00583865
internal_weight=717013 482175 234838 73362 408813 268720 72111 162727 92425 35861 109287 140093 58095 36250
internal_count=717013 482175 234838 73362 408813 268720 72111 162727 92425 35861 109287 140093 58095 36250
is_linear=0
shrinkage=0.1


Tree=5
num_leaves=15
num_cat=0
split_feature=0 0 2 1 0 3 2 1 0 2 4 4 2 2
split_gain=739.463 134.333 95.0597 77.4143 61.3889 47.3393 46.9637 27.9479 25.7169 25.1406 25.1249 20.7022 17.9882 16.2682
threshold=0.74342105263157909 0.37171052631578955 0.45000000000000007 6.6500000000000012 0.12916666666666668 -0.34999999999999992 4.1500000000000012 9.9500000000000011 0.5590277777777779 4.1500000000000012 0.42481203007518803 0.73030303030303034 -0.54999999999999993 1.2500000000000002
decision_type=2 2 2 2 2 2 2 2 2 2 2 2 2 2
left_child=1 2 4 5 -1 -2 7 12 11 -4 -6 -3 -5 -10
right_child=3 8 9 6 10 -7 -8 -9 13 -11 -12 -13 -14 -15
leaf_value=-0.0074499081184403182 0.0015057999456241644 -0.0018741162526653855 -0.0023736648411621184 0.010865420708232544 -0.0050802577228521266 0.0052785765328140369 0.0028143326755000445 0.015444910993138326 0.0017103923357122846 0.00081797606232565916 -0.0015598470815928016 0.0013814188063682111 0.0068435602014314248 -0.00083173073166616963
leaf_weight=68374 57163 104061 89715 17862 42052 79530 14695 6313 71772 34046 39144 24047 29466 38773
leaf_count=68374 57163 104061 89715 17862 42052 79530 14695 6313 71772 34046 39144 24047 29466 38773
internal_value=2.39967e-11 -0.00203224 -0.0035458 0.00507476 -0.00524219 0.00370086 0.00782298 0.0091951 -0.000298734 -0.00149566 -0.00338309 -0.00126302 0.00836145 0.000818758
internal_weight=717013 511984 273331 205029 149570 136693 68336 53641 238653 123761 81196 128108 47328 110545
internal_count=717013 511984 273331 205029 149570 136693 68336 53641 238653 123761 81196 128108 47328 110545
is_linear=0
shrinkage=0.1


Tree=6
num_leaves=15
num_cat=0
split_feature=0 0 2 1 0 3 2 0 1 2 4 4 2 4
split_gain=600.847 124.114 77.2461 58.7906 53.3901 35.9885 34.8761 25.3622 21.867 19.3263 19.2826 18.4244 17.4793 17.0113
threshold=0.77097902097902116 0.37171052631578955 0.8500000000000002 6.6500000000000012 0.10263157894736842 1.4500000000000002 4.1500000000000012 0.5590277777777779 9.9500000000000011 2.7500000000000004 0.45804195804195807 0.42481203007518803 1.7500000000000002 0.68990384615384626
decision_type=2 2 2 2 2 2 2 2 2 2 2 2 2 2
left_child=1 2 4 5 -1 9 8 13 -5 -2 -4 -6 -9 -3
right_child=3 7 10 6 11 -7 -8 12 -10 -11 -12 -13 -14 -15
leaf_value=-0.0069237643885011737 0.0031234712501595368 -0.001747699627780201 -0.0024538703109067026 0.0077719744749993151 -0.004541901138458016 0.0059371320266373255 0.002850421028235964 0.0015913877080602136 0.014117537114352577 -0.00078137556718300212 0.00020301112476875938 -0.0018740491312268836 -0.0009399138810400325 0.0010366632948472405
leaf_weight=60487 61221 99997 54874 45049 50881 42549 13662 92190 6175 15984 54393 52696 38744 28111
leaf_count=60487 61221 99997 54874 45049 50881 42549 13662 92190 6175 15984 54393 52696 38744 28111
internal_value=1.90968e-11 -0.0017048 -0.00319122 0.00491545 -0.00456315 0.00360198 0.00733961 -0.000136384 0.00853693 0.00231504 -0.00113128 -0.0031846 0.000842363 -0.00113672
internal_weight=717013 532373 273331 184640 164064 119754 64886 259042 51224 77205 109267 103577 130934 128108
internal_count=717013 532373 273331 184640 164064 119754 64886 259042 51224 77205 109267 103577 130934 128108
is_linear=0
shrinkage=0.1


Tree=7
num_leaves=15
num_cat=0
split_feature=0 0 2 1 0 2 0 2 1 4 0 1 2 4
split_gain=488.238 108.124 65.0338 45.1373 43.8437 36.576 23.184 21.7664 21.6057 17.2782 17.075 15.9596 15.0508 15.0401
threshold=0.78174603174603186 0.37171052631578955 1.7500000000000002 7.6500000000000012 1.0000000180025095e-35 1.2500000000000002 0.59545454545454557 2.8500000000000001 5.0500000000000007 0.62828947368421062 0.17156862745098042 1.5500000000000003 0.45000000000000007 0.29705882352941182
decision_type=2 2 2 2 2 2 2 2 2 2 2 2 2 2
left_child=1 2 4 5 -1 8 -3 -5 -2 -6 -11 -4 -8 -10
right_child=3 6 11 7 9 -7 12 -9 13 10 -12 -13 -14 -15
leaf_value=-0.0063238309059786366 0.003212130234439432 -0.00093114868258791688 0.00071205897407575019 0.0094930494649913665 -0.0037361229545446761 0.0011981222713706907 0.0019093532703393851 0.004544073782944442 0.010241352193460312 -0.0033202895666131788 0.00049322473231806904 -0.002128605832892047 -0.00026395147458292743 0.0054979063788244496
leaf_weight=52906 44153 142734 46576 24128 92496 39075 70031 14069 7911 23090 23888 34375 58470 43111
leaf_count=52906 44153 142734 46576 24128 92496 39075 70031 14069 7911 23090 23888 34375 58470 43111
internal_value=5.24432e-11 -0.00146844 -0.0028721 0.00463714 -0.00387269 0.00377416 -5.39234e-05 0.00767021 0.00483178 -0.00294291 -0.00138114 -0.0004942 0.000920465 0.00623338
internal_weight=717013 544566 273331 172447 192380 134250 271235 38197 95175 139474 46978 80951 128501 51022
internal_count=717013 544566 273331 172447 192380 134250 271235 38197 95175 139474 46978 80951 128501 51022
is_linear=0
shrinkage=0.1


Tree=8
num_leaves=15
num_cat=0
split_feature=0 0 2 0 1 3 2 4 4 2 1 4 4 2
split_gain=397.419 97.0569 40.7616 53.3991 37.9615 34.1492 23.4028 18.186 18.038 17.6943 17.5283 14.9014 14.7639 10.3077
threshold=0.81534090909090928 0.44949494949494956 0.35000000000000003 0.12916666666666668 8.8500000000000032 1.6500000000000001 2.1500000000000008 0.62019230769230782 0.45804195804195807 4.6500000000000012 5.1500000000000012 0.30384615384615393 0.63397129186602885 -2.4499999999999997
decision_type=2 2 2 2 2 2 2 2 2 2 2 2 2 2
left_child=1 2 3 13 5 9 -3 -5 -4 10 -2 -12 -6 -1
right_child=4 6 8 7 12 -7 -8 -9 -10 -11 11 -13 -14 -15
leaf_value=-0.0071757633097906982 0.0014116069884521211 0.00092133240649922813 -0.0021967716405714814 -0.0028638397353782283 0.012206113204298671 0.0062339376580182928 -0.0013758738082774906 -3.922333753414356e-05 -2.2168156644673793e-05 -0.00095274306777736243 0.0080986088328574273 0.0036557165987918653 0.006430053438011351 -0.0046257274736511691
leaf_weight=25974 30871 170712 79701 77174 7252 42453 59911 32348 73156 10961 9054 45419 11353 40674
leaf_count=25974 30871 170712 79701 77174 7252 42453 59911 32348 73156 10961 9054 45419 11353 40674
internal_value=-5.1485e-12 -0.0012484 -0.00235093 -0.00338771 0.00443984 0.00387111 0.000324567 -0.00202957 -0.00115603 0.00282954 0.00331531 0.00439417 0.00868149 -0.00561953
internal_weight=717013 559650 329027 176170 157363 138758 230623 109522 152857 96305 85344 54473 18605 66648
internal_count=717013 559650 329027 176170 157363 138758 230623 109522 152857 96305 85344 54473 18605 66648
is_linear=0
shrinkage=0.1


Tree=9
num_leaves=15
num_cat=0
split_feature=0 0 0 2 4 1 3 2 4 2 0 3 1 1
split_gain=328.32 73.0534 46.7354 36.9207 30.7111 25.8186 23.4828 15.1651 14.8943 13.0669 12.253 18.8193 11.2739 10.2571
threshold=0.62828947368421062 0.95095693779904311 0.055727554179566548 2.9500000000000006 0.68990384615384626 8.9500000000000011 0.25000000000000006 -0.24999999999999997 0.12916666666666668 5.2500000000000009 0.31698564593301437 1.0000000180025095e-35 5.9500000000000011 6.9500000000000011
decision_type=2 2 2 2 2 2 2 2 2 2 2 2 2 2
left_child=2 6 3 -1 10 7 8 -3 -2 13 11 -4 -8 -10
right_child=1 5 4 -5 -6 -7 12 -9 9 -11 -12 -13 -14 -15
leaf_value=-0.0050350511071218474 0.0039163759578848788 0.006260829962102055 -0.0013606009487695035 0.00078945419888343065 0.00030831707391727612 0.010024355274228024 0.0023340178701080102 0.0031205174517404729 0.00028697525087781383 -0.0023937655465731365 -0.0011921299981990049 -0.0039282351296890082 0.0049712687086552465 0.0029947778206939491
leaf_weight=60071 13502 30546 61782 13291 97316 10596 65604 30969 67112 14535 159425 53062 21529 17673
leaf_count=60071 13502 30546 61782 13291 97316 10596 65604 30969 67112 14535 159425 53062 21529 17673
internal_value=4.89694e-11 0.00273654 -0.00167328 -0.00397982 -0.0012179 0.0054652 0.00175249 0.00467988 0.000800125 0.000376488 -0.00175943 -0.00254694 0.00298564 0.000851403
internal_weight=717013 272066 444947 73362 371585 72111 199955 61515 112822 99320 274269 114844 87133 84785
internal_count=717013 272066 444947 73362 371585 72111 199955 61515 112822 99320 274269 114844 87133 84785
is_linear=0
shrinkage=0.1


Tree=10
num_leaves=15
num_cat=0
split_feature=0 0 2 0 1 4 2 4 2 4 2 0 2 2
split_gain=267.298 47.5773 56.006 41.8919 21.7113 19.5205 19.4756 19.0238 16.9228 16.7765 14.5565 12.6673 10.4085 10.2489
threshold=0.71825396825396837 0.2752525252525253 1.8500000000000003 0.95095693779904311 6.1500000000000012 0.75735294117647067 -2.5499999999999994 0.21825396825396828 -2.5499999999999994 0.85164835164835173 5.2500000000000009 0.5590277777777779 4.8500000000000005 0.55000000000000016
decision_type=2 2 2 2 2 2 2 2 2 2 2 2 2 2
left_child=1 2 8 6 -5 -6 -2 -8 -1 11 -4 -3 -9 -7
right_child=3 9 10 4 5 13 7 12 -10 -11 -12 -13 -14 -15
leaf_value=-0.0050762076789093342 0.0043569799619453632 -0.0012181173349374713 -0.0008237639646445406 0.0030665507845943508 0.0088326446745367378 0.0066067196720828343 0.004421551564473011 0.0012312945816123318 -0.00274618079975363 0.0016330129389828111 0.00255400212917764 0.00027406487373645192 -0.0019155305591226541 0.0020201307311817907
leaf_weight=43372 27391 164735 43584 33707 18916 9785 17543 85516 110807 35029 18039 86902 11984 9703
leaf_count=43372 27391 164735 43584 33707 18916 9785 17543 85516 110807 35029 18039 86902 11984 9703
internal_value=2.51893e-11 -0.00126165 -0.00238317 0.00295481 0.00491868 0.00654428 0.00196055 0.00138998 -0.00340164 -0.000417374 0.000165015 -0.000702797 0.000844509 0.00432307
internal_weight=717013 502468 215802 214545 72111 38404 142434 115043 154179 286666 61623 251637 97500 19488
internal_count=717013 502468 215802 214545 72111 38404 142434 115043 154179 286666 61623 251637 97500 19488
is_linear=0
shrinkage=0.1


Tree=11
num_leaves=15
num_cat=0
split_feature=0 0 2 1 0 3 4 2 3 2 4 0 4 1
split_gain=221.088 52.0974 41.6703 25.0994 20.4868 19.6914 19.0391 16.866 15.9678 14.4121 13.0715 11.9532 15.8516 11.2707
threshold=0.81534090909090928 0.31698564593301437 3.3500000000000001 7.1500000000000012 1.0000000180025095e-35 2.4500000000000006 0.63397129186602885 1.5500000000000003 2.8500000000000001 -0.34999999999999992 0.42481203007518803 0.5590277777777779 0.62828947368421062 1.3500000000000003
decision_type=2 2 2 2 2 2 2 2 2 2 2 2 2 2
left_child=1 2 4 5 -1 -2 -5 11 10 -8 -6 12 -3 -4
right_child=3 7 13 6 8 -7 9 -9 -10 -11 -12 -13 -14 -15
leaf_value=-0.0041497516855148846 0.0017088189365074631 -0.0010482098759252586 0.0023845068852867382 0.0077802232978652552 -0.0026039468822712537 0.0048030103075351301 0.0069941503786728927 -0.0011595729930485407 -0.0040376410915660315 0.0021891722179061073 -0.00039945596511686523 0.0011459448095845588 0.0016825681950215752 -0.00098707466723556812
leaf_weight=61841 82436 81295 22394 18129 49271 27405 8995 101731 29123 20398 59233 108187 28783 17792
leaf_count=61841 82436 81295 22394 18129 49271 27405 8995 101731 29123 20398 59233 108187 28783 17792
internal_value=-1.7151e-11 -0.000931135 -0.00204602 0.00331151 -0.00263788 0.00248081 0.00523157 -9.6167e-05 -0.00195854 0.00365962 -0.0014005 0.000399475 -0.000334171 0.000891769
internal_weight=717013 559650 239654 157363 199468 109841 47522 319996 137627 29393 108504 218265 110078 40186
internal_count=717013 559650 239654 157363 199468 109841 47522 319996 137627 29393 108504 218265 110078 40186
is_linear=0
shrinkage=0.1


Tree=12
num_leaves=15
num_cat=0
split_feature=0 0 4 2 1 2 4 0 1 0 2 1 1 1
split_gain=179.082 42.674 23.7945 21.6305 17.771 17.4833 16.4405 15.9129 14.0323 14.0223 13.9359 10.3543 9.28854 8.88222
threshold=0.81534090909090928 0.48684210526315791 0.45804195804195807 -2.9499999999999997 4.2500000000000009 -0.24999999999999997 0.46410256410256417 0.18465909090909097 5.6500000000000012 0.055727554179566548 0.35000000000000003 10.950000000000001 9.4500000000000011 2.3500000000000001
decision_type=2 2 2 2 2 2 2 2 2 2 2 2 2 2
left_child=1 3 4 7 -2 8 -5 -1 -4 -8 -3 -7 -6 -11
right_child=2 10 5 6 12 11 9 -9 -10 13 -12 -13 -14 -15
leaf_value=-0.0050112929414074039 0.0010443976284280753 0.0010041403779169438 0.0019147574568803985 -0.0018806765604745539 0.0054180036709259591 0.00078015467352539379 -0.002215732813363582 -0.0017249079312322343 0.0052640879288853235 0.00079616661289682927 -0.00060029598014496935 0.0066575573641679611 0.010976958431444434 -0.0013144140598370076
leaf_weight=27870 9389 116242 24998 151553 32513 58956 30889 31259 25037 73091 101326 3158 3312 27420
leaf_count=27870 9389 116242 24998 151553 32513 58956 30889 31259 25037 73091 101326 3158 3312 27420
internal_value=4.07932e-11 -0.000838021 0.00298036 -0.00153442 0.004917 0.00219959 -0.00117091 -0.00327392 0.00359073 -0.000352286 0.000256921 0.00107897 0.00593193 0.000220388
internal_weight=717013 559650 157363 342082 45214 112149 282953 59129 50035 131400 217568 62114 35825 100511
internal_count=717013 559650 157363 342082 45214 112149 282953 59129 50035 131400 217568 62114 35825 100511
is_linear=0
shrinkage=0.1


Tree=13
num_leaves=15
num_cat=0
split_feature=0 0 0 2 4 1 4 2 2 1 3 1 4 2
split_gain=147.226 38.3391 22.6809 20.3287 19.4094 16.3727 16.2628 16.0078 11.286 10.662 10.3674 9.93029 9.57036 8.0362
threshold=0.61721611721611735 0.95095693779904311 0.055727554179566548 4.2500000000000009 0.55050505050505061 8.9500000000000011 0.11437908496732027 3.8500000000000001 2.7500000000000004 5.0500000000000007 -5.5499999999999989 5.0500000000000007 0.78174603174603186 -3.3499999999999992
decision_type=2 2 2 2 2 2 2 2 2 2 2 2 2 2
left_child=2 6 3 -1 -4 8 -2 9 11 -8 -5 -3 -13 -11
right_child=1 5 4 10 -6 -7 7 -9 -10 13 -12 12 -14 -15
leaf_value=-0.0033522465925928872 0.0035979517113679826 0.0017680883128908934 -0.001402665883523448 -0.0027041992041941828 0.00011130212537913813 0.007394821332171681 0.00041204476985815566 -0.001480058664464047 -3.8344367175675927e-06 0.0045519466711774646 0.0046451439524539135 0.0062793651407100776 0.0029464662502535592 0.0016112134915475113
leaf_weight=65132 23091 17317 224482 3049 135971 10596 87174 26743 9637 10895 5181 18204 16357 63184
leaf_count=65132 23091 17317 224482 3049 135971 10596 87174 26743 9637 10895 5181 18204 16357 63184
internal_value=1.26411e-11 0.00177352 -0.00115777 -0.00276052 -0.000831563 0.00376422 0.00109346 0.00078584 0.00313884 0.00116163 0.0019224 0.00372264 0.00470197 0.00204372
internal_weight=717013 283198 433815 73362 360453 72111 211087 187996 61515 161253 8230 51878 34561 74079
internal_count=717013 283198 433815 73362 360453 72111 211087 187996 61515 161253 8230 51878 34561 74079
is_linear=0
shrinkage=0.1


Tree=14
num_leaves=15
num_cat=0
split_feature=0 0 2 4 1 2 2 1 2 2 4 1 1 0
split_gain=120.425 31.4685 35.6106 19.2425 16.8672 14.2852 12.3813 11.1424 11.0677 10.6991 8.69651 11.9845 7.87061 7.49564
threshold=0.81534090909090928 0.2752525252525253 0.45000000000000007 0.70294117647058829 4.2500000000000009 5.2500000000000009 2.1500000000000008 9.9500000000000011 1.4500000000000002 1.9500000000000002 0.73030303030303034 4.5500000000000007 8.8500000000000032 0.10263157894736842
decision_type=2 2 2 2 2 2 2 2 2 2 2 2 2 2
left_child=1 2 13 4 -2 -4 12 8 -6 10 11 -3 -5 -1
right_child=3 9 5 6 7 -7 -8 -9 -10 -11 -12 -13 -14 -15
leaf_value=-0.0036537084990156139 0.00055136708210032478 -0.00046635954783219298 -0.00079666133040691292 0.0016931364681495272 0.0048789282763217106 0.0023198761247607363 -0.00088793052136427228 0.0090057101595690924 0.0020372572928945396 -0.00099607283645932539 0.0013743155502496994 0.0014528732863507499 0.0058882699508991986 -0.0020569392095188869
leaf_weight=55108 15344 153575 79640 53391 38904 18039 19123 4559 21161 94984 54007 41282 4881 63015
leaf_count=55108 15344 153575 79640 53391 38904 18039 19123 4559 21161 94984 54007 41282 4881 63015
internal_value=7.9297e-12 -0.000687209 -0.00163374 0.00244401 0.00353188 -0.000221111 0.00131997 0.00423956 0.0038778 -9.31574e-05 0.000251459 -5.97549e-05 0.00204453 -0.00280188
internal_weight=717013 559650 215802 157363 79968 97679 77395 64624 60065 343848 248864 194857 58272 118123
internal_count=717013 559650 215802 157363 79968 97679 77395 64624 60065 343848 248864 194857 58272 118123
is_linear=0
shrinkage=0.1


Tree=15
num_leaves=15
num_cat=0
split_feature=0 0 0 4 2 2 4 1 2 1 4 3 2 1
split_gain=98.7693 27.393 15.3471 15.5052 14.039 13.467 13.1459 12.5237 11.1012 10.6167 8.4502 8.32877 7.73941 7.05673
threshold=0.61721611721611735 0.95095693779904311 0.055727554179566548 0.73030303030303034 2.7500000000000004 -2.5499999999999994 0.12916666666666668 10.950000000000001 3.0500000000000003 5.6500000000000012 0.80625000000000013 -6.0499999999999989 5.0500000000000007 6.6500000000000012
decision_type=2 2 2 2 2 2 2 2 2 2 2 2 2 2
left_child=2 5 4 -4 -1 -2 -7 8 9 -3 -11 -6 13 -8
right_child=1 7 3 -5 11 6 12 -9 -10 10 -12 -13 -14 -15
leaf_value=-0.0029464069266901035 0.0024953704796812264 0.0018303502206016007 -0.0010293241001305884 0.00055129206164009753 -0.0041765883438533886 0.0027996046438896142 2.7100188430515926e-05 0.0091218094253804859 -8.1847610649345533e-05 0.0060146060514572799 0.0028040098449923891 0.0017841474165092943 -0.001870194263357479 0.00181876849531014
leaf_weight=59095 41379 24761 280781 79672 2957 21412 103560 3333 10903 18192 14922 11310 16829 27907
leaf_count=59095 41379 24761 280781 79672 2957 21412 103560 3333 10903 18192 14922 11310 16829 27907
internal_value=5.4153e-12 0.00145263 -0.000948288 -0.000679956 -0.0022667 0.000877792 0.000483386 0.00313532 0.00284521 0.00339664 0.00456783 0.000548716 0.000148955 0.000407424
internal_weight=717013 283198 433815 360453 73362 211087 169708 72111 68778 57875 33114 14267 148296 131467
internal_count=717013 283198 433815 360453 73362 211087 169708 72111 68778 57875 33114 14267 148296 131467
is_linear=0
shrinkage=0.1


Tree=16
num_leaves=15
num_cat=0
split_feature=0 0 2 4 2 2 1 1 2 1 1 1 0 3
split_gain=81.1381 21.9276 27.4367 16.2511 12.8419 11.8324 8.99123 8.71739 8.61892 7.26911 6.89032 6.81677 7.29624 9.10757
threshold=0.81534090909090928 0.2752525252525253 0.45000000000000007 0.31009615384615391 -1.2499999999999998 7.2500000000000009 5.2500000000000009 8.2500000000000018 0.45000000000000007 7.2500000000000009 1.1500000000000001 1.4500000000000002 1.0000000180025095e-35 -3.1499999999999999
decision_type=2 2 2 2 2 2 2 2 2 2 2 2 2 2
left_child=1 2 -1 6 9 11 -2 -6 -3 -5 -10 12 13 -4
right_child=3 8 5 4 7 -7 -8 -9 10 -11 -12 -13 -14 -15
leaf_value=-0.0023795492509319175 0.0020343444402158755 0.0003877781415070497 -0.0036725473199606222 0.0023320073130299146 0.00032787896046267725 0.0033294112014594377 0.0056325548953791126 0.0027900472722535985 0.0046631715972161583 0.0056988084025158545 -0.00070161273917762699 -0.0018505090289799289 0.0010702501906913512 0.00013808450210006269
leaf_weight=118123 11770 187951 9243 33340 69224 9053 16939 18150 2432 7940 153465 25379 34491 19513
leaf_count=118123 11770 187951 9243 33340 69224 9053 16939 18150 2432 7940 153465 25379 34491 19513
internal_value=1.43467e-12 -0.000564081 -0.0013542 0.00200611 0.00152606 -0.00011425 0.00415738 0.00083934 -6.81955e-05 0.00297959 -0.000617922 -0.000466014 8.95392e-05 -0.00108676
internal_weight=717013 559650 215802 157363 128654 97679 28709 87374 343848 41280 155897 88626 63247 28756
internal_count=717013 559650 215802 157363 128654 97679 28709 87374 343848 41280 155897 88626 63247 28756
is_linear=0
shrinkage=0.1


Tree=17
num_leaves=15
num_cat=0
split_feature=0 1 3 4 2 4 0 2 1 0 2 3 2 1
split_gain=67.7698 21.1908 16.5901 16.1411 13.5191 12.2179 12.4489 19.1195 11.1214 9.14522 7.44277 6.0119 5.56461 5.02654
threshold=0.59545454545454557 6.1500000000000012 2.8500000000000001 0.25657894736842107 4.1500000000000012 0.42481203007518803 0.12916666666666668 3.3500000000000001 2.0500000000000003 0.95095693779904311 3.3500000000000001 2.3500000000000001 -1.1499999999999997 4.0500000000000007
decision_type=2 2 2 2 2 2 2 2 2 2 2 2 2 2
left_child=5 2 10 -3 9 -1 7 12 11 -5 13 -8 -7 -2
right_child=1 3 -4 4 -6 6 8 -9 -10 -11 -12 -13 -14 -15
leaf_value=-0.001375958297417719 -0.00037329845776872586 0.005305618420963611 0.002293426775001869 0.0014464544294948626 -0.00068366617223792139 -0.0032404154634013294 0.0018663500745878113 0.0021564308848038794 -0.00052510271781494795 0.0038188725930142389 -0.0015964306154615431 -0.00047187671318570123 -0.0012999350944718985 0.00086587997292534614
leaf_weight=205278 55345 15456 43024 38855 17503 24149 45338 13054 75646 27927 22714 14517 38083 80124
leaf_count=205278 55345 15456 43024 38855 17503 24149 45338 13054 75646 27927 22714 14517 38083 80124
internal_value=-1.55543e-11 0.00114311 0.00055231 0.00233494 0.00179018 -0.000826836 -0.000292066 -0.00132306 0.000280769 0.00243856 7.87457e-05 0.00129925 -0.00205293 0.000359621
internal_weight=717013 300948 201207 99741 84285 416065 210787 75286 135501 66782 158183 59855 62232 135469
internal_count=717013 300948 201207 99741 84285 416065 210787 75286 135501 66782 158183 59855 62232 135469
is_linear=0
shrinkage=0.1


Tree=18
num_leaves=15
num_cat=0
split_feature=0 4 2 0 2 1 1 2 4 2 2 1 2 1
split_gain=55.316 15.4122 13.0943 12.3821 21.419 11.2565 9.43431 9.14611 8.22875 7.3575 6.74538 5.68438 5.38874 5.30971
threshold=0.73508771929824568 0.30384615384615393 -3.1499999999999999 0.2752525252525253 1.8500000000000003 4.1500000000000012 8.9500000000000011 4.6500000000000012 0.86038961038961048 -3.0499999999999994 6.9500000000000011 5.0500000000000007 6.6500000000000012 11.950000000000001
decision_type=2 2 2 2 2 2 2 2 2 2 2 2 2 2
left_child=3 5 -3 4 9 -2 7 11 -5 -1 -6 -4 13 -8
right_child=1 2 6 8 10 -7 12 -9 -10 -11 -12 -13 -14 -15
leaf_value=-0.0030082514324303923 0.00030345498499508445 0.0029567623765964033 -0.00035137393374413289 -0.00032175696318292266 -1.7831434040591147e-05 0.0041133872177625298 0.0030274899258716341 -0.0023000984313328245 0.0013602273672447623 -0.00137896912810123 0.0028147650704133595 0.0011280633354338468 -0.0011829317570668447 0.0092942326951507871
leaf_weight=36230 10441 27312 42109 263467 51579 30142 10680 12437 32696 117949 10044 67767 2612 1548
leaf_count=36230 10441 27312 42109 263467 51579 30142 10680 12437 32696 117949 10044 67767 2612 1548
internal_value=2.3328e-11 0.00138789 0.000957222 -0.000555865 -0.00113199 0.00313319 0.000559043 0.000270152 -0.000136068 -0.00176183 0.000443857 0.000561082 0.00294011 0.00382083
internal_weight=717013 205048 164465 511965 215802 40583 137153 122313 296163 154179 61623 109876 14840 12228
internal_count=717013 205048 164465 511965 215802 40583 137153 122313 296163 154179 61623 109876 14840 12228
is_linear=0
shrinkage=0.1


Tree=19
num_leaves=15
num_cat=0
split_feature=0 0 4 3 4 0 2 1 4 1 1 3 3 2
split_gain=45.8887 16.4574 10.9876 10.4609 10.2747 9.32546 13.7337 9.4976 8.96439 8.08304 5.34664 5.3418 5.28974 4.23529
threshold=0.5590277777777779 0.95095693779904311 0.087121212121212141 -0.94999999999999984 0.46410256410256417 0.12916666666666668 3.3500000000000001 1.8500000000000003 0.80625000000000013 8.5500000000000025 3.4500000000000006 3.6500000000000008 2.4500000000000006 -0.94999999999999984
decision_type=2 2 2 2 2 2 2 2 2 2 2 2 2 2
left_child=4 2 10 -4 -1 6 -6 11 9 12 -2 -7 -3 -10
right_child=1 8 3 -5 5 7 -8 -9 13 -11 -12 -13 -14 -15
leaf_value=-0.0011729966896707597 0.00022640051411039106 0.0018351473438504213 -0.0005204735953303482 0.00087352230608705073 -0.0017148840832231825 0.0019601175718551109 0.0019980825582482553 -0.0003529579960418853 0.0024056306569658734 0.0062028572748978172 0.003771781887385871 -0.0010595763970050116 0.0047219852795926734 -1.6243478405567071e-05
leaf_weight=218165 6031 26003 90824 132175 57400 39150 12054 67781 11799 7303 14433 6889 8397 18609
leaf_count=218165 6031 26003 90824 132175 57400 39150 12054 67781 11799 7303 14433 6889 8397 18609
internal_value=-7.89539e-12 0.000902295 0.000509276 0.00030577 -0.000709301 -0.000157328 -0.00107048 0.000399889 0.00222922 0.00318129 0.00272691 0.00150827 0.00253982 0.000923499
internal_weight=717013 315574 243463 222999 401439 183274 69454 113820 72111 41703 20464 46039 34400 30408
internal_count=717013 315574 243463 222999 401439 183274 69454 113820 72111 41703 20464 46039 34400 30408
is_linear=0
shrinkage=0.1


Tree=20
num_leaves=15
num_cat=0
split_feature=0 0 2 4 1 2 2 2 0 3 1 1 0 3
split_gain=38.2888 11.7372 14.6406 11.5359 8.81741 7.71041 7.48827 6.82489 6.70613 5.9706 6.33487 5.67053 6.11567 7.94259
threshold=0.82843137254901966 0.36038961038961048 -0.44999999999999996 0.63961038961038974 4.2500000000000009 3.8500000000000001 5.2500000000000009 1.8500000000000003 0.21240601503759401 2.3500000000000001 8.5500000000000025 1.5500000000000003 0.055727554179566548 -3.0499999999999994
decision_type=2 2 2 2 2 2 2 2 2 2 2 2 2 2
left_child=1 2 8 4 -2 -3 11 -5 -1 10 -6 12 13 -4
right_child=3 5 6 7 9 -7 -8 -9 -10 -11 -12 -13 -14 -15
leaf_value=-0.0023157809533114922 9.2842953738480501e-05 0.00025479375491740762 -0.0037552131683128067 0.0012091799311812874 0.0018931352114490354 -0.0011898962806475657 0.0014683687786390598 -0.00081574021503765057 -0.00066192065373551394 0.005184555428718941 0.0050449963888655998 -0.0014339114916882283 0.000632521714746168 -0.00024052284550755656
leaf_weight=71642 12956 261028 8385 60398 34149 43033 22068 22977 37273 10148 7841 45014 52529 27572
leaf_count=71642 12956 261028 8385 60398 34149 43033 22068 22977 37273 10148 7841 45014 52529 27572
internal_value=2.03257e-11 -0.000373429 -0.000860602 0.00143 0.0024276 5.03304e-05 -0.000238067 0.00065114 -0.0017498 0.00300777 0.0024817 -0.000520146 -5.53017e-05 -0.00106013
internal_weight=717013 568544 264483 148469 65094 304061 155568 83375 108915 52138 41990 133500 88486 35957
internal_count=717013 568544 264483 148469 65094 304061 155568 83375 108915 52138 41990 133500 88486 35957
is_linear=0
shrinkage=0.1


Tree=21
num_leaves=15
num_cat=0
split_feature=0 1 3 2 1 4 4 0 2 1 3 3 3 2
split_gain=31.1231 14.397 13.2693 9.15907 8.86198 8.83932 7.07536 6.60968 10.3655 7.81568 5.04752 4.88696 4.68791 4.42862
threshold=0.55050505050505061 6.9500000000000011 0.15000000000000005 6.4500000000000011 11.950000000000001 0.51315789473684215 0.82085561497326209 0.12916666666666668 4.3500000000000005 2.1500000000000008 1.4500000000000002 4.8500000000000005 -5.6499999999999995 5.2500000000000009
decision_type=2 2 2 2 2 2 2 2 2 2 2 2 2 2
left_child=5 2 13 4 6 -1 -3 8 -7 10 -9 -4 -10 -2
right_child=1 3 11 -5 -6 7 -8 9 12 -11 -12 -13 -14 -15
leaf_value=-0.0010012014475034618 -0.00011905855618285391 0.0030328750651104739 0.00081422158752127215 -0.0010748662744283946 0.0089037678255231949 -0.0013081229726913668 0.00068442991123056211 0.0020437406919016766 -0.00077035946846169172 -0.00045827621402657931 -8.1348036635857929e-05 0.0024137274888898705 0.0044249200234719168 -0.0019706541915541754
leaf_weight=229948 117626 37396 104922 8368 2060 55204 19528 33965 2663 45816 16659 23353 4994 14511
leaf_count=229948 117626 37396 104922 8368 2060 55204 19528 33965 2663 45816 16659 23353 4994 14511
internal_value=-4.70989e-13 0.000717978 0.000380923 0.00202118 0.00246041 -0.000604567 0.00222723 -3.20333e-05 -0.000829879 0.000488014 0.00134443 0.00110542 0.00261807 -0.000322397
internal_weight=717013 327764 260412 67352 58984 389249 56924 159301 62861 96440 50624 128275 7657 132137
internal_count=717013 327764 260412 67352 58984 389249 56924 159301 62861 96440 50624 128275 7657 132137
is_linear=0
shrinkage=0.1


Tree=22
num_leaves=15
num_cat=0
split_feature=0 0 3 4 2 2 4 1 1 3 3 4 0 1
split_gain=26.5561 9.26799 11.9164 8.34342 8.07709 6.89933 6.84977 6.14302 5.18469 5.15694 5.15572 4.88117 5.65647 7.73507
threshold=0.87083333333333346 0.38675213675213677 2.7500000000000004 0.71008403361344552 0.45000000000000007 6.9500000000000011 0.093073593073593086 5.7500000000000009 1.3500000000000003 4.7500000000000009 -6.5499999999999989 0.31009615384615391 1.0000000180025095e-35 2.1500000000000008
decision_type=2 2 2 2 2 2 2 2 2 2 2 2 2 2
left_child=1 2 5 7 -3 11 -6 -2 10 -5 -7 -1 -13 -14
right_child=3 4 -4 9 6 8 -8 -9 -10 -11 -12 12 13 -15
leaf_value=-0.0011172950349442555 0.0010314690377852334 0.00057366234933693412 -0.0020113373890309461 0.00025142811379722603 0.0013747577399196317 0.00055657494610898163 -0.00072824700558000782 0.0030697782545823747 9.7313516250761549e-05 0.0034400258563291423 0.0065809586577939673 -0.0012186683404434694 0.00073254499753410611 -0.0013018653398063293
leaf_weight=82031 26253 167361 54793 57485 17766 2437 120791 33850 7519 5563 3406 36079 77000 24679
leaf_count=82031 26253 167361 54793 57485 17766 2437 120791 33850 7519 5563 3406 36079 77000 24679
internal_value=1.47426e-12 -0.000277137 -0.000684329 0.00133642 0.00010613 -0.000372467 -0.000458596 0.00217944 0.00183377 0.000532772 0.00406831 -0.000506595 -0.00014294 0.000238763
internal_weight=717013 593862 287944 123151 305918 233151 138557 60103 13362 63048 5843 219789 137758 101679
internal_count=717013 593862 287944 123151 305918 233151 138557 60103 13362 63048 5843 219789 137758 101679
is_linear=0
shrinkage=0.1


Tree=23
num_leaves=15
num_cat=0
split_feature=1 2 4 0 2 2 0 1 1 3 2 3 0 1
split_gain=22.2183 12.3616 8.25109 7.12415 12.8377 6.27821 5.33173 4.85042 4.61472 4.33393 4.06757 4.51911 4.4026 3.76003
threshold=5.6500000000000012 0.55000000000000016 0.13961038961038963 0.2752525252525253 1.4500000000000002 1.0500000000000003 0.93933823529411775 1.4500000000000002 10.850000000000003 4.8500000000000005 6.9500000000000011 -4.9499999999999993 0.055727554179566548 8.9500000000000011
decision_type=2 2 2 2 2 2 2 2 2 2 2 2 2 2
left_child=3 6 -3 4 9 -5 -2 10 -4 -1 11 12 -6 -8
right_child=1 2 8 5 7 -7 13 -9 -10 -11 -12 -13 -14 -15
leaf_value=-0.0010648159192331113 0.0014836041626015524 0.0032569215389969611 -0.00027622632602015219 0.00028819396341503591 -0.0044333106042853407 -0.00059464054681500214 0.002874195873357948 -0.00084863690689255828 0.0029448035812364702 -0.0027668318544747344 0.0033639829435774776 0.0010432958721536016 0.00072391337408379732 0.0063810249423629705
leaf_weight=127991 36425 8473 63664 245932 3244 119787 19216 21939 4782 16941 6075 35528 3380 3636
leaf_count=127991 36425 8473 63664 245932 3244 119787 19216 21939 4782 16941 6075 35528 3380 3636
internal_value=3.9291e-12 0.00114955 0.000313216 -0.000269559 -0.000726229 -9.68201e-07 0.0022348 0.00038408 -5.11881e-05 -0.00126376 0.000944856 0.000596209 -0.00180176 0.00343217
internal_weight=717013 136196 76919 580817 215098 365719 59277 70166 68446 144932 48227 42152 6624 22852
internal_count=717013 136196 76919 580817 215098 365719 59277 70166 68446 144932 48227 42152 6624 22852
is_linear=0
shrinkage=0.1


Tree=24
num_leaves=15
num_cat=0
split_feature=0 4 0 1 0 3 1 2 1 4 1 2 3 3
split_gain=18.5583 7.99388 5.76926 9.6849 5.7719 11.7665 5.43744 5.32022 6.22261 5.24272 5.43392 5.00888 4.84022 4.82993
threshold=0.82843137254901966 0.45804195804195807 0.055727554179566548 0.35000000000000003 0.23303167420814488 1.0000000180025095e-35 3.6500000000000008 7.8500000000000005 12.950000000000001 0.95095693779904311 3.4500000000000006 -1.1499999999999997 3.0500000000000003 -6.1499999999999995
decision_type=2 2 2 2 2 2 2 2 2 2 2 2 2 2
left_child=2 6 11 -4 5 -5 -2 8 12 -6 -11 -1 -3 -13
right_child=1 7 3 4 9 -7 -8 -9 -10 10 -12 13 -14 -15
leaf_value=-0.0022224195030169556 -0.00093177459622096291 0.00027375570794972362 0.002231838979274535 0.00010672554115109449 -0.00014088597245293327 -0.0020653564398594054 0.0025877755903084346 -0.0033042231502616553 0.009675389531959365 0.0026915455517601541 -0.00024446177890979063 -0.0042644633143709724 0.0020509870466286348 -0.00021933162735398348
leaf_weight=25418 4984 83672 16673 54132 352736 46247 36803 3489 761 13763 11631 3160 18760 44784
leaf_count=25418 4984 83672 16673 54132 352736 46247 36803 3489 761 13763 11631 3160 18760 44784
internal_value=3.39602e-12 0.000995566 -0.000259981 -0.00013737 -0.000219922 -0.000894004 0.00216799 0.00053633 0.000666181 -4.09784e-05 0.00134679 -0.00108759 0.000599248 -0.000485947
internal_weight=717013 148469 568544 495182 478509 100379 41787 106682 103193 378130 25394 73362 102432 47944
internal_count=717013 148469 568544 495182 478509 100379 41787 106682 103193 378130 25394 73362 102432 47944
is_linear=0
shrinkage=0.1


Tree=25
num_leaves=15
num_cat=0
split_feature=1 4 2 0 3 3 2 1 4 1 0 3 3 2
split_gain=16.2959 8.57793 7.91832 5.32909 8.97801 7.49184 5.05967 4.69602 4.6239 4.72214 4.46487 3.75752 3.55515 5.49584
threshold=6.1500000000000012 0.069047619047619066 2.4500000000000006 0.43303571428571436 1.7500000000000002 1.6500000000000001 5.2500000000000009 8.2500000000000018 0.36602870813397131 3.3500000000000001 0.055727554179566548 -0.94999999999999984 -6.1499999999999995 5.9500000000000011
decision_type=2 2 2 2 2 2 2 2 2 2 2 2 2 2
left_child=3 -2 7 5 6 8 -5 -3 -1 10 12 -12 -10 -14
right_child=1 2 -4 4 -6 -7 -8 -9 9 -11 11 -13 13 -15
leaf_value=-0.00070130439619402901 0.0050994838591787439 0.0011186260200813662 -0.00021207759885952631 -0.00011006115190403392 0.00094262234545203672 -0.0012550791959090072 -0.0019235501588610827 0.0030958132530188695 -0.0047892436481278295 -0.002028943056747899 0.0013302111255052707 1.9101177066500638e-05 -0.00070466548066086651 0.0052355044533103487
leaf_weight=96043 5204 47815 37715 189273 89384 90268 16746 16043 1942 8734 48831 39573 27792 1650
leaf_count=96043 5204 47815 37715 189273 89384 90268 16746 16043 1942 8734 48831 39573 27792 1650
internal_value=8.01739e-12 0.00113969 0.000936811 -0.000199419 0.000105659 -0.000485668 -0.000257468 0.00161535 -0.00017639 0.000215873 0.000379548 0.000743308 -0.000645112 -0.000371764
internal_weight=717013 106777 101573 610236 295403 314833 206019 63858 224565 128522 119788 88404 31384 29442
internal_count=717013 106777 101573 610236 295403 314833 206019 63858 224565 128522 119788 88404 31384 29442
is_linear=0
shrinkage=0.1


Tree=26
num_leaves=15
num_cat=0
split_feature=0 1 0 4 4 2 2 1 0 1 2 1 4 1
split_gain=13.8253 5.62819 5.61691 7.80038 6.04352 5.56416 4.60932 4.51785 4.28087 6.55783 6.23258 4.08368 3.92158 3.1706
threshold=0.95095693779904311 11.950000000000001 0.55050505050505061 0.069047619047619066 0.46410256410256417 -2.5499999999999994 4.0500000000000007 5.0500000000000007 0.12916666666666668 2.3500000000000001 3.3500000000000001 3.5500000000000003 0.88562091503267981 4.4500000000000011
decision_type=2 2 2 2 2 2 2 2 2 2 2 2 2 2
left_child=2 6 4 11 -1 13 7 -2 10 -10 -6 -4 -9 -5
right_child=1 -3 3 5 8 -7 -8 12 9 -11 -12 -13 -14 -15
leaf_value=-0.00074859634895946812 0.00012309965217377762 0.0068143516786089448 0.00021445435176993804 0.00023542985483529226 -0.0010055093967320592 -0.00018139523201202368 -0.0011125804751715288 0.0026831646318949873 0.0010921085495300099 -0.00047965492003184746 0.001495762316490225 0.0032264551926129512 0.0007076427298319816 0.0018898693310379702
leaf_weight=210773 18025 1813 7045 23802 57400 189774 7850 29065 63311 45711 12054 12467 15358 22565
leaf_count=210773 18025 1813 7045 23802 57400 189774 7850 29065 63311 45711 12054 12467 15358 22565
internal_value=3.79326e-12 0.00131317 -0.000146834 0.000217324 -0.000386008 5.85434e-05 0.00117129 0.00145838 4.21942e-05 0.000433096 -0.000571404 0.00213894 0.00200018 0.00104058
internal_weight=717013 72111 644902 255653 389249 236141 70298 62448 178476 109022 69454 19512 44423 46367
internal_count=717013 72111 644902 255653 389249 236141 70298 62448 178476 109022 69454 19512 44423 46367
is_linear=0
shrinkage=0.1


Tree=27
num_leaves=15
num_cat=0
split_feature=1 4 2 0 2 2 3 2 1 1 4 0 1 3
split_gain=11.4071 6.54706 5.39501 3.95428 9.00017 5.66262 3.67152 3.47612 3.66906 3.32834 3.18784 3.15264 4.42249 3.12883
threshold=6.1500000000000012 0.26491228070175443 -0.44999999999999996 0.26491228070175438 2.9500000000000006 2.1500000000000008 4.8500000000000005 7.9500000000000011 14.050000000000002 1.4500000000000002 0.28991596638655465 0.17914438502673805 2.1500000000000008 -5.6499999999999995
decision_type=2 2 2 2 2 2 2 2 2 2 2 2 2 2
left_child=3 -2 -3 4 6 -5 10 8 -4 13 -1 -12 -13 -6
right_child=1 2 7 5 9 -7 -8 -9 -10 -11 11 12 -14 -15
leaf_value=-0.0013590430834400551 0.002683000800448442 0.0017894426089952479 0.00026509054394544088 0.00021300095763605899 -0.00042444592889612849 -0.00069177226960388111 -0.0022571149009275411 -0.0021821919212639796 0.0097713719280937607 -0.00053376221988283765 -0.00068359034891855559 0.001259029940213454 -0.0022146387168268914 0.0020724251801815109
leaf_weight=48141 18165 26629 55489 315770 6658 88577 16565 6085 409 12170 77569 19911 4492 20383
leaf_count=48141 18165 26629 55489 315770 6658 88577 16565 6085 409 12170 77569 19911 4492 20383
internal_value=1.93228e-12 0.000953532 0.000598999 -0.000166846 -0.00052358 1.47997e-05 -0.000844262 8.75637e-05 0.000334647 0.00083957 -0.000688353 -0.00037172 0.000619612 0.00145765
internal_weight=717013 106777 88612 610236 205889 404347 166678 61983 55898 39211 150113 101972 24403 27041
internal_count=717013 106777 88612 610236 205889 404347 166678 61983 55898 39211 150113 101972 24403 27041
is_linear=0
shrinkage=0.1


Tree=28
num_leaves=15
num_cat=0
split_feature=0 1 0 2 4 1 2 1 2 2 1 4 3 0
split_gain=10.1322 4.47116 3.92035 6.6971 5.45255 6.56274 5.46192 4.04213 4.48903 3.88112 3.11321 3.44234 2.93213 3.05878
threshold=0.95095693779904311 10.850000000000003 0.31698564593301437 -0.74999999999999989 0.069047619047619066 3.4500000000000006 2.2500000000000004 1.4500000000000002 3.8500000000000001 1.8500000000000003 4.0500000000000007 0.88562091503267981 -5.6499999999999995 0.060661764705882366
decision_type=2 2 2 2 2 2 2 2 2 2 2 2 2 2
left_child=2 9 3 -1 5 -4 -6 8 -5 10 -2 -12 13 -10
right_child=1 -3 4 7 6 -7 -8 -9 12 -11 11 -13 -14 -15
leaf_value=-0.0011331829494596758 -0.00050375179359482298 0.0046115836945962501 -5.1095883535936042e-05 -4.6593345774125448e-06 0.00016519281749534013 0.0024719833869555029 -0.00072705356043608433 -0.00078693435896804462 -0.002317224435711189 -0.00035433495804519882 0.0023347683755566471 0.00046335164312496483 0.0024994047359130894 0.0021839879966966771
leaf_weight=89148 7486 3498 21612 82076 272195 19712 91729 48861 3135 17192 29090 14845 13522 2912
leaf_count=89148 7486 3498 21612 82076 272195 19712 91729 48861 3135 17192 29090 14845 13522 2912
internal_value=2.88636e-12 0.00112417 -0.000125702 -0.000446317 6.39021e-05 0.00115244 -5.97027e-05 -3.94708e-05 0.000319837 0.000946381 0.00138126 0.00170244 0.00168083 -0.000149616
internal_weight=717013 72111 644902 239654 405248 41324 363924 150506 101645 68613 51421 43935 19569 6047
internal_count=717013 72111 644902 239654 405248 41324 363924 150506 101645 68613 51421 43935 19569 6047
is_linear=0
shrinkage=0.1


Tree=29
num_leaves=15
num_cat=0
split_feature=1 2 1 4 0 1 0 2 2 2 3 2 3 3
split_gain=8.97906 5.28337 4.33132 3.78611 3.15664 7.91275 3.97149 7.91228 5.22705 3.47851 4.64549 4.65293 3.637 3.24575
threshold=6.9500000000000011 6.5500000000000007 11.950000000000001 0.82085561497326209 0.055727554179566548 0.35000000000000003 0.20526315789473684 1.5500000000000003 0.8500000000000002 5.0500000000000007 -2.4499999999999997 0.65000000000000002 -5.4499999999999993 1.6500000000000001
decision_type=2 2 2 2 2 2 2 2 2 2 2 2 2 2
left_child=4 2 3 -2 9 -6 7 13 -8 10 -1 -12 -11 -7
right_child=1 -3 -4 -5 5 6 8 -9 -10 12 11 -13 -14 -15
leaf_value=-0.0027212100638293532 0.0018238594962337259 -0.0011438207072831459 0.0058678570480256119 0.00012499292405794717 0.0021089250414952202 -0.00079637340179129063 0.00026724742187502799 0.00064075702383202039 -0.00042031598323408577 -0.0011710103258545548 -0.0010938300552496938 0.0010070060962724745 0.0037336931133557976 -0.0023476479567045346
leaf_weight=12046 39067 9318 2107 19750 16674 33564 296343 27903 176376 2727 41005 14191 3393 22549
leaf_count=12046 39067 9318 2107 19750 16674 33564 296343 27903 176376 2727 41005 14191 3393 22549
internal_value=4.89291e-12 0.00107381 0.00141299 0.0012534 -0.000116621 -3.75998e-05 -0.000101887 -0.000735426 1.07109e-05 -0.000734259 -0.000941997 -0.000553701 0.00154821 -0.00141975
internal_weight=717013 70242 60924 58817 646771 573409 556735 84016 472719 73362 67242 55196 6120 56113
internal_count=717013 70242 60924 58817 646771 573409 556735 84016 472719 73362 67242 55196 6120 56113
is_linear=0
shrinkage=0.1


Tree=30
num_leaves=15
num_cat=0
split_feature=0 4 1 0 4 4 1 2 0 2 1 1 0 4
split_gain=7.44226 3.45085 2.96785 2.74795 5.80725 4.4071 4.99578 4.26404 4.02076 4.83263 3.93411 3.43965 2.79053 2.72678
threshold=0.95095693779904311 0.80625000000000013 9.9500000000000011 0.53589743589743599 0.12916666666666668 0.42481203007518803 4.4500000000000011 -2.5499999999999994 0.12916666666666668 7.1500000000000012 1.8500000000000003 3.4500000000000006 0.21240601503759401 0.82085561497326209
decision_type=2 2 2 2 2 2 2 2 2 2 2 2 2 2
left_child=3 2 -2 5 11 -1 8 -6 9 -7 12 -5 -10 -14
right_child=1 -3 -4 4 7 6 -8 -9 10 -11 -12 -13 13 -15
leaf_value=-0.00062926997670001135 0.0013001447224498563 0.00015333718246854353 0.0043557087430435284 -0.00026174540152387152 0.00082146333201124503 -0.00057600916212328913 -0.0024615863276846641 -0.0002630225728336977 0.00035571520917753927 0.0033382452679625186 -1.2207968002366562e-05 0.0018802166348352912 0.0011453188484005312 0.0032178520408049395
leaf_weight=185429 38236 30408 3467 10348 45073 71850 7578 185329 22227 3299 58343 27212 18568 9646
leaf_count=185429 38236 30408 3467 10348 45073 71850 7578 185329 22227 3299 58343 27212 18568 9646
internal_value=-6.05411e-12 0.000963463 0.00155417 -0.000107731 0.000137094 -0.000281775 5.46842e-05 -5.08672e-05 0.000158354 -0.000404176 0.000546955 0.00129009 0.00119371 0.00185389
internal_weight=717013 72111 41703 644902 267962 376940 191511 230402 183933 75149 108784 37560 50441 28214
internal_count=717013 72111 41703 644902 267962 376940 191511 230402 183933 75149 108784 37560 50441 28214
is_linear=0
shrinkage=0.1


Tree=31
num_leaves=15
num_cat=0
split_feature=1 4 2 4 0 4 0 1 2 2 1 2 2 2
split_gain=6.673 8.09396 6.12815 3.65901 3.43233 3.36237 2.99397 4.50251 4.13252 2.756 2.58901 2.32984 1.89522 1.88522
threshold=5.0500000000000007 0.26491228070175443 0.55000000000000016 0.82843137254901966 0.61721611721611735 0.6858552631578948 0.12916666666666668 3.5500000000000003 6.7500000000000009 5.1500000000000012 8.9500000000000011 -6.0499999999999989 -5.4499999999999993 13.750000000000002
decision_type=2 2 2 2 2 2 2 2 2 2 2 2 2 2
left_child=3 9 10 -1 -4 13 8 -8 -5 12 11 -3 -2 -6
right_child=1 2 4 6 5 -7 7 -9 -10 -11 -12 -13 -14 -15
leaf_value=-0.00029961548117062698 0.0057412591809163083 0.0025700899117238772 -0.0021620743183407881 -0.00079243834316342911 0.00072440486539483945 -0.00079289361019494419 0.0013240740839618893 -0.00033402248205418553 0.0045294335598220761 -8.4965142934031416e-05 0.0030483231566771803 0.00051643187388534259 0.0021209567384745283 -0.0062301196701105548
leaf_weight=439250 1528 6120 9767 26536 29539 36995 44998 25748 1544 5750 5151 56745 26947 395
leaf_count=439250 1528 6120 9767 26536 29539 36995 44998 25748 1544 5750 5151 56745 26947 395
internal_value=6.75911e-13 0.000529016 0.000201939 -0.000175924 -0.000410879 -0.000155326 0.000373845 0.00072061 -0.000499811 0.00191198 0.000892963 0.000716358 0.00231523 0.000632635
internal_weight=717013 178937 144712 538076 76696 66929 98826 70746 28080 34225 68016 62865 28475 29934
internal_count=717013 178937 144712 538076 76696 66929 98826 70746 28080 34225 68016 62865 28475 29934
is_linear=0
shrinkage=0.1


Tree=32
num_leaves=15
num_cat=0
split_feature=1 2 1 2 4 0 1 0 3 4 1 1 2 1
split_gain=5.94115 3.78292 3.37177 2.57618 2.56148 1.91214 6.68046 2.7401 5.73446 4.01984 4.38408 4.35015 4.20937 3.103
threshold=6.9500000000000011 6.4500000000000011 11.950000000000001 -0.94999999999999984 0.82085561497326209 0.055727554179566548 0.35000000000000003 0.26491228070175438 0.55000000000000016 0.07417582417582419 1.0500000000000003 3.3500000000000001 2.2500000000000004 1.0500000000000003
decision_type=2 2 2 2 2 2 2 2 2 2 2 2 2 2
left_child=5 2 3 -2 -5 -1 -7 8 13 11 -11 -9 -12 -8
right_child=1 -3 -4 4 -6 6 7 9 -10 10 12 -13 -14 -15
leaf_value=-0.0005755704443104919 0.002154522983842058 -0.00098004431287147852 0.0051108748374677285 0.0011628085800247229 -0.00047682353459334618 0.0019389502571186025 0.00087470604413275295 1.1952624416786411e-05 -0.0013793444267295417 0.002810742429397228 5.3237428466788388e-05 0.001931807572768761 -0.00074180202916762856 -0.00048947644617033101
leaf_weight=73362 14987 9519 2090 29594 14052 16674 27632 25805 46836 5165 302074 21750 85428 42045
leaf_count=73362 14987 9519 2090 29594 14052 16674 27632 25805 46836 5165 302074 21750 85428 42045
internal_value=-8.7512e-12 0.000873471 0.00116403 0.00102334 0.000634923 -9.48626e-05 -3.33608e-05 -9.24307e-05 -0.000523659 2.1702e-05 -8.34588e-05 0.000890027 -0.000122036 5.15212e-05
internal_weight=717013 70242 60723 58633 43646 646771 573409 556735 116513 440222 392667 47555 387502 69677
internal_count=717013 70242 60723 58633 43646 646771 573409 556735 116513 440222 392667 47555 387502 69677
is_linear=0
shrinkage=0.1


Tree=33
num_leaves=15
num_cat=0
split_feature=1 2 1 2 0 3 2 2 2 0 4 1 4 1
split_gain=5.05459 3.12226 2.06766 1.9764 1.97574 6.59787 4.62664 3.8368 2.89893 2.71351 2.55839 3.83302 2.26744 2.87414
threshold=7.7500000000000009 -0.94999999999999984 13.250000000000002 6.2500000000000009 0.43303571428571436 3.0500000000000003 -4.2499999999999991 5.2500000000000009 5.2500000000000009 0.17156862745098042 0.12916666666666668 4.0500000000000007 0.36602870813397131 3.4500000000000006
decision_type=2 2 2 2 2 2 2 2 2 2 2 2 2 2
left_child=4 -2 3 -3 6 7 -1 10 12 -10 11 -6 -8 -14
right_child=1 2 -4 -5 5 -7 8 -9 9 -11 -12 -13 13 -15
leaf_value=-0.0013256857895935881 0.0027756067654555495 0.0008456778318626355 0.0042646784562151881 -0.0010545601322538055 -0.00018790996155376141 0.0010139257873259969 -0.00055979010481487109 -0.0013163907965619858 0.0019710371541529418 -7.7747915896061331e-05 -0.00013031090645468832 0.0017509811739659844 0.0001444702107314641 -0.0019080225814681784
leaf_weight=35514 8344 27871 1500 6811 21568 63868 109698 24108 12287 13642 227526 19338 137760 7178
leaf_count=35514 8344 27871 1500 6811 21568 63868 109698 24108 12287 13642 227526 19338 137760 7178
internal_value=4.35868e-13 0.00103185 0.000629714 0.000472501 -6.83195e-05 9.30966e-05 -0.000250331 -0.000107941 -0.000114212 0.000893112 5.90513e-07 0.000728686 -0.000216786 4.28213e-05
internal_weight=717013 44526 36182 34682 672487 356408 316079 292540 280565 25929 268432 40906 254636 144938
internal_count=717013 44526 36182 34682 672487 356408 316079 292540 280565 25929 268432 40906 254636 144938
is_linear=0
shrinkage=0.1


Tree=34
num_leaves=15
num_cat=0
split_feature=0 1 3 1 4 3 2 1 0 2 1 4 4 1
split_gain=4.38954 2.719 2.77288 2.10571 2.20039 1.58527 1.53814 1.85176 1.50646 6.11278 4.40886 3.19697 2.70574 5.34803
threshold=0.95095693779904311 14.050000000000002 2.4500000000000006 4.0500000000000007 0.75735294117647067 -5.7499999999999991 2.9500000000000006 8.5500000000000025 0.20526315789473684 1.3500000000000003 1.1500000000000001 0.24264705882352944 0.069047619047619066 2.0500000000000003
decision_type=2 2 2 2 2 2 2 2 2 2 2 2 2 2
left_child=8 2 3 -2 6 -6 7 -5 9 -1 11 -10 13 -12
right_child=1 -3 -4 4 5 -7 -8 -9 10 -11 12 -13 -14 -15
leaf_value=-0.00075777362216449136 -0.0014961521237910316 0.0078290874809867871 0.0018256476969619147 0.0011884440388370398 -0.0030995827647302713 8.8562171437938834e-05 -0.00016411833246124776 0.0037614303040826589 -0.00096745610532996632 0.00050126336542914674 -0.0011261600879868018 0.0024823625197521373 -0.00013184208795743828 0.0012398364296882347
leaf_weight=114900 5574 537 16461 15927 1677 22289 6253 3393 3490 58042 12775 11664 406145 37886
leaf_count=114900 5574 537 16461 15927 1677 22289 6253 3393 3490 58042 12775 11664 406145 37886
internal_value=3.83133e-12 0.000739932 0.000686744 0.00034658 0.000553919 -0.000134525 0.0011991 0.00164031 -8.2737e-05 -0.000335221 9.78176e-06 0.00168786 -4.58866e-05 0.000643212
internal_weight=717013 72111 71574 55113 49539 23966 25573 19320 644902 172942 471960 15154 456806 50661
internal_count=717013 72111 71574 55113 49539 23966 25573 19320 644902 172942 471960 15154 456806 50661
is_linear=0
shrinkage=0.1


Tree=35
num_leaves=15
num_cat=0
split_feature=1 3 1 4 0 1 3 2 2 3 2 0 3 1
split_gain=3.71852 2.55129 1.73081 1.59682 1.40142 5.43948 2.55127 4.05881 3.09406 2.81374 3.6425 2.23723 4.69803 3.23453
threshold=7.7500000000000009 0.25000000000000006 11.65 0.22649572649572652 0.055727554179566548 0.35000000000000003 -6.1499999999999995 5.0500000000000007 12.050000000000002 -2.0499999999999994 0.65000000000000002 0.20526315789473684 -1.2499999999999998 1.0500000000000003
decision_type=2 2 2 2 2 2 2 2 2 2 2 2 2 2
left_child=4 2 -2 -3 6 -6 8 9 -1 -8 -11 12 -7 -13
right_child=1 3 -4 -5 5 11 7 -9 -10 10 -12 13 -14 -15
leaf_value=-0.0044145584783874302 0.00017899259185736872 0.0052315907989792833 0.0025458175256953338 0.0017059060777561627 0.0017727763600246462 0.00042710289340397293 -0.0018139537281112632 0.0027667850007541185 0.0050423156762424912 -0.00066613846995321256 0.0012849597547494374 0.0017587431121809352 -0.0011162664150230954 -1.5923592494723084e-05
leaf_weight=2787 29223 1466 3455 10382 16674 31599 13594 3954 395 40061 12571 10491 52479 487882
leaf_count=2787 29223 1466 3455 10382 16674 31599 13594 3954 395 40061 12571 10491 52479 487882
internal_value=-2.74772e-12 0.000885027 0.000429234 0.00214215 -5.85985e-05 -8.08364e-06 -0.000471138 -0.000345568 -0.00324062 -0.00053139 -0.000200124 -5.90649e-05 -0.000536223 2.1434e-05
internal_weight=717013 44526 32678 11848 672487 599125 73362 70180 3182 66226 52632 582451 84078 498373
internal_count=717013 44526 32678 11848 672487 599125 73362 70180 3182 66226 52632 582451 84078 498373
is_linear=0
shrinkage=0.1


Tree=36
num_leaves=15
num_cat=0
split_feature=1 4 2 4 0 0 4 0 3 3 0 4 1 0
split_gain=3.28953 5.84837 3.70292 2.84857 2.26471 2.102 1.97545 1.91559 2.74488 2.71619 2.17562 2.90056 2.29411 1.86291
threshold=5.0500000000000007 0.34313725490196084 0.55000000000000016 0.54195804195804198 0.61721611721611735 0.68990384615384626 0.78174603174603186 0.77097902097902116 6.3500000000000005 -2.7499999999999996 0.0930735930735931 0.8973684210526317 3.0500000000000003 0.30384615384615393
decision_type=2 2 2 2 2 2 2 2 2 2 2 2 2 2
left_child=3 5 -3 -1 -4 -2 -6 8 10 -9 -5 12 -12 -14
right_child=1 2 4 7 6 -7 -8 9 -10 -11 11 -13 13 -15
leaf_value=-0.00032348729157722191 0.00038941068633152913 0.00059146099695147464 -0.0020384773570282328 -0.00028911958483816071 0.00024231517083300603 0.0018246268709007794 -0.00089547943682004012 -0.002757084064104306 -0.0015620328977821272 -0.00019040368603116158 0.00059098902137190478 0.001291965757539911 -0.0033080320664480296 -0.00021087948725711809
leaf_weight=306537 15324 63075 8090 42056 34608 30546 27294 4726 7875 32316 71860 36989 2061 33656
leaf_count=306537 15324 63075 8090 42056 34608 30546 27294 4726 7875 32316 71860 36989 2061 33656
internal_value=-3.70945e-12 0.000371429 3.57711e-05 -0.000123518 -0.000465002 0.00134516 -0.000259364 0.000141222 0.000266747 -0.000517873 0.000343917 0.000528076 0.000265422 -0.000389596
internal_weight=717013 178937 133067 538076 69992 45870 61902 231539 194497 37042 186622 144566 107577 35717
internal_count=717013 178937 133067 538076 69992 45870 61902 231539 194497 37042 186622 144566 107577 35717
is_linear=0
shrinkage=0.1


Tree=37
num_leaves=15
num_cat=0
split_feature=0 3 1 1 4 3 3 2 1 1 4 0 2 2
split_gain=3.07336 2.15296 2.19658 1.79692 2.27115 1.95848 1.11265 1.03268 1.01951 1.01908 1.1487 1.00743 3.40207 3.10756
threshold=0.95095693779904311 4.0500000000000007 14.050000000000002 5.2500000000000009 0.07417582417582419 -3.9499999999999997 3.8500000000000001 -4.2499999999999991 8.9500000000000011 3.6500000000000008 0.90238095238095251 0.36038961038961048 7.5500000000000007 7.2500000000000009
decision_type=2 2 2 2 2 2 2 2 2 2 2 2 2 2
left_child=11 2 3 7 -5 -6 8 -2 -7 -3 -11 12 -1 -13
right_child=1 9 -4 4 5 6 -8 -9 -10 10 -12 13 -14 -15
leaf_value=-0.00029022696571151828 0.0021392740357194092 -0.00074875127580470858 0.0068554475196592876 0.004120095267781127 -0.00098105418611670373 0.00065361854136246865 -0.0039988819515465908 -0.00071530550471367174 0.0020290979414727419 0.0032727995422676738 0.00062032891967253481 9.5325897135687055e-05 0.0015900418632331934 -0.001318774019860361
leaf_weight=254482 1374 1118 525 1857 7011 29030 468 16321 6617 5461 2329 364186 10001 16233
leaf_count=254482 1374 1118 525 1857 7011 29030 468 16321 6617 5461 2329 364186 10001 16233
internal_value=-4.39493e-12 0.00061914 0.000414006 0.000360052 0.000695873 0.000548426 0.000845344 -0.00049365 0.000908943 0.00207458 0.00247978 -6.92304e-05 -0.000219128 3.49843e-05
internal_weight=717013 72111 63203 62678 44983 43126 36115 17695 35647 8908 7790 644902 264483 380419
internal_count=717013 72111 63203 62678 44983 43126 36115 17695 35647 8908 7790 644902 264483 380419
is_linear=0
shrinkage=0.1


Tree=38
num_leaves=15
num_cat=0
split_feature=1 2 4 2 0 2 4 1 3 1 4 1 1 4
split_gain=2.72819 1.52605 1.5854 1.59619 1.45527 2.01911 1.58508 1.38861 1.47037 1.08927 0.989131 5.9848 1.67889 1.58787
threshold=9.9500000000000011 11.450000000000001 0.80625000000000013 -0.94999999999999984 0.95095693779904311 -4.2499999999999991 0.44097222222222227 3.0500000000000003 1.6500000000000001 6.1500000000000012 0.07417582417582419 1.9500000000000002 1.1500000000000001 0.54195804195804198
decision_type=2 2 2 2 2 2 2 2 2 2 2 2 2 2
left_child=4 2 -2 -4 10 -6 7 -7 -9 -8 11 12 -1 -12
right_child=1 -3 3 -5 5 6 9 8 -10 -11 13 -13 -14 -15
leaf_value=-5.7952181522435988e-05 0.0027791905135955749 -0.0026122698297086941 0.0051534038108651016 -0.00055396629160539904 0.0018431472934298623 -0.0032861698880538425 -0.00061568755149486449 0.00080546381880435523 0.0033588003492604221 0.00038461647414489891 -0.0002818303299558278 0.0010586308441584327 -0.0015659783675288253 5.2412050401064858e-05
leaf_weight=14888 6736 828 572 3419 8681 673 20631 10170 2898 23047 284840 41294 14644 283692
leaf_count=14888 6736 828 572 3419 8681 673 20631 10170 2898 23047 284840 41294 14644 283692
internal_value=1.23703e-12 0.00152414 0.00184342 0.000264028 -2.49645e-05 0.000421727 0.000206827 0.00114357 0.0013717 -8.78702e-05 -7.11457e-05 0.000281254 -0.000805735 -0.000115047
internal_weight=717013 11555 10727 3991 705458 66100 57419 13741 13068 43678 639358 70826 29532 568532
internal_count=717013 11555 10727 3991 705458 66100 57419 13741 13068 43678 639358 70826 29532 568532
is_linear=0
shrinkage=0.1


Tree=39
num_leaves=15
num_cat=0
split_feature=1 2 1 1 2 4 0 4 4 3 2 1 0 2
split_gain=2.20983 1.32956 1.2464 1.21186 6.18845 4.57479 3.56791 3.34136 2.31499 2.30867 1.95347 1.91543 2.87034 2.65173
threshold=9.9500000000000011 6.6500000000000012 14.050000000000002 4.0500000000000007 -4.2499999999999991 0.14835164835164838 0.54195804195804198 0.57518796992481214 0.67424242424242431 6.3500000000000005 6.3500000000000005 1.0500000000000003 0.055727554179566548 -0.14999999999999999
decision_type=2 2 2 2 2 2 2 2 2 2 2 2 2 2
left_child=3 2 -2 7 -5 -6 -7 11 10 -9 -8 12 -1 -14
right_child=1 -3 -4 4 5 6 8 9 -10 -11 -12 -13 13 -15
leaf_value=-0.00045578795548842951 0.0016923832505607072 -0.00049255302891080296 0.0068306706974491068 0.0016705503701580065 0.0011139135486617311 -0.0014442177664190951 0.00044143136218570693 0.00030581465898330885 -0.00041679407149886841 -0.0014856438362427556 -0.0013150302744184314 -0.00049201579763802166 -0.00011598123078438521 0.001640156090437436
leaf_weight=42571 8180 2874 501 24293 31316 20262 83854 164312 85342 7523 6849 204738 16995 17403
leaf_count=42571 8180 2874 501 24293 31316 20262 83854 164312 85342 7523 6849 204738 16995 17403
internal_value=-1.17174e-12 0.00137172 0.00198893 -2.2468e-05 0.000153394 -8.52427e-06 -0.000187582 -0.000120149 -4.29487e-05 0.000227384 0.000308801 -0.000332136 9.31438e-05 0.000772502
internal_weight=717013 11555 8681 705458 251916 227623 196307 453542 176045 171835 90703 281707 76969 34398
internal_count=717013 11555 8681 705458 251916 227623 196307 453542 176045 171835 90703 281707 76969 34398
is_linear=0
shrinkage=0.1


Tree=40
num_leaves=15
num_cat=0
split_feature=1 4 2 2 4 0 0 1 1 1 2 4 1 0
split_gain=1.86812 1.78185 2.38401 1.20601 1.29633 1.24379 1.07882 0.967822 0.937926 0.929392 0.955589 0.843213 4.74302 1.28501
threshold=6.9500000000000011 0.37980769230769235 8.9500000000000011 -3.4499999999999997 0.90238095238095251 0.81534090909090928 0.36038961038961048 9.9500000000000011 13.550000000000002 11.65 2.5500000000000003 0.07417582417582419 1.9500000000000002 0.080128205128205135
decision_type=2 2 2 2 2 2 2 2 2 2 2 2 2 2
left_child=11 6 3 -3 5 -5 -2 -7 -6 10 -8 12 13 -1
right_child=1 2 -4 4 8 7 9 -9 -10 -11 -12 -13 -14 -15
leaf_value=0.00022754535174516048 -0.004112785427769737 0.001898683698462033 -0.0025171717511993739 -0.00053483357158803479 -0.0007238607670501595 0.00062078524315274739 0.0019919566343014985 0.0022865685872518085 0.0060930963699910336 0.0044585685453867978 0.000400265207829925 -9.3422144517725004e-05 0.00095627873974510216 -0.0011672785750340572
leaf_weight=9953 349 4689 3029 7921 13055 20357 8858 4209 205 1001 6569 575353 41830 19635
leaf_count=9953 349 4689 3029 7921 13055 20357 8858 4209 205 1001 6569 575353 41830 19635
internal_value=6.10623e-12 0.000489797 0.000207661 0.000371304 0.00021475 0.00055484 0.00138891 0.000906191 -0.00061847 0.00150579 0.0013142 -5.3194e-05 0.000270889 -0.000698079
internal_weight=717013 70242 53465 50436 45747 32487 16777 24566 13260 16428 15427 646771 71418 29588
internal_count=717013 70242 53465 50436 45747 32487 16777 24566 13260 16428 15427 646771 71418 29588
is_linear=0
shrinkage=0.1


Tree=41
num_leaves=15
num_cat=0
split_feature=0 3 1 4 1 3 1 2 4 1 1 4 1 0
split_gain=1.65158 1.44658 1.36382 1.3307 1.16888 1.21304 0.925863 0.791148 0.773202 0.768719 0.713663 0.700692 2.65637 3.89253
threshold=0.95095693779904311 4.8500000000000005 14.050000000000002 0.80625000000000013 2.9500000000000006 -2.4499999999999997 3.6500000000000008 8.2500000000000018 0.13961038961038963 5.0500000000000007 2.5500000000000003 0.95095693779904311 4.4500000000000011 0.17914438502673805
decision_type=2 2 2 2 2 2 2 2 2 2 2 2 2 2
left_child=11 2 3 4 -2 -6 -3 9 -7 10 -5 -1 13 -13
right_child=1 6 -4 7 5 8 -8 -9 -10 -11 -12 12 -14 -15
leaf_value=-8.3046196388929672e-05 -0.0024774914135623233 -0.0011762095404538259 0.0053714380804220458 0.0040975510575412674 -0.00021306788968487894 0.0024634971716285571 0.0023654442528000439 -0.0035287001797082163 0.00088873571740542313 0.00012006299428739828 -0.0013918877888922485 -0.00043905892124779949 -0.00085147812409992404 0.0015247875157772622
leaf_weight=588416 1153 852 529 247 9551 3594 5523 720 23537 20653 5752 17413 15064 24009
leaf_count=588416 1153 852 529 247 9551 3594 5523 720 23537 20653 5752 17413 15064 24009
internal_value=-2.81531e-12 0.000453871 0.000314392 0.000273366 0.000657603 0.000756147 0.00189211 -0.000257747 0.00109734 -0.000169383 -0.00116587 -5.07505e-05 0.000285675 0.000699225
internal_weight=717013 72111 65736 65207 37835 36682 6375 27372 27131 26652 5999 644902 56486 41422
internal_count=717013 72111 65736 65207 37835 36682 6375 27372 27131 26652 5999 644902 56486 41422
is_linear=0
shrinkage=0.1


Tree=42
num_leaves=15
num_cat=0
split_feature=1 2 4 2 4 1 1 3 1 2 0 3 2 0
split_gain=1.48625 1.47932 1.02995 1.00636 0.827791 4.1796 1.24935 1.07751 1.06198 3.46192 3.10285 3.54877 3.51006 2.3688
threshold=7.7500000000000009 -0.94999999999999984 0.40588235294117653 6.1500000000000012 0.069047619047619066 1.9500000000000002 5.2500000000000009 9.9500000000000011 1.4500000000000002 -2.5499999999999994 0.36038961038961048 -3.4499999999999997 7.2500000000000009 0.055727554179566548
decision_type=2 2 2 2 2 2 2 2 2 2 2 2 2 2
left_child=4 -2 -3 -4 5 -1 7 -7 9 -6 11 -10 -12 -11
right_child=1 2 3 -5 8 6 -8 -9 10 13 12 -13 -14 -15
leaf_value=-0.00063271127339752423 0.0017598054704972771 0.0011737531976489845 0.0002741140546242345 -0.0012522832353011799 -0.00074651565226538938 0.00063689078694884028 0.0021649086004558913 0.0073738841782226604 0.00062112010019924882 -0.0001527401467879459 2.3402937031493255e-05 -0.0010813347467030238 -0.0017039585263917305 0.00073108792965886037
leaf_weight=29435 8344 9549 21209 5424 34387 35554 6752 239 15344 49899 350797 60606 12172 77302
leaf_count=29435 8344 9549 21209 5424 34387 35554 6752 239 15344 49899 350797 60606 12172 77302
internal_value=2.28568e-12 0.000559522 0.000282723 -3.67476e-05 -3.70465e-05 0.000283412 0.000917237 0.000681876 -7.54583e-05 0.000143715 -0.000156147 -0.000737392 -3.45233e-05 0.000384376
internal_weight=717013 44526 36182 26633 672487 71980 42545 35793 600507 161588 438919 75950 362969 127201
internal_count=717013 44526 36182 26633 672487 71980 42545 35793 600507 161588 438919 75950 362969 127201
is_linear=0
shrinkage=0.1


Tree=43
num_leaves=15
num_cat=0
split_feature=1 4 0 0 2 2 1 1 2 3 2 0 1 2
split_gain=1.34547 0.908998 0.859001 0.851063 4.16899 2.79144 2.44935 2.32097 1.50021 1.336 2.38271 2.51874 1.9806 1.92161
threshold=10.850000000000003 0.45804195804195807 0.76696832579185525 0.20526315789473684 2.9500000000000006 0.45000000000000007 1.1500000000000001 1.6500000000000001 -4.9499999999999993 -5.6499999999999995 11.450000000000001 0.0930735930735931 1.5500000000000003 6.4500000000000011
decision_type=2 2 2 2 2 2 2 2 2 2 2 2 2 2
left_child=3 -2 -3 4 7 -5 -7 8 -1 10 11 -6 13 -11
right_child=1 2 -4 5 9 6 -8 -9 -10 12 -12 -13 -14 -15
leaf_value=-0.0012716260882010633 0.0031713237948554963 -0.0035339457354604401 0.0010874473849874279 0.00025471369020684448 -0.0026844294140785365 0.0019830456221996574 -0.0002498162823002887 -0.0017482582414410617 -0.00019412984360401024 0.0011576687602567509 0.0037990782835816105 0.0010375461118488454 -0.0006634571642347392 0.0037270430718986123
leaf_weight=14593 2048 446 4096 296023 3920 5017 236468 12446 112829 16249 1230 3391 4711 3546
leaf_count=14593 2048 446 4096 296023 3920 5017 236468 12446 112829 16249 1230 3391 4711 3546
internal_value=2.29969e-12 0.00142229 0.000633651 -1.31934e-05 -0.000206167 4.88858e-05 -0.000203427 -0.000444842 -0.00031753 0.000803998 -0.00027301 -0.000958097 0.00117936 0.00161794
internal_weight=717013 6590 4542 710423 172915 537508 241485 139868 127422 33047 8541 7311 24506 19795
internal_count=717013 6590 4542 710423 172915 537508 241485 139868 127422 33047 8541 7311 24506 19795
is_linear=0
shrinkage=0.1


Tree=44
num_leaves=15
num_cat=0
split_feature=1 4 0 2 2 4 1 0 2 1 4 1 0 1
split_gain=1.17834 2.79277 2.43345 1.66517 1.28611 1.26794 1.55226 3.86173 2.35516 1.91378 1.22492 1.15756 1.79444 1.14624
threshold=5.6500000000000012 0.78174603174603186 0.59545454545454557 12.65 -3.0499999999999994 0.82843137254901966 3.5500000000000003 0.17914438502673805 1.1500000000000001 1.7500000000000002 0.31414473684210531 0.25000000000000006 0.055727554179566548 9.9500000000000011
decision_type=2 2 2 2 2 2 2 2 2 2 2 2 2 2
left_child=5 2 10 4 -4 -1 7 8 11 -9 -2 12 -7 -6
right_child=1 -3 3 -5 13 6 -8 9 -10 -11 -12 -13 -14 -15
leaf_value=-0.00013306946318738708 0.00015822897089265805 -0.00035745854525118774 0.0019318344730652227 -0.0032909482419638085 0.00055232960703364476 -0.00085888164015095008 -0.00029276988943275836 0.0022548369345608394 0.00080904148626058489 0.00072774869720617578 -0.0021459320283331016 -0.0017345606493365075 0.0021577151010358053 0.0020052140467929354
leaf_weight=471877 4835 47161 9244 996 63610 9907 35920 11906 13021 26412 4413 9312 2462 5937
leaf_count=471877 4835 47161 9244 996 63610 9907 35920 11906 13021 26412 4413 9312 2462 5937
internal_value=4.46607e-13 0.000264734 0.000594303 0.00077229 0.000823654 -6.20775e-05 0.000245426 0.000510176 -0.000254001 0.00120224 -0.00094128 -0.000892435 -0.00025844 0.000676358
internal_weight=717013 136196 89035 79787 78791 580817 108940 73020 34702 38318 9248 21681 12369 69547
internal_count=717013 136196 89035 79787 78791 580817 108940 73020 34702 38318 9248 21681 12369 69547
is_linear=0
shrinkage=0.1


Tree=45
num_leaves=15
num_cat=0
split_feature=1 0 2 4 1 3 1 4 1 1 0 3 1 0
split_gain=1.0731 0.877404 1.2922 1.07386 1.36781 1.10989 0.979899 0.615345 3.13645 1.04633 1.4223 1.03066 0.995083 2.65347
threshold=13.350000000000003 0.95095693779904311 3.7500000000000004 0.91287878787878796 3.8500000000000001 4.3500000000000005 9.3500000000000032 0.069047619047619066 1.9500000000000002 1.1500000000000001 0.26969696969696971 9.7500000000000018 1.4500000000000002 0.10263157894736842
decision_type=2 2 2 2 2 2 2 2 2 2 2 2 2 2
left_child=1 7 3 4 -3 6 -6 8 9 -1 -11 -10 13 -9
right_child=-2 2 -4 -5 5 -7 -8 12 11 10 -12 -13 -14 -15
leaf_value=3.9615393759202144e-05 0.0026630143507419229 -0.00082209838452646292 -0.00077626247942061551 -0.00021997972755823274 0.0005661955488336102 0.0023664472932576034 0.0023017773635121428 -0.00023890392531225875 0.00076183552933586625 -0.0023271339200662306 -0.00032119472624121627 0.0070539955969300934 -0.00015912011430339385 0.00057451700892620112
leaf_weight=14821 1510 5031 9238 15815 32900 4726 3610 87554 40710 6044 8514 262 412280 73998
leaf_count=14821 1510 5031 9238 15815 32900 4726 3610 87554 40710 6044 8514 262 412280 73998
internal_value=-1.98479e-12 -5.62004e-06 0.000327187 0.000491384 0.000734543 0.000924461 0.000737805 -4.24664e-05 0.000236667 -0.000551847 -0.00115399 0.000802071 -7.66878e-05 0.000133679
internal_weight=717013 715503 71320 62082 46267 41236 36510 644183 70351 29379 14558 40972 573832 161552
internal_count=717013 715503 71320 62082 46267 41236 36510 644183 70351 29379 14558 40972 573832 161552
is_linear=0
shrinkage=0.1


Tree=46
num_leaves=15
num_cat=0
split_feature=1 4 0 2 2 4 0 3 3 0 0 4 2 1
split_gain=0.903535 2.96807 1.87542 1.65622 1.5995 1.48426 1.49321 1.9587 1.71281 1.62538 1.42842 2.34543 2.12382 1.95078
threshold=5.0500000000000007 0.34313725490196084 0.59545454545454557 -5.4499999999999993 8.2500000000000018 0.54195804195804198 0.77097902097902116 -2.7499999999999996 6.5500000000000007 0.63961038961038974 0.12916666666666668 0.88562091503267981 7.1500000000000012 0.25000000000000006
decision_type=2 2 2 2 2 2 2 2 2 2 2 2 2 2
left_child=5 3 -3 -2 -4 -1 8 -8 10 -10 12 -12 13 -7
right_child=1 2 4 -5 -6 6 7 -9 9 -11 11 -13 -14 -15
leaf_value=-0.00020908048133644146 0.003637820229873294 -0.0014351764089607201 0.00013205893823690015 0.00075701703300422351 -0.0016585968932085382 0.0001980261603579304 -0.0023570560063635995 -0.00017746396627666523 -0.0018692467497790997 0.0025056487915346769 0.00021587712543113993 0.001169470127938018 0.0025914768129327637 -0.0010205529379554599
leaf_weight=306537 2091 9038 118822 43779 5207 36676 4726 32316 6240 983 91418 35930 2781 20469
leaf_count=306537 2091 9038 118822 43779 5207 36676 4726 32316 6240 983 91418 35930 2781 20469
internal_value=-9.90872e-15 0.000194662 -4.44583e-05 0.000888339 5.68834e-05 -6.47347e-05 0.000126366 -0.000455547 0.000237192 -0.00127385 0.000295471 0.000484924 -0.000107132 -0.000238462
internal_weight=717013 178937 133067 45870 124029 538076 231539 37042 194497 7223 187274 127348 59926 57145
internal_count=717013 178937 133067 45870 124029 538076 231539 37042 194497 7223 187274 127348 59926 57145
is_linear=0
shrinkage=0.1


Tree=47
num_leaves=15
num_cat=0
split_feature=1 0 4 1 3 4 0 1 2 3 3 1 2 0
split_gain=0.885685 0.710054 3.29741 3.50865 2.84845 1.5779 2.2726 1.97483 1.84494 1.49286 1.22094 1.21872 2.17803 1.68556
threshold=13.350000000000003 0.77097902097902116 0.63961038961038974 3.3500000000000001 -1.0499999999999998 0.86515151515151534 0.17914438502673805 3.5500000000000003 1.1500000000000001 -0.24999999999999997 5.5500000000000007 1.0500000000000003 -0.24999999999999997 0.17914438502673805
decision_type=2 2 2 2 2 2 2 2 2 2 2 2 2 2
left_child=1 5 3 -3 -5 11 8 -8 -7 -4 -6 12 13 -1
right_child=-2 2 9 4 10 6 7 -9 -10 -11 -12 -13 -14 -15
leaf_value=-0.00052478400913020195 0.0024193208932218185 -0.0014544148949144368 -0.00063717446667633083 9.4000746587132768e-05 0.001163286415089631 -0.00097403764712864535 0.0013220835839523699 -5.0230116429771848e-05 0.00068307980790801974 0.00014305384231086472 0.0029782739699511819 -0.00022705660598599769 0.00055972830476781169 0.0011116567655637525
leaf_weight=47660 1510 7440 46998 31934 41690 17381 28132 16718 10952 51281 4068 343068 60929 7252
leaf_count=47660 1510 7440 46998 31934 41690 17381 28132 16718 10952 51281 4068 343068 60929 7252
internal_value=6.14481e-12 -5.10574e-06 0.00016457 0.000620143 0.000818808 -6.35927e-05 0.000367633 0.000810549 -0.000333486 -0.000230059 0.00132464 -0.000132361 0.000148084 -0.000308666
internal_weight=717013 715503 183411 85132 77692 532092 73183 44850 28333 98279 45758 458909 115841 54912
internal_count=717013 715503 183411 85132 77692 532092 73183 44850 28333 98279 45758 458909 115841 54912
is_linear=0
shrinkage=0.1


Tree=48
num_leaves=15
num_cat=0
split_feature=1 3 2 4 4 1 0 3 3 4 0 1 3 1
split_gain=0.803475 1.00965 0.866556 0.754752 0.662381 2.55873 0.905124 0.889624 1.1213 0.751968 2.30026 2.73591 2.19806 2.09601
threshold=7.7500000000000009 0.25000000000000006 2.4500000000000006 0.22649572649572652 0.07417582417582419 1.9500000000000002 0.080128205128205135 1.8500000000000003 -6.4499999999999993 0.36602870813397131 0.63961038961038974 3.3500000000000001 2.5500000000000003 3.0500000000000003
decision_type=2 2 2 2 2 2 2 2 2 2 2 2 2 2
left_child=4 -2 3 -3 5 6 -1 8 -7 10 -6 -12 -13 -11
right_child=1 2 -4 -5 9 7 -8 -9 -10 13 11 12 -14 -15
leaf_value=0.00031864577449685835 0.0001246632569177056 0.003761693715649668 -0.0013476691691380249 0.0011772240649623213 -0.00042883377288330677 0.0029267713536761421 -0.00085198380698724228 0.001504560766613913 0.00033148166751802518 0.00024204760444794944 -0.0013458416968833709 0.00033192408548091118 0.0021732555050062337 -0.00021029138328474149
leaf_weight=9953 32678 1285 1198 9365 141900 1763 19635 11456 29876 203604 7780 32236 8115 206169
leaf_count=9953 32678 1285 1198 9365 141900 1763 19635 11456 29876 203604 7780 32236 8115 206169
internal_value=-2.1711e-12 0.000411394 0.00120223 0.00148906 -2.72388e-05 0.000257863 -0.0004582 0.000749495 0.000476097 -6.17868e-05 -0.000226207 0.000371179 0.000702235 1.44624e-05
internal_weight=717013 44526 11848 10650 672487 72683 29588 43095 31639 599804 190031 48131 40351 409773
internal_count=717013 44526 11848 10650 672487 72683 29588 43095 31639 599804 190031 48131 40351 409773
is_linear=0
shrinkage=0.1


Tree=49
num_leaves=15
num_cat=0
split_feature=1 0 2 2 1 3 2 0 3 1 3 3 1 3
split_gain=0.722598 0.582392 1.98664 1.75357 1.71215 1.70563 2.25745 2.0804 1.54435 1.55661 1.53984 1.51689 1.51518 1.25672
threshold=10.850000000000003 0.26491228070175438 7.4500000000000011 3.3500000000000001 1.6500000000000001 -5.6499999999999995 2.2500000000000004 0.055727554179566548 -5.6499999999999995 2.7500000000000004 -3.1499999999999999 -0.74999999999999989 0.65000000000000002 6.5500000000000007
decision_type=2 2 2 2 2 2 2 2 2 2 2 2 2 2
left_child=1 2 4 13 5 7 -7 -1 9 -5 -8 -4 -12 -3
right_child=-2 3 11 8 -6 6 10 -9 -10 -11 12 -13 -14 -15
leaf_value=-0.0038804231374490691 0.001042318713671262 9.3966945199035971e-05 0.001716731338748962 0.0025397607424228305 -0.00086105489177939706 -0.00019235842520422272 -0.00014309292162332618 2.0242427270823066e-05 -0.0006428246852779035 1.7021367429116272e-05 0.0021372970709247867 -0.0045798833060214676 0.00018531131963424137 0.00094348071893713336
leaf_weight=2580 6590 403665 7556 2785 33850 131535 10549 2909 59415 20087 10483 403 6407 18199
leaf_count=2580 6590 403665 7556 2785 33850 131535 10549 2909 59415 20087 10483 403 6407 18199
internal_value=3.70008e-12 -9.66872e-06 -0.000151219 4.8246e-05 -0.00021339 -8.00872e-05 -2.02472e-05 -0.00181319 -0.000374036 0.000324202 0.000804807 0.00139791 0.00139684 0.000130615
internal_weight=717013 710423 206272 504151 198313 164463 158974 5489 82287 22872 27439 7959 16890 421864
internal_count=717013 710423 206272 504151 198313 164463 158974 5489 82287 22872 27439 7959 16890 421864
is_linear=0
shrinkage=0.1


Tree=50
num_leaves=15
num_cat=0
split_feature=1 2 0 4 2 0 0 0 3 2 0 1 4 0
split_gain=0.641802 0.990053 1.22592 1.05512 0.813827 0.764974 0.631928 0.747687 0.6269 0.611385 0.572753 0.562314 0.541411 0.473456
threshold=6.9500000000000011 13.950000000000001 0.37171052631578955 0.82085561497326209 -4.0499999999999989 0.58114035087719318 0.95095693779904311 0.74342105263157909 -8.4499999999999975 -10.249999999999998 0.67424242424242431 9.9500000000000011 0.95095693779904311 0.57518796992481214
decision_type=2 2 2 2 2 2 2 2 2 2 2 2 2 2
left_child=-1 2 -2 9 -5 -3 7 10 -8 -4 12 13 -6 -11
right_child=1 5 3 4 6 -7 8 -9 -10 11 -12 -13 -14 -15
leaf_value=-3.1178857509865502e-05 -0.0040340575227485811 0.0022362743083459255 0.0059278005263084599 0.0018624799302987478 -0.0025136706726114587 -0.004710934096292258 -0.0050613312902666324 -0.0012764803989969815 0.00027245298123891945 -0.0010348994585353938 0.0038139474474642465 0.0014321734537027378 0.0028787005855625027 0.00054998155144343113
leaf_weight=646771 638 208 218 1782 483 666 225 8662 10679 1987 532 7180 303 36679
leaf_count=646771 638 208 218 1782 483 666 225 8662 10679 1987 532 7180 303 36679
internal_value=3.71292e-12 0.000287087 0.000329228 0.000369732 -0.000188831 -0.00305759 -0.000363866 -0.000938849 0.000162392 0.000644575 0.00128009 0.000619453 -0.000434932 0.000468536
internal_weight=717013 70242 69368 68730 22666 874 20884 9980 10904 46064 1318 45846 786 38666
internal_count=717013 70242 69368 68730 22666 874 20884 9980 10904 46064 1318 45846 786 38666
is_linear=0
shrinkage=0.1


Tree=51
num_leaves=15
num_cat=0
split_feature=1 4 1 3 2 3 2 3 2 4 0 1 3 1
split_gain=0.619363 0.602544 2.40045 1.08775 0.847874 0.667472 0.725371 0.554893 0.599749 0.529736 1.79573 2.19202 1.84168 1.25663
threshold=13.350000000000003 0.069047619047619066 3.1500000000000008 1.9500000000000002 2.2500000000000004 -6.0499999999999989 6.8500000000000005 7.1500000000000012 -10.249999999999998 0.54195804195804198 0.77097902097902116 3.2500000000000004 2.3500000000000001 1.0500000000000003
decision_type=2 2 2 2 2 2 2 2 2 2 2 2 2 2
left_child=1 2 7 5 -5 -4 -7 8 -1 10 13 -12 -13 -3
right_child=-2 9 3 4 -6 6 -8 -9 -10 -11 11 12 -14 -15
leaf_value=-0.0042869015626632416 0.0020231414458312612 0.00017028447469007358 0.002532864093412736 0.0019417716673082828 0.008557148766412866 0.00063136609740096334 -0.0021825148690870146 0.0016543018788215342 -0.00020558689199869182 5.1144816074627346e-05 -0.0018340798702211406 0.00025412597902484563 0.0017275106596417328 -0.00036679886982099447
leaf_weight=363 1510 56255 1746 6191 200 18442 964 1604 44389 336366 4135 41060 10693 193095
leaf_count=363 1510 56255 1746 6191 200 18442 964 1604 44389 336366 4135 41060 10693 193095
internal_value=-4.81704e-12 -4.26965e-06 0.000266128 0.00100552 0.00214879 0.000660084 0.000491586 -0.000173191 -0.000238692 -3.54136e-05 -0.000130799 0.000381527 0.000558551 -0.000245629
internal_weight=717013 715503 73899 27543 6391 21152 19406 46356 44752 641604 305238 55888 51753 249350
internal_count=717013 715503 73899 27543 6391 21152 19406 46356 44752 641604 305238 55888 51753 249350
is_linear=0
shrinkage=0.1


Tree=52
num_leaves=15
num_cat=0
split_feature=0 1 3 2 3 2 3 2 0 3 2 1 2 1
split_gain=0.507173 3.44649 2.34322 2.73231 2.51498 2.46624 1.68772 1.78158 1.2079 3.62616 1.96576 1.5444 1.51956 1.46983
threshold=0.055727554179566548 0.25000000000000006 -2.0499999999999994 8.8500000000000032 -7.8499999999999988 0.65000000000000002 -6.1499999999999995 4.2500000000000009 0.18465909090909097 1.6500000000000001 12.350000000000003 1.0500000000000003 0.45000000000000007 1.6500000000000001
decision_type=2 2 2 2 2 2 2 2 2 2 2 2 2 2
left_child=2 -2 3 6 -5 -4 -1 -8 9 10 13 -10 -13 -3
right_child=1 8 5 4 -6 -7 7 -9 11 -11 -12 12 -14 -15
leaf_value=-0.0040993218761784201 0.0014820922798303565 0.00025337574960885168 -0.00029864680327443011 -0.0020047934295115903 0.0062510346371978933 0.0012656223283577829 -0.0017399470297636546 0.00074934716908941611 0.0010522526386775592 -0.0015511786105953842 0.0058899705493046257 0.00016722713303715962 -0.00016896537544750732 -0.0010741549855020479
leaf_weight=2223 15906 40428 40061 623 905 13467 12334 3749 14708 19674 569 294446 247412 10508
leaf_count=2223 15906 40428 40061 623 905 13467 12334 3749 14708 19674 569 294446 247412 10508
internal_value=-3.86205e-13 2.83939e-05 -0.000249117 -0.00117756 0.00288495 9.49045e-05 -0.00151666 -0.00115968 -8.44039e-06 -0.000396328 4.48043e-05 4.11664e-05 1.37219e-05 -2.04913e-05
internal_weight=717013 643651 73362 19834 1528 53528 18306 16083 627745 71179 51505 556566 541858 50936
internal_count=717013 643651 73362 19834 1528 53528 18306 16083 627745 71179 51505 556566 541858 50936
is_linear=0
shrinkage=0.1


Tree=53
num_leaves=15
num_cat=0
split_feature=1 4 1 3 0 1 3 2 3 1 3 2 3 2
split_gain=0.50716 0.494964 1.99983 0.751334 0.736116 0.729562 0.700549 0.793887 0.634793 1.21176 0.538288 0.913583 0.630337 1.23116
threshold=13.350000000000003 0.069047619047619066 1.9500000000000002 9.9500000000000011 0.080128205128205135 5.2500000000000009 -7.3499999999999988 -0.74999999999999989 4.1500000000000012 1.4500000000000002 -3.3499999999999992 0.35000000000000003 0.55000000000000016 -1.0499999999999998
decision_type=2 2 2 2 2 2 2 2 2 2 2 2 2 2
left_child=1 2 4 5 10 6 -4 -8 -6 -10 -1 12 -12 -14
right_child=-2 -3 3 -5 8 -7 7 -9 9 -11 11 -13 13 -15
leaf_value=-0.0014120161977637679 0.0018307374178419692 -3.2090744142792233e-05 0.0034001868903208382 0.0060037448244233335 -0.00098219414850948253 0.0014565713138592997 0.00095561810590923568 -2.1155223774504162e-05 -0.0018779325491244986 0.0024261379701947488 -0.001609301073370087 0.0021223590654599459 -0.00029822494001829035 0.0041415190044614128
leaf_weight=1541 1510 641604 778 262 16843 8648 13786 20990 1106 1601 1866 2731 2955 792
leaf_count=1541 1510 641604 778 262 16843 8648 13786 20990 1106 1601 1866 2731 2955 792
internal_value=-3.25042e-12 -3.8636e-06 0.000241209 0.000664467 -0.000398156 0.000632819 0.000432453 0.00036606 -0.000753752 0.000667622 0.000305121 0.000622248 -0.00010763 0.0006402
internal_weight=717013 715503 73899 44464 29435 44202 35554 34776 19550 2707 9885 8344 5613 3747
internal_count=717013 715503 73899 44464 29435 44202 35554 34776 19550 2707 9885 8344 5613 3747
is_linear=0
shrinkage=0.1


Tree=54
num_leaves=15
num_cat=0
split_feature=1 2 2 0 4 3 3 1 0 1 4 4 2 0
split_gain=0.456633 1.06891 0.53914 0.533042 0.521047 0.599216 0.496215 0.544332 0.496127 0.467687 0.758242 0.448997 0.536259 0.474085
threshold=8.2500000000000018 2.3500000000000001 11.550000000000002 0.37171052631578955 0.91287878787878796 0.65000000000000002 -1.0000000180025095e-35 11.65 0.58957219251336912 8.8500000000000032 0.63961038961038974 0.57518796992481214 7.7500000000000009 0.91287878787878796
decision_type=2 2 2 2 2 2 2 2 2 2 2 2 2 2
left_child=-1 4 3 -3 8 -6 7 -5 -2 -8 -11 -9 13 -13
right_child=1 2 -4 6 5 -7 9 11 -10 10 -12 12 -14 -15
leaf_value=-1.7485593540761109e-05 -0.0034634165440432054 -0.0048975786194205284 -0.0021152540323780204 -6.5684096509513953e-05 -0.0011275503649171652 0.0014447662028331291 0.0012005223224097043 0.0034391110482939638 0.0013273261043050589 4.7487131867212118e-05 -0.0059789199580095112 -0.0015359460065497322 -0.002634657123371889 0.0033196067570131342
leaf_weight=684167 220 222 1356 11517 2258 1512 340 858 12403 388 452 293 386 641
leaf_count=684167 220 222 1356 11517 2258 1512 340 858 12403 388 452 293 386 641
internal_value=1.71084e-12 0.000364217 -0.000205208 -3.36491e-05 0.000935726 -9.58945e-05 3.8942e-05 0.00020848 0.00124383 -0.0019287 -0.00319529 0.00165823 0.00050065 0.0017964
internal_weight=717013 32846 16453 15097 16393 3770 14875 13695 12623 1180 840 2178 1320 934
internal_count=717013 32846 16453 15097 16393 3770 14875 13695 12623 1180 840 2178 1320 934
is_linear=0
shrinkage=0.1


Tree=55
num_leaves=15
num_cat=0
split_feature=0 1 3 2 2 3 3 2 0 3 0 3 2 2
split_gain=0.408948 2.84215 1.88636 2.36689 2.10762 1.95871 1.41036 1.3907 1.04905 1.56434 1.22922 2.20698 1.8046 1.41278
threshold=0.055727554179566548 0.35000000000000003 -1.8499999999999999 1.7500000000000002 8.8500000000000032 -7.8499999999999988 -6.1499999999999995 4.2500000000000009 0.074175824175824148 -2.3499999999999992 0.20526315789473684 6.5500000000000007 2.9500000000000006 5.2500000000000009
decision_type=2 2 2 2 2 2 2 2 2 2 2 2 2 2
left_child=2 -2 4 -4 6 -6 -1 -8 9 -3 11 12 -10 -12
right_child=1 8 3 -5 5 -7 7 -9 10 -11 13 -13 -14 -15
leaf_value=-0.0036674234961513331 0.0013140561604879212 0.0073893311369184998 -0.00015472970201708659 0.0018812941791458003 -0.0017783143001131676 0.0054896413166112545 -0.0014701741434527465 0.00067167458232230293 -0.00052127415705845225 8.1385337726236972e-05 8.918476691574485e-05 -0.0030414031017296627 0.00063695596838411273 -0.00049182846606159712
leaf_weight=2223 16674 477 45548 6528 623 916 13625 3899 62843 759 497096 2988 17116 45698
leaf_count=2223 16674 477 45548 6528 623 916 13625 3899 62843 759 497096 2988 17116 45698
internal_value=-2.56316e-12 2.54965e-05 -0.000223697 0.000100497 -0.00101683 0.00254751 -0.00129462 -0.000993624 -8.77179e-06 0.00290168 -1.45207e-05 -0.000373058 -0.000273344 4.02691e-05
internal_weight=717013 643651 73362 52076 21286 1539 19747 17524 626977 1236 625741 82947 79959 542794
internal_count=717013 643651 73362 52076 21286 1539 19747 17524 626977 1236 625741 82947 79959 542794
is_linear=0
shrinkage=0.1


Tree=56
num_leaves=15
num_cat=0
split_feature=1 2 1 4 1 3 3 2 1 0 3 2 0 4
split_gain=0.411111 0.547256 0.592121 0.404766 1.60776 0.815959 0.507612 0.548934 0.489053 1.90562 2.57211 1.88251 1.80927 1.99301
threshold=14.050000000000002 8.0500000000000025 16.450000000000003 0.069047619047619066 3.1500000000000008 2.2500000000000004 -6.0499999999999989 6.8500000000000005 1.4500000000000002 0.36038961038961048 -3.4499999999999997 7.2500000000000009 0.10263157894736842 0.14835164835164838
decision_type=2 2 2 2 2 2 2 2 2 2 2 2 2 2
left_child=3 -2 -3 4 -1 6 -6 -8 12 10 -10 -11 -5 -14
right_child=1 2 -4 8 5 -7 7 -9 9 11 -12 -13 13 -15
leaf_value=-0.00014091519253745975 0.0040070415136229318 -0.0038291477023506557 0.0034053115104553384 -0.0001856079262768925 0.002174708426788905 0.0018804609421986598 0.00051862467456190761 -0.0019212249252912959 0.00060931681858028401 5.2586899614324415e-05 -0.00083166088909976453 -0.0010250659213372957 -0.001241798342856875 0.00064178750571236771
leaf_weight=46356 586 254 204 87554 1754 5774 19066 969 15564 387291 60689 16918 6124 67910
leaf_count=46356 586 254 204 87554 1754 5774 19066 969 15564 387291 60689 16918 6124 67910
internal_value=-1.7006e-13 0.00198296 -0.000606812 -2.89148e-06 0.000218704 0.000823519 0.000543433 0.00040062 -2.84037e-05 -7.90175e-05 -0.000537543 7.48219e-06 0.00012209 0.00048598
internal_weight=717013 1044 458 715969 73919 27563 21789 20035 642050 480462 76253 404209 161588 74034
internal_count=717013 1044 458 715969 73919 27563 21789 20035 642050 480462 76253 404209 161588 74034
is_linear=0
shrinkage=0.1


Tree=57
num_leaves=15
num_cat=0
split_feature=1 0 2 4 2 0 0 3 1 2 3 2 2 2
split_gain=0.384669 0.716338 0.836309 0.731702 0.611709 0.47881 0.634792 0.498561 0.93938 0.703079 0.728223 0.489504 0.475389 0.474725
threshold=6.9500000000000011 0.31698564593301437 13.950000000000001 0.82085561497326209 -4.0499999999999989 0.95095693779904311 0.74342105263157909 -2.3499999999999992 8.7500000000000018 4.7500000000000009 -4.4499999999999993 10.050000000000002 -10.249999999999998 1.2500000000000002
decision_type=2 2 2 2 2 2 2 2 2 2 2 2 2 2
left_child=-1 -2 3 12 -5 6 -6 8 9 13 -11 -7 -3 -8
right_child=1 2 -4 4 5 11 7 -9 -10 10 -12 -13 -14 -15
leaf_value=-2.413810354031304e-05 -0.0036728362142125631 0.0051729933015090086 -0.0029361489281898214 0.0015995309574983612 0.0011895324199747554 0.00022425127486870551 -0.0035891442001789869 -0.0017693277622237509 0.0017092276346891873 -0.0020241702195566043 -0.0088785513521201613 -0.0045305031779479255 0.00049217208901058442 0.00087069819454425185
leaf_weight=646771 469 218 815 1782 1347 10683 315 5158 1464 519 221 221 46045 985
leaf_count=646771 469 218 815 1782 1347 10683 315 5158 1464 519 221 221 46045 985
internal_value=-1.78392e-12 0.000222258 0.00024844 0.000286078 -0.000179001 -0.00033055 -0.000829976 -0.00114402 -0.000223555 -0.00161061 -0.00407122 0.000127883 0.000514229 -0.000209956
internal_weight=717013 70242 69773 68958 22695 20913 10009 8662 3504 2040 740 10904 46263 1300
internal_count=717013 70242 69773 68958 22695 20913 10009 8662 3504 2040 740 10904 46263 1300
is_linear=0
shrinkage=0.1


Tree=58
num_leaves=15
num_cat=0
split_feature=1 4 1 0 3 1 3 3 2 3 1 3 3 2
split_gain=0.341478 0.333208 1.37809 0.625887 0.598276 0.551084 0.537953 0.484807 0.466652 0.569129 0.470706 0.539681 0.464033 0.656205
threshold=13.350000000000003 0.069047619047619066 1.9500000000000002 0.080128205128205135 9.9500000000000011 6.2500000000000009 5.4500000000000011 5.1500000000000012 -1.1499999999999997 -6.0499999999999989 3.5500000000000003 -1.3499999999999999 -0.24999999999999997 -1.8499999999999999
decision_type=2 2 2 2 2 2 2 2 2 2 2 2 2 2
left_child=1 2 3 -1 5 8 7 -5 10 -10 11 -4 13 -13
right_child=-2 -3 4 6 -6 -7 -8 -9 9 -11 -12 12 -14 -15
leaf_value=0.00031564294027289891 0.0015022251061267925 -2.6330255636133081e-05 0.0035550098712546808 -0.0007575212667413298 0.0053137611042026554 0.0015310133339413066 0.0011132209041969301 -0.0054390008969806211 0.0018414206754761777 2.5315537440752554e-05 0.0016042350682091988 -3.0169824403660591e-05 0.00040303174897950703 -0.0070436023536156155
leaf_weight=9885 1510 641604 503 17754 262 4814 1572 224 1857 24378 5367 372 6703 208
leaf_count=9885 1510 641604 503 17754 262 4814 1572 224 1857 24378 5367 372 6703 208
internal_value=5.84251e-13 -3.1703e-06 0.000197908 -0.000332844 0.000549264 0.000521024 -0.000660736 -0.000815851 0.000397583 0.000153865 0.000883702 0.000387028 0.000168231 -0.00254533
internal_weight=717013 715503 73899 29435 44464 44202 19550 17978 39388 26235 13153 7786 7283 580
internal_count=717013 715503 73899 29435 44464 44202 19550 17978 39388 26235 13153 7786 7283 580
is_linear=0
shrinkage=0.1


Tree=59
num_leaves=15
num_cat=0
split_feature=1 2 4 3 2 3 3 3 1 3 1 4 2 4
split_gain=0.307035 0.715571 0.679036 0.638305 0.558849 0.464659 0.444453 0.429053 0.339386 0.322562 0.345724 0.307654 0.28827 0.268222
threshold=9.9500000000000011 -0.34999999999999992 0.80625000000000013 -0.24999999999999997 11.950000000000001 -7.8499999999999988 1.1500000000000001 -0.24999999999999997 14.950000000000001 -8.0499999999999989 13.65 0.91987179487179505 8.7500000000000018 0.069047619047619066
decision_type=2 2 2 2 2 2 2 2 2 2 2 2 2 2
left_child=13 3 4 -2 6 -6 8 9 -3 -4 12 -9 -11 -1
right_child=1 2 7 -5 5 -7 -8 11 -10 10 -12 -13 -14 -15
leaf_value=0.00017257110313372923 -0.00050351062951619545 0.0011021386264252783 -0.0034988221850492975 0.0035563765372622516 0.00011894644681750885 -0.0059080727734959586 -0.0025987934792271604 -0.0062463809892597819 0.0045577727272515609 -0.00017304940731936906 0.0031348310435463777 -0.0013601583933596107 -0.004005935706217551 -2.9387276370055766e-05
leaf_weight=73398 556 5095 317 1276 318 214 310 238 301 2143 290 281 216 632060
leaf_count=73398 556 5095 317 1276 318 214 310 238 301 2143 290 281 216 632060
internal_value=-2.81587e-12 0.000511306 0.000169717 0.00232423 0.00079435 -0.00230546 0.00108336 -0.000948349 0.0012949 -0.000484205 -0.000123453 -0.00360085 -0.000524005 -8.37491e-06
internal_weight=717013 11555 9723 1832 6238 532 5706 3485 5396 2966 2649 519 2359 705458
internal_count=717013 11555 9723 1832 6238 532 5706 3485 5396 2966 2649 519 2359 705458
is_linear=0
shrinkage=0.1


Tree=60
num_leaves=15
num_cat=0
split_feature=0 3 1 3 1 4 2 1 2 3 2 3 2 4
split_gain=0.287508 0.671165 0.809834 0.752399 0.616759 0.586371 0.691538 0.47046 0.466627 0.899946 0.384566 0.403837 0.630674 0.356976
threshold=0.95095693779904311 -3.9499999999999997 3.6500000000000008 9.1500000000000004 14.850000000000003 0.90238095238095251 -10.249999999999998 3.4500000000000006 -3.8499999999999992 5.4500000000000011 12.15 -4.6499999999999995 6.1500000000000012 0.10818713450292398
decision_type=2 2 2 2 2 2 2 2 2 2 2 2 2 2
left_child=-1 10 7 4 5 6 -4 8 9 -3 11 13 -13 -2
right_child=1 2 3 -5 -6 -7 -8 -9 -10 -11 -12 12 -14 -15
leaf_value=-2.1174604565647003e-05 0.0030581703771124383 0.0044660944650182499 0.0042507622902606332 0.003785949210304008 0.0059157648797845477 -0.00016575069125947077 0.00050542841052750081 -0.0026682040773611617 -0.00097249523734250706 -0.0017770369749381652 -0.0034728945352964936 -0.00089511232449371802 -0.0054595398235137427 -0.00022052991667323546
leaf_weight=644902 353 500 499 653 200 15784 40909 1160 3094 429 450 2125 353 5602
leaf_count=644902 353 500 499 653 200 15784 40909 1160 3094 429 450 2125 353 5602
internal_value=-2.18555e-12 0.000189368 0.000303719 0.000410662 0.000372258 0.000352873 0.000550563 -0.000893945 -0.000382352 0.0015831 -0.000624565 -0.000472573 -0.00154533 -2.61754e-05
internal_weight=717013 72111 63228 58045 57392 57192 41408 5183 4023 929 8883 8433 2478 5955
internal_count=717013 72111 63228 58045 57392 57192 41408 5183 4023 929 8883 8433 2478 5955
is_linear=0
shrinkage=0.1


Tree=61
num_leaves=15
num_cat=0
split_feature=0 1 3 2 2 3 2 3 4 3 0 3 2 2
split_gain=0.266117 2.42953 1.59459 2.2909 1.8052 1.49521 1.07791 1.31103 1.25513 1.24134 0.949974 1.1437 0.869628 0.750093
threshold=0.055727554179566548 0.15000000000000005 -3.4499999999999997 2.8500000000000001 9.0500000000000025 -7.6499999999999995 -2.1499999999999999 -0.84999999999999998 0.77525252525252542 -1.8499999999999999 0.074175824175824148 -2.3499999999999992 1.3500000000000003 3.2500000000000004
decision_type=2 2 2 2 2 2 2 2 2 2 2 2 2 2
left_child=2 -2 4 6 -1 -6 9 -8 -9 -4 11 13 -13 -3
right_child=1 10 3 -5 5 -7 7 8 -10 -11 -12 12 -14 -15
leaf_value=-0.0017275122884565235 0.0019114608696986187 0.010979886047114862 -0.0067403985337711209 0.0018348727032232223 -0.0013532276109006675 0.0053834724171790312 -0.00069481172618284729 0.00097300908287675781 -0.00065065327402478567 -0.00070136660923771055 -5.1264816870757181e-06 -0.0018127061792932758 0.0049565349056917641 0.0032667761853394602
leaf_weight=10034 6724 206 347 6248 624 698 12917 18221 6445 17828 635527 589 280 325
leaf_count=10034 6724 206 347 6248 624 698 12917 18221 6445 17828 635527 589 280 325
internal_value=-1.49761e-12 2.05676e-05 -0.000180452 1.90668e-05 -0.00126987 0.00220367 -0.000184405 0.000121354 0.000548761 -0.000816665 6.05544e-07 0.00260265 0.000368407 0.00625906
internal_weight=717013 643651 73362 62006 11356 1322 55758 37583 24666 18175 636927 1400 869 531
internal_count=717013 643651 73362 62006 11356 1322 55758 37583 24666 18175 636927 1400 869 531
is_linear=0
shrinkage=0.1


Tree=62
num_leaves=15
num_cat=0
split_feature=0 2 1 4 2 1 3 3 2 3 0 2 0 2
split_gain=0.266531 2.07573 1.27619 1.60086 1.18031 1.16269 1.92592 1.65636 1.32734 0.981115 0.959744 0.932385 0.909348 1.12138
threshold=0.20526315789473684 3.8500000000000001 1.1500000000000001 0.24264705882352944 0.15000000000000005 0.55000000000000016 -4.1499999999999995 7.8500000000000005 0.35000000000000003 -2.2499999999999996 0.41421568627450989 3.6500000000000008 0.10263157894736842 -3.9499999999999997
decision_type=2 2 2 2 2 2 2 2 2 2 2 2 2 2
left_child=1 5 3 10 -4 6 11 12 9 -8 -2 -1 13 -7
right_child=2 -3 4 -5 -6 7 8 -9 -10 -11 -12 -13 -14 -15
leaf_value=-0.0016839083991915882 -0.00032254299331859631 0.00075692413264643113 0.00015812046500761456 0.0015006186078088909 -0.00014065187095767482 -0.0040294490260819006 -0.0019721494784052372 -0.0041855188801420843 0.00063029396372178779 -0.00010171764891508863 -0.0053930916527614873 -0.0077680518153929777 -0.00029963112989199827 -0.00094066229383478689
leaf_weight=4188 3068 23904 263925 11676 264977 1307 2958 1257 29208 53997 425 268 44184 11671
leaf_count=4188 3068 23904 263925 11676 264977 1307 2958 1257 29208 53997 425 268 44184 11671
internal_value=-5.68262e-13 -0.00010814 3.43742e-05 0.00093873 8.43716e-06 -0.000246887 -2.26276e-05 -0.000594756 8.22112e-05 -0.00019886 -0.000939486 -0.00204983 -0.000515795 -0.00125173
internal_weight=717013 172942 544071 15169 528902 149038 90619 58419 86163 56955 3493 4456 57162 12978
internal_count=717013 172942 544071 15169 528902 149038 90619 58419 86163 56955 3493 4456 57162 12978
is_linear=0
shrinkage=0.1


Tree=63
num_leaves=15
num_cat=0
split_feature=1 2 4 3 0 3 0 1 1 1 3 0 0 3
split_gain=0.266983 0.694312 0.355226 0.451822 0.391526 0.381342 0.357741 0.377482 0.501263 0.40852 0.59315 0.315834 0.31538 0.322787
threshold=8.2500000000000018 2.3500000000000001 0.91287878787878796 0.65000000000000002 0.58957219251336912 -1.8499999999999999 0.8973684210526317 8.5500000000000025 9.8500000000000032 9.2500000000000018 2.7500000000000004 0.78174603174603186 0.36038961038961048 1.9500000000000002
decision_type=2 2 2 2 2 2 2 2 2 2 2 2 2 2
left_child=-1 2 4 -4 -2 11 -5 -8 9 10 -9 -6 -3 -14
right_child=1 12 3 6 5 -7 7 8 -10 -11 -12 -13 13 -15
leaf_value=-1.3370213921135752e-05 -0.0031881811851847243 -0.0035385081451809542 -0.0010085248846832008 -0.0027145437524886806 0.0046313004377419387 0.00074366463058902609 0.0054105608707080447 0.0044058871681308259 0.0038826449797040997 -0.004031872678975458 -0.0028869278115764407 0.0016339849042301233 -6.6485190707043322e-05 -0.0036321356862805093
leaf_weight=684167 220 275 2258 200 403 9246 240 249 390 231 202 2754 15920 258
leaf_count=684167 220 275 2258 200 403 9246 240 249 390 231 202 2754 15920 258
internal_value=-2.8654e-13 0.000278495 0.000739101 -0.000112692 0.000993499 0.00106767 0.00122513 0.00182569 0.00102311 -0.000612106 0.00113948 0.0020166 -0.000180431 -0.000123349
internal_weight=717013 32846 16393 3770 12623 12403 1512 1312 1072 682 451 3157 16453 16178
internal_count=717013 32846 16393 3770 12623 12403 1512 1312 1072 682 451 3157 16453 16178
is_linear=0
shrinkage=0.1


Tree=64
num_leaves=15
num_cat=0
split_feature=1 2 0 4 3 0 4 1 0 4 2 1 3 3
split_gain=0.240871 2.5913 1.64376 2.20732 2.04748 1.41087 1.58916 1.66493 2.53619 1.77693 1.25845 1.1825 1.30826 1.14945
threshold=4.0500000000000007 -4.2499999999999991 0.54195804195804198 0.45804195804195807 2.3500000000000001 0.70294117647058829 0.36602870813397131 3.4500000000000006 0.20526315789473684 0.90238095238095251 2.3500000000000001 0.8500000000000002 -2.6499999999999999 9.8500000000000032
decision_type=2 2 2 2 2 2 2 2 2 2 2 2 2 2
left_child=5 13 -3 4 -4 6 10 8 -8 -10 -1 12 -12 -2
right_child=1 2 3 -5 -6 -7 7 -9 9 -11 11 -13 -14 -15
leaf_value=-0.00034492729550017194 0.00090789452659412325 -0.00074634093829301302 0.00030362648091682897 -0.00017198668949309755 0.0018613309260436272 -0.00057803944427170691 -6.1522079302421331e-05 -0.00067758960135257292 0.00045245827859300618 0.0016077796674481223 0.00038952114268642364 -4.6387597730967214e-07 0.0029494950604408965 0.0042711549421983706
leaf_weight=141828 23551 27875 66336 134979 9668 44631 109575 20280 84680 15796 5363 28209 3180 1062
leaf_count=141828 23551 27875 66336 134979 9668 44631 109575 20280 84680 15796 5363 28209 3180 1062
internal_value=-1.86568e-12 7.6045e-05 -2.46261e-05 7.07267e-05 0.000501772 -4.4176e-05 1.40931e-05 0.000187677 0.000271217 0.000634088 -0.000209794 0.000311692 0.00134243 0.00105301
internal_weight=717013 263471 238858 210983 76004 453542 408911 230331 210051 100476 178580 36752 8543 24613
internal_count=717013 263471 238858 210983 76004 453542 408911 230331 210051 100476 178580 36752 8543 24613
is_linear=0
shrinkage=0.1


Tree=65
num_leaves=15
num_cat=0
split_feature=4 1 1 0 2 0 2 1 3 2 3 3 2 1
split_gain=0.259702 1.09396 0.684246 0.85842 0.776158 0.910715 1.04143 0.741158 0.591907 0.545779 0.478935 0.450011 0.439645 0.520915
threshold=0.069047619047619066 1.8500000000000003 1.1500000000000001 0.26491228070175438 0.45000000000000007 0.17914438502673805 2.3500000000000001 1.3500000000000003 9.7500000000000018 6.4500000000000011 -4.6499999999999995 -5.1499999999999995 -4.7499999999999991 1.4500000000000002
decision_type=2 2 2 2 2 2 2 2 2 2 2 2 2 2
left_child=1 2 9 4 -4 6 -6 -7 11 -1 -11 -3 13 -5
right_child=-2 8 3 12 5 7 -8 -9 -10 10 -12 -13 -14 -15
leaf_value=1.1829050707146986e-07 -2.0413534161739373e-05 0.0014635953168772673 -0.00081703515260096076 -0.0056701723708803848 -0.0045496689252590081 -0.0098915975892734237 0.0031661662893788037 -0.0037508386202162801 0.0048164380046125761 0.00096158111158329326 0.0068618890404874497 0.00034536110033184768 0.00018091514407513808 -0.00072771970985606839
leaf_weight=14227 643032 3929 2947 285 322 234 383 1228 311 382 215 42821 5850 847
leaf_count=14227 643032 3929 2947 285 322 234 383 1228 311 382 215 42821 5850 847
internal_value=1.61308e-12 0.000177431 -0.000331 -0.000889124 -0.00187345 -0.00331011 -0.000357946 -0.0047337 0.000468266 0.000124414 0.00308648 0.000439341 -0.00016815 -0.00197207
internal_weight=717013 73981 26920 12096 5114 2167 705 1462 47061 14824 597 46750 6982 1132
internal_count=717013 73981 26920 12096 5114 2167 705 1462 47061 14824 597 46750 6982 1132
is_linear=0
shrinkage=0.1


Tree=66
num_leaves=15
num_cat=0
split_feature=1 4 0 1 2 2 2 4 3 4 3 0 1 2
split_gain=0.234687 0.372166 0.555057 0.251814 0.255989 0.414591 0.317016 0.430478 0.327783 0.327742 0.262079 0.232917 0.216694 1.34242
threshold=10.850000000000003 0.45804195804195807 0.76696832579185525 15.950000000000001 -0.94999999999999984 0.75000000000000011 6.4500000000000011 0.90238095238095251 -6.1499999999999995 0.80625000000000013 -0.24999999999999997 0.92582417582417598 1.2500000000000002 3.8500000000000001
decision_type=2 2 2 2 2 2 2 2 2 2 2 2 2 2
left_child=12 -2 -3 4 -4 10 9 8 -8 -7 -6 -11 13 -1
right_child=1 2 3 -5 5 6 7 -9 -10 11 -12 -13 -14 -15
leaf_value=-7.4637483222901418e-06 0.00171315445650988 -0.0032607089529088553 0.0025649478967698348 0.0035164964665743773 -0.00066639454682158785 0.0025553609790320468 -0.00032558667717412829 0.001921003159017317 -0.0048875598319702684 -0.0022635165448172379 -0.005363454151176195 0.00091836443865871576 -3.5484032311388395e-05 0.00089698505376677997
leaf_weight=143106 2048 446 426 252 267 889 315 315 315 327 214 776 548781 18536
leaf_count=143106 2048 446 426 252 267 889 315 315 315 327 214 776 548781 18536
internal_value=-1.09087e-12 0.000594014 8.9391e-05 0.000454172 0.000253416 -3.46796e-05 0.000411022 -0.00109738 -0.00260657 0.0011266 -0.00275615 -2.49493e-05 -5.51017e-06 9.62523e-05
internal_weight=717013 6590 4542 4096 3844 3418 2937 945 630 1992 481 1103 710423 161642
internal_count=717013 6590 4542 4096 3844 3418 2937 945 630 1992 481 1103 710423 161642
is_linear=0
shrinkage=0.1


Tree=67
num_leaves=15
num_cat=0
split_feature=0 1 3 2 2 3 2 4 4 4 3 3 2 2
split_gain=0.254179 1.93801 1.39643 1.58667 1.36143 1.27881 1.28758 1.01039 1.40127 1.14403 0.899363 0.803722 0.799817 0.918193
threshold=0.055727554179566548 0.15000000000000005 -1.8499999999999999 -0.24999999999999997 10.550000000000002 -6.1499999999999995 4.6500000000000012 0.77525252525252542 0.65686274509803932 0.8377192982456142 -7.8499999999999988 1.8500000000000003 -1.0000000180025095e-35 1.7500000000000002
decision_type=2 2 2 2 2 2 2 2 2 2 2 2 2 2
left_child=2 -2 4 -4 5 -1 -7 8 12 -9 -6 -11 -5 -14
right_child=1 -3 3 7 10 6 -8 9 -10 11 -12 -13 13 -15
leaf_value=-0.003115823505321344 0.001708921379695999 2.2722016064743877e-06 -0.00034075032340886166 0.0033197039334179946 -0.00024433222626889028 -0.0011455869800014351 0.00099038082417850378 -0.0029264956041652633 0.0036107565485417113 0.0010216704064456171 0.0061535623328749806 -0.0026776671481199021 -7.3652448119147969e-05 0.0018158832313589933
leaf_weight=2558 6724 636927 31656 1169 434 14335 3514 1315 2114 3703 445 698 7510 3911
leaf_count=2558 6724 636927 31656 1169 434 14335 3514 1315 2114 3703 445 698 7510 3911
internal_value=5.37712e-12 2.0101e-05 -0.000176358 0.000102576 -0.00085877 -0.00102475 -0.000725071 0.000789841 0.00122842 -0.000338367 0.00299465 0.000434954 0.000828397 0.000573399
internal_weight=717013 643651 73362 52076 21286 20407 17849 20420 14704 5716 879 4401 12590 11421
internal_count=717013 643651 73362 52076 21286 20407 17849 20420 14704 5716 879 4401 12590 11421
is_linear=0
shrinkage=0.1


Tree=68
num_leaves=15
num_cat=0
split_feature=1 0 4 2 3 0 0 4 2 1 2 2 0 3
split_gain=0.215352 0.887102 0.89487 0.766948 0.535713 0.556942 0.736076 0.798056 0.497131 0.484336 0.550675 0.557753 0.473608 0.805178
threshold=6.2500000000000009 0.67424242424242431 0.76696832579185525 13.950000000000001 -1.6499999999999997 0.37171052631578955 0.44097222222222227 0.060661764705882359 10.750000000000002 6.6500000000000012 9.2500000000000018 6.6500000000000012 0.95095693779904311 -5.7499999999999991
decision_type=2 2 2 2 2 2 2 2 2 2 2 2 2 2
left_child=-1 4 3 -3 5 8 -7 -8 -2 -9 11 -11 -4 -14
right_child=1 2 12 -5 -6 6 7 9 -10 10 -12 -13 13 -15
leaf_value=-2.2245551074964955e-05 -0.0039498081180707424 0.00055679343244538178 -0.00047213006631029099 -0.0037753530153529988 -0.0014740855170585884 0.003745629304352409 0.0033008410140728962 -0.0020625380520755553 0.0016696382599156439 -9.9401758693012026e-05 -0.0023681531123932505 0.0029032476258888298 -0.0020318011162419112 0.00042427045285026524
leaf_weight=615586 638 50376 19049 412 4832 527 612 1476 209 2919 792 785 1446 17354
leaf_count=615586 638 50376 19049 412 4832 527 612 1476 209 2919 792 785 1446 17354
internal_value=-1.02727e-12 0.000135014 0.000247355 0.00052165 -0.000643529 -0.000139225 0.000149497 -0.000138346 -0.00256319 -0.000490788 2.52043e-05 0.000536959 -0.000120711 0.000235362
internal_weight=717013 101427 88637 50788 12790 7958 7111 6584 847 5972 4496 3704 37849 18800
internal_count=717013 101427 88637 50788 12790 7958 7111 6584 847 5972 4496 3704 37849 18800
is_linear=0
shrinkage=0.1


Tree=69
num_leaves=15
num_cat=0
split_feature=4 1 1 2 0 3 0 3 2 1 2 3 3 1
split_gain=0.208191 0.872117 0.550664 0.745109 0.519264 0.552698 0.546465 0.481082 0.409761 0.40197 0.378019 0.507821 0.392503 0.375716
threshold=0.069047619047619066 1.8500000000000003 1.1500000000000001 6.2500000000000009 0.26491228070175438 2.4500000000000006 0.21240601503759401 9.7500000000000018 6.5500000000000007 1.6500000000000001 -4.7499999999999991 5.4500000000000011 3.3500000000000001 1.4500000000000002
decision_type=2 2 2 2 2 2 2 2 2 2 2 2 2 2
left_child=1 2 8 4 5 9 -7 -3 -1 -4 11 12 -6 -2
right_child=13 7 3 -5 10 6 -8 -9 -10 -11 -12 -13 -14 -15
leaf_value=6.977646055679288e-06 0.00011366441083224813 0.00039246299227224256 -0.0027821324806307285 -0.0053425256980117412 -0.0011458759404017807 -0.00189205063531569 0.0021761095146733489 0.0043385725569277944 0.0027096077257090356 -0.0004440838944167347 0.00023037175288630519 0.00034491325756261866 -0.0064216616363929856 -6.2561094320681663e-05
leaf_weight=14240 161588 46750 2516 350 271 615 713 311 584 1039 5731 567 294 481444
leaf_count=14240 161588 46750 2516 350 271 615 713 311 584 1039 5731 567 294 481444
internal_value=3.85247e-12 0.000158863 -0.0002951 -0.000795788 -0.000660307 -0.00144855 0.000292135 0.000418541 0.000113449 -0.0020988 -9.94717e-05 -0.00176938 -0.00389115 -1.82773e-05
internal_weight=717013 73981 26920 12096 11746 4883 1328 47061 14824 3555 6863 1132 565 643032
internal_count=717013 73981 26920 12096 11746 4883 1328 47061 14824 3555 6863 1132 565 643032
is_linear=0
shrinkage=0.1


Tree=70
num_leaves=15
num_cat=0
split_feature=0 1 3 2 2 2 4 4 4 3 3 2 4 2
split_gain=0.230705 1.64798 1.20323 1.26852 1.20114 0.810037 1.15521 0.832724 0.81367 0.802908 0.792793 1.13317 1.04651 1.50562
threshold=0.055727554179566548 0.25000000000000006 -3.7499999999999996 2.8500000000000001 13.15 2.0500000000000003 0.74342105263157909 0.86515151515151534 0.12916666666666668 -1.9499999999999997 -0.84999999999999998 -1.2499999999999998 0.56696428571428581 -1.8499999999999999
decision_type=2 2 2 2 2 2 2 2 2 2 2 2 2 2
left_child=2 5 4 10 -1 8 9 -8 -2 -7 12 -12 13 -4
right_child=1 -3 3 -5 -6 6 7 -9 -10 -11 11 -13 -14 -15
leaf_value=-0.0013963811887700123 -0.0015597168744455993 -6.3203359907809514e-06 -0.0060617209650162193 0.0012748219823794948 0.0047216795698013046 0.0025341599390391266 -0.0035380258568022496 0.0018968819405681698 0.00095013300882162359 0.0067887044258783634 -0.00042479379139303912 0.00061788484056663764 0.00017279989567428884 -0.0011346350649567795
leaf_weight=9595 1461 627745 675 6875 332 1406 431 815 11145 648 22536 19392 6317 7640
leaf_count=9595 1461 627745 675 6875 332 1406 431 815 11145 648 22536 19392 6317 7640
internal_value=3.78371e-13 1.91503e-05 -0.000168018 -7.80997e-06 -0.00119177 0.00102437 0.00241915 1.69098e-05 0.000659248 0.00387639 -0.000163717 5.74525e-05 -0.000797478 -0.00153461
internal_weight=717013 643651 73362 63435 9927 15906 3300 1246 12606 2054 56560 41928 14632 8315
internal_count=717013 643651 73362 63435 9927 15906 3300 1246 12606 2054 56560 41928 14632 8315
is_linear=0
shrinkage=0.1


Tree=71
num_leaves=15
num_cat=0
split_feature=0 3 1 2 3 3 2 3 2 0 1 3 2 1
split_gain=0.225925 1.04468 0.932025 0.858522 1.14289 1.31274 0.918972 1.1862 0.91677 0.866252 0.867744 0.847872 0.821025 0.88221
threshold=0.26491228070175438 4.8500000000000005 1.6500000000000001 7.2500000000000009 -1.1499999999999997 -6.2499999999999991 12.450000000000001 -9.9499999999999975 9.0500000000000025 0.12916666666666668 1.3500000000000003 -4.9499999999999993 7.2500000000000009 3.0500000000000003
decision_type=2 2 2 2 2 2 2 2 2 2 2 2 2 2
left_child=1 2 3 11 5 6 7 -5 -6 -7 -11 -1 -2 -14
right_child=12 -3 -4 4 8 9 -8 -9 -10 10 -12 -13 13 -15
leaf_value=-0.00094115019626238934 6.2280323708863839e-05 -0.0008483336416710281 -0.00049305235684963481 -0.0066670016135494826 0.0012402359459821773 0.0041530875547705791 0.0034756424007955792 0.00010065973285391464 -0.0079285603574958795 0.0028536013042429224 -0.0054597138484482792 9.4211723665438591e-05 0.0010300100599136791 -0.00082492652758977311
leaf_weight=8379 489166 16628 34352 303 205 2131 630 1783 233 324 205 141141 2975 18558
leaf_count=8379 489166 16628 34352 303 205 2131 630 1783 233 324 205 141141 2975 18558
internal_value=2.35915e-12 -8.83154e-05 -2.16917e-05 8.25493e-05 0.00127476 0.00167496 0.000128509 -0.000882371 -0.00363723 0.00325397 -0.000368005 3.61907e-05 3.5678e-05 -0.000568648
internal_weight=717013 206314 189686 155334 5814 5376 2716 2086 438 2660 529 149520 510699 21533
internal_count=717013 206314 189686 155334 5814 5376 2716 2086 438 2660 529 149520 510699 21533
is_linear=0
shrinkage=0.1


Tree=72
num_leaves=15
num_cat=0
split_feature=0 2 1 3 2 1 2 2 4 1 2 4 2 2
split_gain=0.213642 1.24589 1.16778 0.977313 1.87629 1.11123 1.00425 1.17225 0.879085 0.945288 1.0372 0.961675 1.08663 0.865933
threshold=0.10263157894736842 -1.0499999999999998 0.55000000000000016 -2.4499999999999997 12.050000000000002 0.15000000000000005 9.1500000000000004 6.4500000000000011 0.77525252525252542 1.4500000000000002 1.9500000000000002 0.58957219251336912 3.6500000000000008 4.5500000000000007
decision_type=2 2 2 2 2 2 2 2 2 2 2 2 2 2
left_child=1 2 -1 4 13 -6 7 8 9 11 -11 12 -5 -3
right_child=-2 3 -4 6 5 -7 -8 -9 -10 10 -12 -13 -14 -15
leaf_value=-0.00040051869890959252 2.2104116658851447e-05 -0.0010045027196138065 -0.0021361135373669498 0.00024908442910419554 0.0020790351893454936 0.010642783499919053 -0.0063736333626583045 0.0049803444199669738 -0.00035966327214003867 -0.0052910939978158015 0.0020009594546780115 0.0017758737070936584 0.0029909640383463535 0.00028692533756635063
leaf_weight=29381 616002 15089 4466 21416 519 214 218 559 11878 538 306 6961 1550 7916
leaf_count=29381 616002 15089 4466 21416 519 214 218 559 11878 538 306 6961 1550 7916
internal_value=-1.5417e-13 -0.000134799 -0.000629525 0.000114516 -0.000401427 0.00457923 0.000396546 0.000430704 0.000371072 0.000653145 -0.00264729 0.000746224 0.000434137 -0.000560123
internal_weight=717013 101011 33847 67164 23738 733 43426 43208 42649 30771 844 29927 22966 23005
internal_count=717013 101011 33847 67164 23738 733 43426 43208 42649 30771 844 29927 22966 23005
is_linear=0
shrinkage=0.1


Tree=73
num_leaves=15
num_cat=0
split_feature=1 1 3 1 4 4 4 4 3 4 1 3 0 2
split_gain=0.208945 0.577733 0.265681 0.343809 0.272432 0.236941 0.217579 0.202385 0.192608 0.190254 0.734793 0.424224 0.505059 0.499773
threshold=11.850000000000003 12.050000000000002 -3.6499999999999999 13.350000000000003 0.58957219251336912 0.56696428571428581 0.58957219251336912 0.82085561497326209 -1.2499999999999998 1.0000000180025095e-35 1.9500000000000002 5.4500000000000011 0.12916666666666668 -1.2499999999999998
decision_type=2 2 2 2 2 2 2 2 2 2 2 2 2 2
left_child=9 5 3 4 -3 -2 8 -5 -4 10 11 12 13 -1
right_child=1 2 6 7 -6 -7 -8 -9 -10 -11 -12 -13 -14 -15
leaf_value=-0.00088710587134577332 0.006383704449981451 -2.7240187658388869e-05 0.0046697317307645625 -0.00027207203742076863 -0.0037671521087890274 0.0020519990574041978 0.00024150215819700147 0.0030013046811171642 0.00095679253068404991 -2.1266735298323689e-05 0.00040892172688716214 0.0010751664572342719 -0.0007163946262357053 0.00058089990883837441
leaf_weight=3252 215 347 275 608 444 306 847 274 284 640437 43693 2268 15679 8084
leaf_count=3252 215 347 275 608 444 306 847 274 284 640437 43693 2268 15679 8084
internal_value=1.69e-12 0.000759927 0.00023882 -0.00061275 -0.00212651 0.00383956 0.0012521 0.000744827 0.00278337 -3.83471e-06 0.000149149 -0.000238457 -0.000348741 0.000159768
internal_weight=717013 3600 3079 1673 791 521 1406 882 559 713413 72976 29283 27015 11336
internal_count=717013 3600 3079 1673 791 521 1406 882 559 713413 72976 29283 27015 11336
is_linear=0
shrinkage=0.1


Tree=74
num_leaves=15
num_cat=0
split_feature=4 1 4 3 1 3 0 0 3 2 2 4 4 0
split_gain=0.180788 1.13881 1.00995 1.1619 0.909199 1.94443 1.86582 1.82997 1.2707 1.24968 1.0593 0.956563 0.929414 1.12417
threshold=0.54195804195804198 4.8500000000000005 0.45804195804195807 2.0500000000000003 2.8500000000000001 6.7500000000000009 0.36038961038961048 0.14835164835164835 3.8500000000000001 11.850000000000003 1.8500000000000003 0.72474747474747481 0.8973684210526317 0.85164835164835173
decision_type=2 2 2 2 2 2 2 2 2 2 2 2 2 2
left_child=1 -1 3 -3 5 7 9 11 12 -6 -8 -2 13 -9
right_child=4 2 -4 -5 6 -7 10 8 -10 -11 -12 -13 -14 -15
leaf_value=-0.00013742382692684925 0.00044320430754795162 0.00023908291278323067 -0.00058223916300331128 0.0013092186290316074 -0.0020404518214902634 -0.0017073077506552391 0.00012628843432435446 0.0006401622215473833 -0.00060455629621702131 0.005213148120191205 -0.0003900654924294795 -0.00035118657154444932 0.0014293694583763872 -0.0030106732912623998
leaf_weight=298832 23653 57040 11504 12341 6186 4925 131237 46532 7116 247 56981 42206 17354 859
leaf_count=298832 23653 57040 11504 12341 6186 4925 131237 46532 7116 247 56981 42206 17354 859
internal_value=2.23758e-12 -4.73257e-05 0.000285545 0.000429431 5.32777e-05 0.000245067 -8.727e-05 0.000314886 0.000663853 -0.00176194 -3.00322e-05 -6.58842e-05 0.000803261 0.000573988
internal_weight=717013 379717 80885 69381 337296 142645 194651 137720 71861 6433 188218 65859 64745 47391
internal_count=717013 379717 80885 69381 337296 142645 194651 137720 71861 6433 188218 65859 64745 47391
is_linear=0
shrinkage=0.1


Tree=75
num_leaves=15
num_cat=0
split_feature=3 1 4 0 3 2 2 2 4 2 0 4 4 1
split_gain=0.189501 1.30798 1.01421 0.889975 0.648032 0.818321 0.598746 0.893107 0.55213 0.534876 0.452989 0.423528 0.419505 0.372711
threshold=-5.8499999999999988 0.25000000000000006 0.42481203007518803 0.85164835164835173 -9.9499999999999975 8.7500000000000018 4.7500000000000009 2.8500000000000001 0.75735294117647067 13.350000000000003 0.82085561497326209 0.75735294117647067 0.48684210526315791 9.1500000000000004
decision_type=2 2 2 2 2 2 2 2 2 2 2 2 2 2
left_child=1 2 6 10 -4 -6 7 -1 9 -5 -3 -7 -12 -10
right_child=-2 3 4 8 5 11 -8 -9 13 -11 12 -13 -14 -15
leaf_value=0.0020973607420455664 -1.2134673361432398e-05 0.00061714641769195237 -0.0076056101712914798 0.00051434213638723776 -0.0032119333148655457 -0.0017180706343164537 0.0016381212362710741 -0.0057821397391951976 -0.0023989241985066263 -0.003802830630380337 0.0062592728578830872 0.0042414979269618505 0.001433913300783329 1.3778166153623699e-05
leaf_weight=260 679173 25790 247 3716 1744 224 1216 322 1990 311 267 255 554 944
leaf_count=260 679173 25790 247 3716 1744 224 1216 322 1990 311 267 255 554 944
internal_value=-4.3713e-12 0.0002178 -0.00143113 0.000427427 -0.00274634 -0.00220642 0.000375651 -0.00226209 -0.000579261 0.000180932 0.00069076 0.00145456 0.00300318 -0.00162265
internal_weight=717013 37840 4268 33572 2470 2223 1798 582 6961 4027 26611 479 821 2934
internal_count=717013 37840 4268 33572 2470 2223 1798 582 6961 4027 26611 479 821 2934
is_linear=0
shrinkage=0.1


Tree=76
num_leaves=15
num_cat=0
split_feature=1 2 0 4 0 3 3 3 3 2 3 2 2 2
split_gain=0.172939 0.850743 1.09167 1.18585 0.832828 1.02858 0.806248 0.798525 0.784036 1.33801 1.18434 1.03701 0.890782 0.739555
threshold=1.2500000000000002 0.45000000000000007 0.2752525252525253 0.24264705882352944 0.18465909090909097 -7.6499999999999995 -0.44999999999999996 5.8500000000000005 -6.2499999999999991 6.4500000000000011 -1.1499999999999997 12.450000000000001 9.0500000000000025 0.45000000000000007
decision_type=2 2 2 2 2 2 2 2 2 2 2 2 2 2
left_child=1 -1 8 -4 5 -2 -5 -7 11 -10 -11 -3 -12 -6
right_child=4 2 3 6 13 7 -8 -9 9 10 12 -13 -14 -15
leaf_value=-0.00010298732906292146 0.0028077263852795114 -0.0013680224636510264 -0.00097507105521108515 0.0043979433247429466 0.0001069609885987928 -0.0006392157501110173 0.00027962728730222635 -0.0038982194857164407 0.00024858944655980244 0.0028590086003567076 0.00094542874568957292 0.0031587410322884133 -0.0073858945281244821 -0.0001294687995323937
leaf_weight=94239 841 4779 895 1762 288749 20816 651 780 54820 3380 346 566 204 244185
leaf_count=94239 841 4779 895 1762 288749 20816 651 780 54820 3380 346 566 204 244185
internal_value=-2.9766e-13 9.10326e-05 0.0003623 0.00213377 -2.64952e-05 -0.000623311 0.00328687 -0.000756924 0.000270873 0.000376366 0.00215874 -0.000888668 -0.00214473 -1.36876e-06
internal_weight=717013 161642 67403 3308 555371 22437 2413 21596 64095 58750 3930 5345 550 532934
internal_count=717013 161642 67403 3308 555371 22437 2413 21596 64095 58750 3930 5345 550 532934
is_linear=0
shrinkage=0.1


Tree=77
num_leaves=15
num_cat=0
split_feature=1 3 2 4 3 0 2 4 2 0 0 0 1 0
split_gain=0.181681 0.401612 0.38876 0.38904 0.322987 1.22956 0.695928 0.539311 0.427797 1.00657 0.818116 0.842518 0.576605 0.900853
threshold=7.7500000000000009 0.25000000000000006 2.4500000000000006 0.22649572649572652 -5.9499999999999993 0.055727554179566548 13.15 0.42481203007518803 9.9500000000000011 0.34313725490196084 0.2899159663865547 0.0930735930735931 2.7500000000000004 0.54195804195804198
decision_type=2 2 2 2 2 2 2 2 2 2 2 2 2 2
left_child=4 -2 3 -3 5 6 7 -1 -7 10 11 -10 -11 -14
right_child=1 2 -4 -5 -6 8 -8 -9 9 12 -12 -13 13 -15
leaf_value=-0.00036624701841460496 1.4787458242017009e-05 0.0025181584170388895 -0.0010135109072662348 0.00066263487829377988 -2.7923838215018479e-05 0.00073835856701246535 0.0033460619539359589 -0.0029718954824339686 0.0063745482212730813 0.0035028437819814178 0.0055915355315560578 -0.00043095691566443699 -0.0043320718930248093 -0.00056409909859246967
leaf_weight=1387 32678 1285 1198 9365 642503 21347 279 1859 210 224 391 1360 930 1997
leaf_count=1387 32678 1285 1198 9365 642503 21347 279 1859 210 224 391 1360 930 1997
internal_value=-6.56165e-13 0.000195626 0.000694398 0.000886517 -1.29526e-05 0.000307854 -0.00144658 -0.00185851 0.000541588 -0.000280096 0.00149865 0.000479334 -0.00138708 -0.0017613
internal_weight=717013 44526 11848 10650 672487 29984 3525 3246 26459 5112 1961 1570 3151 2927
internal_count=717013 44526 11848 10650 672487 29984 3525 3246 26459 5112 1961 1570 3151 2927
is_linear=0
shrinkage=0.1


Tree=78
num_leaves=15
num_cat=0
split_feature=1 4 1 2 2 2 3 2 0 0 2 0 1 1
split_gain=0.172523 0.160835 0.556828 0.626166 0.460435 0.382488 0.356181 0.530352 0.501564 0.551485 0.474075 0.345997 0.777593 0.748571
threshold=17.850000000000005 0.069047619047619066 3.3500000000000001 -5.3499999999999988 -6.5499999999999989 -7.3499999999999988 7.1500000000000012 -7.3499999999999988 0.30384615384615393 0.44097222222222227 -11.549999999999999 0.4188596491228071 1.7500000000000002 1.1500000000000001
decision_type=2 2 2 2 2 2 2 2 2 2 2 2 2 2
left_child=1 2 6 4 5 -4 10 8 -8 -10 -1 12 13 -12
right_child=-2 -3 3 -5 -6 -7 7 -9 9 -11 11 -13 -14 -15
leaf_value=-0.0049309119829917189 0.0028658295117895164 -1.6907868981635038e-05 0.0022190977534350328 0.00038581636133434968 0.0046336466488513693 -0.002054042723888204 -0.002399605256165057 0.0036434725127664617 0.0051713799879181885 -0.0010252120693031749 0.00014813156353328907 -0.00054810182872149112 0.00069053715401185022 -0.0010666200034483845
leaf_weight=203 210 642833 869 23342 587 276 479 638 279 296 14115 12125 12842 7919
leaf_count=203 210 642833 869 23342 587 276 479 638 279 296 14115 12125 12842 7919
internal_value=3.66665e-12 -8.39591e-07 0.000138801 0.000521941 0.00235648 0.00118907 -5.76743e-05 0.00136789 -9.54333e-06 0.00198148 -0.000108773 -8.79459e-05 7.20321e-05 -0.000288449
internal_weight=717013 716803 73970 25074 1732 1145 48896 1692 1054 575 47204 47001 34876 22034
internal_count=717013 716803 73970 25074 1732 1145 48896 1692 1054 575 47204 47001 34876 22034
is_linear=0
shrinkage=0.1


Tree=79
num_leaves=15
num_cat=0
split_feature=1 3 1 4 0 3 4 0 3 2 2 3 3 2
split_gain=0.163129 1.6584 2.48237 1.40885 1.57169 1.64126 1.10775 1.20543 1.52757 1.00443 0.962227 1.26025 1.06136 1.04987
threshold=2.3500000000000001 4.7500000000000009 2.5500000000000003 0.23303167420814483 0.12916666666666668 4.5500000000000007 0.14835164835164838 0.38675213675213677 -3.9499999999999997 3.8500000000000001 7.4500000000000011 -9.9499999999999975 -4.1499999999999995 4.6500000000000012
decision_type=2 2 2 2 2 2 2 2 2 2 2 2 2 2
left_child=3 6 -3 9 10 -6 -2 8 -8 -1 12 -12 -5 -14
right_child=1 2 -4 4 5 -7 7 -9 -10 -11 11 -13 13 -15
leaf_value=-0.00040723286402212077 0.0002700345569701518 -0.0029653534454538067 0.00083830076692112821 -0.001241466309654984 0.00060315996528251216 -0.00069774529153659418 0.00050889215361333954 -0.00010613015729436863 -0.0010948142042397156 0.00075543104344954288 -0.0039798377453276737 0.002183563123089025 -0.00011924280309504674 0.0017560971244539676
leaf_weight=73579 68956 1813 32000 8202 94132 10812 7664 299300 26397 8265 371 3136 79284 3102
leaf_count=73579 68956 1813 32000 8202 94132 10812 7664 299300 26397 8265 371 3136 79284 3102
internal_value=1.78986e-12 -3.82787e-05 0.000634355 5.94357e-05 0.000203049 0.000469132 -9.48106e-05 -0.000170279 -0.000733967 -0.000289821 -9.37139e-05 0.00153155 -0.000156634 -4.86325e-05
internal_weight=717013 436130 33813 280883 199039 104944 402317 333361 34061 81844 94095 3507 90588 82386
internal_count=717013 436130 33813 280883 199039 104944 402317 333361 34061 81844 94095 3507 90588 82386
is_linear=0
shrinkage=0.1


Tree=80
num_leaves=15
num_cat=0
split_feature=1 0 2 4 2 3 2 0 4 2 3 2 3 3
split_gain=0.164923 0.676059 0.814054 0.901754 0.686954 0.982139 0.657298 0.844707 0.912213 0.726331 0.695539 1.07684 1.5399 0.804182
threshold=1.2500000000000002 0.18465909090909097 -1.6499999999999997 0.41421568627450983 3.3500000000000001 -5.6499999999999995 0.45000000000000007 0.2752525252525253 0.24264705882352944 1.3500000000000003 -8.0499999999999989 7.4500000000000011 -1.1499999999999997 -1.6499999999999997
decision_type=2 2 2 2 2 2 2 2 2 2 2 2 2 2
left_child=6 2 3 -2 -3 -6 -1 10 9 -9 -8 13 -13 -12
right_child=1 4 -4 -5 5 -7 7 8 -10 -11 11 12 -14 -15
leaf_value=-8.1642842078876127e-05 -0.003157837216494032 4.85984665589978e-05 -0.00025799757238432038 -0.00035544103177879906 0.00026325910526205234 -0.00045930814612844817 -0.0015750275547298323 0.0025996810834340569 0.0028969505152783306 -0.0031996874713335409 -0.00013365475120614447 0.0027011717726018731 -0.0043821541525882347 0.00061047286374487264
leaf_weight=94239 2287 441011 17844 2306 26384 65539 2029 364 2413 531 31936 3154 340 26636
leaf_count=94239 2287 441011 17844 2306 26384 65539 2029 364 2413 531 31936 3154 340 26636
internal_value=2.43382e-12 -2.58739e-05 -0.000563593 -0.00175084 -3.2355e-06 -0.000251915 8.88979e-05 0.000327338 0.00188561 -0.000841062 0.000246915 0.000306476 0.0020119 0.000204742
internal_weight=717013 555371 22437 4593 532934 91923 161642 67403 3308 895 64095 62066 3494 58572
internal_count=717013 555371 22437 4593 532934 91923 161642 67403 3308 895 64095 62066 3494 58572
is_linear=0
shrinkage=0.1


Tree=81
num_leaves=15
num_cat=0
split_feature=1 2 3 3 2 3 0 4 3 3 0 3 4 1
split_gain=0.167925 0.369798 0.47205 0.419815 0.309876 0.420825 0.346415 0.259202 0.315781 0.616239 0.316167 0.265356 0.285269 0.478439
threshold=9.9500000000000011 -0.34999999999999992 -0.24999999999999997 -0.24999999999999997 11.450000000000001 -6.9499999999999993 0.74342105263157909 0.80625000000000013 -8.8499999999999996 -7.1499999999999995 0.65686274509803932 -6.2499999999999991 0.6132478632478634 12.65
decision_type=2 2 2 2 2 2 2 2 2 2 2 2 2 2
left_child=-1 2 -2 4 7 6 -6 8 -3 -10 -11 -12 -13 -14
right_child=1 3 -4 -5 5 -7 -8 -9 9 10 11 12 13 -15
leaf_value=-6.1936042604697959e-06 -0.00075034598240766197 0.004593664107985106 0.0027410074864641517 -0.0014878820408334823 -0.0030710482607638943 -0.0048309684252571755 0.0020458402610635204 -0.00017617395587538471 -0.002704369840779658 -0.0017122893354752308 0.004310544166521566 0.00055740827187446035 0.003292964911001145 -0.0019388198409715229
leaf_weight=705458 556 238 1276 1373 215 254 344 2743 439 334 308 2198 1068 209
leaf_count=705458 556 238 1276 1373 215 254 344 2743 439 334 308 2198 1068 209
internal_value=-1.08028e-12 0.000378133 0.0016814 0.000132572 0.000399025 -0.00145581 7.78062e-05 0.000599102 0.00104269 0.000857195 0.00123697 0.00149736 0.00124802 0.00243671
internal_weight=717013 11555 1832 9723 8350 813 559 7537 4794 4556 4117 3783 3475 1277
internal_count=717013 11555 1832 9723 8350 813 559 7537 4794 4556 4117 3783 3475 1277
is_linear=0
shrinkage=0.1


Tree=82
num_leaves=15
num_cat=0
split_feature=1 1 3 1 4 2 4 4 3 1 1 1 0 3
split_gain=0.164812 0.451529 0.224403 0.269503 0.237759 0.215799 0.195358 0.189478 0.160733 0.453341 0.238105 0.147584 0.585572 1.1864
threshold=11.850000000000003 12.050000000000002 -3.6499999999999999 13.250000000000002 0.58957219251336912 6.4500000000000011 0.82085561497326209 0.56696428571428581 -1.5499999999999998 12.850000000000003 12.850000000000003 1.2500000000000002 0.0930735930735931 -1.2499999999999998
decision_type=2 2 2 2 2 2 2 2 2 2 2 2 2 2
left_child=11 7 3 4 -3 -6 -5 -2 10 -10 -4 12 -1 -14
right_child=1 2 8 6 5 -7 -8 -9 9 -11 -12 -13 13 -15
leaf_value=-9.1954929481282734e-05 0.005672584066687282 -9.291075679883138e-06 0.0049368495924142809 -0.00042451966030604931 -0.001306967707603179 -0.0059122742456726406 0.0026838509874938313 0.001798953255942834 -0.0027800692755397087 0.0021339782390903932 0.0008651286738258102 -2.8023383906493383e-05 0.00087599737279206924 1.2689623344616623e-05
leaf_weight=88708 215 332 226 638 203 204 296 306 310 476 394 551771 23473 49461
leaf_count=88708 215 332 226 638 203 204 296 306 310 476 394 551771 23473 49461
internal_value=-1.66042e-12 0.000674917 0.00021423 -0.000568396 -0.00199527 -0.00361528 0.000560574 0.00339748 0.00114548 0.000195868 0.00234934 -3.40574e-06 8.06275e-05 0.000290536
internal_weight=717013 3600 3079 1673 739 407 934 521 1406 786 620 713413 161642 72934
internal_count=717013 3600 3079 1673 739 407 934 521 1406 786 620 713413 161642 72934
is_linear=0
shrinkage=0.1


Tree=83
num_leaves=15
num_cat=0
split_feature=1 0 4 0 2 3 0 3 4 2 3 2 2 2
split_gain=0.156146 0.683085 0.595392 0.579546 0.660192 0.647958 0.686575 0.769309 0.587976 0.678914 0.629546 0.604345 0.59604 0.582528
threshold=6.2500000000000009 0.67424242424242431 0.72474747474747481 0.87083333333333346 8.9500000000000011 2.3500000000000001 0.74342105263157909 -5.0499999999999989 0.90238095238095251 -6.0499999999999989 -6.8499999999999988 -7.7499999999999991 7.3500000000000005 -1.0000000180025095e-35
decision_type=2 2 2 2 2 2 2 2 2 2 2 2 2 2
left_child=-1 -2 -3 5 8 6 7 -4 10 11 -5 -10 -11 -7
right_child=1 2 3 4 -6 13 -8 -9 9 12 -12 -13 -14 -15
leaf_value=-1.8942385709350783e-05 -0.00056821047096085352 0.0004611967790231429 -0.0028629643163324888 -0.0028278148219455035 -0.0023040603114793238 -0.0037101398260291681 -0.00082535429869525986 0.0025832064444810364 6.1573658488748896e-06 -0.00045373394441054846 0.00077842670561021092 0.005963455260650603 0.0034268405067211551 0.0018176486181176227
leaf_weight=615586 12790 46333 326 500 1061 1114 7119 1269 353 14392 15204 329 407 230
leaf_count=615586 12790 46333 326 500 1061 1114 7119 1269 353 14392 15204 329 407 230
internal_value=-7.19767e-13 0.000114966 0.000213546 -5.76908e-05 0.000149024 -0.000720419 -0.000405203 0.00147007 0.000232484 -0.000204849 0.000663608 0.00287999 -0.000347011 -0.00276416
internal_weight=717013 101427 88637 42304 32246 10058 8714 1595 31185 15481 15704 682 14799 1344
internal_count=717013 101427 88637 42304 32246 10058 8714 1595 31185 15481 15704 682 14799 1344
is_linear=0
shrinkage=0.1


Tree=84
num_leaves=15
num_cat=0
split_feature=4 0 1 3 4 1 3 1 0 0 3 2 2 4
split_gain=0.140064 0.77995 1.89355 1.27178 0.993805 0.78046 0.780206 0.908474 1.18285 1.5025 1.19001 1.01248 0.936695 1.21524
threshold=0.54195804195804198 0.71825396825396837 3.2500000000000004 1.3500000000000003 0.48684210526315791 4.1500000000000012 -8.0499999999999989 1.0500000000000003 0.055727554179566548 0.074175824175824148 3.0500000000000003 -1.2499999999999998 7.7500000000000009 0.45804195804195807
decision_type=2 2 2 2 2 2 2 2 2 2 2 2 2 2
left_child=1 6 -3 5 -5 -4 -1 8 -8 -10 -11 -12 -9 -14
right_child=-2 2 3 4 -6 -7 7 12 9 10 11 -13 13 -15
leaf_value=0.0011194633754545867 4.6894733384051556e-05 -0.001272464504070366 -0.00082476902216598003 0.0013131817191030088 -0.0006194445972547149 0.00028005530728931121 -0.00018683854823439339 -0.0002008100730982841 0.0061044855358270596 0.0008383793631832029 -0.00019444401940579815 -0.0039285328852896447 -0.000980428052338332 -0.0056374469755563691
leaf_weight=5024 337296 7564 7474 18455 3109 44243 38813 218453 496 24937 4153 880 5492 624
leaf_count=5024 337296 7564 7474 18455 3109 44243 38813 218453 496 24937 4153 880 5492 624
internal_value=-2.85994e-12 -4.16558e-05 0.000233906 0.000389393 0.00103454 0.000120389 -0.000116195 -0.000137322 0.000179248 0.000645633 0.00055529 -0.000847335 -0.000234983 -0.00145557
internal_weight=717013 379717 80845 73281 21564 51717 298872 293848 69279 30466 29970 5033 224569 6116
internal_count=717013 379717 80845 73281 21564 51717 298872 293848 69279 30466 29970 5033 224569 6116
is_linear=0
shrinkage=0.1


Tree=85
num_leaves=15
num_cat=0
split_feature=4 3 3 2 2 3 1 3 1 1 0 2 2 3
split_gain=0.157014 0.44217 0.391728 0.36623 0.356551 0.70976 0.588442 0.573399 0.51227 0.456405 0.601885 0.799286 0.593508 0.600503
threshold=0.069047619047619066 1.8500000000000003 -5.1499999999999995 3.6500000000000008 -2.8499999999999992 1.4500000000000002 1.6500000000000001 1.0000000180025095e-35 3.5500000000000003 1.6500000000000001 0.14835164835164835 3.4500000000000006 -1.7499999999999998 -3.3499999999999992
decision_type=2 2 2 2 2 2 2 2 2 2 2 2 2 2
left_child=1 2 -1 -3 5 6 7 -4 -8 10 12 -12 -6 -14
right_child=-2 3 4 -5 9 -7 8 -9 -10 -11 11 -13 13 -15
leaf_value=0.00080027170867239092 -1.5872673461869018e-05 0.00048778433940882836 0.0006859253758456261 0.0047561710920893674 -0.003102571799968471 -0.0021708177767389755 -0.00071295002889465789 0.0059178334395001515 0.0025961281580294464 3.0736442852920796e-05 -0.0010642102636724572 -0.0051048598329918793 -0.0019570317533691753 0.00054945295759410435
leaf_weight=5310 643032 20546 360 203 606 626 1185 501 773 30964 5148 541 1134 6084
leaf_count=5310 643032 20546 360 203 606 626 1185 501 773 30964 5148 541 1134 6084
internal_value=2.10211e-12 0.000137963 -1.46694e-05 0.000529545 -0.000104969 0.000875123 0.00155152 0.00373028 0.000593443 -0.000180883 -0.000665792 -0.00144846 -9.66974e-05 0.000155666
internal_weight=717013 73981 53232 20749 47922 3445 2819 861 1958 44477 13513 5689 7824 7218
internal_count=717013 73981 53232 20749 47922 3445 2819 861 1958 44477 13513 5689 7824 7218
is_linear=0
shrinkage=0.1


Tree=86
num_leaves=15
num_cat=0
split_feature=1 2 1 1 3 1 4 4 0 4 3 0 4 0
split_gain=0.135682 0.26721 0.299485 0.133851 1.30537 2.35098 1.14274 1.03831 1.3519 1.38813 1.59985 1.05313 0.892899 0.938834
threshold=14.050000000000002 7.7500000000000009 16.450000000000003 2.3500000000000001 5.0500000000000007 2.5500000000000003 0.86515151515151534 0.23303167420814483 0.20526315789473684 0.90238095238095251 4.5500000000000007 0.21825396825396828 0.14835164835164838 0.36038961038961048
decision_type=2 2 2 2 2 2 2 2 2 2 2 2 2 2
left_child=3 -2 -3 7 12 -6 -7 -1 -9 10 11 -10 -5 -14
right_child=1 2 -4 4 5 6 -8 8 9 -11 -12 -13 13 -15
leaf_value=-0.00024767873078655804 0.0026150865594654986 -0.0028543902888045663 0.0021664842178493187 0.00024298310665107878 -0.0031383153835086784 0.0011409341100546417 -0.00046649055895099797 -2.4089934463033089e-05 0.0073242387900219631 0.0016084924170789317 -0.00115330550729121 0.00048437636775939359 -0.00074043741926617303 -0.00010315589753923454
leaf_weight=81844 564 264 216 69613 1585 22248 5520 125485 226 10040 6422 56866 24972 311148
leaf_count=81844 564 264 216 69613 1585 22248 5520 125485 226 10040 6422 56866 24972 311148
internal_value=2.44115e-13 0.00113919 -0.000594997 -1.66112e-06 -3.64018e-05 0.000607578 0.000821394 5.2152e-05 0.000175441 0.000515846 0.000343126 0.000511452 -8.2991e-05 -0.000150503
internal_weight=717013 1044 480 715969 435086 29353 27768 280883 199039 73554 63514 57092 405733 336120
internal_count=717013 1044 480 715969 435086 29353 27768 280883 199039 73554 63514 57092 405733 336120
is_linear=0
shrinkage=0.1


Tree=87
num_leaves=15
num_cat=0
split_feature=4 3 3 2 2 3 0 3 4 0 0 2 3 1
split_gain=0.122034 0.33282 0.365324 0.28492 0.72231 0.417819 0.318646 0.283788 0.261914 0.507159 0.793009 0.551997 0.730261 0.538901
threshold=1.0000000180025095e-35 1.8500000000000003 -5.1499999999999995 8.9500000000000011 11.450000000000001 -9.0499999999999989 0.36038961038961048 -4.9499999999999993 0.093073593073593086 0.087121212121212169 0.2752525252525253 1.3500000000000003 -0.24999999999999997 3.0500000000000003
decision_type=2 2 2 2 2 2 2 2 2 2 2 2 2 2
left_child=1 2 3 5 6 -1 -5 -4 9 -2 11 -11 13 -13
right_child=8 -3 7 4 -6 -7 -8 -9 -10 10 -12 12 -14 -15
leaf_value=0.0050247997630692084 0.0012299973824191042 0.00046280185836292462 -0.002440242579903185 -0.0056742923699934448 0.0020096576435547045 0.00090455298687261052 -0.00095618060079024226 -7.3104745477727546e-05 -3.1336104471626509e-06 -0.0027231241426605886 -0.00014997329335881342 -0.0021609165101094739 0.0042929956157888721 0.0028351566655306281
leaf_weight=263 1741 20624 512 261 536 3834 317 46829 625973 2437 11918 1227 279 262
leaf_count=263 1741 20624 512 261 536 3834 317 46829 625973 2437 11918 1227 279 262
internal_value=2.17148e-12 0.000122371 -1.12302e-05 0.000783469 -0.000634581 0.00116905 -0.00308668 -9.87057e-05 -1.39083e-05 -0.000391463 -0.000566552 -0.00174724 -0.000402086 -0.00128182
internal_weight=717013 73176 52552 5211 1114 4097 578 47341 643837 17864 16123 4205 1768 1489
internal_count=717013 73176 52552 5211 1114 4097 578 47341 643837 17864 16123 4205 1768 1489
is_linear=0
shrinkage=0.1


Tree=88
num_leaves=15
num_cat=0
split_feature=4 1 2 3 3 2 1 0 0 3 2 3 2 2
split_gain=0.117149 0.601596 0.843091 0.685639 0.991993 0.837589 0.645025 0.997029 1.27801 0.961247 0.833341 0.758563 1.62385 0.933295
threshold=0.54195804195804198 4.8500000000000005 5.2500000000000009 -1.0499999999999998 -6.2499999999999991 12.050000000000002 1.0500000000000003 0.055727554179566548 0.074175824175824148 3.0500000000000003 -2.6499999999999999 -0.6499999999999998 4.8500000000000005 -2.9499999999999997
decision_type=2 2 2 2 2 2 2 2 2 2 2 2 2 2
left_child=1 6 -3 4 5 -4 7 11 -9 -10 -11 12 -1 -13
right_child=-2 2 3 -5 -6 -7 -8 8 9 10 -12 13 -14 -15
leaf_value=-0.0011685853953173259 4.288740503879032e-05 0.00033965136944477073 0.0010699173098420679 0.0022342695143412784 -0.0015442627374563315 -0.0021713082389058567 -0.00018506425838124197 0.005566642351452095 0.0007555029878589495 0.00019501532696517609 -0.0024941068742233836 -0.00072372640303879348 0.001364057547980314 0.00063973428098584493
leaf_weight=13369 337296 68724 3626 817 6696 1022 228535 507 25285 3255 1784 7411 3123 15563
leaf_count=13369 337296 68724 3626 817 6696 1022 228535 507 25285 3255 1784 7411 3123 15563
internal_value=-8.32163e-13 -3.80961e-05 0.000203841 -0.00056365 -0.000765157 0.000357238 -0.000103581 0.000161319 0.000587411 0.000504161 -0.000757037 -0.000171546 -0.000688993 0.000199906
internal_weight=717013 379717 80885 12161 11344 4648 298832 70297 30831 30324 5039 39466 16492 22974
internal_count=717013 379717 80885 12161 11344 4648 298832 70297 30831 30324 5039 39466 16492 22974
is_linear=0
shrinkage=0.1


Tree=89
num_leaves=15
num_cat=0
split_feature=1 4 4 2 4 4 2 2 4 2 0 4 1 0
split_gain=0.116041 0.211877 0.450339 0.318801 0.30203 0.188629 0.242411 0.296542 0.495801 0.226536 0.170853 0.118154 0.291433 0.336375
threshold=11.65 0.58957219251336912 0.74342105263157909 11.65 0.51315789473684215 0.80625000000000013 3.1500000000000008 5.7500000000000009 0.92582417582417598 1.2500000000000002 0.91987179487179505 1.0000000180025095e-35 1.7500000000000002 0.080128205128205135
decision_type=2 2 2 2 2 2 2 2 2 2 2 2 2 2
left_child=11 3 10 4 -2 -4 9 -8 -9 -7 -3 12 13 -1
right_child=1 2 5 -5 -6 6 7 8 -10 -11 -12 -13 -14 -15
leaf_value=0.00029368099352168782 0.0013375043965237023 -0.0043353795069594201 0.003057893182841592 -0.0020466975191892642 0.0054094416773637563 0.00031411082651684876 0.0037274396843291514 -0.0028110972928085468 0.0032072847013372972 -0.0038761925615676466 -0.00097280080855435358 -1.6765373297962867e-05 0.00026087707320366727 -0.00045969494477756902
leaf_weight=9816 1258 262 294 234 213 314 319 304 249 219 357 640038 48179 14957
leaf_count=9816 1258 262 294 234 213 314 319 304 249 219 357 640038 48179 14957
internal_value=-3.83919e-13 0.000535561 -8.68423e-05 0.00138174 0.00192712 0.000754478 0.000272483 0.00129942 -0.000101193 -0.00140761 -0.00239606 -3.02187e-06 0.000117556 -0.000161179
internal_weight=717013 4023 2318 1705 1471 1699 1405 872 553 533 619 712990 72952 24773
internal_count=717013 4023 2318 1705 1471 1699 1405 872 553 533 619 712990 72952 24773
is_linear=0
shrinkage=0.1


Tree=90
num_leaves=15
num_cat=0
split_feature=1 2 1 3 3 1 0 0 3 0 4 1 3 4
split_gain=0.110784 0.120016 1.12648 0.66947 0.559822 0.75447 0.697799 0.835251 0.769743 1.28715 0.729118 0.690631 0.684233 0.62213
threshold=17.650000000000002 7.1500000000000012 3.0500000000000003 -0.74999999999999989 -0.74999999999999989 5.7500000000000009 0.37797619047619052 0.41421568627450989 -6.2499999999999991 0.71008403361344552 0.53137254901960795 4.0500000000000007 -9.0499999999999989 0.65686274509803932
decision_type=2 2 2 2 2 2 2 2 2 2 2 2 2 2
left_child=1 -1 3 -3 5 6 -4 11 10 -10 12 -8 -9 -12
right_child=-2 2 4 -5 -6 -7 7 8 9 -11 13 -13 -14 -15
leaf_value=8.0156200963908668e-06 0.0021895914850554943 0.00083561446615361607 0.00017087814606288584 -0.0022257450262875029 0.0017315134644008243 -0.00019629800705844573 -0.0021076086612644598 0.0012168863421030233 -0.0012867081229939877 -0.0055371883874586565 0.0053015622809371556 -0.010042793574432532 -0.0031654706862826996 7.6384503250558162e-05
leaf_weight=685636 231 10223 2007 768 951 10717 214 515 2101 1078 307 225 1156 884
leaf_count=685636 231 10223 2007 768 951 10717 214 515 2101 1078 307 225 1156 884
internal_value=8.50992e-14 -7.05648e-07 -0.000192692 0.000621701 -0.0006368 -0.000754081 -0.00145842 -0.00196306 -0.001657 -0.00272805 -0.000467325 -0.00617462 -0.00181483 0.00142326
internal_weight=717013 716782 31146 10991 20155 19204 8487 6480 6041 3179 2862 439 1671 1191
internal_count=717013 716782 31146 10991 20155 19204 8487 6480 6041 3179 2862 439 1671 1191
is_linear=0
shrinkage=0.1


Tree=91
num_leaves=15
num_cat=0
split_feature=0 1 2 3 1 4 3 2 3 3 2 3 3 2
split_gain=0.0996564 0.82809 0.715744 0.980268 0.910454 1.18398 1.19285 0.898889 1.25712 0.878963 0.811576 0.802331 0.781131 0.939247
threshold=0.12916666666666668 1.5500000000000003 1.1500000000000001 -1.9499999999999997 0.25000000000000006 0.77525252525252542 0.55000000000000016 7.4500000000000011 -7.8499999999999988 3.5500000000000003 9.1500000000000004 5.4500000000000011 3.2500000000000004 5.7500000000000009
decision_type=2 2 2 2 2 2 2 2 2 2 2 2 2 2
left_child=1 2 4 7 -1 6 -6 -4 -9 -7 12 -11 13 -5
right_child=-2 -3 3 10 5 9 -8 8 -10 11 -12 -13 -14 -15
leaf_value=7.2166726791050443e-06 1.7082256182838544e-05 -0.0014278044316274156 -0.00033775271840366487 0.00093943823758813961 0.00073863073619037179 -0.0024651696946849772 -0.0010164978080126183 -0.0013456100216569311 0.002533916742377091 0.0022934022161066841 -0.0053414434639316565 -0.0023804855272024981 -0.0025827323619379986 0.0046239893387617732
leaf_weight=55033 592598 4406 21826 15130 6708 5252 9160 1218 2658 853 206 645 595 725
leaf_count=55033 592598 4406 21826 15130 6708 5252 9160 1218 2658 853 206 645 595 725
internal_value=-1.42761e-12 -8.13641e-05 -3.1931e-05 0.000298726 -0.000212302 -0.000746423 -0.000274539 -8.85376e-05 0.00131481 -0.00185574 0.000896315 0.000280947 0.00097443 0.00110792
internal_weight=717013 124415 120009 42358 77651 22618 15868 25702 3876 6750 16656 1498 16450 15855
internal_count=717013 124415 120009 42358 77651 22618 15868 25702 3876 6750 16656 1498 16450 15855
is_linear=0
shrinkage=0.1


Tree=92
num_leaves=15
num_cat=0
split_feature=1 3 1 4 3 4 0 2 0 1 1 3 4 0
split_gain=0.107383 1.03508 1.63518 0.888379 0.852806 0.967083 1.24671 0.793604 0.770332 0.796661 1.53291 0.765332 0.760644 0.693998
threshold=2.3500000000000001 4.4500000000000011 2.5500000000000003 0.87867647058823539 4.7500000000000009 0.23303167420814483 0.12916666666666668 -7.9499999999999993 0.46410256410256417 1.7500000000000002 1.0500000000000003 -2.4499999999999997 0.14835164835164838 0.53589743589743599
decision_type=2 2 2 2 2 2 2 2 2 2 2 2 2 2
left_child=4 12 -3 13 5 8 7 -7 9 10 -1 -8 -2 -4
right_child=1 2 3 -5 -6 6 11 -9 -10 -11 -12 -13 -14 -15
leaf_value=0.00013510659583202829 0.0002248816097043376 -0.0022739451936099331 -6.0958661039929156e-05 -0.00043804374161321522 -0.0005018415881825922 -0.0032626374251329749 0.001026805449347135 -1.8963914994274641e-05 -0.0012243734729091523 0.00046398199194519268 -0.0010111090363077028 0.00033102326377941471 -0.00014231083120724007 0.0010953741784285782
leaf_weight=30118 68090 2071 6645 6598 25615 761 20033 85346 6689 18299 19046 74976 329017 23709
leaf_count=30118 68090 2071 6645 6598 25615 761 20033 85346 6689 18299 19046 74976 329017 23709
internal_value=-1.0556e-12 -3.1057e-05 0.000460385 0.000613632 4.82225e-05 0.000103419 0.000227961 -4.7631e-05 -0.000200775 -9.92846e-05 -0.000308934 0.000477732 -7.93501e-05 0.000842234
internal_weight=717013 436130 39023 36952 280883 255268 181116 86107 74152 67463 49164 95009 397107 30354
internal_count=717013 436130 39023 36952 280883 255268 181116 86107 74152 67463 49164 95009 397107 30354
is_linear=0
shrinkage=0.1


Tree=93
num_leaves=15
num_cat=0
split_feature=4 3 0 1 3 0 0 0 3 0 2 1 3 0
split_gain=0.108817 0.517227 0.631123 0.50214 1.30662 1.32125 1.44295 1.11628 1.178 0.803062 0.686331 0.678635 1.77761 0.814207
threshold=0.54195804195804198 6.5500000000000007 0.39444444444444449 3.0500000000000003 6.8500000000000005 0.44097222222222227 0.71008403361344552 0.36038961038961048 1.4500000000000002 0.12916666666666668 0.25000000000000006 2.1500000000000008 -6.0499999999999989 0.20526315789473684
decision_type=2 2 2 2 2 2 2 2 2 2 2 2 2 2
left_child=1 -1 -3 4 5 11 10 8 9 -5 -7 13 -13 -2
right_child=3 2 -4 7 -6 6 -8 -9 -10 -11 -12 12 -14 -15
leaf_value=-5.9328688332891863e-05 1.8766612052772911e-05 -0.00020348040974684618 0.0011629522843241535 -0.0061609210963497925 -0.0014216661812928486 0.0017658514510426023 -0.0003950964828568276 -2.7238039029619664e-05 -0.0052120725728802475 -0.00054853094681605208 0.00056804589118161558 0.0039058684093270218 -0.00082179703747029356 0.00066941660806172656
leaf_weight=365979 78489 6005 7733 272 4942 12115 6779 181876 742 4067 7905 844 13790 25475
leaf_count=365979 78489 6005 7733 272 4942 12115 6779 181876 742 4067 7905 844 13790 25475
internal_value=-1.31001e-12 -3.67164e-05 0.000565673 4.13341e-05 0.000177398 0.000231749 0.000865903 -6.80796e-05 -0.00153001 -0.000900356 0.00129289 8.84529e-05 -0.000549134 0.0001782
internal_weight=717013 379717 13738 337296 150339 145397 26799 186957 5081 4339 20020 118598 14634 103964
internal_count=717013 379717 13738 337296 150339 145397 26799 186957 5081 4339 20020 118598 14634 103964
is_linear=0
shrinkage=0.1


Tree=94
num_leaves=15
num_cat=0
split_feature=1 2 3 3 1 4 2 3 0 4 4 4 0 3
split_gain=0.106499 0.306638 0.222684 0.491088 0.470733 0.444297 0.410337 0.388194 0.373233 0.48641 0.3859 0.388377 0.422709 0.368902
threshold=8.2500000000000018 2.3500000000000001 -1.8499999999999999 0.25000000000000006 8.3500000000000032 0.162280701754386 -5.3499999999999988 0.15000000000000005 0.95095693779904311 0.93541666666666679 0.75735294117647067 0.44949494949494956 0.90454545454545465 -3.3499999999999992
decision_type=2 2 2 2 2 2 2 2 2 2 2 2 2 2
left_child=-1 2 13 7 -5 -6 -7 8 9 10 11 -4 -13 -2
right_child=1 -3 3 4 5 6 -8 -9 -10 -11 -12 12 -14 -15
leaf_value=-8.4444199302051743e-06 4.2744214881524408e-05 -0.00012909148930993595 0.00016203320354193917 0.0036732728592592401 0.0032720927216324208 -0.0019275537621475454 0.00062752286386077213 -0.004256918463418748 0.0005266250104162851 -0.005166378716599535 0.0013805205783885971 -0.0049955831456613359 0.00018249407064310519 0.00194603727424614
leaf_weight=684167 1806 16453 635 530 559 713 5306 258 2648 275 623 467 238 2335
leaf_count=684167 1806 16453 635 530 559 713 5306 258 2648 275 623 467 238 2335
internal_value=-2.96396e-12 0.000175893 0.000481994 0.000267723 0.000806306 0.00057531 0.000324853 -0.000476494 -0.000276873 -0.00122757 -0.000675776 -0.0016318 -0.00324752 0.00111596
internal_weight=717013 32846 16393 12252 7108 6578 6019 5144 4886 2238 1963 1340 705 4141
internal_count=717013 32846 16393 12252 7108 6578 6019 5144 4886 2238 1963 1340 705 4141
is_linear=0
shrinkage=0.1


Tree=95
num_leaves=15
num_cat=0
split_feature=2 1 1 3 3 3 2 0 0 3 0 1 4 2
split_gain=0.0991319 0.741384 0.532791 0.505616 0.47523 0.688239 0.537401 0.534109 0.532584 1.01755 0.508435 1.29847 1.21309 0.746645
threshold=7.1500000000000012 3.0500000000000003 3.1500000000000008 -0.74999999999999989 -0.74999999999999989 -6.2499999999999991 9.0500000000000025 0.69615384615384623 0.85164835164835173 -7.0499999999999989 0.71008403361344552 5.6500000000000012 0.56696428571428581 8.8500000000000032
decision_type=2 2 2 2 2 2 2 2 2 2 2 2 2 2
left_child=-1 3 -3 -2 5 7 -6 -4 -9 -10 12 -12 -7 -14
right_child=1 2 4 -5 6 10 -8 8 9 -11 11 -13 13 -15
leaf_value=7.9430291448181541e-06 0.00067336446674529657 -0.004612840516788382 -0.00071236029801851253 -0.0019871120610635748 -0.00050735791596251141 -0.0015623578522010117 0.0043035910357440152 0.0020013991900552793 -0.0011569928343613987 0.0035972506967247007 -0.0051600385207410272 -0.0010542360847343513 0.0038040796734599607 -0.00054390555339971973
leaf_weight=685721 10223 315 4886 768 498 3331 435 2031 2114 572 984 3546 855 734
leaf_count=685721 10223 315 4886 768 498 3331 435 2031 2114 572 984 3546 855 734
internal_value=1.78643e-13 -0.000174061 -0.00053221 0.000487463 -0.000467896 -0.000575802 0.00173569 2.04097e-05 0.000779433 -0.000144548 -0.00118167 -0.00194609 -0.000477836 0.00179563
internal_weight=717013 31292 20301 10991 19986 19053 933 9603 4717 2686 9450 4530 4920 1589
internal_count=717013 31292 20301 10991 19986 19053 933 9603 4717 2686 9450 4530 4920 1589
is_linear=0
shrinkage=0.1


Tree=96
num_leaves=15
num_cat=0
split_feature=1 2 0 0 4 3 3 2 3 2 2 1 4 1
split_gain=0.10078 1.30461 1.06945 0.951116 1.0057 0.852681 0.637303 0.765624 0.790071 0.787368 0.634607 0.769111 0.593607 0.920012
threshold=4.0500000000000007 -4.2499999999999991 0.69615384615384623 0.54195804195804198 0.63961038961038974 10.450000000000001 -1.1499999999999997 14.250000000000002 -6.4499999999999993 5.2500000000000009 -4.1499999999999995 5.8500000000000005 0.36602870813397131 3.4500000000000006
decision_type=2 2 2 2 2 2 2 2 2 2 2 2 2 2
left_child=2 5 12 -3 6 -2 7 8 -5 -10 11 -6 -1 -14
right_child=1 3 -4 4 10 -7 -8 -9 9 -11 -12 -13 13 -15
leaf_value=-0.00011315299256106416 0.0006422101013426895 -0.0005712304238557832 -0.00047661697388991226 0.0011309508433166471 -0.0083627604101851379 0.0042003947352671506 0.00048202647455685847 -0.0037242630018357089 9.1567534600403848e-05 -0.00099860527509422893 -0.00016556442243610022 0.00014644337324069864 0.00019167573745242702 -0.00052936755048857539
leaf_weight=177453 23920 27875 47675 5926 209 693 58877 545 38780 7990 98440 216 209082 19332
leaf_count=177453 23920 27875 47675 5926 209 693 58877 545 38780 7990 98440 216 209082 19332
internal_value=2.77482e-12 4.91889e-05 -2.85747e-05 -2.22421e-05 5.02901e-05 0.000742394 0.000255309 4.5909e-06 4.3156e-05 -9.46732e-05 -0.000182212 -0.00403808 2.40544e-05 0.00013065
internal_weight=717013 263471 453542 238858 210983 24613 112118 53241 52696 46770 98865 425 405867 228414
internal_count=717013 263471 453542 238858 210983 24613 112118 53241 52696 46770 98865 425 405867 228414
is_linear=0
shrinkage=0.1


Tree=97
num_leaves=15
num_cat=0
split_feature=4 3 2 3 2 3 1 3 2 1 0 2 2 3
split_gain=0.11 0.285281 0.295516 0.27426 0.244614 0.564216 0.581736 0.430241 0.41467 0.394791 0.528509 1.00334 0.515384 0.505269
threshold=0.069047619047619066 1.8500000000000003 3.6500000000000008 -9.3499999999999996 -2.8499999999999992 1.4500000000000002 1.6500000000000001 1.0000000180025095e-35 -3.3499999999999992 1.6500000000000001 0.14835164835164835 3.4500000000000006 -2.0499999999999994 -3.3499999999999992
decision_type=2 2 2 2 2 2 2 2 2 2 2 2 2 2
left_child=1 3 -3 -1 5 6 7 -5 -8 10 12 -12 -6 -13
right_child=-2 2 -4 4 9 -7 8 -9 -10 -11 11 13 -14 -15
leaf_value=0.0021480361294728537 -1.3285451833298939e-05 0.00039249407502294094 0.0042267183423973622 0.00093623717659348455 -0.0034903033528084341 -0.0019362076449391326 -0.00046700581259568013 0.0054429903995439032 0.00277623309045731 9.5578197846053599e-05 -0.00076359116179439655 -0.0070505666618109033 0.0001514870237341601 -0.00175016916551369
leaf_weight=584 643032 20546 203 367 408 626 1425 501 545 34614 5260 409 8172 321
leaf_count=584 643032 20546 203 367 408 626 1425 501 545 34614 5260 409 8172 321
internal_value=1.22351e-12 0.000115475 0.000430007 -7.1242e-06 -3.10304e-05 0.000781188 0.00138059 0.00353749 0.000430235 -8.82345e-05 -0.000524919 -0.00124574 -2.1689e-05 -0.00471984
internal_weight=717013 73981 20749 53232 52648 3464 2838 868 1970 49184 14570 5990 8580 730
internal_count=717013 73981 20749 53232 52648 3464 2838 868 1970 49184 14570 5990 8580 730
is_linear=0
shrinkage=0.1


Tree=98
num_leaves=15
num_cat=0
split_feature=1 0 2 0 2 2 1 4 1 1 1 4 4 3
split_gain=0.105464 0.183298 0.162724 0.333844 0.162566 0.123833 0.118336 0.336299 0.157297 0.296193 0.228636 0.133661 0.0947418 0.217033
threshold=13.350000000000003 0.74342105263157909 7.7500000000000009 0.95095693779904311 5.4500000000000011 1.0500000000000003 12.750000000000002 0.58957219251336912 11.850000000000003 12.050000000000002 12.450000000000001 0.56696428571428581 1.0000000180025095e-35 -5.1499999999999995
decision_type=2 2 2 2 2 2 2 2 2 2 2 2 2 2
left_child=6 -2 4 -4 5 -3 8 -8 12 11 -11 -10 13 -1
right_child=1 2 3 -5 -6 -7 7 -9 9 10 -12 -13 -14 -15
leaf_value=0.00073182670069605433 -0.0016933616455567083 0.0032502722425874712 0.0023987145847376586 -0.0031217598826402712 0.0044689281155693939 0.00025819263239063549 0.0013641943977552406 -0.0033608597387744035 0.0048594214635776616 -0.0012247929105526694 0.0019765449867339274 0.0016059899753647451 -1.4996502351750667e-05 5.779571853405845e-05
leaf_weight=5139 241 212 229 210 220 398 259 360 215 592 358 306 640437 67837
leaf_count=5139 241 212 229 210 220 398 259 360 215 592 358 306 640437 67837
internal_value=2.30588e-13 0.000834847 0.00131499 -0.000242059 0.00213853 0.00129806 -1.76186e-06 -0.00138382 -5.65176e-07 0.00103245 -1.8394e-05 0.00294858 -2.69517e-06 0.000105261
internal_weight=717013 1510 1269 439 830 610 715503 619 714884 1471 950 521 713413 72976
internal_count=717013 1510 1269 439 830 610 715503 619 714884 1471 950 521 713413 72976
is_linear=0
shrinkage=0.1


Tree=99
num_leaves=15
num_cat=0
split_feature=0 2 1 3 2 3 2 2 3 2 3 3 2 2
split_gain=0.095714 0.682094 1.27431 1.13936 0.928282 0.791226 0.808118 0.724167 0.629686 1.05432 0.697755 0.64888 0.619531 0.61667
threshold=0.0930735930735931 -1.0499999999999998 0.55000000000000016 -1.2499999999999998 13.15 -7.6499999999999995 7.8500000000000005 3.7500000000000004 3.8500000000000001 -7.9499999999999993 11.050000000000002 8.1500000000000004 -9.3499999999999996 7.7500000000000009
decision_type=2 2 2 2 2 2 2 2 2 2 2 2 2 2
left_child=1 2 8 4 5 -3 -7 -5 9 12 11 -10 -1 -9
right_child=-2 3 -4 7 -6 6 -8 13 10 -11 -12 -13 -14 -15
leaf_value=-0.0016634690734098586 1.3950048491030797e-05 -0.0025525281563566517 -0.0025564775892975684 0.00042262979662570973 0.004167257814660443 -0.00039506896474528886 0.0018473837727935743 0.0031308644059257437 0.00023887282479969144 -0.00049486733507816537 -0.004297484077887573 0.0028318307715443579 -0.0091856319391446783 -0.002676918230062459
leaf_weight=217 625785 1594 2693 27097 455 27706 1706 1625 7819 18482 306 1101 221 206
leaf_count=217 625785 1594 2693 27097 455 27706 1706 1625 7819 18482 306 1101 221 206
internal_value=1.51786e-12 -9.56913e-05 -0.000478328 9.97108e-05 -0.000316798 -0.000382599 -0.000264999 0.00055269 -0.000279492 -0.000609785 0.00039785 0.000558923 -0.0054589 0.00247745
internal_weight=717013 91228 30839 60389 31461 31006 29412 28928 28146 18920 9226 8920 438 1831
internal_count=717013 91228 30839 60389 31461 31006 29412 28928 28146 18920 9226 8920 438 1831
is_linear=0
shrinkage=0.1


Tree=100
num_leaves=15
num_cat=0
split_feature=1 4 0 1 4 3 1 2 3 1 3 0 2 0
split_gain=0.0919946 0.0884407 0.413868 2.4821 0.664938 0.712068 0.696782 0.556011 0.526181 0.727925 0.756143 0.972362 0.705211 0.66754
threshold=17.650000000000002 0.54195804195804198 0.69615384615384623 2.9500000000000006 0.45804195804195807 2.3500000000000001 3.5500000000000003 -5.4499999999999993 -2.7499999999999996 0.95000000000000007 1.1500000000000001 0.53589743589743599 3.6500000000000008 0.17914438502673805
decision_type=2 2 2 2 2 2 2 2 2 2 2 2 2 2
left_child=1 2 8 -4 5 -5 7 -7 -1 12 -11 -12 13 -10
right_child=-2 -3 3 4 -6 6 -8 -9 9 10 11 -13 -14 -15
leaf_value=0.00016505609418359177 0.0019952859977477944 3.6628776515350341e-05 -0.0017647334287591934 0.00024693677634277745 -0.0003809083820624019 -0.0032916194384903703 0.0012750801891167412 0.00035696822182108552 -4.6794913994759969e-05 -0.00044648231003919142 -0.00025286971175069567 0.00055130234195821808 0.0018596383783005877 0.0010972904116383214
leaf_weight=62138 231 337168 6296 57491 12505 594 13332 1407 46311 97990 52410 21085 2324 5731
leaf_count=62138 231 337168 6296 57491 12505 594 13332 1407 46311 97990 52410 21085 2324 5731
internal_value=-1.37048e-12 -6.4303e-07 -3.37473e-05 0.000151367 0.000292747 0.000408424 0.00101392 -0.000726121 -9.26424e-05 -0.000163543 -0.000264627 -2.21606e-05 0.000155304 7.91947e-05
internal_weight=717013 716782 379614 91625 85329 72824 15333 2001 287989 225851 171485 73495 54366 52042
internal_count=717013 716782 379614 91625 85329 72824 15333 2001 287989 225851 171485 73495 54366 52042
is_linear=0
shrinkage=0.1


Tree=101
num_leaves=15
num_cat=0
split_feature=0 1 3 0 3 0 2 1 3 4 2 2 2 3
split_gain=0.0908077 1.17645 0.819785 0.654077 0.856112 0.842877 0.916033 0.759812 0.596482 0.587278 0.574575 0.674754 0.523496 0.527686
threshold=0.055727554179566548 0.15000000000000005 -3.4499999999999997 0.080128205128205135 -2.3499999999999992 0.0930735930735931 -0.74999999999999989 1.4500000000000002 4.6500000000000012 0.36038961038961043 5.4500000000000011 1.3500000000000003 2.8500000000000001 1.0500000000000003
decision_type=2 2 2 2 2 2 2 2 2 2 2 2 2 2
left_child=2 -2 -1 4 7 6 -5 10 -6 -8 11 -3 -4 -14
right_child=1 3 12 5 8 -7 9 -9 -10 -11 -12 -13 13 -15
leaf_value=-0.00088653301933622186 0.001327820953626771 0.0075434703483831054 -5.9619016212887267e-05 -0.0021834928255457871 0.00060671032103021326 5.2865226477513807e-06 0.0012124884981099151 -0.0021437841932845899 -0.0048249159724912992 -0.00076020636768129126 0.0072055703094356842 0.0011231944758652739 0.0012090367938512104 -0.0018781710287907951
leaf_weight=11356 6724 215 55758 3588 2786 620836 2023 233 218 5941 401 686 5634 614
leaf_count=11356 6724 215 55758 3588 2786 620836 2023 233 218 5941 401 686 5634 614
internal_value=8.45216e-13 1.20146e-05 -0.000105411 -1.87632e-06 0.00119426 -1.04617e-05 -0.000856812 0.0031155 0.000212538 -0.000259106 0.00405668 0.00265522 3.7646e-05 0.000905652
internal_weight=717013 643651 73362 636927 4539 632388 11552 1535 3004 7964 1302 901 62006 6248
internal_count=717013 643651 73362 636927 4539 632388 11552 1535 3004 7964 1302 901 62006 6248
is_linear=0
shrinkage=0.1


Tree=102
num_leaves=15
num_cat=0
split_feature=2 0 0 1 3 0 2 1 2 1 3 0 1 3
split_gain=0.0862653 0.573939 0.58623 0.935206 0.488328 0.489792 0.623343 0.458963 0.600847 0.395015 0.431474 0.895953 0.416523 0.444461
threshold=7.1500000000000012 0.39444444444444449 0.40454545454545465 3.5500000000000003 -1.0000000180025095e-35 0.37171052631578955 9.2500000000000018 4.8500000000000005 11.450000000000001 5.6500000000000012 -1.0000000180025095e-35 0.65686274509803932 2.3500000000000001 -8.6499999999999968
decision_type=2 2 2 2 2 2 2 2 2 2 2 2 2 2
left_child=-1 4 3 -3 5 7 -7 -2 -9 10 12 -12 -4 -14
right_child=1 2 9 -5 -6 6 -8 8 -10 -11 11 -13 13 -15
leaf_value=7.4096463403463502e-06 0.00051963895494885025 0.00063768961323568455 0.0020533726216597349 -0.0076083443615560051 -0.0027257792322124726 0.00013350259072478511 0.0063674168253783142 -0.003632257268141727 0.0018505601814773011 -2.8033910788874879e-05 -0.0023032408282241397 0.0066451676494617895 0.00042778292547362951 -0.0017336286269880566
leaf_weight=685721 10559 260 379 292 493 329 313 607 298 10720 231 217 1153 5441
leaf_count=685721 10559 260 379 292 493 329 313 607 298 10720 231 217 1153 5441
internal_value=-2.77478e-13 -0.000162372 -0.000513969 -0.00372434 0.000359288 0.000484923 0.00317278 0.000334399 -0.00182687 -0.000416283 -0.000977127 0.00203114 -0.0011704 -0.00135569
internal_weight=717013 31292 18693 552 12599 12106 642 11464 905 18141 7421 448 6973 6594
internal_count=717013 31292 18693 552 12599 12106 642 11464 905 18141 7421 448 6973 6594
is_linear=0
shrinkage=0.1


Tree=103
num_leaves=15
num_cat=0
split_feature=0 1 3 4 1 4 3 3 1 1 3 3 2 2
split_gain=0.0858418 0.469923 0.606706 0.676511 0.961541 0.544696 0.522309 0.842297 0.701706 0.639744 0.812228 0.532672 0.495355 0.545697
threshold=0.26491228070175438 1.6500000000000001 -3.4499999999999997 0.26969696969696971 2.7500000000000004 0.91287878787878796 0.8500000000000002 0.45000000000000007 2.0500000000000003 3.0500000000000003 -1.7499999999999998 1.2500000000000002 4.2500000000000009 1.1500000000000001
decision_type=2 2 2 2 2 2 2 2 2 2 2 2 2 2
left_child=1 -1 5 6 -5 -3 7 9 -9 10 -4 -8 13 -12
right_child=-2 2 3 4 -6 -7 11 8 -10 -11 12 -13 -14 -15
leaf_value=1.5478874752665207e-05 2.1992156614590378e-05 0.00013768000088193669 -0.0017673180391642015 -0.00065465520606541156 -0.0026268141748619894 0.0033003184165465108 -0.0035008085140098748 0.0005461223062405723 0.0071717899076809942 0.002784263072407955 0.0013420854538855041 -0.0004327849823433568 0.0054287310788835707 -0.0013315738004713419
leaf_weight=169859 510699 8066 2116 12561 3078 584 650 310 330 813 2193 4374 209 1171
leaf_count=169859 510699 8066 2116 12561 3078 584 650 310 330 813 2193 4374 209 1171
internal_value=1.48726e-12 -5.44382e-05 -0.000380211 -0.000607751 -0.00104281 0.000351204 -4.85001e-05 0.000501047 0.00396248 0.000160333 -0.000214646 -0.000829723 0.000704877 0.000411391
internal_weight=717013 206314 36455 27805 15639 8650 12166 7142 640 6502 5689 5024 3573 3364
internal_count=717013 206314 36455 27805 15639 8650 12166 7142 640 6502 5689 5024 3573 3364
is_linear=0
shrinkage=0.1


Tree=104
num_leaves=15
num_cat=0
split_feature=1 2 0 4 4 4 2 2 3 3 3 0 0 2
split_gain=0.0799875 0.167585 0.156062 0.0959494 0.0776663 0.216166 0.454489 0.588804 0.482537 0.439982 0.429707 0.39777 0.540624 0.412857
threshold=14.050000000000002 11.450000000000001 0.91987179487179505 0.58957219251336912 1.0000000180025095e-35 0.093073593073593086 1.1500000000000001 1.4500000000000002 -2.4499999999999997 -0.24999999999999997 -0.94999999999999984 0.44949494949494956 0.12916666666666668 1.0000000180025095e-35
decision_type=2 2 2 2 2 2 2 2 2 2 2 2 2 2
left_child=4 2 -2 -4 -1 6 8 -8 -6 10 -9 12 13 -10
right_child=1 -3 3 -5 5 -7 7 9 11 -11 -12 -13 -14 -15
leaf_value=9.6383582310636913e-05 -0.00028104138349393712 -0.0015022071038102692 0.0042995633224329668 0.0015074347698366241 -0.0030708294176297075 -2.5890189032093965e-06 0.003026270243443483 -0.00012853009238145737 0.0017518824596595103 0.0017840526329947878 -0.0031184170341133337 9.2438488125623348e-05 -0.0018463429282892033 -0.0025774316779240288
leaf_weight=73118 296 231 202 315 859 625021 679 5580 861 1103 526 4394 3532 296
leaf_count=73118 296 231 202 315 859 625021 679 5580 861 1103 526 4394 3532 296
internal_value=2.1759e-12 0.00087467 0.00155002 0.00259836 -1.27541e-06 -1.23832e-05 -0.000355712 0.000211101 -0.000805421 -5.4054e-05 -0.000386093 -0.000591177 -0.00123178 0.000644296
internal_weight=717013 1044 813 517 715969 642851 17830 7888 9942 7209 6106 9083 4689 1157
internal_count=717013 1044 813 517 715969 642851 17830 7888 9942 7209 6106 9083 4689 1157
is_linear=0
shrinkage=0.1


Tree=105
num_leaves=15
num_cat=0
split_feature=0 0 3 2 3 1 0 4 2 3 4 2 2 3
split_gain=0.0823657 0.948383 0.768814 0.716595 1.00978 0.714909 0.728889 0.682351 0.77008 0.711946 0.819257 0.803139 0.782318 0.661894
threshold=0.055727554179566548 0.074175824175824148 -0.6499999999999998 2.2500000000000004 2.3500000000000001 0.25000000000000006 0.29705882352941188 0.74342105263157909 -2.3499999999999992 1.4500000000000002 0.54195804195804198 -2.0499999999999994 -1.4499999999999997 4.1500000000000012
decision_type=2 2 2 2 2 2 2 2 2 2 2 2 2 2
left_child=2 -2 -1 7 -5 6 -3 8 13 -10 11 -11 -12 -4
right_child=1 5 3 4 -6 -7 -8 -9 9 10 12 -13 -14 -15
leaf_value=-0.00047631444019443758 0.0025030781563805311 0.00075305384635805358 -0.00094381733490709891 0.0025768596456577759 -0.0031933184975805953 -1.1133393266329453e-05 -0.0052064405659061428 -0.00059372300907039807 0.00021886721556300644 0.0044621618822340784 6.5916051017214173e-05 0.00047831419903707851 0.0047600168651059779 0.00057735005333567856
leaf_weight=31238 1524 15415 6674 2231 351 626504 208 11058 9857 568 497 4639 1243 5006
leaf_count=31238 1524 15415 6674 2231 351 626504 208 11058 9857 568 497 4639 1243 5006
internal_value=1.44456e-12 1.14425e-05 -0.000100392 0.000178382 0.00179246 5.52892e-06 0.000673711 7.29865e-05 0.000331815 0.000765308 0.00154065 0.000912888 0.00341923 -0.000291851
internal_weight=717013 643651 73362 42124 2582 642127 15623 39542 28484 16804 6947 5207 1740 11680
internal_count=717013 643651 73362 42124 2582 642127 15623 39542 28484 16804 6947 5207 1740 11680
is_linear=0
shrinkage=0.1


Tree=106
num_leaves=15
num_cat=0
split_feature=0 1 1 2 1 3 3 0 3 1 0 4 4 1
split_gain=0.0812993 0.623064 0.624558 0.77047 0.452639 0.689863 0.604171 0.501215 0.539283 0.621896 0.662418 0.50901 0.469895 0.54512
threshold=0.22649572649572655 5.9500000000000011 4.0500000000000007 1.9500000000000002 1.6500000000000001 -3.4499999999999997 -2.1499999999999999 0.162280701754386 -6.0499999999999989 1.8500000000000003 0.12132352941176473 0.38675213675213682 0.087121212121212141 3.0500000000000003
decision_type=2 2 2 2 2 2 2 2 2 2 2 2 2 2
left_child=1 2 4 -4 -1 7 12 8 -6 -10 -11 -12 -7 -14
right_child=-2 -3 3 -5 5 6 -8 -9 9 10 11 -13 13 -15
leaf_value=-2.0021157221856238e-06 1.9921540615970387e-05 -0.0043338186335270569 -0.0014311737872332313 0.0046213325280727163 0.0015290814402451705 -0.0047468431083462943 -0.00051202200338241576 0.0011830945138498682 0.001677395574758515 -0.00033534601035401646 -0.0089731479916120259 -0.0026170332070440056 -0.00096996997094656143 -0.0058378857962700188
leaf_weight=160915 531115 340 321 610 636 537 15188 3680 326 391 254 250 2193 257
leaf_count=160915 531115 340 321 610 636 537 15188 3680 326 391 254 250 2193 257
internal_value=-4.23421e-12 -5.69163e-05 -4.90797e-05 0.00253449 -6.21076e-05 -0.000469997 -0.00076771 0.000507234 -0.000832112 -0.00206202 -0.00342409 -0.00582031 -0.00206781 -0.0014806
internal_weight=717013 185898 185558 931 184627 23712 18175 5537 1857 1221 895 504 2987 2450
internal_count=717013 185898 185558 931 184627 23712 18175 5537 1857 1221 895 504 2987 2450
is_linear=0
shrinkage=0.1


Tree=107
num_leaves=15
num_cat=0
split_feature=0 2 3 1 3 3 3 4 2 4 4 2 4 4
split_gain=0.0780095 0.537398 0.638167 0.478283 0.969599 0.46016 0.591746 0.460213 0.764768 0.459901 0.665925 0.885238 0.821215 0.539134
threshold=0.10263157894736842 -3.3499999999999992 2.6500000000000008 0.25000000000000006 5.0500000000000007 10.850000000000003 8.6500000000000004 0.85164835164835173 -3.9499999999999997 0.72474747474747481 0.58957219251336912 13.15 0.6132478632478634 0.82843137254901966
decision_type=2 2 2 2 2 2 2 2 2 2 2 2 2 2
left_child=1 2 -1 5 -5 6 7 -4 -9 10 11 -3 -12 -11
right_child=-2 9 3 4 -6 -7 -8 8 -10 13 12 -13 -14 -15
leaf_value=-0.0015949737467160436 1.3356837051315099e-05 -1.8124608690834676e-05 0.00034714498107476518 0.00067347897009401611 -0.0041821447447132828 -0.0035467403220144538 0.0030227684074613666 -0.0026014708871109687 0.0040177637852691845 -0.0009983657776213991 0.0026520261688503105 0.005458384312482344 0.00045073793570788145 -3.1063016700716538e-05
leaf_weight=4718 616002 47550 6437 820 825 334 700 1209 204 8245 2122 297 8417 19133
leaf_count=4718 616002 47550 6437 820 825 334 700 1209 204 8245 2122 297 8417 19133
internal_value=1.5475e-12 -8.14549e-05 -0.000628501 -0.000195429 -0.00176171 9.45908e-05 0.000236837 -1.15901e-05 -0.00164583 1.57983e-05 0.00017437 1.58696e-05 0.000893962 -0.00032237
internal_weight=717013 101011 15247 10529 1645 8884 8550 7850 1413 85764 58386 47847 10539 27378
internal_count=717013 101011 15247 10529 1645 8884 8550 7850 1413 85764 58386 47847 10539 27378
is_linear=0
shrinkage=0.1


Tree=108
num_leaves=15
num_cat=0
split_feature=2 1 3 3 3 1 0 4 0 4 2 1 0 0
split_gain=0.0819526 0.590879 0.568519 0.445985 0.575827 0.535549 0.780995 1.03441 0.775475 0.58725 0.451224 0.433414 0.420858 0.413231
threshold=6.8500000000000005 3.0500000000000003 -0.74999999999999989 -1.0499999999999998 -6.2499999999999991 5.5500000000000007 0.73030303030303034 0.58114035087719318 0.71008403361344552 0.55050505050505061 11.250000000000002 4.9500000000000011 0.82085561497326209 0.90454545454545465
decision_type=2 2 2 2 2 2 2 2 2 2 2 2 2 2
left_child=-1 2 -2 4 -3 8 7 10 9 11 -7 -6 -8 -5
right_child=1 3 -4 13 5 6 12 -9 -10 -11 -12 -13 -14 -15
leaf_value=7.6203279016872529e-06 0.00059764275761331768 -3.4461416294788634e-05 -0.0020734641099481245 0.00040290435902383837 -0.0014457978200885196 -0.001284668378624939 -0.0031461272753228898 0.0039253951200519856 -0.0042823542373119942 0.00062382758797553347 0.0033255869238527388 -0.0048998691501245572 -0.0007346706050367015 0.0047236707289423467
leaf_weight=682346 11348 10408 857 1016 1921 1293 971 787 1049 1190 254 448 2842 283
leaf_count=682346 11348 10408 857 1016 1921 1293 971 787 1049 1190 254 448 2842 283
internal_value=-2.25705e-12 -0.00014999 0.000410085 -0.000454314 -0.000564709 -0.00107785 -0.000466881 0.000973826 -0.00189287 -0.00118858 -0.000527716 -0.00209899 -0.00134876 0.00134423
internal_weight=717013 34667 12205 22462 21163 10755 6147 2334 4608 3559 1547 2369 3813 1299
internal_count=717013 34667 12205 22462 21163 10755 6147 2334 4608 3559 1547 2369 3813 1299
is_linear=0
shrinkage=0.1


Tree=109
num_leaves=15
num_cat=0
split_feature=1 0 4 2 2 4 4 4 4 4 4 4 2 2
split_gain=0.0763239 0.147262 0.321962 0.277978 0.601208 0.343482 0.676628 0.26798 0.338017 0.16282 0.149997 0.141138 0.137889 0.406197
threshold=10.850000000000003 0.87867647058823539 0.162280701754386 3.4500000000000006 1.9500000000000002 0.87083333333333346 0.6132478632478634 0.22649572649572652 0.44949494949494956 0.38675213675213682 0.45804195804195807 0.069047619047619066 1.4500000000000002 -0.34999999999999992
decision_type=2 2 2 2 2 2 2 2 2 2 2 2 2 2
left_child=-1 3 11 4 -2 6 7 -5 -9 -4 -11 -3 13 -12
right_child=1 2 9 5 -6 -7 -8 8 -10 10 12 -13 -14 -15
leaf_value=-3.1423219971349913e-06 0.00065085645018586223 0.0012126139905796244 -0.0011418106965154615 -0.0010787740506590232 -0.0065693730058502264 0.0040598671675379418 -0.003872444364967901 0.0051274445302217139 -0.00021640785312829737 0.0032217916103456029 0.0014703900217264197 0.0047288715869755202 0.0008790892487638215 -0.002406600774959182
leaf_weight=710423 262 208 617 291 206 206 373 268 212 208 537 253 2405 544
leaf_count=710423 262 208 617 291 206 206 373 268 212 208 537 253 2405 544
internal_value=2.76084e-12 0.000338753 0.000630528 -0.000427119 -0.00252728 0.000300937 -0.000375934 0.00131563 0.00276724 0.000361924 0.000613089 0.00314236 0.000457435 -0.000480658
internal_weight=717013 6590 4772 1818 468 1350 1144 771 480 4311 3694 461 3486 1081
internal_count=717013 6590 4772 1818 468 1350 1144 771 480 4311 3694 461 3486 1081
is_linear=0
shrinkage=0.1


Tree=110
num_leaves=15
num_cat=0
split_feature=2 0 0 1 3 0 2 4 4 2 2 3 3 0
split_gain=0.0713695 0.375582 0.479093 0.747107 0.345935 0.396779 0.497428 0.374329 0.764519 0.505204 0.496063 0.449506 0.688753 0.514516
threshold=7.1500000000000012 0.39444444444444449 0.40454545454545465 3.5500000000000003 0.75000000000000011 0.37171052631578955 9.2500000000000018 0.17914438502673799 0.24264705882352944 8.3500000000000032 14.050000000000002 -6.4499999999999993 -6.7499999999999991 0.15587044534412961
decision_type=2 2 2 2 2 2 2 2 2 2 2 2 2 2
left_child=-1 4 3 -3 5 7 -7 10 9 -9 -2 12 -10 -13
right_child=1 2 -4 -5 -6 6 -8 8 11 -11 -12 13 -14 -15
leaf_value=6.7396275619700731e-06 -0.0012323446372325061 0.00056442182797652031 -0.00034380241131332014 -0.0068058389248581586 -0.0028626507437823356 6.2846280428835509e-05 0.0056013024027227231 -8.4452369106067742e-05 -0.00010895514902867544 0.0058896723737437012 0.003367537821366175 0.0019060762076160906 -0.0049220345412992359 -0.00023694319155866605
leaf_weight=685721 2473 260 18141 292 342 332 317 213 3379 422 259 2517 326 2019
leaf_count=685721 2473 260 18141 292 342 332 317 213 3379 422 259 2517 326 2019
internal_value=1.0964e-12 -0.00014769 -0.000432112 -0.00333434 0.000274305 0.000361834 0.00276807 0.000227302 0.000542352 0.00388575 -0.000796265 0.00028473 -0.000532454 0.000952206
internal_weight=717013 31292 18693 552 12599 12257 649 11608 8876 635 2732 8241 3705 4536
internal_count=717013 31292 18693 552 12599 12257 649 11608 8876 635 2732 8241 3705 4536
is_linear=0
shrinkage=0.1


Tree=111
num_leaves=15
num_cat=0
split_feature=0 2 3 1 3 2 2 4 2 4 3 2 4 1
split_gain=0.0733626 0.447767 0.786877 0.629581 0.550627 0.501987 0.491449 0.413884 0.704444 0.633489 0.708342 0.690256 0.477265 0.475981
threshold=0.10263157894736842 -7.1499999999999995 4.3500000000000005 0.35000000000000003 11.050000000000002 -6.4499999999999993 -6.2499999999999991 0.72474747474747481 -5.5499999999999989 0.58114035087719318 -6.2499999999999991 13.15 0.88562091503267981 0.75000000000000011
decision_type=2 2 2 2 2 2 2 2 2 2 2 2 2 2
left_child=1 2 -1 4 -4 -3 -7 9 12 11 -11 13 -9 -8
right_child=-2 5 3 -5 -6 6 7 8 -10 10 -12 -13 -14 -15
leaf_value=-0.003466852811852628 1.295290732079616e-05 0.0021157542061761981 0.00071292122087544135 -0.0039812249545996756 -0.0040276356644907913 -0.0037166371195999494 2.2141490944083459e-05 -0.00087725693152762921 -0.00029276815304894364 -0.0027979818074809343 0.00089839413644064421 0.004793447125320361 -0.0074861098871633466 -0.00095319893286852401
leaf_weight=1046 616002 1073 2470 405 272 366 46836 209 29747 542 11922 292 229 5602
leaf_count=1046 616002 1073 2470 405 272 366 46836 209 29747 542 11922 292 229 5602
internal_value=-1.23005e-13 -7.89916e-05 -0.0010907 -0.000300921 0.000242669 -3.51762e-05 -5.92814e-05 -4.52469e-05 -0.000351388 9.64971e-05 0.000737656 -5.50562e-05 -0.00433257 -8.2055e-05
internal_weight=717013 101011 4193 3147 2742 96818 95745 95379 30185 65194 12464 52730 438 52438
internal_count=717013 101011 4193 3147 2742 96818 95745 95379 30185 65194 12464 52730 438 52438
is_linear=0
shrinkage=0.1


Tree=112
num_leaves=15
num_cat=0
split_feature=1 3 3 0 4 4 1 4 0 4 0 3 2 1
split_gain=0.071169 1.14709 0.989137 0.886011 1.0964 0.84441 0.81511 0.813643 1.38622 0.79209 0.819267 1.10841 0.794927 0.7404
threshold=2.6500000000000008 5.0500000000000007 5.0500000000000007 0.6858552631578948 0.58114035087719318 0.13961038961038963 2.0500000000000003 0.23303167420814483 0.20526315789473684 0.26491228070175443 0.2752525252525253 -3.4499999999999997 11.15 2.5500000000000003
decision_type=2 2 2 2 2 2 2 2 2 2 2 2 2 2
left_child=2 9 3 7 5 -5 -4 -1 -9 -2 11 12 -11 -7
right_child=1 -3 6 4 -6 13 -8 8 -10 10 -12 -13 -14 -15
leaf_value=-0.00014653964483509851 0.0001704456519126712 0.00060068295787296688 -0.00028277897780954982 0.00035534601856970413 0.00034135148584839682 -0.0037049660659430566 -0.0017148610748768884 7.8257049386922709e-06 0.00054809549579627412 -0.00018691162980078447 -0.000131609527480016 -0.0021750707155741619 0.0053827647322387184 0.00068999439923113197
leaf_weight=82911 98932 27112 19747 1003 3262 2433 4976 117137 79875 2146 272284 4449 291 455
leaf_count=82911 98932 27112 19747 1003 3262 2433 4976 117137 79875 2146 272284 4449 291 455
internal_value=-1.61652e-12 -2.76361e-05 3.59159e-05 8.81847e-05 -0.00101081 -0.00214439 -0.000571014 0.000116268 0.000226868 -7.26901e-05 -0.000158852 -0.00123608 0.000478158 -0.00301255
internal_weight=717013 405214 311799 287076 7153 3891 24723 279923 197012 378102 279170 6886 2437 2888
internal_count=717013 405214 311799 287076 7153 3891 24723 279923 197012 378102 279170 6886 2437 2888
is_linear=0
shrinkage=0.1


Tree=113
num_leaves=15
num_cat=0
split_feature=1 2 3 1 3 4 0 3 3 1 3 4 2 4
split_gain=0.074562 0.205859 0.243306 0.331046 0.453222 0.258672 0.244808 0.196002 0.37405 0.382926 0.317375 0.311402 0.365693 0.337603
threshold=8.2500000000000018 2.3500000000000001 -1.0000000180025095e-35 8.8500000000000032 0.65000000000000002 0.73030303030303034 0.36038961038961048 -1.8499999999999999 0.25000000000000006 8.3500000000000032 0.15000000000000005 0.162280701754386 -5.3499999999999988 0.82843137254901966
decision_type=2 2 2 2 2 2 2 2 2 2 2 2 2 2
left_child=-1 7 6 -4 -5 -6 -3 -2 10 -10 -9 -11 13 -13
right_child=1 2 3 4 5 -7 -8 8 9 11 -12 12 -14 -15
leaf_value=-7.0657065981103696e-06 0.000992755554536892 -0.0030784104633229704 0.0011500985251994532 -0.0050584612936300224 0.0015046351259488122 -0.003141012525557191 5.8417375090298109e-05 -0.00027205572458206638 0.0032527874481978491 0.0027163786318565287 -0.0038707945108244039 -0.0038801798522484447 0.00053470905488351209 0.00048679449208883927
leaf_weight=684167 4141 253 348 386 281 209 14976 4886 530 559 258 386 5306 327
leaf_count=684167 4141 253 348 386 281 209 14976 4886 530 559 258 386 5306 327
internal_value=-4.50275e-13 0.000147175 -0.000102716 -0.00145915 -0.0024957 -0.000476876 6.30513e-06 0.000397981 0.000196956 0.000666999 -0.000452552 0.000458658 0.000248978 -0.00187737
internal_weight=717013 32846 16453 1224 876 490 15229 16393 12252 7108 5144 6578 6019 713
internal_count=717013 32846 16453 1224 876 490 15229 16393 12252 7108 5144 6578 6019 713
is_linear=0
shrinkage=0.1


Tree=114
num_leaves=15
num_cat=0
split_feature=4 3 2 2 2 3 2 1 0 3 2 3 3 2
split_gain=0.0701756 0.229728 0.291537 0.220026 0.874283 0.825849 0.696463 0.521503 0.397825 0.742367 0.742632 0.78215 0.571303 0.448232
threshold=0.07417582417582419 1.8500000000000003 3.6500000000000008 2.2500000000000004 2.1500000000000008 -1.7499999999999998 2.5500000000000003 4.1500000000000012 0.51315789473684215 -0.94999999999999984 3.3500000000000001 -1.4499999999999997 -2.8499999999999992 2.7500000000000004
decision_type=2 2 2 2 2 2 2 2 2 2 2 2 2 2
left_child=1 3 -3 4 -1 -6 7 -5 9 10 12 -12 -8 -10
right_child=-2 2 -4 6 5 -7 8 -9 13 -11 11 -13 -14 -15
leaf_value=-9.1400923003543251e-05 -1.0671133514280772e-05 0.00033600196855965614 0.0041166525300212423 0.0031642532499772391 -0.00716969898428049 0.00015438656622011749 0.00026125741113644567 -0.00084858104866810237 -0.0027843613235834039 -0.0024025005816341698 -0.00066564125605375656 0.0042869527471154486 0.003777903908875474 0.0010318092768993564
leaf_weight=36114 642284 20672 206 1312 342 280 1045 430 329 1437 6626 335 828 4773
leaf_count=36114 642284 20672 206 1312 342 280 1045 430 329 1437 6626 335 828 4773
internal_value=-6.01098e-13 9.17167e-05 0.000373305 -1.74549e-05 -0.000155424 -0.00387268 0.000278685 0.00217371 6.39489e-05 -0.000294585 4.8303e-05 -0.000427296 0.00181587 0.000785725
internal_weight=717013 74729 20878 53851 36736 622 17115 1742 15373 10271 8834 6961 1873 5102
internal_count=717013 74729 20878 53851 36736 622 17115 1742 15373 10271 8834 6961 1873 5102
is_linear=0
shrinkage=0.1


Tree=115
num_leaves=15
num_cat=0
split_feature=4 2 3 4 2 3 0 0 0 3 1 1 1 0
split_gain=0.0735172 0.373856 0.355524 0.630787 0.486825 0.593175 0.361314 0.442127 0.349861 1.08748 0.986597 0.589881 0.811118 0.764682
threshold=0.54195804195804198 -17.249999999999996 -4.8499999999999988 0.43303571428571436 7.1500000000000012 -6.9499999999999993 0.71825396825396837 0.30384615384615393 0.77097902097902116 -1.0499999999999998 1.9500000000000002 4.1500000000000012 3.9500000000000006 0.86038961038961048
decision_type=2 2 2 2 2 2 2 2 2 2 2 2 2 2
left_child=1 -1 3 -3 -5 -6 7 -7 -4 11 -11 12 -10 -14
right_child=-2 2 8 4 5 6 -8 -9 9 10 -12 -13 13 -15
leaf_value=0.0025633305380213167 3.3974675157742678e-05 0.0004820039987546345 -0.0001096116341821085 -3.428750403944126e-05 -0.00053201428153723789 -0.0024856388136614725 -0.00075260099934153181 -0.0082897617772943431 -0.00091084613948515822 -0.0051810576437884516 0.00051018742529719411 -0.00018333857433325745 -0.0082259358613608544 -0.0011812897114883377
leaf_weight=555 337296 26998 286639 3761 1085 244 216 284 3030 307 38912 17068 325 293
leaf_count=555 337296 26998 286639 3761 1085 244 216 284 3030 307 38912 17068 325 293
internal_value=-1.16301e-12 -3.01791e-05 -3.39754e-05 0.000281809 -0.00068507 -0.00202328 -0.00419805 -0.00560755 -6.36683e-05 0.000156056 0.000465637 -0.000430036 -0.00158427 -0.004886
internal_weight=717013 379717 379162 32588 5590 1829 744 528 346574 59935 39219 20716 3648 618
internal_count=717013 379717 379162 32588 5590 1829 744 528 346574 59935 39219 20716 3648 618
is_linear=0
shrinkage=0.1


Tree=116
num_leaves=15
num_cat=0
split_feature=1 3 3 1 4 0 4 4 0 4 0 3 3 2
split_gain=0.0727416 0.908905 0.839222 1.01597 0.706544 0.75226 0.748494 0.698512 0.690742 0.623679 0.652247 0.899943 0.696737 0.659531
threshold=2.6500000000000008 5.0500000000000007 4.4500000000000011 1.8500000000000003 0.88562091503267981 0.31698564593301437 0.8973684210526317 0.86515151515151534 0.37797619047619052 0.26491228070175443 0.2752525252525253 -3.4499999999999997 -3.1499999999999999 10.850000000000003
decision_type=2 2 2 2 2 2 2 2 2 2 2 2 2 2
left_child=2 9 -1 4 -4 6 -6 -3 -5 -2 11 13 -13 -11
right_child=1 7 3 8 5 -7 -8 -9 -10 10 -12 12 -14 -15
leaf_value=9.2023276588980516e-05 0.00014770125882996544 0.00078598226036888364 -0.00032650918431872917 -0.0022904094085307155 0.0056067684700079404 0.0051433573795352568 0.00015580677530960678 -0.00048047480699708596 -0.00052810475664469671 -0.00020521510785542651 -0.00012019229136160021 -0.0072391766325720606 -0.0016555804852240127 0.0046401104852442209
leaf_weight=279560 98932 21661 19915 4184 278 430 2684 5451 4748 2113 272284 236 4213 324
leaf_count=279560 98932 21661 19915 4184 278 430 2684 5451 4748 2113 272284 236 4213 324
internal_value=-2.90625e-13 -2.79398e-05 3.63105e-05 -0.000446802 -9.928e-05 0.00123482 0.00066741 0.000531355 -0.00135362 -6.80443e-05 -0.0001445 -0.00110567 -0.00195177 0.000438973
internal_weight=717013 405214 311799 32239 23307 3392 2962 27112 8932 378102 279170 6886 4449 2437
internal_count=717013 405214 311799 32239 23307 3392 2962 27112 8932 378102 279170 6886 4449 2437
is_linear=0
shrinkage=0.1


Tree=117
num_leaves=15
num_cat=0
split_feature=4 3 2 2 2 4 2 1 0 0 4 3 0 1
split_gain=0.0752473 0.338116 0.372588 0.399968 0.345481 0.72273 0.355526 0.341502 0.538088 0.480736 0.349229 0.33051 0.466722 0.748317
threshold=0.54195804195804198 6.7500000000000009 -1.0000000180025095e-35 -6.6499999999999995 -5.6499999999999995 0.12132352941176472 -5.9499999999999993 3.8500000000000001 0.69615384615384623 0.61721611721611735 0.087121212121212141 -2.7499999999999996 0.77097902097902116 2.9500000000000006
decision_type=2 2 2 2 2 2 2 2 2 2 2 2 2 2
left_child=1 11 3 7 5 -5 -7 8 9 -3 -9 -1 -13 -14
right_child=-2 2 -4 4 -6 6 -8 10 -10 -11 -12 12 13 -15
leaf_value=0.00012865068504106531 3.4372120587267652e-05 -0.00018147634094718481 -0.0032238355391430405 0.0066413553092536676 0.00079443510408650257 -0.0001660262936217926 0.0043849178885689895 -0.0018149070834070702 -0.0030417298379665251 0.0035733238012309134 0.0019957459685205014 -0.00015718657870468329 -0.0014203137345905677 0.00027658385984696078
leaf_weight=82361 337296 4810 265 344 3353 579 244 289 616 367 1433 235903 2753 46400
leaf_count=82361 337296 4810 265 344 3353 579 244 289 616 367 1433 235903 2753 46400
internal_value=1.39022e-13 -3.05322e-05 0.000485207 0.000566876 0.00131021 0.00279213 0.00118322 0.000119787 -0.000247747 8.47032e-05 0.00135621 -4.77975e-05 -9.87785e-05 0.000181543
internal_weight=717013 379717 12300 12035 4520 1167 823 7515 5793 5177 1722 367417 285056 49153
internal_count=717013 379717 12300 12035 4520 1167 823 7515 5793 5177 1722 367417 285056 49153
is_linear=0
shrinkage=0.1


Tree=118
num_leaves=15
num_cat=0
split_feature=1 3 0 4 3 0 4 3 0 4 2 0 2 1
split_gain=0.0759348 0.912092 0.81008 0.794815 0.774519 0.713064 1.87393 0.862831 0.621298 0.731862 0.594638 0.669563 0.813139 0.867822
threshold=3.0500000000000003 4.4500000000000011 0.69615384615384623 0.72474747474747481 4.5500000000000007 0.36038961038961048 0.37171052631578955 -2.4499999999999997 0.53589743589743599 0.26491228070175443 -0.6499999999999998 0.56696428571428581 -0.24999999999999997 2.7500000000000004
decision_type=2 2 2 2 2 2 2 2 2 2 2 2 2 2
left_child=2 8 4 -4 5 -1 7 -7 -2 -10 -9 12 13 -12
right_child=1 -3 3 -5 -6 6 -8 10 9 -11 11 -13 -14 -15
leaf_value=2.4600270725027264e-05 -0.00036683915689062326 0.00047859071888297272 -0.0012028450145116646 0.00035534071037469006 -0.00039468201689165245 0.00083191777951757001 0.00083419110200153859 8.9921032050697188e-05 0.00029827837579129638 -0.00010136010120774077 -0.00345310953216356 -0.0021019236680176511 -0.00014531045016778407 0.002364625957674317
leaf_weight=224798 61838 31946 9949 4879 33037 7259 41652 13942 58328 213761 1483 3186 10645 310
leaf_count=224798 61838 31946 9949 4879 33037 7259 41652 13942 58328 213761 1483 3186 10645 310
internal_value=9.39145e-15 -3.1881e-05 3.32186e-05 -0.00069014 6.51115e-05 0.000115199 0.000374719 -0.000144981 -8.07166e-05 -1.56892e-05 -0.000384827 -0.000808467 -0.000477147 -0.00244725
internal_weight=717013 365873 351140 14828 336312 303275 78477 36825 333927 272089 29566 15624 12438 1793
internal_count=717013 365873 351140 14828 336312 303275 78477 36825 333927 272089 29566 15624 12438 1793
is_linear=0
shrinkage=0.1


Tree=119
num_leaves=15
num_cat=0
split_feature=2 0 3 2 0 0 2 4 4 1 4 4 3 0
split_gain=0.066708 0.276904 0.478575 0.60969 0.584149 0.864112 0.478642 0.270502 0.781898 0.572873 0.488699 0.44615 0.398385 0.393711
threshold=5.9500000000000011 0.39444444444444449 -6.2499999999999991 11.450000000000001 0.7947368421052633 0.85164835164835173 11.850000000000003 0.75735294117647067 0.86515151515151534 5.1500000000000012 0.25657894736842107 0.36602870813397131 -6.9499999999999993 0.61721611721611735
decision_type=2 2 2 2 2 2 2 2 2 2 2 2 2 2
left_child=-1 -2 3 7 6 -6 -5 10 9 -9 -3 -12 -10 -13
right_child=1 2 -4 4 5 -7 -8 8 12 -11 11 13 -14 -15
leaf_value=8.0842398778589983e-06 0.00018043625819196246 -0.00021972036491446769 -0.0006499076830090712 -0.0064743888769155829 0.0059275229803226409 -0.00074316686868901576 -0.0015628193690835621 0.0016592637950254348 0.00014451549517020506 -0.0044106346079765494 0.0037768607712374276 -0.00056608838610856208 0.0039386696617623269 0.0018884815972602777
leaf_weight=669951 18944 2149 16916 228 248 895 1529 211 1175 591 793 956 362 2065
leaf_count=669951 18944 2149 16916 228 248 895 1529 211 1175 591 793 956 362 2065
internal_value=-2.33429e-13 -0.000115083 -0.000314184 0.000192788 -0.00105546 0.000704192 -0.00220018 0.000628816 -0.000282589 -0.00281369 0.000986317 0.00166586 0.00103813 0.00111173
internal_weight=717013 47062 28118 11202 2900 1143 1757 8302 2339 802 5963 3814 1537 3021
internal_count=717013 47062 28118 11202 2900 1143 1757 8302 2339 802 5963 3814 1537 3021
is_linear=0
shrinkage=0.1


Tree=120
num_leaves=15
num_cat=0
split_feature=1 0 3 4 4 4 4 3 4 4 3 3 2 3
split_gain=0.0674982 0.112693 0.251213 0.280565 0.375841 0.259448 0.22889 0.213258 0.170928 0.138706 0.138038 0.224368 0.253203 0.202725
threshold=10.850000000000003 0.87867647058823539 -8.8499999999999996 0.21240601503759401 0.44949494949494956 0.87867647058823539 0.14835164835164838 -2.6499999999999999 0.69615384615384623 0.069047619047619066 -8.0499999999999989 -6.1499999999999995 9.0500000000000025 -0.84999999999999998
decision_type=2 2 2 2 2 2 2 2 2 2 2 2 2 2
left_child=-1 2 -2 -4 -5 7 9 8 -6 -3 -8 -12 13 -13
right_child=1 6 3 4 5 -7 10 -9 -10 -11 11 12 -14 -15
leaf_value=-2.9550637728232048e-06 0.0023920255234706092 0.0009190845109864872 -0.0037237970752634882 0.0026977382290934637 -0.0017165352135156448 0.0016617738418039177 -0.0015424639318635774 0.00020402493477022251 -0.0055981938486495894 0.0045130519714229531 0.0026866400594660954 0.0010585219222780883 -0.003148427385518827 -0.00055741131546786034
leaf_weight=710423 282 208 279 327 251 231 352 241 207 222 428 2138 205 1219
leaf_count=710423 282 208 279 327 251 231 352 241 207 222 428 2138 205 1219
internal_value=-1.88355e-13 0.000318565 -0.000351411 -0.000855088 -0.000218358 -0.0012437 0.000573808 -0.00220387 -0.00347091 0.00277457 0.00035586 0.000523331 0.000263394 0.000471741
internal_weight=717013 6590 1818 1536 1257 930 4772 699 458 430 4342 3990 3562 3357
internal_count=717013 6590 1818 1536 1257 930 4772 699 458 430 4342 3990 3562 3357
is_linear=0
shrinkage=0.1


Tree=121
num_leaves=15
num_cat=0
split_feature=1 2 0 0 2 1 3 0 1 0 1 1 4 1
split_gain=0.063723 0.0639942 0.249269 0.442981 0.531396 0.420854 0.47977 0.615886 0.365184 0.527764 1.0663 0.361858 0.422593 0.372624
threshold=17.650000000000002 7.1500000000000012 0.37797619047619052 0.37171052631578955 9.1500000000000004 5.2500000000000009 -0.74999999999999989 0.65686274509803932 2.8500000000000001 0.41421568627450989 3.8500000000000001 4.8500000000000005 0.68990384615384626 3.8500000000000001
decision_type=2 2 2 2 2 2 2 2 2 2 2 2 2 2
left_child=1 -1 3 11 -5 6 8 -8 -4 10 -10 13 -13 -3
right_child=-2 2 5 4 -6 -7 7 -9 9 -11 -12 12 -14 -15
leaf_value=5.8332352351554131e-06 0.0016606274262489955 0.00010688781424379416 0.00058863298064918052 -0.00023652614559404773 0.0069218955876938302 -7.9304393128915375e-06 -0.00098671794081848607 0.0055739107372700146 0.00032933110246298518 -0.0012646251129316019 -0.0096095907555999276 -0.0030259784530198295 0.0020778738712630552 0.0025454353191453486
leaf_weight=685636 231 10352 931 203 212 11864 344 245 205 4992 228 691 212 667
leaf_count=685636 231 10352 931 203 212 11864 344 245 205 4992 228 691 212 667
internal_value=-5.87546e-13 -5.35177e-07 -0.000140727 0.000208583 0.00342031 -0.000369843 -0.00098809 0.00174224 -0.00124111 -0.00155511 -0.0049041 9.67846e-05 -0.00182773 0.000254498
internal_weight=717013 716782 31146 12337 415 18809 6945 589 6356 5425 433 11922 903 11019
internal_count=717013 716782 31146 12337 415 18809 6945 589 6356 5425 433 11922 903 11019
is_linear=0
shrinkage=0.1


Tree=122
num_leaves=15
num_cat=0
split_feature=4 4 2 3 3 2 2 4 4 3 2 2 2 1
split_gain=0.0593505 0.207205 0.370166 0.307268 0.415268 0.302017 0.35119 0.4297 0.346569 0.672632 0.338224 0.598519 0.448404 0.531107
threshold=0.07417582417582419 0.093073593073593086 -2.8499999999999992 2.1500000000000008 1.8500000000000003 8.2500000000000018 5.6500000000000012 0.087121212121212141 0.080128205128205135 -4.5499999999999989 1.1500000000000001 1.7500000000000002 3.4500000000000006 1.8500000000000003
decision_type=2 2 2 2 2 2 2 2 2 2 2 2 2 2
left_child=-1 2 -2 4 5 6 8 -8 9 -4 -10 -12 -13 -14
right_child=1 -3 3 -5 -6 -7 7 -9 10 -11 11 12 13 -15
leaf_value=8.4346629116316396e-05 -0.0016122345030926738 -6.4511710581882133e-07 0.0035009494059365883 0.0011351845284228368 -0.0038128125883910495 0.0019779344983920778 -0.00010873528257232263 -0.004516346640306145 -0.00051251161981945357 -0.0018857088143564066 0.0030253951919201223 -0.00087598515508427823 0.0056891931269979898 0.00055135305863878434
leaf_weight=74729 2067 625973 261 1579 336 580 450 435 4440 2073 900 1893 249 1048
leaf_count=74729 2067 625973 261 1579 336 580 450 435 4440 2073 900 1893 249 1048
internal_value=1.42583e-12 -9.81363e-06 -0.000361677 -0.000180204 -0.000344199 -0.000249669 -0.000359637 -0.00227519 -0.000203593 -0.00128334 9.18513e-05 0.000747932 0.000105388 0.00153772
internal_weight=717013 642284 16311 14244 12665 12329 11749 885 10864 2334 8530 4090 3190 1297
internal_count=717013 642284 16311 14244 12665 12329 11749 885 10864 2334 8530 4090 3190 1297
is_linear=0
shrinkage=0.1


Tree=123
num_leaves=15
num_cat=0
split_feature=0 1 3 3 2 2 0 2 3 0 2 3 4 4
split_gain=0.0586102 0.823548 0.773146 0.554619 0.549426 0.5172 0.474936 0.646158 0.666922 0.611674 0.65195 0.542084 0.877783 0.505725
threshold=0.055727554179566548 0.15000000000000005 -1.8499999999999999 -10.949999999999998 13.15 -2.1499999999999999 0.080128205128205135 2.4500000000000006 -3.0499999999999994 0.0930735930735931 -0.74999999999999989 -1.2499999999999998 0.56696428571428581 0.48684210526315791
decision_type=2 2 2 2 2 2 2 2 2 2 2 2 2 2
left_child=2 -2 3 -1 5 -5 7 8 -3 10 -8 12 -10 -12
right_child=1 6 -4 4 -6 -7 9 -9 11 -11 13 -13 -14 -15
leaf_value=-0.0054132716945309387 0.0011105581301538606 0.0047066285706747158 0.0001228640142837294 -0.003873880434947886 0.0041310991718804084 -0.00051848932615236978 -0.001849500173419828 0.0026469241885640048 0.00073978338243624743 4.1299216332016269e-06 0.00074196959981093669 0.00037526515426873733 -0.0072603948735121869 -0.00088203687667894699
leaf_weight=236 6724 289 52076 470 249 20331 3588 1584 282 620836 3217 2117 267 4747
leaf_count=236 6724 289 52076 470 249 20331 3588 1584 282 620836 3217 2117 267 4747
internal_value=-2.10023e-12 9.65236e-06 -8.46862e-05 -0.000592456 -0.000538408 -0.000594305 -1.96984e-06 0.00101729 0.000143738 -9.28562e-06 -0.000730274 -0.000350889 -0.00315101 -0.000226031
internal_weight=717013 643651 73362 21286 21050 20801 636927 4539 2955 632388 11552 2666 549 7964
internal_count=717013 643651 73362 21286 21050 20801 636927 4539 2955 632388 11552 2666 549 7964
is_linear=0
shrinkage=0.1


Tree=124
num_leaves=15
num_cat=0
split_feature=4 2 4 0 2 0 2 1 1 2 1 3 1 2
split_gain=0.0586189 0.309698 0.307465 0.837263 1.04247 0.718619 0.716177 0.627479 0.695843 0.512701 0.489053 1.06695 0.664636 0.613098
threshold=0.54195804195804198 -17.249999999999996 0.45804195804195807 0.60555555555555574 8.1500000000000004 0.69615384615384623 11.950000000000001 6.6500000000000012 3.2500000000000004 -3.7499999999999996 3.8500000000000001 2.1500000000000008 4.1500000000000012 5.2500000000000009
decision_type=2 2 2 2 2 2 2 2 2 2 2 2 2 2
left_child=1 -1 10 4 -4 7 -6 8 -5 -10 13 -12 -13 -3
right_child=-2 2 3 5 6 -7 -8 -9 9 -11 11 12 -14 -15
leaf_value=0.002333556071919104 3.0337493020126909e-05 -0.00012599526709076368 0.00020760458100941147 -0.00030459305987665607 -0.0051619679778620291 -0.00045671076370427678 0.0017263426695341031 0.0014786125984082516 0.00012075425515369696 -0.0038838577738730556 2.1452609959098374e-05 0.0020713109782276502 0.00056097629498511232 0.00055897452643748394
leaf_weight=555 337296 210780 24067 1107 606 13398 201 470 374 2202 90436 3472 18118 13931
leaf_count=555 337296 210780 24067 1107 606 13398 201 470 374 2202 90436 3472 18118 13931
internal_value=6.3822e-13 -2.69483e-05 -3.04035e-05 -0.000284103 8.90593e-05 -0.000812965 -0.00344629 -0.00196228 -0.00240138 -0.00330244 1.55979e-06 0.000172241 0.000803861 -8.35304e-05
internal_weight=717013 379717 379162 42425 24874 17551 807 4153 3683 2576 336737 112026 21590 224711
internal_count=717013 379717 379162 42425 24874 17551 807 4153 3683 2576 336737 112026 21590 224711
is_linear=0
shrinkage=0.1


Tree=125
num_leaves=15
num_cat=0
split_feature=1 3 0 4 3 0 3 1 3 4 0 3 4 0
split_gain=0.0641968 0.595367 0.555501 0.714075 0.746732 0.839858 0.869033 0.55107 0.547037 0.541875 0.567786 0.582549 0.535165 1.00366
threshold=2.6500000000000008 5.0500000000000007 0.6858552631578948 0.58114035087719318 2.2500000000000004 0.71825396825396837 1.6500000000000001 2.0500000000000003 5.0500000000000007 0.86515151515151534 0.84412955465587058 5.4500000000000011 0.23303167420814483 0.20526315789473684
decision_type=2 2 2 2 2 2 2 2 2 2 2 2 2 2
left_child=1 2 12 4 5 -4 -7 -3 -2 -10 11 -11 -1 -14
right_child=8 7 3 -5 -6 6 -8 -9 9 10 -12 -13 13 -15
leaf_value=-0.00011624042039128701 -5.7360562304973254e-05 -0.00019976405532153615 -0.003717283950949462 0.00029569322951817527 -0.0043809780227584824 -0.00063016827224216367 0.006042661136706119 -0.0013772703490039756 0.00063192077071808289 0.0017935724215558135 0.00036212667465690065 -0.0024634464063092013 2.1481974826279785e-07 0.00045992896810447334
leaf_weight=82911 378102 19747 826 3262 825 2024 216 4976 21661 390 3232 1829 117137 79875
leaf_count=82911 378102 19747 826 3262 825 2024 216 4976 21661 390 3232 1829 117137 79875
internal_value=-1.30202e-13 3.41113e-05 7.46628e-05 -0.000795537 -0.00171036 -0.000991755 1.32831e-05 -0.000436761 -2.62475e-05 0.000407653 -0.000483536 -0.00171525 9.68994e-05 0.000186598
internal_weight=717013 311799 287076 7153 3891 3066 2240 24723 405214 27112 5451 2219 279923 197012
internal_count=717013 311799 287076 7153 3891 3066 2240 24723 405214 27112 5451 2219 279923 197012
is_linear=0
shrinkage=0.1


Tree=126
num_leaves=15
num_cat=0
split_feature=4 3 3 4 2 3 3 3 3 2 2 4 1 4
split_gain=0.0622247 0.188809 0.582258 0.161929 0.303778 0.290676 0.321337 0.240555 0.343602 0.240987 0.289636 0.348177 0.285938 0.279187
threshold=0.07417582417582419 10.15 11.15 0.093073593073593086 -2.8499999999999992 0.35000000000000003 4.0500000000000007 2.1500000000000008 1.9500000000000002 8.2500000000000018 5.6500000000000012 0.087121212121212141 3.9500000000000006 0.080128205128205135
decision_type=2 2 2 2 2 2 2 2 2 2 2 2 2 2
left_child=1 -1 -3 4 5 -2 -7 8 9 10 13 -12 -13 -6
right_child=3 2 -4 -5 7 6 -8 -9 -10 -11 11 12 -14 -15
leaf_value=7.3424647778784057e-05 0.0014581780997896885 0.0060253663961997344 -0.00092977968363276296 -1.943282302146001e-06 -0.0011546676247745585 -0.0031645624756973961 -0.00046060973323551902 0.001007157844684321 -0.0041835714444459883 0.0017583668965963969 -0.00011936837736640073 -0.0066566423038616224 -0.00152894760684405 7.4458368779465703e-05
leaf_weight=74237 294 210 282 625973 2352 968 805 1579 224 580 450 217 218 8624
leaf_count=74237 294 210 282 625973 2352 968 805 1579 224 580 450 217 218 8624
internal_value=-3.52752e-12 8.63648e-05 0.00203888 -1.00484e-05 -0.000321103 -0.00145398 -0.00193688 -0.000156707 -0.000301811 -0.00023192 -0.000329244 -0.00206951 -0.0040869 -0.000188926
internal_weight=717013 74729 492 642284 16311 2067 1773 14244 12665 12441 11861 885 435 10976
internal_count=717013 74729 492 642284 16311 2067 1773 14244 12665 12441 11861 885 435 10976
is_linear=0
shrinkage=0.1


Tree=127
num_leaves=15
num_cat=0
split_feature=1 1 3 2 3 4 3 4 2 1 3 4 3 0
split_gain=0.0575826 0.211301 0.235723 0.379966 0.172238 0.148154 0.400695 0.315962 0.294518 0.226315 0.177205 0.366203 0.302575 0.204228
threshold=9.9500000000000011 10.050000000000002 -4.5499999999999989 0.55000000000000016 4.1500000000000012 0.80625000000000013 0.8500000000000002 0.78759398496240618 -1.7499999999999998 13.450000000000001 -1.1499999999999997 0.58114035087719318 -1.4499999999999997 0.91987179487179505
decision_type=2 2 2 2 2 2 2 2 2 2 2 2 2 2
left_child=-1 2 -2 -4 5 6 7 10 -7 -10 12 13 -3 -12
right_child=1 4 3 -5 -6 8 -8 -9 9 -11 11 -13 -14 -15
leaf_value=-3.626865698051452e-06 0.0044431256116103527 0.00035987854301842791 0.0033494715250044667 -0.0012574874802393264 0.0026813529722858223 0.002680951159362766 -0.0019150186788615042 0.0043428759763224261 -0.0010327864155971875 0.0013410644382008325 0.0024416701413488753 0.0039701816220231601 -0.003416614585625 -0.0012089421931095875
leaf_weight=705458 229 4363 319 408 251 275 717 216 3029 463 244 406 223 412
leaf_count=705458 229 4363 319 408 251 275 717 216 3029 463 244 406 223 412
internal_value=-3.72239e-13 0.000221428 0.0016453 0.000763998 9.29992e-05 3.02164e-05 0.000316489 0.000589339 -0.000469906 -0.00071804 0.00044579 0.00160977 0.000176242 0.000148908
internal_weight=717013 11555 956 727 10599 10348 6581 5864 3767 3492 5648 1062 4586 656
internal_count=717013 11555 956 727 10599 10348 6581 5864 3767 3492 5648 1062 4586 656
is_linear=0
shrinkage=0.1


Tree=128
num_leaves=15
num_cat=0
split_feature=4 1 4 3 3 0 1 3 1 3 3 1 3 2
split_gain=0.0575639 0.371929 0.340336 0.5671 0.329183 0.616527 0.315791 0.555425 0.590769 0.423991 0.389528 0.27924 0.473164 0.344869
threshold=0.13484848484848486 3.4500000000000006 0.093073593073593086 -3.4499999999999997 -0.34999999999999992 0.39444444444444449 5.6500000000000012 -2.3499999999999992 6.0500000000000007 -2.8499999999999992 -1.0499999999999998 3.7500000000000004 0.15000000000000005 -3.0499999999999994
decision_type=2 2 2 2 2 2 2 2 2 2 2 2 2 2
left_child=1 -1 -3 -4 5 -5 -7 9 -9 -8 -10 -6 -13 -14
right_child=-2 2 3 4 11 6 7 8 10 -11 -12 12 13 -15
leaf_value=-6.8214265409852253e-05 -1.3008160114245555e-05 0.00011547312348380269 -0.00059233148017300192 0.0064058402351899234 -0.00096171985642286024 0.00080026019884501035 0.0026803542338731368 0.0088732714808357916 0.0044818344489946848 -0.0035795766366922329 -0.00057589498760962751 -0.0015450957094989344 -2.5891102106672608e-05 0.0018497170362652177
leaf_weight=79676 592196 32040 2630 264 983 2706 233 203 436 202 234 699 1440 3071
leaf_count=79676 592196 32040 2630 264 983 2706 233 203 436 202 234 699 1440 3071
internal_value=9.43643e-13 6.17174e-05 0.000291053 0.000720454 0.00105019 0.0017248 0.00141693 0.00269269 0.0041473 -0.000226556 0.0027154 0.000584177 0.00087585 0.00125099
internal_weight=717013 124817 45141 13101 10471 4278 4014 1308 873 435 670 6193 5210 4511
internal_count=717013 124817 45141 13101 10471 4278 4014 1308 873 435 670 6193 5210 4511
is_linear=0
shrinkage=0.1


Tree=129
num_leaves=15
num_cat=0
split_feature=1 2 0 4 0 2 4 2 3 0 4 2 3 0
split_gain=0.0617991 0.69079 0.785038 0.808739 0.562901 0.609699 0.60111 0.771341 0.546025 0.542508 0.625885 0.677385 0.701912 0.538311
threshold=3.0500000000000003 -6.9499999999999993 0.44949494949494956 0.87083333333333346 0.69615384615384623 4.4500000000000011 0.72474747474747481 0.75000000000000011 4.5500000000000007 0.53589743589743599 0.26491228070175443 -6.5499999999999989 1.2500000000000002 0.36038961038961048
decision_type=2 2 2 2 2 2 2 2 2 2 2 2 2 2
left_child=4 2 -2 -4 8 6 -6 -8 13 -3 11 -11 -13 -1
right_child=1 9 3 -5 5 -7 7 -9 -10 10 -12 12 -14 -15
leaf_value=1.9890299942407121e-05 -0.0021240215519168792 -0.00031883363450330984 0.00125566111547189 -0.0006198154557987771 -0.00091861123582216968 -0.0044541773473167892 -0.00019415306869048055 0.0029590385021156171 -0.00032950537504711089 -0.0040639755435764079 -7.4739490866923054e-05 0.00010187952206760332 0.00086142999581174072 0.00032409610802267062
leaf_weight=224798 953 64426 10524 2942 9690 394 3767 977 33037 356 225657 44232 16783 78477
leaf_count=224798 953 64426 10524 2942 9690 394 3767 977 33037 356 225657 44232 16783 78477
internal_value=5.37896e-13 -2.87609e-05 0.000649621 0.000845914 2.99676e-05 -0.000573016 -0.000467073 0.000455229 5.65532e-05 -5.65927e-05 2.26964e-06 0.000285427 0.000310804 9.86082e-05
internal_weight=717013 365873 14419 13466 351140 14828 14434 4744 336312 351454 287028 61371 61015 303275
internal_count=717013 365873 14419 13466 351140 14828 14434 4744 336312 351454 287028 61371 61015 303275
is_linear=0
shrinkage=0.1


Tree=130
num_leaves=15
num_cat=0
split_feature=4 0 0 3 2 3 1 1 3 0 2 2 3 0
split_gain=0.0622047 0.735238 1.3564 0.925103 0.807638 0.759649 0.734986 0.604163 1.61115 0.922649 0.792143 0.701208 0.659815 0.85971
threshold=0.86515151515151534 0.74342105263157909 0.43303571428571436 5.4500000000000011 -8.1499999999999968 10.15 4.2500000000000009 2.1500000000000008 -7.3499999999999988 0.17914438502673805 -6.3499999999999988 6.5500000000000007 2.8500000000000001 0.35504201680672282
decision_type=2 2 2 2 2 2 2 2 2 2 2 2 2 2
left_child=-1 2 5 6 -5 7 -4 9 -9 -2 -11 -12 -10 -14
right_child=1 -3 3 4 -6 -7 -8 8 12 10 11 -13 13 -15
leaf_value=-1.3527203577488269e-05 -0.00016096063005176557 -0.00020770131475443402 0.0015095032973600354 0.0017676049267925744 -0.0035603282193215815 -0.005527307376172394 0.00030607273535164303 0.0059746746438071362 -0.00080420857333488168 0.0044369900169876865 0.00085133310625197349 -0.003762009092743563 -0.00057749976415333109 -0.0068080866021878877
leaf_weight=592122 27706 55379 13646 434 826 250 8080 329 5776 601 10638 340 437 449
leaf_count=592122 27706 55379 13646 434 826 250 8080 329 5776 601 10638 340 437 449
internal_value=2.18912e-12 6.4134e-05 0.0002807 0.000909165 -0.00172515 -2.979e-05 0.00106194 -9.04306e-08 -0.000856621 0.000152334 0.00090198 0.000708453 -0.00119398 -0.00373499
internal_weight=717013 124891 69512 22986 1260 46526 21726 46276 6991 39285 11579 10978 6662 886
internal_count=717013 124891 69512 22986 1260 46526 21726 46276 6991 39285 11579 10978 6662 886
is_linear=0
shrinkage=0.1


Tree=131
num_leaves=15
num_cat=0
split_feature=1 3 2 2 2 4 0 4 3 4 3 3 3 2
split_gain=0.0608039 0.717 0.595487 0.752239 0.915896 0.704241 1.06797 0.745297 0.7302 0.64186 0.61781 0.821465 0.493138 0.477945
threshold=0.55000000000000016 -4.9499999999999993 2.2500000000000004 9.8500000000000032 6.4500000000000011 0.76696832579185525 0.069047619047619038 0.080128205128205135 -3.0499999999999994 0.26969696969696971 -3.9499999999999997 -3.5499999999999994 -3.6499999999999999 4.1500000000000012
decision_type=2 2 2 2 2 2 2 2 2 2 2 2 2 2
left_child=1 -1 -3 4 5 6 8 -8 12 -9 13 -12 -4 -7
right_child=-2 2 3 -5 -6 10 7 9 -10 -11 11 -13 -14 -15
leaf_value=-0.00085544990415651093 -1.216336127289389e-05 3.0874123110736913e-05 0.00010887013895862315 -0.0034963430828850589 0.0030826850996633608 -0.0053518569044019512 -0.0021475251015674857 0.006447932661117789 0.0011264126101716615 0.0024503763001450609 0.0043425984805842968 -0.00044719645248068505 -0.0027292191069724827 -0.00026256114404839872
leaf_weight=7766 610503 81840 1657 420 1575 417 280 511 4899 1877 398 3568 971 331
leaf_count=7766 610503 81840 1657 420 1575 417 280 511 4899 1877 398 3568 971 331
internal_value=2.45548e-13 6.9719e-05 0.000142481 0.000682824 0.000789306 0.000547031 0.00101438 0.00273349 0.000405025 0.0033058 -0.000463699 3.34738e-05 -0.000939754 -0.00309978
internal_weight=717013 106510 98744 16904 16484 14909 10195 2668 7527 2388 4714 3966 2628 748
internal_count=717013 106510 98744 16904 16484 14909 10195 2668 7527 2388 4714 3966 2628 748
is_linear=0
shrinkage=0.1


Tree=132
num_leaves=15
num_cat=0
split_feature=1 1 3 0 4 4 4 2 3 0 2 0 0 0
split_gain=0.0619886 0.280903 0.604146 0.401195 0.391517 0.347372 0.668741 0.286788 0.270617 0.535203 0.257837 0.466605 0.437271 0.265443
threshold=6.9500000000000011 7.0500000000000007 -0.24999999999999997 0.87083333333333346 0.19375000000000003 0.91287878787878796 0.81534090909090928 -6.4499999999999993 3.8500000000000001 0.76696832579185525 13.950000000000001 0.58114035087719318 0.87867647058823539 0.31698564593301437
decision_type=2 2 2 2 2 2 2 2 2 2 2 2 2 2
left_child=-1 2 4 -4 -2 6 -5 -3 10 -10 13 -12 -13 -9
right_child=1 7 3 5 -6 -7 -8 8 9 -11 11 12 -14 -15
leaf_value=-9.6898111899870269e-06 0.005240216296442668 0.0013523149096680183 -0.0025682932171162028 1.2413495992641067e-05 0.0014557901226328316 -0.0025451059820625235 0.0066936373736243698 -0.0025396333531364679 -0.0055073363352497315 -0.00052972874768742026 0.002474734963903177 -0.0054285469895888998 -0.00025442393610427622 9.4473031695507331e-05
leaf_weight=646771 320 1627 607 597 1876 256 200 385 234 2810 207 344 311 60468
leaf_count=646771 320 1627 607 597 1876 256 200 385 234 2810 207 344 311 60468
internal_value=3.16949e-12 8.92214e-05 0.000918975 -0.0005207 0.00200725 0.000659631 0.00168901 4.10256e-05 8.08082e-06 -0.00091237 5.34807e-05 -0.00166389 -0.00297183 7.78078e-05
internal_weight=717013 70242 3856 1660 2196 1053 797 66386 64759 3044 61715 862 655 60853
internal_count=717013 70242 3856 1660 2196 1053 797 66386 64759 3044 61715 862 655 60853
is_linear=0
shrinkage=0.1


Tree=133
num_leaves=15
num_cat=0
split_feature=1 3 2 1 2 0 1 3 4 2 0 0 2 3
split_gain=0.0549975 0.151242 0.681839 0.387732 0.382917 0.344378 0.319031 0.134228 0.115455 0.467446 0.285554 0.393343 0.474663 0.175827
threshold=7.7500000000000009 -8.4499999999999975 7.6500000000000012 9.0500000000000025 10.65 0.81534090909090928 11.250000000000002 -9.9499999999999975 0.080128205128205135 5.6500000000000012 0.91287878787878796 0.82843137254901966 2.1500000000000008 -5.3499999999999988
decision_type=2 2 2 2 2 2 2 2 2 2 2 2 2 2
left_child=-1 2 3 -2 5 -4 7 -6 9 10 11 12 -3 -11
right_child=1 8 4 -5 6 -7 -8 -9 -10 13 -12 -13 -14 -15
leaf_value=-7.1264407662493952e-06 -0.0072329375221292964 -0.0025389396236769322 0.0050497053290744984 -0.0014807076046762292 -0.0012294693605277806 0.00019788240507730972 0.001548054398676285 -0.004394397538972381 0.00018487336363337125 -0.0014093595408579155 0.0015248119136578675 -0.003631918779869472 0.0036151230213787282 -0.0053818444391980965
leaf_weight=672487 212 237 254 262 353 345 312 216 40446 217 822 355 266 229
leaf_count=672487 212 237 254 262 353 345 312 216 40446 217 822 355 266 229
internal_value=1.41137e-12 0.000107632 -0.000752627 -0.00405343 0.000304524 0.00225525 -0.00102179 -0.00243092 0.000147117 -0.000571174 0.000192832 -0.00108326 0.000715495 -0.00344904
internal_weight=717013 44526 1954 474 1480 599 881 569 42572 2126 1680 858 503 446
internal_count=717013 44526 1954 474 1480 599 881 569 42572 2126 1680 858 503 446
is_linear=0
shrinkage=0.1


Tree=134
num_leaves=15
num_cat=0
split_feature=3 0 0 1 0 2 0 2 3 0 2 2 2 1
split_gain=0.0534074 0.704048 1.06196 1.27189 0.853465 0.6843 0.651229 0.656117 1.04162 0.90238 0.640296 0.514692 0.50826 0.507969
threshold=-2.0499999999999994 0.055727554179566548 0.73508771929824568 5.2500000000000009 0.074175824175824148 3.2500000000000004 0.89181286549707617 3.9500000000000006 -7.2499999999999991 0.85164835164835173 3.6500000000000008 12.250000000000002 3.7500000000000004 9.5500000000000025
decision_type=2 2 2 2 2 2 2 2 2 2 2 2 2 2
left_child=1 -1 4 -4 5 -3 7 10 9 -9 -5 13 -12 -10
right_child=-2 2 3 6 -6 -7 -8 8 11 -11 12 -13 -14 -15
leaf_value=-0.00052228476043032627 -1.7107030163987191e-05 0.0077849506499064391 -0.00099739952931204466 0.00084665789888518103 0.0002501692568939652 0.0011038150861956335 -0.00030066097228279687 0.003426335317956641 -0.00095350541699319572 -0.00128786080161769 0.0080100517191881836 -0.0057025508714586446 0.0020934821758092112 0.0017169725755305715
leaf_weight=19834 514765 267 16329 8864 124303 360 23411 1274 5337 596 220 204 427 822
leaf_count=19834 514765 267 16329 8864 124303 360 23411 1274 5337 596 220 204 427 822
internal_value=-2.14228e-13 4.35411e-05 0.000105064 -0.000250638 0.000268732 0.00394889 4.5654e-05 0.000502573 -0.000151007 0.00192384 0.00106833 -0.000760778 0.0041053 -0.000597095
internal_weight=717013 202248 182414 57484 124930 627 41155 17744 8233 1870 9511 6363 647 6159
internal_count=717013 202248 182414 57484 124930 627 41155 17744 8233 1870 9511 6363 647 6159
is_linear=0
shrinkage=0.1


Tree=135
num_leaves=15
num_cat=0
split_feature=1 3 0 2 3 2 3 2 0 2 3 3 2 3
split_gain=0.0659664 0.659431 0.414227 0.982677 0.719056 0.645281 0.560359 0.607775 0.526325 0.684447 0.450689 0.397486 1.00873 0.586395
threshold=0.55000000000000016 -10.949999999999998 0.12916666666666668 12.65 7.5500000000000007 -7.7499999999999991 -1.7499999999999998 5.2500000000000009 0.074175824175824148 3.5500000000000003 6.9500000000000011 -1.9499999999999997 1.4500000000000002 0.95000000000000007
decision_type=2 2 2 2 2 2 2 2 2 2 2 2 2 2
left_child=1 -1 3 4 6 -6 8 10 9 -2 -8 -3 -13 -14
right_child=2 11 -4 -5 5 -7 7 -9 -10 -11 -12 12 13 -15
leaf_value=-0.0045935948265235357 0.0077580514057384187 -0.00022897055559770152 6.1323430923359279e-06 0.0057477467869802455 -0.00088627934788905341 -0.0077908543422498984 -0.00080085554914531261 0.0035814637647391383 9.1187709176936298e-05 -9.8035324047854623e-05 0.0036431806201308774 5.1893592301409538e-05 0.0014153114366067092 -0.00035460076317913588
leaf_weight=302 210 29107 580271 260 298 248 18847 330 9573 235 231 65418 9342 2341
leaf_count=302 210 29107 580271 260 298 248 18847 330 9573 235 231 65418 9342 2341
internal_value=5.77878e-14 7.26184e-05 -1.26692e-05 -0.000373545 -0.000426645 -0.00402242 -0.000359926 -0.000673447 0.000247464 0.00360933 -0.000747046 8.58866e-05 0.000204751 0.00106066
internal_weight=717013 106510 610503 30232 29972 546 29426 19408 10018 445 19078 106208 77101 11683
internal_count=717013 106510 610503 30232 29972 546 29426 19408 10018 445 19078 106208 77101 11683
is_linear=0
shrinkage=0.1


Tree=136
num_leaves=15
num_cat=0
split_feature=2 0 1 3 3 0 0 2 3 4 3 1 3 2
split_gain=0.0572717 0.392245 0.750727 0.691199 0.643018 0.476871 0.562499 0.368359 0.344991 0.312484 0.675456 0.767834 0.563282 0.827829
threshold=-1.1499999999999997 0.38675213675213677 2.8500000000000001 2.1500000000000008 4.7500000000000009 0.37797619047619052 0.37171052631578955 -5.2499999999999991 11.050000000000002 0.26491228070175443 -1.0499999999999998 1.9500000000000002 5.0500000000000007 -5.6499999999999995
decision_type=2 2 2 2 2 2 2 2 2 2 2 2 2 2
left_child=1 2 -1 5 7 6 -4 -5 9 10 -3 12 13 -12
right_child=-2 8 3 4 -6 -7 -8 -9 -10 -11 11 -13 -14 -15
leaf_value=-4.3957958185015503e-05 -1.9661975600667276e-05 0.0018516240456226372 -0.00026021345999534148 -0.0061530280741862956 -0.00045576121094718024 -0.0044147343632179601 0.0042354146362881045 -0.0027007867465077577 0.0017550148958131251 4.2354218589118528e-05 -0.0064107696996070444 0.00041909743559120449 0.001143502856107199 -0.001180295545807181
leaf_weight=87840 483164 2887 2390 394 1187 237 315 1434 1321 102671 350 29786 803 2234
leaf_count=87840 483164 2887 2390 394 1187 237 315 1434 1321 102671 350 29786 803 2234
internal_value=5.54207e-13 4.06243e-05 -0.000117632 -0.001204 -0.00226806 -0.000113544 0.000263307 -0.00344487 0.000146613 0.000131298 0.000384541 0.000256863 -0.00116986 -0.00188876
internal_weight=717013 233849 93797 5957 3015 2942 2705 1828 140052 138731 36060 33173 3387 2584
internal_count=717013 233849 93797 5957 3015 2942 2705 1828 140052 138731 36060 33173 3387 2584
is_linear=0
shrinkage=0.1


Tree=137
num_leaves=15
num_cat=0
split_feature=1 0 3 3 3 2 2 4 1 2 3 3 1 4
split_gain=0.0585291 0.405754 0.785962 0.514022 0.51324 0.871534 0.444811 0.455852 0.437965 0.780127 0.651159 0.482848 0.426618 0.722906
threshold=2.3500000000000001 0.41421568627450989 -3.9499999999999997 -4.1499999999999995 2.7500000000000004 1.0500000000000003 -5.1499999999999995 0.87083333333333346 2.5500000000000003 -1.0499999999999998 4.0500000000000007 6.0500000000000007 4.4500000000000011 0.81534090909090928
decision_type=2 2 2 2 2 2 2 2 2 2 2 2 2 2
left_child=-1 2 3 -2 5 -4 7 12 9 10 -6 -10 -3 -14
right_child=1 6 4 -5 8 -7 -8 -9 11 -11 -12 -13 13 -15
leaf_value=3.5601438390355579e-05 0.00026864404869176417 0.00020247141045590751 0.00014617285684166627 0.0027602046421504513 0.0014628552711445624 -0.00081513253757418578 -1.7128416259283538e-05 -0.0003850920627597037 -0.0012355342264124586 -0.0067261292980563469 -0.0030590780388221753 0.00094379710693678247 0.00079838830699315629 0.0037279448146549754
leaf_weight=280883 10913 13287 20176 896 484 17709 348315 6141 4971 360 931 1278 9747 922
leaf_count=280883 10913 13287 20176 896 484 17709 348315 6141 4971 360 931 1278 9747 922
internal_value=1.19688e-12 -2.29286e-05 -0.000269902 0.00045769 -0.000457057 -0.000303181 1.47415e-05 0.000383575 -0.00118358 -0.0025698 -0.00151235 -0.000789833 0.000580618 0.00105156
internal_weight=717013 436130 57718 11809 45909 37885 378412 30097 8024 1775 1415 6249 23956 10669
internal_count=717013 436130 57718 11809 45909 37885 378412 30097 8024 1775 1415 6249 23956 10669
is_linear=0
shrinkage=0.1


Tree=138
num_leaves=15
num_cat=0
split_feature=4 0 0 1 3 3 0 1 3 0 2 2 3 3
split_gain=0.0624858 0.594138 1.06835 0.744991 0.824308 0.612555 0.589513 0.475903 1.26344 0.721459 0.644407 0.569603 0.514701 0.681167
threshold=0.86515151515151534 0.74342105263157909 0.43303571428571436 4.2500000000000009 5.4500000000000011 10.15 0.45804195804195813 2.1500000000000008 -7.3499999999999988 0.17914438502673805 -6.2499999999999991 6.5500000000000007 -1.0000000180025095e-35 -5.8499999999999988
decision_type=2 2 2 2 2 2 2 2 2 2 2 2 2 2
left_child=-1 2 5 -4 6 7 -5 9 -9 -2 -11 -12 13 -10
right_child=1 -3 3 4 -6 -7 -8 8 12 10 11 -13 -14 -15
leaf_value=-1.3557741020033326e-05 -0.00013168590449140653 -0.00018008433358030439 0.0012494737677480724 -0.0039292618162303323 -0.004770455824744408 -0.0049532499336171903 0.0004439138003622328 0.0052992688413209775 -0.004712055476794306 0.0039366780780816383 0.000759390420903651 -0.0033986849354936139 -0.0021166165823768234 6.5732524394669086e-05
leaf_weight=592122 27706 55379 14568 321 338 250 7759 329 325 623 10616 340 2691 3646
leaf_count=592122 27706 55379 14568 321 338 250 7759 329 325 623 10616 340 2691 3646
internal_value=-2.82361e-12 6.42787e-05 0.000258959 0.000816713 6.77857e-05 -1.65978e-05 0.000270177 1.00718e-05 -0.000750123 0.000145353 0.000808247 0.000630352 -0.00104887 -0.000325298
internal_weight=717013 124891 69512 22986 8418 46526 8080 46276 6991 39285 11579 10956 6662 3971
internal_count=717013 124891 69512 22986 8418 46526 8080 46276 6991 39285 11579 10956 6662 3971
is_linear=0
shrinkage=0.1


Tree=139
num_leaves=15
num_cat=0
split_feature=1 3 0 2 2 4 2 3 2 0 4 2 3 3
split_gain=0.0571473 0.533017 0.330604 0.777501 0.522154 0.593417 0.439627 0.517798 0.389394 0.366123 0.371142 0.359085 0.777476 0.478307
threshold=0.55000000000000016 -10.949999999999998 0.10263157894736842 11.850000000000003 -4.2499999999999991 0.29705882352941182 -5.6499999999999995 3.5500000000000003 -7.1499999999999995 0.080128205128205135 0.58957219251336912 8.6500000000000004 -5.9499999999999993 -5.4499999999999993
decision_type=2 2 2 2 2 2 2 2 2 2 2 2 2 2
left_child=1 -1 3 4 5 -2 8 -8 -7 10 -6 12 -11 -14
right_child=2 -3 -4 -5 9 6 7 -9 -10 11 -12 -13 13 -15
leaf_value=-0.0041275877783087311 -0.007089345623828929 7.951898645838406e-05 3.6887301259409294e-07 0.0057237260153665398 0.0018280260777602784 -0.001944619436748326 -0.0072117319006969258 -0.00042718218006778329 0.0031098362825879898 0.0030365182371086073 -0.00049895321599439273 -0.0041888272646480266 -0.0055042400772400274 -0.00061709707492937449
leaf_weight=302 228 106208 594274 201 1386 350 227 223 270 584 1356 273 204 10927
leaf_count=302 228 106208 594274 201 1386 350 227 223 270 584 1356 273 204 10927
internal_value=9.4097e-13 6.75901e-05 -1.17919e-05 -0.000457097 -0.000534608 -0.00245736 -0.00147036 -0.00384961 0.000256515 -0.000365176 0.000677266 -0.000603613 -0.000520065 -0.000706665
internal_weight=717013 106510 610503 16229 16028 1298 1070 450 620 14730 2742 11988 11715 11131
internal_count=717013 106510 610503 16229 16028 1298 1070 450 620 14730 2742 11988 11715 11131
is_linear=0
shrinkage=0.1


Tree=140
num_leaves=15
num_cat=0
split_feature=4 0 0 3 2 3 0 0 3 2 3 3 3 1
split_gain=0.050799 0.481879 0.864428 0.667233 0.640194 0.602737 0.513112 0.57034 0.49598 0.416388 0.439927 0.512499 0.468214 0.512609
threshold=0.86515151515151534 0.74342105263157909 0.43303571428571436 5.4500000000000011 -8.1499999999999968 -7.8499999999999988 0.53137254901960795 0.63397129186602885 10.15 -12.85 8.8500000000000032 8.0500000000000025 6.8500000000000005 4.4500000000000011
decision_type=2 2 2 2 2 2 2 2 2 2 2 2 2 2
left_child=-1 2 8 5 -5 -4 -6 -8 -2 -3 11 12 -11 -14
right_child=1 9 3 4 6 -7 7 -9 -10 10 -12 -13 13 -15
leaf_value=-1.2224298762663348e-05 9.4139137822870146e-06 -0.0037702678054067421 -0.0029330868243591908 0.0016074343630212492 0.0010262183989894816 0.00093778756479203729 -0.0078042475239663003 -0.0016746840851255768 -0.0044567238388350241 -0.00017903167177552525 0.0029587460403322423 -0.0040203331434439443 -0.0019474745571777157 0.0037311667486074986
leaf_weight=592122 46276 318 410 434 218 21316 293 315 250 53446 454 343 216 602
leaf_count=592122 46276 318 410 434 218 21316 293 315 250 53446 454 343 216 602
internal_value=-3.49456e-13 5.79567e-05 0.000233283 0.00073499 -0.00150224 0.000864739 -0.00313614 -0.00462857 -1.45842e-05 -0.000162113 -0.000141275 -0.000167048 -0.000142692 0.00223167
internal_weight=717013 124891 69512 22986 1260 21726 826 608 46526 55379 55061 54607 54264 818
internal_count=717013 124891 69512 22986 1260 21726 826 608 46526 55379 55061 54607 54264 818
is_linear=0
shrinkage=0.1


Tree=141
num_leaves=15
num_cat=0
split_feature=1 3 0 2 4 0 0 0 1 0 3 3 3 2
split_gain=0.0509739 0.14745 0.158109 0.200723 0.286876 0.261541 0.178121 0.409757 0.326288 0.326895 0.597237 0.774071 0.387619 0.385503
threshold=7.7500000000000009 -12.85 0.54195804195804198 7.3500000000000005 0.26969696969696971 0.44949494949494956 0.85164835164835173 0.88562091503267981 9.1500000000000004 0.81534090909090928 -2.3499999999999992 0.65000000000000002 3.1500000000000008 1.5500000000000003
decision_type=2 2 2 2 2 2 2 2 2 2 2 2 2 2
left_child=-1 -2 3 4 -3 -6 8 -8 9 12 -11 -12 13 -4
right_child=1 2 6 -5 5 -7 7 -9 -10 10 11 -13 -14 -15
leaf_value=-6.8608112930007977e-06 -0.0024788481496613134 0.0003492963672212743 0.0018419018296829438 0.00050890504957872864 -0.00079741770203161819 -0.0053698198321468103 -0.0014780754127210357 0.00011337885904692338 -0.00023774309884814842 0.0038492070814285539 -0.0015107269582346921 0.0033726499090863077 -0.0030589986739417655 1.6489422775493343e-05
leaf_weight=672487 220 341 1774 586 220 290 1712 29418 4092 915 776 558 298 3326
leaf_count=672487 220 341 1774 586 220 290 1712 29418 4092 915 776 558 298 3326
internal_value=3.57487e-13 0.000103621 0.000116444 -0.000915345 -0.00189609 -0.00339741 0.00015103 2.58565e-05 0.00048297 0.000868633 0.00188156 0.000531945 0.000446609 0.000651447
internal_weight=717013 44526 44306 1437 851 510 42869 31130 11739 7647 2249 1334 5398 5100
internal_count=717013 44526 44306 1437 851 510 42869 31130 11739 7647 2249 1334 5398 5100
is_linear=0
shrinkage=0.1


Tree=142
num_leaves=15
num_cat=0
split_feature=4 4 3 1 2 2 3 0 0 3 1 2 2 3
split_gain=0.0512102 0.299252 0.423259 0.459297 0.392435 0.754591 0.36113 0.399454 0.281482 0.439456 0.260532 0.555367 0.403663 0.318493
threshold=0.087121212121212141 0.093073593073593086 -6.6499999999999995 2.2500000000000004 -1.0000000180025095e-35 0.65000000000000002 -2.5499999999999994 0.17914438502673805 0.087121212121212169 -0.14999999999999999 5.5500000000000007 1.1500000000000001 2.0500000000000003 -1.7499999999999998
decision_type=2 2 2 2 2 2 2 2 2 2 2 2 2 2
left_child=-1 2 -2 4 8 -6 7 -7 -4 -10 11 -5 13 -13
right_child=1 -3 3 10 5 6 -8 -9 9 -11 -12 12 -14 -15
leaf_value=7.425221142944827e-05 -0.0042423778815800636 -1.4737826606314791e-06 0.0023911309053881568 -0.00043874522849675005 -0.0064300577846751368 -4.1853464619420906e-05 0.00011365731094796288 -0.0058466876309061968 0.0025456970227275824 -0.0022300637284874778 -0.0011381621581379353 0.0073585775811383413 0.00093715857381143283 0.0020137212904162492
leaf_weight=82231 306 625973 317 2624 379 204 717 283 258 761 1345 206 1166 243
leaf_count=82231 306 625973 317 2624 379 204 717 283 258 761 1345 206 1166 243
internal_value=-1.3993e-13 -9.61879e-06 -0.000588408 -0.000456911 -0.00147343 -0.00253863 -0.00131367 -0.00341509 -0.000211303 -0.00102089 7.44686e-05 0.000459226 0.00191822 0.00446593
internal_weight=717013 634782 8809 8503 2919 1583 1204 487 1336 1019 5584 4239 1615 449
internal_count=717013 634782 8809 8503 2919 1583 1204 487 1336 1019 5584 4239 1615 449
is_linear=0
shrinkage=0.1


Tree=143
num_leaves=15
num_cat=0
split_feature=1 3 1 0 4 3 2 2 0 1 1 3 1 2
split_gain=0.0520456 0.384698 0.469066 0.649739 0.977796 0.520935 0.514683 0.501203 0.427853 0.600026 0.385187 0.363366 0.409988 0.551999
threshold=2.6500000000000008 5.0500000000000007 6.2500000000000009 0.81534090909090928 0.74342105263157909 6.0500000000000007 -4.0499999999999989 -6.3499999999999988 0.91987179487179505 6.6500000000000012 8.6500000000000004 5.0500000000000007 1.8500000000000003 -4.0499999999999989
decision_type=2 2 2 2 2 2 2 2 2 2 2 2 2 2
left_child=11 -2 6 4 7 10 -3 -4 -7 -10 -5 -1 13 -13
right_child=1 2 3 5 -6 8 -8 -9 9 -11 -12 12 -14 -15
leaf_value=6.2393907292324411e-05 -4.9724453064412911e-05 0.00020876987205116265 0.0024737793041983386 -0.0022623006028823106 -0.0087069289575790482 0.0029016946654068306 0.0012440028902594952 -0.0034623761220274963 -0.0045796902439418207 0.00095986566296984337 0.0021564170841945475 0.00027374249673723473 -0.00099733753959437878 -0.00094285126546901372
leaf_weight=287076 378102 16061 243 1153 229 750 6851 343 243 1001 238 12614 6814 5295
leaf_count=287076 378102 16061 243 1153 229 750 6851 343 243 1001 238 12614 6814 5295
internal_value=5.59216e-13 -2.36333e-05 0.000340233 -0.000631268 -0.00316608 -2.09671e-05 0.000518319 -0.0010008 0.00101516 -0.000122218 -0.00150626 3.07138e-05 -0.000337146 -8.59573e-05
internal_weight=717013 405214 27112 4200 815 3385 22912 586 1994 1244 1391 311799 24723 17909
internal_count=717013 405214 27112 4200 815 3385 22912 586 1994 1244 1391 311799 24723 17909
is_linear=0
shrinkage=0.1


Tree=144
num_leaves=15
num_cat=0
split_feature=1 0 3 0 0 4 1 2 3 0 4 3 3 2
split_gain=0.0530754 0.358586 0.532711 0.327062 0.634937 0.469478 0.399721 0.310393 0.517029 0.302481 0.699954 0.53933 0.680094 0.405163
threshold=6.2500000000000009 0.67424242424242431 -1.6499999999999997 0.37171052631578955 0.44097222222222227 0.060661764705882359 6.6500000000000012 -3.9499999999999997 4.0500000000000007 0.73030303030303034 0.2752525252525253 2.6500000000000008 -5.1499999999999995 4.4500000000000011
decision_type=2 2 2 2 2 2 2 2 2 2 2 2 2 2
left_child=-1 2 3 -2 -5 -6 -7 8 -4 10 -3 12 -12 -14
right_child=1 9 7 4 5 6 -8 -9 -10 -11 11 -13 13 -15
leaf_value=-1.1043718475920123e-05 -0.0017826045359597008 0.0027278979500265886 0.00424828053417104 0.0036361308498725573 0.0026666764066070685 -0.0016693443943306815 0.00022728395087307486 -0.0015164717925522089 -0.0024817340258428324 8.8350575093506649e-05 -0.0020710743226421374 -0.0030177007771020853 0.00068156963143519073 0.0035373408996009058
leaf_weight=615586 847 1460 253 527 612 1476 4496 4371 208 82564 786 464 2757 606
leaf_count=615586 847 1460 253 527 612 1476 4496 4371 208 82564 786 464 2757 606
internal_value=1.63816e-12 6.70271e-05 -0.000427958 7.49305e-05 0.000296184 2.8846e-05 -0.000241474 -0.00125618 0.00121174 0.000138452 0.00081959 0.000215616 0.000577212 0.00119617
internal_weight=717013 101427 12790 7958 7111 6584 5972 4832 461 88637 6073 4613 4149 3363
internal_count=717013 101427 12790 7958 7111 6584 5972 4832 461 88637 6073 4613 4149 3363
is_linear=0
shrinkage=0.1


Tree=145
num_leaves=15
num_cat=0
split_feature=3 4 2 4 2 4 3 1 2 0 3 2 2 3
split_gain=0.048537 0.614838 1.20234 0.600612 0.85386 0.53538 0.729753 0.456666 0.520693 0.46079 0.637314 0.443797 0.537189 0.403177
threshold=-5.3499999999999988 0.72474747474747481 1.7500000000000002 0.73030303030303034 5.2500000000000009 0.8973684210526317 -5.8499999999999988 1.6500000000000001 13.550000000000002 0.37797619047619052 -8.6499999999999968 12.750000000000002 11.550000000000002 -5.6499999999999995
decision_type=2 2 2 2 2 2 2 2 2 2 2 2 2 2
left_child=1 7 5 4 -4 6 -3 11 -9 -10 -11 12 13 -1
right_child=-2 2 3 -5 -6 -7 -8 8 9 10 -12 -13 -14 -15
leaf_value=-0.0007718567504188537 -7.0417961282355433e-06 0.0010913212760926489 0.0014940343989190042 -3.1455963010204996e-05 -0.0063227832144502954 -0.0057315803847034531 -0.0058315756313739439 0.00062445782743422371 0.0015207714192311881 -0.00049050651870055737 -0.0053910874009769089 0.0027089294175395248 -0.0055737230233830273 0.0013541747243854439
leaf_weight=5438 668075 405 228 12886 361 560 244 25533 434 715 422 436 209 1067
leaf_count=5438 668075 405 228 12886 361 560 244 25533 434 715 422 436 209 1067
internal_value=-1.03459e-12 9.61308e-05 -0.000445235 -0.000174191 -0.00329692 -0.00346617 -0.00151143 0.000328203 0.000515737 -0.00125126 -0.00230937 -0.000382695 -0.000583462 -0.000423129
internal_weight=717013 48938 14684 13475 589 1209 649 34254 27104 1571 1137 7150 6714 6505
internal_count=717013 48938 14684 13475 589 1209 649 34254 27104 1571 1137 7150 6714 6505
is_linear=0
shrinkage=0.1


Tree=146
num_leaves=15
num_cat=0
split_feature=4 1 0 0 0 3 0 2 3 2 4 2 2 2
split_gain=0.0520651 0.243576 0.653086 0.819479 0.868593 1.21123 0.681439 0.593376 0.457587 1.04318 0.556157 0.524661 0.474599 0.521733
threshold=0.54195804195804198 1.0500000000000003 0.055727554179566548 0.36038961038961048 0.31698564593301437 -0.54999999999999993 0.074175824175824148 1.0500000000000003 -0.6499999999999998 4.7500000000000009 0.080128205128205135 -2.9499999999999997 -1.8499999999999999 -1.3499999999999999
decision_type=2 2 2 2 2 2 2 2 2 2 2 2 2 2
left_child=1 2 8 4 6 -6 7 -4 9 10 -1 -10 -12 -14
right_child=-2 -3 3 -5 5 -7 -8 -9 11 -11 12 -13 13 -15
leaf_value=0.00018422063989188191 2.8591319818134386e-05 -6.3572399755711017e-05 0.00048906215908741508 -0.0022968578524884715 0.0086337826410102826 0.00074143207122948562 0.00042747580133218553 0.0073440112907536409 -0.00053078248559044517 0.0010801133637145049 -0.0039704751534746048 0.00049150442453273463 0.0032519971317488631 -0.0012501236012530509
leaf_weight=3385 337296 309420 238 1022 317 503 28482 269 7411 3239 624 15563 265 8979
leaf_count=3385 337296 309420 238 1022 317 503 28482 269 7411 3239 624 15563 265 8979
internal_value=-6.64895e-13 -2.53972e-05 0.000142635 0.000487489 0.00058295 0.0037925 0.000492163 0.00412611 -0.000126766 -0.000528655 -0.000921834 0.000161733 -0.00130124 -0.00112106
internal_weight=717013 379717 70297 30831 29809 820 28989 507 39466 16492 13253 22974 9868 9244
internal_count=717013 379717 70297 30831 29809 820 28989 507 39466 16492 13253 22974 9868 9244
is_linear=0
shrinkage=0.1


Tree=147
num_leaves=15
num_cat=0
split_feature=2 0 1 3 3 3 2 3 2 3 3 2 4 4
split_gain=0.0503847 0.271514 0.822457 0.615425 0.892739 0.615291 0.781507 0.406397 0.382189 0.318162 0.492953 0.748162 0.593612 0.9016
threshold=-1.9499999999999997 0.0930735930735931 0.25000000000000006 0.35000000000000003 3.6500000000000008 3.8500000000000001 -7.9499999999999993 2.6500000000000008 -9.0499999999999989 11.050000000000002 8.1500000000000004 -5.6499999999999995 0.14835164835164838 0.46410256410256417
decision_type=2 2 2 2 2 2 2 2 2 2 2 2 2 2
left_child=1 5 3 -3 7 6 8 -5 -1 10 12 -12 -7 -14
right_child=-2 2 -4 4 -6 9 -8 -9 -10 -11 11 -13 13 -15
leaf_value=-0.0022545235362593776 -1.5241290391046221e-05 -0.0014577317180571028 6.1765763340511164e-05 0.0029894454362586007 0.00033583473185717596 0.0019639540972216695 -0.00055893757400040528 0.0067859825837960951 -0.0080220674233351021 -0.0027808684565780615 0.0012028107148748745 0.0078230976192466741 -0.0019012953860988492 0.00063010524716703418
leaf_weight=270 538874 491 152458 875 1100 1499 13167 416 200 312 952 208 2162 4029
leaf_count=270 538874 491 152458 875 1100 1499 13167 416 200 312 952 208 2162 4029
internal_value=-1.46348e-12 4.61052e-05 9.34022e-05 0.00176697 0.00242917 -0.000276151 -0.000701963 0.00421281 -0.0047088 0.000357641 0.000468287 0.0023899 0.000178421 -0.000253902
internal_weight=717013 178139 155340 2882 2391 22799 13637 1291 470 9162 8850 1160 7690 6191
internal_count=717013 178139 155340 2882 2391 22799 13637 1291 470 9162 8850 1160 7690 6191
is_linear=0
shrinkage=0.1


Tree=148
num_leaves=15
num_cat=0
split_feature=1 2 0 3 3 3 3 1 1 2 4 2 4 2
split_gain=0.0494431 0.0497285 0.540613 0.448981 0.447939 0.583951 0.542488 0.74739 0.445304 0.35197 0.3277 0.348057 0.303493 0.294881
threshold=17.850000000000005 3.3500000000000001 0.17914438502673805 -4.7499999999999991 -6.2499999999999991 -6.9499999999999993 -7.5499999999999989 0.45000000000000007 0.95000000000000007 5.4500000000000011 0.55050505050505061 10.450000000000001 0.75735294117647067 12.350000000000003
decision_type=2 2 2 2 2 2 2 2 2 2 2 2 2 2
left_child=1 -1 4 -4 5 6 7 10 -8 -9 11 -3 -12 -11
right_child=-2 2 3 -5 -6 -7 8 9 -10 13 12 -13 -14 -15
leaf_value=1.1365965106049564e-05 0.0015341922645235346 -0.0020814467866782649 0.00010061553583359158 -0.00034304294102760908 0.00058557895722119479 -0.0021303251330654261 0.0035753188397710297 0.0048903120904817566 -0.00094124172936500155 -0.00038913159344708924 -0.006211258913650001 0.0021457828310228987 -0.0019654900396967102 0.0032351038369262926
leaf_weight=596724 210 585 37782 57563 19212 1487 706 217 316 901 269 292 450 299
leaf_count=596724 210 585 37782 57563 19212 1487 706 217 316 901 269 292 450 299
internal_value=1.84327e-12 -4.49467e-07 -5.91654e-05 -0.000167236 0.000357427 -0.000436353 0.000187919 -0.000487385 0.00217881 0.00118411 -0.00197141 -0.000673977 -0.00355396 0.000513907
internal_weight=717013 716803 120079 95345 24734 5522 4035 3013 1022 1417 1596 877 719 1200
internal_count=717013 716803 120079 95345 24734 5522 4035 3013 1022 1417 1596 877 719 1200
is_linear=0
shrinkage=0.1


Tree=149
num_leaves=15
num_cat=0
split_feature=1 0 3 3 0 2 0 4 2 4 3 4 2 3
split_gain=0.0476119 0.309205 0.694999 0.364783 0.348926 0.270695 0.382547 0.254293 0.383602 0.801181 0.611436 0.549919 0.531079 0.506361
threshold=6.2500000000000009 0.57518796992481214 2.9500000000000006 -9.9499999999999975 0.21825396825396828 13.950000000000001 0.87867647058823539 0.87083333333333346 4.1500000000000012 0.14835164835164838 -6.6499999999999995 0.53589743589743599 2.7500000000000004 -0.6499999999999998
decision_type=2 2 2 2 2 2 2 2 2 2 2 2 2 2
left_child=-1 2 3 -2 -5 -3 -7 8 9 -6 -10 -12 13 -11
right_child=1 5 -4 4 7 6 -8 -9 10 12 11 -13 -14 -15
leaf_value=-1.0459874755055246e-05 0.0031474056232048755 0.0001219957743811798 -0.006291220428067304 -0.0046386594511793507 0.0014189030677772354 -0.0037806120500153036 0.00063887268955983064 0.0017712911621778887 -0.0022314832975355195 0.00017257265961365234 0.00022499341660462397 0.0044600539135875574 -0.0054614344253792815 -0.003814511086292393
leaf_weight=615586 271 94796 210 207 666 424 364 468 680 722 1143 419 487 570
leaf_count=615586 271 94796 210 207 666 424 364 468 680 722 1143 419 487 570
internal_value=-6.93877e-14 6.34836e-05 -0.000642706 -0.000432127 -0.00061304 0.000106653 -0.00173912 -0.00045139 -0.000673327 -0.00153963 0.000271419 0.00136103 -0.00264721 -0.00158643
internal_weight=717013 101427 5843 5633 5362 95584 788 5155 4687 2445 2242 1562 1779 1292
internal_count=717013 101427 5843 5633 5362 95584 788 5155 4687 2445 2242 1562 1779 1292
is_linear=0
shrinkage=0.1


end of trees

feature_importances:
se=509
sl=439
m8=420
p8=398
bf=334

parameters:
[boosting: gbdt]
[objective: regression]
[metric: l2]
[tree_learner: serial]
[device_type: cpu]
[data_sample_strategy: bagging]
[data: ]
[valid: ]
[num_iterations: 150]
[learning_rate: 0.1]
[num_leaves: 15]
[num_threads: 4]
[seed: 0]
[deterministic: 0]
[force_col_wise: 0]
[force_row_wise: 0]
[histogram_pool_size: -1]
[max_depth: -1]
[min_data_in_leaf: 200]
[min_sum_hessian_in_leaf: 0.001]
[bagging_fraction: 1]
[pos_bagging_fraction: 1]
[neg_bagging_fraction: 1]
[bagging_freq: 0]
[bagging_seed: 3]
[bagging_by_query: 0]
[feature_fraction: 1]
[feature_fraction_bynode: 1]
[feature_fraction_seed: 2]
[extra_trees: 0]
[extra_seed: 6]
[early_stopping_round: 0]
[early_stopping_min_delta: 0]
[first_metric_only: 0]
[max_delta_step: 0]
[lambda_l1: 0]
[lambda_l2: 0]
[linear_lambda: 0]
[min_gain_to_split: 0]
[drop_rate: 0.1]
[max_drop: 50]
[skip_drop: 0.5]
[xgboost_dart_mode: 0]
[uniform_drop: 0]
[drop_seed: 4]
[top_rate: 0.2]
[other_rate: 0.1]
[min_data_per_group: 100]
[max_cat_threshold: 32]
[cat_l2: 10]
[cat_smooth: 10]
[max_cat_to_onehot: 4]
[top_k: 20]
[monotone_constraints: ]
[monotone_constraints_method: basic]
[monotone_penalty: 0]
[feature_contri: ]
[forcedsplits_filename: ]
[refit_decay_rate: 0.9]
[cegb_tradeoff: 1]
[cegb_penalty_split: 0]
[cegb_penalty_feature_lazy: ]
[cegb_penalty_feature_coupled: ]
[path_smooth: 0]
[interaction_constraints: ]
[verbosity: -1]
[saved_feature_importance_type: 0]
[use_quantized_grad: 0]
[num_grad_quant_bins: 4]
[quant_train_renew_leaf: 0]
[stochastic_rounding: 1]
[linear_tree: 0]
[max_bin: 255]
[max_bin_by_feature: ]
[min_data_in_bin: 3]
[bin_construct_sample_cnt: 200000]
[data_random_seed: 1]
[is_enable_sparse: 1]
[enable_bundle: 1]
[use_missing: 1]
[zero_as_missing: 0]
[feature_pre_filter: 1]
[pre_partition: 0]
[two_round: 0]
[header: 0]
[label_column: ]
[weight_column: ]
[group_column: ]
[ignore_column: ]
[categorical_feature: ]
[forcedbins_filename: ]
[precise_float_parser: 0]
[parser_config_file: ]
[objective_seed: 5]
[num_class: 1]
[is_unbalance: 0]
[scale_pos_weight: 1]
[sigmoid: 1]
[boost_from_average: 1]
[reg_sqrt: 0]
[alpha: 0.9]
[fair_c: 1]
[poisson_max_delta_step: 0.7]
[tweedie_variance_power: 1.5]
[lambdarank_truncation_level: 30]
[lambdarank_norm: 1]
[label_gain: ]
[lambdarank_position_bias_regularization: 0]
[eval_at: ]
[multi_error_top_k: 1]
[auc_mu_weights: ]
[num_machines: 1]
[local_listen_port: 12400]
[time_out: 120]
[machine_list_filename: ]
[machines: ]
[gpu_platform_id: -1]
[gpu_device_id: -1]
[gpu_device_id_list: ]
[gpu_use_dp: 0]
[num_gpu: 1]

end of parameters

pandas_categorical:[]
