tree
version=v4
num_class=1
num_tree_per_iteration=1
label_index=0
max_feature_idx=38
objective=regression
feature_names=pos_hist3 own_rel m800_hist3 bf field_size dist going_num h_held5 h_heldrate h_wide5 h_widerate h_slow5 h_slowrate h_fell_away5 h_fell_awayrate h_lug5 h_lugrate h_cmtn fa_cum oa_cum fa_last oa_last n_prev i_front i_front2 i_out i_out2 h_sect_i_l400 h_sect_i_l200 h_sect_i_l600 h_sect_i_early late_minus_early j_p8 j_dev j_dev_n t_p8 t_dev j_style j_p8_x
feature_infos=[-0.375:1] [-0.75333196895696897:0.71518358185024855] [0:23.149999999999999] [-0.20000000000000001:5.5999999999999996] [6:24] [800:5500] [1:10] [0:5] [0:1] [0:5] [0:1] [0:5] [0:1] [0:5] [0:1] [0:5] [0:1] [0:5] [-1:1] [-1:1] [-1:1] [-1:1] [0:11] [-0.41666666666666669:0.41666666666666669] [-0.41666666666666669:0.41666666666666669] [-0.5:1.8274999999999999] [-0.86250000000000004:1.8274999999999999] [-40.222738095238093:17.229365079365081] [-34.664166666666667:22.815659340659341] [-44.883333333333333:20.027777777777775] [-45.276666666666664:23.600741341991338] [-40.214870129870135:44.824519230769234] [0.17204911531242587:0.70855085884738467] [-0.12392360725694058:0.12887400729015636] [0:4668] [0.18038174460714099:0.74368206358561151] [-0.086073453836611732:0.100579008533554] [-0.0560417555534743:0.055424038657211738] [-0.67948991264388026:0.81407562931638655]
tree_sizes=1580 1576 1585 1596 1586 1583 1585 1580 1575 1591 1585 1575 1563 1594 1587 1584 1578 1592 1578 1580 1595 1585 1587 1584 1570 1584 1583 1589 1583 1589 1578 1578 1589 1570 1580 1589 1594 1590 1590 1555 1577 1575 1592 1573 1591 1565 1581 1587 1569 1590 1585 1574 1578 1567 1572 1574 1588 1568 1555 1572 1580 1592 1571 1584 1580 1581 1564 1585 1576 1591 1596 1583 1570 1576 1553 1561 1606 1564 1565 1588 1570 1575 1605 1564 1567 1572 1587 1585 1568 1557 1587 1559 1587 1564 1564 1570 1572 1570 1555 1580 1561 1589 1575 1579 1565 1582 1558 1550 1584 1558 1560 1570 1578 1556 1574 1547 1560 1574 1566 1560 1571 1579 1582 1541 1550 1565 1560 1562 1563 1587 1569 1539 1528 1536 1555 1578 1554 1566 1529 1550 1543 1576 1533 1558 1513 1559 1568 1554 1571 1544 1554 1558 1568 1554 1557 1581 1532 1569 1580 1559 1551 1540 1587 1597 1554 1538 1558 1565 1569 1543 1546 1558 1538 1539 1555 1558 1568 1578 1547 1575 1559 1566 1548 1537 1564 1560 1566 1561 1561 1533 1557 1524 1518 1552 1563 1551 1551 1555 1565 1540 1574 1547 1547 1556 1548 1558 1565 1539 1528 1561 1541 1545 1549 1532 1538 1546 1531 1552 1531 1552 1518 1538 1527 1569 1554 1563 1540 1548 1588 1539 1560 1538 1565 1549 1529 1541 1555 1534 1558 1552 1550 1577 1523 1546 1552 1565 1547 1550 1535 1545 1524 1548 1540 1541 1562 1530 1546 1523 1538 1545 1546 1545 1540 1541 1556 1543 1533 1538 1542 1576 1552 1535 1555 1549 1547 1532 1543 1550 1539 1579 1538 1562 1543 1585 1535 1552 1557 1576 1549 1520 1559 1549 1541 1542 1543 1570 1541 1534 1539 1518

Tree=0
num_leaves=15
num_cat=0
split_feature=28 25 29 25 6 28 35 28 35 30 25 21 6 8
split_gain=23362.4 15146.1 7602.34 6125.3 5899.57 4394.61 3446.61 3199.11 2933.37 2525.76 2352.18 2194.22 2076.58 2727.81
threshold=0.69215322871572882 0.020513244471577815 -6.9191964285714276 0.059378035159285171 6.5000000000000009 -1.4506425865800867 0.4949872349183978 -1.2198161907536904 0.52635081561283437 -0.56283071095571058 -0.066661942554799666 -0.4211459836459836 5.5000000000000009 0.17047223663726002
decision_type=10 10 8 10 10 8 2 8 2 10 8 10 10 10
left_child=1 2 9 10 5 8 12 -8 -3 -1 -2 -7 -4 -14
right_child=3 4 6 -5 -6 11 7 -9 -10 -11 -12 -13 13 -15
leaf_value=-0.13140610911062228 0.0013337852150482991 -0.061539268700542785 -0.022105908557372579 -0.043011945131371916 -0.0932081159434726 -0.096014499132926034 -0.05246543401355299 -0.033098346341501925 -0.10828460990469863 -0.064839969126906288 -0.017220175733558239 -0.043982143024598727 -0.048889920361564518 -0.01187544161858551
leaf_weight=1234 12143 7020 57063 14283 6869 1307 18182 54308 3132 3490 109154 31435 11303 4382
leaf_count=1234 12143 7020 57063 14283 6869 1307 18182 54308 3132 3490 109154 31435 11303 4382
internal_value=-0.0310799 -0.0397783 -0.0334297 -0.0182676 -0.0588883 -0.0533265 -0.0317969 -0.0379674 -0.0762684 -0.083097 -0.0153502 -0.046155 -0.0256478 -0.0385208
internal_weight=335305 199725 149962 135580 49763 42894 145238 72490 10152 4724 121297 32742 72748 15685
internal_count=335305 199725 149962 135580 49763 42894 145238 72490 10152 4724 121297 32742 72748 15685
is_linear=0
shrinkage=1


Tree=1
num_leaves=15
num_cat=0
split_feature=28 25 29 25 6 29 35 28 1 7 25 5 34 6
split_gain=21540.1 13967.8 7065.49 5646.11 5439.68 4112.06 3342.84 3269.57 3106.9 2551.25 2169 2023.13 1952.89 1926.47
threshold=0.69215322871572882 0.020513244471577815 -7.5356033549783534 0.059378035159285171 6.5000000000000009 -4.4273214285714282 0.4949872349183978 -1.2198161907536904 -0.17537905470597778 1.0000000180025095e-35 -0.066661942554799666 1790.0000000000002 491.50000000000006 5.5000000000000009
decision_type=10 10 8 10 10 8 2 8 8 2 8 2 10 10
left_child=1 2 8 10 5 -3 13 -8 -1 12 -2 -12 -10 -4
right_child=3 4 6 -5 -6 -7 7 -9 9 -11 11 -13 -14 -15
leaf_value=-0.0032949685675822955 0.03112241699478846 -0.060574258169138993 0.0085811277494399381 -0.011456464538765176 -0.05966107953977063 -0.017426594045114607 -0.021301160692262736 -0.0019356276065667396 -0.15891814421925834 -0.023844576957847707 0.01072269911604163 0.024829115572948594 -0.066145523858266039 -0.0071814152307518491
leaf_weight=1214 12143 3850 57407 14283 6869 39044 18726 54309 713 872 89247 19907 940 15781
leaf_count=1214 12143 3850 57407 14283 6869 39044 18726 54309 713 872 89247 19907 940 15781
internal_value=-2.14964e-06 -0.00835445 -0.00225782 0.0123003 -0.0267061 -0.0213654 -0.000860121 -0.00691208 -0.0561858 -0.0810576 0.0151013 0.0133056 -0.109653 0.00517978
internal_weight=335305 199725 149962 135580 49763 42894 146223 73035 3739 2525 121297 109154 1653 73188
internal_count=335305 199725 149962 135580 49763 42894 146223 73035 3739 2525 121297 109154 1653 73188
is_linear=0
shrinkage=0.04


Tree=2
num_leaves=15
num_cat=0
split_feature=28 25 29 25 25 6 19 31 6 28 35 8 4 31
split_gain=19864.6 10999.8 7016.91 6831.96 4791.99 4777.16 3760.41 3003.37 2949.5 2919.23 2835.08 2335.78 2274.99 2188.04
threshold=0.23861607142857158 0.03960905349794238 -7.5356033549783534 0.026632412463378375 -0.024999999999999974 4.5000000000000009 -0.22644300144300147 -9.1899652777777767 7.5000000000000009 1.7907396885521887 0.53220956926153817 0.070298986903879437 7.5000000000000009 1.7598769286269293
decision_type=10 10 8 10 8 8 10 10 10 10 2 8 2 8
left_child=1 2 7 9 -4 -3 -7 -1 -5 -2 -6 -12 -13 -10
right_child=3 5 4 8 10 6 -8 -9 13 -11 11 12 -14 -15
leaf_value=-0.026726924328783291 0.0096390535770245617 -0.016852696357338479 0.0086949804966113473 -0.0023142854003076023 -0.0043455871715690122 -0.093940389501339136 -0.039810768498790436 -0.095876305123728314 -0.08238784134571088 0.022351487515170174 -0.036284136717289431 0.027003931204092009 -0.016752034903333761 -0.01504682797488854
leaf_weight=2438 95007 13654 35638 34009 69802 2565 10541 1730 1252 41596 9001 2154 13951 1967
leaf_count=2438 95007 13654 35638 34009 69802 2565 10541 1730 1252 41596 9001 2154 13951 1967
internal_value=-4.18846e-06 -0.0101042 -0.00544533 0.00937807 -0.00380316 -0.0335039 -0.0507213 -0.0562248 -0.00580612 0.0135168 -0.00849833 -0.0200126 -0.0108343 -0.042098
internal_weight=335305 161474 134714 173831 130546 26760 13106 4168 37228 136603 94908 25106 16105 3219
internal_count=335305 161474 134714 173831 130546 26760 13106 4168 37228 136603 94908 25106 16105 3219
is_linear=0
shrinkage=0.04


Tree=3
num_leaves=15
num_cat=0
split_feature=28 25 29 25 28 35 1 19 10 7 35 14 14 34
split_gain=18500.2 12034.2 6070.98 4923.68 4079.53 3029.85 2813.2 2790.01 2641.26 2624.52 2326.91 2217.24 2007.33 1937.92
threshold=0.69215322871572882 0.020513244471577815 -6.9191964285714276 0.057813877865961205 -3.4821879509379507 0.44071871704415327 -0.1692658917361298 -0.22143608706108706 0.021858576206402299 1.0000000180025095e-35 0.4949872349183978 0.21964620745108551 0.028778467908902695 491.50000000000006
decision_type=10 10 8 10 8 2 8 10 10 2 2 10 8 10
left_child=1 2 6 12 -3 -4 -1 -6 10 13 -7 -10 -2 -8
right_child=3 4 5 -5 7 8 9 -9 11 -11 -12 -13 -14 -15
leaf_value=-0.0032814903508880783 0.018722079153968098 -0.070588117485638979 0.012163625136503915 -0.010403873261288409 -0.046924793499078403 -0.00065505729909827741 -0.13833487848524387 -0.018050944004670534 0.0021829152427316274 -0.016385580547133922 -0.026634090147461213 -0.014384249770306985 0.0083481976376743212 -0.056546595747808154
leaf_weight=1608 66439 2888 24559 14739 6152 9609 886 40723 82899 1066 12910 15261 54402 1164
leaf_count=1608 66439 2888 24559 14739 6152 9609 886 40723 82899 1066 12910 15261 54402 1164
internal_value=-6.18479e-06 -0.00774671 -0.00208779 0.0113952 -0.0247808 -0.000628661 -0.0464717 -0.0218864 -0.00323594 -0.0683561 -0.0155747 -0.000398805 0.0140572 -0.0943471
internal_weight=335305 199725 149962 135580 49763 145238 4724 46875 120679 3116 22519 98160 120841 2050
internal_count=335305 199725 149962 135580 49763 145238 4724 46875 120679 3116 22519 98160 120841 2050
is_linear=0
shrinkage=0.04


Tree=4
num_leaves=15
num_cat=0
split_feature=28 25 29 25 25 6 1 19 1 37 6 28 8 4
split_gain=17091 9495.37 6057.58 5916.76 4746.7 4391.46 3816.35 3339 2950.39 3117.55 2725.45 2593.66 2272.89 2438.46
threshold=0.23861607142857158 0.03960905349794238 -6.4544318181818179 0.026632412463378375 -0.024999999999999974 4.5000000000000009 -0.33911463407991183 -0.22644300144300147 -0.18200304068359621 0.0016915016442403607 7.5000000000000009 1.7907396885521887 0.060790835181079091 7.5000000000000009
decision_type=10 10 8 10 8 8 8 10 8 10 10 10 10 2
left_child=1 2 8 11 -4 -3 -6 -7 -1 -10 -5 -2 -8 -14
right_child=3 5 4 10 6 7 12 -9 9 -11 -12 -13 13 -15
leaf_value=-0.0037034521288836072 0.0088911747736994933 -0.01515779416371581 0.0093843139824124379 -0.0020796527651992004 0.015662140697778677 -0.088346191847515257 -0.020132289298447074 -0.037343467172661869 -0.041039187998185067 -0.12006389805352763 -0.040322196047329888 0.020873417248359952 0.015193912269398238 -0.009301853874216599
leaf_weight=2057 95007 13654 35040 34009 9820 2565 27197 10541 3177 1066 3219 41596 7452 48905
leaf_count=2057 95007 13654 35040 34009 9820 2565 27197 10541 3177 1066 3219 41596 7452 48905
internal_value=-8.08943e-06 -0.00937651 -0.00504793 0.00869456 -0.00316082 -0.0311172 -0.00787107 -0.0476231 -0.0431855 -0.0620603 -0.00543603 0.0125461 -0.0106446 -0.00605222
internal_weight=335305 161474 134714 173831 128414 26760 93374 13106 6300 4243 37228 136603 83554 56357
internal_count=335305 161474 134714 173831 128414 26760 93374 13106 6300 4243 37228 136603 83554 56357
is_linear=0
shrinkage=0.04


Tree=5
num_leaves=15
num_cat=0
split_feature=28 25 27 6 25 28 33 11 34 35 25 1 35 25
split_gain=15899.8 10374.5 5488.26 4705.6 4292.53 3608.43 3287.29 4219.33 2827.32 2658.72 2640.28 2365.35 1998.82 1980.46
threshold=0.69215322871572882 0.020513244471577815 -3.5279797979797975 6.5000000000000009 0.059378035159285171 -1.4506425865800867 -0.021685651248549011 2.5000000000000004 162.50000000000003 0.52635081561283437 -0.024304052429052415 -0.33911463407991183 0.49578508747184352 -0.025753542368125697
decision_type=10 10 8 10 10 8 8 2 10 2 8 8 2 8
left_child=1 2 6 5 13 9 8 12 -1 -3 -4 -12 -8 -2
right_child=4 3 10 -5 -6 -7 7 -9 -10 -11 11 -13 -14 -15
leaf_value=-0.12882577345913482 0.022048931119331931 -0.024846462738893852 0.0092816826779419 -0.053645232063336545 -0.010153808064460142 -0.011543799023735098 0.0092573025796472194 -0.088285350835059992 -0.038775615975127735 -0.069262027919900063 0.01705040191397145 -0.0049871464553542999 -0.022916816899634922 0.010105736117202443
leaf_weight=670 29339 7020 40695 6869 14283 32742 5956 1076 2877 3132 8542 83823 6323 91958
leaf_count=670 29339 7020 40695 6869 14283 32742 5956 1076 2877 3132 8542 83823 6323 91958
internal_value=-9.59918e-06 -0.00718553 -0.00193129 -0.0230015 0.0105601 -0.0180375 -0.0233665 -0.0141633 -0.0573397 -0.0388214 0.000799281 -0.00294097 -0.00733632 0.0130024
internal_weight=335305 199725 149962 49763 135580 42894 16902 13355 3547 10152 133060 92365 12279 121297
internal_count=335305 199725 149962 49763 135580 42894 16902 13355 3547 10152 133060 92365 12279 121297
is_linear=0
shrinkage=0.04


Tree=6
num_leaves=15
num_cat=0
split_feature=28 28 26 19 26 6 6 10 6 19 6 32 1 8
split_gain=14680.9 6363.41 5067.02 3803.76 3678.32 3952.12 2777.36 2540.43 2685.31 2536.34 2305.48 2111.67 2108.84 2494.27
threshold=0.23861607142857158 -2.8081732503607499 0.0078703703703703626 -0.25008016674683331 0.011931818181818189 9.5000000000000018 4.5000000000000009 0.021858576206402299 6.5000000000000009 0.27285289115646261 1.0000000180025095e-35 0.5743571277224756 -0.1692658917361298 0.03468323977546111
decision_type=10 8 8 8 10 10 8 10 10 10 10 10 8 10
left_child=1 12 10 6 -2 9 -4 -5 -9 -6 -3 -12 -1 -14
right_child=4 2 3 7 5 -7 -8 8 -10 -11 11 -13 13 -15
leaf_value=-0.012898303862833225 0.012101750822446444 0.020434553128431628 -0.011641191969545031 -0.027965172441749168 0.0042178839513139508 -0.078568575322973372 -0.080521751361954344 -0.0041782687797172167 -0.030417917826167984 -0.022294688269284175 0.00016099715207692927 -0.04011440040171687 -0.06950285874528439 -0.028699642884499558
leaf_weight=6451 117119 8943 1625 11955 49259 964 2225 47519 7138 6489 62240 2105 3519 7754
leaf_count=6451 117119 8943 1625 11955 49259 964 2225 47519 7138 6489 62240 2105 3519 7754
internal_value=-1.15145e-05 -0.0086943 -0.00590026 -0.0135553 0.00805422 -0.000307844 -0.0519708 -0.0112976 -0.00762974 0.00111464 0.00146377 -0.00118671 -0.0312749 -0.0416875
internal_weight=335305 161474 143750 70462 173831 56712 3850 66612 54657 55748 73288 64345 17724 11273
internal_count=335305 161474 143750 70462 173831 56712 3850 66612 54657 55748 73288 64345 17724 11273
is_linear=0
shrinkage=0.04


Tree=7
num_leaves=15
num_cat=0
split_feature=25 27 6 27 25 31 27 29 1 4 1 4 14 14
split_gain=12308.2 8198.34 6077.72 4751.49 4038.93 3199.55 2870.36 2729.54 3178.72 2689.87 2566.5 2392.2 2467.85 2179.54
threshold=0.03960905349794238 -2.9612373737373736 5.5000000000000009 1.2856730769230771 -0.023739235174674737 2.4310011169386172 -2.5237991869241867 -7.5356033549783534 -0.17537905470597778 9.5000000000000018 -0.35563806692278904 7.5000000000000009 0.21964620745108551 0.032433380084151482
decision_type=10 8 8 10 8 10 10 10 8 2 8 2 10 8
left_child=1 7 6 4 -3 9 -2 8 -1 -4 -6 -12 -13 -5
right_child=2 3 5 13 10 -7 -8 -9 -10 -11 11 12 -14 -15
leaf_value=0.0028409990504524108 -0.034176922119793701 0.011537111391953972 -0.026891084060494508 0.017560689137432091 0.018467755944630605 -0.0067510146602724396 -0.002983277211014523 -0.012498979614465 -0.071951422094309964 -0.062221179051922912 0.011024922027040949 -0.004118564013274463 -0.022864744700777304 0.0054925070867837102
leaf_weight=1333 5527 43717 6778 56358 8383 4581 30789 21000 2785 7258 13803 78199 13079 41715
leaf_count=1333 5527 43717 6778 56358 8383 4581 30789 21000 2785 7258 13803 78199 13079 41715
internal_value=-1.32593e-05 0.00337972 -0.017318 0.00552637 0.00121444 -0.0358702 -0.00777116 -0.0184026 -0.0479974 -0.0453163 -0.00276616 -0.00446811 -0.00681571 0.0124329
internal_weight=335305 280372 54933 255254 157181 18617 36316 25118 4118 14036 113464 105081 91278 98073
internal_count=335305 280372 54933 255254 157181 18617 36316 25118 4118 14036 113464 105081 91278 98073
is_linear=0
shrinkage=0.04


Tree=8
num_leaves=15
num_cat=0
split_feature=25 27 31 6 27 29 25 35 11 6 33 8 36 25
split_gain=11376.8 7133.04 5366.05 5074.22 4170.9 3417.81 2988.79 2637.62 2794.02 2505.51 2337.7 2086.73 2023.83 2002.08
threshold=0.020513244471577815 -3.3096212121212116 2.2432924482924488 6.5000000000000009 1.9286237373737378 -4.4273214285714282 -0.023739235174674737 0.4908611159381151 2.5000000000000004 9.5000000000000018 -0.019819709564499955 0.066352201257861648 0.0030408690700319788 0.057813877865961205
decision_type=10 8 10 10 10 8 8 2 2 10 10 10 2 10
left_child=1 7 3 5 6 -2 -3 10 -9 13 -1 -8 -7 -5
right_child=2 4 -4 9 -6 12 11 8 -10 -11 -12 -13 -14 -15
leaf_value=-0.039592529499488237 -0.050530914525225228 0.010840895463015324 0.0034917517008359344 -0.020585017353849586 0.015072938356475109 -0.0048299916777068755 -0.0084486294381334089 -0.026214223097288637 -0.09769641311888691 -0.10719795415897433 0.0085029444880104083 0.0029833315198929317 -0.021689592551224764 -0.062496510459817509
leaf_weight=2086 3831 52867 23226 4158 61469 29017 37099 9235 929 970 6608 81755 18747 3308
leaf_count=2086 3831 52867 23226 4158 61469 29017 37099 9235 929 970 6608 81755 18747 3308
internal_value=-1.3788e-05 0.00422111 -0.0128291 -0.0191413 0.00613588 -0.01441 0.00293333 -0.0194098 -0.033194 -0.0478231 -0.00319728 -0.000587085 -0.011463 -0.0394472
internal_weight=335305 252048 83257 60031 233190 51595 171721 18858 10164 8436 8694 118854 47764 7466
internal_count=335305 252048 83257 60031 233190 51595 171721 18858 10164 8436 8694 118854 47764 7466
is_linear=0
shrinkage=0.04


Tree=9
num_leaves=15
num_cat=0
split_feature=25 31 35 27 27 1 5 25 25 31 3 36 22 25
split_gain=10613.4 7150.24 5057.88 3759.55 2907.88 2897.21 2651.62 2510.29 2338.89 2121.64 2084.16 2025.06 1813.96 1953.87
threshold=0.03960905349794238 0.31288690476190456 0.53776811861810747 -2.5237991869241867 -2.5237991869241867 -0.34448293989960649 1790.0000000000002 -0.034872164872164865 0.010604017895684556 2.5084126984126991 0.069047619047619066 0.033956607451505423 5.5000000000000009 0.089298941798941836
decision_type=10 10 2 10 8 10 2 8 8 10 2 2 2 10
left_child=1 2 5 10 -4 11 8 -7 -3 12 -2 -1 -5 -14
right_child=3 6 4 9 -6 7 -8 -9 -10 -11 -12 -13 13 -15
leaf_value=0.015484122790253888 -0.085035373715484405 0.011248946625346935 -0.038291638999595638 -0.012424391246543412 -0.010133764697005481 0.010097744417143865 0.021895266691998365 -0.0061188875753398122 -0.00097981765591247582 0.0017868811173340057 -0.031107044595517937 -0.03539224168860907 -0.024763454473420498 -0.081602693611781241
leaf_weight=23684 1323 74644 7961 26004 22163 19489 23607 69928 37621 13769 7996 1275 4638 1203
leaf_count=23684 1323 74644 7961 26004 22163 19489 23607 69928 37621 13769 7996 1275 4638 1203
internal_value=-1.56125e-05 0.00313512 -0.00305872 -0.0160848 -0.0176263 0.000784068 0.00972098 -0.0025807 0.00715237 -0.0113295 -0.0391761 0.0128196 -0.0169946 -0.0370632
internal_weight=335305 280372 144500 54933 30124 114376 135872 89417 112265 45614 9319 24959 31845 5841
internal_count=335305 280372 144500 54933 30124 114376 135872 89417 112265 45614 9319 24959 31845 5841
is_linear=0
shrinkage=0.04


Tree=10
num_leaves=15
num_cat=0
split_feature=28 25 6 29 33 19 3 25 35 12 6 6 14 28
split_gain=11598.7 7630.82 4451.15 4024.4 3259.51 2882.53 2886.75 2762.78 2751.32 2448.26 2369.54 2042.84 2122.22 1968.44
threshold=0.90192730880230887 0.017195767195767216 4.5000000000000009 -6.4544318181818179 -0.034304720428038359 -0.22644300144300147 0.080128205128205135 0.060763888888888909 0.53776811861810747 0.36023255813953492 9.5000000000000018 4.5000000000000009 0.2573593073593074 -0.18536628302253302
decision_type=10 10 8 8 10 10 2 10 2 10 10 10 8 8
left_child=1 3 -3 4 -1 6 -4 -2 11 -6 -7 -5 -13 -10
right_child=7 2 5 8 9 10 -8 -9 13 -11 -12 12 -14 -15
leaf_value=-0.12243366660281498 0.012157064041331853 -0.007227105477473377 -0.11860518491920262 0.0071658439024531815 -0.0096170618886578935 -0.021666291988521134 -0.039685121464536989 -0.0080022079059302136 -0.018770449082416662 -0.080545397752339071 -0.089420950515659764 -0.000452202164795024 -0.027670169096437051 -0.0001533655090370531
leaf_weight=553 105761 30218 998 75301 4040 23260 2872 12089 17950 920 813 36995 5182 18353
leaf_count=553 105761 30218 998 75301 4040 23260 2872 12089 17950 920 813 36995 5182 18353
internal_value=-1.65701e-05 -0.00549307 -0.017887 -0.000963635 -0.0343862 -0.0293813 -0.0612903 0.0100866 0.00024534 -0.0234457 -0.0241351 0.00321993 -0.00382509 -0.00937173
internal_weight=335305 217455 58161 159294 5513 27943 3870 117850 153781 4960 24073 117478 42177 36303
internal_count=335305 217455 58161 159294 5513 27943 3870 117850 153781 4960 24073 117478 42177 36303
is_linear=0
shrinkage=0.04


Tree=11
num_leaves=15
num_cat=0
split_feature=28 25 29 6 25 29 4 35 31 6 21 36 10 4
split_gain=10750.7 6917.87 3912.07 3554.36 2991.45 2902.05 2733.54 2827.55 2336.87 2114.52 2089.56 1991.64 1984.37 1885
threshold=0.69215322871572882 0.020513244471577815 -7.5356033549783534 6.5000000000000009 0.089298941798941836 -6.4544318181818179 8.5000000000000018 0.44071871704415327 -7.544848484848484 8.5000000000000018 -0.4211459836459836 0.021241300202790105 0.050316455696202543 10.500000000000002
decision_type=10 10 8 10 10 8 2 2 10 10 10 2 8 2
left_child=1 2 8 5 -2 -3 7 -4 -1 11 -7 -8 -12 -5
right_child=4 3 6 13 -6 10 9 -9 -10 -11 12 -13 -14 -15
leaf_value=-0.024928465273968772 0.01010899171787449 -0.06561036434661148 0.033053529340435157 -0.026686552763705254 -0.015849598035413755 -0.0560760481406581 -0.0012023905033993895 0.003757944370909067 -0.10239698620736969 -0.032451595047862838 -0.026791015785976664 -0.022639058684614157 -0.0055853335331439834 -0.069390948356974555
leaf_weight=2982 128104 1661 6275 3908 7476 1633 96847 31752 757 3929 9159 7420 30441 2961
leaf_count=2982 128104 1661 6275 3908 7476 1633 96847 31752 757 3929 9159 7420 30441 2961
internal_value=-1.90381e-05 -0.0059197 -0.00162914 -0.0188348 0.0086723 -0.0145225 -0.000589124 0.00862919 -0.0417571 -0.00383152 -0.0123876 -0.00273802 -0.0105176 -0.0454634
internal_weight=335305 199725 149962 49763 135580 42894 146223 38027 3739 108196 41233 104267 39600 6869
internal_count=335305 199725 149962 49763 135580 42894 146223 38027 3739 108196 41233 104267 39600 6869
is_linear=0
shrinkage=0.04


Tree=12
num_leaves=15
num_cat=0
split_feature=25 29 6 14 29 25 3 6 18 18 29 1 4 36
split_gain=8628.4 5849.03 4976.97 4127.67 2888.85 2429.67 2614.02 2376.73 2285.67 2173.13 2152.28 2644.84 2267.94 2405.8
threshold=0.03960905349794238 -3.23992445054945 5.5000000000000009 0.082903780068728533 -6.4544318181818179 0.092225529100529127 0.12132352941176472 9.5000000000000018 -0.16036195286195282 -0.24544552669552666 -7.5356033549783534 -0.17537905470597778 11.500000000000002 0.0044090838988749288
decision_type=10 8 8 8 8 10 2 10 8 10 10 8 2 2
left_child=1 10 -2 9 -4 7 8 -6 -7 -3 11 -1 13 -12
right_child=2 3 4 -5 5 6 -8 -9 -10 -11 12 -13 -14 -15
leaf_value=0.004617047061710137 -0.0058723174549177026 0.0031323152315296549 -0.12166702047440926 -0.0017780166925184593 -0.012934126758471805 -0.021535430627398371 -0.031778800649665977 -0.091110975972610295 -0.11955136406254831 0.012680406278745742 0.010237653578674445 -0.063210066839869197 -0.031404055873003024 -0.022308658671376293
leaf_weight=1342 36316 65773 504 98423 11034 585 4686 612 1196 90867 9499 2830 5821 5817
leaf_count=1342 36316 65773 504 98423 11034 585 4686 612 1196 90867 9499 2830 5821 5817
internal_value=-2.06782e-05 0.00282018 -0.0145095 0.00464091 -0.031297 -0.0284544 -0.0480498 -0.0174143 -0.0888236 0.00867345 -0.0155021 -0.0415959 -0.0102657 -0.00215577
internal_weight=335305 280372 54933 255063 18617 18113 6467 11646 1781 156640 25309 4172 21137 15316
internal_count=335305 280372 54933 255063 18617 18113 6467 11646 1781 156640 25309 4172 21137 15316
is_linear=0
shrinkage=0.04


Tree=13
num_leaves=15
num_cat=0
split_feature=28 25 6 35 28 25 25 6 4 31 34 25 36 6
split_gain=9734.35 6124.96 4228.93 4006.25 3630.73 2721.25 2649.71 2468.19 2250.04 2044.55 1797.58 1792.1 1752.5 1953.85
threshold=-1.4872008547008548 0.016666666666666691 9.5000000000000018 0.51717444684143854 1.5052367424242428 0.10416666666666674 -0.023739235174674737 5.5000000000000009 9.5000000000000018 2.5084126984126991 1103.5000000000002 0.029613183291067924 0.0070425559683372193 6.5000000000000009
decision_type=8 10 10 2 10 10 8 8 2 10 10 10 2 10
left_child=3 4 5 8 6 9 -2 -7 10 -3 -1 -5 13 -8
right_child=1 2 -4 11 -6 7 12 -9 -10 -11 -12 -13 -14 -15
leaf_value=-0.0079042910188878088 0.010807599949733222 -0.0069893819698198393 -0.076866615843316083 -0.026050284467964157 0.01545710632597457 -0.0095753565062768747 0.0054517197542738541 -0.047491138455103298 -0.017391257705342458 0.0085189253747852342 0.023574322696204839 -0.058817199918997622 -0.0084904265852486817 -0.012377303193055867
leaf_weight=6981 50613 45776 1307 12931 51540 7765 67574 4230 17566 19295 4897 3393 29977 11460
leaf_count=6981 50613 45776 1307 12931 51540 7765 67574 4230 17566 19295 4897 3393 29977 11460
internal_value=-2.27881e-05 0.00268776 -0.00685894 -0.0171545 0.00623178 -0.00562257 0.00324917 -0.0230879 -0.00831753 -0.00238781 0.00511797 -0.0330198 -0.000263501 0.0028603
internal_weight=335305 289537 78373 45768 211164 77066 159624 11995 29444 65071 11878 16324 109011 79034
internal_count=335305 289537 78373 45768 211164 77066 159624 11995 29444 65071 11878 16324 109011 79034
is_linear=0
shrinkage=0.04


Tree=14
num_leaves=15
num_cat=0
split_feature=28 25 29 6 36 4 25 25 6 35 1 8 6 34
split_gain=9110.63 5611.26 4372.68 4184.65 3449.52 3099.89 2961.97 2601.68 2589.02 2457.06 2108.48 1931.89 1865.27 2929.11
threshold=0.23861607142857158 -0.01007326007326006 -7.5356033549783534 4.5000000000000009 0.016099963076418151 7.5000000000000009 0.017788577163577162 0.055314923172066037 9.5000000000000018 0.44071871704415327 -0.34448293989960649 0.1623310810810811 1.0000000180025095e-35 91.500000000000014
decision_type=10 8 8 10 2 2 10 10 10 2 8 10 10 10
left_child=1 9 -3 4 10 -5 11 -7 -8 -1 -4 -2 13 -11
right_child=6 2 3 5 -6 7 8 -9 -10 12 -12 -13 -14 -15
leaf_value=0.023377897139020797 0.0052603123322562785 -0.055819731321224211 0.021200356404851267 0.010915266695676922 -0.025837508446354605 -0.020314100001549661 -0.0010812322022460746 -0.050419936781187752 -0.071386373596968214 0.061715645454702067 -0.0034915542377424742 0.015218075846705141 -0.0032368036093487823 0.001442017895737774
leaf_weight=8674 74120 3474 6134 4219 10402 27691 45049 5505 804 1860 52538 53858 36995 3982
leaf_count=8674 74120 3474 6134 4219 10402 27691 45049 5505 804 1860 52538 53858 36995 3982
internal_value=-2.31179e-05 -0.00686313 -0.0119649 -0.0105087 -0.00466646 -0.0212737 0.00633081 -0.025375 -0.0023904 0.00402887 -0.000894228 0.00945522 8.82251e-05 0.0209931
internal_weight=335305 161474 109963 106489 69074 37415 173831 33196 45853 51511 58672 127978 42837 5842
internal_count=335305 161474 109963 106489 69074 37415 173831 33196 45853 51511 58672 127978 42837 5842
is_linear=0
shrinkage=0.04


Tree=15
num_leaves=15
num_cat=0
split_feature=29 31 35 26 19 35 33 4 35 6 36 19 8 34
split_gain=7017.68 5164.73 4210.5 3226.87 3164.3 2765.37 2641.73 2595.86 2177.08 2043.4 2697.14 2089.11 1912.38 1888.35
threshold=-6.4544318181818179 1.1943587662337671 0.44460490220999377 -0.0242159460909461 -0.2397959183673469 0.57609054195221276 -0.034304720428038359 8.5000000000000018 0.49020589595080655 6.5000000000000009 0.0026111950811450991 0.27285289115646261 0.30495169082125612 1858.5000000000002
decision_type=8 10 2 8 8 2 8 2 2 10 2 10 10 8
left_child=6 2 7 -4 -5 9 -1 -2 -8 10 -6 -11 -9 -3
right_child=1 13 3 4 5 -7 8 12 -10 11 -12 -13 -14 -15
leaf_value=-0.10484183198252282 0.025935942069179346 0.003390401302402981 0.0035104920139821996 -0.03854983226291081 0.0021954259066465109 -0.026945583910890032 -0.0023648707482040576 -0.00016238437208270027 -0.048198788166256286 -0.016252963827499106 -0.012164065083368026 -0.08133131872471136 0.04273138198721628 0.013388809320681887
leaf_weight=797 10074 83151 40970 5672 51257 11087 2825 27517 3983 12672 35307 797 1720 47476
leaf_count=797 10074 83151 40970 5672 51257 11087 2825 27517 3983 12672 35307 797 1720 47476
internal_value=-2.27447e-05 0.000861505 -0.00322663 -0.00614514 -0.00953233 -0.0080345 -0.0378819 0.00847879 -0.0293358 -0.0059261 -0.00366504 -0.0203904 0.00242968 0.00702803
internal_weight=335305 327700 197073 157762 116792 111120 7605 39311 6808 100033 86564 13469 29237 130627
internal_count=335305 327700 197073 157762 116792 111120 7605 39311 6808 100033 86564 13469 29237 130627
is_linear=0
shrinkage=0.04


Tree=16
num_leaves=15
num_cat=0
split_feature=28 25 6 28 29 33 25 4 1 25 31 34 4 6
split_gain=8187.57 5263.39 3732.48 3446.75 2621.72 2518.31 2491.51 2199.95 2172.7 2164.15 1981.74 1897.97 1859.78 1941.56
threshold=-1.4872008547008548 0.043275048836273346 5.5000000000000009 0.90192730880230887 -6.4544318181818179 -0.034304720428038359 -0.02305781024531026 9.5000000000000018 -0.35563806692278904 0.008313041125541128 2.3158218864468876 64.500000000000014 7.5000000000000009 4.5000000000000009
decision_type=8 10 10 10 10 8 8 2 8 10 10 8 2 10
left_child=4 3 11 6 5 -1 -2 -6 -8 -7 -4 -3 -10 -14
right_child=1 2 10 -5 7 9 8 -9 12 -11 -12 -13 13 -15
leaf_value=-0.10264637949247513 0.0092476091452018648 -0.036317865335746768 -0.044678288548566425 0.010434848704243556 0.00013577293010465029 -0.012671258342003992 0.018477450871592672 -0.019392637662621472 0.010122986709403479 -0.060520733465126611 -0.0066482052003174717 -0.001213575711665275 -0.00150180328097147 -0.013996351653997643
leaf_weight=794 40344 2627 6524 100330 15574 4551 7342 22606 12886 2243 3319 31064 53430 31671
leaf_count=794 40344 2627 6524 100330 15574 4551 7342 22606 12886 2243 3319 31064 53430 31671
internal_value=-2.32641e-05 0.00246263 -0.01035 0.00473166 -0.015735 -0.0371443 0.000801449 -0.011437 -0.00243652 -0.0287952 -0.0319532 -0.00400054 -0.0040122 -0.00615723
internal_weight=335305 289537 43534 246003 45768 7588 145673 38180 105329 6794 9843 33691 97987 85101
internal_count=335305 289537 43534 246003 45768 7588 145673 38180 105329 6794 9843 33691 97987 85101
is_linear=0
shrinkage=0.04


Tree=17
num_leaves=15
num_cat=0
split_feature=28 25 6 35 10 28 10 6 8 25 4 28 19 19
split_gain=7560.75 5083.13 3301.42 2685.09 2499.59 2359.97 2200.38 1818.84 2169.69 1798.65 1613.8 1585.38 1560.09 1706.05
threshold=0.90192730880230887 0.017195767195767216 6.5000000000000009 0.53776811861810747 1.0000000180025095e-35 -3.4821879509379507 0.050316455696202543 4.5000000000000009 0.16760299625468167 0.089298941798941836 10.500000000000002 -1.5618529040404034 -0.20209385521885523 0.14154641654641656
decision_type=10 10 10 2 8 8 8 10 10 10 2 8 10 10
left_child=1 3 5 7 -5 -3 -7 -1 -9 -2 -4 -6 -12 -14
right_child=9 2 10 4 11 6 -8 8 -10 -11 12 -13 13 -15
leaf_value=0.0058220581526256098 0.0093254295219181108 -0.047031031541058942 -0.022139239298266302 -0.032073406026633403 -0.022933339161327348 -0.024251503149077158 -0.0038712413250693947 -0.010165985460260048 0.0093484404328967562 -0.012300512751164776 -0.11869812253881339 -0.00065862105192398602 -0.019099167652551145 -0.080650337539265371
leaf_weight=77748 111379 2660 4566 6716 6388 11009 36407 30680 12916 6471 547 24846 1737 1235
leaf_count=77748 111379 2660 4566 6716 6388 11009 36407 30680 12916 6471 547 24846 1737 1235
internal_value=-2.38314e-05 -0.00444543 -0.014561 -0.000748663 -0.0100276 -0.0107087 -0.00862367 0.00215625 -0.00438044 0.00813326 -0.0382082 -0.00524363 -0.0584558 -0.0455877
internal_weight=335305 217455 58161 159294 37950 50076 47416 121344 43596 117850 8085 31234 3519 2972
internal_count=335305 217455 58161 159294 37950 50076 47416 121344 43596 117850 8085 31234 3519 2972
is_linear=0
shrinkage=0.04


Tree=18
num_leaves=15
num_cat=0
split_feature=28 28 26 35 6 26 4 1 19 14 6 34 12 22
split_gain=7199.11 4038.46 3822.52 3288.05 2802.4 2147.31 1895.11 1864.72 2100.79 2088.69 1720.74 1637.73 1702.06 1632.46
threshold=-1.4872008547008548 1.5624877450980394 0.1384204144620812 0.51717444684143854 9.5000000000000018 -0.095416666666666636 9.5000000000000018 -0.34448293989960649 -0.23332570207570202 0.25955088947214938 7.5000000000000009 1103.5000000000002 0.043717152412804598 4.5000000000000009
decision_type=8 10 10 2 10 8 2 8 8 8 8 10 10 2
left_child=3 2 4 6 5 -2 11 8 -7 -9 -4 12 -1 -6
right_child=1 -3 10 -5 13 7 -8 9 -10 -11 -12 -13 -14 -15
leaf_value=-0.047533300922983898 0.01497914715683249 0.010897088177307342 -0.017055286073416626 -0.029130199663655296 -0.054528629819552102 -0.055636648960701515 -0.015081895888253646 0.00021984443697182506 0.018099078477062332 -0.016565765799637748 -0.061262933923353212 0.023188654134092938 0.002641064799214905 0.0052397665564730697
leaf_weight=1284 16813 67173 5966 16324 2245 602 17566 168493 12652 12709 1823 4897 5697 1061
leaf_count=1284 16813 67173 5966 16324 2245 602 17566 168493 12652 12709 1823 4897 5697 1061
internal_value=-2.50811e-05 0.00230593 -0.000291207 -0.0147579 0.000710922 0.0012867 -0.0067539 9.92773e-05 0.0145535 -0.000961696 -0.0277268 0.0055737 -0.0068598 -0.0355548
internal_weight=335305 289537 222364 45768 214575 211269 29444 194456 13254 181202 7789 11878 6981 3306
internal_count=335305 289537 222364 45768 214575 211269 29444 194456 13254 181202 7789 11878 6981 3306
is_linear=0
shrinkage=0.04


Tree=19
num_leaves=15
num_cat=0
split_feature=28 25 5 25 35 8 6 6 6 35 18 22 2 4
split_gain=6636.16 4678.37 3773.44 3246.69 3030.56 2802.35 2529.68 2253.04 2220.36 2857.24 2188.12 2084.15 1922.98 1746.19
threshold=-1.4872008547008548 -0.023739235174674737 1790.0000000000002 0.10416666666666674 0.51717444684143854 0.16345083487940634 9.5000000000000018 5.5000000000000009 6.5000000000000009 0.5270630835982365 -0.03936447811447806 3.5000000000000004 3.6166666666666667 9.5000000000000018
decision_type=8 8 2 10 2 10 10 8 10 2 8 2 10 2
left_child=4 -2 3 5 13 8 12 -5 9 -3 -10 -9 -4 -1
right_child=1 2 6 7 -6 -7 -8 11 10 -11 -12 -13 -14 -15
leaf_value=0.0053471096703090271 0.011508139639021893 0.0014844071288148306 0.0011095417417954208 -0.0098584993456933764 -0.027968549805812089 0.0050193385334216046 -0.061483209600526091 -0.029041995640984756 -0.033101838217497431 -0.013328516144687193 -0.00260485406087195 -0.094101224810319919 0.02187147059290958 -0.014480332644749858
leaf_weight=11878 66632 68127 11426 6682 16324 67926 677 2837 8369 29958 6825 1085 18993 17566
leaf_count=11878 66632 68127 11426 6682 16324 67926 677 2837 8369 29958 6825 1085 18993 17566
internal_value=-2.5399e-05 0.00221262 -0.000568012 -0.00266432 -0.0141705 -0.00140221 0.0123462 -0.0241239 -0.00525331 -0.00304437 -0.0194564 -0.0479983 0.0140875 -0.00648624
internal_weight=335305 289537 222905 191809 45768 181205 31096 10604 113279 98085 15194 3922 30419 29444
internal_count=335305 289537 222905 191809 45768 181205 31096 10604 113279 98085 15194 3922 30419 29444
is_linear=0
shrinkage=0.04


Tree=20
num_leaves=15
num_cat=0
split_feature=28 6 28 1 10 36 35 4 32 38 37 36 31 0
split_gain=6307.48 3541.74 3157.79 2825.49 2261.68 2735.82 2223.28 2003.7 1923.82 1836.49 1777.5 1758.48 1791.46 1698.83
threshold=0.90192730880230887 8.5000000000000018 -2.8081732503607499 -0.34448293989960649 0.045804195804195813 0.0076647508579719909 0.40182455888903779 7.5000000000000009 0.56522575115001705 0.38163553819238211 0.0098979240382893064 0.021977201262631096 -2.999707584082584 0.070370370370370458
decision_type=10 10 8 8 10 2 2 2 8 10 10 2 10 8
left_child=1 2 6 9 5 8 -1 11 -5 -4 -8 12 -6 -9
right_child=-2 -3 3 4 7 -7 10 13 -10 -11 -12 -13 -14 -15
leaf_value=0.037023949955512982 0.0074246163613314597 -0.029783367017844092 0.030552698709035604 -0.0030307679851695941 0.035562661262239781 -0.029799350399583046 -0.019374167517730963 -0.039459729699677544 -0.049933467170588795 0.0031931492283415316 -0.070751770540042905 -0.019051353440251578 0.0072010399287921476 -0.0019609439802574131
leaf_weight=1001 117850 8193 6587 27792 5174 9788 14882 1916 1424 9641 1123 2584 11322 116028
leaf_count=1001 117850 8193 6587 27792 5174 9788 14882 1916 1424 9641 1123 2584 11322 116028
internal_value=-2.58122e-05 -0.00406436 -0.00305054 -0.00158674 -0.00306036 -0.011552 -0.0195459 -0.000639888 -0.00539823 0.0143582 -0.0231882 0.011369 0.0161773 -0.00258657
internal_weight=335305 217455 209262 192256 176028 39004 17006 137024 29216 16228 16005 19080 16496 117944
internal_count=335305 217455 209262 192256 176028 39004 17006 137024 29216 16228 16005 19080 16496 117944
is_linear=0
shrinkage=0.04


Tree=21
num_leaves=15
num_cat=0
split_feature=31 35 6 8 36 18 14 26 19 10 8 1 3 6
split_gain=4601.19 4519.77 2979.64 2368.49 2213.47 1999.98 2530.58 1821.88 2056.22 1626.16 2091.31 1579.84 1572.24 1546.99
threshold=0.83388888888888835 0.53870181839507447 6.5000000000000009 0.17047223663726002 0.0078119764084788245 -0.26783068783068775 0.032433380084151482 -0.11994949494949493 -0.24993386243386234 0.047247023809523815 0.038711288711288719 -0.41346449846449845 0.78174603174603186 2.5000000000000004
decision_type=10 2 10 10 2 10 8 8 8 8 8 8 2 10
left_child=1 2 4 -4 7 -2 -7 13 -9 -3 -11 -10 -6 -1
right_child=5 9 3 -5 12 6 -8 8 11 10 -12 -13 -14 -15
leaf_value=0.081639022395270169 -0.0010439744189873535 -0.031474977469261332 -0.023388208649682843 0.0071765896558293688 -0.00333644545497531 0.014662838772148466 0.0013754789028657768 -0.02328850190774381 0.02434090767600464 -0.031085246612022006 -0.0062690067693012058 0.0026929273289569688 -0.025579082612886456 0.018060621604446409
leaf_weight=672 50167 8542 14907 5539 20550 52468 40730 4582 5694 6947 24490 88893 6715 4409
leaf_count=672 50167 8542 14907 5539 20550 52468 40730 4582 5694 6947 24490 88893 6715 4409
internal_value=-2.56277e-05 -0.00407482 -0.000924579 -0.0151106 0.00128576 0.00539504 0.00885976 0.00393993 0.00273596 -0.0160328 -0.0117936 0.00400828 -0.0088513 0.0271829
internal_weight=335305 191940 151961 20446 131515 143365 93198 104250 99169 39979 31437 94587 27265 5081
internal_count=335305 191940 151961 20446 131515 143365 93198 104250 99169 39979 31437 94587 27265 5081
is_linear=0
shrinkage=0.04


Tree=22
num_leaves=15
num_cat=0
split_feature=28 25 35 6 14 35 6 1 25 22 20 9 25 30
split_gain=5665.54 4235.93 3216.43 2903.87 2644.96 1964.19 1725.94 1998.94 1775.15 1705.59 1702.15 1683.2 1593.89 1963.21
threshold=-1.2198161907536904 0.041581648803871017 0.51643448911773038 5.5000000000000009 0.079156223893066008 0.44536222192753022 4.5000000000000009 -0.1722953881436024 -0.044079212033757482 5.5000000000000009 -0.23186026936026941 1.0000000180025095e-35 -0.058825857784191103 -0.2888042513042508
decision_type=8 10 2 10 8 2 10 8 8 2 10 2 8 10
left_child=2 4 6 -3 10 -6 7 -1 -9 -5 -2 -7 13 -4
right_child=1 3 12 9 5 11 -8 8 -10 -11 -12 -13 -14 -15
leaf_value=0.01541902746575367 0.0032400161594734155 -0.0035209686829890592 -0.041363873849478219 -0.019411781603730235 0.011584067994401058 -0.0098865376751848429 -0.016250504265056569 0.025477563418093478 -0.014582995547719682 -0.060304435418440154 0.011831931550659766 0.0023527716400729977 -0.028667509410445106 0.034081680097223781
leaf_weight=10023 71310 33881 819 7896 15991 36673 12844 2057 11091 2041 76502 35190 17522 1465
leaf_count=10023 71310 33881 819 7896 15991 36673 12844 2057 11091 2041 76502 35190 17522 1465
internal_value=-2.45758e-05 0.00229962 -0.011653 -0.00911399 0.00442326 -0.00107312 -0.00451979 0.0020037 -0.00824276 -0.0280708 0.00768937 -0.0038957 -0.0245798 0.00672174
internal_weight=335305 279484 55821 43818 235666 87854 36015 23171 13148 9937 147812 71863 19806 2284
internal_count=335305 279484 55821 43818 235666 87854 36015 23171 13148 9937 147812 71863 19806 2284
is_linear=0
shrinkage=0.04


Tree=23
num_leaves=15
num_cat=0
split_feature=28 25 6 32 36 25 6 19 35 6 31 32 8 35
split_gain=5359.04 4203.95 3246.75 2965.18 2370.22 2099.75 2179.04 2013.11 1989.16 1640.96 2200.34 1851.66 1593.07 1574.53
threshold=0.23861607142857158 -0.01007326007326006 4.5000000000000009 0.53859658710202829 0.016099963076418151 0.017788577163577162 9.5000000000000018 -0.24993386243386234 0.44071871704415327 1.0000000180025095e-35 -4.6406908831908824 0.5084153295188959 0.1623310810810811 0.41975755434158574
decision_type=10 8 10 8 2 10 10 8 2 10 10 10 10 2
left_child=1 8 3 4 -3 12 -7 -4 -1 10 11 -10 -2 -5
right_child=5 2 7 13 -6 6 -8 -9 9 -11 -12 -13 -14 -15
leaf_value=0.021566679824368044 0.0036714966800581381 0.0022765387015075823 -0.059910591481158453 0.03250644960768493 -0.020970604556887693 -0.0012920950325992092 -0.065791579013389362 -0.016944149600648533 0.078983539631129598 -0.0025084638819711578 -0.0019211262643809293 0.011605101503556542 0.012712391356149948 -0.026278878062814887
leaf_weight=8674 74120 51068 1792 737 8084 45049 804 36888 1345 36995 3233 1264 53858 11394
leaf_count=8674 74120 51068 1792 737 8084 45049 804 36888 1345 36995 3233 1264 53858 11394
internal_value=-2.41295e-05 -0.0052701 -0.00968607 -0.00461716 -0.000915557 0.00484904 -0.00249348 -0.0190095 0.00415713 0.000610862 0.0202179 0.0471723 0.00747973 -0.0225887
internal_weight=335305 161474 109963 71283 59152 173831 45853 38680 51511 42837 5842 2609 127978 12131
internal_count=335305 161474 109963 71283 59152 173831 45853 38680 51511 42837 5842 2609 127978 12131
is_linear=0
shrinkage=0.04


Tree=24
num_leaves=15
num_cat=0
split_feature=29 8 4 35 2 33 34 10 29 1 8 5 14 1
split_gain=4779.92 3345.01 3389.74 3133.01 2488.11 2253.79 2073.75 2163.93 2139.85 1751.53 2218.68 1588.02 1553.06 1527.64
threshold=-6.4544318181818179 0.1623310810810811 8.5000000000000018 0.43104911737993062 7.9416666666666691 -0.034304720428038359 1844.5000000000002 0.050316455696202543 -3.0704836829836828 -0.18200304068359621 0.037268518518518527 2304.0000000000005 0.05917366946778712 -0.31872850914517575
decision_type=8 10 2 2 8 8 10 10 10 8 10 2 10 10
left_child=5 2 3 -2 13 -1 7 8 -4 12 -11 -8 -7 -5
right_child=1 -3 6 4 -6 9 11 -9 -10 10 -12 -13 -14 -15
leaf_value=-0.093037334326016921 0.031263495319348786 0.0061058985490567612 -0.045184036735528274 0.023495247137477308 0.022142295435979075 0.060307267797619399 0.0002720168571063628 -0.0053798592231686778 -0.013501510314588612 -0.07620434534396936 -0.017377788514891201 0.042326799474025643 -0.014105051825924234 -0.0041957401645669832
leaf_weight=797 6951 117622 4101 3453 8487 564 46954 83661 19661 1513 3109 1432 1622 35378
leaf_count=797 6951 117622 4101 3453 8487 564 46954 83661 19661 1513 3109 1432 1622 35378
internal_value=-2.33569e-05 0.000706418 -0.00231747 0.00628807 0.00259006 -0.0312686 -0.00531587 -0.00841179 -0.0190529 -0.0234119 -0.037244 0.00155905 0.00601298 -0.0017063
internal_weight=335305 327700 210078 54269 47318 7605 155809 107423 23762 6808 4622 48386 2186 38831
internal_count=335305 327700 210078 54269 47318 7605 155809 107423 23762 6808 4622 48386 2186 38831
is_linear=0
shrinkage=0.04


Tree=25
num_leaves=15
num_cat=0
split_feature=29 26 8 4 6 35 2 26 34 36 21 34 20 14
split_gain=4415.81 3411.12 2895.15 3090.59 3863.53 2396.48 2342.37 1922.92 2404.87 1883.43 1874.27 1803.02 2601.62 2124.62
threshold=-6.4544318181818179 0.14287217412217415 0.1623310810810811 8.5000000000000018 8.5000000000000018 0.43104911737993062 7.9416666666666691 -0.072909382284382249 1844.5000000000002 -0.00270641818631595 -0.12499999999999993 294.50000000000006 -0.39954605579605573 0.03468323977546111
decision_type=8 10 10 2 10 2 8 8 10 2 8 8 10 10
left_child=11 2 3 5 7 -2 -7 -5 -9 -4 -6 12 -1 -13
right_child=1 -3 9 4 10 6 -8 8 -10 -11 -12 13 -14 -15
leaf_value=-0.015751170913782881 0.029315687535386697 -0.021640661343396039 0.012262449114753254 0.0098872166955739083 -0.072301138184666283 -0.00056421476457309229 0.023198205490725418 -0.0083580254940808524 0.00340977380008417 0.0019158280010078725 -0.021532977363674499 0.021859239723443322 -0.099906001118690982 -0.033163928573456243
leaf_weight=1178 6647 10552 50740 16262 1623 37225 8027 89011 40352 63199 4062 1563 1169 3695
leaf_count=1178 6647 10552 50740 16262 1623 37225 8027 89011 40352 63199 4062 1563 1169 3695
internal_value=-2.29181e-05 0.000678511 0.0014244 -0.00143742 -0.00432634 0.00698123 0.00367182 -0.00305703 -0.00468741 0.00652681 -0.0365307 -0.0300546 -0.0588769 -0.0167558
internal_weight=335305 327700 317148 203209 151310 51899 45252 145625 129363 113939 5685 7605 2347 5258
internal_count=335305 327700 317148 203209 151310 51899 45252 145625 129363 113939 5685 7605 2347 5258
is_linear=0
shrinkage=0.04


Tree=26
num_leaves=15
num_cat=0
split_feature=25 28 6 28 35 35 10 21 25 25 6 22 35 33
split_gain=4922.24 3370.17 3222.02 3151.04 2066.32 1895.73 3401.74 1854.28 1683.08 1661.62 1732.69 1732.59 1588.65 1501.66
threshold=0.020513244471577815 0.82727272727272749 9.5000000000000018 -1.4506425865800867 0.52635081561283437 0.4949872349183978 1.0000000180025095e-35 -0.055911796536796531 -0.096305231548287087 0.10416666666666674 5.5000000000000009 3.5000000000000004 0.44828147004524271 0.023643522627805866
decision_type=10 8 10 10 2 2 10 10 8 10 8 2 2 8
left_child=1 5 3 4 7 -1 -7 12 -3 -5 -11 -12 -2 -14
right_child=2 8 -4 9 -6 6 -8 -9 -10 10 11 -13 13 -15
leaf_value=0.0033165325458628376 0.0068030962581776501 0.027115209757736444 -0.067552847468997354 -0.00081512437617977057 -0.044646799723944676 -0.024171124212277597 -0.0016593532577430484 -0.00087286791288150416 0.006907896913109334 -0.006375597414277118 -0.021822699352854667 -0.081942177307632605 -0.035041435884697485 -0.10878491709605106
leaf_weight=75790 967 7037 1401 55558 5034 13060 59457 6674 96704 7346 2673 1060 1988 556
leaf_count=75790 967 7037 1401 55558 5034 13060 59457 6674 96704 7346 2673 1060 1988 556
internal_value=-2.30234e-05 0.00276254 -0.0084525 -0.00740035 -0.0237915 -0.00110612 -0.00572749 -0.0133159 0.00829101 -0.00364179 -0.0177494 -0.0397513 -0.0366244 -0.0529445
internal_weight=335305 252048 83257 81856 15219 148307 72517 10185 103741 66637 11079 3733 3511 2544
internal_count=335305 252048 83257 81856 15219 148307 72517 10185 103741 66637 11079 3733 3511 2544
is_linear=0
shrinkage=0.04


Tree=27
num_leaves=15
num_cat=0
split_feature=28 25 6 19 8 4 29 6 9 34 35 23 6 6
split_gain=4577.18 3661.28 2675.8 1941.79 1881.92 1860.73 1825.39 1936.13 1575.28 1792.45 1550.03 1518.9 1496.92 1493.43
threshold=0.90192730880230887 0.017195767195767216 4.5000000000000009 -0.22644300144300147 1.0000000180025095e-35 8.5000000000000018 -4.7731157731157721 5.5000000000000009 1.0000000180025095e-35 1117.5000000000002 0.51499723844501422 -9.6450617283964747e-05 2.5000000000000004 9.5000000000000018
decision_type=10 10 8 10 10 2 8 10 2 10 2 10 10 10
left_child=1 4 -3 11 6 12 7 -1 9 10 -7 -4 -6 -5
right_child=-2 2 3 13 5 8 -8 -9 -10 -11 -12 -13 -14 -15
leaf_value=-0.019111666932602533 0.0063225721711586101 -0.0037882750890951217 -0.06781920047843365 -0.014712121196456977 0.026739917625189645 -0.0052009591223976318 -0.0054667738831388956 -0.091091600058965341 0.0044804528748934192 0.0018242961122079753 -0.026156892802697722 -0.016477557820223275 0.005740867259633348 -0.068452102125348233
leaf_weight=2570 117850 30218 2274 23260 6945 13766 32721 746 45068 23416 9564 1596 24498 813
leaf_count=2570 117850 30218 2274 23260 6945 13766 32721 746 45068 23416 9564 1596 24498 813
internal_value=-2.41871e-05 -0.00346448 -0.0120495 -0.0209605 -0.000327163 0.00202423 -0.00836127 -0.0364176 -0.000853118 -0.00599453 -0.0138293 -0.047126 0.0104141 -0.0166652
internal_weight=335305 217455 58161 27943 159294 123257 36037 3316 91814 46746 23330 3870 31443 24073
internal_count=335305 217455 58161 27943 159294 123257 36037 3316 91814 46746 23330 3870 31443 24073
is_linear=0
shrinkage=0.04


Tree=28
num_leaves=15
num_cat=0
split_feature=28 28 5 26 1 32 1 6 0 20 6 29 7 19
split_gain=4320.89 2798.85 2645.01 2530.25 2359.35 2199.37 1960.98 1999.55 1931.2 1795.64 2016.29 1650.76 1815.14 1603.3
threshold=-1.4872008547008548 1.7907396885521887 2270.0000000000005 0.1384204144620812 -0.16023614432705344 0.50967411636859938 -0.33911463407991183 1.0000000180025095e-35 0.14034391534391541 -0.38684463684463677 3.5000000000000004 -7.5356033549783534 1.0000000180025095e-35 -0.19770141895141891
decision_type=8 10 2 10 8 8 10 10 10 8 8 10 2 8
left_child=2 3 4 5 9 6 7 -2 13 -1 -11 12 -6 -9
right_child=1 -3 -4 -5 11 -7 -8 8 -10 10 -12 -13 -14 -15
leaf_value=0.033886561920408162 0.042641198929564375 0.010069357193749415 -0.091169436934377138 -0.021707445074844598 -0.065674795781475281 -0.0044010771439513185 0.0018688807776443357 -0.04123393513687576 0.038871607244467789 0.036355757163636634 -0.0089189139046027006 -0.014007952381670281 -0.0027797372652666246 0.007263678536136498
leaf_weight=2263 3509 53160 607 8303 2118 84717 123890 1150 2866 1723 13990 23950 1117 11942
leaf_count=2263 3509 53160 607 8303 2118 84717 123890 1150 2866 1723 13990 23950 1117 11942
internal_value=-2.48487e-05 0.00178104 -0.0114387 -8.46958e-05 -0.0102674 0.000707062 0.00372621 0.0155113 0.00943122 0.000977301 -0.00385477 -0.0176911 -0.0443309 0.00286298
internal_weight=335305 289537 45768 236377 45161 228074 143357 19467 15958 17976 15713 27185 3235 13092
internal_count=335305 289537 45768 236377 45161 228074 143357 19467 15958 17976 15713 27185 3235 13092
is_linear=0
shrinkage=0.04


Tree=29
num_leaves=15
num_cat=0
split_feature=28 4 6 27 1 27 8 26 5 23 14 6 26 32
split_gain=4071.03 2883.72 3027.69 2542.06 2413.29 2112.94 2058.87 1818.12 1890.06 1800.71 1794.53 1761.06 1656.79 1628.33
threshold=-0.017354797979797994 8.5000000000000018 8.5000000000000018 -0.81718482905982859 -0.31872850914517575 -4.9907828282828275 0.1623310810810811 0.11602199883449885 2102.5000000000005 -0.0026183246867770701 0.1991735537190083 8.5000000000000018 -0.022231240981241001 0.56124643739550173
decision_type=10 2 10 8 8 10 10 10 2 8 8 10 8 10
left_child=1 4 5 -2 -1 7 11 8 10 -4 -3 -5 -7 -14
right_child=3 2 9 6 -6 12 -8 -9 -10 -11 -12 -13 13 -15
leaf_value=0.03277793594373922 0.052024494903415291 -0.0068941411269508989 -0.084305647564523023 0.00084923892886223495 0.00061573680233879932 0.0046664266634343296 0.00821268148296685 -0.07675099401482316 -0.089460595901326365 -0.024198403917711223 -0.040127207467509828 -0.024382514819870114 -0.0064084980610108746 -0.032460683097149397
leaf_weight=4130 1679 11370 1165 107959 34912 21791 79823 828 512 2511 3332 4565 56655 4073
leaf_count=4130 1679 11370 1165 107959 34912 21791 79823 828 512 2511 3332 4565 56655 4073
internal_value=-2.43256e-05 -0.00518846 -0.00871879 0.00373628 0.00405554 -0.00737662 0.00330136 -0.0206379 -0.0173426 -0.0441233 -0.0145364 -0.000184766 -0.00478763 -0.00818107
internal_weight=335305 141279 102237 194026 39042 98561 192347 16042 15214 3676 14702 112524 82519 60728
internal_count=335305 141279 102237 194026 39042 98561 192347 16042 15214 3676 14702 112524 82519 60728
is_linear=0
shrinkage=0.04


Tree=30
num_leaves=15
num_cat=0
split_feature=29 14 8 6 34 10 33 4 35 2 35 32 36 32
split_gain=3447.64 2696.27 2393.45 2867.87 2174.29 2439.63 2073.46 1852.42 2225.65 2166.5 1649.39 1622.11 1594.19 1438.95
threshold=-6.4544318181818179 0.33105022831050229 0.1623310810810811 6.5000000000000009 1844.5000000000002 1.0000000180025095e-35 -0.034304720428038359 8.5000000000000018 0.42998168454919106 9.31666666666667 0.48911163471486246 0.4398841023388797 -0.00270641818631595 0.45617598349746252
decision_type=8 8 10 10 10 10 8 2 2 8 2 8 2 10
left_child=6 2 3 4 5 11 -1 8 -7 -10 -8 -2 -4 -11
right_child=1 -3 12 -5 -6 7 10 -9 9 13 -12 -13 -14 -15
leaf_value=-0.08574403006447108 0.016093863580767028 -0.015435230355515767 0.011355492536931935 -0.013314476531784938 0.0078204152616330302 0.038131696441917454 0.0045312107648573371 -0.0030844587246233904 -0.0016205188604860167 0.074109931962146533 -0.035321464977260374 -0.018969658953222994 0.0018068011846931852 0.017603300339581046
leaf_weight=797 2355 15921 50344 27086 48767 3577 2793 72827 20099 801 4015 17836 62935 5152
leaf_count=797 2355 15921 50344 27086 48767 3577 2793 72827 20099 801 4015 17836 62935 5152
internal_value=-2.50572e-05 0.000594727 0.00141564 -0.00123199 0.000680547 -0.00216044 -0.026561 0.000346376 0.00877023 0.00467351 -0.019058 -0.0148503 0.00605361 0.0257604
internal_weight=335305 327700 311779 198500 171414 122647 7605 102456 29629 26052 6808 20191 113279 5953
internal_count=335305 327700 311779 198500 171414 122647 7605 102456 29629 26052 6808 20191 113279 5953
is_linear=0
shrinkage=0.04


Tree=31
num_leaves=15
num_cat=0
split_feature=25 6 14 28 25 35 14 6 28 4 30 8 9 21
split_gain=4207.27 2883.53 2799.44 2407.61 2167.31 2143.58 2039.16 2017.44 1997.82 1923.14 2041 1732.74 1463.18 1456.93
threshold=0.03960905349794238 5.5000000000000009 0.082903780068728533 2.3068777056277061 -0.093120189995189992 0.44536222192753022 0.25955088947214938 2.5000000000000004 1.7907396885521887 9.5000000000000018 2.4586160714285712 0.022857889237199586 1.0000000180025095e-35 0.092650462962963018
decision_type=10 8 8 10 8 2 8 10 8 2 8 10 2 10
left_child=2 -2 8 9 7 -6 12 -4 11 -3 -11 -1 -7 -12
right_child=1 3 4 -5 5 6 -8 -9 -10 10 13 -13 -14 -15
leaf_value=-0.0064496285142116869 -0.0035686124502063675 -0.012999802353302866 0.066082952991428134 0.023499790926940316 0.0074639091240462363 -0.0098001902677487766 -0.019712812859779102 0.0089062316903185355 0.012845650174551316 -0.032477272818972544 -0.13210796680349113 0.0051545215893540053 0.0017294483079381483 -0.036883439033758701
leaf_weight=25978 36316 8041 1129 1596 20052 35356 16403 6218 41689 7878 575 98532 35015 527
leaf_count=25978 36316 8041 1129 1596 20052 35356 16403 6218 41689 7878 575 98532 35015 527
internal_value=-2.40671e-05 -0.0101414 0.00195967 -0.022919 -0.00286196 -0.00431002 -0.00703351 0.0180798 0.00527183 -0.0273277 -0.0400143 0.00273179 -0.00406615 -0.0901469
internal_weight=335305 54933 280372 18617 114173 106826 86774 7347 166199 17021 8980 124510 70371 1102
internal_count=335305 54933 280372 18617 114173 106826 86774 7347 166199 17021 8980 124510 70371 1102
is_linear=0
shrinkage=0.04


Tree=32
num_leaves=15
num_cat=0
split_feature=28 10 36 26 28 6 36 4 1 34 6 17 2 27
split_gain=3562.22 2624.17 2422.59 2116.27 2908.22 1987.09 2020.37 1981.92 2193.2 1937.61 1751.47 2127.95 1815.33 1784.04
threshold=0.90192730880230887 0.045804195804195813 0.0075216062542909808 0.12274449035812673 -3.1614035790598294 8.5000000000000018 -0.0026060974652283618 9.5000000000000018 -0.27793018324268315 656.50000000000011 5.5000000000000009 3.5000000000000004 4.4166666666666687 -7.5976335470085461
decision_type=10 10 2 10 10 10 2 2 10 10 10 2 10 10
left_child=1 2 5 7 -5 9 -7 8 -3 -1 11 -9 -12 -13
right_child=-2 3 -4 4 -6 6 -8 10 -10 -11 12 13 -14 -15
leaf_value=-0.018697863461034324 0.0055751711449993678 0.018183415790064467 -0.026862098045018271 -0.078620695185905878 -0.010675264188518054 -0.087909594269442976 0.010584426064337989 -0.012941983164930866 0.0013727374518636686 0.0018988489689239101 -0.01931169560744599 -0.04177266989575186 0.0086391013194581871 0.0043499799289509486
leaf_weight=10348 117850 16646 11956 1132 7009 867 508 16741 48491 24564 17168 1325 4710 55990
leaf_count=10348 117850 16646 11956 1132 7009 867 508 16741 48491 24564 17168 1325 4710 55990
internal_value=-2.38696e-05 -0.00305886 -0.0112831 -0.000711453 -0.0205453 -0.00612018 -0.052426 0.000297071 0.00567942 -0.00422408 -0.00335848 -0.000417961 -0.0132883 0.00324824
internal_weight=335305 217455 48243 169212 8141 36287 1375 161071 65137 34912 95934 74056 21878 57315
internal_count=335305 217455 48243 169212 8141 36287 1375 161071 65137 34912 95934 74056 21878 57315
is_linear=0
shrinkage=0.04


Tree=33
num_leaves=15
num_cat=0
split_feature=28 26 6 5 5 36 30 5 5 23 4 34 26 32
split_gain=3410.38 2481.38 3102.83 3120.12 2407.88 2297.13 1821.17 1764.7 1712.93 1692.63 1613.77 1680.82 1661.57 1552.45
threshold=-1.4872008547008548 0.0023148148148148186 9.5000000000000018 1790.0000000000002 2270.0000000000005 0.021241300202790105 2.8618731962481969 2509.0000000000005 3075.0000000000005 0.1433768266132083 9.5000000000000018 2733.5000000000005 -0.060606060606060552 0.50742645423824095
decision_type=8 8 10 2 2 2 8 2 2 8 2 10 8 8
left_child=4 8 3 13 5 10 7 -5 -2 -7 12 -12 -1 -3
right_child=1 2 -4 6 -6 9 -8 -9 -10 -11 11 -13 -14 -15
leaf_value=0.033342970048363042 0.0057686980517620261 7.0797606665791916e-06 -0.046345999124314224 0.013912011253742501 -0.086230378541783573 -0.058233650436482494 -0.030148737766619364 0.074383328224428821 -0.060993582056322916 -0.0040591300229776009 -0.015775401439069092 0.02215159217383926 -0.0019221048466374045 -0.0089802789502682404
leaf_weight=2472 137002 78545 2427 18352 607 2442 1394 760 568 1478 22776 1993 14000 50489
leaf_count=2472 137002 78545 2427 18352 607 2442 1394 760 568 1478 22776 1993 14000 50489
internal_value=-2.43831e-05 0.00157999 -0.00194302 -0.00120712 -0.0101646 -0.00904799 0.0132674 0.0165045 0.00547099 -0.038116 -0.00624224 -0.0126852 0.00345511 -0.00351165
internal_weight=335305 289537 151967 149540 45768 45161 20506 19112 137570 3920 41241 24769 16472 129034
internal_count=335305 289537 151967 149540 45768 45161 20506 19112 137570 3920 41241 24769 16472 129034
is_linear=0
shrinkage=0.04


Tree=34
num_leaves=15
num_cat=0
split_feature=25 6 4 28 28 1 5 35 32 19 37 18 35 10
split_gain=3765.9 2673.54 2581.13 2419.62 2206.54 2037.06 2026.83 1856.31 1757.6 2673.71 2285.29 1586.35 1509.76 2246.91
threshold=0.017195767195767216 9.5000000000000018 10.500000000000002 -0.017354797979797994 -1.4506425865800867 -0.3091324934731528 1708.5000000000002 0.52635081561283437 0.50611383739048132 0.11913179413179416 0.00098157353160321513 -0.012499999999999999 0.53534438445220289 1.0000000180025095e-35
decision_type=10 10 2 8 10 8 2 2 8 10 8 10 2 10
left_child=3 4 -3 5 7 -1 -6 8 -2 10 -10 -5 -7 -14
right_child=1 2 -4 11 6 12 -8 -9 9 -11 -12 -13 13 -15
leaf_value=0.011327793049756665 0.003496882343795978 -0.017719127973385786 -0.12497539608876414 0.0037614517702889119 -0.0059212782881776782 -0.0017393079988718713 0.012805778655082737 -0.038473404047928893 -0.021276837146657051 0.0039792174724631217 -0.10064785663185051 0.01449768168628747 -0.042152606191861203 -0.008072462679147201
leaf_weight=14300 6480 966 541 125646 61172 58052 10844 5391 1312 2089 1043 26667 3742 17060
leaf_count=14300 6480 966 541 125646 61172 58052 10844 5391 1312 2089 1043 26667 3742 17060
internal_value=-2.43806e-05 -0.00702924 -0.0590001 0.00254022 -0.0061097 -0.00253708 -0.00309447 -0.0193691 -0.00980873 -0.0290333 -0.0577909 0.00564529 -0.00505703 -0.0142894
internal_weight=335305 89838 1507 245467 88331 93154 72016 16315 10924 4444 2355 152313 78854 20802
internal_count=335305 89838 1507 245467 88331 93154 72016 16315 10924 4444 2355 152313 78854 20802
is_linear=0
shrinkage=0.04


Tree=35
num_leaves=15
num_cat=0
split_feature=29 32 36 33 5 2 1 2 6 27 33 33 35 36
split_gain=2852.17 2371.75 1983.6 1920.38 1886.58 1971.95 1875.15 2635.06 2000.99 2299.04 1807.5 1774.58 2194.52 1654.41
threshold=-6.4544318181818179 0.50967411636859938 0.033956607451505423 -0.034304720428038359 1740.5000000000002 4.8416666666666694 -0.34448293989960649 2.2416666666666667 1.0000000180025095e-35 3.9948556998557003 -0.037760979189056833 0.0047096552749147629 0.56095857802983928 0.0068885677412809246
decision_type=8 8 2 8 2 10 10 8 10 8 10 10 2 2
left_child=3 6 4 -1 11 13 8 -8 -2 -10 -9 -3 -13 -6
right_child=1 2 -4 -5 5 -7 7 10 9 -11 -12 12 -14 -15
leaf_value=-0.081094762438329845 0.038213218666042763 -0.01564072283003649 -0.032383223362670209 -0.016953262932901156 0.0064122820537198515 0.025212426638970015 -0.006022927721253497 -0.0099870859895268786 0.015882540155410768 -0.015055724997814756 0.0062662382122619324 0.00057356156080053968 -0.016839354530560183 -0.033191054353732749
leaf_weight=797 4274 20084 3731 6808 7572 7190 50267 12023 15480 5063 117871 68126 13901 2118
leaf_count=797 4274 20084 3731 6808 7572 7190 50267 12023 15480 5063 117871 68126 13901 2118
internal_value=-2.52608e-05 0.000538463 -0.00385853 -0.024161 -0.00295091 0.00941844 0.00317128 0.00174957 0.013468 0.0082395 0.00475857 -0.0049993 -0.00238584 -0.00237
internal_weight=335305 327700 122722 7605 118991 16880 204978 180161 24817 20543 129894 102111 82027 9690
internal_count=335305 327700 122722 7605 118991 16880 204978 180161 24817 20543 129894 102111 82027 9690
is_linear=0
shrinkage=0.04


Tree=36
num_leaves=15
num_cat=0
split_feature=25 28 21 1 10 16 19 14 28 29 6 32 14 36
split_gain=3525.21 3146.37 2793.54 2694.97 2531.67 2091.01 2082 2004.3 2557.83 1837.91 1831.76 1817.23 1760.54 1737.57
threshold=-0.024304052429052415 0.23861607142857158 -0.4211459836459836 -0.41346449846449845 0.021858576206402299 0.19378911892152145 0.27285289115646261 0.14371772805507746 -2.6167708333333324 -0.87145833333333322 1.5000000000000002 0.54773648254083251 0.015038444142921758 0.020579865674875443
decision_type=8 10 8 8 10 10 10 10 10 10 10 8 10 2
left_child=10 2 -2 -4 11 13 9 -7 -9 -3 12 -5 -1 -6
right_child=1 6 3 4 5 7 -8 8 -10 -11 -12 -13 -14 -15
leaf_value=0.00043132902423563318 -0.050867586380154491 0.055459002139172243 0.021161381616356504 -0.015490146631947799 0.00068045193533937582 -0.006490006286555175 -0.017789229860925505 -0.081727201436145314 -0.020970800733441566 0.0027835982244169195 0.0053596017000838219 -0.052356737322807066 0.038917616202045487 -0.019499654373161993
leaf_weight=2949 2215 1019 5522 19305 66840 13170 7968 1335 5888 125837 68020 2373 5311 7553
leaf_count=2949 2215 1019 5522 19305 66840 13170 7968 1335 5888 125837 68020 2373 5311 7553
internal_value=-2.50532e-05 -0.00225093 -0.00684285 -0.00602294 -0.00732038 -0.00449466 0.00198015 -0.0158252 -0.0326848 0.00322841 0.00752992 -0.019637 0.0252624 -0.00138012
internal_weight=335305 259025 124201 121986 116464 94786 134824 20393 7223 126856 76280 21678 8260 74393
internal_count=335305 259025 124201 121986 116464 94786 134824 20393 7223 126856 76280 21678 8260 74393
is_linear=0
shrinkage=0.04


Tree=37
num_leaves=15
num_cat=0
split_feature=25 6 14 5 25 6 35 14 16 29 27 13 31 17
split_gain=3364.64 2575.9 2392.38 2033.88 1838.56 1755.18 1682.19 1796.27 1659.68 1572.31 1552.12 1447.58 1309.16 1296.82
threshold=0.03960905349794238 5.5000000000000009 0.082903780068728533 2565.0000000000005 -0.093120189995189992 2.5000000000000004 0.44536222192753022 0.25955088947214938 0.31851119894598162 -4.4273214285714282 3.4539678030303036 1.0000000180025095e-35 5.7925029831279842 3.5000000000000004
decision_type=10 10 8 2 8 10 2 8 10 8 8 2 10 2
left_child=2 9 10 4 5 -4 -6 11 12 -2 13 -8 -3 -1
right_child=1 8 3 -5 6 -7 7 -9 -10 -11 -12 -13 -14 -15
leaf_value=-0.0034276682152130622 -0.036059243560547516 -0.023725284476731865 0.061749274667978062 -0.078483176250142825 0.006776729249539472 0.0083993785617277571 -0.010037186442542258 -0.017995829256275627 -0.074639515011196589 -0.0025357995292575549 0.014036191186927165 0.0016094909195073727 0.038262969470743473 0.0054055192098391106
leaf_weight=35459 2321 10837 1129 514 19986 6193 29431 16372 954 40291 24778 40548 530 105962
leaf_count=35459 2321 10837 1129 514 19986 6193 29431 16372 954 40291 24778 40548 530 105962
internal_value=-2.48883e-05 -0.00907255 0.00174911 -0.00270819 -0.00233116 0.0169886 -0.0036688 -0.00608895 -0.0251429 -0.00440188 0.00481102 -0.00329241 -0.0206801 0.00319031
internal_weight=335305 54933 280372 114173 113659 7322 106337 86351 12321 42612 166199 69979 11367 141421
internal_count=335305 54933 280372 114173 113659 7322 106337 86351 12321 42612 166199 69979 11367 141421
is_linear=0
shrinkage=0.04


Tree=38
num_leaves=15
num_cat=0
split_feature=25 5 29 34 1 8 6 35 18 8 12 36 25 6
split_gain=3137.77 3129.82 2464.58 2404.07 2238.71 2415.68 2318.28 2003.64 1732.79 1699.5 1699.28 1688.34 1652.59 1644.66
threshold=-0.024304052429052415 1790.0000000000002 -7.5356033549783534 41.500000000000007 -0.41346449846449845 0.16345083487940634 6.5000000000000009 0.52635081561283437 -0.021604938271604954 0.10505093378607812 0.085960591133004943 0.0083144178429736988 -0.020833333333333291 1.5000000000000002
decision_type=8 2 8 8 8 10 10 2 8 10 10 2 8 10
left_child=13 2 -2 9 -4 6 7 10 -8 -3 -6 -7 -5 -1
right_child=1 3 4 12 5 11 8 -9 -10 -11 -12 -13 -14 -15
leaf_value=0.023905670445431588 -0.037950870343135649 -0.095757881683416854 0.020511280542807101 -0.041276480340926104 -0.010671816384289153 0.0047850046682496065 -0.030907795818718893 -0.012868743763119842 -0.0058675738012310599 0.0023859943118728004 0.0020325506855373219 -0.0092552298640941784 0.012436970350090656 0.0050467004184770858
leaf_weight=8260 3292 535 6074 895 23708 60338 10600 37140 7609 541 57855 17677 32761 68020
leaf_count=8260 3292 535 6074 895 23708 60338 10600 37140 7609 541 57855 17677 32761 68020
internal_value=-2.45528e-05 -0.00212455 -0.00385514 0.00904074 -0.00333879 -0.00401742 -0.00721764 -0.00517406 -0.020489 -0.0484975 -0.00166452 0.00159981 0.0109495 0.00710317
internal_weight=335305 259025 224293 34732 221001 214927 136912 118703 18209 1076 81563 78015 33656 76280
internal_count=335305 259025 224293 34732 221001 214927 136912 118703 18209 1076 81563 78015 33656 76280
is_linear=0
shrinkage=0.04


Tree=39
num_leaves=15
num_cat=0
split_feature=25 6 4 34 28 36 6 5 20 38 36 6 27 35
split_gain=3043.53 2422.4 2412.66 2032.84 2004.45 1892.8 1751.58 1732.37 1615.08 1668.84 1591.42 2024.91 1954.45 1987.37
threshold=0.017195767195767216 9.5000000000000018 10.500000000000002 64.500000000000014 1.5052367424242428 0.033956607451505423 9.5000000000000018 1740.5000000000002 0.020833333333333388 0.39921160800365701 0.0078119764084788245 8.5000000000000018 -1.692001748251748 0.49955319573643359
decision_type=10 10 2 10 8 2 8 2 10 10 2 10 10 2
left_child=4 3 -3 -2 10 6 8 -5 9 -6 11 -1 13 -13
right_child=1 2 -4 7 5 -7 -8 -9 -10 -11 -12 12 -14 -15
leaf_value=0.003336453872182656 -0.028088341309881117 -0.015950683295702945 -0.11955926498984398 -0.0061598153068123376 0.0047778866988680054 -0.0276982206233507 0.027945429223191313 0.010514175096230321 0.021746773986043414 -0.062528653602484913 -0.00623124523393556 -0.018967979664768653 -0.0073769178462119427 -0.1162811850368103
leaf_weight=131866 5871 966 541 70907 41792 2181 7442 11553 9905 548 46254 794 4121 564
leaf_count=131866 5871 966 541 70907 41792 2181 7442 11553 9905 548 46254 794 4121 564
internal_value=-2.46051e-05 -0.0063219 -0.0557903 -0.00544684 0.00228095 0.00850457 0.00984952 -0.00381876 0.0072476 0.00383402 0.000182007 0.00234329 -0.0213736 -0.0620779
internal_weight=335305 89838 1507 88331 245467 61868 59687 82460 52245 42340 183599 137345 5479 1358
internal_count=335305 89838 1507 88331 245467 61868 59687 82460 52245 42340 183599 137345 5479 1358
is_linear=0
shrinkage=0.04


Tree=40
num_leaves=15
num_cat=0
split_feature=25 6 25 14 6 8 19 22 14 6 16 19 1 6
split_gain=2868.01 2215.78 2146.58 2453.22 1714.82 1545.23 1594.23 1410.41 1444.24 1401.99 1353.88 1331.64 1432.97 1466.97
threshold=0.043275048836273346 5.5000000000000009 -0.083333333333333259 0.24012987012987017 2.5000000000000004 0.1623310810810811 0.27783389450056128 1.5000000000000002 0.018350168350168353 9.5000000000000018 0.31851119894598162 -0.24993386243386234 -0.45847043260237702 9.5000000000000018
decision_type=10 10 8 8 10 10 10 2 10 10 10 8 8 10
left_child=2 -2 4 5 7 9 -7 -1 -9 -4 -3 -5 -13 -14
right_child=1 10 3 11 -6 6 -8 8 -10 -11 -12 12 13 -15
leaf_value=0.00046139541479589189 -0.0042837992674479384 -0.020109070485338873 -0.00015077616222950414 -0.066495700572909253 0.0087735197845275059 0.0070599207829220014 -0.023846167613598653 0.011287415600204234 0.079337881578746994 -0.031693812988765585 -0.070852743134721466 0.039825419552271563 -0.0096329752019126309 -0.075680415978935808
leaf_weight=1009 39251 10461 145615 620 19077 84119 2710 763 1502 2240 878 869 25690 501
leaf_count=1009 39251 10461 145615 620 19077 84119 2710 763 1502 2240 878 869 25690 501
internal_value=-2.56517e-05 -0.00879691 0.00153415 0.000519272 0.0134194 0.00184834 0.00608215 0.0399512 0.0571529 -0.000639205 -0.0243321 -0.0107322 -0.00933431 -0.0110382
internal_weight=335305 50590 284715 262364 22351 234684 86829 3274 2265 147855 11339 27680 27060 26191
internal_count=335305 50590 284715 262364 22351 234684 86829 3274 2265 147855 11339 27680 27060 26191
is_linear=0
shrinkage=0.04


Tree=41
num_leaves=15
num_cat=0
split_feature=25 6 21 5 31 4 29 32 28 5 6 25 36 33
split_gain=2696.33 2467.93 3102.7 2724.04 3176.44 1811.02 2399.52 1966.92 1754.48 1634.16 1608.7 1866.83 1426.1 1356.32
threshold=0.0090663580246913653 9.5000000000000018 -0.12628205128205125 1790.0000000000002 -6.1747775372775378 8.5000000000000018 -3.6334442640692628 0.53935518733987464 1.5052367424242428 2437.0000000000005 4.5000000000000009 0.086422793434011422 0.04746208329526768 -0.013823333283346029
decision_type=8 10 8 2 10 2 10 8 8 2 8 10 2 10
left_child=8 3 -3 5 -5 12 7 13 9 -1 -8 -12 -2 -7
right_child=1 2 -4 4 -6 6 10 -9 -10 -11 11 -13 -14 -15
leaf_value=0.0013770151521979373 0.0037044134701141461 -0.12146878786205491 -0.017790576758535823 -0.053919190558858306 0.014490761781604283 -0.037993841078394 -0.00097074017748627513 -0.060577750627464323 0.010060675286610792 -0.049668942138729529 -0.0085514997748724932 -0.034681335817063966 -0.052842441021741994 -0.0051117678776905987
leaf_weight=134541 33948 562 1978 1104 18722 3154 47514 2071 45648 961 34017 4983 679 5423
leaf_count=134541 33948 562 1978 1104 18722 3154 47514 2071 45648 961 34017 4983 679 5423
internal_value=-2.5556e-05 -0.00391324 -0.0426325 -0.00325074 0.0105553 -0.00533091 -0.00812906 -0.0260043 0.00328295 0.000996802 -0.00591525 -0.0119302 0.00252099 -0.0173535
internal_weight=335305 154155 2540 151615 19826 131789 97162 10648 181150 135502 86514 39000 34627 8577
internal_count=335305 154155 2540 151615 19826 131789 97162 10648 181150 135502 86514 39000 34627 8577
is_linear=0
shrinkage=0.04


Tree=42
num_leaves=15
num_cat=0
split_feature=25 28 19 1 22 10 34 19 29 16 14 36 6 28
split_gain=2581.21 2528.49 2492.36 2254.08 1875.7 1765.49 2721.81 1753.19 1724.84 1589.2 1539.77 1502.92 1412.4 1596.93
threshold=-0.024304052429052415 0.23861607142857158 -0.2397959183673469 -0.33911463407991183 2.5000000000000004 0.021858576206402299 2052.5000000000005 0.27285289115646261 -0.87145833333333322 0.16152751423149908 0.21089696071163827 0.017550234935611465 1.5000000000000002 -1.5249679487179482
decision_type=8 10 8 8 2 8 8 10 10 10 10 2 10 10
left_child=12 2 4 11 -2 6 -5 8 -3 -7 -11 -4 -1 -14
right_child=1 7 3 5 -6 9 -8 -9 -10 10 -12 -13 13 -15
leaf_value=0.02200844564088511 -0.013401619479589885 0.053604823816271456 0.014519634712047147 -0.025886743103013376 -0.060265488716404143 -0.00076963313751115679 0.008535914248475664 -0.016280002267127561 0.0025758320149622911 -0.0075779713552904596 -0.032062226991035295 -0.045782066974205164 -0.0094307960044570267 0.007216845723650187
leaf_weight=8260 3585 1019 11890 14927 2198 61517 4843 7968 125837 19407 5182 652 10949 57071
leaf_count=8260 3585 1019 11890 14927 2198 61517 4843 7968 125837 19407 5182 652 10949 57071
internal_value=-2.70024e-05 -0.00193168 -0.00604811 -0.00478857 -0.0315775 -0.0066888 -0.0174541 0.00186125 0.00300669 -0.00420839 -0.0127925 0.0112155 0.00643776 0.00453216
internal_weight=335305 259025 124201 118418 5783 105876 19770 134824 126856 86106 24589 12542 76280 68020
internal_count=335305 259025 124201 118418 5783 105876 19770 134824 126856 86106 24589 12542 76280 68020
is_linear=0
shrinkage=0.04


Tree=43
num_leaves=15
num_cat=0
split_feature=28 26 32 6 1 31 35 5 6 0 28 14 36 4
split_gain=2421.08 2658.54 2232.36 2026.55 1972.69 1853.1 1616.95 1605.35 1543.3 1645.94 1443.37 1610.61 1428.01 1401.69
threshold=1.5624877450980394 0.1384204144620812 0.50967411636859938 7.5000000000000009 -0.34448293989960649 -2.5670096801346789 0.51717444684143854 2270.0000000000005 1.0000000180025095e-35 0.10317460317460321 -1.4872008547008548 0.30810147299509011 0.021241300202790105 9.5000000000000018
decision_type=10 10 8 8 10 10 2 2 10 10 10 10 2 2
left_child=1 2 4 -3 8 7 -4 12 -1 13 11 -8 -6 -10
right_child=-2 3 6 -5 5 -7 10 -9 9 -11 -12 -13 -14 -15
leaf_value=0.035179541537179865 0.0067613756454397824 -0.011990594047844699 -0.001530807773792044 -0.055272740253509069 -0.0048917898463739689 0.0026206360203262103 -0.019745129814436425 -0.075715663593590152 0.015515000723459207 0.02756604737619496 -0.0075931517574215944 -0.073469083581375036 -0.03941069467462275 -0.0097124524620250379
leaf_weight=3984 67173 7219 57899 2245 29299 106801 8782 507 6078 5004 29110 957 2004 8243
leaf_count=3984 67173 7219 57899 2245 29299 106801 8782 507 6078 5004 29110 957 2004 8243
internal_value=-2.65366e-05 -0.001728 -0.000964017 -0.0224943 0.00190831 9.60995e-05 -0.00576972 -0.00837076 0.0126617 0.00794061 -0.0120771 -0.0253726 -0.007161 0.0010111
internal_weight=335305 268132 258668 9464 161920 138611 96748 31810 23309 19325 38849 9739 31303 14321
internal_count=335305 268132 258668 9464 161920 138611 96748 31810 23309 19325 38849 9739 31303 14321
is_linear=0
shrinkage=0.04


Tree=44
num_leaves=15
num_cat=0
split_feature=25 5 35 28 6 25 14 1 12 12 8 26 5 14
split_gain=2361.56 2551.26 2183.26 2075.66 2040.35 2114.19 1624.16 1619.83 1686.41 1613.92 1861.54 2064.12 1603.89 1831.8
threshold=-0.024304052429052415 1790.0000000000002 0.53776811861810747 -0.4867789502164504 5.5000000000000009 0.086422793434011422 0.051414221517314306 -0.41346449846449845 0.085960591133004943 0.50268817204301086 0.038711288711288719 0.12274449035812673 1880.5000000000002 0.022347066167290892
decision_type=8 2 2 8 10 10 8 8 10 10 10 10 2 10
left_child=-1 2 4 9 7 6 -6 -2 -9 10 -4 -12 -3 -14
right_child=1 12 3 -5 5 -7 -8 8 -10 -11 11 -13 13 -15
leaf_value=0.0061568507980886865 0.02534106099547075 0.024082732618345301 -0.051285926037947731 -0.0055387553813226586 0.002410821361864335 -0.042383725787817808 -0.015054378030253944 -0.0076303200051137752 0.00293867631340644 0.019889158435963752 -0.012819692605716582 -0.082276870763140178 0.01577184628988007 -0.0053350912716986229
leaf_weight=76280 4224 7847 3662 38940 16293 2837 17778 32095 97138 1248 9386 692 11326 15559
leaf_count=76280 4224 7847 3662 38940 16293 2837 17778 32095 97138 1248 9386 692 11326 15559
internal_value=-2.67376e-05 -0.00184857 -0.00341105 -0.0104215 -0.00118954 -0.00950677 -0.0067111 0.00111331 0.000311931 -0.0230465 -0.0270043 -0.0179716 0.00823203 0.00356952
internal_weight=335305 259025 224293 53928 170365 36908 34071 133457 129233 14988 13740 10078 34732 26885
internal_count=335305 259025 224293 53928 170365 36908 34071 133457 129233 14988 13740 10078 34732 26885
is_linear=0
shrinkage=0.04


Tree=45
num_leaves=15
num_cat=0
split_feature=34 4 5 9 26 29 5 29 22 38 34 20 31 36
split_gain=2302.73 2512.17 4919.36 2587.97 2811.34 2092.36 2089.94 1589.7 1584.91 1881.12 1473.83 1433.66 1408.23 1488.9
threshold=2052.5000000000005 8.5000000000000018 3160.0000000000005 1.5000000000000002 0.13395146520146528 -3.23992445054945 1499.0000000000002 -8.3509532828282804 2.5000000000000004 0.34553728276992057 4.5000000000000009 0.042592592592592605 3.609719967532468 0.04746208329526768
decision_type=10 2 2 2 10 8 2 10 2 8 10 10 8 2
left_child=1 12 3 4 5 6 -3 -8 -6 -10 -7 -2 13 -1
right_child=11 2 -4 -5 8 10 7 -9 9 -11 -12 -13 -14 -15
leaf_value=0.0022762207238984787 0.0030926420557758506 -0.028864439399582928 -0.11987708960133953 0.0078351356840986059 -0.0077118338459693956 -0.043903988255003974 -0.048685287208754133 0.014498536273762096 -0.037070190688066482 -0.11940960461643629 -0.0029081336163127576 0.01618289878048227 0.015282619485726675 -0.058938941417828856
leaf_weight=49595 68815 10416 538 25472 2256 1368 717 3719 2772 504 136489 16581 15469 594
leaf_count=49595 68815 10416 538 25472 2256 1368 717 3719 2772 504 136489 16581 15469 594
internal_value=-2.6418e-05 -0.00196421 -0.00435803 -0.00398721 -0.00589212 -0.00487121 -0.019111 0.00385719 -0.0337779 -0.0513425 -0.00333072 0.00564231 0.00475159 0.00149379
internal_weight=335305 249909 184251 183713 158241 152709 14852 4436 5532 3276 137857 85396 65658 50189
internal_count=335305 249909 184251 183713 158241 152709 14852 4436 5532 3276 137857 85396 65658 50189
is_linear=0
shrinkage=0.04


Tree=46
num_leaves=15
num_cat=0
split_feature=25 14 34 6 20 29 30 19 32 31 23 35 6 4
split_gain=2235.33 2209.77 1787.23 2051.58 1835.54 1833.45 2811.88 1799.34 1734.97 1571.23 1587.15 1566.72 1504.13 1391.91
threshold=-0.083333333333333259 0.2573593073593074 2099.5000000000005 5.5000000000000009 0.065909090909090973 -7.5356033549783534 1.9155722402597404 0.070509259993386988 0.52757837212866299 -5.500669642857142 0.027908627357490997 0.42470547208496884 2.5000000000000004 7.5000000000000009
decision_type=8 8 10 10 10 8 10 10 8 10 10 2 10 2
left_child=12 2 5 -4 9 6 7 -2 -7 -5 -11 -3 -1 -10
right_child=1 11 3 4 -6 8 -8 -9 13 10 -12 -13 -14 -15
leaf_value=0.037025380291572992 -0.076544527483032226 0.013676313735821972 0.0094792195799607345 -0.075386994275888408 0.020720258920512241 0.0007072309457968705 0.033809078883821682 -0.0061514473640720668 0.0081391727706786998 -0.0035539383609721172 -0.040037979786194444 -0.016016813523380188 0.0078287585339625251 -0.010752056944819876
leaf_weight=3274 1594 3223 53664 556 3263 164388 776 913 7315 11738 2231 22098 19077 41195
leaf_count=3274 1594 3223 53664 556 3263 164388 776 913 7315 11738 2231 22098 19077 41195
internal_value=-2.77957e-05 -0.000901377 9.67848e-05 0.00557898 -0.00618112 -0.00171606 -0.0311541 -0.0515303 -0.0012549 -0.0122748 -0.00950285 -0.0122178 0.0121786 -0.00789793
internal_weight=335305 312954 287633 71452 17788 216181 3283 2507 212898 14525 13969 25321 22351 48510
internal_count=335305 312954 287633 71452 17788 216181 3283 2507 212898 14525 13969 25321 22351 48510
is_linear=0
shrinkage=0.04


Tree=47
num_leaves=15
num_cat=0
split_feature=28 32 26 1 7 28 35 2 10 28 14 37 28 19
split_gain=2091.59 2261.49 1824.72 1740.96 1701.16 1596.1 1410.25 1384.47 1314.55 1314.31 1358.53 1304.62 1493.04 1264.79
threshold=1.5624877450980394 0.50967411636859938 0.14773421023421027 -0.34448293989960649 1.0000000180025095e-35 -2.1640972222222223 0.51717444684143854 7.1166666666666689 0.3047162859248343 -1.4872008547008548 0.30810147299509011 0.0025710003052130258 -4.1541266025641024 -0.22143608706108706
decision_type=10 8 10 10 2 10 2 8 8 10 10 10 8 8
left_child=1 3 6 -1 11 -4 13 8 -6 10 -8 -5 -13 -3
right_child=-2 2 5 4 7 -7 9 -9 -10 -11 -12 12 -14 -15
leaf_value=0.011131447336811096 0.0062818767165567146 -0.023504319929606447 -0.09171296330874007 -0.0013042266219131812 0.0012905076127677864 -0.021135970121134013 -0.018722680380507745 0.033208510144622831 0.021286218357503307 -0.0069811656150866007 -0.067817526533175077 -0.070538052872292298 -0.010975285790365552 0.00014294462518744908
leaf_weight=24261 67173 3827 613 56657 57710 2489 8857 2495 5739 29273 968 649 20244 54350
leaf_count=24261 67173 3827 613 56657 57710 2489 8857 2495 5739 29273 968 649 20244 54350
internal_value=-2.72627e-05 -0.00160872 -0.00635616 0.00123298 -0.000443878 -0.0363166 -0.00538258 0.00427738 0.00311447 -0.0112524 -0.0238786 -0.00445873 -0.0129895 -0.00143147
internal_weight=335305 268132 100377 167755 143494 3102 97275 65944 63449 39098 9825 77550 20893 58177
internal_count=335305 268132 100377 167755 143494 3102 97275 65944 63449 39098 9825 77550 20893 58177
is_linear=0
shrinkage=0.04


Tree=48
num_leaves=15
num_cat=0
split_feature=34 4 5 35 9 26 2 35 31 32 2 33 1 35
split_gain=1970.7 2278.77 4557.07 3445.99 2374.28 2541.32 2004.02 1910.79 1645.62 1537.59 1534.17 1492.03 1435.69 1537.37
threshold=2052.5000000000005 8.5000000000000018 3160.0000000000005 0.42998168454919106 1.5000000000000002 0.13395146520146528 5.416666666666667 0.53870181839507447 3.609719967532468 0.53520310470966048 3.4666666666666681 0.020202146326858798 -0.1385970993800664 0.54247426527247
decision_type=10 2 2 2 2 10 10 2 8 8 10 10 8 2
left_child=1 3 4 -1 5 6 7 -3 -5 11 12 -7 -9 -14
right_child=-2 2 -4 8 -6 9 -8 10 -10 -11 -12 -13 13 -15
leaf_value=0.029852545343609389 0.0052165360071334309 -0.0039789529553671335 -0.11528391215772857 -0.0026193103789908007 0.007580400937768501 -0.03096749171920278 0.005560220035322725 -0.0072350769007344107 0.012938322273551104 -0.075751542718252032 -0.0048258460154927867 0.033147276849830619 -0.082776008330193052 -0.02730888746790516
leaf_weight=7578 85396 97778 538 43645 25472 3887 25789 5807 14435 1006 12234 639 836 10265
leaf_count=7578 85396 97778 538 43645 25472 3887 25789 5807 14435 1006 12234 639 836 10265
internal_value=-2.75996e-05 -0.00182025 -0.00410016 0.00457594 -0.00374328 -0.00556787 -0.00459724 -0.00666252 0.00125513 -0.0320806 -0.0156443 -0.0216522 -0.0234348 -0.0318385
internal_weight=335305 249909 184251 65658 183713 158241 152709 126920 58080 5532 29142 4526 16908 11101
internal_count=335305 249909 184251 65658 183713 158241 152709 126920 58080 5532 29142 4526 16908 11101
is_linear=0
shrinkage=0.04


Tree=49
num_leaves=15
num_cat=0
split_feature=28 32 26 29 33 29 36 10 35 28 16 10 12 30
split_gain=1892.84 1900.33 1525.44 1635.77 1426.45 2926.49 1304.92 1282.42 1316.59 1418.13 1236.53 1242.4 1233.23 1108.93
threshold=1.7907396885521887 0.50967411636859938 0.14773421023421027 -3.9927678224553218 -0.019565189824405384 -7.5356033549783534 0.032295929064328807 0.028778467908902695 0.47131114128697132 -2.5249842171717165 0.18724593495934963 0.21231060606060609 1.0000000180025095e-35 0.43117965367965344
decision_type=10 8 10 10 10 8 2 10 2 8 8 10 8 10
left_child=1 4 7 -4 5 13 -2 8 -3 -10 11 -6 -7 -1
right_child=6 2 3 -5 10 12 -8 -9 9 -11 -12 -13 -14 -15
leaf_value=-0.10173203725114323 0.0077860054419932705 0.0014061436849902229 -0.092681182713120619 -0.018785423000749299 0.0040416808790487849 -0.016781446996426905 -0.036700676997038426 -0.0024770257257922439 -0.06115378289468705 -0.016470247678859337 -0.0038053542902254508 0.01685436428997129 -0.00017566610001316924 -0.023863688468210291
leaf_weight=582 52132 6343 543 2728 72586 8188 1028 82010 1210 12735 25635 14498 54467 620
leaf_count=582 52132 6343 543 2728 72586 8188 1028 82010 1210 12735 25635 14498 54467 620
internal_value=-2.80251e-05 -0.00133285 -0.00557709 -0.0322631 0.0012055 -0.00356934 0.00689205 -0.00470846 -0.0137003 -0.020552 0.0039109 0.00618322 -0.00235743 -0.0641241
internal_weight=335305 282145 105569 3271 176576 63857 53160 102298 20288 13945 112719 87084 62655 1202
internal_count=335305 282145 105569 3271 176576 63857 53160 102298 20288 13945 112719 87084 62655 1202
is_linear=0
shrinkage=0.04


Tree=50
num_leaves=15
num_cat=0
split_feature=25 6 21 38 1 2 29 25 14 18 22 6 34 21
split_gain=2079.44 2222.83 2872.31 2090.1 2597.62 1538.01 1387.56 1306.02 1291.67 1534.78 1290.18 1610.03 1249.99 1248.68
threshold=0.0090663580246913653 9.5000000000000018 -0.12628205128205125 0.47022400322343766 -0.41346449846449845 5.8333333333333348 -6.4544318181818179 -0.096305231548287087 0.2573593073593074 -0.2631012506012505 1.5000000000000002 2.5000000000000004 1830.5000000000002 -0.54460227272727257
decision_type=8 10 8 10 8 10 8 10 8 10 2 10 8 8
left_child=7 3 -3 4 -2 6 12 10 9 -9 -1 -12 -6 -8
right_child=1 2 -4 -5 5 -7 13 8 -10 -11 11 -13 -14 -15
leaf_value=-0.0021739914497719949 0.033260991036437482 -0.11603044829976568 -0.016311104526059956 -0.036500857311793172 -0.044481731649787123 0.0083419975332060855 -0.051113966816370593 -0.0036719652131661628 -0.01017259245600893 0.0053329962444030234 0.055937720801196272 0.014570950611211298 0.022774865701529482 -0.0034775843977140537
leaf_weight=5636 3191 562 1978 2841 2293 17006 837 41865 13238 109139 1755 9517 512 124935
leaf_count=5636 3191 562 1978 2841 2293 17006 837 41865 13238 109139 1755 9517 512 124935
internal_value=-2.89589e-05 -0.00344307 -0.040189 -0.00281442 -0.0021591 -0.00294661 -0.00444234 0.00287653 0.00178475 0.00283603 0.0134454 0.0212302 -0.0320214 -0.00381479
internal_weight=335305 154155 2540 151615 148774 145583 128577 181150 164242 151004 16908 11272 2805 125772
internal_count=335305 154155 2540 151615 148774 145583 128577 181150 164242 151004 16908 11272 2805 125772
is_linear=0
shrinkage=0.04


Tree=51
num_leaves=15
num_cat=0
split_feature=4 35 17 5 31 35 33 14 29 6 29 21 28 1
split_gain=1831.35 2718.07 2476.74 2726.52 1941.08 2216.97 1701 1648.74 2389.66 2309.33 1976.15 1365.67 1409.23 1516.1
threshold=8.5000000000000018 0.42884230871526469 4.5000000000000009 3160.0000000000005 0.79961354617604641 0.55290860829386945 0.034947105018187007 0.03468323977546111 -6.4544318181818179 4.5000000000000009 -6.4544318181818179 -0.54460227272727257 1.4677304292929296 -0.27390675402039033
decision_type=2 2 2 2 10 2 8 10 10 10 8 8 8 10
left_child=1 -1 4 7 5 -2 -7 10 -9 -10 -4 -3 13 -13
right_child=2 11 3 -5 -6 6 -8 8 9 -11 -12 12 -14 -15
leaf_value=0.025302180765987656 -0.0081357540718996341 -0.049555936501860395 0.069453239781976359 -0.079328809692343669 0.00025797913077433925 -0.022471186281907245 -0.071771798968160494 -0.04127736547063883 0.004468520856558085 -0.0082334117730812704 0.0056284580240435634 0.015044651809959533 0.012018398868372733 -0.0033578895936310599
leaf_weight=9413 44706 747 736 620 34878 7997 1275 2343 55164 39084 65444 8502 20344 44052
leaf_count=9413 44706 747 736 620 34878 7997 1275 2343 55164 39084 65444 8502 20344 44052
internal_value=-2.86576e-05 0.00512121 -0.00172505 0.00119806 -0.00709779 -0.0118466 -0.0295991 0.00152906 -0.00180315 -0.000800456 0.00639016 0.00252635 0.00309365 -0.000369321
internal_weight=335305 83058 252247 163391 88856 53978 9272 162771 96591 94248 66180 73645 72898 52554
internal_count=335305 83058 252247 163391 88856 53978 9272 162771 96591 94248 66180 73645 72898 52554
is_linear=0
shrinkage=0.04


Tree=52
num_leaves=15
num_cat=0
split_feature=25 3 20 6 6 20 25 14 9 37 31 25 16 33
split_gain=1946.98 2048.43 1809.35 1868.35 1631.07 1998.87 1930.94 1619.78 1669.36 1506.06 1441.25 1355.91 1260.17 1222.05
threshold=0.03960905349794238 0.095454545454545472 0.045993589743589768 5.5000000000000009 6.5000000000000009 -0.14811253561253554 0.089298941798941836 0.054200940070505292 1.0000000180025095e-35 0.0011518105772833952 5.0042708333333339 -0.093120189995189992 0.18441295546558709 -0.058155009957824279
decision_type=10 2 10 10 8 8 10 8 2 10 10 8 10 10
left_child=7 4 3 -3 -2 -6 -7 9 13 -1 12 -10 -5 -9
right_child=1 2 -4 10 5 6 -8 8 11 -11 -12 -13 -14 -15
leaf_value=0.0073681786163259438 -0.013262555939906275 -0.0026740560290033654 0.013461050978070455 -0.020244418325671729 -0.0065272167839428652 -0.028228680855255144 -0.1190869023697874 -0.045625353348240603 0.024073509766839484 -0.0013003866239202427 0.030741703304178115 0.0012112705299874469 -0.059947683742799074 -0.0053668424483146295
leaf_weight=91799 6021 30230 8164 5673 996 721 830 1179 4386 49249 655 64632 1643 69127
leaf_count=91799 6021 30230 8164 5673 996 721 830 1179 4386 49249 655 64632 1643 69127
internal_value=-2.84175e-05 -0.00691093 -0.00357813 -0.00723243 -0.0248208 -0.0513624 -0.0790511 0.00132106 -0.00173776 0.00434203 -0.0243956 0.00268051 -0.0295072 -0.0060739
internal_weight=335305 54933 46365 38201 8568 2547 1551 280372 139324 141048 7971 69018 7316 70306
internal_count=335305 54933 46365 38201 8568 2547 1551 280372 139324 141048 7971 69018 7316 70306
is_linear=0
shrinkage=0.04


Tree=53
num_leaves=15
num_cat=0
split_feature=25 8 6 2 21 4 17 6 38 35 14 34 1 26
split_gain=1880.95 1912.16 2207.84 2213.56 1562.31 1410.16 1882.87 2023.48 1629.03 1576.58 1415.89 1397.57 1223.85 1238.29
threshold=-0.024304052429052415 0.1623310810810811 9.5000000000000018 1.4000000000000012 -0.54460227272727257 8.5000000000000018 3.5000000000000004 4.5000000000000009 0.47022400322343766 0.43210298726819246 0.29442724458204339 1256.5000000000002 0.13442568968362625 0.027777777777777804
decision_type=8 10 10 10 8 2 2 10 10 2 10 8 10 8
left_child=-1 2 4 -4 -2 9 8 11 -7 -6 -9 -8 13 -5
right_child=1 -3 3 12 5 6 7 10 -10 -11 -12 -13 -14 -15
leaf_value=0.0054899747009339315 -0.0574074066373544 0.0029521806837564282 0.0224492740692969 -0.04252449114914314 0.022894468498187454 -0.012406742973409416 -0.0044593862898769324 -0.0077171318961142881 -0.078447327602368139 -3.1869831566455529e-05 -0.039132561938728043 0.0084536918210376538 -0.015807289483207154 -0.12449699254796583
leaf_weight=76280 810 92591 647 696 5495 32532 25188 32566 561 35680 2425 28572 671 591
leaf_count=76280 810 92591 647 696 5495 32532 25188 32566 561 35680 2425 28572 671 591
internal_value=-2.86251e-05 -0.00165454 -0.00421748 -0.0404052 -0.00362991 -0.00334519 -0.0055073 -0.00246776 -0.0136429 0.00305182 -0.00994706 0.00240505 -0.0612166 -0.083415
internal_weight=335305 259025 166434 2605 163829 163019 121844 88751 33093 41175 34991 53760 1958 1287
internal_count=335305 259025 166434 2605 163829 163019 121844 88751 33093 41175 34991 53760 1958 1287
is_linear=0
shrinkage=0.04


Tree=54
num_leaves=15
num_cat=0
split_feature=25 8 4 6 34 34 5 8 20 26 35 22 25 18
split_gain=1779.15 1854.34 1965.04 2436.58 2054.55 1947.28 2006.09 2552.8 1901.54 1881.24 1855.08 1821.75 1702.06 1463.03
threshold=-0.083333333333333259 0.1623310810810811 8.5000000000000018 8.5000000000000018 1733.5000000000002 1241.5000000000002 2252.5000000000005 0.088365434669443008 0.073051948051948076 0.13395146520146528 0.43210298726819246 2.5000000000000004 0.12502913752913758 -0.18531024531024529
decision_type=8 10 2 10 10 10 2 10 8 10 2 2 10 10
left_child=-1 2 10 5 -5 6 9 -8 -6 -4 -2 -11 -13 -3
right_child=1 13 3 4 8 -7 7 -9 -10 11 -12 12 -14 -15
leaf_value=0.010860477358554284 0.023123028021392891 -0.0012476735499698374 -0.0067837877869470799 -0.013371497843499492 -0.089529087308053049 0.0003746341205801368 -0.11589332664989459 0.0034512552419898039 -0.0031420097854931522 -0.0012804405417103371 0.00068422709515368206 -0.036545672892679064 -0.12463100084964233 0.0078970903381575322
leaf_weight=22351 6751 56050 70224 3716 1341 70252 576 524 582 1166 44277 1149 503 55843
leaf_count=22351 6751 56050 70224 3716 1341 70252 576 524 582 1166 44277 1149 503 55843
internal_value=-2.93897e-05 -0.000808749 -0.00310544 -0.0054112 -0.0310912 -0.0043979 -0.00891725 -0.0613637 -0.0641261 -0.00808598 0.00367261 -0.0398522 -0.0662393 0.00331774
internal_weight=335305 312954 201061 150033 5639 144394 74142 1100 1923 73042 51028 2818 1652 111893
internal_count=335305 312954 201061 150033 5639 144394 74142 1100 1923 73042 51028 2818 1652 111893
is_linear=0
shrinkage=0.04


Tree=55
num_leaves=15
num_cat=0
split_feature=25 3 20 36 2 25 27 8 1 2 1 31 20 6
split_gain=1729.51 1867.79 1326.64 1300.78 1288.18 1523.19 1850.12 1850.99 1528.34 1256.85 1596.33 1619.85 1263.75 1234.23
threshold=0.017195767195767216 0.087121212121212141 -0.48098614348614338 0.0078119764084788245 3.8666666666666685 -0.057288592089728439 -3.3096212121212116 0.022857889237199586 0.0026654562368848005 0.46666666666666673 -0.20843889275707456 2.5084126984126991 -0.32136243386243374 9.5000000000000018
decision_type=10 2 8 2 8 8 10 10 10 8 8 10 10 8
left_child=3 2 -2 -1 5 -5 7 -7 -9 -3 12 -12 -11 -4
right_child=1 9 13 4 -6 6 -8 8 -10 10 11 -13 -14 -15
leaf_value=0.003434367788470716 0.035228022480412173 -0.024115183375254614 -0.018290331809772929 0.011090932588721106 0.0023287656600951999 -0.090891521804974437 -0.008970120736543628 -0.0031966212243261473 -0.079819413962522137 0.033824028511999588 -0.0082085224337720888 0.0055235362609786015 0.0040016183285872288 -0.059265343866331886
leaf_weight=181598 600 4092 8650 5009 32792 838 23004 1725 501 3118 43997 19937 8111 1333
leaf_count=181598 600 4092 8650 5009 32792 838 23004 1725 501 3118 43997 19937 8111 1333
internal_value=-3.02778e-05 -0.00477735 -0.0205202 0.00170771 -0.0032005 -0.00902928 -0.0129092 -0.0418645 -0.0218166 -0.00266358 -0.00148046 -0.00392539 0.0123958 -0.0240297
internal_weight=335305 89838 10583 245467 63869 31077 26068 3064 2226 79255 75163 63934 11229 9983
internal_count=335305 89838 10583 245467 63869 31077 26068 3064 2226 79255 75163 63934 11229 9983
is_linear=0
shrinkage=0.04


Tree=56
num_leaves=15
num_cat=0
split_feature=34 10 28 1 25 18 6 3 25 6 2 8 36 6
split_gain=1634.07 1759.36 2297.29 2682.93 1672.7 1844.35 2193.27 1647.47 1659.41 1413.7 1514.92 1577.38 1413.18 1355.69
threshold=2164.5000000000005 0.021858576206402299 -0.033516171328671011 -0.068994412088817694 -0.054757824847110552 -0.50010989010988993 1.5000000000000002 0.10263157894736843 0.11207617845117848 5.5000000000000009 4.4166666666666687 0.19456735496558508 -0.014432179936055891 9.5000000000000018
decision_type=10 10 10 8 8 8 10 2 10 10 10 8 2 10
left_child=1 2 3 -1 5 -3 -7 8 -6 -2 11 13 -5 -11
right_child=9 4 -4 12 7 6 -8 -9 -10 10 -12 -13 -14 -15
leaf_value=-0.0016234812369321345 0.0082333292481357751 -0.037353468389656787 -0.00099949698556882935 0.0038853068327226997 -0.0082456212898897631 0.040270667038015136 0.0069323075144420718 4.7520325885926269e-05 -0.046974867108025793 -0.016657945197179985 0.012365757885721123 0.0098267187481803197 -0.036460300323851794 -0.079394459373251819
leaf_weight=8607 57443 1224 28166 1597 18646 3685 20641 164199 1911 8775 5929 3766 10172 544
leaf_count=8607 57443 1224 28166 1597 18646 3685 20641 164199 1911 8775 5929 3766 10172 544
internal_value=-3.02435e-05 -0.00154798 -0.00840785 -0.018621 3.70149e-05 0.00961949 0.0120548 -0.00129039 -0.0119512 0.00510575 -0.00433975 -0.0119275 -0.0309923 -0.0207244
internal_weight=335305 258848 48542 20376 210306 25550 24326 184756 20557 76457 19014 13085 11769 9319
internal_count=335305 258848 48542 20376 210306 25550 24326 184756 20557 76457 19014 13085 11769 9319
is_linear=0
shrinkage=0.04


Tree=57
num_leaves=15
num_cat=0
split_feature=36 6 26 22 8 25 22 28 27 1 1 6 18 0
split_gain=1591.28 1877.15 1703.27 1660.95 1557.44 1890.8 1641.36 1557.04 1438.87 1363.19 1309.76 1267.55 1639.43 1625.41
threshold=0.0078119764084788245 9.5000000000000018 0.037500000000000047 4.5000000000000009 0.16760299625468167 0.092225529100529127 3.5000000000000004 -1.2198161907536904 2.2431614219114224 -0.32889288741561462 -0.038243532561714387 6.5000000000000009 -0.041666666666666581 0.23916916416916423
decision_type=2 10 10 2 10 10 2 8 8 8 10 10 8 10
left_child=1 4 3 8 5 9 -7 -2 10 -1 -3 -11 13 -13
right_child=7 2 -4 -5 -6 6 -8 -9 -10 11 -12 12 -14 -15
leaf_value=0.0118513786843085 -0.016083557078969867 -0.013104835384982444 -0.072666153106178244 0.029599523165471615 0.0066150846879000939 -0.006523573042478881 -0.043604142896687445 -0.0021717079881067407 0.02375598415744638 0.0010725842605946261 -0.083535820623550402 -0.056051276390950006 0.0042784261272291162 -0.01335308034177728
leaf_weight=16102 15638 873 881 1045 80518 6195 2726 71840 558 119746 811 1649 7437 9286
leaf_count=16102 15638 873 881 1045 80518 6195 2726 71840 558 119746 811 1649 7437 9286
internal_value=-2.99053e-05 0.00160731 -0.02485 -0.0111372 0.00206489 -0.000182197 -0.0180342 -0.00466643 -0.0303562 0.000855979 -0.0484545 -0.000429706 -0.0101977 -0.0200178
internal_weight=335305 247827 4168 3287 243659 163141 8921 87478 2242 154220 1684 138118 18372 10935
internal_count=335305 247827 4168 3287 243659 163141 8921 87478 2242 154220 1684 138118 18372 10935
is_linear=0
shrinkage=0.04


Tree=58
num_leaves=15
num_cat=0
split_feature=32 25 29 1 2 5 0 6 33 32 34 27 34 33
split_gain=1601.77 1570.72 1578.68 1389.06 1799.92 1567.84 1455.38 1817.25 1325.99 1489.92 1249.18 1224.43 1140.91 1104.96
threshold=0.50967411636859938 0.03960905349794238 -6.4544318181818179 -0.34448293989960649 2.9166666666666674 2270.0000000000005 0.14451659451659454 inf -0.037760979189056833 0.45794423723501226 417.50000000000006 2.1072817460317466 64.500000000000014 -0.035656096587537385
decision_type=8 10 8 10 8 2 10 8 10 10 10 8 8 10
left_child=3 -2 -3 6 5 -5 7 11 9 -6 -11 -1 -4 -9
right_child=1 2 12 4 8 -7 -8 13 -10 10 -12 -13 -14 -15
leaf_value=0.008517310040862057 -0.0016011402400024763 -0.080013061911267544 -0.045991078194031684 -0.0032842282011171569 0.000407540794947636 -0.061961079342303417 0.033847787340112762 -0.010702463071684898 0.0055992969545302631 -0.068908573322950181 -0.014192822802229041 -0.013821393809074578 -0.0091120507273558301 0.040806709008286361
leaf_weight=12128 104858 509 1400 74582 7091 686 3703 809 98556 983 1989 5744 18963 3304
leaf_count=12128 104858 509 1400 74582 7091 686 3703 809 98556 983 1989 5744 18963 3304
internal_value=-3.00804e-05 -0.00359862 -0.0136059 0.00211113 0.000892702 -0.00385979 0.0108146 0.00686703 0.00418622 -0.00961253 -0.0331309 0.0013192 -0.011754 0.0306683
internal_weight=335305 125730 20872 209575 183887 75268 25688 21985 108619 10063 2972 17872 20363 4113
internal_count=335305 125730 20872 209575 183887 75268 25688 21985 108619 10063 2972 17872 20363 4113
is_linear=0
shrinkage=0.04


Tree=59
num_leaves=15
num_cat=0
split_feature=4 35 5 5 25 19 18 5 31 34 37 34 31 19
split_gain=1559 2249.92 2192.49 2270.52 2104.27 1756.48 1743.64 1713.88 1460.8 1351.21 1345.36 1312.26 1459.65 1291.16
threshold=8.5000000000000018 0.42884230871526469 3160.0000000000005 1790.0000000000002 0.011904761904761918 -0.086314935064935053 -0.50010989010988993 1832.5000000000002 -7.544848484848484 248.50000000000003 0.0037117899932642409 186.50000000000003 -1.9903030303030302 -0.027499448853615546
decision_type=2 2 2 2 8 10 8 2 8 10 8 10 10 8
left_child=1 -1 3 4 5 6 -2 -5 9 -6 -7 12 -9 -13
right_child=2 -3 -4 7 8 10 -8 11 -10 -11 -12 13 -14 -15
leaf_value=0.023082325318458174 -0.054509104026255556 0.0023604503895367731 -0.07223872828495273 0.026221719109176551 -0.093454063802851664 0.00085220204263803041 0.012368900580906412 -0.07430836716949786 -0.0066572429646085465 -0.020491029243567029 -0.0099215613041634294 -0.0077826063041646085 -0.0047599467972427303 0.01219614475728114
leaf_weight=9413 593 73645 651 6715 513 76747 22254 628 91366 1614 24401 7247 1704 17814
leaf_count=9413 593 73645 651 6715 513 76747 22254 628 91366 1614 24401 7247 1704 17814
internal_value=-3.01916e-05 0.00472134 -0.00159537 -0.00139826 -0.00290344 0.000513371 0.0105178 0.00818965 -0.00743284 -0.0398308 -0.00175048 0.00372963 -0.0246558 0.00641481
internal_weight=335305 83058 252247 251596 217488 123995 22847 34108 93493 2127 101148 27393 2332 25061
internal_count=335305 83058 252247 251596 217488 123995 22847 34108 93493 2127 101148 27393 2332 25061
is_linear=0
shrinkage=0.04


Tree=60
num_leaves=15
num_cat=0
split_feature=14 5 35 19 20 31 25 29 35 20 14 6 35 28
split_gain=1483.71 2713.32 1611.6 1521.84 1366.68 1623.89 1358.39 1312.53 1405.85 1791.24 1387.16 1298.49 1743.58 1689.33
threshold=0.082903780068728533 2804.0000000000005 0.38455540782487529 -0.24993386243386234 -0.2261634199134199 -2.8862720959595958 -0.12190510107176773 -6.4544318181818179 0.49150912298675575 0.14290293040293051 0.1925393883225209 4.5000000000000009 0.55290860829386945 -1.2198161907536904
decision_type=8 2 2 8 10 8 8 8 2 8 10 10 2 10
left_child=4 2 -2 -4 -1 -6 -5 8 -8 10 -10 12 -9 -14
right_child=1 -3 3 6 5 -7 7 11 9 -11 -12 -13 13 -15
leaf_value=-0.0012335213136455401 0.020729453659877956 -0.091506220168291449 -0.021200052103977695 0.025528465277996282 -0.0093582480517627794 0.0071244539680260111 0.0033428279300470177 0.0035110049799216138 -0.026715252510573526 0.0023823174541022065 -0.10442112897652099 -0.0079728385849885171 -0.03547129329349178 -0.0033698666765532639
leaf_weight=96627 4426 505 7432 2634 10637 91416 1590 61678 719 832 814 43346 3661 8988
leaf_count=96627 4426 505 7432 2634 10637 91416 1590 61678 719 832 814 43346 3661 8988
internal_value=-3.05765e-05 -0.00323859 -0.00287764 -0.0036786 0.00217572 0.00540272 -0.00262255 -0.00324244 -0.0257629 -0.0449949 -0.0699709 -0.0024749 0.000734589 -0.0127641
internal_weight=335305 136625 136120 131694 198680 102053 124262 121628 3955 2365 1533 117673 74327 12649
internal_count=335305 136625 136120 131694 198680 102053 124262 121628 3955 2365 1533 117673 74327 12649
is_linear=0
shrinkage=0.04


Tree=61
num_leaves=15
num_cat=0
split_feature=36 28 24 34 10 36 32 25 25 22 4 29 14 18
split_gain=1483.19 1690.32 1872.08 1480.78 1817.62 1438.72 1348.97 1368.08 1264.19 2917.35 1128.47 1126.65 1044.71 1033
threshold=0.033956607451505423 1.7907396885521887 0.13099668464251801 2164.5000000000005 0.021858576206402299 0.0089687848445030634 0.54514472916805745 0.0050325507825507805 0.12141617063492065 2.5000000000000004 6.5000000000000009 3.0846306818181821 0.028778467908902695 -0.18095238095238095
decision_type=2 8 10 10 10 2 8 10 10 2 2 10 8 10
left_child=1 3 10 4 5 6 -1 -8 11 -10 -3 -6 13 -12
right_child=-2 2 -4 -5 8 -7 7 -9 9 -11 12 -13 -14 -15
leaf_value=-0.0037631677854364377 -0.017187318508826158 0.02965389155036241 -0.056662899512387808 0.004485202650999629 0.00028766722374664759 -0.026607110815830955 -0.010819854798212753 -0.064527635810075173 0.0028865663158481208 -0.058643197780833954 0.0035100256849912755 -0.021003322132356068 -0.00037375023035849948 0.017389318417840877
leaf_weight=26558 7823 3266 700 59893 156956 7243 2070 1172 3278 1922 17725 4030 26031 16638
leaf_count=26558 7823 3266 700 59893 156956 7243 2070 1172 3278 1922 17725 4030 26031 16638
internal_value=-3.07767e-05 0.000381626 0.00618958 -0.00103991 -0.00266891 -0.010675 -0.00676453 -0.0309207 -0.000881674 -0.0201977 0.00692463 -0.000251671 0.00567196 0.0102457
internal_weight=335305 327482 64360 263122 203229 37043 29800 3242 166186 5200 63660 160986 60394 34363
internal_count=335305 327482 64360 263122 203229 37043 29800 3242 166186 5200 63660 160986 60394 34363
is_linear=0
shrinkage=0.04


Tree=62
num_leaves=15
num_cat=0
split_feature=4 2 17 5 35 25 38 5 1 0 35 3 5 14
split_gain=1448.74 2337.34 2156.32 2470.89 2041.08 1574.38 1581.21 1528.28 1219.06 1523.65 1180.97 1329.62 1161.04 1157.97
threshold=8.5000000000000018 5.3833333333333355 4.5000000000000009 2625.0000000000005 0.42884230871526469 0.0064295637022909764 0.47022400322343766 1790.0000000000002 -0.34448293989960649 0.070370370370370458 0.56095857802983928 0.07417582417582419 1682.5000000000002 0.13363095238095241
decision_type=2 10 2 2 2 8 10 2 8 8 2 2 2 10
left_child=4 2 5 8 -1 -2 10 12 -4 13 11 -7 -3 -10
right_child=1 7 3 -5 -6 6 -8 -9 9 -11 -12 -13 -14 -15
leaf_value=0.022037819697982516 -0.00306886691346064 0.0041836181884546799 0.0124503962134792 -0.069746354042823089 0.0023009835562406945 -0.036715525210201203 -0.070821830493264959 0.020023321617931585 -0.0025420923910390737 -0.00042764263468225 -0.03013810664591211 -0.0075613452334005217 -0.034132532350025245 -0.069339273573605573
leaf_weight=9413 39874 30102 11863 762 73645 2705 734 10762 771 118906 5589 28048 1271 860
leaf_count=9413 39874 30102 11863 762 73645 2705 734 10762 771 118906 5589 28048 1271 860
internal_value=-3.07466e-05 -0.00153956 -0.00326402 -0.000182933 0.00454968 -0.00859227 -0.0145204 0.0070534 0.000243602 -0.000962429 -0.0132875 -0.0101811 0.00257949 -0.038778
internal_weight=335305 252247 210112 133162 83058 76950 37076 42135 132400 120537 36342 30753 31373 1631
internal_count=335305 252247 210112 133162 83058 76950 37076 42135 132400 120537 36342 30753 31373 1631
is_linear=0
shrinkage=0.04


Tree=63
num_leaves=15
num_cat=0
split_feature=32 36 28 4 1 2 5 36 0 6 12 18 12 2
split_gain=1430.22 1542.11 1326.14 1309.22 1307.66 1575.31 1433.81 1372.75 1315.25 1681.8 1306.42 1235.56 1212.31 1183.72
threshold=0.50967411636859938 0.033956607451505423 1.6031655844155848 7.5000000000000009 -0.34448293989960649 2.9166666666666674 2270.0000000000005 0.012835515969783206 0.14451659451659454 1.0000000180025095e-35 0.25137362637362642 -0.27080627705627697 0.17684288905435594 0.40000000000000091
decision_type=8 2 8 2 10 8 2 2 10 10 10 10 10 10
left_child=4 2 13 -4 8 6 7 -6 9 -1 11 -5 -9 -2
right_child=1 -3 3 10 5 -7 -8 12 -10 -11 -12 -13 -14 -15
leaf_value=0.029580751620221873 -0.019698982429899425 -0.028207242238978157 0.025544605970577644 -0.021063428492957125 -0.0010694658598188838 0.0038912325847596618 -0.059198235847997362 -0.0048276428075419474 0.032333588755130968 0.0013463444531892207 0.011280707716808325 0.0032847158572211922 -0.034423350361801067 -0.0035641799351630978
leaf_weight=4113 7913 3837 4130 5728 65581 108619 686 5126 3703 17872 11460 7859 3875 84803
leaf_count=4113 7913 3837 4130 5728 65581 108619 686 5126 3703 17872 11460 7859 3875 84803
internal_value=-3.10881e-05 -0.00340312 -0.00261108 0.0048206 0.00199222 0.000810043 -0.00363604 -0.00308567 0.0104368 0.00668363 0.00135934 -0.00701956 -0.0176886 -0.00495111
internal_weight=335305 125730 121893 29177 209575 183887 75268 74582 25688 21985 25047 13587 9001 92716
internal_count=335305 125730 121893 29177 209575 183887 75268 74582 25688 21985 25047 13587 9001 92716
is_linear=0
shrinkage=0.04


Tree=64
num_leaves=15
num_cat=0
split_feature=25 3 23 2 19 6 31 35 6 19 19 38 1 20
split_gain=1424.53 1447.77 1921.79 1749.78 1581.28 2032.65 1559.31 1395.07 1550.5 2045.25 1895.36 1867.7 1547.22 1300.78
threshold=-0.096305231548287087 0.087121212121212141 0.11196167258667263 5.8333333333333348 -0.12118834868834867 7.5000000000000009 -0.80518110361860351 0.53776811861810747 5.5000000000000009 0.26930400948258099 0.32402777777777786 0.4171698207256041 -0.30462458617220517 0.073051948051948076
decision_type=8 2 10 10 8 8 10 2 10 10 10 10 8 10
left_child=-1 2 4 7 5 -2 -7 8 -3 11 -11 12 -10 -14
right_child=1 3 -4 -5 -6 6 -8 -9 9 10 -12 -13 13 -15
leaf_value=0.011266217719084055 -0.015465479044093016 0.0026464152422195253 0.048764397003430937 0.0090163239026167363 -0.0060786591700739672 -0.1134441075896153 -0.027031135011542477 -0.0062908118296877077 0.024342808221756832 -0.075731623890080688 -0.010273973215896815 -0.037649195382571665 -0.0074291359894584179 0.01342847036291959
leaf_weight=16908 4289 153209 856 32394 25369 656 713 58071 3351 1193 1687 2370 28541 5698
leaf_count=16908 4289 153209 856 32394 25369 656 713 58071 3351 1193 1687 2370 28541 5698
internal_value=-3.0231e-05 -0.000631787 -0.00871055 0.000268573 -0.0103721 -0.029401 -0.070977 -0.000848103 0.000765256 -0.00595759 -0.0382185 -0.00358762 -0.00139292 -0.00394353
internal_weight=335305 318397 31883 286514 31027 5658 1369 254120 196049 42840 2880 39960 37590 34239
internal_count=335305 318397 31883 286514 31027 5658 1369 254120 196049 42840 2880 39960 37590 34239
is_linear=0
shrinkage=0.04


Tree=65
num_leaves=15
num_cat=0
split_feature=4 2 17 29 35 6 14 36 21 37 0 20 21 35
split_gain=1330.79 2011.16 1981.13 2325.63 1871.35 1418.37 1505.91 1473.25 1412.94 1807.64 1266.98 1527.38 1197 1174.29
threshold=8.5000000000000018 5.3833333333333355 4.5000000000000009 6.360037202380953 0.42884230871526469 4.5000000000000009 0.025105042016806727 0.0047042284650480907 0.34584899749373449 0.0020170214550232529 0.61492812742812764 0.073051948051948076 -0.54460227272727257 0.56883155383769302
decision_type=2 10 2 8 2 10 10 2 10 10 8 8 8 2
left_child=4 2 8 5 -1 7 10 -4 13 -10 11 -7 -6 -2
right_child=1 -3 3 -5 12 6 -8 -9 9 -11 -12 -13 -14 -15
leaf_value=0.021105101067893667 -0.0047013801915885799 0.0064946257035838721 0.0072291872924339874 -0.063430318522667048 -0.046552797326563367 0.0022319911776461383 -0.0095802880757971179 -0.00504233584557755 -0.013430049456608353 -0.06392559050334512 -0.011863463542097857 0.031242459524966574 0.002737894037804989 -0.020351172780586482
leaf_weight=9413 62475 42135 55878 872 747 10090 35031 21696 4252 1517 5563 4032 72898 8706
leaf_count=9413 62475 42135 55878 872 747 10090 35031 21696 4252 1517 5563 4032 72898 8706
internal_value=-3.01545e-05 -0.00147624 -0.00307585 -0.000122594 0.00435986 0.000318511 -0.00461074 0.00379603 -0.00818307 -0.0271434 0.00423484 0.0105958 0.00220668 -0.00662842
internal_weight=335305 252247 210112 133162 83058 132290 54716 77574 76950 5769 19685 14122 73645 71181
internal_count=335305 252247 210112 133162 83058 132290 54716 77574 76950 5769 19685 14122 73645 71181
is_linear=0
shrinkage=0.04


Tree=66
num_leaves=15
num_cat=0
split_feature=25 8 6 19 34 4 3 25 6 20 17 27 35 6
split_gain=1343.87 1444.74 1614.19 1593.99 1439.01 1333.91 1599.02 1521.43 1401.93 1309.9 1261.89 1477.22 1235.98 1229.65
threshold=-0.083333333333333259 0.1623310810810811 9.5000000000000018 0.27285289115646261 1733.5000000000002 8.5000000000000018 1.0000000180025095e-35 0.089298941798941836 5.5000000000000009 0.042592592592592605 2.5000000000000004 inf 0.43210298726819246 2.5000000000000004
decision_type=8 10 10 10 10 2 2 10 8 10 2 8 2 10
left_child=13 2 5 -3 -4 12 7 -7 -9 -5 -8 -12 -2 -1
right_child=1 3 4 9 -6 6 10 8 -10 -11 11 -13 -14 -15
leaf_value=0.031894453832911604 0.019332567011749794 0.004166024751409543 -0.012472730979824964 -0.023041270669546865 -0.070468047480435808 -0.013062729752517394 -0.012330617807761957 -0.02245693977765895 -0.10617225053039593 0.023889756594081581 -0.00094467894582189694 -0.046604117301809217 0.00089081427713415197 0.0055066120117004428
leaf_weight=3274 6663 104943 2219 5858 959 10149 19690 808 522 1092 115459 1095 43497 19077
leaf_count=3274 6663 104943 2219 5858 959 10149 19690 808 522 1092 115459 1095 43497 19077
internal_value=-2.99492e-05 -0.000707294 -0.00273453 0.00293504 -0.030794 -0.00227623 -0.00418962 -0.0184947 -0.05797 -0.0155494 -0.00297803 -0.00139344 0.00335734 0.0094345
internal_weight=335305 312954 201061 111893 3178 197883 147723 11479 1330 6950 136244 116554 50160 22351
internal_count=335305 312954 201061 111893 3178 197883 147723 11479 1330 6950 136244 116554 50160 22351
is_linear=0
shrinkage=0.04


Tree=67
num_leaves=15
num_cat=0
split_feature=32 36 5 5 30 33 14 6 18 25 19 1 2 33
split_gain=1292.1 1406.7 1267.91 2191.85 2176.7 1593.32 1470.87 1271.56 1641.71 1691.01 1400.23 1243.94 1443.44 1842.2
threshold=0.50967411636859938 0.033956607451505423 1790.0000000000002 1822.5000000000002 -1.2763325216450214 0.0030344820492899981 0.21778656126482215 2.5000000000000004 -0.14607929107929105 -0.093120189995189992 -0.22143608706108706 -0.34448293989960649 2.2416666666666667 -0.037760979189056833
decision_type=8 2 2 2 8 10 10 10 10 8 8 10 8 10
left_child=11 2 5 -4 -5 6 -2 8 9 -7 -11 -1 -13 -14
right_child=1 -3 3 4 -6 7 -8 -9 -10 10 -12 12 13 -15
leaf_value=0.010129305655006304 -0.0099917919526969455 -0.026925250351345908 0.03709260019511041 0.021857596658278629 -0.011255454006500838 0.060161752680333906 -0.041619399186799966 -0.0036884222195808863 0.040533285818384536 -0.050067644379021621 0.0032767419197364134 -0.0049362888078283281 -0.011726470488528365 0.0044666953953826803
leaf_weight=25688 15728 3837 3220 4907 8792 702 2730 75526 2297 834 7157 51535 12354 119998
leaf_count=25688 15728 3837 3220 4907 8792 702 2730 75526 2297 834 7157 51535 12354 119998
internal_value=-3.00745e-05 -0.00323516 -0.00247869 0.00766811 0.000642038 -0.00411696 -0.0147694 -0.00183706 0.010845 0.00281337 -0.00256738 0.00189306 0.000740059 0.00295134
internal_weight=335305 125730 121893 16919 13699 104974 18458 86516 10990 8693 7991 209575 183887 132352
internal_count=335305 125730 121893 16919 13699 104974 18458 86516 10990 8693 7991 209575 183887 132352
is_linear=0
shrinkage=0.04


Tree=68
num_leaves=15
num_cat=0
split_feature=34 10 28 0 5 36 12 21 25 18 3 20 35 19
split_gain=1291.21 1797.7 1849.52 2052.24 1477.1 1389.02 1677.26 1224.79 1220.23 1651.75 1478.76 1916.39 1532.51 1506.36
threshold=2052.5000000000005 0.021858576206402299 -0.033516171328671011 0.41670274170274191 1692.5000000000002 -0.015755441533988248 0.64365079365079381 0.14285714285714302 -0.054757824847110552 -0.50010989010988993 0.10263157894736843 -0.35403138528138522 0.46368743815742469 -0.011243386243386248
decision_type=10 10 10 8 2 2 8 8 8 8 2 8 2 8
left_child=1 2 3 -1 5 -5 -7 -6 9 -3 11 -10 -13 -14
right_child=-2 8 -4 4 7 6 -8 -9 10 -11 -12 12 13 -15
leaf_value=-0.0028825684191950418 0.0042160900746683778 -0.036428527468062334 -0.0016960181270274969 0.017084740382713189 -0.10341916640252481 -0.034459251051049113 0.024865574007755832 -0.020149729057154855 0.020413765461920592 0.010802098533309908 0.00027644338623943689 0.0037217582698489638 -0.038645507694935965 -0.010879784592147447
leaf_weight=8444 85396 1199 26655 1149 687 8167 805 506 2608 23588 158800 4578 5605 7118
leaf_count=8444 85396 1199 26655 1149 687 8167 805 506 2608 23588 158800 4578 5605 7118
internal_value=-2.87683e-05 -0.00147983 -0.00857902 -0.017837 -0.0289361 -0.0237348 -0.0290281 -0.0703324 0.000141055 0.00844872 -0.00101326 -0.0112752 -0.0160972 -0.0232151
internal_weight=335305 249909 46413 19758 11314 10121 8972 1193 203496 24787 178709 19909 17301 12723
internal_count=335305 249909 46413 19758 11314 10121 8972 1193 203496 24787 178709 19909 17301 12723
is_linear=0
shrinkage=0.04


Tree=69
num_leaves=15
num_cat=0
split_feature=28 6 21 19 23 26 34 10 25 19 22 31 14 32
split_gain=1231.83 1243.6 2141.58 1456.58 2201.12 1585.29 1291.24 1773.27 1328.67 1265.2 1406.84 1637.31 1276.31 1326.72
threshold=2.8605986952861957 9.5000000000000018 -0.16948005698005689 0.058241469178969184 -0.010345338817561051 -2.6493958542191234e-17 2164.5000000000005 0.021858576206402299 -0.060265101410934725 0.28410894660894676 3.5000000000000004 -0.1073101898101894 0.2573593073593074 0.45840305614638494
decision_type=10 10 8 8 8 10 10 10 8 10 2 10 10 10
left_child=1 6 -3 5 -5 -4 7 -1 -9 12 11 -11 -10 -14
right_child=-2 2 3 4 -6 -7 -8 8 9 10 -12 -13 13 -15
leaf_value=-0.0087115277070164074 0.011667995240471147 -0.070593776111517334 0.060810773855074135 -0.09027067178376541 -0.0043092678765870021 -0.014269561454775835 0.0045276535813185735 0.0093803797007978515 0.00078872231760887047 0.010359781929606767 -0.040155254677476812 -0.026030728720187146 0.013630708375669025 -0.017850572687417708
leaf_weight=45484 13763 1012 792 593 1863 934 71239 21652 153726 4326 2543 3565 2606 11207
leaf_count=45484 13763 1012 792 593 1863 934 71239 21652 153726 4326 2543 3565 2606 11207
internal_value=-2.86146e-05 -0.000531002 -0.0198507 -0.00688238 -0.0264516 0.0209242 -0.000210713 -0.00158852 3.62067e-05 -0.00110291 -0.0145831 -0.00614113 -0.00025929 -0.0118835
internal_weight=335305 321542 5194 4182 2456 1726 316348 245109 199625 177973 10434 7891 167539 13813
internal_count=335305 321542 5194 4182 2456 1726 316348 245109 199625 177973 10434 7891 167539 13813
is_linear=0
shrinkage=0.04


Tree=70
num_leaves=15
num_cat=0
split_feature=20 25 5 34 25 35 6 25 31 18 17 18 18 35
split_gain=1215.32 1497.3 1693.44 2127.31 2088.41 1644.88 1451.72 1503.68 1443.03 1378.64 1296.95 1530.15 1170.85 1233.13
threshold=0.042592592592592605 -0.024304052429052415 1790.0000000000002 41.500000000000007 -0.020833333333333291 0.42998168454919106 4.5000000000000009 0.013730452197714097 -0.91974476911976943 -0.1380817099567099 4.5000000000000009 -0.03936447811447806 -0.4997023809523809 0.56624007971889212
decision_type=10 8 2 8 8 2 8 10 10 10 2 10 8 2
left_child=1 -1 5 -4 -5 9 10 -8 -2 -3 11 12 -7 -14
right_child=8 2 3 4 -6 6 7 -9 -10 -11 -12 -13 13 -15
leaf_value=0.0043882108818696329 -0.0032687602429928709 0.01232203795321803 -0.050190502536259125 -0.056821047666029155 0.010273920308825058 0.032980861409083129 -0.0051422649865220573 -0.016624482058914945 0.010136071254228954 -0.0098961072924414039 0.0020547991592250237 -0.03486959024567346 -0.0032131908745058973 -0.024821896013032398
leaf_weight=61771 19951 16073 977 714 27050 1183 49894 28787 35946 6139 53193 3015 25596 5016
leaf_count=61771 19951 16073 977 714 27050 1183 49894 28787 35946 6139 53193 3015 25596 5016
internal_value=-2.84303e-05 -0.00110576 -0.00266574 0.00637235 0.00844941 -0.00404223 -0.00540493 -0.00935115 0.00535292 0.0061729 -0.00187341 -0.00787043 -0.00525947 -0.00678864
internal_weight=335305 279408 217637 28741 27764 188896 166684 78681 55897 22212 88003 34810 31795 30612
internal_count=335305 279408 217637 28741 27764 188896 166684 78681 55897 22212 88003 34810 31795 30612
is_linear=0
shrinkage=0.04


Tree=71
num_leaves=15
num_cat=0
split_feature=2 9 36 27 34 4 34 6 5 26 16 0 26 33
split_gain=1195.79 1180.58 1756.43 1429.4 1400.28 1246.8 1928.21 1456.45 1458.84 1942.64 1226.54 1287.85 1220.51 1474.21
threshold=9.141666666666671 1.0000000180025095e-35 0.036528029873021402 -3.0397991822991819 1172.5000000000002 8.5000000000000018 4.5000000000000009 8.5000000000000018 1712.5000000000002 0.051388888888888921 0.18441295546558709 0.37432937432937435 0.060009920634920652 -0.016047492241833612
decision_type=10 2 2 8 10 2 10 10 2 10 8 10 10 10
left_child=1 2 3 4 12 -5 -7 -8 9 -9 -3 -12 13 -1
right_child=-2 10 -4 5 -6 6 7 8 -10 -11 11 -13 -14 -15
leaf_value=-0.047673634943765912 0.0321470824785412 0.0045977164349820625 -0.029413299605865657 0.0052868675082608793 0.0015844087453664865 -0.057569970457360724 -0.0014906039874429272 -0.00053016455395896221 -0.072263844717395623 -0.078657832995191232 -0.011213755738508949 0.0025213266887810131 -0.061022057268948757 -0.006577328194362627
leaf_weight=1886 1788 110765 3728 40389 5369 971 114934 3061 793 561 18773 25989 1211 5087
leaf_count=1886 1788 110765 3728 40389 5369 971 114934 3061 793 561 18773 25989 1211 5087
internal_value=-2.80845e-05 -0.00020537 -0.00242966 -0.00184413 -0.0142944 -0.000790044 -0.00283129 -0.00236202 -0.0247766 -0.0135374 0.00234014 -0.0032452 -0.0246578 -0.017953
internal_weight=335305 333517 177990 174262 13553 160709 120320 119349 4415 3622 155527 44762 8184 6973
internal_count=335305 333517 177990 174262 13553 160709 120320 119349 4415 3622 155527 44762 8184 6973
is_linear=0
shrinkage=0.04


Tree=72
num_leaves=15
num_cat=0
split_feature=32 36 1 38 4 28 38 28 4 17 19 5 2 6
split_gain=1178.64 1215.04 1214.89 1448.84 1270.25 1498.43 1186.24 1162.43 1175.26 1147.54 1101.09 1044.77 1023.12 1391.75
threshold=0.50967411636859938 0.033956607451505423 -0.34448293989960649 0.29094482579615877 11.500000000000002 -2.1640972222222223 0.47022400322343766 1.6031655844155848 7.5000000000000009 1.0000000180025095e-35 -0.16125300625300623 2141.5000000000005 0.40000000000000091 5.5000000000000009
decision_type=8 2 10 10 2 10 10 8 2 2 8 2 10 10
left_child=2 7 4 -4 6 -6 11 12 -9 -10 -7 -1 13 -2
right_child=1 -3 3 -5 5 10 -8 8 9 -11 -12 -13 -14 -15
leaf_value=0.015692000365394882 -0.0097288620081336825 -0.025107226254500438 0.0016795972937003073 -0.011790176669071608 -0.037768703059321389 -0.047170080274746229 -0.025285230724977261 0.024205983917752472 -0.034885436680554743 0.0033073611155924614 0.012698805035209024 0.070225335522507135 -0.0032883749834382776 -0.051324170450917514
leaf_weight=17662 6336 3837 170123 13764 1643 505 1057 4130 1279 23768 4285 536 84803 1577
leaf_count=17662 6336 3837 170123 13764 1643 505 1057 4130 1279 23768 4285 536 84803 1577
internal_value=-2.88712e-05 -0.00309 0.00180789 0.00066845 0.00994737 -0.00540992 0.0150789 -0.00238692 0.00457088 0.00129147 0.00596486 0.0174862 -0.00457777 -0.0182887
internal_weight=335305 125730 209575 183887 25688 6433 19255 121893 29177 25047 4790 18198 92716 7913
internal_count=335305 125730 209575 183887 25688 6433 19255 121893 29177 25047 4790 18198 92716 7913
is_linear=0
shrinkage=0.04


Tree=73
num_leaves=15
num_cat=0
split_feature=32 35 34 28 4 2 5 25 1 0 5 1 29 30
split_gain=1139.54 1498.42 2253.35 1519.88 1222.65 1729.14 2462.36 1480.12 1870.19 1447.14 1342.86 1259.04 1361.86 1639.07
threshold=0.56124643739550173 0.56259670658460836 75.500000000000014 -0.52725243506493469 9.5000000000000018 2.2833333333333337 2360.0000000000005 -0.046295001295001269 -0.24363914854986282 0.2757756132756134 952.50000000000011 -0.23656727111272563 -7.5356033549783534 -0.19817099567099561
decision_type=8 2 10 8 2 10 2 8 8 10 2 8 8 10
left_child=4 -2 -3 -4 11 6 7 -6 9 -9 -7 -1 13 -13
right_child=1 2 3 -5 5 10 -8 8 -10 -11 -12 12 -14 -15
leaf_value=0.013205194777671514 -0.0027470687092737318 -0.10077656118025298 -0.051946754635695667 -0.0037439767240033299 0.0094573427408511587 -0.050841563904835921 -0.078614269756175956 -0.002353341878716767 -0.014668501089792627 0.038120179366295699 0.0016393690896171836 -0.082756957607456008 0.0025448696639662825 0.00063629646804770222
leaf_weight=18881 16876 539 1427 3622 8653 735 704 22062 31482 1460 125682 614 101697 871
leaf_count=18881 16876 539 1427 3622 8653 735 704 22062 31482 1460 125682 614 101697 871
internal_value=-2.84233e-05 -0.00872024 -0.0265751 -0.0177433 0.000596999 -0.00140315 -0.00673752 -0.00588154 -0.00830099 0.000234362 0.00131426 0.00372242 0.00198164 -0.0354167
internal_weight=335305 22464 5588 5049 312841 190778 64361 63657 55004 23522 126417 122063 103182 1485
internal_count=335305 22464 5588 5049 312841 190778 64361 63657 55004 23522 126417 122063 103182 1485
is_linear=0
shrinkage=0.04


Tree=74
num_leaves=15
num_cat=0
split_feature=29 33 1 8 18 9 37 35 10 21 25 3 23 18
split_gain=1090.63 1645.1 1274.56 1729.87 1464.87 1544.34 1388.73 1483.41 1222 1176.99 1245.04 1243.44 1618.07 1209.52
threshold=-6.4544318181818179 -0.034304720428038359 -0.18200304068359621 0.037268518518518527 -0.14484277296777295 1.0000000180025095e-35 -0.00010875051575297643 0.49150912298675575 0.051836094939543227 -0.54460227272727257 -0.096305231548287087 0.087121212121212141 0.1037367724867725 0.095238095238095163
decision_type=8 8 8 10 8 2 8 2 10 8 8 2 10 8
left_child=1 -1 6 8 5 -5 7 -3 -4 13 -11 12 -12 -2
right_child=9 2 3 4 -6 -7 -8 -9 -10 10 11 -13 -14 -15
leaf_value=-0.067560873108277145 -0.0054908322264786659 0.029381350471468174 -0.0081702878486417715 -0.077856810651386457 0.019383775520437536 0.0089576450391585377 0.049985622364445037 -0.056901902494933994 -0.081968754180687955 0.011424889457599037 -0.0093467251597637042 0.00079777771553949945 0.041339579084317173 -0.06751399307280341
leaf_weight=797 1335 613 587 621 1865 623 1005 568 926 15866 29911 278827 994 767
leaf_count=797 1335 613 587 621 1865 623 1005 568 926 15866 29911 278827 994 767
internal_value=-2.92117e-05 -0.0149542 -0.00834794 -0.020184 -0.0028786 -0.0357136 0.0165695 -0.0127421 -0.0545144 0.000319384 0.00051418 -4.64742e-05 -0.00765236 -0.0291653
internal_weight=335305 7605 6808 4622 3109 1244 2186 1181 1513 327700 325598 309732 30905 2102
internal_count=335305 7605 6808 4622 3109 1244 2186 1181 1513 327700 325598 309732 30905 2102
is_linear=0
shrinkage=0.04


Tree=75
num_leaves=15
num_cat=0
split_feature=20 18 2 37 27 33 38 20 21 21 33 30 32 22
split_gain=1121.17 1207.41 1147.53 1142.23 1458.34 1624.45 1419.4 1122.47 1148.41 1646.66 1608.92 1192.95 1110.48 1577.8
threshold=0.042592592592592605 -0.2030958679768203 7.0583333333333362 0.0011518105772833952 -3.5279797979797975 0.0334565834615125 0.47022400322343766 -0.026455026455026464 1.0000000180025095e-35 -0.19444444444444434 -0.023481784710482973 1.5367334054834059 0.59577669648383957 2.5000000000000004
decision_type=10 10 10 10 8 10 10 10 10 10 10 10 8 2
left_child=3 -2 -3 6 5 7 12 8 9 -5 -10 -11 -1 -14
right_child=1 2 -4 4 -6 -7 -8 -9 10 11 -12 -13 13 -15
leaf_value=0.0016456506295093229 -0.034671693259547505 0.004783726109209136 0.03362150461515101 -0.0016081087543257438 -0.0031982281183224317 -0.07930230961773177 -0.022645153039581371 -0.070105037747353272 -0.032047361302507189 -0.098992856032601828 0.030299438641424165 -0.019278673934886165 0.011117110938263439 -0.068725435178887559
leaf_weight=175997 1144 52496 2257 1689 91041 669 3985 501 982 617 1805 601 713 808
leaf_count=175997 1144 52496 2257 1689 91041 669 3985 501 982 617 1805 601 713 808
internal_value=-2.93168e-05 0.00513937 0.00600205 -0.00106407 -0.00454513 -0.0222576 0.000814388 -0.0155117 -0.0101397 -0.0275195 0.00815389 -0.0619705 0.00134725 -0.032135
internal_weight=335305 55897 54753 279408 97905 6864 181503 6195 5694 2907 2787 1218 177518 1521
internal_count=335305 55897 54753 279408 97905 6864 181503 6195 5694 2907 2787 1218 177518 1521
is_linear=0
shrinkage=0.04


Tree=76
num_leaves=15
num_cat=0
split_feature=14 1 9 25 19 38 1 28 18 31 34 33 1 34
split_gain=1096.47 1503.04 1383.17 1261.01 1326.33 1411.1 1464.98 1213.53 1205.66 1818.3 1303.09 1168.88 1130.77 1083.43
threshold=0.082903780068728533 -0.41346449846449845 1.0000000180025095e-35 -0.093120189995189992 -0.24993386243386234 0.20913986050164785 -0.19519095289297303 2.8605986952861957 -0.24999098124098115 -2.7766269841269833 275.50000000000006 -0.058155009957824279 -0.24726984178373063 11.500000000000002
decision_type=8 8 2 8 8 8 10 8 10 10 8 10 10 10
left_child=7 -2 11 -4 -5 6 -6 8 12 10 -10 -3 -1 -9
right_child=1 2 3 4 5 -7 -8 13 9 -11 -12 -13 -14 -15
leaf_value=0.0090512981436110217 0.016580544395972882 -0.048479866836967755 0.023441725070685763 -0.027875238477644861 0.030029154193762668 -0.0087912592340713518 0.0022129540305941575 -0.022978518867964651 -0.039626724907240847 0.0053878083206685325 -0.0050105954585101045 -0.0071495804655448206 -0.0053588573734028137 0.013747622688528291
leaf_weight=10147 6075 1066 3533 2748 3243 18729 37993 1336 2013 95461 11247 63238 59930 18546
leaf_count=10147 6075 1066 3533 2748 3243 18729 37993 1336 2013 95461 11247 63238 59930 18546
internal_value=-3.02261e-05 -0.00278801 -0.00369531 0.000361698 -0.000956177 0.000299631 0.00443427 0.00186643 0.000822554 0.00345901 -0.0103948 -0.00787187 -0.00326733 0.0112283
internal_weight=335305 136625 130550 66246 62713 59965 41236 198680 178798 108721 13260 64304 70077 19882
internal_count=335305 136625 130550 66246 62713 59965 41236 198680 178798 108721 13260 64304 70077 19882
is_linear=0
shrinkage=0.04


Tree=77
num_leaves=15
num_cat=0
split_feature=2 36 10 28 18 14 6 22 4 35 8 25 22 33
split_gain=1097.48 1076.1 1421.76 1446.93 1428.59 2312.26 1396.77 1499.1 2355.03 2470.9 1224.49 1369.54 1445.86 1219.62
threshold=8.9833333333333361 0.0078119764084788245 0.047905909351692491 -2.8081732503607499 0.0047325937950938165 0.090454545454545468 9.5000000000000018 4.5000000000000009 11.500000000000002 0.52242436975564299 0.16760299625468167 0.092225529100529127 3.5000000000000004 -0.010016310163256737
decision_type=10 2 10 8 8 10 10 2 2 2 10 10 2 10
left_child=1 6 -3 4 5 -4 10 8 9 -8 11 -1 -13 -6
right_child=-2 2 3 -5 13 -7 7 -9 -10 -11 -12 12 -14 -15
leaf_value=0.00042059772472487125 0.028483993786934829 -0.013825583583090191 0.0059901392142316257 9.710752288158943e-05 -0.043886513503822125 -0.074036768717847742 0.014934603277236655 0.012539329593954641 -0.093569927019944349 -0.080329256046161271 0.0055788262185823834 -0.004893971895049881 -0.039783870609900934 0.028553005979586956
leaf_weight=153416 2096 18612 919 64148 505 1474 1410 1351 811 573 80032 6172 2707 1079
leaf_count=153416 2096 18612 919 64148 505 1474 1410 1351 811 573 80032 6172 2707 1079
internal_value=-2.94037e-05 -0.000213009 -0.00404355 -0.00136288 -0.0246209 -0.0438099 0.00113556 -0.0217489 -0.0382575 -0.0138911 0.0015314 -0.000465595 -0.0156943 0.00482211
internal_weight=335305 333209 86737 68125 3977 2393 246472 4145 2794 1983 242327 162295 8879 1584
internal_count=335305 333209 86737 68125 3977 2393 246472 4145 2794 1983 242327 162295 8879 1584
is_linear=0
shrinkage=0.04


Tree=78
num_leaves=15
num_cat=0
split_feature=32 25 27 3 32 6 1 38 6 0 33 35 35 23
split_gain=1028.5 1138.41 1272.08 1452.82 1134.47 1299.67 1117.95 1303.33 1192.85 1617.44 1004.73 1188.08 1134.21 980.784
threshold=0.50967411636859938 0.03960905349794238 -4.1913792226292221 0.81534090909090928 0.51900358296202398 5.5000000000000009 -0.34448293989960649 0.29094482579615877 1.0000000180025095e-35 0.10317460317460321 -0.035656096587537385 0.52242436975564299 0.54247426527247 0.0006646535750071121
decision_type=8 10 8 2 8 10 10 10 10 10 10 2 2 10
left_child=6 -2 3 -3 5 -4 8 -8 10 -10 -1 -12 -13 -6
right_child=1 2 4 -5 13 -7 7 -9 9 -11 11 12 -14 -15
leaf_value=-0.0096017338030790975 -0.0011888297260242481 -0.094024956603842955 -0.01459587424085306 -0.0040765536292260438 -0.012174324402311159 -0.067795599320650698 0.0015520595541561166 -0.011223409060482583 -0.0011382024168709857 0.023666138542010884 0.054046805956359932 -0.036674847587482219 0.038965325964518682 0.0081362510308290587
leaf_weight=873 104858 569 2972 545 9610 945 170123 13764 15592 5708 2335 532 648 6231
leaf_count=873 104858 569 2972 545 9610 945 170123 13764 15592 5708 2335 532 648 6231
internal_value=-2.97407e-05 -0.00288925 -0.0114087 -0.052085 -0.00898958 -0.0281234 0.00168604 0.000593021 0.00949406 0.00554875 0.0283669 0.0377993 0.00475857 -0.00418477
internal_weight=335305 125730 20872 1114 19758 3917 209575 183887 25688 21300 4388 3515 1180 15841
internal_count=335305 125730 20872 1114 19758 3917 209575 183887 25688 21300 4388 3515 1180 15841
is_linear=0
shrinkage=0.04


Tree=79
num_leaves=15
num_cat=0
split_feature=2 7 20 5 25 22 0 32 33 14 37 10 1 6
split_gain=1019.52 1036.8 1301.39 1284.52 1273.05 1541.26 1340.31 1155.59 1486.23 1555.38 1247.46 1334.97 1199.64 1398.22
threshold=9.141666666666671 1.5000000000000002 -0.29622507122507108 3225.0000000000005 0.13203240518055334 1.5000000000000002 0.72918169793169818 0.50967411636859938 0.0047096552749147629 0.16754385964912283 0.0029229124638923375 0.1213537241574625 -0.34448293989960649 1.0000000180025095e-35
decision_type=10 2 8 2 10 2 10 8 10 10 8 10 10 10
left_child=1 3 -3 4 7 6 -6 12 9 10 -9 -12 13 -1
right_child=-2 2 -4 -5 5 -7 -8 8 -10 -11 11 -13 -14 -15
leaf_value=0.030878998228627674 0.029679941779672158 -0.0078468024122060574 0.0095554470349015902 -0.056763365962288592 0.015912592414737036 -0.033451418616738213 -0.052047025795267744 -0.0035300100153226295 -0.0014003512446340283 -0.034370148634839053 -0.0064413733428041334 -0.069430394108345853 0.0002037934380436772 0.0053731462807416535
leaf_weight=4121 1788 8729 31783 610 2561 4084 515 14930 85708 4356 1168 967 154201 19784
leaf_count=4121 1788 8729 31783 610 2561 4084 515 14930 85708 4356 1168 967 154201 19784
internal_value=-2.93033e-05 -0.000193001 0.00580079 -0.00102257 -0.000896601 -0.0174961 0.00388394 -0.000476925 -0.00375878 -0.0131699 -0.00767373 -0.0359068 0.00149758 0.00982539
internal_weight=335305 333517 40512 293005 292395 7160 3076 285235 107129 21421 17065 2135 178106 23905
internal_count=335305 333517 40512 293005 292395 7160 3076 285235 107129 21421 17065 2135 178106 23905
is_linear=0
shrinkage=0.04


Tree=80
num_leaves=15
num_cat=0
split_feature=34 35 14 29 2 19 5 37 33 33 10 6 26 6
split_gain=1013.32 1203.82 1268.83 1253.11 1340.13 1302.43 1193.82 1591.66 1146.12 1396.3 1126.38 1111.21 1265.17 1551.09
threshold=2164.5000000000005 0.42998168454919106 0.25955088947214938 -7.5356033549783534 1.4000000000000012 0.075405890405890463 1099.5000000000002 0.0072062398707483837 -0.015477173270224525 0.0098396863509762223 0.2965856481481482 5.5000000000000009 0.03869047619047622 8.5000000000000018
decision_type=10 2 8 8 8 10 2 10 10 10 10 10 10 10
left_child=1 6 3 4 -3 8 -1 -8 -6 -10 -5 -2 -13 -14
right_child=11 2 -4 10 5 -7 7 -9 9 -11 -12 12 13 -15
leaf_value=0.024189326675095511 0.0067883377102524603 0.027573038999570341 -0.012223388824022781 -0.001814429882881543 -0.10672761906932682 -0.0011920392674940399 0.006537219408021845 -0.024433858869120428 0.0093257721275800762 -0.077034214632041464 0.0089186613885963266 0.00089513517041453928 -0.012446283446530716 -0.077623125747403446
leaf_weight=4951 57443 574 18532 190627 512 976 21577 2977 580 549 16993 15128 3214 672
leaf_count=4951 57443 574 18532 190627 512 976 21577 2977 580 549 16993 15128 3214 672
internal_value=-2.91669e-05 -0.00122435 -0.00220308 -0.00131952 -0.0260002 -0.0380473 0.00637422 0.00274017 -0.059284 -0.0341546 -0.000934027 0.00401531 -0.00435807 -0.0245601
internal_weight=335305 258848 229343 210811 3191 2617 29505 24554 1641 1129 207620 76457 19014 3886
internal_count=335305 258848 229343 210811 3191 2617 29505 24554 1641 1129 207620 76457 19014 3886
is_linear=0
shrinkage=0.04


Tree=81
num_leaves=15
num_cat=0
split_feature=4 5 2 35 5 25 37 38 1 5 21 2 32 1
split_gain=1059.94 1710.09 1627.68 1493.96 1383.55 1298.41 1589.52 1483.89 1448.55 1063.26 1044.94 1140.07 1567.7 1061.25
threshold=8.5000000000000018 3160.0000000000005 5.3833333333333355 0.42884230871526469 1790.0000000000002 0.020513244471577815 0.0017409003383160797 0.47022400322343766 -0.34448293989960649 1682.5000000000002 -0.54460227272727257 7.9416666666666691 0.45617598349746252 -0.27793018324268315
decision_type=2 2 10 2 2 8 8 10 8 2 8 8 10 10
left_child=3 2 5 -1 9 6 -2 8 -7 -4 -5 13 -13 -12
right_child=1 -3 4 10 -6 7 -8 -9 -10 -11 11 12 -14 -15
leaf_value=0.01885027274627802 0.0030184614061819432 -0.063709506414161093 0.0033438750496249314 -0.043592267040177303 0.018497126508522924 0.014351745862302916 -0.0062432425039233722 -0.043324773497157722 -0.0073315093176774676 -0.033321787825694629 0.015271128322428112 0.053095716807691415 0.0083825086672307658 -0.0014018243517617119
leaf_weight=9413 86398 651 30102 747 10600 5250 45075 1679 71221 1271 6809 1416 8918 55755
leaf_count=9413 86398 651 30102 747 10600 5250 45075 1679 71221 1271 6809 1416 8918 55755
internal_value=-2.93676e-05 -0.00131993 -0.00114587 0.0038885 0.00603957 -0.00258572 -0.000158044 -0.00666711 -0.00583447 0.0018078 0.00196466 0.00246105 0.0147354 0.000423481
internal_weight=335305 252247 251596 83058 41973 209623 131473 78150 76471 31373 73645 72898 10334 62564
internal_count=335305 252247 251596 83058 41973 209623 131473 78150 76471 31373 73645 72898 10334 62564
is_linear=0
shrinkage=0.04


Tree=82
num_leaves=15
num_cat=0
split_feature=20 25 31 37 21 21 19 22 30 24 18 36 24 28
split_gain=999.082 1236.75 1189.41 1009.33 995.006 988.861 994.799 1280.91 1034.59 1118.99 928.657 904.678 1500.29 1689.21
threshold=0.042592592592592605 -0.024304052429052415 -0.91974476911976943 0.0013426847784406522 -0.39130892255892252 -0.54460227272727257 0.25003306878306891 4.5000000000000009 0.19302388583638627 -0.055935512532734745 -0.2030958679768203 0.015783061142614119 0.0043021150660039554 -0.67604253385503388
decision_type=10 8 10 10 10 8 10 2 8 8 10 2 8 8
left_child=1 3 4 -1 -2 -3 11 8 9 -8 -4 -7 -13 -14
right_child=2 5 10 -5 -6 6 7 -9 -10 -11 -12 12 13 -15
leaf_value=0.0076050114923116871 -0.041503466680638632 -0.042765065569022653 -0.03393879547558383 -0.0032284123423681381 -0.00090836181101975298 -0.00045939196531186209 0.0069486230474304902 -0.034567881718087008 0.0045921004352750599 -0.028466439561456391 0.010139064137449874 0.0035849838251106277 -0.037467673743340542 -0.0078272422937302553
leaf_weight=41144 968 918 734 20627 18983 175810 2046 3111 6888 4547 35212 9623 4352 10342
leaf_count=41144 968 918 734 20627 18983 175810 2046 3111 6888 4547 35212 9623 4352 10342
internal_value=-2.85752e-05 -0.00100537 0.0048506 0.00398775 -0.00297682 -0.00242314 -0.00224243 -0.0116395 -0.00624018 -0.0175065 0.00919312 -0.00146063 -0.00868371 -0.0167033
internal_weight=335305 279408 55897 61771 19951 217637 216719 16592 13481 6593 35946 200127 24317 14694
internal_count=335305 279408 55897 61771 19951 217637 216719 16592 13481 6593 35946 200127 24317 14694
is_linear=0
shrinkage=0.04


Tree=83
num_leaves=15
num_cat=0
split_feature=32 33 32 33 28 5 31 20 6 32 36 2 6 35
split_gain=1008.06 993.002 2099.77 1869.26 1696.8 1349.54 1468.46 1464.22 1228.51 1115.62 1064.1 1042.13 2041.37 1676.28
threshold=0.36403728807864855 -0.037760979189056833 0.45840305614638494 -0.058155009957824279 -2.3703715728715724 1049.0000000000002 -6.1747775372775378 -0.51835016835016823 7.5000000000000009 0.50967411636859938 0.033956607451505423 7.0583333333333362 9.5000000000000018 0.47591228821790993
decision_type=8 10 8 10 8 2 8 8 8 10 2 8 8 2
left_child=-1 2 5 -4 -5 8 -7 -8 -2 11 -11 -3 -13 -14
right_child=1 9 3 4 -6 6 7 -9 -10 10 -12 12 13 -15
leaf_value=0.024241565817662562 0.0089742189560108182 0.0013120092618527774 -0.089610729499306124 -0.086638303420373375 -0.012254101955682951 -0.064180097274630574 -0.064840991702548395 0.00074373996803535629 0.075074170471451679 -0.0019306275911454495 -0.023198425007364357 0.004675125611363312 0.091834895641613665 0.023876967499306973
leaf_weight=2666 1595 169184 670 503 4613 603 523 10989 586 121639 3835 14349 701 2849
leaf_count=2666 1595 169184 670 503 4613 603 523 10989 586 121639 3835 14349 701 2849
internal_value=-2.86146e-05 -0.000226747 -0.00883743 -0.0290561 -0.0203352 -0.000581597 -0.00582436 -0.00250335 0.0280187 0.000327821 -0.00258964 0.00228469 0.0114494 0.0383854
internal_weight=335305 332639 20082 5786 5116 14296 12115 11512 2181 312557 125474 187083 17899 3550
internal_count=335305 332639 20082 5786 5116 14296 12115 11512 2181 312557 125474 187083 17899 3550
is_linear=0
shrinkage=0.04


Tree=84
num_leaves=15
num_cat=0
split_feature=9 6 21 18 36 5 5 30 34 2 16 1 14 34
split_gain=932.194 1431.03 2129.95 1504.74 1266.06 1336.03 2148.79 1976.17 1810.94 1503.71 1436.13 1351.37 1304.8 1600.49
threshold=1.5000000000000002 9.5000000000000018 -0.16948005698005689 -0.27080627705627697 0.033956607451505423 1790.0000000000002 1880.5000000000002 -1.9046437937062939 883.50000000000011 0.58333333333333293 0.033520599250936332 -0.34448293989960649 0.083771929824561414 170.50000000000003
decision_type=2 10 8 8 2 2 2 8 8 10 10 8 10 10
left_child=1 4 -3 -4 5 11 -7 -8 12 -10 -11 -1 -9 -14
right_child=-2 2 3 -5 -6 6 7 8 9 10 -12 -13 13 -15
leaf_value=0.010057024590289856 0.0053910279004533738 -0.075303817848638765 -0.066959556481413829 0.0021357936397412226 -0.017338893936343139 0.024319769132557099 0.02199364738305595 -0.0058977805917039263 -0.046979493010111839 0.024430172433681428 -0.0014623163245739291 -0.0019776819405736968 -0.082101670866529267 -0.019312512133137141
leaf_weight=15940 44059 928 549 3172 6912 8656 6096 4440 830 4969 10792 224983 934 2045
leaf_count=15940 44059 928 549 3172 6912 8656 6096 4440 830 4969 10792 224983 934 2045
internal_value=-2.81375e-05 -0.000848721 -0.0227441 -0.00881126 -0.000489642 -7.02134e-05 0.00681724 0.00175298 -0.00342104 0.00393117 0.0067523 -0.00117952 -0.0197789 -0.040029
internal_weight=335305 291246 4649 3721 286597 279685 38762 30106 24010 16591 15761 240923 7419 2979
internal_count=335305 291246 4649 3721 286597 279685 38762 30106 24010 16591 15761 240923 7419 2979
is_linear=0
shrinkage=0.04


Tree=85
num_leaves=15
num_cat=0
split_feature=4 5 17 2 35 35 28 34 33 26 5 28 30 34
split_gain=996.031 1546.56 1463.86 1861.36 1361.63 1216.86 1508.25 1176.89 1044.84 1607.53 1194.55 1211.63 1187.24 1027.81
threshold=8.5000000000000018 3160.0000000000005 4.5000000000000009 4.9833333333333369 0.42884230871526469 0.56883155383769302 -1.0983333333333334 4.5000000000000009 -0.013823333283346029 0.1384204144620812 1902.5000000000002 -3.1614035790598294 3.0042261904761909 117.50000000000001
decision_type=2 2 2 10 2 2 10 10 10 10 2 8 10 10
left_child=4 2 3 5 -1 7 -7 -2 9 10 11 -9 13 -10
right_child=1 -3 -4 -5 -6 6 -8 8 12 -11 -12 -13 -14 -15
leaf_value=0.018053363656799007 -0.052429179376981903 -0.060610899457365232 0.0011401029822844578 0.0072927669196158132 0.0019328415911937713 -0.043877666217065799 -0.0092267577010832821 -0.050285412837239973 0.015451457453385305 -0.07233491098776608 -0.052099883261759072 -0.0058967868200776354 -0.031222327567559841 -0.002851772271675445
leaf_weight=9413 813 651 162771 15585 73645 3138 5537 992 5652 651 1005 18173 2039 35240
leaf_count=9413 813 651 162771 15585 73645 3138 5537 992 5652 651 1005 18173 2039 35240
internal_value=-2.83778e-05 -0.00127943 -0.0011139 -0.00524265 0.00376955 -0.00791327 -0.0219406 -0.00601302 -0.00538047 -0.0127223 -0.0106241 -0.00831926 -0.00180913 -0.000306161
internal_weight=335305 252247 251596 88825 83058 73240 8675 64565 63752 20821 20170 19165 42931 40892
internal_count=335305 252247 251596 88825 83058 73240 8675 64565 63752 20821 20170 19165 42931 40892
is_linear=0
shrinkage=0.04


Tree=86
num_leaves=15
num_cat=0
split_feature=28 9 16 6 14 34 27 37 37 2 23 38 32 0
split_gain=945.353 957.162 1320.74 1242.68 1379.57 1256.5 1413.55 1630.54 1442.54 1317.02 1200.43 1508.26 1183.84 1738.23
threshold=2.8605986952861957 1.0000000180025095e-35 0.18724593495934963 8.5000000000000018 0.24012987012987017 2052.5000000000005 -2.8760747585747581 0.0015869992692536842 -4.0120627065610166e-05 1.6333333333333344 0.032681897281256263 0.37614221972506162 0.4686960681180688 0.32228327228327242
decision_type=10 2 8 10 10 10 8 10 10 10 10 10 8 10
left_child=1 3 -3 5 -5 6 7 8 12 -9 -8 -12 -1 -14
right_child=-2 2 -4 4 -6 -7 10 9 -10 -11 11 -13 13 -15
leaf_value=0.02060255765149404 0.010217378685229563 0.004220844841955256 -0.0040742256395605719 -0.012613489366840381 -0.068677051502981298 0.0041087899157999661 -0.0042350923937439612 -0.011455172911773339 0.024744515547922848 -0.05724400173076527 0.013919027321327722 -0.014309424012368392 -0.0032093451985058174 -0.050135293738905386
leaf_weight=1152 13763 107651 42917 5601 760 42162 93446 1828 1808 2269 12939 3905 2916 2188
leaf_count=1152 13763 107651 42917 5601 760 42162 93446 1828 1808 2269 12939 3905 2916 2188
internal_value=-2.92523e-05 -0.00046936 0.0018559 -0.00251704 -0.0197952 -0.00184357 -0.00389391 -0.0168081 -0.00628323 -0.0371984 -0.00246297 0.00735175 -0.0153754 -0.0236169
internal_weight=335305 321542 150568 170974 6361 164613 122451 12161 8064 4097 110290 16844 6256 5104
internal_count=335305 321542 150568 170974 6361 164613 122451 12161 8064 4097 110290 16844 6256 5104
is_linear=0
shrinkage=0.04


Tree=87
num_leaves=15
num_cat=0
split_feature=32 25 19 19 6 19 18 19 8 5 29 30 35 28
split_gain=921.712 958.936 1140.29 1141.09 2267.76 1850.67 1647.58 1355.81 1250.63 1240.58 1114.1 1041.67 1390.08 1331.93
threshold=0.36403728807864855 -0.096305231548287087 -0.31235119047619037 0.26930400948258099 5.5000000000000009 0.39820601851851861 -0.25149110149110143 0.32402777777777786 0.071796759941089847 2565.0000000000005 -8.3509532828282804 -0.92704951298701221 0.56750087141714178 -1.0433387445887445
decision_type=8 8 8 10 10 10 8 10 10 2 8 8 2 10
left_child=-1 -2 -3 8 -5 6 -6 -8 9 10 -4 -12 -13 -14
right_child=1 2 3 4 5 -7 7 -9 -10 -11 11 12 13 -15
leaf_value=0.02317847211115609 0.0090792040440035426 -0.015989858778171624 -0.037687798813290353 -0.0027226395531561903 -0.090262386086268548 0.0069770305300857708 -0.053921473610092592 0.012249394292370921 0.0021785996263405656 -0.061931931021618473 0.0057625109664473798 -0.0028874552582878561 -0.043632031081010575 -0.0079585262705951423
leaf_weight=2666 16800 7580 1416 17508 1075 1199 1237 780 192746 527 19115 65522 2651 4483
leaf_count=2666 16800 7580 1416 17508 1075 1199 1237 780 192746 527 19115 65522 2651 4483
internal_value=-2.89656e-05 -0.000218422 -0.000714337 -0.000336184 -0.00914755 -0.035029 -0.0511697 -0.028655 0.000335822 -0.00345345 -0.0030897 -0.00253563 -0.00472124 -0.0214262
internal_weight=335305 332639 315839 308259 21799 4291 3092 2017 286460 93714 93187 91771 72656 7134
internal_count=335305 332639 315839 308259 21799 4291 3092 2017 286460 93714 93187 91771 72656 7134
is_linear=0
shrinkage=0.04


Tree=88
num_leaves=15
num_cat=0
split_feature=4 6 26 17 27 23 5 19 10 5 5 14 29 20
split_gain=932.238 1473.46 2770.95 1344.43 1276.51 1602.69 1429.62 1245.9 1607.99 1229.79 1390.17 1197.47 1166.46 1099.14
threshold=8.5000000000000018 9.5000000000000018 0.034262496762496784 2.5000000000000004 6.2912152777777788 0.0028142363427506351 902.50000000000011 0.067248226310726342 0.08941897654584223 1790.0000000000002 1620.5000000000002 0.12254524451289951 -3.23992445054945 0.045993589743589768
decision_type=2 10 10 2 8 10 2 10 10 2 2 10 10 10
left_child=-1 3 7 -2 6 -6 -5 8 -3 10 12 -10 -8 -12
right_child=1 2 -4 4 5 -7 9 -9 11 -11 13 -13 -14 -15
leaf_value=0.0036449494210046428 -0.0092567474349315171 -0.036887060743060113 -0.087925368467265771 -0.03094761357223676 -0.010775802420947458 -0.086139759671970698 -0.0099188515916952824 -0.047457852106913077 0.060070553129802202 0.0081716319564381409 -0.023980343913419428 -0.01388704593000115 0.0013434243248862049 0.016948749068333716
leaf_weight=83058 27100 759 834 2237 2124 530 16139 832 905 31294 6260 528 161483 1222
leaf_count=83058 27100 759 834 2237 2124 530 16139 832 905 31294 6260 528 161483 1222
internal_value=-2.93431e-05 -0.00123967 -0.0256102 -0.000856065 0.000174577 -0.0271404 0.000512282 -0.00727352 0.00869716 0.00084457 -0.000396028 0.0332708 0.000317614 -0.0172275
internal_weight=335305 252247 3858 248389 221289 2654 218635 3024 2192 216398 185104 1433 177622 7482
internal_count=335305 252247 3858 248389 221289 2654 218635 3024 2192 216398 185104 1433 177622 7482
is_linear=0
shrinkage=0.04


Tree=89
num_leaves=15
num_cat=0
split_feature=20 25 5 25 34 5 35 2 5 21 38 5 11 35
split_gain=895.289 1115.36 1316.42 1913.99 1809.26 1512.71 1356.4 1305.91 1630.76 1495.09 1527.16 1466.81 1401.81 1376.75
threshold=0.042592592592592605 -0.024304052429052415 1790.0000000000002 -0.020833333333333291 41.500000000000007 1620.5000000000002 0.45079519601208007 5.5416666666666687 2081.0000000000005 0.40049371924371924 -0.023242620354360224 2462.5000000000005 2.5000000000000004 0.51435982895939147
decision_type=10 8 2 8 8 2 2 8 2 8 10 2 2 2
left_child=1 -1 5 -4 -5 6 -3 8 12 -10 -11 -9 13 -6
right_child=-2 2 3 4 7 -7 -8 11 9 10 -12 -13 -14 -15
leaf_value=0.0037873305862545538 0.0045890159384366505 0.0038722262994651769 -0.056001604168048627 -0.045303767917468749 0.0068329322552450967 -0.021255807714062304 -0.0045841356850867829 0.017183351742575605 -0.021766367989928828 -0.022786741220631478 0.054050928281595259 0.076615831771691095 -0.026469731453249771 0.037214941777278979
leaf_weight=61771 55897 38474 734 957 6958 7340 143082 7519 5406 682 923 687 1269 3606
leaf_count=61771 55897 38474 734 957 6958 7340 143082 7519 5406 682 923 687 1269 3606
internal_value=-2.97617e-05 -0.000954428 -0.00230082 0.00566789 0.00738103 -0.00351446 -0.00279155 0.00932511 0.0035029 -0.0117328 0.0216989 0.0225929 0.0125414 0.0173302
internal_weight=335305 279408 217637 28741 28007 188896 181556 27050 18844 7011 1605 8206 11833 10564
internal_count=335305 279408 217637 28741 28007 188896 181556 27050 18844 7011 1605 8206 11833 10564
is_linear=0
shrinkage=0.04


Tree=90
num_leaves=15
num_cat=0
split_feature=2 9 36 14 35 25 16 0 35 1 20 7 33 1
split_gain=886.059 921.604 1354.15 1116.85 1129.15 1082.02 1051.01 1127.67 1106.85 1051.92 1026.17 999.517 992.446 2410.46
threshold=9.141666666666671 1.0000000180025095e-35 0.036528029873021402 0.054200940070505292 0.3912839755176537 0.10416666666666674 0.18441295546558709 0.37432937432937435 0.58175853676412337 -0.25098461723461712 -0.022727272727272752 1.5000000000000002 -0.058155009957824279 -0.053299940799940791
decision_type=10 2 2 8 2 10 8 10 2 8 10 2 10 8
left_child=1 2 3 5 -5 -1 -3 9 10 -8 -9 12 13 -6
right_child=-2 6 -4 4 11 -7 7 8 -10 -11 -12 -13 -14 -15
leaf_value=0.0023027791893750417 0.027668004370230634 0.0041577299754594812 -0.025839282776007964 0.018908630851904428 0.020393720576570785 -0.019015713767656209 0.00086343683819226059 1.4479016188129489e-05 -0.0240779862172006 -0.018383299405172155 0.019108158333629451 0.0068645330041449282 -0.0068631756484270612 -0.08794424382196471
leaf_weight=88372 1788 110765 3728 2989 548 3931 7650 17731 2271 11123 5987 8638 69068 716
leaf_count=88372 1788 110765 3728 2989 548 3931 7650 17731 2271 11123 5987 8638 69068 716
internal_value=-2.85356e-05 -0.000181143 -0.00214639 -0.00163226 -0.00502916 0.00138506 0.00206791 -0.00310229 0.00229381 -0.0105588 0.00486425 -0.00594659 -0.00752378 -0.0419862
internal_weight=335305 333517 177990 174262 81959 92303 155527 44762 25989 18773 23718 78970 70332 1264
internal_count=335305 333517 177990 174262 81959 92303 155527 44762 25989 18773 23718 78970 70332 1264
is_linear=0
shrinkage=0.04


Tree=91
num_leaves=15
num_cat=0
split_feature=4 5 9 6 8 5 2 5 2 29 16 1 2 5
split_gain=874.024 1414.1 1398.13 1453.59 1760.76 1536.68 1714.66 1411.48 1296.35 1264.54 1465.12 1396.42 1435.56 1379.45
threshold=8.5000000000000018 3160.0000000000005 1.5000000000000002 9.5000000000000018 0.066352201257861648 1790.0000000000002 0.76666666666666705 1832.5000000000002 4.0833333333333357 -3.3311038961038961 0.18786764705882356 -0.082706317602150928 5.0416666666666705 1618.5000000000002
decision_type=2 2 2 10 10 2 10 2 8 8 10 8 10 2
left_child=-1 2 3 5 -5 9 -7 -8 -6 10 11 -2 -13 -11
right_child=1 -3 -4 4 8 6 7 -9 -10 13 -12 12 -14 -15
leaf_value=0.0035298393964339134 0.0051941532084519805 -0.057933607653006591 0.0065223617261233645 -0.073315284889010401 -0.035034337735601835 -0.03052563544932534 0.027171923795574586 0.0046063058794766215 0.024358893370982064 -0.0014040110543521056 -0.03741786371566011 -0.032927023558544793 0.013672468606676744 -0.01919341374928232
leaf_weight=83058 6435 651 33795 938 1294 1820 5476 22623 999 161917 3327 4374 1359 7239
leaf_count=83058 6435 651 33795 938 1294 1820 5476 22623 999 161917 3327 4374 1359 7239
internal_value=-2.78823e-05 -0.00119981 -0.00104153 -0.00221641 -0.0286404 -0.00181193 0.00659041 0.0090444 -0.00919064 -0.00317478 -0.0140933 -0.00758885 -0.021858 -0.00217075
internal_weight=335305 252247 251596 217801 3231 214570 29919 28099 2293 184651 15495 12168 5733 169156
internal_count=335305 252247 251596 217801 3231 214570 29919 28099 2293 184651 15495 12168 5733 169156
is_linear=0
shrinkage=0.04


Tree=92
num_leaves=15
num_cat=0
split_feature=1 36 38 38 26 6 1 38 2 3 6 25 18 27
split_gain=876.712 1314.54 1467.18 1217.11 1400.89 1960.78 1171.77 1269.93 1245.55 1487.57 1783.97 1514.76 1367.06 1342.49
threshold=-0.41346449846449845 0.0054242162735541237 0.45275723164824749 0.3872924553277311 0.056230574980574981 1.0000000180025095e-35 -0.27390675402039033 0.22007912953808359 3.9166666666666674 0.10818713450292398 8.5000000000000018 -0.01007326007326006 -0.15866193991193991 -6.8678030303030289
decision_type=8 2 10 10 10 10 8 8 8 2 10 10 10 10
left_child=1 -1 -3 6 5 -5 7 -2 13 10 11 -10 -11 -8
right_child=3 2 -4 4 -6 -7 8 -9 9 12 -12 -13 -14 -15
leaf_value=0.019425706183758561 0.030038714125857006 0.011589383030045709 -0.052781383909726531 0.038154770830489827 -0.0416929905408625 -0.012286388387280984 -0.029685190134201532 0.0045847883370426648 0.0033824709929378923 0.00028992332507636766 -0.06756508106836262 -0.020022437952976896 0.0089108406076592386 -0.0025310374053475119
leaf_weight=7735 3798 1344 912 1344 2089 10692 2923 17097 11464 72198 726 7143 49638 146202
leaf_count=7735 3798 1344 912 1344 2089 10692 2923 17097 11464 72198 726 7143 49638 146202
internal_value=-2.79758e-05 0.0116133 -0.015013 -0.00038723 -0.01185 -0.00651933 0.00013489 0.00927211 -0.000524279 0.00216828 -0.00812599 -0.00563197 0.00380444 -0.00307306
internal_weight=335305 9991 2256 325314 14125 12036 311189 20895 290294 141169 19333 18607 121836 149125
internal_count=335305 9991 2256 325314 14125 12036 311189 20895 290294 141169 19333 18607 121836 149125
is_linear=0
shrinkage=0.04


Tree=93
num_leaves=15
num_cat=0
split_feature=37 25 22 34 5 37 28 14 34 34 31 33 2 10
split_gain=837.179 1170.2 1744.53 1555.28 1436.71 1311.73 983.936 968.246 1146.95 1070.89 1350.1 1124.6 878.367 1107.97
threshold=0.0011518105772833952 0.03960905349794238 1.5000000000000002 64.500000000000014 1101.0000000000002 -0.00072879467237837797 -3.1614035790598294 0.054200940070505292 4.5000000000000009 86.500000000000014 6.5817906746031758 -0.032244365666994242 8.516666666666671 0.045804195804195813
decision_type=10 10 2 8 2 8 8 8 10 8 8 10 8 10
left_child=1 7 4 -4 5 -3 -5 8 -1 11 -11 -9 -10 -14
right_child=-2 2 3 6 -6 -7 -8 9 12 10 -12 -13 13 -15
leaf_value=-0.03503786018121658 -0.0027352109137832414 -0.04995218156711171 -0.041197817573966108 -0.044179284148187982 0.020915461387341353 0.015233215429579415 -0.0053324722020120594 -0.02821764045424268 0.0048291135873629147 -0.00045775755944071423 -0.023082923157336982 0.016988490001270479 -0.0038645380606325492 0.027168485458100151
leaf_weight=1047 118224 972 2273 1041 6017 921 24643 935 81934 75465 4420 8595 2588 6230
leaf_count=1047 118224 972 2273 1041 6017 921 24643 935 81934 75465 4420 8595 2588 6230
internal_value=-2.75139e-05 0.00144741 -0.00514916 -0.00983957 0.0113862 -0.0186617 -0.00698975 0.0027541 0.00563857 -0.000208764 -0.00172325 0.0124291 0.00612689 0.0180901
internal_weight=335305 217081 35867 27957 7910 1893 25684 181214 91799 89415 79885 9530 90752 8818
internal_count=335305 217081 35867 27957 7910 1893 25684 181214 91799 89415 79885 9530 90752 8818
is_linear=0
shrinkage=0.04


Tree=94
num_leaves=15
num_cat=0
split_feature=32 35 34 28 36 18 30 19 33 18 36 37 2 10
split_gain=844.348 1299.69 2003.63 1283.48 1223.52 1148.01 1131.35 967.521 943.935 1445.25 959.936 849.988 1197.9 1117.95
threshold=0.56124643739550173 0.56259670658460836 75.500000000000014 -0.52725243506493469 0.030675921885477003 -0.16789875248208574 -2.7587591575091572 0.09578569578569579 0.022147676106154434 -0.29900793650793639 -0.019104043509864541 0.0011518105772833952 8.8416666666666703 0.2009615384615385
decision_type=8 2 10 8 2 8 10 8 10 8 2 8 8 10
left_child=11 4 -3 5 6 -4 7 -2 9 -8 -10 12 13 -1
right_child=1 2 3 -5 -6 -7 8 -9 10 -11 -12 -13 -14 -15
leaf_value=3.1621183805602772e-05 0.0014087134278090883 -0.094090280494761785 -0.0018274010710209901 -0.0029626126691074091 -0.048148919759553738 -0.074730496278581929 -0.081529472912459267 0.055361702180631744 -0.038932949157427295 -0.010201614670160997 0.0055348300978100996 -0.0020616010611617212 0.024014318815770635 0.0074119249666509592
leaf_weight=142315 1096 539 558 3622 820 869 502 988 792 2689 9989 123992 3894 42640
leaf_count=142315 1096 539 558 3622 820 869 502 988 792 2689 9989 123992 3894 42640
internal_value=-2.73015e-05 -0.0075091 -0.0241373 -0.0158202 -0.0019481 -0.0472501 0.00055358 0.027685 -0.00357751 -0.0225074 0.00210346 0.000511054 0.00220027 0.00173464
internal_weight=335305 22464 5588 5049 16876 1427 16056 2084 13972 3191 10781 312841 188849 184955
internal_count=335305 22464 5588 5049 16876 1427 16056 2084 13972 3191 10781 312841 188849 184955
is_linear=0
shrinkage=0.04


Tree=95
num_leaves=15
num_cat=0
split_feature=4 5 8 6 34 19 31 2 1 26 35 27 1 18
split_gain=818.955 1678.94 1311.71 2156.86 2771.19 1929.99 1572.6 1201.49 1152.92 1250.81 1111.07 1226.2 1110.66 1348.82
threshold=9.5000000000000018 2740.5000000000005 0.12778327560613559 8.5000000000000018 822.50000000000011 -0.050329718782099728 0.071428571428571522 2.3666666666666685 -0.19189652939652938 0.0055775558616467649 0.51643448911773038 -2.0130140692640688 -0.23656727111272563 -0.2962830687830687
decision_type=2 2 10 10 10 10 10 10 10 8 2 10 8 8
left_child=12 2 3 7 -5 -6 -7 8 -2 -10 -11 -12 -1 -14
right_child=1 -3 -4 4 5 6 -8 -9 9 10 11 -13 13 -15
leaf_value=0.011136090895739484 -0.0036887739961199545 -0.059524595281272602 0.0019648799710591152 0.0095505239166858279 -0.02321041905556959 -0.1400583848940595 -0.043157443249156366 0.00035808013201899468 -0.00569017389639265 -0.018637990232643988 -0.098960208795582066 -0.032281873706367266 -0.0088268320222235873 0.0028655607608286354
leaf_weight=19852 28245 748 97158 1457 1214 586 574 58864 7325 5221 612 1591 18966 92892
leaf_count=19852 28245 748 97158 1457 1214 586 574 58864 7325 5221 612 1591 18966 92892
internal_value=-2.77643e-05 -0.00161763 -0.00138948 -0.00447255 -0.033742 -0.059961 -0.0958739 -0.00335567 -0.00843476 -0.0174804 -0.0289975 -0.0525904 0.0024295 0.000880008
internal_weight=335305 203595 202847 105689 3831 2374 1160 101858 42994 14749 7424 2203 131710 111858
internal_count=335305 203595 202847 105689 3831 2374 1160 101858 42994 14749 7424 2203 131710 111858
is_linear=0
shrinkage=0.04


Tree=96
num_leaves=15
num_cat=0
split_feature=32 33 32 33 5 8 20 29 21 18 4 27 8 25
split_gain=838.948 840.252 1920.67 1657.12 1279.34 1242.87 1118.78 1211.99 1014.1 1125.75 991.278 952.005 870.121 1178.09
threshold=0.36403728807864855 -0.037760979189056833 0.45840305614638494 -0.058155009957824279 1049.0000000000002 0.15430402930402934 -0.51835016835016823 -5.1911268939393933 -0.54460227272727257 0.095238095238095163 6.5000000000000009 -3.2175311494061485 0.1623310810810811 -0.054757824847110552
decision_type=8 10 8 10 2 10 8 8 8 8 2 8 10 8
left_child=-1 2 4 -4 5 -2 -6 -8 9 -3 -9 -5 13 -10
right_child=1 8 3 11 6 -7 7 10 12 -11 -12 -13 -14 -15
leaf_value=0.022111902640454137 0.045050626473182982 -0.0045355321432613655 -0.084485091298068346 -0.065963155771861862 -0.058603172867124284 -0.022210615805150605 -0.059869507952623094 0.049920233980073121 0.0072737962392523808 -0.066018575537654306 -0.0025251587671585845 -0.012768058653587898 0.0033080871104763359 -0.002233607223999217
leaf_weight=2666 1619 1274 670 568 550 562 512 560 23621 719 10493 4548 111759 175184
leaf_count=2666 1619 1274 670 568 550 562 512 560 23621 719 10493 4548 111759 175184
internal_value=-2.9088e-05 -0.000209838 -0.00813061 -0.0274678 -0.000235841 0.0276094 -0.00534155 -0.0025672 0.000300296 -0.0277892 0.000344825 -0.0192553 0.000485001 -0.00110244
internal_weight=335305 332639 20082 5786 14296 2181 12115 11565 312557 1993 11053 5116 310564 198805
internal_count=335305 332639 20082 5786 14296 2181 12115 11565 312557 1993 11053 5116 310564 198805
is_linear=0
shrinkage=0.04


Tree=97
num_leaves=15
num_cat=0
split_feature=28 1 38 26 6 1 38 37 30 27 38 29 34 37
split_gain=828.484 931.05 1116.73 1310.05 1717.18 1230.14 1187.26 1065.78 1039.61 987.967 927.718 906.356 1068.64 1999.66
threshold=2.8605986952861957 -0.41346449846449845 0.3872924553277311 0.056230574980574981 2.5000000000000004 -0.27390675402039033 0.22007912953808359 0.0040611152767543908 1.3989989177489182 -4.7648809523809517 0.40491361107440954 -6.4544318181818179 294.50000000000006 0.0016431628800205281
decision_type=10 8 10 10 10 8 8 10 10 10 10 8 10 10
left_child=1 10 5 4 -4 6 -3 -5 -6 -10 -1 12 13 -7
right_child=-2 2 3 7 8 11 -8 -9 9 -11 -12 -13 -14 -15
leaf_value=0.027490213488759477 0.0095629470232919799 0.029435538220398454 0.034643511656139395 -0.021883201252490572 -0.056105553125752543 -0.0146786779544278 0.0045709299145072413 -0.085529647441209278 0.032790357331142703 -0.01235577722017614 0.0021763583772205102 -0.00066594041127188825 -0.0046499249760539665 -0.10549784794178876
leaf_weight=3648 13763 3714 1374 1515 748 1387 16877 564 800 9045 6226 271096 4048 500
leaf_count=3648 13763 3714 1374 1515 748 1387 16877 564 800 9045 6226 271096 4048 500
internal_value=-2.94247e-05 -0.000441431 -0.000825356 -0.0118265 -0.00665256 -0.000304268 0.0091162 -0.0407527 -0.0121466 -0.00854007 0.0116201 -0.00100599 -0.0164031 -0.0408452
internal_weight=335305 321542 311668 14046 11967 297622 20591 2079 10593 9845 9874 277031 5935 1887
internal_count=335305 321542 311668 14046 11967 297622 20591 2079 10593 9845 9874 277031 5935 1887
is_linear=0
shrinkage=0.04


Tree=98
num_leaves=15
num_cat=0
split_feature=14 1 20 29 31 8 33 1 14 16 31 31 37 32
split_gain=778.158 1140.65 1034.76 928.575 1537.09 1254.1 2003.01 1397.28 1147.03 1664.52 860.169 865.069 835.272 1114.04
threshold=0.33105022831050229 -0.43366373654835189 -0.32486263736263726 -7.5356033549783534 -6.6247564935064931 0.041812354312354319 -0.023481784710482973 -0.11283575221075227 0.032433380084151482 0.14048793859649125 -6.3899494949494935 -5.3484441137566128 0.0011518105772833952 0.59577669648383957
decision_type=8 8 10 8 10 10 8 8 10 10 8 10 10 8
left_child=3 -2 10 4 5 7 -7 -1 -8 -10 -3 -12 13 -5
right_child=1 2 -4 12 -6 6 8 -9 9 -11 11 -13 -14 -15
leaf_value=0.0087053723052352462 0.03620917159565288 0.040936128195421195 -0.018388108368483005 0.0024663624318781111 -0.076369999650159379 -0.059793803111726281 0.072987107571412524 -0.075767411162654563 0.036640735392932264 -0.046999027582975403 -0.044584990931588971 0.0030733980857879785 -0.0021325862160688526 -0.029346074621330952
leaf_weight=522 824 760 10254 202064 567 512 533 700 1016 543 655 4457 110171 1727
leaf_count=522 824 760 10254 202064 567 512 533 700 1016 543 655 4457 110171 1727
internal_value=-2.9206e-05 -0.00836745 -0.0107501 0.000415987 -0.0177426 -0.00818115 0.00758703 -0.0407595 0.0250887 0.00695376 0.00263047 -0.00340578 0.000672849 0.00218964
internal_weight=335305 16950 16126 318355 4393 3826 2604 1222 2092 1559 5872 5112 313962 203791
internal_count=335305 16950 16126 318355 4393 3826 2604 1222 2092 1559 5872 5112 313962 203791
is_linear=0
shrinkage=0.04


Tree=99
num_leaves=15
num_cat=0
split_feature=4 9 6 8 36 2 23 16 35 27 14 28 35 28
split_gain=778.955 1275.7 1482.72 1797.1 1343.54 1295.5 1327.2 1203.66 1195.55 1113.18 1941.48 1026.55 1001.06 1269.68
threshold=8.5000000000000018 1.5000000000000002 9.5000000000000018 0.066352201257861648 0.00059152200288401565 5.7666666666666684 -0.014835858585858569 0.17875939849624065 0.42884230871526469 -3.3096212121212116 0.15430402930402934 0.60235539923039949 0.51717444684143854 -0.15105502136752122
decision_type=2 2 10 10 2 10 10 8 2 10 8 10 2 10
left_child=8 2 5 -4 -5 6 12 -8 -1 10 -9 -6 -2 -14
right_child=1 -3 3 4 11 -7 7 9 -10 -11 -12 -13 13 -15
leaf_value=0.016713978129822983 -0.003419634687636989 0.0060852875336133896 -0.073540871090043036 -0.036031322627909805 0.061348204242173958 0.0060782223735834371 0.0021612603983925836 0.0032711950438537502 0.001608817272859529 -0.0051349694649647304 -0.071247271501885964 -0.015163513124248707 -0.022822822661203026 -0.006059728424611565
leaf_weight=9413 47178 33844 953 1281 517 28580 82635 1092 73645 24352 1088 524 12000 18203
leaf_count=9413 47178 33844 953 1281 517 28580 82635 1092 73645 24352 1088 524 12000 18203
internal_value=-2.89465e-05 -0.0011353 -0.00225535 -0.0287635 -0.00922307 -0.00184521 -0.00306042 -0.000219228 0.00332972 -0.00762348 -0.0346833 0.0239052 -0.00706598 -0.0127466
internal_weight=335305 252247 218403 3275 2322 215128 186548 109167 83058 26532 2180 1041 77381 30203
internal_count=335305 252247 218403 3275 2322 215128 186548 109167 83058 26532 2180 1041 77381 30203
is_linear=0
shrinkage=0.04


Tree=100
num_leaves=15
num_cat=0
split_feature=34 10 28 36 32 33 1 28 5 25 33 21 18 12
split_gain=763.087 1027.07 1394.6 1146.84 1294.79 1340.22 1113.16 1201.21 1053.05 1129.96 979.062 947.113 894.372 1066.59
threshold=2164.5000000000005 0.021858576206402299 2.3431806041181047 -0.014687908742081252 0.42472151078746778 -0.022056531045014444 0.29999491249491256 -0.08398351648351636 1101.0000000000002 0.026632412463378375 0.056491570402586212 -0.011556267806267837 0.2041556437389771 0.79008567931456553
decision_type=10 10 10 2 8 10 8 8 2 8 8 8 10 10
left_child=1 2 3 4 -1 -6 10 11 -9 -10 12 -8 13 -5
right_child=-2 -3 -4 6 5 -7 7 8 9 -11 -12 -13 -14 -15
leaf_value=0.065640805234718283 0.0034811529643935602 0.00014522377834286313 0.014618269051004764 -0.0068996167288306459 -0.038188052640347088 0.010589531714003104 -0.011520726851415083 -0.044685934513031746 0.015460706925108767 -0.034909248759420655 -0.052354370719772218 -0.07925786943245304 -0.043461018785356159 0.043980152828273951
leaf_weight=503 76457 210306 4569 29364 1055 4840 511 1355 1935 1062 734 995 994 625
leaf_count=503 76457 210306 4569 29364 1055 4840 511 1355 1935 1062 734 995 994 625
internal_value=-2.86006e-05 -0.00106576 -0.00630706 -0.00849543 0.00711606 0.00161228 -0.0111596 -0.0271159 -0.0161093 -0.00266806 -0.00817445 -0.0573828 -0.00704515 -0.00576779
internal_weight=335305 258848 48542 43973 6398 5895 37575 5858 4352 2997 31717 1506 30983 29989
internal_count=335305 258848 48542 43973 6398 5895 37575 5858 4352 2997 31717 1506 30983 29989
is_linear=0
shrinkage=0.04


Tree=101
num_leaves=15
num_cat=0
split_feature=20 18 19 37 31 6 25 6 28 4 8 19 21 36
split_gain=777.948 1042.53 989.232 1150.85 1314.45 1019.04 945.25 1165.6 1967.44 1317.06 1182.99 1269.62 1631.85 1102.07
threshold=0.042592592592592605 -0.2030958679768203 0.10406295093795094 -0.010648121004587365 -0.84173039923039883 2.5000000000000004 -0.024304052429052415 4.5000000000000009 1.7907396885521887 8.5000000000000018 0.47722567287784684 0.15313176406926407 0.50047348484848497 0.033956607451505423
decision_type=10 10 10 8 10 10 8 8 8 2 8 10 10 2
left_child=6 -2 3 -3 -5 -4 -1 -8 9 -9 11 -11 -13 -10
right_child=1 2 5 4 -6 -7 7 8 13 10 -12 12 -14 -15
leaf_value=0.0034748807368910474 -0.032712989155003425 0.035366104945021959 0.050010920517928707 -0.009885146059684987 0.0057888095172245772 0.010606741921829366 0.00062229400349072259 0.00057643558923237907 0.0077503791208969521 -0.0090612593444521633 0.03983341827792828 -0.028698560329779278 0.037960705028417925 -0.030703337492938344
leaf_weight=61771 1144 1502 1086 13241 24003 14921 115530 20749 20266 49150 673 9467 584 1218
leaf_count=61771 1144 1502 1086 13241 24003 14921 115530 20749 20266 49150 673 9467 584 1218
internal_value=-2.83951e-05 0.00427708 0.00507908 0.00161725 0.000210617 0.0134275 -0.000890338 -0.00212981 -0.00524249 -0.00810782 -0.0111153 -0.0117276 -0.0246567 0.00550408
internal_weight=335305 55897 54753 38746 37244 16007 279408 217637 102107 80623 59874 59201 10051 21484
internal_count=335305 55897 54753 38746 37244 16007 279408 217637 102107 80623 59874 59201 10051 21484
is_linear=0
shrinkage=0.04


Tree=102
num_leaves=15
num_cat=0
split_feature=2 9 36 16 35 0 20 14 29 25 25 6 22 1
split_gain=763.68 767.985 1179.41 948.48 1037.53 1139.58 945.686 904.997 1053.32 1309.76 950.778 923.633 949.112 916.695
threshold=9.141666666666671 1.0000000180025095e-35 0.036528029873021402 0.18441295546558709 0.5749528245522344 0.37432937432937435 -0.022727272727272752 0.054200940070505292 -8.3509532828282804 0.008313041125541128 0.10416666666666674 5.5000000000000009 2.5000000000000004 -0.39623259842009839
decision_type=10 2 2 8 2 10 10 8 8 8 10 8 2 8
left_child=1 2 7 -3 5 -5 -7 10 9 -9 -1 -12 -13 -10
right_child=-2 3 -4 4 -6 6 -8 8 13 -11 11 12 -14 -15
leaf_value=0.0020937596886853637 0.025686040189861037 0.00386990029777255 -0.024073878330227984 -0.0088139604855251939 -0.023549286756708726 -0.00010176968548044067 0.018368401614908082 0.0031526334077565379 0.013461130354140085 -0.080509769753661267 -0.003279013547467245 -0.011217829978196465 -0.076983049800392986 -0.0050233448044130291
leaf_weight=88372 1788 110765 3728 17853 3573 17438 5898 552 4501 595 2536 746 649 76311
leaf_count=88372 1788 110765 3728 17853 3573 17438 5898 552 4501 595 2536 746 649 76311
internal_value=-2.67766e-05 -0.000168454 -0.00196245 0.00188462 -0.00302687 -0.00122022 0.00459572 -0.00148264 -0.00454044 -0.0417969 0.00123347 -0.01789 -0.0434191 -0.00398612
internal_weight=335305 333517 177990 155527 44762 41189 23336 174262 81959 1147 92303 3931 1395 80812
internal_count=335305 333517 177990 155527 44762 41189 23336 174262 81959 1147 92303 3931 1395 80812
is_linear=0
shrinkage=0.04


Tree=103
num_leaves=15
num_cat=0
split_feature=32 26 6 19 20 22 2 1 38 5 18 25 22 31
split_gain=748.207 787.084 1233.77 1773.32 1068.88 979.372 867.236 1174.45 1544.2 1289.64 1817.28 1189.39 1786.95 1277.51
threshold=0.36403728807864855 0.14287217412217415 7.5000000000000009 0.081359227192560515 0.03719093406593408 1.5000000000000002 3.9166666666666674 -0.18519371574927126 0.19137753407665195 2081.0000000000005 -0.1960010822510822 -0.064793287895966459 3.5000000000000004 -2.0379356060606062
decision_type=8 10 8 10 8 2 8 8 8 2 8 8 2 10
left_child=-1 6 5 4 -4 -3 7 8 -2 11 -11 12 -9 -13
right_child=1 2 3 -5 -6 -7 -8 9 -10 10 -12 13 -14 -15
leaf_value=0.020882653798854418 0.016179966047136684 0.018396408186627817 -0.029664218483904416 -0.0031799661379602598 -0.10876111001935408 -0.011945360198173065 0.0025753918851152808 -0.0036072714080548386 -0.00010907962114647901 -0.069389645000603045 -0.0066017283097256066 -0.012631637826094902 0.028661644707594896 -0.002193297049383747
leaf_weight=2666 11127 2328 597 1315 551 5946 136663 7091 55795 1097 2100 24559 4421 79049
leaf_count=2666 11127 2328 597 1315 551 5946 136663 7091 55795 1097 2100 24559 4421 79049
internal_value=-2.6701e-05 -0.000197396 -0.0108257 -0.0353756 -0.0705828 -0.00334908 0.000158735 -0.00162441 0.00260933 -0.00401917 -0.0288832 -0.00331643 0.00885545 -0.00467248
internal_weight=335305 332639 10737 2463 1148 8274 321902 185239 66922 118317 3197 115120 11512 103608
internal_count=335305 332639 10737 2463 1148 8274 321902 185239 66922 118317 3197 115120 11512 103608
is_linear=0
shrinkage=0.04


Tree=104
num_leaves=15
num_cat=0
split_feature=4 5 2 21 1 28 20 36 31 9 6 22 8 5
split_gain=721.08 1540.94 1128.87 1125.75 1149.19 1358.11 1215.33 1188.1 1135.62 1122.43 1296.9 2585.63 1496.43 1275.52
threshold=9.5000000000000018 2740.5000000000005 0.40000000000000091 -0.54460227272727257 -0.16023614432705344 3.7458369408369414 -0.37478956228956217 0.04746208329526768 -6.1747775372775378 1.5000000000000002 9.5000000000000018 4.5000000000000009 0.087167581257914753 952.50000000000011
decision_type=2 2 8 8 10 8 10 2 8 2 10 2 10 2
left_child=3 2 -2 -1 8 7 -7 -6 -5 10 13 12 -12 -4
right_child=1 -3 9 4 5 6 -8 -9 -10 -11 11 -13 -14 -15
leaf_value=-0.034995598235617993 -0.015557978890825681 -0.056994562338533478 -0.032196277527901003 0.029752158721102866 -0.00028074126077838726 0.06445319877396545 0.0032700618145684911 -0.052903661515908258 0.0060941376657329648 0.0070260970603337174 -0.10977859996161179 0.027439204394556046 -0.028667225383858966 -0.0010483203943478304
leaf_weight=1234 8462 748 2081 3504 86031 928 1120 642 38251 26151 558 784 1038 163773
leaf_count=1234 8462 748 2081 3504 86031 928 1120 642 38251 26151 558 784 1038 163773
internal_value=-2.65955e-05 -0.00151843 -0.00129987 0.00227916 0.00264496 6.85514e-05 0.031869 -0.000700804 0.00811268 -0.000675339 -0.00187421 -0.0308852 -0.059499 -0.00144872
internal_weight=335305 203595 202847 131710 130476 88721 2048 86673 41755 194385 168234 2380 1596 165854
internal_count=335305 203595 202847 131710 130476 88721 2048 86673 41755 194385 168234 2380 1596 165854
is_linear=0
shrinkage=0.04


Tree=105
num_leaves=15
num_cat=0
split_feature=1 36 14 2 37 32 33 9 2 1 22 32 33 34
split_gain=722.654 1207.64 1062.45 962.348 890.817 1020.89 1098.22 909.105 898.938 1106.14 875.835 849.812 1095.94 1455.54
threshold=-0.41346449846449845 0.017173520316346003 0.2573593073593074 0.10000000000000007 0.0011518105772833952 0.59577669648383957 0.061007435103316195 2.5000000000000004 0.93333333333333357 -0.22567889662045501 7.5000000000000009 0.45794423723501226 -0.0027475680532355285 1960.5000000000002
decision_type=8 2 8 10 10 8 10 2 8 8 2 10 10 10
left_child=1 -1 4 -4 5 7 -7 8 -2 -10 11 -5 13 -13
right_child=2 -3 3 10 -6 6 -8 -9 9 -11 -12 12 -14 -15
leaf_value=0.013833220017234594 -0.0096734955937874175 -0.046950538668345219 -0.032569273660092088 0.01257502001323961 -0.002686343971242532 -0.056228732922424245 0.0088263886795948016 0.019726561942222054 0.013951383590856667 0.0015463235457393479 -0.05434346129639827 -0.030971368828904815 0.0001431320230363686 0.0069549392051629268
leaf_weight=9486 10393 505 2309 3839 103775 939 695 4554 12301 167437 528 5326 10924 2294
leaf_count=9486 10393 505 2309 3839 103775 939 695 4554 12301 167437 528 5326 10924 2294
internal_value=-2.66909e-05 0.0105424 -0.000352857 -0.00822976 0.000310382 0.00189474 -0.0291179 0.00216244 0.00173667 0.00239895 -0.00571122 -0.00444545 -0.00799338 -0.0195828
internal_weight=335305 9991 325314 25220 300094 196319 1634 194685 190131 179738 22911 22383 18544 7620
internal_count=335305 9991 325314 25220 300094 196319 1634 194685 190131 179738 22911 22383 18544 7620
is_linear=0
shrinkage=0.04


Tree=106
num_leaves=15
num_cat=0
split_feature=7 20 5 6 5 2 3 8 19 28 34 36 38 34
split_gain=712.315 1151.38 892.86 830.742 3015.69 1357.87 1197.15 1355.92 1181.59 1274.66 1128.59 1071.71 1037.1 1034.82
threshold=1.5000000000000002 -0.29622507122507108 2026.5000000000002 6.5000000000000009 2565.0000000000005 3.9166666666666674 0.10263157894736843 0.16760299625468167 0.23741582491582497 1.1825198412698419 859.50000000000011 0.0054242162735541237 0.45275723164824749 47.500000000000007
decision_type=2 8 2 10 2 10 2 10 10 10 10 2 10 10
left_child=3 -2 -3 11 5 10 7 -7 -8 -10 13 -1 -13 -5
right_child=1 2 -4 4 -6 6 8 -9 9 -11 -12 12 -14 -15
leaf_value=0.0020033025239779034 -0.0078737804835767398 0.0066782827694012612 0.033807868313058632 -0.041154850385905731 -0.085268312648413669 -0.043915329292351306 0.013691766717888597 0.024658624020223226 -0.057842184550443147 0.018483673487495206 -0.016186253951626518 -0.002827812580804391 -0.032241844791722672 0.0053828492949144647
leaf_weight=167924 8772 29902 2031 790 703 1434 11657 631 762 582 16742 83002 1914 8459
leaf_count=167924 8772 29902 2031 790 703 1434 11657 631 762 582 16742 83002 1914 8459
internal_value=-2.65529e-05 0.00492994 0.00845393 -0.000712114 -0.00593515 -0.0044747 0.00506917 -0.0228737 0.00957807 -0.0253129 -0.010006 0.000151545 -0.00350939 0.00120794
internal_weight=335305 40705 31933 294600 41760 41057 15066 2065 13001 1344 25991 252840 84916 9249
internal_count=335305 40705 31933 294600 41760 41057 15066 2065 13001 1344 25991 252840 84916 9249
is_linear=0
shrinkage=0.04


Tree=107
num_leaves=15
num_cat=0
split_feature=37 37 25 22 5 29 10 37 31 12 6 14 1 5
split_gain=704.533 741.842 982.36 1599.11 1283.8 1239.25 1695.7 1211.23 924.537 1130.37 961.559 1113.21 1000.42 900.447
threshold=0.025239471702578762 0.0011518105772833952 0.03960905349794238 1.5000000000000002 1101.0000000000002 -4.5916161616161606 0.085960591133004943 -0.00072879467237837797 -6.1747775372775378 0.15655637254901963 3.5000000000000004 0.02790758047767394 -0.19189652939652938 3075.0000000000005
decision_type=10 10 10 2 2 8 10 8 8 10 10 10 8 2
left_child=1 2 8 4 7 6 -5 -4 9 10 12 -12 -1 -3
right_child=-2 13 3 5 -6 -7 -8 -9 -10 -11 11 -13 -14 -15
leaf_value=0.070786227871894203 0.029127699477960449 -0.00246472742131676 -0.04745334711778771 0.013002693930566717 0.020035469330197089 -0.0073068685053485349 -0.076622432524434028 0.015169860042485836 0.0018664420396084698 0.033851114722625704 0.040183503894868924 -0.023395363414859101 -0.0058840943078025121 -0.053269701651604634
leaf_weight=508 1271 116442 972 503 6017 26550 904 921 174278 3222 501 2187 518 511
leaf_count=508 1271 116442 972 503 6017 26550 904 921 174278 3222 501 2187 518 511
internal_value=-2.65798e-05 -0.000141855 0.00124171 -0.00480224 0.0110286 -0.00929303 -0.0452349 -0.017379 0.00243896 0.0167081 0.00158401 -0.0110279 0.0336027 -0.00270938
internal_weight=335305 334034 217081 35867 7910 27957 1407 1893 181214 6936 3714 2688 1026 116953
internal_count=335305 334034 217081 35867 7910 27957 1407 1893 181214 6936 3714 2688 1026 116953
is_linear=0
shrinkage=0.04


Tree=108
num_leaves=15
num_cat=0
split_feature=2 4 5 8 6 21 19 23 28 35 10 3 25 2
split_gain=700.826 719.894 1417.64 1106.24 1969.52 1686.32 2768.5 1211.69 1212.56 1563.4 1254.1 1226.36 1132.06 1210.06
threshold=9.141666666666671 9.5000000000000018 2823.0000000000005 0.13906469760900145 8.5000000000000018 -0.12499999999999993 -0.041666666666666609 -0.0076571220519633118 -0.033516171328671011 0.43427075955157995 0.062678571428571445 0.42481203007518803 -0.061871843434343432 1.8666666666666671
decision_type=10 2 2 10 10 8 8 10 10 2 10 2 8 10
left_child=1 -1 3 4 12 -6 -7 8 9 -5 11 -11 -3 -14
right_child=-2 2 -4 7 5 6 -8 -9 -10 10 -12 -13 13 -15
leaf_value=0.0021479445559071122 0.024606495043860754 0.0095726247370990555 -0.061710851575846548 0.025826000570099282 -0.069331293251189127 0.062490957222302981 -0.033685899922001716 0.006523323265770601 0.0013961065202805574 -0.008922217643095233 -0.0098073416966610021 -0.059946710563286099 -0.010736820207397722 -0.0012724750819112951
leaf_weight=131070 1788 10163 577 1438 1239 558 2227 44444 32776 1292 8668 1829 32381 64855
leaf_count=131070 1788 10163 577 1438 1239 558 2227 44444 32776 1292 8668 1829 32381 64855
internal_value=-2.54711e-05 -0.000161193 -0.00165636 -0.00146947 -0.00413649 -0.0314375 -0.0136537 0.00181655 -0.00273286 -0.012931 -0.0177476 -0.0392979 -0.00309943 -0.00442814
internal_weight=335305 333517 202447 201870 111423 4024 2785 90447 46003 13227 11789 3121 107399 97236
internal_count=335305 333517 202447 201870 111423 4024 2785 90447 46003 13227 11789 3121 107399 97236
is_linear=0
shrinkage=0.04


Tree=109
num_leaves=15
num_cat=0
split_feature=1 38 0 19 5 34 37 9 28 6 5 36 3 34
split_gain=708.982 1358.7 1103.06 1051.46 843.887 1251.65 822.494 759.729 1042.75 1309.69 2428.41 2053.53 2495.33 1101.71
threshold=-0.34448293989960649 0.38163553819238211 0.070370370370370458 -0.19770141895141891 1099.5000000000002 2164.5000000000005 -0.0065750194565299741 1.5000000000000002 2.3431806041181047 9.5000000000000018 1209.5000000000002 1.0000000180025095e-35 0.44097222222222227 11.500000000000002
decision_type=8 8 8 8 2 10 10 2 8 10 2 2 2 10
left_child=1 6 4 -3 -2 -6 -1 8 9 -4 -11 12 -12 -10
right_child=2 3 7 -5 5 -7 -8 -9 13 10 11 -13 -14 -15
leaf_value=0.052189220071230502 -0.0017537874132683292 -0.038908141587403688 -0.0016359296519678978 0.0019347435026581181 -0.053223814772180258 0.016722312563119068 0.014185032458110383 0.0048557528923085895 -0.021059911747092066 0.014826239462594124 -0.14834966749648079 -0.010664424975051981 -0.030314818377197864 0.0068956076083552236
leaf_weight=987 2016 1050 226363 12084 1723 506 8337 40624 2360 1439 518 1092 645 35561
leaf_count=987 2016 1050 226363 12084 1723 506 8337 40624 2360 1439 518 1092 645 35561
internal_value=-2.51849e-05 0.00683167 -0.000518424 -0.00146562 -0.02065 -0.037327 0.0184649 -0.000238202 -0.00101118 -0.0020244 -0.0254898 -0.0509806 -0.0868355 0.00513037
internal_weight=335305 22458 312847 13134 4245 2229 9324 308602 267978 230057 3694 2255 1163 37921
internal_count=335305 22458 312847 13134 4245 2229 9324 308602 267978 230057 3694 2255 1163 37921
is_linear=0
shrinkage=0.04


Tree=110
num_leaves=15
num_cat=0
split_feature=1 36 38 14 23 22 2 6 30 18 23 19 2 21
split_gain=675.606 1130.33 1273.21 949.389 964.136 1018.66 1013.32 1118.69 1064.26 970.747 953.99 935.772 844.131 832.873
threshold=-0.41346449846449845 0.0054242162735541237 0.45275723164824749 0.2573593073593074 -0.04033558070016402 2.5000000000000004 0.10000000000000007 3.5000000000000004 -0.73295454545454519 -0.1124933862433862 0.0039450757575757523 -0.22143608706108706 2.7833333333333354 -0.54460227272727257
decision_type=8 2 10 8 8 2 10 10 10 10 10 10 10 8
left_child=1 -1 -3 13 5 -5 10 12 -9 -10 -6 -11 -8 -2
right_child=3 2 -4 4 6 -7 7 8 9 11 -12 -13 -14 -15
leaf_value=0.017439913054076415 -0.025597269254016841 0.010306990676224792 -0.04966808357901422 -0.0013236835472350255 -0.011250195957011409 -0.05842690423767162 0.030195381482417401 0.021694070228687422 -0.002910507042540385 -0.072241255713031735 -0.066211934195670161 -0.017889075536202496 -0.013113456948522071 0.00045770883909796898
leaf_weight=7735 1926 1344 912 874 1453 1125 2475 1828 10289 526 747 4929 974 298168
leaf_count=7735 1926 1344 912 874 1453 1125 2475 1828 10289 526 747 4929 974 298168
internal_value=-2.53363e-05 0.0101939 -0.0144895 -0.000340706 -0.00778672 -0.0341019 -0.00545296 -0.00271538 -0.00681143 -0.0101793 -0.0309689 -0.0237385 0.0179523 0.000286252
internal_weight=335305 9991 2256 325314 25220 1999 23221 21021 17572 15744 2200 5455 3449 300094
internal_count=335305 9991 2256 325314 25220 1999 23221 21021 17572 15744 2200 5455 3449 300094
is_linear=0
shrinkage=0.04


Tree=111
num_leaves=15
num_cat=0
split_feature=32 35 34 28 18 34 23 4 34 5 10 32 8 21
split_gain=690.375 1150.22 1805.71 1137.46 1072.44 917.52 1235.4 807.172 1288.47 1904.56 1288.24 1481.8 1010.69 976.085
threshold=0.56124643739550173 0.56259670658460836 75.500000000000014 -0.52725243506493469 -0.16954998704998706 146.50000000000003 -0.07192457584503037 9.5000000000000018 170.50000000000003 2172.5000000000005 0.21231060606060609 0.53935518733987464 0.12778327560613559 -0.20826719576719571
decision_type=8 2 10 8 8 8 10 2 10 2 8 10 10 8
left_child=7 5 -3 4 -4 6 -2 -1 9 10 11 13 -10 -9
right_child=1 2 3 -5 -6 -7 -8 8 12 -11 -12 -13 -14 -15
leaf_value=0.0030005137370200676 0.036614529217210527 -0.088833577023322605 -0.00024119394016836344 -0.0024446224260056687 -0.070613860763411224 -0.0062909992616087722 -0.011403100772085333 0.018666254024482042 -0.0030703199914606551 -0.08140150608107348 0.011237349859445689 -0.050998071296034758 0.0030697722935190725 -0.013896664929636367
leaf_weight=122063 2008 539 556 3622 871 13431 1437 1644 87496 546 4028 1517 84046 11501
leaf_count=122063 2008 539 556 3622 871 13431 1437 1644 87496 546 4028 1517 84046 11501
internal_value=-2.57454e-05 -0.00679106 -0.0224337 -0.0145437 -0.044131 -0.00156048 0.0167085 0.000461055 -0.00116409 -0.0109667 -0.00869732 -0.0141934 -6.19998e-05 -0.00976883
internal_weight=335305 22464 5588 5049 1427 16876 3445 312841 190778 19236 18690 14662 171542 13145
internal_count=335305 22464 5588 5049 1427 16876 3445 312841 190778 19236 18690 14662 171542 13145
is_linear=0
shrinkage=0.04


Tree=112
num_leaves=15
num_cat=0
split_feature=20 18 3 25 25 5 25 5 20 19 22 4 31 20
split_gain=704.065 960.02 922.177 1008.26 807.525 1056.95 1775.92 1392.31 1181.44 1065.22 1963.36 1198.63 1031.56 1150.79
threshold=0.042592592592592605 -0.2030958679768203 0.20526315789473687 0.02343749999999999 -0.024304052429052415 1790.0000000000002 -0.020833333333333291 1620.5000000000002 -0.037878787878787908 0.25003306878306891 3.5000000000000004 8.5000000000000018 -1.3450514069264068 -0.15206980519480515
decision_type=10 10 2 10 8 2 8 2 10 10 2 2 10 8
left_child=4 -2 3 -3 -1 7 -7 9 -9 -6 12 -12 13 -11
right_child=1 2 -4 -5 5 6 -8 8 -10 10 11 -13 -14 -15
leaf_value=0.0031884628428958902 -0.03142629704835951 0.0037906662687206354 0.0077715951151130095 -0.019221111891610739 -0.0015050732198386605 -0.054252891064958883 0.0067990838106580589 -0.014340529476934896 -0.065619639615749709 -0.0059634605569109265 5.248217269092424e-05 -0.047537642190318849 -0.013484390744919389 0.038129408031198984
leaf_weight=61771 1144 8603 41494 4656 167753 734 28007 6574 766 2143 1145 3200 5684 1631
leaf_count=61771 1144 8603 41494 4656 167753 734 28007 6574 766 2143 1145 3200 5684 1631
internal_value=-2.6246e-05 0.00406968 0.00483932 -0.00433195 -0.000846238 -0.00199186 0.0051484 -0.00307934 -0.0200998 -0.00238589 -0.0130467 -0.0351387 -0.00276628 0.0133414
internal_weight=335305 55897 54753 13259 279408 217637 28741 188896 7340 181556 13803 4345 9458 3774
internal_count=335305 55897 54753 13259 279408 217637 28741 188896 7340 181556 13803 4345 9458 3774
is_linear=0
shrinkage=0.04


Tree=113
num_leaves=15
num_cat=0
split_feature=32 33 32 33 28 5 31 8 18 4 2 2 28 32
split_gain=677.94 760.125 1727.2 1520.11 1387.72 1211.1 1199.01 1159.21 969.727 980.611 1606.26 1461.99 891.91 858.004
threshold=0.36403728807864855 -0.037760979189056833 0.45840305614638494 -0.058155009957824279 -2.3703715728715724 1049.0000000000002 -6.1747775372775378 0.15430402930402934 -0.45825617283950609 8.5000000000000018 1.4333333333333342 0.43333333333333374 -1.3140647546897544 0.50967411636859938
decision_type=8 10 8 10 8 2 8 10 8 2 10 10 10 10
left_child=-1 2 5 -4 -5 7 -7 -2 -8 10 -10 -11 -6 -3
right_child=1 13 3 4 12 6 8 -9 9 11 -12 -13 -14 -15
leaf_value=0.019876965201468057 0.043698705135816189 0.0020124853330338297 -0.080664173923329349 -0.078155491691803525 0.027787214149488135 -0.057933912183262215 -0.052025468380144886 -0.021267859595675582 0.05992750378286555 -0.054756438661527955 -0.0015761995787057473 -0.00070417833176971377 -0.018660078670083621 -0.0022621663903328519
leaf_weight=2666 1619 187083 670 503 750 603 543 562 1000 851 1918 7200 3863 125474
leaf_count=2666 1619 187083 670 503 750 603 543 562 1000 851 1918 7200 3863 125474
internal_value=-2.63509e-05 -0.000188833 -0.00772248 -0.0260599 -0.0181973 -0.000235861 -0.00520352 0.0268567 -0.00220291 0.000488345 0.0201556 -0.00672026 -0.0108915 0.000296367
internal_weight=335305 332639 20082 5786 5116 14296 12115 2181 11512 10969 2918 8051 4613 312557
internal_count=335305 332639 20082 5786 5116 14296 12115 2181 11512 10969 2918 8051 4613 312557
is_linear=0
shrinkage=0.04


Tree=114
num_leaves=15
num_cat=0
split_feature=2 36 1 6 25 17 8 5 12 35 21 16 6 31
split_gain=678.376 1013.41 1078.63 995.256 1070.34 1013.17 1061.64 1190.48 1071.14 1212.03 1183.81 1053.31 1015.97 915.849
threshold=5.3333333333333348 0.0064354011103756438 -0.43366373654835189 4.5000000000000009 0.0057029577231597454 3.5000000000000004 0.20603395997574289 1085.0000000000002 0.39159811985898946 0.47591228821790993 0.068181818181818232 0.21483516483516488 1.5000000000000002 7.4822907647907657
decision_type=8 2 10 10 10 2 10 2 8 2 8 10 10 8
left_child=1 2 -1 5 -5 6 7 12 9 11 -10 -9 -4 -3
right_child=-2 13 3 4 -6 -7 -8 8 10 -11 -12 -13 -14 -15
leaf_value=0.01733629459664671 0.0032588328658549304 -0.004692285121277776 0.052926672203582277 -7.9390627491797425e-05 -0.010308771158987033 0.0042413998851041253 0.013904424100221807 -0.014724848379501243 -0.0044255769815109347 0.0012387019819535999 -0.084705037507929112 -0.054772159976058492 -0.00042386362791797263 -0.052637376572780586
leaf_weight=5855 77313 68868 753 45984 25360 88992 3785 6185 529 7249 628 1235 1975 594
leaf_count=5855 77313 68868 753 45984 25360 88992 3785 6185 529 7249 628 1235 1975 594
internal_value=-2.65773e-05 -0.00101156 0.000510422 -3.34675e-05 -0.00372021 0.00232971 -0.00527837 -0.0092185 -0.0134255 -0.0104049 -0.0497037 -0.0217124 0.0149898 -0.00513985
internal_weight=335305 257992 188530 182675 71344 111331 22339 18554 15826 14669 1157 7420 2728 69462
internal_count=335305 257992 188530 182675 71344 111331 22339 18554 15826 14669 1157 7420 2728 69462
is_linear=0
shrinkage=0.04


Tree=115
num_leaves=15
num_cat=0
split_feature=35 5 38 1 5 6 16 14 23 33 1 2 5 34
split_gain=672.416 1168.99 1014.56 1588.26 1457.69 998.844 989.151 849.145 1125.65 1052.6 868.122 1378.54 1326.92 1058.83
threshold=0.42998168454919106 1077.5000000000002 0.30363286028400532 -0.39623259842009839 1655.0000000000002 7.5000000000000009 0.1952621250350435 0.25955088947214938 -0.041359099234099236 0.0098396863509762223 -0.43366373654835189 0.46666666666666673 1172.5000000000002 1530.5000000000002
decision_type=2 2 10 10 2 8 8 8 8 10 8 10 2 10
left_child=1 5 -3 4 -4 -1 -5 -2 9 -9 -10 12 13 -12
right_child=7 2 3 6 -6 -7 -8 8 10 -11 11 -13 -14 -15
leaf_value=0.012914883168834353 -5.2275645952212174e-05 0.0055387391899682772 0.029764297477848981 -0.014821331249166864 -0.043984087899787028 0.054056732646667494 -0.058766844890559763 -0.059729666798127246 0.03043471281442936 0.0033080475381171773 0.0061656517668110975 -0.0026552413149550226 -0.064617447244168222 -0.057438699829060101
leaf_weight=4960 273890 25661 1920 3256 501 1133 1071 1169 980 642 1512 16937 1148 525
leaf_count=4960 273890 25661 1920 3256 501 1133 1071 1169 980 642 1512 16937 1148 525
internal_value=-2.63125e-05 0.00494352 0.00190795 -0.0118383 0.0139217 0.020943 -0.0262456 -0.000671736 -0.0080602 -0.0378943 -0.00541627 -0.00723343 -0.0311617 -0.0112106
internal_weight=335305 38502 32409 6748 2421 6093 4327 296803 22913 1811 21102 20122 3185 2037
internal_count=335305 38502 32409 6748 2421 6093 4327 296803 22913 1811 21102 20122 3185 2037
is_linear=0
shrinkage=0.04


Tree=116
num_leaves=15
num_cat=0
split_feature=20 2 34 29 34 21 28 6 38 22 34 38 26 1
split_gain=653.478 891.044 883.786 1006.72 882.766 991.527 918.395 827.082 961.582 836.148 793.245 752.973 1345.92 1203.59
threshold=0.042592592592592605 7.0583333333333362 2067.5000000000005 -6.9191964285714276 1543.5000000000002 -0.39130892255892252 0.34562500000000024 7.5000000000000009 0.23119798032184086 4.5000000000000009 589.50000000000011 0.47022400322343766 0.0013461538461538439 -0.30462458617220517
decision_type=10 10 8 8 10 10 10 8 10 2 10 10 8 8
left_child=11 2 3 -2 5 6 -5 -7 9 -9 -10 13 -13 -1
right_child=1 -3 -4 4 -6 7 -8 8 10 -11 -12 12 -14 -15
leaf_value=0.0083221432539301293 -0.046545440901188659 0.028041797958057987 0.010840161578367088 -0.05642020218317078 -0.011070442918195511 0.0022136570674305845 0.0052086450518479249 0.016388375149561173 0.021749208403152545 0.056389471157710383 -0.044661469978125146 0.0065420067421857178 -0.034279190272271019 -0.0013231607890874788
leaf_weight=22504 693 2298 15656 771 8203 22579 717 2717 510 1203 550 2330 2814 251760
leaf_count=22504 693 2298 15656 771 8203 22579 717 2717 510 1203 550 2330 2814 251760
internal_value=-2.62135e-05 0.00391982 0.00286045 -0.000442066 0.000476886 0.00375132 -0.0275201 0.00548655 0.0201561 0.0292198 -0.0131688 -0.000816198 -0.015904 -0.000530368
internal_weight=335305 55897 53599 37943 37250 29047 1488 27559 4980 3920 1060 279408 5144 274264
internal_count=335305 55897 53599 37943 37250 29047 1488 27559 4980 3920 1060 279408 5144 274264
is_linear=0
shrinkage=0.04


Tree=117
num_leaves=15
num_cat=0
split_feature=37 37 32 22 38 26 1 14 23 6 38 10 19 9
split_gain=646.596 691.008 886.931 929.776 895.87 1100.14 938.802 1158.03 971.343 894.022 1027.67 914.648 887.239 880.055
threshold=0.025239471702578762 0.0011518105772833952 0.59577669648383957 2.5000000000000004 0.48045022468036652 0.039687049062049083 -0.24363914854986282 0.25186567164179113 -0.03747941172183597 3.5000000000000004 0.33083158339752411 0.21081871345029243 -0.257826278659612 2.5000000000000004
decision_type=10 10 8 2 10 10 8 10 8 10 10 10 8 2
left_child=1 2 4 -4 6 -6 9 13 -9 11 -11 -1 -10 -8
right_child=-2 -3 3 -5 5 -7 7 8 12 10 -12 -13 -14 -15
leaf_value=0.01522972778706992 0.027904424408815919 -0.002613821677083363 0.0052466181937735282 -0.049820964453105313 -0.0064994855323076252 -0.058857051062453522 0.0012935075570906685 -0.048234677617470072 -0.054220253528978725 0.016870909443952867 -0.0027985290492378028 0.058356333094474452 -0.0048561072305764218 0.020040273838339357
leaf_weight=3300 1271 116953 866 1056 3075 767 173035 971 566 7354 9949 1009 11081 4052
leaf_count=3300 1271 116953 866 1056 3075 767 173035 971 566 7354 9949 1009 11081 4052
internal_value=-2.53952e-05 -0.000135829 0.00119949 -0.0255051 0.00144391 -0.0175738 0.00179375 0.000892684 -0.010791 0.00968279 0.00558576 0.0258818 -0.00747653 0.001728
internal_weight=335305 334034 217081 1922 215159 3842 211317 189705 12618 21612 17303 4309 11647 177087
internal_count=335305 334034 217081 1922 215159 3842 211317 189705 12618 21612 17303 4309 11647 177087
is_linear=0
shrinkage=0.04


Tree=118
num_leaves=15
num_cat=0
split_feature=25 19 21 19 6 19 31 31 37 31 2 5 30 38
split_gain=637.94 897.42 1057.5 910.698 1915.16 1728.84 979.851 1196.06 925.935 1044.89 1012.35 909.764 1077.23 939.078
threshold=-0.096305231548287087 -0.31235119047619037 -0.31233465608465599 0.26930400948258099 5.5000000000000009 0.32402777777777786 -0.1073101898101894 1.9060337752525254 0.0061835412677719928 -3.5596557609057604 2.1166666666666685 1718.0000000000002 0.19302388583638627 -0.14083098824810217
decision_type=8 8 10 10 10 10 8 10 10 10 10 2 10 8
left_child=-1 2 -2 -3 8 -6 -7 -8 9 10 -5 12 13 -11
right_child=1 3 -4 4 5 6 7 -9 -10 11 -12 -13 -14 -15
leaf_value=0.0075346899566586115 -0.0092669642535587946 0.0005041115962993581 -0.061929428256061368 0.010205719943625839 -0.060930648648145465 0.018125001416844502 -0.071982582168195863 0.00060755654897319674 -0.025983880652823661 -0.0042216228351844845 0.066579353546583522 0.021374905633701383 0.0063968263506043324 -0.035879848593107083
leaf_weight=16908 7007 288801 622 2468 1807 1097 597 826 2207 3142 601 1897 4481 2844
leaf_count=16908 7007 288801 622 2468 1807 1097 597 826 2207 3142 601 1897 4481 2844
internal_value=-2.48742e-05 -0.000427434 -0.0139359 -9.36284e-05 -0.00793544 -0.0316197 -0.00982534 -0.0312563 -0.00205287 0.00144225 0.0221357 -0.00376275 -0.00839856 -0.0194353
internal_weight=335305 318397 7629 310768 21967 4327 2520 1423 17640 15433 3069 12364 10467 5986
internal_count=335305 318397 7629 310768 21967 4327 2520 1423 17640 15433 3069 12364 10467 5986
is_linear=0
shrinkage=0.04


Tree=119
num_leaves=15
num_cat=0
split_feature=2 5 9 21 6 5 2 18 35 19 34 35 27 4
split_gain=636.653 701.88 668.279 864.839 933.797 1387.66 1447.98 1288.56 1085.74 1045.13 912.049 1132.21 1048.56 1025.84
threshold=8.9833333333333361 1813.5000000000002 1.0000000180025095e-35 -0.54460227272727257 8.5000000000000018 1712.5000000000002 4.3833333333333355 -0.36569664902998228 0.51717444684143854 -0.10664845483648003 2052.5000000000005 0.3912839755176537 -3.0397991822991819 7.5000000000000009
decision_type=10 2 2 8 10 2 8 10 2 10 10 2 8 2
left_child=2 -2 3 -1 10 6 7 -6 -7 -8 11 -5 -13 -14
right_child=1 -3 -4 4 5 8 9 -9 -10 -11 -12 12 13 -15
leaf_value=-0.03515662455458874 0.005309336525702698 0.054042114788229324 0.0017509754242884129 0.016960600153313753 0.021696634090232276 -0.017726111845710341 0.057807121345110457 -0.035229231260290636 -0.094715423453181014 -0.0024777559098669989 0.003894606739046427 -0.015512963441654126 0.0069349953028054233 -0.00394461601854856
leaf_weight=1188 1430 666 155429 4438 785 652 689 2764 529 1209 44422 10561 16208 94335
leaf_count=1188 1430 666 155429 4438 785 652 689 2764 529 1209 44422 10561 16208 94335
internal_value=-2.47074e-05 0.0216924 -0.00016455 -0.00183927 -0.00160525 -0.0162777 -0.00753473 -0.0225114 -0.054658 0.0203285 -0.00102845 -0.00277129 -0.00350109 -0.00234701
internal_weight=335305 2096 333209 177780 176592 6628 5447 3549 1181 1898 169964 125542 121104 110543
internal_count=335305 2096 333209 177780 176592 6628 5447 3549 1181 1898 169964 125542 121104 110543
is_linear=0
shrinkage=0.04


Tree=120
num_leaves=15
num_cat=0
split_feature=2 34 20 36 10 25 33 6 20 27 21 8 29 6
split_gain=624.444 1091.38 1157.49 914.982 1189.53 1285.5 956.26 1571.7 1514.85 1763.48 1575.7 1459.1 1400.61 1023.77
threshold=5.3333333333333348 31.500000000000004 -0.074074074074073987 0.0065764205440812769 0.2009615384615385 -0.060265101410934725 -0.0095195423240535607 6.5000000000000009 -0.2261634199134199 -3.0397991822991819 -0.16948005698005689 0.13906469760900145 -1.7324186924186915 2.5000000000000004
decision_type=8 10 8 2 10 10 10 8 10 8 10 10 8 10
left_child=3 2 -2 6 -5 -6 7 -1 -9 -10 11 -11 -12 -8
right_child=1 -3 -4 4 5 -7 13 8 9 10 12 -13 -14 -15
leaf_value=5.354405021499823e-05 -0.04769154919488508 0.0045636661047848415 -0.0044052049784838029 -0.0078489627451065278 0.024499397946851475 -0.0018170273480932328 0.016689595343382237 -0.026551926496780617 0.051711449410255642 -0.072868195055847781 -0.046313881452311627 3.4160677008240184e-05 0.0080591716308091692 0.0017854739785116217
leaf_weight=61615 1170 70868 5275 52397 3872 12209 7894 7816 818 969 823 772 5705 103102
leaf_count=61615 1170 70868 5275 52397 3872 12209 7894 7816 818 969 823 772 5705 103102
internal_value=-2.3936e-05 0.00312817 -0.0125699 -0.000968957 -0.00493 0.00457577 0.000463227 -0.00291399 -0.0136995 -0.00255998 -0.00820725 -0.0414431 0.000904304 0.00285249
internal_weight=335305 77313 6445 257992 68478 16081 189514 78518 16903 9087 8269 1741 6528 110996
internal_count=335305 77313 6445 257992 68478 16081 189514 78518 16903 9087 8269 1741 6528 110996
is_linear=0
shrinkage=0.04


Tree=121
num_leaves=15
num_cat=0
split_feature=32 33 32 33 28 1 33 29 12 28 12 32 1 2
split_gain=614.975 683.163 1592.59 1408.01 1283.8 967.968 1005.53 900.233 867.196 980.167 817.353 789.582 959.551 1343.64
threshold=0.36403728807864855 -0.037760979189056833 0.45840305614638494 -0.058155009957824279 -2.3703715728715724 -0.18519371574927126 -0.049188232376807701 -1.5630140692640691 0.29442724458204339 -2.2289835858585856 0.20101010101010106 0.50967411636859938 -0.34448293989960649 2.2416666666666667
decision_type=8 10 8 10 8 10 10 10 10 10 10 10 10 8
left_child=-1 2 5 -4 -5 6 10 -6 9 -7 -2 12 -3 -14
right_child=1 11 3 4 7 8 -8 -9 -10 -11 -12 -13 13 -15
leaf_value=0.018932941586405159 0.049332178911853798 0.0097462272575261598 -0.077478069856142015 -0.075030991978013703 0.021893528407819021 -0.060976083236596271 -0.0023477734105544872 -0.019777798050452624 0.010306561131559453 -0.010187714505559419 -0.0054373249408068529 -0.0021727450611481089 -0.0049417431550092348 0.0031156404891704548
leaf_weight=2666 1554 22095 670 503 1030 632 2553 3583 3002 5969 586 125474 45797 119191
leaf_count=2666 1554 22095 670 503 1030 632 2553 3583 3002 5969 586 125474 45797 119191
internal_value=-2.35755e-05 -0.000178329 -0.00732041 -0.0249287 -0.0173635 -0.000131779 0.0146657 -0.0103384 -0.00740184 -0.0154722 0.0345528 0.000281652 0.00192792 0.00087827
internal_weight=335305 332639 20082 5786 5116 14296 4693 4613 9603 6601 2140 312557 187083 164988
internal_count=335305 332639 20082 5786 5116 14296 4693 4613 9603 6601 2140 312557 187083 164988
is_linear=0
shrinkage=0.04


Tree=122
num_leaves=15
num_cat=0
split_feature=28 36 33 1 38 2 35 18 6 38 27 8 23 19
split_gain=605.736 747.386 675.899 654.178 1528.57 1105.83 1011.83 979.013 1117.83 1472.08 1400.87 1014.56 978.249 1274.09
threshold=2.8605986952861957 0.0088072203551778309 -0.018135538283870333 -0.24363914854986282 0.33562274220726906 2.2833333333333337 0.57609054195221276 -0.29360169151835813 7.5000000000000009 -0.32544465275899631 0.91910218253968279 0.35355392156862753 0.15399305555555562 -0.257826278659612
decision_type=10 2 10 8 8 8 2 8 8 10 8 10 10 8
left_child=3 -2 -3 4 -1 6 -5 8 11 10 -10 -7 13 -6
right_child=1 2 -4 5 12 7 -8 -9 9 -11 -12 -13 -14 -15
leaf_value=0.011425021799562309 0.013340305903260821 0.022613475414575632 -0.018856168950715211 -0.0047952122632649872 -0.04536306844444981 -0.00071209386206039335 -0.027407409778840038 0.001331504970339018 -0.10507123118303648 -0.0093559499785599159 -0.026825411179619403 -0.036879804576196336 0.020391426802042253 -0.00298724441836472
leaf_weight=22912 10520 794 2449 52606 1143 26516 3323 180553 501 5151 1252 1252 2635 23698
leaf_count=22912 10520 794 2449 52606 1143 26516 3323 180553 501 5151 1252 1252 2635 23698
internal_value=-2.34974e-05 0.00817862 -0.00851375 -0.00037579 0.00380731 -0.00115369 -0.00616199 0.000148915 -0.00600243 -0.0203453 -0.0514814 -0.00240618 -0.00255425 -0.00502427
internal_weight=335305 13763 3243 321542 50388 271154 55929 215225 34672 6904 1753 27768 27476 24841
internal_count=335305 13763 3243 321542 50388 271154 55929 215225 34672 6904 1753 27768 27476 24841
is_linear=0
shrinkage=0.04


Tree=123
num_leaves=15
num_cat=0
split_feature=7 20 5 27 36 19 25 22 0 0 14 31 0 32
split_gain=606.115 1008.18 804.438 856.99 747.103 1005.12 725.053 1398.79 1300.17 828.45 725.915 973.826 720.709 702.873
threshold=1.5000000000000002 -0.29622507122507108 2026.5000000000002 -5.5534956709956704 0.011149441616854531 0.019696969696969695 0.13203240518055334 1.5000000000000002 0.72918169793169818 0.77781662781662819 0.076505016722408045 -0.76839476495726478 0.50006475006475026 0.50967411636859938
decision_type=2 8 2 10 2 10 10 2 10 8 10 8 8 8
left_child=6 4 3 -3 -2 -6 13 8 10 -9 12 -12 -8 -1
right_child=1 2 -4 -5 5 -7 7 9 -10 -11 11 -13 -14 -15
leaf_value=0.0011950400090642546 -0.0020711923255766064 -0.039061752797942183 0.031910679868553581 0.0071628506199559027 0.01134075503900543 -0.056024976707958238 0.0082302293200198079 -0.037755507297283754 -0.047263383973592532 0.005076380827826076 0.027688672582114209 -0.041926261666422222 0.066009741619789633 -0.0028878921101089731
leaf_weight=179305 7285 607 2031 29295 522 965 684 3200 529 915 666 534 683 108084
leaf_count=179305 7285 607 2031 29295 522 965 684 3200 529 915 666 534 683 108084
internal_value=-2.38048e-05 0.0045483 0.00784593 0.00616087 -0.00743263 -0.0327771 -0.000656198 -0.0131395 0.0071204 -0.0282849 0.0190165 -0.00372788 0.0384094 -0.000340743
internal_weight=335305 40705 31933 29902 8772 1487 294600 7211 3096 4115 2567 1200 1367 287389
internal_count=335305 40705 31933 29902 8772 1487 294600 7211 3096 4115 2567 1200 1367 287389
is_linear=0
shrinkage=0.04


Tree=124
num_leaves=15
num_cat=0
split_feature=25 22 6 14 3 23 35 4 6 2 31 23 2 25
split_gain=593.579 1084.69 1291.58 1092.65 1071.33 1648.48 1022.48 1467.74 1305.17 1226.76 1078.74 1511.37 1047.11 1804.17
threshold=-0.096305231548287087 1.5000000000000002 2.5000000000000004 0.018350168350168353 0.087121212121212141 0.12224019293463738 0.48175554851302282 9.5000000000000018 8.5000000000000018 2.4416666666666687 -3.4245233932733927 0.057919721271993997 4.1416666666666702 -0.058825857784191103
decision_type=8 2 10 10 2 10 2 2 8 8 10 8 10 10
left_child=1 -1 3 -3 5 6 7 -2 9 10 11 -8 13 -10
right_child=4 2 -4 -5 -6 -7 8 -9 12 -11 -12 -13 -14 -15
leaf_value=-0.00701770505432334 0.016081283561743088 0.00063304566097997577 0.0084780550403625362 0.067093097649839145 0.00036291923240368859 0.053169046698098486 -0.097714330169027225 -0.01135588206469456 0.02904796087481443 -0.0033343418413605518 -0.015196336100009662 -0.0071220891621848904 -0.077704649558493308 -0.048623031231199765
leaf_weight=5636 5272 588 9517 1167 286514 655 668 7488 671 11490 2934 514 778 1413
leaf_count=5636 5272 588 9517 1167 286514 655 668 7488 671 11490 2934 514 778 1413
internal_value=-2.32604e-05 0.00726873 0.0144114 0.0454605 -0.000411571 -0.00736114 -0.00871371 -1.25276e-06 -0.0147171 -0.010092 -0.0286898 -0.0602076 -0.0393308 -0.0235201
internal_weight=335305 16908 11272 1755 318397 31883 31228 12760 18468 15606 4116 1182 2862 2084
internal_count=335305 16908 11272 1755 318397 31883 31228 12760 18468 15606 4116 1182 2862 2084
is_linear=0
shrinkage=0.04


Tree=125
num_leaves=15
num_cat=0
split_feature=20 18 19 37 23 37 18 26 25 31 34 12 37 2
split_gain=596.284 891.344 864.907 1097.07 1065.81 1014.95 878.483 940.9 774.751 774.315 1192.33 925.955 764.978 762.532
threshold=0.042592592592592605 -0.2030958679768203 0.10406295093795094 -0.010648121004587365 -0.039370968537635186 0.0029958932635871086 -0.15699168556311408 0.13395146520146528 -0.084999999999999964 -0.91974476911976943 2021.5000000000002 0.061633428300094974 -0.006058832313971362 4.6416666666666684
decision_type=10 10 10 8 8 8 10 10 10 10 10 10 8 10
left_child=-1 -2 3 13 -5 -4 -6 9 -7 10 12 -12 -8 -3
right_child=1 2 5 4 6 8 7 -9 -10 -11 11 -13 -14 -15
leaf_value=-0.00077750862405999779 -0.030455336692326484 0.054980269562092399 0.0062385007170344129 -0.019413581958414403 0.040512270953003131 -0.015359823027262368 -0.060016840433124947 -0.033956076330576464 0.035517784809847373 0.0066577002874167327 0.057582599069501382 0.0022756109782641502 -0.011316398654157216 -0.0033466229694585005
leaf_weight=279408 1144 952 11815 4031 883 521 515 1128 3671 21601 608 1852 6626 550
leaf_count=279408 1144 952 11815 4031 883 521 515 1128 3671 21601 608 1852 6626 550
internal_value=-2.28859e-05 0.00374651 0.00448825 0.00125164 -0.000121293 0.0122944 0.00224584 0.00113976 0.029088 0.00246082 -0.00696718 0.0168197 -0.0152215 0.0342025
internal_weight=335305 55897 54753 38746 37244 16007 33213 32330 4192 31202 9601 2460 7141 1502
internal_count=335305 55897 54753 38746 37244 16007 33213 32330 4192 31202 9601 2460 7141 1502
is_linear=0
shrinkage=0.04


Tree=126
num_leaves=15
num_cat=0
split_feature=21 25 22 3 23 35 4 33 38 29 30 31 32 31
split_gain=603.853 838.056 1204.74 1132.19 1493.55 1026.63 1232.57 1221.03 1184.66 1136.06 1085.7 912.392 870.35 860.694
threshold=0.34060846560846575 -0.096305231548287087 3.5000000000000004 0.087121212121212141 0.11196167258667263 0.48175554851302282 9.5000000000000018 0.0092921430260319241 0.15123947056252651 -2.5052819865319855 -1.0274109570984566 -2.4641579254079247 0.4398841023388797 1.7598769286269293
decision_type=10 8 2 2 10 2 2 8 10 8 10 10 10 8
left_child=1 2 -1 4 5 6 13 11 10 -10 -7 -8 -13 -3
right_child=-2 3 -4 -5 -6 8 7 -9 9 -11 -12 12 -14 -15
leaf_value=0.0022870115154293522 -0.0058154192824803512 0.026254351578675974 0.030054392753421175 0.00090919651976823727 0.04391573999561537 -0.021417650296307468 -0.051246884686001699 0.012768753266537545 -0.074162659562532471 -0.02201490931211823 0.00076550032920353164 0.030753321312110803 -0.020240177386425966 -0.008725007716398921
leaf_weight=7974 26459 3496 3598 266074 842 6421 1209 2408 844 2971 7760 602 3028 1619
leaf_count=7974 26459 3496 3598 266074 842 6421 1209 2408 844 2971 7760 602 3028 1619
internal_value=-2.17967e-05 0.000475407 0.0110127 6.34389e-05 -0.00713911 -0.00862503 0.000254073 -0.0103306 -0.0147082 -0.0343618 -0.00931874 -0.0218384 -0.0114805 0.0152054
internal_weight=335305 308846 11572 297274 31200 30358 12362 7247 17996 3815 14181 4839 3630 5115
internal_count=335305 308846 11572 297274 31200 30358 12362 7247 17996 3815 14181 4839 3630 5115
is_linear=0
shrinkage=0.04


Tree=127
num_leaves=15
num_cat=0
split_feature=2 9 16 5 35 0 27 28 14 14 28 31 10 27
split_gain=586.257 606.912 885.641 946.696 922.613 837.744 839.445 1115.24 1082.99 913.066 1193.5 905.738 850.487 805.922
threshold=9.141666666666671 1.0000000180025095e-35 0.18441295546558709 2218.5000000000005 0.57403525764695751 0.37432937432937435 -0.72953938422688414 0.1461681547619047 0.16754385964912283 0.21778656126482215 -1.3818528921736155 1.2671401515151519 0.29459980713596917 5.6567239010989017
decision_type=10 2 8 2 2 10 8 8 10 10 10 8 10 10
left_child=1 -1 13 4 5 -4 9 11 -9 12 -11 -8 -7 -3
right_child=-2 2 3 -5 -6 6 7 8 -10 10 -12 -13 -14 -15
leaf_value=-0.0017401942864686993 0.022507550443529728 0.0038688336549713531 -0.0086023149363182935 0.042186772721604662 -0.023005682169171975 0.013144740904654286 -0.011093085196235648 -0.00034642567725183434 0.033899899827440801 -0.04865460599632522 0.030829940072650257 -0.063669187840536573 0.053349010755863596 -0.03913687512660638
leaf_weight=177990 1788 110113 17628 678 3623 2549 2367 13298 1612 628 500 635 1244 652
leaf_count=177990 1788 110113 17628 678 3623 2549 2367 13298 1612 628 500 635 1244 652
internal_value=-2.12583e-05 -0.000145392 0.00167972 -0.00306619 -0.00380917 -0.00206399 0.00299164 -0.00104152 0.00345706 0.0175348 -0.013609 -0.0230752 0.0268532 0.00359814
internal_weight=335305 333517 155527 44762 44084 40461 22833 17912 14910 4921 1128 3002 3793 110765
internal_count=335305 333517 155527 44762 44084 40461 22833 17912 14910 4921 1128 3002 3793 110765
is_linear=0
shrinkage=0.04


Tree=128
num_leaves=15
num_cat=0
split_feature=37 34 6 31 25 29 18 29 32 2 23 1 16 16
split_gain=581.25 606.795 810.992 1130.1 1022.95 1346.17 1137.61 911.181 858.556 787.338 1156.73 1389.33 786.112 1177.27
threshold=0.025239471702578762 2164.5000000000005 5.5000000000000009 -5.8081630869130851 0.0057029577231597454 -0.080964405964406419 -0.090144751082251062 -3.5269274475524477 0.4813431313968432 3.9333333333333349 0.027908627357490997 -0.048211318002984609 0.034632683658170925 0.038648244958924577
decision_type=10 10 10 10 10 10 8 8 10 10 8 10 10 10
left_child=1 -1 7 -4 9 6 -6 8 -3 10 11 -5 -9 -14
right_child=-2 2 3 4 5 -7 -8 12 -10 -11 -12 -13 13 -15
leaf_value=-0.0010538856406747965 0.026460548549196786 -0.0048300596996421596 -0.052379759709578921 0.033317439541539096 -0.012304283355535944 -0.025515142904700576 0.05085201274491144 0.010902494737232156 0.042595442183611151 0.01738961833181164 -0.02277739718970255 -0.013118889040853414 -0.056660327874455484 0.0016881135716533841
leaf_weight=257590 1271 881 697 2009 1036 4851 745 18574 1874 4755 2889 2024 512 35597
leaf_count=257590 1271 881 697 2009 1036 4851 745 18574 1874 4755 2889 2024 512 35597
internal_value=-2.03869e-05 -0.000125092 0.00300327 -0.00415124 -0.00217759 -0.014664 0.0147815 0.00537222 0.0276138 0.0049464 -0.00366476 0.0101377 0.00422745 0.000783569
internal_weight=335305 334034 76444 19006 18309 6632 1781 57438 2755 11677 6922 4033 54683 36109
internal_count=335305 334034 76444 19006 18309 6632 1781 57438 2755 11677 6922 4033 54683 36109
is_linear=0
shrinkage=0.04


Tree=129
num_leaves=15
num_cat=0
split_feature=4 34 33 35 9 2 5 1 16 29 36 12 29 3
split_gain=576.808 1215.91 997.253 984.126 938.534 990.955 1287.67 994.511 2073.77 1427.89 1359.01 1148.87 1199.16 1036.57
threshold=8.5000000000000018 4.5000000000000009 0.065164223527897816 0.42998168454919106 1.5000000000000002 5.7666666666666684 2625.0000000000005 -0.066371974452782548 0.17875939849624065 -2.6984217171717169 0.015134225744732986 0.30053763440860221 -9.5276344026343995 0.58957219251336912
decision_type=2 10 8 2 2 10 2 8 8 8 2 10 10 2
left_child=2 -2 3 -1 5 6 7 8 10 -9 11 12 -3 -12
right_child=1 4 -4 -5 -6 -7 -8 9 -10 -11 13 -13 -14 -15
leaf_value=0.014341405152073468 -0.032624122683996976 0.056450339218648359 0.041222722582748623 0.00076577101587565945 0.0054816843186367608 0.0051974167893240946 -0.052231324363437644 -0.020540236341994204 -0.010485244798959983 -0.0036514465318846952 0.00020441767918579864 0.018479433153033877 0.00279152840750089 -0.037079751105862105
leaf_weight=9638 1877 627 1021 72399 33656 28891 788 8661 19228 100123 2815 10232 43329 2020
leaf_count=9638 1877 627 1021 72399 33656 28891 788 8661 19228 100123 2815 10232 43329 2020
internal_value=-1.96038e-05 -0.000971643 0.00287058 0.00236845 -0.000727881 -0.00169328 -0.00275431 -0.00253195 0.000906912 -0.00500489 0.00462388 0.00644043 0.0036202 -0.0155925
internal_weight=335305 252247 83058 82037 250370 216714 187823 187035 78251 108784 59023 54188 43956 4835
internal_count=335305 252247 83058 82037 250370 216714 187823 187035 78251 108784 59023 54188 43956 4835
is_linear=0
shrinkage=0.04


Tree=130
num_leaves=15
num_cat=0
split_feature=28 36 1 36 38 35 2 25 20 1 38 5 6 27
split_gain=560.391 680.599 637.346 973.974 1079.66 956.526 787.607 864.031 1053.64 654.949 1441.25 1466.89 1246.65 1229.34
threshold=2.8605986952861957 0.0088072203551778309 -0.41346449846449845 0.0054242162735541237 0.45275723164824749 0.51858904942432316 0.40000000000000091 0.024677020621893222 -0.14596861471861464 -0.16023614432705344 0.19137753407665195 1085.0000000000002 3.5000000000000004 -3.6413079975579974
decision_type=10 2 8 2 10 2 8 10 8 8 10 2 10 10
left_child=2 -2 3 -1 5 -5 7 -4 -9 10 13 12 -12 -8
right_child=1 -3 6 4 -6 -7 9 8 -10 -11 11 -13 -14 -15
leaf_value=0.016399463248644101 0.01279579548140245 -0.0080594471823384507 -0.0051452186133537307 0.035149759243327111 -0.045909814647803054 -0.032115867407182634 0.04689569081104672 -0.0047823604716717991 -0.058433755294490686 -0.0012561970340131939 0.05312322434586976 -0.0034252982256758996 0.0083714876810091036 0.009669695013271357
leaf_weight=7638 10520 3243 7686 830 904 502 1512 1134 1183 239680 1212 38154 4854 16253
leaf_count=7638 10520 3243 7686 830 904 502 1512 1134 1183 239680 1212 38154 4854 16253
internal_value=-1.88893e-05 0.00787025 -0.00035774 0.00962162 -0.0133833 0.00955415 -0.00067539 -0.0116895 -0.0328311 -0.000308294 0.00335506 -0.000514227 0.0176742 0.0129608
internal_weight=335305 13763 321542 9874 2236 1332 311668 10003 2317 301665 61985 44220 6066 17765
internal_count=335305 13763 321542 9874 2236 1332 311668 10003 2317 301665 61985 44220 6066 17765
is_linear=0
shrinkage=0.04


Tree=131
num_leaves=15
num_cat=0
split_feature=7 20 5 27 36 19 32 25 22 1 34 2 28 21
split_gain=556.25 927.062 736.138 789.233 683.464 930.017 648.858 647.266 1158.07 1014.69 951.973 1304.45 738.792 936.179
threshold=1.5000000000000002 -0.29622507122507108 2026.5000000000002 -5.5534956709956704 0.011149441616854531 0.019696969696969695 0.36403728807864855 0.13203240518055334 4.5000000000000009 0.036462512355369521 111.50000000000001 4.0416666666666687 0.5120993589743591 0.33363095238095253
decision_type=2 8 2 10 2 10 8 10 2 10 10 8 8 10
left_child=6 4 3 -3 -2 -6 -1 -8 9 10 -9 -12 13 -11
right_child=1 2 -4 -5 5 -7 7 8 -10 12 11 -13 -14 -15
leaf_value=0.019884220407762127 -0.0019986740646765764 -0.037485869634000635 0.030544778782747244 0.0068737591796392853 0.011058134131029353 -0.053731734275304033 -0.00049612178637405678 -0.034464426322247721 -0.057229248794199078 -0.080536461599111653 0.0022845609597161014 0.064859627893296357 -0.00629226390904878 -0.0077607378013445387
leaf_weight=2398 7285 607 2031 29295 522 965 285047 703 776 623 2525 627 1393 508
leaf_count=2398 7285 607 2031 29295 522 965 285047 703 776 623 2525 627 1393 508
internal_value=-1.79949e-05 0.004362 0.00752418 0.0059122 -0.00712681 -0.0313679 -0.000623818 -0.000795493 -0.0126359 -0.00680825 0.00610525 0.0155505 -0.026267 -0.049561
internal_weight=335305 40705 31933 29902 8772 1487 294600 292202 7155 6379 3855 3152 2524 1131
internal_count=335305 40705 31933 29902 8772 1487 294600 292202 7155 6379 3855 3152 2524 1131
is_linear=0
shrinkage=0.04


Tree=132
num_leaves=15
num_cat=0
split_feature=2 34 0 2 18 6 34 36 4 8 26 12 0 10
split_gain=553.016 1193.02 1361.67 928.931 899.18 1105.21 939.941 1201.08 1102.55 1007.69 969.887 890.431 1204.12 933.558
threshold=5.8333333333333348 31.500000000000004 0.63643219525572481 7.2666666666666684 -0.29164036195286186 4.5000000000000009 117.50000000000001 0.033956607451505423 9.5000000000000018 0.1243556701030928 0.018054465375893947 0.082903780068728533 0.44841269841269854 0.10729043683589139
decision_type=8 10 10 8 8 8 10 2 2 10 8 10 10 10
left_child=-1 2 -2 -4 -3 -6 7 8 9 -7 -10 12 13 -8
right_child=1 4 3 -5 5 6 11 -9 10 -11 -12 -13 -14 -15
leaf_value=-0.00078453634445801545 -0.0039878758964025313 -0.0061579623658638309 -0.017372032523929298 -0.089779025588171163 0.0013612639952728896 0.077869890572482572 -0.065751847531319713 -0.016327415984758939 0.042738464649658685 0.013922895253583955 -0.028405951398764499 0.013573772159396527 0.014972391986187628 0.0022250772471584025
leaf_weight=274276 4918 9124 643 504 22966 1394 748 654 614 577 523 16486 1340 538
leaf_count=274276 4918 9124 643 504 22966 1394 748 654 614 577 523 16486 1340 538
internal_value=-1.81368e-05 0.00342403 -0.0133423 -0.0516094 0.00528456 0.00756631 0.0137797 0.0319467 0.0422025 0.0599573 0.0101952 0.0101297 -0.0113416 -0.0382946
internal_weight=335305 61029 6065 1147 54964 45840 22874 3762 3108 1971 1137 19112 2626 1286
internal_count=335305 61029 6065 1147 54964 45840 22874 3762 3108 1971 1137 19112 2626 1286
is_linear=0
shrinkage=0.04


Tree=133
num_leaves=15
num_cat=0
split_feature=32 35 34 29 34 20 33 30 32 30 3 29 16 33
split_gain=556.572 1029.1 1646.93 1063.56 835.437 1094.9 795.994 1094.68 888.201 913.011 822.634 966.262 790.998 771.419
threshold=0.56124643739550173 0.56259670658460836 75.500000000000014 -3.23992445054945 146.50000000000003 -0.10912420912420913 0.022147676106154434 1.4230963480963486 0.57272202707930309 2.0292242132867142 0.86038961038961048 0.38096590909090883 0.043717152412804598 0.058705786697816863
decision_type=8 2 10 8 8 8 10 8 10 10 2 10 10 10
left_child=-1 4 -3 -4 5 -2 7 12 -8 10 11 -10 -6 -7
right_child=1 2 3 -5 6 13 8 -9 9 -11 -12 -13 -14 -15
leaf_value=0.0004193070665962435 -0.014650448553659479 -0.084292857886903966 -0.064535758883225866 -0.006754566610623073 -0.043665102409507758 0.046375514421911984 0.011940288892196073 -0.070724105788512695 -0.04222688878965785 0.03168375800434798 0.016564243884681414 -0.0031482790407560504 0.0050033157225532329 -0.0050854149117529742
leaf_weight=312841 1175 539 527 4522 746 1639 4879 582 2226 651 909 1839 1599 631
leaf_count=312841 1175 539 527 4522 746 1639 4879 582 2226 651 909 1839 1599 631
internal_value=-1.77806e-05 -0.00609222 -0.0208882 -0.0133593 -0.00114573 0.0162856 -0.00566063 -0.0239182 -0.000483835 -0.0112705 -0.0171517 -0.0248009 -0.0110676 0.0322694
internal_weight=335305 22464 5588 5049 16876 3445 13431 2927 10504 5625 4974 4065 2345 2270
internal_count=335305 22464 5588 5049 16876 3445 13431 2927 10504 5625 4974 4065 2345 2270
is_linear=0
shrinkage=0.04


Tree=134
num_leaves=15
num_cat=0
split_feature=21 26 36 4 30 8 18 36 14 20 18 38 38 24
split_gain=548.756 929.532 853.1 868.98 1017.57 888.098 864.955 869.859 818.124 743.595 1032.79 891.585 798.602 735.614
threshold=0.34060846560846575 -0.12856086221470833 -0.0042953050683639301 9.5000000000000018 2.2600099206349209 0.093121797398502182 0.21474116161616166 -0.02009790449605264 0.065681622088006916 -0.1157407407407407 0.038095238095238106 0.09090821931616612 -0.18802581900567172 -0.1916666666666666
decision_type=10 8 2 2 10 10 8 2 10 8 10 10 8 8
left_child=1 -1 6 4 5 -4 7 -2 -7 -5 11 12 -11 -3
right_child=2 13 3 9 -6 8 -8 -9 -10 10 -12 -13 -14 -15
leaf_value=0.014033316129271459 -0.028074718394411401 -0.025610019547599078 0.010884102751152607 -0.010294462408086022 0.044755651008914897 -0.0018985178064559614 0.04026743420749216 0.0058720600737030525 -0.037860725923283968 -0.063368926398317524 0.0024511398992095486 -0.082510898512584543 -0.0083346701294247962 0.00025295608350115416
leaf_weight=7812 1406 1720 3021 5929 660 2337 904 7033 1743 649 921 746 1110 299314
leaf_count=7812 1406 1720 3021 5929 660 2337 904 7033 1743 649 921 746 1110 299314
internal_value=-1.83998e-05 0.000455578 -0.00554139 -0.0108369 -0.000923627 -0.00545252 0.00416588 8.4228e-05 -0.0175342 -0.0190125 -0.0337347 -0.0468265 -0.0298303 0.000100956
internal_weight=335305 308846 26459 17116 7761 7101 9343 8439 4080 9355 3426 2505 1759 301034
internal_count=335305 308846 26459 17116 7761 7101 9343 8439 4080 9355 3426 2505 1759 301034
is_linear=0
shrinkage=0.04


Tree=135
num_leaves=15
num_cat=0
split_feature=37 37 38 1 26 32 33 26 14 23 20 24 10 38
split_gain=532.266 621.292 768.831 953.521 1412.87 972.126 979.735 925.248 806.107 1129.24 837.999 1219.86 914.417 967.479
threshold=0.025239471702578762 0.0011518105772833952 0.48045022468036652 -0.39623259842009839 0.016362526362526362 0.59577669648383957 0.041976882100957985 0.039687049062049083 0.33105022831050229 -0.039370968537635186 -0.30489718614718614 0.046176817010150355 0.040270270270270282 0.037605197199439257
decision_type=10 10 10 8 8 8 10 10 8 8 10 8 10 10
left_child=1 2 3 4 -1 8 -7 -4 -5 -10 12 -12 -11 -14
right_child=-2 -3 7 5 -6 6 -8 -9 9 10 11 -13 13 -15
leaf_value=-0.00031807381504055175 0.025322051024026352 -0.0024683617298116331 -0.0061676265918673935 0.0018977736596133173 0.047259780578690569 -0.072713927942481965 -0.0080827750951809052 -0.053189634213313797 -0.058263897726105317 0.038184919702105746 -0.0073350254644801265 -0.058810223194317918 -0.03711327270569658 0.014805621711671173
leaf_weight=2259 1271 116953 3221 198013 1739 501 1224 801 670 1111 4368 841 881 1452
leaf_count=2259 1271 116953 3221 198013 1739 501 1224 801 670 1111 4368 841 881 1452
internal_value=-1.84954e-05 -0.000118692 0.00114748 0.0014762 0.0207049 0.00110362 -0.0283734 -0.0160704 0.00135564 -0.0101075 -0.00606547 -0.0161259 0.00916379 -0.00516761
internal_weight=335305 334034 217081 213059 3998 209061 1725 4022 207336 9323 8653 5209 3444 2333
internal_count=335305 334034 217081 213059 3998 209061 1725 4022 207336 9323 8653 5209 3444 2333
is_linear=0
shrinkage=0.04


Tree=136
num_leaves=15
num_cat=0
split_feature=2 21 20 32 4 6 14 3 36 8 30 29 6 33
split_gain=531.399 555.585 1080.55 849.262 653.045 1057.15 1837.98 1633.51 1606.96 1498.13 1034.16 1179.81 1292.68 1080.46
threshold=8.9833333333333361 -0.54460227272727257 -0.26655011655011646 0.50264959279933474 9.5000000000000018 8.5000000000000018 0.18063922356091033 0.30217391304347835 0.0014497852903509959 0.037268518518518527 1.0392013888888891 -7.5356033549783534 4.5000000000000009 0.0334565834615125
decision_type=10 8 8 10 2 10 10 2 2 10 8 10 8 8
left_child=1 2 -1 -4 10 -6 7 8 -7 -9 11 12 -3 -12
right_child=-2 4 3 -5 5 6 -8 9 -10 -11 13 -13 -14 -15
leaf_value=0.023426938319463231 0.019822104761781881 0.0030563768537106252 -0.010879250468993651 -0.070622705295893623 -0.000878103011578588 -0.064421179787004637 -0.055427672796356346 -0.038780682536817733 0.010619761675693631 0.021400685665042451 0.0047510327561820741 0.00011067151803449635 -0.080442971199702284 0.023691934731682282
leaf_weight=611 2096 568 877 654 194101 1155 1477 790 715 3094 40793 82389 563 5422
leaf_count=611 2096 568 877 654 194101 1155 1477 790 715 3094 40793 82389 563 5422
internal_value=-1.88112e-05 -0.000146573 -0.0202182 -0.0378263 -1.36762e-05 -0.00143964 -0.0164034 -0.00599508 -0.0361997 0.00882257 0.00219894 -0.000458287 -0.0401547 0.00699641
internal_weight=335305 333209 2142 1531 331067 201332 7231 5754 1870 3884 129735 83520 1131 46215
internal_count=335305 333209 2142 1531 331067 201332 7231 5754 1870 3884 129735 83520 1131 46215
is_linear=0
shrinkage=0.04


Tree=137
num_leaves=15
num_cat=0
split_feature=20 18 19 37 23 37 18 31 34 33 29 29 18 25
split_gain=536.171 819.079 798.56 1010.2 973.544 942.457 815.857 801.378 959.542 879.826 846.596 810.082 734.362 725.621
threshold=0.042592592592592605 -0.2030958679768203 0.10406295093795094 -0.010648121004587365 -0.039370968537635186 0.0029958932635871086 -0.15699168556311408 -0.91974476911976943 2021.5000000000002 -0.019318823264339865 -1.5226555735930736 -1.4025601481851482 0.16474867724867731 -0.084999999999999964
decision_type=10 10 10 8 8 8 10 10 10 10 10 10 10 10
left_child=12 -2 3 -3 -5 -4 -6 8 -8 -10 -11 -9 -1 -7
right_child=1 2 5 4 6 13 7 11 9 10 -12 -13 -14 -15
leaf_value=-0.00064008254889696677 -0.029230885416895936 0.032775520396011719 0.0059316497670554857 -0.01859950475012247 0.038978305709851065 -0.015053889203927561 -0.01564232188640606 0.052795704349955425 0.050805001097561961 0.025018957631892703 -0.027157022136672152 0.004007462317594932 -0.045126168698573318 0.034172687175524998
leaf_weight=278863 1144 1502 11815 4031 883 521 7405 509 654 929 962 21871 545 3671
leaf_count=278863 1144 1502 11815 4031 883 521 7405 509 654 929 962 21871 545 3671
internal_value=-1.93384e-05 0.00355501 0.00426608 0.00115615 -0.000161248 0.0117668 0.00210116 0.00103534 -0.00838361 0.012631 -0.00154011 0.0052323 -0.000734913 0.0279493
internal_weight=335305 55897 54753 38746 37244 16007 33213 32330 9950 2545 1891 22380 279408 4192
internal_count=335305 55897 54753 38746 37244 16007 33213 32330 9950 2545 1891 22380 279408 4192
is_linear=0
shrinkage=0.04


Tree=138
num_leaves=15
num_cat=0
split_feature=35 5 38 1 5 10 23 21 29 17 15 32 1 2
split_gain=523.661 1115.54 943.255 1401.38 1363.87 815.563 900.53 1097.17 795.383 720.081 786 819.326 812.384 659.466
threshold=0.42998168454919106 1077.5000000000002 0.30363286028400532 -0.39623259842009839 1655.0000000000002 0.26624472573839669 0.080267079856578924 0.020833333333333332 -1.1045005341880338 2.5000000000000004 1.0000000180025095e-35 0.51862707600606495 -0.16325171741838404 0.10000000000000007
decision_type=2 2 10 10 2 8 10 8 10 2 2 10 10 8
left_child=1 9 -3 4 -4 6 7 -5 -8 -1 11 -11 -12 -2
right_child=13 2 3 5 -6 -7 8 -9 -10 10 12 -13 -14 -15
leaf_value=0.054562268539021408 -0.014671257934410096 0.0049046469970861744 0.027697955796707818 0.0026536240943505528 -0.043614937354237542 -0.068561523815708569 0.045732899293146362 -0.050108944349814548 -0.019242710286268481 0.012025252820029255 0.057585613236447425 -0.036984551470633856 0.010879368469972421 -0.00033514596535247034
leaf_weight=790 5176 25661 1920 992 501 560 519 1658 598 2186 1002 672 1443 291627
leaf_count=790 5176 25661 1920 992 501 560 519 1658 598 2186 1002 672 1443 291627
internal_value=-1.801e-05 0.00436778 0.00140318 -0.0118502 0.0123566 -0.0253806 -0.0181473 -0.0306744 0.0116133 0.0199969 0.0143861 6.38305e-05 0.0307908 -0.000587585
internal_weight=335305 38502 32409 6748 2421 4327 3767 2650 1117 6093 5303 2858 2445 296803
internal_count=335305 38502 32409 6748 2421 4327 3767 2650 1117 6093 5303 2858 2445 296803
is_linear=0
shrinkage=0.04


Tree=139
num_leaves=15
num_cat=0
split_feature=1 0 19 30 25 18 19 38 23 12 29 30 14 32
split_gain=531.877 1163.72 1296.7 924.038 1089.44 1031.07 834.376 807.875 796.402 791.147 1228.31 783.674 752.506 807.166
threshold=-0.34448293989960649 0.14451659451659454 -0.19770141895141891 2.5894932844932845 -0.060265101410934725 -0.3779482091982091 0.11913179413179416 0.25424682921277314 0.064069127888572344 0.15170694284618338 -1.3242834595959596 3.0042261904761909 0.27305428384565084 0.54637952507787901
decision_type=8 10 8 10 8 8 8 10 8 10 8 10 10 8
left_child=1 2 -1 -2 8 -6 -7 11 -5 -3 -11 -8 13 -4
right_child=3 9 12 4 5 6 7 -9 -10 10 -12 -13 -14 -15
leaf_value=-0.036059992023987103 -7.6598484288983926e-06 0.035843710051633913 0.0030617976965257405 -0.0050551029468260825 0.024188205493498864 -0.028560103013799631 -0.016514189705658374 -0.017993874900408456 0.056895212875279565 -0.031522914091139019 0.025259078043303844 0.043049410864082857 0.023558684051897174 -0.03291582222582827
leaf_weight=1358 300745 2931 11977 718 920 5958 556 2566 556 889 1691 828 2574 1038
leaf_count=1358 300745 2931 11977 718 920 5958 556 2566 556 889 1691 828 2574 1038
internal_value=-1.73938e-05 0.0059216 0.000709381 -0.000444608 -0.0112584 -0.0153897 -0.0191676 -0.00482055 0.0231089 0.0217993 0.00546617 0.0193792 0.00401751 7.74456e-05
internal_weight=335305 22458 16947 312847 12102 10828 9908 3950 1274 5511 2580 1384 15589 13015
internal_count=335305 22458 16947 312847 12102 10828 9908 3950 1274 5511 2580 1384 15589 13015
is_linear=0
shrinkage=0.04


Tree=140
num_leaves=15
num_cat=0
split_feature=21 26 36 4 30 37 36 8 22 34 10 23 27 10
split_gain=520.781 864.732 789.349 790.529 933.843 871.614 752.601 745.598 708.7 1071.59 792.712 742.147 717.914 851.094
threshold=0.34060846560846575 -0.12856086221470833 -0.0042953050683639301 9.5000000000000018 2.2600099206349209 0.0014422364044926583 -0.02009790449605264 0.03468323977546111 2.5000000000000004 1858.5000000000002 0.10547710740265299 -0.008029634974079403 0.39431811244311232 0.052911534154535277
decision_type=10 8 2 2 10 8 2 10 2 10 10 10 10 10
left_child=1 8 6 4 5 7 -2 -4 9 10 -1 -12 13 -10
right_child=2 -3 3 -5 -6 -7 -8 -9 12 -11 11 -13 -14 -15
leaf_value=0.0114047997622122 -0.020503623958009906 0.00010325925956623475 0.038369178962133627 -0.01828841092700316 0.042726473009135103 -0.021367282122247238 0.0091445593218392636 -0.0024003796526216458 -0.0031157152799423781 0.037883640581464588 -0.063386582271999267 -0.0034370682348237214 0.0073747915253235298 0.051851774083402788
leaf_weight=981 1614 301034 875 9355 660 3046 7729 3180 590 766 663 627 2398 1787
leaf_count=981 1614 301034 875 9355 660 3046 7729 3180 590 766 663 627 2398 1787
internal_value=-1.64403e-05 0.000445298 -0.00539681 -0.0104906 -0.00103432 -0.00537195 0.00394097 0.00675719 0.0135412 -0.00157115 -0.0154085 -0.0354638 0.0230697 0.0384251
internal_weight=335305 308846 26459 17116 7761 7101 9343 4055 7812 3037 2271 1290 4775 2377
internal_count=335305 308846 26459 17116 7761 7101 9343 4055 7812 3037 2271 1290 4775 2377
is_linear=0
shrinkage=0.04


Tree=141
num_leaves=15
num_cat=0
split_feature=7 20 10 34 33 35 6 8 27 21 1 32 32 32
split_gain=514.397 843.462 698.206 1002.4 1162.91 977.052 919.593 1173.17 1078.8 1476.55 970.761 859.026 1879.08 885.977
threshold=1.5000000000000002 -0.29622507122507108 0.055867665418227221 933.50000000000011 -0.062920475458239797 0.3912839755176537 8.5000000000000018 0.17521929824561405 -3.4152976190476187 -0.090875790875790813 -1.0000000180025095e-35 0.44900548232354226 0.47363647952543753 0.56390692727765745
decision_type=2 8 10 10 10 2 10 10 10 8 8 10 10 10
left_child=2 -2 3 4 -1 -6 8 10 9 -5 -8 -10 -13 -14
right_child=1 -3 -4 6 5 -7 7 -9 11 -11 -12 12 13 -15
leaf_value=-0.054535979971006281 -0.0067620563256252696 0.0072128139518058366 0.00057457497576964304 -0.022876548128674776 0.028870959869602864 -0.0095955934930001281 -0.010346531501617927 0.020850215158693779 0.014666763449648679 0.038584696013902138 -0.077129278106617391 -0.022414198542660628 0.0026760024538079719 -0.028582492686583225
leaf_weight=844 8772 31933 216224 802 1050 28186 675 557 5028 2403 711 6462 30184 1474
leaf_count=844 8772 31933 216224 802 1050 28186 675 557 5028 2403 711 6462 30184 1474
internal_value=-1.53869e-05 0.0041966 -0.000597973 -0.00383111 -0.00955653 -0.00816715 -0.000258966 -0.0268643 0.000884006 0.0230898 -0.0460979 -0.000790243 -0.00284555 0.00117783
internal_weight=335305 40705 294600 78376 30080 29236 48296 1943 46353 3205 1386 43148 38120 31658
internal_count=335305 40705 294600 78376 30080 29236 48296 1943 46353 3205 1386 43148 38120 31658
is_linear=0
shrinkage=0.04


Tree=142
num_leaves=15
num_cat=0
split_feature=2 18 0 18 24 8 5 24 17 5 2 5 3 2
split_gain=512.05 768.792 1103.09 1262.6 1285.78 851.627 831.051 768.378 753.061 1645 1323.79 1276.04 1305.37 1112.62
threshold=5.3333333333333348 -0.29164036195286186 0.2757756132756134 -0.40877024210357543 -0.092471590909090878 0.1283882783882784 1445.0000000000002 -0.17496317340067333 2.5000000000000004 1099.5000000000002 4.0166666666666693 1922.5000000000002 0.54195804195804198 0.40000000000000091
decision_type=8 8 10 10 8 10 2 10 2 2 10 2 2 10
left_child=8 2 6 4 5 -4 -2 -7 9 -1 11 12 -11 -14
right_child=1 -3 3 -5 -6 7 -8 -9 -10 10 -12 -13 13 -15
leaf_value=0.018939915415997322 -0.017073151768073013 0.0045805609472666679 0.027875852887350124 -0.010713421071433532 0.0577902452912675 -0.05226923266375387 -0.072688824634992419 0.0075534832366098113 -0.00018504474180126157 -0.0034996488953920268 0.0073514218716317758 -0.066391560863472393 -0.075620968552206277 -0.021640511844067501
leaf_weight=3168 2042 64935 1193 6356 939 542 513 793 234407 8069 4463 756 639 6490
leaf_count=3168 2042 64935 1193 6356 939 542 513 793 234407 8069 4463 756 639 6490
internal_value=-1.548e-05 0.00283889 -0.00627958 -0.000141977 0.0191153 0.00390764 -0.0294207 -0.0177443 -0.00087124 -0.00767639 -0.0118425 -0.017218 -0.0145623 -0.026972
internal_weight=335305 77313 12378 9823 3467 2528 2555 1335 257992 23585 20417 15954 15198 7129
internal_count=335305 77313 12378 9823 3467 2528 2555 1335 257992 23585 20417 15954 15198 7129
is_linear=0
shrinkage=0.04


Tree=143
num_leaves=15
num_cat=0
split_feature=1 38 36 26 29 38 1 5 29 5 8 8 20 27
split_gain=517.756 1402.41 1146.14 1149.71 966.832 913.493 1484 1236.93 1034.19 1287.64 1919.31 1467.4 1283.63 2094.27
threshold=-0.30462458617220517 0.38163553819238211 -0.0049460909636047413 0.065972222222222265 -2.3825874819624819 0.2164085389424959 -0.25098461723461712 2195.0000000000005 -7.5356033549783534 2462.5000000000005 0.088365434669443008 0.13660287081339714 -0.18736471861471857 -8.6765558226495703
decision_type=8 8 2 10 8 10 8 2 8 2 10 10 8 10
left_child=1 -1 3 4 -3 6 -2 -7 12 -10 -11 -12 13 -8
right_child=5 2 -4 -5 -6 7 8 -9 9 10 11 -13 -14 -15
leaf_value=0.013148560616583777 0.024319038407123399 0.039089610002916698 -0.012756194039610312 -0.033393046442304918 0.0044480239102646871 -0.0052639435806817467 -0.0019214239752061678 -0.058943412142592883 -4.1167796194820503e-05 -0.020553747305326327 0.10222419106846403 0.023011634361732848 -0.0036235698667935108 -0.10567259306669426
leaf_weight=16076 4008 1789 9202 862 4363 38463 621 650 254006 804 578 1026 2279 578
leaf_count=16076 4008 1789 9202 862 4363 38463 621 650 254006 804 578 1026 2279 578
internal_value=-1.60296e-05 0.00479481 -0.00350177 0.00864389 0.0147557 -0.000529426 0.000316504 -0.00623013 -5.82648e-05 0.000237638 0.0290498 0.0537831 -0.0215677 -0.0541647
internal_weight=335305 32292 16216 7014 6152 303013 263900 39113 259892 256414 2408 1604 3478 1199
internal_count=335305 32292 16216 7014 6152 303013 263900 39113 259892 256414 2408 1604 3478 1199
is_linear=0
shrinkage=0.04


Tree=144
num_leaves=15
num_cat=0
split_feature=36 12 9 4 22 1 23 6 6 4 2 6 8 19
split_gain=500.618 930.262 980.11 730.665 935.035 872.084 793.044 972.77 829.657 747.137 714.549 1410.22 1119.59 1222.23
threshold=0.033956607451505423 0.43792808219178087 1.5000000000000002 11.500000000000002 1.5000000000000002 0.036462512355369521 -0.10878797899631233 2.5000000000000004 5.5000000000000009 8.5000000000000018 5.8333333333333348 2.5000000000000004 0.23845060412224592 0.11505506453423121
decision_type=2 10 2 2 2 10 10 10 8 2 8 10 10 10
left_child=10 2 3 4 5 9 7 -6 -8 -2 -1 12 13 -12
right_child=1 -3 -4 -5 6 -7 8 -9 -10 -11 11 -13 -14 -15
leaf_value=-0.00064003306547165688 -0.035380541656829724 -0.051885354476190582 0.03568346371910381 -0.039331007968893154 -0.032681117066720888 -0.06961060336753995 0.00063696971165116403 0.025837660852905148 0.05632719461306912 0.02529572221488521 0.01297427760244638 0.0016140066661616418 -0.03629963652833814 0.047498696737803013
leaf_weight=269812 680 716 774 1116 1136 504 899 691 769 538 5976 48943 506 2245
leaf_count=269812 680 716 774 1116 1136 504 899 691 769 538 5976 48943 506 2245
internal_value=-1.56027e-05 -0.00998308 -0.00542862 -0.0106934 -0.0042521 -0.0279448 0.00765088 -0.0104497 0.027204 -0.00863873 0.000223991 0.00426343 0.0190281 0.0226324
internal_weight=335305 7823 7107 6333 5217 1722 3495 1827 1668 1218 327482 57670 8727 8221
internal_count=335305 7823 7107 6333 5217 1722 3495 1827 1668 1218 327482 57670 8727 8221
is_linear=0
shrinkage=0.04


Tree=145
num_leaves=15
num_cat=0
split_feature=37 37 5 25 22 5 37 29 10 31 4 12 35 20
split_gain=496.288 580.379 776.12 691.63 1461.11 1154.21 1076.94 1053.86 1582.8 1002.3 1971.52 1143.51 1075.93 1002.03
threshold=0.025239471702578762 0.0011518105772833952 3075.0000000000005 0.03960905349794238 1.5000000000000002 1101.0000000000002 -0.00072879467237837797 -4.5916161616161606 0.085960591133004943 -6.1747775372775378 11.500000000000002 0.043717152412804598 0.53467290301039638 -0.21133658008658002
decision_type=10 10 2 10 2 2 8 8 10 8 2 10 2 10
left_child=1 3 -3 9 5 6 -5 8 -6 10 11 -1 13 -13
right_child=-2 2 -4 4 7 -7 -8 -9 -10 -11 -12 12 -14 -15
leaf_value=-0.0065265702500766562 0.024453790962899121 -0.0021560013301694047 -0.049322746470437759 -0.044140395568993573 0.014694293784028152 0.019708410598726904 0.01489297795160285 -0.0064220873314507843 -0.071739290840220904 0.0015202764028031744 -0.017591434429151447 0.046056222896935735 0.073711420913055492 -0.00097902434262700272
leaf_weight=1071 1271 116442 511 972 503 6017 921 26550 904 174278 1886 1685 1053 1241
leaf_count=1071 1271 116442 511 972 503 6017 921 26550 904 174278 1886 1685 1053 1241
internal_value=-1.53362e-05 -0.000112087 -0.00238308 0.00111168 -0.00395969 0.0111709 -0.0157748 -0.00825297 -0.0413956 0.00211625 0.0169731 0.0299277 0.039699 0.0264259
internal_weight=335305 334034 116953 217081 35867 7910 1893 27957 1407 181214 6936 5050 3979 2926
internal_count=335305 334034 116953 217081 35867 7910 1893 27957 1407 181214 6936 5050 3979 2926
is_linear=0
shrinkage=0.04


Tree=146
num_leaves=15
num_cat=0
split_feature=34 10 33 34 36 36 3 29 37 31 34 6 31 25
split_gain=494.575 781.734 1011.95 1007.27 968.17 978.178 1121.06 1287.57 1346.99 808.396 755.591 753.088 1042.44 914.36
threshold=2164.5000000000005 0.021858576206402299 0.056491570402586212 275.50000000000006 0.0089687848445030634 0.0094880267595563381 0.81534090909090928 1.2827963702963705 -0.00054052511683043479 5.7925029831279842 1691.5000000000002 5.5000000000000009 -5.8081630869130851 0.0057029577231597454
decision_type=10 10 8 10 2 2 2 10 10 10 10 10 10 10
left_child=1 2 4 -4 9 -6 10 8 -8 -1 -7 -2 -13 -14
right_child=11 -3 3 -5 5 6 7 -9 -10 -11 -12 12 13 -15
leaf_value=-0.0027892427630765199 0.0050938524016064203 0.00020675497003227867 -0.0789845854979703 -0.0055984379095146263 -0.066636408716308562 0.00010170656390933593 -0.094853521930124918 0.0049136591298436678 -0.017037021014118227 0.025304753453849149 -0.037502921820728001 -0.050402593513629051 0.0045476202737391603 -0.013988831396728041
leaf_weight=35550 57443 210306 540 624 516 6515 736 760 699 1668 934 697 11682 6635
leaf_count=35550 57443 210306 540 624 516 6515 736 760 699 1668 934 697 11682 6635
internal_value=-1.47457e-05 -0.000849727 -0.00542239 -0.0414944 -0.00449335 -0.0154052 -0.0123345 -0.0371205 -0.0587984 -0.00149789 -0.004832 0.00281082 -0.00408169 -0.00218667
internal_weight=335305 258848 48542 1164 47378 10160 9644 2195 1435 37218 7449 76457 19014 18317
internal_count=335305 258848 48542 1164 47378 10160 9644 2195 1435 37218 7449 76457 19014 18317
is_linear=0
shrinkage=0.04


Tree=147
num_leaves=15
num_cat=0
split_feature=1 4 2 38 25 6 4 8 19 36 26 8 6 35
split_gain=495.315 1243.36 1070.7 954.792 1118.88 1035.02 1075.61 1032.65 989.956 1095.94 1017.28 975.373 1013.06 856.085
threshold=-0.21177277641924103 15.500000000000002 0.36666666666666692 0.28265176016786336 0.069427077552077568 4.5000000000000009 12.500000000000002 0.06472559698366151 -0.23332570207570202 -0.01054988269343738 0.096899038461538509 1.0000000180025095e-35 7.5000000000000009 0.46672973686776931
decision_type=8 2 8 8 10 10 2 10 8 2 10 10 10 2
left_child=1 3 -2 4 -1 -5 8 -6 -7 13 11 12 -11 -10
right_child=2 -3 -4 5 7 6 -8 -9 9 10 -12 -13 -14 -15
leaf_value=0.0078896555899882637 -0.036579913630694467 -0.036428685524514406 -0.00057543016010401103 0.00537278370163466 0.079332460043776157 -0.053873290556943329 0.015261687354051088 0.017021882859645 -0.048477598576774743 -0.012443433977583811 0.049100962377707578 0.0031309415981686079 -0.073145403497968997 -0.0050367025017464722
leaf_weight=19952 1278 1192 271726 24301 639 828 2592 1212 1710 1913 523 5649 533 1257
leaf_count=19952 1278 1192 271726 24301 639 828 2592 1212 1710 1913 523 5649 533 1257
internal_value=-1.61098e-05 0.00320065 -0.000750644 0.00400282 0.0107057 0.000275882 -0.00796912 0.0400535 -0.0128618 -0.0097117 -0.00243333 -0.00604383 -0.0268711 -0.0304619
internal_weight=335305 62301 273004 61109 21803 39306 15005 1851 12413 11585 8618 8095 2446 2967
internal_count=335305 62301 273004 61109 21803 39306 15005 1851 12413 11585 8618 8095 2446 2967
is_linear=0
shrinkage=0.04


Tree=148
num_leaves=15
num_cat=0
split_feature=20 2 21 31 5 25 5 1 38 19 34 33 5 23
split_gain=492.749 719.751 696.106 1046.31 806.386 646.733 1022.2 1136.14 1081 1022.38 932.33 1870.31 1278.72 2348.62
threshold=0.042592592592592605 7.0583333333333362 -0.39130892255892252 -2.7766269841269833 2462.5000000000005 -0.024304052429052415 1282.0000000000002 0.074247698032420276 0.2502003415706418 0.49198717948717957 41.500000000000007 -0.024609904977122312 2509.0000000000005 -0.032343428497942382
decision_type=10 10 10 10 2 8 2 10 10 10 10 10 2 10
left_child=5 2 3 -2 -4 6 7 -1 9 -8 11 -7 -12 -14
right_child=1 -3 4 -5 -6 10 8 -9 -10 -11 12 -13 13 -15
leaf_value=0.014560598770651531 -0.063951694759229821 0.025090052479333873 0.0029396203975299608 -0.0039113616613813632 0.048738648778554147 -0.050319637980338998 0.0024388696742554594 -0.0026330823893983401 -0.019023261196406609 -0.043711779626240982 -0.0013675758035157266 -0.0057792991900163602 0.098931376002599145 -0.0087636107322640062
leaf_weight=17947 550 2298 50388 2088 573 1751 28892 9320 4873 739 205237 9398 524 727
leaf_count=17947 550 2298 50388 2088 573 1751 28892 9320 4873 739 205237 9398 524 727
internal_value=-1.59988e-05 0.00341056 0.00245856 -0.017386 0.00350185 -0.000701987 0.00290873 0.00868965 -0.00166563 0.00121617 -0.00172724 -0.012968 -0.00111732 0.0384145
internal_weight=335305 55897 53599 2638 50961 279408 61771 27267 34504 29631 217637 11149 206488 1251
internal_count=335305 55897 53599 2638 50961 279408 61771 27267 34504 29631 217637 11149 206488 1251
is_linear=0
shrinkage=0.04


Tree=149
num_leaves=15
num_cat=0
split_feature=1 36 0 29 14 22 23 22 23 36 35 35 21 6
split_gain=494.443 976.266 695.052 1139.84 631.331 861.782 734.646 929.334 710.014 707.345 1481.91 4305.36 1185.33 663.05
threshold=-0.41346449846449845 0.017173520316346003 0.14451659451659454 0.77334769397269432 0.2573593073593074 7.5000000000000009 -0.04033558070016402 2.5000000000000004 -0.024982488050669858 0.04746208329526768 0.53605461015060052 0.56750087141714178 0.10724275724275728 3.5000000000000004
decision_type=8 2 10 10 8 2 8 2 8 2 2 2 8 10
left_child=1 2 3 -1 9 6 7 -6 -8 -2 12 -12 -11 -10
right_child=4 -3 -4 -5 5 -7 8 -9 13 10 11 -13 -14 -15
leaf_value=0.014653911423840222 0.00040389652611717662 -0.042950735026248944 0.042251953663678385 -0.02318029376339072 0.0026590521103859724 -0.053033782857617895 0.029273405152674459 -0.05192605565724371 0.010149108400211212 -0.0077353215213479664 0.089769331991856549 -0.065597982844822711 -0.080786651113812988 -0.0079290325730186125
leaf_weight=6965 297646 505 1011 1510 874 568 985 1099 3924 675 537 507 729 17770
leaf_count=6965 297646 505 1011 1510 874 568 985 1099 3924 675 537 507 729 17770
internal_value=-1.53992e-05 0.00872698 0.0116889 0.00781653 -0.000285194 -0.00635717 -0.00517654 -0.0282778 -0.00310902 0.000226071 -0.0209705 0.0147683 -0.0471396 -0.00464325
internal_weight=335305 9991 9486 8475 325314 25220 24652 1973 22679 300094 2448 1044 1404 21694
internal_count=335305 9991 9486 8475 325314 25220 24652 1973 22679 300094 2448 1044 1404 21694
is_linear=0
shrinkage=0.04


Tree=150
num_leaves=15
num_cat=0
split_feature=4 34 33 35 38 1 28 1 5 1 5 33 31 6
split_gain=493.506 1098 939.153 865.844 773.711 794.277 1178.81 1286.83 944.63 1505.97 1476.73 849.105 787.028 771.263
threshold=8.5000000000000018 4.5000000000000009 0.065164223527897816 0.43767310202327037 -0.4343250993571553 -0.27390675402039033 3.7458369408369414 0.12122125581217548 2102.5000000000005 -0.10180819892358355 2207.0000000000005 -0.051142052798458799 -6.1747775372775378 9.5000000000000018
decision_type=2 10 8 2 8 10 8 10 2 10 2 10 8 10
left_child=2 -2 3 -1 -5 11 8 -8 -7 -10 -11 -6 -13 -3
right_child=1 13 -4 4 5 6 7 -9 9 10 -12 12 -14 -15
leaf_value=0.012106025535616747 -0.030974867641423178 -0.00038562068927129253 0.039875539344231957 0.02698425020388847 0.054814298841947329 -0.0021807971592152915 0.064843284846057558 -0.014251274643531929 -0.085935190731683112 -0.048302440110792828 0.022918650114676444 0.037651962904955254 0.0032055116038051906 -0.018332103335900178
leaf_weight=11935 1877 246528 1021 1668 551 50772 795 514 503 812 968 1112 12407 3842
leaf_count=11935 1877 246528 1021 1668 551 50772 795 514 503 812 968 1112 12407 3842
internal_value=-1.56419e-05 -0.000896256 0.00265771 0.00217051 0.000471543 -0.000193903 -0.00238735 0.0344039 -0.00332662 -0.0282159 -0.010003 0.00825963 0.00616719 -0.00066462
internal_weight=335305 252247 83058 82037 70102 68434 54364 1309 53055 2283 1780 14070 13519 250370
internal_count=335305 252247 83058 82037 70102 68434 54364 1309 53055 2283 1780 14070 13519 250370
is_linear=0
shrinkage=0.04


Tree=151
num_leaves=15
num_cat=0
split_feature=21 18 25 25 22 6 14 29 1 19 6 19 18 18
split_gain=486.625 996.127 654.404 552.552 957.754 1639.39 1253.88 741.438 833.626 704.381 1718.41 1611.82 1186.22 969.351
threshold=-0.54460227272727257 0.095238095238095163 -0.041916853722409268 -0.096305231548287087 1.5000000000000002 2.5000000000000004 0.018350168350168353 -4.7731157731157721 -0.0050407347282346851 0.26930400948258099 5.5000000000000009 0.32402777777777786 -0.083333333333333259 -0.25149110149110143
decision_type=8 8 10 8 2 10 10 10 10 10 10 10 8 8
left_child=1 2 -1 4 -2 6 -6 -7 -9 -5 -11 12 -12 -13
right_child=3 -3 -4 9 5 7 -8 8 -10 10 11 13 -14 -15
leaf_value=0.034806839720123085 -0.0068553865989655913 -0.052983919251067879 -0.01978734139542028 0.00025492732440874168 0.00097198183114609023 -0.029085400805817646 0.073269131733192078 0.02336014563782254 -0.0014612827413566102 -0.001590716260340309 -0.080265306707748466 -0.037429014363118455 -0.011133207005416135 0.012036682782729843
leaf_weight=539 5183 791 821 294933 573 774 1121 4181 4422 17640 1198 1033 609 1487
leaf_count=539 5183 791 821 294933 573 774 1121 4181 4422 17640 1198 1033 609 1487
internal_value=-1.46462e-05 -0.018761 0.00231663 0.000109186 0.00729054 0.0139141 0.0495434 0.00724892 0.010667 -0.000260242 -0.00716187 -0.0295963 -0.0578933 -0.00857402
internal_weight=335305 2151 1360 333154 16254 11071 1694 9377 8603 316900 21967 4327 1807 2520
internal_count=335305 2151 1360 333154 16254 11071 1694 9377 8603 316900 21967 4327 1807 2520
is_linear=0
shrinkage=0.04


Tree=152
num_leaves=15
num_cat=0
split_feature=28 12 29 2 29 24 6 37 36 37 19 37 5 12
split_gain=478.51 654.514 648.119 796.74 600.913 1013.91 564.802 563.706 695.803 555.856 599.611 532.995 1166.98 855.638
threshold=2.8605986952861957 0.56787469287469305 4.8985709776334785 6.1833333333333362 6.360037202380953 -0.011572902806669024 5.5000000000000009 0.00013339367815715198 0.0088072203551778309 0.025239471702578762 -0.00085342897842895671 0.0011518105772833952 2625.0000000000005 0.86754385964912295
decision_type=10 10 10 8 10 8 10 10 2 10 10 10 2 10
left_child=2 4 9 -4 6 -6 7 -2 -9 11 -11 -1 13 -13
right_child=1 -3 3 -5 5 -7 -8 8 -10 10 -12 12 -14 -15
leaf_value=0.00091617502117652741 0.012637585902325959 0.028631216967011552 -0.03977379692661407 0.010310026311500946 0.015038139165362632 -0.040664010956902599 0.02425349692988419 0.0017775395109879445 -0.037499644855978828 -0.0036720087022990042 0.051654785697876709 -0.0019221224028179162 -0.058531222752975051 -0.044431296115348101
leaf_weight=206996 3880 1920 1372 764 911 1116 2447 2532 957 567 634 109954 542 713
leaf_count=206996 3880 1920 1372 764 911 1116 2447 2532 957 567 634 109954 542 713
internal_value=-1.46323e-05 0.0072754 -0.000327751 -0.0220338 0.00370736 -0.0158703 0.00781007 0.0022231 -0.00937342 -0.000179167 0.0264318 -0.000283742 -0.00251658 -0.00221594
internal_weight=335305 13763 321542 2136 11843 2027 9816 7369 3489 319406 1201 318205 111209 110667
internal_count=335305 13763 321542 2136 11843 2027 9816 7369 3489 319406 1201 318205 111209 110667
is_linear=0
shrinkage=0.04


Tree=153
num_leaves=15
num_cat=0
split_feature=2 9 16 5 35 5 23 34 29 12 3 23 21 38
split_gain=474.972 521.174 785.259 856.773 828.928 767.506 2006.14 1158.59 1292.27 1216.12 1074.93 954.199 859.219 741.095
threshold=9.141666666666671 1.0000000180025095e-35 0.18441295546558709 2218.5000000000005 0.57403525764695751 2252.5000000000005 0.017746640284519073 91.500000000000014 -3.746423992673992 0.41223155929038285 0.58114035087719318 0.16644818815729309 0.049381868131868172 0.18464234404051491
decision_type=10 2 8 2 2 2 8 10 10 10 2 10 8 8
left_child=1 -1 5 4 13 7 -7 8 10 -10 12 -9 -3 -4
right_child=-2 2 3 -5 -6 6 -8 11 9 -11 -12 -13 -14 -15
leaf_value=-0.0016041339794243459 0.020263612274753418 0.024335611286512338 0.0019347132623841476 0.040146239598404493 -0.021806449452810659 0.009151057425179597 -0.070385676018735993 0.0022257958159698659 0.014859722538370772 -0.036773390630517259 0.011522603601731716 0.044257313280554336 0.093744827099473294 -0.0094727852183738148
leaf_weight=177990 1788 517 26684 678 3623 1352 753 98859 5936 783 1000 822 743 13777
leaf_count=177990 1788 517 26684 678 3623 1352 753 98859 5936 783 1000 822 743 13777
internal_value=-1.45316e-05 -0.000126265 0.00156503 -0.00290382 -0.00361066 0.00337146 -0.0202737 0.00383864 0.0175606 0.00861546 0.0433925 0.00259442 0.0672809 -0.00195645
internal_weight=335305 333517 155527 44762 44084 110765 2105 108660 8979 6719 2260 99681 1260 40461
internal_count=335305 333517 155527 44762 44084 110765 2105 108660 8979 6719 2260 99681 1260 40461
is_linear=0
shrinkage=0.04


Tree=154
num_leaves=15
num_cat=0
split_feature=7 27 20 29 19 18 18 8 6 26 19 1 20 34
split_gain=472.319 774.466 830.224 730.681 845.039 662.314 766.14 673.893 615.054 1426.04 1341.08 1926.82 1143.57 1081.96
threshold=1.5000000000000002 -5.5534956709956704 -0.29622507122507108 -1.2866098484848481 -0.094034090909090887 -0.33333333333333331 -0.29900793650793639 0.27326839826839833 2.5000000000000004 0.01988636363636364 -0.26774691358024688 -0.071779455112788423 -0.44433760683760676 311.50000000000006
decision_type=2 8 8 8 8 10 10 10 10 8 8 10 8 10
left_child=8 -2 5 4 -4 -3 7 -7 9 13 11 -11 -12 -1
right_child=1 2 3 -5 -6 6 -8 -9 -10 10 12 -13 -14 -15
leaf_value=0.023277854917105881 -0.043055510396083845 0.005200698773294825 0.062541476851568648 0.0053775391764021912 0.014632075204758415 -0.012043620281270293 -0.0075698628735266192 -0.076780786843183527 -0.0012210152056910792 -0.00097410026980762458 -0.040092141461441591 -0.10005613408976018 0.0024755851009563533 0.0035881644243105481
leaf_weight=7789 502 4173 689 27652 3177 516 3485 511 261584 729 1048 503 12520 10427
leaf_count=7789 502 4173 689 27652 3177 516 3485 511 261584 729 1048 503 12520 10427
internal_value=-1.32204e-05 0.00402282 0.00466342 0.0076788 0.02386 -0.00626075 -0.0168019 -0.0463238 -0.00057147 0.0045689 -0.00464599 -0.0437518 -0.000947501 0.012048
internal_weight=335305 40705 40203 31518 3866 8685 4512 1027 294600 33016 14800 1232 13568 18216
internal_count=335305 40705 40203 31518 3866 8685 4512 1027 294600 33016 14800 1232 13568 18216
is_linear=0
shrinkage=0.04


Tree=155
num_leaves=15
num_cat=0
split_feature=32 35 34 36 29 33 18 6 33 16 37 5 26 4
split_gain=476.395 916.801 1520.56 1091.83 984.324 877.616 1004.67 768.069 764.537 761.655 882.654 1006.29 801.735 794.298
threshold=0.56124643739550173 0.56259670658460836 75.500000000000014 0.030675921885477003 -3.23992445054945 0.022147676106154434 -0.30098104056437386 3.5000000000000004 0.030193851963180873 0.08842144452717797 0.0019614089770756573 2462.5000000000005 -0.11994949494949493 15.500000000000002
decision_type=8 2 10 2 8 10 8 10 10 10 10 2 8 2
left_child=8 3 -3 5 -4 6 -2 -7 9 -1 11 12 -11 -12
right_child=1 2 4 -5 -6 7 -8 -9 -10 10 13 -13 -14 -15
leaf_value=0.0019255729275220791 -0.063895262514188852 -0.080515108022503626 -0.061598579890290002 -0.044609836214468228 -0.0060220228032244272 0.021355227482463074 -0.0065666601372651821 -0.00015254735319680882 0.0069287496206133659 0.01478551214292261 -0.0063676620453584415 0.042293511208064356 -0.0014166427271521387 -0.04629103963593581
leaf_weight=138461 539 539 527 820 4522 3758 2975 8784 26169 5085 40537 831 100993 765
leaf_count=138461 539 539 527 820 4522 3758 2975 8784 26169 5085 40537 831 100993 765
internal_value=-1.36739e-05 -0.00563358 -0.0195989 -0.000965137 -0.0123701 0.00139542 -0.0161331 0.0063511 0.000390707 -0.000207225 -0.0021997 -0.000280085 -0.000633369 -0.0071622
internal_weight=335305 22464 5588 16876 5049 16056 3514 12542 312841 286672 148211 106909 106078 41302
internal_count=335305 22464 5588 16876 5049 16056 3514 12542 312841 286672 148211 106909 106078 41302
is_linear=0
shrinkage=0.04


Tree=156
num_leaves=15
num_cat=0
split_feature=21 26 32 31 17 31 5 32 29 37 27 35 37 16
split_gain=479.757 738.964 736.146 1060.28 1587.06 1087 787.707 1309.53 1010.37 1034.53 1006.92 1081.28 979.186 714.571
threshold=0.34060846560846575 -0.12856086221470833 0.52327857016578994 -2.999707584082584 4.5000000000000009 -1.511513486513486 1762.5000000000002 0.45990687263208913 0.33373917748917775 0.0022533703671499578 -0.21833333333333346 0.48401423210094896 -0.0040614456746001703 0.2487113402061856
decision_type=10 8 8 8 2 8 2 10 10 8 10 2 8 10
left_child=1 -1 6 4 -4 -5 8 -8 12 13 -9 -12 -2 -10
right_child=2 -3 3 5 -6 -7 7 10 9 -11 11 -13 -14 -15
leaf_value=0.012534848739350629 -0.029702163870269738 0.00011248740987226698 -0.031010927773313598 -0.066960916024273828 0.061747768740088783 -0.016210531759596022 0.066816483488874243 -0.037986490688443099 -0.012131714447990188 -0.039268693738376916 -0.018839118129697189 0.048808072655444193 0.01035132600461351 0.024025161931491047
leaf_weight=7812 1073 301034 510 744 583 4979 629 623 5397 1971 614 853 7489 994
leaf_count=7812 1073 301034 510 744 583 4979 629 623 5397 1971 614 853 7489 994
internal_value=-1.44995e-05 0.000428679 -0.0051786 -0.0164535 0.0190028 -0.023331 -0.00123445 0.0185511 -0.00445847 -0.0143083 0.00280355 0.0208072 0.00518847 -0.00636534
internal_weight=335305 308846 26459 6816 1093 5723 19643 2719 16924 8362 2090 1467 8562 6391
internal_count=335305 308846 26459 6816 1093 5723 19643 2719 16924 8362 2090 1467 8562 6391
is_linear=0
shrinkage=0.04


Tree=157
num_leaves=15
num_cat=0
split_feature=10 16 21 2 20 10 33 24 5 14 34 34 35 1
split_gain=472.059 1054.76 1052.23 887.881 1181.65 1345.26 1277.81 1251.15 2216.45 1059.51 1116.25 917.843 896.949 889.969
threshold=0.2009615384615385 0.18724593495934963 -0.54460227272727257 7.1166666666666689 -0.092592592592592615 1.0000000180025095e-35 0.017160231176594952 -0.038959686147186125 1609.5000000000002 0.13172353961827649 11.500000000000002 26.500000000000004 0.52562622867291908 -0.0099202495035828047
decision_type=10 10 8 8 10 10 10 10 2 10 10 10 2 8
left_child=2 -2 -1 -4 5 6 11 9 -9 10 -7 -5 -11 -6
right_child=1 -3 3 4 13 7 -8 8 -10 12 -12 -13 -14 -15
leaf_value=-0.031977064490255599 0.0066749116895256392 -0.0029638002978999295 -0.001476834228464097 -0.048144735104437598 0.067240260254474327 -0.017167002862982044 -0.04802147816749442 0.0063747868225965468 -0.092683610140345998 0.0066149061926172792 0.017828274904267701 0.0062518079916220014 -0.035101196416323643 0.015918910565354872
leaf_weight=1673 44819 30483 227544 553 553 1602 1444 1037 500 1927 12991 2761 1375 6043
leaf_count=1673 44819 30483 227544 553 553 1602 1444 1037 500 1927 12991 2761 1375 6043
internal_value=-1.40848e-05 0.00277369 -0.000821857 -0.00061394 0.0057559 0.00164806 -0.0173048 0.00632125 -0.0277546 0.0093172 0.013941 -0.0034059 -0.0110207 0.0206951
internal_weight=335305 75302 260003 258330 30786 24190 4758 19432 1537 17895 14593 3314 3302 6596
internal_count=335305 75302 260003 258330 30786 24190 4758 19432 1537 17895 14593 3314 3302 6596
is_linear=0
shrinkage=0.04


Tree=158
num_leaves=15
num_cat=0
split_feature=1 38 2 25 35 33 27 37 2 1 0 4 28 28
split_gain=472.884 1233.73 1064.71 958.507 1128.13 1104.62 1094.34 1076.1 1297.09 1323.42 1671.23 1154.38 1074.68 1253.84
threshold=-0.24363914854986282 0.33562274220726906 2.2833333333333337 -0.061871843434343432 0.57609054195221276 0.0287458029577238 -2.1154123654123658 -0.0028405112101695241 0.266666666666667 -0.050862953918509445 0.33333333333333331 13.500000000000002 -2.2289835858585856 0.01708867521367528
decision_type=8 8 8 8 2 10 10 10 10 10 10 2 10 10
left_child=1 -1 3 6 5 7 -2 -5 -9 10 11 -10 -11 -14
right_child=2 -3 -4 4 -6 -7 -8 8 9 12 -12 -13 13 -15
leaf_value=0.010301293992958963 0.040557842340286969 -0.0021761462651120151 0.00056884283523284671 -0.023641362340837059 -0.030984201931954409 0.01001663017082584 0.00019131142112089765 -0.056982035281102593 -0.0029783044335319341 0.025225117966980383 0.016956215986464566 -0.042065343002039117 -0.035560320825770292 -0.0067524228658814448
leaf_weight=23309 1345 27701 227773 6092 2993 6082 4680 716 15534 882 7183 1262 4409 5344
leaf_count=23309 1345 27701 227773 6092 2993 6082 4680 716 15534 882 7183 1262 4409 5344
internal_value=-1.44197e-05 0.00352992 -0.000650876 -0.00556227 -0.00736249 -0.00584319 0.00946224 -0.00818116 -0.00548569 -0.00433982 0.000875637 -0.00603132 -0.0160483 -0.0198904
internal_weight=335305 51010 284295 56522 50497 47504 6025 41422 35330 34614 23979 16796 10635 9753
internal_count=335305 51010 284295 56522 50497 47504 6025 41422 35330 34614 23979 16796 10635 9753
is_linear=0
shrinkage=0.04


Tree=159
num_leaves=15
num_cat=0
split_feature=34 35 14 1 36 9 0 6 30 4 26 35 12 21
split_gain=471.57 688.268 934.939 754.437 746.754 687.028 1142.65 1116.4 1081.49 910.082 1213.4 1063.58 1190.15 1067.96
threshold=2164.5000000000005 0.38455540782487529 0.038218111002921142 0.16700136834065407 -0.013501141998590973 1.5000000000000002 0.41670274170274191 3.5000000000000004 -1.6478124999999999 8.5000000000000018 0.17088675213675217 0.45810659187793473 0.34503284072249596 0.41687710437710446
decision_type=10 2 10 8 2 2 10 10 8 2 10 2 10 10
left_child=1 2 3 -1 -4 9 7 -7 -8 -3 -11 -12 13 -13
right_child=-2 5 4 -5 -6 6 8 -9 -10 10 11 12 -14 -15
leaf_value=-0.017559853864692297 0.0027446444819008309 0.0023134759415314376 -0.0040134192220320853 0.033118672390543932 0.03113588528677437 0.015897927398939214 -0.011571443429029091 -0.0095696576795639265 0.015172303177604929 -0.0031034296511802261 0.016745476399462063 -0.087995384230255616 0.0088310908149021351 -0.019757479092556186
leaf_weight=2255 76457 57279 1315 542 3498 3514 2836 12089 15238 157642 576 889 513 662
leaf_count=2255 76457 57279 1315 542 3498 3514 2836 12089 15238 157642 576 889 513 662
internal_value=-1.44234e-05 -0.000829753 0.0109821 -0.00733025 0.0215899 -0.00118965 0.0041229 -0.00380156 0.0109556 -0.00201275 -0.00355903 -0.0302009 -0.0433884 -0.0603966
internal_weight=335305 258848 7610 2797 4813 251238 33677 15603 18074 217561 160282 2640 2064 1551
internal_count=335305 258848 7610 2797 4813 251238 33677 15603 18074 217561 160282 2640 2064 1551
is_linear=0
shrinkage=0.04


Tree=160
num_leaves=15
num_cat=0
split_feature=1 0 19 30 25 16 38 19 18 24 12 28 23 6
split_gain=468.071 962.16 1153.21 822.844 955.173 991.556 803.359 989.041 798.651 813.766 738.775 1150.29 728.256 703.842
threshold=-0.34448293989960649 0.14451659451659454 -0.19770141895141891 2.5894932844932845 -0.060265101410934725 0.15821566110397947 0.42333428156666336 0.10763888888888891 -0.027777777777777759 0.019711984444127324 0.15170694284618338 -1.4506425865800867 0.064069127888572344 5.5000000000000009
decision_type=8 10 8 10 8 10 10 8 10 8 10 8 8 8
left_child=1 2 13 -2 12 6 7 -6 9 -7 -3 -12 -5 -1
right_child=3 10 -4 4 5 8 -8 -9 -10 -11 11 -13 -14 -15
leaf_value=-0.0092277350854386118 -2.4540509663112725e-06 0.033563453012382873 0.0039367558901556915 -0.005338458082793901 -0.013659351123527374 0.020598999083673547 -0.034814101814605196 0.018493681683045951 -0.070494628427813288 -0.032693501332445564 -0.045610926180591489 0.017961883022049506 0.053874029339515531 -0.067225309762661736
leaf_weight=818 300745 2931 15589 718 3616 540 1251 2578 658 2185 532 2048 556 540
leaf_count=818 300745 2931 15589 718 3616 540 1251 2578 658 2185 532 2048 556 540
internal_value=-1.40111e-05 0.00555738 0.000817457 -0.000414782 -0.0106193 -0.0144874 -0.00623975 -0.000236032 -0.0322828 -0.0219519 0.0199948 0.00423516 0.0215617 -0.0338584
internal_weight=335305 22458 16947 312847 12102 10828 7445 6194 3383 2725 5511 2580 1274 1358
internal_count=335305 22458 16947 312847 12102 10828 7445 6194 3383 2725 5511 2580 1274 1358
is_linear=0
shrinkage=0.04


Tree=161
num_leaves=15
num_cat=0
split_feature=32 33 32 33 28 28 4 0 37 6 33 36 30 21
split_gain=461.113 659.885 1417.57 1289.99 1171.46 783.503 754.916 960.033 1841.73 874.335 627.059 623.096 673.411 617.91
threshold=0.36403728807864855 -0.037760979189056833 0.45840305614638494 -0.058155009957824279 -2.3703715728715724 -1.3140647546897544 9.5000000000000018 0.3421522921522922 -0.0038643919306106697 4.5000000000000009 -0.04697211897994099 -0.012544767042477112 2.6907368326118331 0.1502314814814816
decision_type=8 10 8 10 8 10 2 10 10 10 10 2 8 8
left_child=-1 2 6 -4 -5 -6 7 11 10 -10 -9 -2 -13 -7
right_child=1 -3 3 4 5 13 -8 8 9 -11 -12 12 -14 -15
leaf_value=0.016400490921130096 0.065126195288220334 0.0003038385422529948 -0.074077266912946166 -0.071626043730359829 0.026412725004879758 -0.003355649093409564 -0.0084942571828131429 0.044483390659050333 -0.01216764509859178 -0.072546139690951486 -0.0021154582926627592 0.032906840660250916 -0.011849011904008298 -0.035588996906278168
leaf_weight=2666 514 312557 670 503 750 2248 8019 977 1111 558 832 1491 794 1615
leaf_count=2666 514 312557 670 503 750 2248 8019 977 1111 558 832 1491 794 1615
internal_value=-1.42298e-05 -0.000148234 -0.00716758 -0.0237803 -0.0165401 -0.00982989 -0.000384511 0.00996111 -0.00408619 -0.0338771 0.0235711 0.0271815 0.0174342 -0.017114
internal_weight=335305 332639 20082 5786 5116 4613 14296 6277 3478 1669 1809 2799 2285 3863
internal_count=335305 332639 20082 5786 5116 4613 14296 6277 3478 1669 1809 2799 2285 3863
is_linear=0
shrinkage=0.04


Tree=162
num_leaves=15
num_cat=0
split_feature=20 18 3 35 18 28 3 1 5 30 29 5 18 12
split_gain=450.316 759.206 775.861 718.29 717.184 1030.98 964.112 961.539 1265.52 2551.98 1279 1069.82 1067.68 1010.69
threshold=0.042592592592592605 -0.2030958679768203 0.20526315789473687 0.59576697045232552 -0.049999999999999996 3.0751865842490846 0.36602870813397131 -0.066371974452782548 902.50000000000011 -0.49083468614718595 -7.5356033549783534 2455.0000000000005 -0.17530035550868883 0.045715778474399171
decision_type=10 10 2 2 10 8 2 8 2 8 8 2 8 10
left_child=4 -2 3 -3 7 6 -6 11 9 -9 12 13 -10 -1
right_child=1 2 -4 -5 5 -7 -8 8 10 -11 -12 -13 -14 -15
leaf_value=-0.0042797314664591718 -0.028302632634336102 -0.0022827836234592699 0.0066359570692544421 -0.044209302779341091 -0.016140978092127438 0.024271558290765115 -0.0022119782832545885 -0.1007599230779727 -0.064553361485804969 -0.0086915752147468401 -0.00086443137739454111 -0.042073065959734882 -0.0062930484154886225 0.0060905715785007884
leaf_weight=19180 1144 12619 41494 640 12803 1667 20896 558 874 2375 150100 770 1132 69053
leaf_count=19180 1144 12619 41494 640 12803 1667 20896 558 874 2375 150100 770 1132 69053
internal_value=-1.42939e-05 0.00326141 0.00394612 -0.00446502 -0.000670081 -0.00598932 -0.00751999 0.000101841 -0.00180038 -0.0276028 -0.00129394 0.00341457 -0.0326292 0.00383514
internal_weight=335305 55897 54753 13259 279408 35366 33699 244042 155039 2933 152106 89003 2006 88233
internal_count=335305 55897 54753 13259 279408 35366 33699 244042 155039 2933 152106 89003 2006 88233
is_linear=0
shrinkage=0.04


Tree=163
num_leaves=15
num_cat=0
split_feature=8 30 19 35 23 19 32 4 5 25 18 3 31 2
split_gain=457.503 825.896 795.276 988.471 663.317 730.926 650.295 631.803 1429.15 1161.9 1340.19 1474.19 1194.9 1155.41
threshold=0.2085622710622711 2.8010751748251757 0.34365830928330932 0.50458471239670832 -0.0037037037037037069 -0.31235119047619037 0.36403728807864855 9.5000000000000018 2740.5000000000005 -0.064793287895966459 -0.38329811722668861 1.0000000180025095e-35 -0.88024995837495801 0.46666666666666673
decision_type=10 8 10 2 10 8 8 2 2 8 8 2 10 10
left_child=6 2 4 -4 5 -2 -1 -8 9 -9 -11 12 -12 -13
right_child=1 -3 3 -5 -6 -7 7 8 -10 10 11 13 -14 -15
leaf_value=0.020984115337752667 -0.03150228952630714 -0.01871023782964976 0.0051345412890602985 -0.040765425731742022 0.0091188398659408886 0.0020147152115239141 0.0014394228799655402 0.0087649360138848647 -0.061591098608864921 0.011227349899405185 -0.036468180214366583 -0.014498674936775898 -0.0076509417999148892 -0.0019261690084318153
leaf_weight=2126 1021 2701 1573 1369 28755 37217 104137 13716 604 9308 3891 13037 5621 110229
leaf_count=2126 1021 2701 1573 1369 28755 37217 104137 13716 604 9308 3891 13037 5621 110229
internal_value=-1.54138e-05 0.00279321 0.00363648 -0.0165484 0.00453458 0.0010798 -0.000792467 -0.000974153 -0.00258109 -0.00233264 -0.00340663 -0.00443634 -0.019568 -0.00326122
internal_weight=335305 72636 69935 2942 66993 38238 262669 260543 156406 155802 142086 132778 9512 123266
internal_count=335305 72636 69935 2942 66993 38238 262669 260543 156406 155802 142086 132778 9512 123266
is_linear=0
shrinkage=0.04


Tree=164
num_leaves=15
num_cat=0
split_feature=21 36 18 36 34 4 8 38 20 18 38 38 26 24
split_gain=442.39 711.905 765.815 739.549 701.745 700.149 825.644 721.489 715.623 931.657 834.375 735.83 666.369 677.884
threshold=0.34060846560846575 -0.0042953050683639301 0.21474116161616166 -0.02009790449605264 153.50000000000003 9.5000000000000018 0.091168831168831191 0.39309695667524275 -0.1157407407407407 0.038095238095238106 0.09090821931616612 -0.18802581900567172 -0.13330627705627698 -0.1916666666666666
decision_type=10 2 8 2 8 2 10 8 8 10 10 8 8 8
left_child=12 2 3 -2 -5 6 -3 -8 -7 10 11 -10 -1 -14
right_child=1 5 -4 4 -6 8 7 -9 9 -11 -12 -13 13 -15
leaf_value=0.012587604654953281 -0.025911879778448187 0.013933929928140699 0.037862322481536544 -0.03555578484961381 0.0092041954068172501 -0.0086159250979299471 -0.0059706602331614823 -0.054165095393375266 -0.059815900378187854 0.0027617698692717621 -0.078495389160105788 -0.0070483335820508419 -0.024492414408289327 0.00027226992583986149
leaf_weight=6976 1406 3352 904 564 6469 5929 3886 523 649 921 746 1110 1729 300141
leaf_count=6976 1406 3352 904 564 6469 5929 3886 523 649 921 746 1110 1729 300141
internal_value=-1.57183e-05 -0.00497464 0.00389267 5.22089e-05 0.00538909 -0.00981222 -0.000913313 -0.0122308 -0.0171507 -0.0315846 -0.0440195 -0.0276326 0.000409851 0.000126394
internal_weight=335305 26459 9343 8439 7033 17116 7761 4409 9355 3426 2505 1759 308846 301870
internal_count=335305 26459 9343 8439 7033 17116 7761 4409 9355 3426 2505 1759 308846 301870
is_linear=0
shrinkage=0.04


Tree=165
num_leaves=15
num_cat=0
split_feature=1 36 5 38 14 38 3 30 14 5 2 2 32 20
split_gain=461.001 907.174 634.212 661.364 724.591 616.752 1005.56 611.328 556.793 819.233 1041.7 827.99 919.767 963.621
threshold=-0.41346449846449845 0.017173520316346003 1551.5000000000002 0.39921160800365701 0.043717152412804598 0.47022400322343766 0.71825396825396837 3.2619627594627594 0.33105022831050229 1085.0000000000002 3.8166666666666678 3.2666666666666688 0.50360340164754347 -0.29155982905982897
decision_type=8 2 2 10 10 10 2 8 8 2 8 10 10 10
left_child=1 2 -1 -4 -5 8 -7 -6 -2 10 -10 12 -11 -14
right_child=5 -3 3 4 7 6 -8 -9 9 11 -12 -13 13 -15
leaf_value=0.01921268211446122 0.00027438107274766138 -0.041390596670006316 0.018644900073126264 -0.054472003438120073 -0.027899032160758251 -0.0026095265771154254 -0.049916823408700232 0.020277715542561678 0.015210294849758329 -0.0091768988917624236 -0.038095679712940755 0.0042068013652981975 -0.0094616869103863778 -0.055434457032976329
leaf_weight=5943 306611 505 1420 528 736 2328 994 859 3745 4858 645 3083 1240 1810
leaf_count=5943 306611 505 1420 528 736 2328 994 859 3745 4858 645 3083 1240 1810
internal_value=-1.64221e-05 0.00842514 0.0112803 -0.00210771 -0.016098 -0.000276933 -0.017295 -0.00212535 -9.86996e-05 -0.00751263 0.00703752 -0.0133298 -0.02015 -0.037198
internal_weight=335305 9991 9486 3543 2123 325314 3322 1595 321992 15381 4390 10991 7908 3050
internal_count=335305 9991 9486 3543 2123 325314 3322 1595 321992 15381 4390 10991 7908 3050
is_linear=0
shrinkage=0.04


Tree=166
num_leaves=15
num_cat=0
split_feature=1 0 35 26 0 29 29 33 21 5 6 18 36 3
split_gain=439.307 969.757 1104.54 1036.19 957.763 1418.2 957.317 1472.09 945.431 909.691 1543.64 1347.93 1434.29 1213.75
threshold=-0.21177277641924103 0.31488603988603997 0.57609054195221276 0.029545454545454552 0.26789321789321802 0.077909382284382447 -7.5356033549783534 -0.019318823264339865 -0.31233465608465599 1077.5000000000002 7.5000000000000009 -0.16669071669071658 -0.015472106043655539 0.44949494949494956
decision_type=8 8 2 8 10 8 8 10 10 2 8 10 2 2
left_child=4 2 9 -4 -1 -6 7 -3 -7 10 -2 -11 -13 -12
right_child=1 6 3 -5 5 8 -8 -9 -10 11 13 12 -14 -15
leaf_value=0.00063799367870676972 -0.0036476219164388343 -0.064741496990617792 -0.013136218345465038 -0.0854574159158909 0.027027295851205856 -0.035161331781385863 0.00036159466764271864 -0.0048779336220710337 0.0067311034799531601 -0.0010891039719562834 0.0014717179545677482 0.017016298121539878 -0.030809358874982387 0.07208553108328021
leaf_weight=50722 6318 856 795 503 5894 1004 243430 2428 4681 9443 707 1150 6551 823
leaf_count=50722 6318 856 795 503 5894 1004 243430 2428 4681 9443 707 1150 6551 823
internal_value=-1.70214e-05 -0.000708781 -0.0080043 -0.0432923 0.00301242 0.0133662 7.00984e-05 -0.0212188 -0.000909362 -0.00608878 0.00516798 -0.0112418 -0.0236038 0.0405347
internal_weight=335305 273004 26290 1298 62301 11579 246714 3284 5685 24992 7848 17144 7701 1530
internal_count=335305 273004 26290 1298 62301 11579 246714 3284 5685 24992 7848 17144 7701 1530
is_linear=0
shrinkage=0.04


Tree=167
num_leaves=15
num_cat=0
split_feature=2 3 6 25 29 5 17 5 31 3 4 14 6 1
split_gain=435.382 1229.77 1452.84 1158.04 1380.56 1141.87 1095.67 2013.43 1280.64 1205.79 1354.5 1181.9 1151.04 1180.54
threshold=3.9166666666666674 0.10818713450292398 8.5000000000000018 -0.01007326007326006 2.0365376984126988 802.50000000000011 2.5000000000000004 1099.5000000000002 7.1155788655788674 0.54195804195804198 11.500000000000002 0.027212143650499818 4.5000000000000009 -0.017163290553442064
decision_type=8 2 10 10 8 2 2 2 8 2 2 8 10 10
left_child=6 2 3 -2 -5 -3 7 -1 12 -9 -11 -12 13 -8
right_child=1 5 -4 4 -6 -7 8 9 -10 10 11 -13 -14 -15
leaf_value=0.019964857235964095 0.00243820716761892 -0.050663822588650209 -0.061202304186789611 -0.00084108365061332207 -0.03573384370599493 0.0034190255546483472 0.0054919966887659356 -0.0056819513832490429 -0.040121284332460816 -0.017920245396895951 -0.022874196162386923 -0.089068535399573268 -0.004071371233994466 -0.0035669550030447668
leaf_weight=2880 11551 578 729 3707 3508 122204 72413 8262 1231 5518 875 901 67258 33690
leaf_count=2880 11551 578 729 3707 3508 122204 72413 8262 1231 5518 875 901 67258 33690
internal_value=-1.7018e-05 0.00166153 -0.00765883 -0.00542173 -0.0179354 0.00314391 -0.00125435 -0.0105147 -0.000273781 -0.0162035 -0.0280015 -0.0579753 2.0654e-05 0.00261526
internal_weight=335305 142277 19495 18766 7215 122782 193028 18436 174592 15556 7294 1776 173361 106103
internal_count=335305 142277 19495 18766 7215 122782 193028 18436 174592 15556 7294 1776 173361 106103
is_linear=0
shrinkage=0.04


Tree=168
num_leaves=15
num_cat=0
split_feature=32 33 20 5 6 2 1 21 22 28 8 20 9 38
split_gain=436.339 2487.16 874.367 795.464 1245.34 829.136 1068.77 793.581 778.313 769.015 693.519 884.105 693.304 674.894
threshold=0.45840305614638494 -0.049188232376807701 -0.042045454545454532 1006.5000000000001 7.5000000000000009 0.10000000000000007 -0.29055860548916096 -0.19444444444444434 8.5000000000000018 -0.587945804195804 0.2085622710622711 0.25024038461538467 1.0000000180025095e-35 0.19137753407665195
decision_type=8 10 8 2 8 8 10 8 2 10 10 10 2 10
left_child=3 2 -2 4 -1 -5 -7 -8 10 -10 -3 -12 -13 -9
right_child=1 8 -4 5 -6 6 7 13 9 -11 11 12 -14 -15
leaf_value=0.0070473851286928773 -0.017407385449188052 -0.0011954579789849496 -0.070081539592860592 -0.030148160606308205 0.048093814331560951 0.015499062577564121 0.014100463243679154 -0.00076587763469113058 -0.06154062755006539 -0.01037558639867716 0.0026364847609374204 0.0064617426170264945 0.047828606651674488 -0.019659439051156365
leaf_weight=5837 1059 212129 996 1253 1441 8025 5234 33382 540 2464 57085 1375 1208 3277
leaf_count=5837 1059 212129 996 1253 1441 8025 5234 33382 540 2464 57085 1375 1208 3277
internal_value=-1.8129e-05 -0.000681251 -0.0439953 0.00312078 0.015447 0.00135427 0.00217439 -0.000393509 -0.000349398 -0.02043 -0.000123743 0.00368418 0.0263488 -0.00247928
internal_weight=335305 276856 2055 58449 7278 51171 49918 41893 274801 3004 271797 59668 2583 36659
internal_count=335305 276856 2055 58449 7278 51171 49918 41893 274801 3004 271797 59668 2583 36659
is_linear=0
shrinkage=0.04


Tree=169
num_leaves=15
num_cat=0
split_feature=2 9 21 25 6 5 23 2 18 19 2 35 37 5
split_gain=428.547 446.931 670.352 711.844 680.218 1244.55 1987.7 1309.99 1173.12 956.236 908.998 880.065 1020.7 773.705
threshold=9.141666666666671 1.0000000180025095e-35 -0.54460227272727257 -0.025753542368125697 8.5000000000000018 1712.5000000000002 -0.0031389637560382275 4.3833333333333355 -0.36569664902998228 -0.10664845483648003 5.8166666666666691 0.45013391730447067 -0.0023553528828838188 3003.0000000000005
decision_type=10 2 8 10 10 2 10 8 10 10 8 2 10 2
left_child=1 2 3 -1 13 7 -7 8 -6 -9 -11 -10 -13 -4
right_child=-2 -3 4 -5 5 6 -8 9 11 10 -12 12 -14 -15
leaf_value=0.0035646851346176436 0.019243828585468664 0.0014422523374764964 -0.0009716485910490762 -0.057336990269129182 0.022323834279518642 -0.092246641899916451 0.010093889786771058 0.056705788202337452 0.0075161019481212185 0.031301218295907339 -0.035377516805843161 -0.090516345114964578 -0.02669788759647844 0.04026932543283774
leaf_weight=536 1788 155527 169486 652 785 681 504 691 671 627 583 526 1567 681
leaf_count=536 1788 155527 169486 652 785 681 504 691 671 627 583 526 1567 681
internal_value=-1.78184e-05 -0.00012395 -0.00149251 -0.0308253 -0.00128676 -0.013803 -0.0500731 -0.00553317 -0.0197967 0.0209205 -0.000954796 -0.0319434 -0.0444741 -0.000794824
internal_weight=335305 333517 177990 1188 176802 6635 1185 5450 3549 1901 1210 2764 2093 170167
internal_count=335305 333517 177990 1188 176802 6635 1185 5450 3549 1901 1210 2764 2093 170167
is_linear=0
shrinkage=0.04


Tree=170
num_leaves=15
num_cat=0
split_feature=36 12 9 4 18 33 25 34 32 12 28 6 12 14
split_gain=431.832 864.261 868.661 656.143 981.627 1575.23 809.223 802.224 726.784 698.369 616.118 1144.53 1159.16 976.566
threshold=0.033956607451505423 0.43792808219178087 1.5000000000000002 11.500000000000002 0.066414141414141425 0.04341403588675978 -0.024304052429052415 557.50000000000011 0.50264959279933474 0.09699820788530468 2.3431806041181047 5.5000000000000009 0.064632165235553499 0.058481532147742828
decision_type=2 10 2 2 8 10 10 10 10 10 8 8 10 8
left_child=10 2 3 4 6 7 -2 8 -6 -8 -1 -12 13 -13
right_child=1 -3 -4 -5 5 -7 9 -9 -10 -11 11 12 -14 -15
leaf_value=-0.00043655866239713424 0.050762342808325416 -0.049661099269193432 0.033813103373587422 -0.036982228901767604 -0.022363156036641244 0.040188465031960698 -0.035112085282956521 0.0068170336424335232 -0.075724683994739694 0.017220539193710419 -0.00035256881434160287 0.0090030318579721377 0.019073732529341993 -0.039883781039766683
leaf_weight=288147 661 716 774 1116 954 524 555 565 755 1203 24725 1662 11935 1013
leaf_count=288147 661 716 774 1116 954 524 555 565 755 1203 24725 1662 11935 1013
internal_value=-1.77657e-05 -0.00927518 -0.00488795 -0.00984569 -0.00374478 -0.0197157 0.0147536 -0.0340871 -0.0474195 0.000185024 0.000204761 0.00489731 0.0137528 -0.00990212
internal_weight=335305 7823 7107 6333 5217 2798 2419 2274 1709 1758 327482 39335 14610 2675
internal_count=335305 7823 7107 6333 5217 2798 2419 2274 1709 1758 327482 39335 14610 2675
is_linear=0
shrinkage=0.04


Tree=171
num_leaves=15
num_cat=0
split_feature=34 31 31 36 12 6 2 8 27 2 6 26 18 27
split_gain=429.019 668.644 963.329 634.92 945.907 833.225 826.729 747.751 789.455 951.626 719.947 729.377 1011.69 641.294
threshold=2164.5000000000005 -8.4867824883449874 -7.544848484848484 -0.00270641818631595 0.76794871794871811 9.5000000000000018 4.2166666666666694 0.31866537717601556 -3.3096212121212116 2.3416666666666681 5.5000000000000009 0.03869047619047622 -0.05993716931216931 0.39431811244311232
decision_type=10 8 10 2 10 10 10 8 10 10 10 10 10 10
left_child=-1 -2 -3 5 6 7 10 8 9 -4 -5 12 -12 -8
right_child=1 2 3 4 -6 -7 13 -9 -10 -11 11 -13 -14 -15
leaf_value=-0.00079522917087913652 0.039729267817828685 -0.042282206367749674 -0.00047602710415227298 -0.00075134150682994649 -0.047728272246142088 -0.039957336363644382 0.024390772103397868 0.024448818888382743 0.004057857297389402 0.070831694922529137 -0.02238229355229035 -0.044932931726526099 0.018552602419080414 0.0031831968539869082
leaf_weight=258848 719 720 567 17967 630 562 2862 3556 32141 583 3007 1147 1368 10628
leaf_count=258848 719 720 567 17967 630 562 2862 3556 32141 583 3007 1147 1368 10628
internal_value=-1.75539e-05 0.00261409 0.00223577 0.00269092 -0.000979204 0.00637705 -0.000119383 0.00713694 0.00525387 0.037119 -0.00464917 -0.017211 -0.00951753 0.00775599
internal_weight=335305 76457 75738 75018 37609 37409 36979 36847 33291 1150 23489 5522 4375 13490
internal_count=335305 76457 75738 75018 37609 37409 36979 36847 33291 1150 23489 5522 4375 13490
is_linear=0
shrinkage=0.04


Tree=172
num_leaves=15
num_cat=0
split_feature=1 36 5 38 23 38 3 20 14 0 5 1 31 30
split_gain=428.64 835.441 587.111 603.091 699.383 565.866 929.907 508.595 506.612 1050.75 943.928 928.168 741.142 980.858
threshold=-0.41346449846449845 0.017173520316346003 1551.5000000000002 0.39921160800365701 0.030974472357048099 0.47022400322343766 0.71825396825396837 -0.30489718614718614 0.33105022831050229 0.030303030303030314 1085.0000000000002 -0.2293690877024209 -6.3899494949494935 -1.16947601010101
decision_type=8 2 2 10 8 10 2 10 8 10 2 10 8 10
left_child=1 2 -1 7 -5 8 -7 -4 -2 -10 11 -11 -12 -14
right_child=5 -3 3 4 -6 6 -8 -9 9 10 12 -13 13 -15
leaf_value=0.018494876822723699 0.00025845869241105713 -0.039683427949456986 0.048096588395576366 0.020907706342412125 -0.02918317914651386 -0.0024481982440602338 -0.047939551712488364 -0.00044809559387113464 -0.053892301592293225 0.045894281915070188 0.021852366864042412 0.0009471536011046918 0.021997828601450428 -0.01870468356262367
leaf_weight=5943 306611 505 503 578 1545 2328 994 917 684 914 953 3105 1020 8705
leaf_count=5943 306611 505 503 578 1545 2328 994 917 684 914 953 3105 1020 8705
internal_value=-1.69359e-05 0.00812294 0.0108627 -0.00201865 -0.0153783 -0.000268137 -0.016569 0.0177987 -9.74137e-05 -0.00716937 -0.00481953 0.0116074 -0.0110276 -0.0143449
internal_weight=335305 9991 9486 3543 2123 325314 3322 1420 321992 15381 14697 4019 10678 9725
internal_count=335305 9991 9486 3543 2123 325314 3322 1420 321992 15381 14697 4019 10678 9725
is_linear=0
shrinkage=0.04


Tree=173
num_leaves=15
num_cat=0
split_feature=32 26 35 34 32 28 34 20 13 36 34 3 31 33
split_gain=421.668 850.332 823.326 1353.55 1214.05 1171.22 798.617 1124.68 1060.29 1004.72 757.12 1138.76 730.626 710.614
threshold=0.56124643739550173 0.14773421023421027 0.57001616280555123 104.50000000000001 0.5883015126562906 -0.15105502136752122 146.50000000000003 -0.10912420912420913 1.0000000180025095e-35 0.030675921885477003 59.500000000000007 0.53589743589743599 0.48803030303030276 0.030193851963180873
decision_type=8 10 2 8 8 8 8 8 2 2 10 2 8 10
left_child=13 2 6 -4 5 -5 7 12 10 -8 -9 -12 -2 -1
right_child=1 -3 3 4 -6 -7 9 8 -10 -11 11 -13 -14 -15
leaf_value=-0.00021235399236112947 -0.045011758169745744 -0.047601357158526536 -0.070223520143435303 -0.055720749779513849 0.024583798152189966 -0.0038764103054291271 -0.0018280685593340571 0.011883633290135275 -0.013138112707297527 -0.055336600835141581 0.02438433372157674 0.10715691710650518 0.015020965429022908 0.006667368052222059
leaf_weight=286672 563 686 644 1061 1147 1894 13015 610 563 537 553 541 650 26169
leaf_count=286672 563 686 644 1061 1147 1894 13015 610 563 537 553 541 650 26169
internal_value=-1.63411e-05 -0.0053036 -0.00386525 -0.018505 -0.00963745 -0.0231087 0.000256363 0.0172084 0.0335878 -0.00414397 0.0489605 0.0682111 -0.0135214 0.000364105
internal_weight=335305 22464 21778 4746 4102 2955 17032 3480 2267 13552 1704 1094 1213 312841
internal_count=335305 22464 21778 4746 4102 2955 17032 3480 2267 13552 1704 1094 1213 312841
is_linear=0
shrinkage=0.04


Tree=174
num_leaves=15
num_cat=0
split_feature=35 33 29 8 6 2 25 36 17 24 32 21 38 32
split_gain=418.37 866.613 1018.29 1290.28 1453.61 1430.18 919.66 957.276 571.344 797.488 673.271 725.019 560.229 557.463
threshold=0.42998168454919106 -0.013823333283346029 0.65282828282828254 0.29449472096530926 9.5000000000000018 1.5000000000000016 0.10073915667665669 -0.024878202856744868 4.5000000000000009 -0.033458268411972109 0.48663164486468552 0.062499999999999965 0.27042130959284311 0.50967411636859938
decision_type=2 10 10 10 8 8 10 2 2 8 10 10 10 8
left_child=1 8 3 4 6 -6 7 -3 9 -1 -10 -12 -4 -2
right_child=13 2 12 -5 5 -7 -8 -9 10 -11 11 -13 -14 -15
leaf_value=0.024371442931746558 0.00084702779731885198 -0.035490338896120271 0.002679583920504029 0.064184760125308118 0.0037629632764613966 0.074194230365202479 -0.043035904265860653 0.01233194898058251 0.0074437339978010468 -0.020266274248527564 -0.046249175234736067 0.010672421245697694 -0.023056257589991462 -0.0027144120024021152
leaf_weight=698 182446 666 8587 763 802 1054 512 10794 7021 4658 801 591 1555 114357
leaf_count=698 182446 666 8587 763 802 1054 512 10794 7021 4658 801 591 1555 114357
internal_value=-1.63032e-05 0.00390385 0.00837539 0.0151239 0.0121953 0.0446571 0.00699804 0.00941065 -0.00412954 -0.0142774 0.00237713 -0.0225499 -0.00136006 -0.000525407
internal_weight=335305 38502 24733 14591 13828 1856 11972 11460 13769 5356 8413 1392 10142 296803
internal_count=335305 38502 24733 14591 13828 1856 11972 11460 13769 5356 8413 1392 10142 296803
is_linear=0
shrinkage=0.04


Tree=175
num_leaves=15
num_cat=0
split_feature=1 0 35 19 12 5 26 1 6 8 18 0 1 5
split_gain=414.316 1133.38 997.743 1024.73 767.151 1225.99 968.747 1046.39 726.449 720.343 788.987 697.113 2086.9 1327.36
threshold=-0.30462458617220517 0.14451659451659454 0.57801341100027204 -0.19770141895141891 0.13976744186046516 1180.5000000000002 0.0008012820512820493 -0.41346449846449845 5.5000000000000009 0.030536130536130541 -0.19182503453336786 0.2757756132756134 -0.25098461723461712 1099.5000000000002
decision_type=8 10 2 8 10 2 8 10 8 8 10 8 8 2
left_child=1 2 3 8 5 9 -7 -8 -1 10 -5 13 -13 -2
right_child=11 -3 -4 4 -6 6 7 -9 -10 -11 -12 12 -14 -15
leaf_value=-0.009990071244363876 0.006488901594120901 0.014754277236446246 0.045161862628446729 0.070866205458538223 0.008802661934611624 0.0001061773105083587 -0.0062901406094199386 -0.04587666890801427 -0.063852940689783047 -0.0021163395186105756 0.0032840069965711571 0.029795107701256773 -0.00017524690810722995 -0.010190378326444552
leaf_weight=994 10544 10900 672 576 8598 3729 2001 2288 648 1382 504 3721 261404 27344
leaf_count=994 10544 10900 672 576 8598 3729 2001 2288 648 1382 504 3721 261404 27344
internal_value=-1.54741e-05 0.00428805 -0.00106684 -0.00267126 -2.52551e-05 -0.00727526 -0.0148438 -0.0276932 -0.0325053 0.0171779 0.0408687 -0.000474731 0.000250922 -0.0055462
internal_weight=335305 32292 21392 20720 19078 10480 8018 4289 1642 2462 1080 303013 265125 37888
internal_count=335305 32292 21392 20720 19078 10480 8018 4289 1642 2462 1080 303013 265125 37888
is_linear=0
shrinkage=0.04


Tree=176
num_leaves=15
num_cat=0
split_feature=16 32 32 38 28 3 27 16 1 38 2 38 38 24
split_gain=412.048 791.045 1343.68 1040.03 962.83 803.58 841.034 1418.44 781.929 1097.84 823.158 1314.92 905.472 1114.62
threshold=0.087167581257914753 0.56522575115001705 0.56832108343027932 -0.18180984168946607 -0.050373376623376646 0.45804195804195807 -0.16825840825840802 0.033520599250936332 -0.30462458617220517 0.36001689290896549 1.9000000000000019 -0.034509369316717518 0.087737614899885422 0.10560653659611995
decision_type=8 8 10 10 10 2 10 10 8 10 8 10 10 10
left_child=1 8 4 -4 -3 6 7 -5 9 -1 11 -10 -12 -14
right_child=-2 2 3 5 -6 -7 -8 -9 10 -11 12 -13 13 -15
leaf_value=0.023994185630918902 -0.0013630565801747917 -0.088322639629026076 0.016188149127370172 -0.090113942934189992 -0.011407790992941176 0.00023331638089195552 -0.0072555450096114674 -0.0040320450249645449 -0.066448620640087969 0.0013281988007295209 0.0010903769138949522 -0.0042856168028888109 0.0129094182452633 -0.04461697558717459
leaf_weight=5987 174181 512 2591 682 517 2785 1241 535 509 7899 99307 21537 16513 509
leaf_count=5987 174181 512 2591 682 517 2785 1241 535 509 7899 99307 21537 16513 509
internal_value=-1.4612e-05 0.00144308 -0.0101403 -0.00434738 -0.0519977 -0.0145527 -0.0309765 -0.0539244 0.00212044 0.0111517 0.00121045 -0.00586796 0.00255385 0.0110636
internal_weight=335305 161124 8863 7834 1029 5243 2458 1217 152261 13886 138375 22046 116329 17022
internal_count=335305 161124 8863 7834 1029 5243 2458 1217 152261 13886 138375 22046 116329 17022
is_linear=0
shrinkage=0.04


Tree=177
num_leaves=15
num_cat=0
split_feature=10 21 37 25 2 2 20 33 32 33 10 12 36 4
split_gain=416.677 921.955 916.951 960.615 866.592 833.065 1083.35 1273.36 1210.09 1412.31 1416.3 1273.15 1414.8 931.493
threshold=0.2009615384615385 -0.54460227272727257 0.00039225091120322981 -0.053436688311688303 0.10000000000000007 7.1166666666666689 -0.092592592592592615 -0.062920475458239797 0.51010884290452763 0.0067288352611416654 0.025978407557354928 0.10923295454545455 0.009306445702489962 9.5000000000000018
decision_type=10 8 8 8 10 8 10 10 10 10 10 10 2 2
left_child=1 -1 -2 -4 -5 -3 7 -7 13 11 -11 -10 -13 -9
right_child=2 5 3 4 -6 6 -8 8 9 10 -12 12 -14 -15
leaf_value=-0.029937436595489936 0.0067624842047856893 -0.0014157136132826012 0.01538267253392489 -0.023995740759204614 -0.002255141564731038 -0.051166173900846705 0.019894613129487319 0.021413600359977931 -0.085023490556805636 -0.031473024086263075 0.0089910629461606231 -0.043547619587331068 0.032665780833132436 3.5860282975037769e-05
leaf_weight=1673 39856 227544 4368 3231 27847 659 6596 6883 554 1694 6655 1018 569 6158
leaf_count=1673 39856 227544 4368 3231 27847 659 6596 6883 554 1694 6655 1018 569 6158
internal_value=-1.55907e-05 -0.0007745 0.00260355 -0.00207576 -0.0045503 -0.000579878 0.00559019 0.00165674 0.00324144 -0.00685454 0.000642472 -0.0354372 -0.0160591 0.0113577
internal_weight=335305 260003 75302 35446 31078 258330 30786 24190 23531 10490 8349 2141 1587 13041
internal_count=335305 260003 75302 35446 31078 258330 30786 24190 23531 10490 8349 2141 1587 13041
is_linear=0
shrinkage=0.04


Tree=178
num_leaves=15
num_cat=0
split_feature=21 21 6 34 10 3 10 29 36 2 14 20 15 19
split_gain=410.307 698.048 986.919 885.722 846.578 776.225 750.785 784.192 715.683 1002.48 859.911 674.787 643.551 627.733
threshold=0.34060846560846575 0.43899063899063906 7.5000000000000009 64.500000000000014 0.28653530377668313 0.07417582417582419 0.066915422885572159 3.1235900673400674 -0.0049460909636047413 3.300000000000002 0.06472559698366151 0.08333333333333337 1.0000000180025095e-35 0.25470432345432353
decision_type=10 10 10 10 10 2 10 10 2 10 10 8 2 10
left_child=-1 3 4 11 6 -5 -3 8 9 -8 -10 -2 -12 -7
right_child=1 2 -4 5 -6 13 7 -9 10 -11 12 -13 -14 -15
leaf_value=0.00039390488960161003 -0.076388731706573107 0.018605173146289466 -0.037974963577555969 0.018974207932910388 0.041595735303376832 -0.00070995418790524133 0.041919546692308782 -0.042616378778986858 0.010225887622230086 -0.020531817638004334 -0.044605901419122629 -0.010987067573798309 0.0023162513769181201 -0.018513511769573207
leaf_weight=308846 501 3069 823 1518 935 5563 1151 742 1771 588 1247 502 724 7325
leaf_count=308846 501 3069 823 1518 935 5563 1151 742 1771 588 1247 502 724 7325
internal_value=-1.59431e-05 -0.00479167 0.00287418 -0.0102805 0.0063302 -0.0076626 0.002578 -0.00541142 -3.50133e-05 0.0208195 -0.00987335 -0.0457313 -0.0277393 -0.0108612
internal_weight=335305 26459 11050 15409 10227 14406 9292 6223 5481 1739 3742 1003 1971 12888
internal_count=335305 26459 11050 15409 10227 14406 9292 6223 5481 1739 3742 1003 1971 12888
is_linear=0
shrinkage=0.04


Tree=179
num_leaves=15
num_cat=0
split_feature=14 5 5 22 25 35 28 18 34 18 31 18 31 29
split_gain=404.67 1711.45 1379.56 1214.56 1242.32 1133.87 931.117 889.381 871.738 828.82 983.948 895.32 996.233 833.911
threshold=0.02790758047767394 3160.0000000000005 2804.0000000000005 6.5000000000000009 0.043275048836273346 0.38455540782487529 -0.033516171328671011 -0.28019675925925924 2021.5000000000002 -0.24544552669552666 -0.070946067821067979 -0.52847222222222212 -0.80518110361860351 -0.2428323412698413
decision_type=8 2 2 2 10 2 8 10 10 10 8 8 8 10
left_child=2 3 9 5 7 8 -6 -5 -2 11 -11 12 -1 -12
right_child=1 -3 -4 4 6 -7 -8 -9 -10 10 13 -13 -14 -15
leaf_value=0.058405076057444535 0.025439000114694427 -0.06044624676580327 0.062191457044899166 -0.032924703277459028 -0.06777506026544107 -0.00048734717418423459 -0.014878894231096201 -0.0035555194480474833 -0.018274493515381116 -0.0026371335374222003 0.024199849879592512 -0.0035200885717804231 0.0049120986565887306 0.0054427807302975216
leaf_weight=720 4391 727 549 1808 937 169512 1237 14888 836 25636 4036 53967 2053 54008
leaf_count=720 4391 727 549 1808 937 169512 1237 14888 836 25636 4036 53967 2053 54008
internal_value=-1.60109e-05 -0.00119941 0.00161524 -0.00096139 -0.0105882 8.09424e-05 -0.0386885 -0.0068247 0.0183406 0.00135635 0.00388593 -0.00237441 0.0195898 0.00676673
internal_weight=335305 194336 140969 193609 18870 174739 2174 16696 5227 140420 83680 56740 2773 58044
internal_count=335305 194336 140969 193609 18870 174739 2174 16696 5227 140420 83680 56740 2773 58044
is_linear=0
shrinkage=0.04


Tree=180
num_leaves=15
num_cat=0
split_feature=37 37 32 22 27 32 38 20 6 31 28 37 8 0
split_gain=405.9 463.579 659.713 825.606 779.155 658.075 766.09 847.165 1117.73 777.251 627.31 1361.05 1564.55 1530.16
threshold=0.025239471702578762 0.0011518105772833952 0.59577669648383957 2.5000000000000004 0.14024700993450998 0.58367885619830762 0.48045022468036652 -0.02976190476190475 4.5000000000000009 -3.7714004629629629 -2.8081732503607499 0.0098979240382893064 0.070298986903879437 0.72232905982906004
decision_type=10 10 8 2 8 10 10 8 8 10 8 10 10 10
left_child=1 2 5 -4 -5 6 -1 8 -8 -9 11 13 -13 -3
right_child=-2 10 3 4 -6 -7 7 9 -10 -11 -12 12 -14 -15
leaf_value=0.0013328270711776341 0.022113448534087529 -0.01360352324204009 0.0068409040430357365 -0.075551648099929841 -0.0072985484063314331 0.027180003664090152 -0.0047635949053418591 0.026831580315943716 -0.062450772015516305 -0.028852795265191657 -0.0014352073642486026 -0.00099818918466467984 -0.091400021162420825 0.050888007718394891
leaf_weight=209957 1271 4391 866 555 501 1499 1105 975 1013 610 110736 546 651 629
leaf_count=209957 1271 4391 866 555 501 1499 1105 975 1013 610 110736 546 651 629
internal_value=-1.55131e-05 -0.000103011 0.000990707 -0.0220406 -0.0449641 0.00120152 0.00101294 -0.0169005 -0.0331583 0.00517402 -0.00213266 -0.014445 -0.0518575 -0.00510065
internal_weight=335305 334034 217081 1922 1056 215159 213660 3703 2118 1585 116953 6217 1197 5020
internal_count=335305 334034 217081 1922 1056 215159 213660 3703 2118 1585 116953 6217 1197 5020
is_linear=0
shrinkage=0.04


Tree=181
num_leaves=15
num_cat=0
split_feature=1 38 5 29 5 29 20 35 10 35 32 28 29 28
split_gain=417.231 1237.19 1437.13 1272.67 1001.23 1087.77 1475.64 1074.13 1012.91 1084.27 1086.16 968.424 1456.91 1290.76
threshold=-0.16023614432705344 0.19137753407665195 2455.0000000000005 -3.9927678224553218 1085.0000000000002 -1.8660383597883594 -0.38684463684463677 0.46967088019668224 0.15569985569985573 0.50659989049699483 0.49754561584046353 -0.83805937118437102 -1.4831598725348727 -0.50750000000000017
decision_type=8 8 2 10 2 8 8 2 8 2 8 8 8 10
left_child=1 3 4 -1 7 6 -6 -3 9 10 -9 -2 13 -13
right_child=11 2 -4 -5 5 -7 -8 8 -10 -11 -12 12 -14 -15
leaf_value=0.046259640611379507 -0.006164659446902144 0.025448093670400275 -0.061221656414837185 0.0083782808996183001 0.038188899277473147 -0.0056017802479388949 0.0021662775789286627 0.023521575376848042 -0.01833776002680294 0.035406687994299677 -0.045967948054115484 0.0030365264668543476 -0.00022927774673901324 0.041784887730969826
leaf_weight=1505 44629 4822 561 16810 2043 36907 13980 672 2603 1764 673 3065 202813 2458
leaf_count=1505 44629 4822 561 16810 2043 36907 13980 672 2603 1764 673 3065 202813 2458
internal_value=-1.57941e-05 0.0024565 -0.000168563 0.0116086 0.000418896 -0.00182527 0.00686382 0.0116505 -0.000117076 0.0151869 -0.0116504 -0.000820851 0.000325086 0.0205016
internal_weight=335305 82340 64025 18315 63464 52930 16023 10534 5712 3109 1345 252965 208336 5523
internal_count=335305 82340 64025 18315 63464 52930 16023 10534 5712 3109 1345 252965 208336 5523
is_linear=0
shrinkage=0.04


Tree=182
num_leaves=15
num_cat=0
split_feature=23 4 30 4 30 5 28 18 26 33 29 29 33 38
split_gain=395.303 931.568 995.936 923.941 852.283 776.534 4073.88 2252.56 1444.12 919.856 895.731 674.782 1073.18 628.087
threshold=0.007284166450833119 15.500000000000002 1.7777281746031741 17.500000000000004 5.0356552128427134 2081.0000000000005 -1.6885286935286936 -0.16789875248208574 0.031250000000000056 0.022787622271271152 -5.7540246212121202 0.89466262903762939 -0.011830569600935238 0.5054800653410676
decision_type=10 2 10 2 10 2 10 10 10 10 10 10 10 8
left_child=3 5 -3 4 -1 9 -7 8 -8 13 -11 -9 -13 -2
right_child=1 2 -4 -5 -6 6 7 11 -10 10 -12 12 -14 -15
leaf_value=-0.0009365896143606144 0.0019165720157951155 -0.0046887266358766168 -0.065004034238635336 0.048938296510135947 -0.050610125476817203 -0.10077199193634785 -0.047196298584120319 0.058740286495125596 0.028533315379807935 0.052774536518891357 0.0097192907152694602 0.054724083176405029 -0.016314787219040269 -0.033360833883714663
leaf_weight=231415 78444 1305 616 543 504 671 1496 793 507 766 16152 517 810 766
leaf_count=231415 78444 1305 616 543 504 671 1496 793 507 766 16152 517 810 766
internal_value=-1.46454e-05 0.00204964 -0.0251882 -0.000928147 -0.00105542 0.00258032 -0.0130498 0.002263 -0.0277995 0.00336618 0.0118185 0.0306525 0.0123441 0.00155459
internal_weight=335305 102843 1921 232462 231919 100922 4794 4123 2003 96128 16918 2120 1327 79210
internal_count=335305 102843 1921 232462 231919 100922 4794 4123 2003 96128 16918 2120 1327 79210
is_linear=0
shrinkage=0.04


Tree=183
num_leaves=15
num_cat=0
split_feature=1 36 27 0 2 30 12 25 36 38 10 24 30 12
split_gain=406.608 783.131 534.358 969.328 522.049 813.095 876.427 812.021 1147.22 579.841 554.166 719.347 619.678 514.607
threshold=-0.41346449846449845 0.017173520316346003 0.23862373737373738 0.1111111111111112 0.40000000000000091 1.5139403998779002 0.20710681244743484 0.053875217044859904 0.00011650160103865259 0.5054800653410676 0.59545454545454557 0.031305491490676698 0.1565214646464643 0.28642149929278643
decision_type=8 2 10 10 8 8 10 8 2 8 10 8 10 8
left_child=1 2 13 -4 5 -2 7 9 -9 -7 -6 12 -12 -1
right_child=4 -3 3 -5 10 6 -8 8 -10 -11 11 -13 -14 -15
leaf_value=0.020358178740475314 -0.042907098556678847 -0.038372976860081828 -0.018889340524208924 0.035250306981065224 -0.00010846336731989787 0.00091616873474064232 0.015121495713380546 -0.061742530015758607 0.0027863771835709835 -0.040323166956808654 0.028031328449001837 0.050369742492400109 -0.025853570562314705 -0.013282913826195597
leaf_weight=6067 980 505 1959 669 313243 4321 2408 1036 735 574 651 750 616 791
leaf_count=6067 980 505 1959 669 313243 4321 2408 1036 735 574 651 750 616 791
internal_value=-1.44386e-05 0.00791349 0.0105659 -0.00470639 -0.000259099 -0.00920901 -0.0053544 -0.0128085 -0.0356206 -0.00427848 2.77393e-05 0.0206712 0.00184623 0.01641
internal_weight=335305 9991 9486 2628 325314 10054 9074 6666 1771 4895 315260 2017 1267 6858
internal_count=335305 9991 9486 2628 325314 10054 9074 6666 1771 4895 315260 2017 1267 6858
is_linear=0
shrinkage=0.04


Tree=184
num_leaves=15
num_cat=0
split_feature=34 19 5 25 27 10 28 1 28 5 36 12 21 5
split_gain=400.884 645.098 967.538 1149.23 684.901 617.543 1001.1 977.258 1447.8 1815.92 1470.76 1355.15 1155.17 1005.62
threshold=2164.5000000000005 0.052910052910052886 2211.0000000000005 -0.0070158182010033885 5.6567239010989017 0.021858576206402299 2.3431806041181047 -0.082706317602150928 -0.033516171328671011 1697.5000000000002 -0.013501141998590973 0.64365079365079381 0.092650462962963018 1120.5000000000002
decision_type=10 8 2 10 8 10 10 8 10 2 2 8 8 2
left_child=5 -2 4 -4 -3 6 7 13 9 10 -9 -12 -11 -1
right_child=1 2 3 -5 -6 -7 -8 8 -10 12 11 -13 -14 -15
leaf_value=0.018770835467018767 0.0065427666762395073 -0.0013620067654235724 0.059549119530960787 -0.010645495725312513 -0.044075352476115839 0.00017286966296952634 0.012896817347134014 0.018390345321172622 -0.0033080980679361218 -0.10686517194361762 -0.027040881994800436 0.026515225952622151 -0.025180776275384922 -0.0045624213460938945
leaf_weight=3932 34824 39610 846 617 560 210306 4569 1624 16491 567 8579 789 576 11415
leaf_count=3932 34824 39610 846 617 560 210306 4569 1624 16491 567 8579 789 576 11415
internal_value=-1.43897e-05 0.0025295 -0.000831219 0.030572 -0.00201152 -0.000766133 -0.00483031 -0.0066848 -0.0110449 -0.0215021 -0.0163289 -0.0224134 -0.068482 0.00145725
internal_weight=335305 76457 41633 1463 40170 258848 48542 43973 28626 12135 10992 9368 1143 15347
internal_count=335305 76457 41633 1463 40170 258848 48542 43973 28626 12135 10992 9368 1143 15347
is_linear=0
shrinkage=0.04


Tree=185
num_leaves=15
num_cat=0
split_feature=16 1 2 36 5 38 34 32 3 10 12 19 1 36
split_gain=390.763 734.21 1070.89 1530.06 1149.08 1041.14 961.462 1043.87 952.627 937.644 915.624 992.646 861.721 857.008
threshold=0.087167581257914753 -0.30462458617220517 1.9000000000000019 0.0048499115844050488 1104.5000000000002 0.36001689290896549 162.50000000000003 0.52706523272393158 0.37980769230769235 0.08842144452717797 0.083920187793427234 -0.048611111111111105 -0.024956624063766846 -0.0089492321714240014
decision_type=8 8 8 2 2 8 8 8 2 10 10 8 10 2
left_child=1 5 3 10 9 -1 -7 -8 -6 -5 11 -3 -12 -9
right_child=-2 2 -4 4 8 6 7 13 -10 -11 12 -13 -14 -15
leaf_value=0.022557904916631392 -0.0013274476358109406 0.015286158253946705 0.0020309124495758342 0.01937748099200013 -0.01295246076708299 0.037920397841211026 0.0044474805384106817 0.010577290416463506 -0.056227616922680593 -0.024735626314641761 0.010363645718251846 -0.023396654440375253 -0.022272405626175409 -0.048110934553810741
leaf_weight=6057 174181 1371 123773 1316 1381 936 5597 553 2072 1724 9405 4246 1452 1241
leaf_count=6057 174181 1371 123773 1316 1381 936 5597 553 2072 1724 9405 4246 1452 1241
internal_value=-1.42924e-05 0.00140525 0.000558329 -0.00736484 -0.0237294 0.0100133 0.000808323 -0.00411479 -0.039352 -0.00563474 -0.000862701 -0.0139034 0.00591685 -0.030224
internal_weight=335305 161124 146740 22967 6493 14384 8327 7391 3453 3040 16474 5617 10857 1794
internal_count=335305 161124 146740 22967 6493 14384 8327 7391 3453 3040 16474 5617 10857 1794
is_linear=0
shrinkage=0.04


Tree=186
num_leaves=15
num_cat=0
split_feature=4 33 5 17 2 37 21 35 6 3 5 35 4 8
split_gain=387.937 845.914 819.73 749.555 1270.03 1115.29 1937.55 1294.78 1256.32 1080.03 898.044 790.538 980.068 1272.32
threshold=8.5000000000000018 0.065164223527897816 3160.0000000000005 4.5000000000000009 4.9833333333333369 0.0020170214550232529 0.28344155844155855 0.50275360122062362 8.5000000000000018 0.55050505050505061 1852.0000000000002 0.55537466365246257 13.500000000000002 0.23570261437908499
decision_type=2 8 2 2 10 10 10 2 8 2 2 2 2 10
left_child=1 -1 3 4 5 11 8 -8 10 -10 -7 12 -2 -14
right_child=2 -3 -4 -5 -6 6 7 -9 9 -11 -12 -13 13 -15
leaf_value=0.0018938347800111835 0.0011237969031836802 0.037677732513135734 -0.043990118909366799 0.00093846968021205079 0.0067245982620335858 -0.0019312165980412122 -0.072980444814826781 -0.012874429434833823 -0.010537820158288318 -0.06361013783481799 -0.045460328732619508 -0.013541911274428641 -0.02924335627946913 0.025872227049223262
leaf_weight=82037 41156 1021 651 162771 15585 12925 1339 1020 1351 1112 756 9314 3481 786
leaf_count=82037 41156 1021 651 162771 15585 12925 1339 1020 1351 1112 756 9314 3481 786
internal_value=-1.41171e-05 0.00235612 -0.000794882 -0.000674397 -0.00362882 -0.00583505 -0.0143116 -0.047798 -0.00928597 -0.0352879 -0.00449338 -0.00295925 -0.000776767 -0.0189088
internal_weight=335305 83058 252247 251596 88825 73240 18503 2359 16144 2463 13681 54737 45423 4267
internal_count=335305 83058 252247 251596 88825 73240 18503 2359 16144 2463 13681 54737 45423 4267
is_linear=0
shrinkage=0.04


Tree=187
num_leaves=15
num_cat=0
split_feature=32 33 19 9 30 30 19 13 19 36 14 23 34 29
split_gain=394.589 2268.04 852.875 828.773 811.388 749.004 1432.09 715.712 902.619 1174.33 861.421 865.728 821.878 995.984
threshold=0.45840305614638494 -0.049188232376807701 -0.086314935064935053 1.0000000180025095e-35 0.30144142316017314 2.3371478174603175 -0.17777777777777773 1.5000000000000002 0.072520843354176703 -0.001722411798800709 0.079156223893066008 0.0018042312625645904 117.50000000000001 -3.6334442640692628
decision_type=8 10 8 2 8 10 10 2 10 2 10 8 10 10
left_child=2 3 5 4 -2 -1 -7 10 -9 -10 -4 -12 -13 -14
right_child=1 -3 7 -5 -6 6 -8 8 9 -11 11 12 13 -15
leaf_value=0.016728498180052447 -0.026043851310460588 -0.00032856717735427746 0.0032289631697055084 -0.011203810037490738 -0.093975371064961802 -0.055990365564681337 0.026281912270878442 0.033631070196649668 0.029307170264173964 -0.030582036905930976 -0.0214876331189594 0.026019271414762263 -0.044141234142963233 -0.001293322646314174
leaf_weight=9747 585 274801 28143 864 606 633 628 2207 919 1091 5328 1428 934 7391
leaf_count=9747 585 274801 28143 864 606 633 628 2207 919 1091 5328 1428 934 7391
internal_value=-1.48641e-05 -0.000645464 0.00297011 -0.0420076 -0.0630022 0.012974 -0.0155776 0.000637625 0.0162667 -0.00315313 -0.000904202 -0.00860238 -0.00148955 -0.00633535
internal_weight=335305 276856 58449 2055 1191 11008 1261 47441 4217 2010 43224 15081 9753 8325
internal_count=335305 276856 58449 2055 1191 11008 1261 47441 4217 2010 43224 15081 9753 8325
is_linear=0
shrinkage=0.04


Tree=188
num_leaves=15
num_cat=0
split_feature=1 4 0 35 38 36 19 18 23 8 6 38 23 27
split_gain=379.081 1033.32 925.159 946.653 691.019 838.705 789.621 792.964 753.514 1030.8 708.712 703.698 702.112 691.419
threshold=-0.21177277641924103 15.500000000000002 0.10317460317460321 0.4774260974800526 0.47022400322343766 0.0055718997546104583 -0.33301767676767663 -0.049999999999999996 0.0036528055278055261 0.037268518518518527 3.5000000000000004 0.28265176016786336 0.0011090661167821668 -1.608022186147186
decision_type=8 2 8 2 8 2 8 10 10 10 10 10 10 8
left_child=1 4 3 -2 6 10 11 13 12 -10 -6 -1 -9 -8
right_child=2 -3 -4 -5 5 -7 7 8 9 -11 -12 -13 -14 -15
leaf_value=0.010256627650229359 -0.0026570411360276052 -0.033327744304144008 -0.00049907331084265559 -0.072399342361452249 0.030464151528119498 -0.034876155067184403 0.01631219588707709 -0.00050438326241055808 -0.053885163345311203 -0.0038712655221779385 -0.0087224395906957738 -0.044489648202298081 0.041387684116739196 0.0049974888336215611
leaf_weight=592 681 1192 271793 530 884 1489 12418 9365 941 1996 3477 908 637 28402
leaf_count=592 681 1192 271793 530 884 1489 12418 9365 941 1996 3477 908 637 28402
internal_value=-1.51632e-05 0.00279897 -0.000657758 -0.0348405 0.00353033 -0.00948897 0.00491595 0.0057227 -0.00289755 -0.0205292 -0.00052381 -0.0232492 0.0023562 0.00845532
internal_weight=335305 62301 273004 1211 61109 5850 55259 53759 12939 2937 4361 1500 10002 40820
internal_count=335305 62301 273004 1211 61109 5850 55259 53759 12939 2937 4361 1500 10002 40820
is_linear=0
shrinkage=0.04


Tree=189
num_leaves=15
num_cat=0
split_feature=20 6 3 25 22 19 26 31 5 30 21 29 25 6
split_gain=384.415 738.951 899.528 895.01 824.686 781.475 809.475 834.5 763.17 594.128 604.178 1023.17 697.744 820.939
threshold=0.042592592592592605 2.5000000000000004 0.20526315789473687 0.02343749999999999 1.5000000000000002 0.074074074074074167 0.034262496762496784 1.550030432530433 1348.5000000000002 -3.3774702380952379 -0.39130892255892252 -0.80805826118326129 0.036054328901551129 7.5000000000000009
decision_type=10 10 2 10 2 10 10 8 2 8 10 10 10 10
left_child=-1 5 3 -3 -5 6 7 -2 -7 -4 11 -11 -12 -14
right_child=1 2 9 4 -6 8 -8 -9 -10 10 12 -13 13 -15
leaf_value=-0.0006213659365396616 -0.030264027372785759 0.00039037017804302961 0.04293904980398356 0.0092378604418823802 -0.031213798516878076 0.015189806018928614 0.047285344882402568 0.028016263346805199 0.076836717299373719 -0.062759651171279629 0.0027987617686432509 0.0009447767602107388 0.012425216376802047 0.060503138163620407
leaf_weight=279408 1006 8228 593 1027 3400 715 502 579 584 518 31028 1387 5742 588
leaf_count=279408 1006 8228 593 1027 3400 715 502 579 584 518 31028 1387 5742 588
internal_value=-1.5462e-05 0.00301107 0.00183331 -0.00743856 -0.0218312 0.0209836 0.00550535 -0.00876855 0.0447255 0.00478293 0.00415277 -0.0175396 0.0052809 0.0173304
internal_weight=335305 55897 52511 12655 4427 3386 2087 1585 1299 39856 39263 1905 37358 6330
internal_count=335305 55897 52511 12655 4427 3386 2087 1585 1299 39856 39263 1905 37358 6330
is_linear=0
shrinkage=0.04


Tree=190
num_leaves=15
num_cat=0
split_feature=10 16 21 6 2 34 1 14 20 1 33 10 31 18
split_gain=377.44 950.474 845.817 948.02 787.454 1049.3 1169.09 1134.42 1094.61 978.669 941.577 1208.06 997.351 881.986
threshold=0.2009615384615385 0.18724593495934963 -0.54460227272727257 3.5000000000000004 7.1166666666666689 31.500000000000004 0.043835879728736878 0.16754385964912283 -0.27616341991341981 -0.058447298190887918 -0.026343801292505745 0.15643825301204822 2.3916964285714291 -0.23270818687485351
decision_type=10 10 8 10 8 10 10 8 8 8 10 10 8 8
left_child=2 -2 3 -1 -4 6 -6 8 10 -10 -7 12 -12 -9
right_child=1 -3 4 -5 5 7 -8 13 9 -11 11 -13 -14 -15
leaf_value=-0.068980763035376091 0.0061823611006520179 -0.0029673530357114679 -0.0013623371151869552 -0.0065074511076345237 -0.0044220775318664918 0.032752249073853108 -0.065163942293323493 0.024795283232126958 0.052754385561621105 0.013618838835032255 -0.059106462955457809 0.036538404673668583 -0.0097861578775355722 -0.027440953122408799
leaf_weight=556 44819 30483 227544 1117 4152 827 529 633 1046 17252 824 626 2743 2154
leaf_count=556 44819 30483 227544 1117 4152 827 529 633 1046 17252 824 626 2743 2154
internal_value=-1.38195e-05 0.00247895 -0.000736114 -0.0286689 -0.000549702 0.00544908 -0.0119027 0.0085773 0.0114637 0.0159937 -0.00504302 -0.0127956 -0.021839 -0.0153488
internal_weight=335305 75302 260003 1673 258330 30786 4681 26105 23318 18298 5020 4193 3567 2787
internal_count=335305 75302 260003 1673 258330 30786 4681 26105 23318 18298 5020 4193 3567 2787
is_linear=0
shrinkage=0.04


Tree=191
num_leaves=15
num_cat=0
split_feature=7 27 20 27 19 5 5 28 2 18 21 18 21 34
split_gain=378.921 703.655 744.98 688.193 887.952 654.573 713.689 627.008 625.565 610.81 775.715 792.554 610.136 580.501
threshold=1.5000000000000002 -5.5534956709956704 -0.29622507122507108 0.18943452380952389 0.035935707810707811 1398.0000000000002 1210.5000000000002 -1.8811565170940168 2.1416666666666684 -0.33333333333333331 -0.13055555555555548 -0.30098104056437386 0.28711970899470912 1036.5000000000002
decision_type=2 8 8 8 10 2 2 10 10 8 10 10 10 10
left_child=-1 -2 9 4 5 6 -4 -6 -7 -3 -11 -12 13 -13
right_child=1 2 3 -5 7 8 -8 -9 -10 10 11 12 -14 -15
leaf_value=-0.00051375579691114153 -0.041271199107413059 0.0048725578766677857 0.023699539283253017 0.0032629326993007142 -0.034975163837591298 0.0042308526273849793 -0.024777316822406931 0.0085774948873682394 0.05485982946780113 0.02125025461275739 -0.058669585114931345 -0.046958344880178082 0.024208301681584991 -0.0072536222906909743
leaf_weight=294600 502 4173 2484 22334 576 515 558 3363 1688 703 760 889 517 1643
leaf_count=294600 502 4173 2484 22334 576 515 558 3363 1688 703 760 889 517 1643
internal_value=-1.37384e-05 0.0036013 0.00421217 0.0070687 0.0162559 0.026955 0.0145505 0.00185022 0.0433807 -0.00613535 -0.016258 -0.0233663 -0.0137619 -0.0218336
internal_weight=335305 40705 40203 31518 9184 5245 3042 3939 2203 8685 4512 3809 3049 2532
internal_count=335305 40705 40203 31518 9184 5245 3042 3939 2203 8685 4512 3809 3049 2532
is_linear=0
shrinkage=0.04


Tree=192
num_leaves=15
num_cat=0
split_feature=36 12 9 35 35 34 34 25 4 12 20 29 2 6
split_gain=376.134 804.207 802.145 602.888 2037.7 1131.45 1470.49 974.989 881.285 1086.41 701.257 699.914 537.314 1167.18
threshold=0.033956607451505423 0.43792808219178087 1.5000000000000002 0.53406576534219286 0.52635081561283437 311.50000000000006 750.50000000000011 1.0000000180025095e-35 11.500000000000002 0.18133462282398458 0.057155344655344643 -1.9118939393939389 5.8333333333333348 2.5000000000000004
decision_type=2 10 2 2 2 10 10 8 2 10 8 10 8 10
left_child=12 2 3 4 5 7 -7 -2 9 11 -11 -5 -1 -14
right_child=1 -3 -4 8 -6 6 -8 -9 -10 10 -12 -13 13 -15
leaf_value=-0.00055516896795482456 -0.064604101412227527 -0.04760888153332099 0.032762520519487595 0.068819903259081161 -0.072258462229926532 0.068310874449359127 -0.011385480660600023 0.0038631469354384819 -0.038490545652070433 0.020069845281541349 -0.042556770729106602 0.0065865559274112173 0.017129095945800893 0.0012867798579800696
leaf_weight=269812 600 716 774 634 846 571 889 671 547 506 548 521 8727 48943
leaf_count=269812 600 716 774 634 846 571 889 671 547 506 548 521 8727 48943
internal_value=-1.36031e-05 -0.00865339 -0.00442361 -0.00918942 -0.019912 -0.00268869 0.0210133 -0.02968 0.0048342 0.0161769 -0.0129439 0.0421857 0.000194077 0.0036969
internal_weight=335305 7823 7107 6333 3577 2731 1460 1271 2756 2209 1054 1155 327482 57670
internal_count=335305 7823 7107 6333 3577 2731 1460 1271 2756 2209 1054 1155 327482 57670
is_linear=0
shrinkage=0.04


Tree=193
num_leaves=15
num_cat=0
split_feature=1 19 30 25 30 8 16 18 24 18 23 18 21 38
split_gain=378.828 757.471 676.615 873.201 936.982 1238.8 980.258 780.623 915.422 776.308 661.919 616.716 757.257 915.168
threshold=-0.34448293989960649 -0.19770141895141891 2.5894932844932845 -0.060265101410934725 2.6907368326118331 0.091168831168831191 0.16720430107526885 -0.3779482091982091 0.044921932569238966 -0.11607142857142853 0.064069127888572344 -0.16666666666666652 0.10000000000000001 0.38163553819238211
decision_type=8 8 10 8 10 10 10 8 10 8 8 8 8 10
left_child=1 -1 -2 10 5 -5 7 -6 11 -8 -4 -9 -13 -14
right_child=2 -3 3 4 6 -7 9 8 -10 -11 -12 12 13 -15
leaf_value=-0.019548017843947683 -5.6147443718647242e-08 0.0071796756191111703 -0.0045462361893441995 -0.077170386632786525 0.04116042469770221 -0.0038054891086121401 -0.0054752813604027027 0.039177692518556594 -0.027532133560843493 -0.049439086916477769 0.051935353808676699 -0.020140440547285442 0.03338570160631165 -0.025865144273699372
leaf_weight=1800 300745 20658 718 740 599 700 1200 670 1918 1369 556 1734 1346 552
leaf_count=1800 300745 20658 718 740 599 700 1200 670 1918 1369 556 1734 1346 552
internal_value=-1.34087e-05 0.0049988 -0.000373956 -0.00962744 -0.0133273 -0.0428314 -0.00859878 -0.000605198 -0.00492348 -0.0293998 0.0211339 0.00535685 -0.00132942 0.015932
internal_weight=335305 22458 312847 12102 10828 1440 9388 6819 6220 2569 1274 4302 3632 1898
internal_count=335305 22458 312847 12102 10828 1440 9388 6819 6220 2569 1274 4302 3632 1898
is_linear=0
shrinkage=0.04


Tree=194
num_leaves=15
num_cat=0
split_feature=34 24 5 31 2 10 28 1 28 5 21 27 5 12
split_gain=377.745 812.264 887.295 853.521 954.932 726.006 909.062 889.21 1248.02 1946.98 1180.1 1154.67 1044.97 1361.39
threshold=2052.5000000000005 0.044921932569238966 2462.5000000000005 -4.2640561868686859 3.7833333333333354 0.021858576206402299 2.3431806041181047 -0.10180819892358355 -0.033516171328671011 1697.5000000000002 0.092650462962963018 -0.21833333333333346 1120.5000000000002 0.036038961038961044
decision_type=10 10 2 8 10 10 10 8 10 2 8 8 2 10
left_child=5 2 3 4 -2 6 7 12 9 -9 -11 -10 -1 -14
right_child=1 -3 -4 -5 -6 -7 -8 8 11 10 -12 -13 13 -15
leaf_value=0.019915765729896933 0.013330272415520854 -0.0070307343177447848 0.041982376261921493 0.0023524648080458818 0.070438970860370029 0.00023194393789125156 0.012163002119361305 -0.015412030320283489 0.043665327858799098 -0.10821098090061773 -0.025456492998352773 -0.0061564600311281859 -0.02626549941220635 0.0049997416145317886
leaf_weight=3525 3345 12704 917 67927 503 203496 4278 11204 732 566 572 15507 3264 6765
leaf_count=3525 3345 12704 917 67927 503 203496 4278 11204 732 566 572 15507 3264 6765
internal_value=-1.32343e-05 0.00228272 0.0039141 0.00339885 0.0216031 -0.000798082 -0.00530958 -0.0070959 -0.0110918 -0.0206536 -0.0694376 -0.00378352 0.00133992 -0.00525554
internal_weight=335305 85396 72692 71775 3848 249909 46413 42135 28581 12342 1138 16239 13554 10029
internal_count=335305 85396 72692 71775 3848 249909 46413 42135 28581 12342 1138 16239 13554 10029
is_linear=0
shrinkage=0.04


Tree=195
num_leaves=15
num_cat=0
split_feature=37 33 29 18 12 1 33 30 1 35 19 36 6 0
split_gain=371.158 478.903 920.067 694.081 727.222 777.634 959.049 610.473 1052.73 913.341 781.283 857.731 1100.66 998.214
threshold=0.025239471702578762 -0.037760979189056833 -6.9191964285714276 -0.45825617283950609 1.0000000180025095e-35 -0.12698487854737853 -0.045316725243848062 1.1222271825396828 -0.31872850914517575 0.42470547208496884 0.1337656479323146 -0.013976126079040476 6.5000000000000009 0.47037037037037049
decision_type=10 10 8 8 10 8 10 10 8 2 8 2 10 10
left_child=1 2 -1 -4 5 -5 -7 10 -9 -10 -6 -12 13 -13
right_child=-2 -3 3 4 7 6 -8 8 9 -11 11 12 -14 -15
leaf_value=-0.05572765130247271 0.02114817449508586 0.00029222706810709049 -0.038363046439268106 0.0036211728278271716 0.0038958490131614193 -0.014231908366906972 -0.084153511795864222 -0.020246551560282395 -0.023005258160609415 0.03419184609899676 0.025336656212872757 -0.040610164963567882 -0.074463643510874949 0.00011507543695981584
leaf_weight=529 1271 313454 877 936 7476 783 504 1083 500 2616 655 1468 520 2633
leaf_count=529 1271 313454 877 936 7476 783 504 1083 500 2616 655 1468 520 2633
internal_value=-1.25823e-05 -9.62521e-05 -0.00599955 -0.00455223 -0.00291 -0.0241556 -0.0437369 -6.09394e-05 0.0130768 0.0247955 -0.00442113 -0.0161321 -0.0222183 -0.0147766
internal_weight=335305 334034 20580 20051 19174 2223 1287 16951 4199 3116 12752 5276 4621 4101
internal_count=335305 334034 20580 20051 19174 2223 1287 16951 4199 3116 12752 5276 4621 4101
is_linear=0
shrinkage=0.04


Tree=196
num_leaves=15
num_cat=0
split_feature=32 33 19 20 22 14 30 19 2 23 20 13 25 6
split_gain=369.073 2097.23 798.771 797.718 719.793 724.084 673.884 1306.57 739.078 683.663 666.535 656.308 861.2 897.292
threshold=0.45840305614638494 -0.049188232376807701 -0.086314935064935053 -0.042045454545454532 8.5000000000000018 0.077350427350427367 2.3371478174603175 -0.17777777777777773 1.9000000000000019 -0.096565852796008197 -0.24581876456876453 1.5000000000000002 -0.022499999999999975 4.5000000000000009
decision_type=8 10 8 8 2 10 10 10 10 10 10 2 8 10
left_child=2 3 6 10 -3 -6 8 -8 -1 -10 -2 -4 -13 -14
right_child=1 4 11 -5 5 -7 7 -9 9 -11 -12 12 13 -15
leaf_value=0.032856325053771222 -0.043875407558035422 -0.00010177993510930232 -0.00086054514036422187 -0.065289706215191187 -0.0070813612300819548 -0.050325741117994101 -0.053141586694690518 0.025433244028631435 -0.031329880206249772 0.012698973938746106 0.017140199285103023 -0.019487424407253335 0.040881756861941981 -0.001201325354126133
leaf_weight=2906 550 271797 43224 996 2176 828 633 628 572 6269 509 853 2047 1317
leaf_count=2906 550 271797 43224 996 2176 828 633 628 572 6269 509 853 2047 1317
internal_value=-1.36428e-05 -0.000623513 0.0028732 -0.0403976 -0.000318782 -0.0196297 0.0125546 -0.0145324 0.0161152 0.00881695 -0.0150982 0.000615916 0.0155823 0.02463
internal_weight=335305 276856 58449 2055 274801 3004 11008 1261 9747 6841 1059 47441 4217 3364
internal_count=335305 276856 58449 2055 274801 3004 11008 1261 9747 6841 1059 47441 4217 3364
is_linear=0
shrinkage=0.04


Tree=197
num_leaves=15
num_cat=0
split_feature=37 32 33 6 9 31 25 14 31 8 34 29 4 25
split_gain=368.623 612.692 958.221 637.12 1190.35 1211.57 1276.21 959.084 793.661 771.724 765.899 1040.69 1159.45 942.725
threshold=0.0011518105772833952 0.59577669648383957 0.061007435103316195 3.5000000000000004 2.5000000000000004 -3.8439583333333327 0.021498880748880754 0.038648244958924577 -10.135268550893548 0.038711288711288719 64.500000000000014 -6.0602534965034964 8.5000000000000018 -0.034090909090909047
decision_type=10 8 10 10 2 8 8 8 8 10 10 10 2 8
left_child=1 3 -3 4 5 6 9 10 -9 -1 13 12 -12 -5
right_child=-2 2 -4 7 -6 -7 -8 8 -10 -11 11 -13 -14 -15
leaf_value=0.0083282815127599021 -0.0018106825496335115 -0.045172809126443683 0.01072857991870135 0.028621532192891059 0.048084635888912479 0.0019027391891881242 -0.0011147690187999248 -0.040588191074655056 -0.0023893291042633756 0.050454966360071428 0.072418131843575054 0.00317425566734035 0.01180030921618558 -0.029182643314102811
leaf_weight=1030 118224 1087 835 525 968 40260 2311 829 90301 2250 668 72076 1789 2152
leaf_count=1030 118224 1087 835 525 968 40260 2311 829 90301 2250 668 72076 1789 2152
internal_value=-1.3954e-05 0.00096475 -0.0212306 0.00116791 0.00529259 0.00433778 0.0216999 1.95098e-05 -0.00275889 0.0375498 0.00329848 0.00405781 0.0293965 -0.0175294
internal_weight=335305 217081 1922 215159 46819 45851 5591 168340 91130 3280 77210 74533 2457 2677
internal_count=335305 217081 1922 215159 46819 45851 5591 168340 91130 3280 77210 74533 2457 2677
is_linear=0
shrinkage=0.04


Tree=198
num_leaves=15
num_cat=0
split_feature=2 1 2 24 27 17 6 37 28 6 29 36 19 34
split_gain=364.591 402.536 1265.9 990.545 1223.77 988.913 1046.97 1070.93 974.953 1393.04 1291.51 1055.56 1249.22 1128.31
threshold=9.141666666666671 -0.048211318002984609 4.4416666666666691 0.06931847409277965 -5.9059090909090903 2.5000000000000004 3.5000000000000004 0.0019614089770756573 0.23861607142857158 8.5000000000000018 -1.0366437728937725 0.0089687848445030634 -0.10052045755170755 1580.5000000000002
decision_type=10 8 8 10 10 2 10 10 8 10 8 2 8 10
left_child=1 2 5 4 -4 -1 7 -7 9 -3 -10 12 -11 -14
right_child=-2 8 3 -5 -6 6 -8 -9 10 11 -12 -13 13 -15
leaf_value=-0.010162333975758796 0.017753603081781338 -0.0039648414951690344 0.062115606355052713 -0.033265521698353367 0.014694715599375812 0.017342597443267316 0.00012405373638502932 -0.002577264660448463 0.061330974093433341 0.0047320766330489683 0.00050991681962362224 0.010864080751540035 -0.035347467218535676 -0.10974069114444848
leaf_weight=12102 1788 66038 1005 507 5330 12349 94776 6608 511 526 131704 628 884 549
leaf_count=12102 1788 66038 1005 507 5330 12349 94776 6608 511 526 131704 628 884 549
internal_value=-1.27084e-05 -0.000110601 0.00159879 0.0182909 0.0226452 0.000684293 0.00184241 0.0104105 -0.00123996 -0.00510646 0.000768081 -0.0336207 -0.0477967 -0.0665875
internal_weight=335305 333517 132677 6842 6335 125835 113733 18957 200840 68625 132215 2587 1959 1433
internal_count=335305 333517 132677 6842 6335 125835 113733 18957 200840 68625 132215 2587 1959 1433
is_linear=0
shrinkage=0.04


Tree=199
num_leaves=15
num_cat=0
split_feature=21 32 31 17 31 5 32 29 27 35 37 37 16 26
split_gain=364.277 648.97 999.632 1464.22 995.785 718.223 1214.55 932.471 922.836 1011.63 922.098 915.924 680.108 617.135
threshold=0.34060846560846575 0.52327857016578994 -2.999707584082584 4.5000000000000009 -1.511513486513486 1762.5000000000002 0.45990687263208913 0.33373917748917775 -0.21833333333333346 0.48401423210094896 0.0022533703671499578 -0.0040614456746001703 0.14650406504065042 -0.12856086221470833
decision_type=10 8 8 2 8 2 10 10 10 2 8 8 10 8
left_child=13 5 3 -3 -4 7 -7 11 -8 -10 12 -2 -9 -1
right_child=1 2 4 -5 -6 6 8 10 9 -11 -12 -13 -14 -15
leaf_value=0.011437252764920585 -0.028372211513588021 -0.028794217862587956 -0.063528012776986623 0.060338436367409889 -0.014971622132036146 0.064564496407364891 -0.036145093368164322 -0.015008413458209673 -0.018207614690076607 0.047225354708997268 -0.036916643485324599 0.010368261110110419 0.01244356428503819 8.4990661891879641e-05
leaf_weight=7812 1073 510 744 583 4979 629 623 4266 614 853 1971 7489 2125 301034
leaf_count=7812 1073 510 744 583 4979 629 623 4266 614 853 1971 7489 2125 301034
internal_value=-1.22334e-05 -0.00451211 -0.0150982 0.0193084 -0.0217796 -0.000809805 0.0180817 -0.00388923 0.00291074 0.0201415 -0.0133524 0.00537672 -0.00585492 0.000373941
internal_weight=335305 26459 6816 1093 5723 19643 2719 16924 2090 1467 8362 8562 6391 308846
internal_count=335305 26459 6816 1093 5723 19643 2719 16924 2090 1467 8362 8562 6391 308846
is_linear=0
shrinkage=0.04


Tree=200
num_leaves=15
num_cat=0
split_feature=16 26 33 28 33 8 37 1 23 25 38 10 2 38
split_gain=364.091 689.191 675.069 1265.78 1331.92 1048.38 956.29 666.017 1011.95 1027.9 998.606 1088.93 983.615 1224.69
threshold=0.087167581257914753 -0.18739583333333329 0.03283458965739474 -1.5249679487179482 0.036398834171135132 0.037268518518518527 -0.0023553528828838188 -0.30462458617220517 0.1433768266132083 -0.0096793530543530532 0.34553728276992057 0.14232409381663116 1.8666666666666671 -0.028824664920148121
decision_type=8 8 10 8 10 10 10 8 8 8 8 10 8 10
left_child=7 -2 -3 4 -4 -6 -7 8 10 -10 11 -1 13 -9
right_child=1 2 3 -5 5 6 -8 12 9 -11 -12 -13 -14 -15
leaf_value=0.033973757943454037 0.020004094446877771 -0.0024304755587128248 -0.071380685210572226 0.010359096094517321 -0.046910885636005747 0.034548117343498316 -0.028013896244410121 -0.066010293239023646 0.069421845415377048 0.016617188841294334 -0.0065272061633220224 -0.0077285276987390378 0.0019331509202968808 -0.0056902177823151606
leaf_weight=2618 2351 153980 556 15069 611 1054 560 503 703 2982 6502 1579 124589 21648
leaf_count=2618 2351 153980 556 15069 611 1054 560 503 703 2982 6502 1579 124589 21648
internal_value=-1.19557e-05 -0.0012795 -0.00157644 0.00577693 -0.0187962 -0.00437602 0.0126518 0.00135828 0.00955687 0.0274854 0.00328272 0.0183782 0.000551645 -0.00720553
internal_weight=335305 174181 171830 17850 2781 2225 1614 161124 14384 3685 10699 4197 146740 22151
internal_count=335305 174181 171830 17850 2781 2225 1614 161124 14384 3685 10699 4197 146740 22151
is_linear=0
shrinkage=0.04


Tree=201
num_leaves=15
num_cat=0
split_feature=35 5 30 31 37 1 27 16 29 4 1 0 14 28
split_gain=364.833 990.764 835.9 906.877 836.321 1078.99 876.291 1036.5 794.145 780.146 660.656 1219.53 639.605 621.839
threshold=0.42998168454919106 1197.5000000000002 -0.21634424603174587 1.5148275335775339 0.0072062398707483837 0.056443083431719866 -1.4538780663780662 0.10275263951734541 -0.13611111111111066 11.500000000000002 -0.43366373654835189 0.14034391534391541 0.15339366515837108 1.9057148407148408
decision_type=2 2 10 8 10 10 10 8 10 2 8 8 10 8
left_child=1 -1 3 9 5 6 7 -4 -7 -3 -8 -12 -6 -5
right_child=-2 2 4 13 12 8 10 -9 -10 -11 11 -13 -14 -15
leaf_value=0.014250813262956397 -0.00048717858216697338 0.044933710805133552 0.035892336947969859 -0.0083648392545824044 -0.041151578388829747 -0.071671683790706167 0.033340370965800961 -0.0043511188299078301 -0.010746114544973954 -0.0023187367733339169 -0.043142756200082205 -0.0017239625862483802 0.0015363348878141042 0.01689651999852107
leaf_weight=10276 296803 1707 2160 3835 1589 515 653 1890 924 813 1243 9493 849 2555
leaf_count=10276 296803 1707 2160 3835 1589 515 653 1890 924 813 1243 9493 849 2555
internal_value=-1.17628e-05 0.00364899 -0.000229105 0.00987338 -0.0049026 -0.0017059 0.00142577 0.017288 -0.0342251 0.0299406 -0.00426585 -0.00669714 -0.026554 0.00178851
internal_weight=335305 38502 28226 8910 19316 16878 15439 4050 1439 2520 11389 10736 2438 6390
internal_count=335305 38502 28226 8910 19316 16878 15439 4050 1439 2520 11389 10736 2438 6390
is_linear=0
shrinkage=0.04


Tree=202
num_leaves=15
num_cat=0
split_feature=8 1 4 17 0 2 26 35 6 3 28 6 5 28
split_gain=363.993 814.033 1055.75 1377.57 1263.21 910.999 1406.15 1353.07 902.07 940.259 905.287 934.883 883 1576.51
threshold=0.1623310810810811 -0.18519371574927126 11.500000000000002 3.5000000000000004 0.26789321789321802 2.2833333333333337 -0.11994949494949493 0.5315677846713891 8.5000000000000018 0.73030303030303034 -1.9303367003367 4.5000000000000009 1155.0000000000002 -0.54674242424242425
decision_type=10 10 2 2 10 8 8 2 10 2 10 10 2 10
left_child=1 2 -1 4 -4 6 -3 -8 9 10 11 -5 -9 -14
right_child=-2 5 3 8 -6 -7 7 12 -10 -11 -12 -13 13 -15
leaf_value=0.0055979445859518232 0.0017593951704934184 0.028195610437761195 -0.031252276507318932 -0.0051145948052818578 0.023155653064522403 -0.00113689137654916 -0.0065343656104064297 -0.013746905771688972 -0.046379843027415601 0.021610862825884158 0.0027081842975192594 -0.067974636279291775 -0.084450319998687573 -0.020090864056052964
leaf_weight=50257 119476 1481 4397 953 769 119310 20963 3095 555 3341 7539 588 977 1604
leaf_count=50257 119476 1481 4397 953 769 119310 20963 3095 555 3341 7539 588 977 1604
internal_value=-1.15136e-05 -0.000992012 0.00261331 -0.00564738 -0.0230089 -0.00266499 -0.00913503 -0.0112594 0.00132637 0.0036354 -0.00306083 -0.0304826 -0.0285007 -0.0455951
internal_weight=335305 215829 68399 18142 5166 147430 28120 26639 12976 12421 9080 1541 5676 2581
internal_count=335305 215829 68399 18142 5166 147430 28120 26639 12976 12421 9080 1541 5676 2581
is_linear=0
shrinkage=0.04


Tree=203
num_leaves=15
num_cat=0
split_feature=20 6 16 3 25 22 23 20 6 37 31 31 37 32
split_gain=354.576 669.564 951.634 830.032 825.712 759.758 685.592 866.622 802.731 1135.47 1204.85 690.761 819.297 752.155
threshold=0.042592592592592605 2.5000000000000004 1.0000000180025095e-35 0.20526315789473687 0.02343749999999999 1.5000000000000002 -0.013408671232745315 0.075757575757575787 7.5000000000000009 0.0017948137476752433 -1.0713216991341987 -5.6520075757575734 -0.00093792717686550528 0.45990687263208913
decision_type=10 10 10 2 10 2 8 10 10 8 10 8 10 10
left_child=-1 2 -2 4 -3 -6 7 -5 -8 10 -10 -9 -13 -14
right_child=1 3 -4 6 5 -7 8 11 9 -11 -12 12 13 -15
leaf_value=-0.00059412144600003386 -0.01848563244334352 0.0003864980898511185 0.031297290511255231 -0.030590407455396474 0.0088636554417718359 -0.029963060153043571 0.0055355665327844064 0.03566403419344219 -0.041209969643935349 0.062557987471522108 0.02718055263175255 0.012160192659776168 0.012505654255248353 -0.021771218125017876
leaf_weight=279408 761 8228 2625 1600 1027 3400 25744 781 502 938 1594 3557 1361 3779
leaf_count=279408 761 8228 2625 1600 1027 3400 25744 781 502 938 1594 3557 1361 3779
internal_value=-1.2208e-05 0.00289449 0.0200024 0.00177336 -0.00713317 -0.0209574 0.00460674 -0.00383645 0.00785794 0.0271544 0.0102222 0.000816762 -0.00249854 -0.0126621
internal_weight=335305 55897 3386 52511 12655 4427 39856 11078 28778 3034 2096 9478 8697 5140
internal_count=335305 55897 3386 52511 12655 4427 39856 11078 28778 3034 2096 9478 8697 5140
is_linear=0
shrinkage=0.04


Tree=204
num_leaves=15
num_cat=0
split_feature=34 6 31 18 21 34 26 35 29 0 19 3 19 35
split_gain=358.542 618.452 925.231 797.815 1286.04 1644.53 826.501 1296.93 1252.08 1317.04 1293.22 1148.55 1091.23 954.973
threshold=2164.5000000000005 5.5000000000000009 -5.8081630869130851 -0.26783068783068775 0.074074074074074042 2825.5000000000005 1.0000000180025095e-35 0.45728696930364959 1.0000000180025095e-35 0.45836339586339597 0.14899096852221855 0.42481203007518803 0.085232683982683993 0.51015031940129851
decision_type=10 10 10 8 10 10 8 2 10 10 10 2 10 2
left_child=-1 -2 -3 4 -4 -6 -5 11 13 -10 -11 -8 -13 -9
right_child=1 2 3 6 5 -7 7 8 9 10 -12 12 -14 -15
leaf_value=-0.00072233613861848026 0.0044633715246046625 -0.047490622883480563 0.006400360805140815 0.011655824051827813 -0.082381025988217366 0.0033517960826643899 0.00078004320725506425 0.058692830038904138 -0.041394295358535303 0.016184404749393966 -0.050770087357664452 -0.084351433437224371 -0.0092470443022764272 -0.00051757159458347413
leaf_weight=258848 57443 697 1347 6979 826 599 970 894 1312 2779 502 789 512 808
leaf_count=258848 57443 697 1347 6979 826 599 970 894 1312 2779 502 789 512 808
internal_value=-1.14003e-05 0.0023944 -0.00385147 -0.00206615 -0.0216333 -0.0474512 0.00148126 -0.00682782 0.00257581 -0.00831756 0.00533191 -0.0323878 -0.0562307 0.031371
internal_weight=335305 76457 19014 18317 2772 1425 15545 8566 6295 4593 3281 2271 1301 1702
internal_count=335305 76457 19014 18317 2772 1425 15545 8566 6295 4593 3281 2271 1301 1702
is_linear=0
shrinkage=0.04


Tree=205
num_leaves=15
num_cat=0
split_feature=32 33 5 30 8 35 2 6 25 34 36 25 28 29
split_gain=349.553 938.114 1602.85 1525.04 981.712 821.837 1087.56 771.201 764.732 729.627 666.982 666.158 735.334 654.523
threshold=0.50967411636859938 0.0047096552749147629 1729.0000000000002 -1.1904811507936504 0.062781531531531543 0.40441037508613425 1.2000000000000017 4.5000000000000009 0.0090663580246913653 600.50000000000011 -0.00094569869892282513 0.053875217044859904 -0.56610375735375718 -0.080964405964406419
decision_type=8 10 2 10 10 2 10 8 10 10 2 10 10 10
left_child=-1 2 5 -4 -5 -2 7 9 -9 -7 -11 -8 -13 -6
right_child=1 -3 3 4 13 6 11 8 -10 10 -12 12 -14 -15
leaf_value=0.00098804045206053021 0.024680127079824126 6.2598147043097465e-05 0.040987889759977379 -0.047638040949445452 0.039667020977506205 -0.043465454924582987 -0.0069928008208597911 -0.032530442317388095 -0.089422554643328184 0.030989487546542526 -0.024883118150368842 -0.071187893798111676 -0.016212981909249812 -0.0090607722517123609
leaf_weight=209575 842 100282 1814 637 631 879 14363 1248 569 632 636 501 1483 1213
leaf_count=209575 842 100282 1814 637 631 879 14363 1248 569 632 636 501 1483 1213
internal_value=-1.22286e-05 -0.00167927 -0.00853006 0.0136349 -0.00677908 -0.0130521 -0.014673 -0.0333561 -0.0522641 -0.0165291 0.00308423 -0.0100547 -0.0315039 0.00822043
internal_weight=335305 125730 25448 4295 2481 21153 20311 3964 1817 2147 1268 16347 1984 1844
internal_count=335305 125730 25448 4295 2481 21153 20311 3964 1817 2147 1268 16347 1984 1844
is_linear=0
shrinkage=0.04


Tree=206
num_leaves=15
num_cat=0
split_feature=10 27 6 21 6 25 33 38 10 6 3 35 9 34
split_gain=350.204 867.041 1067.09 805.06 885.624 767.182 752.209 795.792 1653.66 864.671 721.977 714.712 723.801 709.706
threshold=0.2009615384615385 -10.898275058275058 2.5000000000000004 -0.54460227272727257 3.5000000000000004 -0.048602113494970629 -0.0054841854543452142 1.0000000180025095e-35 0.23132664437012265 3.5000000000000004 0.55050505050505061 0.50659989049699483 2.5000000000000004 91.500000000000014
decision_type=10 10 10 8 10 8 8 10 10 8 2 2 2 10
left_child=3 2 -2 4 -1 -3 7 13 -9 -10 -4 12 -8 -7
right_child=1 5 10 -5 -6 6 11 8 9 -11 -12 -13 -14 -15
leaf_value=-0.066925059569255749 0.020093586016989108 0.013556899644059345 -0.010501452060377128 -0.00052683923052841686 -0.006528563042966954 -0.037198711048038721 0.0079685353871235022 0.017011791956489396 0.016254952693406561 -0.019233851798825492 -0.061374272499293121 -0.0012026781056591971 0.033759927185989108 0.0059349641380837138
leaf_weight=556 705 9821 900 258330 1117 591 17826 3014 1179 11241 887 14361 1889 12888
leaf_count=556 705 9821 900 258330 1117 591 17826 3014 1179 11241 887 14361 1889 12888
internal_value=-1.29562e-05 0.00238819 -0.0205796 -0.000708702 -0.0279602 0.00318788 0.00156171 -0.00318081 -0.00936889 -0.0158133 -0.036736 0.00558443 0.0105189 0.00391324
internal_weight=335305 75302 2492 260003 1673 72810 62989 28913 15434 12420 1787 34076 19715 13479
internal_count=335305 75302 2492 260003 1673 72810 62989 28913 15434 12420 1787 34076 19715 13479
is_linear=0
shrinkage=0.04


Tree=207
num_leaves=15
num_cat=0
split_feature=21 21 10 10 1 34 34 22 19 36 37 35 19 5
split_gain=348.784 634.01 908.202 1029.42 999.905 1018.7 822.129 764.746 1016.39 754.905 707.263 805.593 636.419 1129.97
threshold=0.34060846560846575 0.43899063899063906 0.29459980713596917 0.066915422885572159 0.069151103526103472 1976.5000000000002 64.500000000000014 3.5000000000000004 0.25003306878306891 -0.0075562300286479882 0.0021898116926694178 0.48781648736716182 0.25470432345432353 2026.5000000000002
decision_type=10 10 10 10 10 10 10 2 10 2 10 2 10 2
left_child=-1 6 3 -3 5 7 -2 9 -9 -5 11 -6 -8 -14
right_child=1 2 -4 4 10 -7 12 8 -10 -11 -12 -13 13 -15
leaf_value=0.0003649054165164021 -0.043799258948401934 0.017360327363082392 0.038512712026702201 0.061528944667531039 -0.05034404845144122 -0.033621976200090345 0.0025263157909945809 0.024802622696673545 -0.047709572868382281 0.010506337059265647 -0.060731039192609505 0.0068992041425951682 -0.010352044268823522 -0.069507473500402012
leaf_weight=308846 1003 3304 988 610 574 963 6210 537 612 1657 768 1037 7689 507
leaf_count=308846 1003 3304 988 610 574 963 6210 537 612 1657 768 1037 7689 507
internal_value=-1.29682e-05 -0.00441611 0.00288912 -0.000781937 -0.00971408 0.0016843 -0.0096472 0.0119789 -0.014199 0.0252669 -0.0302978 -0.0143981 -0.00712613 -0.0144106
internal_weight=335305 26459 11050 10062 6758 4379 15409 3416 1149 2267 2379 1611 14406 8196
internal_count=335305 26459 11050 10062 6758 4379 15409 3416 1149 2267 2379 1611 14406 8196
is_linear=0
shrinkage=0.04


Tree=208
num_leaves=15
num_cat=0
split_feature=28 29 2 12 29 24 5 6 37 36 28 26 10 34
split_gain=346.84 641.489 707.719 590.68 552.872 942.914 511.03 510 495.036 634.542 479.379 440.372 587.026 434.237
threshold=2.8605986952861957 4.8985709776334785 6.1833333333333362 0.56787469287469305 6.360037202380953 -0.011572902806669024 1401.5000000000002 5.5000000000000009 0.00013339367815715198 0.0088072203551778309 3.7458369408369414 -0.038461538461538415 0.050316455696202543 2383.5000000000005
decision_type=10 10 8 10 10 8 2 10 10 2 10 8 10 10
left_child=1 -1 6 4 7 -6 -3 8 10 -10 -2 -9 -13 -5
right_child=3 2 -4 13 5 -7 -8 11 9 -11 -12 12 -14 -15
leaf_value=-0.00013213115267005101 0.0047979879226178052 -0.066539863027840221 0.0086635550662202427 0.037922982502386508 0.013865902282134799 -0.039868551388120926 -0.016625119525926275 -0.010198201134288936 0.0012361665261731902 -0.036279976899599678 0.042071139807708463 -0.0023649699581464946 0.044945455894569004 -0.0040014144419141329
leaf_weight=319406 3261 559 764 1387 911 1116 813 503 2532 957 619 592 1352 533
leaf_count=319406 3261 559 764 1387 911 1116 813 503 2532 957 619 592 1352 533
internal_value=-1.33653e-05 -0.000279945 -0.0218747 0.00619316 0.00280699 -0.0159661 -0.0385867 0.0067449 0.00144084 -0.00942135 0.011204 0.0223691 0.0308401 0.0264784
internal_weight=335305 321542 2136 13763 11843 2027 1372 9816 7369 3489 3880 2447 1944 1920
internal_count=335305 321542 2136 13763 11843 2027 1372 9816 7369 3489 3880 2447 1944 1920
is_linear=0
shrinkage=0.04


Tree=209
num_leaves=15
num_cat=0
split_feature=32 33 10 2 5 8 20 3 25 29 2 16 5 17
split_gain=346.452 516.601 423.439 413.859 1084.09 1787.05 2242.73 981.259 1071.57 1166.56 1098.24 881.624 871.39 855.803
threshold=0.36403728807864855 -0.080873735640268715 0.031498015873015879 3.9166666666666674 2462.5000000000005 0.091168831168831191 -0.096404521404521409 0.10818713450292398 -0.099988977072310373 2.0365376984126988 8.016666666666671 0.11451990632318503 802.50000000000011 3.5000000000000004
decision_type=8 10 10 8 2 10 8 2 10 8 8 10 2 2
left_child=2 -2 -1 13 7 -6 -7 8 11 10 -10 -5 -9 -3
right_child=1 3 -4 4 5 6 -8 12 9 -11 -12 -13 -14 -15
leaf_value=0.038606687901552611 -0.033423032912435716 -0.0063392609286735211 0.0038754554118456291 -0.004681742004217471 -0.019506750174731181 0.0015692261414729811 0.11014641906186602 -0.044788263163066493 -0.0083220476053330033 -0.025328522572358656 0.036052192158989901 0.028570771664803738 0.0027608611246196474 0.00014570614238467082
leaf_weight=753 694 41589 1913 3350 674 564 615 570 6206 6524 991 1999 119553 149310
leaf_count=753 694 41589 1913 3350 674 564 615 570 6206 6524 991 1999 119553 149310
internal_value=-1.29649e-05 -0.000129119 0.0142153 -5.44882e-05 0.00158834 0.0315754 0.0603831 0.00117794 -0.00723946 -0.0131466 -0.0020053 0.00789472 0.00251669 -0.00126839
internal_weight=335305 332639 2666 331945 141046 1853 1179 139193 19070 13721 7197 5349 120123 190899
internal_count=335305 332639 2666 331945 141046 1853 1179 139193 19070 13721 7197 5349 120123 190899
is_linear=0
shrinkage=0.04


Tree=210
num_leaves=15
num_cat=0
split_feature=23 5 28 18 26 33 6 33 26 35 6 1 6 28
split_gain=356.01 769.916 3868.98 1668.22 1601.03 827.358 1435 831.395 776.947 825.135 717.722 660.784 634.782 2040.05
threshold=0.007284166450833119 2081.0000000000005 -1.6885286935286936 -0.16789875248208574 0.032415824915824933 0.022787622271271152 3.5000000000000004 0.05241839235130101 0.010416666666666682 0.50793640247717498 5.5000000000000009 -0.18519371574927126 8.5000000000000018 -0.96388125763125754
decision_type=10 2 10 10 10 10 10 10 10 2 8 10 10 8
left_child=12 5 -3 4 11 -2 7 8 9 -7 -5 -4 -1 -14
right_child=1 2 3 10 -6 6 -8 -9 -10 -11 -12 -13 13 -15
leaf_value=-0.0004580824387038718 0.0010319448969878693 -0.098732492540637151 -0.021621198054010329 0.0076698373832924842 0.034557146905241788 0.046137809329246056 0.0046952963890387021 -0.0032474153604759963 0.068001245089988824 -0.010439175601600318 0.054503372213491275 -0.075738618675388295 -0.051276976949056217 -0.002236784047453404
leaf_weight=223458 80687 676 927 1501 505 1014 13577 785 1141 648 771 611 1614 7390
leaf_count=223458 80687 676 927 1501 505 1014 13577 785 1141 648 771 611 1614 7390
internal_value=-1.19732e-05 0.00194704 -0.0132998 0.00106192 -0.0248485 0.00273111 0.0106921 0.0330077 0.0430402 0.0244183 0.0243941 -0.0448282 -0.000878886 -0.011262
internal_weight=335305 102843 4991 4315 2043 97852 17165 3588 2803 1662 2272 1538 232462 9004
internal_count=335305 102843 4991 4315 2043 97852 17165 3588 2803 1662 2272 1538 232462 9004
is_linear=0
shrinkage=0.04


Tree=211
num_leaves=15
num_cat=0
split_feature=1 38 30 5 5 1 34 19 16 36 27 22 19 28
split_gain=349.236 1081.12 1678.14 1478.92 1090.65 1908.99 1504.2 1656.34 958.211 1070.46 974.385 1171.44 1039.52 813.017
threshold=-0.066371974452782548 0.16775871876507506 -1.2968750000000002 2455.0000000000005 2081.0000000000005 -0.090612660105141227 774.50000000000011 -0.027499448853615546 0.19876543209876546 -0.022600686941544799 -5.5534956709956704 3.5000000000000004 0.11913179413179416 -3.4821879509379507
decision_type=8 8 10 2 2 10 10 8 8 2 8 2 8 8
left_child=1 2 -1 8 -4 6 -6 -8 10 -10 11 12 -3 -12
right_child=-2 3 4 -5 5 -7 7 -9 9 -11 13 -13 -14 -15
leaf_value=0.061222610836367264 -0.0010000901269169961 0.089296867481622647 0.0074822978745005247 -0.058332192368742798 -0.0803740813820705 0.049873028269759166 -0.066333468987414268 0.014867309034192618 -0.04471463659382096 -0.0057173783636976332 -0.035378774928490918 -0.0041545853578140489 0.017039708680065272 0.0015874387614385199
leaf_weight=840 211388 583 38520 664 687 505 546 1194 1149 19094 918 1062 701 57454
leaf_count=840 211388 583 38520 664 687 505 546 1194 1149 19094 918 1062 701 57454
internal_value=-1.17754e-05 0.0016739 0.00686043 -0.00101593 0.00568638 -0.0176378 -0.0324084 -0.0117541 -0.000510142 -0.0080356 0.00200334 0.0270041 0.0519653 0.0009763
internal_weight=335305 123917 42292 81625 41452 2932 2427 1740 80961 20243 60718 2346 1284 58372
internal_count=335305 123917 42292 81625 41452 2932 2427 1740 80961 20243 60718 2346 1284 58372
is_linear=0
shrinkage=0.04


Tree=212
num_leaves=15
num_cat=0
split_feature=37 18 0 21 26 12 10 28 24 32 34 3 24 21
split_gain=350.793 467.025 400.013 579.537 568.344 620.396 561.814 438.12 463.497 408.228 1120.37 697.844 469.526 664.642
threshold=0.025239471702578762 -0.034498140748140747 0.037037037037037056 -0.29621362433862419 0.060009920634920652 0.13667496886674971 0.17407773386034259 0.28416703088578094 0.17604586404189579 0.59577669648383957 124.50000000000001 0.71825396825396837 -0.1916666666666666 0.05850168350168352
decision_type=10 8 8 8 10 10 8 10 8 8 10 2 8 10
left_child=2 -2 3 -1 5 6 -5 8 -7 12 -11 -12 13 -4
right_child=1 -3 9 4 -6 7 -8 -9 -10 10 11 -13 -14 -15
leaf_value=0.030793247723037546 0.039324794166958797 -0.0088806432002299547 -0.044723466456170306 -0.0076522346482558101 -0.039914320339049077 0.00087510895768022222 -0.041948010732608863 -0.022483622707818684 0.038064609566263743 -0.050300188680821346 -0.013525428525196104 0.029118766427707703 0.00039295451550276682 0.0021959908870007854
leaf_weight=500 766 505 842 2464 952 1480 1078 615 793 909 1896 847 320614 1044
leaf_count=500 766 505 842 2464 952 1480 1078 615 793 909 1896 847 320614 1044
internal_value=-1.16303e-05 0.0205604 -9.29723e-05 -0.00896838 -0.0118506 -0.00741965 -0.0185287 0.00628855 0.0143897 0.000122858 -0.0130845 -7.19479e-05 0.000274424 -0.0193651
internal_weight=335305 1271 334034 7882 7382 6430 3542 2888 2273 326152 3652 2743 322500 1886
internal_count=335305 1271 334034 7882 7382 6430 3542 2888 2273 326152 3652 2743 322500 1886
is_linear=0
shrinkage=0.04


Tree=213
num_leaves=15
num_cat=0
split_feature=1 36 29 0 6 19 24 31 12 14 4 22 23 33
split_gain=361.237 719.927 512.597 800.125 669.465 607.763 760.451 617.302 493.389 443.912 777.98 761.905 678.049 777.39
threshold=-0.41346449846449845 0.017173520316346003 -2.0572767857142851 0.14034391534391541 8.5000000000000018 -0.005330086580086566 0.04166666666666672 -7.1943790584415579 0.31851119894598162 0.2573593073593074 6.5000000000000009 7.5000000000000009 -0.04033558070016402 0.010965631803316373
decision_type=8 2 8 10 8 10 10 8 8 8 2 2 8 10
left_child=1 2 5 4 8 6 -1 -7 -4 -2 -11 12 13 -12
right_child=9 -3 3 -5 -6 7 -8 -9 -10 10 11 -13 -14 -15
leaf_value=0.024735968513092139 0.00018641291578250485 -0.036916084022135351 0.0070948748003246947 0.038837813794621423 -0.04151509443320478 0.0050935132149465623 -0.033253862591652139 0.054985636041595058 -0.032282490661600605 0.027272045365090248 -0.045997792669338927 -0.050925267799361768 -0.0036395630344016917 0.0073521505692583878
leaf_weight=933 300094 505 4350 823 571 609 523 1151 526 1071 1257 562 21692 638
leaf_count=933 300094 505 4350 823 571 609 523 1151 526 1071 1257 562 21692 638
internal_value=-1.16938e-05 0.00746083 0.0100045 0.0032828 -0.00239369 0.0228583 0.00349336 0.0383394 0.00256247 -0.0002423 -0.00533386 -0.00683328 -0.00567721 -0.0283089
internal_weight=335305 9991 9486 6270 5447 3216 1456 1760 4876 325314 25220 24149 23587 1895
internal_count=335305 9991 9486 6270 5447 3216 1456 1760 4876 325314 25220 24149 23587 1895
is_linear=0
shrinkage=0.04


Tree=214
num_leaves=15
num_cat=0
split_feature=4 34 35 34 30 37 27 1 36 18 12 34 1 2
split_gain=346.312 949.468 704.573 751.294 1445.8 1347.02 1275.48 1227.63 860.638 806.918 997.294 1014.08 1342.31 1081.36
threshold=8.5000000000000018 4.5000000000000009 0.42884230871526469 124.50000000000001 2.1574607683982689 -0.0017019358426614616 1.1801535443722948 0.036462512355369521 0.04746208329526768 -0.2631012506012505 0.30717948717948723 11.500000000000002 0.1291279142668032 2.3666666666666685
decision_type=2 10 2 10 10 8 8 10 2 8 10 8 10 10
left_child=2 -2 -1 4 5 6 7 -4 -5 -7 11 13 -13 -11
right_child=1 -3 3 8 -6 9 -8 -9 -10 10 -12 12 -14 -15
leaf_value=0.0125024077938497 -0.028719639635408498 -0.00053400324854696287 -0.012403884509358034 -0.00042585457830361835 0.055567643404489997 -0.018074556056203114 0.021317513440608928 -0.086992421094024303 -0.047236893189234998 -0.016477203808828493 -0.010952083626193201 0.043367667966996877 -0.018376087632834385 0.048031449581872908
leaf_weight=9413 1877 250370 880 60687 968 1174 685 563 585 1532 1620 3806 631 514
leaf_count=9413 1877 250370 880 60687 968 1174 685 563 585 1532 1620 3806 631 514
internal_value=-1.16971e-05 -0.000749386 0.00222777 0.000906912 0.00987647 0.00577281 -0.0225866 -0.0434441 -0.000910938 0.0123642 0.0168581 0.0238381 0.03448 0.000487978
internal_weight=335305 252247 83058 73645 12373 11405 2128 1443 61272 9277 8103 6483 4437 2046
internal_count=335305 252247 83058 73645 12373 11405 2128 1443 61272 9277 8103 6483 4437 2046
is_linear=0
shrinkage=0.04


Tree=215
num_leaves=15
num_cat=0
split_feature=32 33 9 30 19 33 30 19 26 5 31 5 6 6
split_gain=334.888 1922.01 775.38 768.003 733.462 658.253 774.3 1267.21 639.715 1016.89 836.204 776.984 768.362 727.535
threshold=0.45840305614638494 -0.049188232376807701 1.0000000180025095e-35 0.30144142316017314 -0.086314935064935053 -0.00068023675608915013 2.3371478174603175 -0.17777777777777773 0.070537217412217426 1740.5000000000002 -2.9403832972582968 1006.5000000000001 8.5000000000000018 6.5000000000000009
decision_type=8 10 2 8 8 10 10 10 10 2 8 2 8 8
left_child=4 2 3 -2 5 6 -1 -8 11 10 -10 12 -6 -13
right_child=1 -3 -4 -5 8 -7 7 -9 9 -11 -12 13 -14 -15
leaf_value=0.013283663973729206 -0.023255142687372572 -0.00030080082549705851 -0.0090025684128044667 -0.089028457586948828 0.0067289520814415539 0.04861290028816647 -0.059829507070202327 0.020585230196839485 0.042019880409003375 0.059892185362945771 -0.0018996960363456212 -4.8535173916820048e-05 0.048946808610887391 -0.013466943115997833
leaf_weight=9154 585 274801 864 606 4466 687 588 579 817 624 3449 29048 771 8266
leaf_count=9154 585 274801 864 606 4466 687 588 579 817 624 3449 29048 771 8266
internal_value=-1.15835e-05 -0.000592524 -0.0386689 -0.0589603 0.00273832 0.0120155 0.00935683 -0.0207256 0.000575297 0.0142007 0.00690088 -0.00100538 0.0133485 -0.0030351
internal_weight=335305 276856 2055 1191 58449 11008 10321 1167 47441 4890 4266 42551 5237 37314
internal_count=335305 276856 2055 1191 58449 11008 10321 1167 47441 4890 4266 42551 5237 37314
is_linear=0
shrinkage=0.04


Tree=216
num_leaves=15
num_cat=0
split_feature=34 31 31 5 21 16 3 8 6 27 28 3 12 21
split_gain=334.967 617.617 838.582 563.336 861.708 1056.85 778.868 583.949 1044.11 1466.23 1177.69 1270.25 955.727 901.61
threshold=2164.5000000000005 -8.4867824883449874 -7.544848484848484 2207.0000000000005 0.31140572390572402 0.14971264367816095 0.40588235294117653 0.17416582406471184 6.5000000000000009 0.48378968253968291 0.97786255411255418 0.19375000000000003 0.26705426356589151 0.10724275724275728
decision_type=10 8 10 2 8 10 2 8 10 10 10 2 10 8
left_child=-1 -2 -3 7 5 6 -5 8 -4 13 12 -12 -11 -10
right_child=1 2 3 4 -6 -7 -8 -9 9 10 11 -13 -14 -15
leaf_value=-0.00069802841745789199 0.037984618389559972 -0.039584089918606374 0.0016265914778372712 0.023852224735406297 0.060142893832550018 0.054723411894038974 -0.032593857364795434 0.0065540584722517219 0.025006610340476118 -0.029590989786947214 -0.063980724078741863 -0.0004299471269521682 -0.098850180153812597 -0.01752409858486911
leaf_weight=258848 719 720 39443 617 609 502 904 25628 1721 819 601 2220 550 1404
leaf_count=258848 719 720 39443 617 609 502 904 25628 1721 819 601 2220 550 1404
internal_value=-1.08622e-05 0.0023145 0.00195104 0.00237578 0.020379 0.00724661 -0.00966589 0.00170756 -0.000952967 -0.0147787 -0.0301066 -0.0148476 -0.0599187 0.00592336
internal_weight=335305 76457 75738 75018 2632 2023 1521 72386 46758 7315 4190 2821 1369 3125
internal_count=335305 76457 75738 75018 2632 2023 1521 72386 46758 7315 4190 2821 1369 3125
is_linear=0
shrinkage=0.04


Tree=217
num_leaves=15
num_cat=0
split_feature=16 32 32 38 2 33 18 3 34 1 2 29 30 30
split_gain=334.68 684.914 1249.31 940.14 933.72 807.798 790.108 789.741 697.987 635.575 1064.96 854.885 962.901 824.741
threshold=0.087167581257914753 0.56522575115001705 0.56832108343027932 -0.18180984168946607 3.3666666666666685 0.026566073748261428 -0.086309523809523794 0.71825396825396837 1062.5000000000002 -0.058447298190887918 4.4416666666666691 -7.5356033549783534 -0.12688672438672413 -2.9135857198357198
decision_type=8 8 10 10 10 10 10 2 10 8 8 8 10 8
left_child=1 9 4 5 -3 -4 7 -5 -8 10 -1 12 -11 -13
right_child=-2 2 3 6 -6 -7 8 -9 -10 11 -12 13 -14 -15
leaf_value=0.004004146161230163 -0.0012261388997170427 -0.084528485180122889 0.054275524695775255 -0.015878892827846894 -0.0089193121039607779 0.0028899975410009889 -0.060242797207526753 0.022995491268890902 -0.0027994308142259366 -0.055927519927575012 0.028503178037883905 0.017090134457307515 0.012289790103449064 -0.00041403223875724948
leaf_weight=53028 174181 528 602 2682 501 1989 857 1156 548 848 2952 4472 500 90461
leaf_count=53028 174181 528 602 2682 501 1989 857 1156 548 848 2952 4472 500 90461
internal_value=-1.08653e-05 0.00130286 -0.00947543 -0.00389174 -0.049835 0.0156306 -0.0135959 -0.00402484 -0.038704 0.00193316 0.00532034 -3.79568e-05 -0.0310898 0.000419097
internal_weight=335305 161124 8863 7834 1029 2591 5243 3838 1405 152261 55980 96281 1348 94933
internal_count=335305 161124 8863 7834 1029 2591 5243 3838 1405 152261 55980 96281 1348 94933
is_linear=0
shrinkage=0.04


Tree=218
num_leaves=15
num_cat=0
split_feature=35 14 0 35 8 2 36 8 37 0 8 37 6 2
split_gain=334.166 760.536 733.157 534.114 1013.95 1358.92 1167.68 689.27 1113.27 635.909 749.653 798.63 880.824 571.793
threshold=0.6456571251493628 0.14073503521126765 0.84457070707070725 0.6001849568483193 0.037268518518518527 5.1833333333333362 0.013352911606342003 0.073282613560080576 -0.0069459976956872888 0.46465941465941479 0.15821566110397947 0.00045618084720598526 4.5000000000000009 2.4833333333333356
decision_type=2 10 8 2 10 10 2 10 10 10 10 10 8 10
left_child=3 2 -2 -1 5 6 -5 -6 -9 13 11 -11 -13 -10
right_child=1 -3 -4 4 7 -7 -8 8 9 10 -12 12 -14 -15
leaf_value=0.00012081434912534174 -0.007753465942116039 0.040395319203210239 0.029301849306565812 -0.086957625809468711 0.023822143094897316 0.019976105796826286 -0.015662544664840971 -0.045849571660185905 -0.0030135031676598455 0.0107067199881185 0.020194827012486059 -0.0695349652010398 0.0010689561491857139 -0.05615686237457878
leaf_weight=319662 3090 1003 1124 748 1259 519 731 998 768 1255 2551 533 546 518
leaf_count=319662 3090 1003 1124 748 1259 519 731 998 768 1255 2551 533 546 518
internal_value=-1.09548e-05 0.00998496 0.00235799 -0.000170427 -0.00905788 -0.0343058 -0.0533843 -0.00290541 -0.00773172 -0.00124818 0.00538951 -0.0108765 -0.0353426 -0.0257202
internal_weight=335305 5217 4214 330088 10426 1998 1479 8428 7169 6171 4885 2334 1079 1286
internal_count=335305 5217 4214 330088 10426 1998 1479 8428 7169 6171 4885 2334 1079 1286
is_linear=0
shrinkage=0.04


Tree=219
num_leaves=15
num_cat=0
split_feature=22 25 14 5 8 16 18 36 5 1 2 24 1 20
split_gain=332.191 1509.21 1047.31 1094.31 892.753 857.772 1064.77 1248.37 1060.22 922.186 756.397 1484.36 971.872 741.054
threshold=6.5000000000000009 0.041581648803871017 0.22268135904499545 2448.5000000000005 0.05581516095534788 0.069883720930232582 -0.25149110149110143 -0.0086234187311868427 2081.0000000000005 0.084806255986811616 2.041666666666667 -0.0040204768776197315 -0.20843889275707456 0.1251748251748252
decision_type=2 10 8 2 8 10 10 2 2 8 10 8 10 10
left_child=-1 2 3 5 -4 8 7 -7 9 -2 12 -12 -3 -11
right_child=1 10 4 -5 -6 6 -8 -9 -10 13 11 -13 -14 -15
leaf_value=0.00042922472763378316 0.021686570742752518 -0.020049104625370719 0.0025890398769202222 0.057317472408617939 -0.041703151585839482 -0.07213453723480788 -0.00079009066391602298 -0.011042434261080791 -0.036865453625064569 -0.0073680936889468944 -0.040495263889260572 0.014481720330303352 -0.091391426093796399 0.041900728378801946
leaf_weight=298755 6449 757 1243 505 1689 699 14323 1959 712 4139 1602 1461 509 503
leaf_count=298755 6449 757 1243 505 1689 699 14323 1959 712 4139 1602 1461 509 503
internal_value=-1.13476e-05 -0.0036082 -0.000612818 0.00168369 -0.0231972 0.00060993 -0.00514174 -0.0281437 0.00887165 0.0119601 -0.0256414 -0.0144607 -0.0511151 -0.00163978
internal_weight=335305 36550 32221 29289 2932 28784 16981 2658 11803 11091 4329 3063 1266 4642
internal_count=335305 36550 32221 29289 2932 28784 16981 2658 11803 11091 4329 3063 1266 4642
is_linear=0
shrinkage=0.04


Tree=220
num_leaves=15
num_cat=0
split_feature=36 12 9 32 5 35 35 35 16 16 28 34 2 6
split_gain=329.239 742.048 729.967 616.557 734.655 927.23 1930.2 879.18 719.701 980.607 717.459 491.053 473.18 1057.06
threshold=0.033956607451505423 0.43792808219178087 1.5000000000000002 0.44791949610267556 1614.5000000000002 0.53467290301039638 0.52635081561283437 0.55057893264938207 0.085867895545314918 0.041885964912280707 -0.9898552489177489 337.50000000000006 5.8333333333333348 2.5000000000000004
decision_type=2 10 2 10 2 2 2 2 10 10 10 10 8 10
left_child=12 2 3 -2 5 6 8 -7 9 -5 -9 -10 -1 -14
right_child=1 -3 -4 4 -6 7 -8 10 11 -11 -12 -13 13 -15
leaf_value=-0.00052079499679468606 0.025765590167485627 -0.04551360445773088 0.031437320082631524 -0.01617916688622964 -0.056353482098178524 0.04922164686317862 -0.073218536223263242 0.022995187565648362 -0.051697204576464754 0.056487205809790567 -0.029962212545915388 0.0020851480748795034 0.016252294277588713 0.0011758889604968953
leaf_weight=269812 695 716 774 571 515 635 810 727 508 533 817 522 8727 48943
leaf_count=269812 695 716 774 571 515 635 810 727 508 533 817 522 8727 48943
internal_value=-1.19877e-05 -0.00809527 -0.0040339 -0.00858139 -0.0130046 -0.00814434 -0.0226244 0.011488 -0.00218386 0.0198308 -0.00508782 -0.0256059 0.000182315 0.00346945
internal_weight=335305 7823 7107 6333 5638 5123 2944 2179 2134 1104 1544 1030 327482 57670
internal_count=335305 7823 7107 6333 5638 5123 2944 2179 2134 1104 1544 1030 327482 57670
is_linear=0
shrinkage=0.04


Tree=221
num_leaves=15
num_cat=0
split_feature=19 21 26 2 23 27 30 27 32 24 32 21 16 23
split_gain=336.046 1031.84 888.521 872.004 1101.93 1811.67 771.742 893.355 889.139 691.014 724.886 654.913 921.95 734.513
threshold=-0.24993386243386234 -0.25408653846153834 0.075023674242424274 0.58333333333333293 -0.0046016098099431442 -1.9630944749694745 -0.9865331196581193 1.8540110930735934 0.50360340164754347 -0.022693070603950236 0.45945194499703162 -0.30138888888888882 0.17416582406471184 0.0188615267602418
decision_type=8 10 10 8 8 10 8 8 10 10 10 10 8 10
left_child=1 3 -3 -1 5 -5 7 8 -6 10 -7 12 -8 -14
right_child=-2 2 -4 4 6 9 11 -9 -10 -11 -12 -13 13 -15
leaf_value=-0.037723898368456112 0.0002979092481625013 -0.015596168454208895 -0.070716947067278865 -0.072274861583153216 -0.000377112772643372 0.048262810710072518 0.017664184397801694 0.01808337690944235 -0.071374423739766907 -0.024946136785665166 -0.0018767058070655403 0.036725118920921666 -0.041840317558151638 0.016911167621507611
leaf_weight=904 316406 3011 516 666 564 525 4453 822 516 1515 2317 1738 834 518
leaf_count=904 316406 3011 516 666 564 525 4453 822 516 1515 2317 1738 834 518
internal_value=-1.19139e-05 -0.00518605 -0.0245361 -0.000681162 0.00175532 -0.0133019 0.00979087 -0.012736 -0.0359553 -0.00356972 0.0080598 0.0155176 0.00890871 -0.0195302
internal_weight=335305 18899 3527 15372 14468 5023 9445 1902 1080 4357 2842 7543 5805 1352
internal_count=335305 18899 3527 15372 14468 5023 9445 1902 1080 4357 2842 7543 5805 1352
is_linear=0
shrinkage=0.04


Tree=222
num_leaves=15
num_cat=0
split_feature=1 36 37 35 34 4 36 25 34 34 16 30 34 2
split_gain=331.937 692.309 1203.1 693.676 571.759 513.995 777.658 729.027 702.101 736.145 645.706 596.261 544.029 451.397
threshold=-0.41346449846449845 0.0054242162735541237 -0.0085733529641793798 0.50334798696076788 117.50000000000001 10.500000000000002 -0.013976126079040476 -0.032407407407407378 1621.5000000000002 2132.5000000000005 0.028778467908902695 2.9297889610389611 945.50000000000011 0.40000000000000091
decision_type=8 2 8 2 10 2 2 8 10 10 10 10 10 8
left_child=1 4 -3 -4 -1 8 -7 -8 11 -10 -9 -6 -12 -2
right_child=13 2 3 -5 5 6 7 10 9 -11 12 -13 -14 -15
leaf_value=0.047892268976071017 -0.0085559578170086997 -0.060189474265153413 0.029409033481211388 -0.020386292841940882 0.051880184749663341 -0.033678674442851234 -0.031417862945962077 -0.017881034966846752 -0.036691112239894116 0.020475144795411789 -0.0010292823493781406 0.0087084808955147017 0.047008647752788679 3.3042503491647239e-05
leaf_weight=632 10054 563 862 831 1231 848 521 531 539 879 557 892 1105 315260
leaf_count=632 10054 563 862 831 1231 848 521 531 539 879 557 892 1105 315260
internal_value=-1.26229e-05 0.00715045 -0.0121576 0.0050836 0.0128238 0.00939054 -0.00135706 0.0091685 0.0200702 -0.00176407 0.0192962 0.0343589 0.0313494 -0.000233679
internal_weight=335305 9991 2256 1693 7735 7103 3562 2714 3541 1418 2193 2123 1662 325314
internal_count=335305 9991 2256 1693 7735 7103 3562 2714 3541 1418 2193 2123 1662 325314
is_linear=0
shrinkage=0.04


Tree=223
num_leaves=15
num_cat=0
split_feature=10 16 37 12 16 18 25 25 21 21 6 27 20 29
split_gain=338.215 820.883 760.036 843.677 1201.6 991.499 764.879 761.978 759.621 754.289 834.135 682.257 1072.86 1592.81
threshold=0.2009615384615385 0.18724593495934963 0.0025710003052130258 0.12832274758880266 0.14650406504065042 -0.14286186696900985 0.0086580086580086615 0.14603775853775858 -0.21613756613756616 -0.54460227272727257 3.5000000000000004 -3.7640119949494943 -0.26058501683501684 -5.4568808621933611
decision_type=10 10 8 10 8 10 10 10 10 8 10 10 10 10
left_child=9 2 7 4 8 -5 -7 -2 -4 10 -1 12 -3 -14
right_child=1 11 3 5 -6 6 -8 -9 -10 -11 -12 -13 13 -15
leaf_value=-0.064888765346689192 0.0099635094576638727 0.0026906516938132443 0.0061023514750122845 0.016272090360341499 0.029093808344906626 0.0034992655119771687 -0.036111305361346886 -0.035143799337590355 -0.034444807886433164 -0.00051984114192983285 -0.0062776849854932247 -0.00072721202621201094 0.00089355458436991071 -0.082006834265854908
leaf_weight=556 31271 1535 959 5071 755 1984 1227 563 2989 258330 1117 27501 671 776
leaf_count=556 31271 1535 959 5071 755 1984 1227 563 2989 258330 1117 27501 671 776
internal_value=-1.21443e-05 0.00234755 0.00578922 -0.00236036 -0.0158005 0.00532078 -0.0119585 0.0091119 -0.0246424 -0.000695878 -0.0270741 -0.00271392 -0.0207219 -0.0448186
internal_weight=335305 75302 44819 12985 4703 8282 3211 31834 3948 260003 1673 30483 2982 1447
internal_count=335305 75302 44819 12985 4703 8282 3211 31834 3948 260003 1673 30483 2982 1447
is_linear=0
shrinkage=0.04


Tree=224
num_leaves=15
num_cat=0
split_feature=1 38 5 29 14 5 6 29 35 10 24 23 10 2
split_gain=329.894 1082.13 1241.79 1178.49 978.663 927.768 1209.11 940.448 931.633 1051.69 931.186 891.208 952.307 887.611
threshold=-0.16023614432705344 0.19137753407665195 2455.0000000000005 -3.9927678224553218 0.100561797752809 1085.0000000000002 9.5000000000000018 -1.8660383597883594 0.47230992132659283 0.26352339181286555 0.13099668464251801 0.0058592008615682839 0.17407773386034259 1.1166666666666683
decision_type=8 8 2 10 10 2 8 8 2 8 10 10 8 8
left_child=1 3 5 4 -1 6 8 10 -3 -10 -7 -5 -13 -2
right_child=13 2 -4 11 -6 7 -8 -9 9 -11 -12 12 -14 -15
leaf_value=0.0087170357556183055 -0.015931410138871699 0.018881753348300917 -0.057021778312232804 -0.0032409270200149656 0.073136496344337151 0.0021937179758357022 0.04684390567502815 -0.0053947515601523426 0.0026276372495095319 -0.045103783341226993 0.029406142134945523 0.0060037388255317591 0.031969312643254727 -0.00035937194739007832
leaf_weight=708 5949 4503 561 7011 797 13713 1275 36907 3896 860 2310 6297 3502 247016
leaf_count=708 5949 4503 561 7011 797 13713 1275 36907 3896 860 2310 6297 3502 247016
internal_value=-1.28012e-05 0.00218556 -0.000269411 0.0107449 0.0440863 0.000276755 0.0110885 -0.00188341 0.00593972 -0.00638281 0.00619614 0.00763799 0.0153986 -0.000728657
internal_weight=335305 82340 64025 18315 1505 63464 10534 52930 9259 4756 16023 16810 9799 252965
internal_count=335305 82340 64025 18315 1505 63464 10534 52930 9259 4756 16023 16810 9799 252965
is_linear=0
shrinkage=0.04


Tree=225
num_leaves=15
num_cat=0
split_feature=20 18 19 37 37 2 34 18 18 31 29 28 29 1
split_gain=327.482 696.509 687.73 950.483 908.82 801.379 683.291 661.329 655.405 756.566 827.7 951.705 751.134 744.083
threshold=0.042592592592592605 -0.2030958679768203 0.10406295093795094 -0.010648121004587365 0.0029958932635871086 4.6416666666666684 213.50000000000003 0.16474867724867731 -0.17530035550868883 -0.91974476911976943 -1.4426339285714296 -0.78935290404040404 0.25804563492063509 -0.37404563385332618
decision_type=10 10 10 8 8 10 10 10 10 10 10 10 10 8
left_child=7 -2 3 5 -4 -3 -6 -1 -5 13 -11 -12 -13 -10
right_child=1 2 4 8 6 -7 -8 -9 9 10 11 12 -14 -15
leaf_value=-0.00048100615200729648 -0.027449253404706445 0.052540452952901953 0.004674444499854556 0.039185525848281208 0.066067313667800692 -0.006978401558970412 0.019427359249338347 -0.042696947676794869 0.01709797620842075 0.05126967607140541 -0.048721186684463617 0.021283255459470133 5.3168064674494408e-05 -0.012790775778331992
leaf_weight=278863 1144 952 11815 597 553 550 3639 545 1467 500 536 3030 19861 11253
leaf_count=278863 1144 952 11815 597 553 550 3639 545 1467 500 536 3030 19861 11253
internal_value=-1.17362e-05 0.0027817 0.00343781 0.000552474 0.0103985 0.0312233 0.0262862 -0.000570975 -0.00072464 -0.0014273 0.00276343 0.00162118 0.00290358 -0.00929025
internal_weight=335305 55897 54753 38746 16007 1502 4192 279408 37244 36647 23927 23427 22891 12720
internal_count=335305 55897 54753 38746 16007 1502 4192 279408 37244 36647 23927 23427 22891 12720
is_linear=0
shrinkage=0.04


Tree=226
num_leaves=15
num_cat=0
split_feature=21 36 18 36 4 8 20 35 25 38 27 31 17 32
split_gain=332.748 587.768 656.79 684.078 624.586 774.338 693.221 1203.02 1171.98 671.662 581.388 1094.04 820.851 603.527
threshold=0.34060846560846575 -0.0042953050683639301 0.21474116161616166 -0.019627575730516898 9.5000000000000018 0.091168831168831191 -0.11309523809523805 0.52242436975564299 0.0036747614525392334 0.39309695667524275 0.23862373737373738 1.443410894660895 3.5000000000000004 0.51103706109026137
decision_type=10 2 8 2 2 10 8 2 10 8 8 10 2 10
left_child=-1 2 3 -2 5 -3 10 8 -8 -7 12 -12 -6 -14
right_child=1 4 -4 -5 6 9 7 -9 -10 -11 11 -13 13 -15
leaf_value=0.00035860726294311703 -0.02391127139911987 0.014068930218202104 0.035204037505844353 0.0055057895913256808 -0.032334409926931477 -0.005236913552585841 -0.079615846088075509 -0.0021276905223707268 -0.016931365905732066 -0.051724372636819393 -0.049361144740702745 -0.0017687447822577068 0.035719531822056387 -0.0089534413319245082
leaf_weight=308846 1494 3352 904 6945 604 3886 990 1443 945 523 1130 2251 1247 745
leaf_count=308846 1494 3352 904 6945 604 3886 990 1443 945 523 1130 2251 1247 745
internal_value=-1.04766e-05 -0.0043112 0.0037452 0.000187772 -0.008707 -0.00030573 -0.0156381 -0.0299953 -0.0502001 -0.0112695 -0.00734237 -0.0181626 0.00682674 0.0192019
internal_weight=335305 26459 9343 8439 17116 7761 9355 3378 1935 4409 5977 3381 2596 1992
internal_count=335305 26459 9343 8439 17116 7761 9355 3378 1935 4409 5977 3381 2596 1992
is_linear=0
shrinkage=0.04


Tree=227
num_leaves=15
num_cat=0
split_feature=33 29 31 4 27 8 21 32 19 38 24 19 26 33
split_gain=327.985 1150.78 924.685 1248.74 1278.36 1546.93 1232.44 1351.43 1262.37 858.235 1041.43 836.248 826.882 807.465
threshold=-0.019318823264339865 -7.5356033549783534 -6.1747775372775378 11.500000000000002 -6.8678030303030289 0.04332186424773226 -0.011556267806267837 0.50027148067902372 0.079248587061087089 0.43021958816833705 -0.04852282748116081 -0.20816798941798936 0.031250000000000056 -0.024609904977122312
decision_type=10 8 8 2 10 10 10 10 8 10 10 10 8 8
left_child=1 -1 3 4 5 -2 7 -5 -8 10 11 -6 -7 -3
right_child=2 13 -4 6 9 12 8 -9 -10 -11 -12 -13 -14 -15
leaf_value=-0.039205040639683574 -0.042270917339801206 0.00083264855706400285 0.00018935744740910748 -0.08187696674209638 0.033125275801212641 0.041265500361523398 0.063068328742205887 -0.0026011960907732583 -0.011602090193903276 0.0063110650614644909 0.026337510063253688 0.10263627585232987 -0.016098679888195223 -0.0083246339684208016
leaf_weight=1276 924 57381 245186 560 576 1067 506 797 1005 1454 2327 644 594 21008
leaf_count=1276 924 57381 245186 560 576 1067 506 797 1005 1454 2327 644 594 21008
internal_value=-1.11376e-05 -0.00225135 0.000687282 0.012309 0.0207722 -0.00206674 -0.0100488 -0.0370634 0.0146225 0.0324811 0.042972 0.0724142 0.0208802 -0.00162522
internal_weight=335305 79665 255640 10454 7586 2585 2868 1357 1511 5001 3547 1220 1661 78389
internal_count=335305 79665 255640 10454 7586 2585 2868 1357 1511 5001 3547 1220 1661 78389
is_linear=0
shrinkage=0.04


Tree=228
num_leaves=15
num_cat=0
split_feature=14 5 5 22 25 35 6 36 26 22 20 27 28 33
split_gain=329.735 1421.07 1300.05 1038.67 1074.75 974.886 992.501 1449.96 1459.45 1125.79 1024.65 862.662 849.309 825.013
threshold=0.02790758047767394 3160.0000000000005 2804.0000000000005 6.5000000000000009 0.043275048836273346 0.38455540782487529 2.5000000000000004 -0.015212156054905663 -0.045039875248208565 1.5000000000000002 0.0070138195138194923 2.7291531385281389 -0.033516171328671011 0.0080503533905665302
decision_type=8 2 2 2 10 2 10 2 8 2 10 8 8 10
left_child=2 3 -1 5 -5 -2 7 -7 9 -9 -10 -8 -6 -13
right_child=1 -3 -4 4 12 6 11 8 10 -11 -12 13 -14 -15
leaf_value=0.0012109460134119916 0.017033502870955283 -0.05506568544926637 0.060266575755330676 -0.0062639285896583432 -0.063665208127330744 0.042930781503285588 -0.00036802957930162975 -0.013189958810403711 -0.004597754873420754 0.038636542320324818 0.029735752971574048 -0.015789670155703876 -0.013212458192839026 0.0010700017387732794
leaf_weight=140420 5227 727 549 16696 937 1678 129657 843 13343 2870 1502 12119 1237 7500
leaf_count=140420 5227 727 549 16696 937 1678 129657 843 13343 2870 1502 12119 1237 7500
internal_value=-1.0264e-05 -0.00107849 0.00146222 -0.000861604 -0.00976415 0.000102297 -0.000424655 0.00787719 0.00460083 0.0268509 -0.00103577 -0.00155232 -0.0359002 -0.00935818
internal_weight=335305 194336 140969 193609 18870 174739 169512 20236 18558 3713 14845 149276 2174 19619
internal_count=335305 194336 140969 193609 18870 174739 169512 20236 18558 3713 14845 149276 2174 19619
is_linear=0
shrinkage=0.04


Tree=229
num_leaves=15
num_cat=0
split_feature=7 20 5 27 31 21 8 26 20 10 28 1 8 10
split_gain=324.245 668.888 513.806 569.276 700.635 562.625 561.104 591.089 478.19 577.364 650.219 638.512 512.246 621.02
threshold=1.5000000000000002 0.25024038461538467 2053.5000000000005 -5.5534956709956704 -4.357077020202019 -0.024537037037037034 0.19074371321562336 -0.027821857629549945 -0.28733974358974351 0.075614636935391666 -0.88578879453879422 -0.12135269932888972 0.29449472096530926 0.15643825301204822
decision_type=2 10 2 10 10 10 10 10 8 10 10 8 10 10
left_child=-1 2 3 -2 5 -5 -4 -8 9 -6 -11 -12 -13 -14
right_child=1 -3 6 4 8 -7 7 -9 -10 10 11 12 13 -15
leaf_value=-0.00047228024307609099 -0.03298612838132596 0.027379672197469382 -0.0086039781901571487 0.060628624826330441 0.0078021801435734384 0.0056607479618132721 0.067438191011814141 0.014606804799955728 0.0034261407991846055 -0.053804968773633589 0.018918288254371619 -0.0050844119736962083 -0.063782369792433513 -0.013546177451795677
leaf_weight=294600 717 1721 679 521 2657 647 510 955 26577 559 956 2540 618 1048
leaf_count=294600 717 1721 679 521 2657 647 510 955 26577 559 956 2540 618 1048
internal_value=-9.74177e-06 0.00333433 0.0022391 0.0011176 0.00183917 0.0316621 0.0210451 0.0346173 0.000798857 -0.00750639 -0.0146221 -0.00990352 -0.0165998 -0.0334967
internal_weight=335305 40705 38984 36840 36123 1168 2144 1465 34955 8378 5721 5162 4206 1666
internal_count=335305 40705 38984 36840 36123 1168 2144 1465 34955 8378 5721 5162 4206 1666
is_linear=0
shrinkage=0.04


Tree=230
num_leaves=15
num_cat=0
split_feature=32 33 5 30 8 14 16 23 26 5 6 18 16 8
split_gain=321.783 843.216 1489.87 1399.99 903.39 760.852 729.549 899.582 783.347 694.329 653.614 1381.01 771.373 781.448
threshold=0.50967411636859938 0.0047096552749147629 1729.0000000000002 -1.1904811507936504 0.062781531531531543 0.16754385964912283 0.17626346313173161 -0.0072828791578791654 0.050000000000000065 1205.5000000000002 2.5000000000000004 -0.23453463203463204 0.030457637600494747 0.20710681244743484
decision_type=8 10 2 10 10 10 10 10 10 2 10 10 8 10
left_child=-1 2 5 -4 -5 10 8 -8 9 -7 11 -2 13 -12
right_child=1 -3 3 4 -6 6 7 -9 -10 -11 12 -13 -14 -15
leaf_value=0.00095052570148090214 -0.058399862117000025 4.2785264795541503e-05 0.039471934709464133 -0.045494807459470946 0.0080867293690269331 -0.024728052539948097 -0.013401286875132036 -0.079820054436544288 -0.058742733143899648 0.015794699456442213 -0.031137843568873582 0.018098524157114129 -0.00047962255940876976 0.010134864905374555
leaf_weight=209575 1048 100282 1814 637 1844 1471 602 730 518 1173 2936 546 11183 946
leaf_count=209575 1048 100282 1814 637 1844 1471 602 730 518 1173 2936 546 11183 946
internal_value=-9.1876e-06 -0.00160864 -0.00810369 0.0132651 -0.00629738 -0.0124636 -0.0269933 -0.0513729 -0.0160835 -0.00679081 -0.00847491 -0.032443 -0.00583995 -0.0210792
internal_weight=335305 125730 25448 4295 2481 21153 4494 1332 3162 2644 16659 1594 15065 3882
internal_count=335305 125730 25448 4295 2481 21153 4494 1332 3162 2644 16659 1594 15065 3882
is_linear=0
shrinkage=0.04


Tree=231
num_leaves=15
num_cat=0
split_feature=37 19 33 32 34 1 31 18 35 31 26 4 2 2
split_gain=321.133 443.635 419.468 1069.77 1160.08 821.42 788.863 1098.26 967.44 777.041 767.337 680.7 1232.23 1126.21
threshold=0.025239471702578762 0.0072895622895622911 -0.037760979189056833 0.45840305614638494 86.500000000000014 -0.063760521885521879 3.152238178488179 -0.21020515529444098 0.49955319573643359 -6.1747775372775378 -0.0097507314946126012 8.5000000000000018 1.4666666666666675 0.36666666666666692
decision_type=10 10 10 8 10 8 8 8 2 8 8 2 10 10
left_child=2 -2 3 9 -5 10 7 -7 -9 -1 -6 12 -11 -13
right_child=1 -3 -4 4 5 6 -8 8 -10 11 -12 13 -14 -15
leaf_value=-0.039780438380367225 -0.0043487903436750268 0.041755412194936996 0.0002756170119928945 -0.053613637448105107 -0.025378578411820674 0.0086004756398449667 0.0064629953434151548 -0.015538393546432355 -0.085586342931480722 0.044610044092199382 0.030028729745048159 -0.040811511600803818 -0.0011581462681651462 0.0013670771553658881
leaf_weight=694 628 643 313454 1245 561 554 924 561 758 1463 1125 1089 2484 9122
leaf_count=694 628 643 313454 1245 561 554 924 561 758 1463 1125 1089 2484 9122
internal_value=-1.01299e-05 0.019673 -8.79573e-05 -0.0056128 -0.0202164 -0.0104524 -0.0235891 -0.0381971 -0.057449 6.83216e-05 0.0113925 0.00215476 0.0161522 -0.0033082
internal_weight=335305 1271 334034 20580 5728 4483 2797 1873 1319 14852 1686 14158 3947 10211
internal_count=335305 1271 334034 20580 5728 4483 2797 1873 1319 14852 1686 14158 3947 10211
is_linear=0
shrinkage=0.04


Tree=232
num_leaves=15
num_cat=0
split_feature=2 9 36 12 30 36 33 32 30 30 32 25 10 30
split_gain=318.39 347.331 963.907 1063.12 793.702 767.323 948.647 1128.29 829.719 771.773 743.889 1045.9 802.732 750.321
threshold=9.141666666666671 1.0000000180025095e-35 -0.016712435934636633 0.30810147299509011 -1.842834821428571 -0.014432179936055891 -0.0072072227326537173 0.42821878457065227 -2.8318368783993777 -1.2556980519480516 0.4988680697643762 0.0050325507825507805 0.1623310810810811 -1.8127949134199131
decision_type=10 2 2 10 10 2 10 8 10 10 10 8 10 8
left_child=1 5 3 -3 -5 6 7 -1 -9 -10 -8 13 -13 -12
right_child=-2 2 -4 4 -6 -7 10 8 9 -11 11 12 -14 -15
leaf_value=0.02929667160675881 0.016591994906912464 -0.0014597822560492686 0.0023066696239758566 0.017821926476481634 -0.031382058662572952 -0.0023259069605013612 0.027504632051910921 -0.053763502160302144 0.0203995449432023 -0.011618426068211396 0.061194853263978777 -0.00056387613470758162 -0.049923763809806093 0.013434686082012101
leaf_weight=1360 1788 10575 140571 574 3807 154776 3715 574 1426 6548 561 4250 552 4228
leaf_count=1360 1788 10575 140571 574 3807 154776 3715 574 1426 6548 561 4250 552 4228
internal_value=-1.05186e-05 -0.000101999 0.0012787 -0.00835865 -0.024807 -0.00130847 0.00546557 -0.00389524 -0.00931578 -0.00580118 0.0124244 0.00647079 -0.00669389 0.019604
internal_weight=335305 333517 155527 14956 4381 177990 23214 9908 8548 7974 13306 9591 4802 4789
internal_count=335305 333517 155527 14956 4381 177990 23214 9908 8548 7974 13306 9591 4802 4789
is_linear=0
shrinkage=0.04


Tree=233
num_leaves=15
num_cat=0
split_feature=28 29 38 12 29 24 32 4 36 33 26 37 19 32
split_gain=314.273 598.674 717.615 537 571.904 942.672 750.618 493.852 463.065 679.77 520.596 381.954 496.426 374.031
threshold=2.8605986952861957 4.8985709776334785 -0.10615368269969334 0.64760348583878014 6.360037202380953 -0.0240054869684499 0.48830900293229001 10.500000000000002 0.0088072203551778309 -0.018135538283870333 -0.011904761904761906 0.025239471702578762 -0.00085342897842895671 0.59577669648383957
decision_type=10 10 10 10 10 8 10 2 2 10 8 10 10 8
left_child=1 11 -3 4 8 -6 -7 -5 -2 -10 -11 13 -13 -1
right_child=3 2 -4 7 5 6 -8 -9 9 10 -12 12 -14 -15
leaf_value=-5.9956740409878848e-05 0.012026974677146023 -0.0054830628272844028 -0.055146005590436753 0.055048794393730456 0.017888511822240639 -0.07172504320356024 -0.010778690623193303 0.0060644218257511189 0.027726921835137919 0.010308999494605122 -0.03327412811967189 -0.0052968243049379181 0.044901690285418683 -0.012950892593188051
leaf_weight=314612 7786 1503 633 599 819 502 833 697 611 622 1294 567 634 3593
leaf_count=314612 7786 1503 633 599 819 502 833 697 611 622 1294 567 634 3593
internal_value=-9.87409e-06 -0.000263631 -0.0211253 0.00589808 0.00329259 -0.015229 -0.0354583 0.0299085 0.00721587 -0.00755347 -0.0192232 -0.000120835 0.0219381 -0.000207526
internal_weight=335305 321542 2136 13763 12467 2154 1335 1296 10313 2527 1916 319406 1201 318205
internal_count=335305 321542 2136 13763 12467 2154 1335 1296 10313 2527 1916 319406 1201 318205
is_linear=0
shrinkage=0.04


Tree=234
num_leaves=15
num_cat=0
split_feature=34 24 6 19 1 2 3 21 5 29 5 23 29 25
split_gain=317.509 754.344 863.081 906.113 855.702 784.431 1022.9 1235.95 1151.71 746.721 744.666 700.706 662.252 725.234
threshold=2052.5000000000005 0.044921932569238966 4.5000000000000009 0.056294406651549507 -0.19834103159423669 4.5166666666666693 0.12916666666666668 0.08750000000000005 1445.0000000000002 0.62834415584415593 2462.5000000000005 0.06753697054953671 -1.1045005341880338 0.0023364656177156215
decision_type=10 10 8 10 10 10 2 8 2 10 2 10 10 10
left_child=-1 10 3 -3 -5 6 -4 12 -9 -6 11 -2 -8 -14
right_child=1 2 5 4 9 -7 7 8 -10 -11 -12 -13 13 -15
leaf_value=-0.00072915725671863867 0.0028235360383489618 0.016413287503691573 0.015533384995955373 0.0045867225820036229 -0.05987856063696978 0.015746600981928604 -0.089045393975185502 -0.030133415787901612 0.039560259891954504 -0.0060897863717918671 0.038542565825754521 0.04540570742271554 -0.012515877894717767 -0.071343364209521115
leaf_weight=249909 71201 3546 762 2265 784 831 622 1176 501 843 917 574 828 546
leaf_count=249909 71201 3546 762 2265 784 831 622 1176 501 843 917 574 828 546
internal_value=-9.60288e-06 0.00209535 -0.00687977 0.00190485 -0.0113543 -0.0191889 -0.0258374 -0.0345136 -0.00877004 -0.0330214 0.00366753 0.00319545 -0.0553998 -0.037577
internal_weight=335305 85396 12704 7438 3892 5266 4435 3673 1677 1627 72692 71775 1996 1374
internal_count=335305 85396 12704 7438 3892 5266 4435 3673 1677 1627 72692 71775 1996 1374
is_linear=0
shrinkage=0.04


Tree=235
num_leaves=15
num_cat=0
split_feature=24 21 8 20 31 6 3 14 26 29 21 32 20 31
split_gain=311.034 708.307 868.032 387.403 932.282 1005.45 933.381 827.565 523.408 481.474 473.157 697.222 669.332 652.785
threshold=-0.1916666666666666 0.010582010582010528 0.1082709215239336 -0.53697089947089938 -4.357077020202019 8.5000000000000018 0.53589743589743599 0.1991735537190083 -0.0040509259259259344 3.6803696303696314 0.34060846560846575 0.52085829280157359 -0.52376373626373607 -2.999707584082584
decision_type=8 10 10 8 8 8 2 10 10 8 10 8 8 8
left_child=1 -1 -3 4 8 7 -7 9 -2 -6 12 -12 -5 -13
right_child=3 2 -4 10 5 6 -8 -9 -10 -11 11 13 -14 -15
leaf_value=-0.042543837660965547 0.008889113663105859 0.042107350302027287 -0.02304610456838602 -0.029818809126565485 0.011286981532290727 0.0045038736455370173 -0.053504591327449814 -0.020863414161141087 0.063580985438686094 0.044673526379531911 -0.0012729327802266772 0.011612315133301765 0.00040509176620578513 -0.021628439789676407
leaf_weight=838 501 508 742 1127 5272 899 813 1129 643 759 17671 1096 297549 5758
leaf_count=838 501 508 742 1127 5272 899 813 1129 643 759 17671 1096 297549 5758
internal_value=-9.76222e-06 -0.0152177 0.00403337 8.78027e-05 0.00781556 0.00333019 -0.02378 0.00993235 0.0410046 0.0158214 -0.000152853 -0.00548801 0.000286075 -0.0162674
internal_weight=335305 2088 1250 333217 10016 8872 1712 7160 1144 6031 323201 24525 298676 6854
internal_count=335305 2088 1250 333217 10016 8872 1712 7160 1144 6031 323201 24525 298676 6854
is_linear=0
shrinkage=0.04


Tree=236
num_leaves=15
num_cat=0
split_feature=4 5 34 36 31 10 30 27 31 18 37 16 16 20
split_gain=309.769 1079.22 767.155 1132.26 1076.81 1189.79 947.113 945.449 1064.4 1205.52 1773.63 936.914 914.277 910.549
threshold=9.5000000000000018 2740.5000000000005 124.50000000000001 0.04746208329526768 -6.1747775372775378 0.17669683257918556 2.1914231601731609 3.6291429924242427 2.5868124236874248 -0.2631012506012505 -0.0048218246314808977 0.1502688172043011 0.060737812911725968 -0.3582491582491581
decision_type=2 2 8 2 8 10 10 10 10 8 10 10 10 8
left_child=2 -2 6 4 5 -4 7 8 9 10 -1 -8 -10 -12
right_child=1 -3 3 -5 -6 -7 11 -9 12 -11 13 -13 -14 -15
leaf_value=-0.066718355555281925 -0.00080436230436671183 -0.047413635282662875 0.034273022293630932 -0.046048344844714678 -0.00020680588462796483 -0.0093895492112414866 0.057650109389861086 0.057706778138641862 0.013205301649027454 0.012702715701001519 0.035325379779530784 -0.0062445043365999195 -0.042507329575042163 -0.029213991654526032
leaf_weight=754 202847 748 2953 789 107486 1469 1110 501 703 12816 776 524 1270 559
leaf_count=754 202847 748 2953 789 107486 1469 1110 501 703 12816 776 524 1270 559
internal_value=-9.40525e-06 -0.000987202 0.00150186 0.000246441 0.000593259 0.0198254 0.008923 0.00612826 0.00443129 0.00810291 -0.0197541 0.037583 -0.0228206 0.00822198
internal_weight=335305 203595 131710 112697 111908 4422 19013 17379 16878 14905 2089 1634 1973 1335
internal_count=335305 203595 131710 112697 111908 4422 19013 17379 16878 14905 2089 1634 1973 1335
is_linear=0
shrinkage=0.04


Tree=237
num_leaves=15
num_cat=0
split_feature=35 5 33 36 21 2 35 8 2 36 8 38 4 33
split_gain=318.537 653.739 649.622 634.41 704.12 534.967 486.478 933.144 1255.71 1080.85 635.396 622.559 813.738 609.041
threshold=0.6456571251493628 1892.0000000000002 0.03283458965739474 0.0067219098413394268 -1.0000000180025095e-35 4.7833333333333359 0.6001849568483193 0.037268518518518527 5.1833333333333362 0.013352911606342003 0.073282613560080576 0.040438539517826146 9.5000000000000018 -0.027061035877365473
decision_type=2 2 10 2 10 10 2 10 10 2 10 8 2 10
left_child=6 2 3 -2 -5 -6 -1 8 9 -8 -9 13 -13 -12
right_child=1 -3 -4 4 5 -7 7 10 -10 -11 11 12 -14 -15
leaf_value=0.00011299856194840481 0.015743168800866823 0.046305286302190281 0.034758356881341365 -0.039670855326226453 -0.019934411160957819 0.033976960448428004 -0.083507115639662163 0.022916470150597754 0.019305165785451554 -0.014928168352674241 -0.03390399157814436 0.0030143331129206118 -0.051273316858305516 0.0046732337420188333
leaf_weight=319662 1597 632 851 1052 581 504 748 1259 519 731 709 770 970 4720
leaf_count=319662 1597 632 851 1052 581 504 748 1259 519 731 709 770 970 4720
internal_value=-9.25376e-06 0.00975011 0.00426615 -0.00305065 -0.0171343 0.00550187 -0.000164953 -0.00864682 -0.0328676 -0.0512084 -0.00274489 -0.00737898 -0.0278363 -0.000628181
internal_weight=335305 5217 4585 3734 2137 1085 330088 10426 1998 1479 8428 7169 1740 5429
internal_count=335305 5217 4585 3734 2137 1085 330088 10426 1998 1479 8428 7169 1740 5429
is_linear=0
shrinkage=0.04


Tree=238
num_leaves=15
num_cat=0
split_feature=10 27 6 25 36 33 1 1 33 16 38 26 37 2
split_gain=313.768 759.979 930.108 701.491 777.3 702.552 852.87 999.803 839.739 1108.94 962.401 762.506 933.458 695.367
threshold=0.2009615384615385 -10.898275058275058 2.5000000000000004 -0.048602113494970629 -0.0013234113092588722 0.028189914147107444 -0.24007907601657594 -0.23301323676323679 -0.0054841854543452142 0.050179856115107925 0.23119798032184086 0.020541351010101017 0.007807301827706419 2.2833333333333337
decision_type=10 10 10 8 2 8 8 8 10 10 10 10 10 10
left_child=-1 2 -2 4 -3 6 8 -8 9 -5 -11 -12 -13 -9
right_child=1 3 -4 5 -6 -7 7 13 -10 10 11 12 -14 -15
leaf_value=-0.00066781558101646572 0.018734564517704857 0.001207310520361767 -0.03432316875448993 -0.036601354527909052 0.023689955002573333 0.012211541106363475 -0.056159704297442332 -0.0097229187129733944 0.022891102289259578 0.043742675091083559 0.011514632896718226 -0.06211628871494277 0.0098235745074796606 0.0013190912498450068
leaf_weight=260003 705 4728 1787 1034 5093 8371 500 12811 4562 920 2325 559 526 31381
leaf_count=260003 705 4728 1787 1034 5093 8371 500 12811 4562 920 2325 559 526 31381
internal_value=-9.25583e-06 0.00226356 -0.0192396 0.00301222 0.0129274 0.00145727 -0.000200645 -0.00255853 0.0103754 -0.000382095 0.00858612 -0.00139398 -0.028344 -0.00188929
internal_weight=335305 75302 2492 72810 9821 62989 54618 44692 9926 5364 4330 3410 1085 44192
internal_count=335305 75302 2492 72810 9821 62989 54618 44692 9926 5364 4330 3410 1085 44192
is_linear=0
shrinkage=0.04


Tree=239
num_leaves=15
num_cat=0
split_feature=2 3 5 17 5 3 4 31 37 8 2 29 26 23
split_gain=309.752 1039.86 959.073 841.202 1771.57 1094.08 1188.21 1085.33 888.828 892.611 871.435 869.399 923.53 865.609
threshold=3.9166666666666674 0.10818713450292398 802.50000000000011 2.5000000000000004 1099.5000000000002 0.54195804195804198 11.500000000000002 7.1155788655788674 -0.0043675638382591076 0.029631255487269536 2.1833333333333349 -2.2128255772005772 0.0008012820512820493 0.069445682789432819
decision_type=8 2 2 2 2 2 2 8 10 10 10 10 8 10
left_child=3 -2 -3 4 -1 13 8 -5 -7 -10 -8 -11 -13 -6
right_child=1 2 -4 7 5 6 10 -9 9 11 -12 12 -14 -15
leaf_value=0.019418197641912022 -0.0071638327267657788 -0.04654281288710168 0.0030219333907512535 7.7341561843454983e-05 -0.0096985180955003782 -0.049655826602009574 -0.081442458249733479 -0.036876957742868123 -0.03460894527897472 0.047250573183173092 -0.02422185190350349 -0.037513326200113883 0.011267247451117962 0.027190469234001768
leaf_weight=2880 19495 578 122204 173361 7125 992 873 1231 1390 540 903 923 1673 1137
leaf_count=2880 19495 578 122204 173361 7125 992 873 1231 1390 540 903 923 1673 1137
internal_value=-9.21038e-06 0.0014066 0.00276976 -0.00105287 -0.00916687 -0.0145043 -0.025741 -0.000193696 -0.0163052 -0.00853279 -0.0538088 0.00338696 -0.00645767 -0.00448891
internal_weight=335305 142277 122782 193028 18436 15556 7294 174592 5518 4526 1776 3136 2596 8262
internal_count=335305 142277 122782 193028 18436 15556 7294 174592 5518 4526 1776 3136 2596 8262
is_linear=0
shrinkage=0.04


Tree=240
num_leaves=15
num_cat=0
split_feature=23 4 4 30 30 28 1 33 10 2 3 18 25 38
split_gain=309.887 835.748 825.339 877.742 823.586 696.383 994.467 2398.37 1246.96 705.526 585.338 565.6 935.419 563.819
threshold=0.007284166450833119 17.500000000000004 15.500000000000002 1.7777281746031741 5.0356552128427134 -3.8924305555555549 -0.18849356661856659 -0.0030863249934161043 0.091372912801484255 7.0583333333333362 0.43303571428571436 -0.61861471861471851 0.001631679607870087 0.5054800653410676
decision_type=10 2 2 10 10 10 10 10 8 10 2 8 10 8
left_child=1 4 5 10 11 6 8 -8 -2 13 -4 12 -1 -7
right_child=2 -3 3 -5 -6 9 7 -9 -10 -11 -12 -13 -14 -15
leaf_value=-0.052247450044250625 0.041086303050121703 0.046607740170072652 0.024535409199674861 -0.061199700029779439 -0.049653132116079121 0.0028747124687090288 -0.083844086483532934 0.0091445850474968001 -0.022804757108789025 0.028036166722746274 -0.027462675347555039 -0.00066178986116908871 0.010276055268922233 -0.022255042300223897
leaf_weight=823 817 543 573 616 504 94211 818 890 1072 1713 732 229935 657 1401
leaf_count=823 817 543 573 616 504 94211 818 890 1072 1713 732 229935 657 1401
internal_value=-1.0151e-05 -0.00081896 0.00181756 -0.02382 -0.000940024 0.00231711 -0.0148467 -0.0365078 0.00517529 0.00295876 -0.00456845 -0.000823229 -0.0250633 0.00249505
internal_weight=335305 232462 102843 1921 231919 100922 3597 1708 1889 97325 1305 231415 1480 95612
internal_count=335305 232462 102843 1921 231919 100922 3597 1708 1889 97325 1305 231415 1480 95612
is_linear=0
shrinkage=0.04


Tree=241
num_leaves=15
num_cat=0
split_feature=37 10 32 33 32 38 24 22 6 32 1 2 25 36
split_gain=310.148 572.356 713.571 745.838 624.166 746.202 726.465 794.063 814.839 709.095 698.967 696.766 858.108 1173.57
threshold=0.0011518105772833952 0.34428879310344834 0.59577669648383957 0.061007435103316195 0.58367885619830762 0.47022400322343766 0.014991181657848339 2.5000000000000004 4.5000000000000009 0.52610995327682974 -0.21873029417672274 2.2833333333333337 0.037617394179894188 0.015452332076135453
decision_type=10 10 8 10 10 10 8 2 8 10 8 8 8 2
left_child=1 2 4 -4 5 10 -7 9 -9 -8 -1 12 -12 -14
right_child=-2 -3 3 -5 -6 6 7 8 -10 -11 11 -13 13 -15
leaf_value=0.0072599703820073868 -0.0016587535740154979 0.01025582897901876 -0.045757932441447075 0.0053923993992685982 0.026419919856968607 0.012098005470358306 0.029619517557867858 -0.015432454973181008 -0.070108396695805084 -0.026495696257403171 -0.0011484262380622322 0.001032269628724503 -0.010490942220402978 -0.053997707929175943
leaf_weight=23731 118224 9905 1030 773 1444 1060 579 914 853 794 18826 148714 7353 1105
leaf_count=23731 118224 9905 1030 773 1444 1060 579 914 853 794 18826 148714 7353 1105
internal_value=-1.06847e-05 0.000887042 0.000436757 -0.0242745 0.000659557 0.000470719 -0.0161147 -0.0256791 -0.0430296 -0.00262241 0.000823432 -4.62654e-05 -0.00591606 -0.0164588
internal_weight=335305 217081 207176 1803 205373 203929 4200 3140 1767 1373 199729 175998 27284 8458
internal_count=335305 217081 207176 1803 205373 203929 4200 3140 1767 1373 199729 175998 27284 8458
is_linear=0
shrinkage=0.04


Tree=242
num_leaves=15
num_cat=0
split_feature=19 28 36 36 34 27 34 4 8 3 25 34 19 3
split_gain=305.575 1015.59 1038 881.835 613.968 712.929 799.328 1039.11 747.357 736.868 894.342 794.081 660.141 577.661
threshold=-0.24993386243386234 0.81207138449785532 -0.0078745405668341675 -0.010780673621174021 75.500000000000014 1.0709077380952385 1103.5000000000002 12.500000000000002 0.076556776556776576 0.07417582417582419 0.097545394420394449 762.50000000000011 -0.28959235209235201 0.36038961038961043
decision_type=8 8 2 2 10 8 10 2 10 2 10 10 8 2
left_child=1 4 3 -3 -1 6 9 8 13 -6 11 12 -11 -8
right_child=-2 2 -4 -5 5 -7 7 -9 -10 10 -12 -13 -14 -15
leaf_value=0.01414594574626689 0.00028439217389057708 -0.0022771601505144714 0.013937693024598883 -0.060969155221157409 -0.067285592204042247 -0.048863250234224845 0.063076816085256462 -0.043382931237591953 -0.0051541375534572718 -0.027622311104201217 0.026454753618106057 -0.058492963255696313 0.015389435714893965 0.009363832883670339
leaf_weight=1160 316406 1426 6088 527 515 919 516 691 2314 1743 578 836 799 787
leaf_count=1160 316406 1426 6088 527 515 919 516 691 2314 1743 578 836 799 787
internal_value=-1.10505e-05 -0.00494503 0.00581007 -0.0192413 -0.0129 -0.0161909 -0.0125134 -0.000181764 0.00855048 -0.024262 -0.0178913 -0.0257544 -0.0140668 0.0321796
internal_weight=335305 18899 8041 1953 10858 9698 8779 4308 3617 4471 3956 3378 2542 1303
internal_count=335305 18899 8041 1953 10858 9698 8779 4308 3617 4471 3956 3378 2542 1303
is_linear=0
shrinkage=0.04


Tree=243
num_leaves=15
num_cat=0
split_feature=1 0 19 12 29 14 0 14 3 14 16 3 6 37
split_gain=304.955 666.041 820.101 697.549 1112.04 639.367 611.438 766.282 688.691 881.433 654.61 681.013 601.467 585.138
threshold=-0.34448293989960649 0.14451659451659454 -0.19770141895141891 0.15170694284618338 -1.3242834595959596 0.27305428384565084 0.070370370370370458 0.13363095238095241 0.24264705882352944 0.29442724458204339 0.20119047619047623 0.30217391304347835 5.5000000000000009 -0.0098531091342780163
decision_type=8 10 8 10 8 10 8 10 2 10 10 2 8 10
left_child=1 2 12 -3 -5 13 7 10 -9 -10 11 -2 -1 -4
right_child=6 3 5 4 -6 -7 -8 8 9 -11 -12 -13 -14 -15
leaf_value=-0.0061005052970078549 -0.04575031258952697 0.029677378265765123 -0.018991683093589031 -0.033864042491069876 0.020144777938505311 0.021185550540295237 -0.00012649687510366155 0.0051802564925212116 -0.068851433887541946 -0.0037598041191777092 0.037598390932004136 0.0063392372757910109 -0.059514135418112499 0.0033961040683291206
leaf_weight=818 556 2931 2206 889 1691 2574 308602 542 946 509 531 1161 540 10809
leaf_count=818 556 2931 2206 889 1691 2574 308602 542 946 509 531 1161 540 10809
internal_value=-1.16307e-05 0.0044854 0.000542176 0.0164974 0.00124476 0.00317309 -0.000335119 -0.0153235 -0.0330293 -0.046962 0.000781894 -0.0113457 -0.0286993 -0.000456712
internal_weight=335305 22458 16947 5511 2580 15589 312847 4245 1997 1455 2248 1717 1358 13015
internal_count=335305 22458 16947 5511 2580 15589 312847 4245 1997 1455 2248 1717 1358 13015
is_linear=0
shrinkage=0.04


Tree=244
num_leaves=15
num_cat=0
split_feature=25 22 6 6 6 25 3 23 20 6 25 32 33 14
split_gain=306.275 854.707 1335.57 1105.28 887.076 883.208 709.022 1332.64 799.221 1245.38 1993.32 1494.66 1288.96 1106.81
threshold=-0.096305231548287087 2.5000000000000004 6.5000000000000009 7.5000000000000009 5.5000000000000009 -0.14145880097268984 0.087121212121212141 0.12224019293463738 -0.34113756613756613 8.5000000000000018 0.089298941798941836 0.49185411086673575 0.025208561186413701 0.38516483516483524
decision_type=8 2 8 10 10 10 2 10 8 8 10 10 10 10
left_child=1 3 -3 4 -1 -4 7 8 -2 13 11 -11 -13 -10
right_child=6 2 5 -5 -6 -7 -8 -9 9 10 -12 12 -14 -15
leaf_value=-0.0037720799948044708 0.0088470846530609229 0.0042783377326400043 0.079144636692563067 -0.046908764703250824 0.033101801071346693 0.023482155686558662 0.00033928191699621749 0.048472720464017793 -0.0048536992668111482 0.015963391796213446 -0.090939748104857776 -0.06439939712286058 0.0061831885666608633 -0.061756583222598103
leaf_weight=7402 4267 5360 639 781 1164 1562 286514 655 22734 1281 672 1141 622 511
leaf_count=7402 4267 5360 639 781 1164 1562 286514 655 22734 1281 672 1141 622 511
internal_value=-1.18419e-05 0.00522612 0.0151793 -0.00286316 0.00140158 0.0410413 -0.000290773 -0.00594438 -0.00716143 -0.00970671 -0.0310557 -0.0165796 -0.0400136 -0.00623448
internal_weight=335305 16908 7561 9347 8566 2201 318397 31883 31228 26961 3716 3044 1763 23245
internal_count=335305 16908 7561 9347 8566 2201 318397 31883 31228 26961 3716 3044 1763 23245
is_linear=0
shrinkage=0.04


Tree=245
num_leaves=15
num_cat=0
split_feature=16 26 32 25 23 5 28 16 22 33 21 38 33 31
split_gain=299.144 624.436 623.059 941.987 905.132 1072.77 893.145 940.357 825.739 733.098 863.753 694.842 615.823 912.738
threshold=0.087167581257914753 -0.18739583333333329 0.57272202707930309 -0.068264416896235067 -0.050237323907620625 1526.5000000000002 -0.27361770174270184 0.022857889237199586 1.5000000000000002 0.050429024652778466 -0.10322293447293449 0.09090821931616612 -0.012097584067240199 -6.1747775372775378
decision_type=8 8 8 8 10 2 8 10 2 10 8 8 10 8
left_child=2 -2 9 -4 5 8 7 -6 -5 12 -11 -12 -1 -14
right_child=1 -3 3 4 6 -7 -8 -9 -10 10 11 -13 13 -15
leaf_value=-0.0011710163057510239 0.019098333086545384 -0.0014432888616692956 -0.059284841181556455 -0.030640730570498695 -0.081862314350223023 0.055258225381282937 -0.002975819966413711 -0.0089906894109069799 0.019234480428347533 0.021436838034877104 -0.052154724862971846 -0.0070436573958742301 0.022981985523956725 0.0032589921500339159
leaf_weight=57463 2351 171830 543 927 580 602 1676 540 1115 636 1084 1089 3868 91001
leaf_count=57463 2351 171830 543 927 580 602 1676 540 1115 636 1084 1089 3868 91001
internal_value=-1.16833e-05 -0.00116063 0.00123034 -0.0113823 -0.00610446 0.0105793 -0.0217899 -0.0486135 -0.00359839 0.00172026 -0.0183493 -0.0302142 0.00209624 0.00407482
internal_weight=335305 174181 161124 5983 5440 2644 2796 1120 2042 155141 2809 2173 152332 94869
internal_count=335305 174181 161124 5983 5440 2644 2796 1120 2042 155141 2809 2173 152332 94869
is_linear=0
shrinkage=0.04


Tree=246
num_leaves=15
num_cat=0
split_feature=21 21 10 10 1 34 34 23 22 19 36 12 19 22
split_gain=297.867 575.355 836.396 957.541 916.754 939.521 774.195 707.268 673.766 991.344 701.046 616.971 606.13 879.346
threshold=0.34060846560846575 0.43899063899063906 0.29459980713596917 0.066915422885572159 0.069151103526103472 1930.5000000000002 64.500000000000014 -0.034837910263080356 3.5000000000000004 0.25003306878306891 -0.0075562300286479882 0.17262664963814392 0.25470432345432353 2.5000000000000004
decision_type=10 10 10 10 10 10 10 8 2 10 2 10 10 2
left_child=-1 6 3 -3 5 8 11 -6 10 -10 -5 -2 -8 -14
right_child=1 2 -4 4 7 -7 12 -9 9 -11 -12 -13 13 -15
leaf_value=0.00033736568633269338 -0.0090839430616793324 0.016851135107578092 0.037064010398161845 0.059523463298018719 -0.0055836588406586772 -0.031411799991650176 0.0027987024883005824 -0.04913261944459657 0.026045763230323794 -0.046007423658879283 0.010047304187210124 -0.071439415057091907 -0.001947848287015652 -0.028240136449573201
leaf_weight=308846 501 3304 988 601 1131 1003 6210 1248 525 609 1641 502 4555 3641
leaf_count=308846 501 3304 988 601 1131 1003 6210 1248 525 609 1641 502 4555 3641
internal_value=-1.1838e-05 -0.00408091 0.00287777 -0.000645685 -0.00926085 0.00165287 -0.00906424 -0.0289701 0.0117914 -0.0129583 0.0243193 -0.042203 -0.006619 -0.0137284
internal_weight=335305 26459 11050 10062 6758 4379 15409 2379 3376 1134 2242 1003 14406 8196
internal_count=335305 26459 11050 10062 6758 4379 15409 2379 3376 1134 2242 1003 14406 8196
is_linear=0
shrinkage=0.04


Tree=247
num_leaves=15
num_cat=0
split_feature=4 34 33 38 36 2 33 5 23 23 34 3 30 1
split_gain=292.161 883.853 789.7 685.679 889.121 780.185 1259.42 973.307 1608.78 1036.71 879.487 1057.19 952.377 799.4
threshold=8.5000000000000018 4.5000000000000009 0.065164223527897816 -0.375933670238291 0.012835515969783206 5.083333333333333 -0.0349491143270751 1206.5000000000002 -0.15425264550264547 -0.083837066283053915 124.50000000000001 0.13484848484848486 2.2259199134199137 0.13960879159614251
decision_type=2 10 8 8 2 10 8 2 10 8 10 2 10 10
left_child=2 -2 3 4 -1 10 -7 8 -8 -9 12 -12 13 -5
right_child=1 -3 -4 5 -6 6 7 9 -10 -11 11 -13 -14 -15
leaf_value=0.0062290403509934634 -0.02767593252494328 -0.00048166614147990457 0.036172318092602143 0.012409194053544667 0.048100233099588101 -0.067050834497372661 -0.085870808911543847 -0.038680213110719258 -0.0058354002340324377 0.0060436051133532075 0.013709089033801776 -0.001980486499495553 0.047722377661935884 -0.023150899267951282
leaf_weight=3103 1877 250370 1021 9220 1058 530 552 901 1233 6429 7943 48924 1055 1089
leaf_count=3103 1877 250370 1021 9220 1058 530 552 901 1233 6429 7943 48924 1055 1089
internal_value=-1.19023e-05 -0.000689467 0.00204504 0.00159853 0.0173202 0.000747929 -0.00987095 -0.00619852 -0.0322513 0.00032136 0.00225512 0.000221101 0.0123881 0.00855916
internal_weight=335305 252247 83058 82037 4161 77876 9645 9115 1785 7330 68231 56867 11364 10309
internal_count=335305 252247 83058 82037 4161 77876 9645 9115 1785 7330 68231 56867 11364 10309
is_linear=0
shrinkage=0.04


Tree=248
num_leaves=15
num_cat=0
split_feature=32 33 36 21 5 30 8 18 26 22 6 25 28 32
split_gain=294.638 468.412 444.921 646.139 351.892 2737.22 1446.97 1649.87 502.338 472.186 699.421 933.39 639.979 632.238
threshold=0.36403728807864855 -0.080873735640268715 -0.0097580142262483661 0.03630952380952384 2462.5000000000005 0.56028273809523865 0.076556776556776576 -0.078703703703703734 -0.12856086221470833 1.5000000000000002 6.5000000000000009 -0.14145880097268984 1.2640241702741706 0.49988432388384879
decision_type=8 10 2 10 2 10 10 8 8 2 8 10 10 10
left_child=2 -2 -1 -4 8 6 -6 -8 9 12 -11 -12 -3 -13
right_child=1 4 3 -5 5 -7 7 -9 -10 10 11 13 -14 -15
leaf_value=0.038214579018061627 -0.031822093799835457 -0.014284999449650131 0.024052965913055783 -0.02128027902624428 -0.013199956156582978 -0.050662597989580435 0.013794947323919383 0.097289618090593069 -0.00049803161140246448 0.0052036170521997608 0.060363421990826234 0.033999478495091745 0.024848650295155691 -0.011888248859046144
leaf_weight=748 694 2779 1010 908 641 735 753 753 315287 7410 926 924 827 910
leaf_count=748 694 2779 1010 908 641 735 753 753 315287 7410 926 924 827 910
internal_value=-1.19053e-05 -0.000119022 0.0131093 0.00259636 -4.79578e-05 0.0137482 0.0364496 0.0573271 -0.000170857 0.0072918 0.0116865 0.0286895 -0.005093 0.0115195
internal_weight=335305 332639 2666 1918 331945 2882 2147 1506 329063 13776 10170 2760 3606 1834
internal_count=335305 332639 2666 1918 331945 2882 2147 1506 329063 13776 10170 2760 3606 1834
is_linear=0
shrinkage=0.04


Tree=249
num_leaves=15
num_cat=0
split_feature=35 14 5 35 0 26 19 35 5 16 37 8 3 20
split_gain=297.737 717.563 660.629 448.984 885.336 1073.64 583.84 551.644 556.824 508.088 861.038 1103.57 732.043 706.789
threshold=0.6456571251493628 0.14073503521126765 1892.0000000000002 0.6001849568483193 0.38895363895363905 0.0041666666666666788 0.021266259460703905 0.59374722562024063 3225.0000000000005 0.087167581257914753 6.1518041675621372e-05 0.17165178571428574 0.53589743589743599 -0.037037037037037014
decision_type=2 10 2 2 10 10 10 2 2 10 10 10 2 8
left_child=3 2 -2 7 5 6 -5 8 -1 13 -11 12 -12 -6
right_child=1 -3 -4 4 9 -7 -8 -9 -10 10 11 -13 -14 -15
leaf_value=-7.9697522833365153e-06 -0.004368515816775791 0.038962805091570588 0.040498433113585114 0.013763185901327888 0.021715077625281038 -0.06281755473425514 -0.037744689622483521 0.014833796023236586 -0.038482696532115813 0.0062480236759797202 -0.020703834840833886 0.0087005545976035371 -0.082798978241804183 -0.011026322257693099
leaf_weight=315141 3652 1003 562 829 2379 900 540 3968 553 1986 651 714 604 1823
leaf_count=315141 3652 1003 562 829 2379 900 540 3968 553 1986 651 714 604 1823
internal_value=-1.05099e-05 0.00942484 0.00201989 -0.000161039 -0.0083095 -0.03012 -0.00716809 0.000105986 -8.14491e-05 -0.00209603 -0.0123085 -0.0307165 -0.052616 0.00754789
internal_weight=335305 5217 4214 330088 10426 2269 1369 319662 315694 8157 3955 1969 1255 4202
internal_count=335305 5217 4214 330088 10426 2269 1369 319662 315694 8157 3955 1969 1255 4202
is_linear=0
shrinkage=0.04


Tree=250
num_leaves=15
num_cat=0
split_feature=34 24 6 19 1 31 6 3 27 2 3 21 5 27
split_gain=292.046 710.073 794.012 829.157 786.132 773.819 814.657 868.196 725.116 716.121 933.713 1155.84 1063.74 728.5
threshold=2052.5000000000005 0.044921932569238966 4.5000000000000009 0.056294406651549507 -0.19834103159423669 -4.2640561868686859 5.5000000000000009 0.22649572649572652 1.4395684523809527 4.5166666666666693 0.12916666666666668 0.08750000000000005 1445.0000000000002 -1.062703373015873
decision_type=10 10 8 10 10 8 10 2 8 10 2 8 2 10
left_child=-1 5 3 -3 -5 6 7 -2 -6 10 -4 13 -13 -12
right_child=1 2 9 4 8 -7 -8 -9 -10 -11 11 12 -14 -15
leaf_value=-0.00070086379810479658 -0.0054523600329644982 0.015605905855438598 0.014675705504748201 0.0043244552722172596 -0.050631521515342767 0.0025449319422229163 -0.010172023533353147 0.044062421736182279 0.0045056457346644187 0.014879838599824474 -0.089699017358604569 -0.028794182172230464 0.038182518971803345 -0.035530874852735837
leaf_weight=249909 750 3546 762 2265 1056 68808 989 2145 571 831 590 1176 501 1406
leaf_count=249909 750 3546 762 2265 1056 68808 989 2145 571 831 590 1176 501 1406
internal_value=-1.07648e-05 0.00200802 -0.00669971 0.0017267 -0.0109562 0.00353338 0.0207896 0.03136 -0.0317236 -0.0185059 -0.0248577 -0.0331462 -0.00825889 -0.0533433
internal_weight=335305 85396 12704 7438 3892 72692 3884 2895 1627 5266 4435 3673 1677 1996
internal_count=335305 85396 12704 7438 3892 72692 3884 2895 1627 5266 4435 3673 1677 1996
is_linear=0
shrinkage=0.04


Tree=251
num_leaves=15
num_cat=0
split_feature=23 30 4 30 4 5 27 21 20 6 33 6 33 29
split_gain=294.637 778.477 771.825 810.942 766.393 687.113 3152.36 2068.1 1665.54 895.044 789.97 1314.82 775.088 693.246
threshold=0.007284166450833119 5.0356552128427134 15.500000000000002 1.7777281746031741 17.500000000000004 2081.0000000000005 -1.1623935786435784 0.050264550264550227 -0.34404761904761905 5.5000000000000009 0.022787622271271152 3.5000000000000004 0.05241839235130101 -5.7540246212121202
decision_type=10 10 2 10 2 2 10 10 10 8 10 10 10 10
left_child=1 4 5 -4 -1 10 7 -7 -8 -10 -2 12 -12 -13
right_child=2 -3 3 -5 -6 6 8 -9 9 -11 11 13 -14 -15
leaf_value=-0.00080242499844819667 0.0013149976131178712 -0.048159755123039501 -0.0045116680289515147 -0.058951132950504442 0.044729716317731302 -0.11845415787623984 -0.046767176979812954 -0.012541465026557825 0.0034975576688696568 0.049757137038430321 0.041885115414113133 0.047103130717740013 -0.0028803927553784085 0.0030192428097551524
leaf_weight=231415 79210 504 1305 616 543 582 712 578 1945 977 2795 548 783 12792
leaf_count=231415 79210 504 1305 616 543 582 712 578 1945 977 2795 548 783 12792
internal_value=-1.08244e-05 -0.000799482 0.00177135 -0.0230212 -0.00068622 0.00225443 -0.0124479 -0.0683794 0.00609164 0.0195418 0.00299373 0.0108265 0.0321841 0.00499931
internal_weight=335305 232462 102843 1921 231958 100922 4794 1160 3634 2922 96128 16918 3578 13340
internal_count=335305 232462 102843 1921 231958 100922 4794 1160 3634 2922 96128 16918 3578 13340
is_linear=0
shrinkage=0.04


Tree=252
num_leaves=15
num_cat=0
split_feature=22 18 16 11 27 35 5 30 5 1 24 6 4 4
split_gain=291.133 659.225 612.632 533.888 438.88 326.028 914.212 889.857 755.491 1071.73 986.345 952.413 856.164 814.482
threshold=8.5000000000000018 -0.1331230497897164 0.093933823529411778 1.5000000000000002 1.4179017857142859 0.42998168454919106 1197.5000000000002 -0.19817099567099561 1682.5000000000002 -0.39623259842009839 0.043812830687830685 7.5000000000000009 11.500000000000002 9.5000000000000018
decision_type=2 10 10 2 8 2 2 10 2 10 8 10 2 2
left_child=5 2 -2 4 -3 6 -1 -8 9 13 12 -11 -10 -9
right_child=1 3 -4 -5 -6 -7 7 8 10 11 -12 -13 -14 -15
leaf_value=0.013839126386677246 -0.0061797255174792648 0.00051536920544279668 -0.052592446456823885 -0.023018119882103134 0.046742125234820631 -0.00033577118214975069 0.010257640954041254 0.057831968722041174 0.017842477838084857 -0.0025341168043211269 -0.049807973393400894 -0.041281405752419092 -0.040479356572537005 0.0057104066128278791
leaf_weight=10158 986 796 820 669 511 293535 8882 721 1077 12973 1245 1052 577 1303
leaf_count=10158 986 796 820 669 511 293535 8882 721 1077 12973 1245 1052 577 1303
internal_value=-1.09983e-05 -0.0109732 -0.0281022 0.00498929 0.0196451 0.000115694 0.00360004 -0.00015536 -0.00505067 -0.00162614 -0.02366 -0.00557683 -0.00309395 0.025224
internal_weight=335305 3782 1806 1976 1307 331523 37988 27830 18948 16049 2899 14025 1654 2024
internal_count=335305 3782 1806 1976 1307 331523 37988 27830 18948 16049 2899 14025 1654 2024
is_linear=0
shrinkage=0.04


Tree=253
num_leaves=15
num_cat=0
split_feature=32 33 5 30 8 35 2 6 3 34 0 29 18 25
split_gain=296.127 777.821 1364.66 1274.86 825.782 744.649 962.618 693.911 805.641 669.159 705.761 617.968 764.199 581.861
threshold=0.50967411636859938 0.0047096552749147629 1729.0000000000002 -1.1904811507936504 0.062781531531531543 0.40441037508613425 1.2000000000000017 4.5000000000000009 0.6043478260869567 600.50000000000011 0.12424242424242431 -0.080964405964406419 -0.17705176767676764 0.053875217044859904
decision_type=8 10 2 10 10 2 10 8 2 10 10 10 10 10
left_child=-1 2 5 -4 -5 -2 7 9 -9 -7 -11 -6 -13 -8
right_child=1 -3 3 4 11 6 13 8 -10 10 -12 12 -14 -15
leaf_value=0.00090972253754496954 0.023950976702664467 4.0793445199280796e-05 0.037676084397061278 -0.043476244235273014 0.03831097989081899 -0.0409312528952058 -0.0062955154893603324 -0.026534797389082189 -0.082335720333695461 0.029504071989708502 -0.028259550310556426 0.022702762378723668 -0.038449273374351708 -0.029200640116866784
leaf_weight=209575 842 100282 1814 637 631 879 14363 1139 678 702 566 589 624 1984
leaf_count=209575 842 100282 1814 637 631 879 14363 1139 678 702 566 589 624 1984
internal_value=-1.0937e-05 -0.0015453 -0.0077834 0.0126679 -0.00600006 -0.011956 -0.0134997 -0.0310753 -0.0490039 -0.0151324 0.00362608 0.00775186 -0.00903226 -0.00915603
internal_weight=335305 125730 25448 4295 2481 21153 20311 3964 1817 2147 1268 1844 1213 16347
internal_count=335305 125730 25448 4295 2481 21153 20311 3964 1817 2147 1268 1844 1213 16347
is_linear=0
shrinkage=0.04


Tree=254
num_leaves=15
num_cat=0
split_feature=1 2 12 6 35 12 31 0 29 0 25 6 32 19
split_gain=296.62 1057.93 853.89 968.718 1509.12 930.348 898.717 807.625 1029.7 1137.53 1250.64 838.19 1128.78 860.382
threshold=-0.048211318002984609 4.4416666666666691 0.20864427860696519 3.5000000000000004 0.53870181839507447 0.28035087719298252 -4.0045296717171714 0.45458245458245478 -7.5356033549783534 0.7037457912457914 0.0026623794652640797 5.5000000000000009 0.50611383739048132 -0.088832772166105481
decision_type=10 10 10 10 2 10 8 10 8 10 8 8 10 8
left_child=1 2 -1 4 6 -6 -4 11 9 10 -9 -2 13 -13
right_child=7 -3 3 -5 5 -7 -8 8 -10 -11 -12 12 -14 -15
leaf_value=-0.0015396143905952984 -0.0028528009362460277 0.019799633950873866 0.051813742207181372 0.0020303107776926169 0.016698015626736579 -0.033899228659126604 0.017219088645751342 -0.0081786305865062421 0.00018544202514493319 0.0076918119237864881 -0.091451857795281269 0.002300698812669122 -0.00042824042864615864 -0.043400012383075739
leaf_weight=95366 13297 4740 1435 40436 958 1342 6924 543 162221 797 593 828 2734 3091
leaf_count=95366 13297 4740 1435 40436 958 1342 6924 543 162221 797 593 828 2734 3091
internal_value=-1.13487e-05 0.00130121 0.000695979 0.00486602 0.0155638 -0.0129175 0.0234308 -0.00108939 -0.000164714 -0.0288142 -0.0536707 -0.0086784 -0.0202136 -0.0338371
internal_weight=335305 151201 146461 51095 10659 2300 8359 184104 164154 1933 1136 19950 6653 3919
internal_count=335305 151201 146461 51095 10659 2300 8359 184104 164154 1933 1136 19950 6653 3919
is_linear=0
shrinkage=0.04


Tree=255
num_leaves=15
num_cat=0
split_feature=9 6 14 33 16 27 30 28 25 34 33 6 31 33
split_gain=290.251 915.679 740.125 558.655 578.087 490.684 865.041 472.944 469.722 361.483 1018.73 1169.73 1360.26 620.831
threshold=2.5000000000000004 3.5000000000000004 0.2573593073593074 -0.028625191872593138 0.41277890466531447 -1.0946136502386499 0.76769480519480493 -0.15105502136752122 0.0012905024268660651 11.500000000000002 0.023341893565498376 4.5000000000000009 1.0150000000000003 -0.0027475680532355285
decision_type=2 10 10 10 10 10 10 10 8 10 8 10 8 10
left_child=9 8 3 -3 5 6 -5 -7 -2 10 11 13 -13 -1
right_child=1 2 -4 4 -6 7 -8 -9 -10 -11 -12 12 -14 -15
leaf_value=-0.013469845581611763 0.010212779333875375 -0.025758113404050431 -0.035512223101028625 0.073064249607434739 -0.023042625116179195 -0.025496928949683296 0.006202574472718974 0.014063000153398023 0.054893526779868085 -4.5598259907042219e-06 -0.050747230997313555 0.0024428792279243185 -0.084998241844595451 0.015839345937440151
leaf_weight=1793 721 738 739 525 672 537 693 2748 807 320400 784 581 503 3064
leaf_count=1793 721 738 739 525 672 537 693 2748 807 320400 784 581 503 3064
internal_value=-1.12765e-05 0.00740784 0.000902525 0.00571321 0.0104048 0.0155946 0.0367669 0.00731082 0.0348022 -0.000197901 -0.00934125 -0.00349921 -0.0400905 0.00499262
internal_weight=335305 8180 6652 5913 5175 4503 1218 3285 1528 327125 6725 5941 1084 4857
internal_count=335305 8180 6652 5913 5175 4503 1218 3285 1528 327125 6725 5941 1084 4857
is_linear=0
shrinkage=0.04


Tree=256
num_leaves=15
num_cat=0
split_feature=32 32 23 29 22 32 19 8 10 35 2 35 35 31
split_gain=290.427 900.896 1589.65 912.88 769.511 883.75 678.643 653.202 980.696 777.139 775.337 964.344 637.302 631.717
threshold=0.45840305614638494 0.46434230693884032 -0.083837066283053915 -2.0572767857142851 8.5000000000000018 0.49380143117585701 -0.086314935064935053 0.066987179487179499 0.14980314960629923 0.47807572525910152 1.7666666666666675 0.49894244189847065 0.47276618646275176 2.0920592948717949
decision_type=8 10 10 8 2 10 8 10 10 2 8 2 2 10
left_child=6 2 3 -2 -3 -6 -1 8 10 -10 -4 -12 -7 -14
right_child=1 4 7 -5 5 12 -8 -9 9 -11 11 -13 13 -15
leaf_value=0.011473291865042968 -0.081842485594189981 0.00021605379868750056 -0.0010468105879067385 -0.024587888439434769 -0.051682033448076821 0.02357761233305658 0.00046901562635538144 0.0031349415087868655 0.038610752698488883 -0.019283536748606046 -0.084481277071509528 -0.013665853135167591 -0.046942847288195415 0.010579446637250576
leaf_weight=11008 504 259379 673 2784 920 736 47441 8040 638 759 682 570 664 507
leaf_count=11008 504 259379 673 2784 920 736 47441 8040 638 759 682 570 664 507
internal_value=-1.13163e-05 -0.00055232 -0.0101883 -0.0344586 -1.21004e-05 -0.0205853 0.00254954 -0.00304456 -0.0178251 0.00757693 -0.0359848 -0.0540039 -0.00464611 -0.0226244
internal_weight=335305 276856 14650 3288 262206 2827 58449 11362 3322 1397 1925 1252 1907 1171
internal_count=335305 276856 14650 3288 262206 2827 58449 11362 3322 1397 1925 1252 1907 1171
is_linear=0
shrinkage=0.04


Tree=257
num_leaves=15
num_cat=0
split_feature=2 36 26 6 23 31 36 3 1 10 10 10 5 35
split_gain=285.761 835.836 765.99 627.73 936.898 703.258 505.914 480.689 466.625 527.591 662.226 807.441 769.951 551.729
threshold=0.10000000000000007 0.015134225744732986 -0.071237824675324649 5.5000000000000009 0.1037367724867725 -6.1747775372775378 -0.0054497811665387532 0.81534090909090928 -0.41346449846449845 0.035929432013769365 0.21026315789473685 0.17512886597938146 1985.0000000000002 0.46672973686776931
decision_type=8 2 8 10 8 10 2 2 8 8 10 8 2 2
left_child=1 2 -1 5 -5 6 -4 -7 9 -2 11 12 -11 -12
right_child=8 -3 3 4 -6 7 -8 -9 -10 10 13 -13 -14 -15
leaf_value=0.033185270324160784 0.032844876342864808 -0.053770058870060831 0.052816450798840564 -0.060663182798345552 0.0063968443506565251 -0.0025879264590426168 8.1745111129500646e-05 -0.038751153438505027 -6.117793774159904e-05 0.012962220110962271 8.506534434854985e-05 -0.043286269252793656 -0.037500002740313371 0.046717303866118942
leaf_weight=740 1306 535 507 743 560 2625 610 711 321458 2735 725 641 536 873
leaf_count=740 1306 535 507 743 560 2625 610 711 321458 2735 725 641 536 873
internal_value=-1.2268e-05 -0.00796251 -0.00380799 -0.00880872 -0.032671 -0.00154111 0.0252551 -0.0107538 0.000159198 0.0104774 0.00492805 -0.00398436 0.00425317 0.0262051
internal_weight=335305 7031 6496 5756 1303 4453 1117 3336 328274 6816 5510 3912 3271 1598
internal_count=335305 7031 6496 5756 1303 4453 1117 3336 328274 6816 5510 3912 3271 1598
is_linear=0
shrinkage=0.04


Tree=258
num_leaves=15
num_cat=0
split_feature=19 21 28 22 34 14 8 23 23 36 38 2 2 14
split_gain=292.194 965.756 982.564 953.109 985.456 927.811 860.512 791.231 840.598 708.163 846.89 654.084 720.612 1089.12
threshold=-0.24993386243386234 -0.25408653846153834 0.79664983164983194 4.5000000000000009 36.500000000000007 0.091372912801484255 0.10930934873949581 -0.0046016098099431442 -0.023019057035459142 -0.0074141041233497648 -0.034509369316717518 0.71666666666666667 3.0333333333333345 0.082903780068728533
decision_type=8 10 8 2 10 10 10 8 10 2 10 8 10 10
left_child=1 2 3 4 -1 -3 -7 8 -6 10 -4 -9 -13 -14
right_child=-2 5 9 -5 7 6 -8 11 -10 -11 -12 12 13 -15
leaf_value=0.045226379691960493 0.00027681687307283624 -0.008017838744372353 -0.033282626454948623 -0.052913987543865899 -0.00961998643744927 -0.016256295758819778 -0.083077024327596768 -0.038520183177572054 -0.05609498166818825 0.018750119476778068 0.023377519666215943 0.01880207446406201 0.013847695114005069 -0.050383994930175195
leaf_weight=527 316406 2282 1018 683 1811 641 604 547 921 4917 653 2667 925 703
leaf_count=527 316406 2282 1018 683 1811 641 604 547 921 4917 653 2667 925 703
internal_value=-1.20846e-05 -0.00483682 -0.00047918 -0.00921557 -0.00522934 -0.0235569 -0.0506297 -0.00901364 -0.026014 0.011151 -0.0111049 0.000746329 0.00613293 -0.0145636
internal_weight=335305 18899 15372 8784 8101 3527 1245 7574 2732 6588 1671 4842 4295 1628
internal_count=335305 18899 15372 8784 8101 3527 1245 7574 2732 6588 1671 4842 4295 1628
is_linear=0
shrinkage=0.04


Tree=259
num_leaves=15
num_cat=0
split_feature=7 27 29 21 22 6 29 24 18 28 6 28 34 10
split_gain=285.661 616.432 743.029 1379.67 717.574 618.012 713.955 561.261 648.358 543.664 530.892 524.555 508.973 500.949
threshold=1.5000000000000002 -5.5534956709956704 -1.2866098484848481 -0.1111111111111111 1.5000000000000002 5.5000000000000009 -2.6984217171717169 -0.0089092117875834102 -0.16439023939023936 2.4166835768398269 7.5000000000000009 2.1455982905982913 186.50000000000003 0.10501253132832082
decision_type=2 8 10 8 2 8 8 10 10 10 10 10 10 10
left_child=-1 -2 3 -3 -5 6 -6 9 12 11 -10 -4 -9 -13
right_child=1 2 7 4 5 -7 -8 8 10 -11 -12 13 -14 -15
leaf_value=-0.00044710626963147406 -0.038871561940894396 0.057861244083637429 -0.0040052524265071507 0.033586740112006172 -0.020718134711801794 -0.031203930050911967 0.026529173949097939 0.032511516617896079 0.0097934473689070423 0.013221734088169755 0.03975346901398627 -0.0035955634815618399 -0.0075159095963150723 -0.058406814887550562
leaf_weight=294600 502 1041 14829 1114 789 851 1272 512 9715 2720 1009 510 5315 526
leaf_count=294600 502 1041 14829 1114 789 851 1272 512 9715 2720 1009 510 5315 526
internal_value=-1.29603e-05 0.00312584 0.00369788 0.0179394 0.00703368 -0.00351981 0.00837947 0.00162152 0.00696829 -0.003146 0.0127837 -0.00598492 -0.00375215 -0.0328323
internal_weight=335305 40705 40203 5067 4026 2912 2061 35136 16551 18585 10724 15865 5827 1036
internal_count=335305 40705 40203 5067 4026 2912 2061 35136 16551 18585 10724 15865 5827 1036
is_linear=0
shrinkage=0.04


Tree=260
num_leaves=15
num_cat=0
split_feature=19 21 12 8 20 12 31 1 30 23 36 2 21 6
split_gain=290.958 993.789 898.551 711.06 1299.43 1055.54 832.859 769.78 1021.96 604.674 581.589 533.625 496.886 833.017
threshold=-0.31235119047619037 -0.25408653846153834 0.27806414662084772 0.10035971223021585 -0.69848484848484838 0.07659713168187747 -0.03555673493173505 -0.2698514092744862 -0.58118128399378388 0.0055373848934455018 -1.0000000180025095e-35 5.4416666666666691 -0.25408653846153834 6.5000000000000009
decision_type=8 10 10 8 10 8 10 10 8 10 2 8 8 10
left_child=1 2 3 4 -1 -5 -7 -6 -9 11 -8 -4 13 -2
right_child=12 -3 9 5 7 6 10 8 -10 -11 -12 -13 -14 -15
leaf_value=0.041314429192687012 0.010479164015170043 -0.056776286441556828 -0.013490538699489745 0.013042017542709739 -0.048485755229836384 -0.062001938785323861 -0.042167163281061217 -0.044438292507413636 0.016970295552385186 0.035909862766897914 0.010553133222423444 0.026980115149545937 -0.0001812914249287182 -0.011869249321073201
leaf_weight=883 15199 544 1436 835 681 1168 590 557 1468 1167 669 753 306164 3191
leaf_count=883 15199 544 1436 835 681 1168 590 557 1468 1167 669 753 306164 3191
internal_value=-1.21527e-05 -0.0064707 -0.00352588 -0.0118078 0.000519412 -0.0251737 -0.0383196 -0.0133005 -0.000584643 0.013306 -0.0148199 0.000722685 0.000202753 0.00657964
internal_weight=335305 10751 10207 6851 3589 3262 2427 2706 2025 3356 1259 2189 324554 18390
internal_count=335305 10751 10207 6851 3589 3262 2427 2706 2025 3356 1259 2189 324554 18390
is_linear=0
shrinkage=0.04


Tree=261
num_leaves=15
num_cat=0
split_feature=24 21 8 2 5 21 18 21 8 30 10 10 1 0
split_gain=283.166 651.521 802.376 369.124 368.178 363.117 920.737 522.258 352.367 735.276 1688.76 768.723 609.351 889.004
threshold=-0.1916666666666666 0.010582010582010528 0.1082709215239336 9.141666666666671 1471.0000000000002 -0.54460227272727257 0.095238095238095163 -0.60267857142857129 0.2085622710622711 2.8010751748251757 0.085960591133004943 0.17253783180352275 -0.18519371574927126 0.29629629629629645
decision_type=8 10 10 10 2 8 8 10 10 8 10 10 10 10
left_child=1 -1 -3 5 -5 6 7 -2 12 -10 -11 -12 13 -7
right_child=3 2 -4 4 -6 8 -8 -9 9 10 11 -13 -14 -15
leaf_value=-0.040731275069935305 0.030478186491776544 0.040541553842738325 -0.022099994724155452 -0.007503376718498646 0.03117865545904043 0.0007377608544491403 -0.049404013549094926 -0.018036475101823216 0.0033808951670408934 -0.058781593242688238 0.032510331782354886 -0.01982731397405884 -0.0018724797046817032 0.013620847074725306
leaf_weight=838 600 508 742 566 1130 67907 781 734 68737 962 843 856 180342 9759
leaf_count=838 600 508 742 566 1130 67907 781 734 68737 962 843 856 180342 9759
internal_value=-1.24071e-05 -0.0145231 0.00393769 8.06849e-05 0.0184242 -1.59215e-05 -0.0163439 0.00409698 9.13791e-05 0.0025773 -0.0178601 0.00632829 -0.00059691 0.00236429
internal_weight=335305 2088 1250 333217 1696 331521 2115 1334 329406 71398 2661 1699 258008 77666
internal_count=335305 2088 1250 333217 1696 331521 2115 1334 329406 71398 2661 1699 258008 77666
is_linear=0
shrinkage=0.04


Tree=262
num_leaves=15
num_cat=0
split_feature=21 21 6 10 3 5 5 27 10 23 10 25 30 27
split_gain=282.602 530.937 864.216 657.082 633.959 721.454 982.077 729.992 657.03 686.353 605.124 603.016 598.593 598.06
threshold=0.34060846560846575 0.43899063899063906 7.5000000000000009 0.28653530377668313 0.07417582417582419 1208.5000000000002 1307.5000000000002 0.32812499999999983 0.23570261437908499 -0.083837066283053915 0.066915422885572159 -0.11655543530543529 0.43117965367965344 2.4422889610389613
decision_type=10 10 10 10 2 2 2 10 10 10 8 10 10 10
left_child=-1 4 3 10 -2 7 12 -6 9 -8 11 -3 -7 -12
right_child=1 2 -4 -5 5 6 8 -9 -10 -11 13 -13 -14 -15
leaf_value=0.00032783544103075034 0.014527447200126345 -0.016287166320416376 -0.035516541576501567 0.037013387907806998 0.01198860646116872 -0.025043060203291931 -0.039459335517948085 -0.017579134162375849 -0.042079771532654839 -0.0019435562882976871 0.00093247850706821601 0.026104882036837248 -0.080968493433529826 -0.032373108780913977
leaf_weight=308846 1628 649 823 935 3199 783 870 2219 995 5177 5241 2420 538 982
leaf_count=308846 1628 649 823 935 3199 783 870 2219 995 5177 5241 2420 538 982
internal_value=-1.23032e-05 -0.00397574 0.00270912 0.0059431 -0.00876281 -0.0115567 -0.0188881 -0.000171191 -0.0127517 -0.0076204 0.00263531 0.0170229 -0.0499419 -0.00453934
internal_weight=335305 26459 11050 10227 15409 13781 8363 5418 7042 6047 9292 3069 1321 6223
internal_count=335305 26459 11050 10227 15409 13781 8363 5418 7042 6047 9292 3069 1321 6223
is_linear=0
shrinkage=0.04


Tree=263
num_leaves=15
num_cat=0
split_feature=32 35 34 32 33 36 1 31 25 35 20 31 25 10
split_gain=281.845 724.548 1359.87 1139.33 1204.12 986.776 1045.67 978.132 833.375 787.86 783.022 722.012 757.752 1154.06
threshold=0.56124643739550173 0.55169493486071886 64.500000000000014 0.58367885619830762 0.028189914147107444 0.033956607451505423 0.37813409584242935 1.796868235930736 0.009837962962962972 0.48452940923624216 -0.092592592592592615 5.2671035561660569 0.0086580086580086615 0.049752475247524762
decision_type=8 2 10 10 10 2 8 10 8 2 10 8 10 10
left_child=-1 5 -3 4 -4 6 11 8 -6 -8 -5 12 -2 -14
right_child=1 2 3 10 7 -7 9 -9 -10 -11 -12 -13 13 -15
leaf_value=0.00029803171940759337 0.0023498858600680965 -0.073744476478719387 0.0021041351490069271 0.030444449214346612 -0.029155401314178479 -0.049392624051351142 -0.0060595531682390959 -0.0055724793614726088 -0.091770810169948674 0.043445687018790043 -0.022505993824294065 0.031160297110503943 -0.059660772307212 -0.0074807530051859399
leaf_weight=312841 8047 533 1885 1429 779 563 752 826 668 1505 598 920 822 3137
leaf_count=312841 8047 533 1885 1429 779 563 752 826 668 1505 598 920 822 3137
internal_value=-1.3006e-05 -0.00433566 -0.0152809 -0.00969171 -0.0215949 0.000367673 0.0023689 -0.0408708 -0.0601612 0.0271774 0.0146574 -0.00205093 -0.00471453 -0.0189238
internal_weight=335305 22464 6718 6185 4158 15746 15183 2273 1447 2257 2027 12926 12006 3959
internal_count=335305 22464 6718 6185 4158 15746 15183 2273 1447 2257 2027 12926 12006 3959
is_linear=0
shrinkage=0.04


Tree=264
num_leaves=15
num_cat=0
split_feature=16 10 20 18 16 33 28 25 32 33 28 4 5 3
split_gain=279.309 413.31 689.22 858.464 489.333 343.114 1228.34 848.511 805.928 1345.28 865.986 802.207 918.738 733.86
threshold=0.72077922077922085 0.5590277777777779 -0.13257575757575754 -0.24088624338624337 0.57417582417582425 -0.035656096587537385 -2.8081732503607499 0.008313041125541128 0.45840305614638494 -0.058155009957824279 -1.3140647546897544 6.5000000000000009 1401.5000000000002 0.12916666666666668
decision_type=8 10 10 8 10 10 8 10 8 10 10 2 2 2
left_child=1 4 3 -3 5 6 7 -1 11 -10 -11 -8 13 -13
right_child=-2 2 -4 -5 -6 -7 8 -9 9 10 -12 12 -14 -15
leaf_value=-0.058033700130692277 -0.02439680403461059 -0.0045682933488923657 -0.0096578983080524271 0.059254979404617596 0.020699281602574691 0.00017803533944676632 0.038573810999912597 0.0023531551646771807 -0.06787439753432889 0.022859295705495865 -0.01502556255278269 0.029533720494063675 -0.013825781366014202 0.0020691096559141563
leaf_weight=1062 700 542 917 814 1754 305674 880 554 616 1142 5089 1845 4947 8769
leaf_count=1062 700 542 917 814 1754 305674 880 554 616 1142 5089 1845 4947 8769
internal_value=-1.38905e-05 4.07565e-05 0.0168544 0.0344892 -7.67591e-05 -0.000190107 -0.00470003 -0.0378825 -0.00232121 -0.0137991 -0.00795543 0.00248621 0.000328387 0.00695929
internal_weight=335305 334605 2273 1356 332332 330578 24904 1616 23288 6847 6231 16441 15561 10614
internal_count=335305 334605 2273 1356 332332 330578 24904 1616 23288 6847 6231 16441 15561 10614
is_linear=0
shrinkage=0.04


Tree=265
num_leaves=15
num_cat=0
split_feature=32 33 30 35 35 2 3 14 19 37 30 23 19 10
split_gain=279.285 770.865 954.579 1206.48 1191.89 1084.12 1109.48 904.984 895.709 797.024 869.647 1217.88 790.284 1257.48
threshold=0.50967411636859938 0.023341893565498376 1.7523958333333332 0.55770133604808247 0.53977807179577852 0.58333333333333293 0.24264705882352944 0.054200940070505292 0.099298213360713358 0.0090050717795933776 -3.5662034418468243 0.0052015791944575963 -0.15152918069584728 0.1330383480825959
decision_type=8 10 8 2 2 10 2 10 8 8 10 8 8 10
left_child=-1 9 5 4 12 6 -3 -5 -8 10 11 -2 13 -4
right_child=1 2 3 7 -6 -7 8 -9 -10 -11 -12 -13 -14 -15
leaf_value=0.00088065483546571845 0.060458566309384683 0.017109067150047938 -0.049650382414028228 0.013998971274759065 0.063597269035484127 0.00099766492049482023 -0.014830464856415395 -0.046921811679382371 -0.074541651889114324 -0.021479798904874742 -0.0037529568117136633 -0.015018498970646291 0.018249912290703756 0.02970076420283423
leaf_weight=209575 748 622 696 667 787 38461 856 832 764 3955 68712 570 7545 515
leaf_count=209575 748 622 696 667 787 38461 856 832 764 3955 68712 570 7545 515
internal_value=-1.34414e-05 -0.00150354 0.00224033 0.0126427 0.017886 -0.000593697 -0.0273194 -0.0202374 -0.0443792 -0.00412174 -0.0031268 0.0284609 0.0134397 -0.0160652
internal_weight=335305 125730 51745 11042 9543 40703 2242 1499 1620 73985 70030 1318 8756 1211
internal_count=335305 125730 51745 11042 9543 40703 2242 1499 1620 73985 70030 1318 8756 1211
is_linear=0
shrinkage=0.04


Tree=266
num_leaves=15
num_cat=0
split_feature=35 14 0 6 16 3 35 8 0 30 34 26 1 37
split_gain=280.654 665.346 654.703 439.802 513.942 452.074 393.707 838.431 1183.97 646.603 614.95 659.843 907.235 528.393
threshold=0.6456571251493628 0.14073503521126765 0.84457070707070725 6.5000000000000009 0.18063922356091033 0.77350427350427364 0.6001849568483193 0.037268518518518527 0.70933048433048429 -0.37981809856809856 1691.5000000000002 0.020541351010101017 0.010506218318718315 -0.0056189279523949304
decision_type=2 10 8 10 8 2 2 10 10 10 10 10 10 8
left_child=6 2 3 4 5 -2 -1 8 9 -8 11 13 -13 -9
right_child=1 -3 -4 -5 -6 -7 7 10 -10 -11 -12 12 -14 -15
leaf_value=9.0872925213621015e-05 -0.01684210183759012 0.037590751305986672 0.027479692111569226 0.022492025968093441 -0.048950435371467649 0.024287157567071796 -0.084621531492639041 -0.022854869298599846 0.013759815960517086 -0.026901461016470087 -0.020282198022536533 -0.050652515346469362 0.0066717754233435542 0.017502346988600818
leaf_weight=319662 1454 1003 1124 583 504 549 521 553 633 844 2172 682 1089 3932
leaf_count=319662 1454 1003 1124 583 504 549 521 553 633 844 2172 682 1089 3932
internal_value=-1.30302e-05 0.00914764 0.00201631 -0.00753618 -0.0148225 -0.00525208 -0.000159177 -0.00778957 -0.0307475 -0.051144 -0.00219777 0.00419194 -0.0161881 0.0123292
internal_weight=335305 5217 4214 3090 2507 2003 330088 10426 1998 1365 8428 6256 1771 4485
internal_count=335305 5217 4214 3090 2507 2003 330088 10426 1998 1365 8428 6256 1771 4485
is_linear=0
shrinkage=0.04


Tree=267
num_leaves=15
num_cat=0
split_feature=2 3 6 5 6 5 26 26 34 20 37 2 35 6
split_gain=283.421 962.871 1267.64 884.06 850.982 1039.64 1145.11 1787.28 1416.92 1016.04 1103.48 993.032 944.396 992.791
threshold=3.9166666666666674 0.10818713450292398 8.5000000000000018 802.50000000000011 8.5000000000000018 2211.0000000000005 0.0032422711968166625 -0.048232323232323231 1117.5000000000002 0.073051948051948076 0.0098979240382893064 5.9166666666666687 0.48911163471486246 4.5000000000000009
decision_type=8 2 10 2 8 2 8 10 10 10 10 8 2 10
left_child=-1 2 -2 -3 5 -5 7 -7 -9 10 -6 -12 -8 -14
right_child=1 3 -4 4 9 6 12 8 -10 -11 11 -13 13 -15
leaf_value=-0.0010115468943015259 -0.0048170657631644211 -0.044692013563030653 -0.056918955985719721 0.00071211645909070853 0.01082585175128911 0.058417761969678808 0.0091514461950480373 -0.074277312964254008 0.0063090756301771057 0.040427524405342474 0.0091399985781908041 -0.062074561485569134 0.025462293671818809 0.099450104321317886
leaf_weight=193028 18766 578 729 100427 14913 533 877 512 903 1649 575 610 621 584
leaf_count=193028 18766 578 729 100427 14913 533 877 512 903 1649 575 610 621 584
internal_value=-1.3232e-05 0.00134107 -0.006906 0.00265279 0.00289491 0.00151662 0.0213103 -0.000837711 -0.02439 0.0109803 0.00784806 -0.0285479 0.0415666 0.0638538
internal_weight=335305 142277 19495 122782 122204 104457 4030 1948 1415 17747 16098 1185 2082 1205
internal_count=335305 142277 19495 122782 122204 104457 4030 1948 1415 17747 16098 1185 2082 1205
is_linear=0
shrinkage=0.04


Tree=268
num_leaves=15
num_cat=0
split_feature=34 24 6 19 1 30 0 2 3 19 12 20 29 2
split_gain=272.747 663.998 725.919 762.979 722.673 689.116 666.352 1022.76 790.791 1092.36 831.629 706.032 659.18 1287.84
threshold=2052.5000000000005 0.044921932569238966 4.5000000000000009 0.056294406651549507 -0.19834103159423669 1.3111156204906211 0.72232905982906004 2.8416666666666663 0.12132352941176472 0.20589070189070191 0.037210107303565255 -0.39954605579605573 0.55564303751803767 4.0416666666666687
decision_type=10 10 8 10 10 10 10 8 2 8 10 10 10 10
left_child=-1 12 3 -3 -5 -6 7 8 -4 10 -10 -12 13 -2
right_child=1 2 6 4 5 -7 -8 -9 9 -11 11 -13 -14 -15
leaf_value=-0.00067951380262156098 0.0033565485299463971 0.014889599823303123 0.024449162996769136 0.0040622408696710278 -0.011571235731501227 -0.066443763446779325 0.014584300099430901 -0.073297123278553075 -0.071734094943564669 0.022921601871135459 -0.058992739454859562 -0.0062856577272872704 0.00046357442883872898 0.023549585441097715
leaf_weight=249909 20567 3546 603 2265 1109 518 824 537 678 612 516 1496 45466 6659
leaf_count=249909 20567 3546 603 2265 1109 518 824 537 678 612 516 1496 45466 6659
internal_value=-1.26067e-05 0.00193833 -0.00648215 0.00157532 -0.0105903 -0.0305016 -0.0177707 -0.0238682 -0.0162302 -0.0239128 -0.0347919 -0.0209057 0.00341338 0.00832953
internal_weight=335305 85396 12704 7438 3892 1627 5266 4442 3905 3302 2690 2012 72692 27226
internal_count=335305 85396 12704 7438 3892 1627 5266 4442 3905 3302 2690 2012 72692 27226
is_linear=0
shrinkage=0.04


Tree=269
num_leaves=15
num_cat=0
split_feature=1 2 5 18 25 12 5 33 6 35 14 4 12 33
split_gain=280.83 960.908 780.199 1443.91 1545.24 779.637 1094.11 1142.59 908.924 1070.98 814.915 793.012 987.495 957.013
threshold=-0.048211318002984609 4.4416666666666691 902.50000000000011 -0.09330958393458394 -0.0062931269768390944 0.20864427860696519 1206.5000000000002 -0.05397016600532837 7.5000000000000009 0.45471270173306072 0.031414473684210534 8.5000000000000018 0.17684288905435594 -0.051142052798458799
decision_type=10 10 2 10 10 10 2 10 8 2 10 2 8 10
left_child=1 5 3 4 -2 11 8 -8 -7 -10 -9 13 -13 -1
right_child=2 -3 -4 -5 -6 6 7 10 9 -11 -12 12 -14 -15
leaf_value=0.043277856648892048 -0.0043074640488725974 0.018893795079789815 -0.00077549336756018513 0.027316762685411455 -0.082786171911454084 0.0072528299863767335 -0.055686793841867366 0.0085109477282148179 0.061140559311818679 0.015913498803925726 -0.005025726226423154 -0.0019014209180244898 -0.016585366161609293 0.0030335405967275991
leaf_weight=934 795 4740 181952 584 773 17112 535 12401 1088 3403 16556 61664 8269 24499
leaf_count=934 795 4740 181952 584 773 17112 535 12401 1088 3403 16556 61664 8269 24499
internal_value=-1.31802e-05 0.00126396 -0.00106213 -0.0247293 -0.044359 0.000687143 0.00467174 -0.000340673 0.0114996 0.0274229 0.000776109 -0.00144905 -0.00364829 0.00459349
internal_weight=335305 151201 184104 2152 1568 146461 51095 29492 21603 4491 28957 95366 69933 25433
internal_count=335305 151201 184104 2152 1568 146461 51095 29492 21603 4491 28957 95366 69933 25433
is_linear=0
shrinkage=0.04


Tree=270
num_leaves=15
num_cat=0
split_feature=22 25 14 23 5 5 16 24 2 8 29 26 37 20
split_gain=276.002 1293.94 940.812 1001.98 992.505 852.986 1054.37 708.474 1403.54 607.439 601.945 778.992 599.889 582.664
threshold=6.5000000000000009 0.041581648803871017 0.22268135904499545 -0.014835858585858569 2448.5000000000005 2242.5000000000005 0.069883720930232582 -0.0040204768776197315 2.041666666666667 0.05581516095534788 1.3312028769841273 0.014654275765386882 0.0012453542772549642 -0.37885262885262877
decision_type=2 10 8 10 2 2 10 10 8 10 10 10 8 10
left_child=-1 2 4 -4 5 6 10 -3 -9 -5 11 13 -8 -2
right_child=1 7 3 9 -6 -7 12 8 -10 -11 -12 -13 -14 -15
leaf_value=0.0003890432867066461 -0.009064408868693849 -0.040940278595238598 -0.069086817070278514 0.012309024163630593 0.054641744573105562 -0.045249859583009568 0.0010648746720243341 -0.047812740593407697 0.015055607653913877 -0.027533304078446071 0.00086422441340806356 -0.0033851591672372913 -0.014607058601675693 0.033229403416849074
leaf_weight=298755 577 1991 532 1046 505 584 10488 855 1483 1354 5225 1756 6173 3981
leaf_count=298755 577 1991 532 1046 505 584 10488 855 1483 1354 5225 1756 6173 3981
internal_value=-1.2544e-05 -0.00329111 -0.000517659 -0.0219231 0.00165886 0.00063616 0.00166483 -0.0236925 -0.00845489 -0.0102719 0.0109336 0.019194 -0.004768 0.0278351
internal_weight=335305 36550 32221 2932 29289 28784 28200 4329 2338 2400 11539 6314 16661 4558
internal_count=335305 36550 32221 2932 29289 28784 28200 4329 2338 2400 11539 6314 16661 4558
is_linear=0
shrinkage=0.04


Tree=271
num_leaves=15
num_cat=0
split_feature=1 17 20 30 3 38 37 30 22 36 5 26 38 32
split_gain=275.551 632.844 916.156 734.666 757.936 661.775 750.327 631.45 812.702 766.612 888.278 1100.37 827.247 868.689
threshold=-0.34448293989960649 2.5000000000000004 0.22005892255892257 2.0292242132867142 0.58114035087719318 0.38163553819238211 -0.0063980565088747532 2.5894932844932845 6.5000000000000009 -0.0075562300286479882 1540.5000000000002 0.05250210437710439 0.1125745330468486 0.52014953512467377
decision_type=8 2 8 8 2 10 10 10 2 2 2 8 10 10
left_child=1 2 3 -1 -5 6 -3 -2 9 10 11 -9 -11 -14
right_child=7 5 -4 4 -6 -7 -8 8 -10 12 -12 -13 13 -15
leaf_value=-0.065789515070636503 4.0822436121284509e-05 0.049092605262636563 0.026857576238327803 0.013644028352902215 -0.04404089614355601 0.00049882887258970957 0.010912985306501938 0.039541294808127091 -0.037589832642672107 0.014488447713067685 -0.02422078472415248 -0.01675738642070081 -0.028137313658168701 0.0064178890465500949
leaf_weight=529 300745 886 609 800 594 11640 7400 1733 1381 1414 844 773 4403 1554
leaf_count=529 300745 886 609 800 594 11640 7400 1733 1381 1414 844 773 4403 1554
internal_value=-1.2878e-05 0.00426185 -0.0143911 -0.0278039 -0.0116101 0.00666218 0.0152654 -0.000320375 -0.00925969 -0.00545285 0.010311 0.0221873 -0.0126385 -0.0191445
internal_weight=335305 22458 2532 1923 1394 19926 8286 312847 12102 10721 3350 2506 7371 5957
internal_count=335305 22458 2532 1923 1394 19926 8286 312847 12102 10721 3350 2506 7371 5957
is_linear=0
shrinkage=0.04


Tree=272
num_leaves=15
num_cat=0
split_feature=10 16 25 31 28 27 27 38 19 14 28 20 27 18
split_gain=273.575 756.357 693.914 1056.13 704.615 731.027 1097.95 1052.1 687.432 670.66 1478.21 1217.78 1049.95 961.697
threshold=0.2009615384615385 0.18724593495934963 -0.029313579938579935 5.7925029831279842 -4.8671632996632992 -2.3982499098124093 -3.7640119949494943 0.1317224636480567 0.27783389450056128 0.21089696071163827 -0.9898552489177489 -0.26247294372294366 -2.3982499098124093 -0.073481842231842204
decision_type=10 10 10 8 10 10 8 10 10 10 10 8 8 10
left_child=-1 2 4 8 -2 6 -6 -8 -4 12 11 -11 -3 -13
right_child=1 9 3 -5 5 -7 7 -9 -10 10 -12 13 -14 -15
leaf_value=-0.00062762519892032621 0.052271465266536428 0.02395491458432486 0.0053758895263834525 -0.029589594932780502 0.022096162224321932 0.014146106116847924 -0.06741197322492673 0.0073644674847254885 -0.018983963587748488 0.0097481347511184195 0.0026211884665070457 -0.074950000835933547 -0.0027381007880195331 -0.012044068047040959
leaf_weight=260003 631 2586 26316 1565 857 12336 664 505 1945 608 3215 1192 22284 598
leaf_count=260003 631 2586 26316 1565 857 12336 664 505 1945 608 3215 1192 22284 598
internal_value=-1.26911e-05 0.00210956 0.00541326 0.00187711 0.0124182 0.010492 -0.0115625 -0.036132 0.00366881 -0.00274875 -0.0151722 -0.038594 7.99523e-05 -0.0548329
internal_weight=335305 75302 44819 29826 14993 14362 2026 1169 28261 30483 5613 2398 24870 1790
internal_count=335305 75302 44819 29826 14993 14362 2026 1169 28261 30483 5613 2398 24870 1790
is_linear=0
shrinkage=0.04


Tree=273
num_leaves=15
num_cat=0
split_feature=23 30 5 28 26 20 1 33 6 29 25 28 32 25
split_gain=273.194 723.385 653.053 3304.53 1098.75 1312.27 868.876 700.056 1199.87 736.465 712.524 626.513 723.077 610.18
threshold=0.007284166450833119 5.0356552128427134 2081.0000000000005 -1.6885286935286936 0.032415824915824933 -0.18518518518518506 -0.18519371574927126 0.022787622271271152 3.5000000000000004 -5.7540246212121202 0.013730452197714097 -0.60970085470085456 0.54252335391013429 0.040533108866442194
decision_type=10 10 2 10 10 10 10 10 10 8 10 10 10 8
left_child=1 -1 7 -4 5 6 -5 -2 10 -10 11 -9 -13 -11
right_child=2 -3 3 4 -6 -7 -8 8 9 13 -12 12 -14 -15
leaf_value=-0.00066282930065294848 0.000862730782443549 -0.046425706963676837 -0.091293672587999627 -0.012267865384364756 0.034312106079378658 0.01177496322047065 -0.075545923506987148 0.040120061992204262 0.049527637849028729 0.0064987118333822225 0.053555745945823123 0.026005714215258116 -0.030571765370076127 -0.015471664524302469
leaf_weight=231958 80687 504 676 858 1112 1783 562 957 502 10629 1284 694 653 2446
leaf_count=231958 80687 504 676 858 1112 1783 562 957 502 10629 1284 694 653 2446
internal_value=-1.25936e-05 -0.00077201 0.0017035 -0.0123385 0.000934902 -0.0110021 -0.0390295 0.00242566 0.00974861 0.00426519 0.0301541 0.016252 -0.0015345 0.00234533
internal_weight=335305 232462 102843 4991 4315 3203 1420 97852 17165 13577 3588 2304 1347 13075
internal_count=335305 232462 102843 4991 4315 3203 1420 97852 17165 13577 3588 2304 1347 13075
is_linear=0
shrinkage=0.04


Tree=274
num_leaves=15
num_cat=0
split_feature=32 33 32 34 25 30 38 3 32 33 33 10 3 25
split_gain=269.56 416.382 820.57 885.875 840.531 728.479 979.513 684.77 1200.61 783.988 738.932 736.034 686.093 670.157
threshold=0.36403728807864855 -0.037760979189056833 0.45840305614638494 86.500000000000014 -1.0000000180025095e-35 1.2901289682539685 0.28690515412073897 0.21240601503759401 0.39509991942007777 -0.039535138975378484 -0.05397016600532837 0.10501253132832082 0.095454545454545472 0.031081563718468472
decision_type=8 10 8 10 8 8 8 2 10 10 10 10 2 10
left_child=-1 2 7 4 -4 -5 -7 10 11 13 12 -9 -2 -10
right_child=1 -3 3 5 -6 6 -8 8 9 -11 -12 -13 -14 -15
leaf_value=0.012538012468553697 0.008952212935111609 0.00024426070226085797 -0.0062829192078539308 -0.019210836635702271 -0.072474019718012359 0.051624031738388407 -0.018968731584788869 -0.067671443265739026 -0.0014639373659985561 -0.032514748338410872 0.0013319945766298333 -0.012608639429056732 0.069427449034463948 0.026993076577489658
leaf_weight=2666 614 312557 510 3345 762 583 586 665 6632 998 2299 914 571 1603
leaf_count=2666 614 312557 510 3345 762 583 586 665 6632 998 2299 914 571 1603
internal_value=-1.23855e-05 -0.000114842 -0.00569066 -0.0183301 -0.0471765 -0.00977364 0.0169105 -0.000529079 -0.00550338 8.20931e-05 0.0147673 -0.0371638 0.0397237 0.00420489
internal_weight=335305 332639 20082 5786 1272 4514 1169 14296 10812 9233 3484 1579 1185 8235
internal_count=335305 332639 20082 5786 1272 4514 1169 14296 10812 9233 3484 1579 1185 8235
is_linear=0
shrinkage=0.04


Tree=275
num_leaves=15
num_cat=0
split_feature=36 28 16 14 10 23 26 35 36 17 35 28 24 5
split_gain=271.573 732.001 626.415 932.856 1486.9 788.157 705.064 966.497 870.145 569.532 530.338 418.321 1206.54 1546.94
threshold=0.033956607451505423 2.0325778388278395 0.041885964912280707 0.076505016722408045 0.081238214959145211 -0.10878797899631233 0.058712121212121222 0.52900361347308211 0.04746208329526768 4.5000000000000009 0.54329315432718694 2.3431806041181047 0.085958185883781124 3003.0000000000005
decision_type=2 10 10 10 10 10 8 2 2 2 2 8 10 2
left_child=11 2 3 4 -2 6 8 -8 -4 -7 -11 -1 13 -13
right_child=1 -3 5 -5 -6 9 7 -9 -10 10 -12 12 -14 -15
leaf_value=-0.00036422142068458159 -0.039252671938171266 -0.045984544334750556 -0.053378020542827288 -0.050573946888475295 0.049260193562271251 0.039544248165318756 0.050217402404702328 -0.020039856960801645 0.0042615551063996861 -0.024012469066005432 0.028766123540369812 0.0041889474809233378 -0.036849315329898526 0.068007815756072509
leaf_weight=288147 590 664 860 923 528 1202 539 627 764 611 515 37694 1073 568
leaf_count=288147 590 664 860 923 528 1202 539 627 764 611 515 37694 1073 568
internal_value=-1.22485e-05 -0.00735358 -0.00347646 -0.021931 0.00286873 0.00402399 -0.0102444 0.013167 -0.0269445 0.0209798 0.000323655 0.00016422 0.00403084 0.00522386
internal_weight=335305 7823 7159 2041 1118 5118 2790 1166 1624 2328 1126 327482 39335 38262
internal_count=335305 7823 7159 2041 1118 5118 2790 1166 1624 2328 1126 327482 39335 38262
is_linear=0
shrinkage=0.04


Tree=276
num_leaves=15
num_cat=0
split_feature=32 33 30 35 35 28 30 2 14 1 0 28 1 35
split_gain=271.834 694.701 854.013 1104.78 1109.81 1059.59 1629.44 1145.95 842.815 829.016 783.012 1083.12 1146.93 817.382
threshold=0.50967411636859938 0.023341893565498376 1.7523958333333332 0.55770133604808247 0.53977807179577852 -1.7325347569097576 -0.32466405122655112 0.90000000000000113 0.054200940070505292 0.16988780399494688 0.11851851851851854 -1.3140647546897544 -0.24007907601657594 0.52411855830548815
decision_type=8 10 8 2 2 10 10 10 10 10 10 10 10 2
left_child=-1 -2 5 4 10 6 9 -8 -5 -3 13 -12 -13 -4
right_child=1 2 3 8 -6 -7 7 -9 -10 -11 11 12 -14 -15
leaf_value=0.00087017361522468317 -0.0039674823370932522 -0.075157933350501541 0.0082566783318843429 0.013490880437382344 0.061033367082708054 0.0016544268553820331 -0.051168749569396009 0.012378075867270967 -0.045300958309314146 -0.01743780014776292 0.054217188609018925 0.038964963719203077 -0.014335235080302556 -0.039500613949020671
leaf_weight=209575 73985 888 4282 667 787 36279 515 2262 832 759 1350 1136 1377 611
leaf_count=209575 73985 888 4282 667 787 36279 515 2262 832 759 1350 1136 1377 611
internal_value=-1.19148e-05 -0.001482 0.00207214 0.0119113 0.0169293 -0.000608394 -0.0189758 -0.000103372 -0.0195497 -0.0498558 0.0126412 0.0259801 0.0100492 0.00195388
internal_weight=335305 125730 51745 11042 9543 40703 4424 2777 1499 1647 8756 3863 2513 4893
internal_count=335305 125730 51745 11042 9543 40703 4424 2777 1499 1647 8756 3863 2513 4893
is_linear=0
shrinkage=0.04


Tree=277
num_leaves=15
num_cat=0
split_feature=37 31 33 28 18 20 30 30 20 28 30 38 12 18
split_gain=265.515 441.863 328.685 826.661 860.049 854.2 777.077 911.69 855.415 787.923 691.978 658.534 627.453 627.268
threshold=0.025239471702578762 -2.668638479575979 -0.037760979189056833 -2.8081732503607499 -0.16439023939023936 -0.51835016835016823 1.1222271825396828 2.1574607683982689 -0.36246693121693113 0.70747316919191927 0.74906355218855214 0.066919454782759 0.05853797829811537 -0.19999518999518989
decision_type=10 10 10 8 10 8 10 10 8 10 10 10 10 10
left_child=2 -2 3 4 -1 -5 8 12 9 -7 11 -10 -8 -9
right_child=1 -3 -4 5 -6 6 7 13 10 -11 -12 -13 -14 -15
leaf_value=-0.0088492593992675738 0.044774238291690353 -0.0018984528412185932 0.00023929635318474269 -0.041329760116194429 -0.07369149855930697 0.047471116832446779 -0.006406023661589719 0.013587091347781395 -0.0089173237140806241 -0.0088701900834877966 -0.037742934050647312 0.02806398456356304 0.036619646469155519 -0.03221466007400265
leaf_weight=848 512 759 313454 829 500 820 693 926 10148 706 1189 785 2240 896
leaf_count=848 512 759 313454 829 500 820 693 926 10148 706 1189 785 2240 896
internal_value=-1.17722e-05 0.0178859 -8.25395e-05 -0.00497312 -0.0346759 -0.00280669 -0.000964054 0.0128793 -0.00581654 0.0219505 -0.00938785 -0.00614636 0.0265167 -0.00919555
internal_weight=335305 1271 334034 20580 1348 19232 18403 4755 13648 1526 12122 10933 2933 1822
internal_count=335305 1271 334034 20580 1348 19232 18403 4755 13648 1526 12122 10933 2933 1822
is_linear=0
shrinkage=0.04


Tree=278
num_leaves=15
num_cat=0
split_feature=32 26 10 3 0 34 3 12 31 2 26 28 34 33
split_gain=272.109 719.464 709.304 581.012 825.057 922.503 767.212 781.527 721.569 685.311 701.904 619.39 591.289 589.99
threshold=0.56124643739550173 0.14773421023421027 0.34428879310344834 0.75735294117647067 0.16666666666666671 1517.5000000000002 0.71008403361344552 0.35767590618336892 -0.1073101898101894 2.2166666666666681 -0.0015578772189349006 0.17732829670329672 337.50000000000006 0.008982791119306225
decision_type=8 10 10 2 10 10 2 8 10 10 8 8 10 10
left_child=-1 2 3 6 12 9 7 13 -9 -6 -11 -8 -5 -2
right_child=1 -3 -4 4 5 -7 11 8 -10 10 -12 -13 -14 -15
leaf_value=0.0002940236290274925 -0.039923957187337974 -0.043162545087625806 0.031828025878344011 0.0049446465079815106 0.058319668916962941 -0.015491456693607528 -0.070181536062267777 -0.053897665921684546 -0.010621696933329181 -0.012360202078697875 0.031235801479722471 -0.010550327418286067 -0.052127334201044366 0.00096792642100150994
leaf_weight=312841 545 686 851 571 738 1151 507 861 2013 916 1510 600 525 10990
leaf_count=312841 545 686 851 571 738 1151 507 861 2013 916 1510 600 525 10990
internal_value=-1.15945e-05 -0.00425893 -0.00293742 -0.00442366 0.00681852 0.0146938 -0.00835353 -0.00581521 -0.0242864 0.0257448 0.0148578 -0.0397138 -0.0234752 -0.00112808
internal_weight=335305 22464 21778 20927 5411 4315 15516 14409 2874 3164 2426 1107 1096 11535
internal_count=335305 22464 21778 20927 5411 4315 15516 14409 2874 3164 2426 1107 1096 11535
is_linear=0
shrinkage=0.04


Tree=279
num_leaves=15
num_cat=0
split_feature=2 3 6 19 27 21 17 27 31 24 18 3 25 6
split_gain=267.277 893.465 1175.04 977.346 1000.62 1049.25 778.904 975.905 1001.39 970.222 931.378 999.872 928.693 815.821
threshold=3.9166666666666674 0.10818713450292398 8.5000000000000018 0.14725056689342406 1.61868725024975 0.17048368298368305 3.5000000000000004 -6.8678030303030289 -9.1899652777777767 -1.0000000180025095e-35 -0.090144751082251062 0.30217391304347835 -0.017436267436267427 4.5000000000000009
decision_type=8 2 10 8 8 10 2 10 8 10 8 2 10 10
left_child=6 2 3 4 5 -2 10 8 -8 -10 11 12 -1 -9
right_child=1 -3 -4 -5 -6 -7 7 13 9 -11 -12 -13 -14 -15
leaf_value=-0.0010888569415407857 0.0066106279343656586 0.0025665170273848044 -0.054792803711663167 0.0072316059111442697 -0.02286601519811831 -0.045753262838388951 -0.0018630878324905858 0.0032172259935308906 -0.013295679698273924 -0.08399621459356682 -0.012079159188768143 -0.0060938710281678854 0.027484542945757653 -0.0028495921119250536
leaf_weight=3984 5093 122782 729 6956 6072 645 1663 89410 648 589 19843 14886 3295 58710
leaf_count=3984 5093 122782 729 6956 6072 645 1663 89410 648 589 19843 14886 3295 58710
internal_value=-1.22086e-05 0.00130295 -0.00664133 -0.00463016 -0.0116177 0.000380087 -0.000981675 0.000358943 -0.0224222 -0.0489153 -0.00579593 -0.000156413 0.0119448 0.000812384
internal_weight=335305 142277 19495 18766 11810 5738 193028 151020 2900 1237 42008 22165 7279 148120
internal_count=335305 142277 19495 18766 11810 5738 193028 151020 2900 1237 42008 22165 7279 148120
is_linear=0
shrinkage=0.04


Tree=280
num_leaves=15
num_cat=0
split_feature=1 5 37 25 19 34 37 12 14 25 38 6 26 20
split_gain=266.772 603.143 1048.39 806.097 1079.11 643.877 475.631 656.503 454.324 572.194 430.997 1121.17 1704.38 1109.94
threshold=-0.41346449846449845 1573.5000000000002 -0.0098531091342780163 -0.034090909090909047 0.019696969696969695 1649.5000000000002 0.0034533528432212292 0.2312382739212008 0.10733486943164364 0.0043656519846996091 0.33083158339752411 1.0000000180025095e-35 0.0553846153846154 0.08333333333333337
decision_type=8 2 10 8 10 10 10 8 10 10 10 10 8 8
left_child=1 6 -3 -4 5 -5 7 -1 -8 -10 -2 12 13 -12
right_child=10 2 3 4 -6 -7 8 -9 9 -11 11 -13 -14 -15
leaf_value=0.031967238454721936 0.00021826613320449241 -0.056046183711587219 -0.038172132731363342 0.010909554538770745 0.040993460333389423 -0.041883269698879157 0.018378579068259033 -0.0092198267473689154 -0.032381109168408945 0.018025268569307508 0.019855490308591503 -0.00801849008222804 -0.026626912365324617 0.088048936683826573
leaf_weight=2849 299327 526 577 886 1118 566 1254 763 919 533 1389 23229 868 501
leaf_count=2849 299327 526 577 886 1118 566 1254 763 919 533 1389 23229 868 501
internal_value=-1.28985e-05 0.00640867 -0.00642625 0.00261423 0.012325 -0.0103787 0.0138622 0.0232598 0.00112377 -0.0138939 -0.000211071 -0.00514725 0.0187477 0.0397356
internal_weight=335305 9991 3673 3147 2570 1452 6318 3612 2706 1452 325314 25987 2758 1890
internal_count=335305 9991 3673 3147 2570 1452 6318 3612 2706 1452 325314 25987 2758 1890
is_linear=0
shrinkage=0.04


Tree=281
num_leaves=15
num_cat=0
split_feature=20 18 34 3 4 1 25 35 29 32 14 19 6 16
split_gain=265.923 656.678 895.284 952.62 940.055 773.551 873.611 1004.76 857.206 1045.93 1050.21 768.102 716.759 760.468
threshold=0.042592592592592605 -0.065695415695415704 86.500000000000014 0.46862745098039221 12.500000000000002 0.31873969284683579 0.0046975494743351888 0.58361480757871276 1.6747720508658006 0.453797839778112 0.21964620745108551 -0.58273809523809506 9.5000000000000018 0.18063922356091033
decision_type=10 10 10 2 2 10 10 2 8 10 10 8 8 10
left_child=1 11 -3 12 5 6 7 -5 9 -8 -11 -1 13 -4
right_child=-2 2 3 4 -6 -7 8 -9 -10 10 -12 -13 -14 -15
leaf_value=-0.035969602657928687 0.0025049440038719985 0.022025056148176087 -0.010194344801744977 0.0048519138992606141 0.017041299410114907 0.0242441923641099 -0.072508304388770914 -0.044846505519984127 0.0021184187496504211 -0.02984541745147587 0.023143409071221401 0.00043410444034562015 0.014442197672934049 -0.02938987274119885
leaf_weight=881 55897 1803 13005 8289 3905 1317 677 656 2199 2949 708 237215 1378 4426
leaf_count=881 55897 1803 13005 8289 3905 1317 677 656 2199 2949 708 237215 1378 4426
internal_value=-1.22868e-05 -0.00051623 -0.00516838 -0.00643563 -0.000509604 -0.00462883 -0.00715575 0.000978152 -0.0182155 -0.0284392 -0.0194129 0.00029188 -0.0129388 -0.0151385
internal_weight=335305 279408 41312 39509 20700 16795 15478 8945 6533 4334 3657 238096 18809 17431
internal_count=335305 279408 41312 39509 20700 16795 15478 8945 6533 4334 3657 238096 18809 17431
is_linear=0
shrinkage=0.04


Tree=282
num_leaves=15
num_cat=0
split_feature=35 14 0 5 35 16 18 35 0 25 35 35 6 18
split_gain=265.485 621.154 609.617 418.498 450.526 390.134 389.762 356.435 755.334 1124.83 529.992 509.895 783.933 1408.8
threshold=0.6456571251493628 0.14073503521126765 0.84457070707070725 1406.5000000000002 0.66845906203873595 0.081238214959145211 -0.23059964726631391 0.6001849568483193 0.38895363895363905 0.011904761904761918 0.59374722562024063 0.58175853676412337 8.5000000000000018 -0.44039351851851843
decision_type=2 10 8 2 2 10 10 2 10 10 2 2 8 10
left_child=7 2 3 4 -2 -5 -4 10 9 -9 11 -1 13 -13
right_child=1 -3 6 5 -6 -7 -8 8 -10 -11 -12 12 -14 -15
leaf_value=0.00017888044744524337 -1.6914381680182493e-05 0.036379645963399321 0.0011884325406854369 0.032467536195858897 -0.039375013191985796 -0.01034978147272957 0.047594254387138692 -0.0076922029431218258 -0.0016773484965352961 -0.067182991141326059 0.01451920173805663 -0.043505135192507254 0.019546334951726588 -0.0044069550886128676
leaf_weight=306490 947 1003 533 596 865 682 591 1551 8157 718 3968 1906 1251 6047
leaf_count=306490 947 1003 533 596 865 682 591 1551 8157 718 3968 1906 1251 6047
internal_value=-1.2463e-05 0.0088972 0.00200604 -0.00721242 -0.0193582 0.0100888 0.0265765 -0.000154605 -0.00741483 -0.02756 8.33147e-05 -0.000100402 -0.00935114 -0.0139904
internal_weight=335305 5217 4214 3090 1812 1278 1124 330088 10426 2269 319662 315694 9204 7953
internal_count=335305 5217 4214 3090 1812 1278 1124 330088 10426 2269 319662 315694 9204 7953
is_linear=0
shrinkage=0.04


Tree=283
num_leaves=15
num_cat=0
split_feature=1 16 17 10 34 29 2 14 5 37 31 5 12 29
split_gain=264.921 998.481 796.794 1078.26 808.117 1582.71 1110.73 1063.24 1516.36 902.115 1216.84 889.8 1319.47 968.028
threshold=-0.066371974452782548 0.19264507422402163 1.0000000180025095e-35 1.0000000180025095e-35 470.50000000000006 3.8534172771672774 4.4833333333333361 0.030457637600494747 2360.0000000000005 -0.0039633049394595657 -7.9600961538461519 1155.0000000000002 0.045715778474399171 -2.6984217171717169
decision_type=10 8 2 10 8 10 10 10 2 10 8 2 10 10
left_child=1 2 3 -1 5 11 7 -6 9 10 -9 -4 -13 -14
right_child=-2 -3 4 -5 6 -7 -8 8 -10 -11 -12 12 13 -15
leaf_value=-0.044924286920151192 -0.00097806457935353743 -0.0048429064272944742 0.021009302132342415 -0.0021163912177247827 0.0073145409669345442 -0.052161925146158077 0.029774567073197779 0.043096955803836261 -0.059110701789820433 0.0012956344987434046 -0.014866066538988389 -0.016098338179560998 0.022423740486131667 0.0032362892464431431
leaf_weight=1174 192895 32626 9138 4102 25297 608 2122 565 705 34049 10641 3528 6739 11116
leaf_count=1174 192895 32626 9138 4102 25297 608 2122 565 705 34049 10641 3528 6739 11116
internal_value=-1.20977e-05 0.00129619 0.00312201 -0.0119742 0.00388949 0.00928453 0.00159603 0.000736596 -0.00288801 -0.00194788 -0.0117651 0.0105919 0.0061014 0.0105206
internal_weight=335305 142410 109784 5276 104508 31129 73379 71257 45960 45255 11206 30521 21383 17855
internal_count=335305 142410 109784 5276 104508 31129 73379 71257 45960 45255 11206 30521 21383 17855
is_linear=0
shrinkage=0.04


Tree=284
num_leaves=15
num_cat=0
split_feature=34 18 20 10 37 38 12 21 2 18 14 8 3 22
split_gain=269.517 988.97 827.508 849.18 1192.59 797.834 735.129 558.94 474.753 576.545 1120.5 1307.03 806.613 997.262
threshold=11.500000000000002 -0.19789712602212597 -0.090909090909090912 0.047247023809523815 -0.0007677893505047119 0.049202523498244118 0.21322404371584702 0.18181818181818193 5.8333333333333348 -0.29164036195286186 0.16291708796764412 0.16152751423149908 0.7947368421052633 5.5000000000000009
decision_type=10 8 10 8 8 8 10 10 8 8 8 10 2 2
left_child=1 -1 3 6 -5 -6 -3 -7 -2 -10 -11 12 13 -12
right_child=8 2 -4 4 5 7 -8 -9 9 10 11 -13 -14 -15
leaf_value=-0.043643211626163983 -0.000548655082381744 -0.059495178808656429 0.041009214844810606 -0.049541744837545101 0.041588471776950894 0.0089298385750056185 0.0024762153270569717 -0.03624787072171215 -0.0055617184935258402 0.0074382975577088929 -0.043443689024329671 0.020013368761965897 0.0072196388989686968 0.016632824039338408
leaf_weight=997 270947 725 605 555 945 2004 500 507 9447 42504 2548 1491 1025 505
leaf_count=997 270947 725 605 555 945 2004 500 507 9447 42504 2548 1491 1025 505
internal_value=-1.2013e-05 -0.00784272 -0.00141338 -0.00665669 0.002354 0.0112756 -0.0350956 -0.000721662 0.000152175 0.00345103 0.0052261 -0.0115739 -0.0232254 -0.0333985
internal_weight=335305 6838 5841 5236 4011 3456 1225 2511 328467 57520 48073 5569 4078 3053
internal_count=335305 6838 5841 5236 4011 3456 1225 2511 328467 57520 48073 5569 4078 3053
is_linear=0
shrinkage=0.04


Tree=285
num_leaves=15
num_cat=0
split_feature=1 38 27 20 3 2 1 20 21 26 33 33 23 11
split_gain=258.626 960.589 1063.44 831.235 793.809 784.089 685.562 658.639 761.172 624.453 729.095 703.51 671.971 619.84
threshold=-0.16023614432705344 0.19137753407665195 -3.6413079975579974 -0.13536567599067592 0.41421568627450983 1.1166666666666683 -0.25098461723461712 0.19613095238095243 -0.095238095238095205 0.012500000000000013 0.013529127834912289 -0.012097584067240199 0.013240822392056964 1.5000000000000002
decision_type=8 8 10 8 2 8 10 8 10 10 8 10 10 2
left_child=1 2 4 -4 -1 7 -5 9 -9 12 11 -11 -2 -8
right_child=5 -3 3 6 -6 -7 13 8 -10 10 -12 -13 -14 -15
leaf_value=0.0074195562470862619 -0.041706166315448517 -0.00037852381658754874 0.016901900048029678 0.019412814108387508 0.065787661007110629 -0.00029884536515350179 -0.00078315397690488053 -0.011975752639621241 0.044980554052325941 -0.025305165515511392 -0.0022515109032932401 -0.091593725132449774 0.0014195904454020389 -0.029617566716001215
leaf_weight=656 764 64025 7497 2014 859 247016 5839 1108 507 553 502 531 1984 1450
leaf_count=656 764 64025 7497 2014 859 247016 5839 1108 507 553 502 531 1984 1450
internal_value=-1.20882e-05 0.00193438 0.00999878 0.00703788 0.0415586 -0.00064592 -0.000959082 -0.0149346 0.00671847 -0.022988 -0.0426148 -0.0603836 -0.0111013 -0.00668188
internal_weight=335305 82340 18315 16800 1515 252965 9303 5949 1615 4334 1586 1084 2748 7289
internal_count=335305 82340 18315 16800 1515 252965 9303 5949 1615 4334 1586 1084 2748 7289
is_linear=0
shrinkage=0.04


Tree=286
num_leaves=15
num_cat=0
split_feature=37 12 10 6 25 10 4 25 23 23 35 34 28 23
split_gain=262.299 553.397 521.547 515.909 1345.22 1063.1 1107.9 792.877 891.694 976.182 882.212 573.858 823.651 515.791
threshold=0.0011518105772833952 0.86754385964912295 0.5590277777777779 3.5000000000000004 -0.0001491157162453466 0.24165739710789771 7.5000000000000009 -0.066661942554799666 -0.03747941172183597 0.0039450757575757523 0.52771594134328847 21.500000000000004 -0.50750000000000017 0.13542800453514744
decision_type=10 10 10 8 10 10 2 8 8 8 2 10 8 8
left_child=2 3 -1 4 5 6 -2 -8 -9 -10 -11 12 -5 -6
right_child=1 -3 -4 11 13 -7 7 8 9 10 -12 -13 -14 -15
leaf_value=0.00064131031434009754 0.015721373305859928 -0.033424507502630284 0.023128660998844235 -0.062309638024275672 0.010950294474057756 0.014825840191863796 -0.071495803808728678 0.01842180710939573 -0.07698775300837972 -0.0075237382767580551 -0.059505566530225693 -6.3663040912211665e-05 -0.0015121932420310567 -0.023284798741625489
leaf_weight=215468 731 814 1613 530 4439 1028 813 537 678 1754 705 104476 932 787
leaf_count=215468 731 814 1613 530 4439 1028 813 537 678 1754 705 104476 932 787
internal_value=-1.18908e-05 -0.00152751 0.000813688 -0.00129223 -0.00933056 -0.0217874 -0.0290728 -0.0364633 -0.0278553 -0.0359418 -0.0233159 -0.000417774 -0.024884 0.00562291
internal_weight=335305 118224 217081 117410 11472 6246 5218 4487 3674 3137 2459 105938 1462 5226
internal_count=335305 118224 217081 117410 11472 6246 5218 4487 3674 3137 2459 105938 1462 5226
is_linear=0
shrinkage=0.04


Tree=287
num_leaves=15
num_cat=0
split_feature=4 5 18 2 3 29 31 25 19 0 34 6 6 21
split_gain=260.687 1027.59 731.212 901.812 940.626 1567.38 866.459 841.66 1157.75 951.018 1027 941.173 839.928 1892.71
threshold=9.5000000000000018 2740.5000000000005 -0.38329811722668861 0.46666666666666673 0.82085561497326209 -6.4544318181818179 -4.5476461038961036 0.057813877865961205 -0.086314935064935053 0.85199430199430226 634.50000000000011 4.5000000000000009 8.5000000000000018 -0.048399054649054633
decision_type=2 2 8 8 2 8 8 10 8 8 10 8 10 8
left_child=-1 2 6 -4 7 -6 -2 8 -5 10 -9 -11 -10 -14
right_child=1 -3 3 4 5 -7 -8 9 12 11 -12 -13 13 -15
leaf_value=0.0013734544631707475 0.038389638308169001 -0.046212094554626257 -0.013827197275412397 0.0072466139100248071 -0.048999653860890988 0.0064535631730397334 0.0047920489868301958 0.013720600131720953 -0.002353858093867791 -0.0074046687042337361 -0.017884317442088269 -0.081120049435074046 -0.076603554636334087 -0.0065297071107758668
leaf_weight=131710 1312 748 8836 20925 786 33985 12750 2250 111553 517 5777 576 742 2838
leaf_count=131710 1312 748 8836 20925 786 33985 12750 2250 111553 517 5777 576 742 2838
internal_value=-1.29206e-05 -0.000909914 -0.000731514 -0.0013877 -0.000773218 0.00513148 0.00805165 -0.00218871 -0.00139762 -0.0139187 -0.00899524 -0.0481011 -0.00297115 -0.0219085
internal_weight=335305 203595 202847 188785 179949 34771 14062 145178 136058 9120 8027 1093 115133 3580
internal_count=335305 203595 202847 188785 179949 34771 14062 145178 136058 9120 8027 1093 115133 3580
is_linear=0
shrinkage=0.04


Tree=288
num_leaves=15
num_cat=0
split_feature=1 17 24 3 0 12 28 27 25 3 30 25 18 36
split_gain=267.372 587.483 787.385 654.177 580.001 943.883 974.883 624.868 694.21 1190 569.824 774.264 899.918 835.32
threshold=-0.34448293989960649 2.5000000000000004 -0.10821759259259253 0.58114035087719318 0.14451659451659454 0.15170694284618338 -1.4506425865800867 -2.0130140692640688 -0.022499999999999975 0.21240601503759401 2.5894932844932845 -0.060265101410934725 -0.3779482091982091 -0.0041656445447485089
decision_type=8 2 10 2 10 10 8 8 10 2 10 10 8 2
left_child=1 2 -1 -4 7 -6 -7 8 9 -3 -2 -12 -13 -14
right_child=10 4 3 -5 5 6 -8 -9 -10 -11 11 12 13 -15
leaf_value=0.026043470569075113 2.6454074759918191e-05 0.035068706631382611 -0.0051468914801909658 -0.051329593042858744 0.035456741438005979 -0.046171243038543468 0.013674443962241807 -0.0029138842787590109 0.026543870704517757 -0.030640416404611504 0.0090635935935077239 0.022189094784760794 -0.003812325634623014 -0.029523228400069573
leaf_weight=570 300745 674 1122 840 2483 507 1947 10341 2894 1080 2909 920 3521 4752
leaf_count=570 300745 674 1122 840 2483 507 1947 10341 2894 1080 2909 920 3521 4752
internal_value=-1.37692e-05 0.00419704 -0.0137756 -0.0257035 0.00650958 0.0183281 0.000635177 0.00256886 0.0146682 -0.00511858 -0.000316668 -0.00880857 -0.0144824 -0.0186693
internal_weight=335305 22458 2532 1962 19926 4937 2454 14989 4648 1754 312847 12102 9193 8273
internal_count=335305 22458 2532 1962 19926 4937 2454 14989 4648 1754 312847 12102 9193 8273
is_linear=0
shrinkage=0.04


Tree=289
num_leaves=15
num_cat=0
split_feature=24 21 8 20 3 6 4 31 14 37 10 2 5 37
split_gain=259.132 601.382 740.097 366.515 883.472 1132.35 1119.96 885.988 712.049 577.175 625.373 608.69 721.08 484.135
threshold=-0.1916666666666666 0.010582010582010528 0.1082709215239336 -0.53697089947089938 0.38795986622073586 9.5000000000000018 8.5000000000000018 -2.7766269841269833 0.054200940070505292 -0.0056189279523949304 0.066915422885572159 5.1833333333333362 1460.5000000000002 -0.00010875051575297643
decision_type=8 10 10 8 2 8 2 8 10 8 8 8 2 8
left_child=1 -1 -3 4 7 9 -7 -2 13 -6 -11 12 -12 -9
right_child=3 2 -4 -5 5 6 -8 8 -10 10 11 -13 -14 -15
leaf_value=-0.039074282892360895 0.056714125315661786 0.038992488971347238 -0.02116940723394186 -0.00015824953413349566 -0.032562822201180945 0.0036536883576155565 -0.077613386853461294 0.053166212398764186 -0.0083519097744611456 0.03348167891207466 -0.021172877787907919 0.036135286180091639 0.023132581478071523 0.0093305779950162721
leaf_weight=838 869 508 742 323201 509 508 522 712 1472 1292 1825 586 809 912
leaf_count=838 869 508 742 323201 509 508 522 712 1472 1292 1825 586 809 912
internal_value=-1.32272e-05 -0.0138944 0.00383972 7.58266e-05 0.00759237 -0.00204434 -0.0392186 0.0221413 0.0116901 0.00589303 0.0105406 0.00096446 -0.00738758 0.0295631
internal_weight=335305 2088 1250 333217 10016 6051 1030 3965 3096 5021 4512 3220 2634 1624
internal_count=335305 2088 1250 333217 10016 6051 1030 3965 3096 5021 4512 3220 2634 1624
is_linear=0
shrinkage=0.04


Tree=290
num_leaves=15
num_cat=0
split_feature=34 20 21 1 27 27 18 35 27 5 27 12 2 1
split_gain=258.295 643.033 1045.38 850.363 794.082 796.054 863.429 995.919 854.881 920.176 816.367 729.321 634.141 615.037
threshold=2052.5000000000005 -0.22486772486772483 0.20759194509194515 -0.33400362497584712 -4.9907828282828275 -4.3592361111111098 -0.053641173641173649 0.38032367203220385 0.94075216450216437 2115.0000000000005 1.7823790792540792 0.77346041055718484 5.7416666666666689 0.15588697918243374
decision_type=10 8 10 8 8 10 8 2 10 2 10 10 10 8
left_child=-1 11 4 -4 -3 -6 -7 -8 9 12 -10 -2 13 -9
right_child=1 2 3 -5 5 6 7 8 10 -11 -12 -13 -14 -15
leaf_value=-0.00066137092847562179 -0.0023081821962136172 0.041367156848716898 0.033241778791465976 -0.011062352787244562 -0.039243089408643787 0.012885351744621678 -0.050930216477014296 0.0094288783246805601 -0.017061553817459045 0.060985247414122833 0.0029117077089787623 -0.047865509895445857 0.041402784184735475 -0.017117572446390391
leaf_weight=249909 25832 979 702 9063 570 19434 509 9957 4773 505 10161 525 810 1576
leaf_count=249909 25832 979 702 9063 570 19434 509 9957 4773 505 10161 525 810 1576
internal_value=-1.23731e-05 0.00188618 0.00420432 -0.00772424 0.00657373 0.00582637 0.00640516 0.00193883 0.00299721 0.0105423 -0.0035075 -0.00330454 0.00824078 0.00574304
internal_weight=335305 85396 59039 9765 49274 48295 47725 28291 27782 12848 14934 26357 12343 11533
internal_count=335305 85396 59039 9765 49274 48295 47725 28291 27782 12848 14934 26357 12343 11533
is_linear=0
shrinkage=0.04


Tree=291
num_leaves=15
num_cat=0
split_feature=33 29 12 31 4 24 34 25 28 21 19 18 31 30
split_gain=257.76 913.031 893.351 801.911 1095.5 1154.09 1576.12 1173.79 1139.78 1121.79 1165.5 1090.68 806.219 795.196
threshold=-0.019318823264339865 -7.5356033549783534 1.0000000180025095e-35 -6.1747775372775378 11.500000000000002 -0.04852282748116081 138.50000000000003 -0.0081245508139447652 -4.4731216931216924 -0.011556267806267837 0.079248587061087089 -0.1193145396270396 -8.4867824883449874 0.43117965367965344
decision_type=10 8 8 8 2 10 10 8 10 10 10 10 10 10
left_child=1 13 -3 4 5 7 -7 -2 11 -6 -11 -8 -9 -1
right_child=3 2 -4 -5 9 6 8 12 -10 10 -12 -13 -14 -15
leaf_value=-0.065851320373139871 0.085877819717147919 -0.012639672086293336 0.00018690568367763863 0.00014368403456909475 -0.035283965028149906 -0.050924906777232472 -0.037135332187176712 -0.0074213314992084634 0.031569509255392328 0.060576411963762088 -0.011171282011644818 0.028915513676984226 0.043407307023356649 -0.0036095825683199957
leaf_weight=614 635 9900 68489 245186 1357 593 944 782 2738 506 1005 623 1271 662
leaf_count=614 635 9900 68489 245186 1357 593 944 782 2738 506 1005 623 1271 662
internal_value=-1.17829e-05 -0.00199774 -0.00144003 0.000607369 0.0114301 0.0193572 0.00764323 0.0401727 0.0162029 -0.00950985 0.0140261 -0.0107931 0.0243302 -0.0349135
internal_weight=335305 79665 78389 255640 10454 7586 4898 2688 4305 2868 1511 1567 2053 1276
internal_count=335305 79665 78389 255640 10454 7586 4898 2688 4305 2868 1511 1567 2053 1276
is_linear=0
shrinkage=0.04


Tree=292
num_leaves=15
num_cat=0
split_feature=32 33 20 12 5 35 32 29 12 34 2 1 38 35
split_gain=263.002 1486.11 737.372 672.301 667.511 938.449 781.658 903.132 792.598 822.421 706.996 812.507 610.018 788.24
threshold=0.45840305614638494 -0.049188232376807701 -0.042045454545454532 0.21964620745108551 1006.5000000000001 0.48715999896547052 0.45280425258368984 -2.3825874819624819 0.11167800453514741 311.50000000000006 0.10000000000000007 -0.29055860548916096 0.19137753407665195 0.42609584481754675
decision_type=8 10 8 10 2 2 10 8 10 10 8 10 10 2
left_child=4 2 3 -2 5 -1 7 -7 -9 -10 -6 -12 -13 -14
right_child=1 -3 -4 -5 10 6 -8 8 9 -11 11 12 13 -15
leaf_value=0.027031587300308715 0.021832536036901651 -0.00026946134357126473 -0.057880587251113468 -0.03925336535777036 -0.028280662539445799 -0.054959187602956691 0.035649351322888163 -0.036002234304922401 0.049772861612395504 -0.0077727357862697735 0.01318375493134271 0.00083655411696315562 -0.048968911660479363 -0.0057262429806969667
leaf_weight=3879 514 274801 996 545 1253 544 666 619 619 951 8025 38198 840 2855
leaf_count=3879 514 274801 996 545 1253 544 666 619 619 951 8025 38198 840 2855
internal_value=-1.11527e-05 -0.00052598 -0.0340073 -0.0099569 0.0024258 0.013717 -0.0016494 -0.0112159 0.00063959 0.0157516 0.000808039 0.00156577 -0.000672831 -0.0160793
internal_weight=335305 276856 2055 1059 58449 7278 3399 2733 2189 1570 51171 49918 41893 3695
internal_count=335305 276856 2055 1059 58449 7278 3399 2733 2189 1570 51171 49918 41893 3695
is_linear=0
shrinkage=0.04


Tree=293
num_leaves=15
num_cat=0
split_feature=19 21 28 26 37 33 37 20 27 4 27 5 30 5
split_gain=256.044 882.669 903.642 790.704 708.302 894.484 892.053 700.039 998.958 639.495 633.33 568.12 1026.16 718.211
threshold=-0.24993386243386234 -0.25408653846153834 1.0082171300921303 0.075023674242424274 0.00074402955301221209 -0.00030585689330473804 -0.0021619109604241473 -0.34113756613756613 -1.9630944749694745 8.5000000000000018 0.70079186438561458 1385.0000000000002 1.5584598214285716 1001.5000000000001
decision_type=8 10 10 10 8 10 10 8 10 2 10 2 8 2
left_child=1 2 4 -3 5 6 -1 -7 -9 -10 11 13 -13 -6
right_child=-2 3 -4 -5 10 7 -8 8 9 -11 -12 12 -14 -15
leaf_value=-0.0074944801934856376 0.00025895391250028163 -0.014006146096792687 0.014404386166981108 -0.065971730543928256 -0.0085415490985713081 0.03624913430936709 -0.057411811286810693 -0.049444373408511336 0.040457757188212158 -0.010521838312221324 -0.02752489620404126 0.019557277690145675 -0.041887062195044608 0.03344752247538002
leaf_weight=1047 316406 3011 4592 516 937 552 1262 731 509 1286 833 894 760 1969
leaf_count=1047 316406 3011 4592 516 937 552 1262 731 509 1286 833 894 760 1969
internal_value=-1.14867e-05 -0.00452793 -0.000362264 -0.0224246 -0.00668994 -0.0168808 -0.0354157 -0.00263279 -0.0116682 0.00463887 0.00355119 0.00946499 -0.00907656 0.0199932
internal_weight=335305 18899 15372 3527 10780 5387 2309 3078 2526 1795 5393 4560 1654 2906
internal_count=335305 18899 15372 3527 10780 5387 2309 3078 2526 1795 5393 4560 1654 2906
is_linear=0
shrinkage=0.04


Tree=294
num_leaves=15
num_cat=0
split_feature=22 25 14 23 5 5 16 1 20 21 1 6 19 8
split_gain=253.712 1189.65 859.735 930.409 929.433 785.971 962.494 905.213 741.896 657.881 747.916 921.061 593.714 564.028
threshold=6.5000000000000009 0.041581648803871017 0.22268135904499545 -0.014835858585858569 2448.5000000000005 2242.5000000000005 0.069883720930232582 0.084806255986811616 0.1251748251748252 0.23336247086247089 0.18985402644493554 5.5000000000000009 0.18946305017733592 0.05581516095534788
decision_type=2 10 8 10 2 2 10 8 10 10 8 10 10 10
left_child=-1 2 4 -4 5 6 7 -2 -9 10 11 -3 -11 -5
right_child=1 9 3 13 -6 -7 -8 8 -10 12 -12 -13 -14 -15
leaf_value=0.00037317704470810607 0.019879768117990054 -0.0064603911152741576 -0.06640379364202216 0.012019073410438933 0.05285645421856159 -0.043451507307636063 -0.0045635971178691467 -0.0083583217433976682 0.040216373309737763 -0.012855903613261688 0.020960126956976216 -0.060513684615984185 -0.069159991114621386 -0.026369842514468684
leaf_weight=298755 6715 1615 532 1046 505 584 16661 4305 519 535 765 693 721 1354
leaf_count=298755 6715 1615 532 1046 505 584 16661 4305 519 535 765 693 721 1354
internal_value=-1.18528e-05 -0.00315525 -0.000495903 -0.0209582 0.00158472 0.000595087 0.00158255 0.0104383 -0.00277336 -0.0227172 -0.0123713 -0.0236294 -0.0465873 -0.00973484
internal_weight=335305 36550 32221 2932 29289 28784 28200 11539 4824 4329 3073 2308 1256 2400
internal_count=335305 36550 32221 2932 29289 28784 28200 11539 4824 4329 3073 2308 1256 2400
is_linear=0
shrinkage=0.04


Tree=295
num_leaves=15
num_cat=0
split_feature=9 36 20 15 30 33 21 36 33 32 30 30 32 25
split_gain=253.949 913.242 869.108 1031.36 823.869 993.749 810.013 658.468 880.238 1028.91 776.322 723.27 690.89 995.385
threshold=1.0000000180025095e-35 -0.016712435934636633 -0.1606812169312169 1.0000000180025095e-35 -2.0632187257187251 0.031209236004350095 0.23866341991341999 -0.014432179936055891 -0.0072072227326537173 0.42821878457065227 -2.8318368783993777 -1.4529750457875454 0.4988680697643762 0.0050325507825507805
decision_type=2 2 8 2 10 10 10 2 10 8 10 10 10 8
left_child=7 2 3 -2 -4 -6 -5 8 9 -1 -11 -12 -10 -14
right_child=1 -3 4 6 5 -7 -8 -9 12 10 11 -13 13 -15
leaf_value=0.027874604884008534 -0.0027977831275755346 0.0021655986680580463 0.04339241969476159 -0.023720798215950818 0.00080300808717757171 -0.045860611676407842 -0.07219364917888417 -0.00197748858194309 0.026400198696203324 -0.050714454653936133 0.02309182843838883 -0.010441327467723572 0.018971877271057362 -0.0066152557573966033
leaf_weight=1365 2914 141057 591 2355 7656 757 712 155922 3735 608 1162 6829 4811 4831
leaf_count=1365 2914 141057 591 2355 7656 757 712 155922 3735 608 1162 6829 4811 4831
internal_value=-1.22842e-05 0.0011674 -0.00820484 -0.0199557 -0.000332118 -0.00364192 -0.0359513 -0.00103919 0.00521961 -0.00377133 -0.00892689 -0.00545188 0.0119057 0.00618378
internal_weight=335305 156042 14985 5981 9004 8413 3067 179263 23341 9964 8599 7991 13377 9642
internal_count=335305 156042 14985 5981 9004 8413 3067 179263 23341 9964 8599 7991 13377 9642
is_linear=0
shrinkage=0.04


Tree=296
num_leaves=15
num_cat=0
split_feature=16 10 20 18 16 29 23 36 30 16 8 23 6 36
split_gain=252.346 364.457 780.896 528.172 464.765 439.948 563.472 298.578 739.483 776.547 1324.3 1161.96 1533.68 972.521
threshold=0.72077922077922085 0.59545454545454557 -0.13257575757575754 -0.22187830687830684 0.58411949685534603 -0.55833333333333368 0.010504796129796119 0.033956607451505423 1.1016750841750849 0.021858576206402299 0.074271079590228536 -0.10878797899631233 4.5000000000000009 0.042643268789758
decision_type=8 10 10 8 10 10 8 2 10 10 10 10 8 2
left_child=1 4 3 -3 7 -6 -7 -1 9 10 -9 13 -13 -11
right_child=-2 2 -4 -5 5 6 -8 8 -10 11 -12 12 -14 -15
leaf_value=1.3611855623369696e-05 -0.023188386228233576 0.0056458883244660286 -0.013212850731040476 0.058828933826345818 0.049632352240777326 0.029777254599248307 -0.02323477756229711 0.0006399797786459904 0.019538287105733187 -0.052046858046245807 -0.075551050390334426 -0.018650876600698321 0.046561730518406688 -0.0043414862416624447
leaf_weight=323114 700 528 805 675 513 673 529 699 1267 1060 712 1065 1158 1807
leaf_count=323114 700 528 805 675 513 673 529 699 1267 1060 712 1065 1158 1807
internal_value=-1.222e-05 3.97223e-05 0.0168209 0.0366435 -6.41041e-05 0.0204074 0.00645049 -0.000173278 -0.00789741 -0.0133527 -0.0390764 -0.00591115 0.0155965 -0.0225691
internal_weight=335305 334605 2008 1203 332597 1715 1202 330882 7768 6501 1411 5090 2223 2867
internal_count=335305 334605 2008 1203 332597 1715 1202 330882 7768 6501 1411 5090 2223 2867
is_linear=0
shrinkage=0.04


Tree=297
num_leaves=15
num_cat=0
split_feature=35 13 6 0 36 5 30 12 35 8 36 8 37 16
split_gain=249.99 578.228 761.109 626.185 544.985 518.291 397.543 349.738 324.961 771.936 1173.35 610.744 928.511 584.08
threshold=0.6456571251493628 1.0000000180025095e-35 4.5000000000000009 0.83347578347578366 0.01943161697997773 1220.5000000000002 -2.6923412698412696 0.26111660079051385 0.6001849568483193 0.037268518518518527 0.0055718997546104583 0.073282613560080576 -0.0078220088847049968 0.087167581257914753
decision_type=2 2 8 8 2 2 10 10 2 10 2 10 8 10
left_child=8 3 -3 4 5 -2 -5 -7 -1 10 -10 -11 -13 -14
right_child=1 2 -4 6 -6 7 -8 -9 9 11 -12 12 13 -15
leaf_value=7.7512301955693372e-05 -0.026478453429160886 0.00037848980215425044 0.058484930495697592 0.0019879609385478666 -0.044563667264903753 0.032708699223435216 0.049394288168867116 -0.0056320358816979088 -0.0763120649337619 0.023431267735667137 -0.0093217738229905561 -0.053831014849455947 0.010426148247096265 -0.013190474071861814
leaf_weight=319662 761 704 691 579 522 694 512 754 548 1259 1450 552 3158 3459
leaf_count=319662 761 704 691 579 522 694 512 754 548 1259 1450 552 3158 3459
internal_value=-1.17287e-05 0.00863402 0.0301887 0.000478484 -0.00976531 -0.000737897 0.0254251 0.0132224 -0.000149661 -0.00708193 -0.02911 -0.00171892 -0.00626743 -0.00192565
internal_weight=335305 5217 1395 3822 2731 2209 1091 1448 330088 10426 1998 8428 7169 6617
internal_count=335305 5217 1395 3822 2731 2209 1091 1448 330088 10426 1998 8428 7169 6617
is_linear=0
shrinkage=0.04


Tree=298
num_leaves=15
num_cat=0
split_feature=28 29 38 12 29 24 1 26 26 9 35 30 33 27
split_gain=252.092 577.644 657.414 496.881 480.444 811.621 412.697 603.876 599.624 694.71 529.743 430.828 341.884 339.31
threshold=2.8605986952861957 4.8985709776334785 -0.10315946923262941 0.56787469287469305 6.360037202380953 -0.011572902806669024 0.14459151959151967 0.065972222222222265 -0.022916666666666644 1.0000000180025095e-35 0.52562622867291908 -0.30583333333333301 0.0050138889035609658 6.2912152777777788
decision_type=10 10 10 10 10 8 10 10 10 2 2 10 10 10
left_child=1 -1 -3 4 6 -6 8 -8 10 -10 11 -2 -11 -7
right_child=3 2 -4 -5 5 13 7 -9 9 12 -12 -13 -14 -15
leaf_value=-9.8580887159831771e-05 0.03441047484223473 -0.0058325250607612344 -0.053507671627151386 0.023883680961184619 0.012375693223482767 -0.013803942104059505 0.0026199385376197669 -0.04031641260895702 0.0070842400098055352 0.060200393825323557 -0.03149399145858011 -0.0087688165677994399 0.018568106487004962 -0.058612350646682243
leaf_weight=319406 614 1509 627 1920 911 565 3970 553 1788 844 665 799 583 551
leaf_count=319406 614 1509 627 1920 911 565 3970 553 1788 844 665 799 583 551
internal_value=-1.15723e-05 -0.000238843 -0.0207308 0.00527974 0.00217592 -0.0153213 0.00584843 -0.00301304 0.0133781 0.0240715 -0.00334322 0.0105289 0.0443959 -0.0374918
internal_weight=335305 321542 2136 13763 11843 2027 9816 4523 5293 3215 2078 1413 1427 1116
internal_count=335305 321542 2136 13763 11843 2027 9816 4523 5293 3215 2078 1413 1427 1116
is_linear=0
shrinkage=0.04


Tree=299
num_leaves=15
num_cat=0
split_feature=25 22 6 6 6 25 32 20 18 14 30 33 23 34
split_gain=251.636 798.512 1186.57 1003.2 820.54 776.155 693.548 651.123 579.244 517.352 501.51 584.865 705.234 698.774
threshold=-0.096305231548287087 2.5000000000000004 6.5000000000000009 7.5000000000000009 5.5000000000000009 -0.14145880097268984 0.48186596173387891 -0.24163752913752903 -0.13502384960718292 0.21473779385171793 -1.842834821428571 -0.011830569600935238 -0.012500000000000001 239.50000000000003
decision_type=8 2 8 10 10 10 10 10 10 8 8 10 10 10
left_child=1 3 10 4 9 -4 -7 -8 -6 -1 -3 12 -12 -13
right_child=-2 2 5 -5 8 6 7 -9 -10 -11 11 13 -14 -15
leaf_value=-0.0080440338783296945 -0.00026425645385840511 -0.028249194655153485 0.07446146779941025 -0.045042886255050096 0.05575462700502716 -0.013752316435008887 0.0081372607784923352 0.07130286732367401 2.9793240335835903e-05 0.023100496323955447 0.024206618601167053 -0.02157498031645123 -0.027943099899620006 0.027856169334084475
leaf_weight=6469 318397 625 639 781 635 537 524 501 529 933 594 519 1130 2492
leaf_count=6469 318397 625 639 781 635 537 524 501 529 933 594 519 1130 2492
internal_value=-1.14273e-05 0.00473638 0.0143571 -0.00308106 0.000983972 0.0387339 0.0222618 0.0408918 0.0314738 -0.0039897 0.00408174 0.00859988 -0.00979921 0.0191226
internal_weight=335305 16908 7561 9347 8566 2201 1562 1025 1164 7402 5360 4735 1724 3011
internal_count=335305 16908 7561 9347 8566 2201 1562 1025 1164 7402 5360 4735 1724 3011
is_linear=0
shrinkage=0.04


end of trees

feature_importances:
going_num=269
i_out=215
dist=213
own_rel=188
t_p8=188
m800_hist3=169
h_sect_i_l200=169
j_dev_n=161
j_dev=144
t_dev=144
j_p8=139
h_sect_i_l600=137
oa_cum=132
fa_cum=119
field_size=116
late_minus_early=114
fa_last=112
oa_last=111
h_fell_awayrate=110
h_heldrate=107
j_style=100
h_widerate=99
j_p8_x=97
h_sect_i_early=94
i_out2=91
h_sect_i_l400=91
bf=85
i_front=79
h_slowrate=71
h_lugrate=71
n_prev=67
pos_hist3=63
i_front2=41
h_wide5=38
h_cmtn=29
h_held5=14
h_slow5=5
h_fell_away5=5
h_lug5=3

parameters:
[boosting: gbdt]
[objective: regression]
[metric: l2]
[tree_learner: serial]
[device_type: cpu]
[data_sample_strategy: bagging]
[data: ]
[valid: ]
[num_iterations: 300]
[learning_rate: 0.04]
[num_leaves: 15]
[num_threads: 4]
[seed: 0]
[deterministic: 0]
[force_col_wise: 0]
[force_row_wise: 0]
[histogram_pool_size: -1]
[max_depth: -1]
[min_data_in_leaf: 500]
[min_sum_hessian_in_leaf: 0.001]
[bagging_fraction: 1]
[pos_bagging_fraction: 1]
[neg_bagging_fraction: 1]
[bagging_freq: 0]
[bagging_seed: 3]
[bagging_by_query: 0]
[feature_fraction: 0.8]
[feature_fraction_bynode: 1]
[feature_fraction_seed: 2]
[extra_trees: 0]
[extra_seed: 6]
[early_stopping_round: 0]
[early_stopping_min_delta: 0]
[first_metric_only: 0]
[max_delta_step: 0]
[lambda_l1: 0]
[lambda_l2: 50]
[linear_lambda: 0]
[min_gain_to_split: 0]
[drop_rate: 0.1]
[max_drop: 50]
[skip_drop: 0.5]
[xgboost_dart_mode: 0]
[uniform_drop: 0]
[drop_seed: 4]
[top_rate: 0.2]
[other_rate: 0.1]
[min_data_per_group: 100]
[max_cat_threshold: 32]
[cat_l2: 10]
[cat_smooth: 10]
[max_cat_to_onehot: 4]
[top_k: 20]
[monotone_constraints: ]
[monotone_constraints_method: basic]
[monotone_penalty: 0]
[feature_contri: ]
[forcedsplits_filename: ]
[refit_decay_rate: 0.9]
[cegb_tradeoff: 1]
[cegb_penalty_split: 0]
[cegb_penalty_feature_lazy: ]
[cegb_penalty_feature_coupled: ]
[path_smooth: 0]
[interaction_constraints: ]
[verbosity: -1]
[saved_feature_importance_type: 0]
[use_quantized_grad: 0]
[num_grad_quant_bins: 4]
[quant_train_renew_leaf: 0]
[stochastic_rounding: 1]
[linear_tree: 0]
[max_bin: 255]
[max_bin_by_feature: ]
[min_data_in_bin: 3]
[bin_construct_sample_cnt: 200000]
[data_random_seed: 1]
[is_enable_sparse: 1]
[enable_bundle: 1]
[use_missing: 1]
[zero_as_missing: 0]
[feature_pre_filter: 1]
[pre_partition: 0]
[two_round: 0]
[header: 0]
[label_column: ]
[weight_column: ]
[group_column: ]
[ignore_column: ]
[categorical_feature: ]
[forcedbins_filename: ]
[precise_float_parser: 0]
[parser_config_file: ]
[objective_seed: 5]
[num_class: 1]
[is_unbalance: 0]
[scale_pos_weight: 1]
[sigmoid: 1]
[boost_from_average: 1]
[reg_sqrt: 0]
[alpha: 0.9]
[fair_c: 1]
[poisson_max_delta_step: 0.7]
[tweedie_variance_power: 1.5]
[lambdarank_truncation_level: 30]
[lambdarank_norm: 1]
[label_gain: ]
[lambdarank_position_bias_regularization: 0]
[eval_at: ]
[multi_error_top_k: 1]
[auc_mu_weights: ]
[num_machines: 1]
[local_listen_port: 12400]
[time_out: 120]
[machine_list_filename: ]
[machines: ]
[gpu_platform_id: -1]
[gpu_device_id: -1]
[gpu_device_id_list: ]
[gpu_use_dp: 0]
[num_gpu: 1]

end of parameters

pandas_categorical:[]
