track,dist,b_gap,W,E,n,AE_raw
Albany,1000,0.0,11.0,6.445565244857203,40,1.706599744495131
Albany,1000,1.0,10.0,7.181840398328927,56,1.3924007559854439
Albany,1000,2.0,16.0,16.354670030997898,152,0.9783138375567546
Albany,1000,3.0,3.0,9.189053900604526,116,0.3264753947958274
Albany,1000,4.0,0.0,0.8020938213704425,7,0.0
Albany,1050,0.0,1.0,0.15530500147160844,1,6.438942664591595
Albany,1050,1.0,0.0,0.0056568046893632215,1,0.0
Albany,1050,2.0,0.0,0.712946250793751,2,0.0
Albany,1050,3.0,0.0,0.12609194304527738,4,0.0
Albany,1099,0.0,0.0,0.09986895272056917,2,0.0
Albany,1099,1.0,0.0,0.09948469435174614,2,0.0
Albany,1099,2.0,2.0,1.1084328256646305,6,1.8043493062385394
Albany,1099,3.0,0.0,0.3694357510187113,11,0.0
Albany,1099,4.0,0.0,0.322777776244343,4,0.0
Albany,1100,0.0,34.0,14.671142393522068,107,2.317474610226157
Albany,1100,1.0,10.0,12.209105478690946,97,0.8190608245176857
Albany,1100,2.0,45.0,42.563308705731416,360,1.0572486342900422
Albany,1100,3.0,17.0,31.406619861940282,398,0.5412871577625976
Albany,1100,4.0,1.0,6.001576022959545,102,0.16662289974740202
Albany,1100,5.0,0.0,0.06331699797198462,3,0.0
Albany,1230,0.0,27.0,14.287970190285524,113,1.8897015909479893
Albany,1230,1.0,9.0,10.195156856994648,88,0.8827720972066574
Albany,1230,2.0,38.0,34.24735895729196,335,1.1095746112098093
Albany,1230,3.0,32.0,39.96258555740267,457,0.8007489894274952
Albany,1230,4.0,7.0,13.316380689304843,218,0.5256683601439921
Albany,1230,5.0,0.0,0.9095195212258166,18,0.0
Albany,1232,0.0,1.0,0.8004480351404835,10,1.2493003369350442
Albany,1232,1.0,1.0,1.32481487597702,9,0.7548224420883887
Albany,1232,2.0,2.0,2.400881631925762,26,0.8330273235485531
Albany,1232,3.0,6.0,4.702872991942293,44,1.2758158704860094
Albany,1232,4.0,0.0,0.7249045065615083,12,0.0
Albany,1232,5.0,0.0,0.04607795845293376,2,0.0
Albany,1240,0.0,14.0,7.173006670525745,48,1.9517617427468348
Albany,1240,1.0,4.0,3.4144645930204383,33,1.1714867414869272
Albany,1240,2.0,20.0,17.258920312594697,140,1.1588210408159194
Albany,1240,3.0,9.0,16.682759464928225,180,0.5394790963042109
Albany,1240,4.0,1.0,3.3669946414049257,51,0.2970007696783075
Albany,1240,5.0,0.0,0.10385431752596849,2,0.0
Albany,1450,0.0,2.0,0.7973959897279947,6,2.5081641063710816
Albany,1450,1.0,1.0,0.4565975686673849,4,2.1901124066835855
Albany,1450,2.0,2.0,1.7183341980850908,15,1.1639179399611537
Albany,1450,3.0,1.0,2.2351019327083397,23,0.447406887966076
Albany,1450,4.0,0.0,0.79257031081119,9,0.0
Albany,1500,0.0,22.0,11.866614070167953,105,1.853940801471487
Albany,1500,1.0,8.0,7.153643279022951,61,1.1183112839102378
Albany,1500,2.0,35.0,31.227722891701212,287,1.120798981129081
Albany,1500,3.0,31.0,39.25209075748395,400,0.7897668481287058
Albany,1500,4.0,9.0,15.110763293161622,197,0.5956019444810542
Albany,1500,5.0,0.0,0.38916570846231346,9,0.0
Albany,1600,0.0,12.0,7.699677392949761,78,1.5585068552336812
Albany,1600,1.0,4.0,6.524967876192581,50,0.613029837985051
Albany,1600,2.0,21.0,19.339661322778568,187,1.0858514867199798
Albany,1600,3.0,33.0,32.02912860724862,310,1.0303121388238972
Albany,1600,4.0,8.0,11.96328872754584,159,0.668712440382698
Albany,1600,5.0,0.0,0.4432760732846239,15,0.0
Albany,1900,0.0,6.0,3.21903072523817,27,1.8639151074136056
Albany,1900,1.0,3.0,2.3157702254557573,21,1.295465313018947
Albany,1900,2.0,8.0,7.543338920840299,73,1.0605383218163598
Albany,1900,3.0,10.0,10.638461758781737,101,0.9399855192171268
Albany,1900,4.0,0.0,3.2047494710743036,44,0.0
Albany,1900,5.0,0.0,0.07864889860973351,2,0.0
Albany,1910,0.0,0.0,0.2124795118513852,2,0.0
Albany,1910,1.0,0.0,0.013376842770522278,1,0.0
Albany,1910,2.0,0.0,0.2975654232199342,5,0.0
Albany,1910,3.0,2.0,0.8275620915171106,12,2.416737088976058
Albany,1910,4.0,0.0,0.6490161306410476,7,0.0
Albany,1916,0.0,0.0,0.26219688722045764,2,0.0
Albany,1916,1.0,0.0,0.040887161837290735,1,0.0
Albany,1916,2.0,0.0,0.25869460072319167,4,0.0
Albany,1916,3.0,2.0,1.2723210353751726,6,1.571930310348327
Albany,1916,4.0,0.0,0.16590031484388734,3,0.0
Albany,1920,0.0,1.0,0.827079588964891,6,1.209073483788329
Albany,1920,1.0,0.0,0.46451600920139025,4,0.0
Albany,1920,2.0,1.0,1.510118517261927,12,0.6621996807331064
Albany,1920,3.0,1.0,2.040220401877672,21,0.4901431233016158
Albany,1920,4.0,3.0,1.1580654826941195,10,2.590527085757543
Albany,1925,0.0,0.0,0.15412848846436566,2,0.0
Albany,1925,1.0,0.0,0.06497301218830825,2,0.0
Albany,1925,2.0,2.0,0.5770667981880867,6,3.4658032766392646
Albany,1925,3.0,0.0,1.151066644138258,11,0.0
Albany,1925,4.0,0.0,0.052765057020981346,2,0.0
Albany,1934,0.0,0.0,0.31621907718757514,2,0.0
Albany,1934,1.0,0.0,0.11812777733262515,1,0.0
Albany,1934,2.0,1.0,0.7040039693479547,6,1.4204465365815984
Albany,1934,3.0,1.0,0.861649176131845,8,1.1605651437969753
Albany,1940,0.0,0.0,0.8081203479382595,11,0.0
Albany,1940,1.0,1.0,1.0914582783650497,7,0.9162054288487786
Albany,1940,2.0,7.0,3.2769985136950917,26,2.1361010603898354
Albany,1940,3.0,1.0,4.214071653643766,40,0.2373001890310369
Albany,1940,4.0,2.0,1.362607993823875,14,1.4677735702895864
Albany,1940,5.0,0.0,0.24674321253395812,2,0.0
Albany,2100,0.0,1.0,1.160965816711986,11,0.861351803476985
Albany,2100,1.0,1.0,0.741803410978674,6,1.3480660579339785
Albany,2100,2.0,4.0,2.3387810742268687,25,1.7102926152770759
Albany,2100,3.0,0.0,3.053789320506375,38,0.0
Albany,2100,4.0,4.0,3.162557557413235,33,1.2647991150781577
Albany,2100,5.0,1.0,0.5421028201628616,7,1.8446685071654383
Albany,3100,0.0,2.0,0.2271036412348582,4,8.806551885848933
Albany,3100,1.0,0.0,0.2539871339368595,5,0.0
Albany,3100,2.0,0.0,0.8759228208788848,11,0.0
Albany,3100,3.0,2.0,2.1650017573498612,19,0.9237867790223705
Albany,3100,4.0,0.0,0.4665075877571958,6,0.0
Albany,3100,5.0,0.0,0.011477058842340382,1,0.0
Albury,900,0.0,5.0,2.5085367034163326,17,1.993193878004889
Albury,900,1.0,7.0,5.282364996627892,44,1.3251640135561622
Albury,900,2.0,5.0,7.677497276573488,94,0.6512538943200419
Albury,900,3.0,0.0,1.5156374646590254,22,0.0
Albury,900,4.0,0.0,0.015963558723261967,2,0.0
Albury,1000,0.0,26.0,17.290327265365914,102,1.5037309358556994
Albury,1000,1.0,24.0,20.616284368286134,175,1.1641282964120834
Albury,1000,2.0,38.0,42.33977255547793,451,0.8975012785014017
Albury,1000,3.0,14.0,20.539475865404683,317,0.681614277391599
Albury,1000,4.0,0.0,1.1950071481928017,25,0.0
Albury,1000,5.0,0.0,0.005649073174784079,1,0.0
Albury,1005,0.0,0.0,0.02707690998039933,1,0.0
Albury,1005,1.0,1.0,0.6630722192817293,4,1.5081313481708623
Albury,1005,2.0,0.0,0.2960904738625865,4,0.0
Albury,1005,3.0,0.0,0.013760396875284906,1,0.0
Albury,1175,0.0,45.0,23.88361676232984,202,1.8841367472859358
Albury,1175,1.0,25.0,27.790726966969995,217,0.8995806417627417
Albury,1175,2.0,60.0,62.52324548651999,603,0.9596430820747461
Albury,1175,3.0,61.0,65.45530201609502,825,0.931933672615253
Albury,1175,4.0,11.0,20.997316516603657,320,0.5238764673238951
Albury,1175,5.0,0.0,1.3027605466334702,24,0.0
Albury,1182,0.0,1.0,0.27723102838494335,3,3.6070998467439614
Albury,1182,1.0,0.0,0.3786336995831371,3,0.0
Albury,1182,2.0,1.0,1.1444723161568569,9,0.8737651281579308
Albury,1182,3.0,1.0,0.8786344502573605,11,1.138129741790901
Albury,1182,4.0,0.0,0.3210285056177019,7,0.0
Albury,1400,0.0,16.0,11.017277507253338,111,1.4522644082865512
Albury,1400,1.0,12.0,11.734809620732872,92,1.0225986094225674
Albury,1400,2.0,34.0,29.566241333408268,266,1.1499601730430924
Albury,1400,3.0,35.0,36.697348502697245,427,0.953747380343501
Albury,1400,4.0,12.0,19.399713847977278,268,0.6185658249413399
Albury,1400,5.0,2.0,2.584609187931002,57,0.7738113790429625
Albury,1410,0.0,1.0,0.049226247685637596,1,20.314365750281695
Albury,1410,2.0,0.0,0.2681445613438755,3,0.0
Albury,1410,3.0,0.0,0.36948845765395966,4,0.0
Albury,1410,4.0,0.0,0.31314073331652725,4,0.0
Albury,1500,0.0,9.0,6.260270142824923,60,1.4376376409754714
Albury,1500,1.0,6.0,4.889067089713354,48,1.2272279946053635
Albury,1500,2.0,12.0,13.515997975531464,143,0.8878367710415513
Albury,1500,3.0,21.0,19.63463585804923,216,1.069538551762397
Albury,1500,4.0,10.0,12.788422015127248,147,0.7819573038934076
Albury,1500,5.0,2.0,2.8539482379278174,48,0.7007835578167849
Albury,1510,0.0,0.0,0.13992873561953872,1,0.0
Albury,1510,2.0,0.0,0.013763482192085778,1,0.0
Albury,1510,3.0,1.0,0.3419648779579102,3,2.924276919815965
Albury,1510,4.0,0.0,0.4068801033014335,5,0.0
Albury,1510,5.0,0.0,0.09746280092903194,2,0.0
Albury,1600,0.0,10.0,11.192687992048448,89,0.8934404324594983
Albury,1600,1.0,6.0,7.499976105165528,72,0.8000025487904641
Albury,1600,2.0,21.0,21.758124750412044,206,0.9651567054096568
Albury,1600,3.0,38.0,33.15154821197796,345,1.1462511420890518
Albury,1600,4.0,12.0,13.066878204363327,181,0.9183524796299798
Albury,1600,5.0,2.0,2.1300608576303732,31,0.9389403090693559
Albury,2000,0.0,1.0,3.727164985479245,33,0.26830043850914165
Albury,2000,1.0,1.0,2.476932413837373,32,0.4037251862075461
Albury,2000,2.0,13.0,8.741157718512286,78,1.4872171877723028
Albury,2000,3.0,9.0,11.07516821073713,120,0.812628741049251
Albury,2000,4.0,6.0,5.825075216122065,82,1.0300296180543378
Albury,2000,5.0,3.0,1.154501455311902,17,2.598524225497416
Albury,2400,0.0,0.0,0.2770748431158865,5,0.0
Albury,2400,1.0,0.0,0.013516058978972756,1,0.0
Albury,2400,2.0,2.0,1.3189525297706577,7,1.5163548003867617
Albury,2400,3.0,2.0,2.2286867370224956,23,0.8973894656330127
Albury,2400,4.0,1.0,1.0336215509903242,14,0.9674720878660947
Albury,2400,5.0,0.0,0.1281482801216631,1,0.0
Ararat,1100,0.0,20.0,10.112683624610705,60,1.977714397326448
Ararat,1100,1.0,11.0,7.717961344062075,60,1.425246837814627
Ararat,1100,2.0,15.0,21.65512525675135,190,0.6926766676319961
Ararat,1100,3.0,11.0,17.02948989564789,233,0.6459383145006119
Ararat,1100,4.0,3.0,3.3370300382688063,75,0.8990029953570177
Ararat,1100,5.0,0.0,0.07893506186340138,4,0.0
Ararat,1106,0.0,0.0,1.3622180725295594,7,0.0
Ararat,1106,1.0,1.0,1.8586802086883694,12,0.53801616616216
Ararat,1106,2.0,3.0,2.03104115600413,18,1.477074943130251
Ararat,1106,3.0,2.0,1.3658900142171806,24,1.46424673962218
Ararat,1106,4.0,1.0,0.37075582350649516,8,2.6971929679817457
Ararat,1106,5.0,0.0,0.011414725054265171,1,0.0
Ararat,1108,0.0,0.0,0.04154323816802136,1,0.0
Ararat,1108,2.0,1.0,0.4151990319424686,6,2.4084834574916916
Ararat,1108,3.0,0.0,0.54325772988951,2,0.0
Ararat,1200,0.0,3.0,1.1729977189825005,10,2.5575497304481596
Ararat,1200,1.0,1.0,1.389977338277048,11,0.719436189686052
Ararat,1200,2.0,5.0,4.056755440706985,31,1.2325120587324911
Ararat,1200,3.0,1.0,3.0558136977322934,39,0.3272450806611986
Ararat,1200,4.0,0.0,0.3244558043011738,6,0.0
Ararat,1206,0.0,1.0,0.46544526627940486,2,2.148480331519161
Ararat,1206,1.0,1.0,0.4315721840787107,2,2.3171094822404465
Ararat,1206,2.0,0.0,0.7480731051541425,6,0.0
Ararat,1206,3.0,0.0,0.25257636527955024,8,0.0
Ararat,1206,4.0,0.0,0.1023330792081918,1,0.0
Ararat,1300,0.0,16.0,7.663913501347493,60,2.0877062348350917
Ararat,1300,1.0,2.0,6.3562593867318125,55,0.3146504694529681
Ararat,1300,2.0,18.0,21.126529773608425,180,0.8520093073915939
Ararat,1300,3.0,21.0,16.663738262359814,229,1.2602214262711369
Ararat,1300,4.0,3.0,6.840381573472959,121,0.43857202522649
Ararat,1300,5.0,0.0,0.8429619743003548,20,0.0
Ararat,1306,0.0,1.0,1.603648968165695,8,0.6235778651382989
Ararat,1306,1.0,1.0,0.6979051291917227,7,1.432859507936484
Ararat,1306,2.0,2.0,2.147456275422494,20,0.9313344457299912
Ararat,1306,3.0,3.0,2.8172315811716966,29,1.0648751845782907
Ararat,1306,4.0,1.0,0.7076531131476446,15,1.4131217420241324
Ararat,1306,5.0,0.0,0.026104932900747373,1,0.0
Ararat,1308,0.0,0.0,0.07374609976959527,4,0.0
Ararat,1308,1.0,0.0,0.842989965789931,5,0.0
Ararat,1308,2.0,2.0,1.3929900358710041,12,1.4357604494632632
Ararat,1308,3.0,1.0,1.495942012608413,15,0.6684751090427233
Ararat,1308,4.0,1.0,0.19433188596105663,1,5.1458359242208775
Ararat,1600,0.0,11.0,5.332839798756061,47,2.062690876738105
Ararat,1600,1.0,6.0,4.2422973538215585,29,1.4143280160677711
Ararat,1600,2.0,14.0,13.10809141476477,120,1.0680425972793108
Ararat,1600,3.0,13.0,16.124454800587344,187,0.8062288096417664
Ararat,1600,4.0,2.0,7.033000025669812,114,0.28437366596049785
Ararat,1600,5.0,1.0,1.1593166064004559,15,0.8625771376680995
Ararat,1606,0.0,1.0,1.1504402338177957,7,0.8692324647595538
Ararat,1606,1.0,1.0,0.4027730072139139,4,2.482788027224717
Ararat,1606,2.0,0.0,1.96695667742723,18,0.0
Ararat,1606,3.0,5.0,2.910765917743101,24,1.7177609403496152
Ararat,1606,4.0,0.0,0.4860221773445928,10,0.0
Ararat,1606,5.0,0.0,0.08304198645336618,1,0.0
Ararat,1608,0.0,0.0,0.2230071671560871,3,0.0
Ararat,1608,1.0,0.0,0.3565859467868557,2,0.0
Ararat,1608,2.0,1.0,0.8727229925222996,8,1.1458389529876496
Ararat,1608,3.0,2.0,1.2711805503176228,15,1.573340623800664
Ararat,1608,4.0,0.0,0.27650334321713493,2,0.0
Ararat,2000,0.0,1.0,1.702465638801754,18,0.5873833675162041
Ararat,2000,1.0,1.0,1.1608708510632608,11,0.8614222668129564
Ararat,2000,2.0,6.0,5.248819854379462,42,1.1431141030671446
Ararat,2000,3.0,7.0,6.820128275134655,71,1.0263736571526278
Ararat,2000,4.0,3.0,2.843867585939221,37,1.0549014359292732
Ararat,2000,5.0,0.0,0.010219045687534671,1,0.0
Ararat,2200,0.0,2.0,2.6308363814889777,19,0.7602145135563534
Ararat,2200,1.0,1.0,1.524324784104271,13,0.6560281709174094
Ararat,2200,2.0,8.0,5.868139050941097,47,1.3632942114275577
Ararat,2200,3.0,7.0,7.032152068291544,70,0.9954278479789253
Ararat,2200,4.0,1.0,1.3750983238851824,29,0.7272207249694079
Ararat,2200,5.0,0.0,0.5375925157522072,7,0.0
Ararat,2206,0.0,1.0,0.7616752625040881,7,1.3128954676989169
Ararat,2206,1.0,1.0,0.5807534205147034,7,1.721901179873778
Ararat,2206,2.0,1.0,1.9214687284726584,17,0.5204352197784048
Ararat,2206,3.0,4.0,3.1749369496272344,26,1.2598675386198253
Ararat,2206,4.0,0.0,0.5611656388813162,18,0.0
Ararat,2208,0.0,1.0,0.7132645180966389,2,1.4020044101850468
Ararat,2208,2.0,0.0,0.2469308913351899,5,0.0
Ararat,2208,3.0,1.0,0.9461001882297698,11,1.056970511623173
Ararat,2208,4.0,0.0,0.09370440233840127,2,0.0
Ararat,3800,0.0,3.0,0.8111661723492365,4,3.6983790772630876
Ararat,3800,1.0,0.0,0.23368145706598697,2,0.0
Ararat,3800,2.0,0.0,1.3753415649418894,12,0.0
Ararat,3800,3.0,1.0,1.2784524147572638,13,0.7821957144880259
Ararat,3800,4.0,0.0,0.2971910771619444,7,0.0
Ararat,3800,5.0,0.0,0.004167313723678728,1,0.0
Ararat,4000,0.0,0.0,0.0847461183295254,1,0.0
Ararat,4000,1.0,0.0,0.32825340996052155,3,0.0
Ararat,4000,2.0,1.0,0.5360618819187548,4,1.8654562723628973
Ararat,4000,3.0,0.0,0.05093858979119824,3,0.0
Armidale,1100,0.0,23.0,16.815099806483712,124,1.3678182267542331
Armidale,1100,1.0,21.0,18.46062796734413,147,1.137556102487298
Armidale,1100,2.0,47.0,43.46408431512784,380,1.0813525866376408
Armidale,1100,3.0,29.0,33.34911332594445,419,0.8695883370739877
Armidale,1100,4.0,4.0,11.102327312103196,182,0.36028482025020125
Armidale,1100,5.0,0.0,0.5483415959914889,13,0.0
Armidale,1300,0.0,13.0,7.709352031509092,62,1.6862636375751636
Armidale,1300,1.0,4.0,5.256178341017864,51,0.7610091858537273
Armidale,1300,2.0,14.0,17.89558725229702,140,0.7823157632450987
Armidale,1300,3.0,21.0,20.88448099345539,232,1.00553133240806
Armidale,1300,4.0,10.0,9.512534965108634,149,1.0512444933636886
Armidale,1300,5.0,0.0,0.7418664166120001,20,0.0
Armidale,1400,0.0,14.0,6.606475262229869,66,2.1191330390715204
Armidale,1400,1.0,4.0,4.788828162911519,43,0.8352774131632391
Armidale,1400,2.0,17.0,17.52351090481171,142,0.9701252273214289
Armidale,1400,3.0,11.0,21.904670737933035,228,0.5021760030818879
Armidale,1400,4.0,19.0,13.287276595323773,184,1.4299393757398504
Armidale,1400,5.0,1.0,1.7330252996670668,33,0.5770256211447755
Armidale,1900,0.0,10.0,5.020402977075428,49,1.9918719763458854
Armidale,1900,1.0,0.0,4.360034226953294,31,0.0
Armidale,1900,2.0,15.0,13.159669605035694,117,1.1398462461595604
Armidale,1900,3.0,15.0,16.97679521507173,164,0.8835589880169632
Armidale,1900,4.0,9.0,8.732515669135594,112,1.030630844649934
Armidale,1900,5.0,0.0,0.7505823067282602,16,0.0
Ascot,1000,0.0,84.0,47.19134088534213,320,1.7799875660259281
Ascot,1000,1.0,62.0,58.75067864531294,448,1.0553069586532562
Ascot,1000,2.0,115.0,126.83174901877538,1208,0.906713034312695
Ascot,1000,3.0,59.0,82.71652940340832,1051,0.7132794427611577
Ascot,1000,4.0,0.0,4.322821016829107,94,0.0
Ascot,1000,5.0,0.0,0.18688103033212228,3,0.0
Ascot,1100,0.0,35.0,24.382382487504092,168,1.4354626754763367
Ascot,1100,1.0,22.0,20.181953474861945,173,1.0900827824919208
Ascot,1100,2.0,58.0,56.62800247223706,549,1.024228252240322
Ascot,1100,3.0,46.0,55.82115977675811,696,0.8240602700475013
Ascot,1100,4.0,7.0,10.875997636897068,178,0.6436191174088105
Ascot,1100,5.0,0.0,0.10643957201675686,4,0.0
Ascot,1200,0.0,79.0,59.23897288099194,507,1.3335815284763115
Ascot,1200,1.0,53.0,53.346607009825625,479,0.9935027356142484
Ascot,1200,2.0,162.0,163.22239796704102,1555,0.9925108442084777
Ascot,1200,3.0,176.0,179.5977401325089,2203,0.9799677872903386
Ascot,1200,4.0,37.0,50.617451583219285,760,0.7309731889439146
Ascot,1200,5.0,0.0,0.9341607764406837,23,0.0
Ascot,1250,0.0,0.0,0.05413290599037982,2,0.0
Ascot,1250,1.0,0.0,0.141918074599248,3,0.0
Ascot,1250,2.0,0.0,0.7634848596508267,6,0.0
Ascot,1250,3.0,2.0,0.7062624979402361,9,2.831808294837764
Ascot,1250,4.0,0.0,0.3342016618193093,3,0.0
Ascot,1400,0.0,72.0,52.38695912140802,466,1.374387847806518
Ascot,1400,1.0,37.0,38.36464609204665,393,0.9644295925792588
Ascot,1400,2.0,155.0,140.70220569150896,1306,1.1016174141565278
Ascot,1400,3.0,161.0,177.05934874630347,2033,0.9092996282884004
Ascot,1400,4.0,41.0,54.4376003565543,832,0.7531559020136638
Ascot,1400,5.0,0.0,2.7681724415303086,56,0.0
Ascot,1500,0.0,17.0,13.426898624724148,119,1.2661151674070423
Ascot,1500,1.0,9.0,9.523946311407025,92,0.9449864274455765
Ascot,1500,2.0,41.0,34.77602727795702,318,1.1789730802859153
Ascot,1500,3.0,44.0,45.6402016869986,483,0.9640623479657883
Ascot,1500,4.0,7.0,14.709048817074166,227,0.475897529952749
Ascot,1500,5.0,1.0,0.9238772818390407,18,1.0823948371253722
Ascot,1600,0.0,34.0,29.17425559084564,267,1.1654110554467272
Ascot,1600,1.0,19.0,21.22340997948995,217,0.8952378537832221
Ascot,1600,2.0,94.0,74.3087493849423,706,1.2649923565938506
Ascot,1600,3.0,88.0,101.15228484298788,1128,0.8699754052673816
Ascot,1600,4.0,30.0,38.015222149310404,524,0.7891575612045766
Ascot,1600,5.0,2.0,2.9773749599958905,47,0.6717326594305612
Ascot,1800,0.0,38.0,24.015896842885784,221,1.5822852774809748
Ascot,1800,1.0,21.0,16.659891107591392,179,1.2605124405903803
Ascot,1800,2.0,64.0,57.90587104070586,590,1.1052419875526986
Ascot,1800,3.0,76.0,83.47581618269713,970,0.9104433292831138
Ascot,1800,4.0,21.0,35.24464289065607,478,0.5958352327515694
Ascot,1800,5.0,1.0,3.467466158753777,65,0.28839502801648237
Ascot,2100,0.0,4.0,3.0715706889179573,36,1.3022653245233
Ascot,2100,1.0,2.0,2.741780610503392,29,0.7294529665642354
Ascot,2100,2.0,7.0,8.529966802531057,92,0.8206362535810717
Ascot,2100,3.0,17.0,12.935916352745808,154,1.314170526187079
Ascot,2100,4.0,5.0,7.154361125790474,96,0.6988744224799749
Ascot,2100,5.0,1.0,1.5664044195113107,18,0.6384047360591472
Ascot,2150,0.0,1.0,0.6752133093115759,8,1.4810134607973966
Ascot,2150,1.0,0.0,0.20728652146495785,5,0.0
Ascot,2150,2.0,1.0,1.4559712532044122,16,0.6868267472995253
Ascot,2150,3.0,6.0,2.624227766626485,34,2.2863869044847283
Ascot,2150,4.0,0.0,2.202774106774623,21,0.0
Ascot,2150,5.0,0.0,0.6398431956512489,6,0.0
Ascot,2200,0.0,18.0,10.784101077754048,117,1.669123821282726
Ascot,2200,1.0,8.0,8.045657035512457,97,0.9943252570534721
Ascot,2200,2.0,41.0,31.73332222661504,306,1.2920172589308316
Ascot,2200,3.0,36.0,43.32254412570069,494,0.8309761286305285
Ascot,2200,4.0,13.0,19.077259590757986,229,0.6814395924191268
Ascot,2200,5.0,1.0,3.8557747552910158,47,0.2593512493508
Ascot,2400,0.0,2.0,2.7972423798683264,22,0.7149898823190808
Ascot,2400,1.0,1.0,1.6214217099658668,14,0.6167426979999246
Ascot,2400,2.0,6.0,5.75898761512558,66,1.0418497835003877
Ascot,2400,3.0,10.0,8.798121935177587,102,1.136606206833408
Ascot,2400,4.0,3.0,2.713520308583321,49,1.1055749207074277
Ascot,2400,5.0,0.0,0.09533903469783496,2,0.0
Ascot,3200,0.0,0.0,0.013509576637628399,1,0.0
Ascot,3200,1.0,1.0,0.5279418137467594,2,1.8941481314069115
Ascot,3200,2.0,0.0,0.2824168024974736,4,0.0
Ascot,3200,3.0,0.0,0.17613180711813867,4,0.0
Avoca,1100,0.0,4.0,2.1004514238535457,14,1.9043525380184658
Avoca,1100,1.0,5.0,3.182661008308802,17,1.571012428576832
Avoca,1100,2.0,4.0,4.538594363613281,43,0.8813301387030118
Avoca,1100,3.0,1.0,3.4774618564889845,44,0.2875660585993167
Avoca,1100,4.0,0.0,0.7008313477353877,15,0.0
Avoca,1200,0.0,5.0,2.146418771111608,17,2.3294615511634533
Avoca,1200,1.0,1.0,2.604634228347731,16,0.38393106760113394
Avoca,1200,2.0,6.0,5.418816562184404,52,1.1072528348480046
Avoca,1200,3.0,5.0,5.69228214873423,60,0.8783823200176102
Avoca,1200,4.0,0.0,0.9358894496550363,15,0.0
Avoca,1200,5.0,0.0,0.20195883996698993,2,0.0
Avoca,1300,0.0,7.0,4.119926254244747,29,1.6990595384536127
Avoca,1300,1.0,5.0,4.22677057744835,32,1.1829362177065308
Avoca,1300,2.0,10.0,11.244339314338726,87,0.8893363781052079
Avoca,1300,3.0,6.0,7.2240384225244405,101,0.8305603665246426
Avoca,1300,4.0,1.0,2.1590261723289847,25,0.46317178217496086
Avoca,1300,5.0,0.0,0.025899259114754113,1,0.0
Avoca,1860,0.0,2.0,3.8629965203172367,27,0.5177327987434367
Avoca,1860,1.0,2.0,2.9378289985858315,27,0.6807748173779788
Avoca,1860,2.0,7.0,7.452322950772093,67,0.9393044351727631
Avoca,1860,3.0,15.0,10.358514983405266,99,1.4480840182237096
Avoca,1860,4.0,0.0,1.9663009717756474,29,0.0
Avoca,1860,5.0,1.0,0.42203557514392537,7,2.369468497197122
Bairnsdale,1000,0.0,18.0,10.493161134729759,70,1.7154029914230964
Bairnsdale,1000,1.0,24.0,14.760653403100378,130,1.625944282043704
Bairnsdale,1000,2.0,23.0,28.42426216416312,295,0.8091678815500812
Bairnsdale,1000,3.0,5.0,15.651977891532445,225,0.3194484450878855
Bairnsdale,1000,4.0,0.0,0.6699454064743003,17,0.0
Bairnsdale,1200,0.0,19.0,12.96068297918844,102,1.4659721274341149
Bairnsdale,1200,1.0,16.0,12.817039585313863,102,1.2483381902271151
Bairnsdale,1200,2.0,38.0,35.00230037944045,331,1.0856429316948646
Bairnsdale,1200,3.0,25.0,30.117507016304355,402,0.8300819847561104
Bairnsdale,1200,4.0,4.0,9.928293649277904,183,0.40288896977688854
Bairnsdale,1200,5.0,0.0,0.7107958818287011,11,0.0
Bairnsdale,1600,0.0,12.0,8.338236967841704,77,1.4391531502739383
Bairnsdale,1600,1.0,10.0,8.427944270697443,65,1.1865289658794176
Bairnsdale,1600,2.0,26.0,22.225036742414503,188,1.1698518342775703
Bairnsdale,1600,3.0,22.0,25.311185493641958,317,0.8691809400048168
Bairnsdale,1600,4.0,7.0,10.753085121291072,198,0.6509759683888323
Bairnsdale,1600,5.0,0.0,1.924344823469262,35,0.0
Bairnsdale,2000,0.0,0.0,0.12380305104775893,5,0.0
Bairnsdale,2000,1.0,1.0,1.2764417104604429,8,0.7834278618482909
Bairnsdale,2000,2.0,1.0,1.758639634281313,18,0.5686213255444232
Bairnsdale,2000,3.0,3.0,1.3821762896980456,20,2.1704901338275664
Bairnsdale,2000,4.0,0.0,0.15735939318419354,3,0.0
Bairnsdale,2000,5.0,0.0,0.3015799213282462,3,0.0
Bairnsdale,2200,0.0,9.0,4.857700479626331,38,1.8527284746655082
Bairnsdale,2200,1.0,4.0,2.6007759327924123,25,1.538002543612153
Bairnsdale,2200,2.0,10.0,12.059648085831185,96,0.8292115929774888
Bairnsdale,2200,3.0,11.0,11.753760410099192,139,0.9358707014776703
Bairnsdale,2200,4.0,4.0,5.891107578265654,93,0.6789894679155737
Bairnsdale,2200,5.0,0.0,0.7555417689848754,17,0.0
Balaklava,1000,0.0,0.0,0.5254211520898973,2,0.0
Balaklava,1000,1.0,1.0,0.35646113602221874,3,2.805354915150325
Balaklava,1000,2.0,0.0,0.9117281461924296,10,0.0
Balaklava,1000,3.0,1.0,0.20638956569545436,4,4.845206183899754
Balaklava,1040,0.0,1.0,0.136311189331382,1,7.3361549033875
Balaklava,1040,1.0,0.0,0.12503733156713234,2,0.0
Balaklava,1040,2.0,0.0,0.3771276238168235,5,0.0
Balaklava,1040,3.0,0.0,0.36152385528466213,5,0.0
Balaklava,1050,0.0,39.0,21.970553516702697,170,1.7751032066784749
Balaklava,1050,1.0,33.0,32.88577762427875,266,1.0034733062123768
Balaklava,1050,2.0,61.0,65.46469041982854,692,0.9318000224060292
Balaklava,1050,3.0,35.0,44.494415035193796,596,0.786615577984698
Balaklava,1050,4.0,2.0,4.9566561309991615,86,0.4034978314295207
Balaklava,1050,5.0,0.0,0.18917077184329334,3,0.0
Balaklava,1140,0.0,1.0,0.4099828274672296,1,2.4391265511722713
Balaklava,1140,1.0,0.0,0.014786265908654183,1,0.0
Balaklava,1140,2.0,0.0,0.48420556398575343,3,0.0
Balaklava,1140,3.0,0.0,0.09102534263836277,4,0.0
Balaklava,1200,0.0,20.0,12.933337364762155,99,1.5463912705541492
Balaklava,1200,1.0,11.0,9.900757321560961,93,1.1110261208044367
Balaklava,1200,2.0,30.0,33.5369588887858,306,0.8945354914106867
Balaklava,1200,3.0,33.0,32.41266623036238,408,1.0181205015799482
Balaklava,1200,4.0,5.0,9.917016488886654,177,0.504183894985268
Balaklava,1200,5.0,0.0,0.16269997261608246,15,0.0
Balaklava,1300,0.0,9.0,5.574187754090505,46,1.6145850116719753
Balaklava,1300,1.0,10.0,3.633761256255604,35,2.7519694594092465
Balaklava,1300,2.0,5.0,11.95667382492651,131,0.41817649901733706
Balaklava,1300,3.0,14.0,16.231101123982366,205,0.8625416041129959
Balaklava,1300,4.0,7.0,7.8511920097426025,132,0.8915843595868815
Balaklava,1300,5.0,1.0,0.753084031002414,15,1.3278730644028152
Balaklava,1400,0.0,35.0,16.651593746987363,129,2.1019009070127157
Balaklava,1400,1.0,11.0,13.952349700114084,117,0.7883976703873797
Balaklava,1400,2.0,43.0,40.10945039597461,373,1.0720665472971798
Balaklava,1400,3.0,32.0,41.47918461434451,558,0.7714712884913756
Balaklava,1400,4.0,6.0,14.560311459208682,288,0.4120790971270944
Balaklava,1400,5.0,2.0,2.247110083370746,48,0.8900320526353244
Balaklava,1600,0.0,20.0,10.29585378910366,99,1.9425295278732941
Balaklava,1600,1.0,8.0,7.308891851111453,76,1.0945571726832228
Balaklava,1600,2.0,26.0,24.694741541998376,246,1.052855724599578
Balaklava,1600,3.0,30.0,35.6144048828864,415,0.8423557854932947
Balaklava,1600,4.0,12.0,18.36032995784812,265,0.6535830253350432
Balaklava,1600,5.0,3.0,2.725777977051994,59,1.10060321319515
Balaklava,1609,0.0,0.0,0.2776151149008629,3,0.0
Balaklava,1609,1.0,0.0,0.45048474708858244,4,0.0
Balaklava,1609,2.0,2.0,1.1356698937291707,7,1.7610751249490733
Balaklava,1609,3.0,1.0,0.5410214132401928,13,1.848355675999904
Balaklava,1609,4.0,0.0,0.5952088310411913,8,0.0
Balaklava,1612,0.0,1.0,0.33728143952108486,2,2.9648829814647595
Balaklava,1612,1.0,0.0,0.2679936555797866,2,0.0
Balaklava,1612,2.0,1.0,0.8693304455963522,9,1.1503105695487401
Balaklava,1612,3.0,0.0,0.31168131700219426,8,0.0
Balaklava,1612,4.0,0.0,0.21371314230058205,2,0.0
Balaklava,2200,0.0,8.0,4.695036682564056,52,1.7039270491132852
Balaklava,2200,1.0,5.0,3.7383622981473437,42,1.3374840642058419
Balaklava,2200,2.0,12.0,12.898652717844874,122,0.9303297222196225
Balaklava,2200,3.0,21.0,21.019776478379963,196,0.9990591489685771
Balaklava,2200,4.0,6.0,7.747265646769744,108,0.7744667955850625
Balaklava,2200,5.0,0.0,1.9009061762940203,24,0.0
Balaklava,2210,0.0,1.0,0.13765424086753697,1,7.26457821929575
Balaklava,2210,2.0,0.0,0.30413409752070175,4,0.0
Balaklava,2210,3.0,0.0,0.5096278118938071,6,0.0
Balaklava,2210,4.0,0.0,0.04858384971795423,1,0.0
Balaklava,2212,0.0,0.0,0.3236409354182932,4,0.0
Balaklava,2212,1.0,0.0,0.6145121144786976,4,0.0
Balaklava,2212,2.0,1.0,0.6874677587746633,7,1.4546136705849182
Balaklava,2212,3.0,2.0,1.1365443152117964,13,1.7597202090859938
Balaklava,2212,4.0,1.0,0.9433505890869237,11,1.0600512805826598
Balaklava,2212,5.0,0.0,0.2944842870296258,5,0.0
Ballarat,1000,0.0,12.0,8.846951304310142,75,1.3563994631861176
Ballarat,1000,1.0,11.0,12.880934674692499,107,0.8539752958775562
Ballarat,1000,2.0,34.0,34.488438148244384,313,0.9858376263330658
Ballarat,1000,3.0,15.0,17.071985044349617,220,0.8786324473125409
Ballarat,1000,4.0,3.0,1.6798242244960493,29,1.7859011414721122
Ballarat,1000,5.0,0.0,0.03186660390731093,1,0.0
Ballarat,1100,0.0,20.0,11.829526924061648,75,1.6906846848895825
Ballarat,1100,1.0,11.0,10.21118011080921,83,1.0772506096876866
Ballarat,1100,2.0,26.0,31.0511971614243,286,0.837326814320076
Ballarat,1100,3.0,17.0,20.122797173665997,264,0.8448129677641092
Ballarat,1100,4.0,1.0,1.7852986300388456,30,0.5601303799679953
Ballarat,1200,0.0,26.0,23.066982897490192,167,1.1271521774453188
Ballarat,1200,1.0,20.0,22.357881298986864,192,0.8945391440514665
Ballarat,1200,2.0,73.0,67.73876797738956,609,1.0776694377489502
Ballarat,1200,3.0,43.0,47.32209430584914,606,0.9086664618451825
Ballarat,1200,4.0,5.0,6.244680890214593,92,0.8006814259852723
Ballarat,1200,5.0,0.0,0.22319481030633553,3,0.0
Ballarat,1400,0.0,21.0,16.974247446003137,153,1.2371682495382021
Ballarat,1400,1.0,19.0,16.091721347805496,150,1.180731358027842
Ballarat,1400,2.0,48.0,45.17410963776851,393,1.0625555298132288
Ballarat,1400,3.0,51.0,55.15640627464518,591,0.92464327255208
Ballarat,1400,4.0,12.0,17.734554988596788,263,0.6766451150150612
Ballarat,1400,5.0,2.0,1.8648918139692678,24,1.0724482701992055
Ballarat,1500,0.0,2.0,2.1755376394684394,25,0.9193129843934442
Ballarat,1500,1.0,4.0,2.4700304960028028,17,1.6194132041985367
Ballarat,1500,2.0,5.0,7.030161911797341,55,0.7112211728167286
Ballarat,1500,3.0,11.0,8.373457589364127,91,1.3136747732468457
Ballarat,1500,4.0,3.0,4.437262202318606,58,0.6760925686186423
Ballarat,1500,5.0,0.0,0.5135501610486845,9,0.0
Ballarat,1600,0.0,18.0,14.54221434994581,118,1.2377757311813433
Ballarat,1600,1.0,17.0,11.735904701653823,105,1.4485461864396667
Ballarat,1600,2.0,37.0,32.00794230440412,290,1.1559630934135057
Ballarat,1600,3.0,33.0,40.578139739004364,467,0.8132457577467472
Ballarat,1600,4.0,13.0,17.11529782619353,235,0.7595544133684071
Ballarat,1600,5.0,0.0,2.020501078798352,36,0.0
Ballarat,2000,0.0,5.0,7.877670498900142,84,0.6347053993560768
Ballarat,2000,1.0,7.0,8.207683496901582,71,0.8528593972516746
Ballarat,2000,2.0,17.0,18.81221154964289,188,0.9036683409145859
Ballarat,2000,3.0,36.0,32.25002777681591,350,1.116278108320883
Ballarat,2000,4.0,18.0,15.642535709256464,226,1.1507085765735863
Ballarat,2000,5.0,1.0,1.1963559006449227,27,0.8358716661663368
Ballarat,2016,0.0,0.0,0.1347292193842146,2,0.0
Ballarat,2016,1.0,0.0,0.22838784939252482,1,0.0
Ballarat,2016,2.0,1.0,0.5984040726640695,5,1.6711116211960968
Ballarat,2016,3.0,1.0,0.796167907348218,9,1.256016464329342
Ballarat,2016,4.0,0.0,0.24231095121097315,6,0.0
Ballarat,2024,0.0,0.0,0.10370788366468409,1,0.0
Ballarat,2024,1.0,0.0,0.04609239273985959,1,0.0
Ballarat,2024,2.0,0.0,0.11487642498241932,2,0.0
Ballarat,2024,3.0,1.0,0.575772708359677,6,1.7367964571452288
Ballarat,2024,4.0,0.0,0.15955059025336016,2,0.0
Ballarat,2036,0.0,0.0,0.13675282101519198,1,0.0
Ballarat,2036,1.0,0.0,0.045584273671730666,1,0.0
Ballarat,2036,2.0,0.0,0.07471373635951953,2,0.0
Ballarat,2036,3.0,1.0,0.722936561000115,6,1.3832472362673063
Ballarat,2036,4.0,0.0,0.020012607953442733,1,0.0
Ballarat,2042,0.0,0.0,0.038748794203311024,1,0.0
Ballarat,2042,1.0,0.0,0.04068623391347658,1,0.0
Ballarat,2042,2.0,0.0,0.25644656527282206,2,0.0
Ballarat,2042,3.0,1.0,0.40598168472105417,4,2.463165304334085
Ballarat,2042,4.0,0.0,0.2581367218893361,3,0.0
Ballarat,2600,0.0,2.0,1.883559435010128,20,1.0618194269984615
Ballarat,2600,1.0,4.0,1.820805267256668,17,2.1968302003138613
Ballarat,2600,2.0,5.0,5.63698614143306,51,0.8869988100997668
Ballarat,2600,3.0,7.0,7.435314299413924,83,0.9414531407975266
Ballarat,2600,4.0,2.0,3.2233348568862206,39,0.6204754047589159
Ballarat Synthetic,1000,0.0,27.0,17.380611917612494,117,1.5534550870812425
Ballarat Synthetic,1000,1.0,30.0,27.65486074167661,203,1.0848002555583005
Ballarat Synthetic,1000,2.0,51.0,47.597123904504656,451,1.0714933133842839
Ballarat Synthetic,1000,3.0,8.0,22.321092537440737,328,0.3584053955504659
Ballarat Synthetic,1000,4.0,1.0,1.9254772061616603,25,0.5193517725371823
Ballarat Synthetic,1000,5.0,0.0,0.032173756308579674,1,0.0
Ballarat Synthetic,1100,0.0,21.0,11.976930943435056,60,1.7533707173548312
Ballarat Synthetic,1100,1.0,11.0,9.01523474240566,78,1.2201568028238294
Ballarat Synthetic,1100,2.0,22.0,22.590140590530336,211,0.9738761877923983
Ballarat Synthetic,1100,3.0,6.0,14.48872365755129,192,0.41411515201843857
Ballarat Synthetic,1100,4.0,0.0,1.8575251660964265,44,0.0
Ballarat Synthetic,1100,5.0,0.0,0.020763331531837508,2,0.0
Ballarat Synthetic,1200,0.0,30.0,24.156417375345473,192,1.241906013373432
Ballarat Synthetic,1200,1.0,28.0,26.069046163690395,195,1.0740707513495098
Ballarat Synthetic,1200,2.0,75.0,65.96267027030446,567,1.1370067296042141
Ballarat Synthetic,1200,3.0,50.0,60.72655348210809,731,0.8233630452077532
Ballarat Synthetic,1200,4.0,9.0,14.916634059560842,247,0.6033532742080935
Ballarat Synthetic,1200,5.0,0.0,0.16867864899074964,4,0.0
Ballarat Synthetic,1400,0.0,20.0,16.870850646135892,128,1.1854766792438418
Ballarat Synthetic,1400,1.0,14.0,12.192145798653744,107,1.1482802314868872
Ballarat Synthetic,1400,2.0,49.0,42.028195920186924,360,1.1658839721089334
Ballarat Synthetic,1400,3.0,36.0,43.37506313912025,508,0.8299699734046351
Ballarat Synthetic,1400,4.0,9.0,12.792026894462138,182,0.7035632487527239
Ballarat Synthetic,1400,5.0,0.0,0.69251202434119,15,0.0
Ballarat Synthetic,1500,0.0,29.0,18.443826128505165,142,1.5723418664839903
Ballarat Synthetic,1500,1.0,12.0,13.696619611496823,118,0.8761285879566447
Ballarat Synthetic,1500,2.0,44.0,42.824460314478806,376,1.0274501926443134
Ballarat Synthetic,1500,3.0,47.0,49.86861676696,547,0.9424765122248071
Ballarat Synthetic,1500,4.0,10.0,14.923449274630986,250,0.6700863731951989
Ballarat Synthetic,1500,5.0,0.0,2.2430279039282226,36,0.0
Ballarat Synthetic,2100,0.0,8.0,7.049053474800368,65,1.1349041440243244
Ballarat Synthetic,2100,1.0,3.0,6.268333854471015,53,0.47859607826411316
Ballarat Synthetic,2100,2.0,21.0,19.192332973383955,175,1.0941869354352558
Ballarat Synthetic,2100,3.0,28.0,24.01995156857817,251,1.1656976043460618
Ballarat Synthetic,2100,4.0,4.0,7.4438851198403215,110,0.5373538059230291
Ballarat Synthetic,2100,5.0,1.0,1.0264430089261738,14,0.9742382103085904
Ballarat Synthetic,2200,0.0,1.0,1.4251653847337782,9,0.7016729501796036
Ballarat Synthetic,2200,1.0,0.0,0.5191629693065334,7,0.0
Ballarat Synthetic,2200,2.0,2.0,3.01588978709466,19,0.6631542069468952
Ballarat Synthetic,2200,3.0,6.0,3.2826102519015774,31,1.827813702989647
Ballarat Synthetic,2200,4.0,0.0,0.751627693471948,17,0.0
Ballarat Synthetic,2200,5.0,0.0,0.005543913491503207,1,0.0
Ballina,1000,0.0,20.0,9.827066012996315,61,2.0351954462857944
Ballina,1000,1.0,20.0,16.586530429565254,116,1.205797685352585
Ballina,1000,2.0,18.0,21.97556333229651,232,0.8190916304541872
Ballina,1000,3.0,3.0,11.323912147518287,188,0.26492611042178305
Ballina,1000,4.0,0.0,1.286928077623635,29,0.0
Ballina,1005,0.0,1.0,0.18060714564746227,1,5.53687948732637
Ballina,1005,1.0,0.0,0.10256702098497855,2,0.0
Ballina,1005,2.0,0.0,0.5245173796922332,3,0.0
Ballina,1005,3.0,0.0,0.19230845367532604,2,0.0
Ballina,1010,0.0,7.0,3.460942312364497,21,2.02257055108718
Ballina,1010,1.0,5.0,4.592134662030771,37,1.0888182442343404
Ballina,1010,2.0,5.0,7.334317321468228,59,0.6817267075920667
Ballina,1010,3.0,4.0,4.9708297842024445,66,0.8046946231617522
Ballina,1010,4.0,0.0,0.6417759199340596,13,0.0
Ballina,1012,0.0,1.0,0.08036121834998886,2,12.443813328523767
Ballina,1012,1.0,1.0,0.5613828639306601,3,1.7813155054257521
Ballina,1012,2.0,0.0,1.2383119707672154,10,0.0
Ballina,1012,3.0,0.0,0.11184324979061258,5,0.0
Ballina,1012,4.0,0.0,0.008100697161523025,1,0.0
Ballina,1015,0.0,3.0,1.5131971307687397,10,1.9825572881412545
Ballina,1015,1.0,3.0,2.2599677638695703,12,1.3274525628026344
Ballina,1015,2.0,4.0,3.507081815208377,35,1.1405493828670021
Ballina,1015,3.0,0.0,2.3717880779999856,27,0.0
Ballina,1015,4.0,0.0,0.34796521215332693,4,0.0
Ballina,1250,0.0,7.0,4.571097007674498,30,1.5313610689616894
Ballina,1250,1.0,4.0,3.173585720855936,23,1.2604039568596166
Ballina,1250,2.0,6.0,7.423253252950977,70,0.8082709555429503
Ballina,1250,3.0,9.0,9.44160515560745,110,0.9532277458833177
Ballina,1250,4.0,4.0,5.213132194010118,71,0.7672930305884041
Ballina,1250,5.0,0.0,0.17732666890102017,10,0.0
Ballina,1255,0.0,0.0,0.5335370289151313,2,0.0
Ballina,1255,1.0,0.0,0.16514262141260597,1,0.0
Ballina,1255,2.0,1.0,0.27405674767733385,4,3.648879323261071
Ballina,1255,3.0,0.0,0.7029073690859298,6,0.0
Ballina,1255,4.0,1.0,0.23397786667308246,4,4.27390852912261
Ballina,1255,5.0,0.0,0.09037836623591668,1,0.0
Ballina,1260,0.0,2.0,1.9360022401088524,17,1.0330566559094216
Ballina,1260,1.0,1.0,1.7945235273133535,14,0.5572509832162169
Ballina,1260,2.0,8.0,4.763973470955818,35,1.6792704763729347
Ballina,1260,3.0,4.0,5.002438758311971,51,0.7996099888986477
Ballina,1260,4.0,2.0,3.332290833291148,44,0.6001877087134959
Ballina,1260,5.0,0.0,0.17077117001885703,5,0.0
Ballina,1262,0.0,0.0,0.20576032098374963,2,0.0
Ballina,1262,2.0,1.0,0.43453126116928364,6,2.301330397516377
Ballina,1262,3.0,1.0,1.193337191949898,8,0.83798611720633
Ballina,1262,4.0,0.0,0.16637122589706876,4,0.0
Ballina,1265,0.0,1.0,0.25469085052064305,5,3.926328715600832
Ballina,1265,1.0,2.0,0.9866762924238177,6,2.0270072518788345
Ballina,1265,2.0,1.0,2.025159292497974,13,0.4937883176421789
Ballina,1265,3.0,1.0,1.2651157740923968,17,0.7904414919791883
Ballina,1265,4.0,0.0,0.4683577904651684,7,0.0
Ballina,1300,0.0,8.0,3.9771974860266237,27,2.0114666239498993
Ballina,1300,1.0,3.0,3.4235771810312703,18,0.8762764329140441
Ballina,1300,2.0,9.0,9.602506949409632,74,0.937255244637269
Ballina,1300,3.0,5.0,7.360442214361628,105,0.6793070109624725
Ballina,1300,4.0,2.0,2.334189889461038,48,0.8568283193368633
Ballina,1300,5.0,0.0,0.3020862797098075,9,0.0
Ballina,1310,0.0,4.0,1.9626413788335149,14,2.0380697376192987
Ballina,1310,1.0,0.0,1.5762425464896535,14,0.0
Ballina,1310,2.0,3.0,3.000256972448432,31,0.9999143498537654
Ballina,1310,3.0,7.0,4.760314960245196,49,1.4704909356752816
Ballina,1310,4.0,0.0,2.3672480402409444,37,0.0
Ballina,1310,5.0,0.0,0.3332961017422599,7,0.0
Ballina,1312,0.0,0.0,0.08073681439923548,1,0.0
Ballina,1312,2.0,1.0,0.12421048369113151,1,8.050850220394068
Ballina,1312,3.0,0.0,0.06728067866602956,1,0.0
Ballina,1312,4.0,0.0,0.2935884159972199,3,0.0
Ballina,1312,5.0,0.0,0.4341836072463835,7,0.0
Ballina,1315,0.0,0.0,0.10223036182615776,1,0.0
Ballina,1315,1.0,0.0,0.06815357455077183,1,0.0
Ballina,1315,2.0,0.0,0.42773342811630605,3,0.0
Ballina,1315,3.0,1.0,0.4018826355067644,4,2.488288648597678
Ballina,1400,0.0,8.0,3.186846805053393,23,2.510318345806386
Ballina,1400,1.0,1.0,2.7228616235211525,19,0.36726067581312455
Ballina,1400,2.0,6.0,5.817875350237051,55,1.0313043231074945
Ballina,1400,3.0,7.0,8.388048250878985,84,0.8345207121652488
Ballina,1400,4.0,1.0,2.7447018449255256,56,0.3643382984745048
Ballina,1400,5.0,0.0,0.1396661253838939,4,0.0
Ballina,1410,0.0,2.0,0.8751890113374006,7,2.2852206484445508
Ballina,1410,1.0,1.0,0.9911164719224421,6,1.0089631524944054
Ballina,1410,2.0,3.0,1.4685222280206793,16,2.0428699973057234
Ballina,1410,3.0,1.0,2.887163116515521,30,0.3463607560929522
Ballina,1410,4.0,0.0,0.7644609108967527,14,0.0
Ballina,1410,5.0,0.0,0.013548261307204282,1,0.0
Ballina,1412,0.0,0.0,0.10436825550067935,2,0.0
Ballina,1412,1.0,2.0,0.565341699941813,2,3.537683493373737
Ballina,1412,2.0,0.0,0.5115720513277671,5,0.0
Ballina,1412,3.0,0.0,0.41514272534227414,7,0.0
Ballina,1412,4.0,0.0,0.40357526788746634,6,0.0
Ballina,1415,0.0,1.0,0.9071151353497096,6,1.1023958933443234
Ballina,1415,1.0,0.0,0.497172767139637,6,0.0
Ballina,1415,2.0,1.0,2.0755424759670795,14,0.48180175138745807
Ballina,1415,3.0,3.0,2.280743122262621,19,1.3153607570780865
Ballina,1415,4.0,1.0,0.2394264992809523,4,4.176647125540441
Ballina,1590,0.0,13.0,5.223627602204489,40,2.4886919570058375
Ballina,1590,1.0,2.0,3.822785181408433,33,0.5231787571341212
Ballina,1590,2.0,10.0,11.275053454197357,93,0.8869137552760166
Ballina,1590,3.0,7.0,11.960844606401373,138,0.5852429515097656
Ballina,1590,4.0,6.0,6.293154325598362,103,0.9534169495246744
Ballina,1590,5.0,2.0,1.3928787346710942,24,1.4358751772258678
Ballina,1595,0.0,0.0,0.058062916316153186,1,0.0
Ballina,1595,1.0,0.0,0.33178809323516106,1,0.0
Ballina,1595,2.0,0.0,0.14709272133425477,3,0.0
Ballina,1595,3.0,1.0,0.463056269114431,5,2.159564758538835
Ballina,1600,0.0,3.0,2.3235423794889196,14,1.2911320346392272
Ballina,1600,1.0,2.0,1.4337095137308,10,1.3949827219850124
Ballina,1600,2.0,5.0,3.1865290440121603,30,1.5691054218995906
Ballina,1600,3.0,3.0,4.149603950019649,48,0.7229605610881961
Ballina,1600,4.0,1.0,2.6463673350115364,39,0.3778764900737564
Ballina,1600,5.0,0.0,0.2602477777369354,5,0.0
Ballina,1605,0.0,0.0,0.19328523713624185,4,0.0
Ballina,1605,1.0,1.0,0.7407393753134403,5,1.3500024884958421
Ballina,1605,2.0,3.0,1.7966377704029588,9,1.669785668219112
Ballina,1605,3.0,0.0,1.2693376171473594,14,0.0
Ballina,1900,0.0,4.0,1.8968223990675217,15,2.1087899436269844
Ballina,1900,1.0,1.0,1.1508396332444737,12,0.8689307972308677
Ballina,1900,2.0,1.0,3.1569763998735203,27,0.3167587822449555
Ballina,1900,3.0,4.0,4.553869196879327,53,0.8783739336960135
Ballina,1900,4.0,4.0,3.129405670629772,36,1.2781979778272168
Ballina,1900,5.0,1.0,1.1120867003053854,13,0.899210465987404
Ballina,1910,0.0,2.0,0.7689235597671331,7,2.601038782848188
Ballina,1910,1.0,2.0,0.9029000447881457,4,2.2150846171120473
Ballina,1910,2.0,1.0,1.8421607337348749,16,0.5428407965099535
Ballina,1910,3.0,2.0,2.9379401674326786,32,0.6807490575098069
Ballina,1910,4.0,0.0,0.5480754942771675,10,0.0
Ballina,1912,0.0,0.0,0.1253630047753805,1,0.0
Ballina,1912,1.0,0.0,0.2308768671279924,2,0.0
Ballina,1912,2.0,0.0,0.2512215154984898,2,0.0
Ballina,1912,3.0,0.0,0.10050449623832686,3,0.0
Ballina,1912,4.0,1.0,0.29203411635981036,3,3.424257454796537
Ballina,1915,0.0,0.0,0.229966591409017,2,0.0
Ballina,1915,1.0,0.0,0.00812215457413768,1,0.0
Ballina,1915,2.0,2.0,0.6579078475871418,3,3.039939419076612
Ballina,1915,3.0,0.0,0.7301923273837378,8,0.0
Ballina,1915,4.0,0.0,0.3738110790459658,5,0.0
Ballina,1920,0.0,0.0,0.16809403722134625,2,0.0
Ballina,1920,1.0,0.0,0.1849086332628675,1,0.0
Ballina,1920,2.0,1.0,0.6257287954613795,6,1.5981364566459701
Ballina,1920,3.0,1.0,0.4070141010935294,3,2.4569173336090535
Ballina,1920,4.0,0.0,0.6142544329608775,8,0.0
Ballina,2650,0.0,0.0,0.1179567786247567,1,0.0
Ballina,2650,2.0,1.0,0.51083873523712,4,1.9575649437308669
Ballina,2650,3.0,0.0,0.325332405561829,2,0.0
Ballina,2650,4.0,0.0,0.04587208057629427,1,0.0
Ballina,2670,0.0,0.0,0.12627576621073325,1,0.0
Ballina,2670,1.0,0.0,0.0390853562080841,1,0.0
Ballina,2670,2.0,0.0,0.43234256318942227,3,0.0
Ballina,2670,3.0,1.0,0.4022963143917604,3,2.4857299563181914
Barcaldine,1000,0.0,3.0,1.7606894912121067,15,1.703877949504156
Barcaldine,1000,1.0,1.0,3.0020983044663954,29,0.333100351348336
Barcaldine,1000,2.0,10.0,6.527159555893706,63,1.53205998939776
Barcaldine,1000,3.0,1.0,2.586377080709746,37,0.38664122391835565
Barcaldine,1000,4.0,0.0,1.102987108370362,5,0.0
Barcaldine,1000,5.0,0.0,0.020688459347683506,1,0.0
Barcaldine,1100,0.0,0.0,0.16216385008765616,1,0.0
Barcaldine,1100,1.0,0.0,0.1029611746588293,2,0.0
Barcaldine,1100,2.0,1.0,0.6554005314738105,3,1.525784542394683
Barcaldine,1100,3.0,0.0,0.014279765563355211,2,0.0
Barcaldine,1100,4.0,0.0,0.06519467821634889,3,0.0
Barcaldine,1200,0.0,4.0,1.9178342540879385,16,2.0856859718058764
Barcaldine,1200,1.0,0.0,2.1292339963123474,18,0.0
Barcaldine,1200,2.0,3.0,4.9931649651267085,50,0.6008213269444566
Barcaldine,1200,3.0,7.0,4.347838417427,47,1.609995434039731
Barcaldine,1200,4.0,2.0,2.2162355704442938,33,0.9024311434542382
Barcaldine,1200,5.0,0.0,0.39569279660171214,3,0.0
Barcaldine,1300,0.0,1.0,1.4378323640342987,12,0.6954913695183352
Barcaldine,1300,1.0,0.0,1.1618572074261895,16,0.0
Barcaldine,1300,2.0,7.0,4.334377019015849,32,1.614995642808525
Barcaldine,1300,3.0,3.0,3.715816206658934,41,0.8073596306038617
Barcaldine,1300,4.0,1.0,1.350117202864728,20,0.7406764374812524
Barcaldine,1600,0.0,0.0,0.5200904756673955,8,0.0
Barcaldine,1600,1.0,0.0,0.511870934174875,5,0.0
Barcaldine,1600,2.0,1.0,1.9417148134797892,21,0.5150086887414111
Barcaldine,1600,3.0,4.0,3.228217574410921,36,1.2390738566405062
Barcaldine,1600,4.0,3.0,1.7981062022670193,20,1.6684220299210664
Bathurst,1100,0.0,18.0,11.578682876068186,70,1.554580965094393
Bathurst,1100,1.0,13.0,9.645806148916611,76,1.347735979688968
Bathurst,1100,2.0,29.0,26.025343943760678,204,1.1142984339675737
Bathurst,1100,3.0,7.0,18.551731745225666,237,0.37732326534968724
Bathurst,1100,4.0,3.0,4.159964894319967,60,0.7211599319254381
Bathurst,1100,5.0,0.0,0.03847039170889164,2,0.0
Bathurst,1106,0.0,0.0,0.11009319172103074,1,0.0
Bathurst,1106,1.0,1.0,0.45872163217096146,1,2.1799713156481553
Bathurst,1106,2.0,0.0,0.23612092434905277,3,0.0
Bathurst,1106,3.0,0.0,0.19506425175895498,5,0.0
Bathurst,1108,0.0,6.0,2.8706519970018785,9,2.090117508589138
Bathurst,1108,1.0,1.0,0.7482747774530738,10,1.3364074670587336
Bathurst,1108,2.0,1.0,2.863821190739323,23,0.34918381190616177
Bathurst,1108,3.0,1.0,1.9400281969603377,32,0.5154564256162943
Bathurst,1108,4.0,0.0,0.5772238378453868,10,0.0
Bathurst,1200,0.0,18.0,11.35566092775925,58,1.5851124927478653
Bathurst,1200,1.0,5.0,8.04960807213617,56,0.6211482540755704
Bathurst,1200,2.0,26.0,19.49023719889818,162,1.3340012096656182
Bathurst,1200,3.0,7.0,15.252155154554936,197,0.45895153367289904
Bathurst,1200,4.0,2.0,3.7912157452423556,69,0.5275352642512696
Bathurst,1200,5.0,0.0,0.06112290140911113,5,0.0
Bathurst,1206,0.0,0.0,0.2877649782137199,2,0.0
Bathurst,1206,1.0,0.0,0.314518828385041,2,0.0
Bathurst,1206,2.0,1.0,0.48298884655449087,5,2.0704411854098166
Bathurst,1206,3.0,1.0,0.8311655344268492,7,1.2031297720851417
Bathurst,1206,4.0,0.0,0.07321945869347662,1,0.0
Bathurst,1208,0.0,0.0,0.33788471650499735,3,0.0
Bathurst,1208,1.0,0.0,0.24752534646319901,1,0.0
Bathurst,1208,2.0,2.0,1.1060634964196303,8,1.8082144528538155
Bathurst,1208,3.0,0.0,0.9998425995101504,10,0.0
Bathurst,1208,4.0,1.0,0.3086838411020229,5,3.239560569254063
Bathurst,1300,0.0,7.0,5.089860623532303,35,1.3752832381374882
Bathurst,1300,1.0,4.0,3.8414781894600525,33,1.0412658364102878
Bathurst,1300,2.0,10.0,10.523320271411821,89,0.9502704224603428
Bathurst,1300,3.0,10.0,12.197314398321659,133,0.8198526063553787
Bathurst,1300,4.0,4.0,3.1070141107188185,65,1.2874096664706123
Bathurst,1300,5.0,0.0,0.24101240655534784,9,0.0
Bathurst,1308,0.0,2.0,0.9024035040288044,5,2.2163034508077004
Bathurst,1308,1.0,0.0,0.7484652747451451,5,0.0
Bathurst,1308,2.0,1.0,1.8087696291387665,16,0.5528620029274504
Bathurst,1308,3.0,2.0,0.9044496883773268,13,2.2112893903343593
Bathurst,1308,4.0,0.0,0.6359119037099574,8,0.0
Bathurst,1400,0.0,14.0,7.870686487344163,66,1.7787520850324297
Bathurst,1400,1.0,9.0,6.700947641649714,49,1.343093616201466
Bathurst,1400,2.0,17.0,18.15928764464226,154,0.9361600704097941
Bathurst,1400,3.0,13.0,19.799369750254883,212,0.6565865562378644
Bathurst,1400,4.0,12.0,12.148770503633795,145,0.9877542749211291
Bathurst,1400,5.0,1.0,1.3209379724751853,26,0.7570378177002446
Bathurst,1406,0.0,0.0,0.09528536434477237,2,0.0
Bathurst,1406,1.0,1.0,0.44499171170024043,2,2.247232866830629
Bathurst,1406,2.0,1.0,0.6089878640389036,5,1.6420688474279967
Bathurst,1406,3.0,0.0,0.7578553636021799,7,0.0
Bathurst,1406,4.0,0.0,0.09287969631390357,1,0.0
Bathurst,1408,0.0,2.0,0.8438569957689646,8,2.3700698222896173
Bathurst,1408,1.0,0.0,0.4038269697375756,3,0.0
Bathurst,1408,2.0,3.0,3.1920029003883963,22,0.9398487700731619
Bathurst,1408,3.0,2.0,2.738952967119447,29,0.730206040048726
Bathurst,1408,4.0,1.0,0.6966650914234231,12,1.4354099441911239
Bathurst,1408,5.0,0.0,0.12469507556219378,2,0.0
Bathurst,1800,0.0,6.0,4.010379960190114,28,1.4961175897446803
Bathurst,1800,1.0,2.0,2.7789288549931133,18,0.7197017643709905
Bathurst,1800,2.0,5.0,5.920854548346,59,0.8444726954822354
Bathurst,1800,3.0,11.0,9.791378123826503,95,1.1234373610015547
Bathurst,1800,4.0,4.0,5.4147815630748255,56,0.7387186266713535
Bathurst,1800,5.0,0.0,0.08367694956944431,3,0.0
Bathurst,1808,0.0,0.0,0.4289929935492192,2,0.0
Bathurst,1808,1.0,0.0,0.12070299368024917,2,0.0
Bathurst,1808,2.0,1.0,0.8489029587061048,5,1.1779909467204555
Bathurst,1808,3.0,1.0,0.5398314315657831,6,1.8524301134142862
Bathurst,1808,4.0,0.0,0.06156962249864386,3,0.0
Bathurst,2000,0.0,1.0,2.779515000315289,20,0.35977499667624274
Bathurst,2000,1.0,3.0,1.371951625109025,14,2.186666020211608
Bathurst,2000,2.0,1.0,4.358994605931329,41,0.22941069911839065
Bathurst,2000,3.0,11.0,8.143164739422142,68,1.3508261655014222
Bathurst,2000,4.0,4.0,3.210941469890765,38,1.245740552267394
Bathurst,2000,5.0,0.0,0.13543255933145118,2,0.0
Bathurst,2006,0.0,0.0,0.044754692154249785,1,0.0
Bathurst,2006,1.0,0.0,0.004007882879485056,1,0.0
Bathurst,2006,2.0,0.0,0.10915778574207265,2,0.0
Bathurst,2006,3.0,0.0,0.20985813631992759,3,0.0
Bathurst,2006,4.0,1.0,0.6322215029042649,5,1.5817241194838425
Bathurst,2008,0.0,1.0,0.3655598025917746,3,2.7355305285486025
Bathurst,2008,1.0,0.0,0.181950868784966,2,0.0
Bathurst,2008,2.0,0.0,1.1519785890731622,9,0.0
Bathurst,2008,3.0,2.0,1.0877873939311304,13,1.8385945738645169
Bathurst,2008,4.0,0.0,0.2127233456189667,5,0.0
Beaudesert,1050,0.0,1.0,0.33690144905041186,1,2.968227067050597
Beaudesert,1050,1.0,0.0,0.2308280763218289,3,0.0
Beaudesert,1050,2.0,0.0,0.1161014224419881,2,0.0
Beaudesert,1050,3.0,0.0,0.3072837392437823,3,0.0
Beaudesert,1050,4.0,0.0,0.008885312941988886,1,0.0
Beaudesert,1100,0.0,27.0,9.942387234263837,80,2.715645585292792
Beaudesert,1100,1.0,16.0,13.505697944068617,106,1.1846851651992425
Beaudesert,1100,2.0,26.0,31.684591116955577,272,0.8205881497421772
Beaudesert,1100,3.0,11.0,21.041529581874446,261,0.5227756830699037
Beaudesert,1100,4.0,0.0,3.6653242917178965,76,0.0
Beaudesert,1100,5.0,0.0,0.15013159473124094,3,0.0
Beaudesert,1200,0.0,12.0,9.116441290746904,59,1.3163031074614475
Beaudesert,1200,1.0,10.0,8.641126645010226,62,1.1572565026314534
Beaudesert,1200,2.0,21.0,21.798340219613213,181,0.9633761005851766
Beaudesert,1200,3.0,16.0,15.731751699697648,189,1.0170513942390476
Beaudesert,1200,4.0,0.0,3.491669522864319,70,0.0
Beaudesert,1200,5.0,0.0,0.22067062206769095,5,0.0
Beaudesert,1300,0.0,2.0,0.9983505121762968,9,2.0033044262582838
Beaudesert,1300,1.0,1.0,1.356857485247144,11,0.73699707660739
Beaudesert,1300,2.0,3.0,2.6048106192482554,28,1.1517152064075182
Beaudesert,1300,3.0,3.0,3.35864057293061,35,0.8932185313840608
Beaudesert,1300,4.0,0.0,0.6813408103976938,13,0.0
Beaudesert,1400,0.0,23.0,11.16596271599108,93,2.0598313450448003
Beaudesert,1400,1.0,14.0,11.301017209393587,86,1.2388265357531687
Beaudesert,1400,2.0,29.0,26.527241990391754,245,1.0932157971983625
Beaudesert,1400,3.0,23.0,29.469450428891676,335,0.7804692542705491
Beaudesert,1400,4.0,4.0,12.663083370568192,230,0.31587883321505134
Beaudesert,1400,5.0,0.0,1.3645323276256656,34,0.0
Beaudesert,1650,0.0,10.0,7.607545693817377,65,1.3144843820165235
Beaudesert,1650,1.0,9.0,6.787701591095843,49,1.325927470324604
Beaudesert,1650,2.0,21.0,19.273240168279457,156,1.0895936446930445
Beaudesert,1650,3.0,19.0,20.676276030986337,223,0.918927565656688
Beaudesert,1650,4.0,5.0,10.098988474767959,136,0.49509908962589283
Beaudesert,1650,5.0,1.0,0.45637050402612306,13,2.1912020850996083
Beaudesert,2450,0.0,2.0,2.7943378957050653,23,0.715733055431137
Beaudesert,2450,1.0,3.0,2.778383790601208,19,1.0797644336065022
Beaudesert,2450,2.0,7.0,7.251050888757707,61,0.9653773097707885
Beaudesert,2450,3.0,10.0,6.006901344853188,76,1.664751828922272
Beaudesert,2450,4.0,0.0,2.853352159822741,29,0.0
Beaudesert,2450,5.0,0.0,0.22474983480807292,5,0.0
Beaudesert,3090,0.0,0.0,0.17404709926149328,1,0.0
Beaudesert,3090,2.0,1.0,0.41174570911004693,4,2.428683475928418
Beaudesert,3090,3.0,0.0,0.276665355750531,3,0.0
Beaudesert,3090,4.0,0.0,0.1375418358779288,2,0.0
Beaumont,1150,0.0,8.0,8.337673903180836,50,0.9595002266696935
Beaumont,1150,1.0,10.0,6.672711754871341,52,1.4986410873659586
Beaumont,1150,2.0,13.0,14.664489935365868,148,0.886495204217661
Beaumont,1150,3.0,18.0,16.805358601893918,174,1.0710869328293566
Beaumont,1150,4.0,1.0,3.4993312862933617,67,0.2857688850200982
Beaumont,1150,5.0,0.0,0.02043451839467511,1,0.0
Beaumont,1200,0.0,7.0,5.567853022674313,34,1.257217094541373
Beaumont,1200,1.0,5.0,3.4754251303530186,26,1.438672914093857
Beaumont,1200,2.0,14.0,13.237705983838413,104,1.0575850541696765
Beaumont,1200,3.0,8.0,10.755918700236146,127,0.7437765404292578
Beaumont,1200,4.0,0.0,0.9630971628981115,20,0.0
Beaumont,1250,0.0,1.0,0.5724293381506499,4,1.7469405101260265
Beaumont,1250,1.0,0.0,0.39395655778825833,3,0.0
Beaumont,1250,2.0,0.0,1.1116036544328498,11,0.0
Beaumont,1250,3.0,3.0,1.626465046530923,13,1.844490913837147
Beaumont,1250,4.0,0.0,0.29554540309731914,6,0.0
Beaumont,1300,0.0,1.0,0.5741084231581313,7,1.7418312633336195
Beaumont,1300,1.0,0.0,0.5046111885191107,6,0.0
Beaumont,1300,2.0,3.0,1.5749791816027872,15,1.904787082294657
Beaumont,1300,3.0,3.0,3.5439453766390083,30,0.846514175916878
Beaumont,1300,4.0,0.0,0.7757670634733131,12,0.0
Beaumont,1300,5.0,0.0,0.026588766607649382,1,0.0
Beaumont,1350,0.0,10.0,8.163962140802653,63,1.224895440171264
Beaumont,1350,1.0,5.0,6.998816060490388,44,0.7144065448763435
Beaumont,1350,2.0,17.0,18.26839794780374,153,0.9305687367098202
Beaumont,1350,3.0,26.0,24.195300884659517,245,1.0745888271422452
Beaumont,1350,4.0,5.0,5.002825244011015,97,0.999435270297639
Beaumont,1350,5.0,0.0,0.23106556575474035,9,0.0
Beaumont,2000,0.0,0.0,0.34758417869071084,3,0.0
Beaumont,2000,1.0,0.0,0.2849688820200044,2,0.0
Beaumont,2000,2.0,1.0,0.7543195016268155,6,1.3256981926668125
Beaumont,2000,3.0,1.0,0.8282017200397855,8,1.2074353093011707
Beaumont,2000,4.0,0.0,0.15081107357952284,3,0.0
Beaumont,2000,5.0,1.0,0.6341146440431609,7,1.577001902406681
Beaumont,2010,0.0,0.0,0.08724087276131154,1,0.0
Beaumont,2010,2.0,0.0,0.6239389651425282,4,0.0
Beaumont,2010,3.0,1.0,0.2888201620961602,4,3.4623621590069553
Beaumont,2030,0.0,0.0,0.18014799800083803,1,0.0
Beaumont,2030,1.0,0.0,0.16573615816077097,1,0.0
Beaumont,2030,2.0,0.0,0.31141719238296434,4,0.0
Beaumont,2030,3.0,1.0,0.3426986514554266,3,2.918015567767899
Beaumont,2100,0.0,0.0,1.6665672973318193,12,0.0
Beaumont,2100,1.0,0.0,0.48910761336149966,6,0.0
Beaumont,2100,2.0,5.0,3.2465953707029493,29,1.540074887409639
Beaumont,2100,3.0,4.0,4.488884279523031,36,0.8910900239168167
Beaumont,2100,4.0,2.0,1.9406627948574848,22,1.030575742112309
Beaumont,2100,5.0,1.0,0.16818264422321522,3,5.945916741996165
Beaumont,2110,0.0,1.0,0.2720817224803719,1,3.6753663233374323
Beaumont,2110,1.0,0.0,0.06802043062009297,1,0.0
Beaumont,2110,2.0,0.0,0.17663010180692995,2,0.0
Beaumont,2110,3.0,0.0,0.25168569958483605,5,0.0
Beaumont,2110,4.0,0.0,0.23158204550776906,3,0.0
Beaumont,2130,0.0,0.0,0.07602498431037882,1,0.0
Beaumont,2130,1.0,0.0,0.03216441643900642,1,0.0
Beaumont,2130,2.0,1.0,0.6637101804874341,2,1.5066817255471234
Beaumont,2130,3.0,0.0,0.20770347175307904,4,0.0
Beaumont,2130,4.0,0.0,0.020396947010101637,1,0.0
Beaumont,2200,0.0,1.0,0.27536765536221874,1,3.631508568733679
Beaumont,2200,1.0,0.0,0.12709276401333175,1,0.0
Beaumont,2200,2.0,0.0,0.13029591497626936,2,0.0
Beaumont,2200,3.0,0.0,0.27055248324659525,3,0.0
Beaumont,2200,4.0,0.0,0.1966911824015848,1,0.0
Belmont Park,1000,0.0,62.0,52.962030326452286,373,1.17064998486347
Belmont Park,1000,1.0,59.0,62.10452385337834,505,0.9500113089876067
Belmont Park,1000,2.0,174.0,153.78942410422127,1413,1.1314172025384677
Belmont Park,1000,3.0,76.0,97.65702024927036,1244,0.7782338617951824
Belmont Park,1000,4.0,2.0,6.412811664437618,118,0.3118756802247978
Belmont Park,1200,0.0,91.0,69.89463595561107,570,1.3019597105819767
Belmont Park,1200,1.0,61.0,55.60940158476911,511,1.0969368175453864
Belmont Park,1200,2.0,200.0,185.3185962240492,1700,1.0792225069425903
Belmont Park,1200,3.0,178.0,201.04617459057158,2333,0.8853687485598526
Belmont Park,1200,4.0,39.0,55.72630430329024,894,0.6998490297821047
Belmont Park,1200,5.0,0.0,1.0181007846191703,28,0.0
Belmont Park,1300,0.0,31.0,22.543030397853848,206,1.375147859577534
Belmont Park,1300,1.0,18.0,19.154653361952526,181,0.9397194331772116
Belmont Park,1300,2.0,68.0,65.96321466775265,611,1.0308775935573538
Belmont Park,1300,3.0,74.0,75.90105714483563,875,0.9749534826477053
Belmont Park,1300,4.0,15.0,21.53802965716481,378,0.6964425362377622
Belmont Park,1300,5.0,0.0,0.8499768428750804,15,0.0
Belmont Park,1380,0.0,0.0,0.16477966465105945,3,0.0
Belmont Park,1380,1.0,0.0,0.8960157263503771,4,0.0
Belmont Park,1380,2.0,1.0,0.858458846646334,10,1.1648782045949115
Belmont Park,1380,3.0,2.0,1.0807457623522296,12,1.85057399220981
Belmont Park,1400,0.0,59.0,49.724342033042454,431,1.186541592863989
Belmont Park,1400,1.0,26.0,37.23531730943369,374,0.698261808377629
Belmont Park,1400,2.0,126.0,129.7581522126652,1223,0.9710372554742777
Belmont Park,1400,3.0,166.0,160.383299514058,1852,1.035020482200827
Belmont Park,1400,4.0,53.0,51.12985116990406,799,1.0365764575351775
Belmont Park,1400,5.0,1.0,2.669398378583671,42,0.37461624612605776
Belmont Park,1570,0.0,0.0,0.13915906503935807,1,0.0
Belmont Park,1570,1.0,0.0,0.008266875150852955,1,0.0
Belmont Park,1570,2.0,0.0,0.15538853416305495,2,0.0
Belmont Park,1570,3.0,1.0,0.6971855256467341,4,1.4343384410804634
Belmont Park,1600,0.0,21.0,21.82265275894162,183,0.9623028067197493
Belmont Park,1600,1.0,8.0,13.96521610961935,144,0.5728518583031119
Belmont Park,1600,2.0,71.0,50.95723350809976,500,1.3933252477043205
Belmont Park,1600,3.0,67.0,66.7806596941049,767,1.0032844884566852
Belmont Park,1600,4.0,16.0,26.79764969123136,373,0.5970672870328426
Belmont Park,1600,5.0,0.0,2.6497726276542464,42,0.0
Belmont Park,1650,0.0,12.0,12.165799292235528,114,0.9863716893355832
Belmont Park,1650,1.0,5.0,7.967495715928717,92,0.6275497569460801
Belmont Park,1650,2.0,33.0,29.22449620921195,306,1.1291896963341994
Belmont Park,1650,3.0,47.0,45.93130692526378,490,1.0232672037065071
Belmont Park,1650,4.0,17.0,17.74406693119331,236,0.9580667197616759
Belmont Park,1650,5.0,0.0,0.878202925262298,27,0.0
Belmont Park,1700,0.0,8.0,5.627987899634566,52,1.421467164227459
Belmont Park,1700,1.0,3.0,4.0367555159382205,44,0.7431710907819845
Belmont Park,1700,2.0,25.0,16.953667767832975,155,1.4746071671543384
Belmont Park,1700,3.0,10.0,18.91467447228123,207,0.528690039823558
Belmont Park,1700,4.0,5.0,5.789379667019605,62,0.8636503887426024
Belmont Park,1700,5.0,1.0,0.6775346772934041,6,1.4759392153841793
Belmont Park,2000,0.0,6.0,2.534752956633485,40,2.3670945858048666
Belmont Park,2000,1.0,3.0,2.4219418578133856,33,1.2386754827832678
Belmont Park,2000,2.0,9.0,11.556164953283332,113,0.7788050825151058
Belmont Park,2000,3.0,16.0,17.078010100059362,168,0.9368773004733371
Belmont Park,2000,4.0,6.0,5.852772760680455,69,1.0251551265254364
Belmont Park,2000,5.0,0.0,0.5563573715299804,10,0.0
Belmont Park,2100,0.0,10.0,7.615789159652154,82,1.313061560708535
Belmont Park,2100,1.0,5.0,5.911041219309785,80,0.8458746631078027
Belmont Park,2100,2.0,25.0,21.128641577419113,239,1.1832279850266538
Belmont Park,2100,3.0,30.0,31.70251812879469,372,0.94629706946691
Belmont Park,2100,4.0,12.0,15.341351666846892,207,0.7821996562357898
Belmont Park,2100,5.0,0.0,0.22630366594847567,4,0.0
Belmont Park,2200,0.0,5.0,6.603825729774225,86,0.7571368786212569
Belmont Park,2200,1.0,4.0,6.554510207422567,71,0.6102668045997173
Belmont Park,2200,2.0,32.0,23.217911532412568,236,1.3782462714326178
Belmont Park,2200,3.0,37.0,36.27050047936937,361,1.0201127503339957
Belmont Park,2200,4.0,7.0,12.433212703088335,168,0.5630081433627563
Belmont Park,2200,5.0,1.0,0.9200393479329365,15,1.086910035148727
Benalla,1106,0.0,9.0,7.815062557936277,58,1.15162225935868
Benalla,1106,1.0,14.0,9.129657424207881,71,1.5334638913041894
Benalla,1106,2.0,22.0,19.26464009692825,193,1.141988632505411
Benalla,1106,3.0,12.0,19.028439762475752,225,0.6306349942397329
Benalla,1106,4.0,1.0,2.7510990023597683,53,0.36349109906340893
Benalla,1106,5.0,0.0,0.011101156092070148,2,0.0
Benalla,1112,0.0,1.0,0.8307596660727902,10,1.2037175621768585
Benalla,1112,1.0,2.0,1.0382471906447257,9,1.926323536457681
Benalla,1112,2.0,4.0,4.490983301167006,32,0.8906735411286385
Benalla,1112,3.0,2.0,3.11467587026483,39,0.6421213902523818
Benalla,1112,4.0,1.0,0.525333971850648,6,1.9035509858180257
Benalla,1206,0.0,16.0,7.334662768936826,74,2.181422718950613
Benalla,1206,1.0,11.0,7.426411375752302,61,1.4811999286648312
Benalla,1206,2.0,17.0,20.89636108487114,218,0.8135387750505477
Benalla,1206,3.0,25.0,29.12660105148865,316,0.8583219152762166
Benalla,1206,4.0,4.0,8.37097082773732,140,0.4778418277060467
Benalla,1206,5.0,1.0,0.7582629861236556,14,1.3188036582296296
Benalla,1212,0.0,4.0,0.9780984293297831,15,4.089567961724361
Benalla,1212,1.0,1.0,1.3423797610150705,14,0.7449456771039423
Benalla,1212,2.0,4.0,5.715542560584343,47,0.6998460701849887
Benalla,1212,3.0,5.0,6.240097055862729,64,0.8012695884757711
Benalla,1212,4.0,1.0,0.7103101259293926,10,1.4078357656686478
Benalla,1212,5.0,0.0,0.013572067278682397,1,0.0
Benalla,1406,0.0,12.0,8.260242403220593,90,1.4527418705438124
Benalla,1406,1.0,4.0,6.949195076941616,71,0.5756062329107078
Benalla,1406,2.0,30.0,25.20702385758167,229,1.1901444680458266
Benalla,1406,3.0,35.0,35.14544567647976,388,0.9958616067123287
Benalla,1406,4.0,9.0,13.807267635604868,226,0.6518306327887536
Benalla,1406,5.0,0.0,0.63082535017149,16,0.0
Benalla,1412,0.0,3.0,2.086828434835611,13,1.437588231941225
Benalla,1412,1.0,0.0,1.0735637191194516,12,0.0
Benalla,1412,2.0,4.0,3.0848483704308896,30,1.2966601659715555
Benalla,1412,3.0,3.0,5.357802516737947,51,0.5599310520736633
Benalla,1412,4.0,3.0,1.3969569588761004,19,2.1475250049318646
Benalla,1606,0.0,6.0,7.304323832090202,71,0.821431269741917
Benalla,1606,1.0,10.0,6.429160474011757,53,1.555413034162462
Benalla,1606,2.0,14.0,17.333599430366633,163,0.8076799083907225
Benalla,1606,3.0,27.0,29.008826902151938,304,0.9307511844954021
Benalla,1606,4.0,14.0,9.95654978527933,164,1.4061095763011073
Benalla,1606,5.0,0.0,0.8710305891940675,18,0.0
Benalla,1612,0.0,1.0,0.5794666473330682,8,1.7257248619957517
Benalla,1612,1.0,0.0,0.39430827079590036,6,0.0
Benalla,1612,2.0,2.0,2.0518031701012975,15,0.9747523686208458
Benalla,1612,3.0,3.0,2.572890500357094,28,1.1660037609776346
Benalla,1612,4.0,1.0,1.4874698864808855,19,0.6722825175075235
Benalla,1612,5.0,1.0,0.914061524931754,6,1.0940182610515878
Benalla,2040,0.0,0.0,1.1097531788631823,14,0.0
Benalla,2040,1.0,2.0,1.0998672203398758,12,1.8184013151896365
Benalla,2040,2.0,4.0,4.7364805579138975,33,0.8445089029905639
Benalla,2040,3.0,7.0,5.776035408721869,56,1.211903927983186
Benalla,2040,4.0,1.0,1.2778636341611749,15,0.7825561141791375
Benalla,2046,0.0,3.0,1.1918377893769805,15,2.5171210602142557
Benalla,2046,1.0,0.0,0.5586161299822624,7,0.0
Benalla,2046,2.0,6.0,4.167951830594038,32,1.4395559842986114
Benalla,2046,3.0,5.0,6.169394801502409,55,0.8104522665306441
Benalla,2046,4.0,1.0,2.7356446749873187,31,0.36554454938656666
Benalla,2046,5.0,0.0,0.17655477355699167,1,0.0
Benalla,2100,0.0,9.0,2.5169148297720834,19,3.5758063377992753
Benalla,2100,1.0,1.0,1.2644074014254185,12,0.7908843295860645
Benalla,2100,2.0,5.0,5.370241472087077,38,0.9310568297512352
Benalla,2100,3.0,3.0,6.2313901859706595,69,0.48143350207056435
Benalla,2100,4.0,0.0,2.725884341355889,36,0.0
Benalla,2100,5.0,1.0,0.8911617693888726,9,1.1221307223331234
Bendigo,1000,0.0,17.0,12.702546672349682,121,1.3383143111770506
Bendigo,1000,1.0,27.0,23.106218928256894,203,1.1685165835151572
Bendigo,1000,2.0,57.0,55.963421936978,570,1.0185224210233126
Bendigo,1000,3.0,19.0,28.45635296811321,406,0.6676892158770473
Bendigo,1000,4.0,1.0,0.7319943396993622,24,1.366130782391993
Bendigo,1000,5.0,0.0,0.039465154602854546,2,0.0
Bendigo,1100,0.0,37.0,23.732675324849655,185,1.5590319883261787
Bendigo,1100,1.0,22.0,25.90700312251488,247,0.8491912358971603
Bendigo,1100,2.0,67.0,76.3665161045942,746,0.8773478668089887
Bendigo,1100,3.0,54.0,52.785240538504354,693,1.0230132409950758
Bendigo,1100,4.0,5.0,6.032402535876185,103,0.8288571543864601
Bendigo,1100,5.0,0.0,0.17616237366073653,3,0.0
Bendigo,1300,0.0,32.0,20.025977351350676,192,1.5979245076816049
Bendigo,1300,1.0,21.0,19.18520024968695,167,1.0945937351027994
Bendigo,1300,2.0,67.0,56.19229847746673,536,1.192334213324041
Bendigo,1300,3.0,58.0,72.56861517948106,850,0.7992435828705139
Bendigo,1300,4.0,14.0,23.08656525752792,357,0.6064132903197876
Bendigo,1300,5.0,0.0,0.9413434844866667,18,0.0
Bendigo,1400,0.0,25.0,14.819401543337495,152,1.6869777046590317
Bendigo,1400,1.0,15.0,15.335490934621136,131,0.9781232347858041
Bendigo,1400,2.0,44.0,44.45767582891855,392,0.9897053586273881
Bendigo,1400,3.0,48.0,55.12042347027618,667,0.8708205956705706
Bendigo,1400,4.0,19.0,20.544091161330442,325,0.9248401329022118
Bendigo,1400,5.0,1.0,1.1938476536691518,25,0.8376278136717163
Bendigo,1500,0.0,12.0,6.6380342556820535,57,1.8077640966869353
Bendigo,1500,1.0,6.0,5.408703924400546,50,1.1093230622093975
Bendigo,1500,2.0,23.0,16.05105954850423,139,1.4329272114714275
Bendigo,1500,3.0,14.0,22.475502362493483,254,0.6229004261707994
Bendigo,1500,4.0,2.0,5.1588852550295865,102,0.3876806521428494
Bendigo,1500,5.0,0.0,1.1879933569615309,10,0.0
Bendigo,1600,0.0,24.0,14.884970939483607,146,1.6123645855658362
Bendigo,1600,1.0,16.0,12.465814906178233,113,1.2835101532006685
Bendigo,1600,2.0,24.0,36.36116216042252,347,0.6600449098440234
Bendigo,1600,3.0,58.0,53.24308881151071,607,1.0893432611569465
Bendigo,1600,4.0,24.0,27.169091854606073,375,0.8833567249297365
Bendigo,1600,5.0,0.0,1.8274345409370203,37,0.0
Bendigo,2200,0.0,2.0,3.353756939014689,33,0.5963461384853926
Bendigo,2200,1.0,6.0,3.228901471879615,30,1.8582171219078008
Bendigo,2200,2.0,6.0,8.388381791517846,91,0.7152750255200679
Bendigo,2200,3.0,18.0,12.981967893756778,140,1.3865386316859147
Bendigo,2200,4.0,1.0,4.739354195898422,67,0.21099921184735035
Bendigo,2200,5.0,0.0,0.26806871995548087,5,0.0
Bendigo,2400,0.0,13.0,8.066575370015027,77,1.6115884875164543
Bendigo,2400,1.0,5.0,6.033773308433626,70,0.8286688518793566
Bendigo,2400,2.0,22.0,24.774225449448167,230,0.8880196898543214
Bendigo,2400,3.0,32.0,28.05152189840115,321,1.1407580706636777
Bendigo,2400,4.0,5.0,9.278613702467725,129,0.5388736033563083
Bendigo,2400,5.0,0.0,0.7952902712343081,14,0.0
Bendigo,3600,0.0,1.0,0.5886672182981778,6,1.6987526550076544
Bendigo,3600,1.0,0.0,1.262861894829929,8,0.0
Bendigo,3600,2.0,1.0,2.32967062032113,23,0.4292452294660249
Bendigo,3600,3.0,4.0,1.773785075856216,18,2.2550646380138124
Bendigo,3600,4.0,0.0,0.04501519069454686,4,0.0
Birdsville,800,0.0,0.0,0.03747733679870605,1,0.0
Birdsville,800,1.0,0.0,0.23200256113484696,1,0.0
Birdsville,800,2.0,1.0,0.3389616906016303,4,2.950185899253331
Birdsville,800,3.0,0.0,0.3915584114648167,3,0.0
Birdsville,1000,0.0,1.0,0.8890543637571051,3,1.1247906098498224
Birdsville,1000,1.0,1.0,0.9647952167791323,8,1.0364893840771674
Birdsville,1000,2.0,0.0,0.6382829913537157,10,0.0
Birdsville,1000,3.0,1.0,0.5078674281100468,7,1.9690177882077444
Birdsville,1200,0.0,1.0,0.8393746213760578,6,1.191363158395968
Birdsville,1200,1.0,0.0,1.3223212640583835,10,0.0
Birdsville,1200,2.0,5.0,1.6541825022145487,15,3.0226410890613424
Birdsville,1200,3.0,0.0,1.7114424546496725,20,0.0
Birdsville,1200,4.0,0.0,0.46729304563103136,8,0.0
Birdsville,1200,5.0,0.0,0.005386112070306119,1,0.0
Birdsville,1400,0.0,0.0,0.2893182690377473,3,0.0
Birdsville,1400,1.0,2.0,0.6083499263739625,5,3.2875815600420863
Birdsville,1400,2.0,1.0,0.5673563084416071,6,1.7625608195787268
Birdsville,1400,3.0,0.0,0.6690537830527638,8,0.0
Birdsville,1400,4.0,0.0,0.8447927112006435,7,0.0
Birdsville,1400,5.0,0.0,0.021129001893275955,2,0.0
Birdsville,1600,0.0,2.0,0.5206118371876712,4,3.8416337415682613
Birdsville,1600,1.0,0.0,0.09283383986445229,2,0.0
Birdsville,1600,2.0,1.0,1.1722213827232562,10,0.8530811796632146
Birdsville,1600,3.0,0.0,1.1792019124183,15,0.0
Birdsville,1600,4.0,1.0,0.7310837585600025,12,1.3678323287740315
Birdsville,1600,5.0,0.0,0.3040472692463178,5,0.0
Blackall,1050,0.0,2.0,0.6416558959782019,7,3.116935436167087
Blackall,1050,1.0,3.0,2.3767134352749406,17,1.262247250961897
Blackall,1050,2.0,2.0,2.888544906948146,29,0.6923901356662908
Blackall,1050,3.0,0.0,0.9452615985133567,13,0.0
Blackall,1050,4.0,0.0,0.147824163285355,3,0.0
Blackall,1200,0.0,1.0,0.8696107221967115,7,1.1499398230439408
Blackall,1200,1.0,2.0,1.6255857933427207,8,1.2303257128541736
Blackall,1200,2.0,1.0,2.3080346679337667,22,0.43326905522404263
Blackall,1200,3.0,3.0,1.8225764336480956,18,1.6460215026456564
Blackall,1200,4.0,0.0,0.3113594404449338,9,0.0
Blackall,1200,5.0,0.0,0.06283294243377163,2,0.0
Blackall,1400,0.0,2.0,0.565431743168605,6,3.5371201284035867
Blackall,1400,1.0,1.0,1.128410532830304,6,0.8862022915470118
Blackall,1400,2.0,2.0,2.017487321182327,21,0.9913321283367081
Blackall,1400,3.0,1.0,1.917535092233473,21,0.5215028418777137
Blackall,1400,4.0,0.0,0.37113531058529087,4,0.0
Bordertown,1000,0.0,2.0,1.9754843240083482,14,1.012409957241224
Bordertown,1000,1.0,2.0,3.1019400375340282,18,0.6447577889319726
Bordertown,1000,2.0,7.0,5.312731878834063,53,1.3175895489640683
Bordertown,1000,3.0,3.0,3.2843561677423985,38,0.9134210319406804
Bordertown,1000,4.0,0.0,0.32548759188116244,7,0.0
Bordertown,1100,0.0,12.0,6.1751762520175975,45,1.9432643717787448
Bordertown,1100,1.0,10.0,6.732804661321094,56,1.4852651314018408
Bordertown,1100,2.0,13.0,15.739543488599011,154,0.8259451749294121
Bordertown,1100,3.0,10.0,14.261621793567805,185,0.7011825264157645
Bordertown,1100,4.0,0.0,1.9760103194825944,37,0.0
Bordertown,1100,5.0,0.0,0.04890680825620134,1,0.0
Bordertown,1200,0.0,8.0,4.991223321787879,44,1.602813475621917
Bordertown,1200,1.0,7.0,4.589744251063374,41,1.5251394450525662
Bordertown,1200,2.0,13.0,14.35857832577142,139,0.9053821140960047
Bordertown,1200,3.0,13.0,15.12566072937519,177,0.8594665867887018
Bordertown,1200,4.0,3.0,4.3750380671703,56,0.6857083193199159
Bordertown,1200,5.0,0.0,0.5435182028838297,6,0.0
Bordertown,1300,0.0,8.0,5.388805279816143,46,1.4845591155360778
Bordertown,1300,1.0,1.0,4.454670230268726,39,0.2244835079385159
Bordertown,1300,2.0,19.0,13.326667378061456,133,1.4257127803218126
Bordertown,1300,3.0,9.0,14.7497798240926,184,0.610178599771314
Bordertown,1300,4.0,8.0,7.295857333800051,96,1.096512669311366
Bordertown,1300,5.0,1.0,0.7842199539610208,19,1.275152455569505
Bordertown,1550,0.0,12.0,7.526241727855842,61,1.5944212840767593
Bordertown,1550,1.0,3.0,4.752706415264177,42,0.631219296518076
Bordertown,1550,2.0,20.0,17.086664318947637,150,1.1705034772539966
Bordertown,1550,3.0,21.0,21.469025930850666,243,0.97815336697802
Bordertown,1550,4.0,4.0,9.039832011493688,130,0.44248609873659184
Bordertown,1550,5.0,1.0,1.125529595587991,16,0.8884706398836073
Bordertown,2000,0.0,5.0,3.188018819481029,28,1.5683721719101833
Bordertown,2000,1.0,4.0,2.780865290995248,20,1.4384012102105221
Bordertown,2000,2.0,10.0,8.17676102782846,71,1.2229781408514204
Bordertown,2000,3.0,7.0,9.800841162358312,106,0.71422441033782
Bordertown,2000,4.0,1.0,3.0499466695509976,48,0.327874585475036
Bordertown,2000,5.0,1.0,1.003567029785953,13,0.9964456486910359
Bowen,1000,0.0,4.0,3.0790600993167927,16,1.2990977346910355
Bowen,1000,1.0,5.0,3.4547186335878264,27,1.4472958669885523
Bowen,1000,2.0,6.0,6.062346006460887,57,0.9897158614182625
Bowen,1000,3.0,1.0,2.921004541154259,56,0.3423479785501606
Bowen,1000,4.0,0.0,0.48287071948023474,10,0.0
Bowen,1100,0.0,0.0,0.18781624553517962,2,0.0
Bowen,1100,1.0,0.0,0.34520179523105177,3,0.0
Bowen,1100,2.0,0.0,0.28944762819934644,6,0.0
Bowen,1100,3.0,2.0,1.1282952395223633,11,1.7725856938354645
Bowen,1100,4.0,0.0,0.04923909151205874,1,0.0
Bowen,1200,0.0,1.0,1.3454536624633162,13,0.7432437310172062
Bowen,1200,1.0,1.0,1.7231294295158213,11,0.58033945847062
Bowen,1200,2.0,7.0,4.16325028069677,35,1.6813786171962894
Bowen,1200,3.0,4.0,4.616913153143266,53,0.8663797362696194
Bowen,1200,4.0,0.0,0.8822500520998855,16,0.0
Bowen,1200,5.0,0.0,0.2690034220809413,2,0.0
Bowen,1280,0.0,1.0,0.9796823148819042,4,1.020739054701161
Bowen,1280,1.0,1.0,0.5413866438415891,3,1.8471087371202348
Bowen,1280,2.0,1.0,0.6587863943348699,9,1.5179427028234689
Bowen,1280,3.0,1.0,1.5638919112298022,14,0.6394303805904509
Bowen,1280,4.0,0.0,0.2071816119713782,7,0.0
Bowen,1470,0.0,2.0,0.8453821097301613,6,2.3657940911931328
Bowen,1470,1.0,0.0,0.1348667411659181,2,0.0
Bowen,1470,2.0,2.0,1.8724689484942347,16,1.068108500067956
Bowen,1470,3.0,1.0,2.3090713371093847,19,0.4330745369053222
Bowen,1470,4.0,1.0,0.8245505506699331,13,1.212781920026028
Bowen,1470,5.0,0.0,0.013660312830367905,1,0.0
Bowen,1810,0.0,2.0,0.1931325557737545,2,10.355581905843486
Bowen,1810,1.0,0.0,0.7215267624563912,2,0.0
Bowen,1810,2.0,0.0,0.1495283576534927,4,0.0
Bowen,1810,3.0,0.0,0.8954751466844951,8,0.0
Bowen,1810,4.0,0.0,0.040337177431866364,1,0.0
Bowraville,1000,0.0,2.0,1.1608037866343308,8,1.7229440694700522
Bowraville,1000,1.0,2.0,1.4741327626559262,13,1.3567299029407809
Bowraville,1000,2.0,4.0,3.787954832894538,22,1.0559788002919321
Bowraville,1000,3.0,0.0,1.5378883462464772,24,0.0
Bowraville,1000,4.0,0.0,0.03922027156872816,1,0.0
Bowraville,1370,0.0,1.0,0.840077152865292,9,1.1903668568883838
Bowraville,1370,1.0,0.0,1.1631670919063888,6,0.0
Bowraville,1370,2.0,5.0,2.591997144592108,16,1.9290144707265213
Bowraville,1370,3.0,3.0,2.791439287811797,27,1.0747144002374822
Bowraville,1370,4.0,0.0,1.2082544670077897,19,0.0
Bowraville,1370,5.0,0.0,0.40506485581662444,6,0.0
Bowraville,2200,0.0,0.0,0.17012008634734366,2,0.0
Bowraville,2200,2.0,2.0,0.9024519870277428,4,2.2161843829355066
Bowraville,2200,3.0,0.0,0.8285167616970948,8,0.0
Bowraville,2200,4.0,0.0,0.09891116492781868,4,0.0
Broome,1000,0.0,7.0,2.874437220447132,17,2.435259309267891
Broome,1000,1.0,3.0,4.079011912194859,24,0.735472233123669
Broome,1000,2.0,6.0,7.089294340860776,64,0.8463465771787217
Broome,1000,3.0,0.0,2.5772750490179295,48,0.0
Broome,1000,4.0,1.0,0.24298924954005902,3,4.115408405486436
Broome,1100,0.0,7.0,2.6793354036205983,18,2.6125881778521896
Broome,1100,1.0,2.0,2.6359337499142845,24,0.7587444108051031
Broome,1100,2.0,6.0,6.327512934583734,60,0.9482398632812467
Broome,1100,3.0,3.0,6.049733447035985,66,0.49588961666895
Broome,1100,4.0,0.0,0.3074844648453974,9,0.0
Broome,1200,0.0,10.0,5.765894307899424,33,1.7343363346601313
Broome,1200,1.0,5.0,5.862269970691823,41,0.8529119308727325
Broome,1200,2.0,12.0,10.512921140029787,98,1.141452488814731
Broome,1200,3.0,6.0,9.283046246467404,112,0.6463395571559559
Broome,1200,4.0,0.0,1.5679215243108418,23,0.0
Broome,1200,5.0,0.0,0.007946810600720342,1,0.0
Broome,1300,0.0,10.0,6.1017171319952315,39,1.6388829215899836
Broome,1300,1.0,8.0,5.112556438502419,43,1.564774901994701
Broome,1300,2.0,18.0,14.331766772885516,123,1.255951222570442
Broome,1300,3.0,2.0,9.905168333791881,120,0.20191479161206372
Broome,1300,4.0,1.0,2.8683379187644236,42,0.3486339574769363
Broome,1300,5.0,0.0,0.6804534040605302,8,0.0
Broome,1435,0.0,15.0,5.022891402417662,33,2.9863277539267656
Broome,1435,1.0,2.0,3.3782480215537776,31,0.5920228435685218
Broome,1435,2.0,10.0,9.60349352993641,91,1.0412877323057057
Broome,1435,3.0,5.0,11.15464055326703,116,0.44824393723162814
Broome,1435,4.0,1.0,3.6825533827413297,54,0.2715507138841773
Broome,1435,5.0,0.0,0.15817311008379137,6,0.0
Broome,1453,0.0,0.0,0.14060126588739627,2,0.0
Broome,1453,1.0,0.0,0.2953670365241834,2,0.0
Broome,1453,2.0,1.0,0.49306154233966615,6,2.0281443879293835
Broome,1453,3.0,1.0,1.070970155248754,7,0.9337328356902067
Broome,1600,0.0,7.0,2.894930488854924,17,2.4180200619493344
Broome,1600,1.0,1.0,2.1462839149772885,20,0.46592158335705636
Broome,1600,2.0,6.0,5.566604226341759,50,1.0778564015036969
Broome,1600,3.0,2.0,4.510572270438193,49,0.4434027170139331
Broome,1600,4.0,1.0,1.8653277660645249,25,0.5360988123335576
Broome,1600,5.0,0.0,0.01628133332330919,1,0.0
Broome,1615,0.0,1.0,0.8572241873660283,10,1.1665559776989907
Broome,1615,1.0,3.0,1.489813434143631,8,2.013674955028479
Broome,1615,2.0,2.0,2.6763797218974545,25,0.7472781173898874
Broome,1615,3.0,1.0,3.9494007613953666,35,0.25320296936558273
Broome,1615,4.0,3.0,0.9878445532332225,17,3.0369150593390204
Broome,1615,5.0,0.0,0.03933734196429732,1,0.0
Broome,1780,0.0,3.0,0.5287584581585804,6,5.673668106317588
Broome,1780,1.0,0.0,0.34252892872126606,4,0.0
Broome,1780,2.0,2.0,1.8422063147403787,16,1.0856547304159356
Broome,1780,3.0,0.0,2.0821330238310964,23,0.0
Broome,1780,4.0,1.0,1.1501681098957526,13,0.86943812073753
Broome,1780,5.0,0.0,0.05420516465292584,1,0.0
Broome,1800,0.0,1.0,1.0161885173140743,8,0.9840693758704706
Broome,1800,1.0,2.0,1.4237939327143883,9,1.4046976560625632
Broome,1800,2.0,3.0,1.6628837582504608,18,1.8040948353217032
Broome,1800,3.0,1.0,2.250577934844433,23,0.4443303137907656
Broome,1800,4.0,1.0,1.3579790451325278,18,0.7363883880125766
Broome,1800,5.0,0.0,0.28857681174411565,4,0.0
Broome,2020,0.0,0.0,0.36948453499171474,5,0.0
Broome,2020,1.0,2.0,0.8197452895598979,8,2.439782241473755
Broome,2020,2.0,2.0,1.3993171148910029,13,1.4292685901692743
Broome,2020,3.0,1.0,1.7899816169692693,16,0.5586649552821459
Broome,2020,4.0,0.0,0.5187296085361456,8,0.0
Broome,2020,5.0,0.0,0.10274183505196965,1,0.0
Broome,2070,0.0,2.0,0.716619128916568,5,2.7908827985428353
Broome,2070,1.0,0.0,0.2967550253853346,4,0.0
Broome,2070,2.0,1.0,0.9787317553216411,11,1.0217304124063793
Broome,2070,3.0,1.0,1.9106373282155473,17,0.5233855662884787
Broome,2070,4.0,1.0,1.097256762160909,13,0.9113637158458936
Broome,2200,0.0,0.0,0.45799571898603175,5,0.0
Broome,2200,1.0,0.0,0.31128411178881615,5,0.0
Broome,2200,2.0,1.0,1.217544082408477,15,0.821325498146939
Broome,2200,3.0,2.0,2.130823504771896,28,0.9386042511362757
Broome,2200,4.0,2.0,0.8241399801431428,11,2.4267722088335346
Broome,2200,5.0,0.0,0.05821260190163662,1,0.0
Bunbury,1000,0.0,11.0,9.3480965477157,52,1.1767101402785531
Bunbury,1000,1.0,9.0,8.59812925696736,63,1.0467393232902367
Bunbury,1000,2.0,22.0,21.14425754367253,203,1.0404716247217465
Bunbury,1000,3.0,10.0,12.414832998794719,171,0.805488080344765
Bunbury,1000,4.0,0.0,0.4946836528496878,11,0.0
Bunbury,1003,0.0,0.0,0.23072724569316777,1,0.0
Bunbury,1003,1.0,0.0,0.33916905116895657,2,0.0
Bunbury,1003,2.0,1.0,0.3905504610190468,5,2.560488591898579
Bunbury,1003,3.0,0.0,0.039553242118828755,1,0.0
Bunbury,1008,0.0,4.0,1.4724901463155238,7,2.716486769034639
Bunbury,1008,1.0,1.0,0.8832927309645546,8,1.132127509877729
Bunbury,1008,2.0,0.0,3.187477266870608,26,0.0
Bunbury,1008,3.0,2.0,1.4567398558493134,20,1.372928729841028
Bunbury,1011,0.0,0.0,0.3534479266921591,2,0.0
Bunbury,1011,1.0,0.0,0.33554856357971996,3,0.0
Bunbury,1011,2.0,2.0,0.8697770615712557,6,2.299439808618305
Bunbury,1011,3.0,0.0,0.4412264481568651,5,0.0
Bunbury,1014,0.0,0.0,0.026078798633099275,1,0.0
Bunbury,1014,1.0,0.0,0.050527672351629846,1,0.0
Bunbury,1014,2.0,1.0,0.05753623111645286,2,17.38035287671186
Bunbury,1014,3.0,0.0,0.8658572978988179,7,0.0
Bunbury,1016,0.0,1.0,0.6563104105950723,3,1.5236692635932845
Bunbury,1016,1.0,1.0,0.5436710523576538,3,1.8393475165975002
Bunbury,1016,2.0,1.0,1.4233726628643928,13,0.7025566993731647
Bunbury,1016,3.0,0.0,0.37664587418288104,9,0.0
Bunbury,1022,0.0,0.0,0.11707794236792471,1,0.0
Bunbury,1022,1.0,0.0,0.2560961007649605,3,0.0
Bunbury,1022,2.0,1.0,0.18626036285806205,1,5.368828797794411
Bunbury,1022,3.0,0.0,0.4405655940090527,5,0.0
Bunbury,1100,0.0,9.0,7.168920172768518,46,1.2554191960718053
Bunbury,1100,1.0,11.0,5.423674962629659,50,2.0281451369767685
Bunbury,1100,2.0,13.0,16.31526293064395,148,0.796799907869269
Bunbury,1100,3.0,12.0,13.693773156369272,176,0.8763107043597067
Bunbury,1100,4.0,1.0,3.1556188192870533,53,0.3168950552227754
Bunbury,1100,5.0,0.0,0.24274995830154728,2,0.0
Bunbury,1108,0.0,3.0,1.2915469472789587,11,2.322795935773317
Bunbury,1108,1.0,1.0,1.4425362473488437,12,0.6932234817931568
Bunbury,1108,2.0,4.0,3.770977140581619,40,1.0607330277751452
Bunbury,1108,3.0,3.0,4.018018218153748,43,0.7466367341107975
Bunbury,1108,4.0,0.0,0.449861811669324,9,0.0
Bunbury,1108,5.0,0.0,0.027059634967506678,1,0.0
Bunbury,1111,0.0,2.0,0.5810315767552441,2,3.442153714207666
Bunbury,1111,1.0,0.0,0.30797493344161087,2,0.0
Bunbury,1111,2.0,0.0,0.49554776809261586,6,0.0
Bunbury,1111,3.0,0.0,0.5973854188479498,9,0.0
Bunbury,1111,4.0,0.0,0.0180603028625793,2,0.0
Bunbury,1116,0.0,1.0,0.28410498377164217,4,3.5198256177152447
Bunbury,1116,1.0,0.0,0.39770309221218825,3,0.0
Bunbury,1116,2.0,3.0,2.000377090353644,14,1.4997172355486406
Bunbury,1116,3.0,0.0,1.1260987785434338,16,0.0
Bunbury,1116,4.0,0.0,0.19171605511909168,3,0.0
Bunbury,1122,0.0,0.0,0.17867426463509056,2,0.0
Bunbury,1122,1.0,0.0,0.23385234081428424,2,0.0
Bunbury,1122,2.0,2.0,0.4447772314373891,5,4.496633052767986
Bunbury,1122,3.0,0.0,0.7248875150297955,9,0.0
Bunbury,1122,4.0,0.0,0.4178086480834405,2,0.0
Bunbury,1200,0.0,35.0,16.68505682240347,113,2.097685394334682
Bunbury,1200,1.0,8.0,10.628913384822395,98,0.7526639563573484
Bunbury,1200,2.0,33.0,36.127194043425504,343,0.9134393321643922
Bunbury,1200,3.0,32.0,38.71471524136745,474,0.8265590951785526
Bunbury,1200,4.0,5.0,10.183468497597104,178,0.4909918463615616
Bunbury,1200,5.0,0.0,0.6606520103840712,9,0.0
Bunbury,1203,0.0,0.0,0.09279625622178182,2,0.0
Bunbury,1203,1.0,0.0,0.13431797483969368,2,0.0
Bunbury,1203,2.0,1.0,0.7211796884161893,5,1.3866169777966693
Bunbury,1203,3.0,1.0,1.0133558052761291,9,0.9868202212820109
Bunbury,1203,4.0,0.0,0.038350275246206184,3,0.0
Bunbury,1208,0.0,3.0,2.489471581450913,22,1.2050750136507045
Bunbury,1208,1.0,2.0,2.209986994386477,24,0.904982701291972
Bunbury,1208,2.0,5.0,6.881866733225844,73,0.7265470538480294
Bunbury,1208,3.0,12.0,8.512570674411768,87,1.409679926190947
Bunbury,1208,4.0,0.0,1.9007045116180128,33,0.0
Bunbury,1208,5.0,0.0,0.005399504906985227,1,0.0
Bunbury,1211,0.0,3.0,1.6297620016295633,7,1.8407595691888543
Bunbury,1211,1.0,0.0,0.7651448557695578,9,0.0
Bunbury,1211,2.0,1.0,1.9436504715865361,20,0.5144957977880322
Bunbury,1211,3.0,2.0,2.284216886499312,28,0.8755735989086001
Bunbury,1211,4.0,1.0,0.37722578451503047,6,2.650932256090663
Bunbury,1214,0.0,0.0,0.5836921882237553,4,0.0
Bunbury,1214,1.0,0.0,0.4707310852708736,4,0.0
Bunbury,1214,2.0,1.0,0.7776101984045114,13,1.2859913643774021
Bunbury,1214,3.0,3.0,2.003315940527473,19,1.4975171610774984
Bunbury,1214,4.0,0.0,0.1646505875733867,3,0.0
Bunbury,1216,0.0,1.0,1.1845895032577098,8,0.8441742875907013
Bunbury,1216,1.0,1.0,0.6424371323187774,7,1.5565725417997784
Bunbury,1216,2.0,5.0,2.7520412096080564,21,1.8168332590892038
Bunbury,1216,3.0,0.0,2.706003638505845,28,0.0
Bunbury,1216,4.0,1.0,0.6839753691756973,15,1.4620409521547015
Bunbury,1216,5.0,0.0,0.030953147133913943,1,0.0
Bunbury,1400,0.0,20.0,13.537552429812278,121,1.4773719329024482
Bunbury,1400,1.0,11.0,11.000937373563925,94,0.9999147914825715
Bunbury,1400,2.0,28.0,29.35417820863404,330,0.9538676164255305
Bunbury,1400,3.0,48.0,49.21551551923133,580,0.9753021886206523
Bunbury,1400,4.0,14.0,16.86144472470851,306,0.8302965865958455
Bunbury,1400,5.0,0.0,1.0303717440499205,25,0.0
Bunbury,1403,0.0,0.0,0.013279036102143895,1,0.0
Bunbury,1403,1.0,0.0,0.08526538970850289,1,0.0
Bunbury,1403,2.0,0.0,0.25787374999429014,3,0.0
Bunbury,1403,3.0,0.0,0.4792918096332651,5,0.0
Bunbury,1403,4.0,1.0,0.1642900145617979,3,6.0867971962096865
Bunbury,1410,0.0,1.0,2.878176688652549,24,0.34744218586113323
Bunbury,1410,1.0,0.0,1.280345416688042,15,0.0
Bunbury,1410,2.0,11.0,6.7808941918933785,60,1.6222049317847491
Bunbury,1410,3.0,11.0,9.306706003639933,103,1.1819434282868508
Bunbury,1410,4.0,1.0,3.4056402824338337,66,0.2936305414162391
Bunbury,1410,5.0,0.0,0.20982577324861845,11,0.0
Bunbury,1414,0.0,1.0,0.4711332488960441,5,2.122541769962516
Bunbury,1414,1.0,3.0,1.169198503072099,5,2.565860281310165
Bunbury,1414,2.0,1.0,1.4516277967814872,14,0.6888818209579446
Bunbury,1414,3.0,0.0,1.3127778856144476,20,0.0
Bunbury,1414,4.0,0.0,0.3344096922927109,11,0.0
Bunbury,1414,5.0,0.0,0.20656259945545954,2,0.0
Bunbury,1420,0.0,2.0,1.1221611679884287,10,1.7822751820802831
Bunbury,1420,1.0,1.0,0.5280960666154962,6,1.8935948650571834
Bunbury,1420,2.0,2.0,3.35023558601583,30,0.5969729437380974
Bunbury,1420,3.0,5.0,4.433990746791603,42,1.1276523307176398
Bunbury,1420,4.0,0.0,0.5168941611455323,18,0.0
Bunbury,1420,5.0,0.0,0.048622271443109655,3,0.0
Bunbury,1427,0.0,1.0,0.7237433375151777,4,1.381705292698503
Bunbury,1427,1.0,0.0,0.19107737792110563,4,0.0
Bunbury,1427,2.0,1.0,1.4692552035825601,13,0.680616953107703
Bunbury,1427,3.0,2.0,1.6059134249551117,17,1.2453971483898043
Bunbury,1427,4.0,0.0,0.010010656026044628,1,0.0
Bunbury,1675,0.0,8.0,4.340069798438908,40,1.8432883275005263
Bunbury,1675,1.0,7.0,3.5606577138322817,39,1.9659289273458433
Bunbury,1675,2.0,12.0,9.271276950476745,97,1.2943200881711272
Bunbury,1675,3.0,11.0,17.552165689479438,174,0.6267032908989272
Bunbury,1675,4.0,2.0,5.128782556032652,80,0.3899560915577383
Bunbury,1675,5.0,0.0,0.14704729173997722,5,0.0
Bunbury,1677,0.0,0.0,0.18146966909004525,2,0.0
Bunbury,1677,1.0,2.0,0.19541536282920702,2,10.234609864056592
Bunbury,1677,2.0,0.0,0.09414341778054088,3,0.0
Bunbury,1677,3.0,0.0,0.8426955254985469,7,0.0
Bunbury,1677,4.0,0.0,0.68627602480166,4,0.0
Bunbury,1680,0.0,1.0,0.7027920736858553,4,1.4228959566311148
Bunbury,1680,1.0,1.0,0.4938403200668222,1,2.024946038963948
Bunbury,1680,2.0,1.0,0.9427744375765185,12,1.0606991027149448
Bunbury,1680,3.0,1.0,1.6383242494894614,18,0.6103797830689636
Bunbury,1680,4.0,0.0,0.22226891918134256,6,0.0
Bunbury,1685,0.0,3.0,0.6675300603184887,8,4.494179630754987
Bunbury,1685,1.0,0.0,0.0734124431045706,3,0.0
Bunbury,1685,2.0,0.0,0.7822271654951368,15,0.0
Bunbury,1685,3.0,4.0,4.035136710010928,31,0.9912923123710392
Bunbury,1685,4.0,1.0,2.4416936210708764,23,0.4095517928090506
Bunbury,1690,0.0,2.0,2.4673902996281942,27,0.81057301728931
Bunbury,1690,1.0,4.0,2.577905105071326,21,1.551647495530805
Bunbury,1690,2.0,9.0,8.826692495069297,71,1.0196344786031137
Bunbury,1690,3.0,10.0,9.820904021794068,97,1.0182362008434755
Bunbury,1690,4.0,2.0,3.0354609438055924,49,0.6588785153310446
Bunbury,1690,5.0,0.0,0.27164713463152307,2,0.0
Bunbury,1695,0.0,2.0,1.6440718363227418,15,1.216491856264234
Bunbury,1695,1.0,3.0,1.1878423948179313,15,2.5255875805475276
Bunbury,1695,2.0,4.0,5.593448731091718,43,0.7151223140324177
Bunbury,1695,3.0,4.0,4.634257482559571,56,0.8631371940496364
Bunbury,1695,4.0,2.0,1.843510614049912,23,1.084886620536621
Bunbury,1695,5.0,0.0,0.09686894115812542,4,0.0
Bunbury,1700,0.0,0.0,0.12277698712798461,1,0.0
Bunbury,1700,1.0,0.0,0.019464644300778048,1,0.0
Bunbury,1700,2.0,1.0,0.4592115969544537,4,2.1776453526699235
Bunbury,1700,3.0,0.0,0.38546397790642467,5,0.0
Bunbury,1700,4.0,0.0,0.013082793710359017,1,0.0
Bunbury,1705,0.0,3.0,1.074598324770776,15,2.791740812214586
Bunbury,1705,1.0,2.0,0.8949427606976041,6,2.234779795794994
Bunbury,1705,2.0,1.0,4.9187271777426655,42,0.20330462818206693
Bunbury,1705,3.0,8.0,6.064577717170629,66,1.3191355397012412
Bunbury,1705,4.0,1.0,1.898108561747144,28,0.5268402556909254
Bunbury,1705,5.0,0.0,0.1490454578711817,5,0.0
Bunbury,2000,0.0,0.0,1.1623495280392844,14,0.0
Bunbury,2000,1.0,0.0,0.8906314512580892,13,0.0
Bunbury,2000,2.0,5.0,3.557979298139661,32,1.4052920438897212
Bunbury,2000,3.0,7.0,5.710105522800008,60,1.225896784577718
Bunbury,2000,4.0,1.0,1.8597651032449989,33,0.5377023142627833
Bunbury,2000,5.0,1.0,0.8191690965179582,7,1.2207491765139817
Bunbury,2006,0.0,0.0,0.0313723798430662,1,0.0
Bunbury,2006,1.0,1.0,0.11652598227424588,1,8.58177704648293
Bunbury,2006,2.0,0.0,0.20314155198611847,3,0.0
Bunbury,2006,3.0,0.0,0.6489600858965694,3,0.0
Bunbury,2013,0.0,1.0,0.2985461041379278,5,3.3495664024408156
Bunbury,2013,1.0,0.0,0.1733383597749688,2,0.0
Bunbury,2013,2.0,2.0,1.3664340469066965,13,1.4636637637415113
Bunbury,2013,3.0,1.0,1.417032238104221,15,0.7057002466915302
Bunbury,2013,4.0,1.0,1.6276162690539795,18,0.6143954315357334
Bunbury,2013,5.0,0.0,0.11703298202220626,1,0.0
Bunbury,2019,0.0,1.0,0.821235489006822,8,1.2176775278055392
Bunbury,2019,1.0,0.0,0.4074398000088362,4,0.0
Bunbury,2019,2.0,0.0,2.483723587363277,24,0.0
Bunbury,2019,3.0,5.0,2.399738453978932,32,2.0835603945545214
Bunbury,2019,4.0,2.0,1.8878626696421328,20,1.059399093038438
Bunbury,2025,0.0,0.0,0.685678926651443,7,0.0
Bunbury,2025,1.0,0.0,0.48700636327904967,8,0.0
Bunbury,2025,2.0,1.0,1.4865100500113275,17,0.6727166089407736
Bunbury,2025,3.0,6.0,3.3763416977468013,31,1.7770713207149902
Bunbury,2025,4.0,0.0,0.6760566338458578,16,0.0
Bunbury,2025,5.0,0.0,0.2884063284655205,2,0.0
Bunbury,2038,0.0,1.0,0.6878754725207343,6,1.4537515000142085
Bunbury,2038,1.0,1.0,0.5267663147329592,5,1.8983749948151936
Bunbury,2038,2.0,1.0,1.7965997210605553,16,0.5566070106087334
Bunbury,2038,3.0,1.0,1.3454390152979947,18,0.7432518223641039
Bunbury,2038,4.0,2.0,1.4603539014848024,18,1.3695310417334572
Bunbury,2038,5.0,0.0,0.18296557490295418,2,0.0
Bunbury,2050,0.0,0.0,0.17901637048022542,2,0.0
Bunbury,2050,1.0,0.0,0.14451131027573477,3,0.0
Bunbury,2050,2.0,1.0,0.7583911118151179,9,1.3185808541540265
Bunbury,2050,3.0,1.0,0.918081207428922,6,1.0892282642409061
Bunbury,2200,0.0,0.0,0.44327795268592923,6,0.0
Bunbury,2200,1.0,2.0,0.668368776608735,6,2.992360011411493
Bunbury,2200,2.0,4.0,2.6505331142890394,18,1.5091303626564696
Bunbury,2200,3.0,0.0,1.2790175029941686,19,0.0
Bunbury,2200,4.0,0.0,0.8848321941453421,8,0.0
Bunbury,2200,5.0,0.0,0.07397045927678562,1,0.0
Bunbury,2206,0.0,0.0,0.04300185502538209,1,0.0
Bunbury,2206,1.0,0.0,0.11671932078317995,1,0.0
Bunbury,2206,2.0,1.0,0.4389201224948475,2,2.2783188756895942
Bunbury,2206,3.0,0.0,0.2874451338168523,3,0.0
Bunbury,2206,4.0,0.0,0.11391356787973814,2,0.0
Bunbury,2213,0.0,0.0,0.05455224810550436,1,0.0
Bunbury,2213,1.0,0.0,0.2727612405275218,1,0.0
Bunbury,2213,2.0,0.0,0.5370208319996403,4,0.0
Bunbury,2213,3.0,1.0,0.1356656793673335,4,7.3710610130979575
Bunbury,2219,0.0,0.0,0.17841785268281624,2,0.0
Bunbury,2219,1.0,0.0,0.008013888713983728,1,0.0
Bunbury,2219,2.0,1.0,0.9301609175845171,6,1.0750827959928095
Bunbury,2219,3.0,0.0,0.3790090561393501,7,0.0
Bunbury,2219,4.0,1.0,0.5043982848793328,1,1.982560270281708
Bunbury,2231,0.0,1.0,0.396388673189387,2,2.522776425355169
Bunbury,2231,1.0,0.0,0.026098478961180824,1,0.0
Bunbury,2231,2.0,0.0,0.4116203294222023,6,0.0
Bunbury,2231,3.0,1.0,0.9959733679628373,11,1.0040429113535423
Bunbury,2231,4.0,0.0,0.1699191504643926,4,0.0
Bunbury,2238,0.0,0.0,0.09968570452042522,2,0.0
Bunbury,2238,1.0,0.0,0.04398243119369351,1,0.0
Bunbury,2238,2.0,2.0,1.03682723113914,7,1.9289616822685518
Bunbury,2238,3.0,0.0,0.8195046331467413,7,0.0
Bunbury Fibre Sand,950,0.0,0.0,0.7520725731311979,4,0.0
Bunbury Fibre Sand,950,1.0,2.0,1.1649206690932934,7,1.7168551070148699
Bunbury Fibre Sand,950,2.0,1.0,1.785180510752978,19,0.5601674418785842
Bunbury Fibre Sand,950,3.0,1.0,0.2897092351272149,5,3.4517367027008565
Bunbury Fibre Sand,950,4.0,0.0,0.008117011895315704,2,0.0
Bunbury Fibre Sand,1275,0.0,0.0,0.5985874887069527,7,0.0
Bunbury Fibre Sand,1275,1.0,2.0,1.1951666233982332,11,1.6734068378795361
Bunbury Fibre Sand,1275,2.0,4.0,3.1024057450781175,26,1.2893220064286857
Bunbury Fibre Sand,1275,3.0,1.0,1.9268976389715142,20,0.5189689269294825
Bunbury Fibre Sand,1275,4.0,0.0,0.013614589175540209,1,0.0
Bunbury Fibre Sand,1500,0.0,0.0,0.6222780793689402,4,0.0
Bunbury Fibre Sand,1500,1.0,1.0,0.5675947305894855,6,1.7618204435432874
Bunbury Fibre Sand,1500,2.0,2.0,1.7282412692505198,14,1.1572458287998948
Bunbury Fibre Sand,1500,3.0,1.0,1.0222000222259722,12,0.9782821152971326
Bunbury Fibre Sand,1500,4.0,0.0,0.05968589856508199,2,0.0
Bunbury Fibre Sand,1800,0.0,0.0,0.12804625115703885,1,0.0
Bunbury Fibre Sand,1800,1.0,0.0,0.008240600321987649,1,0.0
Bunbury Fibre Sand,1800,2.0,1.0,0.6490832418196512,5,1.5406344449697742
Bunbury Fibre Sand,1800,3.0,0.0,0.21462990670132226,3,0.0
Bunbury Fibre Sand,2000,0.0,0.0,0.21225532887501375,3,0.0
Bunbury Fibre Sand,2000,1.0,1.0,0.29447551208251554,2,3.395868107769138
Bunbury Fibre Sand,2000,2.0,0.0,0.6004829996643344,6,0.0
Bunbury Fibre Sand,2000,3.0,2.0,1.084698010838214,10,1.8438311677685062
Bunbury Fibre Sand,2000,4.0,0.0,0.7621941883459122,7,0.0
Bunbury Fibre Sand,2000,5.0,0.0,0.0458939601940101,2,0.0
Bundaberg,850,0.0,0.0,0.6061523141934042,4,0.0
Bundaberg,850,1.0,1.0,1.0648403540554574,9,0.9391079105816077
Bundaberg,850,2.0,3.0,1.4491249284475056,10,2.0702148870035635
Bundaberg,850,3.0,0.0,0.8798824033036327,9,0.0
Bundaberg,1090,0.0,5.0,1.9184080604056382,12,2.606327664690261
Bundaberg,1090,1.0,2.0,2.6411557738030202,17,0.7572442412664607
Bundaberg,1090,2.0,2.0,3.4943971690089843,38,0.5723447860299185
Bundaberg,1090,3.0,3.0,2.826884515505849,30,1.0612389659162194
Bundaberg,1090,4.0,0.0,1.048910730964802,16,0.0
Bundaberg,1090,5.0,0.0,0.07024375031170602,3,0.0
Bundaberg,1212,0.0,3.0,1.7532516659110289,9,1.7111063165259466
Bundaberg,1212,1.0,1.0,1.3639035142403726,10,0.7331896938156589
Bundaberg,1212,2.0,3.0,3.0399528771294726,25,0.986857402484739
Bundaberg,1212,3.0,2.0,1.5155918756195352,20,1.3196164694287842
Bundaberg,1212,4.0,0.0,1.1635800194087456,17,0.0
Bundaberg,1212,5.0,0.0,0.16372004769084555,3,0.0
Bundaberg,1380,0.0,2.0,1.5511908446362774,10,1.2893320038057337
Bundaberg,1380,1.0,0.0,1.3673530280915105,10,0.0
Bundaberg,1380,2.0,5.0,2.77750435199337,24,1.800177197350413
Bundaberg,1380,3.0,0.0,2.429395303017428,27,0.0
Bundaberg,1380,4.0,1.0,1.3052234463671664,17,0.7661523417950421
Bundaberg,1380,5.0,2.0,0.5693330258942477,9,3.512882459011776
Burrumbeet,1000,0.0,4.0,1.8792114067853896,12,2.1285524265960407
Burrumbeet,1000,1.0,6.0,3.189401862765707,22,1.881230480876771
Burrumbeet,1000,2.0,1.0,4.3493798333778075,38,0.22991783617651573
Burrumbeet,1000,3.0,1.0,2.167297337489583,29,0.4614041565511804
Burrumbeet,1000,4.0,0.0,0.4147095595815136,8,0.0
Burrumbeet,1350,0.0,6.0,3.180764096095906,15,1.8863391998684989
Burrumbeet,1350,1.0,2.0,2.7492583475933787,17,0.7274689196636402
Burrumbeet,1350,2.0,6.0,4.1578122442707235,34,1.4430666051040972
Burrumbeet,1350,3.0,1.0,3.4675355261811744,37,0.2883892587255792
Burrumbeet,1350,4.0,0.0,1.444629785858817,17,0.0
Burrumbeet,1800,0.0,2.0,0.9843215624599393,7,2.0318563326010626
Burrumbeet,1800,1.0,2.0,1.1024827800876018,8,1.8140872910877417
Burrumbeet,1800,2.0,1.0,2.5580969035634036,20,0.3909156055061909
Burrumbeet,1800,3.0,2.0,1.8737156133381652,23,1.0673978408264686
Burrumbeet,1800,4.0,0.0,0.48138314055089,8,0.0
Cairns,950,0.0,11.0,10.02688794074257,68,1.097050257767752
Cairns,950,1.0,18.0,18.018708832394935,145,0.9989616996107236
Cairns,950,2.0,34.0,30.952243466262694,299,1.0984664176947077
Cairns,950,3.0,4.0,7.602798712863938,118,0.5261220441404031
Cairns,950,4.0,0.0,0.39936104773586256,6,0.0
Cairns,1250,0.0,34.0,25.095739457755048,198,1.3548116427186356
Cairns,1250,1.0,17.0,22.79407746574898,189,0.7458077663175742
Cairns,1250,2.0,72.0,61.37809698558914,548,1.1730568971029642
Cairns,1250,3.0,62.0,68.13506992254024,694,0.9099572374473978
Cairns,1250,4.0,13.0,19.909719108101882,280,0.6529474338344581
Cairns,1250,5.0,0.0,0.6138936276088112,16,0.0
Cairns,1400,0.0,10.0,8.075818252119745,70,1.2382646176287082
Cairns,1400,1.0,3.0,5.470181195992689,65,0.5484279025707085
Cairns,1400,2.0,21.0,20.922635766029313,169,1.0036976332636014
Cairns,1400,3.0,29.0,24.563470905643765,259,1.1806149103031236
Cairns,1400,4.0,5.0,9.306894459407493,132,0.5372361341162469
Cairns,1400,5.0,2.0,1.660999420806995,22,1.2040943391950745
Cairns,1450,0.0,1.0,0.6015527908099845,5,1.6623644928211714
Cairns,1450,1.0,0.0,0.5226664062364382,5,0.0
Cairns,1450,2.0,1.0,1.2320534806880306,12,0.8116530781127763
Cairns,1450,3.0,1.0,1.7247828367495945,20,0.5797831348348353
Cairns,1450,4.0,2.0,0.9189444855159521,9,2.176410035125328
Cairns,1500,0.0,9.0,4.6492512509978905,42,1.935795575269951
Cairns,1500,1.0,5.0,4.301820240591457,37,1.1622986829669457
Cairns,1500,2.0,7.0,9.621846413810362,97,0.7275110928763951
Cairns,1500,3.0,18.0,16.503954661393053,171,1.0906476883450593
Cairns,1500,4.0,3.0,5.835730651162503,84,0.5140744457426915
Cairns,1500,5.0,0.0,1.087396782044734,12,0.0
Cairns,1600,0.0,0.0,0.04335682985941704,1,0.0
Cairns,1600,1.0,0.0,0.03168383720495861,1,0.0
Cairns,1600,2.0,0.0,0.10297247091611547,1,0.0
Cairns,1600,3.0,1.0,0.5168832444902778,5,1.9346728892056575
Cairns,1600,4.0,0.0,0.30510361752923104,1,0.0
Cairns,1900,0.0,3.0,1.8269756898439296,15,1.6420579741026968
Cairns,1900,1.0,0.0,0.5097898064920223,8,0.0
Cairns,1900,2.0,2.0,3.0630793807199455,34,0.6529376981180032
Cairns,1900,3.0,9.0,6.861556786297165,55,1.3116556898535623
Cairns,1900,4.0,1.0,2.492775457008708,38,0.4011592769771508
Cairns,1900,5.0,0.0,0.24582287963822955,4,0.0
Cairns,2100,0.0,1.0,1.3161516965958528,14,0.7597908376264224
Cairns,2100,1.0,1.0,1.094551497531266,14,0.9136162183830322
Cairns,2100,2.0,3.0,2.2512965666185702,29,1.3325654400592706
Cairns,2100,3.0,6.0,5.320817660860417,59,1.1276462345506788
Cairns,2100,4.0,2.0,3.4562843812271344,42,0.5786560882730116
Cairns,2100,5.0,1.0,0.5608981971667594,16,1.7828547231052916
Camperdown,1000,0.0,3.0,1.2315816877506638,9,2.4358920158021675
Camperdown,1000,1.0,3.0,1.4355143989924017,16,2.0898431963522777
Camperdown,1000,2.0,3.0,3.999142638359065,31,0.7501607897714209
Camperdown,1000,3.0,0.0,2.1569519712430236,29,0.0
Camperdown,1000,4.0,0.0,0.17680930365484548,4,0.0
Camperdown,1400,0.0,1.0,1.297634126832951,10,0.7706332465535823
Camperdown,1400,1.0,1.0,0.8399638196233195,10,1.1905274687288894
Camperdown,1400,2.0,3.0,3.8293138363912322,26,0.7834301726565241
Camperdown,1400,3.0,4.0,3.1387143361410197,42,1.2744071526171166
Camperdown,1400,4.0,1.0,0.7000958382768881,14,1.4283758670259366
Camperdown,1400,5.0,0.0,0.19427804273458985,6,0.0
Camperdown,1600,0.0,3.0,1.318197073080015,11,2.2758357314436997
Camperdown,1600,1.0,0.0,1.1434152454714879,7,0.0
Camperdown,1600,2.0,2.0,3.1673025974158184,30,0.6314521390004817
Camperdown,1600,3.0,4.0,3.476214099246619,44,1.1506771118806802
Camperdown,1600,4.0,2.0,1.549596638629646,17,1.2906584527497806
Camperdown,1600,5.0,0.0,0.24418341695090265,5,0.0
Camperdown,2200,0.0,0.0,0.19815467548108343,4,0.0
Camperdown,2200,1.0,0.0,0.4142422968279132,4,0.0
Camperdown,2200,2.0,2.0,1.8282988035832768,16,1.0939130934616412
Camperdown,2200,3.0,2.0,1.2940245357133175,15,1.5455657484094927
Camperdown,2200,4.0,0.0,0.2652796883944089,5,0.0
Canberra,1000,0.0,33.0,23.36938845026993,163,1.4121037043919233
Canberra,1000,1.0,47.0,35.84901679023422,304,1.311054087620151
Canberra,1000,2.0,60.0,70.92395767017611,695,0.8459764791894899
Canberra,1000,3.0,23.0,31.529473504180228,414,0.7294761835128843
Canberra,1000,4.0,0.0,1.3089636253625112,20,0.0
Canberra,1200,0.0,30.0,17.119844473798896,136,1.752352367798292
Canberra,1200,1.0,13.0,15.559099731346137,136,0.835523920051078
Canberra,1200,2.0,47.0,43.971299548060614,395,1.068879029800541
Canberra,1200,3.0,36.0,43.66274889255953,512,0.824501455201202
Canberra,1200,4.0,10.0,15.436169255470235,233,0.6478291235667958
Canberra,1200,5.0,0.0,0.250838098764596,8,0.0
Canberra,1300,0.0,16.0,15.73721464667008,114,1.0166983395238574
Canberra,1300,1.0,14.0,12.51412066584247,108,1.1187362159782641
Canberra,1300,2.0,41.0,33.245752809650504,297,1.2332402347676306
Canberra,1300,3.0,31.0,37.593408085301554,460,0.824612653624254
Canberra,1300,4.0,11.0,14.128462253052295,195,0.778570222504121
Canberra,1300,5.0,1.0,0.781041539483094,19,1.2803416328686132
Canberra,1400,0.0,20.0,15.751220022676312,112,1.2697429133239784
Canberra,1400,1.0,9.0,11.242904204592152,96,0.8005049083602402
Canberra,1400,2.0,25.0,28.6257682422561,269,0.8733390066051083
Canberra,1400,3.0,41.0,39.48246108365621,421,1.0384357731178002
Canberra,1400,4.0,17.0,15.886978505170045,220,1.0700587273072566
Canberra,1400,5.0,0.0,0.737660840773917,10,0.0
Canberra,1600,0.0,10.0,11.6593267167972,93,0.8576824582497835
Canberra,1600,1.0,8.0,7.499874872337537,65,1.0666844628977905
Canberra,1600,2.0,29.0,25.932277876729618,231,1.1182974414300568
Canberra,1600,3.0,33.0,35.13427084943997,338,0.9392538738434075
Canberra,1600,4.0,13.0,11.849220698231832,144,1.0971185642562882
Canberra,1600,5.0,0.0,0.549493881079717,10,0.0
Canberra,2000,0.0,14.0,8.696982817461944,66,1.6097536690414718
Canberra,2000,1.0,2.0,5.853307509919252,49,0.34168715663933924
Canberra,2000,2.0,16.0,15.029613443614968,134,1.0645649710170877
Canberra,2000,3.0,23.0,24.62759139932532,253,0.9339118725443079
Canberra,2000,4.0,11.0,10.454730807950417,118,1.0521552589029768
Canberra,2000,5.0,0.0,1.3377740217281036,22,0.0
Canberra Acton,1080,0.0,14.0,8.946660741674332,55,1.5648296503282806
Canberra Acton,1080,1.0,16.0,9.195630054425562,80,1.7399569040187424
Canberra Acton,1080,2.0,20.0,21.24320108708571,194,0.9414776952875769
Canberra Acton,1080,3.0,4.0,12.620997635596627,153,0.31693215667185326
Canberra Acton,1080,4.0,0.0,1.6605214004490676,29,0.0
Canberra Acton,1080,5.0,0.0,0.18247647401478523,4,0.0
Canberra Acton,1206,0.0,11.0,3.975328138921953,33,2.767067174229051
Canberra Acton,1206,1.0,2.0,4.550671850522114,43,0.43949554388777406
Canberra Acton,1206,2.0,11.0,11.190391446177165,113,0.9829861674550978
Canberra Acton,1206,3.0,9.0,11.40254763735512,125,0.7892972944498565
Canberra Acton,1206,4.0,0.0,1.8092642234222234,33,0.0
Canberra Acton,1206,5.0,0.0,0.07179670360142462,2,0.0
Canberra Acton,1280,0.0,15.0,8.318574789765556,57,1.803193501181799
Canberra Acton,1280,1.0,8.0,6.836501315239026,54,1.1701891992864035
Canberra Acton,1280,2.0,12.0,18.70253437741541,178,0.6416242717613085
Canberra Acton,1280,3.0,21.0,19.52720636033014,232,1.0754226494303796
Canberra Acton,1280,4.0,1.0,3.262180768369547,65,0.30654340485852494
Canberra Acton,1280,5.0,0.0,0.3530023888803176,6,0.0
Canberra Acton,1750,0.0,6.0,3.329965232351449,25,1.8018206141338933
Canberra Acton,1750,1.0,1.0,1.445695663472822,21,0.6917085146384264
Canberra Acton,1750,2.0,7.0,6.175424425465312,56,1.1335253284186304
Canberra Acton,1750,3.0,5.0,7.923226721482961,83,0.6310560300443061
Canberra Acton,1750,4.0,4.0,4.599155035080406,53,0.8697249754552075
Canberra Acton,1750,5.0,2.0,1.5265329221470516,15,1.3101584453134638
Canberra Acton,1900,0.0,2.0,1.250018540951108,16,1.599976267934594
Canberra Acton,1900,1.0,1.0,0.7959236865824622,11,1.2564018596981337
Canberra Acton,1900,2.0,5.0,5.127709764483091,39,0.9750941901260347
Canberra Acton,1900,3.0,4.0,6.117660161375472,61,0.6538447534654581
Canberra Acton,1900,4.0,4.0,2.6325721209649227,25,1.5194265593505834
Canberra Acton,1900,5.0,0.0,0.07611572564294333,1,0.0
Canterbury,1100,0.0,38.0,21.34411383724287,141,1.7803503246733368
Canterbury,1100,1.0,28.0,21.44331221763057,150,1.3057684240114062
Canterbury,1100,2.0,37.0,49.96115545750361,422,0.7405753462101529
Canterbury,1100,3.0,32.0,40.116102121500084,463,0.7976846779151485
Canterbury,1100,4.0,5.0,7.135316366122871,116,0.7007397771091205
Canterbury,1200,0.0,26.0,12.727625290000235,84,2.042800554509373
Canterbury,1200,1.0,6.0,9.427048930231193,74,0.6364664111118444
Canterbury,1200,2.0,27.0,30.2974447672844,232,0.8911642617847091
Canterbury,1200,3.0,21.0,25.520007208452036,294,0.8228837801050839
Canterbury,1200,4.0,4.0,5.9283599289415125,87,0.6747228656736073
Canterbury,1200,5.0,0.0,0.09951387509062452,2,0.0
Canterbury,1250,0.0,45.0,24.2405061510756,174,1.8563968804753386
Canterbury,1250,1.0,16.0,19.365732517345833,143,0.8262016417746576
Canterbury,1250,2.0,48.0,51.96870663678351,441,0.9236327610667445
Canterbury,1250,3.0,47.0,61.05146048087056,579,0.7698423531526597
Canterbury,1250,4.0,18.0,16.36683846982584,234,1.0997847894194765
Canterbury,1250,5.0,0.0,0.6230809949211055,13,0.0
Canterbury,1550,0.0,29.0,18.874783627375212,128,1.5364414539798799
Canterbury,1550,1.0,8.0,9.796822803255752,81,0.8165912725645483
Canterbury,1550,2.0,47.0,37.43773165812535,277,1.2554179411614883
Canterbury,1550,3.0,33.0,42.805466226467374,399,0.7709295776714498
Canterbury,1550,4.0,10.0,17.958886747708572,221,0.5568273880493138
Canterbury,1550,5.0,1.0,0.6715894236705817,14,1.4890049854187482
Canterbury,1580,0.0,0.0,1.2358877065169,5,0.0
Canterbury,1580,1.0,0.0,0.45445550593942474,4,0.0
Canterbury,1580,2.0,1.0,1.0265728162056633,10,0.9741150205945647
Canterbury,1580,3.0,2.0,1.2981562846685504,15,1.5406465489712948
Canterbury,1580,4.0,2.0,0.9849276866694613,12,2.030605928809872
Canterbury,1900,0.0,25.0,16.53004776932666,113,1.5123973232787793
Canterbury,1900,1.0,5.0,6.5997990514586515,65,0.757598823996759
Canterbury,1900,2.0,29.0,28.108638488729092,256,1.031711301549818
Canterbury,1900,3.0,44.0,40.8275498993485,388,1.077703661093367
Canterbury,1900,4.0,7.0,17.804846922466133,234,0.3931513722349058
Canterbury,1900,5.0,3.0,2.8629835411430027,42,1.0478579275388693
Carnarvon,1000,0.0,13.0,8.683751272365374,60,1.4970488665849269
Carnarvon,1000,1.0,28.0,17.46731470834185,126,1.6029939614374764
Carnarvon,1000,2.0,17.0,25.74015038008659,261,0.6604468019406657
Carnarvon,1000,3.0,2.0,7.746202056293815,128,0.25819104452290825
Carnarvon,1000,4.0,0.0,0.3625815829123711,11,0.0
Carnarvon,1200,0.0,16.0,11.984203576168072,82,1.3350908050175139
Carnarvon,1200,1.0,23.0,14.496446756890212,120,1.5865956938080719
Carnarvon,1200,2.0,29.0,27.870105685286635,273,1.040541443490466
Carnarvon,1200,3.0,13.0,22.99338319709513,268,0.565380043839845
Carnarvon,1200,4.0,1.0,4.103498827838083,76,0.24369447682451206
Carnarvon,1200,5.0,0.0,0.5523619567218653,8,0.0
Carnarvon,1400,0.0,13.0,11.303876240993672,84,1.1500479767157492
Carnarvon,1400,1.0,17.0,13.001722938629449,116,1.3075190173058726
Carnarvon,1400,2.0,33.0,24.136786772832803,208,1.3672076697940259
Carnarvon,1400,3.0,15.0,21.011114025437944,243,0.7139078861710831
Carnarvon,1400,4.0,6.0,12.41123171187949,163,0.48343308217000425
Carnarvon,1400,5.0,0.0,1.9885784095221097,34,0.0
Carnarvon,1600,0.0,8.0,5.299534906505431,39,1.509566431986252
Carnarvon,1600,1.0,9.0,5.301568792078015,47,1.697610717312288
Carnarvon,1600,2.0,8.0,11.664076234387954,113,0.6858665735066487
Carnarvon,1600,3.0,12.0,11.955461629364795,122,1.003725357666308
Carnarvon,1600,4.0,2.0,4.050382184638969,58,0.49378056411194443
Carnarvon,1600,5.0,0.0,0.728976253024836,8,0.0
Carnarvon,1700,0.0,3.0,2.4277470192056705,16,1.2357135962961923
Carnarvon,1700,1.0,3.0,2.2903707172223795,19,1.309831625702155
Carnarvon,1700,2.0,3.0,5.051021566278729,44,0.5939392577589426
Carnarvon,1700,3.0,7.0,4.066269559612774,53,1.7214795766433648
Carnarvon,1700,4.0,0.0,2.037639342018729,27,0.0
Carnarvon,1700,5.0,0.0,0.1269517956617183,3,0.0
Carnarvon,1750,0.0,0.0,0.4665925477412096,4,0.0
Carnarvon,1750,1.0,0.0,0.31142068296752734,4,0.0
Carnarvon,1750,2.0,1.0,1.6322454124725443,11,0.6126529701714329
Carnarvon,1750,3.0,3.0,0.8503741061594319,8,3.5278590661103064
Carnarvon,1750,4.0,0.0,0.6002979390384051,11,0.0
Carnarvon,1750,5.0,0.0,0.13906931162088204,3,0.0
Carnarvon,2000,0.0,0.0,0.33648987177317313,5,0.0
Carnarvon,2000,1.0,1.0,0.5510156245409598,6,1.8148305700642886
Carnarvon,2000,2.0,3.0,1.768972937339568,18,1.6958993191336351
Carnarvon,2000,3.0,1.0,1.0311343358696574,13,0.9698057422911839
Carnarvon,2000,4.0,0.0,1.01995258639898,13,0.0
Carnarvon,2000,5.0,0.0,0.2924346440776616,6,0.0
Casino,1000,0.0,11.0,4.436566088195363,28,2.479395050435146
Casino,1000,1.0,5.0,6.448762198961901,48,0.7753425922272157
Casino,1000,2.0,9.0,9.833383193089727,92,0.9152495965299741
Casino,1000,3.0,3.0,6.248812283030805,89,0.4800912340008615
Casino,1000,4.0,0.0,0.9934355875527968,13,0.0
Casino,1000,5.0,0.0,0.03904064916940774,1,0.0
Casino,1200,0.0,7.0,2.7862064016934522,23,2.5123766838470436
Casino,1200,1.0,3.0,2.460643692368814,24,1.2191931766894533
Casino,1200,2.0,5.0,5.531677737937591,62,0.9038849037984957
Casino,1200,3.0,6.0,7.71276681553305,89,0.7779309479338024
Casino,1200,4.0,2.0,3.956421680107583,64,0.5055072895934631
Casino,1200,5.0,0.0,0.5522836723595097,13,0.0
Casino,1300,0.0,3.0,0.5243944704874335,6,5.720884122236166
Casino,1300,1.0,0.0,0.6996005165014523,4,0.0
Casino,1300,2.0,1.0,1.8190857523490263,14,0.5497266957913762
Casino,1300,3.0,2.0,2.238098452280338,22,0.8936157379324641
Casino,1300,4.0,0.0,0.638378358466116,10,0.0
Casino,1300,5.0,0.0,0.08044244991563415,3,0.0
Casino,1400,0.0,6.0,4.9072016284880675,41,1.222692779764305
Casino,1400,1.0,3.0,3.797581136722336,32,0.7899765382206626
Casino,1400,2.0,12.0,12.081005583952521,102,0.9932947979048927
Casino,1400,3.0,14.0,13.899344387758058,167,1.0072417525196797
Casino,1400,4.0,6.0,5.63486661806277,95,1.0647989396531201
Casino,1400,5.0,0.0,0.680000645016248,19,0.0
Casino,1900,0.0,5.0,1.7938124630366878,11,2.787359382895389
Casino,1900,1.0,1.0,1.2661323459312,9,0.789806850139771
Casino,1900,2.0,2.0,2.3015987666752897,25,0.8689611886128372
Casino,1900,3.0,2.0,3.3253982451073645,36,0.6014317241378792
Casino,1900,4.0,1.0,2.1709362446395413,35,0.46063075434351985
Casino,1900,5.0,0.0,0.14212193460991632,2,0.0
Casterton,1000,0.0,7.0,1.768671040991316,15,3.957773852664312
Casterton,1000,1.0,2.0,2.9467305397767145,27,0.6787183195079479
Casterton,1000,2.0,6.0,7.080463966753636,59,0.847402095141369
Casterton,1000,3.0,0.0,3.1581127797608923,41,0.0
Casterton,1000,4.0,0.0,0.04602167271744137,1,0.0
Casterton,1100,0.0,3.0,1.3166645128941963,12,2.278484739750157
Casterton,1100,1.0,1.0,2.0315027081242607,13,0.49224645185106647
Casterton,1100,2.0,6.0,5.6811768806040455,41,1.0561192031327946
Casterton,1100,3.0,2.0,2.642645871043164,42,0.7568172572477581
Casterton,1100,4.0,0.0,0.30133276915768764,6,0.0
Casterton,1100,5.0,0.0,0.026677258176645867,1,0.0
Casterton,1200,0.0,10.0,5.696698478216046,42,1.7554027193539579
Casterton,1200,1.0,7.0,3.96986612314223,38,1.763283643041181
Casterton,1200,2.0,19.0,16.061800566712744,132,1.1829308875479703
Casterton,1200,3.0,6.0,12.457419932092618,162,0.4816406633722678
Casterton,1200,4.0,0.0,3.8039354822438463,64,0.0
Casterton,1200,5.0,0.0,0.010279417592514571,1,0.0
Casterton,1300,0.0,0.0,0.236904367893568,2,0.0
Casterton,1300,1.0,1.0,0.14046420749414068,1,7.119251358334215
Casterton,1300,2.0,1.0,0.8888362675938306,7,1.1250666027693725
Casterton,1300,3.0,0.0,0.7137264776453074,9,0.0
Casterton,1300,4.0,0.0,0.020068679373153316,1,0.0
Casterton,1400,0.0,12.0,6.271206632705127,49,1.9135073523839097
Casterton,1400,1.0,6.0,6.242100281151363,46,0.9612149324350958
Casterton,1400,2.0,19.0,16.638651667559497,143,1.1419194523462763
Casterton,1400,3.0,8.0,14.602618765087305,186,0.5478469395590065
Casterton,1400,4.0,3.0,4.759335284626854,89,0.6303401253721945
Casterton,1400,5.0,1.0,0.48608736886985554,9,2.0572433353390402
Casterton,1800,0.0,7.0,2.605541338432234,21,2.6865818234194405
Casterton,1800,1.0,3.0,2.754910947695682,25,1.0889644191618317
Casterton,1800,2.0,3.0,4.646597771538261,48,0.6456336759716663
Casterton,1800,3.0,6.0,7.580776193945528,75,0.791475680919319
Casterton,1800,4.0,2.0,3.0553174765547766,45,0.6545964585831621
Casterton,1800,5.0,0.0,0.35685627183351876,7,0.0
Casterton,2000,0.0,11.0,6.899809481148455,45,1.5942469179843324
Casterton,2000,1.0,3.0,3.7336992161219844,40,0.8034926828187187
Casterton,2000,2.0,11.0,12.110873478775117,118,0.9082747020087382
Casterton,2000,3.0,16.0,16.361000415855873,173,0.9779353091693576
Casterton,2000,4.0,4.0,5.417680720525205,86,0.7383233169953635
Casterton,2000,5.0,0.0,0.4769366875733658,7,0.0
Caulfield,1000,0.0,10.0,5.931350797365043,50,1.6859565959987435
Caulfield,1000,1.0,10.0,11.167672903080248,95,0.8954416991602446
Caulfield,1000,2.0,21.0,21.61714647838114,208,0.9714510664486482
Caulfield,1000,3.0,9.0,10.846431993301634,137,0.8297659548834194
Caulfield,1000,4.0,0.0,0.43739782787193376,6,0.0
Caulfield,1100,0.0,30.0,22.461655289544534,186,1.3356094915215095
Caulfield,1100,1.0,27.0,27.165524162796356,234,0.9939068297815861
Caulfield,1100,2.0,72.0,72.31773467203082,722,0.9956064072876206
Caulfield,1100,3.0,55.0,55.03794296075987,743,0.9993106035814797
Caulfield,1100,4.0,2.0,8.57127716901352,133,0.2333374549163229
Caulfield,1100,5.0,0.0,0.13942996720505363,3,0.0
Caulfield,1200,0.0,23.0,21.342619468502804,181,1.0776559097604275
Caulfield,1200,1.0,25.0,24.821048034933657,216,1.0072096861024757
Caulfield,1200,2.0,69.0,66.69652410633371,688,1.034536670756543
Caulfield,1200,3.0,58.0,59.71809402569278,767,0.9712299253061627
Caulfield,1200,4.0,6.0,8.155441712956243,143,0.7357050925234406
Caulfield,1200,5.0,0.0,0.2557864447396859,2,0.0
Caulfield,1400,0.0,49.0,29.348103487637317,265,1.669613848153456
Caulfield,1400,1.0,18.0,22.737001935745617,234,0.7916611016205081
Caulfield,1400,2.0,72.0,69.1599421657692,657,1.041065069537269
Caulfield,1400,3.0,100.0,100.48703360301822,1090,0.9951532691775709
Caulfield,1400,4.0,24.0,40.46070329058786,624,0.5931681371831958
Caulfield,1400,5.0,2.0,2.807215517241794,53,0.7124497523314787
Caulfield,1440,0.0,4.0,3.045543923542936,25,1.3133942902871447
Caulfield,1440,1.0,3.0,2.3174589953771423,22,1.2945212864539946
Caulfield,1440,2.0,8.0,6.792347390491312,65,1.1777960607844198
Caulfield,1440,3.0,7.0,8.987641831525977,108,0.7788472361510981
Caulfield,1440,4.0,3.0,3.5405951845731827,46,0.8473151669728797
Caulfield,1440,5.0,0.0,0.3164126744894508,4,0.0
Caulfield,1600,0.0,23.0,12.251855797944803,122,1.8772666263226958
Caulfield,1600,1.0,13.0,10.490818178029619,101,1.2391788494843263
Caulfield,1600,2.0,34.0,29.391634352307836,299,1.1567917453127377
Caulfield,1600,3.0,35.0,43.892847460223194,516,0.7973964330228948
Caulfield,1600,4.0,17.0,23.606018197329167,322,0.7201553374182951
Caulfield,1600,5.0,0.0,2.366826014165381,43,0.0
Caulfield,1700,0.0,4.0,2.3011855933018777,31,1.738234417790076
Caulfield,1700,1.0,3.0,1.757343707588799,21,1.707121940372276
Caulfield,1700,2.0,8.0,7.352754872035509,67,1.0880275677931461
Caulfield,1700,3.0,5.0,11.075115643164988,129,0.45146255453194767
Caulfield,1700,4.0,10.0,6.710345992524116,107,1.490236123612826
Caulfield,1700,5.0,1.0,1.6005164186035248,25,0.6247983390714076
Caulfield,1800,0.0,7.0,4.452060885865923,40,1.57230554106371
Caulfield,1800,1.0,5.0,3.134439646258176,30,1.5951814564267934
Caulfield,1800,2.0,11.0,8.42001175952545,92,1.3064114771046305
Caulfield,1800,3.0,13.0,17.192915242039604,164,0.756125404969879
Caulfield,1800,4.0,4.0,5.875211351513987,84,0.6808265712805782
Caulfield,1800,5.0,0.0,0.8418673758153952,17,0.0
Caulfield,2000,0.0,15.0,12.355656785365708,123,1.2140188304490866
Caulfield,2000,1.0,9.0,10.939056255106594,109,0.8227400783133005
Caulfield,2000,2.0,31.0,31.506137946423465,320,0.9839352589871803
Caulfield,2000,3.0,56.0,45.66837938652503,523,1.2262313826823341
Caulfield,2000,4.0,10.0,19.5392732725715,311,0.5117897610878714
Caulfield,2000,5.0,2.0,2.8470578752004387,43,0.7024795728324265
Caulfield,2380,0.0,0.0,0.07041198415307147,2,0.0
Caulfield,2380,1.0,0.0,0.049817355995887214,1,0.0
Caulfield,2380,2.0,1.0,0.4273797790610991,5,2.339839292810898
Caulfield,2380,3.0,1.0,0.7907071262520802,7,1.2646907645058918
Caulfield,2380,4.0,0.0,0.6616837545378621,8,0.0
Caulfield,2400,0.0,2.0,4.406890493185757,48,0.4538347397314592
Caulfield,2400,1.0,5.0,4.743241272589022,46,1.0541314920863873
Caulfield,2400,2.0,18.0,14.745308133810274,133,1.2207272873957022
Caulfield,2400,3.0,18.0,16.267081713187636,196,1.1065291437865894
Caulfield,2400,4.0,3.0,6.217243426263277,100,0.4825289592695065
Caulfield,2400,5.0,2.0,1.620234960964036,30,1.2343888683959792
Caulfield,2412,0.0,0.0,0.008479767500356125,1,0.0
Caulfield,2412,1.0,0.0,0.03820116685146495,2,0.0
Caulfield,2412,2.0,0.0,0.12571821902576547,4,0.0
Caulfield,2412,3.0,1.0,0.7419551948688164,4,1.3477902802160553
Caulfield,2425,0.0,0.0,0.14504849306735051,2,0.0
Caulfield,2425,1.0,0.0,0.052801881546459664,2,0.0
Caulfield,2425,2.0,2.0,1.041654975135815,8,1.920021550071541
Caulfield,2425,3.0,0.0,0.7080355851294693,9,0.0
Caulfield,2425,4.0,0.0,0.052459065120905576,2,0.0
Caulfield,3200,0.0,0.0,0.05418901827380174,1,0.0
Caulfield,3200,1.0,0.0,0.08945488730913302,2,0.0
Caulfield,3200,2.0,0.0,0.4553573591909324,4,0.0
Caulfield,3200,3.0,1.0,0.4009987352261329,2,2.4937734515199304
Caulfield Heath,1000,0.0,4.0,3.4654461889016765,30,1.154252521020314
Caulfield Heath,1000,1.0,10.0,5.7030720969884845,47,1.7534409227055914
Caulfield Heath,1000,2.0,12.0,13.617973646997179,124,0.8811883699485681
Caulfield Heath,1000,3.0,3.0,6.864313224835795,84,0.43704299348486747
Caulfield Heath,1000,4.0,1.0,0.34919484227686504,5,2.8637307283225364
Caulfield Heath,1100,0.0,6.0,1.762684672199955,11,3.4038986635718436
Caulfield Heath,1100,1.0,1.0,1.2829547964963146,14,0.779450688933819
Caulfield Heath,1100,2.0,3.0,4.77000944371854,41,0.6289295724457309
Caulfield Heath,1100,3.0,1.0,3.08378017696079,37,0.3242773293216856
Caulfield Heath,1100,4.0,0.0,0.1005709106244005,6,0.0
Caulfield Heath,1200,0.0,7.0,4.38016065718848,42,1.5981148975693353
Caulfield Heath,1200,1.0,11.0,7.773735362354526,54,1.4150211561444632
Caulfield Heath,1200,2.0,10.0,16.678967438437148,145,0.5995574988026369
Caulfield Heath,1200,3.0,14.0,11.995775306098777,133,1.1670775454490427
Caulfield Heath,1200,4.0,0.0,1.1713612359210686,18,0.0
Caulfield Heath,1500,0.0,6.0,3.308006815109395,28,1.813781027473966
Caulfield Heath,1500,1.0,7.0,3.304038534043925,23,2.1186193586648225
Caulfield Heath,1500,2.0,8.0,8.586654738389825,66,0.9316783128862783
Caulfield Heath,1500,3.0,7.0,10.96628187310567,106,0.6383202694403831
Caulfield Heath,1500,4.0,0.0,1.8308564480135172,36,0.0
Caulfield Heath,1500,5.0,0.0,0.004161591337667278,1,0.0
Caulfield Heath,1600,0.0,3.0,1.6380481171008063,14,1.8314480317646118
Caulfield Heath,1600,1.0,1.0,0.781960905814841,6,1.27883631082292
Caulfield Heath,1600,2.0,2.0,4.0873950183684356,32,0.4893092032974928
Caulfield Heath,1600,3.0,6.0,5.5478949300882086,51,1.0814912819382834
Caulfield Heath,1600,4.0,2.0,1.9447010286277089,27,1.0284357186828421
Caulfield Heath,1800,0.0,2.0,2.5768921108157348,27,0.7761287294899144
Caulfield Heath,1800,1.0,1.0,2.5928335827365037,21,0.3856784356150577
Caulfield Heath,1800,2.0,10.0,7.227376540860329,58,1.383627924111122
Caulfield Heath,1800,3.0,13.0,10.765261704195739,96,1.2075879209637121
Caulfield Heath,1800,4.0,1.0,3.7981093833794066,50,0.26328888903937775
Caulfield Heath,1800,5.0,0.0,0.0395266780122872,1,0.0
Cessnock,1150,0.0,0.0,0.17947764651050302,2,0.0
Cessnock,1150,1.0,0.0,0.057566788880747136,3,0.0
Cessnock,1150,2.0,2.0,1.263410308679809,7,1.5830170026789514
Cessnock,1150,3.0,0.0,0.4069912397636568,7,0.0
Cessnock,1150,4.0,0.0,0.09255401616528389,4,0.0
Cessnock,1350,0.0,0.0,0.2226946546782696,3,0.0
Cessnock,1350,1.0,0.0,0.08240986499255759,2,0.0
Cessnock,1350,2.0,2.0,0.6723514503445516,7,2.9746347672412767
Cessnock,1350,3.0,1.0,1.737130510126974,10,0.5756619863448866
Cessnock,1350,4.0,0.0,0.2688897692358745,4,0.0
Cessnock,1350,5.0,0.0,0.016523750621772835,1,0.0
Cessnock,1550,0.0,0.0,0.00555532695998758,1,0.0
Cessnock,1550,1.0,0.0,0.08388543709581246,1,0.0
Cessnock,1550,2.0,0.0,0.0863832664882436,3,0.0
Cessnock,1550,3.0,1.0,0.8241759694559564,4,1.2133331194551888
Cessnock,2125,0.0,0.0,0.03997678258831633,1,0.0
Cessnock,2125,1.0,0.0,0.10493905429433038,1,0.0
Cessnock,2125,2.0,0.0,0.005559684995726112,1,0.0
Cessnock,2125,3.0,1.0,0.0932791593727381,1,10.720508275638057
Cessnock,2125,4.0,0.0,0.7562453187488891,4,0.0
Chinchilla,1030,0.0,3.0,1.26075150519204,9,2.379533149590041
Chinchilla,1030,1.0,2.0,1.6018656474782258,14,1.2485441604597405
Chinchilla,1030,2.0,4.0,2.9844977035593487,30,1.3402590309349378
Chinchilla,1030,3.0,0.0,2.562472108022747,35,0.0
Chinchilla,1030,4.0,0.0,0.5904130357476394,11,0.0
Chinchilla,1070,0.0,2.0,1.497816421491092,9,1.3352771216174668
Chinchilla,1070,1.0,3.0,2.144581975609889,17,1.3988740155977681
Chinchilla,1070,2.0,2.0,3.678437170231409,32,0.5437091643661759
Chinchilla,1070,3.0,2.0,1.1524259406168986,20,1.7354694384347087
Chinchilla,1070,4.0,0.0,0.5267384920507114,8,0.0
Chinchilla,1200,0.0,2.0,1.2116647516335384,10,1.6506215909174928
Chinchilla,1200,1.0,1.0,1.680800871110312,15,0.5949544750886612
Chinchilla,1200,2.0,6.0,3.194656337274288,29,1.8781362896515055
Chinchilla,1200,3.0,1.0,2.656318326850846,22,0.37646090451272585
Chinchilla,1200,4.0,0.0,1.2219034269546472,16,0.0
Chinchilla,1200,5.0,0.0,0.034656286176368144,2,0.0
Chinchilla,1400,0.0,4.0,1.6514392007588945,13,2.4221297388131875
Chinchilla,1400,1.0,0.0,1.1931399768665532,12,0.0
Chinchilla,1400,2.0,5.0,4.468466848080108,35,1.1189520186657012
Chinchilla,1400,3.0,4.0,3.6321747329595993,48,1.1012686046468603
Chinchilla,1400,4.0,0.0,1.8767477064380609,30,0.0
Chinchilla,1400,5.0,0.0,0.17803153489678475,5,0.0
Clare,1100,0.0,8.0,5.074966911290095,33,1.576364957612372
Clare,1100,1.0,5.0,4.3573236811175455,37,1.1474933619614929
Clare,1100,2.0,8.0,13.32098681202614,122,0.6005561084091479
Clare,1100,3.0,11.0,8.919761024552267,114,1.23321689557845
Clare,1100,4.0,1.0,1.3032549962668587,27,0.7673095463777042
Clare,1100,5.0,0.0,0.023706574747093152,3,0.0
Clare,1200,0.0,6.0,2.5815928314881598,25,2.3241465217972808
Clare,1200,1.0,3.0,3.1819940369980286,31,0.9428050351817359
Clare,1200,2.0,12.0,10.354671190454425,93,1.1588972531607127
Clare,1200,3.0,3.0,7.147733050186673,80,0.4197134922269727
Clare,1200,4.0,1.0,1.5499497587486402,26,0.6451822030717661
Clare,1200,5.0,0.0,0.1840591321240724,2,0.0
Clare,1800,0.0,8.0,5.3753253642861765,33,1.4882820030118067
Clare,1800,1.0,3.0,3.049542810531113,32,0.9837540203206773
Clare,1800,2.0,10.0,9.924841873018858,99,1.0075727279026443
Clare,1800,3.0,10.0,10.84465837854814,115,0.9221129565299206
Clare,1800,4.0,2.0,3.3412788074422566,39,0.5985732156039372
Clare,1800,5.0,0.0,0.464352766173457,9,0.0
Cloncurry,1000,0.0,4.0,1.6267339354681165,10,2.4589147080459357
Cloncurry,1000,1.0,3.0,2.7759758368069156,30,1.080701049419353
Cloncurry,1000,2.0,2.0,3.252005530642306,36,0.6150051041287677
Cloncurry,1000,3.0,1.0,1.976190086979807,23,0.506024196046996
Cloncurry,1000,4.0,0.0,0.3690946101028543,6,0.0
Cloncurry,1200,0.0,3.0,0.8356604062502666,7,3.589975039575525
Cloncurry,1200,1.0,2.0,1.7179056034532463,11,1.164208322028697
Cloncurry,1200,2.0,0.0,1.6164762098808478,17,0.0
Cloncurry,1200,3.0,2.0,2.1058455758075834,27,0.9497372566043966
Cloncurry,1200,4.0,0.0,0.6727677558456714,9,0.0
Cloncurry,1200,5.0,0.0,0.051344448762384406,1,0.0
Cloncurry,1400,0.0,2.0,0.4889921017043504,4,4.090045612248396
Cloncurry,1400,1.0,1.0,0.8820955440249563,7,1.1336640421479196
Cloncurry,1400,2.0,1.0,0.7782942268273513,11,1.284861130316247
Cloncurry,1400,3.0,0.0,0.7497022384287606,14,0.0
Cloncurry,1400,4.0,0.0,1.0152482888833971,10,0.0
Cloncurry,1400,5.0,0.0,0.0856676001311841,1,0.0
Cloncurry,1600,0.0,1.0,0.9201851849429776,3,1.086737774486087
Cloncurry,1600,1.0,0.0,0.39326602929429855,3,0.0
Cloncurry,1600,2.0,1.0,0.8563432989885768,9,1.1677559702762847
Cloncurry,1600,3.0,1.0,0.6926599027889287,12,1.4437099592073914
Cloncurry,1600,4.0,0.0,0.013518371857207681,1,0.0
Cloncurry,1600,5.0,0.0,0.12402721212801048,1,0.0
Coffs Harbour,800,0.0,0.0,0.06881331131264973,1,0.0
Coffs Harbour,800,1.0,1.0,0.30921306122307535,2,3.2340160407343554
Coffs Harbour,800,2.0,0.0,0.6103432086508693,6,0.0
Coffs Harbour,800,3.0,0.0,0.011630418813405588,1,0.0
Coffs Harbour,805,0.0,1.0,0.342428587324296,1,2.9203169274326766
Coffs Harbour,805,1.0,0.0,0.2908447937209565,2,0.0
Coffs Harbour,805,2.0,0.0,0.14547619722927604,2,0.0
Coffs Harbour,805,3.0,0.0,0.09895449768108014,2,0.0
Coffs Harbour,805,4.0,0.0,0.12229592404439141,1,0.0
Coffs Harbour,808,0.0,1.0,0.34006811777343565,2,2.9405873345240563
Coffs Harbour,808,1.0,0.0,0.5661788563548038,4,0.0
Coffs Harbour,808,2.0,0.0,0.4739026565681656,5,0.0
Coffs Harbour,808,3.0,1.0,0.5935492482576582,6,1.6847801643005411
Coffs Harbour,808,4.0,0.0,0.026301121045936713,1,0.0
Coffs Harbour,1000,0.0,10.0,6.776312927373483,45,1.4757287786406916
Coffs Harbour,1000,1.0,12.0,11.020494757417147,84,1.0888803328837495
Coffs Harbour,1000,2.0,8.0,14.649745971872258,180,0.5460845543233395
Coffs Harbour,1000,3.0,13.0,11.193760717252198,154,1.1613612554683221
Coffs Harbour,1000,4.0,2.0,1.3596856260849146,23,1.4709282510831638
Coffs Harbour,1005,0.0,1.0,1.9292140052602162,17,0.5183458119593726
Coffs Harbour,1005,1.0,3.0,3.347708098588022,32,0.8961354788565119
Coffs Harbour,1005,2.0,7.0,6.826996848165234,72,1.0253410329142396
Coffs Harbour,1005,3.0,6.0,4.385136002352809,62,1.3682585891932997
Coffs Harbour,1005,4.0,0.0,0.5109450456337188,14,0.0
Coffs Harbour,1010,0.0,5.0,2.422116544961629,16,2.0643102456819267
Coffs Harbour,1010,1.0,2.0,2.69220812721196,24,0.7428846157117845
Coffs Harbour,1010,2.0,7.0,6.702604433386503,62,1.0443701503749996
Coffs Harbour,1010,3.0,2.0,3.828082773457049,45,0.5224547425848497
Coffs Harbour,1010,4.0,0.0,0.3549881209828597,7,0.0
Coffs Harbour,1012,0.0,9.0,4.311617497929956,29,2.087383680097081
Coffs Harbour,1012,1.0,6.0,4.4647941390646615,37,1.3438469530998247
Coffs Harbour,1012,2.0,4.0,10.026200576164799,102,0.39895471565860813
Coffs Harbour,1012,3.0,10.0,8.675381694713412,111,1.1526870346343125
Coffs Harbour,1012,4.0,0.0,1.522006092127172,24,0.0
Coffs Harbour,1014,0.0,0.0,0.3582108019243673,4,0.0
Coffs Harbour,1014,1.0,1.0,1.0888310161850168,5,0.9184161592895675
Coffs Harbour,1014,2.0,2.0,1.7815557317025017,18,1.1226143333101049
Coffs Harbour,1014,3.0,1.0,0.6492568292640233,14,1.5402225358700776
Coffs Harbour,1014,4.0,0.0,0.1221456209240909,3,0.0
Coffs Harbour,1015,0.0,0.0,0.2525743446469217,2,0.0
Coffs Harbour,1015,1.0,0.0,0.04788171504942829,2,0.0
Coffs Harbour,1015,2.0,1.0,0.7509255076880135,7,1.3316900142050698
Coffs Harbour,1015,3.0,1.0,0.6360197854991118,7,1.5722781315918615
Coffs Harbour,1015,4.0,0.0,0.3125986471165248,6,0.0
Coffs Harbour,1016,0.0,0.0,0.174544140612449,2,0.0
Coffs Harbour,1016,1.0,2.0,0.4891414792774728,3,4.088796564450569
Coffs Harbour,1016,2.0,0.0,1.0123588477050514,8,0.0
Coffs Harbour,1016,3.0,0.0,0.32395553240502684,6,0.0
Coffs Harbour,1200,0.0,7.0,6.581711454369647,41,1.0635531576445285
Coffs Harbour,1200,1.0,5.0,4.541622082814731,38,1.1009282385955774
Coffs Harbour,1200,2.0,11.0,11.585950314709994,128,0.9494257873723101
Coffs Harbour,1200,3.0,13.0,11.158114894895062,162,1.1650713514294082
Coffs Harbour,1200,4.0,5.0,6.604620681030682,98,0.7570457474356765
Coffs Harbour,1200,5.0,0.0,0.5279805721798829,14,0.0
Coffs Harbour,1205,0.0,5.0,2.619554268988106,17,1.908721670397546
Coffs Harbour,1205,1.0,1.0,2.6080225674741966,17,0.38343226491650895
Coffs Harbour,1205,2.0,7.0,4.761949485460262,47,1.4699861939680827
Coffs Harbour,1205,3.0,4.0,5.266176497247378,64,0.7595643636499448
Coffs Harbour,1205,4.0,0.0,1.6957597672179667,37,0.0
Coffs Harbour,1205,5.0,0.0,0.048537413612090144,3,0.0
Coffs Harbour,1212,0.0,2.0,1.5513047509593831,10,1.2892373331307903
Coffs Harbour,1212,1.0,1.0,1.0122586639451085,9,0.9878897910368755
Coffs Harbour,1212,2.0,2.0,2.414172446120594,28,0.8284412338538035
Coffs Harbour,1212,3.0,4.0,4.170142605797761,38,0.9591998111620426
Coffs Harbour,1212,4.0,1.0,0.4821227568456887,9,2.0741605448009715
Coffs Harbour,1212,5.0,0.0,0.36999877633146483,3,0.0
Coffs Harbour,1213,0.0,1.0,0.23800633760550938,3,4.201568790396999
Coffs Harbour,1213,1.0,0.0,0.24380923482531594,1,0.0
Coffs Harbour,1213,2.0,0.0,0.9807378216785476,8,0.0
Coffs Harbour,1213,3.0,2.0,1.0781913136855126,10,1.854958368347012
Coffs Harbour,1213,4.0,0.0,0.36933465602990884,8,0.0
Coffs Harbour,1213,5.0,0.0,0.026352440516730608,1,0.0
Coffs Harbour,1215,0.0,2.0,1.2456147660387338,15,1.6056328605997015
Coffs Harbour,1215,1.0,2.0,2.770834440267752,16,0.7218042229209247
Coffs Harbour,1215,2.0,6.0,3.815386989170808,31,1.5725796667624456
Coffs Harbour,1215,3.0,5.0,5.698741499705842,73,0.8773867002491849
Coffs Harbour,1215,4.0,0.0,1.413748152349169,24,0.0
Coffs Harbour,1215,5.0,0.0,0.05567415246769512,2,0.0
Coffs Harbour,1218,0.0,1.0,0.27563198469816586,3,3.628025974906585
Coffs Harbour,1218,1.0,0.0,0.16920025692746307,1,0.0
Coffs Harbour,1218,2.0,1.0,0.748887359890504,5,1.3353142989971303
Coffs Harbour,1218,3.0,1.0,0.9597391016695518,9,1.0419498364299327
Coffs Harbour,1218,4.0,0.0,0.785614606918873,9,0.0
Coffs Harbour,1218,5.0,0.0,0.06092668989544228,2,0.0
Coffs Harbour,1220,0.0,1.0,0.5708834597233774,2,1.7516709986387622
Coffs Harbour,1220,1.0,0.0,0.11509953341997142,2,0.0
Coffs Harbour,1220,2.0,1.0,0.8028401783781417,6,1.2455779206518425
Coffs Harbour,1220,3.0,0.0,0.49728719242603014,6,0.0
Coffs Harbour,1220,4.0,0.0,0.01388963605247924,1,0.0
Coffs Harbour,1300,0.0,5.0,3.037532606294119,25,1.6460728650745744
Coffs Harbour,1300,1.0,0.0,2.0881225495043454,23,0.0
Coffs Harbour,1300,2.0,13.0,8.092241438711234,72,1.6064770309263503
Coffs Harbour,1300,3.0,5.0,8.057572017279387,99,0.6205343234013356
Coffs Harbour,1300,4.0,2.0,3.7018698539681063,64,0.5402675077450821
Coffs Harbour,1300,5.0,0.0,0.02266153424280888,3,0.0
Coffs Harbour,1305,0.0,5.0,1.3959547437107107,7,3.5817780071501875
Coffs Harbour,1305,1.0,0.0,0.2236768535651768,4,0.0
Coffs Harbour,1305,2.0,2.0,1.662391540211548,19,1.203086006889502
Coffs Harbour,1305,3.0,0.0,2.700020628921647,30,0.0
Coffs Harbour,1305,4.0,0.0,0.8473018534586643,13,0.0
Coffs Harbour,1305,5.0,0.0,0.17065438013225315,2,0.0
Coffs Harbour,1312,0.0,0.0,0.25664919577464507,3,0.0
Coffs Harbour,1312,1.0,0.0,0.5644483812144864,4,0.0
Coffs Harbour,1312,2.0,2.0,0.6969531868468128,6,2.869633194516967
Coffs Harbour,1312,3.0,1.0,1.2246831961362532,15,0.8165376998352676
Coffs Harbour,1312,4.0,0.0,0.25726604002780257,2,0.0
Coffs Harbour,1313,0.0,1.0,0.8635820790434718,6,1.1579675218684813
Coffs Harbour,1313,1.0,2.0,0.475995820120215,5,4.201717568643545
Coffs Harbour,1313,2.0,0.0,1.3888024963300194,15,0.0
Coffs Harbour,1313,3.0,2.0,2.10356287103987,22,0.950767874606631
Coffs Harbour,1313,4.0,1.0,1.1242363386987626,18,0.8894926854592168
Coffs Harbour,1313,5.0,0.0,0.043820394767661044,1,0.0
Coffs Harbour,1315,0.0,6.0,2.860028375455457,19,2.0978812837982788
Coffs Harbour,1315,1.0,0.0,1.5673964504711848,16,0.0
Coffs Harbour,1315,2.0,5.0,4.680145891985698,46,1.068342764391602
Coffs Harbour,1315,3.0,6.0,7.43850643433942,67,0.8066135390165637
Coffs Harbour,1315,4.0,2.0,2.197572078171295,35,0.9100952910105665
Coffs Harbour,1315,5.0,0.0,0.2563507695769448,6,0.0
Coffs Harbour,1318,0.0,0.0,0.2184012269464957,1,0.0
Coffs Harbour,1318,1.0,0.0,0.02606724321619465,1,0.0
Coffs Harbour,1318,2.0,0.0,0.08944642280066792,3,0.0
Coffs Harbour,1318,3.0,1.0,0.640017863820447,6,1.5624563883744091
Coffs Harbour,1318,4.0,0.0,0.02606724321619465,1,0.0
Coffs Harbour,1400,0.0,3.0,3.6800420907271514,26,0.8152080672009978
Coffs Harbour,1400,1.0,0.0,1.4236069442906831,17,0.0
Coffs Harbour,1400,2.0,9.0,5.428581017900982,57,1.6578918082500949
Coffs Harbour,1400,3.0,9.0,9.983029896064844,95,0.9015299056199021
Coffs Harbour,1400,4.0,5.0,4.404340817831774,73,1.13524366228803
Coffs Harbour,1400,5.0,0.0,1.0263666770857338,19,0.0
Coffs Harbour,1405,0.0,3.0,1.673391230142744,12,1.7927666560939806
Coffs Harbour,1405,1.0,3.0,1.4457625750846572,11,2.0750295046365643
Coffs Harbour,1405,2.0,4.0,3.8585866409524474,36,1.0366490044688088
Coffs Harbour,1405,3.0,0.0,3.7757327629304998,41,0.0
Coffs Harbour,1405,4.0,2.0,1.246526790889652,20,1.6044580947775624
Coffs Harbour,1412,0.0,1.0,0.7528001372627918,5,1.3283738279273376
Coffs Harbour,1412,1.0,0.0,0.5333729913126222,5,0.0
Coffs Harbour,1412,2.0,0.0,1.510672353399501,12,0.0
Coffs Harbour,1412,3.0,4.0,2.2031545180250847,20,1.815578511300067
Coffs Harbour,1413,0.0,0.0,0.30813814821649693,2,0.0
Coffs Harbour,1413,1.0,0.0,0.24330618809020438,2,0.0
Coffs Harbour,1413,2.0,0.0,0.3329826595482316,4,0.0
Coffs Harbour,1413,3.0,1.0,0.5368323467454624,6,1.8627789589477686
Coffs Harbour,1413,4.0,0.0,0.17611478177671155,4,0.0
Coffs Harbour,1413,5.0,1.0,0.4026258756228931,4,2.4836953125601364
Coffs Harbour,1415,0.0,5.0,1.7150988016051452,14,2.9152839447619847
Coffs Harbour,1415,1.0,0.0,0.5383090115110304,8,0.0
Coffs Harbour,1415,2.0,1.0,3.488482003360193,37,0.2866576347639962
Coffs Harbour,1415,3.0,5.0,5.339190202052387,60,0.9364716016443838
Coffs Harbour,1415,4.0,2.0,2.3836751749972946,34,0.8390404955248443
Coffs Harbour,1415,5.0,1.0,0.5352448064739501,10,1.8683039758717754
Coffs Harbour,1420,0.0,0.0,0.04077417893324431,1,0.0
Coffs Harbour,1420,2.0,1.0,0.8142317398379884,4,1.2281515827410203
Coffs Harbour,1420,3.0,0.0,0.14499408122876734,3,0.0
Coffs Harbour,1500,0.0,0.0,0.5477585813565284,5,0.0
Coffs Harbour,1500,1.0,1.0,0.5300148578789317,6,1.8867395604755375
Coffs Harbour,1500,2.0,1.0,1.2376204118972183,8,0.8080021874130562
Coffs Harbour,1500,3.0,1.0,1.159460964718636,17,0.8624697427762632
Coffs Harbour,1500,4.0,2.0,1.4817988325783875,15,1.3497108757468261
Coffs Harbour,1500,5.0,0.0,0.043346351570297974,1,0.0
Coffs Harbour,1505,0.0,0.0,0.18629156045975787,1,0.0
Coffs Harbour,1505,1.0,0.0,0.17819192739629014,1,0.0
Coffs Harbour,1505,2.0,0.0,0.1147194121542032,2,0.0
Coffs Harbour,1505,3.0,0.0,0.3007287111381347,5,0.0
Coffs Harbour,1505,4.0,1.0,0.22006838885161406,5,4.544041991756807
Coffs Harbour,1515,0.0,1.0,0.2144745646514042,4,4.6625575467438205
Coffs Harbour,1515,1.0,0.0,0.17274151561489984,3,0.0
Coffs Harbour,1515,2.0,0.0,0.7923662386930737,10,0.0
Coffs Harbour,1515,3.0,2.0,1.5465009037324589,13,1.2932420506014755
Coffs Harbour,1515,4.0,1.0,1.192086648981502,11,0.8388651956251523
Coffs Harbour,1515,5.0,0.0,0.08183012832666167,2,0.0
Coffs Harbour,1518,0.0,0.0,0.07420375896030673,1,0.0
Coffs Harbour,1518,2.0,0.0,0.17023215290893898,3,0.0
Coffs Harbour,1518,3.0,1.0,0.7012437989628199,5,1.4260375656498607
Coffs Harbour,1518,4.0,0.0,0.05432028916793438,3,0.0
Coffs Harbour,1600,0.0,5.0,2.6797383022996657,25,1.8658538394249766
Coffs Harbour,1600,1.0,3.0,1.41577992457599,14,2.118973399695907
Coffs Harbour,1600,2.0,7.0,6.004992507096956,53,1.1656967084849983
Coffs Harbour,1600,3.0,6.0,8.206464771660501,104,0.7311309031289434
Coffs Harbour,1600,4.0,3.0,5.99138010621304,83,0.5007193579470965
Coffs Harbour,1600,5.0,1.0,0.7016443881538478,14,1.4252233993222398
Coffs Harbour,1605,0.0,1.0,0.998070277959061,9,1.0019334530679394
Coffs Harbour,1605,1.0,1.0,1.2611259656973899,7,0.7929422018101182
Coffs Harbour,1605,2.0,4.0,1.742663543048763,19,2.2953369375031865
Coffs Harbour,1605,3.0,1.0,3.271962266882127,34,0.3056269964118218
Coffs Harbour,1605,4.0,2.0,1.6637337445939957,26,1.202115426521005
Coffs Harbour,1605,5.0,0.0,0.04903405885079563,4,0.0
Coffs Harbour,1612,0.0,1.0,0.5120262252968215,4,1.9530249635559198
Coffs Harbour,1612,1.0,0.0,0.2533326257895666,3,0.0
Coffs Harbour,1612,2.0,3.0,0.8045848113544606,10,3.7286311618904615
Coffs Harbour,1612,3.0,0.0,1.834914391675667,18,0.0
Coffs Harbour,1612,4.0,0.0,0.5951419458834845,5,0.0
Coffs Harbour,1613,0.0,1.0,0.4225464241381335,3,2.366603863799573
Coffs Harbour,1613,1.0,0.0,0.2200400363955587,3,0.0
Coffs Harbour,1613,2.0,0.0,0.5732118146019733,6,0.0
Coffs Harbour,1613,3.0,2.0,1.4426838492254888,13,1.3863051153402104
Coffs Harbour,1613,4.0,0.0,0.34151787563884595,5,0.0
Coffs Harbour,1615,0.0,2.0,1.7512895896760516,16,1.1420155819974662
Coffs Harbour,1615,1.0,1.0,0.6730212426622577,10,1.4858372018754096
Coffs Harbour,1615,2.0,3.0,3.7724255851836803,38,0.7952443148998337
Coffs Harbour,1615,3.0,6.0,6.063383266158649,60,0.9895465512608435
Coffs Harbour,1615,4.0,4.0,3.2650080430537165,45,1.2251118365573324
Coffs Harbour,1615,5.0,0.0,0.47487227326564463,7,0.0
Coffs Harbour,1618,0.0,0.0,0.14889654206526784,2,0.0
Coffs Harbour,1618,1.0,0.0,0.2283356622395409,1,0.0
Coffs Harbour,1618,2.0,0.0,0.37658150439139193,6,0.0
Coffs Harbour,1618,3.0,2.0,0.8280338530335791,8,2.41536018445721
Coffs Harbour,1618,4.0,0.0,0.41815243827022036,3,0.0
Coffs Harbour,1620,0.0,0.0,0.12039240806404014,1,0.0
Coffs Harbour,1620,1.0,1.0,0.24078481612808028,1,4.153085797021651
Coffs Harbour,1620,2.0,0.0,0.5093552114779787,3,0.0
Coffs Harbour,1620,3.0,0.0,0.12946756432990086,3,0.0
Coffs Harbour,2000,0.0,0.0,0.3933070056570099,7,0.0
Coffs Harbour,2000,1.0,0.0,0.6673544905243639,4,0.0
Coffs Harbour,2000,2.0,0.0,0.9560786581711151,11,0.0
Coffs Harbour,2000,3.0,2.0,2.2572021120148267,25,0.8860526885714977
Coffs Harbour,2000,4.0,5.0,2.6739029667331766,36,1.8699257460747416
Coffs Harbour,2000,5.0,0.0,0.052154766899507876,2,0.0
Coffs Harbour,2005,0.0,0.0,0.2374043920375312,2,0.0
Coffs Harbour,2005,1.0,0.0,0.13186262745784066,4,0.0
Coffs Harbour,2005,2.0,0.0,0.48160429484228306,5,0.0
Coffs Harbour,2005,3.0,2.0,1.0360545028832255,10,1.930400374144623
Coffs Harbour,2005,4.0,0.0,0.11307418277911957,5,0.0
Coffs Harbour,2013,0.0,1.0,0.06458565555386064,1,15.483314234784823
Coffs Harbour,2013,2.0,0.0,0.23661835625641675,3,0.0
Coffs Harbour,2013,3.0,0.0,0.6987959881897226,4,0.0
Coffs Harbour,2015,0.0,1.0,0.19208520516575334,4,5.206023020550096
Coffs Harbour,2015,1.0,0.0,0.10952799728790819,3,0.0
Coffs Harbour,2015,2.0,1.0,1.244142837981004,9,0.8037662312333854
Coffs Harbour,2015,3.0,1.0,0.9133861778380105,14,1.094827165402267
Coffs Harbour,2015,4.0,0.0,0.9057697321224925,9,0.0
Coffs Harbour,2015,5.0,1.0,0.6350880496048316,5,1.5745848164238427
Coffs Harbour,2100,0.0,0.0,0.04022854139554084,1,0.0
Coffs Harbour,2100,1.0,1.0,0.4985298603755541,2,2.0058978999706794
Coffs Harbour,2100,2.0,0.0,0.26924174156836916,4,0.0
Coffs Harbour,2100,3.0,0.0,0.19199985666053584,1,0.0
Coffs Harbour,2200,0.0,0.0,0.09121613647116295,1,0.0
Coffs Harbour,2200,1.0,0.0,0.10945936376539554,1,0.0
Coffs Harbour,2200,2.0,0.0,0.2554051821192563,2,0.0
Coffs Harbour,2200,3.0,1.0,0.49261024087915606,4,2.030002458364063
Coffs Harbour,2200,4.0,0.0,0.05130907676502916,1,0.0
Colac,1000,0.0,3.0,1.7895265140951526,12,1.676421095955041
Colac,1000,1.0,4.0,2.562282585344114,19,1.5611080615695638
Colac,1000,2.0,4.0,5.267476226166789,41,0.7593769441482325
Colac,1000,3.0,1.0,2.2437921439562016,38,0.4456740802366941
Colac,1000,4.0,0.0,0.136922530437743,9,0.0
Colac,1008,0.0,0.0,0.05521360094502822,1,0.0
Colac,1008,1.0,1.0,0.15058254803189514,1,6.64087580579516
Colac,1008,2.0,0.0,0.6216613480698635,5,0.0
Colac,1008,3.0,0.0,0.1725425029532132,1,0.0
Colac,1100,0.0,7.0,1.6995563499388022,10,4.118721924255149
Colac,1100,1.0,1.0,1.1931227732565546,12,0.8381367135173877
Colac,1100,2.0,1.0,3.840749622999992,34,0.2603658395255936
Colac,1100,3.0,1.0,2.697461269241868,34,0.37071894651560794
Colac,1100,4.0,0.0,0.569109984562784,8,0.0
Colac,1110,0.0,0.0,0.43906231347170027,2,0.0
Colac,1110,1.0,0.0,0.35012609113377663,3,0.0
Colac,1110,2.0,1.0,0.8573767971162682,8,1.166348335251707
Colac,1110,3.0,1.0,0.24468073379293148,3,4.086958480540934
Colac,1110,4.0,0.0,0.10875406448532325,3,0.0
Colac,1200,0.0,11.0,5.346133050578986,31,2.057561960379699
Colac,1200,1.0,5.0,4.2366942822073295,26,1.1801653994715395
Colac,1200,2.0,8.0,8.95067617316127,94,0.8937872229126236
Colac,1200,3.0,4.0,8.785114211621963,107,0.455315651412743
Colac,1200,4.0,3.0,3.3377608302927086,48,0.8988061615358197
Colac,1200,5.0,0.0,0.27310667241456144,5,0.0
Colac,1208,0.0,0.0,0.09429208114336922,2,0.0
Colac,1208,1.0,0.0,0.39078970706884164,2,0.0
Colac,1208,2.0,2.0,0.25538633383524123,4,7.831272605566556
Colac,1208,3.0,0.0,0.3518521583148352,5,0.0
Colac,1208,4.0,0.0,0.9076797196377127,10,0.0
Colac,1210,0.0,1.0,0.5562102017732528,2,1.7978814426846212
Colac,1210,1.0,0.0,0.40103667946905763,2,0.0
Colac,1210,2.0,0.0,0.8032988133402771,7,0.0
Colac,1210,3.0,1.0,0.23945430541741253,7,4.1761621210227045
Colac,1600,0.0,6.0,3.582605844475308,28,1.674758614390284
Colac,1600,1.0,0.0,1.8930873231573386,20,0.0
Colac,1600,2.0,10.0,9.328570335265965,73,1.0719756233380955
Colac,1600,3.0,10.0,9.791008586822208,100,1.02134523847309
Colac,1600,4.0,2.0,2.928759147607041,40,0.6828830570223267
Colac,1600,5.0,0.0,0.47596876267213745,9,0.0
Colac,1608,0.0,0.0,0.09673873853023543,1,0.0
Colac,1608,1.0,0.0,0.2418468463255886,1,0.0
Colac,1608,2.0,0.0,0.2127575752990143,2,0.0
Colac,1608,3.0,0.0,0.12246400032200222,3,0.0
Colac,1608,4.0,1.0,0.3261928395231595,3,3.0656712190918607
Colac,1610,0.0,0.0,0.12489199722299063,1,0.0
Colac,1610,1.0,0.0,0.2536868693591997,1,0.0
Colac,1610,2.0,1.0,0.3740723246576899,2,2.673279828747263
Colac,1610,3.0,0.0,0.20599475873833226,4,0.0
Colac,1610,4.0,0.0,0.04135405002178759,2,0.0
Colac,2000,0.0,2.0,2.7217982173346416,22,0.7348083290165894
Colac,2000,1.0,2.0,0.9917875931174097,13,2.016560817940416
Colac,2000,2.0,6.0,5.84447798531133,51,1.0266100779367358
Colac,2000,3.0,8.0,9.013232966401398,84,0.8875838480844306
Colac,2000,4.0,4.0,3.3732819033181256,45,1.185788829586227
Colac,2000,5.0,0.0,0.05542133451709534,1,0.0
Colac,2008,0.0,1.0,0.19959232327672907,1,5.010212735554606
Colac,2008,2.0,0.0,0.5175791837698815,3,0.0
Colac,2008,3.0,0.0,0.0923114495154872,2,0.0
Colac,2008,4.0,0.0,0.19051704343790213,5,0.0
Colac,2010,0.0,1.0,0.7085013990856002,2,1.4114298169214785
Colac,2010,1.0,0.0,0.042446083301662774,1,0.0
Colac,2010,2.0,1.0,0.629854854580669,5,1.5876673692794796
Colac,2010,3.0,0.0,0.536841875968458,6,0.0
Colac,2010,4.0,0.0,0.06268565089942471,4,0.0
Colac,2010,5.0,0.0,0.01967013616418519,1,0.0
Colac,2850,0.0,0.0,0.130227911574378,1,0.0
Colac,2850,1.0,0.0,0.07054011876945473,1,0.0
Colac,2850,2.0,1.0,0.633164913311117,3,1.5793673638207932
Colac,2850,3.0,0.0,0.16606705634505028,3,0.0
Colac,3350,0.0,0.0,0.2109409645380978,1,0.0
Colac,3350,1.0,0.0,0.044408624113283744,1,0.0
Colac,3350,2.0,1.0,0.32919574768824356,3,3.037706310067603
Colac,3350,3.0,0.0,0.4071005660549057,4,0.0
Colac,3350,4.0,0.0,0.00835409760546922,1,0.0
Coleraine,1000,0.0,1.0,1.2470105001290512,5,0.8019178666871782
Coleraine,1000,1.0,2.0,0.6324814136046454,6,3.1621482576089894
Coleraine,1000,2.0,1.0,1.3617869076297369,18,0.7343292804456122
Coleraine,1000,3.0,1.0,1.739158174359201,15,0.5749908287487729
Coleraine,1000,4.0,0.0,0.008075426184261329,1,0.0
Coleraine,1000,5.0,0.0,0.011487578093104144,1,0.0
Coleraine,1300,0.0,3.0,1.65834489569145,14,1.8090326130555276
Coleraine,1300,1.0,5.0,2.38660467056034,19,2.095026487493663
Coleraine,1300,2.0,2.0,2.792791370493437,32,0.7161293969648135
Coleraine,1300,3.0,3.0,4.051887860737983,48,0.7403956138740722
Coleraine,1300,4.0,0.0,2.694623423290262,34,0.0
Coleraine,1300,5.0,1.0,0.4157477792265288,6,2.4053044898049336
Coleraine,1400,0.0,2.0,2.079675032331766,11,0.9616887104508663
Coleraine,1400,1.0,1.0,1.0847050400382654,9,0.9219096096066104
Coleraine,1400,2.0,3.0,2.4784052905086047,30,1.2104557763368704
Coleraine,1400,3.0,4.0,3.9448560878703596,42,1.0139786879169552
Coleraine,1400,4.0,1.0,1.390883990955661,18,0.7189672226458736
Coleraine,1400,5.0,0.0,0.021474558295343824,2,0.0
Coleraine,1600,0.0,0.0,1.5870819996097425,17,0.0
Coleraine,1600,1.0,2.0,1.914928359573486,13,1.0444254950850809
Coleraine,1600,2.0,4.0,4.224277773969026,31,0.9469074275013171
Coleraine,1600,3.0,8.0,5.866969430824046,63,1.363565993367782
Coleraine,1600,4.0,3.0,2.8661213077301912,44,1.0467107557201873
Coleraine,1600,5.0,0.0,0.2940023129127144,11,0.0
Coleraine,1800,0.0,2.0,1.0094480686452798,11,1.9812807237167545
Coleraine,1800,1.0,0.0,1.0960766897173768,13,0.0
Coleraine,1800,2.0,5.0,2.953760175376622,31,1.6927576049272417
Coleraine,1800,3.0,2.0,4.818842312712465,42,0.41503744472481513
Coleraine,1800,4.0,2.0,0.859693913736579,14,2.326409397627567
Coleraine,1800,5.0,0.0,0.2303123206261845,1,0.0
Coleraine,2250,0.0,3.0,1.8816443971754404,10,1.5943501357128569
Coleraine,2250,1.0,0.0,1.1653947854853073,10,0.0
Coleraine,2250,2.0,4.0,2.8869828648429965,28,1.3855295258974574
Coleraine,2250,3.0,1.0,2.8288932367105373,33,0.3534951361977906
Coleraine,2250,4.0,2.0,1.1129599884351649,21,1.7970097944060182
Coleraine,2250,5.0,0.0,0.12412472735055394,2,0.0
Coleraine,3000,0.0,0.0,0.09296166170144908,1,0.0
Coleraine,3000,2.0,0.0,0.0760595413920947,1,0.0
Coleraine,3000,3.0,1.0,0.8117223806078604,4,1.2319482915466091
Coleraine,3000,4.0,0.0,0.019256416298595685,2,0.0
Coleraine,3350,0.0,1.0,0.3123581964597213,1,3.2014527274585234
Coleraine,3350,1.0,0.0,0.2882094955569529,2,0.0
Coleraine,3350,2.0,0.0,0.23605112618328394,2,0.0
Coleraine,3350,3.0,0.0,0.16338118180004185,4,0.0
Collie,1100,0.0,3.0,0.994661802424258,4,3.0161005405939934
Collie,1100,1.0,0.0,0.946865795973645,6,0.0
Collie,1100,2.0,1.0,1.3781508059184888,14,0.7256099954413445
Collie,1100,3.0,0.0,0.6067328604728899,9,0.0
Collie,1100,4.0,0.0,0.07358873521071882,2,0.0
Collie,1400,0.0,1.0,0.7946890925812851,5,1.2583537503350275
Collie,1400,1.0,1.0,1.5915248881094266,10,0.6283282199802107
Collie,1400,2.0,2.0,1.0528208643976054,13,1.8996584011890227
Collie,1400,3.0,1.0,0.8508630522173933,13,1.1752772639427085
Collie,1400,4.0,0.0,0.6011197659974533,7,0.0
Collie,1400,5.0,0.0,0.10898233669683625,2,0.0
Collie,1990,0.0,1.0,0.26149231697731806,2,3.8242041355530163
Collie,1990,1.0,0.0,0.5506096230383521,4,0.0
Collie,1990,2.0,0.0,0.15350134695653894,2,0.0
Collie,1990,3.0,1.0,0.9665907529116685,9,1.03456400445348
Collie,1990,4.0,0.0,0.06780596011612242,2,0.0
Coonabarabran,900,0.0,3.0,0.6335576006969597,4,4.735165353078838
Coonabarabran,900,1.0,0.0,0.6003310062927537,8,0.0
Coonabarabran,900,2.0,1.0,1.796422723707445,13,0.5566618518030138
Coonabarabran,900,3.0,0.0,0.9236906903668807,9,0.0
Coonabarabran,900,4.0,0.0,0.045997978935960755,1,0.0
Coonabarabran,1100,0.0,2.0,1.4618385871189605,8,1.3681401063175282
Coonabarabran,1100,1.0,2.0,1.0408747946731147,13,1.9214606888699781
Coonabarabran,1100,2.0,3.0,2.9067660681542544,29,1.032074797097431
Coonabarabran,1100,3.0,0.0,2.08564645763481,23,0.0
Coonabarabran,1100,4.0,1.0,0.45378484632608856,9,2.2036875142397387
Coonabarabran,1100,5.0,0.0,0.05108924609277177,2,0.0
Coonabarabran,1200,0.0,5.0,3.070354495888967,23,1.6284764533524454
Coonabarabran,1200,1.0,1.0,2.8333918995543,27,0.3529338811751747
Coonabarabran,1200,2.0,7.0,7.546746643791618,66,0.9275520075605821
Coonabarabran,1200,3.0,5.0,6.065324131290832,96,0.8243582522169169
Coonabarabran,1200,4.0,5.0,3.3771188439019726,54,1.4805519826548144
Coonabarabran,1200,5.0,0.0,0.10706398557231128,5,0.0
Coonabarabran,1400,0.0,5.0,1.3427153472039683,13,3.7237974604311
Coonabarabran,1400,1.0,0.0,0.6667772800314226,12,0.0
Coonabarabran,1400,2.0,3.0,3.350432079224914,34,0.895406899486832
Coonabarabran,1400,3.0,4.0,5.505719818797115,50,0.7265171733482647
Coonabarabran,1400,4.0,1.0,1.991347094024455,30,0.5021726262592568
Coonabarabran,1400,5.0,0.0,0.1430083807181256,6,0.0
Coonabarabran,1600,0.0,3.0,2.748915924979314,23,1.0913393067933046
Coonabarabran,1600,1.0,2.0,3.164792211070694,24,0.6319530214349749
Coonabarabran,1600,2.0,6.0,4.5362243093952115,53,1.3226859147095276
Coonabarabran,1600,3.0,11.0,8.5844530698145,86,1.281386235155654
Coonabarabran,1600,4.0,1.0,2.709839942670906,36,0.3690254853260328
Coonabarabran,1600,5.0,0.0,1.2557745420693742,17,0.0
Coonamble,1100,0.0,13.0,4.813519343681494,35,2.700726655864499
Coonamble,1100,1.0,6.0,5.458530669151673,36,1.0991969018161583
Coonamble,1100,2.0,8.0,10.620115492855884,112,0.7532874765233554
Coonamble,1100,3.0,6.0,11.011288147703898,137,0.5448953764098105
Coonamble,1100,4.0,2.0,3.046626988095681,57,0.6564636917531267
Coonamble,1100,5.0,0.0,0.049919358511371484,2,0.0
Coonamble,1200,0.0,5.0,1.5752699012953832,15,3.1740592490774926
Coonamble,1200,1.0,4.0,2.298195196635583,18,1.7404961971270998
Coonamble,1200,2.0,3.0,4.487520688938626,41,0.6685205947673414
Coonamble,1200,3.0,2.0,5.02746213056654,56,0.39781503033909915
Coonamble,1200,4.0,1.0,1.6115520825638687,27,0.6205198149159837
Coonamble,1300,0.0,2.0,1.2846080284481112,19,1.5568951428834896
Coonamble,1300,1.0,3.0,2.422450276244579,20,1.238415512350896
Coonamble,1300,2.0,7.0,6.186316674623376,56,1.1315295301183657
Coonamble,1300,3.0,4.0,4.697160124693229,72,0.8515783779590097
Coonamble,1300,4.0,3.0,4.238041675720843,53,0.7078741148739964
Coonamble,1300,5.0,0.0,0.17142322026986132,5,0.0
Coonamble,1400,0.0,7.0,3.44551747319964,28,2.031625163548955
Coonamble,1400,1.0,2.0,2.166049907473671,17,0.9233397592083462
Coonamble,1400,2.0,9.0,8.307508903534993,79,1.0833572499898663
Coonamble,1400,3.0,5.0,9.089283001345189,107,0.5500983960186974
Coonamble,1400,4.0,4.0,4.3701490904580895,82,0.9153005806446549
Coonamble,1400,5.0,1.0,0.5385838239295624,11,1.8567211928199
Coonamble,1600,0.0,4.0,3.949257463606271,32,1.0128486270802395
Coonamble,1600,1.0,2.0,2.153265496605568,27,0.9288218304490656
Coonamble,1600,2.0,7.0,7.444179333722306,72,0.9403319944604017
Coonamble,1600,3.0,13.0,12.289416046445591,120,1.0578208070154747
Coonamble,1600,4.0,5.0,4.828855851777433,83,1.0354419666844208
Coonamble,1600,5.0,1.0,1.33502580784283,19,0.7490491900046684
Coonamble,2000,0.0,0.0,0.13060141550832396,2,0.0
Coonamble,2000,1.0,0.0,0.13779716294236516,1,0.0
Coonamble,2000,2.0,1.0,0.4465563244225226,3,2.239359169961772
Coonamble,2000,3.0,1.0,0.7528167767681534,9,1.3283444668874218
Coonamble,2000,4.0,0.0,0.48004637715040327,4,0.0
Coonamble,2000,5.0,0.0,0.052181943208231565,1,0.0
Cootamundra,1100,0.0,2.0,1.4332414361071744,8,1.3954383048205736
Cootamundra,1100,1.0,2.0,1.1661036591143374,12,1.7151133901071982
Cootamundra,1100,2.0,3.0,3.0176422363080175,23,0.9941536355450796
Cootamundra,1100,3.0,1.0,2.2295741968360714,30,0.44851613434487764
Cootamundra,1100,4.0,0.0,0.07984791982330054,2,0.0
Cootamundra,1100,5.0,0.0,0.07359055181109905,2,0.0
Cootamundra,1200,0.0,1.0,1.1233722848624308,9,0.8901768482942953
Cootamundra,1200,1.0,1.0,1.6953088637494522,13,0.5898630163404778
Cootamundra,1200,2.0,4.0,3.2742288055315605,31,1.2216617217594274
Cootamundra,1200,3.0,3.0,2.3970704564697924,26,1.2515276686602497
Cootamundra,1200,4.0,0.0,0.3149798280104764,2,0.0
Cootamundra,1400,0.0,4.0,1.3056279496297545,9,3.0636599049019333
Cootamundra,1400,1.0,1.0,0.9047571837937878,10,1.1052689250908672
Cootamundra,1400,2.0,2.0,2.7241730929250774,21,0.7341677388981559
Cootamundra,1400,3.0,0.0,2.823437580913079,32,0.0
Cootamundra,1400,4.0,2.0,0.9580140897631969,14,2.087651968140012
Cootamundra,1400,5.0,0.0,0.28399010297510446,5,0.0
Cootamundra,1600,0.0,4.0,1.325179303497043,8,3.0184594563500333
Cootamundra,1600,1.0,0.0,0.28049452768014793,5,0.0
Cootamundra,1600,2.0,2.0,2.543330374432096,20,0.7863705085685468
Cootamundra,1600,3.0,2.0,3.1954697921128803,34,0.625886060615074
Cootamundra,1600,4.0,0.0,0.6555260022778324,10,0.0
Corowa,900,0.0,2.0,1.197099730744215,7,1.6707045776015976
Corowa,900,1.0,1.0,0.7720320541901279,11,1.2952830061557659
Corowa,900,2.0,4.0,3.775899508021615,38,1.059350226747905
Corowa,900,3.0,0.0,1.254968707044042,15,0.0
Corowa,1000,0.0,17.0,6.976611346855001,45,2.4367130623756847
Corowa,1000,1.0,8.0,6.5420934199495795,62,1.2228501622438857
Corowa,1000,2.0,16.0,22.034554450165192,191,0.7261322227407258
Corowa,1000,3.0,4.0,8.247176391224869,123,0.4850144837760552
Corowa,1000,4.0,0.0,1.178986495792683,16,0.0
Corowa,1200,0.0,12.0,4.386826632046142,33,2.73546255790894
Corowa,1200,1.0,2.0,5.855318080841747,35,0.3415698297491098
Corowa,1200,2.0,11.0,11.608881652190558,98,0.9475503609707604
Corowa,1200,3.0,7.0,8.974671034433877,115,0.779972878464571
Corowa,1200,4.0,1.0,2.008451973060613,50,0.49789589863885736
Corowa,1200,5.0,0.0,0.1658506274270635,3,0.0
Corowa,1300,0.0,13.0,5.014039044871334,38,2.592720137131201
Corowa,1300,1.0,5.0,4.303927806947715,33,1.1617295234201268
Corowa,1300,2.0,13.0,12.615752348067854,105,1.0304577675061126
Corowa,1300,3.0,5.0,10.229745394204935,136,0.48877071787460696
Corowa,1300,4.0,2.0,5.158026251536626,91,0.3877452154114533
Corowa,1300,5.0,0.0,0.6520768221791647,12,0.0
Corowa,1400,0.0,9.0,3.8656223222909687,33,2.3282150323123476
Corowa,1400,1.0,3.0,3.0684247349177047,32,0.9777003704412063
Corowa,1400,2.0,11.0,10.0393907473657,81,1.0956840187624295
Corowa,1400,3.0,10.0,12.144286739586779,138,0.8234324678289224
Corowa,1400,4.0,0.0,3.377833813140075,63,0.0
Corowa,1400,5.0,0.0,0.23860053321008945,4,0.0
Corowa,1600,0.0,10.0,5.4188548973371145,41,1.8454083361623341
Corowa,1600,1.0,2.0,3.7496573112596745,28,0.5333820757417729
Corowa,1600,2.0,15.0,11.140097120085251,97,1.3464873634679058
Corowa,1600,3.0,7.0,14.927500681358593,166,0.4689331556180449
Corowa,1600,4.0,7.0,4.993747076691532,85,1.4017530108148077
Corowa,1600,5.0,0.0,0.6865445114471168,11,0.0
Cowra,950,0.0,2.0,1.2196387695547501,7,1.6398298003679679
Cowra,950,1.0,3.0,1.7060984619990216,18,1.758397927681691
Cowra,950,2.0,2.0,3.078726995306507,35,0.649619145526376
Cowra,950,3.0,0.0,0.8561247548856102,10,0.0
Cowra,950,4.0,0.0,0.13941101825411106,3,0.0
Cowra,1100,0.0,2.0,1.790051829220794,11,1.1172860848786685
Cowra,1100,1.0,4.0,2.3206707623488065,18,1.7236395894226306
Cowra,1100,2.0,5.0,3.1603953596445646,36,1.5820805408859755
Cowra,1100,3.0,0.0,2.456302759535258,36,0.0
Cowra,1100,4.0,0.0,0.9235970621606537,14,0.0
Cowra,1100,5.0,0.0,0.00788501598959785,1,0.0
Cowra,1200,0.0,7.0,4.2494273029017995,24,1.6472807983372069
Cowra,1200,1.0,6.0,3.7956537443731153,30,1.5807553597044326
Cowra,1200,2.0,6.0,7.816903135282651,70,0.7675673980042285
Cowra,1200,3.0,5.0,6.022740993506452,80,0.8301867879410484
Cowra,1200,4.0,0.0,2.03259525545794,39,0.0
Cowra,1200,5.0,0.0,0.08267956847804317,4,0.0
Cowra,1375,0.0,2.0,3.7536622035533633,22,0.5328129947619479
Cowra,1375,1.0,2.0,2.1911549325226383,17,0.9127606497900334
Cowra,1375,2.0,11.0,8.249724586022289,63,1.3333778461692611
Cowra,1375,3.0,6.0,6.045908828847646,77,0.9924066289870936
Cowra,1375,4.0,1.0,1.5929231464469558,35,0.6277766772555966
Cowra,1375,5.0,0.0,0.1666263026071073,4,0.0
Cowra,1700,0.0,0.0,0.8861741129179638,9,0.0
Cowra,1700,1.0,1.0,0.9977046468022623,7,1.0023006339652667
Cowra,1700,2.0,2.0,2.3951948560940934,22,0.835005133261455
Cowra,1700,3.0,3.0,3.238459355494772,30,0.9263664201651405
Cowra,1700,4.0,3.0,1.0447571365920905,19,2.8714807441141263
Cowra,1700,5.0,0.0,0.4377098920988176,5,0.0
Cranbourne,955,0.0,2.0,0.7252022616888254,3,2.7578512997773488
Cranbourne,955,1.0,1.0,0.6098296149282861,7,1.6398022915262922
Cranbourne,955,2.0,0.0,1.091538201271985,12,0.0
Cranbourne,955,3.0,0.0,0.5734299221109036,6,0.0
Cranbourne,1000,0.0,60.0,25.776449374471888,164,2.3277061603147695
Cranbourne,1000,1.0,32.0,36.095428695410575,298,0.8865388542696184
Cranbourne,1000,2.0,55.0,70.04458342662996,629,0.78521417801865
Cranbourne,1000,3.0,16.0,30.593599800396106,403,0.5229852029310014
Cranbourne,1000,4.0,1.0,1.393093566938411,38,0.7178268737524148
Cranbourne,1000,5.0,0.0,0.09684513615306976,1,0.0
Cranbourne,1170,0.0,1.0,0.18628920283662376,1,5.3679976336417266
Cranbourne,1170,1.0,0.0,0.1134931143435431,2,0.0
Cranbourne,1170,2.0,0.0,0.5056341975950683,3,0.0
Cranbourne,1170,3.0,0.0,0.18915519057257182,2,0.0
Cranbourne,1170,4.0,0.0,0.005428294652193011,1,0.0
Cranbourne,1200,0.0,49.0,23.644618986729792,167,2.0723531230298344
Cranbourne,1200,1.0,23.0,21.79578172397577,170,1.0552500612859215
Cranbourne,1200,2.0,57.0,59.75575465868537,501,0.9538830247492351
Cranbourne,1200,3.0,36.0,50.43459827746714,594,0.7137957122597695
Cranbourne,1200,4.0,2.0,10.799426058899483,175,0.18519502694792378
Cranbourne,1200,5.0,0.0,0.5563128577614436,11,0.0
Cranbourne,1300,0.0,23.0,14.41224555667898,107,1.5958651210561179
Cranbourne,1300,1.0,18.0,12.033481995067609,97,1.4958263956665245
Cranbourne,1300,2.0,31.0,36.11932685658377,293,0.8582662717688321
Cranbourne,1300,3.0,30.0,35.10398936590752,408,0.8546037228787323
Cranbourne,1300,4.0,5.0,8.897714314518417,140,0.5619420699809939
Cranbourne,1300,5.0,0.0,0.2961097923384334,8,0.0
Cranbourne,1400,0.0,37.0,20.33588794739636,159,1.8194435421609991
Cranbourne,1400,1.0,20.0,15.907999186897738,140,1.2572291313965207
Cranbourne,1400,2.0,48.0,52.988736229291185,422,0.9058528928166152
Cranbourne,1400,3.0,45.0,53.437488390092184,622,0.8421054461149305
Cranbourne,1400,4.0,9.0,16.026337574258037,262,0.5615755913226275
Cranbourne,1400,5.0,0.0,0.2593944708675931,11,0.0
Cranbourne,1500,0.0,9.0,4.754916741768949,40,1.8927776213073655
Cranbourne,1500,1.0,7.0,5.023138077856353,37,1.3935511808561079
Cranbourne,1500,2.0,12.0,12.852273094086208,109,0.933686976004395
Cranbourne,1500,3.0,9.0,12.5786097623972,141,0.7155003748430783
Cranbourne,1500,4.0,3.0,4.44645113559101,72,0.6746953713236405
Cranbourne,1500,5.0,0.0,0.2978316874962212,5,0.0
Cranbourne,1550,0.0,1.0,0.16530437052656885,1,6.049446828384209
Cranbourne,1550,1.0,0.0,0.026661995246220777,1,0.0
Cranbourne,1550,2.0,0.0,0.06357860404868032,2,0.0
Cranbourne,1550,3.0,0.0,0.7126657281541899,4,0.0
Cranbourne,1550,4.0,0.0,0.03178930202434016,1,0.0
Cranbourne,1600,0.0,29.0,16.671812836033425,131,1.739462905756787
Cranbourne,1600,1.0,10.0,12.001482962472899,111,0.8332303625534211
Cranbourne,1600,2.0,36.0,44.78912348271945,352,0.8037665665390735
Cranbourne,1600,3.0,43.0,42.91217670605651,477,1.002046582128543
Cranbourne,1600,4.0,13.0,13.66622764582885,214,0.9512500696538454
Cranbourne,1600,5.0,0.0,0.8903845516179982,18,0.0
Cranbourne,2025,0.0,10.0,7.02118402240553,67,1.4242612026815809
Cranbourne,2025,1.0,5.0,6.089826868968809,55,0.821041403570583
Cranbourne,2025,2.0,20.0,20.774422531066612,170,0.9627223076882874
Cranbourne,2025,3.0,25.0,24.99393031292496,273,1.0002428464430784
Cranbourne,2025,4.0,6.0,7.77309911431526,126,0.7718928977697136
Cranbourne,2025,5.0,1.0,0.3338300545980054,10,2.9955361604700013
Cranbourne,2060,0.0,6.0,3.1679694680306056,23,1.8939576471770574
Cranbourne,2060,1.0,2.0,2.5190630054587397,19,0.7939460012179351
Cranbourne,2060,2.0,7.0,5.376344333272265,55,1.3019999401227917
Cranbourne,2060,3.0,8.0,8.311015657271154,89,0.9625779002113837
Cranbourne,2060,4.0,0.0,3.4303982135861277,48,0.0
Cranbourne,2060,5.0,0.0,0.027625456581010354,1,0.0
Cranbourne,2080,0.0,6.0,2.7857668845365087,22,2.1538054864911174
Cranbourne,2080,1.0,1.0,2.2099879799804913,17,0.4524911488472564
Cranbourne,2080,2.0,8.0,6.796552727383151,59,1.1770673046893594
Cranbourne,2080,3.0,7.0,7.175918644442579,68,0.975484860801924
Cranbourne,2080,4.0,0.0,2.845930712202831,42,0.0
Cranbourne,2080,5.0,0.0,0.17755575400253154,4,0.0
Cranbourne,2100,0.0,0.0,0.06222140374083538,1,0.0
Cranbourne,2100,1.0,0.0,0.03111070187041769,1,0.0
Cranbourne,2100,2.0,0.0,0.1505356542116985,2,0.0
Cranbourne,2100,3.0,1.0,0.7481235446460498,5,1.3366776211716707
Cranbourne,2100,4.0,0.0,0.008008695530998613,1,0.0
Cranbourne,2500,0.0,0.0,0.020731915759512234,1,0.0
Cranbourne,2500,2.0,1.0,0.21958554108616707,2,4.554033908851914
Cranbourne,2500,3.0,0.0,0.6787293482838442,6,0.0
Cranbourne,2500,4.0,0.0,0.08095319487047634,2,0.0
Cranbourne,2520,0.0,2.0,1.7159298513679615,13,1.1655488121531157
Cranbourne,2520,1.0,1.0,1.6134480853643214,15,0.6197906267149569
Cranbourne,2520,2.0,4.0,4.984134734893058,34,0.8025465226685583
Cranbourne,2520,3.0,6.0,4.253150980960816,52,1.4107187886954717
Cranbourne,2520,4.0,0.0,0.43333634741384264,9,0.0
Cranbourne,2540,0.0,2.0,0.7242265035606451,4,2.761566982383329
Cranbourne,2540,1.0,0.0,0.5708000145673146,5,0.0
Cranbourne,2540,2.0,1.0,1.1710194400159397,11,0.853956788271925
Cranbourne,2540,3.0,1.0,1.3261152897952504,14,0.7540822488777714
Cranbourne,2540,4.0,0.0,0.19878441573201822,5,0.0
Cranbourne,2540,5.0,0.0,0.009054336328831956,1,0.0
Cranbourne,2550,0.0,0.0,0.07929876498281987,1,0.0
Cranbourne,2550,1.0,0.0,0.07929876498281987,1,0.0
Cranbourne,2550,2.0,1.0,0.6232496771198746,3,1.604493410443696
Cranbourne,2550,3.0,0.0,0.2038530156225018,4,0.0
Cranbourne,2550,4.0,0.0,0.014299777291983912,1,0.0
Cranbourne,2580,0.0,1.0,0.95854818512698,9,1.0432443726003495
Cranbourne,2580,1.0,1.0,1.0263308484540743,8,0.9743446779430478
Cranbourne,2580,2.0,5.0,2.948759547361437,27,1.6956282530645885
Cranbourne,2580,3.0,2.0,3.2622812465503785,38,0.6130679266586387
Cranbourne,2580,4.0,0.0,0.397673589054701,6,0.0
Cranbourne,2580,5.0,0.0,0.40640658345242936,4,0.0
Cranbourne,2600,0.0,1.0,1.489495877968104,14,0.6713680882179749
Cranbourne,2600,1.0,1.0,1.603967329915582,14,0.6234540949488233
Cranbourne,2600,2.0,3.0,4.913895050374621,35,0.610513649405534
Cranbourne,2600,3.0,9.0,5.210220877378209,53,1.7273739850600756
Cranbourne,2600,4.0,0.0,0.774139616894529,16,0.0
Cranbourne,2600,5.0,0.0,0.00828124746895495,1,0.0
Cranbourne,2630,0.0,0.0,0.03906809415534113,1,0.0
Cranbourne,2630,1.0,0.0,0.3906809415534113,1,0.0
Cranbourne,2630,2.0,1.0,0.24115669028615117,2,4.1466815571793685
Cranbourne,2630,3.0,0.0,0.32909427400509644,5,0.0
Cranbourne,3000,0.0,1.0,0.34967965848106086,2,2.8597602855819577
Cranbourne,3000,1.0,0.0,0.26612694576382134,2,0.0
Cranbourne,3000,2.0,1.0,0.7092014024533491,6,1.410036692737335
Cranbourne,3000,3.0,0.0,0.2705718144894685,6,0.0
Cranbourne,3000,4.0,0.0,0.15482637903655586,4,0.0
Cranbourne,3000,5.0,0.0,0.2495937997757446,1,0.0
Dalby,1000,0.0,18.0,8.755253727204618,78,2.0559084363334663
Dalby,1000,1.0,20.0,20.432134028392145,143,0.9788502743868233
Dalby,1000,2.0,29.0,33.31459016228384,312,0.8704894719921099
Dalby,1000,3.0,9.0,13.275169786712839,179,0.6779574306468102
Dalby,1000,4.0,1.0,1.0586213871206447,21,0.9446247848061246
Dalby,1100,0.0,5.0,4.533497264297687,38,1.102901294189836
Dalby,1100,1.0,9.0,6.114525020756642,49,1.4719050080665619
Dalby,1100,2.0,14.0,12.34773408489252,109,1.133811264783312
Dalby,1100,3.0,8.0,11.864713030049733,128,0.6742683097128787
Dalby,1100,4.0,2.0,2.9545620369857466,32,0.6769192777012752
Dalby,1100,5.0,0.0,0.08084415224266364,2,0.0
Dalby,1200,0.0,10.0,6.128706355840598,56,1.6316657087788349
Dalby,1200,1.0,12.0,10.879933338947687,83,1.10294793416084
Dalby,1200,2.0,18.0,18.181626899285668,172,0.9900104154434715
Dalby,1200,3.0,13.0,16.359969434595676,182,0.7946225114888966
Dalby,1200,4.0,3.0,4.207866198154895,42,0.7129504263504073
Dalby,1200,5.0,0.0,0.24189777317547298,5,0.0
Dalby,1400,0.0,25.0,15.80200942977721,116,1.5820772738491191
Dalby,1400,1.0,10.0,11.266292844032165,101,0.8876034147556418
Dalby,1400,2.0,41.0,35.79935739722515,295,1.1452719540484813
Dalby,1400,3.0,35.0,40.576139025494484,413,0.8625759089106303
Dalby,1400,4.0,5.0,11.544593528423627,159,0.4331031653639114
Dalby,1400,5.0,0.0,1.0034690094027363,12,0.0
Dalby,1788,0.0,3.0,1.8745091094506416,8,1.6004190029672374
Dalby,1788,1.0,0.0,1.0533481648317664,9,0.0
Dalby,1788,2.0,1.0,1.208147207373349,13,0.8277137040064141
Dalby,1788,3.0,3.0,2.1381704035040543,27,1.403068714768276
Dalby,1788,4.0,1.0,1.3692695565955515,17,0.7303163903580275
Dalby,1788,5.0,0.0,0.3565555582446367,5,0.0
Dalby,2000,0.0,3.0,1.602639975633729,14,1.8719113747388683
Dalby,2000,1.0,1.0,0.838808724231576,9,1.1921669042201362
Dalby,2000,2.0,3.0,2.8061826221398016,30,1.069067984503591
Dalby,2000,3.0,5.0,5.243446145325321,47,0.9535713462905764
Dalby,2000,4.0,1.0,2.7135944028343375,26,0.36851491105505835
Dalby,2000,5.0,1.0,0.7953281298352348,9,1.2573426771754777
Derby,1120,0.0,1.0,0.5549814266727389,3,1.8018621019360337
Derby,1120,1.0,1.0,0.5407480729018448,2,1.8492899930898459
Derby,1120,2.0,0.0,0.8731476109121842,7,0.0
Derby,1120,3.0,1.0,0.8587673246411452,12,1.1644597684452793
Derby,1120,4.0,0.0,0.039061292131498,1,0.0
Derby,1400,0.0,0.0,0.037050014244061374,1,0.0
Derby,1400,1.0,1.0,0.059850023009637605,1,16.708431337427736
Derby,1400,2.0,0.0,0.2682932065949272,1,0.0
Derby,1400,3.0,0.0,0.26715010270717937,2,0.0
Derby,1400,4.0,0.0,0.29393011300288685,3,0.0
Derby,1400,5.0,0.0,0.07372654044130761,2,0.0
Derby,1800,0.0,0.0,0.18060063178750124,2,0.0
Derby,1800,1.0,0.0,0.17181177598213088,2,0.0
Derby,1800,2.0,1.0,0.7881137054737601,6,1.2688524422993865
Derby,1800,3.0,0.0,0.3887621088037112,5,0.0
Derby,1800,4.0,1.0,0.4445913018296908,4,2.249256780068696
Derby,1800,5.0,0.0,0.026120476123205796,1,0.0
Devonport Synthetic,1009,0.0,21.0,14.0991007678499,80,1.4894566927194521
Devonport Synthetic,1009,1.0,15.0,17.30666245342726,130,0.8667182387340969
Devonport Synthetic,1009,2.0,34.0,29.45921513248447,278,1.1541380124044254
Devonport Synthetic,1009,3.0,10.0,17.685685665799234,265,0.5654290248603765
Devonport Synthetic,1009,4.0,0.0,1.3765200240968223,37,0.0
Devonport Synthetic,1009,5.0,0.0,0.06457452761672826,2,0.0
Devonport Synthetic,1150,0.0,29.0,21.506763470161566,147,1.3484130255226237
Devonport Synthetic,1150,1.0,24.0,20.101849067516994,160,1.193920017973974
Devonport Synthetic,1150,2.0,59.0,53.729864659844466,472,1.0980857735920229
Devonport Synthetic,1150,3.0,29.0,38.54185661962383,525,0.7524287240805745
Devonport Synthetic,1150,4.0,6.0,12.349256152466575,226,0.4858592230918776
Devonport Synthetic,1150,5.0,0.0,0.7441314284132426,20,0.0
Devonport Synthetic,1350,0.0,24.0,17.826423027056357,149,1.346316081671213
Devonport Synthetic,1350,1.0,16.0,15.514315835398989,126,1.0313055483563656
Devonport Synthetic,1350,2.0,52.0,47.41465660270079,359,1.096707299511224
Devonport Synthetic,1350,3.0,48.0,50.260733185108954,521,0.9550198924320755
Devonport Synthetic,1350,4.0,8.0,16.576981361778177,224,0.4825969110664342
Devonport Synthetic,1350,5.0,1.0,1.3476023169337137,14,0.7420586826203774
Devonport Synthetic,1650,0.0,18.0,10.726711592519347,79,1.6780538793037876
Devonport Synthetic,1650,1.0,9.0,6.620768320072913,58,1.3593588485363108
Devonport Synthetic,1650,2.0,20.0,19.608002957565553,163,1.0199916862152043
Devonport Synthetic,1650,3.0,21.0,24.339774331601458,274,0.8627853205990791
Devonport Synthetic,1650,4.0,10.0,13.76239196511468,179,0.7266178746651234
Devonport Synthetic,1650,5.0,1.0,3.5463281408558114,54,0.281981802100997
Devonport Synthetic,1880,0.0,5.0,7.596310801991961,64,0.6582142477225739
Devonport Synthetic,1880,1.0,1.0,4.526416917421752,47,0.22092529659631976
Devonport Synthetic,1880,2.0,21.0,14.447787407679487,132,1.4535097594831574
Devonport Synthetic,1880,3.0,24.0,22.65712305837478,221,1.059269525886644
Devonport Synthetic,1880,4.0,10.0,11.643505224735584,143,0.8588478990635823
Devonport Synthetic,1880,5.0,3.0,3.1288565897964378,44,0.9588167159157585
Donald,1000,0.0,10.0,4.684812239135566,33,2.1345572649556566
Donald,1000,1.0,11.0,6.875855980683407,59,1.5998008147498581
Donald,1000,2.0,12.0,14.66312703844777,148,0.81837932444663
Donald,1000,3.0,0.0,6.612172215270933,107,0.0
Donald,1000,4.0,0.0,0.15858877772165905,8,0.0
Donald,1000,5.0,0.0,0.005443748740663984,1,0.0
Donald,1002,0.0,1.0,0.9116775946968707,8,1.0968789907933365
Donald,1002,1.0,2.0,1.462980558663944,13,1.367072165214885
Donald,1002,2.0,4.0,3.1808814205029865,35,1.2575130824485397
Donald,1002,3.0,1.0,2.436044511492862,32,0.41050153036291515
Donald,1002,4.0,0.0,0.008415914643337087,1,0.0
Donald,1006,0.0,0.0,0.20400807966486706,3,0.0
Donald,1006,1.0,0.0,0.6696432280678003,7,0.0
Donald,1006,2.0,1.0,0.95494281847328,11,1.0471831199262334
Donald,1006,3.0,2.0,1.1714058737940527,12,1.7073501548376426
Donald,1200,0.0,9.0,5.160181622814868,51,1.7441246564283759
Donald,1200,1.0,4.0,4.882777656147905,43,0.819205845870045
Donald,1200,2.0,26.0,19.23478697008016,156,1.3517175958560483
Donald,1200,3.0,11.0,16.861262955253498,202,0.6523829222752681
Donald,1200,4.0,1.0,4.737390637813796,81,0.2110866669972309
Donald,1200,5.0,0.0,0.12360015788977448,4,0.0
Donald,1204,0.0,2.0,1.9605820286794662,18,1.020105239538018
Donald,1204,1.0,4.0,2.3078980549045993,18,1.7331788080931272
Donald,1204,2.0,3.0,5.324580416360277,64,0.5634246767655563
Donald,1204,3.0,7.0,6.94594233873156,78,1.0077826245356238
Donald,1204,4.0,2.0,1.4609971613240984,26,1.368928053349128
Donald,1206,0.0,2.0,0.8455846713671269,6,2.3652273601015428
Donald,1206,1.0,1.0,0.3567714433995312,5,2.8029149151383956
Donald,1206,2.0,1.0,2.566098458865931,23,0.38969666052562263
Donald,1206,3.0,2.0,2.073603001994042,26,0.9645047765057906
Donald,1206,4.0,0.0,0.14445256733682557,4,0.0
Donald,1206,5.0,0.0,0.013489857036543425,1,0.0
Donald,1350,0.0,11.0,8.087570189005001,68,1.3601118435985171
Donald,1350,1.0,9.0,5.5148413517749475,50,1.6319599107059275
Donald,1350,2.0,25.0,18.81931217019588,180,1.328422621077112
Donald,1350,3.0,18.0,24.41601573858494,291,0.737221018888613
Donald,1350,4.0,5.0,10.40855946068544,162,0.480373871032364
Donald,1350,5.0,0.0,0.7537010897537928,17,0.0
Donald,1354,0.0,2.0,1.857889873817423,17,1.0764900698288333
Donald,1354,1.0,0.0,0.5649179367017457,11,0.0
Donald,1354,2.0,6.0,5.3166262017478125,46,1.1285352350006348
Donald,1354,3.0,8.0,6.74915599617796,75,1.1853333964321453
Donald,1354,4.0,1.0,2.367545255560369,38,0.42237840972687646
Donald,1354,5.0,0.0,0.14386473599468982,4,0.0
Donald,1356,0.0,0.0,0.5321373761464595,6,0.0
Donald,1356,1.0,0.0,0.6171440138550373,5,0.0
Donald,1356,2.0,3.0,1.8587834119000861,17,1.613958883425444
Donald,1356,3.0,3.0,2.7908194033995213,29,1.0749531110274186
Donald,1356,4.0,0.0,0.20111579469889534,8,0.0
Donald,1600,0.0,0.0,0.4697240528918645,2,0.0
Donald,1600,1.0,0.0,0.06875415917471844,1,0.0
Donald,1600,2.0,1.0,0.44255712367359434,4,2.259595307604956
Donald,1600,3.0,1.0,0.6890945397733117,12,1.4511796891163373
Donald,1600,4.0,0.0,0.3298701244865111,6,0.0
Donald,1620,0.0,15.0,5.008878637189384,55,2.9946822605422323
Donald,1620,1.0,4.0,3.3254751167179815,40,1.2028356429103968
Donald,1620,2.0,11.0,15.694363265059291,142,0.700888581092649
Donald,1620,3.0,15.0,19.01490679253,227,0.7888547739762125
Donald,1620,4.0,9.0,10.047397820999999,137,0.8957543197094436
Donald,1620,5.0,1.0,1.9089783675033485,35,0.5238404043875295
Donald,1624,0.0,2.0,2.0619478513146814,18,0.9699566352877528
Donald,1624,1.0,2.0,0.9210403892547494,11,2.1714574337161046
Donald,1624,2.0,5.0,4.367581740029799,36,1.1447982654048476
Donald,1624,3.0,7.0,6.272741369765291,71,1.115939521074487
Donald,1624,4.0,2.0,3.443100866730311,47,0.5808717424823137
Donald,1624,5.0,0.0,0.9335877829051684,14,0.0
Donald,1628,0.0,0.0,0.7916840549505886,6,0.0
Donald,1628,1.0,0.0,0.2385200738400314,3,0.0
Donald,1628,2.0,0.0,1.3777386031365397,12,0.0
Donald,1628,3.0,3.0,2.381942876271257,28,1.2594760478455564
Donald,1628,4.0,3.0,1.1964210556360753,13,2.5074784381866757
Donald,1628,5.0,0.0,0.013693336165508087,2,0.0
Donald,2000,0.0,2.0,1.3219900401553168,14,1.5128707019343548
Donald,2000,1.0,1.0,0.7951958268949532,8,1.257551871096655
Donald,2000,2.0,4.0,3.5238828873808252,36,1.1351115028039582
Donald,2000,3.0,4.0,5.311971017769574,57,0.7530161566430283
Donald,2000,4.0,3.0,2.9507050989629606,44,1.016706142899324
Donald,2000,5.0,0.0,0.09625512883636968,3,0.0
Donald,2008,0.0,1.0,0.6109426903480324,8,1.6368147385973886
Donald,2008,1.0,0.0,0.4890054904469754,6,0.0
Donald,2008,2.0,1.0,2.098214763102054,18,0.47659563624534534
Donald,2008,3.0,5.0,3.1351836362471652,32,1.5948029143151028
Donald,2008,4.0,1.0,1.6344106012406239,20,0.6118413569031766
Donald,2200,0.0,4.0,2.0699277706549957,18,1.932434578977731
Donald,2200,1.0,1.0,1.109484472653805,13,0.901319508877915
Donald,2200,2.0,5.0,5.757477464224967,45,0.8684358785715312
Donald,2200,3.0,6.0,6.642640379992822,79,0.9032552805465112
Donald,2200,4.0,2.0,2.420469912473411,30,0.8262858338760575
Donald,2210,0.0,2.0,0.8231445903847415,5,2.429706789502426
Donald,2210,1.0,0.0,0.731620529662173,3,0.0
Donald,2210,2.0,2.0,1.7312305526335847,14,1.1552476340933087
Donald,2210,3.0,1.0,1.3706670292256578,18,0.72957179145466
Donald,2210,4.0,0.0,0.34333729809384295,7,0.0
Donald,2218,0.0,0.0,0.23594507535929063,3,0.0
Donald,2218,1.0,0.0,0.11071249487174775,1,0.0
Donald,2218,2.0,1.0,0.38339383517661896,4,2.608283984376868
Donald,2218,3.0,1.0,1.0956288057536225,12,0.9127178792201938
Donald,2218,4.0,1.0,0.9794005315714651,8,1.0210327315173933
Donald,2218,5.0,0.0,0.19491925726725481,1,0.0
Dongara,1100,0.0,0.0,0.16857633844592468,1,0.0
Dongara,1100,2.0,1.0,0.6095019821213692,5,1.640683753840314
Dongara,1100,3.0,0.0,0.17933397287794622,3,0.0
Dongara,1100,4.0,0.0,0.042587706554759915,1,0.0
Dongara,1200,0.0,3.0,0.9306505256196052,6,3.2235516097760444
Dongara,1200,1.0,0.0,0.36218891185575375,3,0.0
Dongara,1200,2.0,2.0,1.9304564905152672,17,1.0360243858519549
Dongara,1200,3.0,0.0,1.701191817617261,17,0.0
Dongara,1200,4.0,0.0,0.07551225439211322,2,0.0
Dongara,1850,0.0,0.0,0.2480295681178465,3,0.0
Dongara,1850,1.0,0.0,0.2970126601773468,4,0.0
Dongara,1850,2.0,2.0,1.2477055796942604,10,1.602942258613673
Dongara,1850,3.0,1.0,1.0371019029252595,11,0.9642254027105635
Dongara,1850,4.0,0.0,0.17015028908528645,4,0.0
Doomben,1050,0.0,24.0,14.430934770299123,87,1.6630939285648598
Doomben,1050,1.0,14.0,15.291903800330152,117,0.9155171378790481
Doomben,1050,2.0,34.0,32.74132724752839,290,1.0384429361386571
Doomben,1050,3.0,13.0,21.453038897127403,303,0.6059747554804799
Doomben,1050,4.0,2.0,3.082795284714933,49,0.648761859055763
Doomben,1110,0.0,42.0,30.426201550934792,220,1.3803891994105857
Doomben,1110,1.0,40.0,29.501151252901103,239,1.3558792894926923
Doomben,1110,2.0,75.0,78.09245187040291,696,0.96040011811212
Doomben,1110,3.0,55.0,67.75382090159516,851,0.811762337062604
Doomben,1110,4.0,8.0,14.042759931505808,246,0.569688582516568
Doomben,1110,5.0,0.0,0.18361449266022523,5,0.0
Doomben,1200,0.0,123.0,74.57237215782148,500,1.6494044166878392
Doomben,1200,1.0,67.0,57.677736186337995,459,1.1616267286140496
Doomben,1200,2.0,153.0,154.4866514161846,1376,0.9903768293081867
Doomben,1200,3.0,132.0,163.368537829879,1956,0.8079891131636124
Doomben,1200,4.0,23.0,46.716441377479384,842,0.4923320210577431
Doomben,1200,5.0,1.0,2.0955866980715485,50,0.4771933325021791
Doomben,1350,0.0,93.0,60.41054051613789,503,1.5394664441904182
Doomben,1350,1.0,46.0,46.34043904212808,417,0.9926535214347324
Doomben,1350,2.0,146.0,142.79786791698874,1260,1.0224242289448797
Doomben,1350,3.0,163.0,177.59694207606242,1992,0.9178085956580787
Doomben,1350,4.0,50.0,68.1575992198808,1094,0.7335939142852844
Doomben,1350,5.0,3.0,5.214204444509429,112,0.5753514331719402
Doomben,1600,0.0,13.0,11.077781096726243,98,1.1735202100935016
Doomben,1600,1.0,8.0,7.178529966464675,76,1.1144342974638146
Doomben,1600,2.0,26.0,21.598169475152464,200,1.2038057220502694
Doomben,1600,3.0,38.0,39.101036958043494,396,0.9718412337957958
Doomben,1600,4.0,13.0,17.03966436257966,267,0.762925825496243
Doomben,1600,5.0,0.0,1.9886060822536216,34,0.0
Doomben,1615,0.0,5.0,6.61807100867756,64,0.755507155097617
Doomben,1615,1.0,9.0,5.817185265997271,52,1.5471399978623652
Doomben,1615,2.0,14.0,13.929009686122267,135,1.0050965801214469
Doomben,1615,3.0,26.0,24.415187594683946,229,1.064910924774591
Doomben,1615,4.0,8.0,11.598726201432555,167,0.6897309119178899
Doomben,1615,5.0,2.0,1.5300035422549172,25,1.3071865160863632
Doomben,1630,0.0,7.0,4.739297234817516,40,1.4770122347621717
Doomben,1630,1.0,1.0,1.9573749920756833,27,0.5108883091121735
Doomben,1630,2.0,11.0,10.589655832643789,82,1.038749528203861
Doomben,1630,3.0,19.0,14.99580311379092,167,1.2670211695782143
Doomben,1630,4.0,2.0,7.332242215405663,100,0.27276785753174254
Doomben,1630,5.0,0.0,0.38562661126642866,6,0.0
Doomben,1640,0.0,7.0,7.942051641597552,67,0.8813843470038105
Doomben,1640,1.0,6.0,7.142241972188951,56,0.840072350301669
Doomben,1640,2.0,27.0,17.73795599832226,148,1.5221595995927484
Doomben,1640,3.0,19.0,22.20945266583498,230,0.8554915911650487
Doomben,1640,4.0,8.0,11.420988978541612,144,0.7004647333983812
Doomben,1640,5.0,0.0,0.5473087435146453,15,0.0
Doomben,1650,0.0,11.0,8.24716745956372,73,1.3337912748751082
Doomben,1650,1.0,9.0,6.333239300096584,58,1.42107373076251
Doomben,1650,2.0,22.0,19.142712292416423,163,1.149262427598388
Doomben,1650,3.0,25.0,28.69082686376569,285,0.8713586443049879
Doomben,1650,4.0,6.0,10.39210471959193,146,0.5773613875049176
Doomben,1650,5.0,0.0,0.15116854093872387,2,0.0
Doomben,1660,0.0,8.0,5.07910401764779,42,1.5750809536885446
Doomben,1660,1.0,2.0,3.555081265452073,35,0.5625750441869787
Doomben,1660,2.0,17.0,12.658737098010228,88,1.342945972285984
Doomben,1660,3.0,13.0,15.30835620486338,149,0.8492094008022868
Doomben,1660,4.0,2.0,5.322958463269804,64,0.37573090487191846
Doomben,1660,5.0,0.0,0.0757629507567251,1,0.0
Doomben,2000,0.0,8.0,4.93047698533929,54,1.622561067375002
Doomben,2000,1.0,1.0,3.0531066515232994,36,0.32753523349767877
Doomben,2000,2.0,12.0,12.285929247840187,118,0.9767270963333562
Doomben,2000,3.0,25.0,20.052976240827633,210,1.2466977320354213
Doomben,2000,4.0,8.0,11.48113176561514,166,0.6967954173262964
Doomben,2000,5.0,0.0,2.022084495405784,40,0.0
Doomben,2020,0.0,4.0,1.7023945783362993,21,2.3496315430639374
Doomben,2020,1.0,1.0,1.2105687874744915,18,0.8260579740257606
Doomben,2020,2.0,7.0,5.139634773409508,46,1.3619644796971384
Doomben,2020,3.0,7.0,8.434318476457078,89,0.8299425756259114
Doomben,2020,4.0,2.0,4.479359907793888,58,0.4464923652417589
Doomben,2020,5.0,0.0,0.033723476528736175,2,0.0
Doomben,2030,0.0,0.0,1.6287842206124572,15,0.0
Doomben,2030,1.0,0.0,0.49332731957962933,12,0.0
Doomben,2030,2.0,5.0,4.24886205434816,32,1.176785674856906
Doomben,2030,3.0,8.0,5.426466808011253,54,1.4742557695532872
Doomben,2030,4.0,2.0,3.0006112626487953,45,0.6665308581940388
Doomben,2030,5.0,0.0,0.12660469775166494,5,0.0
Doomben,2040,0.0,1.0,1.838896195736207,23,0.5438044857119557
Doomben,2040,1.0,2.0,1.5952535394800662,19,1.2537192054448292
Doomben,2040,2.0,4.0,4.749492739045162,54,0.842195202682668
Doomben,2040,3.0,10.0,9.282233438388245,86,1.077326924212368
Doomben,2040,4.0,5.0,5.298362672444911,62,0.9436877596174003
Doomben,2040,5.0,1.0,0.23576141490540822,3,4.241576173103721
Doomben,2050,0.0,1.0,0.6785322204120403,10,1.4737693655766968
Doomben,2050,1.0,0.0,0.7733994794253858,6,0.0
Doomben,2050,2.0,2.0,2.5209602154791813,25,0.7933484978142911
Doomben,2050,3.0,5.0,4.103382806220349,37,1.2185068359745677
Doomben,2050,4.0,2.0,1.7873700880701038,29,1.1189624428366043
Doomben,2050,5.0,0.0,0.13635519039293978,4,0.0
Doomben,2060,0.0,2.0,1.4130548034614416,18,1.4153732715113159
Doomben,2060,1.0,0.0,1.0037617116103708,18,0.0
Doomben,2060,2.0,11.0,5.189583798602896,45,2.119630480379052
Doomben,2060,3.0,5.0,7.086800850930964,69,0.7055369700904139
Doomben,2060,4.0,0.0,3.2358335231966744,41,0.0
Doomben,2060,5.0,0.0,0.0709653121976539,2,0.0
Doomben,2070,0.0,2.0,1.4389499289577368,10,1.3899024279799952
Doomben,2070,1.0,1.0,0.8674225495235075,8,1.152840677878757
Doomben,2070,2.0,2.0,3.030161858769609,26,0.6600307485924517
Doomben,2070,3.0,4.0,3.1713670515228523,33,1.2612857278942997
Doomben,2070,4.0,1.0,1.4920986112262946,21,0.67019699132227
Doomben,2200,0.0,5.0,4.2559495882223235,35,1.1748259457388124
Doomben,2200,1.0,1.0,2.350349268477336,23,0.4254686796604685
Doomben,2200,2.0,13.0,9.567315609101827,78,1.3587928454698937
Doomben,2200,3.0,11.0,11.324859332760877,128,0.971314492903138
Doomben,2200,4.0,4.0,6.389358608171065,79,0.6260409291919503
Doomben,2200,5.0,1.0,1.112167593266571,11,0.8991450623578041
Doomben,2220,0.0,0.0,0.22096355344286825,2,0.0
Doomben,2220,1.0,0.0,0.19832235009673413,1,0.0
Doomben,2220,2.0,0.0,0.6550230531741931,5,0.0
Doomben,2220,3.0,2.0,0.565477204860806,7,3.53683576067811
Doomben,2220,4.0,0.0,0.36021383842539845,5,0.0
Doomben,2240,0.0,0.0,0.40611428584994935,4,0.0
Doomben,2240,1.0,0.0,0.14149166848630138,3,0.0
Doomben,2240,2.0,0.0,1.0051910195630618,12,0.0
Doomben,2240,3.0,3.0,1.9287986724947088,17,1.5553722857553605
Doomben,2240,4.0,1.0,0.5184043536059789,7,1.928996145661356
Dubbo,1000,0.0,33.0,20.881181896202865,142,1.580370314479224
Dubbo,1000,1.0,34.0,32.198549330439135,287,1.0559481935373358
Dubbo,1000,2.0,54.0,57.32026684000733,627,0.942075167771377
Dubbo,1000,3.0,20.0,29.97977523587649,453,0.6671164090672103
Dubbo,1000,4.0,1.0,1.6064546837439955,43,0.6224887699100262
Dubbo,1000,5.0,0.0,0.013772013730181134,2,0.0
Dubbo,1010,0.0,4.0,1.0955317522207921,7,3.651194948837818
Dubbo,1010,1.0,1.0,1.4273937199281788,13,0.7005775533679077
Dubbo,1010,2.0,2.0,3.172393551902882,32,0.6304388050468547
Dubbo,1010,3.0,0.0,1.295377202640155,22,0.0
Dubbo,1010,4.0,0.0,0.009303773307992175,1,0.0
Dubbo,1012,0.0,1.0,0.5054752510873833,2,1.9783362248671723
Dubbo,1012,1.0,0.0,0.2597674370434792,2,0.0
Dubbo,1012,2.0,0.0,0.7340389497349834,6,0.0
Dubbo,1012,3.0,1.0,0.4923935044298526,6,2.030896002898962
Dubbo,1012,4.0,0.0,0.008324857704301507,1,0.0
Dubbo,1015,0.0,1.0,0.47443463188690077,1,2.1077719306089513
Dubbo,1015,1.0,0.0,0.25117127570482983,1,0.0
Dubbo,1015,2.0,0.0,0.19477362695794292,4,0.0
Dubbo,1015,3.0,0.0,0.07962046545032642,2,0.0
Dubbo,1018,0.0,1.0,0.6804007634415693,6,1.4697220428469977
Dubbo,1018,1.0,4.0,1.6572797235452608,15,2.4135937604082796
Dubbo,1018,2.0,1.0,2.588375033070764,25,0.38634277769772507
Dubbo,1018,3.0,0.0,0.9461275064042449,12,0.0
Dubbo,1018,4.0,0.0,0.12781697353816068,2,0.0
Dubbo,1020,0.0,1.0,0.39856551093657566,3,2.508997824849756
Dubbo,1020,1.0,0.0,0.23523942258467304,3,0.0
Dubbo,1020,2.0,1.0,1.1966939779109247,12,0.83563552458558
Dubbo,1020,3.0,0.0,1.0328942168642845,12,0.0
Dubbo,1020,4.0,1.0,0.1366068717035422,2,7.320275968035876
Dubbo,1100,0.0,14.0,10.053910945030466,104,1.392492938971181
Dubbo,1100,1.0,15.0,17.001760484876442,143,0.8822615759904943
Dubbo,1100,2.0,34.0,33.98677048876958,338,1.0003892547317725
Dubbo,1100,3.0,35.0,33.31648776668782,447,1.0505309036505184
Dubbo,1100,4.0,6.0,9.534093257658308,162,0.6293204647626527
Dubbo,1100,5.0,0.0,0.10697705697738158,6,0.0
Dubbo,1110,0.0,2.0,1.3762896408732095,9,1.4531824847065384
Dubbo,1110,1.0,0.0,1.125922225826974,12,0.0
Dubbo,1110,2.0,2.0,1.6358716533365536,25,1.2225898015414374
Dubbo,1110,3.0,5.0,4.086682866873258,43,1.2234861776356836
Dubbo,1110,4.0,0.0,0.7752336130900046,16,0.0
Dubbo,1112,0.0,0.0,0.23613923440258025,1,0.0
Dubbo,1112,2.0,0.0,0.09990506070878395,3,0.0
Dubbo,1112,3.0,1.0,0.5696663063630986,6,1.7554136322091196
Dubbo,1112,4.0,0.0,0.09428939852553735,2,0.0
Dubbo,1115,0.0,0.0,0.07642839313779425,1,0.0
Dubbo,1115,2.0,0.0,0.10265107747444893,2,0.0
Dubbo,1115,3.0,0.0,0.2920513728628197,3,0.0
Dubbo,1115,4.0,1.0,0.528869156524937,3,1.8908268475528849
Dubbo,1118,0.0,0.0,1.298222876335411,7,0.0
Dubbo,1118,1.0,1.0,1.0151525525666547,10,0.9850736201880753
Dubbo,1118,2.0,5.0,1.6837410768393501,20,2.9695777271086095
Dubbo,1118,3.0,1.0,2.5430203375763165,25,0.3932331901651533
Dubbo,1118,4.0,0.0,0.4598631566822676,8,0.0
Dubbo,1120,0.0,0.0,0.3501744494790036,4,0.0
Dubbo,1120,1.0,0.0,0.7278378450420154,8,0.0
Dubbo,1120,2.0,3.0,2.116886094929772,17,1.4171759204169772
Dubbo,1120,3.0,1.0,0.7935650955804671,11,1.260136068949117
Dubbo,1120,4.0,0.0,0.011536514968742008,1,0.0
Dubbo,1200,0.0,14.0,9.159537104953847,57,1.5284615193521336
Dubbo,1200,1.0,7.0,7.759236037577276,59,0.9021506712902707
Dubbo,1200,2.0,24.0,17.509983974345747,162,1.370646599971931
Dubbo,1200,3.0,7.0,16.10638768955707,232,0.4346101767150808
Dubbo,1200,4.0,5.0,6.131537767036136,97,0.8154561204663184
Dubbo,1200,5.0,0.0,0.333317426529924,10,0.0
Dubbo,1210,0.0,0.0,0.0693912921584442,2,0.0
Dubbo,1210,1.0,0.0,0.07597117317198374,2,0.0
Dubbo,1210,2.0,0.0,0.43390961383603566,5,0.0
Dubbo,1210,3.0,2.0,1.2620160612027131,12,1.584765884907979
Dubbo,1210,4.0,0.0,0.15871185963082357,3,0.0
Dubbo,1212,0.0,0.0,0.06794744235740124,3,0.0
Dubbo,1212,1.0,0.0,0.33615110689391037,4,0.0
Dubbo,1212,2.0,2.0,0.8631038427209596,7,2.3172182778087773
Dubbo,1212,3.0,1.0,0.7934203145015236,13,1.2603660149894986
Dubbo,1212,4.0,0.0,0.939377293526205,6,0.0
Dubbo,1218,0.0,0.0,0.0773951434216425,2,0.0
Dubbo,1218,1.0,1.0,0.17009074379340866,1,5.879214692685422
Dubbo,1218,2.0,0.0,0.3287201758186593,2,0.0
Dubbo,1218,3.0,0.0,0.5135024410606812,7,0.0
Dubbo,1218,4.0,0.0,0.46371953350205974,4,0.0
Dubbo,1218,5.0,1.0,0.4465719624035485,3,2.239280752463231
Dubbo,1220,0.0,0.0,0.08677165356201522,1,0.0
Dubbo,1220,1.0,0.0,0.08677165356201522,1,0.0
Dubbo,1220,2.0,1.0,0.6088415085790749,4,1.6424635737037996
Dubbo,1220,3.0,0.0,0.21761518429689453,4,0.0
Dubbo,1300,0.0,23.0,14.168512197251559,125,1.6233179376774363
Dubbo,1300,1.0,7.0,11.504748498356312,106,0.6084444176246089
Dubbo,1300,2.0,42.0,33.71069421728846,343,1.245895433932072
Dubbo,1300,3.0,44.0,42.602252602476646,534,1.0328092368862696
Dubbo,1300,4.0,8.0,21.121901104143227,339,0.3787537854928569
Dubbo,1300,5.0,1.0,1.680006735603564,47,0.5952357087668088
Dubbo,1310,0.0,2.0,0.9286520621683659,11,2.153659138310724
Dubbo,1310,1.0,2.0,1.1686321127329682,13,1.7114025690452672
Dubbo,1310,2.0,2.0,3.3422248692293084,34,0.5984037813892471
Dubbo,1310,3.0,5.0,3.627529857579496,51,1.378348406851239
Dubbo,1310,4.0,0.0,1.7670065464554794,31,0.0
Dubbo,1310,5.0,0.0,0.16595455183438257,1,0.0
Dubbo,1312,0.0,1.0,0.6030749662428707,3,1.6581686456494025
Dubbo,1312,1.0,0.0,0.25469503170555813,1,0.0
Dubbo,1312,2.0,0.0,0.6640426443348698,6,0.0
Dubbo,1312,3.0,2.0,1.127856612273375,13,1.7732750584036394
Dubbo,1312,4.0,0.0,0.3503307454433262,8,0.0
Dubbo,1315,0.0,0.0,0.2182915896949511,2,0.0
Dubbo,1315,2.0,0.0,0.26686263004794764,2,0.0
Dubbo,1315,3.0,1.0,0.35608198664988294,7,2.8083420040656213
Dubbo,1315,4.0,1.0,1.1218377992055575,9,0.8913944606859937
Dubbo,1315,5.0,0.0,0.03692599440166086,2,0.0
Dubbo,1318,0.0,0.0,0.28111915954221595,3,0.0
Dubbo,1318,1.0,0.0,0.1620734417885627,1,0.0
Dubbo,1318,2.0,2.0,0.6496631445820651,5,3.078518485586281
Dubbo,1318,3.0,0.0,0.7216724658484226,12,0.0
Dubbo,1318,4.0,1.0,1.1854717882387336,14,0.8435460125843309
Dubbo,1320,0.0,1.0,0.3704898208249205,5,2.699129486940917
Dubbo,1320,1.0,0.0,0.21079036323420797,4,0.0
Dubbo,1320,2.0,3.0,1.9871188032257094,16,1.5097235228865384
Dubbo,1320,3.0,1.0,2.0231930185422358,23,0.49426821407308263
Dubbo,1320,4.0,0.0,0.4084079941729265,6,0.0
Dubbo,1400,0.0,16.0,8.481489199573138,87,1.8864611654289742
Dubbo,1400,1.0,6.0,7.527037395090834,70,0.7971263705841591
Dubbo,1400,2.0,29.0,23.175055134826064,212,1.251345458782558
Dubbo,1400,3.0,21.0,28.02882852074421,343,0.7492286017040578
Dubbo,1400,4.0,15.0,17.641400491746513,248,0.8502726303967598
Dubbo,1400,5.0,0.0,2.1461892580192443,52,0.0
Dubbo,1410,0.0,0.0,0.19283881981831516,8,0.0
Dubbo,1410,1.0,1.0,0.5054762440623942,8,1.9783323385550904
Dubbo,1410,2.0,3.0,1.2786684408701707,22,2.3461906965956034
Dubbo,1410,3.0,3.0,4.201474428678905,33,0.7140350491061559
Dubbo,1410,4.0,1.0,1.6601360145817685,28,0.6023602832638542
Dubbo,1410,5.0,0.0,0.16140605198844699,2,0.0
Dubbo,1412,0.0,0.0,0.1874442246211885,1,0.0
Dubbo,1412,2.0,1.0,0.2474474075240008,4,4.041262787944167
Dubbo,1412,3.0,0.0,0.105631994313332,3,0.0
Dubbo,1412,4.0,0.0,0.45041313630704766,3,0.0
Dubbo,1412,5.0,0.0,0.009063237234431093,1,0.0
Dubbo,1415,0.0,0.0,0.07054772606285124,1,0.0
Dubbo,1415,1.0,0.0,0.1410954521257025,1,0.0
Dubbo,1415,2.0,0.0,0.12125826974763344,2,0.0
Dubbo,1415,3.0,0.0,0.3850865122869853,3,0.0
Dubbo,1415,4.0,1.0,0.2820120397768275,3,3.5459478992150766
Dubbo,1418,0.0,0.0,0.7547871505003281,5,0.0
Dubbo,1418,1.0,1.0,0.4509089288359689,5,2.217742732621245
Dubbo,1418,2.0,1.0,1.1365725543229497,11,0.8798382436708537
Dubbo,1418,3.0,3.0,1.7694609015765406,19,1.6954316409744252
Dubbo,1418,4.0,0.0,0.7533029231204005,11,0.0
Dubbo,1418,5.0,0.0,0.13496754164381214,2,0.0
Dubbo,1420,0.0,1.0,0.747289336468359,5,1.3381697706619704
Dubbo,1420,1.0,1.0,0.7150500762763807,5,1.3985034519645034
Dubbo,1420,2.0,2.0,1.231993913211131,12,1.623384643830828
Dubbo,1420,3.0,0.0,1.5363155219147127,15,0.0
Dubbo,1420,4.0,1.0,0.7383481955200026,10,1.3543745431594394
Dubbo,1420,5.0,0.0,0.031002956609413622,1,0.0
Dubbo,1600,0.0,23.0,10.307446476398743,100,2.2313965008369205
Dubbo,1600,1.0,5.0,6.1310187618132295,79,0.8155251507534558
Dubbo,1600,2.0,20.0,21.303868136986267,195,0.9387966481672602
Dubbo,1600,3.0,28.0,33.92369565945897,379,0.8253817709331069
Dubbo,1600,4.0,21.0,23.830059944924688,338,0.8812399149869771
Dubbo,1600,5.0,3.0,4.490497953153494,70,0.6680773560743352
Dubbo,1610,0.0,1.0,0.6517989187595179,6,1.5342154937954897
Dubbo,1610,1.0,1.0,0.5179692434564918,6,1.930616561954219
Dubbo,1610,2.0,0.0,1.2255874695377384,10,0.0
Dubbo,1610,3.0,2.0,2.3115562282122286,27,0.8652179754878002
Dubbo,1610,4.0,2.0,1.2470316861990853,13,1.6038084854892014
Dubbo,1610,5.0,0.0,0.04044866547417186,2,0.0
Dubbo,1612,0.0,0.0,0.0847369305762984,2,0.0
Dubbo,1612,1.0,0.0,0.0650338912269417,3,0.0
Dubbo,1612,2.0,2.0,1.0649688659662808,6,1.8779891731251084
Dubbo,1612,3.0,0.0,0.640156883171633,10,0.0
Dubbo,1612,4.0,0.0,0.14510342905884607,2,0.0
Dubbo,1615,0.0,0.0,0.05990825629977322,2,0.0
Dubbo,1615,1.0,0.0,0.13148759639134314,1,0.0
Dubbo,1615,2.0,0.0,0.22166595829555233,3,0.0
Dubbo,1615,3.0,1.0,1.3521393545191527,10,0.7395687409421048
Dubbo,1615,4.0,1.0,0.23479883449417874,3,4.258964922693399
Dubbo,1618,0.0,0.0,0.3546527502788028,5,0.0
Dubbo,1618,1.0,0.0,0.2265631860667729,4,0.0
Dubbo,1618,2.0,1.0,1.2679333304855611,11,0.7886850009826978
Dubbo,1618,3.0,2.0,1.532732766652295,15,1.3048589052925923
Dubbo,1618,4.0,2.0,1.2424167515773152,13,1.6097658031903481
Dubbo,1618,5.0,0.0,0.375701214939253,4,0.0
Dubbo,1620,0.0,0.0,0.43550806892425775,4,0.0
Dubbo,1620,1.0,0.0,0.02608680205437921,1,0.0
Dubbo,1620,2.0,1.0,0.9136015651414309,12,1.0945690530260794
Dubbo,1620,3.0,2.0,1.8525777735046778,20,1.0795768083822095
Dubbo,1620,4.0,1.0,0.7722257903752545,7,1.2949580452552112
Dubbo,2200,0.0,5.0,2.8025661517968814,28,1.7840792078339422
Dubbo,2200,1.0,2.0,2.253572695518934,24,0.8874796912373206
Dubbo,2200,2.0,7.0,7.758946672540621,67,0.9021843164322061
Dubbo,2200,3.0,10.0,10.928774913033457,103,0.9150156426109739
Dubbo,2200,4.0,4.0,4.1679865394560265,47,0.959695997608008
Dubbo,2200,5.0,0.0,0.08815302765407843,4,0.0
Dubbo,2210,0.0,1.0,0.10951285893329202,2,9.131347768111267
Dubbo,2210,1.0,0.0,0.0267494358167196,1,0.0
Dubbo,2210,2.0,0.0,0.6708171051579004,5,0.0
Dubbo,2210,3.0,1.0,0.716850781635158,8,1.3949904577337144
Dubbo,2210,4.0,0.0,0.47606981845692986,3,0.0
Dubbo,2212,0.0,0.0,0.07357014241903154,1,0.0
Dubbo,2212,1.0,0.0,0.026105534406753124,1,0.0
Dubbo,2212,2.0,0.0,0.08092715666093468,1,0.0
Dubbo,2212,3.0,0.0,0.3709823969756049,4,0.0
Dubbo,2212,4.0,1.0,0.4484147695376757,5,2.2300781953079274
Dubbo,2220,0.0,0.0,0.21764509487631423,1,0.0
Dubbo,2220,2.0,0.0,0.24356630976647267,3,0.0
Dubbo,2220,3.0,1.0,0.5387885953572131,4,1.856015529313509
Dunkeld,1000,0.0,0.0,0.8535103764508647,5,0.0
Dunkeld,1000,1.0,1.0,0.5506700757813914,3,1.8159693870799447
Dunkeld,1000,2.0,3.0,2.506649614257795,17,1.196816652369774
Dunkeld,1000,3.0,1.0,1.0639245613902746,15,0.9399162650153111
Dunkeld,1000,4.0,0.0,0.02524537211967405,2,0.0
Dunkeld,1200,0.0,0.0,1.4344146261738588,6,0.0
Dunkeld,1200,1.0,2.0,0.6687055168456862,5,2.990853147786322
Dunkeld,1200,2.0,3.0,2.147593388021944,19,1.3969124773489692
Dunkeld,1200,3.0,1.0,1.1736063931026512,18,0.8520744313230181
Dunkeld,1200,4.0,0.0,0.5756800758558592,8,0.0
Dunkeld,1800,0.0,2.0,0.8856250573986051,7,2.258292020185957
Dunkeld,1800,1.0,0.0,0.39172654937034096,3,0.0
Dunkeld,1800,2.0,5.0,2.4382160541329307,19,2.0506796317433325
Dunkeld,1800,3.0,0.0,2.0976820285717963,24,0.0
Dunkeld,1800,4.0,0.0,1.1867503105263264,11,0.0
Eagle Farm,1000,0.0,68.0,35.96271526672623,250,1.890847214835183
Eagle Farm,1000,1.0,35.0,45.04530157047248,389,0.7769955751154911
Eagle Farm,1000,2.0,96.0,103.22344773167258,952,0.9300212510780516
Eagle Farm,1000,3.0,47.0,61.217527597686626,765,0.7677539725040464
Eagle Farm,1000,4.0,3.0,2.9107418124959445,54,1.0306650995704483
Eagle Farm,1000,5.0,0.0,0.04417950918937608,1,0.0
Eagle Farm,1200,0.0,77.0,52.93013301048898,388,1.4547479029523915
Eagle Farm,1200,1.0,37.0,35.687159030570086,337,1.0367874889762259
Eagle Farm,1200,2.0,109.0,110.07864552548325,1075,0.9902011373747005
Eagle Farm,1200,3.0,131.0,139.88265046310818,1575,0.9364992696828344
Eagle Farm,1200,4.0,32.0,46.383327495215674,724,0.6899030692289319
Eagle Farm,1200,5.0,1.0,2.038084475133822,36,0.49065679671316825
Eagle Farm,1300,0.0,8.0,6.534972250055663,65,1.224182704055378
Eagle Farm,1300,1.0,7.0,4.908775409803318,48,1.4260175737558285
Eagle Farm,1300,2.0,23.0,17.41133181267594,170,1.32097878826566
Eagle Farm,1300,3.0,16.0,23.208204873445194,283,0.689411356339205
Eagle Farm,1300,4.0,11.0,12.45239007965648,174,0.8833645532812808
Eagle Farm,1300,5.0,0.0,0.4843255743634061,11,0.0
Eagle Farm,1400,0.0,48.0,36.422154148303925,325,1.3178792172630245
Eagle Farm,1400,1.0,28.0,29.010559261633944,268,0.9651658124712407
Eagle Farm,1400,2.0,88.0,84.32537314894797,814,1.0435767635983224
Eagle Farm,1400,3.0,124.0,118.53728343170376,1388,1.0460843745541346
Eagle Farm,1400,4.0,32.0,50.629217670922415,818,0.6320461083951999
Eagle Farm,1400,5.0,4.0,4.318755395075609,80,0.926192764832418
Eagle Farm,1500,0.0,3.0,3.1890087828150535,42,0.9407311814775848
Eagle Farm,1500,1.0,7.0,5.073251173846521,43,1.3797858138950816
Eagle Farm,1500,2.0,13.0,10.674921791083406,106,1.2178075169467466
Eagle Farm,1500,3.0,17.0,16.33989775427803,178,1.0403981870418464
Eagle Farm,1500,4.0,2.0,6.10347507503682,98,0.3276821770240349
Eagle Farm,1500,5.0,0.0,0.5227654385723508,13,0.0
Eagle Farm,1600,0.0,27.0,19.87017291418591,203,1.3588205858401912
Eagle Farm,1600,1.0,11.0,16.92595896000817,157,0.6498893224301361
Eagle Farm,1600,2.0,48.0,50.70617457194354,470,0.9466302754094783
Eagle Farm,1600,3.0,90.0,77.70275530274299,824,1.1582600854930418
Eagle Farm,1600,4.0,26.0,35.09636969015224,481,0.7408173617254605
Eagle Farm,1600,5.0,1.0,2.1520902831748705,41,0.46466452073039904
Eagle Farm,1800,0.0,13.0,6.388592751923694,65,2.034876929052258
Eagle Farm,1800,1.0,2.0,4.171923529844348,48,0.4793951724409049
Eagle Farm,1800,2.0,11.0,12.572202972837422,135,0.8749461032219884
Eagle Farm,1800,3.0,25.0,26.20068413188083,248,0.9541735579942416
Eagle Farm,1800,4.0,13.0,14.073542551105765,164,0.9237190957992722
Eagle Farm,1800,5.0,1.0,1.4599382658972488,21,0.6849604694657552
Eagle Farm,1805,0.0,0.0,1.0990573357873656,15,0.0
Eagle Farm,1805,1.0,1.0,0.7280470583063587,11,1.3735375874277687
Eagle Farm,1805,2.0,5.0,3.8767462921739404,37,1.2897413509090323
Eagle Farm,1805,3.0,6.0,6.664534712776076,58,0.9002879058455279
Eagle Farm,1805,4.0,3.0,2.6316146009562593,31,1.1399845550750018
Eagle Farm,1810,0.0,1.0,0.845533844473336,10,1.1826847695527523
Eagle Farm,1810,1.0,0.0,0.43895279298622797,7,0.0
Eagle Farm,1810,2.0,1.0,1.8752635607215047,18,0.5332583754868311
Eagle Farm,1810,3.0,5.0,4.30347973592878,42,1.161850480729845
Eagle Farm,1810,4.0,3.0,1.909027198552097,26,1.571481015186872
Eagle Farm,1810,5.0,0.0,0.6277428673380536,9,0.0
Eagle Farm,1815,0.0,0.0,1.5655247360886855,15,0.0
Eagle Farm,1815,1.0,1.0,0.7030528923796371,10,1.4223680904224434
Eagle Farm,1815,2.0,5.0,4.966494905406668,34,1.0067462255033943
Eagle Farm,1815,3.0,4.0,5.97961072870831,58,0.6689398660678474
Eagle Farm,1815,4.0,5.0,1.7735617434153315,28,2.8191857535061318
Eagle Farm,1815,5.0,0.0,0.011754994001368027,1,0.0
Eagle Farm,1820,0.0,1.0,1.9500978992306757,16,0.5127947680957482
Eagle Farm,1820,1.0,2.0,0.9029896469556224,16,2.2148648179332784
Eagle Farm,1820,2.0,5.0,4.103799335763528,38,1.2183831593387913
Eagle Farm,1820,3.0,7.0,7.190070054556554,68,0.9735649231350533
Eagle Farm,1820,4.0,1.0,1.7656434953254851,31,0.5663657486052451
Eagle Farm,1820,5.0,0.0,0.08739956816813431,1,0.0
Eagle Farm,1825,0.0,1.0,1.1786903105635984,7,0.8483992708159648
Eagle Farm,1825,1.0,2.0,1.1894615634201582,8,1.6814330630821166
Eagle Farm,1825,2.0,1.0,1.4990050772172627,17,0.6671091480599849
Eagle Farm,1825,3.0,2.0,2.232143367748333,28,0.8959997950389241
Eagle Farm,1825,4.0,1.0,0.9006996810506473,12,1.1102479783644654
Eagle Farm,1830,0.0,1.0,0.8605055077176826,9,1.162107611202046
Eagle Farm,1830,1.0,1.0,1.2244393288474298,8,0.8167003267865501
Eagle Farm,1830,2.0,0.0,1.5995507220565062,17,0.0
Eagle Farm,1830,3.0,7.0,4.322205420029069,37,1.6195435708728814
Eagle Farm,1830,4.0,0.0,0.9932990213493121,16,0.0
Eagle Farm,1835,0.0,0.0,0.7972673465313579,7,0.0
Eagle Farm,1835,1.0,0.0,0.5053401529377478,6,0.0
Eagle Farm,1835,2.0,3.0,1.9022250722459046,14,1.5771004408316325
Eagle Farm,1835,3.0,4.0,2.688166265730446,25,1.4880031979395048
Eagle Farm,1835,4.0,0.0,1.0040651415890145,15,0.0
Eagle Farm,1838,0.0,0.0,0.013698205105815604,2,0.0
Eagle Farm,1838,1.0,0.0,0.10069465736492186,2,0.0
Eagle Farm,1838,2.0,0.0,0.6358198041159727,6,0.0
Eagle Farm,1838,3.0,2.0,0.8774278961041974,8,2.279389575918491
Eagle Farm,1838,4.0,0.0,0.3723594373090926,3,0.0
Eagle Farm,1840,0.0,2.0,1.0907554442868033,10,1.8335915813903745
Eagle Farm,1840,1.0,1.0,0.6328307562834239,7,1.5802013256639713
Eagle Farm,1840,2.0,2.0,2.8019685815537745,23,0.7137838779373253
Eagle Farm,1840,3.0,3.0,3.181992422456748,35,0.9428055135605146
Eagle Farm,1840,4.0,2.0,2.29245279541925,26,0.8724279967711329
Eagle Farm,1845,0.0,3.0,1.4675182256408492,10,2.0442676265161426
Eagle Farm,1845,1.0,0.0,0.5878596350367125,7,0.0
Eagle Farm,1845,2.0,4.0,3.5858446038301564,24,1.115497307308708
Eagle Farm,1845,3.0,3.0,3.177878112607336,40,0.9440261374715239
Eagle Farm,1845,4.0,0.0,0.9717152757553268,16,0.0
Eagle Farm,1845,5.0,0.0,0.20918414712961933,1,0.0
Eagle Farm,1846,0.0,0.0,0.11534301162200991,2,0.0
Eagle Farm,1846,2.0,0.0,0.6211239239913725,6,0.0
Eagle Farm,1846,3.0,2.0,0.6006826420638381,6,3.3295451873361244
Eagle Farm,1846,4.0,0.0,0.6628504223227795,5,0.0
Eagle Farm,1849,0.0,1.0,0.40113518124709874,3,2.4929251951700575
Eagle Farm,1849,1.0,0.0,0.3255270366244844,3,0.0
Eagle Farm,1849,2.0,0.0,0.14542607088780968,7,0.0
Eagle Farm,1849,3.0,2.0,1.816636612239826,13,1.100935644765023
Eagle Farm,1849,4.0,0.0,0.3112750990007811,7,0.0
Eagle Farm,2100,0.0,1.0,0.5667040396883086,9,1.7645895034558203
Eagle Farm,2100,1.0,0.0,1.1250947833527705,7,0.0
Eagle Farm,2100,2.0,2.0,1.7313965425028788,18,1.1551368799136172
Eagle Farm,2100,3.0,4.0,3.8265124103067123,36,1.0453383057705494
Eagle Farm,2100,4.0,2.0,1.6904959035057776,23,1.1830847953268433
Eagle Farm,2112,0.0,0.0,0.13210992926064594,1,0.0
Eagle Farm,2112,1.0,0.0,0.14311909003236642,1,0.0
Eagle Farm,2112,2.0,0.0,0.3959628157562138,3,0.0
Eagle Farm,2112,3.0,1.0,0.328808164950774,3,3.0412870074248626
Eagle Farm,2118,0.0,0.0,0.013789046084559853,1,0.0
Eagle Farm,2118,1.0,0.0,0.2002694788471788,1,0.0
Eagle Farm,2118,2.0,0.0,0.3951125527119487,4,0.0
Eagle Farm,2118,3.0,1.0,0.3908289223563126,3,2.5586642717508905
Eagle Farm,2137,0.0,0.0,0.09766266422690897,2,0.0
Eagle Farm,2137,1.0,0.0,0.010219087727415074,1,0.0
Eagle Farm,2137,2.0,1.0,0.42712283230309256,7,2.3412468834969364
Eagle Farm,2137,3.0,1.0,1.1593734221749026,11,0.8625348665696257
Eagle Farm,2137,4.0,0.0,0.3056219935676807,1,0.0
Eagle Farm,2143,0.0,0.0,0.33602229623675006,3,0.0
Eagle Farm,2143,1.0,0.0,0.1103579497597028,3,0.0
Eagle Farm,2143,2.0,2.0,0.8976484595950616,8,2.2280437053300584
Eagle Farm,2143,3.0,1.0,0.9533924100593707,16,1.0488860509574718
Eagle Farm,2143,4.0,0.0,0.702578884349115,10,0.0
Eagle Farm,2156,0.0,0.0,0.1237149191549463,1,0.0
Eagle Farm,2156,1.0,0.0,0.27062638565144503,1,0.0
Eagle Farm,2156,2.0,1.0,0.444104837992115,1,2.2517205723792517
Eagle Farm,2156,3.0,0.0,0.16155385720149373,5,0.0
Eagle Farm,2162,0.0,0.0,0.03883456774502302,1,0.0
Eagle Farm,2162,3.0,0.0,0.38853840483358026,2,0.0
Eagle Farm,2162,4.0,0.0,0.38586152291431375,4,0.0
Eagle Farm,2162,5.0,1.0,0.18676550450708293,3,5.354307813100871
Eagle Farm,2169,0.0,0.0,0.4533427555290236,1,0.0
Eagle Farm,2169,1.0,0.0,0.03225708068187284,1,0.0
Eagle Farm,2169,2.0,0.0,0.22096100267082897,3,0.0
Eagle Farm,2169,3.0,1.0,0.18911504164470547,4,5.287786689536423
Eagle Farm,2169,4.0,0.0,0.10432411947356923,2,0.0
Eagle Farm,2200,0.0,5.0,4.12766958303809,41,1.211337268987468
Eagle Farm,2200,1.0,1.0,2.4575853772919047,25,0.4069034627402989
Eagle Farm,2200,2.0,10.0,8.985416443813842,94,1.1129144723041373
Eagle Farm,2200,3.0,13.0,13.224258091123996,155,0.9830419151245606
Eagle Farm,2200,4.0,8.0,8.724858324769968,120,0.9169203329397237
Eagle Farm,2200,5.0,4.0,3.3752080294518967,46,1.1851121368212565
Eagle Farm,2206,0.0,1.0,0.4626591264386387,6,2.1614185106378256
Eagle Farm,2206,1.0,0.0,0.45626234440431457,4,0.0
Eagle Farm,2206,2.0,1.0,1.5261994672501238,14,0.6552223490169213
Eagle Farm,2206,3.0,3.0,2.2667878185038486,26,1.3234586737721639
Eagle Farm,2206,4.0,1.0,1.142880533506466,15,0.8749820919006338
Eagle Farm,2206,5.0,0.0,0.14521070989660842,2,0.0
Eagle Farm,2212,0.0,1.0,0.7816259726779177,7,1.2793843026657803
Eagle Farm,2212,1.0,0.0,0.21324598773227696,4,0.0
Eagle Farm,2212,2.0,0.0,1.3462929845112952,16,0.0
Eagle Farm,2212,3.0,4.0,2.8248323249924763,24,1.416013249568947
Eagle Farm,2212,4.0,1.0,1.5417295731921334,14,0.6486221821181722
Eagle Farm,2212,5.0,1.0,0.29227315689390065,4,3.421456868045581
Eagle Farm,2218,0.0,0.0,0.40297457052608887,5,0.0
Eagle Farm,2218,1.0,1.0,0.27280123183477323,2,3.6656725971298667
Eagle Farm,2218,2.0,0.0,1.251867398109669,12,0.0
Eagle Farm,2218,3.0,4.0,2.844033556608626,21,1.4064531660343027
Eagle Farm,2218,4.0,0.0,0.22832324292084274,6,0.0
Eagle Farm,2225,0.0,1.0,0.060343085641302065,1,16.571906944638343
Eagle Farm,2225,1.0,0.0,0.23466755527173028,1,0.0
Eagle Farm,2225,2.0,0.0,0.31641438496528906,3,0.0
Eagle Farm,2225,3.0,0.0,0.38857497412167863,3,0.0
Eagle Farm,2231,0.0,0.0,0.2518825592463634,3,0.0
Eagle Farm,2231,1.0,0.0,0.6371964765006461,2,0.0
Eagle Farm,2231,2.0,1.0,1.0278453996637824,10,0.9729089611405656
Eagle Farm,2231,3.0,2.0,0.9248801937468503,10,2.1624422422731886
Eagle Farm,2231,4.0,0.0,0.1581953708423578,3,0.0
Eagle Farm,2400,0.0,3.0,3.4678412959166307,35,0.8650914917970692
Eagle Farm,2400,1.0,4.0,3.2977904416743913,34,1.212933347568645
Eagle Farm,2400,2.0,10.0,8.677439763640827,87,1.1524136464652637
Eagle Farm,2400,3.0,14.0,13.172051957832256,147,1.0628564209143918
Eagle Farm,2400,4.0,3.0,5.0669847235001315,94,0.592068096453167
Eagle Farm,2400,5.0,1.0,1.3178918174357632,29,0.7587876233617651
Eagle Farm,2406,0.0,0.0,0.5520455987109257,4,0.0
Eagle Farm,2406,1.0,0.0,0.27201476344747055,4,0.0
Eagle Farm,2406,2.0,1.0,0.8758705171539237,7,1.1417212709127667
Eagle Farm,2406,3.0,2.0,1.2631413557865345,12,1.5833540647195716
Eagle Farm,2406,4.0,1.0,0.84457657266164,15,1.1840252646939413
Eagle Farm,2406,5.0,0.0,0.19235119223950564,1,0.0
Eagle Farm,2412,0.0,0.0,0.03098032986948006,1,0.0
Eagle Farm,2412,1.0,1.0,0.11506979665806878,1,8.69037774500907
Eagle Farm,2412,2.0,0.0,0.28459775911420754,4,0.0
Eagle Farm,2412,3.0,0.0,0.5497060515141832,7,0.0
Eagle Farm,2412,4.0,0.0,0.019646062844060525,1,0.0
Eagle Farm,2418,0.0,0.0,0.1177417794435332,2,0.0
Eagle Farm,2418,1.0,0.0,0.08725765709223757,2,0.0
Eagle Farm,2418,2.0,0.0,0.17313052251366434,4,0.0
Eagle Farm,2418,3.0,1.0,1.2121781269861764,10,0.8249612641388668
Eagle Farm,2418,4.0,1.0,0.4096919139643885,5,2.440858522989845
Eagle Farm,2431,0.0,0.0,0.14016419591114035,1,0.0
Eagle Farm,2431,1.0,0.0,0.04672139863704679,1,0.0
Eagle Farm,2431,2.0,0.0,0.2917764092316751,3,0.0
Eagle Farm,2431,3.0,1.0,0.5213379962201377,3,1.9181414116183944
Eagle Farm,3200,0.0,0.0,0.5637992807026441,5,0.0
Eagle Farm,3200,1.0,0.0,0.13232317068411664,2,0.0
Eagle Farm,3200,2.0,1.0,1.3370282236248836,16,0.7479273678223862
Eagle Farm,3200,3.0,3.0,1.8554143478643352,24,1.6168895122823288
Eagle Farm,3200,4.0,1.0,1.1114349771240204,11,0.8997377449714848
Echuca,1000,0.0,15.0,8.536142993456272,79,1.7572339183515155
Echuca,1000,1.0,19.0,13.050608396235974,114,1.4558708240360607
Echuca,1000,2.0,32.0,35.70070589870853,333,0.8963408200048392
Echuca,1000,3.0,13.0,18.982271094455673,281,0.684849559639733
Echuca,1000,4.0,0.0,2.3098353101687104,38,0.0
Echuca,1000,5.0,0.0,0.21403900121227,2,0.0
Echuca,1009,0.0,4.0,1.9290834529968819,15,2.0735235657046847
Echuca,1009,1.0,2.0,2.531343866373105,20,0.79009415771931
Echuca,1009,2.0,7.0,6.230033263008595,59,1.1235895065862898
Echuca,1009,3.0,2.0,3.8648258155437993,52,0.5174877460081835
Echuca,1009,4.0,0.0,0.4447136020776189,7,0.0
Echuca,1100,0.0,8.0,6.209086143798071,47,1.2884343709727362
Echuca,1100,1.0,3.0,5.902456831609841,54,0.5082629294184566
Echuca,1100,2.0,20.0,18.50228523630804,174,1.080947555643176
Echuca,1100,3.0,15.0,13.765695467340429,180,1.0896652505198883
Echuca,1100,4.0,1.0,2.6105993833657775,42,0.38305379460816624
Echuca,1100,5.0,0.0,0.009876937577842328,1,0.0
Echuca,1109,0.0,0.0,1.191016801105758,6,0.0
Echuca,1109,1.0,2.0,0.6256897776075032,7,3.1964722320501218
Echuca,1109,2.0,3.0,2.7782550148090763,29,1.0798144821151927
Echuca,1109,3.0,0.0,0.869133480755903,13,0.0
Echuca,1109,4.0,1.0,0.5359049257217594,6,1.866002628457268
Echuca,1200,0.0,17.0,11.308073444575133,109,1.5033506886317118
Echuca,1200,1.0,14.0,12.661030495081732,119,1.105755175729053
Echuca,1200,2.0,40.0,38.05172433350326,360,1.0512007195632223
Echuca,1200,3.0,27.0,35.982874564363684,448,0.7503569497124045
Echuca,1200,4.0,11.0,10.662956610833971,158,1.0316088118396336
Echuca,1200,5.0,0.0,0.2945914990129397,4,0.0
Echuca,1203,0.0,1.0,0.3444410231097629,3,2.903254644210398
Echuca,1203,1.0,0.0,0.2726947216048337,1,0.0
Echuca,1203,2.0,2.0,1.1997494931723485,6,1.6670146654629114
Echuca,1203,3.0,0.0,0.9633296840146256,16,0.0
Echuca,1203,4.0,0.0,0.16916919235700997,6,0.0
Echuca,1209,0.0,2.0,3.295698864140025,22,0.6068515609122186
Echuca,1209,1.0,1.0,2.5897301286787995,24,0.386140620957354
Echuca,1209,2.0,9.0,7.469995546966033,70,1.2048199953285625
Echuca,1209,3.0,9.0,7.287346162542378,88,1.2350174946074084
Echuca,1209,4.0,1.0,1.2963821888964822,23,0.7713774599535564
Echuca,1209,5.0,0.0,0.06084710877628126,1,0.0
Echuca,1300,0.0,5.0,5.416087354525346,43,0.9231756566522714
Echuca,1300,1.0,3.0,4.060137286182043,38,0.7388912710439541
Echuca,1300,2.0,17.0,13.397688391091785,115,1.2688756077730108
Echuca,1300,3.0,13.0,14.472703849165939,172,0.8982426598018994
Echuca,1300,4.0,5.0,5.390451351406694,94,0.9275661116383508
Echuca,1300,5.0,0.0,0.26293176762819453,4,0.0
Echuca,1312,0.0,2.0,0.4827537975443882,3,4.142898533731585
Echuca,1312,1.0,0.0,0.34604000224592324,5,0.0
Echuca,1312,2.0,1.0,0.7161090514014813,9,1.3964353586132197
Echuca,1312,3.0,0.0,1.1662537177373442,13,0.0
Echuca,1312,4.0,0.0,0.2726893451064195,3,0.0
Echuca,1312,5.0,0.0,0.016154085964443333,1,0.0
Echuca,1400,0.0,16.0,10.752335632538847,116,1.4880487874262973
Echuca,1400,1.0,7.0,7.456170500296057,83,0.9388197332292838
Echuca,1400,2.0,35.0,32.204335304972744,286,1.0868101970915565
Echuca,1400,3.0,46.0,43.72730809565701,478,1.05197420109583
Echuca,1400,4.0,10.0,19.49659175371318,285,0.5129101602127701
Echuca,1400,5.0,2.0,2.2532435495016863,39,0.8876093311982666
Echuca,1403,0.0,1.0,0.34090300609464386,3,2.9333856907157134
Echuca,1403,1.0,1.0,0.2405669088863057,3,4.156847692101368
Echuca,1403,2.0,0.0,0.5181684526140267,6,0.0
Echuca,1403,3.0,0.0,0.5648150055215466,9,0.0
Echuca,1403,4.0,1.0,1.2265698852194435,14,0.815281715335031
Echuca,1403,5.0,0.0,0.10897674166403352,1,0.0
Echuca,1412,0.0,2.0,1.6605840720535598,19,1.204395509783917
Echuca,1412,1.0,2.0,1.1086446161904862,13,1.804004611389699
Echuca,1412,2.0,4.0,5.801500864559188,44,0.6894767566847428
Echuca,1412,3.0,9.0,6.1791563983482325,77,1.4565095006182098
Echuca,1412,4.0,2.0,4.117443735993395,51,0.4857382706936905
Echuca,1412,5.0,0.0,0.13267031285513928,4,0.0
Echuca,1600,0.0,9.0,9.126551195642213,68,0.9861337330028194
Echuca,1600,1.0,3.0,4.203797993063696,56,0.7136403806629211
Echuca,1600,2.0,18.0,20.718793014209822,167,0.8687764768755999
Echuca,1600,3.0,29.0,25.164097285723187,252,1.1524355382481017
Echuca,1600,4.0,8.0,8.315705443632366,98,0.9620350377039734
Echuca,1600,5.0,1.0,0.4710550677287161,8,2.1228940489308292
Echuca,1603,0.0,0.0,0.06332214557232542,1,0.0
Echuca,1603,1.0,0.0,0.04842281720236649,1,0.0
Echuca,1603,2.0,0.0,0.11320580524220486,3,0.0
Echuca,1603,3.0,1.0,0.6683201214099797,3,1.4962889309546195
Echuca,1603,4.0,0.0,0.10672911057312358,2,0.0
Echuca,1612,0.0,0.0,0.2739479112744841,2,0.0
Echuca,1612,1.0,0.0,0.06858244384325722,1,0.0
Echuca,1612,2.0,1.0,0.6915023243998975,5,1.446126736982156
Echuca,1612,3.0,0.0,0.7469392474015922,9,0.0
Echuca,1612,4.0,1.0,0.21902807308076916,2,4.56562478925356
Echuca,1618,0.0,2.0,0.891128584331701,8,2.2443450195236343
Echuca,1618,1.0,0.0,0.33456118442219424,3,0.0
Echuca,1618,2.0,1.0,1.6412750019317466,14,0.6092824169155204
Echuca,1618,3.0,2.0,2.763989536299452,28,0.7235917407551716
Echuca,1618,4.0,2.0,2.0913744116829336,19,0.9563089176321115
Echuca,1618,5.0,1.0,0.27767128133197283,4,3.601380723289275
Echuca,2100,0.0,11.0,6.214420119569379,63,1.7700766585382117
Echuca,2100,1.0,7.0,5.700796794362173,52,1.2278985293639444
Echuca,2100,2.0,15.0,17.446965000023866,172,0.8597483860361662
Echuca,2100,3.0,20.0,24.910283642743615,263,0.8028812632900716
Echuca,2100,4.0,10.0,8.552737439886458,111,1.1692162971546516
Echuca,2100,5.0,0.0,0.15894103383700492,8,0.0
Echuca,2103,0.0,1.0,0.2316134106501766,2,4.317539287525869
Echuca,2103,1.0,0.0,0.07079213211747404,2,0.0
Echuca,2103,2.0,1.0,0.5433844353000875,5,1.840317710697296
Echuca,2103,3.0,0.0,0.6553787660592703,9,0.0
Echuca,2103,4.0,0.0,0.49883125587299154,5,0.0
Echuca,2112,0.0,0.0,0.48455045604003777,3,0.0
Echuca,2112,1.0,1.0,0.3856240483919029,3,2.593199267966083
Echuca,2112,2.0,1.0,0.8358886168115516,10,1.1963316402302997
Echuca,2112,3.0,0.0,0.840282366834186,13,0.0
Echuca,2112,4.0,1.0,0.4536545119223216,4,2.2043206310515613
Echuca,2124,0.0,2.0,0.8161830430920767,9,2.450430717628095
Echuca,2124,1.0,0.0,0.501289934038354,5,0.0
Echuca,2124,2.0,2.0,2.059145714677987,20,0.9712765763702952
Echuca,2124,3.0,3.0,3.853264285622381,40,0.7785606637971468
Echuca,2124,4.0,2.0,1.554671582999393,20,1.2864453315223303
Echuca,2124,5.0,0.0,0.21544543956980877,4,0.0
Echuca,3200,0.0,1.0,0.5748817611627983,6,1.7394881305284866
Echuca,3200,1.0,0.0,1.3165370470353785,13,0.0
Echuca,3200,2.0,3.0,2.55287951507499,19,1.1751435907118695
Echuca,3200,3.0,2.0,1.230873150683606,10,1.6248628048221168
Echuca,3200,4.0,0.0,0.3248285260432272,3,0.0
Edenhope,1000,0.0,3.0,1.004328943664226,7,2.987069145946052
Edenhope,1000,1.0,3.0,1.2297144821840564,9,2.4395906882968443
Edenhope,1000,2.0,1.0,2.646190771967214,27,0.37790170330636685
Edenhope,1000,3.0,0.0,1.9461054089896948,21,0.0
Edenhope,1000,4.0,0.0,0.1736603931948085,4,0.0
Edenhope,1140,0.0,0.0,0.26269312542943574,1,0.0
Edenhope,1140,1.0,0.0,0.042030900068709715,1,0.0
Edenhope,1140,2.0,1.0,0.3827814113400349,2,2.612457058714571
Edenhope,1140,3.0,0.0,0.1431392881596925,2,0.0
Edenhope,1140,4.0,0.0,0.16935527500212708,2,0.0
Edenhope,1200,0.0,2.0,0.942099878583267,10,2.1229171614028934
Edenhope,1200,1.0,1.0,1.0831453261126516,11,0.9232371463845434
Edenhope,1200,2.0,5.0,3.22102022360745,31,1.5523031998849557
Edenhope,1200,3.0,1.0,3.346484440154705,35,0.2988210517284733
Edenhope,1200,4.0,1.0,1.2690817588100896,21,0.7879712974029469
Edenhope,1200,5.0,0.0,0.1381683727318374,2,0.0
Edenhope,1450,0.0,3.0,1.848216739063961,12,1.6231862511532957
Edenhope,1450,1.0,1.0,0.47985925266299523,4,2.0839443950501444
Edenhope,1450,2.0,2.0,2.638076323407274,27,0.7581281793306304
Edenhope,1450,3.0,4.0,4.478959852787531,45,0.8930644907456706
Edenhope,1450,4.0,2.0,2.1435388801100346,36,0.9330364933232905
Edenhope,1450,5.0,0.0,0.4113489519682042,7,0.0
Edenhope,1850,0.0,1.0,1.387191849804232,8,0.7208808213089815
Edenhope,1850,1.0,1.0,0.7141629606387342,5,1.4002406385030364
Edenhope,1850,2.0,1.0,1.754454844417665,17,0.5699776219272933
Edenhope,1850,3.0,3.0,2.5195914683736396,25,1.1906692166791855
Edenhope,1850,4.0,1.0,1.1379005424567952,20,0.8788114274389397
Edenhope,1850,5.0,1.0,0.4705655503093544,8,2.1251024418225906
Edenhope,2000,0.0,2.0,0.9211882373178921,8,2.1711089210421837
Edenhope,2000,1.0,0.0,0.7455108350663915,8,0.0
Edenhope,2000,2.0,3.0,2.98225972651487,22,1.0059486010984904
Edenhope,2000,3.0,3.0,2.125657580826056,30,1.4113279707233768
Edenhope,2000,4.0,0.0,1.0577082500388524,16,0.0
Edenhope,2000,5.0,0.0,0.06390596489006699,1,0.0
Emerald,1000,0.0,6.0,4.0286656291892085,21,1.4893268770005947
Emerald,1000,1.0,7.0,5.08649140594758,40,1.3761942056591259
Emerald,1000,2.0,7.0,7.781817923047121,78,0.8995327401927974
Emerald,1000,3.0,1.0,3.5355066986125583,48,0.2828448890769832
Emerald,1000,4.0,0.0,0.5675183432035318,8,0.0
Emerald,1100,0.0,1.0,0.737160967661507,4,1.356555818700353
Emerald,1100,1.0,1.0,0.6773041098477891,4,1.4764416536978204
Emerald,1100,2.0,1.0,1.0522930227945861,14,0.9503056452320562
Emerald,1100,3.0,1.0,1.3422137392159468,16,0.745037821311641
Emerald,1100,4.0,0.0,0.191028160480171,2,0.0
Emerald,1200,0.0,7.0,3.0886739994677526,14,2.2663447166020942
Emerald,1200,1.0,1.0,1.7192291789345073,13,0.5816560190187967
Emerald,1200,2.0,5.0,3.909074128067259,43,1.2790752582817153
Emerald,1200,3.0,1.0,4.082211916610349,49,0.2449652346393488
Emerald,1200,4.0,0.0,1.0980856203404932,12,0.0
Emerald,1200,5.0,0.0,0.10272515657963831,3,0.0
Emerald,1280,0.0,2.0,1.4071489198882956,8,1.4213136731532061
Emerald,1280,1.0,0.0,1.0015971342617656,8,0.0
Emerald,1280,2.0,3.0,2.6895085699500076,22,1.1154454139016794
Emerald,1280,3.0,2.0,1.8198059806917264,24,1.0990182586606183
Emerald,1280,4.0,1.0,0.9941602632109521,9,1.0058740396344013
Emerald,1280,5.0,0.0,0.08777913199725243,1,0.0
Emerald,1290,0.0,0.0,0.34923364818018354,2,0.0
Emerald,1290,1.0,0.0,0.09727088277411626,2,0.0
Emerald,1290,2.0,0.0,1.139826091547604,7,0.0
Emerald,1290,3.0,2.0,0.23489605051078402,4,8.514404544695315
Emerald,1290,4.0,0.0,0.17877332698731208,2,0.0
Emerald,1615,0.0,1.0,0.9762836832479537,9,1.0242924440498131
Emerald,1615,1.0,1.0,0.7820571021499636,9,1.2786790085415587
Emerald,1615,2.0,2.0,2.030184946501081,19,0.9851319228067852
Emerald,1615,3.0,5.0,3.5694112626680443,24,1.400791231958692
Emerald,1615,4.0,0.0,1.2686439731638925,13,0.0
Emerald,1615,5.0,0.0,0.3734190322690653,4,0.0
Emerald,1630,0.0,0.0,0.0582771429248979,2,0.0
Emerald,1630,1.0,0.0,0.21106078647538629,3,0.0
Emerald,1630,2.0,2.0,0.8375684797075564,6,2.3878644534215465
Emerald,1630,3.0,0.0,0.5687164868482149,6,0.0
Emerald,1630,4.0,0.0,0.3243771040439447,4,0.0
Esperance,1100,0.0,9.0,9.403475789464432,76,0.9570929092074143
Esperance,1100,1.0,14.0,9.698836733968852,76,1.4434720764982991
Esperance,1100,2.0,29.0,25.836986547976682,231,1.1224219181346835
Esperance,1100,3.0,20.0,24.367085911808054,295,0.8207793115839179
Esperance,1100,4.0,4.0,6.359303367304354,84,0.6289997141142145
Esperance,1100,5.0,0.0,0.33431164947762515,8,0.0
Esperance,1200,0.0,11.0,8.229346329571102,67,1.3366796777616357
Esperance,1200,1.0,8.0,7.8770036574925335,63,1.0156146103081307
Esperance,1200,2.0,13.0,17.341629080719358,184,0.7496412211038215
Esperance,1200,3.0,29.0,24.209404365529693,278,1.1978815984953082
Esperance,1200,4.0,6.0,9.227227778058465,132,0.6502494730072094
Esperance,1200,5.0,0.0,0.11538878862885057,6,0.0
Esperance,1300,0.0,7.0,4.920177349456625,39,1.4227129436244947
Esperance,1300,1.0,4.0,2.9046548308891356,32,1.3770999422935122
Esperance,1300,2.0,11.0,13.593572852996854,122,0.8092059474691327
Esperance,1300,3.0,13.0,13.990636936151251,169,0.9291928637222023
Esperance,1300,4.0,4.0,3.4223042890113833,58,1.1688031402828585
Esperance,1300,5.0,0.0,0.16865374149475143,5,0.0
Esperance,1400,0.0,9.0,5.568365059356179,65,1.6162733412885453
Esperance,1400,1.0,6.0,5.632166664794277,55,1.0653093839543113
Esperance,1400,2.0,22.0,16.727408991291963,165,1.3152066773433273
Esperance,1400,3.0,25.0,27.02983295792808,284,0.9249039769839675
Esperance,1400,4.0,3.0,9.065838617391082,135,0.330912574843884
Esperance,1400,5.0,0.0,0.9763877092384229,13,0.0
Esperance,1600,0.0,5.0,4.224890087117363,52,1.1834627403079954
Esperance,1600,1.0,3.0,3.7753438602637726,39,0.7946296048885991
Esperance,1600,2.0,16.0,15.694355781059649,142,1.0194747859169353
Esperance,1600,3.0,25.0,20.19384628533979,218,1.2380009061547306
Esperance,1600,4.0,2.0,7.599864461441802,124,0.26316258798391406
Esperance,1600,5.0,1.0,0.5116995247776216,8,1.9542718950825446
Esperance,1975,0.0,0.0,0.2571304510000483,2,0.0
Esperance,1975,1.0,0.0,0.019708962193576974,1,0.0
Esperance,1975,2.0,0.0,0.4783565583585056,5,0.0
Esperance,1975,3.0,2.0,0.9310163887778435,11,2.1481898966627475
Esperance,1975,4.0,0.0,0.2753082372920897,3,0.0
Esperance,1975,5.0,0.0,0.03847940237793599,1,0.0
Esperance,1990,0.0,0.0,0.21645012652660262,2,0.0
Esperance,1990,1.0,0.0,0.08022691480340229,1,0.0
Esperance,1990,2.0,0.0,0.636922721725161,5,0.0
Esperance,1990,3.0,2.0,0.9952305968113418,9,2.0095845188118995
Esperance,1990,4.0,0.0,0.07116964013349247,2,0.0
Esperance,2000,0.0,2.0,1.0814918153012212,13,1.8492973980047667
Esperance,2000,1.0,2.0,0.8277146645248532,7,2.4162916107667285
Esperance,2000,2.0,3.0,2.643826945663767,31,1.134718747352358
Esperance,2000,3.0,4.0,4.715800960004776,47,0.8482122197108058
Esperance,2000,4.0,2.0,2.7819415143442,38,0.7189223747830907
Esperance,2000,5.0,0.0,0.9492241001611827,15,0.0
Esperance,2010,0.0,0.0,0.07045756328001238,2,0.0
Esperance,2010,1.0,0.0,0.007916976789675902,1,0.0
Esperance,2010,2.0,0.0,0.08193973518583886,3,0.0
Esperance,2010,3.0,0.0,0.3052789645404448,7,0.0
Esperance,2010,4.0,2.0,0.9204844227054042,8,2.1727689797528367
Esperance,2010,5.0,0.0,0.6139223374986237,8,0.0
Esperance,2015,0.0,0.0,0.1325001374128576,3,0.0
Esperance,2015,1.0,0.0,0.050567910713283315,2,0.0
Esperance,2015,2.0,0.0,0.3296203857212533,5,0.0
Esperance,2015,3.0,2.0,0.8417884394793098,10,2.3758938780830783
Esperance,2015,4.0,1.0,0.475034613258599,12,2.105109758508525
Esperance,2015,5.0,0.0,1.170488513414697,7,0.0
Ewan,1000,0.0,1.0,0.8840642742897786,7,1.1311394760334132
Ewan,1000,1.0,1.0,1.7320092367170787,12,0.5773641264728131
Ewan,1000,2.0,2.0,2.610432110032243,23,0.7661566804644065
Ewan,1000,3.0,3.0,1.616572375994145,18,1.8557783397449725
Ewan,1000,4.0,0.0,0.1569220029667542,4,0.0
Ewan,1200,0.0,3.0,1.0670676540355575,5,2.8114431063993552
Ewan,1200,1.0,1.0,0.7254436983186763,5,1.3784667263877939
Ewan,1200,2.0,1.0,0.863113394307251,10,1.1585963172343263
Ewan,1200,3.0,0.0,1.5853483423215236,17,0.0
Ewan,1200,4.0,0.0,0.48338755341734774,9,0.0
Ewan,1200,5.0,0.0,0.27563935759964386,2,0.0
Ewan,1300,0.0,1.0,0.9222440926725476,3,1.0843116350055717
Ewan,1300,1.0,0.0,0.4389788269079783,3,0.0
Ewan,1300,2.0,1.0,0.5199116909837099,8,1.923403565147629
Ewan,1300,3.0,0.0,0.7250658244352498,11,0.0
Ewan,1300,4.0,1.0,0.3937995650005144,4,2.5393628862913897
Ewan,1750,0.0,2.0,0.8663813294449647,4,2.3084523315862224
Ewan,1750,1.0,0.0,0.09397344904921556,2,0.0
Ewan,1750,2.0,1.0,1.0568901011692218,12,0.9461721695507554
Ewan,1750,3.0,1.0,1.6408200850667864,16,0.6094513402786004
Ewan,1750,4.0,0.0,0.3419350352698116,4,0.0
Fannie Bay,1000,0.0,19.0,7.825665491048202,44,2.427908530173459
Fannie Bay,1000,1.0,15.0,9.797025133006095,77,1.531077015354909
Fannie Bay,1000,2.0,5.0,17.137368248938685,149,0.2917600840087946
Fannie Bay,1000,3.0,4.0,7.765474856198775,91,0.5151005024254257
Fannie Bay,1000,4.0,0.0,0.4744662708082436,9,0.0
Fannie Bay,1100,0.0,57.0,19.156525195856172,120,2.975487434032656
Fannie Bay,1100,1.0,27.0,22.402115985164965,165,1.2052432912087334
Fannie Bay,1100,2.0,21.0,40.003093224740496,365,0.5249594045645511
Fannie Bay,1100,3.0,13.0,31.126339756502762,344,0.4176527051268244
Fannie Bay,1100,4.0,2.0,7.11314230542455,86,0.28116968761819666
Fannie Bay,1100,5.0,0.0,0.19878353231105475,4,0.0
Fannie Bay,1200,0.0,41.0,19.439955747384364,130,2.1090582989375646
Fannie Bay,1200,1.0,19.0,21.55095852885689,172,0.8816313193011283
Fannie Bay,1200,2.0,38.0,41.2296360661841,360,0.9216671216549254
Fannie Bay,1200,3.0,22.0,32.982979137667456,381,0.6670106999181104
Fannie Bay,1200,4.0,9.0,13.064579729852174,176,0.6888855352488125
Fannie Bay,1200,5.0,0.0,0.7318907900550132,12,0.0
Fannie Bay,1300,0.0,40.0,24.141518815089178,152,1.6568965816267862
Fannie Bay,1300,1.0,34.0,24.752448351299442,198,1.3736014925656874
Fannie Bay,1300,2.0,38.0,43.72773015450967,403,0.8690137783445189
Fannie Bay,1300,3.0,33.0,41.82962365423601,452,0.7889145805560732
Fannie Bay,1300,4.0,6.0,15.355120169895807,233,0.39074913993595356
Fannie Bay,1300,5.0,0.0,1.1935588549698906,23,0.0
Fannie Bay,1600,0.0,36.0,15.673577760596398,109,2.2968591185673333
Fannie Bay,1600,1.0,15.0,12.786375725685485,118,1.1731236686458189
Fannie Bay,1600,2.0,28.0,34.59409651442357,284,0.8093866532495149
Fannie Bay,1600,3.0,21.0,29.679556347252475,328,0.7075577462917175
Fannie Bay,1600,4.0,7.0,13.855229574895532,177,0.5052243964750602
Fannie Bay,1600,5.0,2.0,2.4111640771465375,37,0.829474866084964
Fannie Bay,2050,0.0,5.0,2.757596561462091,23,1.8131731341255284
Fannie Bay,2050,1.0,4.0,2.0926353737272265,22,1.911465346624403
Fannie Bay,2050,2.0,7.0,7.006318758870035,66,0.9990981342574465
Fannie Bay,2050,3.0,7.0,7.78326935796027,94,0.8993649940742204
Fannie Bay,2050,4.0,0.0,2.947422538064148,45,0.0
Fannie Bay,2050,5.0,0.0,0.4127574099162292,5,0.0
Flemington,1000,0.0,19.0,13.204346059386335,103,1.4389201793521469
Flemington,1000,1.0,24.0,19.37547282498628,194,1.238679448846792
Flemington,1000,2.0,43.0,48.18119537615134,501,0.8924643663217223
Flemington,1000,3.0,16.0,21.017204645146414,262,0.7612810680651074
Flemington,1000,4.0,1.0,1.0826633734387061,17,0.9236481297264593
Flemington,1000,5.0,0.0,0.1391177208909306,2,0.0
Flemington,1100,0.0,23.0,15.935496509645914,154,1.4433186933383515
Flemington,1100,1.0,18.0,19.17609589896239,232,0.9386686474056469
Flemington,1100,2.0,72.0,70.22101136727431,776,1.0253341357250056
Flemington,1100,3.0,36.0,45.02430158727174,623,0.7995682049663845
Flemington,1100,4.0,5.0,3.4007565271319637,67,1.4702610904688205
Flemington,1100,5.0,0.0,0.24233810971367753,2,0.0
Flemington,1200,0.0,30.0,17.410986528094185,177,1.7230499806310409
Flemington,1200,1.0,17.0,23.179168829561128,232,0.7334171524873386
Flemington,1200,2.0,67.0,73.5664526004555,816,0.9107412092286362
Flemington,1200,3.0,56.0,54.34477032444942,743,1.0304579385591017
Flemington,1200,4.0,6.0,6.860984624577461,114,0.8745100489668441
Flemington,1200,5.0,0.0,0.6376370928622979,6,0.0
Flemington,1400,0.0,35.0,26.914335306724674,261,1.300422232283592
Flemington,1400,1.0,35.0,22.305246442586547,227,1.5691375609809828
Flemington,1400,2.0,52.0,68.92979565455362,725,0.7543907465009987
Flemington,1400,3.0,93.0,94.95363379771219,1184,0.9794253919563081
Flemington,1400,4.0,45.0,44.99077509935238,641,1.0002050398248807
Flemington,1400,5.0,1.0,2.873587503378796,38,0.3479970590156691
Flemington,1410,0.0,4.0,1.9523289321077204,18,2.048835078052974
Flemington,1410,1.0,3.0,1.792345772830931,13,1.6737841801928834
Flemington,1410,2.0,5.0,4.270076813937092,39,1.1709391230809978
Flemington,1410,3.0,4.0,6.014760947237705,68,0.6650305864336987
Flemington,1410,4.0,2.0,3.7838572569314697,52,0.528561165021829
Flemington,1410,5.0,0.0,0.18663027695508105,5,0.0
Flemington,1420,0.0,0.0,2.667638260597364,29,0.0
Flemington,1420,1.0,1.0,2.4157807031874543,28,0.41394485794201835
Flemington,1420,2.0,13.0,8.109442056099027,88,1.6030695959190973
Flemington,1420,3.0,14.0,12.57314794860449,131,1.1134840739350307
Flemington,1420,4.0,1.0,3.1671696615632894,53,0.3157393214945132
Flemington,1420,5.0,0.0,0.06682136994837425,3,0.0
Flemington,1600,0.0,22.0,20.23298496890876,183,1.0873333832752086
Flemington,1600,1.0,10.0,14.248496726270314,136,0.701828423875955
Flemington,1600,2.0,38.0,43.614000442927754,460,0.8712798554153706
Flemington,1600,3.0,85.0,64.60443691762369,770,1.3156991076074611
Flemington,1600,4.0,27.0,36.060672036578225,513,0.7487381259176892
Flemington,1600,5.0,1.0,4.162657446982272,73,0.24023115347263377
Flemington,1610,0.0,0.0,0.13244327178406956,1,0.0
Flemington,1610,1.0,0.0,0.040994346028402476,1,0.0
Flemington,1610,2.0,1.0,0.4451842138873883,3,2.2462611404566903
Flemington,1610,3.0,0.0,0.26094477952694656,4,0.0
Flemington,1610,4.0,0.0,0.12043338877319311,6,0.0
Flemington,1620,0.0,1.0,1.1228467759991088,13,0.8905934641974639
Flemington,1620,1.0,1.0,1.458433755833322,12,0.6856670698962385
Flemington,1620,2.0,4.0,3.857107054762981,31,1.037046663006298
Flemington,1620,3.0,5.0,4.803968962844301,55,1.0408060582139218
Flemington,1620,4.0,2.0,1.620759991808614,33,1.2339889990548139
Flemington,1620,5.0,0.0,0.1368834587516729,3,0.0
Flemington,1630,0.0,1.0,0.706112177667674,7,1.4162055713343638
Flemington,1630,1.0,1.0,1.0845568845579583,8,0.9220355467178452
Flemington,1630,2.0,4.0,2.456449890004272,22,1.6283662110416766
Flemington,1630,3.0,1.0,1.9347858546722685,29,0.5168530654620632
Flemington,1630,4.0,0.0,0.809052099864206,19,0.0
Flemington,1630,5.0,0.0,0.009043093233621308,1,0.0
Flemington,1700,0.0,2.0,3.2477032612592973,32,0.6158198083726713
Flemington,1700,1.0,2.0,2.7732867507148744,31,0.7211659593024259
Flemington,1700,2.0,10.0,8.861545371552051,87,1.1284713422675345
Flemington,1700,3.0,13.0,10.93781857011321,145,1.1885368107605616
Flemington,1700,4.0,5.0,5.298587201951555,105,0.9436477705148306
Flemington,1700,5.0,0.0,0.8810588444090109,17,0.0
Flemington,1710,0.0,0.0,0.09277105330619058,1,0.0
Flemington,1710,2.0,0.0,0.3447298342371587,3,0.0
Flemington,1710,3.0,1.0,0.05963853426826537,1,16.767682376327553
Flemington,1710,4.0,0.0,0.5028605781883854,5,0.0
Flemington,1720,0.0,0.0,0.24147132352100859,2,0.0
Flemington,1720,1.0,0.0,0.08437818426779631,2,0.0
Flemington,1720,2.0,2.0,0.6664840723124641,4,3.0008218997052802
Flemington,1720,3.0,0.0,0.6199335251240279,7,0.0
Flemington,1720,4.0,0.0,0.3877328947747031,3,0.0
Flemington,1800,0.0,7.0,7.595033703335361,73,0.9216548962680636
Flemington,1800,1.0,10.0,5.999253951661226,70,1.6668739280874993
Flemington,1800,2.0,17.0,17.494516223906075,192,0.9717330723766843
Flemington,1800,3.0,29.0,28.215205012991284,339,1.0278146122506417
Flemington,1800,4.0,7.0,11.5666058859542,166,0.6051905000498361
Flemington,1800,5.0,3.0,2.0865838774874392,30,1.4377567239772078
Flemington,2000,0.0,10.0,9.432343050940116,119,1.060181966028399
Flemington,2000,1.0,8.0,9.837247046994047,100,0.8132356503585572
Flemington,2000,2.0,38.0,30.35588727292085,338,1.2518164815395836
Flemington,2000,3.0,36.0,41.344226558718994,532,0.8707382625448592
Flemington,2000,4.0,25.0,25.42055115784294,357,0.9834562533584883
Flemington,2000,5.0,2.0,2.533588403322438,49,0.7893942036430569
Flemington,2500,0.0,3.0,3.31513552459917,44,0.904940379583042
Flemington,2500,1.0,1.0,3.303668720436641,45,0.30269378821609916
Flemington,2500,2.0,10.0,13.856858590629473,124,0.721664288813799
Flemington,2500,3.0,20.0,15.988298989372748,187,1.2509148104681922
Flemington,2500,4.0,9.0,6.4172881694352375,97,1.4024615635722741
Flemington,2500,5.0,1.0,1.0787130892109476,16,0.9270305607689212
Flemington,2510,0.0,0.0,0.06004568617412967,2,0.0
Flemington,2510,1.0,0.0,0.2022070652974513,3,0.0
Flemington,2510,2.0,1.0,0.5119911626201048,5,1.9531587125108165
Flemington,2510,3.0,1.0,1.0757483547671076,11,0.9295854328464145
Flemington,2510,4.0,0.0,0.15000773114120658,5,0.0
Flemington,2520,0.0,3.0,1.562707026096678,13,1.9197456400342585
Flemington,2520,1.0,1.0,1.1158379389775117,11,0.8961874884056561
Flemington,2520,2.0,4.0,4.099954975048423,39,0.9756204700644933
Flemington,2520,3.0,3.0,4.025135171189051,47,0.7453165850114247
Flemington,2520,4.0,1.0,1.4592224077291427,28,0.6852964940116364
Flemington,2520,5.0,1.0,0.737142480959194,17,1.3565898395908036
Flemington,2530,0.0,2.0,0.6846540159391135,5,2.9211834787190685
Flemington,2530,1.0,0.0,0.6134971119172596,7,0.0
Flemington,2530,2.0,1.0,1.387513538877375,14,0.7207136881771196
Flemington,2530,3.0,2.0,2.0603196140576694,20,0.9707231763236609
Flemington,2530,4.0,0.0,0.25401571920858285,6,0.0
Flemington,2540,0.0,0.0,0.47637991634348853,6,0.0
Flemington,2540,1.0,0.0,0.2885024546504342,4,0.0
Flemington,2540,2.0,1.0,1.9065446219693993,15,0.5245090980178749
Flemington,2540,3.0,5.0,2.344040174061991,25,2.1330692431501683
Flemington,2540,4.0,0.0,0.8640572283401966,17,0.0
Flemington,2550,0.0,0.0,0.26586999309000037,4,0.0
Flemington,2550,1.0,0.0,0.12809985688038011,3,0.0
Flemington,2550,2.0,2.0,1.2238991060730353,12,1.6341216282256614
Flemington,2550,3.0,2.0,1.662603157726141,18,1.2029328771005703
Flemington,2550,4.0,0.0,0.5682786952949238,9,0.0
Flemington,2550,5.0,0.0,0.15124919093551922,1,0.0
Flemington,2600,0.0,5.0,2.5871587266393714,22,1.9326220492450514
Flemington,2600,1.0,0.0,2.211407265340575,23,0.0
Flemington,2600,2.0,7.0,6.925300262644573,68,1.010786497988883
Flemington,2600,3.0,8.0,7.518590136094789,80,1.0640292734663228
Flemington,2600,4.0,2.0,2.116430239807028,27,0.9449874427150295
Flemington,2600,5.0,0.0,0.6411133694736639,7,0.0
Flemington,2800,0.0,3.0,3.330213395785388,33,0.9008431723314501
Flemington,2800,1.0,1.0,3.626727413117268,39,0.27573067564525716
Flemington,2800,2.0,10.0,7.8926844046240445,98,1.2669960544908339
Flemington,2800,3.0,14.0,11.862651291734885,137,1.1801746216509188
Flemington,2800,4.0,5.0,5.483746804516886,87,0.9117853500970485
Flemington,2800,5.0,0.0,0.4831543968555248,11,0.0
Flemington,3200,0.0,1.0,0.16880782136250502,6,5.923896131877432
Flemington,3200,1.0,0.0,0.2981372268189644,1,0.0
Flemington,3200,2.0,0.0,0.5434493637042439,12,0.0
Flemington,3200,3.0,1.0,1.0295127870825977,21,0.9713332486464493
Flemington,3200,4.0,2.0,1.4062039774849007,41,1.422268768985526
Flemington,3200,5.0,2.0,2.426925221378689,54,0.8240880198458851
Forbes,1100,0.0,2.0,2.1235789329425185,18,0.9418062917156169
Forbes,1100,1.0,5.0,2.650401398196362,24,1.8865067017405646
Forbes,1100,2.0,7.0,5.378548397809174,59,1.3014663961843842
Forbes,1100,3.0,4.0,6.414813999449272,63,0.6235566612443338
Forbes,1100,4.0,0.0,1.1244885400819065,23,0.0
Forbes,1100,5.0,0.0,0.05346420024019146,1,0.0
Forbes,1200,0.0,1.0,1.3959500511079068,12,0.716358009519282
Forbes,1200,1.0,0.0,1.337836846112305,14,0.0
Forbes,1200,2.0,6.0,4.482582371970309,40,1.3385141648524161
Forbes,1200,3.0,4.0,3.6976624897928767,37,1.0817644960949528
Forbes,1200,4.0,1.0,1.085968241016602,19,0.9208372420393022
Forbes,1300,0.0,0.0,0.7536200532842485,7,0.0
Forbes,1300,1.0,1.0,1.090423950599176,5,0.9170745006568418
Forbes,1300,2.0,2.0,2.2652785113194245,19,0.8828936442058458
Forbes,1300,3.0,4.0,1.5590431211202267,26,2.5656763086359415
Forbes,1300,4.0,0.0,1.2792482159694183,22,0.0
Forbes,1300,5.0,0.0,0.052386147707506006,2,0.0
Forbes,1400,0.0,3.0,1.9479008652651064,20,1.5401194452427662
Forbes,1400,1.0,5.0,2.7171378699111717,17,1.8401716215318362
Forbes,1400,2.0,4.0,5.4802000932075785,52,0.729900356185496
Forbes,1400,3.0,6.0,6.028011113024364,89,0.9953531749528726
Forbes,1400,4.0,2.0,3.4255385995169623,55,0.5838497923456537
Forbes,1400,5.0,0.0,0.4012114590748178,7,0.0
Forbes,1600,0.0,2.0,2.632709197764195,17,0.7596737238197376
Forbes,1600,1.0,1.0,0.5944550067055494,11,1.6822131006044814
Forbes,1600,2.0,3.0,3.6804787340265728,44,0.8151113528423773
Forbes,1600,3.0,9.0,6.133146030050146,84,1.4674361177613138
Forbes,1600,4.0,2.0,3.5673375762579895,51,0.5606422036733426
Forbes,1600,5.0,0.0,0.15333455568586474,3,0.0
Gatton,860,0.0,13.0,6.909993274101341,29,1.8813332349720235
Gatton,860,1.0,6.0,8.883436887319261,66,0.675414265458986
Gatton,860,2.0,9.0,9.28981038554109,98,0.968803412178126
Gatton,860,3.0,1.0,2.4519036832327488,54,0.4078463631497691
Gatton,860,4.0,0.0,1.4648557698055598,21,0.0
Gatton,1075,0.0,3.0,0.9646326312128511,3,3.1099922425680773
Gatton,1075,1.0,0.0,0.44766701982716484,4,0.0
Gatton,1075,2.0,0.0,0.9341732936143267,9,0.0
Gatton,1075,3.0,0.0,0.6222875442239847,11,0.0
Gatton,1075,4.0,0.0,0.031239511121672656,1,0.0
Gatton,1100,0.0,63.0,27.615489714064328,186,2.2813283650702254
Gatton,1100,1.0,31.0,28.437655903759516,251,1.0901039138004949
Gatton,1100,2.0,61.0,63.02378479834114,571,0.967888555014322
Gatton,1100,3.0,29.0,53.692388106255564,663,0.5401138042623455
Gatton,1100,4.0,2.0,12.692145453922938,246,0.15757777180073462
Gatton,1100,5.0,0.0,0.2746367564421429,11,0.0
Gatton,1400,0.0,49.0,28.154539425888583,211,1.7403943022752366
Gatton,1400,1.0,19.0,23.414904368711827,217,0.8114489686060283
Gatton,1400,2.0,67.0,59.755568852599936,518,1.121234410223255
Gatton,1400,3.0,58.0,64.07902416313821,756,0.905132385479815
Gatton,1400,4.0,14.0,31.616162508491257,496,0.44281148909960133
Gatton,1400,5.0,4.0,3.963099307556919,81,1.0093110693372527
Gatton,1600,0.0,17.0,8.64194907213252,72,1.9671488292866108
Gatton,1600,1.0,7.0,8.794456366398222,77,0.7959559645716744
Gatton,1600,2.0,15.0,19.60586942032649,182,0.7650770123179883
Gatton,1600,3.0,27.0,23.40786635450532,254,1.1534583968949952
Gatton,1600,4.0,4.0,9.295800716801933,132,0.4303018235718089
Gatton,1600,5.0,2.0,2.254058069835516,37,0.8872885870885947
Gatton,2000,0.0,8.0,3.7245364188246195,35,2.1479183179861674
Gatton,2000,1.0,3.0,3.2228992678869477,35,0.9308388971048764
Gatton,2000,2.0,7.0,10.242067405578364,101,0.6834557636466476
Gatton,2000,3.0,11.0,11.605652265343554,132,0.9478140261748033
Gatton,2000,4.0,4.0,4.932916767848798,71,0.8108792806054915
Gatton,2000,5.0,2.0,1.2719278745177156,13,1.5724162038341614
Gawler,1100,0.0,49.0,26.143659350723475,172,1.874259427215342
Gawler,1100,1.0,20.0,19.891663020107956,190,1.0054463510558433
Gawler,1100,2.0,62.0,65.11311776477737,606,0.952189084601607
Gawler,1100,3.0,40.0,52.825243677825185,620,0.757213733720855
Gawler,1100,4.0,1.0,7.785939959923457,140,0.12843664414923525
Gawler,1100,5.0,0.0,0.2139828129967672,3,0.0
Gawler,1106,0.0,1.0,0.24556638630813826,2,4.072218576141743
Gawler,1106,1.0,1.0,0.4350445768736585,2,2.2986150228242255
Gawler,1106,2.0,0.0,0.9154589153906186,7,0.0
Gawler,1106,3.0,0.0,0.40393012142758467,5,0.0
Gawler,1107,0.0,0.0,0.33649977477016296,2,0.0
Gawler,1107,1.0,0.0,0.5699086067147332,3,0.0
Gawler,1107,2.0,0.0,0.5258753575202031,4,0.0
Gawler,1107,3.0,2.0,0.5541528367128842,7,3.6091126265157665
Gawler,1107,4.0,0.0,0.013563424282016564,1,0.0
Gawler,1200,0.0,39.0,25.076459236822007,228,1.5552434907848878
Gawler,1200,1.0,15.0,20.60446567368158,199,0.7279975243017218
Gawler,1200,2.0,77.0,81.25032516918921,746,0.9476885149648488
Gawler,1200,3.0,83.0,80.97952670824881,975,1.0249504210987859
Gawler,1200,4.0,14.0,18.932461811108755,306,0.7394706583686544
Gawler,1200,5.0,0.0,0.9647102761190078,18,0.0
Gawler,1206,0.0,0.0,0.3071331857151499,1,0.0
Gawler,1206,1.0,1.0,0.07985462828593899,1,12.522755680725929
Gawler,1206,2.0,0.0,0.34369853766201874,3,0.0
Gawler,1206,3.0,0.0,0.0156577702521449,1,0.0
Gawler,1206,4.0,0.0,0.2536558780847474,2,0.0
Gawler,1207,0.0,0.0,0.08915666426889898,2,0.0
Gawler,1207,1.0,0.0,0.10872815192471078,2,0.0
Gawler,1207,2.0,0.0,1.1935070093822318,7,0.0
Gawler,1207,3.0,2.0,0.5824328128434658,9,3.4338724671707643
Gawler,1207,4.0,0.0,0.026175361580692603,1,0.0
Gawler,1208,0.0,0.0,0.07085154199232503,2,0.0
Gawler,1208,1.0,0.0,0.18235203443982617,2,0.0
Gawler,1208,2.0,1.0,0.5228928591191405,6,1.912437667794104
Gawler,1208,3.0,1.0,0.7189954625268381,9,1.3908293614059808
Gawler,1208,4.0,0.0,0.5049081019218702,4,0.0
Gawler,1500,0.0,19.0,13.21285124093963,124,1.43799393889557
Gawler,1500,1.0,17.0,9.705348458284444,92,1.7516115029840966
Gawler,1500,2.0,34.0,34.52139898524064,326,0.984896354129114
Gawler,1500,3.0,37.0,46.369712939981554,532,0.7979346356508783
Gawler,1500,4.0,16.0,17.92196148419251,277,0.8927594233539831
Gawler,1500,5.0,1.0,2.248444370186259,30,0.44475194194693857
Gawler,1504,0.0,0.0,0.04375495093129329,1,0.0
Gawler,1504,1.0,0.0,0.05195900423091079,1,0.0
Gawler,1504,2.0,1.0,0.47414923325589703,3,2.109040635019445
Gawler,1504,3.0,0.0,0.22230079465825567,4,0.0
Gawler,1504,4.0,0.0,0.20783601692364315,1,0.0
Gawler,1505,0.0,0.0,0.23712673349511154,3,0.0
Gawler,1505,1.0,0.0,0.3263100030785451,3,0.0
Gawler,1505,2.0,1.0,0.257626183806996,7,3.881593032287289
Gawler,1505,3.0,2.0,1.7574372624454504,13,1.1380207093236585
Gawler,1505,4.0,0.0,0.4158310980360783,8,0.0
Gawler,1505,5.0,0.0,0.005668719137818772,1,0.0
Gawler,1506,0.0,2.0,2.340734160464786,23,0.8544327817230093
Gawler,1506,1.0,2.0,2.0784913999699484,17,0.9622363604818941
Gawler,1506,2.0,6.0,4.519527176718706,53,1.327572501589902
Gawler,1506,3.0,8.0,9.205561944283316,96,0.8690398313997578
Gawler,1506,4.0,5.0,3.9806470462313466,56,1.2560772010002041
Gawler,1506,5.0,0.0,0.8750382723318963,10,0.0
Gawler,1507,0.0,0.0,0.2863562338094701,1,0.0
Gawler,1507,2.0,1.0,0.3019756647445321,2,3.3115251218868527
Gawler,1507,3.0,0.0,0.28203035849288705,3,0.0
Gawler,1507,4.0,0.0,0.12963774295311078,2,0.0
Gawler,1508,0.0,0.0,0.16345069198183054,2,0.0
Gawler,1508,1.0,0.0,0.06279080342548496,2,0.0
Gawler,1508,2.0,0.0,0.3340254381025149,4,0.0
Gawler,1508,3.0,2.0,0.9372070579733593,8,2.1340001475499464
Gawler,1508,4.0,0.0,0.5025260085168103,8,0.0
Gawler,1511,0.0,0.0,0.019807886244607154,1,0.0
Gawler,1511,2.0,0.0,0.2800829398425765,3,0.0
Gawler,1511,3.0,1.0,0.46020322374970624,4,2.1729530528970753
Gawler,1511,4.0,0.0,0.23990595016311017,4,0.0
Gawler,1513,0.0,0.0,0.1485544439167139,1,0.0
Gawler,1513,2.0,0.0,0.40401371904842154,5,0.0
Gawler,1513,3.0,1.0,0.4474318370348645,3,2.234977302078034
Gawler,1516,0.0,2.0,2.657460545043547,27,0.7525981914313714
Gawler,1516,1.0,3.0,2.4390173117095344,23,1.2300035697152418
Gawler,1516,2.0,6.0,6.799929311270823,62,0.882362113684778
Gawler,1516,3.0,11.0,8.784071982559922,100,1.2522666050368925
Gawler,1516,4.0,4.0,5.897388821185957,74,0.6782662838221349
Gawler,1516,5.0,1.0,0.3210646847681293,4,3.114637166408361
Gawler,1522,0.0,1.0,0.7694300855684828,8,1.299663242646879
Gawler,1522,1.0,2.0,0.7739018397991948,6,2.584307075066448
Gawler,1522,2.0,1.0,2.694975003693509,20,0.3710609555300079
Gawler,1522,3.0,3.0,3.4793457247668056,34,0.8622310736887371
Gawler,1522,4.0,1.0,0.28234734617200746,8,3.541736848451888
Gawler,1526,0.0,0.0,0.30631544447656284,3,0.0
Gawler,1526,1.0,0.0,0.016071892968409506,1,0.0
Gawler,1526,2.0,3.0,1.0193736851222175,9,2.9429835631280947
Gawler,1526,3.0,0.0,1.2198393161362928,10,0.0
Gawler,1526,4.0,0.0,0.4383996612965173,4,0.0
Gawler,1700,0.0,15.0,7.452794704546479,63,2.0126678104858367
Gawler,1700,1.0,4.0,4.679757485586888,44,0.8547451470123264
Gawler,1700,2.0,14.0,18.378975450250312,161,0.7617399586770397
Gawler,1700,3.0,19.0,20.79791479315396,231,0.913553122462749
Gawler,1700,4.0,11.0,11.130622322939413,145,0.9882645984070262
Gawler,1700,5.0,0.0,0.5132640627190705,9,0.0
Gawler,1705,0.0,0.0,0.12288056871041127,1,0.0
Gawler,1705,2.0,1.0,0.04527178847225678,1,22.08881145954317
Gawler,1705,3.0,0.0,0.24733855165330537,2,0.0
Gawler,1705,4.0,0.0,0.5845090911640265,4,0.0
Gawler,1706,0.0,3.0,1.1646816520579049,10,2.5758111623886455
Gawler,1706,1.0,2.0,0.9115779797253649,7,2.193997709995747
Gawler,1706,2.0,1.0,2.874943584752816,27,0.3478329123755584
Gawler,1706,3.0,4.0,4.042148193248595,44,0.9895728233519511
Gawler,1706,4.0,0.0,1.0066485902153188,12,0.0
Gawler,1707,0.0,0.0,0.3680790070799967,1,0.0
Gawler,1707,1.0,0.0,0.09526750771482267,1,0.0
Gawler,1707,2.0,1.0,0.23465471951654734,4,4.261580598337304
Gawler,1707,3.0,0.0,0.218450673605396,4,0.0
Gawler,1707,4.0,0.0,0.08354809208323734,2,0.0
Gawler,1708,0.0,0.0,0.23132302574927407,1,0.0
Gawler,1708,2.0,0.0,0.3348188605661595,3,0.0
Gawler,1708,3.0,1.0,0.35284271914613297,3,2.8341239474062694
Gawler,1708,4.0,0.0,0.08101539453843354,2,0.0
Gawler,1709,0.0,0.0,0.30470866728583407,2,0.0
Gawler,1709,1.0,0.0,0.14856534543950833,1,0.0
Gawler,1709,2.0,1.0,0.8450823714998673,6,1.1833166017002368
Gawler,1709,3.0,1.0,0.56116719032837,8,1.782000119099701
Gawler,1709,4.0,0.0,0.1404764254464202,2,0.0
Gawler,1716,0.0,0.0,0.06595934412921135,1,0.0
Gawler,1716,2.0,1.0,0.563324299540335,3,1.7751763962889342
Gawler,1716,3.0,0.0,0.34331712260357705,2,0.0
Gawler,1716,4.0,0.0,0.027399233726876464,2,0.0
Gawler,1717,0.0,0.0,0.0929122070862275,1,0.0
Gawler,1717,2.0,0.0,0.4081500525573565,2,0.0
Gawler,1717,3.0,0.0,0.041810493188802374,1,0.0
Gawler,1717,4.0,1.0,0.39965912606943443,4,2.5021322791619824
Gawler,1717,5.0,0.0,0.05746812109817915,2,0.0
Gawler,1718,0.0,0.0,0.10421015360509352,2,0.0
Gawler,1718,1.0,0.0,0.19394390609394646,1,0.0
Gawler,1718,2.0,1.0,0.5733251101908179,4,1.7442110631909586
Gawler,1718,3.0,1.0,1.0985799414838622,10,0.910266028204821
Gawler,1718,4.0,0.0,0.029940888626279992,2,0.0
Gawler,1719,0.0,3.0,1.6459874304922004,12,1.8226141612168378
Gawler,1719,1.0,1.0,0.5989279141738237,8,1.6696500135236227
Gawler,1719,2.0,4.0,3.19965771261842,28,1.250133720311797
Gawler,1719,3.0,4.0,4.883885657111063,46,0.8190199936757113
Gawler,1719,4.0,0.0,1.644839557975677,15,0.0
Gawler,1719,5.0,0.0,0.026701727628815987,2,0.0
Gawler,1722,0.0,0.0,0.8027436483992985,3,0.0
Gawler,1722,1.0,1.0,0.30167702176409056,3,3.31480334217166
Gawler,1722,2.0,2.0,1.0448696305309106,10,1.914114394332407
Gawler,1722,3.0,0.0,0.842663537970342,12,0.0
Gawler,1722,4.0,0.0,0.008046161335358517,1,0.0
Gawler,1732,0.0,1.0,0.5381059844885759,5,1.858369965817078
Gawler,1732,1.0,2.0,1.2650251196750313,5,1.5809962734287635
Gawler,1732,2.0,0.0,0.7868907787656765,13,0.0
Gawler,1732,3.0,1.0,2.0910385843557666,18,0.478231251915465
Gawler,1732,4.0,1.0,0.31893953271494946,1,3.135390559732665
Gawler,1738,0.0,0.0,0.07552669412468219,3,0.0
Gawler,1738,1.0,1.0,0.6081115885609343,3,1.644435032666373
Gawler,1738,2.0,0.0,1.2409022008942778,7,0.0
Gawler,1738,3.0,2.0,0.9134786270528159,11,2.1894327253749344
Gawler,1738,4.0,0.0,0.16198088936728974,3,0.0
Gawler,2100,0.0,8.0,4.1091008294537765,41,1.9468979545735414
Gawler,2100,1.0,4.0,3.2296454463828534,27,1.2385260445476856
Gawler,2100,2.0,12.0,12.352738175215837,110,0.9714445355991144
Gawler,2100,3.0,14.0,14.1188259012177,141,0.9915838680886736
Gawler,2100,4.0,2.0,6.002454193310282,71,0.33319704500685643
Gawler,2100,5.0,1.0,0.912376535978149,12,1.096038708325517
Gawler,2105,0.0,0.0,0.20543657887931588,2,0.0
Gawler,2105,2.0,1.0,0.16787234506066426,1,5.956907313343533
Gawler,2105,3.0,0.0,0.07630466260660743,1,0.0
Gawler,2105,4.0,1.0,0.6978532468996966,7,1.4329660346822621
Gawler,2105,5.0,0.0,0.8525331665537159,13,0.0
Gawler,2106,0.0,1.0,0.20368072315089125,2,4.9096447839061215
Gawler,2106,1.0,0.0,0.04172359548606807,1,0.0
Gawler,2106,2.0,0.0,0.24074432856169808,5,0.0
Gawler,2106,3.0,1.0,1.099074374716014,9,0.9098565329197003
Gawler,2106,4.0,0.0,0.4147769780853286,3,0.0
Gawler,2107,0.0,0.0,0.10125856260426204,1,0.0
Gawler,2107,4.0,0.0,0.29791530213825373,5,0.0
Gawler,2107,5.0,1.0,0.6008261352574843,6,1.6643750018821162
Gawler,2108,0.0,0.0,0.05061009869892702,1,0.0
Gawler,2108,1.0,1.0,0.12457870448966651,1,8.027054094810783
Gawler,2108,2.0,0.0,0.09360147286253169,2,0.0
Gawler,2108,3.0,0.0,0.7312097239488747,6,0.0
Gawler,2112,0.0,2.0,0.7470243347593586,12,2.6772889542403817
Gawler,2112,1.0,1.0,0.44959927899043906,6,2.2242028551412902
Gawler,2112,2.0,5.0,4.001022372695061,36,1.2496805901717651
Gawler,2112,3.0,3.0,4.938124994289325,49,0.6075180363942464
Gawler,2112,4.0,1.0,1.6756685074875541,23,0.5967767464337975
Gawler,2112,5.0,0.0,0.1885605117782626,1,0.0
Gawler,2118,0.0,0.0,0.08008042201104476,2,0.0
Gawler,2118,1.0,0.0,0.11763672716849091,1,0.0
Gawler,2118,2.0,0.0,0.23151863888403654,5,0.0
Gawler,2118,3.0,1.0,0.6698386779517727,7,1.492896771888109
Gawler,2118,4.0,1.0,0.9009255339846551,5,1.1099696504073469
Gawler,2121,0.0,3.0,1.5991173819554654,14,1.8760348889032015
Gawler,2121,1.0,2.0,0.7053079161039741,10,2.8356409368658877
Gawler,2121,2.0,5.0,4.018770958891395,38,1.2441614740291853
Gawler,2121,3.0,3.0,5.9816006264664505,54,0.5015379974928565
Gawler,2121,4.0,1.0,1.695203116582715,20,0.5898998121333423
Gawler,2122,0.0,1.0,0.1590119924210564,2,6.288833846896567
Gawler,2122,1.0,0.0,0.11001991979888832,1,0.0
Gawler,2122,2.0,0.0,0.1301051361453056,3,0.0
Gawler,2122,3.0,1.0,1.24975295402418,9,0.8001581406789394
Gawler,2122,4.0,0.0,0.35110999761056966,6,0.0
Gawler,2132,0.0,0.0,0.6616582394305721,6,0.0
Gawler,2132,1.0,1.0,0.8682705900309126,5,1.1517146975626544
Gawler,2132,2.0,1.0,1.1912915146382301,13,0.8394251010036605
Gawler,2132,3.0,2.0,1.8528542040510823,15,1.0794157444375267
Gawler,2132,4.0,2.0,1.4259254518492033,12,1.4025978689182603
Gawler,2138,0.0,0.0,0.09848814369036407,2,0.0
Gawler,2138,1.0,0.0,0.4168524387018775,2,0.0
Gawler,2138,2.0,0.0,0.6177274899970878,6,0.0
Gawler,2138,3.0,2.0,0.6960335884507644,8,2.8734245490244397
Gawler,2138,4.0,0.0,0.1708983391599063,1,0.0
Gawler,3000,0.0,0.0,0.42503014472366746,1,0.0
Gawler,3000,1.0,1.0,0.2562681754951524,1,3.902162248854486
Gawler,3000,3.0,0.0,0.31870167978118014,7,0.0
Gawler,3340,0.0,0.0,0.4306880074401781,4,0.0
Gawler,3340,1.0,1.0,0.7526544956702242,3,1.328630873465413
Gawler,3340,2.0,1.0,0.671543260023197,8,1.4891073435320565
Gawler,3340,3.0,1.0,1.1440073465372007,9,0.8741202607019116
Gawler,3340,4.0,0.0,0.009293752974636025,1,0.0
Gawler,3340,5.0,1.0,0.7486151587695509,9,1.335799827569126
Geelong,1100,0.0,11.0,6.455154216328486,62,1.7040646329060898
Geelong,1100,1.0,9.0,7.532717029514695,65,1.1947880113823732
Geelong,1100,2.0,20.0,25.25824970498195,205,0.79182050354246
Geelong,1100,3.0,21.0,19.348342606915278,239,1.085364282959017
Geelong,1100,4.0,1.0,3.379623443956666,54,0.29589095252258585
Geelong,1100,5.0,0.0,0.025912998302924338,2,0.0
Geelong,1106,0.0,0.0,0.08878012818793286,1,0.0
Geelong,1106,1.0,1.0,0.29083145440874564,1,3.4384176293206643
Geelong,1106,2.0,0.0,0.5128496464652972,4,0.0
Geelong,1106,3.0,0.0,0.10753877093802433,2,0.0
Geelong,1107,0.0,0.0,0.06377946879886699,2,0.0
Geelong,1107,1.0,0.0,0.22900432178337385,2,0.0
Geelong,1107,2.0,1.0,0.4995741578611984,6,2.0017048205240426
Geelong,1107,3.0,0.0,0.947595568195129,9,0.0
Geelong,1107,4.0,1.0,0.26004648336143166,2,3.8454663453769022
Geelong,1109,0.0,3.0,1.2082368113307749,7,2.4829569599818293
Geelong,1109,1.0,0.0,0.6968572432414484,8,0.0
Geelong,1109,2.0,3.0,2.590028975272872,20,1.1582882001093966
Geelong,1109,3.0,1.0,2.232418803853641,24,0.44794462323726275
Geelong,1109,4.0,0.0,0.2724581663012639,4,0.0
Geelong,1112,0.0,4.0,2.1976643489716268,24,1.8201141597768362
Geelong,1112,1.0,2.0,2.7289604364399453,19,0.7328798077443337
Geelong,1112,2.0,10.0,8.196286104406619,80,1.2200647796596118
Geelong,1112,3.0,6.0,9.04154533943461,105,0.663603374727444
Geelong,1112,4.0,2.0,1.8088593955159995,32,1.1056691332437563
Geelong,1112,5.0,0.0,0.026684375231199466,1,0.0
Geelong,1114,0.0,1.0,0.5672524760808618,1,1.762883446378205
Geelong,1114,1.0,0.0,0.11750229861674995,1,0.0
Geelong,1114,2.0,0.0,0.16235284919987542,3,0.0
Geelong,1114,3.0,0.0,0.15289237610251288,4,0.0
Geelong,1118,0.0,3.0,1.7086547257011528,7,1.7557672447655794
Geelong,1118,1.0,0.0,0.8138550069491846,7,0.0
Geelong,1118,2.0,3.0,2.1777357698411857,22,1.377577592996408
Geelong,1118,3.0,1.0,1.6725766509710336,29,0.5978799234220079
Geelong,1118,4.0,0.0,0.627177846537443,12,0.0
Geelong,1121,0.0,1.0,0.9327221600289353,6,1.0721306331662341
Geelong,1121,1.0,0.0,0.4304871623132137,5,0.0
Geelong,1121,2.0,2.0,1.9633269730143965,19,1.0186790216248582
Geelong,1121,3.0,2.0,2.2814529698320403,26,0.8766343319131576
Geelong,1121,4.0,1.0,0.39201073481141446,3,2.550950551089047
Geelong,1125,0.0,11.0,3.7522826467822683,27,2.9315488825003464
Geelong,1125,1.0,2.0,2.448903374912755,25,0.8166920836847033
Geelong,1125,2.0,8.0,9.590920020239434,75,0.8341222722239199
Geelong,1125,3.0,6.0,9.15814586615322,102,0.6551544480389714
Geelong,1125,4.0,0.0,1.9716792512826373,33,0.0
Geelong,1125,5.0,0.0,0.026877770586040715,1,0.0
Geelong,1130,0.0,1.0,0.9581089857453573,11,1.043722598240798
Geelong,1130,1.0,0.0,1.1677332910766103,10,0.0
Geelong,1130,2.0,3.0,4.490904878420796,39,0.6680168209340774
Geelong,1130,3.0,6.0,3.9233814704855687,44,1.5292930460971523
Geelong,1130,4.0,1.0,0.459871374271668,7,2.174521085561747
Geelong,1135,0.0,2.0,2.137548780014182,12,0.9356511620692608
Geelong,1135,1.0,1.0,1.2227706220520795,11,0.8178148721971901
Geelong,1135,2.0,6.0,3.6314949057462935,32,1.6522121483651
Geelong,1135,3.0,2.0,4.004039909618386,38,0.4994955208102845
Geelong,1135,4.0,1.0,1.0041457825690594,19,0.9958713339825492
Geelong,1140,0.0,3.0,1.6453194208440027,13,1.8233541536032463
Geelong,1140,1.0,0.0,0.5663174205181128,8,0.0
Geelong,1140,2.0,4.0,4.430358449873563,39,0.9028614829380577
Geelong,1140,3.0,4.0,4.8220220326298735,42,0.8295275245390049
Geelong,1140,4.0,2.0,1.5001447323412735,18,1.3332046947754188
Geelong,1140,5.0,0.0,0.0041428751390124715,1,0.0
Geelong,1143,0.0,3.0,1.3972086480115515,9,2.1471381559722476
Geelong,1143,1.0,0.0,1.5984683257630359,10,0.0
Geelong,1143,2.0,4.0,2.803386007099367,28,1.4268459605171377
Geelong,1143,3.0,2.0,2.871313941480343,38,0.6965452196317043
Geelong,1143,4.0,0.0,0.329623077645703,2,0.0
Geelong,1147,0.0,4.0,2.1551982696088934,12,1.8559777336522663
Geelong,1147,1.0,2.0,1.2220880233608937,10,1.6365433272963037
Geelong,1147,2.0,3.0,3.940533213462158,34,0.761318288030415
Geelong,1147,3.0,3.0,4.004092631011483,50,0.7492334160216876
Geelong,1147,4.0,0.0,0.6780878625565716,12,0.0
Geelong,1150,0.0,3.0,0.6535859003688216,5,4.5900622983254165
Geelong,1150,1.0,1.0,1.0289124334755613,4,0.9719000057391687
Geelong,1150,2.0,1.0,1.4567743864728147,13,0.6864480933257137
Geelong,1150,3.0,0.0,1.3431443234435474,19,0.0
Geelong,1150,4.0,0.0,0.5175829562392551,8,0.0
Geelong,1200,0.0,17.0,8.894138176176531,65,1.9113712496097142
Geelong,1200,1.0,4.0,5.529028358915247,54,0.723454419174795
Geelong,1200,2.0,23.0,21.380927802900466,201,1.0757250673134913
Geelong,1200,3.0,20.0,23.2696367338131,292,0.8594891372299769
Geelong,1200,4.0,1.0,5.844519166569682,112,0.171100474050961
Geelong,1200,5.0,0.0,0.059875569282782176,3,0.0
Geelong,1206,0.0,0.0,0.1162657413286145,1,0.0
Geelong,1206,1.0,0.0,0.47099226032678204,2,0.0
Geelong,1206,2.0,0.0,0.05209721742593655,2,0.0
Geelong,1206,3.0,1.0,0.3606447809186669,6,2.7728115112402563
Geelong,1207,0.0,2.0,1.0041102466427085,2,1.9918131566599357
Geelong,1207,1.0,0.0,0.019924974654632378,1,0.0
Geelong,1207,2.0,0.0,0.40682874045967293,7,0.0
Geelong,1207,3.0,0.0,0.5691360382429861,11,0.0
Geelong,1209,0.0,1.0,0.5383081563758241,5,1.8576720195594476
Geelong,1209,1.0,2.0,0.7822732509637961,4,2.5566513971120823
Geelong,1209,2.0,0.0,1.1186770640640276,14,0.0
Geelong,1209,3.0,2.0,2.2273020218691686,20,0.8979473732626458
Geelong,1209,4.0,0.0,0.3334395067271838,6,0.0
Geelong,1212,0.0,13.0,5.030399330040077,36,2.584287875987855
Geelong,1212,1.0,6.0,3.656248693556889,32,1.6410262273934797
Geelong,1212,2.0,8.0,10.582537684135277,107,0.7559623446456641
Geelong,1212,3.0,8.0,13.081641589025601,146,0.6115440440373575
Geelong,1212,4.0,1.0,3.5541034324909693,55,0.2813649121345713
Geelong,1212,5.0,0.0,0.09506927075118538,5,0.0
Geelong,1214,0.0,0.0,0.0823782065905712,1,0.0
Geelong,1214,1.0,0.0,0.051486379119106994,1,0.0
Geelong,1214,2.0,0.0,0.48678031167155705,3,0.0
Geelong,1214,3.0,1.0,0.3793551026187648,3,2.6360525879230257
Geelong,1218,0.0,1.0,0.4979782384242697,4,2.0081198792225448
Geelong,1218,1.0,0.0,0.5195506484995231,3,0.0
Geelong,1218,2.0,1.0,1.6875737525690664,15,0.5925666943312295
Geelong,1218,3.0,1.0,0.8984221549637463,15,1.1130624890259442
Geelong,1218,4.0,1.0,0.29968214183924347,8,3.3368688366369974
Geelong,1221,0.0,0.0,0.8252045484247189,5,0.0
Geelong,1221,1.0,0.0,0.16886559938024284,4,0.0
Geelong,1221,2.0,0.0,0.7503031315569973,11,0.0
Geelong,1221,3.0,4.0,2.5583206556095592,29,1.563525663301553
Geelong,1221,4.0,1.0,0.6230330524087376,11,1.6050512828073127
Geelong,1225,0.0,7.0,3.7677642412174603,21,1.8578657134179186
Geelong,1225,1.0,1.0,2.253251459677028,21,0.44380310759604963
Geelong,1225,2.0,7.0,5.955097562098096,61,1.1754635296913194
Geelong,1225,3.0,6.0,7.01040433721448,85,0.8558707474473641
Geelong,1225,4.0,0.0,2.013482399792936,26,0.0
Geelong,1230,0.0,1.0,1.4838904674202968,14,0.6739041876443028
Geelong,1230,1.0,3.0,2.1793616851747957,16,1.376549849622315
Geelong,1230,2.0,4.0,5.179517255444924,47,0.7722727433324088
Geelong,1230,3.0,6.0,4.793454094756501,61,1.2517069906986957
Geelong,1230,4.0,0.0,0.3637764972034832,16,0.0
Geelong,1235,0.0,4.0,2.702006959152024,13,1.4803810872697856
Geelong,1235,1.0,1.0,1.191837714586445,11,0.8390404060564483
Geelong,1235,2.0,4.0,2.96072268678256,31,1.351021498182537
Geelong,1235,3.0,3.0,4.88472311825899,55,0.6141596826207127
Geelong,1235,4.0,1.0,1.2607095212199808,19,0.7932041308233369
Geelong,1240,0.0,2.0,1.0291576087182543,8,1.9433369418420408
Geelong,1240,1.0,1.0,0.6584326330628281,5,1.518758259821213
Geelong,1240,2.0,1.0,1.5507713856759409,18,0.6448403737886395
Geelong,1240,3.0,4.0,3.363518461436604,30,1.189230874116132
Geelong,1240,4.0,0.0,1.398119911106373,16,0.0
Geelong,1243,0.0,0.0,1.4722635092381167,10,0.0
Geelong,1243,1.0,1.0,0.9923067933837766,6,1.0077528509000624
Geelong,1243,2.0,4.0,3.860832684800155,35,1.0360459327200937
Geelong,1243,3.0,5.0,3.2044816312262148,33,1.5603147639472406
Geelong,1243,4.0,0.0,0.4433466068463522,13,0.0
Geelong,1247,0.0,2.0,1.0343117998439135,12,1.9336528891015428
Geelong,1247,1.0,2.0,1.4079324487490823,10,1.4205226975036742
Geelong,1247,2.0,4.0,4.292850241631222,32,0.9317818639953432
Geelong,1247,3.0,3.0,4.396704360148094,48,0.682329252608413
Geelong,1247,4.0,1.0,0.7909641200140615,12,1.2642798512557338
Geelong,1247,5.0,0.0,0.07723702961362593,1,0.0
Geelong,1250,0.0,2.0,1.1116796020481226,5,1.799079515640356
Geelong,1250,1.0,0.0,0.38813597075807627,4,0.0
Geelong,1250,2.0,2.0,1.8329470594360322,17,1.0911389882779088
Geelong,1250,3.0,1.0,1.297924159913772,19,0.7704610414728972
Geelong,1250,4.0,0.0,0.3693132078439969,4,0.0
Geelong,1300,0.0,14.0,5.815610851831497,45,2.407313755457178
Geelong,1300,1.0,5.0,3.2642081962227802,33,1.5317650405344283
Geelong,1300,2.0,14.0,13.727427170554321,129,1.019856075436361
Geelong,1300,3.0,10.0,16.44289683221819,204,0.6081653434938553
Geelong,1300,4.0,2.0,5.479303893694244,92,0.36500986964816157
Geelong,1300,5.0,0.0,0.27055305547896935,6,0.0
Geelong,1306,0.0,0.0,0.0679441594651935,1,0.0
Geelong,1306,1.0,0.0,0.05871132943333794,2,0.0
Geelong,1306,2.0,0.0,0.39772190906454735,1,0.0
Geelong,1306,3.0,1.0,0.3830260221422982,3,2.610788672808474
Geelong,1306,4.0,0.0,0.09259657989462296,4,0.0
Geelong,1307,0.0,1.0,0.29178096934043013,1,3.4272283153370027
Geelong,1307,2.0,0.0,0.1350202132634147,2,0.0
Geelong,1307,3.0,0.0,0.4869613309022057,5,0.0
Geelong,1307,4.0,0.0,0.08623748649394934,2,0.0
Geelong,1309,0.0,0.0,0.1482065054961332,3,0.0
Geelong,1309,1.0,0.0,0.1499116193683226,1,0.0
Geelong,1309,2.0,2.0,0.8762586203518017,9,2.28243118361225
Geelong,1309,3.0,1.0,1.4518585274237288,13,0.6887723432492175
Geelong,1309,4.0,0.0,0.2731567009467114,5,0.0
Geelong,1309,5.0,0.0,0.10060802641330235,2,0.0
Geelong,1312,0.0,4.0,2.2551612976325246,22,1.7737090487492901
Geelong,1312,1.0,4.0,2.4032267502622617,15,1.6644288765358841
Geelong,1312,2.0,7.0,5.999576074510834,56,1.1667491024473315
Geelong,1312,3.0,5.0,7.283273267284431,100,0.6865045174755952
Geelong,1312,4.0,2.0,3.9904134355471683,56,0.5012011994004723
Geelong,1312,5.0,0.0,0.009113223301704013,1,0.0
Geelong,1314,0.0,0.0,0.0738817642784602,1,0.0
Geelong,1314,1.0,0.0,0.04780584747429778,1,0.0
Geelong,1314,2.0,1.0,0.5355892535084897,3,1.867102436147272
Geelong,1314,3.0,0.0,0.34272313473875216,4,0.0
Geelong,1318,0.0,1.0,0.42856969526544275,4,2.333342770259645
Geelong,1318,1.0,1.0,0.2937230383181976,3,3.4045678055279907
Geelong,1318,2.0,0.0,1.1363873088830678,11,0.0
Geelong,1318,3.0,1.0,1.4539446337960262,19,0.6877840990335055
Geelong,1318,4.0,1.0,0.6873753237372655,7,1.4548092802677166
Geelong,1321,0.0,3.0,1.0086381766005,10,2.9743074073511258
Geelong,1321,1.0,0.0,0.42859937878997467,8,0.0
Geelong,1321,2.0,3.0,2.7646251176550236,24,1.0851380828604433
Geelong,1321,3.0,3.0,4.261243928731065,49,0.704019776894902
Geelong,1321,4.0,1.0,1.5368933982234367,15,0.6506632152600462
Geelong,1325,0.0,6.0,2.9666837841421954,23,2.0224602406470753
Geelong,1325,1.0,4.0,2.5735171272262956,16,1.5542931335806378
Geelong,1325,2.0,6.0,6.897281893231483,59,0.869907898920006
Geelong,1325,3.0,6.0,8.111196954737865,94,0.7397181986186779
Geelong,1325,4.0,1.0,2.09118642482384,37,0.4781974424323452
Geelong,1325,5.0,0.0,0.3601338158383195,4,0.0
Geelong,1330,0.0,3.0,1.1202966640669223,10,2.677862120118561
Geelong,1330,1.0,0.0,0.6235997866349972,7,0.0
Geelong,1330,2.0,4.0,3.1673958123998123,32,1.26286711131608
Geelong,1330,3.0,1.0,2.840860021358775,46,0.35200608001857936
Geelong,1330,4.0,2.0,2.045084839438148,21,0.9779545383307744
Geelong,1330,5.0,0.0,0.021995205374246405,3,0.0
Geelong,1335,0.0,0.0,1.4794594460339685,11,0.0
Geelong,1335,1.0,2.0,0.6018074937029648,9,3.3233218611052115
Geelong,1335,2.0,1.0,2.5926080092080013,24,0.38571199211310137
Geelong,1335,3.0,6.0,4.3156664241012495,40,1.3902835414925558
Geelong,1335,4.0,2.0,1.7970445322179045,20,1.1129384743357522
Geelong,1335,5.0,0.0,0.21341409473591116,3,0.0
Geelong,1340,0.0,0.0,0.8388433845341744,10,0.0
Geelong,1340,1.0,0.0,0.6193922381512276,8,0.0
Geelong,1340,2.0,3.0,2.4833930120435213,25,1.2080246603945204
Geelong,1340,3.0,6.0,4.1260475591025,40,1.4541761610971646
Geelong,1340,4.0,1.0,1.7567338000069992,13,0.5692382078582514
Geelong,1340,5.0,0.0,0.17559000616157716,2,0.0
Geelong,1343,0.0,6.0,1.0626197434918885,9,5.646422473088371
Geelong,1343,1.0,0.0,0.7913249734019142,5,0.0
Geelong,1343,2.0,2.0,2.3999383847170543,23,0.8333547280780687
Geelong,1343,3.0,1.0,3.5551310164218104,33,0.2812835857190113
Geelong,1343,4.0,0.0,1.1909858819673327,13,0.0
Geelong,1347,0.0,4.0,1.696804586956309,18,2.3573722223223785
Geelong,1347,1.0,3.0,1.71916883883943,14,1.7450293026630408
Geelong,1347,2.0,3.0,5.5102431907269995,46,0.5444405802358411
Geelong,1347,3.0,7.0,7.498510873166877,78,0.9335186836961484
Geelong,1347,4.0,1.0,1.5752725103103837,22,0.6348107984205
Geelong,1350,0.0,0.0,0.04687843728281701,1,0.0
Geelong,1350,1.0,0.0,0.07671017009915511,1,0.0
Geelong,1350,2.0,1.0,0.6784218742485226,3,1.474009076001101
Geelong,1350,3.0,0.0,0.19798951836950518,4,0.0
Geelong,1400,0.0,10.0,6.9894936539280845,51,1.4307188038406782
Geelong,1400,1.0,6.0,4.873814290048773,41,1.2310686544316314
Geelong,1400,2.0,16.0,13.15474480808017,124,1.2162911735218276
Geelong,1400,3.0,15.0,17.198370686288605,226,0.8721756423100442
Geelong,1400,4.0,4.0,8.142583975627913,128,0.49124454988399935
Geelong,1400,5.0,0.0,0.6409925860264554,15,0.0
Geelong,1406,0.0,1.0,0.15446700130868043,2,6.473874623885794
Geelong,1406,1.0,0.0,0.06539000310140002,2,0.0
Geelong,1406,2.0,0.0,0.527064027203492,4,0.0
Geelong,1406,3.0,1.0,1.146581024003398,7,0.872158163326656
Geelong,1406,4.0,0.0,0.10649794438302963,1,0.0
Geelong,1409,0.0,0.0,0.5794034262792772,3,0.0
Geelong,1409,1.0,1.0,0.16075985963807357,2,6.2204582801412505
Geelong,1409,2.0,0.0,0.7805110742177129,5,0.0
Geelong,1409,3.0,2.0,1.1614454784902786,11,1.7219921529159754
Geelong,1409,4.0,0.0,0.3178801613746574,5,0.0
Geelong,1412,0.0,2.0,1.6706025030034035,21,1.197172874100456
Geelong,1412,1.0,2.0,2.0346507752801952,18,0.982969669438519
Geelong,1412,2.0,6.0,5.710479855527238,49,1.0506997926264519
Geelong,1412,3.0,9.0,8.077367820879699,88,1.1142243611508356
Geelong,1412,4.0,2.0,3.321310072241635,55,0.6021720214307332
Geelong,1412,5.0,0.0,0.18558897306782904,6,0.0
Geelong,1414,0.0,1.0,0.30364595396805333,1,3.293309154730941
Geelong,1414,1.0,0.0,0.00407882624733206,1,0.0
Geelong,1414,2.0,0.0,0.22386570905367476,2,0.0
Geelong,1414,3.0,0.0,0.3937974821719426,3,0.0
Geelong,1414,4.0,0.0,0.07461202855899729,2,0.0
Geelong,1418,0.0,3.0,0.9973075498588138,7,3.008099156999967
Geelong,1418,1.0,1.0,0.46058914824766917,5,2.1711323503919755
Geelong,1418,2.0,1.0,1.992112790637184,17,0.5019796091365623
Geelong,1418,3.0,1.0,1.9863730008027551,31,0.5034301209268697
Geelong,1418,4.0,1.0,1.3363923215862277,16,0.7482832577285781
Geelong,1418,5.0,0.0,0.13213315829905575,2,0.0
Geelong,1421,0.0,0.0,0.5003078024903088,4,0.0
Geelong,1421,1.0,1.0,0.559988702424297,2,1.7857503118738127
Geelong,1421,2.0,1.0,1.2660195161877197,13,0.7898772390264831
Geelong,1421,3.0,2.0,0.9204773276341348,13,2.172785727531734
Geelong,1421,4.0,0.0,0.7330206541677394,10,0.0
Geelong,1421,5.0,0.0,0.020185997095800295,1,0.0
Geelong,1425,0.0,2.0,1.9100436134314775,15,1.0470965091770401
Geelong,1425,1.0,2.0,0.9990625884160935,12,2.001876582297797
Geelong,1425,2.0,5.0,5.2482284095311975,42,0.9527024378206568
Geelong,1425,3.0,4.0,4.860023984900083,65,0.8230412056458679
Geelong,1425,4.0,1.0,1.4377809776501131,18,0.695516226424406
Geelong,1425,5.0,1.0,0.5448604260710358,7,1.8353324120288115
Geelong,1430,0.0,2.0,1.2513036044353145,11,1.598333124679646
Geelong,1430,1.0,1.0,1.5887908674915645,11,0.6294094587658557
Geelong,1430,2.0,4.0,3.3256293726625716,33,1.2027798505993808
Geelong,1430,3.0,4.0,3.743459503868479,44,1.0685303249217504
Geelong,1430,4.0,0.0,1.0269219266779823,20,0.0
Geelong,1430,5.0,0.0,0.0638947248640882,1,0.0
Geelong,1435,0.0,2.0,1.0888962784552825,9,1.8367222292624759
Geelong,1435,1.0,0.0,0.558941645787125,8,0.0
Geelong,1435,2.0,1.0,2.3015961432843604,19,0.4344810895333738
Geelong,1435,3.0,3.0,3.6480292727107115,39,0.8223618221601644
Geelong,1435,4.0,3.0,1.3184355578876794,17,2.275424067602079
Geelong,1435,5.0,0.0,0.0841011018748413,3,0.0
Geelong,1440,0.0,2.0,1.4521030042996332,11,1.3773127623027157
Geelong,1440,1.0,3.0,0.7841935423101885,6,3.8255862081727616
Geelong,1440,2.0,2.0,2.267705658582232,27,0.881948674613441
Geelong,1440,3.0,4.0,4.102146604097114,48,0.9750992312183351
Geelong,1440,4.0,0.0,2.3499175629756928,26,0.0
Geelong,1440,5.0,0.0,0.043933627735138814,1,0.0
Geelong,1443,0.0,1.0,1.513656876636283,13,0.6606517074214635
Geelong,1443,1.0,3.0,0.7540585406527984,7,3.978470951874453
Geelong,1443,2.0,4.0,4.651450543339417,37,0.859946797827991
Geelong,1443,3.0,5.0,4.983005474578987,56,1.0034104970399313
Geelong,1443,4.0,0.0,1.0978285647925141,17,0.0
Geelong,1447,0.0,1.0,1.4914605481430594,14,0.6704837089020212
Geelong,1447,1.0,2.0,1.8308578661172927,11,1.0923840878163893
Geelong,1447,2.0,2.0,3.6290257803027597,38,0.5511120948369636
Geelong,1447,3.0,7.0,5.961909206575115,56,1.1741205304300881
Geelong,1447,4.0,2.0,1.0867465988617735,20,1.840355426089892
Geelong,1450,0.0,2.0,0.38382951538678506,3,5.210646705959023
Geelong,1450,1.0,0.0,0.10955811056800113,3,0.0
Geelong,1450,2.0,1.0,1.3837216252516071,10,0.722688712636233
Geelong,1450,3.0,0.0,0.7952704844745611,13,0.0
Geelong,1450,4.0,0.0,0.3276202643190458,4,0.0
Geelong,1500,0.0,2.0,2.953809939732448,33,0.6770916344675708
Geelong,1500,1.0,2.0,2.4085860806374795,22,0.8303626829358164
Geelong,1500,2.0,13.0,9.55340331237963,85,1.3607716093336237
Geelong,1500,3.0,12.0,13.850005678225855,148,0.8664256375624219
Geelong,1500,4.0,4.0,4.015858801194045,69,0.996050956475529
Geelong,1500,5.0,0.0,0.21833618783054218,3,0.0
Geelong,1506,0.0,0.0,0.04107167665231845,1,0.0
Geelong,1506,2.0,0.0,0.18094514888783653,2,0.0
Geelong,1506,3.0,0.0,0.1479147619515437,5,0.0
Geelong,1506,4.0,1.0,0.6300684125083013,3,1.58712923890122
Geelong,1507,0.0,0.0,0.050565243005911344,1,0.0
Geelong,1507,1.0,0.0,0.10113048601182269,1,0.0
Geelong,1507,2.0,0.0,0.5350041064706256,3,0.0
Geelong,1507,3.0,1.0,0.25936390530533493,5,3.8555866084093497
Geelong,1507,4.0,0.0,0.05393625920630543,1,0.0
Geelong,1509,0.0,0.0,0.4418341699091248,4,0.0
Geelong,1509,1.0,0.0,0.30236954106044195,1,0.0
Geelong,1509,2.0,0.0,0.6001195836921376,10,0.0
Geelong,1509,3.0,3.0,1.5620839727014828,16,1.9205113504953075
Geelong,1509,4.0,1.0,1.0935927326368127,15,0.9144171958685691
Geelong,1512,0.0,1.0,2.5553800461453977,24,0.3913312235134755
Geelong,1512,1.0,2.0,1.8698628391802705,20,1.069597169424887
Geelong,1512,2.0,12.0,7.748274009956523,66,1.5487320123914066
Geelong,1512,3.0,8.0,8.348562461911234,96,0.9582488046892521
Geelong,1512,4.0,1.0,3.019088820743867,54,0.3312257635910202
Geelong,1512,5.0,0.0,0.45883182206270784,5,0.0
Geelong,1514,0.0,0.0,0.06925594999785759,1,0.0
Geelong,1514,2.0,0.0,0.32753990469575,2,0.0
Geelong,1514,3.0,0.0,0.44838069139942205,4,0.0
Geelong,1514,4.0,1.0,0.15482345390697047,3,6.458969715278894
Geelong,1518,0.0,3.0,0.4665341274368098,6,6.430397742781075
Geelong,1518,1.0,0.0,0.03626757815565515,2,0.0
Geelong,1518,2.0,0.0,1.9926327401955533,19,0.0
Geelong,1518,3.0,3.0,1.8346544345753544,23,1.6351853207137474
Geelong,1518,4.0,0.0,1.6699111196366274,13,0.0
Geelong,1521,0.0,1.0,0.8678664914841301,5,1.1522509623454982
Geelong,1521,1.0,0.0,0.5824004981213133,5,0.0
Geelong,1521,2.0,2.0,1.5823682203432905,12,1.2639283159807806
Geelong,1521,3.0,2.0,1.6438180810326029,25,1.2166796454408466
Geelong,1521,4.0,0.0,0.3235467090186635,6,0.0
Geelong,1525,0.0,3.0,1.9749400214135036,17,1.5190334731547142
Geelong,1525,1.0,2.0,1.6844254809366537,14,1.1873484595399648
Geelong,1525,2.0,9.0,6.748687842631285,53,1.3335925753073412
Geelong,1525,3.0,1.0,4.9989547190846375,67,0.20004181997933976
Geelong,1525,4.0,2.0,1.58890199481136,39,1.2587308761214355
Geelong,1530,0.0,2.0,1.1012455769035292,7,1.8161253420182437
Geelong,1530,1.0,0.0,0.3181359396765003,4,0.0
Geelong,1530,2.0,3.0,1.8153922903516868,17,1.6525353863978485
Geelong,1530,3.0,1.0,2.7078020634727835,32,0.36930321218438317
Geelong,1530,4.0,1.0,1.0574241295955003,19,0.9456943264407378
Geelong,1535,0.0,1.0,0.4759751870589116,6,2.1009498545062386
Geelong,1535,1.0,0.0,0.8799654251356812,4,0.0
Geelong,1535,2.0,2.0,0.9760447193935794,9,2.0490864406731366
Geelong,1535,3.0,2.0,2.595577621698574,20,0.7705413944396617
Geelong,1535,4.0,1.0,1.0724370467132536,18,0.9324556654068836
Geelong,1540,0.0,2.0,0.7436742457102912,8,2.6893495526253957
Geelong,1540,1.0,1.0,0.6110814509752013,3,1.6364430607476934
Geelong,1540,2.0,3.0,2.5963397409864863,17,1.1554728191542998
Geelong,1540,3.0,1.0,2.5046880493501487,30,0.39925131605089664
Geelong,1540,4.0,1.0,1.3374572780653844,16,0.7476874337597443
Geelong,1540,5.0,0.0,0.20675923491248807,6,0.0
Geelong,1543,0.0,1.0,1.4373244948742927,9,0.6957371168209717
Geelong,1543,1.0,0.0,0.35651130820612054,3,0.0
Geelong,1543,2.0,1.0,2.2983547414012238,20,0.43509384429939485
Geelong,1543,3.0,5.0,3.2682482768128223,33,1.5298715325495322
Geelong,1543,4.0,2.0,1.5711314042553308,20,1.272967999101221
Geelong,1543,5.0,0.0,0.06842977445021003,4,0.0
Geelong,1547,0.0,1.0,0.6649166345314503,7,1.5039479358260819
Geelong,1547,1.0,0.0,0.4867182426026671,3,0.0
Geelong,1547,2.0,2.0,2.2016219590819714,20,0.9084211718318601
Geelong,1547,3.0,3.0,2.3524477976797864,23,1.2752674057034943
Geelong,1547,4.0,1.0,1.294295366104125,16,0.7726211699343678
Geelong,1550,0.0,1.0,0.1760837553461706,2,5.6791155892493155
Geelong,1550,1.0,0.0,0.1966717119569599,2,0.0
Geelong,1550,2.0,1.0,0.9797219747067211,6,1.0206977344765071
Geelong,1550,3.0,0.0,0.6022373251920533,8,0.0
Geelong,1550,4.0,0.0,0.04528523279809517,2,0.0
Geelong,1557,0.0,0.0,0.28855414843679866,2,0.0
Geelong,1557,1.0,0.0,0.022450533299939825,2,0.0
Geelong,1557,2.0,1.0,0.6232155347123477,5,1.6045813114423753
Geelong,1557,3.0,1.0,1.0395451900936876,10,0.9619591428342584
Geelong,1557,4.0,0.0,0.02623459345722633,1,0.0
Geelong,1700,0.0,5.0,5.137418270206605,52,0.9732514926799841
Geelong,1700,1.0,5.0,3.915640771687103,31,1.2769302118196322
Geelong,1700,2.0,13.0,12.775240744906219,124,1.0175933479127115
Geelong,1700,3.0,21.0,20.452911354519053,224,1.0267486929365714
Geelong,1700,4.0,8.0,8.815611444312788,138,0.9074810125803624
Geelong,1700,5.0,0.0,0.9031774143682348,14,0.0
Geelong,1708,0.0,0.0,0.3500750251281096,2,0.0
Geelong,1708,1.0,0.0,0.1408370638302131,2,0.0
Geelong,1708,2.0,1.0,0.6837097564208732,6,1.462608936919173
Geelong,1708,3.0,1.0,0.709126345684471,7,1.4101859366609326
Geelong,1708,4.0,0.0,0.03229216914898137,1,0.0
Geelong,1708,5.0,0.0,0.08395963978735158,1,0.0
Geelong,1710,0.0,1.0,0.17040159460119908,2,5.8684896836814175
Geelong,1710,1.0,1.0,0.1352167634519853,2,7.395532731820595
Geelong,1710,2.0,0.0,0.48218431260112815,4,0.0
Geelong,1710,3.0,0.0,0.8163263275566989,7,0.0
Geelong,1710,4.0,0.0,0.3958710017889886,3,0.0
Geelong,1715,0.0,4.0,3.2956343941752,30,1.213726864566566
Geelong,1715,1.0,4.0,2.598030769230242,18,1.5396276469755363
Geelong,1715,2.0,10.0,6.628914349602961,66,1.5085426470473178
Geelong,1715,3.0,6.0,11.535141218011727,134,0.5201496788466886
Geelong,1715,4.0,6.0,5.561479577944342,86,1.0788495967502494
Geelong,1715,5.0,0.0,0.3807996910355287,8,0.0
Geelong,1720,0.0,1.0,0.5858209018465843,5,1.7070063509988613
Geelong,1720,1.0,1.0,1.2834943759930586,4,0.779123008798761
Geelong,1720,2.0,1.0,0.9459259860540742,12,1.0571651638110666
Geelong,1720,3.0,2.0,1.0715718541609174,15,1.8664170696850546
Geelong,1720,4.0,0.0,1.0599588022136912,15,0.0
Geelong,1720,5.0,0.0,0.05322807973167455,3,0.0
Geelong,1726,0.0,1.0,1.055470314357889,9,0.9474449317964616
Geelong,1726,1.0,0.0,0.17815085740735453,5,0.0
Geelong,1726,2.0,6.0,2.934812227176544,27,2.044423811663188
Geelong,1726,3.0,0.0,3.2502409934624907,33,0.0
Geelong,1726,4.0,2.0,1.4776899645096837,16,1.3534638848708873
Geelong,1726,5.0,0.0,0.10363564308603729,2,0.0
Geelong,1730,0.0,1.0,0.12496624465824917,1,8.00216092541426
Geelong,1730,1.0,0.0,0.23208016865103415,1,0.0
Geelong,1730,2.0,0.0,0.17568714179313816,4,0.0
Geelong,1730,3.0,0.0,0.3661032944599483,6,0.0
Geelong,1730,4.0,0.0,0.10116315043763027,2,0.0
Geelong,1733,0.0,2.0,1.6233429674435351,15,1.2320255424210387
Geelong,1733,1.0,1.0,1.0277189403691507,12,0.9730286761483697
Geelong,1733,2.0,3.0,4.270460152056917,37,0.7025004081948909
Geelong,1733,3.0,7.0,6.769750533800567,71,1.0340115141687756
Geelong,1733,4.0,2.0,1.2256155710013985,26,1.631833053790174
Geelong,1733,5.0,0.0,0.08311183532843157,3,0.0
Geelong,1740,0.0,1.0,0.6996017372524477,4,1.429384672381331
Geelong,1740,1.0,0.0,0.05537483598328443,3,0.0
Geelong,1740,2.0,2.0,0.9668108629393422,9,2.068656938668965
Geelong,1740,3.0,1.0,1.4270350273909114,16,0.7007536471114717
Geelong,1740,4.0,0.0,0.8154801534444601,13,0.0
Geelong,1740,5.0,0.0,0.0356973829895544,3,0.0
Geelong,1741,0.0,1.0,0.959534786447676,8,1.042171700415502
Geelong,1741,1.0,1.0,0.3539015713253428,5,2.825644419308602
Geelong,1741,2.0,0.0,1.8948047547451516,20,0.0
Geelong,1741,3.0,2.0,2.3624502038432125,30,0.846578690524955
Geelong,1741,4.0,3.0,1.6408467415253463,19,1.828324318218271
Geelong,1741,5.0,1.0,0.7502707538043877,10,1.3328521669401527
Geelong,1750,0.0,3.0,0.8872310001742926,9,3.381306558732352
Geelong,1750,1.0,1.0,0.6998034730956944,4,1.4289726165209462
Geelong,1750,2.0,3.0,2.3834980538615564,25,1.258654268728953
Geelong,1750,3.0,2.0,3.2499862175587566,35,0.615387225088699
Geelong,1750,4.0,0.0,1.3604953419233559,17,0.0
Geelong,1750,5.0,0.0,0.41898591338634394,5,0.0
Geelong,1755,0.0,2.0,1.7238529996964218,11,1.1601917334901577
Geelong,1755,1.0,0.0,0.42506964407875314,7,0.0
Geelong,1755,2.0,2.0,2.4365760578699756,16,0.8208239564450022
Geelong,1755,3.0,5.0,4.436799588422963,44,1.1269384384741217
Geelong,1755,4.0,2.0,1.9254301674241145,25,1.0387289208601351
Geelong,1755,5.0,0.0,0.05227154250777135,1,0.0
Geelong,1760,0.0,0.0,0.8015699676382977,11,0.0
Geelong,1760,1.0,2.0,0.8771965057772979,8,2.2799908422204305
Geelong,1760,2.0,3.0,2.2620301179614355,20,1.3262422883668898
Geelong,1760,3.0,6.0,4.960866375636938,40,1.2094661588681968
Geelong,1760,4.0,0.0,2.0983370329860316,27,0.0
Geelong,1765,0.0,4.0,1.7187625669113176,16,2.3272557111760666
Geelong,1765,1.0,0.0,0.6918551937196991,9,0.0
Geelong,1765,2.0,4.0,3.963317614335523,32,1.0092554746386702
Geelong,1765,3.0,4.0,7.204856273353641,60,0.5551810956720337
Geelong,1765,4.0,3.0,1.9079946963236645,34,1.5723314146419893
Geelong,1765,5.0,1.0,0.5132136553561553,7,1.9485062206811883
Geelong,1770,0.0,0.0,0.23855323334820577,1,0.0
Geelong,1770,1.0,0.0,0.00415391202347622,1,0.0
Geelong,1770,2.0,0.0,0.2886199613348663,2,0.0
Geelong,1770,3.0,1.0,0.4365599580350394,5,2.2906361007111364
Geelong,1770,4.0,0.0,0.03211293525841232,1,0.0
Geelong,2200,0.0,3.0,2.7739799939980134,22,1.081478599878521
Geelong,2200,1.0,2.0,1.2063557678656185,14,1.6578857193500725
Geelong,2200,2.0,3.0,4.529349065429562,44,0.6623468310043975
Geelong,2200,3.0,8.0,8.397936020803462,95,0.952615021141184
Geelong,2200,4.0,5.0,4.098736570737617,56,1.2198881078859356
Geelong,2200,5.0,1.0,0.9936425811657268,14,1.0063980941988364
Geelong,2212,0.0,0.0,0.1689442122997779,2,0.0
Geelong,2212,1.0,0.0,0.38809044238181956,2,0.0
Geelong,2212,2.0,1.0,0.5279039986021162,4,1.8942838141934681
Geelong,2212,3.0,1.0,0.7701709798201596,7,1.29841298387211
Geelong,2212,4.0,0.0,0.1366277141878722,4,0.0
Geelong,2218,0.0,1.0,0.03736816777462942,2,26.76074476091749
Geelong,2218,1.0,0.0,0.3841921046281078,2,0.0
Geelong,2218,2.0,0.0,0.30851786793636227,3,0.0
Geelong,2218,3.0,1.0,0.8572164935022148,6,1.1665664480094564
Geelong,2218,4.0,0.0,0.4127053661586857,5,0.0
Geelong,2233,0.0,0.0,0.05549799325759722,2,0.0
Geelong,2233,1.0,0.0,0.4679337517605384,2,0.0
Geelong,2233,2.0,1.0,0.5447929721310433,4,1.835559655052713
Geelong,2233,3.0,1.0,0.44077020216436735,7,2.2687559074764554
Geelong,2233,4.0,0.0,0.4910050806864537,6,0.0
Geelong,2240,0.0,2.0,0.6160089069382455,6,3.2467063016030364
Geelong,2240,1.0,0.0,0.40336773242388707,4,0.0
Geelong,2240,2.0,1.0,1.2829979013850203,12,0.7794245017240334
Geelong,2240,3.0,2.0,2.410234521227874,23,0.8297947699218565
Geelong,2240,4.0,0.0,0.6162639102748033,16,0.0
Geelong,2240,5.0,1.0,0.6711270277501696,9,1.4900308863320804
Geelong,2255,0.0,0.0,0.0374648817775461,2,0.0
Geelong,2255,1.0,1.0,0.36384326682367923,2,2.7484361844315957
Geelong,2255,2.0,0.0,0.4805056308517785,4,0.0
Geelong,2255,3.0,1.0,0.8465902778468091,9,1.181208934436819
Geelong,2255,4.0,0.0,0.271595942700187,7,0.0
Geelong,2260,0.0,1.0,0.34972938906756595,2,2.8593536352954456
Geelong,2260,1.0,1.0,0.561084711466278,3,1.7822620712418065
Geelong,2260,2.0,0.0,0.5583649130667659,6,0.0
Geelong,2260,3.0,0.0,0.5225810787524909,7,0.0
Geelong,2260,4.0,0.0,0.008239907646899398,1,0.0
Geelong,2265,0.0,1.0,0.22235362015609833,3,4.497340764220401
Geelong,2265,1.0,0.0,0.42451296160857477,3,0.0
Geelong,2265,2.0,0.0,1.4542537178490058,7,0.0
Geelong,2265,3.0,1.0,0.616277649212612,13,1.6226452497143966
Geelong,2265,4.0,1.0,0.28260205117370907,8,3.538544734005921
Geelong,2270,0.0,0.0,0.08713143419583752,2,0.0
Geelong,2270,1.0,0.0,0.13090036303006836,1,0.0
Geelong,2270,2.0,1.0,0.5992641568002501,5,1.6687131854163693
Geelong,2270,3.0,0.0,0.5193868341188789,7,0.0
Geelong,2270,4.0,1.0,0.6466048218401463,5,1.5465396579538964
Geelong,2270,5.0,0.0,0.01671239001481862,2,0.0
Geelong,2275,0.0,0.0,0.049035976861811784,1,0.0
Geelong,2275,1.0,0.0,0.03206198487118463,1,0.0
Geelong,2275,2.0,1.0,0.39518825291982873,3,2.530439588250789
Geelong,2275,3.0,0.0,0.3437294611839339,4,0.0
Geelong,2275,4.0,0.0,0.179984324163241,2,0.0
Geelong,2400,0.0,1.0,4.01566267543185,35,0.24902490095049098
Geelong,2400,1.0,4.0,2.8038660038173253,27,1.426601697283036
Geelong,2400,2.0,14.0,9.14742422645349,93,1.530485484592845
Geelong,2400,3.0,11.0,13.078912493198397,152,0.8410485203353474
Geelong,2400,4.0,5.0,4.941272179250204,84,1.0118851620836453
Geelong,2400,5.0,0.0,1.0128624218487368,15,0.0
Geelong,2409,0.0,0.0,0.19701041804470598,3,0.0
Geelong,2409,1.0,0.0,0.15753561351814158,2,0.0
Geelong,2409,2.0,1.0,1.3916836851802385,10,0.7185540871455203
Geelong,2409,3.0,1.0,0.9322285748064266,12,1.0726982920552997
Geelong,2409,4.0,1.0,0.18234008442906707,3,5.484257633921489
Geelong,2409,5.0,0.0,0.13920162402142017,1,0.0
Geelong,2412,0.0,0.0,0.6161402097358345,3,0.0
Geelong,2412,1.0,0.0,0.1972885920446067,2,0.0
Geelong,2412,2.0,0.0,0.9471053276247832,7,0.0
Geelong,2412,3.0,3.0,0.9377346696690877,8,3.1991991946492226
Geelong,2412,4.0,0.0,0.30173120092568784,4,0.0
Geelong,2418,0.0,4.0,1.9363183803891082,16,2.0657759800824644
Geelong,2418,1.0,1.0,1.2243444089979962,9,0.8167636431797816
Geelong,2418,2.0,6.0,3.699995474385665,39,1.6216236050927118
Geelong,2418,3.0,2.0,6.265498561333688,64,0.3192084365548518
Geelong,2418,4.0,3.0,2.81144640512281,37,1.067066402024816
Geelong,2418,5.0,0.0,0.062396769770731886,2,0.0
Geelong,2424,0.0,1.0,0.23109751393819256,4,4.3271776617530024
Geelong,2424,1.0,1.0,1.0655880053028657,4,0.9384490018877193
Geelong,2424,2.0,1.0,0.9330640655803287,9,1.071737769022366
Geelong,2424,3.0,0.0,1.12098448861673,16,0.0
Geelong,2424,4.0,1.0,0.5375253522309591,9,1.860377367968923
Geelong,2424,5.0,0.0,0.111740574330924,1,0.0
Geelong,2433,0.0,0.0,0.05070253946144031,1,0.0
Geelong,2433,1.0,0.0,0.0811240631383045,1,0.0
Geelong,2433,2.0,0.0,0.05841686311933657,2,0.0
Geelong,2433,3.0,1.0,0.2698017484463973,2,3.7064252020541457
Geelong,2433,4.0,0.0,0.3515376069326528,2,0.0
Geelong,2433,5.0,0.0,0.18841717890186852,2,0.0
Geelong,2435,0.0,1.0,0.3080997269441405,2,3.2457023247583185
Geelong,2435,1.0,0.0,0.10248208588758614,2,0.0
Geelong,2435,2.0,1.0,0.36250571302944823,5,2.7585772142541787
Geelong,2435,3.0,0.0,0.5721678279255972,5,0.0
Geelong,2435,4.0,0.0,0.654744646213228,6,0.0
Geelong,2440,0.0,2.0,1.6769738275407673,19,1.1926244567173365
Geelong,2440,1.0,2.0,1.2916911131411817,14,1.5483577920857
Geelong,2440,2.0,1.0,4.203551283057698,48,0.23789408827494823
Geelong,2440,3.0,13.0,9.114742228932954,78,1.4262608501131344
Geelong,2440,4.0,1.0,2.451613247014311,33,0.4078946796432295
Geelong,2440,5.0,0.0,0.008330190714953634,1,0.0
Geelong,2447,0.0,0.0,0.36033558164247037,7,0.0
Geelong,2447,1.0,0.0,0.5726031249909734,5,0.0
Geelong,2447,2.0,2.0,1.8901419123196592,20,1.0581216082053428
Geelong,2447,3.0,3.0,3.1188192377619437,35,0.9619024929937241
Geelong,2447,4.0,2.0,1.0496466516640552,13,1.905403115257219
Geelong,2447,5.0,0.0,0.008453491620898519,1,0.0
Geelong,2450,0.0,0.0,0.14821400395642115,3,0.0
Geelong,2450,1.0,1.0,0.1342299638841894,2,7.4499014308219405
Geelong,2450,2.0,0.0,0.5702179999051458,4,0.0
Geelong,2450,3.0,1.0,1.0436385679536928,10,0.9581861294765516
Geelong,2450,4.0,1.0,1.0546966781335831,10,0.9481398972163487
Geelong,2450,5.0,0.0,0.04900278616696774,2,0.0
Geelong,2455,0.0,1.0,0.6998942690092143,7,1.4287872387005283
Geelong,2455,1.0,1.0,0.4625360255503396,5,2.161993757805501
Geelong,2455,2.0,3.0,3.354865351135334,24,0.8942236680183774
Geelong,2455,3.0,2.0,1.7743884709889333,31,1.1271488925338458
Geelong,2455,4.0,0.0,0.28873555537165535,6,0.0
Geelong,2460,0.0,2.0,1.541790567672258,13,1.297193044201542
Geelong,2460,1.0,0.0,1.3322432050200481,11,0.0
Geelong,2460,2.0,5.0,3.9971156669496226,31,1.2509020044985897
Geelong,2460,3.0,3.0,4.660608058928974,55,0.6436928319369152
Geelong,2460,4.0,3.0,1.2170699175951378,17,2.4649364482920033
Geelong,2460,5.0,0.0,0.14137140926910519,2,0.0
Geelong,2465,0.0,0.0,0.08708761581344274,2,0.0
Geelong,2465,1.0,1.0,0.23032596562244284,2,4.341672886500472
Geelong,2465,2.0,1.0,0.9394438260283023,8,1.0644596007700766
Geelong,2465,3.0,0.0,0.6773515223292849,6,0.0
Geelong,2465,4.0,0.0,0.0575479946675049,2,0.0
Geelong,2465,5.0,0.0,0.00824307553902246,1,0.0
Geelong,2470,0.0,3.0,1.090177727455825,9,2.751844882211247
Geelong,2470,1.0,0.0,0.4621620696950279,5,0.0
Geelong,2470,2.0,2.0,2.0578138421810737,23,0.9719052127087469
Geelong,2470,3.0,3.0,3.817579660722607,31,0.7858382186141855
Geelong,2470,4.0,1.0,1.2662045500467067,18,0.789761812152004
Geelong,3762,0.0,0.0,0.1925995451562056,1,0.0
Geelong,3762,2.0,1.0,0.6115218763630801,6,1.6352644748333878
Geelong,3762,3.0,0.0,0.19185411037297276,2,0.0
Geelong,3762,4.0,0.0,0.00402446810774161,1,0.0
Geraldton,1100,0.0,12.0,9.75430221667277,81,1.230226389693844
Geraldton,1100,1.0,10.0,10.046242924319824,90,0.9953969932174466
Geraldton,1100,2.0,34.0,31.017473192968545,274,1.0961563435060073
Geraldton,1100,3.0,20.0,25.14575031179219,316,0.7953630236525863
Geraldton,1100,4.0,5.0,4.900405330082878,78,1.0203237616500263
Geraldton,1100,5.0,0.0,0.13582602416378922,3,0.0
Geraldton,1103,0.0,0.0,0.1870966301897172,2,0.0
Geraldton,1103,1.0,0.0,0.11874881060886809,1,0.0
Geraldton,1103,2.0,2.0,0.9472792040711329,7,2.1113099405165623
Geraldton,1103,3.0,0.0,0.5489606707821684,7,0.0
Geraldton,1103,4.0,0.0,0.1979146843481135,1,0.0
Geraldton,1107,0.0,1.0,0.60061761424248,3,1.664952835692698
Geraldton,1107,1.0,0.0,0.4526570103004237,5,0.0
Geraldton,1107,2.0,2.0,1.233946990926263,11,1.6208151684852352
Geraldton,1107,3.0,0.0,0.7127783845308335,11,0.0
Geraldton,1110,0.0,0.0,0.03815801562327626,1,0.0
Geraldton,1110,1.0,0.0,0.21755248726392803,2,0.0
Geraldton,1110,2.0,1.0,0.08013183280888016,1,12.479435012862712
Geraldton,1110,3.0,0.0,0.6482899746387907,5,0.0
Geraldton,1110,4.0,0.0,0.015867689665124782,2,0.0
Geraldton,1113,0.0,8.0,6.201161453293461,51,1.2900809082710092
Geraldton,1113,1.0,5.0,6.013900258821375,50,0.8314072041128128
Geraldton,1113,2.0,19.0,18.710668517693307,159,1.015463449744358
Geraldton,1113,3.0,18.0,16.94494801797711,200,1.062263512458319
Geraldton,1113,4.0,1.0,3.0853549259490993,51,0.3241118198718696
Geraldton,1113,5.0,0.0,0.043966826265646804,2,0.0
Geraldton,1117,0.0,1.0,0.24179903893297483,3,4.135665734706223
Geraldton,1117,1.0,0.0,0.2365125147758429,2,0.0
Geraldton,1117,2.0,2.0,1.4662435995648841,12,1.3640298246440843
Geraldton,1117,3.0,0.0,0.6713857173674613,8,0.0
Geraldton,1117,4.0,0.0,0.38405912935883685,5,0.0
Geraldton,1120,0.0,2.0,0.5113713876901641,4,3.9110518268022147
Geraldton,1120,1.0,0.0,0.16430934460436375,3,0.0
Geraldton,1120,2.0,0.0,1.688317786010658,15,0.0
Geraldton,1120,3.0,2.0,1.3694111439219747,11,1.4604817617242603
Geraldton,1120,4.0,0.0,0.26659033777283947,3,0.0
Geraldton,1200,0.0,16.0,12.445133968903603,112,1.285643050527127
Geraldton,1200,1.0,12.0,9.734321602559454,93,1.2327515455052183
Geraldton,1200,2.0,35.0,37.718452914298325,342,0.9279277726349213
Geraldton,1200,3.0,42.0,38.720833190776396,463,1.0846874031110654
Geraldton,1200,4.0,5.0,11.383600769559708,180,0.43922833391787935
Geraldton,1200,5.0,2.0,1.9695003679130285,24,1.0154859743028586
Geraldton,1203,0.0,0.0,0.49443447408526253,6,0.0
Geraldton,1203,1.0,0.0,0.25762932428497154,4,0.0
Geraldton,1203,2.0,2.0,2.164587642055115,21,0.9239635120993063
Geraldton,1203,3.0,1.0,1.6378806002937285,18,0.6105451153281048
Geraldton,1203,4.0,3.0,1.374614870913168,12,2.1824294669583164
Geraldton,1203,5.0,0.0,0.00403023516863464,1,0.0
Geraldton,1207,0.0,1.0,0.34195540483930287,3,2.9243579304439886
Geraldton,1207,1.0,0.0,0.10127833752256311,1,0.0
Geraldton,1207,2.0,1.0,0.3933600663882507,10,2.542200099724889
Geraldton,1207,3.0,0.0,1.1579359288962168,11,0.0
Geraldton,1207,4.0,1.0,1.0054702623536664,9,0.9945594986162383
Geraldton,1210,0.0,0.0,0.12683324653438852,2,0.0
Geraldton,1210,1.0,1.0,0.5605445746437422,2,1.7839794464794465
Geraldton,1210,2.0,0.0,0.8305124663396735,8,0.0
Geraldton,1210,3.0,0.0,0.4336721786865389,5,0.0
Geraldton,1210,4.0,1.0,0.04843753379565699,2,20.645146885856978
Geraldton,1213,0.0,9.0,4.363036619734998,43,2.0627835116695956
Geraldton,1213,1.0,3.0,3.512264543294625,41,0.8541497837135857
Geraldton,1213,2.0,11.0,12.243315409285115,128,0.8984494503553991
Geraldton,1213,3.0,20.0,18.666796635092783,182,1.071421111558094
Geraldton,1213,4.0,0.0,4.019552537128954,63,0.0
Geraldton,1213,5.0,0.0,0.19503425546352518,5,0.0
Geraldton,1217,0.0,0.0,0.12289357472307702,3,0.0
Geraldton,1217,1.0,0.0,0.13053901253344674,1,0.0
Geraldton,1217,2.0,2.0,0.9353663958334066,6,2.138199542883952
Geraldton,1217,3.0,0.0,0.6262268118528082,9,0.0
Geraldton,1217,4.0,0.0,0.7287020260675294,9,0.0
Geraldton,1217,5.0,1.0,0.45627217898973205,4,2.191674281377791
Geraldton,1220,0.0,1.0,0.34080149577680047,5,2.934259421956661
Geraldton,1220,1.0,0.0,0.18738142244467815,5,0.0
Geraldton,1220,2.0,1.0,2.937708699534637,17,0.3404013475394651
Geraldton,1220,3.0,3.0,1.2268211269310811,16,2.445344259357974
Geraldton,1220,4.0,0.0,0.3072872553128029,6,0.0
Geraldton,1300,0.0,1.0,0.18756462082570652,3,5.331495863120396
Geraldton,1300,1.0,0.0,0.5641702588613359,3,0.0
Geraldton,1300,2.0,2.0,1.2400244182106877,12,1.6128714649715776
Geraldton,1300,3.0,0.0,0.45906156920233365,6,0.0
Geraldton,1300,4.0,0.0,0.5174608757779766,6,0.0
Geraldton,1300,5.0,0.0,0.031718257121959734,1,0.0
Geraldton,1313,0.0,1.0,0.031107592748055118,1,32.146492597455044
Geraldton,1313,1.0,0.0,0.031107592748055118,1,0.0
Geraldton,1313,2.0,0.0,0.2619160049986655,3,0.0
Geraldton,1313,3.0,0.0,0.5807161728641145,6,0.0
Geraldton,1313,4.0,0.0,0.09515263664110976,1,0.0
Geraldton,1400,0.0,18.0,10.998785305459213,116,1.636544354681217
Geraldton,1400,1.0,8.0,9.093569939920878,87,0.8797425051826904
Geraldton,1400,2.0,37.0,34.525353664711425,344,1.0716762052409596
Geraldton,1400,3.0,43.0,45.51870257283608,493,0.9446666440282253
Geraldton,1400,4.0,10.0,14.707506459782069,216,0.6799249095926065
Geraldton,1400,5.0,0.0,1.1560820572903432,22,0.0
Geraldton,1403,0.0,1.0,0.5007892438800472,5,1.9968479998734308
Geraldton,1403,1.0,1.0,0.3987778451606809,3,2.507661877748165
Geraldton,1403,2.0,1.0,1.5031231990056821,15,0.6652814623987583
Geraldton,1403,3.0,1.0,1.7827915341605385,19,0.5609180775422905
Geraldton,1403,4.0,1.0,0.788523258786241,15,1.2681934094617338
Geraldton,1403,5.0,0.0,0.025994919006810543,1,0.0
Geraldton,1407,0.0,0.0,0.30422005412245384,3,0.0
Geraldton,1407,1.0,0.0,0.013124114479961682,2,0.0
Geraldton,1407,2.0,1.0,0.8293205771423774,9,1.2058063281701503
Geraldton,1407,3.0,2.0,1.4523788963438327,16,1.3770511297256725
Geraldton,1407,4.0,0.0,0.3929295596662732,6,0.0
Geraldton,1407,5.0,0.0,0.008026798245101175,1,0.0
Geraldton,1410,0.0,0.0,0.4628487344760246,3,0.0
Geraldton,1410,1.0,0.0,0.08262838675118557,3,0.0
Geraldton,1410,2.0,1.0,1.1546902977093962,9,0.8660330843549466
Geraldton,1410,3.0,2.0,1.1828388372032297,13,1.6908474232456823
Geraldton,1410,4.0,0.0,0.11699374386016376,6,0.0
Geraldton,1413,0.0,8.0,4.714467837222867,48,1.6969041419344009
Geraldton,1413,1.0,3.0,2.795331147701933,31,1.0732181060073427
Geraldton,1413,2.0,13.0,14.614340925462214,137,0.8895372063854357
Geraldton,1413,3.0,19.0,19.137583387962803,198,0.992810827512875
Geraldton,1413,4.0,5.0,6.542423061977559,77,0.7642428428479928
Geraldton,1413,5.0,0.0,0.19585363967262456,5,0.0
Geraldton,1417,0.0,2.0,0.5792051045825666,7,3.453008242117274
Geraldton,1417,1.0,0.0,0.43674429368369155,4,0.0
Geraldton,1417,2.0,4.0,3.4125086146837553,27,1.1721582131070134
Geraldton,1417,3.0,1.0,2.358722987110057,23,0.4239582203865385
Geraldton,1417,4.0,0.0,0.21281899993992953,6,0.0
Geraldton,1420,0.0,1.0,0.907039401797737,4,1.1024879382505508
Geraldton,1420,1.0,0.0,0.8731009256161943,6,0.0
Geraldton,1420,2.0,1.0,1.152656162213329,10,0.8675614053715734
Geraldton,1420,3.0,2.0,0.9658938919828879,12,2.0706208172558074
Geraldton,1420,4.0,0.0,0.10130961838985215,4,0.0
Geraldton,1600,0.0,8.0,6.106291996225298,62,1.3101240499054627
Geraldton,1600,1.0,7.0,3.8577828679443034,36,1.8145137348619338
Geraldton,1600,2.0,16.0,14.359952616954875,143,1.1142098046416054
Geraldton,1600,3.0,18.0,22.646615658683082,223,0.7948207481102593
Geraldton,1600,4.0,11.0,11.989046876668638,139,0.9175041279892416
Geraldton,1600,5.0,2.0,3.040309983523803,44,0.6578276592974065
Geraldton,1605,0.0,0.0,0.2977468567374499,1,0.0
Geraldton,1605,1.0,0.0,0.10718886842548196,1,0.0
Geraldton,1605,2.0,1.0,0.0961227264666451,3,10.403366995077935
Geraldton,1605,3.0,0.0,0.49894154837042304,7,0.0
Geraldton,1609,0.0,1.0,0.4432532640835464,3,2.2560465562900296
Geraldton,1609,1.0,0.0,0.057775437236193695,2,0.0
Geraldton,1609,2.0,2.0,1.384444557795381,9,1.4446226746593902
Geraldton,1609,3.0,0.0,0.8376215763573932,12,0.0
Geraldton,1609,4.0,0.0,0.2769051645274859,5,0.0
Geraldton,1614,0.0,0.0,0.07337055941494555,1,0.0
Geraldton,1614,1.0,0.0,0.0807076153564401,1,0.0
Geraldton,1614,2.0,0.0,0.11529659336634299,1,0.0
Geraldton,1614,3.0,0.0,0.062162476526141285,2,0.0
Geraldton,1614,4.0,1.0,0.66846275533613,5,1.495969658769036
Geraldton,1618,0.0,3.0,3.4256337023833328,24,0.8757503751533025
Geraldton,1618,1.0,5.0,2.4217247068870917,17,2.064644253651377
Geraldton,1618,2.0,9.0,8.348058147314807,68,1.0780950301472076
Geraldton,1618,3.0,5.0,8.456915787497266,89,0.5912320904734581
Geraldton,1618,4.0,2.0,1.263290853380309,13,1.5831666909076458
Geraldton,1618,5.0,0.0,0.08437680253719373,2,0.0
Geraldton,1619,0.0,1.0,0.36336488988804605,3,2.7520545540547503
Geraldton,1619,1.0,0.0,0.17834824287448392,2,0.0
Geraldton,1619,2.0,1.0,1.2925383605873948,9,0.7736714286340789
Geraldton,1619,3.0,1.0,0.6717418698118913,10,1.4886670683190124
Geraldton,1619,4.0,0.0,0.49400663683818413,4,0.0
Geraldton,1623,0.0,0.0,0.479190079397637,3,0.0
Geraldton,1623,1.0,0.0,0.3561601349028499,2,0.0
Geraldton,1623,2.0,2.0,1.2346634435939985,10,1.6198746390175554
Geraldton,1623,3.0,1.0,0.9218303570358921,8,1.0847982954428397
Geraldton,1623,4.0,0.0,0.0081559850696227,1,0.0
Geraldton,1627,0.0,0.0,0.2060141957192021,2,0.0
Geraldton,1627,1.0,0.0,0.1639134245836424,1,0.0
Geraldton,1627,2.0,0.0,0.4234520255824764,3,0.0
Geraldton,1627,3.0,2.0,1.111360758711006,9,1.7995956617360398
Geraldton,1627,4.0,0.0,0.09525959540367301,1,0.0
Geraldton,1628,0.0,0.0,0.2756205340336264,3,0.0
Geraldton,1628,1.0,0.0,0.1644443366951125,1,0.0
Geraldton,1628,2.0,1.0,1.150337566840286,7,0.8693100432656226
Geraldton,1628,3.0,1.0,1.2405579359561731,9,0.8060889145247694
Geraldton,1628,4.0,1.0,0.16903962647480197,4,5.915772655526222
Geraldton,1800,0.0,0.0,0.13007391764497234,2,0.0
Geraldton,1800,1.0,0.0,0.1953751255474146,2,0.0
Geraldton,1800,2.0,1.0,0.3092302249154157,4,3.2338365380471195
Geraldton,1800,3.0,1.0,0.625448031836898,5,1.5988538601089983
Geraldton,1800,4.0,0.0,0.7398727000552994,7,0.0
Geraldton,1900,0.0,3.0,2.4428968047405677,18,1.2280502369884576
Geraldton,1900,1.0,1.0,1.7682333790254674,13,0.5655362079812867
Geraldton,1900,2.0,5.0,3.608660176928048,41,1.3855557893667785
Geraldton,1900,3.0,6.0,6.011021528984238,66,0.9981664465962908
Geraldton,1900,4.0,2.0,3.315454328393077,40,0.6032355755506223
Geraldton,1900,5.0,1.0,0.8537337819286022,3,1.1713253254907865
Geraldton,1925,0.0,2.0,0.45496424622253234,8,4.395949828158055
Geraldton,1925,1.0,1.0,0.24300822309513215,3,4.115087083322785
Geraldton,1925,2.0,2.0,2.796120405358554,22,0.7152767799867097
Geraldton,1925,3.0,3.0,3.504975802029008,31,0.8559260233018782
Geraldton,1925,4.0,0.0,0.9625124301428803,12,0.0
Geraldton,1925,5.0,0.0,0.03841889315189316,1,0.0
Geraldton,1931,0.0,0.0,0.2743032413179227,2,0.0
Geraldton,1931,1.0,1.0,0.2872990509366335,2,3.480693711795656
Geraldton,1931,2.0,0.0,0.5206232862276546,4,0.0
Geraldton,1931,3.0,1.0,0.8222452898857443,9,1.216182095903469
Geraldton,1931,4.0,0.0,0.09552913163204486,1,0.0
Geraldton,1937,0.0,0.0,0.14840159400847944,1,0.0
Geraldton,1937,2.0,0.0,0.12557057954563644,1,0.0
Geraldton,1937,3.0,1.0,0.32282225689981825,4,3.0976798489774855
Geraldton,1937,4.0,0.0,0.3872014760745631,3,0.0
Geraldton,1937,5.0,0.0,0.016004093471502685,1,0.0
Geraldton,2025,0.0,0.0,0.026432107750206907,1,0.0
Geraldton,2025,2.0,0.0,0.008112825151053606,1,0.0
Geraldton,2025,3.0,0.0,0.17140205256480326,3,0.0
Geraldton,2025,4.0,1.0,0.7940530145339363,7,1.2593617575861011
Geraldton,2100,0.0,2.0,0.8834004280508116,11,2.2639789799659953
Geraldton,2100,1.0,0.0,0.49886354385094295,6,0.0
Geraldton,2100,2.0,2.0,2.951487303017073,29,0.6776244634207159
Geraldton,2100,3.0,6.0,4.1466557742826,45,1.4469491384386834
Geraldton,2100,4.0,1.0,1.8112289627607514,24,0.5521113125729603
Geraldton,2100,5.0,0.0,0.7083639880378214,9,0.0
Geraldton,2106,0.0,0.0,0.007955513870476475,1,0.0
Geraldton,2106,1.0,0.0,0.007955513870476475,1,0.0
Geraldton,2106,2.0,1.0,0.07491442228032014,2,13.348564529512469
Geraldton,2106,3.0,0.0,0.1730485673973995,6,0.0
Geraldton,2106,4.0,0.0,0.7361259825813274,4,0.0
Geraldton,2125,0.0,0.0,0.19412123226385647,3,0.0
Geraldton,2125,1.0,1.0,0.41373308830544986,2,2.4170172226150846
Geraldton,2125,2.0,0.0,0.3557589575528803,6,0.0
Geraldton,2125,3.0,1.0,1.2998929272295863,14,0.7692941311183706
Geraldton,2125,4.0,1.0,0.7364937946482272,5,1.357784691828438
Gilgandra,800,0.0,1.0,0.1572233075260855,3,6.360380122610551
Gilgandra,800,1.0,1.0,0.6214139673240927,7,1.6092332206599071
Gilgandra,800,2.0,1.0,1.9872085479116335,17,0.5032184473294987
Gilgandra,800,3.0,0.0,0.22519433652880927,6,0.0
Gilgandra,800,4.0,0.0,0.00895984070937908,1,0.0
Gilgandra,1000,0.0,7.0,3.4954972458761877,20,2.0025763167910515
Gilgandra,1000,1.0,3.0,5.0840639259541955,37,0.5900791264022018
Gilgandra,1000,2.0,7.0,7.705688856368289,82,0.9084197572050837
Gilgandra,1000,3.0,3.0,3.575879212214232,50,0.8389545121526518
Gilgandra,1000,4.0,0.0,0.13887075958709671,3,0.0
Gilgandra,1100,0.0,11.0,4.714035422634645,34,2.333457221637119
Gilgandra,1100,1.0,11.0,7.0959828378667735,41,1.5501728585503274
Gilgandra,1100,2.0,6.0,11.694302667783212,111,0.5130703531839892
Gilgandra,1100,3.0,6.0,8.268149243032495,125,0.725676305983005
Gilgandra,1100,4.0,0.0,2.021480421756242,43,0.0
Gilgandra,1100,5.0,0.0,0.16653201391036304,5,0.0
Gilgandra,1200,0.0,4.0,2.2340669663606896,16,1.7904566247250984
Gilgandra,1200,1.0,2.0,2.2442939938652633,19,0.8911488447890354
Gilgandra,1200,2.0,6.0,5.014872063436671,51,1.1964412898478263
Gilgandra,1200,3.0,3.0,4.696711770639179,52,0.6387447530321256
Gilgandra,1200,4.0,0.0,1.4034038004660558,32,0.0
Gilgandra,1200,5.0,1.0,0.4066514052321425,7,2.4591086791625285
Gilgandra,1280,0.0,7.0,4.508770774907379,30,1.5525295805581947
Gilgandra,1280,1.0,2.0,4.32187872899058,37,0.46276171207310135
Gilgandra,1280,2.0,10.0,8.00288616550184,82,1.2495491992760248
Gilgandra,1280,3.0,8.0,10.173914117566257,120,0.7863247033103237
Gilgandra,1280,4.0,3.0,2.8043917312222324,47,1.0697506937422454
Gilgandra,1280,5.0,0.0,0.08676406710891056,5,0.0
Gilgandra,1550,0.0,1.0,0.3861502393878868,3,2.5896656223369656
Gilgandra,1550,1.0,1.0,0.3029468060751689,1,3.3009095324539395
Gilgandra,1550,2.0,0.0,0.35217095060218273,6,0.0
Gilgandra,1550,3.0,0.0,0.60231819434058,8,0.0
Gilgandra,1550,4.0,0.0,1.0636512163224958,13,0.0
Gilgandra,1550,5.0,1.0,0.29276259327168574,4,3.4157369246691736
Gilgandra,1600,0.0,4.0,2.612714401323344,25,1.53097483520357
Gilgandra,1600,1.0,2.0,2.0544352460800983,19,0.9735035474182203
Gilgandra,1600,2.0,7.0,6.118822650138423,52,1.1440109315542333
Gilgandra,1600,3.0,10.0,9.276569061983697,87,1.0779847520330545
Gilgandra,1600,4.0,2.0,4.064003327900415,64,0.49212558126355166
Gilgandra,1600,5.0,0.0,0.8734553125740241,18,0.0
Gilgandra,1800,0.0,1.0,1.0077647846727626,7,0.9922950426618806
Gilgandra,1800,1.0,1.0,0.7946079203663982,8,1.2584822959465272
Gilgandra,1800,2.0,0.0,0.6498786438209327,9,0.0
Gilgandra,1800,3.0,3.0,2.677821524702229,24,1.1203136476145836
Gilgandra,1800,4.0,1.0,1.1925693299220896,13,0.8385256730234123
Gilgandra,1800,5.0,1.0,0.6773577965155878,7,1.476324632482454
Glen Innes,1000,0.0,4.0,1.3257623830518972,11,3.0171319168009756
Glen Innes,1000,1.0,3.0,1.2333472467149198,16,2.432404992179328
Glen Innes,1000,2.0,3.0,4.463912890481766,42,0.6720561251087106
Glen Innes,1000,3.0,1.0,3.768365479590031,42,0.2653670418689835
Glen Innes,1000,4.0,0.0,0.20861200016138573,8,0.0
Glen Innes,1200,0.0,1.0,0.8563322333747845,7,1.167771060139853
Glen Innes,1200,1.0,2.0,1.0047958067197342,8,1.9904541665328188
Glen Innes,1200,2.0,2.0,2.4089979014016523,23,0.8302207315483003
Glen Innes,1200,3.0,2.0,1.7903785859253631,26,1.1170821722972593
Glen Innes,1200,4.0,0.0,0.9394954725784657,14,0.0
Glen Innes,1400,0.0,4.0,2.105626938944935,15,1.8996717443234636
Glen Innes,1400,1.0,2.0,1.4438739041557747,15,1.385162509166193
Glen Innes,1400,2.0,3.0,3.7924684258260166,40,0.7910415231332049
Glen Innes,1400,3.0,4.0,5.587103466621182,57,0.7159344773006348
Glen Innes,1400,4.0,2.0,1.9600474152884506,36,1.0203834786852184
Glen Innes,1400,5.0,0.0,0.11087984916364119,6,0.0
Glen Innes,1700,0.0,0.0,0.07315834073350932,1,0.0
Glen Innes,1700,1.0,0.0,0.09754445431134576,1,0.0
Glen Innes,1700,2.0,0.0,0.22893534168931962,2,0.0
Glen Innes,1700,3.0,1.0,0.38151432952694114,3,2.621133526596368
Glen Innes,1700,4.0,0.0,0.19524806898613925,5,0.0
Glen Innes,1700,5.0,0.0,0.023599464752744943,1,0.0
Gold Coast,1000,0.0,21.0,12.631557552607486,92,1.6625028158673154
Gold Coast,1000,1.0,25.0,19.701940967704388,148,1.268910511963275
Gold Coast,1000,2.0,27.0,35.4971848788775,331,0.7606236971221421
Gold Coast,1000,3.0,15.0,18.53762693410877,247,0.8091650594392088
Gold Coast,1000,4.0,0.0,1.631689666701857,23,0.0
Gold Coast,1015,0.0,1.0,0.7160861956827421,6,1.396479929412079
Gold Coast,1015,1.0,2.0,1.5099346619806298,8,1.324560625276683
Gold Coast,1015,2.0,2.0,1.4741435495801043,15,1.356719975181305
Gold Coast,1015,3.0,0.0,1.2340572210459957,13,0.0
Gold Coast,1015,4.0,0.0,0.06577837171052803,3,0.0
Gold Coast,1100,0.0,30.0,13.961131611509105,104,2.148822948941257
Gold Coast,1100,1.0,15.0,13.546003375526865,109,1.1073376836078472
Gold Coast,1100,2.0,34.0,37.745058139195024,325,0.9007801729862458
Gold Coast,1100,3.0,20.0,33.438305648561716,367,0.598116430006981
Gold Coast,1100,4.0,5.0,5.019594990021443,75,0.9960963005859245
Gold Coast,1100,5.0,0.0,0.11677459463119237,4,0.0
Gold Coast,1200,0.0,59.0,33.21588299528164,249,1.7762586654216306
Gold Coast,1200,1.0,34.0,30.912269442030794,257,1.0998868932531651
Gold Coast,1200,2.0,84.0,78.79680877209309,729,1.0660330197249015
Gold Coast,1200,3.0,55.0,80.33446347802553,968,0.6846376712909094
Gold Coast,1200,4.0,16.0,23.47360948701998,432,0.6816165195577355
Gold Coast,1200,5.0,0.0,1.266965825548967,34,0.0
Gold Coast,1300,0.0,18.0,7.746670759812306,68,2.323578806702264
Gold Coast,1300,1.0,5.0,5.790089832417965,56,0.8635444603994995
Gold Coast,1300,2.0,16.0,19.448382407317368,182,0.8226905284410734
Gold Coast,1300,3.0,24.0,23.999163966776443,286,1.000034835931148
Gold Coast,1300,4.0,5.0,10.299682882847144,187,0.4854518393305959
Gold Coast,1300,5.0,0.0,0.716010150828774,18,0.0
Gold Coast,1350,0.0,4.0,4.071460970595134,37,0.9824483223316547
Gold Coast,1350,1.0,4.0,4.64469745498467,34,0.861197104605213
Gold Coast,1350,2.0,9.0,10.551204196453176,88,0.8529832076442404
Gold Coast,1350,3.0,19.0,13.684432609596705,143,1.388439005258834
Gold Coast,1350,4.0,1.0,3.9444814828251755,65,0.25351874621649007
Gold Coast,1350,5.0,0.0,0.10372328554514006,3,0.0
Gold Coast,1400,0.0,49.0,26.80389511914403,224,1.828092513502
Gold Coast,1400,1.0,22.0,21.106124383522154,184,1.0423514805577336
Gold Coast,1400,2.0,49.0,60.44656590607715,572,0.8106333133322576
Gold Coast,1400,3.0,81.0,79.25015176287913,889,1.0220800616553583
Gold Coast,1400,4.0,21.0,33.825125455470165,543,0.6208402693922278
Gold Coast,1400,5.0,2.0,2.5478793011425984,60,0.7849665402529462
Gold Coast,1425,0.0,1.0,0.20663536015969208,3,4.839442771204209
Gold Coast,1425,1.0,0.0,0.013566162570431183,1,0.0
Gold Coast,1425,2.0,0.0,0.8462045266876019,9,0.0
Gold Coast,1425,3.0,2.0,1.2264673900228027,15,1.6306996959477378
Gold Coast,1425,4.0,0.0,0.7028969863353944,11,0.0
Gold Coast,1425,5.0,0.0,0.004229574224077534,1,0.0
Gold Coast,1700,0.0,8.0,3.6457429340024525,33,2.1943401234867808
Gold Coast,1700,1.0,0.0,1.2263557753393612,23,0.0
Gold Coast,1700,2.0,10.0,10.743234330187317,83,0.9308183823097939
Gold Coast,1700,3.0,12.0,13.797683722053247,119,0.8697111951348794
Gold Coast,1700,4.0,1.0,2.3634397312164395,30,0.4231121220448087
Gold Coast,1700,5.0,2.0,1.2235435072011829,13,1.6345965535585545
Gold Coast,1708,0.0,0.0,0.23036334320994126,1,0.0
Gold Coast,1708,2.0,0.0,0.3732838882205204,3,0.0
Gold Coast,1708,3.0,1.0,0.36445630566354636,3,2.7438131388050833
Gold Coast,1708,4.0,0.0,0.031896462905991865,1,0.0
Gold Coast,1710,0.0,0.0,0.17471161250718872,2,0.0
Gold Coast,1710,1.0,0.0,0.007980919699763568,1,0.0
Gold Coast,1710,2.0,0.0,0.2730737575715301,5,0.0
Gold Coast,1710,3.0,1.0,1.3319995324161427,9,0.7507510142935849
Gold Coast,1710,4.0,1.0,0.2122341778053752,5,4.711776445907918
Gold Coast,1723,0.0,1.0,0.0678071539152913,1,14.747706433000552
Gold Coast,1723,2.0,0.0,0.0987192387884388,2,0.0
Gold Coast,1723,3.0,0.0,0.47172506292441874,4,0.0
Gold Coast,1723,4.0,0.0,0.36174854437185117,3,0.0
Gold Coast,1730,0.0,0.0,0.2728558538341137,1,0.0
Gold Coast,1730,1.0,0.0,0.0744152328638492,1,0.0
Gold Coast,1730,2.0,1.0,0.4274176791115744,3,2.3396318141977392
Gold Coast,1730,3.0,0.0,0.18633182649987504,3,0.0
Gold Coast,1730,4.0,0.0,0.03897940769058767,1,0.0
Gold Coast,1750,0.0,0.0,0.277925572434096,1,0.0
Gold Coast,1750,1.0,0.0,0.09881798130990078,1,0.0
Gold Coast,1750,2.0,0.0,0.05231540186994747,1,0.0
Gold Coast,1750,3.0,1.0,0.4681384670555945,3,2.1361201233677805
Gold Coast,1750,4.0,0.0,0.1028025773304613,2,0.0
Gold Coast,1800,0.0,18.0,15.19612644443058,138,1.184512386483665
Gold Coast,1800,1.0,5.0,10.226172215071362,101,0.4889415017508688
Gold Coast,1800,2.0,44.0,35.59705097565643,320,1.2360574484130737
Gold Coast,1800,3.0,50.0,51.11899453779269,544,0.9781100049421863
Gold Coast,1800,4.0,18.0,22.65394980878792,287,0.7945634272138027
Gold Coast,1800,5.0,3.0,3.111657770396462,45,0.9641163075648145
Gold Coast,2050,0.0,0.0,0.3324937564214221,8,0.0
Gold Coast,2050,1.0,0.0,0.3902066826657716,6,0.0
Gold Coast,2050,2.0,3.0,2.358521410863844,19,1.271983364739184
Gold Coast,2050,3.0,3.0,3.5926423137769827,32,0.8350399895073519
Gold Coast,2050,4.0,2.0,1.32613583627198,15,1.5081411310189614
Gold Coast,2200,0.0,4.0,3.681434932615691,29,1.0865328528726612
Gold Coast,2200,1.0,4.0,1.8580317054273274,22,2.152815793355928
Gold Coast,2200,2.0,9.0,6.0900531791437595,58,1.4778196076877885
Gold Coast,2200,3.0,6.0,10.593059079944767,108,0.5664086223553172
Gold Coast,2200,4.0,5.0,5.524152433892772,67,0.9051162254906475
Gold Coast,2200,5.0,1.0,1.2332529906515899,15,0.8108636326692785
Gold Coast,2212,0.0,0.0,0.051174959074503916,1,0.0
Gold Coast,2212,1.0,1.0,0.07443630410836934,1,13.434304832546943
Gold Coast,2212,2.0,0.0,0.481584685653504,2,0.0
Gold Coast,2212,3.0,0.0,0.21192453640265152,2,0.0
Gold Coast,2212,4.0,0.0,0.18087951476097125,3,0.0
Gold Coast,2213,0.0,1.0,0.16567593923985935,1,6.035879468003123
Gold Coast,2213,1.0,0.0,0.36816875386635406,1,0.0
Gold Coast,2213,2.0,0.0,0.21964613156799534,2,0.0
Gold Coast,2213,3.0,0.0,0.24650917532579128,6,0.0
Gold Coast,2224,0.0,0.0,0.008034500966938139,1,0.0
Gold Coast,2224,3.0,0.0,0.04508247764781955,1,0.0
Gold Coast,2224,4.0,1.0,0.5586847636653055,6,1.7899181524826329
Gold Coast,2224,5.0,0.0,0.3881982577199369,3,0.0
Gold Coast,2225,0.0,0.0,0.026803501382714107,1,0.0
Gold Coast,2225,2.0,1.0,0.7815232164811793,4,1.2795525186091283
Gold Coast,2225,3.0,0.0,0.17805183061374372,2,0.0
Gold Coast,2225,4.0,0.0,0.01362145152236291,1,0.0
Gold Coast,2226,0.0,0.0,0.204398194165182,1,0.0
Gold Coast,2226,1.0,0.0,0.008094977986739882,1,0.0
Gold Coast,2226,2.0,1.0,0.5362705309280045,3,1.8647304715206368
Gold Coast,2226,3.0,0.0,0.17690968086000763,3,0.0
Gold Coast,2226,4.0,0.0,0.07432661606006619,1,0.0
Gold Coast,2227,0.0,0.0,0.04260336846516158,1,0.0
Gold Coast,2227,1.0,0.0,0.04761552946106295,1,0.0
Gold Coast,2227,2.0,0.0,0.10118300010475877,1,0.0
Gold Coast,2227,3.0,0.0,0.470971017636774,5,0.0
Gold Coast,2227,4.0,1.0,0.33762708433224264,4,2.9618476905601208
Gold Coast,2228,0.0,0.0,0.11729458617394167,1,0.0
Gold Coast,2228,1.0,0.0,0.051316381451099485,1,0.0
Gold Coast,2228,2.0,1.0,0.38446558801458663,2,2.6010130195633008
Gold Coast,2228,3.0,0.0,0.44692344436037235,4,0.0
Gold Coast,2230,0.0,0.0,0.06749514036458097,1,0.0
Gold Coast,2230,1.0,0.0,0.008019224597771997,1,0.0
Gold Coast,2230,2.0,0.0,0.2258491235276363,2,0.0
Gold Coast,2230,3.0,1.0,0.6195707756543586,5,1.614020607966623
Gold Coast,2230,4.0,0.0,0.07906573585565199,2,0.0
Gold Coast,2233,0.0,0.0,0.25348258286149983,1,0.0
Gold Coast,2233,1.0,0.0,0.09841088511093521,1,0.0
Gold Coast,2233,2.0,0.0,0.044025922286471016,1,0.0
Gold Coast,2233,3.0,1.0,0.604080609741094,5,1.6554082085644084
Gold Coast,2400,0.0,3.0,1.1443159368482128,9,2.621653604041288
Gold Coast,2400,1.0,0.0,0.4349073278795187,5,0.0
Gold Coast,2400,2.0,1.0,2.5765431010788244,22,0.3881169306196702
Gold Coast,2400,3.0,3.0,3.854511747826471,40,0.7783086928433093
Gold Coast,2400,4.0,2.0,0.7516069820125898,12,2.6609651691161367
Gold Coast,2400,5.0,0.0,0.23811490435438337,2,0.0
Gold Coast,3200,0.0,0.0,0.5202854537839691,4,0.0
Gold Coast,3200,1.0,0.0,0.3740908453336741,4,0.0
Gold Coast,3200,2.0,1.0,0.7420485623921143,7,1.3476206958427859
Gold Coast,3200,3.0,3.0,1.4464807268515338,14,2.0739992896621007
Gold Coast,3200,4.0,0.0,0.8302918225249063,5,0.0
Gold Coast,3200,5.0,0.0,0.08680258911380245,2,0.0
Gold Coast Poly,1050,0.0,26.0,12.042738699961333,76,2.158977342926446
Gold Coast Poly,1050,1.0,16.0,15.385077417041852,106,1.0399687675459472
Gold Coast Poly,1050,2.0,22.0,29.84247413668737,266,0.737204291414763
Gold Coast Poly,1050,3.0,10.0,15.740108448792418,205,0.6353196378877047
Gold Coast Poly,1050,4.0,0.0,0.8643898100038182,28,0.0
Gold Coast Poly,1050,5.0,0.0,0.11688850267226086,1,0.0
Gold Coast Poly,1100,0.0,12.0,4.7010466096767995,28,2.552623063829824
Gold Coast Poly,1100,1.0,4.0,4.001987045556293,40,0.9995034852602787
Gold Coast Poly,1100,2.0,9.0,12.13806195175201,103,0.7414692753896299
Gold Coast Poly,1100,3.0,3.0,6.538830100679493,82,0.4587976677491972
Gold Coast Poly,1100,4.0,0.0,0.6118678814980674,16,0.0
Gold Coast Poly,1100,5.0,0.0,0.008206410837337627,1,0.0
Gold Coast Poly,1150,0.0,6.0,2.8688353498222536,15,2.091441044314985
Gold Coast Poly,1150,1.0,2.0,2.2792834404787845,11,0.8774687537675795
Gold Coast Poly,1150,2.0,6.0,4.832111465829738,42,1.2416932106034768
Gold Coast Poly,1150,3.0,1.0,4.166462705111603,54,0.2400117487606826
Gold Coast Poly,1150,4.0,0.0,0.8479191119778834,21,0.0
Gold Coast Poly,1150,5.0,0.0,0.0053879267797384625,1,0.0
Gold Coast Poly,1200,0.0,23.0,13.705987682805967,86,1.6780986917749303
Gold Coast Poly,1200,1.0,19.0,13.501298123482021,89,1.407272087930153
Gold Coast Poly,1200,2.0,24.0,27.63670254528016,255,0.868410403183167
Gold Coast Poly,1200,3.0,18.0,25.059452713161225,307,0.7182918240886562
Gold Coast Poly,1200,4.0,2.0,6.020991480440065,85,0.33217120577188114
Gold Coast Poly,1200,5.0,0.0,0.07556745483056655,3,0.0
Gold Coast Poly,1540,0.0,26.0,18.915020827413414,127,1.3745689331897732
Gold Coast Poly,1540,1.0,16.0,13.036709142795047,103,1.227303595159417
Gold Coast Poly,1540,2.0,33.0,37.37396697653376,325,0.882967548527025
Gold Coast Poly,1540,3.0,42.0,42.13883184774886,449,0.9967053702805414
Gold Coast Poly,1540,4.0,9.0,14.27343435152097,210,0.630542011008091
Gold Coast Poly,1540,5.0,1.0,1.0156244486985577,18,0.9846159190844812
Gold Coast Poly,1900,0.0,8.0,4.925263088599818,40,1.6242787148806472
Gold Coast Poly,1900,1.0,3.0,4.091964273030441,34,0.7331442309437003
Gold Coast Poly,1900,2.0,15.0,11.255173081222207,103,1.3327205092052783
Gold Coast Poly,1900,3.0,9.0,14.272685692043005,149,0.6305750854597382
Gold Coast Poly,1900,4.0,4.0,4.658615694466057,58,0.8586241626995712
Gold Coast Poly,1900,5.0,1.0,0.698351571064006,7,1.4319435101669542
Gold Coast Poly,2000,0.0,13.0,4.954792322663149,31,2.6237224798581744
Gold Coast Poly,2000,1.0,0.0,2.704969359309835,24,0.0
Gold Coast Poly,2000,2.0,8.0,10.129033228224822,87,0.789808841549437
Gold Coast Poly,2000,3.0,8.0,9.752901805921512,108,0.8202686912261097
Gold Coast Poly,2000,4.0,2.0,3.444994373493698,40,0.5805524721283434
Gold Coast Poly,2000,5.0,0.0,0.01330891038698299,1,0.0
Gosford,1000,0.0,28.0,17.83184455897576,94,1.5702245444880822
Gosford,1000,1.0,21.0,18.915971684318674,157,1.110172945406182
Gosford,1000,2.0,37.0,38.723565170348024,355,0.9554905349555
Gosford,1000,3.0,8.0,18.26173835107008,242,0.4380743961065035
Gosford,1000,4.0,0.0,0.26688023528746063,13,0.0
Gosford,1100,0.0,26.0,22.20306915046018,128,1.17100927911406
Gosford,1100,1.0,28.0,23.762392511393468,176,1.1783325263470295
Gosford,1100,2.0,45.0,47.1301492544079,402,0.9548028324096879
Gosford,1100,3.0,28.0,31.119379047435963,390,0.899760883959766
Gosford,1100,4.0,1.0,3.7405488034739243,77,0.26734044990170414
Gosford,1100,5.0,0.0,0.03620128706239192,3,0.0
Gosford,1200,0.0,47.0,34.829961211740695,238,1.349412929697922
Gosford,1200,1.0,32.0,31.261233844927443,242,1.023632021651392
Gosford,1200,2.0,83.0,79.28345724219142,697,1.0468766485101104
Gosford,1200,3.0,71.0,77.44587576896338,859,0.9167692829997466
Gosford,1200,4.0,5.0,14.965470190417639,259,0.3341024328925856
Gosford,1200,5.0,0.0,0.12799249992389483,5,0.0
Gosford,1600,0.0,26.0,16.59429670227195,134,1.5668033702470983
Gosford,1600,1.0,13.0,12.395756252169658,99,1.0487460172286447
Gosford,1600,2.0,48.0,35.86215896822322,288,1.3384581793453063
Gosford,1600,3.0,36.0,46.574698869646106,463,0.7729518574184941
Gosford,1600,4.0,11.0,21.01117868991839,259,0.5235308386234435
Gosford,1600,5.0,0.0,1.3871080545757306,21,0.0
Gosford,1900,0.0,7.0,5.511191684376994,44,1.2701427206466882
Gosford,1900,1.0,7.0,4.428673271195008,36,1.5806088124697355
Gosford,1900,2.0,9.0,14.29815143003817,111,0.6294519990250218
Gosford,1900,3.0,20.0,16.374855126222553,165,1.2213848517030341
Gosford,1900,4.0,1.0,2.9155408393375315,46,0.34298953611200994
Gosford,2070,0.0,1.0,0.2774867089510561,1,3.603776208886397
Gosford,2070,1.0,0.0,0.07567819335028803,1,0.0
Gosford,2070,2.0,0.0,0.16817376300064008,2,0.0
Gosford,2070,3.0,0.0,0.27677770426513837,2,0.0
Gosford,2070,4.0,0.0,0.16026062409021913,3,0.0
Gosford,2070,5.0,0.0,0.04162300634265842,1,0.0
Gosford,2080,0.0,0.0,0.27491889606210057,2,0.0
Gosford,2080,1.0,0.0,0.28799471823040645,1,0.0
Gosford,2080,2.0,2.0,0.520925959950414,4,3.8393172039081644
Gosford,2080,3.0,0.0,0.6779898860560888,6,0.0
Gosford,2080,4.0,0.0,0.2381705397009903,5,0.0
Gosford,2100,0.0,5.0,4.832629411345841,30,1.0346334416334955
Gosford,2100,1.0,3.0,3.556335109330461,31,0.8435650487855177
Gosford,2100,2.0,13.0,10.084616622330232,86,1.2890921377431714
Gosford,2100,3.0,5.0,8.347395830170745,95,0.5989892059422951
Gosford,2100,4.0,1.0,1.6106526368096918,29,0.6208663352644149
Gosford,2100,5.0,2.0,0.5683703900130294,7,3.5188321473857074
Gosford,2600,0.0,0.0,0.48149203518990447,5,0.0
Gosford,2600,1.0,1.0,0.7677141887885922,4,1.3025680840651663
Gosford,2600,2.0,1.0,2.6638485908527696,21,0.3753967111471126
Gosford,2600,3.0,3.0,0.8713586524021795,13,3.4428991916583813
Gosford,2600,4.0,0.0,0.2155865327665542,2,0.0
Goulburn,900,0.0,0.0,0.09193482575353583,1,0.0
Goulburn,900,1.0,1.0,0.0909245529430574,2,10.998129412044094
Goulburn,900,2.0,0.0,0.611945211064256,3,0.0
Goulburn,900,3.0,0.0,0.2051954102391507,2,0.0
Goulburn,1000,0.0,28.0,16.693519856585116,113,1.6772975526161908
Goulburn,1000,1.0,21.0,20.297071529393133,157,1.0346320142582601
Goulburn,1000,2.0,45.0,42.19653216318423,407,1.0664383467810596
Goulburn,1000,3.0,16.0,30.44171857202539,342,0.5255945048616046
Goulburn,1000,4.0,3.0,3.0029901115594626,52,0.9990042885762584
Goulburn,1000,5.0,0.0,0.3681677672526651,4,0.0
Goulburn,1100,0.0,10.0,5.781118489169167,34,1.7297690782043027
Goulburn,1100,1.0,1.0,3.305589878285176,37,0.3025178672554397
Goulburn,1100,2.0,11.0,14.28594999808725,102,0.7699872953127228
Goulburn,1100,3.0,12.0,9.753160354891138,103,1.2303704197770202
Goulburn,1100,4.0,0.0,0.8741812795672672,23,0.0
Goulburn,1200,0.0,21.0,16.134881884252493,111,1.3015279659714039
Goulburn,1200,1.0,19.0,13.792949074609842,97,1.3775154172776098
Goulburn,1200,2.0,31.0,31.287313389447068,292,0.9908169363770308
Goulburn,1200,3.0,32.0,36.082792799056826,395,0.8868493128624028
Goulburn,1200,4.0,8.0,12.950966904061143,184,0.6177144964744966
Goulburn,1200,5.0,0.0,0.7510959485726295,11,0.0
Goulburn,1300,0.0,19.0,13.031583424771558,98,1.4579962680423901
Goulburn,1300,1.0,13.0,11.253896159213893,94,1.155155496024061
Goulburn,1300,2.0,27.0,27.532824322803517,232,0.9806476692490201
Goulburn,1300,3.0,28.0,32.281812544898635,335,0.8673614581292998
Goulburn,1300,4.0,11.0,12.671275107735955,163,0.8681052148638441
Goulburn,1300,5.0,0.0,1.0521312821135167,19,0.0
Goulburn,1400,0.0,17.0,10.91009617417128,94,1.5581897472403632
Goulburn,1400,1.0,13.0,9.511903296055818,76,1.3667085961009031
Goulburn,1400,2.0,24.0,23.363099559970752,218,1.0272609564666018
Goulburn,1400,3.0,28.0,34.68789490581777,359,0.8071980175223579
Goulburn,1400,4.0,12.0,14.78402726885951,206,0.8116868145445271
Goulburn,1400,5.0,0.0,0.7429787951248661,20,0.0
Goulburn,1500,0.0,4.0,6.673699651244419,52,0.5993676984330776
Goulburn,1500,1.0,4.0,3.9725171651018436,35,1.0069182419498626
Goulburn,1500,2.0,20.0,12.974922232054363,117,1.5414350577447224
Goulburn,1500,3.0,20.0,19.042363083028405,187,1.0502898150190767
Goulburn,1500,4.0,4.0,8.860814207098093,119,0.4514257839641574
Goulburn,1500,5.0,0.0,0.38850030089981513,13,0.0
Goulburn,1600,0.0,14.0,9.14712958321868,92,1.5305347839047119
Goulburn,1600,1.0,8.0,8.135818552829011,66,0.9833060985877341
Goulburn,1600,2.0,27.0,21.085562528961127,207,1.280497020789242
Goulburn,1600,3.0,33.0,35.52968558303283,331,0.9288007889312457
Goulburn,1600,4.0,10.0,16.467760002426168,215,0.6072471300605982
Goulburn,1600,5.0,0.0,1.2787224440472826,24,0.0
Goulburn,2100,0.0,0.0,0.21533844310070888,4,0.0
Goulburn,2100,1.0,1.0,0.7018915927403843,4,1.4247214389557166
Goulburn,2100,2.0,2.0,1.571792453699972,9,1.2724326263890853
Goulburn,2100,3.0,1.0,0.9967737194737578,16,1.0032367231029582
Goulburn,2100,4.0,0.0,0.4875609771614662,3,0.0
Goulburn,2120,0.0,0.0,0.11782711493480022,3,0.0
Goulburn,2120,1.0,1.0,0.07840974087895117,2,12.753517468496655
Goulburn,2120,2.0,0.0,0.6160133789935694,7,0.0
Goulburn,2120,3.0,2.0,1.0504857065917108,9,1.9038812117577284
Goulburn,2120,4.0,0.0,0.8992907527714731,8,0.0
Goulburn,2120,5.0,0.0,0.23797330582949536,1,0.0
Goulburn,2125,0.0,1.0,0.2539763338905592,4,3.937374733627384
Goulburn,2125,1.0,1.0,0.2418074675651259,3,4.135521578673622
Goulburn,2125,2.0,1.0,0.8454561149933949,9,1.1827935031350651
Goulburn,2125,3.0,1.0,2.553120752701868,15,0.3916775181674189
Goulburn,2125,4.0,0.0,0.10563933084905236,2,0.0
Goulburn,2132,0.0,0.0,0.12635654768329918,1,0.0
Goulburn,2132,1.0,0.0,0.039110359997211644,1,0.0
Goulburn,2132,2.0,1.0,0.13688625999024076,1,7.30533510135564
Goulburn,2132,3.0,0.0,0.483893672498334,3,0.0
Goulburn,2132,4.0,0.0,0.21375315983091442,3,0.0
Goulburn,2140,0.0,0.0,0.3771017778007588,5,0.0
Goulburn,2140,1.0,2.0,1.4353864909117102,5,1.393352948953606
Goulburn,2140,2.0,1.0,1.5510309126370234,14,0.6447324755764058
Goulburn,2140,3.0,2.0,1.1360975417950416,16,1.760412223795491
Goulburn,2140,4.0,0.0,0.48932107956058063,5,0.0
Goulburn,2140,5.0,0.0,0.011062197294885289,2,0.0
Goulburn,2145,0.0,1.0,1.56299943579826,9,0.6397954964643201
Goulburn,2145,1.0,1.0,0.9191670274674574,8,1.0879415493778735
Goulburn,2145,2.0,3.0,2.569483226205626,27,1.1675499452199658
Goulburn,2145,3.0,4.0,3.0488686081105882,29,1.3119620797561482
Goulburn,2145,4.0,0.0,0.8602075444904634,8,0.0
Goulburn,2145,5.0,0.0,0.039274157927604844,1,0.0
Goulburn,2150,0.0,0.0,0.08479942386918735,2,0.0
Goulburn,2150,1.0,0.0,0.07634474926978296,2,0.0
Goulburn,2150,2.0,2.0,0.985769365309555,5,2.0288721382328134
Goulburn,2150,3.0,0.0,0.7787306738871356,8,0.0
Goulburn,2150,4.0,0.0,0.07435578766433924,1,0.0
Grafton,1000,0.0,11.0,7.4888366957977555,50,1.4688529669998651
Grafton,1000,1.0,11.0,9.41158904519769,91,1.1687718138960608
Grafton,1000,2.0,22.0,21.25147565471188,215,1.035222229150104
Grafton,1000,3.0,6.0,11.532111533654561,181,0.520286331127651
Grafton,1000,4.0,0.0,0.2610285198962204,8,0.0
Grafton,1005,0.0,1.0,1.5889410078882267,10,0.6293499853270478
Grafton,1005,1.0,2.0,1.7478961639162416,16,1.1442327303464688
Grafton,1005,2.0,4.0,3.8297657966877745,41,1.044450290787874
Grafton,1005,3.0,3.0,2.5467666329306446,38,1.1779642316688457
Grafton,1005,4.0,0.0,0.1504380498078848,5,0.0
Grafton,1005,5.0,0.0,0.13619234876922817,1,0.0
Grafton,1006,0.0,19.0,7.198491835490117,46,2.639441765610666
Grafton,1006,1.0,10.0,7.357748154215224,61,1.3591114822639099
Grafton,1006,2.0,12.0,19.774501586788634,176,0.6068420964914338
Grafton,1006,3.0,5.0,10.604653960993303,164,0.4714911036598941
Grafton,1006,4.0,0.0,1.0249343259193961,30,0.0
Grafton,1006,5.0,0.0,0.03967013659332681,1,0.0
Grafton,1010,0.0,1.0,0.42897573273186174,2,2.3311341964070174
Grafton,1010,1.0,0.0,0.06390742704435524,2,0.0
Grafton,1010,2.0,1.0,1.192890055194912,10,0.8383002235999069
Grafton,1010,3.0,0.0,0.29387387302371637,8,0.0
Grafton,1010,4.0,0.0,0.020352912005154912,1,0.0
Grafton,1015,0.0,10.0,4.357809232055878,33,2.294731014483237
Grafton,1015,1.0,8.0,8.29929079228484,57,0.9639377870018646
Grafton,1015,2.0,10.0,12.284418941419183,121,0.8140393166080616
Grafton,1015,3.0,5.0,7.381294286516061,109,0.6773879764059615
Grafton,1015,4.0,0.0,0.6771867477240379,13,0.0
Grafton,1020,0.0,0.0,1.240802822684511,5,0.0
Grafton,1020,1.0,3.0,1.0243630327893802,9,2.9286492229526124
Grafton,1020,2.0,2.0,1.593704836004369,14,1.254937523446479
Grafton,1020,3.0,0.0,0.5878983331463545,15,0.0
Grafton,1020,4.0,0.0,0.21066215513829264,3,0.0
Grafton,1020,5.0,0.0,0.08623344280446706,1,0.0
Grafton,1025,0.0,4.0,1.6644711870766808,11,2.403165660695647
Grafton,1025,1.0,1.0,2.1645280515666965,15,0.4619944746274805
Grafton,1025,2.0,4.0,3.6506574370031206,33,1.095693055025086
Grafton,1025,3.0,2.0,3.098806006482336,39,0.6454098758735578
Grafton,1025,4.0,0.0,0.42153731787116644,7,0.0
Grafton,1030,0.0,1.0,0.8202407761378887,4,1.2191542155566921
Grafton,1030,1.0,1.0,1.0242476603385715,7,0.9763263698053689
Grafton,1030,2.0,1.0,0.5826034705183789,11,1.7164333043025597
Grafton,1030,3.0,1.0,1.4795475236065467,15,0.6758823113450245
Grafton,1030,4.0,0.0,0.09336056939861388,2,0.0
Grafton,1040,0.0,1.0,0.20419157672947344,3,4.89736166406544
Grafton,1040,1.0,0.0,0.40542327820613844,4,0.0
Grafton,1040,2.0,1.0,1.1804852810893547,9,0.8471092490684827
Grafton,1040,3.0,1.0,0.8680523322776253,11,1.152004277640918
Grafton,1040,4.0,0.0,0.3418475316974079,2,0.0
Grafton,1048,0.0,1.0,0.8841988210678655,2,1.130967352786423
Grafton,1048,1.0,1.0,0.4442966056625345,3,2.250748682873238
Grafton,1048,2.0,0.0,0.4792840352769113,7,0.0
Grafton,1048,3.0,0.0,0.19222053799268862,8,0.0
Grafton,1050,0.0,1.0,0.2621172183337335,1,3.81508702998205
Grafton,1050,1.0,0.0,0.31520741486110654,2,0.0
Grafton,1050,2.0,0.0,0.20237715682440044,3,0.0
Grafton,1050,3.0,0.0,0.22029820998075947,6,0.0
Grafton,1100,0.0,15.0,10.85881566046778,80,1.3813661147788399
Grafton,1100,1.0,9.0,10.086045509604613,97,0.8923219701348356
Grafton,1100,2.0,36.0,30.909950492922032,288,1.1646734927072602
Grafton,1100,3.0,18.0,22.467349048373443,324,0.8011626098497426
Grafton,1100,4.0,2.0,5.522086414982774,105,0.362181945319347
Grafton,1100,5.0,0.0,0.1557528736493588,5,0.0
Grafton,1105,0.0,0.0,0.06360355298294978,1,0.0
Grafton,1105,1.0,0.0,0.2505594511449537,1,0.0
Grafton,1105,2.0,0.0,0.24078487914973845,3,0.0
Grafton,1105,3.0,1.0,0.23696554814953683,4,4.220022732456243
Grafton,1105,4.0,0.0,0.20808656857282132,2,0.0
Grafton,1106,0.0,15.0,7.193279095507681,46,2.0852798564937847
Grafton,1106,1.0,4.0,4.903158915384079,52,0.8158006030458567
Grafton,1106,2.0,9.0,15.562788263540789,152,0.5783025411381105
Grafton,1106,3.0,12.0,13.450015163884542,169,0.8921923026690657
Grafton,1106,4.0,6.0,4.818525938236614,77,1.24519408568251
Grafton,1106,5.0,0.0,0.07223262344629597,3,0.0
Grafton,1110,0.0,1.0,0.15094274704322158,1,6.625028493178648
Grafton,1110,1.0,0.0,0.03193019648991226,1,0.0
Grafton,1110,2.0,0.0,0.19116104477513257,2,0.0
Grafton,1110,3.0,0.0,0.5429475008179617,4,0.0
Grafton,1110,4.0,0.0,0.08301851087377186,1,0.0
Grafton,1115,0.0,9.0,5.146076943145666,32,1.7489050590251238
Grafton,1115,1.0,5.0,5.154699454369937,37,0.9699886568093141
Grafton,1115,2.0,12.0,10.359009000348715,103,1.158411967746726
Grafton,1115,3.0,4.0,8.60557221857535,125,0.4648151103032866
Grafton,1115,4.0,2.0,2.6674242837923887,54,0.7497869807035409
Grafton,1115,5.0,0.0,0.06721809976794332,4,0.0
Grafton,1120,0.0,3.0,1.657229825015987,12,1.8102498245655576
Grafton,1120,1.0,2.0,1.7351604570445702,14,1.1526311540124194
Grafton,1120,2.0,5.0,4.554758355172589,39,1.0977530771356454
Grafton,1120,3.0,2.0,3.3604261991624655,55,0.5951626018445129
Grafton,1120,4.0,0.0,0.6515084005566453,12,0.0
Grafton,1120,5.0,0.0,0.04091676304774304,1,0.0
Grafton,1125,0.0,2.0,1.7492845279908296,9,1.1433245809914834
Grafton,1125,1.0,5.0,1.5106292922666231,11,3.3098788866312474
Grafton,1125,2.0,0.0,1.8012074559582634,24,0.0
Grafton,1125,3.0,2.0,3.1939867105832724,39,0.6261766817541856
Grafton,1125,4.0,0.0,0.7448920132010115,16,0.0
Grafton,1130,0.0,2.0,0.27671517579732663,3,7.227648408646918
Grafton,1130,1.0,0.0,0.6174282899544812,4,0.0
Grafton,1130,2.0,0.0,0.7220268868041371,7,0.0
Grafton,1130,3.0,1.0,0.9347946854728973,13,1.069753621346399
Grafton,1130,4.0,0.0,0.4490349619711578,4,0.0
Grafton,1175,0.0,6.0,5.891214817823126,39,1.0184656620987165
Grafton,1175,1.0,5.0,4.6908257775843625,39,1.0659104040685248
Grafton,1175,2.0,15.0,11.229692281023599,113,1.3357445266196317
Grafton,1175,3.0,13.0,13.292136145924843,160,0.9780218813050295
Grafton,1175,4.0,0.0,3.494763846588875,85,0.0
Grafton,1175,5.0,0.0,0.25026944107652266,6,0.0
Grafton,1180,0.0,0.0,0.0916905609667663,2,0.0
Grafton,1180,1.0,1.0,0.5639730264163385,3,1.7731344464367624
Grafton,1180,2.0,1.0,0.9169811594476324,8,1.0905349468710743
Grafton,1180,3.0,0.0,0.2682258924916802,7,0.0
Grafton,1180,4.0,0.0,0.11958389613867454,3,0.0
Grafton,1180,5.0,0.0,0.039545464538907886,1,0.0
Grafton,1181,0.0,4.0,3.071444221804234,29,1.3023189454667392
Grafton,1181,1.0,5.0,3.2618236091017643,31,1.5328848519116862
Grafton,1181,2.0,8.0,9.134539882124361,88,0.8757967126133441
Grafton,1181,3.0,9.0,9.232060074125402,108,0.9748636737345553
Grafton,1181,4.0,2.0,3.154413365938276,46,0.634032312187183
Grafton,1181,5.0,0.0,0.14571884690596304,6,0.0
Grafton,1183,0.0,1.0,0.1899232541513579,3,5.265284677583807
Grafton,1183,1.0,1.0,0.823608201855129,4,1.2141695502152103
Grafton,1183,2.0,1.0,1.1853904753706292,11,0.8436038763406933
Grafton,1183,3.0,0.0,0.6415863252946732,7,0.0
Grafton,1183,4.0,0.0,0.15949174332821073,3,0.0
Grafton,1185,0.0,2.0,0.4722760258111207,4,4.234811615866074
Grafton,1185,1.0,0.0,0.4513391503116131,3,0.0
Grafton,1185,2.0,2.0,1.2339506415876276,11,1.620810373279402
Grafton,1185,3.0,0.0,1.507846438266603,17,0.0
Grafton,1185,4.0,0.0,0.3345877440230359,6,0.0
Grafton,1190,0.0,7.0,3.4126663084520326,24,2.051182086764048
Grafton,1190,1.0,4.0,2.710323906935701,20,1.4758383637335841
Grafton,1190,2.0,10.0,7.987188664230838,72,1.2520049820261752
Grafton,1190,3.0,3.0,6.705694054602046,91,0.44738098332135096
Grafton,1190,4.0,0.0,3.098295418442275,56,0.0
Grafton,1190,5.0,0.0,0.08583164733710713,3,0.0
Grafton,1195,0.0,4.0,0.8434616350250623,9,4.742361518175211
Grafton,1195,1.0,2.0,0.9983291376367451,11,2.0033473176335614
Grafton,1195,2.0,3.0,3.446954286755046,31,0.8703335612913488
Grafton,1195,3.0,0.0,2.7102678991253715,36,0.0
Grafton,1195,4.0,0.0,0.9956680140418224,17,0.0
Grafton,1195,5.0,0.0,0.00531902741595271,1,0.0
Grafton,1200,0.0,8.0,4.337543557534561,46,1.8443618822233019
Grafton,1200,1.0,9.0,5.677347800979016,52,1.5852472519735392
Grafton,1200,2.0,14.0,14.597755438840398,140,0.9590515513604274
Grafton,1200,3.0,10.0,13.585813385800954,186,0.7360619284268528
Grafton,1200,4.0,5.0,7.468138502710565,111,0.6695108825559739
Grafton,1200,5.0,0.0,0.29978842476647477,8,0.0
Grafton,1205,0.0,0.0,1.6361923242304193,11,0.0
Grafton,1205,1.0,4.0,0.8556938739539564,12,4.674568933767118
Grafton,1205,2.0,3.0,3.9367846546543452,38,0.7620432061106487
Grafton,1205,3.0,4.0,3.472736511123497,51,1.1518293965544546
Grafton,1205,4.0,0.0,1.0214591471874268,18,0.0
Grafton,1205,5.0,0.0,0.0771334888503552,4,0.0
Grafton,1206,0.0,4.0,2.2047894132937027,26,1.8142322236682271
Grafton,1206,1.0,4.0,1.8492579308174366,19,2.1630297933787204
Grafton,1206,2.0,8.0,8.448709954722384,79,0.9468901220272595
Grafton,1206,3.0,7.0,9.186637008852784,104,0.7619763351109212
Grafton,1206,4.0,2.0,3.8699106554222733,71,0.5168077968926045
Grafton,1206,5.0,1.0,0.40095453592925673,9,2.49404835309417
Grafton,1215,0.0,2.0,1.2050637472076426,14,1.6596632374298645
Grafton,1215,1.0,0.0,1.145418827244745,13,0.0
Grafton,1215,2.0,4.0,4.4221845002596325,34,0.9045303287922868
Grafton,1215,3.0,6.0,5.01929915986133,56,1.1953860108560983
Grafton,1215,4.0,2.0,2.1607320557909486,31,0.9256122223205914
Grafton,1215,5.0,0.0,0.04730170963570168,1,0.0
Grafton,1220,0.0,0.0,0.596154315176236,5,0.0
Grafton,1220,1.0,0.0,0.32513861443618913,4,0.0
Grafton,1220,2.0,2.0,1.659999336200047,13,1.2048197588911442
Grafton,1220,3.0,3.0,2.0032663344126678,19,1.4975542435197773
Grafton,1220,4.0,0.0,0.4154413997748602,7,0.0
Grafton,1225,0.0,0.0,0.08358416555181311,1,0.0
Grafton,1225,1.0,0.0,0.13048206839536436,2,0.0
Grafton,1225,2.0,0.0,0.6350179115842711,3,0.0
Grafton,1225,3.0,1.0,0.15091585446855144,2,6.626209045573702
Grafton,1230,0.0,0.0,0.2331821770091811,2,0.0
Grafton,1230,1.0,0.0,0.260043562356605,2,0.0
Grafton,1230,2.0,1.0,0.8502641758986114,4,1.1761050604574026
Grafton,1230,3.0,0.0,0.4302267787336094,8,0.0
Grafton,1230,4.0,1.0,0.2209724134530779,4,4.525451771889815
Grafton,1230,5.0,0.0,0.005310892548915229,1,0.0
Grafton,1400,0.0,14.0,9.471140683921382,77,1.4781746430783154
Grafton,1400,1.0,6.0,5.866213255791237,65,1.022806321280033
Grafton,1400,2.0,21.0,21.320510118566528,189,0.9849670520646963
Grafton,1400,3.0,26.0,25.31781270483076,306,1.0269449538600575
Grafton,1400,4.0,10.0,13.575158633466158,210,0.7366396423057261
Grafton,1400,5.0,0.0,1.4491646034239345,31,0.0
Grafton,1406,0.0,0.0,0.08163906061040833,1,0.0
Grafton,1406,1.0,1.0,0.08593585327411403,1,11.636586615486884
Grafton,1406,2.0,0.0,0.47913168193608546,3,0.0
Grafton,1406,3.0,0.0,0.24531916272691662,4,0.0
Grafton,1406,4.0,0.0,0.10797424145247554,2,0.0
Grafton,1408,0.0,1.0,0.5881220859957427,4,1.7003272344498195
Grafton,1408,1.0,0.0,0.2942952153030951,2,0.0
Grafton,1408,2.0,1.0,0.5957185258896842,6,1.6786451260795288
Grafton,1408,3.0,0.0,1.0686359342737384,15,0.0
Grafton,1408,4.0,2.0,0.9478847112939626,12,2.109961239136128
Grafton,1408,5.0,0.0,0.5053435272437773,5,0.0
Grafton,1410,0.0,13.0,7.595547276968186,70,1.71152907433275
Grafton,1410,1.0,8.0,5.732138571793766,47,1.395639672663487
Grafton,1410,2.0,16.0,18.791533845961027,186,0.8514472597690035
Grafton,1410,3.0,25.0,21.851316565471414,266,1.1440958225603675
Grafton,1410,4.0,8.0,14.78269805072249,213,0.5411731994085484
Grafton,1410,5.0,0.0,1.2467656890831158,35,0.0
Grafton,1415,0.0,0.0,0.03839086699854784,1,0.0
Grafton,1415,1.0,0.0,0.09484802434935348,1,0.0
Grafton,1415,2.0,1.0,0.30232807761356423,2,3.3076649972226533
Grafton,1415,3.0,0.0,0.2652113491909608,4,0.0
Grafton,1415,4.0,0.0,0.28786663667898904,4,0.0
Grafton,1415,5.0,0.0,0.011355045168584573,1,0.0
Grafton,1420,0.0,6.0,3.8714857167100774,40,1.549792622016619
Grafton,1420,1.0,3.0,3.160309246754371,29,0.9492741898853702
Grafton,1420,2.0,8.0,8.986019871386459,89,0.8902717904590695
Grafton,1420,3.0,13.0,13.77773843607693,147,0.9435510813559629
Grafton,1420,4.0,9.0,9.076942127472043,114,0.9915233427302382
Grafton,1420,5.0,1.0,1.127504601600119,20,0.8869143403768212
Grafton,1425,0.0,4.0,2.124436234851958,11,1.8828524642815372
Grafton,1425,1.0,1.0,0.39346298098635485,7,2.5415351591479953
Grafton,1425,2.0,2.0,2.60362248765023,27,0.7681605184647949
Grafton,1425,3.0,3.0,3.232720164474913,37,0.9280110394236015
Grafton,1425,4.0,1.0,2.452752492587586,32,0.40770522220325117
Grafton,1425,5.0,0.0,0.19300563944895804,3,0.0
Grafton,1430,0.0,3.0,1.8074541205745016,13,1.6597931675557254
Grafton,1430,1.0,3.0,1.1639688244393782,9,2.577388618157312
Grafton,1430,2.0,1.0,4.2544032068069955,35,0.23505059379421575
Grafton,1430,3.0,5.0,3.9602511845388313,49,1.2625461787677608
Grafton,1430,4.0,1.0,1.622578701744444,28,0.616302925044495
Grafton,1430,5.0,0.0,0.05055586439112731,2,0.0
Grafton,1435,0.0,2.0,1.4675041610505624,9,1.3628581458796223
Grafton,1435,1.0,1.0,0.5419158701577608,4,1.8453048804584433
Grafton,1435,2.0,3.0,2.7115695423016417,22,1.1063702970544256
Grafton,1435,3.0,3.0,3.0778040093438284,35,0.9747209344364927
Grafton,1435,4.0,0.0,1.170319798571075,23,0.0
Grafton,1435,5.0,0.0,0.030886618575132144,1,0.0
Grafton,1550,0.0,0.0,0.23978348770052965,3,0.0
Grafton,1550,1.0,0.0,0.09404924929007298,2,0.0
Grafton,1550,2.0,1.0,0.9026317332561893,8,1.1078715307211287
Grafton,1550,3.0,1.0,1.4237719764939814,12,0.7023596590673782
Grafton,1550,4.0,1.0,0.3397635532592267,9,2.9432232810357912
Grafton,1560,0.0,0.0,0.057258264057291286,1,0.0
Grafton,1560,1.0,0.0,0.12332549181570433,1,0.0
Grafton,1560,2.0,0.0,0.05803777012737818,2,0.0
Grafton,1560,3.0,1.0,0.6510752103484204,4,1.5359208646031137
Grafton,1560,4.0,0.0,0.11030326365120573,5,0.0
Grafton,1600,0.0,4.0,2.8614588895940805,29,1.397888334005536
Grafton,1600,1.0,3.0,2.0233746435764766,18,1.4826715405987594
Grafton,1600,2.0,5.0,6.914286614040495,65,0.7231404017656357
Grafton,1600,3.0,12.0,9.470904619110964,104,1.2670384174058382
Grafton,1600,4.0,5.0,7.37427852503159,92,0.6780324316511467
Grafton,1600,5.0,0.0,0.3556967086463938,9,0.0
Grafton,1608,0.0,0.0,0.368391370823859,4,0.0
Grafton,1608,1.0,0.0,0.05897116716696677,1,0.0
Grafton,1608,2.0,1.0,1.0536588042158868,8,0.9490738330081923
Grafton,1608,3.0,2.0,1.3337570905281964,14,1.4995234246199638
Grafton,1608,4.0,1.0,1.1153817428231212,12,0.8965540331231524
Grafton,1608,5.0,0.0,0.06983982444197,1,0.0
Grafton,1610,0.0,2.0,3.280641430931295,30,0.6096368780638878
Grafton,1610,1.0,2.0,1.4852832992053244,17,1.3465444612957447
Grafton,1610,2.0,11.0,8.59269448661348,72,1.2801572332330504
Grafton,1610,3.0,12.0,10.607280210432018,121,1.1312984819801661
Grafton,1610,4.0,3.0,5.641252158441705,89,0.5317968273250697
Grafton,1610,5.0,0.0,0.3928484143761771,11,0.0
Grafton,1615,0.0,0.0,0.031005336432953428,1,0.0
Grafton,1615,1.0,0.0,0.36112097727792813,2,0.0
Grafton,1615,2.0,1.0,0.05864882885277088,3,17.050638854364006
Grafton,1615,3.0,0.0,0.510837298043167,4,0.0
Grafton,1615,4.0,0.0,0.03838755939318043,1,0.0
Grafton,1620,0.0,1.0,0.8636870542609308,6,1.1578267788854542
Grafton,1620,1.0,0.0,0.5067389578737455,5,0.0
Grafton,1620,2.0,3.0,1.517722814592103,14,1.9766455186392307
Grafton,1620,3.0,2.0,1.9201560088665872,24,1.0415820333164192
Grafton,1620,4.0,0.0,1.1916951644066334,13,0.0
Grafton,1625,0.0,1.0,0.2686060803634638,4,3.722923913884794
Grafton,1625,1.0,0.0,0.15541366003773538,3,0.0
Grafton,1625,2.0,1.0,1.2833968285432709,8,0.7791822277876886
Grafton,1625,3.0,1.0,1.2203659715365585,14,0.8194263223686117
Grafton,1625,4.0,1.0,1.0722174595189715,12,0.9326466297691418
Grafton,1630,0.0,0.0,0.6404204161558611,8,0.0
Grafton,1630,1.0,1.0,0.6863811663577879,8,1.4569164321719354
Grafton,1630,2.0,0.0,1.6816549955423632,18,0.0
Grafton,1630,3.0,2.0,2.8493520058947728,26,0.7019139775859131
Grafton,1630,4.0,4.0,1.7779331015587674,28,2.249803435513451
Grafton,1630,5.0,1.0,0.3642583144904476,6,2.745304527636868
Grafton,1635,0.0,0.0,0.22912757828155084,2,0.0
Grafton,1635,1.0,0.0,0.21533611478690717,2,0.0
Grafton,1635,2.0,1.0,0.6706678623638513,5,1.491051019614056
Grafton,1635,3.0,1.0,0.6667353968232045,10,1.4998453730890875
Grafton,1635,4.0,0.0,0.21813304774448605,4,0.0
Grafton,1700,0.0,3.0,4.576008572343192,44,0.6555931774541714
Grafton,1700,1.0,2.0,3.0268788988848496,30,0.6607466194755369
Grafton,1700,2.0,12.0,11.004853655705553,99,1.0904279489240192
Grafton,1700,3.0,13.0,15.140019414213228,175,0.8586514748980963
Grafton,1700,4.0,14.0,9.098401687584769,125,1.5387317993558924
Grafton,1700,5.0,0.0,1.153837771268408,29,0.0
Grafton,1706,0.0,0.0,0.2621592655527314,3,0.0
Grafton,1706,1.0,0.0,0.5601168303949184,4,0.0
Grafton,1706,2.0,1.0,1.5635112527963906,11,0.639586058758111
Grafton,1706,3.0,1.0,0.5707367321866361,13,1.7521213260074364
Grafton,1706,4.0,1.0,0.04347591906932344,1,23.00123887905567
Grafton,1708,0.0,0.0,0.6547034068112816,4,0.0
Grafton,1708,1.0,0.0,0.2570313189856551,2,0.0
Grafton,1708,2.0,2.0,1.5163487824758086,10,1.3189577642780264
Grafton,1708,3.0,1.0,0.8826653523238484,12,1.1329322005981513
Grafton,1708,4.0,1.0,0.6892511394034062,7,1.4508499773617611
Grafton,1710,0.0,2.0,2.059183272747959,27,0.9712588609614241
Grafton,1710,1.0,3.0,1.9792789331110008,19,1.515703496770233
Grafton,1710,2.0,5.0,6.061905133692097,57,0.8248232015723863
Grafton,1710,3.0,14.0,10.244967760356653,105,1.3665245540521471
Grafton,1710,4.0,3.0,5.6880362018947865,77,0.5274228034977426
Grafton,1710,5.0,0.0,0.9666286981975041,20,0.0
Grafton,1715,0.0,0.0,0.057574992289252704,1,0.0
Grafton,1715,1.0,0.0,0.23397611889942319,3,0.0
Grafton,1715,2.0,1.0,0.17881004516331392,5,5.592526969537212
Grafton,1715,3.0,0.0,0.5296388436480101,4,0.0
Grafton,1720,0.0,1.0,2.211712433125776,21,0.4521383453936264
Grafton,1720,1.0,3.0,2.1841692087539784,17,1.3735199580583024
Grafton,1720,2.0,8.0,6.080177690400539,52,1.3157510203411489
Grafton,1720,3.0,7.0,6.878727378841582,80,1.0176300955800985
Grafton,1720,4.0,2.0,3.299360854468365,56,0.6061780108991035
Grafton,1720,5.0,0.0,0.34585243440975966,6,0.0
Grafton,1725,0.0,1.0,0.6550905797206096,10,1.5265064572085456
Grafton,1725,1.0,1.0,0.9363455885999944,7,1.0679817496605932
Grafton,1725,2.0,3.0,2.19681557307685,21,1.3656130431551037
Grafton,1725,3.0,3.0,4.025158952257906,35,0.7453121816014633
Grafton,1725,4.0,2.0,1.7759356607923966,33,1.1261669238105332
Grafton,1725,5.0,0.0,0.41065364555224354,6,0.0
Grafton,1730,0.0,3.0,0.5757469721328661,6,5.210622278891786
Grafton,1730,1.0,0.0,0.22591069993454516,3,0.0
Grafton,1730,2.0,2.0,1.6979544462677616,12,1.1778879017609445
Grafton,1730,3.0,1.0,1.773971656463755,21,0.5637068644001931
Grafton,1730,4.0,0.0,1.7131667359687237,26,0.0
Grafton,1730,5.0,0.0,0.013249489232348465,1,0.0
Grafton,1735,0.0,1.0,0.35234861308857324,4,2.83809830052778
Grafton,1735,1.0,0.0,0.0737973810177835,1,0.0
Grafton,1735,2.0,0.0,0.7101312903141209,5,0.0
Grafton,1735,3.0,3.0,1.819312451840955,16,1.6489745876055057
Grafton,1735,4.0,0.0,0.8544011340131663,15,0.0
Grafton,1735,5.0,0.0,0.19000912972540107,5,0.0
Grafton,2100,0.0,0.0,0.23416473471248686,1,0.0
Grafton,2100,1.0,0.0,0.45567191619727165,1,0.0
Grafton,2100,2.0,0.0,0.11422669985974968,2,0.0
Grafton,2100,3.0,1.0,0.14820426158512523,3,6.747444299539405
Grafton,2100,4.0,0.0,0.047732387645366525,2,0.0
Grafton,2120,0.0,0.0,0.1103724360950907,1,0.0
Grafton,2120,1.0,1.0,0.19709363588409054,1,5.073730541903917
Grafton,2120,2.0,0.0,0.03246248120443844,2,0.0
Grafton,2120,3.0,0.0,0.584817513115182,4,0.0
Grafton,2120,4.0,0.0,0.0752539337011982,1,0.0
Grafton,2135,0.0,0.0,0.02001787082964677,1,0.0
Grafton,2135,2.0,0.0,0.44077817308164585,4,0.0
Grafton,2135,3.0,0.0,0.08162902798953264,4,0.0
Grafton,2135,4.0,1.0,0.45757492809917466,3,2.185434425251683
Grafton,2200,0.0,2.0,3.2813252676850393,32,0.6095098281466595
Grafton,2200,1.0,2.0,2.0042808151928164,17,0.9978641639632695
Grafton,2200,2.0,5.0,6.546964030389044,63,0.7637127646939099
Grafton,2200,3.0,10.0,9.583582064691655,98,1.0434511785361065
Grafton,2200,4.0,12.0,7.537459835983267,95,1.5920482843189296
Grafton,2200,5.0,1.0,3.0463879860581793,29,0.3282575970547772
Grafton,2208,0.0,0.0,0.08444636912307381,1,0.0
Grafton,2208,1.0,0.0,0.061710808205323174,1,0.0
Grafton,2208,3.0,0.0,0.18001494295991832,2,0.0
Grafton,2208,4.0,0.0,0.3151471864508018,4,0.0
Grafton,2208,5.0,1.0,0.358680693260883,5,2.7879950574107415
Grafton,2217,0.0,2.0,0.2662210787068255,3,7.512553137095838
Grafton,2217,1.0,0.0,0.38573846299170644,2,0.0
Grafton,2217,2.0,0.0,0.5570183936268839,5,0.0
Grafton,2217,3.0,1.0,0.7416658872500187,8,1.3483160236853333
Grafton,2217,4.0,0.0,0.2503397537490639,6,0.0
Grafton,2217,5.0,0.0,0.7990164236755017,7,0.0
Grafton,2220,0.0,5.0,3.1825257342690163,34,1.571079204846849
Grafton,2220,1.0,2.0,2.2393363143663905,22,0.8931217643232345
Grafton,2220,2.0,9.0,8.253267945197052,68,1.0904771370275825
Grafton,2220,3.0,11.0,11.16992393096795,114,0.9847873690082305
Grafton,2220,4.0,6.0,7.4533532690897975,89,0.8050067913569753
Grafton,2220,5.0,1.0,1.6750844383487828,22,0.5969848307979935
Grafton,2225,0.0,1.0,0.09591372417603569,1,10.426036613536613
Grafton,2225,1.0,0.0,0.2203423393233252,1,0.0
Grafton,2225,2.0,0.0,0.2944018478181095,2,0.0
Grafton,2225,3.0,0.0,0.32140320072450423,4,0.0
Grafton,2225,4.0,0.0,0.06793888795802527,1,0.0
Grafton,2230,0.0,3.0,1.3856888376839676,16,2.164988212659765
Grafton,2230,1.0,2.0,0.8133549605222058,12,2.45895100795343
Grafton,2230,2.0,6.0,4.511792587460069,42,1.329848365963499
Grafton,2230,3.0,4.0,6.079332798478304,51,0.6579669402210101
Grafton,2230,4.0,1.0,2.884475181714984,42,0.34668351675865117
Grafton,2230,5.0,0.0,0.2731904174215517,4,0.0
Grafton,2235,0.0,1.0,0.15955408458894776,3,6.267467251473106
Grafton,2235,1.0,0.0,0.3302259545199806,3,0.0
Grafton,2235,2.0,0.0,0.4392311229139092,6,0.0
Grafton,2235,3.0,2.0,1.231078800153532,12,1.6245913744518818
Grafton,2235,4.0,0.0,0.8399100378236306,10,0.0
Grafton,2240,0.0,0.0,0.005452989741183273,1,0.0
Grafton,2240,1.0,0.0,0.008152489613056181,1,0.0
Grafton,2240,3.0,1.0,0.43326164891619934,4,2.308074122188041
Grafton,2240,4.0,0.0,0.5476798819883779,5,0.0
Grafton,2240,5.0,0.0,0.005452989741183273,1,0.0
Grafton,2245,0.0,1.0,0.37047963100222586,4,2.6992037248978797
Grafton,2245,1.0,0.0,0.10195681503748635,2,0.0
Grafton,2245,2.0,1.0,0.6990375661907272,4,1.4305382834420624
Grafton,2245,3.0,0.0,1.671764973952611,14,0.0
Grafton,2245,4.0,2.0,0.9122339723106176,11,2.192419993890554
Grafton,2350,0.0,2.0,1.5408756814162146,11,1.2979632452644108
Grafton,2350,1.0,0.0,0.6064078460059068,7,0.0
Grafton,2350,2.0,4.0,3.2099911300561836,33,1.246109362280384
Grafton,2350,3.0,3.0,3.0629449064294914,42,0.979449546644681
Grafton,2350,4.0,2.0,2.547704701955034,36,0.7850203355456613
Grafton,2350,5.0,0.0,0.03207573413716938,1,0.0
Grafton,2370,0.0,0.0,0.10711241872039357,1,0.0
Grafton,2370,1.0,0.0,0.17137986995262972,1,0.0
Grafton,2370,3.0,1.0,0.42780344611101384,3,2.3375220772310064
Grafton,2370,4.0,0.0,0.28428778884493927,5,0.0
Grafton,2370,5.0,0.0,0.009416476371023611,1,0.0
Grafton,2380,0.0,0.0,0.04730830664286498,1,0.0
Grafton,2380,2.0,0.0,0.2550094817968337,2,0.0
Grafton,2380,3.0,1.0,0.6856885563550679,4,1.458388054943961
Grafton,2380,5.0,0.0,0.011993655205233376,1,0.0
Grafton,2390,0.0,0.0,0.05718885489999968,1,0.0
Grafton,2390,1.0,0.0,0.08896044095555507,1,0.0
Grafton,2390,2.0,0.0,0.2071596282391597,2,0.0
Grafton,2390,3.0,1.0,0.41120755572881634,5,2.431861929744018
Grafton,2390,4.0,0.0,0.2354835201764693,1,0.0
Grafton,3120,0.0,2.0,0.6394035677181402,5,3.1279149835485955
Grafton,3120,1.0,3.0,0.49628880324836144,4,6.044867384402158
Grafton,3120,2.0,0.0,0.9572262071021974,10,0.0
Grafton,3120,3.0,0.0,2.007598307800855,22,0.0
Grafton,3120,4.0,0.0,0.7230620877389767,9,0.0
Grafton,3120,5.0,0.0,0.17642102639146906,3,0.0
Grafton,3170,0.0,0.0,0.06883244183555474,1,0.0
Grafton,3170,1.0,0.0,0.06883244183555474,1,0.0
Grafton,3170,2.0,0.0,0.21436965756410306,2,0.0
Grafton,3170,3.0,1.0,0.4095944301805734,4,2.4414394491622873
Grafton,3170,4.0,0.0,0.23837102858421405,4,0.0
Great Western,1200,0.0,1.0,1.4629579717683014,9,0.6835466358553578
Great Western,1200,1.0,1.0,1.346944976625215,8,0.7424208244241057
Great Western,1200,2.0,7.0,4.0278664659882795,25,1.7378927675752718
Great Western,1200,3.0,0.0,1.685592818854644,21,0.0
Great Western,1200,4.0,0.0,0.47663776676356007,9,0.0
Great Western,1210,0.0,2.0,1.104273470178586,4,1.81114556675581
Great Western,1210,1.0,0.0,0.26730304460868026,2,0.0
Great Western,1210,2.0,1.0,0.8860096020423515,9,1.1286559397267117
Great Western,1210,3.0,1.0,1.379881050681876,12,0.7247001468031208
Great Western,1210,4.0,0.0,0.32292248361274145,4,0.0
Great Western,1210,5.0,0.0,0.039610348875765096,1,0.0
Great Western,1600,0.0,1.0,1.3704771553574613,8,0.7296728705697908
Great Western,1600,1.0,1.0,0.7161653740450253,5,1.3963255363098999
Great Western,1600,2.0,2.0,3.3840127765923294,23,0.5910143170363505
Great Western,1600,3.0,2.0,1.9326878099327107,21,1.0348282788980974
Great Western,1600,4.0,2.0,0.5966568840724733,7,3.3520102648427144
Great Western,1950,0.0,2.0,0.6396160814814028,7,3.1268757273391836
Great Western,1950,1.0,0.0,0.4729097377761712,5,0.0
Great Western,1950,2.0,2.0,1.7504404263000783,14,1.1425695898873964
Great Western,1950,3.0,3.0,3.6418995493692665,23,0.8237459488742802
Great Western,1950,4.0,0.0,0.49513420507308126,7,0.0
Griffith,1000,0.0,1.0,0.4900657131036039,4,2.040542672669271
Griffith,1000,1.0,1.0,1.1195812739604047,6,0.8931910735364498
Griffith,1000,2.0,2.0,1.202910219369978,15,1.6626344741235104
Griffith,1000,3.0,0.0,1.1562149534923856,11,0.0
Griffith,1000,4.0,0.0,0.031227840073627892,1,0.0
Griffith,1200,0.0,2.0,1.3070344284995912,8,1.5301815747087075
Griffith,1200,1.0,0.0,0.7042678048888935,8,0.0
Griffith,1200,2.0,5.0,2.7502772165709257,27,1.8179985529727989
Griffith,1200,3.0,1.0,1.3071314482022904,18,0.7650339997368352
Griffith,1200,4.0,0.0,1.8119717144674197,18,0.0
Griffith,1200,5.0,0.0,0.11931738737087945,1,0.0
Griffith,1350,0.0,2.0,0.6897324114100905,7,2.8996752463918516
Griffith,1350,1.0,1.0,0.448487598942099,3,2.2297160553799453
Griffith,1350,2.0,3.0,2.372664149162017,18,1.2644014539771873
Griffith,1350,3.0,1.0,2.1424171577062543,23,0.46676250533329117
Griffith,1350,4.0,0.0,1.1694203688950633,14,0.0
Griffith,1350,5.0,0.0,0.1772783138844759,3,0.0
Griffith,1820,0.0,1.0,0.4821047110447334,4,2.0742381833045647
Griffith,1820,1.0,0.0,0.21110245412617396,3,0.0
Griffith,1820,2.0,1.0,0.7778975376460444,8,1.2855163457979935
Griffith,1820,3.0,2.0,2.3218392455117076,16,0.8613860773807457
Griffith,1820,4.0,0.0,0.20705605167134056,4,0.0
Gunbower,1100,0.0,2.0,0.9587748364649821,6,2.0859955058624937
Gunbower,1100,1.0,3.0,1.010406190929665,7,2.9691029478349975
Gunbower,1100,2.0,1.0,2.4899733828931874,28,0.4016107187612042
Gunbower,1100,3.0,0.0,1.527567091537044,16,0.0
Gunbower,1100,4.0,0.0,0.013278498175121622,2,0.0
Gunbower,1300,0.0,1.0,0.45603544194462087,4,2.192812022977451
Gunbower,1300,1.0,0.0,0.3702780932717645,5,0.0
Gunbower,1300,2.0,2.0,1.120050932473187,8,1.7856330832954135
Gunbower,1300,3.0,1.0,1.4114097891094979,14,0.7085114526738057
Gunbower,1300,4.0,0.0,0.6027294990006107,6,0.0
Gunbower,1300,5.0,0.0,0.03949624420031856,2,0.0
Gunbower,1800,0.0,1.0,0.9170939840711692,6,1.0904007848364614
Gunbower,1800,1.0,0.0,0.6135703374009112,8,0.0
Gunbower,1800,2.0,1.0,1.7776661085971135,14,0.5625353350462271
Gunbower,1800,3.0,3.0,1.7574896778000861,21,1.7069801535080475
Gunbower,1800,4.0,1.0,0.7640844648490799,7,1.3087558326388924
Gunbower,1800,5.0,0.0,0.17009542728164018,2,0.0
Gundagai,1000,0.0,13.0,6.750868315420415,48,1.9256782079877404
Gundagai,1000,1.0,14.0,11.410754185240835,97,1.2269127677913005
Gundagai,1000,2.0,13.0,19.838688516327064,200,0.6552852518099226
Gundagai,1000,3.0,7.0,9.519635708606875,131,0.735322255416893
Gundagai,1000,4.0,1.0,0.4385222965859161,16,2.2803857586841723
Gundagai,1100,0.0,4.0,1.9073694956214124,17,2.0971290613499183
Gundagai,1100,1.0,2.0,2.8555186778772583,23,0.700398150253657
Gundagai,1100,2.0,10.0,7.024242903375654,61,1.4236409727793269
Gundagai,1100,3.0,1.0,4.609746739791086,59,0.21693165730083475
Gundagai,1100,4.0,0.0,0.5870515075809557,9,0.0
Gundagai,1100,5.0,0.0,0.016070675753633613,1,0.0
Gundagai,1180,0.0,19.0,9.367059961176436,59,2.0283845815815336
Gundagai,1180,1.0,9.0,6.815547749383493,65,1.3205101528067358
Gundagai,1180,2.0,20.0,18.696597078076223,187,1.06971337706433
Gundagai,1180,3.0,11.0,19.78572458187952,233,0.5559563893896611
Gundagai,1180,4.0,0.0,4.248491512846949,71,0.0
Gundagai,1180,5.0,0.0,0.08657911663737497,6,0.0
Gundagai,1400,0.0,12.0,7.535769438069279,70,1.5924054071211726
Gundagai,1400,1.0,8.0,6.244697013505775,66,1.2810869739072894
Gundagai,1400,2.0,22.0,22.363180770727762,189,0.9837598785945895
Gundagai,1400,3.0,22.0,26.127631644846478,281,0.8420204440665165
Gundagai,1400,4.0,6.0,6.928579612689572,123,0.8659783585384666
Gundagai,1400,5.0,0.0,0.8001415201611332,9,0.0
Gundagai,1580,0.0,2.0,0.3658288199894664,2,5.467037834956764
Gundagai,1580,1.0,0.0,0.18272039403228013,2,0.0
Gundagai,1580,2.0,0.0,0.8161135750414367,6,0.0
Gundagai,1580,3.0,0.0,0.5819496128068314,7,0.0
Gundagai,1580,4.0,0.0,0.053387598129985336,1,0.0
Gundagai,1700,0.0,0.0,0.9906751038408786,8,0.0
Gundagai,1700,1.0,1.0,1.1273762390124504,7,0.887015324073152
Gundagai,1700,2.0,3.0,2.0944464916337964,20,1.4323593426632812
Gundagai,1700,3.0,3.0,2.420076500175987,25,1.239630234739208
Gundagai,1700,4.0,1.0,1.1162277299908012,17,0.8958745362904046
Gundagai,1700,5.0,0.0,0.251197935346086,5,0.0
Gundagai,1800,0.0,1.0,3.0256099205676197,23,0.33051187240039026
Gundagai,1800,1.0,2.0,2.5477578977879562,24,0.7850039447376311
Gundagai,1800,2.0,5.0,4.362021336773372,49,1.1462575750944277
Gundagai,1800,3.0,12.0,9.008026271958702,94,1.3321453154899296
Gundagai,1800,4.0,3.0,3.6846307449461566,55,0.814192847984782
Gundagai,1800,5.0,0.0,0.37195382796619336,4,0.0
Gunnedah,900,0.0,0.0,0.20832520078104608,1,0.0
Gunnedah,900,1.0,0.0,0.3808643278447859,3,0.0
Gunnedah,900,2.0,1.0,0.28564895420635594,4,3.500800494013323
Gunnedah,900,3.0,0.0,0.1251615171678121,4,0.0
Gunnedah,1000,0.0,26.0,11.099103717866617,87,2.3425314927138565
Gunnedah,1000,1.0,16.0,19.05286803057389,179,0.8397685836234737
Gunnedah,1000,2.0,36.0,37.32353067259094,394,0.9645389745091052
Gunnedah,1000,3.0,9.0,17.923676480112288,258,0.5021291256839076
Gunnedah,1000,4.0,0.0,1.3677301716281656,38,0.0
Gunnedah,1000,5.0,0.0,0.1693628574548075,4,0.0
Gunnedah,1250,0.0,9.0,4.755631986582002,44,1.892492948443754
Gunnedah,1250,1.0,9.0,6.07232983082353,48,1.4821329293272956
Gunnedah,1250,2.0,15.0,14.101287123812485,149,1.0637326839951995
Gunnedah,1250,3.0,8.0,14.106988064338926,169,0.5670948301305514
Gunnedah,1250,4.0,3.0,4.799433820602831,73,0.6250737299724213
Gunnedah,1250,5.0,0.0,0.16432917384022602,5,0.0
Gunnedah,1300,0.0,5.0,4.084885613512134,37,1.2240244827078675
Gunnedah,1300,1.0,4.0,3.3036229940963153,34,1.210791911531108
Gunnedah,1300,2.0,15.0,12.149717054407128,99,1.2345966521548726
Gunnedah,1300,3.0,9.0,12.131072010982432,149,0.741896511029872
Gunnedah,1300,4.0,4.0,4.7751449528679615,90,0.8376709062198399
Gunnedah,1300,5.0,0.0,0.5555573741340284,18,0.0
Gunnedah,1400,0.0,13.0,5.572480489401058,48,2.3328928696522486
Gunnedah,1400,1.0,4.0,5.167290430571098,45,0.774100092445919
Gunnedah,1400,2.0,14.0,13.700122694249746,122,1.0218886584042142
Gunnedah,1400,3.0,14.0,16.45169171586183,199,0.8509763154935585
Gunnedah,1400,4.0,3.0,6.231080753491936,110,0.48145740982714463
Gunnedah,1400,5.0,0.0,0.8773339164243318,15,0.0
Gunnedah,1600,0.0,6.0,4.720256272461776,52,1.2711174253407207
Gunnedah,1600,1.0,3.0,3.9457219389798444,38,0.760317134961528
Gunnedah,1600,2.0,17.0,14.225032899210563,123,1.1950763221745124
Gunnedah,1600,3.0,20.0,16.20791792256568,188,1.233964787800088
Gunnedah,1600,4.0,4.0,10.063685622775187,147,0.3974686958570701
Gunnedah,1600,5.0,2.0,2.73272358042629,42,0.7318705830056953
Gunnedah,2050,0.0,3.0,1.4085760107573375,12,2.129810515789641
Gunnedah,2050,1.0,1.0,0.36423343720167933,7,2.7454920330290573
Gunnedah,2050,2.0,3.0,2.525469690112439,25,1.187897844011121
Gunnedah,2050,3.0,4.0,4.9363294083753395,52,0.8103186941319811
Gunnedah,2050,4.0,1.0,2.4537457171801886,31,0.4075401917152143
Gunnedah,2050,5.0,0.0,0.31164573637301657,3,0.0
Gunnedah,2150,0.0,1.0,0.8038896009084582,8,1.243951904428073
Gunnedah,2150,1.0,0.0,0.33608834928205716,5,0.0
Gunnedah,2150,2.0,2.0,1.908292705394928,18,1.048057247373952
Gunnedah,2150,3.0,3.0,3.408630266539442,30,0.880118923266413
Gunnedah,2150,4.0,2.0,1.3426056113132845,18,1.489640727811109
Gunnedah,2150,5.0,0.0,0.20049346656182943,1,0.0
Gympie,850,0.0,1.0,0.12825102325677856,2,7.797208744275232
Gympie,850,1.0,0.0,0.9500940588568413,9,0.0
Gympie,850,2.0,1.0,0.2502221653065105,2,3.9964485111662538
Gympie,850,3.0,0.0,0.6714327525798696,5,0.0
Gympie,1030,0.0,2.0,0.5510882859508824,4,3.629182566544803
Gympie,1030,1.0,0.0,0.7794224276473379,6,0.0
Gympie,1030,2.0,1.0,1.1682852983361907,9,0.8559553059720485
Gympie,1030,3.0,1.0,1.1105070120607279,8,0.9004895864136292
Gympie,1030,4.0,0.0,0.3906969760048612,7,0.0
Gympie,1170,0.0,2.0,0.9798789249995817,7,2.0410684922128044
Gympie,1170,1.0,2.0,1.6048316622772485,11,1.24623662843367
Gympie,1170,2.0,2.0,1.4785042045376808,13,1.3527185068948706
Gympie,1170,3.0,1.0,1.8665680849306,20,0.5357425791608242
Gympie,1170,4.0,0.0,0.7507480512074071,12,0.0
Gympie,1170,5.0,0.0,0.281058161905383,5,0.0
Gympie,1470,0.0,1.0,0.5660855170761989,5,1.7665175487352969
Gympie,1470,1.0,1.0,0.7293798154560743,6,1.3710277948598144
Gympie,1470,2.0,1.0,1.7195923922588412,13,0.581533161289699
Gympie,1470,3.0,2.0,1.1956887335645197,10,1.6726761270366017
Gympie,1470,4.0,0.0,0.5332105361762203,8,0.0
Gympie,1470,5.0,0.0,0.2560430054681456,4,0.0
Halidon,1000,0.0,2.0,1.6785343540402304,8,1.1915156786550136
Halidon,1000,1.0,3.0,1.2124723075618487,16,2.474283314587759
Halidon,1000,2.0,3.0,4.108184103877098,35,0.7302496490283263
Halidon,1000,3.0,0.0,0.9927872145504951,15,0.0
Halidon,1000,4.0,0.0,0.008022019970328089,1,0.0
Halidon,1200,0.0,0.0,0.528046636682808,3,0.0
Halidon,1200,1.0,1.0,0.3084194645110495,5,3.242337514544818
Halidon,1200,2.0,0.0,1.1399705894855527,11,0.0
Halidon,1200,3.0,2.0,0.7410905025343519,9,2.6987257199498296
Halidon,1200,4.0,0.0,0.27451842168619617,2,0.0
Halidon,1200,5.0,0.0,0.007954385100041933,1,0.0
Halidon,1380,0.0,1.0,0.4646982821947264,8,2.1519339285634835
Halidon,1380,1.0,0.0,1.008670499129631,8,0.0
Halidon,1380,2.0,2.0,1.9966732731453762,19,1.0016661348150282
Halidon,1380,3.0,3.0,2.641351204755205,32,1.1357823202757447
Halidon,1380,4.0,2.0,1.8620104470906074,19,1.0741078295908604
Halidon,1380,5.0,0.0,0.026596293684453993,1,0.0
Halidon,1800,0.0,1.0,0.8270995352821311,8,1.2090443257943446
Halidon,1800,1.0,1.0,0.47459766434961004,4,2.107047874688559
Halidon,1800,2.0,1.0,1.3643157923357923,17,0.7329681336371096
Halidon,1800,3.0,2.0,2.4410381877942084,26,0.8193235198041932
Halidon,1800,4.0,2.0,2.0084157653553554,25,0.9958097494052153
Halidon,1800,5.0,1.0,0.8845330548829027,11,1.1305400001500037
Hamilton,1100,0.0,16.0,10.018939083787329,61,1.5969754747677065
Hamilton,1100,1.0,8.0,7.396125154454482,64,1.0816474617363419
Hamilton,1100,2.0,25.0,21.27614519138271,188,1.1750248823327982
Hamilton,1100,3.0,11.0,18.69480152614458,239,0.5883988650329643
Hamilton,1100,4.0,1.0,3.5341634167815954,68,0.2829523941229224
Hamilton,1100,5.0,0.0,0.07982562744930417,2,0.0
Hamilton,1109,0.0,0.0,0.3482507189471934,1,0.0
Hamilton,1109,1.0,1.0,0.07598197504302401,1,13.16101614144355
Hamilton,1109,2.0,0.0,0.3010962737729771,2,0.0
Hamilton,1109,3.0,0.0,0.27467103223680545,4,0.0
Hamilton,1112,0.0,1.0,0.08345000019604441,1,11.983223458966519
Hamilton,1112,1.0,0.0,0.04908823540943789,1,0.0
Hamilton,1112,2.0,0.0,0.7064407850697401,3,0.0
Hamilton,1112,3.0,0.0,0.16102097932477763,5,0.0
Hamilton,1200,0.0,10.0,5.983622731537505,43,1.6712283592502628
Hamilton,1200,1.0,3.0,4.703952164155135,34,0.6377615875561997
Hamilton,1200,2.0,14.0,14.918196979176702,129,0.9384512095893123
Hamilton,1200,3.0,16.0,14.749049618626575,172,1.0848156602438708
Hamilton,1200,4.0,0.0,2.6347827176746215,55,0.0
Hamilton,1200,5.0,0.0,0.010395788829460153,1,0.0
Hamilton,1209,0.0,1.0,0.25398254488986416,2,3.9372784473580085
Hamilton,1209,1.0,0.0,0.5913946404031574,3,0.0
Hamilton,1209,2.0,0.0,0.2788686547092142,5,0.0
Hamilton,1209,3.0,1.0,0.7946967006680585,8,1.2583417033937023
Hamilton,1209,4.0,0.0,0.08105745932970589,2,0.0
Hamilton,1400,0.0,10.0,8.782679830287416,79,1.1386046392713314
Hamilton,1400,1.0,11.0,5.878100083496364,58,1.8713529616285587
Hamilton,1400,2.0,25.0,22.831288766937757,214,1.0949885595684279
Hamilton,1400,3.0,27.0,28.696798818997976,325,0.9408714947719307
Hamilton,1400,4.0,6.0,12.04865688457766,189,0.4979808170718206
Hamilton,1400,5.0,0.0,0.7624756157028285,19,0.0
Hamilton,1409,0.0,1.0,0.19174919710230098,3,5.215145696106803
Hamilton,1409,1.0,0.0,0.43280183590058,4,0.0
Hamilton,1409,2.0,0.0,0.27216165661930225,6,0.0
Hamilton,1409,3.0,1.0,1.4472690879012897,13,0.6909565113769669
Hamilton,1409,4.0,1.0,0.43067291771174476,4,2.3219477215173154
Hamilton,1409,5.0,0.0,0.22534530476478226,2,0.0
Hamilton,1412,0.0,0.0,0.2415399320419828,1,0.0
Hamilton,1412,2.0,1.0,0.38042539296612293,2,2.6286363068541285
Hamilton,1412,3.0,0.0,0.33777801965156373,4,0.0
Hamilton,1412,4.0,0.0,0.04025665534033047,1,0.0
Hamilton,1512,0.0,0.0,0.052359496986189774,1,0.0
Hamilton,1512,1.0,0.0,0.039892950084716015,1,0.0
Hamilton,1512,2.0,1.0,0.8415548061218616,4,1.1882767381583876
Hamilton,1512,3.0,0.0,0.0661927468072325,2,0.0
Hamilton,1600,0.0,9.0,8.007661649796894,64,1.123923611361411
Hamilton,1600,1.0,9.0,4.58678909613872,42,1.9621569275065291
Hamilton,1600,2.0,25.0,20.55525736402131,170,1.2162338596527866
Hamilton,1600,3.0,14.0,20.923724781906408,239,0.6690969292478157
Hamilton,1600,4.0,7.0,8.632350190824063,147,0.8109031544434789
Hamilton,1600,5.0,0.0,1.294216917312607,18,0.0
Hamilton,1609,0.0,0.0,0.28268352382015566,4,0.0
Hamilton,1609,1.0,0.0,0.19847316013028102,2,0.0
Hamilton,1609,2.0,2.0,1.547018318649769,9,1.2928095135586963
Hamilton,1609,3.0,1.0,1.0054189379408653,11,0.9946102686786829
Hamilton,1609,4.0,1.0,0.91998388902968,8,1.0869755567727541
Hamilton,1609,5.0,0.0,0.04642217042924913,1,0.0
Hamilton,2200,0.0,10.0,7.323420864369498,55,1.3654820862000179
Hamilton,2200,1.0,9.0,5.4889920738071405,54,1.63964528987881
Hamilton,2200,2.0,13.0,18.996380270072738,151,0.6843409015390395
Hamilton,2200,3.0,20.0,17.08175448070171,201,1.1708399170937158
Hamilton,2200,4.0,3.0,5.881494228693724,89,0.5100744612421898
Hamilton,2200,5.0,0.0,0.0795641332568291,6,0.0
Hamilton,2209,0.0,1.0,0.6948540487145943,2,1.4391511452655317
Hamilton,2209,1.0,0.0,0.02094377419635798,1,0.0
Hamilton,2209,2.0,0.0,0.10897848384729976,2,0.0
Hamilton,2209,3.0,1.0,0.880183348476086,8,1.13612692370443
Hamilton,2209,4.0,0.0,0.2950403447656619,3,0.0
Hamilton,2224,0.0,0.0,0.026838251236281183,1,0.0
Hamilton,2224,1.0,0.0,0.15127014333176667,1,0.0
Hamilton,2224,2.0,0.0,0.13816995118048622,3,0.0
Hamilton,2224,3.0,1.0,0.6837216542514659,4,1.462583485226592
Hanging Rock,1000,0.0,2.0,0.8519981327354198,10,2.347422985046707
Hanging Rock,1000,1.0,3.0,2.44261275522266,19,1.228193045985519
Hanging Rock,1000,2.0,4.0,4.562697485493397,38,0.8766743823620934
Hanging Rock,1000,3.0,0.0,1.809689401544932,25,0.0
Hanging Rock,1000,4.0,1.0,0.3330022250035912,5,3.0029829379945303
Hanging Rock,1600,0.0,1.0,0.7724655827713311,8,1.2945560582936997
Hanging Rock,1600,1.0,2.0,1.22137949589789,6,1.6374926930713796
Hanging Rock,1600,2.0,4.0,3.0096674084377737,21,1.3290505086328717
Hanging Rock,1600,3.0,1.0,2.2165481199162023,24,0.45115194703637
Hanging Rock,1600,4.0,0.0,0.7799393929768029,16,0.0
Hanging Rock,1800,0.0,2.0,1.4807340361598238,10,1.3506814533600204
Hanging Rock,1800,1.0,0.0,0.7243457922403934,9,0.0
Hanging Rock,1800,2.0,3.0,2.839526415847229,26,1.0565142071780624
Hanging Rock,1800,3.0,4.0,4.136892453184201,40,0.9669093517094375
Hanging Rock,1800,4.0,1.0,0.8185013025683524,9,1.2217451540542794
Hanging Rock,2400,0.0,2.0,0.8820249225926857,5,2.267509623334747
Hanging Rock,2400,1.0,1.0,0.852699888255031,6,1.1727455506607427
Hanging Rock,2400,2.0,1.0,1.0381063261020294,14,0.963292463263263
Hanging Rock,2400,3.0,1.0,1.847807360198499,18,0.5411819551863761
Hanging Rock,2400,4.0,0.0,0.379361502851755,6,0.0
Hawkesbury,1000,0.0,25.0,12.929238052885157,82,1.9336019568779812
Hawkesbury,1000,1.0,17.0,14.41748185597056,103,1.1791240779651107
Hawkesbury,1000,2.0,26.0,32.52306391833199,305,0.7994326753865526
Hawkesbury,1000,3.0,13.0,19.920169300250205,264,0.6526048952724872
Hawkesbury,1000,4.0,1.0,2.178053873357969,32,0.45912546619348354
Hawkesbury,1000,5.0,0.0,0.03199299920411536,1,0.0
Hawkesbury,1100,0.0,44.0,33.02778965623926,214,1.332211463678375
Hawkesbury,1100,1.0,45.0,30.52323330194803,252,1.4742868016255686
Hawkesbury,1100,2.0,80.0,81.51931048824439,750,0.9813625694434268
Hawkesbury,1100,3.0,35.0,61.70141050293807,755,0.5672479723673964
Hawkesbury,1100,4.0,10.0,7.169446197127797,148,1.3948078728878908
Hawkesbury,1100,5.0,0.0,0.05041277917687454,2,0.0
Hawkesbury,1300,0.0,47.0,29.49194398773274,212,1.5936555426644574
Hawkesbury,1300,1.0,24.0,26.287926827396223,209,0.912966631320206
Hawkesbury,1300,2.0,65.0,64.25859664123918,526,1.0115378081301734
Hawkesbury,1300,3.0,64.0,71.27593306097927,781,0.8979187960295878
Hawkesbury,1300,4.0,12.0,19.47122180025868,355,0.6162941454367582
Hawkesbury,1300,5.0,0.0,0.7971292952007619,14,0.0
Hawkesbury,1400,0.0,30.0,17.079873600132224,107,1.7564532795938113
Hawkesbury,1400,1.0,10.0,8.877951095229207,87,1.1263860200101523
Hawkesbury,1400,2.0,30.0,29.151825573783956,259,1.029095070703867
Hawkesbury,1400,3.0,28.0,34.88752471828804,379,0.8025791518915757
Hawkesbury,1400,4.0,8.0,15.971762762876018,229,0.5008839737210978
Hawkesbury,1400,5.0,1.0,0.9846978291245185,16,1.0155399660920208
Hawkesbury,1500,0.0,26.0,17.72760839894678,116,1.4666388953822271
Hawkesbury,1500,1.0,15.0,10.875617690014293,98,1.379232005716108
Hawkesbury,1500,2.0,30.0,30.395577384940964,260,0.9869856926903798
Hawkesbury,1500,3.0,34.0,40.63373927407942,401,0.8367430762565549
Hawkesbury,1500,4.0,11.0,14.983618482846836,207,0.7341350830970996
Hawkesbury,1500,5.0,0.0,1.3838387691717127,24,0.0
Hawkesbury,1600,0.0,11.0,10.458546893656937,75,1.0517713513979128
Hawkesbury,1600,1.0,9.0,6.0536265007706485,63,1.4867121383941126
Hawkesbury,1600,2.0,25.0,20.79158372657946,171,1.2024096061542728
Hawkesbury,1600,3.0,22.0,25.548419732264776,269,0.8611100111298265
Hawkesbury,1600,4.0,7.0,10.769330769237117,149,0.6499939643413766
Hawkesbury,1600,5.0,1.0,1.2502597098991983,15,0.7998338201913462
Hawkesbury,1800,0.0,10.0,7.821316161031933,72,1.2785571883441949
Hawkesbury,1800,1.0,5.0,5.3704207902938235,58,0.9310257417885578
Hawkesbury,1800,2.0,23.0,18.961021685496565,165,1.2130148038168682
Hawkesbury,1800,3.0,25.0,27.81446688822355,279,0.8988128408308564
Hawkesbury,1800,4.0,7.0,10.310315013628369,152,0.6789317291224631
Hawkesbury,1800,5.0,2.0,1.722459461325761,19,1.161130374854
Hawkesbury,2000,0.0,6.0,4.704907301729767,38,1.2752642326861765
Hawkesbury,2000,1.0,4.0,2.9803269967461703,29,1.342134606158008
Hawkesbury,2000,2.0,9.0,10.240257361617983,82,0.8788841610303024
Hawkesbury,2000,3.0,14.0,14.21236755505884,140,0.9850575525691884
Hawkesbury,2000,4.0,5.0,5.1765685237440175,64,0.9658908168733538
Hawkesbury,2000,5.0,0.0,0.3913363378770625,5,0.0
Hawkesbury,2100,0.0,2.0,1.3007389738080712,9,1.5375875100787957
Hawkesbury,2100,1.0,2.0,1.3023271893879167,8,1.5357123895570237
Hawkesbury,2100,2.0,4.0,2.1256145380651588,20,1.8818087326599682
Hawkesbury,2100,3.0,1.0,2.544798023877355,28,0.39295849439412894
Hawkesbury,2100,4.0,0.0,1.7265212748614986,18,0.0
Hobart,1000,0.0,5.0,3.272871659389492,22,1.5277103780270684
Hobart,1000,1.0,6.0,5.426033642381685,35,1.1057800956365578
Hobart,1000,2.0,9.0,8.171303953705507,78,1.1014153984467432
Hobart,1000,3.0,2.0,4.166450654113345,59,0.48002488593630455
Hobart,1000,4.0,0.0,0.9633400904099712,15,0.0
Hobart,1100,0.0,24.0,18.36488850232229,139,1.3068415850695272
Hobart,1100,1.0,23.0,18.727698120660904,167,1.2281274426687696
Hobart,1100,2.0,50.0,52.51902012203166,484,0.9520360411108482
Hobart,1100,3.0,38.0,40.96762335768845,549,0.927561739870089
Hobart,1100,4.0,3.0,6.94357110576025,141,0.432054335486139
Hobart,1100,5.0,0.0,0.34259420057044176,8,0.0
Hobart,1200,0.0,35.0,23.26553579621494,193,1.5043711138470377
Hobart,1200,1.0,21.0,22.557946930968846,181,0.9309357834852423
Hobart,1200,2.0,70.0,62.09682500912069,592,1.1272718047938601
Hobart,1200,3.0,50.0,62.555321147149286,808,0.7992925155381215
Hobart,1200,4.0,17.0,21.536802294707044,361,0.7893465226347913
Hobart,1200,5.0,0.0,0.9875688218391933,31,0.0
Hobart,1380,0.0,2.0,0.7832232469571953,5,2.5535503546019034
Hobart,1380,1.0,0.0,0.27123854422856547,2,0.0
Hobart,1380,2.0,1.0,1.5015883149305969,14,0.6659614956088812
Hobart,1380,3.0,1.0,2.1601143650418724,23,0.4629384518632261
Hobart,1380,4.0,1.0,0.2838355288417699,8,3.5231671104764026
Hobart,1390,0.0,7.0,4.560714213238944,35,1.5348473227461266
Hobart,1390,1.0,1.0,2.2630817563774936,23,0.44187533092074244
Hobart,1390,2.0,7.0,10.438904089685863,92,0.6705684753743771
Hobart,1390,3.0,15.0,12.039838284986939,138,1.2458639098752873
Hobart,1390,4.0,4.0,5.3639128694782965,82,0.745724268334181
Hobart,1390,5.0,1.0,0.3335487862324646,9,2.9980621764369326
Hobart,1400,0.0,20.0,12.768197668267378,115,1.5663917899474347
Hobart,1400,1.0,13.0,10.61143151900222,96,1.22509389771969
Hobart,1400,2.0,26.0,32.16117098140226,295,0.8084282756692828
Hobart,1400,3.0,41.0,41.85491348022227,448,0.9795743579633429
Hobart,1400,4.0,14.0,15.777110929200308,238,0.8873614480385488
Hobart,1400,5.0,1.0,1.8271754219055627,34,0.5472928258618427
Hobart,1410,0.0,0.0,0.22845840941825324,3,0.0
Hobart,1410,1.0,0.0,0.44210428662696555,3,0.0
Hobart,1410,2.0,2.0,0.7982650431901421,7,2.5054335236919694
Hobart,1410,3.0,1.0,1.3703993325844137,13,0.7297143075180257
Hobart,1410,4.0,0.0,0.1607729281802253,2,0.0
Hobart,1420,0.0,0.0,0.0844097177961603,1,0.0
Hobart,1420,2.0,0.0,0.17696080497852434,2,0.0
Hobart,1420,3.0,1.0,0.6503258587570108,4,1.5376906615882273
Hobart,1420,4.0,0.0,0.08830361846830459,2,0.0
Hobart,1430,0.0,9.0,5.232012783689251,46,1.7201792832115035
Hobart,1430,1.0,4.0,3.652783774411521,39,1.0950552365077828
Hobart,1430,2.0,13.0,13.713602685120355,122,0.9479638792587571
Hobart,1430,3.0,14.0,15.985950835959734,158,0.8757689888866403
Hobart,1430,4.0,6.0,6.276574237218392,63,0.955935479010448
Hobart,1430,5.0,0.0,1.1390756836007456,11,0.0
Hobart,1450,0.0,0.0,0.9002724530413891,10,0.0
Hobart,1450,1.0,1.0,0.6325114806498663,6,1.5809989709160095
Hobart,1450,2.0,3.0,2.6113919743559504,21,1.1488125985911757
Hobart,1450,3.0,5.0,4.521144146465646,38,1.1059147503422766
Hobart,1450,4.0,1.0,1.2832151629429045,10,0.7792925371195089
Hobart,1450,5.0,0.0,0.05146478254424284,2,0.0
Hobart,1600,0.0,18.0,12.770334261626585,115,1.4095167464870493
Hobart,1600,1.0,8.0,9.139643134807985,86,0.8753076987800873
Hobart,1600,2.0,37.0,31.09040629545367,289,1.1900777252116672
Hobart,1600,3.0,37.0,37.37579208424566,427,0.9899455753767407
Hobart,1600,4.0,12.0,20.716419467560304,238,0.5792506769227528
Hobart,1600,5.0,3.0,3.7384597650509237,53,0.8024695164692071
Hobart,1650,0.0,0.0,0.29680091283301924,2,0.0
Hobart,1650,2.0,0.0,0.2612714709157446,3,0.0
Hobart,1650,3.0,1.0,0.8875233310007222,7,1.126730943368503
Hobart,1650,4.0,1.0,0.4777756736283952,4,2.0930324735992754
Hobart,1650,5.0,0.0,0.07662861162211881,2,0.0
Hobart,2000,0.0,0.0,0.2318601808821864,3,0.0
Hobart,2000,1.0,0.0,0.15122690954771367,2,0.0
Hobart,2000,2.0,2.0,1.0327851249699924,9,1.93651123708633
Hobart,2000,3.0,0.0,0.687733487581071,10,0.0
Hobart,2000,4.0,1.0,0.8924750453860536,9,1.1204795082729007
Hobart,2000,5.0,0.0,0.003919251632982894,1,0.0
Hobart,2020,0.0,1.0,0.7546238014838038,4,1.325163608719626
Hobart,2020,1.0,1.0,0.22512397127808562,2,4.441996977588604
Hobart,2020,2.0,0.0,0.8841375110783302,8,0.0
Hobart,2020,3.0,1.0,1.1281986735903056,15,0.8863687073994383
Hobart,2020,4.0,1.0,0.9000845225867107,10,1.111006772037527
Hobart,2020,5.0,0.0,0.10783151998276419,1,0.0
Hobart,2040,0.0,0.0,0.20321863577824542,2,0.0
Hobart,2040,1.0,0.0,0.10799035345374296,2,0.0
Hobart,2040,2.0,1.0,0.19967831225321744,2,5.008055149884646
Hobart,2040,3.0,1.0,1.1526463671462763,9,0.8675687778167397
Hobart,2040,4.0,0.0,0.061252255843375486,3,0.0
Hobart,2040,5.0,0.0,0.2752140755251421,3,0.0
Hobart,2050,0.0,0.0,0.1966413677308563,2,0.0
Hobart,2050,2.0,0.0,0.24293816056798684,3,0.0
Hobart,2050,3.0,2.0,1.002479219997178,6,1.9950538226673966
Hobart,2050,4.0,0.0,0.557941251703979,6,0.0
Hobart,2100,0.0,4.0,4.975157242726783,47,0.8039946889814644
Hobart,2100,1.0,6.0,3.3377771334296304,37,1.7976035427610724
Hobart,2100,2.0,18.0,12.171474599461009,109,1.478867646882909
Hobart,2100,3.0,10.0,18.452392044747587,171,0.5419351580949348
Hobart,2100,4.0,8.0,7.129933470035545,84,1.1220301049962136
Hobart,2100,5.0,1.0,0.8828164186574207,18,1.1327383347953486
Hobart,2200,0.0,0.0,0.5796457419578852,12,0.0
Hobart,2200,1.0,2.0,1.3810059124708718,11,1.4482197229855698
Hobart,2200,2.0,6.0,4.597828014846617,40,1.304963991829555
Hobart,2200,3.0,4.0,4.536525210635301,48,0.8817321218942007
Hobart,2200,4.0,0.0,0.8625695480603244,16,0.0
Hobart,2400,0.0,2.0,1.0057909822569793,8,1.9884847202666613
Hobart,2400,1.0,0.0,0.1515903065332992,3,0.0
Hobart,2400,2.0,2.0,2.3150413274981636,19,0.8639154628662181
Hobart,2400,3.0,2.0,2.603055986538916,29,0.7683276926591375
Hobart,2400,4.0,2.0,1.417838589396437,15,1.4105978035563165
Hobart,2400,5.0,0.0,0.506682807776205,4,0.0
Home Hill,1000,0.0,6.0,4.014225929271097,19,1.4946841821355779
Home Hill,1000,1.0,4.0,4.259432214906293,38,0.9390923010821994
Home Hill,1000,2.0,7.0,6.815655697341191,70,1.0270471853105376
Home Hill,1000,3.0,2.0,3.523130816622053,41,0.5676769055988623
Home Hill,1000,4.0,0.0,0.3875553418593655,11,0.0
Home Hill,1180,0.0,4.0,1.8635256295781668,15,2.1464690029004063
Home Hill,1180,1.0,1.0,1.7317504670508865,14,0.5774504000584835
Home Hill,1180,2.0,5.0,5.680949945086386,40,0.8801344930568594
Home Hill,1180,3.0,4.0,3.8223988852104545,47,1.046463260408723
Home Hill,1180,4.0,1.0,1.653169695715863,27,0.6048985791304234
Home Hill,1180,5.0,0.0,0.24820537735824338,3,0.0
Home Hill,1460,0.0,4.0,2.0100245358440194,12,1.9900254592267352
Home Hill,1460,1.0,1.0,0.8333308052580655,7,1.2000036404394296
Home Hill,1460,2.0,1.0,3.1635454903161326,29,0.31610103381193044
Home Hill,1460,3.0,5.0,4.232849734555131,46,1.1812373019486588
Home Hill,1460,4.0,1.0,1.4277756499306309,16,0.700390148864484
Home Hill,1460,5.0,0.0,0.3324737840960206,2,0.0
Home Hill,1830,0.0,0.0,0.16364148156738773,4,0.0
Home Hill,1830,1.0,1.0,0.9193568629927685,4,1.0877169032542109
Home Hill,1830,2.0,1.0,1.6116510308236605,10,0.6204817177381966
Home Hill,1830,3.0,1.0,1.180572428627255,17,0.8470467171275372
Home Hill,1830,4.0,1.0,0.12477819598892831,4,8.014220690357881
Horsham,1100,0.0,14.0,5.867884629894798,46,2.3858683125218496
Horsham,1100,1.0,2.0,6.226351932657161,54,0.32121537966879415
Horsham,1100,2.0,22.0,18.936360730150977,148,1.161786064044028
Horsham,1100,3.0,7.0,11.781079198795753,163,0.5941730703852267
Horsham,1100,4.0,1.0,2.661396525291282,45,0.37574258119637133
Horsham,1100,5.0,0.0,0.5269269832100284,2,0.0
Horsham,1200,0.0,3.0,4.113143718908933,27,0.729369116427517
Horsham,1200,1.0,3.0,2.3812578345993503,21,1.259838374665024
Horsham,1200,2.0,11.0,8.290645411022943,67,1.32679658273345
Horsham,1200,3.0,9.0,8.947247558559036,105,1.0058959407455426
Horsham,1200,4.0,1.0,3.0660397170788123,56,0.32615363539802933
Horsham,1200,5.0,0.0,0.20166575983092533,7,0.0
Horsham,1400,0.0,13.0,6.255827516894924,58,2.078062408992462
Horsham,1400,1.0,8.0,4.494091148353455,43,1.7801152081508271
Horsham,1400,2.0,22.0,19.49961674379406,157,1.1282273025700216
Horsham,1400,3.0,14.0,20.783468803586842,235,0.6736122892817517
Horsham,1400,4.0,1.0,6.2489776035473215,137,0.16002617763141538
Horsham,1400,5.0,0.0,0.691859620080613,14,0.0
Horsham,1800,0.0,12.0,5.560416805355823,43,2.1581115984761317
Horsham,1800,1.0,2.0,3.7943449035094012,25,0.5271002111985639
Horsham,1800,2.0,8.0,10.77861586513422,92,0.7422103264555278
Horsham,1800,3.0,12.0,13.372133378433382,156,0.897388596149784
Horsham,1800,4.0,8.0,8.893468063789083,110,0.899536597266599
Horsham,1800,5.0,1.0,0.6010209837780883,18,1.6638354183807076
Horsham,2100,0.0,2.0,2.7533944375431116,21,0.7263761314868584
Horsham,2100,1.0,3.0,1.9406675325376639,16,1.5458598393085534
Horsham,2100,2.0,7.0,6.801320545988126,52,1.0292118938768542
Horsham,2100,3.0,9.0,7.748972397596854,82,1.1614443229648257
Horsham,2100,4.0,0.0,1.6092112890228052,34,0.0
Horsham,2100,5.0,0.0,0.06420361682886538,2,0.0
Illawarra Grange,1150,0.0,2.0,0.8434995243350847,6,2.3710742475836764
Illawarra Grange,1150,1.0,0.0,0.342075736016487,8,0.0
Illawarra Grange,1150,2.0,2.0,2.5533611397692777,15,0.783281287104072
Illawarra Grange,1150,3.0,0.0,1.0340924686828714,17,0.0
Illawarra Grange,1150,4.0,2.0,1.2269711311962794,10,1.630030201321875
Illawarra Grange,1200,0.0,2.0,0.46668307394220354,4,4.285563611950688
Illawarra Grange,1200,1.0,1.0,0.9028062086979289,5,1.1076574245565376
Illawarra Grange,1200,2.0,0.0,1.0100838232382312,13,0.0
Illawarra Grange,1200,3.0,1.0,1.510716259556404,18,0.6619376694162495
Illawarra Grange,1200,4.0,0.0,0.10971063456523199,4,0.0
Illawarra Grange,1300,0.0,1.0,0.5597771128063764,4,1.7864253059340318
Illawarra Grange,1300,1.0,0.0,0.4559556471616115,4,0.0
Illawarra Grange,1300,2.0,0.0,0.6776066677585055,8,0.0
Illawarra Grange,1300,3.0,3.0,1.973870709741938,12,1.5198563843080772
Illawarra Grange,1300,4.0,0.0,0.33278986253156867,7,0.0
Illawarra Grange,1400,0.0,0.0,0.472296517915886,4,0.0
Illawarra Grange,1400,1.0,0.0,0.6907426561718776,4,0.0
Illawarra Grange,1400,2.0,2.0,1.2655491671974193,12,1.5803416033444477
Illawarra Grange,1400,3.0,2.0,1.526817648820577,17,1.3099141220596597
Illawarra Grange,1400,4.0,0.0,0.04459400989424043,5,0.0
Illawarra Grange,1450,0.0,2.0,1.007176890553359,8,1.9857485003465165
Illawarra Grange,1450,1.0,0.0,0.3482213066860552,5,0.0
Illawarra Grange,1450,2.0,3.0,3.382595633123088,21,0.8868928850446589
Illawarra Grange,1450,3.0,2.0,1.9627996509887369,27,1.0189526979957042
Illawarra Grange,1450,4.0,1.0,1.1822146977730796,10,0.8458700453341388
Illawarra Grange,1450,5.0,0.0,0.11699182087568147,1,0.0
Illawarra Grange,2000,0.0,0.0,0.055371950128258664,1,0.0
Illawarra Grange,2000,2.0,1.0,0.09228658354709778,1,10.835811247575954
Illawarra Grange,2000,3.0,0.0,0.48678637475392234,3,0.0
Illawarra Grange,2000,4.0,0.0,0.36555509157072125,4,0.0
Innisfail,1100,0.0,1.0,0.22530980005508705,3,4.438333351480963
Innisfail,1100,1.0,0.0,0.6631927532942792,4,0.0
Innisfail,1100,2.0,1.0,1.5816825889542154,12,0.6322381032601395
Innisfail,1100,3.0,1.0,0.4901910403886446,7,2.0400209665341027
Innisfail,1100,4.0,0.0,0.039623817307773666,1,0.0
Innisfail,1200,0.0,4.0,1.6275881175298936,13,2.4576242336240406
Innisfail,1200,1.0,3.0,1.6474903503567857,14,1.820951484996747
Innisfail,1200,2.0,4.0,4.428679680537113,42,0.903203728546671
Innisfail,1200,3.0,2.0,3.9629947900778824,42,0.5046688441295415
Innisfail,1200,4.0,0.0,1.324395616689779,18,0.0
Innisfail,1200,5.0,0.0,0.008851444808546544,1,0.0
Innisfail,1500,0.0,1.0,0.628038386176184,6,1.5922593618656127
Innisfail,1500,1.0,1.0,0.681646199260445,7,1.4670367135985711
Innisfail,1500,2.0,2.0,1.6237140314948808,14,1.231743990140117
Innisfail,1500,3.0,2.0,2.6149794946230585,21,0.7648243529681268
Innisfail,1500,4.0,0.0,0.4316372884834846,11,0.0
Innisfail,1500,5.0,0.0,0.01998459996194725,1,0.0
Innisfail,1800,0.0,0.0,0.15104469572081622,1,0.0
Innisfail,1800,1.0,0.0,0.01025612131437641,1,0.0
Innisfail,1800,2.0,0.0,0.0966933666868504,2,0.0
Innisfail,1800,3.0,1.0,0.34452946968888487,4,2.9025093293267905
Innisfail,1800,4.0,0.0,0.37721425326067,3,0.0
Innisfail,1800,5.0,0.0,0.02026209332840218,1,0.0
Inverell,1010,0.0,0.0,0.010161651282290556,1,0.0
Inverell,1010,1.0,1.0,0.4332072388765974,1,2.3083640120908924
Inverell,1010,2.0,0.0,0.4797671323210952,6,0.0
Inverell,1010,3.0,0.0,0.06670232623772629,3,0.0
Inverell,1010,4.0,0.0,0.010161651282290556,1,0.0
Inverell,1050,0.0,12.0,5.120236007339298,39,2.343641969393464
Inverell,1050,1.0,7.0,8.454434782453072,64,0.827967827551085
Inverell,1050,2.0,12.0,12.998152936948843,142,0.9232080941199368
Inverell,1050,3.0,7.0,9.978572577480666,138,0.7015031404188394
Inverell,1050,4.0,1.0,2.4369642062590047,35,0.41034660970056047
Inverell,1050,5.0,0.0,0.01163948951911631,1,0.0
Inverell,1100,0.0,2.0,0.4444756770253594,3,4.499683792339194
Inverell,1100,1.0,0.0,0.35686311794470627,2,0.0
Inverell,1100,2.0,0.0,1.308516957608222,7,0.0
Inverell,1100,3.0,1.0,0.7360587085210475,11,1.358587281725511
Inverell,1100,4.0,0.0,0.15408553890066498,3,0.0
Inverell,1200,0.0,12.0,5.217489340088099,37,2.2999567833898777
Inverell,1200,1.0,0.0,4.225199555994885,39,0.0
Inverell,1200,2.0,13.0,10.473149238828524,100,1.2412694313381252
Inverell,1200,3.0,9.0,11.503569919749163,145,0.7823658275461889
Inverell,1200,4.0,3.0,4.826985394209348,79,0.6215059203615831
Inverell,1200,5.0,0.0,0.7536065511299802,15,0.0
Inverell,1400,0.0,8.0,5.517163951827592,41,1.450020349195886
Inverell,1400,1.0,6.0,3.807361256315482,28,1.5758945884232725
Inverell,1400,2.0,12.0,9.00171062349216,99,1.3330799557900774
Inverell,1400,3.0,10.0,12.69831180710129,153,0.7875062568874462
Inverell,1400,4.0,3.0,8.094155046040102,130,0.37063782234659415
Inverell,1400,5.0,2.0,1.8812973152233743,34,1.06309618570977
Inverell,1520,0.0,1.0,0.2245353726882981,1,4.453641259402849
Inverell,1520,1.0,0.0,0.06736061180648942,1,0.0
Inverell,1520,2.0,0.0,0.03644267434462138,2,0.0
Inverell,1520,3.0,0.0,0.3444812266719281,4,0.0
Inverell,1520,4.0,0.0,0.32718011448866297,2,0.0
Inverell,1600,0.0,4.0,2.7558960262561043,17,1.451433567119735
Inverell,1600,1.0,0.0,0.9894985015793039,7,0.0
Inverell,1600,2.0,4.0,4.008103488918015,39,0.9979782236310963
Inverell,1600,3.0,6.0,6.248656754358838,60,0.960206366882709
Inverell,1600,4.0,3.0,1.906842766800693,34,1.573281264838322
Inverell,1600,5.0,0.0,1.0910024620870455,16,0.0
Inverell,1800,0.0,0.0,0.8137383354714682,10,0.0
Inverell,1800,1.0,2.0,1.406063117445809,9,1.422411252514119
Inverell,1800,2.0,4.0,2.682497317036734,22,1.4911478101378561
Inverell,1800,3.0,3.0,3.5665861320232874,37,0.84114048811661
Inverell,1800,4.0,1.0,1.5311150980227015,21,0.6531187637633583
Ipswich,800,0.0,6.0,4.729462626586476,32,1.26864307295109
Ipswich,800,1.0,4.0,7.990125041088178,67,0.5006179477080172
Ipswich,800,2.0,14.0,12.023354208170163,112,1.1644005289710802
Ipswich,800,3.0,6.0,5.221247042169902,74,1.1491507587249608
Ipswich,800,4.0,1.0,1.035811081985281,8,0.9654270140490832
Ipswich,1000,0.0,1.0,0.42540436073627563,5,2.3507046290480744
Ipswich,1000,1.0,1.0,0.6692955212216976,9,1.494108309845928
Ipswich,1000,2.0,3.0,2.8421656201338683,19,1.0555331395003988
Ipswich,1000,3.0,0.0,1.0290484949542067,14,0.0
Ipswich,1000,4.0,0.0,0.03408600295395176,2,0.0
Ipswich,1010,0.0,0.0,0.032069077475206945,1,0.0
Ipswich,1010,1.0,0.0,0.05955685816824147,1,0.0
Ipswich,1010,2.0,0.0,0.42579023631213553,4,0.0
Ipswich,1010,3.0,1.0,0.3309845527070741,2,3.0212890354584427
Ipswich,1010,5.0,0.0,0.15159927533734194,1,0.0
Ipswich,1030,0.0,0.0,0.09283312576233907,1,0.0
Ipswich,1030,1.0,0.0,0.17505675143755367,2,0.0
Ipswich,1030,2.0,1.0,0.7051585701594281,5,1.4181207494562702
Ipswich,1030,3.0,0.0,0.026951552640679083,1,0.0
Ipswich,1080,0.0,1.0,0.03205045084725208,1,31.20080914823503
Ipswich,1080,2.0,0.0,0.6153243468881884,4,0.0
Ipswich,1080,3.0,0.0,0.3389643543624521,4,0.0
Ipswich,1080,4.0,0.0,0.013660847902107445,1,0.0
Ipswich,1100,0.0,68.0,40.03370099895064,231,1.6985689132709065
Ipswich,1100,1.0,38.0,31.577803805559956,255,1.203376911009539
Ipswich,1100,2.0,84.0,81.13994094554971,691,1.0352484734536542
Ipswich,1100,3.0,40.0,64.7711430810453,779,0.6175589637186077
Ipswich,1100,4.0,1.0,12.25183851930806,202,0.08162040320920556
Ipswich,1100,5.0,0.0,0.020185212881290233,2,0.0
Ipswich,1150,0.0,0.0,0.04905189010379279,1,0.0
Ipswich,1150,1.0,0.0,0.08338821317644775,1,0.0
Ipswich,1150,2.0,0.0,0.008256258730341361,1,0.0
Ipswich,1150,3.0,1.0,0.5505527799335102,5,1.8163562812647487
Ipswich,1150,4.0,0.0,0.30875085805590785,3,0.0
Ipswich,1200,0.0,88.0,47.31865703657431,333,1.8597315627952333
Ipswich,1200,1.0,51.0,42.056294455889024,331,1.2126603320578238
Ipswich,1200,2.0,90.0,104.5277787724044,888,0.8610151392957776
Ipswich,1200,3.0,91.0,107.75311283144508,1261,0.8445231660485627
Ipswich,1200,4.0,13.0,30.286232215516684,524,0.4292379424251938
Ipswich,1200,5.0,0.0,1.057924688170506,24,0.0
Ipswich,1240,0.0,1.0,0.6828942703149778,5,1.4643555283290932
Ipswich,1240,1.0,0.0,0.1206937165382252,4,0.0
Ipswich,1240,2.0,1.0,1.7177737736823726,13,0.5821488343347513
Ipswich,1240,3.0,1.0,1.7995515310642458,22,0.5556940063886945
Ipswich,1240,4.0,2.0,0.6790867084001784,11,2.9451320063555446
Ipswich,1350,0.0,83.0,55.96178210818665,437,1.4831550546325067
Ipswich,1350,1.0,42.0,45.833232014156145,387,0.9163656620817793
Ipswich,1350,2.0,141.0,129.36906434780047,1096,1.0899050766953875
Ipswich,1350,3.0,125.0,144.5927175654471,1658,0.86449720362591
Ipswich,1350,4.0,45.0,57.57979877407533,954,0.7815240927910425
Ipswich,1350,5.0,1.0,3.663405190334336,104,0.27297007784954747
Ipswich,1500,0.0,3.0,1.0619422453330825,7,2.825012389500559
Ipswich,1500,1.0,0.0,0.3814079571092959,4,0.0
Ipswich,1500,2.0,2.0,2.25203590218484,13,0.8880853089685097
Ipswich,1500,3.0,1.0,2.2321599108423413,22,0.4479965772804485
Ipswich,1500,4.0,1.0,0.9790742076177176,15,1.0213730401837458
Ipswich,1525,0.0,0.0,0.5579029456668565,3,0.0
Ipswich,1525,1.0,0.0,0.5267402494244396,3,0.0
Ipswich,1525,2.0,1.0,0.5116007963568894,7,1.9546490293232588
Ipswich,1525,3.0,1.0,0.7688070029196719,9,1.3007165598158374
Ipswich,1525,4.0,1.0,0.626658689399924,5,1.5957649944303498
Ipswich,1535,0.0,0.0,0.18900557463028872,1,0.0
Ipswich,1535,1.0,0.0,0.151204459704231,1,0.0
Ipswich,1535,2.0,0.0,0.2788882256766927,3,0.0
Ipswich,1535,3.0,1.0,0.3132660817406079,3,3.192174506871845
Ipswich,1535,4.0,0.0,0.0676356582481797,2,0.0
Ipswich,1600,0.0,0.0,0.1884040607696003,1,0.0
Ipswich,1600,1.0,0.0,0.026741221528588432,1,0.0
Ipswich,1600,2.0,0.0,0.33849929584938193,2,0.0
Ipswich,1600,3.0,1.0,0.44086550220086473,4,2.2682654800791955
Ipswich,1600,5.0,0.0,0.005489919651564513,1,0.0
Ipswich,1666,0.0,18.0,10.108779618150802,96,1.780630370819454
Ipswich,1666,1.0,5.0,8.444897270937199,70,0.592073513695343
Ipswich,1666,2.0,19.0,22.95095353811671,212,0.8278523142162696
Ipswich,1666,3.0,39.0,37.78149234624874,383,1.0322514431823984
Ipswich,1666,4.0,15.0,15.717949557289849,241,0.9543229506703137
Ipswich,1666,5.0,0.0,0.9287897399225636,34,0.0
Ipswich,1670,0.0,1.0,0.646129030453513,6,1.5476784865990432
Ipswich,1670,1.0,1.0,0.32334667812730256,5,3.092655863334081
Ipswich,1670,2.0,2.0,1.538882695285935,13,1.2996442198788818
Ipswich,1670,3.0,0.0,2.3179959475626353,22,0.0
Ipswich,1670,4.0,2.0,1.0976590104587964,16,1.8220594747033922
Ipswich,1670,5.0,0.0,0.07598663811181809,1,0.0
Ipswich,1675,0.0,0.0,0.21835610866934899,1,0.0
Ipswich,1675,1.0,1.0,0.3687418799221366,2,2.711924124840823
Ipswich,1675,2.0,0.0,0.0897686224529546,1,0.0
Ipswich,1675,3.0,0.0,0.19348792555559727,4,0.0
Ipswich,1675,4.0,0.0,0.12964546339996247,2,0.0
Ipswich,1680,0.0,7.0,5.235450543986771,56,1.3370387020540035
Ipswich,1680,1.0,4.0,4.902353783391012,35,0.8159345850460339
Ipswich,1680,2.0,12.0,14.3387383382123,123,0.8368937152594776
Ipswich,1680,3.0,26.0,21.59417632771831,202,1.204028327147925
Ipswich,1680,4.0,4.0,8.69217706264923,123,0.46018390688199656
Ipswich,1680,5.0,3.0,1.2371039440423774,20,2.425018539830339
Ipswich,1690,0.0,10.0,5.381274013813051,48,1.8582960046879722
Ipswich,1690,1.0,6.0,3.788746178118166,40,1.5836373612602739
Ipswich,1690,2.0,17.0,13.55919448437455,96,1.2537617938580785
Ipswich,1690,3.0,13.0,15.45011709339078,180,0.8414175712338849
Ipswich,1690,4.0,2.0,9.27786070853632,132,0.2155669353992189
Ipswich,1690,5.0,0.0,0.542807521767131,12,0.0
Ipswich,1700,0.0,6.0,6.306886383540854,56,0.9513410635806381
Ipswich,1700,1.0,6.0,5.612265807975214,45,1.069086925903225
Ipswich,1700,2.0,17.0,15.612730717874893,129,1.0888550060327904
Ipswich,1700,3.0,20.0,22.278256449096357,221,0.8977363217672824
Ipswich,1700,4.0,7.0,5.936296680172908,111,1.1791863475051434
Ipswich,1700,5.0,0.0,0.25356396133977505,8,0.0
Ipswich,1705,0.0,0.0,0.041048357487687495,1,0.0
Ipswich,1705,2.0,0.0,0.5502405925988842,2,0.0
Ipswich,1705,3.0,1.0,0.3492104109321382,4,2.8636030561939037
Ipswich,1705,4.0,0.0,0.059500638981289905,2,0.0
Ipswich,1710,0.0,6.0,4.430024241619477,32,1.3543943944213248
Ipswich,1710,1.0,0.0,1.6108744529725365,21,0.0
Ipswich,1710,2.0,5.0,7.6456562093707,65,0.6539661035074896
Ipswich,1710,3.0,17.0,12.775321052408254,115,1.3306906284594202
Ipswich,1710,4.0,4.0,5.178596930679194,72,0.7724099893357377
Ipswich,1710,5.0,0.0,0.35952711294984,7,0.0
Ipswich,1950,0.0,1.0,0.39938405688300055,3,2.5038555815285077
Ipswich,1950,1.0,0.0,0.31257438203468485,1,0.0
Ipswich,1950,2.0,0.0,0.6381740367598668,3,0.0
Ipswich,1950,3.0,0.0,0.5989797524433425,10,0.0
Ipswich,1950,4.0,2.0,0.7773361765656434,8,2.57288938852199
Ipswich,1950,5.0,0.0,0.27355159531346207,2,0.0
Ipswich,1960,0.0,0.0,0.04799913048528192,1,0.0
Ipswich,1960,1.0,0.0,0.13599753637496542,1,0.0
Ipswich,1960,2.0,0.0,0.2808260816054481,3,0.0
Ipswich,1960,3.0,1.0,0.5351772515343046,5,1.868539810190158
Ipswich,1975,0.0,0.0,0.05109893086274481,1,0.0
Ipswich,1975,1.0,0.0,0.019941046190339436,1,0.0
Ipswich,1975,2.0,0.0,0.3114601500205397,2,0.0
Ipswich,1975,3.0,1.0,0.3687138540684331,3,2.712130257558482
Ipswich,1975,4.0,0.0,0.24878601885794294,3,0.0
Ipswich,1980,0.0,1.0,0.4504089178953271,2,2.2202047079192053
Ipswich,1980,1.0,0.0,0.24254224221313475,1,0.0
Ipswich,1980,2.0,1.0,0.5198757127257629,5,1.9235366752505036
Ipswich,1980,3.0,0.0,0.5862353738926284,7,0.0
Ipswich,1980,4.0,0.0,0.20093775327314695,2,0.0
Ipswich,1990,0.0,0.0,0.11630462800888508,1,0.0
Ipswich,1990,1.0,0.0,0.031312784463930605,1,0.0
Ipswich,1990,2.0,1.0,0.5641251841367418,5,1.7726561907181293
Ipswich,1990,3.0,0.0,0.2882574033904425,2,0.0
Ipswich,2000,0.0,1.0,0.46903443887696217,2,2.1320396054378463
Ipswich,2000,1.0,0.0,0.2361077226809873,2,0.0
Ipswich,2000,2.0,1.0,0.4115135999333544,3,2.430053344924572
Ipswich,2000,3.0,0.0,0.7490421125466795,8,0.0
Ipswich,2000,4.0,0.0,0.13430212596201652,3,0.0
Ipswich,2010,0.0,0.0,0.04818155979050305,1,0.0
Ipswich,2010,1.0,1.0,0.043109816654660627,1,23.19657279015334
Ipswich,2010,2.0,0.0,0.230833472814501,2,0.0
Ipswich,2010,3.0,0.0,0.5488069723924422,4,0.0
Ipswich,2010,4.0,0.0,0.12906817834789303,2,0.0
Ipswich,2100,0.0,0.0,0.16443360987210043,1,0.0
Ipswich,2100,1.0,1.0,0.17873218464358745,1,5.594963223854255
Ipswich,2100,2.0,0.0,0.01347816474361479,1,0.0
Ipswich,2100,3.0,0.0,0.3150911419117789,4,0.0
Ipswich,2100,4.0,0.0,0.32826489882891846,2,0.0
Ipswich,2150,0.0,11.0,4.8184670054246626,43,2.282883744480584
Ipswich,2150,1.0,3.0,3.3058386504219612,33,0.9074853062223942
Ipswich,2150,2.0,11.0,10.784330213691048,101,1.0199984405183693
Ipswich,2150,3.0,12.0,15.381885745095769,161,0.7801384172825481
Ipswich,2150,4.0,6.0,8.592377773152462,125,0.698293319777845
Ipswich,2150,5.0,0.0,0.11710061221409666,8,0.0
Ipswich,2160,0.0,0.0,0.32521092917209,4,0.0
Ipswich,2160,1.0,0.0,0.44736935110013304,3,0.0
Ipswich,2160,2.0,1.0,0.9327595166391449,7,1.0720876948038347
Ipswich,2160,3.0,2.0,1.1543889653860357,13,1.7325182932004084
Ipswich,2160,4.0,1.0,1.0912311616587211,8,0.9163961176474784
Ipswich,2160,5.0,0.0,0.04904007604387513,1,0.0
Ipswich,2170,0.0,1.0,1.120648714403012,11,0.8923402910721372
Ipswich,2170,1.0,1.0,1.8353355931819297,11,0.5448594816745723
Ipswich,2170,2.0,5.0,3.303419474830395,25,1.5135831335064438
Ipswich,2170,3.0,3.0,3.5572205062304687,42,0.8433550843265135
Ipswich,2170,4.0,1.0,1.1833757113541945,25,0.8450401596088627
Ipswich,2180,0.0,3.0,1.9249588697744637,19,1.558474857362273
Ipswich,2180,1.0,4.0,1.9466754499142929,16,2.0547852494755148
Ipswich,2180,2.0,4.0,4.367075044414545,37,0.9159448737012131
Ipswich,2180,3.0,5.0,6.933705488723054,77,0.7211151393914808
Ipswich,2180,4.0,2.0,2.815822484773641,44,0.710272046911642
Ipswich,2180,5.0,1.0,1.0117626624000038,14,0.9883740892630871
Ipswich,2190,0.0,1.0,0.6601201228753538,6,1.514875801156002
Ipswich,2190,1.0,0.0,0.15836213326000176,2,0.0
Ipswich,2190,2.0,1.0,1.6786703195116632,13,0.5957095853645086
Ipswich,2190,3.0,4.0,2.2603857879090823,22,1.7696094274686216
Ipswich,2190,4.0,0.0,1.0225925701991108,17,0.0
Ipswich,2190,5.0,0.0,0.21986906624478847,2,0.0
Ipswich,2200,0.0,5.0,2.03648402281012,18,2.455211994789215
Ipswich,2200,1.0,1.0,1.7351871210296193,15,0.5763067209757894
Ipswich,2200,2.0,6.0,5.74158424450792,40,1.045007744289264
Ipswich,2200,3.0,4.0,5.433213323182638,53,0.7362125803035655
Ipswich,2200,4.0,2.0,2.612806397462256,43,0.7654604650166743
Ipswich,2200,5.0,0.0,0.4407248910074455,5,0.0
Ipswich,2210,0.0,3.0,2.189211480822259,18,1.3703564165821074
Ipswich,2210,1.0,3.0,2.5417436247780127,15,1.1802921312577344
Ipswich,2210,2.0,2.0,4.954991887148093,46,0.40363335511960335
Ipswich,2210,3.0,7.0,5.136833356359306,61,1.36270723895182
Ipswich,2210,4.0,2.0,2.0138453019384963,26,0.9931249426531576
Ipswich,2210,5.0,1.0,1.1633743489538322,10,0.8595685480767673
Ipswich,2500,0.0,2.0,0.728964024547691,9,2.7436196199681646
Ipswich,2500,1.0,2.0,1.2818790022597089,7,1.560209658223889
Ipswich,2500,2.0,2.0,1.5891359799518867,19,1.258545539986171
Ipswich,2500,3.0,3.0,1.8265109964405546,29,1.6424757397279857
Ipswich,2500,4.0,0.0,2.096727359560426,32,0.0
Ipswich,2500,5.0,0.0,1.4568270891948325,14,0.0
Ipswich,2550,0.0,1.0,0.4310040513355182,2,2.320163805656534
Ipswich,2550,2.0,0.0,0.6739393006096377,6,0.0
Ipswich,2550,3.0,1.0,0.8358229163725791,6,1.1964256787070873
Ipswich,2550,4.0,0.0,0.05923373168226491,2,0.0
Junction,1200,0.0,1.0,0.637911230844983,5,1.5676162319252334
Junction,1200,1.0,1.0,1.1214233173827626,8,0.8917239230711318
Junction,1200,2.0,0.0,1.0700996259843296,9,0.0
Junction,1200,3.0,2.0,1.4895890711935973,14,1.3426521707744634
Junction,1200,4.0,1.0,0.6809767545943275,8,1.468478906590169
Junction,1400,0.0,2.0,1.2760550329722804,8,1.5673305212718407
Junction,1400,1.0,2.0,0.9862637197341905,7,2.0278551871897137
Junction,1400,2.0,2.0,1.709625312433816,14,1.1698469749215443
Junction,1400,3.0,0.0,2.639068612988814,22,0.0
Junction,1400,4.0,1.0,1.2541287815554876,14,0.7973662790512683
Junction,1400,5.0,1.0,0.1348585403154114,3,7.415177397450459
Junction,1900,0.0,1.0,0.6658045705336046,4,1.501942227880107
Junction,1900,1.0,0.0,0.4652568427817081,3,0.0
Junction,1900,2.0,1.0,0.9055289494307133,7,1.1043269247534038
Junction,1900,3.0,1.0,1.3954810178294677,11,0.7165987836619955
Junction,1900,4.0,1.0,0.41880973700189295,6,2.387719080169046
Junction,1900,5.0,0.0,0.14911888242261315,3,0.0
Kalgoorlie,1100,0.0,29.0,18.877364086488907,119,1.536231428664141
Kalgoorlie,1100,1.0,19.0,14.65179915852412,124,1.2967690721412997
Kalgoorlie,1100,2.0,33.0,39.41453373945566,367,0.8372546081133916
Kalgoorlie,1100,3.0,37.0,39.920164179328594,425,0.9268498955512635
Kalgoorlie,1100,4.0,1.0,5.9380178723887225,100,0.16840636412529422
Kalgoorlie,1100,5.0,0.0,0.17207830860280562,3,0.0
Kalgoorlie,1200,0.0,39.0,21.5647886902928,156,1.8085036936881977
Kalgoorlie,1200,1.0,19.0,15.726795313224203,135,1.2081291592841839
Kalgoorlie,1200,2.0,45.0,47.17351574478503,453,0.9539250846482582
Kalgoorlie,1200,3.0,45.0,57.71890326854445,612,0.7796405934920808
Kalgoorlie,1200,4.0,8.0,13.223740466684006,223,0.6049725507056994
Kalgoorlie,1200,5.0,0.0,0.5922565164695085,12,0.0
Kalgoorlie,1300,0.0,19.0,11.563390930892654,94,1.643116635384156
Kalgoorlie,1300,1.0,9.0,9.428199443589246,72,0.9545831156679229
Kalgoorlie,1300,2.0,30.0,27.495339276490302,263,1.091094010454757
Kalgoorlie,1300,3.0,29.0,34.08459658986314,362,0.8508242109758367
Kalgoorlie,1300,4.0,7.0,10.695969561397577,160,0.6544521242154089
Kalgoorlie,1300,5.0,0.0,0.7325041977670798,20,0.0
Kalgoorlie,1400,0.0,24.0,18.120325042702927,149,1.3244795522950525
Kalgoorlie,1400,1.0,15.0,12.055227627149634,123,1.2442734773600153
Kalgoorlie,1400,2.0,58.0,45.53682924375723,408,1.2736943033413197
Kalgoorlie,1400,3.0,45.0,54.88597512445378,627,0.8198815799111274
Kalgoorlie,1400,4.0,6.0,17.048109270510682,263,0.3519451866946104
Kalgoorlie,1400,5.0,1.0,1.077945932804319,15,0.9276903131852452
Kalgoorlie,1600,0.0,8.0,5.538627145844707,46,1.4444012549214313
Kalgoorlie,1600,1.0,9.0,4.651671305794551,39,1.9347884681337586
Kalgoorlie,1600,2.0,5.0,10.560294366958615,111,0.4734716501506018
Kalgoorlie,1600,3.0,20.0,18.331095118852758,183,1.091042290181062
Kalgoorlie,1600,4.0,4.0,6.5880248272321795,78,0.6071622534671771
Kalgoorlie,1600,5.0,0.0,0.33028723531718907,5,0.0
Kalgoorlie,1602,0.0,0.0,0.5863900645799709,6,0.0
Kalgoorlie,1602,1.0,2.0,0.7822856008843645,3,2.5566110353290714
Kalgoorlie,1602,2.0,1.0,1.527375902355702,13,0.654717675234813
Kalgoorlie,1602,3.0,1.0,1.1742981404619344,17,0.8515724972591964
Kalgoorlie,1602,4.0,2.0,1.6326891907274752,19,1.2249728921821688
Kalgoorlie,1602,5.0,0.0,0.29696110099055323,5,0.0
Kalgoorlie,1603,0.0,1.0,0.0808937915429218,1,12.361888111888112
Kalgoorlie,1603,1.0,0.0,0.1617875830858436,1,0.0
Kalgoorlie,1603,2.0,0.0,0.35544241738556537,3,0.0
Kalgoorlie,1603,3.0,0.0,0.37076321123839157,3,0.0
Kalgoorlie,1603,4.0,0.0,0.03111299674727761,1,0.0
Kalgoorlie,1606,0.0,0.0,0.072701675987286,2,0.0
Kalgoorlie,1606,2.0,1.0,0.4560086818338327,3,2.1929407045026283
Kalgoorlie,1606,3.0,1.0,0.9237866097509675,9,1.082501077028577
Kalgoorlie,1606,4.0,0.0,0.5475030324279138,5,0.0
Kalgoorlie,1608,0.0,1.0,0.118014282792549,2,8.473550627408773
Kalgoorlie,1608,1.0,0.0,0.0620098359934998,1,0.0
Kalgoorlie,1608,2.0,0.0,0.7110900792635464,5,0.0
Kalgoorlie,1608,3.0,1.0,0.8103598064900748,10,1.234019742824261
Kalgoorlie,1608,4.0,0.0,0.2985259954603299,6,0.0
Kalgoorlie,1609,0.0,0.0,0.15492096794263305,2,0.0
Kalgoorlie,1609,2.0,0.0,0.5424131902902658,6,0.0
Kalgoorlie,1609,3.0,2.0,0.9127311887345703,6,2.191225658425064
Kalgoorlie,1609,4.0,0.0,0.38993465303253083,5,0.0
Kalgoorlie,1610,0.0,0.0,0.0734778839579634,1,0.0
Kalgoorlie,1610,1.0,0.0,0.013250110221927826,1,0.0
Kalgoorlie,1610,2.0,1.0,0.6712878282244013,3,1.489673963916586
Kalgoorlie,1610,3.0,0.0,0.2419841775957075,4,0.0
Kalgoorlie,1612,0.0,3.0,0.6649020133316768,8,4.51194302295411
Kalgoorlie,1612,1.0,0.0,1.4331198589232466,9,0.0
Kalgoorlie,1612,2.0,0.0,1.7787668538308785,18,0.0
Kalgoorlie,1612,3.0,5.0,3.1488171172751676,31,1.5878978720513168
Kalgoorlie,1612,4.0,0.0,0.974394156639031,11,0.0
Kalgoorlie,1614,0.0,1.0,0.23149861815271147,1,4.319680212260858
Kalgoorlie,1614,1.0,0.0,0.15994449981460068,1,0.0
Kalgoorlie,1614,2.0,0.0,0.19060052894573246,2,0.0
Kalgoorlie,1614,3.0,0.0,0.41795635308695533,4,0.0
Kalgoorlie,1616,0.0,0.0,0.166821500506754,1,0.0
Kalgoorlie,1616,2.0,1.0,0.42620202710112637,3,2.346305123890757
Kalgoorlie,1616,3.0,0.0,0.34045193267441165,4,0.0
Kalgoorlie,1616,4.0,0.0,0.066524539717708,4,0.0
Kalgoorlie,1617,0.0,1.0,0.5422837095483591,3,1.8440531817429104
Kalgoorlie,1617,1.0,0.0,0.1246046986910375,1,0.0
Kalgoorlie,1617,2.0,1.0,0.5760017398749844,8,1.736105867001444
Kalgoorlie,1617,3.0,1.0,0.7274714605172999,11,1.3746243726027505
Kalgoorlie,1617,4.0,0.0,0.7339071739157416,8,0.0
Kalgoorlie,1617,5.0,0.0,0.29573121745257747,4,0.0
Kalgoorlie,1620,0.0,0.0,0.3592018680468088,5,0.0
Kalgoorlie,1620,1.0,0.0,0.8986391006396154,6,0.0
Kalgoorlie,1620,2.0,2.0,1.5925358691640907,12,1.255858683452941
Kalgoorlie,1620,3.0,2.0,1.8497103347694115,21,1.081250378724474
Kalgoorlie,1620,4.0,1.0,0.29991282738007363,6,3.3343021995278637
Kalgoorlie,1621,0.0,0.0,0.3941529933178374,6,0.0
Kalgoorlie,1621,1.0,1.0,0.44574760414686976,4,2.24342204130055
Kalgoorlie,1621,2.0,2.0,1.5436860291755372,10,1.2956002465528396
Kalgoorlie,1621,3.0,2.0,2.2405623097065765,20,0.8926330641801787
Kalgoorlie,1621,4.0,1.0,1.3285249663271907,16,0.7527144956594807
Kalgoorlie,1621,5.0,0.0,0.0473260973259882,1,0.0
Kalgoorlie,1623,0.0,0.0,0.04516975986019506,1,0.0
Kalgoorlie,1623,1.0,0.0,0.09565360911570718,1,0.0
Kalgoorlie,1623,2.0,0.0,0.2597261191961216,2,0.0
Kalgoorlie,1623,3.0,0.0,0.2803695480864996,4,0.0
Kalgoorlie,1623,4.0,1.0,0.31908096374147643,2,3.1340008136938344
Kalgoorlie,1625,0.0,0.0,0.1270944724204468,2,0.0
Kalgoorlie,1625,1.0,0.0,0.026034734857738773,1,0.0
Kalgoorlie,1625,2.0,1.0,1.1147375988883312,6,0.8970721010910971
Kalgoorlie,1625,3.0,1.0,0.7060984589757444,12,1.41623308660181
Kalgoorlie,1625,4.0,0.0,0.026034734857738773,1,0.0
Kalgoorlie,1638,0.0,0.0,0.4252451910710058,1,0.0
Kalgoorlie,1638,1.0,0.0,0.16159317260698222,1,0.0
Kalgoorlie,1638,2.0,1.0,0.09618641226606084,2,10.396478841875338
Kalgoorlie,1638,3.0,0.0,0.3169752240559512,4,0.0
Kalgoorlie,1642,0.0,0.0,0.013667462733498238,1,0.0
Kalgoorlie,1642,1.0,0.0,0.05558101511622616,1,0.0
Kalgoorlie,1642,2.0,0.0,0.19773533955615114,2,0.0
Kalgoorlie,1642,3.0,1.0,0.5821534272786535,3,1.7177602211750618
Kalgoorlie,1642,4.0,0.0,0.150862755315471,2,0.0
Kalgoorlie,1760,0.0,2.0,3.680595486624729,47,0.5433903310668051
Kalgoorlie,1760,1.0,6.0,2.73051688114369,31,2.1973861584356404
Kalgoorlie,1760,2.0,18.0,13.730667479321152,124,1.3109340843850896
Kalgoorlie,1760,3.0,15.0,16.79663554029825,182,0.8930359871185043
Kalgoorlie,1760,4.0,6.0,9.65034420374056,108,0.6217394813414372
Kalgoorlie,1760,5.0,0.0,0.3253973796773416,11,0.0
Kalgoorlie,2100,0.0,0.0,0.31270876259455016,5,0.0
Kalgoorlie,2100,1.0,0.0,0.23781551964917408,2,0.0
Kalgoorlie,2100,2.0,2.0,1.7194158247267715,12,1.1631857583477898
Kalgoorlie,2100,3.0,2.0,1.3156594124749112,18,1.5201502615618148
Kalgoorlie,2100,4.0,0.0,0.6673124862534375,8,0.0
Kalgoorlie,2100,5.0,1.0,0.7470879943011552,6,1.3385304109128737
Kalgoorlie,2105,0.0,0.0,0.00823210882295258,1,0.0
Kalgoorlie,2105,2.0,0.0,0.058799318230444174,2,0.0
Kalgoorlie,2105,3.0,1.0,0.43353813108306694,3,2.3066021839919717
Kalgoorlie,2105,4.0,0.0,0.4994304418635363,4,0.0
Kalgoorlie,2116,0.0,0.0,0.013422509971346985,1,0.0
Kalgoorlie,2116,2.0,0.0,0.4933359073966011,3,0.0
Kalgoorlie,2116,3.0,0.0,0.08910357407168787,3,0.0
Kalgoorlie,2116,4.0,1.0,0.40413800856036397,2,2.474402255710218
Kalgoorlie,2125,0.0,0.0,0.0040416504977986165,1,0.0
Kalgoorlie,2125,1.0,0.0,0.04275640789776431,1,0.0
Kalgoorlie,2125,2.0,0.0,0.1624743500115044,2,0.0
Kalgoorlie,2125,3.0,0.0,0.5707141727954238,3,0.0
Kalgoorlie,2125,4.0,1.0,0.22001341879750874,4,4.545177314481707
Kalgoorlie,2132,0.0,0.0,0.22363083570595585,1,0.0
Kalgoorlie,2132,1.0,1.0,0.26691422326194736,1,3.7465219641690224
Kalgoorlie,2132,2.0,0.0,0.24778774950948695,2,0.0
Kalgoorlie,2132,3.0,0.0,0.2616671915226099,4,0.0
Kalgoorlie,2200,0.0,1.0,0.4326332615308026,6,2.311426533553297
Kalgoorlie,2200,1.0,1.0,0.30772208302647847,5,3.2496855284641804
Kalgoorlie,2200,2.0,2.0,1.5071086179026603,15,1.3270443657758808
Kalgoorlie,2200,3.0,2.0,2.6368543941032083,23,0.7584794990851962
Kalgoorlie,2200,4.0,0.0,1.1156816434368506,8,0.0
Kalgoorlie,2300,0.0,0.0,0.17680178724415757,3,0.0
Kalgoorlie,2300,1.0,0.0,0.054207422829372444,1,0.0
Kalgoorlie,2300,2.0,2.0,1.152534883160225,9,1.7353053944155206
Kalgoorlie,2300,3.0,1.0,1.1934348147667353,11,0.8379175700479767
Kalgoorlie,2300,4.0,0.0,0.14263787046827286,5,0.0
Katherine,1000,0.0,1.0,0.41499194662222944,2,2.4096853159184515
Katherine,1000,1.0,1.0,0.3761833409260048,4,2.6582782680871024
Katherine,1000,2.0,0.0,0.7466574826111076,4,0.0
Katherine,1000,3.0,0.0,0.30136905625361016,4,0.0
Katherine,1000,4.0,0.0,0.16079817358704787,3,0.0
Katherine,1100,0.0,1.0,0.6151259345354635,4,1.625683366374707
Katherine,1100,1.0,2.0,0.8756885074457605,8,2.2839171497564488
Katherine,1100,2.0,1.0,1.3692655779585508,13,0.730318512418101
Katherine,1100,3.0,0.0,0.5904263383854911,6,0.0
Katherine,1100,4.0,0.0,0.5494936416747339,3,0.0
Katherine,1300,0.0,1.0,0.8663293233889472,6,1.1542954543985118
Katherine,1300,1.0,2.0,1.102236251166572,6,1.814493034395542
Katherine,1300,2.0,1.0,0.8973376101434828,8,1.1144077643642973
Katherine,1300,3.0,1.0,1.895390727392409,14,0.5275957012703939
Katherine,1300,4.0,1.0,0.7919559705312599,12,1.2626964594119798
Katherine,1300,5.0,0.0,0.44675011737732884,5,0.0
Katherine,1700,0.0,1.0,0.5122912488469396,5,1.9520146054627925
Katherine,1700,1.0,2.0,0.6306617016276135,3,3.1712723237171283
Katherine,1700,2.0,1.0,0.9659842393092613,8,1.0352135773095659
Katherine,1700,3.0,0.0,0.6385309046202716,7,0.0
Katherine,1700,4.0,1.0,1.4800580287146592,13,0.6756491844231537
Katherine,1700,5.0,0.0,0.7724738768812549,6,0.0
Kembla Grange,1000,0.0,28.0,21.87752627277076,145,1.2798521940229324
Kembla Grange,1000,1.0,39.0,30.593032267675135,228,1.2748000805793853
Kembla Grange,1000,2.0,51.0,59.1518531266777,561,0.8621876966522087
Kembla Grange,1000,3.0,26.0,30.660824134305457,397,0.8479876433233051
Kembla Grange,1000,4.0,0.0,1.6838537974974392,30,0.0
Kembla Grange,1000,5.0,0.0,0.01656615142602584,1,0.0
Kembla Grange,1200,0.0,46.0,37.840062726199704,282,1.2156428051624375
Kembla Grange,1200,1.0,37.0,34.600167162541915,267,1.0693589954691358
Kembla Grange,1200,2.0,109.0,89.44874540208654,781,1.218574944903111
Kembla Grange,1200,3.0,73.0,93.02378817913021,1085,0.7847455089597982
Kembla Grange,1200,4.0,17.0,26.33745569630176,392,0.6454685750980531
Kembla Grange,1200,5.0,0.0,0.6969353755470183,11,0.0
Kembla Grange,1300,0.0,15.0,14.293667202739345,110,1.0494157858331337
Kembla Grange,1300,1.0,12.0,11.02775699120197,97,1.0881632601782658
Kembla Grange,1300,2.0,34.0,33.88870887887982,289,1.003284017739299
Kembla Grange,1300,3.0,40.0,35.162004328301855,400,1.1375915782993078
Kembla Grange,1300,4.0,8.0,14.198106707809684,195,0.563455407445247
Kembla Grange,1300,5.0,1.0,1.3153506239944037,19,0.7602535641510096
Kembla Grange,1400,0.0,52.0,28.714717412154414,229,1.8109180478296942
Kembla Grange,1400,1.0,20.0,21.8828098778016,181,0.9139594097688725
Kembla Grange,1400,2.0,62.0,59.37115669251222,525,1.0442781218008395
Kembla Grange,1400,3.0,72.0,78.2252245923188,845,0.9204192173974267
Kembla Grange,1400,4.0,22.0,37.28546465759369,509,0.5900422645133752
Kembla Grange,1400,5.0,1.0,3.4694946737608197,60,0.288226411633609
Kembla Grange,1500,0.0,17.0,11.594184614279747,95,1.4662523123068343
Kembla Grange,1500,1.0,10.0,10.27345945207594,80,0.9733819505151516
Kembla Grange,1500,2.0,23.0,23.596485049885764,209,0.9747214447988874
Kembla Grange,1500,3.0,32.0,34.57724092997501,368,0.9254642400417553
Kembla Grange,1500,4.0,13.0,14.679633662418006,188,0.8855806826625304
Kembla Grange,1500,5.0,0.0,0.2789962913655253,8,0.0
Kembla Grange,1600,0.0,15.0,17.936784675673852,147,0.8362702831764064
Kembla Grange,1600,1.0,22.0,13.834476144631138,126,1.5902300723210054
Kembla Grange,1600,2.0,39.0,35.200720400767224,325,1.1079318705974543
Kembla Grange,1600,3.0,56.0,53.56811340089902,556,1.0453980258909055
Kembla Grange,1600,4.0,14.0,25.01078079720611,329,0.5597586142358221
Kembla Grange,1600,5.0,1.0,0.9266177373785125,16,1.0791936735736278
Kembla Grange,2000,0.0,7.0,5.4172008495909,60,1.2921802595760559
Kembla Grange,2000,1.0,5.0,4.424277710324882,40,1.1301279728285507
Kembla Grange,2000,2.0,18.0,14.707275082245268,134,1.223884091331761
Kembla Grange,2000,3.0,22.0,22.308714973163323,217,0.9861616873255722
Kembla Grange,2000,4.0,7.0,10.925466346059231,143,0.6407049162276601
Kembla Grange,2000,5.0,1.0,2.021742394340386,28,0.49462285739240297
Kembla Grange,2400,0.0,2.0,1.8251538522628628,16,1.0957980323249787
Kembla Grange,2400,1.0,3.0,1.3211764546601645,11,2.2707035002161504
Kembla Grange,2400,2.0,4.0,5.020843186894582,44,0.7966789344150024
Kembla Grange,2400,3.0,6.0,6.183649599600572,61,0.9703007751906844
Kembla Grange,2400,4.0,0.0,1.1961603345829634,22,0.0
Kembla Grange,2400,5.0,1.0,0.4530165719988554,4,2.2074247650316123
Kempsey,1000,0.0,12.0,7.30560388975589,48,1.6425746839117181
Kempsey,1000,1.0,12.0,8.546528506414079,74,1.4040788597375096
Kempsey,1000,2.0,19.0,21.89675796108738,206,0.8677083627523675
Kempsey,1000,3.0,5.0,9.607859721085592,147,0.5204072650048069
Kempsey,1000,4.0,0.0,0.6432499216570577,19,0.0
Kempsey,1250,0.0,9.0,5.495378140243064,45,1.6377398916541026
Kempsey,1250,1.0,9.0,6.775652299700901,50,1.3282853962853567
Kempsey,1250,2.0,14.0,14.57281640420872,130,0.9606928140504614
Kempsey,1250,3.0,11.0,12.736386642583522,150,0.8636672479164543
Kempsey,1250,4.0,2.0,5.1207166902976455,78,0.3905703285224609
Kempsey,1250,5.0,0.0,0.28576587611110077,5,0.0
Kempsey,1450,0.0,8.0,6.1556066908832925,48,1.2996281929201763
Kempsey,1450,1.0,3.0,3.9018217655196152,36,0.7688716144112447
Kempsey,1450,2.0,16.0,13.009367869525185,119,1.2298829705231455
Kempsey,1450,3.0,16.0,18.67714865787708,194,0.8566618113440997
Kempsey,1450,4.0,5.0,5.558179639542714,83,0.8995750990897018
Kempsey,1450,5.0,0.0,0.6148027559323804,12,0.0
Kempsey,1900,0.0,3.0,1.7271441801796594,14,1.7369713741489357
Kempsey,1900,1.0,2.0,1.5304021882562742,11,1.306846014300843
Kempsey,1900,2.0,3.0,3.421236804309872,30,0.8768758702176878
Kempsey,1900,3.0,5.0,3.9405676272580177,37,1.2688527321326983
Kempsey,1900,4.0,0.0,2.525557971967313,28,0.0
Kempsey,1900,5.0,1.0,0.8550912280288638,13,1.1694658619118061
Kerang,1100,0.0,5.0,3.243689745736043,28,1.5414544521629097
Kerang,1100,1.0,7.0,4.5892443210687315,34,1.5253055863388545
Kerang,1100,2.0,7.0,10.243395659405383,82,0.6833671404240517
Kerang,1100,3.0,7.0,8.530019225644537,94,0.820631210180077
Kerang,1100,4.0,2.0,1.3520253515720528,26,1.4792622029420688
Kerang,1100,5.0,0.0,0.04162569657325156,1,0.0
Kerang,1400,0.0,3.0,2.6225098540398353,19,1.1439423174630445
Kerang,1400,1.0,3.0,2.520422042449978,15,1.190276846287159
Kerang,1400,2.0,8.0,4.817299283180413,44,1.660681541612326
Kerang,1400,3.0,3.0,5.586978065712954,69,0.5369629099514229
Kerang,1400,4.0,2.0,3.1343077389880634,30,0.638099435840884
Kerang,1400,5.0,0.0,0.31848301562875536,5,0.0
Kerang,1800,0.0,2.0,1.8380617611961565,14,1.0881027189741757
Kerang,1800,1.0,0.0,1.2183525946597047,10,0.0
Kerang,1800,2.0,4.0,1.834558193768737,27,2.180361469909434
Kerang,1800,3.0,6.0,6.872160215378168,60,0.8730879100538878
Kerang,1800,4.0,2.0,2.2368672349972343,27,0.894107602234369
Kilcoy,800,0.0,8.0,3.028084528347466,18,2.6419341749240686
Kilcoy,800,1.0,5.0,4.11140378806296,28,1.2161296378908315
Kilcoy,800,2.0,2.0,5.0805159603737335,58,0.39366080445358465
Kilcoy,800,3.0,3.0,5.355902594902067,46,0.5601296787688976
Kilcoy,800,4.0,0.0,0.4240931283137727,12,0.0
Kilcoy,1050,0.0,1.0,0.6832327616272754,5,1.4636300484453801
Kilcoy,1050,1.0,0.0,0.48693833320071606,7,0.0
Kilcoy,1050,2.0,3.0,2.769489692178257,21,1.0832320511871782
Kilcoy,1050,3.0,1.0,1.0420342977284474,16,0.9596613107456455
Kilcoy,1050,4.0,0.0,0.018304915265304048,2,0.0
Kilcoy,1060,0.0,3.0,1.2323002689290619,5,2.4344715940110673
Kilcoy,1060,1.0,0.0,0.5501343150620766,4,0.0
Kilcoy,1060,2.0,1.0,1.3760647615049109,19,0.7267099834068611
Kilcoy,1060,3.0,1.0,1.5131706861283432,15,0.6608639786425142
Kilcoy,1060,4.0,0.0,0.3283299683756074,5,0.0
Kilcoy,1100,0.0,2.0,0.5126424257661649,4,3.9013548225372077
Kilcoy,1100,1.0,0.0,0.506922402815945,4,0.0
Kilcoy,1100,2.0,1.0,1.6066526836867612,18,0.6224120559182184
Kilcoy,1100,3.0,1.0,1.283412747427878,10,0.7791725631556387
Kilcoy,1100,4.0,0.0,0.0903697403032512,6,0.0
Kilcoy,1200,0.0,52.0,24.984033961924414,165,2.081329223265059
Kilcoy,1200,1.0,25.0,19.96598471129658,173,1.2521295774535586
Kilcoy,1200,2.0,59.0,57.9330531419464,479,1.018416893296464
Kilcoy,1200,3.0,28.0,44.45027425549295,553,0.6299173732665979
Kilcoy,1200,4.0,1.0,16.195338137039247,285,0.06174616371318414
Kilcoy,1200,5.0,0.0,1.471315792300406,28,0.0
Kilcoy,1500,0.0,21.0,11.34905435084853,87,1.850374432159619
Kilcoy,1500,1.0,7.0,8.427864170299667,65,0.8305781700503014
Kilcoy,1500,2.0,28.0,24.706339740821534,200,1.1333123519602724
Kilcoy,1500,3.0,24.0,27.64276613169082,288,0.8682199127852621
Kilcoy,1500,4.0,7.0,12.967630689393653,194,0.5398056258438456
Kilcoy,1500,5.0,0.0,1.5601638202979422,33,0.0
Kilcoy,1900,0.0,7.0,7.33262238622177,51,0.9546380041543149
Kilcoy,1900,1.0,4.0,4.56009872213001,43,0.87717399199893
Kilcoy,1900,2.0,14.0,12.06089517107781,115,1.1607761945872965
Kilcoy,1900,3.0,20.0,17.928734557621603,184,1.1155276986070326
Kilcoy,1900,4.0,5.0,7.8174526101896396,109,0.6395945392086883
Kilcoy,1900,5.0,1.0,1.3001965527591677,18,0.7691144834047469
Kilcoy,2076,0.0,3.0,1.4131310044880294,11,2.122945424360628
Kilcoy,2076,1.0,0.0,0.23786882537886436,3,0.0
Kilcoy,2076,2.0,2.0,2.594687861303963,20,0.7708056255348179
Kilcoy,2076,3.0,5.0,4.508786905665693,42,1.108945732990187
Kilcoy,2076,4.0,1.0,2.0794016686661583,32,0.4809075683013444
Kilcoy,2076,5.0,0.0,0.16612373449729245,6,0.0
Kilmore,1100,0.0,10.0,5.138862112212991,41,1.945956085537702
Kilmore,1100,1.0,7.0,7.2304885941717485,49,0.9681226806225048
Kilmore,1100,2.0,14.0,12.821192943789276,115,1.0919420728928153
Kilmore,1100,3.0,10.0,13.28888675278293,164,0.7525084821650557
Kilmore,1100,4.0,0.0,2.4989398173677313,45,0.0
Kilmore,1100,5.0,0.0,0.02162977967532207,2,0.0
Kilmore,1104,0.0,1.0,0.3189994072969728,3,3.134802062716841
Kilmore,1104,1.0,0.0,0.3651026639946145,4,0.0
Kilmore,1104,2.0,0.0,0.5786130317351689,9,0.0
Kilmore,1104,3.0,1.0,1.3589164632780697,11,0.7358804069440241
Kilmore,1104,4.0,1.0,0.3783684336951742,3,2.64292660525067
Kilmore,1107,0.0,2.0,1.494612494262402,10,1.3381394894514174
Kilmore,1107,1.0,2.0,1.0018734836493755,11,1.9962600394561774
Kilmore,1107,2.0,3.0,3.3272519644453022,29,0.9016449707018628
Kilmore,1107,3.0,3.0,3.8950171023884104,44,0.7702148465947456
Kilmore,1107,4.0,0.0,0.27293487803535865,9,0.0
Kilmore,1107,5.0,0.0,0.008310077219151384,1,0.0
Kilmore,1110,0.0,1.0,0.45480267612100855,2,2.1987557516788483
Kilmore,1110,1.0,1.0,0.6805418524230438,5,1.4694173421363248
Kilmore,1110,2.0,0.0,0.43690789282543013,8,0.0
Kilmore,1110,3.0,0.0,0.4236919171093705,5,0.0
Kilmore,1110,4.0,0.0,0.004055661521147115,1,0.0
Kilmore,1112,0.0,4.0,1.4535741126061288,11,2.7518376705459873
Kilmore,1112,1.0,0.0,0.6591500610879942,11,0.0
Kilmore,1112,2.0,4.0,4.2677306353129865,31,0.937266276109914
Kilmore,1112,3.0,2.0,3.2889457869175995,34,0.60809758797344
Kilmore,1112,4.0,1.0,1.30891213037646,15,0.7639932252078581
Kilmore,1112,5.0,0.0,0.021687273698831284,3,0.0
Kilmore,1200,0.0,16.0,7.415810383194147,57,2.15755246874428
Kilmore,1200,1.0,4.0,6.0563009545399185,46,0.6604691593144036
Kilmore,1200,2.0,16.0,18.22473904442804,153,0.8779275226380691
Kilmore,1200,3.0,19.0,18.341904016558935,217,1.035879371239046
Kilmore,1200,4.0,2.0,6.858253011790103,120,0.2916194541907067
Kilmore,1200,5.0,0.0,0.10299258948885588,4,0.0
Kilmore,1204,0.0,2.0,1.5537319297341585,4,1.287223337388836
Kilmore,1204,1.0,0.0,0.33627023362935676,2,0.0
Kilmore,1204,2.0,2.0,1.0040975307554338,11,1.9918383809741051
Kilmore,1204,3.0,0.0,0.9433480567804088,18,0.0
Kilmore,1204,4.0,0.0,0.16255224910064192,5,0.0
Kilmore,1207,0.0,3.0,1.8050392024496422,12,1.6620137645368926
Kilmore,1207,1.0,1.0,1.0788464202735144,11,0.9269159921265486
Kilmore,1207,2.0,7.0,4.804535998431419,38,1.456956509907586
Kilmore,1207,3.0,1.0,3.1482505593675074,44,0.3176367259030688
Kilmore,1207,4.0,0.0,1.1633278194779166,17,0.0
Kilmore,1210,0.0,0.0,0.09502846841888674,1,0.0
Kilmore,1210,2.0,0.0,0.6570513445965241,4,0.0
Kilmore,1210,3.0,1.0,0.2479201869845892,4,4.033556170487079
Kilmore,1212,0.0,4.0,1.2078824969031887,11,3.311580398139173
Kilmore,1212,1.0,0.0,0.3422530215022523,8,0.0
Kilmore,1212,2.0,4.0,3.2507850041984385,28,1.2304720228603057
Kilmore,1212,3.0,2.0,4.488182509046013,43,0.4456146772037376
Kilmore,1212,4.0,1.0,1.2826793001161751,17,0.7796181008841632
Kilmore,1212,5.0,0.0,0.4282176682339331,3,0.0
Kilmore,1450,0.0,18.0,8.43818533255668,64,2.133160068261524
Kilmore,1450,1.0,5.0,5.667028237965202,42,0.8822966447393766
Kilmore,1450,2.0,21.0,20.13054555591157,155,1.0431908038296112
Kilmore,1450,3.0,14.0,22.860517331685415,234,0.6124095879753144
Kilmore,1450,4.0,6.0,6.45090411560795,109,0.9301021829611467
Kilmore,1450,5.0,0.0,0.37654803665198483,6,0.0
Kilmore,1454,0.0,0.0,1.1207863817804873,5,0.0
Kilmore,1454,1.0,2.0,0.7437728808804118,3,2.6889929055124715
Kilmore,1454,2.0,1.0,1.3358659785501241,12,0.7485780879645916
Kilmore,1454,3.0,0.0,1.1391121936970259,16,0.0
Kilmore,1454,4.0,2.0,0.5238815651899713,8,3.817656762315648
Kilmore,1454,5.0,0.0,0.13658099990197953,2,0.0
Kilmore,1457,0.0,5.0,3.041274218383286,15,1.6440477382069003
Kilmore,1457,1.0,1.0,1.6627740046902462,11,0.6014046389823657
Kilmore,1457,2.0,0.0,3.8138900681323022,34,0.0
Kilmore,1457,3.0,7.0,4.957657898184023,60,1.411957045798598
Kilmore,1457,4.0,2.0,1.428201092179624,20,1.4003630237726084
Kilmore,1457,5.0,0.0,0.03354357541030091,2,0.0
Kilmore,1460,0.0,0.0,0.18598749235388534,3,0.0
Kilmore,1460,1.0,0.0,0.1200233358607869,2,0.0
Kilmore,1460,2.0,1.0,1.3193085890500018,8,0.7579727808185291
Kilmore,1460,3.0,2.0,0.8656552127887985,10,2.3103886749053255
Kilmore,1460,4.0,0.0,0.5090253699465274,7,0.0
Kilmore,1462,0.0,5.0,2.556673639778362,18,1.9556661132679611
Kilmore,1462,1.0,0.0,1.6142279764376617,12,0.0
Kilmore,1462,2.0,6.0,5.47554813206672,38,1.0957807063847922
Kilmore,1462,3.0,6.0,7.181581356659677,70,0.8354705881645461
Kilmore,1462,4.0,1.0,1.1719688950575795,31,0.8532649665167688
Kilmore,1600,0.0,12.0,7.538310970431901,62,1.5918685295775838
Kilmore,1600,1.0,3.0,4.980475453554557,44,0.6023521304294162
Kilmore,1600,2.0,24.0,18.127557170788346,156,1.3239511410105937
Kilmore,1600,3.0,16.0,22.96058828900407,261,0.6968462566641846
Kilmore,1600,4.0,7.0,7.742119125022572,136,0.9041452200568655
Kilmore,1600,5.0,0.0,0.6509489911985542,10,0.0
Kilmore,1604,0.0,1.0,0.16470941727073823,2,6.0712982692195885
Kilmore,1604,1.0,0.0,0.5294994144846836,3,0.0
Kilmore,1604,2.0,0.0,0.5269075566333422,4,0.0
Kilmore,1604,3.0,1.0,0.6402312157253176,7,1.5619357123458915
Kilmore,1604,4.0,0.0,0.13865239588591832,3,0.0
Kilmore,1607,0.0,2.0,1.9475224521512684,12,1.0269457986431756
Kilmore,1607,1.0,0.0,0.7419390398444556,4,0.0
Kilmore,1607,2.0,4.0,3.412050390136379,29,1.1723156292073755
Kilmore,1607,3.0,3.0,4.111010299437665,54,0.729747624424673
Kilmore,1607,4.0,3.0,1.7874778184302318,28,1.6783425053266443
Kilmore,1610,0.0,0.0,0.16368442407899703,1,0.0
Kilmore,1610,2.0,1.0,0.4888136771219261,4,2.0457692712034476
Kilmore,1610,3.0,0.0,0.32110118523794823,5,0.0
Kilmore,1610,4.0,0.0,0.026400713561128553,1,0.0
Kilmore,1612,0.0,5.0,3.1903274366076486,16,1.567237250517652
Kilmore,1612,1.0,1.0,1.4402462097085613,13,0.6943257293503681
Kilmore,1612,2.0,6.0,5.119252169004322,42,1.1720461899353907
Kilmore,1612,3.0,3.0,4.647620223583605,56,0.6454916399530625
Kilmore,1612,4.0,1.0,1.6025539610958635,28,0.6240039488693266
Kilmore,2000,0.0,3.0,3.056255164402182,33,0.9815934333437157
Kilmore,2000,1.0,2.0,3.614077302328462,27,0.5533915942283384
Kilmore,2000,2.0,13.0,10.140872060446918,86,1.2819410325374991
Kilmore,2000,3.0,10.0,12.051643796302084,125,0.8297623269506514
Kilmore,2000,4.0,5.0,4.038431448456742,70,1.2381044630361906
Kilmore,2000,5.0,0.0,0.09872022806361155,4,0.0
Kilmore,2004,0.0,0.0,0.20667148928180115,1,0.0
Kilmore,2004,1.0,0.0,0.06889049642726705,1,0.0
Kilmore,2004,2.0,0.0,0.3061799841211869,1,0.0
Kilmore,2004,3.0,0.0,0.18281908084139256,3,0.0
Kilmore,2004,4.0,1.0,0.19607295136991393,2,5.100142538852216
Kilmore,2004,5.0,0.0,0.039365997958438315,1,0.0
Kilmore,2007,0.0,1.0,0.8098374811484775,6,1.2348156553359841
Kilmore,2007,1.0,0.0,0.19148528102183254,2,0.0
Kilmore,2007,2.0,1.0,1.5083257262620753,15,0.6629867690967485
Kilmore,2007,3.0,2.0,1.6997439709491833,22,1.1766477976581058
Kilmore,2007,4.0,2.0,1.7592789901418964,19,1.1368293552114141
Kilmore,2007,5.0,0.0,0.031328550476534864,1,0.0
Kilmore,2010,0.0,0.0,0.08709455587757388,1,0.0
Kilmore,2010,2.0,1.0,0.24069768169802236,2,4.15458924633347
Kilmore,2010,3.0,0.0,0.3242916338811496,4,0.0
Kilmore,2010,4.0,0.0,0.3479161285432542,4,0.0
Kilmore,2012,0.0,1.0,0.7141488755435275,8,1.400268255325496
Kilmore,2012,1.0,1.0,0.5508499143172586,4,1.8153765191003663
Kilmore,2012,2.0,3.0,1.6915194668908506,16,1.773553339894008
Kilmore,2012,3.0,2.0,2.9134428637555487,26,0.6864730470196753
Kilmore,2012,4.0,1.0,2.1300388794928145,18,0.46947499861510084
Kingscote,1008,0.0,0.0,0.06052062762186982,2,0.0
Kingscote,1008,1.0,0.0,0.83864098271577,5,0.0
Kingscote,1008,2.0,2.0,0.7130044850437383,7,2.8050314436343453
Kingscote,1008,3.0,0.0,0.3878339046186219,6,0.0
Kingscote,1050,0.0,5.0,2.3348253591936956,13,2.1414877906443035
Kingscote,1050,1.0,1.0,1.1297793389959065,17,0.8851285958979846
Kingscote,1050,2.0,4.0,5.016408497702447,48,0.7973832278276441
Kingscote,1050,3.0,2.0,3.9869797415201913,37,0.5016328473335614
Kingscote,1050,4.0,1.0,0.5228080479129453,8,1.9127479081318841
Kingscote,1215,0.0,5.0,2.3777483198783487,20,2.1028297899315986
Kingscote,1215,1.0,3.0,3.2597575601284716,26,0.9203138407267827
Kingscote,1215,2.0,7.0,6.099194589517503,54,1.1476925186205214
Kingscote,1215,3.0,2.0,6.546910248756761,63,0.3054876153800633
Kingscote,1215,4.0,3.0,1.6226375916383917,23,1.8488416732481054
Kingscote,1215,5.0,0.0,0.09375169008052317,3,0.0
Kingscote,1360,0.0,2.0,1.7990922275163959,14,1.1116717472349666
Kingscote,1360,1.0,1.0,0.7351507272836694,9,1.3602652665459916
Kingscote,1360,2.0,4.0,4.48409316594933,39,0.8920421257913711
Kingscote,1360,3.0,6.0,4.6859638145362466,48,1.2804196185611816
Kingscote,1360,4.0,1.0,2.1601852845429272,25,0.4629232534613759
Kingscote,1360,5.0,0.0,0.13551478017143043,1,0.0
Kingscote,1750,0.0,0.0,1.092062560903718,9,0.0
Kingscote,1750,1.0,2.0,1.2304344305479564,8,1.62544216119613
Kingscote,1750,2.0,2.0,2.8425376780769915,25,0.7035966542941384
Kingscote,1750,3.0,3.0,1.886536010921939,21,1.5902161329716245
Kingscote,1750,4.0,1.0,1.0976909144211908,12,0.9110032586243069
Kingscote,1750,5.0,1.0,0.8507384051282045,8,1.1754494612821693
Kingscote,1880,0.0,2.0,1.6457775191448651,8,1.2152310848426138
Kingscote,1880,1.0,0.0,0.43183134119848054,3,0.0
Kingscote,1880,2.0,2.0,2.0064449809097082,18,0.9967878606335938
Kingscote,1880,3.0,2.0,1.9764310049126246,26,1.0119250280069438
Kingscote,1880,4.0,2.0,1.754324226448128,18,1.1400401190658334
Kingscote,1880,5.0,0.0,0.15857030887484796,3,0.0
Kununurra,1350,0.0,0.0,0.6258939584359976,3,0.0
Kununurra,1350,1.0,0.0,0.1339990661140852,1,0.0
Kununurra,1350,2.0,1.0,1.0769977094514298,8,0.9285070815139906
Kununurra,1350,3.0,2.0,0.9832231078701134,10,2.034126317812504
Kununurra,1350,4.0,0.0,0.17988615812837389,2,0.0
Kununurra,1600,0.0,0.0,0.1687555981882516,1,0.0
Kununurra,1600,1.0,1.0,0.1472776129642923,1,6.7898982056590755
Kununurra,1600,2.0,0.0,0.1253613015112726,2,0.0
Kununurra,1600,3.0,0.0,0.5586054873361835,4,0.0
Kununurra,1800,0.0,2.0,0.44068556428843625,2,4.538383287479246
Kununurra,1800,1.0,0.0,0.22334348898751255,2,0.0
Kununurra,1800,2.0,0.0,0.5381921526169526,4,0.0
Kununurra,1800,3.0,0.0,0.7151304509270318,7,0.0
Kununurra,1800,4.0,0.0,0.08264834318006678,1,0.0
Kyneton,1100,0.0,4.0,2.732717985376383,24,1.463744162919567
Kyneton,1100,1.0,4.0,2.9073081293635608,28,1.3758431586938948
Kyneton,1100,2.0,10.0,9.324877644682237,80,1.0724001301725143
Kyneton,1100,3.0,5.0,7.213565853980625,95,0.6931384701008692
Kyneton,1100,4.0,1.0,1.790134334301301,22,0.5586172952714777
Kyneton,1100,5.0,0.0,0.03139605229589225,1,0.0
Kyneton,1103,0.0,5.0,3.6412279666069165,24,1.3731631322878302
Kyneton,1103,1.0,1.0,4.1897412952362005,34,0.23867822128707927
Kyneton,1103,2.0,10.0,8.777094907668365,76,1.1393291408143722
Kyneton,1103,3.0,8.0,6.5599427721401025,88,1.219522833945409
Kyneton,1103,4.0,0.0,0.7890368336864934,21,0.0
Kyneton,1103,5.0,0.0,0.010437961132803486,1,0.0
Kyneton,1106,0.0,1.0,0.24013525751520687,2,4.164319768564904
Kyneton,1106,1.0,0.0,0.29429601019276164,3,0.0
Kyneton,1106,2.0,0.0,0.6951535999649605,6,0.0
Kyneton,1106,3.0,1.0,0.634396970511124,7,1.5763000873007247
Kyneton,1106,4.0,0.0,0.13601816181594698,4,0.0
Kyneton,1108,0.0,1.0,0.16505172252265243,2,6.058706838777496
Kyneton,1108,1.0,0.0,0.4255677033619726,4,0.0
Kyneton,1108,2.0,1.0,0.7461335332951727,8,1.340242671554606
Kyneton,1108,3.0,0.0,0.41160792724539486,7,0.0
Kyneton,1108,4.0,0.0,0.25163911357480745,1,0.0
Kyneton,1112,0.0,7.0,3.43991216895256,26,2.0349356774802403
Kyneton,1112,1.0,3.0,4.259721954560943,29,0.7042713191145865
Kyneton,1112,2.0,12.0,10.452941640022404,90,1.1480022000748757
Kyneton,1112,3.0,4.0,7.0084838008865775,91,0.5707368545952831
Kyneton,1112,4.0,0.0,0.8185312497396426,13,0.0
Kyneton,1112,5.0,0.0,0.020409185837872646,1,0.0
Kyneton,1115,0.0,2.0,1.6605461226998472,9,1.2044230344823195
Kyneton,1115,1.0,1.0,1.5594763257884896,16,0.641240898283203
Kyneton,1115,2.0,5.0,4.094610251924635,38,1.221117442777318
Kyneton,1115,3.0,1.0,1.6046158413641667,23,0.6232021236621025
Kyneton,1115,4.0,0.0,0.08075145822286192,2,0.0
Kyneton,1118,0.0,3.0,1.2913157178921408,10,2.3232118671156603
Kyneton,1118,1.0,0.0,1.6901927319137342,11,0.0
Kyneton,1118,2.0,4.0,4.265927700231561,34,0.9376623986812701
Kyneton,1118,3.0,3.0,2.1549465306776847,27,1.3921459104864955
Kyneton,1118,4.0,0.0,0.5976173192848784,11,0.0
Kyneton,1125,0.0,0.0,0.15141344001829915,2,0.0
Kyneton,1125,1.0,0.0,0.1387543500878987,1,0.0
Kyneton,1125,2.0,0.0,0.930868410423292,9,0.0
Kyneton,1125,3.0,2.0,0.7789637994705101,8,2.5675134086583644
Kyneton,1200,0.0,5.0,3.3522958273727266,31,1.4915151458809701
Kyneton,1200,1.0,7.0,3.945731709299287,32,1.774068921995488
Kyneton,1200,2.0,8.0,10.532789322957608,100,0.7595328981434141
Kyneton,1200,3.0,11.0,11.411646590305029,127,0.963927502744893
Kyneton,1200,4.0,0.0,1.6591911372306092,36,0.0
Kyneton,1200,5.0,0.0,0.09834541283473999,1,0.0
Kyneton,1203,0.0,6.0,5.109834694837576,35,1.1742062822622716
Kyneton,1203,1.0,3.0,3.6601767957685594,33,0.8196325389167611
Kyneton,1203,2.0,10.0,11.472810138894005,116,0.8716260339826398
Kyneton,1203,3.0,13.0,11.723610352364991,140,1.1088734280031343
Kyneton,1203,4.0,3.0,2.990518371333698,46,1.0031705635909782
Kyneton,1203,5.0,0.0,0.043049646801171716,2,0.0
Kyneton,1206,0.0,0.0,0.430073105746367,3,0.0
Kyneton,1206,1.0,0.0,0.02410186234445889,2,0.0
Kyneton,1206,2.0,2.0,0.9410229314014693,10,2.1253467192573
Kyneton,1206,3.0,0.0,0.9376017956345992,9,0.0
Kyneton,1206,4.0,1.0,0.589236337257671,7,1.69711190021654
Kyneton,1206,5.0,0.0,0.07796396761543453,2,0.0
Kyneton,1208,0.0,0.0,0.16042081328095137,2,0.0
Kyneton,1208,1.0,0.0,0.10513892078383523,2,0.0
Kyneton,1208,2.0,2.0,0.6918952666945453,6,2.8906109006277547
Kyneton,1208,3.0,0.0,0.9853814727285294,8,0.0
Kyneton,1208,4.0,0.0,0.0571635265121386,3,0.0
Kyneton,1209,0.0,0.0,0.09665879245488308,1,0.0
Kyneton,1209,1.0,0.0,0.11779207682673923,2,0.0
Kyneton,1209,2.0,0.0,0.6122006150190709,5,0.0
Kyneton,1209,3.0,1.0,0.17334851569930682,3,5.768725483260649
Kyneton,1210,0.0,1.0,0.5334188702071013,5,1.8746993326496817
Kyneton,1210,1.0,0.0,0.290344910684863,4,0.0
Kyneton,1210,2.0,3.0,1.8282096142171775,16,1.6409496901615257
Kyneton,1210,3.0,0.0,1.959453673329903,20,0.0
Kyneton,1210,4.0,1.0,0.3885729315609548,8,2.5735194574229667
Kyneton,1212,0.0,4.0,2.28706698365185,21,1.7489649531877909
Kyneton,1212,1.0,3.0,2.8801367286066153,24,1.0416172156699566
Kyneton,1212,2.0,6.0,5.987618091315232,56,1.002067918911316
Kyneton,1212,3.0,6.0,6.368938149346754,75,0.9420722668841438
Kyneton,1212,4.0,2.0,3.1384794033636285,39,0.6372512745683542
Kyneton,1212,5.0,0.0,0.2977395556011504,3,0.0
Kyneton,1215,0.0,2.0,1.0635617189267477,8,1.880473849715297
Kyneton,1215,1.0,1.0,1.6005520802973783,11,0.6247844180204387
Kyneton,1215,2.0,3.0,2.405253922909273,23,1.2472695591205407
Kyneton,1215,3.0,2.0,2.7710235311244555,34,0.721754967987738
Kyneton,1215,4.0,0.0,0.15960874674214548,7,0.0
Kyneton,1218,0.0,4.0,2.2095177118431204,17,1.8103498236559992
Kyneton,1218,1.0,3.0,1.9068440528286228,14,1.5732802037742855
Kyneton,1218,2.0,6.0,6.379745434567578,53,0.9404763969875677
Kyneton,1218,3.0,4.0,5.273645456184818,68,0.7584886077824754
Kyneton,1218,4.0,0.0,1.1895353284734635,27,0.0
Kyneton,1218,5.0,0.0,0.04071201610239751,1,0.0
Kyneton,1225,0.0,1.0,0.9764394025656147,4,1.0241290932877958
Kyneton,1225,1.0,0.0,0.47889898515633667,4,0.0
Kyneton,1225,2.0,2.0,1.3415456706044775,12,1.490817676821121
Kyneton,1225,3.0,1.0,1.1949010326715204,19,0.8368893930606395
Kyneton,1225,4.0,0.0,0.008214909002050692,1,0.0
Kyneton,1450,0.0,4.0,4.401806023658585,31,0.9087179168052886
Kyneton,1450,1.0,4.0,3.3103678530644145,23,1.208324928692499
Kyneton,1450,2.0,8.0,7.63841243376241,69,1.047338052163738
Kyneton,1450,3.0,9.0,11.82362236177923,126,0.7611880458135396
Kyneton,1450,4.0,5.0,3.175451658979944,36,1.5745791581680568
Kyneton,1450,5.0,1.0,0.6503396687554157,11,1.5376580086429987
Kyneton,1454,0.0,9.0,4.7504922145575925,38,1.8945405220158136
Kyneton,1454,1.0,3.0,3.779350642797448,32,0.7937871564569678
Kyneton,1454,2.0,15.0,11.611502722388986,90,1.291822459041189
Kyneton,1454,3.0,9.0,13.262091131363226,136,0.6786260108495333
Kyneton,1454,4.0,1.0,3.8177323604891886,53,0.26193559568221386
Kyneton,1454,5.0,1.0,0.7788309284035578,12,1.283975717361139
Kyneton,1459,0.0,0.0,0.8067618349714243,3,0.0
Kyneton,1459,1.0,1.0,0.10457839733266024,3,9.562204293674867
Kyneton,1459,2.0,2.0,1.3312904533880399,7,1.5023017666130947
Kyneton,1459,3.0,0.0,0.6580855387729624,12,0.0
Kyneton,1459,4.0,0.0,0.09928377553491297,2,0.0
Kyneton,1460,0.0,0.0,0.8728534110704799,2,0.0
Kyneton,1460,1.0,0.0,0.09216507497721194,1,0.0
Kyneton,1460,2.0,1.0,0.3135321051383708,6,3.189466034295502
Kyneton,1460,3.0,1.0,0.6615747600540051,7,1.511544968732436
Kyneton,1460,4.0,0.0,0.0598746487599323,3,0.0
Kyneton,1461,0.0,2.0,0.18369563216598825,2,10.887575150359538
Kyneton,1461,1.0,0.0,0.1344399352846253,2,0.0
Kyneton,1461,2.0,0.0,1.0568653324704007,6,0.0
Kyneton,1461,3.0,0.0,0.6249991000789856,8,0.0
Kyneton,1469,0.0,4.0,2.4071081445816223,23,1.6617450316903968
Kyneton,1469,1.0,2.0,2.864524633266374,20,0.6981961253792502
Kyneton,1469,2.0,7.0,6.394338426518458,50,1.0947184107381236
Kyneton,1469,3.0,8.0,7.742302292725944,79,1.033284376859861
Kyneton,1469,4.0,2.0,2.9277255123610133,33,0.6831241492946977
Kyneton,1469,5.0,0.0,0.6640009905465883,10,0.0
Kyneton,1472,0.0,0.0,0.2549652139237679,3,0.0
Kyneton,1472,1.0,0.0,0.10218803574579018,2,0.0
Kyneton,1472,2.0,2.0,0.860972065130007,7,2.3229557392178566
Kyneton,1472,3.0,1.0,1.4735248119112527,9,0.6786448330672751
Kyneton,1472,4.0,0.0,0.3083498732891823,5,0.0
Kyneton,1474,0.0,2.0,1.4952590924218594,10,1.337560834865492
Kyneton,1474,1.0,1.0,0.7629349531272196,9,1.3107277309829188
Kyneton,1474,2.0,3.0,2.9865361778280057,21,1.004508173137814
Kyneton,1474,3.0,3.0,3.733148461622366,38,0.8036112227629566
Kyneton,1474,4.0,1.0,1.0141318768868157,13,0.9860650501094613
Kyneton,1479,0.0,3.0,1.8376554567347845,17,1.6325149466976323
Kyneton,1479,1.0,1.0,1.2869046080824078,11,0.7770583722519115
Kyneton,1479,2.0,6.0,5.236019237113862,38,1.145908700539315
Kyneton,1479,3.0,7.0,6.576446005637586,60,1.064404694267896
Kyneton,1479,4.0,0.0,1.9765181293444927,30,0.0
Kyneton,1479,5.0,0.0,0.08645656308686792,3,0.0
Kyneton,1483,0.0,0.0,0.13699505029538558,1,0.0
Kyneton,1483,1.0,0.0,0.09133003353025705,1,0.0
Kyneton,1483,2.0,1.0,0.22595287516251908,2,4.425701594992934
Kyneton,1483,3.0,0.0,0.35001482630414454,4,0.0
Kyneton,1483,4.0,0.0,0.1957072147076937,1,0.0
Kyneton,1488,0.0,1.0,0.8136751459943155,2,1.2289916988652696
Kyneton,1488,1.0,0.0,0.09524236663998828,2,0.0
Kyneton,1488,2.0,1.0,0.3934936098063175,5,2.5413373307185663
Kyneton,1488,3.0,0.0,0.6841019119840388,9,0.0
Kyneton,1488,4.0,0.0,0.013486965575340008,1,0.0
Kyneton,1850,0.0,4.0,2.9678519668315326,32,1.347776117105458
Kyneton,1850,1.0,0.0,2.0120696914310936,20,0.0
Kyneton,1850,2.0,6.0,7.2248374107289965,77,0.8304685156083798
Kyneton,1850,3.0,15.0,12.01280773481548,118,1.2486672833801418
Kyneton,1850,4.0,7.0,6.820305201570805,90,1.0263470318583117
Kyneton,1850,5.0,0.0,0.9621279946220928,21,0.0
Kyneton,1854,0.0,1.0,0.34147722286739446,2,2.9284530066250687
Kyneton,1854,1.0,0.0,0.4203970815022251,3,0.0
Kyneton,1854,2.0,0.0,0.976698021865998,7,0.0
Kyneton,1854,3.0,1.0,0.26142767376438275,9,3.8251497463932274
Kyneton,1856,0.0,2.0,3.0791632835441414,31,0.6495271006537803
Kyneton,1856,1.0,2.0,1.8670407304542296,18,1.0712139094648583
Kyneton,1856,2.0,9.0,8.582583962234716,72,1.0486352408088295
Kyneton,1856,3.0,13.0,12.143435112862502,126,1.0705372803639568
Kyneton,1856,4.0,3.0,3.733664219286297,70,0.8035002142140839
Kyneton,1856,5.0,2.0,1.5941126916181145,21,1.2546164461998524
Kyneton,1860,0.0,1.0,0.614518373904427,2,1.6272906433152885
Kyneton,1860,1.0,0.0,0.10099567477113662,1,0.0
Kyneton,1860,2.0,0.0,0.21165215685337568,5,0.0
Kyneton,1860,3.0,1.0,0.36790089969811546,7,2.718123279449872
Kyneton,1860,4.0,0.0,0.5881757797786533,8,0.0
Kyneton,1860,5.0,0.0,0.1167571149942921,1,0.0
Kyneton,1862,0.0,0.0,0.15222423635475058,2,0.0
Kyneton,1862,1.0,1.0,0.228641421800305,2,4.37366069597572
Kyneton,1862,2.0,1.0,1.1633168035857153,6,0.8596110680406914
Kyneton,1862,3.0,0.0,0.3774940611453446,7,0.0
Kyneton,1862,4.0,0.0,0.0783234771138844,3,0.0
Kyneton,1864,0.0,0.0,0.0386823741779615,1,0.0
Kyneton,1864,1.0,0.0,0.20308246443429787,1,0.0
Kyneton,1864,2.0,0.0,0.31198175695703734,2,0.0
Kyneton,1864,3.0,1.0,0.30396294568980964,5,3.2898746843323705
Kyneton,1864,4.0,0.0,0.14229045874089366,3,0.0
Kyneton,1875,0.0,2.0,1.713458126002699,20,1.1672301585016087
Kyneton,1875,1.0,2.0,2.0664998597409237,15,0.9678200511713266
Kyneton,1875,2.0,3.0,6.205697549609863,54,0.4834267181114237
Kyneton,1875,3.0,9.0,6.451944015144553,79,1.3949284089995873
Kyneton,1875,4.0,4.0,3.135090485050956,50,1.2758802398441733
Kyneton,1875,5.0,0.0,0.3712784113794792,6,0.0
Kyneton,1881,0.0,0.0,0.5257525118064444,5,0.0
Kyneton,1881,1.0,0.0,0.28837829967773143,2,0.0
Kyneton,1881,2.0,2.0,1.1181650216593906,7,1.788644753912924
Kyneton,1881,3.0,1.0,1.6897047034920867,16,0.5918193859159624
Kyneton,1881,4.0,1.0,1.1240765872579244,19,0.889619098320874
Kyneton,1881,5.0,1.0,0.2539228761064225,2,3.9382036598423156
Kyneton,1887,0.0,2.0,1.489661717367861,14,1.342586693799096
Kyneton,1887,1.0,0.0,0.6738084382193151,9,0.0
Kyneton,1887,2.0,4.0,4.046565116775309,34,0.988492680722653
Kyneton,1887,3.0,8.0,5.7129191418203815,64,1.4003348903430928
Kyneton,1887,4.0,0.0,1.9354899411901039,36,0.0
Kyneton,1887,5.0,0.0,0.14155564462702952,3,0.0
Kyneton,1900,0.0,0.0,0.09081146917710556,2,0.0
Kyneton,1900,1.0,0.0,0.08248326874416195,2,0.0
Kyneton,1900,2.0,0.0,0.43582389495093676,4,0.0
Kyneton,1900,3.0,2.0,1.2908339641579578,11,1.5493859439193238
Kyneton,1900,4.0,0.0,0.10004740296983791,3,0.0
Kyneton,2000,0.0,0.0,0.10949656403452485,1,0.0
Kyneton,2000,1.0,0.0,0.07465674820535785,1,0.0
Kyneton,2000,2.0,1.0,0.21659188762969608,3,4.616978091578781
Kyneton,2000,3.0,0.0,0.28318076905480566,1,0.0
Kyneton,2000,4.0,0.0,0.31607403107561566,4,0.0
Kyneton,2006,0.0,0.0,0.22898988457704106,2,0.0
Kyneton,2006,1.0,1.0,0.37586292039560515,2,2.6605444318568985
Kyneton,2006,2.0,1.0,0.8703570590689804,5,1.1489537421224554
Kyneton,2006,3.0,0.0,0.3572047303288285,5,0.0
Kyneton,2006,4.0,0.0,0.16758540562954483,2,0.0
Kyneton,2037,0.0,0.0,0.04857726797434688,1,0.0
Kyneton,2037,1.0,0.0,0.22939265432330472,1,0.0
Kyneton,2037,2.0,0.0,0.48893754185770005,5,0.0
Kyneton,2037,3.0,1.0,0.23309253584464834,2,4.290141665739484
Kyneton,2800,0.0,1.0,0.31127312266577034,3,3.2126127416203243
Kyneton,2800,1.0,0.0,0.07465580366711216,1,0.0
Kyneton,2800,2.0,0.0,0.9494463791974687,10,0.0
Kyneton,2800,3.0,2.0,1.5797608981434192,18,1.2660143711307565
Kyneton,2800,4.0,0.0,0.08486379632622956,2,0.0
Kyneton,2809,0.0,1.0,0.294198032289614,2,3.399071000636678
Kyneton,2809,1.0,0.0,0.4413454959999539,4,0.0
Kyneton,2809,2.0,1.0,0.7780676072319932,5,1.2852353583482805
Kyneton,2809,3.0,0.0,0.4427948457410903,8,0.0
Kyneton,2809,4.0,0.0,0.043594018737348625,1,0.0
Kyneton,2828,0.0,1.0,0.06936800425554053,1,14.415868104207833
Kyneton,2828,1.0,0.0,0.2870400176091333,1,0.0
Kyneton,2828,2.0,0.0,0.45094434138971295,5,0.0
Kyneton,2828,3.0,0.0,0.1844058936657469,3,0.0
Kyneton,2828,4.0,0.0,0.008241743079866203,1,0.0
Kyneton,2837,0.0,2.0,0.9472289091256975,7,2.1114220445890126
Kyneton,2837,1.0,1.0,0.45230682962937674,7,2.2108885705294496
Kyneton,2837,2.0,2.0,2.455287769422093,22,0.8145684692881213
Kyneton,2837,3.0,2.0,2.3431964342486875,29,0.8535349280869282
Kyneton,2837,4.0,0.0,0.7751238871087416,10,0.0
Kyneton,2837,5.0,0.0,0.02685617046540402,1,0.0
Kyneton,2845,0.0,0.0,0.19477543538038494,1,0.0
Kyneton,2845,1.0,0.0,0.08180568285976168,1,0.0
Kyneton,2845,2.0,1.0,0.2598533455545371,2,3.848324514991182
Kyneton,2845,3.0,0.0,0.4635655362053162,4,0.0
Kyneton,2856,0.0,0.0,0.05793747136126258,2,0.0
Kyneton,2856,1.0,0.0,0.04265355385122222,1,0.0
Kyneton,2856,2.0,1.0,0.7181474295778583,6,1.392471738829199
Kyneton,2856,3.0,1.0,1.139928083411796,12,0.8772483234266917
Kyneton,2856,4.0,0.0,0.041333461797861064,1,0.0
Launceston,1100,0.0,16.0,11.611488770294597,78,1.377945612015957
Launceston,1100,1.0,12.0,12.766332468702544,87,0.9399723866990575
Launceston,1100,2.0,33.0,28.17682144699822,241,1.1711753954247246
Launceston,1100,3.0,15.0,21.68530345655121,249,0.6917127090268338
Launceston,1100,4.0,2.0,3.5715557683467063,66,0.5599800562335364
Launceston,1100,5.0,0.0,0.1753614842854223,1,0.0
Launceston,1120,0.0,2.0,1.707429142909135,24,1.171351682912229
Launceston,1120,1.0,4.0,3.3290464445783408,27,1.2015452672684603
Launceston,1120,2.0,13.0,9.61890213463105,71,1.3515055895200287
Launceston,1120,3.0,4.0,7.0218352235773365,76,0.5696516469895407
Launceston,1120,4.0,1.0,2.2542192243073944,27,0.44361257734692977
Launceston,1120,5.0,0.0,0.06856782999674473,1,0.0
Launceston,1200,0.0,43.0,25.556197851089127,195,1.6825664072000237
Launceston,1200,1.0,33.0,23.960691284927705,186,1.377255756421285
Launceston,1200,2.0,64.0,58.32340642201522,557,1.097329595890031
Launceston,1200,3.0,43.0,64.31275695009423,755,0.6686076299507325
Launceston,1200,4.0,11.0,21.131895634392915,366,0.5205401441646866
Launceston,1200,5.0,1.0,1.630350668101621,42,0.6133649769741862
Launceston,1220,0.0,16.0,7.734601244539187,52,2.068626357602647
Launceston,1220,1.0,6.0,6.933125002422216,55,0.8654106190071272
Launceston,1220,2.0,16.0,16.827093568793558,154,0.9508475087862213
Launceston,1220,3.0,11.0,14.921865444328217,191,0.7371732469401865
Launceston,1220,4.0,3.0,5.295201597118522,97,0.5665506676143366
Launceston,1220,5.0,0.0,0.28811314279830014,5,0.0
Launceston,1400,0.0,39.0,24.00352405101581,176,1.6247614274100537
Launceston,1400,1.0,16.0,17.660253512266443,157,0.9059892593776604
Launceston,1400,2.0,62.0,48.37214713057598,427,1.2817293355334618
Launceston,1400,3.0,43.0,54.60725414372168,649,0.7874411682892465
Launceston,1400,4.0,14.0,27.328088693222178,392,0.5122934193152057
Launceston,1400,5.0,2.0,3.9200166674841808,93,0.5102019123004331
Launceston,1420,0.0,9.0,7.029902124388189,53,1.2802454203134823
Launceston,1420,1.0,6.0,5.098652111842541,44,1.1767816019578814
Launceston,1420,2.0,16.0,15.989447857500231,137,1.000659944145277
Launceston,1420,3.0,16.0,17.103312963126147,195,0.9354912720415728
Launceston,1420,4.0,6.0,7.160273977349486,113,0.8379567624060408
Launceston,1420,5.0,0.0,0.5806705021554165,16,0.0
Launceston,1450,0.0,3.0,0.9684173590773708,8,3.0978379020984876
Launceston,1450,1.0,1.0,0.9557603592083811,6,1.046287377756764
Launceston,1450,2.0,3.0,2.138226493696166,20,1.403031909315725
Launceston,1450,3.0,1.0,2.8619722311517455,32,0.3494093999638736
Launceston,1450,4.0,0.0,1.0756235568663368,13,0.0
Launceston,1600,0.0,16.0,11.887934416341372,97,1.3459024452562682
Launceston,1600,1.0,4.0,8.142392423491465,79,0.49125610655409757
Launceston,1600,2.0,38.0,23.131541440893326,228,1.6427785453511248
Launceston,1600,3.0,30.0,36.69901916163262,378,0.8174605394185526
Launceston,1600,4.0,8.0,15.710667048566084,228,0.5092081689001335
Launceston,1600,5.0,1.0,1.4284455090751351,28,0.700061705992175
Launceston,1620,0.0,7.0,2.9997886199984545,29,2.3334977515861124
Launceston,1620,1.0,2.0,2.776055609786104,25,0.7204466628656984
Launceston,1620,2.0,7.0,7.896712477018449,69,0.8864448364267887
Launceston,1620,3.0,10.0,9.661090559822796,111,1.035079832662641
Launceston,1620,4.0,3.0,5.127794734242538,70,0.5850468194380934
Launceston,1620,5.0,0.0,0.5385579991316582,11,0.0
Launceston,2100,0.0,6.0,4.737648793732174,54,1.2664509889246949
Launceston,2100,1.0,5.0,5.160041905055952,42,0.9689843788091841
Launceston,2100,2.0,11.0,12.639273398391603,114,0.8703031933307015
Launceston,2100,3.0,25.0,17.523481544064886,187,1.4266571364334488
Launceston,2100,4.0,6.0,11.353836731145254,133,0.5284557231249515
Launceston,2100,5.0,1.0,2.5655835429388945,41,0.38977487314815434
Launceston,2150,0.0,6.0,1.9177951961542592,18,3.1285926735199654
Launceston,2150,1.0,2.0,1.1743039578606629,11,1.7031365572875896
Launceston,2150,2.0,3.0,4.435304259389863,38,0.676391026308687
Launceston,2150,3.0,6.0,5.89765849345965,57,1.017352904827203
Launceston,2150,4.0,1.0,4.259831387266666,39,0.2347510755916687
Launceston,2150,5.0,0.0,0.3151067058688997,3,0.0
Launceston,2400,0.0,0.0,0.5986652296452954,9,0.0
Launceston,2400,1.0,0.0,1.259555441687574,10,0.0
Launceston,2400,2.0,2.0,2.222050895134085,18,0.9000693928206871
Launceston,2400,3.0,5.0,3.3989607465730107,36,1.4710378768102077
Launceston,2400,4.0,2.0,1.112777402529668,19,1.7973046500166305
Launceston,2400,5.0,0.0,0.2029562948385094,6,0.0
Launceston,2450,0.0,0.0,0.15421126115990402,2,0.0
Launceston,2450,1.0,0.0,0.1849374558086752,1,0.0
Launceston,2450,2.0,1.0,0.5410922211318436,3,1.8481137982509233
Launceston,2450,3.0,0.0,0.31213784914047954,6,0.0
Launceston,2450,4.0,1.0,0.6715806921881842,4,1.4890243445530582
Launceston,2450,5.0,0.0,0.13604052057091326,4,0.0
Laverton,1600,0.0,1.0,0.6729361457523206,2,1.4860250951181002
Laverton,1600,2.0,1.0,0.77353039270325,6,1.2927740259892164
Laverton,1600,4.0,0.0,0.5131820285071068,7,0.0
Laverton,1600,5.0,0.0,0.04035143303732282,1,0.0
Leeton,1050,0.0,3.0,2.315716842458519,12,1.2954951766965603
Leeton,1050,1.0,1.0,1.9971323152365728,21,0.5007179506188821
Leeton,1050,2.0,5.0,4.09784319811852,36,1.2201540562351667
Leeton,1050,3.0,2.0,2.568322952719689,30,0.7787182674523577
Leeton,1050,4.0,0.0,0.02098469146669983,3,0.0
Leeton,1150,0.0,4.0,2.33453511563339,16,1.7134032267125474
Leeton,1150,1.0,0.0,1.404322105131916,15,0.0
Leeton,1150,2.0,8.0,5.554249628251203,50,1.4403385759452911
Leeton,1150,3.0,4.0,6.252521116002554,61,0.639741941816477
Leeton,1150,4.0,0.0,0.4503083444983007,15,0.0
Leeton,1150,5.0,0.0,0.0040636904826368446,1,0.0
Leeton,1600,0.0,0.0,0.7223089093483894,7,0.0
Leeton,1600,1.0,0.0,0.04386292584694536,1,0.0
Leeton,1600,2.0,4.0,2.490114052618138,16,1.606352125033931
Leeton,1600,3.0,1.0,2.05434055456052,25,0.4867742097482603
Leeton,1600,4.0,1.0,1.5412201716625578,21,0.6488365636437731
Leeton,1600,5.0,1.0,0.14815338596344974,5,6.749761360477482
Leeton,1900,0.0,0.0,0.4195557560589337,4,0.0
Leeton,1900,1.0,1.0,0.21223697347395895,2,4.711714380542173
Leeton,1900,2.0,0.0,1.1841693879736017,9,0.0
Leeton,1900,3.0,2.0,1.2784967539537897,14,1.564337174744433
Leeton,1900,4.0,1.0,0.9055411285397159,5,1.1043120720674602
Leinster,1400,0.0,0.0,0.0816967724854735,1,0.0
Leinster,1400,1.0,0.0,0.11070023372015378,2,0.0
Leinster,1400,2.0,1.0,0.3023841579007785,3,3.3070515563455234
Leinster,1400,3.0,0.0,0.5052188358935942,3,0.0
Leinster,1600,0.0,0.0,0.2807403127249826,1,0.0
Leinster,1600,1.0,1.0,0.3464454922989147,1,2.886456952764147
Leinster,1600,2.0,0.0,0.05815335049303211,1,0.0
Leinster,1600,3.0,0.0,0.029310335446182688,2,0.0
Leinster,1600,4.0,0.0,0.18358214567408176,2,0.0
Leinster,1600,5.0,0.0,0.10176836336280619,1,0.0
Leonora,1200,0.0,0.0,0.09451592130682192,1,0.0
Leonora,1200,1.0,0.0,0.1071180441477315,1,0.0
Leonora,1200,2.0,1.0,0.6385528235185891,4,1.5660411530086809
Leonora,1200,3.0,0.0,0.13389755518466437,1,0.0
Leonora,1200,5.0,0.0,0.025915655842193106,1,0.0
Lismore,1010,0.0,1.0,0.0633285285644554,1,15.790671639910377
Lismore,1010,1.0,0.0,0.23673000664915803,2,0.0
Lismore,1010,2.0,0.0,0.13608612740186685,3,0.0
Lismore,1010,3.0,0.0,0.18093865304130113,2,0.0
Lismore,1100,0.0,3.0,1.3366597000673197,8,2.2444007250677998
Lismore,1100,1.0,0.0,1.184865945946359,7,0.0
Lismore,1100,2.0,3.0,3.0422282612533307,26,0.9861192988734074
Lismore,1100,3.0,1.0,1.7242466318111171,28,0.5799634353640107
Lismore,1100,4.0,1.0,0.6359469090216187,11,1.5724583071540734
Lismore,1110,0.0,12.0,6.587650871014975,42,1.821590159369076
Lismore,1110,1.0,8.0,6.672704805516412,45,1.1989141185125252
Lismore,1110,2.0,17.0,15.220464869157162,127,1.116917265414731
Lismore,1110,3.0,5.0,11.152088426622269,150,0.4483465166994191
Lismore,1110,4.0,0.0,1.9954983554710117,46,0.0
Lismore,1110,5.0,0.0,0.3549961293367869,5,0.0
Lismore,1120,0.0,3.0,2.2528502115471376,11,1.3316464559531278
Lismore,1120,1.0,2.0,1.7144181381033063,15,1.166576551863035
Lismore,1120,2.0,4.0,4.487882007142556,31,0.8912890297993393
Lismore,1120,3.0,2.0,2.343055791950932,36,0.8535861616571714
Lismore,1120,4.0,0.0,0.10588102640326102,8,0.0
Lismore,1120,5.0,0.0,0.0959128248528074,2,0.0
Lismore,1200,0.0,2.0,1.0882786957008723,8,1.8377645431274032
Lismore,1200,1.0,1.0,1.170697804699816,6,0.8541914027560806
Lismore,1200,2.0,3.0,2.7261655327936127,28,1.1004467498075137
Lismore,1200,3.0,1.0,2.05154133655785,29,0.4874383870216508
Lismore,1200,4.0,1.0,0.9578410258038544,19,1.0440145839031736
Lismore,1200,5.0,0.0,0.005475604443994468,1,0.0
Lismore,1210,0.0,6.0,4.6761475541564606,37,1.2831075004608898
Lismore,1210,1.0,5.0,6.5755030343211,37,0.760398097894914
Lismore,1210,2.0,18.0,12.974978847247009,113,1.3872854986441219
Lismore,1210,3.0,7.0,9.34362266425518,137,0.7491740892725787
Lismore,1210,4.0,1.0,3.1286261009467404,60,0.3196291176172807
Lismore,1210,5.0,0.0,0.30112179907351105,5,0.0
Lismore,1220,0.0,2.0,0.7393077665233719,4,2.7052333149495915
Lismore,1220,1.0,1.0,0.6041515640738584,3,1.6552137898260055
Lismore,1220,2.0,0.0,1.576431532901685,11,0.0
Lismore,1220,3.0,1.0,0.6366856957036668,13,1.5706336843248805
Lismore,1220,4.0,0.0,0.4434234407974179,7,0.0
Lismore,1300,0.0,3.0,0.9660723666144078,6,3.1053574283606453
Lismore,1300,1.0,1.0,0.9301182348433213,6,1.0751321310977742
Lismore,1300,2.0,2.0,1.3576082427055565,13,1.4731790343392663
Lismore,1300,3.0,0.0,1.5042725066177254,23,0.0
Lismore,1300,4.0,0.0,1.2006844424021788,14,0.0
Lismore,1300,5.0,0.0,0.041244206816810305,1,0.0
Lismore,1310,0.0,5.0,3.8812965115136606,36,1.2882293288255007
Lismore,1310,1.0,6.0,4.571105437568102,32,1.3125927813190177
Lismore,1310,2.0,11.0,10.33400080558533,86,1.064447372024077
Lismore,1310,3.0,11.0,11.516508738021626,131,0.9551505799395282
Lismore,1310,4.0,3.0,5.380286580938876,89,0.5575911161736837
Lismore,1310,5.0,0.0,0.3168019263724062,8,0.0
Lismore,1320,0.0,5.0,1.055076925674004,8,4.738990947798333
Lismore,1320,1.0,1.0,0.6298091110042108,3,1.5877826829236108
Lismore,1320,2.0,1.0,2.525003514747753,23,0.39603905268222944
Lismore,1320,3.0,0.0,1.9934291844911538,26,0.0
Lismore,1320,4.0,1.0,1.4912828845047676,19,0.6705635868221507
Lismore,1320,5.0,0.0,0.30539837957811017,5,0.0
Lismore,1400,0.0,3.0,1.05607703098355,7,2.8407018730499494
Lismore,1400,1.0,0.0,0.47590958847743775,7,0.0
Lismore,1400,2.0,1.0,2.2270992871825466,19,0.44901455707665267
Lismore,1400,3.0,3.0,1.9497410459469413,25,1.538665868596398
Lismore,1400,4.0,0.0,1.2911730474095247,17,0.0
Lismore,1410,0.0,6.0,3.803059927903831,33,1.5776769532283121
Lismore,1410,1.0,2.0,2.4498567436898746,23,0.8163742656183567
Lismore,1410,2.0,13.0,8.138362610473074,78,1.5973729142113422
Lismore,1410,3.0,9.0,12.452158269548686,130,0.7227662711298155
Lismore,1410,4.0,3.0,4.927936506381891,72,0.6087740773678537
Lismore,1410,5.0,0.0,1.2286259420026446,17,0.0
Lismore,1420,0.0,0.0,0.502651563052592,4,0.0
Lismore,1420,1.0,0.0,0.3921107474507711,2,0.0
Lismore,1420,2.0,4.0,1.9178430717568453,12,2.085676382445509
Lismore,1420,3.0,0.0,0.8153856234268538,16,0.0
Lismore,1420,4.0,0.0,0.37200899431293766,7,0.0
Lismore,1426,0.0,1.0,0.2369772695728156,1,4.2198140007378715
Lismore,1426,1.0,0.0,0.09757887570645349,1,0.0
Lismore,1426,2.0,0.0,0.1995931548541094,2,0.0
Lismore,1426,3.0,0.0,0.25878640962277283,3,0.0
Lismore,1426,4.0,0.0,0.2070642902438487,2,0.0
Lismore,1516,0.0,1.0,0.7741516127059889,8,1.2917366360635418
Lismore,1516,1.0,0.0,0.29247180028226183,4,0.0
Lismore,1516,2.0,6.0,2.6496047436136125,20,2.2644886994793856
Lismore,1516,3.0,1.0,3.228709475788252,30,0.30972127021613227
Lismore,1516,4.0,0.0,0.9855700795584991,22,0.0
Lismore,1516,5.0,0.0,0.06949228805138566,3,0.0
Lismore,1526,0.0,6.0,5.138780968975453,40,1.167592087739099
Lismore,1526,1.0,3.0,2.895699874371482,34,1.036018969559529
Lismore,1526,2.0,12.0,10.94404382067362,95,1.0964868376469443
Lismore,1526,3.0,14.0,13.322590138481532,145,1.0508467088214182
Lismore,1526,4.0,5.0,6.978015636293155,100,0.7165360842693795
Lismore,1526,5.0,0.0,0.7208695612047573,13,0.0
Lismore,1536,0.0,1.0,0.4853909140803018,3,2.0601951354914783
Lismore,1536,1.0,0.0,0.13790280683794148,1,0.0
Lismore,1536,2.0,0.0,0.45779212870675207,6,0.0
Lismore,1536,3.0,1.0,0.9923282951432942,10,1.0077310149214258
Lismore,1536,4.0,1.0,0.795081152777136,6,1.2577332471120761
Lismore,1536,5.0,0.0,0.13150470245457413,3,0.0
Lismore,2100,0.0,0.0,0.01912937956842149,2,0.0
Lismore,2100,1.0,1.0,0.25039479638484696,1,3.993693217422295
Lismore,2100,2.0,1.0,0.6287923121620078,6,1.5903502327527677
Lismore,2100,3.0,0.0,1.0265650729692695,9,0.0
Lismore,2100,4.0,0.0,0.07511843891545408,1,0.0
Lismore,2110,0.0,3.0,2.3502799769689147,14,1.276443670285193
Lismore,2110,1.0,2.0,1.1425775144737171,9,1.7504282857528668
Lismore,2110,2.0,5.0,3.232841921740745,32,1.546626813508938
Lismore,2110,3.0,3.0,5.2808313465941055,51,0.568092370898166
Lismore,2110,4.0,1.0,1.9877965070273642,24,0.5030696031835988
Lismore,2110,5.0,0.0,0.0056727331951534395,1,0.0
Lismore,2120,0.0,0.0,0.3649717779066458,4,0.0
Lismore,2120,1.0,1.0,0.5016156830643091,5,1.9935580839321485
Lismore,2120,2.0,1.0,1.201863525764294,11,0.8320412247838838
Lismore,2120,3.0,2.0,1.5733612284477025,14,1.2711639030111506
Lismore,2120,4.0,0.0,0.3581877848170487,7,0.0
Longford,1400,0.0,0.0,0.9691144003448506,8,0.0
Longford,1400,1.0,1.0,0.9439492858676259,7,1.0593789464874221
Longford,1400,2.0,4.0,3.2294790218501745,19,1.2385898694298973
Longford,1400,3.0,2.0,1.3215628986508534,15,1.5133596759123187
Longford,1400,4.0,1.0,1.3979792882771316,14,0.71531817987976
Longford,1400,5.0,0.0,0.13791510500936424,1,0.0
Longford,1800,0.0,2.0,1.078955327706196,5,1.8536448624354984
Longford,1800,1.0,0.0,0.8599969687471339,6,0.0
Longford,1800,2.0,2.0,1.0893122680975358,8,1.8360208165955607
Longford,1800,3.0,1.0,1.506318046158236,20,0.663870424012003
Longford,1800,4.0,0.0,0.30379749022801966,4,0.0
Longford,1800,5.0,0.0,0.1616198990628784,1,0.0
Longford,2400,0.0,0.0,0.10922181198438938,1,0.0
Longford,2400,3.0,0.0,0.1820363533073156,2,0.0
Longford,2400,4.0,1.0,0.5917184647250208,4,1.6899928929287562
Longford,2400,5.0,0.0,0.11702336998327433,1,0.0
Longreach,1000,0.0,5.0,1.3531456563227344,12,3.6950937074932795
Longreach,1000,1.0,2.0,2.7481309034071066,25,0.7277673700042523
Longreach,1000,2.0,4.0,6.3142040688450995,59,0.6334923541252636
Longreach,1000,3.0,1.0,1.584519371425059,22,0.6311062004250768
Longreach,1100,0.0,1.0,0.6348590588558627,4,1.5751527619408803
Longreach,1100,1.0,0.0,0.8733153477539934,8,0.0
Longreach,1100,2.0,1.0,0.9886457673194128,12,1.0114846318630106
Longreach,1100,3.0,2.0,1.503179826070731,17,1.3305128004730762
Longreach,1200,0.0,5.0,2.2128141449321914,15,2.2595661779598837
Longreach,1200,1.0,3.0,2.346454092292491,20,1.2785249069454383
Longreach,1200,2.0,5.0,3.9697570439219256,48,1.2595229241183599
Longreach,1200,3.0,2.0,4.81520101988244,46,0.41535129930023745
Longreach,1200,4.0,0.0,1.5757349231637185,16,0.0
Longreach,1200,5.0,0.0,0.08003877580723415,1,0.0
Longreach,1300,0.0,1.0,0.25628802960295294,2,3.9018599563515393
Longreach,1300,1.0,0.0,0.1746858015853218,2,0.0
Longreach,1300,2.0,1.0,0.6462647047034167,6,1.5473535731135422
Longreach,1300,3.0,0.0,0.9127942888973292,8,0.0
Longreach,1300,4.0,0.0,0.009967175210979375,1,0.0
Longreach,1400,0.0,3.0,1.1269826374239185,9,2.6619753493784657
Longreach,1400,1.0,0.0,0.9154840021255015,8,0.0
Longreach,1400,2.0,2.0,2.03460952478511,19,0.9829895985625224
Longreach,1400,3.0,4.0,3.5590498256192724,33,1.1238954765978872
Longreach,1400,4.0,0.0,1.31875482056784,18,0.0
Longreach,1400,5.0,0.0,0.04511918947835722,1,0.0
Longreach,1600,0.0,1.0,1.0724969040323837,6,0.9324036239547087
Longreach,1600,1.0,0.0,0.24401949115391897,3,0.0
Longreach,1600,2.0,0.0,2.1609262195323944,19,0.0
Longreach,1600,3.0,4.0,1.6499985756352726,23,2.424244516974776
Longreach,1600,4.0,1.0,0.7192829690357866,9,1.3902734293021288
Longreach,1600,5.0,0.0,0.15327584061024346,4,0.0
Mackay,1050,0.0,16.0,11.738690266305202,69,1.3630140703112752
Mackay,1050,1.0,14.0,11.611914369323197,87,1.2056582191981833
Mackay,1050,2.0,29.0,26.40776490807015,214,1.098161851294642
Mackay,1050,3.0,10.0,16.43116998275908,236,0.6085993882658881
Mackay,1050,4.0,0.0,2.5027864126190735,49,0.0
Mackay,1050,5.0,0.0,0.3076740609233003,4,0.0
Mackay,1100,0.0,47.0,32.333951360688765,174,1.4535804633250622
Mackay,1100,1.0,27.0,25.01434412563742,185,1.079380689111391
Mackay,1100,2.0,68.0,59.30900595265611,550,1.1465375099067003
Mackay,1100,3.0,28.0,48.44810725926771,614,0.5779379543179953
Mackay,1100,4.0,4.0,8.62940169141314,187,0.46353155676833085
Mackay,1100,5.0,0.0,0.2651896103368575,9,0.0
Mackay,1200,0.0,18.0,20.027947650214518,114,0.8987441106980926
Mackay,1200,1.0,12.0,12.263083506489357,102,0.9785467083910715
Mackay,1200,2.0,43.0,36.436711278624934,311,1.1801284608587967
Mackay,1200,3.0,38.0,35.54663160953045,405,1.0690183086099154
Mackay,1200,4.0,3.0,9.045660335659312,168,0.33165074617864687
Mackay,1200,5.0,0.0,0.6799656194814295,17,0.0
Mackay,1300,0.0,26.0,23.080749011083917,164,1.1264799070218299
Mackay,1300,1.0,18.0,16.004447094867817,139,1.1246874005270762
Mackay,1300,2.0,63.0,52.73220287861762,427,1.1947158768431778
Mackay,1300,3.0,45.0,53.31727274446314,610,0.8440041600716183
Mackay,1300,4.0,12.0,18.13136466331501,334,0.6618365590693494
Mackay,1300,5.0,0.0,0.6946931031775551,19,0.0
Mackay,1560,0.0,24.0,17.117231793537492,119,1.4020958697925126
Mackay,1560,1.0,5.0,8.475747819877997,78,0.5899184480540588
Mackay,1560,2.0,32.0,31.592447049566353,264,1.012900328670148
Mackay,1560,3.0,49.0,42.971577108128706,412,1.140288611625821
Mackay,1560,4.0,9.0,17.723642198444242,257,0.507796303899094
Mackay,1560,5.0,0.0,0.9209453883405414,20,0.0
Mackay,1800,0.0,10.0,6.135925487324513,43,1.6297459968602659
Mackay,1800,1.0,3.0,3.0034823629133536,25,0.9988405582278913
Mackay,1800,2.0,8.0,9.38434368773069,88,0.852483696910993
Mackay,1800,3.0,16.0,14.752888633677859,144,1.084533368161896
Mackay,1800,4.0,4.0,7.407308634761591,95,0.5400072006218953
Mackay,1800,5.0,2.0,2.3160511935919947,29,0.8635387704440908
Mackay,2000,0.0,1.0,2.0131281739432243,15,0.49673935964109295
Mackay,2000,1.0,1.0,1.2923187352569954,14,0.7738029115558216
Mackay,2000,2.0,5.0,3.8223735567736963,34,1.308087743318392
Mackay,2000,3.0,4.0,4.29369959218854,51,0.931597545221174
Mackay,2000,4.0,4.0,2.7661033252689453,52,1.4460775790474436
Mackay,2000,5.0,0.0,0.8123766165685984,12,0.0
Manangatang,1175,0.0,0.0,1.3768387993172166,10,0.0
Manangatang,1175,1.0,1.0,1.5382442248007009,11,0.6500918279927641
Manangatang,1175,2.0,2.0,2.587894608436704,24,0.7728289990944262
Manangatang,1175,3.0,6.0,2.8675681056327518,29,2.092365300135061
Manangatang,1175,4.0,1.0,1.0873553612885616,12,0.9196625460281523
Manangatang,1175,5.0,0.0,0.5420989005240652,3,0.0
Manangatang,1550,0.0,1.0,1.0145006075068268,10,0.9857066546835663
Manangatang,1550,1.0,1.0,0.8328196534813288,9,1.2007401552302814
Manangatang,1550,2.0,4.0,2.0576843556825186,24,1.9439327460276237
Manangatang,1550,3.0,4.0,4.422443292739789,36,0.9044773974980519
Manangatang,1550,4.0,0.0,1.6725520905895361,15,0.0
Manangatang,2000,0.0,2.0,0.7107829874938479,7,2.8137983536322477
Manangatang,2000,1.0,0.0,0.5023632876121866,5,0.0
Manangatang,2000,2.0,1.0,1.978784363945335,14,0.5053607751408458
Manangatang,2000,3.0,4.0,2.7206028853029296,25,1.4702623531014207
Manangatang,2000,4.0,0.0,1.0874664756457006,11,0.0
Marble Bar,1200,0.0,0.0,0.03879302778704207,1,0.0
Marble Bar,1200,1.0,0.0,0.23960399515525987,1,0.0
Marble Bar,1200,2.0,1.0,0.17904474363250186,2,5.585196078431373
Marble Bar,1200,3.0,0.0,0.5425582334251962,4,0.0
Marble Bar,1400,0.0,0.0,0.06792565499738747,1,0.0
Marble Bar,1400,2.0,0.0,0.1254012092259461,1,0.0
Marble Bar,1400,3.0,1.0,0.28625811748899005,3,3.493350717079531
Marble Bar,1400,4.0,0.0,0.48906471598118983,2,0.0
Marble Bar,1400,5.0,0.0,0.03135030230648653,1,0.0
Marble Bar,1600,0.0,0.0,0.06315733606956152,1,0.0
Marble Bar,1600,1.0,0.0,0.24148393203067642,1,0.0
Marble Bar,1600,2.0,1.0,0.1975777625705534,2,5.061298331298333
Marble Bar,1600,3.0,0.0,0.34849999316479047,3,0.0
Marble Bar,1600,4.0,0.0,0.14928097616441813,1,0.0
Mildura,1000,0.0,4.0,4.5696058470187575,30,0.8753490200056593
Mildura,1000,1.0,3.0,5.528492368127149,49,0.542643418899444
Mildura,1000,2.0,15.0,12.361412870640516,115,1.2134535232316663
Mildura,1000,3.0,8.0,7.167260958579464,92,1.1161865106116609
Mildura,1000,4.0,0.0,0.3732279556341136,6,0.0
Mildura,1008,0.0,0.0,0.11424353508860174,2,0.0
Mildura,1008,1.0,0.0,0.4494100937111995,4,0.0
Mildura,1008,2.0,2.0,1.1990334776530625,9,1.668010140896746
Mildura,1008,3.0,0.0,0.23731289354713617,4,0.0
Mildura,1009,0.0,1.0,0.4455325442407323,3,2.244504947902695
Mildura,1009,1.0,0.0,0.7349916612517324,6,0.0
Mildura,1009,2.0,2.0,0.8322092768950862,11,2.403241655106103
Mildura,1009,3.0,0.0,0.8408270882443847,7,0.0
Mildura,1009,4.0,0.0,0.1464394293680643,2,0.0
Mildura,1012,0.0,1.0,0.24148306624517546,2,4.1410771179487575
Mildura,1012,1.0,0.0,0.5479869519268067,5,0.0
Mildura,1012,2.0,1.0,0.5169922347367333,6,1.934265029162822
Mildura,1012,3.0,0.0,0.6935377470912847,7,0.0
Mildura,1100,0.0,1.0,0.4506519279080769,8,2.2190074824310484
Mildura,1100,1.0,2.0,2.2442250856210553,12,0.8911762072414988
Mildura,1100,2.0,2.0,3.034240233677968,28,0.6591435898190866
Mildura,1100,3.0,3.0,2.1228506635079545,27,1.4131940845252766
Mildura,1100,4.0,0.0,0.14803208928494527,4,0.0
Mildura,1109,0.0,0.0,0.5090748467586863,2,0.0
Mildura,1109,1.0,0.0,0.2205829789669876,3,0.0
Mildura,1109,2.0,1.0,0.6081899422838444,8,1.6442231784446322
Mildura,1109,3.0,1.0,0.45454670908065564,8,2.199993928066385
Mildura,1109,4.0,0.0,0.20760552290982615,2,0.0
Mildura,1112,0.0,1.0,0.2607622362205304,2,3.8349111224613273
Mildura,1112,1.0,1.0,0.6344923282188125,4,1.576063185519144
Mildura,1112,2.0,0.0,0.7445913128234009,7,0.0
Mildura,1112,3.0,0.0,0.36015412273725617,3,0.0
Mildura,1200,0.0,5.0,4.291737798589513,35,1.1650292339954362
Mildura,1200,1.0,3.0,3.638022683628675,33,0.8246237752997484
Mildura,1200,2.0,13.0,11.033464532115358,107,1.1782337236106213
Mildura,1200,3.0,12.0,13.776674834801122,139,0.8710374704995518
Mildura,1200,4.0,2.0,2.2116871002223917,42,0.9042870484703257
Mildura,1208,0.0,1.0,0.26328887400016154,1,3.798109600329661
Mildura,1208,2.0,0.0,0.4533239887018911,4,0.0
Mildura,1208,3.0,0.0,0.12344099385254154,4,0.0
Mildura,1208,4.0,0.0,0.1599461434454059,3,0.0
Mildura,1209,0.0,0.0,0.4230802402328874,5,0.0
Mildura,1209,1.0,2.0,0.7221726107586229,5,2.76942100850246
Mildura,1209,2.0,1.0,1.2549982213161732,17,0.7968138783107237
Mildura,1209,3.0,2.0,1.7339783060639093,16,1.1534169677935324
Mildura,1209,4.0,0.0,0.7896465294186216,6,0.0
Mildura,1209,5.0,0.0,0.07612409220978553,1,0.0
Mildura,1212,0.0,0.0,0.15679493911382308,2,0.0
Mildura,1212,1.0,0.0,0.11281983215298516,2,0.0
Mildura,1212,2.0,0.0,0.19542469268235957,3,0.0
Mildura,1212,3.0,1.0,0.9483916736640542,10,1.05441668012179
Mildura,1212,4.0,1.0,0.586568862386778,7,1.7048296698378262
Mildura,1300,0.0,1.0,0.3787516995334344,3,2.6402521790182085
Mildura,1300,1.0,0.0,0.3955156404502629,3,0.0
Mildura,1300,2.0,0.0,0.7798156557251966,11,0.0
Mildura,1300,3.0,2.0,1.435623836834967,13,1.3931225915064764
Mildura,1300,4.0,0.0,0.010293167456139141,1,0.0
Mildura,1400,0.0,5.0,4.1337389786430645,49,1.2095587132696253
Mildura,1400,1.0,3.0,3.0608201531630574,33,0.9801294587334033
Mildura,1400,2.0,10.0,13.861741616974117,134,0.7214100707053074
Mildura,1400,3.0,25.0,19.67237420963063,195,1.270817631547555
Mildura,1400,4.0,6.0,7.88152076760754,104,0.7612744008313155
Mildura,1400,5.0,0.0,0.38980427398159473,8,0.0
Mildura,1408,0.0,0.0,0.15474030680591927,2,0.0
Mildura,1408,1.0,0.0,0.04835376009001055,2,0.0
Mildura,1408,2.0,0.0,0.9640139034071146,7,0.0
Mildura,1408,3.0,2.0,0.6030668637592153,7,3.3163818478319413
Mildura,1408,4.0,0.0,0.13247851397617955,4,0.0
Mildura,1408,5.0,0.0,0.0973466519615607,3,0.0
Mildura,1409,0.0,1.0,0.4703854334815222,6,2.1259161717627513
Mildura,1409,1.0,0.0,0.35808698025248925,2,0.0
Mildura,1409,2.0,2.0,1.7683890238723992,19,1.1309728645682393
Mildura,1409,3.0,2.0,2.0842480528853375,25,0.9595786822164912
Mildura,1409,4.0,1.0,1.2718630882361268,15,0.7862481498593076
Mildura,1409,5.0,0.0,0.04702742127212539,2,0.0
Mildura,1412,0.0,0.0,0.5261546939168676,4,0.0
Mildura,1412,1.0,0.0,0.3422765041157897,1,0.0
Mildura,1412,2.0,2.0,1.2220594967990015,11,1.6365815291634287
Mildura,1412,3.0,1.0,1.1615602859982612,18,0.8609109764290761
Mildura,1412,4.0,1.0,0.48698920146127195,10,2.0534336223459886
Mildura,1412,5.0,0.0,0.26095981770880783,2,0.0
Mildura,1900,0.0,2.0,0.5204893438457754,5,3.8425378418364198
Mildura,1900,1.0,0.0,0.14083999905962052,3,0.0
Mildura,1900,2.0,1.0,0.9944229180924389,12,1.0056083601917174
Mildura,1900,3.0,1.0,1.856457535240608,16,0.5386603146138723
Mildura,1900,4.0,1.0,1.1815526151738294,16,0.8463440283214815
Mildura,1900,5.0,0.0,0.2248016456223199,3,0.0
Mildura,1909,0.0,0.0,0.00824774094856446,1,0.0
Mildura,1909,3.0,1.0,0.4144804810884931,3,2.4126588479482494
Mildura,1909,4.0,0.0,0.22898323461535894,5,0.0
Mildura,1909,5.0,0.0,0.3482885433475836,3,0.0
Mildura,1912,0.0,0.0,0.1728285641934667,1,0.0
Mildura,1912,1.0,1.0,0.19751835907824766,1,5.062820512820513
Mildura,1912,2.0,0.0,0.16295264623955433,2,0.0
Mildura,1912,3.0,0.0,0.46670043048873133,4,0.0
Mildura,2000,0.0,7.0,3.198271204003898,35,2.18868243294588
Mildura,2000,1.0,3.0,3.181775916414989,22,0.9428696673838044
Mildura,2000,2.0,8.0,9.325496803609294,87,0.8578631432165329
Mildura,2000,3.0,13.0,13.445930432008552,125,0.9668352863891816
Mildura,2000,4.0,4.0,5.727420051187341,66,0.6983947334490976
Mildura,2000,5.0,0.0,0.12110559277592609,3,0.0
Mildura,2008,0.0,0.0,0.46867757906482055,2,0.0
Mildura,2008,2.0,0.0,0.5161258004590554,4,0.0
Mildura,2008,3.0,1.0,0.7276525153312133,6,1.3742823379711941
Mildura,2008,4.0,1.0,0.2875441051449106,7,3.477727354195074
Mildura,2009,0.0,1.0,0.41239765598285194,4,2.4248440443162496
Mildura,2009,1.0,1.0,0.32179949088607496,1,3.107525115240238
Mildura,2009,2.0,2.0,1.41608262079638,11,1.4123469708817098
Mildura,2009,3.0,0.0,1.4062308176140947,15,0.0
Mildura,2009,4.0,0.0,0.44348941472059855,9,0.0
Mildura,2012,0.0,0.0,0.17381192172049384,3,0.0
Mildura,2012,1.0,1.0,0.48488179779251184,1,2.0623582995951417
Mildura,2012,2.0,0.0,0.8013000743260487,8,0.0
Mildura,2012,3.0,1.0,1.1910488258927603,15,0.8395961427109774
Mildura,2012,4.0,1.0,0.34895738026818546,2,2.8656794684539024
Mingenew,1200,0.0,1.0,1.1996744975976759,6,0.8335594379996241
Mingenew,1200,1.0,0.0,0.32941136639737967,4,0.0
Mingenew,1200,2.0,3.0,1.8752893356845792,13,1.599753138309637
Mingenew,1200,3.0,1.0,1.3254189867118262,15,0.754478402698045
Mingenew,1200,4.0,1.0,1.0889169871616988,16,0.9183436495067782
Mingenew,1200,5.0,0.0,0.18128882644684058,1,0.0
Mingenew,1400,0.0,1.0,0.3679544608745293,3,2.7177276166818785
Mingenew,1400,1.0,0.0,0.23632741809977278,2,0.0
Mingenew,1400,2.0,0.0,0.6415514988207948,5,0.0
Mingenew,1400,3.0,1.0,0.9981286334615714,9,1.0018748751169861
Mingenew,1400,4.0,1.0,0.7560379887433317,7,1.3226848582862563
Moe,1000,0.0,20.0,6.809322046877776,61,2.9371499632875255
Moe,1000,1.0,17.0,11.416906097396028,95,1.4890198671142059
Moe,1000,2.0,17.0,24.672001779516187,236,0.6890401578243307
Moe,1000,3.0,6.0,15.604088624805044,217,0.3845146066693122
Moe,1000,4.0,1.0,2.391127198734288,37,0.4182127996073722
Moe,1000,5.0,0.0,0.10655425267067781,2,0.0
Moe,1008,0.0,1.0,0.6527690198060658,5,1.531935446778854
Moe,1008,1.0,0.0,0.6689046914500577,7,0.0
Moe,1008,2.0,3.0,2.057765638141519,19,1.4578919700056148
Moe,1008,3.0,1.0,0.8896656533900906,13,1.1240177657634391
Moe,1008,4.0,0.0,0.7308949972122666,7,0.0
Moe,1011,0.0,0.0,0.7537201556333182,5,0.0
Moe,1011,1.0,3.0,1.0440605194476213,7,2.8733966509788176
Moe,1011,2.0,1.0,2.059500396019142,23,0.48555465293083905
Moe,1011,3.0,1.0,1.1427189288999187,14,0.8751058328601309
Moe,1014,0.0,0.0,1.1158694651134422,8,0.0
Moe,1014,1.0,3.0,1.4937796904154388,10,2.0083282824428164
Moe,1014,2.0,2.0,3.171743670427142,31,0.6305679802083937
Moe,1014,3.0,3.0,2.079310833353783,27,1.4427857306746246
Moe,1014,4.0,0.0,0.12784606144220975,2,0.0
Moe,1014,5.0,0.0,0.011450279247984117,1,0.0
Moe,1016,0.0,0.0,0.0933480209590087,1,0.0
Moe,1016,1.0,1.0,0.20464758441013448,2,4.8864490772385505
Moe,1016,2.0,0.0,0.43946308568364484,5,0.0
Moe,1016,3.0,0.0,0.26254130894721195,2,0.0
Moe,1017,0.0,5.0,3.4534323422880013,26,1.447834937657227
Moe,1017,1.0,5.0,5.717146673114247,39,0.874562134904333
Moe,1017,2.0,9.0,10.357612415336538,100,0.8689261230390974
Moe,1017,3.0,7.0,5.885735120321249,77,1.189316178336264
Moe,1017,4.0,0.0,0.5348624493409861,9,0.0
Moe,1100,0.0,16.0,5.491477682491279,50,2.9136055766945037
Moe,1100,1.0,10.0,6.564248528724063,49,1.523403624381627
Moe,1100,2.0,12.0,16.27389243519633,148,0.7373773697832131
Moe,1100,3.0,10.0,17.36344798899025,200,0.5759224784352027
Moe,1100,4.0,2.0,3.9119838271459026,73,0.5112495573528881
Moe,1100,5.0,0.0,0.1938787192030907,4,0.0
Moe,1108,0.0,0.0,0.3130173989463543,6,0.0
Moe,1108,1.0,2.0,1.332642756841548,6,1.5007773011426806
Moe,1108,2.0,1.0,1.8755721378009786,24,0.5331706415581827
Moe,1108,3.0,3.0,1.7755505871889963,21,1.6896167429110083
Moe,1108,4.0,0.0,0.6013405741010782,7,0.0
Moe,1111,0.0,2.0,0.6578164328153644,6,3.0403618703173367
Moe,1111,1.0,1.0,0.792256013747853,8,1.262218250978483
Moe,1111,2.0,2.0,2.3101210007204687,18,0.8657555164323645
Moe,1111,3.0,1.0,1.4933741130419205,22,0.6696245711418255
Moe,1111,4.0,0.0,0.7464324396743935,5,0.0
Moe,1114,0.0,4.0,1.447576143813356,11,2.7632397902488104
Moe,1114,1.0,1.0,1.4402386013294113,16,0.6943293972796942
Moe,1114,2.0,2.0,4.234581511434191,33,0.4723016889861754
Moe,1114,3.0,2.0,3.6420913205874217,38,0.5491350501550374
Moe,1114,4.0,2.0,0.2355124228356196,6,8.492121035143605
Moe,1116,0.0,0.0,0.06497917436983842,1,0.0
Moe,1116,1.0,0.0,0.027249331187351598,1,0.0
Moe,1116,2.0,0.0,0.5323923950469954,2,0.0
Moe,1116,3.0,1.0,0.24085546908448624,4,4.151867523710762
Moe,1116,4.0,0.0,0.13452363031132825,2,0.0
Moe,1117,0.0,5.0,3.100265771454855,20,1.6127649590678999
Moe,1117,1.0,0.0,2.221120089320281,16,0.0
Moe,1117,2.0,9.0,6.952837469377172,61,1.2944355509012366
Moe,1117,3.0,4.0,6.771257643304096,73,0.5907322111654526
Moe,1117,4.0,2.0,0.9344099012751321,17,2.14038827849611
Moe,1117,5.0,0.0,0.0201091252684638,1,0.0
Moe,1200,0.0,30.0,17.01775220481246,113,1.7628650152466248
Moe,1200,1.0,17.0,12.956754273330338,114,1.312056989071107
Moe,1200,2.0,29.0,37.002472679849184,340,0.7837314076524629
Moe,1200,3.0,29.0,32.57315285561857,457,0.8903037458038935
Moe,1200,4.0,8.0,12.356275753552774,224,0.6474442752461054
Moe,1200,5.0,0.0,0.8378825262631122,18,0.0
Moe,1208,0.0,3.0,1.9560255361248746,20,1.5337223081163687
Moe,1208,1.0,5.0,2.8050168261322033,18,1.7825205016307966
Moe,1208,2.0,7.0,8.595857500414926,67,0.8143457473163215
Moe,1208,3.0,2.0,5.3804135221579665,76,0.37171864054007575
Moe,1208,4.0,3.0,1.2626866151700293,27,2.3758864344943023
Moe,1211,0.0,0.0,0.795124229728849,7,0.0
Moe,1211,1.0,1.0,0.6345976822720535,7,1.5758015321135348
Moe,1211,2.0,2.0,2.5810982611833717,22,0.7748639523251036
Moe,1211,3.0,4.0,2.3293502521594758,31,1.7172170635531137
Moe,1211,4.0,0.0,0.65982957465625,9,0.0
Moe,1214,0.0,3.0,2.3204504366924095,18,1.2928524361314204
Moe,1214,1.0,2.0,1.549412306524867,15,1.2908120011552917
Moe,1214,2.0,5.0,6.044407381559841,55,0.8272109545848781
Moe,1214,3.0,7.0,6.191520782531958,71,1.1305784549329128
Moe,1214,4.0,1.0,1.8375520348148897,29,0.5442022762096843
Moe,1214,5.0,0.0,0.05665705787603524,2,0.0
Moe,1216,0.0,0.0,0.14167719131182135,1,0.0
Moe,1216,1.0,0.0,0.17456653929492275,2,0.0
Moe,1216,2.0,0.0,0.498533274691221,4,0.0
Moe,1216,3.0,1.0,0.18522299470203485,3,5.398897699546881
Moe,1217,0.0,13.0,6.793896622539171,50,1.9134821623384288
Moe,1217,1.0,4.0,4.6692352805482225,47,0.8566713304561413
Moe,1217,2.0,10.0,15.876492798231808,145,0.6298620310597638
Moe,1217,3.0,20.0,17.973899175661433,199,1.1127246127586006
Moe,1217,4.0,3.0,4.364745971636244,69,0.6873252233910347
Moe,1217,5.0,0.0,0.3217301513831228,6,0.0
Moe,1600,0.0,20.0,10.561392268302493,103,1.8936897230893737
Moe,1600,1.0,6.0,6.7112823797282255,68,0.8940169196461334
Moe,1600,2.0,29.0,27.803073042901186,266,1.0430501677009556
Moe,1600,3.0,32.0,36.01656597279083,407,0.8884800406617
Moe,1600,4.0,14.0,19.384121634120895,285,0.7222406185976724
Moe,1600,5.0,2.0,2.523564702156371,53,0.79252970937936
Moe,1614,0.0,2.0,1.8618629384141758,17,1.0741929272750232
Moe,1614,1.0,0.0,0.9256324414313843,11,0.0
Moe,1614,2.0,3.0,4.795448696992341,43,0.6255931800253793
Moe,1614,3.0,7.0,6.088276841165679,63,1.1497506080324298
Moe,1614,4.0,4.0,2.0162720807668926,38,1.9838592410993428
Moe,1614,5.0,1.0,1.3125070012295281,16,0.7619006977206382
Moe,1619,0.0,0.0,0.8551263103348259,9,0.0
Moe,1619,1.0,2.0,1.1502443752317921,10,1.7387609477307542
Moe,1619,2.0,2.0,2.9646621527808015,31,0.6746131251832641
Moe,1619,3.0,4.0,3.404089034474813,40,1.1750573969981737
Moe,1619,4.0,1.0,0.6258781271777671,10,1.597755148449167
Moe,1623,0.0,1.0,1.2718407777676626,14,0.7862619421239205
Moe,1623,1.0,2.0,0.8143816192488833,11,2.45585110558442
Moe,1623,2.0,3.0,3.2772791104728096,31,0.9153935013997612
Moe,1623,3.0,5.0,6.140324968677237,59,0.8142891500866463
Moe,1623,4.0,3.0,2.433088512465053,34,1.2330007661581484
Moe,1623,5.0,0.0,0.06308501136835515,1,0.0
Moe,1628,0.0,7.0,3.9496622395318766,46,1.772303446592855
Moe,1628,1.0,4.0,4.453146845513523,42,0.8982412075698647
Moe,1628,2.0,9.0,12.726066111088773,113,0.7072099045719957
Moe,1628,3.0,21.0,17.318137722715445,187,1.2126015127166483
Moe,1628,4.0,4.0,6.696671646307792,101,0.5973116514090098
Moe,1628,5.0,1.0,0.8563154348425904,17,1.1677939685669942
Moe,2050,0.0,10.0,5.5231345982984905,49,1.8105660512203876
Moe,2050,1.0,0.0,3.7943905979825896,42,0.0
Moe,2050,2.0,10.0,11.56267500636439,113,0.8648517747403387
Moe,2050,3.0,23.0,18.46375758956108,184,1.2456835987168502
Moe,2050,4.0,6.0,8.590872431386481,136,0.6984156787242224
Moe,2050,5.0,0.0,1.0651697764069683,22,0.0
Moe,2069,0.0,2.0,0.6942271846645283,6,2.8809013017351965
Moe,2069,1.0,0.0,0.27911659041190223,2,0.0
Moe,2069,2.0,1.0,1.324509317537845,20,0.7549965762860156
Moe,2069,3.0,1.0,2.136559794871574,23,0.46804213128053773
Moe,2069,4.0,1.0,0.6516604873240478,12,1.5345414053050224
Moe,2069,5.0,1.0,0.9139266251901027,6,1.094179743140751
Moe,2075,0.0,1.0,0.500052396138022,7,1.999790437408453
Moe,2075,1.0,1.0,0.7688089501455979,9,1.3007132653835767
Moe,2075,2.0,2.0,2.0842583946352944,25,0.9595739209436946
Moe,2075,3.0,2.0,3.0237686455532655,33,0.6614262645196705
Moe,2075,4.0,1.0,0.6231116135278204,11,1.6048489199846256
Moe,2082,0.0,1.0,0.9001171631361802,9,1.110966484091703
Moe,2082,1.0,0.0,0.834877454879991,7,0.0
Moe,2082,2.0,3.0,2.359078125615701,25,1.2716831915929123
Moe,2082,3.0,5.0,4.389534121096667,44,1.1390730455811597
Moe,2082,4.0,0.0,0.4900371874154401,11,0.0
Moe,2082,5.0,0.0,0.026355947856020273,1,0.0
Moe,2087,0.0,0.0,0.049000960648823866,1,0.0
Moe,2087,1.0,0.0,0.09255737011444508,1,0.0
Moe,2087,2.0,1.0,0.16779116828233626,2,5.959789244195114
Moe,2087,3.0,0.0,0.47414873175105177,4,0.0
Moe,2087,4.0,0.0,0.21650176920334308,2,0.0
Moe,2088,0.0,5.0,1.9969326030271863,23,2.503840135826522
Moe,2088,1.0,0.0,1.297797452138283,11,0.0
Moe,2088,2.0,3.0,5.2003600737905655,52,0.5768831306739278
Moe,2088,3.0,8.0,9.141952298848338,87,0.8750866049703414
Moe,2088,4.0,7.0,5.063436135010338,61,1.3824604109449694
Moe,2088,5.0,0.0,0.2995214371852902,8,0.0
Moe,2400,0.0,4.0,2.8121564624230966,31,1.4223959631866987
Moe,2400,1.0,3.0,2.244857758134377,20,1.3363875680449326
Moe,2400,2.0,9.0,8.543452141901822,82,1.0534383350565064
Moe,2400,3.0,8.0,10.747738191735996,128,0.7443426567788235
Moe,2400,4.0,6.0,6.087800381888914,82,0.985577650977171
Moe,2400,5.0,1.0,0.5230149631317662,4,1.9119911866614496
Moe,2423,0.0,1.0,0.17704422748752924,1,5.6483061559882755
Moe,2423,2.0,0.0,0.3321993504856912,3,0.0
Moe,2423,3.0,0.0,0.49075642202677944,4,0.0
Moe,2431,0.0,0.0,0.48415362286727576,3,0.0
Moe,2431,1.0,0.0,0.2793564847951251,4,0.0
Moe,2431,2.0,1.0,0.6340439000311854,7,1.5771778577963058
Moe,2431,3.0,2.0,1.3449051564156391,14,1.4870937110021056
Moe,2431,4.0,0.0,0.25754083589077476,2,0.0
Moe,2439,0.0,0.0,0.4851465225599904,4,0.0
Moe,2439,1.0,0.0,0.013927198250697272,1,0.0
Moe,2439,2.0,2.0,1.8360163439104968,11,1.0893149217507712
Moe,2439,3.0,2.0,0.9075157649884479,13,2.203818464823538
Moe,2439,4.0,0.0,0.7573941702903677,9,0.0
Moe,2446,0.0,0.0,0.09837950651193353,1,0.0
Moe,2446,1.0,0.0,0.07198280742036162,2,0.0
Moe,2446,2.0,0.0,0.38394379668439327,3,0.0
Moe,2446,3.0,1.0,0.44569388938331167,4,2.2436924171961588
Moe,2447,0.0,6.0,1.5202356033846987,15,3.946756664981019
Moe,2447,1.0,1.0,1.636710627066172,15,0.610981552550016
Moe,2447,2.0,3.0,4.418192052672625,39,0.6790107727855015
Moe,2447,3.0,4.0,5.584405232030392,56,0.7162803976074763
Moe,2447,4.0,1.0,1.814567819183545,17,0.5510954120468997
Moe,2447,5.0,0.0,0.025888665662567294,1,0.0
Moonee Valley,955,0.0,1.0,0.8822197385298804,6,1.133504450565102
Moonee Valley,955,1.0,4.0,1.2527114433838142,10,3.193073729090581
Moonee Valley,955,2.0,1.0,2.8425753063032775,27,0.3517936702618034
Moonee Valley,955,3.0,0.0,1.0224935117830278,17,0.0
Moonee Valley,1000,0.0,26.0,10.576978380489985,85,2.458168965151608
Moonee Valley,1000,1.0,23.0,18.10054135141876,144,1.2706802273732665
Moonee Valley,1000,2.0,26.0,36.54977948299963,347,0.7113586010031431
Moonee Valley,1000,3.0,10.0,19.248763867095512,244,0.5195138799065605
Moonee Valley,1000,4.0,0.0,0.5239369179961167,8,0.0
Moonee Valley,1200,0.0,84.0,39.323272750109226,253,2.1361395968693038
Moonee Valley,1200,1.0,26.0,30.361453336856584,250,0.856348993295321
Moonee Valley,1200,2.0,76.0,77.00296423238515,672,0.9869749919060474
Moonee Valley,1200,3.0,54.0,84.17218335683495,963,0.64154210864503
Moonee Valley,1200,4.0,13.0,21.61427875919705,337,0.6014542583091465
Moonee Valley,1200,5.0,0.0,0.49877843442398245,7,0.0
Moonee Valley,1496,0.0,0.0,0.08325643686291125,1,0.0
Moonee Valley,1496,1.0,0.0,0.10407054607863905,1,0.0
Moonee Valley,1496,2.0,0.0,0.49196985418993006,2,0.0
Moonee Valley,1496,3.0,0.0,0.1472522527374545,3,0.0
Moonee Valley,1496,4.0,1.0,0.1734509101310651,1,5.7653199930998795
Moonee Valley,1500,0.0,6.0,4.017058659836513,25,1.4936301677616501
Moonee Valley,1500,1.0,1.0,1.8007260741255264,17,0.5553315489617835
Moonee Valley,1500,2.0,6.0,5.781010860377892,52,1.0378807694555678
Moonee Valley,1500,3.0,6.0,8.462755387875413,89,0.7089889433169956
Moonee Valley,1500,4.0,6.0,3.4715352073123142,52,1.7283419702504588
Moonee Valley,1500,5.0,0.0,1.466913810472342,18,0.0
Moonee Valley,1514,0.0,0.0,0.6578498249114335,5,0.0
Moonee Valley,1514,1.0,0.0,0.3771662683903381,4,0.0
Moonee Valley,1514,2.0,2.0,1.770601827610876,14,1.12955943499655
Moonee Valley,1514,3.0,3.0,2.087202071945813,24,1.4373308844041264
Moonee Valley,1514,4.0,0.0,0.10718000714153963,3,0.0
Moonee Valley,1519,0.0,3.0,0.595953393619507,5,5.033950695002473
Moonee Valley,1519,1.0,2.0,0.9419781381648085,3,2.1231915253324916
Moonee Valley,1519,2.0,0.0,1.6846582549780296,12,0.0
Moonee Valley,1519,3.0,0.0,1.2552787348201229,16,0.0
Moonee Valley,1519,4.0,0.0,0.5221314784175323,7,0.0
Moonee Valley,1523,0.0,4.0,1.7423638822232634,10,2.2957317015180454
Moonee Valley,1523,1.0,1.0,1.093849069877294,7,0.9142029074561248
Moonee Valley,1523,2.0,1.0,2.5378725478715416,18,0.39403081956920105
Moonee Valley,1523,3.0,3.0,3.5401077637265477,37,0.8474318298271251
Moonee Valley,1523,4.0,1.0,0.8227128150581395,15,1.2154909729093402
Moonee Valley,1523,5.0,0.0,0.2630939212432136,5,0.0
Moonee Valley,1528,0.0,0.0,0.0897863036780337,2,0.0
Moonee Valley,1528,1.0,0.0,0.027577675453513268,1,0.0
Moonee Valley,1528,2.0,0.0,0.3532483094872642,6,0.0
Moonee Valley,1528,3.0,2.0,1.1883959678613965,8,1.6829407487801755
Moonee Valley,1528,4.0,0.0,0.3409917435197922,5,0.0
Moonee Valley,1533,0.0,1.0,0.26224520419451686,1,3.8132251191074724
Moonee Valley,1533,1.0,0.0,0.03227633282394054,1,0.0
Moonee Valley,1533,2.0,0.0,0.6161534858665474,4,0.0
Moonee Valley,1533,3.0,0.0,0.0893249771149951,2,0.0
Moonee Valley,1600,0.0,28.0,21.097408476655517,169,1.3271772232585943
Moonee Valley,1600,1.0,19.0,18.38098906517189,142,1.033676693492028
Moonee Valley,1600,2.0,45.0,46.226575963734916,407,0.9734660000624494
Moonee Valley,1600,3.0,61.0,62.0568835154549,662,0.9829691171134676
Moonee Valley,1600,4.0,15.0,20.14973807201854,284,0.7444265501808255
Moonee Valley,1600,5.0,1.0,1.0884049069642443,14,0.9187757181187088
Moonee Valley,2040,0.0,20.0,13.108452035713556,130,1.5257331640311642
Moonee Valley,2040,1.0,11.0,11.06869859678347,96,0.993793435047239
Moonee Valley,2040,2.0,32.0,34.57427018708024,306,0.9255437591841867
Moonee Valley,2040,3.0,49.0,50.28687571564541,509,0.9744093126221991
Moonee Valley,2040,4.0,18.0,19.72393459558074,236,0.9125968205163792
Moonee Valley,2040,5.0,0.0,1.1257738432470448,18,0.0
Moonee Valley,2500,0.0,5.0,3.8495533651747964,44,1.2988519772794382
Moonee Valley,2500,1.0,7.0,5.177754699937198,44,1.351937356183541
Moonee Valley,2500,2.0,14.0,13.605841543867996,120,1.0289697961615352
Moonee Valley,2500,3.0,14.0,15.95685505984791,168,0.8773658686183139
Moonee Valley,2500,4.0,4.0,5.3371927089072235,83,0.7494576677593846
Moonee Valley,2500,5.0,0.0,0.07280262226487524,4,0.0
Moonee Valley,3000,0.0,6.0,2.529611212943835,19,2.371905994604404
Moonee Valley,3000,1.0,2.0,1.5908396032510224,13,1.2571977689723226
Moonee Valley,3000,2.0,3.0,6.083980569832711,56,0.49309822172599244
Moonee Valley,3000,3.0,8.0,6.726410060653218,75,1.1893417035034437
Moonee Valley,3000,4.0,0.0,1.8695555827480985,21,0.0
Moonee Valley,3000,5.0,0.0,0.19960297057111595,5,0.0
Moonee Valley,3800,0.0,0.0,0.2198677299299475,2,0.0
Moonee Valley,3800,1.0,0.0,0.1042121227804629,1,0.0
Moonee Valley,3800,2.0,0.0,0.6538963754136344,9,0.0
Moonee Valley,3800,3.0,2.0,0.9698576646785997,8,2.062158265937691
Moonee Valley,3800,4.0,0.0,0.0521661071973557,3,0.0
Moonee Valley,3850,0.0,0.0,0.1320583836354124,3,0.0
Moonee Valley,3850,1.0,1.0,0.2577655895887514,2,3.879493774151299
Moonee Valley,3850,2.0,1.0,1.125968596309365,8,0.8881242365708443
Moonee Valley,3850,3.0,0.0,0.7773732090421992,8,0.0
Moonee Valley,3850,4.0,1.0,0.7068342214242721,5,1.4147588920991947
Moonee Valley,3870,0.0,0.0,0.20426856142045213,1,0.0
Moonee Valley,3870,2.0,1.0,0.2757625579176104,2,3.6263081092349387
Moonee Valley,3870,3.0,0.0,0.4990438085164277,4,0.0
Moonee Valley,3870,4.0,0.0,0.020925072145509732,1,0.0
Moora,1000,0.0,1.0,0.3672515049324854,2,2.722929617902689
Moora,1000,1.0,1.0,0.5352541946708562,4,1.868271206384342
Moora,1000,2.0,0.0,0.7022878154370602,6,0.0
Moora,1000,3.0,0.0,0.3952064849595982,5,0.0
Moora,1190,0.0,2.0,0.617040093270699,3,3.241280464286765
Moora,1190,1.0,0.0,0.3397309656562374,4,0.0
Moora,1190,2.0,1.0,1.2714431012077432,10,0.7865078657866015
Moora,1190,3.0,0.0,0.6031320895015063,7,0.0
Moora,1190,4.0,0.0,0.1686537503638142,1,0.0
Moora,1500,0.0,1.0,0.5389404946830634,4,1.8554924149614578
Moora,1500,1.0,0.0,0.9584175505450465,6,0.0
Moora,1500,2.0,1.0,1.147479693621063,12,0.8714751167790462
Moora,1500,3.0,2.0,1.2009421671830875,12,1.6653591277348274
Moora,1500,4.0,0.0,0.01947651690192339,1,0.0
Moora,1500,5.0,0.0,0.13474357706581613,2,0.0
Moora,1800,0.0,0.0,0.18588703334118248,2,0.0
Moora,1800,1.0,1.0,0.4261709070795844,3,2.3464764567170633
Moora,1800,2.0,1.0,1.0299692999356322,8,0.9709027250253913
Moora,1800,3.0,0.0,0.35797275964360087,4,0.0
Moree,950,0.0,3.0,2.3046229982032456,17,1.3017313470962026
Moree,950,1.0,6.0,5.041018954459859,37,1.190235556383242
Moree,950,2.0,7.0,7.627084572436564,78,0.9177818776649235
Moree,950,3.0,1.0,1.9267279835403484,30,0.5190146240376431
Moree,950,4.0,0.0,0.10054549135998299,1,0.0
Moree,1200,0.0,6.0,4.417164809275015,35,1.3583373632338556
Moree,1200,1.0,2.0,3.5098926030997974,39,0.5698180047542423
Moree,1200,2.0,11.0,10.654388556074965,87,1.0324384118437255
Moree,1200,3.0,13.0,11.668716748533072,133,1.1140899449491128
Moree,1200,4.0,3.0,4.446649247761971,69,0.6746653115286574
Moree,1200,5.0,0.0,0.23475958585191375,8,0.0
Moree,1300,0.0,9.0,5.403652227818185,43,1.6655401977328768
Moree,1300,1.0,4.0,4.56401476650186,41,0.8764213537078112
Moree,1300,2.0,11.0,12.086650603097373,120,0.9100949767821613
Moree,1300,3.0,12.0,12.599082369137989,156,0.9524503172861646
Moree,1300,4.0,7.0,7.653321138038106,103,0.9146356037784686
Moree,1300,5.0,0.0,0.6932788954064851,14,0.0
Moree,1400,0.0,7.0,4.237900552739829,43,1.6517612702059412
Moree,1400,1.0,6.0,4.043645587209289,38,1.4838095650565863
Moree,1400,2.0,13.0,12.20784063055189,102,1.0648893930893573
Moree,1400,3.0,11.0,15.76537862316746,171,0.6977314191386013
Moree,1400,4.0,6.0,6.30475904875315,100,0.9516620625155501
Moree,1400,5.0,0.0,0.44047555757838175,10,0.0
Moree,1600,0.0,4.0,3.8906729650347485,37,1.0280997750126437
Moree,1600,1.0,0.0,2.6978035358642685,30,0.0
Moree,1600,2.0,9.0,10.67695659425961,91,0.8429368350938868
Moree,1600,3.0,19.0,13.236141499319453,140,1.4354636508665988
Moree,1600,4.0,4.0,5.7121589485236655,91,0.7002606258066084
Moree,1600,5.0,1.0,0.775664285571679,18,1.2892175372790065
Mornington,1000,0.0,34.0,23.98883479766646,150,1.4173260304959616
Mornington,1000,1.0,39.0,28.487102646627484,228,1.369040596503664
Mornington,1000,2.0,55.0,64.12297999561575,587,0.8577268243578275
Mornington,1000,3.0,22.0,32.27134281017368,384,0.6817193858157153
Mornington,1000,4.0,0.0,1.1027565831164894,20,0.0
Mornington,1000,5.0,0.0,0.026983166800141702,1,0.0
Mornington,1200,0.0,59.0,39.94497175947269,261,1.4770319617514445
Mornington,1200,1.0,30.0,31.868226493145034,254,0.9413765151459904
Mornington,1200,2.0,77.0,84.95344506731486,811,0.9063787812134898
Mornington,1200,3.0,83.0,86.98352279556033,1033,0.9542037081560503
Mornington,1200,4.0,12.0,16.660614139637122,300,0.7202615641551234
Mornington,1200,5.0,0.0,0.34620790465872964,10,0.0
Mornington,1500,0.0,21.0,18.730792264255648,147,1.1211485186387298
Mornington,1500,1.0,19.0,13.82500843652995,115,1.3743210419891043
Mornington,1500,2.0,42.0,39.02392033600769,356,1.0762629597018283
Mornington,1500,3.0,52.0,52.245650846195005,564,0.9952981570290287
Mornington,1500,4.0,12.0,20.685570170486297,302,0.58011453883545
Mornington,1500,5.0,1.0,2.4248016699380504,36,0.4124048627966956
Mornington,1600,0.0,2.0,4.186069680230766,32,0.4777751334253342
Mornington,1600,1.0,0.0,1.6513988236120962,16,0.0
Mornington,1600,2.0,10.0,8.521758342333204,70,1.1734667422242417
Mornington,1600,3.0,16.0,12.168798611093813,125,1.3148380962943567
Mornington,1600,4.0,4.0,5.2793864493778555,68,0.7576638002075746
Mornington,1600,5.0,0.0,0.19258809335226673,5,0.0
Mornington,2000,0.0,12.0,6.020552006215971,43,1.9931727169884914
Mornington,2000,1.0,3.0,3.9820345932316337,30,0.7533837112061198
Mornington,2000,2.0,12.0,10.970666589582232,104,1.0938259678217936
Mornington,2000,3.0,11.0,13.775481197284057,145,0.7985201999454462
Mornington,2000,4.0,5.0,6.638424903711456,86,0.7531907150451556
Mornington,2000,5.0,0.0,1.612840709974651,19,0.0
Mornington,2015,0.0,1.0,0.636348805464792,2,1.5714651955221248
Mornington,2015,1.0,0.0,0.11066357600619126,2,0.0
Mornington,2015,2.0,0.0,0.5310974249781693,9,0.0
Mornington,2015,3.0,1.0,0.6728004083450245,10,1.4863249005151933
Mornington,2015,4.0,0.0,0.04908978520582309,1,0.0
Mornington,2020,0.0,3.0,0.7209352869705348,5,4.161261148148811
Mornington,2020,1.0,0.0,0.5068402359538104,4,0.0
Mornington,2020,2.0,1.0,1.2680501459503717,18,0.7886123456501991
Mornington,2020,3.0,1.0,2.1248837251378765,25,0.4706139861535781
Mornington,2020,4.0,0.0,0.37929060598740694,8,0.0
Mornington,2025,0.0,1.0,1.1238070260558957,6,0.889832486196133
Mornington,2025,1.0,2.0,0.9053109770015537,5,2.2091856288146694
Mornington,2025,2.0,1.0,0.9613042142104584,11,1.0402534236483332
Mornington,2025,3.0,2.0,1.7763194850727309,21,1.1259235834583612
Mornington,2025,4.0,0.0,1.2332582976593616,15,0.0
Mornington,2030,0.0,2.0,0.6432457278372986,6,3.109231687747604
Mornington,2030,1.0,0.0,0.5320726518737471,4,0.0
Mornington,2030,2.0,2.0,1.3951423296230598,12,1.4335454939141306
Mornington,2030,3.0,0.0,1.3868162707942289,19,0.0
Mornington,2030,4.0,0.0,0.443493420622906,7,0.0
Mornington,2030,5.0,2.0,1.5992295992487593,17,1.2506021655298922
Mornington,2040,0.0,1.0,0.23638097355853624,1,4.230458927999824
Mornington,2040,2.0,0.0,0.2009238275247558,2,0.0
Mornington,2040,3.0,0.0,0.4592785229848482,4,0.0
Mornington,2040,4.0,0.0,0.10341667593185962,1,0.0
Mornington,2045,0.0,0.0,0.4423003460551006,4,0.0
Mornington,2045,1.0,0.0,0.25198211092312384,4,0.0
Mornington,2045,2.0,0.0,1.0697580935619473,10,0.0
Mornington,2045,3.0,2.0,1.6361059814222176,16,1.222414698503492
Mornington,2045,4.0,2.0,0.5998534680376105,10,3.3341475986508775
Mornington,2050,0.0,3.0,2.6710836282757233,25,1.1231396756890775
Mornington,2050,1.0,2.0,2.2056631565220366,24,0.9067567702194685
Mornington,2050,2.0,8.0,6.3093749471730085,63,1.2679544435038683
Mornington,2050,3.0,11.0,10.705657558101912,113,1.0274941020951425
Mornington,2050,4.0,1.0,2.9692774246652265,51,0.33678227291703666
Mornington,2050,5.0,0.0,0.02243810515065816,2,0.0
Mornington,2400,0.0,3.0,2.099897953056632,18,1.4286408516343236
Mornington,2400,1.0,0.0,0.31429538440503924,9,0.0
Mornington,2400,2.0,3.0,4.0776929515578395,40,0.7357101271820581
Mornington,2400,3.0,9.0,6.8300601424877065,61,1.317704355780671
Mornington,2400,4.0,2.0,3.174555137554487,40,0.6300095330965637
Mornington,2400,5.0,1.0,1.3035530184880364,16,0.7671341217558445
Mornington,2420,0.0,0.0,0.00551447409999063,1,0.0
Mornington,2420,1.0,0.0,0.13878093151643084,1,0.0
Mornington,2420,2.0,1.0,0.23592758357793245,2,4.2385887433534295
Mornington,2420,3.0,0.0,0.5994676061934856,4,0.0
Mornington,2420,4.0,0.0,0.020309404612160614,1,0.0
Mornington,2430,0.0,0.0,0.19787172128905522,3,0.0
Mornington,2430,1.0,0.0,0.30323481453230844,3,0.0
Mornington,2430,2.0,1.0,0.9278258790293378,10,1.0777884327242182
Mornington,2430,3.0,2.0,1.4862620318647912,12,1.3456577353931523
Mornington,2430,4.0,0.0,0.0848055532845074,3,0.0
Mornington,2435,0.0,1.0,0.3566245658815201,2,2.80406930893321
Mornington,2435,1.0,0.0,0.3431074408412577,2,0.0
Mornington,2435,2.0,1.0,0.3452653617600552,4,2.8963229757607647
Mornington,2435,3.0,0.0,0.5494979378551308,6,0.0
Mornington,2435,4.0,0.0,0.40550469366203623,3,0.0
Mornington,2445,0.0,1.0,0.4128320919517067,2,2.4222923059890906
Mornington,2445,1.0,0.0,0.34169798179654826,3,0.0
Mornington,2445,2.0,1.0,0.3845282542853167,4,2.6005891344931147
Mornington,2445,3.0,0.0,0.48946701560747047,4,0.0
Mornington,2445,4.0,0.0,0.3714746563589578,5,0.0
Mornington,2450,0.0,0.0,0.24839515793254127,2,0.0
Mornington,2450,1.0,0.0,0.19637370765895149,3,0.0
Mornington,2450,2.0,0.0,0.37187913003357603,4,0.0
Mornington,2450,3.0,2.0,1.1833520043749313,10,1.690114177865814
Mornington,2460,0.0,2.0,1.4847532458695358,13,1.3470251744280333
Mornington,2460,1.0,2.0,2.1445085800659744,12,0.9326145945932617
Mornington,2460,2.0,3.0,3.777442933600173,33,0.7941880400932452
Mornington,2460,3.0,5.0,4.205909504446697,46,1.1888035143679985
Mornington,2460,4.0,1.0,1.3477559661045226,18,0.7419740851827525
Mornington,2460,5.0,0.0,0.03962976991309703,1,0.0
Mornington,3070,0.0,1.0,0.5786578343380834,4,1.728136976048864
Mornington,3070,1.0,1.0,0.34884318865501407,4,2.866617530517251
Mornington,3070,2.0,1.0,1.5888600042957448,14,0.6293820709794036
Mornington,3070,3.0,1.0,1.419777619839074,14,0.7043356551241778
Mornington,3070,4.0,0.0,0.05841162629609288,4,0.0
Mornington,3070,5.0,0.0,0.005449726575990975,1,0.0
Mornington,3080,0.0,1.0,0.37297371976766713,4,2.681154051880439
Mornington,3080,1.0,0.0,0.19340328743324287,2,0.0
Mornington,3080,2.0,1.0,1.5202170002259157,11,0.6578008270210058
Mornington,3080,3.0,2.0,1.2557292999197516,12,1.5926999554185857
Mornington,3080,4.0,0.0,0.5473266858406379,7,0.0
Mornington,3080,5.0,0.0,0.11035000681278478,2,0.0
Morphettville,1000,0.0,0.0,0.03901949154727838,1,0.0
Morphettville,1000,2.0,1.0,0.5338013523791031,7,1.873356063155503
Morphettville,1000,3.0,0.0,0.4271791560736185,6,0.0
Morphettville,1050,0.0,28.0,23.979608201590867,207,1.1676587776001448
Morphettville,1050,1.0,31.0,30.839862541487207,284,1.0051925477390624
Morphettville,1050,2.0,86.0,82.33480168900282,860,1.0445157847691364
Morphettville,1050,3.0,57.0,62.36486904373473,770,0.9139761034377785
Morphettville,1050,4.0,5.0,7.355845469994183,96,0.6797315169814129
Morphettville,1050,5.0,0.0,0.05422222424196328,2,0.0
Morphettville,1100,0.0,26.0,18.402666012306423,164,1.4128387692638127
Morphettville,1100,1.0,25.0,18.793165869531848,184,1.3302708108659274
Morphettville,1100,2.0,64.0,62.32277782744256,619,1.0269118648273554
Morphettville,1100,3.0,47.0,56.519288475122025,735,0.8315745167366693
Morphettville,1100,4.0,2.0,7.7816411173066795,137,0.2570151938197099
Morphettville,1100,5.0,0.0,0.1804606982904659,5,0.0
Morphettville,1200,0.0,70.0,38.63464017843686,335,1.8118455271409277
Morphettville,1200,1.0,40.0,37.38193140679277,353,1.070035669498112
Morphettville,1200,2.0,100.0,114.87443202028832,1164,0.870515729578003
Morphettville,1200,3.0,107.0,115.72426359049888,1467,0.924611630095392
Morphettville,1200,4.0,18.0,27.790199126381932,446,0.6477103642957401
Morphettville,1200,5.0,0.0,0.5945336776012166,15,0.0
Morphettville,1500,0.0,2.0,1.4206614694891337,13,1.4077949201502558
Morphettville,1500,1.0,3.0,1.01223093046161,10,2.963750572838061
Morphettville,1500,2.0,1.0,2.7763399544722067,26,0.36018643840397563
Morphettville,1500,3.0,5.0,5.713826801135102,56,0.8750702767200969
Morphettville,1500,4.0,2.0,1.8559725037281463,29,1.077602171358973
Morphettville,1500,5.0,0.0,0.2209683407138014,3,0.0
Morphettville,1504,0.0,1.0,0.026330582649732835,1,37.97865065512124
Morphettville,1504,1.0,0.0,0.19434477670040903,1,0.0
Morphettville,1504,2.0,0.0,0.15881749625381844,3,0.0
Morphettville,1504,3.0,0.0,0.4407042495885984,5,0.0
Morphettville,1504,4.0,0.0,0.17980289480744138,2,0.0
Morphettville,1506,0.0,0.0,0.0748024249835249,2,0.0
Morphettville,1506,1.0,0.0,0.21579781446750748,1,0.0
Morphettville,1506,2.0,1.0,0.9814784206375012,8,1.0188711019753938
Morphettville,1506,3.0,1.0,0.4688828767431429,7,2.1327287678876075
Morphettville,1506,4.0,0.0,0.24512513787387796,2,0.0
Morphettville,1508,0.0,0.0,0.06929644710762445,1,0.0
Morphettville,1508,1.0,0.0,0.09239526281016593,1,0.0
Morphettville,1508,2.0,0.0,0.15722723293326557,2,0.0
Morphettville,1508,3.0,0.0,0.33739136500172595,4,0.0
Morphettville,1508,4.0,1.0,0.343689692147218,3,2.9096013725417587
Morphettville,1511,0.0,0.0,0.12966387030805593,1,0.0
Morphettville,1511,1.0,0.0,0.04214075785011818,1,0.0
Morphettville,1511,2.0,1.0,0.36644137260972326,1,2.728949498464644
Morphettville,1511,3.0,0.0,0.4617539992321027,6,0.0
Morphettville,1514,0.0,0.0,0.42585722768932976,3,0.0
Morphettville,1514,1.0,1.0,0.05962944835004509,1,16.770237318474937
Morphettville,1514,2.0,0.0,0.32628830556008587,4,0.0
Morphettville,1514,3.0,0.0,0.6108332985187629,12,0.0
Morphettville,1514,4.0,1.0,0.7023019411710542,6,1.423888987594921
Morphettville,1514,5.0,1.0,0.8750897787107222,11,1.142739892897971
Morphettville,1517,0.0,0.0,0.09774411865771808,1,0.0
Morphettville,1517,1.0,0.0,0.009129945149347294,1,0.0
Morphettville,1517,2.0,0.0,0.648233564709172,3,0.0
Morphettville,1517,3.0,1.0,0.2448923714837626,3,4.083426502594444
Morphettville,1519,0.0,0.0,0.5363549918394735,3,0.0
Morphettville,1519,1.0,0.0,0.1332006831898002,2,0.0
Morphettville,1519,2.0,2.0,1.0779747335499492,10,1.8553310553148765
Morphettville,1519,3.0,1.0,1.0563006553487717,10,0.9467001605426608
Morphettville,1519,4.0,0.0,0.19616893607200556,1,0.0
Morphettville,1520,0.0,1.0,0.3013043843076104,1,3.3189029170550364
Morphettville,1520,2.0,0.0,0.18982176211379456,2,0.0
Morphettville,1520,3.0,0.0,0.053025049245879655,2,0.0
Morphettville,1520,4.0,0.0,0.35530158579642945,4,0.0
Morphettville,1520,5.0,0.0,0.100547218536286,4,0.0
Morphettville,1521,0.0,0.0,0.08146504726350562,1,0.0
Morphettville,1521,1.0,0.0,0.026279047504356647,1,0.0
Morphettville,1521,2.0,1.0,0.38859494759251423,5,2.573373653454221
Morphettville,1521,3.0,0.0,0.26120545983157123,4,0.0
Morphettville,1521,4.0,0.0,0.24245549780805242,3,0.0
Morphettville,1522,0.0,2.0,0.3180023747598362,5,6.289261209166921
Morphettville,1522,1.0,0.0,0.09694450008317484,3,0.0
Morphettville,1522,2.0,0.0,1.6124641514882017,9,0.0
Morphettville,1522,3.0,1.0,1.2576143296566156,16,0.7951563340352875
Morphettville,1522,4.0,2.0,1.0124754558956168,15,1.9753565267721354
Morphettville,1522,5.0,0.0,0.7024991881165547,9,0.0
Morphettville,1524,0.0,0.0,0.04989481911223688,1,0.0
Morphettville,1524,2.0,0.0,0.07969936586996303,3,0.0
Morphettville,1524,3.0,1.0,0.780872334055286,6,1.280619067148561
Morphettville,1524,4.0,0.0,0.08953348096251396,2,0.0
Morphettville,1525,0.0,0.0,0.2524386547917923,2,0.0
Morphettville,1525,2.0,0.0,0.3442142768154149,3,0.0
Morphettville,1525,3.0,1.0,1.1289600385527012,10,0.8857709448086181
Morphettville,1525,4.0,1.0,0.2743870298400918,3,3.6444871340412246
Morphettville,1526,0.0,0.0,0.2530697493248467,2,0.0
Morphettville,1526,1.0,0.0,0.2701558900308479,3,0.0
Morphettville,1526,2.0,2.0,0.4816070101071566,4,4.152763473179105
Morphettville,1526,3.0,0.0,0.8228202611805633,11,0.0
Morphettville,1526,4.0,0.0,0.1723470893565856,3,0.0
Morphettville,1527,0.0,1.0,0.12775980413107024,2,7.827187954781839
Morphettville,1527,1.0,1.0,0.14127590825402211,2,7.078347698193121
Morphettville,1527,2.0,0.0,0.5833291839754957,6,0.0
Morphettville,1527,3.0,0.0,0.6678755117878146,11,0.0
Morphettville,1527,4.0,0.0,0.4797595918515975,5,0.0
Morphettville,1528,0.0,0.0,0.020645132121750825,1,0.0
Morphettville,1528,1.0,0.0,0.16929008339835674,1,0.0
Morphettville,1528,2.0,1.0,0.37620018532968164,1,2.6581592433923276
Morphettville,1528,3.0,0.0,0.4338645991502108,5,0.0
Morphettville,1529,0.0,1.0,0.4286796666240662,3,2.3327441860613307
Morphettville,1529,1.0,0.0,0.17038624975904665,1,0.0
Morphettville,1529,2.0,1.0,0.7561752303366861,9,1.3224447983501804
Morphettville,1529,3.0,1.0,0.8239553840126698,11,1.213657947266503
Morphettville,1529,4.0,0.0,0.771394668064459,9,0.0
Morphettville,1529,5.0,0.0,0.049408801203072346,2,0.0
Morphettville,1530,0.0,0.0,0.13072782205695588,2,0.0
Morphettville,1530,1.0,0.0,0.11385651006133914,2,0.0
Morphettville,1530,2.0,1.0,0.8497592018939308,4,1.1768039672547408
Morphettville,1530,3.0,1.0,0.8804905792477924,7,1.1357304933964258
Morphettville,1530,4.0,0.0,0.02516588673998158,2,0.0
Morphettville,1531,0.0,0.0,0.22465674502878583,2,0.0
Morphettville,1531,1.0,0.0,0.15747982200003705,2,0.0
Morphettville,1531,2.0,2.0,0.5784974545296241,6,3.45723215260506
Morphettville,1531,3.0,0.0,0.6203053335606581,9,0.0
Morphettville,1531,4.0,0.0,0.4190606448808951,4,0.0
Morphettville,1533,0.0,0.0,0.1278112798226807,2,0.0
Morphettville,1533,1.0,0.0,0.2666499665743697,2,0.0
Morphettville,1533,2.0,1.0,0.28141565308587396,5,3.5534626060578445
Morphettville,1533,3.0,1.0,0.686011605331269,8,1.4577012870170158
Morphettville,1533,4.0,0.0,0.6381114951858067,3,0.0
Morphettville,1536,0.0,1.0,0.27784836034381155,2,3.5990854823206186
Morphettville,1536,2.0,0.0,0.3865522993048398,6,0.0
Morphettville,1536,3.0,1.0,0.4260877383069558,6,2.346934469350054
Morphettville,1536,4.0,0.0,0.6896748115590627,7,0.0
Morphettville,1536,5.0,0.0,0.2198367904853301,2,0.0
Morphettville,1539,0.0,0.0,0.0642158615270148,1,0.0
Morphettville,1539,1.0,0.0,0.15281971418040954,2,0.0
Morphettville,1539,2.0,1.0,0.7338581772425057,4,1.3626611122022654
Morphettville,1539,3.0,0.0,0.04910624705007014,1,0.0
Morphettville,1540,0.0,0.0,0.3578616121727295,5,0.0
Morphettville,1540,1.0,0.0,0.023647574999390186,2,0.0
Morphettville,1540,2.0,1.0,0.6070079113221473,7,1.647424986310082
Morphettville,1540,3.0,2.0,1.5986759989914117,18,1.2510352324434593
Morphettville,1540,4.0,2.0,1.8661636176203633,21,1.0717173891484917
Morphettville,1540,5.0,0.0,0.546643284893958,6,0.0
Morphettville,1541,0.0,0.0,0.045925105030268115,2,0.0
Morphettville,1541,1.0,0.0,0.23742443202020166,1,0.0
Morphettville,1541,2.0,1.0,0.5561662254168478,5,1.7980236021173308
Morphettville,1541,3.0,1.0,0.6810649446464373,7,1.4682887555152793
Morphettville,1541,4.0,0.0,0.4794192928862449,6,0.0
Morphettville,1544,0.0,0.0,0.08608358634001934,1,0.0
Morphettville,1544,2.0,0.0,0.15622844702996788,3,0.0
Morphettville,1544,3.0,0.0,0.3935249661258027,3,0.0
Morphettville,1544,4.0,1.0,0.36416300050421,4,2.746023068283784
Morphettville,1600,0.0,36.0,21.00671720281805,210,1.71373754653919
Morphettville,1600,1.0,14.0,16.07304545703386,171,0.8710234807351548
Morphettville,1600,2.0,51.0,58.896657188923825,553,0.8659235079574452
Morphettville,1600,3.0,83.0,78.78284609390822,875,1.053528834196533
Morphettville,1600,4.0,24.0,32.84069204228217,459,0.7308006776806092
Morphettville,1600,5.0,2.0,2.2973634023732923,36,0.8705631847072601
Morphettville,1800,0.0,15.0,9.465778389024322,111,1.5846557339006235
Morphettville,1800,1.0,11.0,6.992283002594193,76,1.5731628705415546
Morphettville,1800,2.0,33.0,29.981021077990658,303,1.1006963343295069
Morphettville,1800,3.0,38.0,43.443849857352795,495,0.8746922780732465
Morphettville,1800,4.0,12.0,18.39150786087425,259,0.6524750493964976
Morphettville,1800,5.0,2.0,2.5041321224561393,38,0.7986799027354559
Morphettville,2000,0.0,4.0,3.0026627487661965,27,1.332150938910343
Morphettville,2000,1.0,1.0,1.3975740052493975,19,0.7155256152761297
Morphettville,2000,2.0,2.0,5.800287065037535,75,0.34481052016467006
Morphettville,2000,3.0,14.0,9.480706868822447,113,1.4766831412159116
Morphettville,2000,4.0,5.0,5.695708129755469,88,0.8778539711118699
Morphettville,2000,5.0,1.0,1.623061182368954,19,0.6161197192458516
Morphettville,2004,0.0,0.0,0.06371328674129184,1,0.0
Morphettville,2004,1.0,0.0,0.22385749395589022,1,0.0
Morphettville,2004,2.0,0.0,0.6028113745116337,5,0.0
Morphettville,2004,3.0,1.0,0.10051594668528545,3,9.948670166048291
Morphettville,2004,4.0,0.0,0.009101898105898835,1,0.0
Morphettville,2006,0.0,1.0,0.8317836593483128,5,1.2022356880435492
Morphettville,2006,1.0,1.0,0.3554901065290299,3,2.813017807341815
Morphettville,2006,2.0,0.0,0.7299593462562524,7,0.0
Morphettville,2006,3.0,2.0,1.8044609924351598,16,1.1083642197778718
Morphettville,2006,4.0,1.0,1.2375003277361345,16,0.8080805940709412
Morphettville,2006,5.0,0.0,0.04080556769511033,2,0.0
Morphettville,2008,0.0,0.0,0.329119834955928,4,0.0
Morphettville,2008,1.0,0.0,0.6601082351024089,7,0.0
Morphettville,2008,2.0,3.0,1.5605717859721482,15,1.9223723169717368
Morphettville,2008,3.0,1.0,1.078520065729364,15,0.9271964720690998
Morphettville,2008,4.0,0.0,0.37168007824015115,4,0.0
Morphettville,2009,0.0,0.0,0.12206783779464117,2,0.0
Morphettville,2009,1.0,0.0,0.09717717391052845,1,0.0
Morphettville,2009,2.0,1.0,0.653430537217004,6,1.5303845520582098
Morphettville,2009,3.0,1.0,0.8928761223734654,7,1.1199761926008003
Morphettville,2009,4.0,0.0,0.23444832870436105,4,0.0
Morphettville,2014,0.0,2.0,0.5031912098357034,5,3.974632229074547
Morphettville,2014,1.0,0.0,0.5318155895959565,3,0.0
Morphettville,2014,2.0,1.0,1.1120351752844533,13,0.899252129991486
Morphettville,2014,3.0,2.0,1.8446483964152711,18,1.084217460566808
Morphettville,2014,4.0,0.0,0.9495718222481455,15,0.0
Morphettville,2014,5.0,0.0,0.05873780662047031,2,0.0
Morphettville,2015,0.0,0.0,0.2597128114888929,2,0.0
Morphettville,2015,1.0,0.0,0.29994430175766046,2,0.0
Morphettville,2015,2.0,0.0,0.27800082862511116,4,0.0
Morphettville,2015,3.0,2.0,0.645491204288276,6,3.09841557361764
Morphettville,2015,4.0,0.0,0.5168508538400595,8,0.0
Morphettville,2017,0.0,0.0,0.06962644743732119,1,0.0
Morphettville,2017,1.0,0.0,0.49804864202912624,2,0.0
Morphettville,2017,2.0,1.0,0.2064400303682341,3,4.8440217636873335
Morphettville,2017,3.0,0.0,0.22588488016531852,2,0.0
Morphettville,2019,0.0,0.0,0.27975815349484334,5,0.0
Morphettville,2019,1.0,0.0,0.43209039945223604,5,0.0
Morphettville,2019,2.0,4.0,1.9744820864075905,15,2.025847703322381
Morphettville,2019,3.0,1.0,1.9238063050771856,21,0.5198028498819577
Morphettville,2019,4.0,0.0,0.38986305556814427,8,0.0
Morphettville,2020,0.0,0.0,0.054954378009958206,1,0.0
Morphettville,2020,1.0,0.0,0.07493778819539755,1,0.0
Morphettville,2020,2.0,0.0,0.37983173036294643,2,0.0
Morphettville,2020,3.0,1.0,0.4902761034316978,6,2.039667022317586
Morphettville,2022,0.0,1.0,0.02745224453294789,1,36.42689393939394
Morphettville,2022,1.0,0.0,0.15473083282206995,1,0.0
Morphettville,2022,2.0,0.0,0.7220772198363264,5,0.0
Morphettville,2022,3.0,0.0,0.09573970280865579,2,0.0
Morphettville,2023,0.0,0.0,0.2337410799591629,1,0.0
Morphettville,2023,1.0,0.0,0.14414033264148382,1,0.0
Morphettville,2023,2.0,0.0,0.5291865359215314,2,0.0
Morphettville,2023,3.0,1.0,0.09293205147782183,4,10.7605501449481
Morphettville,2025,0.0,0.0,0.030996380303272626,2,0.0
Morphettville,2025,1.0,0.0,0.053592392938861706,1,0.0
Morphettville,2025,2.0,1.0,0.25644691748117615,5,3.8994424648266732
Morphettville,2025,3.0,1.0,1.3455906033974245,11,0.7431680910041601
Morphettville,2025,4.0,0.0,0.1410373834876314,3,0.0
Morphettville,2025,5.0,0.0,0.1723363223916337,2,0.0
Morphettville,2028,0.0,2.0,1.1305657426458309,5,1.769025828891168
Morphettville,2028,1.0,0.0,0.5071036156793527,4,0.0
Morphettville,2028,2.0,0.0,0.6886206362365945,12,0.0
Morphettville,2028,3.0,2.0,1.7866234505696064,19,1.1194300619766104
Morphettville,2028,4.0,1.0,0.8870865548686152,17,1.127285713566145
Morphettville,2032,0.0,0.0,0.26959589439704496,2,0.0
Morphettville,2032,1.0,0.0,0.030170706509842007,2,0.0
Morphettville,2032,2.0,1.0,0.2407081729029536,4,4.154408169610304
Morphettville,2032,3.0,1.0,1.266927954403966,13,0.7893108653289256
Morphettville,2032,4.0,0.0,0.18423462543793379,6,0.0
Morphettville,2032,5.0,0.0,0.00836264634825958,1,0.0
Morphettville,2033,0.0,0.0,0.004078266401609881,1,0.0
Morphettville,2033,1.0,0.0,0.1490420994042884,1,0.0
Morphettville,2033,2.0,1.0,0.3737466496058976,4,2.6756092691518814
Morphettville,2033,3.0,0.0,0.39008325940420097,5,0.0
Morphettville,2033,4.0,0.0,0.08304972518400311,2,0.0
Morphettville,2034,0.0,1.0,0.4560357675111773,1,2.19281045751634
Morphettville,2034,1.0,0.0,0.01698956780923994,1,0.0
Morphettville,2034,2.0,0.0,0.21317862465403448,3,0.0
Morphettville,2034,3.0,0.0,0.31379604002554823,4,0.0
Morphettville,2035,0.0,0.0,0.1450428885403211,2,0.0
Morphettville,2035,1.0,1.0,0.34431001856585536,1,2.9043592869161095
Morphettville,2035,2.0,0.0,0.3395243883072576,6,0.0
Morphettville,2035,3.0,1.0,0.9877809657129031,8,1.0123701860141414
Morphettville,2035,4.0,0.0,0.18334173887366284,4,0.0
Morphettville,2037,0.0,2.0,0.5667160289536686,4,3.5291043447149586
Morphettville,2037,1.0,0.0,0.6243981725689652,4,0.0
Morphettville,2037,2.0,2.0,1.0552581390407811,11,1.8952708593349297
Morphettville,2037,3.0,0.0,1.266245841674966,12,0.0
Morphettville,2037,4.0,0.0,0.21102102062052883,6,0.0
Morphettville,2037,5.0,0.0,0.27636079714109024,3,0.0
Morphettville,2038,0.0,0.0,0.11414910829530786,1,0.0
Morphettville,2038,1.0,1.0,0.4756212845637828,2,2.1025131390348784
Morphettville,2038,2.0,0.0,0.13578726343919864,3,0.0
Morphettville,2038,3.0,0.0,0.27444234370171067,3,0.0
Morphettville,2040,0.0,2.0,0.5887888300558469,5,3.3968035701531547
Morphettville,2040,1.0,0.0,0.21812022228571415,4,0.0
Morphettville,2040,2.0,3.0,0.8862358559485646,12,3.3851033896490352
Morphettville,2040,3.0,0.0,3.0505163500364536,27,0.0
Morphettville,2040,4.0,0.0,0.2563387416734208,5,0.0
Morphettville,2042,0.0,0.0,0.06395460978046366,1,0.0
Morphettville,2042,1.0,0.0,0.0395909489117156,1,0.0
Morphettville,2042,2.0,0.0,0.13113294785880436,2,0.0
Morphettville,2042,3.0,1.0,0.7653214934490165,5,1.3066404230898778
Morphettville,2043,0.0,0.0,0.059762583969816874,1,0.0
Morphettville,2043,1.0,0.0,0.13944602926290603,1,0.0
Morphettville,2043,2.0,0.0,0.2783818901260698,3,0.0
Morphettville,2043,3.0,1.0,0.5224094966412074,4,1.9142071620623762
Morphettville,2050,0.0,0.0,0.16295490131821283,1,0.0
Morphettville,2050,3.0,0.0,0.23172210949039462,2,0.0
Morphettville,2050,5.0,1.0,0.6053229891913926,9,1.652010608973943
Morphettville,2051,0.0,0.0,0.06956494486013018,1,0.0
Morphettville,2051,1.0,0.0,0.1192541911887946,1,0.0
Morphettville,2051,2.0,0.0,0.3293103189841128,4,0.0
Morphettville,2051,3.0,1.0,0.4818705449669624,3,2.075246164026401
Morphettville,2057,0.0,0.0,0.13402107391022364,1,0.0
Morphettville,2057,1.0,0.0,0.004000629071946974,1,0.0
Morphettville,2057,2.0,1.0,0.39686657533271824,3,2.5197385271401025
Morphettville,2057,3.0,0.0,0.46511172168511106,7,0.0
Morphettville,2500,0.0,3.0,4.0047749870634535,50,0.7491057574247846
Morphettville,2500,1.0,5.0,4.203982067806609,46,1.1893485555728611
Morphettville,2500,2.0,16.0,14.825020646869966,150,1.079256507030775
Morphettville,2500,3.0,18.0,16.918979232273827,209,1.0638939709591977
Morphettville,2500,4.0,7.0,8.430822605279491,123,0.8302867143256588
Morphettville,2500,5.0,1.0,1.5714182361424547,20,0.636367821754963
Morphettville,2518,0.0,0.0,0.14972738670246946,2,0.0
Morphettville,2518,1.0,0.0,0.13092272346109657,2,0.0
Morphettville,2518,2.0,2.0,1.1293887009129018,10,1.7708694963774385
Morphettville,2518,3.0,0.0,0.5218012715472786,10,0.0
Morphettville,2518,4.0,0.0,0.06815991737625343,3,0.0
Morphettville,2525,0.0,0.0,0.03938566208856155,1,0.0
Morphettville,2525,3.0,0.0,0.25846840745618516,1,0.0
Morphettville,2525,4.0,1.0,0.4662709610063392,3,2.14467570067355
Morphettville,2525,5.0,0.0,0.235874969448914,6,0.0
Morphettville,2535,0.0,0.0,0.0041332336587169,1,0.0
Morphettville,2535,1.0,0.0,0.11868285220029953,1,0.0
Morphettville,2535,2.0,0.0,0.6327711594546579,4,0.0
Morphettville,2535,3.0,1.0,0.22414982870090874,5,4.461301647186786
Morphettville,2535,4.0,0.0,0.020262925985416996,1,0.0
Morphettville,2541,0.0,0.0,0.026873550324027832,1,0.0
Morphettville,2541,1.0,0.0,0.05950571857463305,1,0.0
Morphettville,2541,2.0,0.0,0.1388466766741438,1,0.0
Morphettville,2541,3.0,1.0,0.769256967936832,6,1.2999557256946623
Morphettville,2541,4.0,0.0,0.00551708649036333,1,0.0
Morphettville,2546,0.0,0.0,0.2390776053842097,1,0.0
Morphettville,2546,2.0,0.0,0.10459645235559174,1,0.0
Morphettville,2546,3.0,1.0,0.41909360496462283,4,2.3861017876529362
Morphettville,2546,4.0,0.0,0.23723233729557575,6,0.0
Morphettville,2600,0.0,0.0,0.554694392561391,7,0.0
Morphettville,2600,1.0,0.0,0.982242522840335,8,0.0
Morphettville,2600,2.0,6.0,3.074848660874988,32,1.9513155480935516
Morphettville,2600,3.0,1.0,1.6022969031992162,29,0.6241040583698041
Morphettville,2600,4.0,0.0,0.7804031558934731,7,0.0
Morphettville,2600,5.0,0.0,0.005514364630596611,1,0.0
Morphettville,3200,0.0,2.0,0.6890884950512521,7,2.9023848378882695
Morphettville,3200,1.0,1.0,0.543155937015652,9,1.8410919072236582
Morphettville,3200,2.0,1.0,2.277102728946559,32,0.439154539357398
Morphettville,3200,3.0,2.0,2.55346636622075,42,0.7832490086642864
Morphettville,3200,4.0,1.0,0.9371864727657875,15,1.0670235103253676
Morphettville Parks,1000,0.0,59.0,34.31997914427097,264,1.7191152637937681
Morphettville Parks,1000,1.0,62.0,49.63824413348717,448,1.249036928729179
Morphettville Parks,1000,2.0,103.0,119.58017640403553,1188,0.8613467808576005
Morphettville Parks,1000,3.0,38.0,56.456210128672545,742,0.6730880431646412
Morphettville Parks,1000,4.0,1.0,2.7730546259657403,41,0.3606131630572338
Morphettville Parks,1000,5.0,0.0,0.1566112443934626,2,0.0
Morphettville Parks,1250,0.0,34.0,27.25850124630354,207,1.2473172935218022
Morphettville Parks,1250,1.0,28.0,22.770480637350257,199,1.22966223005727
Morphettville Parks,1250,2.0,70.0,66.12301342939728,595,1.0586329383602937
Morphettville Parks,1250,3.0,65.0,72.58885715330565,846,0.8954542411753611
Morphettville Parks,1250,4.0,8.0,17.41036467547317,282,0.4594964062567851
Morphettville Parks,1250,5.0,2.0,0.6530564172013245,11,3.062522543719893
Morphettville Parks,1300,0.0,18.0,8.696121592018075,68,2.06988826105211
Morphettville Parks,1300,1.0,6.0,5.688825910491499,58,1.0546991759643454
Morphettville Parks,1300,2.0,18.0,21.862703440576563,186,0.8233199544111506
Morphettville Parks,1300,3.0,21.0,23.911474127832378,281,0.878239454737611
Morphettville Parks,1300,4.0,5.0,7.811831445656972,124,0.6400547726589487
Morphettville Parks,1300,5.0,0.0,0.029043483424512895,3,0.0
Morphettville Parks,1400,0.0,35.0,26.15439580915154,212,1.338207170044943
Morphettville Parks,1400,1.0,25.0,17.587905812472428,168,1.421431310046663
Morphettville Parks,1400,2.0,58.0,60.602828807549336,548,0.9570510344357869
Morphettville Parks,1400,3.0,72.0,78.13147914219871,874,0.9215235752667696
Morphettville Parks,1400,4.0,20.0,25.928128420390813,424,0.7713630415480078
Morphettville Parks,1400,5.0,2.0,3.4234788477170044,54,0.5842010682594778
Morphettville Parks,1550,0.0,25.0,16.552750285535478,131,1.5103230320490064
Morphettville Parks,1550,1.0,13.0,12.73682705191616,107,1.0206623633194616
Morphettville Parks,1550,2.0,41.0,36.20733365190645,331,1.1323672821138873
Morphettville Parks,1550,3.0,37.0,47.12279599672679,504,0.7851826110354332
Morphettville Parks,1550,4.0,14.0,17.47919103181774,212,0.8009523995999303
Morphettville Parks,1550,5.0,1.0,0.9011019820973739,16,1.1097523031437957
Morphettville Parks,1556,0.0,0.0,0.06016494417851436,1,0.0
Morphettville Parks,1556,1.0,0.0,0.15314713063621838,1,0.0
Morphettville Parks,1556,2.0,0.0,0.14974386106652465,2,0.0
Morphettville Parks,1556,3.0,1.0,0.6204281970893466,4,1.6117900583683369
Morphettville Parks,1556,4.0,0.0,0.0165158670293961,1,0.0
Morphettville Parks,1561,0.0,1.0,0.1742417970582554,1,5.739151092809628
Morphettville Parks,1561,2.0,0.0,0.24778541269972681,4,0.0
Morphettville Parks,1561,3.0,0.0,0.5779727902420179,5,0.0
Morphettville Parks,1568,0.0,0.0,0.5210165956327477,2,0.0
Morphettville Parks,1568,1.0,1.0,0.3740269089497115,2,2.6736044281093463
Morphettville Parks,1568,2.0,1.0,0.6791437174159922,9,1.4724423923183778
Morphettville Parks,1568,3.0,0.0,0.374157055803917,6,0.0
Morphettville Parks,1568,4.0,0.0,0.05165572219763144,1,0.0
Morphettville Parks,1569,0.0,0.0,0.23450605340387948,1,0.0
Morphettville Parks,1569,1.0,0.0,0.16415423738271565,1,0.0
Morphettville Parks,1569,2.0,1.0,0.2008880527410856,2,4.977896825396825
Morphettville Parks,1569,3.0,0.0,0.40045165647231923,4,0.0
Morphettville Parks,1578,0.0,0.0,0.03642676465486357,2,0.0
Morphettville Parks,1578,2.0,1.0,0.31031931024647236,4,3.222487183300794
Morphettville Parks,1578,3.0,1.0,0.7876784120722228,5,1.2695536460993033
Morphettville Parks,1578,4.0,0.0,0.8655755130264414,8,0.0
Morphettville Parks,1579,0.0,1.0,0.19795895510601044,1,5.051552224371374
Morphettville Parks,1579,1.0,0.0,0.051964225715327744,1,0.0
Morphettville Parks,1579,2.0,0.0,0.03959179102120209,1,0.0
Morphettville Parks,1579,3.0,0.0,0.5877504759917331,4,0.0
Morphettville Parks,1579,4.0,0.0,0.12273455216572648,2,0.0
Morphettville Parks,1950,0.0,14.0,9.18111056676907,70,1.5248699923811886
Morphettville Parks,1950,1.0,8.0,6.284774557380579,57,1.2729175767498504
Morphettville Parks,1950,2.0,24.0,21.71434152036252,187,1.1052603173572688
Morphettville Parks,1950,3.0,17.0,24.8595029453182,264,0.6838431177563675
Morphettville Parks,1950,4.0,7.0,7.794197313724798,115,0.898104027681427
Morphettville Parks,1950,5.0,0.0,0.16607309644483262,8,0.0
Morphettville Parks,1956,0.0,0.0,0.048216229918609736,1,0.0
Morphettville Parks,1956,3.0,0.0,0.28264686504012604,1,0.0
Morphettville Parks,1956,4.0,1.0,0.6535891321037286,5,1.5300132007722764
Morphettville Parks,1956,5.0,0.0,0.015547772937535509,2,0.0
Morphettville Parks,1966,0.0,0.0,0.3343123631359247,2,0.0
Morphettville Parks,1966,1.0,0.0,0.08162459739546529,1,0.0
Morphettville Parks,1966,2.0,1.0,0.31265562160251326,3,3.198407227973417
Morphettville Parks,1966,3.0,0.0,0.6357835767532819,5,0.0
Morphettville Parks,1966,4.0,0.0,0.4355651306296837,5,0.0
Morphettville Parks,1966,5.0,1.0,0.20005871048313115,4,4.99853266866038
Morphettville Parks,1973,0.0,0.0,0.08154628632080523,1,0.0
Morphettville Parks,1973,1.0,0.0,0.13591047720134203,1,0.0
Morphettville Parks,1973,2.0,0.0,0.5686100779201848,4,0.0
Morphettville Parks,1973,3.0,1.0,0.213933158557668,2,4.674357199893532
Morphettville Parks,1994,0.0,0.0,0.026595235938494277,1,0.0
Morphettville Parks,1994,2.0,0.0,0.4599292458772416,4,0.0
Morphettville Parks,1994,3.0,1.0,0.30736243966093346,6,3.2534879704336968
Morphettville Parks,1994,4.0,0.0,0.20611307852333066,1,0.0
Morphettville Parks,2250,0.0,3.0,4.882603874853106,41,0.614426252240308
Morphettville Parks,2250,1.0,5.0,5.754598794488112,43,0.8688703033109998
Morphettville Parks,2250,2.0,13.0,13.056537873813866,119,0.9956697652654722
Morphettville Parks,2250,3.0,15.0,13.58688785289205,149,1.1040055796741681
Morphettville Parks,2250,4.0,4.0,3.0029495512176747,46,1.3320237092821052
Morphettville Parks,2250,5.0,1.0,0.7164220527351923,9,1.3958252627514038
Morphettville Parks,2275,0.0,0.0,0.008187494110353919,1,0.0
Morphettville Parks,2275,1.0,0.0,0.0918818783495273,1,0.0
Morphettville Parks,2275,2.0,1.0,0.18433268473837056,2,5.424973880347552
Morphettville Parks,2275,3.0,0.0,0.33138821490069115,4,0.0
Morphettville Parks,2275,4.0,0.0,0.3842097279010571,3,0.0
Morphettville Parks,2294,0.0,1.0,0.3507324442156898,2,2.8511762070834554
Morphettville Parks,2294,1.0,1.0,0.06787941456249824,2,14.732006845452025
Morphettville Parks,2294,2.0,0.0,0.49913873288597027,3,0.0
Morphettville Parks,2294,3.0,0.0,0.8446142955439175,8,0.0
Morphettville Parks,2294,4.0,0.0,0.2376351127919242,4,0.0
Morphettville Parks,2400,0.0,4.0,2.4053187996461376,16,1.662981223357364
Morphettville Parks,2400,1.0,2.0,2.2946625351497505,14,0.8715878563247991
Morphettville Parks,2400,2.0,4.0,4.276162222258285,42,0.935418207283904
Morphettville Parks,2400,3.0,6.0,5.611203005941383,55,1.0692894186232331
Morphettville Parks,2400,4.0,0.0,0.48858382553572444,14,0.0
Morphettville Parks,2400,5.0,0.0,0.9240696114687195,9,0.0
Morphettville Parks,2426,0.0,0.0,0.04674364372185568,1,0.0
Morphettville Parks,2426,2.0,0.0,0.3807991322404246,4,0.0
Morphettville Parks,2426,3.0,1.0,0.5724572240377198,4,1.746855412089461
Mortlake,1100,0.0,2.0,1.6862421660808178,10,1.186069261124232
Mortlake,1100,1.0,1.0,1.69218863097259,16,0.5909506669036343
Mortlake,1100,2.0,6.0,3.914173374298835,32,1.5328907092866855
Mortlake,1100,3.0,0.0,1.9660128459644066,26,0.0
Mortlake,1100,4.0,1.0,0.7413829826833506,9,1.348830528022932
Mortlake,1300,0.0,0.0,2.402492254508288,13,0.0
Mortlake,1300,1.0,5.0,2.705499465802543,18,1.8480875946197353
Mortlake,1300,2.0,4.0,3.8512580452778873,35,1.0386216537488284
Mortlake,1300,3.0,4.0,2.586789723195249,44,1.5463181889632407
Mortlake,1300,4.0,0.0,1.4539605112160334,19,0.0
Mortlake,1600,0.0,0.0,0.5512871080620703,6,0.0
Mortlake,1600,1.0,1.0,0.9106550633910544,6,1.0981106240998069
Mortlake,1600,2.0,3.0,2.722801999114964,23,1.1018061544596844
Mortlake,1600,3.0,2.0,1.658733015180264,19,1.2057395504258706
Mortlake,1600,4.0,0.0,0.1485183655876232,3,0.0
Mortlake,1600,5.0,0.0,0.008004448664024175,1,0.0
Mortlake,2000,0.0,2.0,1.735798347192702,8,1.152207572518196
Mortlake,2000,1.0,2.0,1.0054284279616559,8,1.9892017615363011
Mortlake,2000,2.0,1.0,1.9354703573328864,17,0.5166702740816027
Mortlake,2000,3.0,2.0,2.6043823146178835,31,0.7679364080973807
Mortlake,2000,4.0,1.0,0.7189205528948722,10,1.3909742821697157
Moruya,920,0.0,0.0,0.04751543700975345,2,0.0
Moruya,920,1.0,1.0,1.1037672183945537,8,0.9059881316773616
Moruya,920,2.0,1.0,0.624968106732009,10,1.6000816509326412
Moruya,920,3.0,0.0,0.22374923786368392,1,0.0
Moruya,930,0.0,1.0,0.26076087980598023,2,3.834931070734431
Moruya,930,1.0,1.0,0.8790420990277479,7,1.1376019431902475
Moruya,930,2.0,0.0,0.6045865443563646,6,0.0
Moruya,930,3.0,0.0,0.25561047680990734,2,0.0
Moruya,1010,0.0,30.0,15.522360941309339,93,1.9326956842088125
Moruya,1010,1.0,14.0,18.812433440033477,147,0.7441886795042443
Moruya,1010,2.0,35.0,35.51184574837802,377,0.9855866194056838
Moruya,1010,3.0,14.0,22.024774547929262,298,0.6356478232970725
Moruya,1010,4.0,0.0,1.1285853223499054,24,0.0
Moruya,1020,0.0,5.0,3.564441365649395,23,1.4027443537674984
Moruya,1020,1.0,3.0,4.605534502033633,32,0.6513901912308575
Moruya,1020,2.0,11.0,8.612193357403328,77,1.2772588286750477
Moruya,1020,3.0,3.0,5.632985611217001,76,0.5325772524655629
Moruya,1020,4.0,1.0,0.5848451636966419,10,1.7098542692552694
Moruya,1200,0.0,17.0,11.241697910647451,95,1.5122270794964732
Moruya,1200,1.0,13.0,10.388884673806963,87,1.2513374061006113
Moruya,1200,2.0,29.0,28.31619256238159,280,1.0241489895264682
Moruya,1200,3.0,28.0,32.48961916075186,426,0.8618137338410106
Moruya,1200,4.0,7.0,11.516193533088346,188,0.607839732797785
Moruya,1200,5.0,1.0,1.047412159323791,12,0.9547339995036908
Moruya,1210,0.0,5.0,3.047592351435285,24,1.6406393714845802
Moruya,1210,1.0,4.0,3.7660818238455342,29,1.0621118146380613
Moruya,1210,2.0,7.0,7.3254278883175274,73,0.9555755795731039
Moruya,1210,3.0,8.0,7.360873001649937,87,1.0868276083837887
Moruya,1210,4.0,0.0,2.4917258221329215,44,0.0
Moruya,1210,5.0,0.0,0.008299112618795517,1,0.0
Moruya,1300,0.0,8.0,5.030367021540114,36,1.5903412148147182
Moruya,1300,1.0,5.0,2.695727748465515,30,1.8547867093945754
Moruya,1300,2.0,8.0,9.739278100048436,96,0.8214161170693148
Moruya,1300,3.0,12.0,13.523069653547626,157,0.8873724906720372
Moruya,1300,4.0,3.0,4.556009525260944,68,0.6584709674917056
Moruya,1300,5.0,0.0,0.13814026849321562,4,0.0
Moruya,1310,0.0,1.0,0.36847982069164076,4,2.713852818650934
Moruya,1310,1.0,1.0,0.5418055605376166,5,1.845680577747728
Moruya,1310,2.0,1.0,1.0118133345363518,9,0.988324590976294
Moruya,1310,3.0,0.0,0.8020434291535392,13,0.0
Moruya,1310,4.0,1.0,1.1950534597277576,14,0.8367826492279331
Moruya,1310,5.0,0.0,0.08080439535309408,3,0.0
Moruya,1400,0.0,2.0,0.24179263416235014,4,8.271550566164528
Moruya,1400,1.0,0.0,0.14889130584398008,2,0.0
Moruya,1400,2.0,0.0,0.5790694981088399,9,0.0
Moruya,1400,3.0,1.0,1.02828973748675,16,0.972488554095762
Moruya,1400,4.0,1.0,1.6967099458298809,18,0.5893759286658087
Moruya,1400,5.0,0.0,0.305246878568199,5,0.0
Moruya,1415,0.0,0.0,0.12325616904891523,2,0.0
Moruya,1415,1.0,0.0,0.046779522837108484,1,0.0
Moruya,1415,2.0,1.0,0.7855207412975624,7,1.2730408599372565
Moruya,1415,3.0,1.0,0.6206237305122945,7,1.6112822485446199
Moruya,1415,4.0,0.0,0.4238198363041194,4,0.0
Moruya,1425,0.0,17.0,9.657534831343938,79,1.760283581357199
Moruya,1425,1.0,5.0,6.338610510677733,60,0.7888164119844924
Moruya,1425,2.0,16.0,21.232551528150434,218,0.7535599279618825
Moruya,1425,3.0,30.0,27.22485461401737,311,1.1019342591660262
Moruya,1425,4.0,9.0,13.289077474528048,191,0.6772479141047094
Moruya,1425,5.0,2.0,1.257371041282475,25,1.5906203772277665
Moruya,1435,0.0,4.0,2.630736747566051,23,1.5204866103386387
Moruya,1435,1.0,1.0,2.0327424815499207,16,0.49194622982322994
Moruya,1435,2.0,5.0,4.508359658291414,44,1.109050825349393
Moruya,1435,3.0,8.0,8.891617993213732,96,0.8997237629985642
Moruya,1435,4.0,4.0,3.5315516813298125,52,1.132646598702413
Moruya,1435,5.0,1.0,1.404991438049071,15,0.7117481095746534
Moruya,1640,0.0,0.0,0.17667401246736278,3,0.0
Moruya,1640,1.0,0.0,0.17960676388154345,2,0.0
Moruya,1640,2.0,1.0,1.2471199760752945,10,0.8018474719224811
Moruya,1640,3.0,1.0,1.2091654759658559,13,0.8270166655239813
Moruya,1640,4.0,1.0,0.18743377160994348,3,5.335217828732788
Moruya,1650,0.0,9.0,10.049491053376373,75,0.8955677409132305
Moruya,1650,1.0,4.0,5.033440108913826,51,0.7946851285498192
Moruya,1650,2.0,22.0,18.1939399430408,175,1.2091938342588089
Moruya,1650,3.0,30.0,27.76565689747498,286,1.080471465550963
Moruya,1650,4.0,9.0,12.09471066889702,173,0.7441269366736126
Moruya,1650,5.0,0.0,0.8627613282970013,13,0.0
Moruya,1660,0.0,0.0,1.1992273697836549,13,0.0
Moruya,1660,1.0,1.0,0.8629885904215175,8,1.1587638713874082
Moruya,1660,2.0,0.0,2.811449451878168,27,0.0
Moruya,1660,3.0,7.0,4.694562642498581,50,1.491086717350607
Moruya,1660,4.0,5.0,2.8613179157740634,44,1.747446507931072
Moruya,1660,5.0,0.0,0.5704540296440159,8,0.0
Moruya,2000,0.0,2.0,0.5706213094538224,5,3.5049514745853534
Moruya,2000,1.0,0.0,0.05928445175895176,1,0.0
Moruya,2000,2.0,2.0,0.970202306868467,10,2.061425731356404
Moruya,2000,3.0,1.0,2.1530912831426066,20,0.46444849218859924
Moruya,2000,4.0,0.0,0.9481529697067926,11,0.0
Moruya,2000,5.0,0.0,0.12477107715658425,1,0.0
Moruya,2010,0.0,0.0,0.26933399947942815,4,0.0
Moruya,2010,1.0,0.0,0.013132382610900053,1,0.0
Moruya,2010,2.0,2.0,0.9849903768812037,10,2.0304766898663957
Moruya,2010,3.0,2.0,1.7352564293736847,16,1.152567405107884
Moruya,2010,4.0,0.0,0.8870961280289639,12,0.0
Moruya,2010,5.0,0.0,0.11019068362581944,2,0.0
Mt Barker,1000,0.0,3.0,2.183696439643467,16,1.3738173243941412
Mt Barker,1000,1.0,4.0,2.428534894717481,21,1.647083601187181
Mt Barker,1000,2.0,9.0,7.886930425062274,68,1.1411283623601811
Mt Barker,1000,3.0,0.0,3.3456509380537445,47,0.0
Mt Barker,1000,4.0,0.0,0.15518730252303392,7,0.0
Mt Barker,1100,0.0,6.0,2.518302331049378,23,2.3825574578647974
Mt Barker,1100,1.0,2.0,2.634160416319466,24,0.7592552023822697
Mt Barker,1100,2.0,6.0,7.240388392825114,73,0.8286848266241793
Mt Barker,1100,3.0,8.0,8.95074170737708,79,0.8937806789136266
Mt Barker,1100,4.0,1.0,1.4993803987823577,21,0.6669421587824523
Mt Barker,1100,5.0,0.0,0.15702675364660432,2,0.0
Mt Barker,1200,0.0,3.0,2.326539285847661,16,1.2894688769061415
Mt Barker,1200,1.0,0.0,1.4667996232269245,13,0.0
Mt Barker,1200,2.0,8.0,5.155268491952762,45,1.551810543425195
Mt Barker,1200,3.0,4.0,4.778581728459895,56,0.8370684498660177
Mt Barker,1200,4.0,1.0,2.203404685763317,30,0.4538430940358892
Mt Barker,1200,5.0,0.0,0.06940618474944094,4,0.0
Mt Barker,1300,0.0,15.0,7.140005152715706,46,2.100838820024484
Mt Barker,1300,1.0,4.0,3.1853216722717046,33,1.2557601434166252
Mt Barker,1300,2.0,13.0,15.500761453678685,131,0.8386684769550339
Mt Barker,1300,3.0,12.0,15.772841806702143,183,0.7608013918519744
Mt Barker,1300,4.0,2.0,4.207571781609792,71,0.4753335424344946
Mt Barker,1300,5.0,0.0,0.19349813302196947,5,0.0
Mt Barker,1850,0.0,2.0,3.5282827180801966,26,0.5668479993826109
Mt Barker,1850,1.0,2.0,1.2588392633212933,15,1.5887651889116048
Mt Barker,1850,2.0,4.0,6.582829235085176,59,0.6076414649617208
Mt Barker,1850,3.0,16.0,10.239023550204712,97,1.5626490086234939
Mt Barker,1850,4.0,2.0,4.070517575518274,47,0.49133800871633687
Mt Barker,1850,5.0,0.0,0.3205076577903498,4,0.0
Mt Barker,2000,0.0,0.0,0.5604595206190004,4,0.0
Mt Barker,2000,1.0,1.0,0.263010041622187,3,3.8021361991816893
Mt Barker,2000,2.0,2.0,1.1706273159276654,10,1.7084856749776909
Mt Barker,2000,3.0,1.0,1.0853097205467874,14,0.9213959674996666
Mt Barker,2000,4.0,0.0,0.9205934012843597,9,0.0
Mt Gambier,900,0.0,2.0,2.0218043491619793,15,0.9892154010000933
Mt Gambier,900,1.0,2.0,5.158163178636278,38,0.38773492243972835
Mt Gambier,900,2.0,10.0,6.640436751509712,69,1.505925042916264
Mt Gambier,900,3.0,1.0,1.1795957206920307,25,0.8477480737326958
Mt Gambier,905,0.0,0.0,0.01339792282253367,1,0.0
Mt Gambier,905,1.0,0.0,0.31723108051512283,2,0.0
Mt Gambier,905,2.0,1.0,0.6379374085017838,4,1.567551905050578
Mt Gambier,905,3.0,0.0,0.03143358816055976,1,0.0
Mt Gambier,906,0.0,1.0,0.3917570912902387,4,2.552602166578616
Mt Gambier,906,1.0,2.0,1.1053215453762875,7,1.8094282232769967
Mt Gambier,906,2.0,1.0,2.0630566190295543,20,0.48471767123405085
Mt Gambier,906,3.0,0.0,0.43986474430391936,5,0.0
Mt Gambier,1200,0.0,11.0,7.883373699089011,58,1.3953416925130848
Mt Gambier,1200,1.0,5.0,6.585579074965066,61,0.7592346767207443
Mt Gambier,1200,2.0,16.0,17.127043190026644,180,0.9341951101820692
Mt Gambier,1200,3.0,22.0,20.072161428257093,225,1.0960453899612896
Mt Gambier,1200,4.0,4.0,6.205261017716672,82,0.6446143020542697
Mt Gambier,1200,5.0,0.0,0.12658158994551505,1,0.0
Mt Gambier,1202,0.0,0.0,0.03164473301574041,1,0.0
Mt Gambier,1202,1.0,0.0,0.06328946603148082,1,0.0
Mt Gambier,1202,2.0,1.0,0.42509424684477953,3,2.352419510314247
Mt Gambier,1202,3.0,0.0,0.31672491553473514,3,0.0
Mt Gambier,1202,4.0,0.0,0.16324663857326402,2,0.0
Mt Gambier,1203,0.0,0.0,0.08106826387915338,1,0.0
Mt Gambier,1203,1.0,0.0,0.07913806712012592,2,0.0
Mt Gambier,1203,2.0,0.0,0.4552632264815226,4,0.0
Mt Gambier,1203,3.0,1.0,0.30732257215809966,3,3.2539100300304593
Mt Gambier,1203,4.0,0.0,0.07720787036109845,2,0.0
Mt Gambier,1204,0.0,1.0,0.2888759171717853,2,3.461693898855999
Mt Gambier,1204,1.0,0.0,0.1744302850556388,1,0.0
Mt Gambier,1204,2.0,0.0,0.28664658132345344,4,0.0
Mt Gambier,1204,3.0,0.0,0.6868876120815244,7,0.0
Mt Gambier,1204,4.0,1.0,0.5631596043675983,6,1.7756955439354585
Mt Gambier,1205,0.0,1.0,0.3435154336736322,3,2.911077354824418
Mt Gambier,1205,1.0,0.0,0.3716680005995997,4,0.0
Mt Gambier,1205,2.0,2.0,1.1004201368540427,10,1.8174876422361177
Mt Gambier,1205,3.0,0.0,0.9530205080946105,15,0.0
Mt Gambier,1205,4.0,0.0,0.23137592077811497,2,0.0
Mt Gambier,1210,0.0,1.0,0.6866465450920245,4,1.4563533555185657
Mt Gambier,1210,1.0,1.0,0.4970228473589532,5,2.0119799428008855
Mt Gambier,1210,2.0,1.0,1.2865353383168907,12,0.7772814086150557
Mt Gambier,1210,3.0,1.0,1.4318643846615038,17,0.6983901623032565
Mt Gambier,1210,4.0,0.0,0.09793088457062783,2,0.0
Mt Gambier,1211,0.0,0.0,0.3775980097461854,6,0.0
Mt Gambier,1211,1.0,3.0,1.1024793462062676,6,2.7211394121107797
Mt Gambier,1211,2.0,0.0,1.3224293375933045,13,0.0
Mt Gambier,1211,3.0,3.0,2.3421379698286224,20,1.2808809893550013
Mt Gambier,1211,4.0,0.0,0.7285833800995134,10,0.0
Mt Gambier,1211,5.0,0.0,0.12677195652610662,1,0.0
Mt Gambier,1212,0.0,0.0,0.6466749284455766,6,0.0
Mt Gambier,1212,1.0,1.0,0.9150874620692668,6,1.0927917182240945
Mt Gambier,1212,2.0,2.0,2.08519082917788,17,0.9591448283841398
Mt Gambier,1212,3.0,3.0,2.0068392711459175,26,1.494888027722809
Mt Gambier,1212,4.0,0.0,0.34620750916135895,8,0.0
Mt Gambier,1213,0.0,2.0,0.8038185956214517,8,2.488123577750464
Mt Gambier,1213,1.0,1.0,1.779452899779185,13,0.5619704798728258
Mt Gambier,1213,2.0,4.0,3.0482678041508935,29,1.3122206633397209
Mt Gambier,1213,3.0,0.0,1.7019080117470402,22,0.0
Mt Gambier,1213,4.0,1.0,0.6344925918408921,9,1.5760625306887175
Mt Gambier,1214,0.0,2.0,0.2040115084834225,2,9.803368520077951
Mt Gambier,1214,1.0,0.0,0.0806219589556677,1,0.0
Mt Gambier,1214,2.0,0.0,0.38199636124841135,3,0.0
Mt Gambier,1214,3.0,0.0,0.9326601852676741,8,0.0
Mt Gambier,1214,4.0,0.0,0.33989156827911715,7,0.0
Mt Gambier,1214,5.0,0.0,0.06081841776570719,2,0.0
Mt Gambier,1215,0.0,0.0,0.10347630629486973,2,0.0
Mt Gambier,1215,1.0,1.0,0.7980601829684894,6,1.25303833137041
Mt Gambier,1215,2.0,0.0,0.4937229186089457,6,0.0
Mt Gambier,1215,3.0,1.0,0.37637461632418945,7,2.656927318229804
Mt Gambier,1215,4.0,0.0,0.147332887615165,1,0.0
Mt Gambier,1215,5.0,0.0,0.08103308818834075,1,0.0
Mt Gambier,1216,0.0,0.0,0.32751655146684655,2,0.0
Mt Gambier,1216,1.0,0.0,0.0910611128897727,2,0.0
Mt Gambier,1216,2.0,1.0,0.5661795800546349,5,1.7662240660525104
Mt Gambier,1216,3.0,1.0,0.9835813352551722,7,1.0166927372005978
Mt Gambier,1216,4.0,0.0,0.031661420333573664,1,0.0
Mt Gambier,1217,0.0,0.0,0.07991723626041047,2,0.0
Mt Gambier,1217,1.0,0.0,0.6632360861338478,4,0.0
Mt Gambier,1217,2.0,2.0,0.5598762120655763,7,3.5722182098455493
Mt Gambier,1217,3.0,0.0,0.6021345969579985,4,0.0
Mt Gambier,1217,4.0,0.0,0.09483586858216714,1,0.0
Mt Gambier,1218,0.0,0.0,0.19795371838698722,2,0.0
Mt Gambier,1218,1.0,1.0,0.4813593596098361,4,2.0774499966315103
Mt Gambier,1218,2.0,0.0,0.5722016546933931,8,0.0
Mt Gambier,1218,3.0,1.0,0.45720896194714167,9,2.1871837239174914
Mt Gambier,1218,4.0,0.0,0.29127630536264204,1,0.0
Mt Gambier,1223,0.0,1.0,0.11001887259208196,1,9.089349640108654
Mt Gambier,1223,2.0,0.0,0.4661558817344247,3,0.0
Mt Gambier,1223,3.0,0.0,0.3413110912294318,3,0.0
Mt Gambier,1223,4.0,0.0,0.08251415444406147,1,0.0
Mt Gambier,1300,0.0,0.0,0.611157134066727,10,0.0
Mt Gambier,1300,1.0,2.0,2.223188951181493,18,0.8996086450218811
Mt Gambier,1300,2.0,3.0,2.815043537059311,28,1.065702878305712
Mt Gambier,1300,3.0,4.0,3.237871499495342,36,1.2353794771112578
Mt Gambier,1300,4.0,1.0,0.8839167999133808,14,1.1313281975158689
Mt Gambier,1300,5.0,0.0,0.22882207828374604,1,0.0
Mt Gambier,1302,0.0,0.0,0.22528323998156666,2,0.0
Mt Gambier,1302,1.0,0.0,0.096102184685962,1,0.0
Mt Gambier,1302,2.0,1.0,0.6046155492907619,5,1.6539435698817866
Mt Gambier,1302,3.0,1.0,0.7546779453275801,8,1.325068535779105
Mt Gambier,1302,4.0,0.0,0.31932108071412946,4,0.0
Mt Gambier,1312,0.0,1.0,0.19278470760393931,1,5.187133421673775
Mt Gambier,1312,1.0,0.0,0.03855694152078786,1,0.0
Mt Gambier,1312,3.0,0.0,0.08523113388805738,1,0.0
Mt Gambier,1312,4.0,0.0,0.6448702754664276,7,0.0
Mt Gambier,1312,5.0,0.0,0.03855694152078786,1,0.0
Mt Gambier,1314,0.0,0.0,0.09440675886234612,2,0.0
Mt Gambier,1314,1.0,0.0,0.1756515932182469,3,0.0
Mt Gambier,1314,2.0,0.0,0.560984896929806,6,0.0
Mt Gambier,1314,3.0,1.0,0.9404428599357882,9,1.0633288236866174
Mt Gambier,1314,4.0,1.0,0.2285138910538128,2,4.376101581345485
Mt Gambier,1315,0.0,0.0,0.23455873025194238,1,0.0
Mt Gambier,1315,2.0,0.0,0.28668289253015183,2,0.0
Mt Gambier,1315,3.0,1.0,0.3412674107332914,6,2.930253427513838
Mt Gambier,1315,4.0,0.0,0.13749096648461442,3,0.0
Mt Gambier,1316,0.0,0.0,0.20855525363729213,1,0.0
Mt Gambier,1316,1.0,0.0,0.0926912238387965,1,0.0
Mt Gambier,1316,2.0,1.0,0.5307363308294305,3,1.8841747623291738
Mt Gambier,1316,3.0,0.0,0.11587837828515798,3,0.0
Mt Gambier,1316,4.0,0.0,0.05213881340932303,1,0.0
Mt Gambier,1317,0.0,0.0,0.16926272235245393,1,0.0
Mt Gambier,1317,1.0,0.0,0.09956630726614936,1,0.0
Mt Gambier,1317,2.0,0.0,0.1948748448136805,2,0.0
Mt Gambier,1317,3.0,1.0,0.5089956864786107,3,1.9646531916965913
Mt Gambier,1317,4.0,0.0,0.02730043908910547,1,0.0
Mt Gambier,1323,0.0,0.0,0.21544646276518378,2,0.0
Mt Gambier,1323,2.0,1.0,0.7447153751352398,4,1.3427948896830562
Mt Gambier,1323,3.0,1.0,0.7829618260056017,8,1.2772014762222206
Mt Gambier,1323,4.0,0.0,0.25687633609397476,3,0.0
Mt Gambier,1400,0.0,5.0,3.4339982222777783,36,1.4560287094975517
Mt Gambier,1400,1.0,5.0,3.867300230907072,34,1.2928916043395096
Mt Gambier,1400,2.0,8.0,10.127323524504382,111,0.7899421777770755
Mt Gambier,1400,3.0,15.0,11.876410491626238,142,1.2630078768813293
Mt Gambier,1400,4.0,2.0,5.688892590405101,77,0.3515622712534957
Mt Gambier,1400,5.0,1.0,0.9745915747889311,15,1.0260708443088804
Mt Gambier,1403,0.0,0.0,0.38159873160012514,2,0.0
Mt Gambier,1403,1.0,0.0,0.04799395500094752,2,0.0
Mt Gambier,1403,2.0,1.0,0.7382666588131774,10,1.3545241249382436
Mt Gambier,1403,3.0,1.0,0.6234796977612859,10,1.6039014639781806
Mt Gambier,1403,4.0,0.0,0.20866095682446392,4,0.0
Mt Gambier,1404,0.0,1.0,0.2947283686569475,1,3.392954687588834
Mt Gambier,1404,1.0,0.0,0.225065299701669,2,0.0
Mt Gambier,1404,2.0,0.0,0.16897759802998322,2,0.0
Mt Gambier,1404,3.0,0.0,0.11081344292467593,3,0.0
Mt Gambier,1404,4.0,0.0,0.20041529068672428,2,0.0
Mt Gambier,1405,0.0,1.0,0.16964019562347413,1,5.894829325825324
Mt Gambier,1405,2.0,0.0,0.20356823474816896,1,0.0
Mt Gambier,1405,3.0,0.0,0.3232169007001056,4,0.0
Mt Gambier,1405,4.0,0.0,0.18122964964852467,3,0.0
Mt Gambier,1405,5.0,0.0,0.1223450192797266,3,0.0
Mt Gambier,1410,0.0,0.0,0.03865263817873482,1,0.0
Mt Gambier,1410,1.0,0.0,0.07379140015940285,1,0.0
Mt Gambier,1410,2.0,0.0,0.5875755825725283,6,0.0
Mt Gambier,1410,3.0,1.0,0.29998037908933406,4,3.3335513577113
Mt Gambier,1411,0.0,0.0,0.016126442323740463,1,0.0
Mt Gambier,1411,1.0,0.0,0.12653054746319442,1,0.0
Mt Gambier,1411,2.0,0.0,0.07297615642609871,3,0.0
Mt Gambier,1411,3.0,0.0,0.4797562765607577,5,0.0
Mt Gambier,1411,4.0,1.0,0.3046105772262087,1,3.282880092694168
Mt Gambier,1412,0.0,0.0,0.8410508955245474,5,0.0
Mt Gambier,1412,1.0,1.0,0.14297207121883776,2,6.994373037160293
Mt Gambier,1412,2.0,0.0,1.1309875378572536,14,0.0
Mt Gambier,1412,3.0,4.0,2.387754683509219,19,1.675213968849307
Mt Gambier,1412,4.0,0.0,0.49723481189014207,11,0.0
Mt Gambier,1413,0.0,0.0,0.09333819680518862,1,0.0
Mt Gambier,1413,1.0,0.0,0.25262185874447796,2,0.0
Mt Gambier,1413,2.0,0.0,0.190919038919704,1,0.0
Mt Gambier,1413,3.0,1.0,0.43602271936138115,3,2.293458472679235
Mt Gambier,1413,4.0,0.0,0.02709818616924831,1,0.0
Mt Gambier,1414,0.0,0.0,0.30526319285893755,2,0.0
Mt Gambier,1414,1.0,1.0,0.08461404912119301,2,11.818368348826993
Mt Gambier,1414,2.0,0.0,0.7790126811716517,7,0.0
Mt Gambier,1414,3.0,0.0,0.5669935049943444,6,0.0
Mt Gambier,1414,4.0,1.0,0.2586763593221948,4,3.865834522413578
Mt Gambier,1414,5.0,0.0,0.005440212531678624,1,0.0
Mt Gambier,1415,0.0,0.0,0.269494451313833,2,0.0
Mt Gambier,1415,1.0,0.0,0.18649467392222455,1,0.0
Mt Gambier,1415,2.0,0.0,0.17258157920104272,3,0.0
Mt Gambier,1415,3.0,1.0,0.8824238329838152,8,1.1332422840605
Mt Gambier,1415,4.0,0.0,0.24987204435470353,5,0.0
Mt Gambier,1415,5.0,1.0,0.2391334182243811,4,4.181766009222896
Mt Gambier,1416,0.0,0.0,0.191809150412008,2,0.0
Mt Gambier,1416,1.0,0.0,0.1658004649648157,2,0.0
Mt Gambier,1416,2.0,2.0,0.7707912793607352,4,2.5947361543305516
Mt Gambier,1416,3.0,0.0,0.8086894678553486,8,0.0
Mt Gambier,1416,4.0,0.0,0.06290963740709243,2,0.0
Mt Gambier,1417,0.0,1.0,0.17302872032868777,2,5.779387364712552
Mt Gambier,1417,1.0,0.0,0.12762191654531083,1,0.0
Mt Gambier,1417,2.0,0.0,0.4479784301515581,4,0.0
Mt Gambier,1417,3.0,1.0,0.9017442722095644,7,1.1089618540627681
Mt Gambier,1417,4.0,0.0,0.2997280597575208,6,0.0
Mt Gambier,1417,5.0,0.0,0.04989860100735804,1,0.0
Mt Gambier,1418,0.0,0.0,0.07473106029593196,1,0.0
Mt Gambier,1418,1.0,1.0,0.14946212059186392,1,6.690658449378616
Mt Gambier,1418,2.0,0.0,0.33724786184830835,2,0.0
Mt Gambier,1418,3.0,0.0,0.4185091605991336,6,0.0
Mt Gambier,1418,4.0,0.0,0.020049796664762233,1,0.0
Mt Gambier,1550,0.0,6.0,5.207123269642505,47,1.1522677089248032
Mt Gambier,1550,1.0,5.0,4.503497704285852,41,1.110248151174062
Mt Gambier,1550,2.0,13.0,11.54163052172393,120,1.1263573180176834
Mt Gambier,1550,3.0,14.0,15.933379875411823,186,0.8786585212597994
Mt Gambier,1550,4.0,8.0,9.12469230238169,115,0.8767418927553176
Mt Gambier,1550,5.0,1.0,0.6896763265541986,16,1.4499555247840081
Mt Gambier,1555,0.0,0.0,0.08533816549640785,1,0.0
Mt Gambier,1555,1.0,0.0,0.005368957431893209,1,0.0
Mt Gambier,1555,2.0,1.0,0.4019192428764974,3,2.4880620117690713
Mt Gambier,1555,3.0,0.0,0.13174079298507962,2,0.0
Mt Gambier,1555,4.0,0.0,0.37563284121012186,5,0.0
Mt Gambier,1556,0.0,0.0,0.07480709458865056,1,0.0
Mt Gambier,1556,1.0,0.0,0.19592334297027528,1,0.0
Mt Gambier,1556,2.0,0.0,0.14857520175245875,2,0.0
Mt Gambier,1556,3.0,1.0,0.5806943606886154,6,1.7220763067410398
Mt Gambier,1560,0.0,1.0,0.2579866377050307,2,3.876169746215116
Mt Gambier,1560,1.0,1.0,0.1980843833989492,2,5.048353549335403
Mt Gambier,1560,2.0,0.0,0.6354629079491751,5,0.0
Mt Gambier,1560,3.0,0.0,0.8950686663024151,7,0.0
Mt Gambier,1560,4.0,0.0,0.01339740464442973,1,0.0
Mt Gambier,1561,0.0,1.0,0.23263655351363766,1,4.298550614236889
Mt Gambier,1561,2.0,0.0,0.09916878723498015,2,0.0
Mt Gambier,1561,3.0,0.0,0.276526794417838,3,0.0
Mt Gambier,1561,4.0,0.0,0.3916678648335442,5,0.0
Mt Gambier,1562,0.0,0.0,0.819071802547332,6,0.0
Mt Gambier,1562,1.0,1.0,0.9591379988965023,4,1.0426028383303652
Mt Gambier,1562,2.0,1.0,1.399402947450968,11,0.7145904628981338
Mt Gambier,1562,3.0,2.0,1.6893413743002088,22,1.183893338803993
Mt Gambier,1562,4.0,2.0,0.9879740883692778,12,2.0243445891391176
Mt Gambier,1562,5.0,0.0,0.14507178843571114,3,0.0
Mt Gambier,1563,0.0,0.0,0.3395957889409633,4,0.0
Mt Gambier,1563,1.0,0.0,0.353282077635935,3,0.0
Mt Gambier,1563,2.0,0.0,1.1742297408331748,13,0.0
Mt Gambier,1563,3.0,3.0,1.7762262749035094,16,1.6889740020105097
Mt Gambier,1563,4.0,1.0,0.35666611768641765,8,2.8037426332691466
Mt Gambier,1564,0.0,1.0,0.6331054706728132,4,1.5795156515347768
Mt Gambier,1564,1.0,1.0,0.5437460154516895,3,1.839093936475655
Mt Gambier,1564,2.0,1.0,0.9781201476872259,8,1.022369289053609
Mt Gambier,1564,3.0,1.0,0.8803603236365236,12,1.135898532852183
Mt Gambier,1564,4.0,0.0,0.6537145192744563,12,0.0
Mt Gambier,1564,5.0,0.0,0.3109535232772915,5,0.0
Mt Gambier,1565,0.0,1.0,0.4205705973848062,3,2.377722090460446
Mt Gambier,1565,1.0,0.0,0.151911305452419,3,0.0
Mt Gambier,1565,2.0,0.0,0.9290075089641268,11,0.0
Mt Gambier,1565,3.0,1.0,1.2887372471395342,13,0.7759533622696078
Mt Gambier,1565,4.0,1.0,0.20977334105911383,2,4.767049973801015
Mt Gambier,1567,0.0,0.0,0.11204435202567152,1,0.0
Mt Gambier,1567,2.0,1.0,0.5301262349709606,4,1.8863431651421256
Mt Gambier,1567,3.0,0.0,0.33072190848102806,6,0.0
Mt Gambier,1567,4.0,0.0,0.027107504522339884,1,0.0
Mt Gambier,1568,0.0,0.0,0.14686200190945273,1,0.0
Mt Gambier,1568,1.0,0.0,0.019701000256146097,1,0.0
Mt Gambier,1568,2.0,1.0,0.21315387777135847,2,4.691446435108535
Mt Gambier,1568,3.0,0.0,0.3686552985568009,6,0.0
Mt Gambier,1568,4.0,0.0,0.2516278215062418,3,0.0
Mt Gambier,1573,0.0,0.0,0.04370447787792371,1,0.0
Mt Gambier,1573,1.0,0.0,0.4049468954963907,2,0.0
Mt Gambier,1573,2.0,1.0,0.2875792483742166,3,3.4773023632732207
Mt Gambier,1573,3.0,0.0,0.22225012426744148,3,0.0
Mt Gambier,1573,4.0,0.0,0.04151925398402753,1,0.0
Mt Gambier,1800,0.0,1.0,0.6009240353370886,10,1.6641038487319775
Mt Gambier,1800,1.0,1.0,1.312025214176469,10,0.7621804742736437
Mt Gambier,1800,2.0,4.0,2.5904390953727447,27,1.5441397588328283
Mt Gambier,1800,3.0,3.0,3.770125525524215,37,0.7957294736447447
Mt Gambier,1800,4.0,1.0,1.7085257769748963,19,0.585299919659739
Mt Gambier,1800,5.0,0.0,0.01796035261458633,2,0.0
Mt Gambier,1810,0.0,0.0,0.1273335167476004,1,0.0
Mt Gambier,1810,2.0,1.0,0.6220673120808522,3,1.6075430754510158
Mt Gambier,1810,3.0,0.0,0.23437038962528467,6,0.0
Mt Gambier,1810,4.0,0.0,0.016228781546262793,1,0.0
Mt Gambier,1812,0.0,1.0,0.4278400555345458,2,2.3373220601109783
Mt Gambier,1812,1.0,1.0,0.39537246522947,2,2.529260603465673
Mt Gambier,1812,2.0,0.0,0.16416103378081492,2,0.0
Mt Gambier,1812,3.0,0.0,0.5745288574206028,6,0.0
Mt Gambier,1812,4.0,0.0,0.3475703855446549,8,0.0
Mt Gambier,1812,5.0,0.0,0.0905272024899115,5,0.0
Mt Gambier,1814,0.0,0.0,0.17747816225500804,1,0.0
Mt Gambier,1814,1.0,0.0,0.05102497164831481,1,0.0
Mt Gambier,1814,2.0,0.0,0.2424043471023583,2,0.0
Mt Gambier,1814,3.0,1.0,0.41826905116087487,4,2.3908056243333657
Mt Gambier,1814,4.0,0.0,0.11082346783344393,2,0.0
Mt Gambier,1815,0.0,0.0,0.2056943079340623,1,0.0
Mt Gambier,1815,1.0,0.0,0.351845526729317,2,0.0
Mt Gambier,1815,2.0,1.0,0.1470714301728545,2,6.7994171187748025
Mt Gambier,1815,3.0,0.0,0.290076100720436,5,0.0
Mt Gambier,1815,4.0,0.0,0.005312634443330085,1,0.0
Mt Gambier,1817,0.0,0.0,0.12080447930336334,2,0.0
Mt Gambier,1817,1.0,0.0,0.042532650130612186,1,0.0
Mt Gambier,1817,2.0,0.0,0.2768381792959443,4,0.0
Mt Gambier,1817,3.0,2.0,1.0231717614193825,6,1.9547060184944163
Mt Gambier,1817,4.0,0.0,0.523405055219851,6,0.0
Mt Gambier,1817,5.0,0.0,0.01324787463084642,1,0.0
Mt Gambier,1827,0.0,0.0,0.02700147204524335,1,0.0
Mt Gambier,1827,1.0,0.0,0.039859315876311606,1,0.0
Mt Gambier,1827,2.0,1.0,0.7238778037278092,5,1.3814486296585184
Mt Gambier,1827,3.0,0.0,0.20926140835063595,1,0.0
Mt Gambier,2050,0.0,1.0,2.85348446339079,28,0.3504487278026746
Mt Gambier,2050,1.0,4.0,2.6289504888938784,26,1.5215197155283764
Mt Gambier,2050,2.0,9.0,7.446976587108533,70,1.2085441514050022
Mt Gambier,2050,3.0,10.0,10.236698429228138,103,0.9768774638752364
Mt Gambier,2050,4.0,4.0,4.780345554992228,63,0.8367595927919281
Mt Gambier,2050,5.0,0.0,0.053544476386433115,3,0.0
Mt Gambier,2058,0.0,0.0,0.1021819145637958,1,0.0
Mt Gambier,2058,1.0,0.0,0.008983025456157872,1,0.0
Mt Gambier,2058,3.0,0.0,0.22869285640468584,2,0.0
Mt Gambier,2058,4.0,0.0,0.3196412725882638,3,0.0
Mt Gambier,2058,5.0,1.0,0.3405009309870966,4,2.9368495325432615
Mt Gambier,2060,0.0,0.0,0.08435349394498078,1,0.0
Mt Gambier,2060,1.0,0.0,0.040168330449990845,1,0.0
Mt Gambier,2060,2.0,1.0,0.5318214248718245,2,1.8803304139937806
Mt Gambier,2060,3.0,0.0,0.31876501887601666,3,0.0
Mt Gambier,2060,4.0,0.0,0.024891731857187106,2,0.0
Mt Gambier,2062,0.0,0.0,0.12866634961324147,2,0.0
Mt Gambier,2062,1.0,0.0,0.09079209525051184,1,0.0
Mt Gambier,2062,2.0,2.0,0.7919083282272041,6,2.5255448499667574
Mt Gambier,2062,3.0,0.0,0.7283154257445869,10,0.0
Mt Gambier,2062,4.0,0.0,0.09693530602951567,3,0.0
Mt Gambier,2062,5.0,0.0,0.16338249513494013,3,0.0
Mt Gambier,2065,0.0,0.0,0.1561649356674564,2,0.0
Mt Gambier,2065,1.0,0.0,0.03101356993841644,1,0.0
Mt Gambier,2065,2.0,1.0,0.8522205291482582,5,1.1734051994727683
Mt Gambier,2065,3.0,0.0,0.3758964496462798,4,0.0
Mt Gambier,2065,4.0,1.0,0.38013775724516147,3,2.630625295542721
Mt Gambier,2065,5.0,0.0,0.1419041952190701,3,0.0
Mt Gambier,2066,0.0,0.0,0.1183119170527615,1,0.0
Mt Gambier,2066,1.0,0.0,0.13803056989488843,1,0.0
Mt Gambier,2066,2.0,0.0,0.008199835835339907,1,0.0
Mt Gambier,2066,3.0,1.0,0.6434372972870845,4,1.5541529908450842
Mt Gambier,2066,4.0,0.0,0.09202037992992562,1,0.0
Mt Gambier,2069,0.0,0.0,0.08416723383745478,1,0.0
Mt Gambier,2069,1.0,0.0,0.07651566712495889,1,0.0
Mt Gambier,2069,2.0,0.0,0.4443217472565486,4,0.0
Mt Gambier,2069,3.0,1.0,0.3949953517810378,2,2.5316753614719527
Mt Gambier,2070,0.0,0.0,0.15056184077523344,1,0.0
Mt Gambier,2070,1.0,0.0,0.23002503451771777,1,0.0
Mt Gambier,2070,2.0,0.0,0.40287701350295985,3,0.0
Mt Gambier,2070,3.0,1.0,0.21653611120408897,5,4.618167355270748
Mt Gambier,2075,0.0,0.0,0.12127516849291049,3,0.0
Mt Gambier,2075,1.0,0.0,0.2856695276386599,3,0.0
Mt Gambier,2075,2.0,0.0,0.38844958025463894,6,0.0
Mt Gambier,2075,3.0,3.0,1.5881287212648623,12,1.8890156445320474
Mt Gambier,2075,4.0,0.0,0.3663145405901633,6,0.0
Mt Gambier,2075,5.0,0.0,0.25016246175876533,3,0.0
Mt Gambier,2077,0.0,1.0,0.07347030391507604,1,13.610941383281808
Mt Gambier,2077,3.0,0.0,0.11020545587261407,1,0.0
Mt Gambier,2077,4.0,0.0,0.7485054981368551,5,0.0
Mt Gambier,2077,5.0,0.0,0.06781874207545481,1,0.0
Mt Gambier,2084,0.0,0.0,0.08329684857079397,1,0.0
Mt Gambier,2084,1.0,1.0,0.1600606109791727,2,6.2476332801836
Mt Gambier,2084,2.0,0.0,0.5301335662662954,3,0.0
Mt Gambier,2084,3.0,0.0,0.22650897418373794,2,0.0
Mt Gambier,2089,0.0,0.0,0.06028681910909478,1,0.0
Mt Gambier,2089,1.0,0.0,0.1688030935054654,1,0.0
Mt Gambier,2089,2.0,0.0,0.38684042261669155,2,0.0
Mt Gambier,2089,3.0,1.0,0.32780196693359315,3,3.0506223295560098
Mt Gambier,2089,4.0,0.0,0.05626769783515513,1,0.0
Mt Gambier,2400,0.0,0.0,0.03165851690288285,1,0.0
Mt Gambier,2400,1.0,0.0,0.0548747626316636,1,0.0
Mt Gambier,2400,2.0,0.0,0.28684535012005974,2,0.0
Mt Gambier,2400,3.0,1.0,0.4894344637662349,4,2.0431744677416566
Mt Gambier,2400,4.0,0.0,0.137186906579159,1,0.0
Mt Gambier,2412,0.0,0.0,0.011648810180360732,1,0.0
Mt Gambier,2412,1.0,0.0,0.07518777480051018,1,0.0
Mt Gambier,2412,2.0,0.0,0.7454388563843207,4,0.0
Mt Gambier,2412,3.0,1.0,0.16772455863480834,3,5.962156097708563
Mt Gambier,3150,0.0,1.0,0.17201987761890916,4,5.813281661642548
Mt Gambier,3150,1.0,1.0,0.4898890460745935,4,2.0412785466685732
Mt Gambier,3150,2.0,1.0,0.987821696226273,9,1.0123284433013076
Mt Gambier,3150,3.0,1.0,1.35469190344604,15,0.7381752245335036
Mt Gambier,3150,4.0,0.0,0.9219558924381589,12,0.0
Mt Gambier,3150,5.0,0.0,0.0736215841960253,1,0.0
Mt Isa,900,0.0,1.0,0.4553414888243219,2,2.196153929618779
Mt Isa,900,1.0,1.0,1.1293790294765722,6,0.8854423306084097
Mt Isa,900,2.0,0.0,0.3687976698172697,6,0.0
Mt Isa,900,3.0,0.0,0.046481811881836116,2,0.0
Mt Isa,1000,0.0,5.0,2.220135664075354,15,2.252114625653928
Mt Isa,1000,1.0,6.0,4.914103578752788,29,1.2209754849169898
Mt Isa,1000,2.0,2.0,5.5088816736736925,50,0.36305009228238977
Mt Isa,1000,3.0,2.0,2.1382619225101163,37,0.9353391083409417
Mt Isa,1000,4.0,0.0,0.15663360757635522,4,0.0
Mt Isa,1000,5.0,0.0,0.030766249625247707,1,0.0
Mt Isa,1100,0.0,2.0,0.5364566225914255,4,3.7281672287662935
Mt Isa,1100,1.0,0.0,0.16280958502793835,3,0.0
Mt Isa,1100,2.0,2.0,1.9408592584028308,12,1.0304714220472828
Mt Isa,1100,3.0,0.0,1.1970377166309651,13,0.0
Mt Isa,1100,4.0,0.0,0.16283681734684025,3,0.0
Mt Isa,1200,0.0,5.0,3.699613151672547,25,1.3514926547765043
Mt Isa,1200,1.0,9.0,5.3352875455623545,40,1.6868819015173389
Mt Isa,1200,2.0,7.0,8.162524736530663,71,0.8575777992649889
Mt Isa,1200,3.0,2.0,4.492858576032093,51,0.44515089138779823
Mt Isa,1200,4.0,1.0,1.9011892937818378,30,0.5259865512974798
Mt Isa,1200,5.0,0.0,0.4085266964205052,6,0.0
Mt Isa,1450,0.0,3.0,2.6898898934598683,15,1.1152872864031074
Mt Isa,1450,1.0,5.0,3.0626345783487015,18,1.6325813191516565
Mt Isa,1450,2.0,6.0,4.923864196231341,40,1.2185551349268158
Mt Isa,1450,3.0,1.0,2.9830951836750943,32,0.3352222904158313
Mt Isa,1450,4.0,0.0,1.041113209457517,14,0.0
Mt Isa,1450,5.0,0.0,0.24141081477775134,8,0.0
Mt Magnet,1000,0.0,0.0,0.15697936794785558,2,0.0
Mt Magnet,1000,1.0,1.0,0.7057514416832822,5,1.4169294470230311
Mt Magnet,1000,2.0,1.0,0.6547963423441289,6,1.5271924037022935
Mt Magnet,1000,3.0,0.0,0.4824728480247331,5,0.0
Mt Magnet,1200,0.0,2.0,0.5558671120453378,5,3.597982245506324
Mt Magnet,1200,1.0,0.0,1.5687868843764838,11,0.0
Mt Magnet,1200,2.0,1.0,1.288964999845292,10,0.7758162557711226
Mt Magnet,1200,3.0,2.0,1.2793104098168837,13,1.5633422386411078
Mt Magnet,1200,4.0,0.0,0.30707059391600305,6,0.0
Mt Magnet,1400,0.0,0.0,0.06767485292460938,2,0.0
Mt Magnet,1400,1.0,1.0,0.6481286100393292,4,1.5429036529328937
Mt Magnet,1400,2.0,1.0,0.39694340545006135,3,2.5192508208221334
Mt Magnet,1400,3.0,0.0,0.5773330266828416,7,0.0
Mt Magnet,1400,4.0,0.0,0.2966033965087329,2,0.0
Mt Magnet,1400,5.0,0.0,0.013316708394425463,1,0.0
Mt Magnet,1800,0.0,0.0,0.3070308262857401,2,0.0
Mt Magnet,1800,1.0,1.0,0.16793846781017624,3,5.954561888288259
Mt Magnet,1800,2.0,1.0,0.38992373301404853,5,2.5646040887795127
Mt Magnet,1800,3.0,0.0,0.750233726953796,5,0.0
Mt Magnet,1800,4.0,0.0,0.3848732459362392,3,0.0
Mt Newman,1200,0.0,0.0,0.4033082146267803,3,0.0
Mt Newman,1200,1.0,1.0,0.7127601078306239,4,1.4029965889135227
Mt Newman,1200,2.0,0.0,0.6777975385973183,7,0.0
Mt Newman,1200,3.0,2.0,1.0648766856753387,10,1.8781517399187038
Mt Newman,1200,4.0,0.0,0.08410972839932035,2,0.0
Mt Newman,1200,5.0,0.0,0.05714772487061835,1,0.0
Mt Newman,1300,0.0,0.0,0.19201442136709973,2,0.0
Mt Newman,1300,1.0,0.0,0.4190594806855164,3,0.0
Mt Newman,1300,2.0,2.0,1.0393185710928146,7,1.924337787880626
Mt Newman,1300,3.0,0.0,0.2952161917945268,3,0.0
Mt Newman,1300,4.0,0.0,0.05439133506004238,1,0.0
Mt Newman,2100,0.0,0.0,0.18377980531457988,1,0.0
Mt Newman,2100,2.0,1.0,0.2511657339299258,2,3.9814348253372644
Mt Newman,2100,3.0,0.0,0.33372078933314187,2,0.0
Mt Newman,2100,4.0,0.0,0.2002324735998851,2,0.0
Mt Newman,2100,5.0,0.0,0.031101197822467366,1,0.0
Mudgee,1100,0.0,7.0,5.088048593121363,34,1.375773024153787
Mudgee,1100,1.0,5.0,3.5759410852631666,33,1.3982333267753015
Mudgee,1100,2.0,14.0,13.040152056335263,107,1.0736071128249165
Mudgee,1100,3.0,8.0,9.898244608071737,121,0.8082241161706821
Mudgee,1100,4.0,0.0,2.2220184569059724,40,0.0
Mudgee,1100,5.0,0.0,0.09267696392721143,2,0.0
Mudgee,1200,0.0,15.0,7.720071068299973,62,1.9429872947145201
Mudgee,1200,1.0,7.0,6.262039949982059,60,1.1178465892763996
Mudgee,1200,2.0,23.0,20.814281833766348,179,1.1050105011400313
Mudgee,1200,3.0,13.0,20.69600005732399,241,0.6281407017777575
Mudgee,1200,4.0,4.0,5.977371611979496,107,0.6691904501944359
Mudgee,1200,5.0,0.0,0.3210140539559828,10,0.0
Mudgee,1400,0.0,7.0,6.877180914274695,65,1.0178589290083055
Mudgee,1400,1.0,9.0,8.102351891900868,58,1.1107885858421458
Mudgee,1400,2.0,15.0,16.926824069203406,158,0.8861674191611018
Mudgee,1400,3.0,25.0,22.92190331890448,260,1.090659865901347
Mudgee,1400,4.0,9.0,8.99793885377851,159,1.0002290687072877
Mudgee,1400,5.0,0.0,0.8694644297337074,18,0.0
Mudgee,1500,0.0,2.0,0.9832716618694863,10,2.0340258725624376
Mudgee,1500,1.0,1.0,0.765391027971793,7,1.3065217169449928
Mudgee,1500,2.0,5.0,3.5914400257418255,23,1.3921992192998494
Mudgee,1500,3.0,2.0,3.375837923217451,43,0.5924455040465436
Mudgee,1500,4.0,0.0,1.1975165821065261,25,0.0
Mudgee,1500,5.0,0.0,0.08654277909291772,4,0.0
Mudgee,1600,0.0,2.0,2.1413926765055855,17,0.9339716260091465
Mudgee,1600,1.0,1.0,1.042373254631071,10,0.9593492499516709
Mudgee,1600,2.0,3.0,5.39625556502929,45,0.5559410527999551
Mudgee,1600,3.0,6.0,5.8575210360813585,66,1.0243241062287263
Mudgee,1600,4.0,5.0,2.5542568921278876,40,1.9575164954667597
Mudgee,1600,5.0,0.0,0.008200575624808165,1,0.0
Mudgee,1850,0.0,2.0,1.6672793701878115,7,1.1995590155803997
Mudgee,1850,1.0,1.0,0.8446086068807411,9,1.183980357118478
Mudgee,1850,2.0,1.0,1.0183850815698956,13,0.9819468274794894
Mudgee,1850,3.0,3.0,2.3646795054065124,27,1.2686708677184013
Mudgee,1850,4.0,0.0,1.061190252935641,17,0.0
Mudgee,1850,5.0,0.0,0.043857183019398366,1,0.0
Mudgee,2000,0.0,0.0,1.7708152081685256,14,0.0
Mudgee,2000,1.0,1.0,0.6579557584717184,8,1.5198590287024352
Mudgee,2000,2.0,3.0,3.662609748108134,32,0.8190880837221615
Mudgee,2000,3.0,8.0,4.988558913512812,47,1.6036695443908489
Mudgee,2000,4.0,1.0,2.4542636779094202,38,0.4074541822872983
Mudgee,2000,5.0,1.0,0.4657966938293893,5,2.1468593771648306
Murray Bridge,1200,0.0,0.0,0.4509557103863096,2,0.0
Murray Bridge,1200,1.0,0.0,0.1870828604434889,1,0.0
Murray Bridge,1200,2.0,2.0,0.9612741019054035,7,2.0805720200259956
Murray Bridge,1200,3.0,0.0,0.3379159638431055,3,0.0
Murray Bridge,1200,4.0,0.0,0.06277136342169248,3,0.0
Murray Bridge,1400,0.0,1.0,0.4167512517715569,2,2.399512888681501
Murray Bridge,1400,1.0,0.0,0.25799744230733074,3,0.0
Murray Bridge,1400,2.0,1.0,0.7457936404790912,4,1.3408534824158715
Murray Bridge,1400,3.0,0.0,0.5389039039387384,7,0.0
Murray Bridge,1400,4.0,0.0,0.04055376150328263,2,0.0
Murray Bridge,2200,0.0,0.0,0.18040384342999527,1,0.0
Murray Bridge,2200,1.0,0.0,0.2031120195260786,2,0.0
Murray Bridge,2200,2.0,0.0,0.2742994008057343,3,0.0
Murray Bridge,2200,3.0,1.0,0.3421847362381919,5,2.9223980326928096
Murray Bridge GH,900,0.0,4.0,2.9765477431052068,20,1.3438386833423015
Murray Bridge GH,900,1.0,6.0,5.469757906271162,58,1.0969406878357282
Murray Bridge GH,900,2.0,10.0,9.496855213263725,117,1.0529801471579308
Murray Bridge GH,900,3.0,0.0,2.0420045074779014,34,0.0
Murray Bridge GH,900,4.0,0.0,0.005427114596885621,1,0.0
Murray Bridge GH,900,5.0,0.0,0.009407515285118791,2,0.0
Murray Bridge GH,1000,0.0,18.0,18.466226326934205,169,0.974752484959302
Murray Bridge GH,1000,1.0,30.0,30.21690293681311,300,0.9928218011863533
Murray Bridge GH,1000,2.0,78.0,73.67576536007832,795,1.0586927684943304
Murray Bridge GH,1000,3.0,42.0,43.769246267621256,556,0.9595778676012963
Murray Bridge GH,1000,4.0,1.0,2.6173780363216714,47,0.3820617374039513
Murray Bridge GH,1000,5.0,0.0,0.2544810722314438,3,0.0
Murray Bridge GH,1100,0.0,3.0,6.123986513510294,49,0.48987697693024274
Murray Bridge GH,1100,1.0,7.0,6.164386284821158,69,1.135555053912895
Murray Bridge GH,1100,2.0,23.0,19.610202701707603,202,1.1728588607601298
Murray Bridge GH,1100,3.0,15.0,15.239939098014721,198,0.9842559017807376
Murray Bridge GH,1100,4.0,1.0,1.8573550153707938,36,0.5384000321555998
Murray Bridge GH,1100,5.0,0.0,0.004130386575427434,1,0.0
Murray Bridge GH,1200,0.0,28.0,23.895187520661974,240,1.1717840663852765
Murray Bridge GH,1200,1.0,21.0,31.957908466429767,308,0.6571143421998182
Murray Bridge GH,1200,2.0,79.0,82.3671237655258,894,0.9591205372775795
Murray Bridge GH,1200,3.0,92.0,81.59414355657468,1066,1.1275319035147449
Murray Bridge GH,1200,4.0,19.0,18.604100547377158,297,1.021280225379058
Murray Bridge GH,1200,5.0,1.0,1.4101290246869203,23,0.7091549656046702
Murray Bridge GH,1400,0.0,16.0,19.645792281210692,234,0.8144237590917857
Murray Bridge GH,1400,1.0,18.0,21.313306597025104,221,0.8445428173267318
Murray Bridge GH,1400,2.0,70.0,60.139477436765134,659,1.1639608952971516
Murray Bridge GH,1400,3.0,92.0,87.53393729625961,1121,1.0510209279016542
Murray Bridge GH,1400,4.0,36.0,41.04655020274773,597,0.8770530001225315
Murray Bridge GH,1400,5.0,2.0,4.281888951104491,69,0.4670835752253945
Murray Bridge GH,1600,0.0,11.0,12.021839013684032,125,0.9150014392539354
Murray Bridge GH,1600,1.0,7.0,8.716419153808152,92,0.803082077224538
Murray Bridge GH,1600,2.0,34.0,28.58902294738707,313,1.1892676452277107
Murray Bridge GH,1600,3.0,48.0,47.99320316043826,575,1.000141620877836
Murray Bridge GH,1600,4.0,23.0,24.103133733369102,357,0.9542327671757515
Murray Bridge GH,1600,5.0,2.0,3.576381991313383,56,0.5592243795147632
Murray Bridge GH,1800,0.0,10.0,9.672286311970225,92,1.0338817191158003
Murray Bridge GH,1800,1.0,11.0,7.073956252804877,72,1.5549997210738216
Murray Bridge GH,1800,2.0,15.0,20.265566327795195,229,0.7401717651199701
Murray Bridge GH,1800,3.0,36.0,33.027831738296086,411,1.089989808754465
Murray Bridge GH,1800,4.0,17.0,18.80030621034408,241,0.90424059107327
Murray Bridge GH,1800,5.0,3.0,2.94062138864661,44,1.0201925387547828
Murray Bridge GH,2000,0.0,10.0,7.882467877695115,77,1.268638217771471
Murray Bridge GH,2000,1.0,11.0,6.170918987107521,63,1.782554595673926
Murray Bridge GH,2000,2.0,18.0,15.861325983517577,186,1.1348357645952705
Murray Bridge GH,2000,3.0,22.0,26.437662881629972,301,0.8321461733777742
Murray Bridge GH,2000,4.0,9.0,15.709230570859646,191,0.5729115731928237
Murray Bridge GH,2000,5.0,7.0,4.938393699190168,55,1.417464954474551
Murray Bridge GH,2400,0.0,0.0,0.02047027489210029,1,0.0
Murray Bridge GH,2400,2.0,1.0,0.3881463076903722,2,2.5763480939710726
Murray Bridge GH,2400,3.0,0.0,0.4772062042174066,5,0.0
Murray Bridge GH,2400,4.0,0.0,0.02412020652131307,2,0.0
Murray Bridge GH,2400,5.0,0.0,0.09005700667880782,2,0.0
Murray Bridge GH,2500,0.0,5.0,3.911192289744599,37,1.2783825569278007
Murray Bridge GH,2500,1.0,6.0,4.011814884627341,36,1.4955824664271222
Murray Bridge GH,2500,2.0,9.0,11.593415168080606,108,0.7763027433692803
Murray Bridge GH,2500,3.0,10.0,12.706615419624248,134,0.7869916315052615
Murray Bridge GH,2500,4.0,7.0,4.270774271753486,57,1.6390470567122608
Murray Bridge GH,2500,5.0,0.0,0.5061879661697198,9,0.0
Murtoa,1100,0.0,3.0,1.7040214247493182,9,1.7605412446274469
Murtoa,1100,1.0,1.0,1.8160262765954345,13,0.5506528252855094
Murtoa,1100,2.0,5.0,4.320871124387388,38,1.1571740642250465
Murtoa,1100,3.0,0.0,1.1323360698182225,19,0.0
Murtoa,1100,4.0,0.0,0.0267451044496368,1,0.0
Murtoa,1200,0.0,6.0,3.2700333022833763,23,1.834843698934308
Murtoa,1200,1.0,3.0,1.8603487955710345,19,1.6126008236424016
Murtoa,1200,2.0,8.0,7.799444663242417,71,1.0257140534252098
Murtoa,1200,3.0,6.0,8.78160583559259,98,0.6832463347058341
Murtoa,1200,4.0,0.0,1.219470508076907,32,0.0
Murtoa,1200,5.0,0.0,0.06909689523367656,3,0.0
Murtoa,1600,0.0,2.0,2.067567770472029,21,0.9673201665082043
Murtoa,1600,1.0,2.0,1.3682599540214866,15,1.4617105427384254
Murtoa,1600,2.0,11.0,5.997509629900497,57,1.8340945957234749
Murtoa,1600,3.0,5.0,8.940623195166934,96,0.5592451321181804
Murtoa,1600,4.0,1.0,2.482867178760643,42,0.4027601671786421
Murtoa,1600,5.0,0.0,0.12702058851378883,5,0.0
Murtoa,2050,0.0,4.0,3.476391558812299,20,1.1506183731980382
Murtoa,2050,1.0,3.0,2.1515713184094167,18,1.3943297971725137
Murtoa,2050,2.0,6.0,5.1985938522658905,51,1.1541582532716619
Murtoa,2050,3.0,4.0,6.262370400129549,72,0.6387357732652243
Murtoa,2050,4.0,3.0,2.7144676801134557,36,1.1051890659735577
Murtoa,2050,5.0,0.0,0.19660519026938922,3,0.0
Murwillumbah,1000,0.0,0.0,0.07675717217387765,1,0.0
Murwillumbah,1000,1.0,0.0,0.39271111344774606,1,0.0
Murwillumbah,1000,2.0,1.0,0.36547493812477466,5,2.736165727617131
Murwillumbah,1000,3.0,0.0,0.16505677625360154,2,0.0
Murwillumbah,1010,0.0,0.0,1.4329591505879011,10,0.0
Murwillumbah,1010,1.0,5.0,2.972716709629448,17,1.6819631631240284
Murwillumbah,1010,2.0,4.0,3.2986431212929883,27,1.2126198115157414
Murwillumbah,1010,3.0,1.0,2.178796357385678,27,0.4589690067225432
Murwillumbah,1010,4.0,0.0,0.1168846611039842,3,0.0
Murwillumbah,1013,0.0,0.0,0.04990682108672957,1,0.0
Murwillumbah,1013,1.0,0.0,0.15244265350128305,2,0.0
Murwillumbah,1013,2.0,0.0,0.27671837387812454,4,0.0
Murwillumbah,1013,3.0,0.0,0.2927866837088135,2,0.0
Murwillumbah,1013,4.0,1.0,0.22814546782504946,1,4.383168377321603
Murwillumbah,1100,0.0,9.0,2.937528160893584,29,3.063800415537884
Murwillumbah,1100,1.0,6.0,4.763224157743852,28,1.259650984563775
Murwillumbah,1100,2.0,7.0,10.591446434671106,88,0.6609106738325652
Murwillumbah,1100,3.0,7.0,8.562654039582352,98,0.8175035412666782
Murwillumbah,1100,4.0,0.0,2.1347082549045946,36,0.0
Murwillumbah,1103,0.0,1.0,0.13244863592684597,1,7.5500966318167295
Murwillumbah,1103,2.0,0.0,0.6665043556074484,6,0.0
Murwillumbah,1103,3.0,0.0,0.2010470084657056,3,0.0
Murwillumbah,1200,0.0,24.0,13.119304453870742,79,1.8293652749951237
Murwillumbah,1200,1.0,6.0,8.635840877384153,70,0.6947788970629384
Murwillumbah,1200,2.0,23.0,28.844469366965967,223,0.7973798965544734
Murwillumbah,1200,3.0,23.0,23.38170863361784,277,0.9836749041911751
Murwillumbah,1200,4.0,3.0,4.960284464304277,89,0.6048040231540986
Murwillumbah,1200,5.0,0.0,0.05839220385701903,4,0.0
Murwillumbah,1203,0.0,1.0,0.4790020445080385,2,2.087673761449296
Murwillumbah,1203,1.0,0.0,0.062483102861507336,1,0.0
Murwillumbah,1203,2.0,0.0,0.6349809361810261,8,0.0
Murwillumbah,1203,3.0,1.0,0.6062952034780787,6,1.6493615556636283
Murwillumbah,1203,4.0,0.0,0.21723871297134922,6,0.0
Murwillumbah,1500,0.0,0.0,0.3108423900656928,3,0.0
Murwillumbah,1500,1.0,0.0,0.35343216834411323,2,0.0
Murwillumbah,1500,2.0,3.0,1.2794057368715401,9,2.344838633704843
Murwillumbah,1500,3.0,0.0,0.7970229079979374,9,0.0
Murwillumbah,1500,4.0,0.0,0.25929679672071626,4,0.0
Murwillumbah,1530,0.0,1.0,0.5532802410458075,3,1.8074023357671423
Murwillumbah,1530,1.0,1.0,1.0594488137395306,4,0.9438870354390275
Murwillumbah,1530,2.0,1.0,0.565397054292071,6,1.768668570889694
Murwillumbah,1530,3.0,0.0,0.7384359743049497,10,0.0
Murwillumbah,1530,4.0,0.0,0.08343791661764116,3,0.0
Murwillumbah,1550,0.0,13.0,7.60725036783654,63,1.7088960362030423
Murwillumbah,1550,1.0,5.0,5.746230257368069,41,0.8701356847976602
Murwillumbah,1550,2.0,22.0,18.43106498121135,149,1.1936369397225188
Murwillumbah,1550,3.0,16.0,22.29366348217589,227,0.7176927207496531
Murwillumbah,1550,4.0,7.0,7.808852584594126,109,0.8964185101675642
Murwillumbah,1550,5.0,0.0,1.112938326814024,17,0.0
Murwillumbah,1553,0.0,1.0,0.5037681972158116,2,1.9850399559295828
Murwillumbah,1553,2.0,0.0,0.3943129263836266,6,0.0
Murwillumbah,1553,3.0,0.0,0.42429778437421045,8,0.0
Murwillumbah,1553,4.0,1.0,0.6776210920263515,4,1.475750993832866
Murwillumbah,2000,0.0,0.0,0.050826331660511426,2,0.0
Murwillumbah,2000,1.0,0.0,0.552758649640389,2,0.0
Murwillumbah,2000,2.0,0.0,0.09710781455620662,2,0.0
Murwillumbah,2000,3.0,0.0,0.42821676650131646,4,0.0
Murwillumbah,2000,4.0,1.0,0.6502782168363432,8,1.5378033188088045
Murwillumbah,2000,5.0,1.0,0.22081222080523313,2,4.5287348515100865
Murwillumbah,2020,0.0,1.0,1.9329216881582418,21,0.5173515337565675
Murwillumbah,2020,1.0,2.0,1.716250328850232,13,1.1653311678255354
Murwillumbah,2020,2.0,7.0,5.228189713222351,44,1.3388955611722837
Murwillumbah,2020,3.0,9.0,7.282610779937865,74,1.2358205418300259
Murwillumbah,2020,4.0,2.0,4.739512772334175,47,0.42198430430962103
Murwillumbah,2020,5.0,0.0,0.10051471749713456,4,0.0
Muswellbrook,900,0.0,2.0,0.6744110421551757,9,2.965550495153101
Muswellbrook,900,1.0,5.0,4.298377276030391,30,1.1632296745756034
Muswellbrook,900,2.0,2.0,3.4533942621425218,39,0.5791403611006115
Muswellbrook,900,3.0,0.0,0.5738174196719115,7,0.0
Muswellbrook,1000,0.0,48.0,29.504280804745637,223,1.6268825638440714
Muswellbrook,1000,1.0,52.0,44.699346635000104,381,1.1633279659457796
Muswellbrook,1000,2.0,91.0,100.40926777254663,987,0.9062908436513939
Muswellbrook,1000,3.0,29.0,44.63776551373605,690,0.649674096949948
Muswellbrook,1000,4.0,2.0,2.5580645227192766,51,0.7818411076957347
Muswellbrook,1000,5.0,0.0,0.09754187290499611,2,0.0
Muswellbrook,1280,0.0,41.0,25.58700163808471,247,1.602376104083019
Muswellbrook,1280,1.0,18.0,28.473306118757726,247,0.6321710561086514
Muswellbrook,1280,2.0,89.0,73.71215599622961,661,1.2073992246889693
Muswellbrook,1280,3.0,82.0,86.05971071982268,986,0.9528268142448267
Muswellbrook,1280,4.0,16.0,31.08034194879476,534,0.5147948509176699
Muswellbrook,1280,5.0,1.0,2.0874835783105166,38,0.4790456846656201
Muswellbrook,1300,0.0,1.0,0.12843610177819498,2,7.785972839061777
Muswellbrook,1300,1.0,0.0,0.12183948377198926,2,0.0
Muswellbrook,1300,2.0,0.0,0.39032315977406096,4,0.0
Muswellbrook,1300,3.0,1.0,1.3163173371614532,10,0.7596952283227011
Muswellbrook,1300,4.0,0.0,0.04308391751430153,1,0.0
Muswellbrook,1450,0.0,15.0,8.611556710110985,80,1.7418453486334506
Muswellbrook,1450,1.0,3.0,6.136433688708381,69,0.48888330782752265
Muswellbrook,1450,2.0,28.0,20.745877851558145,181,1.3496657119234425
Muswellbrook,1450,3.0,24.0,29.63244302844434,305,0.8099230960121065
Muswellbrook,1450,4.0,7.0,13.419838285253718,173,0.5216158236192677
Muswellbrook,1450,5.0,3.0,1.2304774976858688,20,2.438077905237627
Muswellbrook,1500,0.0,20.0,12.020729399423637,98,1.6637925483090028
Muswellbrook,1500,1.0,7.0,7.9402436792911715,85,0.8815850347586427
Muswellbrook,1500,2.0,27.0,26.052103007576996,227,1.0363846631554972
Muswellbrook,1500,3.0,32.0,33.7403434266861,374,0.9484195105936705
Muswellbrook,1500,4.0,12.0,17.112014961182613,236,0.7012616589700947
Muswellbrook,1500,5.0,0.0,0.9394427299151704,18,0.0
Muswellbrook,1750,0.0,5.0,3.839786078158587,42,1.3021558748912927
Muswellbrook,1750,1.0,3.0,3.403636890782789,33,0.8814101198997294
Muswellbrook,1750,2.0,13.0,10.458450563153107,98,1.2430139552221247
Muswellbrook,1750,3.0,15.0,16.15338233127418,159,0.9285980912467389
Muswellbrook,1750,4.0,6.0,6.44461914718006,90,0.9310092439869609
Muswellbrook,1750,5.0,0.0,1.1551557302854636,14,0.0
Muswellbrook,2300,0.0,0.0,0.48676350788778694,7,0.0
Muswellbrook,2300,1.0,1.0,0.7866619750667283,8,1.2711940219497395
Muswellbrook,2300,2.0,1.0,1.7680738572200614,17,0.565587232635348
Muswellbrook,2300,3.0,5.0,3.4280171874133925,25,1.4585691163855412
Muswellbrook,2300,4.0,0.0,0.5221825058456043,7,0.0
Muswellbrook,2300,5.0,0.0,0.008300966566426668,1,0.0
Muswellbrook,2315,0.0,0.0,0.02739700252975283,1,0.0
Muswellbrook,2315,1.0,1.0,0.0851435667591316,2,11.744868556293486
Muswellbrook,2315,2.0,0.0,0.409972534501598,3,0.0
Muswellbrook,2315,3.0,0.0,0.47748689620951745,5,0.0
Nanango,1000,0.0,0.0,0.08059030239980654,2,0.0
Nanango,1000,1.0,1.0,1.11225964838932,7,0.8990706454631481
Nanango,1000,2.0,0.0,0.5731687061748982,6,0.0
Nanango,1000,3.0,1.0,0.23398134303597537,4,4.273845029799007
Nanango,1200,0.0,2.0,1.0032341947696874,7,1.9935524630509032
Nanango,1200,1.0,1.0,0.7017798346845402,8,1.4249483250676673
Nanango,1200,2.0,2.0,1.9612741403968084,19,1.0197452558036362
Nanango,1200,3.0,2.0,2.46494877337404,25,0.8113758880523855
Nanango,1200,4.0,0.0,0.8121953757991424,17,0.0
Nanango,1200,5.0,0.0,0.05656768097578161,2,0.0
Nanango,1600,0.0,1.0,0.3520206331702264,2,2.8407425752127167
Nanango,1600,1.0,0.0,0.3624071591790646,4,0.0
Nanango,1600,2.0,1.0,0.10802709503516131,4,9.256936879349704
Nanango,1600,3.0,0.0,1.1673340971505886,8,0.0
Nanango,1600,4.0,0.0,0.010211015464959172,1,0.0
Naracoorte,1000,0.0,3.0,2.9527710002806082,20,1.0159948061379984
Naracoorte,1000,1.0,3.0,3.83821238658459,31,0.7816138602662194
Naracoorte,1000,2.0,11.0,9.993287782448059,80,1.1007388398560984
Naracoorte,1000,3.0,3.0,3.1212697404264884,44,0.9611473052598402
Naracoorte,1000,4.0,0.0,0.09445909026025365,3,0.0
Naracoorte,1100,0.0,10.0,5.997276805581397,38,1.6674234530401277
Naracoorte,1100,1.0,5.0,5.09541424986142,42,0.9812744861982486
Naracoorte,1100,2.0,18.0,13.640916811059041,125,1.3195593998056596
Naracoorte,1100,3.0,5.0,10.791997397699244,128,0.46330626442385486
Naracoorte,1100,4.0,0.0,2.435326254146519,42,0.0
Naracoorte,1100,5.0,0.0,0.0390684816523784,2,0.0
Naracoorte,1200,0.0,12.0,7.352394291435063,55,1.6321213912560453
Naracoorte,1200,1.0,8.0,4.820814163549011,53,1.6594707301702998
Naracoorte,1200,2.0,23.0,22.200345534881055,184,1.0360199107650163
Naracoorte,1200,3.0,10.0,15.880183122021407,202,0.629715660276787
Naracoorte,1200,4.0,2.0,4.358112780658608,78,0.45891423665675657
Naracoorte,1200,5.0,0.0,0.35637183615889306,6,0.0
Naracoorte,1430,0.0,18.0,12.859929847225336,97,1.399696593514753
Naracoorte,1430,1.0,8.0,9.146470016045122,85,0.8746543733228299
Naracoorte,1430,2.0,31.0,26.650207291981218,256,1.1632179690147322
Naracoorte,1430,3.0,34.0,33.076092993277996,370,1.0279327732846129
Naracoorte,1430,4.0,6.0,14.473152527723656,206,0.41456068320339073
Naracoorte,1430,5.0,0.0,0.7941473237466733,20,0.0
Naracoorte,1800,0.0,0.0,0.19996061311258037,1,0.0
Naracoorte,1800,1.0,0.0,0.044201819740675656,1,0.0
Naracoorte,1800,2.0,1.0,0.5565631030719499,3,1.79674145569568
Naracoorte,1800,3.0,0.0,0.17879069395106628,4,0.0
Naracoorte,1800,4.0,0.0,0.020483770123727745,1,0.0
Naracoorte,2000,0.0,3.0,3.6404094152655513,37,0.8240831340068281
Naracoorte,2000,1.0,3.0,3.846280897993862,30,0.779974234737961
Naracoorte,2000,2.0,10.0,10.269009964790827,97,0.9738037098305312
Naracoorte,2000,3.0,15.0,13.397521140056579,139,1.11961010124121
Naracoorte,2000,4.0,6.0,5.158633652250656,71,1.163098681640683
Naracoorte,2000,5.0,0.0,0.6565562094848146,12,0.0
Naracoorte,3160,0.0,0.0,0.1193596033092032,2,0.0
Naracoorte,3160,1.0,1.0,0.6181359801687434,4,1.6177670158061541
Naracoorte,3160,2.0,0.0,0.6825111327670841,6,0.0
Naracoorte,3160,3.0,1.0,0.45259241253024274,6,2.2094935140636696
Naracoorte,3160,4.0,0.0,0.12740087122472663,1,0.0
Narrandera,1000,0.0,11.0,5.491743624879126,41,2.0030068319589684
Narrandera,1000,1.0,14.0,10.718048173523206,95,1.3062079749356044
Narrandera,1000,2.0,11.0,17.220921319019542,191,0.6387579268393218
Narrandera,1000,3.0,5.0,7.231411595863314,92,0.6914279368166819
Narrandera,1000,4.0,0.0,0.32153656487761273,9,0.0
Narrandera,1000,5.0,0.0,0.016338721837199553,1,0.0
Narrandera,1200,0.0,6.0,4.518851467048418,29,1.3277710152130813
Narrandera,1200,1.0,2.0,3.7178113100886745,32,0.537950916059884
Narrandera,1200,2.0,14.0,10.83107427435009,99,1.292577231526746
Narrandera,1200,3.0,5.0,7.153963835745136,107,0.6989132339497233
Narrandera,1200,4.0,2.0,2.6464873245954674,40,0.7557187149217549
Narrandera,1200,5.0,0.0,0.13181178817221328,2,0.0
Narrandera,1400,0.0,10.0,5.047886029451361,49,1.9810272937336642
Narrandera,1400,1.0,9.0,4.699357000723267,43,1.9151556263154366
Narrandera,1400,2.0,9.0,12.008496066010457,122,0.7494693715621993
Narrandera,1400,3.0,16.0,17.18733276219513,192,0.9309181489284504
Narrandera,1400,4.0,4.0,9.005107476414972,124,0.4441923664405216
Narrandera,1400,5.0,1.0,0.9480226365262423,12,1.0548271333100376
Narrandera,1600,0.0,5.0,2.7710622002616097,22,1.8043622404173971
Narrandera,1600,1.0,0.0,2.284957468828688,17,0.0
Narrandera,1600,2.0,11.0,6.697117628732583,56,1.6424976549324444
Narrandera,1600,3.0,3.0,6.503602453892893,79,0.4612828076851892
Narrandera,1600,4.0,3.0,3.5972061783370233,49,0.8339805535936475
Narrandera,1600,5.0,0.0,0.1460540699472026,3,0.0
Narrandera,2100,0.0,2.0,0.6682524764609704,6,2.992880790493877
Narrandera,2100,1.0,1.0,0.6720847355227989,7,1.4879076210860875
Narrandera,2100,2.0,1.0,0.5280731340481227,8,1.8936770979696746
Narrandera,2100,3.0,2.0,2.50962475420201,18,0.7969318905749891
Narrandera,2100,4.0,0.0,1.0716600661915834,14,0.0
Narrandera,2100,5.0,0.0,0.5503048335745145,7,0.0
Narrogin,1100,0.0,13.0,9.267427428371464,50,1.4027625358253761
Narrogin,1100,1.0,9.0,6.831861877528383,46,1.317356843762187
Narrogin,1100,2.0,19.0,20.279573420141777,166,0.9369033364937106
Narrogin,1100,3.0,8.0,11.989569271551272,153,0.6672466557228472
Narrogin,1100,4.0,1.0,1.6315680024071049,32,0.612907337312737
Narrogin,1190,0.0,12.0,9.266265452443715,56,1.2950200986132272
Narrogin,1190,1.0,5.0,4.567945984454428,45,1.0945838713977645
Narrogin,1190,2.0,21.0,19.705891309708804,170,1.0656711574194875
Narrogin,1190,3.0,18.0,18.67986522297833,196,0.9636043828548603
Narrogin,1190,4.0,0.0,3.5395668312855975,60,0.0
Narrogin,1190,5.0,0.0,0.09134081252449319,3,0.0
Narrogin,1720,0.0,5.0,4.97948900758151,36,1.0041190958323758
Narrogin,1720,1.0,3.0,2.238076570204169,23,1.3404367124607914
Narrogin,1720,2.0,10.0,12.241387093661904,100,0.8169008890485618
Narrogin,1720,3.0,15.0,11.918823608950364,131,1.2585134650986736
Narrogin,1720,4.0,2.0,3.134725600226459,44,0.6380143767146687
Narrogin,1720,5.0,1.0,1.4874981193755934,13,0.6722697575038076
Narrogin,1900,0.0,3.0,4.340564356022147,34,0.6911543647170596
Narrogin,1900,1.0,4.0,3.919617352638691,32,1.0205077792369694
Narrogin,1900,2.0,11.0,9.276896352916129,86,1.185741392544741
Narrogin,1900,3.0,13.0,12.347156752901343,130,1.0528739741596989
Narrogin,1900,4.0,3.0,3.9589666764675364,43,0.757773491207258
Narrogin,1900,5.0,0.0,0.12580742551065924,2,0.0
Narromine,800,0.0,3.0,1.5599542433952323,9,1.923133330802393
Narromine,800,1.0,1.0,1.822047542092117,20,0.5488330995204312
Narromine,800,2.0,3.0,3.3421300934197964,29,0.8976311263007373
Narromine,800,3.0,2.0,1.5809355446698619,21,1.2650737133104621
Narromine,800,4.0,0.0,0.694932576422993,10,0.0
Narromine,1100,0.0,15.0,7.672066343549135,60,1.95514471959857
Narromine,1100,1.0,7.0,10.095125919813043,76,0.6934039313230911
Narromine,1100,2.0,21.0,19.515668234618385,194,1.0760584647954095
Narromine,1100,3.0,13.0,17.69817432760178,234,0.734539041110326
Narromine,1100,4.0,3.0,4.7354425144941805,81,0.6335205191104399
Narromine,1100,5.0,1.0,0.15531278377233332,4,6.4386200267059746
Narromine,1200,0.0,3.0,1.2815005444626313,12,2.341005638244175
Narromine,1200,1.0,1.0,1.492776017154371,12,0.6698928630339779
Narromine,1200,2.0,2.0,3.5301932679138943,36,0.5665412197621307
Narromine,1200,3.0,6.0,4.392068729555494,50,1.3660988407636414
Narromine,1200,4.0,0.0,1.2765057298438705,29,0.0
Narromine,1200,5.0,0.0,0.026955711069738847,1,0.0
Narromine,1300,0.0,12.0,7.633049237548259,56,1.5721109122380572
Narromine,1300,1.0,3.0,5.67707172683963,55,0.528441447342796
Narromine,1300,2.0,13.0,14.645854538081716,138,0.8876231814400304
Narromine,1300,3.0,24.0,19.693009413238396,233,1.2187065722858121
Narromine,1300,4.0,4.0,7.876152111124428,123,0.5078622077842203
Narromine,1300,5.0,0.0,0.4665698638992144,14,0.0
Narromine,1600,0.0,1.0,4.341627938914096,40,0.230328350118853
Narromine,1600,1.0,2.0,2.090639415443426,25,0.9566451226481822
Narromine,1600,2.0,6.0,8.846817915511867,84,0.6782099572185947
Narromine,1600,3.0,19.0,13.43171471983703,143,1.4145625034709293
Narromine,1600,4.0,9.0,9.25657401608121,121,0.9722819678603044
Narromine,1600,5.0,3.0,2.0011537194008047,31,1.4991352093122936
Newcastle,900,0.0,12.0,8.706601813458047,50,1.3782644775888628
Newcastle,900,1.0,15.0,17.55813652956653,149,0.8543047819876086
Newcastle,900,2.0,20.0,20.08030380251186,224,0.9960008671531247
Newcastle,900,3.0,3.0,3.497488735760373,49,0.8577583022144556
Newcastle,900,4.0,0.0,0.15746911870318986,3,0.0
Newcastle,1200,0.0,46.0,30.882768715037972,258,1.4895037561059377
Newcastle,1200,1.0,29.0,27.308652750961325,221,1.0619344815162708
Newcastle,1200,2.0,67.0,72.96403241896226,688,0.9182606522523789
Newcastle,1200,3.0,99.0,95.5743848064522,993,1.0358423985724314
Newcastle,1200,4.0,16.0,30.00181597757467,430,0.5333010512416799
Newcastle,1200,5.0,1.0,1.1132398958355667,21,0.8982789816829444
Newcastle,1250,0.0,21.0,15.125597422094653,99,1.388374912671174
Newcastle,1250,1.0,4.0,9.596044230153257,85,0.41683842884247696
Newcastle,1250,2.0,25.0,25.20170421262532,208,0.9919964058413053
Newcastle,1250,3.0,33.0,34.4070642434412,358,0.9591053676220163
Newcastle,1250,4.0,14.0,12.765256388516727,189,1.0967268947762001
Newcastle,1250,5.0,2.0,1.904333503168841,21,1.0502362095042534
Newcastle,1300,0.0,19.0,16.067164518425116,126,1.18253597131041
Newcastle,1300,1.0,18.0,16.48594901902274,112,1.0918388731658841
Newcastle,1300,2.0,32.0,34.83912185601773,292,0.9185076516063987
Newcastle,1300,3.0,43.0,39.241150891755794,465,1.0957884522452654
Newcastle,1300,4.0,12.0,17.752026389185136,271,0.6759791663734018
Newcastle,1300,5.0,2.0,1.5584681179308317,29,1.283311462704407
Newcastle,1350,0.0,4.0,3.284112496617433,32,1.2179850733249595
Newcastle,1350,1.0,1.0,3.0369258250650035,22,0.3292803504605173
Newcastle,1350,2.0,9.0,8.626227998271904,77,1.0433297151203254
Newcastle,1350,3.0,9.0,10.546432363793787,125,0.8533691479307509
Newcastle,1350,4.0,8.0,5.500522881207439,76,1.4544071850572673
Newcastle,1350,5.0,1.0,0.941552084324771,9,1.0620761364647657
Newcastle,1400,0.0,49.0,31.957326391190357,244,1.5332947256034466
Newcastle,1400,1.0,17.0,20.133883459249496,178,0.8443477898542324
Newcastle,1400,2.0,50.0,62.71501651444182,561,0.7972572244876337
Newcastle,1400,3.0,99.0,91.376374745801,964,1.0834310320956273
Newcastle,1400,4.0,27.0,34.56967978747059,487,0.7810312437370582
Newcastle,1400,5.0,2.0,3.247719101846745,61,0.6158168047423632
Newcastle,1500,0.0,16.0,11.2366256919949,98,1.4239150113720154
Newcastle,1500,1.0,17.0,9.072360757111017,71,1.8738231927864213
Newcastle,1500,2.0,24.0,24.4662095276096,222,0.9809447586442235
Newcastle,1500,3.0,29.0,34.66692167892085,361,0.836532307904148
Newcastle,1500,4.0,10.0,16.293340329040735,212,0.6137476906547098
Newcastle,1500,5.0,2.0,2.2325619249040196,29,0.8958318144236838
Newcastle,1600,0.0,10.0,14.459685274048628,127,0.6915779846154326
Newcastle,1600,1.0,9.0,10.378987342013923,92,0.8671366197324655
Newcastle,1600,2.0,28.0,30.658699743250093,279,0.9132807403603136
Newcastle,1600,3.0,59.0,44.98617847486738,493,1.3115139360628683
Newcastle,1600,4.0,18.0,24.09779221657626,316,0.74695639493556
Newcastle,1600,5.0,3.0,2.372223004237121,41,1.2646365854481565
Newcastle,1850,0.0,3.0,7.51868270579492,67,0.3990060649437689
Newcastle,1850,1.0,1.0,3.8467739167144224,40,0.25995808998676806
Newcastle,1850,2.0,24.0,16.291186570482107,144,1.4731891931975931
Newcastle,1850,3.0,25.0,24.992461538071982,253,1.0003016294299998
Newcastle,1850,4.0,14.0,13.563798878764223,162,1.032159214769743
Newcastle,1850,5.0,0.0,0.742727563519274,17,0.0
Newcastle,1860,0.0,1.0,0.22901961324860423,1,4.366438253104921
Newcastle,1860,1.0,0.0,0.07703386991089416,1,0.0
Newcastle,1860,2.0,0.0,0.3119448468369725,3,0.0
Newcastle,1860,3.0,0.0,0.382001670003529,3,0.0
Newcastle,1865,0.0,0.0,0.05072821964563361,1,0.0
Newcastle,1865,1.0,1.0,0.08543700150843554,1,11.70453061723223
Newcastle,1865,2.0,0.0,0.15460028844383575,2,0.0
Newcastle,1865,3.0,0.0,0.21363515665202626,4,0.0
Newcastle,1865,4.0,0.0,0.4955993337500689,6,0.0
Newcastle,1870,0.0,3.0,1.630417232001236,10,1.8400198066587448
Newcastle,1870,1.0,1.0,0.9545349843064808,8,1.0476305388917222
Newcastle,1870,2.0,1.0,3.148159785778951,26,0.31764588459494897
Newcastle,1870,3.0,5.0,2.9713022477329636,36,1.6827638466651742
Newcastle,1870,4.0,0.0,0.940675874253684,15,0.0
Newcastle,1870,5.0,0.0,0.35490987592668466,4,0.0
Newcastle,1875,0.0,0.0,0.15561317987661308,6,0.0
Newcastle,1875,1.0,0.0,0.8113291253545033,6,0.0
Newcastle,1875,2.0,2.0,1.8051489770073903,16,1.107941796203235
Newcastle,1875,3.0,4.0,3.0193307301464554,31,1.324796902857335
Newcastle,1875,4.0,0.0,0.20857798761503782,7,0.0
Newcastle,1880,0.0,1.0,1.230829106756813,19,0.8124604744154624
Newcastle,1880,1.0,0.0,1.1586635106033516,14,0.0
Newcastle,1880,2.0,5.0,4.651431225349285,46,1.0749379616215955
Newcastle,1880,3.0,9.0,7.814037626762396,79,1.1517733123239369
Newcastle,1880,4.0,4.0,4.0008106033209865,44,0.9997973902287918
Newcastle,1880,5.0,0.0,0.14422792720716737,3,0.0
Newcastle,1885,0.0,0.0,0.11791281492909766,2,0.0
Newcastle,1885,1.0,0.0,0.09686175075626736,1,0.0
Newcastle,1885,2.0,0.0,0.5465383664290657,5,0.0
Newcastle,1885,3.0,2.0,0.869282092092005,9,2.3007491103225437
Newcastle,1885,4.0,0.0,0.36940497579356424,6,0.0
Newcastle,1890,0.0,1.0,2.5734308621280526,25,0.38858630892965507
Newcastle,1890,1.0,1.0,1.342832199569035,15,0.7446946836104595
Newcastle,1890,2.0,7.0,6.342801750627804,63,1.1036132414681172
Newcastle,1890,3.0,13.0,10.31995784524631,98,1.2596950680363679
Newcastle,1890,4.0,3.0,3.9791120727259632,53,0.753937045544132
Newcastle,1890,5.0,0.0,0.2035160199733231,3,0.0
Newcastle,1895,0.0,1.0,0.5673357395721823,3,1.7626247215697746
Newcastle,1895,1.0,0.0,0.2260307258997166,2,0.0
Newcastle,1895,2.0,0.0,0.5605478120727343,7,0.0
Newcastle,1895,3.0,1.0,1.0394786604624784,13,0.9620207109928416
Newcastle,1895,4.0,1.0,0.6066070619928883,5,1.648513613927765
Newcastle,1900,0.0,1.0,1.3456778063286916,11,0.7431199320498734
Newcastle,1900,1.0,0.0,0.38439652750293524,5,0.0
Newcastle,1900,2.0,1.0,1.296508819796992,16,0.7713021189910458
Newcastle,1900,3.0,6.0,5.099203356964703,39,1.1766543869651622
Newcastle,1900,4.0,3.0,2.7850642163062376,27,1.077174444465351
Newcastle,1900,5.0,0.0,0.08914927310044077,3,0.0
Newcastle,2200,0.0,0.0,0.8144115109451712,7,0.0
Newcastle,2200,1.0,1.0,1.2327577412864286,7,0.8111893898605437
Newcastle,2200,2.0,1.0,1.7035536310958153,16,0.5870082290023046
Newcastle,2200,3.0,4.0,2.4094894582730566,27,1.6601027185513828
Newcastle,2200,4.0,1.0,0.8397876583995285,11,1.1907772042111275
Newcastle,2230,0.0,0.0,0.04089840913268849,1,0.0
Newcastle,2230,1.0,0.0,0.09623155090044348,1,0.0
Newcastle,2230,2.0,0.0,0.4479349571675406,3,0.0
Newcastle,2230,3.0,1.0,0.41493508279932745,3,2.410015545693503
Newcastle,2260,0.0,0.0,0.08264658638042682,1,0.0
Newcastle,2260,2.0,0.0,0.020157703995226057,1,0.0
Newcastle,2260,3.0,0.0,0.4174070019213476,2,0.0
Newcastle,2260,4.0,1.0,0.47978870770299953,4,2.0842508044583314
Newcastle,2300,0.0,3.0,2.5103262150484174,28,1.1950638056584761
Newcastle,2300,1.0,2.0,2.3228912472350367,18,0.8609959688731111
Newcastle,2300,2.0,7.0,7.139981393438456,58,0.9803947117331291
Newcastle,2300,3.0,9.0,9.657945484690584,101,0.9318752124110107
Newcastle,2300,4.0,7.0,5.434601837125171,69,1.2880428428410688
Newcastle,2300,5.0,0.0,0.9342538224623338,13,0.0
Newcastle,2320,0.0,0.0,0.005507469520011037,1,0.0
Newcastle,2320,1.0,0.0,0.08753977868649121,1,0.0
Newcastle,2320,2.0,1.0,0.5848103155329549,2,1.7099561574741897
Newcastle,2320,3.0,0.0,0.2783725469172973,5,0.0
Newcastle,2320,4.0,0.0,0.043769889343245605,1,0.0
Newcastle,2325,0.0,0.0,0.03150783822040975,1,0.0
Newcastle,2325,1.0,0.0,0.10922717249742046,1,0.0
Newcastle,2325,2.0,1.0,0.17554367008514005,2,5.6965882023259065
Newcastle,2325,3.0,0.0,0.5363834363712612,3,0.0
Newcastle,2325,4.0,0.0,0.14733788282576854,3,0.0
Newcastle,2330,0.0,0.0,0.14152287459392024,2,0.0
Newcastle,2330,1.0,0.0,0.24320868960453973,1,0.0
Newcastle,2330,2.0,0.0,0.41879703165355725,4,0.0
Newcastle,2330,3.0,1.0,0.8998446132407186,7,1.111302979742891
Newcastle,2330,4.0,1.0,0.296626790907264,4,3.3712396541842886
Newcastle,2340,0.0,0.0,0.06522060561397795,1,0.0
Newcastle,2340,1.0,0.0,0.02067970421906618,1,0.0
Newcastle,2340,2.0,0.0,0.38237178585449816,3,0.0
Newcastle,2340,3.0,1.0,0.5261128852860888,3,1.9007327666119063
Newcastle,2340,4.0,0.0,0.005615019026368962,1,0.0
Newcastle,2350,0.0,1.0,1.0444584103021386,5,0.9574340061187523
Newcastle,2350,1.0,1.0,0.3862062748558037,5,2.58928988239087
Newcastle,2350,2.0,1.0,1.5488494203007135,10,0.6456405554297506
Newcastle,2350,3.0,1.0,1.2160138800709288,15,0.8223590342091087
Newcastle,2350,4.0,1.0,0.7683789878164201,6,1.3014411063501368
Newcastle,2350,5.0,0.0,0.036093026653994886,2,0.0
Newcastle,2360,0.0,1.0,0.46349746839737843,1,2.1575090872829805
Newcastle,2360,1.0,0.0,0.026912756229525197,1,0.0
Newcastle,2360,2.0,0.0,0.36130781162062614,4,0.0
Newcastle,2360,3.0,0.0,0.14828196375247016,3,0.0
Newcastle,2370,0.0,0.0,0.16490545701633122,1,0.0
Newcastle,2370,1.0,0.0,0.21141725258504004,1,0.0
Newcastle,2370,2.0,0.0,0.1733621471197328,2,0.0
Newcastle,2370,3.0,1.0,0.45031514327889594,4,2.220667048233519
Newcastle,2400,0.0,0.0,0.05756843800322061,1,0.0
Newcastle,2400,2.0,0.0,0.22946859903381642,2,0.0
Newcastle,2400,3.0,0.0,0.35316022544283415,5,0.0
Newcastle,2400,4.0,1.0,0.3598027375201288,1,2.7793006993006992
Newcastle,2900,0.0,0.0,0.10712802751917067,2,0.0
Newcastle,2900,1.0,0.0,0.26012658062979593,3,0.0
Newcastle,2900,2.0,1.0,0.7742064779686451,6,1.2916450952771534
Newcastle,2900,3.0,1.0,0.8585389138823883,6,1.1647695681933765
Nhill,1000,0.0,0.0,0.35547064162939856,3,0.0
Nhill,1000,1.0,0.0,0.9033173923579535,8,0.0
Nhill,1000,2.0,1.0,1.0519424355413842,11,0.9506223593740165
Nhill,1000,3.0,2.0,0.3494040878542888,4,5.724031485384497
Nhill,1000,4.0,0.0,0.3398654426169751,3,0.0
Nhill,1150,0.0,1.0,0.9446006429830835,5,1.0586484430520429
Nhill,1150,1.0,1.0,0.390454401098669,5,2.561118525456951
Nhill,1150,2.0,2.0,1.4074180022469698,14,1.4210419340998635
Nhill,1150,3.0,1.0,2.04976730503757,22,0.4878602549383873
Nhill,1150,4.0,0.0,0.20775964863370738,2,0.0
Nhill,1650,0.0,1.0,1.0386754387167785,8,0.9627646546022502
Nhill,1650,1.0,0.0,0.7111248271015987,7,0.0
Nhill,1650,2.0,2.0,2.6457038208027663,26,0.7559425149082465
Nhill,1650,3.0,4.0,2.504150569993718,20,1.5973480380654723
Nhill,1650,4.0,1.0,0.9951657445594121,11,1.0048577389917377
Nhill,1650,5.0,0.0,0.10517959882572629,2,0.0
Nhill,2100,0.0,0.0,0.5926531050868742,3,0.0
Nhill,2100,1.0,1.0,0.24478632466412492,4,4.085195532765629
Nhill,2100,2.0,0.0,0.7948901648265704,6,0.0
Nhill,2100,3.0,2.0,1.198019345736952,9,1.669422123371235
Nhill,2100,4.0,0.0,0.16965105968547883,5,0.0
Northam,985,0.0,0.0,0.16355979419610123,1,0.0
Northam,985,1.0,0.0,0.136299828496751,1,0.0
Northam,985,2.0,0.0,0.410215554496282,5,0.0
Northam,985,3.0,1.0,0.2899248228108658,4,3.4491699962246973
Northam,1000,0.0,19.0,14.86220105496284,95,1.2784109116634141
Northam,1000,1.0,24.0,20.104854018778088,138,1.1937415699504117
Northam,1000,2.0,36.0,38.48367940202039,375,0.9354614880746045
Northam,1000,3.0,16.0,20.923751593984672,273,0.7646812249768731
Northam,1000,4.0,0.0,0.5050425707501893,11,0.0
Northam,1000,5.0,0.0,0.011396371172572362,1,0.0
Northam,1100,0.0,20.0,17.536494473153375,151,1.1404787901377897
Northam,1100,1.0,22.0,21.559635577312715,166,1.0204254112323996
Northam,1100,2.0,58.0,57.598148209833845,511,1.0069768178779321
Northam,1100,3.0,46.0,45.91599656582243,562,1.0018295025799373
Northam,1100,4.0,4.0,7.378627712317434,125,0.5421062229935578
Northam,1100,5.0,1.0,0.8373907925809065,7,1.1941855688643515
Northam,1300,0.0,38.0,22.775413676046256,202,1.6684658527175735
Northam,1300,1.0,21.0,19.163315926278287,190,1.0958437506738123
Northam,1300,2.0,69.0,65.613863228109,605,1.0516070324973699
Northam,1300,3.0,60.0,73.03096713428063,824,0.8215692925123004
Northam,1300,4.0,13.0,19.8963970077061,336,0.6533846301400678
Northam,1300,5.0,1.0,1.3126111206564912,23,0.7618402619504385
Northam,1400,0.0,12.0,11.939262068144183,114,1.0050872433747706
Northam,1400,1.0,17.0,11.064571228967635,102,1.5364354974274193
Northam,1400,2.0,31.0,39.26224467526718,346,0.7895626003148034
Northam,1400,3.0,43.0,42.24175907696864,462,1.0179500319020751
Northam,1400,4.0,11.0,9.049845394890756,146,1.2154903780135555
Northam,1400,5.0,0.0,0.26438048808705633,3,0.0
Northam,1600,0.0,24.0,16.24417647903942,168,1.4774525523635047
Northam,1600,1.0,16.0,16.07061579568058,152,0.9956059060475105
Northam,1600,2.0,46.0,52.371622562620296,487,0.8783382631500141
Northam,1600,3.0,59.0,62.56371654014511,674,0.9430386054853632
Northam,1600,4.0,22.0,19.348244453693816,264,1.1370540646544256
Northam,1600,5.0,1.0,0.9062574952370184,20,1.1034391497512135
Northam,2200,0.0,7.0,5.3910874518708365,58,1.298439333899292
Northam,2200,1.0,8.0,6.771750012576549,58,1.1813785188676982
Northam,2200,2.0,22.0,16.84431683669613,165,1.3060784959869653
Northam,2200,3.0,19.0,22.326690984903635,228,0.8509993716868746
Northam,2200,4.0,2.0,6.577497955375095,74,0.30406698923647874
Northam,2200,5.0,0.0,0.08865675857775632,3,0.0
Northam,2212,0.0,0.0,0.08398547787198404,2,0.0
Northam,2212,1.0,0.0,0.2353195894599403,2,0.0
Northam,2212,2.0,0.0,0.22611513638462946,4,0.0
Northam,2212,3.0,2.0,1.179283910535592,8,1.6959444474161154
Northam,2212,4.0,0.0,0.2752958857478542,4,0.0
Northam,2218,0.0,0.0,0.1646498011649795,1,0.0
Northam,2218,2.0,0.0,0.10780641742945085,2,0.0
Northam,2218,3.0,1.0,0.2748775391997977,4,3.637983674152217
Northam,2218,4.0,0.0,0.452666242205772,2,0.0
Northam,2220,0.0,0.0,0.11340964071271258,2,0.0
Northam,2220,1.0,0.0,0.10225684058238203,2,0.0
Northam,2220,2.0,0.0,0.8520840268580052,7,0.0
Northam,2220,3.0,2.0,0.9322494918469002,12,2.1453484474823963
Nowra,1000,0.0,9.0,4.526214862692925,22,1.988416430289689
Nowra,1000,1.0,4.0,5.779562041700356,43,0.6920939633729053
Nowra,1000,2.0,8.0,8.008933012366008,84,0.9988846189183734
Nowra,1000,3.0,1.0,3.50229691760066,52,0.28552690520741913
Nowra,1000,4.0,0.0,0.18299316564005197,2,0.0
Nowra,1100,0.0,19.0,14.271418107310247,88,1.3313323074928085
Nowra,1100,1.0,20.0,18.09125878724046,118,1.1055062688123036
Nowra,1100,2.0,28.0,31.179075898867687,288,0.8980381615805637
Nowra,1100,3.0,18.0,20.551568526747094,277,0.8758455578012782
Nowra,1100,4.0,2.0,2.85099740610365,52,0.7015088809685465
Nowra,1100,5.0,0.0,0.0556812737308609,2,0.0
Nowra,1200,0.0,17.0,11.945832909678431,72,1.4230903888021669
Nowra,1200,1.0,10.0,10.14167965176549,76,0.9860299618376502
Nowra,1200,2.0,30.0,24.368225460098472,207,1.2311113933644133
Nowra,1200,3.0,13.0,19.028122489373473,235,0.6831993018365335
Nowra,1200,4.0,2.0,6.366557272447079,87,0.31414152334033285
Nowra,1200,5.0,0.0,0.14958221663705343,6,0.0
Nowra,1400,0.0,18.0,12.451098066780542,93,1.4456556283998676
Nowra,1400,1.0,9.0,8.90549961069146,78,1.0106114640884478
Nowra,1400,2.0,21.0,25.06365324733795,222,0.837866682592668
Nowra,1400,3.0,33.0,33.76150955797049,342,0.9774444458218631
Nowra,1400,4.0,12.0,12.308790583382555,184,0.9749130037357662
Nowra,1400,5.0,0.0,0.5040031951357439,12,0.0
Nowra,1500,0.0,0.0,0.04409685951063807,1,0.0
Nowra,1500,1.0,0.0,0.02702710744200398,1,0.0
Nowra,1500,2.0,0.0,0.10473004133776542,1,0.0
Nowra,1500,3.0,1.0,0.5435312095031067,4,1.839820754569355
Nowra,1500,4.0,0.0,0.2806147822064857,2,0.0
Nowra,1600,0.0,10.0,6.06386878998228,56,1.64911219987483
Nowra,1600,1.0,8.0,6.215990127531248,42,1.2870033310650209
Nowra,1600,2.0,15.0,17.24585051734941,142,0.8697744413886649
Nowra,1600,3.0,19.0,19.958550017173433,220,0.9519729631486935
Nowra,1600,4.0,4.0,6.333533459816119,97,0.6315589907874477
Nowra,1600,5.0,0.0,0.030716464617717397,2,0.0
Nowra,2100,0.0,1.0,0.6150387069783239,2,1.625913928105412
Nowra,2100,1.0,0.0,0.0907889447566076,2,0.0
Nowra,2100,2.0,0.0,0.717785932071447,8,0.0
Nowra,2100,3.0,1.0,0.5763864161936216,7,1.7349472019203116
Nowra,2200,0.0,1.0,0.9416773861782841,4,1.0619348140645206
Nowra,2200,1.0,1.0,0.7452801553412106,5,1.3417773072760422
Nowra,2200,2.0,1.0,1.2852474335725246,14,0.7780602970903124
Nowra,2200,3.0,1.0,0.8859447527182247,12,1.1287385550078997
Nowra,2200,4.0,0.0,0.141850272189756,4,0.0
Oakbank,1050,0.0,13.0,6.189453164237605,48,2.1003470993388307
Oakbank,1050,1.0,7.0,6.473475927121876,65,1.0813356037476172
Oakbank,1050,2.0,20.0,18.967008815473964,191,1.0544625246171282
Oakbank,1050,3.0,6.0,14.521840053624203,185,0.4131707812401215
Oakbank,1050,4.0,2.0,1.8482220395423525,32,1.0821210640336427
Oakbank,1100,0.0,3.0,4.2241954548131835,38,0.7101944102945578
Oakbank,1100,1.0,12.0,5.430590394165838,59,2.2097044941728203
Oakbank,1100,2.0,19.0,13.811791033187534,153,1.375636219397327
Oakbank,1100,3.0,4.0,12.184757184326486,150,0.328279007902208
Oakbank,1100,4.0,0.0,2.3486659335069575,44,0.0
Oakbank,1400,0.0,17.0,9.082454947404633,76,1.8717406360334166
Oakbank,1400,1.0,8.0,7.05637630655102,65,1.1337263848262933
Oakbank,1400,2.0,23.0,21.386075573732647,224,1.0754661331249409
Oakbank,1400,3.0,24.0,28.25867657475401,329,0.8492966730593936
Oakbank,1400,4.0,4.0,9.746935819146666,171,0.41038538410630426
Oakbank,1400,5.0,0.0,0.4694807784110248,13,0.0
Oakbank,1900,0.0,1.0,3.2934298557536104,30,0.30363482563717076
Oakbank,1900,1.0,4.0,2.1772374982181057,23,1.8371904779674606
Oakbank,1900,2.0,7.0,7.825339827743431,72,0.8945298420373609
Oakbank,1900,3.0,14.0,10.660468838580776,114,1.313263066754934
Oakbank,1900,4.0,4.0,5.204629803739991,67,0.7685464962610103
Oakbank,1900,5.0,0.0,0.8388941759640858,14,0.0
Oakbank,2150,0.0,2.0,2.1651662748344376,24,0.9237165862252
Oakbank,2150,1.0,1.0,2.6150134166921744,22,0.3824072158164819
Oakbank,2150,2.0,7.0,6.639440550794768,62,1.0543056973621177
Oakbank,2150,3.0,10.0,9.926901414829487,92,1.0073636860200217
Oakbank,2150,4.0,4.0,2.6397226669525513,39,1.515310699141676
Oakbank,2150,5.0,0.0,0.013755675896581266,2,0.0
Oakbank,2900,0.0,0.0,0.2698418649098047,2,0.0
Oakbank,2900,1.0,0.0,0.21039330101219078,3,0.0
Oakbank,2900,2.0,0.0,0.1289875302413402,3,0.0
Oakbank,2900,3.0,0.0,0.6463071369964517,5,0.0
Oakbank,2900,4.0,2.0,0.7444701668402125,4,2.6864743398498936
Orange,1000,0.0,15.0,9.268246894451662,56,1.6184290482140253
Orange,1000,1.0,19.0,11.679791673287156,90,1.6267413436367095
Orange,1000,2.0,17.0,23.896950826593176,246,0.7113878303286266
Orange,1000,3.0,5.0,10.170199636186592,166,0.4916324338619173
Orange,1000,4.0,0.0,0.9757879259629598,20,0.0
Orange,1000,5.0,0.0,0.00902304351845603,1,0.0
Orange,1010,0.0,3.0,3.2953974886062936,21,0.9103605893894079
Orange,1010,1.0,5.0,4.857280027989303,41,1.0293826938509405
Orange,1010,2.0,12.0,9.241938969117708,93,1.2984288297183586
Orange,1010,3.0,1.0,3.4740629409529573,48,0.28784740432068673
Orange,1010,4.0,0.0,0.08463224603306073,3,0.0
Orange,1010,5.0,0.0,0.03780627673485815,2,0.0
Orange,1280,0.0,6.0,4.9975869479712465,32,1.2005794121172177
Orange,1280,1.0,5.0,3.546654712491493,28,1.4097791878047088
Orange,1280,2.0,13.0,9.167549277648309,90,1.4180452819267315
Orange,1280,3.0,4.0,10.005386832613855,123,0.39978464270481595
Orange,1280,4.0,4.0,3.9870859682821336,59,1.0032389649535023
Orange,1280,5.0,0.0,0.295736260992963,5,0.0
Orange,1290,0.0,4.0,2.4929505710054327,18,1.6045243923094548
Orange,1290,1.0,3.0,2.9230096237549628,20,1.0263394193502975
Orange,1290,2.0,6.0,5.5797843582756474,45,1.0753103730794022
Orange,1290,3.0,4.0,5.651046619346378,72,0.7078334810238489
Orange,1290,4.0,1.0,1.3532088276175795,26,0.7389842421886732
Orange,1300,0.0,5.0,2.8429593362953893,19,1.7587307479801708
Orange,1300,1.0,1.0,2.458429650766436,22,0.40676372402531086
Orange,1300,2.0,7.0,4.769058530403731,43,1.4677949443005485
Orange,1300,3.0,4.0,6.112991071935488,76,0.654344158682621
Orange,1300,4.0,2.0,2.505414273356561,34,0.798271176654771
Orange,1300,5.0,0.0,0.3111471372423952,7,0.0
Orange,1310,0.0,0.0,0.05240752690174224,2,0.0
Orange,1310,1.0,1.0,0.5920581284431894,2,1.6890233440920563
Orange,1310,2.0,1.0,0.6851972752999222,6,1.4594337077045196
Orange,1310,3.0,0.0,0.6432244443557777,6,0.0
Orange,1310,4.0,0.0,0.02711262499936862,1,0.0
Orange,1400,0.0,7.0,4.721934445303844,43,1.4824432827443814
Orange,1400,1.0,0.0,3.3616301959354034,36,0.0
Orange,1400,2.0,15.0,13.266976173031777,111,1.1306268892297402
Orange,1400,3.0,17.0,14.709043361807407,159,1.1557515728141199
Orange,1400,4.0,4.0,6.434063480211462,86,0.6216910996141642
Orange,1400,5.0,0.0,0.506352343710108,10,0.0
Orange,1410,0.0,4.0,2.557188693157161,17,1.56421777192418
Orange,1410,1.0,3.0,1.7457570160577336,16,1.7184522086439018
Orange,1410,2.0,2.0,5.478787085618069,46,0.36504430063545307
Orange,1410,3.0,8.0,5.828292449879466,62,1.3726147184267403
Orange,1410,4.0,0.0,1.321249131671711,32,0.0
Orange,1410,5.0,0.0,0.06872562361585981,1,0.0
Orange,1600,0.0,7.0,4.8441480544583415,31,1.4450425381935854
Orange,1600,1.0,6.0,3.6968666377497197,25,1.6229960634047096
Orange,1600,2.0,8.0,8.432181698286863,67,0.9487461592087528
Orange,1600,3.0,9.0,9.597052558913719,106,0.937787924443617
Orange,1600,4.0,1.0,3.9412544259680966,59,0.2537263246470997
Orange,1600,5.0,0.0,0.48849662462326077,12,0.0
Orange,1610,0.0,3.0,1.6222798085701997,8,1.8492494230351404
Orange,1610,1.0,1.0,0.5136808670128679,4,1.9467339825505896
Orange,1610,2.0,3.0,1.8595048815965085,18,1.61333268317333
Orange,1610,3.0,0.0,2.3210056392693494,27,0.0
Orange,1610,4.0,1.0,1.5250373860130404,22,0.655721629627937
Orange,1610,5.0,0.0,0.15849141753803392,4,0.0
Orange,2100,0.0,1.0,1.3872242994524853,20,0.7208639586220366
Orange,2100,1.0,3.0,2.4457688210013924,19,1.2266081627337468
Orange,2100,2.0,6.0,4.906965434149471,47,1.2227516334726303
Orange,2100,3.0,8.0,8.412828984878725,67,0.9509286370113137
Orange,2100,4.0,2.0,2.7171256353529736,37,0.7360719629514614
Orange,2100,5.0,0.0,0.130086825164952,2,0.0
Orange,2110,0.0,0.0,0.06929747728507912,2,0.0
Orange,2110,1.0,0.0,0.12727553268668831,1,0.0
Orange,2110,2.0,0.0,0.5084615833363394,5,0.0
Orange,2110,3.0,2.0,1.0224623014058627,7,1.9560623381908995
Orange,2110,4.0,0.0,0.27250310528603044,3,0.0
Pakenham,1000,0.0,18.0,13.225999165722408,88,1.3609557791785052
Pakenham,1000,1.0,16.0,16.51003776553343,131,0.9691074137578176
Pakenham,1000,2.0,40.0,36.15441141498108,374,1.106365680826032
Pakenham,1000,3.0,13.0,20.906440783542322,261,0.6218179428338505
Pakenham,1000,4.0,1.0,1.1538387454444565,19,0.8666722312352251
Pakenham,1000,5.0,0.0,0.04927212477630528,1,0.0
Pakenham,1100,0.0,3.0,3.1237108815542967,19,0.9603961806181177
Pakenham,1100,1.0,6.0,4.084278301225919,34,1.4690477870225116
Pakenham,1100,2.0,7.0,8.22375952988877,73,0.851192204071497
Pakenham,1100,3.0,3.0,3.4122600217454857,49,0.879182706148343
Pakenham,1100,4.0,0.0,0.15599126558552706,3,0.0
Pakenham,1200,0.0,44.0,38.10230493407645,277,1.1547857820183733
Pakenham,1200,1.0,41.0,37.97862333918307,308,1.0795546651028747
Pakenham,1200,2.0,99.0,102.37888961139446,933,0.9669962272083639
Pakenham,1200,3.0,84.0,86.1180799599502,1027,0.9754049328441227
Pakenham,1200,4.0,9.0,12.338248706958664,204,0.7294390163268535
Pakenham,1200,5.0,0.0,0.08385344843716297,2,0.0
Pakenham,1400,0.0,59.0,36.009577273812084,318,1.6384530024157675
Pakenham,1400,1.0,28.0,29.717651475382166,260,0.9422009684444596
Pakenham,1400,2.0,114.0,105.63482770210439,865,1.07918952943707
Pakenham,1400,3.0,96.0,112.43201780720031,1292,0.853849302648129
Pakenham,1400,4.0,19.0,31.59619112451436,465,0.6013383045166661
Pakenham,1400,5.0,2.0,2.511175844993419,35,0.7964396455897104
Pakenham,1600,0.0,33.0,25.316805614566505,216,1.3034819835648153
Pakenham,1600,1.0,25.0,24.089082663330295,186,1.037814529901396
Pakenham,1600,2.0,77.0,66.27107998550251,576,1.161894449537333
Pakenham,1600,3.0,65.0,75.13605999844866,838,0.8650972648997307
Pakenham,1600,4.0,14.0,23.127068030421384,317,0.6053512698446849
Pakenham,1600,5.0,2.0,2.059903707730641,23,0.9709191708788
Pakenham,2000,0.0,3.0,6.3334985619336805,50,0.4736718530309526
Pakenham,2000,1.0,1.0,3.9357349700492152,43,0.2540821492325982
Pakenham,2000,2.0,18.0,14.239933178865389,141,1.264050875373153
Pakenham,2000,3.0,22.0,18.394909961200185,206,1.1959830217382919
Pakenham,2000,4.0,5.0,6.689914633305292,92,0.7473936924557804
Pakenham,2000,5.0,1.0,0.4060086946462405,6,2.463001441068424
Pakenham,2500,0.0,3.0,1.6117859175038873,21,1.8612893731234406
Pakenham,2500,1.0,1.0,1.9918773819025541,16,0.5020389352706258
Pakenham,2500,2.0,5.0,6.134999557395974,51,0.8149959838175229
Pakenham,2500,3.0,8.0,6.993845335754193,85,1.1438628702728248
Pakenham,2500,4.0,4.0,3.7225716261806716,53,1.0745260002166748
Pakenham,2500,5.0,0.0,0.5449201812627197,5,0.0
Pakenham,2550,0.0,2.0,1.5035870933640678,7,1.3301524127380457
Pakenham,2550,1.0,3.0,0.5363906124851884,6,5.592939045112093
Pakenham,2550,2.0,2.0,1.9484456618016985,17,1.0264592126991265
Pakenham,2550,3.0,0.0,2.2560087316634836,23,0.0
Pakenham,2550,4.0,0.0,0.746511310818806,9,0.0
Pakenham,2550,5.0,0.0,0.009056589866755909,1,0.0
Pakenham Synthetic,1000,0.0,14.0,10.519078214791428,78,1.3309150967538073
Pakenham Synthetic,1000,1.0,18.0,15.119091142893062,128,1.1905477538219054
Pakenham Synthetic,1000,2.0,40.0,33.1543456543485,328,1.2064783427494257
Pakenham Synthetic,1000,3.0,6.0,18.592005156432684,265,0.3227193597202746
Pakenham Synthetic,1000,4.0,0.0,0.5948269248224216,12,0.0
Pakenham Synthetic,1000,5.0,0.0,0.02065290671190964,1,0.0
Pakenham Synthetic,1100,0.0,6.0,7.391893516585965,53,0.8117000044085013
Pakenham Synthetic,1100,1.0,10.0,7.560342633910846,58,1.322691375804374
Pakenham Synthetic,1100,2.0,23.0,16.977303145402768,170,1.354749915402677
Pakenham Synthetic,1100,3.0,13.0,18.47407445922229,224,0.7036888385772624
Pakenham Synthetic,1100,4.0,1.0,2.5538446152678613,52,0.3915665009615765
Pakenham Synthetic,1100,5.0,0.0,0.04254162961026715,2,0.0
Pakenham Synthetic,1200,0.0,30.0,20.351698860146065,169,1.4740784150824786
Pakenham Synthetic,1200,1.0,21.0,19.6938032228639,160,1.0663252680223618
Pakenham Synthetic,1200,2.0,52.0,54.4333437836774,522,0.955296815985663
Pakenham Synthetic,1200,3.0,57.0,59.399911667721135,730,0.9595973865896288
Pakenham Synthetic,1200,4.0,9.0,13.975553356369497,222,0.6439816564328138
Pakenham Synthetic,1200,5.0,0.0,0.9730925518447578,15,0.0
Pakenham Synthetic,1400,0.0,25.0,21.80729197437016,191,1.1464055247841956
Pakenham Synthetic,1400,1.0,19.0,15.716793988853274,153,1.2088979478559847
Pakenham Synthetic,1400,2.0,56.0,54.99164488991735,524,1.0183365147942234
Pakenham Synthetic,1400,3.0,64.0,72.35489920422903,820,0.8845289082547613
Pakenham Synthetic,1400,4.0,24.0,24.90924523982386,371,0.9634976800352747
Pakenham Synthetic,1400,5.0,3.0,1.1454396937540234,22,2.6190815774577416
Pakenham Synthetic,1600,0.0,18.0,15.487501262308426,149,1.1622275081782356
Pakenham Synthetic,1600,1.0,10.0,10.294023484050973,102,0.9714374574230846
Pakenham Synthetic,1600,2.0,49.0,39.87181197890402,361,1.2289383794728381
Pakenham Synthetic,1600,3.0,48.0,56.95092716093257,612,0.842830879019073
Pakenham Synthetic,1600,4.0,23.0,24.90081942859804,314,0.9236643824493987
Pakenham Synthetic,1600,5.0,1.0,0.9650336078646251,15,1.0362333413576619
Pakenham Synthetic,2200,0.0,6.0,6.599250318274675,69,0.909194182767211
Pakenham Synthetic,2200,1.0,2.0,5.5247095679826295,52,0.3620099799617717
Pakenham Synthetic,2200,2.0,16.0,19.9163048707835,166,0.8033618737917305
Pakenham Synthetic,2200,3.0,31.0,25.337515738986603,270,1.2234822197781838
Pakenham Synthetic,2200,4.0,13.0,10.173966218678226,134,1.2777710993509594
Pakenham Synthetic,2200,5.0,1.0,1.0232802491440742,21,0.9772493907084134
Pakenham Synthetic,3000,0.0,0.0,0.14084011621771828,1,0.0
Pakenham Synthetic,3000,1.0,0.0,0.15364376314660175,1,0.0
Pakenham Synthetic,3000,2.0,0.0,0.03250156528101191,1,0.0
Pakenham Synthetic,3000,3.0,1.0,0.673014555354668,5,1.4858519656725935
Parkes,1000,0.0,9.0,3.691361243463284,17,2.4381249643169793
Parkes,1000,1.0,4.0,2.764125667579112,31,1.4471122087235986
Parkes,1000,2.0,3.0,7.228923625579315,72,0.4149995428620377
Parkes,1000,3.0,1.0,2.4361696686090952,45,0.41048044103222875
Parkes,1000,4.0,0.0,0.7769506574985625,15,0.0
Parkes,1200,0.0,5.0,2.493598353720497,17,2.0051344646341716
Parkes,1200,1.0,3.0,2.365218379474349,22,1.2683818230208097
Parkes,1200,2.0,4.0,4.539000332534674,44,0.8812513123933425
Parkes,1200,3.0,3.0,5.396985981827938,67,0.5558658129002425
Parkes,1200,4.0,2.0,1.7955726111874106,36,1.1138508058871548
Parkes,1200,5.0,0.0,0.4096243412551312,7,0.0
Parkes,1300,0.0,2.0,0.3095929290445005,5,6.460095862565784
Parkes,1300,1.0,0.0,0.4570505672086037,5,0.0
Parkes,1300,2.0,2.0,2.040399040689467,16,0.9802004216411433
Parkes,1300,3.0,0.0,1.280001430669452,21,0.0
Parkes,1300,4.0,1.0,0.727791568417586,18,1.3740197652664048
Parkes,1300,5.0,0.0,0.18516446397039066,3,0.0
Parkes,1400,0.0,3.0,1.7303127213062492,14,1.7337906397262324
Parkes,1400,1.0,2.0,0.795815209000615,10,2.5131462397050703
Parkes,1400,2.0,5.0,4.493645187936176,37,1.11268241948056
Parkes,1400,3.0,3.0,4.330902790009061,48,0.6926962218871977
Parkes,1400,4.0,1.0,2.412796750095249,41,0.41445679167154187
Parkes,1400,5.0,0.0,0.18812567446681427,5,0.0
Parkes,1600,0.0,5.0,2.7907424656283575,21,1.7916379105494462
Parkes,1600,1.0,0.0,1.200626449480216,13,0.0
Parkes,1600,2.0,4.0,4.763465760040948,44,0.8397247301648738
Parkes,1600,3.0,7.0,8.287411365682516,75,0.8446545840582284
Parkes,1600,4.0,3.0,3.221222796262959,54,0.9313233482267645
Parkes,1600,5.0,2.0,0.4252838961354301,13,4.702740964739251
Penola,1075,0.0,2.0,1.950793618765302,10,1.0252237759860223
Penola,1075,1.0,0.0,1.9343448934588872,15,0.0
Penola,1075,2.0,6.0,3.9550022613635556,36,1.5170661363746973
Penola,1075,3.0,2.0,2.1142221006919626,33,0.9459744079609332
Penola,1075,4.0,0.0,0.0456371257202925,1,0.0
Penola,1100,0.0,12.0,5.135775612429097,42,2.3365506800878886
Penola,1100,1.0,1.0,6.289317851178135,53,0.15899975540474184
Penola,1100,2.0,17.0,14.31484610059414,127,1.1875782583016672
Penola,1100,3.0,11.0,14.406737088147036,142,0.7635316680450921
Penola,1100,4.0,1.0,1.8533233476515911,37,0.5395712525108659
Penola,1270,0.0,0.0,0.0999297721234423,4,0.0
Penola,1270,1.0,1.0,0.24990783797891036,4,4.001475136143548
Penola,1270,2.0,0.0,1.5169391296927461,8,0.0
Penola,1270,3.0,1.0,1.1437622747913612,15,0.8743075567712831
Penola,1270,4.0,2.0,0.8335167797383947,7,2.3994717906311553
Penola,1270,5.0,0.0,0.15594420567514533,3,0.0
Penola,1300,0.0,8.0,4.200005709777475,34,1.9047593152971825
Penola,1300,1.0,5.0,3.071855740819661,32,1.6276806015199965
Penola,1300,2.0,7.0,8.616765883029126,84,0.8123697562430732
Penola,1300,3.0,9.0,11.404792665748838,117,0.7891419216264254
Penola,1300,4.0,5.0,6.673013401689117,81,0.7492866714061098
Penola,1300,5.0,0.0,0.03356659893578259,3,0.0
Penola,1370,0.0,0.0,0.1781850911322454,1,0.0
Penola,1370,1.0,0.0,0.04313954837938572,1,0.0
Penola,1370,2.0,0.0,0.28116913022078893,3,0.0
Penola,1370,3.0,1.0,0.48939086968135886,4,2.0433564701587046
Penola,1370,4.0,0.0,0.008115360586221077,1,0.0
Penola,1400,0.0,8.0,4.795845971270657,41,1.6681102870950637
Penola,1400,1.0,7.0,4.00925859745273,32,1.7459587177657805
Penola,1400,2.0,8.0,12.193369603745534,104,0.6560942758220482
Penola,1400,3.0,12.0,12.311995270455279,153,0.9746592438023458
Penola,1400,4.0,6.0,6.431134928691739,91,0.932961299448363
Penola,1400,5.0,0.0,1.2583956283840614,19,0.0
Penola,1555,0.0,0.0,0.161976256620154,1,0.0
Penola,1555,1.0,0.0,0.03856577538575095,1,0.0
Penola,1555,2.0,1.0,0.4317989494083186,2,2.315892619401392
Penola,1555,3.0,0.0,0.18521323503010842,3,0.0
Penola,1555,4.0,0.0,0.18244578355566796,2,0.0
Penola,1600,0.0,5.0,2.7721239298438083,20,1.8036711656977467
Penola,1600,1.0,3.0,1.3735072589474804,13,2.184189403046113
Penola,1600,2.0,0.0,4.417665840587776,47,0.0
Penola,1600,3.0,10.0,6.5867922529102305,69,1.5181896765579206
Penola,1600,4.0,2.0,4.687601407624542,57,0.42665743651901217
Penola,1600,5.0,0.0,0.16230931008616142,4,0.0
Penola,1700,0.0,4.0,2.8120521075374216,25,1.4224487481147323
Penola,1700,1.0,6.0,1.7237593294844158,16,3.480764337208621
Penola,1700,2.0,3.0,5.394368603828266,51,0.5561355221204137
Penola,1700,3.0,7.0,7.888698293135096,98,0.8873453819486975
Penola,1700,4.0,5.0,6.632344805017567,75,0.7538811908900379
Penola,1700,5.0,0.0,0.5487768609972348,8,0.0
Penola,2000,0.0,2.0,0.7642523221839292,7,2.616936765445207
Penola,2000,1.0,0.0,0.6736919604139986,6,0.0
Penola,2000,2.0,2.0,1.6421763423850804,17,1.2178960008005109
Penola,2000,3.0,2.0,2.49499827820038,26,0.8016037595996187
Penola,2000,4.0,1.0,1.186005926208381,11,0.843166107269771
Penola,2000,5.0,0.0,0.23887517060823077,5,0.0
Penola,2030,0.0,0.0,0.37463091312100877,2,0.0
Penola,2030,1.0,0.0,0.33644347176333694,2,0.0
Penola,2030,2.0,1.0,0.7833521051156801,6,1.2765651531022908
Penola,2030,3.0,0.0,0.382195838829603,4,0.0
Penola,2030,4.0,1.0,0.12337767117037113,3,8.105194323364305
Penola,2100,0.0,1.0,1.396525655639388,6,0.7160627489812624
Penola,2100,1.0,2.0,0.7851150191087091,5,2.5473974530132826
Penola,2100,2.0,0.0,1.8951961333041583,18,0.0
Penola,2100,3.0,2.0,1.696400596042354,20,1.1789668104726756
Penola,2100,4.0,1.0,0.22676259590539086,7,4.40989836091494
Penshurst,1000,0.0,3.0,1.4908609737842864,11,2.012260064991192
Penshurst,1000,1.0,6.0,3.31750890350036,23,1.808585952450436
Penshurst,1000,2.0,2.0,5.518682093304927,46,0.36240536530022815
Penshurst,1000,3.0,0.0,0.6128706969565724,21,0.0
Penshurst,1000,4.0,0.0,0.06007733245385362,2,0.0
Penshurst,1284,0.0,2.0,1.8902864954745109,11,1.058040675203548
Penshurst,1284,1.0,1.0,1.3091717908236986,9,0.7638416951917553
Penshurst,1284,2.0,5.0,3.0776039046234644,28,1.6246405174130862
Penshurst,1284,3.0,2.0,3.927877172863211,41,0.5091808913520857
Penshurst,1284,4.0,1.0,0.7950606362151154,13,1.2577657029537999
Penshurst,1400,0.0,1.0,0.3226457307517923,3,3.099374653648489
Penshurst,1400,1.0,0.0,0.14082544093205746,2,0.0
Penshurst,1400,2.0,2.0,1.0256175789556667,6,1.9500445790296383
Penshurst,1400,3.0,0.0,1.2764081719278872,15,0.0
Penshurst,1400,4.0,0.0,0.23450307743259638,2,0.0
Penshurst,1476,0.0,2.0,1.910054422490895,13,1.0470905836242128
Penshurst,1476,1.0,1.0,1.2898205762499282,10,0.7753016337415215
Penshurst,1476,2.0,6.0,4.46808128392866,37,1.3428582916746685
Penshurst,1476,3.0,2.0,4.437121624477031,53,0.4507426591525366
Penshurst,1476,4.0,2.0,0.85348851260428,13,2.343323864895766
Penshurst,1476,5.0,0.0,0.025335345429068866,1,0.0
Penshurst,2000,0.0,1.0,0.6640905404581563,3,1.5058187687933329
Penshurst,2000,1.0,0.0,0.2694565177662288,3,0.0
Penshurst,2000,2.0,1.0,1.45147461930095,9,0.6889545202530746
Penshurst,2000,3.0,1.0,0.5410140015692552,10,1.8483809977180232
Penshurst,2000,4.0,0.0,0.07396432090540976,1,0.0
Pingrup,1660,0.0,1.0,0.09724615542186334,1,10.283182874036532
Pingrup,1660,1.0,0.0,0.020160788319166793,1,0.0
Pingrup,1660,2.0,0.0,0.4338715105266576,4,0.0
Pingrup,1660,3.0,0.0,0.4487215457323123,2,0.0
Pinjarra,1000,0.0,27.0,16.7370150441611,121,1.6131908783471673
Pinjarra,1000,1.0,31.0,28.09516442916214,224,1.1033927236183998
Pinjarra,1000,2.0,44.0,54.1865086407588,571,0.8120102421011757
Pinjarra,1000,3.0,18.0,21.144461888132593,374,0.8512867385905226
Pinjarra,1000,4.0,1.0,0.8368499977853673,16,1.1949572834395548
Pinjarra,1200,0.0,55.0,33.1517085998334,244,1.6590396791879498
Pinjarra,1200,1.0,29.0,22.694821515704692,210,1.2778245460063282
Pinjarra,1200,2.0,85.0,83.42785938719315,776,1.0188443120122554
Pinjarra,1200,3.0,66.0,85.13456195017152,1092,0.7752433146790513
Pinjarra,1200,4.0,9.0,18.826618944406835,396,0.47804653754219595
Pinjarra,1200,5.0,0.0,0.42045987432681675,15,0.0
Pinjarra,1300,0.0,29.0,13.02373211793219,108,2.2267042762704183
Pinjarra,1300,1.0,8.0,7.7189753515000135,76,1.0364069887132592
Pinjarra,1300,2.0,27.0,30.600569894790294,289,0.8823365085300818
Pinjarra,1300,3.0,37.0,42.08993351416007,469,0.879070050979109
Pinjarra,1300,4.0,7.0,13.656195543182722,241,0.5125878563956602
Pinjarra,1300,5.0,0.0,0.7070364709670506,19,0.0
Pinjarra,1400,0.0,20.0,12.197183143333811,110,1.6397228577264336
Pinjarra,1400,1.0,11.0,9.327780952517136,93,1.1792729756407507
Pinjarra,1400,2.0,28.0,29.58683000634846,315,0.9463670151209854
Pinjarra,1400,3.0,36.0,42.373960533030846,507,0.8495783624459108
Pinjarra,1400,4.0,15.0,16.307995217384043,222,0.9197942358978777
Pinjarra,1400,5.0,0.0,0.20625014738570613,7,0.0
Pinjarra,1406,0.0,6.0,1.9815833997734298,16,3.0278816428751005
Pinjarra,1406,1.0,2.0,1.4950834524724481,16,1.337717969316403
Pinjarra,1406,2.0,7.0,4.428174536052217,47,1.580786832815448
Pinjarra,1406,3.0,1.0,6.71752073927441,76,0.1488644455019598
Pinjarra,1406,4.0,0.0,1.3776378724274954,23,0.0
Pinjarra,1409,0.0,2.0,0.7699816125322961,6,2.5974646244115496
Pinjarra,1409,1.0,0.0,0.5181462303787865,6,0.0
Pinjarra,1409,2.0,3.0,2.0749789219078867,17,1.4457978191130643
Pinjarra,1409,3.0,1.0,1.8165793286514658,26,0.5504851807062828
Pinjarra,1409,4.0,0.0,0.8147263572039657,12,0.0
Pinjarra,1409,5.0,0.0,0.005587549325599511,1,0.0
Pinjarra,1412,0.0,2.0,1.1289774796412273,11,1.7715145218269288
Pinjarra,1412,1.0,1.0,0.7299922148270441,9,1.369877622923593
Pinjarra,1412,2.0,3.0,3.4355393488707695,35,0.8732253353424907
Pinjarra,1412,3.0,4.0,3.3868591641837025,49,1.1810352323770381
Pinjarra,1412,4.0,1.0,2.318631792477256,29,0.4312888330283728
Pinjarra,1413,0.0,5.0,1.6145606089928148,18,3.096817779494242
Pinjarra,1413,1.0,3.0,1.6225649577147214,15,1.8489244364215207
Pinjarra,1413,2.0,5.0,6.2848840923451625,52,0.7955596199601962
Pinjarra,1413,3.0,4.0,6.365731129951821,72,0.628364585048108
Pinjarra,1413,4.0,1.0,2.0992295025285017,29,0.47636525629785104
Pinjarra,1413,5.0,0.0,0.013029708466978793,2,0.0
Pinjarra,1500,0.0,7.0,5.216206667693914,58,1.3419713684570518
Pinjarra,1500,1.0,12.0,4.607329530870754,42,2.6045456309551365
Pinjarra,1500,2.0,13.0,15.870231012703231,172,0.8191437156519163
Pinjarra,1500,3.0,20.0,24.39287396489085,285,0.8199115868341876
Pinjarra,1500,4.0,6.0,7.844688240260968,133,0.7648487506751955
Pinjarra,1500,5.0,0.0,0.06867058358028225,4,0.0
Pinjarra,1600,0.0,27.0,14.741092758933119,138,1.8316145513457929
Pinjarra,1600,1.0,14.0,10.835045156974331,102,1.2921035212288379
Pinjarra,1600,2.0,39.0,38.95778934672154,385,1.0010834971384743
Pinjarra,1600,3.0,50.0,53.34208260601417,620,0.9373462294170464
Pinjarra,1600,4.0,7.0,19.095780213449082,287,0.36657313405136116
Pinjarra,1600,5.0,1.0,0.9528548650748285,11,1.0494777711204415
Pinjarra,2000,0.0,11.0,6.941291138525765,77,1.5847195832123315
Pinjarra,2000,1.0,10.0,5.53948080788224,60,1.8052233317192463
Pinjarra,2000,2.0,23.0,20.92508291973745,211,1.0991593241575832
Pinjarra,2000,3.0,29.0,32.54462746625377,350,0.8910840976769738
Pinjarra,2000,4.0,4.0,10.693660968339817,150,0.37405337721502474
Pinjarra,2000,5.0,0.0,0.31555337298238795,6,0.0
Pinjarra,2006,0.0,1.0,0.026783830652261354,1,37.33595888441634
Pinjarra,2006,2.0,0.0,0.2830057468544095,3,0.0
Pinjarra,2006,3.0,0.0,0.5795039224639823,5,0.0
Pinjarra,2006,4.0,0.0,0.11070650002934694,1,0.0
Pinjarra,2013,0.0,0.0,0.4298529519033275,7,0.0
Pinjarra,2013,1.0,0.0,0.45664981996027293,7,0.0
Pinjarra,2013,2.0,4.0,1.8300827814245868,17,2.185693478240525
Pinjarra,2013,3.0,2.0,3.0156902120281734,27,0.6631980937640538
Pinjarra,2013,4.0,1.0,1.2677242346836395,11,0.7888150850484845
Pinjarra,2025,0.0,0.0,0.3150355505991235,2,0.0
Pinjarra,2025,1.0,0.0,0.10053202553524468,1,0.0
Pinjarra,2025,2.0,2.0,0.5407109971975965,5,3.6988335920031665
Pinjarra,2025,3.0,0.0,0.8432295503334946,8,0.0
Pinjarra,2025,4.0,0.0,0.20049187633454052,4,0.0
Pinjarra,2200,0.0,0.0,0.047167975301354796,1,0.0
Pinjarra,2200,1.0,0.0,0.13364259668717193,1,0.0
Pinjarra,2200,2.0,1.0,0.18622923581780945,2,5.369726163610065
Pinjarra,2200,3.0,0.0,0.5812275741212101,5,0.0
Pinjarra,2200,4.0,0.0,0.05173261807245365,2,0.0
Pinjarra,2300,0.0,1.0,0.7366429604337646,11,1.3575097485641623
Pinjarra,2300,1.0,0.0,0.5748923928091105,8,0.0
Pinjarra,2300,2.0,2.0,4.121655229599449,34,0.4852419449441345
Pinjarra,2300,3.0,6.0,3.9280574971627296,46,1.5274725495576
Pinjarra,2300,4.0,2.0,1.638751919994946,18,1.2204409804787097
Pinjarra Scarpside,1000,0.0,13.0,8.250069629628388,45,1.5757442765468592
Pinjarra Scarpside,1000,1.0,9.0,9.224725653563489,72,0.9756387710590961
Pinjarra Scarpside,1000,2.0,18.0,19.94324444818632,210,0.9025612681409497
Pinjarra Scarpside,1000,3.0,4.0,6.870387602106462,114,0.5822087823361813
Pinjarra Scarpside,1000,4.0,1.0,0.5760731968293681,9,1.7358905179131225
Pinjarra Scarpside,1200,0.0,31.0,11.25887314038214,94,2.7533838967251945
Pinjarra Scarpside,1200,1.0,8.0,9.1117468600114,82,0.8779875168733551
Pinjarra Scarpside,1200,2.0,27.0,32.926696906377835,301,0.8200032963151598
Pinjarra Scarpside,1200,3.0,25.0,31.7961529585972,398,0.7862586405516827
Pinjarra Scarpside,1200,4.0,3.0,8.636936674170899,136,0.34734537408056015
Pinjarra Scarpside,1200,5.0,0.0,0.2695934604605257,11,0.0
Pinjarra Scarpside,1300,0.0,8.0,6.654717370598038,53,1.2021547354280901
Pinjarra Scarpside,1300,1.0,6.0,3.8160410406277965,44,1.5723101340159877
Pinjarra Scarpside,1300,2.0,18.0,17.237661037037615,152,1.0442251974513472
Pinjarra Scarpside,1300,3.0,19.0,18.204263853519176,229,1.043711525655952
Pinjarra Scarpside,1300,4.0,2.0,6.9233526135224,102,0.28887738522716355
Pinjarra Scarpside,1300,5.0,0.0,0.1558449529973105,6,0.0
Pinjarra Scarpside,1400,0.0,14.0,8.467361000656787,62,1.653407714506806
Pinjarra Scarpside,1400,1.0,7.0,6.2174827446364995,54,1.1258575676850149
Pinjarra Scarpside,1400,2.0,13.0,18.448911097205645,184,0.704648633813897
Pinjarra Scarpside,1400,3.0,25.0,21.380545576721115,274,1.1692872808269077
Pinjarra Scarpside,1400,4.0,3.0,7.286132755913642,128,0.41174105667579425
Pinjarra Scarpside,1400,5.0,0.0,0.1327248941378145,8,0.0
Pinjarra Scarpside,1500,0.0,3.0,2.8799929900355137,25,1.0416692021055949
Pinjarra Scarpside,1500,1.0,3.0,2.1345218866208677,24,1.4054669660704482
Pinjarra Scarpside,1500,2.0,10.0,7.8111267732323455,71,1.2802250290276458
Pinjarra Scarpside,1500,3.0,7.0,9.183004300746605,111,0.7622777656143404
Pinjarra Scarpside,1500,4.0,2.0,2.8386900693342447,39,0.7045503211518467
Pinjarra Scarpside,1500,5.0,0.0,0.15266398003042295,3,0.0
Pinjarra Scarpside,1600,0.0,7.0,4.8546559038986326,41,1.4419147594741997
Pinjarra Scarpside,1600,1.0,2.0,3.6272726937088615,35,0.5513784512173011
Pinjarra Scarpside,1600,2.0,15.0,11.40110735872155,113,1.3156616746114045
Pinjarra Scarpside,1600,3.0,13.0,14.464440576083831,176,0.8987558095744674
Pinjarra Scarpside,1600,4.0,4.0,6.358818290615835,95,0.6290476967871668
Pinjarra Scarpside,1600,5.0,0.0,0.29370517697129067,6,0.0
Pinjarra Scarpside,1609,0.0,0.0,0.1371509534271417,1,0.0
Pinjarra Scarpside,1609,2.0,0.0,0.3059521268759315,3,0.0
Pinjarra Scarpside,1609,3.0,1.0,0.4987013538506706,5,2.005208111585429
Pinjarra Scarpside,1609,4.0,0.0,0.05819556584625615,2,0.0
Pinjarra Scarpside,1613,0.0,0.0,0.07237259098883196,2,0.0
Pinjarra Scarpside,1613,1.0,0.0,0.0708682755779516,2,0.0
Pinjarra Scarpside,1613,2.0,1.0,1.1521223190302687,11,0.8679633954506595
Pinjarra Scarpside,1613,3.0,1.0,0.5018554789212102,8,1.9926055249005203
Pinjarra Scarpside,1613,4.0,0.0,0.20278133548173738,3,0.0
Pinjarra Scarpside,1615,0.0,0.0,0.16372797607901574,1,0.0
Pinjarra Scarpside,1615,1.0,0.0,0.051164992524692414,1,0.0
Pinjarra Scarpside,1615,2.0,1.0,0.46395325994659464,4,2.155389532374682
Pinjarra Scarpside,1615,3.0,0.0,0.3130484260992508,5,0.0
Pinjarra Scarpside,1615,4.0,0.0,0.008105345350446323,1,0.0
Pinjarra Scarpside,1700,0.0,1.0,0.532758583784602,10,1.8770227837460935
Pinjarra Scarpside,1700,1.0,1.0,0.615412018949073,9,1.6249276406848217
Pinjarra Scarpside,1700,2.0,6.0,3.9164722453293237,33,1.531990940866601
Pinjarra Scarpside,1700,3.0,2.0,4.163476198436049,50,0.48036782358723984
Pinjarra Scarpside,1700,4.0,0.0,0.7400911144693959,12,0.0
Pinjarra Scarpside,1700,5.0,0.0,0.031789839031556556,1,0.0
Pinjarra Scarpside,1800,0.0,0.0,2.126421788820631,22,0.0
Pinjarra Scarpside,1800,1.0,2.0,1.3250070876869189,18,1.5094258880467006
Pinjarra Scarpside,1800,2.0,4.0,5.336999893391322,52,0.7494847442198946
Pinjarra Scarpside,1800,3.0,7.0,7.33095995479839,99,0.9548544860647119
Pinjarra Scarpside,1800,4.0,9.0,5.711654015440862,65,1.5757256962115416
Pinjarra Scarpside,1800,5.0,0.0,0.16895725986187524,4,0.0
Pinjarra Scarpside,2200,0.0,1.0,2.291460915207106,24,0.436402817680012
Pinjarra Scarpside,2200,1.0,1.0,1.5985800676826565,16,0.6255551537369199
Pinjarra Scarpside,2200,2.0,7.0,5.667831476822519,59,1.235040249277898
Pinjarra Scarpside,2200,3.0,13.0,10.735983805565436,99,1.2108811111712854
Pinjarra Scarpside,2200,4.0,2.0,3.6222055939894,36,0.5521497739716242
Pinjarra Scarpside,2200,5.0,0.0,0.08393814073288257,2,0.0
Pinjarra Scarpside,2206,0.0,0.0,0.12760634721194147,2,0.0
Pinjarra Scarpside,2206,1.0,0.0,0.06979827016400927,1,0.0
Pinjarra Scarpside,2206,2.0,2.0,1.1726786829201885,8,1.705497020735149
Pinjarra Scarpside,2206,3.0,0.0,0.5435102745246612,5,0.0
Pinjarra Scarpside,2206,4.0,0.0,0.08640642517919953,1,0.0
Pinjarra Scarpside,2218,0.0,0.0,0.06336573626665151,1,0.0
Pinjarra Scarpside,2218,1.0,0.0,0.14977355844844903,1,0.0
Pinjarra Scarpside,2218,2.0,1.0,0.35280541185833664,4,2.834423640875254
Pinjarra Scarpside,2218,3.0,0.0,0.3314631489948413,4,0.0
Pinjarra Scarpside,2218,4.0,0.0,0.10259214443172149,2,0.0
Pioneer Park,1000,0.0,21.0,7.004010615557442,52,2.9982821489953766
Pioneer Park,1000,1.0,14.0,11.69159016374877,95,1.1974419051574987
Pioneer Park,1000,2.0,15.0,22.67634571388257,203,0.6614822418594953
Pioneer Park,1000,3.0,2.0,9.695176739390252,109,0.20628814241975169
Pioneer Park,1000,4.0,0.0,0.9328767674209664,10,0.0
Pioneer Park,1100,0.0,32.0,17.693112032221286,127,1.8086134277409283
Pioneer Park,1100,1.0,32.0,26.70458104682732,196,1.1982962752303432
Pioneer Park,1100,2.0,44.0,44.39956056018035,402,0.9910007992164974
Pioneer Park,1100,3.0,16.0,30.086750392710535,341,0.5317955509039124
Pioneer Park,1100,4.0,3.0,7.723971337270974,95,0.3884012341583801
Pioneer Park,1100,5.0,0.0,0.3920246307895324,5,0.0
Pioneer Park,1200,0.0,38.0,20.564983133204766,140,1.8478011751268686
Pioneer Park,1200,1.0,31.0,28.343397308957147,203,1.0937291554037987
Pioneer Park,1200,2.0,46.0,46.58281733058612,396,0.9874885770336729
Pioneer Park,1200,3.0,24.0,34.590898301893915,386,0.6938241323060973
Pioneer Park,1200,4.0,1.0,9.587720200095884,139,0.10430008168052289
Pioneer Park,1200,5.0,0.0,0.3301837252621716,9,0.0
Pioneer Park,1400,0.0,26.0,14.221200773112598,87,1.8282563065389712
Pioneer Park,1400,1.0,15.0,12.4046059286313,94,1.2092282565283452
Pioneer Park,1400,2.0,24.0,22.411163464098266,198,1.070894870694553
Pioneer Park,1400,3.0,18.0,25.203989184325092,258,0.7141726600642485
Pioneer Park,1400,4.0,4.0,10.738866065964261,136,0.3724788050646792
Pioneer Park,1400,5.0,0.0,2.020174583868484,25,0.0
Pioneer Park,1600,0.0,14.0,7.306673290727219,56,1.91605665710648
Pioneer Park,1600,1.0,8.0,8.230038294941703,61,0.9720489399079603
Pioneer Park,1600,2.0,10.0,12.85281213221249,121,0.7780398481774583
Pioneer Park,1600,3.0,17.0,18.317758773499037,176,0.9280611351097446
Pioneer Park,1600,4.0,6.0,7.866157819732998,94,0.7627612028007414
Pioneer Park,1600,5.0,1.0,1.4265596888865508,15,0.7009871425572901
Pioneer Park,1900,0.0,1.0,0.8452371933775129,6,1.1830998539049908
Pioneer Park,1900,1.0,0.0,0.5633667907110889,5,0.0
Pioneer Park,1900,2.0,3.0,2.144187009481353,16,1.3991316926808801
Pioneer Park,1900,3.0,1.0,1.4813210128862224,17,0.6750731214239571
Pioneer Park,1900,4.0,0.0,0.5716223507268423,9,0.0
Pioneer Park,1900,5.0,1.0,0.39426564281698,4,2.5363609997947623
Pioneer Park,2000,0.0,0.0,1.698599045985053,11,0.0
Pioneer Park,2000,1.0,3.0,0.6775186429798877,8,4.427922435913038
Pioneer Park,2000,2.0,2.0,2.789967947017144,29,0.716854113732121
Pioneer Park,2000,3.0,4.0,3.7900068653233054,49,1.0554070591792402
Pioneer Park,2000,4.0,2.0,1.9943931998033957,25,1.0028112812444192
Pioneer Park,2000,5.0,0.0,0.04951429889121366,1,0.0
Port Augusta,1100,0.0,25.0,13.525334206074195,81,1.848383161487615
Port Augusta,1100,1.0,25.0,16.128518993397766,135,1.5500493263041566
Port Augusta,1100,2.0,27.0,31.28931532975269,296,0.8629143755768276
Port Augusta,1100,3.0,4.0,17.04671199384017,246,0.2346493565120007
Port Augusta,1100,4.0,0.0,2.617535318286475,58,0.0
Port Augusta,1100,5.0,0.0,0.3925841586487092,5,0.0
Port Augusta,1200,0.0,18.0,9.665544335919773,66,1.8622851827503537
Port Augusta,1200,1.0,17.0,15.37530720494211,104,1.1056689647498985
Port Augusta,1200,2.0,22.0,20.933018545738253,212,1.050971218122719
Port Augusta,1200,3.0,9.0,16.052861225453828,229,0.5606477171639265
Port Augusta,1200,4.0,0.0,3.9445797011772976,77,0.0
Port Augusta,1200,5.0,0.0,0.02868898676873932,3,0.0
Port Augusta,1396,0.0,21.0,9.092071905054965,59,2.3097045667142737
Port Augusta,1396,1.0,5.0,7.906128562462073,74,0.6324207809799306
Port Augusta,1396,2.0,20.0,19.12656173132972,167,1.045666245765415
Port Augusta,1396,3.0,9.0,14.222860488913488,178,0.6327841018348853
Port Augusta,1396,4.0,3.0,7.138348217646308,119,0.42026529226801645
Port Augusta,1396,5.0,1.0,1.3501298789688194,23,0.7406694834157467
Port Augusta,1498,0.0,11.0,6.662981645153915,55,1.6509125472378365
Port Augusta,1498,1.0,5.0,7.0201344482895855,64,0.7122370713595407
Port Augusta,1498,2.0,16.0,17.80509630645424,152,0.8986191214366023
Port Augusta,1498,3.0,18.0,15.698051962875725,180,1.146639088886197
Port Augusta,1498,4.0,5.0,6.263661958424852,86,0.7982550835577611
Port Augusta,1498,5.0,0.0,1.524327252238359,24,0.0
Port Augusta,1600,0.0,10.0,6.0691335700976765,31,1.647681647553369
Port Augusta,1600,1.0,6.0,5.1080051265731266,39,1.174626855557856
Port Augusta,1600,2.0,14.0,9.627103966336875,81,1.454227569262142
Port Augusta,1600,3.0,0.0,6.037721895121426,92,0.0
Port Augusta,1600,4.0,1.0,3.7442819047633336,61,0.26707390774392226
Port Augusta,1600,5.0,0.0,0.4137535371075619,6,0.0
Port Augusta,1867,0.0,6.0,4.519879054842742,24,1.3274691484435648
Port Augusta,1867,1.0,4.0,4.042576839519366,31,0.9894678960451303
Port Augusta,1867,2.0,8.0,6.038940889799117,53,1.3247356028129822
Port Augusta,1867,3.0,4.0,6.157760303657775,72,0.6495868307221958
Port Augusta,1867,4.0,2.0,2.1778950272435935,31,0.9183179055839332
Port Augusta,1867,5.0,0.0,1.0629478849374063,21,0.0
Port Augusta,2300,0.0,1.0,0.8442885349445595,5,1.1844292070905185
Port Augusta,2300,1.0,2.0,0.5948362227969747,6,3.362270022151334
Port Augusta,2300,2.0,1.0,1.3212410332785791,14,0.7568641714968244
Port Augusta,2300,3.0,1.0,1.3040075354343668,18,0.7668667341457491
Port Augusta,2300,4.0,0.0,0.7621938950343443,9,0.0
Port Augusta,2300,5.0,0.0,0.17343277851117553,2,0.0
Port Hedland,1200,0.0,11.0,4.083450614880461,27,2.6938001796605575
Port Hedland,1200,1.0,4.0,3.854114545464607,29,1.0378518730604585
Port Hedland,1200,2.0,9.0,9.654636302254348,82,0.9321946180301488
Port Hedland,1200,3.0,3.0,7.7425121173608815,82,0.38747114044202263
Port Hedland,1200,4.0,0.0,1.6343021127572208,24,0.0
Port Hedland,1200,5.0,0.0,0.030984307282482217,1,0.0
Port Hedland,1300,0.0,3.0,1.9418908304876696,18,1.5448860218607685
Port Hedland,1300,1.0,5.0,3.763974179059431,20,1.328383182811694
Port Hedland,1300,2.0,5.0,5.995030601856977,52,0.8340240996353274
Port Hedland,1300,3.0,3.0,4.754746326679075,49,0.6309484868134558
Port Hedland,1300,4.0,2.0,1.3572293615783464,16,1.4735902837190054
Port Hedland,1300,5.0,0.0,0.1286294881761891,2,0.0
Port Hedland,1400,0.0,2.0,1.835803506984953,13,1.0894412132836135
Port Hedland,1400,1.0,1.0,2.6606242693857967,18,0.37585164185202646
Port Hedland,1400,2.0,7.0,4.561037973100018,40,1.534738373432634
Port Hedland,1400,3.0,3.0,2.642130556133291,29,1.135447297649986
Port Hedland,1400,4.0,0.0,1.300403694395942,14,0.0
Port Hedland,1600,0.0,0.0,1.58399283116798,11,0.0
Port Hedland,1600,1.0,2.0,1.7615596086108092,13,1.1353575491988195
Port Hedland,1600,2.0,3.0,2.9740040578127167,28,1.0087410580758933
Port Hedland,1600,3.0,4.0,3.2015784802064386,31,1.2493837101697656
Port Hedland,1600,4.0,2.0,1.3735558375657817,14,1.456074769806522
Port Hedland,1600,5.0,0.0,0.10530918463627367,1,0.0
Port Hedland,2050,0.0,1.0,0.3023267176305179,3,3.307679876385019
Port Hedland,2050,1.0,0.0,0.29035985682968257,2,0.0
Port Hedland,2050,2.0,0.0,0.7573266378711073,5,0.0
Port Hedland,2050,3.0,1.0,1.2727622222255814,14,0.7856927103409598
Port Hedland,2050,4.0,1.0,0.37722456544311084,2,2.650940823075346
Port Hedland,2200,0.0,2.0,0.7102339836308038,4,2.815973392002102
Port Hedland,2200,1.0,2.0,1.098358066934541,6,1.8208998141943764
Port Hedland,2200,2.0,0.0,0.9132580498470269,11,0.0
Port Hedland,2200,3.0,0.0,0.904255936928691,10,0.0
Port Hedland,2200,4.0,0.0,0.34578986394176964,5,0.0
Port Hedland,2200,5.0,0.0,0.028104098717167528,1,0.0
Port Lincoln,1000,0.0,32.0,17.904846836865783,125,1.7872255647623039
Port Lincoln,1000,1.0,35.0,25.883336040420136,222,1.3522213653349409
Port Lincoln,1000,2.0,39.0,53.317656969207825,549,0.7314650008443432
Port Lincoln,1000,3.0,18.0,25.224302893728918,372,0.7135975204482272
Port Lincoln,1000,4.0,0.0,1.4492583722086172,34,0.0
Port Lincoln,1000,5.0,0.0,0.19329222277287855,2,0.0
Port Lincoln,1210,0.0,24.0,15.709309297371247,109,1.527756538857892
Port Lincoln,1210,1.0,10.0,12.997546881380195,107,0.769375951574803
Port Lincoln,1210,2.0,38.0,31.71873720734643,323,1.1980300398339552
Port Lincoln,1210,3.0,33.0,35.99176994668182,432,0.9168762761288531
Port Lincoln,1210,4.0,4.0,11.772695631690121,190,0.3397692529510974
Port Lincoln,1210,5.0,0.0,0.6057283693754477,18,0.0
Port Lincoln,1250,0.0,10.0,4.700273196375939,40,2.1275359074256195
Port Lincoln,1250,1.0,4.0,4.172631756623194,38,0.9586276080200039
Port Lincoln,1250,2.0,12.0,14.120541024577363,118,0.8498257948554182
Port Lincoln,1250,3.0,12.0,13.586091053243933,161,0.8832562620824461
Port Lincoln,1250,4.0,2.0,2.931429094003769,52,0.6822610869527751
Port Lincoln,1250,5.0,0.0,0.4890338751758012,13,0.0
Port Lincoln,1350,0.0,24.0,13.750433807034712,124,1.7453994787947429
Port Lincoln,1350,1.0,14.0,13.821305111754555,130,1.0129289446112777
Port Lincoln,1350,2.0,34.0,35.77520167154024,346,0.9503789891154565
Port Lincoln,1350,3.0,43.0,44.60773081273693,513,0.9639584712460229
Port Lincoln,1350,4.0,9.0,14.809478332329821,236,0.6077189079883089
Port Lincoln,1350,5.0,0.0,1.1959441893761342,27,0.0
Port Lincoln,1390,0.0,0.0,0.026669970263343234,1,0.0
Port Lincoln,1390,1.0,0.0,0.008185832457065745,1,0.0
Port Lincoln,1390,2.0,0.0,0.34636613653370685,3,0.0
Port Lincoln,1390,3.0,0.0,0.1972076892069982,3,0.0
Port Lincoln,1390,4.0,1.0,0.4215703715388859,2,2.372083209618443
Port Lincoln,1750,0.0,6.0,6.343994245729674,65,0.9457763937977676
Port Lincoln,1750,1.0,8.0,4.904437223967967,50,1.6311759402085988
Port Lincoln,1750,2.0,15.0,18.029700569868226,147,0.8319605720501231
Port Lincoln,1750,3.0,24.0,21.03820423651369,230,1.1407817763431467
Port Lincoln,1750,4.0,12.0,12.42759661818266,182,0.9655929757522828
Port Lincoln,1750,5.0,0.0,1.960130416790441,41,0.0
Port Lincoln,1960,0.0,5.0,1.789418953181779,17,2.794203107723579
Port Lincoln,1960,1.0,0.0,1.3900359770488115,11,0.0
Port Lincoln,1960,2.0,3.0,3.282913245039589,37,0.9138225033917468
Port Lincoln,1960,3.0,5.0,5.498095610601519,62,0.9094057932275527
Port Lincoln,1960,4.0,4.0,3.9318779503690244,49,1.017325575842094
Port Lincoln,1960,5.0,0.0,1.0816971700163744,20,0.0
Port Macquarie,1000,0.0,29.0,14.812268916965058,98,1.9578364504836387
Port Macquarie,1000,1.0,28.0,17.158582637020587,150,1.6318364163476102
Port Macquarie,1000,2.0,26.0,39.972094345361384,407,0.6504537834659946
Port Macquarie,1000,3.0,15.0,24.319449831237044,347,0.6167902688626326
Port Macquarie,1000,4.0,0.0,1.73760426941593,45,0.0
Port Macquarie,1004,0.0,2.0,1.2422751255448017,5,1.609949325132705
Port Macquarie,1004,1.0,1.0,1.0288980766649924,8,0.9719135672226534
Port Macquarie,1004,2.0,2.0,1.4956495022688359,17,1.3372116909517144
Port Macquarie,1004,3.0,0.0,1.1874810385893035,18,0.0
Port Macquarie,1004,4.0,0.0,0.045696256932066186,4,0.0
Port Macquarie,1006,0.0,11.0,4.763477650189505,30,2.3092372438364204
Port Macquarie,1006,1.0,11.0,6.382038648679178,59,1.72358718045002
Port Macquarie,1006,2.0,8.0,13.118421790056027,123,0.609829454185116
Port Macquarie,1006,3.0,0.0,5.4380340782138035,74,0.0
Port Macquarie,1006,4.0,0.0,0.29802783286148593,7,0.0
Port Macquarie,1008,0.0,4.0,1.2948928786363603,10,3.0890586132594713
Port Macquarie,1008,1.0,1.0,1.6973575174539446,14,0.5891510714254303
Port Macquarie,1008,2.0,4.0,3.903960180617594,39,1.024600614488648
Port Macquarie,1008,3.0,1.0,3.0996274474626397,36,0.3226194169943235
Port Macquarie,1008,4.0,0.0,0.004161975829461468,1,0.0
Port Macquarie,1010,0.0,1.0,0.9624957033906638,8,1.0389656769138986
Port Macquarie,1010,1.0,1.0,2.4066035316849823,13,0.41552336595294964
Port Macquarie,1010,2.0,2.0,3.1865773468897665,33,0.6276326548144466
Port Macquarie,1010,3.0,4.0,1.3358201475325073,23,2.994415084537164
Port Macquarie,1010,4.0,0.0,0.1085032705020797,1,0.0
Port Macquarie,1100,0.0,6.0,5.635032002948895,40,1.0647676884284085
Port Macquarie,1100,1.0,6.0,3.700635027386162,33,1.6213433520456972
Port Macquarie,1100,2.0,21.0,16.406175772706156,143,1.2800057911689742
Port Macquarie,1100,3.0,7.0,11.956573561566724,165,0.5854520079649607
Port Macquarie,1100,4.0,0.0,2.1979527225657134,50,0.0
Port Macquarie,1100,5.0,0.0,0.10363091282634655,4,0.0
Port Macquarie,1106,0.0,2.0,2.3080385849490015,15,0.8665366398301318
Port Macquarie,1106,1.0,6.0,1.9294008642593967,16,3.109773666605622
Port Macquarie,1106,2.0,3.0,4.915548123444389,53,0.6103083368651593
Port Macquarie,1106,3.0,4.0,5.0540113616800575,60,0.7914505357721074
Port Macquarie,1106,4.0,0.0,0.7467564214405586,23,0.0
Port Macquarie,1106,5.0,0.0,0.046244644226596784,1,0.0
Port Macquarie,1108,0.0,2.0,1.1462204433482852,10,1.7448650576827038
Port Macquarie,1108,1.0,1.0,1.8570712040895019,14,0.538482314408772
Port Macquarie,1108,2.0,5.0,4.440152486976507,36,1.1260874518759416
Port Macquarie,1108,3.0,2.0,1.9788369508456518,29,1.0106946907097647
Port Macquarie,1108,4.0,0.0,0.5777189147400534,7,0.0
Port Macquarie,1110,0.0,2.0,1.5643556863747066,10,1.2784816250036275
Port Macquarie,1110,1.0,1.0,1.5379115728325903,8,0.6502324435716144
Port Macquarie,1110,2.0,3.0,3.470146148410916,30,0.8645169026595003
Port Macquarie,1110,3.0,4.0,2.6271614153946174,31,1.5225558568882882
Port Macquarie,1110,4.0,0.0,0.8004251769871698,18,0.0
Port Macquarie,1200,0.0,38.0,15.183361197926725,129,2.5027396440512044
Port Macquarie,1200,1.0,11.0,11.607417002959659,117,0.9476699249449917
Port Macquarie,1200,2.0,35.0,41.824835220070554,413,0.8368233805546349
Port Macquarie,1200,3.0,34.0,44.66348657328028,534,0.7612482277713701
Port Macquarie,1200,4.0,11.0,14.977488590144647,272,0.7344355453048464
Port Macquarie,1200,5.0,0.0,0.7434114156181396,23,0.0
Port Macquarie,1204,0.0,1.0,0.8410223528950347,4,1.18902903895208
Port Macquarie,1204,1.0,0.0,0.31109162348145286,4,0.0
Port Macquarie,1204,2.0,3.0,1.5707629216869328,14,1.9098999337074543
Port Macquarie,1204,3.0,0.0,0.7259792562508224,12,0.0
Port Macquarie,1204,4.0,0.0,0.551143845685757,8,0.0
Port Macquarie,1206,0.0,11.0,6.776298449797549,39,1.6233051246921746
Port Macquarie,1206,1.0,7.0,4.0856826386746565,36,1.7132999841296315
Port Macquarie,1206,2.0,10.0,12.216245203282247,119,0.8185821284360936
Port Macquarie,1206,3.0,10.0,12.985546130155685,148,0.7700869797672583
Port Macquarie,1206,4.0,1.0,2.742057248479399,63,0.36468968711522987
Port Macquarie,1206,5.0,0.0,0.1941703296104642,4,0.0
Port Macquarie,1208,0.0,5.0,2.1270515705916857,15,2.350671732236911
Port Macquarie,1208,1.0,2.0,1.8679722930700922,14,1.0706796923164823
Port Macquarie,1208,2.0,6.0,5.596414285728563,40,1.0721150532584092
Port Macquarie,1208,3.0,2.0,3.3758568741378885,44,0.5924421782575575
Port Macquarie,1208,4.0,0.0,1.9590345978874533,32,0.0
Port Macquarie,1208,5.0,0.0,0.07367037858431703,3,0.0
Port Macquarie,1210,0.0,2.0,1.5609375950777273,14,1.2812812032376024
Port Macquarie,1210,1.0,1.0,1.91614926561886,13,0.5218800110945582
Port Macquarie,1210,2.0,7.0,5.35076169437667,35,1.3082249593280486
Port Macquarie,1210,3.0,2.0,3.6767646988498512,46,0.5439564845217403
Port Macquarie,1210,4.0,2.0,1.4210566480286144,25,1.4074034295357154
Port Macquarie,1210,5.0,0.0,0.07433009804827674,1,0.0
Port Macquarie,1212,0.0,0.0,0.1949663801526297,2,0.0
Port Macquarie,1212,2.0,2.0,1.2001551161235777,8,1.666451255450936
Port Macquarie,1212,3.0,0.0,0.45085162741380447,7,0.0
Port Macquarie,1212,4.0,0.0,0.154026876309988,3,0.0
Port Macquarie,1500,0.0,15.0,11.907231267708768,108,1.2597386968269033
Port Macquarie,1500,1.0,8.0,6.570576620298856,61,1.2175491531877347
Port Macquarie,1500,2.0,27.0,27.09325664180041,237,0.9965579390092024
Port Macquarie,1500,3.0,29.0,35.64728001577376,398,0.8135263051533702
Port Macquarie,1500,4.0,26.0,22.396259372364053,318,1.160908148442092
Port Macquarie,1500,5.0,3.0,4.385396082054156,81,0.6840887217181019
Port Macquarie,1506,0.0,3.0,2.1300116344633215,21,1.4084430110429331
Port Macquarie,1506,1.0,1.0,1.7540679186740236,12,0.5701033519591098
Port Macquarie,1506,2.0,0.0,5.523877913300927,50,0.0
Port Macquarie,1506,3.0,13.0,8.36194424484327,82,1.5546623631240992
Port Macquarie,1506,4.0,3.0,2.4347739942661275,51,1.232147216565059
Port Macquarie,1506,5.0,1.0,0.795324294452329,13,1.2573487406022388
Port Macquarie,1509,0.0,1.0,2.3895167817359226,22,0.4184946545022905
Port Macquarie,1509,1.0,3.0,1.16584446622704,12,2.5732420463500927
Port Macquarie,1509,2.0,5.0,4.268099798994672,50,1.171481510619251
Port Macquarie,1509,3.0,11.0,9.539064555157388,77,1.153152904710425
Port Macquarie,1509,4.0,2.0,4.409591160932845,66,0.45355678724122395
Port Macquarie,1509,5.0,0.0,0.22788323695213247,7,0.0
Port Macquarie,1512,0.0,6.0,4.6188100179334555,35,1.2990358938132978
Port Macquarie,1512,1.0,3.0,4.225477042648412,26,0.7099790082209708
Port Macquarie,1512,2.0,10.0,7.789678005332428,84,1.2837501104865303
Port Macquarie,1512,3.0,13.0,12.604599112827605,121,1.0313695726165537
Port Macquarie,1512,4.0,3.0,5.467414117282069,72,0.5487054639810864
Port Macquarie,1512,5.0,0.0,0.2940217039760312,8,0.0
Port Macquarie,1800,0.0,2.0,2.4985381654402534,17,0.8004680607500712
Port Macquarie,1800,1.0,0.0,0.6820625573617125,11,0.0
Port Macquarie,1800,2.0,8.0,4.530198996936333,41,1.7659268401697612
Port Macquarie,1800,3.0,6.0,5.622035959319081,67,1.0672290329367968
Port Macquarie,1800,4.0,1.0,3.4635060054480578,44,0.2887247772710689
Port Macquarie,1800,5.0,0.0,0.20365831549456231,7,0.0
Port Macquarie,1808,0.0,0.0,0.06408763528776006,2,0.0
Port Macquarie,1808,2.0,0.0,0.30160294048827585,4,0.0
Port Macquarie,1808,3.0,1.0,1.0917845730032247,8,0.9159316084209282
Port Macquarie,1808,4.0,0.0,0.24506098205157445,5,0.0
Port Macquarie,1808,5.0,1.0,0.2974638691691648,3,3.361752816545628
Port Macquarie,1812,0.0,0.0,0.9383797342602682,11,0.0
Port Macquarie,1812,1.0,2.0,0.3225271976956743,6,6.201027430521169
Port Macquarie,1812,2.0,4.0,3.5047969020922842,24,1.1412929512726089
Port Macquarie,1812,3.0,2.0,2.969577763313606,29,0.6734964225244933
Port Macquarie,1812,4.0,3.0,3.2083578558601906,37,0.9350577880582689
Port Macquarie,1812,5.0,0.0,0.056360546777976764,4,0.0
Port Macquarie,1815,0.0,0.0,0.11325377893703938,2,0.0
Port Macquarie,1815,1.0,0.0,0.23690584172933607,2,0.0
Port Macquarie,1815,2.0,1.0,0.571214856179401,4,1.7506547478273757
Port Macquarie,1815,3.0,1.0,0.9845703293921465,8,1.0156714763254946
Port Macquarie,1815,4.0,0.0,0.09405519376207694,2,0.0
Port Macquarie,2000,0.0,2.0,2.6660744333481796,17,0.7501666026211832
Port Macquarie,2000,1.0,0.0,0.28067935477042705,5,0.0
Port Macquarie,2000,2.0,7.0,4.094994828032562,32,1.709403868371464
Port Macquarie,2000,3.0,3.0,4.537850365972761,51,0.6611059770713488
Port Macquarie,2000,4.0,4.0,4.008926327307516,45,0.9977733870421333
Port Macquarie,2000,5.0,1.0,1.411474690568554,23,0.7084788743871784
Port Macquarie,2006,0.0,0.0,0.3349624927236982,1,0.0
Port Macquarie,2006,1.0,0.0,0.1820448330020099,1,0.0
Port Macquarie,2006,2.0,1.0,0.23925892337407012,2,4.179572430979081
Port Macquarie,2006,3.0,0.0,0.24373375090022167,5,0.0
Port Macquarie,2012,0.0,1.0,0.1351361120147995,3,7.3999465064562795
Port Macquarie,2012,2.0,0.0,0.4913070095778067,3,0.0
Port Macquarie,2012,3.0,1.0,0.8792615357972586,6,1.137318032561567
Port Macquarie,2012,4.0,0.0,1.1428168999412591,12,0.0
Port Macquarie,2012,5.0,1.0,0.35147844266887607,7,2.8451247035428824
Port Macquarie,2020,0.0,0.0,0.15138188884081075,1,0.0
Port Macquarie,2020,1.0,0.0,0.020307326551816076,1,0.0
Port Macquarie,2020,2.0,1.0,0.6267376551733566,2,1.5955639361151812
Port Macquarie,2020,3.0,0.0,0.1516464747369591,4,0.0
Port Macquarie,2020,4.0,0.0,0.04992665469705751,2,0.0
Queanbeyan,900,0.0,0.0,0.5522023736032028,3,0.0
Queanbeyan,900,1.0,1.0,0.7746412923918143,7,1.2909200811027757
Queanbeyan,900,2.0,2.0,1.6313977419866392,16,1.2259426064697714
Queanbeyan,900,3.0,0.0,0.04175859201834377,3,0.0
Queanbeyan,1000,0.0,18.0,12.367279455592605,77,1.4554534863251773
Queanbeyan,1000,1.0,23.0,19.85000506731186,151,1.1586898805318402
Queanbeyan,1000,2.0,27.0,29.722168101775836,290,0.9084128690594011
Queanbeyan,1000,3.0,9.0,14.49437896353797,207,0.6209303636009781
Queanbeyan,1000,4.0,0.0,0.46984248522297384,19,0.0
Queanbeyan,1000,5.0,0.0,0.09632592655875365,3,0.0
Queanbeyan,1200,0.0,17.0,10.57722081499821,73,1.6072274841699876
Queanbeyan,1200,1.0,12.0,10.922506419174928,81,1.0986489308839853
Queanbeyan,1200,2.0,28.0,25.373275399763568,201,1.1035232763153988
Queanbeyan,1200,3.0,11.0,19.94703247168867,234,0.5514604749158843
Queanbeyan,1200,4.0,5.0,5.25378129377508,77,0.9516954970935368
Queanbeyan,1200,5.0,0.0,0.4192267417544757,8,0.0
Queanbeyan,1460,0.0,24.0,19.61069799714126,117,1.2238218141699286
Queanbeyan,1460,1.0,6.0,13.384809171494393,107,0.4482693718770523
Queanbeyan,1460,2.0,51.0,34.92414652346431,288,1.4603076975906881
Queanbeyan,1460,3.0,30.0,36.01009026560383,414,0.8330998278184113
Queanbeyan,1460,4.0,6.0,12.059843997332951,188,0.4975188734884885
Queanbeyan,1460,5.0,0.0,1.0104120449632588,22,0.0
Queanbeyan,1600,0.0,15.0,8.917804795507532,54,1.6820282955236314
Queanbeyan,1600,1.0,3.0,5.000594065115651,46,0.5999287206550363
Queanbeyan,1600,2.0,16.0,15.703493523670168,127,1.0188815613470277
Queanbeyan,1600,3.0,16.0,17.175272137829552,195,0.9315718476890421
Queanbeyan,1600,4.0,3.0,6.364153046863374,97,0.4713902977991039
Queanbeyan,1600,5.0,1.0,0.8386824310137244,13,1.1923464269917867
Queanbeyan,2000,0.0,3.0,3.4638005281437882,28,0.8661006820758429
Queanbeyan,2000,1.0,4.0,3.5705410318470854,27,1.1202784015986367
Queanbeyan,2000,2.0,9.0,7.1308942856009345,65,1.2621137881924935
Queanbeyan,2000,3.0,9.0,9.91962778418687,95,0.9072921077086308
Queanbeyan,2000,4.0,3.0,3.1815142570255857,40,0.9429472124398762
Queanbeyan,2000,5.0,0.0,0.728345080066335,7,0.0
Quirindi,1000,0.0,11.0,5.473544298912211,41,2.0096667532564036
Quirindi,1000,1.0,12.0,10.718891472280104,82,1.1195187516389118
Quirindi,1000,2.0,18.0,17.480373608205223,172,1.0297262749321825
Quirindi,1000,3.0,0.0,6.540370324532621,98,0.0
Quirindi,1000,4.0,0.0,0.733610125204317,12,0.0
Quirindi,1100,0.0,3.0,2.5646473730553905,18,1.169751456484231
Quirindi,1100,1.0,3.0,3.1906420935842563,31,0.9402496149701028
Quirindi,1100,2.0,5.0,6.885134522682871,76,0.7262022235771355
Quirindi,1100,3.0,7.0,4.926352116104663,62,1.4209296930108601
Quirindi,1100,4.0,0.0,0.3473736630905921,7,0.0
Quirindi,1100,5.0,0.0,0.08585023148222684,3,0.0
Quirindi,1200,0.0,10.0,5.812576805917121,53,1.720407374199364
Quirindi,1200,1.0,9.0,7.988663334321097,66,1.1265964809574553
Quirindi,1200,2.0,20.0,16.1351316828449,154,1.2395312534860985
Quirindi,1200,3.0,13.0,17.337767981668087,204,0.7498081652578013
Quirindi,1200,4.0,1.0,5.501653302834102,97,0.1817635436033135
Quirindi,1200,5.0,0.0,0.22420689241469274,7,0.0
Quirindi,1450,0.0,11.0,5.38302438780949,39,2.0434609259640046
Quirindi,1450,1.0,2.0,3.5183240848045068,30,0.5684524653763181
Quirindi,1450,2.0,11.0,10.273789186037613,103,1.0706857811477513
Quirindi,1450,3.0,11.0,12.28628083328027,149,0.8953075506954004
Quirindi,1450,4.0,4.0,6.92810940978525,95,0.5773580876696904
Quirindi,1450,5.0,0.0,0.5902983345860642,9,0.0
Quirindi,1600,0.0,7.0,4.159733876906107,33,1.6827999595989547
Quirindi,1600,1.0,2.0,2.473993958326726,18,0.8084094115382119
Quirindi,1600,2.0,10.0,7.1533555877942625,73,1.3979453247176687
Quirindi,1600,3.0,8.0,10.985727260479553,127,0.7282176054724647
Quirindi,1600,4.0,6.0,7.466855426341644,91,0.8035511145472488
Quirindi,1600,5.0,0.0,0.7603338901517076,17,0.0
Quirindi,2000,0.0,0.0,0.2542772185554899,4,0.0
Quirindi,2000,1.0,1.0,0.3576662811953667,6,2.7959023608763776
Quirindi,2000,2.0,1.0,1.4287959588825236,15,0.6998899974368002
Quirindi,2000,3.0,1.0,1.3218321195626883,16,0.7565257230478236
Quirindi,2000,4.0,1.0,0.6374284218039317,6,1.5688035955001591
Randwick,1000,0.0,25.0,17.61752399670612,125,1.4190416317681278
Randwick,1000,1.0,26.0,21.011289069190124,200,1.237430026990827
Randwick,1000,2.0,54.0,53.33576689132481,561,1.0124538025304597
Randwick,1000,3.0,20.0,31.883392167984123,456,0.6272858262579446
Randwick,1000,4.0,0.0,1.15202787479483,33,0.0
Randwick,1100,0.0,23.0,20.02116551792949,151,1.1487842692975534
Randwick,1100,1.0,21.0,17.890445072165573,183,1.1738109317734278
Randwick,1100,2.0,60.0,52.86645687955296,524,1.1349351468115136
Randwick,1100,3.0,42.0,52.4310119991766,673,0.8010526289414286
Randwick,1100,4.0,5.0,7.717904311636916,142,0.647844259025224
Randwick,1100,5.0,0.0,0.041322818547328326,1,0.0
Randwick,1200,0.0,50.0,37.27155606027792,324,1.3415055684591444
Randwick,1200,1.0,35.0,33.44370961164708,330,1.0465346220985883
Randwick,1200,2.0,100.0,100.023465868569,1008,0.9997653963660903
Randwick,1200,3.0,115.0,116.46299551100836,1434,0.9874381085203148
Randwick,1200,4.0,23.0,35.499179034401386,560,0.6479023071973372
Randwick,1200,5.0,1.0,1.2050628495725304,26,0.8298322368453463
Randwick,1300,0.0,12.0,9.335790771348242,78,1.2853758501988153
Randwick,1300,1.0,7.0,7.545086824857901,76,0.9277560566881659
Randwick,1300,2.0,28.0,22.787033685342845,195,1.2287689739103804
Randwick,1300,3.0,22.0,26.92216820457314,308,0.8171704386076514
Randwick,1300,4.0,9.0,10.649007789551534,171,0.8451491611106259
Randwick,1300,5.0,0.0,0.747000214797864,16,0.0
Randwick,1400,0.0,38.0,28.687566246681257,266,1.32461567751137
Randwick,1400,1.0,13.0,22.596269717999327,220,0.5753161987460566
Randwick,1400,2.0,68.0,66.22457506710472,668,1.026809155530198
Randwick,1400,3.0,98.0,94.66271033836613,1111,1.0352545331705054
Randwick,1400,4.0,47.0,47.379457029642005,720,0.9919911064112743
Randwick,1400,5.0,2.0,6.190840957065691,112,0.3230578872677019
Randwick,1500,0.0,7.0,3.0085347605211674,26,2.3267140176859358
Randwick,1500,1.0,2.0,1.558509163214241,16,1.2832776650958126
Randwick,1500,2.0,7.0,5.986585246550258,55,1.169280935911456
Randwick,1500,3.0,8.0,8.58685137391523,109,0.9316569778186748
Randwick,1500,4.0,2.0,5.278998526344228,80,0.37885973826649744
Randwick,1500,5.0,0.0,1.5805209294548752,25,0.0
Randwick,1600,0.0,46.0,29.09030923785604,288,1.581282605966213
Randwick,1600,1.0,13.0,20.500732352162455,210,0.6341236877144409
Randwick,1600,2.0,67.0,63.24052210997293,649,1.0594472936749237
Randwick,1600,3.0,111.0,104.52399580743212,1191,1.0619571050890442
Randwick,1600,4.0,45.0,61.97517126635584,940,0.7260972270104711
Randwick,1600,5.0,6.0,8.64208995185789,193,0.6942765041123079
Randwick,1609,0.0,0.0,0.15263404567746267,1,0.0
Randwick,1609,1.0,0.0,0.19987791695858206,1,0.0
Randwick,1609,2.0,0.0,0.03890399801229285,2,0.0
Randwick,1609,3.0,1.0,0.19744676430639133,4,5.06465630628534
Randwick,1609,4.0,0.0,0.4111372750452711,4,0.0
Randwick,1800,0.0,7.0,7.199590093992851,77,0.972277575335937
Randwick,1800,1.0,5.0,4.129142451998793,55,1.2109051838547376
Randwick,1800,2.0,23.0,15.534872732437103,155,1.4805399694054509
Randwick,1800,3.0,29.0,29.696062032784074,280,0.9765604600362288
Randwick,1800,4.0,10.0,16.984897312653228,247,0.5887583431281805
Randwick,1800,5.0,3.0,3.3911021072166236,54,0.8846681418455914
Randwick,2000,0.0,15.0,10.050968714080556,102,1.4923934624317625
Randwick,2000,1.0,6.0,7.013639962137874,76,0.8554759058620255
Randwick,2000,2.0,28.0,24.230785095222913,229,1.1555547989866901
Randwick,2000,3.0,36.0,32.859476390179275,371,1.0955743655963834
Randwick,2000,4.0,15.0,23.226191434149484,307,0.6458226284118838
Randwick,2000,5.0,2.0,4.436185654030903,72,0.45083775927698533
Randwick,2400,0.0,6.0,5.173158686567503,53,1.1598329692803455
Randwick,2400,1.0,5.0,3.1065193804204214,39,1.6095183669265647
Randwick,2400,2.0,10.0,13.570832298278788,143,0.7368744805186574
Randwick,2400,3.0,25.0,19.418508625095523,215,1.2874315161202046
Randwick,2400,4.0,3.0,9.713916416878812,138,0.30883527006545247
Randwick,2400,5.0,4.0,2.017064592758954,24,1.983079775610346
Randwick,2600,0.0,4.0,1.7567410415075007,15,2.2769434455561566
Randwick,2600,1.0,1.0,1.0253718791959692,13,0.9752559244984715
Randwick,2600,2.0,3.0,3.8277891116486,37,0.783742236705387
Randwick,2600,3.0,5.0,5.72089953840036,59,0.8739884289941695
Randwick,2600,4.0,2.0,2.279544324401746,43,0.8773683312891445
Randwick,2600,5.0,0.0,0.3459548276802403,10,0.0
Randwick,3200,0.0,1.0,0.7101844913012765,7,1.408084817746009
Randwick,3200,1.0,1.0,0.5629647743180344,6,1.776310074127431
Randwick,3200,2.0,2.0,1.9675454626448827,28,1.0164949364430391
Randwick,3200,3.0,3.0,2.0839572496742504,33,1.439568878137466
Randwick,3200,4.0,0.0,1.394557182686534,30,0.0
Randwick,3200,5.0,0.0,0.28079083937502164,9,0.0
Randwick-Kensington,1000,0.0,5.0,4.111614244510638,32,1.2160673892682015
Randwick-Kensington,1000,1.0,6.0,5.854905629370462,44,1.0247816753700842
Randwick-Kensington,1000,2.0,16.0,14.570099003414843,130,1.0981394152675301
Randwick-Kensington,1000,3.0,5.0,7.263572730488041,91,0.6883664810036326
Randwick-Kensington,1000,4.0,0.0,0.19980839221601643,6,0.0
Randwick-Kensington,1100,0.0,21.0,12.198064110902953,78,1.7215846554888692
Randwick-Kensington,1100,1.0,6.0,11.574869527236126,92,0.5183643742922339
Randwick-Kensington,1100,2.0,28.0,28.501101938446354,258,0.98241815563733
Randwick-Kensington,1100,3.0,21.0,23.66795086736469,289,0.8872757983014288
Randwick-Kensington,1100,4.0,2.0,1.901714626930569,36,1.0516825036088968
Randwick-Kensington,1150,0.0,5.0,3.532747405147301,32,1.4153290418428657
Randwick-Kensington,1150,1.0,4.0,3.95350744307936,38,1.0117598253171436
Randwick-Kensington,1150,2.0,11.0,14.262430376991292,118,0.7712570515152612
Randwick-Kensington,1150,3.0,10.0,9.03969456364613,105,1.1062320667576333
Randwick-Kensington,1150,4.0,2.0,1.211620211135918,13,1.650682269590865
Randwick-Kensington,1250,0.0,14.0,7.772967180866637,51,1.801113998584912
Randwick-Kensington,1250,1.0,7.0,4.650252804307481,45,1.505294506465535
Randwick-Kensington,1250,2.0,13.0,15.395028920961629,129,0.8444284234048697
Randwick-Kensington,1250,3.0,15.0,17.179999694463778,175,0.8731082809526313
Randwick-Kensington,1250,4.0,2.0,5.852900313112125,69,0.3417109284296956
Randwick-Kensington,1250,5.0,0.0,0.1488510862883497,2,0.0
Randwick-Kensington,1300,0.0,18.0,6.907646501673222,51,2.6058079254113404
Randwick-Kensington,1300,1.0,3.0,4.976858766894293,40,0.6027898601334208
Randwick-Kensington,1300,2.0,11.0,11.932327643052577,112,0.9218654003692723
Randwick-Kensington,1300,3.0,14.0,19.24973037325518,181,0.7272829140220609
Randwick-Kensington,1300,4.0,5.0,7.767254278766103,85,0.643728120716848
Randwick-Kensington,1300,5.0,0.0,0.16618243635862412,2,0.0
Randwick-Kensington,1400,0.0,20.0,13.937659895665025,103,1.434961116121116
Randwick-Kensington,1400,1.0,11.0,11.39683712497686,85,0.9651800652562483
Randwick-Kensington,1400,2.0,23.0,24.725208460452922,236,0.9302247152652997
Randwick-Kensington,1400,3.0,38.0,36.520449203786974,383,1.040512940789885
Randwick-Kensington,1400,4.0,11.0,15.2075085077366,182,0.7233269009452737
Randwick-Kensington,1400,5.0,0.0,1.2123368073816188,19,0.0
Randwick-Kensington,1550,0.0,17.0,7.017573962246027,54,2.422489608439983
Randwick-Kensington,1550,1.0,6.0,4.515399988429769,42,1.3287859359911327
Randwick-Kensington,1550,2.0,14.0,13.776934924816286,109,1.016191197563248
Randwick-Kensington,1550,3.0,11.0,19.16459148287841,188,0.5739751880350472
Randwick-Kensington,1550,4.0,6.0,8.472201364490044,97,0.7081984648226253
Randwick-Kensington,1550,5.0,0.0,1.0206614881129927,9,0.0
Randwick-Kensington,1800,0.0,10.0,6.065523208885674,49,1.6486623916219665
Randwick-Kensington,1800,1.0,5.0,4.9378378110456875,42,1.0125889491176197
Randwick-Kensington,1800,2.0,11.0,12.150575466043303,103,0.9053069157704696
Randwick-Kensington,1800,3.0,19.0,18.26741163027625,179,1.0401035671911814
Randwick-Kensington,1800,4.0,3.0,7.198798628331246,80,0.4167362020925748
Randwick-Kensington,1800,5.0,1.0,0.379853255417838,9,2.6325955766786877
Randwick-Kensington,2400,0.0,2.0,1.815038908944657,18,1.1019047526440562
Randwick-Kensington,2400,1.0,1.0,1.444545998321052,13,0.6922590219780241
Randwick-Kensington,2400,2.0,3.0,4.056332858650158,35,0.7395842758817188
Randwick-Kensington,2400,3.0,10.0,7.572215726452723,62,1.3206174204818377
Randwick-Kensington,2400,4.0,2.0,2.974039813599477,29,0.6724859535687931
Randwick-Kensington,2400,5.0,0.0,0.008304111191287282,1,0.0
Rockhampton,1050,0.0,38.0,25.97118092629447,144,1.4631602662906629
Rockhampton,1050,1.0,17.0,18.12466447709952,159,0.9379483974160993
Rockhampton,1050,2.0,51.0,55.2741087173687,455,0.9226743077989126
Rockhampton,1050,3.0,36.0,38.00448783204165,509,0.9472565492554366
Rockhampton,1050,4.0,2.0,6.558380942588611,104,0.30495331355524985
Rockhampton,1050,5.0,0.0,0.06717710460705452,2,0.0
Rockhampton,1100,0.0,34.0,19.477183697049174,112,1.745632249961839
Rockhampton,1100,1.0,21.0,14.161996947949628,111,1.4828417261479763
Rockhampton,1100,2.0,31.0,40.03081807638274,335,0.7744033594529333
Rockhampton,1100,3.0,24.0,31.04951795345077,394,0.7729588599726617
Rockhampton,1100,4.0,2.0,6.3927882045323665,142,0.31285253570297195
Rockhampton,1100,5.0,0.0,0.8614731344964371,14,0.0
Rockhampton,1200,0.0,33.0,22.029513668311772,162,1.4979904003722362
Rockhampton,1200,1.0,18.0,17.30128946532385,141,1.0403848820676944
Rockhampton,1200,2.0,63.0,52.40970989185473,428,1.2020673293173707
Rockhampton,1200,3.0,38.0,53.49628122129512,619,0.7103297487690311
Rockhampton,1200,4.0,10.0,16.08882245799909,287,0.621549527698851
Rockhampton,1200,5.0,0.0,0.5715182760031926,12,0.0
Rockhampton,1300,0.0,21.0,14.937463654514994,130,1.405861161285741
Rockhampton,1300,1.0,9.0,9.777010537305513,92,0.9205267771431028
Rockhampton,1300,2.0,39.0,39.565488459814254,324,0.9857075324524653
Rockhampton,1300,3.0,49.0,44.668126949690325,490,1.0969790619425046
Rockhampton,1300,4.0,12.0,19.139515186188472,297,0.6269751288506766
Rockhampton,1300,5.0,0.0,1.438196866998846,25,0.0
Rockhampton,1400,0.0,22.0,16.180233599986618,119,1.3596837069162089
Rockhampton,1400,1.0,16.0,11.268001613164051,85,1.4199500984546989
Rockhampton,1400,2.0,31.0,34.33482147220361,285,0.9028734873456856
Rockhampton,1400,3.0,36.0,37.57370426843992,418,0.9581168719166784
Rockhampton,1400,4.0,12.0,16.08601327243768,232,0.7459896866155896
Rockhampton,1400,5.0,2.0,3.5518886307028006,50,0.5630807178783268
Rockhampton,1500,0.0,12.0,7.55878444414857,53,1.5875568470919261
Rockhampton,1500,1.0,6.0,4.537832915467623,36,1.3222170387870484
Rockhampton,1500,2.0,15.0,15.018422951432411,129,0.9987733098547039
Rockhampton,1500,3.0,12.0,17.77892392325708,192,0.6749564850942685
Rockhampton,1500,4.0,8.0,6.700946893385553,114,1.19386112549209
Rockhampton,1500,5.0,0.0,1.4050888723087662,20,0.0
Rockhampton,1600,0.0,15.0,9.056062166803414,78,1.6563490536742485
Rockhampton,1600,1.0,3.0,4.708056276864911,41,0.63720563722694
Rockhampton,1600,2.0,10.0,19.114559034684248,163,0.5231614279908073
Rockhampton,1600,3.0,36.0,29.391113740561483,285,1.224860014417142
Rockhampton,1600,4.0,12.0,14.187331652467863,193,0.8458250144531315
Rockhampton,1600,5.0,2.0,1.154461159741467,20,1.7324099499786423
Rockhampton,1800,0.0,1.0,0.17189480354879597,1,5.817511520737327
Rockhampton,1800,2.0,0.0,0.2750316856780735,1,0.0
Rockhampton,1800,4.0,0.0,0.5530735107731305,5,0.0
Rockhampton,1802,0.0,0.0,0.008123719868370495,1,0.0
Rockhampton,1802,2.0,0.0,0.12272371681491324,2,0.0
Rockhampton,1802,3.0,1.0,0.6039237951600339,4,1.6558380511153892
Rockhampton,1802,4.0,0.0,0.2652287681566823,4,0.0
Rockhampton,1809,0.0,0.0,0.3240575531510018,1,0.0
Rockhampton,1809,1.0,1.0,0.08425496381926048,1,11.868736922671403
Rockhampton,1809,2.0,0.0,0.26651196129084453,3,0.0
Rockhampton,1809,3.0,0.0,0.3251755217388932,4,0.0
Rockhampton,1811,0.0,0.0,0.33906460789159854,1,0.0
Rockhampton,1811,1.0,0.0,0.16953230394579927,1,0.0
Rockhampton,1811,2.0,1.0,0.10850067452531152,1,9.216532564198166
Rockhampton,1811,3.0,0.0,0.053257050994114735,2,0.0
Rockhampton,1811,4.0,0.0,0.27072869067785366,3,0.0
Rockhampton,1811,5.0,0.0,0.05891667196532232,2,0.0
Rockhampton,1816,0.0,0.0,0.008242436880745921,1,0.0
Rockhampton,1816,1.0,0.0,0.06937384374627817,1,0.0
Rockhampton,1816,2.0,0.0,0.505000774329525,2,0.0
Rockhampton,1816,3.0,1.0,0.4173829450434509,4,2.3958813168465634
Rockhampton,1817,0.0,0.0,0.16324041337862896,1,0.0
Rockhampton,1817,2.0,0.0,0.33328251064803416,2,0.0
Rockhampton,1817,3.0,1.0,0.46906676845819956,4,2.1318926584523417
Rockhampton,1817,4.0,0.0,0.034410307515137364,2,0.0
Rockhampton,1828,0.0,0.0,0.18119312692492193,1,0.0
Rockhampton,1828,1.0,0.0,0.06643747987247137,1,0.0
Rockhampton,1828,2.0,0.0,0.10336614326756778,2,0.0
Rockhampton,1828,3.0,1.0,0.6110389757221982,3,1.6365568150838194
Rockhampton,1828,4.0,0.0,0.03796427421284078,1,0.0
Rockhampton,1835,0.0,0.0,0.048259633082122486,1,0.0
Rockhampton,1835,2.0,1.0,0.35695195276180425,3,2.8014974908046093
Rockhampton,1835,3.0,0.0,0.1764129110813612,3,0.0
Rockhampton,1835,4.0,0.0,0.4183755030747121,3,0.0
Rockhampton,2212,0.0,1.0,0.11068312597965882,1,9.03480084384117
Rockhampton,2212,2.0,0.0,0.518022265042317,4,0.0
Rockhampton,2212,3.0,0.0,0.26150408885304005,2,0.0
Rockhampton,2212,4.0,0.0,0.10979052012498416,2,0.0
Rockhampton,2215,0.0,1.0,0.3530769204750013,2,2.832244029586189
Rockhampton,2215,2.0,0.0,0.6455454512686726,4,0.0
Rockhampton,2215,3.0,0.0,0.32568357289037053,4,0.0
Rockhampton,2215,4.0,1.0,0.5428389925010174,6,1.8421668557608741
Rockhampton,2215,5.0,0.0,0.07738988728371618,2,0.0
Rockingham,940,0.0,0.0,0.06965244504868943,2,0.0
Rockingham,940,1.0,1.0,0.5187848913632579,3,1.927581193377104
Rockingham,940,2.0,1.0,0.986111097007063,9,1.0140845215463967
Rockingham,940,3.0,0.0,0.4254515665809896,5,0.0
Rockingham,1200,0.0,0.0,0.02595467669264127,1,0.0
Rockingham,1200,1.0,0.0,0.1462899959039781,1,0.0
Rockingham,1200,2.0,1.0,0.4159284476033662,3,2.4042596888049617
Rockingham,1200,3.0,0.0,0.15325618618511988,2,0.0
Rockingham,1200,4.0,0.0,0.2585706936148946,3,0.0
Rockingham,1400,0.0,1.0,0.28910692623544615,1,3.458927854207162
Rockingham,1400,2.0,0.0,0.47216356985180696,3,0.0
Rockingham,1400,3.0,0.0,0.23872950391274683,4,0.0
Rockingham,1600,0.0,0.0,0.2083504915337507,2,0.0
Rockingham,1600,2.0,0.0,0.5443995950322175,6,0.0
Rockingham,1600,3.0,2.0,1.1781273644731942,7,1.697609325027698
Rockingham,1600,4.0,0.0,0.06912254896083765,1,0.0
Roebourne,1100,0.0,0.0,0.26162647666631816,2,0.0
Roebourne,1100,1.0,0.0,0.357721331191045,2,0.0
Roebourne,1100,2.0,0.0,0.7436970920614664,8,0.0
Roebourne,1100,3.0,2.0,0.5979316538027785,6,3.344863894192963
Roebourne,1100,4.0,0.0,0.03902344627839186,1,0.0
Roebourne,1103,0.0,1.0,0.7374445594700854,5,1.3560341413578023
Roebourne,1103,1.0,1.0,1.0089731082725575,8,0.9911066923399771
Roebourne,1103,2.0,3.0,2.433543281355527,14,1.232770348891821
Roebourne,1103,3.0,0.0,0.6943334947210881,11,0.0
Roebourne,1103,4.0,0.0,0.12570555618074217,3,0.0
Roebourne,1200,0.0,1.0,0.596852037149965,3,1.6754571279929134
Roebourne,1200,1.0,1.0,0.09728083986742689,1,10.279516514894274
Roebourne,1200,2.0,0.0,0.5953165378179771,7,0.0
Roebourne,1200,3.0,1.0,0.99511574498507,8,1.0049082280524093
Roebourne,1200,4.0,0.0,0.5962535996741704,6,0.0
Roebourne,1200,5.0,0.0,0.11918124050539071,2,0.0
Roebourne,1205,0.0,2.0,1.104244874856617,6,1.8111924678479439
Roebourne,1205,1.0,1.0,1.0208797699990058,9,0.9795472781295038
Roebourne,1205,2.0,3.0,1.6922590046078771,14,1.7727782755661252
Roebourne,1205,3.0,0.0,1.9511788811432322,22,0.0
Roebourne,1205,4.0,0.0,0.23143746939326792,3,0.0
Roebourne,1400,0.0,4.0,0.6204386697683882,4,6.447051408793093
Roebourne,1400,1.0,0.0,0.055461717968663185,1,0.0
Roebourne,1400,2.0,0.0,1.516436124787465,10,0.0
Roebourne,1400,3.0,0.0,1.043986182083612,13,0.0
Roebourne,1400,4.0,0.0,0.7500754042681743,7,0.0
Roebourne,1400,5.0,0.0,0.01360190112369731,1,0.0
Roebourne,1406,0.0,6.0,2.362960529245632,14,2.5391875681966987
Roebourne,1406,1.0,1.0,1.3164559032516432,14,0.75961526514485
Roebourne,1406,2.0,2.0,4.317577692109383,34,0.4632227009267518
Roebourne,1406,3.0,2.0,2.8492464536841893,34,0.7019399804512945
Roebourne,1406,4.0,3.0,3.007328645680148,27,0.997563071235771
Roebourne,1406,5.0,0.0,0.008887793847073088,1,0.0
Roebourne,1600,0.0,0.0,0.14330822944133087,2,0.0
Roebourne,1600,2.0,1.0,0.7431682262130034,4,1.3455903585864348
Roebourne,1600,3.0,0.0,0.4303439330873221,2,0.0
Roebourne,1600,4.0,1.0,0.6103061300003055,8,1.6385219660164636
Roebourne,1600,5.0,0.0,0.0728734812580382,2,0.0
Roebourne,1611,0.0,2.0,0.20450717925877693,2,9.779607773423265
Roebourne,1611,1.0,0.0,0.2613506511138516,1,0.0
Roebourne,1611,2.0,0.0,0.42710318076399206,6,0.0
Roebourne,1611,3.0,0.0,1.1070389888633794,8,0.0
Roebourne,1800,0.0,1.0,0.5975359451215088,2,1.673539488568592
Roebourne,1800,1.0,0.0,0.09816890040220598,2,0.0
Roebourne,1800,2.0,1.0,0.7707412648264974,7,1.2974522652878997
Roebourne,1800,3.0,0.0,0.4749413277322697,8,0.0
Roebourne,1800,4.0,0.0,0.05861256191751799,2,0.0
Roebourne,1813,0.0,1.0,0.2670358967172155,3,3.744814881794621
Roebourne,1813,1.0,0.0,0.08699393974427538,1,0.0
Roebourne,1813,2.0,1.0,0.9649980910037859,7,1.0362714800397226
Roebourne,1813,3.0,1.0,1.1138934523960906,7,0.8977519329599299
Roebourne,1813,4.0,0.0,0.4468399061647912,7,0.0
Roebourne,1813,5.0,0.0,0.12023871397384138,2,0.0
Roebourne,2200,0.0,1.0,0.4924573978654621,3,2.0306325061507087
Roebourne,2200,1.0,0.0,0.45142008996411576,5,0.0
Roebourne,2200,2.0,0.0,0.6925751095760776,8,0.0
Roebourne,2200,3.0,2.0,1.083307571861049,10,1.8461977484050403
Roebourne,2200,4.0,0.0,0.2802398307332957,2,0.0
Roebourne,2230,0.0,0.0,0.08331465187065162,2,0.0
Roebourne,2230,1.0,1.0,0.2623510324666319,1,3.8116869241869242
Roebourne,2230,2.0,0.0,0.5712568315169246,5,0.0
Roebourne,2230,3.0,0.0,0.6290491332074091,7,0.0
Roebourne,2230,4.0,1.0,0.44090095003352975,3,2.2680831146404916
Roebourne,2230,5.0,0.0,0.01312740090485299,1,0.0
Roma,900,0.0,1.0,0.7342026104848844,3,1.3620218529862986
Roma,900,1.0,1.0,0.9132299948190155,8,1.095014405651646
Roma,900,2.0,0.0,0.6217561110883429,8,0.0
Roma,900,3.0,1.0,0.5023679255327711,6,1.9905729430068217
Roma,900,4.0,0.0,0.22844335807498597,5,0.0
Roma,1000,0.0,9.0,3.6422037569760897,23,2.471031441544659
Roma,1000,1.0,7.0,6.339422232076306,47,1.1042015729101136
Roma,1000,2.0,7.0,8.131008085051604,90,0.8609018619559734
Roma,1000,3.0,0.0,4.342596556436926,68,0.0
Roma,1000,4.0,0.0,0.40587653647941985,13,0.0
Roma,1000,5.0,0.0,0.09281691672205522,3,0.0
Roma,1200,0.0,4.0,2.766059841208725,20,1.4461003122232028
Roma,1200,1.0,5.0,2.5563827655895284,25,1.9558886358111354
Roma,1200,2.0,5.0,6.597995363019813,60,0.757805928149602
Roma,1200,3.0,5.0,5.588768307405088,62,0.8946515090588076
Roma,1200,4.0,1.0,1.9392800740326785,32,0.5156552750632496
Roma,1200,5.0,0.0,0.47065137405132706,9,0.0
Roma,1640,0.0,3.0,1.784760869325431,16,1.680897453300778
Roma,1640,1.0,3.0,2.299683486888765,17,1.3045273478302406
Roma,1640,2.0,4.0,3.923227987578511,36,1.019568582979261
Roma,1640,3.0,4.0,5.676583137833374,65,0.7046492410796807
Roma,1640,4.0,2.0,1.4653311942124791,21,1.364879153531479
Roma,1640,5.0,0.0,0.8504133241614394,11,0.0
Rosehill,1100,0.0,40.0,22.853233040892626,178,1.7502993965197686
Rosehill,1100,1.0,24.0,21.1458928827609,189,1.134972173228301
Rosehill,1100,2.0,59.0,57.00400752706947,544,1.0350149499924666
Rosehill,1100,3.0,46.0,62.52752053208293,704,0.7356760608538341
Rosehill,1100,4.0,9.0,14.40573117872374,230,0.6247513498858269
Rosehill,1100,5.0,0.0,0.06361483847033966,3,0.0
Rosehill,1200,0.0,38.0,25.004323551497286,207,1.5197371735227174
Rosehill,1200,1.0,17.0,17.454438313857484,167,0.973964311787868
Rosehill,1200,2.0,68.0,61.38911423777954,588,1.107688241544167
Rosehill,1200,3.0,66.0,72.79757274418188,823,0.9066236347182997
Rosehill,1200,4.0,18.0,28.25141200111156,475,0.6371362960297979
Rosehill,1200,5.0,0.0,1.6602247633521603,24,0.0
Rosehill,1300,0.0,25.0,17.18901400017492,128,1.454417338873864
Rosehill,1300,1.0,8.0,11.558436532559284,118,0.6921351324173105
Rosehill,1300,2.0,41.0,38.492176636238895,330,1.0651515082522012
Rosehill,1300,3.0,44.0,44.026524214261954,499,0.999397540125292
Rosehill,1300,4.0,10.0,15.811672174846025,265,0.6324441772773713
Rosehill,1300,5.0,0.0,0.9221764419189244,24,0.0
Rosehill,1350,0.0,6.0,3.5182612612187847,19,1.7053878477238211
Rosehill,1350,1.0,0.0,0.9189764515857896,12,0.0
Rosehill,1350,2.0,5.0,5.041521273700569,43,0.9917641379563015
Rosehill,1350,3.0,7.0,6.552808414124505,70,1.0682442637742282
Rosehill,1350,4.0,1.0,2.782099722289159,35,0.35944074613442795
Rosehill,1350,5.0,0.0,0.18633287708119217,6,0.0
Rosehill,1400,0.0,42.0,24.548310229998677,196,1.7109120589764628
Rosehill,1400,1.0,11.0,13.154497857802882,143,0.8362158798387812
Rosehill,1400,2.0,57.0,49.37236655165347,465,1.154491955340372
Rosehill,1400,3.0,66.0,72.74048967201448,820,0.9073351072778418
Rosehill,1400,4.0,20.0,33.780634791264575,539,0.5920551855695694
Rosehill,1400,5.0,0.0,2.403700897265928,61,0.0
Rosehill,1500,0.0,44.0,24.014831080736528,226,1.8322011032296852
Rosehill,1500,1.0,20.0,18.49594060555987,174,1.0813183512271882
Rosehill,1500,2.0,51.0,52.538953506337144,525,0.9707083334624943
Rosehill,1500,3.0,68.0,80.28585392620253,950,0.8469736158315574
Rosehill,1500,4.0,42.0,45.81605840531242,711,0.9167091509366956
Rosehill,1500,5.0,1.0,4.651006475785328,96,0.2150072258996691
Rosehill,1800,0.0,14.0,7.985286915438449,69,1.7532244173885518
Rosehill,1800,1.0,0.0,5.308661645370424,56,0.0
Rosehill,1800,2.0,18.0,16.362490615145017,151,1.1000770251528404
Rosehill,1800,3.0,26.0,24.65954370347411,261,1.0543585198754932
Rosehill,1800,4.0,10.0,12.798543896744816,184,0.781338883600923
Rosehill,1800,5.0,1.0,1.7849797251397448,32,0.5602304529939188
Rosehill,1900,0.0,2.0,3.523776678249481,36,0.5675728579353523
Rosehill,1900,1.0,2.0,2.273345535331813,26,0.8797606738247488
Rosehill,1900,2.0,11.0,7.973101394771737,76,1.3796387949127444
Rosehill,1900,3.0,16.0,14.25106692583149,157,1.1227229570438964
Rosehill,1900,4.0,4.0,7.033899990783906,103,0.5686745625102657
Rosehill,1900,5.0,1.0,0.9224155209260783,19,1.0841101188280409
Rosehill,2000,0.0,14.0,11.635031845081839,103,1.2032627143962515
Rosehill,2000,1.0,2.0,5.900895603845697,78,0.338931601958281
Rosehill,2000,2.0,31.0,23.066503295086903,212,1.3439401544057572
Rosehill,2000,3.0,32.0,33.5887502522254,357,0.9526999295807339
Rosehill,2000,4.0,21.0,23.375830461424208,306,0.8983638050701598
Rosehill,2000,5.0,3.0,5.147680885668878,84,0.582786708545199
Rosehill,2400,0.0,2.0,5.804844526140797,51,0.3445398048119041
Rosehill,2400,1.0,2.0,4.893640155660476,43,0.4086937200902684
Rosehill,2400,2.0,18.0,13.721086358745199,130,1.3118494796534543
Rosehill,2400,3.0,23.0,17.29013813611584,191,1.3302380709126513
Rosehill,2400,4.0,6.0,8.793737530549247,112,0.6823037393549823
Rosehill,2400,5.0,0.0,0.4828480488311759,8,0.0
Sale,1000,0.0,5.0,4.021031331663771,34,1.2434620841243642
Sale,1000,1.0,9.0,6.975857939742222,60,1.2901638877601018
Sale,1000,2.0,15.0,15.630101794699147,143,0.9596866480477535
Sale,1000,3.0,5.0,6.8149984182531504,90,0.7336758856184183
Sale,1000,4.0,0.0,0.5580105156417109,7,0.0
Sale,1003,0.0,1.0,0.18261196235678853,1,5.476092513841963
Sale,1003,1.0,0.0,0.16549076530539275,3,0.0
Sale,1003,2.0,0.0,0.6380172784512547,3,0.0
Sale,1003,3.0,0.0,0.01387999388656411,2,0.0
Sale,1005,0.0,2.0,0.6065658779927608,5,3.2972510860953332
Sale,1005,1.0,0.0,0.7820663368266185,8,0.0
Sale,1005,2.0,2.0,2.116542432340997,25,0.9449373513329021
Sale,1005,3.0,1.0,1.3620613095458545,18,0.7341813419055455
Sale,1005,4.0,0.0,0.1327640432937692,3,0.0
Sale,1006,0.0,3.0,1.7265893767996028,10,1.7375295135666737
Sale,1006,1.0,1.0,2.3352294150704043,19,0.4282234514290114
Sale,1006,2.0,6.0,4.216991654504094,48,1.4228152416644
Sale,1006,3.0,0.0,1.3537891694171929,20,0.0
Sale,1008,0.0,0.0,0.5613419616576409,5,0.0
Sale,1008,1.0,1.0,0.9535756678973839,7,1.04868447640341
Sale,1008,2.0,3.0,2.5934455857922165,21,1.156762268865415
Sale,1008,3.0,1.0,0.8916367846527592,15,1.1215329125182312
Sale,1010,0.0,1.0,0.8670757717318357,5,1.1533017443246867
Sale,1010,1.0,3.0,1.0941876325193332,8,2.741760106621378
Sale,1010,2.0,1.0,1.4562766217262264,24,0.6866827257136286
Sale,1010,3.0,0.0,1.5824599740226044,14,0.0
Sale,1012,0.0,1.0,1.098521051004926,6,0.9103148265435614
Sale,1012,1.0,1.0,1.1616687423466243,12,0.8608305995906836
Sale,1012,2.0,3.0,2.097193248119943,20,1.4304833389528553
Sale,1012,3.0,1.0,1.6426169585285069,24,0.6087846559771442
Sale,1013,0.0,1.0,1.0677092981681215,5,0.9365845195089234
Sale,1013,1.0,0.0,1.2687611463099655,9,0.0
Sale,1013,2.0,3.0,1.965541217554646,19,1.526297171082648
Sale,1013,3.0,1.0,0.6662636132840624,12,1.5009074187181353
Sale,1013,4.0,0.0,0.031724724683204766,1,0.0
Sale,1100,0.0,11.0,8.121350628829457,61,1.3544545116611284
Sale,1100,1.0,17.0,13.723258814729816,93,1.2387728184323905
Sale,1100,2.0,21.0,20.96620802341903,221,1.0016117352524228
Sale,1100,3.0,10.0,14.962120307843815,225,0.6683544707736077
Sale,1100,4.0,2.0,3.0235512725417117,49,0.6614738166218442
Sale,1100,5.0,0.0,0.008126939529618269,1,0.0
Sale,1103,0.0,1.0,0.37140981034016407,2,2.69244368931485
Sale,1103,1.0,0.0,0.01999604760476438,1,0.0
Sale,1103,2.0,0.0,0.5715043209431521,8,0.0
Sale,1103,3.0,1.0,1.0106434355701344,10,0.9894686541310882
Sale,1103,4.0,0.0,0.026446385541785147,1,0.0
Sale,1105,0.0,5.0,1.6595703252449883,15,3.0128280338236904
Sale,1105,1.0,3.0,2.4453508809316933,19,1.2268178049184426
Sale,1105,2.0,4.0,6.484663313371671,68,0.6168400434532688
Sale,1105,3.0,3.0,4.149667121525319,59,0.7229495552639104
Sale,1105,4.0,0.0,0.26074835892632825,8,0.0
Sale,1106,0.0,1.0,1.8471396093736692,16,0.5413775953508363
Sale,1106,1.0,5.0,3.4863469641543996,32,1.4341659196312182
Sale,1106,2.0,7.0,6.219071681254491,57,1.125569917629247
Sale,1106,3.0,3.0,4.196681836532919,50,0.7148504739826654
Sale,1106,4.0,0.0,0.2507599086845219,8,0.0
Sale,1108,0.0,1.0,0.46564934201229996,5,2.147538737365134
Sale,1108,1.0,0.0,0.6497323017139236,7,0.0
Sale,1108,2.0,3.0,1.5936350366516172,16,1.8824887323657824
Sale,1108,3.0,1.0,2.2710255170351066,28,0.4403297067773728
Sale,1108,4.0,0.0,0.01995780258705275,2,0.0
Sale,1110,0.0,2.0,2.2973897594839334,16,0.8705531970549322
Sale,1110,1.0,4.0,3.9795051985152923,22,1.0051500878783508
Sale,1110,2.0,4.0,4.869025058759068,58,0.8215196988572184
Sale,1110,3.0,5.0,4.06166668191518,67,1.2310217434293185
Sale,1110,4.0,1.0,0.7882734273718861,15,1.268595344300788
Sale,1110,5.0,0.0,0.004139873954640017,1,0.0
Sale,1112,0.0,3.0,1.2090753141868602,7,2.481235010589552
Sale,1112,1.0,0.0,1.184100353665165,8,0.0
Sale,1112,2.0,4.0,2.3682535820360338,24,1.6890083183411135
Sale,1112,3.0,0.0,2.184868927618118,22,0.0
Sale,1112,4.0,0.0,0.053701822493822784,3,0.0
Sale,1113,0.0,2.0,0.9897612376864584,10,2.0206893580465417
Sale,1113,1.0,1.0,1.6357199797233741,13,0.6113515836427673
Sale,1113,2.0,4.0,4.770481729080615,42,0.8384897432089935
Sale,1113,3.0,3.0,2.494124381480284,31,1.202826940899986
Sale,1113,4.0,0.0,0.10991267202926848,5,0.0
Sale,1200,0.0,10.0,7.727586460151315,62,1.2940651070766782
Sale,1200,1.0,13.0,8.003660514543643,71,1.6242567980460176
Sale,1200,2.0,19.0,23.93754966514351,226,0.7937320346395651
Sale,1200,3.0,18.0,19.578676903086375,241,0.919367538935304
Sale,1200,4.0,2.0,2.50733484374876,46,0.7976597162466602
Sale,1200,5.0,0.0,0.06808318509088014,3,0.0
Sale,1203,0.0,1.0,0.8348105503812755,3,1.197876571568578
Sale,1203,1.0,0.0,0.008239520899430065,1,0.0
Sale,1203,2.0,0.0,0.4185735327325765,6,0.0
Sale,1203,3.0,1.0,0.7486589012440091,11,1.3357217797562413
Sale,1203,4.0,1.0,0.9679380980029098,11,1.0331239178034646
Sale,1203,5.0,0.0,0.02177939673979891,2,0.0
Sale,1205,0.0,1.0,1.0634804869805414,9,0.9403087430773867
Sale,1205,1.0,2.0,0.9064807741555653,7,2.20633471444897
Sale,1205,2.0,4.0,3.766570742942325,35,1.0619739473883683
Sale,1205,3.0,2.0,2.6931366670132437,36,0.7426284839150218
Sale,1205,4.0,0.0,0.4072988529181879,12,0.0
Sale,1205,5.0,0.0,0.16303247599013634,1,0.0
Sale,1206,0.0,3.0,1.2475072041543969,14,2.4047957318478996
Sale,1206,1.0,2.0,1.8128508387715518,16,1.1032347268875506
Sale,1206,2.0,7.0,7.211931968750629,57,0.9706137038356806
Sale,1206,3.0,2.0,2.9856542238122894,49,0.6698699347194539
Sale,1206,4.0,0.0,0.7038166000012075,13,0.0
Sale,1206,5.0,0.0,0.03823916450992523,1,0.0
Sale,1208,0.0,0.0,0.6158353271671579,8,0.0
Sale,1208,1.0,1.0,0.5903301352637982,8,1.6939673925897998
Sale,1208,2.0,6.0,3.876394858799456,26,1.5478299343989528
Sale,1208,3.0,0.0,2.4637699284120163,26,0.0
Sale,1208,4.0,1.0,0.45366975035757134,10,2.204246589533079
Sale,1210,0.0,0.0,2.113240270943071,13,0.0
Sale,1210,1.0,1.0,2.352358579867088,17,0.42510525757365686
Sale,1210,2.0,8.0,4.43580067415782,51,1.803507548616097
Sale,1210,3.0,3.0,3.4929820794277426,46,0.8588649846412874
Sale,1210,4.0,1.0,0.605618395604279,7,1.651204797044204
Sale,1212,0.0,5.0,1.4819380930270625,13,3.373960102332488
Sale,1212,1.0,2.0,2.3045359861607295,17,0.8678536642562588
Sale,1212,2.0,4.0,4.948411356221727,48,0.8083402352900043
Sale,1212,3.0,2.0,4.163571449085966,52,0.4803568341403298
Sale,1212,4.0,0.0,0.10154311550451517,3,0.0
Sale,1213,0.0,4.0,1.270738322775332,7,3.1477763189386434
Sale,1213,1.0,0.0,1.0318623292986282,7,0.0
Sale,1213,2.0,3.0,2.4203943581881027,28,1.2394674404404857
Sale,1213,3.0,0.0,2.104175872972484,25,0.0
Sale,1213,4.0,0.0,0.11284170903878325,3,0.0
Sale,1400,0.0,17.0,11.694750745901633,103,1.4536436363090137
Sale,1400,1.0,14.0,12.098497631813064,100,1.1571684705038852
Sale,1400,2.0,31.0,28.674832374052464,281,1.0810874008125522
Sale,1400,3.0,32.0,34.77956197481816,418,0.9200805928254452
Sale,1400,4.0,9.0,14.911319433924776,218,0.6035683186776939
Sale,1400,5.0,0.0,0.5009951776982199,15,0.0
Sale,1407,0.0,0.0,0.08110632711169216,2,0.0
Sale,1407,1.0,0.0,0.35104766999345594,4,0.0
Sale,1407,2.0,1.0,0.7665538166555005,5,1.3045398486997728
Sale,1407,3.0,1.0,0.6982551825981004,8,1.4321411783571065
Sale,1407,4.0,0.0,0.10303700364125098,3,0.0
Sale,1409,0.0,1.0,0.1694595614523752,2,5.901112875717192
Sale,1409,1.0,0.0,0.23313552038134955,2,0.0
Sale,1409,2.0,0.0,0.9433308654871861,5,0.0
Sale,1409,3.0,1.0,0.2806126517037588,6,3.5636311974119197
Sale,1409,4.0,0.0,0.37346140097533004,8,0.0
Sale,1411,0.0,3.0,2.0179007394623034,18,1.4866935431122297
Sale,1411,1.0,3.0,1.78052811616775,18,1.6848933598739977
Sale,1411,2.0,3.0,5.087898491065084,55,0.58963440510229
Sale,1411,3.0,6.0,6.739902835433921,80,0.8902205486488611
Sale,1411,4.0,3.0,2.158514340471955,32,1.389844831581733
Sale,1411,5.0,0.0,0.17644431550775275,2,0.0
Sale,1415,0.0,5.0,3.4509168593972093,37,1.4488903105226876
Sale,1415,1.0,5.0,3.9691625344993096,37,1.2597115780824848
Sale,1415,2.0,14.0,12.081061781112389,103,1.1588385403249648
Sale,1415,3.0,8.0,12.602222578129417,146,0.6348086577905421
Sale,1415,4.0,5.0,4.522830109749439,63,1.1055025014585382
Sale,1415,5.0,0.0,0.37380613711223737,9,0.0
Sale,1416,0.0,0.0,0.5575930452438542,2,0.0
Sale,1416,1.0,0.0,0.11379732540292717,2,0.0
Sale,1416,2.0,2.0,1.0490456264932533,3,1.9064947696179757
Sale,1416,3.0,0.0,0.27956400285996547,8,0.0
Sale,1419,0.0,2.0,1.3113342329016977,12,1.5251641799775444
Sale,1419,1.0,2.0,2.187574258492336,11,0.9142546783204465
Sale,1419,2.0,5.0,3.479836469863147,31,1.436849128774329
Sale,1419,3.0,2.0,3.8953317232778164,52,0.5134350915605858
Sale,1419,4.0,1.0,1.1124362593022017,14,0.8989279085772253
Sale,1419,5.0,0.0,0.01348705616280098,1,0.0
Sale,1421,0.0,0.0,0.07953876503263625,2,0.0
Sale,1421,1.0,0.0,0.4291190527225123,2,0.0
Sale,1421,2.0,2.0,1.2557265880877264,6,1.5927033949688718
Sale,1421,3.0,0.0,0.2356155941571249,7,0.0
Sale,1423,0.0,4.0,2.4186861739931764,19,1.653790410268945
Sale,1423,1.0,1.0,2.0836753440379443,20,0.4799212136676268
Sale,1423,2.0,8.0,4.717631475788359,48,1.6957661998520408
Sale,1423,3.0,4.0,6.068872982117283,70,0.6591009585777319
Sale,1423,4.0,2.0,3.711134024063237,46,0.5389188283235983
Sale,1427,0.0,7.0,2.747305268415898,15,2.5479512890230125
Sale,1427,1.0,1.0,1.6235058238007494,12,0.6159509780253973
Sale,1427,2.0,4.0,4.149321950784435,36,0.96401292727931
Sale,1427,3.0,3.0,4.986212252021099,59,0.6016591048212975
Sale,1427,4.0,0.0,1.4820023023893334,25,0.0
Sale,1429,0.0,4.0,1.2526029372188792,12,3.193350327663364
Sale,1429,1.0,0.0,1.570744194361431,12,0.0
Sale,1429,2.0,7.0,3.806348770426765,28,1.83903273772129
Sale,1429,3.0,1.0,4.047008208215139,42,0.24709611361056077
Sale,1429,4.0,0.0,1.2972238740503104,19,0.0
Sale,1429,5.0,0.0,0.026072015727475806,1,0.0
Sale,1500,0.0,0.0,0.2097857472514713,3,0.0
Sale,1500,1.0,0.0,0.17813241897932314,3,0.0
Sale,1500,2.0,0.0,0.4200555696163957,6,0.0
Sale,1500,3.0,2.0,1.2404918694983433,15,1.6122636908606285
Sale,1500,4.0,1.0,0.9515343946544665,9,1.0509341602550615
Sale,1511,0.0,0.0,0.10973258190825501,3,0.0
Sale,1511,1.0,0.0,0.034484330603765094,2,0.0
Sale,1511,2.0,0.0,1.207873553797011,9,0.0
Sale,1511,3.0,0.0,0.8072668723055714,9,0.0
Sale,1511,4.0,3.0,0.8406426613853978,9,3.56869825646956
Sale,1515,0.0,1.0,0.5865204892787259,3,1.704970275172741
Sale,1515,1.0,2.0,0.8491521212680744,3,2.3552905891741944
Sale,1515,2.0,0.0,0.3880248050125363,6,0.0
Sale,1515,3.0,0.0,0.732518667954916,10,0.0
Sale,1515,4.0,0.0,0.1938502018916663,5,0.0
Sale,1515,5.0,0.0,0.2499337145940811,3,0.0
Sale,1519,0.0,0.0,0.396383395896877,2,0.0
Sale,1519,1.0,0.0,0.3525165239202467,2,0.0
Sale,1519,2.0,1.0,0.5612366178733209,4,1.7817796775079886
Sale,1519,3.0,1.0,0.33532264519811983,7,2.9822024080991207
Sale,1519,4.0,0.0,0.3064872062028697,4,0.0
Sale,1519,5.0,0.0,0.048053610908565705,2,0.0
Sale,1523,0.0,0.0,0.016135872638342198,1,0.0
Sale,1523,2.0,1.0,0.04331207918712906,1,23.088247407369156
Sale,1523,3.0,0.0,0.37799242123926025,3,0.0
Sale,1523,4.0,0.0,0.5076976599649049,6,0.0
Sale,1523,5.0,0.0,0.054861966970363475,1,0.0
Sale,1527,0.0,0.0,0.1099378264451179,1,0.0
Sale,1527,1.0,0.0,0.09700396451039815,1,0.0
Sale,1527,2.0,0.0,0.03476156122027043,2,0.0
Sale,1527,3.0,1.0,0.4834520817114187,4,2.068457325615402
Sale,1527,4.0,0.0,0.27484456611279473,3,0.0
Sale,1529,0.0,1.0,0.07245551977644352,2,13.801570992595604
Sale,1529,1.0,0.0,0.3592269993068922,1,0.0
Sale,1529,2.0,1.0,0.41740208103747484,6,2.395771476544744
Sale,1529,3.0,0.0,0.5312042865531097,6,0.0
Sale,1529,4.0,0.0,0.6197111133260798,5,0.0
Sale,1600,0.0,4.0,3.0754859008166586,30,1.3006074906530534
Sale,1600,1.0,4.0,2.2422503550299293,26,1.7839221169157127
Sale,1600,2.0,6.0,7.087639735115626,68,0.8465441563392495
Sale,1600,3.0,13.0,13.286701471360512,130,0.9784219227038029
Sale,1600,4.0,2.0,4.094562087112757,61,0.488452722769746
Sale,1600,5.0,1.0,0.21336045056451677,5,4.68690423812925
Sale,1609,0.0,0.0,0.24038997995136951,1,0.0
Sale,1609,1.0,0.0,0.0055719531776807505,1,0.0
Sale,1609,2.0,0.0,0.013902299017579695,2,0.0
Sale,1609,3.0,1.0,0.6701424735138042,6,1.4922199972740589
Sale,1609,4.0,0.0,0.06999329433956591,3,0.0
Sale,1611,0.0,1.0,0.5759027505217694,2,1.7364042784897231
Sale,1611,1.0,0.0,0.11752868014580099,2,0.0
Sale,1611,2.0,0.0,0.26671165104462086,6,0.0
Sale,1611,3.0,1.0,0.4928783338791879,10,2.0288982721750464
Sale,1611,4.0,0.0,0.5469785844086209,3,0.0
Sale,1615,0.0,1.0,0.6207553908439086,8,1.6109405004771902
Sale,1615,1.0,0.0,0.5404523266138237,6,0.0
Sale,1615,2.0,3.0,1.9667764762011664,20,1.5253385609911847
Sale,1615,3.0,4.0,3.715081100352384,36,1.0766925114018617
Sale,1615,4.0,0.0,1.1569347059887172,20,0.0
Sale,1616,0.0,0.0,0.04857088906788332,1,0.0
Sale,1616,2.0,0.0,0.21283357193443608,3,0.0
Sale,1616,3.0,1.0,0.545641391224584,5,1.8327055389909077
Sale,1616,4.0,0.0,0.1929541477730966,3,0.0
Sale,1623,0.0,1.0,0.5733089335942283,7,1.7442602781902077
Sale,1623,1.0,0.0,0.5561622172285944,7,0.0
Sale,1623,2.0,1.0,1.5825092235362526,19,0.6319078493365203
Sale,1623,3.0,5.0,4.206688003110631,32,1.1885835118513082
Sale,1623,4.0,0.0,0.07312264369084398,4,0.0
Sale,1623,5.0,0.0,0.008208978839449906,1,0.0
Sale,1627,0.0,1.0,0.08389167695303502,4,11.92013363327841
Sale,1627,1.0,0.0,0.29247991411833124,4,0.0
Sale,1627,2.0,0.0,1.3981497648943424,11,0.0
Sale,1627,3.0,3.0,1.773194913338429,19,1.6918613838970702
Sale,1627,4.0,0.0,0.4522837306958624,7,0.0
Sale,1629,0.0,0.0,0.009326058811879758,1,0.0
Sale,1629,1.0,0.0,0.1131561802508077,1,0.0
Sale,1629,2.0,1.0,0.6473735928959872,2,1.5447031064806946
Sale,1629,3.0,0.0,0.1674159147580879,5,0.0
Sale,1629,4.0,0.0,0.06272825328323753,3,0.0
Sale,1700,0.0,0.0,0.09930710649648719,2,0.0
Sale,1700,2.0,2.0,0.722957959661422,3,2.7664125877203793
Sale,1700,3.0,0.0,0.2706103086191159,4,0.0
Sale,1700,4.0,0.0,0.6205071453281334,10,0.0
Sale,1700,5.0,0.0,0.2866174798948415,3,0.0
Sale,1717,0.0,5.0,5.057448515224976,52,0.9886408106672697
Sale,1717,1.0,4.0,4.3297303293052805,48,0.9238450655752072
Sale,1717,2.0,13.0,16.459276658682626,131,0.7898281479546198
Sale,1717,3.0,24.0,19.28650926306496,221,1.2443931492549412
Sale,1717,4.0,6.0,6.202275749041839,110,0.9673868500488569
Sale,1717,5.0,0.0,0.6647594846803195,9,0.0
Sale,1724,0.0,1.0,0.13642874398224752,1,7.329833661227012
Sale,1724,2.0,0.0,0.008104677860331536,1,0.0
Sale,1724,3.0,0.0,0.5231157124565226,6,0.0
Sale,1724,4.0,0.0,0.33235086570089833,4,0.0
Sale,1728,0.0,1.0,1.7942632189963779,14,0.5573318281357573
Sale,1728,1.0,1.0,0.911278509146179,13,1.0973593582679224
Sale,1728,2.0,5.0,2.515002519226547,35,1.98806957916594
Sale,1728,3.0,5.0,6.18934432988679,63,0.8078400123671025
Sale,1728,4.0,2.0,2.4498580528732505,34,0.8163738293548696
Sale,1728,5.0,0.0,0.14025336987085518,3,0.0
Sale,1732,0.0,5.0,3.0709287407811106,20,1.6281719382157391
Sale,1732,1.0,2.0,1.3667058212521226,22,1.4633727089621071
Sale,1732,2.0,6.0,5.659939188320386,52,1.0600820610195512
Sale,1732,3.0,6.0,6.747316472728198,75,0.8892424157442805
Sale,1732,4.0,1.0,3.0216984265813003,43,0.33093970966897035
Sale,1732,5.0,0.0,0.04874000970557291,2,0.0
Sale,1736,0.0,2.0,1.6184583746749661,10,1.2357438605127293
Sale,1736,1.0,0.0,0.7144200341475775,6,0.0
Sale,1736,2.0,1.0,2.488083276648709,26,0.40191580779681013
Sale,1736,3.0,6.0,4.053956822400849,42,1.4800354968868805
Sale,1736,4.0,1.0,1.007195128954626,17,0.9928562710960549
Sale,1736,5.0,0.0,0.11788636317327222,1,0.0
Sale,1738,0.0,0.0,0.12805204326504221,1,0.0
Sale,1738,1.0,0.0,0.1333875450677523,2,0.0
Sale,1738,2.0,1.0,0.6460783804202306,4,1.547799818575522
Sale,1738,3.0,0.0,0.09248203124697492,1,0.0
Sale,1740,0.0,1.0,1.6343607290700772,13,0.6118600271122413
Sale,1740,1.0,1.0,1.635369439729056,14,0.6114826263145028
Sale,1740,2.0,3.0,3.591044706794187,31,0.835411487449337
Sale,1740,3.0,6.0,3.9389230022311166,55,1.5232590219715978
Sale,1740,4.0,2.0,2.2003021221755628,19,0.9089660823589477
Sale,1744,0.0,1.0,0.5502001068123508,11,1.8175205486484145
Sale,1744,1.0,1.0,0.8297824980999192,9,1.2051350833379277
Sale,1744,2.0,5.0,3.78568525899598,30,1.3207648438597546
Sale,1744,3.0,3.0,4.687799119741409,40,0.6399591627905523
Sale,1744,4.0,1.0,1.1465330163503413,16,0.8721946823504594
Sale,1746,0.0,3.0,1.2603986464549966,10,2.380199319031177
Sale,1746,1.0,0.0,0.6988159827749101,7,0.0
Sale,1746,2.0,3.0,3.4192105869083695,25,0.8773955051164551
Sale,1746,3.0,1.0,2.8077758612355033,38,0.35615378485374216
Sale,1746,4.0,3.0,1.6962883293173607,15,1.768567258378352
Sale,1746,5.0,0.0,0.11751059330886,1,0.0
Sale,2200,0.0,3.0,2.4818241929596416,28,1.208788281019382
Sale,2200,1.0,3.0,2.7573874986501763,22,1.087986364436841
Sale,2200,2.0,9.0,8.4370559036467,71,1.06672281217314
Sale,2200,3.0,12.0,9.140485507489924,112,1.3128405477112703
Sale,2200,4.0,1.0,4.363513221806798,60,0.22917313393310412
Sale,2200,5.0,0.0,0.7061104497077897,8,0.0
Sale,2219,0.0,0.0,0.16558947789304979,4,0.0
Sale,2219,1.0,0.0,0.24641311673095206,4,0.0
Sale,2219,2.0,1.0,0.6539413003183789,6,1.5291892399411666
Sale,2219,3.0,3.0,2.5770250112674153,19,1.164133055318916
Sale,2219,4.0,0.0,0.357031093790204,8,0.0
Sale,2220,0.0,0.0,0.08765987646831842,1,0.0
Sale,2220,2.0,1.0,0.24022177686029572,2,4.1628199286094025
Sale,2220,3.0,0.0,0.576944766505783,5,0.0
Sale,2220,4.0,0.0,0.09517358016560287,2,0.0
Sale,2226,0.0,0.0,0.7489134567746443,10,0.0
Sale,2226,1.0,1.0,1.213955189518881,14,0.8237536349231503
Sale,2226,2.0,2.0,2.9079158120108355,32,0.6877778207124201
Sale,2226,3.0,6.0,4.088267075123439,31,1.4676144903813162
Sale,2226,4.0,1.0,1.0409484665722004,18,0.9606623498788158
Sale,2231,0.0,0.0,0.1816526231443632,1,0.0
Sale,2231,1.0,1.0,0.2924607232624247,2,3.419262555480658
Sale,2231,2.0,0.0,0.39158732634521104,5,0.0
Sale,2231,3.0,0.0,0.134299327248001,3,0.0
Sale,2232,0.0,0.0,0.27427789522546053,4,0.0
Sale,2232,1.0,1.0,0.11584555928234508,2,8.63218241765095
Sale,2232,2.0,2.0,1.209239524310394,11,1.6539320455478508
Sale,2232,3.0,1.0,1.9055845874046398,14,0.524773345990364
Sale,2232,4.0,0.0,0.21229230772555824,3,0.0
Sale,2238,0.0,0.0,0.6209562849534939,7,0.0
Sale,2238,1.0,0.0,0.27962023750026166,7,0.0
Sale,2238,2.0,0.0,1.4450684093413395,19,0.0
Sale,2238,3.0,6.0,3.9931851543265218,33,1.502559928506982
Sale,2238,4.0,1.0,0.6611699138783834,9,1.5124705147789612
Sale,2244,0.0,0.0,0.17116691384552193,2,0.0
Sale,2244,1.0,0.0,0.19783345059289764,2,0.0
Sale,2244,2.0,1.0,0.5978954864260173,5,1.6725331144036635
Sale,2244,3.0,1.0,1.014458324742351,7,0.9857477390744236
Sale,2244,4.0,0.0,0.01864582439321208,2,0.0
Sale,2246,0.0,0.0,0.06582135530151154,1,0.0
Sale,2246,1.0,0.0,0.020870185827308537,1,0.0
Sale,2246,2.0,0.0,0.6738915897391163,4,0.0
Sale,2246,3.0,1.0,0.23941686913206367,3,4.176815124285977
Sale,2247,0.0,0.0,0.8108565176250113,4,0.0
Sale,2247,1.0,0.0,0.42834780261347205,5,0.0
Sale,2247,2.0,2.0,1.2682683077964616,12,1.5769533841580237
Sale,2247,3.0,2.0,1.4791275344242591,14,1.352148447955495
Sale,2247,4.0,0.0,0.01339983754079584,1,0.0
Sandown-Hillside,1000,0.0,28.0,18.96977416693198,162,1.4760323319404332
Sandown-Hillside,1000,1.0,22.0,28.909407633619818,244,0.7609979519059874
Sandown-Hillside,1000,2.0,73.0,69.3121508189691,710,1.053206387876534
Sandown-Hillside,1000,3.0,39.0,42.554031105676316,489,0.9164819169105171
Sandown-Hillside,1000,4.0,0.0,2.233928690403075,29,0.0
Sandown-Hillside,1000,5.0,0.0,0.02070758439971088,1,0.0
Sandown-Hillside,1100,0.0,2.0,0.7942099966113884,6,2.518225668945605
Sandown-Hillside,1100,1.0,0.0,0.38785889395356576,4,0.0
Sandown-Hillside,1100,2.0,1.0,2.354392226529234,20,0.42473806561711536
Sandown-Hillside,1100,3.0,3.0,1.9897211807290203,30,1.5077489394271917
Sandown-Hillside,1100,4.0,0.0,0.4738177021767918,8,0.0
Sandown-Hillside,1200,0.0,0.0,0.9294083186478546,5,0.0
Sandown-Hillside,1200,1.0,0.0,0.2786161749382675,5,0.0
Sandown-Hillside,1200,2.0,0.0,1.1890657293170883,12,0.0
Sandown-Hillside,1200,3.0,5.0,2.4109669299021568,21,2.073856732743702
Sandown-Hillside,1200,4.0,0.0,0.19194284719463317,6,0.0
Sandown-Hillside,1300,0.0,35.0,21.69834683538383,190,1.6130261104926646
Sandown-Hillside,1300,1.0,19.0,17.888334170572747,158,1.0621447373929318
Sandown-Hillside,1300,2.0,63.0,55.88556207223911,515,1.1273036838846604
Sandown-Hillside,1300,3.0,57.0,72.70402306313426,803,0.7840006315813184
Sandown-Hillside,1300,4.0,15.0,20.65407790661307,311,0.7262488341441409
Sandown-Hillside,1300,5.0,1.0,1.1009442009232813,20,0.9083112469836103
Sandown-Hillside,1400,0.0,31.0,18.397650276010484,162,1.684997786941427
Sandown-Hillside,1400,1.0,15.0,13.25972274677986,128,1.131245372656285
Sandown-Hillside,1400,2.0,51.0,51.10895572348406,433,0.9978681676833011
Sandown-Hillside,1400,3.0,50.0,54.8010368501459,661,0.9123914961084698
Sandown-Hillside,1400,4.0,15.0,23.758779109563232,314,0.6313455725493191
Sandown-Hillside,1400,5.0,0.0,0.6738552940164708,22,0.0
Sandown-Hillside,1500,0.0,9.0,7.4302189152282665,61,1.2112698296889288
Sandown-Hillside,1500,1.0,2.0,5.0365242561270644,42,0.3970992490638653
Sandown-Hillside,1500,2.0,22.0,14.927714244932938,152,1.4737688328584986
Sandown-Hillside,1500,3.0,20.0,22.891191865768864,255,0.873698500160129
Sandown-Hillside,1500,4.0,8.0,9.76006902394336,118,0.8196663343644838
Sandown-Hillside,1500,5.0,0.0,0.9542816939995071,19,0.0
Sandown-Hillside,1600,0.0,19.0,12.06968813770671,108,1.5741914607256853
Sandown-Hillside,1600,1.0,7.0,9.002869835526381,82,0.7775298463582333
Sandown-Hillside,1600,2.0,32.0,27.29968912021178,266,1.1721745203431004
Sandown-Hillside,1600,3.0,35.0,42.594194407171436,436,0.8217082277792105
Sandown-Hillside,1600,4.0,13.0,14.930760432825391,218,0.8706857268581847
Sandown-Hillside,1600,5.0,2.0,2.1027980665583046,24,0.9511136764898417
Sandown-Hillside,1700,0.0,0.0,0.1436240739307644,4,0.0
Sandown-Hillside,1700,1.0,0.0,0.35931065207053126,4,0.0
Sandown-Hillside,1700,2.0,0.0,0.9939743515313986,12,0.0
Sandown-Hillside,1700,3.0,2.0,2.008151005778703,21,0.9959410394162354
Sandown-Hillside,1700,4.0,2.0,0.49493991668860254,11,4.040894525907322
Sandown-Hillside,1800,0.0,21.0,13.179264347133808,112,1.5934121546448095
Sandown-Hillside,1800,1.0,8.0,7.460889552571634,70,1.0722581997266727
Sandown-Hillside,1800,2.0,30.0,29.414093946926723,286,1.0199192283172296
Sandown-Hillside,1800,3.0,30.0,37.48017246807892,451,0.8004232111138329
Sandown-Hillside,1800,4.0,21.0,21.535947567998154,301,0.9751138153403309
Sandown-Hillside,1800,5.0,2.0,2.9092522282749784,41,0.6874618778537076
Sandown-Hillside,2400,0.0,9.0,7.605303457371491,76,1.1833847328309681
Sandown-Hillside,2400,1.0,8.0,7.1990309226997065,66,1.1112606802083194
Sandown-Hillside,2400,2.0,27.0,19.87902836055757,199,1.3582152764353066
Sandown-Hillside,2400,3.0,18.0,25.466786341354606,286,0.7068029612660802
Sandown-Hillside,2400,4.0,13.0,13.561312491609508,165,0.9586092797465735
Sandown-Hillside,2400,5.0,1.0,2.1334218309760127,22,0.46873055552380516
Sandown-Hillside,3000,0.0,2.0,0.7256021588859143,8,2.756331380092349
Sandown-Hillside,3000,1.0,2.0,1.2425251999544136,8,1.6096253018235582
Sandown-Hillside,3000,2.0,1.0,2.6251221603252324,19,0.38093465329480425
Sandown-Hillside,3000,3.0,2.0,2.5837867120619,28,0.7740577001435116
Sandown-Hillside,3000,4.0,1.0,0.8229637687725397,14,1.2151203223581908
Sandown-Hillside,3200,0.0,0.0,0.2669255949937782,2,0.0
Sandown-Hillside,3200,1.0,1.0,0.5492522283040957,4,1.820657156162407
Sandown-Hillside,3200,2.0,0.0,0.17977937524104384,3,0.0
Sandown-Hillside,3200,3.0,1.0,0.45774314197576427,4,2.184631310222767
Sandown-Hillside,3200,4.0,0.0,0.5462996594853179,6,0.0
Sandown-Lakeside,1000,0.0,3.0,1.2332847587881826,11,2.432528236988658
Sandown-Lakeside,1000,1.0,2.0,1.817554177742062,13,1.1003798535923641
Sandown-Lakeside,1000,2.0,3.0,4.594196921938288,43,0.6529976949125426
Sandown-Lakeside,1000,3.0,3.0,3.1627745917263232,38,0.9485342420063275
Sandown-Lakeside,1000,4.0,0.0,0.1921895498051447,5,0.0
Sandown-Lakeside,1100,0.0,0.0,0.03994215250453539,1,0.0
Sandown-Lakeside,1100,2.0,1.0,0.0931983558439159,1,10.729803020074213
Sandown-Lakeside,1100,3.0,0.0,0.6208422820716635,10,0.0
Sandown-Lakeside,1100,4.0,0.0,0.24601720957988515,4,0.0
Sandown-Lakeside,1200,0.0,35.0,21.3805083193332,169,1.6370050457758039
Sandown-Lakeside,1200,1.0,23.0,16.348495852249425,139,1.4068572551177778
Sandown-Lakeside,1200,2.0,54.0,54.63096752602856,501,0.9884503688182359
Sandown-Lakeside,1200,3.0,38.0,59.278838835113696,647,0.6410381975547533
Sandown-Lakeside,1200,4.0,18.0,16.791406483652665,250,1.0719769078024504
Sandown-Lakeside,1200,5.0,1.0,0.5697829836224486,7,1.7550541675400808
Sandown-Lakeside,1300,0.0,14.0,6.677424758385952,58,2.09661666084936
Sandown-Lakeside,1300,1.0,4.0,4.988496782006073,42,0.8018447590120407
Sandown-Lakeside,1300,2.0,16.0,16.782303248978558,159,0.9533852274403294
Sandown-Lakeside,1300,3.0,21.0,21.14424543572004,242,0.993178028690664
Sandown-Lakeside,1300,4.0,3.0,8.32196625327215,119,0.36049172860084805
Sandown-Lakeside,1300,5.0,0.0,0.08556352163722986,2,0.0
Sandown-Lakeside,1400,0.0,31.0,15.333943722154228,130,2.021658652314715
Sandown-Lakeside,1400,1.0,5.0,9.689683193792225,83,0.516012742625403
Sandown-Lakeside,1400,2.0,42.0,37.428234268355915,338,1.1221475129942031
Sandown-Lakeside,1400,3.0,39.0,45.9815867388821,532,0.8481655977091704
Sandown-Lakeside,1400,4.0,13.0,20.30713310743741,297,0.6401691430898634
Sandown-Lakeside,1400,5.0,0.0,1.2594189693781208,30,0.0
Sandown-Lakeside,1500,0.0,5.0,2.84762503763025,18,1.7558491493532182
Sandown-Lakeside,1500,1.0,2.0,1.8361351668681591,14,1.08924442823637
Sandown-Lakeside,1500,2.0,5.0,4.638774347180142,41,1.0778709257628456
Sandown-Lakeside,1500,3.0,4.0,6.802050315370904,73,0.5880579846580989
Sandown-Lakeside,1500,4.0,2.0,1.7487036837743233,21,1.1437043442850707
Sandown-Lakeside,1500,5.0,0.0,0.11755790789422288,2,0.0
Sandown-Lakeside,1600,0.0,16.0,11.217871359719558,103,1.426295549925079
Sandown-Lakeside,1600,1.0,6.0,7.2090420703578015,59,0.8322881100487469
Sandown-Lakeside,1600,2.0,26.0,26.091162792653225,243,0.9965059896571994
Sandown-Lakeside,1600,3.0,39.0,35.92833886877711,372,1.0854941037614256
Sandown-Lakeside,1600,4.0,15.0,21.023758453308528,277,0.713478516855745
Sandown-Lakeside,1600,5.0,1.0,1.5298264551837797,30,0.6536689155894281
Sandown-Lakeside,2100,0.0,17.0,8.01941033423664,81,2.119856609334882
Sandown-Lakeside,2100,1.0,3.0,3.0764421219891984,34,0.9751524264205004
Sandown-Lakeside,2100,2.0,25.0,20.429630001189768,188,1.2237128131319102
Sandown-Lakeside,2100,3.0,22.0,26.999828218439625,294,0.8148199989278089
Sandown-Lakeside,2100,4.0,13.0,19.045608550811785,233,0.6825720462182815
Sandown-Lakeside,2100,5.0,1.0,2.8574850076864178,47,0.3499580915770602
Sandown-Lakeside,2125,0.0,0.0,0.2132632289204754,2,0.0
Sandown-Lakeside,2125,1.0,0.0,0.2030780215862292,3,0.0
Sandown-Lakeside,2125,2.0,1.0,0.3109099553722546,4,3.216365326104445
Sandown-Lakeside,2125,3.0,1.0,0.769473997446702,8,1.2995890742484324
Sandown-Lakeside,2125,4.0,0.0,0.5032747966743389,6,0.0
Sandown-Lakeside,2400,0.0,8.0,3.2159192579618967,33,2.4876246442424788
Sandown-Lakeside,2400,1.0,2.0,2.1387244089400106,18,0.9351368468232123
Sandown-Lakeside,2400,2.0,7.0,7.592389365269524,75,0.9219758976035478
Sandown-Lakeside,2400,3.0,10.0,10.182884803914106,118,0.9820399810627526
Sandown-Lakeside,2400,4.0,5.0,8.675088896709076,87,0.5763629698246397
Sandown-Lakeside,2400,5.0,1.0,1.1949932672053856,19,0.8368247984681978
Sandown-Lakeside,3000,0.0,0.0,0.7176937348752278,5,0.0
Sandown-Lakeside,3000,1.0,0.0,0.3926059491116378,4,0.0
Sandown-Lakeside,3000,2.0,3.0,1.5980185593658798,12,1.8773248798752686
Sandown-Lakeside,3000,3.0,1.0,1.4892991202166055,18,0.6714567855613577
Sandown-Lakeside,3000,4.0,1.0,0.7940564750528852,10,1.2593562692545246
Sandown-Lakeside,3000,5.0,0.0,0.008326161377763527,1,0.0
Sandown-Lakeside,3200,0.0,0.0,0.44471243703333657,3,0.0
Sandown-Lakeside,3200,1.0,0.0,0.34458489838366907,2,0.0
Sandown-Lakeside,3200,2.0,0.0,0.9730987305077042,7,0.0
Sandown-Lakeside,3200,3.0,3.0,1.1708747402417017,11,2.562186967481009
Sandown-Lakeside,3200,4.0,0.0,0.06672919383358841,2,0.0
Sapphire Coast,1000,0.0,10.0,7.640720971742777,42,1.3087770168525201
Sapphire Coast,1000,1.0,14.0,11.130534848590566,79,1.2578011919860965
Sapphire Coast,1000,2.0,15.0,15.57948635316261,150,0.9628045276958072
Sapphire Coast,1000,3.0,3.0,7.110990369924027,103,0.42188216323404354
Sapphire Coast,1000,4.0,0.0,0.48593782991153467,11,0.0
Sapphire Coast,1000,5.0,0.0,0.05232962666848589,1,0.0
Sapphire Coast,1005,0.0,1.0,1.0173257378359415,9,0.9829693310691255
Sapphire Coast,1005,1.0,1.0,1.804314960189143,17,0.554226962622519
Sapphire Coast,1005,2.0,6.0,3.6439223208152054,36,1.6465773613576102
Sapphire Coast,1005,3.0,1.0,2.3520753256849867,24,0.42515645187033857
Sapphire Coast,1005,4.0,0.0,0.18236165547472363,3,0.0
Sapphire Coast,1007,0.0,0.0,0.3766979419625411,7,0.0
Sapphire Coast,1007,1.0,2.0,1.220884574742152,8,1.6381564984735724
Sapphire Coast,1007,2.0,5.0,4.177849954222361,35,1.1967878346006011
Sapphire Coast,1007,3.0,0.0,0.9845766420321281,16,0.0
Sapphire Coast,1007,4.0,0.0,0.23999088704081825,3,0.0
Sapphire Coast,1008,0.0,6.0,2.8187021815770334,11,2.1286392153154203
Sapphire Coast,1008,1.0,2.0,1.3156546121165154,16,1.5201558080525153
Sapphire Coast,1008,2.0,1.0,3.976597079177202,36,0.25147129067622565
Sapphire Coast,1008,3.0,2.0,2.8378991983735378,40,0.7047466665293269
Sapphire Coast,1008,4.0,0.0,0.05114692875571155,2,0.0
Sapphire Coast,1010,0.0,1.0,0.6938452695271343,6,1.4412435220341195
Sapphire Coast,1010,1.0,2.0,2.5919074653698395,15,0.7716324856198599
Sapphire Coast,1010,2.0,3.0,2.0989097709411695,19,1.429313466226218
Sapphire Coast,1010,3.0,0.0,0.44754267142980303,13,0.0
Sapphire Coast,1010,4.0,0.0,0.1677948227320534,6,0.0
Sapphire Coast,1012,0.0,2.0,0.6240143899611602,5,3.2050542938993503
Sapphire Coast,1012,1.0,1.0,0.9957498744821387,8,1.0042682661848907
Sapphire Coast,1012,2.0,1.0,2.0043395210045682,18,0.49891746858276953
Sapphire Coast,1012,3.0,1.0,1.0920758848685879,16,0.9156872831418051
Sapphire Coast,1012,4.0,0.0,0.2838203296835452,3,0.0
Sapphire Coast,1200,0.0,21.0,9.72141812863954,64,2.1601786613964764
Sapphire Coast,1200,1.0,8.0,7.1660783403163455,61,1.1163707149267421
Sapphire Coast,1200,2.0,20.0,20.51677503653266,181,0.9748120727739872
Sapphire Coast,1200,3.0,14.0,21.37622473438106,236,0.6549332341871715
Sapphire Coast,1200,4.0,1.0,5.039173458136636,88,0.1984452427183913
Sapphire Coast,1200,5.0,0.0,0.1803303019937563,6,0.0
Sapphire Coast,1205,0.0,5.0,1.0136067276302272,7,4.9328796501674805
Sapphire Coast,1205,1.0,0.0,0.7780276682327656,7,0.0
Sapphire Coast,1205,2.0,1.0,2.69682457821965,20,0.3708064692365587
Sapphire Coast,1205,3.0,1.0,1.925949833429136,23,0.5192243238337674
Sapphire Coast,1205,4.0,0.0,0.5855911924882213,7,0.0
Sapphire Coast,1207,0.0,2.0,0.9047803603388795,4,2.210481225798174
Sapphire Coast,1207,1.0,0.0,0.5468769539284382,3,0.0
Sapphire Coast,1207,2.0,2.0,1.3042879865043864,15,1.533403681314421
Sapphire Coast,1207,3.0,0.0,1.21894829819001,16,0.0
Sapphire Coast,1207,4.0,0.0,0.025106401038285885,2,0.0
Sapphire Coast,1208,0.0,3.0,2.638413795335997,15,1.137046813999832
Sapphire Coast,1208,1.0,2.0,2.006833432659464,18,0.9965949178699857
Sapphire Coast,1208,2.0,3.0,4.503389926321805,34,0.6661648333992441
Sapphire Coast,1208,3.0,6.0,4.74549870817558,63,1.2643560495892994
Sapphire Coast,1208,4.0,1.0,1.0398173549391447,21,0.961707356825685
Sapphire Coast,1208,5.0,0.0,0.06604678256800908,2,0.0
Sapphire Coast,1209,0.0,3.0,0.5330148285394508,4,5.628361237567252
Sapphire Coast,1209,1.0,0.0,0.7762614644406511,6,0.0
Sapphire Coast,1209,2.0,0.0,1.359078791822414,10,0.0
Sapphire Coast,1209,3.0,1.0,1.2682819000827688,15,0.7884682419064243
Sapphire Coast,1209,4.0,0.0,0.06336301511471518,1,0.0
Sapphire Coast,1210,0.0,0.0,0.3000501090572074,2,0.0
Sapphire Coast,1210,1.0,1.0,0.5023241959458384,3,1.990746231359761
Sapphire Coast,1210,2.0,0.0,0.7729995654359268,5,0.0
Sapphire Coast,1210,3.0,1.0,0.39821829105212897,5,2.511185504206522
Sapphire Coast,1210,4.0,0.0,0.026407838508898152,1,0.0
Sapphire Coast,1212,0.0,2.0,1.2867232684016356,10,1.554335768315121
Sapphire Coast,1212,1.0,0.0,0.9413253854227247,7,0.0
Sapphire Coast,1212,2.0,2.0,2.11043102951934,23,0.9476737083682422
Sapphire Coast,1212,3.0,5.0,3.8621218741434107,47,1.2946251213548154
Sapphire Coast,1212,4.0,1.0,1.4182981189989576,20,0.7050703844307467
Sapphire Coast,1212,5.0,0.0,0.2409305464672113,5,0.0
Sapphire Coast,1400,0.0,10.0,5.821016975648825,52,1.7179128736152458
Sapphire Coast,1400,1.0,6.0,5.877531200741243,48,1.0208367756930516
Sapphire Coast,1400,2.0,14.0,13.38827100842827,124,1.0456914108764777
Sapphire Coast,1400,3.0,19.0,22.114360972387143,212,0.8591702027349624
Sapphire Coast,1400,4.0,3.0,4.2429752100605365,80,0.7070510317587261
Sapphire Coast,1400,5.0,0.0,0.43980381148579883,9,0.0
Sapphire Coast,1405,0.0,1.0,1.5542775577129697,10,0.6433857292975668
Sapphire Coast,1405,1.0,0.0,0.6365246584581277,6,0.0
Sapphire Coast,1405,2.0,1.0,2.514686905225541,21,0.39766381966756637
Sapphire Coast,1405,3.0,5.0,3.276391207116908,37,1.5260692890211356
Sapphire Coast,1405,4.0,3.0,1.6645293914358525,28,1.8023112210786179
Sapphire Coast,1405,5.0,0.0,0.3535902800506011,5,0.0
Sapphire Coast,1407,0.0,0.0,0.4362644660976264,2,0.0
Sapphire Coast,1407,1.0,0.0,0.1615064263484382,2,0.0
Sapphire Coast,1407,2.0,0.0,0.30031765600760796,2,0.0
Sapphire Coast,1407,3.0,0.0,0.38484838832934193,5,0.0
Sapphire Coast,1407,4.0,1.0,0.35949294004054644,5,2.7816957959931345
Sapphire Coast,1407,5.0,1.0,0.35757012317643894,3,2.7966542369832204
Sapphire Coast,1408,0.0,2.0,1.5341247034411951,13,1.303674985165026
Sapphire Coast,1408,1.0,0.0,1.1990437267115466,13,0.0
Sapphire Coast,1408,2.0,4.0,3.495058381575621,28,1.1444730139805974
Sapphire Coast,1408,3.0,6.0,4.706739349264046,51,1.274767849836038
Sapphire Coast,1408,4.0,1.0,1.8365985135249099,24,0.5444848139840537
Sapphire Coast,1408,5.0,0.0,0.2284353254826811,1,0.0
Sapphire Coast,1410,0.0,0.0,0.5935951001494484,5,0.0
Sapphire Coast,1410,1.0,0.0,0.5890663130691526,5,0.0
Sapphire Coast,1410,2.0,3.0,1.3996044639822827,14,2.1434627262220394
Sapphire Coast,1410,3.0,2.0,2.02798390410085,19,0.9862011212000928
Sapphire Coast,1410,4.0,0.0,0.10718280447488551,4,0.0
Sapphire Coast,1410,5.0,0.0,0.282567414223381,4,0.0
Sapphire Coast,1412,0.0,2.0,0.5800867582126645,4,3.447760135332694
Sapphire Coast,1412,1.0,0.0,0.265605725630187,4,0.0
Sapphire Coast,1412,2.0,0.0,1.2657679325061841,10,0.0
Sapphire Coast,1412,3.0,2.0,1.7213386259578392,14,1.1618864352660998
Sapphire Coast,1412,4.0,0.0,0.16720095769312507,5,0.0
Sapphire Coast,1413,0.0,0.0,0.04763166164393895,2,0.0
Sapphire Coast,1413,1.0,0.0,0.23540720302893886,2,0.0
Sapphire Coast,1413,2.0,1.0,1.1055018237551457,9,0.9045665764740403
Sapphire Coast,1413,3.0,1.0,0.5409052837142184,7,1.848752508264163
Sapphire Coast,1413,4.0,0.0,0.05908238499769236,3,0.0
Sapphire Coast,1413,5.0,0.0,0.011471642860065582,1,0.0
Sapphire Coast,1600,0.0,10.0,5.624323362374964,47,1.7779916544089551
Sapphire Coast,1600,1.0,4.0,4.438303191891466,37,0.9012453244086115
Sapphire Coast,1600,2.0,15.0,12.897577678303058,123,1.1630090838866387
Sapphire Coast,1600,3.0,15.0,17.16446801580643,181,0.8738983338246653
Sapphire Coast,1600,4.0,3.0,6.571844646422229,92,0.45649283593963635
Sapphire Coast,1600,5.0,0.0,0.30348310520185046,3,0.0
Sapphire Coast,1605,0.0,1.0,0.5629684742396815,7,1.776298399924707
Sapphire Coast,1605,1.0,0.0,0.9050295543391934,5,0.0
Sapphire Coast,1605,2.0,2.0,1.8201938850588415,18,1.0987840451597528
Sapphire Coast,1605,3.0,3.0,2.6905486534787184,24,1.1150142169409125
Sapphire Coast,1605,4.0,1.0,0.8764607265438438,12,1.140952434849317
Sapphire Coast,1605,5.0,0.0,0.1447987063397213,5,0.0
Sapphire Coast,1607,0.0,1.0,0.7342245677067649,4,1.361981121284654
Sapphire Coast,1607,1.0,0.0,0.30900419569279514,2,0.0
Sapphire Coast,1607,2.0,3.0,1.3993479103206008,12,2.1438557044135496
Sapphire Coast,1607,3.0,0.0,1.0244477256470543,16,0.0
Sapphire Coast,1607,4.0,0.0,0.532975600632785,9,0.0
Sapphire Coast,1608,0.0,0.0,1.3050005022270632,11,0.0
Sapphire Coast,1608,1.0,0.0,1.0169625990289246,6,0.0
Sapphire Coast,1608,2.0,6.0,3.434240790481339,26,1.7471110402713048
Sapphire Coast,1608,3.0,5.0,2.896864393969625,36,1.726004161744144
Sapphire Coast,1608,4.0,0.0,2.3190649829601595,26,0.0
Sapphire Coast,1608,5.0,0.0,0.027866731332888688,2,0.0
Sapphire Coast,1610,0.0,1.0,0.7853695296676538,5,1.273285965681877
Sapphire Coast,1610,1.0,0.0,0.48025955555088773,5,0.0
Sapphire Coast,1610,2.0,1.0,1.5999612016340394,13,0.6250151559792204
Sapphire Coast,1610,3.0,2.0,1.4726775038371949,18,1.3580705855754696
Sapphire Coast,1610,4.0,1.0,0.661732209310224,11,1.5111853192734555
Sapphire Coast,1612,0.0,1.0,0.47750225715284866,5,2.094230938221303
Sapphire Coast,1612,1.0,0.0,0.4592164605295572,5,0.0
Sapphire Coast,1612,2.0,0.0,0.6700444933022774,9,0.0
Sapphire Coast,1612,3.0,2.0,1.7882277839481395,20,1.1184257497578407
Sapphire Coast,1612,4.0,2.0,1.5209349172007833,17,1.3149806591862037
Sapphire Coast,1612,5.0,0.0,0.08407408786639395,3,0.0
Sapphire Coast,1613,0.0,0.0,0.2260970378521614,3,0.0
Sapphire Coast,1613,1.0,0.0,0.18719898056650938,3,0.0
Sapphire Coast,1613,2.0,0.0,1.2484128253670672,9,0.0
Sapphire Coast,1613,3.0,3.0,0.9645328104556505,11,3.11031409971713
Sapphire Coast,1613,4.0,0.0,0.37375834575861144,7,0.0
Sapphire Coast,2200,0.0,1.0,1.032246552106722,12,0.9687608042469025
Sapphire Coast,2200,1.0,1.0,1.2093033771661434,12,0.8269223578481848
Sapphire Coast,2200,2.0,5.0,3.7224894391287133,31,1.3431871551985655
Sapphire Coast,2200,3.0,4.0,4.16605732999142,36,0.960140411703897
Sapphire Coast,2200,4.0,1.0,1.667614421199927,17,0.5996590022773087
Sapphire Coast,2200,5.0,0.0,0.07629496208072734,2,0.0
Sapphire Coast,2208,0.0,0.0,0.0752706686860665,1,0.0
Sapphire Coast,2208,1.0,0.0,0.041398867777336576,1,0.0
Sapphire Coast,2208,2.0,0.0,0.38531413732153086,2,0.0
Sapphire Coast,2208,3.0,1.0,0.41521859066039296,4,2.4083700067704807
Sapphire Coast,2208,4.0,0.0,0.08279773555467315,1,0.0
Scone,900,0.0,4.0,3.0173759085798197,16,1.3256551789341584
Scone,900,1.0,9.0,7.473973867736754,54,1.2041786818188798
Scone,900,2.0,3.0,4.5506627153594845,61,0.6592446392202046
Scone,900,3.0,0.0,0.5594565486248623,18,0.0
Scone,900,4.0,0.0,0.30882014852200723,1,0.0
Scone,900,5.0,0.0,0.015085989906126132,1,0.0
Scone,1000,0.0,8.0,4.482098714788438,30,1.7848781361294968
Scone,1000,1.0,10.0,6.685021248198908,51,1.4958815579971747
Scone,1000,2.0,6.0,12.018639872738683,131,0.49922454317060605
Scone,1000,3.0,4.0,6.164434825915637,103,0.6488834926413319
Scone,1000,4.0,2.0,0.6498053383583342,6,3.07784482819546
Scone,1100,0.0,24.0,10.26521961529285,73,2.3379918695792385
Scone,1100,1.0,8.0,9.962406128145233,91,0.803018858807497
Scone,1100,2.0,27.0,27.395561497982342,306,0.9855611100355992
Scone,1100,3.0,13.0,21.205690595790884,299,0.6130429915157005
Scone,1100,4.0,0.0,2.9295619940141338,68,0.0
Scone,1100,5.0,0.0,0.24156016877455766,2,0.0
Scone,1200,0.0,4.0,2.4005210998817224,25,1.6663048703038215
Scone,1200,1.0,2.0,3.171289902351492,27,0.6306582058351121
Scone,1200,2.0,11.0,8.94313332282666,80,1.2299939632928591
Scone,1200,3.0,7.0,8.151430568009545,101,0.8587449701739033
Scone,1200,4.0,1.0,2.307496346669675,36,0.4333701335836407
Scone,1200,5.0,0.0,0.026128760260904882,1,0.0
Scone,1250,0.0,0.0,0.18548460613329149,4,0.0
Scone,1250,1.0,0.0,0.1574423504372654,4,0.0
Scone,1250,2.0,3.0,1.4372421152247166,11,2.0873309849613904
Scone,1250,3.0,1.0,1.7333657591719929,14,0.5769122845011588
Scone,1250,4.0,0.0,0.4664203246621573,11,0.0
Scone,1250,5.0,0.0,0.02004484437057641,1,0.0
Scone,1300,0.0,10.0,5.500634447385957,45,1.8179721076997322
Scone,1300,1.0,5.0,3.2379920445066555,40,1.5441668575074607
Scone,1300,2.0,12.0,13.421848300227252,127,0.8940646423337106
Scone,1300,3.0,12.0,14.806051337999648,171,0.8104794266923867
Scone,1300,4.0,6.0,7.471910364840428,119,0.8030074916628283
Scone,1300,5.0,0.0,0.2744122933225821,11,0.0
Scone,1350,0.0,1.0,0.5479384075988485,3,1.8250226414719783
Scone,1350,1.0,0.0,0.15387811589062947,2,0.0
Scone,1350,2.0,1.0,0.711596264069355,8,1.405291245180759
Scone,1350,3.0,1.0,0.8745617755601793,8,1.1434298044406002
Scone,1350,4.0,0.0,0.545338358030858,11,0.0
Scone,1350,5.0,0.0,0.16668707885012987,5,0.0
Scone,1400,0.0,9.0,3.5083434765121813,42,2.565313248333184
Scone,1400,1.0,2.0,3.2791553906288065,28,0.6099131519401655
Scone,1400,2.0,8.0,12.028596905215426,112,0.6650817267416548
Scone,1400,3.0,16.0,14.437598092704487,170,1.1082175786625488
Scone,1400,4.0,7.0,7.6750777372869115,116,0.9120428795128338
Scone,1400,5.0,0.0,1.0314283055496576,21,0.0
Scone,1450,0.0,0.0,0.09008901579238003,2,0.0
Scone,1450,2.0,1.0,0.5840802314850325,6,1.7120935551225307
Scone,1450,3.0,1.0,0.5993898775023392,8,1.6683631765137665
Scone,1450,4.0,0.0,0.7264408752202482,6,0.0
Scone,1600,0.0,6.0,3.4414438660838957,48,1.7434542690442163
Scone,1600,1.0,8.0,5.736171491263363,38,1.3946584428629138
Scone,1600,2.0,13.0,10.752613002825075,127,1.2090084518604418
Scone,1600,3.0,16.0,18.825226491685136,199,0.849923373143319
Scone,1600,4.0,5.0,8.744604712083094,126,0.5717811341536244
Scone,1600,5.0,0.0,0.49994043605943556,12,0.0
Scone,1700,0.0,1.0,0.7742764535173947,13,1.2915283623274154
Scone,1700,1.0,1.0,1.1057199924357248,10,0.904388097204573
Scone,1700,2.0,6.0,3.165537575478163,26,1.8954126611792577
Scone,1700,3.0,4.0,4.582289622462464,54,0.8729260543445202
Scone,1700,4.0,1.0,2.5710040854526577,30,0.38895309644128295
Scone,1700,5.0,0.0,0.8011722706535952,9,0.0
Scone,2200,0.0,0.0,0.3913611638190216,10,0.0
Scone,2200,1.0,1.0,0.5720321840729303,7,1.7481533868949348
Scone,2200,2.0,2.0,2.709585112603684,18,0.7381203825991529
Scone,2200,3.0,3.0,3.500143285357195,31,0.8571077682877903
Scone,2200,4.0,4.0,2.7871398217295202,30,1.4351630186668771
Scone,2200,5.0,0.0,0.039738432417648906,2,0.0
Seymour,1000,0.0,8.0,5.482066625521441,59,1.4593036798853314
Seymour,1000,1.0,16.0,13.796612309919864,108,1.15970497978666
Seymour,1000,2.0,23.0,26.757963571249803,282,0.8595571908436425
Seymour,1000,3.0,12.0,12.366341088999288,157,0.9703759514344001
Seymour,1000,4.0,0.0,0.5970164043096031,17,0.0
Seymour,1100,0.0,8.0,4.389164844865758,33,1.8226702078319137
Seymour,1100,1.0,6.0,3.6180256361978365,43,1.6583630419781568
Seymour,1100,2.0,11.0,12.532531350786478,122,0.8777157377156448
Seymour,1100,3.0,7.0,10.668742695353162,127,0.6561223004327299
Seymour,1100,4.0,1.0,1.791535472796766,31,0.5581804073568802
Seymour,1200,0.0,17.0,11.06567751108972,88,1.5362818935363933
Seymour,1200,1.0,11.0,11.259416816866764,103,0.976960013019666
Seymour,1200,2.0,29.0,29.39240701972448,309,0.986649374463917
Seymour,1200,3.0,26.0,31.354876153783177,382,0.8292171167406421
Seymour,1200,4.0,5.0,4.9276224985358565,88,1.014688118151431
Seymour,1300,0.0,4.0,8.033419879055485,54,0.49791994694920555
Seymour,1300,1.0,4.0,6.338330828063849,59,0.6310809751818948
Seymour,1300,2.0,23.0,18.000983453476564,185,1.2777079685364616
Seymour,1300,3.0,15.0,16.122870131468627,232,0.9303554440175631
Seymour,1300,4.0,8.0,5.435036541441449,91,1.4719312260370352
Seymour,1300,5.0,0.0,0.0693591664940244,4,0.0
Seymour,1400,0.0,7.0,4.461373276453017,28,1.5690236091532113
Seymour,1400,1.0,1.0,1.6052156255574213,20,0.6229692659842778
Seymour,1400,2.0,5.0,7.556122868259902,84,0.661715020675868
Seymour,1400,3.0,13.0,9.775180671806305,121,1.329898693074263
Seymour,1400,4.0,2.0,4.192706953048725,67,0.47701879058008123
Seymour,1400,5.0,0.0,0.409400604874628,4,0.0
Seymour,1411,0.0,0.0,0.551679517374709,9,0.0
Seymour,1411,1.0,2.0,0.7198273367361341,6,2.7784440766982663
Seymour,1411,2.0,4.0,4.201499967255005,30,0.9520409451801918
Seymour,1411,3.0,3.0,2.8275590427864006,37,1.060985802455134
Seymour,1411,4.0,0.0,0.673224128672626,12,0.0
Seymour,1411,5.0,0.0,0.026210007175125515,1,0.0
Seymour,1414,0.0,0.0,0.5248975322493226,6,0.0
Seymour,1414,1.0,0.0,0.6108456927537963,7,0.0
Seymour,1414,2.0,1.0,1.1206600459647373,13,0.8923312681671761
Seymour,1414,3.0,2.0,1.984214359337359,28,1.0079556125518176
Seymour,1414,4.0,3.0,1.5806782301837208,20,1.897919477040759
Seymour,1414,5.0,0.0,0.1787041395110638,3,0.0
Seymour,1418,0.0,0.0,0.1206942246658759,1,0.0
Seymour,1418,1.0,0.0,0.04023140822195863,1,0.0
Seymour,1418,2.0,0.0,0.2349496659771245,4,0.0
Seymour,1418,3.0,1.0,0.59027454420617,5,1.6941269275720654
Seymour,1418,4.0,0.0,0.013850156928871005,1,0.0
Seymour,1422,0.0,1.0,0.6400590522471239,6,1.5623558427760578
Seymour,1422,1.0,0.0,0.4043428595973964,6,0.0
Seymour,1422,2.0,3.0,2.241533325691145,13,1.3383695730131482
Seymour,1422,3.0,1.0,1.0858654935679768,17,0.9209243740807742
Seymour,1422,4.0,0.0,1.3937087860681276,20,0.0
Seymour,1422,5.0,1.0,0.23449048282822987,4,4.2645654012854965
Seymour,1425,0.0,1.0,0.49203236856544963,6,2.032386614961046
Seymour,1425,1.0,0.0,0.39208687309808715,6,0.0
Seymour,1425,2.0,2.0,2.429064717451804,16,0.8233621713043892
Seymour,1425,3.0,3.0,1.9247504354013198,23,1.5586436271539201
Seymour,1425,4.0,0.0,0.7620656054833393,11,0.0
Seymour,1429,0.0,2.0,1.1965463935278846,6,1.6714771870259215
Seymour,1429,1.0,0.0,0.3243671897736992,4,0.0
Seymour,1429,2.0,3.0,2.329208555381455,15,1.2879911474946002
Seymour,1429,3.0,1.0,1.5595250883666736,22,0.6412208482309977
Seymour,1429,4.0,0.0,0.5903527729502873,7,0.0
Seymour,1600,0.0,6.0,8.570280891561907,87,0.7000937397404857
Seymour,1600,1.0,8.0,6.518460093870479,73,1.2272837272598573
Seymour,1600,2.0,29.0,26.25744349125566,241,1.1044487255454887
Seymour,1600,3.0,35.0,32.087310541223765,356,1.0907738732117855
Seymour,1600,4.0,9.0,12.334813006868497,188,0.7296421919804098
Seymour,1600,5.0,0.0,1.1992907266262216,21,0.0
Seymour,2000,0.0,1.0,1.258360982359477,20,0.7946845253616813
Seymour,2000,1.0,1.0,1.660033966527292,18,0.6023973124429194
Seymour,2000,2.0,5.0,4.543798173673098,49,1.1004009880918895
Seymour,2000,3.0,9.0,7.945847154565624,78,1.1326671435944584
Seymour,2000,4.0,4.0,4.340960614834164,52,0.9214550314810471
Seymour,2000,5.0,0.0,0.2509991080403448,4,0.0
Seymour,2015,0.0,1.0,0.3373670710128607,4,2.9641304262379515
Seymour,2015,1.0,1.0,0.2694651024727511,4,3.71105568336487
Seymour,2015,2.0,0.0,1.235823869077268,12,0.0
Seymour,2015,3.0,1.0,1.082952835175113,17,0.9234012484378421
Seymour,2015,4.0,1.0,1.070361260827118,9,0.9342640065535008
Seymour,2015,5.0,0.0,0.004029861434889147,1,0.0
Seymour,2021,0.0,0.0,0.4634183055088978,5,0.0
Seymour,2021,1.0,0.0,0.18093867514501005,3,0.0
Seymour,2021,2.0,3.0,0.9782736553817218,10,3.0666265860235207
Seymour,2021,3.0,1.0,1.769942371823927,22,0.5649901465263523
Seymour,2021,4.0,1.0,1.5857129820356695,14,0.6306311490975142
Seymour,2021,5.0,0.0,0.02171401010477378,2,0.0
Seymour,2027,0.0,1.0,0.30914942028260456,2,3.2346817894268223
Seymour,2027,1.0,0.0,0.061974493567239004,1,0.0
Seymour,2027,2.0,0.0,0.3745811061423505,4,0.0
Seymour,2027,3.0,0.0,0.6428881236298553,8,0.0
Seymour,2027,4.0,1.0,0.6114068563779507,7,1.6355721064760753
Seymour,2034,0.0,0.0,0.01648927443617881,1,0.0
Seymour,2034,1.0,0.0,0.1401588327075199,1,0.0
Seymour,2034,2.0,0.0,0.16980781654949526,2,0.0
Seymour,2034,3.0,0.0,0.4923098487009688,4,0.0
Seymour,2034,4.0,1.0,0.18123422760583727,3,5.517721532021425
Seymour,2040,0.0,0.0,0.2558379973781355,4,0.0
Seymour,2040,1.0,0.0,0.4897893690036054,2,0.0
Seymour,2040,2.0,2.0,0.6625114487584212,10,3.0188157559361395
Seymour,2040,3.0,0.0,1.5903686305509095,18,0.0
Seymour,2040,4.0,2.0,1.0014925543089286,13,1.9970193401788023
Seymour,2046,0.0,0.0,0.16962473422004792,2,0.0
Seymour,2046,1.0,0.0,0.07962463271873349,1,0.0
Seymour,2046,2.0,0.0,0.44765474831167973,6,0.0
Seymour,2046,3.0,2.0,0.933428490946894,5,2.142638691016543
Seymour,2046,4.0,0.0,0.36966739380264496,5,0.0
Seymour,2200,0.0,2.0,0.871283959750569,5,2.295462894292877
Seymour,2200,1.0,0.0,0.4345351980538261,2,0.0
Seymour,2200,2.0,1.0,2.0185217928807813,18,0.4954120403985464
Seymour,2200,3.0,2.0,1.217791092605121,20,1.6423178097990219
Seymour,2200,4.0,0.0,0.45786795670970254,6,0.0
Seymour,2221,0.0,1.0,0.4188830210522837,3,2.3873013460604864
Seymour,2221,1.0,0.0,0.031019710273243663,2,0.0
Seymour,2221,2.0,1.0,0.8148864763098134,6,1.2271648003393885
Seymour,2221,3.0,1.0,1.3358142994624587,11,0.7486070484515753
Seymour,2221,4.0,0.0,0.20247071810065204,5,0.0
Seymour,2221,5.0,0.0,0.1969257748015486,3,0.0
Seymour,2234,0.0,0.0,0.025385320052174854,1,0.0
Seymour,2234,1.0,0.0,0.025385320052174854,1,0.0
Seymour,2234,2.0,1.0,0.32035969586323565,3,3.1214912890506326
Seymour,2234,3.0,0.0,0.532372759684244,6,0.0
Seymour,2234,4.0,0.0,0.09649690434817067,2,0.0
Seymour,2246,0.0,0.0,0.22591513779247246,2,0.0
Seymour,2246,1.0,0.0,0.163223290944154,2,0.0
Seymour,2246,2.0,0.0,0.4327933516884398,4,0.0
Seymour,2246,3.0,1.0,0.8328936602272172,7,1.2006334634930411
Seymour,2246,4.0,1.0,0.3451745593477167,5,2.8970848891347036
St Arnaud,1100,0.0,4.0,1.5458630031170275,13,2.5875514142809104
St Arnaud,1100,1.0,3.0,2.328817962799737,17,1.2882071711579202
St Arnaud,1100,2.0,4.0,4.721248077537452,34,0.8472335988932725
St Arnaud,1100,3.0,2.0,3.7877353661065225,48,0.5280199926046666
St Arnaud,1100,4.0,0.0,0.6163355904392611,13,0.0
St Arnaud,1200,0.0,4.0,2.134885348770235,14,1.873636915586185
St Arnaud,1200,1.0,4.0,1.2963441461406147,10,3.0856003877585447
St Arnaud,1200,2.0,2.0,4.732007539947473,43,0.42265359535378105
St Arnaud,1200,3.0,4.0,4.687682255975348,54,0.8533001559355339
St Arnaud,1200,4.0,0.0,1.1490807091663295,17,0.0
St Arnaud,1550,0.0,1.0,0.5398470563004881,5,1.8523764987307496
St Arnaud,1550,1.0,0.0,0.3041282839287264,4,0.0
St Arnaud,1550,2.0,2.0,1.0775032949347814,11,1.8561428158983542
St Arnaud,1550,3.0,2.0,2.666171624937747,19,0.7501392563378955
St Arnaud,1550,4.0,0.0,0.40218586057177597,8,0.0
St Arnaud,1550,5.0,0.0,0.010163879326480794,1,0.0
St Arnaud,2000,0.0,3.0,1.919429478718343,16,1.5629644294111729
St Arnaud,2000,1.0,2.0,0.828894850836175,10,2.4128512777977016
St Arnaud,2000,2.0,4.0,5.013479333098531,44,0.7978491052296489
St Arnaud,2000,3.0,7.0,5.679841511856421,57,1.2324287544622163
St Arnaud,2000,4.0,0.0,2.3130518776999995,23,0.0
St Arnaud,2000,5.0,0.0,0.24530294779053047,4,0.0
Stawell,1100,0.0,11.0,3.776297654766624,31,2.9129059744841013
Stawell,1100,1.0,3.0,3.9543310492518566,32,0.758661822349848
Stawell,1100,2.0,14.0,13.600434370440157,115,1.0293788873705592
Stawell,1100,3.0,3.0,8.71704214067391,112,0.34415343548724336
Stawell,1100,4.0,0.0,0.9438182279676519,28,0.0
Stawell,1102,0.0,1.0,1.141790242577442,5,0.8758176087953168
Stawell,1102,1.0,0.0,0.5735469914940352,5,0.0
Stawell,1102,2.0,4.0,1.9689415825646848,17,2.0315483381633492
Stawell,1102,3.0,0.0,0.9758683962315191,19,0.0
Stawell,1102,4.0,0.0,0.33985278713231876,7,0.0
Stawell,1107,0.0,0.0,0.647578590949681,5,0.0
Stawell,1107,1.0,0.0,0.8594050199699084,6,0.0
Stawell,1107,2.0,3.0,1.9735846707548403,13,1.5200766627623759
Stawell,1107,3.0,1.0,1.2435914841999822,16,0.804122585837191
Stawell,1107,4.0,1.0,0.27584023412558806,7,3.625286946155604
Stawell,1300,0.0,16.0,8.298415411488852,52,1.9280789411733457
Stawell,1300,1.0,8.0,4.707468042350465,45,1.699427362656201
Stawell,1300,2.0,13.0,16.217823970513635,160,0.8015871934259425
Stawell,1300,3.0,11.0,16.68929359995436,206,0.6591051882525502
Stawell,1300,4.0,4.0,5.242021278973265,94,0.7630644339512229
Stawell,1300,5.0,0.0,0.8339134306700786,13,0.0
Stawell,1302,0.0,0.0,0.06066219897157897,3,0.0
Stawell,1302,1.0,0.0,0.1304126628077085,2,0.0
Stawell,1302,2.0,0.0,0.998721501685853,10,0.0
Stawell,1302,3.0,3.0,1.7278164343942661,15,1.736295557954762
Stawell,1302,4.0,0.0,0.08238720214059332,1,0.0
Stawell,1307,0.0,2.0,0.4074303975443788,5,4.908813903072003
Stawell,1307,1.0,0.0,0.3437171227560953,6,0.0
Stawell,1307,2.0,2.0,0.8959849699360178,10,2.2321803011302968
Stawell,1307,3.0,1.0,2.800203954576461,21,0.35711684442330305
Stawell,1307,4.0,0.0,0.5526635551870469,9,0.0
Stawell,1600,0.0,8.0,4.235261901770516,41,1.8889032568813904
Stawell,1600,1.0,4.0,3.167690093542983,26,1.2627497898716786
Stawell,1600,2.0,13.0,12.633357391796704,105,1.0290217870699494
Stawell,1600,3.0,13.0,15.969931357703828,168,0.8140297981762367
Stawell,1600,4.0,3.0,4.912672630976172,85,0.6106655634010535
Stawell,1600,5.0,0.0,0.06040789012127474,3,0.0
Stawell,1602,0.0,0.0,0.6509767471058572,4,0.0
Stawell,1602,1.0,0.0,0.06367302999265675,2,0.0
Stawell,1602,2.0,1.0,1.1395262446768215,8,0.8775576733501279
Stawell,1602,3.0,3.0,1.1633598301401766,11,2.5787378266606655
Stawell,1602,4.0,0.0,0.982464148084488,13,0.0
Stawell,1607,0.0,0.0,0.32895863006823695,4,0.0
Stawell,1607,1.0,1.0,0.24085181235419315,3,4.151930559398966
Stawell,1607,2.0,1.0,1.1519644920592633,8,0.8680823123396711
Stawell,1607,3.0,1.0,1.3924888147756909,12,0.7181386230101138
Stawell,1607,4.0,1.0,0.8857362507426159,11,1.1290042596332526
Stawell,1850,0.0,1.0,0.43053854307137335,5,2.3226724206065406
Stawell,1850,1.0,1.0,0.3838363664513066,2,2.605276850771929
Stawell,1850,2.0,2.0,1.686235759578817,11,1.1860737673476656
Stawell,1850,3.0,0.0,1.801349027171594,24,0.0
Stawell,1850,4.0,1.0,0.6980403037269091,11,1.4325820366831215
Stawell,1857,0.0,0.0,0.09179250095179343,2,0.0
Stawell,1857,1.0,0.0,0.15194434530820475,1,0.0
Stawell,1857,2.0,1.0,0.7917901079338374,5,1.2629609665236696
Stawell,1857,3.0,1.0,0.5846817895618425,5,1.710332043605112
Stawell,1857,4.0,0.0,0.3797912562443219,4,0.0
Stawell,2000,0.0,3.0,1.915987686727853,20,1.5657720666897585
Stawell,2000,1.0,4.0,1.6980611721155374,18,2.355627739262527
Stawell,2000,2.0,5.0,5.101530806875649,48,0.9800979724088288
Stawell,2000,3.0,7.0,9.168715449339217,87,0.7634657263253256
Stawell,2000,4.0,1.0,1.9906384376469695,43,0.5023513969629001
Stawell,2000,5.0,0.0,0.12506644729477412,7,0.0
Stawell,2004,0.0,0.0,0.1957554004445234,3,0.0
Stawell,2004,1.0,0.0,0.10900630159926408,2,0.0
Stawell,2004,2.0,1.0,0.45915003384539943,4,2.1779373326512927
Stawell,2004,3.0,0.0,0.8650917130404724,7,0.0
Stawell,2004,4.0,1.0,0.752260363106055,8,1.3293269844379907
Stawell,2004,5.0,1.0,0.6187361879642856,8,1.6161976937054818
Stawell,2700,0.0,2.0,2.047108123562203,9,0.9769879651103971
Stawell,2700,1.0,1.0,0.47879107169320984,5,2.088593666677143
Stawell,2700,2.0,1.0,2.402770017114,23,0.41618631532663863
Stawell,2700,3.0,3.0,1.8922765046010077,29,1.5853919829927599
Stawell,2700,4.0,2.0,1.9063037943255494,30,1.049150720862726
Stawell,2700,5.0,0.0,0.2643945012788734,8,0.0
Stawell,3600,0.0,0.0,0.5396968238953144,2,0.0
Stawell,3600,1.0,0.0,0.2589529498859729,3,0.0
Stawell,3600,2.0,2.0,0.673398039641773,6,2.9700116161073744
Stawell,3600,3.0,0.0,0.4666304474136579,7,0.0
Stawell,3600,4.0,0.0,0.06132173916328194,1,0.0
Stony Creek,1000,0.0,8.0,4.346270195370606,23,1.8406586890343664
Stony Creek,1000,1.0,4.0,4.085227702124042,39,0.9791375883210306
Stony Creek,1000,2.0,9.0,9.450468387557176,89,0.9523337501292233
Stony Creek,1000,3.0,2.0,4.4955748198983025,56,0.4448819294804315
Stony Creek,1000,4.0,0.0,0.6224588950498708,9,0.0
Stony Creek,1009,0.0,1.0,0.3452225259453768,1,2.8966823565801327
Stony Creek,1009,1.0,0.0,0.30886698379312266,3,0.0
Stony Creek,1009,2.0,0.0,0.182536410593618,2,0.0
Stony Creek,1009,3.0,0.0,0.16337407966788264,4,0.0
Stony Creek,1100,0.0,17.0,9.449011073095217,60,1.799130074935059
Stony Creek,1100,1.0,8.0,10.49265005367632,71,0.7624384649326061
Stony Creek,1100,2.0,23.0,25.241120084339922,201,0.911211543828027
Stony Creek,1100,3.0,10.0,11.851944129858579,199,0.8437434306500838
Stony Creek,1100,4.0,2.0,2.835610936900707,51,0.7053153780631058
Stony Creek,1100,5.0,0.0,0.12966372212925534,5,0.0
Stony Creek,1109,0.0,0.0,0.008130741667469386,1,0.0
Stony Creek,1109,1.0,1.0,0.2957315295182838,2,3.381445331949884
Stony Creek,1109,2.0,0.0,0.5685017753070221,3,0.0
Stony Creek,1109,3.0,0.0,0.12763595350722468,3,0.0
Stony Creek,1600,0.0,11.0,6.002158665751686,41,1.8326739782415271
Stony Creek,1600,1.0,4.0,4.315370400678256,28,0.9269192742693215
Stony Creek,1600,2.0,14.0,11.592354608680587,89,1.2076925243053314
Stony Creek,1600,3.0,7.0,12.497146030503067,145,0.5601278870323178
Stony Creek,1600,4.0,5.0,5.03749169027955,83,0.9925574685608127
Stony Creek,1600,5.0,0.0,1.5472994829474696,26,0.0
Stony Creek,1612,0.0,0.0,0.08475206555065717,2,0.0
Stony Creek,1612,1.0,1.0,0.17548392444982466,3,5.698527675028863
Stony Creek,1612,2.0,1.0,0.8740716108984021,6,1.144071020648027
Stony Creek,1612,3.0,0.0,0.6700198417947749,9,0.0
Stony Creek,1612,4.0,0.0,0.1903300669119829,5,0.0
Stony Creek,1612,5.0,0.0,0.005342490394358271,1,0.0
Stony Creek,1700,0.0,3.0,1.4603111924099972,14,2.054356643702091
Stony Creek,1700,1.0,1.0,1.2537870010329277,13,0.7975836399453445
Stony Creek,1700,2.0,3.0,4.279625457465921,32,0.7009959235489684
Stony Creek,1700,3.0,4.0,4.398161797856484,48,0.9094708616562186
Stony Creek,1700,4.0,2.0,1.5126612389201561,30,1.322173100322013
Stony Creek,1700,5.0,1.0,1.0954533123145134,11,0.9128640981395765
Stony Creek,2100,0.0,13.0,7.009347397666622,53,1.8546662424418623
Stony Creek,2100,1.0,8.0,5.476816117151516,45,1.4607026836169894
Stony Creek,2100,2.0,17.0,18.26129284700923,133,0.9309308022396783
Stony Creek,2100,3.0,13.0,16.455091234796733,195,0.790029044172637
Stony Creek,2100,4.0,2.0,5.30614016810768,95,0.3769218182401044
Stony Creek,2100,5.0,0.0,0.4913122352682191,8,0.0
Stony Creek,2114,0.0,1.0,0.2461775549009746,2,4.062108750743958
Stony Creek,2114,1.0,1.0,0.2155184156976379,2,4.639974717533895
Stony Creek,2114,2.0,0.0,0.3918762444213925,5,0.0
Stony Creek,2114,3.0,0.0,0.6964714759562896,5,0.0
Stony Creek,2114,4.0,0.0,0.44995630902370526,3,0.0
Strathalbyn,1100,0.0,11.0,8.461517616588372,61,1.3000032025502213
Strathalbyn,1100,1.0,10.0,8.535862824787227,65,1.1715277301506155
Strathalbyn,1100,2.0,22.0,23.92707309282507,205,0.9194605589514024
Strathalbyn,1100,3.0,16.0,17.607950126226434,202,0.9086804474853977
Strathalbyn,1100,4.0,2.0,2.3918565011014987,33,0.8361705641952012
Strathalbyn,1200,0.0,20.0,15.353285884002982,130,1.3026527448979868
Strathalbyn,1200,1.0,16.0,17.191968291689065,132,0.9306671422686786
Strathalbyn,1200,2.0,38.0,40.33018690185025,443,0.9422222637469765
Strathalbyn,1200,3.0,52.0,44.05262244713674,515,1.1804064573545
Strathalbyn,1200,4.0,4.0,11.632903892076044,197,0.3438522347566776
Strathalbyn,1200,5.0,0.0,0.972101879705951,16,0.0
Strathalbyn,1350,0.0,26.0,17.180130243556835,156,1.5133761869908369
Strathalbyn,1350,1.0,11.0,13.496847080488292,132,0.8150051589383526
Strathalbyn,1350,2.0,37.0,43.1115977765689,442,0.8582377343506729
Strathalbyn,1350,3.0,62.0,55.96382167854617,661,1.1078585797111102
Strathalbyn,1350,4.0,18.0,23.74948739258754,364,0.7579110951934898
Strathalbyn,1350,5.0,2.0,2.443175351605482,41,0.8186068178388184
Strathalbyn,1550,0.0,1.0,0.3371131364478881,2,2.9663631934870707
Strathalbyn,1550,1.0,0.0,0.20683939164184995,2,0.0
Strathalbyn,1550,2.0,1.0,0.66762092862047,7,1.4978559795396729
Strathalbyn,1550,3.0,0.0,0.6119260338717185,11,0.0
Strathalbyn,1550,4.0,0.0,0.1765005094180733,2,0.0
Strathalbyn,1600,0.0,16.0,10.36828239152825,118,1.543167845531805
Strathalbyn,1600,1.0,11.0,10.08278625998204,88,1.0909682816205601
Strathalbyn,1600,2.0,28.0,25.341571826605286,263,1.1049038390982409
Strathalbyn,1600,3.0,46.0,43.822585673605026,461,1.049687034503454
Strathalbyn,1600,4.0,14.0,23.95039251135996,320,0.5845415683003788
Strathalbyn,1600,5.0,3.0,3.9944476698248437,59,0.7510425089963815
Strathalbyn,2050,0.0,10.0,8.463742769215807,89,1.1815103876232915
Strathalbyn,2050,1.0,4.0,7.521535689235317,68,0.5318062913302035
Strathalbyn,2050,2.0,23.0,18.818698377704933,206,1.2221886731150746
Strathalbyn,2050,3.0,36.0,32.96276813899703,338,1.0921412864415878
Strathalbyn,2050,4.0,13.0,18.084527395846184,223,0.7188465429838081
Strathalbyn,2050,5.0,3.0,3.05585307347531,45,0.9817225919792699
Strathalbyn,2065,0.0,1.0,0.6852504459938829,6,1.4593204657453471
Strathalbyn,2065,1.0,0.0,0.31379572579360276,5,0.0
Strathalbyn,2065,2.0,4.0,2.8029668381667756,18,1.4270593378179672
Strathalbyn,2065,3.0,0.0,1.3009183397196342,23,0.0
Strathalbyn,2065,4.0,1.0,0.8861898518340292,10,1.1284263726677
Strathalbyn,2065,5.0,0.0,0.010878798492074966,2,0.0
Sunshine Coast,1000,0.0,144.0,93.83741744434714,599,1.534569086850703
Sunshine Coast,1000,1.0,152.0,132.43024809876468,1086,1.1477740333661572
Sunshine Coast,1000,2.0,218.0,249.17639324148064,2529,0.8748822356888876
Sunshine Coast,1000,3.0,81.0,116.28383534616425,1747,0.6965714517316346
Sunshine Coast,1000,4.0,1.0,4.085833656171172,102,0.2447480940614451
Sunshine Coast,1100,0.0,0.0,0.8648705344614612,5,0.0
Sunshine Coast,1100,1.0,1.0,0.24819210649413312,3,4.029137002484156
Sunshine Coast,1100,2.0,2.0,1.3048773813150099,12,1.5327110643794515
Sunshine Coast,1100,3.0,0.0,1.6509335630244117,22,0.0
Sunshine Coast,1100,4.0,2.0,0.8420999002987929,11,2.3750151250348828
Sunshine Coast,1100,5.0,0.0,0.08902651440619105,2,0.0
Sunshine Coast,1200,0.0,76.0,52.68794807442434,429,1.4424551112266932
Sunshine Coast,1200,1.0,41.0,41.19688161212078,383,0.9952209583731491
Sunshine Coast,1200,2.0,141.0,139.39092093915335,1223,1.0115436432301717
Sunshine Coast,1200,3.0,142.0,144.2615860633383,1688,0.984323019557366
Sunshine Coast,1200,4.0,27.0,48.88481578751229,830,0.5523187428456506
Sunshine Coast,1200,5.0,1.0,1.4506141036768756,45,0.6893632134592496
Sunshine Coast,1300,0.0,12.0,8.025832036372336,71,1.4951720825475912
Sunshine Coast,1300,1.0,2.0,4.739687421771421,49,0.42196875490420327
Sunshine Coast,1300,2.0,22.0,20.352452268016343,173,1.0809508215662424
Sunshine Coast,1300,3.0,25.0,23.398210664753027,270,1.0684577704764366
Sunshine Coast,1300,4.0,10.0,13.065593686494449,213,0.765368971356941
Sunshine Coast,1300,5.0,0.0,1.4140466851643343,22,0.0
Sunshine Coast,1400,0.0,64.0,40.985306275001825,403,1.5615352382772245
Sunshine Coast,1400,1.0,27.0,28.146354341791273,299,0.959271658138362
Sunshine Coast,1400,2.0,106.0,101.24727537620942,982,1.0469417533077374
Sunshine Coast,1400,3.0,136.0,149.02662293751914,1615,0.9125886188605329
Sunshine Coast,1400,4.0,66.0,75.4813928167576,1096,0.874387680686085
Sunshine Coast,1400,5.0,3.0,7.020763019585022,153,0.4273039827197189
Sunshine Coast,1600,0.0,32.0,27.069261878758205,260,1.1821526624304095
Sunshine Coast,1600,1.0,17.0,16.158200805746237,170,1.052097334621216
Sunshine Coast,1600,2.0,65.0,63.88031563376551,585,1.0175278464911444
Sunshine Coast,1600,3.0,90.0,92.51651944284062,954,0.9727992421462051
Sunshine Coast,1600,4.0,53.0,52.04617840207693,685,1.0183264483043197
Sunshine Coast,1600,5.0,3.0,7.565350951386275,124,0.3965447233416554
Sunshine Coast,1784,0.0,1.0,0.026381939236762776,1,37.904719248481825
Sunshine Coast,1784,1.0,0.0,0.06291077817997277,1,0.0
Sunshine Coast,1784,3.0,0.0,0.6817743094003038,6,0.0
Sunshine Coast,1784,4.0,0.0,0.22893297318296052,3,0.0
Sunshine Coast,1800,0.0,25.0,17.866950414790644,170,1.3992315095532175
Sunshine Coast,1800,1.0,6.0,12.379269280615382,106,0.4846812735058087
Sunshine Coast,1800,2.0,37.0,39.64917293289519,371,0.9331846609416338
Sunshine Coast,1800,3.0,65.0,60.81110407181034,635,1.068883734181887
Sunshine Coast,1800,4.0,32.0,34.09971359103255,426,0.9384243041975366
Sunshine Coast,1800,5.0,5.0,5.162436255581003,80,0.9685349614912152
Sunshine Coast,2200,0.0,6.0,7.897170558346055,60,0.7597657864510667
Sunshine Coast,2200,1.0,5.0,3.8766098291271014,42,1.2897867519274833
Sunshine Coast,2200,2.0,17.0,15.970458225269125,144,1.0644653872925132
Sunshine Coast,2200,3.0,29.0,22.404646430234397,230,1.2943743651703146
Sunshine Coast,2200,4.0,3.0,9.085615553881068,117,0.33019226734929386
Sunshine Coast,2200,5.0,0.0,0.4723040946078146,9,0.0
Sunshine Coast,2240,0.0,0.0,0.1067906139164893,1,0.0
Sunshine Coast,2240,1.0,0.0,0.019534868399357797,1,0.0
Sunshine Coast,2240,2.0,0.0,0.050058100273354354,1,0.0
Sunshine Coast,2240,3.0,0.0,0.39301220303750684,4,0.0
Sunshine Coast,2240,4.0,1.0,0.41737004872499567,5,2.3959553471909483
Sunshine Coast,2240,5.0,0.0,0.01323416564829616,2,0.0
Sunshine Coast,2265,0.0,1.0,0.28550583251379613,1,3.502555416102325
Sunshine Coast,2265,2.0,0.0,0.3618973032231656,3,0.0
Sunshine Coast,2265,3.0,0.0,0.07361730026336051,3,0.0
Sunshine Coast,2265,4.0,0.0,0.2789795639996778,3,0.0
Sunshine Coast,2400,0.0,1.0,1.3413205461613924,13,0.7455339462754166
Sunshine Coast,2400,1.0,0.0,0.9919463634909593,9,0.0
Sunshine Coast,2400,2.0,5.0,2.8362488830048553,27,1.7628918357484782
Sunshine Coast,2400,3.0,2.0,4.064855867747165,53,0.49202236563148916
Sunshine Coast,2400,4.0,5.0,3.5570598889551777,47,1.4056552760118581
Sunshine Coast,2400,5.0,0.0,0.20856845064045065,8,0.0
Sunshine Coast Poly,1000,0.0,12.0,6.794123367554993,44,1.7662322791054132
Sunshine Coast Poly,1000,1.0,14.0,11.08727082633065,82,1.2627093014407156
Sunshine Coast Poly,1000,2.0,15.0,17.673019355992697,175,0.8487514044912586
Sunshine Coast Poly,1000,3.0,3.0,8.346226905930285,104,0.3594438581424614
Sunshine Coast Poly,1000,4.0,0.0,0.0993595441913755,6,0.0
Sunshine Coast Poly,1100,0.0,5.0,5.999878616306935,42,0.8333501925206641
Sunshine Coast Poly,1100,1.0,13.0,7.380499269656874,58,1.7613984535499292
Sunshine Coast Poly,1100,2.0,14.0,16.615956538544115,144,0.8425635904574096
Sunshine Coast Poly,1100,3.0,9.0,10.987044118169589,129,0.8191466151588891
Sunshine Coast Poly,1100,4.0,1.0,1.0166214573224863,19,0.9836502985425245
Sunshine Coast Poly,1400,0.0,12.0,8.08260467938246,54,1.4846699147132907
Sunshine Coast Poly,1400,1.0,5.0,5.384952948418567,47,0.928513219687162
Sunshine Coast Poly,1400,2.0,19.0,16.807887679763983,150,1.1304216426240896
Sunshine Coast Poly,1400,3.0,13.0,19.78097334779068,206,0.6571971849631938
Sunshine Coast Poly,1400,4.0,4.0,3.517878908003815,53,1.1370488025893306
Sunshine Coast Poly,1400,5.0,1.0,0.41580427289487737,7,2.404977690676155
Sunshine Coast Poly,1600,0.0,6.0,3.1856852954685193,22,1.8834252110635992
Sunshine Coast Poly,1600,1.0,2.0,2.046753038916612,13,0.9771574596311047
Sunshine Coast Poly,1600,2.0,3.0,5.656935643211144,54,0.5303224553385688
Sunshine Coast Poly,1600,3.0,10.0,9.481861873791656,89,1.0546451881608299
Sunshine Coast Poly,1600,4.0,1.0,1.6151102440086667,27,0.619152781495598
Sunshine Coast Poly,1600,5.0,0.0,0.013653904603402874,2,0.0
Sunshine Coast Poly,2000,0.0,0.0,1.1448866234028876,11,0.0
Sunshine Coast Poly,2000,1.0,1.0,0.8826454433148077,8,1.1329577550918555
Sunshine Coast Poly,2000,2.0,6.0,4.055127263559599,24,1.4796083106731373
Sunshine Coast Poly,2000,3.0,3.0,4.058183280562161,38,0.7392470454376384
Sunshine Coast Poly,2000,4.0,1.0,0.8385151529809517,15,1.192584291941492
Sunshine Coast Poly,2000,5.0,0.0,0.020642236179594358,1,0.0
Sunshine Coast Poly,2150,0.0,0.0,0.40860625349332447,6,0.0
Sunshine Coast Poly,2150,1.0,0.0,0.5867831611297544,4,0.0
Sunshine Coast Poly,2150,2.0,0.0,1.1088636522245292,13,0.0
Sunshine Coast Poly,2150,3.0,5.0,3.1192913515446477,25,1.6029281771079322
Sunshine Coast Poly,2150,4.0,1.0,0.7764555816077443,9,1.287903678829097
Swan Hill,975,0.0,8.0,7.388255470518374,56,1.0827995907725028
Swan Hill,975,1.0,14.0,11.957817631076399,104,1.17078219721434
Swan Hill,975,2.0,28.0,26.535175528978414,267,1.0552031197013145
Swan Hill,975,3.0,6.0,9.919928019872469,143,0.6048430984559842
Swan Hill,975,4.0,0.0,0.1988233495543454,11,0.0
Swan Hill,1200,0.0,21.0,12.424317834469399,113,1.6902336433907592
Swan Hill,1200,1.0,17.0,10.409886645184475,100,1.6330629313686191
Swan Hill,1200,2.0,31.0,34.32153374270973,339,0.9032230387018977
Swan Hill,1200,3.0,36.0,41.424396869764074,480,0.8690530875605005
Swan Hill,1200,4.0,8.0,13.62277637636322,231,0.5872518038159051
Swan Hill,1200,5.0,0.0,0.7970885315091004,20,0.0
Swan Hill,1300,0.0,12.0,7.8836021268901195,78,1.5221468317216682
Swan Hill,1300,1.0,4.0,6.08845066638941,65,0.656981590091801
Swan Hill,1300,2.0,28.0,21.70411862072236,211,1.2900777262278018
Swan Hill,1300,3.0,26.0,30.88026577060926,356,0.8419616655225123
Swan Hill,1300,4.0,8.0,10.645447150263287,184,0.7514949712377409
Swan Hill,1300,5.0,0.0,0.7981156651255613,17,0.0
Swan Hill,1600,0.0,16.0,12.20744485819049,134,1.3106755906634242
Swan Hill,1600,1.0,6.0,8.088782191843993,92,0.7417680261003771
Swan Hill,1600,2.0,37.0,33.04063320653407,327,1.1198332601169076
Swan Hill,1600,3.0,51.0,47.253364311058995,544,1.0792882315061778
Swan Hill,1600,4.0,20.0,30.047542443085568,431,0.6656118395666774
Swan Hill,1600,5.0,4.0,3.2358610654555595,63,1.2361470159216683
Swan Hill,2100,0.0,0.0,0.14713553812564997,3,0.0
Swan Hill,2100,1.0,0.0,0.1373478632906862,3,0.0
Swan Hill,2100,2.0,2.0,0.5442083558500036,8,3.675063013092078
Swan Hill,2100,3.0,1.0,2.041703005426683,15,0.48978720085246485
Swan Hill,2100,4.0,0.0,0.1296052373069768,5,0.0
Swan Hill,2400,0.0,10.0,4.972909604748143,47,2.0108951890965368
Swan Hill,2400,1.0,8.0,5.498676683680639,46,1.4548955067212745
Swan Hill,2400,2.0,11.0,13.33586128277422,134,0.8248436127787693
Swan Hill,2400,3.0,16.0,18.983732160690817,206,0.8428268932876559
Swan Hill,2400,4.0,2.0,3.8177673170721707,54,0.5238663946481137
Swan Hill,2400,5.0,0.0,0.07559985522258057,1,0.0
Tamworth,1000,0.0,47.0,21.955242824255784,179,2.140718751152922
Tamworth,1000,1.0,43.0,34.84660827663498,286,1.233979492599053
Tamworth,1000,2.0,69.0,78.8766452936752,752,0.8747836541868349
Tamworth,1000,3.0,15.0,38.653545651406695,556,0.38806271836679784
Tamworth,1000,4.0,5.0,4.065743026593137,88,1.2297875117281374
Tamworth,1000,5.0,0.0,0.3295784460845437,3,0.0
Tamworth,1200,0.0,54.0,26.59066297767253,240,2.030788026810101
Tamworth,1200,1.0,26.0,23.92166140678864,227,1.0868810304547474
Tamworth,1200,2.0,83.0,75.74488226109294,688,1.0957836030941157
Tamworth,1200,3.0,66.0,84.37152074023298,972,0.7822544790108017
Tamworth,1200,4.0,11.0,27.897626486604146,477,0.3942987768254037
Tamworth,1200,5.0,0.0,1.4224676020103284,39,0.0
Tamworth,1400,0.0,35.0,19.09452309600774,184,1.832986339801163
Tamworth,1400,1.0,15.0,16.39232291106668,142,0.9150625009877822
Tamworth,1400,2.0,57.0,49.42185431779094,453,1.1533359236883403
Tamworth,1400,3.0,51.0,64.63266920753712,718,0.7890746371039965
Tamworth,1400,4.0,25.0,31.934650219132116,472,0.782848718506472
Tamworth,1400,5.0,1.0,2.2129201083891297,64,0.4518915961805502
Tamworth,1600,0.0,17.0,12.06645335799037,126,1.4088646842315642
Tamworth,1600,1.0,6.0,7.810793079847768,80,0.7681678337479323
Tamworth,1600,2.0,28.0,32.05271271531708,280,0.8735610071037637
Tamworth,1600,3.0,52.0,44.27607544764871,451,1.1744491686369976
Tamworth,1600,4.0,21.0,25.012536753188677,350,0.8395789762237073
Tamworth,1600,5.0,2.0,4.673414184148694,79,0.4279526532836761
Tamworth,2100,0.0,6.0,4.790565297275996,50,1.2524617926430752
Tamworth,2100,1.0,1.0,3.908689889597655,34,0.2558401992087779
Tamworth,2100,2.0,13.0,12.2612345401737,118,1.0602521269294498
Tamworth,2100,3.0,22.0,18.978849890665597,167,1.159185099557603
Tamworth,2100,4.0,8.0,8.9349569072755,108,0.8953596623936496
Tamworth,2100,5.0,0.0,1.1257034750115529,17,0.0
Taree,1000,0.0,35.0,20.220159410166847,143,1.7309457996855226
Taree,1000,1.0,42.0,34.439750294103895,287,1.2195210372123524
Taree,1000,2.0,54.0,62.382721258660915,624,0.8656243092714219
Taree,1000,3.0,12.0,23.96956556722805,426,0.5006348557441851
Taree,1000,4.0,0.0,1.6129951747093556,48,0.0
Taree,1000,5.0,0.0,0.019569495079794406,1,0.0
Taree,1005,0.0,5.0,2.631516858715169,17,1.900044829065331
Taree,1005,1.0,2.0,3.751444607632541,31,0.5331279571423976
Taree,1005,2.0,10.0,7.683363506444122,75,1.301513327023105
Taree,1005,3.0,0.0,2.675479268645283,43,0.0
Taree,1005,4.0,0.0,0.2581957585628841,3,0.0
Taree,1007,0.0,28.0,10.17542193723732,64,2.751728643068156
Taree,1007,1.0,15.0,15.980128495470293,137,0.9386657938483962
Taree,1007,2.0,16.0,25.87825272727337,254,0.6182797644269633
Taree,1007,3.0,5.0,11.16551093688122,192,0.44780754129972783
Taree,1007,4.0,0.0,0.7594407136077314,19,0.0
Taree,1008,0.0,1.0,0.42051844242288866,2,2.3780169883592492
Taree,1008,1.0,1.0,0.8961953920451942,6,1.1158280982877125
Taree,1008,2.0,0.0,0.5122335486495733,7,0.0
Taree,1008,3.0,0.0,0.10802752107950003,4,0.0
Taree,1008,4.0,0.0,0.06302509580284368,1,0.0
Taree,1012,0.0,1.0,0.17867380536204786,3,5.5967913034241015
Taree,1012,1.0,0.0,0.2549484585607795,2,0.0
Taree,1012,2.0,1.0,1.1600290833438012,7,0.8620473523969633
Taree,1012,3.0,0.0,0.36633961272817095,5,0.0
Taree,1012,4.0,0.0,0.040009040005200516,1,0.0
Taree,1250,0.0,24.0,15.925911874364738,128,1.5069780738038479
Taree,1250,1.0,16.0,13.062494316837,115,1.2248809156897913
Taree,1250,2.0,45.0,39.10368807279413,338,1.1507865937409663
Taree,1250,3.0,40.0,44.54636556439512,536,0.8979408194856434
Taree,1250,4.0,3.0,13.787847058976977,261,0.21758291828793988
Taree,1250,5.0,0.0,0.958611628264795,23,0.0
Taree,1255,0.0,3.0,0.7886707371278459,3,3.803868786770633
Taree,1255,1.0,0.0,0.33900567701424733,2,0.0
Taree,1255,2.0,0.0,0.43418119144054773,5,0.0
Taree,1255,3.0,0.0,1.1981627946529765,15,0.0
Taree,1255,4.0,0.0,0.21299963447768866,6,0.0
Taree,1255,5.0,0.0,0.026979965286693792,1,0.0
Taree,1257,0.0,5.0,2.15720008156425,13,2.317819307875397
Taree,1257,1.0,0.0,1.4917288074742303,13,0.0
Taree,1257,2.0,7.0,3.9565699644291543,38,1.7692092046728018
Taree,1257,3.0,1.0,3.2674568600747214,52,0.3060484171096697
Taree,1257,4.0,0.0,1.7639720310613016,27,0.0
Taree,1257,5.0,0.0,0.3630722553963423,2,0.0
Taree,1258,0.0,1.0,0.8450960053408292,6,1.1832975113835709
Taree,1258,1.0,1.0,0.4858392082698976,7,2.058294149541902
Taree,1258,2.0,2.0,2.206795239885308,20,0.9062916050625269
Taree,1258,3.0,2.0,2.1630658661586097,20,0.9246135456576741
Taree,1258,4.0,0.0,0.29920368034535527,8,0.0
Taree,1262,0.0,20.0,6.459602883975608,38,3.096165562996786
Taree,1262,1.0,2.0,4.454248064556114,37,0.44900956817260446
Taree,1262,2.0,9.0,12.171760591567239,102,0.7394164494358624
Taree,1262,3.0,7.0,12.819117812881416,147,0.5460594170502109
Taree,1262,4.0,0.0,2.07868829215322,58,0.0
Taree,1262,5.0,0.0,0.016582354866402863,1,0.0
Taree,1263,0.0,0.0,0.015902022182307806,1,0.0
Taree,1263,1.0,0.0,0.14745511478139967,1,0.0
Taree,1263,2.0,1.0,0.47527500777940224,3,2.1040449921241127
Taree,1263,3.0,0.0,0.3352064639247065,4,0.0
Taree,1263,4.0,0.0,0.02616139133218381,1,0.0
Taree,1270,0.0,2.0,0.5299410244097219,2,3.7740048569134883
Taree,1270,1.0,0.0,0.0633208356733361,1,0.0
Taree,1270,2.0,0.0,0.8421781538038777,7,0.0
Taree,1270,3.0,0.0,0.5334488436622338,5,0.0
Taree,1270,4.0,0.0,0.031111142450830593,1,0.0
Taree,1300,0.0,12.0,6.528875733364161,52,1.8379887273205475
Taree,1300,1.0,6.0,4.816677771411215,45,1.245671868608742
Taree,1300,2.0,17.0,18.38972530504156,154,0.9244292515527373
Taree,1300,3.0,15.0,17.20253536401531,217,0.8719644914305696
Taree,1300,4.0,2.0,4.918763880466693,98,0.40660622233613697
Taree,1300,5.0,0.0,0.14342194570105968,5,0.0
Taree,1308,0.0,1.0,1.051674255815749,8,0.9508647705979386
Taree,1308,1.0,3.0,1.7268055324437181,12,1.7373120155310708
Taree,1308,2.0,3.0,2.609351071973327,23,1.1497111416790857
Taree,1308,3.0,1.0,2.4454346317944338,35,0.40892526301805526
Taree,1308,4.0,0.0,0.1667345079727723,7,0.0
Taree,1312,0.0,8.0,2.7276707154360134,16,2.9329053374102796
Taree,1312,1.0,1.0,1.310344781914515,16,0.7631579213364917
Taree,1312,2.0,3.0,5.336370203765859,43,0.5621798873479411
Taree,1312,3.0,3.0,5.403421792013395,68,0.5552037422720161
Taree,1312,4.0,1.0,1.1262033103942428,24,0.8879391409797369
Taree,1312,5.0,0.0,0.09598919647597445,3,0.0
Taree,1313,0.0,0.0,0.12467679429035995,1,0.0
Taree,1313,1.0,0.0,0.17617373106246514,1,0.0
Taree,1313,2.0,1.0,0.46854112520957686,3,2.1342843694941473
Taree,1313,3.0,0.0,0.230608349437598,6,0.0
Taree,1400,0.0,10.0,8.660664445331607,78,1.1546458199740484
Taree,1400,1.0,3.0,5.131412195809251,51,0.5846343824123224
Taree,1400,2.0,28.0,21.17327090897119,193,1.3224220348560458
Taree,1400,3.0,28.0,28.410551130101425,327,0.9855493429810153
Taree,1400,4.0,9.0,13.299379444663892,207,0.6767233040795049
Taree,1400,5.0,0.0,1.266536165429507,30,0.0
Taree,1405,0.0,0.0,0.1891102801465145,2,0.0
Taree,1405,1.0,2.0,0.36626265928315976,2,5.460562111120884
Taree,1405,2.0,0.0,0.785021358689018,7,0.0
Taree,1405,3.0,0.0,0.4680828384010097,6,0.0
Taree,1405,4.0,0.0,0.19152286348029804,2,0.0
Taree,1408,0.0,1.0,0.5812580741370428,6,1.7204062093840795
Taree,1408,1.0,0.0,0.6437678700076355,7,0.0
Taree,1408,2.0,1.0,1.9729280783155367,17,0.5068608485990976
Taree,1408,3.0,4.0,1.9627535736286228,22,2.0379532376064082
Taree,1408,4.0,0.0,0.8197393740058403,8,0.0
Taree,1408,5.0,0.0,0.019553029905321546,1,0.0
Taree,1412,0.0,6.0,2.660339933526107,32,2.255350876174456
Taree,1412,1.0,1.0,2.4697621177207183,25,0.4048972946928488
Taree,1412,2.0,16.0,9.676369747796063,83,1.6535126723164169
Taree,1412,3.0,8.0,13.090627289992186,143,0.6111242664525341
Taree,1412,4.0,1.0,4.102900910964926,71,0.2437299904873449
Taree,1413,0.0,0.0,0.057709570457574105,1,0.0
Taree,1413,2.0,1.0,0.25881867962790817,3,3.8637087610432697
Taree,1413,3.0,0.0,0.6674730571143982,5,0.0
Taree,1413,4.0,0.0,0.015998692800119556,2,0.0
Taree,1600,0.0,14.0,9.67091780711824,91,1.447639229204839
Taree,1600,1.0,8.0,7.0978163166568,62,1.1271072176418542
Taree,1600,2.0,29.0,25.063402349669758,203,1.157065572958099
Taree,1600,3.0,25.0,32.094372838927455,348,0.7789527505481382
Taree,1600,4.0,15.0,15.24333850697896,241,0.9840364033858101
Taree,1600,5.0,0.0,1.8301521806487864,34,0.0
Taree,1605,0.0,0.0,0.26377297797703675,3,0.0
Taree,1605,1.0,1.0,0.20388872127768726,3,4.904636184549145
Taree,1605,2.0,0.0,0.682194777902087,5,0.0
Taree,1605,3.0,2.0,1.4278290328008931,11,1.400727926141627
Taree,1605,4.0,0.0,0.42231449004229604,7,0.0
Taree,1609,0.0,0.0,0.8974480340308899,10,0.0
Taree,1609,1.0,1.0,0.4586323084862176,7,2.180395889030681
Taree,1609,2.0,4.0,4.062578297575928,24,0.984596408243192
Taree,1609,3.0,3.0,3.5393370788088,38,0.847616356735844
Taree,1609,4.0,2.0,1.0420042810981645,16,1.9193779107051339
Taree,1614,0.0,14.0,5.198165235890159,44,2.6932579794383105
Taree,1614,1.0,7.0,3.5365036883986676,34,1.9793560580646834
Taree,1614,2.0,12.0,12.786348047703314,103,0.9385009664393925
Taree,1614,3.0,8.0,15.393932339089517,155,0.5196852775353412
Taree,1614,4.0,3.0,6.605189333239514,99,0.4541883432323431
Taree,1614,5.0,0.0,0.41907720142457766,12,0.0
Taree,1615,0.0,1.0,0.18903721928780506,2,5.2899635519792625
Taree,1615,1.0,0.0,0.0690289295032551,1,0.0
Taree,1615,2.0,1.0,1.0061163502471517,5,0.9939208320731004
Taree,1615,3.0,0.0,0.3900018444911073,6,0.0
Taree,1615,4.0,0.0,0.3367129404922296,7,0.0
Taree,1615,5.0,0.0,0.009102715978451224,1,0.0
Taree,1624,0.0,1.0,0.40362363712672744,1,2.4775555939158878
Taree,1624,1.0,0.0,0.020181181856336373,1,0.0
Taree,1624,2.0,0.0,0.31125003987113653,3,0.0
Taree,1624,3.0,0.0,0.12704039846083454,3,0.0
Taree,1624,4.0,0.0,0.1379047426849652,1,0.0
Taree,1900,0.0,0.0,0.10931890172895245,1,0.0
Taree,1900,1.0,0.0,0.03153429857565936,1,0.0
Taree,1900,2.0,0.0,0.11944102225941101,2,0.0
Taree,1900,3.0,1.0,0.5310526043467587,4,1.8830526238169714
Taree,1900,4.0,0.0,0.20865317308921838,2,0.0
Taree,2000,0.0,4.0,3.6777899536298193,36,1.087609692351292
Taree,2000,1.0,2.0,3.0085206766764827,27,0.6647785456503503
Taree,2000,2.0,14.0,12.2766487509971,97,1.1403763587243572
Taree,2000,3.0,9.0,12.79171822122291,127,0.7035802262332499
Taree,2000,4.0,7.0,4.110301805069932,68,1.703037959734663
Taree,2000,5.0,0.0,0.13502059240375608,6,0.0
Taree,2005,0.0,0.0,0.07539551028239522,1,0.0
Taree,2005,1.0,0.0,0.1382251021843912,1,0.0
Taree,2005,2.0,0.0,0.5088506508985831,2,0.0
Taree,2005,3.0,1.0,0.2775287366346305,4,3.6032304694865185
Taree,2012,0.0,0.0,0.07471404058719866,1,0.0
Taree,2012,2.0,0.0,0.19213703381226854,2,0.0
Taree,2012,3.0,0.0,0.2668358592399952,2,0.0
Taree,2012,4.0,0.0,0.31563975117635373,2,0.0
Taree,2012,5.0,1.0,0.15067331518418395,2,6.6368752740164645
Taree,2018,0.0,3.0,0.9868942125567645,13,3.039839490220382
Taree,2018,1.0,1.0,1.540106322927627,12,0.6493058207170235
Taree,2018,2.0,3.0,2.8412201236574908,25,1.0558843980515358
Taree,2018,3.0,5.0,5.613573842521685,45,0.8906981791396441
Taree,2018,4.0,0.0,1.1129821276698935,24,0.0
Taree,2018,5.0,1.0,0.9052233706665395,9,1.1046997154566105
Tatura,1000,0.0,6.0,3.2050400511237265,24,1.8720514889966278
Tatura,1000,1.0,5.0,4.6409701178469325,43,1.0773609553684502
Tatura,1000,2.0,10.0,10.570296914625732,103,0.9460472189918683
Tatura,1000,3.0,3.0,4.742118135451326,76,0.6326286934044248
Tatura,1000,4.0,0.0,0.8315284449677014,9,0.0
Tatura,1000,5.0,0.0,0.010046335984580506,1,0.0
Tatura,1100,0.0,10.0,5.2132147486022165,29,1.9182022000304575
Tatura,1100,1.0,5.0,4.950861769745547,39,1.009925187278452
Tatura,1100,2.0,8.0,11.297524874083015,112,0.7081197066759577
Tatura,1100,3.0,5.0,6.028926377764534,90,0.8293350568088959
Tatura,1100,4.0,0.0,0.39748084452663135,6,0.0
Tatura,1450,0.0,2.0,4.618247877587279,40,0.43306467149720523
Tatura,1450,1.0,9.0,6.275077820864548,35,1.4342451610839186
Tatura,1450,2.0,15.0,11.22065930975262,101,1.3368198415009807
Tatura,1450,3.0,14.0,13.542969546286255,150,1.0337466943384712
Tatura,1450,4.0,0.0,3.9801731492261316,54,0.0
Tatura,1450,5.0,0.0,0.36287229628316753,7,0.0
Tatura,1600,0.0,4.0,2.1749040831897344,24,1.8391615662119514
Tatura,1600,1.0,3.0,2.430905757591411,22,1.2341079001649404
Tatura,1600,2.0,10.0,7.836383908565872,61,1.2760987869761078
Tatura,1600,3.0,6.0,8.23505793299915,91,0.7285923242819061
Tatura,1600,4.0,1.0,2.774556681151898,40,0.36041793876232336
Tatura,1600,5.0,0.0,0.5481916365019354,10,0.0
Tatura,1980,0.0,4.0,3.6761507177616455,28,1.0880946694251812
Tatura,1980,1.0,0.0,2.350628246920991,25,0.0
Tatura,1980,2.0,11.0,7.770545721816923,70,1.41560199164853
Tatura,1980,3.0,12.0,10.989402365077924,113,1.091961109562568
Tatura,1980,4.0,1.0,3.1814347580683453,47,0.3143235917266349
Tatura,1980,5.0,0.0,0.031838190354171056,1,0.0
Tennant Creek,1600,0.0,0.0,0.03870184653962058,1,0.0
Tennant Creek,1600,1.0,0.0,0.2914366322756277,2,0.0
Tennant Creek,1600,2.0,1.0,0.5421566365678473,3,1.8444853987780276
Tennant Creek,1600,3.0,0.0,0.12770488461690443,3,0.0
Terang,1000,0.0,10.0,5.007225815255744,28,1.997113844862467
Terang,1000,1.0,8.0,5.989206193842024,47,1.335736279746961
Terang,1000,2.0,5.0,11.676190038892347,126,0.4282218757441808
Terang,1000,3.0,5.0,5.071647235183858,89,0.9858729852725531
Terang,1000,4.0,0.0,0.2467625314955108,9,0.0
Terang,1000,5.0,0.0,0.008968185330514926,1,0.0
Terang,1125,0.0,1.0,0.44139788055380075,3,2.2655296820758357
Terang,1125,1.0,0.0,0.45463017055713495,4,0.0
Terang,1125,2.0,1.0,0.44274071730145304,5,2.2586583093036836
Terang,1125,3.0,1.0,0.9778528706877991,10,1.022648733747259
Terang,1125,4.0,0.0,0.6833783608998119,8,0.0
Terang,1200,0.0,9.0,5.677629607769312,44,1.585168568883805
Terang,1200,1.0,8.0,4.848437902856241,43,1.650015976338927
Terang,1200,2.0,13.0,13.12218989988464,117,0.9906882996803975
Terang,1200,3.0,12.0,14.31460571450406,179,0.8383046127383851
Terang,1200,4.0,2.0,5.951533825517443,93,0.33604782542357714
Terang,1200,5.0,0.0,0.08025316687321071,9,0.0
Terang,1206,0.0,0.0,0.594713257998375,6,0.0
Terang,1206,1.0,0.0,1.025910613715985,7,0.0
Terang,1206,2.0,4.0,2.2309351642197535,21,1.7929700800601074
Terang,1206,3.0,2.0,1.7355877825646546,24,1.1523473604110228
Terang,1206,4.0,0.0,0.41285318150123146,7,0.0
Terang,1400,0.0,12.0,5.689585547539053,56,2.1091167185614115
Terang,1400,1.0,5.0,4.477093388826184,42,1.116796002620556
Terang,1400,2.0,14.0,14.68997194717846,136,0.9530310915732563
Terang,1400,3.0,13.0,20.033399547476364,241,0.6489163244207161
Terang,1400,4.0,11.0,10.170774354242235,168,1.081530237214622
Terang,1400,5.0,1.0,0.8748929503821979,14,1.142996979874108
Terang,1406,0.0,0.0,0.994051282055453,8,0.0
Terang,1406,1.0,0.0,0.8406741226978789,7,0.0
Terang,1406,2.0,1.0,1.6664403030821884,20,0.6000815019598577
Terang,1406,3.0,6.0,3.323004390921768,35,1.8055949659265003
Terang,1406,4.0,0.0,0.4977259196334598,16,0.0
Terang,1406,5.0,1.0,0.6781039816092523,7,1.4747000860057413
Terang,1600,0.0,7.0,4.26663792600191,32,1.640636051477518
Terang,1600,1.0,0.0,2.6267614991768338,28,0.0
Terang,1600,2.0,7.0,8.31334599991636,82,0.8420195670997487
Terang,1600,3.0,14.0,11.76598453301374,132,1.1898706785410027
Terang,1600,4.0,4.0,4.796716656443196,75,0.8339037484373806
Terang,1600,5.0,0.0,0.15629419371478373,6,0.0
Terang,1606,0.0,1.0,0.3677087697653273,5,2.719543514391029
Terang,1606,1.0,0.0,0.3670735354427186,4,0.0
Terang,1606,2.0,1.0,0.9629132907725254,14,1.0385151078325243
Terang,1606,3.0,3.0,2.108466893984583,20,1.4228347661321807
Terang,1606,4.0,0.0,1.1572009610883145,13,0.0
Terang,1606,5.0,0.0,0.036636548946531095,2,0.0
Terang,1850,0.0,5.0,2.7809986920217584,23,1.7979152648809948
Terang,1850,1.0,1.0,2.2809843710255926,23,0.4384072125625187
Terang,1850,2.0,7.0,6.796856816300991,61,1.0298878127330573
Terang,1850,3.0,7.0,8.509162650711975,86,0.8226426368068425
Terang,1850,4.0,3.0,2.439074036537051,39,1.229974963883975
Terang,1850,5.0,0.0,0.19292343340263143,1,0.0
Terang,1856,0.0,0.0,0.08584059257533255,2,0.0
Terang,1856,2.0,1.0,0.2438760634784997,5,4.100443420877838
Terang,1856,3.0,0.0,0.3214569888997072,5,0.0
Terang,1856,4.0,1.0,1.3488263550464605,7,0.7413852763616521
Terang,2150,0.0,4.0,2.5177474146281806,24,1.588721718771268
Terang,2150,1.0,1.0,2.6074645332210515,21,0.3835143248390346
Terang,2150,2.0,11.0,7.433593726512891,64,1.4797687908026305
Terang,2150,3.0,7.0,8.19829281477009,88,0.8538362995999315
Terang,2150,4.0,1.0,3.0011122679821853,37,0.33320979380500004
Terang,2150,5.0,0.0,0.2362462183934943,6,0.0
Terang,2156,0.0,3.0,0.5492205607811703,4,5.462286400445431
Terang,2156,1.0,0.0,0.14975364308538208,2,0.0
Terang,2156,2.0,0.0,0.7629618825103082,8,0.0
Terang,2156,3.0,1.0,2.1490820166009144,20,0.46531495414104546
Terang,2156,4.0,0.0,0.3889818970222248,4,0.0
Terang,3006,0.0,0.0,0.04817916283956738,1,0.0
Terang,3006,2.0,1.0,0.5505268108657374,3,1.8164419611597813
Terang,3006,3.0,0.0,0.40129402629469524,5,0.0
Terang,3200,0.0,2.0,0.46548720208710753,3,4.2965735492460135
Terang,3200,1.0,0.0,0.13840581684896044,1,0.0
Terang,3200,2.0,1.0,0.48003379807785146,2,2.0831866506154237
Terang,3200,3.0,0.0,0.2137957585895997,4,0.0
Terang,3200,4.0,0.0,0.09227054456597363,1,0.0
Thangool,800,0.0,2.0,1.1625591652554341,8,1.7203425509621832
Thangool,800,1.0,1.0,1.358417318759753,13,0.7361508029896209
Thangool,800,2.0,3.0,2.1185796814663154,19,1.4160430340404446
Thangool,800,3.0,1.0,2.189062315246618,23,0.45681659815487746
Thangool,800,4.0,1.0,1.171381519271879,12,0.8536928264171281
Thangool,1075,0.0,4.0,2.274773658631223,10,1.758416704370878
Thangool,1075,1.0,3.0,1.7773310707616112,14,1.6879241292476015
Thangool,1075,2.0,1.0,3.1888182615278367,32,0.3135957956791419
Thangool,1075,3.0,2.0,2.5050410344337575,26,0.7983901151751323
Thangool,1075,4.0,0.0,0.25403597464557187,5,0.0
Thangool,1200,0.0,3.0,1.7958214936304149,15,1.670544656381871
Thangool,1200,1.0,5.0,2.7924724374828136,18,1.7905279682928912
Thangool,1200,2.0,5.0,4.102580371865333,38,1.2187451668927658
Thangool,1200,3.0,2.0,4.910625641111822,51,0.40728007919316306
Thangool,1200,4.0,0.0,1.2621550128236327,21,0.0
Thangool,1200,5.0,0.0,0.13634504308598405,3,0.0
Thangool,1300,0.0,0.0,0.6201488272473097,5,0.0
Thangool,1300,1.0,0.0,0.7440604404569858,4,0.0
Thangool,1300,2.0,3.0,1.8983593196374957,13,1.580311993080883
Thangool,1300,3.0,0.0,0.9322432690478301,15,0.0
Thangool,1300,4.0,2.0,0.7213725411297678,12,2.7724925554661772
Thangool,1300,5.0,0.0,0.08381560248061076,2,0.0
Thangool,1400,0.0,6.0,3.000904653032142,14,1.9993970797897709
Thangool,1400,1.0,2.0,2.125705372574715,14,0.940864160105849
Thangool,1400,2.0,4.0,3.806184163773186,37,1.050921297521946
Thangool,1400,3.0,1.0,4.263471939084486,44,0.23455062312776342
Thangool,1400,4.0,1.0,0.8037338715354719,16,1.2441929292958336
Thangool,1600,0.0,0.0,0.12690521804124053,1,0.0
Thangool,1600,1.0,0.0,0.6345260902062025,1,0.0
Thangool,1600,3.0,1.0,0.23040152425485333,5,4.340249064037758
Thangool,1600,4.0,0.0,0.008167167497703598,1,0.0
Toodyay,1100,0.0,2.0,1.123911502331321,6,1.7794995387549777
Toodyay,1100,1.0,1.0,0.5961302238477446,6,1.6774858243983386
Toodyay,1100,2.0,2.0,2.45113874674553,20,0.815947282729497
Toodyay,1100,3.0,1.0,1.7174909636147058,18,0.5822446936753348
Toodyay,1100,4.0,0.0,0.11132856346069844,2,0.0
Toodyay,1350,0.0,1.0,0.7696093552644211,6,1.2993605043384922
Toodyay,1350,1.0,1.0,0.6712231823518813,3,1.489817435232386
Toodyay,1350,2.0,2.0,2.2166169660482833,14,0.9022758693242066
Toodyay,1350,3.0,2.0,1.698636028111514,25,1.1774152713713086
Toodyay,1350,4.0,0.0,0.6238405119443873,6,0.0
Toodyay,1350,5.0,0.0,0.020073956279513274,1,0.0
Toodyay,1850,0.0,0.0,0.31550271946539,4,0.0
Toodyay,1850,1.0,0.0,0.15984670693069297,2,0.0
Toodyay,1850,2.0,2.0,1.3700536580244536,10,1.4597968395514498
Toodyay,1850,3.0,2.0,1.636549167510998,15,1.2220836621986546
Toodyay,1850,4.0,0.0,0.5180477480684654,5,0.0
Toowoomba,870,0.0,3.0,2.836391886346005,16,1.057681773256221
Toowoomba,870,1.0,4.0,5.555104084366908,43,0.7200585154212935
Toowoomba,870,2.0,6.0,4.276765715151675,53,1.402929316128604
Toowoomba,870,3.0,1.0,2.154778221245747,24,0.46408488360434036
Toowoomba,870,4.0,2.0,1.1459657186964318,8,1.7452529053618255
Toowoomba,870,5.0,0.0,0.03099437419323359,1,0.0
Toowoomba,1000,0.0,63.0,38.31116993813685,215,1.6444290294900825
Toowoomba,1000,1.0,48.0,46.37864136632404,334,1.034959166243564
Toowoomba,1000,2.0,76.0,81.34251979630156,821,0.9343206995593408
Toowoomba,1000,3.0,28.0,45.61070925078841,634,0.6138909142158538
Toowoomba,1000,4.0,0.0,3.3352261089594775,79,0.0
Toowoomba,1000,5.0,0.0,0.021733539489671588,2,0.0
Toowoomba,1015,0.0,0.0,0.4233349032830136,1,0.0
Toowoomba,1015,1.0,0.0,0.030936012162989458,1,0.0
Toowoomba,1015,2.0,1.0,0.29315743490011315,3,3.411136409829509
Toowoomba,1015,3.0,0.0,0.2142699203092302,3,0.0
Toowoomba,1015,4.0,0.0,0.03830172934465361,1,0.0
Toowoomba,1050,0.0,19.0,10.268209580465859,59,1.8503712698020318
Toowoomba,1050,1.0,10.0,9.84971597845785,76,1.015257701021109
Toowoomba,1050,2.0,16.0,21.154642867764107,202,0.7563351506340549
Toowoomba,1050,3.0,13.0,15.092373014239543,199,0.8613622249950088
Toowoomba,1050,4.0,1.0,2.431301759477489,44,0.41130229766909315
Toowoomba,1050,5.0,0.0,0.20375679959515064,4,0.0
Toowoomba,1100,0.0,19.0,15.196310977434987,100,1.250303447212492
Toowoomba,1100,1.0,21.0,16.831423492275036,124,1.2476663075846304
Toowoomba,1100,2.0,39.0,34.35046558838326,323,1.135355790146528
Toowoomba,1100,3.0,19.0,27.61698888816406,378,0.6879823168608696
Toowoomba,1100,4.0,2.0,5.8114052564660446,115,0.34415083989792405
Toowoomba,1100,5.0,0.0,0.0756262233845358,5,0.0
Toowoomba,1110,0.0,5.0,2.536571994049604,21,1.9711642372971112
Toowoomba,1110,1.0,5.0,4.766533796453395,24,1.0489802891401545
Toowoomba,1110,2.0,6.0,6.8720437960929965,60,0.8731027010350567
Toowoomba,1110,3.0,4.0,6.016636742756554,80,0.6648232510988155
Toowoomba,1110,4.0,1.0,0.7920602909695628,18,1.2625301525669186
Toowoomba,1110,5.0,0.0,0.01615337967788848,1,0.0
Toowoomba,1125,0.0,1.0,0.7351862173905239,3,1.3601996016048945
Toowoomba,1125,1.0,0.0,0.6023750605762815,4,0.0
Toowoomba,1125,2.0,2.0,0.9426645165590337,9,2.121645574716773
Toowoomba,1125,3.0,0.0,0.5494497358335522,7,0.0
Toowoomba,1125,4.0,0.0,0.17032446964060877,6,0.0
Toowoomba,1200,0.0,48.0,34.583629786412374,249,1.38793990961755
Toowoomba,1200,1.0,28.0,28.378329128447536,257,0.9866683790037418
Toowoomba,1200,2.0,89.0,82.68182740673197,743,1.07641549287714
Toowoomba,1200,3.0,65.0,79.76364028756522,927,0.8149076416981584
Toowoomba,1200,4.0,18.0,21.525175354371502,380,0.8362301214119688
Toowoomba,1200,5.0,1.0,2.0364037162012814,33,0.4910617634627997
Toowoomba,1210,0.0,7.0,9.800022298773797,58,0.7142840890143544
Toowoomba,1210,1.0,5.0,5.959058645306181,61,0.8390586999740958
Toowoomba,1210,2.0,20.0,17.61535275919549,153,1.1353732322822594
Toowoomba,1210,3.0,23.0,18.862087913389544,213,1.2193772028637984
Toowoomba,1210,4.0,2.0,4.850659500459264,81,0.4123150676337184
Toowoomba,1210,5.0,1.0,0.28124682221342545,6,3.5555957295088843
Toowoomba,1220,0.0,0.0,0.020095351144680886,1,0.0
Toowoomba,1220,1.0,0.0,0.08239093969319163,1,0.0
Toowoomba,1220,2.0,1.0,0.40459264868762324,3,2.471621773761088
Toowoomba,1220,3.0,0.0,0.2288475358168388,3,0.0
Toowoomba,1220,4.0,0.0,0.2640735246576655,2,0.0
Toowoomba,1225,0.0,0.0,0.2344679552932334,2,0.0
Toowoomba,1225,1.0,2.0,0.23476444073577113,2,8.519177749968586
Toowoomba,1225,2.0,0.0,0.8358646125458413,6,0.0
Toowoomba,1225,3.0,0.0,0.40481506115325333,7,0.0
Toowoomba,1225,4.0,0.0,0.29008793027190083,4,0.0
Toowoomba,1300,0.0,54.0,38.40809241749619,263,1.4059537092605299
Toowoomba,1300,1.0,20.0,25.680476524148023,217,0.7788017477476898
Toowoomba,1300,2.0,73.0,80.72244060714928,667,0.9043334102751927
Toowoomba,1300,3.0,94.0,88.43840505671875,952,1.0628866490719093
Toowoomba,1300,4.0,20.0,28.030059910491996,391,0.7135197022006277
Toowoomba,1300,5.0,2.0,1.4947885160114645,27,1.3379819142152554
Toowoomba,1625,0.0,26.0,26.52094626838981,194,0.9803571764326251
Toowoomba,1625,1.0,16.0,15.712856979176255,139,1.018274399188148
Toowoomba,1625,2.0,38.0,45.5110780753943,418,0.8349615435839304
Toowoomba,1625,3.0,87.0,74.39152554872894,674,1.1694880479768102
Toowoomba,1625,4.0,26.0,28.81974475495368,369,0.902159273826705
Toowoomba,1625,5.0,1.0,2.4377244644653944,28,0.41021863404866193
Toowoomba,1640,0.0,3.0,2.6803390614180236,26,1.1192613812122938
Toowoomba,1640,1.0,1.0,2.3658756796649882,22,0.42267647814089776
Toowoomba,1640,2.0,7.0,6.65026241443427,52,1.052590042884117
Toowoomba,1640,3.0,9.0,11.877887461009013,93,0.7577104960409736
Toowoomba,1640,4.0,6.0,2.3853223550727365,32,2.5153832928451467
Toowoomba,1640,5.0,0.0,0.03193541894398426,1,0.0
Toowoomba,1650,0.0,4.0,2.5066305899010612,17,1.595767647660393
Toowoomba,1650,1.0,1.0,1.725161391498778,11,0.5796559121527897
Toowoomba,1650,2.0,2.0,3.3469259173729435,27,0.5975632713047417
Toowoomba,1650,3.0,7.0,6.911541863670218,60,1.012798611087745
Toowoomba,1650,4.0,3.0,2.5014468701566352,30,1.1993059040315122
Toowoomba,1650,5.0,0.0,0.008293367400364406,1,0.0
Toowoomba,1850,0.0,13.0,5.757271937230751,47,2.258013889518132
Toowoomba,1850,1.0,4.0,4.137867758982676,32,0.9666814487525885
Toowoomba,1850,2.0,11.0,12.535715498576632,97,0.8774927925932106
Toowoomba,1850,3.0,13.0,14.842610583865262,149,0.8758567050281383
Toowoomba,1850,4.0,6.0,8.904537592585475,88,0.6738137649052107
Toowoomba,1850,5.0,0.0,0.8219966287592029,14,0.0
Toowoomba,1870,0.0,2.0,0.41540319153871325,4,4.814599504138887
Toowoomba,1870,1.0,0.0,0.28364337499576625,3,0.0
Toowoomba,1870,2.0,0.0,0.8718337075210465,5,0.0
Toowoomba,1870,3.0,2.0,1.4829645203513246,15,1.34864993231678
Toowoomba,1870,4.0,0.0,0.9461552055931491,7,0.0
Toowoomba,1875,0.0,0.0,0.2941385105896358,4,0.0
Toowoomba,1875,1.0,0.0,0.24997721367247536,4,0.0
Toowoomba,1875,2.0,4.0,2.3031093347948564,12,1.7367825050981742
Toowoomba,1875,3.0,0.0,0.45115542377303014,8,0.0
Toowoomba,1875,4.0,0.0,0.7016195171700021,6,0.0
Toowoomba,1880,0.0,1.0,1.4590821105087624,10,0.6853623883109042
Toowoomba,1880,1.0,2.0,1.3320472999439907,7,1.5014481843731038
Toowoomba,1880,2.0,4.0,1.6040984002532146,15,2.4936126109025363
Toowoomba,1880,3.0,2.0,3.353006373630105,28,0.596479629662832
Toowoomba,1880,4.0,1.0,1.6352685167213967,10,0.6115203648663968
Toowoomba,1880,5.0,0.0,0.6164972989425307,10,0.0
Toowoomba,1890,0.0,10.0,7.326327766040233,51,1.3649402974233633
Toowoomba,1890,1.0,4.0,3.483992219932616,33,1.1481081895404934
Toowoomba,1890,2.0,15.0,11.899542464161016,105,1.2605526679010497
Toowoomba,1890,3.0,16.0,16.13600706794439,173,0.9915712067197479
Toowoomba,1890,4.0,6.0,10.577859166829397,117,0.5672225263515621
Toowoomba,1890,5.0,0.0,1.5762713150923473,18,0.0
Toowoomba,1905,0.0,1.0,0.13810949106038856,1,7.240631996556621
Toowoomba,1905,3.0,0.0,0.1274856840557433,1,0.0
Toowoomba,1905,4.0,0.0,0.02673086923749456,1,0.0
Toowoomba,1905,5.0,0.0,0.7076739556463737,7,0.0
Toowoomba,1920,0.0,0.0,0.07502324768332472,1,0.0
Toowoomba,1920,1.0,0.0,0.06348120957819783,1,0.0
Toowoomba,1920,2.0,0.0,0.09069642120924701,2,0.0
Toowoomba,1920,3.0,1.0,0.44013638640883834,5,2.2720230157729104
Toowoomba,1920,4.0,0.0,0.33066273512039207,3,0.0
Toowoomba,2000,0.0,2.0,2.4341072786244875,28,0.8216564724009201
Toowoomba,2000,1.0,2.0,2.5405641617655674,17,0.7872267231425079
Toowoomba,2000,2.0,6.0,7.2945205437798,63,0.8225352117372996
Toowoomba,2000,3.0,15.0,10.062833845909529,106,1.4906337747092382
Toowoomba,2000,4.0,3.0,5.251224728581517,64,0.5712952987274595
Toowoomba,2000,5.0,0.0,0.4167494413390986,9,0.0
Toowoomba,2010,0.0,0.0,0.387031955043153,2,0.0
Toowoomba,2010,2.0,0.0,0.3647577211652451,4,0.0
Toowoomba,2010,3.0,2.0,0.5847263105953775,6,3.4204036380089833
Toowoomba,2010,4.0,0.0,0.5755851864462012,9,0.0
Toowoomba,2010,5.0,0.0,0.08789882675002325,2,0.0
Toowoomba,2020,0.0,0.0,0.252531339447338,2,0.0
Toowoomba,2020,1.0,0.0,0.09793112259763191,1,0.0
Toowoomba,2020,2.0,1.0,0.8393143819909836,6,1.1914486650733247
Toowoomba,2020,3.0,1.0,0.3532662455928742,6,2.830726151947338
Toowoomba,2020,4.0,0.0,0.45695691037117236,5,0.0
Toowoomba,2030,0.0,2.0,0.25450311734281084,2,7.8584499116607605
Toowoomba,2030,2.0,0.0,0.585226247352372,5,0.0
Toowoomba,2030,3.0,0.0,0.352440363444265,5,0.0
Toowoomba,2030,4.0,0.0,0.8078302718605521,5,0.0
Toowoomba,2150,0.0,4.0,2.7252973531981755,19,1.4677297489413192
Toowoomba,2150,1.0,2.0,1.776574382897993,16,1.125762039153998
Toowoomba,2150,2.0,4.0,3.443703397616578,38,1.161540219395329
Toowoomba,2150,3.0,8.0,7.063302539650665,61,1.1326146593737243
Toowoomba,2150,4.0,1.0,3.6089560970747727,42,0.27708843585283477
Toowoomba,2150,5.0,0.0,0.38216622956181595,5,0.0
Toowoomba,2170,0.0,0.0,0.048194936577415734,2,0.0
Toowoomba,2170,1.0,2.0,0.483415949063661,2,4.137223862542897
Toowoomba,2170,2.0,0.0,0.367852926921843,6,0.0
Toowoomba,2170,3.0,0.0,0.6266240589918548,6,0.0
Toowoomba,2170,4.0,0.0,0.4656548717078379,3,0.0
Toowoomba,2170,5.0,0.0,0.00825725673738769,1,0.0
Toowoomba,2175,0.0,0.0,0.13928631410311126,2,0.0
Toowoomba,2175,2.0,1.0,0.4667218457792491,4,2.142603799336579
Toowoomba,2175,3.0,0.0,0.5422855603118726,9,0.0
Toowoomba,2175,4.0,1.0,0.8517062798057671,7,1.1741136865024073
Townsville,1000,0.0,89.0,53.669847275797544,350,1.6582868131270911
Townsville,1000,1.0,86.0,77.02161646183288,644,1.1165696586310447
Townsville,1000,2.0,137.0,141.47332468990334,1498,0.9683804370915262
Townsville,1000,3.0,37.0,70.71965884624946,1146,0.5231925691333034
Townsville,1000,4.0,1.0,6.465976853578722,132,0.15465567270729252
Townsville,1000,5.0,0.0,0.11488629116260779,5,0.0
Townsville,1200,0.0,70.0,47.42509727823627,321,1.4760117325499618
Townsville,1200,1.0,45.0,38.702249784008664,305,1.1627231039833115
Townsville,1200,2.0,120.0,96.57813570657795,921,1.2425172542632419
Townsville,1200,3.0,75.0,98.5699812536057,1225,0.7608807371793681
Townsville,1200,4.0,10.0,36.46000081208267,607,0.27427316997442436
Townsville,1200,5.0,0.0,2.130322527377235,59,0.0
Townsville,1300,0.0,20.0,10.32792973934398,89,1.9364965200925524
Townsville,1300,1.0,11.0,8.586468982939769,79,1.2810853939908957
Townsville,1300,2.0,28.0,25.58781235551972,241,1.0942709603683618
Townsville,1300,3.0,23.0,30.847148845615315,371,0.7456118591417007
Townsville,1300,4.0,7.0,12.497128306837604,212,0.5601286814163589
Townsville,1300,5.0,0.0,0.7372660280742492,27,0.0
Townsville,1400,0.0,29.0,23.175808642976023,198,1.2513047741611008
Townsville,1400,1.0,14.0,15.245961177179373,153,0.9182759838688055
Townsville,1400,2.0,60.0,50.706387640256146,488,1.1832828720846522
Townsville,1400,3.0,75.0,71.43525827846692,775,1.0499017125078083
Townsville,1400,4.0,20.0,33.63886157409877,506,0.5945504414869851
Townsville,1400,5.0,0.0,3.4391881977952905,83,0.0
Townsville,1609,0.0,20.0,12.384568296498736,118,1.6149129724331397
Townsville,1609,1.0,6.0,9.461550397184467,83,0.6341455414944952
Townsville,1609,2.0,34.0,33.74718869213968,269,1.0074913294309225
Townsville,1609,3.0,48.0,41.68569400218128,440,1.1514741723500708
Townsville,1609,4.0,9.0,19.370872543946614,263,0.4646151059835709
Townsville,1609,5.0,1.0,1.1780240162309021,32,0.848879128287646
Townsville,1900,0.0,1.0,0.9375325288984337,5,1.0666296572930256
Townsville,1900,1.0,0.0,0.27906207552665047,3,0.0
Townsville,1900,2.0,1.0,0.38499192143830296,6,2.5974571005647853
Townsville,1900,3.0,1.0,1.8106079320277702,17,0.5523006843784569
Townsville,1900,4.0,2.0,1.5878055421088424,16,1.2596000876427864
Townsville,2000,0.0,2.0,1.5326551885059627,18,1.3049249531133005
Townsville,2000,1.0,1.0,1.5855284334218118,15,0.6307045518205231
Townsville,2000,2.0,5.0,3.7602751769769873,43,1.3296899201987844
Townsville,2000,3.0,8.0,6.835824752554313,80,1.1703050165249884
Townsville,2000,4.0,1.0,3.533135525497895,70,0.28303471315583867
Townsville,2000,5.0,1.0,0.7525809230430301,12,1.3287607609777576
Towong,940,0.0,0.0,0.22264755423299112,2,0.0
Towong,940,1.0,1.0,0.8124904105584105,4,1.2307837569587035
Towong,940,2.0,1.0,0.9114529275508573,12,1.0971493642431709
Towong,940,3.0,0.0,0.053409107657741185,1,0.0
Towong,1200,0.0,5.0,1.4876148858399916,9,3.361084947181553
Towong,1200,1.0,1.0,1.3960065584629013,10,0.7163290128816217
Towong,1200,2.0,1.0,3.1485337216577904,26,0.3176081593540857
Towong,1200,3.0,2.0,2.5291583782444254,28,0.790776891318395
Towong,1200,4.0,0.0,0.4386864557948913,10,0.0
Towong,1400,0.0,3.0,1.5118084084123,11,1.9843784326815577
Towong,1400,1.0,1.0,1.3167400503244586,10,0.7594513433031748
Towong,1400,2.0,3.0,2.9589353187940715,25,1.013878194952455
Towong,1400,3.0,4.0,4.18043019537023,44,0.9568393234815753
Towong,1400,4.0,0.0,0.9799633321959097,14,0.0
Towong,1400,5.0,0.0,0.05212269490303038,1,0.0
Towong,1600,0.0,0.0,0.20044204489479042,3,0.0
Towong,1600,1.0,0.0,0.14893901901770018,2,0.0
Towong,1600,2.0,1.0,0.8589218414406815,7,1.1642502865251234
Towong,1600,3.0,1.0,1.258013428696711,12,0.7949040743038727
Towong,1600,4.0,1.0,0.533683665950117,6,1.873769170393664
Traralgon,1100,0.0,10.0,5.2968329251066315,29,1.8879206011200906
Traralgon,1100,1.0,8.0,4.719042638551173,36,1.6952591050239245
Traralgon,1100,2.0,7.0,11.04792516096826,96,0.6336031334399904
Traralgon,1100,3.0,3.0,6.584231293952642,101,0.4556340544651556
Traralgon,1100,4.0,1.0,1.3404646576780237,31,0.7460099707009191
Traralgon,1100,5.0,0.0,0.01150332374327045,1,0.0
Traralgon,1365,0.0,1.0,0.46422513976057844,2,2.154127198961574
Traralgon,1365,1.0,0.0,0.2689267139123233,2,0.0
Traralgon,1365,2.0,1.0,0.7081133316522503,5,1.4122033229718844
Traralgon,1365,3.0,0.0,0.558734814674848,7,0.0
Traralgon,1430,0.0,6.0,3.7411897320243668,22,1.6037678999919058
Traralgon,1430,1.0,3.0,3.009162697498129,19,0.9969550674326294
Traralgon,1430,2.0,6.0,6.696319066129595,57,0.8960146523406238
Traralgon,1430,3.0,4.0,6.1144137865662564,75,0.6541919045106575
Traralgon,1430,4.0,2.0,2.261411567063538,32,0.8844033651941635
Traralgon,1430,5.0,1.0,0.1775031507181152,2,5.63370281572103
Traralgon,1900,0.0,5.0,3.3473624300288685,21,1.4937133652291361
Traralgon,1900,1.0,2.0,1.487722338485542,15,1.3443368754118068
Traralgon,1900,2.0,9.0,6.145018344127197,52,1.4646009980753454
Traralgon,1900,3.0,4.0,7.360277032959717,77,0.5434578049287798
Traralgon,1900,4.0,1.0,2.5208000956240206,47,0.396699445440338
Traralgon,1900,5.0,0.0,0.03896599545103123,3,0.0
Tumut,1000,0.0,1.0,0.8606806369006031,7,1.1618711483984347
Tumut,1000,1.0,3.0,1.9766597061757984,16,1.5177119210893595
Tumut,1000,2.0,3.0,3.101058114626014,23,0.9674117314508304
Tumut,1000,3.0,0.0,1.0304476411888652,16,0.0
Tumut,1000,4.0,0.0,0.031153901108719212,1,0.0
Tumut,1200,0.0,1.0,1.6271672170215725,7,0.6145649872607668
Tumut,1200,1.0,0.0,0.6254744218839494,6,0.0
Tumut,1200,2.0,3.0,2.546125211469927,23,1.1782609851571448
Tumut,1200,3.0,3.0,1.9052418416927284,24,1.5746032521176547
Tumut,1200,4.0,0.0,0.29599130793182254,7,0.0
Tumut,1400,0.0,2.0,1.9559495068732997,13,1.022521283382779
Tumut,1400,1.0,0.0,0.9840596799933901,11,0.0
Tumut,1400,2.0,4.0,4.0096412039015625,32,0.9975954946063051
Tumut,1400,3.0,7.0,5.564834441028551,47,1.2578990577671503
Tumut,1400,4.0,0.0,0.4525790315566707,9,0.0
Tumut,1400,5.0,0.0,0.03293613664652621,1,0.0
Tumut,1600,0.0,3.0,0.5211150712351305,5,5.7568858887337395
Tumut,1600,1.0,1.0,0.8738607393990877,5,1.1443470966411105
Tumut,1600,2.0,1.0,2.0343443302300788,16,0.4915588699219383
Tumut,1600,3.0,0.0,1.5543904865409854,19,0.0
Tumut,1600,4.0,0.0,0.016289372594717237,1,0.0
Tuncurry,1000,0.0,12.0,6.527321051828171,44,1.838426500660488
Tuncurry,1000,1.0,14.0,11.006637703607966,87,1.2719597371148876
Tuncurry,1000,2.0,15.0,15.446070002411066,176,0.9711208092193395
Tuncurry,1000,3.0,3.0,10.20478650534936,145,0.2939796926106584
Tuncurry,1000,4.0,0.0,0.5643318222012736,12,0.0
Tuncurry,1000,5.0,0.0,0.25085291460216513,2,0.0
Tuncurry,1005,0.0,2.0,1.5740994119034368,10,1.2705677829976154
Tuncurry,1005,1.0,3.0,2.4127446190854607,21,1.2433972399188835
Tuncurry,1005,2.0,5.0,4.480591633021274,43,1.1159240585887733
Tuncurry,1005,3.0,0.0,1.5166721544363937,23,0.0
Tuncurry,1005,4.0,0.0,0.01589218155343465,1,0.0
Tuncurry,1200,0.0,4.0,2.5608308508481157,28,1.5619930534167257
Tuncurry,1200,1.0,3.0,2.5768232202757217,24,1.1642242185628078
Tuncurry,1200,2.0,8.0,10.198086900518405,90,0.7844608580059591
Tuncurry,1200,3.0,11.0,10.246187225935763,119,1.0735700761114477
Tuncurry,1200,4.0,2.0,2.4126959069826244,41,0.8289482293279339
Tuncurry,1200,5.0,0.0,0.005375895439370301,1,0.0
Tuncurry,1205,0.0,1.0,1.0714881196557002,9,0.9332814630938966
Tuncurry,1205,1.0,2.0,1.0615792977594805,9,1.8839854961575704
Tuncurry,1205,2.0,2.0,3.1613571685848703,28,0.632639683954239
Tuncurry,1205,3.0,3.0,2.855243111142233,34,1.0506986211762044
Tuncurry,1205,4.0,1.0,0.850332302857716,14,1.1760108332228412
Tuncurry,1300,0.0,4.0,2.504226997433821,16,1.5972992880034262
Tuncurry,1300,1.0,1.0,1.320778714339301,16,0.7571291005399299
Tuncurry,1300,2.0,5.0,4.012981490769962,36,1.2459564071003628
Tuncurry,1300,3.0,5.0,5.780334408446422,60,0.8650018574520237
Tuncurry,1300,4.0,1.0,1.900577698102114,36,0.5261558109403176
Tuncurry,1300,5.0,0.0,0.4811006909083795,6,0.0
Tuncurry,1305,0.0,4.0,1.0869666705086871,7,3.6799656406465977
Tuncurry,1305,1.0,1.0,0.6168289731250453,3,1.621194923665295
Tuncurry,1305,2.0,2.0,1.7218829729547407,14,1.1615191226195891
Tuncurry,1305,3.0,0.0,2.3671567768752073,30,0.0
Tuncurry,1305,4.0,0.0,1.0836213959089465,16,0.0
Tuncurry,1305,5.0,0.0,0.12354321062737295,3,0.0
Tuncurry,1400,0.0,5.0,4.47800014523406,33,1.116569861062087
Tuncurry,1400,1.0,2.0,1.856280474493087,27,1.0774233891277447
Tuncurry,1400,2.0,11.0,9.379400009706035,89,1.1727829060085855
Tuncurry,1400,3.0,11.0,11.322204038871437,131,0.9715422864872206
Tuncurry,1400,4.0,4.0,5.7247348742585515,87,0.698722314283256
Tuncurry,1400,5.0,0.0,0.23938045743682956,6,0.0
Tuncurry,1405,0.0,1.0,0.9879600848142378,3,1.012186641313577
Tuncurry,1405,1.0,0.0,0.034387350806031065,2,0.0
Tuncurry,1405,2.0,1.0,0.825213178334085,9,1.211808083359465
Tuncurry,1405,3.0,1.0,0.5876760867758813,9,1.7016176470378728
Tuncurry,1405,4.0,0.0,0.5278952073166497,8,0.0
Tuncurry,1405,5.0,0.0,0.03686809195311529,2,0.0
Tuncurry,1500,0.0,1.0,0.8508977644792487,3,1.1752293186620395
Tuncurry,1500,1.0,0.0,0.2055515170161573,2,0.0
Tuncurry,1500,2.0,1.0,0.8504939865769893,7,1.17578726690912
Tuncurry,1500,3.0,0.0,0.6351228708934876,10,0.0
Tuncurry,1500,4.0,1.0,0.4579338610341171,6,2.1837214608716122
Tuncurry,1600,0.0,5.0,2.5997300159059566,23,1.9232766361923912
Tuncurry,1600,1.0,4.0,2.2797053748217464,17,1.754612698718915
Tuncurry,1600,2.0,3.0,6.20996497598513,58,0.4830945120627011
Tuncurry,1600,3.0,8.0,7.687334233960217,86,1.040672846597267
Tuncurry,1600,4.0,3.0,3.461753729085423,58,0.8666127734027412
Tuncurry,1600,5.0,0.0,0.7615116702415268,18,0.0
Tuncurry,1605,0.0,3.0,1.1494841428834424,9,2.609866363597327
Tuncurry,1605,1.0,2.0,0.9936792369706428,7,2.0127219384167208
Tuncurry,1605,2.0,2.0,2.611891920682524,25,0.7657284683806411
Tuncurry,1605,3.0,2.0,2.149471488390021,30,0.9304612835306892
Tuncurry,1605,4.0,0.0,1.8698047327228053,22,0.0
Tuncurry,1605,5.0,0.0,0.2256684783505645,4,0.0
Tuncurry,2100,0.0,2.0,1.304254807677254,19,1.533442689440262
Tuncurry,2100,1.0,0.0,1.2295673399205056,14,0.0
Tuncurry,2100,2.0,8.0,6.730382641323319,50,1.1886396994550446
Tuncurry,2100,3.0,7.0,6.1030541651519385,74,1.1469667170856137
Tuncurry,2100,4.0,2.0,3.4824309045449104,41,0.5743114665648659
Tuncurry,2100,5.0,0.0,0.15031014138207213,3,0.0
Tuncurry,2105,0.0,0.0,0.29484961924243125,3,0.0
Tuncurry,2105,1.0,1.0,0.49388691577506305,4,2.024754995646498
Tuncurry,2105,2.0,0.0,0.8971102553770602,7,0.0
Tuncurry,2105,3.0,2.0,1.1665691388717527,10,1.714429032414058
Tuncurry,2105,4.0,0.0,0.14758407073369278,3,0.0
Wagga,1000,0.0,40.0,30.557608645852586,195,1.3090029545040651
Wagga,1000,1.0,46.0,42.20005960555169,339,1.0900458537254865
Wagga,1000,2.0,79.0,79.01447644809582,846,0.9998167873945817
Wagga,1000,3.0,30.0,40.61242686999714,575,0.7386901574740125
Wagga,1000,4.0,0.0,2.5184386002184174,52,0.0
Wagga,1000,5.0,0.0,0.0969898302843525,4,0.0
Wagga,1200,0.0,50.0,32.105674669464875,264,1.5573570876413974
Wagga,1200,1.0,29.0,33.212340623901646,285,0.8731694139957668
Wagga,1200,2.0,83.0,79.38046313220924,793,1.0455973261552074
Wagga,1200,3.0,87.0,90.39638001939028,1109,0.9624279200266455
Wagga,1200,4.0,15.0,26.61340306222679,481,0.5636257777679682
Wagga,1200,5.0,0.0,2.2917384928071654,43,0.0
Wagga,1300,0.0,10.0,8.73138805669648,90,1.145293272394481
Wagga,1300,1.0,12.0,9.518261477091968,88,1.2607344344217633
Wagga,1300,2.0,29.0,27.641065748001825,260,1.0491635982630811
Wagga,1300,3.0,26.0,30.307620152301034,379,0.8578700626887068
Wagga,1300,4.0,12.0,12.598502616924542,196,0.9524941467154575
Wagga,1300,5.0,1.0,1.203161948984152,24,0.8311433060564417
Wagga,1400,0.0,26.0,15.5907301724991,147,1.667657621697673
Wagga,1400,1.0,21.0,13.617345398282568,122,1.5421507926683375
Wagga,1400,2.0,35.0,37.29342404631005,379,0.9385032588195138
Wagga,1400,3.0,52.0,55.39872761529965,603,0.9386497170313888
Wagga,1400,4.0,13.0,23.88809872571642,350,0.5442040469300732
Wagga,1400,5.0,0.0,1.2116740418922067,30,0.0
Wagga,1600,0.0,13.0,15.19918810388188,143,0.8553088435480177
Wagga,1600,1.0,14.0,11.254871797289358,102,1.2439057727313947
Wagga,1600,2.0,31.0,34.889862174825986,344,0.8885102453161128
Wagga,1600,3.0,57.0,49.978395761663705,551,1.14049278956093
Wagga,1600,4.0,24.0,27.882462503489656,366,0.8607561113727404
Wagga,1600,5.0,4.0,3.3516807049684396,55,1.193431102810751
Wagga,1800,0.0,8.0,4.781096160848373,42,1.6732564522568514
Wagga,1800,1.0,1.0,2.624103279038085,27,0.3810825617986229
Wagga,1800,2.0,10.0,9.96833566009287,87,1.003176492143407
Wagga,1800,3.0,17.0,14.086674607910282,153,1.2068142747085078
Wagga,1800,4.0,6.0,8.685855322311305,116,0.6907782569884438
Wagga,1800,5.0,0.0,1.8539349697990852,26,0.0
Wagga,2000,0.0,4.0,5.265483425728701,51,0.759664341635722
Wagga,2000,1.0,5.0,4.589117564355714,45,1.0895340835971745
Wagga,2000,2.0,12.0,13.036794983784256,127,0.9204716354691572
Wagga,2000,3.0,21.0,16.86912351993512,177,1.2448779555845453
Wagga,2000,4.0,7.0,9.60017519588311,119,0.72915335993054
Wagga,2000,5.0,2.0,1.6393053103130997,29,1.2200289887537845
Wagga,2500,0.0,2.0,0.6575728780368731,4,3.041487973121438
Wagga,2500,1.0,1.0,0.4660717782348469,4,2.145592260031918
Wagga,2500,2.0,0.0,0.5368528921223092,10,0.0
Wagga,2500,3.0,1.0,2.0098428735054545,22,0.49755133258544554
Wagga,2500,4.0,0.0,0.32965957810051605,5,0.0
Wagga,3200,0.0,0.0,0.3315283270033537,3,0.0
Wagga,3200,2.0,1.0,0.925010223658949,10,1.0810691324517725
Wagga,3200,3.0,2.0,1.4757586967858587,8,1.3552351101544697
Wagga,3200,4.0,0.0,0.26770275255183856,4,0.0
Wagga Riverside,1050,0.0,2.0,1.1720347801338735,8,1.706434001703903
Wagga Riverside,1050,1.0,1.0,0.6428751809809743,7,1.5555119089744338
Wagga Riverside,1050,2.0,3.0,3.201203605650812,32,0.937147513736507
Wagga Riverside,1050,3.0,1.0,2.5314824447535482,33,0.3950254531973872
Wagga Riverside,1050,4.0,1.0,0.452403988480792,6,2.2104137573103153
Wagga Riverside,1065,0.0,8.0,2.8432902196179493,20,2.8136417256325505
Wagga Riverside,1065,1.0,0.0,3.0812661176989637,20,0.0
Wagga Riverside,1065,2.0,7.0,6.823060738073107,66,1.0259325350776316
Wagga Riverside,1065,3.0,5.0,6.74498520965689,74,0.7412914698228589
Wagga Riverside,1065,4.0,0.0,0.48729050607243307,13,0.0
Wagga Riverside,1065,5.0,0.0,0.020107208880656202,1,0.0
Wagga Riverside,1100,0.0,0.0,0.032235161819082835,1,0.0
Wagga Riverside,1100,2.0,0.0,0.1523844013265734,1,0.0
Wagga Riverside,1100,3.0,1.0,0.5866799451073077,4,1.7045068752385821
Wagga Riverside,1100,4.0,0.0,0.2287004917470362,3,0.0
Wagga Riverside,1200,0.0,13.0,7.717148326884676,49,1.6845600796230842
Wagga Riverside,1200,1.0,3.0,5.091224578479024,42,0.5892491980576181
Wagga Riverside,1200,2.0,14.0,13.376696220626185,138,1.0465962423825332
Wagga Riverside,1200,3.0,17.0,17.31004168085595,190,0.9820889119407009
Wagga Riverside,1200,4.0,2.0,5.3489462459498665,77,0.3739054213742318
Wagga Riverside,1200,5.0,0.0,0.11244716233447435,3,0.0
Wagga Riverside,1215,0.0,3.0,0.9110980065815615,4,3.2927302862356114
Wagga Riverside,1215,1.0,0.0,0.6518600097189925,6,0.0
Wagga Riverside,1215,2.0,0.0,0.8242204378100508,9,0.0
Wagga Riverside,1215,3.0,1.0,1.2724557926041733,13,0.785881918894351
Wagga Riverside,1215,4.0,0.0,0.34036575328522173,8,0.0
Wagga Riverside,1660,0.0,1.0,0.8036200107038649,4,1.2443692126632488
Wagga Riverside,1660,1.0,0.0,0.5094898379697099,5,0.0
Wagga Riverside,1660,2.0,2.0,0.7561979373962321,9,2.64481017613784
Wagga Riverside,1660,3.0,1.0,1.5065826418734776,13,0.6637538308263475
Wagga Riverside,1660,4.0,0.0,0.4241095720567155,5,0.0
Wagga Riverside,1665,0.0,0.0,0.18316190926514794,1,0.0
Wagga Riverside,1665,2.0,0.0,0.08868892448628216,1,0.0
Wagga Riverside,1665,3.0,0.0,0.09259650581265796,2,0.0
Wagga Riverside,1665,4.0,1.0,0.5845528518693808,6,1.7107092999410283
Wagga Riverside,1665,5.0,0.0,0.05099980856653124,2,0.0
Wagga Riverside,1675,0.0,2.0,2.170991145527424,16,0.9212382114594563
Wagga Riverside,1675,1.0,1.0,1.5647610487040349,10,0.6390752126838913
Wagga Riverside,1675,2.0,5.0,3.5071347015447984,35,1.4256652297380066
Wagga Riverside,1675,3.0,5.0,6.189524001750727,60,0.8078165620790442
Wagga Riverside,1675,4.0,3.0,2.411620872126672,27,1.2439766277833173
Wagga Riverside,1675,5.0,0.0,0.15596823034634433,3,0.0
Wagga Riverside,1800,0.0,2.0,2.202231108581434,19,0.9081698974311098
Wagga Riverside,1800,1.0,1.0,1.8521489443110506,17,0.5399133817350596
Wagga Riverside,1800,2.0,5.0,5.008676895249363,45,0.9982676272734636
Wagga Riverside,1800,3.0,7.0,5.810181988192433,71,1.2047815394122834
Wagga Riverside,1800,4.0,3.0,3.7113519997415683,43,0.8083307646940787
Wagga Riverside,1800,5.0,1.0,0.24659485086126504,3,4.055234716002253
Wagga Riverside,1815,0.0,0.0,0.0831103401863455,1,0.0
Wagga Riverside,1815,1.0,0.0,0.03196551545628673,1,0.0
Wagga Riverside,1815,2.0,0.0,0.15708892363480798,3,0.0
Wagga Riverside,1815,3.0,1.0,0.7278352207225599,5,1.373937357699244
Walcha,1000,0.0,4.0,2.656101682150755,15,1.5059664420531653
Walcha,1000,1.0,3.0,1.6757859915190136,17,1.7902047249366577
Walcha,1000,2.0,6.0,7.092929835078504,66,0.8459127806857253
Walcha,1000,3.0,2.0,3.213063076214515,47,0.6224589908631079
Walcha,1000,4.0,0.0,0.3540484909158687,8,0.0
Walcha,1000,5.0,0.0,0.00807092412134353,1,0.0
Walcha,1200,0.0,3.0,1.4690009233475383,11,2.04220429839053
Walcha,1200,1.0,0.0,1.9912421641470324,14,0.0
Walcha,1200,2.0,6.0,3.3637732791892043,32,1.7837111784912643
Walcha,1200,3.0,2.0,3.303119507402788,38,0.6054882348391267
Walcha,1200,4.0,0.0,0.814661310684322,16,0.0
Walcha,1200,5.0,0.0,0.05820281522911522,1,0.0
Walcha,1440,0.0,4.0,1.198904547133435,11,3.336379038317894
Walcha,1440,1.0,0.0,0.602881925757068,10,0.0
Walcha,1440,2.0,2.0,3.065879872771104,27,0.6523412798272147
Walcha,1440,3.0,3.0,3.8556087340538867,43,0.7780872507895069
Walcha,1440,4.0,2.0,2.022373791410027,24,0.9889368664165552
Walcha,1440,5.0,0.0,0.25435112887447986,5,0.0
Walcha,1700,0.0,1.0,0.5959210924622159,6,1.6780745180007275
Walcha,1700,1.0,0.0,0.2685565498298476,4,0.0
Walcha,1700,2.0,4.0,1.6607443534140005,16,2.4085585429070884
Walcha,1700,3.0,1.0,2.1620836109720543,23,0.46251680320096805
Walcha,1700,4.0,0.0,1.22804062244791,15,0.0
Walcha,1700,5.0,0.0,0.08465377087397197,2,0.0
Wangaratta,1000,0.0,12.0,5.965499874185005,48,2.011566549842467
Wangaratta,1000,1.0,12.0,9.947985351768915,84,1.206274393826505
Wangaratta,1000,2.0,17.0,21.697819485871772,231,0.7834888667531458
Wangaratta,1000,3.0,7.0,9.632255896099942,163,0.7267248789387198
Wangaratta,1000,4.0,0.0,0.7564393920743654,15,0.0
Wangaratta,1100,0.0,8.0,5.876806104025153,57,1.3612836391727514
Wangaratta,1100,1.0,9.0,8.124311636224132,81,1.1077861612141278
Wangaratta,1100,2.0,25.0,22.099858101102043,233,1.131228982812036
Wangaratta,1100,3.0,14.0,18.56989453607827,242,0.7539084281173642
Wangaratta,1100,4.0,1.0,2.3291296225704037,38,0.4293449322483006
Wangaratta,1170,0.0,15.0,9.67909771336639,92,1.5497312295221162
Wangaratta,1170,1.0,14.0,13.054019425705727,122,1.0724666130365539
Wangaratta,1170,2.0,38.0,35.36800410792327,343,1.074417427798452
Wangaratta,1170,3.0,23.0,28.188871711487668,386,0.8159248172613779
Wangaratta,1170,4.0,2.0,5.611054322322673,89,0.3564392510055237
Wangaratta,1170,5.0,0.0,0.07017061422876862,2,0.0
Wangaratta,1300,0.0,9.0,7.430243062089954,78,1.2112658932948164
Wangaratta,1300,1.0,7.0,5.515779888293724,61,1.2690861748954618
Wangaratta,1300,2.0,24.0,20.91059908431935,213,1.1477433000949915
Wangaratta,1300,3.0,32.0,29.75060239475791,364,1.0756084725746071
Wangaratta,1300,4.0,5.0,13.459738581649622,201,0.37147824006156893
Wangaratta,1300,5.0,1.0,0.7242798858184126,12,1.3806817220528396
Wangaratta,1400,0.0,7.0,6.214225413561958,77,1.1264477121674994
Wangaratta,1400,1.0,8.0,7.98774361254186,64,1.0015343992061658
Wangaratta,1400,2.0,27.0,21.44502297208414,188,1.2590333913443228
Wangaratta,1400,3.0,26.0,27.313856749515473,333,0.9518977945310202
Wangaratta,1400,4.0,9.0,12.844972538086125,186,0.7006632340641019
Wangaratta,1400,5.0,0.0,1.1941787142104434,20,0.0
Wangaratta,1590,0.0,6.0,9.325242096284521,92,0.6434149310065199
Wangaratta,1590,1.0,11.0,7.813850716303937,73,1.4077566105848458
Wangaratta,1590,2.0,24.0,23.529520096124518,244,1.0199953038546237
Wangaratta,1590,3.0,41.0,34.62639470141641,401,1.1840678289941307
Wangaratta,1590,4.0,9.0,15.407728656690916,223,0.584122436248362
Wangaratta,1590,5.0,1.0,1.2972637331796968,21,0.7708532771119102
Wangaratta,2000,0.0,7.0,6.532111778718377,63,1.0716289367254863
Wangaratta,2000,1.0,5.0,5.23106386806453,50,0.9558285133020135
Wangaratta,2000,2.0,23.0,19.048929949961497,167,1.2074169027035815
Wangaratta,2000,3.0,21.0,23.18803180730182,249,0.9056396064364196
Wangaratta,2000,4.0,7.0,8.022901313973176,115,0.8725023188068352
Wangaratta,2000,5.0,0.0,0.9769612819806013,16,0.0
Warracknabeal,1000,0.0,14.0,5.893128698992699,46,2.3756481005400394
Warracknabeal,1000,1.0,14.0,9.018063651354389,78,1.5524396967299507
Warracknabeal,1000,2.0,14.0,19.83954989841161,181,0.7056611703232675
Warracknabeal,1000,3.0,4.0,10.690468537939141,154,0.37416507852808306
Warracknabeal,1000,4.0,0.0,0.527141677569787,19,0.0
Warracknabeal,1005,0.0,5.0,1.8277696419954055,10,2.7355744865865153
Warracknabeal,1005,1.0,2.0,2.4881650962421715,17,0.8038051827913517
Warracknabeal,1005,2.0,1.0,3.198296710256508,32,0.3126664254736386
Warracknabeal,1005,3.0,2.0,2.447459133788365,35,0.8171740121781917
Warracknabeal,1005,4.0,0.0,0.03830941771755018,3,0.0
Warracknabeal,1200,0.0,16.0,8.230497305521562,74,1.943989458482192
Warracknabeal,1200,1.0,13.0,7.237964704587065,70,1.7960850225977534
Warracknabeal,1200,2.0,26.0,27.479790713458502,243,0.9461498550375145
Warracknabeal,1200,3.0,16.0,25.281463370520534,282,0.6328747575054066
Warracknabeal,1200,4.0,3.0,5.546224683155561,99,0.540908486652425
Warracknabeal,1200,5.0,0.0,0.22405922275677426,6,0.0
Warracknabeal,1205,0.0,4.0,2.117717519099846,16,1.888826042153268
Warracknabeal,1205,1.0,0.0,1.7148873287707318,11,0.0
Warracknabeal,1205,2.0,7.0,5.75206165629228,53,1.2169549664584312
Warracknabeal,1205,3.0,5.0,5.423064555484064,66,0.9219879182414967
Warracknabeal,1205,4.0,0.0,0.9867374136415916,17,0.0
Warracknabeal,1205,5.0,0.0,0.0055315267114868,1,0.0
Warracknabeal,1600,0.0,5.0,5.999171638662675,42,0.8334483994051204
Warracknabeal,1600,1.0,1.0,1.877800250779885,28,0.5325380053521037
Warracknabeal,1600,2.0,17.0,11.294519129870011,102,1.5051548281538618
Warracknabeal,1600,3.0,13.0,15.351764384407135,178,0.8468082022678882
Warracknabeal,1600,4.0,5.0,7.073083532775737,102,0.7069052665404925
Warracknabeal,1600,5.0,1.0,0.4036610635045572,10,2.477325881565266
Warracknabeal,1610,0.0,5.0,1.4179350653359928,12,3.5262545671054437
Warracknabeal,1610,1.0,1.0,0.5000771381223025,10,1.9996914951057667
Warracknabeal,1610,2.0,0.0,2.8778382451310454,26,0.0
Warracknabeal,1610,3.0,4.0,5.040779592607284,51,0.7935280498806827
Warracknabeal,1610,4.0,2.0,1.9286593594444197,26,1.0369897567479884
Warracknabeal,1610,5.0,0.0,0.23471059935895577,5,0.0
Warracknabeal,1800,0.0,5.0,0.9927880528317027,15,5.036321685921416
Warracknabeal,1800,1.0,0.0,0.7892408005824624,12,0.0
Warracknabeal,1800,2.0,5.0,4.5338169995897735,39,1.1028235150321257
Warracknabeal,1800,3.0,5.0,6.476030240156927,65,0.7720779265352596
Warracknabeal,1800,4.0,0.0,2.0986466926259104,32,0.0
Warracknabeal,1800,5.0,0.0,0.1094772142132246,3,0.0
Warracknabeal,2000,0.0,7.0,3.3538674441863914,30,2.087142714043106
Warracknabeal,2000,1.0,3.0,2.8022665159222493,24,1.0705619836493943
Warracknabeal,2000,2.0,6.0,7.264458412789223,78,0.8259390664879961
Warracknabeal,2000,3.0,12.0,11.533787961361227,125,1.0404214157742977
Warracknabeal,2000,4.0,1.0,4.180401961800861,58,0.23921144644406717
Warracknabeal,2000,5.0,1.0,0.8384195347158803,10,1.1927203012258956
Warracknabeal,2015,0.0,0.0,0.14687861286296408,4,0.0
Warracknabeal,2015,1.0,1.0,0.5159616263835083,3,1.9381286298541738
Warracknabeal,2015,2.0,1.0,1.7578010074064505,15,0.568892608313754
Warracknabeal,2015,3.0,2.0,1.298127468302912,17,1.5406807488748935
Warracknabeal,2015,4.0,0.0,0.28123128504416495,4,0.0
Warren,1000,0.0,12.0,7.716375736776918,49,1.5551342248417164
Warren,1000,1.0,13.0,11.65446288532817,95,1.1154525204559818
Warren,1000,2.0,16.0,18.594346170845405,193,0.8604766122450085
Warren,1000,3.0,8.0,10.191341382546996,166,0.7849800825728652
Warren,1000,4.0,0.0,0.7831411873336677,25,0.0
Warren,1000,5.0,0.0,0.01986271945767577,1,0.0
Warren,1200,0.0,9.0,5.145613240633425,45,1.7490626634993849
Warren,1200,1.0,6.0,6.066937920674898,43,0.9889667701318012
Warren,1200,2.0,18.0,15.917025338863189,145,1.1308645690254069
Warren,1200,3.0,8.0,12.730368410664454,170,0.6284185768966638
Warren,1200,4.0,4.0,5.023978238148066,72,0.7961817926732254
Warren,1200,5.0,0.0,0.11607685101596965,3,0.0
Warren,1400,0.0,9.0,4.4847821839619195,34,2.00678642369411
Warren,1400,1.0,4.0,3.9717881046542898,34,1.0071030716146843
Warren,1400,2.0,7.0,8.3796099418378,82,0.8353610786882013
Warren,1400,3.0,11.0,10.404065432086258,127,1.0572790099989062
Warren,1400,4.0,2.0,4.981628339430104,94,0.4014751530478083
Warren,1400,5.0,1.0,1.5927783349023983,19,0.6278337531890636
Warren,1600,0.0,5.0,2.692504814165704,23,1.8570068932446062
Warren,1600,1.0,1.0,2.0048166609125313,21,0.4987987278322151
Warren,1600,2.0,8.0,6.255594790399974,53,1.2788552117021779
Warren,1600,3.0,5.0,6.990611448542383,82,0.7152450163772947
Warren,1600,4.0,4.0,4.295646647303333,53,0.9311752870807168
Warren,1600,5.0,0.0,0.7098330799864813,7,0.0
Warren,2400,0.0,0.0,0.11723464599851553,1,0.0
Warren,2400,1.0,0.0,0.08638342336732724,1,0.0
Warren,2400,2.0,0.0,0.5148144958751829,4,0.0
Warren,2400,3.0,1.0,0.28156743475897433,5,3.5515470773671467
Warrnambool,1000,0.0,14.0,8.685907286162315,58,1.6118062902080093
Warrnambool,1000,1.0,12.0,12.090832663920724,96,0.9924874765497524
Warrnambool,1000,2.0,24.0,23.550355993748855,239,1.0190928751298067
Warrnambool,1000,3.0,8.0,12.769571052273315,153,0.6264893289877417
Warrnambool,1000,4.0,0.0,0.7594983674251417,18,0.0
Warrnambool,1000,5.0,0.0,0.14383463646964756,2,0.0
Warrnambool,1100,0.0,11.0,6.384195669569249,52,1.7230048340204125
Warrnambool,1100,1.0,5.0,7.846137889583696,63,0.6372561979362935
Warrnambool,1100,2.0,14.0,19.019594926726253,183,0.7360829741083108
Warrnambool,1100,3.0,21.0,16.2024403509976,206,1.2961010529939714
Warrnambool,1100,4.0,1.0,2.4937315504477775,46,0.40100547303114437
Warrnambool,1100,5.0,0.0,0.053899612675426714,3,0.0
Warrnambool,1200,0.0,15.0,12.831063600237293,109,1.1690379275902425
Warrnambool,1200,1.0,23.0,13.538821384357417,121,1.6988184825729298
Warrnambool,1200,2.0,40.0,38.929600155805026,355,1.0274957831550027
Warrnambool,1200,3.0,28.0,36.89241074248075,449,0.7589636848469394
Warrnambool,1200,4.0,3.0,6.425020250540976,106,0.466924598369539
Warrnambool,1200,5.0,0.0,0.38308386657853327,3,0.0
Warrnambool,1300,0.0,11.0,6.690522601326776,45,1.6441167088828945
Warrnambool,1300,1.0,7.0,4.748669859015775,40,1.4740970014392287
Warrnambool,1300,2.0,6.0,12.113634068651958,140,0.4953096623190053
Warrnambool,1300,3.0,18.0,15.349470082477763,190,1.172678920072163
Warrnambool,1300,4.0,3.0,5.8269857259842235,83,0.5148459497029704
Warrnambool,1300,5.0,0.0,0.2707176625435013,10,0.0
Warrnambool,1400,0.0,21.0,14.410395841803727,131,1.4572812732236136
Warrnambool,1400,1.0,14.0,9.548955190496653,95,1.466128986963216
Warrnambool,1400,2.0,38.0,42.24744492924115,350,0.8994626790719521
Warrnambool,1400,3.0,41.0,46.880083835453945,574,0.8745718148437478
Warrnambool,1400,4.0,17.0,17.47297516387253,266,0.9729310458329694
Warrnambool,1400,5.0,0.0,0.44014503913199665,17,0.0
Warrnambool,1700,0.0,27.0,16.007856693193002,141,1.68667177108608
Warrnambool,1700,1.0,11.0,12.116688821292549,103,0.9078387802342335
Warrnambool,1700,2.0,41.0,36.0261082899293,330,1.1380635307605818
Warrnambool,1700,3.0,40.0,46.72351887866138,555,0.8560999034314599
Warrnambool,1700,4.0,21.0,27.172878624791803,370,0.7728294189942823
Warrnambool,1700,5.0,1.0,2.9474170402458024,48,0.3392801175895367
Warrnambool,2000,0.0,8.0,7.569592995310169,66,1.0568599929951974
Warrnambool,2000,1.0,5.0,4.216857138689863,54,1.1857171906832613
Warrnambool,2000,2.0,25.0,17.40072261603805,162,1.4367219426254048
Warrnambool,2000,3.0,19.0,25.07105119889787,286,0.7578461648562724
Warrnambool,2000,4.0,9.0,10.792365794337599,147,0.8339228090954817
Warrnambool,2000,5.0,0.0,0.850505512165296,20,0.0
Warrnambool,2041,0.0,0.0,0.2281692067900488,2,0.0
Warrnambool,2041,1.0,1.0,0.21161492109897687,2,4.725564694619424
Warrnambool,2041,2.0,0.0,0.7737662981294569,8,0.0
Warrnambool,2041,3.0,0.0,0.6787430545935509,10,0.0
Warrnambool,2041,4.0,1.0,0.10770651938796667,2,9.284489051195942
Warrnambool,2042,0.0,0.0,0.14977642198336574,1,0.0
Warrnambool,2042,2.0,0.0,0.3648125706880551,3,0.0
Warrnambool,2042,3.0,1.0,0.4854110073285792,6,2.0601098551584567
Warrnambool,2053,0.0,0.0,0.040956890915346454,1,0.0
Warrnambool,2053,1.0,0.0,0.17807343876237589,1,0.0
Warrnambool,2053,2.0,0.0,0.3032445686819814,2,0.0
Warrnambool,2053,3.0,1.0,0.3866252536250717,3,2.5864839159465407
Warrnambool,2053,4.0,0.0,0.09109984801522458,4,0.0
Warrnambool,2350,0.0,5.0,5.352606307102451,45,0.934124371031254
Warrnambool,2350,1.0,5.0,3.478182827240684,39,1.437532254153128
Warrnambool,2350,2.0,11.0,11.319261077728449,127,0.9717948834702099
Warrnambool,2350,3.0,20.0,16.780960543505334,180,1.1918268890597277
Warrnambool,2350,4.0,3.0,6.406082747879533,98,0.4683049092665912
Warrnambool,2350,5.0,1.0,1.6629064965435505,18,0.6013567221479735
Warrnambool,2356,0.0,0.0,0.055250492272386,1,0.0
Warrnambool,2356,2.0,0.0,0.013586186624357214,1,0.0
Warrnambool,2356,3.0,1.0,0.47646433327194687,5,2.0987929844252156
Warrnambool,2356,4.0,0.0,0.45469898783130996,4,0.0
Warrnambool,2387,0.0,0.0,0.06415709606365419,2,0.0
Warrnambool,2387,1.0,0.0,0.22304145053526317,2,0.0
Warrnambool,2387,2.0,2.0,1.1458423823236297,8,1.745440761184136
Warrnambool,2387,3.0,0.0,0.5669590710774528,5,0.0
Warrnambool,2388,0.0,1.0,0.27042551869155884,1,3.6978758692539557
Warrnambool,2388,1.0,0.0,0.04412205831283328,1,0.0
Warrnambool,2388,2.0,0.0,0.1762619662856263,2,0.0
Warrnambool,2388,3.0,0.0,0.30745591201761546,4,0.0
Warrnambool,2388,4.0,0.0,0.2017345446923661,2,0.0
Warrnambool,2390,0.0,0.0,0.03969669952674805,1,0.0
Warrnambool,2390,1.0,0.0,0.05954504929012208,1,0.0
Warrnambool,2390,2.0,0.0,0.3444560165651954,4,0.0
Warrnambool,2390,3.0,1.0,0.5042003164890776,3,1.9833386995140112
Warrnambool,2390,4.0,0.0,0.052101918128856825,1,0.0
Warrnambool,2400,0.0,0.0,0.1796804891699063,1,0.0
Warrnambool,2400,2.0,0.0,0.061485786903750866,2,0.0
Warrnambool,2400,3.0,1.0,0.7588337239263427,7,1.3178117530489017
Warrnambool,2407,0.0,0.0,0.227416839150167,1,0.0
Warrnambool,2407,1.0,0.0,0.060103021775401284,1,0.0
Warrnambool,2407,2.0,1.0,0.18559061222746154,3,5.388203573435012
Warrnambool,2407,3.0,0.0,0.4690618087497291,4,0.0
Warrnambool,2407,4.0,0.0,0.05782771809724107,2,0.0
Warrnambool,3100,0.0,3.0,1.1301327896120212,8,2.6545553120619667
Warrnambool,3100,1.0,1.0,0.9893379461254084,11,1.0107769583855022
Warrnambool,3100,2.0,2.0,1.8771329738645997,20,1.06545462034181
Warrnambool,3100,3.0,1.0,2.5480470238963724,25,0.39245743529129995
Warrnambool,3100,4.0,1.0,1.2240957167711402,20,0.8169295801783795
Warrnambool,3100,5.0,0.0,0.12660227879829777,6,0.0
Warrnambool,3136,0.0,0.0,0.06999949326070254,1,0.0
Warrnambool,3136,1.0,0.0,0.014793576044616853,2,0.0
Warrnambool,3136,2.0,1.0,0.6303849456529658,5,1.5863322988530117
Warrnambool,3136,3.0,0.0,0.28482198504171485,3,0.0
Warrnambool,3163,0.0,0.0,0.004192241707364352,1,0.0
Warrnambool,3163,1.0,0.0,0.3616561980098175,2,0.0
Warrnambool,3163,2.0,0.0,0.3882165543937511,3,0.0
Warrnambool,3163,3.0,1.0,0.245935005889067,2,4.066114933028551
Warrnambool,3172,0.0,0.0,0.17349249599602837,1,0.0
Warrnambool,3172,1.0,0.0,0.08765936639799327,1,0.0
Warrnambool,3172,2.0,0.0,0.5001249229115762,4,0.0
Warrnambool,3172,3.0,1.0,0.2387232146944021,2,4.188951632877996
Warrnambool,3300,0.0,0.0,0.44422130684482003,3,0.0
Warrnambool,3300,1.0,2.0,0.4262370479961987,2,4.692224689060432
Warrnambool,3300,2.0,1.0,0.9635640191934236,7,1.0378137623248698
Warrnambool,3300,3.0,0.0,0.9758950426339076,11,0.0
Warrnambool,3300,4.0,0.0,0.19008258333165007,4,0.0
Warrnambool,3400,0.0,0.0,0.15819877336095683,1,0.0
Warrnambool,3400,2.0,1.0,0.41392479776309776,4,2.4158977799931947
Warrnambool,3400,3.0,0.0,0.18435724180218988,3,0.0
Warrnambool,3400,4.0,0.0,0.20208617500302872,2,0.0
Warrnambool,3400,5.0,0.0,0.04143301207072679,1,0.0
Warrnambool,3450,0.0,1.0,0.26550522781488384,1,3.7664041805505324
Warrnambool,3450,1.0,0.0,0.04841565918977293,1,0.0
Warrnambool,3450,2.0,0.0,0.043319274011902095,1,0.0
Warrnambool,3450,3.0,0.0,0.5678793438321855,5,0.0
Warrnambool,3450,4.0,0.0,0.054805709633545016,3,0.0
Warrnambool,3450,5.0,0.0,0.02007478551771073,1,0.0
Warrnambool,4065,0.0,1.0,0.6152098216073292,5,1.6254616959582147
Warrnambool,4065,1.0,0.0,0.8432070872137629,5,0.0
Warrnambool,4065,2.0,2.0,1.5592274543959257,16,1.282686496034562
Warrnambool,4065,3.0,2.0,1.9741408976656452,18,1.0130989142491968
Warrnambool,4065,4.0,0.0,0.00821473911733701,1,0.0
Warrnambool,4600,0.0,1.0,0.4466156107567407,6,2.2390619044990627
Warrnambool,4600,1.0,2.0,0.852434596828272,9,2.346221056068788
Warrnambool,4600,2.0,2.0,2.060910166159453,18,0.970445016401195
Warrnambool,4600,3.0,1.0,1.2639017450817638,17,0.7912007431679813
Warrnambool,4600,4.0,0.0,0.8823793375472093,18,0.0
Warrnambool,4600,5.0,0.0,0.49375854362656135,11,0.0
Warrnambool,4652,0.0,0.0,0.026701624306224324,1,0.0
Warrnambool,4652,4.0,0.0,0.6192446561779452,7,0.0
Warrnambool,4652,5.0,1.0,0.3540537195158305,6,2.8244301496606306
Warwick,800,0.0,6.0,3.606135247587295,22,1.6638311067268854
Warwick,800,1.0,8.0,6.74106022545204,51,1.1867569391821504
Warwick,800,2.0,2.0,5.3723589288292315,60,0.37227594553810817
Warwick,800,3.0,4.0,4.07627288934388,63,0.9812885713458314
Warwick,800,4.0,1.0,1.2041727087875531,13,0.8304456600804972
Warwick,1100,0.0,9.0,5.9619880020155875,47,1.5095635880108016
Warwick,1100,1.0,4.0,6.252476762812332,67,0.6397464799534609
Warwick,1100,2.0,19.0,15.946913633211649,145,1.1914531198331617
Warwick,1100,3.0,14.0,15.048511954779006,178,0.9303245425242177
Warwick,1100,4.0,0.0,2.7636537442004845,55,0.0
Warwick,1100,5.0,0.0,0.026455902980941578,1,0.0
Warwick,1200,0.0,18.0,10.032337770321506,79,1.794197963833424
Warwick,1200,1.0,8.0,8.538025315082626,73,0.9369848067641365
Warwick,1200,2.0,31.0,29.399154831012098,255,1.0544520812992633
Warwick,1200,3.0,15.0,23.462236361024367,317,0.6393252445840204
Warwick,1200,4.0,7.0,7.2944193005665605,132,0.9596377328427373
Warwick,1200,5.0,0.0,0.27382642199284435,5,0.0
Warwick,1350,0.0,18.0,13.013311333864637,112,1.3831990596550523
Warwick,1350,1.0,13.0,10.891246242664652,96,1.1936191424150024
Warwick,1350,2.0,37.0,34.35978929615728,324,1.0768401308019078
Warwick,1350,3.0,31.0,39.70368156521146,450,0.7807840174489595
Warwick,1350,4.0,12.0,13.247962711796372,219,0.9057996509391478
Warwick,1350,5.0,1.0,0.784008850305598,31,1.275495805449404
Warwick,1500,0.0,8.0,6.300351527327113,60,1.2697704192061094
Warwick,1500,1.0,5.0,4.423135204873918,50,1.1304198873438067
Warwick,1500,2.0,15.0,17.00355494039655,146,0.8821684672752423
Warwick,1500,3.0,21.0,19.420549028294367,227,1.0813288527221596
Warwick,1500,4.0,10.0,10.900797669267313,177,0.917364059347057
Warwick,1500,5.0,1.0,1.9516116298407398,37,0.5123970285428174
Warwick,2000,0.0,2.0,1.2750147702956656,17,1.5686092793546353
Warwick,2000,1.0,0.0,1.9099332209825328,16,0.0
Warwick,2000,2.0,7.0,3.539935854154842,39,1.9774369616850718
Warwick,2000,3.0,8.0,7.400900005961516,67,1.0809496133653882
Warwick,2000,4.0,0.0,2.5849911882640835,41,0.0
Warwick,2000,5.0,0.0,0.2892249603413602,3,0.0
Warwick Farm,1000,0.0,17.0,9.961059894563109,62,1.7066456963358736
Warwick Farm,1000,1.0,13.0,12.713793799390878,102,1.0225114710152712
Warwick Farm,1000,2.0,22.0,24.976513819077745,224,0.8808274909525523
Warwick Farm,1000,3.0,9.0,13.728893709504769,181,0.6555517283791871
Warwick Farm,1000,4.0,1.0,0.6197387774635014,13,1.6135830713915487
Warwick Farm,1100,0.0,26.0,17.636774456092628,116,1.474192464428681
Warwick Farm,1100,1.0,17.0,15.096836964317799,124,1.126063694016199
Warwick Farm,1100,2.0,49.0,41.2260028056225,371,1.1885702388133847
Warwick Farm,1100,3.0,24.0,36.52009391868079,451,0.6571724610960953
Warwick Farm,1100,4.0,0.0,4.94133815297222,90,0.0
Warwick Farm,1100,5.0,0.0,0.4939570759151646,7,0.0
Warwick Farm,1200,0.0,26.0,15.303928294308594,106,1.6989102078888587
Warwick Farm,1200,1.0,15.0,12.071746836077129,109,1.2425707897693492
Warwick Farm,1200,2.0,37.0,35.70799975271953,305,1.0361823752724226
Warwick Farm,1200,3.0,23.0,35.59921641721503,406,0.6460816364732591
Warwick Farm,1200,4.0,5.0,7.255826716508254,109,0.6891013519691891
Warwick Farm,1200,5.0,0.0,0.06128198317146287,3,0.0
Warwick Farm,1300,0.0,19.0,12.507952774443492,89,1.5190335574996088
Warwick Farm,1300,1.0,9.0,11.106386887086204,89,0.8103445424240194
Warwick Farm,1300,2.0,28.0,30.0481079288619,262,0.9318390384608994
Warwick Farm,1300,3.0,25.0,26.837365516223368,337,0.9315370387189209
Warwick Farm,1300,4.0,8.0,8.155054905520574,110,0.9809866509401906
Warwick Farm,1300,5.0,0.0,0.057221855208603845,4,0.0
Warwick Farm,1400,0.0,25.0,16.651552051632383,130,1.5013615501114326
Warwick Farm,1400,1.0,15.0,13.45971981725249,124,1.1144362738348534
Warwick Farm,1400,2.0,36.0,44.20483890921209,361,0.8143904805068243
Warwick Farm,1400,3.0,47.0,41.65777305206986,486,1.1282408193364697
Warwick Farm,1400,4.0,7.0,13.005105839950533,175,0.5382501369959344
Warwick Farm,1400,5.0,0.0,1.0210103298826425,14,0.0
Warwick Farm,1600,0.0,21.0,14.176049525459968,105,1.4813717998293052
Warwick Farm,1600,1.0,7.0,8.783086305519603,87,0.7969863617986939
Warwick Farm,1600,2.0,31.0,31.221653858579515,240,0.9929006368598053
Warwick Farm,1600,3.0,36.0,34.75177865301339,361,1.0359182003157232
Warwick Farm,1600,4.0,10.0,14.706198314961158,209,0.6799853902300931
Warwick Farm,1600,5.0,0.0,1.321403056595153,22,0.0
Warwick Farm,2110,0.0,0.0,1.8343880757210071,12,0.0
Warwick Farm,2110,1.0,1.0,0.8291664665050424,9,1.2060304418906678
Warwick Farm,2110,2.0,6.0,3.022312477665621,28,1.9852348307261367
Warwick Farm,2110,3.0,3.0,3.9491497514815883,41,0.7596571892150964
Warwick Farm,2110,4.0,2.0,2.3247951926753188,24,0.8602908360707886
Warwick Farm,2110,5.0,0.0,0.031257361295550186,1,0.0
Warwick Farm,2130,0.0,0.0,0.5995577614103249,6,0.0
Warwick Farm,2130,1.0,0.0,0.1591394537265155,3,0.0
Warwick Farm,2130,2.0,2.0,1.185125861231133,10,1.6875844713424437
Warwick Farm,2130,3.0,3.0,2.5163829165811307,22,1.1921873973281987
Warwick Farm,2130,4.0,1.0,1.4374576326956803,15,0.6956726774094126
Warwick Farm,2130,5.0,0.0,0.10233637435521552,3,0.0
Warwick Farm,2140,0.0,2.0,1.2892021570668382,7,1.5513470785298344
Warwick Farm,2140,1.0,1.0,0.5499731255806455,5,1.818270663578751
Warwick Farm,2140,2.0,1.0,1.679753870947982,12,0.5953253136042141
Warwick Farm,2140,3.0,3.0,1.7066476423060801,22,1.7578320947060275
Warwick Farm,2140,4.0,0.0,1.1294246924430626,12,0.0
Warwick Farm,2140,5.0,0.0,0.6449985116553915,7,0.0
Warwick Farm,2200,0.0,3.0,3.526415012085702,27,0.8507223312396367
Warwick Farm,2200,1.0,1.0,2.3612000060615808,20,0.42351346664104644
Warwick Farm,2200,2.0,7.0,6.953536586835034,60,1.0066819829858857
Warwick Farm,2200,3.0,12.0,8.420596034076272,98,1.4250772690482574
Warwick Farm,2200,4.0,4.0,4.913381316806573,49,0.8141033113627296
Warwick Farm,2200,5.0,0.0,0.5144207135209748,5,0.0
Warwick Farm,2400,0.0,3.0,2.74103107597997,30,1.0944786530475377
Warwick Farm,2400,1.0,4.0,3.039419206233299,22,1.3160409040637513
Warwick Farm,2400,2.0,6.0,6.686462804574141,61,0.8973354336010755
Warwick Farm,2400,3.0,13.0,11.33687292739201,96,1.1467006892693983
Warwick Farm,2400,4.0,3.0,5.337524916121533,68,0.562058266171041
Warwick Farm,2400,5.0,1.0,0.8082984571530211,12,1.2371667806000617
Wellington,900,0.0,4.0,2.353198512600551,10,1.6998140949781355
Wellington,900,1.0,6.0,3.4689730784040087,34,1.7296184964227097
Wellington,900,2.0,0.0,3.458608512521999,44,0.0
Wellington,900,3.0,0.0,0.7192198964734418,10,0.0
Wellington,1000,0.0,8.0,3.275775628690167,22,2.442169704766634
Wellington,1000,1.0,3.0,5.823941979364353,41,0.5151150218580013
Wellington,1000,2.0,9.0,7.759853159771659,91,1.1598157612901059
Wellington,1000,3.0,1.0,4.447318485045695,60,0.22485459572156663
Wellington,1000,4.0,1.0,0.23843921971858237,6,4.193940917858433
Wellington,1000,5.0,0.0,0.039244757039707194,1,0.0
Wellington,1100,0.0,24.0,12.09904070023756,72,1.9836283383631206
Wellington,1100,1.0,13.0,12.293847902604963,92,1.057439469154764
Wellington,1100,2.0,27.0,25.61980399198695,247,1.053872231358395
Wellington,1100,3.0,8.0,19.158604154661255,289,0.4175669550567761
Wellington,1100,4.0,0.0,2.3358768914104298,72,0.0
Wellington,1100,5.0,0.0,0.23737324778211738,7,0.0
Wellington,1400,0.0,14.0,6.71271909652404,57,2.0855930061559462
Wellington,1400,1.0,5.0,5.846040320356795,49,0.855279766475309
Wellington,1400,2.0,13.0,14.634015876449741,129,0.8883412529926707
Wellington,1400,3.0,16.0,19.307389586879545,203,0.8286982519311102
Wellington,1400,4.0,8.0,9.656220917985657,135,0.8284814595634631
Wellington,1400,5.0,1.0,0.7395157427700567,13,1.352236257005468
Wellington,1600,0.0,5.0,1.762867532805111,13,2.83628798361491
Wellington,1600,1.0,1.0,1.6670634868690426,11,0.5998571787317634
Wellington,1600,2.0,3.0,3.146188705791476,27,0.9535346670330445
Wellington,1600,3.0,3.0,4.60088607019265,48,0.6520483129186424
Wellington,1600,4.0,1.0,1.7646834567912268,25,0.5666738678552175
Wellington,1600,5.0,0.0,0.0583107475504937,1,0.0
Wellington,1700,0.0,7.0,3.697665500553425,22,1.8930863267519245
Wellington,1700,1.0,2.0,1.5888429980027214,15,1.2587776152295285
Wellington,1700,2.0,3.0,4.849256033614229,48,0.6186515991740802
Wellington,1700,3.0,8.0,8.213797223098776,76,0.9739709640630599
Wellington,1700,4.0,1.0,2.6577254322258312,46,0.37626159116162167
Wellington,1700,5.0,1.0,0.9217988672386469,16,1.0848353535035398
Wellington,2400,0.0,0.0,0.6929396487163791,6,0.0
Wellington,2400,1.0,0.0,0.23328416327674828,4,0.0
Wellington,2400,2.0,2.0,0.7135014258449289,7,2.803077790113171
Wellington,2400,3.0,3.0,1.8730330055553601,16,1.6016802646307295
Wellington,2400,4.0,1.0,2.4791525856612866,25,0.4033636355356728
Wellington,2400,5.0,0.0,0.00808917094529657,1,0.0
Werribee,1000,0.0,4.0,3.2045043712443713,20,1.2482429532298382
Werribee,1000,1.0,4.0,4.13629434520044,37,0.9670491667599551
Werribee,1000,2.0,6.0,8.25321893889943,87,0.7269890747379231
Werribee,1000,3.0,6.0,4.078292252785403,57,1.471204030535601
Werribee,1000,4.0,0.0,0.25632399170730524,3,0.0
Werribee,1000,5.0,0.0,0.00399963068144389,1,0.0
Werribee,1006,0.0,0.0,0.1599953398381865,2,0.0
Werribee,1006,1.0,1.0,1.016988107857265,5,0.9832956671508599
Werribee,1006,2.0,1.0,0.37007942513049663,5,2.7021226582574323
Werribee,1006,3.0,0.0,0.4427183505883391,5,0.0
Werribee,1006,4.0,0.0,0.010218776585713086,1,0.0
Werribee,1008,0.0,1.0,0.6289579306044637,2,1.5899314585936521
Werribee,1008,1.0,0.0,0.19066961647314035,2,0.0
Werribee,1008,2.0,1.0,0.8488875152716169,9,1.178012377387871
Werribee,1008,3.0,0.0,0.33148493765077913,4,0.0
Werribee,1010,0.0,0.0,0.1873936739161542,3,0.0
Werribee,1010,1.0,3.0,0.9517266567977041,5,3.1521655704109066
Werribee,1010,2.0,0.0,1.2313776929311895,13,0.0
Werribee,1010,3.0,0.0,0.4901290110778467,6,0.0
Werribee,1010,4.0,0.0,0.13937296527710555,1,0.0
Werribee,1012,0.0,1.0,0.24303799528900513,3,4.1145829844871145
Werribee,1012,1.0,0.0,0.3336440343646418,6,0.0
Werribee,1012,2.0,1.0,1.5187902540492406,10,0.6584187627843305
Werribee,1012,3.0,1.0,0.9045277162971126,11,1.1055493181499454
Werribee,1014,0.0,2.0,0.5112449590772292,6,3.912019012588206
Werribee,1014,1.0,1.0,0.2805313961878382,6,3.564663398069071
Werribee,1014,2.0,3.0,3.9053133601050765,33,0.7681841950627188
Werribee,1014,3.0,0.0,1.2625229511686944,16,0.0
Werribee,1014,4.0,0.0,0.040387333461161704,2,0.0
Werribee,1018,0.0,0.0,0.42517900291040966,2,0.0
Werribee,1018,1.0,0.0,0.1975738827544623,3,0.0
Werribee,1018,2.0,1.0,0.9391938425512985,8,1.0647429260007955
Werribee,1018,3.0,1.0,0.4380532717838296,5,2.2828273737753975
Werribee,1100,0.0,7.0,5.14007430567915,43,1.3618480169179386
Werribee,1100,1.0,4.0,5.509987082118474,56,0.7259545150262102
Werribee,1100,2.0,22.0,16.28480060797526,142,1.3509529855235562
Werribee,1100,3.0,9.0,13.66282147455225,153,0.6587219204146809
Werribee,1100,4.0,1.0,2.1200840312053217,38,0.4716794170802157
Werribee,1100,5.0,0.0,0.06789394662888606,2,0.0
Werribee,1106,0.0,1.0,0.3597585026319208,4,2.7796424342557615
Werribee,1106,1.0,1.0,0.5528065025178096,6,1.8089512251491349
Werribee,1106,2.0,2.0,1.635126061680486,14,1.2231472831792054
Werribee,1106,3.0,0.0,1.3969130876734572,20,0.0
Werribee,1106,4.0,0.0,0.05539584549632655,2,0.0
Werribee,1108,0.0,3.0,1.4524919148800035,5,2.06541597186642
Werribee,1108,1.0,1.0,0.7791157472269131,7,1.2835063385116712
Werribee,1108,2.0,0.0,1.666786559771145,21,0.0
Werribee,1108,3.0,1.0,1.0136155860349159,13,0.9865673079395142
Werribee,1108,4.0,0.0,0.08799019208702241,4,0.0
Werribee,1110,0.0,1.0,0.8027363701589093,11,1.2457389962311542
Werribee,1110,1.0,3.0,1.5932452578981637,16,1.8829492729560364
Werribee,1110,2.0,5.0,6.18479444443362,45,0.8084343052823773
Werribee,1110,3.0,2.0,2.1954896681125553,35,0.9109585114647266
Werribee,1110,4.0,0.0,0.22373425939675207,5,0.0
Werribee,1114,0.0,1.0,0.9579656619876707,7,1.0438787523188595
Werribee,1114,1.0,2.0,1.959664992856164,15,1.0205826032974386
Werribee,1114,2.0,3.0,2.654967532478731,27,1.1299573208713176
Werribee,1114,3.0,1.0,1.3417400490629547,23,0.7453008507112691
Werribee,1114,4.0,0.0,0.08566176361447937,2,0.0
Werribee,1115,0.0,0.0,0.41832497824914905,2,0.0
Werribee,1115,1.0,0.0,0.15590794675368586,2,0.0
Werribee,1115,2.0,0.0,0.9017945609638913,6,0.0
Werribee,1115,3.0,2.0,0.5239725140332739,6,3.816994110254023
Werribee,1116,0.0,1.0,0.519487823955101,2,1.924972932736975
Werribee,1116,1.0,0.0,0.16927746733629098,3,0.0
Werribee,1116,2.0,0.0,0.6118596307592842,7,0.0
Werribee,1116,3.0,1.0,0.6724181483232079,7,1.4871698547900212
Werribee,1116,4.0,0.0,0.02695692962611585,1,0.0
Werribee,1400,0.0,11.0,6.37654558368178,52,1.7250719618707193
Werribee,1400,1.0,6.0,5.936947920024137,41,1.0106202851743404
Werribee,1400,2.0,19.0,14.998150052804842,132,1.2668229036984973
Werribee,1400,3.0,12.0,16.76071474594521,193,0.7159599206771934
Werribee,1400,4.0,4.0,7.239292265884778,112,0.5525402004903203
Werribee,1400,5.0,0.0,0.6883494316592506,15,0.0
Werribee,1406,0.0,1.0,0.2180078627222184,2,4.586990521870221
Werribee,1406,1.0,1.0,0.4052747433222953,2,2.4674619291652937
Werribee,1406,2.0,0.0,0.6002182043220115,6,0.0
Werribee,1406,3.0,0.0,0.6895968050941382,9,0.0
Werribee,1406,4.0,0.0,0.0869023845393366,4,0.0
Werribee,1408,0.0,1.0,0.4628508812236743,2,2.1605230551926864
Werribee,1408,1.0,0.0,0.16306856389273142,2,0.0
Werribee,1408,2.0,0.0,0.4842072258789272,6,0.0
Werribee,1408,3.0,1.0,0.47957579048259363,8,2.085176149099827
Werribee,1408,4.0,0.0,0.3792871605141223,4,0.0
Werribee,1408,5.0,0.0,0.031010378007951096,1,0.0
Werribee,1412,0.0,3.0,1.0188724307732078,4,2.944431421825147
Werribee,1412,1.0,1.0,0.38606637845660446,4,2.590228146770373
Werribee,1412,2.0,0.0,1.0200749410865377,11,0.0
Werribee,1412,3.0,0.0,1.2956044181575093,14,0.0
Werribee,1412,4.0,0.0,0.27127089775792845,8,0.0
Werribee,1415,0.0,2.0,0.3153553320301852,3,6.34205227203377
Werribee,1415,1.0,0.0,0.25619236693771197,2,0.0
Werribee,1415,2.0,1.0,1.2063163778898185,10,0.8289699272335811
Werribee,1415,3.0,0.0,0.9352533011882547,12,0.0
Werribee,1415,4.0,0.0,0.2868826219540294,4,0.0
Werribee,1416,0.0,1.0,0.15952591406457586,2,6.268574017354958
Werribee,1416,1.0,0.0,0.08388283103709204,1,0.0
Werribee,1416,2.0,1.0,0.6174735969739086,4,1.619502444964064
Werribee,1416,3.0,0.0,0.3702498396449303,5,0.0
Werribee,1416,4.0,0.0,0.6156587573440494,8,0.0
Werribee,1416,5.0,0.0,0.15320906093544379,2,0.0
Werribee,1417,0.0,0.0,0.2901170303110758,2,0.0
Werribee,1417,2.0,1.0,0.14587888580638425,2,6.85500163010044
Werribee,1417,3.0,1.0,0.9052478404742808,8,1.1046698542534787
Werribee,1417,4.0,0.0,0.5413037376656518,7,0.0
Werribee,1417,5.0,0.0,0.11745250574260757,2,0.0
Werribee,1418,0.0,0.0,0.08396981688284355,2,0.0
Werribee,1418,1.0,0.0,0.22916390524129454,2,0.0
Werribee,1418,2.0,0.0,0.19591865409531348,4,0.0
Werribee,1418,3.0,2.0,1.0505263834185845,8,1.903807492670173
Werribee,1418,4.0,0.0,0.43228033447826314,7,0.0
Werribee,1418,5.0,0.0,0.008140905883700767,1,0.0
Werribee,1420,0.0,3.0,1.3062321263666814,7,2.29668214358238
Werribee,1420,1.0,0.0,0.5631698413089355,7,0.0
Werribee,1420,2.0,1.0,1.6811250432476632,13,0.5948397497357846
Werribee,1420,3.0,3.0,2.726450721865352,24,1.1003316421385727
Werribee,1420,4.0,0.0,0.723022267211368,14,0.0
Werribee,1421,0.0,0.0,0.29961952452612384,2,0.0
Werribee,1421,1.0,0.0,0.3109252477471806,4,0.0
Werribee,1421,2.0,1.0,0.5468240349956199,4,1.8287418547869974
Werribee,1421,3.0,1.0,0.7971661828402987,8,1.254443579677459
Werribee,1421,4.0,0.0,0.045465009890776856,3,0.0
Werribee,1425,0.0,0.0,0.25535358469349895,4,0.0
Werribee,1425,1.0,1.0,0.5671224047121372,6,1.7632877694323945
Werribee,1425,2.0,1.0,1.4766243113519946,11,0.6772203276840281
Werribee,1425,3.0,2.0,1.3177851543911143,15,1.517698081007829
Werribee,1425,4.0,0.0,0.38311454485125496,8,0.0
Werribee,1429,0.0,0.0,1.084102101978172,10,0.0
Werribee,1429,1.0,2.0,0.9766798236805618,7,2.0477539839648933
Werribee,1429,2.0,4.0,2.31350935867157,18,1.7289750676854068
Werribee,1429,3.0,4.0,3.1113498043203283,31,1.2856156496597453
Werribee,1429,4.0,0.0,2.286727306625468,34,0.0
Werribee,1429,5.0,0.0,0.02403415840759933,2,0.0
Werribee,1433,0.0,0.0,0.21197608363581977,3,0.0
Werribee,1433,1.0,0.0,0.24276638776780257,2,0.0
Werribee,1433,2.0,3.0,1.5293993393940588,9,1.9615543976817635
Werribee,1433,3.0,0.0,0.8518742425618225,10,0.0
Werribee,1433,4.0,0.0,0.16398394664049656,5,0.0
Werribee,1600,0.0,4.0,4.905491428438425,45,0.8154126978616143
Werribee,1600,1.0,6.0,4.9781541700717895,38,1.2052660072424946
Werribee,1600,2.0,15.0,11.485748815199617,113,1.3059662231294675
Werribee,1600,3.0,18.0,17.046471235102487,173,1.055937017799554
Werribee,1600,4.0,2.0,6.501685743004174,95,0.30761252989688154
Werribee,1600,5.0,0.0,0.08244860818350844,6,0.0
Werribee,1606,0.0,0.0,0.16841744932853928,1,0.0
Werribee,1606,1.0,0.0,0.23097250193628238,1,0.0
Werribee,1606,2.0,1.0,0.23776581081676132,1,4.205819148534642
Werribee,1606,3.0,0.0,0.3013780984046409,4,0.0
Werribee,1606,4.0,0.0,0.061466139513776163,4,0.0
Werribee,1608,0.0,1.0,0.3750372677656302,2,2.666401677779191
Werribee,1608,1.0,0.0,0.13583303055533394,2,0.0
Werribee,1608,2.0,1.0,0.4755552865670423,4,2.102804927727416
Werribee,1608,3.0,0.0,0.5017760306639834,10,0.0
Werribee,1608,4.0,0.0,0.5117983844480103,4,0.0
Werribee,1612,0.0,1.0,0.4049616614670072,3,2.4693695605095485
Werribee,1612,1.0,1.0,0.12631650900019692,3,7.916621571598698
Werribee,1612,2.0,1.0,0.6814409041885059,7,1.467478682088875
Werribee,1612,3.0,0.0,0.8091503901880756,8,0.0
Werribee,1612,4.0,0.0,0.6795570291730274,5,0.0
Werribee,1612,5.0,0.0,0.29857350598318705,6,0.0
Werribee,1615,0.0,0.0,0.3616254410365371,2,0.0
Werribee,1615,1.0,0.0,0.18504680115448677,2,0.0
Werribee,1615,2.0,2.0,0.7166476557073378,4,2.790771704996344
Werribee,1615,3.0,0.0,0.3801591321952465,7,0.0
Werribee,1615,4.0,0.0,0.35652096990639176,6,0.0
Werribee,1616,0.0,0.0,0.12122454645112687,2,0.0
Werribee,1616,1.0,0.0,0.25527407271250313,2,0.0
Werribee,1616,2.0,1.0,0.5411803385537561,3,1.8478128800325377
Werribee,1616,3.0,1.0,0.508714264530578,6,1.9657400425418807
Werribee,1616,4.0,0.0,0.5319018342419577,6,0.0
Werribee,1616,5.0,0.0,0.04170494351007824,1,0.0
Werribee,1618,0.0,0.0,0.2876336873570883,2,0.0
Werribee,1618,1.0,0.0,0.03915076574932661,1,0.0
Werribee,1618,2.0,0.0,0.6274160803959903,2,0.0
Werribee,1618,3.0,2.0,0.3890356906122151,4,5.140916497539476
Werribee,1618,4.0,0.0,0.5837934432290666,11,0.0
Werribee,1618,5.0,0.0,0.033713952534581294,3,0.0
Werribee,1620,0.0,1.0,0.6205993848631369,7,1.611345457940687
Werribee,1620,1.0,0.0,0.944145314355219,6,0.0
Werribee,1620,2.0,5.0,2.273572012363739,19,2.199182595849122
Werribee,1620,3.0,1.0,1.8127663066912236,27,0.5516430862096414
Werribee,1620,4.0,0.0,1.0232459846796067,14,0.0
Werribee,1620,5.0,0.0,0.3256709970470749,7,0.0
Werribee,1621,0.0,0.0,0.08166395244464561,1,0.0
Werribee,1621,1.0,0.0,0.06805329370387134,1,0.0
Werribee,1621,2.0,1.0,0.23138119859316256,2,4.321872330509876
Werribee,1621,3.0,0.0,0.5567190835294231,6,0.0
Werribee,1621,4.0,0.0,0.052100502291286925,2,0.0
Werribee,1621,5.0,0.0,0.010081969437610569,1,0.0
Werribee,1625,0.0,1.0,0.7978787378560563,4,1.2533232840457116
Werribee,1625,1.0,0.0,0.36015495791009755,2,0.0
Werribee,1625,2.0,3.0,1.1023228485423546,8,2.7215257344679187
Werribee,1625,3.0,0.0,1.2417549113920359,19,0.0
Werribee,1625,4.0,0.0,0.49788854429945584,8,0.0
Werribee,1629,0.0,2.0,1.2531156527514056,10,1.5960218800305435
Werribee,1629,1.0,1.0,0.7938370600898831,9,1.2597043527884348
Werribee,1629,2.0,1.0,1.9954900525280501,16,0.5011300350673852
Werribee,1629,3.0,2.0,3.654371526607833,38,0.5472897283261448
Werribee,1629,4.0,4.0,2.047412860416947,19,1.9536851005152995
Werribee,1629,5.0,0.0,0.25577284760588115,8,0.0
Werribee,1633,0.0,0.0,0.013588297086153197,2,0.0
Werribee,1633,1.0,0.0,0.4852696294933668,3,0.0
Werribee,1633,2.0,1.0,0.4204004598433069,7,2.3786843629351013
Werribee,1633,3.0,1.0,1.0269070185666502,8,0.9737979991565284
Werribee,1633,4.0,0.0,0.053834595010522776,2,0.0
Werribee,2000,0.0,4.0,2.4065080677949684,20,1.6621593974813116
Werribee,2000,1.0,1.0,1.7294434354359058,21,0.5782207035571245
Werribee,2000,2.0,8.0,5.851886624372915,50,1.367080484211752
Werribee,2000,3.0,4.0,7.646530263268011,88,0.5231130803490027
Werribee,2000,4.0,2.0,2.1203771345520694,28,0.9432284320602716
Werribee,2000,5.0,1.0,0.2452544745761302,4,4.077397575429707
Werribee,2025,0.0,0.0,0.23959591127141405,3,0.0
Werribee,2025,1.0,0.0,0.5043031581966257,2,0.0
Werribee,2025,2.0,1.0,0.44762429703304263,6,2.234016353956278
Werribee,2025,3.0,1.0,1.537721778966432,11,0.6503126987458957
Werribee,2025,4.0,1.0,0.2707548545324857,3,3.6933779145962387
Werribee,2030,0.0,0.0,0.14648593725500572,1,0.0
Werribee,2030,1.0,0.0,0.009946575986451005,1,0.0
Werribee,2030,2.0,0.0,0.3343750009016149,4,0.0
Werribee,2030,3.0,1.0,0.35810262307264046,5,2.792495602013928
Werribee,2030,4.0,0.0,0.15108986278428793,3,0.0
Werribee,2031,0.0,0.0,0.4697514714367498,2,0.0
Werribee,2031,1.0,0.0,0.16815625213321184,2,0.0
Werribee,2031,2.0,2.0,0.2941276408059909,4,6.799768952416196
Werribee,2031,3.0,0.0,0.6064155478130017,8,0.0
Werribee,2031,4.0,0.0,0.46154908781104603,6,0.0
Werribee,2043,0.0,0.0,0.031648281179841725,1,0.0
Werribee,2043,2.0,0.0,0.45714183926438046,3,0.0
Werribee,2043,3.0,1.0,0.28501372272496106,6,3.508602990898801
Werribee,2043,4.0,0.0,0.2261961568308168,2,0.0
Werribee,2108,0.0,0.0,0.038409020693469444,1,0.0
Werribee,2108,1.0,0.0,0.18331578058246778,1,0.0
Werribee,2108,2.0,0.0,0.07332631223298712,1,0.0
Werribee,2108,3.0,0.0,0.3261442679038409,4,0.0
Werribee,2108,4.0,1.0,0.37880461858723474,5,2.639883335450173
Werribee,2200,0.0,1.0,0.39978467329961237,4,2.501346516729934
Werribee,2200,1.0,1.0,0.4103468327026393,3,2.436962881896196
Werribee,2200,2.0,0.0,0.858767751837602,9,0.0
Werribee,2200,3.0,1.0,1.6530160410918788,18,0.6049548069354866
Werribee,2200,4.0,1.0,0.6780847010682675,13,1.474742017368304
Werribee,2219,0.0,0.0,0.06916837503218441,1,0.0
Werribee,2219,1.0,0.0,0.24412367658418033,1,0.0
Werribee,2219,2.0,1.0,0.4600216772697535,3,2.1738106037416296
Werribee,2219,3.0,0.0,0.22668627111388168,3,0.0
Werribee,2225,0.0,0.0,0.14098761547669142,2,0.0
Werribee,2225,1.0,0.0,0.09354695136037519,1,0.0
Werribee,2225,2.0,0.0,0.7074430190759257,7,0.0
Werribee,2225,3.0,2.0,1.0090981170822118,8,1.981967824677904
Werribee,2225,4.0,0.0,0.048924297004796016,5,0.0
Werribee,2231,0.0,0.0,0.08335482192934907,1,0.0
Werribee,2231,1.0,1.0,0.08774191782036743,1,11.397061117894452
Werribee,2231,2.0,0.0,0.3721197407560226,2,0.0
Werribee,2231,3.0,0.0,0.3234452064608929,3,0.0
Werribee,2231,4.0,0.0,0.1333383130333679,3,0.0
Werribee,2238,0.0,0.0,0.37140203455232634,4,0.0
Werribee,2238,1.0,0.0,0.22830016024141253,4,0.0
Werribee,2238,2.0,0.0,1.3995415140508076,10,0.0
Werribee,2238,3.0,3.0,1.3759579517498228,17,2.180299184422651
Werribee,2238,4.0,1.0,0.6247983394056306,8,1.6005164177473616
Werribee,2244,0.0,0.0,0.10764428657279058,2,0.0
Werribee,2244,1.0,1.0,0.3293010803008356,2,3.036734647473498
Werribee,2244,2.0,1.0,0.8318511838657318,6,1.2021380980103396
Werribee,2244,3.0,0.0,0.5521862454864933,8,0.0
Werribee,2244,4.0,0.0,0.1790172037741487,5,0.0
Werribee,2256,0.0,0.0,0.050547600701256246,1,0.0
Werribee,2256,1.0,0.0,0.06739680093500833,1,0.0
Werribee,2256,2.0,1.0,0.283066563927035,2,3.532737975573004
Werribee,2256,3.0,0.0,0.3582861739545278,4,0.0
Werribee,2256,4.0,0.0,0.2407028604821726,2,0.0
Werribee,2600,0.0,1.0,0.4951338748729376,3,2.019655795630267
Werribee,2600,1.0,0.0,0.42709771697936344,5,0.0
Werribee,2600,2.0,1.0,0.6898774741941032,10,1.44953276111555
Werribee,2600,3.0,1.0,0.6595063443540361,9,1.5162856408598553
Werribee,2600,4.0,0.0,0.5430066555313492,8,0.0
Werribee,2600,5.0,0.0,0.04756279275777433,2,0.0
Werribee,2612,0.0,0.0,0.1792715903660685,1,0.0
Werribee,2612,1.0,0.0,0.14993623921525728,1,0.0
Werribee,2612,2.0,1.0,0.45080230383519754,4,2.2182672792319535
Werribee,2612,3.0,0.0,0.18072085155090942,5,0.0
Werribee,2612,4.0,0.0,0.03926901503256738,1,0.0
Werribee,2630,0.0,1.0,0.04960473657117615,1,20.1593651962073
Werribee,2630,2.0,0.0,0.24834579153491437,3,0.0
Werribee,2630,3.0,0.0,0.242481761737123,4,0.0
Werribee,2630,4.0,0.0,0.45956771015678655,3,0.0
Werribee,2635,0.0,0.0,0.00901873466369943,1,0.0
Werribee,2635,1.0,0.0,0.09462672378852705,2,0.0
Werribee,2635,2.0,0.0,0.20012909818442326,3,0.0
Werribee,2635,3.0,1.0,0.6962254433633501,4,1.4363163678264401
Werribee,2640,0.0,1.0,0.20415794196829193,1,4.8981684981684985
Werribee,2640,2.0,0.0,0.41669159437630865,4,0.0
Werribee,2640,3.0,0.0,0.3791504636553993,3,0.0
Werribee,2658,0.0,0.0,0.24816973435814688,1,0.0
Werribee,2658,1.0,0.0,0.04549778463232692,1,0.0
Werribee,2658,2.0,1.0,0.27236909080800237,2,3.671488556331515
Werribee,2658,3.0,0.0,0.2573874673485923,4,0.0
Werribee,2658,4.0,0.0,0.17657592285293155,4,0.0
Werribee,2720,0.0,0.0,0.518122709934973,6,0.0
Werribee,2720,1.0,1.0,1.072740552581141,7,0.9321918497383932
Werribee,2720,2.0,2.0,0.9505387879846241,11,2.104069844683026
Werribee,2720,3.0,2.0,2.20233618561806,27,0.9081265671701814
Werribee,2720,4.0,1.0,1.0946069536518852,16,0.9135699318040575
Werribee,2720,5.0,0.0,0.1616548102293169,4,0.0
Werribee,2744,0.0,0.0,0.15058707744497815,1,0.0
Werribee,2744,1.0,0.0,0.10352861574342248,1,0.0
Werribee,2744,2.0,0.0,0.021890244608590112,2,0.0
Werribee,2744,3.0,0.0,0.45023302624064504,7,0.0
Werribee,2744,4.0,1.0,0.2737610359623641,3,3.6528207766479857
Werribee,2753,0.0,0.0,0.04267192553825937,1,0.0
Werribee,2753,1.0,0.0,0.038607932629853715,1,0.0
Werribee,2753,3.0,0.0,0.07382590044342759,2,0.0
Werribee,2753,4.0,1.0,0.7955476784906992,4,1.2569956861632536
Werribee,2753,5.0,0.0,0.04934656289776004,3,0.0
Werribee,2761,0.0,0.0,0.02002917153093812,1,0.0
Werribee,2761,1.0,0.0,0.04830564898638018,1,0.0
Werribee,2761,2.0,0.0,0.28324675996559284,2,0.0
Werribee,2761,3.0,1.0,0.5354865372518163,4,1.867460581048638
Werribee,2761,4.0,0.0,0.1129318822652725,2,0.0
Werribee,2778,0.0,0.0,0.03957701991059676,1,0.0
Werribee,2778,2.0,1.0,0.2997059780502464,2,3.336603448838607
Werribee,2778,3.0,0.0,0.2967873236366004,3,0.0
Werribee,2778,4.0,0.0,0.36392967840255636,3,0.0
Wodonga,1100,0.0,22.0,12.508999103881246,97,1.758733837719592
Wodonga,1100,1.0,20.0,15.774578966169752,135,1.267862682287249
Wodonga,1100,2.0,39.0,36.77683376584777,344,1.0604501803582869
Wodonga,1100,3.0,16.0,27.54987487363274,367,0.5807648881669941
Wodonga,1100,4.0,0.0,4.248687854970769,81,0.0
Wodonga,1100,5.0,0.0,0.1410254354977203,3,0.0
Wodonga,1200,0.0,7.0,5.954158697914259,42,1.1756488792366415
Wodonga,1200,1.0,4.0,5.315549201989678,41,0.7525092606616732
Wodonga,1200,2.0,20.0,15.444576940611427,120,1.2949529195202567
Wodonga,1200,3.0,9.0,11.424169131314658,151,0.7878034626894839
Wodonga,1200,4.0,2.0,3.7201676404446165,64,0.5376101813952044
Wodonga,1200,5.0,0.0,0.14137838772536127,5,0.0
Wodonga,1300,0.0,12.0,6.277099035154354,59,1.9117111157232076
Wodonga,1300,1.0,8.0,7.031949886120714,54,1.137664535378725
Wodonga,1300,2.0,18.0,17.641908733827705,164,1.0202977620831735
Wodonga,1300,3.0,19.0,20.765658288185683,251,0.9149721976697349
Wodonga,1300,4.0,2.0,6.898189021482563,100,0.28993116798793644
Wodonga,1300,5.0,0.0,0.3851950352289824,6,0.0
Wodonga,1400,0.0,10.0,6.959116727108952,56,1.43696397001726
Wodonga,1400,1.0,4.0,5.277690668297363,46,0.7579072460664772
Wodonga,1400,2.0,13.0,15.298715479224603,139,0.8497445434326679
Wodonga,1400,3.0,24.0,19.6912271999971,203,1.2188168749585873
Wodonga,1400,4.0,4.0,7.981577013650429,127,0.5011540943799743
Wodonga,1400,5.0,1.0,0.7916729117215527,12,1.2631479304065416
Wodonga,1590,0.0,9.0,7.543172459743763,71,1.1931319412397108
Wodonga,1590,1.0,8.0,6.081386133021195,57,1.3154895652096423
Wodonga,1590,2.0,24.0,22.29738784374951,183,1.076359265407305
Wodonga,1590,3.0,23.0,24.982391948583743,275,0.9206484329977809
Wodonga,1590,4.0,7.0,8.763586008916425,138,0.7987597762922528
Wodonga,1590,5.0,0.0,1.0059661404251476,21,0.0
Wodonga,2050,0.0,8.0,5.2737315868168935,50,1.5169524402793169
Wodonga,2050,1.0,4.0,4.254907090766786,46,0.9400910324646246
Wodonga,2050,2.0,14.0,15.000937075656028,122,0.933275030045931
Wodonga,2050,3.0,16.0,17.765291841099724,191,0.9006325448020083
Wodonga,2050,4.0,8.0,6.98826341512494,90,1.1447765381432708
Wodonga,2050,5.0,0.0,0.7168689905356301,12,0.0
Wycheproof,1050,0.0,4.0,1.4846999054940666,7,2.694147137208116
Wycheproof,1050,1.0,1.0,1.0816190334754106,8,0.9245399434095054
Wycheproof,1050,2.0,1.0,2.76057836466662,22,0.36224293169839594
Wycheproof,1050,3.0,1.0,1.5533810642745902,17,0.6437570426204389
Wycheproof,1050,4.0,0.0,0.11972163208931219,2,0.0
Wycheproof,1400,0.0,2.0,0.5542459498135734,5,3.6085062970198005
Wycheproof,1400,1.0,0.0,0.915023544686351,6,0.0
Wycheproof,1400,2.0,2.0,1.598785867346881,12,1.250949261466088
Wycheproof,1400,3.0,1.0,1.5399530244101616,11,0.6493704575066656
Wycheproof,1400,4.0,0.0,0.29550267942397046,5,0.0
Wycheproof,1400,5.0,0.0,0.09648893431906244,1,0.0
Wycheproof,1800,0.0,0.0,0.6029808841743979,4,0.0
Wycheproof,1800,1.0,0.0,0.4474202503243741,4,0.0
Wycheproof,1800,2.0,1.0,0.7004754001014368,6,1.4276018827430466
Wycheproof,1800,3.0,3.0,1.5434348813446621,11,1.9437166000721442
Wycheproof,1800,4.0,0.0,0.7056885840551291,7,0.0
Wyong,1000,0.0,29.0,15.057323733752247,85,1.925973068839191
Wyong,1000,1.0,18.0,17.734559417136477,130,1.0149674190725615
Wyong,1000,2.0,27.0,34.44458959469703,337,0.7838676644925631
Wyong,1000,3.0,10.0,16.28614302095875,225,0.6140189231502469
Wyong,1000,4.0,0.0,0.47738423345549974,13,0.0
Wyong,1100,0.0,30.0,19.327919432926087,113,1.5521587879186565
Wyong,1100,1.0,23.0,18.088537158011892,138,1.2715234957412072
Wyong,1100,2.0,42.0,39.87418795590365,373,1.0533129864976123
Wyong,1100,3.0,17.0,31.19031379215121,397,0.5450410057842353
Wyong,1100,4.0,1.0,4.097616261092372,71,0.24404432633069764
Wyong,1100,5.0,0.0,0.3581876645800215,3,0.0
Wyong,1200,0.0,28.0,16.677172765002673,112,1.6789416524339467
Wyong,1200,1.0,20.0,16.066967610725204,115,1.2447899618998033
Wyong,1200,2.0,41.0,41.7317671755439,322,0.9824649847089931
Wyong,1200,3.0,21.0,30.148474512470813,380,0.69655265613235
Wyong,1200,4.0,1.0,6.318808317140087,104,0.15825768876189034
Wyong,1200,5.0,0.0,0.056809619117326376,1,0.0
Wyong,1300,0.0,5.0,5.00095838510616,38,0.9998083597118076
Wyong,1300,1.0,7.0,4.9971177910998374,35,1.4008074839595366
Wyong,1300,2.0,10.0,12.874392403789901,105,0.7767356847889962
Wyong,1300,3.0,15.0,12.572549511177474,146,1.1930754368208636
Wyong,1300,4.0,1.0,2.3803543291792333,47,0.42010552283819386
Wyong,1300,5.0,0.0,0.13589107257499083,2,0.0
Wyong,1350,0.0,32.0,21.89152228222529,163,1.461753074430198
Wyong,1350,1.0,25.0,20.72482923691088,137,1.2062825567447883
Wyong,1350,2.0,41.0,50.74714497563394,422,0.8079272246682253
Wyong,1350,3.0,49.0,50.37210999387642,588,0.972760521764063
Wyong,1350,4.0,15.0,17.581754140505364,258,0.8531571924011017
Wyong,1350,5.0,0.0,0.643039837942738,22,0.0
Wyong,1600,0.0,24.0,17.34493281680273,123,1.3836894183153159
Wyong,1600,1.0,13.0,11.42735548869368,95,1.137621036893646
Wyong,1600,2.0,44.0,38.19169813279615,309,1.1520828387103352
Wyong,1600,3.0,29.0,39.12662863379256,430,0.7411832047025263
Wyong,1600,4.0,12.0,15.173793719856285,208,0.7908371644921541
Wyong,1600,5.0,1.0,1.7220347764120616,25,0.5807083653000004
Wyong,1625,0.0,1.0,0.8404297037126853,9,1.1898675113247381
Wyong,1625,1.0,0.0,0.719647984606877,5,0.0
Wyong,1625,2.0,4.0,2.216744166685923,17,1.80444819032955
Wyong,1625,3.0,2.0,3.141670362832878,27,0.6366040255721095
Wyong,1625,4.0,2.0,1.933370519466011,21,1.0344628615483347
Wyong,1625,5.0,0.0,0.14813726269562572,4,0.0
Wyong,1630,0.0,0.0,0.3447219623737372,4,0.0
Wyong,1630,1.0,0.0,0.09099858073538421,1,0.0
Wyong,1630,2.0,0.0,1.2913605263292087,9,0.0
Wyong,1630,3.0,3.0,1.7793466768048838,15,1.6860120847203337
Wyong,1630,4.0,1.0,0.493572253756786,9,2.026045816774706
Wyong,2000,0.0,3.0,1.1771445331379418,9,2.5485400607543323
Wyong,2000,1.0,0.0,1.1434515009938777,7,0.0
Wyong,2000,2.0,4.0,2.8773182826733636,19,1.3901833606963823
Wyong,2000,3.0,1.0,2.2415827108810675,28,0.4461133622889802
Wyong,2000,4.0,0.0,0.9293694160527087,13,0.0
Wyong,2000,5.0,1.0,0.6311335562610405,8,1.5844506920598502
Wyong,2025,0.0,0.0,0.2286834367853643,1,0.0
Wyong,2025,2.0,1.0,0.36458673636066646,3,2.7428315412186377
Wyong,2025,3.0,0.0,0.13917020581509312,3,0.0
Wyong,2025,4.0,0.0,0.2675596210388762,3,0.0
Wyong,2100,0.0,7.0,5.1522410018120945,41,1.3586320976712911
Wyong,2100,1.0,4.0,4.805941058607452,37,0.8323031745959494
Wyong,2100,2.0,11.0,12.487411174640284,105,0.8808871467561705
Wyong,2100,3.0,15.0,15.306550499807162,136,0.9799725940987798
Wyong,2100,4.0,3.0,2.7284164500286967,49,1.0995388918610451
Wyong,2100,5.0,1.0,0.5194398151043109,7,1.9251508469738419
Wyong,2125,0.0,0.0,0.37774885974698363,2,0.0
Wyong,2125,1.0,0.0,0.35037607814419025,2,0.0
Wyong,2125,2.0,1.0,0.4771107816902657,5,2.0959492813331293
Wyong,2125,3.0,0.0,0.47652869976190276,5,0.0
Wyong,2125,4.0,1.0,0.3182355806566577,2,3.1423261909826907
Wyong,2130,0.0,0.0,0.19570647060148114,2,0.0
Wyong,2130,1.0,0.0,0.20992617906320146,2,0.0
Wyong,2130,2.0,1.0,0.3274242531252207,2,3.054141501294219
Wyong,2130,3.0,1.0,0.9505502916235383,7,1.0520221905271332
Wyong,2130,4.0,0.0,0.31639280558655836,5,0.0
Yarra Glen,1000,0.0,14.0,8.401092117908874,49,1.6664500047744693
Yarra Glen,1000,1.0,15.0,10.143984376430046,85,1.4787089020812276
Yarra Glen,1000,2.0,14.0,20.2903670603455,194,0.6899825891943037
Yarra Glen,1000,3.0,6.0,9.659850367643422,146,0.6211276336223142
Yarra Glen,1000,4.0,0.0,0.39583573075733114,13,0.0
Yarra Glen,1000,5.0,0.0,0.10887034691482697,1,0.0
Yarra Glen,1006,0.0,1.0,0.18829026266930907,1,5.310949094358016
Yarra Glen,1006,1.0,0.0,0.10204117460788362,2,0.0
Yarra Glen,1006,2.0,0.0,0.5346358541912655,5,0.0
Yarra Glen,1006,3.0,0.0,0.1750327085315417,3,0.0
Yarra Glen,1009,0.0,10.0,5.377300804756832,37,1.8596690724747753
Yarra Glen,1009,1.0,9.0,9.104610139411959,66,0.9885102011167811
Yarra Glen,1009,2.0,15.0,14.347917638509012,132,1.0454478745919782
Yarra Glen,1009,3.0,2.0,7.38571800368564,97,0.27079290043323545
Yarra Glen,1009,4.0,1.0,0.7803826436652966,10,1.2814226560744686
Yarra Glen,1009,5.0,0.0,0.004070769971261201,1,0.0
Yarra Glen,1200,0.0,14.0,8.20998050674552,60,1.7052415640326135
Yarra Glen,1200,1.0,10.0,7.967892802929215,64,1.255036964895377
Yarra Glen,1200,2.0,21.0,20.53868344835257,185,1.0224608628302527
Yarra Glen,1200,3.0,13.0,19.08944536750224,235,0.6810045944095958
Yarra Glen,1200,4.0,2.0,3.922273701936099,70,0.5099083215464456
Yarra Glen,1200,5.0,0.0,0.2717241725343542,8,0.0
Yarra Glen,1206,0.0,0.0,0.06112113538296047,1,0.0
Yarra Glen,1206,1.0,0.0,0.35653995640060276,1,0.0
Yarra Glen,1206,2.0,1.0,0.4072178584059982,5,2.4556879796833346
Yarra Glen,1206,3.0,0.0,0.14220966921961364,2,0.0
Yarra Glen,1206,4.0,0.0,0.03291138059082487,1,0.0
Yarra Glen,1209,0.0,16.0,4.891305935650572,40,3.271110049237169
Yarra Glen,1209,1.0,5.0,5.708316076277938,45,0.8759150567675311
Yarra Glen,1209,2.0,15.0,14.944261273199658,112,1.0037297746460243
Yarra Glen,1209,3.0,4.0,12.640924195885265,143,0.3164325596780365
Yarra Glen,1209,4.0,0.0,1.8151925189865663,36,0.0
Yarra Glen,1500,0.0,6.0,3.8996311406364965,40,1.5386070588770306
Yarra Glen,1500,1.0,5.0,3.9001485115488204,33,1.2820024635457814
Yarra Glen,1500,2.0,13.0,11.6010011612644,96,1.120592940151307
Yarra Glen,1500,3.0,14.0,14.23480934590592,151,0.9835045668543884
Yarra Glen,1500,4.0,2.0,6.084007067264553,105,0.3287307161033962
Yarra Glen,1500,5.0,0.0,0.28040277337981234,12,0.0
Yarra Glen,1514,0.0,11.0,4.931070781082046,37,2.23075280975509
Yarra Glen,1514,1.0,3.0,3.8455332059489526,30,0.7801258861473536
Yarra Glen,1514,2.0,10.0,12.526484758133178,94,0.7983085592713642
Yarra Glen,1514,3.0,9.0,11.728639823558503,126,0.7673524070474332
Yarra Glen,1514,4.0,3.0,3.548583258130624,52,0.8454078097579667
Yarra Glen,1514,5.0,1.0,0.0782612094914194,1,12.77772227772228
Yarra Glen,1950,0.0,8.0,5.9116644677437,50,1.3532567762685208
Yarra Glen,1950,1.0,3.0,4.055680279976184,45,0.7397032785872403
Yarra Glen,1950,2.0,14.0,13.095075232312334,111,1.069104205331692
Yarra Glen,1950,3.0,18.0,18.89119567171648,182,0.9528248138866742
Yarra Glen,1950,4.0,6.0,6.929609356432128,104,0.8658496736804858
Yarra Glen,1950,5.0,1.0,1.0203390217322776,16,0.9800664080280423
Yarra Glen,1962,0.0,0.0,0.33342202896498213,1,0.0
Yarra Glen,1962,1.0,1.0,0.1041943840515569,1,9.597446245329166
Yarra Glen,1962,2.0,0.0,0.19155535884242272,3,0.0
Yarra Glen,1962,3.0,0.0,0.3508349953346036,3,0.0
Yarra Glen,1962,4.0,0.0,0.01999323280643457,2,0.0
Yarra Glen,1968,0.0,6.0,3.737847986534892,29,1.6052017154293632
Yarra Glen,1968,1.0,4.0,3.2641398873692533,28,1.2254376766995168
Yarra Glen,1968,2.0,8.0,8.707859271288582,69,0.9187102995999804
Yarra Glen,1968,3.0,8.0,9.222696884635242,96,0.8674252336458957
Yarra Glen,1968,4.0,3.0,3.914499023559287,52,0.7663815936457248
Yarra Glen,1968,5.0,0.0,0.15295694661274353,3,0.0
Yeppoon,1000,0.0,2.0,1.1947620402972556,6,1.6739735048013427
Yeppoon,1000,1.0,1.0,1.2462541578193178,12,0.8024045446314011
Yeppoon,1000,2.0,2.0,2.285121539272168,20,0.8752269696066224
Yeppoon,1000,3.0,1.0,1.0897001784953093,17,0.9176836158555375
Yeppoon,1000,4.0,0.0,0.1841620841159496,4,0.0
Yeppoon,1100,0.0,2.0,1.0777055433655258,6,1.855794481444603
Yeppoon,1100,1.0,2.0,1.2189819522869456,7,1.6407133807418377
Yeppoon,1100,2.0,1.0,1.4677277810132912,20,0.6813252518185757
Yeppoon,1100,3.0,0.0,1.6315340455890406,22,0.0
Yeppoon,1100,4.0,1.0,0.6040506777451968,7,1.6554902375621936
Yeppoon,1200,0.0,3.0,2.020593289975425,9,1.4847124430649212
Yeppoon,1200,1.0,2.0,2.1458058639648097,13,0.9320507663748276
Yeppoon,1200,2.0,2.0,2.1923050004299536,26,0.9122818219215671
Yeppoon,1200,3.0,2.0,1.9453604082582494,28,1.0280871305439343
Yeppoon,1200,4.0,0.0,0.6959354373715625,7,0.0
Yeppoon,1300,0.0,1.0,0.9095419007888725,5,1.0994545706279948
Yeppoon,1300,1.0,0.0,0.37473867283417833,6,0.0
Yeppoon,1300,2.0,2.0,1.667833416498567,16,1.1991605277934652
Yeppoon,1300,3.0,1.0,1.621561257912105,13,0.6166896224984946
Yeppoon,1300,4.0,1.0,0.42088028040131675,5,2.37597256646589
Yeppoon,1300,5.0,0.0,0.005444471564959894,1,0.0
Yeppoon,1400,0.0,2.0,0.8202258276371264,7,2.438352868942837
Yeppoon,1400,1.0,0.0,0.04481349355450412,2,0.0
Yeppoon,1400,2.0,2.0,2.03288779527713,17,0.9838221296062006
Yeppoon,1400,3.0,0.0,2.454805580665403,28,0.0
Yeppoon,1400,4.0,3.0,1.3284284202760228,11,2.25830760183274
Yeppoon,1400,5.0,0.0,0.3188388825898136,3,0.0
Yeppoon,1800,0.0,1.0,0.31436043767529526,3,3.1810618645114177
Yeppoon,1800,1.0,0.0,0.026678038646786594,1,0.0
Yeppoon,1800,2.0,1.0,0.6761814545817364,5,1.478892970554135
Yeppoon,1800,3.0,1.0,1.191786043636564,12,0.8390767834037086
Yeppoon,1800,4.0,0.0,0.6273711766163017,6,0.0
Yeppoon,1800,5.0,0.0,0.16362284884331624,3,0.0
York,1100,0.0,12.0,5.191406627901761,34,2.311512247086317
York,1100,1.0,4.0,4.220856464625725,33,0.9476749644351365
York,1100,2.0,10.0,11.642589995906786,108,0.8589154134531685
York,1100,3.0,7.0,10.233135495427128,112,0.6840523125222063
York,1100,4.0,1.0,2.7120114161386013,36,0.3687300112562998
York,1200,0.0,25.0,11.556521925680386,64,2.1632806272314613
York,1200,1.0,5.0,5.193636534802946,45,0.9627165795092951
York,1200,2.0,10.0,21.017950897385024,194,0.4757837740140578
York,1200,3.0,18.0,21.377629208667937,238,0.842001693653737
York,1200,4.0,6.0,4.567363205124609,68,1.3136682436964864
York,1200,5.0,0.0,0.28689822833909784,3,0.0
York,1300,0.0,9.0,3.365069536713151,26,2.6745361133876586
York,1300,1.0,2.0,1.3666156180930233,19,1.463469298551411
York,1300,2.0,4.0,8.736303037480248,64,0.45785957547938866
York,1300,3.0,7.0,8.524815844726286,107,0.8211321074261582
York,1300,4.0,4.0,3.741851827882679,52,1.0689894159340334
York,1300,5.0,0.0,0.265344135104614,7,0.0
York,1500,0.0,13.0,5.683785243977776,47,2.287208161809787
York,1500,1.0,2.0,3.7827493972086823,35,0.5287159655555862
York,1500,2.0,15.0,15.485987717356595,130,0.9686175834421008
York,1500,3.0,15.0,16.686088999142896,188,0.8989524148391211
York,1500,4.0,1.0,4.527132521640739,71,0.22089037491607966
York,1500,5.0,1.0,0.8342561206733115,11,1.1986726560578542
York,1920,0.0,5.0,3.91213517337997,37,1.2780744474327932
York,1920,1.0,3.0,1.9000407140290423,25,1.5789135347728895
York,1920,2.0,10.0,12.912017103231085,107,0.7744723322506764
York,1920,3.0,15.0,13.656200811903968,142,1.0984021256427816
York,1920,4.0,3.0,4.132143932673097,51,0.7260153685061232
York,1920,5.0,1.0,0.4874622647828376,7,2.051440844237442
