track,band,b_gap,W,E,n,AE_raw
Albany,1200-1400,0.0,44.0,23.058820885679747,177,1.9081634840802022
Albany,1200-1400,1.0,15.0,15.391033894659492,134,0.9745933965621909
Albany,1200-1400,2.0,62.0,55.625495099897506,516,1.1145968209119677
Albany,1200-1400,3.0,48.0,63.58331994698153,704,0.7549149688947421
Albany,1200-1400,4.0,8.0,18.200850148082466,290,0.4395399080214301
Albany,1200-1400,5.0,0.0,1.0594517972047188,22,0.0
Albany,1500-1800,0.0,34.0,19.566291463117714,183,1.7376823842213378
Albany,1500-1800,1.0,12.0,13.678611155215531,111,0.8772820474119924
Albany,1500-1800,2.0,56.0,50.56738421447978,474,1.1074331977006755
Albany,1500-1800,3.0,64.0,71.28121936473258,710,0.8978522052565354
Albany,1500-1800,4.0,17.0,27.074052020707462,356,0.6279074882103953
Albany,1500-1800,5.0,0.0,0.8324417817469373,24,0.0
Albany,2000+,0.0,10.0,7.187324084811949,67,1.391338401051334
Albany,2000+,1.0,5.0,5.104899852066477,48,0.9794511439780718
Albany,2000+,2.0,23.0,17.382490638382237,168,1.323170567353205
Albany,2000+,3.0,19.0,26.224143839321798,256,0.7245231766731864
Albany,2000+,4.0,9.0,10.222169595268646,119,0.8804393153646825
Albany,2000+,5.0,1.0,0.8789719901488936,12,1.1376926810040953
Albany,sprint<=1100,0.0,46.0,21.371881592571448,150,2.1523607924156254
Albany,sprint<=1100,1.0,20.0,19.49608737606098,156,1.0258468591271173
Albany,sprint<=1100,2.0,63.0,60.739357813187695,520,1.0372187370463353
Albany,sprint<=1100,3.0,20.0,41.09120145660879,529,0.4867222006423799
Albany,sprint<=1100,4.0,1.0,7.12644762057433,113,0.14032236722163807
Albany,sprint<=1100,5.0,0.0,0.06331699797198462,3,0.0
Albury,1200-1400,0.0,63.0,35.22735154565376,317,1.7883830954011284
Albury,1200-1400,1.0,37.0,39.904170287286,312,0.9272213839712059
Albury,1200-1400,2.0,95.0,93.50210369742899,881,1.0160199208717076
Albury,1200-1400,3.0,97.0,103.40077342670358,1267,0.9380974318220084
Albury,1200-1400,4.0,23.0,41.03119960351517,599,0.5605490510209108
Albury,1200-1400,5.0,2.0,3.887369734564472,81,0.5144866932046723
Albury,1500-1800,0.0,19.0,17.592886870492908,150,1.0799819347367672
Albury,1500-1800,1.0,12.0,12.389043194878882,120,0.968597801399248
Albury,1500-1800,2.0,33.0,35.287886208135596,350,0.9351651103542686
Albury,1500-1800,3.0,60.0,53.1281489479851,564,1.1293448235650512
Albury,1500-1800,4.0,22.0,26.26218032279201,333,0.8377065319632653
Albury,1500-1800,5.0,4.0,5.081471896487223,81,0.787173496475532
Albury,2000+,0.0,1.0,4.004239828595131,38,0.24973529129269095
Albury,2000+,1.0,1.0,2.490448472816346,33,0.4015341055698057
Albury,2000+,2.0,15.0,10.060110248282943,85,1.4910373375441086
Albury,2000+,3.0,11.0,13.303854947759625,143,0.8268280166308041
Albury,2000+,4.0,7.0,6.85869676711239,96,1.0206020527930557
Albury,2000+,5.0,3.0,1.282649735433565,18,2.3389082125261043
Albury,sprint<=1100,0.0,31.0,19.825940878762648,120,1.5636080118248963
Albury,sprint<=1100,1.0,32.0,26.561721584195755,223,1.2047411873724339
Albury,sprint<=1100,2.0,43.0,50.313360305914,549,0.854643771327387
Albury,sprint<=1100,3.0,14.0,22.068873726938993,340,0.6343776385339731
Albury,sprint<=1100,4.0,0.0,1.2109707069160638,27,0.0
Albury,sprint<=1100,5.0,0.0,0.005649073174784079,1,0.0
Ararat,1200-1400,0.0,21.0,10.97975155454469,84,1.9126115828465877
Ararat,1200-1400,1.0,5.0,9.718704004069226,80,0.5144718882174514
Ararat,1200-1400,2.0,27.0,29.47180463076305,249,0.9161298515061765
Ararat,1200-1400,3.0,26.0,24.285301919151767,320,1.070606413976513
Ararat,1200-1400,4.0,5.0,8.169155456091026,144,0.6120583733379608
Ararat,1200-1400,5.0,0.0,0.8690669072011021,21,0.0
Ararat,1500-1800,0.0,12.0,6.706287199729943,57,1.7893656568247227
Ararat,1500-1800,1.0,7.0,5.001656307822328,35,1.3995363873867877
Ararat,1500-1800,2.0,15.0,15.9477710847143,146,0.9405703104415184
Ararat,1500-1800,3.0,20.0,20.306401268648067,226,0.9849110994806779
Ararat,1500-1800,4.0,2.0,7.79552554623154,126,0.2565574300461149
Ararat,1500-1800,5.0,1.0,1.2423585928538219,16,0.8049205807019856
Ararat,2000+,0.0,8.0,6.704154091570221,51,1.1932899946406619
Ararat,2000+,1.0,3.0,3.827883922708744,36,0.7837228245618001
Ararat,2000+,2.0,16.0,15.196761971989051,127,1.0528558668939798
Ararat,2000+,3.0,20.0,19.302708485831666,194,1.0361240244953267
Ararat,2000+,4.0,4.0,5.1710270282060655,93,0.7735407256975181
Ararat,2000+,5.0,0.0,0.5519788751634207,9,0.0
Ararat,sprint<=1100,0.0,20.0,11.516444935308286,68,1.736647039285706
Ararat,sprint<=1100,1.0,12.0,9.576641552750445,72,1.2530488829409678
Ararat,sprint<=1100,2.0,19.0,24.10136544469795,214,0.7883370775650307
Ararat,sprint<=1100,3.0,13.0,18.93863763975458,259,0.6864274108456125
Ararat,sprint<=1100,4.0,4.0,3.7077858617753017,83,1.0788109532530514
Ararat,sprint<=1100,5.0,0.0,0.09034978691766654,5,0.0
Armidale,1200-1400,0.0,27.0,14.31582729373896,128,1.886024429186043
Armidale,1200-1400,1.0,8.0,10.045006503929383,94,0.7964156117639724
Armidale,1200-1400,2.0,31.0,35.419098157108735,282,0.8752340294632316
Armidale,1200-1400,3.0,32.0,42.78915173138842,460,0.7478531054058282
Armidale,1200-1400,4.0,29.0,22.799811560432406,333,1.2719403370125926
Armidale,1200-1400,5.0,1.0,2.474891716279067,53,0.40405808198488496
Armidale,2000+,0.0,10.0,5.020402977075428,49,1.9918719763458854
Armidale,2000+,1.0,0.0,4.360034226953294,31,0.0
Armidale,2000+,2.0,15.0,13.159669605035694,117,1.1398462461595604
Armidale,2000+,3.0,15.0,16.97679521507173,164,0.8835589880169632
Armidale,2000+,4.0,9.0,8.732515669135594,112,1.030630844649934
Armidale,2000+,5.0,0.0,0.7505823067282602,16,0.0
Armidale,sprint<=1100,0.0,23.0,16.815099806483712,124,1.3678182267542331
Armidale,sprint<=1100,1.0,21.0,18.46062796734413,147,1.137556102487298
Armidale,sprint<=1100,2.0,47.0,43.46408431512784,380,1.0813525866376408
Armidale,sprint<=1100,3.0,29.0,33.34911332594445,419,0.8695883370739877
Armidale,sprint<=1100,4.0,4.0,11.102327312103196,182,0.36028482025020125
Armidale,sprint<=1100,5.0,0.0,0.5483415959914889,13,0.0
Ascot,1200-1400,0.0,151.0,111.68006490839034,975,1.3520765780702517
Ascot,1200-1400,1.0,90.0,91.85317117647152,875,0.9798246358537677
Ascot,1200-1400,2.0,317.0,304.6880885182008,2867,1.0404082468129165
Ascot,1200-1400,3.0,339.0,357.36335137675263,4245,0.9486143408214432
Ascot,1200-1400,4.0,78.0,105.3892536015929,1595,0.7401134113243314
Ascot,1200-1400,5.0,0.0,3.7023332179709922,79,0.0
Ascot,1500-1800,0.0,89.0,66.61705105845557,607,1.3359942925408645
Ascot,1500-1800,1.0,49.0,47.407247398488366,488,1.033597238585137
Ascot,1500-1800,2.0,199.0,166.9906477036052,1614,1.1916835028582486
Ascot,1500-1800,3.0,208.0,230.2683027126836,2581,0.9032941032250158
Ascot,1500-1800,4.0,58.0,87.96891385704065,1229,0.6593238163001137
Ascot,1500-1800,5.0,4.0,7.368718400588708,130,0.5428352370855193
Ascot,2000+,0.0,25.0,17.341637032489537,184,1.441617071857895
Ascot,2000+,1.0,12.0,13.144087691193434,147,0.9129579992105519
Ascot,2000+,2.0,55.0,47.76066469997357,484,1.1515752627293405
Ascot,2000+,3.0,69.0,67.85694198736871,788,1.0168451153139801
Ascot,2000+,4.0,21.0,31.147915131906405,395,0.6742024277088332
Ascot,2000+,5.0,2.0,6.15736140515141,73,0.3248144567779873
Ascot,sprint<=1100,0.0,119.0,71.57372337284622,488,1.6626213419147964
Ascot,sprint<=1100,1.0,84.0,78.93263212017489,621,1.0641986431177164
Ascot,sprint<=1100,2.0,173.0,183.45975149101244,1757,0.9429861241716287
Ascot,sprint<=1100,3.0,105.0,138.53768918016644,1747,0.7579164963799049
Ascot,sprint<=1100,4.0,7.0,15.198818653726176,272,0.460562110745618
Ascot,sprint<=1100,5.0,0.0,0.29332060234887913,7,0.0
Avoca,1200-1400,0.0,12.0,6.266345025356355,46,1.914991905399844
Avoca,1200-1400,1.0,6.0,6.831404805796081,48,0.8782966564811563
Avoca,1200-1400,2.0,16.0,16.66315587652313,139,0.9602022641186801
Avoca,1200-1400,3.0,11.0,12.91632057125867,161,0.8516357223648617
Avoca,1200-1400,4.0,1.0,3.094915621984021,40,0.32311058592251435
Avoca,1200-1400,5.0,0.0,0.22785809908174404,3,0.0
Avoca,2000+,0.0,2.0,3.8629965203172367,27,0.5177327987434367
Avoca,2000+,1.0,2.0,2.9378289985858315,27,0.6807748173779788
Avoca,2000+,2.0,7.0,7.452322950772093,67,0.9393044351727631
Avoca,2000+,3.0,15.0,10.358514983405266,99,1.4480840182237096
Avoca,2000+,4.0,0.0,1.9663009717756474,29,0.0
Avoca,2000+,5.0,1.0,0.42203557514392537,7,2.369468497197122
Avoca,sprint<=1100,0.0,4.0,2.1004514238535457,14,1.9043525380184658
Avoca,sprint<=1100,1.0,5.0,3.182661008308802,17,1.571012428576832
Avoca,sprint<=1100,2.0,4.0,4.538594363613281,43,0.8813301387030118
Avoca,sprint<=1100,3.0,1.0,3.4774618564889845,44,0.2875660585993167
Avoca,sprint<=1100,4.0,0.0,0.7008313477353877,15,0.0
Bairnsdale,1200-1400,0.0,19.0,12.96068297918844,102,1.4659721274341149
Bairnsdale,1200-1400,1.0,16.0,12.817039585313863,102,1.2483381902271151
Bairnsdale,1200-1400,2.0,38.0,35.00230037944045,331,1.0856429316948646
Bairnsdale,1200-1400,3.0,25.0,30.117507016304355,402,0.8300819847561104
Bairnsdale,1200-1400,4.0,4.0,9.928293649277904,183,0.40288896977688854
Bairnsdale,1200-1400,5.0,0.0,0.7107958818287011,11,0.0
Bairnsdale,1500-1800,0.0,12.0,8.338236967841704,77,1.4391531502739383
Bairnsdale,1500-1800,1.0,10.0,8.427944270697443,65,1.1865289658794176
Bairnsdale,1500-1800,2.0,26.0,22.225036742414503,188,1.1698518342775703
Bairnsdale,1500-1800,3.0,22.0,25.311185493641958,317,0.8691809400048168
Bairnsdale,1500-1800,4.0,7.0,10.753085121291072,198,0.6509759683888323
Bairnsdale,1500-1800,5.0,0.0,1.924344823469262,35,0.0
Bairnsdale,2000+,0.0,9.0,4.98150353067409,43,1.806683453014061
Bairnsdale,2000+,1.0,5.0,3.877217643252855,33,1.2895845578081009
Bairnsdale,2000+,2.0,11.0,13.818287720112497,114,0.7960465307137523
Bairnsdale,2000+,3.0,14.0,13.135936699797236,159,1.0657785828258521
Bairnsdale,2000+,4.0,4.0,6.048466971449848,96,0.6613245999161305
Bairnsdale,2000+,5.0,0.0,1.0571216903131215,20,0.0
Bairnsdale,sprint<=1100,0.0,18.0,10.493161134729759,70,1.7154029914230964
Bairnsdale,sprint<=1100,1.0,24.0,14.760653403100378,130,1.625944282043704
Bairnsdale,sprint<=1100,2.0,23.0,28.42426216416312,295,0.8091678815500812
Bairnsdale,sprint<=1100,3.0,5.0,15.651977891532445,225,0.3194484450878855
Bairnsdale,sprint<=1100,4.0,0.0,0.6699454064743003,17,0.0
Balaklava,1200-1400,0.0,64.0,35.15911886584002,274,1.8202959023009324
Balaklava,1200-1400,1.0,32.0,27.48686827793065,245,1.164192285437369
Balaklava,1200-1400,2.0,78.0,85.60308310968692,810,0.9111821346440903
Balaklava,1200-1400,3.0,79.0,90.12295196868926,1171,0.8765802525803457
Balaklava,1200-1400,4.0,18.0,32.32851995783794,597,0.5567839178371035
Balaklava,1200-1400,5.0,3.0,3.162894086989242,78,0.9484984060454895
Balaklava,1500-1800,0.0,21.0,10.910750343525608,104,1.9247072235010225
Balaklava,1500-1800,1.0,8.0,8.027370253779823,82,0.996590383536011
Balaklava,1500-1800,2.0,29.0,26.6997418813239,262,1.0861528223344024
Balaklava,1500-1800,3.0,31.0,36.46710761312878,436,0.8500811286947109
Balaklava,1500-1800,4.0,12.0,19.169251931189894,275,0.626002519194557
Balaklava,1500-1800,5.0,3.0,2.725777977051994,59,1.10060321319515
Balaklava,2000+,0.0,9.0,5.156331858849886,57,1.745426835658991
Balaklava,2000+,1.0,5.0,4.352874412626042,46,1.148666266478282
Balaklava,2000+,2.0,13.0,13.890254574140238,133,0.9359079727885159
Balaklava,2000+,3.0,23.0,22.665948605485568,215,1.0147380284111995
Balaklava,2000+,4.0,7.0,8.739200085574621,120,0.8009886410032612
Balaklava,2000+,5.0,0.0,2.195390463323646,29,0.0
Balaklava,sprint<=1100,0.0,41.0,23.042268685591207,174,1.7793386822903476
Balaklava,sprint<=1100,1.0,34.0,33.38206235777676,272,1.0185110684774479
Balaklava,sprint<=1100,2.0,61.0,67.23775175382356,710,0.9072284305896822
Balaklava,sprint<=1100,3.0,36.0,45.153353798812276,609,0.797282969508833
Balaklava,sprint<=1100,4.0,2.0,4.9566561309991615,86,0.4034978314295207
Balaklava,sprint<=1100,5.0,0.0,0.18917077184329334,3,0.0
Ballarat,1200-1400,0.0,47.0,40.041230343493325,320,1.1737901057687523
Ballarat,1200-1400,1.0,39.0,38.44960264679236,342,1.0143147735040003
Ballarat,1200-1400,2.0,121.0,112.91287761515807,1002,1.0716226754259628
Ballarat,1200-1400,3.0,94.0,102.47850058049431,1197,0.9172655675827862
Ballarat,1200-1400,4.0,17.0,23.97923587881138,355,0.7089466939612368
Ballarat,1200-1400,5.0,2.0,2.0880866242756033,27,0.9578146695393146
Ballarat,1500-1800,0.0,20.0,16.71775198941425,143,1.196333096259837
Ballarat,1500-1800,1.0,21.0,14.205935197656625,122,1.4782553705766661
Ballarat,1500-1800,2.0,42.0,39.03810421620146,345,1.0758719165099544
Ballarat,1500-1800,3.0,44.0,48.95159732836849,558,0.8988470734641597
Ballarat,1500-1800,4.0,16.0,21.552560028512133,293,0.7423712068929823
Ballarat,1500-1800,5.0,0.0,2.5340512398470367,45,0.0
Ballarat,2000+,0.0,7.0,10.175168652177671,109,0.6879492850963087
Ballarat,2000+,1.0,11.0,10.389239513875841,92,1.0587877953250022
Ballarat,2000+,2.0,23.0,25.49363849035478,250,0.9021858534905397
Ballarat,2000+,3.0,47.0,42.1862009376589,458,1.114108380355338
Ballarat,2000+,4.0,20.0,19.545881437449797,277,1.0232334655258941
Ballarat,2000+,5.0,1.0,1.1963559006449227,27,0.8358716661663368
Ballarat,sprint<=1100,0.0,32.0,20.67647822837179,150,1.5476523442029086
Ballarat,sprint<=1100,1.0,22.0,23.09211478550171,190,0.9527061598452043
Ballarat,sprint<=1100,2.0,60.0,65.53963530966868,599,0.9154765618774895
Ballarat,sprint<=1100,3.0,32.0,37.19478221801562,484,0.8603357269961517
Ballarat,sprint<=1100,4.0,4.0,3.465122854534895,59,1.1543602255732717
Ballarat,sprint<=1100,5.0,0.0,0.03186660390731093,1,0.0
Ballarat Synthetic,1200-1400,0.0,50.0,41.02726802148136,320,1.2187016687004513
Ballarat Synthetic,1200-1400,1.0,42.0,38.261191962344135,302,1.097718023038475
Ballarat Synthetic,1200-1400,2.0,124.0,107.99086619049137,927,1.1482452579023599
Ballarat Synthetic,1200-1400,3.0,86.0,104.10161662122833,1239,0.8261158932133522
Ballarat Synthetic,1200-1400,4.0,18.0,27.708660954022978,429,0.6496163791482896
Ballarat Synthetic,1200-1400,5.0,0.0,0.8611906733319395,19,0.0
Ballarat Synthetic,1500-1800,0.0,29.0,18.443826128505165,142,1.5723418664839903
Ballarat Synthetic,1500-1800,1.0,12.0,13.696619611496823,118,0.8761285879566447
Ballarat Synthetic,1500-1800,2.0,44.0,42.824460314478806,376,1.0274501926443134
Ballarat Synthetic,1500-1800,3.0,47.0,49.86861676696,547,0.9424765122248071
Ballarat Synthetic,1500-1800,4.0,10.0,14.923449274630986,250,0.6700863731951989
Ballarat Synthetic,1500-1800,5.0,0.0,2.2430279039282226,36,0.0
Ballarat Synthetic,2000+,0.0,9.0,8.474218859534146,74,1.0620447912876725
Ballarat Synthetic,2000+,1.0,3.0,6.787496823777548,60,0.4419891571058393
Ballarat Synthetic,2000+,2.0,23.0,22.208222760478616,194,1.0356524359495536
Ballarat Synthetic,2000+,3.0,34.0,27.302561820479745,282,1.2453043865831113
Ballarat Synthetic,2000+,4.0,4.0,8.19551281331227,127,0.48807195975615514
Ballarat Synthetic,2000+,5.0,1.0,1.031986922417677,15,0.9690045273609282
Ballarat Synthetic,sprint<=1100,0.0,48.0,29.357542861047552,177,1.635014218566902
Ballarat Synthetic,sprint<=1100,1.0,41.0,36.670095484082275,281,1.1180772631965805
Ballarat Synthetic,sprint<=1100,2.0,73.0,70.18726449503498,662,1.0400747275905586
Ballarat Synthetic,sprint<=1100,3.0,14.0,36.809816194992024,520,0.3803333308114888
Ballarat Synthetic,sprint<=1100,4.0,1.0,3.7830023722580868,69,0.26434030476250975
Ballarat Synthetic,sprint<=1100,5.0,0.0,0.05293708784041718,3,0.0
Ballina,1200-1400,0.0,33.0,18.69741269652959,137,1.7649500781530645
Ballina,1200-1400,1.0,14.0,15.964394026602452,110,0.8769515445854655
Ballina,1200-1400,2.0,40.0,37.949193964469465,327,1.0540408325259987
Ballina,1200-1400,3.0,39.0,44.16642195282667,491,0.8830237604860809
Ballina,1200-1400,4.0,11.0,18.561320779026484,298,0.5926302406469662
Ballina,1200-1400,5.0,0.0,1.661256580545343,44,0.0
Ballina,1500-1800,0.0,16.0,7.798518135145804,59,2.0516718333823376
Ballina,1500-1800,1.0,5.0,6.329022163687834,49,0.7900114536945417
Ballina,1500-1800,2.0,18.0,16.40531298994673,135,1.0972055218349388
Ballina,1500-1800,3.0,11.0,17.842842442682812,205,0.6164937024656069
Ballina,1500-1800,4.0,7.0,8.939521660609898,142,0.7830396598113311
Ballina,1500-1800,5.0,2.0,1.6531265124080297,29,1.2098287608288953
Ballina,2000+,0.0,6.0,3.4334021370758885,29,1.7475377950076059
Ballina,2000+,1.0,3.0,2.516732689205701,21,1.192021708490154
Ballina,2000+,2.0,6.0,7.477176590581949,61,0.8024419280878613
Ballina,2000+,3.0,8.0,9.457149008981188,104,0.8459208998824725
Ballina,2000+,4.0,5.0,5.003452873849888,63,0.999309901794432
Ballina,2000+,5.0,1.0,1.1120867003053854,13,0.899210465987404
Ballina,sprint<=1100,0.0,32.0,15.062173820127002,95,2.124527334642735
Ballina,sprint<=1100,1.0,29.0,24.102582740381234,170,1.2031905589691714
Ballina,sprint<=1100,2.0,27.0,34.579791819432565,339,0.7808028498548392
Ballina,sprint<=1100,3.0,7.0,18.970681713186657,288,0.36899042985546743
Ballina,sprint<=1100,4.0,0.0,2.2847699068725444,47,0.0
Barcaldine,1200-1400,0.0,5.0,3.355666618122237,28,1.4900169084132375
Barcaldine,1200-1400,1.0,0.0,3.291091203738537,34,0.0
Barcaldine,1200-1400,2.0,10.0,9.327541984142558,82,1.0720938074575987
Barcaldine,1200-1400,3.0,10.0,8.063654624085935,88,1.2401324791528459
Barcaldine,1200-1400,4.0,3.0,3.5663527733090215,53,0.84119552682851
Barcaldine,1200-1400,5.0,0.0,0.39569279660171214,3,0.0
Barcaldine,1500-1800,0.0,0.0,0.5200904756673955,8,0.0
Barcaldine,1500-1800,1.0,0.0,0.511870934174875,5,0.0
Barcaldine,1500-1800,2.0,1.0,1.9417148134797892,21,0.5150086887414111
Barcaldine,1500-1800,3.0,4.0,3.228217574410921,36,1.2390738566405062
Barcaldine,1500-1800,4.0,3.0,1.7981062022670193,20,1.6684220299210664
Barcaldine,sprint<=1100,0.0,3.0,1.922853341299763,16,1.5601813906265642
Barcaldine,sprint<=1100,1.0,1.0,3.1050594791252246,31,0.3220550223668262
Barcaldine,sprint<=1100,2.0,11.0,7.182560087367516,66,1.5314873619152158
Barcaldine,sprint<=1100,3.0,1.0,2.6006568462731012,39,0.38451824254824724
Barcaldine,sprint<=1100,4.0,0.0,1.1681817865867108,8,0.0
Barcaldine,sprint<=1100,5.0,0.0,0.020688459347683506,1,0.0
Bathurst,1200-1400,0.0,43.0,26.783403597496974,179,1.6054718304740976
Bathurst,1200-1400,1.0,19.0,20.751362034277136,151,0.91560255026228
Bathurst,1200-1400,2.0,61.0,55.371657851492444,461,1.101646625130908
Bathurst,1200-1400,3.0,35.0,53.481105456167434,608,0.6544367342721747
Bathurst,1200-1400,4.0,20.0,20.85436035083775,306,0.9590320519802742
Bathurst,1200-1400,5.0,1.0,1.747768356001838,42,0.5721582019527927
Bathurst,1500-1800,0.0,6.0,4.4393729537393325,30,1.3515422251122502
Bathurst,1500-1800,1.0,2.0,2.8996318486733625,20,0.6897427343802416
Bathurst,1500-1800,2.0,6.0,6.7697575070521046,64,0.8862946706362462
Bathurst,1500-1800,3.0,12.0,10.331209555392286,101,1.1615290480422695
Bathurst,1500-1800,4.0,4.0,5.47635118557347,59,0.730413347218734
Bathurst,1500-1800,5.0,0.0,0.08367694956944431,3,0.0
Bathurst,2000+,0.0,2.0,3.1898294950613133,24,0.6269927603016151
Bathurst,2000+,1.0,3.0,1.557910376773476,17,1.9256563437321577
Bathurst,2000+,2.0,1.0,5.620130980746564,52,0.17793179614955568
Bathurst,2000+,3.0,13.0,9.440810269673198,84,1.3770004510905192
Bathurst,2000+,4.0,5.0,4.055886318413997,48,1.2327761696129558
Bathurst,2000+,5.0,0.0,0.13543255933145118,2,0.0
Bathurst,sprint<=1100,0.0,24.0,14.559428064791094,80,1.6484164002320214
Bathurst,sprint<=1100,1.0,15.0,10.852802558540645,87,1.3821314742518471
Bathurst,sprint<=1100,2.0,30.0,29.125286058849056,230,1.0300328017168154
Bathurst,sprint<=1100,3.0,8.0,20.686824193944958,274,0.3867195817491214
Bathurst,sprint<=1100,4.0,3.0,4.737188732165354,70,0.6332869914238586
Bathurst,sprint<=1100,5.0,0.0,0.03847039170889164,2,0.0
Beaudesert,1200-1400,0.0,37.0,21.280754518914282,161,1.7386601573320388
Beaudesert,1200-1400,1.0,25.0,21.299001339650957,159,1.1737639526534578
Beaudesert,1200-1400,2.0,53.0,50.93039282925322,454,1.0406359946542185
Beaudesert,1200-1400,3.0,42.0,48.55984270151993,559,0.8649121921205356
Beaudesert,1200-1400,4.0,4.0,16.836093703830205,313,0.23758480264872853
Beaudesert,1200-1400,5.0,0.0,1.5852029496933566,39,0.0
Beaudesert,1500-1800,0.0,10.0,7.607545693817377,65,1.3144843820165235
Beaudesert,1500-1800,1.0,9.0,6.787701591095843,49,1.325927470324604
Beaudesert,1500-1800,2.0,21.0,19.273240168279457,156,1.0895936446930445
Beaudesert,1500-1800,3.0,19.0,20.676276030986337,223,0.918927565656688
Beaudesert,1500-1800,4.0,5.0,10.098988474767959,136,0.49509908962589283
Beaudesert,1500-1800,5.0,1.0,0.45637050402612306,13,2.1912020850996083
Beaudesert,2000+,0.0,2.0,2.968384994966559,24,0.6737670495543424
Beaudesert,2000+,1.0,3.0,2.778383790601208,19,1.0797644336065022
Beaudesert,2000+,2.0,8.0,7.662796597867754,65,1.0440052659398629
Beaudesert,2000+,3.0,10.0,6.283566700603719,79,1.5914528286998546
Beaudesert,2000+,4.0,0.0,2.9908939957006697,31,0.0
Beaudesert,2000+,5.0,0.0,0.22474983480807292,5,0.0
Beaudesert,sprint<=1100,0.0,28.0,10.279288683314249,81,2.7239238883767043
Beaudesert,sprint<=1100,1.0,16.0,13.736526020390446,109,1.1647777594021707
Beaudesert,sprint<=1100,2.0,26.0,31.800692539397563,274,0.8175922573946733
Beaudesert,sprint<=1100,3.0,11.0,21.34881332111823,264,0.5152511212002031
Beaudesert,sprint<=1100,4.0,0.0,3.6742096046598856,77,0.0
Beaudesert,sprint<=1100,5.0,0.0,0.15013159473124094,3,0.0
Beaumont,1200-1400,0.0,19.0,14.878352924785746,108,1.2770230748020521
Beaumont,1200-1400,1.0,10.0,11.372808937150776,79,0.8792902488086022
Beaumont,1200-1400,2.0,34.0,34.19268676767779,283,0.9943646789447403
Beaumont,1200-1400,3.0,40.0,40.121630008065594,415,0.996968467930113
Beaumont,1200-1400,4.0,5.0,7.0372348734797585,135,0.7105063408985821
Beaumont,1200-1400,5.0,0.0,0.2576543323623897,10,0.0
Beaumont,2000+,0.0,2.0,2.905014708937649,20,0.6884646724323785
Beaumont,2000+,1.0,0.0,1.167090264614706,12,0.0
Beaumont,2000+,2.0,7.0,5.906907227125891,49,1.1850533165400623
Beaumont,2000+,3.0,7.0,6.678546467698914,63,1.0481322595950795
Beaumont,2000+,4.0,2.0,2.5401440433564635,30,0.7873569238054962
Beaumont,2000+,5.0,2.0,0.8022972882663761,10,2.4928415305025515
Beaumont,sprint<=1100,0.0,8.0,8.337673903180836,50,0.9595002266696935
Beaumont,sprint<=1100,1.0,10.0,6.672711754871341,52,1.4986410873659586
Beaumont,sprint<=1100,2.0,13.0,14.664489935365868,148,0.886495204217661
Beaumont,sprint<=1100,3.0,18.0,16.805358601893918,174,1.0710869328293566
Beaumont,sprint<=1100,4.0,1.0,3.4993312862933617,67,0.2857688850200982
Beaumont,sprint<=1100,5.0,0.0,0.02043451839467511,1,0.0
Belmont Park,1200-1400,0.0,181.0,142.32678805115845,1210,1.2717212443165704
Belmont Park,1200-1400,1.0,105.0,112.89538798250571,1070,0.9300645657577333
Belmont Park,1200-1400,2.0,395.0,381.8984219511134,3544,1.0343064472011978
Belmont Park,1200-1400,3.0,420.0,438.41127701181745,5072,0.9580045542229034
Belmont Park,1200-1400,4.0,107.0,128.39418513035912,2071,0.833371074331462
Belmont Park,1200-1400,5.0,1.0,4.537476006077921,85,0.2203868403183854
Belmont Park,1500-1800,0.0,41.0,39.75559901585107,350,1.0313012761712577
Belmont Park,1500-1800,1.0,16.0,25.97773421663714,281,0.6159120678720696
Belmont Park,1500-1800,2.0,129.0,97.29078601930775,963,1.3259220659847422
Belmont Park,1500-1800,3.0,125.0,132.32382661729665,1468,0.9446522458991575
Belmont Park,1500-1800,4.0,38.0,50.331096289444275,671,0.7550004430952476
Belmont Park,1500-1800,5.0,1.0,4.205510230209948,75,0.2377832760497358
Belmont Park,2000+,0.0,21.0,16.754367846059864,208,1.253404496842212
Belmont Park,2000+,1.0,12.0,14.887493284545737,184,0.8060457036415152
Belmont Park,2000+,2.0,66.0,55.90271806311502,588,1.1806223791387924
Belmont Park,2000+,3.0,83.0,85.05102870822341,901,0.9758847277995933
Belmont Park,2000+,4.0,25.0,33.62733713061568,444,0.7434427502509259
Belmont Park,2000+,5.0,1.0,1.7027003854113925,29,0.5873023865901036
Belmont Park,sprint<=1100,0.0,62.0,52.962030326452286,373,1.17064998486347
Belmont Park,sprint<=1100,1.0,59.0,62.10452385337834,505,0.9500113089876067
Belmont Park,sprint<=1100,2.0,174.0,153.78942410422127,1413,1.1314172025384677
Belmont Park,sprint<=1100,3.0,76.0,97.65702024927036,1244,0.7782338617951824
Belmont Park,sprint<=1100,4.0,2.0,6.412811664437618,118,0.3118756802247978
Benalla,1200-1400,0.0,35.0,18.65983203632281,192,1.8756867656616514
Benalla,1200-1400,1.0,16.0,16.79154993282844,158,0.9528602221953965
Benalla,1200-1400,2.0,55.0,54.90377587346804,524,1.0017525957914755
Benalla,1200-1400,3.0,68.0,75.86994630056908,819,0.8962705697801443
Benalla,1200-1400,4.0,17.0,24.285505548147682,395,0.7000060166051035
Benalla,1200-1400,5.0,1.0,1.402660403573828,31,0.7129309399852648
Benalla,1500-1800,0.0,7.0,7.88379047942327,79,0.88789777179772
Benalla,1500-1800,1.0,10.0,6.823468744807657,59,1.4655302711849505
Benalla,1500-1800,2.0,16.0,19.385402600467927,178,0.82536330711098
Benalla,1500-1800,3.0,30.0,31.58171740250903,332,0.9499166754502283
Benalla,1500-1800,4.0,15.0,11.444019671760216,183,1.3107282607189747
Benalla,1500-1800,5.0,1.0,1.7850921141258216,24,0.5601951810143482
Benalla,2000+,0.0,12.0,4.818505798012246,48,2.490398580603618
Benalla,2000+,1.0,3.0,2.922890751747557,31,1.0263811598864379
Benalla,2000+,2.0,15.0,14.274673860595012,103,1.0508120988604326
Benalla,2000+,3.0,15.0,18.176820396194938,180,0.8252268368751687
Benalla,2000+,4.0,2.0,6.739392650504382,82,0.2967626466830536
Benalla,2000+,5.0,1.0,1.0677165429458642,10,0.9365781645013834
Benalla,sprint<=1100,0.0,10.0,8.645822224009066,68,1.156627992214603
Benalla,sprint<=1100,1.0,16.0,10.167904614852606,80,1.57357888434833
Benalla,sprint<=1100,2.0,26.0,23.755623398095256,225,1.0944776975242292
Benalla,sprint<=1100,3.0,14.0,22.14311563274058,264,0.6322506837881362
Benalla,sprint<=1100,4.0,2.0,3.276432974210416,59,0.6104199340387781
Benalla,sprint<=1100,5.0,0.0,0.011101156092070148,2,0.0
Bendigo,1200-1400,0.0,57.0,34.845378894688174,344,1.6357979682835095
Bendigo,1200-1400,1.0,36.0,34.520691184308085,298,1.042852815657537
Bendigo,1200-1400,2.0,111.0,100.64997430638527,928,1.1028318761623184
Bendigo,1200-1400,3.0,106.0,127.68903864975725,1517,0.8301417343328202
Bendigo,1200-1400,4.0,33.0,43.630656418858365,682,0.7563489231790814
Bendigo,1200-1400,5.0,1.0,2.1351911381558186,43,0.46834214611049196
Bendigo,1500-1800,0.0,36.0,21.523005195165663,203,1.67262887656999
Bendigo,1500-1800,1.0,22.0,17.87451883057878,163,1.230802362207567
Bendigo,1500-1800,2.0,47.0,52.41222170892675,486,0.8967374109995999
Bendigo,1500-1800,3.0,72.0,75.71859117400419,861,0.9508893243211733
Bendigo,1500-1800,4.0,26.0,32.32797710963566,477,0.8042569416522648
Bendigo,1500-1800,5.0,0.0,3.0154278978985514,47,0.0
Bendigo,2000+,0.0,16.0,12.008999527327894,116,1.3323341352116898
Bendigo,2000+,1.0,11.0,10.52553667514317,108,1.0450773523004588
Bendigo,2000+,2.0,29.0,35.49227786128714,344,0.8170791436193355
Bendigo,2000+,3.0,54.0,42.80727486801414,479,1.261467826823733
Bendigo,2000+,4.0,6.0,14.062983089060694,200,0.4266520098902257
Bendigo,2000+,5.0,0.0,1.063358991189789,19,0.0
Bendigo,sprint<=1100,0.0,54.0,36.435221997199335,306,1.4820823653592894
Bendigo,sprint<=1100,1.0,49.0,49.01322205077177,450,0.9997302350219278
Bendigo,sprint<=1100,2.0,124.0,132.32993804157218,1316,0.9370517498545546
Bendigo,sprint<=1100,3.0,73.0,81.24159350661756,1099,0.8985545069848213
Bendigo,sprint<=1100,4.0,6.0,6.764396875575547,127,0.8869970391099342
Bendigo,sprint<=1100,5.0,0.0,0.21562752826359105,5,0.0
Birdsville,1200-1400,0.0,1.0,1.1286928904138052,9,0.8859805962216849
Birdsville,1200-1400,1.0,2.0,1.930671190432346,15,1.035909174960097
Birdsville,1200-1400,2.0,6.0,2.2215388106561558,21,2.700830600491663
Birdsville,1200-1400,3.0,0.0,2.3804962377024363,28,0.0
Birdsville,1200-1400,4.0,0.0,1.3120857568316748,15,0.0
Birdsville,1200-1400,5.0,0.0,0.026515113963582075,3,0.0
Birdsville,1500-1800,0.0,2.0,0.5206118371876712,4,3.8416337415682613
Birdsville,1500-1800,1.0,0.0,0.09283383986445229,2,0.0
Birdsville,1500-1800,2.0,1.0,1.1722213827232562,10,0.8530811796632146
Birdsville,1500-1800,3.0,0.0,1.1792019124183,15,0.0
Birdsville,1500-1800,4.0,1.0,0.7310837585600025,12,1.3678323287740315
Birdsville,1500-1800,5.0,0.0,0.3040472692463178,5,0.0
Birdsville,sprint<=1100,0.0,1.0,0.9265317005558112,4,1.0792938864370385
Birdsville,sprint<=1100,1.0,1.0,1.1967977779139791,9,0.8355630487073614
Birdsville,sprint<=1100,2.0,1.0,0.977244681955346,14,1.023285179714791
Birdsville,sprint<=1100,3.0,1.0,0.8994258395748634,10,1.111820403639588
Blackall,1200-1400,0.0,3.0,1.4350424653653167,13,2.090530470285626
Blackall,1200-1400,1.0,3.0,2.753996326173025,14,1.0893260718937936
Blackall,1200-1400,2.0,3.0,4.325521989116094,43,0.6935579122123571
Blackall,1200-1400,3.0,4.0,3.7401115258815687,39,1.06948682474306
Blackall,1200-1400,4.0,0.0,0.6824947510302246,13,0.0
Blackall,1200-1400,5.0,0.0,0.06283294243377163,2,0.0
Blackall,sprint<=1100,0.0,2.0,0.6416558959782019,7,3.116935436167087
Blackall,sprint<=1100,1.0,3.0,2.3767134352749406,17,1.262247250961897
Blackall,sprint<=1100,2.0,2.0,2.888544906948146,29,0.6923901356662908
Blackall,sprint<=1100,3.0,0.0,0.9452615985133567,13,0.0
Blackall,sprint<=1100,4.0,0.0,0.147824163285355,3,0.0
Bordertown,1200-1400,0.0,16.0,10.380028601604023,90,1.541421571567493
Bordertown,1200-1400,1.0,8.0,9.044414481332101,80,0.8845238148375665
Bordertown,1200-1400,2.0,32.0,27.685245703832877,272,1.1558503161693006
Bordertown,1200-1400,3.0,22.0,29.87544055346779,361,0.7363908144091402
Bordertown,1200-1400,4.0,11.0,11.670895400970352,152,0.942515515911952
Bordertown,1200-1400,5.0,1.0,1.3277381568448505,25,0.7531605496495891
Bordertown,1500-1800,0.0,12.0,7.526241727855842,61,1.5944212840767593
Bordertown,1500-1800,1.0,3.0,4.752706415264177,42,0.631219296518076
Bordertown,1500-1800,2.0,20.0,17.086664318947637,150,1.1705034772539966
Bordertown,1500-1800,3.0,21.0,21.469025930850666,243,0.97815336697802
Bordertown,1500-1800,4.0,4.0,9.039832011493688,130,0.44248609873659184
Bordertown,1500-1800,5.0,1.0,1.125529595587991,16,0.8884706398836073
Bordertown,2000+,0.0,5.0,3.188018819481029,28,1.5683721719101833
Bordertown,2000+,1.0,4.0,2.780865290995248,20,1.4384012102105221
Bordertown,2000+,2.0,10.0,8.17676102782846,71,1.2229781408514204
Bordertown,2000+,3.0,7.0,9.800841162358312,106,0.71422441033782
Bordertown,2000+,4.0,1.0,3.0499466695509976,48,0.327874585475036
Bordertown,2000+,5.0,1.0,1.003567029785953,13,0.9964456486910359
Bordertown,sprint<=1100,0.0,14.0,8.150660576025945,59,1.7176521914283962
Bordertown,sprint<=1100,1.0,12.0,9.834744698855122,74,1.2201638545225215
Bordertown,sprint<=1100,2.0,20.0,21.052275367433076,207,0.9500160743165607
Bordertown,sprint<=1100,3.0,13.0,17.545977961310204,223,0.740910539649923
Bordertown,sprint<=1100,4.0,0.0,2.301497911363757,44,0.0
Bordertown,sprint<=1100,5.0,0.0,0.04890680825620134,1,0.0
Bowen,1200-1400,0.0,2.0,2.3251359773452203,17,0.8601647471317131
Bowen,1200-1400,1.0,2.0,2.2645160733574103,14,0.8831909049048019
Bowen,1200-1400,2.0,8.0,4.82203667503164,44,1.6590500112584705
Bowen,1200-1400,3.0,5.0,6.180805064373068,67,0.8089561065144448
Bowen,1200-1400,4.0,0.0,1.0894316640712638,23,0.0
Bowen,1200-1400,5.0,0.0,0.2690034220809413,2,0.0
Bowen,1500-1800,0.0,4.0,1.0385146655039157,8,3.8516548036026923
Bowen,1500-1800,1.0,0.0,0.8563935036223094,4,0.0
Bowen,1500-1800,2.0,2.0,2.0219973061477274,20,0.9891210012590786
Bowen,1500-1800,3.0,1.0,3.2045464837938797,27,0.3120566373610829
Bowen,1500-1800,4.0,1.0,0.8648877281017995,14,1.1562194346250425
Bowen,1500-1800,5.0,0.0,0.013660312830367905,1,0.0
Bowen,sprint<=1100,0.0,4.0,3.266876344851972,18,1.224411204392019
Bowen,sprint<=1100,1.0,5.0,3.7999204288188784,30,1.3158170266091966
Bowen,sprint<=1100,2.0,6.0,6.3517936346602335,63,0.9446150717585378
Bowen,sprint<=1100,3.0,3.0,4.049299780676622,67,0.7408688322648
Bowen,sprint<=1100,4.0,0.0,0.5321098109922935,11,0.0
Bowraville,1200-1400,0.0,1.0,0.840077152865292,9,1.1903668568883838
Bowraville,1200-1400,1.0,0.0,1.1631670919063888,6,0.0
Bowraville,1200-1400,2.0,5.0,2.591997144592108,16,1.9290144707265213
Bowraville,1200-1400,3.0,3.0,2.791439287811797,27,1.0747144002374822
Bowraville,1200-1400,4.0,0.0,1.2082544670077897,19,0.0
Bowraville,1200-1400,5.0,0.0,0.40506485581662444,6,0.0
Bowraville,2000+,0.0,0.0,0.17012008634734366,2,0.0
Bowraville,2000+,2.0,2.0,0.9024519870277428,4,2.2161843829355066
Bowraville,2000+,3.0,0.0,0.8285167616970948,8,0.0
Bowraville,2000+,4.0,0.0,0.09891116492781868,4,0.0
Bowraville,sprint<=1100,0.0,2.0,1.1608037866343308,8,1.7229440694700522
Bowraville,sprint<=1100,1.0,2.0,1.4741327626559262,13,1.3567299029407809
Bowraville,sprint<=1100,2.0,4.0,3.787954832894538,22,1.0559788002919321
Bowraville,sprint<=1100,3.0,0.0,1.5378883462464772,24,0.0
Bowraville,sprint<=1100,4.0,0.0,0.03922027156872816,1,0.0
Broome,1200-1400,0.0,35.0,16.890502842312316,105,2.072170398167287
Broome,1200-1400,1.0,15.0,14.35307443074802,115,1.0450722646477815
Broome,1200-1400,2.0,40.0,34.44818144285171,312,1.1611643437944192
Broome,1200-1400,3.0,13.0,30.342855133526314,348,0.4284369398592319
Broome,1200-1400,4.0,2.0,8.118812825816596,119,0.24634143475266518
Broome,1200-1400,5.0,0.0,0.846573324745042,15,0.0
Broome,1500-1800,0.0,12.0,5.437702917581004,43,2.2068141974439226
Broome,1500-1800,1.0,6.0,5.697787247080758,43,1.0530403716063776
Broome,1500-1800,2.0,14.0,12.24113556356972,115,1.1436847445481084
Broome,1500-1800,3.0,5.0,13.863654145757843,137,0.3606552751122947
Broome,1500-1800,4.0,6.0,5.361319474326028,73,1.119127488808016
Broome,1500-1800,5.0,0.0,0.398400651684648,7,0.0
Broome,2000+,0.0,2.0,1.5440993828943144,15,1.2952534157815214
Broome,2000+,1.0,2.0,1.4277844267340487,17,1.4007716869239513
Broome,2000+,2.0,4.0,3.595592952621121,39,1.1124729780894898
Broome,2000+,3.0,4.0,5.831442449956713,61,0.6859366330588913
Broome,2000+,4.0,3.0,2.4401263508401976,32,1.2294445322337606
Broome,2000+,5.0,0.0,0.16095443695360628,2,0.0
Broome,sprint<=1100,0.0,14.0,5.55377262406773,35,2.520808997352511
Broome,sprint<=1100,1.0,5.0,6.714945662109144,48,0.7446076635011095
Broome,sprint<=1100,2.0,12.0,13.41680727544451,124,0.8944005644295453
Broome,sprint<=1100,3.0,3.0,8.627008496053914,114,0.34774510786354645
Broome,sprint<=1100,4.0,1.0,0.5504737143854563,12,1.8166171678449543
Bunbury,1200-1400,0.0,67.0,41.41141426215381,321,1.6179114187179977
Bunbury,1200-1400,1.0,26.0,29.106451554976946,269,0.8932727492010007
Bunbury,1200-1400,2.0,89.0,91.86760708156822,925,0.9687854383861103
Bunbury,1200-1400,3.0,116.0,121.58837357645368,1412,0.9540385859924365
Bunbury,1200-1400,4.0,23.0,34.641064556893866,643,0.66395188179697
Bunbury,1200-1400,5.0,0.0,2.1923870506220786,52,0.0
Bunbury,1500-1800,0.0,19.0,11.200699049382994,112,1.6963226952380834
Bunbury,1500-1800,1.0,19.0,9.003480744720521,88,2.1102949557748825
Bunbury,1500-1800,2.0,28.0,30.888501972187075,287,0.906486174862479
Bunbury,1500-1800,3.0,38.0,44.97352537390906,454,0.8449415446992136
Bunbury,1500-1800,4.0,8.0,15.269184034399538,214,0.5239310746387634
Bunbury,1500-1800,5.0,0.0,0.6646088254008073,16,0.0
Bunbury,2000+,0.0,4.0,5.0813985568889475,57,0.7871848577154266
Bunbury,2000+,1.0,4.0,3.8821637183921784,47,1.0303532488981748
Bunbury,2000+,2.0,18.0,17.65786191421214,157,1.0193759633782438
Bunbury,2000+,3.0,23.0,19.712313594680733,216,1.1667833859038461
Bunbury,2000+,4.0,7.0,9.184717774640577,120,0.7621355573197163
Bunbury,2000+,5.0,1.0,1.4815444411854248,13,0.6749713152039315
Bunbury,sprint<=1100,0.0,31.0,21.708506963222103,132,1.4280116109559844
Bunbury,sprint<=1100,1.0,23.0,18.81217600460142,152,1.2226124183812785
Bunbury,sprint<=1100,2.0,50.0,50.28617375108157,469,0.9943090967211357
Bunbury,sprint<=1100,3.0,27.0,36.195584397954676,471,0.7459473427240949
Bunbury,sprint<=1100,4.0,1.0,4.727749289871177,80,0.21151713821678736
Bunbury,sprint<=1100,5.0,0.0,0.26980959326905396,3,0.0
Bunbury Fibre Sand,1200-1400,0.0,0.0,0.5985874887069527,7,0.0
Bunbury Fibre Sand,1200-1400,1.0,2.0,1.1951666233982332,11,1.6734068378795361
Bunbury Fibre Sand,1200-1400,2.0,4.0,3.1024057450781175,26,1.2893220064286857
Bunbury Fibre Sand,1200-1400,3.0,1.0,1.9268976389715142,20,0.5189689269294825
Bunbury Fibre Sand,1200-1400,4.0,0.0,0.013614589175540209,1,0.0
Bunbury Fibre Sand,1500-1800,0.0,0.0,0.750324330525979,5,0.0
Bunbury Fibre Sand,1500-1800,1.0,1.0,0.5758353309114732,7,1.7366075791444209
Bunbury Fibre Sand,1500-1800,2.0,3.0,2.377324511070171,19,1.2619227985200585
Bunbury Fibre Sand,1500-1800,3.0,1.0,1.2368299289272944,15,0.8085185979185533
Bunbury Fibre Sand,1500-1800,4.0,0.0,0.05968589856508199,2,0.0
Bunbury Fibre Sand,2000+,0.0,0.0,0.21225532887501375,3,0.0
Bunbury Fibre Sand,2000+,1.0,1.0,0.29447551208251554,2,3.395868107769138
Bunbury Fibre Sand,2000+,2.0,0.0,0.6004829996643344,6,0.0
Bunbury Fibre Sand,2000+,3.0,2.0,1.084698010838214,10,1.8438311677685062
Bunbury Fibre Sand,2000+,4.0,0.0,0.7621941883459122,7,0.0
Bunbury Fibre Sand,2000+,5.0,0.0,0.0458939601940101,2,0.0
Bunbury Fibre Sand,sprint<=1100,0.0,0.0,0.7520725731311979,4,0.0
Bunbury Fibre Sand,sprint<=1100,1.0,2.0,1.1649206690932934,7,1.7168551070148699
Bunbury Fibre Sand,sprint<=1100,2.0,1.0,1.785180510752978,19,0.5601674418785842
Bunbury Fibre Sand,sprint<=1100,3.0,1.0,0.2897092351272149,5,3.4517367027008565
Bunbury Fibre Sand,sprint<=1100,4.0,0.0,0.008117011895315704,2,0.0
Bundaberg,1200-1400,0.0,5.0,3.304442510547306,19,1.5131145371846288
Bundaberg,1200-1400,1.0,1.0,2.731256542331883,20,0.3661318460938947
Bundaberg,1200-1400,2.0,8.0,5.817457229122843,49,1.3751712621024705
Bundaberg,1200-1400,3.0,2.0,3.944987178636963,47,0.5069724968513135
Bundaberg,1200-1400,4.0,1.0,2.468803465775912,34,0.40505451886414673
Bundaberg,1200-1400,5.0,2.0,0.7330530735850932,12,2.728315414078731
Bundaberg,sprint<=1100,0.0,5.0,2.524560374599042,16,1.9805428502751155
Bundaberg,sprint<=1100,1.0,3.0,3.705996127858478,26,0.809498956960206
Bundaberg,sprint<=1100,2.0,5.0,4.94352209745649,48,1.011424628317646
Bundaberg,sprint<=1100,3.0,3.0,3.706766918809482,39,0.8093306284721896
Bundaberg,sprint<=1100,4.0,0.0,1.048910730964802,16,0.0
Bundaberg,sprint<=1100,5.0,0.0,0.07024375031170602,3,0.0
Burrumbeet,1200-1400,0.0,6.0,3.180764096095906,15,1.8863391998684989
Burrumbeet,1200-1400,1.0,2.0,2.7492583475933787,17,0.7274689196636402
Burrumbeet,1200-1400,2.0,6.0,4.1578122442707235,34,1.4430666051040972
Burrumbeet,1200-1400,3.0,1.0,3.4675355261811744,37,0.2883892587255792
Burrumbeet,1200-1400,4.0,0.0,1.444629785858817,17,0.0
Burrumbeet,1500-1800,0.0,2.0,0.9843215624599393,7,2.0318563326010626
Burrumbeet,1500-1800,1.0,2.0,1.1024827800876018,8,1.8140872910877417
Burrumbeet,1500-1800,2.0,1.0,2.5580969035634036,20,0.3909156055061909
Burrumbeet,1500-1800,3.0,2.0,1.8737156133381652,23,1.0673978408264686
Burrumbeet,1500-1800,4.0,0.0,0.48138314055089,8,0.0
Burrumbeet,sprint<=1100,0.0,4.0,1.8792114067853896,12,2.1285524265960407
Burrumbeet,sprint<=1100,1.0,6.0,3.189401862765707,22,1.881230480876771
Burrumbeet,sprint<=1100,2.0,1.0,4.3493798333778075,38,0.22991783617651573
Burrumbeet,sprint<=1100,3.0,1.0,2.167297337489583,29,0.4614041565511804
Burrumbeet,sprint<=1100,4.0,0.0,0.4147095595815136,8,0.0
Cairns,1200-1400,0.0,45.0,33.77311050068478,273,1.3324209506579971
Cairns,1200-1400,1.0,20.0,28.78692506797811,259,0.6947598589558119
Cairns,1200-1400,2.0,94.0,83.53278623230648,729,1.1253066519125074
Cairns,1200-1400,3.0,92.0,94.42332366493359,973,0.9743355394528063
Cairns,1200-1400,4.0,20.0,30.135558053025328,421,0.663667816099798
Cairns,1200-1400,5.0,2.0,2.274893048415806,38,0.8791622100180768
Cairns,1500-1800,0.0,9.0,4.692608080857307,43,1.9179100075955546
Cairns,1500-1800,1.0,5.0,4.333504077796416,38,1.1538006911354972
Cairns,1500-1800,2.0,7.0,9.724818884726478,98,0.7198077499411325
Cairns,1500-1800,3.0,19.0,17.02083790588333,176,1.116278769885504
Cairns,1500-1800,4.0,3.0,6.1408342686917345,85,0.488532969419989
Cairns,1500-1800,5.0,0.0,1.087396782044734,12,0.0
Cairns,2000+,0.0,4.0,3.143127386439782,29,1.2726178446527414
Cairns,2000+,1.0,1.0,1.6043413040232881,22,0.623308766963893
Cairns,2000+,2.0,5.0,5.314375947338515,63,0.9408442401415057
Cairns,2000+,3.0,15.0,12.182374447157583,114,1.231287058616051
Cairns,2000+,4.0,3.0,5.949059838235843,80,0.5042813623622303
Cairns,2000+,5.0,1.0,0.8067210768049888,20,1.2395858106998896
Cairns,sprint<=1100,0.0,11.0,10.02688794074257,68,1.097050257767752
Cairns,sprint<=1100,1.0,18.0,18.018708832394935,145,0.9989616996107236
Cairns,sprint<=1100,2.0,34.0,30.952243466262694,299,1.0984664176947077
Cairns,sprint<=1100,3.0,4.0,7.602798712863938,118,0.5261220441404031
Cairns,sprint<=1100,4.0,0.0,0.39936104773586256,6,0.0
Camperdown,1200-1400,0.0,1.0,1.297634126832951,10,0.7706332465535823
Camperdown,1200-1400,1.0,1.0,0.8399638196233195,10,1.1905274687288894
Camperdown,1200-1400,2.0,3.0,3.8293138363912322,26,0.7834301726565241
Camperdown,1200-1400,3.0,4.0,3.1387143361410197,42,1.2744071526171166
Camperdown,1200-1400,4.0,1.0,0.7000958382768881,14,1.4283758670259366
Camperdown,1200-1400,5.0,0.0,0.19427804273458985,6,0.0
Camperdown,1500-1800,0.0,3.0,1.318197073080015,11,2.2758357314436997
Camperdown,1500-1800,1.0,0.0,1.1434152454714879,7,0.0
Camperdown,1500-1800,2.0,2.0,3.1673025974158184,30,0.6314521390004817
Camperdown,1500-1800,3.0,4.0,3.476214099246619,44,1.1506771118806802
Camperdown,1500-1800,4.0,2.0,1.549596638629646,17,1.2906584527497806
Camperdown,1500-1800,5.0,0.0,0.24418341695090265,5,0.0
Camperdown,2000+,0.0,0.0,0.19815467548108343,4,0.0
Camperdown,2000+,1.0,0.0,0.4142422968279132,4,0.0
Camperdown,2000+,2.0,2.0,1.8282988035832768,16,1.0939130934616412
Camperdown,2000+,3.0,2.0,1.2940245357133175,15,1.5455657484094927
Camperdown,2000+,4.0,0.0,0.2652796883944089,5,0.0
Camperdown,sprint<=1100,0.0,3.0,1.2315816877506638,9,2.4358920158021675
Camperdown,sprint<=1100,1.0,3.0,1.4355143989924017,16,2.0898431963522777
Camperdown,sprint<=1100,2.0,3.0,3.999142638359065,31,0.7501607897714209
Camperdown,sprint<=1100,3.0,0.0,2.1569519712430236,29,0.0
Camperdown,sprint<=1100,4.0,0.0,0.17680930365484548,4,0.0
Canberra,1200-1400,0.0,66.0,48.60827914314529,362,1.357793387534627
Canberra,1200-1400,1.0,36.0,39.31612460178076,340,0.9156548455533545
Canberra,1200-1400,2.0,113.0,105.84282059996721,961,1.0676208302033383
Canberra,1200-1400,3.0,108.0,120.73861806151729,1393,0.8944942532386212
Canberra,1200-1400,4.0,38.0,45.45161001369257,648,0.8360539921149607
Canberra,1200-1400,5.0,1.0,1.769540479021607,37,0.5651184654181565
Canberra,1500-1800,0.0,10.0,11.6593267167972,93,0.8576824582497835
Canberra,1500-1800,1.0,8.0,7.499874872337537,65,1.0666844628977905
Canberra,1500-1800,2.0,29.0,25.932277876729618,231,1.1182974414300568
Canberra,1500-1800,3.0,33.0,35.13427084943997,338,0.9392538738434075
Canberra,1500-1800,4.0,13.0,11.849220698231832,144,1.0971185642562882
Canberra,1500-1800,5.0,0.0,0.549493881079717,10,0.0
Canberra,2000+,0.0,14.0,8.696982817461944,66,1.6097536690414718
Canberra,2000+,1.0,2.0,5.853307509919252,49,0.34168715663933924
Canberra,2000+,2.0,16.0,15.029613443614968,134,1.0645649710170877
Canberra,2000+,3.0,23.0,24.62759139932532,253,0.9339118725443079
Canberra,2000+,4.0,11.0,10.454730807950417,118,1.0521552589029768
Canberra,2000+,5.0,0.0,1.3377740217281036,22,0.0
Canberra,sprint<=1100,0.0,33.0,23.36938845026993,163,1.4121037043919233
Canberra,sprint<=1100,1.0,47.0,35.84901679023422,304,1.311054087620151
Canberra,sprint<=1100,2.0,60.0,70.92395767017611,695,0.8459764791894899
Canberra,sprint<=1100,3.0,23.0,31.529473504180228,414,0.7294761835128843
Canberra,sprint<=1100,4.0,0.0,1.3089636253625112,20,0.0
Canberra Acton,1200-1400,0.0,26.0,12.29390292868751,90,2.1148694723568755
Canberra Acton,1200-1400,1.0,10.0,11.38717316576114,97,0.8781810774659964
Canberra Acton,1200-1400,2.0,23.0,29.892925823592577,291,0.7694128080914572
Canberra Acton,1200-1400,3.0,30.0,30.92975399768526,357,0.9699398191865722
Canberra Acton,1200-1400,4.0,1.0,5.07144499179177,98,0.1971824601506117
Canberra Acton,1200-1400,5.0,0.0,0.42479909248174225,8,0.0
Canberra Acton,1500-1800,0.0,6.0,3.329965232351449,25,1.8018206141338933
Canberra Acton,1500-1800,1.0,1.0,1.445695663472822,21,0.6917085146384264
Canberra Acton,1500-1800,2.0,7.0,6.175424425465312,56,1.1335253284186304
Canberra Acton,1500-1800,3.0,5.0,7.923226721482961,83,0.6310560300443061
Canberra Acton,1500-1800,4.0,4.0,4.599155035080406,53,0.8697249754552075
Canberra Acton,1500-1800,5.0,2.0,1.5265329221470516,15,1.3101584453134638
Canberra Acton,2000+,0.0,2.0,1.250018540951108,16,1.599976267934594
Canberra Acton,2000+,1.0,1.0,0.7959236865824622,11,1.2564018596981337
Canberra Acton,2000+,2.0,5.0,5.127709764483091,39,0.9750941901260347
Canberra Acton,2000+,3.0,4.0,6.117660161375472,61,0.6538447534654581
Canberra Acton,2000+,4.0,4.0,2.6325721209649227,25,1.5194265593505834
Canberra Acton,2000+,5.0,0.0,0.07611572564294333,1,0.0
Canberra Acton,sprint<=1100,0.0,14.0,8.946660741674332,55,1.5648296503282806
Canberra Acton,sprint<=1100,1.0,16.0,9.195630054425562,80,1.7399569040187424
Canberra Acton,sprint<=1100,2.0,20.0,21.24320108708571,194,0.9414776952875769
Canberra Acton,sprint<=1100,3.0,4.0,12.620997635596627,153,0.31693215667185326
Canberra Acton,sprint<=1100,4.0,0.0,1.6605214004490676,29,0.0
Canberra Acton,sprint<=1100,5.0,0.0,0.18247647401478523,4,0.0
Canterbury,1200-1400,0.0,71.0,36.96813144107583,258,1.9205731323793893
Canterbury,1200-1400,1.0,22.0,28.792781447577028,217,0.7640804011955346
Canterbury,1200-1400,2.0,75.0,82.26615140406791,673,0.9116750780235404
Canterbury,1200-1400,3.0,68.0,86.5714676893226,873,0.7854781929310742
Canterbury,1200-1400,4.0,22.0,22.295198398767354,321,0.9867595527302563
Canterbury,1200-1400,5.0,0.0,0.72259487001173,15,0.0
Canterbury,1500-1800,0.0,29.0,20.110671333892114,133,1.4420204834796777
Canterbury,1500-1800,1.0,8.0,10.251278309195177,85,0.7803904799681588
Canterbury,1500-1800,2.0,48.0,38.46430447433101,287,1.247910254871048
Canterbury,1500-1800,3.0,35.0,44.103622511135924,414,0.7935856060613318
Canterbury,1500-1800,4.0,12.0,18.943814434378034,233,0.6334521509154545
Canterbury,1500-1800,5.0,1.0,0.6715894236705817,14,1.4890049854187482
Canterbury,2000+,0.0,25.0,16.53004776932666,113,1.5123973232787793
Canterbury,2000+,1.0,5.0,6.5997990514586515,65,0.757598823996759
Canterbury,2000+,2.0,29.0,28.108638488729092,256,1.031711301549818
Canterbury,2000+,3.0,44.0,40.8275498993485,388,1.077703661093367
Canterbury,2000+,4.0,7.0,17.804846922466133,234,0.3931513722349058
Canterbury,2000+,5.0,3.0,2.8629835411430027,42,1.0478579275388693
Canterbury,sprint<=1100,0.0,38.0,21.34411383724287,141,1.7803503246733368
Canterbury,sprint<=1100,1.0,28.0,21.44331221763057,150,1.3057684240114062
Canterbury,sprint<=1100,2.0,37.0,49.96115545750361,422,0.7405753462101529
Canterbury,sprint<=1100,3.0,32.0,40.116102121500084,463,0.7976846779151485
Canterbury,sprint<=1100,4.0,5.0,7.135316366122871,116,0.7007397771091205
Carnarvon,1200-1400,0.0,29.0,23.288079817161744,166,1.2452722692331617
Carnarvon,1200-1400,1.0,40.0,27.49816969551966,236,1.454642270482362
Carnarvon,1200-1400,2.0,62.0,52.00689245811944,481,1.1921496761208699
Carnarvon,1200-1400,3.0,28.0,44.004497222533075,511,0.6362986005362705
Carnarvon,1200-1400,4.0,7.0,16.514730539717572,239,0.4238640154112809
Carnarvon,1200-1400,5.0,0.0,2.540940366243975,42,0.0
Carnarvon,1500-1800,0.0,11.0,8.193874473452311,59,1.3424662576464133
Carnarvon,1500-1800,1.0,12.0,7.903360192267923,70,1.5183415291814657
Carnarvon,1500-1800,2.0,12.0,18.347343213139226,168,0.6540456490401481
Carnarvon,1500-1800,3.0,22.0,16.872105295137,183,1.303927376884081
Carnarvon,1500-1800,4.0,2.0,6.688319465696103,96,0.29902877849329007
Carnarvon,1500-1800,5.0,0.0,0.9949973603074364,14,0.0
Carnarvon,2000+,0.0,0.0,0.33648987177317313,5,0.0
Carnarvon,2000+,1.0,1.0,0.5510156245409598,6,1.8148305700642886
Carnarvon,2000+,2.0,3.0,1.768972937339568,18,1.6958993191336351
Carnarvon,2000+,3.0,1.0,1.0311343358696574,13,0.9698057422911839
Carnarvon,2000+,4.0,0.0,1.01995258639898,13,0.0
Carnarvon,2000+,5.0,0.0,0.2924346440776616,6,0.0
Carnarvon,sprint<=1100,0.0,13.0,8.683751272365374,60,1.4970488665849269
Carnarvon,sprint<=1100,1.0,28.0,17.46731470834185,126,1.6029939614374764
Carnarvon,sprint<=1100,2.0,17.0,25.74015038008659,261,0.6604468019406657
Carnarvon,sprint<=1100,3.0,2.0,7.746202056293815,128,0.25819104452290825
Carnarvon,sprint<=1100,4.0,0.0,0.3625815829123711,11,0.0
Casino,1200-1400,0.0,16.0,8.217802500668952,70,1.9469925200438383
Casino,1200-1400,1.0,6.0,6.957825345592603,60,0.8623384034496737
Casino,1200-1400,2.0,18.0,19.43176907423914,178,0.9263181304404627
Casino,1200-1400,3.0,22.0,23.850209655571447,278,0.9224237571790387
Casino,1200-1400,4.0,8.0,10.229666656636468,169,0.7820391678950772
Casino,1200-1400,5.0,0.0,1.312726767291392,35,0.0
Casino,2000+,0.0,5.0,1.7938124630366878,11,2.787359382895389
Casino,2000+,1.0,1.0,1.2661323459312,9,0.789806850139771
Casino,2000+,2.0,2.0,2.3015987666752897,25,0.8689611886128372
Casino,2000+,3.0,2.0,3.3253982451073645,36,0.6014317241378792
Casino,2000+,4.0,1.0,2.1709362446395413,35,0.46063075434351985
Casino,2000+,5.0,0.0,0.14212193460991632,2,0.0
Casino,sprint<=1100,0.0,11.0,4.436566088195363,28,2.479395050435146
Casino,sprint<=1100,1.0,5.0,6.448762198961901,48,0.7753425922272157
Casino,sprint<=1100,2.0,9.0,9.833383193089727,92,0.9152495965299741
Casino,sprint<=1100,3.0,3.0,6.248812283030805,89,0.4800912340008615
Casino,sprint<=1100,4.0,0.0,0.9934355875527968,13,0.0
Casino,sprint<=1100,5.0,0.0,0.03904064916940774,1,0.0
Casterton,1200-1400,0.0,22.0,12.204809478814742,93,1.8025680809018667
Casterton,1200-1400,1.0,14.0,10.352430611787733,85,1.3523394191175726
Casterton,1200-1400,2.0,39.0,33.58928850186607,282,1.1610844331469936
Casterton,1200-1400,3.0,14.0,27.773765174825233,357,0.5040728151863946
Casterton,1200-1400,4.0,3.0,8.583339446243853,154,0.3495143141883812
Casterton,1200-1400,5.0,1.0,0.49636678646237015,10,2.014639229040782
Casterton,1500-1800,0.0,7.0,2.605541338432234,21,2.6865818234194405
Casterton,1500-1800,1.0,3.0,2.754910947695682,25,1.0889644191618317
Casterton,1500-1800,2.0,3.0,4.646597771538261,48,0.6456336759716663
Casterton,1500-1800,3.0,6.0,7.580776193945528,75,0.791475680919319
Casterton,1500-1800,4.0,2.0,3.0553174765547766,45,0.6545964585831621
Casterton,1500-1800,5.0,0.0,0.35685627183351876,7,0.0
Casterton,2000+,0.0,11.0,6.899809481148455,45,1.5942469179843324
Casterton,2000+,1.0,3.0,3.7336992161219844,40,0.8034926828187187
Casterton,2000+,2.0,11.0,12.110873478775117,118,0.9082747020087382
Casterton,2000+,3.0,16.0,16.361000415855873,173,0.9779353091693576
Casterton,2000+,4.0,4.0,5.417680720525205,86,0.7383233169953635
Casterton,2000+,5.0,0.0,0.4769366875733658,7,0.0
Casterton,sprint<=1100,0.0,10.0,3.0853355538855123,27,3.2411385489032196
Casterton,sprint<=1100,1.0,3.0,4.978233247900975,40,0.602623430966181
Casterton,sprint<=1100,2.0,12.0,12.76164084735768,100,0.9403179531168689
Casterton,sprint<=1100,3.0,2.0,5.800758650804057,83,0.3447824880152142
Casterton,sprint<=1100,4.0,0.0,0.34735444187512904,7,0.0
Casterton,sprint<=1100,5.0,0.0,0.026677258176645867,1,0.0
Caulfield,1200-1400,0.0,76.0,53.73626687968306,471,1.4143148456919428
Caulfield,1200-1400,1.0,46.0,49.875508966056415,472,0.9222963525305786
Caulfield,1200-1400,2.0,149.0,142.64881366259422,1410,1.044523232786416
Caulfield,1200-1400,3.0,165.0,169.19276946023697,1965,0.9752189796667265
Caulfield,1200-1400,4.0,33.0,52.15674018811728,813,0.6327082536404047
Caulfield,1200-1400,5.0,2.0,3.3794146364709308,59,0.591818470103026
Caulfield,1500-1800,0.0,34.0,19.005102277112606,193,1.7889932663475006
Caulfield,1500-1800,1.0,21.0,15.382601531876592,152,1.36517870247648
Caulfield,1500-1800,2.0,53.0,45.164400983868795,458,1.1734905997962823
Caulfield,1500-1800,3.0,53.0,72.16087834542779,809,0.7344699955881032
Caulfield,1500-1800,4.0,31.0,36.191575541367264,513,0.8565529280306338
Caulfield,1500-1800,5.0,1.0,4.809209808584301,85,0.20793436755764508
Caulfield,2000+,0.0,17.0,17.040676541546045,177,0.9976129737896924
Caulfield,2000+,1.0,14.0,15.912572819398562,162,0.8798074427620529
Caulfield,2000+,2.0,52.0,48.30155641264735,474,1.0765698636241925
Caulfield,2000+,3.0,77.0,64.57715774118917,741,1.1923720816050594
Caulfield,2000+,4.0,13.0,26.470659518493544,421,0.4911097885913133
Caulfield,2000+,5.0,4.0,4.467292836164475,73,0.8953968648794282
Caulfield,sprint<=1100,0.0,40.0,28.393006086909576,236,1.4087976411360599
Caulfield,sprint<=1100,1.0,37.0,38.333197065876604,329,0.9652208224744346
Caulfield,sprint<=1100,2.0,93.0,93.93488115041197,930,0.9900475612577292
Caulfield,sprint<=1100,3.0,64.0,65.8843749540615,880,0.9713987579699224
Caulfield,sprint<=1100,4.0,2.0,9.008674996885453,139,0.22200823103191702
Caulfield,sprint<=1100,5.0,0.0,0.13942996720505363,3,0.0
Caulfield Heath,1200-1400,0.0,7.0,4.38016065718848,42,1.5981148975693353
Caulfield Heath,1200-1400,1.0,11.0,7.773735362354526,54,1.4150211561444632
Caulfield Heath,1200-1400,2.0,10.0,16.678967438437148,145,0.5995574988026369
Caulfield Heath,1200-1400,3.0,14.0,11.995775306098777,133,1.1670775454490427
Caulfield Heath,1200-1400,4.0,0.0,1.1713612359210686,18,0.0
Caulfield Heath,1500-1800,0.0,11.0,7.522947043025936,69,1.4621929327812333
Caulfield Heath,1500-1800,1.0,9.0,6.67883302259527,50,1.3475408008482848
Caulfield Heath,1500-1800,2.0,20.0,19.90142629761859,156,1.004953097376403
Caulfield Heath,1500-1800,3.0,26.0,27.279438507389617,253,0.9530987961118395
Caulfield Heath,1500-1800,4.0,3.0,7.573666860020633,113,0.3961093160614444
Caulfield Heath,1500-1800,5.0,0.0,0.04368826934995448,2,0.0
Caulfield Heath,sprint<=1100,0.0,10.0,5.228130861101631,41,1.9127294755381998
Caulfield Heath,sprint<=1100,1.0,11.0,6.986026893484799,61,1.5745716653708635
Caulfield Heath,sprint<=1100,2.0,15.0,18.387983090715718,165,0.8157501519333925
Caulfield Heath,sprint<=1100,3.0,4.0,9.948093401796585,121,0.40208709734044273
Caulfield Heath,sprint<=1100,4.0,1.0,0.4497657529012655,11,2.2233796004906674
Cessnock,1200-1400,0.0,0.0,0.2226946546782696,3,0.0
Cessnock,1200-1400,1.0,0.0,0.08240986499255759,2,0.0
Cessnock,1200-1400,2.0,2.0,0.6723514503445516,7,2.9746347672412767
Cessnock,1200-1400,3.0,1.0,1.737130510126974,10,0.5756619863448866
Cessnock,1200-1400,4.0,0.0,0.2688897692358745,4,0.0
Cessnock,1200-1400,5.0,0.0,0.016523750621772835,1,0.0
Cessnock,1500-1800,0.0,0.0,0.00555532695998758,1,0.0
Cessnock,1500-1800,1.0,0.0,0.08388543709581246,1,0.0
Cessnock,1500-1800,2.0,0.0,0.0863832664882436,3,0.0
Cessnock,1500-1800,3.0,1.0,0.8241759694559564,4,1.2133331194551888
Cessnock,2000+,0.0,0.0,0.03997678258831633,1,0.0
Cessnock,2000+,1.0,0.0,0.10493905429433038,1,0.0
Cessnock,2000+,2.0,0.0,0.005559684995726112,1,0.0
Cessnock,2000+,3.0,1.0,0.0932791593727381,1,10.720508275638057
Cessnock,2000+,4.0,0.0,0.7562453187488891,4,0.0
Cessnock,sprint<=1100,0.0,0.0,0.17947764651050302,2,0.0
Cessnock,sprint<=1100,1.0,0.0,0.057566788880747136,3,0.0
Cessnock,sprint<=1100,2.0,2.0,1.263410308679809,7,1.5830170026789514
Cessnock,sprint<=1100,3.0,0.0,0.4069912397636568,7,0.0
Cessnock,sprint<=1100,4.0,0.0,0.09255401616528389,4,0.0
Chinchilla,1200-1400,0.0,6.0,2.863103952392433,23,2.0956277172494384
Chinchilla,1200-1400,1.0,1.0,2.873940847976865,27,0.3479542735557548
Chinchilla,1200-1400,2.0,11.0,7.663123185354396,64,1.435446062125554
Chinchilla,1200-1400,3.0,5.0,6.288493059810445,70,0.7951030481300579
Chinchilla,1200-1400,4.0,0.0,3.098651133392708,46,0.0
Chinchilla,1200-1400,5.0,0.0,0.2126878210731529,7,0.0
Chinchilla,sprint<=1100,0.0,5.0,2.758567926683132,18,1.8125346675845455
Chinchilla,sprint<=1100,1.0,5.0,3.7464476230881147,31,1.3345975983186467
Chinchilla,sprint<=1100,2.0,6.0,6.662934873790758,62,0.9005040742033258
Chinchilla,sprint<=1100,3.0,2.0,3.7148980486396455,55,0.5383727827288229
Chinchilla,sprint<=1100,4.0,0.0,1.1171515277983508,19,0.0
Clare,1200-1400,0.0,6.0,2.5815928314881598,25,2.3241465217972808
Clare,1200-1400,1.0,3.0,3.1819940369980286,31,0.9428050351817359
Clare,1200-1400,2.0,12.0,10.354671190454425,93,1.1588972531607127
Clare,1200-1400,3.0,3.0,7.147733050186673,80,0.4197134922269727
Clare,1200-1400,4.0,1.0,1.5499497587486402,26,0.6451822030717661
Clare,1200-1400,5.0,0.0,0.1840591321240724,2,0.0
Clare,1500-1800,0.0,8.0,5.3753253642861765,33,1.4882820030118067
Clare,1500-1800,1.0,3.0,3.049542810531113,32,0.9837540203206773
Clare,1500-1800,2.0,10.0,9.924841873018858,99,1.0075727279026443
Clare,1500-1800,3.0,10.0,10.84465837854814,115,0.9221129565299206
Clare,1500-1800,4.0,2.0,3.3412788074422566,39,0.5985732156039372
Clare,1500-1800,5.0,0.0,0.464352766173457,9,0.0
Clare,sprint<=1100,0.0,8.0,5.074966911290095,33,1.576364957612372
Clare,sprint<=1100,1.0,5.0,4.3573236811175455,37,1.1474933619614929
Clare,sprint<=1100,2.0,8.0,13.32098681202614,122,0.6005561084091479
Clare,sprint<=1100,3.0,11.0,8.919761024552267,114,1.23321689557845
Clare,sprint<=1100,4.0,1.0,1.3032549962668587,27,0.7673095463777042
Clare,sprint<=1100,5.0,0.0,0.023706574747093152,3,0.0
Cloncurry,1200-1400,0.0,5.0,1.324652507954617,11,3.774574818659764
Cloncurry,1200-1400,1.0,3.0,2.6000011474782028,18,1.1538456446104899
Cloncurry,1200-1400,2.0,1.0,2.394770436708199,28,0.4175765596031739
Cloncurry,1200-1400,3.0,2.0,2.855547814236344,41,0.7003910037958365
Cloncurry,1200-1400,4.0,0.0,1.6880160447290686,19,0.0
Cloncurry,1200-1400,5.0,0.0,0.1370120488935685,2,0.0
Cloncurry,1500-1800,0.0,1.0,0.9201851849429776,3,1.086737774486087
Cloncurry,1500-1800,1.0,0.0,0.39326602929429855,3,0.0
Cloncurry,1500-1800,2.0,1.0,0.8563432989885768,9,1.1677559702762847
Cloncurry,1500-1800,3.0,1.0,0.6926599027889287,12,1.4437099592073914
Cloncurry,1500-1800,4.0,0.0,0.013518371857207681,1,0.0
Cloncurry,1500-1800,5.0,0.0,0.12402721212801048,1,0.0
Cloncurry,sprint<=1100,0.0,4.0,1.6267339354681165,10,2.4589147080459357
Cloncurry,sprint<=1100,1.0,3.0,2.7759758368069156,30,1.080701049419353
Cloncurry,sprint<=1100,2.0,2.0,3.252005530642306,36,0.6150051041287677
Cloncurry,sprint<=1100,3.0,1.0,1.976190086979807,23,0.506024196046996
Cloncurry,sprint<=1100,4.0,0.0,0.3690946101028543,6,0.0
Coffs Harbour,1200-1400,0.0,48.0,29.885099836495396,212,1.6061515692640538
Coffs Harbour,1200-1400,1.0,14.0,20.59091178805534,180,0.6799116107195075
Coffs Harbour,1200-1400,2.0,65.0,57.15344198729417,564,1.1372893344630093
Coffs Harbour,1200-1400,3.0,63.0,72.9756899240112,826,0.8633011906513144
Coffs Harbour,1200-1400,4.0,20.0,27.730061229481027,450,0.7212389411797308
Coffs Harbour,1200-1400,5.0,2.0,3.547194482905551,70,0.5638258656632142
Coffs Harbour,1500-1800,0.0,11.0,7.655688234927038,71,1.43684011971849
Coffs Harbour,1500-1800,1.0,7.0,5.173368574378506,49,1.3530835662218275
Coffs Harbour,1500-1800,2.0,18.0,16.098753192808637,158,1.1180990095581225
Coffs Harbour,1500-1800,3.0,21.0,25.484844341517963,280,0.824019158939433
Coffs Harbour,1500-1800,4.0,13.0,15.22320831323274,201,0.8539592793130064
Coffs Harbour,1500-1800,5.0,1.0,1.3507272001672477,28,0.7403419431223266
Coffs Harbour,2000+,0.0,2.0,1.0188269362808589,16,1.9630419345809897
Coffs Harbour,2000+,1.0,1.0,1.5167343394110624,14,0.6593112412739948
Coffs Harbour,2000+,2.0,1.0,3.4430910709384444,34,0.29043669754789303
Coffs Harbour,2000+,3.0,6.0,5.590048878465478,58,1.0733358742378398
Coffs Harbour,2000+,4.0,5.0,3.7440559583998176,51,1.335450125627119
Coffs Harbour,2000+,5.0,1.0,0.6872428165043394,7,1.4550897819296242
Coffs Harbour,sprint<=1100,0.0,27.0,16.975900279119404,119,1.5904900215048023
Coffs Harbour,sprint<=1100,1.0,27.0,24.317296044092544,195,1.1103208165514427
Coffs Harbour,sprint<=1100,2.0,29.0,42.98010997913267,462,0.6747307071591913
Coffs Harbour,sprint<=1100,3.0,34.0,30.395727499695774,408,1.1185782607223433
Coffs Harbour,sprint<=1100,4.0,2.0,4.330966197959609,79,0.4617907202651994
Colac,1200-1400,0.0,12.0,5.996635333495608,35,2.0011221847977305
Colac,1200-1400,1.0,5.0,5.028520668745228,30,0.9943282188492336
Colac,1200-1400,2.0,10.0,10.009361320336788,105,0.9990647434898999
Colac,1200-1400,3.0,5.0,9.376420675354211,119,0.5332525249365602
Colac,1200-1400,4.0,3.0,4.2454405499304215,58,0.7066404451357038
Colac,1200-1400,5.0,0.0,0.27310667241456144,5,0.0
Colac,1500-1800,0.0,6.0,3.804236580228534,30,1.577188976937801
Colac,1500-1800,1.0,0.0,2.388621038842127,22,0.0
Colac,1500-1800,2.0,11.0,9.91540023522267,77,1.109385374170221
Colac,1500-1800,3.0,10.0,10.119467345882542,107,0.9881943049175259
Colac,1500-1800,4.0,3.0,3.296306037151988,45,0.9101096700936189
Colac,1500-1800,5.0,0.0,0.47596876267213745,9,0.0
Colac,2000+,0.0,4.0,3.9710608158094467,27,1.0072875197668445
Colac,2000+,1.0,2.0,1.149182419301811,16,1.7403677313607926
Colac,2000+,2.0,9.0,7.954272684661241,65,1.1314673706566918
Colac,2000+,3.0,8.0,10.2155539142853,99,0.7831195515314057
Colac,2000+,4.0,4.0,3.6348386952609215,55,1.100461488212716
Colac,2000+,5.0,0.0,0.07509147068128053,2,0.0
Colac,sprint<=1100,0.0,10.0,3.9833587784506834,25,2.5104442145905503
Colac,sprint<=1100,1.0,6.0,4.25611399776634,35,1.4097366760262702
Colac,sprint<=1100,2.0,6.0,10.587263994352913,88,0.566718653960108
Colac,sprint<=1100,3.0,3.0,5.3584766499442145,76,0.55986060889735
Colac,sprint<=1100,4.0,0.0,0.8147865794858502,20,0.0
Coleraine,1200-1400,0.0,5.0,3.738019928023216,25,1.3376065661169867
Coleraine,1200-1400,1.0,6.0,3.471309710598605,28,1.7284542435613843
Coleraine,1200-1400,2.0,5.0,5.271196661002041,62,0.9485512155127053
Coleraine,1200-1400,3.0,7.0,7.996743948608342,90,0.8753562756274317
Coleraine,1200-1400,4.0,1.0,4.085507414245923,52,0.24476763804492416
Coleraine,1200-1400,5.0,1.0,0.4372223375218726,8,2.2871658517446485
Coleraine,1500-1800,0.0,2.0,2.5965300682550225,28,0.770258748185452
Coleraine,1500-1800,1.0,2.0,3.011005049290863,26,0.6642300385617188
Coleraine,1500-1800,2.0,9.0,7.178037949345647,62,1.2538245218974418
Coleraine,1500-1800,3.0,10.0,10.68581174353651,105,0.9358203419640689
Coleraine,1500-1800,4.0,5.0,3.7258152214667706,58,1.3419881832013159
Coleraine,1500-1800,5.0,0.0,0.524314633538899,12,0.0
Coleraine,2000+,0.0,4.0,2.2869642553366107,12,1.74904351507289
Coleraine,2000+,1.0,0.0,1.45360428104226,12,0.0
Coleraine,2000+,2.0,4.0,3.199093532418375,31,1.250354189230652
Coleraine,2000+,3.0,2.0,3.8039967991184396,41,0.5257627978192546
Coleraine,2000+,4.0,2.0,1.1322164047337606,23,1.766446760211267
Coleraine,2000+,5.0,0.0,0.12412472735055394,2,0.0
Coleraine,sprint<=1100,0.0,1.0,1.2470105001290512,5,0.8019178666871782
Coleraine,sprint<=1100,1.0,2.0,0.6324814136046454,6,3.1621482576089894
Coleraine,sprint<=1100,2.0,1.0,1.3617869076297369,18,0.7343292804456122
Coleraine,sprint<=1100,3.0,1.0,1.739158174359201,15,0.5749908287487729
Coleraine,sprint<=1100,4.0,0.0,0.008075426184261329,1,0.0
Coleraine,sprint<=1100,5.0,0.0,0.011487578093104144,1,0.0
Collie,1200-1400,0.0,1.0,0.7946890925812851,5,1.2583537503350275
Collie,1200-1400,1.0,1.0,1.5915248881094266,10,0.6283282199802107
Collie,1200-1400,2.0,2.0,1.0528208643976054,13,1.8996584011890227
Collie,1200-1400,3.0,1.0,0.8508630522173933,13,1.1752772639427085
Collie,1200-1400,4.0,0.0,0.6011197659974533,7,0.0
Collie,1200-1400,5.0,0.0,0.10898233669683625,2,0.0
Collie,2000+,0.0,1.0,0.26149231697731806,2,3.8242041355530163
Collie,2000+,1.0,0.0,0.5506096230383521,4,0.0
Collie,2000+,2.0,0.0,0.15350134695653894,2,0.0
Collie,2000+,3.0,1.0,0.9665907529116685,9,1.03456400445348
Collie,2000+,4.0,0.0,0.06780596011612242,2,0.0
Collie,sprint<=1100,0.0,3.0,0.994661802424258,4,3.0161005405939934
Collie,sprint<=1100,1.0,0.0,0.946865795973645,6,0.0
Collie,sprint<=1100,2.0,1.0,1.3781508059184888,14,0.7256099954413445
Collie,sprint<=1100,3.0,0.0,0.6067328604728899,9,0.0
Collie,sprint<=1100,4.0,0.0,0.07358873521071882,2,0.0
Coonabarabran,1200-1400,0.0,10.0,4.413069843092935,36,2.2659963144819435
Coonabarabran,1200-1400,1.0,1.0,3.500169179585723,39,0.28570047580338936
Coonabarabran,1200-1400,2.0,10.0,10.897178723016532,100,0.9176687153784537
Coonabarabran,1200-1400,3.0,9.0,11.571043950087946,146,0.7778036311003378
Coonabarabran,1200-1400,4.0,6.0,5.368465937926428,84,1.1176377142699172
Coonabarabran,1200-1400,5.0,0.0,0.2500723662904369,11,0.0
Coonabarabran,1500-1800,0.0,3.0,2.748915924979314,23,1.0913393067933046
Coonabarabran,1500-1800,1.0,2.0,3.164792211070694,24,0.6319530214349749
Coonabarabran,1500-1800,2.0,6.0,4.5362243093952115,53,1.3226859147095276
Coonabarabran,1500-1800,3.0,11.0,8.5844530698145,86,1.281386235155654
Coonabarabran,1500-1800,4.0,1.0,2.709839942670906,36,0.3690254853260328
Coonabarabran,1500-1800,5.0,0.0,1.2557745420693742,17,0.0
Coonabarabran,sprint<=1100,0.0,5.0,2.09539618781592,12,2.386183590995083
Coonabarabran,sprint<=1100,1.0,2.0,1.6412058009658685,21,1.218616214263304
Coonabarabran,sprint<=1100,2.0,4.0,4.7031887918617,42,0.8504868031071848
Coonabarabran,sprint<=1100,3.0,0.0,3.009337148001691,32,0.0
Coonabarabran,sprint<=1100,4.0,1.0,0.4997828252620493,10,2.0008690764346966
Coonabarabran,sprint<=1100,5.0,0.0,0.05108924609277177,2,0.0
Coonamble,1200-1400,0.0,14.0,6.305395402943135,62,2.220320710334089
Coonamble,1200-1400,1.0,9.0,6.886695380353833,55,1.3068677359644716
Coonamble,1200-1400,2.0,19.0,18.981346267096995,176,1.0009827402461615
Coonamble,1200-1400,3.0,11.0,18.813905256604958,235,0.5846739339849845
Coonamble,1200-1400,4.0,8.0,10.2197428487428,162,0.7827985614123485
Coonamble,1200-1400,5.0,1.0,0.7100070441994236,16,1.4084367305504146
Coonamble,1500-1800,0.0,4.0,3.949257463606271,32,1.0128486270802395
Coonamble,1500-1800,1.0,2.0,2.153265496605568,27,0.9288218304490656
Coonamble,1500-1800,2.0,7.0,7.444179333722306,72,0.9403319944604017
Coonamble,1500-1800,3.0,13.0,12.289416046445591,120,1.0578208070154747
Coonamble,1500-1800,4.0,5.0,4.828855851777433,83,1.0354419666844208
Coonamble,1500-1800,5.0,1.0,1.33502580784283,19,0.7490491900046684
Coonamble,2000+,0.0,0.0,0.13060141550832396,2,0.0
Coonamble,2000+,1.0,0.0,0.13779716294236516,1,0.0
Coonamble,2000+,2.0,1.0,0.4465563244225226,3,2.239359169961772
Coonamble,2000+,3.0,1.0,0.7528167767681534,9,1.3283444668874218
Coonamble,2000+,4.0,0.0,0.48004637715040327,4,0.0
Coonamble,2000+,5.0,0.0,0.052181943208231565,1,0.0
Coonamble,sprint<=1100,0.0,13.0,4.813519343681494,35,2.700726655864499
Coonamble,sprint<=1100,1.0,6.0,5.458530669151673,36,1.0991969018161583
Coonamble,sprint<=1100,2.0,8.0,10.620115492855884,112,0.7532874765233554
Coonamble,sprint<=1100,3.0,6.0,11.011288147703898,137,0.5448953764098105
Coonamble,sprint<=1100,4.0,2.0,3.046626988095681,57,0.6564636917531267
Coonamble,sprint<=1100,5.0,0.0,0.049919358511371484,2,0.0
Cootamundra,1200-1400,0.0,5.0,2.429000234492185,18,2.0584600729959655
Cootamundra,1200-1400,1.0,2.0,2.60006604754324,23,0.7692112290338806
Cootamundra,1200-1400,2.0,6.0,5.998401898456637,52,1.0002664212185872
Cootamundra,1200-1400,3.0,3.0,5.220508037382872,58,0.5746567151161691
Cootamundra,1200-1400,4.0,2.0,1.2729939177736733,16,1.5710994153827385
Cootamundra,1200-1400,5.0,0.0,0.28399010297510446,5,0.0
Cootamundra,1500-1800,0.0,4.0,1.325179303497043,8,3.0184594563500333
Cootamundra,1500-1800,1.0,0.0,0.28049452768014793,5,0.0
Cootamundra,1500-1800,2.0,2.0,2.543330374432096,20,0.7863705085685468
Cootamundra,1500-1800,3.0,2.0,3.1954697921128803,34,0.625886060615074
Cootamundra,1500-1800,4.0,0.0,0.6555260022778324,10,0.0
Cootamundra,sprint<=1100,0.0,2.0,1.4332414361071744,8,1.3954383048205736
Cootamundra,sprint<=1100,1.0,2.0,1.1661036591143374,12,1.7151133901071982
Cootamundra,sprint<=1100,2.0,3.0,3.0176422363080175,23,0.9941536355450796
Cootamundra,sprint<=1100,3.0,1.0,2.2295741968360714,30,0.44851613434487764
Cootamundra,sprint<=1100,4.0,0.0,0.07984791982330054,2,0.0
Cootamundra,sprint<=1100,5.0,0.0,0.07359055181109905,2,0.0
Corowa,1200-1400,0.0,34.0,13.266487999208444,104,2.5628485852494376
Corowa,1200-1400,1.0,10.0,13.227670622707166,100,0.755991004405083
Corowa,1200-1400,2.0,35.0,34.26402474762411,284,1.0214795330611859
Corowa,1200-1400,3.0,22.0,31.34870316822559,389,0.7017834161094981
Corowa,1200-1400,4.0,3.0,10.544312037737313,204,0.28451358317766223
Corowa,1200-1400,5.0,0.0,1.0565279828163179,19,0.0
Corowa,1500-1800,0.0,10.0,5.4188548973371145,41,1.8454083361623341
Corowa,1500-1800,1.0,2.0,3.7496573112596745,28,0.5333820757417729
Corowa,1500-1800,2.0,15.0,11.140097120085251,97,1.3464873634679058
Corowa,1500-1800,3.0,7.0,14.927500681358593,166,0.4689331556180449
Corowa,1500-1800,4.0,7.0,4.993747076691532,85,1.4017530108148077
Corowa,1500-1800,5.0,0.0,0.6865445114471168,11,0.0
Corowa,sprint<=1100,0.0,19.0,8.173711077599215,52,2.3245255208581077
Corowa,sprint<=1100,1.0,9.0,7.314125474139708,73,1.2304957074938048
Corowa,sprint<=1100,2.0,20.0,25.81045395818681,229,0.774879823206527
Corowa,sprint<=1100,3.0,4.0,9.50214509826891,138,0.420957579434218
Corowa,sprint<=1100,4.0,0.0,1.178986495792683,16,0.0
Cowra,1200-1400,0.0,9.0,8.003089506455161,46,1.1245657058740561
Cowra,1200-1400,1.0,8.0,5.986808676895754,47,1.3362711975202313
Cowra,1200-1400,2.0,17.0,16.06662772130494,133,1.0580938511108573
Cowra,1200-1400,3.0,11.0,12.068649822354098,157,0.9114524128146715
Cowra,1200-1400,4.0,1.0,3.6255184019048956,74,0.2758226242830782
Cowra,1200-1400,5.0,0.0,0.24930587108515045,8,0.0
Cowra,1500-1800,0.0,0.0,0.8861741129179638,9,0.0
Cowra,1500-1800,1.0,1.0,0.9977046468022623,7,1.0023006339652667
Cowra,1500-1800,2.0,2.0,2.3951948560940934,22,0.835005133261455
Cowra,1500-1800,3.0,3.0,3.238459355494772,30,0.9263664201651405
Cowra,1500-1800,4.0,3.0,1.0447571365920905,19,2.8714807441141263
Cowra,1500-1800,5.0,0.0,0.4377098920988176,5,0.0
Cowra,sprint<=1100,0.0,4.0,3.0096905987755442,18,1.3290402680020834
Cowra,sprint<=1100,1.0,7.0,4.026769224347828,36,1.7383663204920101
Cowra,sprint<=1100,2.0,7.0,6.239122354951071,71,1.1219526724692508
Cowra,sprint<=1100,3.0,0.0,3.312427514420868,46,0.0
Cowra,sprint<=1100,4.0,0.0,1.0630080804147648,17,0.0
Cowra,sprint<=1100,5.0,0.0,0.00788501598959785,1,0.0
Cranbourne,1200-1400,0.0,110.0,58.579041693641756,434,1.8778047031783305
Cranbourne,1200-1400,1.0,61.0,49.85075602028466,409,1.2236524552441816
Cranbourne,1200-1400,2.0,136.0,149.3694519421554,1219,0.9104940684435742
Cranbourne,1200-1400,3.0,111.0,139.16523122403942,1626,0.7976130174447327
Cranbourne,1200-1400,4.0,16.0,35.72890624232813,578,0.44781667514480916
Cranbourne,1200-1400,5.0,0.0,1.11181712096747,30,0.0
Cranbourne,1500-1800,0.0,39.0,21.592033948328943,172,1.8062216877450907
Cranbourne,1500-1800,1.0,17.0,17.051283035575473,149,0.9969924236511425
Cranbourne,1500-1800,2.0,48.0,57.70497518085433,463,0.8318173580278343
Cranbourne,1500-1800,3.0,52.0,56.203452196607905,622,0.9252100710485965
Cranbourne,1500-1800,4.0,16.0,18.1444680834442,287,0.8818114659750812
Cranbourne,1500-1800,5.0,0.0,1.1882162391142195,23,0.0
Cranbourne,2000+,0.0,29.0,18.414120630115903,158,1.5748783546346012
Cranbourne,2000+,1.0,11.0,16.400641486879802,138,0.67070547263653
Cranbourne,2000+,2.0,52.0,48.908857329524324,406,1.0632021036526993
Cranbourne,2000+,3.0,59.0,56.76300500637031,613,1.0394093828080215
Cranbourne,2000+,4.0,6.0,16.111450055929325,260,0.3724059584439381
Cranbourne,2000+,5.0,1.0,1.2123472322075082,22,0.8248461937584872
Cranbourne,sprint<=1100,0.0,62.0,26.501651636160712,167,2.3394768315270906
Cranbourne,sprint<=1100,1.0,33.0,36.70525831033886,305,0.8990537464956296
Cranbourne,sprint<=1100,2.0,55.0,71.13612162790193,641,0.7731655696341363
Cranbourne,sprint<=1100,3.0,16.0,31.167029722507007,409,0.513363003868339
Cranbourne,sprint<=1100,4.0,1.0,1.393093566938411,38,0.7178268737524148
Cranbourne,sprint<=1100,5.0,0.0,0.09684513615306976,1,0.0
Dalby,1200-1400,0.0,35.0,21.930715785617807,172,1.5959351414764604
Dalby,1200-1400,1.0,22.0,22.146226182979852,184,0.9933972415087031
Dalby,1200-1400,2.0,59.0,53.98098429651082,467,1.092977476585465
Dalby,1200-1400,3.0,48.0,56.93610846009016,595,0.8430502417221929
Dalby,1200-1400,4.0,8.0,15.752459726578524,201,0.5078571942959426
Dalby,1200-1400,5.0,0.0,1.2453667825782093,17,0.0
Dalby,1500-1800,0.0,3.0,1.8745091094506416,8,1.6004190029672374
Dalby,1500-1800,1.0,0.0,1.0533481648317664,9,0.0
Dalby,1500-1800,2.0,1.0,1.208147207373349,13,0.8277137040064141
Dalby,1500-1800,3.0,3.0,2.1381704035040543,27,1.403068714768276
Dalby,1500-1800,4.0,1.0,1.3692695565955515,17,0.7303163903580275
Dalby,1500-1800,5.0,0.0,0.3565555582446367,5,0.0
Dalby,2000+,0.0,3.0,1.602639975633729,14,1.8719113747388683
Dalby,2000+,1.0,1.0,0.838808724231576,9,1.1921669042201362
Dalby,2000+,2.0,3.0,2.8061826221398016,30,1.069067984503591
Dalby,2000+,3.0,5.0,5.243446145325321,47,0.9535713462905764
Dalby,2000+,4.0,1.0,2.7135944028343375,26,0.36851491105505835
Dalby,2000+,5.0,1.0,0.7953281298352348,9,1.2573426771754777
Dalby,sprint<=1100,0.0,23.0,13.288750991502305,116,1.7307871909638237
Dalby,sprint<=1100,1.0,29.0,26.546659049148786,192,1.0924161848882403
Dalby,sprint<=1100,2.0,43.0,45.66232424717636,421,0.9416953847385245
Dalby,sprint<=1100,3.0,17.0,25.139882816762572,307,0.676216358043836
Dalby,sprint<=1100,4.0,3.0,4.0131834241063915,53,0.7475362282171303
Dalby,sprint<=1100,5.0,0.0,0.08084415224266364,2,0.0
Derby,1200-1400,0.0,0.0,0.037050014244061374,1,0.0
Derby,1200-1400,1.0,1.0,0.059850023009637605,1,16.708431337427736
Derby,1200-1400,2.0,0.0,0.2682932065949272,1,0.0
Derby,1200-1400,3.0,0.0,0.26715010270717937,2,0.0
Derby,1200-1400,4.0,0.0,0.29393011300288685,3,0.0
Derby,1200-1400,5.0,0.0,0.07372654044130761,2,0.0
Derby,1500-1800,0.0,0.0,0.18060063178750124,2,0.0
Derby,1500-1800,1.0,0.0,0.17181177598213088,2,0.0
Derby,1500-1800,2.0,1.0,0.7881137054737601,6,1.2688524422993865
Derby,1500-1800,3.0,0.0,0.3887621088037112,5,0.0
Derby,1500-1800,4.0,1.0,0.4445913018296908,4,2.249256780068696
Derby,1500-1800,5.0,0.0,0.026120476123205796,1,0.0
Derby,sprint<=1100,0.0,1.0,0.5549814266727389,3,1.8018621019360337
Derby,sprint<=1100,1.0,1.0,0.5407480729018448,2,1.8492899930898459
Derby,sprint<=1100,2.0,0.0,0.8731476109121842,7,0.0
Derby,sprint<=1100,3.0,1.0,0.8587673246411452,12,1.1644597684452793
Derby,sprint<=1100,4.0,0.0,0.039061292131498,1,0.0
Devonport Synthetic,1200-1400,0.0,24.0,17.826423027056357,149,1.346316081671213
Devonport Synthetic,1200-1400,1.0,16.0,15.514315835398989,126,1.0313055483563656
Devonport Synthetic,1200-1400,2.0,52.0,47.41465660270079,359,1.096707299511224
Devonport Synthetic,1200-1400,3.0,48.0,50.260733185108954,521,0.9550198924320755
Devonport Synthetic,1200-1400,4.0,8.0,16.576981361778177,224,0.4825969110664342
Devonport Synthetic,1200-1400,5.0,1.0,1.3476023169337137,14,0.7420586826203774
Devonport Synthetic,1500-1800,0.0,18.0,10.726711592519347,79,1.6780538793037876
Devonport Synthetic,1500-1800,1.0,9.0,6.620768320072913,58,1.3593588485363108
Devonport Synthetic,1500-1800,2.0,20.0,19.608002957565553,163,1.0199916862152043
Devonport Synthetic,1500-1800,3.0,21.0,24.339774331601458,274,0.8627853205990791
Devonport Synthetic,1500-1800,4.0,10.0,13.76239196511468,179,0.7266178746651234
Devonport Synthetic,1500-1800,5.0,1.0,3.5463281408558114,54,0.281981802100997
Devonport Synthetic,2000+,0.0,5.0,7.596310801991961,64,0.6582142477225739
Devonport Synthetic,2000+,1.0,1.0,4.526416917421752,47,0.22092529659631976
Devonport Synthetic,2000+,2.0,21.0,14.447787407679487,132,1.4535097594831574
Devonport Synthetic,2000+,3.0,24.0,22.65712305837478,221,1.059269525886644
Devonport Synthetic,2000+,4.0,10.0,11.643505224735584,143,0.8588478990635823
Devonport Synthetic,2000+,5.0,3.0,3.1288565897964378,44,0.9588167159157585
Devonport Synthetic,sprint<=1100,0.0,50.0,35.60586423801146,227,1.4042630636843778
Devonport Synthetic,sprint<=1100,1.0,39.0,37.40851152094425,290,1.0425434858097657
Devonport Synthetic,sprint<=1100,2.0,93.0,83.18907979232894,750,1.1179351933230033
Devonport Synthetic,sprint<=1100,3.0,39.0,56.22754228542306,790,0.693610256020575
Devonport Synthetic,sprint<=1100,4.0,6.0,13.725776176563398,263,0.43713374914599945
Devonport Synthetic,sprint<=1100,5.0,0.0,0.8087059560299709,22,0.0
Donald,1200-1400,0.0,26.0,18.443945761830346,166,1.4096766676578973
Donald,1200-1400,1.0,18.0,14.244350456783765,132,1.2636588838929916
Donald,1200-1400,2.0,64.0,53.120187629150145,486,1.2048150214906144
Donald,1200-1400,3.0,49.0,59.83679943414152,701,0.8188940662498354
Donald,1200-1400,4.0,9.0,19.320060877419426,319,0.46583704146185523
Donald,1200-1400,5.0,0.0,1.0346558406748005,26,0.0
Donald,1500-1800,0.0,17.0,8.332234596346519,81,2.0402690062824305
Donald,1500-1800,1.0,6.0,4.55378973898748,55,1.317583890321225
Donald,1500-1800,2.0,17.0,21.882240731899223,194,0.7768857041782723
Donald,1500-1800,3.0,26.0,28.358685578339855,338,0.9168266959403294
Donald,1500-1800,4.0,14.0,15.016789867852896,203,0.9322897984988401
Donald,1500-1800,5.0,1.0,2.856259486574025,51,0.3501082463622596
Donald,2000+,0.0,9.0,5.061950166902377,48,1.7779708814295745
Donald,2000+,1.0,2.0,3.236018814529654,31,0.618043378184343
Donald,2000+,2.0,13.0,13.49419950251805,117,0.9633768937219409
Donald,2000+,3.0,17.0,17.556090868988843,198,0.9683249036964644
Donald,2000+,4.0,7.0,8.328323442342304,109,0.840505300792122
Donald,2000+,5.0,0.0,0.2911743861036245,4,0.0
Donald,sprint<=1100,0.0,11.0,5.800497913497304,44,1.89638892454454
Donald,sprint<=1100,1.0,13.0,9.008479767415151,79,1.443084775194001
Donald,sprint<=1100,2.0,17.0,18.798951277424038,194,0.904305764142044
Donald,sprint<=1100,3.0,3.0,10.219622600557848,151,0.29355291455050814
Donald,sprint<=1100,4.0,0.0,0.16700469236499615,9,0.0
Donald,sprint<=1100,5.0,0.0,0.005443748740663984,1,0.0
Dongara,1200-1400,0.0,3.0,0.9306505256196052,6,3.2235516097760444
Dongara,1200-1400,1.0,0.0,0.36218891185575375,3,0.0
Dongara,1200-1400,2.0,2.0,1.9304564905152672,17,1.0360243858519549
Dongara,1200-1400,3.0,0.0,1.701191817617261,17,0.0
Dongara,1200-1400,4.0,0.0,0.07551225439211322,2,0.0
Dongara,1500-1800,0.0,0.0,0.2480295681178465,3,0.0
Dongara,1500-1800,1.0,0.0,0.2970126601773468,4,0.0
Dongara,1500-1800,2.0,2.0,1.2477055796942604,10,1.602942258613673
Dongara,1500-1800,3.0,1.0,1.0371019029252595,11,0.9642254027105635
Dongara,1500-1800,4.0,0.0,0.17015028908528645,4,0.0
Dongara,sprint<=1100,0.0,0.0,0.16857633844592468,1,0.0
Dongara,sprint<=1100,2.0,1.0,0.6095019821213692,5,1.640683753840314
Dongara,sprint<=1100,3.0,0.0,0.17933397287794622,3,0.0
Dongara,sprint<=1100,4.0,0.0,0.042587706554759915,1,0.0
Doomben,1200-1400,0.0,216.0,134.98291267395936,1003,1.6002025420930948
Doomben,1200-1400,1.0,113.0,104.01817522846608,876,1.08634860928685
Doomben,1200-1400,2.0,299.0,297.2845193331733,2636,1.005770501170645
Doomben,1200-1400,3.0,295.0,340.9654799059414,3948,0.8651902241874415
Doomben,1200-1400,4.0,73.0,114.87404059736018,1936,0.635478647920717
Doomben,1200-1400,5.0,4.0,7.309791142580978,162,0.5472112570630383
Doomben,1500-1800,0.0,51.0,43.70347245903038,384,1.1669553271266881
Doomben,1500-1800,1.0,35.0,31.983652762275238,304,1.0943090290575737
Doomben,1500-1800,2.0,117.0,95.65624038266742,816,1.223129819151872
Doomben,1500-1800,3.0,140.0,144.7206634009824,1456,0.9673808612395405
Doomben,1500-1800,4.0,39.0,63.106684940821225,888,0.6180010887368358
Doomben,1500-1800,5.0,2.0,4.6784764709850615,83,0.42748959247814633
Doomben,2000+,0.0,23.0,18.514116360370615,192,1.24229531414372
Doomben,2000+,1.0,6.0,11.687003325677122,144,0.5133908011147393
Doomben,2000+,2.0,56.0,48.39215436933379,441,1.1572123772916239
Doomben,2000+,3.0,80.0,71.37668088247476,730,1.1208142352783812
Doomben,2000+,4.0,25.0,38.04274463119825,513,0.6571555297169043
Doomben,2000+,5.0,2.0,3.7376621804487584,67,0.5350938376565301
Doomben,sprint<=1100,0.0,66.0,44.85713632123392,307,1.4713377939990728
Doomben,sprint<=1100,1.0,54.0,44.79305505323126,356,1.2055440276584701
Doomben,sprint<=1100,2.0,109.0,110.8337791179313,986,0.983454691047031
Doomben,sprint<=1100,3.0,68.0,89.20685979872256,1154,0.7622732170309369
Doomben,sprint<=1100,4.0,10.0,17.12555521622074,295,0.5839226742574946
Doomben,sprint<=1100,5.0,0.0,0.18361449266022523,5,0.0
Dubbo,1200-1400,0.0,58.0,36.465578889222414,321,1.590541046289058
Dubbo,1200-1400,1.0,26.0,31.068728259207482,281,0.8368543373607408
Dubbo,1200-1400,2.0,112.0,87.5561611445108,849,1.2791789696574845
Dubbo,1200-1400,3.0,90.0,105.37832611350363,1324,0.8540655685027722
Dubbo,1200-1400,4.0,33.0,55.17391523240703,820,0.5981087233159968
Dubbo,1200-1400,5.0,2.0,5.145405716268428,121,0.38869626814393327
Dubbo,1500-1800,0.0,24.0,11.894051401237393,119,2.0178153927856046
Dubbo,1500-1800,1.0,6.0,7.098159481009159,94,0.8452895452761747
Dubbo,1500-1800,2.0,24.0,25.99762532641283,237,0.9231612387157799
Dubbo,1500-1800,3.0,35.0,41.61285866551896,461,0.8410861719769694
Dubbo,1500-1800,4.0,27.0,27.471636436629367,376,0.9828318768808213
Dubbo,1500-1800,5.0,3.0,4.90664783356692,76,0.6114153902541504
Dubbo,2000+,0.0,6.0,3.2032942480255193,32,1.8730717615774273
Dubbo,2000+,1.0,2.0,2.3064276657424068,26,0.8671418703938535
Dubbo,2000+,2.0,7.0,8.75425724412593,76,0.7996109555378866
Dubbo,2000+,3.0,12.0,12.555396687001434,119,0.9557643059118607
Dubbo,2000+,4.0,5.0,5.092471127450632,55,0.9818416000530327
Dubbo,2000+,5.0,0.0,0.08815302765407843,4,0.0
Dubbo,sprint<=1100,0.0,57.0,37.42675534503455,287,1.5229746600933243
Dubbo,sprint<=1100,1.0,55.0,55.90007401755764,494,0.9838985183226244
Dubbo,sprint<=1100,2.0,102.0,104.83236743164332,1111,0.9729819377255772
Dubbo,sprint<=1100,3.0,64.0,75.42766187760914,1042,0.8484950800125297
Dubbo,sprint<=1100,4.0,9.0,13.292392257447789,241,0.6770790257831323
Dubbo,sprint<=1100,5.0,0.0,0.1207490707075627,8,0.0
Dunkeld,1200-1400,0.0,0.0,1.4344146261738588,6,0.0
Dunkeld,1200-1400,1.0,2.0,0.6687055168456862,5,2.990853147786322
Dunkeld,1200-1400,2.0,3.0,2.147593388021944,19,1.3969124773489692
Dunkeld,1200-1400,3.0,1.0,1.1736063931026512,18,0.8520744313230181
Dunkeld,1200-1400,4.0,0.0,0.5756800758558592,8,0.0
Dunkeld,1500-1800,0.0,2.0,0.8856250573986051,7,2.258292020185957
Dunkeld,1500-1800,1.0,0.0,0.39172654937034096,3,0.0
Dunkeld,1500-1800,2.0,5.0,2.4382160541329307,19,2.0506796317433325
Dunkeld,1500-1800,3.0,0.0,2.0976820285717963,24,0.0
Dunkeld,1500-1800,4.0,0.0,1.1867503105263264,11,0.0
Dunkeld,sprint<=1100,0.0,0.0,0.8535103764508647,5,0.0
Dunkeld,sprint<=1100,1.0,1.0,0.5506700757813914,3,1.8159693870799447
Dunkeld,sprint<=1100,2.0,3.0,2.506649614257795,17,1.196816652369774
Dunkeld,sprint<=1100,3.0,1.0,1.0639245613902746,15,0.9399162650153111
Dunkeld,sprint<=1100,4.0,0.0,0.02524537211967405,2,0.0
Eagle Farm,1200-1400,0.0,133.0,95.88725940884858,778,1.387045586868933
Eagle Farm,1200-1400,1.0,72.0,69.60649370200736,653,1.0343862500564889
Eagle Farm,1200-1400,2.0,220.0,211.81535048710717,2059,1.0386404927408273
Eagle Farm,1200-1400,3.0,271.0,281.62813876825714,3246,0.962261800916837
Eagle Farm,1200-1400,4.0,75.0,109.46493524579456,1716,0.6851509100297153
Eagle Farm,1200-1400,5.0,5.0,6.8411654445728365,127,0.7308696216324587
Eagle Farm,1500-1800,0.0,53.0,40.832901497219936,416,1.297972910487599
Eagle Farm,1500-1800,1.0,28.0,33.510329184841765,333,0.8355632630629503
Eagle Farm,1500-1800,2.0,98.0,101.56656728582877,952,0.9648844360783433
Eagle Farm,1500-1800,3.0,179.0,163.27816515985137,1668,1.0962886545470225
Eagle Farm,1500-1800,4.0,56.0,70.8619512283402,959,0.7902689529328627
Eagle Farm,1500-1800,5.0,2.0,5.070875564281645,87,0.3944092050074444
Eagle Farm,2000+,0.0,12.0,12.72190759604892,130,0.943254768154964
Eagle Farm,2000+,1.0,7.0,10.114880057281729,97,0.6920497287519175
Eagle Farm,2000+,2.0,30.0,30.606188317125323,314,0.9801939297097595
Eagle Farm,2000+,3.0,56.0,48.44531942882895,522,1.155942424577665
Eagle Farm,2000+,4.0,18.0,22.437203719136466,324,0.8022390055962267
Eagle Farm,2000+,5.0,7.0,5.509700410424757,85,1.2704865017262077
Eagle Farm,sprint<=1100,0.0,68.0,35.96271526672623,250,1.890847214835183
Eagle Farm,sprint<=1100,1.0,35.0,45.04530157047248,389,0.7769955751154911
Eagle Farm,sprint<=1100,2.0,96.0,103.22344773167258,952,0.9300212510780516
Eagle Farm,sprint<=1100,3.0,47.0,61.217527597686626,765,0.7677539725040464
Eagle Farm,sprint<=1100,4.0,3.0,2.9107418124959445,54,1.0306650995704483
Eagle Farm,sprint<=1100,5.0,0.0,0.04417950918937608,1,0.0
Echuca,1200-1400,0.0,46.0,33.600877194581706,318,1.3690118782797047
Echuca,1200-1400,1.0,28.0,28.735014659166183,286,0.9744209401705761
Echuca,1200-1400,2.0,108.0,99.35927143828086,896,1.0869644919557055
Echuca,1200-1400,3.0,104.0,110.34378747735076,1301,0.9425088840760256
Echuca,1200-1400,4.0,30.0,42.632254063526595,634,0.7036925599874876
Echuca,1200-1400,5.0,2.0,3.129415065402718,54,0.639097070283524
Echuca,1500-1800,0.0,11.0,10.354949836820724,79,1.062293895513194
Echuca,1500-1800,1.0,3.0,4.655364438531515,61,0.6444178623631704
Echuca,1500-1800,2.0,20.0,23.16477614578367,189,0.8633798088154758
Echuca,1500-1800,3.0,32.0,29.34334619083421,292,1.0905368389783585
Echuca,1500-1800,4.0,11.0,10.732837038969192,121,1.0248921100787036
Echuca,1500-1800,5.0,2.0,0.7487263490606889,12,2.671202906788429
Echuca,2000+,0.0,15.0,8.321648790514468,83,1.8025274050375608
Echuca,2000+,1.0,8.0,7.975039955945283,75,1.0031297704077469
Echuca,2000+,2.0,22.0,23.438263281888485,226,0.9386360983921587
Echuca,2000+,3.0,25.0,31.490082211943058,335,0.7939007536321514
Echuca,2000+,4.0,13.0,11.384723316724392,143,1.1418810662620789
Echuca,2000+,5.0,0.0,0.3743864734068137,12,0.0
Echuca,sprint<=1100,0.0,27.0,17.865329391356983,147,1.5113071474104616
Echuca,sprint<=1100,1.0,26.0,22.110098871826423,195,1.1759332308156363
Echuca,sprint<=1100,2.0,62.0,63.21127941283424,595,0.9808376064511628
Echuca,sprint<=1100,3.0,30.0,37.481925858095806,526,0.8003857676251241
Echuca,sprint<=1100,4.0,2.0,5.901053221333867,93,0.3389225490747095
Echuca,sprint<=1100,5.0,0.0,0.22391593879011235,3,0.0
Edenhope,1200-1400,0.0,5.0,2.790316617647228,22,1.7919113438158711
Edenhope,1200-1400,1.0,2.0,1.5630045787756468,15,1.2795867825074871
Edenhope,1200-1400,2.0,7.0,5.859096547014724,58,1.1947234430821214
Edenhope,1200-1400,3.0,5.0,7.825444292942236,80,0.6389413575545477
Edenhope,1200-1400,4.0,3.0,3.4126206389201243,57,0.8790898014815112
Edenhope,1200-1400,5.0,0.0,0.5495173247000416,9,0.0
Edenhope,1500-1800,0.0,1.0,1.387191849804232,8,0.7208808213089815
Edenhope,1500-1800,1.0,1.0,0.7141629606387342,5,1.4002406385030364
Edenhope,1500-1800,2.0,1.0,1.754454844417665,17,0.5699776219272933
Edenhope,1500-1800,3.0,3.0,2.5195914683736396,25,1.1906692166791855
Edenhope,1500-1800,4.0,1.0,1.1379005424567952,20,0.8788114274389397
Edenhope,1500-1800,5.0,1.0,0.4705655503093544,8,2.1251024418225906
Edenhope,2000+,0.0,2.0,0.9211882373178921,8,2.1711089210421837
Edenhope,2000+,1.0,0.0,0.7455108350663915,8,0.0
Edenhope,2000+,2.0,3.0,2.98225972651487,22,1.0059486010984904
Edenhope,2000+,3.0,3.0,2.125657580826056,30,1.4113279707233768
Edenhope,2000+,4.0,0.0,1.0577082500388524,16,0.0
Edenhope,2000+,5.0,0.0,0.06390596489006699,1,0.0
Edenhope,sprint<=1100,0.0,3.0,1.2670220690936618,8,2.367756705410813
Edenhope,sprint<=1100,1.0,3.0,1.271745382252766,10,2.3589627624090985
Edenhope,sprint<=1100,2.0,2.0,3.028972183307249,29,0.6602899858315162
Edenhope,sprint<=1100,3.0,0.0,2.0892446971493874,23,0.0
Edenhope,sprint<=1100,4.0,0.0,0.3430156681969356,6,0.0
Emerald,1200-1400,0.0,9.0,4.845056567536232,24,1.8575634514369779
Emerald,1200-1400,1.0,1.0,2.818097195970389,23,0.3548493648231526
Emerald,1200-1400,2.0,8.0,7.738408789564871,72,1.0338042635829578
Emerald,1200-1400,3.0,5.0,6.13691394781286,77,0.8147417484616929
Emerald,1200-1400,4.0,1.0,2.2710192105387574,23,0.4403309295489264
Emerald,1200-1400,5.0,0.0,0.19050428857689072,4,0.0
Emerald,1500-1800,0.0,1.0,1.0345608261728516,11,0.9665937223810199
Emerald,1500-1800,1.0,1.0,0.99311788862535,12,1.0069298030510516
Emerald,1500-1800,2.0,4.0,2.8677534262086373,25,1.3948200579044443
Emerald,1500-1800,3.0,5.0,4.138127749516259,30,1.2082758925421027
Emerald,1500-1800,4.0,0.0,1.5930210772078373,17,0.0
Emerald,1500-1800,5.0,0.0,0.3734190322690653,4,0.0
Emerald,sprint<=1100,0.0,7.0,4.765826596850715,25,1.4687903258221018
Emerald,sprint<=1100,1.0,8.0,5.763795515795369,44,1.387974291953355
Emerald,sprint<=1100,2.0,8.0,8.834110945841706,92,0.9055806576399938
Emerald,sprint<=1100,3.0,2.0,4.877720437828505,64,0.4100275990582135
Emerald,sprint<=1100,4.0,0.0,0.7585465036837028,10,0.0
Esperance,1200-1400,0.0,27.0,18.717888738383905,171,1.442470375659
Esperance,1200-1400,1.0,18.0,16.413825153175946,150,1.0966365141593544
Esperance,1200-1400,2.0,46.0,47.662610925008174,471,0.9651170824941985
Esperance,1200-1400,3.0,67.0,65.22987425960902,731,1.0271367339042543
Esperance,1200-1400,4.0,13.0,21.71537068446093,325,0.5986542983262326
Esperance,1200-1400,5.0,0.0,1.2604302393620248,24,0.0
Esperance,1500-1800,0.0,5.0,4.224890087117363,52,1.1834627403079954
Esperance,1500-1800,1.0,3.0,3.7753438602637726,39,0.7946296048885991
Esperance,1500-1800,2.0,16.0,15.694355781059649,142,1.0194747859169353
Esperance,1500-1800,3.0,25.0,20.19384628533979,218,1.2380009061547306
Esperance,1500-1800,4.0,2.0,7.599864461441802,124,0.26316258798391406
Esperance,1500-1800,5.0,1.0,0.5116995247776216,8,1.9542718950825446
Esperance,2000+,0.0,2.0,1.758030093520742,22,1.1376369536397832
Esperance,2000+,1.0,2.0,0.9861354290247918,12,2.028118999819161
Esperance,2000+,2.0,3.0,4.170666346654526,49,0.7193095181076835
Esperance,2000+,3.0,10.0,7.7891153496137155,84,1.2838428436543732
Esperance,2000+,4.0,5.0,4.5239384277337855,63,1.1052316648139466
Esperance,2000+,5.0,0.0,2.772114353452439,31,0.0
Esperance,sprint<=1100,0.0,9.0,9.403475789464432,76,0.9570929092074143
Esperance,sprint<=1100,1.0,14.0,9.698836733968852,76,1.4434720764982991
Esperance,sprint<=1100,2.0,29.0,25.836986547976682,231,1.1224219181346835
Esperance,sprint<=1100,3.0,20.0,24.367085911808054,295,0.8207793115839179
Esperance,sprint<=1100,4.0,4.0,6.359303367304354,84,0.6289997141142145
Esperance,sprint<=1100,5.0,0.0,0.33431164947762515,8,0.0
Ewan,1200-1400,0.0,4.0,1.9893117467081052,8,2.0107456795643834
Ewan,1200-1400,1.0,1.0,1.1644225252266547,8,0.8587947916975843
Ewan,1200-1400,2.0,2.0,1.383025085290961,18,1.4461053680593507
Ewan,1200-1400,3.0,0.0,2.3104141667567735,28,0.0
Ewan,1200-1400,4.0,1.0,0.8771871184178621,13,1.1400076209550924
Ewan,1200-1400,5.0,0.0,0.27563935759964386,2,0.0
Ewan,1500-1800,0.0,2.0,0.8663813294449647,4,2.3084523315862224
Ewan,1500-1800,1.0,0.0,0.09397344904921556,2,0.0
Ewan,1500-1800,2.0,1.0,1.0568901011692218,12,0.9461721695507554
Ewan,1500-1800,3.0,1.0,1.6408200850667864,16,0.6094513402786004
Ewan,1500-1800,4.0,0.0,0.3419350352698116,4,0.0
Ewan,sprint<=1100,0.0,1.0,0.8840642742897786,7,1.1311394760334132
Ewan,sprint<=1100,1.0,1.0,1.7320092367170787,12,0.5773641264728131
Ewan,sprint<=1100,2.0,2.0,2.610432110032243,23,0.7661566804644065
Ewan,sprint<=1100,3.0,3.0,1.616572375994145,18,1.8557783397449725
Ewan,sprint<=1100,4.0,0.0,0.1569220029667542,4,0.0
Fannie Bay,1200-1400,0.0,81.0,43.581474562473545,282,1.858587870492712
Fannie Bay,1200-1400,1.0,53.0,46.30340688015633,370,1.1446241987587644
Fannie Bay,1200-1400,2.0,76.0,84.95736622069377,763,0.8945663381627766
Fannie Bay,1200-1400,3.0,55.0,74.81260279190346,833,0.7351702513677594
Fannie Bay,1200-1400,4.0,15.0,28.41969989974798,409,0.5278028991478906
Fannie Bay,1200-1400,5.0,0.0,1.925449645024904,35,0.0
Fannie Bay,1500-1800,0.0,36.0,15.673577760596398,109,2.2968591185673333
Fannie Bay,1500-1800,1.0,15.0,12.786375725685485,118,1.1731236686458189
Fannie Bay,1500-1800,2.0,28.0,34.59409651442357,284,0.8093866532495149
Fannie Bay,1500-1800,3.0,21.0,29.679556347252475,328,0.7075577462917175
Fannie Bay,1500-1800,4.0,7.0,13.855229574895532,177,0.5052243964750602
Fannie Bay,1500-1800,5.0,2.0,2.4111640771465375,37,0.829474866084964
Fannie Bay,2000+,0.0,5.0,2.757596561462091,23,1.8131731341255284
Fannie Bay,2000+,1.0,4.0,2.0926353737272265,22,1.911465346624403
Fannie Bay,2000+,2.0,7.0,7.006318758870035,66,0.9990981342574465
Fannie Bay,2000+,3.0,7.0,7.78326935796027,94,0.8993649940742204
Fannie Bay,2000+,4.0,0.0,2.947422538064148,45,0.0
Fannie Bay,2000+,5.0,0.0,0.4127574099162292,5,0.0
Fannie Bay,sprint<=1100,0.0,76.0,26.982190686904374,164,2.8166727039285986
Fannie Bay,sprint<=1100,1.0,42.0,32.199141118171056,242,1.3043826183394063
Fannie Bay,sprint<=1100,2.0,26.0,57.14046147367918,514,0.45501907631558897
Fannie Bay,sprint<=1100,3.0,17.0,38.89181461270154,435,0.4371099720928946
Fannie Bay,sprint<=1100,4.0,2.0,7.587608576232794,95,0.26358766136997924
Fannie Bay,sprint<=1100,5.0,0.0,0.19878353231105475,4,0.0
Flemington,1200-1400,0.0,69.0,48.94528902752394,485,1.4097373081441704
Flemington,1200-1400,1.0,56.0,49.692541748166065,500,1.126929676565935
Flemington,1200-1400,2.0,137.0,154.87576712504523,1668,0.8845799607203075
Flemington,1200-1400,3.0,167.0,167.88631301800382,2126,0.9947207547651084
Flemington,1200-1400,4.0,54.0,58.8027866424246,860,0.9183238258480846
Flemington,1200-1400,5.0,1.0,3.764676243144549,52,0.26562709125943923
Flemington,1500-1800,0.0,33.0,33.37136653578147,312,0.988871701271709
Flemington,1500-1800,1.0,24.0,25.689400599333894,260,0.9342374457978713
Flemington,1500-1800,2.0,76.0,77.74001710359015,802,0.9776174849399436
Flemington,1500-1800,3.0,134.0,111.436732157164,1350,1.2024760364563998
Flemington,1500-1800,4.0,41.0,56.36670407789308,850,0.7273797656031502
Flemington,1500-1800,5.0,4.0,7.276226720864017,124,0.5497354815141081
Flemington,2000+,0.0,27.0,21.88331515696996,254,1.2338167140731575
Flemington,2000+,1.0,11.0,21.625332100430533,236,0.5086627085732017
Flemington,2000+,2.0,74.0,68.70408329911152,725,1.0770829977867846
Flemington,2000+,3.0,92.0,88.91112623480598,1078,1.0347411386628553
Flemington,2000+,4.0,44.0,44.139802130801044,674,0.996832742240512
Flemington,2000+,5.0,6.0,8.051886152135976,155,0.7451670188367406
Flemington,sprint<=1100,0.0,42.0,29.13984256903225,257,1.4413255631186768
Flemington,sprint<=1100,1.0,42.0,38.55156872394867,426,1.089449830193528
Flemington,sprint<=1100,2.0,115.0,118.40220674342565,1277,0.9712656812993516
Flemington,sprint<=1100,3.0,52.0,66.04150623241816,885,0.7873836162518425
Flemington,sprint<=1100,4.0,6.0,4.48341990057067,84,1.3382641227149599
Flemington,sprint<=1100,5.0,0.0,0.38145583060460814,4,0.0
Forbes,1200-1400,0.0,4.0,4.0974709696572615,39,0.9762119194061271
Forbes,1200-1400,1.0,6.0,5.145398666622652,36,1.1660904020753542
Forbes,1200-1400,2.0,12.0,12.22806097649731,111,0.9813493752659844
Forbes,1200-1400,3.0,14.0,11.284716723937468,152,1.2406159890839612
Forbes,1200-1400,4.0,3.0,5.790755056502983,96,0.5180671554447841
Forbes,1200-1400,5.0,0.0,0.45359760678232386,9,0.0
Forbes,1500-1800,0.0,2.0,2.632709197764195,17,0.7596737238197376
Forbes,1500-1800,1.0,1.0,0.5944550067055494,11,1.6822131006044814
Forbes,1500-1800,2.0,3.0,3.6804787340265728,44,0.8151113528423773
Forbes,1500-1800,3.0,9.0,6.133146030050146,84,1.4674361177613138
Forbes,1500-1800,4.0,2.0,3.5673375762579895,51,0.5606422036733426
Forbes,1500-1800,5.0,0.0,0.15333455568586474,3,0.0
Forbes,sprint<=1100,0.0,2.0,2.1235789329425185,18,0.9418062917156169
Forbes,sprint<=1100,1.0,5.0,2.650401398196362,24,1.8865067017405646
Forbes,sprint<=1100,2.0,7.0,5.378548397809174,59,1.3014663961843842
Forbes,sprint<=1100,3.0,4.0,6.414813999449272,63,0.6235566612443338
Forbes,sprint<=1100,4.0,0.0,1.1244885400819065,23,0.0
Forbes,sprint<=1100,5.0,0.0,0.05346420024019146,1,0.0
Gatton,1200-1400,0.0,49.0,28.154539425888583,211,1.7403943022752366
Gatton,1200-1400,1.0,19.0,23.414904368711827,217,0.8114489686060283
Gatton,1200-1400,2.0,67.0,59.755568852599936,518,1.121234410223255
Gatton,1200-1400,3.0,58.0,64.07902416313821,756,0.905132385479815
Gatton,1200-1400,4.0,14.0,31.616162508491257,496,0.44281148909960133
Gatton,1200-1400,5.0,4.0,3.963099307556919,81,1.0093110693372527
Gatton,1500-1800,0.0,17.0,8.64194907213252,72,1.9671488292866108
Gatton,1500-1800,1.0,7.0,8.794456366398222,77,0.7959559645716744
Gatton,1500-1800,2.0,15.0,19.60586942032649,182,0.7650770123179883
Gatton,1500-1800,3.0,27.0,23.40786635450532,254,1.1534583968949952
Gatton,1500-1800,4.0,4.0,9.295800716801933,132,0.4303018235718089
Gatton,1500-1800,5.0,2.0,2.254058069835516,37,0.8872885870885947
Gatton,2000+,0.0,8.0,3.7245364188246195,35,2.1479183179861674
Gatton,2000+,1.0,3.0,3.2228992678869477,35,0.9308388971048764
Gatton,2000+,2.0,7.0,10.242067405578364,101,0.6834557636466476
Gatton,2000+,3.0,11.0,11.605652265343554,132,0.9478140261748033
Gatton,2000+,4.0,4.0,4.932916767848798,71,0.8108792806054915
Gatton,2000+,5.0,2.0,1.2719278745177156,13,1.5724162038341614
Gatton,sprint<=1100,0.0,79.0,35.49011561937852,218,2.2259718972812803
Gatton,sprint<=1100,1.0,37.0,37.76875981090594,321,0.9796456167807778
Gatton,sprint<=1100,2.0,70.0,73.24776847749655,678,0.9556605130094258
Gatton,sprint<=1100,3.0,30.0,56.7665793337123,728,0.5284799674759286
Gatton,sprint<=1100,4.0,2.0,14.18824073485017,268,0.1409618033254438
Gatton,sprint<=1100,5.0,0.0,0.2746367564421429,11,0.0
Gawler,1200-1400,0.0,39.0,25.54360062879838,233,1.5268011963838253
Gawler,1200-1400,1.0,16.0,20.975400488332056,204,0.7627983078988307
Gawler,1200-1400,2.0,78.0,83.3104235753526,762,0.9362573931634205
Gawler,1200-1400,3.0,86.0,82.29661275387126,994,1.045000482063638
Gawler,1200-1400,4.0,14.0,19.717201152696067,313,0.7100399235966453
Gawler,1200-1400,5.0,0.0,0.9647102761190078,18,0.0
Gawler,1500-1800,0.0,46.0,33.15575550462722,299,1.3873910969569139
Gawler,1500-1800,1.0,35.0,24.25674458220088,218,1.4428976601288166
Gawler,1500-1800,2.0,79.0,82.13794390100259,763,0.9617966587429481
Gawler,1500-1800,3.0,98.0,109.59977852698441,1199,0.8941623908105941
Gawler,1500-1800,4.0,39.0,45.63410648187381,637,0.8546239426313974
Gawler,1500-1800,5.0,2.0,4.04764995787017,58,0.4941138736839731
Gawler,2000+,0.0,15.0,8.871185459218879,90,1.690867592494315
Gawler,2000+,1.0,11.0,7.0725572883185475,58,1.5553073028009612
Gawler,2000+,2.0,25.0,23.716935692975046,227,1.0540990760203899
Gawler,2000+,3.0,28.0,32.87632873404115,315,0.8516766037507085
Gawler,2000+,4.0,8.0,13.6420244200828,154,0.586423228228721
Gawler,2000+,5.0,3.0,3.3029115083371625,41,0.9082895476997923
Gawler,sprint<=1100,0.0,50.0,26.725725511801777,176,1.8708566013641263
Gawler,sprint<=1100,1.0,21.0,20.896616203696347,195,1.0049473941281157
Gawler,sprint<=1100,2.0,62.0,66.5544520376882,617,0.9315680334185741
Gawler,sprint<=1100,3.0,42.0,53.78332663596565,632,0.7809111601496591
Gawler,sprint<=1100,4.0,1.0,7.799503384205474,141,0.1282132913776367
Gawler,sprint<=1100,5.0,0.0,0.2139828129967672,3,0.0
Geelong,1200-1400,0.0,123.0,69.17775762968442,536,1.7780281439365455
Geelong,1200-1400,1.0,62.0,48.70607042506421,426,1.2729419445855092
Geelong,1200-1400,2.0,148.0,157.86250773888017,1468,0.937524698675168
Geelong,1200-1400,3.0,170.0,194.0252566359874,2285,0.8761745916354519
Geelong,1200-1400,4.0,32.0,62.57432298247001,944,0.511391869297007
Geelong,1200-1400,5.0,1.0,3.099279891985868,66,0.3226555957678442
Geelong,1500-1800,0.0,44.0,33.68126771252498,309,1.306364130220604
Geelong,1500-1800,1.0,23.0,22.475101962580396,198,1.0233546454335791
Geelong,1500-1800,2.0,97.0,83.85225792354635,750,1.1567965180906794
Geelong,1500-1800,3.0,101.0,117.21401059638465,1272,0.8616717360502572
Geelong,1500-1800,4.0,42.0,47.404372104894755,718,0.8859942265887174
Geelong,1500-1800,5.0,2.0,4.3307085706374195,75,0.46181819149877085
Geelong,2000+,0.0,23.0,17.549619178519,169,1.3105697488953123
Geelong,2000+,1.0,15.0,14.480363327470785,125,1.035885610103678
Geelong,2000+,2.0,46.0,44.84600559028494,421,1.025732378938227
Geelong,2000+,3.0,58.0,63.30120374062049,685,0.916254298064498
Geelong,2000+,4.0,25.0,24.314502227274918,355,1.028192959342434
Geelong,2000+,5.0,2.0,3.411501521115344,53,0.5862521202529398
Geelong,sprint<=1100,0.0,50.0,25.921496986803714,199,1.9289009437014508
Geelong,sprint<=1100,1.0,18.0,22.095408444426404,186,0.8146488916587792
Geelong,sprint<=1100,2.0,68.0,71.70477604235782,619,0.9483329249899711
Geelong,sprint<=1100,3.0,54.0,65.91050326106469,771,0.819292788375649
Geelong,sprint<=1100,4.0,9.0,13.201311107390387,206,0.6817504660549664
Geelong,sprint<=1100,5.0,0.0,0.08361801925917699,5,0.0
Geraldton,1200-1400,0.0,59.0,36.92111667971211,364,1.5980015044458307
Geraldton,1200-1400,1.0,28.0,28.772513322207395,287,0.9731509961067201
Geraldton,1200-1400,2.0,112.0,115.91723745787205,1098,0.9662066009872285
Geraldton,1200-1400,3.0,136.0,135.90885632219542,1490,1.0006706235360299
Geraldton,1200-1400,4.0,26.0,42.34278346995266,618,0.6140361560890336
Geraldton,1200-1400,5.0,3.0,4.04251270887176,64,0.7421126947643614
Geraldton,1500-1800,0.0,13.0,11.800559995528058,104,1.1016426343263779
Geraldton,1500-1800,1.0,12.0,7.583420760453014,65,1.5823993391714628
Geraldton,1500-1800,2.0,33.0,28.714096263417623,257,1.149261313929727
Geraldton,1500-1800,3.0,29.0,37.07319600078616,374,0.7822363089328753
Geraldton,1500-1800,4.0,15.0,15.704040193754144,179,0.9551682124429255
Geraldton,1500-1800,5.0,2.0,3.124686786060997,46,0.6400641526446287
Geraldton,2000+,0.0,7.0,4.432475168224854,45,1.5792530661380795
Geraldton,2000+,1.0,4.0,3.2190927990841023,27,1.2425861103283764
Geraldton,2000+,2.0,10.0,10.44124795606122,106,0.9577399217106924
Geraldton,2000+,3.0,18.0,16.4520641992732,178,1.0940876343526051
Geraldton,2000+,4.0,5.0,8.838599120766807,96,0.5657005065714777
Geraldton,2000+,5.0,1.0,1.6165207565898194,14,0.6186125330735501
Geraldton,sprint<=1100,0.0,24.0,17.534506356644844,145,1.3687297213762168
Geraldton,sprint<=1100,1.0,15.0,17.249923350694626,153,0.8695690812675974
Geraldton,sprint<=1100,2.0,60.0,55.14406112404367,479,1.088059145028023
Geraldton,sprint<=1100,3.0,40.0,46.04152422101053,558,0.8687809684143004
Geraldton,sprint<=1100,4.0,6.0,8.850192097176892,140,0.6779513861528418
Geraldton,sprint<=1100,5.0,0.0,0.17979285042943602,5,0.0
Gilgandra,1200-1400,0.0,11.0,6.742837741268069,46,1.6313606262059217
Gilgandra,1200-1400,1.0,4.0,6.566172722855843,56,0.6091828784942882
Gilgandra,1200-1400,2.0,16.0,13.01775822893851,133,1.2290902718128502
Gilgandra,1200-1400,3.0,11.0,14.870625888205437,172,0.7397133168903534
Gilgandra,1200-1400,4.0,3.0,4.207795531688288,79,0.7129623997666812
Gilgandra,1200-1400,5.0,1.0,0.49341547234105304,12,2.0266895872871844
Gilgandra,1500-1800,0.0,6.0,4.006629425383993,35,1.4975180789086735
Gilgandra,1500-1800,1.0,4.0,3.1519899725216654,28,1.2690395701988566
Gilgandra,1500-1800,2.0,7.0,7.1208722445615384,67,0.9830256406223475
Gilgandra,1500-1800,3.0,13.0,12.556708781026506,119,1.035303137685515
Gilgandra,1500-1800,4.0,3.0,6.320223874145,90,0.4746667301252584
Gilgandra,1500-1800,5.0,2.0,1.8435757023612975,29,1.084848318101801
Gilgandra,sprint<=1100,0.0,19.0,8.366755976036918,57,2.2708920941900987
Gilgandra,sprint<=1100,1.0,15.0,12.801460731145061,85,1.1717412813294068
Gilgandra,sprint<=1100,2.0,14.0,21.387200072063134,210,0.6545971400102715
Gilgandra,sprint<=1100,3.0,9.0,12.069222791775537,181,0.7456983896372323
Gilgandra,sprint<=1100,4.0,0.0,2.1693110220527174,47,0.0
Gilgandra,sprint<=1100,5.0,0.0,0.16653201391036304,5,0.0
Glen Innes,1200-1400,0.0,5.0,2.9619591723197196,22,1.6880718838822302
Glen Innes,1200-1400,1.0,4.0,2.448669710875509,23,1.6335400328735317
Glen Innes,1200-1400,2.0,5.0,6.201466327227669,63,0.8062609286528566
Glen Innes,1200-1400,3.0,6.0,7.3774820525465445,83,0.8132856111698614
Glen Innes,1200-1400,4.0,2.0,2.8995428878669163,50,0.689763896360686
Glen Innes,1200-1400,5.0,0.0,0.11087984916364119,6,0.0
Glen Innes,1500-1800,0.0,0.0,0.07315834073350932,1,0.0
Glen Innes,1500-1800,1.0,0.0,0.09754445431134576,1,0.0
Glen Innes,1500-1800,2.0,0.0,0.22893534168931962,2,0.0
Glen Innes,1500-1800,3.0,1.0,0.38151432952694114,3,2.621133526596368
Glen Innes,1500-1800,4.0,0.0,0.19524806898613925,5,0.0
Glen Innes,1500-1800,5.0,0.0,0.023599464752744943,1,0.0
Glen Innes,sprint<=1100,0.0,4.0,1.3257623830518972,11,3.0171319168009756
Glen Innes,sprint<=1100,1.0,3.0,1.2333472467149198,16,2.432404992179328
Glen Innes,sprint<=1100,2.0,3.0,4.463912890481766,42,0.6720561251087106
Glen Innes,sprint<=1100,3.0,1.0,3.768365479590031,42,0.2653670418689835
Glen Innes,sprint<=1100,4.0,0.0,0.20861200016138573,8,0.0
Gold Coast,1200-1400,0.0,131.0,72.0445452049928,581,1.8183194803611793
Gold Coast,1200-1400,1.0,65.0,62.46674727552601,532,1.0405536198851593
Gold Coast,1200-1400,2.0,158.0,170.0891658086284,1580,0.9289245393664273
Gold Coast,1200-1400,3.0,181.0,198.4946792073006,2301,0.9118632334268779
Gold Coast,1200-1400,4.0,43.0,72.24579629449786,1238,0.5951903391682156
Gold Coast,1200-1400,5.0,2.0,4.638808137289557,116,0.4311452297245893
Gold Coast,1500-1800,0.0,27.0,19.865532914333663,177,1.3591379660657668
Gold Coast,1500-1800,1.0,5.0,11.633742124284236,127,0.42978432447484083
Gold Coast,1500-1800,2.0,55.0,47.56509527140576,417,1.1563100985327746
Gold Coast,1500-1800,3.0,65.0,67.7393294544055,685,0.9595607237852964
Gold Coast,1500-1800,4.0,20.0,25.76505071010863,329,0.7762453187081532
Gold Coast,1500-1800,5.0,5.0,4.335201277597644,58,1.1533489865482682
Gold Coast,2000+,0.0,8.0,6.615492852363676,59,1.2092825400214358
Gold Coast,2000+,1.0,5.0,3.7132986178886247,44,1.346511690687293
Gold Coast,2000+,2.0,17.0,14.541714452042678,123,1.1690505996431533
Gold Coast,2000+,3.0,17.0,22.486717416642367,227,0.7560018514493512
Gold Coast,2000+,4.0,11.0,9.67639224089885,116,1.1367873197106155
Gold Coast,2000+,5.0,1.0,1.9463687418397126,22,0.5137772604459304
Gold Coast,sprint<=1100,0.0,52.0,27.308775359799334,202,1.904149831506106
Gold Coast,sprint<=1100,1.0,42.0,34.75787900521188,265,1.2083591174738302
Gold Coast,sprint<=1100,2.0,63.0,74.71638656765263,671,0.8431885279001826
Gold Coast,sprint<=1100,3.0,35.0,53.20998980371648,627,0.6577712217030984
Gold Coast,sprint<=1100,4.0,5.0,6.717063028433828,101,0.7443729467528633
Gold Coast,sprint<=1100,5.0,0.0,0.11677459463119237,4,0.0
Gold Coast Poly,1200-1400,0.0,23.0,13.705987682805967,86,1.6780986917749303
Gold Coast Poly,1200-1400,1.0,19.0,13.501298123482021,89,1.407272087930153
Gold Coast Poly,1200-1400,2.0,24.0,27.63670254528016,255,0.868410403183167
Gold Coast Poly,1200-1400,3.0,18.0,25.059452713161225,307,0.7182918240886562
Gold Coast Poly,1200-1400,4.0,2.0,6.020991480440065,85,0.33217120577188114
Gold Coast Poly,1200-1400,5.0,0.0,0.07556745483056655,3,0.0
Gold Coast Poly,1500-1800,0.0,26.0,18.915020827413414,127,1.3745689331897732
Gold Coast Poly,1500-1800,1.0,16.0,13.036709142795047,103,1.227303595159417
Gold Coast Poly,1500-1800,2.0,33.0,37.37396697653376,325,0.882967548527025
Gold Coast Poly,1500-1800,3.0,42.0,42.13883184774886,449,0.9967053702805414
Gold Coast Poly,1500-1800,4.0,9.0,14.27343435152097,210,0.630542011008091
Gold Coast Poly,1500-1800,5.0,1.0,1.0156244486985577,18,0.9846159190844812
Gold Coast Poly,2000+,0.0,21.0,9.880055411262967,71,2.1254941521947974
Gold Coast Poly,2000+,1.0,3.0,6.796933632340276,58,0.44137550287762034
Gold Coast Poly,2000+,2.0,23.0,21.38420630944703,190,1.0755601431809583
Gold Coast Poly,2000+,3.0,17.0,24.02558749796452,257,0.7075789510429356
Gold Coast Poly,2000+,4.0,6.0,8.103610067959755,98,0.7404107489972823
Gold Coast Poly,2000+,5.0,1.0,0.711660481450989,8,1.4051644373467553
Gold Coast Poly,sprint<=1100,0.0,44.0,19.612620659460386,119,2.2434533744360197
Gold Coast Poly,sprint<=1100,1.0,22.0,21.66634790307693,157,1.0153995541110872
Gold Coast Poly,sprint<=1100,2.0,37.0,46.81264755426912,411,0.7903846915965717
Gold Coast Poly,sprint<=1100,3.0,14.0,26.445401254583516,341,0.5293926102775061
Gold Coast Poly,sprint<=1100,4.0,0.0,2.324176803479769,65,0.0
Gold Coast Poly,sprint<=1100,5.0,0.0,0.13048284028933696,3,0.0
Gosford,1200-1400,0.0,47.0,34.829961211740695,238,1.349412929697922
Gosford,1200-1400,1.0,32.0,31.261233844927443,242,1.023632021651392
Gosford,1200-1400,2.0,83.0,79.28345724219142,697,1.0468766485101104
Gosford,1200-1400,3.0,71.0,77.44587576896338,859,0.9167692829997466
Gosford,1200-1400,4.0,5.0,14.965470190417639,259,0.3341024328925856
Gosford,1200-1400,5.0,0.0,0.12799249992389483,5,0.0
Gosford,1500-1800,0.0,26.0,16.59429670227195,134,1.5668033702470983
Gosford,1500-1800,1.0,13.0,12.395756252169658,99,1.0487460172286447
Gosford,1500-1800,2.0,48.0,35.86215896822322,288,1.3384581793453063
Gosford,1500-1800,3.0,36.0,46.574698869646106,463,0.7729518574184941
Gosford,1500-1800,4.0,11.0,21.01117868991839,259,0.5235308386234435
Gosford,1500-1800,5.0,0.0,1.3871080545757306,21,0.0
Gosford,2000+,0.0,13.0,11.377718735925896,82,1.1425840541260388
Gosford,2000+,1.0,11.0,9.116395480894754,73,1.2066172450561978
Gosford,2000+,2.0,25.0,27.735716366172227,224,0.9013648564163702
Gosford,2000+,3.0,28.0,26.548377199116704,281,1.0546784004911454
Gosford,2000+,4.0,2.0,5.140211172704987,85,0.38908907295875145
Gosford,2000+,5.0,2.0,0.6099933963556878,8,3.2787240188970794
Gosford,sprint<=1100,0.0,54.0,40.03491370943594,222,1.3488226899130942
Gosford,sprint<=1100,1.0,49.0,42.67836419571214,333,1.1481227297114398
Gosford,sprint<=1100,2.0,82.0,85.85371442475592,757,0.9551130146135564
Gosford,sprint<=1100,3.0,36.0,49.38111739850604,632,0.7290236004479139
Gosford,sprint<=1100,4.0,1.0,4.007429038761385,90,0.24953654583215767
Gosford,sprint<=1100,5.0,0.0,0.03620128706239192,3,0.0
Goulburn,1200-1400,0.0,57.0,40.07656148319533,303,1.4222777077295146
Goulburn,1200-1400,1.0,45.0,34.55874852987955,267,1.302130485457045
Goulburn,1200-1400,2.0,82.0,82.18323727222133,742,0.9977703814268792
Goulburn,1200-1400,3.0,88.0,103.05250024977323,1089,0.853933672513624
Goulburn,1200-1400,4.0,31.0,40.40626928065661,553,0.7672076772215246
Goulburn,1200-1400,5.0,0.0,2.546206025811012,50,0.0
Goulburn,1500-1800,0.0,18.0,15.8208292344631,144,1.1377406160727614
Goulburn,1500-1800,1.0,12.0,12.108335717930855,101,0.9910527986294249
Goulburn,1500-1800,2.0,47.0,34.06048476101549,324,1.3798981526473943
Goulburn,1500-1800,3.0,53.0,54.57204866606123,518,0.9711931528229598
Goulburn,1500-1800,4.0,14.0,25.328574209524263,334,0.5527354159057087
Goulburn,1500-1800,5.0,0.0,1.6672227449470978,37,0.0
Goulburn,2000+,0.0,2.0,2.7383990770775735,28,0.7303537372406673
Goulburn,2000+,1.0,6.0,3.4921174288306234,25,1.7181552803650049
Goulburn,2000+,2.0,10.0,8.276431711829382,72,1.2082501672438313
Goulburn,2000+,3.0,10.0,10.047970675058435,96,0.9952258344883997
Goulburn,2000+,4.0,0.0,3.1301286323282893,30,0.0
Goulburn,2000+,5.0,0.0,0.28830966105198547,4,0.0
Goulburn,sprint<=1100,0.0,38.0,22.56657317150782,148,1.6839065334021635
Goulburn,sprint<=1100,1.0,23.0,23.693585960621366,196,0.9707268472668467
Goulburn,sprint<=1100,2.0,56.0,57.09442737233574,512,0.9808312750875223
Goulburn,sprint<=1100,3.0,28.0,40.40007433715568,447,0.693068031665689
Goulburn,sprint<=1100,4.0,3.0,3.87717139112673,75,0.7737599650265091
Goulburn,sprint<=1100,5.0,0.0,0.3681677672526651,4,0.0
Grafton,1200-1400,0.0,81.0,51.31490673171862,441,1.5784886918625638
Grafton,1200-1400,1.0,58.0,41.0766933308744,380,1.4119929160998352
Grafton,1200-1400,2.0,125.0,129.73025072081163,1204,0.9635377971249631
Grafton,1200-1400,3.0,131.0,141.0035213740123,1715,0.9290548117058869
Grafton,1200-1400,4.0,43.0,70.53763359682955,1096,0.6096036655521248
Grafton,1200-1400,5.0,2.0,5.971755067939906,138,0.33490991797993247
Grafton,1500-1800,0.0,19.0,20.24490801641406,208,0.9385075982857162
Grafton,1500-1800,1.0,15.0,15.187499705970797,145,0.9876543401085905
Grafton,1500-1800,2.0,58.0,53.74390860804022,475,1.0791920703609386
Grafton,1500-1800,3.0,77.0,72.51943433021044,794,1.0617843438958408
Grafton,1500-1800,4.0,38.0,42.04137490902382,605,0.9038714857026149
Grafton,1500-1800,5.0,1.0,4.262874430340654,94,0.23458349907812984
Grafton,2000+,0.0,19.0,11.656884029846708,118,1.6299381508258735
Grafton,2000+,1.0,10.0,8.24973391385166,77,1.2121603077657532
Grafton,2000+,2.0,25.0,26.732936952500108,247,0.9351759608164549
Grafton,2000+,3.0,37.0,39.231516253390346,398,0.9431192962571896
Grafton,2000+,4.0,24.0,25.418008383813937,324,0.9442124511723382
Grafton,2000+,5.0,3.0,6.387719840610978,74,0.46965115484981157
Grafton,sprint<=1100,0.0,97.0,53.23502443394543,351,1.822108678100798
Grafton,sprint<=1100,1.0,62.0,56.54810919234195,484,1.096411549130919
Grafton,sprint<=1100,2.0,119.0,130.3638506301903,1258,0.9128297409499915
Grafton,sprint<=1100,3.0,63.0,91.59758030562406,1327,0.6877910943694636
Grafton,sprint<=1100,4.0,10.0,18.34592522164536,342,0.5450801678948055
Grafton,sprint<=1100,5.0,0.0,0.5982162880783631,16,0.0
Great Western,1200-1400,0.0,3.0,2.567231441946887,13,1.1685740330933772
Great Western,1200-1400,1.0,1.0,1.6142480212338954,10,0.6194834912887935
Great Western,1200-1400,2.0,8.0,4.913876068030631,34,1.6280426875328617
Great Western,1200-1400,3.0,1.0,3.06547386953652,33,0.32621383921670605
Great Western,1200-1400,4.0,0.0,0.7995602503763015,13,0.0
Great Western,1200-1400,5.0,0.0,0.039610348875765096,1,0.0
Great Western,1500-1800,0.0,1.0,1.3704771553574613,8,0.7296728705697908
Great Western,1500-1800,1.0,1.0,0.7161653740450253,5,1.3963255363098999
Great Western,1500-1800,2.0,2.0,3.3840127765923294,23,0.5910143170363505
Great Western,1500-1800,3.0,2.0,1.9326878099327107,21,1.0348282788980974
Great Western,1500-1800,4.0,2.0,0.5966568840724733,7,3.3520102648427144
Great Western,2000+,0.0,2.0,0.6396160814814028,7,3.1268757273391836
Great Western,2000+,1.0,0.0,0.4729097377761712,5,0.0
Great Western,2000+,2.0,2.0,1.7504404263000783,14,1.1425695898873964
Great Western,2000+,3.0,3.0,3.6418995493692665,23,0.8237459488742802
Great Western,2000+,4.0,0.0,0.49513420507308126,7,0.0
Griffith,1200-1400,0.0,4.0,1.9967668399096816,15,2.003238395215402
Griffith,1200-1400,1.0,1.0,1.1527554038309924,11,0.8674867163291232
Griffith,1200-1400,2.0,8.0,5.122941365732943,45,1.5616028817959027
Griffith,1200-1400,3.0,2.0,3.4495486059085447,41,0.5797860034713842
Griffith,1200-1400,4.0,0.0,2.981392083362483,32,0.0
Griffith,1200-1400,5.0,0.0,0.29659570125535534,4,0.0
Griffith,1500-1800,0.0,1.0,0.4821047110447334,4,2.0742381833045647
Griffith,1500-1800,1.0,0.0,0.21110245412617396,3,0.0
Griffith,1500-1800,2.0,1.0,0.7778975376460444,8,1.2855163457979935
Griffith,1500-1800,3.0,2.0,2.3218392455117076,16,0.8613860773807457
Griffith,1500-1800,4.0,0.0,0.20705605167134056,4,0.0
Griffith,sprint<=1100,0.0,1.0,0.4900657131036039,4,2.040542672669271
Griffith,sprint<=1100,1.0,1.0,1.1195812739604047,6,0.8931910735364498
Griffith,sprint<=1100,2.0,2.0,1.202910219369978,15,1.6626344741235104
Griffith,sprint<=1100,3.0,0.0,1.1562149534923856,11,0.0
Griffith,sprint<=1100,4.0,0.0,0.031227840073627892,1,0.0
Gunbower,1200-1400,0.0,1.0,0.45603544194462087,4,2.192812022977451
Gunbower,1200-1400,1.0,0.0,0.3702780932717645,5,0.0
Gunbower,1200-1400,2.0,2.0,1.120050932473187,8,1.7856330832954135
Gunbower,1200-1400,3.0,1.0,1.4114097891094979,14,0.7085114526738057
Gunbower,1200-1400,4.0,0.0,0.6027294990006107,6,0.0
Gunbower,1200-1400,5.0,0.0,0.03949624420031856,2,0.0
Gunbower,1500-1800,0.0,1.0,0.9170939840711692,6,1.0904007848364614
Gunbower,1500-1800,1.0,0.0,0.6135703374009112,8,0.0
Gunbower,1500-1800,2.0,1.0,1.7776661085971135,14,0.5625353350462271
Gunbower,1500-1800,3.0,3.0,1.7574896778000861,21,1.7069801535080475
Gunbower,1500-1800,4.0,1.0,0.7640844648490799,7,1.3087558326388924
Gunbower,1500-1800,5.0,0.0,0.17009542728164018,2,0.0
Gunbower,sprint<=1100,0.0,2.0,0.9587748364649821,6,2.0859955058624937
Gunbower,sprint<=1100,1.0,3.0,1.010406190929665,7,2.9691029478349975
Gunbower,sprint<=1100,2.0,1.0,2.4899733828931874,28,0.4016107187612042
Gunbower,sprint<=1100,3.0,0.0,1.527567091537044,16,0.0
Gunbower,sprint<=1100,4.0,0.0,0.013278498175121622,2,0.0
Gundagai,1200-1400,0.0,31.0,16.902829399245714,129,1.8340124761232797
Gundagai,1200-1400,1.0,17.0,13.060244762889267,131,1.3016601379711934
Gundagai,1200-1400,2.0,42.0,41.05977784880399,376,1.022898861135056
Gundagai,1200-1400,3.0,33.0,45.913356226726,514,0.7187451040834784
Gundagai,1200-1400,4.0,6.0,11.177071125536521,194,0.5368132610601052
Gundagai,1200-1400,5.0,0.0,0.8867206367985081,15,0.0
Gundagai,1500-1800,0.0,3.0,4.382113844397965,33,0.6846011095387582
Gundagai,1500-1800,1.0,3.0,3.857854530832687,33,0.7776342980336467
Gundagai,1500-1800,2.0,8.0,7.272581403448606,75,1.1000220631709199
Gundagai,1500-1800,3.0,15.0,12.01005238494152,126,1.2489537530083836
Gundagai,1500-1800,4.0,4.0,4.8542460730669434,73,0.8240208551011454
Gundagai,1500-1800,5.0,0.0,0.6231517633122793,9,0.0
Gundagai,sprint<=1100,0.0,17.0,8.658237811041827,65,1.9634480330766553
Gundagai,sprint<=1100,1.0,16.0,14.266272863118093,120,1.1215262846516856
Gundagai,sprint<=1100,2.0,23.0,26.86293141970272,261,0.8561984409166367
Gundagai,sprint<=1100,3.0,8.0,14.12938244839796,190,0.5661960124030098
Gundagai,sprint<=1100,4.0,1.0,1.0255738041668718,25,0.9750639066023661
Gundagai,sprint<=1100,5.0,0.0,0.016070675753633613,1,0.0
Gunnedah,1200-1400,0.0,27.0,14.412998089495195,129,1.8733090667429386
Gunnedah,1200-1400,1.0,17.0,14.543243255490944,127,1.1689277076199274
Gunnedah,1200-1400,2.0,44.0,39.95112687246936,370,1.1013456551665068
Gunnedah,1200-1400,3.0,31.0,42.68975179118319,517,0.7261696004145543
Gunnedah,1200-1400,4.0,10.0,15.805659526962728,273,0.6326847660447887
Gunnedah,1200-1400,5.0,0.0,1.5972204643985861,38,0.0
Gunnedah,1500-1800,0.0,6.0,4.720256272461776,52,1.2711174253407207
Gunnedah,1500-1800,1.0,3.0,3.9457219389798444,38,0.760317134961528
Gunnedah,1500-1800,2.0,17.0,14.225032899210563,123,1.1950763221745124
Gunnedah,1500-1800,3.0,20.0,16.20791792256568,188,1.233964787800088
Gunnedah,1500-1800,4.0,4.0,10.063685622775187,147,0.3974686958570701
Gunnedah,1500-1800,5.0,2.0,2.73272358042629,42,0.7318705830056953
Gunnedah,2000+,0.0,4.0,2.2124656116657957,20,1.8079377048433964
Gunnedah,2000+,1.0,1.0,0.7003217864837364,12,1.4279150232080107
Gunnedah,2000+,2.0,5.0,4.433762395507367,43,1.1277104079971423
Gunnedah,2000+,3.0,7.0,8.344959674914781,82,0.8388296975289439
Gunnedah,2000+,4.0,3.0,3.796351328493473,49,0.7902324470033986
Gunnedah,2000+,5.0,0.0,0.5121392029348459,4,0.0
Gunnedah,sprint<=1100,0.0,26.0,11.307428918647663,88,2.2993732869832204
Gunnedah,sprint<=1100,1.0,16.0,19.433732358418677,182,0.8233107107224729
Gunnedah,sprint<=1100,2.0,37.0,37.6091796267973,398,0.983802368654613
Gunnedah,sprint<=1100,3.0,9.0,18.048837997280103,262,0.49864705979167573
Gunnedah,sprint<=1100,4.0,0.0,1.3677301716281656,38,0.0
Gunnedah,sprint<=1100,5.0,0.0,0.1693628574548075,4,0.0
Gympie,1200-1400,0.0,2.0,0.9798789249995817,7,2.0410684922128044
Gympie,1200-1400,1.0,2.0,1.6048316622772485,11,1.24623662843367
Gympie,1200-1400,2.0,2.0,1.4785042045376808,13,1.3527185068948706
Gympie,1200-1400,3.0,1.0,1.8665680849306,20,0.5357425791608242
Gympie,1200-1400,4.0,0.0,0.7507480512074071,12,0.0
Gympie,1200-1400,5.0,0.0,0.281058161905383,5,0.0
Gympie,1500-1800,0.0,1.0,0.5660855170761989,5,1.7665175487352969
Gympie,1500-1800,1.0,1.0,0.7293798154560743,6,1.3710277948598144
Gympie,1500-1800,2.0,1.0,1.7195923922588412,13,0.581533161289699
Gympie,1500-1800,3.0,2.0,1.1956887335645197,10,1.6726761270366017
Gympie,1500-1800,4.0,0.0,0.5332105361762203,8,0.0
Gympie,1500-1800,5.0,0.0,0.2560430054681456,4,0.0
Gympie,sprint<=1100,0.0,3.0,0.679339309207661,6,4.4160553634074455
Gympie,sprint<=1100,1.0,0.0,1.7295164865041792,15,0.0
Gympie,sprint<=1100,2.0,2.0,1.418507463642701,11,1.4099326589823058
Gympie,sprint<=1100,3.0,1.0,1.7819397646405974,13,0.5611861971112653
Gympie,sprint<=1100,4.0,0.0,0.3906969760048612,7,0.0
Halidon,1200-1400,0.0,1.0,0.9927449188775344,11,1.0073081019952927
Halidon,1200-1400,1.0,1.0,1.3170899636406805,13,0.7592495786968225
Halidon,1200-1400,2.0,2.0,3.1366438626309288,30,0.6376241892895218
Halidon,1200-1400,3.0,5.0,3.382441707289557,41,1.4782220752613167
Halidon,1200-1400,4.0,2.0,2.1365288687768036,21,0.9360978123104096
Halidon,1200-1400,5.0,0.0,0.03455067878449593,2,0.0
Halidon,1500-1800,0.0,1.0,0.8270995352821311,8,1.2090443257943446
Halidon,1500-1800,1.0,1.0,0.47459766434961004,4,2.107047874688559
Halidon,1500-1800,2.0,1.0,1.3643157923357923,17,0.7329681336371096
Halidon,1500-1800,3.0,2.0,2.4410381877942084,26,0.8193235198041932
Halidon,1500-1800,4.0,2.0,2.0084157653553554,25,0.9958097494052153
Halidon,1500-1800,5.0,1.0,0.8845330548829027,11,1.1305400001500037
Halidon,sprint<=1100,0.0,2.0,1.6785343540402304,8,1.1915156786550136
Halidon,sprint<=1100,1.0,3.0,1.2124723075618487,16,2.474283314587759
Halidon,sprint<=1100,2.0,3.0,4.108184103877098,35,0.7302496490283263
Halidon,sprint<=1100,3.0,0.0,0.9927872145504951,15,0.0
Halidon,sprint<=1100,4.0,0.0,0.008022019970328089,1,0.0
Hamilton,1200-1400,0.0,22.0,15.453574235859067,128,1.423618877045956
Hamilton,1200-1400,1.0,14.0,11.606248723955236,99,1.2062467669768333
Hamilton,1200-1400,2.0,40.0,38.680941450409094,356,1.0341009939295818
Hamilton,1200-1400,3.0,45.0,46.025592245845466,522,0.9777169136603985
Hamilton,1200-1400,4.0,7.0,15.235426634634063,251,0.4594554631038156
Hamilton,1200-1400,5.0,0.0,0.998216709297071,22,0.0
Hamilton,1500-1800,0.0,9.0,8.34270467060324,69,1.0787868389627693
Hamilton,1500-1800,1.0,9.0,4.825155206353717,45,1.86522497517777
Hamilton,1500-1800,2.0,28.0,22.943830488792937,183,1.2203716381916603
Hamilton,1500-1800,3.0,15.0,21.995336466654507,252,0.6819627434542946
Hamilton,1500-1800,4.0,8.0,9.552334079853743,155,0.8374916468711372
Hamilton,1500-1800,5.0,0.0,1.3406390877418561,19,0.0
Hamilton,2000+,0.0,11.0,8.045113164320373,58,1.3672896546420732
Hamilton,2000+,1.0,9.0,5.661205991335265,56,1.5897672711035267
Hamilton,2000+,2.0,13.0,19.243528705100523,156,0.6755517763514096
Hamilton,2000+,3.0,22.0,18.645659483429263,213,1.1798992692938428
Hamilton,2000+,4.0,3.0,6.176534573459386,92,0.4857092540032111
Hamilton,2000+,5.0,0.0,0.0795641332568291,6,0.0
Hamilton,sprint<=1100,0.0,17.0,10.450639802930567,63,1.6266946637308142
Hamilton,sprint<=1100,1.0,9.0,7.521195364906944,66,1.1966182984679528
Hamilton,sprint<=1100,2.0,25.0,22.28368225022543,193,1.1218971675898444
Hamilton,sprint<=1100,3.0,11.0,19.130493537706162,248,0.5749982340141421
Hamilton,sprint<=1100,4.0,1.0,3.5341634167815954,68,0.2829523941229224
Hamilton,sprint<=1100,5.0,0.0,0.07982562744930417,2,0.0
Hanging Rock,1500-1800,0.0,3.0,2.2531996189311547,18,1.3314399553392005
Hanging Rock,1500-1800,1.0,2.0,1.9457252881382836,15,1.027894334412258
Hanging Rock,1500-1800,2.0,7.0,5.849193824285003,47,1.1967461175482026
Hanging Rock,1500-1800,3.0,5.0,6.3534405731004036,64,0.7869751739190439
Hanging Rock,1500-1800,4.0,1.0,1.5984406955451553,25,0.625609697492684
Hanging Rock,2000+,0.0,2.0,0.8820249225926857,5,2.267509623334747
Hanging Rock,2000+,1.0,1.0,0.852699888255031,6,1.1727455506607427
Hanging Rock,2000+,2.0,1.0,1.0381063261020294,14,0.963292463263263
Hanging Rock,2000+,3.0,1.0,1.847807360198499,18,0.5411819551863761
Hanging Rock,2000+,4.0,0.0,0.379361502851755,6,0.0
Hanging Rock,sprint<=1100,0.0,2.0,0.8519981327354198,10,2.347422985046707
Hanging Rock,sprint<=1100,1.0,3.0,2.44261275522266,19,1.228193045985519
Hanging Rock,sprint<=1100,2.0,4.0,4.562697485493397,38,0.8766743823620934
Hanging Rock,sprint<=1100,3.0,0.0,1.809689401544932,25,0.0
Hanging Rock,sprint<=1100,4.0,1.0,0.3330022250035912,5,3.0029829379945303
Hawkesbury,1200-1400,0.0,77.0,46.57181758786496,319,1.653360422421297
Hawkesbury,1200-1400,1.0,34.0,35.165877922625434,296,0.9668463296952038
Hawkesbury,1200-1400,2.0,95.0,93.41042221502315,785,1.0170171352112913
Hawkesbury,1200-1400,3.0,92.0,106.1634577792673,1160,0.8665882020467377
Hawkesbury,1200-1400,4.0,20.0,35.442984563134694,584,0.5642865646479048
Hawkesbury,1200-1400,5.0,1.0,1.7818271243252803,30,0.5612216731624103
Hawkesbury,1500-1800,0.0,47.0,36.00747145363565,263,1.3052846562835902
Hawkesbury,1500-1800,1.0,29.0,22.299664981078767,219,1.3004679677746933
Hawkesbury,1500-1800,2.0,78.0,70.14818279701699,596,1.1119318689366948
Hawkesbury,1500-1800,3.0,81.0,93.99662589456774,949,0.8617330593425179
Hawkesbury,1500-1800,4.0,25.0,36.06326426571232,508,0.6932262098017876
Hawkesbury,1500-1800,5.0,3.0,4.356557940396672,58,0.6886170323094211
Hawkesbury,2000+,0.0,8.0,6.005646275537838,47,1.3320797850825066
Hawkesbury,2000+,1.0,6.0,4.282654186134088,37,1.4010003468003902
Hawkesbury,2000+,2.0,13.0,12.365871899683142,102,1.0512805005147356
Hawkesbury,2000+,3.0,15.0,16.757165578936196,168,0.8951394512002103
Hawkesbury,2000+,4.0,5.0,6.903089798605516,82,0.7243133358934492
Hawkesbury,2000+,5.0,0.0,0.3913363378770625,5,0.0
Hawkesbury,sprint<=1100,0.0,69.0,45.95702770912442,296,1.5014025806177316
Hawkesbury,sprint<=1100,1.0,62.0,44.94071515791859,355,1.3795953131172092
Hawkesbury,sprint<=1100,2.0,106.0,114.04237440657637,1055,0.9294790690879144
Hawkesbury,sprint<=1100,3.0,48.0,81.62157980318827,1019,0.5880797714984322
Hawkesbury,sprint<=1100,4.0,11.0,9.347500070485767,180,1.1767852278206357
Hawkesbury,sprint<=1100,5.0,0.0,0.08240577838098989,3,0.0
Hobart,1200-1400,0.0,73.0,47.82282428862351,408,1.5264677711091574
Hobart,1200-1400,1.0,40.0,40.431098292265474,350,0.9893374577868457
Hobart,1200-1400,2.0,122.0,123.49870890278439,1145,0.987864578374142
Hobart,1200-1400,3.0,128.0,141.13800745116717,1630,0.9069137527982118
Hobart,1200-1400,4.0,43.0,50.77052756903724,766,0.8469480633528781
Hobart,1200-1400,5.0,2.0,4.338833496122209,87,0.46095338799875146
Hobart,1500-1800,0.0,18.0,13.067135174459604,117,1.3775016298279317
Hobart,1500-1800,1.0,8.0,9.139643134807985,86,0.8753076987800873
Hobart,1500-1800,2.0,37.0,31.351677766369413,292,1.1801601265400055
Hobart,1500-1800,3.0,38.0,38.26331541524638,434,0.9931183324709635
Hobart,1500-1800,4.0,13.0,21.194195141188697,242,0.6133754980266206
Hobart,1500-1800,5.0,3.0,3.8150883766730423,55,0.7863513774263227
Hobart,2000+,0.0,7.0,7.946937952816739,78,0.8808424127080162
Hobart,2000+,1.0,9.0,5.354714586713344,57,1.680761850936314
Hobart,2000+,2.0,29.0,21.443883050675318,190,1.3523670098119995
Hobart,2000+,3.0,20.0,29.563030990236633,288,0.6765206181532982
Hobart,2000+,4.0,12.0,11.822094683012425,143,1.0150485444210842
Hobart,2000+,5.0,1.0,1.7764640735745147,27,0.5629159716063655
Hobart,sprint<=1100,0.0,29.0,21.637760161711782,161,1.3402496276539644
Hobart,sprint<=1100,1.0,29.0,24.15373176304259,202,1.2006426288285872
Hobart,sprint<=1100,2.0,59.0,60.69032407573717,562,0.9721483761789149
Hobart,sprint<=1100,3.0,40.0,45.1340740118018,608,0.8862483805370788
Hobart,sprint<=1100,4.0,3.0,7.906911196170221,156,0.3794149100160724
Hobart,sprint<=1100,5.0,0.0,0.34259420057044176,8,0.0
Home Hill,1200-1400,0.0,4.0,1.8635256295781668,15,2.1464690029004063
Home Hill,1200-1400,1.0,1.0,1.7317504670508865,14,0.5774504000584835
Home Hill,1200-1400,2.0,5.0,5.680949945086386,40,0.8801344930568594
Home Hill,1200-1400,3.0,4.0,3.8223988852104545,47,1.046463260408723
Home Hill,1200-1400,4.0,1.0,1.653169695715863,27,0.6048985791304234
Home Hill,1200-1400,5.0,0.0,0.24820537735824338,3,0.0
Home Hill,1500-1800,0.0,4.0,2.1736660174114073,16,1.8402091066241868
Home Hill,1500-1800,1.0,2.0,1.752687668250834,11,1.1411046224773072
Home Hill,1500-1800,2.0,2.0,4.775196521139793,39,0.4188309300247646
Home Hill,1500-1800,3.0,6.0,5.413422163182386,63,1.1083561967154587
Home Hill,1500-1800,4.0,2.0,1.5525538459195591,20,1.2882000873956316
Home Hill,1500-1800,5.0,0.0,0.3324737840960206,2,0.0
Home Hill,sprint<=1100,0.0,6.0,4.014225929271097,19,1.4946841821355779
Home Hill,sprint<=1100,1.0,4.0,4.259432214906293,38,0.9390923010821994
Home Hill,sprint<=1100,2.0,7.0,6.815655697341191,70,1.0270471853105376
Home Hill,sprint<=1100,3.0,2.0,3.523130816622053,41,0.5676769055988623
Home Hill,sprint<=1100,4.0,0.0,0.3875553418593655,11,0.0
Horsham,1200-1400,0.0,16.0,10.368971235803857,85,1.5430653279037279
Horsham,1200-1400,1.0,11.0,6.875348982952805,64,1.5999187862716682
Horsham,1200-1400,2.0,33.0,27.790262154817004,224,1.187466308024013
Horsham,1200-1400,3.0,23.0,29.73071636214588,340,0.773610690029802
Horsham,1200-1400,4.0,2.0,9.315017320626135,193,0.21470706185069816
Horsham,1200-1400,5.0,0.0,0.8935253799115384,21,0.0
Horsham,1500-1800,0.0,12.0,5.560416805355823,43,2.1581115984761317
Horsham,1500-1800,1.0,2.0,3.7943449035094012,25,0.5271002111985639
Horsham,1500-1800,2.0,8.0,10.77861586513422,92,0.7422103264555278
Horsham,1500-1800,3.0,12.0,13.372133378433382,156,0.897388596149784
Horsham,1500-1800,4.0,8.0,8.893468063789083,110,0.899536597266599
Horsham,1500-1800,5.0,1.0,0.6010209837780883,18,1.6638354183807076
Horsham,2000+,0.0,2.0,2.7533944375431116,21,0.7263761314868584
Horsham,2000+,1.0,3.0,1.9406675325376639,16,1.5458598393085534
Horsham,2000+,2.0,7.0,6.801320545988126,52,1.0292118938768542
Horsham,2000+,3.0,9.0,7.748972397596854,82,1.1614443229648257
Horsham,2000+,4.0,0.0,1.6092112890228052,34,0.0
Horsham,2000+,5.0,0.0,0.06420361682886538,2,0.0
Horsham,sprint<=1100,0.0,14.0,5.867884629894798,46,2.3858683125218496
Horsham,sprint<=1100,1.0,2.0,6.226351932657161,54,0.32121537966879415
Horsham,sprint<=1100,2.0,22.0,18.936360730150977,148,1.161786064044028
Horsham,sprint<=1100,3.0,7.0,11.781079198795753,163,0.5941730703852267
Horsham,sprint<=1100,4.0,1.0,2.661396525291282,45,0.37574258119637133
Horsham,sprint<=1100,5.0,0.0,0.5269269832100284,2,0.0
Illawarra Grange,1200-1400,0.0,5.0,2.505933595217825,20,1.9952643635656202
Illawarra Grange,1200-1400,1.0,1.0,2.3977258187174733,18,0.41706186428558917
Illawarra Grange,1200-1400,2.0,5.0,6.335835291317244,54,0.7891619289491474
Illawarra Grange,1200-1400,3.0,8.0,6.974204269107656,74,1.1470842681560278
Illawarra Grange,1200-1400,4.0,1.0,1.6693092047641207,26,0.5990501922268521
Illawarra Grange,1200-1400,5.0,0.0,0.11699182087568147,1,0.0
Illawarra Grange,2000+,0.0,0.0,0.055371950128258664,1,0.0
Illawarra Grange,2000+,2.0,1.0,0.09228658354709778,1,10.835811247575954
Illawarra Grange,2000+,3.0,0.0,0.48678637475392234,3,0.0
Illawarra Grange,2000+,4.0,0.0,0.36555509157072125,4,0.0
Illawarra Grange,sprint<=1100,0.0,2.0,0.8434995243350847,6,2.3710742475836764
Illawarra Grange,sprint<=1100,1.0,0.0,0.342075736016487,8,0.0
Illawarra Grange,sprint<=1100,2.0,2.0,2.5533611397692777,15,0.783281287104072
Illawarra Grange,sprint<=1100,3.0,0.0,1.0340924686828714,17,0.0
Illawarra Grange,sprint<=1100,4.0,2.0,1.2269711311962794,10,1.630030201321875
Innisfail,1200-1400,0.0,4.0,1.6275881175298936,13,2.4576242336240406
Innisfail,1200-1400,1.0,3.0,1.6474903503567857,14,1.820951484996747
Innisfail,1200-1400,2.0,4.0,4.428679680537113,42,0.903203728546671
Innisfail,1200-1400,3.0,2.0,3.9629947900778824,42,0.5046688441295415
Innisfail,1200-1400,4.0,0.0,1.324395616689779,18,0.0
Innisfail,1200-1400,5.0,0.0,0.008851444808546544,1,0.0
Innisfail,1500-1800,0.0,1.0,0.7790830818970002,7,1.28356015325745
Innisfail,1500-1800,1.0,1.0,0.6919023205748214,8,1.445290715558254
Innisfail,1500-1800,2.0,2.0,1.7204073981817312,16,1.1625153449780357
Innisfail,1500-1800,3.0,3.0,2.959508964311943,25,1.0136816736074563
Innisfail,1500-1800,4.0,0.0,0.8088515417441546,14,0.0
Innisfail,1500-1800,5.0,0.0,0.040246693290349425,2,0.0
Innisfail,sprint<=1100,0.0,1.0,0.22530980005508705,3,4.438333351480963
Innisfail,sprint<=1100,1.0,0.0,0.6631927532942792,4,0.0
Innisfail,sprint<=1100,2.0,1.0,1.5816825889542154,12,0.6322381032601395
Innisfail,sprint<=1100,3.0,1.0,0.4901910403886446,7,2.0400209665341027
Innisfail,sprint<=1100,4.0,0.0,0.039623817307773666,1,0.0
Inverell,1200-1400,0.0,20.0,10.73465329191569,78,1.8631249148085742
Inverell,1200-1400,1.0,6.0,8.032560812310367,67,0.7469597977776465
Inverell,1200-1400,2.0,25.0,19.474859862320685,199,1.2837062847558238
Inverell,1200-1400,3.0,19.0,24.201881726850452,298,0.7850629225627818
Inverell,1200-1400,4.0,6.0,12.92114044024945,209,0.4643552964806384
Inverell,1200-1400,5.0,2.0,2.6349038663533544,49,0.7590409750955937
Inverell,1500-1800,0.0,5.0,3.794169734415871,28,1.31781136585598
Inverell,1500-1800,1.0,2.0,2.462922230831602,17,0.8120435046480143
Inverell,1500-1800,2.0,8.0,6.72704348029937,63,1.1892297148708157
Inverell,1500-1800,3.0,9.0,10.159724113054054,101,0.8858508262479348
Inverell,1500-1800,4.0,4.0,3.7651379793120574,57,1.0623780647557717
Inverell,1500-1800,5.0,0.0,1.0910024620870455,16,0.0
Inverell,sprint<=1100,0.0,14.0,5.574873335646949,43,2.5112678184957073
Inverell,sprint<=1100,1.0,8.0,9.244505139274375,67,0.86537893369898
Inverell,sprint<=1100,2.0,12.0,14.78643702687816,155,0.8115545332649716
Inverell,sprint<=1100,3.0,8.0,10.78133361223944,152,0.7420232308661752
Inverell,sprint<=1100,4.0,1.0,2.6012113964419603,39,0.3844362674128829
Inverell,sprint<=1100,5.0,0.0,0.01163948951911631,1,0.0
Ipswich,1200-1400,0.0,172.0,103.96333341507594,775,1.654429444978319
Ipswich,1200-1400,1.0,93.0,88.0102201865834,722,1.0566954588096493
Ipswich,1200-1400,2.0,232.0,235.61461689388724,1997,0.984658774818223
Ipswich,1200-1400,3.0,217.0,254.1453819279564,2941,0.85384199529352
Ipswich,1200-1400,4.0,60.0,88.54511769799218,1489,0.6776206476414288
Ipswich,1200-1400,5.0,1.0,4.721329878504842,128,0.2118047299666088
Ipswich,1500-1800,0.0,51.0,34.36520312412133,308,1.4840593205806636
Ipswich,1500-1800,1.0,23.0,26.137319939210123,227,0.8799678028770025
Ipswich,1500-1800,2.0,75.0,79.66718941835474,666,0.9414164168156351
Ipswich,1500-1800,3.0,120.0,116.4951560506163,1169,1.0300857483538703
Ipswich,1500-1800,4.0,36.0,47.763054607433375,721,0.7537206381770506
Ipswich,1500-1800,5.0,3.0,3.40326883778507,83,0.8815054416777938
Ipswich,2000+,0.0,30.0,15.981914493839975,142,1.8771217936100908
Ipswich,2000+,1.0,16.0,14.45270864120195,111,1.107058918657435
Ipswich,2000+,2.0,35.0,36.996192384044164,318,0.9460433018803014
Ipswich,2000+,3.0,43.0,46.51027094787954,507,0.9245269727236544
Ipswich,2000+,4.0,16.0,23.306707643617134,342,0.6864976488595472
Ipswich,2000+,5.0,2.0,4.732250341372336,56,0.4226319099213181
Ipswich,sprint<=1100,0.0,76.0,45.394572530461986,272,1.6742089585489603
Ipswich,sprint<=1100,1.0,43.0,40.55522619065207,335,1.0602825835036631
Ipswich,sprint<=1100,2.0,102.0,97.75999018594385,836,1.0433716268382542
Ipswich,sprint<=1100,3.0,48.0,72.26889185781312,879,0.664186190850118
Ipswich,sprint<=1100,4.0,2.0,13.644147310205309,216,0.14658299668928929
Ipswich,sprint<=1100,5.0,0.0,0.17178448821863218,3,0.0
Junction,1200-1400,0.0,3.0,1.9139662638172634,13,1.5674257465838102
Junction,1200-1400,1.0,3.0,2.107687037116953,15,1.4233612235446576
Junction,1200-1400,2.0,2.0,2.7797249384181457,23,0.7194956495005356
Junction,1200-1400,3.0,2.0,4.128657684182411,36,0.48441894508773153
Junction,1200-1400,4.0,2.0,1.935105536149815,22,1.0335353615799696
Junction,1200-1400,5.0,1.0,0.1348585403154114,3,7.415177397450459
Junction,2000+,0.0,1.0,0.6658045705336046,4,1.501942227880107
Junction,2000+,1.0,0.0,0.4652568427817081,3,0.0
Junction,2000+,2.0,1.0,0.9055289494307133,7,1.1043269247534038
Junction,2000+,3.0,1.0,1.3954810178294677,11,0.7165987836619955
Junction,2000+,4.0,1.0,0.41880973700189295,6,2.387719080169046
Junction,2000+,5.0,0.0,0.14911888242261315,3,0.0
Kalgoorlie,1200-1400,0.0,82.0,51.24850466388838,399,1.600046685026115
Kalgoorlie,1200-1400,1.0,43.0,37.210222383963085,330,1.1555964260652256
Kalgoorlie,1200-1400,2.0,133.0,120.20568426503256,1124,1.1064368612282778
Kalgoorlie,1200-1400,3.0,119.0,146.68947498286138,1601,0.8112374798117145
Kalgoorlie,1200-1400,4.0,21.0,40.96781929859226,646,0.5125974572125103
Kalgoorlie,1200-1400,5.0,1.0,2.4027066470409073,47,0.4161972920129748
Kalgoorlie,1500-1800,0.0,17.0,13.275658888262052,136,1.280539078556086
Kalgoorlie,1500-1800,1.0,18.0,11.8024396110359,101,1.5251084176841756
Kalgoorlie,1500-1800,2.0,34.0,36.330758463632094,333,0.9358461380330049
Kalgoorlie,1500-1800,3.0,52.0,50.17221995984932,528,1.0364301209237576
Kalgoorlie,1500-1800,4.0,15.0,23.037377017262695,272,0.6511157927727617
Kalgoorlie,1500-1800,5.0,0.0,1.2957030307636497,26,0.0
Kalgoorlie,2000+,0.0,1.0,1.1714709163675643,18,0.8536276795507205
Kalgoorlie,2000+,1.0,2.0,0.9094156566647367,10,2.1992143915082343
Kalgoorlie,2000+,2.0,6.0,5.341456650937693,45,1.1232890936120767
Kalgoorlie,2000+,3.0,6.0,6.500971690817643,65,0.922938952106922
Kalgoorlie,2000+,4.0,2.0,3.04921386937997,31,0.6559067634067537
Kalgoorlie,2000+,5.0,1.0,0.7470879943011552,6,1.3385304109128737
Kalgoorlie,sprint<=1100,0.0,29.0,18.877364086488907,119,1.536231428664141
Kalgoorlie,sprint<=1100,1.0,19.0,14.65179915852412,124,1.2967690721412997
Kalgoorlie,sprint<=1100,2.0,33.0,39.41453373945566,367,0.8372546081133916
Kalgoorlie,sprint<=1100,3.0,37.0,39.920164179328594,425,0.9268498955512635
Kalgoorlie,sprint<=1100,4.0,1.0,5.9380178723887225,100,0.16840636412529422
Kalgoorlie,sprint<=1100,5.0,0.0,0.17207830860280562,3,0.0
Katherine,1200-1400,0.0,1.0,0.8663293233889472,6,1.1542954543985118
Katherine,1200-1400,1.0,2.0,1.102236251166572,6,1.814493034395542
Katherine,1200-1400,2.0,1.0,0.8973376101434828,8,1.1144077643642973
Katherine,1200-1400,3.0,1.0,1.895390727392409,14,0.5275957012703939
Katherine,1200-1400,4.0,1.0,0.7919559705312599,12,1.2626964594119798
Katherine,1200-1400,5.0,0.0,0.44675011737732884,5,0.0
Katherine,1500-1800,0.0,1.0,0.5122912488469396,5,1.9520146054627925
Katherine,1500-1800,1.0,2.0,0.6306617016276135,3,3.1712723237171283
Katherine,1500-1800,2.0,1.0,0.9659842393092613,8,1.0352135773095659
Katherine,1500-1800,3.0,0.0,0.6385309046202716,7,0.0
Katherine,1500-1800,4.0,1.0,1.4800580287146592,13,0.6756491844231537
Katherine,1500-1800,5.0,0.0,0.7724738768812549,6,0.0
Katherine,sprint<=1100,0.0,2.0,1.030117881157693,6,1.94152536965217
Katherine,sprint<=1100,1.0,3.0,1.2518718483717652,12,2.396411424940916
Katherine,sprint<=1100,2.0,1.0,2.1159230605696586,17,0.4726069764232237
Katherine,sprint<=1100,3.0,0.0,0.8917953946391013,10,0.0
Katherine,sprint<=1100,4.0,0.0,0.7102918152617818,6,0.0
Kembla Grange,1200-1400,0.0,113.0,80.84844734109346,621,1.397676810332072
Kembla Grange,1200-1400,1.0,69.0,67.51073403154548,545,1.0220596915411797
Kembla Grange,1200-1400,2.0,205.0,182.70861097347859,1595,1.1220051365272388
Kembla Grange,1200-1400,3.0,185.0,206.41101709975086,2330,0.8962699888765933
Kembla Grange,1200-1400,4.0,47.0,77.82102706170514,1096,0.6039498805731925
Kembla Grange,1200-1400,5.0,2.0,5.481780673302242,90,0.36484495079136275
Kembla Grange,1500-1800,0.0,32.0,29.5309692899536,242,1.083608183862978
Kembla Grange,1500-1800,1.0,32.0,24.10793559670708,206,1.3273637583622424
Kembla Grange,1500-1800,2.0,62.0,58.79720545065299,534,1.054471883906711
Kembla Grange,1500-1800,3.0,88.0,88.14535433087404,924,0.9983509700315184
Kembla Grange,1500-1800,4.0,27.0,39.690414459624115,517,0.6802650052310817
Kembla Grange,1500-1800,5.0,1.0,1.2056140287440378,24,0.8294528565180694
Kembla Grange,2000+,0.0,9.0,7.242354701853762,76,1.2426897563711354
Kembla Grange,2000+,1.0,8.0,5.745454164985047,51,1.3924051554975412
Kembla Grange,2000+,2.0,22.0,19.72811826913985,178,1.1151595757824502
Kembla Grange,2000+,3.0,28.0,28.492364572763893,278,0.9827194204430983
Kembla Grange,2000+,4.0,7.0,12.121626680642196,165,0.5774802495096429
Kembla Grange,2000+,5.0,2.0,2.474758966339241,32,0.8081595125841597
Kembla Grange,sprint<=1100,0.0,28.0,21.87752627277076,145,1.2798521940229324
Kembla Grange,sprint<=1100,1.0,39.0,30.593032267675135,228,1.2748000805793853
Kembla Grange,sprint<=1100,2.0,51.0,59.1518531266777,561,0.8621876966522087
Kembla Grange,sprint<=1100,3.0,26.0,30.660824134305457,397,0.8479876433233051
Kembla Grange,sprint<=1100,4.0,0.0,1.6838537974974392,30,0.0
Kembla Grange,sprint<=1100,5.0,0.0,0.01656615142602584,1,0.0
Kempsey,1200-1400,0.0,17.0,11.650984831126356,93,1.459104122647504
Kempsey,1200-1400,1.0,12.0,10.677474065220517,86,1.1238613108963023
Kempsey,1200-1400,2.0,30.0,27.582184273733905,249,1.0876586024613193
Kempsey,1200-1400,3.0,27.0,31.413535300460605,344,0.8595021140331222
Kempsey,1200-1400,4.0,7.0,10.67889632984036,161,0.6554984507565347
Kempsey,1200-1400,5.0,0.0,0.9005686320434813,17,0.0
Kempsey,2000+,0.0,3.0,1.7271441801796594,14,1.7369713741489357
Kempsey,2000+,1.0,2.0,1.5304021882562742,11,1.306846014300843
Kempsey,2000+,2.0,3.0,3.421236804309872,30,0.8768758702176878
Kempsey,2000+,3.0,5.0,3.9405676272580177,37,1.2688527321326983
Kempsey,2000+,4.0,0.0,2.525557971967313,28,0.0
Kempsey,2000+,5.0,1.0,0.8550912280288638,13,1.1694658619118061
Kempsey,sprint<=1100,0.0,12.0,7.30560388975589,48,1.6425746839117181
Kempsey,sprint<=1100,1.0,12.0,8.546528506414079,74,1.4040788597375096
Kempsey,sprint<=1100,2.0,19.0,21.89675796108738,206,0.8677083627523675
Kempsey,sprint<=1100,3.0,5.0,9.607859721085592,147,0.5204072650048069
Kempsey,sprint<=1100,4.0,0.0,0.6432499216570577,19,0.0
Kerang,1200-1400,0.0,3.0,2.6225098540398353,19,1.1439423174630445
Kerang,1200-1400,1.0,3.0,2.520422042449978,15,1.190276846287159
Kerang,1200-1400,2.0,8.0,4.817299283180413,44,1.660681541612326
Kerang,1200-1400,3.0,3.0,5.586978065712954,69,0.5369629099514229
Kerang,1200-1400,4.0,2.0,3.1343077389880634,30,0.638099435840884
Kerang,1200-1400,5.0,0.0,0.31848301562875536,5,0.0
Kerang,1500-1800,0.0,2.0,1.8380617611961565,14,1.0881027189741757
Kerang,1500-1800,1.0,0.0,1.2183525946597047,10,0.0
Kerang,1500-1800,2.0,4.0,1.834558193768737,27,2.180361469909434
Kerang,1500-1800,3.0,6.0,6.872160215378168,60,0.8730879100538878
Kerang,1500-1800,4.0,2.0,2.2368672349972343,27,0.894107602234369
Kerang,sprint<=1100,0.0,5.0,3.243689745736043,28,1.5414544521629097
Kerang,sprint<=1100,1.0,7.0,4.5892443210687315,34,1.5253055863388545
Kerang,sprint<=1100,2.0,7.0,10.243395659405383,82,0.6833671404240517
Kerang,sprint<=1100,3.0,7.0,8.530019225644537,94,0.820631210180077
Kerang,sprint<=1100,4.0,2.0,1.3520253515720528,26,1.4792622029420688
Kerang,sprint<=1100,5.0,0.0,0.04162569657325156,1,0.0
Kilcoy,1200-1400,0.0,52.0,24.984033961924414,165,2.081329223265059
Kilcoy,1200-1400,1.0,25.0,19.96598471129658,173,1.2521295774535586
Kilcoy,1200-1400,2.0,59.0,57.9330531419464,479,1.018416893296464
Kilcoy,1200-1400,3.0,28.0,44.45027425549295,553,0.6299173732665979
Kilcoy,1200-1400,4.0,1.0,16.195338137039247,285,0.06174616371318414
Kilcoy,1200-1400,5.0,0.0,1.471315792300406,28,0.0
Kilcoy,1500-1800,0.0,21.0,11.34905435084853,87,1.850374432159619
Kilcoy,1500-1800,1.0,7.0,8.427864170299667,65,0.8305781700503014
Kilcoy,1500-1800,2.0,28.0,24.706339740821534,200,1.1333123519602724
Kilcoy,1500-1800,3.0,24.0,27.64276613169082,288,0.8682199127852621
Kilcoy,1500-1800,4.0,7.0,12.967630689393653,194,0.5398056258438456
Kilcoy,1500-1800,5.0,0.0,1.5601638202979422,33,0.0
Kilcoy,2000+,0.0,10.0,8.7457533907098,62,1.1434120713513976
Kilcoy,2000+,1.0,4.0,4.7979675475088746,46,0.8336863391410009
Kilcoy,2000+,2.0,16.0,14.655583032381772,135,1.0917341169333021
Kilcoy,2000+,3.0,25.0,22.437521463287297,226,1.114205062306257
Kilcoy,2000+,4.0,6.0,9.896854278855798,141,0.6062532427923831
Kilcoy,2000+,5.0,1.0,1.46632028725646,24,0.6819792433418741
Kilcoy,sprint<=1100,0.0,14.0,5.456259984669969,32,2.565860138507827
Kilcoy,sprint<=1100,1.0,5.0,5.655398839141697,43,0.8841109428736302
Kilcoy,sprint<=1100,2.0,7.0,10.832723097743662,116,0.6461902456879032
Kilcoy,sprint<=1100,3.0,6.0,9.194520326186735,87,0.6525625902323057
Kilcoy,sprint<=1100,4.0,0.0,0.8610977522579354,25,0.0
Kilmore,1200-1400,0.0,43.0,20.5156778132567,149,2.095958046885222
Kilmore,1200-1400,1.0,10.0,13.480698867910244,109,0.7418013040706831
Kilmore,1200-1400,2.0,50.0,48.071754478321424,389,1.0401118191462753
Kilmore,1200-1400,3.0,37.0,50.03012266042287,560,0.7395544530469329
Kilmore,1200-1400,4.0,9.0,15.917716496092787,268,0.5654077330884218
Kilmore,1200-1400,5.0,0.0,0.9077582943747737,13,0.0
Kilmore,1500-1800,0.0,30.0,19.909276432836574,134,1.5068352735572395
Kilmore,1500-1800,1.0,7.0,11.832958315461363,92,0.5915680435427167
Kilmore,1500-1800,2.0,43.0,39.61919373148346,327,1.0853325358266939
Kilmore,1500-1800,3.0,38.0,46.82455787431813,539,0.8115399637514114
Kilmore,1500-1800,4.0,16.0,14.930280936369416,262,1.0716476178974503
Kilmore,1500-1800,5.0,0.0,0.8210735665108346,14,0.0
Kilmore,2000+,0.0,5.0,4.874007566253562,49,1.0258498642100555
Kilmore,2000+,1.0,3.0,4.42530299409482,34,0.6779196823366078
Kilmore,2000+,2.0,18.0,13.887594919419053,120,1.2961207541293247
Kilmore,2000+,3.0,14.0,17.17194134572936,180,0.8152834742521283
Kilmore,2000+,4.0,9.0,8.471738398004621,113,1.0623557500453273
Kilmore,2000+,5.0,0.0,0.16941477649858472,6,0.0
Kilmore,sprint<=1100,0.0,18.0,8.860850802499504,67,2.031407638070431
Kilmore,sprint<=1100,1.0,10.0,9.937156655326776,80,1.0063240770829085
Kilmore,sprint<=1100,2.0,21.0,21.431696468108164,192,0.9798571023646887
Kilmore,sprint<=1100,3.0,16.0,22.25545802247638,258,0.7189247682002848
Kilmore,sprint<=1100,4.0,2.0,4.463210920995872,73,0.44810788362960496
Kilmore,sprint<=1100,5.0,0.0,0.05162713059330474,6,0.0
Kingscote,1200-1400,0.0,7.0,4.176840547394745,34,1.6759078831405636
Kingscote,1200-1400,1.0,4.0,3.994908287412141,35,1.001274550558245
Kingscote,1200-1400,2.0,11.0,10.583287755466833,93,1.0393745548795
Kingscote,1200-1400,3.0,8.0,11.232874063293009,111,0.7121952899073752
Kingscote,1200-1400,4.0,4.0,3.782822876181319,48,1.0574113911560978
Kingscote,1200-1400,5.0,0.0,0.2292664702519536,4,0.0
Kingscote,1500-1800,0.0,0.0,1.092062560903718,9,0.0
Kingscote,1500-1800,1.0,2.0,1.2304344305479564,8,1.62544216119613
Kingscote,1500-1800,2.0,2.0,2.8425376780769915,25,0.7035966542941384
Kingscote,1500-1800,3.0,3.0,1.886536010921939,21,1.5902161329716245
Kingscote,1500-1800,4.0,1.0,1.0976909144211908,12,0.9110032586243069
Kingscote,1500-1800,5.0,1.0,0.8507384051282045,8,1.1754494612821693
Kingscote,2000+,0.0,2.0,1.6457775191448651,8,1.2152310848426138
Kingscote,2000+,1.0,0.0,0.43183134119848054,3,0.0
Kingscote,2000+,2.0,2.0,2.0064449809097082,18,0.9967878606335938
Kingscote,2000+,3.0,2.0,1.9764310049126246,26,1.0119250280069438
Kingscote,2000+,4.0,2.0,1.754324226448128,18,1.1400401190658334
Kingscote,2000+,5.0,0.0,0.15857030887484796,3,0.0
Kingscote,sprint<=1100,0.0,5.0,2.395345986815565,15,2.0873811246980356
Kingscote,sprint<=1100,1.0,1.0,1.9684203217116765,22,0.5080215790144005
Kingscote,sprint<=1100,2.0,6.0,5.729412982746185,55,1.0472277034433848
Kingscote,sprint<=1100,3.0,2.0,4.374813646138813,43,0.4571623300492329
Kingscote,sprint<=1100,4.0,1.0,0.5228080479129453,8,1.9127479081318841
Kununurra,1200-1400,0.0,0.0,0.6258939584359976,3,0.0
Kununurra,1200-1400,1.0,0.0,0.1339990661140852,1,0.0
Kununurra,1200-1400,2.0,1.0,1.0769977094514298,8,0.9285070815139906
Kununurra,1200-1400,3.0,2.0,0.9832231078701134,10,2.034126317812504
Kununurra,1200-1400,4.0,0.0,0.17988615812837389,2,0.0
Kununurra,1500-1800,0.0,2.0,0.6094411624766878,3,3.281694974248648
Kununurra,1500-1800,1.0,1.0,0.37062110195180487,3,2.6981734033321145
Kununurra,1500-1800,2.0,0.0,0.6635534541282253,6,0.0
Kununurra,1500-1800,3.0,0.0,1.2737359382632152,11,0.0
Kununurra,1500-1800,4.0,0.0,0.08264834318006678,1,0.0
Kyneton,1200-1400,0.0,27.0,20.621093944545525,158,1.3093388775885848
Kyneton,1200-1400,1.0,21.0,18.32008597566111,151,1.1462828301078527
Kyneton,1200-1400,2.0,50.0,49.83150344234285,466,1.003381325988932
Kyneton,1200-1400,3.0,47.0,54.62317293116914,629,0.8604406788896147
Kyneton,1200-1400,4.0,12.0,13.355972350456303,210,0.8984744566044286
Kyneton,1200-1400,5.0,1.0,1.2081502677103098,20,0.827711607344344
Kyneton,1500-1800,0.0,25.0,16.527313163548754,133,1.5126475642234387
Kyneton,1500-1800,1.0,8.0,11.325728372215076,103,0.7063563363947574
Kyneton,1500-1800,2.0,44.0,37.635340415673966,309,1.1691139103308164
Kyneton,1500-1800,3.0,44.0,47.77909657526999,480,0.9209048130636691
Kyneton,1500-1800,4.0,11.0,17.233115558519376,231,0.6383059385081435
Kyneton,1500-1800,5.0,1.0,2.491416476659107,46,0.40137809529981167
Kyneton,2000+,0.0,13.0,10.307594006866967,99,1.2612060575280069
Kyneton,2000+,1.0,7.0,7.991046945885154,72,0.8759803374205584
Kyneton,2000+,2.0,26.0,30.24011764542238,254,0.8597850148885174
Kyneton,2000+,3.0,42.0,35.62675224441947,406,1.1788893837938548
Kyneton,2000+,4.0,8.0,12.273974695143758,213,0.6517856031726404
Kyneton,2000+,5.0,3.0,2.504482909190742,34,1.197852055205029
Kyneton,sprint<=1100,0.0,23.0,13.322320381584007,99,1.726425978449959
Kyneton,sprint<=1100,1.0,9.0,15.465058500505561,126,0.5819570614431097
Kyneton,sprint<=1100,2.0,42.0,39.28760768821263,341,1.0690393859894187
Kyneton,sprint<=1100,3.0,24.0,26.366523496276184,346,0.9102451448856952
Kyneton,sprint<=1100,4.0,1.0,4.463728470625932,74,0.22402796374838047
Kyneton,sprint<=1100,5.0,0.0,0.06224319926656838,3,0.0
Launceston,1200-1400,0.0,110.0,65.29264263010968,484,1.6847227431605523
Launceston,1200-1400,1.0,62.0,54.60848227066729,448,1.1353547548290503
Launceston,1200-1400,2.0,161.0,141.65032147258117,1295,1.1366017268881687
Launceston,1200-1400,3.0,114.0,153.80716173242203,1822,0.7411878531269275
Launceston,1200-1400,4.0,34.0,61.99108345894944,981,0.5484659745060729
Launceston,1200-1400,5.0,3.0,6.419150980539518,156,0.4673515250061707
Launceston,1500-1800,0.0,23.0,14.887723036339827,126,1.5448970902977377
Launceston,1500-1800,1.0,6.0,10.918448033277569,104,0.5495286492835816
Launceston,1500-1800,2.0,45.0,31.028253917911773,297,1.4502910837023515
Launceston,1500-1800,3.0,40.0,46.360109721455416,489,0.8628107275917002
Launceston,1500-1800,4.0,11.0,20.838461782808622,298,0.5278700565640989
Launceston,1500-1800,5.0,1.0,1.9670035082067934,39,0.5083875020190706
Launceston,2000+,0.0,12.0,7.408320480691633,83,1.619800335484365
Launceston,2000+,1.0,7.0,7.778838760412864,64,0.899877245897365
Launceston,2000+,2.0,17.0,19.837720774047394,173,0.8569532857948162
Launceston,2000+,3.0,36.0,27.132238633238025,286,1.3268348582154452
Launceston,2000+,4.0,10.0,17.39802621312977,195,0.574777844193228
Launceston,2000+,5.0,1.0,3.219687064217217,54,0.31058919082967584
Launceston,sprint<=1100,0.0,18.0,13.318917913203732,102,1.351461141010237
Launceston,sprint<=1100,1.0,16.0,16.095378913280886,114,0.9940741430323095
Launceston,sprint<=1100,2.0,46.0,37.79572358162927,312,1.2170689072971854
Launceston,sprint<=1100,3.0,19.0,28.707138680128544,325,0.6618562794331031
Launceston,sprint<=1100,4.0,3.0,5.8257749926541,93,0.5149529468238634
Launceston,sprint<=1100,5.0,0.0,0.24392931428216702,2,0.0
Laverton,1500-1800,0.0,1.0,0.6729361457523206,2,1.4860250951181002
Laverton,1500-1800,2.0,1.0,0.77353039270325,6,1.2927740259892164
Laverton,1500-1800,4.0,0.0,0.5131820285071068,7,0.0
Laverton,1500-1800,5.0,0.0,0.04035143303732282,1,0.0
Leeton,1500-1800,0.0,0.0,0.7223089093483894,7,0.0
Leeton,1500-1800,1.0,0.0,0.04386292584694536,1,0.0
Leeton,1500-1800,2.0,4.0,2.490114052618138,16,1.606352125033931
Leeton,1500-1800,3.0,1.0,2.05434055456052,25,0.4867742097482603
Leeton,1500-1800,4.0,1.0,1.5412201716625578,21,0.6488365636437731
Leeton,1500-1800,5.0,1.0,0.14815338596344974,5,6.749761360477482
Leeton,2000+,0.0,0.0,0.4195557560589337,4,0.0
Leeton,2000+,1.0,1.0,0.21223697347395895,2,4.711714380542173
Leeton,2000+,2.0,0.0,1.1841693879736017,9,0.0
Leeton,2000+,3.0,2.0,1.2784967539537897,14,1.564337174744433
Leeton,2000+,4.0,1.0,0.9055411285397159,5,1.1043120720674602
Leeton,sprint<=1100,0.0,7.0,4.650251958091909,28,1.505294780386962
Leeton,sprint<=1100,1.0,1.0,3.4014544203684887,36,0.2939918859449739
Leeton,sprint<=1100,2.0,13.0,9.652092826369723,86,1.3468581616293334
Leeton,sprint<=1100,3.0,6.0,8.820844068722243,91,0.6802070134393771
Leeton,sprint<=1100,4.0,0.0,0.47129303596500055,18,0.0
Leeton,sprint<=1100,5.0,0.0,0.0040636904826368446,1,0.0
Leinster,1200-1400,0.0,0.0,0.0816967724854735,1,0.0
Leinster,1200-1400,1.0,0.0,0.11070023372015378,2,0.0
Leinster,1200-1400,2.0,1.0,0.3023841579007785,3,3.3070515563455234
Leinster,1200-1400,3.0,0.0,0.5052188358935942,3,0.0
Leinster,1500-1800,0.0,0.0,0.2807403127249826,1,0.0
Leinster,1500-1800,1.0,1.0,0.3464454922989147,1,2.886456952764147
Leinster,1500-1800,2.0,0.0,0.05815335049303211,1,0.0
Leinster,1500-1800,3.0,0.0,0.029310335446182688,2,0.0
Leinster,1500-1800,4.0,0.0,0.18358214567408176,2,0.0
Leinster,1500-1800,5.0,0.0,0.10176836336280619,1,0.0
Leonora,1200-1400,0.0,0.0,0.09451592130682192,1,0.0
Leonora,1200-1400,1.0,0.0,0.1071180441477315,1,0.0
Leonora,1200-1400,2.0,1.0,0.6385528235185891,4,1.5660411530086809
Leonora,1200-1400,3.0,0.0,0.13389755518466437,1,0.0
Leonora,1200-1400,5.0,0.0,0.025915655842193106,1,0.0
Lismore,1200-1400,0.0,33.0,18.004945611695565,144,1.8328297519857
Lismore,1200-1400,1.0,17.0,17.896841141834944,120,0.9498882995760339
Lismore,1200-1400,2.0,53.0,43.977086600247524,385,1.2051730593654582
Lismore,1200-1400,3.0,32.0,42.522131474192456,533,0.7525492935231022
Lismore,1200-1400,4.0,9.0,19.400327313742036,306,0.4639096987618831
Lismore,1200-1400,5.0,0.0,2.1986678582874766,37,0.0
Lismore,1500-1800,0.0,8.0,6.398323495761744,51,1.2503275280312425
Lismore,1500-1800,1.0,3.0,3.3260744814916854,39,0.9019641672770218
Lismore,1500-1800,2.0,18.0,14.051440692993985,121,1.2810074349867027
Lismore,1500-1800,3.0,16.0,17.54362790941308,185,0.9120120469162002
Lismore,1500-1800,4.0,6.0,8.75866686862879,128,0.6850357582944958
Lismore,1500-1800,5.0,0.0,0.9218665517107171,19,0.0
Lismore,2000+,0.0,3.0,2.734381134443982,20,1.097140395759068
Lismore,2000+,1.0,4.0,1.8945879939228734,15,2.1112769704181056
Lismore,2000+,2.0,7.0,5.0634977596670465,49,1.3824435858860318
Lismore,2000+,3.0,5.0,7.880757648011077,74,0.6344567646058606
Lismore,2000+,4.0,1.0,2.421102730759867,32,0.41303493127123453
Lismore,2000+,5.0,0.0,0.0056727331951534395,1,0.0
Lismore,sprint<=1100,0.0,19.0,10.240489311193887,62,1.855380091967977
Lismore,sprint<=1100,1.0,10.0,9.808718896215236,69,1.019501130148461
Lismore,sprint<=1100,2.0,24.0,22.886661264954917,187,1.048645747064465
Lismore,sprint<=1100,3.0,8.0,15.40032950342562,216,0.5194694047436125
Lismore,sprint<=1100,4.0,1.0,2.7373262908958913,65,0.36531998517163
Lismore,sprint<=1100,5.0,0.0,0.4509089541895943,7,0.0
Longford,1200-1400,0.0,0.0,0.9691144003448506,8,0.0
Longford,1200-1400,1.0,1.0,0.9439492858676259,7,1.0593789464874221
Longford,1200-1400,2.0,4.0,3.2294790218501745,19,1.2385898694298973
Longford,1200-1400,3.0,2.0,1.3215628986508534,15,1.5133596759123187
Longford,1200-1400,4.0,1.0,1.3979792882771316,14,0.71531817987976
Longford,1200-1400,5.0,0.0,0.13791510500936424,1,0.0
Longford,1500-1800,0.0,2.0,1.078955327706196,5,1.8536448624354984
Longford,1500-1800,1.0,0.0,0.8599969687471339,6,0.0
Longford,1500-1800,2.0,2.0,1.0893122680975358,8,1.8360208165955607
Longford,1500-1800,3.0,1.0,1.506318046158236,20,0.663870424012003
Longford,1500-1800,4.0,0.0,0.30379749022801966,4,0.0
Longford,1500-1800,5.0,0.0,0.1616198990628784,1,0.0
Longford,2000+,0.0,0.0,0.10922181198438938,1,0.0
Longford,2000+,3.0,0.0,0.1820363533073156,2,0.0
Longford,2000+,4.0,1.0,0.5917184647250208,4,1.6899928929287562
Longford,2000+,5.0,0.0,0.11702336998327433,1,0.0
Longreach,1200-1400,0.0,9.0,3.5960848119590625,26,2.5027218407279475
Longreach,1200-1400,1.0,3.0,3.436623896003314,30,0.8729497584792173
Longreach,1200-1400,2.0,8.0,6.650631273410452,73,1.2028933301391087
Longreach,1200-1400,3.0,6.0,9.287045134399042,87,0.6460612512559147
Longreach,1200-1400,4.0,0.0,2.9044569189425378,35,0.0
Longreach,1200-1400,5.0,0.0,0.12515796528559137,2,0.0
Longreach,1500-1800,0.0,1.0,1.0724969040323837,6,0.9324036239547087
Longreach,1500-1800,1.0,0.0,0.24401949115391897,3,0.0
Longreach,1500-1800,2.0,0.0,2.1609262195323944,19,0.0
Longreach,1500-1800,3.0,4.0,1.6499985756352726,23,2.424244516974776
Longreach,1500-1800,4.0,1.0,0.7192829690357866,9,1.3902734293021288
Longreach,1500-1800,5.0,0.0,0.15327584061024346,4,0.0
Longreach,sprint<=1100,0.0,6.0,1.9880047151785971,16,3.018101493517321
Longreach,sprint<=1100,1.0,2.0,3.6214462511611,33,0.5522655484279974
Longreach,sprint<=1100,2.0,5.0,7.302849836164512,71,0.6846642218000228
Longreach,sprint<=1100,3.0,3.0,3.08769919749579,39,0.9715972340936201
Mackay,1200-1400,0.0,44.0,43.10869666129844,278,1.0206757199296574
Mackay,1200-1400,1.0,30.0,28.267530601357173,241,1.0612883177902936
Mackay,1200-1400,2.0,106.0,89.16891415724255,738,1.1887550835605907
Mackay,1200-1400,3.0,83.0,88.86390435399359,1015,0.9340125285218794
Mackay,1200-1400,4.0,15.0,27.17702499897432,502,0.5519367922193879
Mackay,1200-1400,5.0,0.0,1.3746587226589846,36,0.0
Mackay,1500-1800,0.0,34.0,23.253157280862006,162,1.462167033462718
Mackay,1500-1800,1.0,8.0,11.47923018279135,103,0.6969108444216839
Mackay,1500-1800,2.0,40.0,40.976790737297044,352,0.9761623416641076
Mackay,1500-1800,3.0,65.0,57.72446574180656,556,1.1260390055533105
Mackay,1500-1800,4.0,13.0,25.130950833205834,352,0.5172904155629058
Mackay,1500-1800,5.0,2.0,3.2369965819325364,49,0.6178566919604127
Mackay,2000+,0.0,1.0,2.0131281739432243,15,0.49673935964109295
Mackay,2000+,1.0,1.0,1.2923187352569954,14,0.7738029115558216
Mackay,2000+,2.0,5.0,3.8223735567736963,34,1.308087743318392
Mackay,2000+,3.0,4.0,4.29369959218854,51,0.931597545221174
Mackay,2000+,4.0,4.0,2.7661033252689453,52,1.4460775790474436
Mackay,2000+,5.0,0.0,0.8123766165685984,12,0.0
Mackay,sprint<=1100,0.0,63.0,44.07264162699397,243,1.4294582233848503
Mackay,sprint<=1100,1.0,41.0,36.62625849496062,272,1.1194154599668205
Mackay,sprint<=1100,2.0,97.0,85.71677086072626,764,1.1316338567817363
Mackay,sprint<=1100,3.0,38.0,64.87927724202679,850,0.5857031954632315
Mackay,sprint<=1100,4.0,4.0,11.132188104032213,236,0.35931839837948404
Mackay,sprint<=1100,5.0,0.0,0.5728636712601578,13,0.0
Manangatang,1200-1400,0.0,0.0,1.3768387993172166,10,0.0
Manangatang,1200-1400,1.0,1.0,1.5382442248007009,11,0.6500918279927641
Manangatang,1200-1400,2.0,2.0,2.587894608436704,24,0.7728289990944262
Manangatang,1200-1400,3.0,6.0,2.8675681056327518,29,2.092365300135061
Manangatang,1200-1400,4.0,1.0,1.0873553612885616,12,0.9196625460281523
Manangatang,1200-1400,5.0,0.0,0.5420989005240652,3,0.0
Manangatang,1500-1800,0.0,1.0,1.0145006075068268,10,0.9857066546835663
Manangatang,1500-1800,1.0,1.0,0.8328196534813288,9,1.2007401552302814
Manangatang,1500-1800,2.0,4.0,2.0576843556825186,24,1.9439327460276237
Manangatang,1500-1800,3.0,4.0,4.422443292739789,36,0.9044773974980519
Manangatang,1500-1800,4.0,0.0,1.6725520905895361,15,0.0
Manangatang,2000+,0.0,2.0,0.7107829874938479,7,2.8137983536322477
Manangatang,2000+,1.0,0.0,0.5023632876121866,5,0.0
Manangatang,2000+,2.0,1.0,1.978784363945335,14,0.5053607751408458
Manangatang,2000+,3.0,4.0,2.7206028853029296,25,1.4702623531014207
Manangatang,2000+,4.0,0.0,1.0874664756457006,11,0.0
Marble Bar,1200-1400,0.0,0.0,0.10671868278442953,2,0.0
Marble Bar,1200-1400,1.0,0.0,0.23960399515525987,1,0.0
Marble Bar,1200-1400,2.0,1.0,0.304445952858448,3,3.284655258547482
Marble Bar,1200-1400,3.0,1.0,0.8288163509141862,7,1.2065399034381958
Marble Bar,1200-1400,4.0,0.0,0.48906471598118983,2,0.0
Marble Bar,1200-1400,5.0,0.0,0.03135030230648653,1,0.0
Marble Bar,1500-1800,0.0,0.0,0.06315733606956152,1,0.0
Marble Bar,1500-1800,1.0,0.0,0.24148393203067642,1,0.0
Marble Bar,1500-1800,2.0,1.0,0.1975777625705534,2,5.061298331298333
Marble Bar,1500-1800,3.0,0.0,0.34849999316479047,3,0.0
Marble Bar,1500-1800,4.0,0.0,0.14928097616441813,1,0.0
Mildura,1200-1400,0.0,13.0,10.798672964317193,107,1.2038516253762666
Mildura,1200-1400,1.0,8.0,8.678068164611892,81,0.9218641578114157
Mildura,1200-1400,2.0,28.0,31.53323113159361,313,0.8879521379572926
Mildura,1200-1400,3.0,47.0,41.53935905749004,427,1.1314570341577128
Mildura,1200-1400,4.0,11.0,13.530993374210455,192,0.812948443309829
Mildura,1200-1400,5.0,0.0,0.8712622571338742,16,0.0
Mildura,2000+,0.0,10.0,4.954724009759871,51,2.0182758878803115
Mildura,2000+,1.0,6.0,4.326815563231444,28,1.3867011228735975
Mildura,2000+,2.0,11.0,13.216380863522772,124,0.8323004696663981
Mildura,2000+,3.0,17.0,19.508501037664452,184,0.8714149778693213
Mildura,2000+,4.0,7.0,8.217946801110225,105,0.8517942704440867
Mildura,2000+,5.0,0.0,0.6941957817458295,9,0.0
Mildura,sprint<=1100,0.0,8.0,6.591354003480561,49,1.2137111731179366
Mildura,sprint<=1100,1.0,6.0,10.360181467823743,83,0.5791404348113565
Mildura,sprint<=1100,2.0,23.0,19.296669348710612,184,1.1919155365294603
Mildura,sprint<=1100,3.0,12.0,11.876490182788137,148,1.0103995216862014
Mildura,sprint<=1100,4.0,0.0,0.8753049971969493,14,0.0
Mingenew,1200-1400,0.0,2.0,1.5676289584722052,9,1.275812104127739
Mingenew,1200-1400,1.0,0.0,0.5657387844971524,6,0.0
Mingenew,1200-1400,2.0,3.0,2.516840834505374,18,1.1919704889044285
Mingenew,1200-1400,3.0,2.0,2.3235476201733976,24,0.860752748355873
Mingenew,1200-1400,4.0,2.0,1.8449549759050305,23,1.0840372941995038
Mingenew,1200-1400,5.0,0.0,0.18128882644684058,1,0.0
Moe,1200-1400,0.0,49.0,29.024926221209586,209,1.688204118989074
Moe,1200-1400,1.0,29.0,22.789582908102606,203,1.2725112222079915
Moe,1200-1400,2.0,53.0,70.59886189593036,633,0.7507203172499749
Moe,1200-1400,3.0,63.0,64.63355958283144,837,0.9747258298417257
Moe,1200-1400,4.0,15.0,20.481089949830185,358,0.7323828974309236
Moe,1200-1400,5.0,0.0,1.2162697355222702,26,0.0
Moe,1500-1800,0.0,30.0,18.499884534351033,189,1.621631742851977
Moe,1500-1800,1.0,14.0,14.054687661153809,142,0.9961089379947616
Moe,1500-1800,2.0,46.0,51.56652911423591,484,0.8920515068620516
Moe,1500-1800,3.0,69.0,68.967394539824,756,1.000472766303462
Moe,1500-1800,4.0,26.0,31.1560320008384,468,0.8345093495635242
Moe,1500-1800,5.0,4.0,4.755472149596844,87,0.8411362477097272
Moe,2000+,0.0,30.0,15.240580851147755,150,1.9684289131106658
Moe,2000+,1.0,5.0,11.314383291339542,114,0.44191538073729475
Moe,2000+,2.0,35.0,38.84651967191235,382,0.9009816141986706
Moe,2000+,3.0,56.0,57.15073583826254,594,0.9798648990011407
Moe,2000+,4.0,22.0,24.552922831121073,343,0.8960236690075359
Moe,2000+,5.0,2.0,2.853877415432715,42,0.7008009486268536
Moe,sprint<=1100,0.0,53.0,23.95359365456866,200,2.2126116341583395
Moe,sprint<=1100,1.0,43.0,32.92320057738404,256,1.3060698609459624
Moe,sprint<=1100,2.0,58.0,74.93748393470031,700,0.7739784811902752
Moe,sprint<=1100,3.0,39.0,57.15063759191447,708,0.6824070849126909
Moe,sprint<=1100,4.0,7.0,10.348933502073205,165,0.6763982007032597
Moe,sprint<=1100,5.0,0.0,0.3319923763902164,8,0.0
Moonee Valley,1200-1400,0.0,84.0,39.323272750109226,253,2.1361395968693038
Moonee Valley,1200-1400,1.0,26.0,30.361453336856584,250,0.856348993295321
Moonee Valley,1200-1400,2.0,76.0,77.00296423238515,672,0.9869749919060474
Moonee Valley,1200-1400,3.0,54.0,84.17218335683495,963,0.64154210864503
Moonee Valley,1200-1400,4.0,13.0,21.61427875919705,337,0.6014542583091465
Moonee Valley,1200-1400,5.0,0.0,0.49877843442398245,7,0.0
Moonee Valley,1500-1800,0.0,42.0,28.545922181981695,218,1.4713134763083806
Moonee Valley,1500-1800,1.0,23.0,22.75863317008595,176,1.0106055064076214
Moonee Valley,1500-1800,2.0,54.0,59.46209110411699,515,0.9081416243072754
Moonee Valley,1500-1800,3.0,75.0,78.82720067153664,841,0.9514482229619681
Moonee Valley,1500-1800,4.0,23.0,25.587740233598925,367,0.898867965284367
Moonee Valley,1500-1800,5.0,1.0,2.8184126386798,37,0.3548096493309864
Moonee Valley,2000+,0.0,31.0,20.043811288818002,199,1.546612046646748
Moonee Valley,2000+,1.0,21.0,18.199270612340907,156,1.1538923975205864
Moonee Valley,2000+,2.0,51.0,56.31971983042156,501,0.9055442774495467
Moonee Valley,2000+,3.0,73.0,75.21641551838377,772,0.9705328218167741
Moonee Valley,2000+,4.0,23.0,27.710608288003197,349,0.8300070413812399
Moonee Valley,2000+,5.0,0.0,1.398179436083036,27,0.0
Moonee Valley,sprint<=1100,0.0,27.0,11.459198119019867,91,2.356185809824307
Moonee Valley,sprint<=1100,1.0,27.0,19.35325279480257,154,1.3951143141813869
Moonee Valley,sprint<=1100,2.0,27.0,39.39235478930291,374,0.6854121858013911
Moonee Valley,sprint<=1100,3.0,10.0,20.271257378878538,261,0.4933093104732326
Moonee Valley,sprint<=1100,4.0,0.0,0.5239369179961167,8,0.0
Moora,1200-1400,0.0,2.0,0.617040093270699,3,3.241280464286765
Moora,1200-1400,1.0,0.0,0.3397309656562374,4,0.0
Moora,1200-1400,2.0,1.0,1.2714431012077432,10,0.7865078657866015
Moora,1200-1400,3.0,0.0,0.6031320895015063,7,0.0
Moora,1200-1400,4.0,0.0,0.1686537503638142,1,0.0
Moora,1500-1800,0.0,1.0,0.724827528024246,6,1.3796385503263464
Moora,1500-1800,1.0,1.0,1.384588457624631,9,0.7222362677467192
Moora,1500-1800,2.0,2.0,2.177448993556695,20,0.9185060159471998
Moora,1500-1800,3.0,2.0,1.5589149268266884,16,1.2829436459827734
Moora,1500-1800,4.0,0.0,0.01947651690192339,1,0.0
Moora,1500-1800,5.0,0.0,0.13474357706581613,2,0.0
Moora,sprint<=1100,0.0,1.0,0.3672515049324854,2,2.722929617902689
Moora,sprint<=1100,1.0,1.0,0.5352541946708562,4,1.868271206384342
Moora,sprint<=1100,2.0,0.0,0.7022878154370602,6,0.0
Moora,sprint<=1100,3.0,0.0,0.3952064849595982,5,0.0
Moree,1200-1400,0.0,22.0,14.058717589833028,121,1.5648653484518347
Moree,1200-1400,1.0,12.0,12.117552956810947,118,0.9902989525005647
Moree,1200-1400,2.0,35.0,34.94887978972423,309,1.0014627138432861
Moree,1200-1400,3.0,36.0,40.03317774083852,460,0.899254119496884
Moree,1200-1400,4.0,16.0,18.40472943455323,272,0.8693417665766624
Moree,1200-1400,5.0,0.0,1.3685140388367807,32,0.0
Moree,1500-1800,0.0,4.0,3.8906729650347485,37,1.0280997750126437
Moree,1500-1800,1.0,0.0,2.6978035358642685,30,0.0
Moree,1500-1800,2.0,9.0,10.67695659425961,91,0.8429368350938868
Moree,1500-1800,3.0,19.0,13.236141499319453,140,1.4354636508665988
Moree,1500-1800,4.0,4.0,5.7121589485236655,91,0.7002606258066084
Moree,1500-1800,5.0,1.0,0.775664285571679,18,1.2892175372790065
Moree,sprint<=1100,0.0,3.0,2.3046229982032456,17,1.3017313470962026
Moree,sprint<=1100,1.0,6.0,5.041018954459859,37,1.190235556383242
Moree,sprint<=1100,2.0,7.0,7.627084572436564,78,0.9177818776649235
Moree,sprint<=1100,3.0,1.0,1.9267279835403484,30,0.5190146240376431
Moree,sprint<=1100,4.0,0.0,0.10054549135998299,1,0.0
Mornington,1200-1400,0.0,59.0,39.94497175947269,261,1.4770319617514445
Mornington,1200-1400,1.0,30.0,31.868226493145034,254,0.9413765151459904
Mornington,1200-1400,2.0,77.0,84.95344506731486,811,0.9063787812134898
Mornington,1200-1400,3.0,83.0,86.98352279556033,1033,0.9542037081560503
Mornington,1200-1400,4.0,12.0,16.660614139637122,300,0.7202615641551234
Mornington,1200-1400,5.0,0.0,0.34620790465872964,10,0.0
Mornington,1500-1800,0.0,23.0,22.916861944486413,179,1.003627811509053
Mornington,1500-1800,1.0,19.0,15.476407260142047,131,1.2276751109369302
Mornington,1500-1800,2.0,52.0,47.54567867834089,426,1.093685092851314
Mornington,1500-1800,3.0,68.0,64.41444945728882,689,1.055663761359765
Mornington,1500-1800,4.0,16.0,25.964956619864154,370,0.6162151639321211
Mornington,1500-1800,5.0,1.0,2.6173897632903174,41,0.3820600256122731
Mornington,2000+,0.0,32.0,18.252174564620585,141,1.753215754468388
Mornington,2000+,1.0,10.0,12.818812618416864,112,0.7801034540151512
Mornington,2000+,2.0,36.0,35.935956670969894,351,1.0017821517767425
Mornington,2000+,3.0,49.0,50.55686631173193,522,0.969205640592272
Mornington,2000+,4.0,11.0,18.426248305535054,260,0.5969744799702777
Mornington,2000+,5.0,3.0,4.693490936163978,58,0.639183081591699
Mornington,sprint<=1100,0.0,34.0,23.98883479766646,150,1.4173260304959616
Mornington,sprint<=1100,1.0,39.0,28.487102646627484,228,1.369040596503664
Mornington,sprint<=1100,2.0,55.0,64.12297999561575,587,0.8577268243578275
Mornington,sprint<=1100,3.0,22.0,32.27134281017368,384,0.6817193858157153
Mornington,sprint<=1100,4.0,0.0,1.1027565831164894,20,0.0
Mornington,sprint<=1100,5.0,0.0,0.026983166800141702,1,0.0
Morphettville,1200-1400,0.0,70.0,38.63464017843686,335,1.8118455271409277
Morphettville,1200-1400,1.0,40.0,37.38193140679277,353,1.070035669498112
Morphettville,1200-1400,2.0,100.0,114.87443202028832,1164,0.870515729578003
Morphettville,1200-1400,3.0,107.0,115.72426359049888,1467,0.924611630095392
Morphettville,1200-1400,4.0,18.0,27.790199126381932,446,0.6477103642957401
Morphettville,1200-1400,5.0,0.0,0.5945336776012166,15,0.0
Morphettville,1500-1800,0.0,60.0,36.401596729325945,381,1.648279344616294
Morphettville,1500-1800,1.0,30.0,26.65040777747261,287,1.1256863403553163
Morphettville,1500-1800,2.0,101.0,104.33207083109485,995,0.9680628324104752
Morphettville,1500-1800,3.0,139.0,143.1267419490467,1608,0.9711672193969466
Morphettville,1500-1800,4.0,46.0,62.63467415790807,852,0.7344174870939625
Morphettville,1500-1800,5.0,5.0,7.516488927489156,111,0.6652041994918795
Morphettville,2000+,0.0,20.0,15.28176602614221,153,1.3087492614260945
Morphettville,2000+,1.0,10.0,13.630046601901077,137,0.7336732068550104
Morphettville,2000+,2.0,46.0,42.05688712180774,454,1.0937566507661867
Morphettville,2000+,3.0,58.0,55.09181339716904,642,1.0527879992234999
Morphettville,2000+,4.0,16.0,22.29668974643686,346,0.7175953104230143
Morphettville,2000+,5.0,3.0,4.597794881978876,65,0.6524866978643488
Morphettville,sprint<=1100,0.0,54.0,42.42129370544457,372,1.27294561959739
Morphettville,sprint<=1100,1.0,56.0,49.633028411019055,468,1.1282809409946746
Morphettville,sprint<=1100,2.0,151.0,145.19138086882447,1486,1.0400066387991957
Morphettville,sprint<=1100,3.0,104.0,119.31133667493037,1511,0.8716690542437986
Morphettville,sprint<=1100,4.0,7.0,15.137486587300861,233,0.4624281554027892
Morphettville,sprint<=1100,5.0,0.0,0.23468292253242917,7,0.0
Morphettville Parks,1200-1400,0.0,87.0,62.10901864747315,487,1.400762753857157
Morphettville Parks,1200-1400,1.0,59.0,46.04721236031418,425,1.2812936326814257
Morphettville Parks,1200-1400,2.0,146.0,148.58854567752317,1329,0.9825791034852646
Morphettville Parks,1200-1400,3.0,158.0,174.63181042333673,2001,0.9047607054922099
Morphettville Parks,1200-1400,4.0,33.0,51.15032454152095,830,0.6451571968661207
Morphettville Parks,1200-1400,5.0,4.0,4.105578748342841,68,0.974284076663867
Morphettville Parks,1500-1800,0.0,27.0,17.77706539556975,139,1.518810861028205
Morphettville Parks,1500-1800,1.0,14.0,13.480119554600135,112,1.038566456572891
Morphettville Parks,1500-1800,2.0,44.0,37.83480579709745,353,1.1629503329808426
Morphettville Parks,1500-1800,3.0,39.0,50.47123458439835,532,0.7727173769602154
Morphettville Parks,1500-1800,4.0,14.0,18.53567268623694,224,0.7553003463637575
Morphettville Parks,1500-1800,5.0,1.0,0.9011019820973739,16,1.1097523031437957
Morphettville Parks,2000+,0.0,22.0,17.365366938630046,136,1.2668894402144766
Morphettville Parks,2000+,1.0,16.0,14.711332254527274,119,1.0875969438509656
Morphettville Parks,2000+,2.0,43.0,41.452507111699376,368,1.0373317079261501
Morphettville Parks,2000+,3.0,41.0,47.24577957864597,498,0.8678023807766965
Morphettville Parks,2000+,4.0,12.0,13.202842872427922,193,0.9088951611368585
Morphettville Parks,2000+,5.0,2.0,2.022171244069411,32,0.9890359215944572
Morphettville Parks,sprint<=1100,0.0,59.0,34.31997914427097,264,1.7191152637937681
Morphettville Parks,sprint<=1100,1.0,62.0,49.63824413348717,448,1.249036928729179
Morphettville Parks,sprint<=1100,2.0,103.0,119.58017640403553,1188,0.8613467808576005
Morphettville Parks,sprint<=1100,3.0,38.0,56.456210128672545,742,0.6730880431646412
Morphettville Parks,sprint<=1100,4.0,1.0,2.7730546259657403,41,0.3606131630572338
Morphettville Parks,sprint<=1100,5.0,0.0,0.1566112443934626,2,0.0
Mortlake,1200-1400,0.0,0.0,2.402492254508288,13,0.0
Mortlake,1200-1400,1.0,5.0,2.705499465802543,18,1.8480875946197353
Mortlake,1200-1400,2.0,4.0,3.8512580452778873,35,1.0386216537488284
Mortlake,1200-1400,3.0,4.0,2.586789723195249,44,1.5463181889632407
Mortlake,1200-1400,4.0,0.0,1.4539605112160334,19,0.0
Mortlake,1500-1800,0.0,0.0,0.5512871080620703,6,0.0
Mortlake,1500-1800,1.0,1.0,0.9106550633910544,6,1.0981106240998069
Mortlake,1500-1800,2.0,3.0,2.722801999114964,23,1.1018061544596844
Mortlake,1500-1800,3.0,2.0,1.658733015180264,19,1.2057395504258706
Mortlake,1500-1800,4.0,0.0,0.1485183655876232,3,0.0
Mortlake,1500-1800,5.0,0.0,0.008004448664024175,1,0.0
Mortlake,2000+,0.0,2.0,1.735798347192702,8,1.152207572518196
Mortlake,2000+,1.0,2.0,1.0054284279616559,8,1.9892017615363011
Mortlake,2000+,2.0,1.0,1.9354703573328864,17,0.5166702740816027
Mortlake,2000+,3.0,2.0,2.6043823146178835,31,0.7679364080973807
Mortlake,2000+,4.0,1.0,0.7189205528948722,10,1.3909742821697157
Mortlake,sprint<=1100,0.0,2.0,1.6862421660808178,10,1.186069261124232
Mortlake,sprint<=1100,1.0,1.0,1.69218863097259,16,0.5909506669036343
Mortlake,sprint<=1100,2.0,6.0,3.914173374298835,32,1.5328907092866855
Mortlake,sprint<=1100,3.0,0.0,1.9660128459644066,26,0.0
Mortlake,sprint<=1100,4.0,1.0,0.7413829826833506,9,1.348830528022932
Moruya,1200-1400,0.0,54.0,32.34145748643574,267,1.6696835639719705
Moruya,1200-1400,1.0,29.0,25.95952362756437,230,1.1171237352447865
Moruya,1200-1400,2.0,67.0,73.49821331113216,736,0.9115867853328085
Moruya,1200-1400,3.0,88.0,91.94099132033311,1113,0.9571356446810299
Moruya,1200-1400,4.0,25.0,38.700141278201826,579,0.6459924737815222
Moruya,1200-1400,5.0,4.0,4.242265293688641,65,0.942892469726241
Moruya,1500-1800,0.0,9.0,11.42539243562739,91,0.7877191134315548
Moruya,1500-1800,1.0,5.0,6.076035463216887,61,0.8229050061127865
Moruya,1500-1800,2.0,23.0,22.25250937099426,212,1.0335912959991864
Moruya,1500-1800,3.0,38.0,33.66938501593942,349,1.128621742927898
Moruya,1500-1800,4.0,15.0,15.143462356281027,220,0.9905264494403075
Moruya,1500-1800,5.0,0.0,1.4332153579410172,21,0.0
Moruya,2000+,0.0,2.0,0.8399553089332505,9,2.3810790630515983
Moruya,2000+,1.0,0.0,0.07241683436985182,2,0.0
Moruya,2000+,2.0,4.0,1.9551926837496707,20,2.0458341693100013
Moruya,2000+,3.0,3.0,3.8883477125162913,36,0.7715359380909355
Moruya,2000+,4.0,0.0,1.8352490977357565,23,0.0
Moruya,2000+,5.0,0.0,0.2349617607824037,3,0.0
Moruya,sprint<=1100,0.0,36.0,19.395078623774467,120,1.8561409674241403
Moruya,sprint<=1100,1.0,19.0,25.40077725948941,194,0.7480086064256888
Moruya,sprint<=1100,2.0,47.0,45.35359375686972,470,1.0363015608411603
Moruya,sprint<=1100,3.0,17.0,28.137119873819852,377,0.6041840840937536
Moruya,sprint<=1100,4.0,1.0,1.7134304860465472,34,0.5836244937530742
Mt Barker,1200-1400,0.0,18.0,9.466544438563368,62,1.9014330009030898
Mt Barker,1200-1400,1.0,4.0,4.652121295498629,46,0.8598228089775692
Mt Barker,1200-1400,2.0,21.0,20.656029945631445,176,1.016652282905956
Mt Barker,1200-1400,3.0,16.0,20.551423535162037,239,0.7785348772860006
Mt Barker,1200-1400,4.0,3.0,6.410976467373109,101,0.4679474359744838
Mt Barker,1200-1400,5.0,0.0,0.26290431777141043,9,0.0
Mt Barker,1500-1800,0.0,2.0,3.5282827180801966,26,0.5668479993826109
Mt Barker,1500-1800,1.0,2.0,1.2588392633212933,15,1.5887651889116048
Mt Barker,1500-1800,2.0,4.0,6.582829235085176,59,0.6076414649617208
Mt Barker,1500-1800,3.0,16.0,10.239023550204712,97,1.5626490086234939
Mt Barker,1500-1800,4.0,2.0,4.070517575518274,47,0.49133800871633687
Mt Barker,1500-1800,5.0,0.0,0.3205076577903498,4,0.0
Mt Barker,2000+,0.0,0.0,0.5604595206190004,4,0.0
Mt Barker,2000+,1.0,1.0,0.263010041622187,3,3.8021361991816893
Mt Barker,2000+,2.0,2.0,1.1706273159276654,10,1.7084856749776909
Mt Barker,2000+,3.0,1.0,1.0853097205467874,14,0.9213959674996666
Mt Barker,2000+,4.0,0.0,0.9205934012843597,9,0.0
Mt Barker,sprint<=1100,0.0,9.0,4.701998770692845,39,1.9140796156936977
Mt Barker,sprint<=1100,1.0,6.0,5.062695311036947,45,1.185139462554596
Mt Barker,sprint<=1100,2.0,15.0,15.127318817887387,141,0.9915835172498091
Mt Barker,sprint<=1100,3.0,8.0,12.296392645430824,126,0.6505973118036934
Mt Barker,sprint<=1100,4.0,1.0,1.6545677013053917,28,0.6043874778959106
Mt Barker,sprint<=1100,5.0,0.0,0.15702675364660432,2,0.0
Mt Gambier,1200-1400,0.0,28.0,20.401025594940567,177,1.3724800191880535
Mt Gambier,1200-1400,1.0,23.0,21.858511939795644,192,1.0522216728818654
Mt Gambier,1200-1400,2.0,46.0,51.64288288936777,522,0.8907326126340339
Mt Gambier,1200-1400,3.0,66.0,60.39525903081539,675,1.0928010088726485
Mt Gambier,1200-1400,4.0,12.0,20.58478418466732,287,0.5829548608499991
Mt Gambier,1200-1400,5.0,2.0,2.0539928980622792,31,0.9737132011930442
Mt Gambier,1500-1800,0.0,12.0,10.059922241462106,90,1.1928521624691926
Mt Gambier,1500-1800,1.0,10.0,9.528259825066547,78,1.0495095834490595
Mt Gambier,1500-1800,2.0,26.0,23.10523556912245,229,1.125286081685576
Mt Gambier,1500-1800,3.0,28.0,30.89350613531225,347,0.9063393412635388
Mt Gambier,1500-1800,4.0,13.0,15.1456391610341,202,0.8583328746828798
Mt Gambier,1500-1800,5.0,1.0,1.2674370680025455,32,0.7889938090385656
Mt Gambier,2000+,0.0,3.0,4.231548493635742,49,0.7089603261104076
Mt Gambier,2000+,1.0,6.0,4.478963597156586,45,1.3395956162289475
Mt Gambier,2000+,2.0,14.0,13.803854937818947,117,1.0142094409905502
Mt Gambier,2000+,3.0,20.0,17.40783298427381,173,1.1489080816703576
Mt Gambier,2000+,4.0,5.0,7.924202538221773,100,0.6309783193807692
Mt Gambier,2000+,5.0,1.0,1.0909348857577854,18,0.916644992341023
Mt Gambier,sprint<=1100,0.0,3.0,2.4269593632747517,20,1.2361146401528667
Mt Gambier,sprint<=1100,1.0,4.0,6.580715804527689,47,0.607836612127803
Mt Gambier,sprint<=1100,2.0,12.0,9.341430779041051,93,1.2845997881741908
Mt Gambier,sprint<=1100,3.0,1.0,1.6508940531565097,31,0.6057323897242224
Mt Isa,1200-1400,0.0,8.0,6.389503045132415,40,1.2520535546335607
Mt Isa,1200-1400,1.0,14.0,8.397922123911057,58,1.6670790456770703
Mt Isa,1200-1400,2.0,13.0,13.086388932762004,111,0.9933985660058041
Mt Isa,1200-1400,3.0,3.0,7.4759537597071875,83,0.40128659117301735
Mt Isa,1200-1400,4.0,1.0,2.942302503239355,44,0.3398698804419467
Mt Isa,1200-1400,5.0,0.0,0.6499375111982566,14,0.0
Mt Isa,sprint<=1100,0.0,8.0,3.2119337754911013,21,2.4907113780005656
Mt Isa,sprint<=1100,1.0,7.0,6.2062921932572985,38,1.1278875989121184
Mt Isa,sprint<=1100,2.0,4.0,7.818538601893793,68,0.5116045598382193
Mt Isa,sprint<=1100,3.0,2.0,3.381781451022918,52,0.5914042728559653
Mt Isa,sprint<=1100,4.0,0.0,0.31947042492319544,7,0.0
Mt Isa,sprint<=1100,5.0,0.0,0.030766249625247707,1,0.0
Mt Magnet,1200-1400,0.0,2.0,0.6235419649699472,7,3.207482595171271
Mt Magnet,1200-1400,1.0,1.0,2.216915494415813,15,0.45107718472756375
Mt Magnet,1200-1400,2.0,2.0,1.6859084052953532,13,1.186304068310058
Mt Magnet,1200-1400,3.0,2.0,1.8566434364997253,20,1.0772127596942043
Mt Magnet,1200-1400,4.0,0.0,0.6036739904247359,8,0.0
Mt Magnet,1200-1400,5.0,0.0,0.013316708394425463,1,0.0
Mt Magnet,1500-1800,0.0,0.0,0.3070308262857401,2,0.0
Mt Magnet,1500-1800,1.0,1.0,0.16793846781017624,3,5.954561888288259
Mt Magnet,1500-1800,2.0,1.0,0.38992373301404853,5,2.5646040887795127
Mt Magnet,1500-1800,3.0,0.0,0.750233726953796,5,0.0
Mt Magnet,1500-1800,4.0,0.0,0.3848732459362392,3,0.0
Mt Magnet,sprint<=1100,0.0,0.0,0.15697936794785558,2,0.0
Mt Magnet,sprint<=1100,1.0,1.0,0.7057514416832822,5,1.4169294470230311
Mt Magnet,sprint<=1100,2.0,1.0,0.6547963423441289,6,1.5271924037022935
Mt Magnet,sprint<=1100,3.0,0.0,0.4824728480247331,5,0.0
Mt Newman,1200-1400,0.0,0.0,0.59532263599388,5,0.0
Mt Newman,1200-1400,1.0,1.0,1.1318195885161404,7,0.8835330384333063
Mt Newman,1200-1400,2.0,2.0,1.7171161096901328,14,1.164743600455135
Mt Newman,1200-1400,3.0,2.0,1.3600928774698655,13,1.4704878123621468
Mt Newman,1200-1400,4.0,0.0,0.13850106345936272,3,0.0
Mt Newman,1200-1400,5.0,0.0,0.05714772487061835,1,0.0
Mt Newman,2000+,0.0,0.0,0.18377980531457988,1,0.0
Mt Newman,2000+,2.0,1.0,0.2511657339299258,2,3.9814348253372644
Mt Newman,2000+,3.0,0.0,0.33372078933314187,2,0.0
Mt Newman,2000+,4.0,0.0,0.2002324735998851,2,0.0
Mt Newman,2000+,5.0,0.0,0.031101197822467366,1,0.0
Mudgee,1200-1400,0.0,22.0,14.597251982574667,127,1.5071329881995799
Mudgee,1200-1400,1.0,16.0,14.364391841882927,118,1.1138654651113076
Mudgee,1200-1400,2.0,38.0,37.74110590296976,337,1.0068597379657036
Mudgee,1200-1400,3.0,38.0,43.61790337622847,501,0.8712018932278575
Mudgee,1200-1400,4.0,13.0,14.975310465758007,266,0.8680955249458981
Mudgee,1200-1400,5.0,0.0,1.1904784836896902,28,0.0
Mudgee,1500-1800,0.0,6.0,4.791943708562883,34,1.2521015197399756
Mudgee,1500-1800,1.0,3.0,2.652372889483605,26,1.1310626842457565
Mudgee,1500-1800,2.0,9.0,10.00608067234101,81,0.8994530720582699
Mudgee,1500-1800,3.0,11.0,11.598038464705322,136,0.9484362406173037
Mudgee,1500-1800,4.0,5.0,4.812963727170055,82,1.0388609354718572
Mudgee,1500-1800,5.0,0.0,0.13860053773712425,6,0.0
Mudgee,2000+,0.0,0.0,1.7708152081685256,14,0.0
Mudgee,2000+,1.0,1.0,0.6579557584717184,8,1.5198590287024352
Mudgee,2000+,2.0,3.0,3.662609748108134,32,0.8190880837221615
Mudgee,2000+,3.0,8.0,4.988558913512812,47,1.6036695443908489
Mudgee,2000+,4.0,1.0,2.4542636779094202,38,0.4074541822872983
Mudgee,2000+,5.0,1.0,0.4657966938293893,5,2.1468593771648306
Mudgee,sprint<=1100,0.0,7.0,5.088048593121363,34,1.375773024153787
Mudgee,sprint<=1100,1.0,5.0,3.5759410852631666,33,1.3982333267753015
Mudgee,sprint<=1100,2.0,14.0,13.040152056335263,107,1.0736071128249165
Mudgee,sprint<=1100,3.0,8.0,9.898244608071737,121,0.8082241161706821
Mudgee,sprint<=1100,4.0,0.0,2.2220184569059724,40,0.0
Mudgee,sprint<=1100,5.0,0.0,0.09267696392721143,2,0.0
Murray Bridge,1200-1400,0.0,1.0,0.8677069621578665,4,1.15246280554571
Murray Bridge,1200-1400,1.0,0.0,0.44508030275081967,4,0.0
Murray Bridge,1200-1400,2.0,3.0,1.7070677423844947,11,1.757399501796859
Murray Bridge,1200-1400,3.0,0.0,0.876819867781844,10,0.0
Murray Bridge,1200-1400,4.0,0.0,0.10332512492497511,5,0.0
Murray Bridge,2000+,0.0,0.0,0.18040384342999527,1,0.0
Murray Bridge,2000+,1.0,0.0,0.2031120195260786,2,0.0
Murray Bridge,2000+,2.0,0.0,0.2742994008057343,3,0.0
Murray Bridge,2000+,3.0,1.0,0.3421847362381919,5,2.9223980326928096
Murray Bridge GH,1200-1400,0.0,44.0,43.540979801872666,474,1.0105422569775886
Murray Bridge GH,1200-1400,1.0,39.0,53.27121506345487,529,0.7321026928622619
Murray Bridge GH,1200-1400,2.0,149.0,142.50660120229094,1553,1.0455656000699334
Murray Bridge GH,1200-1400,3.0,184.0,169.12808085283427,2187,1.0879328794613736
Murray Bridge GH,1200-1400,4.0,55.0,59.65065075012489,894,0.9220352051211251
Murray Bridge GH,1200-1400,5.0,3.0,5.692017975791411,92,0.5270538520361724
Murray Bridge GH,1500-1800,0.0,21.0,21.69412532565426,217,0.9680039957714531
Murray Bridge GH,1500-1800,1.0,18.0,15.79037540661303,164,1.1399348993603773
Murray Bridge GH,1500-1800,2.0,49.0,48.85458927518226,542,1.0029763984709539
Murray Bridge GH,1500-1800,3.0,84.0,81.02103489873434,986,1.0367677986955977
Murray Bridge GH,1500-1800,4.0,40.0,42.90343994371318,598,0.9323261736699359
Murray Bridge GH,1500-1800,5.0,5.0,6.517003379959993,100,0.7672237849952894
Murray Bridge GH,2000+,0.0,15.0,11.814130442331814,115,1.269666021821863
Murray Bridge GH,2000+,1.0,17.0,10.182733871734863,99,1.669492713267155
Murray Bridge GH,2000+,2.0,28.0,27.84288745928856,296,1.0056428249742837
Murray Bridge GH,2000+,3.0,32.0,39.62148450547163,440,0.8076426312492375
Murray Bridge GH,2000+,4.0,16.0,20.004125049134444,250,0.7998350320596652
Murray Bridge GH,2000+,5.0,7.0,5.534638672038695,66,1.264761877837553
Murray Bridge GH,sprint<=1100,0.0,25.0,27.56676058354971,238,0.9068892924226503
Murray Bridge GH,sprint<=1100,1.0,43.0,41.85104712790543,427,1.0274533841072873
Murray Bridge GH,sprint<=1100,2.0,111.0,102.78282327504965,1114,1.079946983971835
Murray Bridge GH,sprint<=1100,3.0,57.0,61.05118987311388,788,0.9336427368322601
Murray Bridge GH,sprint<=1100,4.0,2.0,4.480160166289351,84,0.44641261155100187
Murray Bridge GH,sprint<=1100,5.0,0.0,0.26801897409199,6,0.0
Murtoa,1200-1400,0.0,6.0,3.2700333022833763,23,1.834843698934308
Murtoa,1200-1400,1.0,3.0,1.8603487955710345,19,1.6126008236424016
Murtoa,1200-1400,2.0,8.0,7.799444663242417,71,1.0257140534252098
Murtoa,1200-1400,3.0,6.0,8.78160583559259,98,0.6832463347058341
Murtoa,1200-1400,4.0,0.0,1.219470508076907,32,0.0
Murtoa,1200-1400,5.0,0.0,0.06909689523367656,3,0.0
Murtoa,1500-1800,0.0,2.0,2.067567770472029,21,0.9673201665082043
Murtoa,1500-1800,1.0,2.0,1.3682599540214866,15,1.4617105427384254
Murtoa,1500-1800,2.0,11.0,5.997509629900497,57,1.8340945957234749
Murtoa,1500-1800,3.0,5.0,8.940623195166934,96,0.5592451321181804
Murtoa,1500-1800,4.0,1.0,2.482867178760643,42,0.4027601671786421
Murtoa,1500-1800,5.0,0.0,0.12702058851378883,5,0.0
Murtoa,2000+,0.0,4.0,3.476391558812299,20,1.1506183731980382
Murtoa,2000+,1.0,3.0,2.1515713184094167,18,1.3943297971725137
Murtoa,2000+,2.0,6.0,5.1985938522658905,51,1.1541582532716619
Murtoa,2000+,3.0,4.0,6.262370400129549,72,0.6387357732652243
Murtoa,2000+,4.0,3.0,2.7144676801134557,36,1.1051890659735577
Murtoa,2000+,5.0,0.0,0.19660519026938922,3,0.0
Murtoa,sprint<=1100,0.0,3.0,1.7040214247493182,9,1.7605412446274469
Murtoa,sprint<=1100,1.0,1.0,1.8160262765954345,13,0.5506528252855094
Murtoa,sprint<=1100,2.0,5.0,4.320871124387388,38,1.1571740642250465
Murtoa,sprint<=1100,3.0,0.0,1.1323360698182225,19,0.0
Murtoa,sprint<=1100,4.0,0.0,0.0267451044496368,1,0.0
Murwillumbah,1200-1400,0.0,25.0,13.598306498378781,81,1.8384642236870123
Murwillumbah,1200-1400,1.0,6.0,8.698323980245661,71,0.6897880572885429
Murwillumbah,1200-1400,2.0,23.0,29.479450303146994,231,0.7802045073257252
Murwillumbah,1200-1400,3.0,24.0,23.988003837095917,283,1.0005000900860925
Murwillumbah,1200-1400,4.0,3.0,5.177523177275626,95,0.579427633113673
Murwillumbah,1200-1400,5.0,0.0,0.05839220385701903,4,0.0
Murwillumbah,1500-1800,0.0,15.0,8.975141196163852,71,1.6712828993053934
Murwillumbah,1500-1800,1.0,6.0,7.159111239451712,47,0.8380928580821321
Murwillumbah,1500-1800,2.0,26.0,20.67018069875859,170,1.2578506389913422
Murwillumbah,1500-1800,3.0,16.0,24.25342014885299,254,0.659700772171577
Murwillumbah,1500-1800,4.0,8.0,8.829208389958835,120,0.9060834954465605
Murwillumbah,1500-1800,5.0,0.0,1.112938326814024,17,0.0
Murwillumbah,2000+,0.0,1.0,1.9837480198187534,23,0.504096281387273
Murwillumbah,2000+,1.0,2.0,2.269008978490621,15,0.8814420828473012
Murwillumbah,2000+,2.0,7.0,5.325297527778558,46,1.3144805456381783
Murwillumbah,2000+,3.0,9.0,7.710827546439182,78,1.1671898957403282
Murwillumbah,2000+,4.0,3.0,5.3897909891705185,55,0.556607854743862
Murwillumbah,2000+,5.0,1.0,0.3213269383023677,6,3.112095130533385
Murwillumbah,sprint<=1100,0.0,10.0,4.629599940668939,42,2.1600138517703287
Murwillumbah,sprint<=1100,1.0,11.0,8.28109463432233,48,1.3283268077155803
Murwillumbah,sprint<=1100,2.0,12.0,15.198787223574442,130,0.7895366797021222
Murwillumbah,sprint<=1100,3.0,8.0,11.400340865396151,132,0.7017334038039754
Murwillumbah,sprint<=1100,4.0,1.0,2.479738383833628,40,0.4032683473867187
Muswellbrook,1200-1400,0.0,57.0,34.32699444997389,329,1.6605007491427306
Muswellbrook,1200-1400,1.0,21.0,34.7315792912381,318,0.6046370602357771
Muswellbrook,1200-1400,2.0,117.0,94.84835700756182,846,1.2335479885083527
Muswellbrook,1200-1400,3.0,107.0,117.00847108542847,1301,0.9144637051267747
Muswellbrook,1200-1400,4.0,23.0,44.54326415156278,708,0.5163519207245403
Muswellbrook,1200-1400,5.0,4.0,3.3179610759963856,58,1.205559651961498
Muswellbrook,1500-1800,0.0,25.0,15.860515477582224,140,1.5762413293146635
Muswellbrook,1500-1800,1.0,10.0,11.34388057007396,118,0.8815325530119542
Muswellbrook,1500-1800,2.0,40.0,36.5105535707301,325,1.0955736379759338
Muswellbrook,1500-1800,3.0,47.0,49.89372575796028,533,0.9420022114203688
Muswellbrook,1500-1800,4.0,18.0,23.556634108362672,326,0.7641159563458155
Muswellbrook,1500-1800,5.0,0.0,2.094598460200634,32,0.0
Muswellbrook,2000+,0.0,0.0,0.5141605104175397,8,0.0
Muswellbrook,2000+,1.0,2.0,0.8718055418258599,10,2.2940895693451475
Muswellbrook,2000+,2.0,1.0,2.1780463917216593,20,0.45912704329935766
Muswellbrook,2000+,3.0,5.0,3.9055040836229096,30,1.2802444685608394
Muswellbrook,2000+,4.0,0.0,0.5221825058456043,7,0.0
Muswellbrook,2000+,5.0,0.0,0.008300966566426668,1,0.0
Muswellbrook,sprint<=1100,0.0,50.0,30.17869184690081,232,1.6567981227832687
Muswellbrook,sprint<=1100,1.0,57.0,48.99772391103049,411,1.1633193432311255
Muswellbrook,sprint<=1100,2.0,93.0,103.86266203468915,1026,0.8954132137393019
Muswellbrook,sprint<=1100,3.0,29.0,45.21158293340796,697,0.6414285481380742
Muswellbrook,sprint<=1100,4.0,2.0,2.5580645227192766,51,0.7818411076957347
Muswellbrook,sprint<=1100,5.0,0.0,0.09754187290499611,2,0.0
Nanango,1200-1400,0.0,2.0,1.0032341947696874,7,1.9935524630509032
Nanango,1200-1400,1.0,1.0,0.7017798346845402,8,1.4249483250676673
Nanango,1200-1400,2.0,2.0,1.9612741403968084,19,1.0197452558036362
Nanango,1200-1400,3.0,2.0,2.46494877337404,25,0.8113758880523855
Nanango,1200-1400,4.0,0.0,0.8121953757991424,17,0.0
Nanango,1200-1400,5.0,0.0,0.05656768097578161,2,0.0
Nanango,1500-1800,0.0,1.0,0.3520206331702264,2,2.8407425752127167
Nanango,1500-1800,1.0,0.0,0.3624071591790646,4,0.0
Nanango,1500-1800,2.0,1.0,0.10802709503516131,4,9.256936879349704
Nanango,1500-1800,3.0,0.0,1.1673340971505886,8,0.0
Nanango,1500-1800,4.0,0.0,0.010211015464959172,1,0.0
Nanango,sprint<=1100,0.0,0.0,0.08059030239980654,2,0.0
Nanango,sprint<=1100,1.0,1.0,1.11225964838932,7,0.8990706454631481
Nanango,sprint<=1100,2.0,0.0,0.5731687061748982,6,0.0
Nanango,sprint<=1100,3.0,1.0,0.23398134303597537,4,4.273845029799007
Naracoorte,1200-1400,0.0,30.0,20.2123241386604,152,1.4842429694969403
Naracoorte,1200-1400,1.0,16.0,13.967284179594133,138,1.1455340776538088
Naracoorte,1200-1400,2.0,54.0,48.85055282686227,440,1.1054122599469565
Naracoorte,1200-1400,3.0,44.0,48.956276115299396,572,0.8987611699953113
Naracoorte,1200-1400,4.0,8.0,18.831265308382264,284,0.42482540971046706
Naracoorte,1200-1400,5.0,0.0,1.1505191599055664,26,0.0
Naracoorte,1500-1800,0.0,0.0,0.19996061311258037,1,0.0
Naracoorte,1500-1800,1.0,0.0,0.044201819740675656,1,0.0
Naracoorte,1500-1800,2.0,1.0,0.5565631030719499,3,1.79674145569568
Naracoorte,1500-1800,3.0,0.0,0.17879069395106628,4,0.0
Naracoorte,1500-1800,4.0,0.0,0.020483770123727745,1,0.0
Naracoorte,2000+,0.0,3.0,3.7597690185747545,39,0.7979213577160742
Naracoorte,2000+,1.0,4.0,4.464416878162606,34,0.8959736756586801
Naracoorte,2000+,2.0,10.0,10.951521097557912,103,0.9131151655480907
Naracoorte,2000+,3.0,16.0,13.850113552586823,145,1.155225185645618
Naracoorte,2000+,4.0,6.0,5.286034523475383,72,1.1350663665463936
Naracoorte,2000+,5.0,0.0,0.6565562094848146,12,0.0
Naracoorte,sprint<=1100,0.0,13.0,8.950047805862006,58,1.4525062080099058
Naracoorte,sprint<=1100,1.0,8.0,8.93362663644601,73,0.8954929868417438
Naracoorte,sprint<=1100,2.0,29.0,23.6342045935071,205,1.2270351593709659
Naracoorte,sprint<=1100,3.0,8.0,13.913267138125732,172,0.5749907567057385
Naracoorte,sprint<=1100,4.0,0.0,2.5297853444067724,45,0.0
Naracoorte,sprint<=1100,5.0,0.0,0.0390684816523784,2,0.0
Narrandera,1200-1400,0.0,16.0,9.56673749649978,78,1.6724614849998742
Narrandera,1200-1400,1.0,11.0,8.417168310811942,75,1.306852802963484
Narrandera,1200-1400,2.0,23.0,22.839570340360545,221,1.0070241977956982
Narrandera,1200-1400,3.0,21.0,24.341296597940268,299,0.8627313633644723
Narrandera,1200-1400,4.0,6.0,11.65159480101044,164,0.5149509661526912
Narrandera,1200-1400,5.0,1.0,1.0798344246984557,14,0.9260679018260142
Narrandera,1500-1800,0.0,5.0,2.7710622002616097,22,1.8043622404173971
Narrandera,1500-1800,1.0,0.0,2.284957468828688,17,0.0
Narrandera,1500-1800,2.0,11.0,6.697117628732583,56,1.6424976549324444
Narrandera,1500-1800,3.0,3.0,6.503602453892893,79,0.4612828076851892
Narrandera,1500-1800,4.0,3.0,3.5972061783370233,49,0.8339805535936475
Narrandera,1500-1800,5.0,0.0,0.1460540699472026,3,0.0
Narrandera,2000+,0.0,2.0,0.6682524764609704,6,2.992880790493877
Narrandera,2000+,1.0,1.0,0.6720847355227989,7,1.4879076210860875
Narrandera,2000+,2.0,1.0,0.5280731340481227,8,1.8936770979696746
Narrandera,2000+,3.0,2.0,2.50962475420201,18,0.7969318905749891
Narrandera,2000+,4.0,0.0,1.0716600661915834,14,0.0
Narrandera,2000+,5.0,0.0,0.5503048335745145,7,0.0
Narrandera,sprint<=1100,0.0,11.0,5.491743624879126,41,2.0030068319589684
Narrandera,sprint<=1100,1.0,14.0,10.718048173523206,95,1.3062079749356044
Narrandera,sprint<=1100,2.0,11.0,17.220921319019542,191,0.6387579268393218
Narrandera,sprint<=1100,3.0,5.0,7.231411595863314,92,0.6914279368166819
Narrandera,sprint<=1100,4.0,0.0,0.32153656487761273,9,0.0
Narrandera,sprint<=1100,5.0,0.0,0.016338721837199553,1,0.0
Narrogin,1200-1400,0.0,12.0,9.266265452443715,56,1.2950200986132272
Narrogin,1200-1400,1.0,5.0,4.567945984454428,45,1.0945838713977645
Narrogin,1200-1400,2.0,21.0,19.705891309708804,170,1.0656711574194875
Narrogin,1200-1400,3.0,18.0,18.67986522297833,196,0.9636043828548603
Narrogin,1200-1400,4.0,0.0,3.5395668312855975,60,0.0
Narrogin,1200-1400,5.0,0.0,0.09134081252449319,3,0.0
Narrogin,1500-1800,0.0,5.0,4.97948900758151,36,1.0041190958323758
Narrogin,1500-1800,1.0,3.0,2.238076570204169,23,1.3404367124607914
Narrogin,1500-1800,2.0,10.0,12.241387093661904,100,0.8169008890485618
Narrogin,1500-1800,3.0,15.0,11.918823608950364,131,1.2585134650986736
Narrogin,1500-1800,4.0,2.0,3.134725600226459,44,0.6380143767146687
Narrogin,1500-1800,5.0,1.0,1.4874981193755934,13,0.6722697575038076
Narrogin,2000+,0.0,3.0,4.340564356022147,34,0.6911543647170596
Narrogin,2000+,1.0,4.0,3.919617352638691,32,1.0205077792369694
Narrogin,2000+,2.0,11.0,9.276896352916129,86,1.185741392544741
Narrogin,2000+,3.0,13.0,12.347156752901343,130,1.0528739741596989
Narrogin,2000+,4.0,3.0,3.9589666764675364,43,0.757773491207258
Narrogin,2000+,5.0,0.0,0.12580742551065924,2,0.0
Narrogin,sprint<=1100,0.0,13.0,9.267427428371464,50,1.4027625358253761
Narrogin,sprint<=1100,1.0,9.0,6.831861877528383,46,1.317356843762187
Narrogin,sprint<=1100,2.0,19.0,20.279573420141777,166,0.9369033364937106
Narrogin,sprint<=1100,3.0,8.0,11.989569271551272,153,0.6672466557228472
Narrogin,sprint<=1100,4.0,1.0,1.6315680024071049,32,0.612907337312737
Narromine,1200-1400,0.0,15.0,8.91454978201089,68,1.6826424628049348
Narromine,1200-1400,1.0,4.0,7.1698477439940005,67,0.557891902704726
Narromine,1200-1400,2.0,15.0,18.17604780599561,174,0.8252619139267477
Narromine,1200-1400,3.0,30.0,24.08507814279389,283,1.2455844993376457
Narromine,1200-1400,4.0,4.0,9.152657840968299,152,0.4370315234658464
Narromine,1200-1400,5.0,0.0,0.4935255749689532,15,0.0
Narromine,1500-1800,0.0,1.0,4.341627938914096,40,0.230328350118853
Narromine,1500-1800,1.0,2.0,2.090639415443426,25,0.9566451226481822
Narromine,1500-1800,2.0,6.0,8.846817915511867,84,0.6782099572185947
Narromine,1500-1800,3.0,19.0,13.43171471983703,143,1.4145625034709293
Narromine,1500-1800,4.0,9.0,9.25657401608121,121,0.9722819678603044
Narromine,1500-1800,5.0,3.0,2.0011537194008047,31,1.4991352093122936
Narromine,sprint<=1100,0.0,18.0,9.232020586944367,69,1.9497356868392421
Narromine,sprint<=1100,1.0,8.0,11.91717346190516,96,0.6713001220946453
Narromine,sprint<=1100,2.0,24.0,22.85779832803818,223,1.0499698901692014
Narromine,sprint<=1100,3.0,15.0,19.279109872271643,255,0.7780442198513474
Narromine,sprint<=1100,4.0,3.0,5.430375090917173,91,0.5524480261074027
Narromine,sprint<=1100,5.0,1.0,0.15531278377233332,4,6.4386200267059746
Newcastle,1200-1400,0.0,139.0,97.31696954336553,759,1.4283223229434825
Newcastle,1200-1400,1.0,69.0,76.56145528445182,618,0.9012367874100818
Newcastle,1200-1400,2.0,183.0,204.34610300031903,1826,0.895539466195322
Newcastle,1200-1400,3.0,283.0,271.145407051244,2905,1.043720426901849
Newcastle,1200-1400,4.0,77.0,100.58930142395455,1453,0.7654889626429303
Newcastle,1200-1400,5.0,8.0,8.765312703106755,141,0.912688488245776
Newcastle,1500-1800,0.0,29.0,33.21499367183845,292,0.8730996695804835
Newcastle,1500-1800,1.0,27.0,23.298122015839365,203,1.1588916901389688
Newcastle,1500-1800,2.0,76.0,71.4160958413418,645,1.0641858688108885
Newcastle,1500-1800,3.0,113.0,104.64556169186021,1107,1.0798355723173458
Newcastle,1500-1800,4.0,42.0,53.954931424381215,690,0.7784274558640435
Newcastle,1500-1800,5.0,5.0,5.347512492660415,87,0.9350141784357898
Newcastle,2000+,0.0,13.0,13.430563885180186,130,0.9679414886179658
Newcastle,2000+,1.0,7.0,10.134318444141211,93,0.6907223251946258
Newcastle,2000+,2.0,28.0,32.778026817209756,297,0.8542307978495794
Newcastle,2000+,3.0,59.0,49.89503002199007,496,1.18248250324726
Newcastle,2000+,4.0,23.0,21.761561636425327,263,1.0569094435530642
Newcastle,2000+,5.0,0.0,1.7621499453239446,28,0.0
Newcastle,sprint<=1100,0.0,12.0,8.706601813458047,50,1.3782644775888628
Newcastle,sprint<=1100,1.0,15.0,17.55813652956653,149,0.8543047819876086
Newcastle,sprint<=1100,2.0,20.0,20.08030380251186,224,0.9960008671531247
Newcastle,sprint<=1100,3.0,3.0,3.497488735760373,49,0.8577583022144556
Newcastle,sprint<=1100,4.0,0.0,0.15746911870318986,3,0.0
Nhill,1500-1800,0.0,1.0,1.0386754387167785,8,0.9627646546022502
Nhill,1500-1800,1.0,0.0,0.7111248271015987,7,0.0
Nhill,1500-1800,2.0,2.0,2.6457038208027663,26,0.7559425149082465
Nhill,1500-1800,3.0,4.0,2.504150569993718,20,1.5973480380654723
Nhill,1500-1800,4.0,1.0,0.9951657445594121,11,1.0048577389917377
Nhill,1500-1800,5.0,0.0,0.10517959882572629,2,0.0
Nhill,2000+,0.0,0.0,0.5926531050868742,3,0.0
Nhill,2000+,1.0,1.0,0.24478632466412492,4,4.085195532765629
Nhill,2000+,2.0,0.0,0.7948901648265704,6,0.0
Nhill,2000+,3.0,2.0,1.198019345736952,9,1.669422123371235
Nhill,2000+,4.0,0.0,0.16965105968547883,5,0.0
Nhill,sprint<=1100,0.0,1.0,1.300071284612482,8,0.7691885912994951
Nhill,sprint<=1100,1.0,1.0,1.2937717934566224,13,0.7729338396907384
Nhill,sprint<=1100,2.0,3.0,2.4593604377883542,25,1.2198293320103297
Nhill,sprint<=1100,3.0,3.0,2.399171392891859,26,1.2504317152531266
Nhill,sprint<=1100,4.0,0.0,0.5476250912506825,5,0.0
Northam,1200-1400,0.0,50.0,34.71467574419044,316,1.440313035571637
Northam,1200-1400,1.0,38.0,30.227887155245924,292,1.2571173037942633
Northam,1200-1400,2.0,100.0,104.87610790337618,951,0.9535060177112159
Northam,1200-1400,3.0,103.0,115.27272621124926,1286,0.8935331312564065
Northam,1200-1400,4.0,24.0,28.946242402596855,482,0.8291231610029939
Northam,1200-1400,5.0,1.0,1.5769916087435476,26,0.6341187831663481
Northam,1500-1800,0.0,24.0,16.24417647903942,168,1.4774525523635047
Northam,1500-1800,1.0,16.0,16.07061579568058,152,0.9956059060475105
Northam,1500-1800,2.0,46.0,52.371622562620296,487,0.8783382631500141
Northam,1500-1800,3.0,59.0,62.56371654014511,674,0.9430386054853632
Northam,1500-1800,4.0,22.0,19.348244453693816,264,1.1370540646544256
Northam,1500-1800,5.0,1.0,0.9062574952370184,20,1.1034391497512135
Northam,2000+,0.0,7.0,5.753132371620512,63,1.2167284789986983
Northam,2000+,1.0,8.0,7.109326442618872,62,1.1252824110089716
Northam,2000+,2.0,22.0,18.030322417368215,178,1.2201667552438153
Northam,2000+,3.0,24.0,24.713101926485926,252,0.9711447826902835
Northam,2000+,4.0,2.0,7.305460083328721,80,0.27376783627413964
Northam,2000+,5.0,0.0,0.08865675857775632,3,0.0
Northam,sprint<=1100,0.0,39.0,32.56225532231232,247,1.1977057367177024
Northam,sprint<=1100,1.0,46.0,41.800789424587556,305,1.1004576859245254
Northam,sprint<=1100,2.0,94.0,96.49204316635051,891,0.974173588986459
Northam,sprint<=1100,3.0,63.0,67.12967298261798,839,0.9384821525394995
Northam,sprint<=1100,4.0,4.0,7.883670283067623,136,0.5073778908018406
Northam,sprint<=1100,5.0,1.0,0.8487871637534788,8,1.178151652974855
Nowra,1200-1400,0.0,35.0,24.396930976458975,165,1.4346066738382837
Nowra,1200-1400,1.0,19.0,19.04717926245695,154,0.9975230315309762
Nowra,1200-1400,2.0,51.0,49.431878707436425,429,1.0317228746624123
Nowra,1200-1400,3.0,46.0,52.789632047343964,577,0.8713832284101785
Nowra,1200-1400,4.0,14.0,18.675347855829635,271,0.7496513643589138
Nowra,1200-1400,5.0,0.0,0.6535854117727973,18,0.0
Nowra,1500-1800,0.0,10.0,6.107965649492918,57,1.6372063259442524
Nowra,1500-1800,1.0,8.0,6.2430172349732524,43,1.281431669799687
Nowra,1500-1800,2.0,15.0,17.350580558687174,143,0.8645243857554799
Nowra,1500-1800,3.0,20.0,20.502081226676538,224,0.975510719076498
Nowra,1500-1800,4.0,4.0,6.614148242022604,99,0.6047641893760762
Nowra,1500-1800,5.0,0.0,0.030716464617717397,2,0.0
Nowra,2000+,0.0,2.0,1.556716093156608,6,1.284755780962301
Nowra,2000+,1.0,1.0,0.8360691000978182,7,1.1960733866172093
Nowra,2000+,2.0,1.0,2.003033365643972,22,0.49924280701060697
Nowra,2000+,3.0,2.0,1.4623311689118463,19,1.367679252496714
Nowra,2000+,4.0,0.0,0.141850272189756,4,0.0
Nowra,sprint<=1100,0.0,28.0,18.79763297000317,110,1.4895492450928132
Nowra,sprint<=1100,1.0,24.0,23.870820828940815,161,1.0054115931741472
Nowra,sprint<=1100,2.0,36.0,39.188008911233695,372,0.9186483569896348
Nowra,sprint<=1100,3.0,19.0,24.053865444347753,329,0.7898938340683482
Nowra,sprint<=1100,4.0,2.0,3.033990571743702,54,0.6591978296262653
Nowra,sprint<=1100,5.0,0.0,0.0556812737308609,2,0.0
Oakbank,1200-1400,0.0,17.0,9.082454947404633,76,1.8717406360334166
Oakbank,1200-1400,1.0,8.0,7.05637630655102,65,1.1337263848262933
Oakbank,1200-1400,2.0,23.0,21.386075573732647,224,1.0754661331249409
Oakbank,1200-1400,3.0,24.0,28.25867657475401,329,0.8492966730593936
Oakbank,1200-1400,4.0,4.0,9.746935819146666,171,0.41038538410630426
Oakbank,1200-1400,5.0,0.0,0.4694807784110248,13,0.0
Oakbank,2000+,0.0,3.0,5.728437995497853,56,0.5237029714483753
Oakbank,2000+,1.0,5.0,5.002644215922471,48,0.9994714363427935
Oakbank,2000+,2.0,14.0,14.59376790877954,137,0.9593135979350246
Oakbank,2000+,3.0,24.0,21.233677390406715,211,1.1302799585173644
Oakbank,2000+,4.0,10.0,8.588822637532754,110,1.164303935710637
Oakbank,2000+,5.0,0.0,0.852649851860667,16,0.0
Oakbank,sprint<=1100,0.0,16.0,10.413648619050788,86,1.5364451582060787
Oakbank,sprint<=1100,1.0,19.0,11.904066321287713,124,1.5960932581518656
Oakbank,sprint<=1100,2.0,39.0,32.7787998486615,344,1.1897934085464248
Oakbank,sprint<=1100,3.0,10.0,26.70659723795069,335,0.3744393159076728
Oakbank,sprint<=1100,4.0,2.0,4.19688797304931,76,0.47654357534515535
Orange,1200-1400,0.0,26.0,17.665027520634816,131,1.4718346727526443
Orange,1200-1400,1.0,13.0,14.627539327449218,124,0.888734578590736
Orange,1200-1400,2.0,44.0,38.947352700277456,341,1.1297301857357445
Orange,1200-1400,3.0,37.0,42.94998477993837,498,0.8614671271614148
Orange,1200-1400,4.0,11.0,15.628134306138815,238,0.703858809024897
Orange,1200-1400,5.0,0.0,1.181961365561326,23,0.0
Orange,1500-1800,0.0,10.0,6.4664278630285414,39,1.5464488604557811
Orange,1500-1800,1.0,7.0,4.210547504762587,29,1.6624916337084996
Orange,1500-1800,2.0,11.0,10.29168657988337,85,1.0688238428773311
Orange,1500-1800,3.0,9.0,11.918058198183068,133,0.7551565741952886
Orange,1500-1800,4.0,2.0,5.4662918119811374,81,0.36587874720049823
Orange,1500-1800,5.0,0.0,0.6469880421612947,16,0.0
Orange,2000+,0.0,1.0,1.4565217767375644,22,0.6865671464520641
Orange,2000+,1.0,3.0,2.573044353688081,20,1.1659340406238785
Orange,2000+,2.0,6.0,5.41542701748581,52,1.1079458703121043
Orange,2000+,3.0,10.0,9.435291286284588,74,1.059850692107014
Orange,2000+,4.0,2.0,2.989628740639004,40,0.6689793862406205
Orange,2000+,5.0,0.0,0.130086825164952,2,0.0
Orange,sprint<=1100,0.0,18.0,12.563644383057955,77,1.4327053083636272
Orange,sprint<=1100,1.0,24.0,16.537071701276457,131,1.4512847518310934
Orange,sprint<=1100,2.0,29.0,33.13888979571088,339,0.875104753924298
Orange,sprint<=1100,3.0,6.0,13.64426257713955,214,0.43974527506182526
Orange,sprint<=1100,4.0,0.0,1.0604201719960207,23,0.0
Orange,sprint<=1100,5.0,0.0,0.04682932025331418,3,0.0
Pakenham,1200-1400,0.0,103.0,74.11188220788854,595,1.3897906372297826
Pakenham,1200-1400,1.0,69.0,67.69627481456524,568,1.019258447957527
Pakenham,1200-1400,2.0,213.0,208.01371731349883,1798,1.0239709320659192
Pakenham,1200-1400,3.0,180.0,198.5500977671505,2319,0.9065722053236905
Pakenham,1200-1400,4.0,28.0,43.93443983147302,669,0.6373132355255803
Pakenham,1200-1400,5.0,2.0,2.595029293430582,37,0.770704209414159
Pakenham,1500-1800,0.0,33.0,25.316805614566505,216,1.3034819835648153
Pakenham,1500-1800,1.0,25.0,24.089082663330295,186,1.037814529901396
Pakenham,1500-1800,2.0,77.0,66.27107998550251,576,1.161894449537333
Pakenham,1500-1800,3.0,65.0,75.13605999844866,838,0.8650972648997307
Pakenham,1500-1800,4.0,14.0,23.127068030421384,317,0.6053512698446849
Pakenham,1500-1800,5.0,2.0,2.059903707730641,23,0.9709191708788
Pakenham,2000+,0.0,8.0,9.448871572801636,78,0.8466619467056595
Pakenham,2000+,1.0,5.0,6.464002964436958,65,0.773514496745829
Pakenham,2000+,2.0,25.0,22.323378398063063,209,1.1199021740441035
Pakenham,2000+,3.0,30.0,27.64476402861786,314,1.085196457779274
Pakenham,2000+,4.0,9.0,11.158997570304768,154,0.8065240576761051
Pakenham,2000+,5.0,1.0,0.9599854657757161,12,1.0416824375481042
Pakenham,sprint<=1100,0.0,21.0,16.349710047276705,107,1.2844264478866323
Pakenham,sprint<=1100,1.0,22.0,20.594316066759347,165,1.0682559172484258
Pakenham,sprint<=1100,2.0,47.0,44.37817094486985,447,1.0590792499850252
Pakenham,sprint<=1100,3.0,16.0,24.318700805287808,310,0.6579298840060154
Pakenham,sprint<=1100,4.0,1.0,1.3098300110299834,22,0.7634578468801849
Pakenham,sprint<=1100,5.0,0.0,0.04927212477630528,1,0.0
Pakenham Synthetic,1200-1400,0.0,55.0,42.158990834516224,360,1.3045853069844036
Pakenham Synthetic,1200-1400,1.0,40.0,35.410597211717175,313,1.1296053483888777
Pakenham Synthetic,1200-1400,2.0,108.0,109.42498867359475,1046,0.9869774839287818
Pakenham Synthetic,1200-1400,3.0,121.0,131.75481087195016,1550,0.9183725375887599
Pakenham Synthetic,1200-1400,4.0,33.0,38.884798596193356,593,0.8486606898159568
Pakenham Synthetic,1200-1400,5.0,3.0,2.1185322455987814,37,1.4160747405343745
Pakenham Synthetic,1500-1800,0.0,18.0,15.487501262308426,149,1.1622275081782356
Pakenham Synthetic,1500-1800,1.0,10.0,10.294023484050973,102,0.9714374574230846
Pakenham Synthetic,1500-1800,2.0,49.0,39.87181197890402,361,1.2289383794728381
Pakenham Synthetic,1500-1800,3.0,48.0,56.95092716093257,612,0.842830879019073
Pakenham Synthetic,1500-1800,4.0,23.0,24.90081942859804,314,0.9236643824493987
Pakenham Synthetic,1500-1800,5.0,1.0,0.9650336078646251,15,1.0362333413576619
Pakenham Synthetic,2000+,0.0,6.0,6.740090434492393,70,0.8901957708601383
Pakenham Synthetic,2000+,1.0,2.0,5.678353331129231,53,0.3522147854089714
Pakenham Synthetic,2000+,2.0,16.0,19.94880643606451,167,0.802052997570539
Pakenham Synthetic,2000+,3.0,32.0,26.010530294341272,275,1.2302709571039299
Pakenham Synthetic,2000+,4.0,13.0,10.173966218678226,134,1.2777710993509594
Pakenham Synthetic,2000+,5.0,1.0,1.0232802491440742,21,0.9772493907084134
Pakenham Synthetic,sprint<=1100,0.0,20.0,17.910971731377394,131,1.1166339995368835
Pakenham Synthetic,sprint<=1100,1.0,28.0,22.679433776803908,186,1.2345987239169025
Pakenham Synthetic,sprint<=1100,2.0,63.0,50.13164879975127,498,1.2566911623364077
Pakenham Synthetic,sprint<=1100,3.0,19.0,37.06607961565498,489,0.512598046435299
Pakenham Synthetic,sprint<=1100,4.0,1.0,3.148671540090283,64,0.31759425753609305
Pakenham Synthetic,sprint<=1100,5.0,0.0,0.06319453632217678,3,0.0
Parkes,1200-1400,0.0,10.0,4.533504004071247,36,2.2057993091038735
Parkes,1200-1400,1.0,5.0,3.6180841556835674,37,1.3819468494522473
Parkes,1200-1400,2.0,11.0,11.073044561160318,97,0.9934033895775577
Parkes,1200-1400,3.0,6.0,11.00789020250645,136,0.5450635761822756
Parkes,1200-1400,4.0,4.0,4.936160929700246,95,0.8103463515406303
Parkes,1200-1400,5.0,0.0,0.7829144796923362,15,0.0
Parkes,1500-1800,0.0,5.0,2.7907424656283575,21,1.7916379105494462
Parkes,1500-1800,1.0,0.0,1.200626449480216,13,0.0
Parkes,1500-1800,2.0,4.0,4.763465760040948,44,0.8397247301648738
Parkes,1500-1800,3.0,7.0,8.287411365682516,75,0.8446545840582284
Parkes,1500-1800,4.0,3.0,3.221222796262959,54,0.9313233482267645
Parkes,1500-1800,5.0,2.0,0.4252838961354301,13,4.702740964739251
Parkes,sprint<=1100,0.0,9.0,3.691361243463284,17,2.4381249643169793
Parkes,sprint<=1100,1.0,4.0,2.764125667579112,31,1.4471122087235986
Parkes,sprint<=1100,2.0,3.0,7.228923625579315,72,0.4149995428620377
Parkes,sprint<=1100,3.0,1.0,2.4361696686090952,45,0.41048044103222875
Parkes,sprint<=1100,4.0,0.0,0.7769506574985625,15,0.0
Penola,1200-1400,0.0,16.0,9.27396654430382,80,1.7252596204185566
Penola,1200-1400,1.0,13.0,7.374161724630687,69,1.7629122448695775
Penola,1200-1400,2.0,15.0,22.608243746688196,199,0.6634748000802716
Penola,1200-1400,3.0,23.0,25.34994108067684,289,0.9072999391518075
Penola,1200-1400,4.0,13.0,13.94578047070547,180,0.9321816034109974
Penola,1200-1400,5.0,0.0,1.4479064329949893,25,0.0
Penola,1500-1800,0.0,9.0,5.746152294001384,46,1.566265483320974
Penola,1500-1800,1.0,9.0,3.1358323638176473,30,2.870051378972043
Penola,1500-1800,2.0,4.0,10.24383339382436,100,0.3904788223529149
Penola,1500-1800,3.0,17.0,14.660703781075435,170,1.1595623411983955
Penola,1500-1800,4.0,7.0,11.502391996197778,134,0.6085690700085612
Penola,1500-1800,5.0,0.0,0.7110861710833961,12,0.0
Penola,2000+,0.0,3.0,2.5354088909443258,15,1.1832410980000292
Penola,2000+,1.0,2.0,1.7952504512860445,13,1.114050687784137
Penola,2000+,2.0,3.0,4.320724580804918,41,0.6943279868676848
Penola,2000+,3.0,4.0,4.573594713072337,50,0.8745855833196419
Penola,2000+,4.0,3.0,1.5361461932841431,21,1.9529391233175981
Penola,2000+,5.0,0.0,0.23887517060823077,5,0.0
Penola,sprint<=1100,0.0,14.0,7.0865692311943995,52,1.975568084253427
Penola,sprint<=1100,1.0,1.0,8.223662744637021,68,0.12160031740748851
Penola,sprint<=1100,2.0,23.0,18.269848361957695,163,1.2589048110487682
Penola,sprint<=1100,3.0,13.0,16.520959188839,175,0.7868792514651546
Penola,sprint<=1100,4.0,1.0,1.8989604733718837,38,0.5266039046217497
Penshurst,1200-1400,0.0,3.0,2.212932226226303,14,1.355667364976594
Penshurst,1200-1400,1.0,1.0,1.4499972317557561,11,0.689656489060418
Penshurst,1200-1400,2.0,7.0,4.103221483579131,34,1.7059766400652803
Penshurst,1200-1400,3.0,2.0,5.204285344791098,56,0.38429868223920005
Penshurst,1200-1400,4.0,1.0,1.0295637136477116,15,0.9712852024058148
Penshurst,1500-1800,0.0,2.0,1.910054422490895,13,1.0470905836242128
Penshurst,1500-1800,1.0,1.0,1.2898205762499282,10,0.7753016337415215
Penshurst,1500-1800,2.0,6.0,4.46808128392866,37,1.3428582916746685
Penshurst,1500-1800,3.0,2.0,4.437121624477031,53,0.4507426591525366
Penshurst,1500-1800,4.0,2.0,0.85348851260428,13,2.343323864895766
Penshurst,1500-1800,5.0,0.0,0.025335345429068866,1,0.0
Penshurst,2000+,0.0,1.0,0.6640905404581563,3,1.5058187687933329
Penshurst,2000+,1.0,0.0,0.2694565177662288,3,0.0
Penshurst,2000+,2.0,1.0,1.45147461930095,9,0.6889545202530746
Penshurst,2000+,3.0,1.0,0.5410140015692552,10,1.8483809977180232
Penshurst,2000+,4.0,0.0,0.07396432090540976,1,0.0
Penshurst,sprint<=1100,0.0,3.0,1.4908609737842864,11,2.012260064991192
Penshurst,sprint<=1100,1.0,6.0,3.31750890350036,23,1.808585952450436
Penshurst,sprint<=1100,2.0,2.0,5.518682093304927,46,0.36240536530022815
Penshurst,sprint<=1100,3.0,0.0,0.6128706969565724,21,0.0
Penshurst,sprint<=1100,4.0,0.0,0.06007733245385362,2,0.0
Pingrup,1500-1800,0.0,1.0,0.09724615542186334,1,10.283182874036532
Pingrup,1500-1800,1.0,0.0,0.020160788319166793,1,0.0
Pingrup,1500-1800,2.0,0.0,0.4338715105266576,4,0.0
Pingrup,1500-1800,3.0,0.0,0.4487215457323123,2,0.0
Pinjarra,1200-1400,0.0,119.0,63.867726962039164,513,1.8632258522481882
Pinjarra,1200-1400,1.0,54.0,44.107364675114844,425,1.2242853409572785
Pinjarra,1200-1400,2.0,158.0,159.83883618750795,1531,0.9884956858335054
Pinjarra,1200-1400,3.0,149.0,187.88514635942383,2291,0.7930376769378211
Pinjarra,1200-1400,4.0,33.0,55.40103522961082,952,0.5956567393232052
Pinjarra,1200-1400,5.0,0.0,1.3523637504721517,44,0.0
Pinjarra,1500-1800,0.0,34.0,19.95729942662703,196,1.7036373145074526
Pinjarra,1500-1800,1.0,26.0,15.442374687845085,144,1.6836788722957858
Pinjarra,1500-1800,2.0,52.0,54.82802035942478,557,0.9484201628859531
Pinjarra,1500-1800,3.0,70.0,77.73495657090503,905,0.9004957754900181
Pinjarra,1500-1800,4.0,13.0,26.94046845371005,420,0.48254543243511167
Pinjarra,1500-1800,5.0,1.0,1.0215254486551106,15,0.9789281327416268
Pinjarra,2000+,0.0,13.0,8.496774407415597,99,1.5299923684750525
Pinjarra,2000+,1.0,10.0,6.80519764287404,77,1.4694650361068278
Pinjarra,2000+,2.0,32.0,27.8867669106313,272,1.1474976680713964
Pinjarra,2000+,3.0,37.0,41.49233622236336,441,0.8917309404250392
Pinjarra,2000+,4.0,7.0,13.963068117454743,186,0.5013224845082254
Pinjarra,2000+,5.0,0.0,0.31555337298238795,6,0.0
Pinjarra,sprint<=1100,0.0,27.0,16.7370150441611,121,1.6131908783471673
Pinjarra,sprint<=1100,1.0,31.0,28.09516442916214,224,1.1033927236183998
Pinjarra,sprint<=1100,2.0,44.0,54.1865086407588,571,0.8120102421011757
Pinjarra,sprint<=1100,3.0,18.0,21.144461888132593,374,0.8512867385905226
Pinjarra,sprint<=1100,4.0,1.0,0.8368499977853673,16,1.1949572834395548
Pinjarra Scarpside,1200-1400,0.0,53.0,26.380951511636965,209,2.009025336960308
Pinjarra Scarpside,1200-1400,1.0,21.0,19.145270645275698,180,1.0968766328295274
Pinjarra Scarpside,1200-1400,2.0,58.0,68.6132690406211,637,0.8453175429618762
Pinjarra Scarpside,1200-1400,3.0,69.0,71.38096238883749,901,0.9666442940924845
Pinjarra Scarpside,1200-1400,4.0,8.0,22.846422043606943,366,0.3501642394914358
Pinjarra Scarpside,1200-1400,5.0,0.0,0.5581633075956507,25,0.0
Pinjarra Scarpside,1500-1800,0.0,11.0,10.767080787034368,102,1.0216325313771315
Pinjarra Scarpside,1500-1800,1.0,8.0,7.824246955068365,89,1.022462614733522
Pinjarra Scarpside,1500-1800,2.0,37.0,30.387733976527336,287,1.2175965482842595
Pinjarra Scarpside,1500-1800,3.0,31.0,36.45548628893601,454,0.8503521185893024
Pinjarra Scarpside,1500-1800,4.0,15.0,15.918335736538777,217,0.9423095635286269
Pinjarra Scarpside,1500-1800,5.0,0.0,0.6471162558951454,14,0.0
Pinjarra Scarpside,2000+,0.0,1.0,2.4824329986856988,27,0.40283061034454537
Pinjarra Scarpside,2000+,1.0,1.0,1.8181518962951149,18,0.5500090515196889
Pinjarra Scarpside,2000+,2.0,10.0,7.193315571601044,71,1.3901795215935815
Pinjarra Scarpside,2000+,3.0,13.0,11.610957229084939,108,1.119632063361285
Pinjarra Scarpside,2000+,4.0,2.0,3.8112041636003213,39,0.5247685283043626
Pinjarra Scarpside,2000+,5.0,0.0,0.08393814073288257,2,0.0
Pinjarra Scarpside,sprint<=1100,0.0,13.0,8.250069629628388,45,1.5757442765468592
Pinjarra Scarpside,sprint<=1100,1.0,9.0,9.224725653563489,72,0.9756387710590961
Pinjarra Scarpside,sprint<=1100,2.0,18.0,19.94324444818632,210,0.9025612681409497
Pinjarra Scarpside,sprint<=1100,3.0,4.0,6.870387602106462,114,0.5822087823361813
Pinjarra Scarpside,sprint<=1100,4.0,1.0,0.5760731968293681,9,1.7358905179131225
Pioneer Park,1200-1400,0.0,64.0,34.78618390631736,227,1.8398108907938375
Pioneer Park,1200-1400,1.0,46.0,40.74800323758845,297,1.1288896717659722
Pioneer Park,1200-1400,2.0,70.0,68.99398079468438,594,1.0145812604770463
Pioneer Park,1200-1400,3.0,42.0,59.794887486219004,644,0.702401187888844
Pioneer Park,1200-1400,4.0,5.0,20.326586266060144,275,0.24598326224352962
Pioneer Park,1200-1400,5.0,0.0,2.350358309130656,34,0.0
Pioneer Park,1500-1800,0.0,14.0,7.306673290727219,56,1.91605665710648
Pioneer Park,1500-1800,1.0,8.0,8.230038294941703,61,0.9720489399079603
Pioneer Park,1500-1800,2.0,10.0,12.85281213221249,121,0.7780398481774583
Pioneer Park,1500-1800,3.0,17.0,18.317758773499037,176,0.9280611351097446
Pioneer Park,1500-1800,4.0,6.0,7.866157819732998,94,0.7627612028007414
Pioneer Park,1500-1800,5.0,1.0,1.4265596888865508,15,0.7009871425572901
Pioneer Park,2000+,0.0,1.0,2.543836239362566,17,0.3931070658269181
Pioneer Park,2000+,1.0,3.0,1.2408854336909767,13,2.417628508279438
Pioneer Park,2000+,2.0,5.0,4.934154956498498,45,1.013344745773495
Pioneer Park,2000+,3.0,5.0,5.2713278782095285,66,0.94852760357952
Pioneer Park,2000+,4.0,2.0,2.566015550530238,34,0.7794185033628197
Pioneer Park,2000+,5.0,1.0,0.4437799417081937,5,2.2533690823222186
Pioneer Park,sprint<=1100,0.0,53.0,24.69712264777873,179,2.1459989795518486
Pioneer Park,sprint<=1100,1.0,46.0,38.39617121057609,291,1.198036120521555
Pioneer Park,sprint<=1100,2.0,59.0,67.07590627406292,605,0.8796004896144693
Pioneer Park,sprint<=1100,3.0,18.0,39.78192713210078,450,0.4524667681439561
Pioneer Park,sprint<=1100,4.0,3.0,8.65684810469194,105,0.3465464524408167
Pioneer Park,sprint<=1100,5.0,0.0,0.3920246307895324,5,0.0
Port Augusta,1200-1400,0.0,39.0,18.757616240974738,125,2.079155448057795
Port Augusta,1200-1400,1.0,22.0,23.281435767404183,178,0.944958902869801
Port Augusta,1200-1400,2.0,42.0,40.05958027706797,379,1.048438343824656
Port Augusta,1200-1400,3.0,18.0,30.275721714367318,407,0.5945357857962512
Port Augusta,1200-1400,4.0,3.0,11.082927918823605,196,0.2706865931072873
Port Augusta,1200-1400,5.0,1.0,1.3788188657375586,26,0.7252584257795743
Port Augusta,1500-1800,0.0,21.0,12.732115215251591,86,1.6493724447956963
Port Augusta,1500-1800,1.0,11.0,12.128139574862711,103,0.9069816464512875
Port Augusta,1500-1800,2.0,30.0,27.43220027279111,233,1.09360531425384
Port Augusta,1500-1800,3.0,18.0,21.735773857997152,272,0.8281278650392903
Port Augusta,1500-1800,4.0,6.0,10.007943863188187,147,0.5995237465379434
Port Augusta,1500-1800,5.0,0.0,1.938080789345921,30,0.0
Port Augusta,2000+,0.0,7.0,5.364167589787302,29,1.3049555001464004
Port Augusta,2000+,1.0,6.0,4.637413062316341,37,1.2938247939904366
Port Augusta,2000+,2.0,9.0,7.360181923077696,67,1.2227958621213817
Port Augusta,2000+,3.0,5.0,7.4617678390921425,90,0.6700824935620537
Port Augusta,2000+,4.0,2.0,2.940088922277938,40,0.6802515341782347
Port Augusta,2000+,5.0,0.0,1.2363806634485819,23,0.0
Port Augusta,sprint<=1100,0.0,25.0,13.525334206074195,81,1.848383161487615
Port Augusta,sprint<=1100,1.0,25.0,16.128518993397766,135,1.5500493263041566
Port Augusta,sprint<=1100,2.0,27.0,31.28931532975269,296,0.8629143755768276
Port Augusta,sprint<=1100,3.0,4.0,17.04671199384017,246,0.2346493565120007
Port Augusta,sprint<=1100,4.0,0.0,2.617535318286475,58,0.0
Port Augusta,sprint<=1100,5.0,0.0,0.3925841586487092,5,0.0
Port Hedland,1200-1400,0.0,16.0,7.861144952353084,58,2.035326927181352
Port Hedland,1200-1400,1.0,10.0,10.278712993909835,67,0.9728844463236814
Port Hedland,1200-1400,2.0,21.0,20.21070487721134,174,1.0390533198908185
Port Hedland,1200-1400,3.0,9.0,15.139389000173246,160,0.5944757744118345
Port Hedland,1200-1400,4.0,2.0,4.291935168731509,54,0.46599026345290867
Port Hedland,1200-1400,5.0,0.0,0.15961379545867133,3,0.0
Port Hedland,1500-1800,0.0,0.0,1.58399283116798,11,0.0
Port Hedland,1500-1800,1.0,2.0,1.7615596086108092,13,1.1353575491988195
Port Hedland,1500-1800,2.0,3.0,2.9740040578127167,28,1.0087410580758933
Port Hedland,1500-1800,3.0,4.0,3.2015784802064386,31,1.2493837101697656
Port Hedland,1500-1800,4.0,2.0,1.3735558375657817,14,1.456074769806522
Port Hedland,1500-1800,5.0,0.0,0.10530918463627367,1,0.0
Port Hedland,2000+,0.0,3.0,1.0125607012613216,7,2.962785338462153
Port Hedland,2000+,1.0,2.0,1.3887179237642235,8,1.440177278463326
Port Hedland,2000+,2.0,0.0,1.6705846877181343,16,0.0
Port Hedland,2000+,3.0,1.0,2.1770181591542723,24,0.4593438946731064
Port Hedland,2000+,4.0,1.0,0.7230144293848805,7,1.3830982610551366
Port Hedland,2000+,5.0,0.0,0.028104098717167528,1,0.0
Port Lincoln,1200-1400,0.0,58.0,34.18668627104524,274,1.6965668898165098
Port Lincoln,1200-1400,1.0,28.0,30.99966958221501,276,0.9032354337113333
Port Lincoln,1200-1400,2.0,84.0,81.96084603999773,790,1.0248796109182077
Port Lincoln,1200-1400,3.0,88.0,94.38279950186968,1109,0.932373276321993
Port Lincoln,1200-1400,4.0,16.0,29.935173429562596,480,0.5344883014507321
Port Lincoln,1200-1400,5.0,0.0,2.290706433927383,58,0.0
Port Lincoln,1500-1800,0.0,6.0,6.343994245729674,65,0.9457763937977676
Port Lincoln,1500-1800,1.0,8.0,4.904437223967967,50,1.6311759402085988
Port Lincoln,1500-1800,2.0,15.0,18.029700569868226,147,0.8319605720501231
Port Lincoln,1500-1800,3.0,24.0,21.03820423651369,230,1.1407817763431467
Port Lincoln,1500-1800,4.0,12.0,12.42759661818266,182,0.9655929757522828
Port Lincoln,1500-1800,5.0,0.0,1.960130416790441,41,0.0
Port Lincoln,2000+,0.0,5.0,1.789418953181779,17,2.794203107723579
Port Lincoln,2000+,1.0,0.0,1.3900359770488115,11,0.0
Port Lincoln,2000+,2.0,3.0,3.282913245039589,37,0.9138225033917468
Port Lincoln,2000+,3.0,5.0,5.498095610601519,62,0.9094057932275527
Port Lincoln,2000+,4.0,4.0,3.9318779503690244,49,1.017325575842094
Port Lincoln,2000+,5.0,0.0,1.0816971700163744,20,0.0
Port Lincoln,sprint<=1100,0.0,32.0,17.904846836865783,125,1.7872255647623039
Port Lincoln,sprint<=1100,1.0,35.0,25.883336040420136,222,1.3522213653349409
Port Lincoln,sprint<=1100,2.0,39.0,53.317656969207825,549,0.7314650008443432
Port Lincoln,sprint<=1100,3.0,18.0,25.224302893728918,372,0.7135975204482272
Port Lincoln,sprint<=1100,4.0,0.0,1.4492583722086172,34,0.0
Port Lincoln,sprint<=1100,5.0,0.0,0.19329222277287855,2,0.0
Port Macquarie,1200-1400,0.0,57.0,26.683637546441354,203,2.1361405430873037
Port Macquarie,1200-1400,1.0,21.0,19.78831282380472,184,1.0612324651921643
Port Macquarie,1200-1400,2.0,63.0,67.75917444126854,629,0.9297633939534838
Port Macquarie,1200-1400,3.0,48.0,65.87848516008833,791,0.7286142036107444
Port Macquarie,1200-1400,4.0,14.0,21.80480780653586,403,0.6420602338812446
Port Macquarie,1200-1400,5.0,0.0,1.0855822218611977,31,0.0
Port Macquarie,1500-1800,0.0,27.0,24.65982901576679,218,1.0948981026079692
Port Macquarie,1500-1800,1.0,17.0,14.957461644635053,130,1.1365564829041408
Port Macquarie,1500-1800,2.0,55.0,53.58272605512473,494,1.0264502023173887
Port Macquarie,1500-1800,3.0,76.0,76.82085655363008,790,0.989314665437803
Port Macquarie,1500-1800,4.0,38.0,41.71901868196699,595,0.9108555570226168
Port Macquarie,1500-1800,5.0,5.0,6.260108048876353,123,0.7987082588610377
Port Macquarie,2000+,0.0,3.0,3.2875549269274877,22,0.9125322821005356
Port Macquarie,2000+,1.0,0.0,0.483031514324253,7,0.0
Port Macquarie,2000+,2.0,9.0,5.452298416157796,39,1.6506800092468616
Port Macquarie,2000+,3.0,4.0,5.812492127407201,66,0.6881729750891369
Port Macquarie,2000+,4.0,4.0,5.201669881945833,59,0.7689838245759045
Port Macquarie,2000+,5.0,2.0,1.7629531332374302,30,1.1344601069044102
Port Macquarie,sprint<=1100,0.0,59.0,33.729056992347275,226,1.7492336063052816
Port Macquarie,sprint<=1100,1.0,56.0,37.698499080071336,315,1.485470280423006
Port Macquarie,sprint<=1100,2.0,74.0,90.90872569673158,881,0.8140032701246026
Port Macquarie,sprint<=1100,3.0,37.0,56.99699583252235,783,0.6491570206387595
Port Macquarie,sprint<=1100,4.0,0.0,6.516846841274519,156,0.0
Port Macquarie,sprint<=1100,5.0,0.0,0.14987555705294334,5,0.0
Queanbeyan,1200-1400,0.0,17.0,10.57722081499821,73,1.6072274841699876
Queanbeyan,1200-1400,1.0,12.0,10.922506419174928,81,1.0986489308839853
Queanbeyan,1200-1400,2.0,28.0,25.373275399763568,201,1.1035232763153988
Queanbeyan,1200-1400,3.0,11.0,19.94703247168867,234,0.5514604749158843
Queanbeyan,1200-1400,4.0,5.0,5.25378129377508,77,0.9516954970935368
Queanbeyan,1200-1400,5.0,0.0,0.4192267417544757,8,0.0
Queanbeyan,1500-1800,0.0,39.0,28.52850279264879,171,1.3670538648123343
Queanbeyan,1500-1800,1.0,9.0,18.385403236610042,153,0.48951877117814296
Queanbeyan,1500-1800,2.0,67.0,50.62764004713448,415,1.3233877766694795
Queanbeyan,1500-1800,3.0,46.0,53.18536240343338,609,0.8648996250334936
Queanbeyan,1500-1800,4.0,9.0,18.423997044196327,285,0.48849334801836913
Queanbeyan,1500-1800,5.0,1.0,1.8490944759769832,35,0.5408052498083649
Queanbeyan,2000+,0.0,3.0,3.4638005281437882,28,0.8661006820758429
Queanbeyan,2000+,1.0,4.0,3.5705410318470854,27,1.1202784015986367
Queanbeyan,2000+,2.0,9.0,7.1308942856009345,65,1.2621137881924935
Queanbeyan,2000+,3.0,9.0,9.91962778418687,95,0.9072921077086308
Queanbeyan,2000+,4.0,3.0,3.1815142570255857,40,0.9429472124398762
Queanbeyan,2000+,5.0,0.0,0.728345080066335,7,0.0
Queanbeyan,sprint<=1100,0.0,18.0,12.919481829195808,80,1.3932447321008723
Queanbeyan,sprint<=1100,1.0,24.0,20.624646359703675,158,1.1636563159158488
Queanbeyan,sprint<=1100,2.0,29.0,31.353565843762475,306,0.9249346675433826
Queanbeyan,sprint<=1100,3.0,9.0,14.536137555556314,210,0.6191465900485943
Queanbeyan,sprint<=1100,4.0,0.0,0.46984248522297384,19,0.0
Queanbeyan,sprint<=1100,5.0,0.0,0.09632592655875365,3,0.0
Quirindi,1200-1400,0.0,21.0,11.19560119372661,92,1.87573669663825
Quirindi,1200-1400,1.0,11.0,11.506987419125604,96,0.9559409078450066
Quirindi,1200-1400,2.0,31.0,26.408920868882515,257,1.1738457680233019
Quirindi,1200-1400,3.0,24.0,29.624048814948356,353,0.8101525942628596
Quirindi,1200-1400,4.0,5.0,12.429762712619352,192,0.4022602937483059
Quirindi,1200-1400,5.0,0.0,0.8145052270007569,16,0.0
Quirindi,1500-1800,0.0,7.0,4.159733876906107,33,1.6827999595989547
Quirindi,1500-1800,1.0,2.0,2.473993958326726,18,0.8084094115382119
Quirindi,1500-1800,2.0,10.0,7.1533555877942625,73,1.3979453247176687
Quirindi,1500-1800,3.0,8.0,10.985727260479553,127,0.7282176054724647
Quirindi,1500-1800,4.0,6.0,7.466855426341644,91,0.8035511145472488
Quirindi,1500-1800,5.0,0.0,0.7603338901517076,17,0.0
Quirindi,2000+,0.0,0.0,0.2542772185554899,4,0.0
Quirindi,2000+,1.0,1.0,0.3576662811953667,6,2.7959023608763776
Quirindi,2000+,2.0,1.0,1.4287959588825236,15,0.6998899974368002
Quirindi,2000+,3.0,1.0,1.3218321195626883,16,0.7565257230478236
Quirindi,2000+,4.0,1.0,0.6374284218039317,6,1.5688035955001591
Quirindi,sprint<=1100,0.0,14.0,8.038191671967601,59,1.7416852659564732
Quirindi,sprint<=1100,1.0,15.0,13.90953356586436,113,1.0783970525662898
Quirindi,sprint<=1100,2.0,23.0,24.365508130888095,248,0.9439573300276449
Quirindi,sprint<=1100,3.0,7.0,11.466722440637284,160,0.6104621469856527
Quirindi,sprint<=1100,4.0,0.0,1.0809837882949092,19,0.0
Quirindi,sprint<=1100,5.0,0.0,0.08585023148222684,3,0.0
Randwick,1200-1400,0.0,100.0,75.29491307830743,668,1.3281109694090363
Randwick,1200-1400,1.0,55.0,63.585066154504304,626,0.8649829799084647
Randwick,1200-1400,2.0,196.0,189.03507462101658,1871,1.0368446194069907
Randwick,1200-1400,3.0,235.0,238.04787405394762,2853,0.9871963819628278
Randwick,1200-1400,4.0,79.0,93.52764385359492,1451,0.8446700541677707
Randwick,1200-1400,5.0,3.0,8.142904021436086,154,0.368418931636986
Randwick,1500-1800,0.0,60.0,39.451068138047525,392,1.5208713688067321
Randwick,1500-1800,1.0,20.0,26.38826188433407,282,0.7579127449797445
Randwick,1500-1800,2.0,97.0,84.80088408697257,861,1.1438559991959034
Randwick,1500-1800,3.0,149.0,143.00435597843781,1584,1.0419263034369821
Randwick,1500-1800,4.0,57.0,84.65020438039856,1271,0.6733592720444608
Randwick,1500-1800,5.0,9.0,13.61371298852939,272,0.6610981153769878
Randwick,2000+,0.0,26.0,17.691052933456838,177,1.4696694480422647
Randwick,2000+,1.0,13.0,11.7084959960723,134,1.1103048593398286
Randwick,2000+,2.0,43.0,43.596951967795185,437,0.9863074838755665
Randwick,2000+,3.0,69.0,60.08284180334941,678,1.1484143880184023
Randwick,2000+,4.0,20.0,36.614209358116575,518,0.5462360201304315
Randwick,2000+,5.0,6.0,7.079995913845119,115,0.8474581162210619
Randwick,sprint<=1100,0.0,48.0,37.63868951463561,276,1.275283507980145
Randwick,sprint<=1100,1.0,47.0,38.901734141355696,383,1.208172361397
Randwick,sprint<=1100,2.0,114.0,106.20222377087777,1085,1.0734238507655478
Randwick,sprint<=1100,3.0,62.0,84.31440416716072,1129,0.7353429181220276
Randwick,sprint<=1100,4.0,5.0,8.869932186431745,175,0.563702167604895
Randwick,sprint<=1100,5.0,0.0,0.041322818547328326,1,0.0
Randwick-Kensington,1200-1400,0.0,52.0,28.61827357820488,205,1.817020857596462
Randwick-Kensington,1200-1400,1.0,21.0,21.023948696178635,170,0.9988608849591138
Randwick-Kensington,1200-1400,2.0,47.0,52.05256502446713,477,0.9029334092932368
Randwick-Kensington,1200-1400,3.0,67.0,72.95017927150593,739,0.9184350287973857
Randwick-Kensington,1200-1400,4.0,18.0,28.827663099614828,336,0.6244002483933739
Randwick-Kensington,1200-1400,5.0,0.0,1.5273703300285926,23,0.0
Randwick-Kensington,1500-1800,0.0,27.0,13.083097171131701,103,2.0637315191372587
Randwick-Kensington,1500-1800,1.0,11.0,9.453237799475456,84,1.1636224787035794
Randwick-Kensington,1500-1800,2.0,25.0,25.927510390859588,212,0.9642267854924255
Randwick-Kensington,1500-1800,3.0,30.0,37.432003113154664,367,0.8014532353321255
Randwick-Kensington,1500-1800,4.0,9.0,15.67099999282129,177,0.5743092338793184
Randwick-Kensington,1500-1800,5.0,1.0,1.4005147435308307,18,0.7140231865598965
Randwick-Kensington,2000+,0.0,2.0,1.815038908944657,18,1.1019047526440562
Randwick-Kensington,2000+,1.0,1.0,1.444545998321052,13,0.6922590219780241
Randwick-Kensington,2000+,2.0,3.0,4.056332858650158,35,0.7395842758817188
Randwick-Kensington,2000+,3.0,10.0,7.572215726452723,62,1.3206174204818377
Randwick-Kensington,2000+,4.0,2.0,2.974039813599477,29,0.6724859535687931
Randwick-Kensington,2000+,5.0,0.0,0.008304111191287282,1,0.0
Randwick-Kensington,sprint<=1100,0.0,31.0,19.842425760560893,142,1.5623089824841916
Randwick-Kensington,sprint<=1100,1.0,16.0,21.38328259968595,174,0.7482480730173293
Randwick-Kensington,sprint<=1100,2.0,55.0,57.33363131885249,506,0.9592973397084453
Randwick-Kensington,sprint<=1100,3.0,36.0,39.97121816149886,485,0.9006480576735582
Randwick-Kensington,sprint<=1100,4.0,4.0,3.3131432302825035,55,1.2073127305332134
Rockhampton,1200-1400,0.0,76.0,53.147210922813386,411,1.4299903735376842
Rockhampton,1200-1400,1.0,43.0,38.346301615793415,318,1.1213597710369518
Rockhampton,1200-1400,2.0,133.0,126.3100198238726,1037,1.0529647623003777
Rockhampton,1200-1400,3.0,123.0,135.73811243942535,1527,0.9061566997617572
Rockhampton,1200-1400,4.0,34.0,51.314350916625244,816,0.6625826770223142
Rockhampton,1200-1400,5.0,2.0,5.56160377370484,87,0.35960850168003033
Rockhampton,1500-1800,0.0,28.0,17.85892290567817,139,1.5678437130773164
Rockhampton,1500-1800,1.0,10.0,9.635487783716343,81,1.0378301778244865
Rockhampton,1500-1800,2.0,27.0,36.20435140543273,308,0.7457667090246077
Rockhampton,1500-1800,3.0,52.0,49.82629563201681,501,1.043625646667308
Rockhampton,1500-1800,4.0,20.0,22.46805960026377,325,0.890152525666489
Rockhampton,1500-1800,5.0,2.0,2.6184667040155554,42,0.7638057787532282
Rockhampton,2000+,0.0,2.0,0.46376004645466007,3,4.31257503808175
Rockhampton,2000+,2.0,0.0,1.1635677163109897,8,0.0
Rockhampton,2000+,3.0,0.0,0.5871876617434105,6,0.0
Rockhampton,2000+,4.0,1.0,0.6526295126260016,8,1.5322629158713268
Rockhampton,2000+,5.0,0.0,0.07738988728371618,2,0.0
Rockhampton,sprint<=1100,0.0,72.0,45.44836462334364,256,1.5842154188980133
Rockhampton,sprint<=1100,1.0,38.0,32.28666142504915,270,1.1769566230380897
Rockhampton,sprint<=1100,2.0,82.0,95.30492679375143,790,0.8603962330033104
Rockhampton,sprint<=1100,3.0,60.0,69.05400578549241,903,0.8688851474653398
Rockhampton,sprint<=1100,4.0,4.0,12.951169147120977,246,0.3088524251796366
Rockhampton,sprint<=1100,5.0,0.0,0.9286502391034916,16,0.0
Rockingham,1200-1400,0.0,1.0,0.31506160292808744,2,3.1739824551970215
Rockingham,1200-1400,1.0,0.0,0.1462899959039781,1,0.0
Rockingham,1200-1400,2.0,1.0,0.8880920174551732,6,1.1260094453562357
Rockingham,1200-1400,3.0,0.0,0.3919856900978667,6,0.0
Rockingham,1200-1400,4.0,0.0,0.2585706936148946,3,0.0
Rockingham,1500-1800,0.0,0.0,0.2083504915337507,2,0.0
Rockingham,1500-1800,2.0,0.0,0.5443995950322175,6,0.0
Rockingham,1500-1800,3.0,2.0,1.1781273644731942,7,1.697609325027698
Rockingham,1500-1800,4.0,0.0,0.06912254896083765,1,0.0
Rockingham,sprint<=1100,0.0,0.0,0.06965244504868943,2,0.0
Rockingham,sprint<=1100,1.0,1.0,0.5187848913632579,3,1.927581193377104
Rockingham,sprint<=1100,2.0,1.0,0.986111097007063,9,1.0140845215463967
Rockingham,sprint<=1100,3.0,0.0,0.4254515665809896,5,0.0
Roebourne,1200-1400,0.0,13.0,4.684496111020602,27,2.7751117071944194
Roebourne,1200-1400,1.0,3.0,2.490078231086739,25,1.204781425156557
Roebourne,1200-1400,2.0,5.0,8.121589359322702,65,0.6156430445797587
Roebourne,1200-1400,3.0,3.0,6.839527261896103,77,0.4386268063749655
Roebourne,1200-1400,4.0,3.0,4.585095119015761,43,0.6542939507531922
Roebourne,1200-1400,5.0,0.0,0.1416709354761611,4,0.0
Roebourne,1500-1800,0.0,4.0,1.212387250538832,9,3.2992758693414537
Roebourne,1500-1800,1.0,0.0,0.44651349126033296,4,0.0
Roebourne,1500-1800,2.0,3.0,2.906010762807279,24,1.0323430451103786
Roebourne,1500-1800,3.0,1.0,3.126217702079062,25,0.3198753558765147
Roebourne,1500-1800,4.0,1.0,1.1157585980826146,17,0.8962512157365035
Roebourne,1500-1800,5.0,0.0,0.19311219523187959,4,0.0
Roebourne,2000+,0.0,1.0,0.5757720497361137,5,1.7367984438604085
Roebourne,2000+,1.0,1.0,0.7137711224307477,6,1.4010093271839015
Roebourne,2000+,2.0,0.0,1.2638319410930021,13,0.0
Roebourne,2000+,3.0,2.0,1.712356705068458,17,1.167980943503265
Roebourne,2000+,4.0,1.0,0.7211407807668254,5,1.3866917898286788
Roebourne,2000+,5.0,0.0,0.01312740090485299,1,0.0
Roebourne,sprint<=1100,0.0,1.0,0.9990710361364035,7,1.0009298276398733
Roebourne,sprint<=1100,1.0,1.0,1.3666944394636025,10,0.731692447942115
Roebourne,sprint<=1100,2.0,3.0,3.1772403734169936,22,0.9442156234385317
Roebourne,sprint<=1100,3.0,2.0,1.2922651485238665,17,1.547669998130467
Roebourne,sprint<=1100,4.0,0.0,0.16472900245913402,4,0.0
Roma,1200-1400,0.0,4.0,2.766059841208725,20,1.4461003122232028
Roma,1200-1400,1.0,5.0,2.5563827655895284,25,1.9558886358111354
Roma,1200-1400,2.0,5.0,6.597995363019813,60,0.757805928149602
Roma,1200-1400,3.0,5.0,5.588768307405088,62,0.8946515090588076
Roma,1200-1400,4.0,1.0,1.9392800740326785,32,0.5156552750632496
Roma,1200-1400,5.0,0.0,0.47065137405132706,9,0.0
Roma,1500-1800,0.0,3.0,1.784760869325431,16,1.680897453300778
Roma,1500-1800,1.0,3.0,2.299683486888765,17,1.3045273478302406
Roma,1500-1800,2.0,4.0,3.923227987578511,36,1.019568582979261
Roma,1500-1800,3.0,4.0,5.676583137833374,65,0.7046492410796807
Roma,1500-1800,4.0,2.0,1.4653311942124791,21,1.364879153531479
Roma,1500-1800,5.0,0.0,0.8504133241614394,11,0.0
Roma,sprint<=1100,0.0,10.0,4.376406367460974,26,2.2849797665845237
Roma,sprint<=1100,1.0,8.0,7.252652226895321,55,1.103044755177045
Roma,sprint<=1100,2.0,7.0,8.752764196139948,98,0.79974735330892
Roma,sprint<=1100,3.0,1.0,4.844964481969697,74,0.2063998619022806
Roma,sprint<=1100,4.0,0.0,0.6343198945544058,18,0.0
Roma,sprint<=1100,5.0,0.0,0.09281691672205522,3,0.0
Rosehill,1200-1400,0.0,111.0,70.25990904288967,550,1.5798483304645445
Rosehill,1200-1400,1.0,36.0,43.086349155805436,440,0.8355314549817079
Rosehill,1200-1400,2.0,171.0,154.29517869937246,1426,1.1082653485445264
Rosehill,1200-1400,3.0,183.0,196.11739504458282,2212,0.9331145763913452
Rosehill,1200-1400,4.0,49.0,80.62581868951132,1314,0.6077457667586382
Rosehill,1200-1400,5.0,0.0,5.172434979618205,115,0.0
Rosehill,1500-1800,0.0,58.0,32.00011799617498,295,1.8124933166475456
Rosehill,1500-1800,1.0,20.0,23.804602250930294,230,0.8401736684854035
Rosehill,1500-1800,2.0,69.0,68.90144412148216,676,1.0014303891561993
Rosehill,1500-1800,3.0,94.0,104.94539762967665,1211,0.8957038814765376
Rosehill,1500-1800,4.0,52.0,58.614602302057236,895,0.8871509480185439
Rosehill,1500-1800,5.0,2.0,6.435986200925073,128,0.3107526861559354
Rosehill,2000+,0.0,18.0,20.963653049472114,190,0.8586289783332041
Rosehill,2000+,1.0,6.0,13.067881294837987,147,0.4591409934501082
Rosehill,2000+,2.0,60.0,44.76069104860384,418,1.3404618783666322
Rosehill,2000+,3.0,71.0,65.12995531417273,705,1.090128185372022
Rosehill,2000+,4.0,31.0,39.20346798275736,521,0.7907463700312063
Rosehill,2000+,5.0,4.0,6.5529444554261325,111,0.6104126209535959
Rosehill,sprint<=1100,0.0,40.0,22.853233040892626,178,1.7502993965197686
Rosehill,sprint<=1100,1.0,24.0,21.1458928827609,189,1.134972173228301
Rosehill,sprint<=1100,2.0,59.0,57.00400752706947,544,1.0350149499924666
Rosehill,sprint<=1100,3.0,46.0,62.52752053208293,704,0.7356760608538341
Rosehill,sprint<=1100,4.0,9.0,14.40573117872374,230,0.6247513498858269
Rosehill,sprint<=1100,5.0,0.0,0.06361483847033966,3,0.0
Sale,1200-1400,0.0,67.0,42.136331371711506,353,1.5900767299590035
Sale,1200-1400,1.0,47.0,43.451106150633265,364,1.0816755697096336
Sale,1200-1400,2.0,128.0,117.02721536675246,1078,1.0937626739118746
Sale,1200-1400,3.0,86.0,112.84378601038591,1382,0.7621155142037217
Sale,1200-1400,4.0,25.0,35.532020113744046,533,0.7035907308385716
Sale,1200-1400,5.0,0.0,1.3819389245392275,35,0.0
Sale,1500-1800,0.0,29.0,22.0784292395146,203,1.3134992387999054
Sale,1500-1800,1.0,15.0,16.357608144676465,180,0.9170044830106598
Sale,1500-1800,2.0,53.0,55.543945795902935,503,0.9541994044634369
Sale,1500-1800,3.0,83.0,77.9638253696098,842,1.0645962997135503
Sale,1500-1800,4.0,22.0,29.021334087154194,413,0.7580630143993942
Sale,1500-1800,5.0,1.0,1.9501860225106984,31,0.5127715963796035
Sale,2000+,0.0,3.0,5.608718594191017,62,0.5348815330309347
Sale,2000+,1.0,6.0,5.552733763978718,59,1.080548835048198
Sale,2000+,2.0,18.0,17.82508543679475,167,1.0098128316874257
Sale,2000+,3.0,32.0,25.148794157664398,241,1.2724268129669993
Sale,2000+,4.0,3.0,6.762174245872755,103,0.4436442911584286
Sale,2000+,5.0,0.0,0.7061104497077897,8,0.0
Sale,sprint<=1100,0.0,40.0,27.092792658533277,203,1.4764074159553797
Sale,sprint<=1100,1.0,45.0,41.86084818705637,321,1.074990162619645
Sale,sprint<=1100,2.0,80.0,78.5569525787042,797,1.0183694424735996
Sale,sprint<=1100,3.0,35.0,49.658504431111574,687,0.7048138159004268
Sale,sprint<=1100,4.0,3.0,5.255850933795061,102,0.5707924440379453
Sale,sprint<=1100,5.0,0.0,0.012266813484258286,2,0.0
Sandown-Hillside,1200-1400,0.0,66.0,41.02540543004216,357,1.608759238529533
Sandown-Hillside,1200-1400,1.0,34.0,31.426673092290873,291,1.0818835293240243
Sandown-Hillside,1200-1400,2.0,114.0,108.18358352504026,960,1.0537643169641673
Sandown-Hillside,1200-1400,3.0,112.0,129.91602684318232,1485,0.8620953297408932
Sandown-Hillside,1200-1400,4.0,30.0,44.604799863370935,631,0.6725733573941161
Sandown-Hillside,1200-1400,5.0,1.0,1.774799494939752,42,0.5634439286528794
Sandown-Hillside,1500-1800,0.0,49.0,32.82279547399955,285,1.492864921844185
Sandown-Hillside,1500-1800,1.0,17.0,21.859594296295608,198,0.777690554068557
Sandown-Hillside,1500-1800,2.0,84.0,72.63547166360284,716,1.1564597582436
Sandown-Hillside,1500-1800,3.0,87.0,104.97370974679792,1163,0.8287789410305547
Sandown-Hillside,1500-1800,4.0,44.0,46.721716941455504,648,0.941746213118282
Sandown-Hillside,1500-1800,5.0,4.0,5.96633198883279,84,0.6704286666392044
Sandown-Hillside,2000+,0.0,11.0,8.597831211251183,86,1.2793924106820476
Sandown-Hillside,2000+,1.0,11.0,8.990808350958215,78,1.2234717469900969
Sandown-Hillside,2000+,2.0,28.0,22.683929896123846,221,1.2343540175013743
Sandown-Hillside,2000+,3.0,21.0,28.50831619539227,318,0.7366271601615735
Sandown-Hillside,2000+,4.0,14.0,14.930575919867366,185,0.9376731396791537
Sandown-Hillside,2000+,5.0,1.0,2.1334218309760127,22,0.46873055552380516
Sandown-Hillside,sprint<=1100,0.0,30.0,19.763984163543366,168,1.517912570246741
Sandown-Hillside,sprint<=1100,1.0,22.0,29.297266527573385,248,0.7509232978883713
Sandown-Hillside,sprint<=1100,2.0,74.0,71.66654304549833,730,1.032559920645541
Sandown-Hillside,sprint<=1100,3.0,42.0,44.543752286405336,519,0.94289317455679
Sandown-Hillside,sprint<=1100,4.0,0.0,2.7077463925798666,37,0.0
Sandown-Hillside,sprint<=1100,5.0,0.0,0.02070758439971088,1,0.0
Sandown-Lakeside,1200-1400,0.0,80.0,43.39187679987338,357,1.8436630517035724
Sandown-Lakeside,1200-1400,1.0,32.0,31.026675828047722,264,1.031370559235753
Sandown-Lakeside,1200-1400,2.0,112.0,108.84150504336304,998,1.0290192142728878
Sandown-Lakeside,1200-1400,3.0,98.0,126.40467100971584,1421,0.7752878055627187
Sandown-Lakeside,1200-1400,4.0,34.0,45.420505844362225,666,0.7485605756242413
Sandown-Lakeside,1200-1400,5.0,1.0,1.9147654746377991,39,0.522257171045536
Sandown-Lakeside,1500-1800,0.0,21.0,14.065496397349808,121,1.4930152059160016
Sandown-Lakeside,1500-1800,1.0,8.0,9.04517723722596,73,0.8844492252816814
Sandown-Lakeside,1500-1800,2.0,31.0,30.729937139833368,284,1.0087882659485354
Sandown-Lakeside,1500-1800,3.0,43.0,42.73038918414802,445,1.0063095801606226
Sandown-Lakeside,1500-1800,4.0,17.0,22.77246213708285,298,0.7465156774733229
Sandown-Lakeside,1500-1800,5.0,1.0,1.6473843630780025,32,0.6070228796706447
Sandown-Lakeside,2000+,0.0,25.0,12.610998993027577,124,1.982396478964284
Sandown-Lakeside,2000+,1.0,5.0,6.155435400010745,61,0.8122902240175036
Sandown-Lakeside,2000+,2.0,36.0,30.90404661170513,286,1.1648959908818135
Sandown-Lakeside,2000+,3.0,37.0,40.61236088025874,449,0.9110526745561676
Sandown-Lakeside,2000+,4.0,19.0,29.08475791308167,338,0.6532631303578507
Sandown-Lakeside,2000+,5.0,2.0,4.060804436269567,67,0.49251325233413296
Sandown-Lakeside,sprint<=1100,0.0,3.0,1.273226911292718,12,2.35621786925166
Sandown-Lakeside,sprint<=1100,1.0,2.0,1.817554177742062,13,1.1003798535923641
Sandown-Lakeside,sprint<=1100,2.0,4.0,4.687395277782203,44,0.8533523978572087
Sandown-Lakeside,sprint<=1100,3.0,3.0,3.7836168737979867,48,0.7928921188546784
Sandown-Lakeside,sprint<=1100,4.0,0.0,0.43820675938502984,9,0.0
Sapphire Coast,1200-1400,0.0,51.0,26.965004440849604,194,1.8913403152546675
Sapphire Coast,1200-1400,1.0,17.0,21.682412694933863,185,0.7840455875084457
Sapphire Coast,1200-1400,2.0,51.0,56.73299508583683,496,0.8989477802615069
Sapphire Coast,1200-1400,3.0,63.0,69.56781137032443,750,0.905591231908065
Sapphire Coast,1200-1400,4.0,11.0,16.63481958145241,289,0.6612635590147816
Sapphire Coast,1200-1400,5.0,1.0,2.1607462283079433,36,0.46280307557592687
Sapphire Coast,1500-1800,0.0,14.0,9.715485731221138,82,1.440998462383655
Sapphire Coast,1500-1800,1.0,4.0,7.795974537599333,63,0.5130853084124807
Sapphire Coast,1500-1800,2.0,27.0,23.069778784467225,210,1.170362327799128
Sapphire Coast,1500-1800,3.0,30.0,28.001766887142814,306,1.0713609652173302
Sapphire Coast,1500-1800,4.0,7.0,12.856771428828637,174,0.5444601732830029
Sapphire Coast,1500-1800,5.0,0.0,0.5602226307408544,13,0.0
Sapphire Coast,2000+,0.0,1.0,1.1075172207927884,13,0.9029204975107973
Sapphire Coast,2000+,1.0,1.0,1.2507022449434801,13,0.7995508155861594
Sapphire Coast,2000+,2.0,5.0,4.107803576450244,33,1.2171954931498326
Sapphire Coast,2000+,3.0,5.0,4.581275920651814,40,1.0913990090534889
Sapphire Coast,2000+,4.0,1.0,1.7504121567546003,18,0.571294021320143
Sapphire Coast,2000+,5.0,0.0,0.07629496208072734,2,0.0
Sapphire Coast,sprint<=1100,0.0,20.0,13.171306492606586,80,1.5184522515838916
Sapphire Coast,sprint<=1100,1.0,22.0,19.059046335490354,143,1.1543074932890645
Sapphire Coast,sprint<=1100,2.0,31.0,31.481104999323115,294,0.9847176584388172
Sapphire Coast,sprint<=1100,3.0,7.0,14.82516009231307,212,0.47217028055093585
Sapphire Coast,sprint<=1100,4.0,0.0,1.4110524535983866,28,0.0
Sapphire Coast,sprint<=1100,5.0,0.0,0.05232962666848589,1,0.0
Scone,1200-1400,0.0,24.0,12.23301105330438,121,1.9619045462659923
Scone,1200-1400,1.0,9.0,9.999757803814848,101,0.9000217981846074
Scone,1200-1400,2.0,36.0,37.12649713904844,344,0.9696578663257831
Scone,1200-1400,3.0,38.0,40.60239741094819,472,0.9359053263626628
Scone,1200-1400,4.0,14.0,19.19268400671028,299,0.7294446152036486
Scone,1200-1400,5.0,0.0,1.5187012823538508,39,0.0
Scone,1500-1800,0.0,7.0,4.2157203196012905,61,1.660451706782588
Scone,1500-1800,1.0,9.0,6.841891483699087,48,1.3154257154534883
Scone,1500-1800,2.0,19.0,13.918150578303239,153,1.3651239001264124
Scone,1500-1800,3.0,20.0,23.4075161141476,253,0.8544264116905559
Scone,1500-1800,4.0,6.0,11.315608797535752,156,0.5302410243544868
Scone,1500-1800,5.0,0.0,1.3011127067130308,21,0.0
Scone,2000+,0.0,0.0,0.3913611638190216,10,0.0
Scone,2000+,1.0,1.0,0.5720321840729303,7,1.7481533868949348
Scone,2000+,2.0,2.0,2.709585112603684,18,0.7381203825991529
Scone,2000+,3.0,3.0,3.500143285357195,31,0.8571077682877903
Scone,2000+,4.0,4.0,2.7871398217295202,30,1.4351630186668771
Scone,2000+,5.0,0.0,0.039738432417648906,2,0.0
Scone,sprint<=1100,0.0,36.0,17.764694238661107,119,2.0264913944678877
Scone,sprint<=1100,1.0,27.0,24.121401244080896,196,1.1193379574756452
Scone,sprint<=1100,2.0,36.0,43.96486408608051,498,0.8188356941014125
Scone,sprint<=1100,3.0,17.0,27.929581970331384,420,0.6086736284867602
Scone,sprint<=1100,4.0,2.0,3.888187480894475,75,0.5143784886473378
Scone,sprint<=1100,5.0,0.0,0.2566461586806838,3,0.0
Seymour,1200-1400,0.0,32.0,27.086379755228588,204,1.1814055731764197
Seymour,1200-1400,1.0,18.0,21.694664630669106,212,0.8296970848101488
Seymour,1200-1400,2.0,70.0,67.50642961918221,669,1.0369382649161647
Seymour,1200-1400,3.0,65.0,67.22511592072401,867,0.9669005268306565
Seymour,1200-1400,4.0,18.0,19.569245673313002,317,0.9198106202196125
Seymour,1200-1400,5.0,1.0,0.9181644008830716,16,1.0891295709550715
Seymour,1500-1800,0.0,6.0,8.570280891561907,87,0.7000937397404857
Seymour,1500-1800,1.0,8.0,6.518460093870479,73,1.2272837272598573
Seymour,1500-1800,2.0,29.0,26.25744349125566,241,1.1044487255454887
Seymour,1500-1800,3.0,35.0,32.087310541223765,356,1.0907738732117855
Seymour,1500-1800,4.0,9.0,12.334813006868497,188,0.7296421919804098
Seymour,1500-1800,5.0,0.0,1.1992907266262216,21,0.0
Seymour,2000+,0.0,6.0,4.351715223845702,49,1.378766691147973
Seymour,2000+,1.0,2.0,3.5361485914655497,37,0.5655870923600255
Seymour,2000+,2.0,13.0,11.999012134636304,124,1.0834225229653904
Seymour,2000+,3.0,17.0,18.376609267372334,196,0.9250890494898586
Seymour,2000+,4.0,11.0,10.262846028298554,121,1.071827441400644
Seymour,2000+,5.0,0.0,0.47366875438155637,10,0.0
Seymour,sprint<=1100,0.0,16.0,9.8712314703872,92,1.6208717268963402
Seymour,sprint<=1100,1.0,22.0,17.4146379461177,151,1.2633050464827222
Seymour,sprint<=1100,2.0,34.0,39.29049492203628,404,0.8653492420359133
Seymour,sprint<=1100,3.0,19.0,23.035083784352448,284,0.824828777610375
Seymour,sprint<=1100,4.0,1.0,2.388551877106369,48,0.41866371402050445
St Arnaud,1200-1400,0.0,4.0,2.134885348770235,14,1.873636915586185
St Arnaud,1200-1400,1.0,4.0,1.2963441461406147,10,3.0856003877585447
St Arnaud,1200-1400,2.0,2.0,4.732007539947473,43,0.42265359535378105
St Arnaud,1200-1400,3.0,4.0,4.687682255975348,54,0.8533001559355339
St Arnaud,1200-1400,4.0,0.0,1.1490807091663295,17,0.0
St Arnaud,1500-1800,0.0,1.0,0.5398470563004881,5,1.8523764987307496
St Arnaud,1500-1800,1.0,0.0,0.3041282839287264,4,0.0
St Arnaud,1500-1800,2.0,2.0,1.0775032949347814,11,1.8561428158983542
St Arnaud,1500-1800,3.0,2.0,2.666171624937747,19,0.7501392563378955
St Arnaud,1500-1800,4.0,0.0,0.40218586057177597,8,0.0
St Arnaud,1500-1800,5.0,0.0,0.010163879326480794,1,0.0
St Arnaud,2000+,0.0,3.0,1.919429478718343,16,1.5629644294111729
St Arnaud,2000+,1.0,2.0,0.828894850836175,10,2.4128512777977016
St Arnaud,2000+,2.0,4.0,5.013479333098531,44,0.7978491052296489
St Arnaud,2000+,3.0,7.0,5.679841511856421,57,1.2324287544622163
St Arnaud,2000+,4.0,0.0,2.3130518776999995,23,0.0
St Arnaud,2000+,5.0,0.0,0.24530294779053047,4,0.0
St Arnaud,sprint<=1100,0.0,4.0,1.5458630031170275,13,2.5875514142809104
St Arnaud,sprint<=1100,1.0,3.0,2.328817962799737,17,1.2882071711579202
St Arnaud,sprint<=1100,2.0,4.0,4.721248077537452,34,0.8472335988932725
St Arnaud,sprint<=1100,3.0,2.0,3.7877353661065225,48,0.5280199926046666
St Arnaud,sprint<=1100,4.0,0.0,0.6163355904392611,13,0.0
Stawell,1200-1400,0.0,18.0,8.766508008004811,60,2.0532690991172275
Stawell,1200-1400,1.0,8.0,5.181597827914269,53,1.543925303678038
Stawell,1200-1400,2.0,15.0,18.112530442135505,180,0.8281559579938775
Stawell,1200-1400,3.0,15.0,21.21731398892509,242,0.7069697892876369
Stawell,1200-1400,4.0,4.0,5.8770720363009055,104,0.6806110211501925
Stawell,1200-1400,5.0,0.0,0.8339134306700786,13,0.0
Stawell,1500-1800,0.0,9.0,5.645735822015984,54,1.5941234736672947
Stawell,1500-1800,1.0,6.0,3.856051302341139,33,1.5559958956866566
Stawell,1500-1800,2.0,17.0,16.611083888111608,132,1.023413048450543
Stawell,1500-1800,3.0,17.0,20.32712902979129,215,0.8363207600583892
Stawell,1500-1800,4.0,5.0,7.478913333530185,120,0.66854632177425
Stawell,1500-1800,5.0,0.0,0.06040789012127474,3,0.0
Stawell,2000+,0.0,5.0,4.790340535581687,36,1.0437671315558894
Stawell,2000+,1.0,5.0,2.696755840602189,29,1.854079603618655
Stawell,2000+,2.0,10.0,9.428639005410659,86,1.0605984590418047
Stawell,2000+,3.0,11.0,12.977395903956197,135,0.847627681347582
Stawell,2000+,4.0,4.0,5.090315590486178,86,0.7858058953114847
Stawell,2000+,5.0,1.0,1.0081971365379332,23,0.9918695101971015
Stawell,sprint<=1100,0.0,12.0,5.565666488293747,41,2.156076010885591
Stawell,sprint<=1100,1.0,3.0,5.3872830607158,43,0.55686697101106
Stawell,sprint<=1100,2.0,21.0,17.542960623759683,145,1.1970613427449757
Stawell,sprint<=1100,3.0,4.0,10.93650202110541,147,0.3657476579148201
Stawell,sprint<=1100,4.0,1.0,1.5595112492255587,42,0.6412265384405481
Stony Creek,1500-1800,0.0,14.0,7.547221923712341,57,1.8549871915139942
Stony Creek,1500-1800,1.0,6.0,5.744641326161008,44,1.0444516305441198
Stony Creek,1500-1800,2.0,18.0,16.74605167704491,127,1.074880237272525
Stony Creek,1500-1800,3.0,11.0,17.565327670154325,202,0.626233692109847
Stony Creek,1500-1800,4.0,7.0,6.740482996111689,118,1.0385012474681734
Stony Creek,1500-1800,5.0,1.0,2.648095285656341,38,0.3776299158933573
Stony Creek,2000+,0.0,14.0,7.2555249525675976,55,1.929564034514919
Stony Creek,2000+,1.0,9.0,5.692334532849154,47,1.5810736259548819
Stony Creek,2000+,2.0,17.0,18.65316909143062,138,0.9113732855083538
Stony Creek,2000+,3.0,13.0,17.151562710753023,200,0.7579484283289104
Stony Creek,2000+,4.0,2.0,5.756096477131385,98,0.34745769254318026
Stony Creek,2000+,5.0,0.0,0.4913122352682191,8,0.0
Stony Creek,sprint<=1100,0.0,26.0,14.14863453607867,85,1.83763316054992
Stony Creek,sprint<=1100,1.0,13.0,15.182476269111769,115,0.856250309209971
Stony Creek,sprint<=1100,2.0,32.0,35.44262665779774,295,0.902867620646837
Stony Creek,sprint<=1100,3.0,12.0,16.638528982931987,262,0.7212176035699881
Stony Creek,sprint<=1100,4.0,2.0,3.4580698319505783,60,0.5783573198901738
Stony Creek,sprint<=1100,5.0,0.0,0.12966372212925534,5,0.0
Strathalbyn,1200-1400,0.0,46.0,32.53341612755982,286,1.4139308279105778
Strathalbyn,1200-1400,1.0,27.0,30.68881537217736,264,0.8797993559724805
Strathalbyn,1200-1400,2.0,75.0,83.44178467841914,885,0.8988302478074577
Strathalbyn,1200-1400,3.0,114.0,100.01644412568291,1176,1.1398125677888031
Strathalbyn,1200-1400,4.0,22.0,35.38239128466358,561,0.62177821230347
Strathalbyn,1200-1400,5.0,2.0,3.4152772313114332,57,0.5856039977264216
Strathalbyn,1500-1800,0.0,17.0,10.705395527976139,120,1.5879842977846388
Strathalbyn,1500-1800,1.0,11.0,10.28962565162389,90,1.0690379195927309
Strathalbyn,1500-1800,2.0,29.0,26.009192755225754,270,1.1149903910098606
Strathalbyn,1500-1800,3.0,46.0,44.434511707476744,472,1.035231360318062
Strathalbyn,1500-1800,4.0,14.0,24.126893020778034,322,0.5802653490419685
Strathalbyn,1500-1800,5.0,3.0,3.9944476698248437,59,0.7510425089963815
Strathalbyn,2000+,0.0,11.0,9.148993215209689,95,1.2023180847607489
Strathalbyn,2000+,1.0,4.0,7.83533141502892,73,0.5105080804020128
Strathalbyn,2000+,2.0,27.0,21.621665215871708,224,1.2487474822327858
Strathalbyn,2000+,3.0,36.0,34.263686478716664,361,1.0506750352844219
Strathalbyn,2000+,4.0,14.0,18.970717247680213,233,0.7379794773817503
Strathalbyn,2000+,5.0,3.0,3.0667318719673853,47,0.97824006963981
Strathalbyn,sprint<=1100,0.0,11.0,8.461517616588372,61,1.3000032025502213
Strathalbyn,sprint<=1100,1.0,10.0,8.535862824787227,65,1.1715277301506155
Strathalbyn,sprint<=1100,2.0,22.0,23.92707309282507,205,0.9194605589514024
Strathalbyn,sprint<=1100,3.0,16.0,17.607950126226434,202,0.9086804474853977
Strathalbyn,sprint<=1100,4.0,2.0,2.3918565011014987,33,0.8361705641952012
Sunshine Coast,1200-1400,0.0,152.0,101.69908638579851,903,1.4946053637432246
Sunshine Coast,1200-1400,1.0,70.0,74.08292337568346,731,0.9448871185201687
Sunshine Coast,1200-1400,2.0,269.0,260.9906485833791,2378,1.030688269714239
Sunshine Coast,1200-1400,3.0,303.0,316.68641966561046,3573,0.9567824231930692
Sunshine Coast,1200-1400,4.0,103.0,137.43180229076435,2139,0.7494626300692978
Sunshine Coast,1200-1400,5.0,4.0,9.885423808426232,220,0.4046361670999317
Sunshine Coast,1500-1800,0.0,58.0,44.96259423278561,431,1.2899611552597612
Sunshine Coast,1500-1800,1.0,23.0,28.60038086454159,277,0.804185094909527
Sunshine Coast,1500-1800,2.0,102.0,103.5294885666607,956,0.9852265418497079
Sunshine Coast,1500-1800,3.0,155.0,154.00939782405126,1595,1.0064320891448486
Sunshine Coast,1500-1800,4.0,85.0,86.37482496629244,1114,0.9840830361528494
Sunshine Coast,1500-1800,5.0,8.0,12.727787206967278,204,0.6285460206013458
Sunshine Coast,2000+,0.0,8.0,9.630787550937733,75,0.8306693463735533
Sunshine Coast,2000+,1.0,5.0,4.888091061017419,52,1.0228942009438113
Sunshine Coast,2000+,2.0,22.0,19.2186625117705,175,1.1447206581897187
Sunshine Coast,2000+,3.0,31.0,26.936131801282432,290,1.150870519519959
Sunshine Coast,2000+,4.0,9.0,13.339025055560919,172,0.6747119795121744
Sunshine Coast,2000+,5.0,0.0,0.6941067108965614,19,0.0
Sunshine Coast,sprint<=1100,0.0,144.0,94.7022879788086,604,1.5205546040473983
Sunshine Coast,sprint<=1100,1.0,153.0,132.67844020525882,1089,1.1531639938131841
Sunshine Coast,sprint<=1100,2.0,220.0,250.48127062279568,2541,0.8783091823711723
Sunshine Coast,sprint<=1100,3.0,81.0,117.93476890918866,1769,0.6868203562799285
Sunshine Coast,sprint<=1100,4.0,3.0,4.927933556469965,113,0.6087744417863042
Sunshine Coast,sprint<=1100,5.0,0.0,0.08902651440619105,2,0.0
Sunshine Coast Poly,1200-1400,0.0,12.0,8.08260467938246,54,1.4846699147132907
Sunshine Coast Poly,1200-1400,1.0,5.0,5.384952948418567,47,0.928513219687162
Sunshine Coast Poly,1200-1400,2.0,19.0,16.807887679763983,150,1.1304216426240896
Sunshine Coast Poly,1200-1400,3.0,13.0,19.78097334779068,206,0.6571971849631938
Sunshine Coast Poly,1200-1400,4.0,4.0,3.517878908003815,53,1.1370488025893306
Sunshine Coast Poly,1200-1400,5.0,1.0,0.41580427289487737,7,2.404977690676155
Sunshine Coast Poly,1500-1800,0.0,6.0,3.1856852954685193,22,1.8834252110635992
Sunshine Coast Poly,1500-1800,1.0,2.0,2.046753038916612,13,0.9771574596311047
Sunshine Coast Poly,1500-1800,2.0,3.0,5.656935643211144,54,0.5303224553385688
Sunshine Coast Poly,1500-1800,3.0,10.0,9.481861873791656,89,1.0546451881608299
Sunshine Coast Poly,1500-1800,4.0,1.0,1.6151102440086667,27,0.619152781495598
Sunshine Coast Poly,1500-1800,5.0,0.0,0.013653904603402874,2,0.0
Sunshine Coast Poly,2000+,0.0,0.0,1.553492876896212,17,0.0
Sunshine Coast Poly,2000+,1.0,1.0,1.4694286044445621,12,0.6805366364689734
Sunshine Coast Poly,2000+,2.0,6.0,5.163990915784128,37,1.1618920516805225
Sunshine Coast Poly,2000+,3.0,8.0,7.177474632106808,63,1.11459815743741
Sunshine Coast Poly,2000+,4.0,2.0,1.614970734588696,24,1.2384125341499541
Sunshine Coast Poly,2000+,5.0,0.0,0.020642236179594358,1,0.0
Sunshine Coast Poly,sprint<=1100,0.0,17.0,12.794001983861929,86,1.3287476445168154
Sunshine Coast Poly,sprint<=1100,1.0,27.0,18.467770095987525,140,1.4620065042864197
Sunshine Coast Poly,sprint<=1100,2.0,29.0,34.28897589453681,319,0.8457528766445459
Sunshine Coast Poly,sprint<=1100,3.0,12.0,19.333271024099872,233,0.6206916555942039
Sunshine Coast Poly,sprint<=1100,4.0,1.0,1.1159810015138618,25,0.8960726021710673
Swan Hill,1200-1400,0.0,33.0,20.30791996135952,191,1.6249817835992104
Swan Hill,1200-1400,1.0,21.0,16.498337311573884,165,1.2728555371011911
Swan Hill,1200-1400,2.0,59.0,56.025652363432094,550,1.0530890317398474
Swan Hill,1200-1400,3.0,62.0,72.30466264037334,836,0.8574827367409714
Swan Hill,1200-1400,4.0,16.0,24.268223526626507,415,0.6592983611859842
Swan Hill,1200-1400,5.0,0.0,1.5952041966346617,37,0.0
Swan Hill,1500-1800,0.0,16.0,12.20744485819049,134,1.3106755906634242
Swan Hill,1500-1800,1.0,6.0,8.088782191843993,92,0.7417680261003771
Swan Hill,1500-1800,2.0,37.0,33.04063320653407,327,1.1198332601169076
Swan Hill,1500-1800,3.0,51.0,47.253364311058995,544,1.0792882315061778
Swan Hill,1500-1800,4.0,20.0,30.047542443085568,431,0.6656118395666774
Swan Hill,1500-1800,5.0,4.0,3.2358610654555595,63,1.2361470159216683
Swan Hill,2000+,0.0,10.0,5.120045142873793,50,1.9531077795121103
Swan Hill,2000+,1.0,8.0,5.636024546971325,49,1.4194402336836915
Swan Hill,2000+,2.0,13.0,13.880069638624223,142,0.9365947245556144
Swan Hill,2000+,3.0,17.0,21.0254351661175,221,0.8085445017278647
Swan Hill,2000+,4.0,2.0,3.9473725543791476,59,0.5066661361318009
Swan Hill,2000+,5.0,0.0,0.07559985522258057,1,0.0
Swan Hill,sprint<=1100,0.0,8.0,7.388255470518374,56,1.0827995907725028
Swan Hill,sprint<=1100,1.0,14.0,11.957817631076399,104,1.17078219721434
Swan Hill,sprint<=1100,2.0,28.0,26.535175528978414,267,1.0552031197013145
Swan Hill,sprint<=1100,3.0,6.0,9.919928019872469,143,0.6048430984559842
Swan Hill,sprint<=1100,4.0,0.0,0.1988233495543454,11,0.0
Tamworth,1200-1400,0.0,89.0,45.68518607368027,424,1.9481150816910837
Tamworth,1200-1400,1.0,41.0,40.31398431785532,369,1.0170168167139173
Tamworth,1200-1400,2.0,140.0,125.16673657888387,1141,1.1185080303804817
Tamworth,1200-1400,3.0,117.0,149.0041899477701,1690,0.7852128187872541
Tamworth,1200-1400,4.0,36.0,59.83227670573626,949,0.6016819346028428
Tamworth,1200-1400,5.0,1.0,3.635387710399458,103,0.275073824213957
Tamworth,1500-1800,0.0,17.0,12.06645335799037,126,1.4088646842315642
Tamworth,1500-1800,1.0,6.0,7.810793079847768,80,0.7681678337479323
Tamworth,1500-1800,2.0,28.0,32.05271271531708,280,0.8735610071037637
Tamworth,1500-1800,3.0,52.0,44.27607544764871,451,1.1744491686369976
Tamworth,1500-1800,4.0,21.0,25.012536753188677,350,0.8395789762237073
Tamworth,1500-1800,5.0,2.0,4.673414184148694,79,0.4279526532836761
Tamworth,2000+,0.0,6.0,4.790565297275996,50,1.2524617926430752
Tamworth,2000+,1.0,1.0,3.908689889597655,34,0.2558401992087779
Tamworth,2000+,2.0,13.0,12.2612345401737,118,1.0602521269294498
Tamworth,2000+,3.0,22.0,18.978849890665597,167,1.159185099557603
Tamworth,2000+,4.0,8.0,8.9349569072755,108,0.8953596623936496
Tamworth,2000+,5.0,0.0,1.1257034750115529,17,0.0
Tamworth,sprint<=1100,0.0,47.0,21.955242824255784,179,2.140718751152922
Tamworth,sprint<=1100,1.0,43.0,34.84660827663498,286,1.233979492599053
Tamworth,sprint<=1100,2.0,69.0,78.8766452936752,752,0.8747836541868349
Tamworth,sprint<=1100,3.0,15.0,38.653545651406695,556,0.38806271836679784
Tamworth,sprint<=1100,4.0,5.0,4.065743026593137,88,1.2297875117281374
Tamworth,sprint<=1100,5.0,0.0,0.3295784460845437,3,0.0
Taree,1200-1400,0.0,93.0,49.30430443147043,387,1.8862450463988103
Taree,1200-1400,1.0,35.0,36.6852986842589,335,0.9540606525037769
Taree,1200-1400,2.0,134.0,119.86084470108969,1039,1.1179630873966449
Taree,1200-1400,3.0,109.0,134.74431223224815,1608,0.8089395254927368
Taree,1200-1400,4.0,16.0,42.84122621554634,781,0.37347203647952254
Taree,1200-1400,5.0,0.0,2.8907465413260964,66,0.0
Taree,1500-1800,0.0,30.0,16.62296491143086,151,1.8047321978866935
Taree,1500-1800,1.0,17.0,11.386051146178964,108,1.493054947825789
Taree,1500-1800,2.0,46.0,43.911889862969375,343,1.0475522721419357
Taree,1500-1800,3.0,38.0,52.97251353257861,561,0.7173531604580106
Taree,1500-1800,4.0,20.0,23.78746429453613,371,0.8407789814147575
Taree,1500-1800,5.0,0.0,2.2583320980518153,47,0.0
Taree,2000+,0.0,7.0,4.92411261878513,52,1.421575934980754
Taree,2000+,1.0,3.0,4.71838640036416,41,0.635810581297128
Taree,2000+,2.0,17.0,15.938297581624854,128,1.0666132887115356
Taree,2000+,3.0,16.0,19.480709263965977,182,0.8213253318037889
Taree,2000+,4.0,7.0,5.747576857005398,96,1.217904549021923
Taree,2000+,5.0,2.0,1.1909172782544795,17,1.6793777674729755
Taree,sprint<=1100,0.0,70.0,33.626290453904275,229,2.081704495354838
Taree,sprint<=1100,1.0,60.0,55.3224672478127,463,1.0845503280111253
Taree,sprint<=1100,2.0,81.0,97.61660012437179,967,0.8297769016417205
Taree,sprint<=1100,3.0,17.0,38.28492290656222,670,0.4440390291888538
Taree,sprint<=1100,4.0,0.0,2.7336657826880155,72,0.0
Taree,sprint<=1100,5.0,0.0,0.019569495079794406,1,0.0
Tatura,1200-1400,0.0,2.0,4.618247877587279,40,0.43306467149720523
Tatura,1200-1400,1.0,9.0,6.275077820864548,35,1.4342451610839186
Tatura,1200-1400,2.0,15.0,11.22065930975262,101,1.3368198415009807
Tatura,1200-1400,3.0,14.0,13.542969546286255,150,1.0337466943384712
Tatura,1200-1400,4.0,0.0,3.9801731492261316,54,0.0
Tatura,1200-1400,5.0,0.0,0.36287229628316753,7,0.0
Tatura,1500-1800,0.0,4.0,2.1749040831897344,24,1.8391615662119514
Tatura,1500-1800,1.0,3.0,2.430905757591411,22,1.2341079001649404
Tatura,1500-1800,2.0,10.0,7.836383908565872,61,1.2760987869761078
Tatura,1500-1800,3.0,6.0,8.23505793299915,91,0.7285923242819061
Tatura,1500-1800,4.0,1.0,2.774556681151898,40,0.36041793876232336
Tatura,1500-1800,5.0,0.0,0.5481916365019354,10,0.0
Tatura,2000+,0.0,4.0,3.6761507177616455,28,1.0880946694251812
Tatura,2000+,1.0,0.0,2.350628246920991,25,0.0
Tatura,2000+,2.0,11.0,7.770545721816923,70,1.41560199164853
Tatura,2000+,3.0,12.0,10.989402365077924,113,1.091961109562568
Tatura,2000+,4.0,1.0,3.1814347580683453,47,0.3143235917266349
Tatura,2000+,5.0,0.0,0.031838190354171056,1,0.0
Tatura,sprint<=1100,0.0,16.0,8.418254799725943,53,1.90063147061323
Tatura,sprint<=1100,1.0,10.0,9.59183188759248,82,1.042553718329395
Tatura,sprint<=1100,2.0,18.0,21.86782178870875,215,0.8231272494315889
Tatura,sprint<=1100,3.0,8.0,10.77104451321586,166,0.7427320526049407
Tatura,sprint<=1100,4.0,0.0,1.2290092894943327,15,0.0
Tatura,sprint<=1100,5.0,0.0,0.010046335984580506,1,0.0
Tennant Creek,1500-1800,0.0,0.0,0.03870184653962058,1,0.0
Tennant Creek,1500-1800,1.0,0.0,0.2914366322756277,2,0.0
Tennant Creek,1500-1800,2.0,1.0,0.5421566365678473,3,1.8444853987780276
Tennant Creek,1500-1800,3.0,0.0,0.12770488461690443,3,0.0
Terang,1200-1400,0.0,21.0,12.955979695362192,114,1.6208731793179099
Terang,1200-1400,1.0,13.0,11.192116028096288,99,1.1615319183043906
Terang,1200-1400,2.0,32.0,31.709537314365043,294,1.0091601048213141
Terang,1200-1400,3.0,33.0,39.40659743546685,479,0.837423227266489
Terang,1200-1400,4.0,13.0,17.03288728089437,284,0.763229380058305
Terang,1200-1400,5.0,2.0,1.633250098864661,30,1.2245521989499843
Terang,1500-1800,0.0,13.0,7.415345387788996,60,1.753121307256621
Terang,1500-1800,1.0,1.0,5.274819405645145,55,0.1895799501552212
Terang,1500-1800,2.0,15.0,16.073116106989875,157,0.9332353415574969
Terang,1500-1800,3.0,24.0,22.3836140777103,238,1.0722129105996028
Terang,1500-1800,4.0,7.0,8.392991654068561,127,0.8340291863160261
Terang,1500-1800,5.0,0.0,0.38585417606394623,9,0.0
Terang,2000+,0.0,9.0,3.6664749329113584,34,2.454673811953097
Terang,2000+,1.0,1.0,2.895623993155394,24,0.34534870631123926
Terang,2000+,2.0,14.0,9.470992281445287,82,1.4781978048306021
Terang,2000+,3.0,8.0,11.283921605155006,122,0.708973376449659
Terang,2000+,4.0,2.0,4.831191064616844,49,0.4139765894683401
Terang,2000+,5.0,0.0,0.2362462183934943,6,0.0
Terang,sprint<=1100,0.0,11.0,5.448623695809545,31,2.0188584519903507
Terang,sprint<=1100,1.0,8.0,6.443836364399159,51,1.2414964545341838
Terang,sprint<=1100,2.0,6.0,12.118930756193802,131,0.4950931827821106
Terang,sprint<=1100,3.0,6.0,6.049500105871657,99,0.9918174882212809
Terang,sprint<=1100,4.0,0.0,0.9301408923953226,17,0.0
Terang,sprint<=1100,5.0,0.0,0.008968185330514926,1,0.0
Thangool,1200-1400,0.0,9.0,5.4168749739098665,34,1.6614745666732376
Thangool,1200-1400,1.0,7.0,5.662238250514514,36,1.236260236729517
Thangool,1200-1400,2.0,12.0,9.807123855276014,88,1.2236003314615291
Thangool,1200-1400,3.0,3.0,10.106340849244138,110,0.29684334268464463
Thangool,1200-1400,4.0,3.0,2.7872614254888726,49,1.0763253035993257
Thangool,1200-1400,5.0,0.0,0.22016064556659481,5,0.0
Thangool,1500-1800,0.0,0.0,0.12690521804124053,1,0.0
Thangool,1500-1800,1.0,0.0,0.6345260902062025,1,0.0
Thangool,1500-1800,3.0,1.0,0.23040152425485333,5,4.340249064037758
Thangool,1500-1800,4.0,0.0,0.008167167497703598,1,0.0
Thangool,sprint<=1100,0.0,6.0,3.437332823886657,18,1.745539436363246
Thangool,sprint<=1100,1.0,4.0,3.1357483895213645,27,1.2756125502182123
Thangool,sprint<=1100,2.0,4.0,5.307397942994152,51,0.7536649866777113
Thangool,sprint<=1100,3.0,3.0,4.6941033496803755,49,0.639099690935495
Thangool,sprint<=1100,4.0,1.0,1.4254174939174509,17,0.7015488474550126
Toodyay,1200-1400,0.0,1.0,0.7696093552644211,6,1.2993605043384922
Toodyay,1200-1400,1.0,1.0,0.6712231823518813,3,1.489817435232386
Toodyay,1200-1400,2.0,2.0,2.2166169660482833,14,0.9022758693242066
Toodyay,1200-1400,3.0,2.0,1.698636028111514,25,1.1774152713713086
Toodyay,1200-1400,4.0,0.0,0.6238405119443873,6,0.0
Toodyay,1200-1400,5.0,0.0,0.020073956279513274,1,0.0
Toodyay,1500-1800,0.0,0.0,0.31550271946539,4,0.0
Toodyay,1500-1800,1.0,0.0,0.15984670693069297,2,0.0
Toodyay,1500-1800,2.0,2.0,1.3700536580244536,10,1.4597968395514498
Toodyay,1500-1800,3.0,2.0,1.636549167510998,15,1.2220836621986546
Toodyay,1500-1800,4.0,0.0,0.5180477480684654,5,0.0
Toodyay,sprint<=1100,0.0,2.0,1.123911502331321,6,1.7794995387549777
Toodyay,sprint<=1100,1.0,1.0,0.5961302238477446,6,1.6774858243983386
Toodyay,sprint<=1100,2.0,2.0,2.45113874674553,20,0.815947282729497
Toodyay,sprint<=1100,3.0,1.0,1.7174909636147058,18,0.5822446936753348
Toodyay,sprint<=1100,4.0,0.0,0.11132856346069844,2,0.0
Toowoomba,1200-1400,0.0,109.0,83.04630780912028,573,1.3125207233840377
Toowoomba,1200-1400,1.0,55.0,60.3350196783307,538,0.9115767309470726
Toowoomba,1200-1400,2.0,183.0,182.2600780343102,1572,1.0040597039882235
Toowoomba,1200-1400,3.0,182.0,187.6977958546436,2102,0.9696437785606387
Toowoomba,1200-1400,4.0,40.0,54.960056220252326,858,0.7278012933556703
Toowoomba,1200-1400,5.0,4.0,3.8124390544261715,66,1.0491971000444122
Toowoomba,1500-1800,0.0,46.0,37.46518785693965,284,1.2278064686516565
Toowoomba,1500-1800,1.0,22.0,23.941761809322696,204,0.918896452784582
Toowoomba,1500-1800,2.0,58.0,68.04398190577815,594,0.8523898569062838
Toowoomba,1500-1800,3.0,116.0,108.02356545727343,976,1.0738397636567687
Toowoomba,1500-1800,4.0,41.0,42.611051572768524,519,0.9621916964424765
Toowoomba,1500-1800,5.0,1.0,3.299949879568946,44,0.30303490552729984
Toowoomba,2000+,0.0,22.0,15.949036611757549,128,1.3793936609175323
Toowoomba,2000+,1.0,12.0,10.311626934447899,84,1.1637348864815675
Toowoomba,2000+,2.0,35.0,30.131377392545453,265,1.1615798223900329
Toowoomba,2000+,3.0,47.0,41.57623438065987,429,1.1304535078786047
Toowoomba,2000+,4.0,12.0,26.236210356519653,279,0.4573831295348652
Toowoomba,2000+,5.0,0.0,3.7955143240695772,52,0.0
Toowoomba,sprint<=1100,0.0,110.0,70.30717549710684,415,1.5645629229484057
Toowoomba,sprint<=1100,1.0,88.0,84.0147297906165,606,1.047435374955269
Toowoomba,sprint<=1100,2.0,146.0,149.23225971515274,1471,0.9783407440098922
Toowoomba,sprint<=1100,3.0,65.0,97.2552057733371,1325,0.6683446863655704
Toowoomba,sprint<=1100,4.0,6.0,13.724585333554268,271,0.4371716779909572
Toowoomba,sprint<=1100,5.0,0.0,0.3482643163404801,13,0.0
Townsville,1200-1400,0.0,119.0,80.92883566055627,608,1.4704276791912274
Townsville,1200-1400,1.0,70.0,62.5346799441278,537,1.1193788800477136
Townsville,1200-1400,2.0,208.0,172.8723357023538,1650,1.203200032873553
Townsville,1200-1400,3.0,173.0,200.85238837768796,2371,0.8613290655756922
Townsville,1200-1400,4.0,37.0,82.59599069301905,1325,0.4479636322484018
Townsville,1200-1400,5.0,0.0,6.3067767532467744,169,0.0
Townsville,1500-1800,0.0,20.0,12.384568296498736,118,1.6149129724331397
Townsville,1500-1800,1.0,6.0,9.461550397184467,83,0.6341455414944952
Townsville,1500-1800,2.0,34.0,33.74718869213968,269,1.0074913294309225
Townsville,1500-1800,3.0,48.0,41.68569400218128,440,1.1514741723500708
Townsville,1500-1800,4.0,9.0,19.370872543946614,263,0.4646151059835709
Townsville,1500-1800,5.0,1.0,1.1780240162309021,32,0.848879128287646
Townsville,2000+,0.0,3.0,2.4701877174043965,23,1.2144825993841128
Townsville,2000+,1.0,1.0,1.8645905089484622,18,0.5363107852372107
Townsville,2000+,2.0,6.0,4.14526709841529,49,1.44743387037563
Townsville,2000+,3.0,9.0,8.646432684582082,97,1.0408916981506584
Townsville,2000+,4.0,3.0,5.120941067606737,86,0.5858298231504634
Townsville,2000+,5.0,1.0,0.7525809230430301,12,1.3287607609777576
Townsville,sprint<=1100,0.0,89.0,53.669847275797544,350,1.6582868131270911
Townsville,sprint<=1100,1.0,86.0,77.02161646183288,644,1.1165696586310447
Townsville,sprint<=1100,2.0,137.0,141.47332468990334,1498,0.9683804370915262
Townsville,sprint<=1100,3.0,37.0,70.71965884624946,1146,0.5231925691333034
Townsville,sprint<=1100,4.0,1.0,6.465976853578722,132,0.15465567270729252
Townsville,sprint<=1100,5.0,0.0,0.11488629116260779,5,0.0
Towong,1200-1400,0.0,8.0,2.9994232942522916,20,2.667179392561953
Towong,1200-1400,1.0,2.0,2.71274660878736,20,0.7372601604298129
Towong,1200-1400,2.0,4.0,6.107469040451862,51,0.6549357800271484
Towong,1200-1400,3.0,6.0,6.7095885736146545,72,0.8942426102838705
Towong,1200-1400,4.0,0.0,1.418649787990801,24,0.0
Towong,1200-1400,5.0,0.0,0.05212269490303038,1,0.0
Towong,1500-1800,0.0,0.0,0.20044204489479042,3,0.0
Towong,1500-1800,1.0,0.0,0.14893901901770018,2,0.0
Towong,1500-1800,2.0,1.0,0.8589218414406815,7,1.1642502865251234
Towong,1500-1800,3.0,1.0,1.258013428696711,12,0.7949040743038727
Towong,1500-1800,4.0,1.0,0.533683665950117,6,1.873769170393664
Towong,sprint<=1100,0.0,0.0,0.22264755423299112,2,0.0
Towong,sprint<=1100,1.0,1.0,0.8124904105584105,4,1.2307837569587035
Towong,sprint<=1100,2.0,1.0,0.9114529275508573,12,1.0971493642431709
Towong,sprint<=1100,3.0,0.0,0.053409107657741185,1,0.0
Traralgon,1200-1400,0.0,7.0,4.205414871784945,24,1.664520674753053
Traralgon,1200-1400,1.0,3.0,3.278089411410452,21,0.9151672280681327
Traralgon,1200-1400,2.0,7.0,7.404432397781846,62,0.9453796893462081
Traralgon,1200-1400,3.0,4.0,6.673148601241104,82,0.5994171925462684
Traralgon,1200-1400,4.0,2.0,2.261411567063538,32,0.8844033651941635
Traralgon,1200-1400,5.0,1.0,0.1775031507181152,2,5.63370281572103
Traralgon,2000+,0.0,5.0,3.3473624300288685,21,1.4937133652291361
Traralgon,2000+,1.0,2.0,1.487722338485542,15,1.3443368754118068
Traralgon,2000+,2.0,9.0,6.145018344127197,52,1.4646009980753454
Traralgon,2000+,3.0,4.0,7.360277032959717,77,0.5434578049287798
Traralgon,2000+,4.0,1.0,2.5208000956240206,47,0.396699445440338
Traralgon,2000+,5.0,0.0,0.03896599545103123,3,0.0
Traralgon,sprint<=1100,0.0,10.0,5.2968329251066315,29,1.8879206011200906
Traralgon,sprint<=1100,1.0,8.0,4.719042638551173,36,1.6952591050239245
Traralgon,sprint<=1100,2.0,7.0,11.04792516096826,96,0.6336031334399904
Traralgon,sprint<=1100,3.0,3.0,6.584231293952642,101,0.4556340544651556
Traralgon,sprint<=1100,4.0,1.0,1.3404646576780237,31,0.7460099707009191
Traralgon,sprint<=1100,5.0,0.0,0.01150332374327045,1,0.0
Tumut,1200-1400,0.0,3.0,3.5831167238948725,20,0.8372599139720404
Tumut,1200-1400,1.0,0.0,1.6095341018773395,17,0.0
Tumut,1200-1400,2.0,7.0,6.555766415371489,55,1.0677622655357129
Tumut,1200-1400,3.0,10.0,7.470076282721279,71,1.3386744152975494
Tumut,1200-1400,4.0,0.0,0.7485703394884933,16,0.0
Tumut,1200-1400,5.0,0.0,0.03293613664652621,1,0.0
Tumut,1500-1800,0.0,3.0,0.5211150712351305,5,5.7568858887337395
Tumut,1500-1800,1.0,1.0,0.8738607393990877,5,1.1443470966411105
Tumut,1500-1800,2.0,1.0,2.0343443302300788,16,0.4915588699219383
Tumut,1500-1800,3.0,0.0,1.5543904865409854,19,0.0
Tumut,1500-1800,4.0,0.0,0.016289372594717237,1,0.0
Tumut,sprint<=1100,0.0,1.0,0.8606806369006031,7,1.1618711483984347
Tumut,sprint<=1100,1.0,3.0,1.9766597061757984,16,1.5177119210893595
Tumut,sprint<=1100,2.0,3.0,3.101058114626014,23,0.9674117314508304
Tumut,sprint<=1100,3.0,0.0,1.0304476411888652,16,0.0
Tumut,sprint<=1100,4.0,0.0,0.031153901108719212,1,0.0
Tuncurry,1200-1400,0.0,19.0,12.689472868494622,96,1.4973041194778967
Tuncurry,1200-1400,1.0,9.0,7.466678030798667,81,1.205355308328103
Tuncurry,1200-1400,2.0,29.0,29.2989217208681,266,0.9897975180207674
Tuncurry,1200-1400,3.0,31.0,33.158801648046946,383,0.9348950643343259
Tuncurry,1200-1400,4.0,8.0,12.499857385426601,202,0.6400073019494672
Tuncurry,1200-1400,5.0,0.0,0.8862683463650676,18,0.0
Tuncurry,1500-1800,0.0,9.0,4.600111923268647,35,1.9564741358738453
Tuncurry,1500-1800,1.0,6.0,3.4789361288085465,26,1.7246651786202405
Tuncurry,1500-1800,2.0,6.0,9.672350883244643,90,0.620324890238811
Tuncurry,1500-1800,3.0,10.0,10.471928593243726,126,0.9549339370449675
Tuncurry,1500-1800,4.0,4.0,5.789492322842345,86,0.690906866603496
Tuncurry,1500-1800,5.0,0.0,0.9871801485920912,22,0.0
Tuncurry,2000+,0.0,2.0,1.5991044269196852,22,1.2507000583148593
Tuncurry,2000+,1.0,1.0,1.7234542556955688,18,0.5802300796178719
Tuncurry,2000+,2.0,8.0,7.627492896700379,57,1.0488374238225466
Tuncurry,2000+,3.0,9.0,7.269623304023692,84,1.238028385187243
Tuncurry,2000+,4.0,2.0,3.6300149752786033,44,0.5509619143779153
Tuncurry,2000+,5.0,0.0,0.15031014138207213,3,0.0
Tuncurry,sprint<=1100,0.0,14.0,8.101420463731607,54,1.7280920133296525
Tuncurry,sprint<=1100,1.0,17.0,13.419382322693426,108,1.2668243285126033
Tuncurry,sprint<=1100,2.0,20.0,19.92666163543234,219,1.0036804140055882
Tuncurry,sprint<=1100,3.0,3.0,11.721458659785753,168,0.2559408420977901
Tuncurry,sprint<=1100,4.0,0.0,0.5802240037547083,13,0.0
Tuncurry,sprint<=1100,5.0,0.0,0.25085291460216513,2,0.0
Wagga,1200-1400,0.0,86.0,56.427792898660456,501,1.5240716601205495
Wagga,1200-1400,1.0,62.0,56.34794749927618,495,1.100306271152049
Wagga,1200-1400,2.0,147.0,144.31495292652113,1432,1.0186054668558564
Wagga,1200-1400,3.0,165.0,176.10272778699095,2091,0.9369531186341389
Wagga,1200-1400,4.0,40.0,63.100004404867754,1027,0.6339143773009668
Wagga,1200-1400,5.0,1.0,4.706574483683524,97,0.21246875056726314
Wagga,1500-1800,0.0,21.0,19.98028426473025,185,1.051036097472836
Wagga,1500-1800,1.0,15.0,13.878975076327443,129,1.0807714487206352
Wagga,1500-1800,2.0,41.0,44.858197834918855,431,0.9139912430473182
Wagga,1500-1800,3.0,74.0,64.06507036957399,704,1.1550756063033116
Wagga,1500-1800,4.0,30.0,36.56831782580096,482,0.8203822812662537
Wagga,1500-1800,5.0,4.0,5.205615674767524,81,0.768400944270369
Wagga,2000+,0.0,6.0,6.254584630768928,58,0.9592963168942475
Wagga,2000+,1.0,6.0,5.055189342590562,49,1.1868991630935162
Wagga,2000+,2.0,13.0,14.498658099565514,147,0.8966347030688017
Wagga,2000+,3.0,24.0,20.35472509022643,207,1.1790874056817349
Wagga,2000+,4.0,7.0,10.197537526535465,128,0.68644022949511
Wagga,2000+,5.0,2.0,1.6393053103130997,29,1.2200289887537845
Wagga,sprint<=1100,0.0,40.0,30.557608645852586,195,1.3090029545040651
Wagga,sprint<=1100,1.0,46.0,42.20005960555169,339,1.0900458537254865
Wagga,sprint<=1100,2.0,79.0,79.01447644809582,846,0.9998167873945817
Wagga,sprint<=1100,3.0,30.0,40.61242686999714,575,0.7386901574740125
Wagga,sprint<=1100,4.0,0.0,2.5184386002184174,52,0.0
Wagga,sprint<=1100,5.0,0.0,0.0969898302843525,4,0.0
Wagga Riverside,1200-1400,0.0,16.0,8.628246333466237,53,1.8543745022602176
Wagga Riverside,1200-1400,1.0,3.0,5.743084588198017,48,0.5223673713887083
Wagga Riverside,1200-1400,2.0,14.0,14.200916658436235,147,0.9858518528579014
Wagga Riverside,1200-1400,3.0,18.0,18.582497473460123,203,0.9686534345401066
Wagga Riverside,1200-1400,4.0,2.0,5.6893119992350885,85,0.3515363545308983
Wagga Riverside,1200-1400,5.0,0.0,0.11244716233447435,3,0.0
Wagga Riverside,1500-1800,0.0,5.0,5.443114514264216,41,0.918591733996595
Wagga Riverside,1500-1800,1.0,2.0,3.958365346441082,33,0.505259071600901
Wagga Riverside,1500-1800,2.0,12.0,9.517787382311484,93,1.260797233430706
Wagga Riverside,1500-1800,3.0,14.0,14.326720358351855,151,0.977195034859364
Wagga Riverside,1500-1800,4.0,7.0,7.131635295794336,81,0.9815420600837561
Wagga Riverside,1500-1800,5.0,1.0,0.4535628897741406,8,2.2047659156990713
Wagga Riverside,sprint<=1100,0.0,10.0,4.047560161570906,29,2.4706241787197754
Wagga Riverside,sprint<=1100,1.0,1.0,3.724141298679938,27,0.2685182757041095
Wagga Riverside,sprint<=1100,2.0,10.0,10.176648745050493,99,0.9826417566847429
Wagga Riverside,sprint<=1100,3.0,7.0,9.863147599517745,111,0.7097125871199841
Wagga Riverside,sprint<=1100,4.0,1.0,1.1683949863002612,22,0.8558749495891914
Wagga Riverside,sprint<=1100,5.0,0.0,0.020107208880656202,1,0.0
Walcha,1200-1400,0.0,7.0,2.667905470480973,22,2.6237811187283304
Walcha,1200-1400,1.0,0.0,2.5941240899041005,24,0.0
Walcha,1200-1400,2.0,8.0,6.4296531519603075,59,1.244235079393189
Walcha,1200-1400,3.0,5.0,7.158728241456675,81,0.6984480806303925
Walcha,1200-1400,4.0,2.0,2.8370351020943487,40,0.704961316313487
Walcha,1200-1400,5.0,0.0,0.31255394410359505,6,0.0
Walcha,1500-1800,0.0,1.0,0.5959210924622159,6,1.6780745180007275
Walcha,1500-1800,1.0,0.0,0.2685565498298476,4,0.0
Walcha,1500-1800,2.0,4.0,1.6607443534140005,16,2.4085585429070884
Walcha,1500-1800,3.0,1.0,2.1620836109720543,23,0.46251680320096805
Walcha,1500-1800,4.0,0.0,1.22804062244791,15,0.0
Walcha,1500-1800,5.0,0.0,0.08465377087397197,2,0.0
Walcha,sprint<=1100,0.0,4.0,2.656101682150755,15,1.5059664420531653
Walcha,sprint<=1100,1.0,3.0,1.6757859915190136,17,1.7902047249366577
Walcha,sprint<=1100,2.0,6.0,7.092929835078504,66,0.8459127806857253
Walcha,sprint<=1100,3.0,2.0,3.213063076214515,47,0.6224589908631079
Walcha,sprint<=1100,4.0,0.0,0.3540484909158687,8,0.0
Walcha,sprint<=1100,5.0,0.0,0.00807092412134353,1,0.0
Wangaratta,1200-1400,0.0,31.0,23.323566189018305,247,1.3291277906976369
Wangaratta,1200-1400,1.0,29.0,26.557542926541313,247,1.0919684882074585
Wangaratta,1200-1400,2.0,89.0,77.72362616432676,744,1.1450829611556237
Wangaratta,1200-1400,3.0,81.0,85.25333085576105,1083,0.9501095052466958
Wangaratta,1200-1400,4.0,16.0,31.915765442058422,476,0.5013196386922711
Wangaratta,1200-1400,5.0,1.0,1.9886292142576245,34,0.5028589506934857
Wangaratta,1500-1800,0.0,6.0,9.325242096284521,92,0.6434149310065199
Wangaratta,1500-1800,1.0,11.0,7.813850716303937,73,1.4077566105848458
Wangaratta,1500-1800,2.0,24.0,23.529520096124518,244,1.0199953038546237
Wangaratta,1500-1800,3.0,41.0,34.62639470141641,401,1.1840678289941307
Wangaratta,1500-1800,4.0,9.0,15.407728656690916,223,0.584122436248362
Wangaratta,1500-1800,5.0,1.0,1.2972637331796968,21,0.7708532771119102
Wangaratta,2000+,0.0,7.0,6.532111778718377,63,1.0716289367254863
Wangaratta,2000+,1.0,5.0,5.23106386806453,50,0.9558285133020135
Wangaratta,2000+,2.0,23.0,19.048929949961497,167,1.2074169027035815
Wangaratta,2000+,3.0,21.0,23.18803180730182,249,0.9056396064364196
Wangaratta,2000+,4.0,7.0,8.022901313973176,115,0.8725023188068352
Wangaratta,2000+,5.0,0.0,0.9769612819806013,16,0.0
Wangaratta,sprint<=1100,0.0,20.0,11.842305978210158,105,1.6888602639384591
Wangaratta,sprint<=1100,1.0,21.0,18.072296987993045,165,1.1619994964642333
Wangaratta,sprint<=1100,2.0,42.0,43.79767758697381,464,0.9589549563808728
Wangaratta,sprint<=1100,3.0,21.0,28.20215043217821,405,0.7446240686681583
Wangaratta,sprint<=1100,4.0,1.0,3.085569014644769,53,0.32408933174198556
Warracknabeal,1200-1400,0.0,20.0,10.348214824621406,90,1.9327005033191034
Warracknabeal,1200-1400,1.0,13.0,8.952852033357797,81,1.4520512515523287
Warracknabeal,1200-1400,2.0,33.0,33.23185236975078,296,0.9930231885008666
Warracknabeal,1200-1400,3.0,21.0,30.704527926004598,348,0.6839382142792843
Warracknabeal,1200-1400,4.0,3.0,6.532962096797153,116,0.4592097666494619
Warracknabeal,1200-1400,5.0,0.0,0.22959074946826105,7,0.0
Warracknabeal,1500-1800,0.0,15.0,8.40989475683037,69,1.783613283366865
Warracknabeal,1500-1800,1.0,2.0,3.16711818948465,50,0.6314889057946517
Warracknabeal,1500-1800,2.0,22.0,18.70617437459083,167,1.1760822688514694
Warracknabeal,1500-1800,3.0,22.0,26.868574217171346,294,0.8188004254405168
Warracknabeal,1500-1800,4.0,7.0,11.100389584846067,160,0.6306084977013959
Warracknabeal,1500-1800,5.0,1.0,0.7478488770767376,18,1.3371685518990073
Warracknabeal,2000+,0.0,7.0,3.5007460570493554,34,1.9995737725403686
Warracknabeal,2000+,1.0,4.0,3.3182281423057574,27,1.2054626229589191
Warracknabeal,2000+,2.0,7.0,9.022259420195674,93,0.7758588701551861
Warracknabeal,2000+,3.0,14.0,12.83191542966414,142,1.0910296344094932
Warracknabeal,2000+,4.0,1.0,4.461633246845026,62,0.22413316932922137
Warracknabeal,2000+,5.0,1.0,0.8384195347158803,10,1.1927203012258956
Warracknabeal,sprint<=1100,0.0,19.0,7.7208983409881045,56,2.460853538134841
Warracknabeal,sprint<=1100,1.0,16.0,11.50622874759656,95,1.3905511832747202
Warracknabeal,sprint<=1100,2.0,15.0,23.03784660866812,213,0.6511025207692878
Warracknabeal,sprint<=1100,3.0,6.0,13.137927671727507,189,0.45669303027994673
Warracknabeal,sprint<=1100,4.0,0.0,0.5654510952873372,22,0.0
Warren,1200-1400,0.0,18.0,9.630395424595344,79,1.8690821307325847
Warren,1200-1400,1.0,10.0,10.038726025329188,77,0.9961423366638877
Warren,1200-1400,2.0,25.0,24.296635280700986,227,1.0289490586319046
Warren,1200-1400,3.0,19.0,23.13443384275071,297,0.821286577797699
Warren,1200-1400,4.0,6.0,10.00560657757817,166,0.5996637938419005
Warren,1200-1400,5.0,1.0,1.708855185918368,22,0.5851870938160174
Warren,1500-1800,0.0,5.0,2.692504814165704,23,1.8570068932446062
Warren,1500-1800,1.0,1.0,2.0048166609125313,21,0.4987987278322151
Warren,1500-1800,2.0,8.0,6.255594790399974,53,1.2788552117021779
Warren,1500-1800,3.0,5.0,6.990611448542383,82,0.7152450163772947
Warren,1500-1800,4.0,4.0,4.295646647303333,53,0.9311752870807168
Warren,1500-1800,5.0,0.0,0.7098330799864813,7,0.0
Warren,2000+,0.0,0.0,0.11723464599851553,1,0.0
Warren,2000+,1.0,0.0,0.08638342336732724,1,0.0
Warren,2000+,2.0,0.0,0.5148144958751829,4,0.0
Warren,2000+,3.0,1.0,0.28156743475897433,5,3.5515470773671467
Warren,sprint<=1100,0.0,12.0,7.716375736776918,49,1.5551342248417164
Warren,sprint<=1100,1.0,13.0,11.65446288532817,95,1.1154525204559818
Warren,sprint<=1100,2.0,16.0,18.594346170845405,193,0.8604766122450085
Warren,sprint<=1100,3.0,8.0,10.191341382546996,166,0.7849800825728652
Warren,sprint<=1100,4.0,0.0,0.7831411873336677,25,0.0
Warren,sprint<=1100,5.0,0.0,0.01986271945767577,1,0.0
Warrnambool,1200-1400,0.0,47.0,33.931982043367796,285,1.3851239205517152
Warrnambool,1200-1400,1.0,44.0,27.836446433869845,256,1.5806615296434978
Warrnambool,1200-1400,2.0,84.0,93.29067915369814,845,0.900411496218271
Warrnambool,1200-1400,3.0,87.0,99.12196466041246,1213,0.877706573896696
Warrnambool,1200-1400,4.0,23.0,29.72498114039773,455,0.7737599526595444
Warrnambool,1200-1400,5.0,0.0,1.0939465682540312,30,0.0
Warrnambool,1500-1800,0.0,27.0,16.007856693193002,141,1.68667177108608
Warrnambool,1500-1800,1.0,11.0,12.116688821292549,103,0.9078387802342335
Warrnambool,1500-1800,2.0,41.0,36.0261082899293,330,1.1380635307605818
Warrnambool,1500-1800,3.0,40.0,46.72351887866138,555,0.8560999034314599
Warrnambool,1500-1800,4.0,21.0,27.172878624791803,370,0.7728294189942823
Warrnambool,1500-1800,5.0,1.0,2.9474170402458024,48,0.3392801175895367
Warrnambool,2000+,0.0,20.0,17.511998342242872,150,1.142074114508994
Warrnambool,2000+,1.0,16.0,12.095281383511363,134,1.3228299113248958
Warrnambool,2000+,2.0,48.0,40.52583519054271,400,1.1844296304891824
Warrnambool,2000+,3.0,50.0,54.76946772401982,599,0.9129173986489536
Warrnambool,2000+,4.0,14.0,21.344526995951952,315,0.655905844278261
Warrnambool,2000+,5.0,2.0,3.5493343482379736,63,0.5634859395517013
Warrnambool,sprint<=1100,0.0,25.0,15.070102955731564,110,1.6589136831670968
Warrnambool,sprint<=1100,1.0,17.0,19.93697055350442,159,0.8526872201760777
Warrnambool,sprint<=1100,2.0,38.0,42.56995092047511,422,0.8926484334216821
Warrnambool,sprint<=1100,3.0,29.0,28.972011403270916,359,1.0009660563893719
Warrnambool,sprint<=1100,4.0,1.0,3.253229917872919,64,0.30738682025088365
Warrnambool,sprint<=1100,5.0,0.0,0.19773424914507426,5,0.0
Warwick,1200-1400,0.0,36.0,23.045649104186143,191,1.5621169895128166
Warwick,1200-1400,1.0,21.0,19.429271557747278,169,1.0808434036028698
Warwick,1200-1400,2.0,68.0,63.75894412716938,579,1.0665170342904626
Warwick,1200-1400,3.0,46.0,63.16591792623583,767,0.7282408221110327
Warwick,1200-1400,4.0,19.0,20.542382012362932,351,0.924917080627033
Warwick,1200-1400,5.0,1.0,1.0578352722984423,36,0.9453267689091336
Warwick,1500-1800,0.0,8.0,6.300351527327113,60,1.2697704192061094
Warwick,1500-1800,1.0,5.0,4.423135204873918,50,1.1304198873438067
Warwick,1500-1800,2.0,15.0,17.00355494039655,146,0.8821684672752423
Warwick,1500-1800,3.0,21.0,19.420549028294367,227,1.0813288527221596
Warwick,1500-1800,4.0,10.0,10.900797669267313,177,0.917364059347057
Warwick,1500-1800,5.0,1.0,1.9516116298407398,37,0.5123970285428174
Warwick,2000+,0.0,2.0,1.2750147702956656,17,1.5686092793546353
Warwick,2000+,1.0,0.0,1.9099332209825328,16,0.0
Warwick,2000+,2.0,7.0,3.539935854154842,39,1.9774369616850718
Warwick,2000+,3.0,8.0,7.400900005961516,67,1.0809496133653882
Warwick,2000+,4.0,0.0,2.5849911882640835,41,0.0
Warwick,2000+,5.0,0.0,0.2892249603413602,3,0.0
Warwick,sprint<=1100,0.0,15.0,9.568123249602882,69,1.5677055582057393
Warwick,sprint<=1100,1.0,12.0,12.993536988264372,118,0.923536063416626
Warwick,sprint<=1100,2.0,21.0,21.31927256204088,205,0.9850242281432554
Warwick,sprint<=1100,3.0,18.0,19.124784844122885,241,0.9411870589242977
Warwick,sprint<=1100,4.0,1.0,3.967826452988038,68,0.2520271518546214
Warwick,sprint<=1100,5.0,0.0,0.026455902980941578,1,0.0
Warwick Farm,1200-1400,0.0,70.0,44.46343312038447,325,1.5743273761716832
Warwick Farm,1200-1400,1.0,39.0,36.637853540415826,322,1.064472839736052
Warwick Farm,1200-1400,2.0,101.0,109.96094659079351,928,0.9185079169594583
Warwick Farm,1200-1400,3.0,95.0,104.09435498550826,1229,0.9126335430314703
Warwick Farm,1200-1400,4.0,20.0,28.41598746197936,394,0.7038291393800773
Warwick Farm,1200-1400,5.0,0.0,1.1395141682627092,21,0.0
Warwick Farm,1500-1800,0.0,21.0,14.176049525459968,105,1.4813717998293052
Warwick Farm,1500-1800,1.0,7.0,8.783086305519603,87,0.7969863617986939
Warwick Farm,1500-1800,2.0,31.0,31.221653858579515,240,0.9929006368598053
Warwick Farm,1500-1800,3.0,36.0,34.75177865301339,361,1.0359182003157232
Warwick Farm,1500-1800,4.0,10.0,14.706198314961158,209,0.6799853902300931
Warwick Farm,1500-1800,5.0,0.0,1.321403056595153,22,0.0
Warwick Farm,2000+,0.0,8.0,9.990594082263842,82,0.80075318185555
Warwick Farm,2000+,1.0,7.0,6.938898258107083,59,1.008805683499038
Warwick Farm,2000+,2.0,22.0,19.52719160125391,171,1.126634103318129
Warwick Farm,2000+,3.0,34.0,27.929649271837082,279,1.217344323556686
Warwick Farm,2000+,4.0,10.0,15.142583750742167,168,0.6603892812882663
Warwick Farm,2000+,5.0,1.0,2.101311417980153,28,0.4758932880882699
Warwick Farm,sprint<=1100,0.0,43.0,27.597834350655738,178,1.5580932711474986
Warwick Farm,sprint<=1100,1.0,30.0,27.810630763708676,226,1.0787241848231766
Warwick Farm,sprint<=1100,2.0,71.0,66.20251662470024,595,1.072466782531796
Warwick Farm,sprint<=1100,3.0,33.0,50.24898762818556,632,0.6567296488474865
Warwick Farm,sprint<=1100,4.0,1.0,5.561076930435721,103,0.1798212850692659
Warwick Farm,sprint<=1100,5.0,0.0,0.4939570759151646,7,0.0
Wellington,1200-1400,0.0,14.0,6.71271909652404,57,2.0855930061559462
Wellington,1200-1400,1.0,5.0,5.846040320356795,49,0.855279766475309
Wellington,1200-1400,2.0,13.0,14.634015876449741,129,0.8883412529926707
Wellington,1200-1400,3.0,16.0,19.307389586879545,203,0.8286982519311102
Wellington,1200-1400,4.0,8.0,9.656220917985657,135,0.8284814595634631
Wellington,1200-1400,5.0,1.0,0.7395157427700567,13,1.352236257005468
Wellington,1500-1800,0.0,12.0,5.460533033358536,35,2.197587657961538
Wellington,1500-1800,1.0,3.0,3.255906484871764,26,0.9214023848471056
Wellington,1500-1800,2.0,6.0,7.9954447394057055,75,0.7504272989879953
Wellington,1500-1800,3.0,11.0,12.814683293291425,124,0.8583903127561939
Wellington,1500-1800,4.0,2.0,4.422408889017058,71,0.45224221689834015
Wellington,1500-1800,5.0,1.0,0.9801096147891406,17,1.0202940415140591
Wellington,2000+,0.0,0.0,0.6929396487163791,6,0.0
Wellington,2000+,1.0,0.0,0.23328416327674828,4,0.0
Wellington,2000+,2.0,2.0,0.7135014258449289,7,2.803077790113171
Wellington,2000+,3.0,3.0,1.8730330055553601,16,1.6016802646307295
Wellington,2000+,4.0,1.0,2.4791525856612866,25,0.4033636355356728
Wellington,2000+,5.0,0.0,0.00808917094529657,1,0.0
Wellington,sprint<=1100,0.0,36.0,17.728014841528278,104,2.0306842205292597
Wellington,sprint<=1100,1.0,22.0,21.586762960373324,167,1.0191430757999822
Wellington,sprint<=1100,2.0,36.0,36.838265664280605,382,0.977244703322355
Wellington,sprint<=1100,3.0,9.0,24.32514253618039,359,0.36998755450718146
Wellington,sprint<=1100,4.0,1.0,2.5743161111290123,78,0.388452682899705
Wellington,sprint<=1100,5.0,0.0,0.2766180048218246,8,0.0
Werribee,1200-1400,0.0,22.0,12.082528272889858,95,1.8208109679629256
Werribee,1200-1400,1.0,11.0,10.121260414128484,80,1.0868211615862453
Werribee,1200-1400,2.0,32.0,26.81572002651865,230,1.1933298814409794
Werribee,1200-1400,3.0,26.0,31.29139523038442,345,0.8308993513575772
Werribee,1200-1400,4.0,4.0,13.455191235357523,218,0.29728302853762556
Werribee,1200-1400,5.0,0.0,1.0221964406365531,23,0.0
Werribee,1500-1800,0.0,10.0,9.391237506845751,81,1.0648223935035708
Werribee,1500-1800,1.0,8.0,8.602208106732357,70,0.9299937761025509
Werribee,1500-1800,2.0,32.0,20.788921463299623,186,1.5392813935293472
Werribee,1500-1800,3.0,25.0,28.229203688484393,310,0.8856076946371076
Werribee,1500-1800,4.0,6.0,12.901206030214222,176,0.4650727990815887
Werribee,1500-1800,5.0,0.0,1.0479668243019216,32,0.0
Werribee,2000+,0.0,8.0,6.511632614355725,61,1.2285705404145466
Werribee,2000+,1.0,5.0,6.0362638368357535,59,0.828326947786469
Werribee,2000+,2.0,20.0,16.20489028893581,150,1.2341953350745836
Werribee,2000+,3.0,18.0,22.232745515888556,255,0.8096166075006959
Werribee,2000+,4.0,9.0,9.372833962212736,127,0.960221853527349
Werribee,2000+,5.0,1.0,0.5038186404609815,13,1.9848412100930306
Werribee,sprint<=1100,0.0,22.0,15.011152830421723,112,1.4655769778997
Werribee,sprint<=1100,1.0,20.0,17.827433036342992,169,1.1218665053587926
Werribee,sprint<=1100,2.0,45.0,47.006990427000765,427,0.957304426240231
Werribee,sprint<=1100,3.0,24.0,28.754699019144617,361,0.8346461906633423
Werribee,sprint<=1100,4.0,1.0,3.0461260884573034,59,0.3282858197463669
Werribee,sprint<=1100,5.0,0.0,0.07189357731032994,3,0.0
Wodonga,1200-1400,0.0,29.0,19.190374460177566,157,1.5111742639612706
Wodonga,1200-1400,1.0,16.0,17.625189756407753,141,0.90779164486346
Wodonga,1200-1400,2.0,51.0,48.385201153663736,423,1.0540412932878398
Wodonga,1200-1400,3.0,52.0,51.88105461949744,605,1.0022926554090876
Wodonga,1200-1400,4.0,8.0,18.599933675577606,291,0.43010906057715104
Wodonga,1200-1400,5.0,1.0,1.3182463346758964,23,0.7585835618847822
Wodonga,1500-1800,0.0,9.0,7.543172459743763,71,1.1931319412397108
Wodonga,1500-1800,1.0,8.0,6.081386133021195,57,1.3154895652096423
Wodonga,1500-1800,2.0,24.0,22.29738784374951,183,1.076359265407305
Wodonga,1500-1800,3.0,23.0,24.982391948583743,275,0.9206484329977809
Wodonga,1500-1800,4.0,7.0,8.763586008916425,138,0.7987597762922528
Wodonga,1500-1800,5.0,0.0,1.0059661404251476,21,0.0
Wodonga,2000+,0.0,8.0,5.2737315868168935,50,1.5169524402793169
Wodonga,2000+,1.0,4.0,4.254907090766786,46,0.9400910324646246
Wodonga,2000+,2.0,14.0,15.000937075656028,122,0.933275030045931
Wodonga,2000+,3.0,16.0,17.765291841099724,191,0.9006325448020083
Wodonga,2000+,4.0,8.0,6.98826341512494,90,1.1447765381432708
Wodonga,2000+,5.0,0.0,0.7168689905356301,12,0.0
Wodonga,sprint<=1100,0.0,22.0,12.508999103881246,97,1.758733837719592
Wodonga,sprint<=1100,1.0,20.0,15.774578966169752,135,1.267862682287249
Wodonga,sprint<=1100,2.0,39.0,36.77683376584777,344,1.0604501803582869
Wodonga,sprint<=1100,3.0,16.0,27.54987487363274,367,0.5807648881669941
Wodonga,sprint<=1100,4.0,0.0,4.248687854970769,81,0.0
Wodonga,sprint<=1100,5.0,0.0,0.1410254354977203,3,0.0
Wycheproof,1200-1400,0.0,2.0,0.5542459498135734,5,3.6085062970198005
Wycheproof,1200-1400,1.0,0.0,0.915023544686351,6,0.0
Wycheproof,1200-1400,2.0,2.0,1.598785867346881,12,1.250949261466088
Wycheproof,1200-1400,3.0,1.0,1.5399530244101616,11,0.6493704575066656
Wycheproof,1200-1400,4.0,0.0,0.29550267942397046,5,0.0
Wycheproof,1200-1400,5.0,0.0,0.09648893431906244,1,0.0
Wycheproof,1500-1800,0.0,0.0,0.6029808841743979,4,0.0
Wycheproof,1500-1800,1.0,0.0,0.4474202503243741,4,0.0
Wycheproof,1500-1800,2.0,1.0,0.7004754001014368,6,1.4276018827430466
Wycheproof,1500-1800,3.0,3.0,1.5434348813446621,11,1.9437166000721442
Wycheproof,1500-1800,4.0,0.0,0.7056885840551291,7,0.0
Wycheproof,sprint<=1100,0.0,4.0,1.4846999054940666,7,2.694147137208116
Wycheproof,sprint<=1100,1.0,1.0,1.0816190334754106,8,0.9245399434095054
Wycheproof,sprint<=1100,2.0,1.0,2.76057836466662,22,0.36224293169839594
Wycheproof,sprint<=1100,3.0,1.0,1.5533810642745902,17,0.6437570426204389
Wycheproof,sprint<=1100,4.0,0.0,0.11972163208931219,2,0.0
Wyong,1200-1400,0.0,65.0,43.56965343233412,313,1.4918640585688452
Wyong,1200-1400,1.0,52.0,41.788914638735925,287,1.2443491401855884
Wyong,1200-1400,2.0,92.0,105.35330455496774,849,0.8732521527314723
Wyong,1200-1400,3.0,85.0,93.0931340175247,1114,0.9130641147391044
Wyong,1200-1400,4.0,17.0,26.280916786824683,409,0.6468571906335683
Wyong,1200-1400,5.0,0.0,0.8357405296350552,25,0.0
Wyong,1500-1800,0.0,25.0,18.53008448288915,136,1.3491573674737007
Wyong,1500-1800,1.0,13.0,12.238002054035942,101,1.0622648977013989
Wyong,1500-1800,2.0,48.0,41.69980282581128,335,1.1510845794764533
Wyong,1500-1800,3.0,34.0,44.047645673430324,472,0.7718914253006014
Wyong,1500-1800,4.0,15.0,17.60073649307908,238,0.8522370643920648
Wyong,1500-1800,5.0,1.0,1.8701720391076873,29,0.5347101652087198
Wyong,2000+,0.0,10.0,7.131524302083865,55,1.4022247666011531
Wyong,2000+,1.0,4.0,6.509694816808722,48,0.614468129853273
Wyong,2000+,2.0,18.0,16.5338512284898,134,1.0886755754148707
Wyong,2000+,3.0,17.0,19.114382407888765,179,0.8893826458648159
Wyong,2000+,4.0,4.0,4.559973873363497,72,0.8771980083845408
Wyong,2000+,5.0,2.0,1.1505733713653514,15,1.7382637646364605
Wyong,sprint<=1100,0.0,59.0,34.385243166678336,198,1.7158523414827862
Wyong,sprint<=1100,1.0,41.0,35.82309657514837,268,1.1445130075227226
Wyong,sprint<=1100,2.0,69.0,74.31877755060067,710,0.9284329246807198
Wyong,sprint<=1100,3.0,27.0,47.47645681310996,622,0.5687029279856521
Wyong,sprint<=1100,4.0,1.0,4.575000494547872,84,0.21857921134472483
Wyong,sprint<=1100,5.0,0.0,0.3581876645800215,3,0.0
Yarra Glen,1200-1400,0.0,30.0,13.162407577779053,101,2.279218283032535
Yarra Glen,1200-1400,1.0,15.0,14.032748835607755,110,1.0689281320234185
Yarra Glen,1200-1400,2.0,37.0,35.89016257995823,302,1.0309231650196404
Yarra Glen,1200-1400,3.0,17.0,31.87257923260712,380,0.5333738407530011
Yarra Glen,1200-1400,4.0,2.0,5.77037760151349,107,0.3465977684849303
Yarra Glen,1200-1400,5.0,0.0,0.2717241725343542,8,0.0
Yarra Glen,1500-1800,0.0,17.0,8.830701921718543,77,1.9251017813419333
Yarra Glen,1500-1800,1.0,8.0,7.7456817174977735,63,1.032833557042205
Yarra Glen,1500-1800,2.0,23.0,24.127485919397575,190,0.9532696476058817
Yarra Glen,1500-1800,3.0,23.0,25.963449169464422,277,0.8858607286681413
Yarra Glen,1500-1800,4.0,5.0,9.632590325395176,157,0.5190711772323687
Yarra Glen,1500-1800,5.0,1.0,0.35866398287123175,13,2.7881249519247713
Yarra Glen,2000+,0.0,14.0,9.982934483243573,80,1.4023932565618957
Yarra Glen,2000+,1.0,8.0,7.424014551396994,74,1.0775840947799087
Yarra Glen,2000+,2.0,22.0,21.99448986244334,183,1.0002505235443568
Yarra Glen,2000+,3.0,26.0,28.464727551686327,281,0.9134111666022143
Yarra Glen,2000+,4.0,9.0,10.864101612797851,158,0.8284164048500844
Yarra Glen,2000+,5.0,1.0,1.173295968345021,19,0.8522998688988409
Yarra Glen,sprint<=1100,0.0,25.0,13.966683185335016,87,1.7899740166118996
Yarra Glen,sprint<=1100,1.0,24.0,19.350635690449888,153,1.2402693319188842
Yarra Glen,sprint<=1100,2.0,29.0,35.17292055304578,331,0.8244979246538219
Yarra Glen,sprint<=1100,3.0,8.0,17.220601079860604,246,0.4645598584451245
Yarra Glen,sprint<=1100,4.0,1.0,1.1762183744226278,23,0.8501822635536294
Yarra Glen,sprint<=1100,5.0,0.0,0.11294111688608817,2,0.0
Yeppoon,1200-1400,0.0,6.0,3.7503610184014238,21,1.599845980309777
Yeppoon,1200-1400,1.0,2.0,2.5653580303534924,21,0.7796182740716354
Yeppoon,1200-1400,2.0,6.0,5.893026212205651,59,1.0181526068173232
Yeppoon,1200-1400,3.0,3.0,6.021727246835757,69,0.498195929012961
Yeppoon,1200-1400,4.0,4.0,2.4452441380489023,23,1.635828479356528
Yeppoon,1200-1400,5.0,0.0,0.32428335415477344,4,0.0
Yeppoon,1500-1800,0.0,1.0,0.31436043767529526,3,3.1810618645114177
Yeppoon,1500-1800,1.0,0.0,0.026678038646786594,1,0.0
Yeppoon,1500-1800,2.0,1.0,0.6761814545817364,5,1.478892970554135
Yeppoon,1500-1800,3.0,1.0,1.191786043636564,12,0.8390767834037086
Yeppoon,1500-1800,4.0,0.0,0.6273711766163017,6,0.0
Yeppoon,1500-1800,5.0,0.0,0.16362284884331624,3,0.0
Yeppoon,sprint<=1100,0.0,4.0,2.2724675836627815,12,1.760201126192862
Yeppoon,sprint<=1100,1.0,3.0,2.465236110106263,19,1.2169219766421018
Yeppoon,sprint<=1100,2.0,3.0,3.752849320285459,40,0.7993926065147231
Yeppoon,sprint<=1100,3.0,1.0,2.7212342240843497,39,0.3674803113783722
Yeppoon,sprint<=1100,4.0,1.0,0.7882127618611464,11,1.2686929828930664
York,1200-1400,0.0,34.0,14.921591462393536,90,2.2785773277394195
York,1200-1400,1.0,7.0,6.560252152895969,64,1.0670321562121523
York,1200-1400,2.0,14.0,29.75425393486527,258,0.47052095578155834
York,1200-1400,3.0,25.0,29.90244505339422,345,0.8360520337169637
York,1200-1400,4.0,10.0,8.309215033007288,120,1.2034831160676775
York,1200-1400,5.0,0.0,0.5522423634437119,10,0.0
York,1500-1800,0.0,13.0,5.683785243977776,47,2.287208161809787
York,1500-1800,1.0,2.0,3.7827493972086823,35,0.5287159655555862
York,1500-1800,2.0,15.0,15.485987717356595,130,0.9686175834421008
York,1500-1800,3.0,15.0,16.686088999142896,188,0.8989524148391211
York,1500-1800,4.0,1.0,4.527132521640739,71,0.22089037491607966
York,1500-1800,5.0,1.0,0.8342561206733115,11,1.1986726560578542
York,2000+,0.0,5.0,3.91213517337997,37,1.2780744474327932
York,2000+,1.0,3.0,1.9000407140290423,25,1.5789135347728895
York,2000+,2.0,10.0,12.912017103231085,107,0.7744723322506764
York,2000+,3.0,15.0,13.656200811903968,142,1.0984021256427816
York,2000+,4.0,3.0,4.132143932673097,51,0.7260153685061232
York,2000+,5.0,1.0,0.4874622647828376,7,2.051440844237442
York,sprint<=1100,0.0,12.0,5.191406627901761,34,2.311512247086317
York,sprint<=1100,1.0,4.0,4.220856464625725,33,0.9476749644351365
York,sprint<=1100,2.0,10.0,11.642589995906786,108,0.8589154134531685
York,sprint<=1100,3.0,7.0,10.233135495427128,112,0.6840523125222063
York,sprint<=1100,4.0,1.0,2.7120114161386013,36,0.3687300112562998
