track,dist,b_pos,W,E,n,AE_raw
Albany,1000,0,11.0,6.445565244857203,40,1.706599744495131
Albany,1000,1,14.0,9.586744569827477,80,1.460349746259271
Albany,1000,2,7.0,8.700509494041123,72,0.8045505846288907
Albany,1000,3,5.0,8.683069284302082,83,0.5758332493142008
Albany,1000,4,3.0,6.5841114069721165,97,0.45564235089084437
Albany,1050,0,1.0,0.15530500147160844,1,6.438942664591595
Albany,1050,1,0.0,0.46737437663198284,2,0.0
Albany,1050,2,0.0,0.2512286788511313,1,0.0
Albany,1050,3,0.0,0.06424864573897784,2,0.0
Albany,1050,4,0.0,0.06184329730629952,2,0.0
Albany,1099,0,0.0,0.09986895272056917,2,0.0
Albany,1099,1,1.0,0.5045775794501424,4,1.9818557952767908
Albany,1099,2,1.0,0.860129325754019,7,1.1626158649146923
Albany,1099,3,0.0,0.21173746949201225,6,0.0
Albany,1099,4,0.0,0.32368667258325723,6,0.0
Albany,1100,0,34.0,14.756072932705832,108,2.304136077061622
Albany,1100,1,29.0,26.94808961277814,214,1.0761430742106814
Albany,1100,2,29.0,27.275473694384086,238,1.0632262641866046
Albany,1100,3,11.0,20.561004881378103,233,0.5349933071589604
Albany,1100,4,4.0,17.45935887875384,275,0.22910348700533154
Albany,1230,0,27.0,14.287970190285524,113,1.8897015909479893
Albany,1230,1,29.0,22.941468379461394,226,1.264086479571751
Albany,1230,2,27.0,32.96930258925022,309,0.8189436196567732
Albany,1230,3,15.0,22.464100049870215,262,0.6677320687986635
Albany,1230,4,15.0,20.337158791132648,320,0.7375661543509342
Albany,1232,0,1.0,0.8004480351404835,10,1.2493003369350442
Albany,1232,1,1.0,2.6812056870012526,20,0.37296653697554716
Albany,1232,2,3.0,1.9859984444117915,23,1.510575201325766
Albany,1232,3,3.0,2.7890656513304415,23,1.0756290367596542
Albany,1232,4,2.0,1.743282182116031,27,1.1472611953002123
Albany,1240,0,14.0,7.173006670525745,48,1.9517617427468348
Albany,1240,1,8.0,9.623435616306915,96,0.8313039458012268
Albany,1240,2,14.0,10.968191502143728,91,1.2764182679764213
Albany,1240,3,7.0,10.93378219388503,99,0.6402176187408335
Albany,1240,4,5.0,9.301584017138582,120,0.5375428519257879
Albany,1450,0,2.0,0.7973959897279947,6,2.5081641063710816
Albany,1450,1,2.0,1.3133867271523918,12,1.5227807306506613
Albany,1450,2,2.0,1.3915264342382696,12,1.4372705762465898
Albany,1450,3,0.0,1.3898315174662361,13,0.0
Albany,1450,4,0.0,1.1078593314151077,14,0.0
Albany,1500,0,22.0,11.866614070167953,105,1.853940801471487
Albany,1500,1,33.0,23.514268418813785,210,1.40340321936602
Albany,1500,2,24.0,26.126992116213923,233,0.9185902415879724
Albany,1500,3,12.0,22.30289009203864,236,0.5380468607646317
Albany,1500,4,14.0,21.189235302765695,275,0.6607128478191315
Albany,1600,0,12.0,7.699677392949761,78,1.5585068552336812
Albany,1600,1,16.0,17.900551393764125,156,0.8938272150417553
Albany,1600,2,23.0,17.735438360296452,180,1.2968385405961598
Albany,1600,3,17.0,19.942542618142127,175,0.8524489743115686
Albany,1600,4,10.0,14.721790234847534,210,0.6792652143846801
Albany,1900,0,6.0,3.21903072523817,27,1.8639151074136056
Albany,1900,1,7.0,5.812921831245854,54,1.2042136817277183
Albany,1900,2,5.0,6.540572330500292,59,0.7644590943033799
Albany,1900,3,9.0,6.064346231172548,59,1.484084129916151
Albany,1900,4,0.0,5.363128881843136,69,0.0
Albany,1910,0,0.0,0.2124795118513852,2,0.0
Albany,1910,1,0.0,0.12734509896503823,4,0.0
Albany,1910,2,1.0,0.4214815489206828,8,2.3725831001636246
Albany,1910,3,1.0,0.6513532146184143,6,1.5352653177367601
Albany,1910,4,0.0,0.5873406256444793,7,0.0
Albany,1916,0,0.0,0.26219688722045764,2,0.0
Albany,1916,1,0.0,0.27329089825516345,4,0.0
Albany,1916,2,0.0,0.039696491137217536,2,0.0
Albany,1916,3,2.0,0.945447411056779,4,2.115400578192381
Albany,1916,4,0.0,0.4793683123303823,4,0.0
Albany,1920,0,1.0,0.827079588964891,6,1.209073483788329
Albany,1920,1,0.0,1.434254897750927,12,0.0
Albany,1920,2,1.0,1.0008271837728022,10,0.9991734998946731
Albany,1920,3,1.0,1.1993471907454742,12,0.8337869198479827
Albany,1920,4,3.0,1.5384911387659055,13,1.9499624823360622
Albany,1925,0,0.0,0.15412848846436566,2,0.0
Albany,1925,1,1.0,0.1981136085689552,4,5.047608830222993
Albany,1925,2,1.0,0.8995449742176003,6,1.1116731554970587
Albany,1925,3,0.0,0.3986592197094556,5,0.0
Albany,1925,4,0.0,0.3495537090396232,6,0.0
Albany,1934,0,0.0,0.31621907718757514,2,0.0
Albany,1934,1,0.0,0.28179790360697177,4,0.0
Albany,1934,2,1.0,0.4335598756228959,3,2.3064864998480292
Albany,1934,3,0.0,0.40710048625909323,4,0.0
Albany,1934,4,1.0,0.561322657323464,4,1.7815065665944547
Albany,1940,0,0.0,0.8081203479382595,11,0.0
Albany,1940,1,6.0,2.420526032580292,22,2.4788000291011008
Albany,1940,2,2.0,3.0523595401610266,19,0.6552308054425627
Albany,1940,3,1.0,2.520663727732633,22,0.3967209068777737
Albany,1940,4,2.0,2.198330351587789,26,0.9097813704639337
Albany,2100,0,1.0,1.160965816711986,11,0.861351803476985
Albany,2100,1,2.0,2.073938600752666,22,0.9643487031265862
Albany,2100,2,4.0,2.7023804759841332,30,1.4801764723908128
Albany,2100,3,2.0,2.4407657326477676,26,0.8194149783602458
Albany,2100,4,2.0,2.6219493739034476,31,0.762791234608197
Albany,3100,0,2.0,0.2271036412348582,4,8.806551885848933
Albany,3100,1,0.0,0.4008169442798052,8,0.0
Albany,3100,2,0.0,1.0766738277215515,12,0.0
Albany,3100,3,1.0,1.3641680691664655,10,0.7330475053642184
Albany,3100,4,1.0,0.9312375175973195,12,1.0738398970222915
Albury,900,0,5.0,2.6747643095371427,20,1.8693235819589764
Albury,900,1,6.0,4.672576743174737,40,1.2840880588562271
Albury,900,2,2.0,4.516155349485388,54,0.442854562172645
Albury,900,3,3.0,4.09944584078554,47,0.7318062285767719
Albury,900,4,4.0,4.037057757017193,54,0.9908206027142468
Albury,1000,0,27.0,17.824435111605915,104,1.5147745121201432
Albury,1000,1,30.0,24.814711975420483,208,1.2089602341431833
Albury,1000,2,17.0,22.060702930199763,259,0.7706010118439169
Albury,1000,3,13.0,20.62499817453815,236,0.6303030860894177
Albury,1000,4,17.0,18.67515180823569,288,0.9103004984678651
Albury,1005,0,0.0,0.02707690998039933,1,0.0
Albury,1005,1,0.0,0.31990517071248026,2,0.0
Albury,1005,2,1.0,0.34316704856924907,2,2.9140326968141466
Albury,1005,3,0.0,0.22383578917130115,2,0.0
Albury,1005,4,0.0,0.08601508156657031,3,0.0
Albury,1175,0,47.0,24.628609258804833,205,1.9083497369303262
Albury,1175,1,52.0,49.95390069294573,410,1.040959750463355
Albury,1175,2,50.0,50.334442831531334,540,0.9933555868960205
Albury,1175,3,36.0,40.97257634074952,490,0.8786364738356954
Albury,1175,4,20.0,39.11047087596858,579,0.511372007343665
Albury,1182,0,1.0,0.27723102838494335,3,3.6070998467439614
Albury,1182,1,0.0,0.8816607636294012,6,0.0
Albury,1182,2,1.0,0.9273469153465094,8,1.0783450976664362
Albury,1182,3,0.0,0.37499439638301646,7,0.0
Albury,1182,4,1.0,0.5387668962561296,9,1.8560902812495745
Albury,1400,0,16.0,11.11954712313983,112,1.4389075222950334
Albury,1400,1,35.0,27.03798897277728,224,1.2944749713168064
Albury,1400,2,24.0,28.664341778076068,304,0.8372772061473398
Albury,1400,3,16.0,24.241120374694063,274,0.6600354997082898
Albury,1400,4,21.0,20.937001751312756,316,1.0030089431827693
Albury,1410,0,1.0,0.049226247685637596,1,20.314365750281695
Albury,1410,1,0.0,0.053568609893660274,2,0.0
Albury,1410,2,0.0,0.3433215223203443,3,0.0
Albury,1410,3,0.0,0.4226659760568391,3,0.0
Albury,1410,4,0.0,0.13121764404351868,3,0.0
Albury,1500,0,9.0,6.260270142824923,60,1.4376376409754714
Albury,1500,1,16.0,12.58138494937952,120,1.2717200899881118
Albury,1500,2,10.0,14.0088121415174,165,0.7138363980457251
Albury,1500,3,18.0,13.960039867272787,145,1.2893945985210467
Albury,1500,4,7.0,13.18949289900537,173,0.5307254838074841
Albury,1510,0,0.0,0.13992873561953872,1,0.0
Albury,1510,1,1.0,0.1536922178116245,2,6.506510311573922
Albury,1510,2,0.0,0.2103487404939876,3,0.0
Albury,1510,3,0.0,0.29362095343116323,3,0.0
Albury,1510,4,0.0,0.20240935264368598,3,0.0
Albury,1600,0,10.0,11.418056530880898,91,0.8758057882227445
Albury,1600,1,19.0,19.80071181942087,181,0.9595614629048075
Albury,1600,2,24.0,19.926671224287094,217,1.2044159172329916
Albury,1600,3,15.0,18.439290771629672,205,0.8134803114596307
Albury,1600,4,22.0,20.415269653781465,241,1.077624757012455
Albury,2000,0,1.0,3.727164985479245,33,0.26830043850914165
Albury,2000,1,9.0,6.327186889350737,66,1.4224330903118831
Albury,2000,2,7.0,8.531345260962123,89,0.8205036586704234
Albury,2000,3,8.0,8.731495698238701,81,0.9162233226105515
Albury,2000,4,8.0,5.682807165969194,93,1.4077549644666874
Albury,2400,0,0.0,0.2770748431158865,5,0.0
Albury,2400,1,2.0,1.6642530897196368,10,1.2017402956042724
Albury,2400,2,1.0,1.0317757051649645,12,0.9692028945768945
Albury,2400,3,2.0,1.160027342265164,11,1.7240972924781557
Albury,2400,4,0.0,0.866869019734348,13,0.0
Ararat,1100,0,20.0,10.112683624610705,60,1.977714397326448
Ararat,1100,1,19.0,16.898645078421392,120,1.1243504974408818
Ararat,1100,2,9.0,14.073392065603297,150,0.6395046736455848
Ararat,1100,3,6.0,10.608327952866134,136,0.5655933740603234
Ararat,1100,4,6.0,8.306951278498474,157,0.7222866487167519
Ararat,1106,0,0.0,1.3622180725295594,7,0.0
Ararat,1106,1,2.0,2.2729014264458316,14,0.8799325728469574
Ararat,1106,2,2.0,1.4213212833098863,16,1.407141385614463
Ararat,1106,3,1.0,1.1577287707435133,14,0.8637601701457094
Ararat,1106,4,2.0,0.7858304469712095,19,2.5450782770106564
Ararat,1108,0,0.0,0.04154323816802136,1,0.0
Ararat,1108,1,1.0,0.162768641221697,2,6.143689549131041
Ararat,1108,2,0.0,0.23330724124379726,2,0.0
Ararat,1108,3,0.0,0.01912314947697433,2,0.0
Ararat,1108,4,0.0,0.54325772988951,2,0.0
Ararat,1200,0,3.0,1.1729977189825005,10,2.5575497304481596
Ararat,1200,1,1.0,2.707062734850831,20,0.36940407295551786
Ararat,1200,2,5.0,2.5691832696182857,22,1.9461437644901334
Ararat,1200,3,1.0,2.272365370864331,20,0.44007007535924286
Ararat,1200,4,0.0,1.2783909056840521,25,0.0
Ararat,1206,0,1.0,0.46544526627940486,2,2.148480331519161
Ararat,1206,1,1.0,0.7667753495476897,4,1.3041629475828695
Ararat,1206,2,0.0,0.4128699396851635,4,0.0
Ararat,1206,3,0.0,0.18322335132241682,4,0.0
Ararat,1206,4,0.0,0.1716860931653252,5,0.0
Ararat,1300,0,16.0,7.663913501347493,60,2.0877062348350917
Ararat,1300,1,11.0,15.100008766091232,121,0.7284763982853929
Ararat,1300,2,16.0,15.934012478528532,164,1.0041412997234933
Ararat,1300,3,9.0,11.28721614924871,144,0.7973622442411586
Ararat,1300,4,8.0,10.014849104784034,177,0.7988138329691306
Ararat,1306,0,1.0,1.603648968165695,8,0.6235778651382989
Ararat,1306,1,2.0,1.5299238107468376,16,1.3072546397089493
Ararat,1306,2,2.0,2.202116352092535,18,0.908217223898966
Ararat,1306,3,2.0,1.2521097581912564,17,1.597304059740828
Ararat,1306,4,1.0,1.412201110803676,21,0.7081144408893046
Ararat,1308,0,0.0,0.07374609976959527,4,0.0
Ararat,1308,1,1.0,1.41874222970235,8,0.7048496753422209
Ararat,1308,2,0.0,0.48209011846761435,8,0.0
Ararat,1308,3,1.0,0.7994083044487527,8,1.2509252086010905
Ararat,1308,4,2.0,1.2260132476116876,9,1.6313037431659592
Ararat,1600,0,11.0,5.332839798756061,47,2.062690876738105
Ararat,1600,1,11.0,10.958336631132315,94,1.0038019792848232
Ararat,1600,2,13.0,13.093412578310025,127,0.9928656812919218
Ararat,1600,3,7.0,9.317166559131701,112,0.7513013699577303
Ararat,1600,4,5.0,8.298244432669899,132,0.6025370836649707
Ararat,1606,0,1.0,1.1504402338177957,7,0.8692324647595538
Ararat,1606,1,1.0,1.6988140616661473,14,0.5886459398736252
Ararat,1606,2,1.0,1.1748272732353895,12,0.8511889558420551
Ararat,1606,3,1.0,1.3213937832096927,14,0.7567766798258877
Ararat,1606,4,3.0,1.6545246480709745,17,1.8132096149173285
Ararat,1608,0,0.0,0.2230071671560871,3,0.0
Ararat,1608,1,1.0,0.9476185548583187,6,1.0552769306522423
Ararat,1608,2,0.0,0.4273547422039254,6,0.0
Ararat,1608,3,2.0,0.4554297582394605,6,4.391456561229843
Ararat,1608,4,0.0,0.9465897775422082,9,0.0
Ararat,2000,0,1.0,1.702465638801754,18,0.5873833675162041
Ararat,2000,1,4.0,4.5050604225904065,36,0.8878904220556498
Ararat,2000,2,5.0,3.9710871945228425,40,1.2591010358312693
Ararat,2000,3,4.0,4.206430276637281,41,0.9509250687491946
Ararat,2000,4,4.0,3.6149564674477164,46,1.1065140164258016
Ararat,2200,0,2.0,2.6308363814889777,19,0.7602145135563534
Ararat,2200,1,4.0,4.93271700222225,38,0.8109121196691297
Ararat,2200,2,7.0,4.456890069227971,41,1.5706018975721674
Ararat,2200,3,4.0,3.9953028322165487,40,1.0011756725286443
Ararat,2200,4,2.0,2.9842537148442516,48,0.6701843043879331
Ararat,2206,0,1.0,0.7616752625040881,7,1.3128954676989169
Ararat,2206,1,1.0,1.116952643399352,14,0.8952931047788952
Ararat,2206,2,1.0,2.642911676515879,17,0.37837057094480314
Ararat,2206,3,4.0,1.6727389678571627,17,2.391287628770997
Ararat,2206,4,0.0,0.8057214497235186,20,0.0
Ararat,2208,0,1.0,0.7132645180966389,2,1.4020044101850468
Ararat,2208,1,0.0,0.23357634337455654,4,0.0
Ararat,2208,2,1.0,0.19788080482504844,4,5.053547264900837
Ararat,2208,3,0.0,0.2711354289913741,4,0.0
Ararat,2208,4,0.0,0.584142904712382,6,0.0
Ararat,3800,0,3.0,0.8111661723492365,4,3.6983790772630876
Ararat,3800,1,0.0,1.014709095162319,8,0.0
Ararat,3800,2,0.0,0.873129834199843,8,0.0
Ararat,3800,3,0.0,0.7671046239658461,8,0.0
Ararat,3800,4,1.0,0.5338902743227552,11,1.873044046866202
Ararat,4000,0,0.0,0.0847461183295254,1,0.0
Ararat,4000,1,0.0,0.12698137892789865,2,0.0
Ararat,4000,2,1.0,0.47634380677720745,3,2.09932402977103
Ararat,4000,3,0.0,0.2609901061741703,2,0.0
Ararat,4000,4,0.0,0.05093858979119824,3,0.0
Armidale,1100,0,23.0,17.02794827698983,125,1.35072056984577
Armidale,1100,1,40.0,33.852321523003,250,1.1816028620908492
Armidale,1100,2,33.0,29.961375130448413,293,1.1014180709771084
Armidale,1100,3,17.0,23.27779564578132,281,0.7303097019446918
Armidale,1100,4,12.0,20.88055942377744,327,0.5746972462018987
Armidale,1300,0,13.0,7.709352031509092,62,1.6862636375751636
Armidale,1300,1,11.0,15.536943550460046,124,0.7079899572444731
Armidale,1300,2,13.0,15.147621532318547,153,0.8582205445431521
Armidale,1300,3,17.0,13.039146521109423,144,1.3037663141892182
Armidale,1300,4,8.0,10.566936364602892,171,0.7570784685330735
Armidale,1400,0,14.0,6.683946362001369,67,2.0945709677729956
Armidale,1400,1,16.0,16.295083029535608,133,0.9818912840762606
Armidale,1400,2,10.0,16.680216450917282,165,0.5995126040136055
Armidale,1400,3,11.0,15.002920417445273,155,0.7331905851616256
Armidale,1400,4,15.0,11.337833740100466,179,1.3230040538473342
Armidale,1900,0,10.0,5.020402977075428,49,1.9918719763458854
Armidale,1900,1,9.0,13.788238869111451,98,0.6527302061876726
Armidale,1900,2,9.0,9.626521165574799,108,0.9349171777842978
Armidale,1900,3,14.0,10.677860338036021,106,1.3111240975994092
Armidale,1900,4,7.0,9.8869766502023,128,0.7080020766365187
Ascot,1000,0,84.0,47.19134088534213,320,1.7799875660259281
Ascot,1000,1,82.0,81.81719649189434,640,1.0022342920063727
Ascot,1000,2,65.0,72.39923178909412,675,0.8977995814838369
Ascot,1000,3,57.0,62.758605024736745,686,0.9082419849442646
Ascot,1000,4,32.0,55.83362580893266,803,0.57313132608487
Ascot,1100,0,35.0,24.382382487504092,168,1.4354626754763367
Ascot,1100,1,43.0,39.06146875475137,336,1.100829061753331
Ascot,1100,2,41.0,40.716225999485594,421,1.0069695555899014
Ascot,1100,3,26.0,33.39257708312955,386,0.7786161557783932
Ascot,1100,4,23.0,30.447345675129387,458,0.7554024657981048
Ascot,1200,0,79.0,59.60486267591958,508,1.3253952186675548
Ascot,1200,1,116.0,112.19384900267934,1016,1.0339247742291982
Ascot,1200,2,133.0,132.54374676959733,1361,1.0034422840875004
Ascot,1200,3,89.0,104.29359955228247,1217,0.8533601331439733
Ascot,1200,4,91.0,99.36394199952126,1434,0.9158251793234858
Ascot,1250,0,0.0,0.05413290599037982,2,0.0
Ascot,1250,1,0.0,0.1878279701808292,4,0.0
Ascot,1250,2,0.0,0.7190775740649735,6,0.0
Ascot,1250,3,1.0,0.5724756647562655,5,1.7467991419788214
Ascot,1250,4,1.0,0.466485885007552,6,2.1436875844245766
Ascot,1400,0,72.0,52.38695912140802,466,1.374387847806518
Ascot,1400,1,109.0,97.06151755904466,933,1.1229991323151618
Ascot,1400,2,123.0,127.56006385416003,1260,0.9642516339645802
Ascot,1400,3,94.0,98.64828071715706,1102,0.9528802663020094
Ascot,1400,4,68.0,90.34317874823022,1329,0.7526854926092812
Ascot,1500,0,17.0,13.426898624724148,119,1.2661151674070423
Ascot,1500,1,25.0,24.817966865525772,238,1.0073347319488564
Ascot,1500,2,35.0,29.572054809034732,294,1.1835498150540065
Ascot,1500,3,19.0,26.95633762400192,274,0.7048435238132053
Ascot,1500,4,23.0,24.22674207671343,332,0.9493641335335565
Ascot,1600,0,34.0,29.17425559084564,267,1.1654110554467272
Ascot,1600,1,65.0,54.567898578765984,534,1.1911765285624076
Ascot,1600,2,74.0,72.06422043289126,714,1.026861867865641
Ascot,1600,3,56.0,58.225215381852394,635,0.9617826165646791
Ascot,1600,4,38.0,52.96841001564472,740,0.717408734541519
Ascot,1800,0,38.0,24.015896842885784,221,1.5822852774809748
Ascot,1800,1,45.0,40.223389804902325,442,1.118752054917945
Ascot,1800,2,67.0,63.83919448873234,643,1.0495119892502018
Ascot,1800,3,44.0,47.91865390365542,551,0.9182227883209281
Ascot,1800,4,27.0,45.00286495982413,648,0.5999618029675219
Ascot,2100,0,4.0,3.0715706889179573,36,1.3022653245233
Ascot,2100,1,6.0,6.864621106149077,73,0.8740467838240074
Ascot,2100,2,11.0,9.976949643736784,111,1.1025413972000404
Ascot,2100,3,11.0,7.432026591979866,95,1.4800808183154843
Ascot,2100,4,4.0,8.654831969216318,110,0.46216957350844956
Ascot,2150,0,1.0,0.6752133093115759,8,1.4810134607973966
Ascot,2150,1,0.0,1.280626004295943,16,0.0
Ascot,2150,2,6.0,1.9645983498409603,23,3.0540593707032873
Ascot,2150,3,1.0,1.780632123864885,21,0.5615983147768261
Ascot,2150,4,0.0,2.298930212686636,23,0.0
Ascot,2200,0,18.0,10.784101077754048,117,1.669123821282726
Ascot,2200,1,21.0,21.608522404909312,234,0.9718387776125285
Ascot,2200,2,40.0,31.357743320102458,322,1.2756019969829036
Ascot,2200,3,16.0,25.654710945117987,287,0.6236671321001476
Ascot,2200,4,22.0,27.594922252116195,333,0.7972481240932965
Ascot,2400,0,2.0,2.7972423798683264,22,0.7149898823190808
Ascot,2400,1,6.0,4.608826712960995,44,1.3018497708162322
Ascot,2400,2,3.0,5.660654150378309,69,0.5299740843201851
Ascot,2400,3,5.0,4.854379085182856,57,1.0299978457104073
Ascot,2400,4,6.0,4.078897671609514,64,1.470985664034182
Ascot,3200,0,0.0,0.013509576637628399,1,0.0
Ascot,3200,1,1.0,0.5279418137467594,2,1.8941481314069115
Ascot,3200,2,0.0,0.27425755324108414,3,0.0
Ascot,3200,3,0.0,0.024317762489631238,2,0.0
Ascot,3200,4,0.0,0.15997329388489687,3,0.0
Atherton,1000,0,7.0,2.5991240012141716,14,2.693215097367411
Atherton,1000,1,3.0,3.327491452965564,28,0.9015800768853386
Atherton,1000,2,2.0,2.318295921482086,24,0.8627026349256571
Atherton,1000,3,2.0,2.902630196906188,29,0.6890302464749832
Atherton,1000,4,0.0,2.8524584274319897,31,0.0
Atherton,1200,0,8.0,2.2116191643390604,16,3.6172593044023427
Atherton,1200,1,1.0,4.275461570368878,32,0.23389287531678643
Atherton,1200,2,1.0,3.351804869832788,28,0.29834672328341333
Atherton,1200,3,5.0,2.9036657613319043,32,1.721961276185766
Atherton,1200,4,1.0,3.2574486341273685,37,0.30698872409630124
Atherton,1400,0,2.0,1.523126482424826,11,1.3130885865867086
Atherton,1400,1,5.0,2.821436087018705,22,1.7721471781709908
Atherton,1400,2,4.0,2.3409024910798237,21,1.708742681612022
Atherton,1400,3,0.0,2.5293928981384273,24,0.0
Atherton,1400,4,0.0,1.785142041338218,25,0.0
Atherton,1830,0,1.0,0.05806505900652335,1,17.222061203582943
Atherton,1830,1,0.0,0.2186906841930472,2,0.0
Atherton,1830,2,0.0,0.3580678638735606,2,0.0
Atherton,1830,3,0.0,0.2708897971115143,2,0.0
Atherton,1830,4,0.0,0.09428659581535459,2,0.0
Avoca,1100,0,4.0,2.1004514238535457,14,1.9043525380184658
Avoca,1100,1,7.0,4.3235919605792885,28,1.619024196506767
Avoca,1100,2,1.0,2.811101075516719,26,0.35573249525230477
Avoca,1100,3,1.0,2.8602045538711693,28,0.3496253436302453
Avoca,1100,4,1.0,1.9046509861792775,37,0.525030573714713
Avoca,1200,0,5.0,2.146418771111608,17,2.3294615511634533
Avoca,1200,1,5.0,4.850101822310879,34,1.03090619190706
Avoca,1200,2,2.0,3.256613504179957,34,0.6141348973198516
Avoca,1200,3,4.0,3.3043380858367843,34,1.2105298840772365
Avoca,1200,4,1.0,3.4425278165607716,43,0.29048421778594125
Avoca,1300,0,7.0,4.119926254244747,29,1.6990595384536127
Avoca,1300,1,8.0,8.000279431303852,58,0.9999650723070048
Avoca,1300,2,5.0,6.100716688388914,54,0.8195758392642893
Avoca,1300,3,6.0,5.2069708214240435,58,1.1523014446927653
Avoca,1300,4,3.0,5.572106804638444,76,0.5383959972739002
Avoca,1860,0,2.0,3.8629965203172367,27,0.5177327987434367
Avoca,1860,1,4.0,5.823249780552449,54,0.6869016701565087
Avoca,1860,2,9.0,5.902402382456391,50,1.5248028543005716
Avoca,1860,3,8.0,5.513859942414523,54,1.4508892288796138
Avoca,1860,4,4.0,5.8974913742594,71,0.678254489266178
Bairnsdale,1000,0,18.0,11.055421437894944,73,1.6281604551320812
Bairnsdale,1000,1,29.0,17.20799925435927,146,1.6852627415504733
Bairnsdale,1000,2,13.0,16.8005389401874,181,0.7737847009719196
Bairnsdale,1000,3,8.0,15.074191886570098,166,0.5307083829234893
Bairnsdale,1000,4,5.0,12.861848480988288,202,0.3887466103640343
Bairnsdale,1200,0,20.0,14.112616912758623,104,1.417171607763181
Bairnsdale,1200,1,34.0,25.86393675922331,209,1.3145717265131842
Bairnsdale,1200,2,26.0,26.71234626946827,287,0.973332695590186
Bairnsdale,1200,3,13.0,19.724023007072244,253,0.6590947493489904
Bairnsdale,1200,4,11.0,17.587077051477554,297,0.6254592487314912
Bairnsdale,1600,0,12.0,8.37770162161822,78,1.4323737633523053
Bairnsdale,1600,1,24.0,18.750577858327905,156,1.2799605527538773
Bairnsdale,1600,2,26.0,23.71522910118528,234,1.0963419281789915
Bairnsdale,1600,3,8.0,14.557144157414477,196,0.5495583414914053
Bairnsdale,1600,4,8.0,12.599347261454119,229,0.63495352846372
Bairnsdale,2000,0,0.0,0.12380305104775893,5,0.0
Bairnsdale,2000,1,2.0,1.5047757147204783,10,1.329101726214071
Bairnsdale,2000,2,0.0,1.170034293747858,15,0.0
Bairnsdale,2000,3,2.0,1.3424586295096694,12,1.4898038241450289
Bairnsdale,2000,4,1.0,0.8589283109742355,15,1.1642415172760514
Bairnsdale,2200,0,9.0,4.969826182712678,39,1.8109285252884908
Bairnsdale,2200,1,13.0,9.63193949899411,78,1.3496762517411605
Bairnsdale,2200,2,7.0,10.962450043737238,102,0.6385433887563342
Bairnsdale,2200,3,5.0,6.805930502519654,89,0.7346534023744332
Bairnsdale,2200,4,5.0,6.62985377203632,111,0.7541644464451408
Balaklava,1000,0,0.0,0.5254211520898973,2,0.0
Balaklava,1000,1,1.0,0.3648084042429352,4,2.7411649193642877
Balaklava,1000,2,0.0,0.708536999382813,4,0.0
Balaklava,1000,3,0.0,0.16764794019237225,4,0.0
Balaklava,1000,4,1.0,0.2335855040919822,5,4.281087578132486
Balaklava,1040,0,1.0,0.136311189331382,1,7.3361549033875
Balaklava,1040,1,0.0,0.12503733156713234,2,0.0
Balaklava,1040,2,0.0,0.29534091021799436,4,0.0
Balaklava,1040,3,0.0,0.22500768672120292,3,0.0
Balaklava,1040,4,0.0,0.21830288216228844,3,0.0
Balaklava,1050,0,39.0,21.970553516702697,170,1.7751032066784749
Balaklava,1050,1,50.0,42.66088684973439,340,1.172033768920847
Balaklava,1050,2,27.0,38.76520483744529,437,0.6965008985047159
Balaklava,1050,3,35.0,34.90712085708662,396,1.0026607506042575
Balaklava,1050,4,19.0,31.696233939031007,471,0.599440300590514
Balaklava,1140,0,1.0,0.4099828274672296,1,2.4391265511722713
Balaklava,1140,1,0.0,0.11500429040064364,2,0.0
Balaklava,1140,2,0.0,0.38398753949376396,2,0.0
Balaklava,1140,3,0.0,0.030389226979343948,2,0.0
Balaklava,1140,4,0.0,0.06063611565901883,2,0.0
Balaklava,1200,0,20.0,12.933337364762155,99,1.5463912705541492
Balaklava,1200,1,27.0,22.211203113141078,198,1.215602768677833
Balaklava,1200,2,25.0,25.451696912345565,274,0.9822527781192277
Balaklava,1200,3,13.0,21.217931096732695,243,0.6126893305823697
Balaklava,1200,4,14.0,17.18583151301851,285,0.8146245347159841
Balaklava,1300,0,9.0,5.574187754090505,46,1.6145850116719753
Balaklava,1300,1,14.0,8.391744846171854,92,1.6683062052806004
Balaklava,1300,2,7.0,14.323500485303052,155,0.4887073524507858
Balaklava,1300,3,7.0,9.642284545510353,126,0.7259690343051891
Balaklava,1300,4,9.0,8.068282368924235,145,1.1154790559468226
Balaklava,1400,0,35.0,16.651593746987363,129,2.1019009070127157
Balaklava,1400,1,33.0,28.92441272872963,258,1.140904754384943
Balaklava,1400,2,32.0,37.41067978473434,388,0.8553707172425612
Balaklava,1400,3,19.0,25.990071982455174,338,0.7310483792744443
Balaklava,1400,4,10.0,20.023241757093487,400,0.49941963051299487
Balaklava,1600,0,20.0,10.29585378910366,99,1.9425295278732941
Balaklava,1600,1,15.0,18.825224246441717,198,0.7968032573548361
Balaklava,1600,2,32.0,28.098105701535623,303,1.138866809738392
Balaklava,1600,3,16.0,20.451185315934246,253,0.7823507416723583
Balaklava,1600,4,16.0,21.329630946984754,307,0.7501301846135237
Balaklava,1609,0,0.0,0.2776151149008629,3,0.0
Balaklava,1609,1,0.0,0.6158205342761854,6,0.0
Balaklava,1609,2,2.0,0.9278340514212,9,2.1555578790587835
Balaklava,1609,3,1.0,0.4640335851345325,7,2.155016429920865
Balaklava,1609,4,0.0,0.7146967142672193,10,0.0
Balaklava,1612,0,1.0,0.33728143952108486,2,2.9648829814647595
Balaklava,1612,1,0.0,0.3715517172817339,4,0.0
Balaklava,1612,2,0.0,0.5053622757468395,6,0.0
Balaklava,1612,3,1.0,0.3257038928240407,5,3.070273404869137
Balaklava,1612,4,0.0,0.46010067462630105,6,0.0
Balaklava,2200,0,8.0,4.695036682564056,52,1.7039270491132852
Balaklava,2200,1,12.0,10.66609618564463,104,1.1250601711384016
Balaklava,2200,2,13.0,13.629220928249524,131,0.9538329496922802
Balaklava,2200,3,9.0,10.528389113658099,119,0.854831627406763
Balaklava,2200,4,10.0,12.481257089883693,138,0.8012013475874317
Balaklava,2210,0,1.0,0.13765424086753697,1,7.26457821929575
Balaklava,2210,1,0.0,0.11830087234952683,2,0.0
Balaklava,2210,2,0.0,0.24482789982869074,3,0.0
Balaklava,2210,3,0.0,0.2494461698145064,3,0.0
Balaklava,2210,4,0.0,0.24977081713973903,3,0.0
Balaklava,2212,0,0.0,0.3236409354182932,4,0.0
Balaklava,2212,1,0.0,1.0000385140935668,8,0.0
Balaklava,2212,2,2.0,1.3090698112756507,11,1.5278024004319968
Balaklava,2212,3,1.0,0.612751618364654,9,1.6319826337935366
Balaklava,2212,4,1.0,0.7544991208478351,12,1.3253825914022195
Ballarat,1000,0,12.0,8.846951304310142,75,1.3563994631861176
Ballarat,1000,1,16.0,18.270791138639034,150,0.8757146791614968
Ballarat,1000,2,17.0,18.091285035086347,162,0.9396789651497999
Ballarat,1000,3,14.0,15.908476337670974,165,0.8800339958923824
Ballarat,1000,4,16.0,13.882496184293505,193,1.152530480656801
Ballarat,1100,0,20.0,11.829526924061648,75,1.6906846848895825
Ballarat,1100,1,19.0,18.134304955424593,150,1.0477379776453162
Ballarat,1100,2,12.0,17.71423403141765,164,0.6774213312704921
Ballarat,1100,3,11.0,15.134846531884037,164,0.7267995732118391
Ballarat,1100,4,13.0,12.187087557212072,185,1.0667027654451258
Ballarat,1200,0,26.0,23.30622366941706,168,1.1155818449523323
Ballarat,1200,1,43.0,39.23146356264398,337,1.0960590326011799
Ballarat,1200,2,38.0,40.90691517206295,372,0.9289382941775036
Ballarat,1200,3,38.0,34.09782885331723,368,1.1144404578798612
Ballarat,1200,4,23.0,30.457568742558774,435,0.7551489153453601
Ballarat,1400,0,21.0,16.97831593721476,154,1.236871788560025
Ballarat,1400,1,41.0,34.729279717541736,306,1.1805600442467836
Ballarat,1400,2,39.0,40.31280948349694,367,0.9674344333645519
Ballarat,1400,3,26.0,31.65638490381896,342,0.8213193034831786
Ballarat,1400,4,26.0,29.32320995792761,406,0.8866696394188873
Ballarat,1500,0,2.0,2.1755376394684394,25,0.9193129843934442
Ballarat,1500,1,8.0,5.925654887576652,50,1.350061748748191
Ballarat,1500,2,7.0,7.402974378314968,62,0.9455658823438085
Ballarat,1500,3,6.0,5.9362169207719315,52,1.0107447352546837
Ballarat,1500,4,2.0,3.559616173868009,66,0.5618583303116995
Ballarat,1600,0,18.0,14.6543391574762,119,1.2283051324642602
Ballarat,1600,1,37.0,26.542651833514004,238,1.3939827953920585
Ballarat,1600,2,27.0,31.87066855992129,304,0.8471739445702635
Ballarat,1600,3,25.0,22.308359608342037,269,1.1206561324505206
Ballarat,1600,4,12.0,23.623980840746466,332,0.50795842076296
Ballarat,2000,0,5.0,7.877670498900142,84,0.6347053993560768
Ballarat,2000,1,14.0,17.713610308651308,168,0.790352715005953
Ballarat,2000,2,21.0,22.407073293298282,241,0.9372040571796084
Ballarat,2000,3,27.0,20.78120684197789,210,1.299250818554974
Ballarat,2000,4,17.0,15.220439057172378,244,1.1169191595684642
Ballarat,2016,0,0.0,0.1347292193842146,2,0.0
Ballarat,2016,1,0.0,0.6453022230283062,4,0.0
Ballarat,2016,2,1.0,0.404410616777127,6,2.472734291620009
Ballarat,2016,3,1.0,0.47598229994698116,5,2.10091845875653
Ballarat,2016,4,0.0,0.33957564086337105,6,0.0
Ballarat,2024,0,0.0,0.10370788366468409,1,0.0
Ballarat,2024,1,0.0,0.07800251079053162,2,0.0
Ballarat,2024,2,1.0,0.37866673420130814,3,2.640844599431796
Ballarat,2024,3,0.0,0.07265651376074794,3,0.0
Ballarat,2024,4,0.0,0.36696635758272833,3,0.0
Ballarat,2036,0,0.0,0.13675282101519198,1,0.0
Ballarat,2036,1,0.0,0.0655968816251734,2,0.0
Ballarat,2036,2,1.0,0.41981153092510615,3,2.382021279397394
Ballarat,2036,3,0.0,0.19460504952746946,2,0.0
Ballarat,2036,4,0.0,0.18323371690705897,3,0.0
Ballarat,2042,0,0.0,0.038748794203311024,1,0.0
Ballarat,2042,1,0.0,0.1886361754170278,2,0.0
Ballarat,2042,2,1.0,0.3304215360245977,3,3.026437114333724
Ballarat,2042,3,0.0,0.18405677246572738,2,0.0
Ballarat,2042,4,0.0,0.2581367218893361,3,0.0
Ballarat,2600,0,2.0,1.883559435010128,20,1.0618194269984615
Ballarat,2600,1,6.0,4.2432655777334185,40,1.4140052961768559
Ballarat,2600,2,9.0,5.0744218212974825,49,1.7736010755406186
Ballarat,2600,3,1.0,4.214132289349268,43,0.23729677459992993
Ballarat,2600,4,2.0,4.584620876609703,58,0.43624108815710555
Ballarat,3200,0,3.0,0.690242077085752,4,4.346301246464428
Ballarat,3200,1,1.0,1.6202322114567138,8,0.6171954815667582
Ballarat,3200,2,0.0,0.7186932020256298,6,0.0
Ballarat,3200,3,0.0,0.5265373572838729,7,0.0
Ballarat,3200,4,0.0,0.44429515214803156,10,0.0
Ballarat,3250,0,1.0,1.560329862582562,10,0.6408901245694687
Ballarat,3250,1,5.0,3.520097446238216,20,1.4204152232613036
Ballarat,3250,2,3.0,2.495411714777811,17,1.2022064263920942
Ballarat,3250,3,0.0,1.7063646927486549,20,0.0
Ballarat,3250,4,1.0,0.7177962836527564,18,1.393152935971125
Ballarat,3400,0,3.0,0.9021672660996116,7,3.3253257048108846
Ballarat,3400,1,3.0,1.984170759976302,14,1.5119666414375699
Ballarat,3400,2,1.0,1.602567744535859,13,0.6239985819068281
Ballarat,3400,3,0.0,1.4983366004580243,14,0.0
Ballarat,3400,4,0.0,1.0127576289302027,13,0.0
Ballarat,3600,0,1.0,1.045270034186247,3,0.9566905845325507
Ballarat,3600,1,1.0,0.8061296394600563,6,1.2404952640989575
Ballarat,3600,2,0.0,0.24530048714056205,3,0.0
Ballarat,3600,3,1.0,0.6395680906687692,6,1.563555178236523
Ballarat,3600,4,0.0,0.2637317485443655,2,0.0
Ballarat,4500,0,0.0,0.822283886498782,5,0.0
Ballarat,4500,1,4.0,1.685809366158471,10,2.3727475243034024
Ballarat,4500,2,1.0,1.933605199617523,12,0.5171686547997518
Ballarat,4500,3,0.0,0.4802042284030472,9,0.0
Ballarat,4500,4,0.0,0.07809731932217694,4,0.0
Ballarat Synthetic,1000,0,27.0,17.635792684424747,118,1.530977398245635
Ballarat Synthetic,1000,1,32.0,33.13044532743535,236,0.9658789576698135
Ballarat Synthetic,1000,2,33.0,25.59993345631174,247,1.2890658507498485
Ballarat Synthetic,1000,3,19.0,22.26862220909174,251,0.8532184803172403
Ballarat Synthetic,1000,4,7.0,19.365206322736423,286,0.36147304001514285
Ballarat Synthetic,1100,0,21.0,11.976930943435056,60,1.7533707173548312
Ballarat Synthetic,1100,1,17.0,15.096265586586425,120,1.1261063143394292
Ballarat Synthetic,1100,2,16.0,13.982511790554842,126,1.1442865373307225
Ballarat Synthetic,1100,3,6.0,10.27374525900608,132,0.5840129231100345
Ballarat Synthetic,1100,4,0.0,8.670546420417597,150,0.0
Ballarat Synthetic,1200,0,30.0,24.167889789346596,193,1.2413164848684575
Ballarat Synthetic,1200,1,61.0,52.37047373243066,386,1.1647784648972053
Ballarat Synthetic,1200,2,49.0,43.32378283565474,431,1.131018502836595
Ballarat Synthetic,1200,3,33.0,39.074814771451166,431,0.8445337538518661
Ballarat Synthetic,1200,4,20.0,34.06303887111684,507,0.5871466746015621
Ballarat Synthetic,1400,0,20.0,16.897298529435805,129,1.1836211548940299
Ballarat Synthetic,1400,1,41.0,30.259008885936105,258,1.354968371718749
Ballarat Synthetic,1400,2,38.0,31.665325242393138,290,1.2000508350732517
Ballarat Synthetic,1400,3,14.0,26.02620543866794,291,0.5379193687297867
Ballarat Synthetic,1400,4,16.0,24.152161903567013,344,0.6624665760309008
Ballarat Synthetic,1500,0,29.0,18.622062296816793,143,1.5572926101185465
Ballarat Synthetic,1500,1,34.0,32.57293867189504,286,1.043811255179634
Ballarat Synthetic,1500,2,36.0,37.04737760993878,336,0.9717286977511251
Ballarat Synthetic,1500,3,24.0,28.79929718205063,328,0.8333536699971336
Ballarat Synthetic,1500,4,20.0,25.95832423929876,387,0.7704657594854158
Ballarat Synthetic,2100,0,8.0,7.049053474800368,65,1.1349041440243244
Ballarat Synthetic,2100,1,12.0,14.538673442167491,130,0.8253847950938629
Ballarat Synthetic,2100,2,14.0,15.15905236764015,149,0.9235405789537104
Ballarat Synthetic,2100,3,21.0,15.863111517052644,146,1.3238260335890135
Ballarat Synthetic,2100,4,10.0,12.390109198339346,178,0.8070953887428455
Ballarat Synthetic,2200,0,1.0,1.5357183198998676,10,0.6511610801551174
Ballarat Synthetic,2200,1,2.0,2.568803553188895,20,0.778572576138496
Ballarat Synthetic,2200,2,3.0,2.745201921443742,20,1.0928157876351245
Ballarat Synthetic,2200,3,3.0,1.5394196446176331,20,1.9487863562668457
Ballarat Synthetic,2200,4,1.0,1.6108565608498622,25,0.62078773759497
Ballina,1000,0,22.0,10.126069250987744,63,2.1726100676088125
Ballina,1000,1,21.0,16.622922246150637,126,1.2633157810061322
Ballina,1000,2,13.0,15.176585858838822,146,0.8565826412419905
Ballina,1000,3,4.0,11.297035425001493,142,0.3540751931385106
Ballina,1000,4,3.0,9.777387219021305,168,0.30683043770258833
Ballina,1005,0,1.0,0.18060714564746227,1,5.53687948732637
Ballina,1005,1,0.0,0.10256702098497855,2,0.0
Ballina,1005,2,0.0,0.04372594052517507,1,0.0
Ballina,1005,3,0.0,0.48079143916705813,2,0.0
Ballina,1005,4,0.0,0.19230845367532604,2,0.0
Ballina,1010,0,7.0,3.460942312364497,21,2.02257055108718
Ballina,1010,1,5.0,4.984943047698774,42,1.0030204863239465
Ballina,1010,2,3.0,5.70973864411843,40,0.5254180947652102
Ballina,1010,3,2.0,4.038802717321394,43,0.495196259877342
Ballina,1010,4,4.0,2.805573278496904,50,1.4257335677730059
Ballina,1012,0,1.0,0.08036121834998886,2,12.443813328523767
Ballina,1012,1,1.0,0.7488389120765516,4,1.3354006901524007
Ballina,1012,2,0.0,0.7255376036156466,5,0.0
Ballina,1012,3,0.0,0.2347579381956784,4,0.0
Ballina,1012,4,0.0,0.21050432776213446,6,0.0
Ballina,1015,0,3.0,1.5131971307687397,10,1.9825572881412545
Ballina,1015,1,3.0,3.10850667432369,20,0.9650936331519064
Ballina,1015,2,2.0,1.5927493111183035,15,1.2556903877081302
Ballina,1015,3,2.0,1.6551924134581324,20,1.2083187330598464
Ballina,1015,4,0.0,2.1303544703311346,23,0.0
Ballina,1250,0,7.0,4.571097007674498,30,1.5313610689616894
Ballina,1250,1,8.0,7.489151301972704,60,1.0682118276730146
Ballina,1250,2,4.0,7.503799296282094,74,0.5330632979458658
Ballina,1250,3,7.0,5.128071146122933,70,1.365035663612494
Ballina,1250,4,4.0,5.307881247947772,80,0.7535963623049313
Ballina,1255,0,0.0,0.5335370289151313,2,0.0
Ballina,1255,1,0.0,0.39401018597198145,4,0.0
Ballina,1255,2,1.0,0.49490421738120977,4,2.020593005433474
Ballina,1255,3,0.0,0.20443052236517312,4,0.0
Ballina,1255,4,1.0,0.3731180453665043,4,2.6801169560633973
Ballina,1260,0,2.0,1.9360022401088524,17,1.0330566559094216
Ballina,1260,1,4.0,3.931016161228326,34,1.0175486021787605
Ballina,1260,2,8.0,5.278419145206417,37,1.5156052939193319
Ballina,1260,3,1.0,3.0475167465069366,36,0.3281360147228723
Ballina,1260,4,2.0,2.8070457069494683,42,0.7124928514874387
Ballina,1262,0,0.0,0.20576032098374963,2,0.0
Ballina,1262,1,1.0,0.23233510290027115,4,4.304127906273576
Ballina,1262,2,0.0,0.3509040283014125,4,0.0
Ballina,1262,3,0.0,0.9142711105792527,4,0.0
Ballina,1262,4,1.0,0.29672943723531414,6,3.3700734558633427
Ballina,1265,0,1.0,0.25469085052064305,5,3.926328715600832
Ballina,1265,1,2.0,2.0977989342024492,10,0.9533802155163975
Ballina,1265,2,1.0,1.148900545127196,11,0.8703973587977442
Ballina,1265,3,1.0,0.8451684504192752,10,1.18319608298667
Ballina,1265,4,0.0,0.6534412197304365,12,0.0
Ballina,1300,0,9.0,4.5178704556235365,28,1.9920889915728803
Ballina,1300,1,6.0,8.675062265074853,56,0.6916376870464144
Ballina,1300,2,7.0,6.327221385081628,66,1.1063308163208347
Ballina,1300,3,5.0,4.565902141563368,62,1.095073841921631
Ballina,1300,4,1.0,3.9139437526566137,77,0.25549677338138643
Ballina,1310,0,4.0,1.9626413788335149,14,2.0380697376192987
Ballina,1310,1,2.0,2.9823712023916222,28,0.6706073336532222
Ballina,1310,2,3.0,3.044426973520321,37,0.9854071147356347
Ballina,1310,3,4.0,4.096973022309362,35,0.9763305684998872
Ballina,1310,4,1.0,1.9135874229451808,38,0.5225786854623612
Ballina,1312,0,0.0,0.08073681439923548,1,0.0
Ballina,1312,1,1.0,0.19149116235716107,2,5.222173115931288
Ballina,1312,2,0.0,0.29893522489783153,4,0.0
Ballina,1312,3,0.0,0.06716509583335957,3,0.0
Ballina,1312,4,0.0,0.3616717025124123,3,0.0
Ballina,1315,0,0.0,0.10223036182615776,1,0.0
Ballina,1315,1,0.0,0.37105835033198,2,0.0
Ballina,1315,2,0.0,0.12482865233509789,2,0.0
Ballina,1315,3,1.0,0.06452244148044384,2,15.498483582694107
Ballina,1315,4,0.0,0.33736019402632056,2,0.0
Ballina,1400,0,8.0,3.186846805053393,23,2.510318345806386
Ballina,1400,1,4.0,6.273801166154669,46,0.637572006836754
Ballina,1400,2,7.0,5.915841624767706,59,1.1832635902038477
Ballina,1400,3,4.0,4.322501737647147,53,0.9253900270673591
Ballina,1400,4,0.0,3.301008666377084,60,0.0
Ballina,1410,0,2.0,0.8751890113374006,7,2.2852206484445508
Ballina,1410,1,2.0,1.872777458248478,14,1.06793254649194
Ballina,1410,2,2.0,1.5397160647020038,18,1.2989407890519602
Ballina,1410,3,1.0,1.8070758085231244,15,0.5533802153088828
Ballina,1410,4,0.0,0.9052416571889932,20,0.0
Ballina,1412,0,0.0,0.10436825550067935,2,0.0
Ballina,1412,1,2.0,0.6216253847561193,4,3.217371827221398
Ballina,1412,2,0.0,0.5467151586047051,6,0.0
Ballina,1412,3,0.0,0.29815666488626275,4,0.0
Ballina,1412,4,0.0,0.42913453625223347,6,0.0
Ballina,1415,0,1.0,0.9071151353497096,6,1.1023958933443234
Ballina,1415,1,0.0,1.89383943449017,12,0.0
Ballina,1415,2,1.0,0.556494810252452,7,1.7969619510851385
Ballina,1415,3,2.0,1.7136942499417325,12,1.167069329939108
Ballina,1415,4,2.0,0.9288563699659361,12,2.153185427444876
Ballina,1590,0,13.0,5.31017006626093,41,2.4481325151142923
Ballina,1590,1,7.0,10.941587033845416,82,0.6397609394639941
Ballina,1590,2,9.0,11.896252241609682,109,0.7565407842077002
Ballina,1590,3,7.0,6.937938918150541,100,1.008945175589122
Ballina,1590,4,5.0,5.91405174013343,111,0.8454440745030061
Ballina,1595,0,0.0,0.058062916316153186,1,0.0
Ballina,1595,1,0.0,0.3859801484635707,2,0.0
Ballina,1595,2,0.0,0.0929006661058451,2,0.0
Ballina,1595,3,0.0,0.12470330890628356,2,0.0
Ballina,1595,4,1.0,0.3383529602081474,3,2.9554935750667637
Ballina,1600,0,3.0,2.3235423794889196,14,1.2911320346392272
Ballina,1600,1,3.0,2.697773917205869,28,1.1120279504767219
Ballina,1600,2,6.0,4.620016883368814,36,1.2986965527331433
Ballina,1600,3,1.0,2.186035973228916,32,0.45744901376116676
Ballina,1600,4,1.0,2.1726308467074817,36,0.4602714729542997
Ballina,1605,0,0.0,0.19328523713624185,4,0.0
Ballina,1605,1,2.0,1.4931661179173519,8,1.3394356970740624
Ballina,1605,2,2.0,0.7037503197024564,4,2.84191700381123
Ballina,1605,3,0.0,1.0240339480193656,8,0.0
Ballina,1605,4,0.0,0.5857643772245845,8,0.0
Ballina,1900,0,4.0,1.8968223990675217,15,2.1087899436269844
Ballina,1900,1,4.0,3.4590708842557523,30,1.1563798875028353
Ballina,1900,2,4.0,3.297285326502874,34,1.2131191583114922
Ballina,1900,3,0.0,3.58118173375474,37,0.0
Ballina,1900,4,3.0,2.7656396564191112,40,1.0847400141363077
Ballina,1910,0,2.0,0.7689235597671331,7,2.601038782848188
Ballina,1910,1,3.0,2.235057143297462,14,1.3422475613191658
Ballina,1910,2,2.0,1.493641208303463,15,1.3390096556533009
Ballina,1910,3,0.0,1.6751234864464617,16,0.0
Ballina,1910,4,0.0,0.8272546021854797,17,0.0
Ballina,1912,0,0.0,0.1253630047753805,1,0.0
Ballina,1912,1,0.0,0.2308768671279924,2,0.0
Ballina,1912,2,0.0,0.2775073068223599,3,0.0
Ballina,1912,3,0.0,0.07421870491445676,2,0.0
Ballina,1912,4,1.0,0.29203411635981036,3,3.424257454796537
Ballina,1915,0,0.0,0.229966591409017,2,0.0
Ballina,1915,1,2.0,0.6660300021612795,4,3.002867728946089
Ballina,1915,2,0.0,0.4817492959749706,4,0.0
Ballina,1915,3,0.0,0.33933736986620666,4,0.0
Ballina,1915,4,0.0,0.2829167405885263,5,0.0
Ballina,1920,0,0.0,0.16809403722134625,2,0.0
Ballina,1920,1,0.0,0.5408936976655243,4,0.0
Ballina,1920,2,2.0,0.5288309255419582,5,3.781927083690035
Ballina,1920,3,0.0,0.4176237711461548,4,0.0
Ballina,1920,4,0.0,0.3445575684250166,5,0.0
Ballina,2650,0,0.0,0.1179567786247567,1,0.0
Ballina,2650,1,1.0,0.2194161056936034,2,4.557550581070006
Ballina,2650,2,0.0,0.27523248345776563,1,0.0
Ballina,2650,3,0.0,0.2825441623352016,2,0.0
Ballina,2650,4,0.0,0.10485046988867262,2,0.0
Ballina,2670,0,0.0,0.12627576621073325,1,0.0
Ballina,2670,1,0.0,0.18832035263895067,2,0.0
Ballina,2670,2,0.0,0.18654374553858322,1,0.0
Ballina,2670,3,0.0,0.13976342544996018,2,0.0
Ballina,2670,4,1.0,0.3590967101617727,2,2.784765139033162
Barcaldine,1000,0,4.0,2.1900729353603663,18,1.8264231914001616
Barcaldine,1000,1,2.0,4.290952915175688,36,0.4660969345356036
Barcaldine,1000,2,5.0,4.0533543872887225,40,1.2335462242531638
Barcaldine,1000,3,5.0,3.5579018297614793,39,1.405322642175093
Barcaldine,1000,4,2.0,3.907717932413743,46,0.511807667439453
Barcaldine,1100,0,0.0,0.16216385008765616,1,0.0
Barcaldine,1100,1,0.0,0.1029611746588293,2,0.0
Barcaldine,1100,2,1.0,0.6554005314738105,3,1.525784542394683
Barcaldine,1100,3,0.0,0.014279765563355211,2,0.0
Barcaldine,1100,4,0.0,0.06519467821634889,3,0.0
Barcaldine,1200,0,4.0,2.3750318524619134,19,1.6841879387232954
Barcaldine,1200,1,2.0,4.780432135152569,38,0.4183722189659679
Barcaldine,1200,2,6.0,3.384138918176432,45,1.7729768620825839
Barcaldine,1200,3,3.0,4.178609238269802,42,0.7179422216665998
Barcaldine,1200,4,4.0,4.2817878559392835,51,0.9341892066071386
Barcaldine,1300,0,2.0,1.537002459865169,14,1.3012340918279641
Barcaldine,1300,1,1.0,3.1025194084086216,28,0.32231869276618996
Barcaldine,1300,2,4.0,3.415343920122045,32,1.171185126169391
Barcaldine,1300,3,4.0,3.3898815789096153,31,1.1799822226493926
Barcaldine,1300,4,3.0,2.555252632694549,35,1.174052209795185
Barcaldine,1600,0,0.0,0.5200904756673955,8,0.0
Barcaldine,1600,1,0.0,1.5984443112173914,16,0.0
Barcaldine,1600,2,1.0,1.859465536405678,21,0.5377889401128598
Barcaldine,1600,3,4.0,1.9342561084970602,21,2.067978476287738
Barcaldine,1600,4,3.0,2.087743568212475,24,1.436958085119907
Bathurst,1100,0,18.0,11.578682876068186,70,1.554580965094393
Bathurst,1100,1,22.0,19.178219948678006,140,1.1471346172310692
Bathurst,1100,2,16.0,14.03419041439108,130,1.1400728882510471
Bathurst,1100,3,7.0,13.723852116918398,145,0.510060873606368
Bathurst,1100,4,7.0,11.48505464394433,164,0.6094877401119598
Bathurst,1106,0,0.0,0.11009319172103074,1,0.0
Bathurst,1106,1,1.0,0.5021794710082105,2,1.991319951793988
Bathurst,1106,2,0.0,0.19266308551180378,2,0.0
Bathurst,1106,3,0.0,0.1380959896152302,2,0.0
Bathurst,1106,4,0.0,0.05696826214372479,3,0.0
Bathurst,1108,0,6.0,2.8706519970018785,9,2.090117508589138
Bathurst,1108,1,1.0,2.2166877935233966,18,0.45112351992993693
Bathurst,1108,2,1.0,0.8665622745510047,16,1.1539851541750232
Bathurst,1108,3,1.0,1.6402495098736782,18,0.6096633432781905
Bathurst,1108,4,0.0,1.4058484250500418,23,0.0
Bathurst,1200,0,18.0,11.35566092775925,58,1.5851124927478653
Bathurst,1200,1,21.0,16.812468453405987,116,1.2490729757024865
Bathurst,1200,2,9.0,11.32879182900671,110,0.7944359942210277
Bathurst,1200,3,4.0,10.33342102692732,123,0.3870934891336189
Bathurst,1200,4,6.0,8.169657762900735,140,0.7344248895280073
Bathurst,1206,0,0.0,0.2877649782137199,2,0.0
Bathurst,1206,1,0.0,0.5454575484269061,4,0.0
Bathurst,1206,2,1.0,0.2716943715279488,4,3.680606242875854
Bathurst,1206,3,0.0,0.17781426345332027,4,0.0
Bathurst,1206,4,1.0,0.717268838378105,4,1.3941773941569933
Bathurst,1208,0,0.0,0.33788471650499735,3,0.0
Bathurst,1208,1,2.0,0.9758211823934364,6,2.049555836751277
Bathurst,1208,2,0.0,0.6245367928124863,5,0.0
Bathurst,1208,3,0.0,0.70493156187885,6,0.0
Bathurst,1208,4,1.0,0.3568257464102299,7,2.8024883575815056
Bathurst,1300,0,7.0,5.089860623532303,35,1.3752832381374882
Bathurst,1300,1,9.0,8.782835649679738,70,1.0247259949954979
Bathurst,1300,2,9.0,7.741447129229429,86,1.1625733341274973
Bathurst,1300,3,4.0,7.223648961452164,80,0.5537367639741845
Bathurst,1300,4,6.0,6.162207636106366,93,0.9736770252342781
Bathurst,1308,0,2.0,0.9024035040288044,5,2.2163034508077004
Bathurst,1308,1,1.0,1.3427785887139667,10,0.7447244157785837
Bathurst,1308,2,0.0,1.179889427973602,11,0.0
Bathurst,1308,3,0.0,1.0670600337055163,10,0.0
Bathurst,1308,4,2.0,0.5078684455781107,11,3.9380276869207416
Bathurst,1400,0,14.0,7.870686487344163,66,1.7787520850324297
Bathurst,1400,1,22.0,17.530776738956593,132,1.2549358381315743
Bathurst,1400,2,9.0,13.920088818593541,139,0.6465475987465246
Bathurst,1400,3,12.0,13.210213460549358,141,0.908388046554773
Bathurst,1400,4,9.0,13.468234494556343,174,0.6682390333816703
Bathurst,1406,0,0.0,0.09528536434477237,2,0.0
Bathurst,1406,1,2.0,0.92648787514007,4,2.1586898799918264
Bathurst,1406,2,0.0,0.127491700599074,3,0.0
Bathurst,1406,3,0.0,0.5628767008954023,4,0.0
Bathurst,1406,4,0.0,0.28785835902068124,4,0.0
Bathurst,1408,0,2.0,0.8438569957689646,8,2.3700698222896173
Bathurst,1408,1,1.0,2.284418500053875,16,0.43774816215873597
Bathurst,1408,2,3.0,2.3684283805094553,16,1.2666627476211427
Bathurst,1408,3,1.0,1.4718944216286598,16,0.6793965554224292
Bathurst,1408,4,1.0,1.0314017020390458,20,0.9695543433979548
Bathurst,1800,0,6.0,4.010379960190114,28,1.4961175897446803
Bathurst,1800,1,7.0,7.072250290021626,56,0.9897839743987051
Bathurst,1800,2,2.0,5.149840518662762,52,0.3883615410520192
Bathurst,1800,3,9.0,6.25319284823932,58,1.4392647433757115
Bathurst,1800,4,4.0,5.514336382886179,65,0.725381935787243
Bathurst,1808,0,0.0,0.4289929935492192,2,0.0
Bathurst,1808,1,1.0,0.38798715037420933,4,2.5774049450748846
Bathurst,1808,2,0.0,0.5816188020121447,3,0.0
Bathurst,1808,3,0.0,0.308409194368636,4,0.0
Bathurst,1808,4,1.0,0.29299185969579095,5,3.4130641070993746
Bathurst,2000,0,1.0,2.779515000315289,20,0.35977499667624274
Bathurst,2000,1,3.0,4.519386583291946,40,0.6638069004963907
Bathurst,2000,2,2.0,3.649480947396754,36,0.5480231377633685
Bathurst,2000,3,11.0,5.072840005396713,41,2.1684105921530565
Bathurst,2000,4,3.0,3.9787774635992985,46,0.7540004505017296
Bathurst,2006,0,0.0,0.044754692154249785,1,0.0
Bathurst,2006,1,0.0,0.09351726718798463,2,0.0
Bathurst,2006,2,0.0,0.18211921664900088,3,0.0
Bathurst,2006,3,0.0,0.20968455638914188,3,0.0
Bathurst,2006,4,1.0,0.4699242676196228,3,2.128002465302438
Bathurst,2008,0,1.0,0.3655598025917746,3,2.7355305285486025
Bathurst,2008,1,0.0,1.0196075948527603,6,0.0
Bathurst,2008,2,1.0,0.761424051010926,8,1.3133286224309857
Bathurst,2008,3,1.0,0.606415160342885,7,1.6490352903357008
Bathurst,2008,4,0.0,0.2469933912016539,8,0.0
Beaudesert,1050,0,1.0,0.33690144905041186,1,2.968227067050597
Beaudesert,1050,1,0.0,0.1686308857279067,2,0.0
Beaudesert,1050,2,0.0,0.1161014224419881,2,0.0
Beaudesert,1050,3,0.0,0.17770625883977767,2,0.0
Beaudesert,1050,4,0.0,0.20065998393991566,3,0.0
Beaudesert,1100,0,27.0,9.942387234263837,80,2.715645585292792
Beaudesert,1100,1,27.0,21.719403859900787,160,1.2431280422870379
Beaudesert,1100,2,11.0,18.829347302036574,179,0.5841944398577344
Beaudesert,1100,3,9.0,16.63267598083592,174,0.5411035488438392
Beaudesert,1100,4,6.0,12.876185622962879,206,0.46597650699441906
Beaudesert,1200,0,12.0,9.116441290746904,59,1.3163031074614475
Beaudesert,1200,1,18.0,15.18590289657362,118,1.1853098312686645
Beaudesert,1200,2,12.0,13.56863987529133,122,0.8843922537771937
Beaudesert,1200,3,9.0,11.275332669776208,122,0.7982026130479245
Beaudesert,1200,4,8.0,9.853683267611938,145,0.8118791504386175
Beaudesert,1300,0,2.0,1.2437984582418524,10,1.6079775519476538
Beaudesert,1300,1,2.0,2.474378855107144,20,0.8082836611184172
Beaudesert,1300,2,4.0,2.274757643505397,24,1.7584290842676356
Beaudesert,1300,3,1.0,2.5228900746806504,25,0.39637081695942733
Beaudesert,1300,4,1.0,1.4841749684649566,27,0.6737750071571911
Beaudesert,1400,0,23.0,11.363369729866202,94,2.0240474917884077
Beaudesert,1400,1,23.0,21.823848769941737,188,1.0538929334810179
Beaudesert,1400,2,34.0,26.054723961544383,256,1.304945700065082
Beaudesert,1400,3,12.0,19.424723525800786,229,0.6177694104145711
Beaudesert,1400,4,2.0,15.333334012846894,267,0.13043477682833482
Beaudesert,1650,0,10.0,7.607545693817377,65,1.3144843820165235
Beaudesert,1650,1,21.0,17.278749788902463,131,1.2153657097047361
Beaudesert,1650,2,16.0,15.11029208410379,142,1.0588809210929941
Beaudesert,1650,3,12.0,14.184874178197747,141,0.8459715503465012
Beaudesert,1650,4,6.0,10.818538254978625,165,0.5546035756946034
Beaudesert,2450,0,2.0,2.5958914897762946,22,0.7704482286246693
Beaudesert,2450,1,5.0,6.322923515317837,44,0.7907734433110034
Beaudesert,2450,2,10.0,5.753607570208522,47,1.7380399823892718
Beaudesert,2450,3,2.0,3.077897880818651,49,0.6497941378964937
Beaudesert,2450,4,3.0,4.249679543878696,52,0.7059355815007854
Beaudesert,3090,0,0.0,0.17404709926149328,1,0.0
Beaudesert,3090,1,0.0,0.266872218867623,2,0.0
Beaudesert,3090,2,1.0,0.1448734902424239,2,6.902574089480767
Beaudesert,3090,3,0.0,0.15349356242701268,2,0.0
Beaudesert,3090,4,0.0,0.2607136292014471,3,0.0
Beaumont,1150,0,8.0,8.337673903180836,50,0.9595002266696935
Beaumont,1150,1,15.0,12.221961387054105,100,1.2272989191316284
Beaumont,1150,2,7.0,9.88059011839688,107,0.7084597089971936
Beaumont,1150,3,11.0,9.70144719061196,104,1.133851453692872
Beaumont,1150,4,9.0,9.858327400756222,131,0.9129337700135237
Beaumont,1200,0,7.0,5.567853022674313,34,1.257217094541373
Beaumont,1200,1,11.0,9.940939931790641,68,1.106535204465177
Beaumont,1200,2,11.0,6.806044488484594,63,1.6162104168744884
Beaumont,1200,3,2.0,5.719382189721233,68,0.34968811904096264
Beaumont,1200,4,3.0,5.96578036732922,78,0.5028679930003943
Beaumont,1250,0,1.0,0.5724293381506499,4,1.7469405101260265
Beaumont,1250,1,0.0,0.6797681543259267,8,0.0
Beaumont,1250,2,1.0,1.2626977846204062,7,0.7919551393690148
Beaumont,1250,3,2.0,0.8440620936025416,8,2.369493921310694
Beaumont,1250,4,0.0,0.6410426293004758,10,0.0
Beaumont,1300,0,1.0,0.5741084231581313,7,1.7418312633336195
Beaumont,1300,1,2.0,1.1408808845829896,14,1.7530313874362373
Beaumont,1300,2,2.0,2.1819160018198196,15,0.9166255705223789
Beaumont,1300,3,2.0,1.691352465496535,15,1.1824856384460671
Beaumont,1300,4,0.0,1.4117422249425242,20,0.0
Beaumont,1350,0,10.0,8.163962140802653,63,1.224895440171264
Beaumont,1350,1,13.0,16.77347007626963,126,0.7750334272448389
Beaumont,1350,2,18.0,17.226141406236387,133,1.0449235017589866
Beaumont,1350,3,14.0,11.780633660866874,135,1.1883910834529605
Beaumont,1350,4,8.0,9.055792715824458,155,0.8834124467116475
Beaumont,2000,0,0.0,0.34758417869071084,3,0.0
Beaumont,2000,1,0.0,0.9767012130615466,6,0.0
Beaumont,2000,2,2.0,0.7502105210942491,6,2.665918357266999
Beaumont,2000,3,1.0,0.4925901173963785,6,2.030085388812861
Beaumont,2000,4,0.0,0.432913969757115,8,0.0
Beaumont,2010,0,0.0,0.08724087276131154,1,0.0
Beaumont,2010,1,0.0,0.316103314113329,2,0.0
Beaumont,2010,2,0.0,0.3078356510291993,2,0.0
Beaumont,2010,3,1.0,0.098665272765769,2,10.135278320002179
Beaumont,2010,4,0.0,0.19015488933039118,2,0.0
Beaumont,2030,0,0.0,0.18014799800083803,1,0.0
Beaumont,2030,1,0.0,0.24107077550657596,2,0.0
Beaumont,2030,2,0.0,0.19246779657379856,2,0.0
Beaumont,2030,3,0.0,0.23195132182787326,2,0.0
Beaumont,2030,4,1.0,0.15436210809091414,2,6.478273796384236
Beaumont,2100,0,0.0,1.6665672973318193,12,0.0
Beaumont,2100,1,1.0,2.2287231484455123,24,0.44868740233504506
Beaumont,2100,2,4.0,2.2438784730854584,18,1.7826277349591826
Beaumont,2100,3,4.0,3.4182748813072794,26,1.1701809067122906
Beaumont,2100,4,3.0,2.4425561998299306,28,1.228221483791809
Beaumont,2110,0,1.0,0.2720817224803719,1,3.6753663233374323
Beaumont,2110,1,0.0,0.08140149893879978,2,0.0
Beaumont,2110,2,0.0,0.3126709630471159,3,0.0
Beaumont,2110,3,0.0,0.10226377002594329,3,0.0
Beaumont,2110,4,0.0,0.23158204550776906,3,0.0
Beaumont,2130,0,0.0,0.07602498431037882,1,0.0
Beaumont,2130,1,0.0,0.23127747058523665,2,0.0
Beaumont,2130,2,1.0,0.4915737336771448,2,2.0342828175941126
Beaumont,2130,3,0.0,0.1724469156308593,2,0.0
Beaumont,2130,4,0.0,0.028676895796380518,2,0.0
Beaumont,2200,0,1.0,0.27536765536221874,1,3.631508568733679
Beaumont,2200,1,0.0,0.23723982615821926,2,0.0
Beaumont,2200,2,0.0,0.02014885283138186,1,0.0
Beaumont,2200,3,0.0,0.10533189002926399,2,0.0
Beaumont,2200,4,0.0,0.3619117756189161,2,0.0
Belmont Park,1000,0,62.0,52.962030326452286,373,1.17064998486347
Belmont Park,1000,1,93.0,94.66539091631068,747,0.982407605354073
Belmont Park,1000,2,100.0,84.69046873640899,784,1.1807704159867207
Belmont Park,1000,3,75.0,72.77578396687758,809,1.030562584308741
Belmont Park,1000,4,43.0,67.90632605395045,941,0.6332252456985703
Belmont Park,1200,0,91.0,69.88550762381716,569,1.3021297704502466
Belmont Park,1200,1,146.0,128.36987480884724,1139,1.1373384932984112
Belmont Park,1200,2,153.0,145.02261723679547,1439,1.0550078526729312
Belmont Park,1200,3,98.0,122.3166772074628,1327,0.8011990043988932
Belmont Park,1200,4,81.0,103.40532312307734,1565,0.7833252443260625
Belmont Park,1300,0,31.0,22.543030397853848,206,1.375147859577534
Belmont Park,1300,1,47.0,45.17325707002452,412,1.0404385923986794
Belmont Park,1300,2,59.0,55.451443974109736,566,1.0639939336394393
Belmont Park,1300,3,39.0,44.119453521227406,497,0.8839638047927257
Belmont Park,1300,4,30.0,38.7128150367845,587,0.7749371873756616
Belmont Park,1380,0,0.0,0.16477966465105945,3,0.0
Belmont Park,1380,1,1.0,1.115169757404242,6,0.8967244613301563
Belmont Park,1380,2,0.0,0.5508436953295037,6,0.0
Belmont Park,1380,3,0.0,0.35491890165921813,6,0.0
Belmont Park,1380,4,2.0,0.8142879809559767,8,2.456133513909899
Belmont Park,1400,0,59.0,49.724342033042454,431,1.186541592863989
Belmont Park,1400,1,79.0,89.01660281918127,862,0.8874748923015191
Belmont Park,1400,2,112.0,116.29988405242649,1165,0.9630276153113948
Belmont Park,1400,3,97.0,89.20375396905217,1039,1.0873981831936423
Belmont Park,1400,4,84.0,86.75541712629762,1227,0.9682392498639444
Belmont Park,1570,0,0.0,0.13915906503935807,1,0.0
Belmont Park,1570,1,0.0,0.03520088773911581,2,0.0
Belmont Park,1570,2,0.0,0.1284545215747921,1,0.0
Belmont Park,1570,3,0.0,0.15903893147355208,2,0.0
Belmont Park,1570,4,1.0,0.538146594173182,2,1.858229729273708
Belmont Park,1600,0,21.0,21.82265275894162,183,0.9623028067197493
Belmont Park,1600,1,44.0,37.5619301921628,366,1.1713988012570369
Belmont Park,1600,2,57.0,47.68520163806314,500,1.1953393933958252
Belmont Park,1600,3,38.0,35.530938206657616,442,1.0694904755675645
Belmont Park,1600,4,23.0,40.39927720417483,519,0.5693171163374972
Belmont Park,1650,0,12.0,12.165799292235528,114,0.9863716893355832
Belmont Park,1650,1,17.0,20.295793588449854,228,0.8376119872284541
Belmont Park,1650,2,40.0,30.2379559160983,320,1.3228407406568283
Belmont Park,1650,3,18.0,25.46011705658946,282,0.7069881084989486
Belmont Park,1650,4,27.0,25.84033414662686,323,1.0448781291601263
Belmont Park,1700,0,8.0,5.627987899634566,52,1.421467164227459
Belmont Park,1700,1,11.0,10.618892903887508,104,1.0358895319466845
Belmont Park,1700,2,17.0,11.510117330660876,113,1.4769614862843377
Belmont Park,1700,3,5.0,12.3172311195237,115,0.4059353885204475
Belmont Park,1700,4,11.0,11.92577074629335,142,0.9223722503150508
Belmont Park,2000,0,6.0,2.534752956633485,40,2.3670945858048666
Belmont Park,2000,1,7.0,6.568404612732363,80,1.0657077955324223
Belmont Park,2000,2,7.0,10.637962193097271,102,0.6580207630877029
Belmont Park,2000,3,10.0,9.716425931472727,99,1.029185018290392
Belmont Park,2000,4,10.0,10.542454306064153,112,0.9485457285072484
Belmont Park,2100,0,10.0,7.615789159652154,82,1.313061560708535
Belmont Park,2100,1,16.0,13.146044850259187,164,1.2170961062622987
Belmont Park,2100,2,19.0,22.31447533457684,263,0.8514652356875728
Belmont Park,2100,3,20.0,19.884838778577475,221,1.005791408354117
Belmont Park,2100,4,17.0,19.038851876934338,255,0.8929109859085349
Belmont Park,2200,0,5.0,6.603825729774225,86,0.7571368786212569
Belmont Park,2200,1,13.0,15.892203691171138,172,0.8180111614868181
Belmont Park,2200,2,36.0,22.493462387778955,224,1.6004650319889995
Belmont Park,2200,3,19.0,22.574019795945894,209,0.8416755266340398
Belmont Park,2200,4,13.0,18.43648839532979,246,0.7051234335543571
Benalla,1106,0,9.0,7.900989964532101,60,1.1390977637487711
Benalla,1106,1,22.0,15.114669251377219,120,1.4555396240639142
Benalla,1106,2,13.0,13.521528115456697,145,0.9614297946945413
Benalla,1106,3,13.0,11.969796958546464,131,1.0860668769087156
Benalla,1106,4,3.0,11.49301571008752,165,0.26102809529502985
Benalla,1112,0,1.0,0.8307596660727902,10,1.2037175621768585
Benalla,1112,1,4.0,2.356595470609275,20,1.697363866597706
Benalla,1112,2,2.0,3.193971809165347,21,0.6261796031702116
Benalla,1112,3,1.0,1.6864833426580101,20,0.5929498232837174
Benalla,1112,4,2.0,1.9321897114945772,25,1.0350950468797242
Benalla,1206,0,16.0,7.421392674026936,75,2.155929581249096
Benalla,1206,1,22.0,16.632678163814546,148,1.3226973902412424
Benalla,1206,2,18.0,21.41718141959508,210,0.8404467258017144
Benalla,1206,3,12.0,14.990493784013292,177,0.8005073196986664
Benalla,1206,4,6.0,13.538253958550143,214,0.44318861341869525
Benalla,1212,0,4.0,0.9780984293297831,15,4.089567961724361
Benalla,1212,1,2.0,3.2338028755029136,30,0.618466887747128
Benalla,1212,2,4.0,3.9623350463925346,35,1.0095057467797321
Benalla,1212,3,3.0,4.294885456843949,31,0.69850524074384
Benalla,1212,4,2.0,2.530878191930819,40,0.790239532813782
Benalla,1406,0,12.0,8.260242403220593,90,1.4527418705438124
Benalla,1406,1,14.0,19.25845925109209,180,0.726953273751954
Benalla,1406,2,36.0,26.608099166041875,263,1.3529715059820724
Benalla,1406,3,14.0,19.222583341793964,217,0.7283100169768044
Benalla,1406,4,14.0,16.650615837851475,270,0.8408097415937079
Benalla,1412,0,3.0,2.086828434835611,13,1.437588231941225
Benalla,1412,1,2.0,2.4325250767260385,26,0.8221909073561624
Benalla,1412,2,2.0,2.13861418035515,26,0.9351850457046297
Benalla,1412,3,2.0,3.431976521605878,27,0.5827545693885362
Benalla,1412,4,4.0,2.9100557864773227,33,1.3745440958855553
Benalla,1606,0,6.0,7.304323832090202,71,0.821431269741917
Benalla,1606,1,17.0,15.912417112619348,142,1.068348063005346
Benalla,1606,2,20.0,18.41554107395086,190,1.0860392273942137
Benalla,1606,3,13.0,16.86339052246641,170,0.7709007262021613
Benalla,1606,4,15.0,12.50432745887318,201,1.1995847077209953
Benalla,1612,0,1.0,0.5794666473330682,8,1.7257248619957517
Benalla,1612,1,2.0,1.3442187094592182,16,1.4878531193815951
Benalla,1612,2,2.0,2.5019513888500615,18,0.7993760426013845
Benalla,1612,3,3.0,2.128790348074269,18,1.4092510343791433
Benalla,1612,4,0.0,1.445572906283383,22,0.0
Benalla,2040,0,0.0,1.1097531788631823,14,0.0
Benalla,2040,1,4.0,3.306646475067717,28,1.2096848060898568
Benalla,2040,2,3.0,3.660694718981991,26,0.8195165754860528
Benalla,2040,3,3.0,2.507860198987231,29,1.1962389295908573
Benalla,2040,4,4.0,3.4150454280998783,33,1.1712874935972928
Benalla,2046,0,3.0,1.1918377893769805,15,2.5171210602142557
Benalla,2046,1,5.0,3.6304825652121138,30,1.3772273823625623
Benalla,2046,2,2.0,3.450444420334903,28,0.579635477741119
Benalla,2046,3,5.0,3.5797608471606486,31,1.3967413504636321
Benalla,2046,4,0.0,3.147474377915355,37,0.0
Benalla,2100,0,9.0,2.5169148297720834,19,3.5758063377992753
Benalla,2100,1,4.0,4.785239069131279,38,0.8359038999332936
Benalla,2100,2,3.0,4.5696069005729205,39,0.6565116136409613
Benalla,2100,3,2.0,3.903043970660157,39,0.5124205658543278
Benalla,2100,4,1.0,3.22519522986356,48,0.3100587495419012
Bendigo,1000,0,18.0,13.65229871884273,125,1.3184592844541725
Bendigo,1000,1,26.0,29.215886101318013,250,0.8899267990652204
Bendigo,1000,2,45.0,33.528186185698424,338,1.3421543220609686
Bendigo,1000,3,20.0,25.993153270850243,295,0.7694333885388502
Bendigo,1000,4,16.0,22.610475723290588,358,0.7076365926931262
Bendigo,1100,0,37.0,24.31273639623195,188,1.5218361025678029
Bendigo,1100,1,37.0,41.974281351340274,376,0.8814921616000118
Bendigo,1100,2,38.0,47.96901057680678,478,0.7921781071376353
Bendigo,1100,3,36.0,38.10542734399167,443,0.944747310534397
Bendigo,1100,4,40.0,35.638544331629326,517,1.122380297797401
Bendigo,1300,0,32.0,20.483683820927606,196,1.562218997312705
Bendigo,1300,1,63.0,46.265636954395276,393,1.3617017758147376
Bendigo,1300,2,42.0,52.553430077195024,536,0.7991866551489935
Bendigo,1300,3,38.0,39.44553159993066,478,0.963353730034831
Bendigo,1300,4,21.0,37.251717547551436,556,0.5637323963168601
Bendigo,1400,0,25.0,15.082977814273402,154,1.657497631292799
Bendigo,1400,1,35.0,36.24255918079709,308,0.9657154679778946
Bendigo,1400,2,44.0,41.723599509667515,426,1.054559062906474
Bendigo,1400,3,24.0,31.861406118755824,383,0.7532624238411105
Bendigo,1400,4,26.0,29.089457376506175,441,0.8937946027483707
Bendigo,1500,0,12.0,6.658132223680178,58,1.8023072532745812
Bendigo,1500,1,18.0,13.30070143581819,117,1.3533120855962386
Bendigo,1500,2,17.0,15.572632760274105,154,1.0916586977744134
Bendigo,1500,3,8.0,12.130510013989321,134,0.6594941177884628
Bendigo,1500,4,3.0,10.338023566238205,159,0.2901908648958167
Bendigo,1600,0,25.0,15.409676481014609,149,1.622357226694609
Bendigo,1600,1,29.0,31.34703296868909,299,0.9251274284544436
Bendigo,1600,2,40.0,41.89798194666938,409,0.9546999196981548
Bendigo,1600,3,29.0,30.265662997901476,362,0.9581815538622355
Bendigo,1600,4,26.0,30.079645605725442,435,0.8643718859191309
Bendigo,2200,0,2.0,3.353756939014689,33,0.5963461384853926
Bendigo,2200,1,11.0,6.629074129911262,66,1.6593569153747338
Bendigo,2200,2,9.0,9.34990550005453,93,0.9625765736292746
Bendigo,2200,3,8.0,7.765266247683569,84,1.0302286804894105
Bendigo,2200,4,3.0,5.901997183335948,91,0.5083025129985456
Bendigo,2400,0,13.0,8.066575370015027,77,1.6115884875164543
Bendigo,2400,1,17.0,14.541826087552534,154,1.1690416250096407
Bendigo,2400,2,21.0,22.520257074913285,210,0.9324937957033006
Bendigo,2400,3,16.0,16.55373451960612,182,0.9665492690516281
Bendigo,2400,4,10.0,15.31760694791303,218,0.6528434914151172
Bendigo,3600,0,1.0,0.5886672182981778,6,1.6987526550076544
Bendigo,3600,1,1.0,2.281090138462564,12,0.43838688491020866
Bendigo,3600,2,0.0,0.8276430722048511,13,0.0
Bendigo,3600,3,0.0,1.127081751861809,13,0.0
Bendigo,3600,4,4.0,1.1755178191725981,15,3.402755734332846
Birdsville,800,0,0.0,0.03747733679870605,1,0.0
Birdsville,800,1,0.0,0.3294436368114827,2,0.0
Birdsville,800,2,1.0,0.18738668399353026,2,5.3365584933160255
Birdsville,800,3,0.0,0.13533482732866073,2,0.0
Birdsville,800,4,0.0,0.31035751506762027,2,0.0
Birdsville,1000,0,1.0,1.0139840823416228,5,0.9862087752804471
Birdsville,1000,1,2.0,1.1936566943931863,10,1.67552363204123
Birdsville,1000,2,1.0,0.8227785282568574,10,1.2153938947806586
Birdsville,1000,3,1.0,1.0193700624468358,10,0.9809980073376483
Birdsville,1000,4,0.0,0.9502106325614974,12,0.0
Birdsville,1200,0,1.0,0.8393746213760578,6,1.191363158395968
Birdsville,1200,1,2.0,1.7641324687752458,12,1.1337017119743316
Birdsville,1200,2,3.0,1.243970567246514,14,2.411632621373347
Birdsville,1200,3,0.0,1.113827464542101,13,0.0
Birdsville,1200,4,0.0,1.0386948780600815,15,0.0
Birdsville,1400,0,0.0,0.5609000986107129,4,0.0
Birdsville,1400,1,3.0,1.1843566460599966,8,2.5330207838830563
Birdsville,1400,2,1.0,0.44588388332688667,8,2.2427363656624464
Birdsville,1400,3,0.0,0.9574619550800474,9,0.0
Birdsville,1400,4,0.0,0.8513974169223566,10,0.0
Birdsville,1600,0,4.0,0.9464799764100981,6,4.226185550350037
Birdsville,1600,1,1.0,1.184907592082924,12,0.8439476687309608
Birdsville,1600,2,0.0,1.7117078053961063,18,0.0
Birdsville,1600,3,0.0,0.9888709034898066,17,0.0
Birdsville,1600,4,1.0,1.168033722621065,18,0.8561396650055636
Blackall,1050,0,2.0,0.6416558959782019,7,3.116935436167087
Blackall,1050,1,3.0,2.2483238080053742,14,1.3343273728269078
Blackall,1050,2,1.0,1.1440036619682012,14,0.8741230760394157
Blackall,1050,3,1.0,1.5894090518010804,14,0.6291646564280126
Blackall,1050,4,0.0,1.3766075822471424,20,0.0
Blackall,1200,0,1.0,0.8696107221967115,7,1.1499398230439408
Blackall,1200,1,2.0,2.5244273579227285,14,0.7922588834743641
Blackall,1200,2,1.0,1.0823535590000708,13,0.9239125160948767
Blackall,1200,3,1.0,1.4690490993875065,14,0.6807124420939585
Blackall,1200,4,2.0,1.0545592614929824,18,1.8965268932999733
Blackall,1400,0,2.0,0.565431743168605,6,3.5371201284035867
Blackall,1400,1,1.0,1.4929967035912988,12,0.6697938432111539
Blackall,1400,2,2.0,1.3491031966411153,11,1.4824662820304875
Blackall,1400,3,1.0,1.089742872329477,12,0.9176476629412228
Blackall,1400,4,0.0,1.502725484269504,17,0.0
Boorowa,1200,1,1.0,1.0,1,1.0
Bordertown,1000,0,2.0,1.9754843240083482,14,1.012409957241224
Bordertown,1000,1,3.0,4.200044374229424,28,0.7142781677277888
Bordertown,1000,2,3.0,3.5845262864755734,26,0.8369306737459306
Bordertown,1000,3,4.0,1.724921387478387,28,2.318946259833606
Bordertown,1000,4,2.0,2.5150236278082683,34,0.7952211573228485
Bordertown,1100,0,12.0,6.1751762520175975,45,1.9432643717787448
Bordertown,1100,1,13.0,11.11401711545546,90,1.1696940777535638
Bordertown,1100,2,9.0,10.83437602612713,114,0.8306892781177683
Bordertown,1100,3,7.0,8.32102002542439,105,0.8412430181169988
Bordertown,1100,4,4.0,8.555410580975423,126,0.4675403900421516
Bordertown,1200,0,8.0,4.991223321787879,44,1.602813475621917
Bordertown,1200,1,12.0,10.300151520086406,88,1.1650314052758066
Bordertown,1200,2,8.0,9.853473356097513,108,0.8118964461449982
Bordertown,1200,3,11.0,9.228109640078337,104,1.1920101113912016
Bordertown,1200,4,5.0,9.627042161949866,120,0.5193703232922475
Bordertown,1300,0,8.0,5.388805279816143,46,1.4845591155360778
Bordertown,1300,1,8.0,9.85341517210388,92,0.8119012403586621
Bordertown,1300,2,13.0,11.796443657821278,132,1.10202704959988
Bordertown,1300,3,8.0,8.994015193432832,111,0.8894803742205558
Bordertown,1300,4,9.0,9.967320696825865,136,0.9029507802298452
Bordertown,1550,0,12.0,7.526241727855842,61,1.5944212840767593
Bordertown,1550,1,13.0,14.844214928808988,122,0.8757620434860575
Bordertown,1550,2,14.0,14.312213428050121,149,0.9781855245787334
Bordertown,1550,3,15.0,13.958732875046355,148,1.074596106557429
Bordertown,1550,4,7.0,10.358597040238694,162,0.6757671886268006
Bordertown,2000,0,5.0,3.188018819481029,28,1.5683721719101833
Bordertown,2000,1,10.0,8.07906233680688,56,1.237767402095865
Bordertown,2000,2,5.0,5.4336995522114755,65,0.9201833763453183
Bordertown,2000,3,4.0,5.681646847941993,63,0.7040212295927687
Bordertown,2000,4,4.0,5.617572443558624,74,0.7120513424952073
Bowen,1000,0,4.0,3.6539942589580505,22,1.0946924698071678
Bowen,1000,1,10.0,6.5491513684194596,44,1.5269153875753756
Bowen,1000,2,4.0,4.484856239741909,49,0.8918903496960672
Bowen,1000,3,1.0,3.9570813702666143,51,0.25271150790933156
Bowen,1000,4,3.0,3.3549167626139673,55,0.894209964739204
Bowen,1100,0,0.0,0.18781624553517962,2,0.0
Bowen,1100,1,0.0,0.38898241421634383,4,0.0
Bowen,1100,2,1.0,0.48837261030470763,6,2.0476168787927636
Bowen,1100,3,0.0,0.2850030786918753,5,0.0
Bowen,1100,4,1.0,0.6498256512518937,6,1.5388743089373171
Bowen,1200,0,2.0,1.9476006854620853,17,1.0269045471841587
Bowen,1200,1,9.0,4.80743244864673,34,1.8721011883450298
Bowen,1200,2,3.0,3.15489439779181,36,0.9509034603819944
Bowen,1200,3,3.0,3.6502626867213728,37,0.8218586599022462
Bowen,1200,4,0.0,3.439809781378002,44,0.0
Bowen,1280,0,1.0,1.409626163574624,7,0.7094079450569599
Bowen,1280,1,4.0,1.899384796359319,14,2.1059450447676924
Bowen,1280,2,1.0,1.1633849985381761,14,0.8595606796172602
Bowen,1280,3,0.0,1.4343305631606345,15,0.0
Bowen,1280,4,1.0,1.0932734783672466,15,0.9146842210911891
Bowen,1470,0,2.0,1.1415540409129386,8,1.751997652603931
Bowen,1470,1,2.0,1.6180641501057982,16,1.2360449367036708
Bowen,1470,2,2.0,1.962737618017137,15,1.0189849023327466
Bowen,1470,3,2.0,1.831118960573717,16,1.092228327630538
Bowen,1470,4,0.0,1.4465252303904095,20,0.0
Bowen,1810,0,2.0,0.1931325557737545,2,10.355581905843486
Bowen,1810,1,0.0,0.8185672437432816,4,0.0
Bowen,1810,2,0.0,0.2065025538337285,3,0.0
Bowen,1810,3,0.0,0.22020119316848272,4,0.0
Bowen,1810,4,0.0,0.5615964534807526,4,0.0
Bowraville,1000,0,2.0,1.1608037866343308,8,1.7229440694700522
Bowraville,1000,1,2.0,2.249091260576837,16,0.8892480421123725
Bowraville,1000,2,4.0,2.0314730078744465,12,1.969014594087689
Bowraville,1000,3,0.0,1.5430292697411463,16,0.0
Bowraville,1000,4,0.0,1.0156026751732397,16,0.0
Bowraville,1370,0,1.0,1.0749315456106645,10,0.9302917977273649
Bowraville,1370,1,4.0,3.538620915231706,20,1.1303838686936838
Bowraville,1370,2,1.0,1.9787964730304832,18,0.5053576826264108
Bowraville,1370,3,4.0,2.020914526817819,20,1.9793019184727703
Bowraville,1370,4,0.0,1.3867365393093274,24,0.0
Bowraville,2200,0,0.0,0.17012008634734366,2,0.0
Bowraville,2200,1,2.0,0.9024519870277428,4,2.2161843829355066
Bowraville,2200,2,0.0,0.3528477819816763,3,0.0
Bowraville,2200,3,0.0,0.3916448714278407,4,0.0
Bowraville,2200,4,0.0,0.18293527321539643,5,0.0
Broome,1000,0,7.0,2.874437220447132,17,2.435259309267891
Broome,1000,1,5.0,5.565164381109598,35,0.8984460579407154
Broome,1000,2,4.0,3.6628350056204217,30,1.0920502817796098
Broome,1000,3,0.0,2.7134083576608057,35,0.0
Broome,1000,4,1.0,2.184155035162042,40,0.45784295707095274
Broome,1100,0,7.0,2.6793354036205983,18,2.6125881778521896
Broome,1100,1,3.0,4.575751989395233,36,0.6556299395056382
Broome,1100,2,4.0,3.4498245564579917,35,1.1594792530861004
Broome,1100,3,4.0,3.307596644238912,41,1.2093373014412439
Broome,1100,4,0.0,3.9874914062872646,47,0.0
Broome,1200,0,10.0,5.765894307899424,33,1.7343363346601313
Broome,1200,1,11.0,9.282290467714725,66,1.1850523357634346
Broome,1200,2,5.0,5.0786236186724585,63,0.9845187151921665
Broome,1200,3,3.0,6.0218455043002646,67,0.4981861454030443
Broome,1200,4,4.0,6.851346101413129,79,0.5838268773453114
Broome,1300,0,10.0,6.1017171319952315,39,1.6388829215899836
Broome,1300,1,17.0,10.34447043823529,78,1.6433900702315805
Broome,1300,2,6.0,7.9183843684529025,80,0.7577303299274272
Broome,1300,3,4.0,7.336849193619289,82,0.5451931605025656
Broome,1300,4,2.0,7.298578867697289,96,0.2740259489216155
Broome,1435,0,15.0,5.022891402417662,33,2.9863277539267656
Broome,1435,1,6.0,7.028041258411608,66,0.8537229335156247
Broome,1435,2,7.0,7.231173831223217,73,0.9680309398420156
Broome,1435,3,4.0,7.9099424711910755,74,0.5056926791273719
Broome,1435,4,1.0,5.807951036756438,85,0.1721777600519286
Broome,1453,0,0.0,0.14060126588739627,2,0.0
Broome,1453,1,0.0,0.40820370820180274,4,0.0
Broome,1453,2,1.0,0.2784213585595314,3,3.591678473137622
Broome,1453,3,1.0,0.8123154896663438,4,1.2310487891973438
Broome,1453,4,0.0,0.3604581776849257,4,0.0
Broome,1600,0,7.0,2.894930488854924,17,2.4180200619493344
Broome,1600,1,4.0,3.9699751265524825,34,1.0075629877997727
Broome,1600,2,1.0,2.784948617841835,32,0.35907305204608725
Broome,1600,3,4.0,4.20843799035388,37,0.9504714122361697
Broome,1600,4,1.0,3.141707776396878,42,0.31829822223213494
Broome,1615,0,1.0,0.8572241873660283,10,1.1665559776989907
Broome,1615,1,3.0,2.808577806103182,20,1.068156272359928
Broome,1615,2,2.0,1.9271688996849876,18,1.0377917578095606
Broome,1615,3,1.0,2.3055717857062565,22,0.43373188646723226
Broome,1615,4,3.0,2.101457321139546,26,1.4275807411464374
Broome,1780,0,3.0,0.5287584581585804,6,5.673668106317588
Broome,1780,1,0.0,1.250213273827808,12,0.0
Broome,1780,2,1.0,1.4726996247195732,15,0.6790250932469796
Broome,1780,3,1.0,1.5630603966128125,14,0.6397705438427221
Broome,1780,4,1.0,1.1852682466812259,16,0.8436908714968273
Broome,1800,0,1.0,1.0161885173140743,8,0.9840693758704706
Broome,1800,1,4.0,2.05271490631783,16,1.9486388429727046
Broome,1800,2,2.0,1.740842481057564,19,1.1488690227647693
Broome,1800,3,0.0,1.799375911507525,17,0.0
Broome,1800,4,1.0,1.3908781838030067,20,0.7189702244561429
Broome,2020,0,0.0,0.36948453499171474,5,0.0
Broome,2020,1,2.0,1.1238858159604916,10,1.7795402091544028
Broome,2020,2,2.0,1.0812462449212668,11,1.849717406552135
Broome,2020,3,1.0,1.2603140108284192,11,0.7934530532931934
Broome,2020,4,0.0,1.1650693932981078,14,0.0
Broome,2070,0,2.0,0.716619128916568,5,2.7908827985428353
Broome,2070,1,0.0,0.8418099102189258,10,0.0
Broome,2070,2,1.0,1.0689089735787107,12,0.9355333566449505
Broome,2070,3,1.0,1.2176962885838196,12,0.8212228364126819
Broome,2070,4,1.0,1.154965698701976,11,0.8658265791995932
Broome,2200,0,0.0,0.45799571898603175,5,0.0
Broome,2200,1,0.0,0.6194618953596923,10,0.0
Broome,2200,2,4.0,1.45968618953772,18,2.740315027072218
Broome,2200,3,0.0,0.8946213803237599,14,0.0
Broome,2200,4,1.0,1.568234815792796,18,0.6376596093452153
Bunbury,1000,0,11.0,9.3480965477157,52,1.1767101402785531
Bunbury,1000,1,13.0,14.064062995108264,105,0.9243417072663593
Bunbury,1000,2,13.0,11.141423759357707,107,1.1668167624520402
Bunbury,1000,3,9.0,9.648188778660685,110,0.9328175688172362
Bunbury,1000,4,6.0,7.798227919157641,126,0.7694055703681094
Bunbury,1003,0,0.0,0.23072724569316777,1,0.0
Bunbury,1003,1,0.0,0.33916905116895657,2,0.0
Bunbury,1003,2,1.0,0.3383336594173089,2,2.9556621759781097
Bunbury,1003,3,0.0,0.04051795534123922,2,0.0
Bunbury,1003,4,0.0,0.051252088379327404,2,0.0
Bunbury,1008,0,4.0,1.4724901463155238,7,2.716486769034639
Bunbury,1008,1,1.0,1.8802438266991552,14,0.5318459158329166
Bunbury,1008,2,0.0,1.2315589806821408,10,0.0
Bunbury,1008,3,1.0,1.5314470732987864,14,0.6529771857188429
Bunbury,1008,4,1.0,0.8842599730043942,16,1.1308891395393181
Bunbury,1011,0,0.0,0.3534479266921591,2,0.0
Bunbury,1011,1,0.0,0.6237563687371568,4,0.0
Bunbury,1011,2,1.0,0.17911957503517817,2,5.582862731801397
Bunbury,1011,3,1.0,0.4107249549920721,4,2.4347193610850897
Bunbury,1011,4,0.0,0.4329511745434338,4,0.0
Bunbury,1014,0,0.0,0.026078798633099275,1,0.0
Bunbury,1014,1,1.0,0.09808312868257557,2,10.195433337330416
Bunbury,1014,2,0.0,0.45269942777121625,3,0.0
Bunbury,1014,3,0.0,0.17494171148629875,2,0.0
Bunbury,1014,4,0.0,0.2481969334268101,3,0.0
Bunbury,1016,0,1.0,0.6563104105950723,3,1.5236692635932845
Bunbury,1016,1,2.0,1.1224351402135775,6,1.7818401512442306
Bunbury,1016,2,0.0,0.6090006297677479,6,0.0
Bunbury,1016,3,0.0,0.43022801493600066,6,0.0
Bunbury,1016,4,0.0,0.18202580448760136,7,0.0
Bunbury,1022,0,0.0,0.11707794236792471,1,0.0
Bunbury,1022,1,0.0,0.2361071837753148,2,0.0
Bunbury,1022,2,1.0,0.20624927984770774,2,4.848501777743851
Bunbury,1022,3,0.0,0.12793811349255121,2,0.0
Bunbury,1022,4,0.0,0.31262748051650147,3,0.0
Bunbury,1100,0,9.0,7.168920172768518,46,1.2554191960718053
Bunbury,1100,1,15.0,10.29749582529315,92,1.4566648294390523
Bunbury,1100,2,12.0,10.998821691089601,107,1.0910259605100678
Bunbury,1100,3,7.0,9.59459961231882,103,0.7295770832388327
Bunbury,1100,4,3.0,7.940162698529909,127,0.377826011116301
Bunbury,1108,0,3.0,1.2915469472789587,11,2.322795935773317
Bunbury,1108,1,2.0,2.3953540354849703,22,0.8349496443414363
Bunbury,1108,2,2.0,2.986794460242507,28,0.6696142056717267
Bunbury,1108,3,3.0,3.039214123091156,25,0.9870972818949422
Bunbury,1108,4,1.0,1.2870904339024076,30,0.7769461831582721
Bunbury,1111,0,2.0,0.5810315767552441,2,3.442153714207666
Bunbury,1111,1,0.0,0.4363140008618213,4,0.0
Bunbury,1111,2,0.0,0.6985640218627199,5,0.0
Bunbury,1111,3,0.0,0.1574682713385955,4,0.0
Bunbury,1111,4,0.0,0.12662212918161916,6,0.0
Bunbury,1116,0,1.0,0.28410498377164217,4,3.5198256177152447
Bunbury,1116,1,1.0,1.1614915232058651,8,0.8609619442076272
Bunbury,1116,2,2.0,1.2365886593599669,9,1.617352694335042
Bunbury,1116,3,0.0,0.32894205220581507,9,0.0
Bunbury,1116,4,0.0,0.9888727814567104,10,0.0
Bunbury,1122,0,0.0,0.17867426463509056,2,0.0
Bunbury,1122,1,1.0,0.5195735797553815,4,1.924655215284053
Bunbury,1122,2,1.0,0.46503984122807596,4,2.1503533920001408
Bunbury,1122,3,0.0,0.04547236220696387,4,0.0
Bunbury,1122,4,0.0,0.7912399521744882,6,0.0
Bunbury,1200,0,35.0,16.68505682240347,113,2.097685394334682
Bunbury,1200,1,20.0,24.79393206400666,226,0.806648979611991
Bunbury,1200,2,25.0,28.63189517701148,299,0.8731521209281485
Bunbury,1200,3,20.0,22.180560642912535,264,0.9016904631935306
Bunbury,1200,4,13.0,20.708555293665857,313,0.6277598710121667
Bunbury,1203,0,0.0,0.09279625622178182,2,0.0
Bunbury,1203,1,0.0,0.3067894222503703,4,0.0
Bunbury,1203,2,1.0,0.7082948130958777,5,1.411841483956534
Bunbury,1203,3,1.0,0.7835654583743097,4,1.2762175633350843
Bunbury,1203,4,0.0,0.10855405005766045,6,0.0
Bunbury,1208,0,3.0,2.489471581450913,22,1.2050750136507045
Bunbury,1208,1,3.0,3.726474513313096,44,0.8050504543321807
Bunbury,1208,2,6.0,6.12751312368171,62,0.9791900692649853
Bunbury,1208,3,6.0,5.109985810640285,52,1.1741715578752647
Bunbury,1208,4,4.0,4.546554970913996,60,0.8797870091947615
Bunbury,1211,0,3.0,1.6297620016295633,7,1.8407595691888543
Bunbury,1211,1,1.0,1.3213796462408944,14,0.7567847763092416
Bunbury,1211,2,0.0,1.4841494204383094,16,0.0
Bunbury,1211,3,2.0,1.5667752704838347,16,1.2765072551741141
Bunbury,1211,4,1.0,0.9979336612073978,17,1.002070617389639
Bunbury,1214,0,0.0,0.5836921882237553,4,0.0
Bunbury,1214,1,0.0,0.8886744383121457,8,0.0
Bunbury,1214,2,1.0,0.6397166622173704,10,1.5631920490140496
Bunbury,1214,3,1.0,0.6456773915893368,9,1.548761057807053
Bunbury,1214,4,2.0,1.2422393196573918,12,1.6099957297693634
Bunbury,1216,0,1.0,1.1845895032577098,8,0.8441742875907013
Bunbury,1216,1,4.0,2.0703038980678237,16,1.9320834993032308
Bunbury,1216,2,1.0,1.6008341638408603,17,0.6246743245413461
Bunbury,1216,3,2.0,1.773594706679279,18,1.1276533429357274
Bunbury,1216,4,0.0,1.370677728154327,21,0.0
Bunbury,1400,0,20.0,13.537552429812278,121,1.4773719329024482
Bunbury,1400,1,22.0,23.626954420623743,242,0.9311399009936046
Bunbury,1400,2,37.0,35.41223376459209,393,1.0448366585955242
Bunbury,1400,3,26.0,26.7942522311786,320,0.9703573652914118
Bunbury,1400,4,16.0,21.629007153793296,380,0.7397473164732815
Bunbury,1403,0,0.0,0.013279036102143895,1,0.0
Bunbury,1403,1,0.0,0.26936111748822505,2,0.0
Bunbury,1403,2,0.0,0.2914760281322414,4,0.0
Bunbury,1403,3,0.0,0.2615938037155917,3,0.0
Bunbury,1403,4,1.0,0.1642900145617979,3,6.0867971962096865
Bunbury,1410,0,1.0,2.878176688652549,24,0.34744218586113323
Bunbury,1410,1,6.0,5.311988915343519,48,1.1295204292819931
Bunbury,1410,2,12.0,7.319334353667752,73,1.6394933501004425
Bunbury,1410,3,4.0,4.795073151379286,67,0.8341895678587121
Bunbury,1410,4,1.0,3.695426890956893,69,0.2706047310656064
Bunbury,1414,0,1.0,0.4711332488960441,5,2.122541769962516
Bunbury,1414,1,4.0,2.1095361104494907,11,1.8961514714946963
Bunbury,1414,2,0.0,1.2189583114992015,16,0.0
Bunbury,1414,3,0.0,0.6500774314664002,13,0.0
Bunbury,1414,4,0.0,0.5502948976888636,13,0.0
Bunbury,1420,0,2.0,1.1221611679884287,10,1.7822751820802831
Bunbury,1420,1,2.0,2.357720009843997,20,0.8482771455684145
Bunbury,1420,2,3.0,2.733609162194362,27,1.0974502286170993
Bunbury,1420,3,0.0,1.7111945269095512,23,0.0
Bunbury,1420,4,3.0,2.0753151330636608,29,1.4455635928271209
Bunbury,1427,0,1.0,0.7237433375151777,4,1.381705292698503
Bunbury,1427,1,0.0,0.5897737400085534,8,0.0
Bunbury,1427,2,1.0,0.720073439754229,8,1.3887472371447471
Bunbury,1427,3,1.0,1.0619741723037002,8,0.9416424863052347
Bunbury,1427,4,1.0,0.9044353104183396,11,1.1056622717853173
Bunbury,1675,0,8.0,4.340069798438908,40,1.8432883275005263
Bunbury,1675,1,13.0,7.240931716638573,80,1.7953490667682936
Bunbury,1675,2,10.0,11.675659519583863,106,0.8564826666302456
Bunbury,1675,3,7.0,9.691385614925156,99,0.722290937347462
Bunbury,1675,4,2.0,7.051953350413499,110,0.28360936333799314
Bunbury,1677,0,0.0,0.18146966909004525,2,0.0
Bunbury,1677,1,2.0,0.3335669497823469,4,5.995797848992545
Bunbury,1677,2,0.0,0.08781542595603797,4,0.0
Bunbury,1677,3,0.0,0.9642578817382985,4,0.0
Bunbury,1677,4,0.0,0.43289007343327124,4,0.0
Bunbury,1680,0,1.0,0.7027920736858553,4,1.4228959566311148
Bunbury,1680,1,2.0,1.0442338090769088,8,1.9152798756515823
Bunbury,1680,2,0.0,0.654825140466972,9,0.0
Bunbury,1680,3,1.0,1.0812464284213148,9,0.9248585463168285
Bunbury,1680,4,0.0,0.5169025483489491,11,0.0
Bunbury,1685,0,3.0,0.6675300603184887,8,4.494179630754987
Bunbury,1685,1,0.0,0.7354732235730449,16,0.0
Bunbury,1685,2,2.0,1.7718348420935706,19,1.1287733780180287
Bunbury,1685,3,2.0,2.801324581616399,17,0.7139479705868197
Bunbury,1685,4,1.0,2.0238372923984964,20,0.4941108673883941
Bunbury,1690,0,2.0,2.4673902996281942,27,0.81057301728931
Bunbury,1690,1,11.0,6.600303156588554,54,1.6665901154887985
Bunbury,1690,2,3.0,6.506822186618577,57,0.46105455381423605
Bunbury,1690,3,7.0,6.83421691863271,60,1.024257802077558
Bunbury,1690,4,4.0,4.591267438531964,69,0.8712191249044253
Bunbury,1695,0,2.0,1.6440718363227418,15,1.216491856264234
Bunbury,1695,1,4.0,3.561563916627411,30,1.1231021241330865
Bunbury,1695,2,4.0,4.12345726255903,35,0.9700597690971552
Bunbury,1695,3,3.0,2.9583225428709956,36,1.014088205908933
Bunbury,1695,4,2.0,2.7125844416198217,40,0.7373042362528993
Bunbury,1700,0,0.0,0.12277698712798461,1,0.0
Bunbury,1700,1,0.0,0.02736613357139092,2,0.0
Bunbury,1700,2,1.0,0.45131010768384083,3,2.2157713354395696
Bunbury,1700,3,0.0,0.2557807852524909,3,0.0
Bunbury,1700,4,0.0,0.14276598636429277,3,0.0
Bunbury,1705,0,3.0,1.074598324770776,15,2.791740812214586
Bunbury,1705,1,3.0,3.342322492477487,30,0.8975794546313388
Bunbury,1705,2,3.0,4.502259850280148,38,0.6663320420773422
Bunbury,1705,3,6.0,3.4488087079015917,39,1.739731167534272
Bunbury,1705,4,0.0,2.6320106245699972,40,0.0
Bunbury,2000,0,0.0,1.1623495280392844,14,0.0
Bunbury,2000,1,1.0,2.377228339245569,28,0.42065795005512907
Bunbury,2000,2,8.0,4.151473771802112,41,1.9270265066680843
Bunbury,2000,3,4.0,3.2717389308511478,35,1.222591436707144
Bunbury,2000,4,1.0,3.037209430061886,41,0.3292496033043148
Bunbury,2006,0,0.0,0.0313723798430662,1,0.0
Bunbury,2006,1,1.0,0.13251974454718157,2,7.54604533397637
Bunbury,2006,2,0.0,0.03884199409141529,1,0.0
Bunbury,2006,3,0.0,0.1796781754648337,2,0.0
Bunbury,2006,4,0.0,0.6175877060535032,2,0.0
Bunbury,2013,0,1.0,0.2985461041379278,5,3.3495664024408156
Bunbury,2013,1,1.0,1.128565413717742,10,0.8860806718378694
Bunbury,2013,2,2.0,0.9869235324651833,14,2.0264994543237886
Bunbury,2013,3,1.0,1.354377088648942,10,0.7383468078284974
Bunbury,2013,4,0.0,1.231587861030205,15,0.0
Bunbury,2019,0,1.0,0.821235489006822,8,1.2176775278055392
Bunbury,2019,1,1.0,1.7819808080266588,16,0.5611732716175469
Bunbury,2019,2,1.0,1.812029809786262,22,0.551867300747086
Bunbury,2019,3,2.0,1.792924013141927,20,1.1154962426406416
Bunbury,2019,4,3.0,1.79182988003833,22,1.6742660859834668
Bunbury,2025,0,0.0,0.685678926651443,7,0.0
Bunbury,2025,1,1.0,1.1149895095951128,14,0.89686942468466
Bunbury,2025,2,2.0,2.09636579751843,22,0.954031973984453
Bunbury,2025,3,2.0,1.4632996023638243,17,1.3667741020151896
Bunbury,2025,4,2.0,1.63966616387119,21,1.2197604878776516
Bunbury,2038,0,1.0,0.6878754725207343,6,1.4537515000142085
Bunbury,2038,1,1.0,0.8753883975070614,12,1.1423500732335596
Bunbury,2038,2,2.0,2.2216641435622195,16,0.9002260786336485
Bunbury,2038,3,0.0,0.352828605880554,14,0.0
Bunbury,2038,4,2.0,1.8622433805294312,17,1.0739734778551904
Bunbury,2050,0,0.0,0.17901637048022542,2,0.0
Bunbury,2050,1,0.0,0.1895374434143173,4,0.0
Bunbury,2050,2,0.0,0.11648259360300685,4,0.0
Bunbury,2050,3,1.0,0.5968823850735285,4,1.675371940950833
Bunbury,2050,4,1.0,0.918081207428922,6,1.0892282642409061
Bunbury,2200,0,0.0,0.44327795268592923,6,0.0
Bunbury,2200,1,4.0,1.7545033418394518,12,2.2798474671506357
Bunbury,2200,2,1.0,1.3882584865686713,12,0.7203269489615572
Bunbury,2200,3,1.0,1.2580514478793694,13,0.7948800517543595
Bunbury,2200,4,0.0,1.1559087710265783,15,0.0
Bunbury,2206,0,0.0,0.04300185502538209,1,0.0
Bunbury,2206,1,1.0,0.535711754363826,2,1.866675487058391
Bunbury,2206,2,0.0,0.20561751743289686,2,0.0
Bunbury,2206,3,0.0,0.1017553052981569,2,0.0
Bunbury,2206,4,0.0,0.11391356787973814,2,0.0
Bunbury,2213,0,0.0,0.05455224810550436,1,0.0
Bunbury,2213,1,0.0,0.4587348136144685,2,0.0
Bunbury,2213,2,0.0,0.27665782967791497,2,0.0
Bunbury,2213,3,0.0,0.10586188006487735,2,0.0
Bunbury,2213,4,1.0,0.10419322853723484,3,9.597552682059725
Bunbury,2219,0,0.0,0.17841785268281624,2,0.0
Bunbury,2219,1,0.0,0.26994307468784706,4,0.0
Bunbury,2219,2,0.0,0.3094670692924098,3,0.0
Bunbury,2219,3,1.0,0.622180839898463,4,1.6072497509939319
Bunbury,2219,4,1.0,0.619991163438464,4,1.6129262140673284
Bunbury,2231,0,1.0,0.396388673189387,2,2.522776425355169
Bunbury,2231,1,0.0,0.15452459661313908,4,0.0
Bunbury,2231,2,0.0,0.6678138631214048,6,0.0
Bunbury,2231,3,1.0,0.5302456616947236,6,1.8859183058733373
Bunbury,2231,4,0.0,0.25102720538134554,6,0.0
Bunbury,2238,0,0.0,0.09968570452042522,2,0.0
Bunbury,2238,1,2.0,0.7206665054844474,4,2.775208761305699
Bunbury,2238,2,0.0,0.257383988364288,3,0.0
Bunbury,2238,3,0.0,0.20717988239769697,4,0.0
Bunbury,2238,4,0.0,0.7150839192331424,4,0.0
Bunbury Fibre Sand,950,0,0.0,0.7520725731311979,4,0.0
Bunbury Fibre Sand,950,1,2.0,1.231224820053215,8,1.6243987023536104
Bunbury Fibre Sand,950,2,0.0,0.6745721516812614,8,0.0
Bunbury Fibre Sand,950,3,0.0,0.82875267704787,8,0.0
Bunbury Fibre Sand,950,4,2.0,0.5133777780864557,9,3.895766597951945
Bunbury Fibre Sand,1275,0,0.0,0.7619154033765945,8,0.0
Bunbury Fibre Sand,1275,1,2.0,1.7496501270050968,14,1.1430856770338598
Bunbury Fibre Sand,1275,2,2.0,1.5508461127650803,13,1.2896186046687128
Bunbury Fibre Sand,1275,3,2.0,1.3212945950523534,14,1.5136669804668008
Bunbury Fibre Sand,1275,4,1.0,1.616293761800875,17,0.6186994119718681
Bunbury Fibre Sand,1500,0,0.0,0.6222780793689402,4,0.0
Bunbury Fibre Sand,1500,1,1.0,0.6519845530031853,8,1.5337786691322342
Bunbury Fibre Sand,1500,2,1.0,0.9383837579679692,7,1.0656620934759764
Bunbury Fibre Sand,1500,3,1.0,1.0706872501886617,8,0.9339795536220253
Bunbury Fibre Sand,1500,4,1.0,0.7166663594712432,11,1.3953494353185496
Bunbury Fibre Sand,1800,0,0.0,0.12804625115703885,1,0.0
Bunbury Fibre Sand,1800,1,0.0,0.05447952435091834,2,0.0
Bunbury Fibre Sand,1800,2,1.0,0.34183775978530906,2,2.9253643618190375
Bunbury Fibre Sand,1800,3,0.0,0.26100655800541145,2,0.0
Bunbury Fibre Sand,1800,4,0.0,0.21462990670132226,3,0.0
Bunbury Fibre Sand,2000,0,0.0,0.21225532887501375,3,0.0
Bunbury Fibre Sand,2000,1,2.0,0.633615511275061,6,3.156488382008333
Bunbury Fibre Sand,2000,2,1.0,0.8001377022763061,7,1.249784877221892
Bunbury Fibre Sand,2000,3,0.0,0.5988862378558534,6,0.0
Bunbury Fibre Sand,2000,4,0.0,0.7551052197177659,8,0.0
Bundaberg,850,0,0.0,0.6061523141934042,4,0.0
Bundaberg,850,1,1.0,0.8264881632672588,8,1.2099386832677883
Bundaberg,850,2,2.0,0.707678386377959,4,2.826142550765757
Bundaberg,850,3,1.0,1.080917448313189,8,0.9251400294819335
Bundaberg,850,4,0.0,0.778763687848189,8,0.0
Bundaberg,1090,0,5.0,1.9184080604056382,12,2.606327664690261
Bundaberg,1090,1,2.0,3.5957994826448587,24,0.5562045407851601
Bundaberg,1090,2,4.0,2.137258101894646,25,1.8715568309012665
Bundaberg,1090,3,0.0,2.5387426191278255,26,0.0
Bundaberg,1090,4,1.0,1.8097917359270312,29,0.552549765892134
Bundaberg,1212,0,3.0,2.040857701624839,10,1.4699701981238256
Bundaberg,1212,1,3.0,2.592436156974924,20,1.1572126827225926
Bundaberg,1212,2,3.0,2.116867557220105,20,1.4171883308276665
Bundaberg,1212,3,1.0,1.2366263274046527,21,0.8086517146199952
Bundaberg,1212,4,0.0,2.0132122567754793,23,0.0
Bundaberg,1380,0,2.0,1.5511908446362774,10,1.2893320038057337
Bundaberg,1380,1,3.0,2.320505719809412,20,1.2928216355555444
Bundaberg,1380,2,1.0,2.455962773674379,22,0.4071722954106078
Bundaberg,1380,3,2.0,2.1050437744494577,21,0.9500990070969283
Bundaberg,1380,4,2.0,1.567296887430474,24,1.2760824168284586
Burrumbeet,1000,0,4.0,1.8792114067853896,12,2.1285524265960407
Burrumbeet,1000,1,6.0,3.265680779847435,24,1.8372891915909508
Burrumbeet,1000,2,0.0,2.733536854691294,20,0.0
Burrumbeet,1000,3,1.0,2.477643027747961,24,0.4036093936053993
Burrumbeet,1000,4,1.0,1.6439279309279207,29,0.6082991724798706
Burrumbeet,1350,0,6.0,3.180764096095906,15,1.8863391998684989
Burrumbeet,1350,1,3.0,4.355043117822087,30,0.6888565552251683
Burrumbeet,1350,2,5.0,1.4999764902390291,15,3.333385578065443
Burrumbeet,1350,3,0.0,2.7504622648105577,30,0.0
Burrumbeet,1350,4,1.0,3.2137540310324204,30,0.3111625813126555
Burrumbeet,1800,0,2.0,0.9843215624599393,7,2.0318563326010626
Burrumbeet,1800,1,2.0,2.1917282628898294,14,0.9125218823263097
Burrumbeet,1800,2,1.0,1.2586192588261107,14,0.7945214511755367
Burrumbeet,1800,3,0.0,1.4191231585698272,14,0.0
Burrumbeet,1800,4,2.0,1.1462077572542935,17,1.7448843696459884
Cairns,940,0,3.0,0.8575831756427416,8,3.498202955942506
Cairns,940,1,1.0,1.6921613746166004,16,0.5909601855949311
Cairns,940,2,1.0,2.1577324260228474,19,0.4634494935237217
Cairns,940,3,2.0,1.6668893877598405,16,1.1998396622392757
Cairns,940,4,1.0,1.6256336359579706,22,0.6151447521019762
Cairns,950,0,34.0,26.79334845760788,179,1.2689716648814686
Cairns,950,1,59.0,44.12493273115592,358,1.3371125200229717
Cairns,950,2,42.0,40.477987145942095,371,1.0376010014670527
Cairns,950,3,27.0,37.68200686481771,384,0.7165223470411524
Cairns,950,4,17.0,29.921724800476397,450,0.5681490660501408
Cairns,1250,0,34.0,25.095739457755048,198,1.3548116427186356
Cairns,1250,1,38.0,45.227864560941086,396,0.8401900104922687
Cairns,1250,2,56.0,45.82524950986113,414,1.2220337171966595
Cairns,1250,3,40.0,39.563104022750686,427,1.0110430156591879
Cairns,1250,4,30.0,42.288042448692046,492,0.7094204002561459
Cairns,1400,0,10.0,8.075818252119745,70,1.2382646176287082
Cairns,1400,1,9.0,12.872591512822446,140,0.6991599159372889
Cairns,1400,2,22.0,19.43288453047115,165,1.132101617004082
Cairns,1400,3,18.0,15.687650926405766,161,1.1473993196586267
Cairns,1400,4,11.0,13.931054778180895,181,0.7896028100634869
Cairns,1450,0,1.0,0.6015527908099845,5,1.6623644928211714
Cairns,1450,1,0.0,0.8230853810147403,10,0.0
Cairns,1450,2,2.0,1.5399740026413928,12,1.2987232229697137
Cairns,1450,3,1.0,1.0134403367708495,11,0.9867379101825818
Cairns,1450,4,1.0,1.0219474887630329,13,0.9785238586088233
Cairns,1500,0,9.0,4.785774842483813,43,1.880573218803793
Cairns,1500,1,10.0,9.729086215974199,86,1.027845758379753
Cairns,1500,2,9.0,11.131492930090463,107,0.8085168859669625
Cairns,1500,3,8.0,8.336671728801118,102,0.9596155708472961
Cairns,1500,4,7.0,9.016974282650406,119,0.7763136258987371
Cairns,1600,0,0.0,0.04335682985941704,1,0.0
Cairns,1600,1,0.0,0.1346563081210741,2,0.0
Cairns,1600,2,0.0,0.05314708176315637,2,0.0
Cairns,1600,3,1.0,0.31395802321277166,2,3.1851391780559553
Cairns,1600,4,0.0,0.4548817570435808,2,0.0
Cairns,1900,0,3.0,1.8269756898439296,15,1.6420579741026968
Cairns,1900,1,0.0,3.161437050100105,30,0.0
Cairns,1900,2,4.0,4.076923847912042,35,0.9811318899293551
Cairns,1900,3,7.0,3.499959467808491,35,2.0000231615205157
Cairns,1900,4,1.0,2.4347039443354332,39,0.41072755573694847
Cairns,2100,0,1.0,1.3161516965958528,14,0.7597908376264224
Cairns,2100,1,1.0,1.6474314913152772,28,0.6070055145064754
Cairns,2100,2,4.0,5.086825649390558,46,0.7863450166567496
Cairns,2100,3,5.0,2.8365354845195387,38,1.7627137144194462
Cairns,2100,4,3.0,3.113055678178773,48,0.9636833741936431
Camperdown,1000,0,3.0,1.2766945355430233,12,2.349818156560053
Camperdown,1000,1,5.0,3.2015907641327446,24,1.5617236456372692
Camperdown,1000,2,2.0,3.237719763298387,25,0.6177186866730321
Camperdown,1000,3,0.0,2.056838634254796,24,0.0
Camperdown,1000,4,2.0,2.227156302771049,31,0.8980061244518766
Camperdown,1400,0,1.0,1.4793485619064628,12,0.6759732126357578
Camperdown,1400,1,2.0,2.407557910933113,24,0.8307172969413005
Camperdown,1400,2,7.0,3.874141677023124,32,1.8068518354699856
Camperdown,1400,3,0.0,2.5822433969093326,29,0.0
Camperdown,1400,4,2.0,1.6567084532279672,34,1.2072130108970929
Camperdown,1600,0,3.0,1.4352038251469335,13,2.0902954322135154
Camperdown,1600,1,0.0,3.18526002328921,26,0.0
Camperdown,1600,2,4.0,3.2638286198944733,33,1.2255545452412047
Camperdown,1600,3,4.0,2.4827508230029225,30,1.6111161711999527
Camperdown,1600,4,2.0,2.6329567086664603,37,0.7596023107470536
Camperdown,2200,0,0.0,0.2063414250453658,5,0.0
Camperdown,2200,1,0.0,1.2684282729523089,10,0.0
Camperdown,2200,2,1.0,1.1176457573983305,13,0.8947378839676466
Camperdown,2200,3,4.0,1.6574170814822382,14,2.4133937345588206
Camperdown,2200,4,0.0,0.7501674631217564,14,0.0
Canberra,1000,0,33.0,23.36938845026993,163,1.4121037043919233
Canberra,1000,1,50.0,38.94130761170892,328,1.2839835913719018
Canberra,1000,2,29.0,35.814918687855624,340,0.8097184375245706
Canberra,1000,3,27.0,34.227697569995684,352,0.7888348301776643
Canberra,1000,4,24.0,30.646687680169848,415,0.7831188887512097
Canberra,1200,0,30.0,17.119844473798896,136,1.752352367798292
Canberra,1200,1,42.0,33.9097033315166,272,1.238583528419255
Canberra,1200,2,21.0,31.710891832408844,337,0.6622330305620037
Canberra,1200,3,30.0,27.356837517838823,306,1.0966179837284784
Canberra,1200,4,13.0,25.902722844436838,369,0.5018777399609179
Canberra,1300,0,16.0,15.73721464667008,114,1.0166983395238574
Canberra,1300,1,33.0,27.0886964342082,228,1.2182203038137662
Canberra,1300,2,26.0,25.691454842640248,277,1.012009641308738
Canberra,1300,3,19.0,24.05595045140197,262,0.7898253714141936
Canberra,1300,4,20.0,21.4266836250795,312,0.9334155649075997
Canberra,1400,0,20.0,16.02422712355158,113,1.2481101176233975
Canberra,1400,1,24.0,26.368496936832507,224,0.9101770213711309
Canberra,1400,2,23.0,25.463445131030614,255,0.9032556231745493
Canberra,1400,3,25.0,22.918219382111275,248,1.0908351815287034
Canberra,1400,4,20.0,21.22561142647403,289,0.9422578976949817
Canberra,1600,0,10.0,11.6593267167972,93,0.8576824582497835
Canberra,1600,1,24.0,21.621168064541166,187,1.110023284975067
Canberra,1600,2,21.0,21.41709525782393,181,0.9805251247751928
Canberra,1600,3,22.0,19.911110888894058,198,1.1049107266170204
Canberra,1600,4,16.0,18.391299071943642,225,0.8699766089067833
Canberra,2000,0,14.0,8.696982817461944,66,1.6097536690414718
Canberra,2000,1,10.0,14.71403080403473,132,0.6796234242800351
Canberra,2000,2,19.0,15.380762148700496,138,1.2353093960044945
Canberra,2000,3,12.0,13.93486679842262,140,0.8611492433754989
Canberra,2000,4,11.0,13.273357431380212,166,0.828727777193308
Canberra Acton,1080,0,14.0,9.083743668285877,56,1.5412147800777642
Canberra Acton,1080,1,19.0,13.31269571067635,107,1.4272090651604556
Canberra Acton,1080,2,13.0,11.696161416229078,111,1.1114757686194183
Canberra Acton,1080,3,4.0,10.561408040843794,112,0.3787373790058038
Canberra Acton,1080,4,4.0,9.345991163964902,131,0.42799098884478914
Canberra Acton,1206,0,11.0,3.975328138921953,33,2.767067174229051
Canberra Acton,1206,1,3.0,7.589733520424282,66,0.3952707946763714
Canberra Acton,1206,2,9.0,7.532145632334605,80,1.1948786493670636
Canberra Acton,1206,3,6.0,7.225035951848905,80,0.8304456946632335
Canberra Acton,1206,4,4.0,6.677756756470256,90,0.5990035495264624
Canberra Acton,1280,0,15.0,8.318574789765556,57,1.803193501181799
Canberra Acton,1280,1,11.0,13.501178109469308,115,0.8147437142751965
Canberra Acton,1280,2,11.0,13.038675637230112,134,0.8436439640074366
Canberra Acton,1280,3,14.0,13.642849616230443,133,1.026178576603576
Canberra Acton,1280,4,6.0,8.49872184730458,153,0.7059885130730494
Canberra Acton,1750,0,6.0,3.329965232351449,25,1.8018206141338933
Canberra Acton,1750,1,3.0,3.5337370605940515,50,0.84895959958483
Canberra Acton,1750,2,6.0,6.786350895887661,56,0.8841275807939482
Canberra Acton,1750,3,5.0,4.922665616021362,58,1.0157098592532763
Canberra Acton,1750,4,5.0,6.427281195145477,64,0.777933911429999
Canberra Acton,1900,0,2.0,1.250018540951108,16,1.599976267934594
Canberra Acton,1900,1,2.0,3.084865504081135,32,0.6483264820959268
Canberra Acton,1900,2,5.0,4.3210324518947685,33,1.1571308606598187
Canberra Acton,1900,3,3.0,4.199574861466671,34,0.7143580240768163
Canberra Acton,1900,4,4.0,3.144508641606318,38,1.2720588352260558
Canterbury,1100,0,38.0,21.304899703600473,140,1.7836272654960257
Canterbury,1100,1,43.0,37.947832579572804,280,1.1331345449001153
Canterbury,1100,2,23.0,30.29574677165484,255,0.7591824744692924
Canterbury,1100,3,15.0,25.14665179661861,287,0.596500882953213
Canterbury,1100,4,21.0,25.304869148553276,330,0.8298798099574685
Canterbury,1200,0,26.0,12.727625290000235,84,2.042800554509373
Canterbury,1200,1,23.0,23.622345531004303,168,0.9736543718663553
Canterbury,1200,2,12.0,16.83821586110649,152,0.7126645779448657
Canterbury,1200,3,13.0,16.980365675309677,172,0.7655901085159
Canterbury,1200,4,10.0,13.831447642579295,197,0.7229901206592135
Canterbury,1250,0,45.0,24.2405061510756,174,1.8563968804753386
Canterbury,1250,1,45.0,46.85554009149743,349,0.9603987044461761
Canterbury,1250,2,25.0,34.34125710571665,307,0.7279873279839354
Canterbury,1250,3,34.0,37.92071835025543,357,0.8966074873887768
Canterbury,1250,4,25.0,30.641978301454888,401,0.8158742152367164
Canterbury,1550,0,29.0,18.874783627375212,128,1.5364414539798799
Canterbury,1550,1,33.0,34.46992644940673,256,0.9573562638271301
Canterbury,1550,2,33.0,24.049476843697256,202,1.3721712207909604
Canterbury,1550,3,18.0,30.45402931216631,258,0.5910547932916399
Canterbury,1550,4,15.0,20.15178376735449,281,0.7443509801995651
Canterbury,1580,0,0.0,1.2358877065169,5,0.0
Canterbury,1580,1,1.0,1.0659478423076352,10,0.9381322052635644
Canterbury,1580,2,0.0,0.7076112859618675,8,0.0
Canterbury,1580,3,2.0,1.0915584463292596,10,1.8322427046629408
Canterbury,1580,4,2.0,0.8989947188843376,13,2.2247071734548367
Canterbury,1900,0,25.0,16.53004776932666,113,1.5123973232787793
Canterbury,1900,1,26.0,24.421092231027387,226,1.0646534460472077
Canterbury,1900,2,29.0,25.87950446113055,238,1.1205778705522065
Canterbury,1900,3,22.0,25.813801008404894,238,0.8522572864351463
Canterbury,1900,4,11.0,20.35555453011051,284,0.540393040323637
Carnarvon,1000,0,13.0,8.683751272365374,60,1.4970488665849269
Carnarvon,1000,1,29.0,16.594976538581555,120,1.7475167821164486
Carnarvon,1000,2,12.0,14.100445430376054,130,0.8510369448435193
Carnarvon,1000,3,4.0,10.58864185808765,125,0.37776327253384084
Carnarvon,1000,4,2.0,10.032184900589368,151,0.19935836707739554
Carnarvon,1200,0,16.0,11.984203576168072,82,1.3350908050175139
Carnarvon,1200,1,29.0,21.028928503703586,164,1.3790526699870875
Carnarvon,1200,2,20.0,20.036091513009367,189,0.998198674976807
Carnarvon,1200,3,8.0,12.998231582818644,170,0.6154683388296128
Carnarvon,1200,4,9.0,15.952544824300336,222,0.5641733089688862
Carnarvon,1400,0,13.0,11.303876240993672,84,1.1500479767157492
Carnarvon,1400,1,25.0,19.225494285741682,168,1.3003566841212972
Carnarvon,1400,2,29.0,20.351976969118212,190,1.42492299612977
Carnarvon,1400,3,11.0,16.866809165888515,188,0.6521684031527689
Carnarvon,1400,4,6.0,16.251843338257917,219,0.369188889845843
Carnarvon,1600,0,8.0,5.299534906505431,39,1.509566431986252
Carnarvon,1600,1,9.0,7.677665922386996,78,1.172231260252841
Carnarvon,1600,2,8.0,8.876714128336959,83,0.9012343851946024
Carnarvon,1600,3,11.0,9.207568243109511,85,1.1946693969096407
Carnarvon,1600,4,3.0,7.938516799661103,102,0.37790434607735174
Carnarvon,1700,0,3.0,2.4277470192056705,16,1.2357135962961923
Carnarvon,1700,1,4.0,3.4045703566771865,32,1.1748912728899938
Carnarvon,1700,2,2.0,3.4795037378124607,35,0.5747946117331623
Carnarvon,1700,3,3.0,3.973041303244322,37,0.755089054208988
Carnarvon,1700,4,4.0,2.7151375830603603,42,1.4732218451675698
Carnarvon,1750,0,0.0,0.4665925477412096,4,0.0
Carnarvon,1750,1,0.0,1.1313585245910505,8,0.0
Carnarvon,1750,2,3.0,1.195003474398261,9,2.5104529520390204
Carnarvon,1750,3,1.0,0.5416346182879844,9,1.8462630825940025
Carnarvon,1750,4,0.0,0.6654108349814949,11,0.0
Carnarvon,2000,0,0.0,0.33648987177317313,5,0.0
Carnarvon,2000,1,2.0,0.8945840289943624,10,2.235675951255557
Carnarvon,2000,2,2.0,1.2994383355437344,16,1.5391265174296431
Carnarvon,2000,3,0.0,1.27602257416071,14,0.0
Carnarvon,2000,4,1.0,1.1934651895280202,16,0.8378962442930322
Casino,1000,0,11.0,4.436566088195363,28,2.479395050435146
Casino,1000,1,5.0,7.575037917720238,56,0.6600627025646343
Casino,1000,2,8.0,5.802475110152808,56,1.378721984692722
Casino,1000,3,3.0,4.756284667533891,57,0.6307444170610343
Casino,1000,4,1.0,5.4296362163977,74,0.18417440140463986
Casino,1200,0,7.0,2.7862064016934522,23,2.5123766838470436
Casino,1200,1,3.0,4.380253047370639,46,0.684891938332382
Casino,1200,2,8.0,6.948441665867478,74,1.151337290388152
Casino,1200,3,3.0,4.349769041607152,60,0.6896917908293265
Casino,1200,4,2.0,4.53532984346128,72,0.44098225907062955
Casino,1300,0,3.0,0.5243944704874335,6,5.720884122236166
Casino,1300,1,1.0,1.3879867931728984,12,0.7204679503570984
Casino,1300,2,2.0,2.2940185651135896,13,0.8718325258631762
Casino,1300,3,0.0,0.8928195635870082,13,0.0
Casino,1300,4,0.0,0.9007806076390703,15,0.0
Casino,1400,0,6.0,4.9072016284880675,41,1.222692779764305
Casino,1400,1,10.0,10.07975525957827,82,0.9920875797552244
Casino,1400,2,12.0,10.752140063309012,117,1.116056890009202
Casino,1400,3,7.0,8.017717807473975,98,0.8730663972077845
Casino,1400,4,6.0,7.243185241150674,118,0.8283648422951035
Casino,1900,0,5.0,1.7938124630366878,11,2.787359382895389
Casino,1900,1,1.0,2.39145569152082,22,0.41815535347178484
Casino,1900,2,5.0,2.737864631548394,28,1.8262407652975376
Casino,1900,3,0.0,2.0905426833918885,26,0.0
Casino,1900,4,0.0,1.98632453050221,31,0.0
Casterton,1000,0,7.0,1.768671040991316,15,3.957773852664312
Casterton,1000,1,3.0,3.8520714488202836,30,0.7788017537729642
Casterton,1000,2,3.0,3.3639682316926454,31,0.8918039034186991
Casterton,1000,3,2.0,3.440492319992854,31,0.5813121536060147
Casterton,1000,4,0.0,2.5747969585029016,36,0.0
Casterton,1100,0,3.0,1.3166645128941963,12,2.278484739750157
Casterton,1100,1,3.0,4.792320661182314,24,0.6260015161965121
Casterton,1100,2,2.0,2.3746696614742495,24,0.8422224077930713
Casterton,1100,3,3.0,1.739464348416306,25,1.7246688629929943
Casterton,1100,4,1.0,1.7768808160329335,30,0.562783947565263
Casterton,1200,0,10.0,5.812023970398869,43,1.7205710181050264
Casterton,1200,1,19.0,11.003097576134719,86,1.7267864679497384
Casterton,1200,2,9.0,10.618028407644209,101,0.8476149859912462
Casterton,1200,3,4.0,7.689284247625719,101,0.5202044652251101
Casterton,1200,4,1.0,7.877565798196486,118,0.12694276704473137
Casterton,1300,0,0.0,0.236904367893568,2,0.0
Casterton,1300,1,2.0,0.35055785245200205,4,5.705192412638475
Casterton,1300,2,0.0,0.7553594630873187,5,0.0
Casterton,1300,3,0.0,0.44574455368402266,4,0.0
Casterton,1300,4,0.0,0.21143376288308857,5,0.0
Casterton,1400,0,12.0,6.271206632705127,49,1.9135073523839097
Casterton,1400,1,15.0,13.400091432402434,98,1.1193953470891151
Casterton,1400,2,12.0,12.246233225594242,124,0.9798931458303748
Casterton,1400,3,5.0,9.584790080010366,115,0.5216598337847574
Casterton,1400,4,5.0,7.497678629287831,136,0.6668730746165532
Casterton,1800,0,8.0,2.86224928970712,22,2.7950046240796174
Casterton,1800,1,3.0,4.805170162806628,44,0.6243275260511784
Casterton,1800,2,5.0,6.120266035930394,55,0.8169579509528473
Casterton,1800,3,4.0,4.648083018272386,52,0.8605698272331488
Casterton,1800,4,2.0,3.5642314932834727,59,0.5611307805816906
Casterton,2000,0,11.0,6.899809481148455,45,1.5942469179843324
Casterton,2000,1,7.0,8.164392772676946,90,0.8573815830402334
Casterton,2000,2,10.0,11.233650265506977,106,0.8901825999252522
Casterton,2000,3,13.0,10.185977432634907,107,1.2762643630398425
Casterton,2000,4,4.0,8.516170048032714,121,0.46969470753158854
Casterton,3480,0,2.0,1.5985055096871565,10,1.251168662153326
Casterton,3480,1,4.0,3.132679759749338,20,1.2768620819129182
Casterton,3480,2,3.0,2.118495262649052,17,1.4160994612037408
Casterton,3480,3,1.0,1.6861461461464233,20,0.5930684017428943
Casterton,3480,4,0.0,1.4641733217680302,23,0.0
Casterton,3500,0,6.0,3.622361722143777,17,1.6563779269534393
Casterton,3500,1,5.0,5.799655592293144,34,0.8621201587632611
Casterton,3500,2,3.0,2.906731767212206,26,1.0320869761151872
Casterton,3500,3,2.0,2.7078488759001353,34,0.7385936555765749
Casterton,3500,4,1.0,1.963402042450738,33,0.5093200365381051
Casterton,3800,0,5.0,1.346951636209882,5,3.712085768772844
Casterton,3800,1,0.0,1.419391019504693,10,0.0
Casterton,3800,2,0.0,0.9070133311685045,7,0.0
Casterton,3800,3,0.0,0.7397693121709203,10,0.0
Casterton,3800,4,0.0,0.5868747009460007,9,0.0
Caulfield,1000,0,10.0,5.931350797365043,50,1.6859565959987435
Caulfield,1000,1,9.0,12.104135242399582,100,0.7435475413785774
Caulfield,1000,2,16.0,11.67181279225172,110,1.3708239058307659
Caulfield,1000,3,7.0,9.511145928402758,113,0.7359786142168397
Caulfield,1000,4,8.0,10.781555239580898,123,0.7420079777201954
Caulfield,1100,0,30.0,22.461655289544534,186,1.3356094915215095
Caulfield,1100,1,46.0,44.307761429787845,372,1.0381928248145362
Caulfield,1100,2,45.0,46.11109416367713,505,0.9759039731364179
Caulfield,1100,3,36.0,39.00280417654519,444,0.9230105568062985
Caulfield,1100,4,29.0,34.1166849404453,517,0.8500239706941902
Caulfield,1200,0,23.0,21.342619468502804,181,1.0776559097604275
Caulfield,1200,1,46.0,41.34959687378324,362,1.1124655009433777
Caulfield,1200,2,43.0,44.207439142245924,500,0.9726869693048549
Caulfield,1200,3,38.0,38.361254967624674,441,0.9905828167527481
Caulfield,1200,4,31.0,35.73908954784336,514,0.8673975860101524
Caulfield,1400,0,49.0,29.348103487637317,265,1.669613848153456
Caulfield,1400,1,53.0,54.52372323233188,530,0.9720539401566705
Caulfield,1400,2,76.0,73.27212964691226,722,1.0372293035050701
Caulfield,1400,3,61.0,59.73075688388701,644,1.0212494062075979
Caulfield,1400,4,26.0,48.12528674923153,762,0.5402565211814592
Caulfield,1440,0,4.0,3.045543923542936,25,1.3133942902871447
Caulfield,1440,1,7.0,5.430686221430392,50,1.288971543297205
Caulfield,1440,2,7.0,6.695474735239086,65,1.0454822513418145
Caulfield,1440,3,2.0,4.7443650243753686,61,0.4215527240683415
Caulfield,1440,4,5.0,5.083930095412217,69,0.9834910996341282
Caulfield,1600,0,23.0,12.251855797944803,122,1.8772666263226958
Caulfield,1600,1,31.0,25.5933097401274,244,1.211254047044784
Caulfield,1600,2,32.0,32.549674975092294,364,0.9831127353648564
Caulfield,1600,3,24.0,26.00579602593926,306,0.9228711928702895
Caulfield,1600,4,12.0,25.599363460896242,367,0.4687616556689131
Caulfield,1700,0,4.0,2.3011855933018777,31,1.738234417790076
Caulfield,1700,1,6.0,5.769349957373528,62,1.0399785147946674
Caulfield,1700,2,8.0,9.829474528298585,106,0.8138787050079213
Caulfield,1700,3,6.0,5.808997622912019,82,1.0328804364344417
Caulfield,1700,4,7.0,7.290992298113991,101,0.9600887936489435
Caulfield,1800,0,7.0,4.452060885865923,40,1.57230554106371
Caulfield,1800,1,10.0,7.499420001934035,80,1.3334364520751054
Caulfield,1800,2,12.0,9.561646292850128,103,1.255014004123243
Caulfield,1800,3,6.0,9.781421418446058,94,0.613407780252167
Caulfield,1800,4,5.0,8.705451400903858,111,0.5743527555022439
Caulfield,2000,0,15.0,12.355656785365708,123,1.2140188304490866
Caulfield,2000,1,29.0,24.06446268003171,246,1.2050965103851548
Caulfield,2000,2,32.0,37.51859662233305,376,0.8529103666140836
Caulfield,2000,3,25.0,25.50276011207712,319,0.9802860510051603
Caulfield,2000,4,22.0,23.55852380019241,370,0.933844590034131
Caulfield,2380,0,0.0,0.07041198415307147,2,0.0
Caulfield,2380,1,0.0,0.3191902423154115,4,0.0
Caulfield,2380,2,2.0,0.6012206599565972,6,3.3265656575148004
Caulfield,2380,3,0.0,0.48316816010130864,5,0.0
Caulfield,2380,4,0.0,0.5260089534736112,6,0.0
Caulfield,2400,0,2.0,4.406890493185757,48,0.4538347397314592
Caulfield,2400,1,14.0,10.352614012183892,96,1.3523154619232916
Caulfield,2400,2,16.0,14.304224687126922,142,1.118550662476603
Caulfield,2400,3,8.0,9.559387408645472,122,0.8368737093723005
Caulfield,2400,4,8.0,9.376883398857958,145,0.8531619366168451
Caulfield,2412,0,0.0,0.008479767500356125,1,0.0
Caulfield,2412,1,0.0,0.03820116685146495,2,0.0
Caulfield,2412,2,0.0,0.17058022708717338,4,0.0
Caulfield,2412,3,1.0,0.1907622043666904,3,5.242128561681756
Caulfield,2412,4,0.0,0.591976634194315,2,0.0
Caulfield,2425,0,0.0,0.14504849306735051,2,0.0
Caulfield,2425,1,0.0,0.19973715762564562,4,0.0
Caulfield,2425,2,1.0,0.48013588941826396,6,2.082743702437256
Caulfield,2425,3,1.0,0.9521840984348223,5,1.0502170763445602
Caulfield,2425,4,0.0,0.2228943614539177,6,0.0
Caulfield,3200,0,0.0,0.05418901827380174,1,0.0
Caulfield,3200,1,0.0,0.08945488730913302,2,0.0
Caulfield,3200,2,0.0,0.34680971695233115,2,0.0
Caulfield,3200,3,0.0,0.10854764223860128,2,0.0
Caulfield,3200,4,1.0,0.4009987352261329,2,2.4937734515199304
Caulfield Heath,1000,0,4.0,3.4654461889016765,30,1.154252521020314
Caulfield Heath,1000,1,12.0,7.590660643682975,60,1.580890065212772
Caulfield Heath,1000,2,10.0,6.793613045349616,62,1.4719707956939392
Caulfield Heath,1000,3,0.0,5.743530886471186,61,0.0
Caulfield Heath,1000,4,4.0,6.406749235594545,77,0.6243415893003654
Caulfield Heath,1100,0,6.0,1.762684672199955,11,3.4038986635718436
Caulfield Heath,1100,1,1.0,2.2180076484068962,22,0.450855072893125
Caulfield Heath,1100,2,2.0,2.5092153634791345,23,0.7970619138992177
Caulfield Heath,1100,3,2.0,3.079534725541955,26,0.6494487571163946
Caulfield Heath,1100,4,0.0,1.4305575903720595,27,0.0
Caulfield Heath,1200,0,7.0,4.38016065718848,42,1.5981148975693353
Caulfield Heath,1200,1,14.0,11.257856209225423,84,1.2435760183655113
Caulfield Heath,1200,2,6.0,8.571762496989972,79,0.6999727304748513
Caulfield Heath,1200,3,5.0,9.333040578980244,88,0.5357310897437794
Caulfield Heath,1200,4,10.0,8.457180057615881,99,1.182427231284354
Caulfield Heath,1500,0,6.0,3.308006815109395,28,1.813781027473966
Caulfield Heath,1500,1,12.0,8.1639731530105,56,1.4698725455233703
Caulfield Heath,1500,2,4.0,6.167361333245503,51,0.6485755874944085
Caulfield Heath,1500,3,5.0,6.0850934656517905,59,0.8216800659222803
Caulfield Heath,1500,4,1.0,4.275565232982812,66,0.23388720450006056
Caulfield Heath,1600,0,3.0,1.6380481171008063,14,1.8314480317646118
Caulfield Heath,1600,1,2.0,3.846402381749794,28,0.5199664001586246
Caulfield Heath,1600,2,3.0,3.045802655367995,24,0.9849620410280779
Caulfield Heath,1600,3,2.0,2.3593637379644665,29,0.8476861654767541
Caulfield Heath,1600,4,4.0,3.110383107816938,35,1.2860152146361965
Caulfield Heath,1800,0,2.0,2.5768921108157348,27,0.7761287294899144
Caulfield Heath,1800,1,10.0,6.3575195909862625,54,1.5729404930467021
Caulfield Heath,1800,2,6.0,6.7270024003098,51,0.8919277328819862
Caulfield Heath,1800,3,6.0,5.888382914673259,56,1.0189554733352348
Caulfield Heath,1800,4,3.0,5.450202983214943,65,0.550438214730559
Cessnock,1150,0,0.0,0.17947764651050302,2,0.0
Cessnock,1150,1,1.0,0.4170115054443837,4,2.398015371145122
Cessnock,1150,2,1.0,0.9532836505574143,6,1.0490057176741354
Cessnock,1150,3,0.0,0.34242226457118646,5,0.0
Cessnock,1150,4,0.0,0.10780493291651236,6,0.0
Cessnock,1350,0,0.0,0.2226946546782696,3,0.0
Cessnock,1350,1,1.0,0.6201540898106433,6,1.61250246741957
Cessnock,1350,2,2.0,0.697719165319481,6,2.8664828191787066
Cessnock,1350,3,0.0,0.6182499023134358,6,0.0
Cessnock,1350,4,0.0,0.8411821878781705,6,0.0
Cessnock,1550,0,0.0,0.00555532695998758,1,0.0
Cessnock,1550,1,0.0,0.11614906674804802,2,0.0
Cessnock,1550,2,0.0,0.05411963683600803,2,0.0
Cessnock,1550,3,0.0,0.6633955483556492,2,0.0
Cessnock,1550,4,1.0,0.1607804211003072,2,6.219662774586982
Cessnock,2125,0,0.0,0.03997678258831633,1,0.0
Cessnock,2125,1,0.0,0.11049873929005649,2,0.0
Cessnock,2125,2,1.0,0.0932791593727381,1,10.720508275638057
Cessnock,2125,3,0.0,0.45314591627097206,2,0.0
Cessnock,2125,4,0.0,0.303099402477917,2,0.0
Charleville,1050,0,1.0,0.21521488074667022,2,4.6465188491176015
Charleville,1050,1,0.0,0.3817738418203226,4,0.0
Charleville,1050,2,1.0,0.438453202521645,4,2.2807451154393914
Charleville,1050,3,0.0,0.501489773971563,4,0.0
Charleville,1050,4,0.0,0.46306830093979917,5,0.0
Charleville,1100,0,0.0,0.2543421772383665,2,0.0
Charleville,1100,1,2.0,0.3977441944244961,4,5.028357492166138
Charleville,1100,2,0.0,0.4205960850057634,3,0.0
Charleville,1100,3,0.0,0.5383263001773071,4,0.0
Charleville,1100,4,0.0,0.38899124315406697,4,0.0
Charleville,1200,0,1.0,0.4661286149258248,4,2.1453306404695414
Charleville,1200,1,1.0,0.9910188033580248,8,1.009062589540726
Charleville,1200,2,1.0,0.9299698844296564,9,1.07530363804554
Charleville,1200,3,1.0,0.6995276062431276,7,1.429536148502537
Charleville,1200,4,0.0,0.9133550910433664,10,0.0
Charleville,1400,0,0.0,0.09000473709142585,1,0.0
Charleville,1400,1,0.0,0.3240170535291331,2,0.0
Charleville,1400,2,0.0,0.16650876361913786,2,0.0
Charleville,1400,3,0.0,0.10800568450971104,2,0.0
Charleville,1400,4,1.0,0.3114637612505921,3,3.2106463878327
Charleville,1620,0,0.0,0.0803862401931201,1,0.0
Charleville,1620,1,0.0,0.3345805672902836,2,0.0
Charleville,1620,2,0.0,0.20096560048280024,1,0.0
Charleville,1620,3,1.0,0.2411587205793603,2,4.146646646646646
Charleville,1620,4,0.0,0.14290887145443573,2,0.0
Charleville,1625,0,1.0,0.14887580467543352,1,6.717008194717172
Charleville,1625,1,0.0,0.1252876901684168,2,0.0
Charleville,1625,2,0.0,0.2417042475907038,2,0.0
Charleville,1625,3,0.0,0.23417761708406024,2,0.0
Charleville,1625,4,0.0,0.24995464048138571,3,0.0
Charters Towers,1200,0,0.0,0.03995810351636653,1,0.0
Charters Towers,1200,1,0.0,0.29968577637274896,2,0.0
Charters Towers,1200,2,1.0,0.36358936104046746,2,2.750355503082776
Charters Towers,1200,3,0.0,0.17368152948875223,2,0.0
Charters Towers,1200,4,0.0,0.12308522958166475,2,0.0
Chinchilla,1030,0,4.0,1.6918916560964121,12,2.364217581892289
Chinchilla,1030,1,3.0,2.7788633075296847,24,1.0795781109027986
Chinchilla,1030,2,4.0,2.886840966229952,29,1.385597629655287
Chinchilla,1030,3,1.0,2.107755164050174,28,0.4744384058717911
Chinchilla,1030,4,0.0,2.534648906093777,34,0.0
Chinchilla,1070,0,2.0,1.497816421491092,9,1.3352771216174668
Chinchilla,1070,1,3.0,2.344066678017346,18,1.2798270749437273
Chinchilla,1070,2,2.0,2.2218445815504664,19,0.9001529704676027
Chinchilla,1070,3,1.0,1.3926797038516547,18,0.7180401906011534
Chinchilla,1070,4,1.0,1.543592615089441,22,0.6478393264028778
Chinchilla,1200,0,2.0,1.406298124343104,11,1.4221735529471888
Chinchilla,1200,1,3.0,2.15781343399337,22,1.3902962845346793
Chinchilla,1200,2,5.0,2.5876385962399557,22,1.9322636504438435
Chinchilla,1200,3,0.0,2.731056698563648,22,0.0
Chinchilla,1200,4,1.0,2.1171931468599223,26,0.4723234634889747
Chinchilla,1400,0,4.0,1.7240784259404927,14,2.3200800728180226
Chinchilla,1400,1,3.0,3.5598392680869035,28,0.8427346781901849
Chinchilla,1400,2,3.0,3.210155791689939,36,0.9345340832884296
Chinchilla,1400,3,4.0,3.5600738826114737,33,1.1235721875147773
Chinchilla,1400,4,0.0,1.9458526316711917,40,0.0
Clare,1100,0,8.0,5.074966911290095,33,1.576364957612372
Clare,1100,1,8.0,8.438024466837678,66,0.9480892158396601
Clare,1100,2,6.0,7.806877112165954,77,0.7685531504844386
Clare,1100,3,7.0,6.317164130082976,73,1.1080921527217078
Clare,1100,4,4.0,5.3629673796232975,87,0.7458557393427527
Clare,1200,0,6.0,2.5815928314881598,25,2.3241465217972808
Clare,1200,1,6.0,5.914330265304698,50,1.0144851117290266
Clare,1200,2,9.0,6.101321064539291,58,1.4750903787554717
Clare,1200,3,1.0,5.6169967399319285,57,0.1780310807180776
Clare,1200,4,3.0,4.785759098735923,67,0.6268598017799097
Clare,1800,0,8.0,5.3753253642861765,33,1.4882820030118067
Clare,1800,1,9.0,7.350154906569922,66,1.2244639894535239
Clare,1800,2,5.0,6.101057188040673,71,0.819530098783704
Clare,1800,3,5.0,7.623162224237956,71,0.6558957887715451
Clare,1800,4,6.0,6.550300316865272,86,0.9159885363655166
Clermont,1000,0,0.0,0.13117857227361995,1,0.0
Clermont,1000,1,1.0,0.30061756146037905,2,3.3264856355765446
Clermont,1000,2,0.0,0.07287698459645553,1,0.0
Clermont,1000,3,0.0,0.4044672645103282,2,0.0
Clermont,1000,4,0.0,0.09085961715921728,2,0.0
Clermont,1200,1,1.0,1.0,1,1.0
Clermont,1400,0,0.0,0.06573331890971396,1,0.0
Clermont,1400,1,1.0,0.3469258498012681,2,2.882460331430583
Clermont,1400,2,0.0,0.1643332972742849,1,0.0
Clermont,1400,3,0.0,0.20707199363499634,2,0.0
Clermont,1400,4,0.0,0.21593554037973667,2,0.0
Cloncurry,1000,0,5.0,1.8525403653628252,12,2.6989965203920057
Cloncurry,1000,1,1.0,2.5366647904861312,24,0.3942184256077281
Cloncurry,1000,2,5.0,2.2768735706092667,27,2.1959936926414647
Cloncurry,1000,3,0.0,2.29573798925638,26,0.0
Cloncurry,1000,4,1.0,3.0381832842853966,34,0.3291440661833565
Cloncurry,1200,0,4.0,1.075167799490467,9,3.720349513718362
Cloncurry,1200,1,3.0,2.756313718536721,18,1.0884102124603756
Cloncurry,1200,2,0.0,1.2744868717493942,20,0.0
Cloncurry,1200,3,1.0,2.01040877281754,20,0.4974112794974147
Cloncurry,1200,4,1.0,1.883622837405878,23,0.5308918431766299
Cloncurry,1400,0,2.0,0.4889921017043504,4,4.090045612248396
Cloncurry,1400,1,1.0,0.9273089996497478,8,1.0783891889086683
Cloncurry,1400,2,1.0,0.869011913885388,12,1.1507322097909554
Cloncurry,1400,3,0.0,0.540400211831676,11,0.0
Cloncurry,1400,4,0.0,1.1742867729288375,12,0.0
Cloncurry,1600,0,2.0,0.9844683561042189,4,2.031553363395536
Cloncurry,1600,1,0.0,0.8984319344054155,8,0.0
Cloncurry,1600,2,2.0,0.9514976608509303,8,2.101949465867722
Cloncurry,1600,3,0.0,0.5388408876535132,8,0.0
Cloncurry,1600,4,0.0,0.6267611609859217,9,0.0
Coffs Harbour,800,0,0.0,0.06881331131264973,1,0.0
Coffs Harbour,800,1,1.0,0.30921306122307535,2,3.2340160407343554
Coffs Harbour,800,2,0.0,0.3252992898416169,2,0.0
Coffs Harbour,800,3,0.0,0.11868206728416511,2,0.0
Coffs Harbour,800,4,0.0,0.17799227033849285,3,0.0
Coffs Harbour,805,0,1.0,0.342428587324296,1,2.9203169274326766
Coffs Harbour,805,1,0.0,0.2908447937209565,2,0.0
Coffs Harbour,805,2,0.0,0.09511905203452664,1,0.0
Coffs Harbour,805,3,0.0,0.12169643422064438,2,0.0
Coffs Harbour,805,4,0.0,0.14991113269957657,2,0.0
Coffs Harbour,808,0,1.0,0.34006811777343565,2,2.9405873345240563
Coffs Harbour,808,1,0.0,0.4245582791915132,4,0.0
Coffs Harbour,808,2,1.0,0.5963837261471082,4,1.6767727826183723
Coffs Harbour,808,3,0.0,0.4306607670830173,4,0.0
Coffs Harbour,808,4,0.0,0.2083291098049256,4,0.0
Coffs Harbour,1000,0,10.0,6.776312927373483,45,1.4757287786406916
Coffs Harbour,1000,1,10.0,10.811988055701082,90,0.9248992829516745
Coffs Harbour,1000,2,10.0,11.394562849913864,118,0.8776115531343612
Coffs Harbour,1000,3,8.0,8.014063558186345,104,0.998245140173367
Coffs Harbour,1000,4,7.0,8.003072608825226,129,0.8746640624353317
Coffs Harbour,1005,0,1.0,1.9292140052602162,17,0.5183458119593726
Coffs Harbour,1005,1,3.0,3.2038796221835075,34,0.9363647682728605
Coffs Harbour,1005,2,5.0,5.9268247229862485,53,0.8436220461537008
Coffs Harbour,1005,3,6.0,3.61720547699038,44,1.6587390564807434
Coffs Harbour,1005,4,2.0,2.3228761725796483,49,0.8610015564363549
Coffs Harbour,1010,0,5.0,2.422116544961629,16,2.0643102456819267
Coffs Harbour,1010,1,3.0,4.129697258921221,32,0.7264455023959007
Coffs Harbour,1010,2,5.0,3.313366123991859,32,1.5090393916311693
Coffs Harbour,1010,3,1.0,3.084465435008508,35,0.32420528648175356
Coffs Harbour,1010,4,2.0,3.050354637116784,39,0.6556614682319082
Coffs Harbour,1012,0,9.0,4.311617497929956,29,2.087383680097081
Coffs Harbour,1012,1,6.0,6.737106975224837,58,0.8905899849986815
Coffs Harbour,1012,2,6.0,7.044450187389994,68,0.8517343214010336
Coffs Harbour,1012,3,6.0,5.646314308876051,69,1.0626400996784666
Coffs Harbour,1012,4,2.0,5.2605110305791625,79,0.3801911997473385
Coffs Harbour,1014,0,0.0,0.3582108019243673,4,0.0
Coffs Harbour,1014,1,2.0,1.402473939197707,8,1.4260514538645268
Coffs Harbour,1014,2,1.0,0.6440542109353149,10,1.5526643301466345
Coffs Harbour,1014,3,0.0,1.1018314891154886,10,0.0
Coffs Harbour,1014,4,1.0,0.4934295588271222,12,2.0266317291104152
Coffs Harbour,1015,0,0.0,0.2525743446469217,2,0.0
Coffs Harbour,1015,1,0.0,0.22061760219086948,4,0.0
Coffs Harbour,1015,2,2.0,0.8277484137525618,6,2.4161930929388147
Coffs Harbour,1015,3,0.0,0.2675416508179027,5,0.0
Coffs Harbour,1015,4,0.0,0.43151798859174423,7,0.0
Coffs Harbour,1016,0,0.0,0.174544140612449,2,0.0
Coffs Harbour,1016,1,2.0,0.5214948851762815,4,3.835128698000437
Coffs Harbour,1016,2,0.0,0.5459868876437886,4,0.0
Coffs Harbour,1016,3,0.0,0.4543980847962811,4,0.0
Coffs Harbour,1016,4,0.0,0.3035760017711998,5,0.0
Coffs Harbour,1200,0,7.0,6.581711454369647,41,1.0635531576445285
Coffs Harbour,1200,1,8.0,8.713099291462132,82,0.9181577912051467
Coffs Harbour,1200,2,14.0,10.979001688514494,128,1.2751614761700851
Coffs Harbour,1200,3,6.0,7.695771449172527,104,0.7796489331352399
Coffs Harbour,1200,4,6.0,7.030416116481198,126,0.853434547911663
Coffs Harbour,1205,0,5.0,2.619554268988106,17,1.908721670397546
Coffs Harbour,1205,1,4.0,4.428365242066518,34,0.9032678610162201
Coffs Harbour,1205,2,5.0,3.7884983074861482,45,1.3197841451109797
Coffs Harbour,1205,3,2.0,3.1341024632405206,41,0.6381412297325117
Coffs Harbour,1205,4,1.0,3.029479718218706,48,0.33008968305223935
Coffs Harbour,1212,0,2.0,1.5513047509593831,10,1.2892373331307903
Coffs Harbour,1212,1,2.0,1.9695420957565521,20,1.015464459637126
Coffs Harbour,1212,2,1.0,1.967298206536229,21,0.5083113463315122
Coffs Harbour,1212,3,3.0,2.2273978060571906,22,1.346863138610352
Coffs Harbour,1212,4,2.0,2.284457140690645,24,0.8754815156634337
Coffs Harbour,1213,0,1.0,0.23800633760550938,3,4.201568790396999
Coffs Harbour,1213,1,0.0,0.8426024296509824,6,0.0
Coffs Harbour,1213,2,1.0,0.7743342591159699,8,1.2914319471563414
Coffs Harbour,1213,3,0.0,0.5803910238530144,7,0.0
Coffs Harbour,1213,4,1.0,0.5646659497745239,8,1.7709585647927042
Coffs Harbour,1215,0,2.0,1.2456147660387338,15,1.6056328605997015
Coffs Harbour,1215,1,7.0,4.370030495706275,30,1.6018194854424408
Coffs Harbour,1215,2,2.0,4.141547566450628,40,0.4829112711879419
Coffs Harbour,1215,3,2.0,2.4277843294687917,34,0.8237964038748069
Coffs Harbour,1215,4,2.0,2.815022842335572,42,0.710473808567975
Coffs Harbour,1218,0,1.0,0.27563198469816586,3,3.628025974906585
Coffs Harbour,1218,1,1.0,0.8997903104033451,6,1.1113700474855461
Coffs Harbour,1218,2,1.0,0.4400756071837074,6,2.2723368068490895
Coffs Harbour,1218,3,0.0,0.8920045013051886,7,0.0
Coffs Harbour,1218,4,0.0,0.49249759640959306,7,0.0
Coffs Harbour,1220,0,1.0,0.5708834597233774,2,1.7516709986387622
Coffs Harbour,1220,1,0.0,0.2844769584738286,4,0.0
Coffs Harbour,1220,2,1.0,0.2698165249315161,3,3.7062222199096833
Coffs Harbour,1220,3,0.0,0.6971207823596713,4,0.0
Coffs Harbour,1220,4,0.0,0.1777022745116065,4,0.0
Coffs Harbour,1300,0,5.0,3.037532606294119,25,1.6460728650745744
Coffs Harbour,1300,1,6.0,5.4002581364791205,50,1.1110579991481484
Coffs Harbour,1300,2,7.0,6.3122089883736745,73,1.1089620151825064
Coffs Harbour,1300,3,3.0,5.297723574513474,63,0.5662809615874513
Coffs Harbour,1300,4,4.0,4.952276694339613,75,0.8077093116731436
Coffs Harbour,1305,0,5.0,1.3959547437107107,7,3.5817780071501875
Coffs Harbour,1305,1,2.0,1.2873126227421334,14,1.553624166086211
Coffs Harbour,1305,2,0.0,1.2017557728157615,19,0.0
Coffs Harbour,1305,3,0.0,2.033891342977245,17,0.0
Coffs Harbour,1305,4,0.0,1.0810855177541496,18,0.0
Coffs Harbour,1312,0,0.0,0.25664919577464507,3,0.0
Coffs Harbour,1312,1,0.0,0.7582497625532436,6,0.0
Coffs Harbour,1312,2,2.0,0.7138544871682149,7,2.8016914314481487
Coffs Harbour,1312,3,1.0,0.6691489006896121,7,1.4944356913228418
Coffs Harbour,1312,4,0.0,0.6020976538142846,7,0.0
Coffs Harbour,1313,0,1.0,0.8635820790434718,6,1.1579675218684813
Coffs Harbour,1313,1,2.0,1.0567126899759276,12,1.8926620442549629
Coffs Harbour,1313,2,0.0,1.39037108884519,17,0.0
Coffs Harbour,1313,3,2.0,1.6748997682636602,14,1.1941013055804321
Coffs Harbour,1313,4,1.0,1.0144343738717503,18,0.9857710126514551
Coffs Harbour,1315,0,6.0,2.860028375455457,19,2.0978812837982788
Coffs Harbour,1315,1,3.0,4.482754413896395,38,0.6692313972632754
Coffs Harbour,1315,2,4.0,3.8580197033523094,42,1.0368013404712062
Coffs Harbour,1315,3,4.0,4.063537701954682,42,0.9843639442734545
Coffs Harbour,1315,4,2.0,3.7356598053411547,48,0.5353806567558559
Coffs Harbour,1318,0,0.0,0.2184012269464957,1,0.0
Coffs Harbour,1318,1,0.0,0.04191203811231296,2,0.0
Coffs Harbour,1318,2,0.0,0.11208184408083693,3,0.0
Coffs Harbour,1318,3,1.0,0.5125521477364953,3,1.9510209925295314
Coffs Harbour,1318,4,0.0,0.11505274312385913,3,0.0
Coffs Harbour,1400,0,3.0,3.6800420907271514,26,0.8152080672009978
Coffs Harbour,1400,1,3.0,5.204772393992441,53,0.5763940808367954
Coffs Harbour,1400,2,12.0,7.2320424489054815,71,1.6592822960844367
Coffs Harbour,1400,3,4.0,5.857094647445635,64,0.682932450433332
Coffs Harbour,1400,4,4.0,4.0260484189292916,75,0.9935300284003492
Coffs Harbour,1405,0,3.0,1.673391230142744,12,1.7927666560939806
Coffs Harbour,1405,1,5.0,3.111802334388849,24,1.6067858632100387
Coffs Harbour,1405,2,0.0,1.9606476108792275,26,0.0
Coffs Harbour,1405,3,3.0,2.7734146538444886,27,1.081699051327006
Coffs Harbour,1405,4,1.0,2.480744170744691,31,0.40310484724420875
Coffs Harbour,1412,0,1.0,0.7528001372627918,5,1.3283738279273376
Coffs Harbour,1412,1,0.0,1.373830418696849,10,0.0
Coffs Harbour,1412,2,1.0,0.9045481858609062,6,1.1055243000108914
Coffs Harbour,1412,3,1.0,1.1314806127411285,10,0.8837977325810266
Coffs Harbour,1412,4,2.0,0.8373406454383242,11,2.388514173885655
Coffs Harbour,1413,0,0.0,0.30813814821649693,2,0.0
Coffs Harbour,1413,1,0.0,0.43425905742348747,4,0.0
Coffs Harbour,1413,2,0.0,0.3439980841845898,5,0.0
Coffs Harbour,1413,3,0.0,0.2799717951324879,5,0.0
Coffs Harbour,1413,4,2.0,0.6336329150429378,6,3.156401683874757
Coffs Harbour,1415,0,5.0,1.7150988016051452,14,2.9152839447619847
Coffs Harbour,1415,1,0.0,2.2575712490826625,28,0.0
Coffs Harbour,1415,2,3.0,4.363955472616002,43,0.6874497273918403
Coffs Harbour,1415,3,3.0,3.093597291398637,34,0.9697448366473319
Coffs Harbour,1415,4,3.0,2.569777185297553,44,1.1674163881459754
Coffs Harbour,1420,0,0.0,0.04077417893324431,1,0.0
Coffs Harbour,1420,1,1.0,0.498231853105345,2,2.0070976870853783
Coffs Harbour,1420,2,0.0,0.07135481313317754,1,0.0
Coffs Harbour,1420,3,0.0,0.26143444139550764,2,0.0
Coffs Harbour,1420,4,0.0,0.12820471343272558,2,0.0
Coffs Harbour,1500,0,0.0,0.5477585813565284,5,0.0
Coffs Harbour,1500,1,1.0,1.0209931590387495,10,0.9794384919694131
Coffs Harbour,1500,2,2.0,1.4245206628647142,12,1.4039810387713123
Coffs Harbour,1500,3,0.0,0.8780127596339248,12,0.0
Coffs Harbour,1500,4,2.0,1.128714837106083,13,1.7719267384911934
Coffs Harbour,1505,0,0.0,0.18629156045975787,1,0.0
Coffs Harbour,1505,1,0.0,0.2874829761993481,2,0.0
Coffs Harbour,1505,2,0.0,0.24818942763654142,4,0.0
Coffs Harbour,1505,3,0.0,0.12102017500834891,3,0.0
Coffs Harbour,1505,4,1.0,0.1570158606960037,4,6.368783354543313
Coffs Harbour,1515,0,1.0,0.2144745646514042,4,4.6625575467438205
Coffs Harbour,1515,1,0.0,0.5913049393592962,8,0.0
Coffs Harbour,1515,2,0.0,0.5579774304070468,10,0.0
Coffs Harbour,1515,3,2.0,1.3003289018400384,9,1.5380724039663256
Coffs Harbour,1515,4,1.0,1.3359141637422145,12,0.7485510874431942
Coffs Harbour,1518,0,0.0,0.07420375896030673,1,0.0
Coffs Harbour,1518,1,0.0,0.12221795593462285,2,0.0
Coffs Harbour,1518,2,1.0,0.4995270119123894,3,2.0018937437869466
Coffs Harbour,1518,3,0.0,0.24973098402474658,3,0.0
Coffs Harbour,1518,4,0.0,0.05432028916793438,3,0.0
Coffs Harbour,1600,0,5.0,2.6797383022996657,25,1.8658538394249766
Coffs Harbour,1600,1,9.0,4.974038639423346,50,1.8093948705318854
Coffs Harbour,1600,2,5.0,6.396505566936218,76,0.7816767995708768
Coffs Harbour,1600,3,2.0,5.454449575003358,66,0.36667311201584785
Coffs Harbour,1600,4,4.0,5.495267916337412,76,0.7278989961723275
Coffs Harbour,1605,0,1.0,0.998070277959061,9,1.0019334530679394
Coffs Harbour,1605,1,4.0,2.6798913716926513,18,1.4925978128261044
Coffs Harbour,1605,2,1.0,2.1000607590442786,26,0.4761766990280282
Coffs Harbour,1605,3,1.0,1.8243793142940286,21,0.5481316260083585
Coffs Harbour,1605,4,2.0,1.3975982770099804,26,1.4310263778221
Coffs Harbour,1612,0,1.0,0.5120262252968215,4,1.9530249635559198
Coffs Harbour,1612,1,0.0,0.5322025759727494,8,0.0
Coffs Harbour,1612,2,3.0,1.1853195282482933,9,2.5309631103720234
Coffs Harbour,1612,3,0.0,0.5475233285283084,8,0.0
Coffs Harbour,1612,4,0.0,1.2229283419538275,11,0.0
Coffs Harbour,1613,0,1.0,0.4225464241381335,3,2.366603863799573
Coffs Harbour,1613,1,0.0,0.5152218796292933,6,0.0
Coffs Harbour,1613,2,0.0,0.6374703560007982,7,0.0
Coffs Harbour,1613,3,0.0,0.689032714126515,7,0.0
Coffs Harbour,1613,4,2.0,0.7357286261052601,7,2.718393615574585
Coffs Harbour,1615,0,2.0,1.7512895896760516,16,1.1420155819974662
Coffs Harbour,1615,1,4.0,3.2635980061215393,32,1.2256411459062022
Coffs Harbour,1615,2,2.0,4.099486497248592,44,0.4878659806154547
Coffs Harbour,1615,3,2.0,3.1568631346497504,39,0.633540294492969
Coffs Harbour,1615,4,6.0,3.728762772304066,45,1.6091128254567124
Coffs Harbour,1618,0,0.0,0.14889654206526784,2,0.0
Coffs Harbour,1618,1,0.0,0.4477471287232547,4,0.0
Coffs Harbour,1618,2,0.0,0.2805854213718054,5,0.0
Coffs Harbour,1618,3,1.0,0.41385823789365156,4,2.416286323281955
Coffs Harbour,1618,4,1.0,0.7089126699460206,5,1.4106109855197593
Coffs Harbour,1620,0,0.0,0.12039240806404014,1,0.0
Coffs Harbour,1620,1,1.0,0.394011517300495,2,2.537996875957676
Coffs Harbour,1620,2,0.0,0.2718538246607358,1,0.0
Coffs Harbour,1620,3,0.0,0.11668802627745431,2,0.0
Coffs Harbour,1620,4,0.0,0.09705422369727468,2,0.0
Coffs Harbour,2000,0,0.0,0.3933070056570099,7,0.0
Coffs Harbour,2000,1,0.0,1.3609654804746343,14,0.0
Coffs Harbour,2000,2,1.0,1.724633288899807,22,0.5798334094768219
Coffs Harbour,2000,3,1.0,1.737450505002778,18,0.5755559638220608
Coffs Harbour,2000,4,5.0,1.7836437199657709,24,2.803250416005699
Coffs Harbour,2005,0,0.0,0.2374043920375312,2,0.0
Coffs Harbour,2005,1,0.0,0.14613246726018037,4,0.0
Coffs Harbour,2005,2,0.0,0.5409204599795993,7,0.0
Coffs Harbour,2005,3,2.0,0.8675279847666634,6,2.3054011341639136
Coffs Harbour,2005,4,0.0,0.20801469595602579,7,0.0
Coffs Harbour,2013,0,1.0,0.06458565555386064,1,15.483314234784823
Coffs Harbour,2013,1,0.0,0.1602898542382178,2,0.0
Coffs Harbour,2013,2,0.0,0.07632850201819895,1,0.0
Coffs Harbour,2013,3,0.0,0.553862701619452,2,0.0
Coffs Harbour,2013,4,0.0,0.1449332865702706,2,0.0
Coffs Harbour,2015,0,1.0,0.19208520516575334,4,5.206023020550096
Coffs Harbour,2015,1,1.0,0.7163933402673324,8,1.39588120630328
Coffs Harbour,2015,2,0.0,1.3233120063451085,11,0.0
Coffs Harbour,2015,3,0.0,0.65418871132773,10,0.0
Coffs Harbour,2015,4,2.0,1.1140207368940758,11,1.7952987173075985
Coffs Harbour,2100,0,0.0,0.04022854139554084,1,0.0
Coffs Harbour,2100,1,1.0,0.4985298603755541,2,2.0058978999706794
Coffs Harbour,2100,2,0.0,0.027251592558269602,1,0.0
Coffs Harbour,2100,3,0.0,0.1770055821403797,2,0.0
Coffs Harbour,2100,4,0.0,0.2569844235302557,2,0.0
Coffs Harbour,2200,0,0.0,0.09121613647116295,1,0.0
Coffs Harbour,2200,1,0.0,0.2006755002365585,2,0.0
Coffs Harbour,2200,2,1.0,0.3352193015315239,2,2.9831217815659112
Coffs Harbour,2200,3,0.0,0.1573909393476322,2,0.0
Coffs Harbour,2200,4,0.0,0.2154981224131225,2,0.0
Colac,1000,0,3.0,1.7895265140951526,12,1.676421095955041
Colac,1000,1,4.0,3.1262578744784943,24,1.279484981918601
Colac,1000,2,3.0,3.7284507755495957,26,0.8046237380075864
Colac,1000,3,2.0,2.0505299958144185,26,0.9753575924675273
Colac,1000,4,0.0,1.3052348400623384,31,0.0
Colac,1008,0,0.0,0.05521360094502822,1,0.0
Colac,1008,1,1.0,0.4573247755042741,2,2.1866298384935283
Colac,1008,2,0.0,0.03185400054520859,1,0.0
Colac,1008,3,0.0,0.16475026088435837,2,0.0
Colac,1008,4,0.0,0.2908573621211308,2,0.0
Colac,1100,0,7.0,1.6995563499388022,10,4.118721924255149
Colac,1100,1,2.0,2.1048525405539658,20,0.9501853272218442
Colac,1100,2,0.0,2.5142675724475714,21,0.0
Colac,1100,3,0.0,2.3694100132023888,22,0.0
Colac,1100,4,1.0,1.3119135238572723,25,0.7622453628344436
Colac,1110,0,0.0,0.43906231347170027,2,0.0
Colac,1110,1,0.0,0.518332510819524,4,0.0
Colac,1110,2,1.0,0.49842503534319077,4,2.0063197654416567
Colac,1110,3,1.0,0.30030691666726994,4,3.3299266333847606
Colac,1110,4,0.0,0.24387322369831493,5,0.0
Colac,1200,0,11.0,5.346133050578986,31,2.057561960379699
Colac,1200,1,10.0,7.799813526536538,62,1.2820819325972324
Colac,1200,2,3.0,6.053469624760396,71,0.4955835555412973
Colac,1200,3,6.0,7.45574024990249,69,0.8047490656717112
Colac,1200,4,1.0,4.344843548221588,79,0.23015788460537676
Colac,1208,0,0.0,0.09429208114336922,2,0.0
Colac,1208,1,1.0,0.4387903873306065,4,2.2789924959011243
Colac,1208,2,1.0,0.48980045045668746,6,2.041647775267673
Colac,1208,3,0.0,0.4152896835933094,5,0.0
Colac,1208,4,0.0,0.5618273974760273,6,0.0
Colac,1210,0,1.0,0.5562102017732528,2,1.7978814426846212
Colac,1210,1,0.0,0.669227170541485,4,0.0
Colac,1210,2,0.0,0.36281483093778755,3,0.0
Colac,1210,3,1.0,0.34458698266012455,4,2.902024888695018
Colac,1210,4,0.0,0.06716081408735025,5,0.0
Colac,1600,0,6.0,3.582605844475308,28,1.674758614390284
Colac,1600,1,4.0,7.9681800364458555,56,0.5019966895457056
Colac,1600,2,7.0,5.656240534791915,54,1.2375711317336189
Colac,1600,3,8.0,4.3888882221059236,56,1.8227850870536306
Colac,1600,4,3.0,6.404085362180996,76,0.4684509700192863
Colac,1608,0,0.0,0.09673873853023543,1,0.0
Colac,1608,1,0.0,0.30509909844151173,2,0.0
Colac,1608,2,0.0,0.16956091531740822,2,0.0
Colac,1608,3,0.0,0.10240840818768512,2,0.0
Colac,1608,4,1.0,0.3261928395231595,3,3.0656712190918607
Colac,1610,0,0.0,0.12489199722299063,1,0.0
Colac,1610,1,0.0,0.29641307893548596,2,0.0
Colac,1610,2,1.0,0.43958584600799555,2,2.2748685133547526
Colac,1610,3,0.0,0.08183742032253571,2,0.0
Colac,1610,4,0.0,0.05727165751099228,3,0.0
Colac,2000,0,2.0,2.7217982173346416,22,0.7348083290165894
Colac,2000,1,8.0,5.094640536732916,44,1.5702776167070325
Colac,2000,2,5.0,5.463848165536155,48,0.9151059561900109
Colac,2000,3,4.0,5.116393058435974,46,0.7818007636072348
Colac,2000,4,3.0,3.603320021960314,56,0.8325655178326099
Colac,2008,0,1.0,0.19959232327672907,1,5.010212735554606
Colac,2008,1,0.0,0.3429359009027436,2,0.0
Colac,2008,2,0.0,0.2669547323826251,3,0.0
Colac,2008,3,0.0,0.07361308267087965,2,0.0
Colac,2008,4,0.0,0.11690396076702249,3,0.0
Colac,2010,0,1.0,0.7085013990856002,2,1.4114298169214785
Colac,2010,1,1.0,0.5217802618496331,4,1.9165155777551826
Colac,2010,2,0.0,0.4624362474959801,4,0.0
Colac,2010,3,0.0,0.0978681874585991,4,0.0
Colac,2010,4,0.0,0.20941390411018734,5,0.0
Colac,2850,0,0.0,0.130227911574378,1,0.0
Colac,2850,1,0.0,0.07892112297968698,2,0.0
Colac,2850,2,1.0,0.4232407126167284,1,2.362721662142092
Colac,2850,3,0.0,0.314407386515284,2,0.0
Colac,2850,4,0.0,0.05320286631392271,2,0.0
Colac,3350,0,0.0,0.2109409645380978,1,0.0
Colac,3350,1,0.0,0.14987910638233265,2,0.0
Colac,3350,2,1.0,0.22372526541919463,2,4.46976785624233
Colac,3350,3,0.0,0.0646050214822953,2,0.0
Colac,3350,4,0.0,0.3508496421780796,3,0.0
Coleraine,1000,0,1.0,1.2470105001290512,5,0.8019178666871782
Coleraine,1000,1,2.0,0.9821860668271492,10,2.036274049845559
Coleraine,1000,2,1.0,0.5072297833760117,9,1.9714930644336703
Coleraine,1000,3,0.0,1.1240369774253094,10,0.0
Coleraine,1000,4,1.0,1.1395366722424787,12,0.8775496430774041
Coleraine,1300,0,3.0,1.65834489569145,14,1.8090326130555276
Coleraine,1300,1,5.0,3.1887547001009926,28,1.5680102329105599
Coleraine,1300,2,5.0,2.970736250480173,37,1.6830844539604712
Coleraine,1300,3,0.0,3.0977805271689047,33,0.0
Coleraine,1300,4,1.0,3.084383626558479,41,0.32421388551974284
Coleraine,1400,0,2.0,2.079675032331766,11,0.9616887104508663
Coleraine,1400,1,3.0,2.5973637440343125,22,1.1550172773799865
Coleraine,1400,2,2.0,2.008084913507041,24,0.99597381890942
Coleraine,1400,3,2.0,2.2011081211867887,26,0.9086332382989184
Coleraine,1400,4,2.0,2.1137681889400923,29,0.9461775470293461
Coleraine,1600,0,0.0,1.5870819996097425,17,0.0
Coleraine,1600,1,5.0,5.0981081758069,34,0.9807559642864244
Coleraine,1600,2,8.0,4.797587204256198,44,1.667504864299865
Coleraine,1600,3,4.0,2.9632491092583093,39,1.3498696371838903
Coleraine,1600,4,0.0,2.5539735110688513,47,0.0
Coleraine,1800,0,2.0,1.0094480686452798,11,1.9812807237167545
Coleraine,1800,1,0.0,1.5862855465781085,22,0.0
Coleraine,1800,2,4.0,2.842624930218602,24,1.4071501158939017
Coleraine,1800,3,3.0,2.977664649544446,26,1.0075009623595361
Coleraine,1800,4,2.0,2.5839768050135636,30,0.7740007557805851
Coleraine,2250,0,3.0,1.8816443971754404,10,1.5943501357128569
Coleraine,2250,1,1.0,2.171200270789396,20,0.46057473990477354
Coleraine,2250,2,3.0,2.1747235772483617,23,1.3794856649302738
Coleraine,2250,3,2.0,2.3541212817039225,23,0.8495739006923178
Coleraine,2250,4,1.0,1.4183104730828797,28,0.7050642429695747
Coleraine,3000,0,0.0,0.09296166170144908,1,0.0
Coleraine,3000,1,0.0,0.15972503692339887,2,0.0
Coleraine,3000,2,1.0,0.41832747765652084,1,2.3904717079595645
Coleraine,3000,3,0.0,0.3097294074200354,2,0.0
Coleraine,3000,4,0.0,0.019256416298595685,2,0.0
Coleraine,3300,0,0.0,0.7756958054644744,4,0.0
Coleraine,3300,1,4.0,1.4448430547746136,8,2.7684667803756544
Coleraine,3300,2,0.0,0.5632002260572894,7,0.0
Coleraine,3300,3,0.0,0.9762859807231794,8,0.0
Coleraine,3300,4,0.0,0.23997493298044328,6,0.0
Coleraine,3350,0,1.0,0.3123581964597213,1,3.2014527274585234
Coleraine,3350,1,0.0,0.2882094955569529,2,0.0
Coleraine,3350,2,0.0,0.23605112618328394,2,0.0
Coleraine,3350,3,0.0,0.12627464138847094,2,0.0
Coleraine,3350,4,0.0,0.03710654041157091,2,0.0
Coleraine,3600,0,1.0,0.4131028157215156,2,2.4207048752582905
Coleraine,3600,1,0.0,0.6883724987814066,4,0.0
Coleraine,3600,2,1.0,0.3884526030468889,3,2.5743166403219937
Coleraine,3600,3,0.0,0.4393661892740876,4,0.0
Coleraine,3600,4,0.0,0.07070589317610118,5,0.0
Collie,1100,0,3.0,0.994661802424258,4,3.0161005405939934
Collie,1100,1,0.0,1.1763450277944927,8,0.0
Collie,1100,2,1.0,0.6658033919959914,6,1.5019448864658544
Collie,1100,3,0.0,0.6568201198415425,8,0.0
Collie,1100,4,0.0,0.5063696579437158,9,0.0
Collie,1400,0,1.0,0.7946890925812851,5,1.2583537503350275
Collie,1400,1,1.0,1.6860002063697583,10,0.5931197376026234
Collie,1400,2,2.0,0.8498889890252274,11,2.3532485134251266
Collie,1400,3,1.0,0.8936084860488769,11,1.1190583075386147
Collie,1400,4,0.0,0.7758132259748522,13,0.0
Collie,1990,0,1.0,0.26149231697731806,2,3.8242041355530163
Collie,1990,1,0.0,0.39016678188893095,4,0.0
Collie,1990,2,0.0,0.7154193207177569,4,0.0
Collie,1990,3,1.0,0.41722472323817456,4,2.3967898935585024
Collie,1990,4,0.0,0.21569685717781953,5,0.0
Cooktown,1000,0,1.0,0.3581496794351737,2,2.7921287032200275
Cooktown,1000,1,0.0,0.7610003923509565,4,0.0
Cooktown,1000,2,1.0,0.308617311202724,3,3.24025893461019
Cooktown,1000,3,0.0,0.2772248883290204,4,0.0
Cooktown,1000,4,0.0,0.29500772868212544,3,0.0
Cooktown,1290,0,0.0,0.05882097179092285,1,0.0
Cooktown,1290,1,0.0,0.4300356761185115,2,0.0
Cooktown,1290,2,0.0,0.07352621473865355,1,0.0
Cooktown,1290,3,1.0,0.2832120864007396,2,3.530922753716872
Cooktown,1290,4,0.0,0.15440505095117246,2,0.0
Coonabarabran,900,0,3.0,0.6335576006969597,4,4.735165353078838
Coonabarabran,900,1,0.0,0.5890814296679207,8,0.0
Coonabarabran,900,2,0.0,0.4455712093821726,6,0.0
Coonabarabran,900,3,1.0,1.5554134006140437,8,0.642915895931732
Coonabarabran,900,4,0.0,0.7763763596389032,9,0.0
Coonabarabran,1100,0,2.0,1.4618385871189605,8,1.3681401063175282
Coonabarabran,1100,1,2.0,1.4103235394235791,16,1.4181143149730244
Coonabarabran,1100,2,2.0,1.554585144733983,20,1.2865168606395216
Coonabarabran,1100,3,1.0,2.4597295496166227,18,0.4065487606781248
Coonabarabran,1100,4,1.0,1.1135231791068547,22,0.8980504571104568
Coonabarabran,1200,0,5.0,3.070354495888967,23,1.6284764533524454
Coonabarabran,1200,1,4.0,6.0661289930512154,46,0.6593991002469651
Coonabarabran,1200,2,5.0,5.936990777947127,71,0.8421774914275484
Coonabarabran,1200,3,1.0,3.543748202228964,62,0.2821870920092503
Coonabarabran,1200,4,8.0,4.382777530883727,69,1.825326506679181
Coonabarabran,1400,0,5.0,1.3427153472039683,13,3.7237974604311
Coonabarabran,1400,1,2.0,2.1281163456433645,26,0.9397982418087049
Coonabarabran,1400,2,5.0,3.581952426035441,35,1.395886769365632
Coonabarabran,1400,3,1.0,3.104182645793534,33,0.322145992715698
Coonabarabran,1400,4,0.0,2.8430332353236927,38,0.0
Coonabarabran,1600,0,3.0,2.748915924979314,23,1.0913393067933046
Coonabarabran,1600,1,6.0,5.67614276947013,46,1.0570558641110612
Coonabarabran,1600,2,7.0,4.41014997021039,54,1.5872476100095205
Coonabarabran,1600,3,4.0,4.828761654260591,52,0.828369732531871
Coonabarabran,1600,4,3.0,5.336029681079575,64,0.5622157632738366
Coonamble,1100,0,13.0,4.813519343681494,35,2.700726655864499
Coonamble,1100,1,8.0,8.311183199452865,70,0.9625584959463593
Coonamble,1100,2,7.0,9.453637552841805,92,0.7404557199144756
Coonamble,1100,3,4.0,6.691459170025448,83,0.5977769419737471
Coonamble,1100,4,3.0,5.730200733998389,99,0.5235418686470126
Coonamble,1200,0,5.0,1.5752699012953832,15,3.1740592490774926
Coonamble,1200,1,5.0,3.293315571411112,30,1.5182268117287079
Coonamble,1200,2,3.0,5.100625319468963,38,0.5881631784536442
Coonamble,1200,3,0.0,2.7061853504544824,33,0.0
Coonamble,1200,4,2.0,2.3246038573700596,41,0.8603616455591276
Coonamble,1300,0,2.0,1.2846080284481112,19,1.5568951428834896
Coonamble,1300,1,6.0,5.334122461830114,38,1.1248335678332788
Coonamble,1300,2,5.0,4.789796693413418,61,1.0438856427613386
Coonamble,1300,3,4.0,3.2225564914735867,48,1.2412505445857707
Coonamble,1300,4,2.0,4.368916324834769,59,0.457779424300519
Coonamble,1400,0,7.0,3.5438142368630237,29,1.9752728365910015
Coonamble,1400,1,7.0,7.118554458721614,58,0.9833457116316133
Coonamble,1400,2,6.0,7.136031451759391,85,0.8408034690655264
Coonamble,1400,3,5.0,6.509540662447544,77,0.7681033515689005
Coonamble,1400,4,4.0,4.692059190208427,88,0.852504164556866
Coonamble,1600,0,4.0,3.949257463606271,32,1.0128486270802395
Coonamble,1600,1,8.0,6.305359606343981,64,1.2687618945557044
Coonamble,1600,2,9.0,9.165102356065661,87,0.9819857597164321
Coonamble,1600,3,6.0,6.800624775986441,78,0.8822718790759472
Coonamble,1600,4,5.0,5.779655797997646,92,0.865103420472244
Coonamble,2000,0,0.0,0.13060141550832396,2,0.0
Coonamble,2000,1,0.0,0.4560847716944466,4,0.0
Coonamble,2000,2,2.0,0.39947800870597516,4,5.006533417142482
Coonamble,2000,3,0.0,0.350716936782848,4,0.0
Coonamble,2000,4,0.0,0.6631188673084063,6,0.0
Cootamundra,1100,0,2.0,1.6013614479309994,9,1.2489372730835078
Cootamundra,1100,1,3.0,2.2549396578014704,18,1.3304125410277947
Cootamundra,1100,2,2.0,1.8701110378022998,17,1.069455213926945
Cootamundra,1100,3,1.0,1.6738761875560069,20,0.5974157511972734
Cootamundra,1100,4,1.0,1.5997116689092237,21,0.6251126496325792
Cootamundra,1200,0,1.0,1.3926018620310816,11,0.7180803266638752
Cootamundra,1200,1,1.0,2.517984760202305,20,0.39714299141336185
Cootamundra,1200,2,2.0,2.019556161127944,18,0.9903166044577727
Cootamundra,1200,3,3.0,1.9223714393101938,20,1.5605724984535208
Cootamundra,1200,4,3.0,2.1474857773284755,23,1.396982476751056
Cootamundra,1400,0,5.0,1.5872805144975772,11,3.1500418195347484
Cootamundra,1400,1,3.0,2.7291909476780876,22,1.0992268615548166
Cootamundra,1400,2,2.0,2.5173455521701977,25,0.7944876690749924
Cootamundra,1400,3,0.0,2.3956568677735155,23,0.0
Cootamundra,1400,4,1.0,1.7705261178806218,29,0.5648038681276462
Cootamundra,1600,0,5.0,1.502986882374743,10,3.326709007666069
Cootamundra,1600,1,1.0,2.528241779833404,20,0.39553179129327337
Cootamundra,1600,2,2.0,2.1306343988860785,21,0.9386875575864279
Cootamundra,1600,3,0.0,2.2703299095494547,21,0.0
Cootamundra,1600,4,2.0,1.5678070293563195,25,1.275667197908356
Corowa,900,0,2.0,1.2788256530885962,8,1.5639348453556876
Corowa,900,1,2.0,1.2747475325424085,16,1.5689381222108494
Corowa,900,2,1.0,1.8691567418227517,17,0.535000611572482
Corowa,900,3,3.0,2.119760046935638,18,1.415254525783167
Corowa,900,4,0.0,1.4575100256106055,22,0.0
Corowa,1000,0,17.0,6.997189242867675,46,2.4295469809292807
Corowa,1000,1,10.0,10.035332607897022,91,0.9964791791884189
Corowa,1000,2,10.0,10.509614264256037,93,0.9515097080214189
Corowa,1000,3,6.0,10.108067806518582,96,0.5935852543579759
Corowa,1000,4,2.0,7.349796078460685,112,0.27211639325085507
Corowa,1200,0,12.0,4.386826632046142,33,2.73546255790894
Corowa,1200,1,7.0,10.800231559938512,66,0.6481342516733829
Corowa,1200,2,7.0,7.953306188956969,76,0.8801371195439931
Corowa,1200,3,6.0,5.416639911578079,71,1.107697779055792
Corowa,1200,4,1.0,4.442995707480298,88,0.22507336622369095
Corowa,1300,0,13.0,5.1324981720387095,39,2.5328796161726044
Corowa,1300,1,11.0,10.2283670570625,78,1.075440482203335
Corowa,1300,2,9.0,9.698689553724673,106,0.9279604167290467
Corowa,1300,3,2.0,7.535180339896542,94,0.26542165015090535
Corowa,1300,4,4.0,6.405264877277576,111,0.6244862744380552
Corowa,1400,0,9.0,3.8656223222909687,33,2.3282150323123476
Corowa,1400,1,8.0,8.150250875499108,66,0.9815648772296341
Corowa,1400,2,5.0,8.3841575876882,83,0.5963628364216698
Corowa,1400,3,9.0,6.6509699615992135,79,1.3531860844303025
Corowa,1400,4,2.0,5.94899925292251,91,0.3361909986822537
Corowa,1600,0,10.0,5.522769729230841,42,1.810685668655011
Corowa,1600,1,11.0,11.067000805577251,84,0.9939458931327189
Corowa,1600,2,10.0,9.769514379279642,103,1.0235923313864197
Corowa,1600,3,7.0,8.324450924051558,97,0.840896302214376
Corowa,1600,4,4.0,7.316264161860708,113,0.5467271153017936
Cowra,950,0,7.0,2.9132087104913915,19,2.402848781410948
Cowra,950,1,5.0,3.703081738303054,38,1.3502267444658842
Cowra,950,2,4.0,5.678703799789583,43,0.7043860960221618
Cowra,950,3,2.0,4.221458149087004,43,0.47376994615771567
Cowra,950,4,1.0,2.483547602328968,50,0.402649821997469
Cowra,1100,0,3.0,1.8513062729877867,12,1.6204774130421755
Cowra,1100,1,4.0,2.8448198666120654,24,1.40606442149311
Cowra,1100,2,4.0,2.5335557362006123,30,1.5788087638436985
Cowra,1100,3,1.0,3.074090551005117,29,0.3252994612253813
Cowra,1100,4,0.0,1.6962275731944185,31,0.0
Cowra,1200,0,7.0,4.2494273029017995,24,1.6472807983372069
Cowra,1200,1,8.0,7.224356177114303,48,1.107365113772051
Cowra,1200,2,6.0,5.517278239951787,59,1.0874927344705443
Cowra,1200,3,3.0,3.925875223097811,55,0.764160812434781
Cowra,1200,4,0.0,3.0830630569343014,61,0.0
Cowra,1375,0,3.0,3.9650246140860514,23,0.7566157318020856
Cowra,1375,1,9.0,6.486936339018701,46,1.3874037804048278
Cowra,1375,2,5.0,5.743853496829554,50,0.8704957399696667
Cowra,1375,3,5.0,3.619434375412292,51,1.3814313180993776
Cowra,1375,4,1.0,3.184751174653401,57,0.31399627322810575
Cowra,1700,0,0.0,0.8861741129179638,9,0.0
Cowra,1700,1,1.0,2.0660588928988752,18,0.4840133083510053
Cowra,1700,2,3.0,2.357679578591455,21,1.2724375386889026
Cowra,1700,3,4.0,2.019509654129911,20,1.9806788206335002
Cowra,1700,4,1.0,1.6705777614617954,24,0.5985953022174653
Cranbourne,955,0,2.0,0.8532211955815692,4,2.3440580360134726
Cranbourne,955,1,0.0,0.6368791217010717,8,0.0
Cranbourne,955,2,1.0,0.6696859169815632,7,1.49323731415354
Cranbourne,955,3,1.0,1.053764855422864,8,0.9489783179367006
Cranbourne,955,4,0.0,0.7864489103129317,9,0.0
Cranbourne,1000,0,60.0,25.776449374471888,164,2.3277061603147695
Cranbourne,1000,1,38.0,43.07454359119702,328,0.8821915876960311
Cranbourne,1000,2,23.0,34.656907639064904,314,0.6636483623851841
Cranbourne,1000,3,29.0,33.48144578382916,338,0.866151365960618
Cranbourne,1000,4,14.0,27.010653611437025,389,0.5183140031114253
Cranbourne,1170,0,1.0,0.18628920283662376,1,5.3679976336417266
Cranbourne,1170,1,0.0,0.1134931143435431,2,0.0
Cranbourne,1170,2,0.0,0.190375546640782,2,0.0
Cranbourne,1170,3,0.0,0.3783103811451436,2,0.0
Cranbourne,1170,4,0.0,0.13153175503390757,2,0.0
Cranbourne,1200,0,49.0,23.644618986729792,167,2.0723531230298344
Cranbourne,1200,1,43.0,42.469256238524636,335,1.012497128711049
Cranbourne,1200,2,33.0,36.84132585227544,348,0.8957332353434239
Cranbourne,1200,3,28.0,35.7506879534809,356,0.7832017117106624
Cranbourne,1200,4,14.0,28.294110968989234,413,0.49480261158741506
Cranbourne,1300,0,23.0,14.425937230662624,108,1.5943504835937474
Cranbourne,1300,1,29.0,27.251452460085858,215,1.0641634622035347
Cranbourne,1300,2,27.0,26.55225377347114,226,1.016862833202363
Cranbourne,1300,3,20.0,20.950475284736854,230,0.9546322805655245
Cranbourne,1300,4,8.0,17.819881251043522,276,0.44893677389300923
Cranbourne,1400,0,37.0,20.458273796646658,161,1.8085592346537427
Cranbourne,1400,1,45.0,40.94237217289487,323,1.0991058312393391
Cranbourne,1400,2,32.0,42.028170758650376,371,0.7613940702716322
Cranbourne,1400,3,30.0,30.738951836934323,359,0.9759604087720897
Cranbourne,1400,4,17.0,26.832231434873773,424,0.6335663897824446
Cranbourne,1500,0,9.0,4.8016962425730085,41,1.8743376393125013
Cranbourne,1500,1,11.0,10.47035374458628,80,1.0505853258002458
Cranbourne,1500,2,6.0,10.506895589698841,92,0.5710535475276364
Cranbourne,1500,3,10.0,7.232155272441192,88,1.3827136757013418
Cranbourne,1500,4,4.0,6.98889915070068,104,0.5723362025618834
Cranbourne,1550,0,1.0,0.16530437052656885,1,6.049446828384209
Cranbourne,1550,1,0.0,0.058451297270560934,2,0.0
Cranbourne,1550,2,0.0,0.10692765226368962,2,0.0
Cranbourne,1550,3,0.0,0.6213210670789023,2,0.0
Cranbourne,1550,4,0.0,0.04799561286027828,2,0.0
Cranbourne,1600,0,29.0,16.698335950774897,132,1.7366999972625556
Cranbourne,1600,1,24.0,32.7368553501825,264,0.7331186744503914
Cranbourne,1600,2,34.0,33.12418513889276,293,1.0264403443416001
Cranbourne,1600,3,27.0,28.895972548067874,286,0.934386269750431
Cranbourne,1600,4,18.0,20.544651012081964,338,0.876140460571197
Cranbourne,2025,0,10.0,7.02118402240553,67,1.4242612026815809
Cranbourne,2025,1,16.0,16.03992397043516,134,0.9975109626137412
Cranbourne,2025,2,17.0,18.528028646748275,167,0.9175288059036735
Cranbourne,2025,3,15.0,13.78670103343172,151,1.0880050248153
Cranbourne,2025,4,9.0,11.624162326979315,183,0.7742493391641033
Cranbourne,2060,0,6.0,3.1679694680306056,23,1.8939576471770574
Cranbourne,2060,1,8.0,5.764996665587512,47,1.3876851044431122
Cranbourne,2060,2,4.0,5.338068570192447,55,0.7493346980096572
Cranbourne,2060,3,5.0,4.328923136077896,51,1.1550216630850403
Cranbourne,2060,4,0.0,4.400042160111538,60,0.0
Cranbourne,2080,0,6.0,2.7857668845365087,22,2.1538054864911174
Cranbourne,2080,1,6.0,6.218277343817278,44,0.9648974576480884
Cranbourne,2080,2,5.0,4.966932638686869,46,1.006657501463896
Cranbourne,2080,3,5.0,3.9422722673604547,45,1.2683040797047096
Cranbourne,2080,4,0.0,4.08675086559889,56,0.0
Cranbourne,2100,0,0.0,0.06222140374083538,1,0.0
Cranbourne,2100,1,0.0,0.05720354860044543,2,0.0
Cranbourne,2100,2,0.0,0.16296081932123552,2,0.0
Cranbourne,2100,3,0.0,0.02912065697417432,2,0.0
Cranbourne,2100,4,1.0,0.6884935713633094,3,1.4524463867104325
Cranbourne,2500,0,0.0,0.020731915759512234,1,0.0
Cranbourne,2500,1,1.0,0.21958554108616707,2,4.554033908851914
Cranbourne,2500,2,0.0,0.32759486553315315,3,0.0
Cranbourne,2500,3,0.0,0.29041958659783385,2,0.0
Cranbourne,2500,4,0.0,0.14166809102333358,3,0.0
Cranbourne,2520,0,2.0,1.7159298513679615,13,1.1655488121531157
Cranbourne,2520,1,5.0,4.479630967494972,26,1.1161633706617624
Cranbourne,2520,2,2.0,2.473898134619081,24,0.808440724382514
Cranbourne,2520,3,1.0,2.1248367510997603,28,0.4706243900772264
Cranbourne,2520,4,3.0,2.2057042954182253,32,1.3601097872601131
Cranbourne,2540,0,2.0,0.7242265035606451,4,2.761566982383329
Cranbourne,2540,1,0.0,0.7548868055452651,8,0.0
Cranbourne,2540,2,1.0,0.8489922842666736,9,1.1778670060161511
Cranbourne,2540,3,1.0,0.8449017819212157,9,1.1835695241713275
Cranbourne,2540,4,0.0,0.8269926247062003,10,0.0
Cranbourne,2550,0,0.0,0.07929876498281987,1,0.0
Cranbourne,2550,1,0.0,0.2039111099558225,2,0.0
Cranbourne,2550,2,1.0,0.4986373321468719,2,2.0054655669171866
Cranbourne,2550,3,0.0,0.12876608980543608,2,0.0
Cranbourne,2550,4,0.0,0.08938670310904961,3,0.0
Cranbourne,2580,0,1.0,0.95854818512698,9,1.0432443726003495
Cranbourne,2580,1,3.0,1.813940426960524,18,1.6538580624871249
Cranbourne,2580,2,3.0,2.817771680747671,21,1.0646710734220937
Cranbourne,2580,3,2.0,1.7627835643484053,21,1.1345692349583933
Cranbourne,2580,4,0.0,1.6469561428164194,23,0.0
Cranbourne,2600,0,1.0,1.489495877968104,14,0.6713680882179749
Cranbourne,2600,1,2.0,3.8591204672707335,28,0.5182528031871599
Cranbourne,2600,2,3.0,3.1518194560995862,27,0.9518311698324673
Cranbourne,2600,3,5.0,2.4450836304839174,29,2.044919829188185
Cranbourne,2600,4,3.0,3.054480568177659,35,0.9821637208154961
Cranbourne,2630,0,0.0,0.03906809415534113,1,0.0
Cranbourne,2630,1,0.0,0.5771423000220849,2,0.0
Cranbourne,2630,2,1.0,0.15121650561302627,2,6.613034707726091
Cranbourne,2630,3,0.0,0.20836316882848605,2,0.0
Cranbourne,2630,4,0.0,0.024209931381061717,2,0.0
Cranbourne,3000,0,1.0,0.34967965848106086,2,2.8597602855819577
Cranbourne,3000,1,1.0,0.3940883681844909,4,2.537501943046068
Cranbourne,3000,2,0.0,0.5951517655939504,5,0.0
Cranbourne,3000,3,0.0,0.23769268526453513,5,0.0
Cranbourne,3000,4,0.0,0.4233875224759628,5,0.0
Crookwell,1400,1,1.0,1.0,4,1.0
Cunnamulla,1000,0,0.0,0.40217394239635085,3,0.0
Cunnamulla,1000,1,1.0,0.5833844562432987,6,1.7141354886955593
Cunnamulla,1000,2,1.0,0.7034554584912199,7,1.4215541125301843
Cunnamulla,1000,3,1.0,0.6569151740661698,6,1.522266556593914
Cunnamulla,1000,4,0.0,0.6540709688029605,9,0.0
Cunnamulla,1200,0,1.0,0.22675022470287798,2,4.410138959334437
Cunnamulla,1200,1,0.0,0.595821932889255,4,0.0
Cunnamulla,1200,2,1.0,0.4240420856006757,5,2.3582564890545066
Cunnamulla,1200,3,0.0,0.32032516165331204,4,0.0
Cunnamulla,1200,4,0.0,0.43306059515387935,5,0.0
Cunnamulla,1400,0,0.0,0.4823470933531173,3,0.0
Cunnamulla,1400,1,1.0,0.8021123515014056,6,1.2467081427286157
Cunnamulla,1400,2,1.0,0.30509153006045187,4,3.277704890076288
Cunnamulla,1400,3,1.0,0.7386408330542888,6,1.353837961902252
Cunnamulla,1400,4,0.0,0.6718081920307364,6,0.0
Dalby,1000,0,18.0,8.739248852956425,77,2.059673583263478
Dalby,1000,1,22.0,22.69223852576643,155,0.969494480459457
Dalby,1000,2,18.0,16.714544974835697,146,1.0769063726891517
Dalby,1000,3,8.0,13.508443139400821,155,0.5922222063226485
Dalby,1000,4,11.0,15.345524507040624,202,0.716821376483621
Dalby,1100,0,5.0,4.533497264297687,38,1.102901294189836
Dalby,1100,1,13.0,10.236423003656915,76,1.269974872604992
Dalby,1100,2,9.0,7.613113032492084,71,1.1821708099681179
Dalby,1100,3,6.0,7.660727813238705,76,0.78321540019099
Dalby,1100,4,5.0,7.956238886314607,98,0.6284376413835959
Dalby,1200,0,10.0,6.159763493009621,57,1.6234389536787337
Dalby,1200,1,18.0,13.866707711150568,114,1.29807308086012
Dalby,1200,2,12.0,11.670220713443534,110,1.028258187625927
Dalby,1200,3,8.0,10.566750237553796,114,0.7570918040220472
Dalby,1200,4,9.0,14.736557844842483,155,0.6107260660704311
Dalby,1400,0,26.0,15.876543591267891,117,1.637636041531106
Dalby,1400,1,29.0,27.007614933124785,234,1.0737712334765095
Dalby,1400,2,22.0,24.423704927173183,217,0.9007642397252912
Dalby,1400,3,25.0,24.882807947185302,234,1.0047097599701547
Dalby,1400,4,15.0,24.809328601248836,304,0.6046112831624528
Dalby,1788,0,3.0,1.8745091094506416,8,1.6004190029672374
Dalby,1788,1,0.0,1.3332464888292854,16,0.0
Dalby,1788,2,2.0,1.7004260483106446,16,1.176175818987823
Dalby,1788,3,3.0,1.3760011287971403,16,2.180230769594289
Dalby,1788,4,0.0,1.7158172246122878,23,0.0
Dalby,2000,0,3.0,1.602639975633729,14,1.8719113747388683
Dalby,2000,1,2.0,2.9211097499186933,28,0.6846712966041992
Dalby,2000,2,5.0,2.6541087060289774,28,1.8838715944988165
Dalby,2000,3,4.0,2.9675604119727335,28,1.3479085324975526
Dalby,2000,4,0.0,3.8545811564458665,37,0.0
Derby,1120,0,1.0,0.5549814266727389,3,1.8018621019360337
Derby,1120,1,1.0,1.1679708844601042,6,0.8561857262925274
Derby,1120,2,0.0,0.2637734745812968,4,0.0
Derby,1120,3,0.0,0.4956447959533649,6,0.0
Derby,1120,4,1.0,0.5176294183324952,7,1.9318840169892697
Derby,1400,0,0.0,0.037050014244061374,1,0.0
Derby,1400,1,1.0,0.3281432296045648,2,3.0474497407887062
Derby,1400,2,0.0,0.26715010270717937,2,0.0
Derby,1400,3,0.0,0.24206009306120096,2,0.0
Derby,1400,4,0.0,0.12559656038299355,3,0.0
Derby,1800,0,0.0,0.18060063178750124,2,0.0
Derby,1800,1,0.0,0.3668015703977112,4,0.0
Derby,1800,2,0.0,0.5973212095050733,4,0.0
Derby,1800,3,1.0,0.2226178583929418,4,4.492002605805795
Derby,1800,4,1.0,0.6326587299167725,6,1.5806309985346316
Devonport Synthetic,1009,0,21.0,14.0991007678499,80,1.4894566927194521
Devonport Synthetic,1009,1,24.0,21.113739478846583,160,1.1367005841880877
Devonport Synthetic,1009,2,17.0,18.77981795070264,171,0.9052270924364286
Devonport Synthetic,1009,3,13.0,14.658268903690267,177,0.8868714365532759
Devonport Synthetic,1009,4,5.0,11.34907289891061,205,0.4405646209638804
Devonport Synthetic,1150,0,29.0,21.533505369345317,148,1.3467384665240727
Devonport Synthetic,1150,1,41.0,35.82461512534511,296,1.1444644933810726
Devonport Synthetic,1150,2,48.0,39.67772454235354,373,1.2097467925299734
Devonport Synthetic,1150,3,20.0,28.8323538832772,341,0.6936651818636294
Devonport Synthetic,1150,4,10.0,22.131801079678834,404,0.4518385089400557
Devonport Synthetic,1350,0,24.0,17.826423027056357,149,1.346316081671213
Devonport Synthetic,1350,1,46.0,40.54442917806106,298,1.134557840190065
Devonport Synthetic,1350,2,32.0,31.66090126169418,271,1.010710331190606
Devonport Synthetic,1350,3,32.0,30.84884911272081,298,1.0373158454979283
Devonport Synthetic,1350,4,15.0,28.1193974204676,378,0.5334395960093289
Devonport Synthetic,1650,0,18.0,10.726711592519347,79,1.6780538793037876
Devonport Synthetic,1650,1,21.0,19.222036464470992,161,1.0924961066854337
Devonport Synthetic,1650,2,16.0,18.757413797459066,183,0.8529960565335188
Devonport Synthetic,1650,3,13.0,15.76488895458635,181,0.8246172895634648
Devonport Synthetic,1650,4,11.0,14.528949190964244,206,0.7571091243708838
Devonport Synthetic,1880,0,5.0,7.596310801991961,64,0.6582142477225739
Devonport Synthetic,1880,1,15.0,14.092965355840922,128,1.0643608084783343
Devonport Synthetic,1880,2,19.0,14.389237927769118,146,1.32043129006386
Devonport Synthetic,1880,3,10.0,14.692372748213938,145,0.680625258518277
Devonport Synthetic,1880,4,15.0,13.229113166184062,168,1.1338628532064141
Donald,1000,0,10.0,4.928694206422316,34,2.028934963538525
Donald,1000,1,11.0,8.537684915143638,68,1.288405476347441
Donald,1000,2,10.0,8.840467548907641,88,1.1311618921372133
Donald,1000,3,1.0,6.034589697248997,82,0.16571134910064764
Donald,1000,4,2.0,5.658563632277408,94,0.35344658644318505
Donald,1002,0,1.0,0.9116775946968707,8,1.0968789907933365
Donald,1002,1,2.0,1.7979266942321315,16,1.112392405327833
Donald,1002,2,3.0,1.919510761287483,22,1.5628982449610207
Donald,1002,3,1.0,1.7743479028751443,21,0.5635873316499008
Donald,1002,4,1.0,1.5965370469083706,22,0.6263556501469599
Donald,1006,0,0.0,0.20400807966486706,3,0.0
Donald,1006,1,0.0,0.554801148648473,6,0.0
Donald,1006,2,0.0,0.773910738019771,9,0.0
Donald,1006,3,2.0,0.6805777899993881,6,2.9386795005487882
Donald,1006,4,1.0,0.7867022436675009,9,1.2711289538696795
Donald,1200,0,9.0,5.160181622814868,51,1.7441246564283759
Donald,1200,1,18.0,13.047223471437466,103,1.379603870463703
Donald,1200,2,12.0,14.301277341681454,126,0.8390858881552965
Donald,1200,3,7.0,10.069606850702202,117,0.6951612018012259
Donald,1200,4,5.0,8.42171071336401,140,0.5937036037186292
Donald,1204,0,2.0,1.9605820286794662,18,1.020105239538018
Donald,1204,1,4.0,4.152884334518897,36,0.9631859878089746
Donald,1204,2,5.0,3.969953738536502,51,1.2594605200218827
Donald,1204,3,1.0,4.137133616509116,47,0.24171324706785585
Donald,1204,4,6.0,3.779446281756018,52,1.5875341393163713
Donald,1206,0,2.0,0.8455846713671269,6,2.3652273601015428
Donald,1206,1,1.0,1.162443302268113,12,0.8602570104269515
Donald,1206,2,1.0,1.734850542282046,17,0.5764185303735655
Donald,1206,3,1.0,1.0657101962887117,12,0.9383414022709509
Donald,1206,4,1.0,1.1914112877940022,18,0.8393407131903071
Donald,1350,0,11.0,8.087570189005001,68,1.3601118435985171
Donald,1350,1,26.0,15.14109535752584,136,1.7171809163117628
Donald,1350,2,15.0,16.561566997524718,194,0.9057113980966832
Donald,1350,3,12.0,15.896871516340765,169,0.7548655084533407
Donald,1350,4,4.0,12.312895939603676,201,0.3248626496658877
Donald,1354,0,2.0,1.857889873817423,17,1.0764900698288333
Donald,1354,1,3.0,2.6921978177803596,34,1.1143311907419249
Donald,1354,2,5.0,6.0934985929005645,47,0.8205466734373941
Donald,1354,3,7.0,2.9072987441458094,43,2.407733300231127
Donald,1354,4,0.0,3.449114971355843,50,0.0
Donald,1356,0,0.0,0.5321373761464595,6,0.0
Donald,1356,1,0.0,1.3901578988020664,12,0.0
Donald,1356,2,3.0,1.3700905183395646,17,2.1896363487251556
Donald,1356,3,1.0,1.1209389602820485,12,0.8921092364818705
Donald,1356,4,2.0,1.5866752464298606,18,1.2604973856497423
Donald,1600,0,0.0,0.4697240528918645,2,0.0
Donald,1600,1,0.0,0.2020052498621631,4,0.0
Donald,1600,2,2.0,0.7193077116386287,7,2.7804512139093753
Donald,1600,3,0.0,0.21216794953625176,6,0.0
Donald,1600,4,0.0,0.39679503607109196,6,0.0
Donald,1620,0,15.0,5.008878637189384,55,2.9946822605422323
Donald,1620,1,10.0,11.737010240121267,110,0.8520057319040628
Donald,1620,2,11.0,15.219702923955765,164,0.7227473528859775
Donald,1620,3,9.0,11.84574607014146,141,0.7597664129138743
Donald,1620,4,10.0,11.188662128592123,166,0.8937619069258915
Donald,1624,0,2.0,2.0619478513146814,18,0.9699566352877528
Donald,1624,1,6.0,3.763255028991002,36,1.5943644408305515
Donald,1624,2,3.0,4.946998416257682,49,0.6064283324087756
Donald,1624,3,3.0,3.2940534943435864,43,0.9107320221579512
Donald,1624,4,4.0,3.933745209093048,51,1.0168426746993682
Donald,1628,0,0.0,0.7916840549505886,6,0.0
Donald,1628,1,0.0,1.3518086918320809,12,0.0
Donald,1628,2,2.0,1.859440973453147,16,1.0755920884575445
Donald,1628,3,1.0,0.7705550799739317,12,1.2977657613182312
Donald,1628,4,3.0,1.2265111997902518,18,2.445962173450219
Donald,2000,0,2.0,1.3219900401553168,14,1.5128707019343548
Donald,2000,1,3.0,2.4702131422315996,28,1.2144700992440631
Donald,2000,2,5.0,4.549437015213144,43,1.099037085969141
Donald,2000,3,2.0,3.181449081884608,35,0.6286443530993907
Donald,2000,4,2.0,2.476910720515331,42,0.8074574442408211
Donald,2008,0,1.0,0.6431855089631808,9,1.5547613963069635
Donald,2008,1,1.0,1.6427544235904616,16,0.6087337131099394
Donald,2008,2,3.0,2.479168705293726,20,1.210083038558107
Donald,2008,3,1.0,1.527068826695082,19,0.6548493312932223
Donald,2008,4,2.0,1.7078225354575496,21,1.1710818650511436
Donald,2200,0,4.0,2.0699277706549957,18,1.932434578977731
Donald,2200,1,4.0,4.462329688519106,36,0.8963927542806597
Donald,2200,2,5.0,4.114236016754698,43,1.2152924576125779
Donald,2200,3,2.0,3.4493305671211334,40,0.5798226528544151
Donald,2200,4,3.0,3.904175956950067,48,0.7684079900803428
Donald,2210,0,2.0,0.8231445903847415,5,2.429706789502426
Donald,2210,1,0.0,1.4854659447347758,10,0.0
Donald,2210,2,3.0,1.2214754265352903,10,2.456046134722077
Donald,2210,3,0.0,0.9553233964588164,10,0.0
Donald,2210,4,0.0,0.514590641886376,12,0.0
Donald,2218,0,0.0,0.23594507535929063,3,0.0
Donald,2218,1,1.0,0.49324085649688476,6,2.027407070659638
Donald,2218,2,1.0,0.4953391798521378,6,2.0188187017600887
Donald,2218,3,0.0,0.7084581321511105,6,0.0
Donald,2218,4,1.0,1.0670167561405761,8,0.9371924051286905
Dongara,1100,0,0.0,0.16857633844592468,1,0.0
Dongara,1100,1,1.0,0.2819822388550013,2,3.5463226480523558
Dongara,1100,2,0.0,0.10275129200513503,2,0.0
Dongara,1100,3,0.0,0.31467583176572606,2,0.0
Dongara,1100,4,0.0,0.132014298928213,3,0.0
Dongara,1200,0,3.0,0.7826625165327267,5,3.8330697288153015
Dongara,1200,1,1.0,1.1638152854670811,10,0.859242881999667
Dongara,1200,2,0.0,0.9286857656238678,9,0.0
Dongara,1200,3,1.0,0.8677912842143943,10,1.1523508223585044
Dongara,1200,4,0.0,1.2570451481619302,11,0.0
Dongara,1850,0,0.0,0.2480295681178465,3,0.0
Dongara,1850,1,1.0,0.4689776376166243,6,2.1322978321142707
Dongara,1850,2,0.0,0.8025517131810237,7,0.0
Dongara,1850,3,2.0,0.8939101625920156,7,2.2373612961292717
Dongara,1850,4,0.0,0.5865309184924896,9,0.0
Doomben,1050,0,24.0,14.430934770299123,87,1.6630939285648598
Doomben,1050,1,25.0,21.924079805927523,174,1.1402987136199374
Doomben,1050,2,19.0,20.53177601936215,184,0.9253948602440609
Doomben,1050,3,8.0,15.85866060555036,186,0.5044562210506028
Doomben,1050,4,11.0,14.254548798860839,215,0.7716834924216662
Doomben,1110,0,42.0,30.426201550934792,220,1.3803891994105857
Doomben,1110,1,69.0,54.39313654136646,441,1.2685424005200525
Doomben,1110,2,45.0,52.19663767904108,517,0.8621244969207892
Doomben,1110,3,36.0,42.95463698060319,490,0.8380934523147371
Doomben,1110,4,28.0,40.029387248054476,589,0.6994861007111935
Doomben,1200,0,123.0,74.57237215782148,500,1.6494044166878392
Doomben,1200,1,138.0,123.14920394346248,998,1.1205918965043045
Doomben,1200,2,115.0,125.54250030478836,1220,0.9160244516463063
Doomben,1200,3,81.0,95.00322231886959,1125,0.8526026593932882
Doomben,1200,4,42.0,80.7327012750581,1342,0.5202352867756161
Doomben,1350,0,93.0,60.71488336805394,503,1.5317496277845666
Doomben,1350,1,115.0,113.98031167054639,1008,1.0089461795156427
Doomben,1350,2,140.0,137.47568544667314,1313,1.0183618982885962
Doomben,1350,3,86.0,100.86631017486913,1189,0.8526137205862312
Doomben,1350,4,69.0,89.96280933985742,1388,0.7669836069629055
Doomben,1600,0,13.0,11.077781096726243,98,1.1735202100935016
Doomben,1600,1,26.0,20.44793920579888,197,1.2715217772471956
Doomben,1600,2,32.0,29.27287006409591,269,1.0931623694544732
Doomben,1600,3,12.0,18.521632219312274,232,0.6478910636983576
Doomben,1600,4,15.0,18.6797774140667,276,0.8030074270962317
Doomben,1615,0,5.0,6.61807100867756,64,0.755507155097617
Doomben,1615,1,17.0,13.210127237224654,128,1.2868914655186598
Doomben,1615,2,15.0,16.90521844005912,158,0.8872999809606449
Doomben,1615,3,19.0,13.60515759346744,148,1.3965292110341236
Doomben,1615,4,8.0,13.661425720571225,175,0.5855904181328372
Doomben,1630,0,7.0,4.739297234817516,40,1.4770122347621717
Doomben,1630,1,7.0,8.910448348538424,80,0.7855945880824512
Doomben,1630,2,11.0,9.772808535635333,98,1.1255720359085994
Doomben,1630,3,12.0,9.06082945519787,91,1.3243820622974019
Doomben,1630,4,3.0,7.516616425810857,113,0.3991157497006872
Doomben,1640,0,7.0,7.942051641597552,67,0.8813843470038105
Doomben,1640,1,23.0,15.932177973243105,134,1.4436193242773694
Doomben,1640,2,20.0,16.5936224358469,145,1.2052823352660096
Doomben,1640,3,8.0,13.660104511718902,146,0.5856470565900034
Doomben,1640,4,9.0,12.872043437593542,168,0.6991896852767746
Doomben,1650,0,11.0,8.24716745956372,73,1.3337912748751082
Doomben,1650,1,22.0,17.87930737531094,146,1.2304727212408246
Doomben,1650,2,17.0,16.64273806294688,162,1.021466536077289
Doomben,1650,3,18.0,16.816729107219295,155,1.070362725428736
Doomben,1650,4,5.0,13.414057994959164,194,0.37274328185243705
Doomben,1660,0,8.0,5.07910401764779,42,1.5750809536885446
Doomben,1660,1,10.0,9.912322928021123,84,1.0088452598463094
Doomben,1660,2,15.0,10.884839634303765,78,1.37806348131462
Doomben,1660,3,6.0,8.72230627786678,84,0.6878914599943885
Doomben,1660,4,3.0,7.401427142160542,91,0.40532723519105984
Doomben,2000,0,8.0,4.93047698533929,54,1.622561067375002
Doomben,2000,1,7.0,10.665787783524898,108,0.6563040763676806
Doomben,2000,2,19.0,15.867398312671735,163,1.197423775820045
Doomben,2000,3,13.0,12.577410892058941,142,1.0335990540157889
Doomben,2000,4,7.0,9.958926026405138,160,0.7028870363571504
Doomben,2020,0,4.0,1.7023945783362993,21,2.3496315430639374
Doomben,2020,1,4.0,4.204085509024093,42,0.951455433390681
Doomben,2020,2,7.0,5.184467656830188,58,1.3501868394873617
Doomben,2020,3,4.0,4.562830682748285,51,0.8766487906561369
Doomben,2020,4,2.0,5.346221573061134,62,0.3740959802485032
Doomben,2030,0,0.0,1.6287842206124572,15,0.0
Doomben,2030,1,3.0,2.8754453627192844,30,1.0433166419698288
Doomben,2030,2,7.0,4.487493058047051,41,1.5598909924657103
Doomben,2030,3,3.0,3.6523151478352807,37,0.8213968068385592
Doomben,2030,4,2.0,2.3559622107859264,41,0.848910050782529
Doomben,2040,0,1.0,1.838896195736207,23,0.5438044857119557
Doomben,2040,1,5.0,4.187127254842891,46,1.1941361453050965
Doomben,2040,2,3.0,4.795612525257016,58,0.625571808439469
Doomben,2040,3,8.0,5.533320033302887,55,1.4457866076516688
Doomben,2040,4,6.0,6.645043990860999,65,0.9029285597284029
Doomben,2050,0,1.0,0.6785322204120403,10,1.4737693655766968
Doomben,2050,1,2.0,2.4268240236370877,20,0.8241223840377988
Doomben,2050,2,2.0,2.2727449415854792,27,0.8799931586712889
Doomben,2050,3,5.0,2.299796340595925,25,2.1741055552355544
Doomben,2050,4,0.0,2.322102473769468,29,0.0
Doomben,2060,0,2.0,1.4130548034614416,18,1.4153732715113159
Doomben,2060,1,5.0,3.0363841777696488,36,1.6466954467114596
Doomben,2060,2,6.0,5.768202151757299,45,1.0401854585093007
Doomben,2060,3,5.0,4.153359785290846,44,1.2038446603416195
Doomben,2060,4,0.0,3.6289990817207647,50,0.0
Doomben,2070,0,2.0,1.4389499289577368,10,1.3899024279799952
Doomben,2070,1,3.0,2.2510685155851413,20,1.3327004394711557
Doomben,2070,2,1.0,2.533671082344637,20,0.39468422202403985
Doomben,2070,3,2.0,2.384816306627112,22,0.8386390156936806
Doomben,2070,4,2.0,1.391494166485373,26,1.437303905521636
Doomben,2200,0,5.0,4.2559495882223235,35,1.1748259457388124
Doomben,2200,1,10.0,8.086268681593683,70,1.2366643248897276
Doomben,2200,2,11.0,8.328118125269384,80,1.3208266062681706
Doomben,2200,3,4.0,7.384692565571354,77,0.5416610054491172
Doomben,2200,4,5.0,6.9449710393432555,92,0.7199454067806769
Doomben,2220,0,0.0,0.22096355344286825,2,0.0
Doomben,2220,1,0.0,0.5464588131363576,4,0.0
Doomben,2220,2,0.0,0.39752031962735107,4,0.0
Doomben,2220,3,2.0,0.3842169013410869,5,5.205393081405622
Doomben,2220,4,0.0,0.4508404124523361,5,0.0
Doomben,2240,0,0.0,0.40611428584994935,4,0.0
Doomben,2240,1,0.0,0.6458960376191915,8,0.0
Doomben,2240,2,0.0,0.926556225963859,10,0.0
Doomben,2240,3,1.0,0.8597012990275241,10,1.163194706267373
Doomben,2240,4,3.0,1.1617321515394763,11,2.5823508422526933
Dubbo,1000,0,37.0,22.69988782842756,151,1.6299640015693866
Dubbo,1000,1,38.0,33.48545139704136,302,1.134821195910697
Dubbo,1000,2,39.0,37.46422624729397,408,1.0409930727667693
Dubbo,1000,3,19.0,31.372918549383407,365,0.6056178665715313
Dubbo,1000,4,18.0,25.977515977853706,434,0.6929068974626104
Dubbo,1010,0,6.0,1.6494720229972746,10,3.637527594494953
Dubbo,1010,1,2.0,1.7761449073263451,20,1.1260342507811634
Dubbo,1010,2,0.0,2.957598117136294,25,0.0
Dubbo,1010,3,2.0,1.9963581802721504,24,1.0018242316252854
Dubbo,1010,4,0.0,1.6204267722679364,30,0.0
Dubbo,1012,0,1.0,0.5054752510873833,2,1.9783362248671723
Dubbo,1012,1,0.0,0.3363498092454787,4,0.0
Dubbo,1012,2,0.0,0.6059401987923901,3,0.0
Dubbo,1012,3,0.0,0.3066958213127776,4,0.0
Dubbo,1012,4,1.0,0.2455389195619703,4,4.07267410715968
Dubbo,1015,0,1.0,0.47443463188690077,1,2.1077719306089513
Dubbo,1015,1,0.0,0.3121700140902885,2,0.0
Dubbo,1015,2,0.0,0.02754781733536843,1,0.0
Dubbo,1015,3,0.0,0.10622707123711583,2,0.0
Dubbo,1015,4,0.0,0.07962046545032642,2,0.0
Dubbo,1018,0,1.0,0.6804007634415693,6,1.4697220428469977
Dubbo,1018,1,3.0,1.4614598303245638,12,2.052742017092426
Dubbo,1018,2,1.0,0.8244878831463234,13,1.2128741009314847
Dubbo,1018,3,1.0,1.1052720422339788,12,0.9047546321526394
Dubbo,1018,4,0.0,1.9283794808535646,17,0.0
Dubbo,1020,0,1.0,0.39856551093657566,3,2.508997824849756
Dubbo,1020,1,0.0,0.533085322458377,6,0.0
Dubbo,1020,2,1.0,0.8566418727655138,8,1.1673489608576806
Dubbo,1020,3,0.0,0.46887538428950803,6,0.0
Dubbo,1020,4,1.0,0.7428319095500255,9,1.3461995737444228
Dubbo,1100,0,14.0,10.053910945030466,104,1.392492938971181
Dubbo,1100,1,26.0,24.701463959376,208,1.0525691935813832
Dubbo,1100,2,30.0,27.836604790812782,305,1.077717639253952
Dubbo,1100,3,16.0,20.834771967456636,267,0.7679469698536455
Dubbo,1100,4,18.0,20.57324833732412,316,0.8749226036096732
Dubbo,1110,0,2.0,1.6122933985313534,10,1.2404690125394116
Dubbo,1110,1,1.0,1.7233532046469708,20,0.5802641021605609
Dubbo,1110,2,4.0,2.2691093849883144,29,1.7628061593075643
Dubbo,1110,3,3.0,2.3383165228462106,28,1.282974298256416
Dubbo,1110,4,0.0,2.056927488987151,30,0.0
Dubbo,1112,0,0.0,0.23613923440258025,1,0.0
Dubbo,1112,1,0.0,0.04087025210813889,2,0.0
Dubbo,1112,2,1.0,0.336146393058414,3,2.9748943336905733
Dubbo,1112,3,0.0,0.2658938406018125,3,0.0
Dubbo,1112,4,0.0,0.12095027982905447,3,0.0
Dubbo,1115,0,0.0,0.07642839313779425,1,0.0
Dubbo,1115,1,0.0,0.10265107747444893,2,0.0
Dubbo,1115,2,0.0,0.05852017160844834,2,0.0
Dubbo,1115,3,1.0,0.6338704034047221,2,1.5776095470441243
Dubbo,1115,4,0.0,0.1285299543745863,2,0.0
Dubbo,1118,0,0.0,1.298222876335411,7,0.0
Dubbo,1118,1,1.0,1.3842612835229093,14,0.722406970348131
Dubbo,1118,2,4.0,1.0146355086277041,16,3.9423023992231507
Dubbo,1118,3,1.0,1.28834141408615,14,0.7761917680099749
Dubbo,1118,4,1.0,2.0145389174278256,19,0.49639150246687985
Dubbo,1120,0,0.0,0.3501744494790036,4,0.0
Dubbo,1120,1,0.0,0.7288916650638844,8,0.0
Dubbo,1120,2,1.0,1.2466850901948674,10,0.8021271834122052
Dubbo,1120,3,3.0,1.0740338889815697,8,2.79320795253927
Dubbo,1120,4,0.0,0.600214906280675,11,0.0
Dubbo,1200,0,14.0,9.159537104953847,57,1.5284615193521336
Dubbo,1200,1,16.0,13.704000752522667,114,1.1675422592964086
Dubbo,1200,2,16.0,13.965228952422368,149,1.1457026629860363
Dubbo,1200,3,6.0,9.641732114563636,138,0.6222948251110528
Dubbo,1200,4,5.0,10.529501075537482,159,0.47485630744805
Dubbo,1210,0,0.0,0.0693912921584442,2,0.0
Dubbo,1210,1,0.0,0.1872508474453766,4,0.0
Dubbo,1210,2,2.0,0.9679338063221763,6,2.066256997055748
Dubbo,1210,3,0.0,0.3145874154548254,6,0.0
Dubbo,1210,4,0.0,0.4608366386191778,6,0.0
Dubbo,1212,0,0.0,0.06794744235740124,3,0.0
Dubbo,1212,1,1.0,0.610928187041417,6,1.6368535962348818
Dubbo,1212,2,1.0,1.0047531580969127,8,0.9952693275372076
Dubbo,1212,3,1.0,0.2957531553190903,7,3.3811980768931864
Dubbo,1212,4,0.0,1.0206180571851786,9,0.0
Dubbo,1218,0,0.0,0.0773951434216425,2,0.0
Dubbo,1218,1,1.0,0.5564886651067744,4,1.7969817944236623
Dubbo,1218,2,0.0,0.3197259714557789,4,0.0
Dubbo,1218,3,0.0,0.5108565439976062,4,0.0
Dubbo,1218,4,1.0,0.5355336760181979,5,1.8672962033596168
Dubbo,1220,0,0.0,0.08677165356201522,1,0.0
Dubbo,1220,1,0.0,0.4483202100704119,2,0.0
Dubbo,1220,2,1.0,0.1990864778695587,2,5.022942847254544
Dubbo,1220,3,0.0,0.0761973301888664,2,0.0
Dubbo,1220,4,0.0,0.18962432830914772,3,0.0
Dubbo,1300,0,24.0,14.479112889023106,127,1.6575601132438758
Dubbo,1300,1,28.0,27.81285232940003,254,1.00672881976949
Dubbo,1300,2,43.0,35.16894275050969,406,1.2226696806055342
Dubbo,1300,3,20.0,26.522147017954637,336,0.7540867632797844
Dubbo,1300,4,12.0,23.016945013112537,393,0.5213550274879535
Dubbo,1310,0,2.0,0.9286520621683659,11,2.153659138310724
Dubbo,1310,1,2.0,1.6848400273378723,22,1.1870563184328518
Dubbo,1310,2,4.0,3.634198009553193,38,1.1006554924869878
Dubbo,1310,3,1.0,2.6896124025918833,33,0.3718007840223877
Dubbo,1310,4,2.0,2.0626974983486854,37,0.9696041235329569
Dubbo,1312,0,1.0,0.6030749662428707,3,1.6581686456494025
Dubbo,1312,1,0.0,0.7857465265101455,6,0.0
Dubbo,1312,2,0.0,0.6851321266082324,7,0.0
Dubbo,1312,3,2.0,0.6120093835716155,7,3.2679237503324425
Dubbo,1312,4,0.0,0.3140369970671357,8,0.0
Dubbo,1315,0,0.0,0.2182915896949511,2,0.0
Dubbo,1315,1,1.0,0.3169095695945687,4,3.1554742928063932
Dubbo,1315,2,0.0,0.2401657074985861,5,0.0
Dubbo,1315,3,1.0,0.5980430886689898,5,1.67212031866401
Dubbo,1315,4,0.0,0.6265900445429042,6,0.0
Dubbo,1318,0,0.0,0.28111915954221595,3,0.0
Dubbo,1318,1,2.0,0.7489056828613816,6,2.6705632575232965
Dubbo,1318,2,0.0,0.6596559890858886,9,0.0
Dubbo,1318,3,1.0,0.6808444646463592,8,1.4687642360717656
Dubbo,1318,4,0.0,0.6294747038641546,9,0.0
Dubbo,1320,0,1.0,0.3704898208249205,5,2.699129486940917
Dubbo,1320,1,1.0,0.9236054107452372,10,1.0827134492349084
Dubbo,1320,2,1.0,1.0803577933840862,12,0.9256192773577581
Dubbo,1320,3,2.0,1.5675758531706947,13,1.2758553252492708
Dubbo,1320,4,0.0,1.0579711218750614,14,0.0
Dubbo,1400,0,17.0,9.072596679036986,88,1.8737744662760067
Dubbo,1400,1,22.0,20.956046536097578,176,1.0498163364022013
Dubbo,1400,2,26.0,24.0432741403478,263,1.0813835024394016
Dubbo,1400,3,14.0,16.614179358128688,226,0.8426537175397911
Dubbo,1400,4,9.0,17.313903286388946,267,0.5198134615361523
Dubbo,1410,0,0.0,0.19283881981831516,8,0.0
Dubbo,1410,1,3.0,1.071548473812664,16,2.7996866901650614
Dubbo,1410,2,3.0,2.805475749009014,27,1.069337348953987
Dubbo,1410,3,1.0,2.324209216338008,22,0.43025386568924556
Dubbo,1410,4,1.0,1.6059277410219994,28,0.6226930231391408
Dubbo,1412,0,0.0,0.1874442246211885,1,0.0
Dubbo,1412,1,0.0,0.03988721733370912,2,0.0
Dubbo,1412,2,1.0,0.22767615575939484,3,4.392203464014856
Dubbo,1412,3,0.0,0.09368191575742914,3,0.0
Dubbo,1412,4,0.0,0.45131048652827843,3,0.0
Dubbo,1415,0,0.0,0.07054772606285124,1,0.0
Dubbo,1415,1,0.0,0.1494773601727739,2,0.0
Dubbo,1415,2,0.0,0.3356586545306186,2,0.0
Dubbo,1415,3,0.0,0.16230421945692872,2,0.0
Dubbo,1415,4,1.0,0.2820120397768275,3,3.5459478992150766
Dubbo,1418,0,0.0,0.7547871505003281,5,0.0
Dubbo,1418,1,2.0,0.9775571267810705,10,2.0459162387631094
Dubbo,1418,2,0.0,1.0551640082648852,12,0.0
Dubbo,1418,3,3.0,1.2296778382406797,12,2.4396633871942828
Dubbo,1418,4,0.0,0.9828138762130364,14,0.0
Dubbo,1420,0,1.0,0.747289336468359,5,1.3381697706619704
Dubbo,1420,1,1.0,1.2009320981125067,10,0.8326865453689599
Dubbo,1420,2,2.0,1.4518495490739003,11,1.3775532053412503
Dubbo,1420,3,1.0,0.9036116862233909,10,1.106670061096111
Dubbo,1420,4,0.0,0.696317330121843,12,0.0
Dubbo,1600,0,23.0,10.345584379163034,101,2.223170693607616
Dubbo,1600,1,18.0,18.646890624607657,202,0.9653083917511707
Dubbo,1600,2,23.0,29.977707782408665,305,0.767236780308357
Dubbo,1600,3,21.0,21.493022199239228,258,0.9770612901866971
Dubbo,1600,4,16.0,20.53679501458142,306,0.7790894338011248
Dubbo,1610,0,1.0,0.6517989187595179,6,1.5342154937954897
Dubbo,1610,1,1.0,1.2152835806433875,12,0.8228532137911273
Dubbo,1610,2,2.0,1.479808700569931,17,1.3515260447041049
Dubbo,1610,3,1.0,1.3512976724405974,14,0.740029395739198
Dubbo,1610,4,1.0,1.301811127586566,16,0.7681605870537493
Dubbo,1612,0,0.0,0.0847369305762984,2,0.0
Dubbo,1612,1,0.0,0.1686501863365239,4,0.0
Dubbo,1612,2,1.0,0.7281102643044646,6,1.373418352995286
Dubbo,1612,3,1.0,0.637376916436568,5,1.5689303679066018
Dubbo,1612,4,0.0,0.38112570234614496,6,0.0
Dubbo,1615,0,0.0,0.05990825629977322,2,0.0
Dubbo,1615,1,0.0,0.5483227156157563,4,0.0
Dubbo,1615,2,0.0,0.37351907620172065,4,0.0
Dubbo,1615,3,1.0,0.4983593473326867,4,2.006584215490667
Dubbo,1615,4,1.0,0.5198906045500633,5,1.9234815771780391
Dubbo,1618,0,0.0,0.3546527502788028,5,0.0
Dubbo,1618,1,2.0,1.3666024723663364,10,1.4634833760668573
Dubbo,1618,2,0.0,1.1023354118524715,12,0.0
Dubbo,1618,3,1.0,1.064221492313726,12,0.939654016783572
Dubbo,1618,4,2.0,1.1121878731886632,13,1.798257334227142
Dubbo,1620,0,0.0,0.43550806892425775,4,0.0
Dubbo,1620,1,0.0,0.48509746271399073,8,0.0
Dubbo,1620,2,1.0,1.0054263717078329,10,0.9946029148821554
Dubbo,1620,3,1.0,0.9830125960803501,10,1.0172809626116546
Dubbo,1620,4,2.0,1.0909555005735685,12,1.8332553426317595
Dubbo,2200,0,5.0,2.8025661517968814,28,1.7840792078339422
Dubbo,2200,1,3.0,6.243989026957978,56,0.48046208714456634
Dubbo,2200,2,8.0,5.606714786320568,58,1.4268605243695722
Dubbo,2200,3,8.0,6.216912612977528,62,1.286812361380206
Dubbo,2200,4,4.0,7.1298174219470445,69,0.5610241838293331
Dubbo,2210,0,1.0,0.10951285893329202,2,9.131347768111267
Dubbo,2210,1,0.0,0.47643787155640466,4,0.0
Dubbo,2210,2,0.0,0.31347011540131264,4,0.0
Dubbo,2210,3,1.0,0.5212349570776195,4,1.9185205950242616
Dubbo,2210,4,0.0,0.5793441970313711,5,0.0
Dubbo,2212,0,0.0,0.07357014241903154,1,0.0
Dubbo,2212,1,0.0,0.10703269106768781,2,0.0
Dubbo,2212,2,0.0,0.3448768625688518,3,0.0
Dubbo,2212,3,0.0,0.26888700438955715,3,0.0
Dubbo,2212,4,1.0,0.20563329955487164,3,4.863025600253804
Dubbo,2220,0,0.0,0.21764509487631423,1,0.0
Dubbo,2220,1,0.0,0.20418291164599678,2,0.0
Dubbo,2220,2,0.0,0.03938339812047591,1,0.0
Dubbo,2220,3,0.0,0.23886887120897346,2,0.0
Dubbo,2220,4,1.0,0.29991972414823964,2,3.334225525980197
Dunkeld,1000,0,0.0,0.8535103764508647,5,0.0
Dunkeld,1000,1,2.0,1.8371953437147133,10,1.0886158659405831
Dunkeld,1000,2,1.0,0.7251666682255707,7,1.378993331901101
Dunkeld,1000,3,0.0,0.5918751786480251,10,0.0
Dunkeld,1000,4,2.0,0.9922524329608263,10,2.015616121022864
Dunkeld,1200,0,0.0,1.4344146261738588,6,0.0
Dunkeld,1200,1,5.0,1.6415484471585369,12,3.045904620515359
Dunkeld,1200,2,0.0,0.8853122855851374,11,0.0
Dunkeld,1200,3,1.0,0.9692467327233372,12,1.031729038890081
Dunkeld,1200,4,0.0,1.0694779083591293,15,0.0
Dunkeld,1800,0,2.0,0.8856250573986051,7,2.258292020185957
Dunkeld,1800,1,3.0,1.7975974004780495,14,1.6688942692074353
Dunkeld,1800,2,2.0,1.4157105620117298,12,1.4127181456907354
Dunkeld,1800,3,0.0,1.6155726445273648,14,0.0
Dunkeld,1800,4,0.0,1.2854943355842505,17,0.0
Eagle Farm,1000,0,68.0,35.96271526672623,250,1.890847214835183
Eagle Farm,1000,1,52.0,60.093588745440165,499,0.8653169345614378
Eagle Farm,1000,2,55.0,59.0770105235876,512,0.9309882052687859
Eagle Farm,1000,3,33.0,47.893051400382646,532,0.6890352365340485
Eagle Farm,1000,4,41.0,45.97363406386336,621,0.8918155119746607
Eagle Farm,1200,0,77.0,52.93013301048898,388,1.4547479029523915
Eagle Farm,1200,1,90.0,82.88565123281231,773,1.0858332975777032
Eagle Farm,1200,2,97.0,96.07695544749666,996,1.0096073459884745
Eagle Farm,1200,3,62.0,78.96152080516654,904,0.7851925769386051
Eagle Farm,1200,4,61.0,76.1457395040355,1074,0.8010953783798656
Eagle Farm,1300,0,8.0,6.534972250055663,65,1.224182704055378
Eagle Farm,1300,1,20.0,14.062913806775052,130,1.422180372773433
Eagle Farm,1300,2,12.0,16.113024227848562,194,0.744739152024614
Eagle Farm,1300,3,13.0,14.402228926400909,163,0.9026380615412615
Eagle Farm,1300,4,12.0,13.886860788919812,199,0.8641261824684439
Eagle Farm,1400,0,48.0,36.422154148303925,325,1.3178792172630245
Eagle Farm,1400,1,67.0,70.09004426777553,647,0.955913221341819
Eagle Farm,1400,2,97.0,87.16840702259324,949,1.1127884896974027
Eagle Farm,1400,3,67.0,64.34225566761242,812,1.0413063593250025
Eagle Farm,1400,4,45.0,65.97713889371488,964,0.6820544321040086
Eagle Farm,1500,0,3.0,3.1890087828150535,42,0.9407311814775848
Eagle Farm,1500,1,14.0,9.436968078632805,84,1.4835273239610525
Eagle Farm,1500,2,12.0,11.726094929557297,125,1.023358592275446
Eagle Farm,1500,3,7.0,8.416205924890155,102,0.8317286984742309
Eagle Farm,1500,4,6.0,9.23172228410469,128,0.6499328960892687
Eagle Farm,1600,0,27.0,19.87017291418591,203,1.3588205858401912
Eagle Farm,1600,1,37.0,42.82783314335383,406,0.8639241653004756
Eagle Farm,1600,2,57.0,54.54810202946371,533,1.0449492810806125
Eagle Farm,1600,3,54.0,43.27300948617801,478,1.2478910212438157
Eagle Farm,1600,4,28.0,42.48088242681853,560,0.6591200182396251
Eagle Farm,1800,0,13.0,6.388592751923694,65,2.034876929052258
Eagle Farm,1800,1,7.0,12.202912950297849,130,0.5736335273807837
Eagle Farm,1800,2,17.0,16.610260511526988,166,1.0234637794032517
Eagle Farm,1800,3,12.0,14.715796598327026,145,0.815450248976955
Eagle Farm,1800,4,16.0,15.082437187924441,177,1.0608365080950042
Eagle Farm,1805,0,0.0,1.0990573357873656,15,0.0
Eagle Farm,1805,1,2.0,2.577461542424351,30,0.7759572614685095
Eagle Farm,1805,2,5.0,4.387240294500648,34,1.1396685990205366
Eagle Farm,1805,3,3.0,2.941727954884333,33,1.019808781100548
Eagle Farm,1805,4,5.0,3.9945128724033014,40,1.2517170828371236
Eagle Farm,1810,0,1.0,0.845533844473336,10,1.1826847695527523
Eagle Farm,1810,1,0.0,1.5415078072934334,20,0.0
Eagle Farm,1810,2,5.0,2.8887637528636283,29,1.7308442045644976
Eagle Farm,1810,3,2.0,2.7427987739420643,24,0.7291821839068117
Eagle Farm,1810,4,2.0,1.9813958214275376,29,1.0093894306080946
Eagle Farm,1815,0,0.0,1.5655247360886855,15,0.0
Eagle Farm,1815,1,4.0,4.109010777740689,30,0.9734703110706786
Eagle Farm,1815,2,4.0,3.5837488107118824,31,1.1161496553675683
Eagle Farm,1815,3,1.0,2.8463719960317877,33,0.3513244232988976
Eagle Farm,1815,4,6.0,2.8953436794269547,37,2.0722928482146608
Eagle Farm,1820,0,1.0,1.9500978992306757,16,0.5127947680957482
Eagle Farm,1820,1,5.0,2.326486272885349,32,2.149163766093884
Eagle Farm,1820,2,3.0,4.603210704262947,40,0.6517190267266619
Eagle Farm,1820,3,5.0,3.4782777347844513,36,1.4374930299549096
Eagle Farm,1820,4,2.0,3.641927388836576,46,0.5491597680202256
Eagle Farm,1825,0,1.0,1.1786903105635984,7,0.8483992708159648
Eagle Farm,1825,1,2.0,1.662298045632733,14,1.2031536734669774
Eagle Farm,1825,2,2.0,1.7863708275503478,17,1.1195883683023429
Eagle Farm,1825,3,1.0,1.2332532969022214,16,0.8108634313095902
Eagle Farm,1825,4,1.0,1.139387519351099,18,0.8776645197671793
Eagle Farm,1830,0,1.0,0.8605055077176826,9,1.162107611202046
Eagle Farm,1830,1,1.0,2.7339698905702834,18,0.3657684758888871
Eagle Farm,1830,2,1.0,1.3767619938048155,18,0.7263419563438143
Eagle Farm,1830,3,5.0,1.9012484045683633,20,2.6298509905312137
Eagle Farm,1830,4,1.0,2.127514203338855,22,0.4700321146766639
Eagle Farm,1835,0,0.0,0.7972673465313579,7,0.0
Eagle Farm,1835,1,1.0,1.5522128418975043,14,0.6442415453653565
Eagle Farm,1835,2,2.0,1.2133771107999005,14,1.6482921774266288
Eagle Farm,1835,3,4.0,2.000235193737372,16,1.999764833917423
Eagle Farm,1835,4,0.0,1.4369075070338653,17,0.0
Eagle Farm,1838,0,0.0,0.013698205105815604,2,0.0
Eagle Farm,1838,1,0.0,0.15636537939429307,4,0.0
Eagle Farm,1838,2,0.0,0.6981014504267489,5,0.0
Eagle Farm,1838,3,2.0,0.2930512773246031,4,6.8247441821748716
Eagle Farm,1838,4,0.0,0.8387836877485394,6,0.0
Eagle Farm,1840,0,2.0,1.0907554442868033,10,1.8335915813903745
Eagle Farm,1840,1,4.0,2.8380076383830373,20,1.4094394764487002
Eagle Farm,1840,2,2.0,1.926080162173833,24,1.0383783807537579
Eagle Farm,1840,3,1.0,1.6650845613593765,22,0.6005700990846969
Eagle Farm,1840,4,1.0,2.48007219379695,25,0.4032140687279818
Eagle Farm,1845,0,3.0,1.4675182256408492,10,2.0442676265161426
Eagle Farm,1845,1,2.0,3.065737141799185,20,0.6523716507626817
Eagle Farm,1845,2,1.0,1.6453094090896745,21,0.6077884162549616
Eagle Farm,1845,3,3.0,1.893021865805109,21,1.5847677484296196
Eagle Farm,1845,4,1.0,1.9284133576651823,26,0.5185610211758466
Eagle Farm,1846,0,0.0,0.11534301162200991,2,0.0
Eagle Farm,1846,1,0.0,0.36341219960744703,4,0.0
Eagle Farm,1846,2,0.0,0.3280339408983476,4,0.0
Eagle Farm,1846,3,2.0,0.530360425549416,4,3.7710204299805006
Eagle Farm,1846,4,0.0,0.6628504223227795,5,0.0
Eagle Farm,1849,0,1.0,0.40113518124709874,3,2.4929251951700575
Eagle Farm,1849,1,0.0,0.39142996428417265,6,0.0
Eagle Farm,1849,2,1.0,0.9081821349430723,9,1.1011007170524039
Eagle Farm,1849,3,0.0,0.9668918023139511,6,0.0
Eagle Farm,1849,4,1.0,0.3323609172117051,9,3.0087773508069438
Eagle Farm,2100,0,1.0,0.5667040396883086,9,1.7645895034558203
Eagle Farm,2100,1,0.0,2.3017656338773382,18,0.0
Eagle Farm,2100,2,3.0,1.9968063166719097,23,1.5023990934684741
Eagle Farm,2100,3,2.0,2.043115288598867,20,0.9788972806187386
Eagle Farm,2100,4,3.0,2.0916087211635768,24,1.4343026827365104
Eagle Farm,2112,0,0.0,0.13210992926064594,1,0.0
Eagle Farm,2112,1,0.0,0.22899054405178626,2,0.0
Eagle Farm,2112,2,0.0,0.09541272668824428,1,0.0
Eagle Farm,2112,3,1.0,0.47489516238012497,2,2.1057279147424968
Eagle Farm,2112,4,0.0,0.06859163761919865,2,0.0
Eagle Farm,2118,0,0.0,0.013789046084559853,1,0.0
Eagle Farm,2118,1,0.0,0.24032337461661457,2,0.0
Eagle Farm,2118,2,0.0,0.34467431359488143,2,0.0
Eagle Farm,2118,3,1.0,0.2015506640653931,2,4.961531655760509
Eagle Farm,2118,4,0.0,0.19966260163855098,2,0.0
Eagle Farm,2137,0,0.0,0.09766266422690897,2,0.0
Eagle Farm,2137,1,0.0,0.18882457254774335,4,0.0
Eagle Farm,2137,2,1.0,0.30764206933423727,5,3.2505307293117687
Eagle Farm,2137,3,0.0,0.40245713484139867,5,0.0
Eagle Farm,2137,4,1.0,1.0034135590497117,6,0.9965980536948847
Eagle Farm,2143,0,0.0,0.33602229623675006,3,0.0
Eagle Farm,2143,1,1.0,0.7132140279103163,6,1.4021036615473663
Eagle Farm,2143,2,1.0,0.7197276781696899,12,1.3894143998228041
Eagle Farm,2143,3,1.0,0.8138511410127184,9,1.2287259298495874
Eagle Farm,2143,4,0.0,0.4171848566705255,10,0.0
Eagle Farm,2156,0,0.0,0.1237149191549463,1,0.0
Eagle Farm,2156,1,1.0,0.71473122364356,2,1.3991273459443896
Eagle Farm,2156,2,0.0,0.014196794001387281,1,0.0
Eagle Farm,2156,3,0.0,0.04188216417697915,2,0.0
Eagle Farm,2156,4,0.0,0.10547489902312729,2,0.0
Eagle Farm,2162,0,0.0,0.03883456774502302,1,0.0
Eagle Farm,2162,1,0.0,0.38853840483358026,2,0.0
Eagle Farm,2162,2,0.0,0.1788434040889218,2,0.0
Eagle Farm,2162,3,0.0,0.20701811882539195,2,0.0
Eagle Farm,2162,4,1.0,0.18676550450708293,3,5.354307813100871
Eagle Farm,2169,0,0.0,0.4533427555290236,1,0.0
Eagle Farm,2169,1,0.0,0.13709259289795955,2,0.0
Eagle Farm,2169,2,0.0,0.16545984914466538,3,0.0
Eagle Farm,2169,3,1.0,0.09984334496770164,2,10.015690082533697
Eagle Farm,2169,4,0.0,0.1442614574606499,3,0.0
Eagle Farm,2200,0,5.0,4.12766958303809,41,1.211337268987468
Eagle Farm,2200,1,5.0,8.191671983710894,83,0.6103760025965981
Eagle Farm,2200,2,12.0,10.102303878415,128,1.1878478557390948
Eagle Farm,2200,3,9.0,9.116883053138624,106,0.9871794940817646
Eagle Farm,2200,4,10.0,9.461471501697392,125,1.0569180489743055
Eagle Farm,2206,0,1.0,0.4626591264386387,6,2.1614185106378256
Eagle Farm,2206,1,1.0,1.3916950755260549,12,0.7185482061305737
Eagle Farm,2206,2,1.0,1.1833901713436397,17,0.845029833959652
Eagle Farm,2206,3,1.0,1.278410646479309,14,0.7822212704141345
Eagle Farm,2206,4,2.0,1.6838449802123578,18,1.187757794513703
Eagle Farm,2212,0,1.0,0.7816259726779177,7,1.2793843026657803
Eagle Farm,2212,1,0.0,0.9007759031140776,14,0.0
Eagle Farm,2212,2,1.0,1.823570188286078,15,0.5483748343900443
Eagle Farm,2212,3,2.0,1.3506762387749864,14,1.4807397528618156
Eagle Farm,2212,4,3.0,2.14335169714694,19,1.3996769657510535
Eagle Farm,2218,0,0.0,0.40297457052608887,5,0.0
Eagle Farm,2218,1,1.0,1.216084287813721,10,0.8223114220131914
Eagle Farm,2218,2,2.0,1.339121588789707,9,1.4935163593379093
Eagle Farm,2218,3,2.0,1.2296783141060696,10,1.6264416287229766
Eagle Farm,2218,4,0.0,0.8121412387644136,12,0.0
Eagle Farm,2225,0,1.0,0.060343085641302065,1,16.571906944638343
Eagle Farm,2225,1,0.0,0.29965241673159404,2,0.0
Eagle Farm,2225,2,0.0,0.21120079974455724,1,0.0
Eagle Farm,2225,3,0.0,0.08469205002288009,2,0.0
Eagle Farm,2225,4,0.0,0.3441116478596666,2,0.0
Eagle Farm,2231,0,0.0,0.2518825592463634,3,0.0
Eagle Farm,2231,1,0.0,1.0233927806530354,6,0.0
Eagle Farm,2231,2,1.0,0.5214979593468304,6,1.9175530451787144
Eagle Farm,2231,3,1.0,0.5769578177353561,6,1.73322896277781
Eagle Farm,2231,4,1.0,0.6262688830184148,7,1.5967582409337047
Eagle Farm,2400,0,3.0,3.4678412959166307,35,0.8650914917970692
Eagle Farm,2400,1,8.0,7.06442916893664,70,1.1324340309302279
Eagle Farm,2400,2,16.0,10.109997484050531,115,1.5825918874106053
Eagle Farm,2400,3,4.0,8.206436128785391,95,0.48742230332718467
Eagle Farm,2400,4,4.0,6.1512959223108075,111,0.6502694798817861
Eagle Farm,2406,0,0.0,0.5520455987109257,4,0.0
Eagle Farm,2406,1,1.0,0.7695224888409905,8,1.299507180753276
Eagle Farm,2406,2,2.0,1.5809719015214696,11,1.2650446210177886
Eagle Farm,2406,3,0.0,0.40275982130154764,10,0.0
Eagle Farm,2406,4,1.0,0.6947001896250669,10,1.4394698820216314
Eagle Farm,2412,0,0.0,0.03098032986948006,1,0.0
Eagle Farm,2412,1,1.0,0.1308636903170194,2,7.641539051645907
Eagle Farm,2412,2,0.0,0.3694899375310671,4,0.0
Eagle Farm,2412,3,0.0,0.05815789839873714,3,0.0
Eagle Farm,2412,4,0.0,0.4105081438836964,4,0.0
Eagle Farm,2418,0,0.0,0.1177417794435332,2,0.0
Eagle Farm,2418,1,0.0,0.1399847956358023,4,0.0
Eagle Farm,2418,2,0.0,0.5187577069394536,6,0.0
Eagle Farm,2418,3,0.0,0.5395741576313722,5,0.0
Eagle Farm,2418,4,2.0,0.6839415603498389,6,2.9242264484950904
Eagle Farm,2431,0,0.0,0.14016419591114035,1,0.0
Eagle Farm,2431,1,0.0,0.11141256598065004,2,0.0
Eagle Farm,2431,2,0.0,0.044262377656149585,1,0.0
Eagle Farm,2431,3,1.0,0.3357292597713481,2,2.9785905484706947
Eagle Farm,2431,4,0.0,0.3684316006807118,2,0.0
Eagle Farm,3200,0,0.0,0.5637992807026441,5,0.0
Eagle Farm,3200,1,0.0,0.5175482523158653,10,0.0
Eagle Farm,3200,2,1.0,1.6846785874732664,16,0.5935850360037112
Eagle Farm,3200,3,1.0,0.8338116042433101,11,1.1993116849309227
Eagle Farm,3200,4,3.0,1.400162275264914,16,2.1426087911362934
Echuca,1000,0,15.0,8.579818472052068,80,1.7482887369774844
Echuca,1000,1,28.0,18.896395989639757,160,1.4817640366634695
Echuca,1000,2,20.0,21.907811209438997,210,0.9129163935547786
Echuca,1000,3,8.0,16.17111849483485,188,0.49470913236800823
Echuca,1000,4,9.0,14.444855834034328,225,0.6230591778420245
Echuca,1009,0,4.0,1.9290834529968819,15,2.0735235657046847
Echuca,1009,1,4.0,3.588706896128939,30,1.1146076054064806
Echuca,1009,2,3.0,3.4769927029718377,35,0.8628145803802968
Echuca,1009,3,2.0,2.5385163118752794,30,0.7878617878655816
Echuca,1009,4,2.0,3.4667006360270625,43,0.576917423793494
Echuca,1100,0,8.0,6.209086143798071,47,1.2884343709727362
Echuca,1100,1,8.0,11.185504294464415,94,0.7152113833579334
Echuca,1100,2,10.0,10.153375640945194,119,0.9848941232582117
Echuca,1100,3,14.0,12.130635532889077,108,1.1541027641991737
Echuca,1100,4,7.0,7.321398387903243,130,0.9561015026262917
Echuca,1109,0,0.0,1.191016801105758,6,0.0
Echuca,1109,1,3.0,1.098425211158981,12,2.7311827601212935
Echuca,1109,2,1.0,1.5063637643399135,15,0.6638502755263757
Echuca,1109,3,0.0,0.8622249188589207,12,0.0
Echuca,1109,4,2.0,1.341969304536427,16,1.4903470543172257
Echuca,1200,0,17.0,11.308073444575133,109,1.5033506886317118
Echuca,1200,1,31.0,25.82788345135988,218,1.2002532092256208
Echuca,1200,2,24.0,26.59470047300619,299,0.9024354316139102
Echuca,1200,3,19.0,24.84088920386135,259,0.7648679499382243
Echuca,1200,4,18.0,20.428453427197447,314,0.8811239707473733
Echuca,1203,0,1.0,0.3444410231097629,3,2.903254644210398
Echuca,1203,1,1.0,0.9577328307628478,6,1.0441325261905094
Echuca,1203,2,1.0,1.0112189951945127,9,0.9889054742367109
Echuca,1203,3,0.0,0.37021849933465845,6,0.0
Echuca,1203,4,0.0,0.31638865159821833,9,0.0
Echuca,1209,0,2.0,3.295698864140025,22,0.6068515609122186
Echuca,1209,1,6.0,4.86047903573793,44,1.2344462255435005
Echuca,1209,2,6.0,5.741665875112017,58,1.044992887170214
Echuca,1209,3,4.0,3.9296913798366995,44,1.0178916391562083
Echuca,1209,4,4.0,4.172464845173328,60,0.9586659560780161
Echuca,1300,0,5.0,5.416087354525346,43,0.9231756566522714
Echuca,1300,1,14.0,11.287149662619276,86,1.2403485750140382
Echuca,1300,2,11.0,9.838983353005323,111,1.1180016883187471
Echuca,1300,3,7.0,9.66887515660864,103,0.7239725290294524
Echuca,1300,4,6.0,6.7889044732414145,123,0.8837950251987055
Echuca,1312,0,2.0,0.4827537975443882,3,4.142898533731585
Echuca,1312,1,1.0,0.4826557880412242,6,2.0718699014432804
Echuca,1312,2,0.0,0.5794932656061803,8,0.0
Echuca,1312,3,0.0,0.7360029235461488,8,0.0
Echuca,1312,4,0.0,0.7190942252620584,9,0.0
Echuca,1400,0,16.0,10.760569225165446,117,1.48691018710992
Echuca,1400,1,23.0,23.68599746189553,232,0.971037847867749
Echuca,1400,2,39.0,32.3684021879935,323,1.2048787509958205
Echuca,1400,3,22.0,25.08383212646279,283,0.8770589712562528
Echuca,1400,4,16.0,24.101198998482733,334,0.6638673868883977
Echuca,1403,0,1.0,0.34090300609464386,3,2.9333856907157134
Echuca,1403,1,1.0,0.5529186554175549,6,1.8085843011479088
Echuca,1403,2,0.0,0.5406728092178389,9,0.0
Echuca,1403,3,0.0,0.7627183982442732,9,0.0
Echuca,1403,4,1.0,0.8027871310256891,9,1.2456602271667458
Echuca,1412,0,2.0,1.6605840720535598,19,1.204395509783917
Echuca,1412,1,6.0,4.390204198944543,38,1.3666790263292241
Echuca,1412,2,4.0,5.25753734031769,51,0.7608124757052696
Echuca,1412,3,4.0,2.8290125780139155,46,1.4139208963178829
Echuca,1412,4,3.0,4.862661810670292,54,0.6169460507035479
Echuca,1600,0,9.0,9.201104582712949,69,0.9781434303995648
Echuca,1600,1,7.0,14.325360741799683,138,0.48864389010287473
Echuca,1600,2,21.0,16.679903703501118,128,1.2590000741786112
Echuca,1600,3,17.0,13.234955667967753,138,1.2844772907811617
Echuca,1600,4,15.0,15.558675304018497,186,0.9640923604932997
Echuca,1603,0,0.0,0.06332214557232542,1,0.0
Echuca,1603,1,0.0,0.07497726534559973,2,0.0
Echuca,1603,2,0.0,0.08665135709897162,2,0.0
Echuca,1603,3,1.0,0.3844622274650725,2,2.601035754782562
Echuca,1603,4,0.0,0.3905870045180307,3,0.0
Echuca,1612,0,0.0,0.2739479112744841,2,0.0
Echuca,1612,1,0.0,0.3144627030022179,4,0.0
Echuca,1612,2,1.0,0.5047038613558347,4,1.9813599153246095
Echuca,1612,3,0.0,0.42567387553822705,4,0.0
Echuca,1612,4,1.0,0.48121164882923634,5,2.0780876822764984
Echuca,1618,0,2.0,0.891128584331701,8,2.2443450195236343
Echuca,1618,1,0.0,1.8846561555343067,16,0.0
Echuca,1618,2,3.0,1.6055478131472287,15,1.8685211212236257
Echuca,1618,3,2.0,1.7004898896401928,16,1.176131661931363
Echuca,1618,4,1.0,1.918177557346571,21,0.5213281722382923
Echuca,2100,0,11.0,6.214420119569379,63,1.7700766585382117
Echuca,2100,1,10.0,13.798374444035092,126,0.7247230491214062
Echuca,2100,2,19.0,13.69704503956063,156,1.3871605112725451
Echuca,2100,3,9.0,15.461750837381546,149,0.5820815569114522
Echuca,2100,4,14.0,13.828409559453352,176,1.0124085448734301
Echuca,2103,0,1.0,0.2316134106501766,2,4.317539287525869
Echuca,2103,1,1.0,0.3146413029341582,4,3.1782222825630106
Echuca,2103,2,0.0,0.4856610554155886,6,0.0
Echuca,2103,3,0.0,0.33703674439402925,5,0.0
Echuca,2103,4,0.0,0.6310474866060474,6,0.0
Echuca,2112,0,0.0,0.48455045604003777,3,0.0
Echuca,2112,1,1.0,0.7766925931414816,6,1.2875106687387206
Echuca,2112,2,1.0,0.5419301660685489,8,1.8452562020205194
Echuca,2112,3,1.0,0.7485538040058722,8,1.335909315600987
Echuca,2112,4,0.0,0.44827298074405925,8,0.0
Echuca,2124,0,2.0,0.8161830430920767,9,2.450430717628095
Echuca,2124,1,3.0,2.114543981623987,18,1.4187456142179535
Echuca,2124,2,0.0,2.1534492213826155,23,0.0
Echuca,2124,3,0.0,1.5122566243859803,21,0.0
Echuca,2124,4,4.0,2.403567129515341,27,1.664193169760383
Echuca,3200,0,1.0,0.5748817611627983,6,1.7394881305284866
Echuca,3200,1,0.0,1.3199005457302986,12,0.0
Echuca,3200,2,2.0,1.160661089929073,10,1.7231558956820188
Echuca,3200,3,2.0,1.3903296969410965,12,1.4385077182773671
Echuca,3200,4,1.0,1.5542269062367335,11,0.6434066969161606
Edenhope,1000,0,3.0,1.004328943664226,7,2.987069145946052
Edenhope,1000,1,4.0,1.4403787937628802,14,2.7770472720931303
Edenhope,1000,2,0.0,2.2493067780526474,15,0.0
Edenhope,1000,3,0.0,1.086083941377966,15,0.0
Edenhope,1000,4,0.0,1.2199015431422802,17,0.0
Edenhope,1140,0,0.0,0.26269312542943574,1,0.0
Edenhope,1140,1,1.0,0.3047240254981455,2,3.28165788163653
Edenhope,1140,2,0.0,0.12008828591059918,1,0.0
Edenhope,1140,3,0.0,0.1431392881596925,2,0.0
Edenhope,1140,4,0.0,0.16935527500212708,2,0.0
Edenhope,1200,0,2.0,0.942099878583267,10,2.1229171614028934
Edenhope,1200,1,3.0,2.140169388989579,20,1.4017582044832282
Edenhope,1200,2,2.0,2.059405186054436,26,0.9711542019721487
Edenhope,1200,3,2.0,3.193941205526111,26,0.6261856030848748
Edenhope,1200,4,1.0,1.664384340846607,28,0.6008227639845128
Edenhope,1450,0,3.0,1.848216739063961,12,1.6231862511532957
Edenhope,1450,1,2.0,2.565740397115131,24,0.7795020892405021
Edenhope,1450,2,5.0,2.700681548083572,32,1.8513845157153181
Edenhope,1450,3,1.0,2.7228501614772402,29,0.3672622218247461
Edenhope,1450,4,1.0,2.1625111542600957,34,0.46242536045653393
Edenhope,1850,0,1.0,1.387191849804232,8,0.7208808213089815
Edenhope,1850,1,3.0,2.1433595554593405,16,1.3996718340414303
Edenhope,1850,2,1.0,2.1594498544593024,19,0.4630809082854979
Edenhope,1850,3,3.0,0.9769934492067218,18,3.0706449489869923
Edenhope,1850,4,0.0,1.3330052910704036,23,0.0
Edenhope,2000,0,2.0,0.9211882373178921,8,2.1711089210421837
Edenhope,2000,1,0.0,1.7090899210411967,16,0.0
Edenhope,2000,2,5.0,2.5143022659186993,20,1.9886232724580761
Edenhope,2000,3,1.0,1.475058507787334,20,0.6779392103571898
Edenhope,2000,4,0.0,1.3803610679348781,22,0.0
Emerald,1000,0,6.0,4.0286656291892085,21,1.4893268770005947
Emerald,1000,1,7.0,5.8852197956203645,42,1.189420317862933
Emerald,1000,2,3.0,3.3595058653264287,37,0.8929884692159937
Emerald,1000,3,4.0,3.6033974953681995,45,1.11006349012053
Emerald,1000,4,1.0,4.123211214495798,50,0.24252941408491094
Emerald,1100,0,1.0,0.737160967661507,4,1.356555818700353
Emerald,1100,1,1.0,1.084901267044781,8,0.9217428630385436
Emerald,1100,2,1.0,0.6061944315056235,9,1.649635740658768
Emerald,1100,3,1.0,0.914298276701188,8,1.0937349719262581
Emerald,1100,4,0.0,0.6574450570869005,11,0.0
Emerald,1200,0,7.0,3.0886739994677526,14,2.2663447166020942
Emerald,1200,1,4.0,3.2784584495602473,28,1.2200856169266185
Emerald,1200,2,2.0,2.166684845198648,28,0.9230691784418855
Emerald,1200,3,1.0,2.9814537029095627,30,0.33540685170596907
Emerald,1200,4,0.0,2.4847290028637894,34,0.0
Emerald,1280,0,2.0,1.4071489198882956,8,1.4213136731532061
Emerald,1280,1,0.0,2.258502671065431,16,0.0
Emerald,1280,2,3.0,1.2804005853769118,14,2.343016735748281
Emerald,1280,3,3.0,1.827815976346988,16,1.641303084567463
Emerald,1280,4,0.0,1.226131847322374,18,0.0
Emerald,1290,0,0.0,0.34923364818018354,2,0.0
Emerald,1290,1,0.0,0.38132800920622223,4,0.0
Emerald,1290,2,0.0,0.4303470138389741,3,0.0
Emerald,1290,3,2.0,0.579216839710488,4,3.4529382830092907
Emerald,1290,4,0.0,0.2598744890641321,4,0.0
Emerald,1615,0,1.0,0.9762836832479537,9,1.0242924440498131
Emerald,1615,1,3.0,1.8961707340663678,18,1.5821360102771194
Emerald,1615,2,3.0,1.6127412359969828,13,1.8601868254118434
Emerald,1615,3,2.0,2.1346435766838927,18,0.9369245628850801
Emerald,1615,4,0.0,2.380160770004803,20,0.0
Emerald,1630,0,0.0,0.0582771429248979,2,0.0
Emerald,1630,1,0.0,0.23741159488182684,4,0.0
Emerald,1630,2,1.0,0.8280803884782157,5,1.2076122245060352
Emerald,1630,3,1.0,0.5039870534005151,5,1.9841779530898125
Emerald,1630,4,0.0,0.37224382031454445,5,0.0
Esperance,1100,0,9.0,9.403475789464432,76,0.9570929092074143
Esperance,1100,1,24.0,17.712726192812276,152,1.3549579967954941
Esperance,1100,2,24.0,19.302571603201944,173,1.2433576465023364
Esperance,1100,3,6.0,14.106571552499167,171,0.4253336806658043
Esperance,1100,4,13.0,15.474654862022179,198,0.8400833566830971
Esperance,1200,0,11.0,8.229346329571102,67,1.3366796777616357
Esperance,1200,1,15.0,14.202596430491086,134,1.0561449150098354
Esperance,1200,2,12.0,15.567307101575784,176,0.7708462306101299
Esperance,1200,3,13.0,13.836071998850235,161,0.9395730234043512
Esperance,1200,4,16.0,15.164678139511793,192,1.0550833887012585
Esperance,1300,0,7.0,4.920177349456625,39,1.4227129436244947
Esperance,1300,1,11.0,8.057489470876781,78,1.36518949726943
Esperance,1300,2,7.0,11.002935928200273,106,0.6361938345981967
Esperance,1300,3,9.0,7.42062730314374,93,1.2128354696087702
Esperance,1300,4,5.0,7.59876994832258,109,0.6580012336212052
Esperance,1400,0,9.0,5.568365059356179,65,1.6162733412885453
Esperance,1400,1,15.0,12.89199617749234,130,1.1635126006465892
Esperance,1400,2,16.0,17.634105077837095,178,0.9073326902258924
Esperance,1400,3,19.0,15.429620305620404,158,1.2313977676481804
Esperance,1400,4,6.0,13.475913379693983,186,0.44523883694896904
Esperance,1600,0,5.0,4.224890087117363,52,1.1834627403079954
Esperance,1600,1,11.0,11.203391778175666,104,0.9818455176608324
Esperance,1600,2,20.0,15.423125983145194,147,1.2967539798259144
Esperance,1600,3,10.0,10.754060824881634,129,0.929881294409553
Esperance,1600,4,6.0,10.394531326680141,151,0.577226602280712
Esperance,1975,0,0.0,0.2571304510000483,2,0.0
Esperance,1975,1,0.0,0.29525643507778465,4,0.0
Esperance,1975,2,0.0,0.38955907887915775,6,0.0
Esperance,1975,3,2.0,0.5914805329900026,5,3.3813454348020016
Esperance,1975,4,0.0,0.4665735020530068,6,0.0
Esperance,1990,0,0.0,0.21645012652660262,2,0.0
Esperance,1990,1,0.0,0.674993565369679,4,0.0
Esperance,1990,2,0.0,0.7632791680663679,5,0.0
Esperance,1990,3,2.0,0.2259996497571972,4,8.849571236719617
Esperance,1990,4,0.0,0.11927749028015344,4,0.0
Esperance,2000,0,2.0,1.0814918153012212,13,1.8492973980047667
Esperance,2000,1,5.0,2.71023146020313,26,1.8448608812271898
Esperance,2000,2,3.0,3.430441893386811,42,0.8745229020737489
Esperance,2000,3,2.0,3.0265650891103566,32,0.660815129070259
Esperance,2000,4,1.0,2.751269741998481,38,0.36346854135560513
Esperance,2010,0,0.0,0.07045756328001238,2,0.0
Esperance,2010,1,0.0,0.13546038952820502,4,0.0
Esperance,2010,2,1.0,0.7494235513272177,9,1.3343589192373462
Esperance,2010,3,0.0,0.2631246622219841,6,0.0
Esperance,2010,4,1.0,0.7815338336425806,8,1.2795351358484255
Esperance,2015,0,0.0,0.1325001374128576,3,0.0
Esperance,2015,1,0.0,0.33460147155825926,6,0.0
Esperance,2015,2,2.0,0.6071300161046657,11,3.294187318940284
Esperance,2015,3,1.0,1.1952542652448523,9,0.836642067782244
Esperance,2015,4,0.0,0.730514109679365,10,0.0
Ewan,1000,0,3.0,1.3046628442044914,9,2.29944465217696
Ewan,1000,1,1.0,2.402884703640191,18,0.4161664513012525
Ewan,1000,2,2.0,2.2004733395818556,17,0.9088953562964092
Ewan,1000,3,1.0,1.6092233358207457,18,0.6214177844307571
Ewan,1000,4,2.0,1.4827557767527164,21,1.3488397963824261
Ewan,1200,0,3.0,1.2623522115336263,6,2.376515819111461
Ewan,1200,1,1.0,1.1171215115459296,12,0.8951577690202644
Ewan,1200,2,2.0,1.9343001438923895,12,1.0339656988162151
Ewan,1200,3,0.0,0.832195464176457,13,0.0
Ewan,1200,4,0.0,0.8540306688515975,14,0.0
Ewan,1300,0,1.0,0.9222440926725476,3,1.0843116350055717
Ewan,1300,1,0.0,0.532247154992495,6,0.0
Ewan,1300,2,1.0,0.42455457922832035,6,2.3554097610197062
Ewan,1300,3,0.0,0.5674057550989662,6,0.0
Ewan,1300,4,1.0,0.553548418007671,8,1.8065267056478918
Ewan,1750,0,2.0,0.8663813294449647,4,2.3084523315862224
Ewan,1750,1,0.0,0.5166184996307183,8,0.0
Ewan,1750,2,1.0,0.49965668789062856,7,2.0013741919909878
Ewan,1750,3,1.0,1.2191784659900435,8,0.8202244608937889
Ewan,1750,4,0.0,0.8981650170436452,11,0.0
Fannie Bay,1000,0,19.0,7.825665491048202,44,2.427908530173459
Fannie Bay,1000,1,15.0,11.360318927235976,85,1.320385465943039
Fannie Bay,1000,2,2.0,7.696575119138424,64,0.25985584094758835
Fannie Bay,1000,3,5.0,8.743739999508447,86,0.5718376804755274
Fannie Bay,1000,4,2.0,7.3737004630689515,91,0.27123423442774286
Fannie Bay,1100,0,57.0,19.156525195856172,120,2.975487434032656
Fannie Bay,1100,1,28.0,31.825792776888363,240,0.8797895529670318
Fannie Bay,1100,2,14.0,24.044626306589098,207,0.5822506792781177
Fannie Bay,1100,3,10.0,21.90507422781062,246,0.45651523003305
Fannie Bay,1100,4,11.0,23.06798149285575,271,0.4768514316437589
Fannie Bay,1200,0,41.0,19.39476548580436,129,2.113972454578489
Fannie Bay,1200,1,28.0,32.56693241023244,258,0.859767805186419
Fannie Bay,1200,2,28.0,27.535602305940397,253,1.0168653544926967
Fannie Bay,1200,3,21.0,26.021281049886806,277,0.8070317506559251
Fannie Bay,1200,4,11.0,23.481418748135997,314,0.4684555102052001
Fannie Bay,1300,0,40.0,23.939035403928177,151,1.670911100847295
Fannie Bay,1300,1,49.0,38.1165846441664,302,1.2855296574295585
Fannie Bay,1300,2,30.0,31.665156225809888,307,0.9474136109124061
Fannie Bay,1300,3,17.0,30.420836446646526,329,0.55882750067755
Fannie Bay,1300,4,15.0,26.858387279449012,372,0.5584847609773433
Fannie Bay,1600,0,36.0,15.673577760596398,109,2.2968591185673333
Fannie Bay,1600,1,28.0,26.326343339034214,219,1.0635734571798372
Fannie Bay,1600,2,20.0,24.313562058188477,220,0.8225861744212947
Fannie Bay,1600,3,12.0,21.998442509516543,236,0.5454931636550537
Fannie Bay,1600,4,13.0,20.688074332664367,269,0.6283813462268124
Fannie Bay,2050,0,5.0,2.757596561462091,23,1.8131731341255284
Fannie Bay,2050,1,8.0,4.815277623436281,46,1.661378766836508
Fannie Bay,2050,2,4.0,5.419839628498074,61,0.738029217500752
Fannie Bay,2050,3,6.0,5.066547573420733,61,1.184238362129705
Fannie Bay,2050,4,0.0,4.9407386131828215,64,0.0
Flemington,1000,0,19.0,13.381034682039571,104,1.4199200922408768
Flemington,1000,1,23.0,20.711993830787616,209,1.1104676926762767
Flemington,1000,2,27.0,25.78898321914926,255,1.0469586866050429
Flemington,1000,3,19.0,22.085341924269738,240,0.8602991099323106
Flemington,1000,4,16.0,22.03264634375382,281,0.7261951084026701
Flemington,1100,0,23.0,15.986183978633116,156,1.438742355945699
Flemington,1100,1,36.0,28.40806213371713,312,1.2672458906400415
Flemington,1100,2,29.0,43.22791298049228,508,0.670862829142064
Flemington,1100,3,34.0,33.40307869436846,420,1.0178702481616515
Flemington,1100,4,34.0,34.97476221278901,486,0.9721295542523353
Flemington,1200,0,30.0,17.511310001021382,178,1.713178511387794
Flemington,1200,1,33.0,37.303150487415564,356,0.884643778576631
Flemington,1200,2,36.0,47.42269491140605,562,0.7591302026857467
Flemington,1200,3,38.0,38.90357245869313,467,0.9767740492302469
Flemington,1200,4,41.0,36.85927214146388,545,1.1123388395366092
Flemington,1400,0,35.0,26.914335306724674,261,1.300422232283592
Flemington,1400,1,62.0,53.29379251071415,522,1.1633625058215844
Flemington,1400,2,67.0,70.0677894714908,819,0.9562168366573199
Flemington,1400,3,44.0,56.26999788318447,670,0.7819442270345065
Flemington,1400,4,53.0,54.45408482788592,805,0.9732970477332991
Flemington,1410,0,4.0,1.9523289321077204,18,2.048835078052974
Flemington,1410,1,5.0,3.9964601248317098,36,1.2511071908194127
Flemington,1410,2,4.0,4.238297760709432,47,0.9437751252593579
Flemington,1410,3,3.0,4.588091654023786,43,0.6538666239086529
Flemington,1410,4,2.0,3.2248215283273525,51,0.6201893600720776
Flemington,1420,0,0.0,2.667638260597364,29,0.0
Flemington,1420,1,5.0,5.028029976239015,58,0.9944252567364402
Flemington,1420,2,12.0,8.084783974293753,87,1.4842697143368337
Flemington,1420,3,5.0,6.373814825329142,73,0.7844595641734542
Flemington,1420,4,7.0,6.845732963540726,85,1.0225347727235163
Flemington,1600,0,22.0,20.26539114120811,184,1.085594639980311
Flemington,1600,1,26.0,37.405426105245944,366,0.695086320547318
Flemington,1600,2,60.0,49.422964445339126,567,1.2140105449635439
Flemington,1600,3,47.0,36.92741460522848,466,1.27276714339339
Flemington,1600,4,28.0,38.97880370297834,554,0.7183391315280552
Flemington,1610,0,0.0,0.13244327178406956,1,0.0
Flemington,1610,1,0.0,0.1639773841136099,2,0.0
Flemington,1610,2,1.0,0.46016291724392,5,2.173143385802048
Flemington,1610,3,0.0,0.13438543896727967,3,0.0
Flemington,1610,4,0.0,0.1090309878911209,4,0.0
Flemington,1620,0,1.0,1.1228467759991088,13,0.8905934641974639
Flemington,1620,1,1.0,2.417430357677964,26,0.41366238196848776
Flemington,1620,2,6.0,4.92132588531468,38,1.2191836386824335
Flemington,1620,3,5.0,2.4786923658335143,31,2.0171926411362633
Flemington,1620,4,0.0,2.0597046151747334,39,0.0
Flemington,1630,0,1.0,0.706112177667674,7,1.4162055713343638
Flemington,1630,1,3.0,1.6818371911022956,14,1.783763622228954
Flemington,1630,2,3.0,2.5717298209295643,25,1.1665300046626341
Flemington,1630,3,0.0,0.9484422667153215,19,0.0
Flemington,1630,4,0.0,1.0918785435851446,21,0.0
Flemington,1700,0,2.0,3.2477032612592973,32,0.6158198083726713
Flemington,1700,1,4.0,6.019925138273638,64,0.6644600901377818
Flemington,1700,2,13.0,10.23051266851323,120,1.2707085579406503
Flemington,1700,3,10.0,6.631807233456583,94,1.507884600377305
Flemington,1700,4,3.0,5.870051698497252,107,0.5110687527280224
Flemington,1710,0,0.0,0.09277105330619058,1,0.0
Flemington,1710,1,0.0,0.22545276570062794,2,0.0
Flemington,1710,2,1.0,0.1789156028047961,2,5.589227458775851
Flemington,1710,3,0.0,0.20399089562213496,2,0.0
Flemington,1710,4,0.0,0.2988696825662504,3,0.0
Flemington,1720,0,0.0,0.24147132352100859,2,0.0
Flemington,1720,1,2.0,0.6573874194844,4,3.0423460211158795
Flemington,1720,2,0.0,0.23434241154538915,4,0.0
Flemington,1720,3,0.0,0.24433966809604699,4,0.0
Flemington,1720,4,0.0,0.6224591773531551,4,0.0
Flemington,1800,0,7.0,7.595033703335361,73,0.9216548962680636
Flemington,1800,1,18.0,13.494207548070351,146,1.3339056729251189
Flemington,1800,2,17.0,20.104224107932566,235,0.8455934389078101
Flemington,1800,3,17.0,18.193239524058814,197,0.9344130261968535
Flemington,1800,4,14.0,13.613295116602902,221,1.0284064130017625
Flemington,2000,0,10.0,9.432343050940116,119,1.060181966028399
Flemington,2000,1,20.0,21.581486233625714,239,0.9267202352745462
Flemington,2000,2,40.0,36.41340758497213,418,1.0984964784374662
Flemington,2000,3,20.0,24.985881851609832,334,0.8004520360249525
Flemington,2000,4,29.0,26.586881278852207,386,1.090763512118559
Flemington,2500,0,3.0,3.31513552459917,44,0.904940379583042
Flemington,2500,1,7.0,9.005005095078022,89,0.7773454791076218
Flemington,2500,2,7.0,12.743329755067931,133,0.5493069813418389
Flemington,2500,3,13.0,11.035736428580972,115,1.1779911639002059
Flemington,2500,4,14.0,7.900793196673906,133,1.7719739843201758
Flemington,2510,0,0.0,0.06004568617412967,2,0.0
Flemington,2510,1,0.0,0.2593705262920716,4,0.0
Flemington,2510,2,2.0,0.8679636242684219,8,2.304244030601783
Flemington,2510,3,0.0,0.5574126946847195,5,0.0
Flemington,2510,4,0.0,0.25520746858065735,7,0.0
Flemington,2520,0,3.0,1.562707026096678,13,1.9197456400342585
Flemington,2520,1,4.0,2.2642328847604793,26,1.7666027319549058
Flemington,2520,2,1.0,3.7744257640183254,41,0.2649409638766828
Flemington,2520,3,4.0,3.4887112715608746,36,1.146555185752122
Flemington,2520,4,1.0,1.909923053563643,39,0.5235813024687792
Flemington,2530,0,2.0,0.6846540159391135,5,2.9211834787190685
Flemington,2530,1,1.0,0.9376628728829847,10,1.0664813857088642
Flemington,2530,2,1.0,1.084664910637733,12,0.9219437175413427
Flemington,2530,3,1.0,1.1328388349598528,12,0.8827380993126347
Flemington,2530,4,0.0,1.1601793655803159,13,0.0
Flemington,2540,0,0.0,0.47637991634348853,6,0.0
Flemington,2540,1,3.0,1.4390603054117255,12,2.0846937329298916
Flemington,2540,2,1.0,1.839033012314769,17,0.5437640288693415
Flemington,2540,3,1.0,1.2434883205987872,16,0.8041892983107889
Flemington,2540,4,1.0,1.0020384453312299,17,0.9979657014751006
Flemington,2550,0,0.0,0.26586999309000037,4,0.0
Flemington,2550,1,0.0,0.6522807544834536,8,0.0
Flemington,2550,2,3.0,1.3964134082964479,13,2.148360923904222
Flemington,2550,3,1.0,0.9532175926189776,10,1.0490784137255451
Flemington,2550,4,0.0,0.7322182515111205,12,0.0
Flemington,2600,0,5.0,2.5871587266393714,22,1.9326220492450514
Flemington,2600,1,2.0,4.2986796169553205,44,0.4652591442524309
Flemington,2600,2,4.0,4.714464143926199,52,0.8484527356419356
Flemington,2600,3,5.0,5.152894190368521,49,0.9703284824566548
Flemington,2600,4,6.0,5.246803322110589,60,1.1435534422865368
Flemington,2800,0,3.0,3.330213395785388,33,0.9008431723314501
Flemington,2800,1,3.0,5.845114091407931,67,0.5132491775327145
Flemington,2800,2,14.0,10.046725333100367,116,1.3934888768059586
Flemington,2800,3,7.0,6.670067985417057,89,1.0494645654743373
Flemington,2800,4,6.0,7.107879194289256,103,0.8441336488696418
Flemington,3200,0,1.0,0.16880782136250502,6,5.923896131877432
Flemington,3200,1,0.0,0.7474376634246956,12,0.0
Flemington,3200,2,2.0,2.4458523033004336,55,0.8177108639394127
Flemington,3200,3,2.0,1.3942023973154232,31,1.4345119502383998
Flemington,3200,4,1.0,1.2436998145969427,34,0.8040525440812092
Forbes,1100,0,2.0,2.1235789329425185,18,0.9418062917156169
Forbes,1100,1,5.0,3.7514429453580336,36,1.3328204834320905
Forbes,1100,2,7.0,4.701578414960075,46,1.4888616932829446
Forbes,1100,3,2.0,3.34272384571349,42,0.598314456207527
Forbes,1100,4,2.0,4.080675861025884,47,0.4901148898156295
Forbes,1200,0,1.0,1.3959500511079068,12,0.716358009519282
Forbes,1200,1,0.0,2.070227391307232,24,0.0
Forbes,1200,2,7.0,3.7471610423480604,28,1.8680809073563684
Forbes,1200,3,1.0,2.4835135310064906,26,0.40265534595043306
Forbes,1200,4,3.0,2.3031479842303106,32,1.3025650199383825
Forbes,1300,0,0.0,0.7536200532842485,7,0.0
Forbes,1300,1,3.0,2.3566008578214057,14,1.2730199898057384
Forbes,1300,2,3.0,1.846532055571378,21,1.6246671651046432
Forbes,1300,3,1.0,0.8190843425522801,18,1.220875492362586
Forbes,1300,4,0.0,1.2241626907706877,21,0.0
Forbes,1400,0,3.0,1.9479008652651064,20,1.5401194452427662
Forbes,1400,1,7.0,5.075045975964176,40,1.3792978493500472
Forbes,1400,2,5.0,5.571851816250757,62,0.8973677270843949
Forbes,1400,3,2.0,3.465370076884103,52,0.5771389362830492
Forbes,1400,4,3.0,3.9398312656358563,66,0.7614539298082921
Forbes,1600,0,2.0,2.632709197764195,17,0.7596737238197376
Forbes,1600,1,3.0,2.5843781274299835,34,1.1608208443488603
Forbes,1600,2,4.0,4.491790837295012,57,0.8905134154485315
Forbes,1600,3,4.0,3.567494221018874,47,1.121235172977408
Forbes,1600,4,4.0,3.7236276164919353,56,1.07422127343884
Gatton,860,0,13.0,6.909993274101341,29,1.8813332349720235
Gatton,860,1,11.0,9.660497103566238,66,1.1386577607832702
Gatton,860,2,4.0,5.529492621171027,49,0.7233936771495115
Gatton,860,3,0.0,4.34699558763308,58,0.0
Gatton,860,4,2.0,3.5530214135283145,74,0.5629011951306839
Gatton,1075,0,3.0,0.9646326312128511,3,3.1099922425680773
Gatton,1075,1,0.0,0.5485224115302852,6,0.0
Gatton,1075,2,0.0,0.5996545169537943,5,0.0
Gatton,1075,3,0.0,0.4918690941393128,6,0.0
Gatton,1075,4,0.0,0.39532134616375647,8,0.0
Gatton,1100,0,63.0,27.615489714064328,186,2.2813283650702254
Gatton,1100,1,51.0,45.3355766515743,372,1.1249443321733728
Gatton,1100,2,45.0,47.79305300121829,443,0.9415594354027332
Gatton,1100,3,13.0,32.63083337619695,432,0.39839619938983983
Gatton,1100,4,14.0,32.62504725694614,496,0.4291181523735352
Gatton,1400,0,49.0,28.154539425888583,211,1.7403943022752366
Gatton,1400,1,39.0,46.94672869078252,422,0.8307288087499316
Gatton,1400,2,67.0,58.22183874565338,546,1.1507709382504165
Gatton,1400,3,33.0,40.729862989083685,512,0.8102163272399069
Gatton,1400,4,23.0,36.947030148591836,590,0.6225128219372349
Gatton,1600,0,17.0,8.64194907213252,72,1.9671488292866108
Gatton,1600,1,14.0,16.24739815546021,144,0.8616764275758864
Gatton,1600,2,16.0,18.197626621482268,171,0.8792355361941555
Gatton,1600,3,18.0,16.943754556832594,174,1.0623383347312165
Gatton,1600,4,7.0,11.969271594092406,193,0.5848309101328224
Gatton,2000,0,9.0,4.056667290889431,36,2.218569913340548
Gatton,2000,1,7.0,6.751877088404355,72,1.0367487305155139
Gatton,2000,2,8.0,9.042183123488051,96,0.88474209057093
Gatton,2000,3,9.0,8.430597295752847,90,1.067540019321526
Gatton,2000,4,3.0,7.718675201465317,103,0.38866773399539845
Gawler,1100,0,50.0,27.12072367504948,176,1.8436086219188537
Gawler,1100,1,42.0,39.41569126748785,353,1.0655654803812569
Gawler,1100,2,34.0,39.903662749508804,397,0.8520521089362536
Gawler,1100,3,28.0,34.69221708388235,377,0.8070974516358748
Gawler,1100,4,22.0,34.86770522407152,466,0.6309563493961146
Gawler,1106,0,1.0,0.24556638630813826,2,4.072218576141743
Gawler,1106,1,1.0,0.6568498267888947,4,1.5224180006085173
Gawler,1106,2,0.0,0.1640931215559008,2,0.0
Gawler,1106,3,0.0,0.5973741006609248,4,0.0
Gawler,1106,4,0.0,0.3361165646861416,4,0.0
Gawler,1107,0,0.0,0.33649977477016296,2,0.0
Gawler,1107,1,0.0,0.6971961268998117,4,0.0
Gawler,1107,2,0.0,0.39094587681331766,3,0.0
Gawler,1107,3,1.0,0.37601934731972986,4,2.659437625026508
Gawler,1107,4,1.0,0.19933887419697777,4,5.01658296219655
Gawler,1200,0,39.0,25.198551974523884,229,1.5477079809756364
Gawler,1200,1,50.0,51.84047318204615,459,0.964497369158205
Gawler,1200,2,59.0,61.00947136726323,604,0.9670629605169554
Gawler,1200,3,43.0,47.52061631894825,539,0.9048704190070508
Gawler,1200,4,38.0,43.430887157218486,654,0.8749533451260427
Gawler,1206,0,0.0,0.3071331857151499,1,0.0
Gawler,1206,1,1.0,0.19393266869442327,2,5.156428809710676
Gawler,1206,2,0.0,0.019476738606326583,1,0.0
Gawler,1206,3,0.0,0.22580152889935276,2,0.0
Gawler,1206,4,0.0,0.2536558780847474,2,0.0
Gawler,1207,0,0.0,0.08915666426889898,2,0.0
Gawler,1207,1,0.0,0.41554400725481533,4,0.0
Gawler,1207,2,1.0,0.8679414032609967,5,1.1521515118910537
Gawler,1207,3,0.0,0.29463315835918974,4,0.0
Gawler,1207,4,1.0,0.3327247668560993,6,3.005487116119888
Gawler,1208,0,0.0,0.07085154199232503,2,0.0
Gawler,1208,1,1.0,0.32307677898795495,4,3.0952394756829067
Gawler,1208,2,0.0,0.4900433447946617,6,0.0
Gawler,1208,3,1.0,0.41677110381857263,5,2.399398592747247
Gawler,1208,4,0.0,0.6992572304064857,6,0.0
Gawler,1500,0,20.0,13.381509734162478,125,1.4945996675502744
Gawler,1500,1,29.0,26.876189909019487,250,1.079021993004588
Gawler,1500,2,35.0,32.64915480898382,349,1.0720032480096333
Gawler,1500,3,19.0,26.208057021649438,304,0.724967897631818
Gawler,1500,4,22.0,25.885088526184777,362,0.8499101703957972
Gawler,1504,0,0.0,0.04375495093129329,1,0.0
Gawler,1504,1,0.0,0.060190133614025365,2,0.0
Gawler,1504,2,1.0,0.4659181038727825,2,2.1462999434618384
Gawler,1504,3,0.0,0.07156258458176723,2,0.0
Gawler,1504,4,0.0,0.3585742270001316,3,0.0
Gawler,1505,0,0.0,0.23712673349511154,3,0.0
Gawler,1505,1,1.0,0.48846875188951294,6,2.0472138619548597
Gawler,1505,2,1.0,1.0956141006366593,9,0.9127301295400468
Gawler,1505,3,1.0,0.7395421626839692,8,1.352187948785461
Gawler,1505,4,0.0,0.4392482512947471,9,0.0
Gawler,1506,0,2.0,2.340734160464786,23,0.8544327817230093
Gawler,1506,1,3.0,4.471865926813418,46,0.6708608999236596
Gawler,1506,2,6.0,5.618671191930092,65,1.0678681480093724
Gawler,1506,3,7.0,5.724906587672204,57,1.2227273742900073
Gawler,1506,4,5.0,4.843822133119499,64,1.0322426923591268
Gawler,1507,0,0.0,0.2863562338094701,1,0.0
Gawler,1507,1,1.0,0.3019756647445321,2,3.3115251218868527
Gawler,1507,2,0.0,0.18873479046533254,1,0.0
Gawler,1507,3,0.0,0.09329556802755452,2,0.0
Gawler,1507,4,0.0,0.12963774295311078,2,0.0
Gawler,1508,0,0.0,0.16345069198183054,2,0.0
Gawler,1508,1,0.0,0.16327452722256622,4,0.0
Gawler,1508,2,1.0,0.995312010398799,7,1.0047100703620793
Gawler,1508,3,0.0,0.15275827759282784,5,0.0
Gawler,1508,4,1.0,0.5252044928039764,6,1.9040202696309243
Gawler,1511,0,0.0,0.019807886244607154,1,0.0
Gawler,1511,1,0.0,0.16406532040987745,2,0.0
Gawler,1511,2,1.0,0.38672539810899687,3,2.5858141329475193
Gawler,1511,3,0.0,0.19753627018260542,3,0.0
Gawler,1511,4,0.0,0.2318651250539132,3,0.0
Gawler,1513,0,0.0,0.1485544439167139,1,0.0
Gawler,1513,1,0.0,0.10942626449222229,2,0.0
Gawler,1513,2,0.0,0.046996714695009434,2,0.0
Gawler,1513,3,1.0,0.5744105164779605,2,1.7409152014339364
Gawler,1513,4,0.0,0.1206120604180939,2,0.0
Gawler,1516,0,2.0,2.807809263621784,29,0.7122990959222801
Gawler,1516,1,6.0,5.698787968385646,58,1.052855455104725
Gawler,1516,2,6.0,7.542686646661821,73,0.7954725260468603
Gawler,1516,3,12.0,7.11335706771187,73,1.686967192251464
Gawler,1516,4,3.0,5.83735905361888,80,0.5139310384102799
Gawler,1522,0,1.0,0.7694300855684828,8,1.299663242646879
Gawler,1522,1,2.0,2.0642456297944842,16,0.968876945230166
Gawler,1522,2,2.0,1.735952223151412,15,1.1521054400732533
Gawler,1522,3,1.0,1.8607678649371993,16,0.5374125482512833
Gawler,1522,4,2.0,1.5696041965484215,21,1.2742065830341331
Gawler,1526,0,0.0,0.30631544447656284,3,0.0
Gawler,1526,1,1.0,0.4180190286588174,6,2.392235595610144
Gawler,1526,2,2.0,0.6595533048549291,5,3.0323553612393868
Gawler,1526,3,0.0,0.7991027442000789,6,0.0
Gawler,1526,4,0.0,0.8170094778096118,7,0.0
Gawler,1700,0,15.0,7.452794704546479,63,2.0126678104858367
Gawler,1700,1,11.0,14.840097882869909,126,0.7412350030856214
Gawler,1700,2,11.0,14.020935029763512,150,0.7845411148863682
Gawler,1700,3,12.0,13.764694562142475,146,0.871795588766933
Gawler,1700,4,14.0,12.921477820677625,169,1.0834674016617873
Gawler,1705,0,0.0,0.12288056871041127,1,0.0
Gawler,1705,1,1.0,0.2716307308335407,2,3.681468576590528
Gawler,1705,2,0.0,0.020979609292021438,1,0.0
Gawler,1705,3,0.0,0.2625763731390893,2,0.0
Gawler,1705,4,0.0,0.3219327180249371,2,0.0
Gawler,1706,0,3.0,1.1646816520579049,10,2.5758111623886455
Gawler,1706,1,2.0,2.3367878998299925,20,0.8558757087647986
Gawler,1706,2,1.0,1.3645350135307088,20,0.7328503776627312
Gawler,1706,3,1.0,2.645064521994452,22,0.3780626112084299
Gawler,1706,4,3.0,2.4889309125869414,28,1.205336791322128
Gawler,1707,0,0.0,0.3680790070799967,1,0.0
Gawler,1707,1,0.0,0.13382816559939376,2,0.0
Gawler,1707,2,1.0,0.19609406163197626,3,5.0995934893570185
Gawler,1707,3,0.0,0.14483487218939667,3,0.0
Gawler,1707,4,0.0,0.15716389349923668,3,0.0
Gawler,1708,0,0.0,0.23132302574927407,1,0.0
Gawler,1708,1,0.0,0.32657368341073983,2,0.0
Gawler,1708,2,1.0,0.0677282409195187,2,14.764889600311596
Gawler,1708,3,0.0,0.2933596553820339,2,0.0
Gawler,1708,4,0.0,0.08101539453843354,2,0.0
Gawler,1709,0,0.0,0.30470866728583407,2,0.0
Gawler,1709,1,0.0,0.6567503400218524,4,0.0
Gawler,1709,2,1.0,0.3874688900782345,4,2.5808523615872447
Gawler,1709,3,1.0,0.39768070649812914,4,2.5145801233500484
Gawler,1709,4,0.0,0.25339139611594985,5,0.0
Gawler,1716,0,0.0,0.06595934412921135,1,0.0
Gawler,1716,1,1.0,0.5128848010885851,2,1.9497555745023543
Gawler,1716,2,0.0,0.05043949845174985,1,0.0
Gawler,1716,3,0.0,0.34331712260357705,2,0.0
Gawler,1716,4,0.0,0.027399233726876464,2,0.0
Gawler,1717,0,0.0,0.0929122070862275,1,0.0
Gawler,1717,1,0.0,0.4081500525573565,2,0.0
Gawler,1717,2,1.0,0.32054711444748485,2,3.11966620483751
Gawler,1717,3,0.0,0.068659388324749,2,0.0
Gawler,1717,4,0.0,0.10973123758418211,3,0.0
Gawler,1718,0,0.0,0.10421015360509352,2,0.0
Gawler,1718,1,1.0,0.5985503197354842,4,1.670703309359065
Gawler,1718,2,0.0,0.5890716529520565,4,0.0
Gawler,1718,3,1.0,0.5195839980237552,4,1.9246166236903246
Gawler,1718,4,0.0,0.18858387568361057,5,0.0
Gawler,1719,0,3.0,1.7545090297927155,13,1.7098800570746744
Gawler,1719,1,4.0,2.885757728371725,26,1.3861177467094512
Gawler,1719,2,2.0,2.428927024749958,23,0.8234088466309056
Gawler,1719,3,4.0,3.3761127495129295,26,1.1847945542035225
Gawler,1719,4,0.0,2.5546934675726716,32,0.0
Gawler,1722,0,0.0,0.8027436483992985,3,0.0
Gawler,1722,1,2.0,0.5724959050325447,6,3.4934747697213764
Gawler,1722,2,1.0,0.7013726548179655,6,1.4257755746972205
Gawler,1722,3,0.0,0.25571359287844353,6,0.0
Gawler,1722,4,0.0,0.667674198871748,8,0.0
Gawler,1732,0,1.0,0.5381059844885759,5,1.858369965817078
Gawler,1732,1,2.0,1.5412417092364832,10,1.2976549933824342
Gawler,1732,2,0.0,0.5942343729472928,8,0.0
Gawler,1732,3,1.0,1.1399366967833795,10,0.8772416949307392
Gawler,1732,4,1.0,1.1864812365442687,9,0.8428283306970688
Gawler,1738,0,0.0,0.07552669412468219,3,0.0
Gawler,1738,1,1.0,1.0908029910241246,6,0.9167558287139713
Gawler,1738,2,0.0,1.0854682860822562,6,0.0
Gawler,1738,3,2.0,0.42471883723881265,6,4.708997634770392
Gawler,1738,4,0.0,0.32348319153012406,6,0.0
Gawler,2100,0,8.0,4.153140634254247,42,1.9262530948308494
Gawler,2100,1,13.0,9.55137465666925,84,1.361060629207205
Gawler,2100,2,5.0,8.948646285503898,90,0.558743729551542
Gawler,2100,3,7.0,10.077019001412541,93,0.694649876021746
Gawler,2100,4,9.0,9.269819422160065,105,0.9708926992132074
Gawler,2105,0,0.0,0.20543657887931588,2,0.0
Gawler,2105,1,2.0,0.5256020677098336,4,3.805160068556141
Gawler,2105,2,0.0,0.21925565451676357,6,0.0
Gawler,2105,3,0.0,0.875328903866938,5,0.0
Gawler,2105,4,0.0,0.17437679502714892,7,0.0
Gawler,2106,0,1.0,0.20368072315089125,2,4.9096447839061215
Gawler,2106,1,0.0,0.22345440189625548,4,0.0
Gawler,2106,2,0.0,0.44811533414653265,5,0.0
Gawler,2106,3,1.0,0.5822489689320504,4,1.7174783526610282
Gawler,2106,4,0.0,0.5425005718742704,5,0.0
Gawler,2107,0,0.0,0.10125856260426204,1,0.0
Gawler,2107,1,0.0,0.12017499737648682,2,0.0
Gawler,2107,2,0.0,0.17774030476176692,3,0.0
Gawler,2107,3,1.0,0.34378516864666525,3,2.908793313965728
Gawler,2107,4,0.0,0.25704096661081904,3,0.0
Gawler,2108,0,0.0,0.05061009869892702,1,0.0
Gawler,2108,1,1.0,0.19205883608823587,2,5.2067377912286155
Gawler,2108,2,0.0,0.2574817924590573,2,0.0
Gawler,2108,3,0.0,0.07373438769794896,2,0.0
Gawler,2108,4,0.0,0.42611488505583084,3,0.0
Gawler,2112,0,2.0,0.7470243347593586,12,2.6772889542403817
Gawler,2112,1,3.0,2.4533589573620787,24,1.222813315188775
Gawler,2112,2,3.0,2.6242013035645435,30,1.1432049804734858
Gawler,2112,3,4.0,3.7955022747522404,28,1.0538789626364033
Gawler,2112,4,0.0,2.3799131295617793,33,0.0
Gawler,2118,0,0.0,0.08008042201104476,2,0.0
Gawler,2118,1,0.0,0.28885627378366785,4,0.0
Gawler,2118,2,0.0,0.22350521912592386,4,0.0
Gawler,2118,3,0.0,0.4231239612357234,4,0.0
Gawler,2118,4,2.0,0.9844341238436403,6,2.031624007700148
Gawler,2121,0,3.0,1.6126552222756518,15,1.8602860416541092
Gawler,2121,1,6.0,2.9865357344103463,30,2.0090166445587916
Gawler,2121,2,1.0,3.196275715829607,33,0.3128641234069651
Gawler,2121,3,2.0,3.8327904853929686,30,0.5218130256851083
Gawler,2121,4,3.0,3.371742842091426,39,0.8897475698766988
Gawler,2122,0,1.0,0.1590119924210564,2,6.288833846896567
Gawler,2122,1,0.0,0.2623643845262994,4,0.0
Gawler,2122,2,1.0,0.9185695713560185,5,1.0886491684280066
Gawler,2122,3,0.0,0.38512897658152656,5,0.0
Gawler,2122,4,0.0,0.2749250751150993,5,0.0
Gawler,2132,0,0.0,0.6616582394305721,6,0.0
Gawler,2132,1,2.0,1.6601758585005513,12,1.2046916534531307
Gawler,2132,2,1.0,0.7006080260063114,9,1.4273316360652017
Gawler,2132,3,1.0,1.7001859840773634,12,0.5881709468053685
Gawler,2132,4,2.0,1.2773718919852017,12,1.5657147402012583
Gawler,2138,0,0.0,0.09848814369036407,2,0.0
Gawler,2138,1,0.0,0.6134645229236795,4,0.0
Gawler,2138,2,0.0,0.42111540577528583,4,0.0
Gawler,2138,3,1.0,0.346523947590447,4,2.8858034400031984
Gawler,2138,4,1.0,0.5204079800202236,5,1.9215693040701238
Gawler,3000,0,0.0,0.42503014472366746,1,0.0
Gawler,3000,1,1.0,0.3354783388300177,2,2.980818384541621
Gawler,3000,2,0.0,0.12491925400480547,2,0.0
Gawler,3000,3,0.0,0.038863767912606144,2,0.0
Gawler,3000,4,0.0,0.07570849452890326,2,0.0
Gawler,3340,0,0.0,0.4306880074401781,4,0.0
Gawler,3340,1,2.0,1.3745818443888058,8,1.4549879355414301
Gawler,3340,2,1.0,0.9627978749497967,6,1.038639600292162
Gawler,3340,3,0.0,0.611497263548594,8,0.0
Gawler,3340,4,1.0,0.6204350096726253,9,1.6117723603760745
Gayndah,1200,0,0.0,0.2235717983371956,1,0.0
Gayndah,1200,1,0.0,0.2260559294298311,2,0.0
Gayndah,1200,2,1.0,0.22746997328256208,3,4.3961846285435
Gayndah,1200,3,0.0,0.13758264513058188,2,0.0
Gayndah,1200,4,0.0,0.18531965381982926,3,0.0
Geelong,1100,0,11.0,6.455154216328486,62,1.7040646329060898
Geelong,1100,1,18.0,16.130922343689047,124,1.1158692365190264
Geelong,1100,2,7.0,13.711096877672107,143,0.5105353760135106
Geelong,1100,3,12.0,14.253981337133265,139,0.8418700513335609
Geelong,1100,4,14.0,11.448845225177097,159,1.2228307505819602
Geelong,1106,0,0.0,0.08878012818793286,1,0.0
Geelong,1106,1,1.0,0.3675052014801422,2,2.721049922483979
Geelong,1106,2,0.0,0.21085280444634055,1,0.0
Geelong,1106,3,0.0,0.22532309494756003,2,0.0
Geelong,1106,4,0.0,0.10753877093802433,2,0.0
Geelong,1107,0,0.0,0.06377946879886699,2,0.0
Geelong,1107,1,0.0,0.2760187649017314,4,0.0
Geelong,1107,2,1.0,0.6739987786937082,5,1.4836822136949892
Geelong,1107,3,0.0,0.388678886976302,5,0.0
Geelong,1107,4,1.0,0.5975241006293914,5,1.6735726625029312
Geelong,1109,0,3.0,1.2082368113307749,7,2.4829569599818293
Geelong,1109,1,1.0,1.426628742997866,14,0.7009532121851382
Geelong,1109,2,1.0,1.2050754270929394,12,0.829823575784254
Geelong,1109,3,1.0,1.959715566985683,14,0.510278132626226
Geelong,1109,4,1.0,1.2003434515927371,16,0.8330948935265976
Geelong,1112,0,4.0,2.1976643489716268,24,1.8201141597768362
Geelong,1112,1,6.0,6.099355468347967,48,0.9837104971396465
Geelong,1112,2,7.0,6.344330179304392,63,1.1033473672026788
Geelong,1112,3,4.0,4.54808716737993,57,0.8794906194166737
Geelong,1112,4,3.0,4.810562835996083,69,0.6236276507089455
Geelong,1114,0,1.0,0.5672524760808618,1,1.762883446378205
Geelong,1114,1,0.0,0.13363006509355876,2,0.0
Geelong,1114,2,0.0,0.1462250827230666,2,0.0
Geelong,1114,3,0.0,0.0947243647525337,2,0.0
Geelong,1114,4,0.0,0.05816801134997919,2,0.0
Geelong,1118,0,3.0,1.7086547257011528,7,1.7557672447655794
Geelong,1118,1,1.0,1.7527993312990535,14,0.5705159638889576
Geelong,1118,2,1.0,1.210267351700665,19,0.8262637165208184
Geelong,1118,3,2.0,1.0703640437376805,17,1.8685231549969274
Geelong,1118,4,0.0,1.257914547561448,20,0.0
Geelong,1121,0,1.0,0.9327221600289353,6,1.0721306331662341
Geelong,1121,1,0.0,0.7794221452849708,12,0.0
Geelong,1121,2,1.0,1.45896512343288,14,0.6854173440740273
Geelong,1121,3,1.0,1.2283136755533164,13,0.8141242908083163
Geelong,1121,4,3.0,1.6005768956998978,14,1.8743241940201596
Geelong,1125,0,11.0,3.803473716825913,28,2.8920930756897025
Geelong,1125,1,5.0,6.254234158663759,54,0.7994583946099436
Geelong,1125,2,5.0,6.858458633389067,56,0.7290267780662081
Geelong,1125,3,4.0,4.744183274576058,56,0.8431377475309364
Geelong,1125,4,2.0,5.339650216545203,70,0.37455636959194233
Geelong,1130,0,1.0,0.9581089857453573,11,1.043722598240798
Geelong,1130,1,1.0,2.910080400728453,22,0.34363311740448116
Geelong,1130,2,1.0,2.369822038074703,25,0.42197261394886115
Geelong,1130,3,4.0,2.86027611035332,25,1.3984663877453054
Geelong,1130,4,4.0,1.9017124650981672,28,2.1033673982851653
Geelong,1135,0,2.0,2.137548780014182,12,0.9356511620692608
Geelong,1135,1,3.0,2.700163791304973,24,1.1110437113706046
Geelong,1135,2,5.0,2.536656299233962,24,1.9710987261104063
Geelong,1135,3,1.0,1.9511785352055508,24,0.5125107630884495
Geelong,1135,4,1.0,2.6744525942413326,28,0.37390829142128507
Geelong,1140,0,3.0,1.6453194208440027,13,1.8233541536032463
Geelong,1140,1,2.0,3.0283618669369017,26,0.6604230563842559
Geelong,1140,2,3.0,2.566080404829991,24,1.1690982068813067
Geelong,1140,3,0.0,2.0557700609724643,26,0.0
Geelong,1140,4,5.0,3.704468246416641,33,1.3497213816953448
Geelong,1143,0,3.0,1.3972086480115515,9,2.1471381559722476
Geelong,1143,1,0.0,2.4481619743485483,18,0.0
Geelong,1143,2,3.0,1.7403051047570652,18,1.7238356606549055
Geelong,1143,3,2.0,1.6692507090570654,18,1.1981423695963382
Geelong,1143,4,1.0,1.7450735638257695,24,0.5730417449036787
Geelong,1147,0,4.0,2.3041722765195543,13,1.7359813069368184
Geelong,1147,1,2.0,2.7740588013011607,26,0.7209652510112289
Geelong,1147,2,4.0,3.338112104627275,28,1.1982821051621422
Geelong,1147,3,2.0,2.466995118504801,26,0.8107028607385985
Geelong,1147,4,1.0,2.1166616990472096,35,0.4724420536593723
Geelong,1150,0,3.0,0.6535859003688216,5,4.5900622983254165
Geelong,1150,1,2.0,1.908661435382666,10,1.0478547755637035
Geelong,1150,2,0.0,0.8481134110803071,10,0.0
Geelong,1150,3,0.0,0.6330755035927332,10,0.0
Geelong,1150,4,0.0,0.9565637495754722,14,0.0
Geelong,1200,0,17.0,8.894138176176531,65,1.9113712496097142
Geelong,1200,1,13.0,14.122607653880138,130,0.9205098887264134
Geelong,1200,2,22.0,18.70652448706515,183,1.1760602572226693
Geelong,1200,3,8.0,12.28622897815758,164,0.6511355123058813
Geelong,1200,4,5.0,10.990500704720603,186,0.4549383266817332
Geelong,1206,0,0.0,0.1162657413286145,1,0.0
Geelong,1206,1,0.0,0.47099226032678204,2,0.0
Geelong,1206,2,1.0,0.09731167238706441,3,10.276259522315327
Geelong,1206,3,0.0,0.07587970411793239,2,0.0
Geelong,1206,4,0.0,0.23955062183960665,3,0.0
Geelong,1207,0,2.0,1.0041102466427085,2,1.9918131566599357
Geelong,1207,1,0.0,0.15438887723395028,4,0.0
Geelong,1207,2,0.0,0.32621620319115124,5,0.0
Geelong,1207,3,0.0,0.32998341083775806,4,0.0
Geelong,1207,4,0.0,0.1853012620944318,6,0.0
Geelong,1209,0,1.0,0.5383081563758241,5,1.8576720195594476
Geelong,1209,1,2.0,1.1136726492313742,10,1.7958598528753886
Geelong,1209,2,1.0,1.3650954747518127,11,0.7325494945192822
Geelong,1209,3,1.0,1.039682364120152,11,0.9618322234851662
Geelong,1209,4,0.0,0.9432413555208368,12,0.0
Geelong,1212,0,13.0,5.030399330040077,36,2.584287875987855
Geelong,1212,1,9.0,8.011144256651988,72,1.123435018977086
Geelong,1212,2,9.0,9.541842444443429,92,0.9432140650405558
Geelong,1212,3,1.0,6.763662814261211,85,0.14784888417138356
Geelong,1212,4,4.0,6.652951154603295,96,0.6012369408773321
Geelong,1214,0,0.0,0.0823782065905712,1,0.0
Geelong,1214,1,0.0,0.257431895595535,2,0.0
Geelong,1214,2,0.0,0.07488927871870109,1,0.0
Geelong,1214,3,0.0,0.3236286687486725,2,0.0
Geelong,1214,4,1.0,0.26167195034652024,2,3.821578884078884
Geelong,1218,0,1.0,0.4979782384242697,4,2.0081198792225448
Geelong,1218,1,1.0,1.3031083673127513,9,0.7673958859324829
Geelong,1218,2,1.0,1.045791926337734,12,0.9562131575273362
Geelong,1218,3,1.0,0.9211600716838333,11,1.085587652721477
Geelong,1218,4,0.0,0.23196139624141168,10,0.0
Geelong,1221,0,0.0,0.8252045484247189,5,0.0
Geelong,1221,1,0.0,0.55152497203956,10,0.0
Geelong,1221,2,2.0,1.5399482495518646,18,1.298744941969325
Geelong,1221,3,1.0,1.2963272698798556,14,0.7714101394261964
Geelong,1221,4,2.0,0.7869949601040007,15,2.541312335387385
Geelong,1225,0,7.0,3.7677642412174603,21,1.8578657134179186
Geelong,1225,1,5.0,4.362479056063863,42,1.1461373076507908
Geelong,1225,2,4.0,5.476374178628635,49,0.7304102805118512
Geelong,1225,3,4.0,4.024592240064292,46,0.9938895076575759
Geelong,1225,4,1.0,3.368790284025749,56,0.2968424614443458
Geelong,1230,0,1.0,1.4838904674202968,14,0.6739041876443028
Geelong,1230,1,4.0,3.438833253618776,28,1.1631852157387081
Geelong,1230,2,4.0,3.7635200434560976,40,1.062834780687587
Geelong,1230,3,3.0,3.065623038830127,33,0.9785938982063596
Geelong,1230,4,2.0,2.248133196674703,39,0.8896270038440223
Geelong,1235,0,4.0,2.702006959152024,13,1.4803810872697856
Geelong,1235,1,5.0,2.472773181792569,26,2.0220212823464006
Geelong,1235,2,1.0,3.4518554996563497,29,0.28969926467071266
Geelong,1235,3,1.0,1.9826534767475228,28,0.5043745726260076
Geelong,1235,4,2.0,2.3907108826515344,33,0.836571253560281
Geelong,1240,0,2.0,1.0291576087182543,8,1.9433369418420408
Geelong,1240,1,3.0,1.6647543173885726,16,1.8020677097302675
Geelong,1240,2,1.0,1.3695591680975785,17,0.7301619552436539
Geelong,1240,3,0.0,1.7613126913959172,17,0.0
Geelong,1240,4,2.0,2.175216214399678,19,0.9194488284705828
Geelong,1243,0,0.0,1.4722635092381167,10,0.0
Geelong,1243,1,2.0,2.6939743038252986,20,0.742397578610942
Geelong,1243,2,4.0,2.1693999076215102,23,1.8438278649995545
Geelong,1243,3,1.0,2.3309742127165425,20,0.42900517497985924
Geelong,1243,4,3.0,1.333388066598532,25,2.249907641406293
Geelong,1247,0,2.0,1.0343117998439135,12,1.9336528891015428
Geelong,1247,1,4.0,3.176658915122953,24,1.259184604603727
Geelong,1247,2,5.0,3.076324452184245,24,1.625316210209853
Geelong,1247,3,1.0,2.518296009637014,24,0.3970939064245031
Geelong,1247,4,0.0,2.1944088232118744,31,0.0
Geelong,1250,0,2.0,1.1116796020481226,5,1.799079515640356
Geelong,1250,1,1.0,0.9100345132509682,10,1.0988594228450117
Geelong,1250,2,1.0,0.9439201435243121,10,1.0594116534755817
Geelong,1250,3,0.0,0.9276520870683816,10,0.0
Geelong,1250,4,1.0,1.1067136541082156,14,0.9035760933172863
Geelong,1300,0,14.0,5.815610851831497,45,2.407313755457178
Geelong,1300,1,15.0,10.218674622984356,90,1.4679007359977239
Geelong,1300,2,7.0,12.874382885975052,131,0.5437153813116418
Geelong,1300,3,5.0,7.624485041204771,110,0.6557819935351245
Geelong,1300,4,4.0,8.466846598004324,133,0.472430904906535
Geelong,1306,0,0.0,0.0679441594651935,1,0.0
Geelong,1306,1,0.0,0.05871132943333794,2,0.0
Geelong,1306,2,1.0,0.7753483953553071,3,1.2897427865853068
Geelong,1306,3,0.0,0.02138639690217232,2,0.0
Geelong,1306,4,0.0,0.07660971884398919,3,0.0
Geelong,1307,0,1.0,0.29178096934043013,1,3.4272283153370027
Geelong,1307,1,0.0,0.1350202132634147,2,0.0
Geelong,1307,2,0.0,0.19481990875961025,2,0.0
Geelong,1307,3,0.0,0.0368330739697191,2,0.0
Geelong,1307,4,0.0,0.3415458346668257,3,0.0
Geelong,1309,0,0.0,0.1482065054961332,3,0.0
Geelong,1309,1,1.0,0.6697738929711511,6,1.4930411747820582
Geelong,1309,2,2.0,1.2205517350067059,9,1.6386032174121745
Geelong,1309,3,0.0,0.5387130820072389,7,0.0
Geelong,1309,4,0.0,0.4227547845187709,8,0.0
Geelong,1312,0,4.0,2.2551612976325246,22,1.7737090487492901
Geelong,1312,1,7.0,5.7006326165966055,44,1.2279338927438448
Geelong,1312,2,5.0,6.316656893960674,65,0.7915579528754326
Geelong,1312,3,6.0,3.533956519461397,55,1.697813758306921
Geelong,1312,4,0.0,4.193592672348799,65,0.0
Geelong,1314,0,0.0,0.0738817642784602,1,0.0
Geelong,1314,1,1.0,0.1561657684160394,2,6.403451986583331
Geelong,1314,2,0.0,0.42722933256674817,2,0.0
Geelong,1314,3,0.0,0.09370370103609586,2,0.0
Geelong,1314,4,0.0,0.24901943370265628,2,0.0
Geelong,1318,0,1.0,0.42856969526544275,4,2.333342770259645
Geelong,1318,1,1.0,0.7926630744489259,8,1.261570056981926
Geelong,1318,2,0.0,0.8160009637401926,11,0.0
Geelong,1318,3,1.0,1.0078949223178602,10,0.9921669192462006
Geelong,1318,4,1.0,0.9548713442275785,11,1.047261503913836
Geelong,1321,0,3.0,1.0086381766005,10,2.9743074073511258
Geelong,1321,1,3.0,1.7472643887051729,20,1.7169696923905025
Geelong,1321,2,1.0,2.6239409289487967,25,0.3811061403736021
Geelong,1321,3,0.0,1.608695328525188,23,0.0
Geelong,1321,4,3.0,3.0114611772203426,28,0.9961941474434276
Geelong,1325,0,6.0,2.9666837841421954,23,2.0224602406470753
Geelong,1325,1,5.0,5.932823691407444,46,0.8427690186110772
Geelong,1325,2,8.0,5.500388844073803,52,1.4544426270188722
Geelong,1325,3,3.0,4.103016148140908,50,0.7311694352846531
Geelong,1325,4,1.0,4.49708753223565,62,0.22236614093719168
Geelong,1330,0,3.0,1.1202966640669223,10,2.677862120118561
Geelong,1330,1,2.0,1.9527131428124644,20,1.024215977324467
Geelong,1330,2,3.0,3.446564754687272,35,0.8704319267235727
Geelong,1330,3,0.0,1.7531485914449287,26,0.0
Geelong,1330,4,2.0,1.7272768469884117,29,1.1578919751556296
Geelong,1335,0,0.0,1.4794594460339685,11,0.0
Geelong,1335,1,2.0,1.8581780354554596,22,1.0763231304204812
Geelong,1335,2,3.0,3.020300740467481,24,0.9932785698472071
Geelong,1335,3,4.0,2.038732731716286,22,1.9620031295777751
Geelong,1335,4,2.0,2.6033290463268046,28,0.7682471037696605
Geelong,1340,0,0.0,0.8388433845341744,10,0.0
Geelong,1340,1,1.0,1.771333206126994,20,0.5645465215358844
Geelong,1340,2,2.0,2.4434153989157927,21,0.8185263958340658
Geelong,1340,3,5.0,2.3617607238887004,22,2.117064590593822
Geelong,1340,4,2.0,2.5846472865343384,25,0.7737999727930881
Geelong,1343,0,6.0,1.0626197434918885,9,5.646422473088371
Geelong,1343,1,1.0,2.4924013148005124,18,0.40121949625918824
Geelong,1343,2,0.0,1.629238615314567,16,0.0
Geelong,1343,3,1.0,1.7666696737768206,18,0.5660367723764571
Geelong,1343,4,1.0,2.0490706526162112,22,0.48802611990134187
Geelong,1347,0,4.0,1.696804586956309,18,2.3573722223223785
Geelong,1347,1,4.0,3.9602480468242884,36,1.010037743269033
Geelong,1347,2,2.0,5.063648453706417,41,0.3949721269722168
Geelong,1347,3,3.0,3.2703561840574404,36,0.9173312725459717
Geelong,1347,4,5.0,4.008942728455545,47,1.2472116312637527
Geelong,1350,0,0.0,0.04687843728281701,1,0.0
Geelong,1350,1,1.0,0.42112317870760657,2,2.374602136764165
Geelong,1350,2,0.0,0.3340088656400712,2,0.0
Geelong,1350,3,0.0,0.040808875715354034,2,0.0
Geelong,1350,4,0.0,0.15718064265415113,2,0.0
Geelong,1400,0,10.0,6.9894936539280845,51,1.4307188038406782
Geelong,1400,1,16.0,11.514163749589978,102,1.3895928829889852
Geelong,1400,2,10.0,13.266511806088378,151,0.7537776429981178
Geelong,1400,3,7.0,9.605065774703311,127,0.7287820993829917
Geelong,1400,4,8.0,9.624765015690251,154,0.8311891237820803
Geelong,1406,0,1.0,0.15446700130868043,2,6.473874623885794
Geelong,1406,1,0.0,0.1989681268322222,4,0.0
Geelong,1406,2,0.0,0.3934859034726698,2,0.0
Geelong,1406,3,1.0,0.8490187874255231,4,1.1778302374583451
Geelong,1406,4,0.0,0.4040601809609044,4,0.0
Geelong,1409,0,0.0,0.5794034262792772,3,0.0
Geelong,1409,1,1.0,0.900234047633407,6,1.110822238537705
Geelong,1409,2,0.0,0.24565448291230782,4,0.0
Geelong,1409,3,2.0,0.8186543660263136,6,2.443033449766901
Geelong,1409,4,0.0,0.45605367714869427,7,0.0
Geelong,1412,0,2.0,1.6706025030034035,21,1.197172874100456
Geelong,1412,1,6.0,4.840391065577309,42,1.2395692659358268
Geelong,1412,2,7.0,6.111189396134878,59,1.145439872052937
Geelong,1412,3,4.0,4.794545469029321,51,0.8342813778361808
Geelong,1412,4,2.0,3.5832715662550867,64,0.5581491558816515
Geelong,1414,0,1.0,0.30364595396805333,1,3.293309154730941
Geelong,1414,1,0.0,0.012196094323705763,2,0.0
Geelong,1414,2,0.0,0.4719497146378461,2,0.0
Geelong,1414,3,0.0,0.1375962085113976,2,0.0
Geelong,1414,4,0.0,0.07461202855899729,2,0.0
Geelong,1418,0,3.0,0.9973075498588138,7,3.008099156999967
Geelong,1418,1,1.0,1.5104507377528886,14,0.6620540312938038
Geelong,1418,2,2.0,1.6900484477503817,21,1.1833980278270684
Geelong,1418,3,0.0,1.5323519480957144,18,0.0
Geelong,1418,4,1.0,1.2698413165422013,19,0.7874999710381265
Geelong,1421,0,0.0,0.5003078024903088,4,0.0
Geelong,1421,1,1.0,1.2353046237971264,8,0.8095169245996683
Geelong,1421,2,3.0,1.0403180141453365,11,2.883733588391836
Geelong,1421,3,0.0,0.3969909165925757,9,0.0
Geelong,1421,4,0.0,0.8270786429746528,11,0.0
Geelong,1425,0,2.0,1.9100436134314775,15,1.0470965091770401
Geelong,1425,1,5.0,3.7813559851652965,30,1.3222769873070896
Geelong,1425,2,3.0,3.368385838855728,37,0.8906343107709799
Geelong,1425,3,3.0,2.5138540532241263,35,1.1933867028407519
Geelong,1425,4,2.0,3.4263605093233713,42,0.58370973940362
Geelong,1430,0,2.0,1.2513036044353145,11,1.598333124679646
Geelong,1430,1,4.0,2.7056703023842745,22,1.47837672478984
Geelong,1430,2,2.0,3.00545822613903,31,0.6654559303488657
Geelong,1430,3,2.0,2.037167356349695,25,0.9817553740816399
Geelong,1430,4,1.0,2.0004005106916862,31,0.49989989237416566
Geelong,1435,0,2.0,1.0888962784552825,9,1.8367222292624759
Geelong,1435,1,1.0,2.0991087328152087,18,0.4763926634037939
Geelong,1435,2,0.0,1.788737905699645,23,0.0
Geelong,1435,3,2.0,1.8917690437232957,20,1.057211506148599
Geelong,1435,4,4.0,2.1314880393065683,25,1.8766232445298217
Geelong,1440,0,2.0,1.4521030042996332,11,1.3773127623027157
Geelong,1440,1,4.0,1.8821209385952917,22,2.1252619414485516
Geelong,1440,2,3.0,2.712426587760072,28,1.1060207172196344
Geelong,1440,3,2.0,2.651895748624269,28,0.7541774600444023
Geelong,1440,4,0.0,2.301453720720734,30,0.0
Geelong,1443,0,1.0,1.513656876636283,13,0.6606517074214635
Geelong,1443,1,6.0,3.7287428342995,26,1.6091214295627843
Geelong,1443,2,2.0,2.9824009258305306,28,0.6706006501936173
Geelong,1443,3,1.0,1.9461758775279776,26,0.5138281753189721
Geelong,1443,4,3.0,2.829023485705709,37,1.0604365835625575
Geelong,1447,0,1.0,1.4914605481430594,14,0.6704837089020212
Geelong,1447,1,4.0,3.536524191436564,28,1.1310540472720954
Geelong,1447,2,0.0,3.627118775623434,31,0.0
Geelong,1447,3,5.0,2.718821390579198,28,1.8390321693529255
Geelong,1447,4,4.0,2.6260750942177444,38,1.5231856883329227
Geelong,1450,0,2.0,0.38382951538678506,3,5.210646705959023
Geelong,1450,1,0.0,0.4569269566665688,6,0.0
Geelong,1450,2,1.0,1.0201215653192788,8,0.9802753259970726
Geelong,1450,3,0.0,0.5508997756817785,7,0.0
Geelong,1450,4,0.0,0.5882221869455889,9,0.0
Geelong,1500,0,2.0,2.953809939732448,33,0.6770916344675708
Geelong,1500,1,8.0,7.63760132933639,66,1.04744927825332
Geelong,1500,2,11.0,8.987903153003222,88,1.2238672149381644
Geelong,1500,3,7.0,7.0201322004550395,80,0.9971322191833176
Geelong,1500,4,5.0,6.400553377472901,93,0.7811824548792569
Geelong,1506,0,0.0,0.04107167665231845,1,0.0
Geelong,1506,1,0.0,0.18094514888783653,2,0.0
Geelong,1506,2,0.0,0.1236752168102026,3,0.0
Geelong,1506,3,0.0,0.024239545141341114,2,0.0
Geelong,1506,4,1.0,0.6300684125083013,3,1.58712923890122
Geelong,1507,0,0.0,0.050565243005911344,1,0.0
Geelong,1507,1,0.0,0.17467993038405738,2,0.0
Geelong,1507,2,0.0,0.5064015447703121,3,0.0
Geelong,1507,3,1.0,0.1976641317503807,2,5.059086801154423
Geelong,1507,4,0.0,0.07068915008933846,3,0.0
Geelong,1509,0,0.0,0.4418341699091248,4,0.0
Geelong,1509,1,0.0,0.764355719571203,8,0.0
Geelong,1509,2,2.0,0.9959898964874369,12,2.0080524983771535
Geelong,1509,3,1.0,0.7988809153465204,10,1.2517510191944474
Geelong,1509,4,1.0,0.998939298685715,12,1.001061827596212
Geelong,1512,0,1.0,2.5553800461453977,24,0.3913312235134755
Geelong,1512,1,7.0,4.7305091581615795,48,1.4797561458945392
Geelong,1512,2,10.0,6.626195083942207,66,1.5091617245368774
Geelong,1512,3,5.0,5.98388870621119,57,0.835577037856682
Geelong,1512,4,1.0,4.104027005539626,70,0.24366311397322618
Geelong,1514,0,0.0,0.06925594999785759,1,0.0
Geelong,1514,1,0.0,0.32753990469575,2,0.0
Geelong,1514,2,0.0,0.34897803375543823,2,0.0
Geelong,1514,3,0.0,0.09940265764398383,2,0.0
Geelong,1514,4,1.0,0.15482345390697047,3,6.458969715278894
Geelong,1518,0,3.0,0.4665341274368098,6,6.430397742781075
Geelong,1518,1,0.0,0.9103865309320783,12,0.0
Geelong,1518,2,0.0,1.4792970083935912,15,0.0
Geelong,1518,3,2.0,1.4914555217866023,13,1.340971937000318
Geelong,1518,4,1.0,1.6523268114509184,17,0.605207149741699
Geelong,1521,0,1.0,0.8678664914841301,5,1.1522509623454982
Geelong,1521,1,2.0,1.1646900534827132,10,1.7171950546151762
Geelong,1521,2,0.0,1.6132950791109486,14,0.0
Geelong,1521,3,2.0,0.6972887728850747,10,2.8682521184514105
Geelong,1521,4,0.0,0.6568596030371334,14,0.0
Geelong,1525,0,3.0,1.9749400214135036,17,1.5190334731547142
Geelong,1525,1,6.0,4.250951150329753,34,1.411448823526135
Geelong,1525,2,4.0,5.028433159530061,49,0.7954764184185409
Geelong,1525,3,1.0,2.797179152990385,42,0.3575030219036662
Geelong,1525,4,3.0,2.9484965157362972,49,1.0174677107430263
Geelong,1530,0,2.0,1.1012455769035292,7,1.8161253420182437
Geelong,1530,1,3.0,1.4661272415946143,14,2.046207119606542
Geelong,1530,2,0.0,1.2398895863893529,19,0.0
Geelong,1530,3,0.0,1.8190155933102417,18,0.0
Geelong,1530,4,2.0,1.3737220018022622,21,1.4558986442497746
Geelong,1535,0,1.0,0.4759751870589116,6,2.1009498545062386
Geelong,1535,1,1.0,1.7275135387370868,12,0.5788666644726028
Geelong,1535,2,3.0,1.4800604378396272,12,2.026944253965031
Geelong,1535,3,0.0,1.2972364411239397,12,0.0
Geelong,1535,4,1.0,1.019214395240435,15,0.9811478376579422
Geelong,1540,0,2.0,0.7436742457102912,8,2.6893495526253957
Geelong,1540,1,3.0,3.014961692301056,16,0.9950375182745234
Geelong,1540,2,2.0,1.833050911686812,19,1.0910771693512638
Geelong,1540,3,1.0,1.379884483714439,17,0.7246983438121952
Geelong,1540,4,0.0,1.0284286665874018,20,0.0
Geelong,1543,0,1.0,1.4373244948742927,9,0.6957371168209717
Geelong,1543,1,2.0,2.763714807975488,18,0.7236636697203449
Geelong,1543,2,3.0,2.345038969099934,20,1.2792964379399852
Geelong,1543,3,0.0,1.0779308304514748,18,0.0
Geelong,1543,4,3.0,1.375990897598811,24,2.1802469807287133
Geelong,1547,0,1.0,0.6649166345314503,7,1.5039479358260819
Geelong,1547,1,1.0,1.5187635701275537,14,0.6584303308750122
Geelong,1547,2,1.0,1.8027477754664563,15,0.5547087693625098
Geelong,1547,3,3.0,1.3472977577524687,15,2.226679279125745
Geelong,1547,4,1.0,1.666274262122071,18,0.6001412989038537
Geelong,1550,0,1.0,0.1760837553461706,2,5.6791155892493155
Geelong,1550,1,0.0,0.34305812268769537,4,0.0
Geelong,1550,2,1.0,0.8333355639759856,4,1.1999967878831788
Geelong,1550,3,0.0,0.32022847568092344,4,0.0
Geelong,1550,4,0.0,0.327294082309225,6,0.0
Geelong,1557,0,0.0,0.28855414843679866,2,0.0
Geelong,1557,1,0.0,0.28950064761983446,4,0.0
Geelong,1557,2,1.0,0.43749266010985466,4,2.2857526335388103
Geelong,1557,3,0.0,0.6362209742822718,4,0.0
Geelong,1557,4,1.0,0.3482315695512405,6,2.8716523355096184
Geelong,1700,0,5.0,5.137418270206605,52,0.9732514926799841
Geelong,1700,1,15.0,11.613808458435562,104,1.291565988339072
Geelong,1700,2,17.0,14.5945400384808,144,1.1648191690301186
Geelong,1700,3,9.0,10.285535967560751,132,0.8750151696892446
Geelong,1700,4,6.0,10.368697265316284,151,0.578664787530276
Geelong,1708,0,0.0,0.3500750251281096,2,0.0
Geelong,1708,1,0.0,0.3095488338641451,4,0.0
Geelong,1708,2,1.0,0.5150080043771528,4,1.9417173937119547
Geelong,1708,3,1.0,0.4354279723880814,4,2.2965910860424366
Geelong,1708,4,0.0,0.38994016424251104,5,0.0
Geelong,1710,0,1.0,0.17040159460119908,2,5.8684896836814175
Geelong,1710,1,1.0,0.3543282249667944,4,2.8222420048352466
Geelong,1710,2,0.0,0.3547944722703983,3,0.0
Geelong,1710,3,0.0,0.34563252373366016,4,0.0
Geelong,1710,4,0.0,0.774843184427948,5,0.0
Geelong,1715,0,4.0,3.2956343941752,30,1.213726864566566
Geelong,1715,1,12.0,7.717829506959838,60,1.5548412917360452
Geelong,1715,2,7.0,6.996729199639536,88,1.0004674756257013
Geelong,1715,3,4.0,6.243863958035117,75,0.6406289481775899
Geelong,1715,4,3.0,5.745942941190308,89,0.5221075166782863
Geelong,1720,0,1.0,0.5858209018465843,5,1.7070063509988613
Geelong,1720,1,1.0,2.0111698747551436,10,0.49722304045636534
Geelong,1720,2,1.0,0.9084268267535641,12,1.1008041270354048
Geelong,1720,3,1.0,0.7419007881697326,12,1.3478891193349416
Geelong,1720,4,1.0,0.7526816084749754,15,1.32858301403979
Geelong,1726,0,1.0,1.055470314357889,9,0.9474449317964616
Geelong,1726,1,0.0,1.0602811176218727,18,0.0
Geelong,1726,2,6.0,2.686837505963685,21,2.2331086218211724
Geelong,1726,3,1.0,2.536670245982418,20,0.39421757778087296
Geelong,1726,4,1.0,1.6607408160741353,24,0.602140918270392
Geelong,1730,0,1.0,0.12496624465824917,1,8.00216092541426
Geelong,1730,1,0.0,0.27483177866569836,2,0.0
Geelong,1730,2,0.0,0.1837030686708877,4,0.0
Geelong,1730,3,0.0,0.29496902554073745,3,0.0
Geelong,1730,4,0.0,0.12152988246442742,4,0.0
Geelong,1733,0,2.0,1.6233429674435351,15,1.2320255424210387
Geelong,1733,1,4.0,3.4408650106685816,30,1.1624983797962987
Geelong,1733,2,1.0,4.018768111977943,41,0.2488324710797567
Geelong,1733,3,4.0,3.0370837721783634,37,1.3170529033945548
Geelong,1733,4,4.0,2.879940137731577,41,1.3889177582526604
Geelong,1740,0,1.0,0.6996017372524477,4,1.429384672381331
Geelong,1740,1,0.0,0.4235416686047749,8,0.0
Geelong,1740,2,2.0,1.5213726786165966,13,1.3146022852327184
Geelong,1740,3,0.0,0.8710435423650509,11,0.0
Geelong,1740,4,1.0,0.48444037316113,12,2.0642375313904515
Geelong,1741,0,1.0,0.959534786447676,8,1.042171700415502
Geelong,1741,1,1.0,1.5480548180841907,16,0.6459719567538048
Geelong,1741,2,0.0,2.0018919872517222,25,0.0
Geelong,1741,3,2.0,1.5962100963701233,21,1.2529678922267933
Geelong,1741,4,4.0,1.8943083118462878,23,2.1115886864801854
Geelong,1750,0,3.0,0.8872310001742926,9,3.381306558732352
Geelong,1750,1,2.0,1.7229996628477042,18,1.1607663327655449
Geelong,1750,2,3.0,2.6773150471687663,23,1.1205255814673247
Geelong,1750,3,0.0,1.9920868279529327,20,0.0
Geelong,1750,4,1.0,1.720367461856304,25,0.5812711657083911
Geelong,1755,0,2.0,1.7238529996964218,11,1.1601917334901577
Geelong,1755,1,2.0,2.8601983932723045,22,0.6992521933808353
Geelong,1755,2,3.0,2.024673443287937,23,1.4817204275313636
Geelong,1755,3,2.0,2.134840263793376,22,0.9368382421484875
Geelong,1755,4,2.0,2.256434899949961,26,0.8863539559879846
Geelong,1760,0,0.0,0.8339217320924069,12,0.0
Geelong,1760,1,3.0,2.4904514468769143,24,1.204600878191009
Geelong,1760,2,7.0,3.4357907971827535,25,2.037376666163665
Geelong,1760,3,1.0,2.532195591475175,24,0.3949142014805549
Geelong,1760,4,1.0,2.707640432372751,31,0.36932525753564815
Geelong,1765,0,4.0,1.7187625669113176,16,2.3272557111760666
Geelong,1765,1,3.0,3.750197733830395,32,0.7999578190070116
Geelong,1765,2,3.0,4.022596448997364,35,0.7457869657165717
Geelong,1765,3,3.0,3.937015663827382,32,0.761998492300521
Geelong,1765,4,3.0,2.5714275864335416,43,1.166667113562731
Geelong,1770,0,0.0,0.23855323334820577,1,0.0
Geelong,1770,1,0.0,0.014461767785435729,2,0.0
Geelong,1770,2,0.0,0.291999586174853,2,0.0
Geelong,1770,3,1.0,0.38613687669750146,2,2.5897552405578637
Geelong,1770,4,0.0,0.06884853599400403,3,0.0
Geelong,2200,0,3.0,2.7739799939980134,22,1.081478599878521
Geelong,2200,1,4.0,3.480196000466644,44,1.1493605531020834
Geelong,2200,2,3.0,5.931614361186848,61,0.505764504791531
Geelong,2200,3,6.0,5.272229205888281,54,1.138038534686411
Geelong,2200,4,6.0,4.541980438460213,64,1.3210096523520198
Geelong,2212,0,0.0,0.1689442122997779,2,0.0
Geelong,2212,1,1.0,0.8508235081058728,4,1.1753318878391454
Geelong,2212,2,1.0,0.5979333938109951,6,1.6724270802578671
Geelong,2212,3,0.0,0.24356553889753418,4,0.0
Geelong,2212,4,0.0,0.1387333468858201,4,0.0
Geelong,2218,0,1.0,0.03736816777462942,2,26.76074476091749
Geelong,2218,1,0.0,0.661126815278584,4,0.0
Geelong,2218,2,1.0,0.38136359039486434,4,2.622169565176893
Geelong,2218,3,0.0,0.4383373004244647,4,0.0
Geelong,2218,4,0.0,0.48180412612745765,4,0.0
Geelong,2233,0,0.0,0.05549799325759722,2,0.0
Geelong,2233,1,0.0,0.65500042370608,4,0.0
Geelong,2233,2,1.0,0.5222990308356363,5,1.9146120152665813
Geelong,2233,3,1.0,0.2529758463185782,4,3.9529465541966298
Geelong,2233,4,0.0,0.514226705882108,6,0.0
Geelong,2240,0,2.0,0.6160089069382455,6,3.2467063016030364
Geelong,2240,1,1.0,1.289985157970353,12,0.775202717505206
Geelong,2240,2,2.0,1.8097780241216075,19,1.1051079045844412
Geelong,2240,3,1.0,1.552385114895222,16,0.6441700518801321
Geelong,2240,4,0.0,0.731842796074572,17,0.0
Geelong,2255,0,0.0,0.0374648817775461,2,0.0
Geelong,2255,1,1.0,0.7345320641896307,4,1.361410956379754
Geelong,2255,2,1.0,0.31125515765314216,6,3.212798167072895
Geelong,2255,3,0.0,0.7008146293976254,6,0.0
Geelong,2255,4,0.0,0.21593326698205556,6,0.0
Geelong,2260,0,1.0,0.34972938906756595,2,2.8593536352954456
Geelong,2260,1,1.0,0.5815058886379638,4,1.7196730412176167
Geelong,2260,2,0.0,0.32455125580871097,4,0.0
Geelong,2260,3,0.0,0.6053892381566306,4,0.0
Geelong,2260,4,0.0,0.13882422832912875,5,0.0
Geelong,2265,0,1.0,0.22235362015609833,3,4.497340764220401
Geelong,2265,1,0.0,0.9782894472700316,6,0.0
Geelong,2265,2,1.0,1.2199184621491364,9,0.8197269170254995
Geelong,2265,3,0.0,0.2780979026306177,7,0.0
Geelong,2265,4,1.0,0.3013405677941159,9,3.3185043995909216
Geelong,2270,0,0.0,0.08713143419583752,2,0.0
Geelong,2270,1,1.0,0.5252701796235507,4,1.9037821654308977
Geelong,2270,2,0.0,0.5102757220469739,5,0.0
Geelong,2270,3,0.0,0.36921979059058696,5,0.0
Geelong,2270,4,1.0,0.5081028735430508,6,1.9681053819414611
Geelong,2275,0,0.0,0.049035976861811784,1,0.0
Geelong,2275,1,0.0,0.06412396974236927,2,0.0
Geelong,2275,2,1.0,0.422669954237987,3,2.3659121969122596
Geelong,2275,3,0.0,0.2147181411070243,2,0.0
Geelong,2275,4,0.0,0.24945195805080767,3,0.0
Geelong,2400,0,1.0,4.01566267543185,35,0.24902490095049098
Geelong,2400,1,10.0,7.276599964606021,70,1.3742682088668912
Geelong,2400,2,12.0,10.485445710987802,108,1.1444434820186118
Geelong,2400,3,7.0,7.138860052906503,89,0.980548707794045
Geelong,2400,4,5.0,6.0834315960678245,104,0.8219045321775087
Geelong,2409,0,0.0,0.19701041804470598,3,0.0
Geelong,2409,1,0.0,0.7067464041604353,6,0.0
Geelong,2409,2,1.0,0.9575279947047528,7,1.0443558888409765
Geelong,2409,3,1.0,0.49889593905224483,7,2.0044260169760153
Geelong,2409,4,1.0,0.6398192440378612,8,1.562941423407429
Geelong,2412,0,0.0,0.6161402097358345,3,0.0
Geelong,2412,1,0.0,0.9098113218766399,6,0.0
Geelong,2412,2,0.0,0.2345825977927499,3,0.0
Geelong,2412,3,3.0,0.8405391583229843,6,3.5691377020262802
Geelong,2412,4,0.0,0.3989267122717912,6,0.0
Geelong,2418,0,4.0,1.9363183803891082,16,2.0657759800824644
Geelong,2418,1,5.0,3.805325259313056,32,1.3139481277620428
Geelong,2418,2,3.0,3.474971889127283,41,0.8633163362807608
Geelong,2418,3,0.0,3.56596321656475,36,0.0
Geelong,2418,4,4.0,3.217421254605802,42,1.243231670168748
Geelong,2424,0,1.0,0.23109751393819256,4,4.3271776617530024
Geelong,2424,1,2.0,1.3938009970346044,8,1.434925074852953
Geelong,2424,2,0.0,0.8344779802807613,10,0.0
Geelong,2424,3,1.0,0.9661761466943597,10,1.0350079573185118
Geelong,2424,4,0.0,0.5744473620520822,11,0.0
Geelong,2433,0,0.0,0.05070253946144031,1,0.0
Geelong,2433,1,0.0,0.11975456939463996,2,0.0
Geelong,2433,2,1.0,0.2583865425638967,2,3.8701705981947914
Geelong,2433,3,0.0,0.11232562588380623,2,0.0
Geelong,2433,4,0.0,0.45883072269621683,3,0.0
Geelong,2435,0,1.0,0.3080997269441405,2,3.2457023247583185
Geelong,2435,1,1.0,0.21610064098113113,4,4.627473548712496
Geelong,2435,2,0.0,0.44426835822746447,5,0.0
Geelong,2435,3,0.0,0.573074370255291,4,0.0
Geelong,2435,4,0.0,0.458456903591973,5,0.0
Geelong,2440,0,2.0,1.6769738275407673,19,1.1926244567173365
Geelong,2440,1,2.0,3.651684378041955,38,0.5476924599580006
Geelong,2440,2,6.0,4.516680873590998,45,1.3284091056957243
Geelong,2440,3,8.0,5.302424118603368,42,1.508743891672543
Geelong,2440,4,1.0,3.852236802222912,51,0.25958944149616026
Geelong,2447,0,0.0,0.36033558164247037,7,0.0
Geelong,2447,1,1.0,1.5323983767015303,14,0.6525718215340898
Geelong,2447,2,1.0,1.646376007281335,22,0.6073946629307984
Geelong,2447,3,2.0,2.1957910326966705,18,0.9108334856180654
Geelong,2447,4,3.0,1.2650990016779944,20,2.3713559144548197
Geelong,2450,0,0.0,0.14821400395642115,3,0.0
Geelong,2450,1,1.0,0.6068942527712484,6,1.6477335144198864
Geelong,2450,2,1.0,0.7210329155730737,7,1.386899236361775
Geelong,2450,3,1.0,1.0412953001667367,7,0.9603423734265157
Geelong,2450,4,0.0,0.4825635275325202,8,0.0
Geelong,2455,0,1.0,0.6998942690092143,7,1.4287872387005283
Geelong,2455,1,3.0,2.2616626305468177,14,1.3264577835265685
Geelong,2455,2,1.0,1.7150982683125373,20,0.5830569702480587
Geelong,2455,3,2.0,1.139031933305898,17,1.7558770228638363
Geelong,2455,4,0.0,1.1843128988255327,19,0.0
Geelong,2460,0,2.0,1.541790567672258,13,1.297193044201542
Geelong,2460,1,2.0,3.0243880338945655,26,0.6612908058046241
Geelong,2460,2,4.0,3.656827215484065,30,1.0938444078141953
Geelong,2460,3,2.0,2.9147118563017904,29,0.6861741738470217
Geelong,2460,4,3.0,1.862282326647321,32,1.6109265265921948
Geelong,2465,0,0.0,0.08708761581344274,2,0.0
Geelong,2465,1,1.0,0.4615900293561285,4,2.1664246114564025
Geelong,2465,2,1.0,0.7223010363583688,5,1.3844643018120373
Geelong,2465,3,0.0,0.2783703096491159,4,0.0
Geelong,2465,4,0.0,0.4506510088229442,6,0.0
Geelong,2470,0,3.0,1.090177727455825,9,2.751844882211247
Geelong,2470,1,1.0,1.9879799502367632,19,0.5030231818388825
Geelong,2470,2,3.0,2.371334028985628,20,1.2651106775047176
Geelong,2470,3,2.0,1.8744024458793405,19,1.0670067169389217
Geelong,2470,4,0.0,1.6761058474424435,20,0.0
Geelong,3762,0,0.0,0.1925995451562056,1,0.0
Geelong,3762,1,0.0,0.24326159942555536,2,0.0
Geelong,3762,2,1.0,0.3243832944648527,2,3.0827728094004887
Geelong,3762,3,0.0,0.043876982472672,2,0.0
Geelong,3762,4,0.0,0.19587857848071435,3,0.0
Geraldton,1100,0,12.0,9.75430221667277,81,1.230226389693844
Geraldton,1100,1,23.0,18.733848876778104,162,1.227724220008526
Geraldton,1100,2,18.0,19.88470386729494,190,0.9052184090910813
Geraldton,1100,3,15.0,16.442271140277654,187,0.9122827298021738
Geraldton,1100,4,13.0,16.184873898976534,222,0.8032191094687533
Geraldton,1103,0,0.0,0.1870966301897172,2,0.0
Geraldton,1103,1,1.0,0.2815408818951573,4,3.5518820331478143
Geraldton,1103,2,1.0,0.6955418817734966,3,1.4377279445059359
Geraldton,1103,3,0.0,0.388569829273652,4,0.0
Geraldton,1103,4,0.0,0.4472507768679769,5,0.0
Geraldton,1107,0,1.0,0.60061761424248,3,1.664952835692698
Geraldton,1107,1,0.0,0.37613508630311976,6,0.0
Geraldton,1107,2,1.0,1.1849399918056052,7,0.8439245927350341
Geraldton,1107,3,1.0,0.5222489680211619,7,1.9147955500784815
Geraldton,1107,4,0.0,0.3160583396276332,7,0.0
Geraldton,1110,0,0.0,0.03815801562327626,1,0.0
Geraldton,1110,1,0.0,0.21755248726392803,2,0.0
Geraldton,1110,2,1.0,0.20651862601963422,3,4.842178254202251
Geraldton,1110,3,0.0,0.40742913455820784,2,0.0
Geraldton,1110,4,0.0,0.13034173653495357,3,0.0
Geraldton,1113,0,8.0,6.201161453293461,51,1.2900809082710092
Geraldton,1113,1,12.0,12.510884023886685,102,0.9591648341626964
Geraldton,1113,2,13.0,13.037256598344596,114,0.9971422976863609
Geraldton,1113,3,12.0,10.157044153816075,109,1.1814460800085733
Geraldton,1113,4,6.0,9.093653770659184,137,0.659800796392655
Geraldton,1117,0,1.0,0.24179903893297483,3,4.135665734706223
Geraldton,1117,1,1.0,0.5348522536923382,6,1.8696752104838799
Geraldton,1117,2,1.0,1.1964322563566738,6,0.8358183212521859
Geraldton,1117,3,0.0,0.29586403314182363,6,0.0
Geraldton,1117,4,0.0,0.7310524178761895,9,0.0
Geraldton,1120,0,2.0,0.5113713876901641,4,3.9110518268022147
Geraldton,1120,1,0.0,0.7708510257894174,8,0.0
Geraldton,1120,2,0.0,0.79513922473938,6,0.0
Geraldton,1120,3,1.0,0.6987916328093964,8,1.4310417484245432
Geraldton,1120,4,1.0,1.2238467289716422,10,0.8170957819532408
Geraldton,1200,0,16.0,12.445133968903603,112,1.285643050527127
Geraldton,1200,1,26.0,22.907891771584357,224,1.1349800435259254
Geraldton,1200,2,34.0,32.76769630398197,303,1.0376072728636794
Geraldton,1200,3,24.0,23.99153705395318,265,1.0003527471386175
Geraldton,1200,4,12.0,19.887740901576894,312,0.6033867828119444
Geraldton,1203,0,0.0,0.49443447408526253,6,0.0
Geraldton,1203,1,2.0,1.4154250362901422,12,1.4130031253665265
Geraldton,1203,2,0.0,1.3144377510564773,14,0.0
Geraldton,1203,3,3.0,1.6754063681366191,14,1.7906103600027432
Geraldton,1203,4,1.0,1.1002963704314992,17,0.908846040824286
Geraldton,1207,0,1.0,0.34195540483930287,3,2.9243579304439886
Geraldton,1207,1,0.0,0.30728071067902485,6,0.0
Geraldton,1207,2,1.0,0.7830354899311541,9,1.277081323718701
Geraldton,1207,3,0.0,0.5469882937994107,7,0.0
Geraldton,1207,4,1.0,1.0207401007511074,9,0.9796813109077953
Geraldton,1210,0,0.0,0.12683324653438852,2,0.0
Geraldton,1210,1,1.0,0.7918896171724313,4,1.2628022622277333
Geraldton,1210,2,0.0,0.5253135434846226,4,0.0
Geraldton,1210,3,0.0,0.3717603162323985,4,0.0
Geraldton,1210,4,1.0,0.1842032765761591,5,5.428785082368221
Geraldton,1213,0,9.0,4.363036619734998,43,2.0627835116695956
Geraldton,1213,1,10.0,8.44650062924334,86,1.1839222464955674
Geraldton,1213,2,9.0,10.39671272976966,113,0.8656582358219486
Geraldton,1213,3,9.0,10.920267854373284,102,0.8241556086369927
Geraldton,1213,4,6.0,8.873482166878716,118,0.6761719792930541
Geraldton,1217,0,0.0,0.12289357472307702,3,0.0
Geraldton,1217,1,2.0,0.8080218233225008,6,2.475180672442992
Geraldton,1217,2,0.0,0.686543194947592,7,0.0
Geraldton,1217,3,1.0,0.8062006362713299,8,1.2403860218034437
Geraldton,1217,4,0.0,0.5763407707355,8,0.0
Geraldton,1220,0,1.0,0.34080149577680047,5,2.934259421956661
Geraldton,1220,1,1.0,0.5811886122535882,10,1.7206118270666892
Geraldton,1220,2,0.0,1.8363065591933898,10,0.0
Geraldton,1220,3,1.0,1.517175770383344,10,0.6591194108955026
Geraldton,1220,4,2.0,0.7245275623928773,14,2.7604194841044487
Geraldton,1300,0,1.0,0.18756462082570652,3,5.331495863120396
Geraldton,1300,1,1.0,0.6977766337118473,6,1.4331233688357619
Geraldton,1300,2,0.0,0.8642649558782493,7,0.0
Geraldton,1300,3,1.0,0.6746536009059008,7,1.4822421442014624
Geraldton,1300,4,0.0,0.5757401886782962,8,0.0
Geraldton,1313,0,1.0,0.031107592748055118,1,32.146492597455044
Geraldton,1313,1,0.0,0.07868391106861,2,0.0
Geraldton,1313,2,0.0,0.34913925525301615,3,0.0
Geraldton,1313,3,0.0,0.20432776710301467,3,0.0
Geraldton,1313,4,0.0,0.336741473827304,3,0.0
Geraldton,1400,0,18.0,11.046269228296005,117,1.6295094414222127
Geraldton,1400,1,22.0,24.582091608498537,234,0.8949604594425213
Geraldton,1400,2,32.0,29.175784680846313,324,1.0967999781341875
Geraldton,1400,3,28.0,28.979218525200025,279,0.9662096296921013
Geraldton,1400,4,17.0,23.21663595715912,335,0.7322335600803462
Geraldton,1403,0,1.0,0.5007892438800472,5,1.9968479998734308
Geraldton,1403,1,1.0,0.970334127866848,10,1.0305728421593998
Geraldton,1403,2,0.0,0.9893814754528024,15,0.0
Geraldton,1403,3,3.0,1.6801930339436155,13,1.7855091286497233
Geraldton,1403,4,0.0,0.8593021188566868,15,0.0
Geraldton,1407,0,0.0,0.30422005412245384,3,0.0
Geraldton,1407,1,1.0,0.6182721270879628,6,1.6174107746211372
Geraldton,1407,2,2.0,1.019280890613583,10,1.9621676599823696
Geraldton,1407,3,0.0,0.6166037096218059,8,0.0
Geraldton,1407,4,0.0,0.4416232185541945,10,0.0
Geraldton,1410,0,0.0,0.4628487344760246,3,0.0
Geraldton,1410,1,0.0,0.25275498600760865,6,0.0
Geraldton,1410,2,1.0,1.0899331280048083,8,0.9174874809343243
Geraldton,1410,3,2.0,0.8687034741434172,8,2.3022815719392566
Geraldton,1410,4,0.0,0.3257596773681412,9,0.0
Geraldton,1413,0,8.0,4.714467837222867,48,1.6969041419344009
Geraldton,1413,1,10.0,9.452303755848456,96,1.0579431489188724
Geraldton,1413,2,12.0,12.65602170522554,114,0.948165251253111
Geraldton,1413,3,13.0,11.557888626866074,108,1.124772907897881
Geraldton,1413,4,5.0,9.619318074837064,130,0.5197873654972878
Geraldton,1417,0,2.0,0.5792051045825666,7,3.453008242117274
Geraldton,1417,1,3.0,1.826784136825621,14,1.642230157096208
Geraldton,1417,2,1.0,1.9168568883602566,14,0.5216873549988562
Geraldton,1417,3,0.0,1.3185942164595401,14,0.0
Geraldton,1417,4,1.0,1.3585596537720155,18,0.7360736771650171
Geraldton,1420,0,1.0,0.907039401797737,4,1.1024879382505508
Geraldton,1420,1,1.0,1.3086730628289023,8,0.7641327909954401
Geraldton,1420,2,0.0,0.6773887245278812,7,0.0
Geraldton,1420,3,1.0,0.5113047644839319,8,1.9557807191750227
Geraldton,1420,4,1.0,0.5955940463615478,9,1.678995963960598
Geraldton,1600,0,8.0,6.106291996225298,62,1.3101240499054627
Geraldton,1600,1,16.0,13.885834818281548,124,1.152253372547326
Geraldton,1600,2,16.0,14.271740777915863,148,1.1210965956415389
Geraldton,1600,3,13.0,15.449455773833762,144,0.8414535884181549
Geraldton,1600,4,9.0,12.286676633743529,169,0.7325007622714542
Geraldton,1605,0,0.0,0.2977468567374499,1,0.0
Geraldton,1605,1,0.0,0.12036782765812319,2,0.0
Geraldton,1605,2,1.0,0.12760579574462136,3,7.836634646292313
Geraldton,1605,3,0.0,0.19661397076008935,3,0.0
Geraldton,1605,4,0.0,0.25766554909971623,3,0.0
Geraldton,1609,0,1.0,0.4432532640835464,3,2.2560465562900296
Geraldton,1609,1,0.0,0.5211975101131929,6,0.0
Geraldton,1609,2,1.0,1.0733140566665151,7,0.9316937515062339
Geraldton,1609,3,1.0,0.3741599515471342,6,2.672653756408311
Geraldton,1609,4,0.0,0.5880752175896116,9,0.0
Geraldton,1614,0,0.0,0.07337055941494555,1,0.0
Geraldton,1614,1,0.0,0.19600420872278307,2,0.0
Geraldton,1614,2,0.0,0.062162476526141285,2,0.0
Geraldton,1614,3,1.0,0.5853519355522029,2,1.7083739529393218
Geraldton,1614,4,0.0,0.08311081978392715,3,0.0
Geraldton,1618,0,3.0,3.4256337023833328,24,0.8757503751533025
Geraldton,1618,1,9.0,6.391155232775581,48,1.4081961198259672
Geraldton,1618,2,4.0,3.3842929600066434,37,1.181930774690424
Geraldton,1618,3,6.0,5.680252155646129,48,1.0562911356032045
Geraldton,1618,4,2.0,5.118665949188315,56,0.3907268065260534
Geraldton,1619,0,1.0,0.36336488988804605,3,2.7520545540547503
Geraldton,1619,1,1.0,0.6482171622046505,6,1.5426928787243173
Geraldton,1619,2,0.0,0.8596562895991434,5,0.0
Geraldton,1619,3,1.0,0.660528128820123,6,1.513940067603575
Geraldton,1619,4,0.0,0.4682335294880372,8,0.0
Geraldton,1623,0,0.0,0.479190079397637,3,0.0
Geraldton,1623,1,2.0,1.2000784974158054,6,1.6665576496093457
Geraldton,1623,2,0.0,0.20183570847535903,3,0.0
Geraldton,1623,3,0.0,0.7110038258593852,6,0.0
Geraldton,1623,4,1.0,0.40789188885181354,6,2.4516300209227704
Geraldton,1627,0,0.0,0.2060141957192021,2,0.0
Geraldton,1627,1,0.0,0.5873654501661187,4,0.0
Geraldton,1627,2,0.0,0.164644704962164,2,0.0
Geraldton,1627,3,1.0,0.6662589076111898,4,1.5009180193708904
Geraldton,1627,4,1.0,0.3757167415413252,4,2.661579560968298
Geraldton,1628,0,0.0,0.2756205340336264,3,0.0
Geraldton,1628,1,1.0,1.21278913826868,6,0.8245456431342651
Geraldton,1628,2,0.0,0.53849820012458,3,0.0
Geraldton,1628,3,0.0,0.6550016230545725,6,0.0
Geraldton,1628,4,2.0,0.3180905045185409,6,6.287518714295428
Geraldton,1800,0,0.0,0.13007391764497234,2,0.0
Geraldton,1800,1,0.0,0.2609916419821049,4,0.0
Geraldton,1800,2,2.0,0.4120014264171384,5,4.85435212541003
Geraldton,1800,3,0.0,0.7687697450049407,4,0.0
Geraldton,1800,4,0.0,0.42816326895084383,5,0.0
Geraldton,1900,0,3.0,2.4428968047405677,18,1.2280502369884576
Geraldton,1900,1,3.0,3.9593688799000337,36,0.757696514520199
Geraldton,1900,2,5.0,3.481075290817561,42,1.4363377928621897
Geraldton,1900,3,2.0,3.1123721576709578,38,0.6425966750379347
Geraldton,1900,4,5.0,5.0042868668708795,47,0.999143361085221
Geraldton,1925,0,2.0,0.45496424622253234,8,4.395949828158055
Geraldton,1925,1,1.0,1.7556611174575176,16,0.5695860038457549
Geraldton,1925,2,3.0,2.3133425017077665,17,1.296824831509094
Geraldton,1925,3,2.0,2.1899021354201538,18,0.9132828210226303
Geraldton,1925,4,0.0,1.2861299991920299,18,0.0
Geraldton,1931,0,0.0,0.2743032413179227,2,0.0
Geraldton,1931,1,1.0,0.6279424492677775,4,1.592502626898478
Geraldton,1931,2,0.0,0.2945325229451549,4,0.0
Geraldton,1931,3,1.0,0.4483428814121627,4,2.2304357701638127
Geraldton,1931,4,0.0,0.35487890505698205,4,0.0
Geraldton,1937,0,0.0,0.14840159400847944,1,0.0
Geraldton,1937,1,0.0,0.18387120576325336,2,0.0
Geraldton,1937,2,0.0,0.13895105113656492,2,0.0
Geraldton,1937,3,1.0,0.28881233295496384,2,3.462456016917864
Geraldton,1937,4,0.0,0.23996381613673842,3,0.0
Geraldton,2025,0,0.0,0.026432107750206907,1,0.0
Geraldton,2025,1,0.0,0.09005235917669502,2,0.0
Geraldton,2025,2,0.0,0.2756887322338014,3,0.0
Geraldton,2025,3,0.0,0.3989013720425742,3,0.0
Geraldton,2025,4,1.0,0.2089254287967225,3,4.786396781662067
Geraldton,2100,0,2.0,0.8834004280508116,11,2.2639789799659953
Geraldton,2100,1,2.0,1.779867690538888,22,1.1236790299814157
Geraldton,2100,2,5.0,3.365004005231953,33,1.4858823324506996
Geraldton,2100,3,2.0,2.8338518085691065,26,0.7057532062729341
Geraldton,2100,4,0.0,2.1378760676092408,32,0.0
Geraldton,2106,0,0.0,0.007955513870476475,1,0.0
Geraldton,2106,1,0.0,0.01591102774095295,2,0.0
Geraldton,2106,2,1.0,0.1775012879511655,4,5.6337619379704
Geraldton,2106,3,0.0,0.06250618785607764,3,0.0
Geraldton,2106,4,0.0,0.7361259825813274,4,0.0
Geraldton,2125,0,0.0,0.19412123226385647,3,0.0
Geraldton,2125,1,1.0,0.6961630842421546,6,1.436445026510711
Geraldton,2125,2,0.0,0.4146285118041906,6,0.0
Geraldton,2125,3,0.0,0.4350470294368759,6,0.0
Geraldton,2125,4,2.0,1.2600401422529224,9,1.587251019181061
Gilgandra,800,0,1.0,0.1572233075260855,3,6.360380122610551
Gilgandra,800,1,1.0,0.7440168768458121,6,1.3440555330403305
Gilgandra,800,2,1.0,0.49326585588426064,8,2.027304318899865
Gilgandra,800,3,0.0,0.8268680441933037,8,0.0
Gilgandra,800,4,0.0,0.7786259155505382,9,0.0
Gilgandra,1000,0,7.0,3.4954972458761877,20,2.0025763167910515
Gilgandra,1000,1,4.0,5.672776545644962,40,0.7051220804864654
Gilgandra,1000,2,2.0,3.434876970243033,37,0.5822624848943253
Gilgandra,1000,3,5.0,3.488563168304199,40,1.4332548269236343
Gilgandra,1000,4,2.0,3.9082860699316178,55,0.5117332672720637
Gilgandra,1100,0,11.0,5.433893827832428,37,2.0243310503525027
Gilgandra,1100,1,14.0,11.369542303954535,74,1.23136003417926
Gilgandra,1100,2,6.0,8.320436905210652,93,0.7211159784460976
Gilgandra,1100,3,2.0,6.930502208357714,86,0.2885793756169843
Gilgandra,1100,4,4.0,4.945624754644672,97,0.8087956928481906
Gilgandra,1200,0,4.0,2.302932437905802,17,1.7369159138847536
Gilgandra,1200,1,5.0,4.623149482223734,34,1.081513807681382
Gilgandra,1200,2,2.0,4.008393927597841,45,0.4989529562526217
Gilgandra,1200,3,4.0,2.969930741000818,41,1.3468327543059355
Gilgandra,1200,4,2.0,3.095593411271805,50,0.6460796798176129
Gilgandra,1280,0,7.0,4.78097832253386,32,1.4641354818547023
Gilgandra,1280,1,5.0,7.41685246761183,64,0.6741404149312898
Gilgandra,1280,2,8.0,7.373675591449396,82,1.0849405972344237
Gilgandra,1280,3,6.0,7.311938824381301,76,0.8205757931115746
Gilgandra,1280,4,6.0,5.116554794023614,88,1.1726640760318434
Gilgandra,1550,0,1.0,0.3861502393878868,3,2.5896656223369656
Gilgandra,1550,1,1.0,0.5923778884872332,6,1.6881116250873565
Gilgandra,1550,2,0.0,0.7087472049749274,9,0.0
Gilgandra,1550,3,0.0,0.8421229612466907,8,0.0
Gilgandra,1550,4,1.0,0.47060170590326184,9,2.124939173521744
Gilgandra,1600,0,4.0,2.6208453619693977,26,1.5262251096700554
Gilgandra,1600,1,8.0,7.196952598996911,52,1.1115815881731685
Gilgandra,1600,2,7.0,7.028724782203766,65,0.995913229910994
Gilgandra,1600,3,6.0,5.144521364367491,61,1.1662892570643817
Gilgandra,1600,4,1.0,4.008955892462435,73,0.24944150717152602
Gilgandra,1800,0,1.0,1.0077647846727626,7,0.9922950426618806
Gilgandra,1800,1,1.0,1.2159434039195596,14,0.8224066981872084
Gilgandra,1800,2,3.0,1.3877609788141263,14,2.1617555514232496
Gilgandra,1800,3,1.0,1.5104972569498114,15,0.6620336418348269
Gilgandra,1800,4,1.0,1.8780335756437398,18,0.5324718434052632
Glen Innes,1000,0,4.0,1.3257623830518972,11,3.0171319168009756
Glen Innes,1000,1,3.0,1.3506434936424436,22,2.221163478091126
Glen Innes,1000,2,1.0,3.2069963606597387,28,0.3118182522022823
Glen Innes,1000,3,2.0,2.7728585235769954,27,0.721277332757675
Glen Innes,1000,4,1.0,2.3437392390689253,31,0.42666862564338015
Glen Innes,1200,0,1.0,0.8563322333747845,7,1.167771060139853
Glen Innes,1200,1,3.0,2.0040890142728376,14,1.4969394965165848
Glen Innes,1200,2,1.0,1.426538056788826,19,0.7009977723629931
Glen Innes,1200,3,2.0,1.603478159453447,18,1.2472885821417794
Glen Innes,1200,4,0.0,1.109562536110105,20,0.0
Glen Innes,1400,0,4.0,2.105626938944935,15,1.8996717443234636
Glen Innes,1400,1,3.0,3.1002096794442373,30,0.9676764832686409
Glen Innes,1400,2,3.0,3.918404595285288,42,0.7656177219702291
Glen Innes,1400,3,3.0,2.3919679592073075,37,1.2541974019560833
Glen Innes,1400,4,2.0,3.483790827118232,45,0.5740872799916023
Glen Innes,1700,0,0.0,0.07315834073350932,1,0.0
Glen Innes,1700,1,0.0,0.31923639592804065,2,0.0
Glen Innes,1700,2,1.0,0.3887577295995658,4,2.5722961213659605
Glen Innes,1700,3,0.0,0.11939264656660195,3,0.0
Glen Innes,1700,4,0.0,0.09945488717228226,3,0.0
Gold Coast,900,0,1.0,0.44624579376370677,2,2.2409174808480405
Gold Coast,900,1,1.0,0.4498742130884156,4,2.22284356583796
Gold Coast,900,2,0.0,0.2924160067779769,6,0.0
Gold Coast,900,3,0.0,0.5770821809948741,5,0.0
Gold Coast,900,4,0.0,0.23438180537502679,6,0.0
Gold Coast,1000,0,21.0,12.533801548440467,91,1.6754693234003653
Gold Coast,1000,1,26.0,23.864228132806975,175,1.0894967922409737
Gold Coast,1000,2,16.0,18.519505605373308,176,0.8639539489303488
Gold Coast,1000,3,16.0,17.788970083518144,177,0.8994337460168275
Gold Coast,1000,4,9.0,15.293494629861108,222,0.5884855108542145
Gold Coast,1015,0,1.0,0.7160861956827421,6,1.396479929412079
Gold Coast,1015,1,2.0,1.7071156350473242,9,1.1715667989559222
Gold Coast,1015,2,2.0,0.7719243335842035,8,2.590927520983292
Gold Coast,1015,3,0.0,1.3175053029226644,11,0.0
Gold Coast,1015,4,0.0,0.4873685327630656,11,0.0
Gold Coast,1100,0,30.0,13.961131611509105,104,2.148822948941257
Gold Coast,1100,1,29.0,26.910558475655716,208,1.0776439302155125
Gold Coast,1100,2,18.0,21.23878461785581,196,0.8475061225898535
Gold Coast,1100,3,11.0,21.633670728388264,221,0.5084666461880422
Gold Coast,1100,4,16.0,20.255854566591108,256,0.7898950867464027
Gold Coast,1200,0,60.0,33.757318305598474,250,1.777392370354529
Gold Coast,1200,1,61.0,60.41806928302108,502,1.0096317330872149
Gold Coast,1200,2,65.0,58.73857743059542,645,1.1065981309609172
Gold Coast,1200,3,41.0,53.22660674908264,592,0.7702914482841166
Gold Coast,1200,4,23.0,43.85942823170238,697,0.5244026410580334
Gold Coast,1300,0,18.0,7.958570327951968,70,2.261712752198806
Gold Coast,1300,1,14.0,14.104991704867746,140,0.9925564149866524
Gold Coast,1300,2,20.0,23.04108488021049,220,0.8680146835090037
Gold Coast,1300,3,8.0,13.126983340250774,181,0.6094317172986654
Gold Coast,1300,4,10.0,11.76836974671902,215,0.8497353682134234
Gold Coast,1350,0,4.0,4.071460970595134,37,0.9824483223316547
Gold Coast,1350,1,10.0,10.119674844961686,74,0.9881740424672568
Gold Coast,1350,2,7.0,7.603197417847268,82,0.9206652958357546
Gold Coast,1350,3,12.0,8.920575340713286,77,1.345204714009005
Gold Coast,1350,4,4.0,6.285091425882626,100,0.6364267007362225
Gold Coast,1400,0,50.0,27.16180892683471,227,1.8408199591818104
Gold Coast,1400,1,44.0,50.16596629573327,454,0.8770886568917202
Gold Coast,1400,2,57.0,59.90399958192569,627,0.9515224425381793
Gold Coast,1400,3,51.0,47.959558071596284,546,1.0633959538131024
Gold Coast,1400,4,25.0,41.80866712391005,651,0.5979621384701522
Gold Coast,1425,0,1.0,0.20663536015969208,3,4.839442771204209
Gold Coast,1425,1,0.0,0.3738508203994594,6,0.0
Gold Coast,1425,2,1.0,1.328140698646584,12,0.7529322766925451
Gold Coast,1425,3,1.0,0.6733423336314557,9,1.4851286634642755
Gold Coast,1425,4,0.0,0.41803078716280867,10,0.0
Gold Coast,1700,0,8.0,3.6457429340024525,33,2.1943401234867808
Gold Coast,1700,1,4.0,6.862789829845953,66,0.5828533437821725
Gold Coast,1700,2,7.0,7.731968631233206,57,0.9053321778522967
Gold Coast,1700,3,7.0,7.856650763783897,68,0.8909648920971869
Gold Coast,1700,4,7.0,6.902847841134491,77,1.014074214165141
Gold Coast,1708,0,0.0,0.23036334320994126,1,0.0
Gold Coast,1708,1,0.0,0.20051138081306447,2,0.0
Gold Coast,1708,2,0.0,0.17277250740745595,1,0.0
Gold Coast,1708,3,1.0,0.3325598427575545,2,3.0069776065206653
Gold Coast,1708,4,0.0,0.06379292581198373,2,0.0
Gold Coast,1710,0,0.0,0.17471161250718872,2,0.0
Gold Coast,1710,1,0.0,0.15711480362526878,4,0.0
Gold Coast,1710,2,1.0,0.9002000091206707,5,1.1108642411332739
Gold Coast,1710,3,0.0,0.4824600433345767,5,0.0
Gold Coast,1710,4,1.0,0.28551353141229524,6,3.5024609693750453
Gold Coast,1723,0,1.0,0.0678071539152913,1,14.747706433000552
Gold Coast,1723,1,0.0,0.0987192387884388,2,0.0
Gold Coast,1723,2,0.0,0.19145549340788132,2,0.0
Gold Coast,1723,3,0.0,0.2802695695165374,2,0.0
Gold Coast,1723,4,0.0,0.36174854437185117,3,0.0
Gold Coast,1730,0,0.0,0.2728558538341137,1,0.0
Gold Coast,1730,1,0.0,0.26931227131678753,2,0.0
Gold Coast,1730,2,1.0,0.23252064065863606,2,4.300693466039867
Gold Coast,1730,3,0.0,0.1432493232629097,2,0.0
Gold Coast,1730,4,0.0,0.082061910927553,2,0.0
Gold Coast,1750,0,0.0,0.277925572434096,1,0.0
Gold Coast,1750,1,0.0,0.15113338317984826,2,0.0
Gold Coast,1750,2,1.0,0.2902661006977731,2,3.4451146640826873
Gold Coast,1750,3,0.0,0.20656145770585713,2,0.0
Gold Coast,1750,4,0.0,0.07411348598242559,1,0.0
Gold Coast,1800,0,19.0,15.293370465899775,139,1.242368387162597
Gold Coast,1800,1,24.0,32.216470768126825,279,0.7449605567517426
Gold Coast,1800,2,38.0,31.530539433194324,335,1.2051807765773535
Gold Coast,1800,3,35.0,29.674926739690754,316,1.1794468881767066
Gold Coast,1800,4,23.0,30.28469259308832,377,0.7594595827348481
Gold Coast,2050,0,0.0,0.3324937564214221,8,0.0
Gold Coast,2050,1,1.0,1.2716198106438468,16,0.7863985694699738
Gold Coast,2050,2,3.0,2.5805147386703573,17,1.1625587542839564
Gold Coast,2050,3,2.0,1.6895252434443335,18,1.183764497014984
Gold Coast,2050,4,2.0,2.1258464508200405,21,0.9408017212289742
Gold Coast,2200,0,4.0,3.850105091884056,30,1.038932679638257
Gold Coast,2200,1,9.0,5.726957864710803,60,1.5715149670399187
Gold Coast,2200,2,7.0,6.750948451236162,74,1.036891342092567
Gold Coast,2200,3,6.0,7.6869081887412,71,0.7805478942480453
Gold Coast,2200,4,4.0,5.985080403427778,81,0.6683285320125554
Gold Coast,2212,0,0.0,0.051174959074503916,1,0.0
Gold Coast,2212,1,1.0,0.5170305447527275,2,1.9341217074094823
Gold Coast,2212,2,0.0,0.08715511237338483,2,0.0
Gold Coast,2212,3,0.0,0.2027503140475584,2,0.0
Gold Coast,2212,4,0.0,0.14188906975182541,2,0.0
Gold Coast,2213,0,1.0,0.16567593923985935,1,6.035879468003123
Gold Coast,2213,1,0.0,0.518783244084408,2,0.0
Gold Coast,2213,2,0.0,0.12080537236239743,2,0.0
Gold Coast,2213,3,0.0,0.036948835513469225,2,0.0
Gold Coast,2213,4,0.0,0.15778660879986603,3,0.0
Gold Coast,2224,0,0.0,0.008034500966938139,1,0.0
Gold Coast,2224,1,0.0,0.12623093741389474,2,0.0
Gold Coast,2224,2,0.0,0.12975719061605093,3,0.0
Gold Coast,2224,3,1.0,0.34777911328317945,2,2.8753883192109617
Gold Coast,2224,4,0.0,0.3881982577199369,3,0.0
Gold Coast,2225,0,0.0,0.026803501382714107,1,0.0
Gold Coast,2225,1,1.0,0.5309050527428059,2,1.8835759705689685
Gold Coast,2225,2,0.0,0.2186601428589835,1,0.0
Gold Coast,2225,3,0.0,0.1704427780234128,2,0.0
Gold Coast,2225,4,0.0,0.053188524992083736,2,0.0
Gold Coast,2226,0,0.0,0.204398194165182,1,0.0
Gold Coast,2226,1,0.0,0.2718345833611683,2,0.0
Gold Coast,2226,2,1.0,0.27253092555357605,2,3.669308347185769
Gold Coast,2226,3,0.0,0.13387848208839037,2,0.0
Gold Coast,2226,4,0.0,0.11735781483168345,2,0.0
Gold Coast,2227,0,0.0,0.04260336846516158,1,0.0
Gold Coast,2227,1,0.0,0.1487985295658217,2,0.0
Gold Coast,2227,2,0.0,0.21913777293159667,3,0.0
Gold Coast,2227,3,0.0,0.3254208811450019,3,0.0
Gold Coast,2227,4,1.0,0.26403944789241807,3,3.787312873065264
Gold Coast,2228,0,0.0,0.11729458617394167,1,0.0
Gold Coast,2228,1,1.0,0.14254550403083188,2,7.015303687050733
Gold Coast,2228,2,0.0,0.2932364654348542,1,0.0
Gold Coast,2228,3,0.0,0.3996959212144288,2,0.0
Gold Coast,2228,4,0.0,0.04722752314594351,2,0.0
Gold Coast,2230,0,0.0,0.06749514036458097,1,0.0
Gold Coast,2230,1,0.0,0.13262563757853688,2,0.0
Gold Coast,2230,2,0.0,0.4099267790674026,3,0.0
Gold Coast,2230,3,1.0,0.23725564491792098,2,4.214862834331937
Gold Coast,2230,4,0.0,0.1526967980715585,3,0.0
Gold Coast,2233,0,0.0,0.25348258286149983,1,0.0
Gold Coast,2233,1,0.0,0.14243680739740622,2,0.0
Gold Coast,2233,2,0.0,0.10456156543036867,1,0.0
Gold Coast,2233,3,1.0,0.4627149734562292,2,2.1611576399409422
Gold Coast,2233,4,0.0,0.0368040708544961,2,0.0
Gold Coast,2400,0,3.0,1.1443159368482128,9,2.621653604041288
Gold Coast,2400,1,0.0,1.929062952275401,18,0.0
Gold Coast,2400,2,1.0,2.642263968173197,21,0.37846332238007924
Gold Coast,2400,3,3.0,1.353709620448005,19,2.2161325846285718
Gold Coast,2400,4,2.0,1.9306475222551842,23,1.0359218743687637
Gold Coast,3200,0,0.0,0.5202854537839691,4,0.0
Gold Coast,3200,1,0.0,0.7264480085903648,8,0.0
Gold Coast,3200,2,2.0,0.5744403045467578,7,3.4816498497229067
Gold Coast,3200,3,2.0,1.1656195645626466,8,1.7158256954535782
Gold Coast,3200,4,0.0,1.013206668516262,9,0.0
Gold Coast Poly,1050,0,26.0,12.042738699961333,76,2.158977342926446
Gold Coast Poly,1050,1,18.0,20.40093220981071,146,0.8823126225253515
Gold Coast Poly,1050,2,14.0,15.228375722066668,133,0.9193363925026692
Gold Coast Poly,1050,3,7.0,14.022670789174157,150,0.4991916379727156
Gold Coast Poly,1050,4,9.0,12.305282578987134,178,0.7313931998090534
Gold Coast Poly,1100,0,12.0,4.7010466096767995,28,2.552623063829824
Gold Coast Poly,1100,1,8.0,6.768491257899257,56,1.1819473048241727
Gold Coast Poly,1100,2,4.0,7.227525997327121,58,0.5534397249458912
Gold Coast Poly,1100,3,1.0,4.799796969652986,58,0.208342145787116
Gold Coast Poly,1100,4,3.0,4.503139165443837,70,0.6662019293166381
Gold Coast Poly,1150,0,6.0,2.8688353498222536,15,2.091441044314985
Gold Coast Poly,1150,1,5.0,4.578360184003529,30,1.0920940684111424
Gold Coast Poly,1150,2,3.0,3.496769568801653,31,0.8579347140189463
Gold Coast Poly,1150,3,1.0,2.3136508627811274,31,0.43221733066412127
Gold Coast Poly,1150,4,0.0,1.7423840345914374,37,0.0
Gold Coast Poly,1200,0,23.0,13.705987682805967,86,1.6780986917749303
Gold Coast Poly,1200,1,29.0,24.313903982192244,172,1.192733179387395
Gold Coast Poly,1200,2,16.0,16.836808669704556,170,0.95029885495995
Gold Coast Poly,1200,3,13.0,17.180312626195626,186,0.7566800606514164
Gold Coast Poly,1200,4,5.0,13.96298703910161,211,0.3580895682276379
Gold Coast Poly,1540,0,26.0,18.915020827413414,127,1.3745689331897732
Gold Coast Poly,1540,1,34.0,29.79566834249096,256,1.1411054657066824
Gold Coast Poly,1540,2,23.0,28.92756566584121,261,0.7950893713520903
Gold Coast Poly,1540,3,25.0,27.528354743221115,277,0.9081545276931697
Gold Coast Poly,1540,4,19.0,21.8333904210333,315,0.8702267322484308
Gold Coast Poly,1900,0,8.0,5.045782671276182,41,1.5854824754028962
Gold Coast Poly,1900,1,10.0,9.868168324736054,82,1.0133592852215025
Gold Coast Poly,1900,2,11.0,9.097429057224733,85,1.2091328144256688
Gold Coast Poly,1900,3,6.0,8.374970424317333,91,0.716420440432669
Gold Coast Poly,1900,4,6.0,8.6136495224457,101,0.6965688567157307
Gold Coast Poly,2000,0,13.0,4.954792322663149,31,2.6237224798581744
Gold Coast Poly,2000,1,4.0,7.489934622587694,63,0.534050055381931
Gold Coast Poly,2000,2,7.0,6.292251625919698,57,1.1124793501844192
Gold Coast Poly,2000,3,2.0,7.402205170885557,67,0.27018975478637425
Gold Coast Poly,2000,4,5.0,4.8608162579439025,73,1.0286338208790824
Goondiwindi,1000,0,2.0,0.7971155907107689,7,2.509046395914359
Goondiwindi,1000,1,3.0,2.5642889557034922,15,1.1699149556945987
Goondiwindi,1000,2,2.0,1.7198863511979794,18,1.1628675340128773
Goondiwindi,1000,3,1.0,1.611966628564516,17,0.6203602371660245
Goondiwindi,1000,4,0.0,1.3067424738232438,19,0.0
Goondiwindi,1100,0,1.0,0.1504118419481915,1,6.648412698412698
Goondiwindi,1100,1,1.0,1.248179539214516,3,0.8011667941851568
Goondiwindi,1100,2,0.0,0.40181449206159725,2,0.0
Goondiwindi,1100,3,0.0,0.10504954040826071,2,0.0
Goondiwindi,1100,4,0.0,0.09454458636743464,3,0.0
Goondiwindi,1200,0,1.0,0.7943766524765319,5,1.2588486795053973
Goondiwindi,1200,1,0.0,1.0277952875538694,10,0.0
Goondiwindi,1200,2,4.0,1.2535363470130316,13,3.190972491169749
Goondiwindi,1200,3,0.0,0.9166297493994767,13,0.0
Goondiwindi,1200,4,0.0,1.0076619635570905,13,0.0
Goondiwindi,1400,0,1.0,0.9581938105411123,6,1.0436302019476402
Goondiwindi,1400,1,2.0,1.5601980282147072,12,1.2818885576265895
Goondiwindi,1400,2,0.0,0.8302173435461248,10,0.0
Goondiwindi,1400,3,1.0,1.2760793480356931,12,0.7836503282803924
Goondiwindi,1400,4,2.0,1.3753114696623627,14,1.4542160405969693
Gordonvale,1100,0,4.0,1.044020918114319,8,3.8313408578294452
Gordonvale,1100,1,1.0,1.890499876885611,16,0.5289606268831867
Gordonvale,1100,2,2.0,1.912906881869028,11,1.0455291990198063
Gordonvale,1100,3,0.0,1.6837830171287167,16,0.0
Gordonvale,1100,4,1.0,1.4687893060023254,18,0.680832843698834
Gordonvale,1360,0,0.0,0.22349260452263428,1,0.0
Gordonvale,1360,1,0.0,0.15122999572698254,2,0.0
Gordonvale,1360,2,1.0,0.27858157107602044,2,3.589612895560547
Gordonvale,1360,3,0.0,0.26799450436746375,2,0.0
Gordonvale,1360,4,0.0,0.07870132430689906,2,0.0
Gordonvale,1800,0,1.0,0.16541129551797773,2,6.045536351484019
Gordonvale,1800,1,1.0,0.6546706709829407,4,1.527485565373766
Gordonvale,1800,2,0.0,0.34806343827380837,4,0.0
Gordonvale,1800,3,0.0,0.2848017118005647,4,0.0
Gordonvale,1800,4,0.0,0.5470528834247085,6,0.0
Gosford,900,0,0.0,0.2447419245099531,1,0.0
Gosford,900,1,1.0,0.3291913358243765,2,3.037747021791302
Gosford,900,2,0.0,0.09245806037042673,2,0.0
Gosford,900,3,0.0,0.23012912828463356,2,0.0
Gosford,900,4,0.0,0.10347955101061004,3,0.0
Gosford,1000,0,28.0,17.83184455897576,94,1.5702245444880822
Gosford,1000,1,24.0,22.680167162633964,188,1.0581932588019232
Gosford,1000,2,21.0,19.292842026082024,169,1.0884865988955938
Gosford,1000,3,9.0,19.25204660908871,193,0.4674827660011578
Gosford,1000,4,12.0,14.943099643219544,217,0.8030462411756064
Gosford,1100,0,26.0,22.20306915046018,128,1.17100927911406
Gosford,1100,1,39.0,33.97329092188616,256,1.147960616758371
Gosford,1100,2,21.0,27.276556871273485,228,0.7698918928479683
Gosford,1100,3,24.0,23.93029555065726,263,1.0029128118871404
Gosford,1100,4,18.0,20.616787505722915,302,0.873074915042097
Gosford,1200,0,47.0,34.829961211740695,238,1.349412929697922
Gosford,1200,1,60.0,60.72322437526588,476,0.9880898225891893
Gosford,1200,2,60.0,53.52333650268352,490,1.1210063482681383
Gosford,1200,3,50.0,50.03535545031921,506,0.9992933906434558
Gosford,1200,4,21.0,38.8881224599907,592,0.5400106426224472
Gosford,1600,0,26.0,16.59429670227195,134,1.5668033702470983
Gosford,1600,1,44.0,35.02819444990796,269,1.2561309736624355
Gosford,1600,2,35.0,28.07813632323509,257,1.2465214783873302
Gosford,1600,3,17.0,25.64230910320812,284,0.6629668151794147
Gosford,1600,4,12.0,28.657063421376886,322,0.41874492942806335
Gosford,1900,0,7.0,5.511191684376994,44,1.2701427206466882
Gosford,1900,1,11.0,11.678221278451831,89,0.9419242654955291
Gosford,1900,2,10.0,10.13939146341784,75,0.9862524823190075
Gosford,1900,3,11.0,9.034210315430295,88,1.217593969581621
Gosford,1900,4,5.0,7.636985258323041,107,0.6547086095983796
Gosford,2070,0,1.0,0.2774867089510561,1,3.603776208886397
Gosford,2070,1,0.0,0.16817376300064008,2,0.0
Gosford,2070,2,0.0,0.34421371814163265,2,0.0
Gosford,2070,3,0.0,0.03509573195292821,2,0.0
Gosford,2070,4,0.0,0.1750300779537431,3,0.0
Gosford,2080,0,0.0,0.27491889606210057,2,0.0
Gosford,2080,1,2.0,0.7684944701086196,4,2.6024910754625448
Gosford,2080,2,0.0,0.21467511322000982,3,0.0
Gosford,2080,3,0.0,0.3990735188180294,4,0.0
Gosford,2080,4,0.0,0.34283800179124074,5,0.0
Gosford,2100,0,5.0,4.832629411345841,30,1.0346334416334955
Gosford,2100,1,8.0,7.076471714693923,57,1.1305068857109142
Gosford,2100,2,4.0,5.857348505533972,58,0.6829028520704948
Gosford,2100,3,6.0,5.951828572344126,63,1.008093550926468
Gosford,2100,4,6.0,5.281721796082138,70,1.1359931915480033
Gosford,2600,0,0.0,0.48149203518990447,5,0.0
Gosford,2600,1,1.0,1.4628228274650024,10,0.6836097859731579
Gosford,2600,2,1.0,1.0547636981235942,8,0.948079652133442
Gosford,2600,3,2.0,1.3084456930541453,10,1.52853115006374
Gosford,2600,4,1.0,0.6924757461673535,12,1.444093898645117
Goulburn,900,0,0.0,0.09193482575353583,1,0.0
Goulburn,900,1,1.0,0.0909245529430574,2,10.998129412044094
Goulburn,900,2,0.0,0.020180815409312745,1,0.0
Goulburn,900,3,0.0,0.5917643956549432,2,0.0
Goulburn,900,4,0.0,0.2051954102391507,2,0.0
Goulburn,1000,0,28.0,16.914678185310308,115,1.6553669950585777
Goulburn,1000,1,27.0,30.342150828823087,230,0.8898512222262023
Goulburn,1000,2,26.0,24.162004757806706,231,1.0760696498745388
Goulburn,1000,3,18.0,20.87960813262455,239,0.8620851447817577
Goulburn,1000,4,16.0,22.701558095435352,279,0.7047974386928602
Goulburn,1100,0,10.0,5.781118489169167,34,1.7297690782043027
Goulburn,1100,1,3.0,7.970173866151144,68,0.37640333202024895
Goulburn,1100,2,9.0,6.634062002288431,52,1.3566348938094692
Goulburn,1100,3,8.0,7.444410237743616,68,1.074631803529514
Goulburn,1100,4,4.0,6.170235404647642,77,0.6482734835346893
Goulburn,1200,0,21.0,16.233374798415998,112,1.2936311925755029
Goulburn,1200,1,36.0,27.504830607308154,224,1.3088609966001623
Goulburn,1200,2,24.0,25.474112370326456,238,0.9421329250300561
Goulburn,1200,3,16.0,22.308229134698987,243,0.7172241195565384
Goulburn,1200,4,15.0,20.479453089250406,281,0.7324414345749032
Goulburn,1300,0,19.0,13.031583424771558,98,1.4579962680423901
Goulburn,1300,1,24.0,22.70281177750955,197,1.0571377781396887
Goulburn,1300,2,21.0,23.292904372829224,200,0.9015621093819516
Goulburn,1300,3,20.0,19.077105890690564,211,1.048377050198154
Goulburn,1300,4,14.0,19.895594534199105,238,0.7036733672841493
Goulburn,1400,0,17.0,10.91009617417128,94,1.5581897472403632
Goulburn,1400,1,27.0,22.20489916938906,188,1.215947876819063
Goulburn,1400,2,23.0,24.653719032352104,228,0.9329221270761627
Goulburn,1400,3,18.0,17.828196705684775,216,1.0096366052692498
Goulburn,1400,4,9.0,18.403088918402783,247,0.48904833530419717
Goulburn,1500,0,4.0,6.673699651244419,52,0.5993676984330776
Goulburn,1500,1,15.0,11.701668169462948,104,1.281868515050229
Goulburn,1500,2,20.0,13.99113826746708,119,1.4294762597339943
Goulburn,1500,3,9.0,10.437612556732427,117,0.8622661505283463
Goulburn,1500,4,4.0,9.195881355093125,133,0.43497733882621337
Goulburn,1600,0,14.0,9.14712958321868,92,1.5305347839047119
Goulburn,1600,1,29.0,23.12985632343742,184,1.2537907540140827
Goulburn,1600,2,18.0,20.192186249871288,211,0.8914339327726208
Goulburn,1600,3,15.0,18.412783694111013,208,0.8146513992231099
Goulburn,1600,4,16.0,21.1180441493616,242,0.7576459205614304
Goulburn,2100,0,0.0,0.24198125692441969,5,0.0
Goulburn,2100,1,2.0,1.3022375570072513,8,1.5358180918973936
Goulburn,2100,2,1.0,1.044559347587329,8,0.9573414878817083
Goulburn,2100,3,1.0,0.6232169525687948,8,1.604577660922363
Goulburn,2100,4,0.0,0.788004885912205,8,0.0
Goulburn,2120,0,0.0,0.11782711493480022,3,0.0
Goulburn,2120,1,1.0,0.45789743229618773,6,2.183895190207481
Goulburn,2120,2,2.0,0.7856334613657019,7,2.5457164165631516
Goulburn,2120,3,0.0,0.44727465340172723,6,0.0
Goulburn,2120,4,0.0,1.191367338001583,8,0.0
Goulburn,2125,0,1.0,0.2539763338905592,4,3.937374733627384
Goulburn,2125,1,2.0,0.6711130640096671,8,2.9801237783253627
Goulburn,2125,2,0.0,0.6257390614823503,5,0.0
Goulburn,2125,3,0.0,1.585682404669114,8,0.0
Goulburn,2125,4,1.0,0.8634891359483097,8,1.1580921616364865
Goulburn,2132,0,0.0,0.12635654768329918,1,0.0
Goulburn,2132,1,1.0,0.17599661998745242,2,5.681927301054387
Goulburn,2132,2,0.0,0.4638615368900061,2,0.0
Goulburn,2132,3,0.0,0.08321040944997751,2,0.0
Goulburn,2132,4,0.0,0.15057488598926483,2,0.0
Goulburn,2140,0,0.0,0.3771017778007588,5,0.0
Goulburn,2140,1,2.0,1.719228822494087,10,1.1633122792221444
Goulburn,2140,2,2.0,1.3447667542019621,9,1.4872467613812175
Goulburn,2140,3,1.0,0.8060539788242358,11,1.2406117037703441
Goulburn,2140,4,0.0,0.7528486666789563,12,0.0
Goulburn,2145,0,1.0,1.56299943579826,9,0.6397954964643201
Goulburn,2145,1,1.0,1.3958352679807497,18,0.7164169174824082
Goulburn,2145,2,2.0,1.6499500736200727,16,1.2121578900941532
Goulburn,2145,3,4.0,2.5835149116752345,19,1.548278270786628
Goulburn,2145,4,1.0,1.8077003109256826,20,0.553189040216474
Goulburn,2150,0,0.0,0.08479942386918735,2,0.0
Goulburn,2150,1,1.0,0.6668030591061831,4,1.4996931797830249
Goulburn,2150,2,1.0,0.7336848685102333,4,1.362982995724754
Goulburn,2150,3,0.0,0.23358580883052557,4,0.0
Goulburn,2150,4,0.0,0.28112683968387076,4,0.0
Grafton,946,0,0.0,0.6331560147749432,5,0.0
Grafton,946,1,3.0,1.2030842402727557,10,2.493590971917194
Grafton,946,2,1.0,1.5090027844547886,12,0.6626893007101413
Grafton,946,3,1.0,1.095422022223405,11,0.9128901735700689
Grafton,946,4,0.0,0.5593349382741071,13,0.0
Grafton,950,0,1.0,0.22730026398117034,4,4.399466953909215
Grafton,950,1,1.0,1.5345424038474131,8,0.6516600632819234
Grafton,950,2,1.0,0.9896563891821901,6,1.010451719334988
Grafton,950,3,0.0,0.5737015410241785,8,0.0
Grafton,950,4,1.0,0.6747994019650476,10,1.4819218823963876
Grafton,1000,0,11.0,7.4888366957977555,50,1.4688529669998651
Grafton,1000,1,13.0,12.262206542937292,100,1.060168082675761
Grafton,1000,2,16.0,12.131007758746353,134,1.3189341164557524
Grafton,1000,3,6.0,10.379648225475368,122,0.5780542721355291
Grafton,1000,4,4.0,7.73830077704323,140,0.5169093467995672
Grafton,1005,0,1.0,1.5889410078882267,10,0.6293499853270478
Grafton,1005,1,3.0,2.281788071979504,20,1.314758384812412
Grafton,1005,2,2.0,2.613504629148178,28,0.7652559623174886
Grafton,1005,3,1.0,1.450275429304575,24,0.6895241964345438
Grafton,1005,4,3.0,2.065490861679517,29,1.4524392509587787
Grafton,1006,0,19.0,7.348977587000011,48,2.58539365171151
Grafton,1006,1,14.0,12.710693468023509,96,1.1014347907311288
Grafton,1006,2,5.0,12.596624346076988,116,0.39693173842698326
Grafton,1006,3,7.0,8.468825375708233,110,0.826560908916439
Grafton,1006,4,3.0,6.874879223191259,130,0.4363713023321195
Grafton,1010,0,1.0,0.42897573273186174,2,2.3311341964070174
Grafton,1010,1,0.0,0.17880557610001616,4,0.0
Grafton,1010,2,1.0,0.8843296417162712,6,1.1308000465293016
Grafton,1010,3,0.0,0.2750593559539761,5,0.0
Grafton,1010,4,0.0,0.23282969349787488,6,0.0
Grafton,1015,0,11.0,4.532186339555413,34,2.427084673018773
Grafton,1015,1,8.0,8.88404322212955,68,0.9004908913626783
Grafton,1015,2,8.0,8.372877184526937,78,0.9554660630618095
Grafton,1015,3,4.0,6.836804107794715,74,0.5850686866162446
Grafton,1015,4,3.0,5.374089145993386,88,0.5582341339158151
Grafton,1020,0,0.0,1.240802822684511,5,0.0
Grafton,1020,1,4.0,1.1980623885824468,10,3.338724291923411
Grafton,1020,2,1.0,0.9430855718445251,12,1.0603491664538556
Grafton,1020,3,0.0,0.9558377757374434,11,0.0
Grafton,1020,4,0.0,0.6622114411510736,12,0.0
Grafton,1025,0,4.0,1.6644711870766808,11,2.403165660695647
Grafton,1025,1,3.0,3.7318415943821934,22,0.8038926423126087
Grafton,1025,2,0.0,1.7718205503951776,22,0.0
Grafton,1025,3,4.0,2.055712079501509,22,1.9457977797016994
Grafton,1025,4,0.0,1.7761545886444385,28,0.0
Grafton,1030,0,1.0,0.8202407761378887,4,1.2191542155566921
Grafton,1030,1,1.0,1.1385248704281798,8,0.878329517407834
Grafton,1030,2,1.0,0.35935432255746863,9,2.782768808465016
Grafton,1030,3,1.0,0.7555552057713807,8,1.3235300244924586
Grafton,1030,4,0.0,0.926324825105082,10,0.0
Grafton,1040,0,1.0,0.20419157672947344,3,4.89736166406544
Grafton,1040,1,1.0,1.141338605643616,6,0.8761641769193347
Grafton,1040,2,0.0,0.6734515675260295,7,0.0
Grafton,1040,3,1.0,0.36450311242544575,6,2.743460798855419
Grafton,1040,4,0.0,0.616515137675435,7,0.0
Grafton,1048,0,1.0,0.8841988210678655,2,1.130967352786423
Grafton,1048,1,1.0,0.7465281753416418,4,1.3395341703511179
Grafton,1048,2,0.0,0.10271818277186961,4,0.0
Grafton,1048,3,0.0,0.1887651115642779,5,0.0
Grafton,1048,4,0.0,0.07778970925434503,5,0.0
Grafton,1050,0,1.0,0.2621172183337335,1,3.81508702998205
Grafton,1050,1,0.0,0.31520741486110654,2,0.0
Grafton,1050,2,0.0,0.20237715682440044,3,0.0
Grafton,1050,3,0.0,0.15643021171070892,3,0.0
Grafton,1050,4,0.0,0.06386799827005056,3,0.0
Grafton,1100,0,15.0,10.85881566046778,80,1.3813661147788399
Grafton,1100,1,18.0,18.009815908750067,160,0.9994549689569399
Grafton,1100,2,24.0,21.63900750300145,225,1.1091081694329588
Grafton,1100,3,16.0,15.635458292343825,198,1.023315063801787
Grafton,1100,4,7.0,13.856902635436875,236,0.5051633964792817
Grafton,1105,0,0.0,0.06360355298294978,1,0.0
Grafton,1105,1,0.0,0.3686803352561462,2,0.0
Grafton,1105,2,0.0,0.17130200614315466,3,0.0
Grafton,1105,3,1.0,0.148953909007864,2,6.71348611567626
Grafton,1105,4,0.0,0.24746019660988544,3,0.0
Grafton,1106,0,15.0,7.193279095507681,46,2.0852798564937847
Grafton,1106,1,8.0,9.792534576810917,92,0.81694886418316
Grafton,1106,2,7.0,11.87977420335215,123,0.5892367885262322
Grafton,1106,3,8.0,8.716802004928239,107,0.9177677771592175
Grafton,1106,4,8.0,8.417610119401013,131,0.9503885172302646
Grafton,1110,0,1.0,0.15094274704322158,1,6.625028493178648
Grafton,1110,1,0.0,0.11931810267283,2,0.0
Grafton,1110,2,0.0,0.1729552309870247,2,0.0
Grafton,1110,3,0.0,0.2761022872951236,2,0.0
Grafton,1110,4,0.0,0.2806816320018001,2,0.0
Grafton,1115,0,9.0,5.146076943145666,32,1.7489050590251238
Grafton,1115,1,8.0,7.93813986820265,64,1.0077927742297839
Grafton,1115,2,8.0,8.768352574658069,91,0.9123720712510204
Grafton,1115,3,4.0,5.075646475018623,78,0.7880769513178759
Grafton,1115,4,3.0,5.0717841389749925,90,0.5915078240309928
Grafton,1120,0,3.0,1.657229825015987,12,1.8102498245655576
Grafton,1120,1,6.0,3.3711032812122452,24,1.7798327430188987
Grafton,1120,2,1.0,3.31536842111998,33,0.30162560324507925
Grafton,1120,3,1.0,1.7594689488700084,29,0.5683533094700162
Grafton,1120,4,1.0,1.8968295237817794,35,0.5271955056911297
Grafton,1125,0,2.0,1.7492845279908296,9,1.1433245809914834
Grafton,1125,1,5.0,2.3355677643729473,18,2.140807077521212
Grafton,1125,2,0.0,1.4656831597902509,24,0.0
Grafton,1125,3,1.0,2.0656343232203005,22,0.48411279225889864
Grafton,1125,4,1.0,1.3838302246256715,26,0.7226319979175926
Grafton,1130,0,2.0,0.27671517579732663,3,7.227648408646918
Grafton,1130,1,0.0,1.0887708431499312,6,0.0
Grafton,1130,2,1.0,0.41826323538175303,7,2.390838867507181
Grafton,1130,3,0.0,0.4409291198083968,6,0.0
Grafton,1130,4,0.0,0.7753216258625923,9,0.0
Grafton,1175,0,6.0,5.891214817823126,39,1.0184656620987165
Grafton,1175,1,12.0,9.616151950263816,78,1.2479004140186016
Grafton,1175,2,13.0,9.403740685416961,118,1.382428592502557
Grafton,1175,3,6.0,7.487180831742683,96,0.8013697191020651
Grafton,1175,4,2.0,6.601711714753414,112,0.302951732280346
Grafton,1180,0,0.0,0.0916905609667663,2,0.0
Grafton,1180,1,1.0,0.5741696730843358,4,1.7416454523419544
Grafton,1180,2,1.0,0.769414842815021,6,1.2996889900659416
Grafton,1180,3,0.0,0.3506306081343623,5,0.0
Grafton,1180,4,0.0,0.21409431499951448,7,0.0
Grafton,1181,0,4.0,2.717096058066328,28,1.4721599511084913
Grafton,1181,1,7.0,5.776514249345817,56,1.2118034679465635
Grafton,1181,2,7.0,7.4129790525872545,77,0.9442897316102468
Grafton,1181,3,6.0,5.389350458072183,67,1.11330670489487
Grafton,1181,4,4.0,6.704060181928417,80,0.5966533550492984
Grafton,1183,0,1.0,0.1899232541513579,3,5.265284677583807
Grafton,1183,1,1.0,0.9533461285002357,6,1.0489369706395706
Grafton,1183,2,0.0,0.7464612954645667,6,0.0
Grafton,1183,3,1.0,0.9078830325531937,6,1.1014634750775663
Grafton,1183,4,0.0,0.2023862893306461,7,0.0
Grafton,1185,0,2.0,0.4722760258111207,4,4.234811615866074
Grafton,1185,1,2.0,1.3380550508925024,8,1.4947068124483895
Grafton,1185,2,0.0,0.756558518865758,10,0.0
Grafton,1185,3,0.0,0.6809083737280323,9,0.0
Grafton,1185,4,0.0,0.7522020307025868,10,0.0
Grafton,1190,0,7.0,3.4126663084520326,24,2.051182086764048
Grafton,1190,1,10.0,6.492725740720848,48,1.5401851855966058
Grafton,1190,2,6.0,5.421740908526623,67,1.1066556114040722
Grafton,1190,3,1.0,4.967105856367931,56,0.20132447926753555
Grafton,1190,4,0.0,3.7057611859325656,71,0.0
Grafton,1195,0,4.0,0.8434616350250623,9,4.742361518175211
Grafton,1195,1,2.0,2.213285399552748,18,0.9036340276785596
Grafton,1195,2,3.0,2.3926379573008685,27,1.2538461955122937
Grafton,1195,3,0.0,1.9831344694192108,23,0.0
Grafton,1195,4,0.0,1.5674805387021105,28,0.0
Grafton,1200,0,8.0,4.337543557534561,46,1.8443618822233019
Grafton,1200,1,15.0,9.963744220699613,92,1.505458155864499
Grafton,1200,2,11.0,13.29238994751016,143,0.8275411753219326
Grafton,1200,3,6.0,9.868405408219337,122,0.6080009638641959
Grafton,1200,4,6.0,8.537916866036332,141,0.7027475312939487
Grafton,1205,0,0.0,1.6361923242304193,11,0.0
Grafton,1205,1,5.0,1.8710220354017575,22,2.6723362447873944
Grafton,1205,2,1.0,3.6781927011231854,36,0.27187265085231577
Grafton,1205,3,4.0,2.024724457413619,30,1.9755774596162068
Grafton,1205,4,1.0,1.7898684818310184,35,0.5587002677297326
Grafton,1206,0,4.0,2.407046697082827,29,1.6617874530011079
Grafton,1206,1,11.0,6.431855978462947,58,1.7102372995964885
Grafton,1206,2,6.0,9.143721446104898,92,0.6561879684727184
Grafton,1206,3,4.0,5.409653614466548,75,0.7394188768950309
Grafton,1206,4,4.0,5.6077222638827795,90,0.713302088044283
Grafton,1215,0,2.0,1.2050637472076426,14,1.6596632374298645
Grafton,1215,1,2.0,3.492010401869808,28,0.5727359800901778
Grafton,1215,2,5.0,3.389843233690291,36,1.4749944629612979
Grafton,1215,3,1.0,2.2284763931720097,30,0.448737084702343
Grafton,1215,4,4.0,3.6846062240602486,41,1.0855976885345984
Grafton,1220,0,0.0,0.596154315176236,5,0.0
Grafton,1220,1,0.0,1.095178443873209,10,0.0
Grafton,1220,2,2.0,1.1572433387791998,10,1.7282449878776938
Grafton,1220,3,3.0,1.6459282627418377,10,1.822679680463417
Grafton,1220,4,0.0,0.5054956394295173,13,0.0
Grafton,1225,0,0.0,0.08358416555181311,1,0.0
Grafton,1225,1,0.0,0.13048206839536436,2,0.0
Grafton,1225,2,0.0,0.40772763683811275,1,0.0
Grafton,1225,3,0.0,0.22729027474615843,2,0.0
Grafton,1225,4,1.0,0.15091585446855144,2,6.626209045573702
Grafton,1230,0,0.0,0.2331821770091811,2,0.0
Grafton,1230,1,0.0,0.793684261515353,4,0.0
Grafton,1230,2,1.0,0.42888102292279245,5,2.3316489808410594
Grafton,1230,3,1.0,0.25308725571618773,4,3.9512064610689084
Grafton,1230,4,0.0,0.2911652828364857,6,0.0
Grafton,1400,0,14.0,9.471140683921382,77,1.4781746430783154
Grafton,1400,1,13.0,15.77304479845083,154,0.8241909007496645
Grafton,1400,2,29.0,23.85977571201631,224,1.2154347278878634
Grafton,1400,3,10.0,14.767667060398495,196,0.6771550278795463
Grafton,1400,4,11.0,13.128371745212984,227,0.8378799910210453
Grafton,1406,0,0.0,0.08163906061040833,1,0.0
Grafton,1406,1,1.0,0.29003350480013484,2,3.4478775156998176
Grafton,1406,2,0.0,0.2831171057180259,3,0.0
Grafton,1406,3,0.0,0.12838400660507762,2,0.0
Grafton,1406,4,0.0,0.21682632226635332,3,0.0
Grafton,1408,0,1.0,0.5881220859957427,4,1.7003272344498195
Grafton,1408,1,1.0,0.7606983469094699,8,1.3145815342740703
Grafton,1408,2,2.0,0.96998615248535,11,2.0618851051383507
Grafton,1408,3,0.0,0.9679470598308882,10,0.0
Grafton,1408,4,0.0,0.7132463547785493,11,0.0
Grafton,1410,0,13.0,7.595547276968186,70,1.71152907433275
Grafton,1410,1,18.0,15.171770755771991,140,1.1864139189653937
Grafton,1410,2,21.0,21.47461282263842,216,0.9778988880238118
Grafton,1410,3,14.0,14.689421975378549,178,0.9530667730470189
Grafton,1410,4,4.0,11.068647169242853,213,0.36138110998018363
Grafton,1415,0,0.0,0.03839086699854784,1,0.0
Grafton,1415,1,1.0,0.22921605884427093,2,4.362696073922982
Grafton,1415,2,0.0,0.40716467595575256,4,0.0
Grafton,1415,3,0.0,0.1046374987313744,3,0.0
Grafton,1415,4,0.0,0.22059089947005422,3,0.0
Grafton,1420,0,6.0,3.8714857167100774,40,1.549792622016619
Grafton,1420,1,12.0,8.685688902330796,80,1.3815829849466301
Grafton,1420,2,6.0,9.853748329919233,106,0.6089053423235927
Grafton,1420,3,9.0,9.579183708986394,97,0.9395372584364311
Grafton,1420,4,7.0,8.009893342053498,116,0.873919252238808
Grafton,1425,0,4.0,2.124436234851958,11,1.8828524642815372
Grafton,1425,1,2.0,1.911035771263272,22,1.0465528851288426
Grafton,1425,2,2.0,2.4504339716843764,26,0.8161819592409757
Grafton,1425,3,3.0,2.270906954413579,27,1.3210580883419314
Grafton,1425,4,0.0,2.2431870677868146,31,0.0
Grafton,1430,0,3.0,1.8074541205745016,13,1.6597931675557254
Grafton,1430,1,4.0,3.452277643496217,27,1.1586553612035357
Grafton,1430,2,2.0,3.5820865365366004,32,0.558333803385368
Grafton,1430,3,2.0,2.246477492464787,31,0.890282678864342
Grafton,1430,4,2.0,1.9117042069278947,34,1.0461869533749661
Grafton,1435,0,2.0,1.4675041610505624,9,1.3628581458796223
Grafton,1435,1,3.0,2.351389306732317,18,1.2758414744043578
Grafton,1435,2,1.0,1.9098033560923273,22,0.5236141180765922
Grafton,1435,3,1.0,1.7767095789162226,20,0.5628381880003097
Grafton,1435,4,2.0,1.4945935972085707,25,1.3381564083610213
Grafton,1550,0,0.0,0.23978348770052965,3,0.0
Grafton,1550,1,1.0,0.44094265817308465,6,2.267868579881121
Grafton,1550,2,0.0,1.399417763214946,9,0.0
Grafton,1550,3,1.0,0.4547631630634259,7,2.1989467952146553
Grafton,1550,4,1.0,0.4650929278480137,9,2.1501079464420214
Grafton,1560,0,0.0,0.057258264057291286,1,0.0
Grafton,1560,1,0.0,0.13126228089295264,2,0.0
Grafton,1560,2,0.0,0.6566419860206572,4,0.0
Grafton,1560,3,1.0,0.1389113293575345,3,7.198836874033272
Grafton,1560,4,0.0,0.015926139671564463,3,0.0
Grafton,1600,0,4.0,2.8614588895940805,29,1.397888334005536
Grafton,1600,1,5.0,6.427324157141195,58,0.7779287115065855
Grafton,1600,2,7.0,8.201267855426488,80,0.8535265672817097
Grafton,1600,3,8.0,5.95377470251172,67,1.343685376039681
Grafton,1600,4,5.0,5.556174395326518,83,0.8998997591230515
Grafton,1608,0,0.0,0.368391370823859,4,0.0
Grafton,1608,1,0.0,0.8142526333580774,8,0.0
Grafton,1608,2,2.0,1.2344610342023934,9,1.6201402430593805
Grafton,1608,3,2.0,1.0580440812623475,8,1.8902804102583413
Grafton,1608,4,0.0,0.5248508803533227,11,0.0
Grafton,1610,0,2.0,3.3083404558497707,31,0.6045327035383019
Grafton,1610,1,12.0,6.6391328405903325,62,1.8074649638932356
Grafton,1610,2,4.0,8.797370389053901,89,0.45468132215701484
Grafton,1610,3,12.0,6.65452770716109,74,1.8032834978035366
Grafton,1610,4,1.0,5.600628607344906,92,0.17855138594417005
Grafton,1615,0,0.0,0.031005336432953428,1,0.0
Grafton,1615,1,0.0,0.36112097727792813,2,0.0
Grafton,1615,2,1.0,0.05864882885277088,3,17.050638854364006
Grafton,1615,3,0.0,0.34845997462067657,2,0.0
Grafton,1615,4,0.0,0.2007648828156709,3,0.0
Grafton,1620,0,1.0,0.8636870542609308,6,1.1578267788854542
Grafton,1620,1,2.0,1.0841232088394201,12,1.8448087668384554
Grafton,1620,2,0.0,1.4240341036373303,15,0.0
Grafton,1620,3,3.0,1.3045354032559953,13,2.2996692864848955
Grafton,1620,4,0.0,1.3236202300063233,16,0.0
Grafton,1625,0,1.0,0.2686060803634638,4,3.722923913884794
Grafton,1625,1,1.0,0.8944003714548708,8,1.1180675141864669
Grafton,1625,2,0.0,0.9905830609643146,10,0.0
Grafton,1625,3,1.0,0.9354565048958492,9,1.0689967890183594
Grafton,1625,4,1.0,0.9109539823215015,10,1.0977502918990167
Grafton,1630,0,0.0,0.6404204161558611,8,0.0
Grafton,1630,1,1.0,1.0767189407782698,16,0.9287474772916913
Grafton,1630,2,0.0,2.7640651394316516,25,0.0
Grafton,1630,3,2.0,1.4888633555704978,20,1.3433066187821157
Grafton,1630,4,5.0,2.02993214806372,25,2.463136516542842
Grafton,1635,0,0.0,0.22912757828155084,2,0.0
Grafton,1635,1,0.0,0.634043829325313,4,0.0
Grafton,1635,2,2.0,0.46470192999012333,6,4.303834072827086
Grafton,1635,3,0.0,0.42487007683670286,5,0.0
Grafton,1635,4,0.0,0.24725658556630986,6,0.0
Grafton,1700,0,3.0,4.576008572343192,44,0.6555931774541714
Grafton,1700,1,9.0,9.341594780106517,88,0.9634329268023953
Grafton,1700,2,12.0,12.170829596215409,127,0.9859640138032555
Grafton,1700,3,11.0,8.07720549396135,109,1.361857143318166
Grafton,1700,4,9.0,9.834361557373532,134,0.9151585435916834
Grafton,1706,0,0.0,0.2621592655527314,3,0.0
Grafton,1706,1,0.0,0.7079599925977871,6,0.0
Grafton,1706,2,0.0,1.3142124844928242,7,0.0
Grafton,1706,3,1.0,0.3646539852619602,8,2.742325712638571
Grafton,1706,4,2.0,0.35101427209469716,8,5.697774019457639
Grafton,1708,0,0.0,0.6547034068112816,4,0.0
Grafton,1708,1,1.0,0.9098959701033267,8,1.0990267380637384
Grafton,1708,2,1.0,0.9373975923932316,6,1.0667831964950334
Grafton,1708,3,2.0,0.7934979647484547,8,2.520485355792962
Grafton,1708,4,0.0,0.7045050659437053,9,0.0
Grafton,1710,0,2.0,2.059183272747959,27,0.9712588609614241
Grafton,1710,1,6.0,5.657540808605408,54,1.0605314575678702
Grafton,1710,2,9.0,7.599214782291758,78,1.184332889362787
Grafton,1710,3,9.0,5.546468297564626,66,1.6226541858991188
Grafton,1710,4,1.0,6.1375928387902485,80,0.1629303256612091
Grafton,1715,0,0.0,0.057574992289252704,1,0.0
Grafton,1715,1,0.0,0.22262330351844378,2,0.0
Grafton,1715,2,1.0,0.15618055912285003,4,6.4028455629577445
Grafton,1715,3,0.0,0.09598613927140776,3,0.0
Grafton,1715,4,0.0,0.4676350057980456,3,0.0
Grafton,1720,0,1.0,2.211712433125776,21,0.4521383453936264
Grafton,1720,1,8.0,5.477510241407826,42,1.4605175795972305
Grafton,1720,2,5.0,4.449771643342686,58,1.1236531671193761
Grafton,1720,3,6.0,5.8166377528400215,50,1.0315237522003928
Grafton,1720,4,1.0,3.044367929283692,61,0.3284754087641731
Grafton,1725,0,1.0,0.6550905797206096,10,1.5265064572085456
Grafton,1725,1,5.0,2.9785512835382577,20,1.678668427713099
Grafton,1725,2,1.0,2.63037882782173,27,0.38017337633002474
Grafton,1725,3,1.0,1.640061116721015,25,0.6097333750581847
Grafton,1725,4,2.0,2.095918192198388,30,0.9542357175220755
Grafton,1730,0,3.0,0.5757469721328661,6,5.210622278891786
Grafton,1730,1,2.0,1.4242548531369594,12,1.4042430647822237
Grafton,1730,2,0.0,1.8559346929024698,18,0.0
Grafton,1730,3,0.0,0.8863960222446385,15,0.0
Grafton,1730,4,1.0,1.2576674595830661,18,0.7951227428047741
Grafton,1735,0,1.0,0.35234861308857324,4,2.83809830052778
Grafton,1735,1,0.0,0.9823464115425536,8,0.0
Grafton,1735,2,3.0,1.449640419388331,12,2.069478720292468
Grafton,1735,3,0.0,0.822524437014173,11,0.0
Grafton,1735,4,0.0,0.39314011896636913,11,0.0
Grafton,2100,0,0.0,0.23416473471248686,1,0.0
Grafton,2100,1,0.0,0.4762327221720266,2,0.0
Grafton,2100,2,0.0,0.12608870330672367,2,0.0
Grafton,2100,3,1.0,0.11578145216339628,2,8.636961977197803
Grafton,2100,4,0.0,0.047732387645366525,2,0.0
Grafton,2120,0,0.0,0.1103724360950907,1,0.0
Grafton,2120,1,1.0,0.21332487648630977,2,4.687685826759053
Grafton,2120,2,0.0,0.13448742213267353,2,0.0
Grafton,2120,3,0.0,0.4229932647050867,2,0.0
Grafton,2120,4,0.0,0.11882200058083928,2,0.0
Grafton,2135,0,0.0,0.02001787082964677,1,0.0
Grafton,2135,1,0.0,0.32209378696175484,2,0.0
Grafton,2135,2,0.0,0.13213902061194868,3,0.0
Grafton,2135,3,0.0,0.06817439349747498,3,0.0
Grafton,2135,4,1.0,0.45757492809917466,3,2.185434425251683
Grafton,2200,0,2.0,3.2813252676850393,32,0.6095098281466595
Grafton,2200,1,7.0,6.5735539009676955,64,1.0648729903879737
Grafton,2200,2,10.0,8.612739909834078,80,1.1610707051053453
Grafton,2200,3,4.0,6.835210037005806,73,0.5852051331771829
Grafton,2200,4,9.0,6.697170884507382,85,1.3438510313093206
Grafton,2208,0,0.0,0.08444636912307381,1,0.0
Grafton,2208,1,0.0,0.08127764983140126,2,0.0
Grafton,2208,2,0.0,0.4087419122288753,4,0.0
Grafton,2208,3,1.0,0.18677201326033988,3,5.354121222680771
Grafton,2208,4,0.0,0.23876205555630986,3,0.0
Grafton,2217,0,2.0,0.2662210787068255,3,7.512553137095838
Grafton,2217,1,0.0,0.7640947187705825,6,0.0
Grafton,2217,2,1.0,0.6062232606623787,7,1.649557291660779
Grafton,2217,3,0.0,0.4407482889879166,7,0.0
Grafton,2217,4,0.0,0.9227126528722968,8,0.0
Grafton,2220,0,5.0,3.2030244627812214,35,1.5610246059933133
Grafton,2220,1,10.0,8.483438755258964,70,1.1787672768664599
Grafton,2220,2,5.0,7.61798912395449,79,0.6563411838273281
Grafton,2220,3,8.0,8.26948584697901,79,0.9674120190824854
Grafton,2220,4,7.0,7.426061811026316,95,0.9426261426488944
Grafton,2225,0,1.0,0.09591372417603569,1,10.426036613536613
Grafton,2225,1,0.0,0.4468052991834095,2,0.0
Grafton,2225,2,0.0,0.19336452726514888,2,0.0
Grafton,2225,3,0.0,0.09406922948034271,2,0.0
Grafton,2225,4,0.0,0.16984721989506318,2,0.0
Grafton,2230,0,3.0,1.3856888376839676,16,2.164988212659765
Grafton,2230,1,5.0,2.596064580862131,32,1.9259921486003797
Grafton,2230,2,3.0,4.941355980250754,39,0.60712080084701
Grafton,2230,3,3.0,3.7420627884739,37,0.8016968633558043
Grafton,2230,4,2.0,3.334827812729248,44,0.5997311142619939
Grafton,2235,0,1.0,0.15955408458894776,3,6.267467251473106
Grafton,2235,1,0.0,0.526007254271578,6,0.0
Grafton,2235,2,0.0,0.9619427983536559,9,0.0
Grafton,2235,3,2.0,0.6271855116068115,7,3.1888491729920876
Grafton,2235,4,0.0,0.7253103511790068,9,0.0
Grafton,2240,0,0.0,0.005452989741183273,1,0.0
Grafton,2240,1,0.0,0.2248370819600757,2,0.0
Grafton,2240,2,1.0,0.2165770565691798,3,4.617294259332481
Grafton,2240,3,0.0,0.4507378421451198,3,0.0
Grafton,2240,4,0.0,0.10239502958444145,3,0.0
Grafton,2245,0,1.0,0.37047963100222586,4,2.6992037248978797
Grafton,2245,1,1.0,1.3041892517739817,9,0.7667598844567857
Grafton,2245,2,0.0,0.9861998409098341,7,0.0
Grafton,2245,3,1.0,0.7887148593231894,8,1.2678853303944575
Grafton,2245,4,1.0,0.5504164169907689,8,1.8168062745424454
Grafton,2350,0,2.0,1.5408756814162146,11,1.2979632452644108
Grafton,2350,1,3.0,1.9832207307137735,22,1.512690924181839
Grafton,2350,2,2.0,2.9389058482957333,35,0.6805253734684277
Grafton,2350,3,2.0,2.037580231930426,28,0.981556440653715
Grafton,2350,4,2.0,2.499417507643852,34,0.8001864409941489
Grafton,2370,0,0.0,0.10711241872039357,1,0.0
Grafton,2370,1,0.0,0.20433753725121234,2,0.0
Grafton,2370,2,1.0,0.42780344611101384,3,2.3375220772310064
Grafton,2370,3,0.0,0.11101530037417309,2,0.0
Grafton,2370,4,0.0,0.14973129754320713,3,0.0
Grafton,2380,0,0.0,0.04730830664286498,1,0.0
Grafton,2380,1,0.0,0.2550094817968337,2,0.0
Grafton,2380,2,1.0,0.15482718537664902,1,6.458814048497323
Grafton,2380,3,0.0,0.4092114396110518,2,0.0
Grafton,2380,4,0.0,0.13364358657260045,2,0.0
Grafton,2390,0,0.0,0.05718885489999968,1,0.0
Grafton,2390,1,0.0,0.1505484385401701,2,0.0
Grafton,2390,2,0.0,0.36797273304343237,2,0.0
Grafton,2390,3,0.0,0.06650157553398871,2,0.0
Grafton,2390,4,1.0,0.35778839798240925,3,2.794948091215538
Grafton,3120,0,2.0,0.6394035677181402,5,3.1279149835485955
Grafton,3120,1,3.0,1.406637620573402,10,2.132745460609165
Grafton,3120,2,0.0,1.2731510279674023,13,0.0
Grafton,3120,3,0.0,0.7924253916814102,12,0.0
Grafton,3120,4,0.0,0.8883823920596452,13,0.0
Grafton,3170,0,0.0,0.06883244183555474,1,0.0
Grafton,3170,1,0.0,0.2565572832052495,2,0.0
Grafton,3170,2,1.0,0.2890178886028758,3,3.459993444814231
Grafton,3170,3,0.0,0.28488624144321534,3,0.0
Grafton,3170,4,0.0,0.10070614491310456,3,0.0
Great Western,1200,0,1.0,1.4629579717683014,9,0.6835466358553578
Great Western,1200,1,3.0,2.956050736479678,18,1.014867560619971
Great Western,1200,2,3.0,1.792089162075309,9,1.6740238507585656
Great Western,1200,3,2.0,1.961094063094045,19,1.0198388938287706
Great Western,1200,4,0.0,0.8278080665826666,17,0.0
Great Western,1210,0,2.0,1.104273470178586,4,1.81114556675581
Great Western,1210,1,2.0,0.9364844347863208,8,2.135646814521101
Great Western,1210,2,0.0,0.4474547281957385,4,0.0
Great Western,1210,3,0.0,0.5708123373787641,8,0.0
Great Western,1210,4,0.0,0.9409750294605908,8,0.0
Great Western,1600,0,1.0,1.3704771553574613,8,0.7296728705697908
Great Western,1600,1,1.0,2.23526438730651,16,0.44737437131765806
Great Western,1600,2,3.0,1.760133575836509,8,1.7044160972693452
Great Western,1600,3,1.0,1.4986035582424784,16,0.6672878857786597
Great Western,1600,4,2.0,1.1355213232570411,16,1.761305542253804
Great Western,1950,0,2.0,0.6396160814814028,7,3.1268757273391836
Great Western,1950,1,1.0,1.707433644909079,14,0.5856742972013124
Great Western,1950,2,1.0,0.7937727142650948,7,1.25980646856303
Great Western,1950,3,3.0,2.414238064880226,14,1.2426280753504872
Great Western,1950,4,0.0,1.4449394944641971,14,0.0
Griffith,1000,0,1.0,0.4900657131036039,4,2.040542672669271
Griffith,1000,1,1.0,1.2425419312168868,8,0.8048018138274394
Griffith,1000,2,2.0,0.5662732780052118,7,3.5318636384279336
Griffith,1000,3,0.0,0.7229699113413748,8,0.0
Griffith,1000,4,0.0,0.9781491663329229,10,0.0
Griffith,1200,0,2.0,1.3070344284995912,8,1.5301815747087075
Griffith,1200,1,2.0,1.5655723056422413,16,1.277488106293209
Griffith,1200,2,2.0,1.789607681825618,18,1.1175633745379079
Griffith,1200,3,2.0,1.3823505178367705,18,1.4468110469765543
Griffith,1200,4,0.0,1.9554350661957796,20,0.0
Griffith,1350,0,2.0,0.6897324114100905,7,2.8996752463918516
Griffith,1350,1,3.0,2.0859151208304443,14,1.4382176772397337
Griffith,1350,2,1.0,1.4246782673241691,15,0.7019128619672146
Griffith,1350,3,1.0,1.4734582232494968,14,0.678675502448007
Griffith,1350,4,0.0,1.3262159771857993,18,0.0
Griffith,1820,0,1.0,0.4821047110447334,4,2.0742381833045647
Griffith,1820,1,0.0,0.7881373099578876,8,0.0
Griffith,1820,2,2.0,0.660050335559282,7,3.0300719388398387
Griffith,1820,3,1.0,1.2138614739714921,8,0.823817232396557
Griffith,1820,4,0.0,0.8558461694666049,8,0.0
Gunbower,1100,0,2.0,0.9587748364649821,6,2.0859955058624937
Gunbower,1100,1,4.0,1.6260752360079793,12,2.4599107786795984
Gunbower,1100,2,0.0,0.9952131682784712,12,0.0
Gunbower,1100,3,0.0,1.143641791943778,12,0.0
Gunbower,1100,4,0.0,1.2762949673047896,17,0.0
Gunbower,1300,0,1.0,0.45603544194462087,4,2.192812022977451
Gunbower,1300,1,0.0,0.9453673607058659,8,0.0
Gunbower,1300,2,2.0,0.6149923106689714,8,3.2520731809223045
Gunbower,1300,3,1.0,1.1498900264891052,8,0.8696483811180135
Gunbower,1300,4,0.0,0.8337148601914363,11,0.0
Gunbower,1800,0,1.0,0.9170939840711692,6,1.0904007848364614
Gunbower,1800,1,0.0,0.7934321536239142,12,0.0
Gunbower,1800,2,1.0,0.9807559802915935,12,1.0196216185219538
Gunbower,1800,3,1.0,1.818226391212097,12,0.5499865169888789
Gunbower,1800,4,3.0,1.4904914908012261,16,2.012758890953027
Gundagai,1000,0,13.0,6.750868315420415,48,1.9256782079877404
Gundagai,1000,1,13.0,11.624723041326122,96,1.118306212869308
Gundagai,1000,2,11.0,12.681642463712853,116,0.8673955310974355
Gundagai,1000,3,4.0,8.521568599330351,107,0.46939714835063717
Gundagai,1000,4,7.0,8.421197580210258,126,0.8312356922309886
Gundagai,1100,0,4.0,1.9073694956214124,17,2.0971290613499183
Gundagai,1100,1,4.0,4.241440508377901,34,0.9430758234375807
Gundagai,1100,2,8.0,4.389854547762115,37,1.8223838427809151
Gundagai,1100,3,1.0,3.857757324500553,39,0.25921796419101234
Gundagai,1100,4,0.0,2.6035781237380182,43,0.0
Gundagai,1180,0,19.0,9.367059961176436,59,2.0283845815815336
Gundagai,1180,1,18.0,12.173094003624994,118,1.4786709109976335
Gundagai,1180,2,10.0,13.865436697639089,144,0.7212178179503521
Gundagai,1180,3,10.0,12.192972776199392,139,0.8201445360002722
Gundagai,1180,4,2.0,11.401436561360086,161,0.1754164915303812
Gundagai,1400,0,12.0,7.535769438069279,70,1.5924054071211726
Gundagai,1400,1,19.0,16.123082929873583,140,1.1784346754674278
Gundagai,1400,2,17.0,17.665619082208185,171,0.9623212139291196
Gundagai,1400,3,14.0,16.568138965932643,165,0.8449953268008409
Gundagai,1400,4,8.0,12.10738958391631,192,0.6607534964124185
Gundagai,1580,0,2.0,0.3658288199894664,2,5.467037834956764
Gundagai,1580,1,0.0,0.36776408006874806,4,0.0
Gundagai,1580,2,0.0,0.4051316061682203,3,0.0
Gundagai,1580,3,0.0,0.5061310777030483,4,0.0
Gundagai,1580,4,0.0,0.35514441607051683,5,0.0
Gundagai,1700,0,0.0,0.9906751038408786,8,0.0
Gundagai,1700,1,2.0,1.8668554669685475,16,1.0713202148678689
Gundagai,1700,2,4.0,1.7387288001081533,18,2.3005312845517887
Gundagai,1700,3,2.0,2.0184315476959815,20,0.9908683810867795
Gundagai,1700,4,0.0,1.3853090813864388,20,0.0
Gundagai,1800,0,1.0,3.0256099205676197,23,0.33051187240039026
Gundagai,1800,1,4.0,4.098655811445312,46,0.9759297155009162
Gundagai,1800,2,9.0,5.604330009949102,60,1.6059011485802452
Gundagai,1800,3,5.0,5.718003381933443,54,0.874431102261667
Gundagai,1800,4,4.0,4.553400876104524,66,0.8784642751292384
Gunnedah,900,0,0.0,0.20832520078104608,1,0.0
Gunnedah,900,1,0.0,0.245452947337106,2,0.0
Gunnedah,900,2,0.0,0.1900310970149794,3,0.0
Gunnedah,900,3,1.0,0.2935267979333703,3,3.406843964642019
Gunnedah,900,4,0.0,0.06266395693349827,3,0.0
Gunnedah,950,0,2.0,0.37266716668357625,2,5.366719096287217
Gunnedah,950,1,0.0,0.6869161857246334,4,0.0
Gunnedah,950,2,0.0,0.6396459003321939,5,0.0
Gunnedah,950,3,0.0,0.13565863601059358,5,0.0
Gunnedah,950,4,0.0,0.16511211124900263,5,0.0
Gunnedah,1000,0,26.0,11.22186840733512,89,2.3169047306779347
Gunnedah,1000,1,21.0,19.78759726283741,178,1.061270841581134
Gunnedah,1000,2,23.0,23.358824972973817,246,0.9846385692178875
Gunnedah,1000,3,10.0,19.181130907226745,216,0.5213456937636752
Gunnedah,1000,4,9.0,15.45057844962691,256,0.5825024628911111
Gunnedah,1250,0,9.0,4.8310680526930705,45,1.862942086891731
Gunnedah,1250,1,13.0,9.403599323728265,90,1.3824493741664294
Gunnedah,1250,2,15.0,13.175210834563355,128,1.1385017050846398
Gunnedah,1250,3,5.0,9.227067944136845,110,0.5418839473461502
Gunnedah,1250,4,3.0,8.363053844878461,128,0.3587206367010541
Gunnedah,1300,0,5.0,4.084885613512134,37,1.2240244827078675
Gunnedah,1300,1,12.0,7.886959697953209,74,1.5214988359981336
Gunnedah,1300,2,9.0,11.793711113939572,112,0.7631185733693657
Gunnedah,1300,3,6.0,7.600546616619745,94,0.7894169067893212
Gunnedah,1300,4,5.0,5.633896957975338,110,0.887485170086756
Gunnedah,1400,0,13.0,5.86461259585903,50,2.216685209382667
Gunnedah,1400,1,12.0,11.579457222658394,100,1.0363180043118685
Gunnedah,1400,2,13.0,14.062613840834587,144,0.9244369608053233
Gunnedah,1400,3,7.0,9.406984725514393,121,0.7441279224164177
Gunnedah,1400,4,5.0,9.086331615133595,148,0.5502770767987742
Gunnedah,1600,0,6.0,4.82986532076119,53,1.2422706641961594
Gunnedah,1600,1,13.0,12.412473455585015,106,1.0473335589813992
Gunnedah,1600,2,14.0,14.430291952970906,156,0.970181341141728
Gunnedah,1600,3,10.0,11.197042214215553,134,0.8930929980155107
Gunnedah,1600,4,10.0,10.130327056467335,155,0.98713496062458
Gunnedah,2050,0,3.0,1.448632004210081,13,2.0709193164870454
Gunnedah,2050,1,4.0,2.488807559764398,26,1.6071953752738755
Gunnedah,2050,2,4.0,3.493569106134712,36,1.1449608919932326
Gunnedah,2050,3,1.0,2.796506535675139,29,0.35758900873034355
Gunnedah,2050,4,1.0,2.77248479421567,37,0.36068728026438024
Gunnedah,2150,0,1.0,0.8038896009084582,8,1.243951904428073
Gunnedah,2150,1,1.0,1.6994666049673717,16,0.5884199178007379
Gunnedah,2150,2,2.0,1.552019958314576,18,1.2886432221992237
Gunnedah,2150,3,1.0,2.2130269140266114,17,0.45186978687958923
Gunnedah,2150,4,3.0,1.7315969217829825,21,1.7325048123272095
Gympie,850,0,1.0,0.12825102325677856,2,7.797208744275232
Gympie,850,1,0.0,0.43855159174051805,4,0.0
Gympie,850,2,0.0,0.3204229995893838,3,0.0
Gympie,850,3,0.0,0.474006077762165,4,0.0
Gympie,850,4,1.0,0.6387683076511543,5,1.565512859705185
Gympie,1030,0,2.0,0.5510882859508824,4,3.629182566544803
Gympie,1030,1,0.0,0.9175584647330607,8,0.0
Gympie,1030,2,1.0,1.1247868553955689,6,0.8890573313539627
Gympie,1030,3,1.0,0.9205628336488015,8,1.0862919547124623
Gympie,1030,4,0.0,0.48600356027168634,8,0.0
Gympie,1170,0,2.0,0.9798789249995817,7,2.0410684922128044
Gympie,1170,1,4.0,2.3644534823981926,14,1.6917228567943416
Gympie,1170,2,0.0,0.9111906818049432,16,0.0
Gympie,1170,3,1.0,1.791231122497285,15,0.5582752484815179
Gympie,1170,4,0.0,0.9532457882999972,17,0.0
Gympie,1470,0,1.0,0.5660855170761989,5,1.7665175487352969
Gympie,1470,1,2.0,1.4840138356994304,10,1.3476963299721396
Gympie,1470,2,0.0,0.8828964536739689,9,0.0
Gympie,1470,3,0.0,0.9141372014212383,11,0.0
Gympie,1470,4,2.0,1.1528669921291637,11,1.7348055011153674
Halidon,1000,0,2.0,1.6785343540402304,8,1.1915156786550136
Halidon,1000,1,4.0,1.4353389455359646,16,2.7867982070996997
Halidon,1000,2,0.0,2.0465761197134005,16,0.0
Halidon,1000,3,2.0,1.4705861468548047,16,1.3600019313914193
Halidon,1000,4,0.0,1.3689644338556,19,0.0
Halidon,1200,0,0.0,0.528046636682808,3,0.0
Halidon,1200,1,1.0,0.3218471438402074,6,3.107065012503221
Halidon,1200,2,0.0,0.6820941119482488,7,0.0
Halidon,1200,3,2.0,0.5221300807438574,6,3.830463085273083
Halidon,1200,4,0.0,0.9458820267848786,9,0.0
Halidon,1380,0,1.0,0.4646982821947264,8,2.1519339285634835
Halidon,1380,1,1.0,2.089736070846842,16,0.47852932911033175
Halidon,1380,2,3.0,2.0941566921237658,20,1.4325575594620779
Halidon,1380,3,0.0,1.2843014266939483,21,0.0
Halidon,1380,4,3.0,2.0671075281407174,22,1.4513033111046638
Halidon,1800,0,1.0,0.8270995352821311,8,1.2090443257943446
Halidon,1800,1,2.0,1.5695509516695152,16,1.2742498087574796
Halidon,1800,2,2.0,1.9948307496814526,24,1.002591322757268
Halidon,1800,3,3.0,1.8642239670811245,19,1.6092487023955586
Halidon,1800,4,0.0,1.7442947962857764,24,0.0
Hamilton,1100,0,16.0,10.018939083787329,61,1.5969754747677065
Hamilton,1100,1,18.0,15.826706509453532,122,1.1373181141160562
Hamilton,1100,2,17.0,14.023877671389082,141,1.21221821798137
Hamilton,1100,3,9.0,11.372134942905019,135,0.7914081256672939
Hamilton,1100,4,1.0,9.758341792465039,163,0.10247642696550718
Hamilton,1109,0,0.0,0.3482507189471934,1,0.0
Hamilton,1109,1,1.0,0.2576780023198205,2,3.8808124519641245
Hamilton,1109,2,0.0,0.11940024649618057,1,0.0
Hamilton,1109,3,0.0,0.24875051353370953,2,0.0
Hamilton,1109,4,0.0,0.025920518703095898,2,0.0
Hamilton,1112,0,1.0,0.08345000019604441,1,11.983223458966519
Hamilton,1112,1,0.0,0.6451596653811836,2,0.0
Hamilton,1112,2,0.0,0.11036935509799423,2,0.0
Hamilton,1112,3,0.0,0.03867287605632226,2,0.0
Hamilton,1112,4,0.0,0.12234810326845535,3,0.0
Hamilton,1200,0,10.0,5.983622731537505,43,1.6712283592502628
Hamilton,1200,1,9.0,11.479511917951072,86,0.7840054581002056
Hamilton,1200,2,14.0,10.762726002906353,101,1.3007856927900476
Hamilton,1200,3,6.0,7.86059345839597,94,0.763301146631791
Hamilton,1200,4,4.0,6.913545889209098,110,0.5785743038522878
Hamilton,1209,0,1.0,0.25398254488986416,2,3.9372784473580085
Hamilton,1209,1,0.0,0.6909598435066533,4,0.0
Hamilton,1209,2,0.0,0.1793034516057182,4,0.0
Hamilton,1209,3,0.0,0.4538555338731706,5,0.0
Hamilton,1209,4,1.0,0.4218986261245938,5,2.3702376307446973
Hamilton,1400,0,10.0,8.782679830287416,79,1.1386046392713314
Hamilton,1400,1,29.0,16.677054252311983,158,1.738916211535359
Hamilton,1400,2,22.0,22.1840887954631,223,0.9917017643969785
Hamilton,1400,3,10.0,16.639014119797654,192,0.6009971461050487
Hamilton,1400,4,8.0,14.717163002139847,232,0.5435830260789267
Hamilton,1409,0,1.0,0.19174919710230098,3,5.215145696106803
Hamilton,1409,1,0.0,0.5283868723073002,6,0.0
Hamilton,1409,2,0.0,0.6205240911275349,7,0.0
Hamilton,1409,3,1.0,0.7238865411457618,7,1.381431955368597
Hamilton,1409,4,1.0,0.9354532983171021,9,1.0690004533620423
Hamilton,1412,0,0.0,0.2415399320419828,1,0.0
Hamilton,1412,1,1.0,0.38042539296612293,2,2.6286363068541285
Hamilton,1412,2,0.0,0.1761228671139458,1,0.0
Hamilton,1412,3,0.0,0.15328495687279678,2,0.0
Hamilton,1412,4,0.0,0.048626851005151656,2,0.0
Hamilton,1512,0,0.0,0.052359496986189774,1,0.0
Hamilton,1512,1,0.0,0.42954502067961664,2,0.0
Hamilton,1512,2,1.0,0.3351007807116146,1,2.984176873227261
Hamilton,1512,3,0.0,0.11680195481534643,2,0.0
Hamilton,1512,4,0.0,0.0661927468072325,2,0.0
Hamilton,1600,0,9.0,8.007661649796894,64,1.123923611361411
Hamilton,1600,1,22.0,15.169769038612927,128,1.4502527984441618
Hamilton,1600,2,18.0,18.033147548402866,161,0.9981618545340522
Hamilton,1600,3,10.0,11.785496582475536,147,0.8485005218082636
Hamilton,1600,4,5.0,11.003925180711777,180,0.45438331485243527
Hamilton,1609,0,0.0,0.28268352382015566,4,0.0
Hamilton,1609,1,1.0,1.2465790878109502,8,0.8021953919955819
Hamilton,1609,2,1.0,0.748224673909925,6,1.3364969572232859
Hamilton,1609,3,2.0,0.934659502610584,8,2.1398166866263373
Hamilton,1609,4,0.0,0.7878532118483853,9,0.0
Hamilton,2200,0,10.0,7.323420864369498,55,1.3654820862000179
Hamilton,2200,1,16.0,13.40266181941899,110,1.1937927118938234
Hamilton,2200,2,11.0,13.085914550763016,121,0.8405984891104619
Hamilton,2200,3,10.0,10.767934378872333,126,0.9286832226263293
Hamilton,2200,4,8.0,10.420068386576162,145,0.7677492798709595
Hamilton,2209,0,1.0,0.6948540487145943,2,1.4391511452655317
Hamilton,2209,1,0.0,0.35982375085465335,4,0.0
Hamilton,2209,2,0.0,0.0805021805833448,2,0.0
Hamilton,2209,3,1.0,0.3263545650465738,4,3.0641520208466853
Hamilton,2209,4,0.0,0.5384654548008337,4,0.0
Hamilton,2224,0,0.0,0.026838251236281183,1,0.0
Hamilton,2224,1,0.0,0.22690521499764998,2,0.0
Hamilton,2224,2,0.0,0.06253487951460288,2,0.0
Hamilton,2224,3,1.0,0.44372575377318224,2,2.2536442644957826
Hamilton,2224,4,0.0,0.23999590047828362,2,0.0
Hamilton,3200,0,7.0,3.232905907029322,17,2.165234683997412
Hamilton,3200,1,5.0,6.08606700029569,35,0.8215486289843796
Hamilton,3200,2,3.0,2.930055207298916,29,1.0238714931127741
Hamilton,3200,3,2.0,2.9388338973327666,34,0.6805420346536647
Hamilton,3200,4,0.0,1.8121379880433062,34,0.0
Hamilton,3400,0,2.0,0.8359857170249183,5,2.3923853712687126
Hamilton,3400,1,2.0,1.4919543585896802,10,1.3405235813584586
Hamilton,3400,2,1.0,1.8637666439907388,10,0.536547857653884
Hamilton,3400,3,0.0,0.336311927998489,10,0.0
Hamilton,3400,4,0.0,0.4719813523961736,13,0.0
Hamilton,3450,0,1.0,0.5986798342117381,1,1.6703418803418806
Hamilton,3450,1,0.0,0.2835414214808371,2,0.0
Hamilton,3450,2,0.0,0.03569052857800747,1,0.0
Hamilton,3450,3,0.0,0.08208821572941719,2,0.0
Hanging Rock,1000,0,4.0,1.4731195763632694,12,2.7153260768381813
Hanging Rock,1000,1,2.0,2.8426898012138695,24,0.7035590021626599
Hanging Rock,1000,2,5.0,3.254952070260432,24,1.5361209296086331
Hanging Rock,1000,3,0.0,2.1968305833138597,24,0.0
Hanging Rock,1000,4,1.0,2.232407968848569,32,0.44794679733909915
Hanging Rock,1600,0,1.0,1.2890325276648429,10,0.7757756135227696
Hanging Rock,1600,1,4.0,3.3025151440357416,20,1.211198079507341
Hanging Rock,1600,2,5.0,1.9385768624884587,17,2.5792116354786874
Hanging Rock,1600,3,0.0,2.082252605962898,20,0.0
Hanging Rock,1600,4,0.0,1.3876228598480589,26,0.0
Hanging Rock,1800,0,3.0,1.810409250140316,12,1.6570838885006165
Hanging Rock,1800,1,2.0,2.6737057077123514,24,0.7480254817240972
Hanging Rock,1800,2,3.0,2.2868194135364757,21,1.311865721552809
Hanging Rock,1800,3,3.0,2.7659926294288057,24,1.0846015886237261
Hanging Rock,1800,4,1.0,2.4630729991820512,31,0.4059968991305108
Hanging Rock,2400,0,2.0,0.8954526549115247,6,2.2335072535997007
Hanging Rock,2400,1,1.0,1.60658901330402,12,0.6224367225961894
Hanging Rock,2400,2,1.0,0.9565770928566393,12,1.0453940487051454
Hanging Rock,2400,3,1.0,0.9690013651470863,12,1.0319902901769475
Hanging Rock,2400,4,1.0,1.57237987378073,17,0.6359786312931726
Hawkesbury,1000,0,26.0,13.315999670265173,84,1.952538348139073
Hawkesbury,1000,1,18.0,22.174861739056883,168,0.8117299765750673
Hawkesbury,1000,2,19.0,17.441366937316875,169,1.0893641575390707
Hawkesbury,1000,3,13.0,17.878683022980763,174,0.7271229085101045
Hawkesbury,1000,4,8.0,13.189088630380304,214,0.6065620016816372
Hawkesbury,1100,0,44.0,33.038119744131485,215,1.3317949187412719
Hawkesbury,1100,1,65.0,51.26692652115979,430,1.2678739376578787
Hawkesbury,1100,2,45.0,48.71850174380134,470,0.9236737253670889
Hawkesbury,1100,3,34.0,47.76011692020512,461,0.7118910545551063
Hawkesbury,1100,4,27.0,34.21633507070227,556,0.7890967850358335
Hawkesbury,1300,0,47.0,29.49194398773274,212,1.5936555426644574
Hawkesbury,1300,1,53.0,53.82082109667592,424,0.9847490045682967
Hawkesbury,1300,2,57.0,54.77966690313684,463,1.0405320664105027
Hawkesbury,1300,3,32.0,40.53573612211353,461,0.7894268875147671
Hawkesbury,1300,4,23.0,33.371831890340964,541,0.6892039992163884
Hawkesbury,1400,0,30.0,17.126238020698256,108,1.7516981816872392
Hawkesbury,1400,1,28.0,21.851685837884823,214,1.2813656670578564
Hawkesbury,1400,2,23.0,26.7102625159214,244,0.8610922482057302
Hawkesbury,1400,3,13.0,22.49460337851181,239,0.5779163909339419
Hawkesbury,1400,4,13.0,18.81721024698371,273,0.6908569245584013
Hawkesbury,1500,0,26.0,17.72760839894678,116,1.4666388953822271
Hawkesbury,1500,1,33.0,25.93318320602031,232,1.2725009397357416
Hawkesbury,1500,2,24.0,25.37379983672155,228,0.9458575441769919
Hawkesbury,1500,3,26.0,26.124766492461244,250,0.995224206405931
Hawkesbury,1500,4,7.0,20.840642065850115,280,0.33588216610035915
Hawkesbury,1600,0,11.0,10.458546893656937,75,1.0517713513979128
Hawkesbury,1600,1,25.0,16.614204736438765,150,1.5047364828223924
Hawkesbury,1600,2,22.0,19.15170866933199,159,1.148722569868089
Hawkesbury,1600,3,6.0,13.78958375243342,164,0.4351110307402275
Hawkesbury,1600,4,11.0,14.985955948138889,195,0.734020574868038
Hawkesbury,1800,0,10.0,7.821316161031933,72,1.2785571883441949
Hawkesbury,1800,1,22.0,15.81641755319538,144,1.3909597369952689
Hawkesbury,1800,2,14.0,17.35563758259535,173,0.8066543181357703
Hawkesbury,1800,3,16.0,15.927229854314572,161,1.0045689141395617
Hawkesbury,1800,4,10.0,15.079398848862764,195,0.6631564096306243
Hawkesbury,2000,0,6.0,4.704907301729767,38,1.2752642326861765
Hawkesbury,2000,1,10.0,9.96612106089449,77,1.0033994107535422
Hawkesbury,2000,2,7.0,7.4846458695383715,71,0.9352479892855288
Hawkesbury,2000,3,6.0,7.659117395112217,80,0.7833800802986767
Hawkesbury,2000,4,9.0,8.185208372725153,94,1.0995443964493201
Hawkesbury,2100,0,2.0,1.3007389738080712,9,1.5375875100787957
Hawkesbury,2100,1,4.0,2.1567988131239804,18,1.8546004271053287
Hawkesbury,2100,2,2.0,2.169260268073701,16,0.9219732779119199
Hawkesbury,2100,3,0.0,0.9534159193778003,18,0.0
Hawkesbury,2100,4,1.0,2.419786025616447,22,0.4132596805724784
Hobart,1000,0,5.0,3.272871659389492,22,1.5277103780270684
Hobart,1000,1,7.0,5.925424678539174,44,1.1813499250699693
Hobart,1000,2,6.0,5.64848371663428,43,1.0622319725080442
Hobart,1000,3,3.0,3.7623033849483822,45,0.7973838611744914
Hobart,1000,4,1.0,3.3909165604886726,55,0.29490551659457165
Hobart,1100,0,24.0,18.245463967090508,139,1.3153954343550263
Hobart,1100,1,35.0,32.201092367729736,279,1.086919648573015
Hobart,1100,2,30.0,38.2312639071251,366,0.7846980961152307
Hobart,1100,3,35.0,26.796139125238938,334,1.3061583176747262
Hobart,1100,4,15.0,23.526040632815725,388,0.6375913496926031
Hobart,1200,0,35.0,23.26553579621494,193,1.5043711138470377
Hobart,1200,1,50.0,47.71761693077663,386,1.047831036334744
Hobart,1200,2,53.0,50.3998251388947,550,1.051590950046743
Hobart,1200,3,31.0,36.12234146639236,468,0.8581946446866379
Hobart,1200,4,24.0,35.49468066772137,569,0.6761576537248705
Hobart,1380,0,2.0,0.7832232469571953,5,2.5535503546019034
Hobart,1380,1,1.0,1.050118196066443,10,0.9522737571311717
Hobart,1380,2,0.0,1.0885003760375083,12,0.0
Hobart,1380,3,1.0,1.4675212558833897,11,0.6814211351221892
Hobart,1380,4,1.0,0.6106369250554635,14,1.6376343436964134
Hobart,1390,0,7.0,4.560714213238944,35,1.5348473227461266
Hobart,1390,1,3.0,7.498662763338741,70,0.4000713320069705
Hobart,1390,2,10.0,10.16802380184999,92,0.9834752745347213
Hobart,1390,3,8.0,6.0751225849499955,86,1.316845855887507
Hobart,1390,4,7.0,6.69747663662233,96,1.0451697526981205
Hobart,1400,0,20.0,12.768197668267378,115,1.5663917899474347
Hobart,1400,1,23.0,25.887566609089628,230,0.8884573952935481
Hobart,1400,2,29.0,30.10380334442308,287,0.963333425620867
Hobart,1400,3,23.0,23.80033475992105,268,0.9663729620614923
Hobart,1400,4,20.0,22.44009761829886,326,0.8912617199887279
Hobart,1410,0,0.0,0.22845840941825324,3,0.0
Hobart,1410,1,1.0,0.8402816706839603,6,1.1900771311434586
Hobart,1410,2,1.0,0.504648821662379,6,1.9815760130101356
Hobart,1410,3,1.0,0.8012008990541821,6,1.248126407721834
Hobart,1410,4,0.0,0.6254101991812253,7,0.0
Hobart,1420,0,0.0,0.0844097177961603,1,0.0
Hobart,1420,1,0.0,0.17696080497852434,2,0.0
Hobart,1420,2,0.0,0.2302870249618322,2,0.0
Hobart,1420,3,1.0,0.4200388337951786,2,2.3807322550743604
Hobart,1420,4,0.0,0.08830361846830459,2,0.0
Hobart,1430,0,9.0,5.232012783689251,46,1.7201792832115035
Hobart,1430,1,11.0,10.906241157385812,92,1.0085968062929447
Hobart,1430,2,7.0,10.578494069430489,98,0.6617198964291575
Hobart,1430,3,14.0,9.770668530375687,90,1.4328599886973847
Hobart,1430,4,5.0,9.512583459118762,113,0.5256195671226411
Hobart,1450,0,0.0,0.9002724530413891,10,0.0
Hobart,1450,1,2.0,2.1154650828624924,20,0.9454185825150783
Hobart,1450,2,2.0,1.8968477014840646,14,1.0543809070360424
Hobart,1450,3,4.0,2.734938645971978,20,1.4625556613093336
Hobart,1450,4,2.0,2.3524761166400756,23,0.8501680360761751
Hobart,1600,0,18.0,12.770334261626585,115,1.4095167464870493
Hobart,1600,1,27.0,25.925043278715105,230,1.0414640280337526
Hobart,1600,2,30.0,26.335670316509805,284,1.1391394120389269
Hobart,1600,3,20.0,24.422984324146977,269,0.8189007426183386
Hobart,1600,4,20.0,25.545967819001525,313,0.7829024189533215
Hobart,1650,0,0.0,0.29680091283301924,2,0.0
Hobart,1650,1,0.0,0.3966734836849254,4,0.0
Hobart,1650,2,0.0,0.33788952536589884,4,0.0
Hobart,1650,3,1.0,0.6517976667142455,4,1.5342184408868247
Hobart,1650,4,1.0,0.31683841140191105,4,3.156182975338477
Hobart,2000,0,0.0,0.2318601808821864,3,0.0
Hobart,2000,1,0.0,0.4043986189787788,6,0.0
Hobart,2000,2,2.0,0.9517203220082253,9,2.1014577011235818
Hobart,2000,3,1.0,0.6736267807955802,8,1.4845015496844705
Hobart,2000,4,0.0,0.7383940973352292,8,0.0
Hobart,2020,0,1.0,0.7546238014838038,4,1.325163608719626
Hobart,2020,1,2.0,0.9108405315682119,8,2.195774046809886
Hobart,2020,2,0.0,0.6519220144628532,8,0.0
Hobart,2020,3,0.0,0.8408834975022268,9,0.0
Hobart,2020,4,1.0,0.8417301549829043,11,1.1880291968633465
Hobart,2040,0,0.0,0.20321863577824542,2,0.0
Hobart,2040,1,0.0,0.15869870442895131,4,0.0
Hobart,2040,2,2.0,0.8039415269966556,5,2.487743116681072
Hobart,2040,3,0.0,0.37136617742607053,5,0.0
Hobart,2040,4,0.0,0.46277495537007696,5,0.0
Hobart,2050,0,0.0,0.1966413677308563,2,0.0
Hobart,2050,1,1.0,0.5425655147829128,4,1.843095391715252
Hobart,2050,2,1.0,0.4580371855018971,3,2.1832288548892462
Hobart,2050,3,0.0,0.3082651788199862,4,0.0
Hobart,2050,4,0.0,0.49449075316434754,4,0.0
Hobart,2100,0,4.0,4.975157242726783,47,0.8039946889814644
Hobart,2100,1,17.0,9.939995609468859,94,1.7102623248450701
Hobart,2100,2,8.0,10.887732281145526,104,0.7347719243477118
Hobart,2100,3,11.0,10.86898505940955,105,1.0120540179119142
Hobart,2100,4,7.0,10.328129807249281,118,0.6777606527647166
Hobart,2200,0,0.0,0.5796457419578852,12,0.0
Hobart,2200,1,2.0,2.5309478745563427,24,0.7902177757614174
Hobart,2200,2,7.0,4.493372067015697,32,1.5578500724176836
Hobart,2200,3,3.0,2.0220670894880417,27,1.4836302987155372
Hobart,2200,4,0.0,2.373967226982034,33,0.0
Hobart,2400,0,2.0,1.0057909822569793,8,1.9884847202666613
Hobart,2400,1,1.0,2.1594500728249617,16,0.463080861458313
Hobart,2400,2,3.0,1.538720594811223,17,1.949671701357876
Hobart,2400,3,2.0,1.4610681119550688,18,1.368861577112775
Hobart,2400,4,0.0,1.8349702381517672,19,0.0
Home Hill,900,0,0.0,0.10714164178483698,1,0.0
Home Hill,900,1,0.0,0.23214022386714678,2,0.0
Home Hill,900,2,0.0,0.14349327024754954,2,0.0
Home Hill,900,3,0.0,0.23821017195245375,2,0.0
Home Hill,900,4,1.0,0.27901469214801294,3,3.584040654997177
Home Hill,1000,0,8.0,5.099684430238509,25,1.5687245180435303
Home Hill,1000,1,8.0,6.055219264898467,50,1.3211742878371462
Home Hill,1000,2,3.0,3.8570567666206648,46,0.7777951379824857
Home Hill,1000,3,4.0,5.064543805499299,50,0.7898046010889724
Home Hill,1000,4,2.0,4.923495732743061,62,0.4062154429624592
Home Hill,1180,0,7.0,2.6299037266853684,22,2.6616943916888305
Home Hill,1180,1,5.0,6.598826077968214,44,0.7577105292551528
Home Hill,1180,2,1.0,3.860483617403451,47,0.25903490316391936
Home Hill,1180,3,6.0,4.280698052886394,50,1.4016405562532759
Home Hill,1180,4,3.0,4.630088525056573,53,0.6479357756908858
Home Hill,1460,0,5.0,2.3676626501236266,16,2.1117873358094013
Home Hill,1460,1,1.0,3.24479393844693,32,0.30818598005598913
Home Hill,1460,2,5.0,3.492298916341547,28,1.4317216595072813
Home Hill,1460,3,4.0,2.6402739924878724,32,1.5149942814195914
Home Hill,1460,4,1.0,4.254970502600024,40,0.23501925557155903
Home Hill,1830,0,0.0,0.5069749370220249,6,0.0
Home Hill,1830,1,3.0,1.9828580444394472,12,1.5129676117828688
Home Hill,1830,2,0.0,1.684738958035907,13,0.0
Home Hill,1830,3,2.0,1.260045858773515,12,1.587243818210498
Home Hill,1830,4,1.0,0.5653822017291058,13,1.7687150337271045
Horsham,1100,0,15.0,6.467073195107571,48,2.319441816639358
Horsham,1100,1,11.0,13.038772714171538,96,0.8436376828659922
Horsham,1100,2,15.0,12.018099425069181,106,1.248117482595519
Horsham,1100,3,3.0,7.961855736027766,103,0.37679657851935966
Horsham,1100,4,4.0,8.514198929623944,124,0.4698034463445021
Horsham,1200,0,3.0,4.113143718908933,27,0.729369116427517
Horsham,1200,1,5.0,6.637890524902502,54,0.7532513501453747
Horsham,1200,2,14.0,6.857835584488308,68,2.0414604327444805
Horsham,1200,3,2.0,5.068597222542436,64,0.3945864925121806
Horsham,1200,4,3.0,4.322532949157821,70,0.6940375088602863
Horsham,1400,0,13.0,6.314612803853263,60,2.0587168847577195
Horsham,1400,1,21.0,14.430677532029152,120,1.4552331277162915
Horsham,1400,2,17.0,19.03980258429221,173,0.892866400517459
Horsham,1400,3,6.0,12.186316473608606,149,0.49235550488073637
Horsham,1400,4,3.0,8.028590606216763,167,0.3736645878639042
Horsham,1800,0,12.0,5.717799673154033,45,2.098709413752616
Horsham,1800,1,7.0,11.335004041854821,90,0.6175560215199133
Horsham,1800,2,16.0,13.100593067452701,110,1.2213187538624206
Horsham,1800,3,4.0,7.618182181216127,103,0.5250596408501038
Horsham,1800,4,6.0,7.2284210363223185,120,0.8300567952323769
Horsham,2100,0,2.0,2.7533944375431116,21,0.7263761314868584
Horsham,2100,1,7.0,5.612123990613711,42,1.247299598459962
Horsham,2100,2,5.0,4.5732140280049975,45,1.0933229823449093
Horsham,2100,3,5.0,4.4464904480293335,48,1.1244823436460951
Horsham,2100,4,2.0,3.6147770958088468,52,0.5532844618050999
Ilfracombe,1200,0,1.0,0.24741531325576244,1,4.0417870132648686
Ilfracombe,1200,1,0.0,0.10308971385656766,2,0.0
Ilfracombe,1200,2,0.0,0.15463457078485152,1,0.0
Ilfracombe,1200,3,0.0,0.2864808890329881,2,0.0
Ilfracombe,1200,4,0.0,0.2083795130698304,2,0.0
Illawarra Grange,1150,0,2.0,0.8434995243350847,6,2.3710742475836764
Illawarra Grange,1150,1,1.0,1.178609074184564,13,0.8484577472745685
Illawarra Grange,1150,2,1.0,1.9928463134059313,11,0.5017948415153606
Illawarra Grange,1150,3,2.0,1.322492193623013,12,1.512296261289022
Illawarra Grange,1150,4,0.0,0.662552894451407,14,0.0
Illawarra Grange,1200,0,2.0,0.46668307394220354,4,4.285563611950688
Illawarra Grange,1200,1,1.0,1.0771697400017872,8,0.9283587932931915
Illawarra Grange,1200,2,0.0,1.0143411799580337,12,0.0
Illawarra Grange,1200,3,1.0,0.969423990099411,10,1.0315403891515553
Illawarra Grange,1200,4,0.0,0.4723820159985645,10,0.0
Illawarra Grange,1300,0,1.0,0.5597771128063764,4,1.7864253059340318
Illawarra Grange,1300,1,0.0,0.5944493664149797,8,0.0
Illawarra Grange,1300,2,0.0,0.7752907083930696,6,0.0
Illawarra Grange,1300,3,3.0,1.6520264920768766,8,1.8159515082766577
Illawarra Grange,1300,4,0.0,0.41845632030869784,9,0.0
Illawarra Grange,1400,0,0.0,0.472296517915886,4,0.0
Illawarra Grange,1400,1,1.0,1.4017172841935548,8,0.7134106222962975
Illawarra Grange,1400,2,1.0,0.6431466485574737,10,1.554855338580897
Illawarra Grange,1400,3,1.0,0.7140828748505285,9,1.400397678223721
Illawarra Grange,1400,4,1.0,0.768756674482557,11,1.3008017142395423
Illawarra Grange,1450,0,2.0,1.007176890553359,8,1.9857485003465165
Illawarra Grange,1450,1,2.0,1.7598807105437189,16,1.1364406621526613
Illawarra Grange,1450,2,2.0,2.1608224603320303,14,0.9255734965345934
Illawarra Grange,1450,3,0.0,1.3817939871765637,16,0.0
Illawarra Grange,1450,4,2.0,1.690325951394328,18,1.1832037473898012
Illawarra Grange,2000,0,0.0,0.055371950128258664,1,0.0
Illawarra Grange,2000,1,1.0,0.2200680069200024,2,4.544049878015723
Illawarra Grange,2000,2,0.0,0.35900495138101773,2,0.0
Illawarra Grange,2000,3,0.0,0.2662112986935513,2,0.0
Illawarra Grange,2000,4,0.0,0.09934379287716996,2,0.0
Ingham,1000,0,0.0,0.1656619799278569,1,0.0
Ingham,1000,1,1.0,0.28225692181256556,2,3.542871485943775
Ingham,1000,2,0.0,0.057981692974749914,1,0.0
Ingham,1000,3,0.0,0.08559202296272606,2,0.0
Ingham,1000,4,0.0,0.40850738232210165,2,0.0
Ingham,1100,0,0.0,0.07105945528440333,1,0.0
Ingham,1100,1,1.0,0.2965959872740313,2,3.3715897817460316
Ingham,1100,2,0.0,0.2072567445795097,2,0.0
Ingham,1100,3,0.0,0.2030270150982952,2,0.0
Ingham,1100,4,0.0,0.2220607977637604,1,0.0
Ingham,1200,0,0.0,0.17955049596116018,1,0.0
Ingham,1200,1,1.0,0.2304231364834889,2,4.339841976205612
Ingham,1200,2,0.0,0.2132162139538777,3,0.0
Ingham,1200,3,0.0,0.21120202569790314,3,0.0
Ingham,1200,4,0.0,0.16560812790357007,3,0.0
Innisfail,900,0,6.0,1.2803531025114456,10,4.686207256600421
Innisfail,900,1,2.0,2.0909376612302246,20,0.9565086693322457
Innisfail,900,2,1.0,2.143249066646596,22,0.46658132998263036
Innisfail,900,3,0.0,2.5502370974220026,22,0.0
Innisfail,900,4,1.0,1.935223072189731,25,0.516736294833694
Innisfail,1000,0,1.0,0.4936811874830447,3,2.0255987575672907
Innisfail,1000,1,1.0,0.7183128392344922,6,1.3921510870746825
Innisfail,1000,2,1.0,0.7335650370615796,8,1.3632056456857204
Innisfail,1000,3,0.0,0.42558118324686744,6,0.0
Innisfail,1000,4,0.0,0.628859752974016,9,0.0
Innisfail,1100,0,2.0,0.6985869909444835,6,2.8629219065416858
Innisfail,1100,1,2.0,1.3586729939188367,12,1.472024548181661
Innisfail,1100,2,1.0,0.8376678434497156,9,1.1937906030650072
Innisfail,1100,3,0.0,1.6565155391103348,12,0.0
Innisfail,1100,4,1.0,1.4485566325766297,14,0.6903423570131624
Innisfail,1200,0,8.0,3.3266707174638595,26,2.4048066909666757
Innisfail,1200,1,8.0,6.256483567476058,52,1.2786735414103065
Innisfail,1200,2,6.0,5.859581628112194,55,1.0239638903934931
Innisfail,1200,3,3.0,5.578471544744319,56,0.5377817160018337
Innisfail,1200,4,1.0,4.9787925422035695,66,0.20085191168809152
Innisfail,1500,0,2.0,1.4023171575706908,13,1.4262108890293457
Innisfail,1500,1,4.0,2.853162582972892,26,1.4019530551365023
Innisfail,1500,2,4.0,3.4265402615020304,25,1.1673582373862412
Innisfail,1500,3,2.0,3.493127364782856,28,0.5725528419500748
Innisfail,1500,4,1.0,1.824852633171531,29,0.5479894550509729
Innisfail,1800,0,1.0,0.41566516756090777,3,2.405782533734846
Innisfail,1800,1,1.0,0.8089728279799127,6,1.2361354614308884
Innisfail,1800,2,0.0,0.3728961309481337,5,0.0
Innisfail,1800,3,1.0,0.6534952430261524,7,1.5302330210841042
Innisfail,1800,4,0.0,0.7489706304848935,6,0.0
Innisfail,2000,0,0.0,0.15125356934811535,2,0.0
Innisfail,2000,1,0.0,0.4789846617850902,4,0.0
Innisfail,2000,2,1.0,0.41908528440885207,4,2.3861491615258386
Innisfail,2000,3,1.0,0.49517586368347477,5,2.0194845373950168
Innisfail,2000,4,0.0,0.4555006207744676,5,0.0
Inverell,1010,0,0.0,0.010161651282290556,1,0.0
Inverell,1010,1,1.0,0.7380567773453142,2,1.3549093114446542
Inverell,1010,2,0.0,0.08957377144696582,3,0.0
Inverell,1010,3,0.0,0.10541927981676714,3,0.0
Inverell,1010,4,0.0,0.05678852010866234,3,0.0
Inverell,1050,0,12.0,5.120236007339298,39,2.343641969393464
Inverell,1050,1,6.0,10.29457575551718,78,0.5828312057235011
Inverell,1050,2,8.0,8.358275080656147,103,0.9571352848286465
Inverell,1050,3,10.0,7.301719963413568,90,1.3695403343467834
Inverell,1050,4,3.0,7.925193193073807,109,0.3785396679820801
Inverell,1100,0,2.0,0.4444756770253594,3,4.499683792339194
Inverell,1100,1,0.0,0.7933075356256019,6,0.0
Inverell,1100,2,0.0,0.9178446986425137,4,0.0
Inverell,1100,3,0.0,0.6123532990285001,6,0.0
Inverell,1100,4,1.0,0.23201878967802503,7,4.309995761066208
Inverell,1200,0,12.0,5.217489340088099,37,2.2999567833898777
Inverell,1200,1,1.0,7.236431536034057,74,0.13818965812368514
Inverell,1200,2,16.0,10.943071801775645,106,1.4621123108599001
Inverell,1200,3,5.0,6.406667988641999,92,0.7804368837068196
Inverell,1200,4,3.0,7.196339333460201,106,0.4168786185569596
Inverell,1400,0,8.0,5.517163951827592,41,1.450020349195886
Inverell,1400,1,14.0,9.241726148444084,82,1.5148685186216007
Inverell,1400,2,9.0,11.042605019257023,126,0.8150250764475451
Inverell,1400,3,6.0,7.734673201075129,106,0.7757276673519953
Inverell,1400,4,4.0,7.463831679396173,130,0.5359177660774367
Inverell,1520,0,1.0,0.2245353726882981,1,4.453641259402849
Inverell,1520,1,0.0,0.09845012494794608,2,0.0
Inverell,1520,2,0.0,0.06753218748607803,2,0.0
Inverell,1520,3,0.0,0.1745252214986317,2,0.0
Inverell,1520,4,0.0,0.43495709337904603,3,0.0
Inverell,1600,0,4.0,2.7558960262561043,17,1.451433567119735
Inverell,1600,1,3.0,3.9453450007440827,34,0.7603897756556669
Inverell,1600,2,5.0,3.9792197191233236,39,1.2565277498930287
Inverell,1600,3,1.0,3.467569816386368,38,0.28838640689349476
Inverell,1600,4,4.0,2.851969437490121,45,1.4025395740286069
Inverell,1800,0,0.0,0.8137383354714682,10,0.0
Inverell,1800,1,4.0,2.8506435728308577,20,1.4031919101088333
Inverell,1800,2,3.0,2.159615340529982,22,1.389136270565564
Inverell,1800,3,2.0,2.1917132685214424,22,0.9125281252457013
Inverell,1800,4,1.0,1.9842894826462494,25,0.5039587261564273
Ipswich,800,0,6.0,4.647155528905847,31,1.2911123724349882
Ipswich,800,1,12.0,9.530073987071106,63,1.2591717563032248
Ipswich,800,2,4.0,6.6164917920121,61,0.6045499829424839
Ipswich,800,3,4.0,4.653722269087078,63,0.8595270127249517
Ipswich,800,4,5.0,5.552556422923869,75,0.9004861219162715
Ipswich,1000,0,1.0,0.42540436073627563,5,2.3507046290480744
Ipswich,1000,1,1.0,1.232051164039468,10,0.8116546042790521
Ipswich,1000,2,1.0,1.4237981667619024,11,0.7023467394077823
Ipswich,1000,3,2.0,1.0467626846883962,10,1.9106527479964255
Ipswich,1000,4,0.0,0.8719836237739576,13,0.0
Ipswich,1010,0,0.0,0.032069077475206945,1,0.0
Ipswich,1010,1,0.0,0.11514325912526684,2,0.0
Ipswich,1010,2,0.0,0.3498673472001009,2,0.0
Ipswich,1010,3,1.0,0.3410272629070787,2,2.932316881282523
Ipswich,1010,4,0.0,0.16189305329234663,2,0.0
Ipswich,1030,0,0.0,0.09283312576233907,1,0.0
Ipswich,1030,1,0.0,0.17505675143755367,2,0.0
Ipswich,1030,2,1.0,0.5996398075557786,2,1.6676678022363947
Ipswich,1030,3,0.0,0.021968949417544292,2,0.0
Ipswich,1030,4,0.0,0.11050136582678426,2,0.0
Ipswich,1080,0,1.0,0.03205045084725208,1,31.20080914823503
Ipswich,1080,1,0.0,0.050822857772071156,2,0.0
Ipswich,1080,2,0.0,0.5645014891161172,2,0.0
Ipswich,1080,3,0.0,0.17379228427333482,2,0.0
Ipswich,1080,4,0.0,0.17883291799122472,3,0.0
Ipswich,1100,0,68.0,40.66584118741249,232,1.6721650902686453
Ipswich,1100,1,65.0,57.662813053107946,463,1.127242958822256
Ipswich,1100,2,48.0,49.282918497116015,436,0.9739682929453317
Ipswich,1100,3,31.0,45.48393898403538,483,0.6815592644885227
Ipswich,1100,4,19.0,37.90448827832817,553,0.5012598998958976
Ipswich,1150,0,0.0,0.04905189010379279,1,0.0
Ipswich,1150,1,0.0,0.09164447190678911,2,0.0
Ipswich,1150,2,1.0,0.5011418484591423,3,1.9954430129407346
Ipswich,1150,3,0.0,0.04941093147436778,2,0.0
Ipswich,1150,4,0.0,0.30875085805590785,3,0.0
Ipswich,1200,0,88.0,47.31865703657431,333,1.8597315627952333
Ipswich,1200,1,89.0,86.61637110938898,666,1.0275193806907554
Ipswich,1200,2,80.0,77.06404715516274,748,1.0380975688822303
Ipswich,1200,3,51.0,66.34589160307405,733,0.7686986905702686
Ipswich,1200,4,25.0,55.655033095799915,881,0.44919567215002987
Ipswich,1240,0,1.0,0.6828942703149778,5,1.4643555283290932
Ipswich,1240,1,1.0,0.8769737805648936,10,1.1402849459830604
Ipswich,1240,2,0.0,1.7518694786308007,14,0.0
Ipswich,1240,3,1.0,0.877731182755652,11,1.1393009837710026
Ipswich,1240,4,2.0,0.8105312877336757,15,2.467517331246021
Ipswich,1350,0,83.0,55.96178210818665,437,1.4831550546325067
Ipswich,1350,1,112.0,107.06567962839803,875,1.04608685424431
Ipswich,1350,2,115.0,112.9879421569793,1105,1.0178077218206634
Ipswich,1350,3,79.0,83.46036210360744,1017,0.946557120156388
Ipswich,1350,4,48.0,77.52423400282859,1202,0.6191612289680752
Ipswich,1500,0,3.0,1.0619422453330825,7,2.825012389500559
Ipswich,1500,1,1.0,2.1400449876354593,14,0.46727989634689987
Ipswich,1500,2,2.0,1.1094767352072663,12,1.8026515892885047
Ipswich,1500,3,0.0,1.6652905863168805,14,0.0
Ipswich,1500,4,1.0,1.0232454455073112,15,0.9772826298818399
Ipswich,1525,0,0.0,0.5579029456668565,3,0.0
Ipswich,1525,1,0.0,0.8697212046292603,6,0.0
Ipswich,1525,2,1.0,0.24350291877047972,7,4.106726954441878
Ipswich,1525,3,2.0,1.222538025875886,6,1.6359409340802322
Ipswich,1525,4,0.0,0.10633490505751762,6,0.0
Ipswich,1535,0,0.0,0.18900557463028872,1,0.0
Ipswich,1535,1,0.0,0.2436071850790388,2,0.0
Ipswich,1535,2,0.0,0.18648550030188488,2,0.0
Ipswich,1535,3,1.0,0.22572665770131625,2,4.430136919509126
Ipswich,1535,4,0.0,0.1551750822874713,3,0.0
Ipswich,1600,0,0.0,0.1884040607696003,1,0.0
Ipswich,1600,1,0.0,0.19944494390072207,2,0.0
Ipswich,1600,2,1.0,0.26941780690052847,2,3.7117071492205014
Ipswich,1600,3,0.0,0.25434548203896046,2,0.0
Ipswich,1600,4,0.0,0.08838770639018866,2,0.0
Ipswich,1666,0,18.0,10.108779618150802,96,1.780630370819454
Ipswich,1666,1,16.0,22.8825504422461,192,0.699222756675784
Ipswich,1666,2,29.0,26.002902916043773,256,1.1152600959067158
Ipswich,1666,3,18.0,18.27234824424472,227,0.9850950605469933
Ipswich,1666,4,15.0,18.733418779314604,266,0.8007080916038115
Ipswich,1670,0,1.0,0.646129030453513,6,1.5476784865990432
Ipswich,1670,1,3.0,1.3155112548387207,12,2.2804821995747915
Ipswich,1670,2,0.0,1.580625817486739,15,0.0
Ipswich,1670,3,1.0,1.5141767415679566,12,0.6604248847228247
Ipswich,1670,4,1.0,0.9435571556530713,18,1.0598192107481421
Ipswich,1675,0,0.0,0.21835610866934899,1,0.0
Ipswich,1675,1,1.0,0.3687418799221366,2,2.711924124840823
Ipswich,1675,2,0.0,0.16321567718719018,2,0.0
Ipswich,1675,3,0.0,0.08156860405580971,2,0.0
Ipswich,1675,4,0.0,0.16811773016551443,3,0.0
Ipswich,1680,0,7.0,5.235450543986771,56,1.3370387020540035
Ipswich,1680,1,8.0,13.39896433305532,112,0.5970610713742969
Ipswich,1680,2,18.0,13.156218899091543,122,1.368174255693095
Ipswich,1680,3,16.0,13.4484200482676,124,1.189730833999425
Ipswich,1680,4,7.0,10.760946175598766,145,0.6505004193658187
Ipswich,1690,0,10.0,5.428503043576515,49,1.8421284688847848
Ipswich,1690,1,17.0,12.614630649665028,98,1.347641518180433
Ipswich,1690,2,17.0,12.591537183025403,122,1.350113155597684
Ipswich,1690,3,3.0,9.475992614951336,114,0.31658952490808867
Ipswich,1690,4,2.0,8.889336508781716,133,0.22498867019200067
Ipswich,1700,0,6.0,6.306886383540854,56,0.9513410635806381
Ipswich,1700,1,15.0,13.31882862172012,112,1.1262251678453354
Ipswich,1700,2,14.0,14.730411335639916,129,0.950414735950197
Ipswich,1700,3,10.0,11.397485963213756,127,0.8773864720935611
Ipswich,1700,4,11.0,10.246387695885353,146,1.0735490717784644
Ipswich,1705,0,0.0,0.041048357487687495,1,0.0
Ipswich,1705,1,0.0,0.5502405925988842,2,0.0
Ipswich,1705,2,1.0,0.2324061416582307,2,4.302812278819073
Ipswich,1705,3,0.0,0.1168042692739075,2,0.0
Ipswich,1705,4,0.0,0.059500638981289905,2,0.0
Ipswich,1710,0,6.0,4.430024241619477,32,1.3543943944213248
Ipswich,1710,1,5.0,7.730942816260598,64,0.646751647093215
Ipswich,1710,2,8.0,6.753223251588089,67,1.1846195071544123
Ipswich,1710,3,8.0,6.852095785523739,65,1.1675260023220067
Ipswich,1710,4,5.0,6.233713905008098,84,0.8020900664021579
Ipswich,1950,0,1.0,0.39938405688300055,3,2.5038555815285077
Ipswich,1950,1,0.0,1.0694558101395188,6,0.0
Ipswich,1950,2,1.0,0.4246166776643965,5,2.355065292066479
Ipswich,1950,3,0.0,0.4280106533310735,6,0.0
Ipswich,1950,4,1.0,0.6785328019820107,7,1.4737681024100469
Ipswich,1960,0,0.0,0.04799913048528192,1,0.0
Ipswich,1960,1,0.0,0.19428219482137918,2,0.0
Ipswich,1960,2,0.0,0.22254142315903436,2,0.0
Ipswich,1960,3,0.0,0.16484549863632175,2,0.0
Ipswich,1960,4,1.0,0.3703317528979828,3,2.7002815507302045
Ipswich,1975,0,0.0,0.05109893086274481,1,0.0
Ipswich,1975,1,0.0,0.2924686774583117,2,0.0
Ipswich,1975,2,0.0,0.20244909751335083,2,0.0
Ipswich,1975,3,1.0,0.20519727530764972,2,4.873359056550397
Ipswich,1975,4,0.0,0.24878601885794294,3,0.0
Ipswich,1980,0,1.0,0.4504089178953271,2,2.2202047079192053
Ipswich,1980,1,1.0,0.5412212294075485,4,1.847673272341251
Ipswich,1980,2,0.0,0.2645990215063312,3,0.0
Ipswich,1980,3,0.0,0.35742632276001823,4,0.0
Ipswich,1980,4,0.0,0.38634450843077506,4,0.0
Ipswich,1990,0,0.0,0.11630462800888508,1,0.0
Ipswich,1990,1,0.0,0.15656392231965302,2,0.0
Ipswich,1990,2,0.0,0.3022364413475041,2,0.0
Ipswich,1990,3,1.0,0.13663760493351534,2,7.318629454069958
Ipswich,1990,4,0.0,0.2882574033904425,2,0.0
Ipswich,2000,0,1.0,0.46903443887696217,2,2.1320396054378463
Ipswich,2000,1,0.0,0.3622655871239215,4,0.0
Ipswich,2000,2,1.0,0.7600946543263365,3,1.3156256188728086
Ipswich,2000,3,0.0,0.19549065724198061,4,0.0
Ipswich,2000,4,0.0,0.2131146624307992,5,0.0
Ipswich,2010,0,0.0,0.04818155979050305,1,0.0
Ipswich,2010,1,1.0,0.12501846829851582,2,7.998818203501152
Ipswich,2010,2,0.0,0.1604612509796395,2,0.0
Ipswich,2010,3,0.0,0.5372705425834486,3,0.0
Ipswich,2010,4,0.0,0.12906817834789303,2,0.0
Ipswich,2100,0,0.0,0.16443360987210043,1,0.0
Ipswich,2100,1,1.0,0.19221034938720225,2,5.202633485596182
Ipswich,2100,2,0.0,0.22422764982559149,2,0.0
Ipswich,2100,3,0.0,0.0908634920861874,2,0.0
Ipswich,2100,4,0.0,0.32826489882891846,2,0.0
Ipswich,2150,0,11.0,4.8184670054246626,43,2.282883744480584
Ipswich,2150,1,12.0,9.386644218506241,86,1.2784121482245376
Ipswich,2150,2,8.0,11.708851847804521,114,0.6832437632644611
Ipswich,2150,3,8.0,9.450656991735228,106,0.8465019952576996
Ipswich,2150,4,4.0,7.635379936529349,122,0.5238770085117984
Ipswich,2160,0,0.0,0.32521092917209,4,0.0
Ipswich,2160,1,0.0,1.1247046349477376,8,0.0
Ipswich,2160,2,1.0,1.0020625093068924,7,0.997941735882007
Ipswich,2160,3,3.0,0.8591255265218825,8,3.4919227835603
Ipswich,2160,4,0.0,0.6888964000513975,9,0.0
Ipswich,2170,0,1.0,1.120648714403012,11,0.8923402910721372
Ipswich,2170,1,2.0,3.128220673777402,22,0.6393410850983705
Ipswich,2170,2,3.0,2.809015875146848,26,1.0679896922416532
Ipswich,2170,3,3.0,2.3819082735824426,24,1.2594943446281135
Ipswich,2170,4,2.0,1.5602064630902945,31,1.2818816274088547
Ipswich,2180,0,3.0,1.9249588697744637,19,1.558474857362273
Ipswich,2180,1,8.0,4.750299988796225,38,1.6841041658144378
Ipswich,2180,2,4.0,4.412210408701501,50,0.9065750790378074
Ipswich,2180,3,2.0,3.9329070450013637,47,0.5085296898999825
Ipswich,2180,4,2.0,3.9796236877264466,53,0.5025600802830172
Ipswich,2190,0,1.0,0.6601201228753538,6,1.514875801156002
Ipswich,2190,1,0.0,1.3947443684723313,12,0.0
Ipswich,2190,2,2.0,1.2223823543610022,13,1.6361492726598592
Ipswich,2190,3,3.0,1.6129945050157608,15,1.8598947427726584
Ipswich,2190,4,0.0,1.1097586492755522,16,0.0
Ipswich,2200,0,5.0,2.03648402281012,18,2.455211994789215
Ipswich,2200,1,4.0,4.27730872544776,36,0.9351674748661658
Ipswich,2200,2,5.0,5.958238694975843,39,0.8391741680668388
Ipswich,2200,3,2.0,2.5409672772338507,37,0.7871018324081848
Ipswich,2200,4,2.0,3.1870012795324265,44,0.6275491675652622
Ipswich,2210,0,3.0,2.189211480822259,18,1.3703564165821074
Ipswich,2210,1,4.0,5.453527823703902,36,0.7334701736761835
Ipswich,2210,2,5.0,3.374627203032109,39,1.481645141575191
Ipswich,2210,3,2.0,2.7556477779845623,36,0.7257821612683638
Ipswich,2210,4,4.0,4.226985714457167,47,0.9463008087108435
Ipswich,2500,0,2.0,0.728964024547691,9,2.7436196199681646
Ipswich,2500,1,4.0,2.7339655348290663,18,1.4630762345181096
Ipswich,2500,2,3.0,2.191686295131222,31,1.3688090337857326
Ipswich,2500,3,0.0,1.5254281636851028,24,0.0
Ipswich,2500,4,0.0,1.8199559818069178,29,0.0
Ipswich,2550,0,1.0,0.4310040513355182,2,2.320163805656534
Ipswich,2550,1,0.0,0.4748614025786271,4,0.0
Ipswich,2550,2,0.0,0.1990778980310106,2,0.0
Ipswich,2550,3,0.0,0.4591274442914023,4,0.0
Ipswich,2550,4,1.0,0.4359292037634418,4,2.2939504657335434
Jandowae,1000,0,0.0,0.43478278724493546,2,0.0
Jandowae,1000,1,0.0,0.3564326455172966,4,0.0
Jandowae,1000,2,1.0,0.22496183649236726,4,4.445198419394701
Jandowae,1000,3,0.0,0.49741140710472864,4,0.0
Jandowae,1000,4,1.0,0.486411323640672,6,2.0558731908526306
Jandowae,1200,0,0.0,0.36343955698880637,3,0.0
Jandowae,1200,1,1.0,0.8208628997094355,6,1.2182302310824067
Jandowae,1200,2,0.0,0.5146925969235832,5,0.0
Jandowae,1200,3,1.0,0.5085075061428255,6,1.966539309488832
Jandowae,1200,4,1.0,0.7924974402353495,8,1.2618337287033103
Jandowae,1500,0,0.0,0.23564695801199656,1,0.0
Jandowae,1500,1,0.0,0.20565552699228792,2,0.0
Jandowae,1500,2,0.0,0.15081405312767782,1,0.0
Jandowae,1500,3,1.0,0.2136532419308769,2,4.68048128342246
Jandowae,1500,4,0.0,0.1942302199371608,2,0.0
Junction,1200,0,1.0,0.7308783301507482,6,1.3682167862245194
Junction,1200,1,1.0,1.8766369120874118,12,0.5328681289166826
Junction,1200,2,1.0,0.7612595935792121,10,1.3136123451637605
Junction,1200,3,2.0,1.352990805656046,12,1.4782066453365352
Junction,1200,4,1.0,1.2782343585265814,13,0.7823291506204686
Junction,1400,0,2.0,1.415227739708853,10,1.4132001118148299
Junction,1400,1,4.0,2.659299877611361,20,1.5041552980451696
Junction,1400,2,2.0,2.207031078554974,15,0.9061947606598613
Junction,1400,3,0.0,1.6715738148743178,20,0.0
Junction,1400,4,2.0,2.0468674892504937,23,0.9771028219967208
Junction,1900,0,1.0,0.7352490149780492,5,1.3600834270139823
Junction,1900,1,1.0,1.339918915872226,10,0.7463138165707928
Junction,1900,2,0.0,1.257204325909826,8,0.0
Junction,1900,3,2.0,0.7928279052236096,10,2.52261554723647
Junction,1900,4,1.0,0.8747998380162894,11,1.1431186387363956
Kalgoorlie,1100,0,29.0,18.877364086488907,119,1.536231428664141
Kalgoorlie,1100,1,31.0,27.655548833531462,238,1.1209323737019277
Kalgoorlie,1100,2,22.0,23.1815013877526,240,0.949032576967736
Kalgoorlie,1100,3,25.0,27.056097319684515,251,0.924006138232338
Kalgoorlie,1100,4,12.0,22.229488372542516,291,0.5398234902618
Kalgoorlie,1200,0,39.0,21.655042034936294,157,1.8009662570537113
Kalgoorlie,1200,1,38.0,34.18403831707277,314,1.1116299264449805
Kalgoorlie,1200,2,36.0,36.939002408273886,358,0.9745796489603206
Kalgoorlie,1200,3,21.0,34.02140993396281,351,0.6172583687966492
Kalgoorlie,1200,4,23.0,30.200507305754247,422,0.7615766108544044
Kalgoorlie,1300,0,19.0,11.563390930892654,94,1.643116635384156
Kalgoorlie,1300,1,24.0,22.20606031341703,188,1.0807860404440612
Kalgoorlie,1300,2,24.0,21.003537111099515,224,1.1426646794323503
Kalgoorlie,1300,3,17.0,21.012144873438697,209,0.8090559103982564
Kalgoorlie,1300,4,10.0,18.214866771152103,256,0.5490020940387857
Kalgoorlie,1400,0,24.0,18.120325042702927,149,1.3244795522950525
Kalgoorlie,1400,1,38.0,30.844777249848516,298,1.2319751798559877
Kalgoorlie,1400,2,49.0,38.35661170594755,379,1.2774851015425353
Kalgoorlie,1400,3,19.0,30.37108458697829,352,0.6255950440487831
Kalgoorlie,1400,4,19.0,31.307201414522716,409,0.6068891226791776
Kalgoorlie,1600,0,8.0,5.538627145844707,46,1.4444012549214313
Kalgoorlie,1600,1,11.0,10.158035175039103,92,1.0828865829318863
Kalgoorlie,1600,2,7.0,9.859189473525209,104,0.7099975123509935
Kalgoorlie,1600,3,15.0,10.718676870459994,103,1.3994264573213384
Kalgoorlie,1600,4,5.0,9.725471335130987,117,0.5141139002629797
Kalgoorlie,1602,0,0.0,0.5863900645799709,6,0.0
Kalgoorlie,1602,1,4.0,2.112766551959269,12,1.8932522366423348
Kalgoorlie,1602,2,0.0,1.152629137688975,14,0.0
Kalgoorlie,1602,3,1.0,1.334762726393613,14,0.7491968274405547
Kalgoorlie,1602,4,1.0,0.8134515193781723,17,1.2293295619687712
Kalgoorlie,1603,0,1.0,0.0808937915429218,1,12.361888111888112
Kalgoorlie,1603,1,0.0,0.29661056899071325,2,0.0
Kalgoorlie,1603,2,0.0,0.22061943148069577,2,0.0
Kalgoorlie,1603,3,0.0,0.16334323292320746,2,0.0
Kalgoorlie,1603,4,0.0,0.2385329750624617,2,0.0
Kalgoorlie,1606,0,0.0,0.072701675987286,2,0.0
Kalgoorlie,1606,1,1.0,0.5242126025995593,4,1.9076229664090887
Kalgoorlie,1606,2,1.0,0.4213877380155601,4,2.373111293435582
Kalgoorlie,1606,3,0.0,0.4263123343210967,4,0.0
Kalgoorlie,1606,4,0.0,0.5553856490764979,5,0.0
Kalgoorlie,1608,0,1.0,0.118014282792549,2,8.473550627408773
Kalgoorlie,1608,1,0.0,0.6743123833052862,4,0.0
Kalgoorlie,1608,2,0.0,0.5436623119093742,6,0.0
Kalgoorlie,1608,3,1.0,0.3654850265324606,6,2.7360902017997852
Kalgoorlie,1608,4,0.0,0.2985259954603299,6,0.0
Kalgoorlie,1609,0,0.0,0.15492096794263305,2,0.0
Kalgoorlie,1609,1,0.0,0.21356092296165496,4,0.0
Kalgoorlie,1609,2,1.0,0.784889963289189,4,1.2740639411534362
Kalgoorlie,1609,3,1.0,0.38948683723204974,4,2.567480860474411
Kalgoorlie,1609,4,0.0,0.45714130857447316,5,0.0
Kalgoorlie,1610,0,0.0,0.0734778839579634,1,0.0
Kalgoorlie,1610,1,0.0,0.0983297653311486,2,0.0
Kalgoorlie,1610,2,1.0,0.5862081731151805,2,1.7058786381054365
Kalgoorlie,1610,3,0.0,0.12123850853063958,2,0.0
Kalgoorlie,1610,4,0.0,0.1207456690650679,2,0.0
Kalgoorlie,1612,0,3.0,0.6649020133316768,8,4.51194302295411
Kalgoorlie,1612,1,0.0,2.22001931873195,16,0.0
Kalgoorlie,1612,2,1.0,1.4373518211020155,16,0.695723889808204
Kalgoorlie,1612,3,4.0,2.294559617591045,17,1.74325389906383
Kalgoorlie,1612,4,0.0,1.3831672292433133,20,0.0
Kalgoorlie,1614,0,1.0,0.23149861815271147,1,4.319680212260858
Kalgoorlie,1614,1,0.0,0.23325239556295932,2,0.0
Kalgoorlie,1614,2,0.0,0.11729263319737382,1,0.0
Kalgoorlie,1614,3,0.0,0.3267437639069699,2,0.0
Kalgoorlie,1614,4,0.0,0.0912125891799854,2,0.0
Kalgoorlie,1616,0,0.0,0.166821500506754,1,0.0
Kalgoorlie,1616,1,1.0,0.4003716012162096,2,2.497679648012741
Kalgoorlie,1616,2,0.0,0.3162098289648051,3,0.0
Kalgoorlie,1616,3,0.0,0.05995824814307174,3,0.0
Kalgoorlie,1616,4,0.0,0.05663882116915961,3,0.0
Kalgoorlie,1617,0,1.0,0.5422837095483591,3,1.8440531817429104
Kalgoorlie,1617,1,1.0,0.6030180475243686,6,1.6583251597616386
Kalgoorlie,1617,2,1.0,0.4130105232414618,9,2.421245812701391
Kalgoorlie,1617,3,0.0,0.94955720773605,8,0.0
Kalgoorlie,1617,4,0.0,0.49213051194976043,9,0.0
Kalgoorlie,1620,0,0.0,0.3592018680468088,5,0.0
Kalgoorlie,1620,1,0.0,1.2466345222591952,10,0.0
Kalgoorlie,1620,2,1.0,1.1032243404029878,10,0.9064339530749641
Kalgoorlie,1620,3,3.0,1.317466358327873,12,2.277097992701383
Kalgoorlie,1620,4,1.0,0.9734729109631353,13,1.0272499509109292
Kalgoorlie,1621,0,0.0,0.3941529933178374,6,0.0
Kalgoorlie,1621,1,2.0,1.3371161593821008,12,1.4957563604079294
Kalgoorlie,1621,2,3.0,2.072991643646958,12,1.4471838365552605
Kalgoorlie,1621,3,0.0,1.171158508399022,13,0.0
Kalgoorlie,1621,4,1.0,1.0245806952540824,14,0.9760090197210024
Kalgoorlie,1623,0,0.0,0.04516975986019506,1,0.0
Kalgoorlie,1623,1,0.0,0.2650402085914387,2,0.0
Kalgoorlie,1623,2,0.0,0.2154250085640072,2,0.0
Kalgoorlie,1623,3,0.0,0.11656712221985821,2,0.0
Kalgoorlie,1623,4,1.0,0.3577979007645008,3,2.7948738599732326
Kalgoorlie,1625,0,0.0,0.1270944724204468,2,0.0
Kalgoorlie,1625,1,1.0,0.8675539957036509,4,1.1526660069024586
Kalgoorlie,1625,2,1.0,0.3707474132116102,6,2.697254153002636
Kalgoorlie,1625,3,0.0,0.4478271496083967,4,0.0
Kalgoorlie,1625,4,0.0,0.18677696905589553,6,0.0
Kalgoorlie,1638,0,0.0,0.4252451910710058,1,0.0
Kalgoorlie,1638,1,1.0,0.20006773751340656,2,4.998307135516989
Kalgoorlie,1638,2,0.0,0.0577118473596365,1,0.0
Kalgoorlie,1638,3,0.0,0.15036585540351943,2,0.0
Kalgoorlie,1638,4,0.0,0.16660936865243176,2,0.0
Kalgoorlie,1642,0,0.0,0.013667462733498238,1,0.0
Kalgoorlie,1642,1,0.0,0.24506174846699716,2,0.0
Kalgoorlie,1642,2,0.0,0.11941663643783244,2,0.0
Kalgoorlie,1642,3,1.0,0.4709913970462012,2,2.1231810310579973
Kalgoorlie,1642,4,0.0,0.150862755315471,2,0.0
Kalgoorlie,1760,0,2.0,3.680595486624729,47,0.5433903310668051
Kalgoorlie,1760,1,11.0,8.917490162002165,94,1.2335309375357097
Kalgoorlie,1760,2,17.0,12.30788956955242,121,1.3812278623343393
Kalgoorlie,1760,3,11.0,10.788727716748525,111,1.0195826874862635
Kalgoorlie,1760,4,6.0,11.30529706507216,131,0.5307246652135366
Kalgoorlie,2100,0,0.0,0.31270876259455016,5,0.0
Kalgoorlie,2100,1,0.0,1.4089269128252588,10,0.0
Kalgoorlie,2100,2,4.0,1.09704372259883,12,3.6461627896873994
Kalgoorlie,2100,3,0.0,1.0348452281240856,10,0.0
Kalgoorlie,2100,4,1.0,1.1464753738572753,14,0.8722385345579085
Kalgoorlie,2105,0,0.0,0.00823210882295258,1,0.0
Kalgoorlie,2105,1,0.0,0.058799318230444174,2,0.0
Kalgoorlie,2105,2,1.0,0.37414934600319477,2,2.6727295147843484
Kalgoorlie,2105,3,0.0,0.27818957221624335,2,0.0
Kalgoorlie,2105,4,0.0,0.2806296547271651,3,0.0
Kalgoorlie,2116,0,0.0,0.013422509971346985,1,0.0
Kalgoorlie,2116,1,0.0,0.21100035282688873,2,0.0
Kalgoorlie,2116,2,0.0,0.33692042845319015,2,0.0
Kalgoorlie,2116,3,0.0,0.03451870018821013,2,0.0
Kalgoorlie,2116,4,1.0,0.40413800856036397,2,2.474402255710218
Kalgoorlie,2125,0,0.0,0.0040416504977986165,1,0.0
Kalgoorlie,2125,1,0.0,0.1239935829035165,2,0.0
Kalgoorlie,2125,2,0.0,0.32700264777816723,3,0.0
Kalgoorlie,2125,3,1.0,0.49419281461832587,2,2.0235016989721273
Kalgoorlie,2125,4,0.0,0.050769304202191674,3,0.0
Kalgoorlie,2132,0,0.0,0.22363083570595585,1,0.0
Kalgoorlie,2132,1,1.0,0.4173567854641359,2,2.3960314887127465
Kalgoorlie,2132,2,0.0,0.09734518730729844,1,0.0
Kalgoorlie,2132,3,0.0,0.08698666096562438,2,0.0
Kalgoorlie,2132,4,0.0,0.17468053055698554,2,0.0
Kalgoorlie,2200,0,1.0,0.4326332615308026,6,2.311426533553297
Kalgoorlie,2200,1,2.0,1.0955611920345034,12,1.8255484171412786
Kalgoorlie,2200,2,0.0,1.452368279294193,12,0.0
Kalgoorlie,2200,3,2.0,1.140468180772829,13,1.7536657608848993
Kalgoorlie,2200,4,1.0,1.8789690863676722,14,0.5322067336047286
Kalgoorlie,2300,0,0.0,0.17680178724415757,3,0.0
Kalgoorlie,2300,1,1.0,0.7036951818509806,6,1.4210698407364781
Kalgoorlie,2300,2,1.0,0.9841563792724851,7,1.016098682141579
Kalgoorlie,2300,3,0.0,0.22558602913635328,6,0.0
Kalgoorlie,2300,4,1.0,0.9097606224960233,8,1.0991902433152092
Katherine,1000,0,1.0,0.41499194662222944,2,2.4096853159184515
Katherine,1000,1,1.0,0.3761833409260048,4,2.6582782680871024
Katherine,1000,2,0.0,0.5212706347162153,3,0.0
Katherine,1000,3,0.0,0.4726630606537283,4,0.0
Katherine,1000,4,0.0,0.21489101708182204,4,0.0
Katherine,1100,0,1.0,0.6151259345354635,4,1.625683366374707
Katherine,1100,1,1.0,0.9254646916101935,8,1.0805382518269004
Katherine,1100,2,1.0,0.40149690211932737,5,2.4906792424086843
Katherine,1100,3,1.0,1.0584930558423746,8,0.9447393107403766
Katherine,1100,4,0.0,0.9994194158926408,9,0.0
Katherine,1300,0,1.0,0.8663293233889472,6,1.1542954543985118
Katherine,1300,1,4.0,2.0916772587907757,12,1.91234091358456
Katherine,1300,2,0.0,0.9441692380891727,9,0.0
Katherine,1300,3,0.0,1.06809585994972,12,0.0
Katherine,1300,4,1.0,1.0297283197813842,12,0.9711299386349832
Katherine,1700,0,1.0,0.5122912488469396,5,1.9520146054627925
Katherine,1700,1,3.0,1.2649628584977024,10,2.371611134545773
Katherine,1700,2,0.0,0.9123714706693855,7,0.0
Katherine,1700,3,1.0,1.1592573235248556,10,0.8626212487141204
Katherine,1700,4,0.0,1.1511170984611172,10,0.0
Kembla Grange,1000,0,28.0,21.87752627277076,145,1.2798521940229324
Kembla Grange,1000,1,45.0,39.66811285795257,287,1.1344124224194976
Kembla Grange,1000,2,22.0,27.986694539999966,273,0.7860878307210061
Kembla Grange,1000,3,28.0,28.69394223686961,306,0.975815723362754
Kembla Grange,1000,4,21.0,25.773724092407086,352,0.8147833011910988
Kembla Grange,1200,0,47.0,38.170905625253305,283,1.231304293941234
Kembla Grange,1200,1,85.0,70.88285429009201,566,1.1991616428443017
Kembla Grange,1200,2,68.0,66.26733179131001,632,1.0261466421214382
Kembla Grange,1200,3,51.0,53.95722611060306,621,0.9451931404972291
Kembla Grange,1200,4,32.0,53.72168218274162,729,0.5956626579776046
Kembla Grange,1300,0,16.0,14.88894156409654,113,1.0746230637765875
Kembla Grange,1300,1,25.0,25.617575724006787,224,0.975892499327013
Kembla Grange,1300,2,33.0,28.182500717036127,253,1.1709393829643984
Kembla Grange,1300,3,20.0,22.18962058055278,254,0.9013223064087996
Kembla Grange,1300,4,18.0,21.121361414307767,289,0.8522177925427983
Kembla Grange,1400,0,52.0,28.90360945308794,230,1.7990832627460835
Kembla Grange,1400,1,54.0,54.15689074722683,460,0.9971030325954438
Kembla Grange,1400,2,62.0,54.92214393365305,542,1.1288707169715941
Kembla Grange,1400,3,31.0,47.3118022749176,517,0.6552276284016066
Kembla Grange,1400,4,31.0,44.70555359111458,612,0.6934261520063445
Kembla Grange,1500,0,17.0,11.602521492159159,96,1.4651987511066789
Kembla Grange,1500,1,23.0,23.200440289120255,192,0.9913604963258283
Kembla Grange,1500,2,20.0,22.68397309909025,210,0.8816797618580366
Kembla Grange,1500,3,21.0,19.92584899913675,213,1.0539074144800447
Kembla Grange,1500,4,15.0,18.58721612049359,248,0.8070062726317334
Kembla Grange,1600,0,15.0,17.936784675673852,147,0.8362702831764064
Kembla Grange,1600,1,44.0,31.48958938349379,294,1.3972871943215595
Kembla Grange,1600,2,47.0,34.64255604083159,342,1.3567128229396022
Kembla Grange,1600,3,22.0,32.204581165837645,338,0.6831326228622846
Kembla Grange,1600,4,19.0,30.726488734163116,383,0.6183589724287283
Kembla Grange,2000,0,7.0,5.4172008495909,60,1.2921802595760559
Kembla Grange,2000,1,16.0,13.372967263814838,121,1.1964435180585167
Kembla Grange,2000,2,15.0,14.701929505683061,148,1.0202742432006437
Kembla Grange,2000,3,15.0,14.22753250459875,137,1.0542938485750475
Kembla Grange,2000,4,7.0,12.28036987631245,159,0.5700154043000177
Kembla Grange,2400,0,2.0,1.8251538522628628,16,1.0957980323249787
Kembla Grange,2400,1,4.0,4.1240817237037515,32,0.9699128843663369
Kembla Grange,2400,2,1.0,3.2287266325481534,34,0.3097196244238203
Kembla Grange,2400,3,6.0,3.7390981239022083,35,1.6046650291536781
Kembla Grange,2400,4,3.0,3.082939667583024,41,0.9730972135280067
Kempsey,1000,0,12.0,7.30560388975589,48,1.6425746839117181
Kempsey,1000,1,16.0,10.919460132413155,96,1.4652739060336737
Kempsey,1000,2,10.0,12.513120790035718,112,0.7991611499477467
Kempsey,1000,3,6.0,9.059848371137988,109,0.6622627393096594
Kempsey,1000,4,4.0,8.201966816657249,129,0.48768790333026724
Kempsey,1250,0,9.0,5.495378140243064,45,1.6377398916541026
Kempsey,1250,1,16.0,12.08472272058903,90,1.3239856941641217
Kempsey,1250,2,9.0,10.697019840328823,102,0.8413558294123294
Kempsey,1250,3,6.0,8.591684926218056,101,0.6983496312452788
Kempsey,1250,4,5.0,8.131194372621026,121,0.6149158132089135
Kempsey,1450,0,8.0,6.1556066908832925,48,1.2996281929201763
Kempsey,1450,1,10.0,10.830204953884909,96,0.9233435602170109
Kempsey,1450,2,14.0,12.327253655344723,113,1.1356949724101788
Kempsey,1450,3,11.0,9.782662102760172,107,1.1244383056935348
Kempsey,1450,4,5.0,8.904272597126903,129,0.5615281816072573
Kempsey,1900,0,3.0,1.7271441801796594,14,1.7369713741489357
Kempsey,1900,1,2.0,3.4237996021630583,28,0.5841463381023987
Kempsey,1900,2,3.0,3.1547576073938695,27,0.9509446915886149
Kempsey,1900,3,3.0,2.371204332212949,30,1.265179874734887
Kempsey,1900,4,3.0,3.3230942780504638,34,0.9027730629899519
Kerang,1100,0,5.0,3.243689745736043,28,1.5414544521629097
Kerang,1100,1,8.0,7.400904701621908,56,1.0809489275340622
Kerang,1100,2,4.0,6.523980928630463,50,0.6131225771133108
Kerang,1100,3,6.0,5.228023702334462,56,1.147661208444948
Kerang,1100,4,5.0,5.603400921677124,75,0.8923152331751191
Kerang,1400,0,3.0,2.6225098540398353,19,1.1439423174630445
Kerang,1400,1,7.0,6.128336622543408,38,1.1422349050230258
Kerang,1400,2,5.0,2.587469763646626,37,1.9323897307898577
Kerang,1400,3,1.0,3.981559864434551,38,0.2511578461829851
Kerang,1400,4,3.0,3.6801238953355795,50,0.8151899461326257
Kerang,1800,0,2.0,1.8380617611961565,14,1.0881027189741757
Kerang,1800,1,3.0,2.8113261263005938,28,1.0671120550313673
Kerang,1800,2,4.0,3.0287124300214865,28,1.320693229357408
Kerang,1800,3,2.0,2.674858013225458,28,0.7477032388677388
Kerang,1800,4,3.0,3.647041669256305,40,0.8225845142624192
Kilcoy,800,0,8.0,3.028084528347466,18,2.6419341749240686
Kilcoy,800,1,6.0,5.429701338851056,36,1.1050331547829886
Kilcoy,800,2,2.0,2.6290829955263084,30,0.7607215152215557
Kilcoy,800,3,2.0,3.562565520092295,36,0.5613931838503242
Kilcoy,800,4,0.0,3.350565617182873,42,0.0
Kilcoy,1050,0,1.0,0.6832327616272754,5,1.4636300484453801
Kilcoy,1050,1,1.0,0.5874206386234668,10,1.702357619479206
Kilcoy,1050,2,2.0,1.7439317917872061,11,1.1468338437424617
Kilcoy,1050,3,0.0,1.0926681589422529,11,0.0
Kilcoy,1050,4,1.0,0.8927466490197987,14,1.1201386206242963
Kilcoy,1060,0,3.0,1.2323002689290619,5,2.4344715940110673
Kilcoy,1060,1,0.0,1.142775554558143,10,0.0
Kilcoy,1060,2,0.0,0.5542124471476995,11,0.0
Kilcoy,1060,3,1.0,0.9705517387581875,11,1.030341773720885
Kilcoy,1060,4,1.0,1.1001599906069082,11,0.9089587046774402
Kilcoy,1100,0,2.0,0.5126424257661649,4,3.9013548225372077
Kilcoy,1100,1,1.0,0.8654493763750264,8,1.1554690861163306
Kilcoy,1100,2,1.0,0.8724117948200532,9,1.1462476847946144
Kilcoy,1100,3,0.0,1.2461973645208724,10,0.0
Kilcoy,1100,4,0.0,0.5032990385178835,11,0.0
Kilcoy,1200,0,52.0,25.265874940371283,168,2.0581119839594937
Kilcoy,1200,1,56.0,42.79476186695212,336,1.3085713661429557
Kilcoy,1200,2,34.0,40.9761802207456,388,0.829750352932759
Kilcoy,1200,3,17.0,33.46013889188898,379,0.5080672275428284
Kilcoy,1200,4,9.0,25.50304408004202,441,0.3528990489038582
Kilcoy,1500,0,21.0,11.463777104194609,88,1.8318569707985752
Kilcoy,1500,1,27.0,24.430470770747597,176,1.1051772294265032
Kilcoy,1500,2,21.0,19.925782606767964,197,1.053910926081627
Kilcoy,1500,3,10.0,17.630816010195474,194,0.5671887219637051
Kilcoy,1500,4,9.0,14.549153508094351,226,0.6185926896016936
Kilcoy,1900,0,7.0,7.33262238622177,51,0.9546380041543149
Kilcoy,1900,1,12.0,11.554242185259355,102,1.0385795803474964
Kilcoy,1900,2,13.0,11.96138700579087,118,1.0868304815909982
Kilcoy,1900,3,10.0,10.186461275940218,114,0.9816951862978532
Kilcoy,1900,4,9.0,9.965287146787789,135,0.9031350394053683
Kilcoy,2076,0,3.0,1.4131310044880294,11,2.122945424360628
Kilcoy,2076,1,3.0,3.0655411933745196,22,0.978620025228768
Kilcoy,2076,2,3.0,2.476119703808884,27,1.2115730896956471
Kilcoy,2076,3,1.0,2.403145524276377,23,0.4161212835003469
Kilcoy,2076,4,1.0,1.64206257405219,31,0.6089901906309552
Kilmore,1100,0,10.0,5.138862112212991,41,1.945956085537702
Kilmore,1100,1,12.0,10.415957922572954,82,1.1520783867602027
Kilmore,1100,2,8.0,10.449796045273294,96,0.7655651809222249
Kilmore,1100,3,7.0,8.703233184836598,91,0.8042987992319803
Kilmore,1100,4,4.0,6.292150735104162,106,0.6357126789229379
Kilmore,1104,0,1.0,0.3189994072969728,3,3.134802062716841
Kilmore,1104,1,0.0,0.44616380872547756,6,0.0
Kilmore,1104,2,0.0,0.49755188700430575,7,0.0
Kilmore,1104,3,1.0,0.9546949676931213,6,1.0474549817899967
Kilmore,1104,4,1.0,0.7825899292801226,8,1.2778084186693603
Kilmore,1107,0,2.0,1.494612494262402,10,1.3381394894514174
Kilmore,1107,1,3.0,1.9420420018038436,20,1.5447657657318865
Kilmore,1107,2,5.0,3.3269697949231674,25,1.5028690695147924
Kilmore,1107,3,0.0,1.783647101150673,23,0.0
Kilmore,1107,4,0.0,1.452728607859914,26,0.0
Kilmore,1110,0,1.0,0.45480267612100855,2,2.1987557516788483
Kilmore,1110,1,1.0,0.5649195166477552,4,1.7701636614256522
Kilmore,1110,2,0.0,0.4106887458103368,5,0.0
Kilmore,1110,3,0.0,0.13243234817518876,4,0.0
Kilmore,1110,4,0.0,0.4371567132457108,6,0.0
Kilmore,1112,0,4.0,1.4535741126061288,11,2.7518376705459873
Kilmore,1112,1,2.0,2.294095441714133,22,0.8718033101995152
Kilmore,1112,2,2.0,3.2080575835371383,23,0.6234302059487477
Kilmore,1112,3,2.0,2.4014405817171953,22,0.832833431410517
Kilmore,1112,4,1.0,1.6428322804254047,27,0.6087048641027762
Kilmore,1200,0,16.0,7.415810383194147,57,2.15755246874428
Kilmore,1200,1,13.0,15.55653329844916,114,0.8356617602776563
Kilmore,1200,2,12.0,12.973149631482402,138,0.9249874040517636
Kilmore,1200,3,9.0,11.08914844939613,133,0.8116042490611715
Kilmore,1200,4,7.0,9.965358237478162,155,0.7024333529399966
Kilmore,1204,0,2.0,1.5537319297341585,4,1.287223337388836
Kilmore,1204,1,1.0,1.110793806052407,8,0.9002570905160595
Kilmore,1204,2,1.0,0.4994958895066912,9,2.0020184770441523
Kilmore,1204,3,0.0,0.3453681376456133,9,0.0
Kilmore,1204,4,0.0,0.49061023706112966,10,0.0
Kilmore,1207,0,3.0,1.8050392024496422,12,1.6620137645368926
Kilmore,1207,1,5.0,3.3293522319912405,24,1.5017936378000978
Kilmore,1207,2,3.0,2.681938463336552,28,1.1185938980373746
Kilmore,1207,3,1.0,2.1904543699820227,27,0.4565262868307123
Kilmore,1207,4,0.0,1.9932157322405426,31,0.0
Kilmore,1210,0,0.0,0.09502846841888674,1,0.0
Kilmore,1210,1,0.0,0.27113017562871183,2,0.0
Kilmore,1210,2,0.0,0.38592116896781226,2,0.0
Kilmore,1210,3,1.0,0.1384700539818064,2,7.221778075795292
Kilmore,1210,4,0.0,0.10945013300278282,2,0.0
Kilmore,1212,0,4.0,1.2078824969031887,11,3.311580398139173
Kilmore,1212,1,1.0,2.095644500273989,22,0.47718017052475165
Kilmore,1212,2,5.0,2.819017247036643,25,1.7736677578883249
Kilmore,1212,3,0.0,2.4837408535016237,22,0.0
Kilmore,1212,4,1.0,2.393714902284556,30,0.4177606944944038
Kilmore,1450,0,18.0,8.43818533255668,64,2.133160068261524
Kilmore,1450,1,17.0,17.521535436792682,128,0.970234604228946
Kilmore,1450,2,15.0,15.150090159135173,120,0.9900931177597863
Kilmore,1450,3,9.0,11.599834416528997,128,0.7758731441179535
Kilmore,1450,4,5.0,11.29035465498647,171,0.4428558847610436
Kilmore,1454,0,0.0,1.1207863817804873,5,0.0
Kilmore,1454,1,3.0,1.3310000722358786,10,2.253944280378929
Kilmore,1454,2,0.0,1.112631592305254,9,0.0
Kilmore,1454,3,1.0,0.8391546618896352,10,1.191675438885328
Kilmore,1454,4,1.0,0.5964272917887448,12,1.6766503038465939
Kilmore,1457,0,5.0,3.041274218383286,15,1.6440477382069003
Kilmore,1457,1,1.0,3.8447828448391523,31,0.26009271273728735
Kilmore,1457,2,2.0,3.552599941654689,30,0.5629679763684461
Kilmore,1457,3,4.0,2.5278065121930458,30,1.5823995945519285
Kilmore,1457,4,3.0,2.0335364829298266,37,1.475262443129487
Kilmore,1460,0,0.0,0.18598749235388534,3,0.0
Kilmore,1460,1,0.0,0.8345897529041678,6,0.0
Kilmore,1460,2,1.0,0.7002827741774533,6,1.4279945714423607
Kilmore,1460,3,1.0,0.6304015882530256,6,1.5862904196850276
Kilmore,1460,4,1.0,0.6487383923114679,9,1.5414533991690855
Kilmore,1462,0,5.0,2.556673639778362,18,1.9556661132679611
Kilmore,1462,1,4.0,4.9770596349695655,36,0.8036873763567954
Kilmore,1462,2,4.0,4.360235386184656,33,0.9173816653738335
Kilmore,1462,3,4.0,4.094064821874397,36,0.9770241005047567
Kilmore,1462,4,1.0,2.011966517193019,46,0.49702616393196386
Kilmore,1600,0,12.0,7.538310970431901,62,1.5918685295775838
Kilmore,1600,1,18.0,14.393705211533009,124,1.2505466615765783
Kilmore,1600,2,19.0,18.259171071224134,161,1.04057297704732
Kilmore,1600,3,9.0,11.67345863098416,149,0.770979731414976
Kilmore,1600,4,4.0,10.135354115826798,173,0.39465813964544416
Kilmore,1604,0,1.0,0.16470941727073823,2,6.0712982692195885
Kilmore,1604,1,0.0,0.5607243282194802,4,0.0
Kilmore,1604,2,0.0,0.5407852960710295,4,0.0
Kilmore,1604,3,1.0,0.3216849449995021,4,3.1086316457910326
Kilmore,1604,4,0.0,0.41209601343924995,5,0.0
Kilmore,1607,0,2.0,1.9475224521512684,12,1.0269457986431756
Kilmore,1607,1,3.0,2.9784680269325188,24,1.007229210746189
Kilmore,1607,2,3.0,2.695288320541013,30,1.1130534633852542
Kilmore,1607,3,2.0,2.5659832558259086,28,0.7794283128929708
Kilmore,1607,4,2.0,1.8127379445492908,33,1.1033034344615482
Kilmore,1610,0,0.0,0.16368442407899703,1,0.0
Kilmore,1610,1,1.0,0.46377253489049153,2,2.15622945467464
Kilmore,1610,2,0.0,0.04500265736301958,3,0.0
Kilmore,1610,3,0.0,0.10717432528981946,2,0.0
Kilmore,1610,4,0.0,0.22036605837767234,3,0.0
Kilmore,1612,0,5.0,3.1903274366076486,16,1.567237250517652
Kilmore,1612,1,5.0,4.497755553879505,32,1.1116655718844677
Kilmore,1612,2,2.0,3.5657879125598133,33,0.5608858544153393
Kilmore,1612,3,3.0,2.3219429772680225,35,1.2920213930187783
Kilmore,1612,4,1.0,2.4241861196850114,39,0.41250958079486727
Kilmore,2000,0,3.0,3.056255164402182,33,0.9815934333437157
Kilmore,2000,1,5.0,7.530877828552024,66,0.6639332244965338
Kilmore,2000,2,9.0,10.353168742173134,80,0.8692990739481463
Kilmore,2000,3,11.0,6.290898857136741,75,1.7485577577711326
Kilmore,2000,4,5.0,5.76879940773592,91,0.8667314715944248
Kilmore,2004,0,0.0,0.20667148928180115,1,0.0
Kilmore,2004,1,0.0,0.37507048054845393,2,0.0
Kilmore,2004,2,0.0,0.13689208322321453,2,0.0
Kilmore,2004,3,1.0,0.1731094525608249,2,5.776692059312205
Kilmore,2004,4,0.0,0.10825649438570537,2,0.0
Kilmore,2007,0,1.0,0.8098374811484775,6,1.2348156553359841
Kilmore,2007,1,0.0,0.9050796553536906,12,0.0
Kilmore,2007,2,2.0,1.4559530873017392,15,1.373670633651062
Kilmore,2007,3,1.0,1.7988135903333111,15,0.5559219728903121
Kilmore,2007,4,2.0,1.0303161858627816,17,1.941151684737642
Kilmore,2010,0,0.0,0.08709455587757388,1,0.0
Kilmore,2010,1,1.0,0.24069768169802236,2,4.15458924633347
Kilmore,2010,2,0.0,0.19699959067546471,3,0.0
Kilmore,2010,3,0.0,0.2777280942669489,2,0.0
Kilmore,2010,4,0.0,0.19748007748199023,3,0.0
Kilmore,2012,0,1.0,0.7141488755435275,8,1.400268255325496
Kilmore,2012,1,4.0,1.749954406811063,16,2.285773837553396
Kilmore,2012,2,1.0,1.8290784633400352,14,0.5467234019987992
Kilmore,2012,3,1.0,1.711207424493235,16,0.58438269124279
Kilmore,2012,4,1.0,1.995610829812139,18,0.5010997059452403
Kingscote,1008,0,0.0,0.06052062762186982,2,0.0
Kingscote,1008,1,0.0,0.611876686157515,4,0.0
Kingscote,1008,2,0.0,0.3553703299679794,4,0.0
Kingscote,1008,3,2.0,0.56335227683646,4,3.550176474356552
Kingscote,1008,4,0.0,0.40888007941617577,6,0.0
Kingscote,1050,0,5.0,2.3348253591936956,13,2.1414877906443035
Kingscote,1050,1,2.0,2.50427189024193,26,0.7986353270158641
Kingscote,1050,2,2.0,2.358772025889,25,0.8478988126231564
Kingscote,1050,3,2.0,2.4115806592054283,26,0.8293315806650081
Kingscote,1050,4,2.0,3.390550065469946,34,0.5898747876836883
Kingscote,1215,0,5.0,2.3777483198783487,20,2.1028297899315986
Kingscote,1215,1,6.0,4.939943371746947,40,1.214588821871085
Kingscote,1215,2,4.0,5.165579710397703,38,0.774356456439627
Kingscote,1215,3,1.0,2.945442628158532,40,0.3395075464855319
Kingscote,1215,4,4.0,4.57128596981847,51,0.8750272956908981
Kingscote,1360,0,2.0,1.7990922275163959,14,1.1116717472349666
Kingscote,1360,1,3.0,3.095927286361181,28,0.9690150066560737
Kingscote,1360,2,4.0,2.9836975752287813,28,1.3406184437755195
Kingscote,1360,3,2.0,2.413707758032297,28,0.8286007257276415
Kingscote,1360,4,3.0,3.7075751528613443,38,0.8091541981784863
Kingscote,1750,0,0.0,1.092062560903718,9,0.0
Kingscote,1750,1,3.0,2.5656467201807875,18,1.1692958256499968
Kingscote,1750,2,1.0,1.7216916498180725,16,0.5808240982673453
Kingscote,1750,3,1.0,1.6589854103389472,18,0.6027780556525147
Kingscote,1750,4,4.0,1.9616136587584747,22,2.0391375142298105
Kingscote,1880,0,2.0,1.6457775191448651,8,1.2152310848426138
Kingscote,1880,1,3.0,1.963285517853685,16,1.5280507968498023
Kingscote,1880,2,1.0,1.1294891235719589,15,0.8853560243568744
Kingscote,1880,3,1.0,1.615531335725645,17,0.6189913979915667
Kingscote,1880,4,1.0,1.6459165037038463,21,0.6075642341210356
Kumbia,1000,0,0.0,0.1265108354187743,1,0.0
Kumbia,1000,1,1.0,0.21085139236462386,2,4.742676767676767
Kumbia,1000,2,0.0,0.07906927213673394,1,0.0
Kumbia,1000,3,0.0,0.46855864969916405,2,0.0
Kumbia,1000,4,0.0,0.11500985038070391,2,0.0
Kununurra,1350,0,0.0,0.6258939584359976,3,0.0
Kununurra,1350,1,1.0,0.7572284871252212,6,1.3206053615289202
Kununurra,1350,2,0.0,0.6372972937166637,3,0.0
Kununurra,1350,3,2.0,0.40502151400188,6,4.93800929298466
Kununurra,1350,4,0.0,0.5745587467202375,6,0.0
Kununurra,1600,0,0.0,0.1687555981882516,1,0.0
Kununurra,1600,1,1.0,0.20513667520026424,2,4.8747987117552345
Kununurra,1600,2,0.0,0.06750223927530062,1,0.0
Kununurra,1600,3,0.0,0.3448483962977315,2,0.0
Kununurra,1600,4,0.0,0.213757091038452,2,0.0
Kununurra,1800,0,2.0,0.44068556428843625,2,4.538383287479246
Kununurra,1800,1,0.0,0.38008793173634603,4,0.0
Kununurra,1800,2,0.0,0.3814477098681192,2,0.0
Kununurra,1800,3,0.0,0.3997667592575861,4,0.0
Kununurra,1800,4,0.0,0.3980120348495124,4,0.0
Kyneton,1100,0,4.0,2.732717985376383,24,1.463744162919567
Kyneton,1100,1,7.0,6.003069803677161,48,1.1660700656374463
Kyneton,1100,2,7.0,5.566556858051421,61,1.2575098357030627
Kyneton,1100,3,1.0,4.45187213002875,56,0.22462460079542806
Kyneton,1100,4,5.0,5.245783222866284,61,0.9531465155107975
Kyneton,1103,0,5.0,3.6412279666069165,24,1.3731631322878302
Kyneton,1103,1,1.0,5.457870397541889,48,0.1832216463861764
Kyneton,1103,2,9.0,6.221912666366627,57,1.4465005348999338
Kyneton,1103,3,3.0,5.0244828923899,54,0.5970763687032971
Kyneton,1103,4,6.0,3.6545060770946676,62,1.641808735141029
Kyneton,1106,0,1.0,0.24013525751520687,2,4.164319768564904
Kyneton,1106,1,0.0,0.4034638688699387,4,0.0
Kyneton,1106,2,1.0,0.7680675868646665,5,1.3019687552264851
Kyneton,1106,3,0.0,0.294297335539678,5,0.0
Kyneton,1106,4,0.0,0.2940359512105099,6,0.0
Kyneton,1108,0,1.0,0.16505172252265243,2,6.058706838777496
Kyneton,1108,1,0.0,0.3990558065227682,4,0.0
Kyneton,1108,2,0.0,0.46714101971470723,6,0.0
Kyneton,1108,3,1.0,0.32144985920064784,4,3.1109050801475187
Kyneton,1108,4,0.0,0.6473015920392244,6,0.0
Kyneton,1112,0,7.0,3.43991216895256,26,2.0349356774802403
Kyneton,1112,1,7.0,7.923228733694726,52,0.8834782176906547
Kyneton,1112,2,8.0,6.087885063623437,54,1.3140852556172429
Kyneton,1112,3,3.0,4.327336860587196,52,0.6932670362050151
Kyneton,1112,4,1.0,4.2216371731420805,66,0.23687492766123242
Kyneton,1115,0,2.0,1.6605461226998472,9,1.2044230344823195
Kyneton,1115,1,2.0,1.8872516236599874,18,1.0597421005903587
Kyneton,1115,2,3.0,2.6136495686758447,19,1.1478202877518475
Kyneton,1115,3,1.0,1.3458529986529995,18,0.7430231986709193
Kyneton,1115,4,1.0,1.4926996863113218,24,0.669927118743587
Kyneton,1118,0,3.0,1.2913157178921408,10,2.3232118671156603
Kyneton,1118,1,1.0,3.155324195858532,20,0.31692464479958454
Kyneton,1118,2,2.0,2.639028747402575,19,0.7578545712957733
Kyneton,1118,3,2.0,1.2553729685083583,20,1.593152035427696
Kyneton,1118,4,2.0,1.6589583703383937,24,1.2055757611277738
Kyneton,1125,0,0.0,0.15141344001829915,2,0.0
Kyneton,1125,1,0.0,0.41541349977340314,4,0.0
Kyneton,1125,2,0.0,0.2789272480702572,4,0.0
Kyneton,1125,3,1.0,0.5263586372689648,4,1.8998453320506803
Kyneton,1125,4,1.0,0.6278871748690756,6,1.5926428186855637
Kyneton,1200,0,5.0,3.3522958273727266,31,1.4915151458809701
Kyneton,1200,1,8.0,7.869873574555884,62,1.0165347542385976
Kyneton,1200,2,9.0,7.687385925637302,79,1.1707490799941698
Kyneton,1200,3,7.0,5.7733710451299425,70,1.2124632117495315
Kyneton,1200,4,2.0,6.317073627304145,85,0.31660229371958637
Kyneton,1203,0,6.0,5.109834694837576,35,1.1742062822622716
Kyneton,1203,1,6.0,7.831032268579728,71,0.7661825151804907
Kyneton,1203,2,8.0,8.214067327701631,93,0.973938936806654
Kyneton,1203,3,9.0,7.488998250982267,82,1.2017628657904345
Kyneton,1203,4,6.0,6.356067457898799,91,0.9439799120671214
Kyneton,1206,0,0.0,0.430073105746367,3,0.0
Kyneton,1206,1,2.0,0.71172558789982,6,2.810071794526394
Kyneton,1206,2,0.0,0.35933437818423564,8,0.0
Kyneton,1206,3,0.0,0.572515932786741,8,0.0
Kyneton,1206,4,1.0,0.9263509953828364,8,1.079504426490875
Kyneton,1208,0,0.0,0.16042081328095137,2,0.0
Kyneton,1208,1,0.0,0.37729931274189943,4,0.0
Kyneton,1208,2,2.0,0.3792460801296483,5,5.273620756518523
Kyneton,1208,3,0.0,0.9314221033056032,5,0.0
Kyneton,1208,4,0.0,0.15161169054189758,5,0.0
Kyneton,1209,0,0.0,0.09665879245488308,1,0.0
Kyneton,1209,1,0.0,0.11779207682673923,2,0.0
Kyneton,1209,2,0.0,0.23791629090210695,3,0.0
Kyneton,1209,3,0.0,0.37428432411696394,2,0.0
Kyneton,1209,4,1.0,0.17334851569930682,3,5.768725483260649
Kyneton,1210,0,1.0,0.5334188702071013,5,1.8746993326496817
Kyneton,1210,1,2.0,0.8968462824669646,10,2.2300365615594444
Kyneton,1210,2,1.0,1.3483780217314347,12,0.7416317856589749
Kyneton,1210,3,1.0,1.4872895953490035,12,0.6723640124473154
Kyneton,1210,4,0.0,0.7340672302454954,14,0.0
Kyneton,1212,0,4.0,2.28706698365185,21,1.7489649531877909
Kyneton,1212,1,4.0,4.595642003086652,43,0.8703898165508562
Kyneton,1212,2,4.0,4.549853433539874,53,0.8791491986342783
Kyneton,1212,3,8.0,4.913923040131636,45,1.6280271251024094
Kyneton,1212,4,1.0,4.653514539589987,57,0.21489134534607218
Kyneton,1215,0,2.0,1.0635617189267477,8,1.880473849715297
Kyneton,1215,1,1.0,2.013562230007001,16,0.4966322793989452
Kyneton,1215,2,3.0,2.5821796039296183,20,1.1618091922941896
Kyneton,1215,3,2.0,1.2573479427883671,18,1.5906495982048414
Kyneton,1215,4,0.0,1.0833485043482662,21,0.0
Kyneton,1218,0,4.0,2.2095177118431204,17,1.8103498236559992
Kyneton,1218,1,7.0,4.973082295759779,34,1.4075777523264477
Kyneton,1218,2,2.0,3.9019683009883606,43,0.5125618266794746
Kyneton,1218,3,3.0,3.5566926107582217,40,0.8434802577331683
Kyneton,1218,4,1.0,2.3587390806505186,46,0.4239553277440967
Kyneton,1225,0,1.0,0.9764394025656147,4,1.0241290932877958
Kyneton,1225,1,1.0,1.1612455713507135,8,0.8611442959793946
Kyneton,1225,2,1.0,0.7785099019837346,10,1.2845051777143524
Kyneton,1225,3,0.0,0.5246852098843655,8,0.0
Kyneton,1225,4,1.0,0.5591199142155718,10,1.7885250991336437
Kyneton,1450,0,4.0,4.401806023658585,31,0.9087179168052886
Kyneton,1450,1,7.0,7.633803029362562,62,0.916974144220815
Kyneton,1450,2,8.0,6.911663729631739,59,1.1574637182799183
Kyneton,1450,3,8.0,5.74471146758018,62,1.3925851707518055
Kyneton,1450,4,4.0,6.308015749766934,82,0.6341138257538101
Kyneton,1454,0,9.0,4.7504922145575925,38,1.8945405220158136
Kyneton,1454,1,9.0,9.704093719567021,76,0.9274436397757259
Kyneton,1454,2,11.0,8.686450612223027,73,1.2663400151635573
Kyneton,1454,3,7.0,8.052924992195567,76,0.8692493729649783
Kyneton,1454,4,2.0,6.806038461456793,98,0.29385669965372363
Kyneton,1459,0,0.0,0.8067618349714243,3,0.0
Kyneton,1459,1,2.0,0.6984607542690416,6,2.863439338253235
Kyneton,1459,2,1.0,0.7734965486610338,6,1.2928305908165414
Kyneton,1459,3,0.0,0.425758207913459,6,0.0
Kyneton,1459,4,0.0,0.2955226541850411,6,0.0
Kyneton,1460,0,0.0,0.8728534110704799,2,0.0
Kyneton,1460,1,1.0,0.2653643849579727,4,3.768403209640871
Kyneton,1460,2,1.0,0.2143191126629015,4,4.665939437575412
Kyneton,1460,3,0.0,0.22297935472677632,4,0.0
Kyneton,1460,4,0.0,0.4244837365818696,5,0.0
Kyneton,1461,0,2.0,0.18369563216598825,2,10.887575150359538
Kyneton,1461,1,0.0,0.7743119231466997,4,0.0
Kyneton,1461,2,0.0,0.43600899692088124,4,0.0
Kyneton,1461,3,0.0,0.17601928344638282,4,0.0
Kyneton,1461,4,0.0,0.4299641643200479,4,0.0
Kyneton,1469,0,4.0,2.4071081445816223,23,1.6617450316903968
Kyneton,1469,1,8.0,6.33285639571499,46,1.2632530251930316
Kyneton,1469,2,2.0,5.084602081607519,42,0.3933444481790581
Kyneton,1469,3,7.0,4.300374900284277,46,1.6277650582364955
Kyneton,1469,4,2.0,4.875058477811592,58,0.4102514891057876
Kyneton,1472,0,0.0,0.2549652139237679,3,0.0
Kyneton,1472,1,1.0,0.6666978862243539,6,1.4999297592845298
Kyneton,1472,2,1.0,0.7407099806750432,5,1.350056062547792
Kyneton,1472,3,1.0,0.7392076809437095,6,1.3527997960239673
Kyneton,1472,4,0.0,0.5984192382331255,6,0.0
Kyneton,1474,0,2.0,1.4952590924218594,10,1.337560834865492
Kyneton,1474,1,2.0,2.5350029029465584,20,0.7889537316408205
Kyneton,1474,2,3.0,2.390803419493732,19,1.2548083106871535
Kyneton,1474,3,2.0,1.9964644766536235,20,1.0017708921885264
Kyneton,1474,4,1.0,1.5824701084842265,23,0.6319234686573971
Kyneton,1479,0,3.0,1.8376554567347845,17,1.6325149466976323
Kyneton,1479,1,6.0,4.275315575398615,34,1.403405174234555
Kyneton,1479,2,3.0,4.699093431135645,33,0.6384210154499909
Kyneton,1479,3,5.0,4.021251047265748,34,1.2433941430738955
Kyneton,1479,4,0.0,2.1666844894652075,41,0.0
Kyneton,1483,0,0.0,0.13699505029538558,1,0.0
Kyneton,1483,1,1.0,0.2781414657512374,2,3.5952927669345587
Kyneton,1483,2,0.0,0.07075568531739695,2,0.0
Kyneton,1483,3,0.0,0.10763896808923154,2,0.0
Kyneton,1483,4,0.0,0.4064688305467485,2,0.0
Kyneton,1488,0,1.0,0.8136751459943155,2,1.2289916988652696
Kyneton,1488,1,1.0,0.30474566165217665,4,3.2814248924119425
Kyneton,1488,2,0.0,0.3335730239024456,4,0.0
Kyneton,1488,3,0.0,0.3650501404466484,4,0.0
Kyneton,1488,4,0.0,0.18295602800441393,5,0.0
Kyneton,1850,0,4.0,2.9678519668315326,32,1.347776117105458
Kyneton,1850,1,5.0,6.487352495229016,64,0.7707304333589308
Kyneton,1850,2,9.0,7.943675595868505,90,1.1329767802553377
Kyneton,1850,3,10.0,8.194356446173503,82,1.220352088133739
Kyneton,1850,4,4.0,6.406763495897445,90,0.6243401996283131
Kyneton,1854,0,1.0,0.34147722286739446,2,2.9284530066250687
Kyneton,1854,1,0.0,0.5175045459108173,4,0.0
Kyneton,1854,2,0.0,0.8206324540664748,5,0.0
Kyneton,1854,3,1.0,0.22597843146775584,5,4.425201084479104
Kyneton,1854,4,0.0,0.09440734568755789,5,0.0
Kyneton,1856,0,2.0,3.0791632835441414,31,0.6495271006537803
Kyneton,1856,1,10.0,7.579047871913218,62,1.3194269476854021
Kyneton,1856,2,6.0,8.690609058452422,85,0.6904004034290836
Kyneton,1856,3,7.0,6.970722251528545,75,1.0042001025740246
Kyneton,1856,4,6.0,4.680457534561674,85,1.2819259561046101
Kyneton,1860,0,1.0,0.614518373904427,2,1.6272906433152885
Kyneton,1860,1,0.0,0.27660955022469613,4,0.0
Kyneton,1860,2,1.0,0.3534150290498383,7,2.8295344504406486
Kyneton,1860,3,0.0,0.3131299444049349,5,0.0
Kyneton,1860,4,0.0,0.44232710241610385,6,0.0
Kyneton,1862,0,0.0,0.15222423635475058,2,0.0
Kyneton,1862,1,1.0,0.8434152944553905,4,1.1856555205650132
Kyneton,1862,2,1.0,0.5706122757866793,4,1.7525034816703546
Kyneton,1862,3,0.0,0.3300451893064779,4,0.0
Kyneton,1862,4,0.0,0.10370300409670172,6,0.0
Kyneton,1864,0,0.0,0.0386823741779615,1,0.0
Kyneton,1864,1,0.0,0.37967591176846993,2,0.0
Kyneton,1864,2,0.0,0.21380325818271478,3,0.0
Kyneton,1864,3,1.0,0.22554799712996013,3,4.433646109585282
Kyneton,1864,4,0.0,0.14229045874089366,3,0.0
Kyneton,1875,0,2.0,1.713458126002699,20,1.1672301585016087
Kyneton,1875,1,3.0,4.632286018322035,40,0.6476284038019521
Kyneton,1875,2,3.0,5.532827521830257,56,0.5422182397993135
Kyneton,1875,3,10.0,3.9203259857447077,48,2.5508082838933595
Kyneton,1875,4,2.0,4.2011023481003,61,0.47606552620751585
Kyneton,1881,0,0.0,0.5257525118064444,5,0.0
Kyneton,1881,1,2.0,1.1295797255596167,10,1.770570022411795
Kyneton,1881,2,0.0,1.7866222285037292,12,0.0
Kyneton,1881,3,2.0,0.9716319907723852,10,2.058392497359137
Kyneton,1881,4,1.0,0.5864135433578244,14,1.7052812154950672
Kyneton,1887,0,2.0,1.489661717367861,14,1.342586693799096
Kyneton,1887,1,1.0,2.7304386230168376,28,0.36624152309093433
Kyneton,1887,2,6.0,4.178765561310507,40,1.435830728469566
Kyneton,1887,3,3.0,3.380300087854223,37,0.8874951696683139
Kyneton,1887,4,2.0,2.2208340104505715,41,0.900562577206854
Kyneton,1900,0,0.0,0.09081146917710556,2,0.0
Kyneton,1900,1,0.0,0.22780446063756749,4,0.0
Kyneton,1900,2,0.0,0.8002044859326573,6,0.0
Kyneton,1900,3,1.0,0.4967869105193683,4,2.0129354836554474
Kyneton,1900,4,1.0,0.3843926737333013,6,2.6015063978399815
Kyneton,2000,0,0.0,0.10949656403452485,1,0.0
Kyneton,2000,1,0.0,0.11787907611372292,2,0.0
Kyneton,2000,2,1.0,0.173369559721331,2,5.7680252612244605
Kyneton,2000,3,0.0,0.3345072834459892,2,0.0
Kyneton,2000,4,0.0,0.26474751668443214,3,0.0
Kyneton,2006,0,0.0,0.22898988457704106,2,0.0
Kyneton,2006,1,2.0,0.5792551208420804,4,3.452710089282492
Kyneton,2006,2,0.0,0.3773747355700138,2,0.0
Kyneton,2006,3,0.0,0.6115741334784949,4,0.0
Kyneton,2006,4,0.0,0.20280612553236985,4,0.0
Kyneton,2037,0,0.0,0.04857726797434688,1,0.0
Kyneton,2037,1,0.0,0.23958788340434048,2,0.0
Kyneton,2037,2,0.0,0.33282788754544945,2,0.0
Kyneton,2037,3,0.0,0.14591442523121487,2,0.0
Kyneton,2037,4,1.0,0.23309253584464834,2,4.290141665739484
Kyneton,2800,0,1.0,0.31127312266577034,3,3.2126127416203243
Kyneton,2800,1,0.0,0.7940204402632136,6,0.0
Kyneton,2800,2,0.0,0.3216389171232495,8,0.0
Kyneton,2800,3,2.0,0.9862245548850355,8,2.0279357171685315
Kyneton,2800,4,0.0,0.5868429650627311,9,0.0
Kyneton,2809,0,1.0,0.294198032289614,2,3.399071000636678
Kyneton,2809,1,0.0,0.5477153353964643,4,0.0
Kyneton,2809,2,1.0,0.47448673069033415,4,2.1075404965384235
Kyneton,2809,3,0.0,0.5078583605380764,4,0.0
Kyneton,2809,4,0.0,0.17574154108551102,6,0.0
Kyneton,2828,0,1.0,0.06936800425554053,1,14.415868104207833
Kyneton,2828,1,0.0,0.35107202153732453,2,0.0
Kyneton,2828,2,0.0,0.3379466873987872,3,0.0
Kyneton,2828,3,0.0,0.11299765399092576,2,0.0
Kyneton,2828,4,0.0,0.12861563281742183,3,0.0
Kyneton,2837,0,2.0,0.9472289091256975,7,2.1114220445890126
Kyneton,2837,1,2.0,1.0291168916661946,14,1.9434138300479107
Kyneton,2837,2,1.0,1.766320184894751,18,0.5661487699409304
Kyneton,2837,3,0.0,1.7165852201598808,15,0.0
Kyneton,2837,4,2.0,1.5407487941534763,22,1.2980701380972666
Kyneton,2845,0,0.0,0.19477543538038494,1,0.0
Kyneton,2845,1,0.0,0.17804766269477543,2,0.0
Kyneton,2845,2,1.0,0.16361136571952337,1,6.112044817927171
Kyneton,2845,3,0.0,0.21814848762603115,2,0.0
Kyneton,2845,4,0.0,0.24541704857928504,2,0.0
Kyneton,2847,0,0.0,0.18577954473057748,1,0.0
Kyneton,2847,1,0.0,0.05273741914932522,2,0.0
Kyneton,2847,2,1.0,0.3222073794365513,3,3.103591239122811
Kyneton,2847,3,0.0,0.1898547089375708,2,0.0
Kyneton,2847,4,0.0,0.2494209477459753,3,0.0
Kyneton,2856,0,0.0,0.05793747136126258,2,0.0
Kyneton,2856,1,0.0,0.3962063896291975,4,0.0
Kyneton,2856,2,2.0,0.7661576608469928,6,2.6104287696986357
Kyneton,2856,3,0.0,0.2195651559271609,5,0.0
Kyneton,2856,4,0.0,0.5601333222353861,5,0.0
Launceston,1100,0,16.0,11.611488770294597,78,1.377945612015957
Launceston,1100,1,22.0,21.807003386780387,156,1.008850212465992
Launceston,1100,2,23.0,17.14878384687053,138,1.3412029800700564
Launceston,1100,3,9.0,14.043962908447673,156,0.6408447571864743
Launceston,1100,4,8.0,13.388761087606813,195,0.5975160769285165
Launceston,1120,0,2.0,1.707429142909135,24,1.171351682912229
Launceston,1120,1,10.0,6.872237653465731,48,1.4551301198026687
Launceston,1120,2,5.0,4.809403141918699,44,1.039630043990295
Launceston,1120,3,4.0,5.611951344239266,48,0.7127645545441244
Launceston,1120,4,3.0,4.998978717467169,62,0.600122578941486
Launceston,1200,0,43.0,25.556197851089127,195,1.6825664072000237
Launceston,1200,1,67.0,49.37390546722667,390,1.3569921067814485
Launceston,1200,2,44.0,50.75513346195709,518,0.8669073845107644
Launceston,1200,3,29.0,37.601445346606134,463,0.7712469489585062
Launceston,1200,4,12.0,31.71331787312098,538,0.3783899258983164
Launceston,1220,0,16.0,7.734601244539187,52,2.068626357602647
Launceston,1220,1,9.0,11.842786353609169,104,0.7599562916422273
Launceston,1220,2,16.0,13.687863229429775,132,1.1689187517302908
Launceston,1220,3,5.0,10.035443521200891,124,0.4982340829717185
Launceston,1220,4,6.0,8.699305651220977,142,0.6897102183273535
Launceston,1400,0,39.0,24.066277884840396,177,1.6205247935147675
Launceston,1400,1,43.0,39.80558423077362,353,1.0802504430209263
Launceston,1400,2,50.0,44.06740891215993,458,1.134625366779916
Launceston,1400,3,25.0,37.9704536986711,420,0.6584066705759419
Launceston,1400,4,19.0,30.090275273554955,489,0.6314332397184242
Launceston,1420,0,9.0,7.029902124388189,53,1.2802454203134823
Launceston,1420,1,15.0,13.701823430531135,107,1.0947448035694431
Launceston,1420,2,12.0,12.696913857413783,131,0.9451115550408454
Launceston,1420,3,10.0,11.035532792224078,125,0.906163770094205
Launceston,1420,4,7.0,8.535827795442813,143,0.8200727765076545
Launceston,1450,0,3.0,0.9684173590773708,8,3.0978379020984876
Launceston,1450,1,2.0,2.078920520167751,16,0.9620377405474919
Launceston,1450,2,3.0,1.978692951312845,19,1.5161523661412584
Launceston,1450,3,0.0,1.685410008120491,16,0.0
Launceston,1450,4,0.0,1.2885591613215424,20,0.0
Launceston,1600,0,16.0,11.914546286498563,98,1.3428962895658922
Launceston,1600,1,23.0,20.669793059659373,196,1.1127348945204694
Launceston,1600,2,27.0,23.509361526620452,250,1.1484786589983305
Launceston,1600,3,17.0,23.13010690730301,230,0.7349728242990735
Launceston,1600,4,15.0,18.776192219918602,273,0.7988840242105824
Launceston,1620,0,7.0,2.9997886199984545,29,2.3334977515861124
Launceston,1620,1,4.0,6.371403267640974,58,0.6278051838776497
Launceston,1620,2,9.0,7.966151321793134,74,1.1297801957864582
Launceston,1620,3,7.0,6.430880247791676,70,1.0884979552221885
Launceston,1620,4,2.0,5.23177654277576,84,0.38227932398253467
Launceston,2100,0,6.0,4.737648793732174,54,1.2664509889246949
Launceston,2100,1,13.0,11.31341165762292,108,1.1490786681699738
Launceston,2100,2,17.0,14.721669444323144,138,1.1547603391241343
Launceston,2100,3,12.0,12.890852005293377,125,0.9308926977885119
Launceston,2100,4,6.0,10.336418099028384,147,0.5804718755101437
Launceston,2150,0,6.0,1.9177951961542592,18,3.1285926735199654
Launceston,2150,1,4.0,3.6536588469770357,36,1.094792964403209
Launceston,2150,2,3.0,3.576381102099186,30,0.8388367778364352
Launceston,2150,3,2.0,4.185148690301477,36,0.4778802733185401
Launceston,2150,4,3.0,4.667016164468042,46,0.6428090013572831
Launceston,2400,0,0.0,0.5986652296452954,9,0.0
Launceston,2400,1,1.0,2.0531834401991502,18,0.48704854150927895
Launceston,2400,2,5.0,3.0172439706345453,25,1.6571414339253676
Launceston,2400,3,2.0,2.0917174476946023,21,0.9561520855526212
Launceston,2400,4,1.0,1.239189911826407,26,0.806978809669398
Launceston,2450,0,0.0,0.15421126115990402,2,0.0
Launceston,2450,1,0.0,0.45679005425509717,4,0.0
Launceston,2450,2,2.0,0.8303397418398621,5,2.4086526264157984
Launceston,2450,3,0.0,0.3893025007899831,4,0.0
Launceston,2450,4,0.0,0.16935644195515365,5,0.0
Laverton,1600,0,1.0,0.6729361457523206,2,1.4860250951181002
Laverton,1600,1,1.0,0.5709092708654636,4,1.7515918045682828
Laverton,1600,2,0.0,0.20262112183778636,2,0.0
Laverton,1600,3,0.0,0.3121902355631306,4,0.0
Laverton,1600,4,0.0,0.241343225981299,4,0.0
Leeton,1050,0,3.0,2.315716842458519,12,1.2954951766965603
Leeton,1050,1,1.0,1.914972561595457,21,0.5222006936573813
Leeton,1050,2,2.0,2.1001013804206847,20,0.9523349770854239
Leeton,1050,3,3.0,3.0876197000661905,22,0.971622249960281
Leeton,1050,4,2.0,1.581589515459149,27,1.2645506185082307
Leeton,1150,0,4.0,2.33453511563339,16,1.7134032267125474
Leeton,1150,1,2.0,3.3110697750126805,32,0.6040343864370362
Leeton,1150,2,6.0,4.124356933495249,35,1.4547722461341892
Leeton,1150,3,4.0,3.0924131631329357,33,1.2934882206838056
Leeton,1150,4,0.0,3.1376250127257452,42,0.0
Leeton,1600,0,0.0,0.7223089093483894,7,0.0
Leeton,1600,1,2.0,2.2619135936889547,14,0.8842070738600585
Leeton,1600,2,3.0,1.0269220488700983,17,2.9213512391722816
Leeton,1600,3,0.0,1.4110461504003828,17,0.0
Leeton,1600,4,2.0,1.577809297692175,20,1.2675803108305634
Leeton,1900,0,0.0,0.4195557560589337,4,0.0
Leeton,1900,1,1.0,0.6748168563310858,8,1.4818835519860953
Leeton,1900,2,0.0,0.8776285199088796,6,0.0
Leeton,1900,3,2.0,0.7092896296525857,8,2.8197226018652097
Leeton,1900,4,1.0,1.318709238048515,8,0.7583172780982749
Leinster,1400,0,0.0,0.0816967724854735,1,0.0
Leinster,1400,1,0.0,0.11070023372015378,2,0.0
Leinster,1400,2,1.0,0.24402932041115458,2,4.097868232862931
Leinster,1400,3,0.0,0.5122257957422545,2,0.0
Leinster,1400,4,0.0,0.05134787764096364,2,0.0
Leinster,1600,0,0.0,0.2807403127249826,1,0.0
Leinster,1600,1,1.0,0.4045988427919468,2,2.471583935088566
Leinster,1600,2,0.0,0.0159636648412245,1,0.0
Leinster,1600,3,0.0,0.061237665128631685,2,0.0
Leinster,1600,4,0.0,0.23745951451321445,2,0.0
Leonora,1200,0,0.0,0.09451592130682192,1,0.0
Leonora,1200,1,0.0,0.1740668217400637,2,0.0
Leonora,1200,2,0.0,0.2770294245199953,1,0.0
Leonora,1200,3,1.0,0.29457462140626167,2,3.394725571490604
Leonora,1200,4,0.0,0.15981321102685747,2,0.0
Lismore,1010,0,1.0,0.0633285285644554,1,15.790671639910377
Lismore,1010,1,0.0,0.6196466909923767,3,0.0
Lismore,1010,2,0.0,0.061243320916601375,2,0.0
Lismore,1010,3,0.0,0.13817133504972084,2,0.0
Lismore,1010,4,0.0,0.11761012447684573,1,0.0
Lismore,1100,0,3.0,1.3366597000673197,8,2.2444007250677998
Lismore,1100,1,1.0,2.3218132122994444,16,0.4306978678141099
Lismore,1100,2,3.0,2.2030477660276717,18,1.3617498659183942
Lismore,1100,3,0.0,1.0436367354988374,18,0.0
Lismore,1100,4,1.0,1.094842586106727,21,0.9133733129216426
Lismore,1110,0,12.0,6.587650871014975,42,1.821590159369076
Lismore,1110,1,14.0,11.781315399676172,85,1.1883223158922316
Lismore,1110,2,10.0,10.73702497499106,91,0.931356686167001
Lismore,1110,3,6.0,7.863501262038725,91,0.763018889430993
Lismore,1110,4,0.0,5.030507492279068,107,0.0
Lismore,1120,0,3.0,2.2528502115471376,11,1.3316464559531278
Lismore,1120,1,2.0,3.240478044504213,22,0.6171928871395875
Lismore,1120,2,5.0,2.0763308197417376,21,2.4080941016046373
Lismore,1120,3,0.0,2.392553210099859,23,0.0
Lismore,1120,4,1.0,1.0377877141070517,26,0.9635882044146519
Lismore,1200,0,2.0,1.0882786957008723,8,1.8377645431274032
Lismore,1200,1,3.0,2.2854754442682887,16,1.3126371615690107
Lismore,1200,2,2.0,2.193777314980532,23,0.91166956023417
Lismore,1200,3,0.0,1.2928562160088646,20,0.0
Lismore,1200,4,1.0,1.1396123290414417,24,0.8774913841456301
Lismore,1210,0,6.0,4.6761475541564606,37,1.2831075004608898
Lismore,1210,1,13.0,12.033482975201949,74,1.0803189755443046
Lismore,1210,2,11.0,8.185184533366554,93,1.343891509734322
Lismore,1210,3,5.0,6.225674844370404,85,0.8031257855558058
Lismore,1210,4,2.0,5.879510092904631,100,0.34016439608014143
Lismore,1220,0,2.0,0.7393077665233719,4,2.7052333149495915
Lismore,1220,1,1.0,1.2568959910078803,8,0.7956107801713327
Lismore,1220,2,0.0,0.9757734150488869,8,0.0
Lismore,1220,3,1.0,0.5130858565605867,8,1.9489915522197152
Lismore,1220,4,0.0,0.5149369708592743,10,0.0
Lismore,1300,0,3.0,0.9660723666144078,6,3.1053574283606453
Lismore,1300,1,2.0,1.6654437931034944,12,1.200881115461166
Lismore,1300,2,1.0,1.5790111791204948,16,0.6333077391871269
Lismore,1300,3,0.0,0.6606819357313793,13,0.0
Lismore,1300,4,0.0,1.1287907254302236,16,0.0
Lismore,1310,0,5.0,3.8812965115136606,36,1.2882293288255007
Lismore,1310,1,11.0,10.072569601400364,72,1.0920748562979101
Lismore,1310,2,11.0,9.671257967876155,92,1.1373908168448579
Lismore,1310,3,5.0,6.931330158635694,86,0.7213622617255558
Lismore,1310,4,4.0,5.4435457605741275,96,0.7348151693645582
Lismore,1320,0,5.0,1.055076925674004,8,4.738990947798333
Lismore,1320,1,2.0,2.248926902052865,16,0.8893130311057956
Lismore,1320,2,0.0,1.8466448575877668,20,0.0
Lismore,1320,3,1.0,1.0371325635205015,18,0.9641968974588392
Lismore,1320,4,0.0,1.8122187511648629,22,0.0
Lismore,1400,0,3.0,1.05607703098355,7,2.8407018730499494
Lismore,1400,1,0.0,1.6242483288170702,14,0.0
Lismore,1400,2,2.0,1.6723807552802514,19,1.195899913153956
Lismore,1400,3,2.0,1.2963672280007208,17,1.5427727242722986
Lismore,1400,4,0.0,1.350926656918408,18,0.0
Lismore,1410,0,6.0,3.803059927903831,33,1.5776769532283121
Lismore,1410,1,11.0,6.63917790856783,66,1.6568316366103923
Lismore,1410,2,7.0,10.02801915462343,83,0.6980441393326061
Lismore,1410,3,6.0,6.190567464098552,78,0.969216478908642
Lismore,1410,4,3.0,6.339175544806358,93,0.4732476611186259
Lismore,1420,0,0.0,0.502651563052592,4,0.0
Lismore,1420,1,4.0,2.016516096243597,8,1.983619177377891
Lismore,1420,2,0.0,0.4256714812839143,9,0.0
Lismore,1420,3,0.0,0.446216114965086,8,0.0
Lismore,1420,4,0.0,0.6089447444548111,12,0.0
Lismore,1426,0,1.0,0.2369772695728156,1,4.2198140007378715
Lismore,1426,1,0.0,0.24838259270733615,2,0.0
Lismore,1426,2,0.0,0.05700152145228471,2,0.0
Lismore,1426,3,0.0,0.2505743260237148,2,0.0
Lismore,1426,4,0.0,0.2070642902438487,2,0.0
Lismore,1516,0,1.0,0.7741516127059889,8,1.2917366360635418
Lismore,1516,1,5.0,1.9263991596513232,16,2.5955160824016326
Lismore,1516,2,2.0,3.231539359245029,23,0.6189000899148113
Lismore,1516,3,0.0,1.133787571445645,17,0.0
Lismore,1516,4,0.0,0.9341222969520139,23,0.0
Lismore,1526,0,6.0,5.138780968975453,40,1.167592087739099
Lismore,1526,1,7.0,8.256017564478034,80,0.8478664132351028
Lismore,1526,2,15.0,10.726669826632376,105,1.3983836775471283
Lismore,1526,3,8.0,8.527117001884626,94,0.9381834444434004
Lismore,1526,4,4.0,7.35141463802951,108,0.5441129628721594
Lismore,1536,0,1.0,0.4853909140803018,3,2.0601951354914783
Lismore,1536,1,0.0,0.5526100391450494,6,0.0
Lismore,1536,2,0.0,0.323652482653039,6,0.0
Lismore,1536,3,2.0,1.0257833379011003,6,1.9497294663532814
Lismore,1536,4,0.0,0.6125632262205093,8,0.0
Lismore,2100,0,0.0,0.01912937956842149,2,0.0
Lismore,2100,1,1.0,0.3954809075360055,4,2.5285670709880166
Lismore,2100,2,1.0,0.6108297130216177,4,1.6371174791960543
Lismore,2100,3,0.0,0.577972789280488,4,0.0
Lismore,2100,4,0.0,0.39658721059346713,5,0.0
Lismore,2110,0,3.0,2.3502799769689147,14,1.276443670285193
Lismore,2110,1,4.0,2.8208612476176365,28,1.4180066472174793
Lismore,2110,2,4.0,3.2096314361321476,26,1.246249010079583
Lismore,2110,3,2.0,3.004498556484672,29,0.6656684842411916
Lismore,2110,4,1.0,2.6147287827966292,34,0.38244884386457567
Lismore,2120,0,0.0,0.3649717779066458,4,0.0
Lismore,2120,1,1.0,0.7560969805318714,8,1.3225816604856122
Lismore,2120,2,2.0,1.3081632844072335,9,1.5288611321225527
Lismore,2120,3,1.0,0.9826720496756733,9,1.0176335027846224
Lismore,2120,4,0.0,0.5880959074785761,11,0.0
Longford,1400,0,0.0,0.9691144003448506,8,0.0
Longford,1400,1,6.0,2.7196998662045058,16,2.2061257841562267
Longford,1400,2,0.0,0.8814567927022384,8,0.0
Longford,1400,3,1.0,1.9187955492592499,16,0.5211602665985178
Longford,1400,4,1.0,1.5109333914891554,16,0.6618425442397653
Longford,1800,0,2.0,1.078955327706196,5,1.8536448624354984
Longford,1800,1,0.0,1.3331241079512677,10,0.0
Longford,1800,2,2.0,0.7179186674778001,7,2.7858308894883907
Longford,1800,3,0.0,0.8485670829530463,10,0.0
Longford,1800,4,1.0,1.0214348139116898,12,0.9790149957493587
Longford,2400,0,0.0,0.10922181198438938,1,0.0
Longford,2400,1,0.0,0.1820363533073156,2,0.0
Longford,2400,2,0.0,0.24823139087361223,1,0.0
Longford,2400,3,0.0,0.16540803257251274,2,0.0
Longford,2400,4,1.0,0.2951024112621701,2,3.3886541140851483
Longreach,1000,0,5.0,1.4072612205733683,13,3.5530006276750963
Longreach,1000,1,4.0,2.8298134787979863,26,1.4135207249415858
Longreach,1000,2,3.0,2.7990602435781353,27,1.0717882928325246
Longreach,1000,3,0.0,3.126555077955238,30,0.0
Longreach,1000,4,1.0,2.8373099790952714,34,0.3524465100280895
Longreach,1100,0,1.0,0.7829492312998757,5,1.277222021585959
Longreach,1100,1,2.0,1.442359484829856,10,1.3866168739729434
Longreach,1100,2,0.0,0.5190783986087919,11,0.0
Longreach,1100,3,1.0,1.3297500929483879,11,0.7520210040239594
Longreach,1100,4,1.0,0.9258627923130884,13,1.080073644067383
Longreach,1200,0,5.0,2.6625265397214943,19,1.8779155532936058
Longreach,1200,1,5.0,4.170411989511982,38,1.198922315726676
Longreach,1200,2,4.0,3.0514691611500537,40,1.3108439865380972
Longreach,1200,3,5.0,4.169903977665605,40,1.199068378260139
Longreach,1200,4,0.0,4.945688331950865,48,0.0
Longreach,1300,0,1.0,0.49662276385455995,5,2.013600810881996
Longreach,1300,1,3.0,1.2735119529733518,10,2.355690492732089
Longreach,1300,2,0.0,0.8935401534615143,8,0.0
Longreach,1300,3,0.0,1.169242593486301,10,0.0
Longreach,1300,4,1.0,1.1670825362242727,11,0.8568374291977536
Longreach,1400,0,3.0,1.2230293621020207,10,2.4529255739567035
Longreach,1400,1,2.0,2.248170765023632,20,0.88961213761668
Longreach,1400,2,1.0,2.5001446067723236,21,0.3999768642546624
Longreach,1400,3,4.0,1.9173596678839917,21,2.0862022222541174
Longreach,1400,4,0.0,2.1112955982180317,26,0.0
Longreach,1600,0,1.0,1.4011651104243088,8,0.713691764489607
Longreach,1600,1,0.0,1.757860187755573,16,0.0
Longreach,1600,2,1.0,1.7655239826911762,16,0.5664040872872804
Longreach,1600,3,5.0,1.5170178230607392,19,3.2959401821080694
Longreach,1600,4,1.0,1.5584328960682028,21,0.6416702332984098
Mackay,1050,0,16.0,11.985152668855967,70,1.3349850804634986
Mackay,1050,1,23.0,19.76012653078167,140,1.1639601580572556
Mackay,1050,2,20.0,16.345809476567677,143,1.22355518878834
Mackay,1050,3,8.0,11.60003517634662,140,0.68965308107967
Mackay,1050,4,3.0,10.308876147448068,174,0.29101135342892265
Mackay,1100,0,47.0,32.333951360688765,174,1.4535804633250622
Mackay,1100,1,52.0,46.6974428151118,348,1.1135513395429917
Mackay,1100,2,44.0,36.53226269819489,386,1.2044148582719487
Mackay,1100,3,19.0,32.45332021800659,375,0.5854562760409928
Mackay,1100,4,12.0,25.98302290799795,436,0.4618400269472197
Mackay,1200,0,18.0,20.027947650214518,114,0.8987441106980926
Mackay,1200,1,34.0,28.913540479318645,228,1.1759196361413993
Mackay,1200,2,28.0,24.85505424863432,246,1.1265314378277198
Mackay,1200,3,19.0,21.24323603321992,244,0.8944023391863662
Mackay,1200,4,15.0,18.960221588612594,285,0.7911299944410417
Mackay,1300,0,26.0,23.09892613865795,165,1.1255934515711907
Mackay,1300,1,51.0,41.884127762076815,330,1.2176450298716015
Mackay,1300,2,44.0,42.24604916213675,397,1.0415175116407154
Mackay,1300,3,28.0,31.2781550308656,368,0.8951934656110412
Mackay,1300,4,16.0,26.492741906262882,445,0.6039389979569311
Mackay,1560,0,25.0,17.595621691517994,120,1.4208079963466878
Mackay,1560,1,25.0,29.602154012615955,240,0.8445331373299865
Mackay,1560,2,23.0,27.934010243905032,245,0.823369068715023
Mackay,1560,3,37.0,25.43721597645018,256,1.4545616955194574
Mackay,1560,4,10.0,19.43099807551084,298,0.5146416031301625
Mackay,1800,0,10.0,6.135925487324513,43,1.6297459968602659
Mackay,1800,1,9.0,10.175452051252865,86,0.8844815890898787
Mackay,1800,2,8.0,9.291101017854542,90,0.8610389645561428
Mackay,1800,3,9.0,8.700499252465384,93,1.0344233978814203
Mackay,1800,4,7.0,8.697022191102695,112,0.8048731906377337
Mackay,2000,0,1.0,2.0131281739432243,15,0.49673935964109295
Mackay,2000,1,3.0,3.4585784544723412,30,0.8674083989971815
Mackay,2000,2,6.0,3.733379287969192,45,1.607123074619016
Mackay,2000,3,2.0,3.2026320462677513,41,0.6244863509471025
Mackay,2000,4,3.0,2.5922820373474913,47,1.1572814827933227
Manangatang,1175,0,0.0,1.3768387993172166,10,0.0
Manangatang,1175,1,2.0,2.941286124379324,20,0.679974648988644
Manangatang,1175,2,1.0,1.1076935192205593,15,0.9027767903739845
Manangatang,1175,3,4.0,1.9265084739330565,20,2.07629504573827
Manangatang,1175,4,3.0,2.647673083149843,24,1.133070400228946
Manangatang,1550,0,1.0,1.0145006075068268,10,0.9857066546835663
Manangatang,1550,1,4.0,1.5984014310989882,20,2.502500261933438
Manangatang,1550,2,3.0,2.231055556981916,19,1.3446549955296863
Manangatang,1550,3,1.0,2.064298498269591,20,0.48442606572559893
Manangatang,1550,4,1.0,3.0917439061426775,25,0.3234420541795845
Manangatang,2000,0,2.0,0.7107829874938479,7,2.8137983536322477
Manangatang,2000,1,1.0,1.6448961213643238,14,0.6079411258934524
Manangatang,2000,2,0.0,1.3622607763432901,11,0.0
Manangatang,2000,3,2.0,1.3247905425464928,14,1.5096726129668994
Manangatang,2000,4,2.0,1.9572695722520457,16,1.021831651783555
Marble Bar,1200,0,1.0,0.43406758448152005,3,2.3037887088354414
Marble Bar,1200,1,1.0,0.7022052403569563,6,1.4240850716119178
Marble Bar,1200,2,1.0,0.26423569713049705,3,3.7845000159313598
Marble Bar,1200,3,0.0,0.5614287751067443,6,0.0
Marble Bar,1200,4,0.0,1.0380627029242822,6,0.0
Marble Bar,1400,0,0.0,0.06792565499738747,1,0.0
Marble Bar,1400,1,1.0,0.22728969172202731,2,4.399671592775041
Marble Bar,1400,2,0.0,0.06792565499738747,1,0.0
Marble Bar,1400,3,0.0,0.2794655519892513,2,0.0
Marble Bar,1400,4,0.0,0.3573934462939464,2,0.0
Marble Bar,1600,0,0.0,0.18103467532773526,2,0.0
Marble Bar,1600,1,1.0,0.5574601354288756,4,1.7938502440728992
Marble Bar,1600,2,0.0,0.11176919985284423,2,0.0
Marble Bar,1600,3,1.0,0.5623352353556357,4,1.7782986679957438
Marble Bar,1600,4,0.0,0.5874007540349092,4,0.0
Mareeba,900,0,1.0,0.645376599085854,4,1.5494828932695321
Mareeba,900,1,1.0,1.1579683789030006,8,0.863581439889877
Mareeba,900,2,1.0,0.5034772171937376,6,1.986187191495501
Mareeba,900,3,0.0,0.9965224909203445,8,0.0
Mareeba,900,4,1.0,0.6966553138970634,8,1.4354300901058774
Mareeba,1010,0,2.0,0.4611704172110399,3,4.336791618367759
Mareeba,1010,1,0.0,0.9012559004837417,6,0.0
Mareeba,1010,2,1.0,0.6818616211474489,5,1.4665732297957792
Mareeba,1010,3,0.0,0.46156416664275385,6,0.0
Mareeba,1010,4,0.0,0.4941478945150156,7,0.0
Mareeba,1123,0,0.0,0.5421959621360662,5,0.0
Mareeba,1123,1,1.0,1.0678793499573755,10,0.9364353754381664
Mareeba,1123,2,2.0,1.151916068583265,10,1.7362376084047413
Mareeba,1123,3,0.0,1.0359008174185,10,0.0
Mareeba,1123,4,2.0,1.2021078019047933,13,1.663744297167784
Mareeba,1210,0,0.0,0.45291759864311176,5,0.0
Mareeba,1210,1,3.0,1.3598555368488443,10,2.2061166930656597
Mareeba,1210,2,2.0,0.8737739249588843,10,2.2889215881489147
Mareeba,1210,3,0.0,1.1911087665239941,10,0.0
Mareeba,1210,4,0.0,1.1223441730251658,12,0.0
Mareeba,1500,0,0.0,0.053984962462697336,1,0.0
Mareeba,1500,1,0.0,0.43907769469660507,2,0.0
Mareeba,1500,2,0.0,0.22305604944814492,3,0.0
Mareeba,1500,3,1.0,0.15115789489555254,2,6.615598878847727
Mareeba,1500,4,0.0,0.13272339849700016,3,0.0
Mareeba,1800,0,0.0,0.1928593647392251,1,0.0
Mareeba,1800,1,1.0,0.4050046659523727,2,2.4691073562041304
Mareeba,1800,2,0.0,0.05625064804894066,1,0.0
Mareeba,1800,3,0.0,0.21463380914526664,2,0.0
Mareeba,1800,4,0.0,0.13125151211419486,2,0.0
Mareeba,2000,0,0.0,0.011388357594428465,1,0.0
Mareeba,2000,1,0.0,0.18150194916120366,2,0.0
Mareeba,2000,2,0.0,0.2506898716619702,2,0.0
Mareeba,2000,3,0.0,0.1861558452935422,2,0.0
Mareeba,2000,4,1.0,0.3702639762888555,3,2.7007758357239324
Mildura,1000,0,4.0,4.5696058470187575,30,0.8753490200056593
Mildura,1000,1,6.0,8.324504380319128,60,0.7207636305874565
Mildura,1000,2,10.0,5.8861578265321395,64,1.6989010989349485
Mildura,1000,3,5.0,4.842947461653919,60,1.032429122882214
Mildura,1000,4,5.0,6.376784484476057,78,0.7840942425092512
Mildura,1008,0,0.0,0.11424353508860174,2,0.0
Mildura,1008,1,0.0,0.4494100937111995,4,0.0
Mildura,1008,2,1.0,0.8069130623417597,4,1.2392908810992334
Mildura,1008,3,1.0,0.36582422506433254,4,2.733553251767686
Mildura,1008,4,0.0,0.26360908379410647,5,0.0
Mildura,1009,0,1.0,0.4455325442407323,3,2.244504947902695
Mildura,1009,1,0.0,0.7493104885999182,6,0.0
Mildura,1009,2,2.0,0.6175025303332567,6,3.2388531248942907
Mildura,1009,3,0.0,0.5828802942862319,6,0.0
Mildura,1009,4,0.0,0.6047741425398607,8,0.0
Mildura,1012,0,1.0,0.24148306624517546,2,4.1410771179487575
Mildura,1012,1,0.0,0.5378907741273274,4,0.0
Mildura,1012,2,1.0,0.46811064375949446,5,2.136247088869398
Mildura,1012,3,0.0,0.1955201500467337,4,0.0
Mildura,1012,4,0.0,0.556995365821269,5,0.0
Mildura,1100,0,1.0,0.4506519279080769,8,2.2190074824310484
Mildura,1100,1,2.0,2.5517730128668528,16,0.7837687717188647
Mildura,1100,2,3.0,2.0559232565622048,18,1.45919843575116
Mildura,1100,3,1.0,1.4934728143961762,16,0.6695803166690439
Mildura,1100,4,1.0,1.4481789882666896,21,0.6905223788648457
Mildura,1109,0,0.0,0.5090748467586863,2,0.0
Mildura,1109,1,0.0,0.3201636713451755,4,0.0
Mildura,1109,2,1.0,0.4929887491404506,6,2.028443857478589
Mildura,1109,3,0.0,0.15613022969939847,5,0.0
Mildura,1109,4,1.0,0.5216425030562892,6,1.9170217038316992
Mildura,1112,0,1.0,0.2607622362205304,2,3.8349111224613273
Mildura,1112,1,0.0,0.49607870106457325,4,0.0
Mildura,1112,2,0.0,0.10237856966381274,2,0.0
Mildura,1112,3,1.0,0.532941246898217,4,1.8763794429876124
Mildura,1112,4,0.0,0.6078392461528666,4,0.0
Mildura,1200,0,5.0,4.291737798589513,35,1.1650292339954362
Mildura,1200,1,6.0,7.422226093233583,70,0.8083828119261761
Mildura,1200,2,8.0,8.891324382768099,82,0.8997534737912006
Mildura,1200,3,9.0,8.101523710104983,79,1.1109021366899603
Mildura,1200,4,7.0,6.293188015303822,92,1.1123138197964764
Mildura,1208,0,1.0,0.26328887400016154,1,3.798109600329661
Mildura,1208,1,0.0,0.322528870650198,2,0.0
Mildura,1208,2,0.0,0.1872141624802992,3,0.0
Mildura,1208,3,0.0,0.06702194942393548,3,0.0
Mildura,1208,4,0.0,0.1599461434454059,3,0.0
Mildura,1209,0,0.0,0.4230802402328874,5,0.0
Mildura,1209,1,3.0,1.0344194298785148,10,2.900177542442652
Mildura,1209,2,0.0,0.6105830914072665,11,0.0
Mildura,1209,3,2.0,1.9762190329403944,12,1.0120335684775903
Mildura,1209,4,0.0,0.9556982055409367,12,0.0
Mildura,1212,0,0.0,0.15679493911382308,2,0.0
Mildura,1212,1,0.0,0.3042134869479965,4,0.0
Mildura,1212,2,0.0,0.31510641699539166,6,0.0
Mildura,1212,3,1.0,0.8623825765996205,6,1.1595781583888276
Mildura,1212,4,1.0,0.3615025803431683,6,2.766231983878834
Mildura,1300,0,1.0,0.3787516995334344,3,2.6402521790182085
Mildura,1300,1,0.0,0.5784506909805706,6,0.0
Mildura,1300,2,0.0,0.4028224291534914,7,0.0
Mildura,1300,3,1.0,1.0240202910775158,6,0.9765431493039648
Mildura,1300,4,1.0,0.615954889254988,9,1.623495514760056
Mildura,1400,0,5.0,4.1337389786430645,49,1.2095587132696253
Mildura,1400,1,9.0,10.021647214073719,98,0.8980559590404473
Mildura,1400,2,12.0,12.330002435373348,125,0.97323581750263
Mildura,1400,3,11.0,11.295955320874137,110,0.9737998856699414
Mildura,1400,4,12.0,11.21865605103573,141,1.0696468405315034
Mildura,1408,0,0.0,0.15474030680591927,2,0.0
Mildura,1408,1,0.0,0.3798772240795105,4,0.0
Mildura,1408,2,1.0,0.9887350134475217,7,1.0113933322874848
Mildura,1408,3,0.0,0.22211489320854846,6,0.0
Mildura,1408,4,1.0,0.2545325624585,6,3.928770410909779
Mildura,1409,0,1.0,0.4703854334815222,6,2.1259161717627513
Mildura,1409,1,1.0,1.4256630826414372,12,0.7014279966815316
Mildura,1409,2,1.0,1.3438016146990033,17,0.7441574627248747
Mildura,1409,3,2.0,1.5039627328577716,15,1.3298201852380196
Mildura,1409,4,1.0,1.2561871363202661,19,0.7960597359158509
Mildura,1412,0,0.0,0.5261546939168676,4,0.0
Mildura,1412,1,2.0,0.8258325273203635,8,2.421798529163703
Mildura,1412,2,0.0,1.1408926740736773,12,0.0
Mildura,1412,3,2.0,0.6471001538367374,10,3.090711674447535
Mildura,1412,4,0.0,0.860019950852354,12,0.0
Mildura,1900,0,2.0,0.5204893438457754,5,3.8425378418364198
Mildura,1900,1,1.0,0.8918822638476722,10,1.1212242249171955
Mildura,1900,2,1.0,1.0025544650102616,15,0.9974520436550692
Mildura,1900,3,0.0,1.0689582036839862,12,0.0
Mildura,1900,4,1.0,1.516115723612305,14,0.6595802579089378
Mildura,1909,0,0.0,0.00824774094856446,1,0.0
Mildura,1909,1,0.0,0.23338877765262125,2,0.0
Mildura,1909,2,1.0,0.21621111650717856,3,4.625109088536613
Mildura,1909,3,0.0,0.19386382154405218,3,0.0
Mildura,1909,4,0.0,0.3482885433475836,3,0.0
Mildura,1912,0,0.0,0.1728285641934667,1,0.0
Mildura,1912,1,1.0,0.3012154975943277,2,3.3198823034888605
Mildura,1912,2,0.0,0.0592555077234743,1,0.0
Mildura,1912,3,0.0,0.29956951126867565,2,0.0
Mildura,1912,4,0.0,0.16713091922005574,2,0.0
Mildura,2000,0,7.0,3.198271204003898,35,2.18868243294588
Mildura,2000,1,10.0,8.007581564283615,70,1.248816502176289
Mildura,2000,2,6.0,9.030818485048293,73,0.6643916063570305
Mildura,2000,3,6.0,6.99357743446414,72,0.8579300159646734
Mildura,2000,4,6.0,7.7697513122000545,88,0.772225488167016
Mildura,2008,0,0.0,0.46867757906482055,2,0.0
Mildura,2008,1,0.0,0.5161258004590554,4,0.0
Mildura,2008,2,0.0,0.39900896353989557,4,0.0
Mildura,2008,3,1.0,0.36778063021626495,4,2.7190121443099735
Mildura,2008,4,1.0,0.2484070267199634,5,4.0256510180258696
Mildura,2009,0,1.0,0.41239765598285194,4,2.4248440443162496
Mildura,2009,1,3.0,1.5455948939281705,8,1.9410002011428882
Mildura,2009,2,0.0,0.5790726351332625,9,0.0
Mildura,2009,3,0.0,0.7161690127230693,9,0.0
Mildura,2009,4,0.0,0.746765802232646,10,0.0
Mildura,2012,0,0.0,0.17381192172049384,3,0.0
Mildura,2012,1,1.0,1.0503587860841852,6,0.9520556339877667
Mildura,2012,2,0.0,0.2675977637938043,6,0.0
Mildura,2012,3,0.0,0.3439782451432922,6,0.0
Mildura,2012,4,2.0,1.1642532832582244,8,1.7178392612326538
Miles,1050,0,1.0,0.1785348498733222,1,5.601147342995169
Miles,1050,1,0.0,0.2777208775807234,2,0.0
Miles,1050,2,0.0,0.06943021939518085,1,0.0
Miles,1050,3,0.0,0.331114225648213,2,0.0
Miles,1050,4,0.0,0.1431998275025605,2,0.0
Mingenew,1200,0,1.0,1.1996744975976759,6,0.8335594379996241
Mingenew,1200,1,2.0,1.954754301928239,12,1.0231464885521055
Mingenew,1200,2,1.0,0.5684878960041608,11,1.759052403804708
Mingenew,1200,3,1.0,1.0997042679466673,12,0.9093353814723008
Mingenew,1200,4,1.0,1.177379036523257,14,0.8493441525449199
Mingenew,1400,0,1.0,0.3679544608745293,3,2.7177276166818785
Mingenew,1400,1,0.0,0.6841351357880496,6,0.0
Mingenew,1400,2,0.0,0.5403356337384367,5,0.0
Mingenew,1400,3,2.0,0.939190296786481,6,2.1294938915395196
Mingenew,1400,4,0.0,0.46838447281250334,6,0.0
Mitchell,1000,0,1.0,0.32146236956693125,3,3.110784012906964
Mitchell,1000,1,2.0,0.8076222337318117,6,2.476405324750065
Mitchell,1000,2,0.0,0.3423894968248119,3,0.0
Mitchell,1000,3,0.0,0.8086458274634832,6,0.0
Mitchell,1000,4,0.0,0.7198800724129618,6,0.0
Mitchell,1200,0,1.0,0.4038936188569199,3,2.4758994777638517
Mitchell,1200,1,1.0,0.6376440033741543,6,1.5682731974399575
Mitchell,1200,2,0.0,0.47763280635333727,3,0.0
Mitchell,1200,3,1.0,0.8281788118694327,6,1.207468708047141
Mitchell,1200,4,0.0,0.6526507595461557,6,0.0
Mitchell,1400,0,1.0,0.14107159894775578,1,7.088599033816426
Mitchell,1400,1,0.0,0.27869478103234424,2,0.0
Mitchell,1400,2,0.0,0.08464295936865347,1,0.0
Mitchell,1400,3,0.0,0.268036038000736,2,0.0
Mitchell,1400,4,0.0,0.22755462265051046,2,0.0
Moe,1000,0,20.0,6.809322046877776,61,2.9371499632875255
Moe,1000,1,18.0,15.753308979114067,122,1.1426170859636298
Moe,1000,2,14.0,15.179178457599313,158,0.9223160554510136
Moe,1000,3,6.0,12.884610069629407,143,0.46567183388364464
Moe,1000,4,3.0,10.373580446779437,164,0.2891961956039368
Moe,1008,0,1.0,0.6527690198060658,5,1.531935446778854
Moe,1008,1,1.0,0.890560079852374,10,1.122888868054548
Moe,1008,2,0.0,0.790705213178855,12,0.0
Moe,1008,3,2.0,1.489609685750367,10,1.3426335899477804
Moe,1008,4,1.0,1.1763560014123384,14,0.8500827970439182
Moe,1011,0,0.0,0.7537201556333182,5,0.0
Moe,1011,1,3.0,1.328249346060931,10,2.2586120662485767
Moe,1011,2,0.0,1.0443311858267377,10,0.0
Moe,1011,3,1.0,0.6130352371228822,10,1.6312276023369128
Moe,1011,4,1.0,1.260664075356131,14,0.7932327251551967
Moe,1014,0,0.0,1.1158694651134422,8,0.0
Moe,1014,1,4.0,2.5301970473649273,16,1.5809045402870099
Moe,1014,2,0.0,1.3801114910521632,16,0.0
Moe,1014,3,4.0,1.7713826715670264,16,2.2581230268338697
Moe,1014,4,0.0,1.2024393249024412,23,0.0
Moe,1016,0,0.0,0.0933480209590087,1,0.0
Moe,1016,1,1.0,0.20464758441013448,2,4.8864490772385505
Moe,1016,2,0.0,0.11638194820863422,2,0.0
Moe,1016,3,0.0,0.2764071269955063,2,0.0
Moe,1016,4,0.0,0.3092153194267163,3,0.0
Moe,1017,0,5.0,3.4534323422880013,26,1.447834937657227
Moe,1017,1,10.0,7.661756328954171,52,1.3051837686627394
Moe,1017,2,4.0,5.387433298043211,50,0.7424685891615316
Moe,1017,3,2.0,4.795208681538663,52,0.4170829953031887
Moe,1017,4,5.0,4.702169349175952,72,1.0633389886045348
Moe,1100,0,16.0,5.491477682491279,50,2.9136055766945037
Moe,1100,1,16.0,11.766035556637911,101,1.3598463070233933
Moe,1100,2,9.0,14.178830902668052,124,0.6347490891020117
Moe,1100,3,5.0,9.926025859823358,116,0.5037262717839603
Moe,1100,4,4.0,8.637629998379401,134,0.46308999120713473
Moe,1108,0,0.0,0.3130173989463543,6,0.0
Moe,1108,1,3.0,2.154424290037991,12,1.3924833719485674
Moe,1108,2,0.0,0.8950922827405825,16,0.0
Moe,1108,3,1.0,1.1353075894087312,14,0.8808185634703636
Moe,1108,4,2.0,1.5021584388663407,17,1.3314174778456618
Moe,1111,0,2.0,0.6578164328153644,6,3.0403618703173367
Moe,1111,1,1.0,1.5127164754032836,12,0.661062410742505
Moe,1111,2,2.0,1.1992655949383795,12,1.6676872983275768
Moe,1111,3,0.0,0.9586776680689921,12,0.0
Moe,1111,4,1.0,1.6715238287739804,17,0.5982565027107476
Moe,1114,0,4.0,1.447576143813356,11,2.7632397902488104
Moe,1114,1,1.0,1.7850754055291143,22,0.5602004245325367
Moe,1114,2,1.0,3.300629694037552,21,0.30297249091785655
Moe,1114,3,1.0,2.448803716937781,22,0.4083626601361484
Moe,1114,4,4.0,2.017915039682197,28,1.9822440099509655
Moe,1116,0,0.0,0.06497917436983842,1,0.0
Moe,1116,1,0.0,0.5099517693632941,2,0.0
Moe,1116,2,0.0,0.11466913124089134,2,0.0
Moe,1116,3,1.0,0.08695742452434259,2,11.499880607895225
Moe,1116,4,0.0,0.22344250050163347,3,0.0
Moe,1117,0,5.0,3.100265771454855,20,1.6127649590678999
Moe,1117,1,4.0,5.271973892915301,40,0.7587290986731492
Moe,1117,2,5.0,3.8866650246264443,36,1.2864499431567455
Moe,1117,3,2.0,3.998836900402487,40,0.5001454297370063
Moe,1117,4,4.0,3.742258410600913,52,1.0688732741354705
Moe,1200,0,30.0,17.01775220481246,113,1.7628650152466248
Moe,1200,1,30.0,26.845695758691452,227,1.1174975783701684
Moe,1200,2,20.0,30.087517641417367,319,0.6647274872709584
Moe,1200,3,20.0,20.722194216530422,278,0.9651487574634198
Moe,1200,4,13.0,18.3268401785483,331,0.7093421382708731
Moe,1208,0,3.0,1.9560255361248746,20,1.5337223081163687
Moe,1208,1,7.0,6.104590999181531,40,1.1466779676047945
Moe,1208,2,4.0,5.123587320846621,49,0.7807030015327309
Moe,1208,3,4.0,3.794436183228868,44,1.0541750623398831
Moe,1208,4,2.0,3.021359960618106,55,0.6619535659666459
Moe,1211,0,0.0,0.795124229728849,7,0.0
Moe,1211,1,2.0,1.5377041133800673,14,1.3006403394497972
Moe,1211,2,1.0,1.7807145600923164,18,0.5615723161988172
Moe,1211,3,2.0,1.2292749661290203,17,1.6269752944680784
Moe,1211,4,2.0,1.6571821306697472,20,1.206867949506373
Moe,1214,0,3.0,2.3204504366924095,18,1.2928524361314204
Moe,1214,1,4.0,4.237896578651929,36,0.9438644680829837
Moe,1214,2,3.0,4.443588126796344,46,0.6751300783051836
Moe,1214,3,2.0,3.60795442089921,41,0.5543307277982575
Moe,1214,4,6.0,3.390110436960107,49,1.7698538474104006
Moe,1216,0,0.0,0.14167719131182135,1,0.0
Moe,1216,1,0.0,0.17456653929492275,2,0.0
Moe,1216,2,0.0,0.3643127776589692,2,0.0
Moe,1216,3,0.0,0.1342204970322518,2,0.0
Moe,1216,4,1.0,0.18522299470203485,3,5.398897699546881
Moe,1217,0,13.0,6.793896622539171,50,1.9134821623384288
Moe,1217,1,8.0,11.08700272864598,100,0.7215656201950817
Moe,1217,2,11.0,13.091510048323162,125,0.8402392053626346
Moe,1217,3,6.0,9.642746043708879,100,0.6222293911716694
Moe,1217,4,12.0,9.384844556782813,141,1.278657299798014
Moe,1600,0,20.0,10.561392268302493,103,1.8936897230893737
Moe,1600,1,26.0,21.70802100415457,208,1.1977139691832808
Moe,1600,2,27.0,29.145080119486163,299,0.9263999237369748
Moe,1600,3,20.0,23.669045790558595,256,0.8449854792193545
Moe,1600,4,10.0,17.91646081749818,316,0.5581459475653507
Moe,1614,0,2.0,1.8618629384141758,17,1.0741929272750232
Moe,1614,1,0.0,3.774876968882689,34,0.0
Moe,1614,2,6.0,4.474685849294077,47,1.3408762541277743
Moe,1614,3,6.0,4.003213296902741,43,1.4987959808792
Moe,1614,4,3.0,2.885360946506317,47,1.039731269542721
Moe,1619,0,0.0,0.8551263103348259,9,0.0
Moe,1619,1,2.0,1.8311407590541222,18,1.092215325398088
Moe,1619,2,3.0,2.325627090549328,24,1.289974653370322
Moe,1619,3,1.0,1.7181731428310993,23,0.5820135206817759
Moe,1619,4,3.0,2.2699326972306246,26,1.3216250876777431
Moe,1623,0,1.0,1.410634981661004,15,0.7089006107182407
Moe,1623,1,5.0,2.9576713653806666,30,1.6905191220784854
Moe,1623,2,2.0,3.6430431871224638,39,0.5489915703084879
Moe,1623,3,5.0,4.289589804681393,36,1.165612617444985
Moe,1623,4,2.0,2.699060661154473,42,0.7409985365592106
Moe,1628,0,7.0,3.9496622395318766,46,1.772303446592855
Moe,1628,1,7.0,10.533689537432505,92,0.66453448956558
Moe,1628,2,14.0,13.744052471284373,122,1.0186224208071368
Moe,1628,3,9.0,10.465571098896014,116,0.8599626255417048
Moe,1628,4,9.0,7.307024652855232,130,1.2316914787584896
Moe,2050,0,10.0,5.5231345982984905,49,1.8105660512203876
Moe,2050,1,7.0,9.556190661510282,98,0.7325094536041523
Moe,2050,2,13.0,12.914784426019681,134,1.00659829627575
Moe,2050,3,15.0,12.0114320325196,122,1.2488102966731351
Moe,2050,4,4.0,8.994458281651944,143,0.44471827816019954
Moe,2069,0,2.0,0.6942271846645283,6,2.8809013017351965
Moe,2069,1,1.0,0.906016912745057,12,1.1037321554739992
Moe,2069,2,0.0,1.6176803617154802,19,0.0
Moe,2069,3,3.0,1.7910488832441898,15,1.6749961589914815
Moe,2069,4,0.0,0.9910266576307449,17,0.0
Moe,2075,0,1.0,0.500052396138022,7,1.999790437408453
Moe,2075,1,1.0,1.3754859058948004,14,0.7270158099871376
Moe,2075,2,3.0,2.0171397454719067,25,1.4872544189040084
Moe,2075,3,0.0,1.9819040463436635,18,0.0
Moe,2075,4,2.0,1.1254179061516079,21,1.7771176280987437
Moe,2082,0,1.0,0.9001171631361802,9,1.110966484091703
Moe,2082,1,1.0,1.5319367917827644,18,0.6527684466904589
Moe,2082,2,3.0,2.6084493015168873,23,1.1501086098378124
Moe,2082,3,3.0,2.2566947793725882,22,1.3293778261117204
Moe,2082,4,1.0,1.70280196419158,25,0.5872673517115413
Moe,2087,0,0.0,0.049000960648823866,1,0.0
Moe,2087,1,0.0,0.10889102366405304,2,0.0
Moe,2087,2,1.0,0.37659706365975687,2,2.6553579315835223
Moe,2087,3,0.0,0.2221376882746682,2,0.0
Moe,2087,4,0.0,0.2433732637526981,3,0.0
Moe,2088,0,5.0,1.9969326030271863,23,2.503840135826522
Moe,2088,1,2.0,4.813814903523157,46,0.4154708978395141
Moe,2088,2,6.0,7.056382495550204,61,0.8502940428447062
Moe,2088,3,2.0,3.994970801364653,46,0.5006294412256567
Moe,2088,4,8.0,5.1378991965348,66,1.5570566283969745
Moe,2400,0,4.0,2.8121564624230966,31,1.4223959631866987
Moe,2400,1,7.0,6.254131467730426,63,1.1192601300625111
Moe,2400,2,7.0,8.33420202817768,88,0.8399124446867517
Moe,2400,3,7.0,7.421853124432711,78,0.9431606746509208
Moe,2400,4,6.0,6.177656917236086,88,0.9712420227254105
Moe,2423,0,1.0,0.17704422748752924,1,5.6483061559882755
Moe,2423,1,0.0,0.2549436875820421,2,0.0
Moe,2423,2,0.0,0.07725566290364912,1,0.0
Moe,2423,3,0.0,0.28279226606791824,2,0.0
Moe,2423,4,0.0,0.20796415595886117,2,0.0
Moe,2431,0,0.0,0.48415362286727576,3,0.0
Moe,2431,1,0.0,0.37595147019917474,6,0.0
Moe,2431,2,1.0,0.8504355177835753,7,1.1758681041523562
Moe,2431,3,0.0,0.3803462772187997,6,0.0
Moe,2431,4,2.0,0.9091131119311748,8,2.199946270438801
Moe,2439,0,0.0,0.4851465225599904,4,0.0
Moe,2439,1,2.0,1.2189260123970918,8,1.640788677621933
Moe,2439,2,1.0,0.8310970674236251,7,1.2032288876917454
Moe,2439,3,1.0,0.8554982727533962,8,1.168909431905139
Moe,2439,4,0.0,0.6093321248658968,11,0.0
Moe,2446,0,0.0,0.09837950651193353,1,0.0
Moe,2446,1,0.0,0.07198280742036162,2,0.0
Moe,2446,2,0.0,0.13054203748698873,2,0.0
Moe,2446,3,1.0,0.43518997775206436,2,2.2978470349097013
Moe,2446,4,0.0,0.26390567082865185,3,0.0
Moe,2447,0,6.0,1.5202356033846987,15,3.946756664981019
Moe,2447,1,2.0,3.2004006449436315,30,0.6249217588303623
Moe,2447,2,4.0,3.809486772198199,29,1.0500102085121217
Moe,2447,3,0.0,2.198630129727848,30,0.0
Moe,2447,4,3.0,4.271246849745623,39,0.7023710184717297
Moonee Valley,955,0,12.0,7.473472767322475,58,1.6056792302060192
Moonee Valley,955,1,24.0,13.579615505850459,116,1.7673548996773998
Moonee Valley,955,2,10.0,13.088366817241937,121,0.7640372660419723
Moonee Valley,955,3,12.0,11.85175391264829,123,1.012508366984696
Moonee Valley,955,4,0.0,12.00679099693684,145,0.0
Moonee Valley,1000,0,26.0,10.576978380489985,85,2.458168965151608
Moonee Valley,1000,1,30.0,20.62509113074831,170,1.45453902772218
Moonee Valley,1000,2,7.0,19.572059878467588,180,0.3576526969295207
Moonee Valley,1000,3,15.0,17.765102049772,182,0.8443520311887267
Moonee Valley,1000,4,7.0,16.460768560522116,211,0.4252535338348727
Moonee Valley,1200,0,84.0,39.428982497038845,254,2.1304125716738564
Moonee Valley,1200,1,51.0,61.34373149750516,508,0.8313807907507903
Moonee Valley,1200,2,53.0,56.642962308464966,537,0.935685526321413
Moonee Valley,1200,3,35.0,51.18586427102849,549,0.6837825344645047
Moonee Valley,1200,4,31.0,45.398459425962535,646,0.6828425543945149
Moonee Valley,1496,0,0.0,0.08325643686291125,1,0.0
Moonee Valley,1496,1,0.0,0.5203527303931953,2,0.0
Moonee Valley,1496,2,0.0,0.07568766987537386,1,0.0
Moonee Valley,1496,3,0.0,0.04318170665881545,2,0.0
Moonee Valley,1496,4,1.0,0.27752145620970414,2,3.6033249956874247
Moonee Valley,1500,0,6.0,4.017058659836513,25,1.4936301677616501
Moonee Valley,1500,1,6.0,5.678590594230418,50,1.056600207469815
Moonee Valley,1500,2,4.0,5.908361543900342,57,0.6770066405515602
Moonee Valley,1500,3,4.0,5.025823748689586,55,0.7958894302735835
Moonee Valley,1500,4,5.0,4.370165453343142,66,1.1441214419410688
Moonee Valley,1514,0,0.0,0.6578498249114335,5,0.0
Moonee Valley,1514,1,0.0,0.9912464918934454,10,0.0
Moonee Valley,1514,2,3.0,1.4612270006480113,11,2.053069097867469
Moonee Valley,1514,3,1.0,0.6876712243137495,10,1.4541832850399317
Moonee Valley,1514,4,1.0,1.2020054582333604,14,0.8319429775882577
Moonee Valley,1519,0,3.0,0.595953393619507,5,5.033950695002473
Moonee Valley,1519,1,2.0,2.1029778540241177,10,0.951032364022728
Moonee Valley,1519,2,0.0,0.6805710069643564,8,0.0
Moonee Valley,1519,3,0.0,0.7455334355818832,10,0.0
Moonee Valley,1519,4,0.0,0.8749643098101358,10,0.0
Moonee Valley,1523,0,4.0,1.7423638822232634,10,2.2957317015180454
Moonee Valley,1523,1,2.0,2.9249088156662415,20,0.6837820000704659
Moonee Valley,1523,2,0.0,2.04741901215308,18,0.0
Moonee Valley,1523,3,4.0,2.04771174897715,20,1.9533999362937848
Moonee Valley,1523,4,0.0,1.2375965409802652,24,0.0
Moonee Valley,1528,0,0.0,0.0897863036780337,2,0.0
Moonee Valley,1528,1,0.0,0.2075946393946297,4,0.0
Moonee Valley,1528,2,1.0,0.6037818440265816,6,1.6562273441862136
Moonee Valley,1528,3,0.0,0.5537338298033205,4,0.0
Moonee Valley,1528,4,1.0,0.5451033830974343,6,1.834514389394746
Moonee Valley,1533,0,1.0,0.26224520419451686,1,3.8132251191074724
Moonee Valley,1533,1,0.0,0.34308546372114573,2,0.0
Moonee Valley,1533,2,0.0,0.2331068481729039,1,0.0
Moonee Valley,1533,3,0.0,0.07223750679643834,2,0.0
Moonee Valley,1533,4,0.0,0.0893249771149951,2,0.0
Moonee Valley,1600,0,28.0,21.097408476655517,169,1.3271772232585943
Moonee Valley,1600,1,36.0,41.97728076448159,338,0.8576067659547121
Moonee Valley,1600,2,40.0,38.3189390943026,375,1.0438702361138006
Moonee Valley,1600,3,37.0,34.340021357444584,360,1.0774600171289281
Moonee Valley,1600,4,28.0,33.266350307115715,436,0.8416913710552361
Moonee Valley,2040,0,20.0,13.108452035713556,130,1.5257331640311642
Moonee Valley,2040,1,27.0,30.633137829093656,260,0.8813984434319653
Moonee Valley,2040,2,28.0,29.70873852394755,287,0.9424836391969261
Moonee Valley,2040,3,30.0,26.939805759868058,284,1.113593775226497
Moonee Valley,2040,4,25.0,29.609865851377183,336,0.8443131801232806
Moonee Valley,2500,0,5.0,3.8495533651747964,44,1.2988519772794382
Moonee Valley,2500,1,12.0,9.816391612126628,88,1.2224451177330642
Moonee Valley,2500,2,14.0,13.281993007642688,111,1.054058678689573
Moonee Valley,2500,3,6.0,8.696251977410059,100,0.689952408875224
Moonee Valley,2500,4,7.0,8.355810037645828,120,0.8377404426934753
Moonee Valley,3000,0,6.0,2.529611212943835,19,2.371905994604404
Moonee Valley,3000,1,4.0,3.8467451859617756,38,1.039840126296254
Moonee Valley,3000,2,3.0,4.3793466756001616,42,0.6850336870370897
Moonee Valley,3000,3,4.0,4.599249287768936,40,0.8697071521296842
Moonee Valley,3000,4,2.0,3.645047637725292,50,0.5486896739840988
Moonee Valley,3800,0,0.0,0.2198677299299475,2,0.0
Moonee Valley,3800,1,0.0,0.278605977430054,4,0.0
Moonee Valley,3800,2,0.0,0.39893135615301006,6,0.0
Moonee Valley,3800,3,1.0,0.6961032987845447,5,1.4365683968831704
Moonee Valley,3800,4,1.0,0.4064916377024439,6,2.4600752075790804
Moonee Valley,3850,0,0.0,0.1320583836354124,3,0.0
Moonee Valley,3850,1,2.0,1.0006652599893116,6,1.9986703645746258
Moonee Valley,3850,2,0.0,0.6225670287490039,5,0.0
Moonee Valley,3850,3,1.0,0.7274557951005921,6,1.3746539744888837
Moonee Valley,3850,4,0.0,0.5172535325256802,6,0.0
Moonee Valley,3870,0,0.0,0.20426856142045213,1,0.0
Moonee Valley,3870,1,1.0,0.2757625579176104,2,3.6263081092349387
Moonee Valley,3870,2,0.0,0.06599445830506916,1,0.0
Moonee Valley,3870,3,0.0,0.2287807887909064,2,0.0
Moonee Valley,3870,4,0.0,0.22519363356596186,2,0.0
Moora,1000,0,1.0,0.40521325942999725,3,2.467836322549448
Moora,1000,1,2.0,0.7635940615227564,6,2.619192710864733
Moora,1000,2,0.0,0.8534003770932316,5,0.0
Moora,1000,3,0.0,0.5350166132331093,6,0.0
Moora,1000,4,0.0,0.44277568872090534,7,0.0
Moora,1190,0,2.0,0.8006969612240569,5,2.4978238920034386
Moora,1190,1,2.0,1.2141557712644238,10,1.6472350972867318
Moora,1190,2,0.0,0.5870383418919912,7,0.0
Moora,1190,3,1.0,1.1777094077118164,10,0.84910589441831
Moora,1190,4,0.0,1.2203995179077116,11,0.0
Moora,1500,0,1.0,0.7778875751545433,5,1.2855328095468417
Moora,1500,1,1.0,1.4445588728427492,10,0.6922528522718487
Moora,1500,2,1.0,0.5843291020928385,9,1.7113643602866788
Moora,1500,3,1.0,1.5768740043045963,10,0.6341660762179927
Moora,1500,4,1.0,0.6163504456052727,12,1.6224536010807504
Moora,1800,0,0.0,0.18588703334118248,2,0.0
Moora,1800,1,0.0,0.4551447095902941,4,0.0
Moora,1800,2,1.0,0.5014791068566007,3,1.9941010230082281
Moora,1800,3,1.0,0.4995163905683217,4,2.0019363105628147
Moora,1800,4,0.0,0.35797275964360087,4,0.0
Moranbah,1000,0,1.0,0.1548614782869046,1,6.457383792677911
Moranbah,1000,1,0.0,0.3070155880722899,2,0.0
Moranbah,1000,2,0.0,0.10840303480083324,1,0.0
Moranbah,1000,3,0.0,0.16190063639085484,2,0.0
Moranbah,1000,4,0.0,0.2678192624491174,2,0.0
Moranbah,1170,0,1.0,0.14802067178355668,1,6.75581314387122
Moranbah,1170,1,0.0,0.2804602202214758,2,0.0
Moranbah,1170,2,0.0,0.17354147726348026,1,0.0
Moranbah,1170,3,0.0,0.16130457822567074,2,0.0
Moranbah,1170,4,0.0,0.23667305250581655,2,0.0
Moranbah,1550,0,0.0,0.16493953708750803,2,0.0
Moranbah,1550,1,0.0,0.5120839096466271,4,0.0
Moranbah,1550,2,2.0,0.4099983565771404,3,4.87806833348539
Moranbah,1550,3,0.0,0.5392443947508635,4,0.0
Moranbah,1550,4,0.0,0.37373380193786104,4,0.0
Moree,950,0,16.0,9.562842833765941,62,1.6731426290417284
Moree,950,1,16.0,16.302690341845615,124,0.9814331048741892
Moree,950,2,16.0,15.000176846576663,164,1.0666540910583675
Moree,950,3,7.0,11.421223659674773,146,0.612894047834392
Moree,950,4,7.0,9.71306631813701,167,0.720678699261946
Moree,1200,0,6.0,4.465584776616973,36,1.343609023261107
Moree,1200,1,6.0,7.544966999855047,72,0.7952321063982482
Moree,1200,2,11.0,10.201069814900663,93,1.078318274415919
Moree,1200,3,10.0,7.6492076217191585,84,1.30732495371233
Moree,1200,4,3.0,6.139170786908158,99,0.48866534327364364
Moree,1300,0,9.0,5.403652227818185,43,1.6655401977328768
Moree,1300,1,8.0,8.39772083432274,86,0.9526394313207941
Moree,1300,2,10.0,11.481038330379706,118,0.8710013600023645
Moree,1300,3,9.0,9.227672340282178,108,0.9753272188384601
Moree,1300,4,7.0,8.48991626719719,122,0.8245075427947581
Moree,1400,0,7.0,4.237900552739829,43,1.6517612702059412
Moree,1400,1,11.0,9.450383926121509,86,1.1639738751348765
Moree,1400,2,13.0,12.208201894765129,116,1.0648578809607
Moree,1400,3,5.0,9.557782987805147,105,0.5231338696829109
Moree,1400,4,7.0,7.545730638568386,114,0.9276768990693889
Moree,1600,0,4.0,3.8906729650347485,37,1.0280997750126437
Moree,1600,1,3.0,8.0633417489238,74,0.37205417969545995
Moree,1600,2,15.0,10.415598269139977,102,1.4401477104241809
Moree,1600,3,8.0,8.08855963742021,90,0.9890512475162445
Moree,1600,4,7.0,6.541827379481264,105,1.0700374060550444
Mornington,1000,0,35.0,24.188875831724726,151,1.4469461186822097
Mornington,1000,1,47.0,39.42465168087372,302,1.1921475015288807
Mornington,1000,2,32.0,31.378642635218068,272,1.0198019197963824
Mornington,1000,3,19.0,27.67000265917064,309,0.686664191327891
Mornington,1000,4,18.0,28.337827193012842,344,0.6351933716512392
Mornington,1200,0,59.0,39.94497175947269,261,1.4770319617514445
Mornington,1200,1,63.0,63.745357245851146,522,0.9883072700812315
Mornington,1200,2,51.0,60.83822638991519,606,0.8382887376291756
Mornington,1200,3,52.0,49.88411006640974,586,1.042416110676795
Mornington,1200,4,36.0,46.58733453835123,697,0.7727422132374709
Mornington,1500,0,21.0,18.730792264255648,147,1.1211485186387298
Mornington,1500,1,38.0,32.68879994154994,294,1.1624776702707622
Mornington,1500,2,45.0,37.478668207973904,352,1.2006830058712137
Mornington,1500,3,26.0,32.35292551231507,338,0.8036367527289969
Mornington,1500,4,17.0,25.74881407390544,390,0.6602245816528021
Mornington,1600,0,2.0,4.186069680230766,32,0.4777751334253342
Mornington,1600,1,7.0,8.273543463269005,64,0.8460703725165651
Mornington,1600,2,14.0,7.158642193975612,69,1.9556781328981303
Mornington,1600,3,4.0,7.277583938891081,70,0.5496329597277717
Mornington,1600,4,5.0,5.1041607236335365,81,0.9795929773231383
Mornington,2000,0,12.0,6.020552006215971,43,1.9931727169884914
Mornington,2000,1,9.0,9.822534806923768,86,0.9162604334734478
Mornington,2000,2,7.0,8.423874023672512,95,0.8309715910196205
Mornington,2000,3,8.0,8.765914187668676,91,0.9126258629423826
Mornington,2000,4,7.0,9.967124975519074,112,0.7023088420375154
Mornington,2015,0,1.0,0.636348805464792,2,1.5714651955221248
Mornington,2015,1,0.0,0.22436499257951997,4,0.0
Mornington,2015,2,0.0,0.41739600840484054,7,0.0
Mornington,2015,3,0.0,0.20185231938392223,5,0.0
Mornington,2015,4,1.0,0.5200378741669254,6,1.9229368660925896
Mornington,2020,0,3.0,0.7209352869705348,5,4.161261148148811
Mornington,2020,1,0.0,0.7928566287927431,10,0.0
Mornington,2020,2,1.0,1.4835817051482951,17,0.6740444402420307
Mornington,2020,3,0.0,0.7523854429938749,13,0.0
Mornington,2020,4,1.0,1.2502409360945523,15,0.799845830615462
Mornington,2025,0,1.0,1.1238070260558957,6,0.889832486196133
Mornington,2025,1,3.0,1.5898285432697443,12,1.886995935945398
Mornington,2025,2,1.0,0.7191739256951685,11,1.3904842267930935
Mornington,2025,3,1.0,1.3532388822823076,13,0.738967829769603
Mornington,2025,4,0.0,1.213951622696884,16,0.0
Mornington,2030,0,2.0,0.6432457278372986,6,3.109231687747604
Mornington,2030,1,1.0,1.357365256326563,12,0.7367213764600838
Mornington,2030,2,1.0,1.4116005324504066,15,0.7084157146527095
Mornington,2030,3,1.0,1.6400838403154638,15,0.60972492711571
Mornington,2030,4,1.0,0.9477046430702676,17,1.0551810707187335
Mornington,2040,0,1.0,0.23638097355853624,1,4.230458927999824
Mornington,2040,1,0.0,0.2009238275247558,2,0.0
Mornington,2040,2,0.0,0.21213677114227616,1,0.0
Mornington,2040,3,0.0,0.06728666326542491,2,0.0
Mornington,2040,4,0.0,0.28327176450900676,2,0.0
Mornington,2045,0,0.0,0.4423003460551006,4,0.0
Mornington,2045,1,0.0,0.727763516424952,8,0.0
Mornington,2045,2,0.0,1.1834281395292927,11,0.0
Mornington,2045,3,2.0,1.0455737156363647,10,1.912825437451577
Mornington,2045,4,2.0,0.6009342823542899,11,3.328150945498679
Mornington,2050,0,3.0,2.6710836282757233,25,1.1231396756890775
Mornington,2050,1,7.0,5.03756240034807,51,1.389560951049725
Mornington,2050,2,10.0,7.872475161947212,73,1.2702485297554826
Mornington,2050,3,3.0,4.910609433740701,62,0.6109221351197387
Mornington,2050,4,2.0,4.508269375688294,68,0.44362921408054784
Mornington,2400,0,3.0,2.099897953056632,18,1.4286408516343236
Mornington,2400,1,2.0,2.580018066373856,36,0.7751883702159282
Mornington,2400,2,4.0,4.637898132181682,45,0.862459650039443
Mornington,2400,3,6.0,5.33013505924852,41,1.1256750407457634
Mornington,2400,4,3.0,3.352050789139309,45,0.8949745062694281
Mornington,2420,0,0.0,0.00551447409999063,1,0.0
Mornington,2420,1,0.0,0.20817139727464626,2,0.0
Mornington,2420,2,1.0,0.21036267514069518,2,4.753695014247076
Mornington,2420,3,0.0,0.5066605436314142,2,0.0
Mornington,2420,4,0.0,0.06929090985325385,2,0.0
Mornington,2430,0,0.0,0.19787172128905522,3,0.0
Mornington,2430,1,0.0,0.48050320890388076,6,0.0
Mornington,2430,2,1.0,0.921105587993867,7,1.0856518655781495
Mornington,2430,3,1.0,0.4446545681750602,7,2.2489367512947727
Mornington,2430,4,1.0,0.9558649136381371,8,1.046172932735735
Mornington,2435,0,1.0,0.3566245658815201,2,2.80406930893321
Mornington,2435,1,0.0,0.5164681934770847,4,0.0
Mornington,2435,2,1.0,0.18540725640126454,3,5.393532159473666
Mornington,2435,3,0.0,0.5089920420200109,4,0.0
Mornington,2435,4,0.0,0.4325079422201198,4,0.0
Mornington,2445,0,1.0,0.4128320919517067,2,2.4222923059890906
Mornington,2445,1,0.0,0.4939790202092877,4,0.0
Mornington,2445,2,0.0,0.2796084344521023,3,0.0
Mornington,2445,3,0.0,0.46981718631144176,4,0.0
Mornington,2445,4,1.0,0.3437632670754614,5,2.908978636686288
Mornington,2450,0,0.0,0.24839515793254127,2,0.0
Mornington,2450,1,0.0,0.4055418493547999,4,0.0
Mornington,2450,2,1.0,0.3603263358682992,4,2.775262034594952
Mornington,2450,3,1.0,0.20883766618936178,4,4.788408232321743
Mornington,2450,4,0.0,0.7768989906549979,5,0.0
Mornington,2460,0,2.0,1.4847532458695358,13,1.3470251744280333
Mornington,2460,1,2.0,3.510443318106006,26,0.5697286122480572
Mornington,2460,2,6.0,3.2058868982954465,24,1.8715569795023552
Mornington,2460,3,2.0,2.1409584003356072,26,0.934161074632038
Mornington,2460,4,1.0,2.657958137393404,34,0.37622864932729005
Mornington,3070,0,1.0,0.5786578343380834,4,1.728136976048864
Mornington,3070,1,1.0,0.847092737419508,8,1.1805082912719713
Mornington,3070,2,2.0,1.2950401798385411,10,1.5443536278923404
Mornington,3070,3,0.0,0.4154243523257152,8,0.0
Mornington,3070,4,0.0,0.8637848960781523,11,0.0
Mornington,3080,0,1.0,0.37297371976766713,4,2.681154051880439
Mornington,3080,1,0.0,0.8088469695033971,8,0.0
Mornington,3080,2,1.0,1.0913683259481917,8,0.9162809440444316
Mornington,3080,3,2.0,0.9483297088126327,8,2.1089711536129383
Mornington,3080,4,0.0,0.7784812759681115,10,0.0
Morphettville,1000,0,0.0,0.03901949154727838,1,0.0
Morphettville,1000,1,1.0,0.21850915266475893,2,4.576467336973384
Morphettville,1000,2,0.0,0.16630868653382674,4,0.0
Morphettville,1000,3,0.0,0.29366469718502985,3,0.0
Morphettville,1000,4,0.0,0.2824979720691061,4,0.0
Morphettville,1050,0,28.0,23.979608201590867,207,1.1676587776001448
Morphettville,1050,1,46.0,46.278537513725226,414,0.9939812809848925
Morphettville,1050,2,51.0,49.801561124264275,541,1.024064283301188
Morphettville,1050,3,44.0,44.34264773420992,483,0.9922727272339769
Morphettville,1050,4,38.0,42.59764542620971,575,0.8920680854491351
Morphettville,1100,0,26.0,18.402666012306423,164,1.4128387692638127
Morphettville,1100,1,43.0,35.42249000082075,328,1.2139180503404383
Morphettville,1100,2,43.0,41.23018049922558,469,1.042925339626094
Morphettville,1100,3,28.0,35.42640792431597,399,0.7903708459468556
Morphettville,1100,4,24.0,33.51825556333128,484,0.7160277167364228
Morphettville,1200,0,70.0,38.63464017843686,335,1.8118455271409277
Morphettville,1200,1,70.0,73.93451031738508,670,0.9467838455885477
Morphettville,1200,2,86.0,85.03334222532953,964,1.0113679851852573
Morphettville,1200,3,58.0,68.98944567635772,826,0.8407083059065115
Morphettville,1200,4,51.0,68.40806160249082,985,0.7455261676080445
Morphettville,1500,0,2.0,1.4206614694891337,13,1.4077949201502558
Morphettville,1500,1,3.0,2.5144698261822103,26,1.1930944522627196
Morphettville,1500,2,2.0,3.116910788269133,31,0.6416609700628069
Morphettville,1500,3,3.0,2.5989460647381715,30,1.1543140662683327
Morphettville,1500,4,3.0,3.3490118513213516,37,0.8957866180187899
Morphettville,1504,0,1.0,0.026330582649732835,1,37.97865065512124
Morphettville,1504,1,0.0,0.24235936859109833,2,0.0
Morphettville,1504,2,0.0,0.14219706059934906,3,0.0
Morphettville,1504,3,0.0,0.3829795107026456,3,0.0
Morphettville,1504,4,0.0,0.2061334774571742,3,0.0
Morphettville,1506,0,0.0,0.0748024249835249,2,0.0
Morphettville,1506,1,0.0,0.549985925491034,4,0.0
Morphettville,1506,2,0.0,0.2916268437220071,5,0.0
Morphettville,1506,3,2.0,0.712630659650678,5,2.8065028818439743
Morphettville,1506,4,0.0,0.370954146152756,5,0.0
Morphettville,1508,0,0.0,0.06929644710762445,1,0.0
Morphettville,1508,1,0.0,0.19022554107975337,2,0.0
Morphettville,1508,2,0.0,0.3365827430941759,3,0.0
Morphettville,1508,3,0.0,0.06020557657122817,2,0.0
Morphettville,1508,4,1.0,0.343689692147218,3,2.9096013725417587
Morphettville,1511,0,0.0,0.12966387030805593,1,0.0
Morphettville,1511,1,1.0,0.40858213045984143,2,2.447488339430174
Morphettville,1511,2,0.0,0.33999929629072617,2,0.0
Morphettville,1511,3,0.0,0.04774405295371374,2,0.0
Morphettville,1511,4,0.0,0.07401064998766274,2,0.0
Morphettville,1514,0,0.0,0.42585722768932976,3,0.0
Morphettville,1514,1,1.0,0.40437161456225096,6,2.472972790344202
Morphettville,1514,2,0.0,0.5168050622059601,10,0.0
Morphettville,1514,3,2.0,1.0487075347453392,8,1.9071094025138915
Morphettville,1514,4,0.0,0.60425856079712,10,0.0
Morphettville,1517,0,0.0,0.09774411865771808,1,0.0
Morphettville,1517,1,0.0,0.18221848860572307,2,0.0
Morphettville,1517,2,0.0,0.2443602966442952,1,0.0
Morphettville,1517,3,1.0,0.39694972632662173,2,2.5192107052296366
Morphettville,1517,4,0.0,0.07872736976564187,2,0.0
Morphettville,1519,0,0.0,0.5363549918394735,3,0.0
Morphettville,1519,1,1.0,0.5885340042987787,6,1.6991371657300773
Morphettville,1519,2,1.0,0.38613314388174047,5,2.5897802761688498
Morphettville,1519,3,0.0,0.6802875059267075,6,0.0
Morphettville,1519,4,1.0,0.8086903540532998,6,1.2365672410803743
Morphettville,1520,0,1.0,0.3013043843076104,1,3.3189029170550364
Morphettville,1520,1,0.0,0.18982176211379456,2,0.0
Morphettville,1520,2,0.0,0.24050333281505945,4,0.0
Morphettville,1520,3,0.0,0.1884001870092328,3,0.0
Morphettville,1520,4,0.0,0.07997033375430285,3,0.0
Morphettville,1521,0,0.0,0.08146504726350562,1,0.0
Morphettville,1521,1,0.0,0.03963397328525921,2,0.0
Morphettville,1521,2,1.0,0.37524002181161165,4,2.664960936661622
Morphettville,1521,3,0.0,0.25581042358895495,3,0.0
Morphettville,1521,4,0.0,0.24785053405066867,4,0.0
Morphettville,1522,0,2.0,0.3180023747598362,5,6.289261209166921
Morphettville,1522,1,1.0,0.8863485856257496,10,1.1282242858141576
Morphettville,1522,2,1.0,2.024111307083638,14,0.49404397697911734
Morphettville,1522,3,0.0,0.6899319293921901,13,0.0
Morphettville,1522,4,1.0,1.0816058031385858,15,0.9245512524971821
Morphettville,1524,0,0.0,0.04989481911223688,1,0.0
Morphettville,1524,1,0.0,0.03930832182672365,2,0.0
Morphettville,1524,2,0.0,0.35311564262044126,3,0.0
Morphettville,1524,3,1.0,0.41160027381754904,3,2.4295416296133765
Morphettville,1524,4,0.0,0.1460809426230491,3,0.0
Morphettville,1525,0,0.0,0.2524386547917923,2,0.0
Morphettville,1525,1,0.0,0.5392930021378962,4,0.0
Morphettville,1525,2,1.0,0.6316345906072613,3,1.5831938511134858
Morphettville,1525,3,0.0,0.277275204424209,4,0.0
Morphettville,1525,4,1.0,0.29935854803884115,5,3.34047584928242
Morphettville,1526,0,0.0,0.2530697493248467,2,0.0
Morphettville,1526,1,1.0,0.359373007969335,4,2.782624119854124
Morphettville,1526,2,1.0,0.4824240166816849,6,2.072865291571552
Morphettville,1526,3,0.0,0.3861946822230599,5,0.0
Morphettville,1526,4,0.0,0.5189385438010735,6,0.0
Morphettville,1527,0,1.0,0.12775980413107024,2,7.827187954781839
Morphettville,1527,1,1.0,0.24352514472336054,4,4.106352143373035
Morphettville,1527,2,0.0,0.7344752689526568,8,0.0
Morphettville,1527,3,0.0,0.34640539053064284,6,0.0
Morphettville,1527,4,0.0,0.5478343916622697,6,0.0
Morphettville,1528,0,0.0,0.020645132121750825,1,0.0
Morphettville,1528,1,1.0,0.5454902687280384,2,1.8332132713050535
Morphettville,1528,2,0.0,0.13022314107565905,1,0.0
Morphettville,1528,3,0.0,0.1705303037895535,2,0.0
Morphettville,1528,4,0.0,0.13311115428499826,2,0.0
Morphettville,1529,0,1.0,0.4286796666240662,3,2.3327441860613307
Morphettville,1529,1,1.0,0.5536757330758577,6,1.8061113035325904
Morphettville,1529,2,1.0,0.7335250659519102,9,1.3632799292308844
Morphettville,1529,3,0.0,0.9295479779837967,8,0.0
Morphettville,1529,4,0.0,0.3545715563643693,9,0.0
Morphettville,1530,0,0.0,0.13072782205695588,2,0.0
Morphettville,1530,1,0.0,0.4958325898613178,4,0.0
Morphettville,1530,2,2.0,0.6836481437468517,3,2.9254815043286078
Morphettville,1530,3,0.0,0.369610028002597,4,0.0
Morphettville,1530,4,0.0,0.3201814163322775,4,0.0
Morphettville,1531,0,0.0,0.22465674502878583,2,0.0
Morphettville,1531,1,2.0,0.4348230305839857,4,4.599572376177765
Morphettville,1531,2,0.0,0.5538863861777289,6,0.0
Morphettville,1531,3,0.0,0.28613234257881826,5,0.0
Morphettville,1531,4,0.0,0.5005014956306815,6,0.0
Morphettville,1533,0,0.0,0.1278112798226807,2,0.0
Morphettville,1533,1,0.0,0.35293031934078567,4,0.0
Morphettville,1533,2,1.0,0.3529686540956778,5,2.8331127662371234
Morphettville,1533,3,1.0,0.47603760703076153,4,2.100674369483964
Morphettville,1533,4,0.0,0.6902521397100942,5,0.0
Morphettville,1536,0,1.0,0.27784836034381155,2,3.5990854823206186
Morphettville,1536,1,0.0,0.25355385645297557,4,0.0
Morphettville,1536,2,0.0,0.32810538430365177,6,0.0
Morphettville,1536,3,1.0,0.7919773555452765,6,1.262662364016077
Morphettville,1536,4,0.0,0.34851504335428474,5,0.0
Morphettville,1539,0,0.0,0.0642158615270148,1,0.0
Morphettville,1539,1,0.0,0.15281971418040954,2,0.0
Morphettville,1539,2,0.0,0.2981450713754259,1,0.0
Morphettville,1539,3,1.0,0.41535197904144094,2,2.4075965698004462
Morphettville,1539,4,0.0,0.06946737387570898,2,0.0
Morphettville,1540,0,0.0,0.3578616121727295,5,0.0
Morphettville,1540,1,1.0,0.6127051727001818,10,1.6321063450354372
Morphettville,1540,2,2.0,1.2843955398094982,15,1.557152713483138
Morphettville,1540,3,0.0,1.2815740187807676,14,0.0
Morphettville,1540,4,2.0,1.4634636565368229,15,1.3666208867344545
Morphettville,1541,0,0.0,0.045925105030268115,2,0.0
Morphettville,1541,1,0.0,0.520320313911408,4,0.0
Morphettville,1541,2,1.0,0.482337591435431,5,2.0732367075599725
Morphettville,1541,3,0.0,0.5945936843530468,4,0.0
Morphettville,1541,4,1.0,0.3568233052698459,6,2.8025075302852063
Morphettville,1544,0,0.0,0.08608358634001934,1,0.0
Morphettville,1544,1,0.0,0.07444904000694949,2,0.0
Morphettville,1544,2,0.0,0.3584766488302234,3,0.0
Morphettville,1544,3,0.0,0.16226072822027454,2,0.0
Morphettville,1544,4,1.0,0.3187299966025332,3,3.1374517951224807
Morphettville,1600,0,36.0,21.00671720281805,210,1.71373754653919
Morphettville,1600,1,39.0,43.19816755397778,421,0.9028160731880117
Morphettville,1600,2,44.0,54.75555922918049,579,0.8035713746587286
Morphettville,1600,3,47.0,46.93881589631652,507,1.001303486304781
Morphettville,1600,4,44.0,44.10074011770716,589,0.9977156819264648
Morphettville,1800,0,15.0,9.465778389024322,111,1.5846557339006235
Morphettville,1800,1,27.0,21.62056535721405,222,1.2488110072011143
Morphettville,1800,2,29.0,29.33925317796924,330,0.9884368843367839
Morphettville,1800,3,29.0,26.980408031180836,288,1.0748540187563196
Morphettville,1800,4,11.0,23.593995044611553,334,0.4662203234001358
Morphettville,2000,0,4.0,3.0026627487661965,27,1.332150938910343
Morphettville,2000,1,3.0,4.24869552839631,54,0.7060990791054317
Morphettville,2000,2,5.0,6.352665091139704,96,0.7870712414815767
Morphettville,2000,3,9.0,6.281469553562,77,1.4327857395880264
Morphettville,2000,4,6.0,7.114507078135789,87,0.8433472528882742
Morphettville,2004,0,0.0,0.06371328674129184,1,0.0
Morphettville,2004,1,0.0,0.32130134426610124,2,0.0
Morphettville,2004,2,0.0,0.4566455990463171,3,0.0
Morphettville,2004,3,1.0,0.09744385031021105,2,10.262320267687647
Morphettville,2004,4,0.0,0.06089591963607876,3,0.0
Morphettville,2006,0,1.0,0.8317836593483128,5,1.2022356880435492
Morphettville,2006,1,2.0,1.1951488716397929,10,1.6734316932884843
Morphettville,2006,2,0.0,1.3064824837501117,11,0.0
Morphettville,2006,3,0.0,0.6640589229054075,10,0.0
Morphettville,2006,4,2.0,1.002526062356375,13,1.9949606051129731
Morphettville,2008,0,0.0,0.329119834955928,4,0.0
Morphettville,2008,1,1.0,0.6923376052079917,8,1.44438203627489
Morphettville,2008,2,1.0,1.1859195795635458,12,0.8432274980804603
Morphettville,2008,3,1.0,0.7805464698774003,9,1.2811537026835431
Morphettville,2008,4,1.0,1.0120765103951344,12,0.9880675914606303
Morphettville,2009,0,0.0,0.12206783779464117,2,0.0
Morphettville,2009,1,1.0,0.541925508014264,4,1.8452720626940466
Morphettville,2009,2,0.0,0.4879146403042349,4,0.0
Morphettville,2009,3,1.0,0.4933741598000332,5,2.0268592915472197
Morphettville,2009,4,0.0,0.3547178540868267,5,0.0
Morphettville,2014,0,2.0,0.5031912098357034,5,3.974632229074547
Morphettville,2014,1,0.0,0.8712983229760398,10,0.0
Morphettville,2014,2,2.0,1.6370529785579206,14,1.2217075599848939
Morphettville,2014,3,1.0,0.9037294758970047,13,1.1065258206914643
Morphettville,2014,4,0.0,1.0847280127333316,14,0.0
Morphettville,2015,0,0.0,0.2597128114888929,2,0.0
Morphettville,2015,1,0.0,0.5629871059582356,4,0.0
Morphettville,2015,2,1.0,0.36295908106738056,6,2.755131506998602
Morphettville,2015,3,1.0,0.5685453783444843,5,1.7588745561732373
Morphettville,2015,4,0.0,0.24579562314100645,5,0.0
Morphettville,2017,0,0.0,0.06962644743732119,1,0.0
Morphettville,2017,1,0.0,0.49804864202912624,2,0.0
Morphettville,2017,2,0.0,0.12854113373043913,1,0.0
Morphettville,2017,3,1.0,0.07789889663779499,2,12.837152298185696
Morphettville,2017,4,0.0,0.22588488016531852,2,0.0
Morphettville,2019,0,0.0,0.27975815349484334,5,0.0
Morphettville,2019,1,3.0,1.2334100961712275,10,2.4322810469223906
Morphettville,2019,2,1.0,1.635686310482499,13,0.6113641678061226
Morphettville,2019,3,1.0,0.7951370387309411,12,1.2576448477309337
Morphettville,2019,4,0.0,1.0560084011204884,14,0.0
Morphettville,2020,0,0.0,0.054954378009958206,1,0.0
Morphettville,2020,1,0.0,0.21232373322029308,2,0.0
Morphettville,2020,2,0.0,0.2836615688455196,2,0.0
Morphettville,2020,3,1.0,0.23071878811246044,2,4.334280741421739
Morphettville,2020,4,0.0,0.2183415318117687,3,0.0
Morphettville,2022,0,1.0,0.02745224453294789,1,36.42689393939394
Morphettville,2022,1,0.0,0.23209624923310493,2,0.0
Morphettville,2022,2,0.0,0.36103860991816317,2,0.0
Morphettville,2022,3,0.0,0.2836731935071282,2,0.0
Morphettville,2022,4,0.0,0.09573970280865579,2,0.0
Morphettville,2023,0,0.0,0.2337410799591629,1,0.0
Morphettville,2023,1,0.0,0.34069533169805266,2,0.0
Morphettville,2023,2,0.0,0.3326315368649626,1,0.0
Morphettville,2023,3,1.0,0.04394021536364322,2,22.758195236963147
Morphettville,2023,4,0.0,0.04899183611417861,2,0.0
Morphettville,2025,0,0.0,0.030996380303272626,2,0.0
Morphettville,2025,1,0.0,0.14914843518074908,4,0.0
Morphettville,2025,2,1.0,0.8596129760712522,7,1.1633142214422683
Morphettville,2025,3,1.0,0.48804509800316254,5,2.048990972538198
Morphettville,2025,4,0.0,0.47219711044156365,6,0.0
Morphettville,2028,0,2.0,1.1305657426458309,5,1.769025828891168
Morphettville,2028,1,0.0,0.896671444407082,10,0.0
Morphettville,2028,2,2.0,1.3377220619603212,15,1.495078878395087
Morphettville,2028,3,0.0,0.5787373236642273,12,0.0
Morphettville,2028,4,1.0,1.0563034273225387,15,0.9466976761921018
Morphettville,2032,0,0.0,0.26959589439704496,2,0.0
Morphettville,2032,1,1.0,0.2489876535068941,4,4.016263400676256
Morphettville,2032,2,0.0,0.41858361403767624,9,0.0
Morphettville,2032,3,1.0,0.6918159795128042,6,1.4454710929114813
Morphettville,2032,4,0.0,0.3710168585455805,7,0.0
Morphettville,2033,0,0.0,0.004078266401609881,1,0.0
Morphettville,2033,1,0.0,0.16903555176340024,2,0.0
Morphettville,2033,2,1.0,0.38528133365923134,4,2.5955059657379276
Morphettville,2033,3,0.0,0.35043896906379907,3,0.0
Morphettville,2033,4,0.0,0.0911658791119594,3,0.0
Morphettville,2034,0,1.0,0.4560357675111773,1,2.19281045751634
Morphettville,2034,1,0.0,0.05824994677453693,2,0.0
Morphettville,2034,2,0.0,0.17191824568873748,2,0.0
Morphettville,2034,3,0.0,0.14441132637853948,2,0.0
Morphettville,2034,4,0.0,0.16938471364700872,2,0.0
Morphettville,2035,0,0.0,0.1450428885403211,2,0.0
Morphettville,2035,1,1.0,0.4517719767774449,4,2.2135060415503087
Morphettville,2035,2,0.0,0.2098616037432404,5,0.0
Morphettville,2035,3,1.0,0.7310425010303423,5,1.3679095245359674
Morphettville,2035,4,0.0,0.46228102990865133,5,0.0
Morphettville,2037,0,2.0,0.5667160289536686,4,3.5291043447149586
Morphettville,2037,1,0.0,0.9961319447731183,8,0.0
Morphettville,2037,2,1.0,0.791948874042286,8,1.262707774172055
Morphettville,2037,3,1.0,0.9914193980509959,9,1.008654865908285
Morphettville,2037,4,0.0,0.6537837541799314,11,0.0
Morphettville,2038,0,0.0,0.11414910829530786,1,0.0
Morphettville,2038,1,1.0,0.4756212845637828,2,2.1025131390348784
Morphettville,2038,2,0.0,0.09501972476230298,2,0.0
Morphettville,2038,3,0.0,0.08832966713327395,2,0.0
Morphettville,2038,4,0.0,0.22688021524533242,2,0.0
Morphettville,2040,0,2.0,0.5887888300558469,5,3.3968035701531547
Morphettville,2040,1,2.0,0.6405203145295264,10,3.1224614655181324
Morphettville,2040,2,1.0,1.0852331035355915,13,0.9214610176763778
Morphettville,2040,3,0.0,0.87805727349113,12,0.0
Morphettville,2040,4,0.0,1.8074004783879052,13,0.0
Morphettville,2042,0,0.0,0.06395460978046366,1,0.0
Morphettville,2042,1,0.0,0.059869239817716274,2,0.0
Morphettville,2042,2,0.0,0.1428319618430355,2,0.0
Morphettville,2042,3,1.0,0.606236405210645,2,1.6495215256044158
Morphettville,2042,4,0.0,0.12710778334813955,2,0.0
Morphettville,2043,0,0.0,0.059762583969816874,1,0.0
Morphettville,2043,1,0.0,0.22311364682064966,2,0.0
Morphettville,2043,2,0.0,0.19471427256832613,2,0.0
Morphettville,2043,3,1.0,0.4267893622895003,2,2.343076206575361
Morphettville,2043,4,0.0,0.095620134351707,2,0.0
Morphettville,2050,0,0.0,0.16295490131821283,1,0.0
Morphettville,2050,1,0.0,0.23172210949039462,2,0.0
Morphettville,2050,2,0.0,0.17200795139144687,3,0.0
Morphettville,2050,3,0.0,0.1901543171423919,3,0.0
Morphettville,2050,4,1.0,0.2431607206575539,3,4.112506318026223
Morphettville,2051,0,0.0,0.06956494486013018,1,0.0
Morphettville,2051,1,0.0,0.19514322194530026,2,0.0
Morphettville,2051,2,0.0,0.12499369771659755,2,0.0
Morphettville,2051,3,0.0,0.2802056520240209,2,0.0
Morphettville,2051,4,1.0,0.3300924834539511,2,3.029454017057323
Morphettville,2057,0,0.0,0.13402107391022364,1,0.0
Morphettville,2057,1,0.0,0.029940191764248322,2,0.0
Morphettville,2057,2,1.0,0.4602743952472326,3,2.1726170526232687
Morphettville,2057,3,0.0,0.09017086078752373,3,0.0
Morphettville,2057,4,0.0,0.2855934782907716,3,0.0
Morphettville,2500,0,3.0,4.0047749870634535,50,0.7491057574247846
Morphettville,2500,1,12.0,9.211767044804835,100,1.302681661578453
Morphettville,2500,2,16.0,14.302718829759272,162,1.1186684287402227
Morphettville,2500,3,9.0,11.49532786917681,136,0.7829267770719529
Morphettville,2500,4,10.0,10.985411269195632,152,0.9102981904775073
Morphettville,2518,0,0.0,0.14972738670246946,2,0.0
Morphettville,2518,1,1.0,0.3775269491336531,4,2.6488175275825867
Morphettville,2518,2,1.0,0.8974413971371561,8,1.1142788857188966
Morphettville,2518,3,0.0,0.3307191032283807,6,0.0
Morphettville,2518,4,0.0,0.24458516379834055,7,0.0
Morphettville,2525,0,0.0,0.03938566208856155,1,0.0
Morphettville,2525,1,0.0,0.5893079690001022,2,0.0
Morphettville,2525,2,1.0,0.2106222089042215,3,4.747837396647666
Morphettville,2525,3,0.0,0.021748096481948774,2,0.0
Morphettville,2525,4,0.0,0.1389360635251659,3,0.0
Morphettville,2535,0,0.0,0.0041332336587169,1,0.0
Morphettville,2535,1,0.0,0.1241847062758101,2,0.0
Morphettville,2535,2,0.0,0.6272693053791473,3,0.0
Morphettville,2535,3,0.0,0.12847376181510187,3,0.0
Morphettville,2535,4,1.0,0.11593899287122386,3,8.625225864353705
Morphettville,2541,0,0.0,0.026873550324027832,1,0.0
Morphettville,2541,1,0.0,0.19835239524877685,2,0.0
Morphettville,2541,2,1.0,0.6883364202687282,2,1.4527779884283873
Morphettville,2541,3,0.0,0.06852755332627097,2,0.0
Morphettville,2541,4,0.0,0.017910080832196175,3,0.0
Morphettville,2546,0,0.0,0.2390776053842097,1,0.0
Morphettville,2546,1,1.0,0.18827361424006514,2,5.311418724478904
Morphettville,2546,2,0.0,0.33541644308014945,3,0.0
Morphettville,2546,3,0.0,0.07440015591586108,3,0.0
Morphettville,2546,4,0.0,0.16283218137971467,3,0.0
Morphettville,2600,0,0.0,0.554694392561391,7,0.0
Morphettville,2600,1,1.0,1.5166455131421235,14,0.6593498555428693
Morphettville,2600,2,2.0,1.6468238071005465,22,1.2144590036752427
Morphettville,2600,3,3.0,1.4764050951261962,19,2.031962643520662
Morphettville,2600,4,1.0,1.8054311920697428,22,0.5538843044212624
Morphettville,3200,0,2.0,0.6890884950512521,7,2.9023848378882695
Morphettville,3200,1,1.0,1.027370668217564,14,0.9733585267087187
Morphettville,3200,2,1.0,2.2775603724151043,32,0.43906629747847653
Morphettville,3200,3,2.0,1.7239365989693765,24,1.1601354720328247
Morphettville,3200,4,1.0,1.2820438653467034,28,0.7800045123491697
Morphettville Parks,1000,0,58.0,34.18019592039356,263,1.6968890446117775
Morphettville Parks,1000,1,69.0,58.721499585225224,526,1.175038111890469
Morphettville Parks,1000,2,53.0,63.415619035725015,607,0.8357562506823847
Morphettville Parks,1000,3,48.0,55.70965833119291,590,0.8616100230707011
Morphettville Parks,1000,4,35.0,50.9730271274633,700,0.6866376586283349
Morphettville Parks,1250,0,34.0,27.25850124630354,207,1.2473172935218022
Morphettville Parks,1250,1,60.0,47.45336405858633,415,1.2643992937133706
Morphettville Parks,1250,2,54.0,51.92390060006919,493,1.03998350231662
Morphettville Parks,1250,3,30.0,40.05518520643649,467,0.7489667029470952
Morphettville Parks,1250,4,29.0,40.30904888860446,561,0.7194414355978125
Morphettville Parks,1300,0,18.0,8.696121592018075,68,2.06988826105211
Morphettville Parks,1300,1,15.0,16.279786998340946,136,0.9213879764844978
Morphettville Parks,1300,2,15.0,17.250640647572087,173,0.8695329238170149
Morphettville Parks,1300,3,11.0,12.547173695765984,154,0.8766914579107107
Morphettville Parks,1300,4,9.0,13.226277066302908,189,0.680463591899919
Morphettville Parks,1400,0,35.0,26.15439580915154,212,1.338207170044943
Morphettville Parks,1400,1,59.0,47.959987738016,425,1.2301921410466297
Morphettville Parks,1400,2,42.0,55.61050584250433,553,0.75525297538111
Morphettville Parks,1400,3,54.0,44.74731138393746,493,1.2067764147140223
Morphettville Parks,1400,4,22.0,37.52779922639068,598,0.5862320853744319
Morphettville Parks,1550,0,25.0,16.552750285535478,131,1.5103230320490064
Morphettville Parks,1550,1,32.0,28.790547498666246,262,1.1114759106780596
Morphettville Parks,1550,2,38.0,29.65803262096221,284,1.2812717716529083
Morphettville Parks,1550,3,19.0,29.080639294818187,286,0.6533556503823341
Morphettville Parks,1550,4,17.0,26.918030300017875,338,0.6315469523781876
Morphettville Parks,1556,0,0.0,0.06016494417851436,1,0.0
Morphettville Parks,1556,1,0.0,0.2093010785361651,2,0.0
Morphettville Parks,1556,2,1.0,0.3041672177913782,2,3.2876652759005696
Morphettville Parks,1556,3,0.0,0.25670376182832794,2,0.0
Morphettville Parks,1556,4,0.0,0.1696629976656145,2,0.0
Morphettville Parks,1561,0,1.0,0.1742417970582554,1,5.739151092809628
Morphettville Parks,1561,1,0.0,0.11948008941137513,2,0.0
Morphettville Parks,1561,2,0.0,0.1283053232883517,2,0.0
Morphettville Parks,1561,3,0.0,0.13987912906697575,2,0.0
Morphettville Parks,1561,4,0.0,0.4380936611750421,3,0.0
Morphettville Parks,1568,0,0.0,0.5210165956327477,2,0.0
Morphettville Parks,1568,1,1.0,0.5905268977456714,4,1.6934029657539509
Morphettville Parks,1568,2,1.0,0.30169229577814144,4,3.314635521005748
Morphettville Parks,1568,3,0.0,0.20686763035089664,4,0.0
Morphettville Parks,1568,4,0.0,0.37989658049254277,6,0.0
Morphettville Parks,1569,0,0.0,0.23450605340387948,1,0.0
Morphettville Parks,1569,1,1.0,0.2904267276771123,2,3.443209266578832
Morphettville Parks,1569,2,0.0,0.07461556244668893,1,0.0
Morphettville Parks,1569,3,0.0,0.3100691150562407,2,0.0
Morphettville Parks,1569,4,0.0,0.09038254141607854,2,0.0
Morphettville Parks,1578,0,0.0,0.03642676465486357,2,0.0
Morphettville Parks,1578,1,0.0,0.41937474596767366,4,0.0
Morphettville Parks,1578,2,2.0,0.4361003901510689,4,4.58610000166976
Morphettville Parks,1578,3,0.0,0.4990252114558469,4,0.0
Morphettville Parks,1578,4,0.0,0.6090728877705471,5,0.0
Morphettville Parks,1579,0,1.0,0.19795895510601044,1,5.051552224371374
Morphettville Parks,1579,1,0.0,0.09155601673652983,2,0.0
Morphettville Parks,1579,2,0.0,0.4293833119069248,2,0.0
Morphettville Parks,1579,3,0.0,0.15836716408480836,2,0.0
Morphettville Parks,1579,4,0.0,0.12273455216572648,2,0.0
Morphettville Parks,1950,0,14.0,9.18111056676907,70,1.5248699923811886
Morphettville Parks,1950,1,21.0,16.429628747254604,140,1.2781786078708022
Morphettville Parks,1950,2,13.0,15.786288172128033,154,0.823499473609797
Morphettville Parks,1950,3,10.0,15.21163279092983,154,0.6573916250438713
Morphettville Parks,1950,4,12.0,13.391339722918461,183,0.8961015289204209
Morphettville Parks,1956,0,0.0,0.048216229918609736,1,0.0
Morphettville Parks,1956,1,1.0,0.4689368442711182,2,2.1324833231100198
Morphettville Parks,1956,2,0.0,0.2003652221062227,2,0.0
Morphettville Parks,1956,3,0.0,0.2669339307665138,2,0.0
Morphettville Parks,1956,4,0.0,0.015547772937535509,2,0.0
Morphettville Parks,1966,0,0.0,0.3343123631359247,2,0.0
Morphettville Parks,1966,1,1.0,0.5500427124927432,4,1.8180406308231802
Morphettville Parks,1966,2,0.0,0.3714250658856775,4,0.0
Morphettville Parks,1966,3,1.0,0.34823944756859304,5,2.8715873717983347
Morphettville Parks,1966,4,0.0,0.39598041091706165,5,0.0
Morphettville Parks,1973,0,0.0,0.08154628632080523,1,0.0
Morphettville Parks,1973,1,0.0,0.46209562248456293,2,0.0
Morphettville Parks,1973,2,0.0,0.047968403718120715,1,0.0
Morphettville Parks,1973,3,0.0,0.19445652891884324,2,0.0
Morphettville Parks,1973,4,1.0,0.213933158557668,2,4.674357199893532
Morphettville Parks,1994,0,0.0,0.026595235938494277,1,0.0
Morphettville Parks,1994,1,0.0,0.13499803973457913,2,0.0
Morphettville Parks,1994,2,0.0,0.3998814165147827,3,0.0
Morphettville Parks,1994,3,1.0,0.149760368226826,3,6.67733400925809
Morphettville Parks,1994,4,0.0,0.2887649395853179,3,0.0
Morphettville Parks,2250,0,3.0,4.882603874853106,41,0.614426252240308
Morphettville Parks,2250,1,8.0,9.10641268141016,82,0.878501807449514
Morphettville Parks,2250,2,10.0,9.238058684048294,88,1.0824785100431737
Morphettville Parks,2250,3,13.0,10.453477619339433,91,1.2436052836569316
Morphettville Parks,2250,4,7.0,7.31944714034901,105,0.956356383996814
Morphettville Parks,2275,0,0.0,0.008187494110353919,1,0.0
Morphettville Parks,2275,1,1.0,0.1891685730725562,2,5.286290337541675
Morphettville Parks,2275,2,0.0,0.2830293315588347,3,0.0
Morphettville Parks,2275,3,0.0,0.1354048733571981,2,0.0
Morphettville Parks,2275,4,0.0,0.3842097279010571,3,0.0
Morphettville Parks,2294,0,1.0,0.3507324442156898,2,2.8511762070834554
Morphettville Parks,2294,1,1.0,0.5251336189890414,4,1.904277242666629
Morphettville Parks,2294,2,0.0,0.4174744377499139,4,0.0
Morphettville Parks,2294,3,0.0,0.37722283312310056,4,0.0
Morphettville Parks,2294,4,0.0,0.32943666592225446,5,0.0
Morphettville Parks,2400,0,4.0,2.4053187996461376,16,1.662981223357364
Morphettville Parks,2400,1,3.0,4.495550738137042,32,0.6673264689351946
Morphettville Parks,2400,2,5.0,3.335136174935808,30,1.4991891598238072
Morphettville Parks,2400,3,2.0,3.486146854815618,32,0.5736992970440369
Morphettville Parks,2400,4,2.0,2.2778474324653954,40,0.878021930483434
Morphettville Parks,2426,0,0.0,0.04674364372185568,1,0.0
Morphettville Parks,2426,1,0.0,0.22407044446714375,2,0.0
Morphettville Parks,2426,2,0.0,0.15672868777328083,2,0.0
Morphettville Parks,2426,3,0.0,0.1285284913653288,2,0.0
Morphettville Parks,2426,4,1.0,0.443928732672391,2,2.2526138238003544
Morphettville Parks,3500,0,2.0,0.5332888662809812,2,3.750312685032192
Morphettville Parks,3500,1,0.0,0.4370972040052804,4,0.0
Morphettville Parks,3500,2,0.0,0.4452773598046117,2,0.0
Morphettville Parks,3500,3,0.0,0.24382379313328706,4,0.0
Morphettville Parks,3500,4,0.0,0.34051277677583974,3,0.0
Mortlake,1100,0,2.0,1.6862421660808178,10,1.186069261124232
Mortlake,1100,1,2.0,2.7825796929063014,20,0.7187574915100002
Mortlake,1100,2,3.0,1.6295197723341863,18,1.841033199433159
Mortlake,1100,3,1.0,1.7801413708057712,20,0.5617531373631047
Mortlake,1100,4,2.0,2.121516997872923,25,0.9427216477667827
Mortlake,1300,0,0.0,2.402492254508288,13,0.0
Mortlake,1300,1,5.0,3.544905776722505,26,1.4104747248381941
Mortlake,1300,2,4.0,2.6393142896208532,26,1.5155451610026383
Mortlake,1300,3,3.0,2.1426051278649703,26,1.4001646691611316
Mortlake,1300,4,1.0,2.2706825512833833,38,0.4403962145368153
Mortlake,1600,0,0.0,0.5512871080620703,6,0.0
Mortlake,1600,1,2.0,1.796781404875051,12,1.113101457179807
Mortlake,1600,2,2.0,1.4538246586355719,12,1.3756817152056142
Mortlake,1600,3,2.0,1.2744310968025745,12,1.5693276827737557
Mortlake,1600,4,0.0,0.9236757316247326,16,0.0
Mortlake,2000,0,2.0,1.735798347192702,8,1.152207572518196
Mortlake,2000,1,2.0,2.061243577146169,16,0.9702880446419817
Mortlake,2000,2,1.0,1.3873404976844756,14,0.7208035818669161
Mortlake,2000,3,1.0,1.3970830634623377,16,0.7157770544592661
Mortlake,2000,4,2.0,1.4185345145143156,20,1.4099057721445496
Moruya,920,0,3.0,2.314162036049713,18,1.296365575645263
Moruya,920,1,6.0,4.292454955224743,36,1.3978015058019062
Moruya,920,2,5.0,4.181344251149637,40,1.1957876940233463
Moruya,920,3,2.0,3.9293873756773015,40,0.5089851950917065
Moruya,920,4,2.0,3.2826513818986065,48,0.609263600462882
Moruya,930,0,2.0,1.8202850170969191,9,1.098729034857244
Moruya,930,1,1.0,1.9638005653020965,18,0.5092166779400878
Moruya,930,2,1.0,1.7868286730257428,17,0.5596507460934353
Moruya,930,3,3.0,2.0579456610598172,18,1.4577644379857124
Moruya,930,4,2.0,1.3711400835154242,23,1.458640166708759
Moruya,1010,0,32.0,16.687999374996416,96,1.9175456135230633
Moruya,1010,1,17.0,24.178276605732805,192,0.7031104936556647
Moruya,1010,2,21.0,20.667931521122956,218,1.016066846289754
Moruya,1010,3,18.0,18.17182514450064,213,0.9905444201045133
Moruya,1010,4,8.0,16.293967353647183,247,0.49097925792819935
Moruya,1020,0,6.0,3.750147641397075,24,1.5999370088172762
Moruya,1020,1,4.0,5.765543379488356,48,0.6937767590528416
Moruya,1020,2,5.0,4.731540768532322,46,1.056738226425755
Moruya,1020,3,5.0,5.050443663704226,47,0.990012033186956
Moruya,1020,4,4.0,4.70232454687802,61,0.8506431149367797
Moruya,1200,0,17.0,11.415507601562634,97,1.4892022845898611
Moruya,1200,1,26.0,22.372900539622904,195,1.1621202156579304
Moruya,1200,2,25.0,24.507801295501064,285,1.0200833480965625
Moruya,1200,3,15.0,19.01213799257413,242,0.7889696574819091
Moruya,1200,4,14.0,19.69165257073927,292,0.7109611521789311
Moruya,1210,0,6.0,3.4565099905862002,26,1.7358549566878125
Moruya,1210,1,6.0,6.835594138741068,52,0.8777583745054001
Moruya,1210,2,6.0,5.664212509282357,70,1.0592822903744101
Moruya,1210,3,5.0,5.474389492680456,61,0.9133438544490231
Moruya,1210,4,3.0,4.569293868709919,71,0.6565565897487375
Moruya,1300,0,8.0,5.493954568023521,38,1.456146005750106
Moruya,1300,1,8.0,6.63650450958597,76,1.2054538633168341
Moruya,1300,2,13.0,11.210482315527184,102,1.1596289645802507
Moruya,1300,3,4.0,7.674581020659734,90,0.5212010908780719
Moruya,1300,4,5.0,6.9844775862035915,106,0.7158731541892952
Moruya,1310,0,1.0,0.37877766913220756,5,2.6400711591341532
Moruya,1310,1,1.0,1.1230479743739887,10,0.8904339109443847
Moruya,1310,2,1.0,1.1209784441497412,14,0.8920778140015859
Moruya,1310,3,2.0,1.4802157598781571,12,1.3511543750653139
Moruya,1310,4,0.0,0.8969801524659051,15,0.0
Moruya,1400,0,2.0,0.24179263416235014,4,8.271550566164528
Moruya,1400,1,0.0,0.45624076098563815,8,0.0
Moruya,1400,2,1.0,1.0255311741176687,15,0.9751044387903324
Moruya,1400,3,1.0,1.033226125598616,12,0.9678423485668581
Moruya,1400,4,0.0,1.2432093051357271,15,0.0
Moruya,1415,0,0.0,0.12325616904891523,2,0.0
Moruya,1415,1,0.0,0.32884561837239557,4,0.0
Moruya,1415,2,1.0,0.5243576073389704,5,1.9070954364042458
Moruya,1415,3,0.0,0.34819864243012694,5,0.0
Moruya,1415,4,1.0,0.6753419628095919,5,1.480731325860086
Moruya,1425,0,17.0,9.657534831343938,79,1.760283581357199
Moruya,1425,1,10.0,14.81353211102109,158,0.6750584482521977
Moruya,1425,2,21.0,21.281362161955652,224,0.9867789401912139
Moruya,1425,3,17.0,17.866304518597243,194,0.9515118239647434
Moruya,1425,4,14.0,15.381266377082074,229,0.9101981369271294
Moruya,1435,0,4.0,2.6797650028430833,24,1.4926681987996038
Moruya,1435,1,5.0,5.693096666038718,48,0.8782566489388318
Moruya,1435,2,6.0,5.51312256575076,62,1.0883124632987256
Moruya,1435,3,2.0,4.754511516450378,55,0.42065309823734726
Moruya,1435,4,7.0,5.35950424891706,65,1.3060909507468752
Moruya,1640,0,0.0,0.17667401246736278,3,0.0
Moruya,1640,1,1.0,1.108146397140967,6,0.9024078430250856
Moruya,1640,2,0.0,0.3618568634587414,7,0.0
Moruya,1640,3,1.0,0.5934784506030236,7,1.6849811462975894
Moruya,1640,4,1.0,0.759844276329905,8,1.316059133629409
Moruya,1650,0,10.0,10.27845176355083,77,0.9729091725138733
Moruya,1650,1,15.0,15.91393333649873,151,0.9425702422415824
Moruya,1650,2,27.0,18.52646311801525,182,1.4573747740196037
Moruya,1650,3,16.0,16.883547153942978,173,0.9476681561115767
Moruya,1650,4,8.0,14.397604627992212,207,0.5556479849742633
Moruya,1660,0,0.0,1.1992273697836549,13,0.0
Moruya,1660,1,1.0,3.1448508992021837,26,0.31798009891460666
Moruya,1660,2,5.0,3.028786744208492,36,1.6508260311033032
Moruya,1660,3,3.0,2.777215092763775,36,1.0802188162583108
Moruya,1660,4,4.0,2.849919894041894,39,1.4035482219561641
Moruya,2000,0,2.0,0.5706213094538224,5,3.5049514745853534
Moruya,2000,1,3.0,1.0163611951465943,12,2.951706553069745
Moruya,2000,2,0.0,1.3043561878704724,13,0.0
Moruya,2000,3,0.0,1.2297551583015502,11,0.0
Moruya,2000,4,0.0,0.8789061492275607,9,0.0
Moruya,2010,0,0.0,0.43587820236246183,5,0.0
Moruya,2010,1,2.0,0.8122641116755839,10,2.462253312994819
Moruya,2010,2,0.0,0.9871388862838872,15,0.0
Moruya,2010,3,3.0,1.5047009146031751,13,1.9937516956924095
Moruya,2010,4,0.0,1.2600178850748918,16,0.0
Morven,1000,0,1.0,0.2566047882670335,2,3.897043413544407
Morven,1000,1,1.0,0.43605165450125716,4,2.2933062853385344
Morven,1000,2,0.0,0.3706381807686131,4,0.0
Morven,1000,3,0.0,0.5128020114555054,4,0.0
Morven,1000,4,0.0,0.4239033650075908,4,0.0
Morven,1400,0,0.0,0.17497351698681923,2,0.0
Morven,1400,1,1.0,0.48931732985706966,4,2.0436635675505332
Morven,1400,2,1.0,0.5119737773917997,4,1.9532250364352683
Morven,1400,3,0.0,0.3292993983540753,4,0.0
Morven,1400,4,0.0,0.4944359774102361,5,0.0
Mt Barker,1000,0,3.0,2.183696439643467,16,1.3738173243941412
Mt Barker,1000,1,6.0,3.7564129332465104,32,1.5972684863520719
Mt Barker,1000,2,4.0,3.9245776776111727,34,1.0192179461293618
Mt Barker,1000,3,2.0,3.1886537475609105,33,0.6272239503990846
Mt Barker,1000,4,1.0,2.9466592019379396,44,0.339367375549343
Mt Barker,1100,0,6.0,2.518302331049378,23,2.3825574578647974
Mt Barker,1100,1,6.0,5.262450320560771,46,1.1401532811735189
Mt Barker,1100,2,2.0,4.343583851294971,47,0.4604492668890763
Mt Barker,1100,3,4.0,5.394825624135437,47,0.741451212455274
Mt Barker,1100,4,5.0,5.480837872959444,59,0.912269276321467
Mt Barker,1200,0,3.0,2.326539285847661,16,1.2894688769061415
Mt Barker,1200,1,4.0,4.2326902205774655,32,0.9450254546278325
Mt Barker,1200,2,3.0,3.871582777005491,38,0.7748768844147963
Mt Barker,1200,3,5.0,3.2185167568177535,36,1.5535106316934804
Mt Barker,1200,4,1.0,2.350670959751629,42,0.4254104539180846
Mt Barker,1300,0,15.0,7.140005152715706,46,2.100838820024484
Mt Barker,1300,1,14.0,10.63126490582123,93,1.316870581630808
Mt Barker,1300,2,4.0,11.224365636736874,107,0.35636757830733606
Mt Barker,1300,3,7.0,7.315415784003751,103,0.9568834098680413
Mt Barker,1300,4,6.0,9.688948520722441,120,0.6192622436962457
Mt Barker,1850,0,2.0,3.5282827180801966,26,0.5668479993826109
Mt Barker,1850,1,4.0,5.0024994761813755,52,0.7996002836272905
Mt Barker,1850,2,3.0,5.958307875309174,49,0.5034986547828113
Mt Barker,1850,3,11.0,5.682276424484308,52,1.9358438728186826
Mt Barker,1850,4,6.0,5.828633505944946,69,1.0294008010420055
Mt Barker,2000,0,0.0,0.5604595206190004,4,0.0
Mt Barker,2000,1,2.0,0.7331308346656473,8,2.7280260295041647
Mt Barker,2000,2,1.0,0.8389471459726167,9,1.1919702031296262
Mt Barker,2000,3,0.0,0.9129117739737463,9,0.0
Mt Barker,2000,4,1.0,0.9545507247689894,10,1.0476132635507764
Mt Gambier,900,0,4.0,3.48609985302109,24,1.1474140640388022
Mt Gambier,900,1,4.0,6.222220605181832,48,0.6428573099238593
Mt Gambier,900,2,6.0,5.564880909217318,53,1.078190189130908
Mt Gambier,900,3,7.0,4.944536332566986,49,1.4157040274726644
Mt Gambier,900,4,3.0,3.7822623000127753,61,0.7931760840568532
Mt Gambier,903,0,0.0,0.009052270202622373,1,0.0
Mt Gambier,903,1,0.0,0.24552885969335,2,0.0
Mt Gambier,903,2,0.0,0.19537341228945146,2,0.0
Mt Gambier,903,3,0.0,0.14162832573155493,2,0.0
Mt Gambier,903,4,1.0,0.4084171320830211,2,2.4484771118678847
Mt Gambier,905,0,0.0,0.01339792282253367,1,0.0
Mt Gambier,905,1,0.0,0.31723108051512283,2,0.0
Mt Gambier,905,2,0.0,0.3986698986217336,1,0.0
Mt Gambier,905,3,1.0,0.15323874228272882,2,6.525764862745859
Mt Gambier,905,4,0.0,0.1174623557578812,2,0.0
Mt Gambier,906,0,1.0,0.3917570912902387,4,2.552602166578616
Mt Gambier,906,1,2.0,0.8893181855101011,8,2.248913867484703
Mt Gambier,906,2,1.0,1.444847207573576,7,0.6921147058029504
Mt Gambier,906,3,0.0,0.5825120107165048,8,0.0
Mt Gambier,906,4,0.0,0.691565504909579,9,0.0
Mt Gambier,910,0,3.0,0.9022119430251075,3,3.3251610369300035
Mt Gambier,910,1,0.0,0.4021056151018144,6,0.0
Mt Gambier,910,2,0.0,0.3365779478244231,3,0.0
Mt Gambier,910,3,0.0,0.5369261357604956,6,0.0
Mt Gambier,910,4,0.0,0.8221783582881594,6,0.0
Mt Gambier,912,0,0.0,0.10821240772524213,2,0.0
Mt Gambier,912,1,1.0,0.6447221651426205,4,1.5510557168121988
Mt Gambier,912,2,0.0,0.32439175161859285,4,0.0
Mt Gambier,912,3,0.0,0.3468466976657453,4,0.0
Mt Gambier,912,4,1.0,0.5758269778477993,4,1.7366327707284264
Mt Gambier,1200,0,11.0,7.883373699089011,58,1.3953416925130848
Mt Gambier,1200,1,13.0,12.997672809605127,116,1.0001790466977405
Mt Gambier,1200,2,12.0,13.008991960634104,142,0.9224388819912129
Mt Gambier,1200,3,9.0,10.249044863058993,130,0.8781306082910252
Mt Gambier,1200,4,13.0,13.860916667612763,161,0.9378889081972213
Mt Gambier,1202,0,0.0,0.03164473301574041,1,0.0
Mt Gambier,1202,1,0.0,0.11814033659209752,2,0.0
Mt Gambier,1202,2,1.0,0.3702433762841628,2,2.7009261044348762
Mt Gambier,1202,3,0.0,0.24816132733396426,2,0.0
Mt Gambier,1202,4,0.0,0.2318102267740349,3,0.0
Mt Gambier,1203,0,0.0,0.08106826387915338,1,0.0
Mt Gambier,1203,1,0.0,0.07913806712012592,2,0.0
Mt Gambier,1203,2,0.0,0.2863710100666197,3,0.0
Mt Gambier,1203,3,1.0,0.45644204128540417,3,2.1908586623262423
Mt Gambier,1203,4,0.0,0.09698061764869684,3,0.0
Mt Gambier,1204,0,1.0,0.2888759171717853,2,3.461693898855999
Mt Gambier,1204,1,0.0,0.41456212369758855,4,0.0
Mt Gambier,1204,2,0.0,0.23110935831187113,4,0.0
Mt Gambier,1204,3,1.0,0.5627249786559229,4,1.7770670184012716
Mt Gambier,1204,4,0.0,0.5027276221628323,6,0.0
Mt Gambier,1205,0,1.0,0.3435154336736322,3,2.911077354824418
Mt Gambier,1205,1,1.0,0.6034628054405102,6,1.657102958101998
Mt Gambier,1205,2,1.0,1.0014800042706047,8,0.998522182905007
Mt Gambier,1205,3,0.0,0.48237386152056144,8,0.0
Mt Gambier,1205,4,0.0,0.5691678950946915,9,0.0
Mt Gambier,1210,0,1.0,0.6866465450920245,4,1.4563533555185657
Mt Gambier,1210,1,2.0,0.7409207512526337,8,2.6993440210963326
Mt Gambier,1210,2,0.0,0.852010902193773,8,0.0
Mt Gambier,1210,3,1.0,1.0231381650395561,9,0.9773851021981361
Mt Gambier,1210,4,0.0,0.6972836364220127,11,0.0
Mt Gambier,1211,0,0.0,0.3775980097461854,6,0.0
Mt Gambier,1211,1,3.0,1.9240643312239345,12,1.559199425567877
Mt Gambier,1211,2,1.0,1.0333438510968143,10,0.9677320854414314
Mt Gambier,1211,3,1.0,1.1908518790305036,12,0.8397349977850478
Mt Gambier,1211,4,1.0,1.474141928902562,16,0.6783607333823405
Mt Gambier,1212,0,0.0,0.6466749284455766,6,0.0
Mt Gambier,1212,1,2.0,2.189040523512106,12,0.9136422914598179
Mt Gambier,1212,2,0.0,0.8632262409584741,14,0.0
Mt Gambier,1212,3,4.0,1.3162790649317764,15,3.038869269114542
Mt Gambier,1212,4,0.0,0.9847792421520668,16,0.0
Mt Gambier,1213,0,2.0,0.8038185956214517,8,2.488123577750464
Mt Gambier,1213,1,2.0,2.3768046989387037,16,0.8414658557739492
Mt Gambier,1213,2,3.0,2.0273555996549337,19,1.4797601370527278
Mt Gambier,1213,3,0.0,1.1026012210326104,18,0.0
Mt Gambier,1213,4,1.0,1.689419884752301,21,0.5919191605505566
Mt Gambier,1214,0,2.0,0.2040115084834225,2,9.803368520077951
Mt Gambier,1214,1,0.0,0.4626183202040791,4,0.0
Mt Gambier,1214,2,0.0,0.7710170875677965,6,0.0
Mt Gambier,1214,3,0.0,0.32729385810710565,5,0.0
Mt Gambier,1214,4,0.0,0.23505922563759626,6,0.0
Mt Gambier,1215,0,0.0,0.10347630629486973,2,0.0
Mt Gambier,1215,1,1.0,0.30095815336838355,4,3.322721078687522
Mt Gambier,1215,2,0.0,0.7639084442655377,6,0.0
Mt Gambier,1215,3,0.0,0.4519924967721618,5,0.0
Mt Gambier,1215,4,1.0,0.3796645992990472,6,2.633903718825095
Mt Gambier,1216,0,0.0,0.32751655146684655,2,0.0
Mt Gambier,1216,1,1.0,0.39118354568722513,4,2.5563447415540335
Mt Gambier,1216,2,0.0,0.26605714725718244,3,0.0
Mt Gambier,1216,3,1.0,0.6613338636418622,4,1.5120955616776621
Mt Gambier,1216,4,0.0,0.3539088919468837,4,0.0
Mt Gambier,1217,0,0.0,0.07991723626041047,2,0.0
Mt Gambier,1217,1,0.0,0.6632360861338478,4,0.0
Mt Gambier,1217,2,2.0,0.16472293459146625,4,12.141600105414911
Mt Gambier,1217,3,0.0,0.6216341781395947,4,0.0
Mt Gambier,1217,4,0.0,0.47048956487468097,4,0.0
Mt Gambier,1218,0,0.0,0.19795371838698722,2,0.0
Mt Gambier,1218,1,1.0,0.4813593596098361,4,2.0774499966315103
Mt Gambier,1218,2,0.0,0.44292674002366234,6,0.0
Mt Gambier,1218,3,1.0,0.3661088445569116,6,2.7314281391105535
Mt Gambier,1218,4,0.0,0.5116513374226028,6,0.0
Mt Gambier,1223,0,1.0,0.11001887259208196,1,9.089349640108654
Mt Gambier,1223,1,0.0,0.1605479023119748,2,0.0
Mt Gambier,1223,2,0.0,0.3056079794224499,1,0.0
Mt Gambier,1223,3,0.0,0.24962869740269683,2,0.0
Mt Gambier,1223,4,0.0,0.17419654827079645,2,0.0
Mt Gambier,1300,0,0.0,0.611157134066727,10,0.0
Mt Gambier,1300,1,2.0,1.8541346770283187,20,1.0786702955178338
Mt Gambier,1300,2,4.0,3.5487512905446454,26,1.127157039902365
Mt Gambier,1300,3,2.0,2.346427074198048,23,0.8523597524050696
Mt Gambier,1300,4,2.0,1.6395298241622607,28,1.2198619204880439
Mt Gambier,1302,0,0.0,0.22528323998156666,2,0.0
Mt Gambier,1302,1,1.0,0.46489807886419576,4,2.151009103851591
Mt Gambier,1302,2,0.0,0.4604585118159643,4,0.0
Mt Gambier,1302,3,1.0,0.2964928582912954,4,3.372762520362395
Mt Gambier,1302,4,0.0,0.552867311046978,6,0.0
Mt Gambier,1312,0,1.0,0.19278470760393931,1,5.187133421673775
Mt Gambier,1312,1,0.0,0.12378807540884523,2,0.0
Mt Gambier,1312,2,0.0,0.3821195835981239,3,0.0
Mt Gambier,1312,3,0.0,0.045867895813871955,2,0.0
Mt Gambier,1312,4,0.0,0.2554397375752196,3,0.0
Mt Gambier,1314,0,0.0,0.09440675886234612,2,0.0
Mt Gambier,1314,1,0.0,0.28533826092407705,4,0.0
Mt Gambier,1314,2,0.0,0.5618434642937741,5,0.0
Mt Gambier,1314,3,0.0,0.4085598126180573,5,0.0
Mt Gambier,1314,4,2.0,0.6498517033017455,6,3.077625233323949
Mt Gambier,1315,0,0.0,0.23455873025194238,1,0.0
Mt Gambier,1315,1,0.0,0.28668289253015183,2,0.0
Mt Gambier,1315,2,1.0,0.1698307746359692,3,5.888214324780013
Mt Gambier,1315,3,0.0,0.17143663609732218,3,0.0
Mt Gambier,1315,4,0.0,0.13749096648461442,3,0.0
Mt Gambier,1316,0,0.0,0.20855525363729213,1,0.0
Mt Gambier,1316,1,0.0,0.1522784391637371,2,0.0
Mt Gambier,1316,2,1.0,0.47114911550448985,2,2.1224702903861665
Mt Gambier,1316,3,0.0,0.07197200909835963,2,0.0
Mt Gambier,1316,4,0.0,0.09604518259612138,2,0.0
Mt Gambier,1317,0,0.0,0.16926272235245393,1,0.0
Mt Gambier,1317,1,0.0,0.20535550873643305,2,0.0
Mt Gambier,1317,2,0.0,0.08908564334339679,1,0.0
Mt Gambier,1317,3,1.0,0.403206485008327,2,2.4801188402992773
Mt Gambier,1317,4,0.0,0.13308964055938916,2,0.0
Mt Gambier,1323,0,0.0,0.21544646276518378,2,0.0
Mt Gambier,1323,1,1.0,0.6550885144186208,4,1.5265112698357746
Mt Gambier,1323,2,0.0,0.4797226158703829,3,0.0
Mt Gambier,1323,3,1.0,0.30555899495419936,4,3.272690434624225
Mt Gambier,1323,4,0.0,0.3441834119916131,4,0.0
Mt Gambier,1400,0,5.0,3.4339982222777783,36,1.4560287094975517
Mt Gambier,1400,1,6.0,7.377448433105829,73,0.8132893173573918
Mt Gambier,1400,2,8.0,9.53146613722293,107,0.8393252291751692
Mt Gambier,1400,3,11.0,8.051708489758271,94,1.3661696786454627
Mt Gambier,1400,4,6.0,7.605378717635191,106,0.7889153483030802
Mt Gambier,1403,0,0.0,0.38159873160012514,2,0.0
Mt Gambier,1403,1,0.0,0.12250469750570436,4,0.0
Mt Gambier,1403,2,1.0,0.6805682021074295,8,1.4693604504345434
Mt Gambier,1403,3,1.0,0.4225164210311437,6,2.366771917549425
Mt Gambier,1403,4,0.0,0.39281194775559714,8,0.0
Mt Gambier,1404,0,1.0,0.2947283686569475,1,3.392954687588834
Mt Gambier,1404,1,0.0,0.225065299701669,2,0.0
Mt Gambier,1404,2,0.0,0.16897759802998322,2,0.0
Mt Gambier,1404,3,0.0,0.09068565189444538,2,0.0
Mt Gambier,1404,4,0.0,0.22054308171695486,3,0.0
Mt Gambier,1405,0,1.0,0.16964019562347413,1,5.894829325825324
Mt Gambier,1405,1,0.0,0.21953437080684887,2,0.0
Mt Gambier,1405,2,0.0,0.3072507646414257,3,0.0
Mt Gambier,1405,3,0.0,0.18122964964852467,3,0.0
Mt Gambier,1405,4,0.0,0.1223450192797266,3,0.0
Mt Gambier,1410,0,0.0,0.03865263817873482,1,0.0
Mt Gambier,1410,1,0.0,0.1475828003188057,2,0.0
Mt Gambier,1410,2,0.0,0.25551428185521546,3,0.0
Mt Gambier,1410,3,0.0,0.27157654648829405,3,0.0
Mt Gambier,1410,4,1.0,0.28667373315894995,3,3.4882861048365985
Mt Gambier,1411,0,0.0,0.016126442323740463,1,0.0
Mt Gambier,1411,1,0.0,0.13197722665862993,2,0.0
Mt Gambier,1411,2,0.0,0.45917164795007437,3,0.0
Mt Gambier,1411,3,0.0,0.018296740942300327,2,0.0
Mt Gambier,1411,4,1.0,0.3744279421252549,3,2.670740848890697
Mt Gambier,1412,0,0.0,0.8410508955245474,5,0.0
Mt Gambier,1412,1,1.0,0.7055342054435281,10,1.4173657241343225
Mt Gambier,1412,2,2.0,1.6756931751678454,13,1.1935359227083266
Mt Gambier,1412,3,2.0,1.20337939407033,11,1.6619862446166438
Mt Gambier,1412,4,0.0,0.5743423297937496,12,0.0
Mt Gambier,1413,0,0.0,0.09333819680518862,1,0.0
Mt Gambier,1413,1,0.0,0.25262185874447796,2,0.0
Mt Gambier,1413,2,0.0,0.190919038919704,1,0.0
Mt Gambier,1413,3,0.0,0.32401688319515476,2,0.0
Mt Gambier,1413,4,1.0,0.13910402233547467,2,7.188864730225543
Mt Gambier,1414,0,0.0,0.30526319285893755,2,0.0
Mt Gambier,1414,1,1.0,0.26723106363366694,4,3.74207993038881
Mt Gambier,1414,2,0.0,0.7735042811463595,5,0.0
Mt Gambier,1414,3,0.0,0.34175328480033323,5,0.0
Mt Gambier,1414,4,1.0,0.3122481775607029,6,3.2025807414219227
Mt Gambier,1415,0,0.0,0.269494451313833,2,0.0
Mt Gambier,1415,1,0.0,0.4935964095553361,4,0.0
Mt Gambier,1415,2,1.0,0.39841832021847207,6,2.5099247430480895
Mt Gambier,1415,3,0.0,0.14655643755598816,5,0.0
Mt Gambier,1415,4,1.0,0.6919343813563708,6,1.4452237480087935
Mt Gambier,1416,0,0.0,0.191809150412008,2,0.0
Mt Gambier,1416,1,1.0,0.6406761307993404,4,1.5608510321000233
Mt Gambier,1416,2,1.0,0.33596148541414317,3,2.976531666322673
Mt Gambier,1416,3,0.0,0.5954725246380819,4,0.0
Mt Gambier,1416,4,0.0,0.23608070873642656,5,0.0
Mt Gambier,1417,0,1.0,0.17302872032868777,2,5.779387364712552
Mt Gambier,1417,1,0.0,0.5653590817889119,4,0.0
Mt Gambier,1417,2,1.0,0.5961925340466755,5,1.6773105043977465
Mt Gambier,1417,3,0.0,0.3251147197425503,4,0.0
Mt Gambier,1417,4,0.0,0.34030494409317463,6,0.0
Mt Gambier,1418,0,0.0,0.07473106029593196,1,0.0
Mt Gambier,1418,1,1.0,0.36024203424705664,2,2.77591148431666
Mt Gambier,1418,2,0.0,0.2925369710729644,3,0.0
Mt Gambier,1418,3,0.0,0.21577400220172685,2,0.0
Mt Gambier,1418,4,0.0,0.05671593218232024,3,0.0
Mt Gambier,1550,0,6.0,5.207123269642505,47,1.1522677089248032
Mt Gambier,1550,1,10.0,9.8145509509184,94,1.0188953167606967
Mt Gambier,1550,2,16.0,12.61842537190246,133,1.2679870529350927
Mt Gambier,1550,3,5.0,9.754058009149972,115,0.5126071626096194
Mt Gambier,1550,4,10.0,9.605842398386663,136,1.0410331114405476
Mt Gambier,1555,0,0.0,0.08533816549640785,1,0.0
Mt Gambier,1555,1,1.0,0.2244804634361836,2,4.454730646456834
Mt Gambier,1555,2,0.0,0.26387899409379445,3,0.0
Mt Gambier,1555,3,0.0,0.35896030854965344,3,0.0
Mt Gambier,1555,4,0.0,0.06734206842396054,3,0.0
Mt Gambier,1556,0,0.0,0.07480709458865056,1,0.0
Mt Gambier,1556,1,0.0,0.24163878966333951,2,0.0
Mt Gambier,1556,2,0.0,0.1163495590016102,2,0.0
Mt Gambier,1556,3,0.0,0.18857621760888996,2,0.0
Mt Gambier,1556,4,1.0,0.37862833913750976,3,2.641112396071392
Mt Gambier,1560,0,1.0,0.2579866377050307,2,3.876169746215116
Mt Gambier,1560,1,1.0,0.3765588313270828,4,2.655627532292265
Mt Gambier,1560,2,0.0,0.1893675953968058,3,0.0
Mt Gambier,1560,3,0.0,0.7537715566537668,4,0.0
Mt Gambier,1560,4,0.0,0.42231537891731386,4,0.0
Mt Gambier,1561,0,1.0,0.23263655351363766,1,4.298550614236889
Mt Gambier,1561,1,0.0,0.09916878723498015,2,0.0
Mt Gambier,1561,2,0.0,0.276526794417838,3,0.0
Mt Gambier,1561,3,0.0,0.08381758178064887,2,0.0
Mt Gambier,1561,4,0.0,0.3078502830528954,3,0.0
Mt Gambier,1562,0,0.0,0.819071802547332,6,0.0
Mt Gambier,1562,1,2.0,2.0350358044980004,12,0.982783691362795
Mt Gambier,1562,2,1.0,1.437514371567755,12,0.6956452191218087
Mt Gambier,1562,3,2.0,0.5844195710044843,12,3.4221988777043437
Mt Gambier,1562,4,1.0,1.1239584503824285,16,0.8897126042868831
Mt Gambier,1563,0,0.0,0.3395957889409633,4,0.0
Mt Gambier,1563,1,0.0,0.6467408056122114,8,0.0
Mt Gambier,1563,2,0.0,1.06454571674389,10,0.0
Mt Gambier,1563,3,2.0,1.0659665397239508,10,1.876231500210065
Mt Gambier,1563,4,2.0,0.8831511489789843,12,2.2646180127968023
Mt Gambier,1564,0,1.0,0.6331054706728132,4,1.5795156515347768
Mt Gambier,1564,1,2.0,1.3277963429577977,8,1.5062550899521248
Mt Gambier,1564,2,0.0,0.6716163741550193,10,0.0
Mt Gambier,1564,3,1.0,0.6112741097574902,10,1.6359272935618496
Mt Gambier,1564,4,0.0,0.7562077024568796,12,0.0
Mt Gambier,1565,0,1.0,0.4205705973848062,3,2.377722090460446
Mt Gambier,1565,1,0.0,0.40765225029739577,6,0.0
Mt Gambier,1565,2,0.0,0.67326656411915,8,0.0
Mt Gambier,1565,3,1.0,0.8039755201250722,7,1.243818965836712
Mt Gambier,1565,4,1.0,0.6945350680735757,8,1.4398121073622518
Mt Gambier,1567,0,0.0,0.11204435202567152,1,0.0
Mt Gambier,1567,1,1.0,0.21500149489875936,2,4.65113045130632
Mt Gambier,1567,2,0.0,0.34744522623345253,3,0.0
Mt Gambier,1567,3,0.0,0.15785798423879496,3,0.0
Mt Gambier,1567,4,0.0,0.16765094260332158,3,0.0
Mt Gambier,1568,0,0.0,0.14686200190945273,1,0.0
Mt Gambier,1568,1,1.0,0.18798037744406068,2,5.319704181877072
Mt Gambier,1568,2,0.0,0.2636548331393309,4,0.0
Mt Gambier,1568,3,0.0,0.14987496600091388,3,0.0
Mt Gambier,1568,4,0.0,0.2516278215062418,3,0.0
Mt Gambier,1573,0,0.0,0.04370447787792371,1,0.0
Mt Gambier,1573,1,0.0,0.4049468954963907,2,0.0
Mt Gambier,1573,2,1.0,0.22826602839703444,2,4.3808533710528765
Mt Gambier,1573,3,0.0,0.15700558229254105,2,0.0
Mt Gambier,1573,4,0.0,0.16607701593611013,3,0.0
Mt Gambier,1800,0,1.0,0.6009240353370886,10,1.6641038487319775
Mt Gambier,1800,1,3.0,2.6553214895057797,20,1.129806696423179
Mt Gambier,1800,2,3.0,1.8512870272866164,24,1.6204942592813512
Mt Gambier,1800,3,1.0,2.4144324167567572,23,0.4141760163008718
Mt Gambier,1800,4,2.0,2.4780350311137584,28,0.8070910922922245
Mt Gambier,1810,0,0.0,0.1273335167476004,1,0.0
Mt Gambier,1810,1,1.0,0.49473379533325185,2,2.021289043588384
Mt Gambier,1810,2,0.0,0.25112999136332304,3,0.0
Mt Gambier,1810,3,0.0,0.08881085817865422,2,0.0
Mt Gambier,1810,4,0.0,0.037991838377170635,3,0.0
Mt Gambier,1812,0,1.0,0.4278400555345458,2,2.3373220601109783
Mt Gambier,1812,1,1.0,0.5595334990102849,4,1.7872030928779454
Mt Gambier,1812,2,0.0,0.6207560406271753,7,0.0
Mt Gambier,1812,3,0.0,0.2700133057194501,6,0.0
Mt Gambier,1812,4,0.0,0.1218570991085438,6,0.0
Mt Gambier,1814,0,0.0,0.17747816225500804,1,0.0
Mt Gambier,1814,1,0.0,0.2454058160228474,2,0.0
Mt Gambier,1814,2,0.0,0.1160567982589121,2,0.0
Mt Gambier,1814,3,0.0,0.25952469492167324,2,0.0
Mt Gambier,1814,4,1.0,0.20153452854155915,3,4.961928892466615
Mt Gambier,1815,0,0.0,0.2056943079340623,1,0.0
Mt Gambier,1815,1,0.0,0.351845526729317,2,0.0
Mt Gambier,1815,2,1.0,0.17294910117101076,3,5.7820479738209665
Mt Gambier,1815,3,0.0,0.03145912944873894,2,0.0
Mt Gambier,1815,4,0.0,0.23805193471687092,3,0.0
Mt Gambier,1817,0,0.0,0.12080447930336334,2,0.0
Mt Gambier,1817,1,0.0,0.29330243095940706,4,0.0
Mt Gambier,1817,2,2.0,0.8980747882535847,5,2.2269860218314808
Mt Gambier,1817,3,0.0,0.23535777214038503,4,0.0
Mt Gambier,1817,4,0.0,0.4524605293432597,5,0.0
Mt Gambier,1827,0,0.0,0.02700147204524335,1,0.0
Mt Gambier,1827,1,0.0,0.06686078792155495,2,0.0
Mt Gambier,1827,2,0.0,0.1521901151640989,1,0.0
Mt Gambier,1827,3,1.0,0.2656710053842857,2,3.7640539604746404
Mt Gambier,1827,4,0.0,0.4882766194848172,2,0.0
Mt Gambier,2050,0,1.0,2.85348446339079,28,0.3504487278026746
Mt Gambier,2050,1,7.0,5.8125301960441,56,1.2042948189351463
Mt Gambier,2050,2,11.0,7.037653677141618,69,1.5630209306445597
Mt Gambier,2050,3,6.0,6.024676706725362,66,0.9959040612589526
Mt Gambier,2050,4,3.0,6.2716549566981294,74,0.47834264172903823
Mt Gambier,2058,0,0.0,0.1021819145637958,1,0.0
Mt Gambier,2058,1,0.0,0.17928621639581754,2,0.0
Mt Gambier,2058,2,0.0,0.19224563884638854,3,0.0
Mt Gambier,2058,3,0.0,0.2539065755827653,2,0.0
Mt Gambier,2058,4,1.0,0.27237965461123276,3,3.6713461636013127
Mt Gambier,2060,0,0.0,0.08435349394498078,1,0.0
Mt Gambier,2060,1,1.0,0.1394077350911447,2,7.173203117791136
Mt Gambier,2060,2,0.0,0.4928345159056569,2,0.0
Mt Gambier,2060,3,0.0,0.2585125232010304,2,0.0
Mt Gambier,2060,4,0.0,0.024891731857187106,2,0.0
Mt Gambier,2062,0,0.0,0.12866634961324147,2,0.0
Mt Gambier,2062,1,1.0,0.5993243261862147,4,1.668545654342908
Mt Gambier,2062,2,1.0,0.6229361891811926,7,1.60530085965054
Mt Gambier,2062,3,0.0,0.112163626166323,5,0.0
Mt Gambier,2062,4,0.0,0.5369095088530285,7,0.0
Mt Gambier,2065,0,0.0,0.1561649356674564,2,0.0
Mt Gambier,2065,1,0.0,0.6601660858740555,4,0.0
Mt Gambier,2065,2,1.0,0.5318252676774889,6,1.8803168273050594
Mt Gambier,2065,3,1.0,0.5099395155619291,4,1.9610168843221487
Mt Gambier,2065,4,0.0,0.1419041952190701,3,0.0
Mt Gambier,2066,0,0.0,0.1183119170527615,1,0.0
Mt Gambier,2066,1,0.0,0.14623040573022833,2,0.0
Mt Gambier,2066,2,1.0,0.2671559417320421,1,3.7431321703598934
Mt Gambier,2066,3,0.0,0.3680815197197025,2,0.0
Mt Gambier,2066,4,0.0,0.10022021576526553,2,0.0
Mt Gambier,2069,0,0.0,0.08416723383745478,1,0.0
Mt Gambier,2069,1,0.0,0.14125969315377024,2,0.0
Mt Gambier,2069,2,0.0,0.1753484038280308,1,0.0
Mt Gambier,2069,3,0.0,0.20422931739970646,2,0.0
Mt Gambier,2069,4,1.0,0.3949953517810378,2,2.5316753614719527
Mt Gambier,2070,0,0.0,0.15056184077523344,1,0.0
Mt Gambier,2070,1,0.0,0.26187465468170945,2,0.0
Mt Gambier,2070,2,0.0,0.37102739333896817,2,0.0
Mt Gambier,2070,3,1.0,0.1840200276141742,2,5.434191120200521
Mt Gambier,2070,4,0.0,0.03251608358991477,3,0.0
Mt Gambier,2075,0,0.0,0.12127516849291049,3,0.0
Mt Gambier,2075,1,0.0,0.4716933941147726,6,0.0
Mt Gambier,2075,2,2.0,0.7590496340685726,9,2.6348738082908025
Mt Gambier,2075,3,0.0,0.9259423816542112,6,0.0
Mt Gambier,2075,4,1.0,0.722039421669533,9,1.3849659312060187
Mt Gambier,2077,0,1.0,0.07347030391507604,1,13.610941383281808
Mt Gambier,2077,1,0.0,0.2865341852687966,2,0.0
Mt Gambier,2077,2,0.0,0.3751675093535798,1,0.0
Mt Gambier,2077,3,0.0,0.18612476991819266,2,0.0
Mt Gambier,2077,4,0.0,0.07870323154435496,2,0.0
Mt Gambier,2084,0,0.0,0.08329684857079397,1,0.0
Mt Gambier,2084,1,1.0,0.1600606109791727,2,6.2476332801836
Mt Gambier,2084,2,0.0,0.11106246476105862,1,0.0
Mt Gambier,2084,3,0.0,0.41907110150523674,2,0.0
Mt Gambier,2084,4,0.0,0.22650897418373794,2,0.0
Mt Gambier,2089,0,0.0,0.06028681910909478,1,0.0
Mt Gambier,2089,1,0.0,0.3446396492403252,2,0.0
Mt Gambier,2089,2,0.0,0.21100386688183176,1,0.0
Mt Gambier,2089,3,1.0,0.2856011935572268,2,3.5013859275053307
Mt Gambier,2089,4,0.0,0.09846847121152148,2,0.0
Mt Gambier,2400,0,0.0,0.03165851690288285,1,0.0
Mt Gambier,2400,1,0.0,0.20453320617256432,2,0.0
Mt Gambier,2400,2,0.0,0.15332654264729534,2,0.0
Mt Gambier,2400,3,1.0,0.30181119447414984,2,3.3133297184099315
Mt Gambier,2400,4,0.0,0.30867053980310777,2,0.0
Mt Gambier,2412,0,0.0,0.011648810180360732,1,0.0
Mt Gambier,2412,1,0.0,0.19333999234416904,2,0.0
Mt Gambier,2412,2,0.0,0.6006071058469324,2,0.0
Mt Gambier,2412,3,0.0,0.11373906171010961,2,0.0
Mt Gambier,2412,4,1.0,0.08066502991842814,2,12.396945752220534
Mt Gambier,3150,0,1.0,0.17201987761890916,4,5.813281661642548
Mt Gambier,3150,1,1.0,0.8480471140976067,8,1.17917976887886
Mt Gambier,3150,2,2.0,1.2908460077362574,12,1.5493714881664145
Mt Gambier,3150,3,0.0,0.8438614608847451,9,0.0
Mt Gambier,3150,4,0.0,0.8452255396624817,12,0.0
Mt Garnet,1000,0,3.0,0.9088659419905034,7,3.300816832711008
Mt Garnet,1000,1,2.0,1.7570328098704782,14,1.138282671083093
Mt Garnet,1000,2,2.0,1.631810979894077,12,1.2256321501953753
Mt Garnet,1000,3,0.0,1.4280896229678413,14,0.0
Mt Garnet,1000,4,0.0,1.2742006452771,17,0.0
Mt Garnet,1200,0,1.0,0.4865802853836398,7,2.0551593026658677
Mt Garnet,1200,1,2.0,1.295993790614885,14,1.543217270393787
Mt Garnet,1200,2,0.0,1.4543552593653737,13,0.0
Mt Garnet,1200,3,3.0,1.7029656203974952,14,1.7616327447055329
Mt Garnet,1200,4,1.0,2.060105044238606,18,0.48541214089866463
Mt Garnet,1350,0,1.0,0.27543154030235856,2,3.6306662588541494
Mt Garnet,1350,1,1.0,0.9142993943319055,4,1.0937336349552298
Mt Garnet,1350,2,0.0,0.20800709911366297,4,0.0
Mt Garnet,1350,3,0.0,0.2918812572569529,4,0.0
Mt Garnet,1350,4,0.0,0.31038070899512005,4,0.0
Mt Garnet,1680,0,1.0,0.26884528131619295,1,3.7196114996114997
Mt Garnet,1680,1,0.0,0.21328392317751307,2,0.0
Mt Garnet,1680,2,0.0,0.08364075418726002,1,0.0
Mt Garnet,1680,3,0.0,0.1125933229443885,2,0.0
Mt Garnet,1680,4,0.0,0.32163671837464536,2,0.0
Mt Garnet,1800,0,1.0,0.1698169364584227,2,5.888694148270871
Mt Garnet,1800,1,0.0,0.4602457305441039,4,0.0
Mt Garnet,1800,2,0.0,0.3357446684053206,3,0.0
Mt Garnet,1800,3,0.0,0.4686465480082387,4,0.0
Mt Garnet,1800,4,1.0,0.5655461165839142,5,1.7682023988429647
Mt Isa,900,0,3.0,1.003199612640257,4,2.9904317766874846
Mt Isa,900,1,0.0,1.1609275261488325,8,0.0
Mt Isa,900,2,1.0,0.3551421320666247,5,2.815774051309688
Mt Isa,900,3,0.0,1.0437633999051075,8,0.0
Mt Isa,900,4,0.0,0.43696732923917814,7,0.0
Mt Isa,1000,0,5.0,2.6194463213176653,18,1.9088003290271052
Mt Isa,1000,1,10.0,6.935554099658322,35,1.4418458649890205
Mt Isa,1000,2,0.0,3.7679515499080494,30,0.0
Mt Isa,1000,3,2.0,2.717501521132216,35,0.7359701492151227
Mt Isa,1000,4,1.0,1.9595465079837466,36,0.5103221566447733
Mt Isa,1100,0,3.0,0.8726903616200575,7,3.4376453916951903
Mt Isa,1100,1,2.0,1.6171129913312186,14,1.236771957631474
Mt Isa,1100,2,2.0,2.2565785939423932,12,0.8862975149054599
Mt Isa,1100,3,0.0,1.2428010231743067,15,0.0
Mt Isa,1100,4,0.0,1.0108170299320243,14,0.0
Mt Isa,1200,0,5.0,3.9591053081539678,25,1.262911595127884
Mt Isa,1200,1,8.0,6.8598029770718885,50,1.1662142523246062
Mt Isa,1200,2,7.0,5.028285847829438,45,1.3921245155586555
Mt Isa,1200,3,3.0,4.909100440052279,51,0.6111099246460013
Mt Isa,1200,4,2.0,4.2437054268924275,60,0.47128624605420744
Mt Isa,1450,0,3.0,2.9692774932201003,18,1.0103467954241563
Mt Isa,1450,1,10.0,5.453393999114332,36,1.8337204320142773
Mt Isa,1450,2,3.0,2.9218031697494005,26,1.0267632094660595
Mt Isa,1450,3,1.0,4.409300390456778,36,0.22679334847867005
Mt Isa,1450,4,1.0,2.24622494745939,37,0.4451913870563399
Mt Magnet,1000,0,0.0,0.36169091634320083,3,0.0
Mt Magnet,1000,1,1.0,0.9184099490930386,6,1.0888383787518137
Mt Magnet,1000,2,2.0,0.5853645174329161,5,3.4166744659735957
Mt Magnet,1000,3,0.0,0.5313061113834294,6,0.0
Mt Magnet,1000,4,0.0,0.6032285057474149,7,0.0
Mt Magnet,1200,0,2.0,0.7517007377347997,7,2.6606332807745634
Mt Magnet,1200,1,2.0,2.2518980156443513,14,0.8881396875460748
Mt Magnet,1200,2,1.0,1.2815307845460224,12,0.7803167992989308
Mt Magnet,1200,3,2.0,1.5030693299379774,14,1.3306106113432092
Mt Magnet,1200,4,0.0,1.2118011321368494,15,0.0
Mt Magnet,1400,0,0.0,0.32190066515486554,4,0.0
Mt Magnet,1400,1,3.0,1.567316570915524,8,1.9140995863060364
Mt Magnet,1400,2,1.0,0.648421138461889,7,1.5422075880685915
Mt Magnet,1400,3,0.0,0.5390655696903423,8,0.0
Mt Magnet,1400,4,0.0,0.9232960557773793,9,0.0
Mt Magnet,1800,0,1.0,0.5982317212976384,3,1.6715930707099194
Mt Magnet,1800,1,1.0,0.3216546131441082,6,3.1089247880675615
Mt Magnet,1800,2,0.0,0.7352268590200626,5,0.0
Mt Magnet,1800,3,1.0,0.527909374780136,6,1.8942645229902966
Mt Magnet,1800,4,0.0,0.816977431758055,7,0.0
Mt Newman,1200,0,0.0,0.4033082146267803,3,0.0
Mt Newman,1200,1,1.0,0.9572874564489622,6,1.044618304839676
Mt Newman,1200,2,0.0,0.43027792227027634,5,0.0
Mt Newman,1200,3,1.0,0.7944238042219969,6,1.2587739625694248
Mt Newman,1200,4,1.0,0.41470260243198437,7,2.411366589299402
Mt Newman,1300,0,0.0,0.19201442136709973,2,0.0
Mt Newman,1300,1,1.0,0.56998260173382,4,1.7544395161503485
Mt Newman,1300,2,0.0,0.28690145869840955,2,0.0
Mt Newman,1300,3,1.0,0.6014939913461015,4,1.662526998419502
Mt Newman,1300,4,0.0,0.34960752685456914,4,0.0
Mt Newman,2100,0,0.0,0.27639039501910273,2,0.0
Mt Newman,2100,1,2.0,0.6272188554884909,4,3.1886796490554468
Mt Newman,2100,2,0.0,0.23014513181927637,3,0.0
Mt Newman,2100,3,0.0,0.7207220938035968,4,0.0
Mt Newman,2100,4,0.0,0.14552352386953335,4,0.0
Mudgee,1100,0,7.0,5.088048593121363,34,1.375773024153787
Mudgee,1100,1,15.0,8.347992020283375,68,1.7968392834533184
Mudgee,1100,2,3.0,8.444414127079149,76,0.3552644333701898
Mudgee,1100,3,5.0,5.796358852977129,74,0.8626104985601258
Mudgee,1100,4,4.0,6.323186406538984,86,0.6325924530492235
Mudgee,1200,0,15.0,7.720071068299973,62,1.9429872947145201
Mudgee,1200,1,14.0,14.906280458997278,124,0.9392014351608247
Mudgee,1200,2,19.0,17.10080089386457,159,1.1110590736610955
Mudgee,1200,3,9.0,11.714482196139176,144,0.7682797966918412
Mudgee,1200,4,5.0,10.558365382699002,171,0.4735581521163332
Mudgee,1400,0,7.0,6.877180914274695,65,1.0178589290083055
Mudgee,1400,1,19.0,15.699839737503563,131,1.2102034363199936
Mudgee,1400,2,14.0,18.045041629676927,179,0.7758363924733518
Mudgee,1400,3,20.0,13.7967434332207,160,1.4496174475378512
Mudgee,1400,4,5.0,10.581194285324115,184,0.4725364514792901
Mudgee,1500,0,2.0,0.9832716618694863,10,2.0340258725624376
Mudgee,1500,1,4.0,1.7740820805589195,20,2.2546871104970587
Mudgee,1500,2,3.0,4.345265283016558,28,0.6904066390895582
Mudgee,1500,3,1.0,1.8297086467028882,25,0.5465351009856063
Mudgee,1500,4,0.0,1.0676723278521474,29,0.0
Mudgee,1600,0,2.0,2.1413926765055855,17,0.9339716260091465
Mudgee,1600,1,2.0,3.9462425940747266,34,0.5068112140401594
Mudgee,1600,2,2.0,4.94723589639961,43,0.40426614818499274
Mudgee,1600,3,7.0,3.336360794076009,40,2.098094430443222
Mudgee,1600,4,4.0,2.6287680389440697,45,1.5216253167802247
Mudgee,1850,0,2.0,1.6672793701878115,7,1.1995590155803997
Mudgee,1850,1,2.0,1.1318306143776617,14,1.7670488627838559
Mudgee,1850,2,0.0,1.7938661121367403,18,0.0
Mudgee,1850,3,3.0,1.3050676580783664,16,2.2987313963609513
Mudgee,1850,4,0.0,1.1019562452194203,19,0.0
Mudgee,2000,0,0.0,1.7708152081685256,14,0.0
Mudgee,2000,1,4.0,3.303081558813409,28,1.2109903823982324
Mudgee,2000,2,3.0,3.539977970636544,33,0.8474629008667397
Mudgee,2000,3,6.0,2.9784048610167733,32,2.014501144062634
Mudgee,2000,4,1.0,2.407720401364748,37,0.41533061705718755
Murray Bridge,1200,0,0.0,0.4509557103863096,2,0.0
Murray Bridge,1200,1,1.0,0.8234046482320208,4,1.2144697047158493
Murray Bridge,1200,2,1.0,0.12244781359449505,2,8.16674443295211
Murray Bridge,1200,3,0.0,0.45383486430024017,4,0.0
Murray Bridge,1200,4,0.0,0.14935696348693447,4,0.0
Murray Bridge,1400,0,1.0,0.4167512517715569,2,2.399512888681501
Murray Bridge,1400,1,0.0,0.5553848852203805,4,0.0
Murray Bridge,1400,2,1.0,0.3638510340678706,3,2.7483775126868704
Murray Bridge,1400,3,0.0,0.4722682859639684,4,0.0
Murray Bridge,1400,4,0.0,0.19174454297622348,5,0.0
Murray Bridge,2200,0,0.0,0.18040384342999527,1,0.0
Murray Bridge,2200,1,0.0,0.2031120195260786,2,0.0
Murray Bridge,2200,2,0.0,0.2742994008057343,3,0.0
Murray Bridge,2200,3,1.0,0.228210861938944,2,4.381912374826147
Murray Bridge,2200,4,0.0,0.11397387429924792,3,0.0
Murray Bridge GH,900,0,8.0,4.910038880147958,35,1.6293150004056443
Murray Bridge GH,900,1,9.0,7.165053496830522,70,1.2560966926459336
Murray Bridge GH,900,2,9.0,8.650695550675062,105,1.0403787703865823
Murray Bridge GH,900,3,4.0,6.947971362501219,90,0.575707611805704
Murray Bridge GH,900,4,5.0,7.326240709845238,108,0.6824782583625514
Murray Bridge GH,1000,0,18.0,18.466226326934205,169,0.974752484959302
Murray Bridge GH,1000,1,37.0,30.50647951119375,338,1.212857091111532
Murray Bridge GH,1000,2,45.0,46.63112906382346,461,0.9650205968294066
Murray Bridge GH,1000,3,34.0,34.1932665616738,410,0.99434781812012
Murray Bridge GH,1000,4,35.0,39.20289853637479,492,0.8927911278683873
Murray Bridge GH,1100,0,3.0,6.123986513510294,49,0.48987697693024274
Murray Bridge GH,1100,1,10.0,8.746267272195148,98,1.1433448908874002
Murray Bridge GH,1100,2,17.0,13.841404536890922,142,1.2281990570169816
Murray Bridge GH,1100,3,12.0,10.052049807065952,123,1.1937863650023663
Murray Bridge GH,1100,4,7.0,10.236291870337684,143,0.6838413840352012
Murray Bridge GH,1200,0,28.0,23.895187520661974,240,1.1717840663852765
Murray Bridge GH,1200,1,38.0,49.11520229314417,481,0.7736912040633963
Murray Bridge GH,1200,2,71.0,67.67394523232878,750,1.0491482321039902
Murray Bridge GH,1200,3,47.0,49.526556137344535,615,0.9489858303424527
Murray Bridge GH,1200,4,56.0,49.78910881652054,744,1.124743971746259
Murray Bridge GH,1400,0,16.0,19.676961498625094,235,0.813133674176167
Murray Bridge GH,1400,1,46.0,42.85874261272786,468,1.0732932698389355
Murray Bridge GH,1400,2,81.0,68.10908548354396,800,1.1892686478600663
Murray Bridge GH,1400,3,48.0,51.9212037186498,646,0.9244777963951301
Murray Bridge GH,1400,4,43.0,51.43400668645328,754,0.8360227555697185
Murray Bridge GH,1600,0,11.0,12.021839013684032,125,0.9150014392539354
Murray Bridge GH,1600,1,27.0,22.512709062439864,250,1.1993225659832614
Murray Bridge GH,1600,2,40.0,38.46725243972562,413,1.0398455169803469
Murray Bridge GH,1600,3,23.0,25.66142300570905,330,0.8962870061758872
Murray Bridge GH,1600,4,24.0,26.336776478441433,400,0.9112732539476024
Murray Bridge GH,1800,0,10.0,9.672286311970225,92,1.0338817191158003
Murray Bridge GH,1800,1,21.0,17.420975883376613,185,1.2054433770290993
Murray Bridge GH,1800,2,19.0,22.389686029049756,288,0.8486050217653
Murray Bridge GH,1800,3,20.0,22.430719377962156,242,0.8916343547880011
Murray Bridge GH,1800,4,22.0,20.08633239764125,284,1.0952721265622127
Murray Bridge GH,2000,0,10.0,7.882467877695115,77,1.268638217771471
Murray Bridge GH,2000,1,21.0,13.957416669304028,154,1.5045764196596951
Murray Bridge GH,2000,2,17.0,18.17758113286199,221,0.935217941031047
Murray Bridge GH,2000,3,11.0,19.171634586049468,196,0.573764326178234
Murray Bridge GH,2000,4,18.0,17.8108997340894,225,1.0106171091148568
Murray Bridge GH,2400,0,0.0,0.02047027489210029,1,0.0
Murray Bridge GH,2400,1,1.0,0.3881463076903722,2,2.5763480939710726
Murray Bridge GH,2400,2,0.0,0.21845545676706382,3,0.0
Murray Bridge GH,2400,3,0.0,0.26911224461794914,3,0.0
Murray Bridge GH,2400,4,0.0,0.10381571603251458,3,0.0
Murray Bridge GH,2500,0,5.0,3.911192289744599,37,1.2783825569278007
Murray Bridge GH,2500,1,7.0,7.331895100535783,74,0.9547326992564952
Murray Bridge GH,2500,2,10.0,9.607619774051317,87,1.0408405239982998
Murray Bridge GH,2500,3,8.0,8.069921603442213,85,0.9913355287847669
Murray Bridge GH,2500,4,7.0,8.079371232226089,98,0.8664040553154911
Murtoa,1100,0,3.0,1.7040214247493182,9,1.7605412446274469
Murtoa,1100,1,1.0,1.8758971931853996,18,0.5330782537724963
Murtoa,1100,2,4.0,1.8764336569060511,14,2.131703396642001
Murtoa,1100,3,1.0,1.9513187627252566,18,0.5124739325538883
Murtoa,1100,4,0.0,1.5923289624339743,21,0.0
Murtoa,1200,0,6.0,3.2700333022833763,23,1.834843698934308
Murtoa,1200,1,6.0,4.813269042502069,46,1.2465540461210194
Murtoa,1200,2,5.0,6.66307739725856,58,0.7504040103236963
Murtoa,1200,3,3.0,4.353008441964281,55,0.6891785393933809
Murtoa,1200,4,3.0,3.9006118159917134,64,0.769110114392981
Murtoa,1600,0,2.0,2.067567770472029,21,0.9673201665082043
Murtoa,1600,1,7.0,3.616005500198882,42,1.9358377634146289
Murtoa,1600,2,8.0,6.668516255773177,58,1.1996671663016656
Murtoa,1600,3,3.0,5.602919370237881,54,0.5354351547401672
Murtoa,1600,4,1.0,3.0449911033180292,62,0.3284081844805169
Murtoa,2050,0,4.0,3.476391558812299,20,1.1506183731980382
Murtoa,2050,1,4.0,4.2778800397225885,40,0.9350425825076178
Murtoa,2050,2,6.0,4.464340898768512,46,1.3439833865857107
Murtoa,2050,3,2.0,3.3420416284618173,40,0.5984365912642761
Murtoa,2050,4,4.0,4.4393458742347836,54,0.9010336462439944
Murwillumbah,1000,0,0.0,0.07675717217387765,1,0.0
Murwillumbah,1000,1,1.0,0.4865254349935965,2,2.055390999266383
Murwillumbah,1000,2,0.0,0.17680391368256432,2,0.0
Murwillumbah,1000,3,0.0,0.0948567028963599,2,0.0
Murwillumbah,1000,4,0.0,0.16505677625360154,2,0.0
Murwillumbah,1010,0,0.0,1.4329591505879011,10,0.0
Murwillumbah,1010,1,4.0,2.818067179513855,20,1.4194125779109497
Murwillumbah,1010,2,3.0,1.8529091865767728,13,1.61907557139509
Murwillumbah,1010,3,3.0,2.563913827978613,20,1.1700861266328895
Murwillumbah,1010,4,0.0,1.332150655342858,21,0.0
Murwillumbah,1013,0,0.0,0.04990682108672957,1,0.0
Murwillumbah,1013,1,0.0,0.15244265350128305,2,0.0
Murwillumbah,1013,2,0.0,0.13222624425559318,2,0.0
Murwillumbah,1013,3,0.0,0.14449212962253133,2,0.0
Murwillumbah,1013,4,1.0,0.520932151533863,3,1.919635785688293
Murwillumbah,1100,0,9.0,2.937528160893584,29,3.063800415537884
Murwillumbah,1100,1,9.0,8.592639395111997,58,1.0474080880340138
Murwillumbah,1100,2,4.0,6.251919602221714,60,0.6398034930869135
Murwillumbah,1100,3,6.0,6.668190744727934,61,0.8997942964879604
Murwillumbah,1100,4,1.0,4.5497220970447705,72,0.21979364424247816
Murwillumbah,1103,0,1.0,0.13244863592684597,1,7.5500966318167295
Murwillumbah,1103,1,0.0,0.20591204937614924,2,0.0
Murwillumbah,1103,2,0.0,0.09949193309058854,2,0.0
Murwillumbah,1103,3,0.0,0.3611003731407106,2,0.0
Murwillumbah,1103,4,0.0,0.2010470084657056,3,0.0
Murwillumbah,1200,0,24.0,13.119304453870742,79,1.8293652749951237
Murwillumbah,1200,1,17.0,22.594267505030878,158,0.7524032366269343
Murwillumbah,1200,2,13.0,16.42055997058039,149,0.7916904187976065
Murwillumbah,1200,3,16.0,14.475098111735429,166,1.1053465666687456
Murwillumbah,1200,4,9.0,12.390769958782558,190,0.7263471140161726
Murwillumbah,1203,0,1.0,0.4790020445080385,2,2.087673761449296
Murwillumbah,1203,1,0.0,0.3128848040649242,4,0.0
Murwillumbah,1203,2,0.0,0.4248776793545649,6,0.0
Murwillumbah,1203,3,1.0,0.5181520884552075,5,1.9299352878830411
Murwillumbah,1203,4,0.0,0.2650833836172648,6,0.0
Murwillumbah,1500,0,0.0,0.3108423900656928,3,0.0
Murwillumbah,1500,1,2.0,0.6486609807190472,6,3.083274714293713
Murwillumbah,1500,2,1.0,0.9045816923495988,5,1.105483350434119
Murwillumbah,1500,3,0.0,0.6212932233335309,6,0.0
Murwillumbah,1500,4,0.0,0.5146217135321299,7,0.0
Murwillumbah,1530,0,1.0,0.5532802410458075,3,1.8074023357671423
Murwillumbah,1530,1,2.0,1.4050939895023578,6,1.4233923246005344
Murwillumbah,1530,2,0.0,0.269109622095551,5,0.0
Murwillumbah,1530,3,0.0,0.4466837217327033,6,0.0
Murwillumbah,1530,4,0.0,0.3258324256235804,6,0.0
Murwillumbah,1550,0,13.0,7.60725036783654,63,1.7088960362030423
Murwillumbah,1550,1,19.0,14.75540497601973,126,1.2876637429388433
Murwillumbah,1550,2,12.0,16.143149381736862,125,0.7433493747865514
Murwillumbah,1550,3,12.0,14.682798159548476,136,0.8172829095383426
Murwillumbah,1550,4,7.0,9.811397114858394,156,0.7134559857330808
Murwillumbah,1553,0,1.0,0.5037681972158116,2,1.9850399559295828
Murwillumbah,1553,1,0.0,0.20841075358157626,4,0.0
Murwillumbah,1553,2,0.0,0.3384176603157554,4,0.0
Murwillumbah,1553,3,0.0,0.2602187441157704,5,0.0
Murwillumbah,1553,4,1.0,0.6891846447710864,5,1.4509899597837839
Murwillumbah,2000,0,0.0,0.050826331660511426,2,0.0
Murwillumbah,2000,1,0.0,0.7684115609627141,4,0.0
Murwillumbah,2000,2,0.0,0.32110495544898454,4,0.0
Murwillumbah,2000,3,0.0,0.14466995627478937,4,0.0
Murwillumbah,2000,4,2.0,0.7149871956530005,6,2.7972528909044203
Murwillumbah,2020,0,1.0,1.9329216881582418,21,0.5173515337565675
Murwillumbah,2020,1,7.0,5.204737833304474,42,1.344928452535662
Murwillumbah,2020,2,3.0,4.78493435607431,41,0.6269678488256799
Murwillumbah,2020,3,7.0,3.8965608473404516,46,1.7964559708538266
Murwillumbah,2020,4,3.0,5.180845275122523,53,0.5790560884737197
Muswellbrook,900,0,2.0,1.0004002306428932,11,1.9991998589551785
Muswellbrook,900,1,3.0,3.4893952638106485,24,0.8597478282594455
Muswellbrook,900,2,2.0,2.310523481544244,19,0.8656047064552208
Muswellbrook,900,3,4.0,2.6352616920778944,23,1.5178758193255617
Muswellbrook,900,4,0.0,1.5644193319243198,24,0.0
Muswellbrook,1000,0,50.0,30.127457746594693,229,1.6596156376869038
Muswellbrook,1000,1,58.0,53.17667247930936,455,1.0907038236092594
Muswellbrook,1000,2,56.0,60.29670551222786,576,0.9287406256158305
Muswellbrook,1000,3,36.0,46.63548306096485,525,0.7719444002099972
Muswellbrook,1000,4,28.0,37.763681200903235,619,0.7414531398843155
Muswellbrook,1280,0,42.0,26.341269937516454,252,1.5944561556685488
Muswellbrook,1280,1,45.0,58.70547930069994,504,0.76653832889264
Muswellbrook,1280,2,99.0,76.77792869623131,681,1.2894330660011601
Muswellbrook,1280,3,38.0,47.15752253370517,606,0.8058099314449787
Muswellbrook,1280,4,28.0,43.017799531847125,720,0.6508933582079418
Muswellbrook,1300,0,1.0,0.12843610177819498,2,7.785972839061777
Muswellbrook,1300,1,0.0,0.2583690290845643,4,0.0
Muswellbrook,1300,2,1.0,0.6627898425421724,4,1.5087738764439067
Muswellbrook,1300,3,0.0,0.5218297407484463,4,0.0
Muswellbrook,1300,4,0.0,0.4285752858466219,5,0.0
Muswellbrook,1450,0,16.0,8.981930736011412,82,1.781354195468344
Muswellbrook,1450,1,15.0,16.22164229949114,164,0.924690590697499
Muswellbrook,1450,2,28.0,20.350867131592437,196,1.3758627491864042
Muswellbrook,1450,3,13.0,19.37296017306036,185,0.6710383897901949
Muswellbrook,1450,4,10.0,17.072599659844652,218,0.5857338776308536
Muswellbrook,1500,0,20.0,12.029007910540129,99,1.6626475058242736
Muswellbrook,1500,1,22.0,21.550765347784996,198,1.0208454152307485
Muswellbrook,1500,2,25.0,25.42397159846339,248,0.983323943042439
Muswellbrook,1500,3,18.0,21.505150384716043,232,0.8370087945440645
Muswellbrook,1500,4,14.0,18.491104758495446,277,0.7571207985054501
Muswellbrook,1750,0,5.0,3.8794039016975255,43,1.288857805657238
Muswellbrook,1750,1,14.0,9.475752671248623,86,1.4774551938738198
Muswellbrook,1750,2,9.0,10.085122321718181,104,0.8924036529154055
Muswellbrook,1750,3,7.0,10.423668585631427,100,0.6715485956306396
Muswellbrook,1750,4,8.0,9.136052519704243,115,0.8756517087380951
Muswellbrook,2300,0,0.0,0.48676350788778694,7,0.0
Muswellbrook,2300,1,1.0,1.3327126654777317,14,0.7503492882627737
Muswellbrook,2300,2,2.0,1.240657334016341,13,1.6120486657870816
Muswellbrook,2300,3,3.0,2.7087184920701035,15,1.1075348024472222
Muswellbrook,2300,4,1.0,1.2311480005480369,16,0.8122500296916837
Muswellbrook,2315,0,0.0,0.02739700252975283,1,0.0
Muswellbrook,2315,1,1.0,0.0851435667591316,2,11.744868556293486
Muswellbrook,2315,2,0.0,0.409972534501598,3,0.0
Muswellbrook,2315,3,0.0,0.14744914555943361,2,0.0
Muswellbrook,2315,4,0.0,0.3300377506500839,3,0.0
Nanango,1000,0,1.0,0.2856717339181754,3,3.500521337145763
Nanango,1000,1,1.0,0.6420984629506721,6,1.5573935427358638
Nanango,1000,2,0.0,1.0800559284238145,6,0.0
Nanango,1000,3,0.0,0.5999439919117393,6,0.0
Nanango,1000,4,1.0,0.3922298827955989,6,2.549525275515853
Nanango,1200,0,3.0,1.120365808917188,8,2.6776968523338307
Nanango,1200,1,4.0,1.7933491034157953,16,2.230463657288585
Nanango,1200,2,1.0,1.9592059232372863,23,0.5104108701078516
Nanango,1200,3,0.0,1.6324108448212182,18,0.0
Nanango,1200,4,0.0,1.4946683196085124,24,0.0
Nanango,1600,0,2.0,0.6228640730577854,3,3.2109734475156553
Nanango,1600,1,0.0,0.5915857779000626,6,0.0
Nanango,1600,2,1.0,0.40370668275787625,5,2.4770459412973147
Nanango,1600,3,0.0,0.8402303311505768,6,0.0
Nanango,1600,4,0.0,0.541613135133699,7,0.0
Naracoorte,1000,0,3.0,2.9527710002806082,20,1.0159948061379984
Naracoorte,1000,1,4.0,5.0152162099344455,40,0.7975727929887761
Naracoorte,1000,2,5.0,4.704729317857202,30,1.0627603975051387
Naracoorte,1000,3,6.0,3.6706979502471344,40,1.634566526945112
Naracoorte,1000,4,2.0,3.6565855216806096,48,0.5469583544926296
Naracoorte,1100,0,10.0,5.997276805581397,38,1.6674234530401277
Naracoorte,1100,1,12.0,8.880652809697253,76,1.3512520145925047
Naracoorte,1100,2,11.0,9.525985660624864,81,1.1547361492961188
Naracoorte,1100,3,3.0,6.471968163726371,82,0.4635375088545997
Naracoorte,1100,4,2.0,7.124116560370116,100,0.28073656334113867
Naracoorte,1200,0,12.0,7.493936195981405,58,1.6012946582644985
Naracoorte,1200,1,19.0,12.892573298218831,114,1.4737166553573084
Naracoorte,1200,2,15.0,15.875281241499804,143,0.9448651505327843
Naracoorte,1200,3,5.0,10.234516574132028,130,0.48854286021067306
Naracoorte,1200,4,6.0,10.503692690167933,159,0.5712276793490302
Naracoorte,1430,0,18.0,13.028438083288961,99,1.3815930877460942
Naracoorte,1430,1,24.0,21.292695979367256,198,1.127147075375337
Naracoorte,1430,2,23.0,26.2441028642294,250,0.8763873590569141
Naracoorte,1430,3,19.0,19.72511186344258,238,0.9632391507605864
Naracoorte,1430,4,15.0,18.7096512096718,271,0.8017252610377832
Naracoorte,1800,0,0.0,0.19996061311258037,1,0.0
Naracoorte,1800,1,1.0,0.23507331407541146,2,4.253992010676296
Naracoorte,1800,2,0.0,0.3656916087372141,2,0.0
Naracoorte,1800,3,0.0,0.10228754439989687,2,0.0
Naracoorte,1800,4,0.0,0.09698691967489716,3,0.0
Naracoorte,2000,0,3.0,3.9573157778132564,39,0.7580896164060346
Naracoorte,2000,1,6.0,8.44600136720257,78,0.7103953384733208
Naracoorte,2000,2,9.0,10.12428718826335,99,0.8889514721029755
Naracoorte,2000,3,16.0,8.751986576017226,90,1.8281563689601927
Naracoorte,2000,4,5.0,7.720409090703596,107,0.6476340749897137
Naracoorte,3160,0,0.0,0.1193596033092032,2,0.0
Naracoorte,3160,1,1.0,0.6181359801687434,4,1.6177670158061541
Naracoorte,3160,2,0.0,0.3691058156086813,4,0.0
Naracoorte,3160,3,1.0,0.33182790983152977,4,3.0136102792188386
Naracoorte,3160,4,0.0,0.5615706910818424,5,0.0
Narrandera,1000,0,11.0,5.540511098388525,42,1.985376403848263
Narrandera,1000,1,13.0,9.653105512431654,84,1.3467168657027608
Narrandera,1000,2,5.0,8.644630587493605,103,0.5783937149649425
Narrandera,1000,3,8.0,9.262066588175257,96,0.8637381219234033
Narrandera,1000,4,5.0,8.899686213510957,116,0.5618175607595364
Narrandera,1200,0,6.0,4.518851467048418,29,1.3277710152130813
Narrandera,1200,1,6.0,6.851370637665004,58,0.8757371798009811
Narrandera,1200,2,9.0,6.94617898868467,73,1.2956763732493801
Narrandera,1200,3,6.0,5.171193548803036,70,1.1602737246972328
Narrandera,1200,4,2.0,5.512405357798872,79,0.3628180204800122
Narrandera,1400,0,10.0,5.047886029451361,49,1.9810272937336642
Narrandera,1400,1,17.0,10.26965354269612,98,1.6553625620691526
Narrandera,1400,2,9.0,11.881970608143703,133,0.7574501146999598
Narrandera,1400,3,9.0,11.6842662231591,125,0.7702665985272844
Narrandera,1400,4,4.0,10.116223596549718,138,0.39540446707447796
Narrandera,1600,0,5.0,2.7710622002616097,22,1.8043622404173971
Narrandera,1600,1,7.0,6.328735848843556,44,1.1060660718331454
Narrandera,1600,2,3.0,4.328757624076051,52,0.6930394955158371
Narrandera,1600,3,4.0,4.208849316920849,50,0.9503785236308623
Narrandera,1600,4,3.0,4.362595009897934,58,0.6876641066139639
Narrandera,2100,0,2.0,0.6682524764609704,6,2.992880790493877
Narrandera,2100,1,1.0,0.9326231010149066,12,1.0722445100403066
Narrandera,2100,2,3.0,1.688988784627634,14,1.7762107287535367
Narrandera,2100,3,0.0,1.2381741432850695,12,0.0
Narrandera,2100,4,0.0,1.4719614946114192,16,0.0
Narrogin,930,0,0.0,0.15952876670531876,2,0.0
Narrogin,930,1,2.0,0.7686127021994751,4,2.6020907464536642
Narrogin,930,2,0.0,0.4685156674157096,4,0.0
Narrogin,930,3,0.0,0.39599991931893186,4,0.0
Narrogin,930,4,0.0,0.20734294436056463,5,0.0
Narrogin,1100,0,13.0,9.267427428371464,50,1.4027625358253761
Narrogin,1100,1,17.0,13.916270014779464,100,1.2215917039512405
Narrogin,1100,2,6.0,9.300463259571677,81,0.6451291545961468
Narrogin,1100,3,9.0,9.55196490019411,100,0.9422145175404808
Narrogin,1100,4,5.0,7.963874397083286,116,0.6278351152588765
Narrogin,1190,0,12.0,9.266265452443715,56,1.2950200986132272
Narrogin,1190,1,19.0,12.320715546941068,112,1.5421182258133728
Narrogin,1190,2,9.0,12.674175379888908,105,0.7101053701908682
Narrogin,1190,3,12.0,10.661563415467379,112,1.1255384911551405
Narrogin,1190,4,4.0,11.07728020525893,146,0.3610994689924882
Narrogin,1720,0,5.0,4.97948900758151,36,1.0041190958323758
Narrogin,1720,1,5.0,7.912260275575745,72,0.6319306779422356
Narrogin,1720,2,11.0,8.905139433655279,74,1.2352417479761848
Narrogin,1720,3,9.0,6.557297087060056,76,1.3725167367756281
Narrogin,1720,4,6.0,7.64581419612741,89,0.7847431085938484
Narrogin,1900,0,3.0,4.340564356022147,34,0.6911543647170596
Narrogin,1900,1,7.0,8.134650795970332,68,0.8605163485896156
Narrogin,1900,2,11.0,7.159683391010177,68,1.5363807865878247
Narrogin,1900,3,8.0,7.209194190496718,76,1.1096940640808006
Narrogin,1900,4,5.0,7.155907266500626,82,0.6987234202163012
Narromine,800,0,3.0,1.5599542433952323,9,1.923133330802393
Narromine,800,1,3.0,2.3840563209479213,18,1.2583595335563105
Narromine,800,2,0.0,1.8561566448291216,18,0.0
Narromine,800,3,2.0,1.3287497722103925,18,1.5051742937821724
Narromine,800,4,1.0,1.8710830186173326,26,0.5344498293501516
Narromine,1100,0,15.0,7.672066343549135,60,1.95514471959857
Narromine,1100,1,13.0,15.39871022935436,120,0.8442265492611368
Narromine,1100,2,15.0,14.574288073979249,153,1.0292097921942966
Narromine,1100,3,9.0,11.399556567126147,148,0.7895043940528398
Narromine,1100,4,8.0,10.95537878599111,169,0.7302349061841459
Narromine,1200,0,3.0,1.2815005444626313,12,2.341005638244175
Narromine,1200,1,1.0,2.582607190435249,24,0.3872056128796998
Narromine,1200,2,4.0,3.2511268076259308,36,1.2303426586183879
Narromine,1200,3,2.0,2.8648600360126544,32,0.6981143842488108
Narromine,1200,4,2.0,2.0199054214635352,36,0.9901453695544257
Narromine,1300,0,12.0,7.633049237548259,56,1.5721109122380572
Narromine,1300,1,9.0,11.40398428458123,112,0.7891978606256466
Narromine,1300,2,13.0,14.59952188486107,153,0.8904401186918531
Narromine,1300,3,15.0,11.257560465573594,139,1.3324378799359815
Narromine,1300,4,7.0,11.105884127435846,160,0.6302965094608975
Narromine,1600,0,1.0,4.341627938914096,40,0.230328350118853
Narromine,1600,1,5.0,7.782923039930115,80,0.6424321523350045
Narromine,1600,2,14.0,11.736862176541564,110,1.1928230722502444
Narromine,1600,3,11.0,8.51284363271978,101,1.2921651653180424
Narromine,1600,4,9.0,7.625743211894445,114,1.180212833020921
Newcastle,900,0,16.0,11.715228642805316,65,1.365743724500511
Newcastle,900,1,15.0,15.675318170970863,130,0.9569183755248116
Newcastle,900,2,6.0,11.940450271885105,126,0.5024936131703136
Newcastle,900,3,18.0,13.967838083851492,133,1.2886747320482026
Newcastle,900,4,10.0,11.701164830487222,159,0.8546157707261023
Newcastle,1200,0,47.0,31.182723919176404,261,1.5072448488406898
Newcastle,1200,1,55.0,61.445380816654946,523,0.8951038999027913
Newcastle,1200,2,63.0,61.82016332830488,597,1.0190849814716507
Newcastle,1200,3,53.0,54.108726575023,576,0.9795092835259074
Newcastle,1200,4,43.0,52.44300536084078,688,0.8199377534550704
Newcastle,1250,0,21.0,15.125597422094653,99,1.388374912671174
Newcastle,1250,1,19.0,24.403426676104424,198,0.7785791828409326
Newcastle,1250,2,19.0,21.323311629849833,205,0.8910435831835097
Newcastle,1250,3,19.0,19.13179523251161,210,0.9931111936485896
Newcastle,1250,4,21.0,19.01586903943948,248,1.104340798542805
Newcastle,1300,0,19.0,16.509530412548873,128,1.1508504194376192
Newcastle,1300,1,36.0,34.877509380974,256,1.0321837952006496
Newcastle,1300,2,26.0,29.187563218747048,307,0.8907903618106876
Newcastle,1300,3,22.0,25.294056687220433,288,0.869769538039949
Newcastle,1300,4,25.0,22.131340300509645,337,1.1296197907825896
Newcastle,1350,0,4.0,3.284112496617433,32,1.2179850733249595
Newcastle,1350,1,5.0,8.094476395558534,64,0.6177051801329011
Newcastle,1350,2,8.0,7.442573483640555,81,1.074897012113447
Newcastle,1350,3,6.0,6.7588917468859355,77,0.8877194996893412
Newcastle,1350,4,9.0,6.419945877297544,88,1.4018809771942378
Newcastle,1400,0,49.0,31.957326391190357,244,1.5332947256034466
Newcastle,1400,1,48.0,53.766135555161384,488,0.8927552539228784
Newcastle,1400,2,57.0,60.5295796349913,566,0.9416883504515385
Newcastle,1400,3,48.0,49.58522309793738,548,0.9680303324479078
Newcastle,1400,4,42.0,48.16173532071958,649,0.8720616007773135
Newcastle,1500,0,16.0,11.244723982502249,99,1.4228895280041882
Newcastle,1500,1,31.0,24.451263770970808,198,1.2678281290639883
Newcastle,1500,2,24.0,24.166470711983138,227,0.9931115008903393
Newcastle,1500,3,15.0,19.16939543245188,222,0.7824972912085946
Newcastle,1500,4,13.0,19.968146102091925,256,0.6510369031523703
Newcastle,1600,0,10.0,14.459685274048628,127,0.6915779846154326
Newcastle,1600,1,25.0,29.97297421470415,254,0.8340847264912233
Newcastle,1600,2,38.0,32.00817575760592,323,1.1871966802409937
Newcastle,1600,3,31.0,25.601082378241063,295,1.2108863032426942
Newcastle,1600,4,23.0,24.958082375400238,350,0.921545159361674
Newcastle,1850,0,3.0,7.51868270579492,67,0.3990060649437689
Newcastle,1850,1,20.0,17.325050961178363,135,1.1543977587607455
Newcastle,1850,2,15.0,14.106001185176662,152,1.0633771969169263
Newcastle,1850,3,18.0,13.313831264207833,152,1.3519774768657467
Newcastle,1850,4,11.0,14.73643388364222,179,0.7464492486347224
Newcastle,1860,0,1.0,0.22901961324860423,1,4.366438253104921
Newcastle,1860,1,0.0,0.20739888052933042,2,0.0
Newcastle,1860,2,0.0,0.060526612072845404,1,0.0
Newcastle,1860,3,0.0,0.13151461388667643,2,0.0
Newcastle,1860,4,0.0,0.3715402802625434,2,0.0
Newcastle,1865,0,0.0,0.05072821964563361,1,0.0
Newcastle,1865,1,1.0,0.12408707361939447,2,8.058857146291043
Newcastle,1865,2,0.0,0.29093530087394415,4,0.0
Newcastle,1865,3,0.0,0.1964711998973746,3,0.0
Newcastle,1865,4,0.0,0.33777820596365327,4,0.0
Newcastle,1870,0,3.0,1.630417232001236,10,1.8400198066587448
Newcastle,1870,1,2.0,2.6334810389329775,20,0.7594510727179381
Newcastle,1870,2,1.0,2.2209678405053785,22,0.450254155761414
Newcastle,1870,3,3.0,2.0467865039570485,21,1.4657122246018848
Newcastle,1870,4,1.0,1.4683473846033592,26,0.6810377506615216
Newcastle,1875,0,0.0,0.15561317987661308,6,0.0
Newcastle,1875,1,0.0,1.354124275084633,12,0.0
Newcastle,1875,2,3.0,2.2336613745037117,17,1.3430863040583123
Newcastle,1875,3,2.0,1.2925907324656505,14,1.5472801636020923
Newcastle,1875,4,1.0,0.9640104380693916,17,1.0373331662286605
Newcastle,1880,0,1.0,1.230829106756813,19,0.8124604744154624
Newcastle,1880,1,3.0,3.9021055905724693,38,0.7688156894698169
Newcastle,1880,2,8.0,4.546045016319217,50,1.7597713993772406
Newcastle,1880,3,1.0,4.863460352809743,45,0.2056149176629506
Newcastle,1880,4,6.0,4.457559933541756,53,1.3460278918185398
Newcastle,1885,0,0.0,0.11791281492909766,2,0.0
Newcastle,1885,1,0.0,0.35402630051248907,4,0.0
Newcastle,1885,2,1.0,0.8368936539687817,6,1.1948949490269436
Newcastle,1885,3,0.0,0.17290017132658433,5,0.0
Newcastle,1885,4,1.0,0.5182670592630472,6,1.9295071568352342
Newcastle,1890,0,1.0,2.5734308621280526,25,0.38858630892965507
Newcastle,1890,1,3.0,5.072381010098624,51,0.5914382208330343
Newcastle,1890,2,8.0,6.151906507915742,61,1.3004098793936956
Newcastle,1890,3,9.0,4.826101197826287,58,1.8648593618496165
Newcastle,1890,4,4.0,6.376180422031294,64,0.6273348204167815
Newcastle,1895,0,1.0,0.5673357395721823,3,1.7626247215697746
Newcastle,1895,1,0.0,0.875344222237734,6,0.0
Newcastle,1895,2,0.0,0.28687070520965186,7,0.0
Newcastle,1895,3,1.0,0.43463961007843316,6,2.3007567115651155
Newcastle,1895,4,1.0,0.8358097229019985,8,1.1964445645929072
Newcastle,1900,0,1.0,1.3456778063286916,11,0.7431199320498734
Newcastle,1900,1,1.0,2.4187040802387796,22,0.41344454171561074
Newcastle,1900,2,2.0,2.1003715212011618,19,0.9522124918434615
Newcastle,1900,3,3.0,3.0086861723961564,22,0.9971129682863406
Newcastle,1900,4,4.0,2.12656041983521,27,1.8809717150241916
Newcastle,2200,0,0.0,0.8144115109451712,7,0.0
Newcastle,2200,1,1.0,1.8873601613261577,14,0.529840578651055
Newcastle,2200,2,2.0,1.797382335359208,15,1.1127293067561492
Newcastle,2200,3,3.0,0.9698644727910205,15,3.0932156854521864
Newcastle,2200,4,1.0,1.5309815195784426,17,0.6531757485063249
Newcastle,2230,0,0.0,0.04089840913268849,1,0.0
Newcastle,2230,1,0.0,0.13518241674109918,2,0.0
Newcastle,2230,2,0.0,0.08179681826537698,1,0.0
Newcastle,2230,3,1.0,0.7076375905748892,2,1.413152739932306
Newcastle,2230,4,0.0,0.03448476528594621,2,0.0
Newcastle,2260,0,0.0,0.08264658638042682,1,0.0
Newcastle,2260,1,0.0,0.20799085485983249,2,0.0
Newcastle,2260,2,0.0,0.2295738510567412,1,0.0
Newcastle,2260,3,0.0,0.1210480305571908,2,0.0
Newcastle,2260,4,1.0,0.35874067714580876,2,2.787528885645588
Newcastle,2300,0,3.0,2.5103262150484174,28,1.1950638056584761
Newcastle,2300,1,7.0,5.816385820650372,56,1.2034965038163992
Newcastle,2300,2,10.0,7.8931470293956405,67,1.2669217946603581
Newcastle,2300,3,6.0,5.901049439248874,63,1.0167682988881586
Newcastle,2300,4,2.0,5.879091495656696,73,0.3401886161284516
Newcastle,2320,0,0.0,0.005507469520011037,1,0.0
Newcastle,2320,1,0.0,0.28554642095355465,2,0.0
Newcastle,2320,2,1.0,0.4187893616321094,2,2.3878352499280107
Newcastle,2320,3,0.0,0.193152285876,2,0.0
Newcastle,2320,4,0.0,0.09700446201832497,3,0.0
Newcastle,2325,0,0.0,0.03150783822040975,1,0.0
Newcastle,2325,1,0.0,0.24576113811919603,2,0.0
Newcastle,2325,2,1.0,0.27306793124355117,2,3.6620924157809402
Newcastle,2325,3,0.0,0.3023252095910745,2,0.0
Newcastle,2325,4,0.0,0.14733788282576854,3,0.0
Newcastle,2330,0,0.0,0.14152287459392024,2,0.0
Newcastle,2330,1,0.0,0.5965264586722594,4,0.0
Newcastle,2330,2,0.0,0.3312374020415313,4,0.0
Newcastle,2330,3,2.0,0.21087112429636917,4,9.484465958407357
Newcastle,2330,4,0.0,0.7198421403959199,4,0.0
Newcastle,2340,0,0.0,0.06522060561397795,1,0.0
Newcastle,2340,1,0.0,0.12666318834178034,2,0.0
Newcastle,2340,2,0.0,0.276388301731784,2,0.0
Newcastle,2340,3,1.0,0.243490260958851,2,4.106940442143583
Newcastle,2340,4,0.0,0.28823764335360674,2,0.0
Newcastle,2350,0,1.0,1.0444584103021386,5,0.9574340061187523
Newcastle,2350,1,1.0,0.7466012084460134,10,1.3394031360884273
Newcastle,2350,2,1.0,1.4251451870698333,7,0.7016828945379578
Newcastle,2350,3,2.0,1.5200409118895364,10,1.3157540592205739
Newcastle,2350,4,0.0,0.2637542822924781,11,0.0
Newcastle,2360,0,1.0,0.46349746839737843,1,2.1575090872829805
Newcastle,2360,1,0.0,0.0432714904082562,2,0.0
Newcastle,2360,2,0.0,0.31286079116823046,2,0.0
Newcastle,2360,3,0.0,0.04034863719559814,2,0.0
Newcastle,2360,4,0.0,0.1400216128305367,2,0.0
Newcastle,2370,0,0.0,0.16490545701633122,1,0.0
Newcastle,2370,1,0.0,0.32135422392926083,2,0.0
Newcastle,2370,2,0.0,0.063425175775512,1,0.0
Newcastle,2370,3,0.0,0.1794559385177722,2,0.0
Newcastle,2370,4,1.0,0.27085920476112374,2,3.691955017301038
Newcastle,2400,0,0.0,0.05756843800322061,1,0.0
Newcastle,2400,1,0.0,0.22946859903381642,2,0.0
Newcastle,2400,2,0.0,0.21034621578099838,2,0.0
Newcastle,2400,3,0.0,0.0763888888888889,2,0.0
Newcastle,2400,4,1.0,0.4262278582930757,2,2.34616292798111
Newcastle,2900,0,0.0,0.10712802751917067,2,0.0
Newcastle,2900,1,0.0,0.3490602669913445,4,0.0
Newcastle,2900,2,1.0,0.4909551668762251,3,2.036845861838359
Newcastle,2900,3,0.0,0.32842397718082567,4,0.0
Newcastle,2900,4,1.0,0.7244325614324342,4,1.3803907406131513
Nhill,1000,0,0.0,0.35547064162939856,3,0.0
Nhill,1000,1,0.0,0.7864456204467565,6,0.0
Nhill,1000,2,1.0,0.8431812480468758,6,1.1859846294214622
Nhill,1000,3,1.0,0.48095883656235866,7,2.0791800128831714
Nhill,1000,4,1.0,0.5339436533146106,7,1.8728567963907972
Nhill,1150,0,1.0,0.9446006429830835,5,1.0586484430520429
Nhill,1150,1,1.0,0.8369155523900782,10,1.194863683849801
Nhill,1150,2,1.0,1.2335594157833392,10,0.8106622082447293
Nhill,1150,3,2.0,1.0595316993984565,10,1.8876263929955936
Nhill,1150,4,0.0,0.9253926894450425,13,0.0
Nhill,1650,0,1.0,1.0386754387167785,8,0.9627646546022502
Nhill,1650,1,0.0,1.3456106764616274,16,0.0
Nhill,1650,2,3.0,2.212147396897086,14,1.3561483308969426
Nhill,1650,3,2.0,1.813157763124556,17,1.1030479755680305
Nhill,1650,4,2.0,1.590408724799952,19,1.2575383728805738
Nhill,2100,0,0.0,0.5926531050868742,3,0.0
Nhill,2100,1,1.0,0.45184394486991547,6,2.213153482200358
Nhill,2100,2,0.0,0.7992905574286113,6,0.0
Nhill,2100,3,1.0,0.8938752998141921,6,1.1187242786637777
Nhill,2100,4,1.0,0.2623370928004071,6,3.8118894637626637
Northam,985,0,0.0,0.16355979419610123,1,0.0
Northam,985,1,0.0,0.14439684801140948,2,0.0
Northam,985,2,0.0,0.3437043227687302,3,0.0
Northam,985,3,0.0,0.16063908358545653,2,0.0
Northam,985,4,1.0,0.1876999514383025,3,5.327651884495573
Northam,1000,0,19.0,15.123141399151347,97,1.2563527311241174
Northam,1000,1,27.0,25.986719640491106,192,1.0389922380941863
Northam,1000,2,17.0,19.751820908015826,183,0.8606801407915226
Northam,1000,3,20.0,18.335135507490367,202,1.0908018646401327
Northam,1000,4,13.0,16.80318254485135,230,0.773662963269022
Northam,1100,0,20.0,17.591579093697202,152,1.136907601840343
Northam,1100,1,44.0,38.82249672495105,304,1.1333634802452413
Northam,1100,2,37.0,38.29799563941421,348,0.9661080007519144
Northam,1100,3,27.0,30.62629367028026,333,0.8815954124478598
Northam,1100,4,24.0,26.661634871657274,396,0.9001698551319247
Northam,1300,0,38.0,22.8889774239227,204,1.660187753092186
Northam,1300,1,51.0,44.44526054072373,408,1.1474789298010837
Northam,1300,2,48.0,56.80089121117625,540,0.8450571633030193
Northam,1300,3,31.0,39.24485139927129,476,0.7899125336113674
Northam,1300,4,36.0,40.62001942490603,576,0.8862625008477154
Northam,1400,0,12.0,12.087026547662006,115,0.9928000035973413
Northam,1400,1,33.0,28.169178776687524,230,1.1714931507804696
Northam,1400,2,22.0,27.479058835550372,272,0.8006096617668007
Northam,1400,3,23.0,24.841527296788847,254,0.9258689985205985
Northam,1400,4,25.0,22.42320854331125,311,1.1149162686379865
Northam,1600,0,24.0,16.47705478582508,171,1.4565709898984363
Northam,1600,1,36.0,37.30997073766334,344,0.9648895265323549
Northam,1600,2,38.0,44.16884246656489,425,0.8603349754697646
Northam,1600,3,37.0,38.43242234363992,392,0.9627288040594462
Northam,1600,4,36.0,34.61170966630677,463,1.0401104235265406
Northam,2200,0,7.0,5.3910874518708365,58,1.298439333899292
Northam,2200,1,13.0,12.420940034171744,116,1.0466196571463335
Northam,2200,2,18.0,13.182843642534223,132,1.3654110211793231
Northam,2200,3,16.0,14.68629282596967,131,1.0894512447489342
Northam,2200,4,4.0,12.318836045453528,149,0.3247060018690862
Northam,2212,0,0.0,0.08398547787198404,2,0.0
Northam,2212,1,0.0,0.40091774791391,4,0.0
Northam,2212,2,0.0,0.48700288119485147,4,0.0
Northam,2212,3,2.0,0.6387118240423918,4,3.1313026073981973
Northam,2212,4,0.0,0.3893820689768626,6,0.0
Northam,2218,0,0.0,0.1646498011649795,1,0.0
Northam,2218,1,0.0,0.10780641742945085,2,0.0
Northam,2218,2,1.0,0.2038521347756889,2,4.9055164474993695
Northam,2218,3,0.0,0.07102540442410879,2,0.0
Northam,2218,4,0.0,0.452666242205772,2,0.0
Northam,2220,0,0.0,0.11340964071271258,2,0.0
Northam,2220,1,0.0,0.2802612854410794,4,0.0
Northam,2220,2,0.0,0.8612914833070272,6,0.0
Northam,2220,3,0.0,0.4503522287568217,5,0.0
Northam,2220,4,2.0,0.29468536178235916,6,6.786899722141973
Nowra,1000,0,9.0,4.526214862692925,22,1.988416430289689
Nowra,1000,1,5.0,5.907965487382198,44,0.8463150319138857
Nowra,1000,2,5.0,5.101675649008594,39,0.9800701463590002
Nowra,1000,3,2.0,3.1466473336674827,45,0.6355971254233179
Nowra,1000,4,1.0,3.317496667248802,53,0.3014321038728576
Nowra,1100,0,19.0,14.271418107310247,88,1.3313323074928085
Nowra,1100,1,30.0,25.158847074016983,173,1.1924234807636618
Nowra,1100,2,14.0,18.260166474504302,172,0.7666961864530345
Nowra,1100,3,12.0,15.853035691616826,183,0.7569528154374665
Nowra,1100,4,12.0,13.456532652551644,209,0.8917601814554023
Nowra,1200,0,17.0,11.945832909678431,72,1.4230903888021669
Nowra,1200,1,25.0,18.872238709770514,144,1.3246971058636
Nowra,1200,2,14.0,14.191149548032591,140,0.9865303689890935
Nowra,1200,3,8.0,12.766327805089354,156,0.626648486717595
Nowra,1200,4,8.0,14.22445102742911,171,0.5624118628250429
Nowra,1400,0,18.0,12.451098066780542,93,1.4456556283998676
Nowra,1400,1,19.0,21.740911405132778,186,0.8739284037335399
Nowra,1400,2,23.0,23.862839138395774,206,0.9638417233845636
Nowra,1400,3,19.0,19.34261841111065,202,0.982286865003042
Nowra,1400,4,14.0,15.602532978580252,245,0.8972902040469795
Nowra,1500,0,0.0,0.04409685951063807,1,0.0
Nowra,1500,1,0.0,0.1317571487797694,2,0.0
Nowra,1500,2,1.0,0.4300027094079681,2,2.3255667420719504
Nowra,1500,3,0.0,0.11352850009513867,2,0.0
Nowra,1500,4,0.0,0.2806147822064857,2,0.0
Nowra,1600,0,10.0,6.06386878998228,56,1.64911219987483
Nowra,1600,1,16.0,14.264241143627729,112,1.1216860286428687
Nowra,1600,2,10.0,13.941977786855052,122,0.7172583512095625
Nowra,1600,3,13.0,11.548601816190002,123,1.1256773942777454
Nowra,1600,4,7.0,10.181310463344937,147,0.6875342840395263
Nowra,2100,0,1.0,0.6150387069783239,2,1.625913928105412
Nowra,2100,1,0.0,0.3892567608579786,4,0.0
Nowra,2100,2,0.0,0.3042029874179423,4,0.0
Nowra,2100,3,0.0,0.27668468678588376,4,0.0
Nowra,2100,4,1.0,0.41481685795987167,5,2.4107024119466653
Nowra,2200,0,1.0,0.9416773861782841,4,1.0619348140645206
Nowra,2200,1,1.0,1.1091068318719928,8,0.9016263999674061
Nowra,2200,2,1.0,0.7662317033400917,9,1.3050882593879705
Nowra,2200,3,1.0,0.8386907120126923,9,1.1923346540945914
Nowra,2200,4,0.0,0.34429336659693915,9,0.0
Oak Park,1000,0,0.0,0.12760053109608396,1,0.0
Oak Park,1000,1,0.0,0.35766815534508384,2,0.0
Oak Park,1000,2,0.0,0.07975033193505249,1,0.0
Oak Park,1000,3,0.0,0.23321945809578373,2,0.0
Oak Park,1000,4,1.0,0.20176152352799603,2,4.956346396052278
Oak Park,1200,0,0.0,0.21790261258191557,2,0.0
Oak Park,1200,1,2.0,0.9085022306393972,4,2.2014255249460586
Oak Park,1200,2,0.0,0.1805953548816533,3,0.0
Oak Park,1200,3,0.0,0.4385411380619191,4,0.0
Oak Park,1200,4,0.0,0.25445866383511495,4,0.0
Oak Park,1400,0,1.0,0.47371911974215286,3,2.110955539527946
Oak Park,1400,1,2.0,0.772190378062196,6,2.5900348629297607
Oak Park,1400,2,0.0,0.5527992868849982,3,0.0
Oak Park,1400,3,0.0,0.7125840449492118,6,0.0
Oak Park,1400,4,0.0,0.4887071703614413,6,0.0
Oak Park,1600,0,1.0,0.27476458185723424,1,3.639479270729271
Oak Park,1600,1,0.0,0.2758213687105313,2,0.0
Oak Park,1600,2,0.0,0.17663437405107918,1,0.0
Oak Park,1600,3,0.0,0.15234714761905577,2,0.0
Oak Park,1600,4,0.0,0.12043252776209945,2,0.0
Oakbank,1050,0,13.0,6.189453164237605,48,2.1003470993388307
Oakbank,1050,1,10.0,9.779949573089262,96,1.0225001596650594
Oakbank,1050,2,15.0,11.320053754250019,128,1.325082046926533
Oakbank,1050,3,3.0,10.63597301754243,110,0.2820616407217237
Oakbank,1050,4,7.0,10.074570490880687,139,0.6948187028257204
Oakbank,1100,0,3.0,4.2241954548131835,38,0.7101944102945578
Oakbank,1100,1,15.0,7.107327455394876,76,2.1104979465402463
Oakbank,1100,2,10.0,9.608915303392303,120,1.0407001918801002
Oakbank,1100,3,4.0,8.620067367557024,96,0.4640334964265625
Oakbank,1100,4,6.0,8.439494418842616,114,0.7109430615421669
Oakbank,1400,0,18.0,9.234302839909855,77,1.9492538107160144
Oakbank,1400,1,21.0,15.840670276649892,154,1.3257014781095011
Oakbank,1400,2,19.0,21.45826719815398,231,0.8854396221533927
Oakbank,1400,3,13.0,17.104570834426525,194,0.7600307617093076
Oakbank,1400,4,6.0,13.362188850859747,232,0.4490282293543508
Oakbank,1900,0,1.0,3.3255371588760108,31,0.30070330061745193
Oakbank,1900,1,8.0,6.524091077741527,62,1.2262244509881053
Oakbank,1900,2,11.0,9.152714013199466,82,1.2018293135933773
Oakbank,1900,3,6.0,5.341053525201933,73,1.1233738759008511
Oakbank,1900,4,5.0,6.656604224981064,86,0.7511337359123561
Oakbank,2150,0,2.0,2.1651662748344376,24,0.9237165862252
Oakbank,2150,1,2.0,5.292874060732678,48,0.37786653849140434
Oakbank,2150,2,7.0,5.626875253183212,53,1.2440297118796066
Oakbank,2150,3,9.0,5.834645629381256,54,1.5425101320085517
Oakbank,2150,4,4.0,5.080438781868415,62,0.7873335693514515
Oakbank,2900,0,0.0,0.2698418649098047,2,0.0
Oakbank,2900,1,0.0,0.293835962347895,4,0.0
Oakbank,2900,2,0.0,0.12839580355654667,3,0.0
Oakbank,2900,3,1.0,0.8551966557829356,4,1.1693216913769342
Oakbank,2900,4,1.0,0.45272971340281787,4,2.208823433487005
Orange,1000,0,15.0,9.268246894451662,56,1.6184290482140253
Orange,1000,1,27.0,15.222384552920198,112,1.7737037128536102
Orange,1000,2,8.0,11.633666277440632,132,0.6876594023943391
Orange,1000,3,2.0,9.639181302172956,127,0.20748650090741017
Orange,1000,4,4.0,10.236520973014551,152,0.3907577594521394
Orange,1010,0,3.0,3.2953974886062936,21,0.9103605893894079
Orange,1010,1,7.0,5.0057822537904935,42,1.3983828391056041
Orange,1010,2,5.0,4.108968606347763,46,1.2168503775559936
Orange,1010,3,4.0,4.584138647236738,46,0.8725739572495588
Orange,1010,4,2.0,4.005713004018712,54,0.4992868929934596
Orange,1280,0,6.0,4.9975869479712465,32,1.2005794121172177
Orange,1280,1,11.0,7.230864803311333,64,1.5212564885686444
Orange,1280,2,7.0,7.214934806839322,82,0.9702097368037786
Orange,1280,3,4.0,6.823123966188075,73,0.5862417303015395
Orange,1280,4,4.0,5.733489475690023,86,0.6976554185649049
Orange,1290,0,4.0,2.4929505710054327,18,1.6045243923094548
Orange,1290,1,5.0,5.077701781397441,36,0.9846974507872621
Orange,1290,2,3.0,4.585505765279711,41,0.6542353567005064
Orange,1290,3,4.0,2.888935765331583,40,1.3845929175725
Orange,1290,4,2.0,2.954906116985833,46,0.6768404547620993
Orange,1300,0,5.0,2.8429593362953893,19,1.7587307479801708
Orange,1300,1,3.0,4.363778545988248,38,0.6874775996041297
Orange,1300,2,7.0,4.997113797882897,48,1.4008086033513296
Orange,1300,3,2.0,3.954508677690801,45,0.5057518298753315
Orange,1300,4,2.0,2.8416396421426646,51,0.7038190101021929
Orange,1310,0,0.0,0.05240752690174224,2,0.0
Orange,1310,1,1.0,0.8031598310405367,4,1.245082188316672
Orange,1310,2,0.0,0.20766642134329416,3,0.0
Orange,1310,3,1.0,0.5331270281504481,4,1.8757255723260773
Orange,1310,4,0.0,0.40363919256397895,4,0.0
Orange,1400,0,7.0,4.721934445303844,43,1.4824432827443814
Orange,1400,1,10.0,11.421696608050302,86,0.8755266702629577
Orange,1400,2,12.0,10.221720589650204,105,1.1739706534485357
Orange,1400,3,10.0,8.54239260198674,96,1.1706322181532909
Orange,1400,4,4.0,8.092255755008908,115,0.4942997504155869
Orange,1410,0,4.0,2.557188693157161,17,1.56421777192418
Orange,1410,1,4.0,4.565404907354479,34,0.8761544881936628
Orange,1410,2,2.0,4.3286535466052225,41,0.46203743923292595
Orange,1410,3,4.0,3.0716784056835627,38,1.30221965704442
Orange,1410,4,3.0,2.477074447199575,44,1.2111061108363586
Orange,1600,0,7.0,4.8441480544583415,31,1.4450425381935854
Orange,1600,1,11.0,8.18205900442616,62,1.3444048734003813
Orange,1600,2,5.0,6.047471078627107,65,0.8267918829196115
Orange,1600,3,5.0,6.5245244890079315,67,0.7663393720758739
Orange,1600,4,3.0,5.40179737348046,75,0.5553707021163318
Orange,1610,0,3.0,1.6222798085701997,8,1.8492494230351404
Orange,1610,1,2.0,1.4470390792897105,16,1.3821326795000688
Orange,1610,2,3.0,1.6904671451867108,20,1.7746573830446448
Orange,1610,3,0.0,1.6005440731980425,17,0.0
Orange,1610,4,0.0,1.6396698937553364,22,0.0
Orange,2100,0,1.0,1.3872242994524853,20,0.7208639586220366
Orange,2100,1,4.0,4.536768413673466,40,0.8816848547843686
Orange,2100,2,9.0,5.175128138325828,40,1.7390873731894745
Orange,2100,3,4.0,4.5775555002046895,43,0.8738288372082297
Orange,2100,4,2.0,4.32332364834353,49,0.4626070501953502
Orange,2110,0,0.0,0.06929747728507912,2,0.0
Orange,2110,1,0.0,0.3468418592897511,4,0.0
Orange,2110,2,0.0,0.32701404367915743,3,0.0
Orange,2110,3,1.0,0.4953844302028585,4,2.018634294966644
Orange,2110,4,1.0,0.7614621895431537,5,1.3132628431622577
Pakenham,1000,0,18.0,13.2315900545815,89,1.3603807196072717
Pakenham,1000,1,25.0,22.36761590659604,178,1.1176872897136834
Pakenham,1000,2,16.0,15.795256502109968,191,1.0129623408054615
Pakenham,1000,3,19.0,19.43915494406117,198,0.9774087430587957
Pakenham,1000,4,11.0,18.166382592651324,227,0.6055140556408697
Pakenham,1100,0,3.0,3.1237108815542967,19,0.9603961806181177
Pakenham,1100,1,7.0,4.593266888811195,38,1.5239697952347164
Pakenham,1100,2,3.0,4.517266454886203,35,0.6641184508288154
Pakenham,1100,3,3.0,3.122548353169644,41,0.9607537372334852
Pakenham,1100,4,3.0,3.6432074215786603,45,0.8234502329543597
Pakenham,1200,0,44.0,38.10230493407645,277,1.1547857820183733
Pakenham,1200,1,69.0,67.21987262055832,554,1.02648215936811
Pakenham,1200,2,64.0,65.83089680923088,595,0.9721878798866044
Pakenham,1200,3,48.0,54.43627159844625,604,0.8817650178924091
Pakenham,1200,4,52.0,51.41065403768809,721,1.0114634986335687
Pakenham,1400,0,59.0,36.009577273812084,318,1.6384530024157675
Pakenham,1400,1,83.0,77.29496017205342,636,1.0738086909579556
Pakenham,1400,2,84.0,81.59693808178874,732,1.0294503932954269
Pakenham,1400,3,55.0,64.74138232432645,707,0.8495339151776785
Pakenham,1400,4,37.0,58.35714214801929,843,0.6340269354889206
Pakenham,1600,0,33.0,25.316805614566505,216,1.3034819835648153
Pakenham,1600,1,61.0,52.71427007925002,432,1.1571819150354032
Pakenham,1600,2,51.0,52.141079626782485,474,0.9781155351030291
Pakenham,1600,3,37.0,43.6824141062303,470,0.8470227838145694
Pakenham,1600,4,34.0,42.14543057317069,564,0.8067303984703864
Pakenham,2000,0,3.0,6.3334985619336805,50,0.4736718530309526
Pakenham,2000,1,11.0,10.392465276770103,100,1.0584591535357732
Pakenham,2000,2,12.0,11.666026246401756,128,1.0286278932126742
Pakenham,2000,3,11.0,11.53075028589544,121,0.9539708802345099
Pakenham,2000,4,13.0,10.07725962899902,139,1.2900332509634167
Pakenham,2500,0,3.0,1.6117859175038873,21,1.8612893731234406
Pakenham,2500,1,4.0,4.8751688957838155,42,0.8204843945938598
Pakenham,2500,2,3.0,5.225348882534714,55,0.5741243441231735
Pakenham,2500,3,5.0,5.153026625437207,51,0.970303544584495
Pakenham,2500,4,6.0,4.1346696787403765,62,1.4511437348552338
Pakenham,2550,0,2.0,1.5035870933640678,7,1.3301524127380457
Pakenham,2550,1,4.0,1.5029934998094445,14,2.6613554885680717
Pakenham,2550,2,1.0,1.330006321450402,11,0.7518761256032808
Pakenham,2550,3,0.0,1.299819975932876,14,0.0
Pakenham,2550,4,0.0,1.3635931094432097,17,0.0
Pakenham,3200,0,2.0,2.77114464528791,12,0.7217234233517279
Pakenham,3200,1,6.0,3.890789728742363,24,1.5421033821684849
Pakenham,3200,2,3.0,1.6018629185648225,20,1.8728194311956659
Pakenham,3200,3,1.0,2.0208747081254588,24,0.49483522950692427
Pakenham,3200,4,0.0,1.715327999279446,26,0.0
Pakenham,3500,0,3.0,2.834561126350274,10,1.0583648989297831
Pakenham,3500,1,3.0,2.8641146535818223,20,1.0474441015300282
Pakenham,3500,2,2.0,1.5097171880768485,16,1.324751427482718
Pakenham,3500,3,2.0,1.8766700150698679,20,1.0657174590843241
Pakenham,3500,4,0.0,0.914937016921187,18,0.0
Pakenham Synthetic,1000,0,14.0,10.550274898443769,79,1.326979641266512
Pakenham Synthetic,1000,1,26.0,19.121223470461846,158,1.3597456271647248
Pakenham Synthetic,1000,2,16.0,16.9329421918712,188,0.9449037160051804
Pakenham Synthetic,1000,3,18.0,18.157580718688102,184,0.9913214914955097
Pakenham Synthetic,1000,4,5.0,14.237978720535084,214,0.3511734423923969
Pakenham Synthetic,1100,0,6.0,7.391893516585965,53,0.8117000044085013
Pakenham Synthetic,1100,1,17.0,12.862176906441572,106,1.3217047256974161
Pakenham Synthetic,1100,2,18.0,12.287672459676703,129,1.464882796890046
Pakenham Synthetic,1100,3,5.0,10.094193211979997,128,0.4953342872480286
Pakenham Synthetic,1100,4,7.0,10.364063905315763,143,0.6754107330821915
Pakenham Synthetic,1200,0,30.0,20.406574465145884,170,1.4701144501856271
Pakenham Synthetic,1200,1,40.0,39.61938377932897,340,1.009606818288517
Pakenham Synthetic,1200,2,37.0,42.5409162886693,428,0.8697508946194205
Pakenham Synthetic,1200,3,38.0,37.353703442422116,416,1.0173020744401984
Pakenham Synthetic,1200,4,25.0,30.07942202443373,473,0.8311329911755725
Pakenham Synthetic,1400,0,25.0,21.858882434194896,192,1.1436998243282237
Pakenham Synthetic,1400,1,37.0,38.80451409399557,384,0.953497315038541
Pakenham Synthetic,1400,2,54.0,52.36481678761346,504,1.0312267532419466
Pakenham Synthetic,1400,3,35.0,39.507319096758444,472,0.8859117955911043
Pakenham Synthetic,1400,4,41.0,39.46446758743763,543,1.038909239283673
Pakenham Synthetic,1600,0,18.0,15.536729388847293,150,1.1585449903581968
Pakenham Synthetic,1600,1,38.0,33.2333405515665,301,1.143430042521224
Pakenham Synthetic,1600,2,41.0,38.212748838719776,393,1.0729403470303605
Pakenham Synthetic,1600,3,27.0,28.235528847695104,304,0.9562420504195387
Pakenham Synthetic,1600,4,26.0,34.78165237317132,420,0.7475205525328921
Pakenham Synthetic,2200,0,6.0,6.599250318274675,69,0.909194182767211
Pakenham Synthetic,2200,1,13.0,16.626060240625552,138,0.781905022107082
Pakenham Synthetic,2200,2,11.0,16.866630859192565,166,0.6521752975938782
Pakenham Synthetic,2200,3,23.0,16.105821129296228,161,1.4280550997901853
Pakenham Synthetic,2200,4,16.0,12.802237452610981,180,1.2497815369560141
Pakenham Synthetic,3000,0,0.0,0.14084011621771828,1,0.0
Pakenham Synthetic,3000,1,0.0,0.18614532842761367,2,0.0
Pakenham Synthetic,3000,2,0.0,0.040240033205062364,1,0.0
Pakenham Synthetic,3000,3,1.0,0.44264036525568595,2,2.2591703750794663
Pakenham Synthetic,3000,4,0.0,0.19013415689391966,2,0.0
Parkes,1000,0,9.0,3.691361243463284,17,2.4381249643169793
Parkes,1000,1,2.0,2.9460473357309396,34,0.6788757178960204
Parkes,1000,2,2.0,4.454786345900288,43,0.4489553133879445
Parkes,1000,3,2.0,3.3930823489074764,40,0.5894345595956347
Parkes,1000,4,2.0,2.514722725998012,47,0.7953163103523729
Parkes,1200,0,5.0,2.493598353720497,17,2.0051344646341716
Parkes,1200,1,3.0,3.1577456484097537,34,0.9500448528876305
Parkes,1200,2,4.0,4.826550610764746,49,0.8287492088197989
Parkes,1200,3,3.0,3.854948215883013,44,0.7782205705486555
Parkes,1200,4,2.0,2.6671571712219904,49,0.7498620709643729
Parkes,1300,0,2.0,0.3095929290445005,5,6.460095862565784
Parkes,1300,1,0.0,1.118977232102078,10,0.0
Parkes,1300,2,2.0,1.9491024280602738,20,1.0261133387383745
Parkes,1300,3,0.0,0.8442015813944294,15,0.0
Parkes,1300,4,1.0,0.7781258293987183,18,1.2851391924269249
Parkes,1400,0,3.0,1.7303127213062492,14,1.7337906397262324
Parkes,1400,1,5.0,3.289467910947264,28,1.5200026677141703
Parkes,1400,2,4.0,3.923520948417282,40,1.0194924539943055
Parkes,1400,3,2.0,3.0563177264845907,35,0.654382226909511
Parkes,1400,4,0.0,2.0003806928446144,39,0.0
Parkes,1600,0,5.0,2.7907424656283575,21,1.7916379105494462
Parkes,1600,1,1.0,4.1291056769556755,42,0.24218319370728342
Parkes,1600,2,8.0,5.883485563195163,52,1.359738188200026
Parkes,1600,3,4.0,4.517456339071333,48,0.885454047536471
Parkes,1600,4,3.0,3.679209955149472,58,0.8153924447288362
Penola,1075,0,2.0,1.950793618765302,10,1.0252237759860223
Penola,1075,1,0.0,2.2117230882572203,20,0.0
Penola,1075,2,5.0,2.5187437421887555,20,1.9851165945349665
Penola,1075,3,2.0,1.6570075866346003,20,1.2069950772295623
Penola,1075,4,1.0,1.6617319641541215,25,0.6017817684027245
Penola,1100,0,12.0,5.135775612429097,42,2.3365506800878886
Penola,1100,1,7.0,10.634153886370239,84,0.6582564137022577
Penola,1100,2,7.0,8.396526515458108,80,0.83367806760485
Penola,1100,3,10.0,8.748066119948554,84,1.1431097871101605
Penola,1100,4,6.0,9.085477865794003,111,0.6603945426568539
Penola,1270,0,0.0,0.0999297721234423,4,0.0
Penola,1270,1,1.0,1.1979527265221817,8,0.8347574807088881
Penola,1270,2,0.0,0.7867113311475404,9,0.0
Penola,1270,3,0.0,0.9252832541334524,9,0.0
Penola,1270,4,3.0,0.9901229160733833,11,3.029926841707049
Penola,1300,0,8.0,4.200005709777475,34,1.9047593152971825
Penola,1300,1,9.0,7.490912379517607,68,1.201455783224576
Penola,1300,2,6.0,8.062899476226034,83,0.7441491758258151
Penola,1300,3,6.0,6.590729155388001,77,0.9103696811899677
Penola,1300,4,5.0,7.655453279090882,89,0.6531291900972547
Penola,1370,0,0.0,0.1781850911322454,1,0.0
Penola,1370,1,0.0,0.08217056834168708,2,0.0
Penola,1370,2,0.0,0.24213811025848758,2,0.0
Penola,1370,3,1.0,0.25370162975495886,2,3.941638061079322
Penola,1370,4,0.0,0.2438046005126211,3,0.0
Penola,1400,0,8.0,4.795845971270657,41,1.6681102870950637
Penola,1400,1,11.0,8.827320017939321,82,1.2461313261154292
Penola,1400,2,9.0,11.636946946300176,104,0.7733987309155379
Penola,1400,3,8.0,7.30135699656069,97,1.0956867338178926
Penola,1400,4,5.0,8.438530067929156,116,0.5925202564606157
Penola,1555,0,0.0,0.161976256620154,1,0.0
Penola,1555,1,1.0,0.3691295644064733,2,2.709075881277374
Penola,1555,2,0.0,0.15185274058139436,2,0.0
Penola,1555,3,0.0,0.1345956548363103,2,0.0
Penola,1555,4,0.0,0.18244578355566796,2,0.0
Penola,1600,0,5.0,2.7721239298438083,20,1.8036711656977467
Penola,1600,1,4.0,3.6093122635471,40,1.1082443712057615
Penola,1600,2,5.0,5.712807838881358,49,0.8752263582139085
Penola,1600,3,3.0,4.420645987244257,48,0.6786338486855719
Penola,1600,4,3.0,3.4851099804834758,53,0.8608049722390172
Penola,1700,0,4.0,2.8120521075374216,25,1.4224487481147323
Penola,1700,1,10.0,5.113987935821009,50,1.9554211166504407
Penola,1700,2,2.0,5.720063234990992,68,0.34964648428456574
Penola,1700,3,2.0,5.431520268594184,60,0.3682210322521085
Penola,1700,4,7.0,5.922376453056394,70,1.1819579615523208
Penola,2000,0,2.0,0.7642523221839292,7,2.616936765445207
Penola,2000,1,1.0,1.5164789526628684,14,0.6594222743705379
Penola,2000,2,1.0,1.3286135865936402,17,0.7526642886167116
Penola,2000,3,3.0,2.060776035516485,16,1.4557622702789828
Penola,2000,4,0.0,1.3298791030430774,18,0.0
Penola,2030,0,0.0,0.37463091312100877,2,0.0
Penola,2030,1,0.0,0.6036244211460987,4,0.0
Penola,2030,2,0.0,0.4032918648064093,3,0.0
Penola,2030,3,2.0,0.3745797886664767,4,5.339316376679326
Penola,2030,4,0.0,0.24387301226000652,4,0.0
Penola,2100,0,1.0,1.396525655639388,6,0.7160627489812624
Penola,2100,1,2.0,1.3206365448577182,12,1.5144212143663454
Penola,2100,2,0.0,1.0798810479285923,11,0.0
Penola,2100,3,1.0,1.233894005299885,13,0.8104423846009046
Penola,2100,4,2.0,0.9690627462744167,14,2.0638498463479733
Penshurst,1000,0,3.0,1.4908609737842864,11,2.012260064991192
Penshurst,1000,1,5.0,3.2230428844888803,22,1.5513290325930351
Penshurst,1000,2,2.0,2.7524503970416307,20,0.7266252653089138
Penshurst,1000,3,1.0,2.3691794874809826,22,0.4220870581077184
Penshurst,1000,4,0.0,1.1644662572042197,28,0.0
Penshurst,1284,0,2.0,1.8902864954745109,11,1.058040675203548
Penshurst,1284,1,2.0,2.434720082941427,22,0.8214496664371231
Penshurst,1284,2,3.0,3.2659085766182403,19,0.9185805204340467
Penshurst,1284,3,2.0,1.4479638137147408,22,1.3812499877804365
Penshurst,1284,4,2.0,1.961121031251081,28,1.0198248696176169
Penshurst,1400,0,1.0,0.3226457307517923,3,3.099374653648489
Penshurst,1400,1,0.0,0.8034954031077399,6,0.0
Penshurst,1400,2,2.0,0.7154381241785864,5,2.795489829810584
Penshurst,1400,3,0.0,0.42404862734276716,6,0.0
Penshurst,1400,4,0.0,0.7343721146191142,8,0.0
Penshurst,1476,0,2.0,1.910054422490895,13,1.0470905836242128
Penshurst,1476,1,3.0,3.454925151603703,26,0.8683256129608086
Penshurst,1476,2,3.0,2.4614988906842425,26,1.2187695925250106
Penshurst,1476,3,4.0,2.918117195054166,27,1.3707468660886843
Penshurst,1476,4,1.0,2.2554043401669936,36,0.4433794784335471
Penshurst,2000,0,1.0,0.6640905404581563,3,1.5058187687933329
Penshurst,2000,1,0.0,0.5952547615386157,6,0.0
Penshurst,2000,2,1.0,0.86651643857996,5,1.1540461963292834
Penshurst,2000,3,1.0,0.6185184410163137,6,1.616766669651527
Penshurst,2000,4,0.0,0.25561981840695447,6,0.0
Pingrup,1660,0,1.0,0.09724615542186334,1,10.283182874036532
Pingrup,1660,1,0.0,0.08904348174298665,2,0.0
Pingrup,1660,2,0.0,0.07514475646234894,1,0.0
Pingrup,1660,3,0.0,0.28984406064048884,2,0.0
Pingrup,1660,4,0.0,0.4487215457323123,2,0.0
Pinjarra,1000,0,27.0,16.776475680040434,123,1.6093964259801512
Pinjarra,1000,1,35.0,28.7565005268617,246,1.2171161079668298
Pinjarra,1000,2,21.0,31.694942811742948,322,0.6625662688439847
Pinjarra,1000,3,21.0,25.14570667334904,295,0.835132624141245
Pinjarra,1000,4,19.0,20.62637430800587,341,0.9211507420683909
Pinjarra,1200,0,55.0,33.1517085998334,244,1.6590396791879498
Pinjarra,1200,1,55.0,53.51359575272404,489,1.0277761982981737
Pinjarra,1200,2,74.0,69.82420839038002,681,1.0598043530443417
Pinjarra,1200,3,32.0,45.94703323270736,602,0.6964541070133953
Pinjarra,1200,4,28.0,41.56345402435518,719,0.6736687471544756
Pinjarra,1300,0,29.0,13.02373211793219,108,2.2267042762704183
Pinjarra,1300,1,24.0,23.054015346816854,216,1.0410334008610678
Pinjarra,1300,2,28.0,30.45995889939999,302,0.9192395857287763
Pinjarra,1300,3,20.0,22.631207643558334,267,0.8837354291914126
Pinjarra,1300,4,7.0,18.831085992292635,311,0.37172577316385397
Pinjarra,1400,0,20.0,12.197183143333811,110,1.6397228577264336
Pinjarra,1400,1,20.0,21.356759873650873,220,0.936471642623805
Pinjarra,1400,2,28.0,27.585044489683913,324,1.0150427711099494
Pinjarra,1400,3,21.0,26.11849270703647,272,0.8040280208950373
Pinjarra,1400,4,21.0,22.742519786294935,328,0.9233805311518292
Pinjarra,1406,0,6.0,1.9815833997734298,16,3.0278816428751005
Pinjarra,1406,1,4.0,3.1152754293853615,32,1.2839956179377672
Pinjarra,1406,2,5.0,4.56911419132465,46,1.0943040140019853
Pinjarra,1406,3,1.0,3.442858527359318,38,0.29045631473187566
Pinjarra,1406,4,0.0,2.8911684521572405,46,0.0
Pinjarra,1409,0,2.0,0.7699816125322961,6,2.5974646244115496
Pinjarra,1409,1,1.0,1.3170652913511587,12,0.7592638015493629
Pinjarra,1409,2,3.0,1.8116855138024153,18,1.6559165358139436
Pinjarra,1409,3,0.0,1.041149541057631,15,0.0
Pinjarra,1409,4,0.0,1.0601180412564992,17,0.0
Pinjarra,1412,0,2.0,1.1289774796412273,11,1.7715145218269288
Pinjarra,1412,1,3.0,1.7734536694025833,22,1.691614532569435
Pinjarra,1412,2,4.0,3.025147994428771,37,1.3222493601524798
Pinjarra,1412,3,1.0,2.900099716452908,29,0.34481572972362934
Pinjarra,1412,4,1.0,2.17232114007451,34,0.46033709360564445
Pinjarra,1413,0,5.0,1.6145606089928148,18,3.096817779494242
Pinjarra,1413,1,3.0,3.2055472444951527,36,0.9358776430925682
Pinjarra,1413,2,7.0,5.861826529240462,43,1.1941670339581023
Pinjarra,1413,3,2.0,3.658822564688818,43,0.5466239383406939
Pinjarra,1413,4,1.0,3.659243052582752,48,0.273280562572684
Pinjarra,1500,0,7.0,5.216206667693914,58,1.3419713684570518
Pinjarra,1500,1,16.0,12.539458591808401,116,1.2759721548466416
Pinjarra,1500,2,20.0,17.66439507681937,184,1.1322210533122414
Pinjarra,1500,3,5.0,11.58672832988178,155,0.4315281982667333
Pinjarra,1500,4,10.0,10.993211333796532,181,0.9096523023492604
Pinjarra,1600,0,27.0,14.741092758933119,138,1.8316145513457929
Pinjarra,1600,1,32.0,28.29765514026666,277,1.130835747392547
Pinjarra,1600,2,33.0,34.75827748698349,385,0.9494141363120788
Pinjarra,1600,3,26.0,32.06590946778843,345,0.810829957158025
Pinjarra,1600,4,20.0,28.137065146028302,399,0.7108061873618368
Pinjarra,2000,0,11.0,6.941291138525765,77,1.5847195832123315
Pinjarra,2000,1,22.0,14.62782436279813,154,1.5039830568345476
Pinjarra,2000,2,19.0,19.520872536640013,210,0.9733171488281401
Pinjarra,2000,3,16.0,18.781933110018485,189,0.8518824929402729
Pinjarra,2000,4,9.0,17.12807885201761,226,0.5254529756523069
Pinjarra,2006,0,1.0,0.026783830652261354,1,37.33595888441634
Pinjarra,2006,1,0.0,0.2727551449998403,2,0.0
Pinjarra,2006,2,0.0,0.06560385186924263,2,0.0
Pinjarra,2006,3,0.0,0.2787016783955587,2,0.0
Pinjarra,2006,4,0.0,0.35615549408309705,3,0.0
Pinjarra,2013,0,0.0,0.4298529519033275,7,0.0
Pinjarra,2013,1,2.0,1.2227272655549708,14,1.6356877419366624
Pinjarra,2013,2,4.0,1.8025805937335015,14,2.2190408650274036
Pinjarra,2013,3,0.0,1.492786204371131,14,0.0
Pinjarra,2013,4,1.0,2.0520529844370694,20,0.48731685174996864
Pinjarra,2025,0,0.0,0.3150355505991235,2,0.0
Pinjarra,2025,1,2.0,0.37871339723357167,4,5.281038417467178
Pinjarra,2025,2,0.0,0.5312170894219863,4,0.0
Pinjarra,2025,3,0.0,0.46347813439088853,4,0.0
Pinjarra,2025,4,0.0,0.31155582835442985,6,0.0
Pinjarra,2200,0,0.0,0.047167975301354796,1,0.0
Pinjarra,2200,1,0.0,0.13763192793156512,2,0.0
Pinjarra,2200,2,1.0,0.24628981266312078,3,4.060257260286345
Pinjarra,2200,3,0.0,0.3568065500068992,2,0.0
Pinjarra,2200,4,0.0,0.21210373409705996,3,0.0
Pinjarra,2300,0,1.0,0.7366429604337646,11,1.3575097485641623
Pinjarra,2300,1,2.0,2.56998740383778,22,0.7782139309373214
Pinjarra,2300,2,0.0,2.6426215377730204,28,0.0
Pinjarra,2300,3,3.0,2.2717328488684294,27,1.3205778141977949
Pinjarra,2300,4,5.0,2.7790152490870055,29,1.7991984756624342
Pinjarra Scarpside,1000,0,15.0,9.486046836738556,50,1.5812698649037267
Pinjarra Scarpside,1000,1,16.0,12.467652447125886,100,1.2833209834693788
Pinjarra Scarpside,1000,2,8.0,10.345014041180955,112,0.7733193950393851
Pinjarra Scarpside,1000,3,7.0,9.854384823995952,111,0.7103436820281899
Pinjarra Scarpside,1000,4,4.0,7.846901850958653,126,0.509755324582188
Pinjarra Scarpside,1200,0,31.0,11.25887314038214,94,2.7533838967251945
Pinjarra Scarpside,1200,1,16.0,22.16347870584886,188,0.7219083345331372
Pinjarra Scarpside,1200,2,23.0,23.80800584893852,248,0.9660615906235361
Pinjarra Scarpside,1200,3,16.0,20.68954435650373,230,0.7733374754079793
Pinjarra Scarpside,1200,4,8.0,16.080097948326753,262,0.49750940732500054
Pinjarra Scarpside,1300,0,8.0,6.654717370598038,53,1.2021547354280901
Pinjarra Scarpside,1300,1,12.0,10.82771620317254,106,1.1082669488958325
Pinjarra Scarpside,1300,2,14.0,13.947944076121125,144,1.0037321574846285
Pinjarra Scarpside,1300,3,13.0,11.888403521902264,128,1.0935025864532457
Pinjarra Scarpside,1300,4,6.0,9.681218828206031,156,0.6197566759382738
Pinjarra Scarpside,1400,0,14.0,8.467361000656787,62,1.653407714506806
Pinjarra Scarpside,1400,1,13.0,13.14239816311358,124,0.9891649787697617
Pinjarra Scarpside,1400,2,15.0,17.714855320315557,181,0.8467469662480316
Pinjarra Scarpside,1400,3,13.0,11.880252474869799,160,1.0942528391125352
Pinjarra Scarpside,1400,4,7.0,10.795133041044279,184,0.6484403641330989
Pinjarra Scarpside,1500,0,3.0,2.8799929900355137,25,1.0416692021055949
Pinjarra Scarpside,1500,1,5.0,4.58749566579935,50,1.0899192858700548
Pinjarra Scarpside,1500,2,11.0,6.554886453097638,67,1.6781373832649287
Pinjarra Scarpside,1500,3,2.0,5.867263705271739,62,0.34087440082214115
Pinjarra Scarpside,1500,4,4.0,5.110361185795759,69,0.7827235403865374
Pinjarra Scarpside,1600,0,7.0,4.8546559038986326,41,1.4419147594741997
Pinjarra Scarpside,1600,1,10.0,7.875874608491129,82,1.2697002551588126
Pinjarra Scarpside,1600,2,13.0,10.511506768508733,117,1.236739916197981
Pinjarra Scarpside,1600,3,4.0,9.352674995629203,107,0.42768512771686445
Pinjarra Scarpside,1600,4,7.0,8.405287723472304,119,0.8328090875999464
Pinjarra Scarpside,1609,0,0.0,0.1371509534271417,1,0.0
Pinjarra Scarpside,1609,1,0.0,0.16880117344878978,2,0.0
Pinjarra Scarpside,1609,2,0.0,0.23281552822941637,3,0.0
Pinjarra Scarpside,1609,3,1.0,0.2160127516477482,2,4.6293563336978325
Pinjarra Scarpside,1609,4,0.0,0.24521959324690393,3,0.0
Pinjarra Scarpside,1613,0,0.0,0.07237259098883196,2,0.0
Pinjarra Scarpside,1613,1,0.0,0.24936104967495767,4,0.0
Pinjarra Scarpside,1613,2,0.0,0.6260682753466008,7,0.0
Pinjarra Scarpside,1613,3,2.0,0.6527733441983614,6,3.0638505964977796
Pinjarra Scarpside,1613,4,0.0,0.39942473979124815,7,0.0
Pinjarra Scarpside,1615,0,0.0,0.16372797607901574,1,0.0
Pinjarra Scarpside,1615,1,0.0,0.15349497757407723,2,0.0
Pinjarra Scarpside,1615,2,1.0,0.3616232748972098,3,2.765308732642407
Pinjarra Scarpside,1615,3,0.0,0.24257942540590155,3,0.0
Pinjarra Scarpside,1615,4,0.0,0.0785743460437956,3,0.0
Pinjarra Scarpside,1700,0,1.0,0.532758583784602,10,1.8770227837460935
Pinjarra Scarpside,1700,1,1.0,1.4184860636844585,20,0.7049769649498999
Pinjarra Scarpside,1700,2,6.0,4.025587294578797,30,1.4904657534268646
Pinjarra Scarpside,1700,3,2.0,2.165699905444703,26,0.923488981539814
Pinjarra Scarpside,1700,4,0.0,1.8574681525074397,29,0.0
Pinjarra Scarpside,1800,0,0.0,2.126421788820631,22,0.0
Pinjarra Scarpside,1800,1,3.0,3.6446737929632538,44,0.8231189320130868
Pinjarra Scarpside,1800,2,6.0,6.548100400137355,68,0.916296274240716
Pinjarra Scarpside,1800,3,3.0,3.808052372433571,57,0.7878042911691423
Pinjarra Scarpside,1800,4,10.0,5.872751645645188,69,1.702779310855974
Pinjarra Scarpside,2200,0,1.0,2.291460915207106,24,0.436402817680012
Pinjarra Scarpside,2200,1,5.0,4.717769651279926,48,1.0598228335805895
Pinjarra Scarpside,2200,2,7.0,5.230257013115218,52,1.3383663522551632
Pinjarra Scarpside,2200,3,5.0,5.352765309081853,51,0.9340966232008475
Pinjarra Scarpside,2200,4,6.0,6.407747111315897,61,0.9363665412769135
Pinjarra Scarpside,2206,0,0.0,0.12760634721194147,2,0.0
Pinjarra Scarpside,2206,1,1.0,0.7870717501286163,4,1.2705321971428765
Pinjarra Scarpside,2206,2,1.0,0.2401124078544103,3,4.164716055016781
Pinjarra Scarpside,2206,3,0.0,0.599446147248673,4,0.0
Pinjarra Scarpside,2206,4,0.0,0.24576334755635887,4,0.0
Pinjarra Scarpside,2218,0,0.0,0.06336573626665151,1,0.0
Pinjarra Scarpside,2218,1,0.0,0.1909612870217725,2,0.0
Pinjarra Scarpside,2218,2,1.0,0.31161768328501316,3,3.209060504712679
Pinjarra Scarpside,2218,3,0.0,0.29223674082977136,3,0.0
Pinjarra Scarpside,2218,4,0.0,0.14181855259679146,3,0.0
Pioneer Park,1000,0,21.0,7.004010615557442,52,2.9982821489953766
Pioneer Park,1000,1,16.0,12.171929823688334,104,1.3144998559605305
Pioneer Park,1000,2,7.0,10.592684241982248,88,0.6608334431660604
Pioneer Park,1000,3,7.0,12.126374662415882,108,0.5772541418908643
Pioneer Park,1000,4,1.0,10.105000656356093,117,0.09896090401250941
Pioneer Park,1100,0,32.0,17.693112032221286,127,1.8086134277409283
Pioneer Park,1100,1,39.0,33.87125418094215,254,1.1514188341435425
Pioneer Park,1100,2,35.0,25.182900090230905,229,1.3898319841874527
Pioneer Park,1100,3,12.0,26.168230666164554,259,0.45857131699454046
Pioneer Park,1100,4,9.0,24.084503030441095,297,0.37368427277177535
Pioneer Park,1200,0,38.0,20.564983133204766,140,1.8478011751268686
Pioneer Park,1200,1,40.0,36.14792236919465,280,1.1065642885768754
Pioneer Park,1200,2,31.0,30.94031616543933,243,1.0019289988583677
Pioneer Park,1200,3,23.0,27.88222115321171,292,0.8248984137101526
Pioneer Park,1200,4,8.0,24.46455717894954,318,0.327003670717718
Pioneer Park,1400,0,26.0,14.221200773112598,87,1.8282563065389712
Pioneer Park,1400,1,25.0,22.55449300530312,174,1.1084266001511043
Pioneer Park,1400,2,22.0,15.790950165532012,153,1.3932030542418472
Pioneer Park,1400,3,11.0,18.918607012618025,184,0.5814381572947416
Pioneer Park,1400,4,3.0,15.514749043434248,200,0.19336439098056712
Pioneer Park,1600,0,14.0,7.306673290727219,56,1.91605665710648
Pioneer Park,1600,1,15.0,13.790672280423966,112,1.0876917161821538
Pioneer Park,1600,2,11.0,12.073996733965965,104,0.9110487804800667
Pioneer Park,1600,3,8.0,10.768342213549342,116,0.7429184401229322
Pioneer Park,1600,4,8.0,12.060315481333507,135,0.6633325647560457
Pioneer Park,1900,0,1.0,0.8452371933775129,6,1.1830998539049908
Pioneer Park,1900,1,1.0,1.51555949724272,12,0.6598223308417221
Pioneer Park,1900,2,1.0,1.3240661176384247,12,0.7552492935802768
Pioneer Park,1900,3,2.0,1.286205177475767,12,1.554961863802388
Pioneer Park,1900,4,1.0,1.0289320142655753,15,0.9718815102801265
Pioneer Park,2000,0,0.0,1.698599045985053,11,0.0
Pioneer Park,2000,1,4.0,2.2785199742656177,22,1.7555255363908877
Pioneer Park,2000,2,3.0,2.2266560926311625,30,1.3473117873604827
Pioneer Park,2000,3,0.0,2.0338550247067784,28,0.0
Pioneer Park,2000,4,4.0,2.762369862411388,32,1.4480320157085094
Port Augusta,1100,0,25.0,13.811921680557496,83,1.8100305358081725
Port Augusta,1100,1,29.0,19.694805792874263,166,1.472469457428843
Port Augusta,1100,2,22.0,20.21486062708865,189,1.0883082701306976
Port Augusta,1100,3,5.0,17.36289396491433,190,0.287970427631686
Port Augusta,1100,4,2.0,11.91551793456526,217,0.16784834792605013
Port Augusta,1200,0,18.0,9.735370291917219,67,1.8489281311615318
Port Augusta,1200,1,22.0,18.77884783660106,134,1.171530873002801
Port Augusta,1200,2,10.0,15.205780941336188,162,0.6576446180949167
Port Augusta,1200,3,15.0,12.83222000336439,156,1.1689325772210308
Port Augusta,1200,4,2.0,10.447780926781144,181,0.1914282098769255
Port Augusta,1396,0,21.0,9.182641167527315,61,2.28692373107887
Port Augusta,1396,1,9.0,14.559315041369473,122,0.6181609488102295
Port Augusta,1396,2,14.0,15.631228131873366,153,0.8956429963076825
Port Augusta,1396,3,12.0,11.137491788054382,141,1.0774418718647865
Port Augusta,1396,4,5.0,10.489323871175465,164,0.4766751471693938
Port Augusta,1498,0,12.0,6.997415844213418,56,1.7149188024781348
Port Augusta,1498,1,8.0,12.192332862615466,113,0.6561500649748387
Port Augusta,1498,2,18.0,14.271665663554469,128,1.2612403081979824
Port Augusta,1498,3,13.0,11.478100307650866,121,1.1325916006618877
Port Augusta,1498,4,5.0,11.06048532196578,152,0.4520597292480607
Port Augusta,1600,0,10.0,6.53969258964893,32,1.529123863685591
Port Augusta,1600,1,11.0,7.664636776787263,64,1.4351625941772026
Port Augusta,1600,2,7.0,7.187412674785201,69,0.9739248762711677
Port Augusta,1600,3,3.0,5.104986610624889,67,0.5876606990028477
Port Augusta,1600,4,1.0,5.503271348153716,88,0.1817101023622047
Port Augusta,1867,0,6.0,4.519879054842742,24,1.3274691484435648
Port Augusta,1867,1,6.0,6.668565761818102,48,0.8997436951666462
Port Augusta,1867,2,7.0,5.503874661433409,50,1.271831288065151
Port Augusta,1867,3,2.0,4.025631211720167,51,0.4968164977897696
Port Augusta,1867,4,3.0,3.2820493101855805,59,0.9140630491716676
Port Augusta,2300,0,1.0,0.8442885349445595,5,1.1844292070905185
Port Augusta,2300,1,2.0,0.9396049237447173,10,2.1285541927868645
Port Augusta,2300,2,1.0,1.1902479801781325,13,0.840161056060217
Port Augusta,2300,3,1.0,0.7518526750479155,12,1.330047804825952
Port Augusta,2300,4,0.0,1.274005886084675,14,0.0
Port Hedland,1200,0,11.0,4.083450614880461,27,2.6938001796605575
Port Hedland,1200,1,5.0,7.377214862818085,54,0.6777625557851799
Port Hedland,1200,2,7.0,4.838592299496969,46,1.4467017609083817
Port Hedland,1200,3,4.0,5.509432792262394,54,0.7260275514419043
Port Hedland,1200,4,0.0,5.191309430542091,64,0.0
Port Hedland,1300,0,3.0,1.9418908304876696,18,1.5448860218607685
Port Hedland,1300,1,8.0,5.390784114810032,37,1.4840141674421172
Port Hedland,1300,2,2.0,2.990667725000447,27,0.6687469768978435
Port Hedland,1300,3,2.0,4.084504316651767,36,0.4896554991621311
Port Hedland,1300,4,3.0,3.5921530130500847,40,0.835153733457671
Port Hedland,1400,0,2.0,1.835803506984953,13,1.0894412132836135
Port Hedland,1400,1,5.0,3.745410030951033,26,1.334967322317552
Port Hedland,1400,2,2.0,1.9553816452450887,20,1.0228182333936753
Port Hedland,1400,3,3.0,2.6600091060609286,26,1.1278156879855747
Port Hedland,1400,4,1.0,2.8033957107579965,29,0.3567102554100772
Port Hedland,1600,0,0.0,1.58399283116798,11,0.0
Port Hedland,1600,1,2.0,2.814020613658381,22,0.7107268476615352
Port Hedland,1600,2,2.0,1.7134977471539505,17,1.1672031686775883
Port Hedland,1600,3,3.0,2.648456685656418,22,1.1327351571379212
Port Hedland,1600,4,4.0,2.240032122363271,26,1.7856886783301724
Port Hedland,2050,0,1.0,0.3023267176305179,3,3.307679876385019
Port Hedland,2050,1,0.0,0.7817507809072918,6,0.0
Port Hedland,2050,2,0.0,0.5592769698524391,5,0.0
Port Hedland,2050,3,1.0,0.6601145263493691,6,1.5148886444452287
Port Hedland,2050,4,1.0,0.6965310052603823,6,1.435686268734258
Port Hedland,2200,0,2.0,0.7102339836308038,4,2.815973392002102
Port Hedland,2200,1,2.0,1.252735202596841,8,1.5965065848346291
Port Hedland,2200,2,0.0,0.6142406663096238,8,0.0
Port Hedland,2200,3,0.0,0.5182854814539968,8,0.0
Port Hedland,2200,4,0.0,0.9045046660087344,9,0.0
Port Lincoln,1000,0,33.0,17.865432987193486,125,1.8471424691276979
Port Lincoln,1000,1,38.0,30.753393876905445,250,1.2356359806042891
Port Lincoln,1000,2,20.0,29.12665718390534,304,0.6866562089058231
Port Lincoln,1000,3,18.0,24.722485612447677,285,0.728082130663151
Port Lincoln,1000,4,16.0,22.53203033954805,351,0.7101002332629084
Port Lincoln,1210,0,24.0,15.709309297371247,109,1.527756538857892
Port Lincoln,1210,1,28.0,26.04068021831581,218,1.0752407297066724
Port Lincoln,1210,2,29.0,24.62655651743321,276,1.1775905404992701
Port Lincoln,1210,3,20.0,22.722650192682,271,0.8801790209506966
Port Lincoln,1210,4,8.0,19.90080377419773,307,0.40199381345452756
Port Lincoln,1250,0,10.0,4.700273196375939,40,2.1275359074256195
Port Lincoln,1250,1,6.0,9.8125434753296,80,0.6114622590040002
Port Lincoln,1250,2,15.0,11.087859856217237,97,1.3528309515554644
Port Lincoln,1250,3,5.0,7.049819762314755,91,0.7092379902714404
Port Lincoln,1250,4,4.0,7.34950370976247,114,0.5442544364848381
Port Lincoln,1350,0,24.0,13.750433807034712,124,1.7453994787947429
Port Lincoln,1350,1,25.0,27.416075545816536,248,0.911873763924421
Port Lincoln,1350,2,33.0,33.02833303789727,335,0.9991421596159649
Port Lincoln,1350,3,21.0,26.957253338263307,312,0.7790111157278943
Port Lincoln,1350,4,21.0,22.847904270988177,358,0.9191214980126379
Port Lincoln,1390,0,0.0,0.026669970263343234,1,0.0
Port Lincoln,1390,1,0.0,0.1960878956760749,2,0.0
Port Lincoln,1390,2,0.0,0.15846407331469772,2,0.0
Port Lincoln,1390,3,0.0,0.11453078139063416,2,0.0
Port Lincoln,1390,4,1.0,0.5042472793552499,3,1.9831539820673671
Port Lincoln,1750,0,6.0,6.343994245729674,65,0.9457763937977676
Port Lincoln,1750,1,13.0,13.879654533968417,130,0.9366227356872903
Port Lincoln,1750,2,19.0,18.796178336749822,181,1.0108437821560605
Port Lincoln,1750,3,19.0,13.936990237439188,158,1.363278561318064
Port Lincoln,1750,4,8.0,12.043182646112898,183,0.6642762328762082
Port Lincoln,1960,0,5.0,1.789418953181779,17,2.794203107723579
Port Lincoln,1960,1,0.0,3.149342315023764,34,0.0
Port Lincoln,1960,2,9.0,5.523428409869023,52,1.629422766468592
Port Lincoln,1960,3,0.0,3.5220349747610125,42,0.0
Port Lincoln,1960,4,3.0,3.0157753471644217,52,0.9947690575893677
Port Macquarie,1000,0,29.0,14.812268916965058,98,1.9578364504836387
Port Macquarie,1000,1,32.0,21.50413863928907,196,1.4880856441994146
Port Macquarie,1000,2,16.0,25.23732218489411,250,0.6339816832697431
Port Macquarie,1000,3,10.0,18.9976903346724,228,0.5263797769010452
Port Macquarie,1000,4,11.0,17.44857992417936,275,0.6304237965381215
Port Macquarie,1004,0,2.0,1.2422751255448017,5,1.609949325132705
Port Macquarie,1004,1,1.0,1.1049405704427253,10,0.9050260500429648
Port Macquarie,1004,2,1.0,1.257954588611908,11,0.7949412554736588
Port Macquarie,1004,3,1.0,1.047352849388833,12,0.9547880645797019
Port Macquarie,1004,4,0.0,0.34747686601173183,14,0.0
Port Macquarie,1006,0,11.0,4.763477650189505,30,2.3092372438364204
Port Macquarie,1006,1,11.0,7.168537400561047,60,1.5344831707426236
Port Macquarie,1006,2,7.0,6.819729629046245,64,1.026433653643094
Port Macquarie,1006,3,1.0,5.845554391644316,65,0.17107017281875064
Port Macquarie,1006,4,0.0,5.402700928558887,74,0.0
Port Macquarie,1008,0,4.0,1.2948928786363603,10,3.0890586132594713
Port Macquarie,1008,1,1.0,2.3981711980826703,20,0.4169844091195393
Port Macquarie,1008,2,4.0,2.3359116542965093,23,1.7123935285149527
Port Macquarie,1008,3,0.0,2.018851747086569,20,0.0
Port Macquarie,1008,4,1.0,1.9521725218978914,27,0.5122498082432825
Port Macquarie,1010,0,1.0,0.9624957033906638,8,1.0389656769138986
Port Macquarie,1010,1,1.0,2.5632616563663806,16,0.390127944026431
Port Macquarie,1010,2,1.0,1.7864818997070266,16,0.5597593796858477
Port Macquarie,1010,3,1.0,1.4948879432640865,16,0.6689464615096841
Port Macquarie,1010,4,4.0,1.1928727972718425,22,3.3532494069344128
Port Macquarie,1100,0,6.0,5.635032002948895,40,1.0647676884284085
Port Macquarie,1100,1,13.0,9.33701213650164,80,1.392308354101679
Port Macquarie,1100,2,15.0,11.556595224421836,108,1.2979601438580657
Port Macquarie,1100,3,5.0,7.940442362800431,95,0.629687839990391
Port Macquarie,1100,4,1.0,5.530918273327199,112,0.18080180371177976
Port Macquarie,1106,0,2.0,2.3080385849490015,15,0.8665366398301318
Port Macquarie,1106,1,6.0,2.8396266702003716,30,2.112953812895631
Port Macquarie,1106,2,4.0,4.726384077702401,42,0.8463129390755073
Port Macquarie,1106,3,2.0,3.0260575295749663,38,0.6609259673529458
Port Macquarie,1106,4,1.0,2.0998931375732597,43,0.47621470926641984
Port Macquarie,1108,0,2.0,1.1462204433482852,10,1.7448650576827038
Port Macquarie,1108,1,3.0,3.194940079183177,20,0.9389847463953016
Port Macquarie,1108,2,2.0,1.8655124185872425,20,1.0720914961877366
Port Macquarie,1108,3,1.0,1.9593262002388134,20,0.5103795375563878
Port Macquarie,1108,4,2.0,1.8340008586424819,26,1.0905120303380829
Port Macquarie,1110,0,2.0,1.5643556863747066,10,1.2784816250036275
Port Macquarie,1110,1,3.0,3.65918449675324,20,0.8198548071740771
Port Macquarie,1110,2,1.0,1.458721894671106,20,0.685531631254131
Port Macquarie,1110,3,3.0,1.8142803476068585,20,1.653548198301974
Port Macquarie,1110,4,1.0,1.503457574594089,27,0.6651335008704752
Port Macquarie,1200,0,38.0,15.183361197926725,129,2.5027396440512044
Port Macquarie,1200,1,26.0,27.91669379035313,258,0.9313423786947342
Port Macquarie,1200,2,28.0,37.767935087398655,384,0.7413696283687549
Port Macquarie,1200,3,21.0,23.928380884662932,322,0.8776189288034988
Port Macquarie,1200,4,16.0,24.203629039658555,395,0.6610578923426482
Port Macquarie,1204,0,1.0,0.8410223528950347,4,1.18902903895208
Port Macquarie,1204,1,2.0,1.2567306841376324,8,1.5914308652154843
Port Macquarie,1204,2,0.0,0.5575122123533336,9,0.0
Port Macquarie,1204,3,1.0,0.6308567893637385,10,1.585145815754107
Port Macquarie,1204,4,0.0,0.7138779612502606,11,0.0
Port Macquarie,1206,0,11.0,6.776298449797549,39,1.6233051246921746
Port Macquarie,1206,1,13.0,8.656340087300732,78,1.5017894247329338
Port Macquarie,1206,2,7.0,10.2588760500943,99,0.6823359562800894
Port Macquarie,1206,3,6.0,7.775337029583263,91,0.7716707297923501
Port Macquarie,1206,4,2.0,5.533148383224155,102,0.3614578647599188
Port Macquarie,1208,0,5.0,2.1270515705916857,15,2.350671732236911
Port Macquarie,1208,1,4.0,4.208066121132252,30,0.9505554059411337
Port Macquarie,1208,2,5.0,3.794963152070311,33,1.3175358493987723
Port Macquarie,1208,3,1.0,2.7053205259637494,30,0.3696419667846041
Port Macquarie,1208,4,0.0,2.164598630242002,40,0.0
Port Macquarie,1210,0,2.0,1.5609375950777273,14,1.2812812032376024
Port Macquarie,1210,1,5.0,4.628556741616212,28,1.0802503413308242
Port Macquarie,1210,2,2.0,2.9951814304638087,27,0.66773918256107
Port Macquarie,1210,3,3.0,2.8658364972292523,28,1.0468147791754554
Port Macquarie,1210,4,2.0,1.9494877356130003,37,1.0259105320152817
Port Macquarie,1212,0,0.0,0.1949663801526297,2,0.0
Port Macquarie,1212,1,1.0,0.7470276346413958,4,1.3386385638598783
Port Macquarie,1212,2,1.0,0.4973642487113256,5,2.010598877162979
Port Macquarie,1212,3,0.0,0.31012319814101935,4,0.0
Port Macquarie,1212,4,0.0,0.25051853835362947,5,0.0
Port Macquarie,1500,0,15.0,11.907231267708768,108,1.2597386968269033
Port Macquarie,1500,1,29.0,24.268645851196904,216,1.194957484559022
Port Macquarie,1500,2,25.0,30.789543665801375,299,0.8119639664477408
Port Macquarie,1500,3,27.0,21.99716447830472,264,1.2274309275920292
Port Macquarie,1500,4,12.0,19.037414736988236,316,0.6303376884827182
Port Macquarie,1506,0,3.0,2.2630200349158858,22,1.3256621477995474
Port Macquarie,1506,1,2.0,5.3110508575010345,44,0.3765733098140664
Port Macquarie,1506,2,7.0,7.21038466603719,57,0.9708219913664028
Port Macquarie,1506,3,6.0,4.336369366477093,52,1.3836459703787771
Port Macquarie,1506,4,4.0,2.8791750750687974,64,1.3892868254649018
Port Macquarie,1509,0,1.0,2.3895167817359226,22,0.4184946545022905
Port Macquarie,1509,1,6.0,3.707903165823099,44,1.6181652356253187
Port Macquarie,1509,2,9.0,6.083022668548808,56,1.4795276115824632
Port Macquarie,1509,3,6.0,5.855428263788489,52,1.0246902070520754
Port Macquarie,1509,4,0.0,3.9641291201036815,60,0.0
Port Macquarie,1512,0,6.0,4.6188100179334555,35,1.2990358938132978
Port Macquarie,1512,1,11.0,8.844608781592521,70,1.2436954840663272
Port Macquarie,1512,2,9.0,7.689099076249762,76,1.1704882341546845
Port Macquarie,1512,3,5.0,6.682963719703842,70,0.7481710525014756
Port Macquarie,1512,4,4.0,7.164518404520419,95,0.5583068915666709
Port Macquarie,1800,0,2.0,2.4985381654402534,17,0.8004680607500712
Port Macquarie,1800,1,6.0,2.961053378220647,34,2.026305923470219
Port Macquarie,1800,2,4.0,4.668965049369102,47,0.8567209130298595
Port Macquarie,1800,3,4.0,3.724714130736086,42,1.0739079187291916
Port Macquarie,1800,4,1.0,3.1467292762339114,47,0.31779028706175394
Port Macquarie,1808,0,0.0,0.06408763528776006,2,0.0
Port Macquarie,1808,1,0.0,0.30160294048827585,4,0.0
Port Macquarie,1808,2,1.0,0.9196031938500888,6,1.0874255403717283
Port Macquarie,1808,3,0.0,0.32753085454538833,4,0.0
Port Macquarie,1808,4,1.0,0.3871753758284869,6,2.582808883080895
Port Macquarie,1812,0,0.0,0.9383797342602682,11,0.0
Port Macquarie,1812,1,6.0,2.967803006074118,22,2.0216975276728175
Port Macquarie,1812,2,1.0,2.8960607179437954,25,0.34529662786559273
Port Macquarie,1812,3,3.0,2.14581375094648,23,1.3980710109051886
Port Macquarie,1812,4,1.0,2.051942790775338,30,0.4873430216941596
Port Macquarie,1815,0,0.0,0.11325377893703938,2,0.0
Port Macquarie,1815,1,1.0,0.58465314469395,4,1.710415840700682
Port Macquarie,1815,2,1.0,0.6174287511875132,4,1.6196200745052443
Port Macquarie,1815,3,0.0,0.2842206289250307,4,0.0
Port Macquarie,1815,4,0.0,0.4004436962564667,4,0.0
Port Macquarie,2000,0,2.0,2.6660744333481796,17,0.7501666026211832
Port Macquarie,2000,1,4.0,3.4835572844743066,34,1.1482515352416913
Port Macquarie,2000,2,6.0,4.415951065964086,39,1.3587107081518544
Port Macquarie,2000,3,5.0,3.5567451188591774,40,1.4057796757738281
Port Macquarie,2000,4,0.0,2.87767209735425,43,0.0
Port Macquarie,2006,0,0.0,0.3349624927236982,1,0.0
Port Macquarie,2006,1,0.0,0.2219213202310216,2,0.0
Port Macquarie,2006,2,1.0,0.20858470242867652,2,4.794215435534828
Port Macquarie,2006,3,0.0,0.12085643052485082,2,0.0
Port Macquarie,2006,4,0.0,0.11367505409175277,2,0.0
Port Macquarie,2012,0,1.0,0.1351361120147995,3,7.3999465064562795
Port Macquarie,2012,1,0.0,0.7734106763578794,6,0.0
Port Macquarie,2012,2,0.0,1.0489711215198352,7,0.0
Port Macquarie,2012,3,2.0,0.7264457455078037,7,2.753130584586121
Port Macquarie,2012,4,0.0,0.31603634459968216,8,0.0
Port Macquarie,2020,0,0.0,0.15138188884081075,1,0.0
Port Macquarie,2020,1,0.0,0.05233041842198757,2,0.0
Port Macquarie,2020,2,1.0,0.6409701404489884,2,1.560135077898508
Port Macquarie,2020,3,0.0,0.036007531872450906,2,0.0
Port Macquarie,2020,4,0.0,0.11931002041576243,3,0.0
Prairie,1000,0,0.0,0.07555765827331827,1,0.0
Prairie,1000,1,1.0,0.4030209045190909,2,2.4812608695652174
Prairie,1000,2,0.0,0.14167060926247174,1,0.0
Prairie,1000,3,0.0,0.20434912123920168,2,0.0
Prairie,1000,4,0.0,0.1754017067059174,2,0.0
Prairie,1200,0,1.0,0.25159497722930024,1,3.974642145135567
Prairie,1200,1,0.0,0.19444815756586875,2,0.0
Prairie,1200,2,0.0,0.1440680762467779,2,0.0
Prairie,1200,3,0.0,0.22829249005258653,2,0.0
Prairie,1200,4,0.0,0.18159629890546655,2,0.0
Quambone,1400,1,1.0,1.0,2,1.0
Queanbeyan,900,0,0.0,0.5832882815569999,4,0.0
Queanbeyan,900,1,0.0,0.6182726245768788,8,0.0
Queanbeyan,900,2,3.0,1.3088391724683701,10,2.2921074361964813
Queanbeyan,900,3,0.0,0.7158032651677112,8,0.0
Queanbeyan,900,4,1.0,0.7737966562300401,10,1.2923291822841794
Queanbeyan,1000,0,19.0,12.751247025468915,78,1.4900503426880551
Queanbeyan,1000,1,21.0,20.744017731572626,156,1.0123400525269397
Queanbeyan,1000,2,20.0,17.053785680944113,163,1.1727601351498151
Queanbeyan,1000,3,12.0,14.910198771147995,162,0.8048182444905175
Queanbeyan,1000,4,6.0,12.54075079086635,198,0.47844025449974703
Queanbeyan,1200,0,17.0,11.008329454403162,74,1.5442851770029704
Queanbeyan,1200,1,29.0,20.64824087550866,146,1.4044779976582678
Queanbeyan,1200,2,9.0,13.154712529983343,128,0.684165463858403
Queanbeyan,1200,3,9.0,14.864992712427345,147,0.6054493381941501
Queanbeyan,1200,4,9.0,13.323724427677492,181,0.6754868016711768
Queanbeyan,1460,0,24.0,19.61069799714126,117,1.2238218141699286
Queanbeyan,1460,1,31.0,31.117754858539563,234,0.9962158305097886
Queanbeyan,1460,2,32.0,25.07763847752163,248,1.2760372165299072
Queanbeyan,1460,3,24.0,22.991180005104844,247,1.0438785653746856
Queanbeyan,1460,4,6.0,18.202728661692703,290,0.32962091077184963
Queanbeyan,1600,0,15.0,8.917804795507532,54,1.6820282955236314
Queanbeyan,1600,1,12.0,13.665350077195404,108,0.8781333761822522
Queanbeyan,1600,2,14.0,13.126328985230485,117,1.0665586711831279
Queanbeyan,1600,3,8.0,9.368724857049619,114,0.8539048933623337
Queanbeyan,1600,4,5.0,8.92179128501696,139,0.5604255737742799
Queanbeyan,2000,0,3.0,3.4638005281437882,28,0.8661006820758429
Queanbeyan,2000,1,10.0,6.892757384584522,56,1.4507981990436436
Queanbeyan,2000,2,6.0,5.698861854355058,55,1.0528418047920942
Queanbeyan,2000,3,5.0,6.111992844666504,58,0.8180637849344244
Queanbeyan,2000,4,4.0,5.832587388250127,66,0.6858019835344578
Quilpie,1100,0,1.0,0.17285277680356728,1,5.785270092226614
Quilpie,1100,1,0.0,0.1411631010562466,2,0.0
Quilpie,1100,2,0.0,0.17746218418499576,2,0.0
Quilpie,1100,3,0.0,0.10449736052215658,2,0.0
Quilpie,1100,4,0.0,0.4040245774330338,3,0.0
Quilpie,1200,0,0.0,0.11081947551721752,1,0.0
Quilpie,1200,1,1.0,0.25396129806029016,2,3.9376078466987554
Quilpie,1200,2,0.0,0.29683788084968976,3,0.0
Quilpie,1200,3,0.0,0.18997624374380145,2,0.0
Quilpie,1200,4,0.0,0.14840510182900107,3,0.0
Quilpie,1350,0,0.0,0.04918981481481481,1,0.0
Quilpie,1350,1,1.0,0.25578703703703703,2,3.909502262443439
Quilpie,1350,2,0.0,0.2916666666666667,2,0.0
Quilpie,1350,3,0.0,0.14756944444444445,2,0.0
Quilpie,1350,4,0.0,0.25578703703703703,2,0.0
Quilpie,1586,0,0.0,0.06313890559230306,1,0.0
Quilpie,1586,1,1.0,0.29464822609741426,2,3.3938775510204087
Quilpie,1586,2,0.0,0.10102224894768491,1,0.0
Quilpie,1586,3,0.0,0.2886349969933854,2,0.0
Quilpie,1586,4,0.0,0.25255562236921225,2,0.0
Quirindi,1000,0,11.0,5.473544298912211,41,2.0096667532564036
Quirindi,1000,1,14.0,11.075719365686735,82,1.264026248567914
Quirindi,1000,2,4.0,9.489028456975046,89,0.42153946720011604
Quirindi,1000,3,9.0,7.321478569248283,87,1.2292598981033493
Quirindi,1000,4,3.0,7.640229309177726,108,0.39265837170571427
Quirindi,1100,0,3.0,2.5646473730553905,18,1.169751456484231
Quirindi,1100,1,5.0,4.09578635739273,36,1.2207667987797266
Quirindi,1100,2,1.0,4.33237101480456,49,0.23082048988482384
Quirindi,1100,3,5.0,3.455489790546014,44,1.4469728759377791
Quirindi,1100,4,4.0,3.5517054642013055,50,1.1262195135033544
Quirindi,1200,0,10.0,5.812576805917121,53,1.720407374199364
Quirindi,1200,1,15.0,12.81376853658291,106,1.170615807299427
Quirindi,1200,2,13.0,12.301064622428699,145,1.0568190964786026
Quirindi,1200,3,11.0,13.950986715385259,130,0.7884746953324178
Quirindi,1200,4,4.0,8.121603319686013,147,0.49251358907229204
Quirindi,1450,0,11.0,5.38302438780949,39,2.0434609259640046
Quirindi,1450,1,7.0,8.508156765283443,78,0.8227398945636141
Quirindi,1450,2,11.0,10.03950906054328,108,1.0956711063922029
Quirindi,1450,3,6.0,7.8711506156166,93,0.7622773712519005
Quirindi,1450,4,4.0,7.198159170747188,108,0.5556976311743311
Quirindi,1600,0,7.0,4.159733876906107,33,1.6827999595989547
Quirindi,1600,1,6.0,6.380759037465613,66,0.9403269994635548
Quirindi,1600,2,10.0,8.889947924703247,89,1.124865981746885
Quirindi,1600,3,4.0,6.580387435369277,77,0.6078669438975867
Quirindi,1600,4,6.0,6.989171725555756,94,0.8584708225240953
Quirindi,2000,0,0.0,0.2542772185554899,4,0.0
Quirindi,2000,1,1.0,0.7181818233570608,8,1.392405053257421
Quirindi,2000,2,1.0,0.9741078519206663,12,1.0265803709807715
Quirindi,2000,3,1.0,0.8546771949814185,10,1.1700323886865158
Quirindi,2000,4,1.0,1.1987559111853647,13,0.834198180521313
Randwick,1000,0,25.0,17.61752399670612,125,1.4190416317681278
Randwick,1000,1,35.0,26.638787478965114,251,1.3138736148421613
Randwick,1000,2,32.0,33.74384284218092,341,0.9483211544595905
Randwick,1000,3,21.0,25.046148770925797,308,0.8384522583518841
Randwick,1000,4,12.0,21.953696911222057,350,0.5466049772175714
Randwick,1100,0,23.0,20.02116551792949,151,1.1487842692975534
Randwick,1100,1,35.0,29.522961732122084,302,1.1855179137369098
Randwick,1100,2,54.0,40.35243174777119,420,1.3382093138162017
Randwick,1100,3,23.0,32.05933232574025,362,0.7174198066980152
Randwick,1100,4,16.0,29.044108676436988,440,0.5508862460971488
Randwick,1200,0,50.0,37.27155606027792,324,1.3415055684591444
Randwick,1200,1,73.0,67.22954606932609,648,1.0858321120407908
Randwick,1200,2,88.0,89.45920282973304,947,0.9836886224829173
Randwick,1200,3,66.0,66.30886925853018,812,0.9953419616111091
Randwick,1200,4,47.0,63.73082578213276,952,0.7374767143402788
Randwick,1300,0,12.0,9.335790771348242,78,1.2853758501988153
Randwick,1300,1,15.0,16.81068278712261,156,0.8922897534828487
Randwick,1300,2,27.0,21.804487195923357,206,1.2382772297001332
Randwick,1300,3,13.0,15.96105517536366,185,0.814482492364657
Randwick,1300,4,11.0,14.08798407024213,220,0.780807242906752
Randwick,1400,0,38.0,28.687566246681257,266,1.32461567751137
Randwick,1400,1,40.0,54.046841415527716,533,0.7400987541985748
Randwick,1400,2,83.0,73.86721825963913,819,1.12363781871763
Randwick,1400,3,56.0,56.65303255105969,686,0.9884731227675918
Randwick,1400,4,49.0,52.74534152709221,798,0.9289919940101545
Randwick,1500,0,7.0,3.0085347605211674,26,2.3267140176859358
Randwick,1500,1,6.0,5.289279736931385,52,1.1343699517547061
Randwick,1500,2,8.0,7.524877062519121,83,1.063140292330812
Randwick,1500,3,2.0,4.890396676147178,67,0.40896477984188156
Randwick,1500,4,3.0,5.2869117638811485,83,0.5674390143023089
Randwick,1600,0,46.0,29.09030923785604,288,1.581282605966213
Randwick,1600,1,54.0,55.487575162688735,576,0.9731908421240758
Randwick,1600,2,89.0,85.34073207691262,940,1.0428783282499792
Randwick,1600,3,53.0,60.59924120278365,770,0.8745984099478364
Randwick,1600,4,46.0,57.48214231975895,898,0.8002485318677472
Randwick,1609,0,0.0,0.15263404567746267,1,0.0
Randwick,1609,1,0.0,0.21170168106035733,2,0.0
Randwick,1609,2,0.0,0.07062100215880072,3,0.0
Randwick,1609,3,1.0,0.18619396725910992,3,5.370743288413782
Randwick,1609,4,0.0,0.3788493038442694,3,0.0
Randwick,1800,0,7.0,7.199590093992851,77,0.972277575335937
Randwick,1800,1,21.0,15.080961228734015,155,1.392484184627989
Randwick,1800,2,24.0,22.00080795811431,222,1.0908690283416773
Randwick,1800,3,15.0,18.666316499647955,190,0.8035865030083947
Randwick,1800,4,10.0,14.052324219510869,225,0.7116260515904947
Randwick,2000,0,15.0,10.050968714080556,102,1.4923934624317625
Randwick,2000,1,23.0,20.147949014495488,204,1.1415554001775863
Randwick,2000,2,35.0,27.965027407280274,295,1.2515632289667729
Randwick,2000,3,20.0,23.774157784805322,260,0.8412495694288071
Randwick,2000,4,9.0,20.061897079338358,298,0.4486116125712285
Randwick,2400,0,6.0,5.173158686567503,53,1.1598329692803455
Randwick,2400,1,10.0,9.717290486020131,106,1.0290934509353808
Randwick,2400,2,17.0,13.573250915705922,158,1.2524634006676254
Randwick,2400,3,15.0,12.877196738740942,136,1.164849796452408
Randwick,2400,4,5.0,11.659103172965503,159,0.42884945143926073
Randwick,2600,0,4.0,1.7567410415075007,15,2.2769434455561566
Randwick,2600,1,3.0,3.2005991239541816,31,0.9373245082607061
Randwick,2600,2,2.0,3.878243063457354,47,0.515697434966093
Randwick,2600,3,6.0,3.417584274247211,40,1.7556260558700096
Randwick,2600,4,0.0,2.7468324968337527,45,0.0
Randwick,3200,0,1.0,0.7101844913012765,7,1.408084817746009
Randwick,3200,1,2.0,1.1921758737231103,14,1.677604826672169
Randwick,3200,2,2.0,2.5152872081827033,37,0.7951378250140274
Randwick,3200,3,2.0,1.2574237612198778,25,1.5905536873740314
Randwick,3200,4,0.0,1.3249286655730323,30,0.0
Randwick-Kensington,1000,0,5.0,4.111614244510638,32,1.2160673892682015
Randwick-Kensington,1000,1,8.0,7.953543082857193,64,1.005841034198072
Randwick-Kensington,1000,2,8.0,7.025725442854287,61,1.1386724495669875
Randwick-Kensington,1000,3,8.0,6.903250868723965,66,1.1588742973611164
Randwick-Kensington,1000,4,3.0,6.005866361053918,80,0.4995116140868569
Randwick-Kensington,1100,0,21.0,12.198064110902953,78,1.7215846554888692
Randwick-Kensington,1100,1,10.0,18.906706881736305,156,0.5289128383145297
Randwick-Kensington,1100,2,17.0,15.67656508157937,159,1.0844212307692151
Randwick-Kensington,1100,3,15.0,16.968659869630418,163,0.8839825958705309
Randwick-Kensington,1100,4,15.0,14.250004056150951,198,1.0526312793241148
Randwick-Kensington,1150,0,5.0,3.532747405147301,32,1.4153290418428657
Randwick-Kensington,1150,1,5.0,7.293295096097752,64,0.6855611810737275
Randwick-Kensington,1150,2,6.0,7.687306526691043,63,0.7805074481116945
Randwick-Kensington,1150,3,7.0,7.177876402027638,68,0.9752187984210218
Randwick-Kensington,1150,4,9.0,6.308774570036266,79,1.4265844975260011
Randwick-Kensington,1250,0,14.0,7.772967180866637,51,1.801113998584912
Randwick-Kensington,1250,1,13.0,12.328916227329497,102,1.054431692153355
Randwick-Kensington,1250,2,7.0,9.497942349585001,90,0.7370017359924126
Randwick-Kensington,1250,3,9.0,10.4839681148073,102,0.8584535837426499
Randwick-Kensington,1250,4,8.0,10.916206127411565,126,0.7328553443042165
Randwick-Kensington,1300,0,18.0,6.907646501673222,51,2.6058079254113404
Randwick-Kensington,1300,1,15.0,12.159233505774049,102,1.2336303923168312
Randwick-Kensington,1300,2,3.0,11.088626007593682,92,0.2705474959607753
Randwick-Kensington,1300,3,10.0,10.936218364487162,108,0.9143928611075183
Randwick-Kensington,1300,4,5.0,9.908275620471885,118,0.504628675212597
Randwick-Kensington,1400,0,20.0,13.937659895665025,103,1.434961116121116
Randwick-Kensington,1400,1,28.0,25.811545613200334,206,1.0847858713923921
Randwick-Kensington,1400,2,22.0,22.25076306688157,218,0.988730136304637
Randwick-Kensington,1400,3,16.0,19.08135429801641,216,0.8385149057089344
Randwick-Kensington,1400,4,17.0,21.91867712623666,265,0.7755942524310009
Randwick-Kensington,1550,0,17.0,7.017573962246027,54,2.422489608439983
Randwick-Kensington,1550,1,15.0,13.58055529332959,108,1.1045203731372901
Randwick-Kensington,1550,2,8.0,11.882524070420342,99,0.6732576304991236
Randwick-Kensington,1550,3,5.0,11.58723941325518,114,0.43150916466611267
Randwick-Kensington,1550,4,9.0,9.93210726074886,125,0.9061521149260544
Randwick-Kensington,1800,0,10.0,6.065523208885674,49,1.6486623916219665
Randwick-Kensington,1800,1,10.0,11.371137143655034,98,0.879419522750184
Randwick-Kensington,1800,2,13.0,11.863321399313747,93,1.0958145330827844
Randwick-Kensington,1800,3,10.0,10.264827829706512,99,0.9742004606311956
Randwick-Kensington,1800,4,6.0,9.435190418439031,123,0.6359172135280177
Randwick-Kensington,2400,0,2.0,1.815038908944657,18,1.1019047526440562
Randwick-Kensington,2400,1,4.0,4.935888997891397,37,0.810390995767691
Randwick-Kensington,2400,2,1.0,2.937383818744584,29,0.34043899664000754
Randwick-Kensington,2400,3,4.0,4.524188866777476,37,0.8841363872700457
Randwick-Kensington,2400,4,7.0,3.7874994076418855,38,1.8481851075346392
Rockhampton,1050,0,38.0,25.97118092629447,144,1.4631602662906629
Rockhampton,1050,1,39.0,34.39725874189364,288,1.1338112810862024
Rockhampton,1050,2,28.0,32.828006224918845,284,0.8529302635121948
Rockhampton,1050,3,19.0,26.207321959260113,304,0.7249882315154497
Rockhampton,1050,4,20.0,24.59623214763293,353,0.8131326733279651
Rockhampton,1100,0,34.0,19.6928465863255,113,1.7265152526811045
Rockhampton,1100,1,36.0,27.908389188183122,226,1.2899347130805743
Rockhampton,1100,2,20.0,29.09915496426895,244,0.6873051820425072
Rockhampton,1100,3,16.0,18.907711045237075,241,0.8462155975263046
Rockhampton,1100,4,7.0,17.39189821598535,298,0.4024862561331066
Rockhampton,1200,0,34.0,22.376283235515395,164,1.5194659292672685
Rockhampton,1200,1,50.0,41.32604096232611,328,1.209890878382986
Rockhampton,1200,2,38.0,41.22683715441804,380,0.9217296941229886
Rockhampton,1200,3,29.0,32.09583208225831,374,0.9035441089570754
Rockhampton,1200,4,13.0,26.97500656548214,426,0.48192759354635745
Rockhampton,1300,0,21.0,14.937463654514994,130,1.405861161285741
Rockhampton,1300,1,38.0,30.798288649721655,260,1.2338347897243775
Rockhampton,1300,2,27.0,35.127723602034244,325,0.7686236747329802
Rockhampton,1300,3,28.0,25.68504919455359,297,1.0901283383929545
Rockhampton,1300,4,16.0,23.45147489917552,348,0.6822598607886496
Rockhampton,1400,0,22.0,16.596870619359656,120,1.3255510936102488
Rockhampton,1400,1,37.0,30.62309418006823,240,1.2082384550181193
Rockhampton,1400,2,28.0,28.198277356609893,267,0.9929684585302011
Rockhampton,1400,3,16.0,23.11886879727977,263,0.6920753839773771
Rockhampton,1400,4,17.0,21.462889046682456,310,0.7920648503109002
Rockhampton,1500,0,12.0,7.55878444414857,53,1.5875568470919261
Rockhampton,1500,1,16.0,13.612248967429913,106,1.1754119424558918
Rockhampton,1500,2,15.0,13.610574430674644,130,1.1020842710498653
Rockhampton,1500,3,4.0,9.576252129264292,117,0.41769994628444534
Rockhampton,1500,4,6.0,8.642140028482581,138,0.6942724811476472
Rockhampton,1600,0,15.0,9.056062166803414,78,1.6563490536742485
Rockhampton,1600,1,11.0,18.777942514983327,157,0.585793677407568
Rockhampton,1600,2,12.0,17.856112360911172,178,0.6720387818722069
Rockhampton,1600,3,22.0,17.68759271889518,176,1.2438097342945935
Rockhampton,1600,4,18.0,14.622290238406908,193,1.2309973134523893
Rockhampton,1800,0,1.0,0.17189480354879597,1,5.817511520737327
Rockhampton,1800,1,0.0,0.541191381495564,2,0.0
Rockhampton,1800,2,0.0,0.11787072243346007,1,0.0
Rockhampton,1800,3,0.0,0.14242712294043092,2,0.0
Rockhampton,1800,4,0.0,0.026615969581749048,1,0.0
Rockhampton,1802,0,0.0,0.008123719868370495,1,0.0
Rockhampton,1802,1,0.0,0.12272371681491324,2,0.0
Rockhampton,1802,2,1.0,0.5583407003430662,3,1.7910211442324753
Rockhampton,1802,3,0.0,0.07714062199794547,2,0.0
Rockhampton,1802,4,0.0,0.23367124097570457,3,0.0
Rockhampton,1809,0,0.0,0.3240575531510018,1,0.0
Rockhampton,1809,1,1.0,0.1114339844061187,2,8.973923039093012
Rockhampton,1809,2,0.0,0.23933294070398628,2,0.0
Rockhampton,1809,3,0.0,0.29422368317836994,2,0.0
Rockhampton,1809,4,0.0,0.03095183856052327,2,0.0
Rockhampton,1811,0,0.0,0.33906460789159854,1,0.0
Rockhampton,1811,1,1.0,0.2780329784711108,2,3.59669563480904
Rockhampton,1811,2,0.0,0.053257050994114735,2,0.0
Rockhampton,1811,3,0.0,0.09382541699528049,2,0.0
Rockhampton,1811,4,0.0,0.2358199456478955,3,0.0
Rockhampton,1816,0,0.0,0.008242436880745921,1,0.0
Rockhampton,1816,1,0.0,0.31422270402725994,2,0.0
Rockhampton,1816,2,0.0,0.26015191404854315,1,0.0
Rockhampton,1816,3,1.0,0.3874123741675275,2,2.5812288576192284
Rockhampton,1816,4,0.0,0.029970570875923457,2,0.0
Rockhampton,1817,0,0.0,0.16324041337862896,1,0.0
Rockhampton,1817,1,0.0,0.33328251064803416,2,0.0
Rockhampton,1817,2,0.0,0.07878873647233976,2,0.0
Rockhampton,1817,3,1.0,0.3902780319858598,2,2.5622759111284825
Rockhampton,1817,4,0.0,0.034410307515137364,2,0.0
Rockhampton,1828,0,0.0,0.18119312692492193,1,0.0
Rockhampton,1828,1,0.0,0.15035850707980364,2,0.0
Rockhampton,1828,2,0.0,0.019445116060235523,1,0.0
Rockhampton,1828,3,1.0,0.45158902402826695,2,2.214402801644279
Rockhampton,1828,4,0.0,0.1974142259067721,2,0.0
Rockhampton,1835,0,0.0,0.048259633082122486,1,0.0
Rockhampton,1835,1,0.0,0.3022577019353987,2,0.0
Rockhampton,1835,2,1.0,0.0862486263031779,2,11.594387561430114
Rockhampton,1835,3,0.0,0.1448585356045888,2,0.0
Rockhampton,1835,4,0.0,0.4183755030747121,3,0.0
Rockhampton,2212,0,1.0,0.11068312597965882,1,9.03480084384117
Rockhampton,2212,1,0.0,0.48302504539368646,2,0.0
Rockhampton,2212,2,0.0,0.03499721964863054,2,0.0
Rockhampton,2212,3,0.0,0.26150408885304005,2,0.0
Rockhampton,2212,4,0.0,0.10979052012498416,2,0.0
Rockhampton,2215,0,1.0,0.40854209605622344,3,2.447728176981743
Rockhampton,2215,1,0.0,0.3937024108596818,4,0.0
Rockhampton,2215,2,1.0,0.9353710458758893,4,1.0690944565892475
Rockhampton,2215,3,0.0,0.08264395274992566,4,0.0
Rockhampton,2215,4,0.0,0.17974049445827991,4,0.0
Rockingham,940,0,0.0,0.06965244504868943,2,0.0
Rockingham,940,1,1.0,0.5764942165598587,4,1.7346227789887425
Rockingham,940,2,0.0,0.2780297564406107,4,0.0
Rockingham,940,3,1.0,0.6388980770234263,4,1.5651948815668972
Rockingham,940,4,0.0,0.43692550492741483,5,0.0
Rockingham,1200,0,0.0,0.02595467669264127,1,0.0
Rockingham,1200,1,0.0,0.24686436808796303,2,0.0
Rockingham,1200,2,1.0,0.3153540754193813,2,3.1710387718000015
Rockingham,1200,3,0.0,0.15325618618511988,2,0.0
Rockingham,1200,4,0.0,0.2585706936148946,3,0.0
Rockingham,1400,0,1.0,0.28910692623544615,1,3.458927854207162
Rockingham,1400,1,0.0,0.14175565415415425,2,0.0
Rockingham,1400,2,0.0,0.3304079156976527,1,0.0
Rockingham,1400,3,0.0,0.04585677130532333,2,0.0
Rockingham,1400,4,0.0,0.19287273260742352,2,0.0
Rockingham,1600,0,0.0,0.2083504915337507,2,0.0
Rockingham,1600,1,0.0,0.3429346881737949,4,0.0
Rockingham,1600,2,0.0,0.20146490685842258,2,0.0
Rockingham,1600,3,0.0,0.625050086159913,4,0.0
Rockingham,1600,4,2.0,0.6221998272741187,4,3.2144014066382445
Roebourne,1100,0,0.0,0.26162647666631816,2,0.0
Roebourne,1100,1,0.0,0.5161106264355992,4,0.0
Roebourne,1100,2,0.0,0.5104405792558084,4,0.0
Roebourne,1100,3,0.0,0.3100111709128219,4,0.0
Roebourne,1100,4,2.0,0.4018111467294522,5,4.977462711721738
Roebourne,1103,0,1.0,0.7374445594700854,5,1.3560341413578023
Roebourne,1103,1,1.0,1.481845494105695,10,0.6748341874896394
Roebourne,1103,2,1.0,0.8982149366792487,6,1.1133192726643542
Roebourne,1103,3,1.0,1.02441376254597,10,0.9761680646643262
Roebourne,1103,4,1.0,0.8580812471990011,10,1.1653908103274118
Roebourne,1200,0,1.0,0.596852037149965,3,1.6754571279929134
Roebourne,1200,1,2.0,0.8647179746855855,6,2.3128928258108745
Roebourne,1200,2,0.0,0.7252282272737154,6,0.0
Roebourne,1200,3,0.0,0.3027856127826031,6,0.0
Roebourne,1200,4,0.0,0.5104161481081312,6,0.0
Roebourne,1205,0,2.0,1.104244874856617,6,1.8111924678479439
Roebourne,1205,1,1.0,1.7558268657165332,12,0.5695322355099693
Roebourne,1205,2,3.0,0.9389193242587296,10,3.195162696612384
Roebourne,1205,3,0.0,1.1872957913817008,12,0.0
Roebourne,1205,4,0.0,1.0137131437864193,14,0.0
Roebourne,1400,0,4.0,0.6204386697683882,4,6.447051408793093
Roebourne,1400,1,0.0,1.148968683597802,8,0.0
Roebourne,1400,2,0.0,0.5744293500452471,7,0.0
Roebourne,1400,3,0.0,0.8891564583335723,8,0.0
Roebourne,1400,4,0.0,0.7670068382549907,9,0.0
Roebourne,1406,0,6.0,2.362960529245632,14,2.5391875681966987
Roebourne,1406,1,3.0,3.7950103598068674,30,0.7905116760083558
Roebourne,1406,2,1.0,2.0233944514561557,22,0.49421900869617397
Roebourne,1406,3,2.0,2.6146792234981047,30,0.7649121857954939
Roebourne,1406,4,2.0,3.2039554359932403,29,0.6242284076526149
Roebourne,1600,0,0.0,0.14330822944133087,2,0.0
Roebourne,1600,1,1.0,0.8430254594912887,4,1.1862037957945366
Roebourne,1600,2,0.0,0.34407581209281024,3,0.0
Roebourne,1600,3,0.0,0.2416061887016533,4,0.0
Roebourne,1600,4,1.0,0.42798431027291683,5,2.3365342513661784
Roebourne,1611,0,2.0,0.20450717925877693,2,9.779607773423265
Roebourne,1611,1,0.0,0.4359821314466795,4,0.0
Roebourne,1611,2,0.0,0.25713687689030107,3,0.0
Roebourne,1611,3,0.0,0.7429314796745856,4,0.0
Roebourne,1611,4,0.0,0.35944233272965687,4,0.0
Roebourne,1800,0,1.0,0.5975359451215088,2,1.673539488568592
Roebourne,1800,1,0.0,0.32983886889087277,4,0.0
Roebourne,1800,2,1.0,0.5390712963378306,5,1.8550421934788195
Roebourne,1800,3,0.0,0.16260593520928557,4,0.0
Roebourne,1800,4,0.0,0.3709479544405021,6,0.0
Roebourne,1813,0,1.0,0.2670358967172155,3,3.744814881794621
Roebourne,1813,1,0.0,0.7377196444661658,6,0.0
Roebourne,1813,2,1.0,0.7315909658694465,5,1.3668840194213818
Roebourne,1813,3,1.0,0.7779353230745447,7,1.2854539064350679
Roebourne,1813,4,0.0,0.48571816987262745,6,0.0
Roebourne,2200,0,1.0,0.4924573978654621,3,2.0306325061507087
Roebourne,2200,1,0.0,0.7319045860281685,6,0.0
Roebourne,2200,2,0.0,0.3105616181397092,5,0.0
Roebourne,2200,3,1.0,0.4147303824318937,6,2.411205068064234
Roebourne,2200,4,1.0,1.0503460155347666,8,0.952067209481312
Roebourne,2230,0,0.0,0.08331465187065162,2,0.0
Roebourne,2230,1,1.0,0.46085077202055036,4,2.169899804258997
Roebourne,2230,2,0.0,0.5507063042287911,4,0.0
Roebourne,2230,3,1.0,0.5791991604074276,4,1.7265218397356918
Roebourne,2230,4,0.0,0.3259291114725792,5,0.0
Roma,900,0,1.0,0.7342026104848844,3,1.3620218529862986
Roma,900,1,1.0,0.7634722780242851,6,1.3098052526383823
Roma,900,2,0.0,0.6261764355864667,7,0.0
Roma,900,3,1.0,0.49966070338699287,7,2.001358108054955
Roma,900,4,0.0,0.37648797251737076,7,0.0
Roma,1000,0,10.0,3.9297875092608034,27,2.5446668493994498
Roma,1000,1,8.0,7.300965039934752,54,1.0957455564081835
Roma,1000,2,6.0,7.445429426753239,68,0.8058635245994732
Roma,1000,3,3.0,4.09420546248822,63,0.7327429039618287
Roma,1000,4,0.0,4.229612561562986,76,0.0
Roma,1200,0,4.0,3.0382617630950657,22,1.316542257348233
Roma,1200,1,7.0,4.900784355991851,44,1.4283427899539352
Roma,1200,2,8.0,5.455101632504667,54,1.4665171318406514
Roma,1200,3,2.0,4.675340774199183,52,0.42777630478552026
Roma,1200,4,1.0,3.9305114742092337,57,0.25441981445969103
Roma,1640,0,3.0,1.9434371138993154,18,1.5436568430973283
Roma,1640,1,2.0,4.0002804719715215,36,0.49996494346165393
Roma,1640,2,6.0,4.987074355159831,44,1.203110195016875
Roma,1640,3,3.0,3.481921426082213,43,0.8615932506482603
Roma,1640,4,4.0,3.5872866328871194,46,1.1150488961013747
Rosehill,1100,0,40.0,22.853233040892626,178,1.7502993965197686
Rosehill,1100,1,48.0,40.08443259667707,356,1.1974723574852129
Rosehill,1100,2,43.0,42.807546883703345,435,1.0044957754019286
Rosehill,1100,3,30.0,38.98543792190273,405,0.769518096990401
Rosehill,1100,4,17.0,33.26934955682424,474,0.5109808345054628
Rosehill,1200,0,38.0,25.004323551497286,207,1.5197371735227174
Rosehill,1200,1,50.0,45.28079320309417,415,1.104220939234416
Rosehill,1200,2,59.0,54.89845736897661,570,1.0747114368525261
Rosehill,1200,3,34.0,43.63729888111352,511,0.7791499673852498
Rosehill,1200,4,26.0,38.17912699531841,585,0.6810003802126791
Rosehill,1300,0,25.0,17.18901400017492,128,1.454417338873864
Rosehill,1300,1,26.0,27.69089096512043,256,0.938936924519681
Rosehill,1300,2,32.0,34.984205339101905,328,0.9146984957875703
Rosehill,1300,3,28.0,27.403968766410305,302,1.021749814367044
Rosehill,1300,4,17.0,20.731920929192437,350,0.8199915510994665
Rosehill,1350,0,6.0,3.5182612612187847,19,1.7053878477238211
Rosehill,1350,1,5.0,4.2551016990044355,38,1.175060046430817
Rosehill,1350,2,2.0,3.8827810063488886,40,0.515094721213924
Rosehill,1350,3,5.0,4.258052959653063,41,1.1742456111695214
Rosehill,1350,4,1.0,3.0858030737748283,47,0.32406474946462194
Rosehill,1400,0,42.0,24.548310229998677,196,1.7109120589764628
Rosehill,1400,1,46.0,41.67906394254954,392,1.1036716194827803
Rosehill,1400,2,63.0,53.973575207461195,565,1.1672378521868052
Rosehill,1400,3,24.0,41.45272962215484,501,0.5789727291486482
Rosehill,1400,4,21.0,34.34632099783575,570,0.6114191968718649
Rosehill,1500,0,44.0,24.014831080736528,226,1.8322011032296852
Rosehill,1500,1,47.0,46.43096658093791,452,1.0122554721765302
Rosehill,1500,2,62.0,66.84718453217911,718,0.9274885761292495
Rosehill,1500,3,43.0,46.063127323260765,597,0.9335015336287434
Rosehill,1500,4,30.0,42.64389048288568,693,0.7035005404124638
Rosehill,1800,0,14.0,7.985286915438449,69,1.7532244173885518
Rosehill,1800,1,6.0,14.731476969737443,139,0.40729113668138445
Rosehill,1800,2,26.0,18.39497112633977,186,1.413429780423552
Rosehill,1800,3,12.0,15.258652701626419,166,0.7864390280487163
Rosehill,1800,4,11.0,12.629612286857919,194,0.8709689379337753
Rosehill,1900,0,2.0,3.523776678249481,36,0.5675728579353523
Rosehill,1900,1,12.0,7.383833122592368,73,1.625172156624655
Rosehill,1900,2,8.0,10.125731280820702,108,0.7900663940344653
Rosehill,1900,3,12.0,8.172394672652295,91,1.4683578657986522
Rosehill,1900,4,2.0,6.794264245685153,110,0.29436594275386685
Rosehill,2000,0,14.0,11.635031845081839,103,1.2032627143962515
Rosehill,2000,1,23.0,21.77202125308839,206,1.0564016878652192
Rosehill,2000,2,35.0,27.016618688302174,288,1.2954989076836074
Rosehill,2000,3,18.0,22.781818763451305,251,0.7901037308257961
Rosehill,2000,4,13.0,19.79450945007629,294,0.6567477730522843
Rosehill,2400,0,2.0,5.804844526140797,51,0.3445398048119041
Rosehill,2400,1,13.0,10.726973105416931,102,1.2118982561292366
Rosehill,2400,2,16.0,12.71144545497891,125,1.2587081505929765
Rosehill,2400,3,11.0,10.540766671373577,118,1.0435673554821776
Rosehill,2400,4,9.0,11.215970242089787,140,0.8024272359626997
Sale,1000,0,5.0,4.021031331663771,34,1.2434620841243642
Sale,1000,1,10.0,7.883688489398901,68,1.2684417977000078
Sale,1000,2,8.0,7.457529584048961,71,1.0727413025771078
Sale,1000,3,6.0,8.308822119096538,75,0.7221240163765128
Sale,1000,4,5.0,6.3289284757918285,86,0.7900231483299291
Sale,1003,0,1.0,0.18261196235678853,1,5.476092513841963
Sale,1003,1,0.0,0.14500259391902137,2,0.0
Sale,1003,2,0.0,0.2114006774866503,2,0.0
Sale,1003,3,0.0,0.4471047723509758,2,0.0
Sale,1003,4,0.0,0.01387999388656411,2,0.0
Sale,1005,0,2.0,0.6065658779927608,5,3.2972510860953332
Sale,1005,1,0.0,0.9930792872344478,10,0.0
Sale,1005,2,2.0,0.8562723048739816,15,2.335705579423524
Sale,1005,3,0.0,1.5532435211797246,13,0.0
Sale,1005,4,1.0,0.990839008719085,16,1.009245690975326
Sale,1006,0,3.0,1.7265893767996028,10,1.7375295135666737
Sale,1006,1,1.0,2.8777763906099594,21,0.3474905149903064
Sale,1006,2,2.0,2.223196081977565,21,0.8996057595697863
Sale,1006,3,2.0,1.717609700965165,23,1.164408886882831
Sale,1006,4,2.0,1.4548284496477082,24,1.3747325332305036
Sale,1008,0,0.0,0.5613419616576409,5,0.0
Sale,1008,1,1.0,1.416847939280181,10,0.7057920418108118
Sale,1008,2,2.0,1.2137656311866902,10,1.6477645672374277
Sale,1008,3,1.0,1.0422087429758333,11,0.9595006823150283
Sale,1008,4,1.0,0.7658357248996548,12,1.3057630605193131
Sale,1010,0,1.0,0.8670757717318357,5,1.1533017443246867
Sale,1010,1,2.0,1.049452730610628,10,1.9057552014146386
Sale,1010,2,2.0,1.0023562477482988,12,1.9952985822084874
Sale,1010,3,0.0,0.6554562780556892,11,0.0
Sale,1010,4,0.0,1.425658971853548,13,0.0
Sale,1012,0,1.0,1.098521051004926,6,0.9103148265435614
Sale,1012,1,1.0,1.0816947098883913,12,0.9244752616966939
Sale,1012,2,2.0,1.3135500264208237,14,1.5225914200235091
Sale,1012,3,1.0,1.720357620475783,14,0.5812744908953521
Sale,1012,4,1.0,0.7858765922100766,16,1.2724644173301514
Sale,1013,0,1.0,1.0677092981681215,5,0.9365845195089234
Sale,1013,1,0.0,1.215806634970312,10,0.0
Sale,1013,2,3.0,0.9667860655871219,9,3.1030649972991933
Sale,1013,3,1.0,1.3567219446761125,11,0.7370707048147054
Sale,1013,4,0.0,0.3929760565983321,11,0.0
Sale,1100,0,11.0,8.121350628829457,61,1.3544545116611284
Sale,1100,1,21.0,16.34172567541148,122,1.2850540032989033
Sale,1100,2,13.0,13.204314160930036,154,0.984526711615619
Sale,1100,3,11.0,12.948437869389137,143,0.8495233255900808
Sale,1100,4,5.0,10.38417166543989,171,0.48150205534840723
Sale,1103,0,1.0,0.37140981034016407,2,2.69244368931485
Sale,1103,1,0.0,0.15972815572619076,4,0.0
Sale,1103,2,0.0,0.43177221282172573,5,0.0
Sale,1103,3,1.0,0.736195911298684,5,1.3583340856049488
Sale,1103,4,0.0,0.3008939098132355,6,0.0
Sale,1105,0,5.0,1.6595703252449883,15,3.0128280338236904
Sale,1105,1,4.0,3.2906744890747195,30,1.215556267652815
Sale,1105,2,3.0,4.24742075286189,43,0.7063110001472341
Sale,1105,3,1.0,3.192531410482455,36,0.31323106069264334
Sale,1105,4,2.0,2.6098030223359467,45,0.7663413609697898
Sale,1106,0,1.0,1.8471396093736692,16,0.5413775953508363
Sale,1106,1,7.0,3.9529838383467317,32,1.7708142219290304
Sale,1106,2,3.0,3.9276986180415827,37,0.7638060583924973
Sale,1106,3,5.0,4.085195326886479,36,1.2239316850023758
Sale,1106,4,0.0,2.186982607351537,42,0.0
Sale,1108,0,1.0,0.46564934201229996,5,2.147538737365134
Sale,1108,1,1.0,0.8766500937512267,10,1.1407059750840307
Sale,1108,2,2.0,1.458005786482328,14,1.371736668360775
Sale,1108,3,1.0,0.9934407917780144,12,1.0066025154959122
Sale,1108,4,0.0,1.206253985976131,17,0.0
Sale,1110,0,2.0,2.2973897594839334,16,0.8705531970549322
Sale,1110,1,6.0,5.110142969727065,32,1.174135447001097
Sale,1110,2,4.0,3.6481127609748123,45,1.09645733618474
Sale,1110,3,1.0,2.696062902093404,41,0.3709112273395153
Sale,1110,4,3.0,2.248291607720786,45,1.3343464832132077
Sale,1112,0,3.0,1.2090753141868602,7,2.481235010589552
Sale,1112,1,2.0,1.809255803119132,14,1.1054268813464783
Sale,1112,2,1.0,0.9851302632105097,13,1.0150941833225489
Sale,1112,3,1.0,1.502929143127153,14,0.6653673625087171
Sale,1112,4,0.0,1.4936094763563452,16,0.0
Sale,1113,0,2.0,0.9897612376864584,10,2.0206893580465417
Sale,1113,1,1.0,2.334012896636248,20,0.42844664716342756
Sale,1113,2,3.0,2.5419538213794954,22,1.1801945317684517
Sale,1113,3,2.0,2.5288859343720844,22,0.7908620838988512
Sale,1113,4,2.0,1.6053861099257138,27,1.2458062192232036
Sale,1200,0,10.0,7.727586460151315,62,1.2940651070766782
Sale,1200,1,19.0,14.752796946433898,124,1.2878913787661634
Sale,1200,2,12.0,14.732017642687248,152,0.814552377756391
Sale,1200,3,11.0,13.246748544092323,146,0.8303924516560474
Sale,1200,4,10.0,11.540850406635215,166,0.8664872732646002
Sale,1203,0,1.0,0.8348105503812755,3,1.197876571568578
Sale,1203,1,0.0,0.5603839171158254,6,0.0
Sale,1203,2,0.0,0.5974359137590297,8,0.0
Sale,1203,3,1.0,0.37898202643710077,7,2.638647561735936
Sale,1203,4,1.0,0.6283875923067685,10,1.591374515096753
Sale,1205,0,1.0,1.0634804869805414,9,0.9403087430773867
Sale,1205,1,7.0,2.6697203841609647,18,2.6219974352107847
Sale,1205,2,0.0,2.4202388210592383,25,0.0
Sale,1205,3,1.0,1.2381737102198755,21,0.8076411183229043
Sale,1205,4,0.0,1.60838659757938,27,0.0
Sale,1206,0,3.0,1.2475072041543969,14,2.4047957318478996
Sale,1206,1,2.0,3.0825274352611913,28,0.6488182317931371
Sale,1206,2,5.0,3.8094251572858724,36,1.312533989659055
Sale,1206,3,2.0,3.7691865971438303,33,0.530618463282114
Sale,1206,4,2.0,2.0913536061547084,39,0.9563184313327688
Sale,1208,0,0.0,0.6158353271671579,8,0.0
Sale,1208,1,3.0,1.7159790368893033,16,1.7482731056192546
Sale,1208,2,4.0,2.6399030136587682,17,1.5152071796971844
Sale,1208,3,0.0,1.4690628986523844,17,0.0
Sale,1208,4,1.0,1.559219723632386,20,0.6413464278596875
Sale,1210,0,0.0,2.113240270943071,13,0.0
Sale,1210,1,2.0,3.5297943585287155,26,0.566605245761013
Sale,1210,2,4.0,2.48657486553582,32,1.6086384751331666
Sale,1210,3,4.0,2.319684674548468,28,1.7243723010665704
Sale,1210,4,3.0,2.550705830443926,35,1.1761450356969934
Sale,1212,0,5.0,1.4819380930270625,13,3.373960102332488
Sale,1212,1,5.0,4.085283466711617,26,1.2239052787259017
Sale,1212,2,1.0,2.393285547290625,29,0.4178356406873695
Sale,1212,3,2.0,2.576698906373605,28,0.7761869246937976
Sale,1212,4,0.0,2.4627939865970907,37,0.0
Sale,1213,0,4.0,1.270738322775332,7,3.1477763189386434
Sale,1213,1,2.0,1.7422396342314115,14,1.1479477109257128
Sale,1213,2,0.0,1.5147624786771015,18,0.0
Sale,1213,3,1.0,1.4108324053304275,15,0.7088014112957609
Sale,1213,4,0.0,1.0614271589857271,17,0.0
Sale,1400,0,17.0,11.694750745901633,103,1.4536436363090137
Sale,1400,1,28.0,24.37269904627997,206,1.1488263957484703
Sale,1400,2,33.0,26.032135398796804,282,1.267663965881387
Sale,1400,3,15.0,21.124516985449073,248,0.7100754071836177
Sale,1400,4,10.0,19.77589782357252,297,0.5056660430395316
Sale,1407,0,0.0,0.08110632711169216,2,0.0
Sale,1407,1,0.0,0.35104766999345594,4,0.0
Sale,1407,2,2.0,0.9044723857277364,6,2.2112338989661966
Sale,1407,3,0.0,0.22611317744633558,5,0.0
Sale,1407,4,0.0,0.43726043972077994,5,0.0
Sale,1409,0,1.0,0.1694595614523752,2,5.901112875717192
Sale,1409,1,0.0,0.9825184232631695,4,0.0
Sale,1409,2,0.0,0.23669674693529918,6,0.0
Sale,1409,3,1.0,0.34256344453689314,5,2.9191672840395637
Sale,1409,4,0.0,0.26876182381226277,6,0.0
Sale,1411,0,3.0,2.0179007394623034,18,1.4866935431122297
Sale,1411,1,4.0,3.721615055083202,37,1.0748021868990894
Sale,1411,2,3.0,4.935529988689066,53,0.6078374575527268
Sale,1411,3,3.0,3.7839523511608006,47,0.7928218226848687
Sale,1411,4,5.0,3.5410018656046294,51,1.412029755919444
Sale,1415,0,5.0,3.4509168593972093,37,1.4488903105226876
Sale,1415,1,10.0,8.118447468009867,74,1.2317626047842583
Sale,1415,2,10.0,10.452076858226986,96,0.9567476527049119
Sale,1415,3,6.0,7.816736430407863,87,0.7675837676526253
Sale,1415,4,6.0,7.161822383958076,101,0.837775593742667
Sale,1416,0,0.0,0.5575930452438542,2,0.0
Sale,1416,1,2.0,0.9038173870062616,4,2.2128363857046978
Sale,1416,2,0.0,0.26746294624543543,2,0.0
Sale,1416,3,0.0,0.13266576249005946,4,0.0
Sale,1416,4,0.0,0.13846085901438943,3,0.0
Sale,1419,0,2.0,1.3113342329016977,12,1.5251641799775444
Sale,1419,1,4.0,3.6081795800179903,24,1.108592272444504
Sale,1419,2,4.0,2.550011255602499,26,1.5686205271493625
Sale,1419,3,1.0,2.2628523802512954,26,0.44192012202269576
Sale,1419,4,1.0,2.2676225512265176,33,0.44099049881961944
Sale,1421,0,0.0,0.07953876503263625,2,0.0
Sale,1421,1,0.0,0.7616990713324406,4,0.0
Sale,1421,2,1.0,0.8266944589516603,3,1.2096367517306337
Sale,1421,3,1.0,0.24789003205576943,4,4.034046838055286
Sale,1421,4,0.0,0.08417767262749319,4,0.0
Sale,1423,0,4.0,2.4186861739931764,19,1.653790410268945
Sale,1423,1,7.0,3.850600188536359,38,1.8178984203137305
Sale,1423,2,4.0,4.792853778324196,54,0.834575846667825
Sale,1423,3,2.0,4.350996469146732,38,0.4596648179749539
Sale,1423,4,2.0,3.586863389999536,54,0.5575902348486873
Sale,1427,0,7.0,2.747305268415898,15,2.5479512890230125
Sale,1427,1,3.0,3.8715743677370043,31,0.7748785674892116
Sale,1427,2,5.0,3.2975020100856045,33,1.5162993031413492
Sale,1427,3,0.0,2.52867380002912,30,0.0
Sale,1427,4,0.0,2.5549445537323736,39,0.0
Sale,1429,0,4.0,1.2526029372188792,12,3.193350327663364
Sale,1429,1,6.0,3.4361101983422064,24,1.7461605285228552
Sale,1429,2,0.0,2.6276310841066426,22,0.0
Sale,1429,3,2.0,2.4766520144258117,24,0.8075417896218581
Sale,1429,4,0.0,2.2070037659064603,32,0.0
Sale,1500,0,0.0,0.2097857472514713,3,0.0
Sale,1500,1,0.0,0.4011718900123097,6,0.0
Sale,1500,2,1.0,0.9123516205620403,10,1.0960686400534536
Sale,1500,3,0.0,0.3863977769753999,8,0.0
Sale,1500,4,2.0,1.0902929651987787,9,1.8343693519432793
Sale,1511,0,0.0,0.10973258190825501,3,0.0
Sale,1511,1,0.0,0.5297987299877898,6,0.0
Sale,1511,2,0.0,0.8266921244386505,8,0.0
Sale,1511,3,1.0,0.917624534701775,7,1.089770338720288
Sale,1511,4,2.0,0.61615202896353,8,3.245952144902179
Sale,1515,0,1.0,0.5865204892787259,3,1.704970275172741
Sale,1515,1,2.0,1.0716458303378034,6,1.866288230104494
Sale,1515,2,0.0,0.5915439990108743,7,0.0
Sale,1515,3,0.0,0.32271546612042523,7,0.0
Sale,1515,4,0.0,0.42757421525217115,7,0.0
Sale,1519,0,0.0,0.396383395896877,2,0.0
Sale,1519,1,1.0,0.6820134654944292,4,1.4662467100631873
Sale,1519,2,0.0,0.29149467051365663,5,0.0
Sale,1519,3,1.0,0.44175266109241496,4,2.263710189152204
Sale,1519,4,0.0,0.188355807002622,6,0.0
Sale,1523,0,0.0,0.016135872638342198,1,0.0
Sale,1523,1,1.0,0.2784347947744011,2,3.591505152257424
Sale,1523,2,0.0,0.23430631726926066,3,0.0
Sale,1523,3,0.0,0.3919773588325036,3,0.0
Sale,1523,4,0.0,0.07914565648549234,3,0.0
Sale,1527,0,0.0,0.1099378264451179,1,0.0
Sale,1527,1,0.0,0.10516766449394652,2,0.0
Sale,1527,2,1.0,0.20605519558095867,3,4.853068602228484
Sale,1527,3,0.0,0.3039947473671821,2,0.0
Sale,1527,4,0.0,0.27484456611279473,3,0.0
Sale,1529,0,1.0,0.07245551977644352,2,13.801570992595604
Sale,1529,1,0.0,0.38897371717744617,4,0.0
Sale,1529,2,1.0,0.31489620557851905,4,3.175649570507927
Sale,1529,3,0.0,0.9159269132417976,5,0.0
Sale,1529,4,0.0,0.30774764422579376,5,0.0
Sale,1600,0,4.0,3.0754859008166586,30,1.3006074906530534
Sale,1600,1,10.0,6.199454605322551,60,1.613045120358569
Sale,1600,2,5.0,7.499071110717393,77,0.6667492448303612
Sale,1600,3,3.0,7.4384527339840485,71,0.4033096810972401
Sale,1600,4,8.0,5.787535649159349,82,1.3822809024359126
Sale,1609,0,0.0,0.24038997995136951,1,0.0
Sale,1609,1,0.0,0.013902299017579695,2,0.0
Sale,1609,2,0.0,0.08965715327516567,4,0.0
Sale,1609,3,1.0,0.5860572734163192,3,1.7063178726042822
Sale,1609,4,0.0,0.06999329433956591,3,0.0
Sale,1611,0,1.0,0.5759027505217694,2,1.7364042784897231
Sale,1611,1,0.0,0.2635875729445028,4,0.0
Sale,1611,2,0.0,0.1485485059893049,6,0.0
Sale,1611,3,1.0,0.3314024747740469,5,3.0174789753208957
Sale,1611,4,0.0,0.680558695770376,6,0.0
Sale,1615,0,1.0,0.6207553908439086,8,1.6109405004771902
Sale,1615,1,0.0,1.7152060761502068,16,0.0
Sale,1615,2,4.0,2.243730689328977,22,1.7827451480802552
Sale,1615,3,3.0,2.2056012594597125,21,1.3601733255878194
Sale,1615,4,0.0,1.214706584217195,23,0.0
Sale,1616,0,0.0,0.04857088906788332,1,0.0
Sale,1616,1,0.0,0.16937540803159312,2,0.0
Sale,1616,2,1.0,0.31869320195418177,3,3.1378140288783727
Sale,1616,3,0.0,0.27040635317324513,3,0.0
Sale,1616,4,0.0,0.1929541477730966,3,0.0
Sale,1623,0,1.0,0.5733089335942283,7,1.7442602781902077
Sale,1623,1,0.0,1.1495702725581647,14,0.0
Sale,1623,2,2.0,1.4486451600440358,15,1.3806003396575075
Sale,1623,3,2.0,2.0770073643644986,15,0.9629238847749293
Sale,1623,4,2.0,1.7514682694390724,19,1.1418990768474058
Sale,1627,0,1.0,0.08389167695303502,4,11.92013363327841
Sale,1627,1,0.0,0.7685101600476518,8,0.0
Sale,1627,2,1.0,1.4576265503915045,12,0.6860467790816582
Sale,1627,3,2.0,1.0067384617513884,10,1.9866132823818696
Sale,1627,4,0.0,0.6832331508564206,11,0.0
Sale,1629,0,0.0,0.009326058811879758,1,0.0
Sale,1629,1,0.0,0.21299986870740273,2,0.0
Sale,1629,2,1.0,0.5915470144041275,3,1.6904827099961144
Sale,1629,3,0.0,0.12339880479335244,3,0.0
Sale,1629,4,0.0,0.06272825328323753,3,0.0
Sale,1700,0,0.0,0.09930710649648719,2,0.0
Sale,1700,1,2.0,0.7283075026793919,4,2.7460928147000288
Sale,1700,2,0.0,0.5965776117814868,6,0.0
Sale,1700,3,0.0,0.13725701964010947,4,0.0
Sale,1700,4,0.0,0.4385507594025245,6,0.0
Sale,1717,0,5.0,5.057448515224976,52,0.9886408106672697
Sale,1717,1,10.0,11.171108522021145,104,0.895166310513179
Sale,1717,2,19.0,16.745931854378007,142,1.1346039244171828
Sale,1717,3,7.0,9.43188838953689,127,0.74216315025158
Sale,1717,4,11.0,9.59362271883898,146,1.1465950165414907
Sale,1724,0,1.0,0.13642874398224752,1,7.329833661227012
Sale,1724,1,0.0,0.14453342184257906,2,0.0
Sale,1724,2,0.0,0.3376014944489162,3,0.0
Sale,1724,3,0.0,0.05450648372001774,3,0.0
Sale,1724,4,0.0,0.32692985600623947,3,0.0
Sale,1728,0,1.0,1.7942632189963779,14,0.5573318281357573
Sale,1728,1,4.0,1.7706866212162073,28,2.2590106866298987
Sale,1728,2,4.0,4.849280022957969,41,0.8248647182804006
Sale,1728,3,5.0,3.127882559075476,36,1.598525489869375
Sale,1728,4,0.0,2.457887577753969,43,0.0
Sale,1732,0,5.0,3.0709287407811106,20,1.6281719382157391
Sale,1732,1,6.0,3.4584481285938193,40,1.7348821716865124
Sale,1732,2,5.0,6.033951715673617,53,0.8286443504365714
Sale,1732,3,2.0,3.562058340876614,47,0.5614731171157081
Sale,1732,4,2.0,3.8746130740748397,55,0.5161805738441508
Sale,1736,0,2.0,1.6184583746749661,10,1.2357438605127293
Sale,1736,1,1.0,1.933490985592619,20,0.5171992046776975
Sale,1736,2,1.0,1.9493905925030435,23,0.5129808278781045
Sale,1736,3,2.0,2.321973587754168,23,0.8613362402345053
Sale,1736,4,4.0,2.176686459475204,26,1.8376555716547227
Sale,1738,0,0.0,0.12805204326504221,1,0.0
Sale,1738,1,0.0,0.1333875450677523,2,0.0
Sale,1738,2,1.0,0.4380727795909338,1,2.282725717251334
Sale,1738,3,0.0,0.11008345009720563,2,0.0
Sale,1738,4,0.0,0.190404181979066,2,0.0
Sale,1740,0,1.0,1.6343607290700772,13,0.6118600271122413
Sale,1740,1,2.0,3.149648607892141,26,0.6349914701559272
Sale,1740,2,4.0,2.900071693361782,32,1.3792762465686406
Sale,1740,3,1.0,1.9658042477998003,26,0.5086976493815376
Sale,1740,4,5.0,3.350114721876199,35,1.4924862027410808
Sale,1744,0,1.0,0.5502001068123508,11,1.8175205486484145
Sale,1744,1,3.0,2.2065290456695688,22,1.3596014092303297
Sale,1744,2,3.0,3.1493332773094713,24,0.9525825741005571
Sale,1744,3,1.0,2.7024746675520324,22,0.37003122064630656
Sale,1744,4,3.0,2.3914629026565772,27,1.2544622777411367
Sale,1746,0,3.0,1.2603986464549966,10,2.380199319031177
Sale,1746,1,0.0,2.7817998812589235,20,0.0
Sale,1746,2,2.0,2.1080948668835067,20,0.9487239077417288
Sale,1746,3,2.0,2.097935407854623,20,0.9533181967910189
Sale,1746,4,3.0,1.7517711975479504,26,1.712552417918084
Sale,2200,0,3.0,2.4818241929596416,28,1.208788281019382
Sale,2200,1,6.0,6.208001795216335,56,0.9664945658719665
Sale,2200,2,12.0,8.188630503831932,74,1.4654465107913355
Sale,2200,3,6.0,6.161121405979877,68,0.9738486883534716
Sale,2200,4,1.0,4.960422102012215,77,0.20159574718335885
Sale,2219,0,0.0,0.16558947789304979,4,0.0
Sale,2219,1,1.0,0.5266102460741251,8,1.8989376060473404
Sale,2219,2,0.0,1.3407043264779386,10,0.0
Sale,2219,3,1.0,0.9896245013714775,8,1.0104842782430543
Sale,2219,4,2.0,0.977471448183409,11,2.0460955700720658
Sale,2220,0,0.0,0.08765987646831842,1,0.0
Sale,2220,1,1.0,0.24022177686029572,2,4.1628199286094025
Sale,2220,2,0.0,0.2902073183079936,2,0.0
Sale,2220,3,0.0,0.23468939654472526,2,0.0
Sale,2220,4,0.0,0.14722163181866693,3,0.0
Sale,2226,0,0.0,0.7489134567746443,10,0.0
Sale,2226,1,1.0,2.2516437381280396,20,0.4441199924599862
Sale,2226,2,4.0,2.058512004047794,26,1.9431511655674216
Sale,2226,3,1.0,2.132371307388112,21,0.4689614780199209
Sale,2226,4,4.0,2.8085594936614102,28,1.4242176493065328
Sale,2231,0,0.0,0.1816526231443632,1,0.0
Sale,2231,1,1.0,0.2924607232624247,2,3.419262555480658
Sale,2231,2,0.0,0.27967633530091585,3,0.0
Sale,2231,3,0.0,0.11191099104429517,2,0.0
Sale,2231,4,0.0,0.134299327248001,3,0.0
Sale,2232,0,0.0,0.27427789522546053,4,0.0
Sale,2232,1,3.0,0.7095246561015858,8,4.228182874550418
Sale,2232,2,0.0,0.7549518523070108,6,0.0
Sale,2232,3,1.0,0.9856895040305481,8,1.0145182594629802
Sale,2232,4,0.0,1.2755560923353948,10,0.0
Sale,2238,0,0.0,0.6209562849534939,7,0.0
Sale,2238,1,0.0,0.9107349962865934,14,0.0
Sale,2238,2,3.0,1.8567828167946396,19,1.6156978473006842
Sale,2238,3,2.0,1.8842937474829797,14,1.0614056341648321
Sale,2238,4,2.0,1.7272321544822935,21,1.1579219358612878
Sale,2244,0,0.0,0.17116691384552193,2,0.0
Sale,2244,1,1.0,0.2818626161998714,4,3.5478277094075175
Sale,2244,2,0.0,0.5138663208190435,3,0.0
Sale,2244,3,1.0,0.5494850092836218,4,1.819885862407287
Sale,2244,4,0.0,0.4836191398519415,5,0.0
Sale,2246,0,0.0,0.06582135530151154,1,0.0
Sale,2246,1,0.0,0.09865906027454945,2,0.0
Sale,2246,2,0.0,0.48914301292691914,2,0.0
Sale,2246,3,1.0,0.2210500515542429,2,4.523862324251088
Sale,2246,4,0.0,0.12532651994277702,2,0.0
Sale,2247,0,0.0,0.8108565176250113,4,0.0
Sale,2247,1,1.0,0.8290440789120123,8,1.2062084820777443
Sale,2247,2,1.0,0.8663494922419023,8,1.1542685820848613
Sale,2247,3,1.0,0.40431036069245,8,2.4733474509219366
Sale,2247,4,1.0,1.089439550528624,8,0.9179031544382378
Sale,3240,0,1.0,0.5517469940131059,3,1.8124249173095568
Sale,3240,1,0.0,1.1938521672210394,6,0.0
Sale,3240,2,0.0,0.5891340475290142,4,0.0
Sale,3240,3,2.0,0.39416139245258075,6,5.0740636660415905
Sale,3240,4,0.0,0.2711053987842599,5,0.0
Sale,3272,0,2.0,0.5884434598618868,3,3.398797227637501
Sale,3272,1,0.0,0.779689228132535,6,0.0
Sale,3272,2,1.0,0.5035833212182282,4,1.985768705724567
Sale,3272,3,0.0,0.5312988436622943,6,0.0
Sale,3272,4,0.0,0.5969851471250553,6,0.0
Sale,3280,0,1.0,0.3856000796430742,2,2.593360460209545
Sale,3280,1,1.0,0.45304662703344445,4,2.2072783248559067
Sale,3280,2,0.0,0.59006107454094,3,0.0
Sale,3280,3,0.0,0.37597657203374296,4,0.0
Sale,3280,4,0.0,0.19531564674879845,5,0.0
Sale,3296,0,0.0,0.4732676339144657,2,0.0
Sale,3296,1,2.0,0.878102754990846,4,2.277637769193481
Sale,3296,2,0.0,0.42260873828491413,4,0.0
Sale,3296,3,0.0,0.08850725244312516,4,0.0
Sale,3296,4,0.0,0.13751362036664916,4,0.0
Sandown-Hillside,1000,0,28.0,19.02656973496549,163,1.4716262778857012
Sandown-Hillside,1000,1,37.0,38.47875648936188,326,0.9615695353936216
Sandown-Hillside,1000,2,39.0,35.14475657608573,369,1.1096961196919364
Sandown-Hillside,1000,3,32.0,32.604291801003605,367,0.9814658817099348
Sandown-Hillside,1000,4,27.0,37.74562539858329,422,0.7153146812349118
Sandown-Hillside,1100,0,2.0,0.7942099966113884,6,2.518225668945605
Sandown-Hillside,1100,1,1.0,1.308344678909716,12,0.7643245821378896
Sandown-Hillside,1100,2,1.0,1.815228695467849,18,0.5508947729268154
Sandown-Hillside,1100,3,2.0,1.1790708520515731,15,1.69625090512586
Sandown-Hillside,1100,4,0.0,0.9031457769594736,17,0.0
Sandown-Hillside,1200,0,0.0,0.9294083186478546,5,0.0
Sandown-Hillside,1200,1,0.0,0.7404292767749354,10,0.0
Sandown-Hillside,1200,2,1.0,1.0411037080156935,10,0.9605191032370486
Sandown-Hillside,1200,3,1.0,0.9692572722299851,11,1.0317178200781352
Sandown-Hillside,1200,4,3.0,1.3198014243315317,13,2.273069224424784
Sandown-Hillside,1300,0,35.0,21.69834683538383,190,1.6130261104926646
Sandown-Hillside,1300,1,39.0,44.06333315205025,380,0.8850896473360719
Sandown-Hillside,1300,2,60.0,46.37999257213674,476,1.2936612679848858
Sandown-Hillside,1300,3,31.0,39.61567265265672,440,0.7825185822743077
Sandown-Hillside,1300,4,25.0,38.242654787772466,512,0.6537203062584815
Sandown-Hillside,1400,0,31.0,18.397650276010484,162,1.684997786941427
Sandown-Hillside,1400,1,43.0,37.29377950583123,324,1.153007299602781
Sandown-Hillside,1400,2,41.0,40.92391634573702,407,1.001859148905012
Sandown-Hillside,1400,3,33.0,33.71691098103567,385,0.9787373469224716
Sandown-Hillside,1400,4,14.0,31.667742891385604,442,0.44209023825971316
Sandown-Hillside,1500,0,9.0,7.4302189152282665,61,1.2112698296889288
Sandown-Hillside,1500,1,12.0,13.232267368575759,122,0.9068740576159933
Sandown-Hillside,1500,2,16.0,13.241719068538009,156,1.208302329719077
Sandown-Hillside,1500,3,14.0,13.26084336157737,142,1.0557397910727382
Sandown-Hillside,1500,4,10.0,13.834951286080598,166,0.7228070264375301
Sandown-Hillside,1600,0,19.0,12.06968813770671,108,1.5741914607256853
Sandown-Hillside,1600,1,18.0,21.735864635975723,216,0.8281244064341303
Sandown-Hillside,1600,2,38.0,27.37058585000334,267,1.3883517221095711
Sandown-Hillside,1600,3,16.0,22.830105807738846,251,0.7008289902264225
Sandown-Hillside,1600,4,17.0,23.99375556857538,292,0.7085176787524208
Sandown-Hillside,1700,0,0.0,0.1436240739307644,4,0.0
Sandown-Hillside,1700,1,0.0,0.5782514725248066,8,0.0
Sandown-Hillside,1700,2,1.0,1.4410619742025776,15,0.6939326815235393
Sandown-Hillside,1700,3,1.0,1.000785557058323,11,0.9992150595571822
Sandown-Hillside,1700,4,2.0,0.8362769222835283,14,2.3915523036780955
Sandown-Hillside,1800,0,21.0,13.228593847056835,113,1.5874703118708409
Sandown-Hillside,1800,1,28.0,25.01000938280823,225,1.1195517591147757
Sandown-Hillside,1800,2,20.0,27.069801279685894,327,0.7388306915650942
Sandown-Hillside,1800,3,19.0,23.941026129898653,278,0.7936167771970278
Sandown-Hillside,1800,4,25.0,23.750569360550386,329,1.0526063447356724
Sandown-Hillside,2400,0,9.0,7.605303457371491,76,1.1833847328309681
Sandown-Hillside,2400,1,18.0,15.895482879305018,152,1.1323971808012792
Sandown-Hillside,2400,2,27.0,18.682557534890275,198,1.4451982791743923
Sandown-Hillside,2400,3,11.0,16.161180438967314,173,0.6806433503753944
Sandown-Hillside,2400,4,11.0,17.655475689465902,216,0.6230361726567992
Sandown-Hillside,3000,0,2.0,0.7256021588859143,8,2.756331380092349
Sandown-Hillside,3000,1,3.0,2.585117591683803,16,1.1604887954230219
Sandown-Hillside,3000,2,0.0,1.8411274610046038,17,0.0
Sandown-Hillside,3000,3,2.0,1.5916798288846783,16,1.2565341117638211
Sandown-Hillside,3000,4,1.0,1.2564729595410005,20,0.795878647770747
Sandown-Hillside,3200,0,0.0,0.2669255949937782,2,0.0
Sandown-Hillside,3200,1,1.0,0.5492522283040957,4,1.820657156162407
Sandown-Hillside,3200,2,1.0,0.40192163116463053,4,2.4880472272725016
Sandown-Hillside,3200,3,0.0,0.32442607546850283,4,0.0
Sandown-Hillside,3200,4,0.0,0.45747447006899267,5,0.0
Sandown-Lakeside,1000,0,3.0,1.2332847587881826,11,2.432528236988658
Sandown-Lakeside,1000,1,2.0,2.582954182600096,22,0.7743071919249946
Sandown-Lakeside,1000,2,3.0,2.5840475016992333,24,1.1609693699621397
Sandown-Lakeside,1000,3,2.0,2.370366082820624,24,0.8437515261862397
Sandown-Lakeside,1000,4,1.0,2.229347474091864,29,0.4485617480547105
Sandown-Lakeside,1100,0,0.0,0.03994215250453539,1,0.0
Sandown-Lakeside,1100,1,1.0,0.19187896791394451,2,5.211618609750332
Sandown-Lakeside,1100,2,0.0,0.356212848327897,5,0.0
Sandown-Lakeside,1100,3,0.0,0.1659488216737379,4,0.0
Sandown-Lakeside,1100,4,0.0,0.24601720957988515,4,0.0
Sandown-Lakeside,1200,0,35.0,21.3805083193332,169,1.6370050457758039
Sandown-Lakeside,1200,1,47.0,40.11065721553577,338,1.1717584119214042
Sandown-Lakeside,1200,2,31.0,37.90283645383993,391,0.8178807419268853
Sandown-Lakeside,1200,3,30.0,36.8513604580806,380,0.8140812069645514
Sandown-Lakeside,1200,4,26.0,32.7546375532105,435,0.793780726706639
Sandown-Lakeside,1300,0,14.0,6.677424758385952,58,2.09661666084936
Sandown-Lakeside,1300,1,16.0,13.223083603111645,116,1.2100052060651643
Sandown-Lakeside,1300,2,11.0,16.205183764688737,153,0.6787951410936243
Sandown-Lakeside,1300,3,13.0,10.944923521461483,133,1.1877652661993294
Sandown-Lakeside,1300,4,4.0,10.949384352352181,162,0.3653173430833769
Sandown-Lakeside,1400,0,31.0,15.333943722154228,130,2.021658652314715
Sandown-Lakeside,1400,1,30.0,32.61646331707173,260,0.9197809004723622
Sandown-Lakeside,1400,2,35.0,30.67486157506574,346,1.1409994439371807
Sandown-Lakeside,1400,3,16.0,25.87586334620758,310,0.6183368564722689
Sandown-Lakeside,1400,4,18.0,25.49886803950072,364,0.7059136888788906
Sandown-Lakeside,1500,0,5.0,2.8567785789122486,19,1.7502231488671438
Sandown-Lakeside,1500,1,3.0,4.760412815453888,36,0.6301974463771292
Sandown-Lakeside,1500,2,5.0,3.3826506433823766,34,1.4781307699574926
Sandown-Lakeside,1500,3,3.0,3.4156184202895727,38,0.8783182518806252
Sandown-Lakeside,1500,4,2.0,3.584539541961914,43,0.557951719206129
Sandown-Lakeside,1600,0,16.0,11.217871359719558,103,1.426295549925079
Sandown-Lakeside,1600,1,21.0,22.615772809343106,206,0.9285554898802488
Sandown-Lakeside,1600,2,28.0,26.064124226334606,252,1.0742735783813304
Sandown-Lakeside,1600,3,22.0,21.14254295632057,240,1.040556003383836
Sandown-Lakeside,1600,4,16.0,21.959688648282164,283,0.7286077802041893
Sandown-Lakeside,2100,0,17.0,8.08391579612039,82,2.102941251337451
Sandown-Lakeside,2100,1,18.0,17.350096852542524,162,1.0374581855640903
Sandown-Lakeside,2100,2,24.0,21.16514001122743,217,1.1339400536575128
Sandown-Lakeside,2100,3,14.0,16.1657299297302,192,0.8660295613532901
Sandown-Lakeside,2100,4,8.0,18.235117410379456,228,0.4387139287321719
Sandown-Lakeside,2125,0,0.0,0.2132632289204754,2,0.0
Sandown-Lakeside,2125,1,0.0,0.26676955015529824,4,0.0
Sandown-Lakeside,2125,2,0.0,0.6311317434329198,6,0.0
Sandown-Lakeside,2125,3,2.0,0.34142332818273,5,5.857830543229895
Sandown-Lakeside,2125,4,0.0,0.5474121493085767,6,0.0
Sandown-Lakeside,2400,0,8.0,3.2159192579618967,33,2.4876246442424788
Sandown-Lakeside,2400,1,5.0,6.070043440915086,66,0.8237173339316708
Sandown-Lakeside,2400,2,10.0,8.718883629584823,84,1.1469358262872218
Sandown-Lakeside,2400,3,7.0,7.273181890331122,75,0.9624398379622148
Sandown-Lakeside,2400,4,3.0,7.7219717812070705,92,0.38850180821705244
Sandown-Lakeside,3000,0,0.0,0.7176937348752278,5,0.0
Sandown-Lakeside,3000,1,2.0,1.1965085432108142,10,1.6715300624875
Sandown-Lakeside,3000,2,2.0,1.3271733552836926,11,1.50696214027932
Sandown-Lakeside,3000,3,0.0,0.9616722260113066,11,0.0
Sandown-Lakeside,3000,4,1.0,0.7969521406189585,13,1.2547804931213848
Sandown-Lakeside,3200,0,0.0,0.44471243703333657,3,0.0
Sandown-Lakeside,3200,1,0.0,0.9087650932344585,6,0.0
Sandown-Lakeside,3200,2,1.0,0.6873845945393895,4,1.4547896591573912
Sandown-Lakeside,3200,3,1.0,0.42833060030140846,6,2.334645246677025
Sandown-Lakeside,3200,4,1.0,0.530807274891407,6,1.8839229364453998
Sandown-Lakeside,3400,0,0.0,1.5209051488706957,8,0.0
Sandown-Lakeside,3400,1,4.0,2.528539385701738,16,1.5819409508188824
Sandown-Lakeside,3400,2,2.0,1.8173816960437077,11,1.1004842870123748
Sandown-Lakeside,3400,3,1.0,1.2901188045784355,16,0.7751224123322225
Sandown-Lakeside,3400,4,1.0,0.8430549648054231,14,1.1861622809264871
Sandown-Lakeside,3900,0,5.0,1.6439884160232037,7,3.041383960657682
Sandown-Lakeside,3900,1,1.0,2.936600140489711,14,0.34052984817784515
Sandown-Lakeside,3900,2,0.0,0.7189796669778366,10,0.0
Sandown-Lakeside,3900,3,1.0,1.0917455890035246,14,0.9159643144633504
Sandown-Lakeside,3900,4,0.0,0.6086861875057243,14,0.0
Sandown-Lakeside,4200,0,5.0,2.6247392512716132,10,1.9049511289845797
Sandown-Lakeside,4200,1,4.0,2.8862335179866676,20,1.3858892480710485
Sandown-Lakeside,4200,2,0.0,1.8482206666037486,19,0.0
Sandown-Lakeside,4200,3,0.0,1.417486148970431,20,0.0
Sandown-Lakeside,4200,4,1.0,1.2233204151675396,22,0.8174473241853363
Sapphire Coast,1000,0,10.0,7.640720971742777,42,1.3087770168525201
Sapphire Coast,1000,1,13.0,12.53311467483875,84,1.0372521386163138
Sapphire Coast,1000,2,12.0,7.833209410724081,77,1.531939128752432
Sapphire Coast,1000,3,4.0,7.813574620174524,86,0.5119295833781461
Sapphire Coast,1000,4,3.0,6.179380322519868,97,0.48548557353994365
Sapphire Coast,1005,0,1.0,1.339640273151208,10,0.7464690484765143
Sapphire Coast,1005,1,1.0,2.0897278145717437,20,0.47853121972486834
Sapphire Coast,1005,2,5.0,2.3145920863377567,21,2.1602078523958004
Sapphire Coast,1005,3,2.0,2.0689929429428613,22,0.9666538529393299
Sapphire Coast,1005,4,1.0,2.1870468829964302,26,0.45723756896784923
Sapphire Coast,1007,0,0.0,0.3766979419625411,7,0.0
Sapphire Coast,1007,1,3.0,2.3314593721513477,14,1.2867477065370254
Sapphire Coast,1007,2,0.0,1.778753158613899,15,0.0
Sapphire Coast,1007,3,3.0,1.0965127971621569,15,2.735946181170148
Sapphire Coast,1007,4,1.0,1.4165767301100556,18,0.7059271684649999
Sapphire Coast,1008,0,6.0,2.8187021815770334,11,2.1286392153154203
Sapphire Coast,1008,1,3.0,2.4319297029555282,22,1.233588288491273
Sapphire Coast,1008,2,0.0,1.7869812810000993,21,0.0
Sapphire Coast,1008,3,1.0,2.5422448821726613,23,0.39335313722625215
Sapphire Coast,1008,4,1.0,1.4201419522946777,28,0.7041549602729441
Sapphire Coast,1010,0,1.0,0.6938452695271343,6,1.4412435220341195
Sapphire Coast,1010,1,1.0,1.7578120156207326,12,0.568889045650807
Sapphire Coast,1010,2,3.0,2.2611680567336867,13,1.3267479129054982
Sapphire Coast,1010,3,1.0,0.8220478509457353,14,1.216474197760553
Sapphire Coast,1010,4,0.0,0.4651268071727111,14,0.0
Sapphire Coast,1012,0,2.0,0.6240143899611602,5,3.2050542938993503
Sapphire Coast,1012,1,1.0,1.0560399345768567,10,0.9469338869279491
Sapphire Coast,1012,2,1.0,1.6354860010254049,12,0.6114390458695625
Sapphire Coast,1012,3,0.0,0.6917703779240771,11,0.0
Sapphire Coast,1012,4,1.0,0.9926892965125012,12,1.0073645434812109
Sapphire Coast,1200,0,21.0,9.72141812863954,64,2.1601786613964764
Sapphire Coast,1200,1,17.0,15.119067078309929,128,1.1244080016278577
Sapphire Coast,1200,2,10.0,14.163479769153552,137,0.7060411821803045
Sapphire Coast,1200,3,12.0,13.072465074307349,140,0.9179599969698772
Sapphire Coast,1200,4,4.0,11.92356994958963,167,0.33546999907839403
Sapphire Coast,1205,0,5.0,1.3840532850434362,9,3.6125776760416297
Sapphire Coast,1205,1,1.0,2.9905959454557594,18,0.33438151399874333
Sapphire Coast,1205,2,1.0,1.206619492793007,18,0.8287616816841429
Sapphire Coast,1205,3,2.0,1.531100477643865,18,1.3062500007038738
Sapphire Coast,1205,4,0.0,1.8876307990639323,23,0.0
Sapphire Coast,1207,0,2.0,0.9047803603388795,4,2.210481225798174
Sapphire Coast,1207,1,0.0,0.9750779827801408,8,0.0
Sapphire Coast,1207,2,1.0,0.659879726744394,9,1.515427674878929
Sapphire Coast,1207,3,1.0,0.7834012319173197,9,1.2764851001734705
Sapphire Coast,1207,4,0.0,0.676860698219266,10,0.0
Sapphire Coast,1208,0,3.0,2.638413795335997,15,1.137046813999832
Sapphire Coast,1208,1,3.0,3.4738011571739222,30,0.8636072890368375
Sapphire Coast,1208,2,5.0,3.807104079675659,35,1.313334202417174
Sapphire Coast,1208,3,4.0,2.8137998361441254,34,1.4215652260046248
Sapphire Coast,1208,4,0.0,2.266881131670297,39,0.0
Sapphire Coast,1209,0,3.0,0.5330148285394508,4,5.628361237567252
Sapphire Coast,1209,1,0.0,0.9042592299448705,8,0.0
Sapphire Coast,1209,2,0.0,1.0686410437671394,7,0.0
Sapphire Coast,1209,3,0.0,0.7147013840503398,8,0.0
Sapphire Coast,1209,4,1.0,0.7793835136981994,9,1.283065374651009
Sapphire Coast,1210,0,0.0,0.3000501090572074,2,0.0
Sapphire Coast,1210,1,1.0,0.7206975146967111,4,1.387544676660675
Sapphire Coast,1210,2,0.0,0.15612264782132226,2,0.0
Sapphire Coast,1210,3,1.0,0.6705015490292086,4,1.4914208646465599
Sapphire Coast,1210,4,0.0,0.15262817939555062,4,0.0
Sapphire Coast,1212,0,2.0,1.2867232684016356,10,1.554335768315121
Sapphire Coast,1212,1,1.0,1.8797646832760837,20,0.5319814809251465
Sapphire Coast,1212,2,4.0,3.3892908677780555,30,1.1801878788356432
Sapphire Coast,1212,3,1.0,1.79765473281593,24,0.5562803478026915
Sapphire Coast,1212,4,2.0,1.6465664477282953,29,1.214648824381988
Sapphire Coast,1400,0,10.0,5.821016975648825,52,1.7179128736152458
Sapphire Coast,1400,1,13.0,11.609956095579781,104,1.119728609908305
Sapphire Coast,1400,2,16.0,14.212237734387223,120,1.1257903434367127
Sapphire Coast,1400,3,9.0,10.902784330813251,113,0.8254772108592815
Sapphire Coast,1400,4,4.0,9.454004863570919,139,0.423101115106592
Sapphire Coast,1405,0,2.0,1.6474586209305366,11,1.2139910372197007
Sapphire Coast,1405,1,1.0,2.561557299210005,22,0.3903875194626348
Sapphire Coast,1405,2,2.0,2.5104727804215603,27,0.7966626906283998
Sapphire Coast,1405,3,4.0,2.3459927213862,25,1.7050351280017955
Sapphire Coast,1405,4,2.0,1.934518578051698,32,1.0338489496514682
Sapphire Coast,1407,0,0.0,0.4362644660976264,2,0.0
Sapphire Coast,1407,1,0.0,0.2728204937660797,4,0.0
Sapphire Coast,1407,2,0.0,0.4207636182237463,4,0.0
Sapphire Coast,1407,3,0.0,0.40961612952465704,4,0.0
Sapphire Coast,1407,4,2.0,0.46053529238789037,5,4.342772493352107
Sapphire Coast,1408,0,2.0,1.5341247034411951,13,1.303674985165026
Sapphire Coast,1408,1,1.0,2.743587824909656,26,0.3644862362052978
Sapphire Coast,1408,2,4.0,2.6038546714445645,30,1.5361840443195254
Sapphire Coast,1408,3,4.0,3.2637168857750947,28,1.2255965023908766
Sapphire Coast,1408,4,2.0,2.8547159144294905,33,0.7005951064660303
Sapphire Coast,1410,0,0.0,0.5935951001494484,5,0.0
Sapphire Coast,1410,1,3.0,1.2569206107803133,10,2.386785588739419
Sapphire Coast,1410,2,0.0,1.222068312931887,12,0.0
Sapphire Coast,1410,3,0.0,0.742448492843329,11,0.0
Sapphire Coast,1410,4,2.0,1.1849674832950226,13,1.6878100270216934
Sapphire Coast,1412,0,2.0,0.5800867582126645,4,3.447760135332694
Sapphire Coast,1412,1,0.0,0.5118842589739475,8,0.0
Sapphire Coast,1412,2,1.0,1.4330075220915135,7,0.6978330431514224
Sapphire Coast,1412,3,0.0,1.0184649118244151,9,0.0
Sapphire Coast,1412,4,1.0,0.45655654889745945,9,2.1903091794760248
Sapphire Coast,1413,0,0.0,0.04763166164393895,2,0.0
Sapphire Coast,1413,1,0.0,0.7610307300406013,4,0.0
Sapphire Coast,1413,2,1.0,0.5744266760941934,6,1.7408662264773056
Sapphire Coast,1413,3,0.0,0.1863179281018162,5,0.0
Sapphire Coast,1413,4,1.0,0.4305930041194501,7,2.322378650914151
Sapphire Coast,1600,0,10.0,5.624323362374964,47,1.7779916544089551
Sapphire Coast,1600,1,12.0,10.896379700141058,94,1.101283208756451
Sapphire Coast,1600,2,12.0,11.094831274185427,111,1.0815847220606813
Sapphire Coast,1600,3,6.0,10.089486675058373,105,0.5946784205416761
Sapphire Coast,1600,4,7.0,9.294978988240178,126,0.7530947631894876
Sapphire Coast,1605,0,1.0,0.6863110682910396,9,1.4570652379103644
Sapphire Coast,1605,1,0.0,2.1371429709867726,18,0.0
Sapphire Coast,1605,2,3.0,2.338792473376276,22,1.2827132095517675
Sapphire Coast,1605,3,2.0,1.7269873167375895,21,1.1580860962998571
Sapphire Coast,1605,4,3.0,2.110766170608322,23,1.4212848593908443
Sapphire Coast,1607,0,1.0,0.7342245677067649,4,1.361981121284654
Sapphire Coast,1607,1,2.0,0.7753496223405179,8,2.5794814911532136
Sapphire Coast,1607,2,1.0,1.0895053475822227,10,0.9178477207286329
Sapphire Coast,1607,3,0.0,0.5195256268620503,10,0.0
Sapphire Coast,1607,4,0.0,0.8813948355084443,11,0.0
Sapphire Coast,1608,0,0.0,1.3050005022270632,11,0.0
Sapphire Coast,1608,1,4.0,2.7115589055678777,22,1.4751661827395508
Sapphire Coast,1608,2,6.0,2.7328857456815325,23,2.1954814647780703
Sapphire Coast,1608,3,0.0,1.9822284996644095,23,0.0
Sapphire Coast,1608,4,1.0,2.268326346859117,28,0.440853672305429
Sapphire Coast,1610,0,1.0,0.7853695296676538,5,1.273285965681877
Sapphire Coast,1610,1,0.0,1.1094657861780581,10,0.0
Sapphire Coast,1610,2,2.0,1.6512159688977521,13,1.2112285961811975
Sapphire Coast,1610,3,0.0,0.900897406302929,11,0.0
Sapphire Coast,1610,4,2.0,0.5530513089536069,13,3.6163009970703666
Sapphire Coast,1612,0,1.0,0.47750225715284866,5,2.094230938221303
Sapphire Coast,1612,1,0.0,0.8589015266695311,10,0.0
Sapphire Coast,1612,2,1.0,1.0783120652605798,16,0.9273753231707973
Sapphire Coast,1612,3,2.0,1.290096959366871,13,1.5502710749597624
Sapphire Coast,1612,4,1.0,1.2951871915501696,15,0.7720891671289081
Sapphire Coast,1613,0,0.0,0.2260970378521614,3,0.0
Sapphire Coast,1613,1,0.0,0.7791485031768807,6,0.0
Sapphire Coast,1613,2,0.0,0.909013987223068,8,0.0
Sapphire Coast,1613,3,2.0,0.5163422662219672,7,3.8733997405128795
Sapphire Coast,1613,4,1.0,0.5693982055259228,9,1.756240167768624
Sapphire Coast,2200,0,1.0,1.032246552106722,12,0.9687608042469025
Sapphire Coast,2200,1,3.0,2.9950584329729786,24,1.0016499067172175
Sapphire Coast,2200,2,4.0,3.174269766478912,24,1.260132343583714
Sapphire Coast,2200,3,2.0,2.461843082008626,24,0.8123994638879231
Sapphire Coast,2200,4,2.0,2.3365821664327613,28,0.8559510676456894
Sapphire Coast,2208,0,0.0,0.0752706686860665,1,0.0
Sapphire Coast,2208,1,0.0,0.2295755394925028,2,0.0
Sapphire Coast,2208,2,0.0,0.3476788029784976,2,0.0
Sapphire Coast,2208,3,0.0,0.16726815263570333,2,0.0
Sapphire Coast,2208,4,1.0,0.1802068362072298,2,5.549179049179049
Scone,900,0,5.0,3.510152397579507,19,1.4244395780216967
Scone,900,1,5.0,5.014679655141372,38,0.9970726634299916
Scone,900,2,7.0,4.078579608312819,39,1.7162837733344332
Scone,900,3,1.0,3.9620027708254626,40,0.2523976023852339
Scone,900,4,1.0,2.4345855681408386,48,0.4107475264316324
Scone,1000,0,25.0,13.182169573850734,97,1.8965011684868713
Scone,1000,1,26.0,23.780616392846678,194,1.0933274213960629
Scone,1000,2,19.0,23.578872425075982,255,0.8058061326034243
Scone,1000,3,14.0,20.53453610928863,227,0.6817782454636125
Scone,1000,4,13.0,15.923805498937973,271,0.8163877661572182
Scone,1100,0,36.0,19.821704537903763,170,1.8161909300564707
Scone,1100,1,35.0,36.88276371161658,341,0.9489527485972102
Scone,1100,2,54.0,47.5006195695223,494,1.136827276978254
Scone,1100,3,32.0,37.2130067516014,425,0.8599143899766426
Scone,1100,4,13.0,28.581905429355956,502,0.4548332171950977
Scone,1200,0,7.0,5.7503945497364315,58,1.217307775919627
Scone,1200,1,17.0,16.24934399889424,116,1.0461960803560342
Scone,1200,2,14.0,13.272814754230323,145,1.0547875683669816
Scone,1200,3,14.0,12.23392565662719,134,1.1443587604618244
Scone,1200,4,6.0,10.493521040511816,161,0.5717813855650642
Scone,1250,0,0.0,0.18548460613329149,4,0.0
Scone,1250,1,2.0,0.7725340159147013,8,2.588882766064282
Scone,1250,2,1.0,1.1934786967023798,12,0.8378867614168836
Scone,1250,3,1.0,0.6925328188715878,8,1.443974888626071
Scone,1250,4,0.0,1.1559698623780394,13,0.0
Scone,1300,0,28.0,14.790749033570414,136,1.8930751875005574
Scone,1300,1,29.0,28.196452853681677,273,1.0284981643076925
Scone,1300,2,36.0,39.322375788127296,388,0.9155092813814564
Scone,1300,3,27.0,27.345480406508432,337,0.987366087507967
Scone,1300,4,16.0,26.34494191811218,397,0.6073272072389722
Scone,1350,0,1.0,0.5479384075988485,3,1.8250226414719783
Scone,1350,1,1.0,0.5444585901914685,6,1.836686973105397
Scone,1350,2,1.0,0.9946778503977948,11,1.0053506264365661
Scone,1350,3,0.0,0.6104109186653764,8,0.0
Scone,1350,4,0.0,0.3025142331465119,9,0.0
Scone,1400,0,17.0,10.013513979673023,105,1.697705723935596
Scone,1400,1,18.0,21.6233635139151,210,0.8324329371060434
Scone,1400,2,26.0,28.232107903057948,314,0.9209372565901756
Scone,1400,3,29.0,24.4477900950116,272,1.1862012839318856
Scone,1400,4,15.0,20.68322450834233,316,0.7252254112481316
Scone,1450,0,0.0,0.09008901579238003,2,0.0
Scone,1450,1,1.0,0.3806907254474068,4,2.626804209177279
Scone,1450,2,0.0,0.5711156407646476,5,0.0
Scone,1450,3,1.0,0.23166374277531732,5,4.316601242905177
Scone,1450,4,0.0,0.7264408752202482,6,0.0
Scone,1500,0,0.0,0.06478285268595833,1,0.0
Scone,1500,1,0.0,0.067270673449628,2,0.0
Scone,1500,2,0.0,0.44342598266220207,4,0.0
Scone,1500,3,0.0,0.23772993262436495,3,0.0
Scone,1500,4,1.0,0.18679055857784654,4,5.353589644003562
Scone,1600,0,12.0,8.7017997366366,106,1.3790250710410181
Scone,1600,1,23.0,23.505382127562516,212,0.9784993017845941
Scone,1600,2,35.0,27.77742253853863,282,1.2600161138579615
Scone,1600,3,20.0,25.205477637485306,257,0.79347831799292
Scone,1600,4,16.0,20.80991795977695,302,0.7688641555880259
Scone,1700,0,4.0,2.4277594775569935,31,1.6476096734364811
Scone,1700,1,7.0,6.089591288985252,62,1.149502432562507
Scone,1700,2,9.0,7.65442843487484,87,1.1757899465092017
Scone,1700,3,6.0,7.967403263339142,79,0.7530684467307103
Scone,1700,4,5.0,6.860817535243773,90,0.7287761224249414
Scone,2200,0,2.0,2.8770528307394487,33,0.6951558131402015
Scone,2200,1,8.0,8.14069825734214,66,0.9827166843808217
Scone,2200,2,7.0,8.534221606183307,71,0.8202271188890015
Scone,2200,3,8.0,6.78612036340654,71,1.1788768208620617
Scone,2200,4,8.0,6.661906942328566,82,1.2008573625022334
Seymour,1000,0,8.0,5.482066625521441,59,1.4593036798853314
Seymour,1000,1,19.0,14.92838436409663,118,1.2727432210076108
Seymour,1000,2,11.0,13.067151028555612,151,0.8418055302155556
Seymour,1000,3,11.0,13.390370357361062,138,0.8214858668156995
Seymour,1000,4,10.0,12.132027624465257,157,0.8242645260578007
Seymour,1100,0,8.0,4.389164844865758,33,1.8226702078319137
Seymour,1100,1,10.0,6.427822041029474,66,1.5557369099780505
Seymour,1100,2,3.0,7.948281854770948,88,0.3774400624959284
Seymour,1100,3,8.0,7.923222151071703,77,1.0096902304976911
Seymour,1100,4,4.0,6.3115091082621175,92,0.6337628499598894
Seymour,1200,0,17.0,11.06567751108972,88,1.5362818935363933
Seymour,1200,1,21.0,20.39082590883961,176,1.029874910113195
Seymour,1200,2,20.0,22.298673476516726,239,0.8969143398176795
Seymour,1200,3,17.0,16.435212596628535,213,1.0343644720170717
Seymour,1200,4,13.0,17.809610506925413,254,0.7299429706755711
Seymour,1300,0,4.0,8.033419879055485,54,0.49791994694920555
Seymour,1300,1,11.0,12.255326358369295,108,0.8975689164318321
Seymour,1300,2,19.0,12.588056882690426,162,1.5093671864580231
Seymour,1300,3,6.0,11.53333223741679,138,0.5202312633060735
Seymour,1300,4,14.0,9.589864642468005,163,1.4598746199192467
Seymour,1400,0,7.0,4.461373276453017,28,1.5690236091532113
Seymour,1400,1,3.0,5.557739545110284,56,0.5397877996350889
Seymour,1400,2,9.0,6.209442519300644,84,1.4494054775489975
Seymour,1400,3,4.0,5.231609013987012,70,0.7645831309843236
Seymour,1400,4,5.0,6.539835645149042,86,0.7645452074485659
Seymour,1411,0,0.0,0.551679517374709,9,0.0
Seymour,1411,1,5.0,2.909089714887394,18,1.7187507055599835
Seymour,1411,2,1.0,2.3363157304408584,23,0.4280243406191088
Seymour,1411,3,2.0,1.7175669131375904,20,1.164437894501863
Seymour,1411,4,1.0,1.4853481241594488,25,0.6732428470705445
Seymour,1414,0,0.0,0.5248975322493226,6,0.0
Seymour,1414,1,0.0,1.1261819372825135,12,0.0
Seymour,1414,2,0.0,1.3366445477014381,21,0.0
Seymour,1414,3,5.0,1.4953211699261812,17,3.343763266754815
Seymour,1414,4,1.0,1.5169548128405443,21,0.6592154173185089
Seymour,1418,0,0.0,0.1206942246658759,1,0.0
Seymour,1418,1,0.0,0.050661773316540495,2,0.0
Seymour,1418,2,0.0,0.22451930088254263,3,0.0
Seymour,1418,3,1.0,0.4961106289869727,3,2.015679450452288
Seymour,1418,4,0.0,0.1080140721480683,3,0.0
Seymour,1422,0,1.0,0.6400590522471239,6,1.5623558427760578
Seymour,1422,1,3.0,1.7048032691054842,12,1.7597338381302552
Seymour,1422,2,1.0,1.5533373587885908,18,0.6437751556943658
Seymour,1422,3,0.0,1.225017670456584,14,0.0
Seymour,1422,4,1.0,0.8767826494022171,16,1.1405335184059486
Seymour,1425,0,1.0,0.49203236856544963,6,2.032386614961046
Seymour,1425,1,1.0,1.120081149456074,12,0.8927924556944941
Seymour,1425,2,1.0,2.101281568126626,14,0.4759000484126165
Seymour,1425,3,2.0,1.1461300513023982,13,1.7450026702705437
Seymour,1425,4,1.0,1.140474862549452,17,0.8768277432828021
Seymour,1429,0,2.0,1.1965463935278846,6,1.6714771870259215
Seymour,1429,1,4.0,1.9741731916528402,12,2.026164683480011
Seymour,1429,2,0.0,1.0961911992409654,11,0.0
Seymour,1429,3,0.0,0.8139512623710512,12,0.0
Seymour,1429,4,0.0,0.9191379532072583,13,0.0
Seymour,1600,0,6.0,8.570280891561907,87,0.7000937397404857
Seymour,1600,1,24.0,18.249031585185904,174,1.3151382794187603
Seymour,1600,2,20.0,23.77901120082043,241,0.8410778661523972
Seymour,1600,3,24.0,19.725484296372823,212,1.2167001650962348
Seymour,1600,4,13.0,16.676192026058935,253,0.7795544678116947
Seymour,2000,0,1.0,1.258360982359477,20,0.7946845253616813
Seymour,2000,1,4.0,4.01909710157639,40,0.9952484100050979
Seymour,2000,2,5.0,4.696417963746605,56,1.0646411879429936
Seymour,2000,3,5.0,5.311869177915342,48,0.9412882419597285
Seymour,2000,4,5.0,4.714254774402186,57,1.0606130214152563
Seymour,2015,0,1.0,0.3373670710128607,4,2.9641304262379515
Seymour,2015,1,1.0,0.5879012644671788,8,1.7009658941732515
Seymour,2015,2,0.0,1.2007028515628013,12,0.0
Seymour,2015,3,0.0,0.8140448604759951,11,0.0
Seymour,2015,4,2.0,1.059983952481164,12,1.8868210177319076
Seymour,2021,0,0.0,0.4634183055088978,5,0.0
Seymour,2021,1,2.0,0.8184801169393725,10,2.443553555679284
Seymour,2021,2,1.0,1.0259291313743477,15,0.9747261963995382
Seymour,2021,3,2.0,1.3684989013903106,12,1.4614553201088603
Seymour,2021,4,0.0,1.3236735447870713,14,0.0
Seymour,2027,0,1.0,0.30914942028260456,2,3.2346817894268223
Seymour,2027,1,0.0,0.2886790054649254,4,0.0
Seymour,2027,2,0.0,0.49966405593374197,6,0.0
Seymour,2027,3,1.0,0.57948426440652,5,1.7256723977210184
Seymour,2027,4,0.0,0.32302325391220815,5,0.0
Seymour,2034,0,0.0,0.01648927443617881,1,0.0
Seymour,2034,1,0.0,0.24527795723815982,2,0.0
Seymour,2034,2,0.0,0.4247519001812771,3,0.0
Seymour,2034,3,0.0,0.13224664053854698,2,0.0
Seymour,2034,4,1.0,0.18123422760583727,3,5.517721532021425
Seymour,2040,0,0.0,0.2558379973781355,4,0.0
Seymour,2040,1,1.0,0.9138097577620056,8,1.0943196781451332
Seymour,2040,2,1.0,1.2170678274914801,12,0.8216468937981194
Seymour,2040,3,0.0,0.912641523527058,11,0.0
Seymour,2040,4,2.0,0.7006428938413208,12,2.854521208421694
Seymour,2046,0,0.0,0.16962473422004792,2,0.0
Seymour,2046,1,0.0,0.3214906797258524,4,0.0
Seymour,2046,2,1.0,0.44272941585362213,4,2.2587159655337334
Seymour,2046,3,1.0,0.6055996016643417,4,1.6512560398846792
Seymour,2046,4,0.0,0.46055556853613583,5,0.0
Seymour,2200,0,2.0,0.871283959750569,5,2.295462894292877
Seymour,2200,1,1.0,1.3395649191212846,10,0.746511039312653
Seymour,2200,2,1.0,1.1664981159885652,12,0.8572667081871246
Seymour,2200,3,0.0,0.7627022000410839,12,0.0
Seymour,2200,4,1.0,0.8599508050984974,12,1.1628572170305271
Seymour,2221,0,1.0,0.4188830210522837,3,2.3873013460604864
Seymour,2221,1,2.0,1.1436861649404284,6,1.7487314801120941
Seymour,2221,2,0.0,0.40643201853831357,6,0.0
Seymour,2221,3,0.0,0.5907982738444134,7,0.0
Seymour,2221,4,0.0,0.44020052162456097,8,0.0
Seymour,2234,0,0.0,0.025385320052174854,1,0.0
Seymour,2234,1,1.0,0.08159567159627631,2,12.25555204628815
Seymour,2234,2,0.0,0.36290321683583004,4,0.0
Seymour,2234,3,0.0,0.20877748099114227,3,0.0
Seymour,2234,4,0.0,0.3213383105245765,3,0.0
Seymour,2246,0,0.0,0.22591513779247246,2,0.0
Seymour,2246,1,0.0,0.4414907238467134,4,0.0
Seymour,2246,2,1.0,0.6841332751643762,5,1.4617034959448958
Seymour,2246,3,1.0,0.2590901113383072,4,3.8596610068774444
Seymour,2246,4,0.0,0.38937075185813086,5,0.0
Springsure,1000,0,1.0,0.13649754816424567,1,7.32613891933585
Springsure,1000,1,0.0,0.25068071454164076,2,0.0
Springsure,1000,2,0.0,0.304844524233482,2,0.0
Springsure,1000,3,0.0,0.1211272360180197,2,0.0
Springsure,1000,4,0.0,0.18684997704261186,2,0.0
Springsure,1400,0,0.0,0.08774912749447095,1,0.0
Springsure,1400,1,1.0,0.3674494713830971,2,2.7214626169850047
Springsure,1400,2,0.0,0.055840353860117875,1,0.0
Springsure,1400,3,0.0,0.40949592830753107,2,0.0
Springsure,1400,4,0.0,0.07946511895478313,2,0.0
St Arnaud,1100,0,4.0,1.5458630031170275,13,2.5875514142809104
St Arnaud,1100,1,4.0,3.351287879379376,26,1.1935709923973343
St Arnaud,1100,2,2.0,3.3120211038520453,25,0.6038608865365925
St Arnaud,1100,3,2.0,2.8166617155077995,26,0.7100604197474355
St Arnaud,1100,4,1.0,1.974166298143752,35,0.506542939640024
St Arnaud,1200,0,4.0,2.134885348770235,14,1.873636915586185
St Arnaud,1200,1,5.0,3.3138870059635024,28,1.5088021984461917
St Arnaud,1200,2,3.0,3.183134238772868,28,0.9424673215027626
St Arnaud,1200,3,1.0,2.113145601999128,28,0.4732281576120246
St Arnaud,1200,4,1.0,3.254947804494266,40,0.3072245885538475
St Arnaud,1550,0,1.0,0.5398470563004881,5,1.8523764987307496
St Arnaud,1550,1,1.0,0.85480519659413,10,1.169857183817297
St Arnaud,1550,2,2.0,0.6775686318839553,9,2.951730505054627
St Arnaud,1550,3,1.0,1.8961321053331537,10,0.5273894140536681
St Arnaud,1550,4,0.0,1.0316470098882728,14,0.0
St Arnaud,2000,0,3.0,1.919429478718343,16,1.5629644294111729
St Arnaud,2000,1,6.0,3.1583277972538513,32,1.899739477712531
St Arnaud,2000,2,2.0,3.441963157255396,31,0.5810637443297881
St Arnaud,2000,3,2.0,3.517520666687191,32,0.5685823025692709
St Arnaud,2000,4,3.0,3.962758900085219,43,0.7570483281068362
Stawell,1100,0,11.0,3.8448936802608413,32,2.8609373664797277
Stawell,1100,1,7.0,8.793171256483932,64,0.7960722924437894
Stawell,1100,2,7.0,6.83863998867739,75,1.023595336439668
Stawell,1100,3,7.0,7.246601869114979,72,0.9659699989637907
Stawell,1100,4,0.0,5.276693205462857,88,0.0
Stawell,1102,0,1.0,1.141790242577442,5,0.8758176087953168
Stawell,1102,1,1.0,1.2004842197224215,10,0.8329972052704051
Stawell,1102,2,3.0,1.3901665182836873,13,2.158014856884791
Stawell,1102,3,0.0,0.6101823511579036,11,0.0
Stawell,1102,4,0.0,0.6573766682585455,14,0.0
Stawell,1107,0,0.0,0.647578590949681,5,0.0
Stawell,1107,1,0.0,1.5440158940299273,10,0.0
Stawell,1107,2,3.0,1.352404058928689,9,2.21827195814279
Stawell,1107,3,0.0,0.5253957909788127,10,0.0
Stawell,1107,4,2.0,0.9306056651128899,13,2.149138002246509
Stawell,1300,0,16.0,8.298415411488852,52,1.9280789411733457
Stawell,1300,1,15.0,10.309326906380367,105,1.4549931471002835
Stawell,1300,2,11.0,15.024890276418839,144,0.7321184912254703
Stawell,1300,3,5.0,10.309647971753487,124,0.48498261179228114
Stawell,1300,4,5.0,8.057719433958454,147,0.6205229706718255
Stawell,1302,0,0.0,0.06066219897157897,3,0.0
Stawell,1302,1,0.0,0.46000554657902093,6,0.0
Stawell,1302,2,0.0,0.95178483933725,7,0.0
Stawell,1302,3,0.0,0.6006495066513166,6,0.0
Stawell,1302,4,3.0,0.9268979084608335,9,3.236602405308768
Stawell,1307,0,2.0,0.4074303975443788,5,4.908813903072003
Stawell,1307,1,0.0,0.6480827185213857,10,0.0
Stawell,1307,2,2.0,1.3802261320721716,13,1.4490379174297654
Stawell,1307,3,1.0,1.0647318450743883,10,0.9392036169728109
Stawell,1307,4,0.0,1.4995289067876754,13,0.0
Stawell,1600,0,8.0,4.235261901770516,41,1.8889032568813904
Stawell,1600,1,14.0,10.539250103289087,82,1.328367755086378
Stawell,1600,2,9.0,10.719892634250913,98,0.8395606473934526
Stawell,1600,3,6.0,8.064274605568182,97,0.7440222826560431
Stawell,1600,4,4.0,7.441320755121301,111,0.5375389842249578
Stawell,1602,0,0.0,0.6509767471058572,4,0.0
Stawell,1602,1,0.0,0.7783289261303236,8,0.0
Stawell,1602,2,3.0,1.2331585256765014,9,2.4327772443970437
Stawell,1602,3,1.0,0.46626443832141545,8,2.1447057030556946
Stawell,1602,4,0.0,0.8712713627659023,9,0.0
Stawell,1607,0,0.0,0.32895863006823695,4,0.0
Stawell,1607,1,2.0,1.0074474710882388,8,1.9852151674365828
Stawell,1607,2,0.0,0.9698274667471781,7,0.0
Stawell,1607,3,2.0,0.6819280163415833,8,2.9328608769142925
Stawell,1607,4,0.0,1.0118384157547629,11,0.0
Stawell,1850,0,1.0,0.43053854307137335,5,2.3226724206065406
Stawell,1850,1,3.0,2.257556439003387,10,1.3288704318392897
Stawell,1850,2,0.0,0.8877020212252809,12,0.0
Stawell,1850,3,1.0,0.8641478060795016,12,1.1572094414459464
Stawell,1850,4,0.0,0.560055190620457,14,0.0
Stawell,1857,0,0.0,0.09179250095179343,2,0.0
Stawell,1857,1,0.0,0.48259890515830567,4,0.0
Stawell,1857,2,2.0,0.7397001811487784,3,2.7037981752200397
Stawell,1857,3,0.0,0.30611715649680044,4,0.0
Stawell,1857,4,0.0,0.3797912562443219,4,0.0
Stawell,2000,0,3.0,1.915987686727853,20,1.5657720666897585
Stawell,2000,1,6.0,3.5058713114549147,40,1.7114147859323556
Stawell,2000,2,6.0,6.903127990076346,56,0.8691711943665762
Stawell,2000,3,4.0,4.514513979792935,47,0.8860311470745442
Stawell,2000,4,1.0,3.1604990319479525,60,0.3164057289344135
Stawell,2004,0,0.0,0.1957554004445234,3,0.0
Stawell,2004,1,1.0,0.5288635372906756,6,1.8908469377997164
Stawell,2004,2,1.0,1.0917991268145717,8,0.9159193989443787
Stawell,2004,3,0.0,0.6589804593457336,7,0.0
Stawell,2004,4,1.0,0.5246014761044959,8,1.906208894846512
Stawell,2700,0,2.0,2.047108123562203,9,0.9769879651103971
Stawell,2700,1,2.0,1.6432876209613145,18,1.217072394685241
Stawell,2700,2,2.0,2.62402131107683,27,0.7621889317580474
Stawell,2700,3,2.0,1.3743727776534156,23,1.455209265287378
Stawell,2700,4,1.0,1.311210166746237,28,0.7626542451859538
Stawell,3600,0,0.0,0.5396968238953144,2,0.0
Stawell,3600,1,1.0,0.3420234777330576,4,2.923775895818707
Stawell,3600,2,1.0,0.5494463523525004,4,1.8200139025737756
Stawell,3600,3,0.0,0.26036979563576323,4,0.0
Stawell,3600,4,0.0,0.30846355038336454,5,0.0
Stony Creek,1000,0,8.0,4.346270195370606,23,1.8406586890343664
Stony Creek,1000,1,5.0,5.734189944879512,46,0.8719627441823539
Stony Creek,1000,2,6.0,5.070417610966137,42,1.1833344825529541
Stony Creek,1000,3,3.0,3.9228331049886647,48,0.7647534115547515
Stony Creek,1000,4,1.0,3.9262891437950795,57,0.2546934174678277
Stony Creek,1009,0,1.0,0.3452225259453768,1,2.8966823565801327
Stony Creek,1009,1,0.0,0.10604874980021378,2,0.0
Stony Creek,1009,2,0.0,0.2839455275900724,2,0.0
Stony Creek,1009,3,0.0,0.13261192222613272,2,0.0
Stony Creek,1009,4,0.0,0.13217127443820437,3,0.0
Stony Creek,1100,0,17.0,9.449011073095217,60,1.799130074935059
Stony Creek,1100,1,13.0,17.053872733225045,120,0.7622901966820049
Stony Creek,1100,2,17.0,14.684720334633445,125,1.1576659011956831
Stony Creek,1100,3,5.0,10.980715772984965,128,0.4553437228838148
Stony Creek,1100,4,8.0,7.8316800860613265,154,1.0214921845745775
Stony Creek,1109,0,0.0,0.008130741667469386,1,0.0
Stony Creek,1109,1,1.0,0.2957315295182838,2,3.381445331949884
Stony Creek,1109,2,0.0,0.5137547814127282,2,0.0
Stony Creek,1109,3,0.0,0.08123747481088765,2,0.0
Stony Creek,1109,4,0.0,0.10114547259063088,2,0.0
Stony Creek,1600,0,11.0,6.002158665751686,41,1.8326739782415271
Stony Creek,1600,1,12.0,11.998900272944377,82,1.00009165232068
Stony Creek,1600,2,9.0,9.16114062537655,90,0.9824104189678972
Stony Creek,1600,3,5.0,8.267117922581567,91,0.6048056949015496
Stony Creek,1600,4,4.0,5.570682513345818,109,0.7180448698013401
Stony Creek,1612,0,0.0,0.08475206555065717,2,0.0
Stony Creek,1612,1,1.0,0.36234882001662694,4,2.759771647535967
Stony Creek,1612,2,1.0,0.8708192089654557,8,1.1483439842674263
Stony Creek,1612,3,0.0,0.5127444103462321,6,0.0
Stony Creek,1612,4,0.0,0.1693354951210281,6,0.0
Stony Creek,1700,0,3.0,1.4603111924099972,14,2.054356643702091
Stony Creek,1700,1,1.0,3.0369925788060215,28,0.3292731128085749
Stony Creek,1700,2,3.0,3.9824014950888196,34,0.7533143013580279
Stony Creek,1700,3,5.0,3.3238768663577223,33,1.5042675168286124
Stony Creek,1700,4,2.0,2.1964178673374395,39,0.9105735432868506
Stony Creek,2100,0,13.0,7.009347397666622,53,1.8546662424418623
Stony Creek,2100,1,16.0,13.850268146724272,106,1.1552122912352538
Stony Creek,2100,2,14.0,14.281227463401459,120,0.9803078927128525
Stony Creek,2100,3,7.0,9.52997727032472,118,0.7345243122244599
Stony Creek,2100,4,3.0,8.329179721882927,132,0.36017952549615634
Stony Creek,2114,0,1.0,0.2461775549009746,2,4.062108750743958
Stony Creek,2114,1,1.0,0.37481597434081176,4,2.6679759360808952
Stony Creek,2114,2,0.0,0.19918087354806513,3,0.0
Stony Creek,2114,3,0.0,0.6297212040724987,4,0.0
Stony Creek,2114,4,0.0,0.5501043931376497,4,0.0
Strathalbyn,1100,0,11.0,8.461517616588372,61,1.3000032025502213
Strathalbyn,1100,1,15.0,15.299806582338665,122,0.9804045508206132
Strathalbyn,1100,2,11.0,12.36982716272912,115,0.8892606060934728
Strathalbyn,1100,3,13.0,13.641960983655716,122,0.9529421771235937
Strathalbyn,1100,4,11.0,11.226887654688127,147,0.9797906898450718
Strathalbyn,1200,0,20.0,15.353285884002982,130,1.3026527448979868
Strathalbyn,1200,1,28.0,29.044243976138727,260,0.9640464397353009
Strathalbyn,1200,2,34.0,31.625745215420395,360,1.0750734810644698
Strathalbyn,1200,3,37.0,28.556892152936374,314,1.2956591985516694
Strathalbyn,1200,4,11.0,25.419832771501525,371,0.43273298053841763
Strathalbyn,1350,0,26.0,17.196307540978605,157,1.511952489686655
Strathalbyn,1350,1,26.0,30.149763697492173,312,0.8623616510189317
Strathalbyn,1350,2,41.0,43.002049333604944,465,0.9534429320316045
Strathalbyn,1350,3,39.0,34.30587378523292,393,1.1368315596376877
Strathalbyn,1350,4,24.0,31.34600564269136,471,0.7656477917337402
Strathalbyn,1550,0,1.0,0.3371131364478881,2,2.9663631934870707
Strathalbyn,1550,1,1.0,0.5623953270880183,4,1.7781086574417675
Strathalbyn,1550,2,0.0,0.42537951780789757,7,0.0
Strathalbyn,1550,3,0.0,0.43004668411483654,5,0.0
Strathalbyn,1550,4,0.0,0.24506533454135943,6,0.0
Strathalbyn,1600,0,16.0,10.36828239152825,118,1.543167845531805
Strathalbyn,1600,1,26.0,25.244612972780406,236,1.02992270184669
Strathalbyn,1600,2,36.0,33.41549293288361,343,1.0773445740365848
Strathalbyn,1600,3,25.0,24.099206478802014,290,1.0373785552644788
Strathalbyn,1600,4,15.0,24.872405224005725,325,0.6030779840110789
Strathalbyn,2050,0,10.0,8.463742769215807,89,1.1815103876232915
Strathalbyn,2050,1,18.0,18.20133439538989,178,0.988938481596114
Strathalbyn,2050,2,20.0,21.52635191903463,243,0.9290937951411563
Strathalbyn,2050,3,23.0,20.682319154182547,218,1.1120609748132986
Strathalbyn,2050,4,18.0,20.126251762177123,242,0.8943543096199886
Strathalbyn,2065,0,1.0,0.6852504459938829,6,1.4593204657453471
Strathalbyn,2065,1,2.0,1.196030251157109,12,1.6721985067393437
Strathalbyn,2065,2,1.0,1.5664315398607511,16,0.6383936830644354
Strathalbyn,2065,3,1.0,1.4959901496822492,14,0.6684535992515738
Strathalbyn,2065,4,1.0,1.0562976133060076,16,0.9467028869545516
Sunshine Coast,1000,0,145.0,94.94329042538473,602,1.5272274570466302
Sunshine Coast,1000,1,174.0,148.88230775427087,1201,1.168708375256956
Sunshine Coast,1000,2,129.0,142.91779231748166,1379,0.9026167974483942
Sunshine Coast,1000,3,75.0,110.40061971513096,1336,0.679344012683299
Sunshine Coast,1000,4,77.0,102.8559897877318,1583,0.7486195034329854
Sunshine Coast,1100,0,0.0,0.8648705344614612,5,0.0
Sunshine Coast,1100,1,3.0,1.003796089032876,10,2.9886548002895683
Sunshine Coast,1100,2,1.0,1.0507155442325269,13,0.9517323746556248
Sunshine Coast,1100,3,0.0,1.5383073861566963,13,0.0
Sunshine Coast,1100,4,1.0,0.5423104461164396,14,1.8439622676663132
Sunshine Coast,1200,0,78.0,53.20140604565594,432,1.466126664642333
Sunshine Coast,1200,1,101.0,98.99946406489649,867,1.0202075430811637
Sunshine Coast,1200,2,115.0,113.48207185648334,1126,1.0133759290668956
Sunshine Coast,1200,3,88.0,86.12164480971772,1019,1.0218104890406172
Sunshine Coast,1200,4,51.0,81.19541322324649,1208,0.6281142982766241
Sunshine Coast,1300,0,12.0,8.037274741531368,72,1.4930433991501952
Sunshine Coast,1300,1,12.0,14.9913775985748,144,0.8004601259020262
Sunshine Coast,1300,2,33.0,21.305291649399113,202,1.5489109721213659
Sunshine Coast,1300,3,11.0,14.735947514339147,186,0.7464738856660694
Sunshine Coast,1300,4,4.0,12.930108496155574,207,0.30935548616543274
Sunshine Coast,1400,0,65.0,41.564097055449956,406,1.5638496828954231
Sunshine Coast,1400,1,84.0,79.7320469573908,813,1.0535287027672826
Sunshine Coast,1400,2,121.0,115.1182934137286,1170,1.0510927187317909
Sunshine Coast,1400,3,83.0,90.48497275903328,1013,0.9172793831859108
Sunshine Coast,1400,4,53.0,79.10058981439735,1192,0.6700329305300995
Sunshine Coast,1600,0,33.0,27.14268140384284,262,1.2157973454799453
Sunshine Coast,1600,1,52.0,54.23308007355169,523,0.9588243914872039
Sunshine Coast,1600,2,71.0,71.65477136753236,671,0.9908621386261369
Sunshine Coast,1600,3,59.0,56.82067918018023,618,1.0383543606177088
Sunshine Coast,1600,4,46.0,51.148787974892876,724,0.8993370482714031
Sunshine Coast,1784,0,1.0,0.026381939236762776,1,37.904719248481825
Sunshine Coast,1784,1,0.0,0.1310641212082766,2,0.0
Sunshine Coast,1784,2,0.0,0.3176823859496325,3,0.0
Sunshine Coast,1784,3,0.0,0.2959385804223675,2,0.0
Sunshine Coast,1784,4,0.0,0.22893297318296052,3,0.0
Sunshine Coast,1800,0,25.0,18.007984665257638,174,1.3882730613510508
Sunshine Coast,1800,1,30.0,39.25439501898857,349,0.7642456337815949
Sunshine Coast,1800,2,46.0,43.21145817773566,431,1.0645324629128372
Sunshine Coast,1800,3,40.0,36.50234666095227,402,1.0958199584135033
Sunshine Coast,1800,4,33.0,37.02381547706587,471,0.8913181846544587
Sunshine Coast,2200,0,6.0,7.918647523509539,61,0.7577051487879339
Sunshine Coast,2200,1,20.0,13.577893264006395,122,1.472982561515486
Sunshine Coast,2200,2,16.0,14.526259285527678,139,1.1014535597571626
Sunshine Coast,2200,3,10.0,12.021520810650443,137,0.8318415080345342
Sunshine Coast,2200,4,9.0,12.955679116305944,154,0.6946760504953114
Sunshine Coast,2240,0,0.0,0.1067906139164893,1,0.0
Sunshine Coast,2240,1,0.0,0.06959296867271215,2,0.0
Sunshine Coast,2240,2,0.0,0.39301220303750684,4,0.0
Sunshine Coast,2240,3,1.0,0.3191583120458714,3,3.1332412857737943
Sunshine Coast,2240,4,0.0,0.11144590232742042,4,0.0
Sunshine Coast,2265,0,1.0,0.28550583251379613,1,3.502555416102325
Sunshine Coast,2265,1,0.0,0.2699009794131646,2,0.0
Sunshine Coast,2265,2,0.0,0.10019401603069411,2,0.0
Sunshine Coast,2265,3,0.0,0.06541960804266736,2,0.0
Sunshine Coast,2265,4,0.0,0.2789795639996778,3,0.0
Sunshine Coast,2400,0,1.0,1.3413205461613924,13,0.7455339462754166
Sunshine Coast,2400,1,3.0,2.8493452244575943,26,1.0528734722101232
Sunshine Coast,2400,2,4.0,3.11903257965782,43,1.2824489317898784
Sunshine Coast,2400,3,3.0,3.121257016667139,37,0.9611512233630101
Sunshine Coast,2400,4,2.0,2.5690446330560546,38,0.7784995146701141
Sunshine Coast Poly,1000,0,12.0,6.794123367554993,44,1.7662322791054132
Sunshine Coast Poly,1000,1,14.0,12.489065215169456,88,1.1209806145455414
Sunshine Coast Poly,1000,2,9.0,7.897611427904698,81,1.139585060895782
Sunshine Coast Poly,1000,3,7.0,8.61102737012649,92,0.8129111311717008
Sunshine Coast Poly,1000,4,2.0,8.208172619244364,106,0.24365959303912862
Sunshine Coast Poly,1100,0,5.0,5.999878616306935,42,0.8333501925206641
Sunshine Coast Poly,1100,1,17.0,10.68686972722852,85,1.5907370852183762
Sunshine Coast Poly,1100,2,8.0,9.26408144261978,77,0.8635502666455066
Sunshine Coast Poly,1100,3,8.0,8.646836147097412,86,0.9251938933392946
Sunshine Coast Poly,1100,4,4.0,7.402334066747352,102,0.5403701000159851
Sunshine Coast Poly,1400,0,12.0,8.08260467938246,54,1.4846699147132907
Sunshine Coast Poly,1400,1,13.0,12.541563627250808,108,1.036553366579673
Sunshine Coast Poly,1400,2,12.0,11.918107273147577,109,1.0068712862684945
Sunshine Coast Poly,1400,3,12.0,12.151546589520313,120,0.9875286171678748
Sunshine Coast Poly,1400,4,5.0,9.306177830698843,127,0.5372775043591154
Sunshine Coast Poly,1600,0,6.0,3.1856852954685193,22,1.8834252110635992
Sunshine Coast Poly,1600,1,6.0,5.209476099458918,44,1.151747293863809
Sunshine Coast Poly,1600,2,3.0,5.2354841530592156,41,0.5730129081275186
Sunshine Coast Poly,1600,3,4.0,4.419377475250719,47,0.9051048529800169
Sunshine Coast Poly,1600,4,3.0,3.949976976762628,53,0.7594980977480982
Sunshine Coast Poly,2000,0,0.0,1.1448866234028876,11,0.0
Sunshine Coast Poly,2000,1,5.0,3.673820290463682,22,1.3609811054119192
Sunshine Coast Poly,2000,2,3.0,2.3576449658263394,19,1.2724562194412166
Sunshine Coast Poly,2000,3,2.0,2.316334283022984,22,0.8634332335615459
Sunshine Coast Poly,2000,4,1.0,1.507313837284107,23,0.6634318449579218
Sunshine Coast Poly,2150,0,0.0,0.40860625349332447,6,0.0
Sunshine Coast Poly,2150,1,0.0,1.3515049532935093,12,0.0
Sunshine Coast Poly,2150,2,0.0,0.731093425719388,11,0.0
Sunshine Coast Poly,2150,3,3.0,1.7598616472750799,12,1.7046794585501168
Sunshine Coast Poly,2150,4,3.0,1.7489337202186983,16,1.7153308700714285
Surat,1200,0,0.0,0.14785892594252065,1,0.0
Surat,1200,1,0.0,0.25091211675094416,2,0.0
Surat,1200,2,0.0,0.20277795557831402,2,0.0
Surat,1200,3,1.0,0.275235230109454,2,3.6332558139534887
Surat,1200,4,0.0,0.1232157716187672,2,0.0
Surat,1400,0,1.0,0.09484272712757465,1,10.543771043771043
Surat,1400,1,0.0,0.17387833306722017,2,0.0
Surat,1400,2,0.0,0.18681143222098034,2,0.0
Surat,1400,3,0.0,0.1185534089094683,2,0.0
Surat,1400,4,0.0,0.4259140986747565,3,0.0
Swan Hill,975,0,18.0,15.970517975619758,115,1.1270767815720444
Swan Hill,975,1,36.0,26.125385050636844,230,1.3779701210230564
Swan Hill,975,2,22.0,27.17269957107658,279,0.8096361549375626
Swan Hill,975,3,21.0,24.665246963830345,269,0.8514003541417954
Swan Hill,975,4,18.0,21.066150438836473,310,0.8544513176368533
Swan Hill,1200,0,21.0,12.508893891991269,114,1.6788055108090014
Swan Hill,1200,1,31.0,25.276372958837804,228,1.226441786188352
Swan Hill,1200,2,29.0,29.866851349898788,329,0.9709761387384505
Swan Hill,1200,3,18.0,23.30275350278857,285,0.7724409047989113
Swan Hill,1200,4,15.0,23.045128296483572,339,0.6508967885541705
Swan Hill,1300,0,12.0,7.8836021268901195,78,1.5221468317216682
Swan Hill,1300,1,14.0,15.818318758109513,156,0.8850498092803116
Swan Hill,1300,2,26.0,24.227701996630802,238,1.0731517171383262
Swan Hill,1300,3,16.0,16.726407747959882,202,0.9565712041159297
Swan Hill,1300,4,10.0,13.343969370409686,237,0.7494021997813519
Swan Hill,1600,0,16.0,12.20744485819049,134,1.3106755906634242
Swan Hill,1600,1,33.0,26.914498979932954,268,1.2261049341696573
Swan Hill,1600,2,42.0,39.251869078700324,421,1.070012740432555
Swan Hill,1600,3,26.0,26.947556600976476,351,0.9648370123121983
Swan Hill,1600,4,17.0,28.678630482199758,418,0.5927758653102893
Swan Hill,2100,0,0.0,0.14713553812564997,3,0.0
Swan Hill,2100,1,1.0,0.4587202341942694,6,2.1799779592379984
Swan Hill,2100,2,1.0,0.4676318963186441,8,2.1384341142516945
Swan Hill,2100,3,1.0,0.9858360521340311,8,1.0143674476453852
Swan Hill,2100,4,0.0,0.9406762792274052,9,0.0
Swan Hill,2400,0,10.0,4.972909604748143,47,2.0108951890965368
Swan Hill,2400,1,11.0,10.395070744790827,94,1.0581938564980249
Swan Hill,2400,2,10.0,12.537245423643242,117,0.7976233743611334
Swan Hill,2400,3,10.0,9.462953800326243,108,1.056752490924688
Swan Hill,2400,4,6.0,9.631820426491544,124,0.6229352016880926
Swifts Creek,1200,1,1.0,1.0,8,1.0
Tamworth,1000,0,54.0,27.22726900006563,221,1.9833057806814864
Tamworth,1000,1,67.0,58.22963556419747,443,1.1506168525841676
Tamworth,1000,2,54.0,58.48433548287547,533,0.9233241611475861
Tamworth,1000,3,26.0,42.993648130879045,512,0.60474049377834
Tamworth,1000,4,20.0,34.065111821982384,596,0.5871109451956621
Tamworth,1200,0,54.0,26.59066297767253,240,2.030788026810101
Tamworth,1200,1,63.0,50.73383303104122,480,1.2417748913521631
Tamworth,1200,2,58.0,69.3580232636235,652,0.8362406722513892
Tamworth,1200,3,43.0,52.114986400136935,588,0.8250985555258058
Tamworth,1200,4,22.0,41.20249432752582,685,0.5339482562661901
Tamworth,1400,0,35.0,19.265385509734063,185,1.8167298018674911
Tamworth,1400,1,46.0,39.86174921228576,368,1.1539884954627726
Tamworth,1400,2,49.0,51.77471935761731,500,0.9464078339381847
Tamworth,1400,3,30.0,40.13771119656581,444,0.7474267741147832
Tamworth,1400,4,24.0,32.96043472379706,539,0.7281457359745402
Tamworth,1600,0,17.0,12.06645335799037,126,1.4088646842315642
Tamworth,1600,1,22.0,26.857178956000098,252,0.819147835148376
Tamworth,1600,2,36.0,37.052612092509804,333,0.9715914200628627
Tamworth,1600,3,26.0,26.92540095412427,301,0.9656309313387393
Tamworth,1600,4,25.0,23.098354639375454,355,1.0823281740329174
Tamworth,2100,0,6.0,4.790565297275996,50,1.2524617926430752
Tamworth,2100,1,9.0,11.306937912725749,101,0.7959714707436986
Tamworth,2100,2,14.0,11.276328471385437,105,1.2415388604124198
Tamworth,2100,3,13.0,12.493206141498089,108,1.040565556412178
Tamworth,2100,4,8.0,10.13296217711473,130,0.7895026015263317
Taree,1000,0,35.0,20.220159410166847,143,1.7309457996855226
Taree,1000,1,41.0,37.15826507493189,286,1.103388436390155
Taree,1000,2,34.0,38.48690598270502,372,0.8834173371919969
Taree,1000,3,21.0,25.380816047255898,338,0.8273965644327839
Taree,1000,4,12.0,21.753853484940343,394,0.551626405331235
Taree,1005,0,5.0,2.631516858715169,17,1.900044829065331
Taree,1005,1,3.0,3.7974744485063683,34,0.789998732231093
Taree,1005,2,5.0,4.072132811910556,36,1.2278577912231965
Taree,1005,3,4.0,3.5609590903508352,38,1.1232928822009884
Taree,1005,4,0.0,2.9379167905170713,44,0.0
Taree,1007,0,29.0,10.366541456695964,66,2.7974614408422878
Taree,1007,1,18.0,18.251293637999957,132,0.9862314615618942
Taree,1007,2,10.0,16.156312285060757,157,0.6189531264041418
Taree,1007,3,6.0,10.817969356925595,156,0.5546327413248623
Taree,1007,4,3.0,10.407883263317727,178,0.28824304847590004
Taree,1008,0,1.0,0.42051844242288866,2,2.3780169883592492
Taree,1008,1,1.0,0.7010637623454017,4,1.4264037791006487
Taree,1008,2,0.0,0.5494332724657001,4,0.0
Taree,1008,3,0.0,0.031207985526014954,4,0.0
Taree,1008,4,0.0,0.2977765372399946,6,0.0
Taree,1012,0,1.0,0.17867380536204786,3,5.5967913034241015
Taree,1012,1,1.0,0.45896210768456924,3,2.1788291086707092
Taree,1012,2,0.0,0.7706574987867917,4,0.0
Taree,1012,3,0.0,0.4854257354722237,4,0.0
Taree,1012,4,0.0,0.10628085269436757,4,0.0
Taree,1250,0,24.0,15.925911874364738,128,1.5069780738038479
Taree,1250,1,51.0,32.20325202245844,257,1.5836909876192866
Taree,1250,2,26.0,33.047872510996804,345,0.7867374818560076
Taree,1250,3,19.0,26.680401242062274,306,0.7121332182233473
Taree,1250,4,8.0,20.142562350117743,370,0.3971689331746433
Taree,1255,0,3.0,0.7886707371278459,3,3.803868786770633
Taree,1255,1,0.0,0.6857345485541563,6,0.0
Taree,1255,2,0.0,0.7137617881332934,7,0.0
Taree,1255,3,0.0,0.25164117625210924,7,0.0
Taree,1255,4,0.0,0.5601917499325952,9,0.0
Taree,1257,0,5.0,2.15720008156425,13,2.317819307875397
Taree,1257,1,2.0,2.971924269989865,26,0.67296465801493
Taree,1257,2,5.0,3.0874291573642463,35,1.6194703571007683
Taree,1257,3,1.0,2.3279775565842864,33,0.42955740581418883
Taree,1257,4,0.0,2.4554689344973526,38,0.0
Taree,1258,0,1.0,0.8450960053408292,6,1.1832975113835709
Taree,1258,1,1.0,0.7015781812927188,12,1.4253578954770416
Taree,1258,2,2.0,2.0890727415884003,14,0.9573625466384311
Taree,1258,3,2.0,1.3029618270896393,13,1.5349643853091999
Taree,1258,4,0.0,1.0612912446884124,16,0.0
Taree,1262,0,20.0,6.534937379626061,39,3.060473090737471
Taree,1262,1,6.0,10.229644749081839,78,0.5865306320181383
Taree,1262,2,10.0,9.750029458733403,91,1.0256379267698204
Taree,1262,3,3.0,7.1952211669892225,82,0.41694340318038114
Taree,1262,4,0.0,5.290167245569474,105,0.0
Taree,1263,0,0.0,0.015902022182307806,1,0.0
Taree,1263,1,0.0,0.15887769409545174,2,0.0
Taree,1263,2,1.0,0.4638524284653502,2,2.155858067421329
Taree,1263,3,0.0,0.11467052471217454,2,0.0
Taree,1263,4,0.0,0.24669733054471576,3,0.0
Taree,1270,0,2.0,0.5299410244097219,2,3.7740048569134883
Taree,1270,1,0.0,0.5551669022618734,4,0.0
Taree,1270,2,0.0,0.22685645765233506,2,0.0
Taree,1270,3,0.0,0.41487688928879757,4,0.0
Taree,1270,4,0.0,0.2731587263872722,4,0.0
Taree,1300,0,12.0,6.528875733364161,52,1.8379887273205475
Taree,1300,1,13.0,12.074147198449616,104,1.0766805958493921
Taree,1300,2,14.0,16.031014982772838,142,0.8733071496124608
Taree,1300,3,9.0,8.528270348510826,128,1.0553136371399794
Taree,1300,4,4.0,8.83769173690256,145,0.4526068705584794
Taree,1308,0,1.0,1.051674255815749,8,0.9508647705979386
Taree,1308,1,3.0,2.148051316250436,16,1.3966146792231648
Taree,1308,2,3.0,2.2353530878014554,21,1.342069857496473
Taree,1308,3,1.0,1.3093037666383602,19,0.7637647011185966
Taree,1308,4,0.0,1.2556175734939992,21,0.0
Taree,1312,0,8.0,2.7276707154360134,16,2.9329053374102796
Taree,1312,1,2.0,3.2925533216733065,32,0.6074313168552062
Taree,1312,2,3.0,5.211210677492623,42,0.5756819644534985
Taree,1312,3,2.0,2.603594276676112,36,0.7681688417879406
Taree,1312,4,1.0,2.1649710087219445,44,0.46189994968585457
Taree,1313,0,0.0,0.12467679429035995,1,0.0
Taree,1313,1,0.0,0.2572136473511991,2,0.0
Taree,1313,2,1.0,0.40339138858530055,3,2.4789820216713463
Taree,1313,3,0.0,0.02130898626647444,2,0.0
Taree,1313,4,0.0,0.19340918350666592,3,0.0
Taree,1400,0,10.0,8.660664445331607,78,1.1546458199740484
Taree,1400,1,17.0,16.418088139286496,156,1.0354433388209836
Taree,1400,2,24.0,22.03964824970716,225,1.0889465987878861
Taree,1400,3,16.0,15.445150946032427,192,1.0359238349891364
Taree,1400,4,11.0,15.43644821964231,237,0.7125991577520343
Taree,1405,0,0.0,0.1891102801465145,2,0.0
Taree,1405,1,2.0,0.4539500326698313,4,4.405771243670441
Taree,1405,2,0.0,0.5802241276347356,4,0.0
Taree,1405,3,0.0,0.4185879534436387,4,0.0
Taree,1405,4,0.0,0.3581276061052799,5,0.0
Taree,1408,0,1.0,0.5812580741370428,6,1.7204062093840795
Taree,1408,1,0.0,1.223638922894957,12,0.0
Taree,1408,2,2.0,1.4572738359021018,13,1.3724256558561847
Taree,1408,3,1.0,1.2233759477160187,13,0.8174102179031308
Taree,1408,4,2.0,1.5144532193498796,17,1.3206086358075522
Taree,1412,0,6.0,2.9866710812553356,34,2.0089256020378796
Taree,1412,1,9.0,6.94562018682815,68,1.295780615396711
Taree,1412,2,12.0,10.978761645651238,89,1.09301944857809
Taree,1412,3,5.0,8.232698828436051,86,0.6073342538329972
Taree,1412,4,2.0,4.8562482578292245,96,0.4118405595874568
Taree,1413,0,0.0,0.057709570457574105,1,0.0
Taree,1413,1,1.0,0.18537013540917746,2,5.394612232400037
Taree,1413,2,0.0,0.5144946334162295,3,0.0
Taree,1413,3,0.0,0.21842762151683964,2,0.0
Taree,1413,4,0.0,0.023998039200179334,3,0.0
Taree,1600,0,14.0,9.67091780711824,91,1.447639229204839
Taree,1600,1,26.0,24.188400363544993,182,1.0748953882533432
Taree,1600,2,26.0,23.534262772469134,239,1.1047722315064543
Taree,1600,3,13.0,18.254592518614253,215,0.7121495583505284
Taree,1600,4,12.0,15.351826538253377,252,0.7816659450977145
Taree,1605,0,0.0,0.26377297797703675,3,0.0
Taree,1605,1,1.0,0.5726138731025078,6,1.7463775276380402
Taree,1605,2,1.0,0.7823684905372258,6,1.2781700849344457
Taree,1605,3,1.0,0.8159786944185746,6,1.2255221941947267
Taree,1605,4,0.0,0.5652659639646553,8,0.0
Taree,1609,0,0.0,0.8974480340308899,10,0.0
Taree,1609,1,5.0,2.3096450829006687,20,2.1648347778700834
Taree,1609,2,0.0,2.859415519077317,20,0.0
Taree,1609,3,3.0,1.9128267582013536,20,1.5683594905483882
Taree,1609,4,2.0,2.0206646057897704,25,0.9897733618283012
Taree,1614,0,14.0,5.274896761323566,45,2.654080379856979
Taree,1614,1,13.0,10.363420149524803,90,1.254412135418064
Taree,1614,2,10.0,11.187699525080728,102,0.8938388073063521
Taree,1614,3,6.0,9.72687527388631,105,0.6168476341120738
Taree,1614,4,2.0,8.447108290184593,117,0.23676741569940196
Taree,1615,0,1.0,0.18903721928780506,2,5.2899635519792625
Taree,1615,1,1.0,0.523887155935586,4,1.9088080107903123
Taree,1615,2,0.0,0.914450972955299,6,0.0
Taree,1615,3,0.0,0.21044557457116267,4,0.0
Taree,1615,4,0.0,0.16217907725014719,6,0.0
Taree,1624,0,1.0,0.40362363712672744,1,2.4775555939158878
Taree,1624,1,0.0,0.09540195059359012,2,0.0
Taree,1624,2,0.0,0.23602927113388275,2,0.0
Taree,1624,3,0.0,0.11081631108613274,2,0.0
Taree,1624,4,0.0,0.154128830059667,2,0.0
Taree,1900,0,0.0,0.10931890172895245,1,0.0
Taree,1900,1,0.0,0.14085320030461182,2,0.0
Taree,1900,2,0.0,0.06478157139493479,2,0.0
Taree,1900,3,0.0,0.16105016772568886,2,0.0
Taree,1900,4,1.0,0.523996158845812,3,1.908410936069961
Taree,2000,0,4.0,3.6777899536298193,36,1.087609692351292
Taree,2000,1,7.0,8.927143487583622,72,0.7841254046981543
Taree,2000,2,10.0,8.902767592257412,78,1.1232462148845526
Taree,2000,3,9.0,8.164782203209155,79,1.1022951716290195
Taree,2000,4,6.0,6.327516763319992,96,0.9482392895079195
Taree,2005,0,0.0,0.07539551028239522,1,0.0
Taree,2005,1,0.0,0.35087910554499313,2,0.0
Taree,2005,2,0.0,0.2961966475379812,1,0.0
Taree,2005,3,1.0,0.16269557481990546,2,6.146448673277941
Taree,2005,4,0.0,0.11483316181472503,2,0.0
Taree,2012,0,0.0,0.07471404058719866,1,0.0
Taree,2012,1,0.0,0.19213703381226854,2,0.0
Taree,2012,2,0.0,0.2668358592399952,2,0.0
Taree,2012,3,0.0,0.31563975117635373,2,0.0
Taree,2012,4,1.0,0.15067331518418395,2,6.6368752740164645
Taree,2018,0,3.0,0.9868942125567645,13,3.039839490220382
Taree,2018,1,3.0,2.609174747061846,26,1.1497888377841525
Taree,2018,2,3.0,3.4329580400855293,28,0.8738819306761051
Taree,2018,3,3.0,4.4560834360114026,28,0.6732369451962666
Taree,2018,4,1.0,1.5148895642844573,33,0.660114125528576
Tatura,1000,0,6.0,3.2050400511237265,24,1.8720514889966278
Tatura,1000,1,5.0,5.2458874467902685,48,0.9531275786443499
Tatura,1000,2,6.0,6.0037200652652585,59,0.9993803732977523
Tatura,1000,3,3.0,4.67095147429078,57,0.6422674302039306
Tatura,1000,4,4.0,4.874400962529966,68,0.8206136570931325
Tatura,1100,0,10.0,5.056257446714347,28,1.9777473962482255
Tatura,1100,1,6.0,6.759513627407286,56,0.8876378288035778
Tatura,1100,2,5.0,6.349927952218527,58,0.7874105088472867
Tatura,1100,3,4.0,5.28830389940503,62,0.7563861828080695
Tatura,1100,4,3.0,4.545997074254809,73,0.6599212342193966
Tatura,1450,0,2.0,4.618247877587279,40,0.43306467149720523
Tatura,1450,1,20.0,11.147782842483902,80,1.7940787224326378
Tatura,1450,2,4.0,8.11861112567907,82,0.49269510980123776
Tatura,1450,3,8.0,7.677663899907951,80,1.0419836169301333
Tatura,1450,4,6.0,8.437694254341796,105,0.7110947397640738
Tatura,1600,0,4.0,2.1749040831897344,24,1.8391615662119514
Tatura,1600,1,8.0,6.583992657943074,48,1.2150681836421284
Tatura,1600,2,6.0,5.102767486718617,54,1.175832529233731
Tatura,1600,3,5.0,5.424467034824835,56,0.9217495410885943
Tatura,1600,4,1.0,4.71386873732374,66,0.2121399758296498
Tatura,1980,0,4.0,3.6761507177616455,28,1.0880946694251812
Tatura,1980,1,6.0,6.44243378460941,56,0.9313250551885597
Tatura,1980,2,9.0,5.789711612323087,62,1.5544815705231307
Tatura,1980,3,5.0,5.9340346772098655,59,0.8425970308537123
Tatura,1980,4,4.0,6.157669208095993,79,0.6495964406046482
Tennant Creek,1600,0,0.0,0.03870184653962058,1,0.0
Tennant Creek,1600,1,0.0,0.2914366322756277,2,0.0
Tennant Creek,1600,2,0.0,0.24114227459302057,2,0.0
Tennant Creek,1600,3,1.0,0.3865658122203038,2,2.5868816340905494
Tennant Creek,1600,4,0.0,0.04215343437142735,2,0.0
Terang,1000,0,10.0,5.007225815255744,28,1.997113844862467
Terang,1000,1,7.0,6.562670756615848,56,1.0666389126626958
Terang,1000,2,4.0,7.004708171667377,71,0.571044489216437
Terang,1000,3,3.0,4.983150613615634,65,0.6020287630486216
Terang,1000,4,4.0,4.442244642845397,80,0.9004456804157176
Terang,1125,0,1.0,0.44139788055380075,3,2.2655296820758357
Terang,1125,1,1.0,0.6341095554659321,6,1.5770145574690455
Terang,1125,2,0.0,0.37467026008056853,6,0.0
Terang,1125,3,1.0,0.9598664400636554,7,1.0418116086376383
Terang,1125,4,0.0,0.5899558638360431,8,0.0
Terang,1200,0,9.0,5.677629607769312,44,1.585168568883805
Terang,1200,1,14.0,9.78041667511895,88,1.4314318566422153
Terang,1200,2,9.0,11.540740200269395,120,0.7798459928757354
Terang,1200,3,7.0,9.725451182311295,104,0.719760951834465
Terang,1200,4,5.0,7.27576233453105,130,0.6872132114967261
Terang,1206,0,0.0,0.594713257998375,6,0.0
Terang,1206,1,0.0,1.653997473145136,12,0.0
Terang,1206,2,3.0,1.3749551614837277,16,2.1818893328584408
Terang,1206,3,3.0,1.1550926825926062,14,2.5971941864149795
Terang,1206,4,0.0,1.221241424780155,17,0.0
Terang,1400,0,12.0,5.689585547539053,56,2.1091167185614115
Terang,1400,1,10.0,11.819916120986806,112,0.84602969239727
Terang,1400,2,15.0,17.314395414376847,175,0.8663311447505057
Terang,1400,3,7.0,10.17029096166714,143,0.6882792268563123
Terang,1400,4,12.0,11.005811955430152,172,1.0903330030165859
Terang,1406,0,0.0,0.994051282055453,8,0.0
Terang,1406,1,1.0,1.5377070009559681,16,0.650318948524209
Terang,1406,2,2.0,1.810275604996161,23,1.1048041494235576
Terang,1406,3,2.0,2.169284847826241,20,0.921962831208693
Terang,1406,4,3.0,1.488681264166177,26,2.0152063925385164
Terang,1600,0,7.0,4.26663792600191,32,1.640636051477518
Terang,1600,1,1.0,5.535824016085794,64,0.18064158056582666
Terang,1600,2,9.0,8.450384968886333,89,1.065040235816156
Terang,1600,3,8.0,7.751737911303417,80,1.0320266360314598
Terang,1600,4,7.0,5.995415177722546,91,1.1675588416312248
Terang,1606,0,1.0,0.3677087697653273,5,2.719543514391029
Terang,1606,1,0.0,0.8418698260513212,10,0.0
Terang,1606,2,2.0,1.1539327272719022,15,1.7332032905664683
Terang,1606,3,1.0,1.0816490028485928,13,0.9245143270750819
Terang,1606,4,1.0,1.5548396740628567,15,0.6431531280565802
Terang,1850,0,5.0,2.7809986920217584,23,1.7979152648809948
Terang,1850,1,4.0,4.839086587082445,46,0.8266022787601446
Terang,1850,2,6.0,5.782414585051863,52,1.0376288160849998
Terang,1850,3,3.0,5.326510742246006,53,0.5632204918327084
Terang,1850,4,5.0,4.270989393597927,59,1.1706889292431482
Terang,1856,0,0.0,0.08584059257533255,2,0.0
Terang,1856,1,1.0,0.2385328180619259,4,4.192295249454473
Terang,1856,2,0.0,0.23180920468830213,4,0.0
Terang,1856,3,1.0,0.7922319857957187,4,1.2622565333506433
Terang,1856,4,0.0,0.6515853988787207,5,0.0
Terang,2150,0,4.0,2.5177474146281806,24,1.588721718771268
Terang,2150,1,7.0,5.810574385369028,48,1.2047001786305214
Terang,2150,2,4.0,5.0185198335820465,53,0.7970477616195726
Terang,2150,3,7.0,5.6942572116752,54,1.2293087122316102
Terang,2150,4,2.0,4.9589011547455435,62,0.40331515744895424
Terang,2156,0,3.0,0.5492205607811703,4,5.462286400445431
Terang,2156,1,0.0,0.7153063828961795,8,0.0
Terang,2156,2,0.0,0.6714642080093782,8,0.0
Terang,2156,3,0.0,1.0218582564123226,8,0.0
Terang,2156,4,1.0,1.0421505919009493,10,0.9595542215985658
Terang,3006,0,0.0,0.04817916283956738,1,0.0
Terang,3006,1,0.0,0.1944199550950219,2,0.0
Terang,3006,2,1.0,0.3760835818261459,2,2.6589833971063253
Terang,3006,3,0.0,0.3301002641826117,2,0.0
Terang,3006,4,0.0,0.05121703605665318,2,0.0
Terang,3200,0,5.0,1.616363125198521,9,3.0933643078413473
Terang,3200,1,2.0,2.8615170232620404,15,0.6989299674758049
Terang,3200,2,1.0,1.8311572056218852,12,0.5461027578243272
Terang,3200,3,0.0,0.9881645014010431,16,0.0
Terang,3200,4,0.0,0.70279814451651,17,0.0
Texas,900,0,1.0,0.1450384650255154,2,6.89472271941156
Texas,900,1,1.0,0.48887339799388047,4,2.0455193596206223
Texas,900,2,0.0,0.28578823379772156,3,0.0
Texas,900,3,0.0,0.6799538428286609,4,0.0
Texas,900,4,0.0,0.4003460603542219,5,0.0
Texas,1200,0,1.0,0.30649570601263404,3,3.262688450058674
Texas,1200,1,0.0,0.87157204264806,6,0.0
Texas,1200,2,1.0,0.5844419833187369,5,1.7110338212212768
Texas,1200,3,1.0,0.8518970741770514,6,1.1738507271738416
Texas,1200,4,0.0,0.3855931938435178,7,0.0
Thangool,800,0,2.0,1.1625591652554341,8,1.7203425509621832
Thangool,800,1,2.0,2.311761222575256,17,0.8651412526818144
Thangool,800,2,4.0,2.4217165872207063,15,1.6517209408845888
Thangool,800,3,1.0,2.069156979549489,18,0.48328860974952553
Thangool,800,4,0.0,1.0348060453991146,18,0.0
Thangool,1075,0,6.0,2.5035798025109814,13,2.396568303507746
Thangool,1075,1,5.0,3.544597586866016,26,1.4105973604808522
Thangool,1075,2,0.0,2.312406789422244,21,0.0
Thangool,1075,3,2.0,2.3976783274181974,26,0.8341402502284723
Thangool,1075,4,0.0,2.241737493782562,30,0.0
Thangool,1200,0,4.0,2.605225286285508,19,1.5353758544632972
Thangool,1200,1,9.0,5.271386034623168,38,1.7073308501572066
Thangool,1200,2,2.0,3.7225163973491444,36,0.5372709711699934
Thangool,1200,3,4.0,4.458074055478515,40,0.8972484418657001
Thangool,1200,4,0.0,2.942798226263664,47,0.0
Thangool,1300,0,0.0,0.6201488272473097,5,0.0
Thangool,1300,1,3.0,1.5449788593381946,10,1.941774142647542
Thangool,1300,2,0.0,1.2612287970842857,12,0.0
Thangool,1300,3,1.0,0.7542944602864776,10,1.3257422036749476
Thangool,1300,4,1.0,0.8193490560437321,14,1.2204810545929594
Thangool,1400,0,7.0,3.2391097946212666,16,2.1610875962352107
Thangool,1400,1,4.0,4.041241697125709,32,0.9897947957047357
Thangool,1400,2,3.0,3.3580609837825484,29,0.8933726976633922
Thangool,1400,3,1.0,2.4605300389270126,33,0.40641649733163987
Thangool,1400,4,1.0,2.9010574855434643,37,0.34470189059789236
Thangool,1600,0,0.0,0.2541509560109918,2,0.0
Thangool,1600,1,1.0,0.8193812541431302,4,1.2204330950257731
Thangool,1600,2,0.0,0.31167658659023123,4,0.0
Thangool,1600,3,1.0,0.3735320159895418,5,2.677146689423265
Thangool,1600,4,0.0,0.24125918726610496,5,0.0
Toodyay,1100,0,2.0,1.123911502331321,6,1.7794995387549777
Toodyay,1100,1,2.0,1.935750852761664,12,1.033190814379172
Toodyay,1100,2,0.0,0.7755943948964016,9,0.0
Toodyay,1100,3,0.0,1.3888944842886015,12,0.0
Toodyay,1100,4,2.0,0.7758487657220119,13,2.577821978151608
Toodyay,1350,0,1.0,0.7696093552644211,6,1.2993605043384922
Toodyay,1350,1,3.0,1.8301235682377959,12,1.639233575298232
Toodyay,1350,2,0.0,1.381035208282104,10,0.0
Toodyay,1350,3,0.0,0.642659624974513,12,0.0
Toodyay,1350,4,2.0,1.3765722432411662,15,1.4528841546964226
Toodyay,1850,0,0.0,0.31550271946539,4,0.0
Toodyay,1850,1,1.0,0.7038105344162527,8,1.4208369313900788
Toodyay,1850,2,1.0,1.1727848469761228,6,0.8526713169754652
Toodyay,1850,3,1.0,0.6941022275000066,8,1.440709970924262
Toodyay,1850,4,1.0,1.1137996716422278,10,0.8978275227227915
Toowoomba,870,0,5.0,3.605061698672032,20,1.3869388149006745
Toowoomba,870,1,6.0,6.234122935521665,41,0.9624449280286652
Toowoomba,870,2,4.0,2.36310679935169,32,1.6926869327689236
Toowoomba,870,3,2.0,3.2784813725250586,42,0.6100385430769176
Toowoomba,870,4,3.0,4.519227193929556,43,0.6638303124104371
Toowoomba,1000,0,63.0,38.47562916785484,217,1.6374001247687064
Toowoomba,1000,1,60.0,58.031245884847635,434,1.033925759909739
Toowoomba,1000,2,41.0,45.47066974661478,455,0.901680143012461
Toowoomba,1000,3,33.0,40.192034670519156,454,0.8210582089342565
Toowoomba,1000,4,20.0,34.83042053016359,545,0.5742106955808858
Toowoomba,1010,0,0.0,0.10360253771525262,1,0.0
Toowoomba,1010,1,0.0,0.19733816707667165,2,0.0
Toowoomba,1010,2,0.0,0.13813671695367016,1,0.0
Toowoomba,1010,3,1.0,0.45691375607752444,2,2.18859683408247
Toowoomba,1010,4,0.0,0.10400882217688107,2,0.0
Toowoomba,1015,0,0.0,0.4233349032830136,1,0.0
Toowoomba,1015,1,1.0,0.09280803648896838,2,10.77492895907635
Toowoomba,1015,2,0.0,0.23128541057413426,2,0.0
Toowoomba,1015,3,0.0,0.14724189395608642,2,0.0
Toowoomba,1015,4,0.0,0.10532975569779743,2,0.0
Toowoomba,1050,0,19.0,10.268209580465859,59,1.8503712698020318
Toowoomba,1050,1,15.0,15.010893602425725,118,0.9992742868802984
Toowoomba,1050,2,9.0,13.254059953099604,130,0.6790372181691583
Toowoomba,1050,3,9.0,10.02899262939378,126,0.8973982066376313
Toowoomba,1050,4,7.0,10.437844234615032,151,0.6706365646639844
Toowoomba,1100,0,19.0,15.196310977434987,100,1.250303447212492
Toowoomba,1100,1,36.0,27.442506939772446,200,1.3118335026391184
Toowoomba,1100,2,19.0,21.404633467473012,243,0.8876582740308471
Toowoomba,1100,3,19.0,19.640219040810102,227,0.967402652715848
Toowoomba,1100,4,7.0,16.316329574509453,276,0.42901805629961687
Toowoomba,1110,0,5.0,2.536571994049604,21,1.9711642372971112
Toowoomba,1110,1,5.0,6.355860976345707,42,0.7866754824575698
Toowoomba,1110,2,7.0,4.711942077474033,43,1.4855870222735301
Toowoomba,1110,3,2.0,4.3911781809850075,46,0.4554586303649764
Toowoomba,1110,4,2.0,3.0044467711456493,52,0.6656799578570547
Toowoomba,1125,0,1.0,0.7351862173905239,3,1.3601996016048945
Toowoomba,1125,1,0.0,0.7031171704923478,6,0.0
Toowoomba,1125,2,2.0,0.8639816840581988,6,2.3148638876299117
Toowoomba,1125,3,0.0,0.18141174825923378,6,0.0
Toowoomba,1125,4,0.0,0.5163031797996958,8,0.0
Toowoomba,1200,0,48.0,34.87657213767628,251,1.376282044305232
Toowoomba,1200,1,70.0,60.77559634518831,503,1.1517780854410653
Toowoomba,1200,2,46.0,58.80637089709338,613,0.7822281718505714
Toowoomba,1200,3,51.0,54.5777874767572,571,0.9344460880118884
Toowoomba,1200,4,36.0,41.963673143284836,671,0.857884863345449
Toowoomba,1210,0,8.0,10.122938656031605,60,0.7902843504078054
Toowoomba,1210,1,9.0,13.240427344408465,120,0.6797363684640262
Toowoomba,1210,2,20.0,13.53207602622439,128,1.4779698223126403
Toowoomba,1210,3,9.0,11.675711902935388,126,0.7708309416008553
Toowoomba,1210,4,14.0,11.428846070400152,156,1.2249705625364002
Toowoomba,1220,0,0.0,0.020095351144680886,1,0.0
Toowoomba,1220,1,0.0,0.33206045391498445,2,0.0
Toowoomba,1220,2,1.0,0.1549231344658304,2,6.454813888500032
Toowoomba,1220,3,0.0,0.2206900170353347,2,0.0
Toowoomba,1220,4,0.0,0.2722310434391696,3,0.0
Toowoomba,1225,0,0.0,0.2344679552932334,2,0.0
Toowoomba,1225,1,2.0,0.6815528936208333,4,2.9344751063629926
Toowoomba,1225,2,0.0,0.29494763398943674,5,0.0
Toowoomba,1225,3,0.0,0.29468182904861084,4,0.0
Toowoomba,1225,4,0.0,0.49434968804788565,6,0.0
Toowoomba,1300,0,54.0,38.63606540523367,264,1.397657847237341
Toowoomba,1300,1,58.0,65.206476509685,531,0.889482197238266
Toowoomba,1300,2,55.0,61.07834524290466,530,0.9004828107452573
Toowoomba,1300,3,49.0,51.969135718124036,548,0.9428673254404621
Toowoomba,1300,4,48.0,47.109977124052634,656,1.0188924497586511
Toowoomba,1625,0,26.0,26.787180227831218,196,0.9706135464376591
Toowoomba,1625,1,39.0,45.17131695252831,392,0.8633797425252422
Toowoomba,1625,2,43.0,38.009737349840705,378,1.131289059017405
Toowoomba,1625,3,56.0,45.214855925517554,413,1.2385309839812122
Toowoomba,1625,4,32.0,40.81690954428222,466,0.7839888016333828
Toowoomba,1640,0,3.0,3.429263125422315,30,0.8748235088057144
Toowoomba,1640,1,4.0,6.856992054192545,58,0.5833461623386738
Toowoomba,1640,2,10.0,7.306484579087174,49,1.368647246395658
Toowoomba,1640,3,5.0,6.417672092466307,59,0.7790987024515463
Toowoomba,1640,4,7.0,4.989588148831659,56,1.402921401767216
Toowoomba,1650,0,4.0,2.5066305899010612,17,1.595767647660393
Toowoomba,1650,1,2.0,4.437437808134848,34,0.4507105420911
Toowoomba,1650,2,2.0,3.144891927611578,25,0.6359519010622796
Toowoomba,1650,3,4.0,3.513173452791752,35,1.1385717368498813
Toowoomba,1650,4,5.0,3.3978662215607605,35,1.4715117294121494
Toowoomba,1850,0,13.0,5.757271937230751,47,2.258013889518132
Toowoomba,1850,1,12.0,12.453430592393023,94,0.9635899048837199
Toowoomba,1850,2,9.0,9.581184165347594,82,0.9393410923620933
Toowoomba,1850,3,6.0,9.805318716876613,97,0.6119127968449394
Toowoomba,1850,4,7.0,9.40279458815202,107,0.7444595257691093
Toowoomba,1870,0,2.0,0.41540319153871325,4,4.814599504138887
Toowoomba,1870,1,0.0,1.0384922728476014,8,0.0
Toowoomba,1870,2,1.0,0.5354530681744265,6,1.8675773087068108
Toowoomba,1870,3,0.0,0.8092834724840483,8,0.0
Toowoomba,1870,4,1.0,1.2013679949552105,8,0.8323844185954713
Toowoomba,1875,0,0.0,0.2941385105896358,4,0.0
Toowoomba,1875,1,3.0,1.1109324818531257,8,2.700434138891822
Toowoomba,1875,2,0.0,0.7033114162829636,6,0.0
Toowoomba,1875,3,1.0,0.9519767163123624,8,1.0504458595097406
Toowoomba,1875,4,0.0,0.9396408749619125,8,0.0
Toowoomba,1880,0,1.0,1.4590821105087624,10,0.6853623883109042
Toowoomba,1880,1,6.0,3.5236090541818874,20,1.7027995750206977
Toowoomba,1880,2,2.0,0.8729593603339925,10,2.2910573972593684
Toowoomba,1880,3,1.0,2.3953701376596914,20,0.4174720158184043
Toowoomba,1880,4,0.0,1.7489793373156661,20,0.0
Toowoomba,1890,0,10.0,7.326327766040233,51,1.3649402974233633
Toowoomba,1890,1,16.0,11.19704934710219,102,1.4289478865376992
Toowoomba,1890,2,10.0,10.041112514945874,106,0.9959055816888139
Toowoomba,1890,3,11.0,10.844996116446982,109,1.0142926638136778
Toowoomba,1890,4,4.0,11.59051425546472,129,0.34510979511664647
Toowoomba,1905,0,1.0,0.13810949106038856,1,7.240631996556621
Toowoomba,1905,1,0.0,0.15421655329323786,2,0.0
Toowoomba,1905,2,0.0,0.19670139635873524,2,0.0
Toowoomba,1905,3,0.0,0.10027751826166825,2,0.0
Toowoomba,1905,4,0.0,0.41069504102597015,3,0.0
Toowoomba,1920,0,0.0,0.24583647740650047,2,0.0
Toowoomba,1920,1,0.0,0.3987833559759302,4,0.0
Toowoomba,1920,2,2.0,0.4629403867568066,4,4.32021067336829
Toowoomba,1920,3,0.0,0.5298987201331999,5,0.0
Toowoomba,1920,4,0.0,0.36254105972756284,5,0.0
Toowoomba,2000,0,2.0,2.4341072786244875,28,0.8216564724009201
Toowoomba,2000,1,3.0,7.256744490571881,56,0.4134085200185379
Toowoomba,2000,2,11.0,5.745919997843266,63,1.9144018719593827
Toowoomba,2000,3,7.0,5.957719396375345,63,1.1749462393711887
Toowoomba,2000,4,5.0,6.60550883658502,77,0.7569439574900256
Toowoomba,2010,0,0.0,0.387031955043153,2,0.0
Toowoomba,2010,1,0.0,0.3647577211652451,4,0.0
Toowoomba,2010,2,2.0,0.5847263105953775,6,3.4204036380089833
Toowoomba,2010,3,0.0,0.42615358091955446,6,0.0
Toowoomba,2010,4,0.0,0.23733043227666997,5,0.0
Toowoomba,2020,0,0.0,0.252531339447338,2,0.0
Toowoomba,2020,1,0.0,0.629940571488586,4,0.0
Toowoomba,2020,2,1.0,0.42324823750957374,5,2.362679655523386
Toowoomba,2020,3,1.0,0.36237624312010797,4,2.7595627996743555
Toowoomba,2020,4,0.0,0.33190360843439437,5,0.0
Toowoomba,2030,0,2.0,0.25450311734281084,2,7.8584499116607605
Toowoomba,2030,1,0.0,0.4450189681390555,4,0.0
Toowoomba,2030,2,0.0,0.37639759715599813,3,0.0
Toowoomba,2030,3,0.0,0.16796034306098098,4,0.0
Toowoomba,2030,4,0.0,0.7561199743011546,4,0.0
Toowoomba,2150,0,4.0,2.7252973531981755,19,1.4677297489413192
Toowoomba,2150,1,5.0,3.642592401124959,38,1.3726487757608636
Toowoomba,2150,2,5.0,4.199437715559198,38,1.1906355894920562
Toowoomba,2150,3,3.0,4.115000872425408,41,0.7290399426408337
Toowoomba,2150,4,2.0,4.31767165769226,45,0.4632126198009634
Toowoomba,2170,0,0.0,0.048194936577415734,2,0.0
Toowoomba,2170,1,2.0,0.5788057859580347,4,3.455390475562742
Toowoomba,2170,2,0.0,0.4569016090550166,5,0.0
Toowoomba,2170,3,0.0,0.6316763389271813,4,0.0
Toowoomba,2170,4,0.0,0.2844213294823517,5,0.0
Toowoomba,2175,0,0.0,0.13928631410311126,2,0.0
Toowoomba,2175,1,1.0,0.4852294143133419,4,2.0608808338940467
Toowoomba,2175,2,0.0,0.3025140004269573,6,0.0
Toowoomba,2175,3,1.0,0.6154997156543383,4,1.6246961201873167
Toowoomba,2175,4,0.0,0.45747055550225124,6,0.0
Toowoomba,2180,0,0.0,0.2530464197584336,1,0.0
Toowoomba,2180,1,0.0,0.17496352451868838,2,0.0
Toowoomba,2180,2,1.0,0.11134042469371079,1,8.981463855117541
Toowoomba,2180,3,0.0,0.3375478938678109,2,0.0
Toowoomba,2180,4,0.0,0.12310173716135629,2,0.0
Townsville,1000,0,91.0,55.38782122679144,363,1.6429604556458475
Townsville,1000,1,97.0,90.62952928288979,727,1.0702913362511848
Townsville,1000,2,79.0,88.29070683025043,964,0.8947714072771789
Townsville,1000,3,64.0,70.03740665463192,865,0.9137973985187151
Townsville,1000,4,32.0,58.654536005436405,999,0.5455673538536572
Townsville,1200,0,70.0,47.48550788696943,321,1.4741339645481355
Townsville,1200,1,95.0,76.54439645808426,643,1.241109792432971
Townsville,1200,2,86.0,79.20074187534598,831,1.085848414593835
Townsville,1200,3,41.0,61.53406193521623,760,0.6662976359851763
Townsville,1200,4,29.0,56.2352918443841,894,0.5156903974153744
Townsville,1300,0,20.0,10.32792973934398,89,1.9364965200925524
Townsville,1300,1,24.0,20.150320479000584,178,1.1910480542982587
Townsville,1300,2,24.0,25.541252803707835,266,0.9396563349670893
Townsville,1300,3,14.0,17.06343050799378,228,0.8204680760671987
Townsville,1300,4,7.0,15.917066469953822,259,0.43977952930043324
Townsville,1400,0,30.0,23.35276210089959,200,1.284644611647217
Townsville,1400,1,51.0,44.37506094140438,400,1.1492941962906509
Townsville,1400,2,57.0,51.59250791121513,563,1.1048115764810378
Townsville,1400,3,37.0,41.14740055579655,491,0.8992062560507897
Townsville,1400,4,25.0,39.53226849068435,568,0.6323947740537876
Townsville,1609,0,20.0,12.384568296498736,118,1.6149129724331397
Townsville,1609,1,26.0,28.83060210205666,236,0.9018195287064527
Townsville,1609,2,29.0,28.617282707485995,274,1.0133736419500756
Townsville,1609,3,33.0,27.202037632710127,264,1.21314441386986
Townsville,1609,4,10.0,20.965509261248478,316,0.47697386576168044
Townsville,1900,0,1.0,0.9375325288984337,5,1.0666296572930256
Townsville,1900,1,0.0,0.7173927950073141,10,0.0
Townsville,1900,2,1.0,1.112175049047433,9,0.8991390346838749
Townsville,1900,3,3.0,0.9897735697723632,10,3.030996271894759
Townsville,1900,4,0.0,1.243126057274456,13,0.0
Townsville,2000,0,2.0,1.5326551885059627,18,1.3049249531133005
Townsville,2000,1,2.0,2.651259097581949,36,0.7543585618712548
Townsville,2000,2,8.0,6.648862771524599,70,1.2032132824671884
Townsville,2000,3,4.0,3.6919476609371134,53,1.0834389778387852
Townsville,2000,4,2.0,3.4752752814503753,61,0.5754939790454003
Towong,940,0,0.0,0.2961715167077201,3,0.0
Towong,940,1,1.0,1.3099591594554583,6,0.7633825778321927
Towong,940,2,0.0,0.41234213352192095,6,0.0
Towong,940,3,1.0,0.43097903214310507,6,2.3202984957930703
Towong,940,4,1.0,0.5505481581717957,8,1.8163715292785616
Towong,950,0,2.0,1.2207067990029483,5,1.6383950688515576
Towong,950,1,1.0,1.0524090778019493,10,0.9502008497385729
Towong,950,2,1.0,1.0024470389694615,10,0.9975589344131565
Towong,950,3,1.0,1.0294969513207297,10,0.9713481897319963
Towong,950,4,0.0,0.6949401329049112,13,0.0
Towong,1200,0,5.0,1.4876148858399916,9,3.361084947181553
Towong,1200,1,2.0,2.668825862417088,18,0.7493932175060124
Towong,1200,2,1.0,1.4716237103971113,17,0.6795215332118795
Towong,1200,3,0.0,2.1075623591639667,18,0.0
Towong,1200,4,1.0,1.2643731821818427,21,0.7909057342345462
Towong,1400,0,3.0,1.5118084084123,11,1.9843784326815577
Towong,1400,1,3.0,2.7219936167090353,22,1.1021333707707521
Towong,1400,2,4.0,2.5208358796826285,21,1.5867752566674818
Towong,1400,3,1.0,2.23667883991792,22,0.447091456383026
Towong,1400,4,0.0,2.008683255278116,29,0.0
Towong,1600,0,0.0,0.20044204489479042,3,0.0
Towong,1600,1,0.0,0.6536304713828719,6,0.0
Towong,1600,2,1.0,0.8525819773755006,6,1.1729077397088497
Towong,1600,3,1.0,0.43195797096220323,6,2.3150400437627323
Towong,1600,4,1.0,0.861387535384634,9,1.1609176577572273
Traralgon,1100,0,10.0,5.2968329251066315,29,1.8879206011200906
Traralgon,1100,1,12.0,6.93251223757925,58,1.7309742253250253
Traralgon,1100,2,4.0,8.32296160058295,64,0.4805981562764672
Traralgon,1100,3,1.0,4.366132589644183,65,0.22903564641436938
Traralgon,1100,4,2.0,4.081560647086986,78,0.4900086444697084
Traralgon,1365,0,1.0,0.46422513976057844,2,2.154127198961574
Traralgon,1365,1,1.0,0.6042255045836209,4,1.6550112373841486
Traralgon,1365,2,0.0,0.2356812835130373,2,0.0
Traralgon,1365,3,0.0,0.6092349869344259,4,0.0
Traralgon,1365,4,0.0,0.08663308520833754,4,0.0
Traralgon,1430,0,6.0,3.7411897320243668,22,1.6037678999919058
Traralgon,1430,1,3.0,6.049069391091503,44,0.495944054538061
Traralgon,1430,2,7.0,4.199361289893271,40,1.6669201616081737
Traralgon,1430,3,2.0,3.855458846102822,45,0.5187450002278307
Traralgon,1430,4,4.0,4.154920740888038,56,0.9627139118771911
Traralgon,1900,0,5.0,3.3473624300288685,21,1.4937133652291361
Traralgon,1900,1,6.0,4.782298347804166,42,1.2546268684292674
Traralgon,1900,2,6.0,5.660344468455536,52,1.0600061592430154
Traralgon,1900,3,3.0,4.4729508719363595,49,0.6706981779796046
Traralgon,1900,4,1.0,2.7370438817750693,53,0.36535767901224325
Tullibigeal,1600,1,1.0,0.9999999999999999,3,1.0000000000000002
Tumut,1000,0,2.0,1.2642986899643411,9,1.5819046684738785
Tumut,1000,1,3.0,2.242511481770914,18,1.3377857925752497
Tumut,1000,2,3.0,2.4082981340887275,15,1.2456929470383722
Tumut,1000,3,0.0,1.7015961496312906,18,0.0
Tumut,1000,4,1.0,1.3832955445447268,21,0.7229113141755417
Tumut,1200,0,1.0,1.6271672170215725,7,0.6145649872607668
Tumut,1200,1,0.0,1.535514636427146,14,0.0
Tumut,1200,2,2.0,1.5387334940892345,14,1.2997702381098721
Tumut,1200,3,4.0,1.6791789952042389,14,2.382116505401784
Tumut,1200,4,0.0,0.619405657257808,18,0.0
Tumut,1400,0,3.0,2.4426392220875655,15,1.2281797380769537
Tumut,1400,1,3.0,3.767973703898041,31,0.7961839003537743
Tumut,1400,2,3.0,3.8700086776569385,23,0.7751920602452816
Tumut,1400,3,5.0,3.334213256006402,30,1.499604139295162
Tumut,1400,4,2.0,2.5851651403510525,33,0.7736449671174237
Tumut,1600,0,3.0,0.5609702923158217,6,5.347876779027407
Tumut,1600,1,2.0,1.9872475533865233,12,1.0064171404270923
Tumut,1600,2,1.0,1.3505544436827175,11,0.7404366441334872
Tumut,1600,3,0.0,0.9899349787211077,12,0.0
Tumut,1600,4,0.0,1.1112927318938297,14,0.0
Tuncurry,1000,0,12.0,6.527321051828171,44,1.838426500660488
Tuncurry,1000,1,13.0,11.406757597014458,88,1.1396753099585941
Tuncurry,1000,2,10.0,10.002471829389183,110,0.999752878145388
Tuncurry,1000,3,6.0,7.0530832265815135,105,0.8506917907032948
Tuncurry,1000,4,3.0,9.010366295186675,119,0.33294983818833157
Tuncurry,1005,0,2.0,1.5740994119034368,10,1.2705677829976154
Tuncurry,1005,1,4.0,2.4445398879492863,20,1.6362997469252107
Tuncurry,1005,2,2.0,2.510368672848905,21,0.7966957290501436
Tuncurry,1005,3,2.0,1.8052984237297431,22,1.1078500782535465
Tuncurry,1005,4,0.0,1.6656936035686278,25,0.0
Tuncurry,1200,0,4.0,2.5608308508481157,28,1.5619930534167257
Tuncurry,1200,1,5.0,6.968863300533793,56,0.7174771242272776
Tuncurry,1200,2,8.0,6.846491702710594,74,1.1684816614665172
Tuncurry,1200,3,7.0,6.511284958103389,68,1.0750566201665614
Tuncurry,1200,4,4.0,5.112529187804108,77,0.7823916212629092
Tuncurry,1205,0,1.0,1.0714881196557002,9,0.9332814630938966
Tuncurry,1205,1,3.0,2.3355520525623543,18,1.2844928875418016
Tuncurry,1205,2,2.0,1.6804825529067078,21,1.190134343579246
Tuncurry,1205,3,2.0,2.4461383779338526,21,0.817615233071693
Tuncurry,1205,4,1.0,1.4663388969413849,25,0.6819705881675004
Tuncurry,1300,0,4.0,2.504226997433821,16,1.5972992880034262
Tuncurry,1300,1,2.0,2.486387615510167,32,0.8043798109047579
Tuncurry,1300,2,4.0,4.945969870069443,42,0.8087392574317964
Tuncurry,1300,3,4.0,3.3433003966171952,37,1.1964225542063955
Tuncurry,1300,4,2.0,2.720115120369374,43,0.7352629986220631
Tuncurry,1305,0,4.0,1.0869666705086871,7,3.6799656406465977
Tuncurry,1305,1,3.0,2.2216073434457,14,1.3503736422418453
Tuncurry,1305,2,0.0,1.915983001696891,17,0.0
Tuncurry,1305,3,0.0,1.0495464820767495,16,0.0
Tuncurry,1305,4,0.0,0.7258965022719723,19,0.0
Tuncurry,1400,0,5.0,4.47800014523406,33,1.116569861062087
Tuncurry,1400,1,7.0,5.864387439844333,66,1.1936455549372453
Tuncurry,1400,2,9.0,9.35322778543746,95,0.9622346644879729
Tuncurry,1400,3,10.0,6.885624239432993,81,1.452301149797199
Tuncurry,1400,4,2.0,6.418760390051154,98,0.31158664266388997
Tuncurry,1405,0,1.0,0.9879600848142378,3,1.012186641313577
Tuncurry,1405,1,0.0,0.42475364686606376,6,0.0
Tuncurry,1405,2,2.0,0.519606005598198,8,3.8490702156097942
Tuncurry,1405,3,0.0,0.6651728326073416,8,0.0
Tuncurry,1405,4,0.0,0.4025074301141591,8,0.0
Tuncurry,1500,0,1.0,0.8508977644792487,3,1.1752293186620395
Tuncurry,1500,1,1.0,0.83177665481858,6,1.2022458122704964
Tuncurry,1500,2,0.0,0.28645167360490925,5,0.0
Tuncurry,1500,3,0.0,0.43424316296229054,6,0.0
Tuncurry,1500,4,1.0,0.5966307441349714,8,1.6760785625451733
Tuncurry,1600,0,5.0,2.5997300159059566,23,1.9232766361923912
Tuncurry,1600,1,7.0,6.324420267660754,46,1.1068208157819224
Tuncurry,1600,2,4.0,6.655703653811844,68,0.6009882963627935
Tuncurry,1600,3,5.0,3.974794914603684,56,1.2579265364433365
Tuncurry,1600,4,2.0,3.445351148017762,67,0.5804923545022904
Tuncurry,1605,0,3.0,1.1494841428834424,9,2.609866363597327
Tuncurry,1605,1,4.0,2.351991590551836,18,1.7006863528204623
Tuncurry,1605,2,1.0,1.6804183934719126,24,0.595089891829796
Tuncurry,1605,3,0.0,2.0578954534546887,21,0.0
Tuncurry,1605,4,1.0,1.7602104196381207,25,0.5681138964088104
Tuncurry,2100,0,2.0,1.304254807677254,19,1.533442689440262
Tuncurry,2100,1,4.0,4.7542868757597105,38,0.8413459483049854
Tuncurry,2100,2,7.0,4.923114789309957,47,1.4218640636208175
Tuncurry,2100,3,3.0,4.419970952795639,46,0.6787374921779735
Tuncurry,2100,4,3.0,3.5983725744574393,51,0.8337102225864809
Tuncurry,2105,0,0.0,0.29484961924243125,3,0.0
Tuncurry,2105,1,1.0,0.7439830184069685,6,1.3441167005951564
Tuncurry,2105,2,0.0,0.40828571215413,5,0.0
Tuncurry,2105,3,2.0,1.0485606112078996,6,1.9073766252730786
Tuncurry,2105,4,0.0,0.5043210389885707,7,0.0
Wagga,1000,0,41.0,30.8661756340455,199,1.3283148675787633
Wagga,1000,1,61.0,49.952856337049866,399,1.22115139099176
Wagga,1000,2,48.0,45.13093818964937,475,1.0635719514248574
Wagga,1000,3,25.0,37.737561032020324,450,0.6624699454950864
Wagga,1000,4,24.0,35.31246880723494,533,0.6796466180547194
Wagga,1200,0,50.0,32.41651483879179,266,1.542423676593593
Wagga,1200,1,48.0,58.80950196995958,532,0.8161946350866708
Wagga,1200,2,84.0,71.1200161973208,758,1.1811020932130274
Wagga,1200,3,52.0,56.11890080764214,660,0.9266040362807455
Wagga,1200,4,32.0,47.53506618628568,780,0.6731872398072374
Wagga,1300,0,11.0,9.315698352880178,91,1.1808025102701054
Wagga,1300,1,22.0,20.58838212217774,182,1.068563807949808
Wagga,1300,2,29.0,25.587113366296485,272,1.1333830270279333
Wagga,1300,3,16.0,17.639730987344553,230,0.907043311005085
Wagga,1300,4,13.0,17.86907517130104,273,0.727513868254295
Wagga,1400,0,26.0,15.940797877108409,148,1.631035046077398
Wagga,1400,1,43.0,32.08297801680838,296,1.3402745835337402
Wagga,1400,2,36.0,37.25117056403764,408,0.9664125839512403
Wagga,1400,3,18.0,33.73557351593325,365,0.5335614048920388
Wagga,1400,4,25.0,28.989480026112325,422,0.8623818011734328
Wagga,1600,0,13.0,15.484008386023042,146,0.8395758821555998
Wagga,1600,1,34.0,30.763745820142322,292,1.105197013353906
Wagga,1600,2,39.0,38.16177067256411,396,1.0219651581324167
Wagga,1600,3,29.0,31.06142612666097,349,0.9336338866652493
Wagga,1600,4,31.0,30.529048994609557,413,1.0154263241371717
Wagga,1800,0,8.0,4.863350275312283,43,1.6449565725525104
Wagga,1800,1,12.0,10.006888272298223,86,1.199173976311822
Wagga,1800,2,9.0,11.20405487816214,112,0.8032806066973065
Wagga,1800,3,9.0,7.834996202357038,101,1.1486923244828744
Wagga,1800,4,5.0,9.090710371870315,120,0.5500120227646527
Wagga,2000,0,4.0,5.265483425728701,51,0.759664341635722
Wagga,2000,1,7.0,10.092116035793165,102,0.6936107328902558
Wagga,2000,2,20.0,13.461545517787552,129,1.4857135069352023
Wagga,2000,3,12.0,11.216674205719679,123,1.0698358336806184
Wagga,2000,4,8.0,10.964180814970902,143,0.7296486746256958
Wagga,2500,0,2.0,0.6575728780368731,4,3.041487973121438
Wagga,2500,1,1.0,0.7523355356670121,8,1.329194159509442
Wagga,2500,2,0.0,0.6253371592976995,11,0.0
Wagga,2500,3,0.0,1.0651844146743246,11,0.0
Wagga,2500,4,1.0,0.8995700123240907,11,1.111642213835522
Wagga,3200,0,0.0,0.3315283270033537,3,0.0
Wagga,3200,1,1.0,0.6258811567908886,6,1.5977474144250474
Wagga,3200,2,1.0,0.6816869314690887,4,1.4669490551108584
Wagga,3200,3,0.0,0.7919334378336405,6,0.0
Wagga,3200,4,1.0,0.5689701469030286,6,1.7575614563314395
Wagga Riverside,1050,0,2.0,1.1720347801338735,8,1.706434001703903
Wagga Riverside,1050,1,2.0,1.7709273180638259,16,1.129351825791824
Wagga Riverside,1050,2,2.0,1.9180216778600048,20,1.0427410821714282
Wagga Riverside,1050,3,1.0,1.3154369302003606,19,0.7602036836898636
Wagga Riverside,1050,4,1.0,1.8235792937419353,23,0.5483720962569316
Wagga Riverside,1065,0,8.0,3.124845225821598,21,2.5601267972869297
Wagga Riverside,1065,1,3.0,5.995291665243814,42,0.5003926693661529
Wagga Riverside,1065,2,4.0,3.997058253469616,43,1.0007359778977027
Wagga Riverside,1065,3,4.0,3.6037381215024977,44,1.1099585666708462
Wagga Riverside,1065,4,2.0,4.279066733962474,52,0.46739163568687153
Wagga Riverside,1100,0,0.0,0.032235161819082835,1,0.0
Wagga Riverside,1100,1,0.0,0.2641329622993939,2,0.0
Wagga Riverside,1100,2,1.0,0.39111996340487176,2,2.5567603128578735
Wagga Riverside,1100,3,0.0,0.10425323066366791,2,0.0
Wagga Riverside,1100,4,0.0,0.20825868181298365,2,0.0
Wagga Riverside,1200,0,13.0,8.01555349420359,51,1.6218468268474395
Wagga Riverside,1200,1,14.0,12.241074314550797,103,1.1436904670498071
Wagga Riverside,1200,2,6.0,9.897331187095018,117,0.6062240301530285
Wagga Riverside,1200,3,15.0,10.965352423757146,116,1.3679450892523553
Wagga Riverside,1200,4,3.0,9.880688580393448,132,0.30362256391249814
Wagga Riverside,1215,0,3.0,0.9110980065815615,4,3.2927302862356114
Wagga Riverside,1215,1,0.0,0.8077401340984849,8,0.0
Wagga Riverside,1215,2,0.0,0.550931324230929,8,0.0
Wagga Riverside,1215,3,0.0,0.826561035047593,9,0.0
Wagga Riverside,1215,4,1.0,0.9036695000414314,11,1.1065992599663395
Wagga Riverside,1660,0,1.0,0.8036200107038649,4,1.2443692126632488
Wagga Riverside,1660,1,1.0,0.6863605287000205,8,1.4569602390947778
Wagga Riverside,1660,2,0.0,0.5131145110291498,7,0.0
Wagga Riverside,1660,3,2.0,1.0763010602085632,8,1.8582161385332507
Wagga Riverside,1660,4,0.0,0.9206038893584017,9,0.0
Wagga Riverside,1665,0,0.0,0.18316190926514794,1,0.0
Wagga Riverside,1665,1,0.0,0.1729434027482502,2,0.0
Wagga Riverside,1665,2,0.0,0.049333101057305775,3,0.0
Wagga Riverside,1665,3,0.0,0.3028346976142848,3,0.0
Wagga Riverside,1665,4,1.0,0.29172688931501134,3,3.42786365133515
Wagga Riverside,1675,0,2.0,2.262684233662774,17,0.8839059247619595
Wagga Riverside,1675,1,4.0,3.7924703865227705,34,1.0547214855558855
Wagga Riverside,1675,2,5.0,3.7333847566651523,32,1.339267267075428
Wagga Riverside,1675,3,3.0,3.4191714767103982,37,0.8774055412062325
Wagga Riverside,1675,4,3.0,3.792289146438905,40,0.7910789193954547
Wagga Riverside,1800,0,2.0,2.37104532164432,20,0.8435098147398549
Wagga Riverside,1800,1,3.0,3.930918425685976,38,0.7631804263342037
Wagga Riverside,1800,2,5.0,5.196209665452984,47,0.9622398482575705
Wagga Riverside,1800,3,5.0,3.301044344303962,44,1.5146721699233245
Wagga Riverside,1800,4,4.0,4.200782242912758,50,0.9522036060661078
Wagga Riverside,1815,0,0.0,0.0831103401863455,1,0.0
Wagga Riverside,1815,1,0.0,0.1358534406892186,2,0.0
Wagga Riverside,1815,2,0.0,0.053200998401876115,2,0.0
Wagga Riverside,1815,3,0.0,0.3121071096613827,2,0.0
Wagga Riverside,1815,4,1.0,0.4157281110611772,3,2.4054182851561925
Walcha,1000,0,4.0,2.8744596048995446,16,1.3915659114436538
Walcha,1000,1,7.0,3.9907764094742073,32,1.7540446473978892
Walcha,1000,2,3.0,3.66755111358301,38,0.8179845098516305
Walcha,1000,3,1.0,2.810772299368482,37,0.3557741052964972
Walcha,1000,4,1.0,2.6564405726747564,43,0.3764435802880036
Walcha,1200,0,3.0,1.4690009233475383,11,2.04220429839053
Walcha,1200,1,0.0,2.8878978137929474,22,0.0
Walcha,1200,2,6.0,2.3278489055281972,25,2.5774868745781325
Walcha,1200,3,2.0,2.638557419934769,25,0.7579899474196186
Walcha,1200,4,0.0,1.6766949373965483,29,0.0
Walcha,1440,0,4.0,1.198904547133435,11,3.336379038317894
Walcha,1440,1,1.0,1.8500061275172928,22,0.5405387501834924
Walcha,1440,2,2.0,3.2951217951548366,29,0.6069578377772894
Walcha,1440,3,4.0,2.6410857238713117,27,1.51452865154895
Walcha,1440,4,0.0,2.014881806323124,31,0.0
Walcha,1700,0,1.0,0.5959210924622159,6,1.6780745180007275
Walcha,1700,1,2.0,1.2614367919239968,12,1.5854936313927512
Walcha,1700,2,2.0,1.3321413451894348,16,1.5013421865647398
Walcha,1700,3,1.0,1.698454589208166,15,0.5887705248959341
Walcha,1700,4,0.0,1.1120461812161866,17,0.0
Wangaratta,1000,0,12.0,5.965499874185005,48,2.011566549842467
Wangaratta,1000,1,12.0,11.319040367601223,96,1.0601605445588749
Wangaratta,1000,2,13.0,12.835041657681371,135,1.0128521859701098
Wangaratta,1000,3,6.0,9.478063862650124,120,0.6330406807706783
Wangaratta,1000,4,5.0,8.402354237882275,142,0.5950713167337488
Wangaratta,1100,0,8.0,5.876806104025153,57,1.3612836391727514
Wangaratta,1100,1,12.0,11.748221656347084,114,1.0214311877165587
Wangaratta,1100,2,20.0,15.090124713784514,167,1.3253700933121129
Wangaratta,1100,3,12.0,13.335719159489503,147,0.8998389855458957
Wangaratta,1100,4,5.0,10.949128366353744,166,0.45665735506077454
Wangaratta,1170,0,15.0,9.67909771336639,92,1.5497312295221162
Wangaratta,1170,1,23.0,20.45717111546303,184,1.1243001229341487
Wangaratta,1170,2,32.0,25.6240923796125,263,1.2488247203425014
Wangaratta,1170,3,11.0,18.60491069501126,227,0.5912417522621891
Wangaratta,1170,4,11.0,17.634728096546823,270,0.623769186560579
Wangaratta,1300,0,9.0,7.430243062089954,78,1.2112658932948164
Wangaratta,1300,1,16.0,15.996239444067422,156,1.0002350900001045
Wangaratta,1300,2,27.0,20.049354645233766,246,1.3466767623075877
Wangaratta,1300,3,20.0,18.493203553639134,209,1.0814783897224964
Wangaratta,1300,4,6.0,16.030959294969723,242,0.3742757928331033
Wangaratta,1400,0,7.0,6.214225413561958,77,1.1264477121674994
Wangaratta,1400,1,20.0,18.04818398780038,154,1.1081447315430155
Wangaratta,1400,2,25.0,21.707967356379797,222,1.1516508934058582
Wangaratta,1400,3,16.0,16.657276460178164,191,0.9605411808017064
Wangaratta,1400,4,9.0,14.372346782079703,224,0.6262025357766718
Wangaratta,1590,0,6.0,9.325242096284521,92,0.6434149310065199
Wangaratta,1590,1,25.0,18.81007493533168,184,1.3290749816759926
Wangaratta,1590,2,27.0,24.77676948895267,266,1.0897304433509223
Wangaratta,1590,3,21.0,20.83372512835469,236,1.0079810437461811
Wangaratta,1590,4,13.0,18.254188351076436,276,0.7121653261145078
Wangaratta,2000,0,7.0,6.532111778718377,63,1.0716289367254863
Wangaratta,2000,1,14.0,12.22651171809975,126,1.145052679193431
Wangaratta,2000,2,19.0,18.274298329393222,153,1.039711602466264
Wangaratta,2000,3,14.0,13.61044654598729,146,1.0286216512218374
Wangaratta,2000,4,9.0,12.35663162780136,172,0.7283538322653217
Warra,1100,1,1.0,1.0,5,1.0
Warra,1200,1,1.0,0.9999999999999999,4,1.0000000000000002
Warracknabeal,1000,0,14.0,5.893128698992699,46,2.3756481005400394
Warracknabeal,1000,1,16.0,11.792883267931312,92,1.3567504770872452
Warracknabeal,1000,2,9.0,11.610866964922897,109,0.7751359159647184
Warracknabeal,1000,3,2.0,9.038023679815723,107,0.22128731577308483
Warracknabeal,1000,4,5.0,7.665097388337368,125,0.6523074328589251
Warracknabeal,1005,0,5.0,1.8277696419954055,10,2.7355744865865153
Warracknabeal,1005,1,2.0,2.4393914569402377,20,0.8198766107464472
Warracknabeal,1005,2,1.0,2.244783246303473,21,0.4454773090661287
Warracknabeal,1005,3,2.0,1.8168029911662371,20,1.100834823436836
Warracknabeal,1005,4,0.0,1.6712526635946463,26,0.0
Warracknabeal,1200,0,16.0,8.230497305521562,74,1.943989458482192
Warracknabeal,1200,1,24.0,17.291819628684145,148,1.3879395295211234
Warracknabeal,1200,2,16.0,18.545094935472243,180,0.8627618276246137
Warracknabeal,1200,3,13.0,14.840853087269831,168,0.8759604265034551
Warracknabeal,1200,4,5.0,15.091735043052223,204,0.3313071681775813
Warracknabeal,1205,0,4.0,2.117717519099846,16,1.888826042153268
Warracknabeal,1205,1,4.0,3.7871120436769385,32,1.0562137992929215
Warracknabeal,1205,2,4.0,4.48321008776088,39,0.8922178353675553
Warracknabeal,1205,3,2.0,2.7138954868070337,32,0.7369480548247089
Warracknabeal,1205,4,2.0,2.898064862655301,45,0.6901156788352677
Warracknabeal,1600,0,5.0,5.999171638662675,42,0.8334483994051204
Warracknabeal,1600,1,12.0,8.040232508677054,84,1.4924941520098514
Warracknabeal,1600,2,12.0,11.40880474317993,112,1.0518192106998308
Warracknabeal,1600,3,5.0,8.878186271386896,103,0.5631780914660771
Warracknabeal,1600,4,8.0,7.6736048380934445,121,1.0425347889021153
Warracknabeal,1610,0,5.0,1.4179350653359928,12,3.5262545671054437
Warracknabeal,1610,1,1.0,2.427630553527454,24,0.41192429323603463
Warracknabeal,1610,2,2.0,2.286367018098749,31,0.8747501972203569
Warracknabeal,1610,3,3.0,3.6639379932254923,30,0.8187911491807195
Warracknabeal,1610,4,1.0,2.204129369812312,33,0.4536938773630846
Warracknabeal,1800,0,5.0,0.9927880528317027,15,5.036321685921416
Warracknabeal,1800,1,4.0,3.335305146337119,30,1.1992905669794138
Warracknabeal,1800,2,4.0,4.345269676498342,42,0.9205412546968594
Warracknabeal,1800,3,2.0,3.7274316612429894,36,0.5365624863885656
Warracknabeal,1800,4,0.0,2.599205463089847,43,0.0
Warracknabeal,2000,0,7.0,3.3538674441863914,30,2.087142714043106
Warracknabeal,2000,1,6.0,6.55619105977185,60,0.915165519933581
Warracknabeal,2000,2,7.0,6.391578744493404,77,1.0951910756056593
Warracknabeal,2000,3,6.0,7.584506192234315,75,0.791086439634439
Warracknabeal,2000,4,4.0,6.11385655931404,84,0.6542515286699482
Warracknabeal,2015,0,0.0,0.14687861286296408,4,0.0
Warracknabeal,2015,1,1.0,1.1253763905577536,8,0.8885915933462802
Warracknabeal,2015,2,1.0,1.1712206579337616,10,0.8538100768852346
Warracknabeal,2015,3,1.0,0.7656852899854834,10,1.3060196050246167
Warracknabeal,2015,4,1.0,0.7908390486600371,11,1.264479797367563
Warren,1000,0,12.0,7.716375736776918,49,1.5551342248417164
Warren,1000,1,15.0,12.049240366259616,98,1.2448917561644073
Warren,1000,2,9.0,12.197691911404968,128,0.7378445090570707
Warren,1000,3,6.0,8.964127854758523,119,0.6693344960285185
Warren,1000,4,7.0,8.072564130799975,136,0.867134641060611
Warren,1200,0,9.0,5.145613240633425,45,1.7490626634993849
Warren,1200,1,11.0,12.060236071325596,90,0.9120882820986886
Warren,1200,2,12.0,11.007750132804842,115,1.0901410238444726
Warren,1200,3,8.0,7.896477769434135,107,1.0131099249043138
Warren,1200,4,5.0,8.889922785802002,121,0.5624345813200363
Warren,1400,0,9.0,4.4847821839619195,34,2.00678642369411
Warren,1400,1,7.0,7.237465777011388,68,0.9671893747994417
Warren,1400,2,8.0,8.742662844648404,100,0.915053015557725
Warren,1400,3,6.0,7.0804837071739675,86,0.8473997325805273
Warren,1400,4,4.0,6.454605487204322,103,0.619712546015344
Warren,1600,0,5.0,2.692504814165704,23,1.8570068932446062
Warren,1600,1,4.0,5.33445105875203,46,0.7498428527968876
Warren,1600,2,5.0,5.806287703584099,55,0.8611354199540622
Warren,1600,3,6.0,3.851098798178851,54,1.5579969028157223
Warren,1600,4,3.0,5.315657625319315,62,0.5643704338124651
Warren,2400,0,0.0,0.11723464599851553,1,0.0
Warren,2400,1,0.0,0.18896373861602833,2,0.0
Warren,2400,2,0.0,0.4122341806264818,3,0.0
Warren,2400,3,1.0,0.22695425058686983,2,4.406174360753981
Warren,2400,4,0.0,0.054613184172104506,3,0.0
Warrnambool,1000,0,15.0,9.123280027221409,59,1.6441455217031642
Warrnambool,1000,1,15.0,14.788985722034278,118,1.0142683400965984
Warrnambool,1000,2,10.0,11.641295584216241,119,0.8590109174410467
Warrnambool,1000,3,11.0,12.61518464913296,130,0.8719650410155533
Warrnambool,1000,4,8.0,10.831254017395112,148,0.7386033036573524
Warrnambool,1100,0,11.0,6.487263148134555,53,1.695630306466465
Warrnambool,1100,1,8.0,12.830954611488478,106,0.6234921907398085
Warrnambool,1100,2,12.0,13.085114038941374,137,0.917072634161837
Warrnambool,1100,3,14.0,11.488359075895096,125,1.218624862568479
Warrnambool,1100,4,8.0,9.108309125540499,146,0.878318894290412
Warrnambool,1200,0,16.0,13.057233257098998,111,1.2253744483963376
Warrnambool,1200,1,35.0,26.660954057048556,222,1.3127812277500546
Warrnambool,1200,2,28.0,26.388357960618677,275,1.061073979737068
Warrnambool,1200,3,16.0,23.243073261319367,255,0.6883771272462004
Warrnambool,1200,4,16.0,21.6503814639144,306,0.7390170019252489
Warrnambool,1300,0,11.0,6.690522601326776,45,1.6441167088828945
Warrnambool,1300,1,12.0,9.44800506110252,90,1.2701093958346883
Warrnambool,1300,2,6.0,10.684873139837814,128,0.561541528989185
Warrnambool,1300,3,3.0,7.958689284382203,109,0.3769464911624423
Warrnambool,1300,4,13.0,10.217909913350686,136,1.2722758480199796
Warrnambool,1400,0,21.0,14.410395841803727,131,1.4572812732236136
Warrnambool,1400,1,30.0,29.674867233997578,262,1.01095650280214
Warrnambool,1400,2,33.0,37.08019829771024,360,0.889962878166102
Warrnambool,1400,3,24.0,24.981521865441632,307,0.960710085209043
Warrnambool,1400,4,23.0,24.853016761046828,373,0.9254409724637076
Warrnambool,1700,0,27.0,16.217934250531073,142,1.664823619513432
Warrnambool,1700,1,34.0,33.95725130501757,284,1.0012588973883205
Warrnambool,1700,2,42.0,36.59835519991797,387,1.1475925562931895
Warrnambool,1700,3,21.0,28.173669379432297,338,0.7453768168135986
Warrnambool,1700,4,18.0,27.052789865101087,406,0.6653657567207345
Warrnambool,2000,0,8.0,7.569592995310169,66,1.0568599929951974
Warrnambool,2000,1,14.0,12.39943542832151,133,1.1290836652145182
Warrnambool,2000,2,26.0,19.984877484871333,186,1.3009837072897819
Warrnambool,2000,3,10.0,12.83681820311265,166,0.7790092405901033
Warrnambool,2000,4,8.0,13.209275888384338,187,0.6056350149393769
Warrnambool,2041,0,0.0,0.2281692067900488,2,0.0
Warrnambool,2041,1,1.0,0.368640933596785,4,2.7126667411649623
Warrnambool,2041,2,0.0,0.5518912870661766,6,0.0
Warrnambool,2041,3,0.0,0.3928255586789396,6,0.0
Warrnambool,2041,4,1.0,0.45847301386805006,6,2.1811534588768686
Warrnambool,2042,0,0.0,0.14977642198336574,1,0.0
Warrnambool,2042,1,0.0,0.2549765279002536,2,0.0
Warrnambool,2042,2,0.0,0.12334047427810502,2,0.0
Warrnambool,2042,3,0.0,0.22882508914125319,2,0.0
Warrnambool,2042,4,1.0,0.24308148669702256,3,4.1138468156828525
Warrnambool,2053,0,0.0,0.040956890915346454,1,0.0
Warrnambool,2053,1,0.0,0.2170800015388963,2,0.0
Warrnambool,2053,2,1.0,0.4558304456479305,3,2.1937981755004787
Warrnambool,2053,3,0.0,0.2265381145867148,2,0.0
Warrnambool,2053,4,0.0,0.05959454731111191,3,0.0
Warrnambool,2350,0,5.0,5.43553279123407,46,0.919873026626487
Warrnambool,2350,1,9.0,8.68234788598437,92,1.036585969392957
Warrnambool,2350,2,13.0,10.58753832005712,132,1.227858601972915
Warrnambool,2350,3,11.0,10.76624910271967,115,1.0217114516903834
Warrnambool,2350,4,8.0,10.52833190000477,136,0.7598544646941056
Warrnambool,2356,0,0.0,0.055250492272386,1,0.0
Warrnambool,2356,1,0.0,0.06883667889674322,2,0.0
Warrnambool,2356,2,1.0,0.3944797318355031,3,2.5349844853803467
Warrnambool,2356,3,0.0,0.16486033984502274,2,0.0
Warrnambool,2356,4,0.0,0.31657275715034494,3,0.0
Warrnambool,2387,0,0.0,0.06415709606365419,2,0.0
Warrnambool,2387,1,1.0,0.6077004037980783,4,1.6455476971054832
Warrnambool,2387,2,1.0,0.14955885063046243,3,6.68633113844162
Warrnambool,2387,3,0.0,0.436835538172079,4,0.0
Warrnambool,2387,4,0.0,0.741748111335726,4,0.0
Warrnambool,2388,0,1.0,0.27042551869155884,1,3.6978758692539557
Warrnambool,2388,1,0.0,0.15589793937201094,2,0.0
Warrnambool,2388,2,0.0,0.09152863709560453,2,0.0
Warrnambool,2388,3,0.0,0.04089361502165036,2,0.0
Warrnambool,2388,4,0.0,0.44125428981917536,3,0.0
Warrnambool,2390,0,0.0,0.03969669952674805,1,0.0
Warrnambool,2390,1,0.0,0.12367048698717664,2,0.0
Warrnambool,2390,2,0.0,0.25343926628550506,2,0.0
Warrnambool,2390,3,0.0,0.24626780996729605,2,0.0
Warrnambool,2390,4,1.0,0.3369257372332741,3,2.9680130945521666
Warrnambool,2400,0,0.0,0.1796804891699063,1,0.0
Warrnambool,2400,1,0.0,0.061485786903750866,2,0.0
Warrnambool,2400,2,0.0,0.1353419678515136,2,0.0
Warrnambool,2400,3,0.0,0.1006671458554475,2,0.0
Warrnambool,2400,4,1.0,0.5228246102193816,3,1.9126873151215884
Warrnambool,2407,0,0.0,0.227416839150167,1,0.0
Warrnambool,2407,1,0.0,0.08062600482066026,2,0.0
Warrnambool,2407,2,1.0,0.17431424791687972,3,5.736765708772364
Warrnambool,2407,3,0.0,0.23239835086488497,2,0.0
Warrnambool,2407,4,0.0,0.28524455724740805,3,0.0
Warrnambool,3100,0,3.0,1.1301327896120212,8,2.6545553120619667
Warrnambool,3100,1,2.0,1.4007530035003743,16,1.4278034707062226
Warrnambool,3100,2,1.0,2.377871691114246,24,0.42054413774168375
Warrnambool,3100,3,1.0,1.722854351841826,19,0.580432117741668
Warrnambool,3100,4,1.0,1.3683881639315318,24,0.7307867945356151
Warrnambool,3136,0,0.0,0.06999949326070254,1,0.0
Warrnambool,3136,1,0.0,0.014793576044616853,2,0.0
Warrnambool,3136,2,1.0,0.2874209212560308,3,3.4792178510527183
Warrnambool,3136,3,0.0,0.3429640243969349,2,0.0
Warrnambool,3136,4,0.0,0.28482198504171485,3,0.0
Warrnambool,3163,0,0.0,0.004192241707364352,1,0.0
Warrnambool,3163,1,0.0,0.3616561980098175,2,0.0
Warrnambool,3163,2,0.0,0.24075445233720996,1,0.0
Warrnambool,3163,3,0.0,0.14746210205654112,2,0.0
Warrnambool,3163,4,1.0,0.245935005889067,2,4.066114933028551
Warrnambool,3172,0,0.0,0.17349249599602837,1,0.0
Warrnambool,3172,1,0.0,0.10398807190350182,2,0.0
Warrnambool,3172,2,0.0,0.03965542765623505,1,0.0
Warrnambool,3172,3,0.0,0.4441407897498326,2,0.0
Warrnambool,3172,4,1.0,0.2387232146944021,2,4.188951632877996
Warrnambool,3200,0,13.0,8.72695815785958,54,1.4896370264239298
Warrnambool,3200,1,24.0,18.982315846204763,108,1.2643346678270793
Warrnambool,3200,2,9.0,9.605131028518262,98,0.9369991906699047
Warrnambool,3200,3,7.0,9.763819817519455,108,0.7169325254691543
Warrnambool,3200,4,1.0,6.921775149897945,126,0.14447161000523748
Warrnambool,3282,0,0.0,0.16623679534718092,2,0.0
Warrnambool,3282,1,0.0,0.3229910945659259,4,0.0
Warrnambool,3282,2,1.0,0.30362292587405215,4,3.2935589337374895
Warrnambool,3282,3,0.0,0.26904997997697067,4,0.0
Warrnambool,3282,4,1.0,0.9380992042358705,6,1.0659853408729314
Warrnambool,3300,0,0.0,0.44422130684482003,3,0.0
Warrnambool,3300,1,3.0,1.2145371445444617,6,2.470076780669573
Warrnambool,3300,2,0.0,0.36343956584768133,5,0.0
Warrnambool,3300,3,0.0,0.33937313667691044,6,0.0
Warrnambool,3300,4,0.0,0.6384288460861265,7,0.0
Warrnambool,3400,0,0.0,0.15819877336095683,1,0.0
Warrnambool,3400,1,0.0,0.16676787358467535,2,0.0
Warrnambool,3400,2,1.0,0.3714559603906028,3,2.692109177487567
Warrnambool,3400,3,0.0,0.234076856287062,3,0.0
Warrnambool,3400,4,0.0,0.069500536376703,2,0.0
Warrnambool,3450,0,5.0,3.119850905675878,17,1.602640687381441
Warrnambool,3450,1,7.0,5.676694423711152,34,1.2331119974965525
Warrnambool,3450,2,5.0,4.147645701393715,31,1.205503160098721
Warrnambool,3450,3,0.0,2.7107197848629183,37,0.0
Warrnambool,3450,4,0.0,1.3450891843563366,26,0.0
Warrnambool,4065,0,1.0,0.6152098216073292,5,1.6254616959582147
Warrnambool,4065,1,0.0,0.9829360382778489,10,0.0
Warrnambool,4065,2,0.0,1.0297971664213552,8,0.0
Warrnambool,4065,3,3.0,1.1292263028721568,11,2.6566862571032757
Warrnambool,4065,4,1.0,1.24283067082131,11,0.8046148389137853
Warrnambool,4600,0,1.0,0.4466156107567407,6,2.2390619044990627
Warrnambool,4600,1,2.0,0.9324777807785274,12,2.1448232239166023
Warrnambool,4600,2,3.0,2.802489723876778,23,1.0704767173418925
Warrnambool,4600,3,0.0,1.0850357222232,18,0.0
Warrnambool,4600,4,0.0,0.7333811623647543,20,0.0
Warrnambool,4652,0,0.0,0.026701624306224324,1,0.0
Warrnambool,4652,1,0.0,0.009599951383134651,2,0.0
Warrnambool,4652,2,0.0,0.33372792029715925,4,0.0
Warrnambool,4652,3,1.0,0.5091918841183929,3,1.963896187645223
Warrnambool,4652,4,0.0,0.12077861989508887,4,0.0
Warrnambool,5500,0,4.0,1.6972442513893586,7,2.3567615543405807
Warrnambool,5500,1,2.0,1.7418994732354345,14,1.1481718840440116
Warrnambool,5500,2,1.0,1.9241311792080567,14,0.5197150853361178
Warrnambool,5500,3,0.0,0.847970172215072,14,0.0
Warrnambool,5500,4,0.0,0.7887549239520785,12,0.0
Warwick,800,0,6.0,3.3970222015291895,21,1.7662528073260941
Warwick,800,1,8.0,6.385448499326412,42,1.2528485666815579
Warwick,800,2,1.0,4.25389758998655,45,0.23507853182783411
Warwick,800,3,5.0,3.763494791606636,46,1.3285523899623892
Warwick,800,4,1.0,3.2001369175512133,55,0.31248662971746005
Warwick,1100,0,9.0,6.099626744601865,50,1.4755001210467424
Warwick,1100,1,11.0,10.505710152646461,97,1.047049636832882
Warwick,1100,2,14.0,13.667742793725175,127,1.024309588736727
Warwick,1100,3,10.0,9.831868676132245,117,1.017100647842857
Warwick,1100,4,5.0,8.895051632894253,132,0.5621102840493699
Warwick,1200,0,18.0,10.125252913621283,80,1.777733371557069
Warwick,1200,1,17.0,18.70906241648454,160,0.9086505577650601
Warwick,1200,2,24.0,21.13712093886917,214,1.1354431887583263
Warwick,1200,3,13.0,18.082634265154923,191,0.7189218014020715
Warwick,1200,4,8.0,11.945929465870087,226,0.669684181783951
Warwick,1350,0,18.0,13.073529720089576,114,1.376827864041959
Warwick,1350,1,32.0,27.05057571145123,229,1.1829692773027949
Warwick,1350,2,22.0,28.707551834038558,310,0.766348873187946
Warwick,1350,3,23.0,26.318623153783715,275,0.8739058979494294
Warwick,1350,4,19.0,18.849719580636922,325,1.007972554643065
Warwick,1500,0,9.0,6.38332334268358,61,1.4099238777110665
Warwick,1500,1,14.0,14.226944719836883,122,0.9840482461761133
Warwick,1500,2,19.0,17.275553042983915,184,1.0998200724877187
Warwick,1500,3,15.0,12.727158697173154,155,1.1785819880859716
Warwick,1500,4,4.0,10.387020197322467,186,0.3850960067480284
Warwick,2000,0,2.0,1.2750147702956656,17,1.5686092793546353
Warwick,2000,1,3.0,4.01049630770685,34,0.7480370931236092
Warwick,2000,2,6.0,4.539989749450576,44,1.3215888870070935
Warwick,2000,3,6.0,3.4662992029448656,40,1.7309527102861106
Warwick,2000,4,0.0,3.7081999696020427,48,0.0
Warwick Farm,1000,0,17.0,10.037907556649088,63,1.6935800518245694
Warwick Farm,1000,1,16.0,15.548627113261354,126,1.0290297582835253
Warwick Farm,1000,2,9.0,12.52817220611195,120,0.7183809299499644
Warwick Farm,1000,3,16.0,13.871357269726431,133,1.1534559804698585
Warwick Farm,1000,4,5.0,11.013935854251176,149,0.453970321433286
Warwick Farm,1100,0,26.0,17.663613301283025,117,1.471952513708588
Warwick Farm,1100,1,40.0,30.79875051410176,234,1.298753986194514
Warwick Farm,1100,2,24.0,26.10464649920093,260,0.9193765562285874
Warwick Farm,1100,3,19.0,22.77525731475978,263,0.8342386537027979
Warwick Farm,1100,4,8.0,19.657732370654504,299,0.4069645394065175
Warwick Farm,1200,0,26.0,15.303928294308594,106,1.6989102078888587
Warwick Farm,1200,1,30.0,25.764604811404055,212,1.164388129358043
Warwick Farm,1200,2,23.0,23.607426851718884,225,0.974269671339693
Warwick Farm,1200,3,12.0,21.529447606294276,228,0.5573761212754813
Warwick Farm,1200,4,15.0,19.794592436274186,267,0.7577827150667699
Warwick Farm,1300,0,19.0,12.507952774443492,89,1.5190335574996088
Warwick Farm,1300,1,21.0,22.606177044605186,179,0.9289496387896118
Warwick Farm,1300,2,17.0,20.694323024557427,202,0.821481329919637
Warwick Farm,1300,3,18.0,18.597339106838845,194,0.9678803992653344
Warwick Farm,1300,4,14.0,14.594208049555052,228,0.9592846663870077
Warwick Farm,1400,0,25.0,16.720488314570638,131,1.4951716438935816
Warwick Farm,1400,1,32.0,31.371608368965912,262,1.0200305838209978
Warwick Farm,1400,2,32.0,32.58231016909728,291,0.9821280269546517
Warwick Farm,1400,3,22.0,27.11539830880203,280,0.811347107995773
Warwick Farm,1400,4,20.0,23.210194838564135,336,0.8616903106202994
Warwick Farm,1600,0,22.0,14.945411495459718,108,1.4720237048463607
Warwick Farm,1600,1,25.0,24.807017397346268,216,1.00777935531558
Warwick Farm,1600,2,26.0,27.729566020039005,223,0.937627367886352
Warwick Farm,1600,3,20.0,22.70359617804011,232,0.8809177120294649
Warwick Farm,1600,4,15.0,17.8144089091149,272,0.8420150270787328
Warwick Farm,2110,0,0.0,1.8343880757210071,12,0.0
Warwick Farm,2110,1,4.0,2.6932259670275096,24,1.4852077207672127
Warwick Farm,2110,2,5.0,2.4760715739011063,24,2.0193277337788698
Warwick Farm,2110,3,1.0,2.5453927560024723,26,0.3928666794709102
Warwick Farm,2110,4,2.0,2.4509216273479044,30,0.8160195649194062
Warwick Farm,2130,0,0.0,0.5995577614103249,6,0.0
Warwick Farm,2130,1,2.0,1.3275543316041996,12,1.5065296782115318
Warwick Farm,2130,2,0.0,0.9115291338040279,12,0.0
Warwick Farm,2130,3,3.0,1.455188978459962,12,2.06158790673011
Warwick Farm,2130,4,1.0,1.7061697947214856,17,0.5861081371231517
Warwick Farm,2140,0,2.0,1.2892021570668382,7,1.5513470785298344
Warwick Farm,2140,1,2.0,1.6771982970723924,14,1.1924648406160852
Warwick Farm,2140,2,3.0,1.454442490655283,12,2.062646009914344
Warwick Farm,2140,3,0.0,1.090321095967204,14,0.0
Warwick Farm,2140,4,0.0,1.4888359592382825,18,0.0
Warwick Farm,2200,0,3.0,3.526415012085702,27,0.8507223312396367
Warwick Farm,2200,1,3.0,6.485442013592067,55,0.46257448508716237
Warwick Farm,2200,2,10.0,5.614198083399111,53,1.781198285391724
Warwick Farm,2200,3,6.0,4.924880289786061,58,1.2183037245481236
Warwick Farm,2200,4,5.0,6.449064601137059,67,0.775306235747496
Warwick Farm,2400,0,3.0,2.74103107597997,30,1.0944786530475377
Warwick Farm,2400,1,10.0,7.601238553219247,61,1.3155750776647892
Warwick Farm,2400,2,5.0,6.252819999885501,63,0.799639202806343
Warwick Farm,2400,3,6.0,6.438171180350112,63,0.9319416697574847
Warwick Farm,2400,4,6.0,6.966739190565171,73,0.8612350535707731
Wellington,900,0,4.0,2.536057937921194,11,1.5772510320796531
Wellington,900,1,6.0,2.359974914224072,22,2.542399905963712
Wellington,900,2,1.0,2.6112113529229304,26,0.38296402123122775
Wellington,900,3,0.0,1.8747962215493936,22,0.0
Wellington,900,4,0.0,1.6179595733824104,27,0.0
Wellington,1000,0,8.0,3.275775628690167,22,2.442169704766634
Wellington,1000,1,4.0,6.0718912850318665,45,0.658773323208307
Wellington,1000,2,4.0,5.351599760873022,49,0.7474400513366247
Wellington,1000,3,3.0,4.43603175644725,51,0.6762801000330653
Wellington,1000,4,3.0,2.864701568957695,56,1.0472295028942693
Wellington,1100,0,24.0,12.09904070023756,72,1.9836283383631206
Wellington,1100,1,24.0,20.557680839951953,145,1.1674468626518522
Wellington,1100,2,14.0,17.231065990610276,187,0.812486006822156
Wellington,1100,3,7.0,11.455323623316204,170,0.6110695978725714
Wellington,1100,4,3.0,10.656888845884005,206,0.2815080501809574
Wellington,1400,0,14.0,6.71271909652404,57,2.0855930061559462
Wellington,1400,1,9.0,13.722667448275816,114,0.6558491659091253
Wellington,1400,2,17.0,14.489173083757851,136,1.1732898697343017
Wellington,1400,3,12.0,11.586887090913297,126,1.0356534853447115
Wellington,1400,4,5.0,10.488553280528995,154,0.47671016833961516
Wellington,1600,0,5.0,1.762867532805111,13,2.83628798361491
Wellington,1600,1,4.0,3.830353503311664,26,1.0442900365571122
Wellington,1600,2,1.0,2.252585596028099,26,0.4439342956659507
Wellington,1600,3,3.0,2.7682358827931157,28,1.0837226764696934
Wellington,1600,4,0.0,2.38595748506201,32,0.0
Wellington,1700,0,7.0,3.697665500553425,22,1.8930863267519245
Wellington,1700,1,5.0,4.708437721994768,44,1.0619233587062737
Wellington,1700,2,6.0,4.882247791684706,51,1.2289421299383894
Wellington,1700,3,3.0,5.54037089465064,50,0.5414799942178188
Wellington,1700,4,1.0,3.1712780911164606,57,0.3153302773418859
Wellington,2400,0,0.0,0.6929396487163791,6,0.0
Wellington,2400,1,1.0,1.0579064881259548,12,0.9452631316889509
Wellington,2400,2,3.0,1.5481832471760755,13,1.9377551110129076
Wellington,2400,3,2.0,1.1348195945546238,13,1.762394665722113
Wellington,2400,4,0.0,1.5661510214269667,15,0.0
Werribee,1000,0,4.0,3.2045043712443713,20,1.2482429532298382
Werribee,1000,1,4.0,4.381815611901229,40,0.9128636059298801
Werribee,1000,2,6.0,5.62326064165981,49,1.0669966025670452
Werribee,1000,3,3.0,3.7197542191340167,46,0.8065048987829146
Werribee,1000,4,3.0,3.0706651560605733,51,0.97698701992267
Werribee,1006,0,0.0,0.1599953398381865,2,0.0
Werribee,1006,1,1.0,0.9135229949269199,4,1.0946631946358374
Werribee,1006,2,1.0,0.3546923057716248,4,2.819345059725847
Werribee,1006,3,0.0,0.30732778113287823,4,0.0
Werribee,1006,4,0.0,0.26446157833039075,4,0.0
Werribee,1008,0,1.0,0.6289579306044637,2,1.5899314585936521
Werribee,1008,1,1.0,0.3562830155333929,4,2.8067574271057953
Werribee,1008,2,0.0,0.38912817614358103,3,0.0
Werribee,1008,3,0.0,0.2941459400677832,4,0.0
Werribee,1008,4,0.0,0.33148493765077913,4,0.0
Werribee,1010,0,0.0,0.1873936739161542,3,0.0
Werribee,1010,1,3.0,1.0910996220748097,6,2.749519786557409
Werribee,1010,2,0.0,0.34547567522225364,5,0.0
Werribee,1010,3,0.0,0.732721983824572,6,0.0
Werribee,1010,4,0.0,0.6433090449622104,8,0.0
Werribee,1012,0,1.0,0.24303799528900513,3,4.1145829844871145
Werribee,1012,1,0.0,0.5966669064855044,6,0.0
Werribee,1012,2,0.0,0.5473941381405909,7,0.0
Werribee,1012,3,1.0,0.7928687819580564,7,1.2612427462844678
Werribee,1012,4,1.0,0.8200321781268433,7,1.2194643413679789
Werribee,1014,0,2.0,0.5112449590772292,6,3.912019012588206
Werribee,1014,1,3.0,1.0531371918542227,12,2.8486317102883834
Werribee,1014,2,0.0,1.2838902003566315,15,0.0
Werribee,1014,3,1.0,1.97141965918151,14,0.5072486699332084
Werribee,1014,4,0.0,1.1803079895304067,16,0.0
Werribee,1018,0,0.0,0.42517900291040966,2,0.0
Werribee,1018,1,0.0,0.2930512909916541,4,0.0
Werribee,1018,2,0.0,0.40163843990569065,3,0.0
Werribee,1018,3,1.0,0.44207799440841605,4,2.262044283245062
Werribee,1018,4,1.0,0.4380532717838296,5,2.2828273737753975
Werribee,1100,0,7.0,5.14007430567915,43,1.3618480169179386
Werribee,1100,1,10.0,9.960944630953508,86,1.0039208499287435
Werribee,1100,2,14.0,10.24629509761436,100,1.3663475301682082
Werribee,1100,3,5.0,8.972058233310827,97,0.5572857275308748
Werribee,1100,4,7.0,8.680627732442156,110,0.8063932950193063
Werribee,1106,0,1.0,0.3597585026319208,4,2.7796424342557615
Werribee,1106,1,1.0,0.6958463666228188,8,1.4370988309579642
Werribee,1106,2,2.0,1.2405854511273986,12,1.6121420722631183
Werribee,1106,3,0.0,1.0396896128928537,10,0.0
Werribee,1106,4,0.0,0.6641200667250083,12,0.0
Werribee,1108,0,3.0,1.4524919148800035,5,2.06541597186642
Werribee,1108,1,0.0,1.089897558008351,10,0.0
Werribee,1108,2,1.0,1.0572551843979405,10,0.9458454446543624
Werribee,1108,3,1.0,0.9393114854430074,11,1.0646095736052563
Werribee,1108,4,0.0,0.46104385727069774,14,0.0
Werribee,1110,0,1.0,0.8027363701589093,11,1.2457389962311542
Werribee,1110,1,4.0,2.348883714435969,22,1.702936580221686
Werribee,1110,2,3.0,3.8855480238373614,24,0.7720918597828073
Werribee,1110,3,1.0,2.227687063728738,24,0.44889608432083106
Werribee,1110,4,2.0,1.7351448278390222,31,1.1526415362634788
Werribee,1114,0,1.0,0.9579656619876707,7,1.0438787523188595
Werribee,1114,1,1.0,1.761350511002047,14,0.5677461662250812
Werribee,1114,2,3.0,1.558657358813721,17,1.9247334784877101
Werribee,1114,3,2.0,1.777382615677981,16,1.125250119112424
Werribee,1114,4,0.0,0.9446438525185803,20,0.0
Werribee,1115,0,0.0,0.41832497824914905,2,0.0
Werribee,1115,1,0.0,0.5089269018725026,4,0.0
Werribee,1115,2,0.0,0.43358695176789963,2,0.0
Werribee,1115,3,2.0,0.36223762326394804,4,5.521237639478106
Werribee,1115,4,0.0,0.27692354484650095,4,0.0
Werribee,1116,0,1.0,0.519487823955101,2,1.924972932736975
Werribee,1116,1,0.0,0.2978412855531512,4,0.0
Werribee,1116,2,0.0,0.3129312118819206,4,0.0
Werribee,1116,3,1.0,0.515245737842325,4,1.9408214887670145
Werribee,1116,4,0.0,0.3544939407675022,6,0.0
Werribee,1400,0,11.0,6.475363352763761,53,1.6987463715538174
Werribee,1400,1,16.0,13.402556726971008,106,1.1938020726897542
Werribee,1400,2,15.0,14.19141084769341,131,1.0569773619398817
Werribee,1400,3,5.0,8.316459564015547,120,0.6012173763983027
Werribee,1400,4,6.0,10.614209508556273,145,0.5652799669314338
Werribee,1406,0,1.0,0.2180078627222184,2,4.586990521870221
Werribee,1406,1,1.0,0.422393867508171,4,2.367458613685142
Werribee,1406,2,0.0,0.8375396906255168,6,0.0
Werribee,1406,3,0.0,0.13425819891789478,5,0.0
Werribee,1406,4,0.0,0.3878003802261991,6,0.0
Werribee,1408,0,1.0,0.4628508812236743,2,2.1605230551926864
Werribee,1408,1,0.0,0.37270677727209567,4,0.0
Werribee,1408,2,0.0,0.39998876355394297,6,0.0
Werribee,1408,3,1.0,0.35116903523947346,5,2.8476314812838432
Werribee,1408,4,0.0,0.4132845427108136,6,0.0
Werribee,1412,0,3.0,1.0188724307732078,4,2.944431421825147
Werribee,1412,1,1.0,0.9251438647161156,8,1.0809129673111482
Werribee,1412,2,0.0,0.6515222852081537,10,0.0
Werribee,1412,3,0.0,1.0496877008645786,11,0.0
Werribee,1412,4,0.0,0.35477371843794425,9,0.0
Werribee,1415,0,2.0,0.3153553320301852,3,6.34205227203377
Werribee,1415,1,1.0,0.6660526547027671,6,1.5013828005028527
Werribee,1415,2,0.0,0.895809737857502,7,0.0
Werribee,1415,3,0.0,0.4628523829631715,7,0.0
Werribee,1415,4,0.0,0.6599298924463741,8,0.0
Werribee,1416,0,1.0,0.15952591406457586,2,6.268574017354958
Werribee,1416,1,0.0,0.40295265012281445,4,0.0
Werribee,1416,2,1.0,0.7206077460518097,5,1.3877175279879699
Werribee,1416,3,0.0,0.2632895383043847,5,0.0
Werribee,1416,4,0.0,0.4536241514564154,6,0.0
Werribee,1417,0,0.0,0.2901170303110758,2,0.0
Werribee,1417,1,1.0,0.3603539419478638,4,2.7750494266680743
Werribee,1417,2,1.0,0.5719977958096725,5,1.748258485130145
Werribee,1417,3,0.0,0.406012007206258,5,0.0
Werribee,1417,4,0.0,0.37151922472513,5,0.0
Werribee,1418,0,0.0,0.08396981688284355,2,0.0
Werribee,1418,1,0.0,0.27536279089533733,4,0.0
Werribee,1418,2,1.0,0.6290967801320274,6,1.5895805408352779
Werribee,1418,3,1.0,0.7478928413811646,6,1.337089947475976
Werribee,1418,4,0.0,0.2636777707086271,6,0.0
Werribee,1420,0,3.0,1.3062321263666814,7,2.29668214358238
Werribee,1420,1,1.0,1.455367978897177,14,0.6871114484446486
Werribee,1420,2,3.0,1.9659491132928095,13,1.5259804944672433
Werribee,1420,3,0.0,1.3032653756519856,14,0.0
Werribee,1420,4,0.0,0.9691854057913467,17,0.0
Werribee,1421,0,0.0,0.29961952452612384,2,0.0
Werribee,1421,1,0.0,0.3109252477471806,4,0.0
Werribee,1421,2,1.0,0.7123168083100643,5,1.4038697224798746
Werribee,1421,3,1.0,0.5428523622417061,4,1.8421214856107562
Werribee,1421,4,0.0,0.13428605717492514,6,0.0
Werribee,1425,0,0.0,0.25535358469349895,4,0.0
Werribee,1425,1,1.0,0.7180807579972756,8,1.3926010255294907
Werribee,1425,2,2.0,1.4411864594301715,11,1.3877454835308243
Werribee,1425,3,1.0,1.142298724288221,10,0.8754277482215618
Werribee,1425,4,0.0,0.44308047359083275,11,0.0
Werribee,1429,0,0.0,1.084102101978172,10,0.0
Werribee,1429,1,6.0,2.9684371209307767,20,2.0212656544729684
Werribee,1429,2,3.0,2.020860971605513,24,1.4845157792406625
Werribee,1429,3,1.0,2.603675141372726,24,0.3840724920363044
Werribee,1429,4,0.0,1.3229246641128125,25,0.0
Werribee,1433,0,0.0,0.21197608363581977,3,0.0
Werribee,1433,1,1.0,1.0904151783452003,6,0.9170818784067063
Werribee,1433,2,2.0,0.6980357262887416,6,2.86518286196243
Werribee,1433,3,0.0,0.39359753214372967,6,0.0
Werribee,1433,4,0.0,0.6059754795865089,8,0.0
Werribee,1600,0,4.0,4.958393783690072,46,0.8067128538998715
Werribee,1600,1,13.0,10.389708542907604,92,1.2512381792340341
Werribee,1600,2,17.0,11.962096653076008,111,1.421155545974335
Werribee,1600,3,10.0,10.334503159472682,106,0.9676323908067053
Werribee,1600,4,2.0,8.355297860853634,124,0.23936908453861708
Werribee,1606,0,0.0,0.16841744932853928,1,0.0
Werribee,1606,1,1.0,0.4687383127530437,2,2.133386524619022
Werribee,1606,2,0.0,0.2753005578634477,3,0.0
Werribee,1606,3,0.0,0.039330061144094625,2,0.0
Werribee,1606,4,0.0,0.048213618910874716,3,0.0
Werribee,1608,0,1.0,0.3750372677656302,2,2.666401677779191
Werribee,1608,1,0.0,0.23635104935674606,4,0.0
Werribee,1608,2,1.0,0.5430601141686175,6,1.8414167675173891
Werribee,1608,3,0.0,0.2597411540758164,5,0.0
Werribee,1608,4,0.0,0.58581041463319,5,0.0
Werribee,1612,0,1.0,0.4049616614670072,3,2.4693695605095485
Werribee,1612,1,1.0,0.2984639268116364,6,3.350488652624041
Werribee,1612,2,1.0,0.9366643049413663,8,1.0676183502718173
Werribee,1612,3,0.0,0.8053083383807733,6,0.0
Werribee,1612,4,0.0,0.5546017683992166,9,0.0
Werribee,1615,0,0.0,0.3616254410365371,2,0.0
Werribee,1615,1,1.0,0.5898335059965669,4,1.6953936828502592
Werribee,1615,2,1.0,0.5367823057760297,5,1.862952614569315
Werribee,1615,3,0.0,0.15523777728447444,4,0.0
Werribee,1615,4,0.0,0.35652096990639176,6,0.0
Werribee,1616,0,0.0,0.12122454645112687,2,0.0
Werribee,1616,1,1.0,0.756032355001973,4,1.3226947145633607
Werribee,1616,2,0.0,0.23143314173521123,5,0.0
Werribee,1616,3,1.0,0.5510522677469956,4,1.8147098896599219
Werribee,1616,4,0.0,0.34025768906469345,5,0.0
Werribee,1618,0,0.0,0.2876336873570883,2,0.0
Werribee,1618,1,1.0,0.8955623968554197,4,1.1166167801498712
Werribee,1618,2,1.0,0.36057251124578327,6,2.773367266808514
Werribee,1618,3,0.0,0.30839716859887834,6,0.0
Werribee,1618,4,0.0,0.1478342359428304,6,0.0
Werribee,1620,0,1.0,0.6205993848631369,7,1.611345457940687
Werribee,1620,1,2.0,1.7020128430144243,14,1.175079264653381
Werribee,1620,2,3.0,2.8821061184709382,21,1.040905461729358
Werribee,1620,3,0.0,0.7803160338735904,17,0.0
Werribee,1620,4,1.0,1.0149656197779102,21,0.9852550475737445
Werribee,1621,0,0.0,0.08166395244464561,1,0.0
Werribee,1621,1,0.0,0.13610658740774267,2,0.0
Werribee,1621,2,1.0,0.256976570666827,4,3.8914053425380604
Werribee,1621,3,0.0,0.46307041775188723,3,0.0
Werribee,1621,4,0.0,0.062182471728897494,3,0.0
Werribee,1625,0,1.0,0.7978787378560563,4,1.2533232840457116
Werribee,1625,1,2.0,1.26509971299246,8,1.5809030540914526
Werribee,1625,2,1.0,0.6888296016117749,9,1.4517378429442136
Werribee,1625,3,0.0,0.7274883310980476,9,0.0
Werribee,1625,4,0.0,0.5207036164416614,11,0.0
Werribee,1629,0,2.0,1.2531156527514056,10,1.5960218800305435
Werribee,1629,1,2.0,2.145547839789608,20,0.9321628550571585
Werribee,1629,2,1.0,2.4787057691030387,22,0.4034363466874355
Werribee,1629,3,2.0,2.405537347333516,23,0.8314150691598927
Werribee,1629,4,3.0,1.717093391022432,25,1.7471385165682047
Werribee,1633,0,0.0,0.013588297086153197,2,0.0
Werribee,1633,1,0.0,0.5675276088933741,4,0.0
Werribee,1633,2,1.0,0.3014299565898787,6,3.3175202999501
Werribee,1633,3,0.0,0.5063905315835677,4,0.0
Werribee,1633,4,1.0,0.6110636058470263,6,1.6364908504309452
Werribee,2000,0,4.0,2.475468000825376,22,1.6158560719291508
Werribee,2000,1,3.0,4.612481444495713,44,0.6504091205786938
Werribee,2000,2,7.0,5.596199137914657,55,1.2508489829417417
Werribee,2000,3,4.0,4.3640026807715655,51,0.9165897210889868
Werribee,2000,4,4.0,4.951848735992688,60,0.8077791171054677
Werribee,2025,0,0.0,0.23959591127141405,3,0.0
Werribee,2025,1,0.0,0.9590259865078956,6,0.0
Werribee,2025,2,2.0,0.5504244978210703,4,3.633559203700544
Werribee,2025,3,0.0,0.5341423364848099,6,0.0
Werribee,2025,4,1.0,0.7168112679148102,6,1.395067355608095
Werribee,2030,0,0.0,0.14648593725500572,1,0.0
Werribee,2030,1,0.0,0.01528215648249426,2,0.0
Werribee,2030,2,0.0,0.3674047849247398,4,0.0
Werribee,2030,3,1.0,0.2813718940343041,3,3.554015241757169
Werribee,2030,4,0.0,0.18945522730345607,4,0.0
Werribee,2031,0,0.0,0.4697514714367498,2,0.0
Werribee,2031,1,2.0,0.35642825035420056,4,5.611227499538828
Werribee,2031,2,0.0,0.4238411880064345,6,0.0
Werribee,2031,3,0.0,0.07794155392849632,4,0.0
Werribee,2031,4,0.0,0.672037536274119,6,0.0
Werribee,2043,0,0.0,0.031648281179841725,1,0.0
Werribee,2043,1,0.0,0.31999928748506634,2,0.0
Werribee,2043,2,0.0,0.28235231248682324,3,0.0
Werribee,2043,3,1.0,0.12821445059948172,3,7.799432866766441
Werribee,2043,4,0.0,0.23778566824878702,3,0.0
Werribee,2108,0,0.0,0.038409020693469444,1,0.0
Werribee,2108,1,0.0,0.2566420928154549,2,0.0
Werribee,2108,2,0.0,0.25281795567085374,3,0.0
Werribee,2108,3,1.0,0.3001870768694667,3,3.33125599685572
Werribee,2108,4,0.0,0.15194385395075516,3,0.0
Werribee,2200,0,1.0,0.39978467329961237,4,2.501346516729934
Werribee,2200,1,1.0,0.8656304973577436,8,1.1552273204934518
Werribee,2200,2,0.0,1.0044503848988087,12,0.0
Werribee,2200,3,1.0,1.0425170247962798,11,0.9592169491864287
Werribee,2200,4,1.0,0.6876174196475555,12,1.4542970719278157
Werribee,2219,0,0.0,0.06916837503218441,1,0.0
Werribee,2219,1,0.0,0.2902359266056366,2,0.0
Werribee,2219,2,0.0,0.12769546159787892,1,0.0
Werribee,2219,3,1.0,0.3257387513830951,2,3.0699448430804575
Werribee,2219,4,0.0,0.1871614853812049,2,0.0
Werribee,2225,0,0.0,0.14098761547669142,2,0.0
Werribee,2225,1,0.0,0.4896877175902531,4,0.0
Werribee,2225,2,1.0,0.8100552819359396,6,1.2344836485852104
Werribee,2225,3,1.0,0.4898103913522377,5,2.0416063392188617
Werribee,2225,4,0.0,0.06945899364487837,6,0.0
Werribee,2231,0,0.0,0.08335482192934907,1,0.0
Werribee,2231,1,1.0,0.2862057795569128,2,3.49398953979246
Werribee,2231,2,0.0,0.26627234782986503,2,0.0
Werribee,2231,3,0.0,0.2308287376505051,2,0.0
Werribee,2231,4,0.0,0.1333383130333679,3,0.0
Werribee,2238,0,0.0,0.37140203455232634,4,0.0
Werribee,2238,1,0.0,0.8628707213825193,8,0.0
Werribee,2238,2,1.0,1.1538061779188817,11,0.8666966940701413
Werribee,2238,3,1.0,0.7091438299293343,9,1.4101511679226615
Werribee,2238,4,2.0,0.9027772362169384,11,2.2153859443564854
Werribee,2244,0,0.0,0.10764428657279058,2,0.0
Werribee,2244,1,2.0,0.8170692740252133,4,2.4477728677119286
Werribee,2244,2,0.0,0.4164115635231688,6,0.0
Werribee,2244,3,0.0,0.4285755526942227,5,0.0
Werribee,2244,4,0.0,0.23029932318460447,6,0.0
Werribee,2256,0,0.0,0.050547600701256246,1,0.0
Werribee,2256,1,1.0,0.14827296205701834,2,6.744317953366644
Werribee,2256,2,0.0,0.2973388276544485,2,0.0
Werribee,2256,3,0.0,0.11609018342872247,2,0.0
Werribee,2256,4,0.0,0.3877504261585544,3,0.0
Werribee,2600,0,1.0,0.4951338748729376,3,2.019655795630267
Werribee,2600,1,0.0,0.4373062459653217,6,0.0
Werribee,2600,2,1.0,0.85550461541443,10,1.1689007656791803
Werribee,2600,3,1.0,0.6987061719622135,10,1.4312167834322218
Werribee,2600,4,0.0,0.5133490917850971,9,0.0
Werribee,2612,0,0.0,0.1792715903660685,1,0.0
Werribee,2612,1,0.0,0.16011709496444143,2,0.0
Werribee,2612,2,1.0,0.4406214480860134,3,2.269521840899562
Werribee,2612,3,0.0,0.12240197934993775,3,0.0
Werribee,2612,4,0.0,0.09758788723353903,3,0.0
Werribee,2630,0,1.0,0.04960473657117615,1,20.1593651962073
Werribee,2630,1,0.0,0.2081895762153908,2,0.0
Werribee,2630,2,0.0,0.2100478955175078,3,0.0
Werribee,2630,3,0.0,0.07259008153913873,2,0.0
Werribee,2630,4,0.0,0.45956771015678655,3,0.0
Werribee,2635,0,0.0,0.00901873466369943,1,0.0
Werribee,2635,1,0.0,0.09462672378852705,2,0.0
Werribee,2635,2,0.0,0.09070178426487019,2,0.0
Werribee,2635,3,0.0,0.4025361904897845,2,0.0
Werribee,2635,4,1.0,0.4031165667931187,3,2.4806720496635024
Werribee,2640,0,1.0,0.20415794196829193,1,4.8981684981684985
Werribee,2640,1,0.0,0.14448100508525277,2,0.0
Werribee,2640,2,0.0,0.06805264732276398,1,0.0
Werribee,2640,3,0.0,0.2722105892910559,2,0.0
Werribee,2640,4,0.0,0.31109781633263534,2,0.0
Werribee,2658,0,0.0,0.24816973435814688,1,0.0
Werribee,2658,1,0.0,0.07699625091624557,2,0.0
Werribee,2658,2,1.0,0.3773639784210645,3,2.649961462098524
Werribee,2658,3,0.0,0.1523925797355302,3,0.0
Werribee,2658,4,0.0,0.1450774565690129,3,0.0
Werribee,2720,0,0.0,0.518122709934973,6,0.0
Werribee,2720,1,1.0,1.5617016077694266,12,0.6403271886415592
Werribee,2720,2,4.0,1.6221601338344374,19,2.4658478016870387
Werribee,2720,3,1.0,1.330886061919069,15,0.751379121483962
Werribee,2720,4,0.0,0.9671294865420942,19,0.0
Werribee,2744,0,0.0,0.15058707744497815,1,0.0
Werribee,2744,1,0.0,0.11519381188352643,2,0.0
Werribee,2744,2,0.0,0.2927080672821337,4,0.0
Werribee,2744,3,0.0,0.12831053476283658,3,0.0
Werribee,2744,4,1.0,0.31320050862652504,4,3.1928428353622085
Werribee,2753,0,0.0,0.04267192553825937,1,0.0
Werribee,2753,1,0.0,0.0583827273914861,2,0.0
Werribee,2753,2,1.0,0.4976726290465202,3,2.0093530197067047
Werribee,2753,3,0.0,0.35192615512597425,2,0.0
Werribee,2753,4,0.0,0.04934656289776004,3,0.0
Werribee,2761,0,0.0,0.02002917153093812,1,0.0
Werribee,2761,1,0.0,0.14491694695914054,2,0.0
Werribee,2761,2,1.0,0.38215832693770463,2,2.616716500758099
Werribee,2761,3,0.0,0.26530948750981115,2,0.0
Werribee,2761,4,0.0,0.1875860670624055,3,0.0
Werribee,2778,0,0.0,0.03957701991059676,1,0.0
Werribee,2778,1,1.0,0.2997059780502464,2,3.336603448838607
Werribee,2778,2,0.0,0.07216099441429448,2,0.0
Werribee,2778,3,0.0,0.24489748576187986,2,0.0
Werribee,2778,4,0.0,0.3436585218629824,2,0.0
Wodonga,1100,0,22.0,12.508999103881246,97,1.758733837719592
Wodonga,1100,1,31.0,21.816353210989472,194,1.420952425008616
Wodonga,1100,2,20.0,24.896529685626277,246,0.8033248108288268
Wodonga,1100,3,15.0,19.343633086172034,219,0.7754489517650581
Wodonga,1100,4,9.0,18.43448491333097,271,0.4882154311505398
Wodonga,1200,0,7.0,5.954158697914259,42,1.1756488792366415
Wodonga,1200,1,15.0,11.137200109115598,84,1.3468376120603929
Wodonga,1200,2,10.0,12.083871104609146,95,0.8275493766385594
Wodonga,1200,3,5.0,6.375505384873416,91,0.7842515531181334
Wodonga,1200,4,5.0,6.449264703487578,111,0.7752821801989525
Wodonga,1300,0,12.0,6.277099035154354,59,1.9117111157232076
Wodonga,1300,1,17.0,14.5406457642862,118,1.1691365208658275
Wodonga,1300,2,11.0,14.182742759789,149,0.7755904613307426
Wodonga,1300,3,11.0,12.622278420002683,141,0.8714749931809587
Wodonga,1300,4,8.0,11.377234020767762,167,0.7031586047537538
Wodonga,1400,0,10.0,6.959116727108952,56,1.43696397001726
Wodonga,1400,1,13.0,11.234142482080227,112,1.1571866763072056
Wodonga,1400,2,11.0,15.436751549041986,134,0.7125851553063745
Wodonga,1400,3,14.0,12.438690622458843,126,1.1255203963930185
Wodonga,1400,4,8.0,9.931298619309993,155,0.805534130697182
Wodonga,1590,0,9.0,7.543172459743763,71,1.1931319412397108
Wodonga,1590,1,18.0,17.39920682425354,144,1.034529917473536
Wodonga,1590,2,21.0,18.509935053566124,175,1.1345258608000433
Wodonga,1590,3,16.0,15.130108001024876,163,1.0574941037378054
Wodonga,1590,4,7.0,12.417577661411698,195,0.5637170300736578
Wodonga,2050,0,8.0,5.2737315868168935,50,1.5169524402793169
Wodonga,2050,1,11.0,12.224688045674458,100,0.8998184623526816
Wodonga,2050,2,13.0,11.137324319246057,117,1.167246245809248
Wodonga,2050,3,9.0,10.468050574477274,111,0.8597589337162156
Wodonga,2050,4,9.0,10.896205473785317,133,0.8259756134052987
Wycheproof,1050,0,5.0,1.9384433676071524,9,2.579389258181984
Wycheproof,1050,1,1.0,2.5986157032156227,18,0.3848202713323725
Wycheproof,1050,2,1.0,1.0370863153001386,9,0.9642398952208663
Wycheproof,1050,3,1.0,1.9053834367669669,18,0.524828746121982
Wycheproof,1050,4,1.0,1.5204711771101191,18,0.6576908625789594
Wycheproof,1400,0,3.0,1.0756847028548593,7,2.7889213187080024
Wycheproof,1400,1,2.0,2.0678296529704947,14,0.9671976592109242
Wycheproof,1400,2,1.0,1.3647450585323342,7,0.7327375862239164
Wycheproof,1400,3,1.0,1.3012300512391874,14,0.7685036162880499
Wycheproof,1400,4,0.0,1.1905105344031244,14,0.0
Wycheproof,1800,0,0.0,0.6232181349190049,5,0.0
Wycheproof,1800,1,3.0,1.518123588780039,10,1.9761236978148753
Wycheproof,1800,2,0.0,0.7945104386026418,5,0.0
Wycheproof,1800,3,0.0,0.9919870621606071,10,0.0
Wycheproof,1800,4,2.0,1.072160775537707,10,1.8653918755766512
Wyong,1000,0,30.0,16.295301264949718,90,1.8410215013654472
Wyong,1000,1,26.0,23.797735673708743,177,1.092540918870877
Wyong,1000,2,18.0,19.462102928573245,168,0.924874360497464
Wyong,1000,3,6.0,15.142584746956398,184,0.39623354270518296
Wyong,1000,4,9.0,14.302275385811894,217,0.6292705011769076
Wyong,1100,0,30.0,19.355123020127536,114,1.5499772318059037
Wyong,1100,1,34.0,28.337963406826546,228,1.1998039348095666
Wyong,1100,2,23.0,24.996587323381863,237,0.9201256036453324
Wyong,1100,3,20.0,23.641579403742373,246,0.8459671690476853
Wyong,1100,4,7.0,17.66874684592168,280,0.39617976651330805
Wyong,1200,0,28.0,16.481277382873085,111,1.698897442809674
Wyong,1200,1,38.0,31.69428425268926,224,1.1989543507919949
Wyong,1200,2,23.0,26.268056246295128,205,0.8755881967187406
Wyong,1200,3,15.0,19.182602007252267,229,0.7819585682030533
Wyong,1200,4,7.0,17.37378011089026,265,0.4029059856474326
Wyong,1300,0,5.0,5.039694892178563,39,0.9921235525110522
Wyong,1300,1,12.0,10.00374119622299,76,1.1995512243490183
Wyong,1300,2,6.0,9.362900750815871,82,0.6408270427812841
Wyong,1300,3,11.0,7.276942980437348,81,1.5116237724510648
Wyong,1300,4,4.0,6.316720180345229,96,0.6332400178887435
Wyong,1350,0,31.0,21.65644097474782,162,1.4314448083204023
Wyong,1350,1,51.0,45.263437720181905,325,1.1267372203428618
Wyong,1350,2,30.0,35.23226313128528,348,0.8514922782056775
Wyong,1350,3,26.0,33.20178026698179,352,0.783090538848492
Wyong,1350,4,24.0,26.6460779068032,405,0.9006954075546101
Wyong,1600,0,24.0,17.34493281680273,123,1.3836894183153159
Wyong,1600,1,32.0,28.77900470490679,246,1.1119217057059667
Wyong,1600,2,31.0,29.487700996368588,250,1.051285754824279
Wyong,1600,3,24.0,26.017019024556962,265,0.9224730926070686
Wyong,1600,4,12.0,21.371342457364936,307,0.5614995887104224
Wyong,1625,0,1.0,0.8404297037126853,9,1.1898675113247381
Wyong,1625,1,4.0,2.8717717794809348,18,1.3928683430140085
Wyong,1625,2,2.0,1.827976872753818,16,1.0941057459808186
Wyong,1625,3,0.0,1.5118829030776109,19,0.0
Wyong,1625,4,2.0,1.9479387409749513,21,1.0267263327793315
Wyong,1630,0,0.0,0.3447219623737372,4,0.0
Wyong,1630,1,0.0,0.9057734174780288,8,0.0
Wyong,1630,2,1.0,0.8816530359707232,8,1.1342330363542317
Wyong,1630,3,2.0,1.348084295873201,8,1.4835867505633469
Wyong,1630,4,1.0,0.5197672883043098,10,1.9239379285726168
Wyong,2000,0,3.0,1.1771445331379418,9,2.5485400607543323
Wyong,2000,1,3.0,2.808986942279884,19,1.0680006926500991
Wyong,2000,2,1.0,2.099987924802455,15,0.4761932143462537
Wyong,2000,3,2.0,1.3722380626331447,19,1.4574730540284406
Wyong,2000,4,0.0,1.5416425371465743,22,0.0
Wyong,2025,0,0.0,0.2286834367853643,1,0.0
Wyong,2025,1,1.0,0.2273766742894479,2,4.397988505747126
Wyong,2025,2,0.0,0.1960143743874551,2,0.0
Wyong,2025,3,0.0,0.08036589349885659,2,0.0
Wyong,2025,4,0.0,0.2675596210388762,3,0.0
Wyong,2100,0,7.0,5.1522410018120945,41,1.3586320976712911
Wyong,2100,1,8.0,10.85489637869667,82,0.7369945986495494
Wyong,2100,2,9.0,8.95944244252,72,1.0045267948022658
Wyong,2100,3,8.0,9.24448769259407,84,0.8653805668873298
Wyong,2100,4,9.0,6.788932484377165,96,1.3256870679905848
Wyong,2125,0,0.0,0.37774885974698363,2,0.0
Wyong,2125,1,0.0,0.5238563646573386,4,0.0
Wyong,2125,2,1.0,0.10433531094452811,2,9.58448286536156
Wyong,2125,3,0.0,0.4920033846552567,4,0.0
Wyong,2125,4,1.0,0.502056079995893,4,1.991809361233471
Wyong,2130,0,0.0,0.19570647060148114,2,0.0
Wyong,2130,1,0.0,0.5248842956277464,4,0.0
Wyong,2130,2,2.0,0.678668711569197,3,2.946945933864641
Wyong,2130,3,0.0,0.2471159656538977,4,0.0
Wyong,2130,4,0.0,0.3536245565476778,5,0.0
Yarra Glen,1000,0,15.0,8.842301504289805,52,1.696390921834413
Yarra Glen,1000,1,16.0,11.814416869710168,104,1.3542775895288441
Yarra Glen,1000,2,9.0,12.545300314791396,117,0.7174001238845316
Yarra Glen,1000,3,7.0,9.80171624153933,111,0.7141606456973572
Yarra Glen,1000,4,5.0,8.9962650696693,133,0.5557862025272448
Yarra Glen,1006,0,1.0,0.18829026266930907,1,5.310949094358016
Yarra Glen,1006,1,0.0,0.10204117460788362,2,0.0
Yarra Glen,1006,2,0.0,0.3607376789259868,3,0.0
Yarra Glen,1006,3,0.0,0.17389817526527873,2,0.0
Yarra Glen,1006,4,0.0,0.1750327085315417,3,0.0
Yarra Glen,1009,0,10.0,5.377300804756832,37,1.8596690724747753
Yarra Glen,1009,1,10.0,9.715570316203351,74,1.0292756549064634
Yarra Glen,1009,2,9.0,7.580820178407737,63,1.187206633081006
Yarra Glen,1009,3,4.0,7.5395744371762845,74,0.5305339224819798
Yarra Glen,1009,4,4.0,6.786734263455797,95,0.5893850922583795
Yarra Glen,1200,0,14.0,8.20998050674552,60,1.7052415640326135
Yarra Glen,1200,1,22.0,16.54208155961425,120,1.3299414539044883
Yarra Glen,1200,2,8.0,12.692308915823563,144,0.6303029695429458
Yarra Glen,1200,3,10.0,12.141124258290006,133,0.8236469528900474
Yarra Glen,1200,4,6.0,10.414504759526661,165,0.5761195696330643
Yarra Glen,1206,0,0.0,0.06112113538296047,1,0.0
Yarra Glen,1206,1,0.0,0.3841430497993591,2,0.0
Yarra Glen,1206,2,1.0,0.2641805414993239,2,3.785290144098517
Yarra Glen,1206,3,0.0,0.11543422350791793,2,0.0
Yarra Glen,1206,4,0.0,0.17512104981043852,3,0.0
Yarra Glen,1209,0,16.0,4.891305935650572,40,3.271110049237169
Yarra Glen,1209,1,10.0,10.19182412372235,80,0.9811786269667014
Yarra Glen,1209,2,8.0,9.897228428274449,76,0.8083070991011546
Yarra Glen,1209,3,4.0,8.05817475843892,80,0.49639032658245613
Yarra Glen,1209,4,2.0,6.961466753913708,100,0.287295776982
Yarra Glen,1500,0,6.0,3.8996311406364965,40,1.5386070588770306
Yarra Glen,1500,1,12.0,10.55224135003517,80,1.137199160059015
Yarra Glen,1500,2,15.0,11.115187737076297,106,1.3495048716060238
Yarra Glen,1500,3,5.0,7.572422630265058,98,0.660290668407263
Yarra Glen,1500,4,2.0,6.8605171419869775,113,0.2915232129892689
Yarra Glen,1514,0,11.0,4.931070781082046,37,2.23075280975509
Yarra Glen,1514,1,9.0,9.431353193696337,74,0.9542639126287157
Yarra Glen,1514,2,8.0,8.681179384157668,67,0.9215337739246864
Yarra Glen,1514,3,4.0,6.924857590686301,76,0.5776292071882987
Yarra Glen,1514,4,5.0,7.031539050377648,89,0.711081878970929
Yarra Glen,1950,0,8.0,5.9116644677437,50,1.3532567762685208
Yarra Glen,1950,1,9.0,10.614149019303646,100,0.8479247826304266
Yarra Glen,1950,2,10.0,13.697514876367544,113,0.7300594370773853
Yarra Glen,1950,3,15.0,10.33222660274604,115,1.4517683919179034
Yarra Glen,1950,4,8.0,9.44444503383907,131,0.8470587706674473
Yarra Glen,1962,0,0.0,0.33342202896498213,1,0.0
Yarra Glen,1962,1,1.0,0.191937023252868,2,5.210042247464404
Yarra Glen,1962,2,0.0,0.10381271964111163,2,0.0
Yarra Glen,1962,3,0.0,0.34258197481566843,2,0.0
Yarra Glen,1962,4,0.0,0.028246253325369772,3,0.0
Yarra Glen,1968,0,6.0,3.737847986534892,29,1.6052017154293632
Yarra Glen,1968,1,9.0,6.587680963582388,58,1.3661863787504656
Yarra Glen,1968,2,5.0,6.76874895821862,54,0.7386889410234362
Yarra Glen,1968,3,5.0,6.3311970910276365,58,0.7897400646531498
Yarra Glen,1968,4,4.0,5.574525000636464,78,0.7175499256965043
Yeppoon,950,0,0.0,0.03161748630514508,1,0.0
Yeppoon,950,1,1.0,0.398380327444828,2,2.510164109794028
Yeppoon,950,2,0.0,0.32882185757350885,1,0.0
Yeppoon,950,3,0.0,0.1873801026613745,2,0.0
Yeppoon,950,4,0.0,0.053800226015143636,2,0.0
Yeppoon,1000,0,3.0,1.593472014217493,8,1.8826813230687403
Yeppoon,1000,1,2.0,1.7307218545479288,16,1.155587187360275
Yeppoon,1000,2,1.0,2.006099901570917,17,0.49847966156467577
Yeppoon,1000,3,2.0,1.7413284980618235,16,1.14854836535788
Yeppoon,1000,4,0.0,0.9283777316018379,19,0.0
Yeppoon,1100,0,2.0,1.0777055433655258,6,1.855794481444603
Yeppoon,1100,1,2.0,1.4763781006925887,12,1.3546665309257657
Yeppoon,1100,2,1.0,1.054043451646428,15,0.94872749167787
Yeppoon,1100,3,0.0,0.9124159502862532,12,0.0
Yeppoon,1100,4,1.0,1.4794569540092044,17,0.6759236876004292
Yeppoon,1200,0,3.0,2.020593289975425,9,1.4847124430649212
Yeppoon,1200,1,4.0,2.5201001092859143,18,1.5872385328110732
Yeppoon,1200,2,0.0,1.4611393618991395,18,0.0
Yeppoon,1200,3,1.0,1.6970848388440607,18,0.5892457331014355
Yeppoon,1200,4,1.0,1.3010823999954606,20,0.7685908286850156
Yeppoon,1300,0,1.0,0.9095419007888725,5,1.0994545706279948
Yeppoon,1300,1,0.0,0.7349885014020103,10,0.0
Yeppoon,1300,2,2.0,1.3496824622273373,9,1.4818300274121252
Yeppoon,1300,3,1.0,1.0718232238385788,11,0.9329896738182679
Yeppoon,1300,4,1.0,0.9339639117432008,11,1.07070518188818
Yeppoon,1400,0,2.0,0.8202258276371264,7,2.438352868942837
Yeppoon,1400,1,2.0,1.4449883155071712,14,1.3840942369821359
Yeppoon,1400,2,0.0,1.58387126204118,15,0.0
Yeppoon,1400,3,1.0,1.626239563831778,15,0.6149155525670401
Yeppoon,1400,4,2.0,1.5246750309827448,17,1.3117549375166717
Yeppoon,1800,0,1.0,0.31436043767529526,3,3.1810618645114177
Yeppoon,1800,1,1.0,0.9412927166229001,6,1.062368785331438
Yeppoon,1800,2,0.0,0.5291930422578226,7,0.0
Yeppoon,1800,3,1.0,0.6076618408901502,6,1.645652125424105
Yeppoon,1800,4,0.0,0.6074919625538319,8,0.0
York,1100,0,12.0,5.191406627901761,34,2.311512247086317
York,1100,1,7.0,7.757981639425108,68,0.9022965412069115
York,1100,2,5.0,7.215597152712628,69,0.6929433412341074
York,1100,3,5.0,5.708310731415574,68,0.8759158769130418
York,1100,4,5.0,8.12670384854493,84,0.6152555935571886
York,1200,0,25.0,11.556521925680386,64,2.1632806272314613
York,1200,1,12.0,14.685042762627262,128,0.8171579881632645
York,1200,2,8.0,14.139030991468482,130,0.5658096375082009
York,1200,3,10.0,13.640164457278463,128,0.7331289905866163
York,1200,4,9.0,9.979239862945406,162,0.9018722992538252
York,1300,0,9.0,3.365069536713151,26,2.6745361133876586
York,1300,1,4.0,6.326922121154612,52,0.6322189404901403
York,1300,2,5.0,6.586245908996351,65,0.7591578069033758
York,1300,3,2.0,4.997458086803598,60,0.40020345648945926
York,1300,4,6.0,4.724304346332288,72,1.2700282539286651
York,1500,0,13.0,5.683785243977776,47,2.287208161809787
York,1500,1,9.0,11.02984972406489,94,0.8159675993013603
York,1500,2,11.0,11.490263203342472,107,0.9573322912916514
York,1500,3,10.0,9.945920163053218,109,1.005437389005763
York,1500,4,4.0,8.850181665561644,125,0.45196812349796606
York,1920,0,5.0,3.91213517337997,37,1.2780744474327932
York,1920,1,10.0,8.743280092953457,74,1.143735519585994
York,1920,2,4.0,8.700961667918945,87,0.4597192991607216
York,1920,3,8.0,7.8692473376646,74,1.0166156503570014
York,1920,4,10.0,7.7743757280830295,97,1.2862769114537966
