track,band,b_pos,W,E,n,AE_raw
Albany,1200-1400,0,44.0,23.058820885679747,177,1.9081634840802022
Albany,1200-1400,1,40.0,36.559496409921955,354,1.0941069743275873
Albany,1200-1400,2,46.0,47.31501897004401,435,0.97220715538809
Albany,1200-1400,3,25.0,37.57677941255192,397,0.6653044883258183
Albany,1200-1400,4,22.0,32.48988432180237,481,0.6771338359378792
Albany,1500-1800,0,34.0,19.566291463117714,183,1.7376823842213378
Albany,1500-1800,1,49.0,41.41481981257791,366,1.1831513506939955
Albany,1500-1800,2,47.0,43.862430476510376,413,1.071532048940377
Albany,1500-1800,3,29.0,42.24543271018077,411,0.6864647404359823
Albany,1500-1800,4,24.0,35.91102553761323,485,0.6683184242360996
Albany,2000+,0,10.0,7.187324084811949,67,1.391338401051334
Albany,2000+,1,16.0,13.023005816005673,134,1.228595013014239
Albany,2000+,2,15.0,16.167096248038202,149,0.9278103977280506
Albany,2000+,3,17.0,15.99185128310863,148,1.063041401464021
Albany,2000+,4,9.0,14.630722568035546,172,0.6151439177489935
Albany,sprint<=1100,0,46.0,21.456812131755214,151,2.143841299328984
Albany,sprint<=1100,1,44.0,37.506786138687744,300,1.1731210410111517
Albany,sprint<=1100,2,37.0,37.087341193030355,318,0.9976449863964159
Albany,sprint<=1100,3,16.0,29.520060280911174,324,0.5420043132617255
Albany,sprint<=1100,4,7.0,24.429000255615513,380,0.28654467750438967
Albury,1200-1400,0,65.0,36.074613658015245,321,1.8018210982436387
Albury,1200-1400,1,87.0,77.92711903924608,642,1.1164277734453982
Albury,1200-1400,2,75.0,80.26945304727425,855,0.9343529468903838
Albury,1200-1400,3,52.0,66.01135708788344,774,0.7877432353158627
Albury,1200-1400,4,42.0,60.71745716758098,907,0.691728572955212
Albury,1500-1800,0,19.0,17.81825540932536,152,1.066322126579023
Albury,1500-1800,1,36.0,32.53578898661201,303,1.1064738591344276
Albury,1500-1800,2,34.0,34.145832106298485,385,0.9957291388933063
Albury,1500-1800,3,33.0,32.69295159233362,353,1.0093918839600393
Albury,1500-1800,4,29.0,33.80717190543052,417,0.8578061507517482
Albury,2000+,0,1.0,4.004239828595131,38,0.24973529129269095
Albury,2000+,1,11.0,7.991439979070374,76,1.3764728295287285
Albury,2000+,2,8.0,9.563120966127087,101,0.8365469838075125
Albury,2000+,3,10.0,9.891523040503865,92,1.0109666589312831
Albury,2000+,4,8.0,6.549676185703543,106,1.221434430218426
Albury,sprint<=1100,0,32.0,20.52627633112346,125,1.5589773558431168
Albury,sprint<=1100,1,36.0,29.8071938893077,250,1.2077621306349724
Albury,sprint<=1100,2,20.0,26.9200253282544,315,0.7429413515078916
Albury,sprint<=1100,3,16.0,24.94827980449499,285,0.6413267818616193
Albury,sprint<=1100,4,21.0,22.798224646819452,345,0.9211243561866419
Ararat,1200-1400,0,21.0,10.97975155454469,84,1.9126115828465877
Ararat,1200-1400,1,16.0,21.52251289093894,169,0.7434076160658758
Ararat,1200-1400,2,23.0,21.60027215839213,216,1.0648013983964573
Ararat,1200-1400,3,13.0,15.794322934075467,193,0.8230805495279032
Ararat,1200-1400,4,11.0,14.103140462048774,237,0.7799681233836354
Ararat,1500-1800,0,12.0,6.706287199729943,57,1.7893656568247227
Ararat,1500-1800,1,13.0,13.604769247656781,114,0.9555472616515753
Ararat,1500-1800,2,14.0,14.69559459374934,145,0.9526664546091108
Ararat,1500-1800,3,10.0,11.093990100580854,132,0.9013889420611999
Ararat,1500-1800,4,8.0,10.899358858283081,158,0.7339881275603947
Ararat,2000+,0,8.0,6.704154091570221,51,1.1932899946406619
Ararat,2000+,1,9.0,11.929996885676783,102,0.7544008675145127
Ararat,2000+,2,15.0,12.618243386068793,113,1.188755006624836
Ararat,2000+,3,12.0,11.173702235842383,112,1.0739502222913249
Ararat,2000+,4,7.0,8.573903400841822,134,0.8164309384816152
Ararat,sprint<=1100,0,20.0,11.516444935308286,68,1.736647039285706
Ararat,sprint<=1100,1,22.0,19.33431514608892,136,1.1378732493894574
Ararat,sprint<=1100,2,11.0,15.72802059015698,168,0.6993887080033515
Ararat,sprint<=1100,3,7.0,11.785179873086621,152,0.5939663268089477
Ararat,sprint<=1100,4,8.0,9.636039455359194,178,0.8302166089150567
Armidale,1200-1400,0,27.0,14.393298393510461,129,1.8758730113018118
Armidale,1200-1400,1,27.0,31.832026579995656,257,0.8482023578406953
Armidale,1200-1400,2,23.0,31.82783798323583,318,0.7226378371070766
Armidale,1200-1400,3,28.0,28.042066938554697,299,0.99849986312896
Armidale,1200-1400,4,23.0,21.90477010470336,350,1.0499996069377362
Armidale,2000+,0,10.0,5.020402977075428,49,1.9918719763458854
Armidale,2000+,1,9.0,13.788238869111451,98,0.6527302061876726
Armidale,2000+,2,9.0,9.626521165574799,108,0.9349171777842978
Armidale,2000+,3,14.0,10.677860338036021,106,1.3111240975994092
Armidale,2000+,4,7.0,9.8869766502023,128,0.7080020766365187
Armidale,sprint<=1100,0,23.0,17.02794827698983,125,1.35072056984577
Armidale,sprint<=1100,1,40.0,33.852321523003,250,1.1816028620908492
Armidale,sprint<=1100,2,33.0,29.961375130448413,293,1.1014180709771084
Armidale,sprint<=1100,3,17.0,23.27779564578132,281,0.7303097019446918
Armidale,sprint<=1100,4,12.0,20.88055942377744,327,0.5746972462018987
Ascot,1200-1400,0,151.0,112.04595470331797,976,1.3476613269959357
Ascot,1200-1400,1,225.0,209.44319453190482,1953,1.074276968047894
Ascot,1200-1400,2,256.0,260.82288819782235,2627,0.9815089533317167
Ascot,1200-1400,3,184.0,203.5143559341958,2324,0.9041131233980095
Ascot,1200-1400,4,160.0,190.17360663275903,2769,0.8413365178953209
Ascot,1500-1800,0,89.0,66.61705105845557,607,1.3359942925408645
Ascot,1500-1800,1,135.0,119.60925524919408,1214,1.1286751992455837
Ascot,1500-1800,2,176.0,165.47546973065835,1651,1.0636017549094876
Ascot,1500-1800,3,119.0,133.10020690950972,1460,0.8940632232142511
Ascot,1500-1800,4,88.0,122.19801705218228,1720,0.7201426187007709
Ascot,2000+,0,25.0,17.341637032489537,184,1.441617071857895
Ascot,2000+,1,34.0,34.89053804206208,369,0.9744762307480469
Ascot,2000+,2,60.0,49.23420301729959,528,1.218664999592206
Ascot,2000+,3,33.0,39.746066508635224,462,0.8302708393252053
Ascot,2000+,4,32.0,42.78755539951356,533,0.7478810065499513
Ascot,sprint<=1100,0,119.0,71.57372337284622,488,1.6626213419147964
Ascot,sprint<=1100,1,125.0,120.87866524664571,976,1.0340948069284597
Ascot,sprint<=1100,2,106.0,113.11545778857972,1096,0.937095619575894
Ascot,sprint<=1100,3,83.0,96.1511821078663,1072,0.8632239165493277
Ascot,sprint<=1100,4,55.0,86.28097148406205,1261,0.6374522568995376
Atherton,1200-1400,0,10.0,3.7347456467638867,27,2.6775585128976274
Atherton,1200-1400,1,6.0,7.096897657387584,54,0.8454398371877665
Atherton,1200-1400,2,5.0,5.692707360912612,49,0.8783167099596768
Atherton,1200-1400,3,5.0,5.433058659470332,56,0.920291922724694
Atherton,1200-1400,4,1.0,5.042590675465586,62,0.1983107621376921
Atherton,1500-1800,0,1.0,0.05806505900652335,1,17.222061203582943
Atherton,1500-1800,1,0.0,0.2186906841930472,2,0.0
Atherton,1500-1800,2,0.0,0.3580678638735606,2,0.0
Atherton,1500-1800,3,0.0,0.2708897971115143,2,0.0
Atherton,1500-1800,4,0.0,0.09428659581535459,2,0.0
Atherton,sprint<=1100,0,7.0,2.5991240012141716,14,2.693215097367411
Atherton,sprint<=1100,1,3.0,3.327491452965564,28,0.9015800768853386
Atherton,sprint<=1100,2,2.0,2.318295921482086,24,0.8627026349256571
Atherton,sprint<=1100,3,2.0,2.902630196906188,29,0.6890302464749832
Atherton,sprint<=1100,4,0.0,2.8524584274319897,31,0.0
Avoca,1200-1400,0,12.0,6.266345025356355,46,1.914991905399844
Avoca,1200-1400,1,13.0,12.850381253614731,92,1.011643136762435
Avoca,1200-1400,2,7.0,9.357330192568872,88,0.7480766261255858
Avoca,1200-1400,3,10.0,8.511308907260828,92,1.17490742128619
Avoca,1200-1400,4,4.0,9.014634621199214,119,0.4437229203492533
Avoca,2000+,0,2.0,3.8629965203172367,27,0.5177327987434367
Avoca,2000+,1,4.0,5.823249780552449,54,0.6869016701565087
Avoca,2000+,2,9.0,5.902402382456391,50,1.5248028543005716
Avoca,2000+,3,8.0,5.513859942414523,54,1.4508892288796138
Avoca,2000+,4,4.0,5.8974913742594,71,0.678254489266178
Avoca,sprint<=1100,0,4.0,2.1004514238535457,14,1.9043525380184658
Avoca,sprint<=1100,1,7.0,4.3235919605792885,28,1.619024196506767
Avoca,sprint<=1100,2,1.0,2.811101075516719,26,0.35573249525230477
Avoca,sprint<=1100,3,1.0,2.8602045538711693,28,0.3496253436302453
Avoca,sprint<=1100,4,1.0,1.9046509861792775,37,0.525030573714713
Bairnsdale,1200-1400,0,20.0,14.112616912758623,104,1.417171607763181
Bairnsdale,1200-1400,1,34.0,25.86393675922331,209,1.3145717265131842
Bairnsdale,1200-1400,2,26.0,26.71234626946827,287,0.973332695590186
Bairnsdale,1200-1400,3,13.0,19.724023007072244,253,0.6590947493489904
Bairnsdale,1200-1400,4,11.0,17.587077051477554,297,0.6254592487314912
Bairnsdale,1500-1800,0,12.0,8.37770162161822,78,1.4323737633523053
Bairnsdale,1500-1800,1,24.0,18.750577858327905,156,1.2799605527538773
Bairnsdale,1500-1800,2,26.0,23.71522910118528,234,1.0963419281789915
Bairnsdale,1500-1800,3,8.0,14.557144157414477,196,0.5495583414914053
Bairnsdale,1500-1800,4,8.0,12.599347261454119,229,0.63495352846372
Bairnsdale,2000+,0,9.0,5.093629233760437,44,1.766913056872739
Bairnsdale,2000+,1,15.0,11.136715213714588,88,1.3468962537111366
Bairnsdale,2000+,2,7.0,12.132484337485096,117,0.5769634483163906
Bairnsdale,2000+,3,7.0,8.148389132029324,101,0.8590655019756865
Bairnsdale,2000+,4,6.0,7.488782083010555,126,0.8011983702412593
Bairnsdale,sprint<=1100,0,18.0,11.055421437894944,73,1.6281604551320812
Bairnsdale,sprint<=1100,1,29.0,17.20799925435927,146,1.6852627415504733
Bairnsdale,sprint<=1100,2,13.0,16.8005389401874,181,0.7737847009719196
Bairnsdale,sprint<=1100,3,8.0,15.074191886570098,166,0.5307083829234893
Bairnsdale,sprint<=1100,4,5.0,12.861848480988288,202,0.3887466103640343
Balaklava,1200-1400,0,64.0,35.15911886584002,274,1.8202959023009324
Balaklava,1200-1400,1,74.0,59.52736068804256,548,1.24312583566072
Balaklava,1200-1400,2,64.0,77.18587718238297,817,0.8291672302793686
Balaklava,1200-1400,3,39.0,56.850287624698225,707,0.686012360350077
Balaklava,1200-1400,4,33.0,45.27735563903623,830,0.7288411510399425
Balaklava,1500-1800,0,21.0,10.910750343525608,104,1.9247072235010225
Balaklava,1500-1800,1,15.0,19.812596497999635,208,0.757094104324714
Balaklava,1500-1800,2,34.0,29.53130202870366,318,1.1513207229045601
Balaklava,1500-1800,3,18.0,21.24092279389282,265,0.8474208100401057
Balaklava,1500-1800,4,16.0,22.504428335878274,323,0.7109711813692944
Balaklava,2000+,0,9.0,5.156331858849886,57,1.745426835658991
Balaklava,2000+,1,12.0,11.784435572087723,114,1.018292299753656
Balaklava,2000+,2,15.0,15.183118639353864,145,0.9879393263200071
Balaklava,2000+,3,10.0,11.39058690183726,131,0.8779178883563091
Balaklava,2000+,4,11.0,13.485527027871267,153,0.815689292473754
Balaklava,sprint<=1100,0,41.0,23.042268685591207,174,1.7793386822903476
Balaklava,sprint<=1100,1,51.0,43.2657368759451,348,1.178761849040759
Balaklava,sprint<=1100,2,27.0,40.153070286539865,447,0.6724267859798246
Balaklava,sprint<=1100,3,35.0,35.330165710979536,405,0.9906548496352812
Balaklava,sprint<=1100,4,20.0,32.208758440944294,481,0.6209491134739201
Ballarat,1200-1400,0,47.0,40.284539606631824,322,1.166700686142697
Ballarat,1200-1400,1,84.0,73.96074328018571,643,1.135737639652735
Ballarat,1200-1400,2,77.0,81.21972465555989,739,0.9480455680753034
Ballarat,1200-1400,3,64.0,65.75421375713618,710,0.9733216526074604
Ballarat,1200-1400,4,49.0,59.78077870048638,841,0.8196614541523417
Ballarat,1500-1800,0,20.0,16.82987679694464,144,1.1883628288729289
Ballarat,1500-1800,1,45.0,32.468306721090656,288,1.3859669488328767
Ballarat,1500-1800,2,34.0,39.27364293823626,366,0.865720555983822
Ballarat,1500-1800,3,31.0,28.24457652911397,321,1.0975558429083117
Ballarat,1500-1800,4,14.0,27.183597014614477,398,0.5150164635119224
Ballarat,2000+,0,15.0,15.195461778630627,138,0.9871368319384999
Ballarat,2000+,1,34.0,32.55085310053553,276,1.0445194752650164
Ballarat,2000+,2,39.0,36.01038388062129,356,1.0830209455497515
Ballarat,2000+,3,30.0,30.773650736590454,321,0.9748599624005426
Ballarat,2000+,4,20.0,23.46965050362211,364,0.8521643727465549
Ballarat,sprint<=1100,0,32.0,20.67647822837179,150,1.5476523442029086
Ballarat,sprint<=1100,1,35.0,36.40509609406363,300,0.9614038625132828
Ballarat,sprint<=1100,2,29.0,35.805519066504,326,0.8099310038247554
Ballarat,sprint<=1100,3,25.0,31.04332286955501,329,0.8053261599942365
Ballarat,sprint<=1100,4,29.0,26.069583741505575,378,1.1124074817439025
Ballarat Synthetic,1200-1400,0,50.0,41.0651883187824,322,1.2175762987340544
Ballarat Synthetic,1200-1400,1,102.0,82.62948261836677,644,1.2344262213415769
Ballarat Synthetic,1200-1400,2,87.0,74.98910807804788,721,1.160168486194706
Ballarat Synthetic,1200-1400,3,47.0,65.1010202101191,722,0.7219548917713345
Ballarat Synthetic,1200-1400,4,36.0,58.21520077468385,851,0.6183951875272993
Ballarat Synthetic,1500-1800,0,29.0,18.622062296816793,143,1.5572926101185465
Ballarat Synthetic,1500-1800,1,34.0,32.57293867189504,286,1.043811255179634
Ballarat Synthetic,1500-1800,2,36.0,37.04737760993878,336,0.9717286977511251
Ballarat Synthetic,1500-1800,3,24.0,28.79929718205063,328,0.8333536699971336
Ballarat Synthetic,1500-1800,4,20.0,25.95832423929876,387,0.7704657594854158
Ballarat Synthetic,2000+,0,9.0,8.584771794700234,75,1.0483679957056173
Ballarat Synthetic,2000+,1,14.0,17.107476995356386,150,0.8183556233219035
Ballarat Synthetic,2000+,2,17.0,17.90425428908389,169,0.9494950041211597
Ballarat Synthetic,2000+,3,24.0,17.402531161670275,166,1.3791097270298758
Ballarat Synthetic,2000+,4,11.0,14.000965759189208,203,0.7856600886821258
Ballarat Synthetic,sprint<=1100,0,48.0,29.6127236278598,178,1.6209248633530404
Ballarat Synthetic,sprint<=1100,1,49.0,48.22671091402178,356,1.0160344562447319
Ballarat Synthetic,sprint<=1100,2,49.0,39.58244524686658,373,1.2379225107089344
Ballarat Synthetic,sprint<=1100,3,25.0,32.54236746809782,383,0.7682292944577
Ballarat Synthetic,sprint<=1100,4,7.0,28.03575274315402,436,0.24968118616716337
Ballina,1200-1400,0,34.0,19.2380856661265,138,1.7673276120121229
Ballina,1200-1400,1,32.0,37.026338110080786,276,0.8642496566866191
Ballina,1200-1400,2,34.0,33.13110712646007,329,1.0262258930926575
Ballina,1200-1400,3,26.0,27.075449138178367,310,0.9602795457726349
Ballina,1200-1400,4,12.0,21.52901995915427,362,0.5573871928572173
Ballina,1500-1800,0,16.0,7.885060599202245,60,2.0291537140017373
Ballina,1500-1800,1,12.0,15.518507217432207,120,0.7732702528578389
Ballina,1500-1800,2,17.0,17.3129201107868,151,0.9819256307552743
Ballina,1500-1800,3,8.0,10.272712148305107,142,0.778762208509845
Ballina,1500-1800,4,7.0,9.010799924273643,158,0.7768455696306305
Ballina,2000+,0,6.0,3.4334021370758885,29,1.7475377950076059
Ballina,2000+,1,10.0,7.539665052840565,58,1.326318865614926
Ballina,2000+,2,8.0,6.540790292141975,63,1.2230937918329383
Ballina,2000+,3,0.0,6.509792653913181,67,0.0
Ballina,2000+,4,5.0,4.97634986402839,74,1.0047525066801604
Ballina,sprint<=1100,0,34.0,15.361177058118432,97,2.2133720528942726
Ballina,sprint<=1100,1,30.0,25.56777790123463,194,1.1733518695244667
Ballina,sprint<=1100,2,18.0,23.24833735821638,207,0.7742489160687647
Ballina,sprint<=1100,3,8.0,17.706579933143754,211,0.4518094420382865
Ballina,sprint<=1100,4,7.0,15.116127749286806,249,0.46308155872328266
Barcaldine,1200-1400,0,6.0,3.9120343123270827,33,1.5337288788837045
Barcaldine,1200-1400,1,3.0,7.882951543561192,66,0.38056811378606087
Barcaldine,1200-1400,2,10.0,6.799482838298476,77,1.4707000867293065
Barcaldine,1200-1400,3,7.0,7.568490817179416,73,0.9248871629877622
Barcaldine,1200-1400,4,7.0,6.837040488633833,86,1.0238348027391497
Barcaldine,1500-1800,0,0.0,0.5200904756673955,8,0.0
Barcaldine,1500-1800,1,0.0,1.5984443112173914,16,0.0
Barcaldine,1500-1800,2,1.0,1.859465536405678,21,0.5377889401128598
Barcaldine,1500-1800,3,4.0,1.9342561084970602,21,2.067978476287738
Barcaldine,1500-1800,4,3.0,2.087743568212475,24,1.436958085119907
Barcaldine,sprint<=1100,0,4.0,2.352236785448022,19,1.7005090749136185
Barcaldine,sprint<=1100,1,2.0,4.393914089834517,38,0.4551750350847947
Barcaldine,sprint<=1100,2,6.0,4.7087549187625335,43,1.2742221889893575
Barcaldine,sprint<=1100,3,5.0,3.572181595324835,41,1.3997048768584026
Barcaldine,sprint<=1100,4,2.0,3.972912610630092,49,0.5034090089595014
Bathurst,1200-1400,0,43.0,26.783403597496974,179,1.6054718304740976
Bathurst,1200-1400,1,58.0,49.201044536770574,358,1.1788367614157764
Bathurst,1200-1400,2,31.0,37.562368450252244,374,0.8252940716732633
Bathurst,1200-1400,3,21.0,34.75186043049059,384,0.6042841948563715
Bathurst,1200-1400,4,26.0,30.701322984989616,453,0.8468690425071203
Bathurst,1500-1800,0,6.0,4.4393729537393325,30,1.3515422251122502
Bathurst,1500-1800,1,8.0,7.460237440395835,60,1.0723519276586893
Bathurst,1500-1800,2,2.0,5.731459320674906,55,0.34895126844667035
Bathurst,1500-1800,3,9.0,6.561602042607956,62,1.3716162518784643
Bathurst,1500-1800,4,5.0,5.807328242581971,70,0.8609811243899952
Bathurst,2000+,0,2.0,3.1898294950613133,24,0.6269927603016151
Bathurst,2000+,1,3.0,5.632511445332692,48,0.5326220868110106
Bathurst,2000+,2,3.0,4.593024215056681,47,0.6531644205500837
Bathurst,2000+,3,12.0,5.88893972212874,51,2.0377182593511467
Bathurst,2000+,4,4.0,4.695695122420576,57,0.8518440605100543
Bathurst,sprint<=1100,0,24.0,14.559428064791094,80,1.6484164002320214
Bathurst,sprint<=1100,1,24.0,21.897087213209613,160,1.0960361881155494
Bathurst,sprint<=1100,2,17.0,15.093415774453888,148,1.1263189362856532
Bathurst,sprint<=1100,3,8.0,15.502197616407306,165,0.516055864978325
Bathurst,sprint<=1100,4,7.0,12.947871331138096,190,0.5406294070258352
Beaudesert,1200-1400,0,37.0,21.72360947885496,163,1.703216034886586
Beaudesert,1200-1400,1,43.0,39.484130521622504,326,1.089045128559995
Beaudesert,1200-1400,2,50.0,41.89812148034111,402,1.1933709253160754
Beaudesert,1200-1400,3,22.0,33.222946270257644,376,0.6621929259686152
Beaudesert,1200-1400,4,11.0,26.671192248923788,439,0.4124300067779633
Beaudesert,1500-1800,0,10.0,7.607545693817377,65,1.3144843820165235
Beaudesert,1500-1800,1,21.0,17.278749788902463,131,1.2153657097047361
Beaudesert,1500-1800,2,16.0,15.11029208410379,142,1.0588809210929941
Beaudesert,1500-1800,3,12.0,14.184874178197747,141,0.8459715503465012
Beaudesert,1500-1800,4,6.0,10.818538254978625,165,0.5546035756946034
Beaudesert,2000+,0,2.0,2.7699385890377877,23,0.7220376682411409
Beaudesert,2000+,1,5.0,6.58979573418546,46,0.7587488598564325
Beaudesert,2000+,2,11.0,5.898481060450946,49,1.8648868899070496
Beaudesert,2000+,3,2.0,3.2313914432456636,51,0.618928419885635
Beaudesert,2000+,4,3.0,4.510393173080144,55,0.6651304852768085
Beaudesert,sprint<=1100,0,28.0,10.279288683314249,81,2.7239238883767043
Beaudesert,sprint<=1100,1,27.0,21.888034745628694,162,1.2335506734058082
Beaudesert,sprint<=1100,2,11.0,18.945448724478563,181,0.5806143818482058
Beaudesert,sprint<=1100,3,9.0,16.810382239675697,176,0.5353834238675602
Beaudesert,sprint<=1100,4,6.0,13.076845606902795,209,0.45882624758013635
Beaumont,1200-1400,0,19.0,14.878352924785746,108,1.2770230748020521
Beaumont,1200-1400,1,26.0,28.535059046969188,216,0.9111598457603877
Beaumont,1200-1400,2,32.0,27.476799681161207,218,1.164618891986173
Beaumont,1200-1400,3,20.0,20.035430409687184,226,0.9982316122507628
Beaumont,1200-1400,4,11.0,17.074357937396677,263,0.644240916134687
Beaumont,2000+,0,2.0,2.905014708937649,20,0.6884646724323785
Beaumont,2000+,1,1.0,4.31251724680922,40,0.2318831306100603
Beaumont,2000+,2,7.0,4.3187859913383475,34,1.6208258557008914
Beaumont,2000+,3,6.0,4.621524168983367,43,1.2982729897353036
Beaumont,2000+,4,4.0,3.8421578839314163,47,1.0410816319466483
Beaumont,sprint<=1100,0,8.0,8.337673903180836,50,0.9595002266696935
Beaumont,sprint<=1100,1,15.0,12.221961387054105,100,1.2272989191316284
Beaumont,sprint<=1100,2,7.0,9.88059011839688,107,0.7084597089971936
Beaumont,sprint<=1100,3,11.0,9.70144719061196,104,1.133851453692872
Beaumont,sprint<=1100,4,9.0,9.858327400756222,131,0.9129337700135237
Belmont Park,1200-1400,0,181.0,142.3176597193645,1209,1.2718028132061263
Belmont Park,1200-1400,1,273.0,263.67490445545724,2419,1.0353658819514926
Belmont Park,1200-1400,2,324.0,317.3247889586612,3176,1.0210358953148422
Belmont Park,1200-1400,3,234.0,255.9948035994016,2869,0.9140810544192898
Belmont Park,1200-1400,4,197.0,229.68784326711543,3387,0.8576857930217008
Belmont Park,1500-1800,0,41.0,39.75559901585107,350,1.0313012761712577
Belmont Park,1500-1800,1,72.0,68.51181757223927,700,1.0509135876315465
Belmont Park,1500-1800,2,114.0,89.5617294063971,934,1.2728651038292407
Belmont Park,1500-1800,3,61.0,73.46732531424433,841,0.8303010860825896
Belmont Park,1500-1800,4,62.0,78.70352869126822,986,0.7877664576287112
Belmont Park,2000+,0,21.0,16.754367846059864,208,1.253404496842212
Belmont Park,2000+,1,36.0,35.606653154162686,416,1.0110470041689759
Belmont Park,2000+,2,62.0,55.44589991545307,589,1.1182071189130482
Belmont Park,2000+,3,49.0,52.1752845059961,529,0.9391419800378628
Belmont Park,2000+,4,40.0,48.01779457832828,613,0.8330245141673599
Belmont Park,sprint<=1100,0,62.0,52.962030326452286,373,1.17064998486347
Belmont Park,sprint<=1100,1,93.0,94.66539091631068,747,0.982407605354073
Belmont Park,sprint<=1100,2,100.0,84.69046873640899,784,1.1807704159867207
Belmont Park,sprint<=1100,3,75.0,72.77578396687758,809,1.030562584308741
Belmont Park,sprint<=1100,4,43.0,67.90632605395045,941,0.6332252456985703
Benalla,1200-1400,0,35.0,18.74656194141292,193,1.867009007271979
Benalla,1200-1400,1,40.0,41.55746536713559,384,0.9625226092742589
Benalla,1200-1400,2,60.0,54.12622981238464,534,1.108519847178999
Benalla,1200-1400,3,31.0,41.939939104257085,452,0.7391522415647324
Benalla,1200-1400,4,26.0,35.62980377480976,557,0.7297261630832214
Benalla,1500-1800,0,7.0,7.88379047942327,79,0.88789777179772
Benalla,1500-1800,1,19.0,17.256635822078568,158,1.1010257269085397
Benalla,1500-1800,2,22.0,20.917492462800922,208,1.0517513052352798
Benalla,1500-1800,3,16.0,18.99218087054068,188,0.842451960049415
Benalla,1500-1800,4,15.0,13.949900365156562,223,1.0752764971330067
Benalla,2000+,0,12.0,4.818505798012246,48,2.490398580603618
Benalla,2000+,1,13.0,11.72236810941111,96,1.1089909375532374
Benalla,2000+,2,8.0,11.680746039889815,93,0.6848877608228066
Benalla,2000+,3,10.0,9.990665016808038,99,1.0009343705525366
Benalla,2000+,4,5.0,9.787715035878794,118,0.510844459781626
Benalla,sprint<=1100,0,10.0,8.731749630604892,70,1.1452458468288962
Benalla,sprint<=1100,1,26.0,17.471264721986493,140,1.4881578645695082
Benalla,sprint<=1100,2,15.0,16.715499924622044,166,0.8973707078844169
Benalla,sprint<=1100,3,14.0,13.656280301204474,151,1.0251693500143821
Benalla,sprint<=1100,4,5.0,13.425205421582096,190,0.37243377981852693
Bendigo,1200-1400,0,57.0,35.56666163520101,350,1.602624406660253
Bendigo,1200-1400,1,98.0,82.50819613519236,701,1.1877607872971045
Bendigo,1200-1400,2,86.0,94.27702958686254,962,0.9122052357490065
Bendigo,1200-1400,3,62.0,71.30693771868648,861,0.8694806141387904
Bendigo,1200-1400,4,47.0,66.34117492405761,997,0.7084589631371778
Bendigo,1500-1800,0,37.0,22.067808704694787,207,1.6766503867748537
Bendigo,1500-1800,1,47.0,44.647734404507275,416,1.0526849934686777
Bendigo,1500-1800,2,57.0,57.47061470694349,563,0.9918112115323062
Bendigo,1500-1800,3,37.0,42.396173011890795,496,0.8727202804277325
Bendigo,1500-1800,4,29.0,40.417669171963645,594,0.717507975945241
Bendigo,2000+,0,16.0,12.008999527327894,116,1.3323341352116898
Bendigo,2000+,1,29.0,23.451990355926362,232,1.2365688182483687
Bendigo,2000+,2,30.0,32.69780564717267,316,0.9174927615545985
Bendigo,2000+,3,24.0,25.4460825191515,279,0.9431707211488003
Bendigo,2000+,4,17.0,22.395121950421576,324,0.7590938793561687
Bendigo,sprint<=1100,0,55.0,37.965035115074684,313,1.4487014125837403
Bendigo,sprint<=1100,1,63.0,71.19016745265829,626,0.88495367063008
Bendigo,sprint<=1100,2,83.0,81.49719676250521,816,1.0184399377793838
Bendigo,sprint<=1100,3,56.0,64.09858061484191,738,0.8736542909818085
Bendigo,sprint<=1100,4,56.0,58.24902005491992,875,0.9613895641025474
Birdsville,1200-1400,0,1.0,1.4002747199867707,10,0.7141455785257965
Birdsville,1200-1400,1,5.0,2.948489114835242,20,1.6957837744228517
Birdsville,1200-1400,2,4.0,1.6898544505734006,22,2.3670677664829194
Birdsville,1200-1400,3,0.0,2.0712894196221483,22,0.0
Birdsville,1200-1400,4,0.0,1.8900922949824381,25,0.0
Birdsville,1500-1800,0,4.0,0.9464799764100981,6,4.226185550350037
Birdsville,1500-1800,1,1.0,1.184907592082924,12,0.8439476687309608
Birdsville,1500-1800,2,0.0,1.7117078053961063,18,0.0
Birdsville,1500-1800,3,0.0,0.9888709034898066,17,0.0
Birdsville,1500-1800,4,1.0,1.168033722621065,18,0.8561396650055636
Birdsville,sprint<=1100,0,1.0,1.0514614191403289,6,0.9510572445136375
Birdsville,sprint<=1100,1,2.0,1.523100331204669,12,1.313111131962092
Birdsville,sprint<=1100,2,2.0,1.0101652122503877,12,1.9798741589452635
Birdsville,sprint<=1100,3,1.0,1.1547048897754966,12,0.8660221402495533
Birdsville,sprint<=1100,4,0.0,1.2605681476291177,14,0.0
Blackall,1200-1400,0,3.0,1.4350424653653167,13,2.090530470285626
Blackall,1200-1400,1,3.0,4.017424061514028,26,0.7467471578963472
Blackall,1200-1400,2,3.0,2.4314567556411864,24,1.2338282361139037
Blackall,1200-1400,3,2.0,2.5587919717169836,26,0.7816188350231431
Blackall,1200-1400,4,2.0,2.5572847457624865,35,0.7820795096494719
Blackall,sprint<=1100,0,2.0,0.6416558959782019,7,3.116935436167087
Blackall,sprint<=1100,1,3.0,2.2483238080053742,14,1.3343273728269078
Blackall,sprint<=1100,2,1.0,1.1440036619682012,14,0.8741230760394157
Blackall,sprint<=1100,3,1.0,1.5894090518010804,14,0.6291646564280126
Blackall,sprint<=1100,4,0.0,1.3766075822471424,20,0.0
Boorowa,1200-1400,1,1.0,1.0,1,1.0
Bordertown,1200-1400,0,16.0,10.380028601604023,90,1.541421571567493
Bordertown,1200-1400,1,20.0,20.153566692190285,180,0.9923801729720728
Bordertown,1200-1400,2,21.0,21.64991701391879,240,0.9699806233205902
Bordertown,1200-1400,3,19.0,18.22212483351117,215,1.0426884994804935
Bordertown,1200-1400,4,14.0,19.59436285877573,256,0.7144912085635802
Bordertown,1500-1800,0,12.0,7.526241727855842,61,1.5944212840767593
Bordertown,1500-1800,1,13.0,14.844214928808988,122,0.8757620434860575
Bordertown,1500-1800,2,14.0,14.312213428050121,149,0.9781855245787334
Bordertown,1500-1800,3,15.0,13.958732875046355,148,1.074596106557429
Bordertown,1500-1800,4,7.0,10.358597040238694,162,0.6757671886268006
Bordertown,2000+,0,5.0,3.188018819481029,28,1.5683721719101833
Bordertown,2000+,1,10.0,8.07906233680688,56,1.237767402095865
Bordertown,2000+,2,5.0,5.4336995522114755,65,0.9201833763453183
Bordertown,2000+,3,4.0,5.681646847941993,63,0.7040212295927687
Bordertown,2000+,4,4.0,5.617572443558624,74,0.7120513424952073
Bordertown,sprint<=1100,0,14.0,8.150660576025945,59,1.7176521914283962
Bordertown,sprint<=1100,1,16.0,15.314061489684885,118,1.044791416749707
Bordertown,sprint<=1100,2,12.0,14.418902312602702,140,0.8322408835179858
Bordertown,sprint<=1100,3,11.0,10.045941412902778,133,1.094969555155065
Bordertown,sprint<=1100,4,6.0,11.070434208783691,160,0.5419841613113403
Bowen,1200-1400,0,3.0,3.357226849036709,24,0.8935946645550007
Bowen,1200-1400,1,13.0,6.706817245006049,48,1.938326261935929
Bowen,1200-1400,2,4.0,4.318279396329986,50,0.9262948579472451
Bowen,1200-1400,3,3.0,5.0845932498820074,52,0.5900176971028347
Bowen,1200-1400,4,1.0,4.533083259745249,59,0.22060040433852482
Bowen,1500-1800,0,4.0,1.334686596686693,10,2.9969582446769474
Bowen,1500-1800,1,2.0,2.43663139384908,20,0.8208053155059514
Bowen,1500-1800,2,2.0,2.1692401718508654,18,0.921981819234675
Bowen,1500-1800,3,2.0,2.0513201537422,20,0.9749818897608074
Bowen,1500-1800,4,0.0,2.008121683871162,24,0.0
Bowen,sprint<=1100,0,4.0,3.84181050449323,24,1.0411757673424438
Bowen,sprint<=1100,1,10.0,6.938133782635804,48,1.4413097690660255
Bowen,sprint<=1100,2,5.0,4.973228850046616,55,1.0053830520896163
Bowen,sprint<=1100,3,1.0,4.242084448958489,56,0.23573316656756294
Bowen,sprint<=1100,4,4.0,4.004742413865861,61,0.9988158005245379
Bowraville,1200-1400,0,1.0,1.0749315456106645,10,0.9302917977273649
Bowraville,1200-1400,1,4.0,3.538620915231706,20,1.1303838686936838
Bowraville,1200-1400,2,1.0,1.9787964730304832,18,0.5053576826264108
Bowraville,1200-1400,3,4.0,2.020914526817819,20,1.9793019184727703
Bowraville,1200-1400,4,0.0,1.3867365393093274,24,0.0
Bowraville,2000+,0,0.0,0.17012008634734366,2,0.0
Bowraville,2000+,1,2.0,0.9024519870277428,4,2.2161843829355066
Bowraville,2000+,2,0.0,0.3528477819816763,3,0.0
Bowraville,2000+,3,0.0,0.3916448714278407,4,0.0
Bowraville,2000+,4,0.0,0.18293527321539643,5,0.0
Bowraville,sprint<=1100,0,2.0,1.1608037866343308,8,1.7229440694700522
Bowraville,sprint<=1100,1,2.0,2.249091260576837,16,0.8892480421123725
Bowraville,sprint<=1100,2,4.0,2.0314730078744465,12,1.969014594087689
Bowraville,sprint<=1100,3,0.0,1.5430292697411463,16,0.0
Bowraville,sprint<=1100,4,0.0,1.0156026751732397,16,0.0
Broome,1200-1400,0,35.0,16.890502842312316,105,2.072170398167287
Broome,1200-1400,1,34.0,26.654802164361623,210,1.275567524018586
Broome,1200-1400,2,18.0,20.228181818348578,216,0.8898476472894149
Broome,1200-1400,3,11.0,21.26863716911063,223,0.517193457791258
Broome,1200-1400,4,7.0,19.957876005866854,260,0.35073872580139626
Broome,1500-1800,0,12.0,5.437702917581004,43,2.2068141974439226
Broome,1500-1800,1,11.0,10.489684821003106,86,1.048649238533374
Broome,1500-1800,2,7.0,8.204080981863491,87,0.8532338985286327
Broome,1500-1800,3,7.0,10.688761573846818,94,0.6548934553023942
Broome,1500-1800,4,6.0,8.179769705705581,108,0.7335169834689672
Broome,2000+,0,2.0,1.5440993828943144,15,1.2952534157815214
Broome,2000+,1,2.0,2.5851576215391097,30,0.7736472172281983
Broome,2000+,2,7.0,3.6098414080376973,41,1.93914336081739
Broome,2000+,3,2.0,3.3726316797359988,37,0.5930087213545225
Broome,2000+,4,2.0,3.88826990779288,43,0.5143675844085811
Broome,sprint<=1100,0,14.0,5.55377262406773,35,2.520808997352511
Broome,sprint<=1100,1,8.0,10.140916370504831,71,0.7888833422656208
Broome,sprint<=1100,2,8.0,7.112659562078413,65,1.1247550835488456
Broome,sprint<=1100,3,4.0,6.021005001899718,76,0.6643409196202195
Broome,sprint<=1100,4,1.0,6.171646441449306,87,0.16203131684341382
Bunbury,1200-1400,0,67.0,41.41141426215381,321,1.6179114187179977
Bunbury,1200-1400,1,62.0,67.37288829594851,643,0.9202514775328162
Bunbury,1200-1400,2,87.0,86.88808842012548,930,1.00128799680036
Bunbury,1200-1400,3,63.0,67.33432459763272,797,0.9356297902513587
Bunbury,1200-1400,4,42.0,57.993284424139475,934,0.7242217856265728
Bunbury,1500-1800,0,19.0,11.200699049382994,112,1.6963226952380834
Bunbury,1500-1800,1,35.0,22.885761398335717,224,1.5293351787957226
Bunbury,1500-1800,2,23.0,29.77398433524204,271,0.7724864680867048
Bunbury,1500-1800,3,26.0,28.035343461358956,267,0.9274008016286919
Bunbury,1500-1800,4,9.0,20.104211755680293,297,0.44766738976757536
Bunbury,2000+,0,4.0,5.0813985568889475,57,0.7871848577154266
Bunbury,2000+,1,13.0,11.494293742656824,114,1.130995978618095
Bunbury,2000+,2,16.0,14.528980397286215,148,1.1012472701104716
Bunbury,2000+,3,13.0,11.837003818658044,133,1.09825089179314
Bunbury,2000+,4,11.0,14.058323484509971,158,0.7824546086252919
Bunbury,sprint<=1100,0,31.0,21.708506963222103,132,1.4280116109559844
Bunbury,sprint<=1100,1,36.0,33.17408665898619,265,1.0851843600115612
Bunbury,sprint<=1100,2,33.0,30.544193985661877,285,1.080401729228505
Bunbury,sprint<=1100,3,21.0,25.529683023368985,285,0.8225719050556691
Bunbury,sprint<=1100,4,11.0,21.043529368760844,340,0.5227260031926735
Bunbury Fibre Sand,1200-1400,0,0.0,0.7619154033765945,8,0.0
Bunbury Fibre Sand,1200-1400,1,2.0,1.7496501270050968,14,1.1430856770338598
Bunbury Fibre Sand,1200-1400,2,2.0,1.5508461127650803,13,1.2896186046687128
Bunbury Fibre Sand,1200-1400,3,2.0,1.3212945950523534,14,1.5136669804668008
Bunbury Fibre Sand,1200-1400,4,1.0,1.616293761800875,17,0.6186994119718681
Bunbury Fibre Sand,1500-1800,0,0.0,0.750324330525979,5,0.0
Bunbury Fibre Sand,1500-1800,1,1.0,0.7064640773541037,10,1.4155001394342182
Bunbury Fibre Sand,1500-1800,2,2.0,1.2802215177532783,9,1.5622296393751414
Bunbury Fibre Sand,1500-1800,3,1.0,1.3316938081940732,10,0.7509233683049954
Bunbury Fibre Sand,1500-1800,4,1.0,0.9312962661725654,14,1.073772156426432
Bunbury Fibre Sand,2000+,0,0.0,0.21225532887501375,3,0.0
Bunbury Fibre Sand,2000+,1,2.0,0.633615511275061,6,3.156488382008333
Bunbury Fibre Sand,2000+,2,1.0,0.8001377022763061,7,1.249784877221892
Bunbury Fibre Sand,2000+,3,0.0,0.5988862378558534,6,0.0
Bunbury Fibre Sand,2000+,4,0.0,0.7551052197177659,8,0.0
Bunbury Fibre Sand,sprint<=1100,0,0.0,0.7520725731311979,4,0.0
Bunbury Fibre Sand,sprint<=1100,1,2.0,1.231224820053215,8,1.6243987023536104
Bunbury Fibre Sand,sprint<=1100,2,0.0,0.6745721516812614,8,0.0
Bunbury Fibre Sand,sprint<=1100,3,0.0,0.82875267704787,8,0.0
Bunbury Fibre Sand,sprint<=1100,4,2.0,0.5133777780864557,9,3.895766597951945
Bundaberg,1200-1400,0,5.0,3.5920485462611165,20,1.3919633700954261
Bundaberg,1200-1400,1,6.0,4.912941876784336,40,1.2212641937313484
Bundaberg,1200-1400,2,4.0,4.572830330894484,42,0.8747317767238406
Bundaberg,1200-1400,3,3.0,3.34167010185411,42,0.8977546880930778
Bundaberg,1200-1400,4,2.0,3.5805091442059536,47,0.5585797771907487
Bundaberg,sprint<=1100,0,5.0,2.524560374599042,16,1.9805428502751155
Bundaberg,sprint<=1100,1,3.0,4.422287645912117,32,0.6783819236121255
Bundaberg,sprint<=1100,2,6.0,2.844936488272605,29,2.1090101746500123
Bundaberg,sprint<=1100,3,1.0,3.6196600674410147,34,0.2762690366963018
Bundaberg,sprint<=1100,4,1.0,2.58855542377522,37,0.386315854323711
Burrumbeet,1200-1400,0,6.0,3.180764096095906,15,1.8863391998684989
Burrumbeet,1200-1400,1,3.0,4.355043117822087,30,0.6888565552251683
Burrumbeet,1200-1400,2,5.0,1.4999764902390291,15,3.333385578065443
Burrumbeet,1200-1400,3,0.0,2.7504622648105577,30,0.0
Burrumbeet,1200-1400,4,1.0,3.2137540310324204,30,0.3111625813126555
Burrumbeet,1500-1800,0,2.0,0.9843215624599393,7,2.0318563326010626
Burrumbeet,1500-1800,1,2.0,2.1917282628898294,14,0.9125218823263097
Burrumbeet,1500-1800,2,1.0,1.2586192588261107,14,0.7945214511755367
Burrumbeet,1500-1800,3,0.0,1.4191231585698272,14,0.0
Burrumbeet,1500-1800,4,2.0,1.1462077572542935,17,1.7448843696459884
Burrumbeet,sprint<=1100,0,4.0,1.8792114067853896,12,2.1285524265960407
Burrumbeet,sprint<=1100,1,6.0,3.265680779847435,24,1.8372891915909508
Burrumbeet,sprint<=1100,2,0.0,2.733536854691294,20,0.0
Burrumbeet,sprint<=1100,3,1.0,2.477643027747961,24,0.4036093936053993
Burrumbeet,sprint<=1100,4,1.0,1.6439279309279207,29,0.6082991724798706
Cairns,1200-1400,0,45.0,33.77311050068478,273,1.3324209506579971
Cairns,1200-1400,1,47.0,58.923541454778274,546,0.7976438421657128
Cairns,1200-1400,2,80.0,66.79810804297368,591,1.1976387107930222
Cairns,1200-1400,3,59.0,56.2641952859273,599,1.0486242574015268
Cairns,1200-1400,4,42.0,57.24104471563597,686,0.7337392287064124
Cairns,1500-1800,0,9.0,4.82913167234323,44,1.863689087531744
Cairns,1500-1800,1,10.0,9.863742524095272,88,1.0138139733039337
Cairns,1500-1800,2,9.0,11.18464001185362,109,0.8046749819807958
Cairns,1500-1800,3,9.0,8.65062975201389,104,1.040386683744588
Cairns,1500-1800,4,7.0,9.471856039693987,121,0.7390315024494558
Cairns,2000+,0,4.0,3.143127386439782,29,1.2726178446527414
Cairns,2000+,1,1.0,4.808868541415382,58,0.20794912387138628
Cairns,2000+,2,8.0,9.1637494973026,81,0.873005094951018
Cairns,2000+,3,12.0,6.33649495232803,73,1.8937914557307738
Cairns,2000+,4,4.0,5.547759622514206,87,0.7210117727103735
Cairns,sprint<=1100,0,37.0,27.65093163325062,187,1.3381104293609767
Cairns,sprint<=1100,1,60.0,45.81709410577252,374,1.309554898036202
Cairns,sprint<=1100,2,43.0,42.63571957196494,390,1.008544019702076
Cairns,sprint<=1100,3,29.0,39.34889625257755,400,0.7369965300640511
Cairns,sprint<=1100,4,18.0,31.54735843643437,472,0.5705707511539735
Camperdown,1200-1400,0,1.0,1.4793485619064628,12,0.6759732126357578
Camperdown,1200-1400,1,2.0,2.407557910933113,24,0.8307172969413005
Camperdown,1200-1400,2,7.0,3.874141677023124,32,1.8068518354699856
Camperdown,1200-1400,3,0.0,2.5822433969093326,29,0.0
Camperdown,1200-1400,4,2.0,1.6567084532279672,34,1.2072130108970929
Camperdown,1500-1800,0,3.0,1.4352038251469335,13,2.0902954322135154
Camperdown,1500-1800,1,0.0,3.18526002328921,26,0.0
Camperdown,1500-1800,2,4.0,3.2638286198944733,33,1.2255545452412047
Camperdown,1500-1800,3,4.0,2.4827508230029225,30,1.6111161711999527
Camperdown,1500-1800,4,2.0,2.6329567086664603,37,0.7596023107470536
Camperdown,2000+,0,0.0,0.2063414250453658,5,0.0
Camperdown,2000+,1,0.0,1.2684282729523089,10,0.0
Camperdown,2000+,2,1.0,1.1176457573983305,13,0.8947378839676466
Camperdown,2000+,3,4.0,1.6574170814822382,14,2.4133937345588206
Camperdown,2000+,4,0.0,0.7501674631217564,14,0.0
Camperdown,sprint<=1100,0,3.0,1.2766945355430233,12,2.349818156560053
Camperdown,sprint<=1100,1,5.0,3.2015907641327446,24,1.5617236456372692
Camperdown,sprint<=1100,2,2.0,3.237719763298387,25,0.6177186866730321
Camperdown,sprint<=1100,3,0.0,2.056838634254796,24,0.0
Camperdown,sprint<=1100,4,2.0,2.227156302771049,31,0.8980061244518766
Canberra,1200-1400,0,66.0,48.88128624402055,363,1.350209969322841
Canberra,1200-1400,1,99.0,87.36689670255731,724,1.1331523006596866
Canberra,1200-1400,2,70.0,82.8657918060797,869,0.8447394090412136
Canberra,1200-1400,3,74.0,74.33100735135207,816,0.9955468469600116
Canberra,1200-1400,4,53.0,68.55501789599036,970,0.77310168717934
Canberra,1500-1800,0,10.0,11.6593267167972,93,0.8576824582497835
Canberra,1500-1800,1,24.0,21.621168064541166,187,1.110023284975067
Canberra,1500-1800,2,21.0,21.41709525782393,181,0.9805251247751928
Canberra,1500-1800,3,22.0,19.911110888894058,198,1.1049107266170204
Canberra,1500-1800,4,16.0,18.391299071943642,225,0.8699766089067833
Canberra,2000+,0,14.0,8.696982817461944,66,1.6097536690414718
Canberra,2000+,1,10.0,14.71403080403473,132,0.6796234242800351
Canberra,2000+,2,19.0,15.380762148700496,138,1.2353093960044945
Canberra,2000+,3,12.0,13.93486679842262,140,0.8611492433754989
Canberra,2000+,4,11.0,13.273357431380212,166,0.828727777193308
Canberra,sprint<=1100,0,33.0,23.36938845026993,163,1.4121037043919233
Canberra,sprint<=1100,1,50.0,38.94130761170892,328,1.2839835913719018
Canberra,sprint<=1100,2,29.0,35.814918687855624,340,0.8097184375245706
Canberra,sprint<=1100,3,27.0,34.227697569995684,352,0.7888348301776643
Canberra,sprint<=1100,4,24.0,30.646687680169848,415,0.7831188887512097
Canberra Acton,1200-1400,0,26.0,12.29390292868751,90,2.1148694723568755
Canberra Acton,1200-1400,1,14.0,21.09091162989359,181,0.6637930235389562
Canberra Acton,1200-1400,2,20.0,20.570821269564718,214,0.9722509246429909
Canberra Acton,1200-1400,3,20.0,20.86788556807935,213,0.9584104692711698
Canberra Acton,1200-1400,4,10.0,15.176478603774836,243,0.6589143806727805
Canberra Acton,1500-1800,0,6.0,3.329965232351449,25,1.8018206141338933
Canberra Acton,1500-1800,1,3.0,3.5337370605940515,50,0.84895959958483
Canberra Acton,1500-1800,2,6.0,6.786350895887661,56,0.8841275807939482
Canberra Acton,1500-1800,3,5.0,4.922665616021362,58,1.0157098592532763
Canberra Acton,1500-1800,4,5.0,6.427281195145477,64,0.777933911429999
Canberra Acton,2000+,0,2.0,1.250018540951108,16,1.599976267934594
Canberra Acton,2000+,1,2.0,3.084865504081135,32,0.6483264820959268
Canberra Acton,2000+,2,5.0,4.3210324518947685,33,1.1571308606598187
Canberra Acton,2000+,3,3.0,4.199574861466671,34,0.7143580240768163
Canberra Acton,2000+,4,4.0,3.144508641606318,38,1.2720588352260558
Canberra Acton,sprint<=1100,0,14.0,9.083743668285877,56,1.5412147800777642
Canberra Acton,sprint<=1100,1,19.0,13.31269571067635,107,1.4272090651604556
Canberra Acton,sprint<=1100,2,13.0,11.696161416229078,111,1.1114757686194183
Canberra Acton,sprint<=1100,3,4.0,10.561408040843794,112,0.3787373790058038
Canberra Acton,sprint<=1100,4,4.0,9.345991163964902,131,0.42799098884478914
Canterbury,1200-1400,0,71.0,36.96813144107583,258,1.9205731323793893
Canterbury,1200-1400,1,68.0,70.47788562250173,517,0.9648416577680274
Canterbury,1200-1400,2,37.0,51.17947296682314,459,0.7229460925473985
Canterbury,1200-1400,3,47.0,54.901084025565105,529,0.8560850998518371
Canterbury,1200-1400,4,35.0,44.47342594403418,598,0.7869868186913318
Canterbury,1500-1800,0,29.0,20.110671333892114,133,1.4420204834796777
Canterbury,1500-1800,1,34.0,35.535874291714364,266,0.9567796115242204
Canterbury,1500-1800,2,33.0,24.757088129659127,210,1.332951590557446
Canterbury,1500-1800,3,20.0,31.54558775849557,268,0.6340030863623323
Canterbury,1500-1800,4,17.0,21.05077848623883,294,0.807571083944146
Canterbury,2000+,0,25.0,16.53004776932666,113,1.5123973232787793
Canterbury,2000+,1,26.0,24.421092231027387,226,1.0646534460472077
Canterbury,2000+,2,29.0,25.87950446113055,238,1.1205778705522065
Canterbury,2000+,3,22.0,25.813801008404894,238,0.8522572864351463
Canterbury,2000+,4,11.0,20.35555453011051,284,0.540393040323637
Canterbury,sprint<=1100,0,38.0,21.304899703600473,140,1.7836272654960257
Canterbury,sprint<=1100,1,43.0,37.947832579572804,280,1.1331345449001153
Canterbury,sprint<=1100,2,23.0,30.29574677165484,255,0.7591824744692924
Canterbury,sprint<=1100,3,15.0,25.14665179661861,287,0.596500882953213
Canterbury,sprint<=1100,4,21.0,25.304869148553276,330,0.8298798099574685
Carnarvon,1200-1400,0,29.0,23.288079817161744,166,1.2452722692331617
Carnarvon,1200-1400,1,54.0,40.254422789445265,332,1.3414675024022165
Carnarvon,1200-1400,2,49.0,40.38806848212758,379,1.2132295958070722
Carnarvon,1200-1400,3,19.0,29.86504074870716,358,0.6361953482625835
Carnarvon,1200-1400,4,15.0,32.20438816255825,441,0.4657750342681384
Carnarvon,1500-1800,0,11.0,8.193874473452311,59,1.3424662576464133
Carnarvon,1500-1800,1,13.0,12.213594803655234,118,1.0643876933029917
Carnarvon,1500-1800,2,13.0,13.551221340547679,127,0.9593231247062339
Carnarvon,1500-1800,3,15.0,13.722244164641818,131,1.0931156609682389
Carnarvon,1500-1800,4,7.0,11.319065217702958,155,0.6184256266190636
Carnarvon,2000+,0,0.0,0.33648987177317313,5,0.0
Carnarvon,2000+,1,2.0,0.8945840289943624,10,2.235675951255557
Carnarvon,2000+,2,2.0,1.2994383355437344,16,1.5391265174296431
Carnarvon,2000+,3,0.0,1.27602257416071,14,0.0
Carnarvon,2000+,4,1.0,1.1934651895280202,16,0.8378962442930322
Carnarvon,sprint<=1100,0,13.0,8.683751272365374,60,1.4970488665849269
Carnarvon,sprint<=1100,1,29.0,16.594976538581555,120,1.7475167821164486
Carnarvon,sprint<=1100,2,12.0,14.100445430376054,130,0.8510369448435193
Carnarvon,sprint<=1100,3,4.0,10.58864185808765,125,0.37776327253384084
Carnarvon,sprint<=1100,4,2.0,10.032184900589368,151,0.19935836707739554
Casino,1200-1400,0,16.0,8.217802500668952,70,1.9469925200438383
Casino,1200-1400,1,14.0,15.847995100121809,140,0.8833924992753434
Casino,1200-1400,2,22.0,19.99460029429008,204,1.100297064016959
Casino,1200-1400,3,10.0,13.260306412668136,171,0.7541303864929225
Casino,1200-1400,4,8.0,12.679295692251024,205,0.6309498724672234
Casino,2000+,0,5.0,1.7938124630366878,11,2.787359382895389
Casino,2000+,1,1.0,2.39145569152082,22,0.41815535347178484
Casino,2000+,2,5.0,2.737864631548394,28,1.8262407652975376
Casino,2000+,3,0.0,2.0905426833918885,26,0.0
Casino,2000+,4,0.0,1.98632453050221,31,0.0
Casino,sprint<=1100,0,11.0,4.436566088195363,28,2.479395050435146
Casino,sprint<=1100,1,5.0,7.575037917720238,56,0.6600627025646343
Casino,sprint<=1100,2,8.0,5.802475110152808,56,1.378721984692722
Casino,sprint<=1100,3,3.0,4.756284667533891,57,0.6307444170610343
Casino,sprint<=1100,4,1.0,5.4296362163977,74,0.18417440140463986
Casterton,1200-1400,0,22.0,12.320134970997564,94,1.7856947226462612
Casterton,1200-1400,1,36.0,24.753746860989153,188,1.4543252866795071
Casterton,1200-1400,2,21.0,23.61962109632577,230,0.889091315832612
Casterton,1200-1400,3,9.0,17.71981888132011,220,0.5079058685801595
Casterton,1200-1400,4,6.0,15.586678190367406,259,0.38494411231945563
Casterton,1500-1800,0,8.0,2.86224928970712,22,2.7950046240796174
Casterton,1500-1800,1,3.0,4.805170162806628,44,0.6243275260511784
Casterton,1500-1800,2,5.0,6.120266035930394,55,0.8169579509528473
Casterton,1500-1800,3,4.0,4.648083018272386,52,0.8605698272331488
Casterton,1500-1800,4,2.0,3.5642314932834727,59,0.5611307805816906
Casterton,2000+,0,24.0,13.46762834918927,77,1.7820509578766897
Casterton,2000+,1,16.0,18.51611914422412,154,0.8641119597132754
Casterton,2000+,2,16.0,17.16589062653674,156,0.9320809708099626
Casterton,2000+,3,16.0,15.319741766852387,171,1.0444040273981317
Casterton,2000+,4,5.0,12.530620113197484,186,0.3990225507462241
Casterton,sprint<=1100,0,10.0,3.0853355538855123,27,3.2411385489032196
Casterton,sprint<=1100,1,6.0,8.644392110002599,54,0.6940916057078531
Casterton,sprint<=1100,2,5.0,5.738637893166895,55,0.8712868964869861
Casterton,sprint<=1100,3,5.0,5.17995666840916,56,0.9652590398088354
Casterton,sprint<=1100,4,1.0,4.351677774535835,66,0.2297964260707845
Caulfield,1200-1400,0,76.0,53.73626687968306,471,1.4143148456919428
Caulfield,1200-1400,1,106.0,101.30400632754552,942,1.0463554586110935
Caulfield,1200-1400,2,126.0,124.17504352439727,1287,1.0146966445414949
Caulfield,1200-1400,3,101.0,102.83637687588705,1146,0.9821427306982686
Caulfield,1200-1400,4,62.0,88.94830639248711,1345,0.6970340697261072
Caulfield,1500-1800,0,34.0,19.005102277112606,193,1.7889932663475006
Caulfield,1500-1800,1,47.0,38.862079699434965,386,1.2094051672865915
Caulfield,1500-1800,2,52.0,51.940795796241005,573,1.0011398401362823
Caulfield,1500-1800,3,36.0,41.59621506729734,482,0.8654633586675283
Caulfield,1500-1800,4,24.0,41.59580715991409,579,0.5769812305296198
Caulfield,2000+,0,17.0,17.040676541546045,177,0.9976129737896924
Caulfield,2000+,1,43.0,35.06366014631726,354,1.226340884567246
Caulfield,2000+,2,51.0,53.42156780287434,536,0.9546705964937245
Caulfield,2000+,3,35.0,36.796809625864014,456,0.9511694181062627
Caulfield,2000+,4,31.0,34.67728588339835,531,0.8939569291621281
Caulfield,sprint<=1100,0,40.0,28.393006086909576,236,1.4087976411360599
Caulfield,sprint<=1100,1,55.0,56.411896672187424,472,0.9749716503880018
Caulfield,sprint<=1100,2,61.0,57.78290695592885,615,1.0556755139807146
Caulfield,sprint<=1100,3,43.0,48.513950104947945,557,0.8863429983948972
Caulfield,sprint<=1100,4,37.0,44.8982401800262,640,0.8240857515048022
Caulfield Heath,1200-1400,0,7.0,4.38016065718848,42,1.5981148975693353
Caulfield Heath,1200-1400,1,14.0,11.257856209225423,84,1.2435760183655113
Caulfield Heath,1200-1400,2,6.0,8.571762496989972,79,0.6999727304748513
Caulfield Heath,1200-1400,3,5.0,9.333040578980244,88,0.5357310897437794
Caulfield Heath,1200-1400,4,10.0,8.457180057615881,99,1.182427231284354
Caulfield Heath,1500-1800,0,11.0,7.522947043025936,69,1.4621929327812333
Caulfield Heath,1500-1800,1,24.0,18.367895125746557,138,1.306627669403384
Caulfield Heath,1500-1800,2,13.0,15.940166388923299,126,0.815549830711529
Caulfield Heath,1500-1800,3,13.0,14.332840118289516,144,0.9070079546489368
Caulfield Heath,1500-1800,4,8.0,12.836151324014693,166,0.6232397700884913
Caulfield Heath,sprint<=1100,0,10.0,5.228130861101631,41,1.9127294755381998
Caulfield Heath,sprint<=1100,1,13.0,9.808668292089871,82,1.3253583068441366
Caulfield Heath,sprint<=1100,2,12.0,9.30282840882875,85,1.2899302741746292
Caulfield Heath,sprint<=1100,3,2.0,8.823065612013142,87,0.22667858179325767
Caulfield Heath,sprint<=1100,4,4.0,7.837306825966605,104,0.510379405684001
Cessnock,1200-1400,0,0.0,0.2226946546782696,3,0.0
Cessnock,1200-1400,1,1.0,0.6201540898106433,6,1.61250246741957
Cessnock,1200-1400,2,2.0,0.697719165319481,6,2.8664828191787066
Cessnock,1200-1400,3,0.0,0.6182499023134358,6,0.0
Cessnock,1200-1400,4,0.0,0.8411821878781705,6,0.0
Cessnock,1500-1800,0,0.0,0.00555532695998758,1,0.0
Cessnock,1500-1800,1,0.0,0.11614906674804802,2,0.0
Cessnock,1500-1800,2,0.0,0.05411963683600803,2,0.0
Cessnock,1500-1800,3,0.0,0.6633955483556492,2,0.0
Cessnock,1500-1800,4,1.0,0.1607804211003072,2,6.219662774586982
Cessnock,2000+,0,0.0,0.03997678258831633,1,0.0
Cessnock,2000+,1,0.0,0.11049873929005649,2,0.0
Cessnock,2000+,2,1.0,0.0932791593727381,1,10.720508275638057
Cessnock,2000+,3,0.0,0.45314591627097206,2,0.0
Cessnock,2000+,4,0.0,0.303099402477917,2,0.0
Cessnock,sprint<=1100,0,0.0,0.17947764651050302,2,0.0
Cessnock,sprint<=1100,1,1.0,0.4170115054443837,4,2.398015371145122
Cessnock,sprint<=1100,2,1.0,0.9532836505574143,6,1.0490057176741354
Cessnock,sprint<=1100,3,0.0,0.34242226457118646,5,0.0
Cessnock,sprint<=1100,4,0.0,0.10780493291651236,6,0.0
Charleville,1200-1400,0,1.0,0.5561333520172507,5,1.7981298844471767
Charleville,1200-1400,1,1.0,1.3150358568871579,10,0.7604355385161252
Charleville,1200-1400,2,1.0,1.0964786480487942,11,0.9120104634773509
Charleville,1200-1400,3,1.0,0.8075332907528386,9,1.2383390399518148
Charleville,1200-1400,4,1.0,1.2248188522939585,13,0.816447263305185
Charleville,1500-1800,0,1.0,0.22926204486855362,2,4.36182099210249
Charleville,1500-1800,1,0.0,0.4598682574587004,4,0.0
Charleville,1500-1800,2,0.0,0.442669848073504,3,0.0
Charleville,1500-1800,3,1.0,0.47533633766342054,4,2.103773519431807
Charleville,1500-1800,4,0.0,0.3928635119358215,5,0.0
Charleville,sprint<=1100,0,1.0,0.4695570579850367,4,2.129666635810353
Charleville,sprint<=1100,1,2.0,0.7795180362448187,8,2.5656879084345796
Charleville,sprint<=1100,2,1.0,0.8590492875274084,7,1.1640775616941472
Charleville,sprint<=1100,3,0.0,1.03981607414887,8,0.0
Charleville,sprint<=1100,4,0.0,0.8520595440938661,9,0.0
Charters Towers,1200-1400,0,0.0,0.03995810351636653,1,0.0
Charters Towers,1200-1400,1,0.0,0.29968577637274896,2,0.0
Charters Towers,1200-1400,2,1.0,0.36358936104046746,2,2.750355503082776
Charters Towers,1200-1400,3,0.0,0.17368152948875223,2,0.0
Charters Towers,1200-1400,4,0.0,0.12308522958166475,2,0.0
Chinchilla,1200-1400,0,6.0,3.1303765502835965,25,1.9167023211493295
Chinchilla,1200-1400,1,6.0,5.717652702080274,50,1.0493816803208418
Chinchilla,1200-1400,2,8.0,5.797794387929894,58,1.3798350656682057
Chinchilla,1200-1400,3,4.0,6.291130581175122,55,0.6358157644937706
Chinchilla,1200-1400,4,1.0,4.063045778531114,66,0.2461207809382653
Chinchilla,sprint<=1100,0,6.0,3.1897080775875044,21,1.881049881071883
Chinchilla,sprint<=1100,1,6.0,5.122929985547031,42,1.171204763080383
Chinchilla,sprint<=1100,2,6.0,5.108685547780419,48,1.1744704080694166
Chinchilla,sprint<=1100,3,2.0,3.500434867901829,46,0.5713575814078227
Chinchilla,sprint<=1100,4,1.0,4.078241521183219,56,0.245203721948736
Clare,1200-1400,0,6.0,2.5815928314881598,25,2.3241465217972808
Clare,1200-1400,1,6.0,5.914330265304698,50,1.0144851117290266
Clare,1200-1400,2,9.0,6.101321064539291,58,1.4750903787554717
Clare,1200-1400,3,1.0,5.6169967399319285,57,0.1780310807180776
Clare,1200-1400,4,3.0,4.785759098735923,67,0.6268598017799097
Clare,1500-1800,0,8.0,5.3753253642861765,33,1.4882820030118067
Clare,1500-1800,1,9.0,7.350154906569922,66,1.2244639894535239
Clare,1500-1800,2,5.0,6.101057188040673,71,0.819530098783704
Clare,1500-1800,3,5.0,7.623162224237956,71,0.6558957887715451
Clare,1500-1800,4,6.0,6.550300316865272,86,0.9159885363655166
Clare,sprint<=1100,0,8.0,5.074966911290095,33,1.576364957612372
Clare,sprint<=1100,1,8.0,8.438024466837678,66,0.9480892158396601
Clare,sprint<=1100,2,6.0,7.806877112165954,77,0.7685531504844386
Clare,sprint<=1100,3,7.0,6.317164130082976,73,1.1080921527217078
Clare,sprint<=1100,4,4.0,5.3629673796232975,87,0.7458557393427527
Clermont,1200-1400,0,0.0,0.06573331890971396,1,0.0
Clermont,1200-1400,1,2.0,1.3469258498012682,3,1.484862734125334
Clermont,1200-1400,2,0.0,0.1643332972742849,1,0.0
Clermont,1200-1400,3,0.0,0.20707199363499634,2,0.0
Clermont,1200-1400,4,0.0,0.21593554037973667,2,0.0
Clermont,sprint<=1100,0,0.0,0.13117857227361995,1,0.0
Clermont,sprint<=1100,1,1.0,0.30061756146037905,2,3.3264856355765446
Clermont,sprint<=1100,2,0.0,0.07287698459645553,1,0.0
Clermont,sprint<=1100,3,0.0,0.4044672645103282,2,0.0
Clermont,sprint<=1100,4,0.0,0.09085961715921728,2,0.0
Cloncurry,1200-1400,0,6.0,1.5641599011948175,13,3.8359249558927893
Cloncurry,1200-1400,1,4.0,3.6836227181864682,26,1.085887536813024
Cloncurry,1200-1400,2,1.0,2.1434987856347822,32,0.46652697295737305
Cloncurry,1200-1400,3,1.0,2.550808984649216,31,0.39203249087564224
Cloncurry,1200-1400,4,1.0,3.0579096103347156,35,0.3270207845975346
Cloncurry,1500-1800,0,2.0,0.9844683561042189,4,2.031553363395536
Cloncurry,1500-1800,1,0.0,0.8984319344054155,8,0.0
Cloncurry,1500-1800,2,2.0,0.9514976608509303,8,2.101949465867722
Cloncurry,1500-1800,3,0.0,0.5388408876535132,8,0.0
Cloncurry,1500-1800,4,0.0,0.6267611609859217,9,0.0
Cloncurry,sprint<=1100,0,5.0,1.8525403653628252,12,2.6989965203920057
Cloncurry,sprint<=1100,1,1.0,2.5366647904861312,24,0.3942184256077281
Cloncurry,sprint<=1100,2,5.0,2.2768735706092667,27,2.1959936926414647
Cloncurry,sprint<=1100,3,0.0,2.29573798925638,26,0.0
Cloncurry,sprint<=1100,4,1.0,3.0381832842853966,34,0.3291440661833565
Coffs Harbour,1200-1400,0,48.0,29.885099836495396,212,1.6061515692640538
Coffs Harbour,1200-1400,1,44.0,47.4155737939684,425,0.9279651489864943
Coffs Harbour,1200-1400,2,54.0,50.825410660434066,564,1.0624606726894044
Coffs Harbour,1200-1400,3,35.0,45.303319233549956,507,0.7725703235907778
Coffs Harbour,1200-1400,4,31.0,38.57059647555218,597,0.8037210422620565
Coffs Harbour,1500-1800,0,11.0,7.655688234927038,71,1.43684011971849
Coffs Harbour,1500-1800,1,19.0,14.828710149395345,142,1.2812982254410539
Coffs Harbour,1500-1800,2,14.0,17.701496486331415,197,0.7908935840995363
Coffs Harbour,1500-1800,3,8.0,14.751887151280124,174,0.5423034977125475
Coffs Harbour,1500-1800,4,19.0,16.062217978066077,204,1.1829001465392663
Coffs Harbour,2000+,0,2.0,1.0188269362808589,16,1.9630419345809897
Coffs Harbour,2000+,1,2.0,3.0829865028524774,32,0.648721620464292
Coffs Harbour,2000+,2,2.0,4.027665151332507,44,0.4965656093179252
Coffs Harbour,2000+,3,3.0,4.147426424204635,40,0.7233401375107743
Coffs Harbour,2000+,4,7.0,3.723094985329521,48,1.880156167807373
Coffs Harbour,sprint<=1100,0,27.0,16.975900279119404,119,1.5904900215048023
Coffs Harbour,sprint<=1100,1,27.0,28.05187447273105,238,0.9625025246083442
Coffs Harbour,sprint<=1100,2,30.0,30.71379546463688,298,0.9767597767114544
Coffs Harbour,sprint<=1100,3,21.0,22.856859272378784,279,0.9187613989196366
Coffs Harbour,sprint<=1100,4,14.0,20.401570511133883,329,0.686221680451497
Colac,1200-1400,0,12.0,5.996635333495608,35,2.0011221847977305
Colac,1200-1400,1,11.0,8.90783108440863,70,1.2348684989383434
Colac,1200-1400,2,4.0,6.906084906154871,80,0.5791993661177121
Colac,1200-1400,3,7.0,8.215616916155925,78,0.8520358326633479
Colac,1200-1400,4,1.0,4.973831759784965,90,0.20105223664485852
Colac,1500-1800,0,6.0,3.804236580228534,30,1.577188976937801
Colac,1500-1800,1,4.0,8.569692213822853,60,0.46676122084618493
Colac,1500-1800,2,8.0,6.26538729611732,58,1.2768564211437696
Colac,1500-1800,3,8.0,4.573134050616145,60,1.7493473647294788
Colac,1500-1800,4,4.0,6.787549859215148,82,0.5893142714184827
Colac,2000+,0,4.0,3.9710608158094467,27,1.0072875197668445
Colac,2000+,1,9.0,6.188156928847312,54,1.4543910413849925
Colac,2000+,2,7.0,6.8402051234506835,58,1.0233611234846571
Colac,2000+,3,4.0,5.666886736563032,56,0.7058549404546598
Colac,2000+,4,3.0,4.333690395329526,69,0.6922506516001093
Colac,sprint<=1100,0,10.0,3.9833587784506834,25,2.5104442145905503
Colac,sprint<=1100,1,7.0,6.206767701356258,50,1.1278011900574934
Colac,sprint<=1100,2,4.0,6.772997383885567,52,0.5905804732062749
Colac,sprint<=1100,3,3.0,4.884997186568436,54,0.6141252257521586
Colac,sprint<=1100,4,1.0,3.1518789497390562,63,0.31727106781267406
Coleraine,1200-1400,0,5.0,3.738019928023216,25,1.3376065661169867
Coleraine,1200-1400,1,8.0,5.7861184441353055,50,1.382619467133211
Coleraine,1200-1400,2,7.0,4.978821163987214,61,1.405955299345228
Coleraine,1200-1400,3,2.0,5.298888648355693,59,0.37743763508233436
Coleraine,1200-1400,4,3.0,5.198151815498571,70,0.5771281998835313
Coleraine,1500-1800,0,2.0,2.5965300682550225,28,0.770258748185452
Coleraine,1500-1800,1,5.0,6.684393722385008,56,0.7480109951117583
Coleraine,1500-1800,2,12.0,7.640212134474799,68,1.5706370175053914
Coleraine,1500-1800,3,7.0,5.940913758802756,65,1.17826992348239
Coleraine,1500-1800,4,2.0,5.1379503160824145,77,0.38926028415256464
Coleraine,2000+,0,5.0,3.4757628765226007,18,1.4385331156429042
Coleraine,2000+,1,5.0,4.752350356825768,36,1.0521109818468108
Coleraine,2000+,2,5.0,3.780755010192345,36,1.322487171615393
Coleraine,2000+,3,2.0,4.205777500509696,39,0.4755363306208236
Coleraine,2000+,4,1.0,1.7853542559495907,43,0.5601129281023961
Coleraine,sprint<=1100,0,1.0,1.2470105001290512,5,0.8019178666871782
Coleraine,sprint<=1100,1,2.0,0.9821860668271492,10,2.036274049845559
Coleraine,sprint<=1100,2,1.0,0.5072297833760117,9,1.9714930644336703
Coleraine,sprint<=1100,3,0.0,1.1240369774253094,10,0.0
Coleraine,sprint<=1100,4,1.0,1.1395366722424787,12,0.8775496430774041
Collie,1200-1400,0,1.0,0.7946890925812851,5,1.2583537503350275
Collie,1200-1400,1,1.0,1.6860002063697583,10,0.5931197376026234
Collie,1200-1400,2,2.0,0.8498889890252274,11,2.3532485134251266
Collie,1200-1400,3,1.0,0.8936084860488769,11,1.1190583075386147
Collie,1200-1400,4,0.0,0.7758132259748522,13,0.0
Collie,2000+,0,1.0,0.26149231697731806,2,3.8242041355530163
Collie,2000+,1,0.0,0.39016678188893095,4,0.0
Collie,2000+,2,0.0,0.7154193207177569,4,0.0
Collie,2000+,3,1.0,0.41722472323817456,4,2.3967898935585024
Collie,2000+,4,0.0,0.21569685717781953,5,0.0
Collie,sprint<=1100,0,3.0,0.994661802424258,4,3.0161005405939934
Collie,sprint<=1100,1,0.0,1.1763450277944927,8,0.0
Collie,sprint<=1100,2,1.0,0.6658033919959914,6,1.5019448864658544
Collie,sprint<=1100,3,0.0,0.6568201198415425,8,0.0
Collie,sprint<=1100,4,0.0,0.5063696579437158,9,0.0
Cooktown,1200-1400,0,0.0,0.05882097179092285,1,0.0
Cooktown,1200-1400,1,0.0,0.4300356761185115,2,0.0
Cooktown,1200-1400,2,0.0,0.07352621473865355,1,0.0
Cooktown,1200-1400,3,1.0,0.2832120864007396,2,3.530922753716872
Cooktown,1200-1400,4,0.0,0.15440505095117246,2,0.0
Cooktown,sprint<=1100,0,1.0,0.3581496794351737,2,2.7921287032200275
Cooktown,sprint<=1100,1,0.0,0.7610003923509565,4,0.0
Cooktown,sprint<=1100,2,1.0,0.308617311202724,3,3.24025893461019
Cooktown,sprint<=1100,3,0.0,0.2772248883290204,4,0.0
Cooktown,sprint<=1100,4,0.0,0.29500772868212544,3,0.0
Coonabarabran,1200-1400,0,10.0,4.413069843092935,36,2.2659963144819435
Coonabarabran,1200-1400,1,6.0,8.19424533869458,72,0.7322211810850975
Coonabarabran,1200-1400,2,10.0,9.518943203982568,106,1.050536786039039
Coonabarabran,1200-1400,3,2.0,6.647930848022498,95,0.3008454879753935
Coonabarabran,1200-1400,4,8.0,7.225810766207419,107,1.1071421960582184
Coonabarabran,1500-1800,0,3.0,2.748915924979314,23,1.0913393067933046
Coonabarabran,1500-1800,1,6.0,5.67614276947013,46,1.0570558641110612
Coonabarabran,1500-1800,2,7.0,4.41014997021039,54,1.5872476100095205
Coonabarabran,1500-1800,3,4.0,4.828761654260591,52,0.828369732531871
Coonabarabran,1500-1800,4,3.0,5.336029681079575,64,0.5622157632738366
Coonabarabran,sprint<=1100,0,5.0,2.09539618781592,12,2.386183590995083
Coonabarabran,sprint<=1100,1,2.0,1.9994049690915,24,1.000297603996038
Coonabarabran,sprint<=1100,2,2.0,2.0001563541161556,26,0.9999218290530969
Coonabarabran,sprint<=1100,3,2.0,4.015142950230667,26,0.49811427009967396
Coonabarabran,sprint<=1100,4,1.0,1.889899538745758,31,0.5291286544594087
Coonamble,1200-1400,0,14.0,6.403692166606518,63,2.1862387566045296
Coonamble,1200-1400,1,18.0,15.745992491962841,126,1.1431480111010888
Coonamble,1200-1400,2,14.0,17.026453464641772,184,0.822249920047842
Coonamble,1200-1400,3,9.0,12.438282504375612,158,0.7235725669387174
Coonamble,1200-1400,4,8.0,11.385579372413257,188,0.7026432066675181
Coonamble,1500-1800,0,4.0,3.949257463606271,32,1.0128486270802395
Coonamble,1500-1800,1,8.0,6.305359606343981,64,1.2687618945557044
Coonamble,1500-1800,2,9.0,9.165102356065661,87,0.9819857597164321
Coonamble,1500-1800,3,6.0,6.800624775986441,78,0.8822718790759472
Coonamble,1500-1800,4,5.0,5.779655797997646,92,0.865103420472244
Coonamble,2000+,0,0.0,0.13060141550832396,2,0.0
Coonamble,2000+,1,0.0,0.4560847716944466,4,0.0
Coonamble,2000+,2,2.0,0.39947800870597516,4,5.006533417142482
Coonamble,2000+,3,0.0,0.350716936782848,4,0.0
Coonamble,2000+,4,0.0,0.6631188673084063,6,0.0
Coonamble,sprint<=1100,0,13.0,4.813519343681494,35,2.700726655864499
Coonamble,sprint<=1100,1,8.0,8.311183199452865,70,0.9625584959463593
Coonamble,sprint<=1100,2,7.0,9.453637552841805,92,0.7404557199144756
Coonamble,sprint<=1100,3,4.0,6.691459170025448,83,0.5977769419737471
Coonamble,sprint<=1100,4,3.0,5.730200733998389,99,0.5235418686470126
Cootamundra,1200-1400,0,6.0,2.979882376528659,22,2.0135022936675617
Cootamundra,1200-1400,1,4.0,5.247175707880393,42,0.7623148571130673
Cootamundra,1200-1400,2,4.0,4.536901713298142,43,0.8816589498237474
Cootamundra,1200-1400,3,3.0,4.3180283070837095,43,0.6947615408353185
Cootamundra,1200-1400,4,4.0,3.9180118952090974,52,1.0209259458581932
Cootamundra,1500-1800,0,5.0,1.502986882374743,10,3.326709007666069
Cootamundra,1500-1800,1,1.0,2.528241779833404,20,0.39553179129327337
Cootamundra,1500-1800,2,2.0,2.1306343988860785,21,0.9386875575864279
Cootamundra,1500-1800,3,0.0,2.2703299095494547,21,0.0
Cootamundra,1500-1800,4,2.0,1.5678070293563195,25,1.275667197908356
Cootamundra,sprint<=1100,0,2.0,1.6013614479309994,9,1.2489372730835078
Cootamundra,sprint<=1100,1,3.0,2.2549396578014704,18,1.3304125410277947
Cootamundra,sprint<=1100,2,2.0,1.8701110378022998,17,1.069455213926945
Cootamundra,sprint<=1100,3,1.0,1.6738761875560069,20,0.5974157511972734
Cootamundra,sprint<=1100,4,1.0,1.5997116689092237,21,0.6251126496325792
Corowa,1200-1400,0,34.0,13.38494712637582,105,2.5401669262481446
Corowa,1200-1400,1,26.0,29.17884949250012,210,0.8910563799536653
Corowa,1200-1400,2,21.0,26.036153330369842,265,0.8065707608006968
Corowa,1200-1400,3,17.0,19.602790213073835,244,0.8672234827398226
Corowa,1200-1400,4,7.0,16.797259837680382,290,0.4167346381281356
Corowa,1500-1800,0,10.0,5.522769729230841,42,1.810685668655011
Corowa,1500-1800,1,11.0,11.067000805577251,84,0.9939458931327189
Corowa,1500-1800,2,10.0,9.769514379279642,103,1.0235923313864197
Corowa,1500-1800,3,7.0,8.324450924051558,97,0.840896302214376
Corowa,1500-1800,4,4.0,7.316264161860708,113,0.5467271153017936
Corowa,sprint<=1100,0,19.0,8.276014895956271,54,2.2957909378925305
Corowa,sprint<=1100,1,12.0,11.31008014043943,107,1.0610004395188808
Corowa,sprint<=1100,2,11.0,12.378771006078788,110,0.8886181022815819
Corowa,sprint<=1100,3,9.0,12.22782785345422,114,0.736026063489077
Corowa,sprint<=1100,4,2.0,8.80730610407129,134,0.22708419309685107
Cowra,1200-1400,0,10.0,8.21445191698785,47,1.2173666729145445
Cowra,1200-1400,1,17.0,13.711292516133005,94,1.2398539364540162
Cowra,1200-1400,2,11.0,11.26113173678134,109,0.9768112350618875
Cowra,1200-1400,3,8.0,7.545309598510103,106,1.0602613313017242
Cowra,1200-1400,4,1.0,6.267814231587702,118,0.1595452518296302
Cowra,1500-1800,0,0.0,0.8861741129179638,9,0.0
Cowra,1500-1800,1,1.0,2.0660588928988752,18,0.4840133083510053
Cowra,1500-1800,2,3.0,2.357679578591455,21,1.2724375386889026
Cowra,1500-1800,3,4.0,2.019509654129911,20,1.9806788206335002
Cowra,1500-1800,4,1.0,1.6705777614617954,24,0.5985953022174653
Cowra,sprint<=1100,0,10.0,4.764514983479178,31,2.098849522915705
Cowra,sprint<=1100,1,9.0,6.547901604915119,62,1.3744861396885129
Cowra,sprint<=1100,2,8.0,8.212259535990196,73,0.9741533331892436
Cowra,sprint<=1100,3,3.0,7.295548700092121,72,0.4112096462274481
Cowra,sprint<=1100,4,1.0,4.179775175523387,81,0.23924731785957387
Cranbourne,1200-1400,0,110.0,58.7151192168757,437,1.8734527233725546
Cranbourne,1200-1400,1,117.0,110.77657398584891,875,1.0561799827366578
Cranbourne,1200-1400,2,92.0,105.61212593103774,947,0.871112092375395
Cranbourne,1200-1400,3,78.0,87.81842545629722,947,0.8881962935991906
Cranbourne,1200-1400,4,39.0,73.07775540994044,1115,0.5336781320283273
Cranbourne,1500-1800,0,39.0,21.665336563874476,174,1.800110507631344
Cranbourne,1500-1800,1,35.0,43.265660392039344,346,0.8089556401741603
Cranbourne,1500-1800,2,40.0,43.73800838085529,387,0.9145363833600739
Cranbourne,1500-1800,3,37.0,36.74944888758797,376,1.0068178195863138
Cranbourne,1500-1800,4,22.0,27.581545775642923,444,0.7976347728642552
Cranbourne,2000+,0,29.0,18.414120630115903,158,1.5748783546346012
Cranbourne,2000+,1,42.0,40.38270751496046,317,1.0400491345073974
Cranbourne,2000+,2,37.0,39.86107269956884,363,0.9282238909842538
Cranbourne,2000+,3,34.0,30.129864352193835,347,1.1284484922523181
Cranbourne,2000+,4,16.0,29.212234803160964,415,0.5477157125366078
Cranbourne,sprint<=1100,0,62.0,26.629670570053456,168,2.328230078434483
Cranbourne,sprint<=1100,1,38.0,43.71142271289809,336,0.8693379817350855
Cranbourne,sprint<=1100,2,24.0,35.32659355604647,321,0.6793748726981965
Cranbourne,sprint<=1100,3,30.0,34.53521063925203,346,0.8686786454952906
Cranbourne,sprint<=1100,4,14.0,27.79710252174996,398,0.5036496156045631
Crookwell,1200-1400,1,1.0,1.0,4,1.0
Cunnamulla,1200-1400,0,1.0,0.7090973180559953,5,1.4102436640735299
Cunnamulla,1200-1400,1,1.0,1.3979342843906606,10,0.7153412082141513
Cunnamulla,1200-1400,2,2.0,0.7291336156611276,9,2.742981474234375
Cunnamulla,1200-1400,3,1.0,1.0589659947076009,10,0.9443173860140028
Cunnamulla,1200-1400,4,0.0,1.1048687871846157,11,0.0
Cunnamulla,sprint<=1100,0,0.0,0.40217394239635085,3,0.0
Cunnamulla,sprint<=1100,1,1.0,0.5833844562432987,6,1.7141354886955593
Cunnamulla,sprint<=1100,2,1.0,0.7034554584912199,7,1.4215541125301843
Cunnamulla,sprint<=1100,3,1.0,0.6569151740661698,6,1.522266556593914
Cunnamulla,sprint<=1100,4,0.0,0.6540709688029605,9,0.0
Dalby,1200-1400,0,36.0,22.036307084277514,174,1.6336675588300054
Dalby,1200-1400,1,47.0,40.87432264427535,348,1.1498661496860934
Dalby,1200-1400,2,34.0,36.09392564061672,327,0.9419867580637887
Dalby,1200-1400,3,33.0,35.4495581847391,348,0.9309001773174814
Dalby,1200-1400,4,24.0,39.545886446091316,459,0.6068899234997965
Dalby,1500-1800,0,3.0,1.8745091094506416,8,1.6004190029672374
Dalby,1500-1800,1,0.0,1.3332464888292854,16,0.0
Dalby,1500-1800,2,2.0,1.7004260483106446,16,1.176175818987823
Dalby,1500-1800,3,3.0,1.3760011287971403,16,2.180230769594289
Dalby,1500-1800,4,0.0,1.7158172246122878,23,0.0
Dalby,2000+,0,3.0,1.602639975633729,14,1.8719113747388683
Dalby,2000+,1,2.0,2.9211097499186933,28,0.6846712966041992
Dalby,2000+,2,5.0,2.6541087060289774,28,1.8838715944988165
Dalby,2000+,3,4.0,2.9675604119727335,28,1.3479085324975526
Dalby,2000+,4,0.0,3.8545811564458665,37,0.0
Dalby,sprint<=1100,0,23.0,13.272746117254112,115,1.7328742520058298
Dalby,sprint<=1100,1,35.0,32.928661529423344,231,1.0629038161398032
Dalby,sprint<=1100,2,27.0,24.32765800732778,217,1.109847893778648
Dalby,sprint<=1100,3,14.0,21.169170952639526,231,0.6613390780074162
Dalby,sprint<=1100,4,16.0,23.301763393355234,300,0.686643312349596
Derby,1200-1400,0,0.0,0.037050014244061374,1,0.0
Derby,1200-1400,1,1.0,0.3281432296045648,2,3.0474497407887062
Derby,1200-1400,2,0.0,0.26715010270717937,2,0.0
Derby,1200-1400,3,0.0,0.24206009306120096,2,0.0
Derby,1200-1400,4,0.0,0.12559656038299355,3,0.0
Derby,1500-1800,0,0.0,0.18060063178750124,2,0.0
Derby,1500-1800,1,0.0,0.3668015703977112,4,0.0
Derby,1500-1800,2,0.0,0.5973212095050733,4,0.0
Derby,1500-1800,3,1.0,0.2226178583929418,4,4.492002605805795
Derby,1500-1800,4,1.0,0.6326587299167725,6,1.5806309985346316
Derby,sprint<=1100,0,1.0,0.5549814266727389,3,1.8018621019360337
Derby,sprint<=1100,1,1.0,1.1679708844601042,6,0.8561857262925274
Derby,sprint<=1100,2,0.0,0.2637734745812968,4,0.0
Derby,sprint<=1100,3,0.0,0.4956447959533649,6,0.0
Derby,sprint<=1100,4,1.0,0.5176294183324952,7,1.9318840169892697
Devonport Synthetic,1200-1400,0,24.0,17.826423027056357,149,1.346316081671213
Devonport Synthetic,1200-1400,1,46.0,40.54442917806106,298,1.134557840190065
Devonport Synthetic,1200-1400,2,32.0,31.66090126169418,271,1.010710331190606
Devonport Synthetic,1200-1400,3,32.0,30.84884911272081,298,1.0373158454979283
Devonport Synthetic,1200-1400,4,15.0,28.1193974204676,378,0.5334395960093289
Devonport Synthetic,1500-1800,0,18.0,10.726711592519347,79,1.6780538793037876
Devonport Synthetic,1500-1800,1,21.0,19.222036464470992,161,1.0924961066854337
Devonport Synthetic,1500-1800,2,16.0,18.757413797459066,183,0.8529960565335188
Devonport Synthetic,1500-1800,3,13.0,15.76488895458635,181,0.8246172895634648
Devonport Synthetic,1500-1800,4,11.0,14.528949190964244,206,0.7571091243708838
Devonport Synthetic,2000+,0,5.0,7.596310801991961,64,0.6582142477225739
Devonport Synthetic,2000+,1,15.0,14.092965355840922,128,1.0643608084783343
Devonport Synthetic,2000+,2,19.0,14.389237927769118,146,1.32043129006386
Devonport Synthetic,2000+,3,10.0,14.692372748213938,145,0.680625258518277
Devonport Synthetic,2000+,4,15.0,13.229113166184062,168,1.1338628532064141
Devonport Synthetic,sprint<=1100,0,50.0,35.63260613719522,228,1.4032091789044678
Devonport Synthetic,sprint<=1100,1,65.0,56.938354604191694,456,1.1415854998243105
Devonport Synthetic,sprint<=1100,2,65.0,58.457542493056174,544,1.111918107192429
Devonport Synthetic,sprint<=1100,3,33.0,43.490622786967464,518,0.7587842593481757
Devonport Synthetic,sprint<=1100,4,15.0,33.48087397858944,609,0.44801697857685235
Donald,1200-1400,0,26.0,18.443945761830346,166,1.4096766676578973
Donald,1200-1400,1,52.0,37.58600218233274,333,1.3834937737656638
Donald,1200-1400,2,41.0,44.03123773126485,452,0.9311571082837744
Donald,1200-1400,3,29.0,35.19755988426865,400,0.8239207517610159
Donald,1200-1400,4,18.0,30.74125444030341,479,0.5855323840136155
Donald,1500-1800,0,17.0,8.332234596346519,81,2.0402690062824305
Donald,1500-1800,1,16.0,17.054079210806513,162,0.9381919599541566
Donald,1500-1800,2,18.0,22.745450025305225,236,0.791367063741288
Donald,1500-1800,3,13.0,16.12252259399523,202,0.806325432277068
Donald,1500-1800,4,17.0,16.745713573546514,241,1.0151851651669945
Donald,2000+,0,9.0,5.094192985517526,49,1.7667175204367878
Donald,2000+,1,9.0,10.554004055572827,96,0.8527569207487402
Donald,2000+,2,17.0,12.859656343648995,122,1.3219637870335312
Donald,2000+,3,5.0,9.82163000431075,110,0.5090804680898671
Donald,2000+,4,8.0,9.6705166109499,131,0.8272567352753029
Donald,sprint<=1100,0,11.0,6.044379880784053,45,1.8198723801213375
Donald,sprint<=1100,1,13.0,10.890412758024242,90,1.1937104946202686
Donald,sprint<=1100,2,13.0,11.533889048214895,119,1.1271133219381901
Donald,sprint<=1100,3,4.0,8.489515390123529,109,0.47116941500023557
Donald,sprint<=1100,4,4.0,8.04180292285328,125,0.4974008985762083
Dongara,1200-1400,0,3.0,0.7826625165327267,5,3.8330697288153015
Dongara,1200-1400,1,1.0,1.1638152854670811,10,0.859242881999667
Dongara,1200-1400,2,0.0,0.9286857656238678,9,0.0
Dongara,1200-1400,3,1.0,0.8677912842143943,10,1.1523508223585044
Dongara,1200-1400,4,0.0,1.2570451481619302,11,0.0
Dongara,1500-1800,0,0.0,0.2480295681178465,3,0.0
Dongara,1500-1800,1,1.0,0.4689776376166243,6,2.1322978321142707
Dongara,1500-1800,2,0.0,0.8025517131810237,7,0.0
Dongara,1500-1800,3,2.0,0.8939101625920156,7,2.2373612961292717
Dongara,1500-1800,4,0.0,0.5865309184924896,9,0.0
Dongara,sprint<=1100,0,0.0,0.16857633844592468,1,0.0
Dongara,sprint<=1100,1,1.0,0.2819822388550013,2,3.5463226480523558
Dongara,sprint<=1100,2,0.0,0.10275129200513503,2,0.0
Dongara,sprint<=1100,3,0.0,0.31467583176572606,2,0.0
Dongara,sprint<=1100,4,0.0,0.132014298928213,3,0.0
Doomben,1200-1400,0,216.0,135.28725552587542,1003,1.5966027188620677
Doomben,1200-1400,1,253.0,237.12951561400885,2006,1.0669274946431577
Doomben,1200-1400,2,255.0,263.0181857514615,2533,0.9695147096823249
Doomben,1200-1400,3,167.0,195.86953249373872,2314,0.8526083555406373
Doomben,1200-1400,4,111.0,170.69551061491552,2730,0.650280722674734
Doomben,1500-1800,0,51.0,43.70347245903038,384,1.1669553271266881
Doomben,1500-1800,1,105.0,86.29232306813712,769,1.216794220698997
Doomben,1500-1800,2,110.0,100.07209717288791,910,1.0992075024665497
Doomben,1500-1800,3,75.0,80.38675916478256,856,0.9329894721375644
Doomben,1500-1800,4,43.0,73.54534813516203,1017,0.5846732810479648
Doomben,2000+,0,23.0,18.514116360370615,192,1.24229531414372
Doomben,2000+,1,39.0,38.925346159452275,384,1.0019178722327071
Doomben,2000+,2,56.0,50.561784399353996,506,1.1075558480628995
Doomben,2000+,3,47.0,43.79245995439924,468,1.0732441166570854
Doomben,2000+,4,27.0,40.20629312642387,541,0.6715366650464825
Doomben,sprint<=1100,0,66.0,44.85713632123392,307,1.4713377939990728
Doomben,sprint<=1100,1,94.0,76.31721634729398,615,1.2317011088590761
Doomben,sprint<=1100,2,64.0,72.72841369840323,701,0.879986194465907
Doomben,sprint<=1100,3,44.0,58.81329758615355,676,0.7481301305295105
Doomben,sprint<=1100,4,39.0,54.283936046915315,804,0.7184445867428247
Dubbo,1200-1400,0,60.0,37.367287060457805,324,1.6056825292915688
Dubbo,1200-1400,1,80.0,72.17529702094619,648,1.1084124804749051
Dubbo,1200-1400,2,100.0,87.84427899979208,964,1.138378061025883
Dubbo,1200-1400,3,53.0,64.83702300427332,834,0.817434199539156
Dubbo,1200-1400,4,31.0,61.7761139145306,976,0.5018120764748909
Dubbo,1500-1800,0,24.0,11.932189304001684,120,2.011366010758072
Dubbo,1500-1800,1,21.0,22.430847042283652,240,0.9362107440888697
Dubbo,1500-1800,2,27.0,34.66690760704508,354,0.7788407407447269
Dubbo,1500-1800,3,26.0,26.027290223843156,303,0.9989514765613918
Dubbo,1500-1800,4,22.0,24.942765822826424,358,0.8820192658773492
Dubbo,2000+,0,6.0,3.2032942480255193,32,1.8730717615774273
Dubbo,2000+,1,3.0,7.031642501228068,64,0.42664285044014305
Dubbo,2000+,2,8.0,6.304445162411208,66,1.2689459252811246
Dubbo,2000+,3,9.0,7.245903445653678,71,1.242081138329063
Dubbo,2000+,4,6.0,8.214714642681527,79,0.7303966432169848
Dubbo,sprint<=1100,0,63.0,40.03540530569387,300,1.5736071489462375
Dubbo,sprint<=1100,1,71.0,66.58615272267876,600,1.0662877655013985
Dubbo,sprint<=1100,2,81.0,75.49814347576039,823,1.0728740637974237
Dubbo,sprint<=1100,3,46.0,61.791575086106036,735,0.7444380554452511
Dubbo,sprint<=1100,4,39.0,56.08872340976094,877,0.6953269325650753
Dunkeld,1200-1400,0,0.0,1.4344146261738588,6,0.0
Dunkeld,1200-1400,1,5.0,1.6415484471585369,12,3.045904620515359
Dunkeld,1200-1400,2,0.0,0.8853122855851374,11,0.0
Dunkeld,1200-1400,3,1.0,0.9692467327233372,12,1.031729038890081
Dunkeld,1200-1400,4,0.0,1.0694779083591293,15,0.0
Dunkeld,1500-1800,0,2.0,0.8856250573986051,7,2.258292020185957
Dunkeld,1500-1800,1,3.0,1.7975974004780495,14,1.6688942692074353
Dunkeld,1500-1800,2,2.0,1.4157105620117298,12,1.4127181456907354
Dunkeld,1500-1800,3,0.0,1.6155726445273648,14,0.0
Dunkeld,1500-1800,4,0.0,1.2854943355842505,17,0.0
Dunkeld,sprint<=1100,0,0.0,0.8535103764508647,5,0.0
Dunkeld,sprint<=1100,1,2.0,1.8371953437147133,10,1.0886158659405831
Dunkeld,sprint<=1100,2,1.0,0.7251666682255707,7,1.378993331901101
Dunkeld,sprint<=1100,3,0.0,0.5918751786480251,10,0.0
Dunkeld,sprint<=1100,4,2.0,0.9922524329608263,10,2.015616121022864
Eagle Farm,1200-1400,0,133.0,95.88725940884858,778,1.387045586868933
Eagle Farm,1200-1400,1,177.0,167.0386093073629,1550,1.0596352587820428
Eagle Farm,1200-1400,2,206.0,199.35838669793847,2139,1.0333149430634423
Eagle Farm,1200-1400,3,142.0,157.70600539917987,1879,0.9004095921431439
Eagle Farm,1200-1400,4,118.0,156.0097391866702,2237,0.7563630361487212
Eagle Farm,1500-1800,0,53.0,40.832901497219936,416,1.297972910487599
Eagle Farm,1500-1800,1,79.0,87.78561367419697,832,0.899919664436095
Eagle Farm,1500-1800,2,112.0,108.22963806257384,1070,1.034836686187995
Eagle Farm,1500-1800,3,102.0,88.89733529659824,960,1.147390972515496
Eagle Farm,1500-1800,4,70.0,90.25451146941101,1145,0.7755844983297521
Eagle Farm,2000+,0,12.0,12.72190759604892,130,0.943254768154964
Eagle Farm,2000+,1,19.0,26.670513783955244,261,0.712397224662025
Eagle Farm,2000+,2,41.0,33.31200573279169,378,1.2307874923196354
Eagle Farm,2000+,3,27.0,28.298380009257507,322,0.9541182212963161
Eagle Farm,2000+,4,31.0,28.997192877946645,384,1.0690690002471432
Eagle Farm,sprint<=1100,0,68.0,35.96271526672623,250,1.890847214835183
Eagle Farm,sprint<=1100,1,52.0,60.093588745440165,499,0.8653169345614378
Eagle Farm,sprint<=1100,2,55.0,59.0770105235876,512,0.9309882052687859
Eagle Farm,sprint<=1100,3,33.0,47.893051400382646,532,0.6890352365340485
Eagle Farm,sprint<=1100,4,41.0,45.97363406386336,621,0.8918155119746607
Echuca,1200-1400,0,46.0,33.6091107872083,319,1.3686764964191702
Echuca,1200-1400,1,83.0,72.04502108477878,636,1.1520574045266776
Echuca,1200-1400,2,85.0,81.93267429945325,868,1.0374371485707408
Echuca,1200-1400,3,56.0,68.22124026590848,758,0.8208587205645442
Echuca,1200-1400,4,48.0,62.19195356265118,912,0.771804023677204
Echuca,1500-1800,0,11.0,10.429503223891459,80,1.0547002828285887
Echuca,1500-1800,1,7.0,16.599456865681805,160,0.42170054458058814
Echuca,1500-1800,2,25.0,18.876806735103155,149,1.3243765405252683
Echuca,1500-1800,3,20.0,15.745581660611247,160,1.2701975977192064
Echuca,1500-1800,4,17.0,18.348651514712333,215,0.9264986032553424
Echuca,2000+,0,15.0,8.321648790514468,83,1.8025274050375608
Echuca,2000+,1,15.0,18.324152867465017,166,0.8185917301875858
Echuca,2000+,2,22.0,18.038746572356455,203,1.2195969332877032
Echuca,2000+,3,12.0,19.449927707108525,195,0.6169688741626664
Echuca,2000+,4,19.0,18.865524062555533,228,1.0071281315588458
Echuca,sprint<=1100,0,27.0,17.90900486995278,148,1.5076214561368415
Echuca,sprint<=1100,1,43.0,34.76903239139209,296,1.2367327199662217
Echuca,sprint<=1100,2,34.0,37.04454331769594,379,0.9178139870267592
Echuca,sprint<=1100,3,24.0,31.70249525845813,338,0.7570382017042294
Echuca,sprint<=1100,4,20.0,26.574924162501063,414,0.7525891655495782
Edenhope,1200-1400,0,5.0,2.790316617647228,22,1.7919113438158711
Edenhope,1200-1400,1,5.0,4.70590978610471,44,1.0624938061421532
Edenhope,1200-1400,2,7.0,4.7600867341380075,58,1.4705614395212512
Edenhope,1200-1400,3,3.0,5.916791367003351,55,0.5070315672663975
Edenhope,1200-1400,4,2.0,3.8268954951067027,62,0.5226168319875261
Edenhope,1500-1800,0,1.0,1.387191849804232,8,0.7208808213089815
Edenhope,1500-1800,1,3.0,2.1433595554593405,16,1.3996718340414303
Edenhope,1500-1800,2,1.0,2.1594498544593024,19,0.4630809082854979
Edenhope,1500-1800,3,3.0,0.9769934492067218,18,3.0706449489869923
Edenhope,1500-1800,4,0.0,1.3330052910704036,23,0.0
Edenhope,2000+,0,2.0,0.9211882373178921,8,2.1711089210421837
Edenhope,2000+,1,0.0,1.7090899210411967,16,0.0
Edenhope,2000+,2,5.0,2.5143022659186993,20,1.9886232724580761
Edenhope,2000+,3,1.0,1.475058507787334,20,0.6779392103571898
Edenhope,2000+,4,0.0,1.3803610679348781,22,0.0
Edenhope,sprint<=1100,0,3.0,1.2670220690936618,8,2.367756705410813
Edenhope,sprint<=1100,1,5.0,1.7451028192610256,16,2.865160691286534
Edenhope,sprint<=1100,2,0.0,2.3693950639632466,16,0.0
Edenhope,sprint<=1100,3,0.0,1.2292232295376584,17,0.0
Edenhope,sprint<=1100,4,0.0,1.3892568181444074,19,0.0
Emerald,1200-1400,0,9.0,4.845056567536232,24,1.8575634514369779
Emerald,1200-1400,1,4.0,5.9182891298319,48,0.6758710012725611
Emerald,1200-1400,2,5.0,3.8774324444145343,45,1.2895131176824322
Emerald,1200-1400,3,6.0,5.388486518967039,50,1.1134852019914094
Emerald,1200-1400,4,0.0,3.9707353392502953,56,0.0
Emerald,1500-1800,0,1.0,1.0345608261728516,11,0.9665937223810199
Emerald,1500-1800,1,3.0,2.1335823289481946,22,1.406085886303215
Emerald,1500-1800,2,4.0,2.440821624475199,18,1.6387924295205474
Emerald,1500-1800,3,3.0,2.638630630084408,23,1.136953374904176
Emerald,1500-1800,4,0.0,2.7524045903193475,25,0.0
Emerald,sprint<=1100,0,7.0,4.765826596850715,25,1.4687903258221018
Emerald,sprint<=1100,1,8.0,6.970121062665146,50,1.1477562481448582
Emerald,sprint<=1100,2,4.0,3.9657002968320523,46,1.0086490911063923
Emerald,sprint<=1100,3,5.0,4.517695772069388,53,1.1067588992849968
Emerald,sprint<=1100,4,1.0,4.780656271582699,61,0.20917630199523565
Esperance,1200-1400,0,27.0,18.717888738383905,171,1.442470375659
Esperance,1200-1400,1,41.0,35.15208207886021,342,1.166360499159639
Esperance,1200-1400,2,35.0,44.20434810761315,460,0.7917773137338062
Esperance,1200-1400,3,41.0,36.68631960761438,412,1.1175828057576618
Esperance,1200-1400,4,27.0,36.239361467528354,487,0.7450462399618403
Esperance,1500-1800,0,5.0,4.224890087117363,52,1.1834627403079954
Esperance,1500-1800,1,11.0,11.203391778175666,104,0.9818455176608324
Esperance,1500-1800,2,20.0,15.423125983145194,147,1.2967539798259144
Esperance,1500-1800,3,10.0,10.754060824881634,129,0.929881294409553
Esperance,1500-1800,4,6.0,10.394531326680141,151,0.577226602280712
Esperance,2000+,0,2.0,1.758030093520742,22,1.1376369536397832
Esperance,2000+,1,5.0,4.150543321737058,44,1.204661561731979
Esperance,2000+,2,6.0,5.93983370776422,73,1.0101292889996456
Esperance,2000+,3,7.0,5.302424199324393,56,1.320150885116265
Esperance,2000+,4,2.0,4.849168677653587,66,0.4124418293008852
Esperance,sprint<=1100,0,9.0,9.403475789464432,76,0.9570929092074143
Esperance,sprint<=1100,1,24.0,17.712726192812276,152,1.3549579967954941
Esperance,sprint<=1100,2,24.0,19.302571603201944,173,1.2433576465023364
Esperance,sprint<=1100,3,6.0,14.106571552499167,171,0.4253336806658043
Esperance,sprint<=1100,4,13.0,15.474654862022179,198,0.8400833566830971
Ewan,1200-1400,0,4.0,2.184596304206174,9,1.8310019074455484
Ewan,1200-1400,1,1.0,1.6493686665384246,18,0.6062925895753358
Ewan,1200-1400,2,3.0,2.35885472312071,18,1.2718036302087607
Ewan,1200-1400,3,0.0,1.3996012192754232,19,0.0
Ewan,1200-1400,4,1.0,1.4075790868592686,22,0.71043965439363
Ewan,1500-1800,0,2.0,0.8663813294449647,4,2.3084523315862224
Ewan,1500-1800,1,0.0,0.5166184996307183,8,0.0
Ewan,1500-1800,2,1.0,0.49965668789062856,7,2.0013741919909878
Ewan,1500-1800,3,1.0,1.2191784659900435,8,0.8202244608937889
Ewan,1500-1800,4,0.0,0.8981650170436452,11,0.0
Ewan,sprint<=1100,0,3.0,1.3046628442044914,9,2.29944465217696
Ewan,sprint<=1100,1,1.0,2.402884703640191,18,0.4161664513012525
Ewan,sprint<=1100,2,2.0,2.2004733395818556,17,0.9088953562964092
Ewan,sprint<=1100,3,1.0,1.6092233358207457,18,0.6214177844307571
Ewan,sprint<=1100,4,2.0,1.4827557767527164,21,1.3488397963824261
Fannie Bay,1200-1400,0,81.0,43.33380088973254,280,1.8692106008912792
Fannie Bay,1200-1400,1,77.0,70.68351705439883,560,1.089362884146525
Fannie Bay,1200-1400,2,58.0,59.20075853175029,560,0.9797171765779605
Fannie Bay,1200-1400,3,38.0,56.44211749653333,606,0.6732561017458984
Fannie Bay,1200-1400,4,26.0,50.339806027585006,686,0.5164898725623341
Fannie Bay,1500-1800,0,36.0,15.673577760596398,109,2.2968591185673333
Fannie Bay,1500-1800,1,28.0,26.326343339034214,219,1.0635734571798372
Fannie Bay,1500-1800,2,20.0,24.313562058188477,220,0.8225861744212947
Fannie Bay,1500-1800,3,12.0,21.998442509516543,236,0.5454931636550537
Fannie Bay,1500-1800,4,13.0,20.688074332664367,269,0.6283813462268124
Fannie Bay,2000+,0,5.0,2.757596561462091,23,1.8131731341255284
Fannie Bay,2000+,1,8.0,4.815277623436281,46,1.661378766836508
Fannie Bay,2000+,2,4.0,5.419839628498074,61,0.738029217500752
Fannie Bay,2000+,3,6.0,5.066547573420733,61,1.184238362129705
Fannie Bay,2000+,4,0.0,4.9407386131828215,64,0.0
Fannie Bay,sprint<=1100,0,76.0,26.982190686904374,164,2.8166727039285986
Fannie Bay,sprint<=1100,1,43.0,43.186111704124336,325,0.9956904732382619
Fannie Bay,sprint<=1100,2,16.0,31.741201425727525,271,0.5040766978351158
Fannie Bay,sprint<=1100,3,15.0,30.648814227319065,332,0.4894153453620281
Fannie Bay,sprint<=1100,4,13.0,30.4416819559247,362,0.42704604886228636
Flemington,1200-1400,0,69.0,49.04561250045114,486,1.4068536711487762
Flemington,1200-1400,1,105.0,99.62143309920043,972,1.053990057495396
Flemington,1200-1400,2,119.0,129.81356611790002,1515,0.9166992600135577
Flemington,1200-1400,3,90.0,106.13547682123053,1253,0.8479728239370108
Flemington,1200-1400,4,103.0,101.38391146121788,1486,1.0159402859436955
Flemington,1500-1800,0,33.0,33.403772708080815,313,0.9879123621271936
Flemington,1500-1800,1,54.0,62.06564390966883,624,0.8700465603578096
Flemington,1500-1800,2,101.0,88.12417785962327,996,1.1461099831295694
Flemington,1500-1800,3,79.0,65.76231199797817,816,1.2012959642055896
Flemington,1500-1800,4,45.0,62.6440935246489,953,0.7183438608189552
Flemington,2000+,0,27.0,21.88331515696996,254,1.2338167140731575
Flemington,2000+,1,40.0,47.0303300443224,511,0.8505149753851001
Flemington,2000+,2,75.0,75.32627983990275,865,0.9956684461173946
Flemington,2000+,3,54.0,56.614451567715015,697,0.9538200672210356
Flemington,2000+,4,58.0,53.14562339108986,804,1.0913410418236622
Flemington,sprint<=1100,0,42.0,29.367218660672687,260,1.4301660802575284
Flemington,sprint<=1100,1,59.0,49.12005596450474,521,1.2011386966381863
Flemington,sprint<=1100,2,56.0,69.01689619964154,763,0.8113955144840439
Flemington,sprint<=1100,3,53.0,55.4884206186382,660,0.9551542359487818
Flemington,sprint<=1100,4,50.0,57.00740855654283,767,0.8770789843991501
Forbes,1200-1400,0,4.0,4.0974709696572615,39,0.9762119194061271
Forbes,1200-1400,1,10.0,9.501874225092815,78,1.0524239495395258
Forbes,1200-1400,2,15.0,11.165544914170196,111,1.343418535799672
Forbes,1200-1400,3,4.0,6.767967950442873,96,0.5910193472086778
Forbes,1200-1400,4,6.0,7.467141940636854,119,0.80352028228464
Forbes,1500-1800,0,2.0,2.632709197764195,17,0.7596737238197376
Forbes,1500-1800,1,3.0,2.5843781274299835,34,1.1608208443488603
Forbes,1500-1800,2,4.0,4.491790837295012,57,0.8905134154485315
Forbes,1500-1800,3,4.0,3.567494221018874,47,1.121235172977408
Forbes,1500-1800,4,4.0,3.7236276164919353,56,1.07422127343884
Forbes,sprint<=1100,0,2.0,2.1235789329425185,18,0.9418062917156169
Forbes,sprint<=1100,1,5.0,3.7514429453580336,36,1.3328204834320905
Forbes,sprint<=1100,2,7.0,4.701578414960075,46,1.4888616932829446
Forbes,sprint<=1100,3,2.0,3.34272384571349,42,0.598314456207527
Forbes,sprint<=1100,4,2.0,4.080675861025884,47,0.4901148898156295
Gatton,1200-1400,0,49.0,28.154539425888583,211,1.7403943022752366
Gatton,1200-1400,1,39.0,46.94672869078252,422,0.8307288087499316
Gatton,1200-1400,2,67.0,58.22183874565338,546,1.1507709382504165
Gatton,1200-1400,3,33.0,40.729862989083685,512,0.8102163272399069
Gatton,1200-1400,4,23.0,36.947030148591836,590,0.6225128219372349
Gatton,1500-1800,0,17.0,8.64194907213252,72,1.9671488292866108
Gatton,1500-1800,1,14.0,16.24739815546021,144,0.8616764275758864
Gatton,1500-1800,2,16.0,18.197626621482268,171,0.8792355361941555
Gatton,1500-1800,3,18.0,16.943754556832594,174,1.0623383347312165
Gatton,1500-1800,4,7.0,11.969271594092406,193,0.5848309101328224
Gatton,2000+,0,9.0,4.056667290889431,36,2.218569913340548
Gatton,2000+,1,7.0,6.751877088404355,72,1.0367487305155139
Gatton,2000+,2,8.0,9.042183123488051,96,0.88474209057093
Gatton,2000+,3,9.0,8.430597295752847,90,1.067540019321526
Gatton,2000+,4,3.0,7.718675201465317,103,0.38866773399539845
Gatton,sprint<=1100,0,79.0,35.49011561937852,218,2.2259718972812803
Gatton,sprint<=1100,1,62.0,55.54459616667082,444,1.1162201956416906
Gatton,sprint<=1100,2,49.0,53.92220013934311,497,0.9087166301333514
Gatton,sprint<=1100,3,13.0,37.46969805796934,496,0.34694701782458215
Gatton,sprint<=1100,4,16.0,36.57339001663821,578,0.4374765367039034
Gawler,1200-1400,0,39.0,25.665693366500257,234,1.5195381415607552
Gawler,1200-1400,1,52.0,52.773026636983346,469,0.9853518608606464
Gawler,1200-1400,2,60.0,62.38693285392522,616,0.961739858897791
Gawler,1200-1400,3,44.0,48.45782211002536,550,0.9080061398569729
Gawler,1200-1400,4,39.0,44.71652503256581,668,0.8721607945071174
Gawler,1500-1800,0,47.0,33.583284315728825,303,1.3995057647767768
Gawler,1500-1800,1,68.0,66.99206133465633,606,1.015045643398082
Gawler,1500-1800,2,74.0,73.2131207434244,761,1.0107477901308595
Gawler,1500-1800,3,63.0,67.1715497424287,713,0.9378970746033904
Gawler,1500-1800,4,51.0,62.03998386376177,833,0.8220505039458861
Gawler,2000+,0,15.0,8.928763104339536,92,1.6799639350617037
Gawler,2000+,1,30.0,20.587480874465506,184,1.4571962535352623
Gawler,2000+,2,12.0,19.22323174200031,199,0.6242446723347527
Gawler,2000+,3,17.0,23.08573309164761,200,0.7363855387442982
Gawler,2000+,4,18.0,20.174791187547033,234,0.8922025428997039
Gawler,sprint<=1100,0,51.0,27.70278983612778,180,1.8409698193461312
Gawler,sprint<=1100,1,43.0,40.769737221176555,361,1.0547038791720493
Gawler,sprint<=1100,2,34.0,40.458701747878024,402,0.8403630994359138
Gawler,sprint<=1100,3,29.0,35.665610531863,385,0.8131081893044262
Gawler,sprint<=1100,4,23.0,35.40316066295464,474,0.649659509752949
Gayndah,1200-1400,0,0.0,0.2235717983371956,1,0.0
Gayndah,1200-1400,1,0.0,0.2260559294298311,2,0.0
Gayndah,1200-1400,2,1.0,0.22746997328256208,3,4.3961846285435
Gayndah,1200-1400,3,0.0,0.13758264513058188,2,0.0
Gayndah,1200-1400,4,0.0,0.18531965381982926,3,0.0
Geelong,1200-1400,0,123.0,69.17775762968442,536,1.7780281439365455
Geelong,1200-1400,1,142.0,120.97426338315819,1073,1.1738033861817998
Geelong,1200-1400,2,123.0,141.35887743710364,1392,0.8701257553118851
Geelong,1200-1400,3,79.0,101.89262474852617,1244,0.7753259884606387
Geelong,1200-1400,4,69.0,102.59647680152759,1488,0.67253771426752
Geelong,1500-1800,0,44.0,33.71361947697908,310,1.30511053641229
Geelong,1500-1800,1,77.0,70.85786684406405,620,1.0866824451468862
Geelong,1500-1800,2,89.0,81.9162312971854,808,1.0864757642122873
Geelong,1500-1800,3,52.0,64.35855927659668,725,0.8079733385036986
Geelong,1500-1800,4,48.0,59.15372310517479,871,0.8114451209547103
Geelong,2000+,0,23.0,17.549619178519,169,1.3105697488953123
Geelong,2000+,1,38.0,38.01885186333217,339,0.999504144328189
Geelong,2000+,2,46.0,44.39535366598147,449,1.036144465614385
Geelong,2000+,3,37.0,38.413471197062094,398,0.9632037628203151
Geelong,2000+,4,25.0,30.622704095105263,462,0.8163877338316443
Geelong,sprint<=1100,0,50.0,26.12166206375802,201,1.9141201611888052
Geelong,sprint<=1100,1,42.0,48.99000449176079,400,0.8573177413581095
Geelong,sprint<=1100,2,39.0,45.21835962105847,444,0.8624815302198061
Geelong,sprint<=1100,3,33.0,40.149917449728264,434,0.8219194981239829
Geelong,sprint<=1100,4,36.0,39.52005637369445,519,0.9109298746841492
Geraldton,1200-1400,0,59.0,36.9686006025489,365,1.5959489685398611
Geraldton,1200-1400,1,81.0,75.04587255028979,730,1.0793398390527105
Geraldton,1200-1400,2,92.0,97.04809727652732,962,0.9479835522983686
Geraldton,1200-1400,3,86.0,86.2408240118769,858,0.9972075404585219
Geraldton,1200-1400,4,47.0,69.69660555875713,1020,0.6743513492974497
Geraldton,1500-1800,0,13.0,11.800559995528058,104,1.1016426343263779
Geraldton,1500-1800,1,29.0,25.02400148758859,208,1.15888739913892
Geraldton,1500-1800,2,24.0,21.09575239643817,215,1.137669780578776
Geraldton,1500-1800,3,23.0,25.74739601768953,229,0.8932942183434024
Geraldton,1500-1800,4,15.0,20.332290102755657,269,0.7377427689745109
Geraldton,2000+,0,7.0,4.432475168224854,45,1.5792530661380795
Geraldton,2000+,1,8.0,9.108837814087273,90,0.878267915543254
Geraldton,2000+,2,14.0,10.460723903828157,111,1.3383395000872385
Geraldton,2000+,3,8.0,9.769735905362872,100,0.818855297368743
Geraldton,2000+,4,8.0,11.228227208496843,120,0.7124900352876796
Geraldton,sprint<=1100,0,24.0,17.534506356644844,145,1.3687297213762168
Geraldton,sprint<=1100,1,37.0,33.42566463560875,290,1.1069338606533936
Geraldton,sprint<=1100,2,35.0,37.000532446334326,329,0.9459323335620669
Geraldton,sprint<=1100,3,29.0,28.91221889189797,323,1.003036124914184
Geraldton,sprint<=1100,4,20.0,28.12707766951411,393,0.7110585832980884
Gilgandra,1200-1400,0,11.0,7.083910760439663,49,1.552814592390106
Gilgandra,1200-1400,1,10.0,12.040001949835563,98,0.8305646495461386
Gilgandra,1200-1400,2,10.0,11.382069519047237,127,0.8785748482088935
Gilgandra,1200-1400,3,10.0,10.281869565382118,117,0.9725857672488726
Gilgandra,1200-1400,4,8.0,8.212148205295419,138,0.9741665396200936
Gilgandra,1500-1800,0,6.0,4.014760386030047,36,1.4944852053631614
Gilgandra,1500-1800,1,10.0,9.005273891403704,72,1.1104603947189042
Gilgandra,1500-1800,2,10.0,9.12523296599282,88,1.0958624330214024
Gilgandra,1500-1800,3,7.0,7.497141582563993,84,0.9336891831254477
Gilgandra,1500-1800,4,3.0,6.357591174009436,100,0.47187683477735165
Gilgandra,sprint<=1100,0,19.0,9.0866143812347,60,2.0909878204183525
Gilgandra,sprint<=1100,1,19.0,17.78633572644531,120,1.0682357677388366
Gilgandra,sprint<=1100,2,9.0,12.248579731337946,138,0.734779068055828
Gilgandra,sprint<=1100,3,7.0,11.245933420855216,134,0.622447220523174
Gilgandra,sprint<=1100,4,6.0,9.632536740126827,161,0.6228888777558922
Glen Innes,1200-1400,0,5.0,2.9619591723197196,22,1.6880718838822302
Glen Innes,1200-1400,1,6.0,5.104298693717075,44,1.1754797985050232
Glen Innes,1200-1400,2,4.0,5.3449426520741135,61,0.7483709855049228
Glen Innes,1200-1400,3,5.0,3.9954461186607544,55,1.2514247099084808
Glen Innes,1200-1400,4,2.0,4.593353363228337,65,0.43541174428486473
Glen Innes,1500-1800,0,0.0,0.07315834073350932,1,0.0
Glen Innes,1500-1800,1,0.0,0.31923639592804065,2,0.0
Glen Innes,1500-1800,2,1.0,0.3887577295995658,4,2.5722961213659605
Glen Innes,1500-1800,3,0.0,0.11939264656660195,3,0.0
Glen Innes,1500-1800,4,0.0,0.09945488717228226,3,0.0
Glen Innes,sprint<=1100,0,4.0,1.3257623830518972,11,3.0171319168009756
Glen Innes,sprint<=1100,1,3.0,1.3506434936424436,22,2.221163478091126
Glen Innes,sprint<=1100,2,1.0,3.2069963606597387,28,0.3118182522022823
Glen Innes,sprint<=1100,3,2.0,2.7728585235769954,27,0.721277332757675
Glen Innes,sprint<=1100,4,1.0,2.3437392390689253,31,0.42666862564338015
Gold Coast,1200-1400,0,133.0,73.15579389113998,587,1.8180378193682327
Gold Coast,1200-1400,1,129.0,135.18255294898324,1176,0.9542651561602296
Gold Coast,1200-1400,2,150.0,150.61500000922547,1586,0.9959167412994204
Gold Coast,1200-1400,3,113.0,123.90706583527444,1405,0.9119738187507838
Gold Coast,1200-1400,4,62.0,104.13958731537689,1673,0.5953547694810704
Gold Coast,1500-1800,0,28.0,19.962776935802857,178,1.4026104729839735
Gold Coast,1500-1800,1,28.0,39.95605167569619,357,0.700769941616413
Gold Coast,1500-1800,2,48.0,41.049722815719946,404,1.1693136203496715
Gold Coast,1500-1800,3,43.0,38.97667774005209,397,1.1032238377724426
Gold Coast,1500-1800,4,31.0,38.05477083272892,468,0.8146153378839565
Gold Coast,2000+,0,8.0,6.7841630116320415,60,1.1792169478067227
Gold Coast,2000+,1,13.0,12.185279477148017,120,1.0668610452784355
Gold Coast,2000+,2,14.0,14.40393878925509,137,0.9719563658826142
Gold Coast,2000+,3,16.0,14.212649560885776,135,1.1257577224751352
Gold Coast,2000+,4,9.0,12.413969161079077,156,0.7249897178911374
Gold Coast,sprint<=1100,0,53.0,27.65726514939602,203,1.916313840638629
Gold Coast,sprint<=1100,1,58.0,52.93177645659843,396,1.0957501123650606
Gold Coast,sprint<=1100,2,36.0,40.8226305635913,386,0.8818637971877177
Gold Coast,sprint<=1100,3,27.0,41.317228295823945,414,0.6534804272611136
Gold Coast,sprint<=1100,4,25.0,36.271099534590306,495,0.6892539879073281
Gold Coast Poly,1200-1400,0,23.0,13.705987682805967,86,1.6780986917749303
Gold Coast Poly,1200-1400,1,29.0,24.313903982192244,172,1.192733179387395
Gold Coast Poly,1200-1400,2,16.0,16.836808669704556,170,0.95029885495995
Gold Coast Poly,1200-1400,3,13.0,17.180312626195626,186,0.7566800606514164
Gold Coast Poly,1200-1400,4,5.0,13.96298703910161,211,0.3580895682276379
Gold Coast Poly,1500-1800,0,26.0,18.915020827413414,127,1.3745689331897732
Gold Coast Poly,1500-1800,1,34.0,29.79566834249096,256,1.1411054657066824
Gold Coast Poly,1500-1800,2,23.0,28.92756566584121,261,0.7950893713520903
Gold Coast Poly,1500-1800,3,25.0,27.528354743221115,277,0.9081545276931697
Gold Coast Poly,1500-1800,4,19.0,21.8333904210333,315,0.8702267322484308
Gold Coast Poly,2000+,0,21.0,10.000574993939331,72,2.09987925821532
Gold Coast Poly,2000+,1,14.0,17.358102947323747,145,0.8065397493312196
Gold Coast Poly,2000+,2,18.0,15.38968068314443,142,1.1696149108353187
Gold Coast Poly,2000+,3,8.0,15.77717559520289,158,0.5070616062885445
Gold Coast Poly,2000+,4,11.0,13.474465780389602,174,0.8163588953566622
Gold Coast Poly,sprint<=1100,0,44.0,19.612620659460386,119,2.2434533744360197
Gold Coast Poly,sprint<=1100,1,31.0,31.747783651713494,232,0.9764461147928626
Gold Coast Poly,sprint<=1100,2,21.0,25.95267128819544,222,0.8091652595912868
Gold Coast Poly,sprint<=1100,3,9.0,21.136118621608272,239,0.4258113876593667
Gold Coast Poly,sprint<=1100,4,12.0,18.550805779022408,285,0.6468721705646782
Goondiwindi,1200-1400,0,2.0,1.7525704630176442,11,1.1411809352054936
Goondiwindi,1200-1400,1,2.0,2.5879933157685766,22,0.772799523018105
Goondiwindi,1200-1400,2,4.0,2.0837536905591563,23,1.919612676931426
Goondiwindi,1200-1400,3,1.0,2.19270909743517,25,0.4560568482019381
Goondiwindi,1200-1400,4,2.0,2.382973433219453,27,0.8392875774942875
Goondiwindi,sprint<=1100,0,3.0,0.9475274326589603,8,3.166135244846022
Goondiwindi,sprint<=1100,1,4.0,3.812468494918008,18,1.0491889979765001
Goondiwindi,sprint<=1100,2,2.0,2.1217008432595765,20,0.9426399609321892
Goondiwindi,sprint<=1100,3,1.0,1.7170161689727768,19,0.5824056977857469
Goondiwindi,sprint<=1100,4,0.0,1.4012870601906784,22,0.0
Gordonvale,1200-1400,0,0.0,0.22349260452263428,1,0.0
Gordonvale,1200-1400,1,0.0,0.15122999572698254,2,0.0
Gordonvale,1200-1400,2,1.0,0.27858157107602044,2,3.589612895560547
Gordonvale,1200-1400,3,0.0,0.26799450436746375,2,0.0
Gordonvale,1200-1400,4,0.0,0.07870132430689906,2,0.0
Gordonvale,1500-1800,0,1.0,0.16541129551797773,2,6.045536351484019
Gordonvale,1500-1800,1,1.0,0.6546706709829407,4,1.527485565373766
Gordonvale,1500-1800,2,0.0,0.34806343827380837,4,0.0
Gordonvale,1500-1800,3,0.0,0.2848017118005647,4,0.0
Gordonvale,1500-1800,4,0.0,0.5470528834247085,6,0.0
Gordonvale,sprint<=1100,0,4.0,1.044020918114319,8,3.8313408578294452
Gordonvale,sprint<=1100,1,1.0,1.890499876885611,16,0.5289606268831867
Gordonvale,sprint<=1100,2,2.0,1.912906881869028,11,1.0455291990198063
Gordonvale,sprint<=1100,3,0.0,1.6837830171287167,16,0.0
Gordonvale,sprint<=1100,4,1.0,1.4687893060023254,18,0.680832843698834
Gosford,1200-1400,0,47.0,34.829961211740695,238,1.349412929697922
Gosford,1200-1400,1,60.0,60.72322437526588,476,0.9880898225891893
Gosford,1200-1400,2,60.0,53.52333650268352,490,1.1210063482681383
Gosford,1200-1400,3,50.0,50.03535545031921,506,0.9992933906434558
Gosford,1200-1400,4,21.0,38.8881224599907,592,0.5400106426224472
Gosford,1500-1800,0,26.0,16.59429670227195,134,1.5668033702470983
Gosford,1500-1800,1,44.0,35.02819444990796,269,1.2561309736624355
Gosford,1500-1800,2,35.0,28.07813632323509,257,1.2465214783873302
Gosford,1500-1800,3,17.0,25.64230910320812,284,0.6629668151794147
Gosford,1500-1800,4,12.0,28.657063421376886,322,0.41874492942806335
Gosford,2000+,0,13.0,11.377718735925896,82,1.1425840541260388
Gosford,2000+,1,22.0,21.154184053720016,162,1.039983387878827
Gosford,2000+,2,15.0,17.610392498437047,146,0.851769771816913
Gosford,2000+,3,19.0,16.728653831599523,167,1.1357757887314297
Gosford,2000+,4,12.0,14.129050880317516,197,0.8493139490860357
Gosford,sprint<=1100,0,54.0,40.27965563394589,223,1.3406271516008497
Gosford,sprint<=1100,1,64.0,56.9826494203445,446,1.1231488997271877
Gosford,sprint<=1100,2,42.0,46.66185695772593,399,0.9000927682336043
Gosford,sprint<=1100,3,33.0,43.4124712880306,458,0.760150229206107
Gosford,sprint<=1100,4,30.0,35.663366699953066,522,0.8411993251338069
Goulburn,1200-1400,0,57.0,40.175054397358835,304,1.4187908605233217
Goulburn,1200-1400,1,87.0,72.41254155420677,609,1.2014493364367458
Goulburn,1200-1400,2,68.0,73.42073577550778,666,0.9261688715285789
Goulburn,1200-1400,3,54.0,59.213531731074326,670,0.9119537109397184
Goulburn,1200-1400,4,38.0,58.77813654185229,766,0.6464988894798075
Goulburn,1500-1800,0,18.0,15.8208292344631,144,1.1377406160727614
Goulburn,1500-1800,1,44.0,34.83152449290037,288,1.2632234919539171
Goulburn,1500-1800,2,38.0,34.18332451733837,330,1.1116531389662156
Goulburn,1500-1800,3,24.0,28.85039625084344,325,0.8318776557288485
Goulburn,1500-1800,4,20.0,30.313925504454723,375,0.659762787800641
Goulburn,2000+,0,2.0,2.7650418909012844,29,0.7233163470619558
Goulburn,2000+,1,10.0,6.389111822881579,56,1.5651627764889957
Goulburn,2000+,2,8.0,6.648195103657655,51,1.2033341193008338
Goulburn,2000+,3,6.0,6.36253911941961,58,0.9430197421791756
Goulburn,2000+,4,2.0,5.8351120631398725,62,0.34275262897415554
Goulburn,sprint<=1100,0,38.0,22.787731500233008,150,1.6675639696567184
Goulburn,sprint<=1100,1,31.0,38.40324924791729,300,0.8072233627908767
Goulburn,sprint<=1100,2,35.0,30.81624757550445,284,1.135764499368222
Goulburn,sprint<=1100,3,26.0,28.91578276602311,309,0.8991629315513727
Goulburn,sprint<=1100,4,20.0,29.076988910322143,358,0.687829130508769
Grafton,1200-1400,0,81.0,51.16281585176984,443,1.583181039813664
Grafton,1200-1400,1,123.0,99.36738069117766,887,1.2378307563753723
Grafton,1200-1400,2,119.0,123.19226125099209,1278,0.9659697678375205
Grafton,1200-1400,3,72.0,89.95509463221866,1099,0.8003993580838522
Grafton,1200-1400,4,48.0,79.32244757384176,1306,0.6051250493161662
Grafton,1500-1800,0,19.0,20.27260704133253,209,0.9372252893405425
Grafton,1500-1800,1,53.0,46.205599542388526,418,1.1470471225328083
Grafton,1500-1800,2,48.0,58.554752688765866,587,0.8197455850446984
Grafton,1500-1800,3,60.0,42.805637508163485,503,1.4016845325234875
Grafton,1500-1800,4,29.0,41.161403219349594,612,0.7045435221306393
Grafton,2000+,0,19.0,11.677382758358911,119,1.6270769223865176
Grafton,2000+,1,30.0,26.26823097058055,239,1.1420639643986263
Grafton,2000+,2,25.0,30.389527685476846,294,0.8226518114642334
Grafton,2000+,3,22.0,25.74355570820266,275,0.854582803143629
Grafton,2000+,4,23.0,24.92130287738103,322,0.9229051993455433
Grafton,sprint<=1100,0,99.0,54.42034357171098,363,1.8191726384370461
Grafton,sprint<=1100,1,97.0,90.35059725495697,726,1.073595559377204
Grafton,sprint<=1100,2,77.0,90.980516420205,945,0.8463350509505329
Grafton,sprint<=1100,3,56.0,67.6755349146876,853,0.8274777594383865
Grafton,sprint<=1100,4,34.0,59.57300783843946,1013,0.570728274996743
Great Western,1200-1400,0,3.0,2.567231441946887,13,1.1685740330933772
Great Western,1200-1400,1,5.0,3.8925351712659992,26,1.2845099093539627
Great Western,1200-1400,2,3.0,2.2395438902710474,13,1.3395584757380736
Great Western,1200-1400,3,2.0,2.5319064004728093,27,0.7899186161172937
Great Western,1200-1400,4,0.0,1.7687830960432573,25,0.0
Great Western,1500-1800,0,1.0,1.3704771553574613,8,0.7296728705697908
Great Western,1500-1800,1,1.0,2.23526438730651,16,0.44737437131765806
Great Western,1500-1800,2,3.0,1.760133575836509,8,1.7044160972693452
Great Western,1500-1800,3,1.0,1.4986035582424784,16,0.6672878857786597
Great Western,1500-1800,4,2.0,1.1355213232570411,16,1.761305542253804
Great Western,2000+,0,2.0,0.6396160814814028,7,3.1268757273391836
Great Western,2000+,1,1.0,1.707433644909079,14,0.5856742972013124
Great Western,2000+,2,1.0,0.7937727142650948,7,1.25980646856303
Great Western,2000+,3,3.0,2.414238064880226,14,1.2426280753504872
Great Western,2000+,4,0.0,1.4449394944641971,14,0.0
Griffith,1200-1400,0,4.0,1.9967668399096816,15,2.003238395215402
Griffith,1200-1400,1,5.0,3.6514874264726855,30,1.3693050025999869
Griffith,1200-1400,2,3.0,3.214285949149787,33,0.9333332651357705
Griffith,1200-1400,3,3.0,2.855808741086267,32,1.0504905166929654
Griffith,1200-1400,4,0.0,3.281651043381579,38,0.0
Griffith,1500-1800,0,1.0,0.4821047110447334,4,2.0742381833045647
Griffith,1500-1800,1,0.0,0.7881373099578876,8,0.0
Griffith,1500-1800,2,2.0,0.660050335559282,7,3.0300719388398387
Griffith,1500-1800,3,1.0,1.2138614739714921,8,0.823817232396557
Griffith,1500-1800,4,0.0,0.8558461694666049,8,0.0
Griffith,sprint<=1100,0,1.0,0.4900657131036039,4,2.040542672669271
Griffith,sprint<=1100,1,1.0,1.2425419312168868,8,0.8048018138274394
Griffith,sprint<=1100,2,2.0,0.5662732780052118,7,3.5318636384279336
Griffith,sprint<=1100,3,0.0,0.7229699113413748,8,0.0
Griffith,sprint<=1100,4,0.0,0.9781491663329229,10,0.0
Gunbower,1200-1400,0,1.0,0.45603544194462087,4,2.192812022977451
Gunbower,1200-1400,1,0.0,0.9453673607058659,8,0.0
Gunbower,1200-1400,2,2.0,0.6149923106689714,8,3.2520731809223045
Gunbower,1200-1400,3,1.0,1.1498900264891052,8,0.8696483811180135
Gunbower,1200-1400,4,0.0,0.8337148601914363,11,0.0
Gunbower,1500-1800,0,1.0,0.9170939840711692,6,1.0904007848364614
Gunbower,1500-1800,1,0.0,0.7934321536239142,12,0.0
Gunbower,1500-1800,2,1.0,0.9807559802915935,12,1.0196216185219538
Gunbower,1500-1800,3,1.0,1.818226391212097,12,0.5499865169888789
Gunbower,1500-1800,4,3.0,1.4904914908012261,16,2.012758890953027
Gunbower,sprint<=1100,0,2.0,0.9587748364649821,6,2.0859955058624937
Gunbower,sprint<=1100,1,4.0,1.6260752360079793,12,2.4599107786795984
Gunbower,sprint<=1100,2,0.0,0.9952131682784712,12,0.0
Gunbower,sprint<=1100,3,0.0,1.143641791943778,12,0.0
Gunbower,sprint<=1100,4,0.0,1.2762949673047896,17,0.0
Gundagai,1200-1400,0,31.0,16.902829399245714,129,1.8340124761232797
Gundagai,1200-1400,1,37.0,28.296176933498575,258,1.3075971388982006
Gundagai,1200-1400,2,27.0,31.531055779847275,315,0.8562986342264108
Gundagai,1200-1400,3,24.0,28.761111742132037,304,0.8344600937258797
Gundagai,1200-1400,4,10.0,23.508826145276398,353,0.42537215334374695
Gundagai,1500-1800,0,3.0,4.382113844397965,33,0.6846011095387582
Gundagai,1500-1800,1,6.0,6.333275358482607,66,0.9473770932703522
Gundagai,1500-1800,2,13.0,7.7481904162254756,81,1.677811114809042
Gundagai,1500-1800,3,7.0,8.242566007332472,78,0.8492500992740485
Gundagai,1500-1800,4,4.0,6.29385437356148,91,0.6355406024014081
Gundagai,sprint<=1100,0,17.0,8.658237811041827,65,1.9634480330766553
Gundagai,sprint<=1100,1,17.0,15.866163549704023,130,1.0714625464904608
Gundagai,sprint<=1100,2,19.0,17.071497011474968,153,1.1129662493704418
Gundagai,sprint<=1100,3,5.0,12.379325923830903,146,0.4038992131530132
Gundagai,sprint<=1100,4,7.0,11.024775703948276,169,0.634933552207607
Gunnedah,1200-1400,0,27.0,14.780566262064236,132,1.8267229767304742
Gunnedah,1200-1400,1,37.0,28.87001624433987,264,1.2816064835867234
Gunnedah,1200-1400,2,37.0,39.03153578933752,384,0.9479514257316904
Gunnedah,1200-1400,3,18.0,26.234599286270985,325,0.6861168262409751
Gunnedah,1200-1400,4,13.0,23.083282417987395,386,0.5631781375195537
Gunnedah,1500-1800,0,6.0,4.82986532076119,53,1.2422706641961594
Gunnedah,1500-1800,1,13.0,12.412473455585015,106,1.0473335589813992
Gunnedah,1500-1800,2,14.0,14.430291952970906,156,0.970181341141728
Gunnedah,1500-1800,3,10.0,11.197042214215553,134,0.8930929980155107
Gunnedah,1500-1800,4,10.0,10.130327056467335,155,0.98713496062458
Gunnedah,2000+,0,4.0,2.252521605118539,21,1.7757876288114447
Gunnedah,2000+,1,5.0,4.188274164731769,42,1.193809145089769
Gunnedah,2000+,2,6.0,5.045589064449287,54,1.1891574845592154
Gunnedah,2000+,3,2.0,5.00953344970175,46,0.3992387754430651
Gunnedah,2000+,4,4.0,4.504081715998653,58,0.8880833546584785
Gunnedah,sprint<=1100,0,28.0,11.80286077479974,92,2.37230621747083
Gunnedah,sprint<=1100,1,21.0,20.71996639589915,184,1.0135151572521988
Gunnedah,sprint<=1100,2,23.0,24.188501970320992,254,0.9508650030589215
Gunnedah,sprint<=1100,3,11.0,19.61031634117071,224,0.5609292480869442
Gunnedah,sprint<=1100,4,9.0,15.67835451780941,264,0.5740398324184269
Gympie,1200-1400,0,2.0,0.9798789249995817,7,2.0410684922128044
Gympie,1200-1400,1,4.0,2.3644534823981926,14,1.6917228567943416
Gympie,1200-1400,2,0.0,0.9111906818049432,16,0.0
Gympie,1200-1400,3,1.0,1.791231122497285,15,0.5582752484815179
Gympie,1200-1400,4,0.0,0.9532457882999972,17,0.0
Gympie,1500-1800,0,1.0,0.5660855170761989,5,1.7665175487352969
Gympie,1500-1800,1,2.0,1.4840138356994304,10,1.3476963299721396
Gympie,1500-1800,2,0.0,0.8828964536739689,9,0.0
Gympie,1500-1800,3,0.0,0.9141372014212383,11,0.0
Gympie,1500-1800,4,2.0,1.1528669921291637,11,1.7348055011153674
Gympie,sprint<=1100,0,3.0,0.679339309207661,6,4.4160553634074455
Gympie,sprint<=1100,1,0.0,1.3561100564735789,12,0.0
Gympie,sprint<=1100,2,1.0,1.4452098549849528,9,0.6919410330276303
Gympie,sprint<=1100,3,1.0,1.3945689114109665,12,0.7170674692498643
Gympie,sprint<=1100,4,1.0,1.1247718679228407,13,0.8890691779540488
Halidon,1200-1400,0,1.0,0.9927449188775344,11,1.0073081019952927
Halidon,1200-1400,1,2.0,2.4115832146870493,22,0.8293307018474748
Halidon,1200-1400,2,3.0,2.7762508040720144,27,1.0805940139125059
Halidon,1200-1400,3,2.0,1.8064315074378057,27,1.107155179570991
Halidon,1200-1400,4,3.0,3.0129895549255963,31,0.9956888151489404
Halidon,1500-1800,0,1.0,0.8270995352821311,8,1.2090443257943446
Halidon,1500-1800,1,2.0,1.5695509516695152,16,1.2742498087574796
Halidon,1500-1800,2,2.0,1.9948307496814526,24,1.002591322757268
Halidon,1500-1800,3,3.0,1.8642239670811245,19,1.6092487023955586
Halidon,1500-1800,4,0.0,1.7442947962857764,24,0.0
Halidon,sprint<=1100,0,2.0,1.6785343540402304,8,1.1915156786550136
Halidon,sprint<=1100,1,4.0,1.4353389455359646,16,2.7867982070996997
Halidon,sprint<=1100,2,0.0,2.0465761197134005,16,0.0
Halidon,sprint<=1100,3,2.0,1.4705861468548047,16,1.3600019313914193
Halidon,sprint<=1100,4,0.0,1.3689644338556,19,0.0
Hamilton,1200-1400,0,22.0,15.453574235859067,128,1.423618877045956
Hamilton,1200-1400,1,39.0,29.75633827904313,256,1.3106451349716983
Hamilton,1200-1400,2,36.0,33.92276520821665,336,1.0612342413430438
Hamilton,1200-1400,3,17.0,25.830634610085355,300,0.6581332691440145
Hamilton,1200-1400,4,14.0,23.036687666795792,358,0.6077262583274534
Hamilton,1500-1800,0,9.0,8.34270467060324,69,1.0787868389627693
Hamilton,1500-1800,1,23.0,16.845893147103492,138,1.3653179323385802
Hamilton,1500-1800,2,20.0,19.116473003024407,168,1.0462180966559997
Hamilton,1500-1800,3,12.0,12.836958039901466,157,0.9348009055338558
Hamilton,1500-1800,4,5.0,11.857971139367395,191,0.4216572920641079
Hamilton,2000+,0,21.0,12.712684622586352,81,1.6518934138183334
Hamilton,2000+,1,23.0,21.8509535656375,163,1.0525856425858446
Hamilton,2000+,2,15.0,18.058463990728626,165,0.8306354298849078
Hamilton,2000+,3,14.0,14.89524873875276,178,0.9398970265985821
Hamilton,2000+,4,8.0,13.48264908229476,198,0.5933552042458404
Hamilton,sprint<=1100,0,17.0,10.450639802930567,63,1.6266946637308142
Hamilton,sprint<=1100,1,19.0,16.729544177154537,126,1.1357153427973217
Hamilton,sprint<=1100,2,17.0,14.253647272983258,144,1.1926771916281562
Hamilton,sprint<=1100,3,9.0,11.65955833249505,139,0.7718988784435433
Hamilton,sprint<=1100,4,1.0,9.906610414436589,168,0.10094269968896039
Hanging Rock,1500-1800,0,4.0,3.099441777805159,22,1.290554973041811
Hanging Rock,1500-1800,1,6.0,5.976220851748093,44,1.0039789607582779
Hanging Rock,1500-1800,2,8.0,4.225396276024934,38,1.8933135444342384
Hanging Rock,1500-1800,3,3.0,4.848245235391704,44,0.6187805802603179
Hanging Rock,1500-1800,4,1.0,3.85069585903011,57,0.2596933220926656
Hanging Rock,2000+,0,2.0,0.8954526549115247,6,2.2335072535997007
Hanging Rock,2000+,1,1.0,1.60658901330402,12,0.6224367225961894
Hanging Rock,2000+,2,1.0,0.9565770928566393,12,1.0453940487051454
Hanging Rock,2000+,3,1.0,0.9690013651470863,12,1.0319902901769475
Hanging Rock,2000+,4,1.0,1.57237987378073,17,0.6359786312931726
Hanging Rock,sprint<=1100,0,4.0,1.4731195763632694,12,2.7153260768381813
Hanging Rock,sprint<=1100,1,2.0,2.8426898012138695,24,0.7035590021626599
Hanging Rock,sprint<=1100,2,5.0,3.254952070260432,24,1.5361209296086331
Hanging Rock,sprint<=1100,3,0.0,2.1968305833138597,24,0.0
Hanging Rock,sprint<=1100,4,1.0,2.232407968848569,32,0.44794679733909915
Hawkesbury,1200-1400,0,77.0,46.618182008431,320,1.651716061902079
Hawkesbury,1200-1400,1,81.0,75.67250693456074,638,1.0704019634243955
Hawkesbury,1200-1400,2,80.0,81.48992941905824,707,0.9817163982141113
Hawkesbury,1200-1400,3,45.0,63.030339500625345,700,0.7139418945943253
Hawkesbury,1200-1400,4,36.0,52.18904213732468,814,0.6897999757357769
Hawkesbury,1500-1800,0,47.0,36.00747145363565,263,1.3052846562835902
Hawkesbury,1500-1800,1,80.0,58.36380549565446,526,1.3707125387147088
Hawkesbury,1500-1800,2,60.0,61.88114608864889,560,0.9696006585599752
Hawkesbury,1500-1800,3,48.0,55.84158009920924,575,0.8595745305688389
Hawkesbury,1500-1800,4,28.0,50.905996862851765,670,0.5500334287812124
Hawkesbury,2000+,0,8.0,6.005646275537838,47,1.3320797850825066
Hawkesbury,2000+,1,14.0,12.122919874018471,95,1.154837295427848
Hawkesbury,2000+,2,9.0,9.653906137612072,87,0.932265123744634
Hawkesbury,2000+,3,6.0,8.612533314490017,98,0.6966591339513772
Hawkesbury,2000+,4,10.0,10.604994398341601,116,0.9429519360768159
Hawkesbury,sprint<=1100,0,70.0,46.354119414396656,299,1.5101138989226361
Hawkesbury,sprint<=1100,1,83.0,73.44178826021667,598,1.1301467729232977
Hawkesbury,sprint<=1100,2,64.0,66.15986868111821,639,0.9673537943140653
Hawkesbury,sprint<=1100,3,47.0,65.63879994318589,635,0.7160399038477421
Hawkesbury,sprint<=1100,4,35.0,47.405423701082576,770,0.7383121437895875
Hobart,1200-1400,0,73.0,47.82282428862351,408,1.5264677711091574
Hobart,1200-1400,1,91.0,96.19291321518223,816,0.9460156362707743
Hobart,1200-1400,2,102.0,104.97043027874405,1061,0.9717022187023888
Hobart,1200-1400,3,83.0,81.19216697634383,951,1.022266101410779
Hobart,1200-1400,4,59.0,77.82166524110639,1150,0.7581436328457728
Hobart,1500-1800,0,18.0,13.067135174459604,117,1.3775016298279317
Hobart,1500-1800,1,27.0,26.32171676240003,234,1.0257689589065437
Hobart,1500-1800,2,30.0,26.673559841875704,288,1.1247092693230247
Hobart,1500-1800,3,21.0,25.074781990861222,273,0.8374948188045535
Hobart,1500-1800,4,21.0,25.862806230403436,317,0.811976852508492
Hobart,2000+,0,7.0,7.946937952816739,78,0.8808424127080162
Hobart,2000+,1,23.0,16.646896926609017,156,1.381638878488876
Hobart,2000+,2,23.0,19.785445991942076,178,1.1624706367178734
Hobart,2000+,3,17.0,16.546261895396523,176,1.0274223934972113
Hobart,2000+,4,8.0,17.07445723323564,198,0.46853612332858824
Hobart,sprint<=1100,0,29.0,21.51833562648,161,1.3476878743499672
Hobart,sprint<=1100,1,42.0,38.12651704626891,323,1.1015955102594444
Hobart,sprint<=1100,2,36.0,43.87974762375938,409,0.8204240441097531
Hobart,sprint<=1100,3,38.0,30.55844251018732,379,1.2435188732976779
Hobart,sprint<=1100,4,16.0,26.9169571933044,443,0.5944208286655821
Home Hill,1200-1400,0,7.0,2.6299037266853684,22,2.6616943916888305
Home Hill,1200-1400,1,5.0,6.598826077968214,44,0.7577105292551528
Home Hill,1200-1400,2,1.0,3.860483617403451,47,0.25903490316391936
Home Hill,1200-1400,3,6.0,4.280698052886394,50,1.4016405562532759
Home Hill,1200-1400,4,3.0,4.630088525056573,53,0.6479357756908858
Home Hill,1500-1800,0,5.0,2.8746375871456515,22,1.7393496913691684
Home Hill,1500-1800,1,4.0,5.2276519828863774,44,0.7651618763251057
Home Hill,1500-1800,2,5.0,5.177037874377453,41,0.9658032491410462
Home Hill,1500-1800,3,6.0,3.9003198512613877,44,1.5383353747410133
Home Hill,1500-1800,4,2.0,4.82035270432913,53,0.41490739841584867
Home Hill,sprint<=1100,0,8.0,5.206826072023346,26,1.5364446381231323
Home Hill,sprint<=1100,1,8.0,6.287359488765613,52,1.272394240268044
Home Hill,sprint<=1100,2,3.0,4.000550036868214,48,0.7498968822668487
Home Hill,sprint<=1100,3,4.0,5.3027539774517525,52,0.7543250199818259
Home Hill,sprint<=1100,4,3.0,5.202510424891074,65,0.5766446878504452
Horsham,1200-1400,0,16.0,10.427756522762197,87,1.5343664732749032
Horsham,1200-1400,1,26.0,21.068568056931657,174,1.234065833508124
Horsham,1200-1400,2,31.0,25.89763816878052,241,1.1970203536695618
Horsham,1200-1400,3,8.0,17.254913696151043,213,0.46363604830921384
Horsham,1200-1400,4,6.0,12.351123555374585,237,0.4857857645986468
Horsham,1500-1800,0,12.0,5.717799673154033,45,2.098709413752616
Horsham,1500-1800,1,7.0,11.335004041854821,90,0.6175560215199133
Horsham,1500-1800,2,16.0,13.100593067452701,110,1.2213187538624206
Horsham,1500-1800,3,4.0,7.618182181216127,103,0.5250596408501038
Horsham,1500-1800,4,6.0,7.2284210363223185,120,0.8300567952323769
Horsham,2000+,0,2.0,2.7533944375431116,21,0.7263761314868584
Horsham,2000+,1,7.0,5.612123990613711,42,1.247299598459962
Horsham,2000+,2,5.0,4.5732140280049975,45,1.0933229823449093
Horsham,2000+,3,5.0,4.4464904480293335,48,1.1244823436460951
Horsham,2000+,4,2.0,3.6147770958088468,52,0.5532844618050999
Horsham,sprint<=1100,0,15.0,6.467073195107571,48,2.319441816639358
Horsham,sprint<=1100,1,11.0,13.038772714171538,96,0.8436376828659922
Horsham,sprint<=1100,2,15.0,12.018099425069181,106,1.248117482595519
Horsham,sprint<=1100,3,3.0,7.961855736027766,103,0.37679657851935966
Horsham,sprint<=1100,4,4.0,8.514198929623944,124,0.4698034463445021
Ilfracombe,1200-1400,0,1.0,0.24741531325576244,1,4.0417870132648686
Ilfracombe,1200-1400,1,0.0,0.10308971385656766,2,0.0
Ilfracombe,1200-1400,2,0.0,0.15463457078485152,1,0.0
Ilfracombe,1200-1400,3,0.0,0.2864808890329881,2,0.0
Ilfracombe,1200-1400,4,0.0,0.2083795130698304,2,0.0
Illawarra Grange,1200-1400,0,5.0,2.505933595217825,20,1.9952643635656202
Illawarra Grange,1200-1400,1,4.0,4.83321710115404,40,0.8276061091989659
Illawarra Grange,1200-1400,2,3.0,4.593600997240608,42,0.6530824078543414
Illawarra Grange,1200-1400,3,5.0,4.71732734420338,43,1.0599222049205397
Illawarra Grange,1200-1400,4,3.0,3.3499209621841475,48,0.8955435169562929
Illawarra Grange,2000+,0,0.0,0.055371950128258664,1,0.0
Illawarra Grange,2000+,1,1.0,0.2200680069200024,2,4.544049878015723
Illawarra Grange,2000+,2,0.0,0.35900495138101773,2,0.0
Illawarra Grange,2000+,3,0.0,0.2662112986935513,2,0.0
Illawarra Grange,2000+,4,0.0,0.09934379287716996,2,0.0
Illawarra Grange,sprint<=1100,0,2.0,0.8434995243350847,6,2.3710742475836764
Illawarra Grange,sprint<=1100,1,1.0,1.178609074184564,13,0.8484577472745685
Illawarra Grange,sprint<=1100,2,1.0,1.9928463134059313,11,0.5017948415153606
Illawarra Grange,sprint<=1100,3,2.0,1.322492193623013,12,1.512296261289022
Illawarra Grange,sprint<=1100,4,0.0,0.662552894451407,14,0.0
Ingham,1200-1400,0,0.0,0.17955049596116018,1,0.0
Ingham,1200-1400,1,1.0,0.2304231364834889,2,4.339841976205612
Ingham,1200-1400,2,0.0,0.2132162139538777,3,0.0
Ingham,1200-1400,3,0.0,0.21120202569790314,3,0.0
Ingham,1200-1400,4,0.0,0.16560812790357007,3,0.0
Ingham,sprint<=1100,0,0.0,0.23672143521226022,2,0.0
Ingham,sprint<=1100,1,2.0,0.5788529090865968,4,3.4551091799053197
Ingham,sprint<=1100,2,0.0,0.26523843755425963,3,0.0
Ingham,sprint<=1100,3,0.0,0.2886190380610213,4,0.0
Ingham,sprint<=1100,4,0.0,0.630568180085862,3,0.0
Innisfail,1200-1400,0,8.0,3.3266707174638595,26,2.4048066909666757
Innisfail,1200-1400,1,8.0,6.256483567476058,52,1.2786735414103065
Innisfail,1200-1400,2,6.0,5.859581628112194,55,1.0239638903934931
Innisfail,1200-1400,3,3.0,5.578471544744319,56,0.5377817160018337
Innisfail,1200-1400,4,1.0,4.9787925422035695,66,0.20085191168809152
Innisfail,1500-1800,0,3.0,1.8179823251315985,16,1.6501810598091697
Innisfail,1500-1800,1,5.0,3.662135410952805,32,1.3653236264955897
Innisfail,1500-1800,2,4.0,3.799436392450164,30,1.052787726081788
Innisfail,1500-1800,3,3.0,4.146622607809008,35,0.723480355880551
Innisfail,1500-1800,4,1.0,2.573823263656424,35,0.38852706559943834
Innisfail,2000+,0,0.0,0.15125356934811535,2,0.0
Innisfail,2000+,1,0.0,0.4789846617850902,4,0.0
Innisfail,2000+,2,1.0,0.41908528440885207,4,2.3861491615258386
Innisfail,2000+,3,1.0,0.49517586368347477,5,2.0194845373950168
Innisfail,2000+,4,0.0,0.4555006207744676,5,0.0
Innisfail,sprint<=1100,0,9.0,2.4726212809389736,19,3.6398619025806758
Innisfail,sprint<=1100,1,5.0,4.167923494383554,38,1.1996381427676643
Innisfail,sprint<=1100,2,3.0,3.7144819471578914,39,0.8076496380054904
Innisfail,sprint<=1100,3,0.0,4.6323338197792046,40,0.0
Innisfail,sprint<=1100,4,2.0,4.012639457740377,48,0.4984250444285499
Inverell,1200-1400,0,20.0,10.73465329191569,78,1.8631249148085742
Inverell,1200-1400,1,15.0,16.478157684478138,156,0.9102959376417115
Inverell,1200-1400,2,25.0,21.98567682103267,232,1.1371039519731168
Inverell,1200-1400,3,11.0,14.141341189717128,198,0.7778611556306022
Inverell,1200-1400,4,7.0,14.660171012856374,236,0.4774841980943663
Inverell,1500-1800,0,5.0,3.794169734415871,28,1.31781136585598
Inverell,1500-1800,1,7.0,6.894438698522887,56,1.0153110798562512
Inverell,1500-1800,2,8.0,6.206367247139384,63,1.2889988106468129
Inverell,1500-1800,3,3.0,5.833808306406443,62,0.5142438425180215
Inverell,1500-1800,4,5.0,5.271216013515416,73,0.9485477330429986
Inverell,sprint<=1100,0,14.0,5.574873335646949,43,2.5112678184957073
Inverell,sprint<=1100,1,7.0,11.825940068488094,86,0.5919191167434121
Inverell,sprint<=1100,2,8.0,9.365693550745627,110,0.8541812687607208
Inverell,sprint<=1100,3,10.0,8.019492542258835,99,1.2469616933122454
Inverell,sprint<=1100,4,4.0,8.214000502860493,119,0.48697343013395433
Ipswich,1200-1400,0,172.0,103.96333341507594,775,1.654429444978319
Ipswich,1200-1400,1,202.0,194.55902451835192,1551,1.0382453371159157
Ipswich,1200-1400,2,195.0,191.80385879077284,1867,1.0166635918035083
Ipswich,1200-1400,3,131.0,150.68398488943714,1761,0.8693690978249609
Ipswich,1200-1400,4,75.0,133.9897983863622,2098,0.5597441066650167
Ipswich,1500-1800,0,51.0,34.412432153884794,309,1.4820225368535205
Ipswich,1500-1800,1,66.0,75.63322891155138,618,0.8726323198125406
Ipswich,1500-1800,2,91.0,77.01942418290105,738,1.1815201290508057
Ipswich,1500-1800,3,59.0,64.52679302303187,697,0.9143488655780683
Ipswich,1500-1800,4,42.0,57.4081217286309,823,0.7316037998688524
Ipswich,2000+,0,30.0,15.981914493839975,142,1.8771217936100908
Ipswich,2000+,1,37.0,35.657763610015344,284,1.037642192165065
Ipswich,2000+,2,33.0,35.43937930281313,342,0.9311675500304404
Ipswich,2000+,3,25.0,27.63450505193179,326,0.9046661032292443
Ipswich,2000+,4,17.0,27.286437541399756,383,0.6230201349739085
Ipswich,sprint<=1100,0,76.0,45.944405621243206,272,1.6541731027391953
Ipswich,sprint<=1100,1,78.0,68.8576055444602,544,1.1327724712942089
Ipswich,sprint<=1100,2,55.0,59.338358948221156,517,0.9268877834655518
Ipswich,sprint<=1100,3,38.0,51.77062336588318,564,0.7340070010638887
Ipswich,sprint<=1100,4,24.0,45.08900652019226,651,0.5322805236183693
Jandowae,1200-1400,0,0.0,0.36343955698880637,3,0.0
Jandowae,1200-1400,1,1.0,0.8208628997094355,6,1.2182302310824067
Jandowae,1200-1400,2,0.0,0.5146925969235832,5,0.0
Jandowae,1200-1400,3,1.0,0.5085075061428255,6,1.966539309488832
Jandowae,1200-1400,4,1.0,0.7924974402353495,8,1.2618337287033103
Jandowae,1500-1800,0,0.0,0.23564695801199656,1,0.0
Jandowae,1500-1800,1,0.0,0.20565552699228792,2,0.0
Jandowae,1500-1800,2,0.0,0.15081405312767782,1,0.0
Jandowae,1500-1800,3,1.0,0.2136532419308769,2,4.68048128342246
Jandowae,1500-1800,4,0.0,0.1942302199371608,2,0.0
Jandowae,sprint<=1100,0,0.0,0.43478278724493546,2,0.0
Jandowae,sprint<=1100,1,0.0,0.3564326455172966,4,0.0
Jandowae,sprint<=1100,2,1.0,0.22496183649236726,4,4.445198419394701
Jandowae,sprint<=1100,3,0.0,0.49741140710472864,4,0.0
Jandowae,sprint<=1100,4,1.0,0.486411323640672,6,2.0558731908526306
Junction,1200-1400,0,3.0,2.1461060698596013,16,1.3978805810824908
Junction,1200-1400,1,5.0,4.5359367896987735,32,1.102308129900559
Junction,1200-1400,2,3.0,2.968290672134186,25,1.0106826895908463
Junction,1200-1400,3,2.0,3.024564620530364,32,0.6612521969027383
Junction,1200-1400,4,3.0,3.3251018477770753,36,0.9022280030326244
Junction,2000+,0,1.0,0.7352490149780492,5,1.3600834270139823
Junction,2000+,1,1.0,1.339918915872226,10,0.7463138165707928
Junction,2000+,2,0.0,1.257204325909826,8,0.0
Junction,2000+,3,2.0,0.7928279052236096,10,2.52261554723647
Junction,2000+,4,1.0,0.8747998380162894,11,1.1431186387363956
Kalgoorlie,1200-1400,0,82.0,51.338758008531876,400,1.597233808935787
Kalgoorlie,1200-1400,1,100.0,87.23487588033831,800,1.146330512777617
Kalgoorlie,1200-1400,2,109.0,96.29915122532095,961,1.131889519409798
Kalgoorlie,1200-1400,3,57.0,85.40463939437979,912,0.6674110493785539
Kalgoorlie,1200-1400,4,52.0,79.72257549142907,1087,0.6522619180258482
Kalgoorlie,1500-1800,0,17.0,13.275658888262052,136,1.280539078556086
Kalgoorlie,1500-1800,1,33.0,30.613453867141175,272,1.0779574282345323
Kalgoorlie,1500-1800,2,34.0,32.09985749470529,319,1.0591947333600509
Kalgoorlie,1500-1800,3,37.0,31.613228481523596,311,1.170396121409261
Kalgoorlie,1500-1800,4,15.0,28.397801268367886,359,0.5282099081631505
Kalgoorlie,2000+,0,1.0,1.1714709163675643,18,0.8536276795507205
Kalgoorlie,2000+,1,4.0,4.019333326135728,36,0.9951899171909897
Kalgoorlie,2000+,2,6.0,4.668985990707359,39,1.2850756056972
Kalgoorlie,2000+,3,3.0,3.2947871860216718,37,0.9105292180107037
Kalgoorlie,2000+,4,4.0,4.845422580767677,46,0.8255213932994605
Kalgoorlie,sprint<=1100,0,29.0,18.877364086488907,119,1.536231428664141
Kalgoorlie,sprint<=1100,1,31.0,27.655548833531462,238,1.1209323737019277
Kalgoorlie,sprint<=1100,2,22.0,23.1815013877526,240,0.949032576967736
Kalgoorlie,sprint<=1100,3,25.0,27.056097319684515,251,0.924006138232338
Kalgoorlie,sprint<=1100,4,12.0,22.229488372542516,291,0.5398234902618
Katherine,1200-1400,0,1.0,0.8663293233889472,6,1.1542954543985118
Katherine,1200-1400,1,4.0,2.0916772587907757,12,1.91234091358456
Katherine,1200-1400,2,0.0,0.9441692380891727,9,0.0
Katherine,1200-1400,3,0.0,1.06809585994972,12,0.0
Katherine,1200-1400,4,1.0,1.0297283197813842,12,0.9711299386349832
Katherine,1500-1800,0,1.0,0.5122912488469396,5,1.9520146054627925
Katherine,1500-1800,1,3.0,1.2649628584977024,10,2.371611134545773
Katherine,1500-1800,2,0.0,0.9123714706693855,7,0.0
Katherine,1500-1800,3,1.0,1.1592573235248556,10,0.8626212487141204
Katherine,1500-1800,4,0.0,1.1511170984611172,10,0.0
Katherine,sprint<=1100,0,2.0,1.030117881157693,6,1.94152536965217
Katherine,sprint<=1100,1,2.0,1.3016480325361983,12,1.5365136734414269
Katherine,sprint<=1100,2,1.0,0.9227675368355427,8,1.0836965542040105
Katherine,sprint<=1100,3,1.0,1.531156116496103,12,0.6531012672230965
Katherine,sprint<=1100,4,0.0,1.214310432974463,13,0.0
Kembla Grange,1200-1400,0,115.0,81.96345664243779,626,1.4030643009808965
Kembla Grange,1200-1400,1,164.0,150.65732076132562,1250,1.0885630991660347
Kembla Grange,1200-1400,2,163.0,149.37197644199918,1427,1.0912354772469155
Kembla Grange,1200-1400,3,102.0,123.45864896607344,1392,0.8261875604035623
Kembla Grange,1200-1400,4,81.0,119.54859718816395,1630,0.6775487283427488
Kembla Grange,1500-1800,0,32.0,29.53930616783301,243,1.0833023571436007
Kembla Grange,1500-1800,1,67.0,54.690029672614045,486,1.2250861884894928
Kembla Grange,1500-1800,2,67.0,57.326529139921846,552,1.168743355043653
Kembla Grange,1500-1800,3,43.0,52.1304301649744,551,0.8248541181018493
Kembla Grange,1500-1800,4,34.0,49.313704854656706,631,0.689463509184899
Kembla Grange,2000+,0,9.0,7.242354701853762,76,1.2426897563711354
Kembla Grange,2000+,1,20.0,17.49704898751859,153,1.1430498945431813
Kembla Grange,2000+,2,16.0,17.930656138231214,182,0.8923265203823342
Kembla Grange,2000+,3,21.0,17.96663062850096,172,1.1688335133181358
Kembla Grange,2000+,4,10.0,15.363309543895475,200,0.6509014201288058
Kembla Grange,sprint<=1100,0,28.0,21.87752627277076,145,1.2798521940229324
Kembla Grange,sprint<=1100,1,45.0,39.66811285795257,287,1.1344124224194976
Kembla Grange,sprint<=1100,2,22.0,27.986694539999966,273,0.7860878307210061
Kembla Grange,sprint<=1100,3,28.0,28.69394223686961,306,0.975815723362754
Kembla Grange,sprint<=1100,4,21.0,25.773724092407086,352,0.8147833011910988
Kempsey,1200-1400,0,17.0,11.650984831126356,93,1.459104122647504
Kempsey,1200-1400,1,26.0,22.914927674473937,186,1.1346315541271674
Kempsey,1200-1400,2,23.0,23.024273495673548,215,0.9989457432531754
Kempsey,1200-1400,3,17.0,18.374347028978228,208,0.9252029458891387
Kempsey,1200-1400,4,10.0,17.03546696974793,250,0.5870106183621668
Kempsey,2000+,0,3.0,1.7271441801796594,14,1.7369713741489357
Kempsey,2000+,1,2.0,3.4237996021630583,28,0.5841463381023987
Kempsey,2000+,2,3.0,3.1547576073938695,27,0.9509446915886149
Kempsey,2000+,3,3.0,2.371204332212949,30,1.265179874734887
Kempsey,2000+,4,3.0,3.3230942780504638,34,0.9027730629899519
Kempsey,sprint<=1100,0,12.0,7.30560388975589,48,1.6425746839117181
Kempsey,sprint<=1100,1,16.0,10.919460132413155,96,1.4652739060336737
Kempsey,sprint<=1100,2,10.0,12.513120790035718,112,0.7991611499477467
Kempsey,sprint<=1100,3,6.0,9.059848371137988,109,0.6622627393096594
Kempsey,sprint<=1100,4,4.0,8.201966816657249,129,0.48768790333026724
Kerang,1200-1400,0,3.0,2.6225098540398353,19,1.1439423174630445
Kerang,1200-1400,1,7.0,6.128336622543408,38,1.1422349050230258
Kerang,1200-1400,2,5.0,2.587469763646626,37,1.9323897307898577
Kerang,1200-1400,3,1.0,3.981559864434551,38,0.2511578461829851
Kerang,1200-1400,4,3.0,3.6801238953355795,50,0.8151899461326257
Kerang,1500-1800,0,2.0,1.8380617611961565,14,1.0881027189741757
Kerang,1500-1800,1,3.0,2.8113261263005938,28,1.0671120550313673
Kerang,1500-1800,2,4.0,3.0287124300214865,28,1.320693229357408
Kerang,1500-1800,3,2.0,2.674858013225458,28,0.7477032388677388
Kerang,1500-1800,4,3.0,3.647041669256305,40,0.8225845142624192
Kerang,sprint<=1100,0,5.0,3.243689745736043,28,1.5414544521629097
Kerang,sprint<=1100,1,8.0,7.400904701621908,56,1.0809489275340622
Kerang,sprint<=1100,2,4.0,6.523980928630463,50,0.6131225771133108
Kerang,sprint<=1100,3,6.0,5.228023702334462,56,1.147661208444948
Kerang,sprint<=1100,4,5.0,5.603400921677124,75,0.8923152331751191
Kilcoy,1200-1400,0,52.0,25.265874940371283,168,2.0581119839594937
Kilcoy,1200-1400,1,56.0,42.79476186695212,336,1.3085713661429557
Kilcoy,1200-1400,2,34.0,40.9761802207456,388,0.829750352932759
Kilcoy,1200-1400,3,17.0,33.46013889188898,379,0.5080672275428284
Kilcoy,1200-1400,4,9.0,25.50304408004202,441,0.3528990489038582
Kilcoy,1500-1800,0,21.0,11.463777104194609,88,1.8318569707985752
Kilcoy,1500-1800,1,27.0,24.430470770747597,176,1.1051772294265032
Kilcoy,1500-1800,2,21.0,19.925782606767964,197,1.053910926081627
Kilcoy,1500-1800,3,10.0,17.630816010195474,194,0.5671887219637051
Kilcoy,1500-1800,4,9.0,14.549153508094351,226,0.6185926896016936
Kilcoy,2000+,0,10.0,8.7457533907098,62,1.1434120713513976
Kilcoy,2000+,1,15.0,14.619783378633874,124,1.0260069941885592
Kilcoy,2000+,2,16.0,14.437506709599754,145,1.1082245931952583
Kilcoy,2000+,3,11.0,12.589606800216595,137,0.8737365808605518
Kilcoy,2000+,4,10.0,11.607349720839979,166,0.8615231073847871
Kilcoy,sprint<=1100,0,14.0,5.456259984669969,32,2.565860138507827
Kilcoy,sprint<=1100,1,8.0,8.025346908407693,64,0.9968416432713783
Kilcoy,sprint<=1100,2,5.0,5.799639029281267,61,0.8621226208658775
Kilcoy,sprint<=1100,3,3.0,6.871982782313608,68,0.4365552264946133
Kilcoy,sprint<=1100,4,2.0,5.846771295327463,78,0.3420691350794464
Kilmore,1200-1400,0,43.0,20.5156778132567,149,2.095958046885222
Kilmore,1200-1400,1,37.0,39.88498944918819,298,0.92766728814449
Kilmore,1200-1400,2,36.0,34.509612559465275,322,1.0431876028154927
Kilmore,1200-1400,3,20.0,27.847016281036193,321,0.7182098002226541
Kilmore,1200-1400,4,13.0,26.24270389705364,399,0.49537578334142446
Kilmore,1500-1800,0,30.0,19.909276432836574,134,1.5068352735572395
Kilmore,1500-1800,1,35.0,33.88185796040377,269,1.0330012020268473
Kilmore,1500-1800,2,31.0,34.83178495208106,309,0.8899917142531587
Kilmore,1500-1800,3,25.0,25.081671718577514,300,0.9967437689363815
Kilmore,1500-1800,4,13.0,20.295408936101083,357,0.6405389534613343
Kilmore,2000+,0,5.0,4.874007566253562,49,1.0258498642100555
Kilmore,2000+,1,10.0,10.801680052963253,98,0.9257819108664188
Kilmore,2000+,2,12.0,13.972091966713588,114,0.8588549251313403
Kilmore,2000+,3,14.0,10.25175741879106,110,1.3656195155709168
Kilmore,2000+,4,8.0,9.100462995278535,131,0.8790761529551329
Kilmore,sprint<=1100,0,18.0,8.860850802499504,67,2.031407638070431
Kilmore,sprint<=1100,1,18.0,15.663178691464163,134,1.149192022549632
Kilmore,sprint<=1100,2,15.0,17.89306405654824,156,0.8383136590018813
Kilmore,sprint<=1100,3,10.0,13.975448183572777,146,0.7155405586029323
Kilmore,sprint<=1100,4,6.0,10.607458265915314,173,0.565639746071842
Kingscote,1200-1400,0,7.0,4.176840547394745,34,1.6759078831405636
Kingscote,1200-1400,1,9.0,8.035870658108129,68,1.1199782055873526
Kingscote,1200-1400,2,8.0,8.149277285626484,66,0.981682144269434
Kingscote,1200-1400,3,3.0,5.359150386190829,68,0.559790224907709
Kingscote,1200-1400,4,7.0,8.278861122679814,89,0.8455269265024397
Kingscote,1500-1800,0,0.0,1.092062560903718,9,0.0
Kingscote,1500-1800,1,3.0,2.5656467201807875,18,1.1692958256499968
Kingscote,1500-1800,2,1.0,1.7216916498180725,16,0.5808240982673453
Kingscote,1500-1800,3,1.0,1.6589854103389472,18,0.6027780556525147
Kingscote,1500-1800,4,4.0,1.9616136587584747,22,2.0391375142298105
Kingscote,2000+,0,2.0,1.6457775191448651,8,1.2152310848426138
Kingscote,2000+,1,3.0,1.963285517853685,16,1.5280507968498023
Kingscote,2000+,2,1.0,1.1294891235719589,15,0.8853560243568744
Kingscote,2000+,3,1.0,1.615531335725645,17,0.6189913979915667
Kingscote,2000+,4,1.0,1.6459165037038463,21,0.6075642341210356
Kingscote,sprint<=1100,0,5.0,2.395345986815565,15,2.0873811246980356
Kingscote,sprint<=1100,1,2.0,3.116148576399445,30,0.6418179207330674
Kingscote,sprint<=1100,2,2.0,2.7141423558569793,29,0.7368810245653118
Kingscote,sprint<=1100,3,4.0,2.9749329360418884,30,1.3445681250623251
Kingscote,sprint<=1100,4,2.0,3.799430144886122,40,0.5263947286126365
Kumbia,sprint<=1100,0,0.0,0.1265108354187743,1,0.0
Kumbia,sprint<=1100,1,1.0,0.21085139236462386,2,4.742676767676767
Kumbia,sprint<=1100,2,0.0,0.07906927213673394,1,0.0
Kumbia,sprint<=1100,3,0.0,0.46855864969916405,2,0.0
Kumbia,sprint<=1100,4,0.0,0.11500985038070391,2,0.0
Kununurra,1200-1400,0,0.0,0.6258939584359976,3,0.0
Kununurra,1200-1400,1,1.0,0.7572284871252212,6,1.3206053615289202
Kununurra,1200-1400,2,0.0,0.6372972937166637,3,0.0
Kununurra,1200-1400,3,2.0,0.40502151400188,6,4.93800929298466
Kununurra,1200-1400,4,0.0,0.5745587467202375,6,0.0
Kununurra,1500-1800,0,2.0,0.6094411624766878,3,3.281694974248648
Kununurra,1500-1800,1,1.0,0.5852246069366103,6,1.7087456476489495
Kununurra,1500-1800,2,0.0,0.44894994914341985,3,0.0
Kununurra,1500-1800,3,0.0,0.7446151555553175,6,0.0
Kununurra,1500-1800,4,0.0,0.6117691258879644,6,0.0
Kyneton,1200-1400,0,27.0,20.621093944545525,158,1.3093388775885848
Kyneton,1200-1400,1,38.0,38.18190423263774,318,0.995235852263171
Kyneton,1200-1400,2,38.0,36.95050299435969,385,1.0284027799513449
Kyneton,1200-1400,3,38.0,32.62524152281329,352,1.1647423352691013
Kyneton,1200-1400,4,17.0,29.62125730564376,422,0.5739121680280931
Kyneton,1500-1800,0,25.0,16.527313163548754,133,1.5126475642234387
Kyneton,1500-1800,1,36.0,32.322343164857685,266,1.113780638253381
Kyneton,1500-1800,2,31.0,31.37348848846813,282,0.988095410919783
Kyneton,1500-1800,3,32.0,28.602025498138925,284,1.1188018835268214
Kyneton,1500-1800,4,9.0,24.17482968498651,338,0.37228804162328155
Kyneton,2000+,0,13.0,10.493373551597545,100,1.2388770814340102
Kyneton,2000+,1,21.0,22.602000242505287,200,0.9291213067287484
Kyneton,2000+,2,24.0,27.983432982062265,267,0.8576503110030962
Kyneton,2000+,3,27.0,21.877698772948737,237,1.234133456183466
Kyneton,2000+,4,15.0,17.043494450886165,286,0.8801012047866795
Kyneton,sprint<=1100,0,23.0,13.322320381584007,99,1.726425978449959
Kyneton,sprint<=1100,1,18.0,25.644677929598405,198,0.7019000218842631
Kyneton,sprint<=1100,2,30.0,24.643168758769537,225,1.2173759102844344
Kyneton,sprint<=1100,3,12.0,17.547023682176494,213,0.6838766629231303
Kyneton,sprint<=1100,4,16.0,17.842809247871557,255,0.8967197809340823
Launceston,1200-1400,0,110.0,65.35539646393427,485,1.6831050831541112
Launceston,1200-1400,1,136.0,116.80302000230834,970,1.1643534559064677
Launceston,1200-1400,2,125.0,123.18601241227343,1258,1.014725597104772
Launceston,1200-1400,3,69.0,98.3282853668227,1148,0.7017309387892727
Launceston,1200-1400,4,44.0,80.32728575466128,1332,0.5477590782089478
Launceston,1500-1800,0,23.0,14.914334906497018,127,1.5421405073839858
Launceston,1500-1800,1,27.0,27.041196327300348,254,0.9984765345881256
Launceston,1500-1800,2,36.0,31.475512848413587,324,1.1437462567608156
Launceston,1500-1800,3,24.0,29.560987155094686,300,0.8118808710305103
Launceston,1500-1800,4,17.0,24.00796876269436,357,0.708098222220951
Launceston,2000+,0,12.0,7.408320480691633,83,1.619800335484365
Launceston,2000+,1,18.0,17.477043999054203,166,1.0299224514725773
Launceston,2000+,2,27.0,22.145634258896738,198,1.2192019286669598
Launceston,2000+,3,16.0,19.55702064407944,186,0.8181205251651524
Launceston,2000+,4,10.0,16.411980617277987,224,0.6093109803866288
Launceston,sprint<=1100,0,18.0,13.318917913203732,102,1.351461141010237
Launceston,sprint<=1100,1,32.0,28.67924104024612,204,1.115789638752776
Launceston,sprint<=1100,2,28.0,21.95818698878923,182,1.275150813420772
Launceston,sprint<=1100,3,13.0,19.655914252686937,204,0.661378546572715
Launceston,sprint<=1100,4,11.0,18.38773980507398,257,0.5982246930079258
Laverton,1500-1800,0,1.0,0.6729361457523206,2,1.4860250951181002
Laverton,1500-1800,1,1.0,0.5709092708654636,4,1.7515918045682828
Laverton,1500-1800,2,0.0,0.20262112183778636,2,0.0
Laverton,1500-1800,3,0.0,0.3121902355631306,4,0.0
Laverton,1500-1800,4,0.0,0.241343225981299,4,0.0
Leeton,1500-1800,0,0.0,0.7223089093483894,7,0.0
Leeton,1500-1800,1,2.0,2.2619135936889547,14,0.8842070738600585
Leeton,1500-1800,2,3.0,1.0269220488700983,17,2.9213512391722816
Leeton,1500-1800,3,0.0,1.4110461504003828,17,0.0
Leeton,1500-1800,4,2.0,1.577809297692175,20,1.2675803108305634
Leeton,2000+,0,0.0,0.4195557560589337,4,0.0
Leeton,2000+,1,1.0,0.6748168563310858,8,1.4818835519860953
Leeton,2000+,2,0.0,0.8776285199088796,6,0.0
Leeton,2000+,3,2.0,0.7092896296525857,8,2.8197226018652097
Leeton,2000+,4,1.0,1.318709238048515,8,0.7583172780982749
Leeton,sprint<=1100,0,7.0,4.650251958091909,28,1.505294780386962
Leeton,sprint<=1100,1,3.0,5.226042336608137,53,0.5740481624087057
Leeton,sprint<=1100,2,8.0,6.2244583139159335,55,1.285252402143093
Leeton,sprint<=1100,3,7.0,6.180032863199126,55,1.1326800609238854
Leeton,sprint<=1100,4,2.0,4.719214528184894,69,0.42379933949924514
Leinster,1200-1400,0,0.0,0.0816967724854735,1,0.0
Leinster,1200-1400,1,0.0,0.11070023372015378,2,0.0
Leinster,1200-1400,2,1.0,0.24402932041115458,2,4.097868232862931
Leinster,1200-1400,3,0.0,0.5122257957422545,2,0.0
Leinster,1200-1400,4,0.0,0.05134787764096364,2,0.0
Leinster,1500-1800,0,0.0,0.2807403127249826,1,0.0
Leinster,1500-1800,1,1.0,0.4045988427919468,2,2.471583935088566
Leinster,1500-1800,2,0.0,0.0159636648412245,1,0.0
Leinster,1500-1800,3,0.0,0.061237665128631685,2,0.0
Leinster,1500-1800,4,0.0,0.23745951451321445,2,0.0
Leonora,1200-1400,0,0.0,0.09451592130682192,1,0.0
Leonora,1200-1400,1,0.0,0.1740668217400637,2,0.0
Leonora,1200-1400,2,0.0,0.2770294245199953,1,0.0
Leonora,1200-1400,3,1.0,0.29457462140626167,2,3.394725571490604
Leonora,1200-1400,4,0.0,0.15981321102685747,2,0.0
Lismore,1200-1400,0,33.0,18.004945611695565,144,1.8328297519857
Lismore,1200-1400,1,47.0,40.091119633370674,288,1.172329444271209
Lismore,1200-1400,2,34.0,36.63472218062027,365,0.928081283989809
Lismore,1200-1400,3,20.0,24.844486707915504,335,0.8050075751264347
Lismore,1200-1400,4,10.0,24.42472586639799,393,0.40942117650365834
Lismore,1500-1800,0,8.0,6.398323495761744,51,1.2503275280312425
Lismore,1500-1800,1,12.0,10.735026763274407,102,1.1178360580388298
Lismore,1500-1800,2,17.0,14.281861668530444,134,1.1903210095823062
Lismore,1500-1800,3,10.0,10.68668791123137,117,0.9357436170181705
Lismore,1500-1800,4,4.0,8.898100161202033,139,0.4495341620721479
Lismore,2000+,0,3.0,2.734381134443982,20,1.097140395759068
Lismore,2000+,1,6.0,3.972439135685513,40,1.510407030808943
Lismore,2000+,2,7.0,5.128624433560999,39,1.3648884005217816
Lismore,2000+,3,3.0,4.565143395440834,42,0.6571535086928643
Lismore,2000+,4,1.0,3.5994119008686725,50,0.27782316321137424
Lismore,sprint<=1100,0,19.0,10.240489311193887,62,1.855380091967977
Lismore,sprint<=1100,1,17.0,17.963253347472207,126,0.9463764537058229
Lismore,sprint<=1100,2,18.0,15.07764688167707,132,1.1938202387452304
Lismore,sprint<=1100,3,6.0,11.437862542687142,134,0.5245735361486864
Lismore,sprint<=1100,4,2.0,7.280747916969693,155,0.27469705349068263
Longford,1200-1400,0,0.0,0.9691144003448506,8,0.0
Longford,1200-1400,1,6.0,2.7196998662045058,16,2.2061257841562267
Longford,1200-1400,2,0.0,0.8814567927022384,8,0.0
Longford,1200-1400,3,1.0,1.9187955492592499,16,0.5211602665985178
Longford,1200-1400,4,1.0,1.5109333914891554,16,0.6618425442397653
Longford,1500-1800,0,2.0,1.078955327706196,5,1.8536448624354984
Longford,1500-1800,1,0.0,1.3331241079512677,10,0.0
Longford,1500-1800,2,2.0,0.7179186674778001,7,2.7858308894883907
Longford,1500-1800,3,0.0,0.8485670829530463,10,0.0
Longford,1500-1800,4,1.0,1.0214348139116898,12,0.9790149957493587
Longford,2000+,0,0.0,0.10922181198438938,1,0.0
Longford,2000+,1,0.0,0.1820363533073156,2,0.0
Longford,2000+,2,0.0,0.24823139087361223,1,0.0
Longford,2000+,3,0.0,0.16540803257251274,2,0.0
Longford,2000+,4,1.0,0.2951024112621701,2,3.3886541140851483
Longreach,1200-1400,0,9.0,4.382178665678075,34,2.0537729487137164
Longreach,1200-1400,1,10.0,7.692094707508966,68,1.300035995427627
Longreach,1200-1400,2,5.0,6.445153921383892,69,0.7757766627435965
Longreach,1200-1400,3,9.0,7.256506239035898,71,1.240266280153539
Longreach,1200-1400,4,1.0,8.22406646639317,85,0.12159434801340682
Longreach,1500-1800,0,1.0,1.4011651104243088,8,0.713691764489607
Longreach,1500-1800,1,0.0,1.757860187755573,16,0.0
Longreach,1500-1800,2,1.0,1.7655239826911762,16,0.5664040872872804
Longreach,1500-1800,3,5.0,1.5170178230607392,19,3.2959401821080694
Longreach,1500-1800,4,1.0,1.5584328960682028,21,0.6416702332984098
Longreach,sprint<=1100,0,6.0,2.190210451873244,18,2.739462773939517
Longreach,sprint<=1100,1,6.0,4.272172963627843,36,1.4044375195204928
Longreach,sprint<=1100,2,3.0,3.3181386421869274,38,0.9041213534172136
Longreach,sprint<=1100,3,1.0,4.456305170903626,41,0.22440114885516813
Longreach,sprint<=1100,4,2.0,3.76317277140836,47,0.5314664304534453
Mackay,1200-1400,0,44.0,43.12687378887247,279,1.0202455252240614
Mackay,1200-1400,1,85.0,70.79766824139546,558,1.2006045129929919
Mackay,1200-1400,2,72.0,67.10110341077107,643,1.0730076904881798
Mackay,1200-1400,3,47.0,52.52139106408552,612,0.8948734800769379
Mackay,1200-1400,4,31.0,45.452963494875476,730,0.6820237365489942
Mackay,1500-1800,0,35.0,23.731547178842504,163,1.4748300958314133
Mackay,1500-1800,1,34.0,39.77760606386882,326,0.8547522931723941
Mackay,1500-1800,2,31.0,37.22511126175958,335,0.832771184537614
Mackay,1500-1800,3,46.0,34.13771522891557,349,1.3474832656942652
Mackay,1500-1800,4,17.0,28.128020266613532,410,0.6043795417830418
Mackay,2000+,0,1.0,2.0131281739432243,15,0.49673935964109295
Mackay,2000+,1,3.0,3.4585784544723412,30,0.8674083989971815
Mackay,2000+,2,6.0,3.733379287969192,45,1.607123074619016
Mackay,2000+,3,2.0,3.2026320462677513,41,0.6244863509471025
Mackay,2000+,4,3.0,2.5922820373474913,47,1.1572814827933227
Mackay,sprint<=1100,0,63.0,44.31910402954473,244,1.4215088815424135
Mackay,sprint<=1100,1,75.0,66.45756934589348,488,1.1285396191612953
Mackay,sprint<=1100,2,64.0,52.87807217476257,529,1.2103315678468636
Mackay,sprint<=1100,3,27.0,44.05335539435321,515,0.612893155545216
Mackay,sprint<=1100,4,15.0,36.29189905544602,610,0.4133153786491941
Manangatang,1200-1400,0,0.0,1.3768387993172166,10,0.0
Manangatang,1200-1400,1,2.0,2.941286124379324,20,0.679974648988644
Manangatang,1200-1400,2,1.0,1.1076935192205593,15,0.9027767903739845
Manangatang,1200-1400,3,4.0,1.9265084739330565,20,2.07629504573827
Manangatang,1200-1400,4,3.0,2.647673083149843,24,1.133070400228946
Manangatang,1500-1800,0,1.0,1.0145006075068268,10,0.9857066546835663
Manangatang,1500-1800,1,4.0,1.5984014310989882,20,2.502500261933438
Manangatang,1500-1800,2,3.0,2.231055556981916,19,1.3446549955296863
Manangatang,1500-1800,3,1.0,2.064298498269591,20,0.48442606572559893
Manangatang,1500-1800,4,1.0,3.0917439061426775,25,0.3234420541795845
Manangatang,2000+,0,2.0,0.7107829874938479,7,2.8137983536322477
Manangatang,2000+,1,1.0,1.6448961213643238,14,0.6079411258934524
Manangatang,2000+,2,0.0,1.3622607763432901,11,0.0
Manangatang,2000+,3,2.0,1.3247905425464928,14,1.5096726129668994
Manangatang,2000+,4,2.0,1.9572695722520457,16,1.021831651783555
Marble Bar,1200-1400,0,1.0,0.5019932394789075,4,1.9920586999100762
Marble Bar,1200-1400,1,2.0,0.9294949320789836,8,2.1517061911533375
Marble Bar,1200-1400,2,1.0,0.33216135212788456,4,3.0105850472784463
Marble Bar,1200-1400,3,0.0,0.8408943270959955,8,0.0
Marble Bar,1200-1400,4,0.0,1.3954561492182285,8,0.0
Marble Bar,1500-1800,0,0.0,0.18103467532773526,2,0.0
Marble Bar,1500-1800,1,1.0,0.5574601354288756,4,1.7938502440728992
Marble Bar,1500-1800,2,0.0,0.11176919985284423,2,0.0
Marble Bar,1500-1800,3,1.0,0.5623352353556357,4,1.7782986679957438
Marble Bar,1500-1800,4,0.0,0.5874007540349092,4,0.0
Mareeba,1200-1400,0,0.0,0.45291759864311176,5,0.0
Mareeba,1200-1400,1,3.0,1.3598555368488443,10,2.2061166930656597
Mareeba,1200-1400,2,2.0,0.8737739249588843,10,2.2889215881489147
Mareeba,1200-1400,3,0.0,1.1911087665239941,10,0.0
Mareeba,1200-1400,4,0.0,1.1223441730251658,12,0.0
Mareeba,1500-1800,0,0.0,0.24684432720192245,2,0.0
Mareeba,1500-1800,1,1.0,0.8440823606489778,4,1.1847185139980227
Mareeba,1500-1800,2,0.0,0.2793066974970856,4,0.0
Mareeba,1500-1800,3,1.0,0.3657917040408192,4,2.733796280651594
Mareeba,1500-1800,4,0.0,0.263974910611195,5,0.0
Mareeba,2000+,0,0.0,0.011388357594428465,1,0.0
Mareeba,2000+,1,0.0,0.18150194916120366,2,0.0
Mareeba,2000+,2,0.0,0.2506898716619702,2,0.0
Mareeba,2000+,3,0.0,0.1861558452935422,2,0.0
Mareeba,2000+,4,1.0,0.3702639762888555,3,2.7007758357239324
Mareeba,sprint<=1100,0,3.0,1.6487429784329601,12,1.8195680219674601
Mareeba,sprint<=1100,1,2.0,3.1271036293441177,24,0.6395694665288346
Mareeba,sprint<=1100,2,4.0,2.3372549069244513,21,1.7114093923386058
Mareeba,sprint<=1100,3,0.0,2.4939874749815982,24,0.0
Mareeba,sprint<=1100,4,3.0,2.3929110103168725,28,1.253703120202007
Mildura,1200-1400,0,13.0,10.798672964317193,107,1.2038516253762666
Mildura,1200-1400,1,21.0,22.314858619805893,214,0.9410769907975635
Mildura,1200-1400,2,22.0,26.2104822203981,270,0.8393588418178234
Mildura,1200-1400,3,28.0,25.700300660923645,247,1.0894814177241499
Mildura,1200-1400,4,23.0,21.975685534555172,300,1.046611263336207
Mildura,2000+,0,10.0,4.954724009759871,51,2.0182758878803115
Mildura,2000+,1,16.0,12.546147583849647,102,1.2752918689236856
Mildura,2000+,2,8.0,11.55451893675617,111,0.6923698029998582
Mildura,2000+,3,7.0,9.983896859043481,108,0.7011290379727183
Mildura,2000+,4,10.0,11.960712610590832,130,0.8360705858901181
Mildura,sprint<=1100,0,8.0,6.591354003480561,49,1.2137111731179366
Mildura,sprint<=1100,1,8.0,13.429131122034175,98,0.5957198516644018
Mildura,sprint<=1100,2,18.0,10.429974638333118,105,1.7257951839925756
Mildura,sprint<=1100,3,8.0,8.169716422045008,99,0.9792261550735043
Mildura,sprint<=1100,4,7.0,10.379823814107139,127,0.6743852425015494
Miles,sprint<=1100,0,1.0,0.1785348498733222,1,5.601147342995169
Miles,sprint<=1100,1,0.0,0.2777208775807234,2,0.0
Miles,sprint<=1100,2,0.0,0.06943021939518085,1,0.0
Miles,sprint<=1100,3,0.0,0.331114225648213,2,0.0
Miles,sprint<=1100,4,0.0,0.1431998275025605,2,0.0
Mingenew,1200-1400,0,2.0,1.5676289584722052,9,1.275812104127739
Mingenew,1200-1400,1,2.0,2.638889437716289,18,0.7578945792176925
Mingenew,1200-1400,2,1.0,1.1088235297425977,16,0.9018567636566479
Mingenew,1200-1400,3,3.0,2.0388945647331482,18,1.471385549744031
Mingenew,1200-1400,4,1.0,1.6457635093357605,20,0.6076207148398896
Mitchell,1200-1400,0,2.0,0.5449652178046757,4,3.669958989413582
Mitchell,1200-1400,1,1.0,0.9163387844064985,8,1.0912994375193754
Mitchell,1200-1400,2,0.0,0.5622757657219908,4,0.0
Mitchell,1200-1400,3,1.0,1.0962148498701687,8,0.9122299338660081
Mitchell,1200-1400,4,0.0,0.8802053821966662,8,0.0
Mitchell,sprint<=1100,0,1.0,0.32146236956693125,3,3.110784012906964
Mitchell,sprint<=1100,1,2.0,0.8076222337318117,6,2.476405324750065
Mitchell,sprint<=1100,2,0.0,0.3423894968248119,3,0.0
Mitchell,sprint<=1100,3,0.0,0.8086458274634832,6,0.0
Mitchell,sprint<=1100,4,0.0,0.7198800724129618,6,0.0
Moe,1200-1400,0,49.0,29.024926221209586,209,1.688204118989074
Moe,1200-1400,1,51.0,49.98745671784588,419,1.020255947164294
Moe,1200-1400,2,39.0,54.891230475134776,559,0.7104960056901374
Moe,1200-1400,3,34.0,39.13082632752865,482,0.8688801947451056
Moe,1200-1400,4,36.0,35.96556025828111,599,1.0009575755659461
Moe,1500-1800,0,30.0,18.638678738244376,190,1.6095561504820366
Moe,1500-1800,1,40.0,40.80539963490455,382,0.9802624250194667
Moe,1500-1800,2,52.0,53.3324887177364,531,0.9750154408734114
Moe,1500-1800,3,41.0,44.145593133869845,474,0.9287450250281846
Moe,1500-1800,4,27.0,33.077839775244826,561,0.8162564479257974
Moe,2000+,0,30.0,15.240580851147755,150,1.9684289131106658
Moe,2000+,1,23.0,29.668672289392845,301,0.7752284893524868
Moe,2000+,2,39.0,40.62405247990763,398,0.9600223911508858
Moe,2000+,3,32.0,33.8324982790721,351,0.9458361524485576
Moe,2000+,4,26.0,30.63419610047967,426,0.8487247360668587
Moe,sprint<=1100,0,53.0,23.95359365456866,200,2.2126116341583395
Moe,sprint<=1100,1,62.0,51.368896755643505,401,1.2069560359633096
Moe,sprint<=1100,2,35.0,47.47329422416082,459,0.7372566107322562
Moe,sprint<=1100,3,25.0,40.38486263176954,439,0.6190438290690943
Moe,sprint<=1100,4,25.0,36.81935273385748,541,0.678990751975145
Moonee Valley,1200-1400,0,84.0,39.428982497038845,254,2.1304125716738564
Moonee Valley,1200-1400,1,51.0,61.34373149750516,508,0.8313807907507903
Moonee Valley,1200-1400,2,53.0,56.642962308464966,537,0.935685526321413
Moonee Valley,1200-1400,3,35.0,51.18586427102849,549,0.6837825344645047
Moonee Valley,1200-1400,4,31.0,45.398459425962535,646,0.6828425543945149
Moonee Valley,1500-1800,0,42.0,28.545922181981695,218,1.4713134763083806
Moonee Valley,1500-1800,1,46.0,54.74603735380478,436,0.8402434627864999
Moonee Valley,1500-1800,2,48.0,49.32909402004324,477,0.9730565896972847
Moonee Valley,1500-1800,3,46.0,43.51591455826553,463,1.05708452796984
Moonee Valley,1500-1800,4,36.0,41.863031885904746,560,0.8599472703772604
Moonee Valley,2000+,0,31.0,20.043811288818002,199,1.546612046646748
Moonee Valley,2000+,1,46.0,45.85130842251903,398,1.003242908056424
Moonee Valley,2000+,2,45.0,48.45757105039748,452,0.9286474543513232
Moonee Valley,2000+,3,42.0,41.887646907723095,437,1.0026822488387666
Moonee Valley,2000+,4,35.0,42.75966233054239,520,0.818528446961102
Moonee Valley,sprint<=1100,0,38.0,18.05045114781246,143,2.105210539549602
Moonee Valley,sprint<=1100,1,54.0,34.20470663659877,286,1.5787301020795899
Moonee Valley,sprint<=1100,2,17.0,32.660426695709525,301,0.5205075903749055
Moonee Valley,sprint<=1100,3,27.0,29.616855962420292,305,0.9116430195784211
Moonee Valley,sprint<=1100,4,7.0,28.467559557458955,356,0.24589392658935838
Moora,1200-1400,0,2.0,0.8006969612240569,5,2.4978238920034386
Moora,1200-1400,1,2.0,1.2141557712644238,10,1.6472350972867318
Moora,1200-1400,2,0.0,0.5870383418919912,7,0.0
Moora,1200-1400,3,1.0,1.1777094077118164,10,0.84910589441831
Moora,1200-1400,4,0.0,1.2203995179077116,11,0.0
Moora,1500-1800,0,1.0,0.9637746084957257,7,1.037586995117889
Moora,1500-1800,1,1.0,1.8997035824330433,14,0.5263979124149732
Moora,1500-1800,2,2.0,1.0858082089494392,12,1.8419459196528605
Moora,1500-1800,3,2.0,2.076390394872918,14,0.9632100037345852
Moora,1500-1800,4,1.0,0.9743232052488736,16,1.026353467322548
Moora,sprint<=1100,0,1.0,0.40521325942999725,3,2.467836322549448
Moora,sprint<=1100,1,2.0,0.7635940615227564,6,2.619192710864733
Moora,sprint<=1100,2,0.0,0.8534003770932316,5,0.0
Moora,sprint<=1100,3,0.0,0.5350166132331093,6,0.0
Moora,sprint<=1100,4,0.0,0.44277568872090534,7,0.0
Moranbah,1200-1400,0,1.0,0.14802067178355668,1,6.75581314387122
Moranbah,1200-1400,1,0.0,0.2804602202214758,2,0.0
Moranbah,1200-1400,2,0.0,0.17354147726348026,1,0.0
Moranbah,1200-1400,3,0.0,0.16130457822567074,2,0.0
Moranbah,1200-1400,4,0.0,0.23667305250581655,2,0.0
Moranbah,1500-1800,0,0.0,0.16493953708750803,2,0.0
Moranbah,1500-1800,1,0.0,0.5120839096466271,4,0.0
Moranbah,1500-1800,2,2.0,0.4099983565771404,3,4.87806833348539
Moranbah,1500-1800,3,0.0,0.5392443947508635,4,0.0
Moranbah,1500-1800,4,0.0,0.37373380193786104,4,0.0
Moranbah,sprint<=1100,0,1.0,0.1548614782869046,1,6.457383792677911
Moranbah,sprint<=1100,1,0.0,0.3070155880722899,2,0.0
Moranbah,sprint<=1100,2,0.0,0.10840303480083324,1,0.0
Moranbah,sprint<=1100,3,0.0,0.16190063639085484,2,0.0
Moranbah,sprint<=1100,4,0.0,0.2678192624491174,2,0.0
Moree,1200-1400,0,22.0,14.107137557174987,122,1.5594942567785943
Moree,1200-1400,1,25.0,25.393071760299296,244,0.9845205115785226
Moree,1200-1400,2,34.0,33.8903100400455,327,1.003236617187181
Moree,1200-1400,3,24.0,26.434662949806487,297,0.9078988465096238
Moree,1200-1400,4,17.0,22.174817692673734,335,0.7666353895489555
Moree,1500-1800,0,4.0,3.8906729650347485,37,1.0280997750126437
Moree,1500-1800,1,3.0,8.0633417489238,74,0.37205417969545995
Moree,1500-1800,2,15.0,10.415598269139977,102,1.4401477104241809
Moree,1500-1800,3,8.0,8.08855963742021,90,0.9890512475162445
Moree,1500-1800,4,7.0,6.541827379481264,105,1.0700374060550444
Moree,sprint<=1100,0,16.0,9.562842833765941,62,1.6731426290417284
Moree,sprint<=1100,1,16.0,16.302690341845615,124,0.9814331048741892
Moree,sprint<=1100,2,16.0,15.000176846576663,164,1.0666540910583675
Moree,sprint<=1100,3,7.0,11.421223659674773,146,0.612894047834392
Moree,sprint<=1100,4,7.0,9.71306631813701,167,0.720678699261946
Mornington,1200-1400,0,59.0,39.94497175947269,261,1.4770319617514445
Mornington,1200-1400,1,63.0,63.745357245851146,522,0.9883072700812315
Mornington,1200-1400,2,51.0,60.83822638991519,606,0.8382887376291756
Mornington,1200-1400,3,52.0,49.88411006640974,586,1.042416110676795
Mornington,1200-1400,4,36.0,46.58733453835123,697,0.7727422132374709
Mornington,1500-1800,0,23.0,22.916861944486413,179,1.003627811509053
Mornington,1500-1800,1,45.0,40.962343404818945,358,1.0985699610805482
Mornington,1500-1800,2,59.0,44.63731040194951,421,1.3217642252348432
Mornington,1500-1800,3,30.0,39.63050945120615,408,0.756992539723381
Mornington,1500-1800,4,22.0,30.852974797538977,471,0.7130592801623413
Mornington,2000+,0,32.0,18.252174564620585,141,1.753215754468388
Mornington,2000+,1,25.0,29.60426473281258,283,0.8444729239395925
Mornington,2000+,2,37.0,33.910670094110095,336,1.0911020011493813
Mornington,2000+,3,27.0,29.710754012336498,315,0.9087618573661598
Mornington,2000+,4,20.0,29.52213659612024,371,0.6774577420872842
Mornington,sprint<=1100,0,35.0,24.188875831724726,151,1.4469461186822097
Mornington,sprint<=1100,1,47.0,39.42465168087372,302,1.1921475015288807
Mornington,sprint<=1100,2,32.0,31.378642635218068,272,1.0198019197963824
Mornington,sprint<=1100,3,19.0,27.67000265917064,309,0.686664191327891
Mornington,sprint<=1100,4,18.0,28.337827193012842,344,0.6351933716512392
Morphettville,1200-1400,0,70.0,38.63464017843686,335,1.8118455271409277
Morphettville,1200-1400,1,70.0,73.93451031738508,670,0.9467838455885477
Morphettville,1200-1400,2,86.0,85.03334222532953,964,1.0113679851852573
Morphettville,1200-1400,3,58.0,68.98944567635772,826,0.8407083059065115
Morphettville,1200-1400,4,51.0,68.40806160249082,985,0.7455261676080445
Morphettville,1500-1800,0,60.0,36.401596729325945,381,1.648279344616294
Morphettville,1500-1800,1,80.0,76.19338364698655,763,1.0499599331439327
Morphettville,1500-1800,2,87.0,99.51664344923152,1065,0.8742256268358076
Morphettville,1500-1800,3,88.0,87.88090867542464,941,1.0013551444377438
Morphettville,1500-1800,4,66.0,81.00746749903135,1090,0.8147397028649143
Morphettville,2000+,0,20.0,15.28176602614221,153,1.3087492614260945
Morphettville,2000+,1,31.0,29.009624160988313,306,1.0686108798916572
Morphettville,2000+,2,39.0,41.9673912135824,477,0.9292929313027675
Morphettville,2000+,3,38.0,33.075928310870815,404,1.1488717608421841
Morphettville,2000+,4,25.0,33.665290288416266,459,0.7426046169755481
Morphettville,sprint<=1100,0,54.0,42.42129370544457,372,1.27294561959739
Morphettville,sprint<=1100,1,90.0,81.91953666721074,744,1.0986390263120662
Morphettville,sprint<=1100,2,94.0,91.19805031002369,1014,1.030723789384216
Morphettville,sprint<=1100,3,72.0,80.06272035571092,885,0.899294948761558
Morphettville,sprint<=1100,4,62.0,76.3983989616101,1063,0.811535331141622
Morphettville Parks,1200-1400,0,87.0,62.10901864747315,487,1.400762753857157
Morphettville Parks,1200-1400,1,134.0,111.69313879494327,976,1.1997155908207555
Morphettville Parks,1200-1400,2,111.0,124.78504709014561,1219,0.8895296559035059
Morphettville Parks,1200-1400,3,95.0,97.34967028613994,1114,0.9758636030380632
Morphettville Parks,1200-1400,4,60.0,91.06312518129803,1348,0.6588836027815397
Morphettville Parks,1500-1800,0,27.0,17.77706539556975,139,1.518810861028205
Morphettville Parks,1500-1800,1,34.0,30.511213054740775,278,1.1143444195089827
Morphettville Parks,1500-1800,2,42.0,31.332296722324763,299,1.340469879122341
Morphettville Parks,1500-1800,3,19.0,30.651551306661283,302,0.619870746831364
Morphettville Parks,1500-1800,4,17.0,28.72787352070343,358,0.5917597760150449
Morphettville Parks,2000+,0,24.0,17.898655804911026,138,1.3408828160947643
Morphettville Parks,2000+,1,36.0,33.02313522631883,276,1.0901448258404207
Morphettville Parks,2000+,2,28.0,30.68163295622358,293,0.9125981019312198
Morphettville Parks,2000+,3,27.0,30.99562753154457,301,0.8710906069742198
Morphettville Parks,2000+,4,23.0,25.400948481001993,353,0.9054779988708799
Morphettville Parks,sprint<=1100,0,58.0,34.18019592039356,263,1.6968890446117775
Morphettville Parks,sprint<=1100,1,69.0,58.721499585225224,526,1.175038111890469
Morphettville Parks,sprint<=1100,2,53.0,63.415619035725015,607,0.8357562506823847
Morphettville Parks,sprint<=1100,3,48.0,55.70965833119291,590,0.8616100230707011
Morphettville Parks,sprint<=1100,4,35.0,50.9730271274633,700,0.6866376586283349
Mortlake,1200-1400,0,0.0,2.402492254508288,13,0.0
Mortlake,1200-1400,1,5.0,3.544905776722505,26,1.4104747248381941
Mortlake,1200-1400,2,4.0,2.6393142896208532,26,1.5155451610026383
Mortlake,1200-1400,3,3.0,2.1426051278649703,26,1.4001646691611316
Mortlake,1200-1400,4,1.0,2.2706825512833833,38,0.4403962145368153
Mortlake,1500-1800,0,0.0,0.5512871080620703,6,0.0
Mortlake,1500-1800,1,2.0,1.796781404875051,12,1.113101457179807
Mortlake,1500-1800,2,2.0,1.4538246586355719,12,1.3756817152056142
Mortlake,1500-1800,3,2.0,1.2744310968025745,12,1.5693276827737557
Mortlake,1500-1800,4,0.0,0.9236757316247326,16,0.0
Mortlake,2000+,0,2.0,1.735798347192702,8,1.152207572518196
Mortlake,2000+,1,2.0,2.061243577146169,16,0.9702880446419817
Mortlake,2000+,2,1.0,1.3873404976844756,14,0.7208035818669161
Mortlake,2000+,3,1.0,1.3970830634623377,16,0.7157770544592661
Mortlake,2000+,4,2.0,1.4185345145143156,20,1.4099057721445496
Mortlake,sprint<=1100,0,2.0,1.6862421660808178,10,1.186069261124232
Mortlake,sprint<=1100,1,2.0,2.7825796929063014,20,0.7187574915100002
Mortlake,sprint<=1100,2,3.0,1.6295197723341863,18,1.841033199433159
Mortlake,sprint<=1100,3,1.0,1.7801413708057712,20,0.5617531373631047
Mortlake,sprint<=1100,4,2.0,2.121516997872923,25,0.9427216477667827
Moruya,1200-1400,0,55.0,33.44709846670285,275,1.6443877801464133
Moruya,1200-1400,1,56.0,58.25976231874177,551,0.9612122976681828
Moruya,1200-1400,2,74.0,70.8478480736234,777,1.0444918513700086
Moruya,1200-1400,3,46.0,57.643565068868845,671,0.798007547677562
Moruya,1200-1400,4,44.0,54.80172607206314,798,0.8028944187294559
Moruya,1500-1800,0,10.0,11.654353145801847,93,0.8580484798165069
Moruya,1500-1800,1,17.0,20.16693063284188,183,0.8429641728580884
Moruya,1500-1800,2,32.0,21.917106725682483,225,1.4600467297310906
Moruya,1500-1800,3,20.0,20.254240697309775,216,0.9874475325385293
Moruya,1500-1800,4,13.0,18.007368798364013,254,0.7219266815472265
Moruya,2000+,0,2.0,1.006499511816284,10,1.9870849180948824
Moruya,2000+,1,5.0,1.8286253068221783,22,2.734294434921225
Moruya,2000+,2,0.0,2.29149507415436,28,0.0
Moruya,2000+,3,3.0,2.7344560729047256,24,1.0971103283488461
Moruya,2000+,4,0.0,2.1389240343024527,25,0.0
Moruya,sprint<=1100,0,43.0,24.572594069540123,147,1.7499169960774412
Moruya,sprint<=1100,1,28.0,36.200075505748,294,0.7734790496653533
Moruya,sprint<=1100,2,32.0,31.36764521383066,321,1.0201594599103194
Moruya,sprint<=1100,3,28.0,29.209601844941986,318,0.9585888965086512
Moruya,sprint<=1100,4,16.0,25.65008336593923,379,0.6237796490457577
Morven,1200-1400,0,0.0,0.17497351698681923,2,0.0
Morven,1200-1400,1,1.0,0.48931732985706966,4,2.0436635675505332
Morven,1200-1400,2,1.0,0.5119737773917997,4,1.9532250364352683
Morven,1200-1400,3,0.0,0.3292993983540753,4,0.0
Morven,1200-1400,4,0.0,0.4944359774102361,5,0.0
Morven,sprint<=1100,0,1.0,0.2566047882670335,2,3.897043413544407
Morven,sprint<=1100,1,1.0,0.43605165450125716,4,2.2933062853385344
Morven,sprint<=1100,2,0.0,0.3706381807686131,4,0.0
Morven,sprint<=1100,3,0.0,0.5128020114555054,4,0.0
Morven,sprint<=1100,4,0.0,0.4239033650075908,4,0.0
Mt Barker,1200-1400,0,18.0,9.466544438563368,62,1.9014330009030898
Mt Barker,1200-1400,1,18.0,14.863955126398693,125,1.2109832037928874
Mt Barker,1200-1400,2,7.0,15.095948413742367,145,0.46370057767471284
Mt Barker,1200-1400,3,12.0,10.533932540821503,139,1.1391757022837516
Mt Barker,1200-1400,4,7.0,12.03961948047407,162,0.5814137241922508
Mt Barker,1500-1800,0,2.0,3.5282827180801966,26,0.5668479993826109
Mt Barker,1500-1800,1,4.0,5.0024994761813755,52,0.7996002836272905
Mt Barker,1500-1800,2,3.0,5.958307875309174,49,0.5034986547828113
Mt Barker,1500-1800,3,11.0,5.682276424484308,52,1.9358438728186826
Mt Barker,1500-1800,4,6.0,5.828633505944946,69,1.0294008010420055
Mt Barker,2000+,0,0.0,0.5604595206190004,4,0.0
Mt Barker,2000+,1,2.0,0.7331308346656473,8,2.7280260295041647
Mt Barker,2000+,2,1.0,0.8389471459726167,9,1.1919702031296262
Mt Barker,2000+,3,0.0,0.9129117739737463,9,0.0
Mt Barker,2000+,4,1.0,0.9545507247689894,10,1.0476132635507764
Mt Barker,sprint<=1100,0,9.0,4.701998770692845,39,1.9140796156936977
Mt Barker,sprint<=1100,1,12.0,9.01886325380728,78,1.3305446221212238
Mt Barker,sprint<=1100,2,6.0,8.268161528906143,81,0.7256752276819373
Mt Barker,sprint<=1100,3,6.0,8.583479371696347,80,0.6990172330098143
Mt Barker,sprint<=1100,4,6.0,8.427497074897383,103,0.7119551566350509
Mt Gambier,1200-1400,0,28.0,20.401025594940567,177,1.3724800191880535
Mt Gambier,1200-1400,1,40.0,39.44064787408236,355,1.0141821231665216
Mt Gambier,1200-1400,2,40.0,44.21750807399942,445,0.9046190466694486
Mt Gambier,1200-1400,3,38.0,35.54721185255625,415,1.0690008588470312
Mt Gambier,1200-1400,4,31.0,37.39360660442141,494,0.8290187231186887
Mt Gambier,1500-1800,0,12.0,10.059922241462106,90,1.1928521624691926
Mt Gambier,1500-1800,1,23.0,20.648555139267046,180,1.1138793898591601
Mt Gambier,1500-1800,2,24.0,22.21330129129286,238,1.080433731361105
Mt Gambier,1500-1800,3,13.0,18.234827129436123,214,0.7129214830347558
Mt Gambier,1500-1800,4,18.0,18.843394198541866,256,0.9552419171591109
Mt Gambier,2000+,0,3.0,4.231548493635742,49,0.7089603261104076
Mt Gambier,2000+,1,11.0,10.448927465374448,98,1.052739626765684
Mt Gambier,2000+,2,18.0,13.192090158946915,119,1.3644539859206728
Mt Gambier,2000+,3,10.0,10.991680975674864,110,0.9097789521121016
Mt Gambier,2000+,4,7.0,10.135752906368031,127,0.6906245707314038
Mt Gambier,sprint<=1100,0,8.0,4.910731488086834,35,1.629085202358867
Mt Gambier,sprint<=1100,1,7.0,8.72112651114484,70,0.8026486017665962
Mt Gambier,sprint<=1100,2,7.0,8.264741127145095,70,0.84697147706283
Mt Gambier,sprint<=1100,3,8.0,6.705688244724015,71,1.193016989165033
Mt Gambier,sprint<=1100,4,5.0,6.397712628899216,84,0.7815293199345053
Mt Garnet,1200-1400,0,2.0,0.7620118256859983,9,2.6246311836427307
Mt Garnet,1200-1400,1,3.0,2.2102931849467904,18,1.3572860018894826
Mt Garnet,1200-1400,2,0.0,1.6623623584790368,17,0.0
Mt Garnet,1200-1400,3,3.0,1.9948468776544481,18,1.5038748254840575
Mt Garnet,1200-1400,4,1.0,2.3704857532337265,22,0.4218544653288205
Mt Garnet,1500-1800,0,2.0,0.43866221777461567,3,4.559316756629354
Mt Garnet,1500-1800,1,0.0,0.6735296537216169,6,0.0
Mt Garnet,1500-1800,2,0.0,0.4193854225925806,4,0.0
Mt Garnet,1500-1800,3,0.0,0.5812398709526272,6,0.0
Mt Garnet,1500-1800,4,1.0,0.8871828349585595,7,1.1271633766975555
Mt Garnet,sprint<=1100,0,3.0,0.9088659419905034,7,3.300816832711008
Mt Garnet,sprint<=1100,1,2.0,1.7570328098704782,14,1.138282671083093
Mt Garnet,sprint<=1100,2,2.0,1.631810979894077,12,1.2256321501953753
Mt Garnet,sprint<=1100,3,0.0,1.4280896229678413,14,0.0
Mt Garnet,sprint<=1100,4,0.0,1.2742006452771,17,0.0
Mt Isa,1200-1400,0,8.0,6.928382801374068,43,1.1546706106385178
Mt Isa,1200-1400,1,18.0,12.313196976186221,86,1.4618461829866023
Mt Isa,1200-1400,2,10.0,7.950089017578838,71,1.2578475508750282
Mt Isa,1200-1400,3,4.0,9.318400830509058,87,0.4292582035002977
Mt Isa,1200-1400,4,3.0,6.489930374351817,97,0.46225457392516717
Mt Isa,sprint<=1100,0,11.0,4.49533629557798,29,2.4469804430028064
Mt Isa,sprint<=1100,1,12.0,9.713594617138373,57,1.2353820056302909
Mt Isa,sprint<=1100,2,3.0,6.379672275917067,47,0.47024359093253815
Mt Isa,sprint<=1100,3,2.0,5.00406594421163,58,0.3996749887585847
Mt Isa,sprint<=1100,4,1.0,3.4073308671549487,57,0.2934848533905307
Mt Magnet,1200-1400,0,2.0,1.0736014028896652,11,1.862888772888034
Mt Magnet,1200-1400,1,5.0,3.8192145865598754,22,1.309169696197591
Mt Magnet,1200-1400,2,2.0,1.9299519230079114,19,1.0362952445379654
Mt Magnet,1200-1400,3,2.0,2.0421348996283197,22,0.9793672300316749
Mt Magnet,1200-1400,4,0.0,2.1350971879142286,24,0.0
Mt Magnet,1500-1800,0,1.0,0.5982317212976384,3,1.6715930707099194
Mt Magnet,1500-1800,1,1.0,0.3216546131441082,6,3.1089247880675615
Mt Magnet,1500-1800,2,0.0,0.7352268590200626,5,0.0
Mt Magnet,1500-1800,3,1.0,0.527909374780136,6,1.8942645229902966
Mt Magnet,1500-1800,4,0.0,0.816977431758055,7,0.0
Mt Magnet,sprint<=1100,0,0.0,0.36169091634320083,3,0.0
Mt Magnet,sprint<=1100,1,1.0,0.9184099490930386,6,1.0888383787518137
Mt Magnet,sprint<=1100,2,2.0,0.5853645174329161,5,3.4166744659735957
Mt Magnet,sprint<=1100,3,0.0,0.5313061113834294,6,0.0
Mt Magnet,sprint<=1100,4,0.0,0.6032285057474149,7,0.0
Mt Newman,1200-1400,0,0.0,0.59532263599388,5,0.0
Mt Newman,1200-1400,1,2.0,1.527270058182782,10,1.3095260980757355
Mt Newman,1200-1400,2,0.0,0.7171793809686858,7,0.0
Mt Newman,1200-1400,3,2.0,1.3959177955680984,10,1.4327491248766964
Mt Newman,1200-1400,4,1.0,0.7643101292865535,11,1.308369419274152
Mt Newman,2000+,0,0.0,0.27639039501910273,2,0.0
Mt Newman,2000+,1,2.0,0.6272188554884909,4,3.1886796490554468
Mt Newman,2000+,2,0.0,0.23014513181927637,3,0.0
Mt Newman,2000+,3,0.0,0.7207220938035968,4,0.0
Mt Newman,2000+,4,0.0,0.14552352386953335,4,0.0
Mudgee,1200-1400,0,22.0,14.597251982574667,127,1.5071329881995799
Mudgee,1200-1400,1,33.0,30.60612019650084,255,1.0782157224806577
Mudgee,1200-1400,2,33.0,35.145842523541496,338,0.9389446270322255
Mudgee,1200-1400,3,29.0,25.511225629359874,304,1.1367544790409847
Mudgee,1200-1400,4,10.0,21.139559668023118,355,0.4730467501234929
Mudgee,1500-1800,0,6.0,4.791943708562883,34,1.2521015197399756
Mudgee,1500-1800,1,8.0,6.852155289011308,68,1.1675158636333698
Mudgee,1500-1800,2,5.0,11.086367291552909,89,0.45100436134834493
Mudgee,1500-1800,3,11.0,6.471137098857263,81,1.699855810803713
Mudgee,1500-1800,4,4.0,4.798396612015638,93,0.8336117923190474
Mudgee,2000+,0,0.0,1.7708152081685256,14,0.0
Mudgee,2000+,1,4.0,3.303081558813409,28,1.2109903823982324
Mudgee,2000+,2,3.0,3.539977970636544,33,0.8474629008667397
Mudgee,2000+,3,6.0,2.9784048610167733,32,2.014501144062634
Mudgee,2000+,4,1.0,2.407720401364748,37,0.41533061705718755
Mudgee,sprint<=1100,0,7.0,5.088048593121363,34,1.375773024153787
Mudgee,sprint<=1100,1,15.0,8.347992020283375,68,1.7968392834533184
Mudgee,sprint<=1100,2,3.0,8.444414127079149,76,0.3552644333701898
Mudgee,sprint<=1100,3,5.0,5.796358852977129,74,0.8626104985601258
Mudgee,sprint<=1100,4,4.0,6.323186406538984,86,0.6325924530492235
Murray Bridge,1200-1400,0,1.0,0.8677069621578665,4,1.15246280554571
Murray Bridge,1200-1400,1,1.0,1.3787895334524012,8,0.725273854883467
Murray Bridge,1200-1400,2,2.0,0.48629884766236564,5,4.112697386831128
Murray Bridge,1200-1400,3,0.0,0.9261031502642085,8,0.0
Murray Bridge,1200-1400,4,0.0,0.34110150646315796,9,0.0
Murray Bridge,2000+,0,0.0,0.18040384342999527,1,0.0
Murray Bridge,2000+,1,0.0,0.2031120195260786,2,0.0
Murray Bridge,2000+,2,0.0,0.2742994008057343,3,0.0
Murray Bridge,2000+,3,1.0,0.228210861938944,2,4.381912374826147
Murray Bridge,2000+,4,0.0,0.11397387429924792,3,0.0
Murray Bridge GH,1200-1400,0,44.0,43.57214901928707,475,1.0098193683429189
Murray Bridge GH,1200-1400,1,84.0,91.97394490587203,949,0.9133021323154865
Murray Bridge GH,1200-1400,2,152.0,135.78303071587274,1550,1.1194329600586204
Murray Bridge GH,1200-1400,3,95.0,101.44775985599433,1261,0.9364425605341412
Murray Bridge GH,1200-1400,4,99.0,101.22311550297383,1498,0.9780374720544093
Murray Bridge GH,1500-1800,0,21.0,21.69412532565426,217,0.9680039957714531
Murray Bridge GH,1500-1800,1,48.0,39.93368494581647,435,1.20199275536751
Murray Bridge GH,1500-1800,2,59.0,60.856938468775375,701,0.9694868240910913
Murray Bridge GH,1500-1800,3,43.0,48.0921423836712,572,0.8941169569230889
Murray Bridge GH,1500-1800,4,46.0,46.423108876082686,684,0.9908858134165014
Murray Bridge GH,2000+,0,15.0,11.814130442331814,115,1.269666021821863
Murray Bridge GH,2000+,1,29.0,21.677458077530183,230,1.3377952293244204
Murray Bridge GH,2000+,2,27.0,28.003656363680374,311,0.9641598100388749
Murray Bridge GH,2000+,3,19.0,27.51066843410963,284,0.6906411614645642
Murray Bridge GH,2000+,4,25.0,25.994086682348005,326,0.9617571990700844
Murray Bridge GH,sprint<=1100,0,29.0,29.50025172059246,253,0.9830424592532117
Murray Bridge GH,sprint<=1100,1,56.0,46.41780028021942,506,1.2064337314981288
Murray Bridge GH,sprint<=1100,2,71.0,69.12322915138944,708,1.0271510875815737
Murray Bridge GH,sprint<=1100,3,50.0,51.19328773124097,623,0.9766905431527352
Murray Bridge GH,sprint<=1100,4,47.0,56.76543111655771,743,0.8279686963619437
Murtoa,1200-1400,0,6.0,3.2700333022833763,23,1.834843698934308
Murtoa,1200-1400,1,6.0,4.813269042502069,46,1.2465540461210194
Murtoa,1200-1400,2,5.0,6.66307739725856,58,0.7504040103236963
Murtoa,1200-1400,3,3.0,4.353008441964281,55,0.6891785393933809
Murtoa,1200-1400,4,3.0,3.9006118159917134,64,0.769110114392981
Murtoa,1500-1800,0,2.0,2.067567770472029,21,0.9673201665082043
Murtoa,1500-1800,1,7.0,3.616005500198882,42,1.9358377634146289
Murtoa,1500-1800,2,8.0,6.668516255773177,58,1.1996671663016656
Murtoa,1500-1800,3,3.0,5.602919370237881,54,0.5354351547401672
Murtoa,1500-1800,4,1.0,3.0449911033180292,62,0.3284081844805169
Murtoa,2000+,0,4.0,3.476391558812299,20,1.1506183731980382
Murtoa,2000+,1,4.0,4.2778800397225885,40,0.9350425825076178
Murtoa,2000+,2,6.0,4.464340898768512,46,1.3439833865857107
Murtoa,2000+,3,2.0,3.3420416284618173,40,0.5984365912642761
Murtoa,2000+,4,4.0,4.4393458742347836,54,0.9010336462439944
Murtoa,sprint<=1100,0,3.0,1.7040214247493182,9,1.7605412446274469
Murtoa,sprint<=1100,1,1.0,1.8758971931853996,18,0.5330782537724963
Murtoa,sprint<=1100,2,4.0,1.8764336569060511,14,2.131703396642001
Murtoa,sprint<=1100,3,1.0,1.9513187627252566,18,0.5124739325538883
Murtoa,sprint<=1100,4,0.0,1.5923289624339743,21,0.0
Murwillumbah,1200-1400,0,25.0,13.598306498378781,81,1.8384642236870123
Murwillumbah,1200-1400,1,17.0,22.907152309095803,162,0.7421262918503303
Murwillumbah,1200-1400,2,13.0,16.845437649934954,155,0.7717223066656388
Murwillumbah,1200-1400,3,17.0,14.993250200190637,171,1.1338435477975182
Murwillumbah,1200-1400,4,9.0,12.655853342399823,196,0.711133398634454
Murwillumbah,1500-1800,0,15.0,8.975141196163852,71,1.6712828993053934
Murwillumbah,1500-1800,1,23.0,17.01757069982271,142,1.3515442600887573
Murwillumbah,1500-1800,2,13.0,17.655258356497768,139,0.7363245406836844
Murwillumbah,1500-1800,3,12.0,16.01099384873048,153,0.749485017193451
Murwillumbah,1500-1800,4,8.0,11.34103589878519,174,0.7054029342114092
Murwillumbah,2000+,0,1.0,1.9837480198187534,23,0.504096281387273
Murwillumbah,2000+,1,7.0,5.973149394267188,46,1.1719110870922373
Murwillumbah,2000+,2,3.0,5.106039311523294,45,0.5875395422886011
Murwillumbah,2000+,3,7.0,4.041230803615241,50,1.7321455616288675
Murwillumbah,2000+,4,5.0,5.895832470775523,59,0.8480566611727881
Murwillumbah,sprint<=1100,0,10.0,4.629599940668939,42,2.1600138517703287
Murwillumbah,sprint<=1100,1,14.0,12.25558671249688,84,1.1423361711214006
Murwillumbah,sprint<=1100,2,7.0,8.513350879827234,79,0.8222379294370227
Murwillumbah,sprint<=1100,3,9.0,9.83255377836615,87,0.915326801446237
Murwillumbah,sprint<=1100,4,2.0,6.768908688640798,101,0.2954686038764694
Muswellbrook,1200-1400,0,59.0,35.45163677530606,336,1.6642390977303654
Muswellbrook,1200-1400,1,60.0,75.18549062927565,672,0.7980263146229608
Muswellbrook,1200-1400,2,128.0,97.79158567036592,881,1.30890606919352
Muswellbrook,1200-1400,3,51.0,67.05231244751397,795,0.7606001663241798
Muswellbrook,1200-1400,4,38.0,60.51897447753839,943,0.6279022459989585
Muswellbrook,1500-1800,0,25.0,15.908411812237654,142,1.571495652430155
Muswellbrook,1500-1800,1,36.0,31.026518019033617,284,1.1602977806892587
Muswellbrook,1500-1800,2,34.0,35.50909392018157,352,0.9575011988879875
Muswellbrook,1500-1800,3,25.0,31.92881897034747,332,0.7829916923396911
Muswellbrook,1500-1800,4,22.0,27.62715727819969,392,0.7963179048233087
Muswellbrook,2000+,0,0.0,0.5141605104175397,8,0.0
Muswellbrook,2000+,1,2.0,1.4178562322368633,16,1.410580251034849
Muswellbrook,2000+,2,2.0,1.650629868517939,16,1.211658675361153
Muswellbrook,2000+,3,3.0,2.8561676376295373,17,1.0503585155421185
Muswellbrook,2000+,4,1.0,1.5611857511981206,19,0.6405387694786205
Muswellbrook,sprint<=1100,0,52.0,31.12785797723759,240,1.6705293386401747
Muswellbrook,sprint<=1100,1,61.0,56.66606774312001,479,1.0764819658305333
Muswellbrook,sprint<=1100,2,58.0,62.607228993772104,595,0.926410590792472
Muswellbrook,sprint<=1100,3,40.0,49.27074475304274,548,0.811840783014139
Muswellbrook,sprint<=1100,4,28.0,39.328100532827555,643,0.711959123899923
Nanango,1200-1400,0,3.0,1.120365808917188,8,2.6776968523338307
Nanango,1200-1400,1,4.0,1.7933491034157953,16,2.230463657288585
Nanango,1200-1400,2,1.0,1.9592059232372863,23,0.5104108701078516
Nanango,1200-1400,3,0.0,1.6324108448212182,18,0.0
Nanango,1200-1400,4,0.0,1.4946683196085124,24,0.0
Nanango,1500-1800,0,2.0,0.6228640730577854,3,3.2109734475156553
Nanango,1500-1800,1,0.0,0.5915857779000626,6,0.0
Nanango,1500-1800,2,1.0,0.40370668275787625,5,2.4770459412973147
Nanango,1500-1800,3,0.0,0.8402303311505768,6,0.0
Nanango,1500-1800,4,0.0,0.541613135133699,7,0.0
Nanango,sprint<=1100,0,1.0,0.2856717339181754,3,3.500521337145763
Nanango,sprint<=1100,1,1.0,0.6420984629506721,6,1.5573935427358638
Nanango,sprint<=1100,2,0.0,1.0800559284238145,6,0.0
Nanango,sprint<=1100,3,0.0,0.5999439919117393,6,0.0
Nanango,sprint<=1100,4,1.0,0.3922298827955989,6,2.549525275515853
Naracoorte,1200-1400,0,30.0,20.522374279270366,157,1.4618191634046445
Naracoorte,1200-1400,1,43.0,34.18526927758609,312,1.2578517270359306
Naracoorte,1200-1400,2,38.0,42.1193841057292,393,0.9021974277831647
Naracoorte,1200-1400,3,24.0,29.95962843757461,368,0.8010780257174286
Naracoorte,1200-1400,4,21.0,29.21334389983973,430,0.7188495802466218
Naracoorte,1500-1800,0,0.0,0.19996061311258037,1,0.0
Naracoorte,1500-1800,1,1.0,0.23507331407541146,2,4.253992010676296
Naracoorte,1500-1800,2,0.0,0.3656916087372141,2,0.0
Naracoorte,1500-1800,3,0.0,0.10228754439989687,2,0.0
Naracoorte,1500-1800,4,0.0,0.09698691967489716,3,0.0
Naracoorte,2000+,0,3.0,4.07667538112246,41,0.7358937662517512
Naracoorte,2000+,1,7.0,9.064137347371313,82,0.7722742641394404
Naracoorte,2000+,2,9.0,10.493393003872033,103,0.8576825433564744
Naracoorte,2000+,3,17.0,9.083814485848755,94,1.871460500044722
Naracoorte,2000+,4,5.0,8.281979781785438,112,0.6037203822927101
Naracoorte,sprint<=1100,0,13.0,8.950047805862006,58,1.4525062080099058
Naracoorte,sprint<=1100,1,16.0,13.895869019631698,116,1.1514213308570802
Naracoorte,sprint<=1100,2,16.0,14.230714978482066,111,1.1243286106280133
Naracoorte,sprint<=1100,3,9.0,10.142666113973505,122,0.887340655688226
Naracoorte,sprint<=1100,4,4.0,10.780702082050725,148,0.37103334917860126
Narrandera,1200-1400,0,16.0,9.56673749649978,78,1.6724614849998742
Narrandera,1200-1400,1,23.0,17.121024180361125,156,1.3433775782165196
Narrandera,1200-1400,2,18.0,18.82814959682837,206,0.9560153485838101
Narrandera,1200-1400,3,15.0,16.855459771962135,195,0.8899193616154831
Narrandera,1200-1400,4,6.0,15.628628954348589,217,0.3839108355266525
Narrandera,1500-1800,0,5.0,2.7710622002616097,22,1.8043622404173971
Narrandera,1500-1800,1,7.0,6.328735848843556,44,1.1060660718331454
Narrandera,1500-1800,2,3.0,4.328757624076051,52,0.6930394955158371
Narrandera,1500-1800,3,4.0,4.208849316920849,50,0.9503785236308623
Narrandera,1500-1800,4,3.0,4.362595009897934,58,0.6876641066139639
Narrandera,2000+,0,2.0,0.6682524764609704,6,2.992880790493877
Narrandera,2000+,1,1.0,0.9326231010149066,12,1.0722445100403066
Narrandera,2000+,2,3.0,1.688988784627634,14,1.7762107287535367
Narrandera,2000+,3,0.0,1.2381741432850695,12,0.0
Narrandera,2000+,4,0.0,1.4719614946114192,16,0.0
Narrandera,sprint<=1100,0,11.0,5.540511098388525,42,1.985376403848263
Narrandera,sprint<=1100,1,13.0,9.653105512431654,84,1.3467168657027608
Narrandera,sprint<=1100,2,5.0,8.644630587493605,103,0.5783937149649425
Narrandera,sprint<=1100,3,8.0,9.262066588175257,96,0.8637381219234033
Narrandera,sprint<=1100,4,5.0,8.899686213510957,116,0.5618175607595364
Narrogin,1200-1400,0,12.0,9.266265452443715,56,1.2950200986132272
Narrogin,1200-1400,1,19.0,12.320715546941068,112,1.5421182258133728
Narrogin,1200-1400,2,9.0,12.674175379888908,105,0.7101053701908682
Narrogin,1200-1400,3,12.0,10.661563415467379,112,1.1255384911551405
Narrogin,1200-1400,4,4.0,11.07728020525893,146,0.3610994689924882
Narrogin,1500-1800,0,5.0,4.97948900758151,36,1.0041190958323758
Narrogin,1500-1800,1,5.0,7.912260275575745,72,0.6319306779422356
Narrogin,1500-1800,2,11.0,8.905139433655279,74,1.2352417479761848
Narrogin,1500-1800,3,9.0,6.557297087060056,76,1.3725167367756281
Narrogin,1500-1800,4,6.0,7.64581419612741,89,0.7847431085938484
Narrogin,2000+,0,3.0,4.340564356022147,34,0.6911543647170596
Narrogin,2000+,1,7.0,8.134650795970332,68,0.8605163485896156
Narrogin,2000+,2,11.0,7.159683391010177,68,1.5363807865878247
Narrogin,2000+,3,8.0,7.209194190496718,76,1.1096940640808006
Narrogin,2000+,4,5.0,7.155907266500626,82,0.6987234202163012
Narrogin,sprint<=1100,0,13.0,9.426956195076782,52,1.3790241230556726
Narrogin,sprint<=1100,1,19.0,14.684882716978938,104,1.2938475823189137
Narrogin,sprint<=1100,2,6.0,9.768978926987387,85,0.614189061604447
Narrogin,sprint<=1100,3,9.0,9.947964819513041,104,0.9047076626514
Narrogin,sprint<=1100,4,5.0,8.171217341443851,121,0.6119039294965689
Narromine,1200-1400,0,15.0,8.91454978201089,68,1.6826424628049348
Narromine,1200-1400,1,10.0,13.986591475016477,136,0.714970478537425
Narromine,1200-1400,2,17.0,17.850648692487002,189,0.9523463428617569
Narromine,1200-1400,3,17.0,14.122420501586248,171,1.2037596528223005
Narromine,1200-1400,4,9.0,13.125789548899382,196,0.6856730382938879
Narromine,1500-1800,0,1.0,4.341627938914096,40,0.230328350118853
Narromine,1500-1800,1,5.0,7.782923039930115,80,0.6424321523350045
Narromine,1500-1800,2,14.0,11.736862176541564,110,1.1928230722502444
Narromine,1500-1800,3,11.0,8.51284363271978,101,1.2921651653180424
Narromine,1500-1800,4,9.0,7.625743211894445,114,1.180212833020921
Narromine,sprint<=1100,0,18.0,9.232020586944367,69,1.9497356868392421
Narromine,sprint<=1100,1,16.0,17.78276655030228,138,0.89974751424311
Narromine,sprint<=1100,2,15.0,16.43044471880837,171,0.9129393791045167
Narromine,sprint<=1100,3,11.0,12.72830633933654,166,0.8642155292888224
Narromine,sprint<=1100,4,9.0,12.826461804608442,195,0.7016744085080715
Newcastle,1200-1400,0,140.0,98.05929064162771,764,1.4277076560919746
Newcastle,1200-1400,1,163.0,182.58692882445328,1529,0.8927254598641889
Newcastle,1200-1400,2,173.0,180.30319129553362,1756,0.9594949415866799
Newcastle,1200-1400,3,148.0,154.87869333957835,1699,0.9555865742972371
Newcastle,1200-1400,4,140.0,148.17189589880704,2010,0.944848543313585
Newcastle,1500-1800,0,29.0,33.2230919623458,293,0.8728868472828435
Newcastle,1500-1800,1,76.0,71.74928894685331,587,1.059243946742041
Newcastle,1500-1800,2,77.0,70.28064765476573,702,1.095607433475019
Newcastle,1500-1800,3,64.0,58.08430907490078,669,1.10184662638357
Newcastle,1500-1800,4,47.0,59.66266236113439,785,0.7877623649362464
Newcastle,2000+,0,13.0,13.430563885180186,130,0.9679414886179658
Newcastle,2000+,1,19.0,27.932824720299376,261,0.6802033160002002
Newcastle,2000+,2,39.0,32.532294099967174,296,1.1988087861298213
Newcastle,2000+,3,34.0,27.767247322210846,288,1.224464189966847
Newcastle,2000+,4,25.0,28.337069972342416,334,0.8822365906002467
Newcastle,sprint<=1100,0,16.0,11.715228642805316,65,1.365743724500511
Newcastle,sprint<=1100,1,15.0,15.675318170970863,130,0.9569183755248116
Newcastle,sprint<=1100,2,6.0,11.940450271885105,126,0.5024936131703136
Newcastle,sprint<=1100,3,18.0,13.967838083851492,133,1.2886747320482026
Newcastle,sprint<=1100,4,10.0,11.701164830487222,159,0.8546157707261023
Nhill,1500-1800,0,1.0,1.0386754387167785,8,0.9627646546022502
Nhill,1500-1800,1,0.0,1.3456106764616274,16,0.0
Nhill,1500-1800,2,3.0,2.212147396897086,14,1.3561483308969426
Nhill,1500-1800,3,2.0,1.813157763124556,17,1.1030479755680305
Nhill,1500-1800,4,2.0,1.590408724799952,19,1.2575383728805738
Nhill,2000+,0,0.0,0.5926531050868742,3,0.0
Nhill,2000+,1,1.0,0.45184394486991547,6,2.213153482200358
Nhill,2000+,2,0.0,0.7992905574286113,6,0.0
Nhill,2000+,3,1.0,0.8938752998141921,6,1.1187242786637777
Nhill,2000+,4,1.0,0.2623370928004071,6,3.8118894637626637
Nhill,sprint<=1100,0,1.0,1.300071284612482,8,0.7691885912994951
Nhill,sprint<=1100,1,1.0,1.6233611728368347,16,0.616005862855826
Nhill,sprint<=1100,2,2.0,2.076740663830215,16,0.9630475460095826
Nhill,sprint<=1100,3,3.0,1.5404905359608152,17,1.9474316329563675
Nhill,sprint<=1100,4,1.0,1.4593363427596533,20,0.685242990734382
Northam,1200-1400,0,50.0,34.97600397158471,319,1.4295515302611792
Northam,1200-1400,1,84.0,72.61443931741125,638,1.1567947200255908
Northam,1200-1400,2,70.0,84.27995004672663,812,0.8305652763342941
Northam,1200-1400,3,54.0,64.08637869606014,730,0.842612753267018
Northam,1200-1400,4,61.0,63.04322796821729,887,0.9675900483831925
Northam,1500-1800,0,24.0,16.47705478582508,171,1.4565709898984363
Northam,1500-1800,1,36.0,37.30997073766334,344,0.9648895265323549
Northam,1500-1800,2,38.0,44.16884246656489,425,0.8603349754697646
Northam,1500-1800,3,37.0,38.43242234363992,392,0.9627288040594462
Northam,1500-1800,4,36.0,34.61170966630677,463,1.0401104235265406
Northam,2000+,0,7.0,5.753132371620512,63,1.2167284789986983
Northam,2000+,1,13.0,13.209925484956186,126,0.9841085034737513
Northam,2000+,2,19.0,14.73499014181179,144,1.289447757829568
Northam,2000+,3,18.0,15.846382283192991,142,1.1359059549567463
Northam,2000+,4,6.0,13.455569718418522,163,0.4459119996819577
Northam,sprint<=1100,0,39.0,32.87828028704465,250,1.18619342798679
Northam,sprint<=1100,1,71.0,64.95361321345356,498,1.0930877665985497
Northam,sprint<=1100,2,54.0,58.39352087019877,534,0.9247601308377175
Northam,sprint<=1100,3,47.0,49.122068261356084,537,0.9568001035692242
Northam,sprint<=1100,4,38.0,43.65251736794693,629,0.8705110791136769
Nowra,1200-1400,0,35.0,24.396930976458975,165,1.4346066738382837
Nowra,1200-1400,1,44.0,40.61315011490329,330,1.0833929373987141
Nowra,1200-1400,2,37.0,38.05398868642837,346,0.9723028065437916
Nowra,1200-1400,3,27.0,32.1089462162,358,0.8408871414901068
Nowra,1200-1400,4,22.0,29.82698400600936,416,0.737587145772686
Nowra,1500-1800,0,10.0,6.107965649492918,57,1.6372063259442524
Nowra,1500-1800,1,16.0,14.395998292407498,114,1.1114199706760495
Nowra,1500-1800,2,11.0,14.371980496263019,124,0.7653781608498706
Nowra,1500-1800,3,13.0,11.662130316285142,125,1.114719150569484
Nowra,1500-1800,4,7.0,10.461925245551424,149,0.6690929093549498
Nowra,2000+,0,2.0,1.556716093156608,6,1.284755780962301
Nowra,2000+,1,1.0,1.4983635927299714,12,0.6673947530839504
Nowra,2000+,2,1.0,1.070434690758034,13,0.9341999176912369
Nowra,2000+,3,1.0,1.115375398798576,13,0.8965591325370343
Nowra,2000+,4,1.0,0.7591102245568109,14,1.3173317492645118
Nowra,sprint<=1100,0,28.0,18.79763297000317,110,1.4895492450928132
Nowra,sprint<=1100,1,35.0,31.06681256139918,217,1.1266041513215246
Nowra,sprint<=1100,2,19.0,23.361842123512893,211,0.8132920297786428
Nowra,sprint<=1100,3,14.0,18.99968302528431,228,0.736854398116492
Nowra,sprint<=1100,4,13.0,16.774029319800448,262,0.7750075877508157
Oak Park,1200-1400,0,1.0,0.6916217323240684,5,1.4458770643884813
Oak Park,1200-1400,1,4.0,1.6806926087015932,10,2.3799711971662507
Oak Park,1200-1400,2,0.0,0.7333946417666515,6,0.0
Oak Park,1200-1400,3,0.0,1.1511251830111309,10,0.0
Oak Park,1200-1400,4,0.0,0.7431658341965562,10,0.0
Oak Park,1500-1800,0,1.0,0.27476458185723424,1,3.639479270729271
Oak Park,1500-1800,1,0.0,0.2758213687105313,2,0.0
Oak Park,1500-1800,2,0.0,0.17663437405107918,1,0.0
Oak Park,1500-1800,3,0.0,0.15234714761905577,2,0.0
Oak Park,1500-1800,4,0.0,0.12043252776209945,2,0.0
Oak Park,sprint<=1100,0,0.0,0.12760053109608396,1,0.0
Oak Park,sprint<=1100,1,0.0,0.35766815534508384,2,0.0
Oak Park,sprint<=1100,2,0.0,0.07975033193505249,1,0.0
Oak Park,sprint<=1100,3,0.0,0.23321945809578373,2,0.0
Oak Park,sprint<=1100,4,1.0,0.20176152352799603,2,4.956346396052278
Oakbank,1200-1400,0,18.0,9.234302839909855,77,1.9492538107160144
Oakbank,1200-1400,1,21.0,15.840670276649892,154,1.3257014781095011
Oakbank,1200-1400,2,19.0,21.45826719815398,231,0.8854396221533927
Oakbank,1200-1400,3,13.0,17.104570834426525,194,0.7600307617093076
Oakbank,1200-1400,4,6.0,13.362188850859747,232,0.4490282293543508
Oakbank,2000+,0,3.0,5.760545298620253,57,0.5207840307615583
Oakbank,2000+,1,10.0,12.1108011008221,114,0.8257092092216084
Oakbank,2000+,2,18.0,14.907985069939224,138,1.2074066291021166
Oakbank,2000+,3,16.0,12.030895810366125,131,1.32990928125352
Oakbank,2000+,4,10.0,12.189772720252297,152,0.8203598401294085
Oakbank,sprint<=1100,0,16.0,10.413648619050788,86,1.5364451582060787
Oakbank,sprint<=1100,1,25.0,16.88727702848414,172,1.4804044463670463
Oakbank,sprint<=1100,2,25.0,20.92896905764232,248,1.1945165541190919
Oakbank,sprint<=1100,3,7.0,19.256040385099453,206,0.36352229534253994
Oakbank,sprint<=1100,4,13.0,18.514064909723302,253,0.7021688680141009
Orange,1200-1400,0,26.0,17.665027520634816,131,1.4718346727526443
Orange,1200-1400,1,34.0,33.46260647714234,262,1.0160595237321022
Orange,1200-1400,2,31.0,31.55559492760065,320,0.9823931404597068
Orange,1200-1400,3,25.0,25.813766445031213,296,0.9684754858705305
Orange,1200-1400,4,15.0,22.503004629590983,346,0.6665776524915838
Orange,1500-1800,0,10.0,6.4664278630285414,39,1.5464488604557811
Orange,1500-1800,1,13.0,9.62909808371587,78,1.3500745227618762
Orange,1500-1800,2,8.0,7.737938223813818,85,1.0338671321230863
Orange,1500-1800,3,5.0,8.125068562205973,84,0.615379422551296
Orange,1500-1800,4,3.0,7.041467267235796,97,0.4260475673811777
Orange,2000+,0,1.0,1.4565217767375644,22,0.6865671464520641
Orange,2000+,1,4.0,4.883610272963217,44,0.8190661777711694
Orange,2000+,2,9.0,5.502142182004985,43,1.6357265410979243
Orange,2000+,3,5.0,5.072939930407548,47,0.9856217634334006
Orange,2000+,4,3.0,5.084785837886685,54,0.5899953499805306
Orange,sprint<=1100,0,18.0,12.563644383057955,77,1.4327053083636272
Orange,sprint<=1100,1,34.0,20.228166806710693,154,1.6808245811340898
Orange,sprint<=1100,2,13.0,15.742634883788394,178,0.8257829833420877
Orange,sprint<=1100,3,6.0,14.223319949409694,173,0.4218424405371698
Orange,sprint<=1100,4,6.0,14.242233977033264,206,0.42128222367891704
Pakenham,1200-1400,0,103.0,74.11188220788854,595,1.3897906372297826
Pakenham,1200-1400,1,152.0,144.51483279261174,1190,1.0517951483785057
Pakenham,1200-1400,2,148.0,147.42783489101961,1327,1.003880984275482
Pakenham,1200-1400,3,103.0,119.17765392277269,1311,0.8642559792857154
Pakenham,1200-1400,4,89.0,109.76779618570738,1564,0.8108024675053874
Pakenham,1500-1800,0,33.0,25.316805614566505,216,1.3034819835648153
Pakenham,1500-1800,1,61.0,52.71427007925002,432,1.1571819150354032
Pakenham,1500-1800,2,51.0,52.141079626782485,474,0.9781155351030291
Pakenham,1500-1800,3,37.0,43.6824141062303,470,0.8470227838145694
Pakenham,1500-1800,4,34.0,42.14543057317069,564,0.8067303984703864
Pakenham,2000+,0,13.0,15.054577344439819,100,0.8635247408524128
Pakenham,2000+,1,28.0,23.52553205468755,200,1.190196248693168
Pakenham,2000+,2,21.0,21.332961557028543,230,0.9843921550161495
Pakenham,2000+,3,19.0,21.881141610460848,230,0.8683276374810607
Pakenham,2000+,4,19.0,18.20578743338324,262,1.0436241810206157
Pakenham,sprint<=1100,0,21.0,16.355300936135798,108,1.2839873801161366
Pakenham,sprint<=1100,1,32.0,26.960882795407233,216,1.1869047554129488
Pakenham,sprint<=1100,2,19.0,20.31252295699617,226,0.9353835582229286
Pakenham,sprint<=1100,3,22.0,22.56170329723081,239,0.9751036838916434
Pakenham,sprint<=1100,4,14.0,21.809590014229986,272,0.6419194487776018
Pakenham Synthetic,1200-1400,0,55.0,42.265456899340776,362,1.301299075767423
Pakenham Synthetic,1200-1400,1,77.0,78.42389787332455,724,0.9818435717690988
Pakenham Synthetic,1200-1400,2,91.0,94.90573307628276,932,0.958846184000882
Pakenham Synthetic,1200-1400,3,73.0,76.86102253918055,888,0.9497661830193274
Pakenham Synthetic,1200-1400,4,66.0,69.54388961187136,1016,0.9490409634599096
Pakenham Synthetic,1500-1800,0,18.0,15.536729388847293,150,1.1585449903581968
Pakenham Synthetic,1500-1800,1,38.0,33.2333405515665,301,1.143430042521224
Pakenham Synthetic,1500-1800,2,41.0,38.212748838719776,393,1.0729403470303605
Pakenham Synthetic,1500-1800,3,27.0,28.235528847695104,304,0.9562420504195387
Pakenham Synthetic,1500-1800,4,26.0,34.78165237317132,420,0.7475205525328921
Pakenham Synthetic,2000+,0,6.0,6.740090434492393,70,0.8901957708601383
Pakenham Synthetic,2000+,1,13.0,16.812205569053166,140,0.7732477423384335
Pakenham Synthetic,2000+,2,11.0,16.906870892397627,167,0.6506230555617645
Pakenham Synthetic,2000+,3,24.0,16.548461494551912,163,1.4502858775059715
Pakenham Synthetic,2000+,4,16.0,12.9923716095049,182,1.2314918692977341
Pakenham Synthetic,sprint<=1100,0,20.0,17.942168415029734,132,1.1146924684558455
Pakenham Synthetic,sprint<=1100,1,43.0,31.98340037690342,264,1.3444474162619726
Pakenham Synthetic,sprint<=1100,2,34.0,29.220614651547905,317,1.1635621086498575
Pakenham Synthetic,sprint<=1100,3,23.0,28.2517739306681,312,0.814108170922069
Pakenham Synthetic,sprint<=1100,4,12.0,24.602042625850846,357,0.48776437723064825
Parkes,1200-1400,0,10.0,4.533504004071247,36,2.2057993091038735
Parkes,1200-1400,1,8.0,7.566190791459095,72,1.0573352193326395
Parkes,1200-1400,2,10.0,10.6991739872423,109,0.9346515919756052
Parkes,1200-1400,3,5.0,7.755467523762033,94,0.6447064583380001
Parkes,1200-1400,4,3.0,5.445663693465323,106,0.5508970382434623
Parkes,1500-1800,0,5.0,2.7907424656283575,21,1.7916379105494462
Parkes,1500-1800,1,1.0,4.1291056769556755,42,0.24218319370728342
Parkes,1500-1800,2,8.0,5.883485563195163,52,1.359738188200026
Parkes,1500-1800,3,4.0,4.517456339071333,48,0.885454047536471
Parkes,1500-1800,4,3.0,3.679209955149472,58,0.8153924447288362
Parkes,sprint<=1100,0,9.0,3.691361243463284,17,2.4381249643169793
Parkes,sprint<=1100,1,2.0,2.9460473357309396,34,0.6788757178960204
Parkes,sprint<=1100,2,2.0,4.454786345900288,43,0.4489553133879445
Parkes,sprint<=1100,3,2.0,3.3930823489074764,40,0.5894345595956347
Parkes,sprint<=1100,4,2.0,2.514722725998012,47,0.7953163103523729
Penola,1200-1400,0,16.0,9.27396654430382,80,1.7252596204185566
Penola,1200-1400,1,21.0,17.598355692320798,160,1.1932933034853672
Penola,1200-1400,2,15.0,20.728695863932238,198,0.7236345257059745
Penola,1200-1400,3,15.0,15.071071035837102,185,0.9952842743778393
Penola,1200-1400,4,13.0,17.327910863606043,219,0.7502346995161436
Penola,1500-1800,0,9.0,5.746152294001384,46,1.566265483320974
Penola,1500-1800,1,15.0,9.092429763774582,92,1.6497240440351755
Penola,1500-1800,2,7.0,11.584723814453744,119,0.6042440123834814
Penola,1500-1800,3,5.0,9.986761910674751,110,0.5006627818628128
Penola,1500-1800,4,10.0,9.589932217095537,125,1.0427602378850451
Penola,2000+,0,3.0,2.5354088909443258,15,1.1832410980000292
Penola,2000+,1,3.0,3.440739918666685,30,0.8719054828074667
Penola,2000+,2,1.0,2.8117864993286417,31,0.3556457790229684
Penola,2000+,3,6.0,3.6692498294828466,33,1.6352116314864433
Penola,2000+,4,2.0,2.542814861577501,36,0.7865299319350558
Penola,sprint<=1100,0,14.0,7.0865692311943995,52,1.975568084253427
Penola,sprint<=1100,1,7.0,12.84587697462746,104,0.5449219242739171
Penola,sprint<=1100,2,12.0,10.915270257646863,100,1.0993772684275236
Penola,sprint<=1100,3,12.0,10.405073706583154,104,1.153283517098755
Penola,sprint<=1100,4,7.0,10.747209829948124,136,0.6513318443354323
Penshurst,1200-1400,0,3.0,2.212932226226303,14,1.355667364976594
Penshurst,1200-1400,1,2.0,3.238215486049167,28,0.6176241231061895
Penshurst,1200-1400,2,5.0,3.9813467007968266,24,1.255856466606965
Penshurst,1200-1400,3,2.0,1.872012441057508,28,1.0683689681411472
Penshurst,1200-1400,4,2.0,2.695493145870195,36,0.7419792563984923
Penshurst,1500-1800,0,2.0,1.910054422490895,13,1.0470905836242128
Penshurst,1500-1800,1,3.0,3.454925151603703,26,0.8683256129608086
Penshurst,1500-1800,2,3.0,2.4614988906842425,26,1.2187695925250106
Penshurst,1500-1800,3,4.0,2.918117195054166,27,1.3707468660886843
Penshurst,1500-1800,4,1.0,2.2554043401669936,36,0.4433794784335471
Penshurst,2000+,0,1.0,0.6640905404581563,3,1.5058187687933329
Penshurst,2000+,1,0.0,0.5952547615386157,6,0.0
Penshurst,2000+,2,1.0,0.86651643857996,5,1.1540461963292834
Penshurst,2000+,3,1.0,0.6185184410163137,6,1.616766669651527
Penshurst,2000+,4,0.0,0.25561981840695447,6,0.0
Penshurst,sprint<=1100,0,3.0,1.4908609737842864,11,2.012260064991192
Penshurst,sprint<=1100,1,5.0,3.2230428844888803,22,1.5513290325930351
Penshurst,sprint<=1100,2,2.0,2.7524503970416307,20,0.7266252653089138
Penshurst,sprint<=1100,3,1.0,2.3691794874809826,22,0.4220870581077184
Penshurst,sprint<=1100,4,0.0,1.1644662572042197,28,0.0
Pingrup,1500-1800,0,1.0,0.09724615542186334,1,10.283182874036532
Pingrup,1500-1800,1,0.0,0.08904348174298665,2,0.0
Pingrup,1500-1800,2,0.0,0.07514475646234894,1,0.0
Pingrup,1500-1800,3,0.0,0.28984406064048884,2,0.0
Pingrup,1500-1800,4,0.0,0.4487215457323123,2,0.0
Pinjarra,1200-1400,0,119.0,63.867726962039164,513,1.8632258522481882
Pinjarra,1200-1400,1,110.0,107.33571260782603,1027,1.0248220031100788
Pinjarra,1200-1400,2,149.0,143.1369860082602,1451,1.0409608596299593
Pinjarra,1200-1400,3,77.0,105.73966393286084,1266,0.7282035627509746
Pinjarra,1200-1400,4,58.0,92.91991048901376,1503,0.6241934553612978
Pinjarra,1500-1800,0,34.0,19.95729942662703,196,1.7036373145074526
Pinjarra,1500-1800,1,48.0,40.83711373207506,393,1.175401384018453
Pinjarra,1500-1800,2,53.0,52.42267256380286,569,1.0110129340600573
Pinjarra,1500-1800,3,31.0,43.65263779767021,500,0.7101518158807463
Pinjarra,1500-1800,4,30.0,39.130276479824836,580,0.7666697682411646
Pinjarra,2000+,0,13.0,8.496774407415597,99,1.5299923684750525
Pinjarra,2000+,1,28.0,19.209639502355856,198,1.4576015336761579
Pinjarra,2000+,2,24.0,24.809185422100885,261,0.9673836360068463
Pinjarra,2000+,3,19.0,23.645438526051393,238,0.8035376454983791
Pinjarra,2000+,4,15.0,22.83896214207627,287,0.6567724008949368
Pinjarra,sprint<=1100,0,27.0,16.776475680040434,123,1.6093964259801512
Pinjarra,sprint<=1100,1,35.0,28.7565005268617,246,1.2171161079668298
Pinjarra,sprint<=1100,2,21.0,31.694942811742948,322,0.6625662688439847
Pinjarra,sprint<=1100,3,21.0,25.14570667334904,295,0.835132624141245
Pinjarra,sprint<=1100,4,19.0,20.62637430800587,341,0.9211507420683909
Pinjarra Scarpside,1200-1400,0,53.0,26.380951511636965,209,2.009025336960308
Pinjarra Scarpside,1200-1400,1,41.0,46.13359307213498,418,0.8887233200304161
Pinjarra Scarpside,1200-1400,2,52.0,55.470805245375196,573,0.9374300547824737
Pinjarra Scarpside,1200-1400,3,42.0,44.45820035327579,518,0.9447076054868995
Pinjarra Scarpside,1200-1400,4,21.0,36.55644981757706,602,0.5744540321829279
Pinjarra Scarpside,1500-1800,0,11.0,10.767080787034368,102,1.0216325313771315
Pinjarra Scarpside,1500-1800,1,19.0,18.098187331636016,204,1.0498288945649046
Pinjarra Scarpside,1500-1800,2,37.0,28.86058799479575,295,1.2820251620192902
Pinjarra Scarpside,1500-1800,3,14.0,22.305056500031228,263,0.6276603692969978
Pinjarra Scarpside,1500-1800,4,21.0,21.96908738650264,299,0.9558885915717178
Pinjarra Scarpside,2000+,0,1.0,2.4824329986856988,27,0.40283061034454537
Pinjarra Scarpside,2000+,1,6.0,5.695802688430314,54,1.053407276938787
Pinjarra Scarpside,2000+,2,9.0,5.781987104254641,58,1.5565582969525136
Pinjarra Scarpside,2000+,3,5.0,6.244448197160298,58,0.8007112625698106
Pinjarra Scarpside,2000+,4,6.0,6.795329011469047,68,0.8829594549245955
Pinjarra Scarpside,sprint<=1100,0,15.0,9.486046836738556,50,1.5812698649037267
Pinjarra Scarpside,sprint<=1100,1,16.0,12.467652447125886,100,1.2833209834693788
Pinjarra Scarpside,sprint<=1100,2,8.0,10.345014041180955,112,0.7733193950393851
Pinjarra Scarpside,sprint<=1100,3,7.0,9.854384823995952,111,0.7103436820281899
Pinjarra Scarpside,sprint<=1100,4,4.0,7.846901850958653,126,0.509755324582188
Pioneer Park,1200-1400,0,64.0,34.78618390631736,227,1.8398108907938375
Pioneer Park,1200-1400,1,65.0,58.70241537449777,454,1.1072798212020099
Pioneer Park,1200-1400,2,53.0,46.731266330971344,396,1.134144314100772
Pioneer Park,1200-1400,3,34.0,46.800828165829735,476,0.7264828707630459
Pioneer Park,1200-1400,4,11.0,39.97930622238379,518,0.2751423433616582
Pioneer Park,1500-1800,0,14.0,7.306673290727219,56,1.91605665710648
Pioneer Park,1500-1800,1,15.0,13.790672280423966,112,1.0876917161821538
Pioneer Park,1500-1800,2,11.0,12.073996733965965,104,0.9110487804800667
Pioneer Park,1500-1800,3,8.0,10.768342213549342,116,0.7429184401229322
Pioneer Park,1500-1800,4,8.0,12.060315481333507,135,0.6633325647560457
Pioneer Park,2000+,0,1.0,2.543836239362566,17,0.3931070658269181
Pioneer Park,2000+,1,5.0,3.7940794715083377,34,1.3178427171986062
Pioneer Park,2000+,2,4.0,3.550722210269587,42,1.126531382384966
Pioneer Park,2000+,3,2.0,3.320060202182545,40,0.6023987151453571
Pioneer Park,2000+,4,5.0,3.7913018766769637,47,1.3188081990407072
Pioneer Park,sprint<=1100,0,53.0,24.69712264777873,179,2.1459989795518486
Pioneer Park,sprint<=1100,1,55.0,46.04318400463049,358,1.1945307690812332
Pioneer Park,sprint<=1100,2,42.0,35.77558433221316,317,1.173985017546792
Pioneer Park,sprint<=1100,3,19.0,38.29460532858044,367,0.4961534356333924
Pioneer Park,sprint<=1100,4,10.0,34.18950368679719,414,0.2924874280600235
Port Augusta,1200-1400,0,39.0,18.918011459444532,128,2.061527454067052
Port Augusta,1200-1400,1,31.0,33.33816287797053,256,0.9298652752244017
Port Augusta,1200-1400,2,24.0,30.837009073209554,315,0.7782855964734472
Port Augusta,1200-1400,3,27.0,23.96971179141877,297,1.1264215537904834
Port Augusta,1200-1400,4,7.0,20.937104797956607,345,0.3343346688833108
Port Augusta,1500-1800,0,22.0,13.537108433862347,88,1.6251624272262004
Port Augusta,1500-1800,1,19.0,19.856969639402728,177,0.956842879101642
Port Augusta,1500-1800,2,25.0,21.45907833833967,197,1.1650080961461413
Port Augusta,1500-1800,3,16.0,16.583086918275754,188,0.9648384573300915
Port Augusta,1500-1800,4,6.0,16.5637566701195,240,0.3622366664455904
Port Augusta,2000+,0,7.0,5.364167589787302,29,1.3049555001464004
Port Augusta,2000+,1,8.0,7.608170685562819,58,1.051501120391622
Port Augusta,2000+,2,8.0,6.694122641611541,63,1.19507819445538
Port Augusta,2000+,3,3.0,4.777483886768082,63,0.627945602979201
Port Augusta,2000+,4,3.0,4.556055196270256,73,0.6584643668180103
Port Augusta,sprint<=1100,0,25.0,13.811921680557496,83,1.8100305358081725
Port Augusta,sprint<=1100,1,29.0,19.694805792874263,166,1.472469457428843
Port Augusta,sprint<=1100,2,22.0,20.21486062708865,189,1.0883082701306976
Port Augusta,sprint<=1100,3,5.0,17.36289396491433,190,0.287970427631686
Port Augusta,sprint<=1100,4,2.0,11.91551793456526,217,0.16784834792605013
Port Hedland,1200-1400,0,16.0,7.861144952353084,58,2.035326927181352
Port Hedland,1200-1400,1,18.0,16.51340900857915,117,1.090023264769166
Port Hedland,1200-1400,2,11.0,9.784641669742504,93,1.1242108164283424
Port Hedland,1200-1400,3,9.0,12.25394621497509,116,0.7344572794845008
Port Hedland,1200-1400,4,4.0,11.586858154350173,133,0.34521869058164306
Port Hedland,1500-1800,0,0.0,1.58399283116798,11,0.0
Port Hedland,1500-1800,1,2.0,2.814020613658381,22,0.7107268476615352
Port Hedland,1500-1800,2,2.0,1.7134977471539505,17,1.1672031686775883
Port Hedland,1500-1800,3,3.0,2.648456685656418,22,1.1327351571379212
Port Hedland,1500-1800,4,4.0,2.240032122363271,26,1.7856886783301724
Port Hedland,2000+,0,3.0,1.0125607012613216,7,2.962785338462153
Port Hedland,2000+,1,2.0,2.034485983504133,14,0.9830492892142046
Port Hedland,2000+,2,0.0,1.173517636162063,13,0.0
Port Hedland,2000+,3,1.0,1.1784000078033658,14,0.8486082767973516
Port Hedland,2000+,4,1.0,1.6010356712691167,15,0.6245957026099956
Port Lincoln,1200-1400,0,58.0,34.18668627104524,274,1.6965668898165098
Port Lincoln,1200-1400,1,59.0,63.46538713513802,548,0.9296405909314034
Port Lincoln,1200-1400,2,77.0,68.90121348486241,710,1.117542001156727
Port Lincoln,1200-1400,3,46.0,56.8442540746507,676,0.8092286678542833
Port Lincoln,1200-1400,4,34.0,50.60245903430363,782,0.671904106022817
Port Lincoln,1500-1800,0,6.0,6.343994245729674,65,0.9457763937977676
Port Lincoln,1500-1800,1,13.0,13.879654533968417,130,0.9366227356872903
Port Lincoln,1500-1800,2,19.0,18.796178336749822,181,1.0108437821560605
Port Lincoln,1500-1800,3,19.0,13.936990237439188,158,1.363278561318064
Port Lincoln,1500-1800,4,8.0,12.043182646112898,183,0.6642762328762082
Port Lincoln,2000+,0,5.0,1.789418953181779,17,2.794203107723579
Port Lincoln,2000+,1,0.0,3.149342315023764,34,0.0
Port Lincoln,2000+,2,9.0,5.523428409869023,52,1.629422766468592
Port Lincoln,2000+,3,0.0,3.5220349747610125,42,0.0
Port Lincoln,2000+,4,3.0,3.0157753471644217,52,0.9947690575893677
Port Lincoln,sprint<=1100,0,33.0,17.865432987193486,125,1.8471424691276979
Port Lincoln,sprint<=1100,1,38.0,30.753393876905445,250,1.2356359806042891
Port Lincoln,sprint<=1100,2,20.0,29.12665718390534,304,0.6866562089058231
Port Lincoln,sprint<=1100,3,18.0,24.722485612447677,285,0.728082130663151
Port Lincoln,sprint<=1100,4,16.0,22.53203033954805,351,0.7101002332629084
Port Macquarie,1200-1400,0,57.0,26.683637546441354,203,2.1361405430873037
Port Macquarie,1200-1400,1,51.0,47.413415059181354,406,1.0756449400732235
Port Macquarie,1200-1400,2,43.0,55.87183218109173,557,0.7696185774010138
Port Macquarie,1200-1400,3,32.0,38.215854924943955,485,0.8373487931343703
Port Macquarie,1200-1400,4,20.0,34.815260288341605,590,0.5744607345847502
Port Macquarie,1500-1800,0,27.0,24.792837416219353,219,1.0890242027052834
Port Macquarie,1500-1800,1,61.0,48.94732112559055,438,1.2462377633187385
Port Macquarie,1500-1800,2,57.0,60.87410778898763,570,0.9363586928876768
Port Macquarie,1500-1800,3,51.0,45.35420519342713,511,1.1244822786000686
Port Macquarie,1500-1800,4,23.0,39.03152847577534,622,0.5892672128962307
Port Macquarie,2000+,0,3.0,3.2875549269274877,22,0.9125322821005356
Port Macquarie,2000+,1,4.0,4.531219699485195,44,0.8827645237449977
Port Macquarie,2000+,2,8.0,6.314477030361586,50,1.2669299391753264
Port Macquarie,2000+,3,7.0,4.440054826764283,51,1.576557108665546
Port Macquarie,2000+,4,0.0,3.426693516461447,56,0.0
Port Macquarie,sprint<=1100,0,59.0,33.729056992347275,226,1.7492336063052816
Port Macquarie,sprint<=1100,1,71.0,53.76981284738032,452,1.3204435024076737
Port Macquarie,sprint<=1100,2,51.0,57.044613571938385,554,0.8940370844248847
Port Macquarie,sprint<=1100,3,24.0,44.14444370627727,514,0.5436697800449853
Port Macquarie,sprint<=1100,4,21.0,37.31207288205674,620,0.5628205129846547
Prairie,1200-1400,0,1.0,0.25159497722930024,1,3.974642145135567
Prairie,1200-1400,1,0.0,0.19444815756586875,2,0.0
Prairie,1200-1400,2,0.0,0.1440680762467779,2,0.0
Prairie,1200-1400,3,0.0,0.22829249005258653,2,0.0
Prairie,1200-1400,4,0.0,0.18159629890546655,2,0.0
Prairie,sprint<=1100,0,0.0,0.07555765827331827,1,0.0
Prairie,sprint<=1100,1,1.0,0.4030209045190909,2,2.4812608695652174
Prairie,sprint<=1100,2,0.0,0.14167060926247174,1,0.0
Prairie,sprint<=1100,3,0.0,0.20434912123920168,2,0.0
Prairie,sprint<=1100,4,0.0,0.1754017067059174,2,0.0
Quambone,1200-1400,1,1.0,1.0,2,1.0
Queanbeyan,1200-1400,0,17.0,11.008329454403162,74,1.5442851770029704
Queanbeyan,1200-1400,1,29.0,20.64824087550866,146,1.4044779976582678
Queanbeyan,1200-1400,2,9.0,13.154712529983343,128,0.684165463858403
Queanbeyan,1200-1400,3,9.0,14.864992712427345,147,0.6054493381941501
Queanbeyan,1200-1400,4,9.0,13.323724427677492,181,0.6754868016711768
Queanbeyan,1500-1800,0,39.0,28.52850279264879,171,1.3670538648123343
Queanbeyan,1500-1800,1,43.0,44.78310493573497,342,0.9601835348778568
Queanbeyan,1500-1800,2,46.0,38.20396746275212,365,1.2040634273089257
Queanbeyan,1500-1800,3,32.0,32.359904862154465,361,0.9888780617963009
Queanbeyan,1500-1800,4,11.0,27.124519946709665,429,0.4055371310390455
Queanbeyan,2000+,0,3.0,3.4638005281437882,28,0.8661006820758429
Queanbeyan,2000+,1,10.0,6.892757384584522,56,1.4507981990436436
Queanbeyan,2000+,2,6.0,5.698861854355058,55,1.0528418047920942
Queanbeyan,2000+,3,5.0,6.111992844666504,58,0.8180637849344244
Queanbeyan,2000+,4,4.0,5.832587388250127,66,0.6858019835344578
Queanbeyan,sprint<=1100,0,19.0,13.334535307025916,82,1.4248715506410614
Queanbeyan,sprint<=1100,1,21.0,21.362290356149504,164,0.9830406594934605
Queanbeyan,sprint<=1100,2,23.0,18.362624853412484,173,1.252544240467109
Queanbeyan,sprint<=1100,3,12.0,15.626002036315706,170,0.7679507510693603
Queanbeyan,sprint<=1100,4,7.0,13.31454744709639,208,0.5257407379269617
Quilpie,1200-1400,0,0.0,0.16000929033203232,2,0.0
Quilpie,1200-1400,1,2.0,0.5097483350973272,4,3.923504722419812
Quilpie,1200-1400,2,0.0,0.5885045475163564,5,0.0
Quilpie,1200-1400,3,0.0,0.33754568818824593,4,0.0
Quilpie,1200-1400,4,0.0,0.4041921388660381,5,0.0
Quilpie,1500-1800,0,0.0,0.06313890559230306,1,0.0
Quilpie,1500-1800,1,1.0,0.29464822609741426,2,3.3938775510204087
Quilpie,1500-1800,2,0.0,0.10102224894768491,1,0.0
Quilpie,1500-1800,3,0.0,0.2886349969933854,2,0.0
Quilpie,1500-1800,4,0.0,0.25255562236921225,2,0.0
Quilpie,sprint<=1100,0,1.0,0.17285277680356728,1,5.785270092226614
Quilpie,sprint<=1100,1,0.0,0.1411631010562466,2,0.0
Quilpie,sprint<=1100,2,0.0,0.17746218418499576,2,0.0
Quilpie,sprint<=1100,3,0.0,0.10449736052215658,2,0.0
Quilpie,sprint<=1100,4,0.0,0.4040245774330338,3,0.0
Quirindi,1200-1400,0,21.0,11.19560119372661,92,1.87573669663825
Quirindi,1200-1400,1,22.0,21.32192530186635,184,1.0318017575117522
Quirindi,1200-1400,2,24.0,22.34057368297198,253,1.0742785901819898
Quirindi,1200-1400,3,17.0,21.82213733100186,223,0.77902543376669
Quirindi,1200-1400,4,8.0,15.3197624904332,255,0.5222013072980599
Quirindi,1500-1800,0,7.0,4.159733876906107,33,1.6827999595989547
Quirindi,1500-1800,1,6.0,6.380759037465613,66,0.9403269994635548
Quirindi,1500-1800,2,10.0,8.889947924703247,89,1.124865981746885
Quirindi,1500-1800,3,4.0,6.580387435369277,77,0.6078669438975867
Quirindi,1500-1800,4,6.0,6.989171725555756,94,0.8584708225240953
Quirindi,2000+,0,0.0,0.2542772185554899,4,0.0
Quirindi,2000+,1,1.0,0.7181818233570608,8,1.392405053257421
Quirindi,2000+,2,1.0,0.9741078519206663,12,1.0265803709807715
Quirindi,2000+,3,1.0,0.8546771949814185,10,1.1700323886865158
Quirindi,2000+,4,1.0,1.1987559111853647,13,0.834198180521313
Quirindi,sprint<=1100,0,14.0,8.038191671967601,59,1.7416852659564732
Quirindi,sprint<=1100,1,19.0,15.171505723079465,118,1.2523476803687643
Quirindi,sprint<=1100,2,5.0,13.821399471779605,138,0.36175786758851375
Quirindi,sprint<=1100,3,14.0,10.776968359794298,131,1.2990666328974192
Quirindi,sprint<=1100,4,7.0,11.191934773379032,158,0.6254503927819607
Randwick,1200-1400,0,100.0,75.29491307830743,668,1.3281109694090363
Randwick,1200-1400,1,128.0,138.08707027197642,1337,0.9269513774743072
Randwick,1200-1400,2,198.0,185.13090828529553,1972,1.0695134693277288
Randwick,1200-1400,3,135.0,138.92295698495352,1683,0.9717616363048016
Randwick,1200-1400,4,107.0,130.5641513794671,1970,0.819520510565101
Randwick,1500-1800,0,60.0,39.451068138047525,392,1.5208713688067321
Randwick,1500-1800,1,81.0,76.06951780941449,785,1.0648154784277508
Randwick,1500-1800,2,121.0,114.93703809970485,1248,1.0527502883364341
Randwick,1500-1800,3,71.0,84.3421483458379,1030,0.8418092423834221
Randwick,1500-1800,4,59.0,77.20022760699524,1209,0.76424645145287
Randwick,2000+,0,26.0,17.691052933456838,177,1.4696694480422647
Randwick,2000+,1,38.0,34.258014498192914,355,1.1092294914524155
Randwick,2000+,2,56.0,47.931808594626254,537,1.1683264546432803
Randwick,2000+,3,43.0,41.326362559013354,461,1.0404980583180221
Randwick,2000+,4,14.0,35.79276141471065,532,0.39114053922215875
Randwick,sprint<=1100,0,48.0,37.63868951463561,276,1.275283507980145
Randwick,sprint<=1100,1,70.0,56.1617492110872,553,1.2463999249186655
Randwick,sprint<=1100,2,86.0,74.0962745899521,761,1.160652144469111
Randwick,sprint<=1100,3,44.0,57.10548109666604,670,0.7705039718607471
Randwick,sprint<=1100,4,28.0,50.997805587659045,790,0.5490432319067414
Randwick-Kensington,1200-1400,0,52.0,28.61827357820488,205,1.817020857596462
Randwick-Kensington,1200-1400,1,56.0,50.29969534630388,410,1.1133268226467496
Randwick-Kensington,1200-1400,2,32.0,42.83733142406025,400,0.7470119854857883
Randwick-Kensington,1200-1400,3,35.0,40.50154077731087,426,0.8641646546841285
Randwick-Kensington,1200-1400,4,30.0,42.743158874120105,509,0.7018667031220343
Randwick-Kensington,1500-1800,0,27.0,13.083097171131701,103,2.0637315191372587
Randwick-Kensington,1500-1800,1,25.0,24.951692436984626,206,1.001936043542432
Randwick-Kensington,1500-1800,2,21.0,23.74584546973409,192,0.8843652261936144
Randwick-Kensington,1500-1800,3,15.0,21.85206724296169,213,0.6864339118685137
Randwick-Kensington,1500-1800,4,15.0,19.367297679187892,248,0.7745014430236701
Randwick-Kensington,2000+,0,2.0,1.815038908944657,18,1.1019047526440562
Randwick-Kensington,2000+,1,4.0,4.935888997891397,37,0.810390995767691
Randwick-Kensington,2000+,2,1.0,2.937383818744584,29,0.34043899664000754
Randwick-Kensington,2000+,3,4.0,4.524188866777476,37,0.8841363872700457
Randwick-Kensington,2000+,4,7.0,3.7874994076418855,38,1.8481851075346392
Randwick-Kensington,sprint<=1100,0,31.0,19.842425760560893,142,1.5623089824841916
Randwick-Kensington,sprint<=1100,1,23.0,34.15354506069125,284,0.6734293602356279
Randwick-Kensington,sprint<=1100,2,31.0,30.3895970511247,283,1.0200859178174826
Randwick-Kensington,sprint<=1100,3,30.0,31.049787140382023,297,0.9661901984823363
Randwick-Kensington,sprint<=1100,4,27.0,26.564644987241135,357,1.0163885123617487
Rockhampton,1200-1400,0,77.0,53.91061750939004,414,1.4282900763766673
Rockhampton,1200-1400,1,125.0,102.747423792116,828,1.2165755148557942
Rockhampton,1200-1400,2,93.0,104.55283811306218,972,0.8895023959027388
Rockhampton,1200-1400,3,73.0,80.89975007409167,934,0.9023513661431992
Rockhampton,1200-1400,4,46.0,71.88937051134012,1084,0.6398720655474898
Rockhampton,1500-1800,0,28.0,17.85892290567817,139,1.5678437130773164
Rockhampton,1500-1800,1,29.0,34.543694967291444,279,0.8395164451127585
Rockhampton,1500-1800,2,29.0,32.88012259894474,322,0.8819918451560376
Rockhampton,1500-1800,3,29.0,29.24559965905774,309,0.9916021670979254
Rockhampton,1500-1800,4,24.0,24.471659869027906,349,0.9807262820931548
Rockhampton,2000+,0,2.0,0.5192252220358823,4,3.8518930034985575
Rockhampton,2000+,1,0.0,0.8767274562533682,6,0.0
Rockhampton,2000+,2,1.0,0.9703682655245198,6,1.030536586498388
Rockhampton,2000+,3,0.0,0.3441480416029657,6,0.0
Rockhampton,2000+,4,0.0,0.2895310145832641,6,0.0
Rockhampton,sprint<=1100,0,72.0,45.664027512619974,257,1.5767334578646544
Rockhampton,sprint<=1100,1,75.0,62.30564793007676,514,1.2037431997203467
Rockhampton,sprint<=1100,2,48.0,61.9271611891878,528,0.775104155886619
Rockhampton,sprint<=1100,3,35.0,45.11503300449719,545,0.7757946225266221
Rockhampton,sprint<=1100,4,27.0,41.98813036361828,651,0.6430388723236617
Rockingham,1200-1400,0,1.0,0.31506160292808744,2,3.1739824551970215
Rockingham,1200-1400,1,0.0,0.3886200222421173,4,0.0
Rockingham,1200-1400,2,1.0,0.645761991117034,3,1.5485581588197965
Rockingham,1200-1400,3,0.0,0.19911295749044322,4,0.0
Rockingham,1200-1400,4,0.0,0.4514434262223181,5,0.0
Rockingham,1500-1800,0,0.0,0.2083504915337507,2,0.0
Rockingham,1500-1800,1,0.0,0.3429346881737949,4,0.0
Rockingham,1500-1800,2,0.0,0.20146490685842258,2,0.0
Rockingham,1500-1800,3,0.0,0.625050086159913,4,0.0
Rockingham,1500-1800,4,2.0,0.6221998272741187,4,3.2144014066382445
Rockingham,sprint<=1100,0,0.0,0.06965244504868943,2,0.0
Rockingham,sprint<=1100,1,1.0,0.5764942165598587,4,1.7346227789887425
Rockingham,sprint<=1100,2,0.0,0.2780297564406107,4,0.0
Rockingham,sprint<=1100,3,1.0,0.6388980770234263,4,1.5651948815668972
Rockingham,sprint<=1100,4,0.0,0.43692550492741483,5,0.0
Roebourne,1200-1400,0,13.0,4.684496111020602,27,2.7751117071944194
Roebourne,1200-1400,1,6.0,7.564523883806788,56,0.7931761591557758
Roebourne,1200-1400,2,4.0,4.261971353033847,45,0.9385328217076435
Roebourne,1200-1400,3,2.0,4.993917085995981,56,0.4004872258709362
Roebourne,1200-1400,4,2.0,5.495091566142782,58,0.3639611780671159
Roebourne,1500-1800,0,4.0,1.212387250538832,9,3.2992758693414537
Roebourne,1500-1800,1,1.0,2.346566104295007,18,0.4261546257613041
Roebourne,1500-1800,2,2.0,1.8718749511903885,16,1.068447440213959
Roebourne,1500-1800,3,1.0,1.9250789266600692,19,0.5194592212044822
Roebourne,1500-1800,4,1.0,1.6440927673157033,21,0.6082381845354699
Roebourne,2000+,0,1.0,0.5757720497361137,5,1.7367984438604085
Roebourne,2000+,1,1.0,1.192755358048719,10,0.8383948923406591
Roebourne,2000+,2,0.0,0.8612679223685002,9,0.0
Roebourne,2000+,3,2.0,0.9939295428393213,10,2.012215065352293
Roebourne,2000+,4,1.0,1.3762751270073457,13,0.7265989048094326
Roebourne,sprint<=1100,0,1.0,0.9990710361364035,7,1.0009298276398733
Roebourne,sprint<=1100,1,1.0,1.9979561205412943,14,0.5005114925792644
Roebourne,sprint<=1100,2,1.0,1.4086555159350571,10,0.7098967694285468
Roebourne,sprint<=1100,3,1.0,1.3344249334587919,14,0.7493864772205868
Roebourne,sprint<=1100,4,3.0,1.2598923939284532,15,2.3811557355670203
Roma,1200-1400,0,4.0,3.0382617630950657,22,1.316542257348233
Roma,1200-1400,1,7.0,4.900784355991851,44,1.4283427899539352
Roma,1200-1400,2,8.0,5.455101632504667,54,1.4665171318406514
Roma,1200-1400,3,2.0,4.675340774199183,52,0.42777630478552026
Roma,1200-1400,4,1.0,3.9305114742092337,57,0.25441981445969103
Roma,1500-1800,0,3.0,1.9434371138993154,18,1.5436568430973283
Roma,1500-1800,1,2.0,4.0002804719715215,36,0.49996494346165393
Roma,1500-1800,2,6.0,4.987074355159831,44,1.203110195016875
Roma,1500-1800,3,3.0,3.481921426082213,43,0.8615932506482603
Roma,1500-1800,4,4.0,3.5872866328871194,46,1.1150488961013747
Roma,sprint<=1100,0,11.0,4.663990119745688,30,2.3584955622932995
Roma,sprint<=1100,1,9.0,8.064437317959037,60,1.1160109062981391
Roma,sprint<=1100,2,6.0,8.071605862339705,75,0.743346504069859
Roma,sprint<=1100,3,4.0,4.593866165875213,70,0.8707262805593573
Roma,sprint<=1100,4,0.0,4.6061005340803565,83,0.0
Rosehill,1200-1400,0,111.0,70.25990904288967,550,1.5798483304645445
Rosehill,1200-1400,1,127.0,118.90584980976857,1101,1.0680719258403253
Rosehill,1200-1400,2,156.0,147.7390189218886,1503,1.0559160412624582
Rosehill,1200-1400,3,91.0,116.75205022933173,1355,0.7794295673716399
Rosehill,1200-1400,4,65.0,96.34317199612143,1552,0.6746715792440046
Rosehill,1500-1800,0,58.0,32.00011799617498,295,1.8124933166475456
Rosehill,1500-1800,1,53.0,61.162443550675356,591,0.8665448422787022
Rosehill,1500-1800,2,88.0,85.24215565851888,904,1.032353057242347
Rosehill,1500-1800,3,55.0,61.32178002488718,763,0.8969080802559627
Rosehill,1500-1800,4,41.0,55.2735027697436,887,0.7417659085366156
Rosehill,2000+,0,18.0,20.963653049472114,190,0.8586289783332041
Rosehill,2000+,1,48.0,39.88282748109769,381,1.2035255028683562
Rosehill,2000+,2,59.0,49.85379542410179,521,1.1834605469471735
Rosehill,2000+,3,41.0,41.494980107477176,460,0.9880713255869719
Rosehill,2000+,4,24.0,37.80474393785123,544,0.6348409617442347
Rosehill,sprint<=1100,0,40.0,22.853233040892626,178,1.7502993965197686
Rosehill,sprint<=1100,1,48.0,40.08443259667707,356,1.1974723574852129
Rosehill,sprint<=1100,2,43.0,42.807546883703345,435,1.0044957754019286
Rosehill,sprint<=1100,3,30.0,38.98543792190273,405,0.769518096990401
Rosehill,sprint<=1100,4,17.0,33.26934955682424,474,0.5109808345054628
Sale,1200-1400,0,67.0,42.136331371711506,353,1.5900767299590035
Sale,1200-1400,1,104.0,86.11703363493486,708,1.2076588754888395
Sale,1200-1400,2,88.0,87.51671035164563,900,1.0055222556516634
Sale,1200-1400,3,53.0,71.70298261019776,813,0.7391603259815055
Sale,1200-1400,4,41.0,65.52694203151025,976,0.6256968313931717
Sale,1500-1800,0,29.0,22.0784292395146,203,1.3134992387999054
Sale,1500-1800,1,42.0,41.42775261689193,406,1.0138131408768416
Sale,1500-1800,2,56.0,56.28316542794739,527,0.9949689143139987
Sale,1500-1800,3,34.0,43.231318337955045,477,0.7864668788078483
Sale,1500-1800,4,42.0,39.979334377691046,560,1.0505427529938194
Sale,2000+,0,7.0,7.607776761623549,72,0.9201111204143895
Sale,2000+,1,18.0,15.653454464693697,144,1.1499059227213346
Sale,2000+,2,21.0,18.744211164629185,168,1.1203458932231594
Sale,2000+,3,16.0,15.064490335964072,157,1.0621003195708885
Sale,2000+,4,10.0,14.930067273089495,188,0.6697893463631185
Sale,sprint<=1100,0,40.0,27.092792658533277,203,1.4764074159553797
Sale,sprint<=1100,1,57.0,50.538522697704636,407,1.1278525164050517
Sale,sprint<=1100,2,50.0,45.68926499603247,487,1.0943489680637644
Sale,sprint<=1100,3,34.0,45.485203989203235,469,0.7474958232147434
Sale,sprint<=1100,4,22.0,34.19421565852638,549,0.6433836710775457
Sandown-Hillside,1200-1400,0,66.0,41.02540543004216,357,1.608759238529533
Sandown-Hillside,1200-1400,1,82.0,82.09754193465642,714,0.9988118775257113
Sandown-Hillside,1200-1400,2,102.0,88.34501262588945,893,1.1545643264768628
Sandown-Hillside,1200-1400,3,65.0,74.30184090592236,836,0.874810088249362
Sandown-Hillside,1200-1400,4,42.0,71.2301991034896,967,0.5896375488011574
Sandown-Hillside,1500-1800,0,49.0,32.872124973922574,286,1.490624656570625
Sandown-Hillside,1500-1800,1,58.0,60.55639285988452,571,0.9577849218033924
Sandown-Hillside,1500-1800,2,75.0,69.12316817242983,765,1.085019711667588
Sandown-Hillside,1500-1800,3,50.0,61.03276085627319,682,0.8192321516921973
Sandown-Hillside,1500-1800,4,54.0,62.415553137489894,801,0.8651689728848194
Sandown-Hillside,2000+,0,11.0,8.597831211251183,86,1.2793924106820476
Sandown-Hillside,2000+,1,22.0,19.029852699292917,172,1.156078312724798
Sandown-Hillside,2000+,2,28.0,20.92560662705951,219,1.3380735143798597
Sandown-Hillside,2000+,3,13.0,18.077286343320495,193,0.7191344847399324
Sandown-Hillside,2000+,4,12.0,19.369423119075897,241,0.6195331645257854
Sandown-Hillside,sprint<=1100,0,30.0,19.82077973157688,169,1.5135630588844293
Sandown-Hillside,sprint<=1100,1,38.0,39.78710116827159,338,0.9550834035203167
Sandown-Hillside,sprint<=1100,2,40.0,36.959985271553585,387,1.0822515135249844
Sandown-Hillside,sprint<=1100,3,34.0,33.78336265305518,382,1.0064125454049564
Sandown-Hillside,sprint<=1100,4,27.0,38.64877117554277,439,0.6985991838489758
Sandown-Lakeside,1200-1400,0,80.0,43.39187679987338,357,1.8436630517035724
Sandown-Lakeside,1200-1400,1,93.0,85.95020413571915,714,1.0820218629515868
Sandown-Lakeside,1200-1400,2,77.0,84.78288179359441,890,0.9082022027448655
Sandown-Lakeside,1200-1400,3,59.0,73.67214732574966,823,0.80084539601004
Sandown-Lakeside,1200-1400,4,48.0,69.2028899450634,961,0.6936126516985738
Sandown-Lakeside,1500-1800,0,21.0,14.074649938631806,122,1.4920442136439669
Sandown-Lakeside,1500-1800,1,24.0,27.376185624796996,242,0.8766743595667729
Sandown-Lakeside,1500-1800,2,33.0,29.446774869716982,286,1.1206660201670218
Sandown-Lakeside,1500-1800,3,25.0,24.55816137661014,278,1.0179915188524935
Sandown-Lakeside,1500-1800,4,18.0,25.544228190244077,326,0.7046601629903467
Sandown-Lakeside,2000+,0,35.0,18.465137271076838,150,1.8954638401103472
Sandown-Lakeside,2000+,1,34.0,34.143556524236296,298,0.9957955017329728
Sandown-Lakeside,2000+,2,39.0,36.91429536369355,362,1.056501271817796
Sandown-Lakeside,2000+,3,26.0,28.96968851710916,339,0.8974898016126306
Sandown-Lakeside,2000+,4,15.0,30.507322323884157,395,0.49168523676876463
Sandown-Lakeside,sprint<=1100,0,3.0,1.273226911292718,12,2.35621786925166
Sandown-Lakeside,sprint<=1100,1,3.0,2.7748331505140404,24,1.081146086006738
Sandown-Lakeside,sprint<=1100,2,3.0,2.9402603500271303,29,1.020317809602241
Sandown-Lakeside,sprint<=1100,3,2.0,2.5363149044943616,28,0.7885456164989572
Sandown-Lakeside,sprint<=1100,4,1.0,2.4753646836717493,33,0.40398087869488525
Sapphire Coast,1200-1400,0,52.0,27.428632061480382,197,1.8958291424611953
Sapphire Coast,1200-1400,1,41.0,45.7810209048978,394,0.8955676214641533
Sapphire Coast,1200-1400,2,45.0,47.42796894332782,444,0.9488072334231933
Sapphire Coast,1200-1400,3,38.0,40.2529656861769,432,0.9440298212126372
Sapphire Coast,1200-1400,4,21.0,36.1094124041171,519,0.5815658190440571
Sapphire Coast,1500-1800,0,14.0,9.838828325272496,84,1.4229336601024853
Sapphire Coast,1500-1800,1,18.0,19.267947015060695,168,0.9341939743725883
Sapphire Coast,1500-1800,2,25.0,20.89455686220686,203,1.1964838577275063
Sapphire Coast,1500-1800,3,12.0,17.02556475021419,190,0.7048224347359188
Sapphire Coast,1500-1800,4,15.0,16.97310304724576,225,0.8837511890575638
Sapphire Coast,2000+,0,1.0,1.1075172207927884,13,0.9029204975107973
Sapphire Coast,2000+,1,3.0,3.2246339724654813,26,0.9303381486445944
Sapphire Coast,2000+,2,4.0,3.5219485694574098,26,1.1357349265938426
Sapphire Coast,2000+,3,2.0,2.6291112346443297,26,0.7607133443597198
Sapphire Coast,2000+,4,3.0,2.516789002639991,30,1.1919950368716423
Sapphire Coast,sprint<=1100,0,20.0,13.493621027921854,81,1.4821818367815973
Sapphire Coast,sprint<=1100,1,22.0,22.200083514714958,162,0.9909872629721264
Sapphire Coast,sprint<=1100,2,21.0,17.610189994434926,159,1.1924913931443275
Sapphire Coast,sprint<=1100,3,11.0,15.035143471322016,171,0.7316192240520594
Sapphire Coast,sprint<=1100,4,7.0,12.660961991606245,195,0.5528805792672582
Scone,1200-1400,0,53.0,31.37816959250439,308,1.6890723929499263
Scone,1200-1400,1,68.0,67.7668436980446,617,1.003440566053132
Scone,1200-1400,2,78.0,83.58657063328039,875,0.9331642560407177
Scone,1200-1400,3,72.0,65.56180363845951,764,1.0982004155505531
Scone,1200-1400,4,37.0,59.70661243771113,902,0.619696855831508
Scone,1500-1800,0,16.0,11.194342066879551,138,1.4292934684691154
Scone,1500-1800,1,30.0,29.662244089997397,276,1.0113867281577829
Scone,1500-1800,2,44.0,35.87527695607567,373,1.2264713678411996
Scone,1500-1800,3,26.0,33.410610833448814,339,0.7781958890129081
Scone,1500-1800,4,22.0,27.85752605359857,396,0.7897327263616825
Scone,2000+,0,2.0,2.8770528307394487,33,0.6951558131402015
Scone,2000+,1,8.0,8.14069825734214,66,0.9827166843808217
Scone,2000+,2,7.0,8.534221606183307,71,0.8202271188890015
Scone,2000+,3,8.0,6.78612036340654,71,1.1788768208620617
Scone,2000+,4,8.0,6.661906942328566,82,1.2008573625022334
Scone,sprint<=1100,0,66.0,36.514026509334,286,1.807524568212946
Scone,sprint<=1100,1,66.0,65.67805975960464,573,1.0049017927992048
Scone,sprint<=1100,2,80.0,75.1580716029111,788,1.0644232654434067
Scone,sprint<=1100,3,47.0,61.70954563171549,692,0.7616325727059713
Scone,sprint<=1100,4,27.0,46.94029649643477,821,0.5751987527827124
Seymour,1200-1400,0,32.0,27.086379755228588,204,1.1814055731764197
Seymour,1200-1400,1,48.0,47.088882848020035,408,1.0193488801788015
Seymour,1200-1400,2,51.0,49.744462583688815,575,1.025239742296922
Seymour,1200-1400,3,37.0,40.094251544213115,500,0.9228255566561457
Seymour,1200-1400,4,36.0,39.98602326884944,598,0.9003145863731166
Seymour,1500-1800,0,6.0,8.570280891561907,87,0.7000937397404857
Seymour,1500-1800,1,24.0,18.249031585185904,174,1.3151382794187603
Seymour,1500-1800,2,20.0,23.77901120082043,241,0.8410778661523972
Seymour,1500-1800,3,24.0,19.725484296372823,212,1.2167001650962348
Seymour,1500-1800,4,13.0,16.676192026058935,253,0.7795544678116947
Seymour,2000+,0,6.0,4.351715223845702,49,1.378766691147973
Seymour,2000+,1,12.0,10.201073362678589,98,1.1763467993380896
Seymour,2000+,2,10.0,12.12722977267096,135,0.824590626833448
Seymour,2000+,3,10.0,11.54575303613306,119,0.866119340046895
Seymour,2000+,4,11.0,10.77422860467169,136,1.0209547619242474
Seymour,sprint<=1100,0,16.0,9.8712314703872,92,1.6208717268963402
Seymour,sprint<=1100,1,29.0,21.356206405126102,184,1.3579190727918404
Seymour,sprint<=1100,2,14.0,21.01543288332656,239,0.6661770936494705
Seymour,sprint<=1100,3,19.0,21.313592508432766,215,0.8914499042093731
Seymour,sprint<=1100,4,14.0,18.443536732727374,249,0.7590735010795147
Springsure,1200-1400,0,0.0,0.08774912749447095,1,0.0
Springsure,1200-1400,1,1.0,0.3674494713830971,2,2.7214626169850047
Springsure,1200-1400,2,0.0,0.055840353860117875,1,0.0
Springsure,1200-1400,3,0.0,0.40949592830753107,2,0.0
Springsure,1200-1400,4,0.0,0.07946511895478313,2,0.0
Springsure,sprint<=1100,0,1.0,0.13649754816424567,1,7.32613891933585
Springsure,sprint<=1100,1,0.0,0.25068071454164076,2,0.0
Springsure,sprint<=1100,2,0.0,0.304844524233482,2,0.0
Springsure,sprint<=1100,3,0.0,0.1211272360180197,2,0.0
Springsure,sprint<=1100,4,0.0,0.18684997704261186,2,0.0
St Arnaud,1200-1400,0,4.0,2.134885348770235,14,1.873636915586185
St Arnaud,1200-1400,1,5.0,3.3138870059635024,28,1.5088021984461917
St Arnaud,1200-1400,2,3.0,3.183134238772868,28,0.9424673215027626
St Arnaud,1200-1400,3,1.0,2.113145601999128,28,0.4732281576120246
St Arnaud,1200-1400,4,1.0,3.254947804494266,40,0.3072245885538475
St Arnaud,1500-1800,0,1.0,0.5398470563004881,5,1.8523764987307496
St Arnaud,1500-1800,1,1.0,0.85480519659413,10,1.169857183817297
St Arnaud,1500-1800,2,2.0,0.6775686318839553,9,2.951730505054627
St Arnaud,1500-1800,3,1.0,1.8961321053331537,10,0.5273894140536681
St Arnaud,1500-1800,4,0.0,1.0316470098882728,14,0.0
St Arnaud,2000+,0,3.0,1.919429478718343,16,1.5629644294111729
St Arnaud,2000+,1,6.0,3.1583277972538513,32,1.899739477712531
St Arnaud,2000+,2,2.0,3.441963157255396,31,0.5810637443297881
St Arnaud,2000+,3,2.0,3.517520666687191,32,0.5685823025692709
St Arnaud,2000+,4,3.0,3.962758900085219,43,0.7570483281068362
St Arnaud,sprint<=1100,0,4.0,1.5458630031170275,13,2.5875514142809104
St Arnaud,sprint<=1100,1,4.0,3.351287879379376,26,1.1935709923973343
St Arnaud,sprint<=1100,2,2.0,3.3120211038520453,25,0.6038608865365925
St Arnaud,sprint<=1100,3,2.0,2.8166617155077995,26,0.7100604197474355
St Arnaud,sprint<=1100,4,1.0,1.974166298143752,35,0.506542939640024
Stawell,1200-1400,0,18.0,8.766508008004811,60,2.0532690991172275
Stawell,1200-1400,1,15.0,11.417415171480773,121,1.3137824783203174
Stawell,1200-1400,2,13.0,17.35690124782826,164,0.7489816191485558
Stawell,1200-1400,3,6.0,11.975029323479191,140,0.5010426144206532
Stawell,1200-1400,4,8.0,10.484146249206963,169,0.7630568870216907
Stawell,1500-1800,0,9.0,5.645735822015984,54,1.5941234736672947
Stawell,1500-1800,1,19.0,14.582582939511036,108,1.3029241855720988
Stawell,1500-1800,2,12.0,13.810580647899874,126,0.8688990206812772
Stawell,1500-1800,3,10.0,10.076614866310683,125,0.9923967654487986
Stawell,1500-1800,4,4.0,9.884485724262424,145,0.4046745689744499
Stawell,2000+,0,5.0,4.790340535581687,36,1.0437671315558894
Stawell,2000+,1,10.0,6.5026448525982685,72,1.5378357924628607
Stawell,2000+,2,12.0,11.908094961469025,98,1.0077178624144627
Stawell,2000+,3,6.0,7.114354168924647,85,0.8433653789978403
Stawell,2000+,4,3.0,5.684565481426372,105,0.5277448223267259
Stawell,sprint<=1100,0,12.0,5.634262513787965,42,2.129826214279869
Stawell,sprint<=1100,1,8.0,11.53767137023628,84,0.6933808169157593
Stawell,sprint<=1100,2,13.0,9.581210565889766,97,1.356822283635173
Stawell,sprint<=1100,3,7.0,8.382180011251696,93,0.8351049477109359
Stawell,sprint<=1100,4,2.0,6.864675538834292,115,0.2913466177222449
Stony Creek,1500-1800,0,14.0,7.547221923712341,57,1.8549871915139942
Stony Creek,1500-1800,1,14.0,15.398241671767027,114,0.9091947183599066
Stony Creek,1500-1800,2,13.0,14.014361329430825,132,0.9276198675354104
Stony Creek,1500-1800,3,10.0,12.103739199285522,130,0.8261909675474745
Stony Creek,1500-1800,4,6.0,7.9364358758042854,154,0.7560068642767122
Stony Creek,2000+,0,14.0,7.2555249525675976,55,1.929564034514919
Stony Creek,2000+,1,17.0,14.225084121065082,110,1.1950720189292736
Stony Creek,2000+,2,14.0,14.480408336949525,123,0.9668235642413707
Stony Creek,2000+,3,7.0,10.159698474397217,122,0.6889968258054346
Stony Creek,2000+,4,3.0,8.879284115020578,136,0.3378650757356746
Stony Creek,sprint<=1100,0,26.0,14.14863453607867,85,1.83763316054992
Stony Creek,sprint<=1100,1,19.0,23.189842957423057,170,0.8193242203012897
Stony Creek,sprint<=1100,2,23.0,20.55283825460238,171,1.1190668517448985
Stony Creek,sprint<=1100,3,8.0,15.117398275010649,180,0.5291915880276935
Stony Creek,sprint<=1100,4,9.0,11.99128597688524,216,0.750545022222693
Strathalbyn,1200-1400,0,46.0,32.54959342498159,287,1.4132280977953882
Strathalbyn,1200-1400,1,54.0,59.1940076736309,572,0.9122545021403464
Strathalbyn,1200-1400,2,75.0,74.62779454902534,825,1.004987490963975
Strathalbyn,1200-1400,3,76.0,62.8627659381693,707,1.2089827557818924
Strathalbyn,1200-1400,4,35.0,56.765838414192885,842,0.6165680095240014
Strathalbyn,1500-1800,0,17.0,10.705395527976139,120,1.5879842977846388
Strathalbyn,1500-1800,1,27.0,25.807008299868425,240,1.046227431179524
Strathalbyn,1500-1800,2,36.0,33.840872450691506,350,1.0638023606647402
Strathalbyn,1500-1800,3,25.0,24.52925316291685,295,1.0191912421449025
Strathalbyn,1500-1800,4,15.0,25.117470558547083,331,0.5971938919978442
Strathalbyn,2000+,0,11.0,9.148993215209689,95,1.2023180847607489
Strathalbyn,2000+,1,20.0,19.397364646546997,190,1.0310678983683632
Strathalbyn,2000+,2,21.0,23.092783458895383,259,0.9093750018216519
Strathalbyn,2000+,3,24.0,22.178309303864797,232,1.0821383934715778
Strathalbyn,2000+,4,19.0,21.18254937548313,258,0.896964745045786
Strathalbyn,sprint<=1100,0,11.0,8.461517616588372,61,1.3000032025502213
Strathalbyn,sprint<=1100,1,15.0,15.299806582338665,122,0.9804045508206132
Strathalbyn,sprint<=1100,2,11.0,12.36982716272912,115,0.8892606060934728
Strathalbyn,sprint<=1100,3,13.0,13.641960983655716,122,0.9529421771235937
Strathalbyn,sprint<=1100,4,11.0,11.226887654688127,147,0.9797906898450718
Sunshine Coast,1200-1400,0,155.0,102.80277784263727,910,1.5077413592584268
Sunshine Coast,1200-1400,1,197.0,193.72288862086208,1824,1.0169164903665648
Sunshine Coast,1200-1400,2,269.0,249.90565691961106,2498,1.0764062059088608
Sunshine Coast,1200-1400,3,182.0,191.34256508309014,2218,0.9511736184835133
Sunshine Coast,1200-1400,4,108.0,173.22611153379944,2607,0.623462589119697
Sunshine Coast,1500-1800,0,59.0,45.17704800833724,437,1.3059728911263035
Sunshine Coast,1500-1800,1,82.0,93.61853921374853,874,0.8758948888614759
Sunshine Coast,1500-1800,2,117.0,115.18391193121765,1105,1.015766855269396
Sunshine Coast,1500-1800,3,99.0,93.61896442155486,1022,1.0574780506459673
Sunshine Coast,1500-1800,4,79.0,88.4015364251417,1198,0.893649626405499
Sunshine Coast,2000+,0,8.0,9.652264516101216,76,0.8288210488486897
Sunshine Coast,2000+,1,23.0,16.766732436549866,152,1.3717640027380773
Sunshine Coast,2000+,2,20.0,18.138498084253698,188,1.1026271253055016
Sunshine Coast,2000+,3,14.0,15.527355747406121,179,0.9016345234660275
Sunshine Coast,2000+,4,11.0,15.915149215689096,199,0.6911653702345586
Sunshine Coast,sprint<=1100,0,145.0,95.80816095984619,607,1.5134410111553067
Sunshine Coast,sprint<=1100,1,177.0,149.88610384330374,1211,1.1808966639431904
Sunshine Coast,sprint<=1100,2,130.0,143.96850786171416,1392,0.9029752543165113
Sunshine Coast,sprint<=1100,3,75.0,111.93892710128766,1349,0.6700082084236562
Sunshine Coast,sprint<=1100,4,78.0,103.39830023384823,1597,0.7543644317517136
Sunshine Coast Poly,1200-1400,0,12.0,8.08260467938246,54,1.4846699147132907
Sunshine Coast Poly,1200-1400,1,13.0,12.541563627250808,108,1.036553366579673
Sunshine Coast Poly,1200-1400,2,12.0,11.918107273147577,109,1.0068712862684945
Sunshine Coast Poly,1200-1400,3,12.0,12.151546589520313,120,0.9875286171678748
Sunshine Coast Poly,1200-1400,4,5.0,9.306177830698843,127,0.5372775043591154
Sunshine Coast Poly,1500-1800,0,6.0,3.1856852954685193,22,1.8834252110635992
Sunshine Coast Poly,1500-1800,1,6.0,5.209476099458918,44,1.151747293863809
Sunshine Coast Poly,1500-1800,2,3.0,5.2354841530592156,41,0.5730129081275186
Sunshine Coast Poly,1500-1800,3,4.0,4.419377475250719,47,0.9051048529800169
Sunshine Coast Poly,1500-1800,4,3.0,3.949976976762628,53,0.7594980977480982
Sunshine Coast Poly,2000+,0,0.0,1.553492876896212,17,0.0
Sunshine Coast Poly,2000+,1,5.0,5.025325243757192,34,0.9949604766798621
Sunshine Coast Poly,2000+,2,3.0,3.0887383915457276,30,0.9712703439732494
Sunshine Coast Poly,2000+,3,5.0,4.076195930298064,34,1.2266338727329982
Sunshine Coast Poly,2000+,4,4.0,3.2562475575028054,39,1.228407831211572
Sunshine Coast Poly,sprint<=1100,0,17.0,12.794001983861929,86,1.3287476445168154
Sunshine Coast Poly,sprint<=1100,1,31.0,23.175934942397976,173,1.3375943657525853
Sunshine Coast Poly,sprint<=1100,2,17.0,17.161692870524476,158,0.9905782680214382
Sunshine Coast Poly,sprint<=1100,3,15.0,17.257863517223903,178,0.8691690014253223
Sunshine Coast Poly,sprint<=1100,4,6.0,15.610506685991716,208,0.38435651838157026
Surat,1200-1400,0,1.0,0.24270165307009528,2,4.120285079851465
Surat,1200-1400,1,0.0,0.42479044981816433,4,0.0
Surat,1200-1400,2,0.0,0.3895893877992944,4,0.0
Surat,1200-1400,3,1.0,0.3937886390189223,4,2.5394333429511358
Surat,1200-1400,4,0.0,0.5491298702935237,5,0.0
Swan Hill,1200-1400,0,33.0,20.39249601888139,192,1.6182423166563493
Swan Hill,1200-1400,1,45.0,41.09469171694732,384,1.0950319401335755
Swan Hill,1200-1400,2,55.0,54.09455334652959,567,1.0167382221953127
Swan Hill,1200-1400,3,34.0,40.02916125074845,487,0.8493807748560877
Swan Hill,1200-1400,4,25.0,36.38909766689326,576,0.6870189590533584
Swan Hill,1500-1800,0,16.0,12.20744485819049,134,1.3106755906634242
Swan Hill,1500-1800,1,33.0,26.914498979932954,268,1.2261049341696573
Swan Hill,1500-1800,2,42.0,39.251869078700324,421,1.070012740432555
Swan Hill,1500-1800,3,26.0,26.947556600976476,351,0.9648370123121983
Swan Hill,1500-1800,4,17.0,28.678630482199758,418,0.5927758653102893
Swan Hill,2000+,0,10.0,5.120045142873793,50,1.9531077795121103
Swan Hill,2000+,1,12.0,10.853790978985096,100,1.1056044863250243
Swan Hill,2000+,2,11.0,13.004877319961885,125,0.845836506517098
Swan Hill,2000+,3,11.0,10.448789852460274,116,1.0527534915835193
Swan Hill,2000+,4,6.0,10.57249670571895,133,0.5675102264874141
Swan Hill,sprint<=1100,0,18.0,15.970517975619758,115,1.1270767815720444
Swan Hill,sprint<=1100,1,36.0,26.125385050636844,230,1.3779701210230564
Swan Hill,sprint<=1100,2,22.0,27.17269957107658,279,0.8096361549375626
Swan Hill,sprint<=1100,3,21.0,24.665246963830345,269,0.8514003541417954
Swan Hill,sprint<=1100,4,18.0,21.066150438836473,310,0.8544513176368533
Swifts Creek,1200-1400,1,1.0,1.0,8,1.0
Tamworth,1200-1400,0,89.0,45.856048487406596,425,1.9408562869180057
Tamworth,1200-1400,1,109.0,90.59558224332699,848,1.2031491746169403
Tamworth,1200-1400,2,107.0,121.1327426212408,1152,0.883328468295057
Tamworth,1200-1400,3,73.0,92.25269759670275,1032,0.7913047737544873
Tamworth,1200-1400,4,46.0,74.16292905132288,1224,0.620255976785473
Tamworth,1500-1800,0,17.0,12.06645335799037,126,1.4088646842315642
Tamworth,1500-1800,1,22.0,26.857178956000098,252,0.819147835148376
Tamworth,1500-1800,2,36.0,37.052612092509804,333,0.9715914200628627
Tamworth,1500-1800,3,26.0,26.92540095412427,301,0.9656309313387393
Tamworth,1500-1800,4,25.0,23.098354639375454,355,1.0823281740329174
Tamworth,2000+,0,6.0,4.790565297275996,50,1.2524617926430752
Tamworth,2000+,1,9.0,11.306937912725749,101,0.7959714707436986
Tamworth,2000+,2,14.0,11.276328471385437,105,1.2415388604124198
Tamworth,2000+,3,13.0,12.493206141498089,108,1.040565556412178
Tamworth,2000+,4,8.0,10.13296217711473,130,0.7895026015263317
Tamworth,sprint<=1100,0,54.0,27.22726900006563,221,1.9833057806814864
Tamworth,sprint<=1100,1,67.0,58.22963556419747,443,1.1506168525841676
Tamworth,sprint<=1100,2,54.0,58.48433548287547,533,0.9233241611475861
Tamworth,sprint<=1100,3,26.0,42.993648130879045,512,0.60474049377834
Tamworth,sprint<=1100,4,20.0,34.065111821982384,596,0.5871109451956621
Taree,1200-1400,0,93.0,49.70597007485011,390,1.8710026151779204
Taree,1200-1400,1,107.0,90.50481126854751,781,1.1822575894060225
Taree,1200-1400,2,103.0,108.83024717189751,1038,0.9464280627545701
Taree,1200-1400,3,59.0,76.28846905821526,929,0.773380311970574
Taree,1200-1400,4,28.0,64.6705024264896,1116,0.43296400908323474
Taree,1500-1800,0,30.0,16.699696436864265,152,1.7964398402940767
Taree,1500-1800,1,46.0,38.05336857560215,304,1.2088285931535854
Taree,1500-1800,2,37.0,39.514226551253586,375,0.9363716116778243
Taree,1500-1800,3,23.0,31.03153513077779,352,0.7411815078780318
Taree,1500-1800,4,16.0,26.70117330550221,410,0.5992246039878308
Taree,2000+,0,7.0,4.92411261878513,52,1.421575934980754
Taree,2000+,1,10.0,12.220187574307342,104,0.8183180445629792
Taree,2000+,2,13.0,12.963539710515851,111,1.0028125257682956
Taree,2000+,3,13.0,13.260251132942505,113,0.9803735894340672
Taree,2000+,4,9.0,8.63190896344917,136,1.0426430628623946
Taree,sprint<=1100,0,71.0,33.81740997336291,231,2.0995102834878496
Taree,sprint<=1100,1,64.0,60.36705903146819,459,1.0601808507291706
Taree,sprint<=1100,2,49.0,60.03544185092882,573,0.8161845484817051
Taree,sprint<=1100,3,31.0,40.27637821553056,540,0.7696819171304337
Taree,sprint<=1100,4,15.0,35.5037109287095,626,0.422491046925196
Tatura,1200-1400,0,2.0,4.618247877587279,40,0.43306467149720523
Tatura,1200-1400,1,20.0,11.147782842483902,80,1.7940787224326378
Tatura,1200-1400,2,4.0,8.11861112567907,82,0.49269510980123776
Tatura,1200-1400,3,8.0,7.677663899907951,80,1.0419836169301333
Tatura,1200-1400,4,6.0,8.437694254341796,105,0.7110947397640738
Tatura,1500-1800,0,4.0,2.1749040831897344,24,1.8391615662119514
Tatura,1500-1800,1,8.0,6.583992657943074,48,1.2150681836421284
Tatura,1500-1800,2,6.0,5.102767486718617,54,1.175832529233731
Tatura,1500-1800,3,5.0,5.424467034824835,56,0.9217495410885943
Tatura,1500-1800,4,1.0,4.71386873732374,66,0.2121399758296498
Tatura,2000+,0,4.0,3.6761507177616455,28,1.0880946694251812
Tatura,2000+,1,6.0,6.44243378460941,56,0.9313250551885597
Tatura,2000+,2,9.0,5.789711612323087,62,1.5544815705231307
Tatura,2000+,3,5.0,5.9340346772098655,59,0.8425970308537123
Tatura,2000+,4,4.0,6.157669208095993,79,0.6495964406046482
Tatura,sprint<=1100,0,16.0,8.261297497838074,52,1.9367417774492557
Tatura,sprint<=1100,1,11.0,12.005401074197554,104,0.916254270225224
Tatura,sprint<=1100,2,11.0,12.353648017483787,117,0.8904252399317185
Tatura,sprint<=1100,3,7.0,9.959255373695811,119,0.7028637922558209
Tatura,sprint<=1100,4,7.0,9.420398036784775,141,0.7430683897502416
Tennant Creek,1500-1800,0,0.0,0.03870184653962058,1,0.0
Tennant Creek,1500-1800,1,0.0,0.2914366322756277,2,0.0
Tennant Creek,1500-1800,2,0.0,0.24114227459302057,2,0.0
Tennant Creek,1500-1800,3,1.0,0.3865658122203038,2,2.5868816340905494
Tennant Creek,1500-1800,4,0.0,0.04215343437142735,2,0.0
Terang,1200-1400,0,21.0,12.955979695362192,114,1.6208731793179099
Terang,1200-1400,1,25.0,24.79203727020686,228,1.0083882872362029
Terang,1200-1400,2,29.0,32.040366381126134,334,0.905108251729696
Terang,1200-1400,3,19.0,23.22011967439728,281,0.818255903347026
Terang,1200-1400,4,20.0,20.991496978907534,345,0.952766733125141
Terang,1500-1800,0,13.0,7.415345387788996,60,1.753121307256621
Terang,1500-1800,1,5.0,11.216780429219561,120,0.44576070928294786
Terang,1500-1800,2,17.0,15.386732281210097,156,1.1048479748204878
Terang,1500-1800,3,12.0,14.159897656398016,146,0.8474637522947006
Terang,1500-1800,4,13.0,11.82124424538333,165,1.0997150325421134
Terang,2000+,0,12.0,4.817350856022772,40,2.490995644420896
Terang,2000+,1,10.0,9.820350564684196,77,1.018293586785166
Terang,2000+,2,6.0,8.12903403372776,79,0.7380950768696142
Terang,2000+,3,8.0,8.826612219466897,84,0.9063500016865109
Terang,2000+,4,3.0,7.406652326098377,96,0.40504128827933233
Terang,sprint<=1100,0,11.0,5.448623695809545,31,2.0188584519903507
Terang,sprint<=1100,1,8.0,7.1967803120817795,62,1.1116081988177122
Terang,sprint<=1100,2,4.0,7.379378431747946,77,0.542051073406263
Terang,sprint<=1100,3,4.0,5.943017053679289,72,0.6730588123625898
Terang,sprint<=1100,4,4.0,5.03220050668144,88,0.7948808865404013
Texas,1200-1400,0,1.0,0.30649570601263404,3,3.262688450058674
Texas,1200-1400,1,0.0,0.87157204264806,6,0.0
Texas,1200-1400,2,1.0,0.5844419833187369,5,1.7110338212212768
Texas,1200-1400,3,1.0,0.8518970741770514,6,1.1738507271738416
Texas,1200-1400,4,0.0,0.3855931938435178,7,0.0
Texas,sprint<=1100,0,1.0,0.1450384650255154,2,6.89472271941156
Texas,sprint<=1100,1,1.0,0.48887339799388047,4,2.0455193596206223
Texas,sprint<=1100,2,0.0,0.28578823379772156,3,0.0
Texas,sprint<=1100,3,0.0,0.6799538428286609,4,0.0
Texas,sprint<=1100,4,0.0,0.4003460603542219,5,0.0
Thangool,1200-1400,0,11.0,6.464483908154085,40,1.7016052876432977
Thangool,1200-1400,1,16.0,10.857606591087071,80,1.4736212687181245
Thangool,1200-1400,2,5.0,8.341806178215979,77,0.5993905747962758
Thangool,1200-1400,3,6.0,7.672898554692005,83,0.7819730649678639
Thangool,1200-1400,4,2.0,6.66320476785086,98,0.30015586638575975
Thangool,1500-1800,0,0.0,0.2541509560109918,2,0.0
Thangool,1500-1800,1,1.0,0.8193812541431302,4,1.2204330950257731
Thangool,1500-1800,2,0.0,0.31167658659023123,4,0.0
Thangool,1500-1800,3,1.0,0.3735320159895418,5,2.677146689423265
Thangool,1500-1800,4,0.0,0.24125918726610496,5,0.0
Thangool,sprint<=1100,0,8.0,3.6661389677664156,21,2.182132229666672
Thangool,sprint<=1100,1,7.0,5.8563588094412715,43,1.1952819538165964
Thangool,sprint<=1100,2,4.0,4.73412337664295,36,0.8449293948981258
Thangool,sprint<=1100,3,3.0,4.4668353069676865,44,0.6716164339706877
Thangool,sprint<=1100,4,0.0,3.2765435391816764,48,0.0
Toodyay,1200-1400,0,1.0,0.7696093552644211,6,1.2993605043384922
Toodyay,1200-1400,1,3.0,1.8301235682377959,12,1.639233575298232
Toodyay,1200-1400,2,0.0,1.381035208282104,10,0.0
Toodyay,1200-1400,3,0.0,0.642659624974513,12,0.0
Toodyay,1200-1400,4,2.0,1.3765722432411662,15,1.4528841546964226
Toodyay,1500-1800,0,0.0,0.31550271946539,4,0.0
Toodyay,1500-1800,1,1.0,0.7038105344162527,8,1.4208369313900788
Toodyay,1500-1800,2,1.0,1.1727848469761228,6,0.8526713169754652
Toodyay,1500-1800,3,1.0,0.6941022275000066,8,1.440709970924262
Toodyay,1500-1800,4,1.0,1.1137996716422278,10,0.8978275227227915
Toodyay,sprint<=1100,0,2.0,1.123911502331321,6,1.7794995387549777
Toodyay,sprint<=1100,1,2.0,1.935750852761664,12,1.033190814379172
Toodyay,sprint<=1100,2,0.0,0.7755943948964016,9,0.0
Toodyay,sprint<=1100,3,0.0,1.3888944842886015,12,0.0
Toodyay,sprint<=1100,4,2.0,0.7758487657220119,13,2.577821978151608
Toowoomba,1200-1400,0,110.0,83.89013950537947,578,1.3112387301840909
Toowoomba,1200-1400,1,139.0,140.2361135468176,1160,0.9911854834282403
Toowoomba,1200-1400,2,122.0,133.8666629346777,1278,0.9113546070804184
Toowoomba,1200-1400,3,109.0,118.73800694390057,1251,0.9179874482102313
Toowoomba,1200-1400,4,98.0,101.26907706922468,1492,0.9677189013286847
Toowoomba,1500-1800,0,46.0,38.48034588038534,290,1.195415450344163
Toowoomba,1500-1800,1,57.0,68.91917740724872,578,0.8270557215618319
Toowoomba,1500-1800,2,64.0,58.04229802188705,534,1.102644143687529
Toowoomba,1500-1800,3,71.0,64.95102018765223,604,1.0931314057095862
Toowoomba,1500-1800,4,51.0,58.60715850282666,664,0.87020086458449
Toowoomba,2000+,0,22.0,16.37289626123916,130,1.3436840769633607
Toowoomba,2000+,1,36.0,31.001135942533764,260,1.1612477706214552
Toowoomba,2000+,2,35.0,25.012964035691898,261,1.3992743902744689
Toowoomba,2000+,3,25.0,28.24573706564868,280,0.8850893124826255
Toowoomba,2000+,4,12.0,29.3672666948865,322,0.40861821172106116
Toowoomba,sprint<=1100,0,112.0,71.3439070768661,422,1.5698607574061079
Toowoomba,sprint<=1100,1,123.0,114.06789371297117,845,1.0783051741930527
Toowoomba,sprint<=1100,2,82.0,88.43781585559913,912,0.9272051690409139
Toowoomba,sprint<=1100,3,66.0,78.31647329252594,905,0.8427345770982086
Toowoomba,sprint<=1100,4,39.0,69.83391006203766,1079,0.5584679415108499
Townsville,1200-1400,0,120.0,81.166199727213,610,1.4784479303367828
Townsville,1200-1400,1,170.0,141.06977787848922,1221,1.2050773918877926
Townsville,1200-1400,2,167.0,156.33450259026895,1660,1.0682222876781322
Townsville,1200-1400,3,92.0,119.74489299900655,1479,0.768299989217605
Townsville,1200-1400,4,61.0,111.68462680502228,1721,0.5461808106006666
Townsville,1500-1800,0,20.0,12.384568296498736,118,1.6149129724331397
Townsville,1500-1800,1,26.0,28.83060210205666,236,0.9018195287064527
Townsville,1500-1800,2,29.0,28.617282707485995,274,1.0133736419500756
Townsville,1500-1800,3,33.0,27.202037632710127,264,1.21314441386986
Townsville,1500-1800,4,10.0,20.965509261248478,316,0.47697386576168044
Townsville,2000+,0,3.0,2.4701877174043965,23,1.2144825993841128
Townsville,2000+,1,2.0,3.3686518925892632,46,0.5937093127371883
Townsville,2000+,2,9.0,7.7610378205720325,79,1.1596387246231263
Townsville,2000+,3,7.0,4.681721230709477,63,1.4951765931905363
Townsville,2000+,4,2.0,4.718401338724831,74,0.42387237888935253
Townsville,sprint<=1100,0,91.0,55.38782122679144,363,1.6429604556458475
Townsville,sprint<=1100,1,97.0,90.62952928288979,727,1.0702913362511848
Townsville,sprint<=1100,2,79.0,88.29070683025043,964,0.8947714072771789
Townsville,sprint<=1100,3,64.0,70.03740665463192,865,0.9137973985187151
Townsville,sprint<=1100,4,32.0,58.654536005436405,999,0.5455673538536572
Towong,1200-1400,0,8.0,2.9994232942522916,20,2.667179392561953
Towong,1200-1400,1,5.0,5.390819479126123,40,0.9275027701002748
Towong,1200-1400,2,5.0,3.9924595900797395,38,1.2523608285037489
Towong,1200-1400,3,1.0,4.344241199081887,40,0.23018979706084003
Towong,1200-1400,4,1.0,3.273056437459959,50,0.3055248264451088
Towong,1500-1800,0,0.0,0.20044204489479042,3,0.0
Towong,1500-1800,1,0.0,0.6536304713828719,6,0.0
Towong,1500-1800,2,1.0,0.8525819773755006,6,1.1729077397088497
Towong,1500-1800,3,1.0,0.43195797096220323,6,2.3150400437627323
Towong,1500-1800,4,1.0,0.861387535384634,9,1.1609176577572273
Towong,sprint<=1100,0,2.0,1.5168783157106684,8,1.318497323935299
Towong,sprint<=1100,1,2.0,2.3623682372574075,16,0.8466080640848359
Towong,sprint<=1100,2,1.0,1.4147891724913826,16,0.7068190932215316
Towong,sprint<=1100,3,2.0,1.4604759834638348,16,1.369416561891396
Towong,sprint<=1100,4,1.0,1.2454882910767069,21,0.8028979534890001
Traralgon,1200-1400,0,7.0,4.205414871784945,24,1.664520674753053
Traralgon,1200-1400,1,4.0,6.653294895675124,48,0.6012058780981046
Traralgon,1200-1400,2,7.0,4.435042573406308,42,1.5783388511248702
Traralgon,1200-1400,3,2.0,4.464693833037248,49,0.44795904821080135
Traralgon,1200-1400,4,4.0,4.241553826096375,60,0.9430506281424031
Traralgon,2000+,0,5.0,3.3473624300288685,21,1.4937133652291361
Traralgon,2000+,1,6.0,4.782298347804166,42,1.2546268684292674
Traralgon,2000+,2,6.0,5.660344468455536,52,1.0600061592430154
Traralgon,2000+,3,3.0,4.4729508719363595,49,0.6706981779796046
Traralgon,2000+,4,1.0,2.7370438817750693,53,0.36535767901224325
Traralgon,sprint<=1100,0,10.0,5.2968329251066315,29,1.8879206011200906
Traralgon,sprint<=1100,1,12.0,6.93251223757925,58,1.7309742253250253
Traralgon,sprint<=1100,2,4.0,8.32296160058295,64,0.4805981562764672
Traralgon,sprint<=1100,3,1.0,4.366132589644183,65,0.22903564641436938
Traralgon,sprint<=1100,4,2.0,4.081560647086986,78,0.4900086444697084
Tullibigeal,1500-1800,1,1.0,0.9999999999999999,3,1.0000000000000002
Tumut,1200-1400,0,4.0,4.069806439109138,22,0.9828477250322454
Tumut,1200-1400,1,3.0,5.303488340325187,45,0.5656654276373978
Tumut,1200-1400,2,5.0,5.408742171746173,37,0.9244293481243507
Tumut,1200-1400,3,9.0,5.01339225121064,44,1.7951916684409979
Tumut,1200-1400,4,2.0,3.2045707976088607,51,0.624108539431343
Tumut,1500-1800,0,3.0,0.5609702923158217,6,5.347876779027407
Tumut,1500-1800,1,2.0,1.9872475533865233,12,1.0064171404270923
Tumut,1500-1800,2,1.0,1.3505544436827175,11,0.7404366441334872
Tumut,1500-1800,3,0.0,0.9899349787211077,12,0.0
Tumut,1500-1800,4,0.0,1.1112927318938297,14,0.0
Tumut,sprint<=1100,0,2.0,1.2642986899643411,9,1.5819046684738785
Tumut,sprint<=1100,1,3.0,2.242511481770914,18,1.3377857925752497
Tumut,sprint<=1100,2,3.0,2.4082981340887275,15,1.2456929470383722
Tumut,sprint<=1100,3,0.0,1.7015961496312906,18,0.0
Tumut,sprint<=1100,4,1.0,1.3832955445447268,21,0.7229113141755417
Tuncurry,1200-1400,0,19.0,12.689472868494622,96,1.4973041194778967
Tuncurry,1200-1400,1,20.0,20.30155139876241,192,0.9851463864588795
Tuncurry,1200-1400,2,25.0,25.261760918419295,257,0.9896380573284408
Tuncurry,1200-1400,3,23.0,20.90106728677152,231,1.100422274347536
Tuncurry,1200-1400,4,9.0,16.84614752755215,270,0.5342467757260437
Tuncurry,1500-1800,0,9.0,4.600111923268647,35,1.9564741358738453
Tuncurry,1500-1800,1,12.0,9.50818851303117,70,1.2620700550429507
Tuncurry,1500-1800,2,5.0,8.622573720888665,97,0.5798732677561482
Tuncurry,1500-1800,3,5.0,6.466933531020663,83,0.7731639696025854
Tuncurry,1500-1800,4,4.0,5.802192311790854,100,0.6893945917427536
Tuncurry,2000+,0,2.0,1.5991044269196852,22,1.2507000583148593
Tuncurry,2000+,1,5.0,5.498269894166679,44,0.9093769669809566
Tuncurry,2000+,2,7.0,5.3314005014640875,52,1.3129758302865613
Tuncurry,2000+,3,5.0,5.468531564003539,52,0.9143222346767393
Tuncurry,2000+,4,3.0,4.10269361344601,58,0.7312269164258125
Tuncurry,sprint<=1100,0,14.0,8.101420463731607,54,1.7280920133296525
Tuncurry,sprint<=1100,1,17.0,13.851297484963744,108,1.2273218460909041
Tuncurry,sprint<=1100,2,12.0,12.512840502238088,131,0.9590148614020646
Tuncurry,sprint<=1100,3,8.0,8.858381650311257,127,0.9030994955742174
Tuncurry,sprint<=1100,4,3.0,10.676059898755302,144,0.28100254480117365
Wagga,1200-1400,0,87.0,57.67301106878038,505,1.5085045567717017
Wagga,1200-1400,1,113.0,111.4808621089457,1010,1.0136268940006017
Wagga,1200-1400,2,149.0,133.95830012765492,1438,1.1122864343456969
Wagga,1200-1400,3,86.0,107.49420531091994,1255,0.8000431255922181
Wagga,1200-1400,4,70.0,94.39362138369906,1475,0.7415755320527239
Wagga,1500-1800,0,21.0,20.347358661335324,189,1.0320749906426354
Wagga,1500-1800,1,46.0,40.770634092440545,378,1.1282630506972924
Wagga,1500-1800,2,48.0,49.36582555072624,508,0.9723325694346431
Wagga,1500-1800,3,38.0,38.89642232901801,450,0.97695360459028
Wagga,1500-1800,4,36.0,39.619759366479876,533,0.9086375226816154
Wagga,2000+,0,6.0,6.254584630768928,58,0.9592963168942475
Wagga,2000+,1,9.0,11.470332728251066,116,0.7846328622911946
Wagga,2000+,2,21.0,14.76856960855434,144,1.4219386546301853
Wagga,2000+,3,12.0,13.073792058227644,140,0.9178668244496148
Wagga,2000+,4,10.0,12.432720974198022,160,0.8043291585770551
Wagga,sprint<=1100,0,41.0,30.8661756340455,199,1.3283148675787633
Wagga,sprint<=1100,1,61.0,49.952856337049866,399,1.22115139099176
Wagga,sprint<=1100,2,48.0,45.13093818964937,475,1.0635719514248574
Wagga,sprint<=1100,3,25.0,37.737561032020324,450,0.6624699454950864
Wagga,sprint<=1100,4,24.0,35.31246880723494,533,0.6796466180547194
Wagga Riverside,1200-1400,0,16.0,8.926651500785152,55,1.7923854200640301
Wagga Riverside,1200-1400,1,14.0,13.048814448649281,111,1.072894403939446
Wagga Riverside,1200-1400,2,6.0,10.448262511325947,125,0.5742581595261397
Wagga Riverside,1200-1400,3,15.0,11.79191345880474,125,1.272058182279133
Wagga Riverside,1200-1400,4,4.0,10.78435808043488,143,0.37090756539852393
Wagga Riverside,1500-1800,0,5.0,5.703621815462452,43,0.8766359625115849
Wagga Riverside,1500-1800,1,8.0,8.718546184346236,84,0.9175841741096292
Wagga Riverside,1500-1800,2,10.0,9.545243032606468,91,1.0476422617884202
Wagga Riverside,1500-1800,3,10.0,8.411458688498591,94,1.1888544389659192
Wagga Riverside,1500-1800,4,9.0,9.621130279086254,105,0.9354410281257262
Wagga Riverside,sprint<=1100,0,10.0,4.329115167774554,30,2.3099408568381072
Wagga Riverside,sprint<=1100,1,5.0,8.030351945607034,60,0.6226377167360923
Wagga Riverside,sprint<=1100,2,7.0,6.306199894734493,65,1.110018730272856
Wagga Riverside,sprint<=1100,3,5.0,5.023428282366526,65,0.9953361965077187
Wagga Riverside,sprint<=1100,4,3.0,6.310904709517393,77,0.47536765932715463
Walcha,1200-1400,0,7.0,2.667905470480973,22,2.6237811187283304
Walcha,1200-1400,1,1.0,4.737903941310241,44,0.21106379791301882
Walcha,1200-1400,2,8.0,5.622970700683034,54,1.4227354944297013
Walcha,1200-1400,3,6.0,5.279643143806081,52,1.136440444282493
Walcha,1200-1400,4,0.0,3.6915767437196725,60,0.0
Walcha,1500-1800,0,1.0,0.5959210924622159,6,1.6780745180007275
Walcha,1500-1800,1,2.0,1.2614367919239968,12,1.5854936313927512
Walcha,1500-1800,2,2.0,1.3321413451894348,16,1.5013421865647398
Walcha,1500-1800,3,1.0,1.698454589208166,15,0.5887705248959341
Walcha,1500-1800,4,0.0,1.1120461812161866,17,0.0
Walcha,sprint<=1100,0,4.0,2.8744596048995446,16,1.3915659114436538
Walcha,sprint<=1100,1,7.0,3.9907764094742073,32,1.7540446473978892
Walcha,sprint<=1100,2,3.0,3.66755111358301,38,0.8179845098516305
Walcha,sprint<=1100,3,1.0,2.810772299368482,37,0.3557741052964972
Walcha,sprint<=1100,4,1.0,2.6564405726747564,43,0.3764435802880036
Wangaratta,1200-1400,0,31.0,23.323566189018305,247,1.3291277906976369
Wangaratta,1200-1400,1,59.0,54.50159454733083,494,1.082537134739473
Wangaratta,1200-1400,2,84.0,67.38141438122607,731,1.2466345619394454
Wangaratta,1200-1400,3,47.0,53.75539070882856,627,0.8743309160299884
Wangaratta,1200-1400,4,26.0,48.038034173596245,736,0.5412378014063429
Wangaratta,1500-1800,0,6.0,9.325242096284521,92,0.6434149310065199
Wangaratta,1500-1800,1,25.0,18.81007493533168,184,1.3290749816759926
Wangaratta,1500-1800,2,27.0,24.77676948895267,266,1.0897304433509223
Wangaratta,1500-1800,3,21.0,20.83372512835469,236,1.0079810437461811
Wangaratta,1500-1800,4,13.0,18.254188351076436,276,0.7121653261145078
Wangaratta,2000+,0,7.0,6.532111778718377,63,1.0716289367254863
Wangaratta,2000+,1,14.0,12.22651171809975,126,1.145052679193431
Wangaratta,2000+,2,19.0,18.274298329393222,153,1.039711602466264
Wangaratta,2000+,3,14.0,13.61044654598729,146,1.0286216512218374
Wangaratta,2000+,4,9.0,12.35663162780136,172,0.7283538322653217
Wangaratta,sprint<=1100,0,20.0,11.842305978210158,105,1.6888602639384591
Wangaratta,sprint<=1100,1,24.0,23.06726202394831,210,1.0404355738051325
Wangaratta,sprint<=1100,2,33.0,27.925166371465885,302,1.1817297544812342
Wangaratta,sprint<=1100,3,18.0,22.813783022139628,267,0.7889967210844385
Wangaratta,sprint<=1100,4,10.0,19.35148260423602,308,0.5167562715743036
Warra,1200-1400,1,1.0,0.9999999999999999,4,1.0000000000000002
Warra,sprint<=1100,1,1.0,1.0,5,1.0
Warracknabeal,1200-1400,0,20.0,10.348214824621406,90,1.9327005033191034
Warracknabeal,1200-1400,1,28.0,21.078931672361083,180,1.3283405646555557
Warracknabeal,1200-1400,2,20.0,23.02830502323312,219,0.8684963995318856
Warracknabeal,1200-1400,3,15.0,17.554748574076864,200,0.8544696574094222
Warracknabeal,1200-1400,4,7.0,17.989799905707525,249,0.38910938624609986
Warracknabeal,1500-1800,0,15.0,8.40989475683037,69,1.783613283366865
Warracknabeal,1500-1800,1,17.0,13.803168208541628,138,1.2316013065377354
Warracknabeal,1500-1800,2,18.0,18.04044143777702,185,0.9977582900110008
Warracknabeal,1500-1800,3,10.0,16.26955592585538,169,0.6146449261167678
Warracknabeal,1500-1800,4,9.0,12.476939670995604,197,0.7213307299162279
Warracknabeal,2000+,0,7.0,3.5007460570493554,34,1.9995737725403686
Warracknabeal,2000+,1,7.0,7.681567450329604,68,0.9112723471170772
Warracknabeal,2000+,2,8.0,7.562799402427165,87,1.057809360569913
Warracknabeal,2000+,3,7.0,8.350191482219799,85,0.8383041293011323
Warracknabeal,2000+,4,5.0,6.904695607974077,95,0.7241448839867196
Warracknabeal,sprint<=1100,0,19.0,7.7208983409881045,56,2.460853538134841
Warracknabeal,sprint<=1100,1,18.0,14.23227472487155,112,1.264731067096687
Warracknabeal,sprint<=1100,2,10.0,13.85565021122637,130,0.7217272266225098
Warracknabeal,sprint<=1100,3,4.0,10.85482667098196,127,0.36849966574714066
Warracknabeal,sprint<=1100,4,5.0,9.336350051932014,151,0.5355411881718517
Warren,1200-1400,0,18.0,9.630395424595344,79,1.8690821307325847
Warren,1200-1400,1,18.0,19.297701848336985,158,0.9327535548773743
Warren,1200-1400,2,20.0,19.750412977453248,215,1.0126370533533489
Warren,1200-1400,3,14.0,14.976961476608103,193,0.9347690465696945
Warren,1200-1400,4,9.0,15.344528273006324,224,0.5865282946385882
Warren,1500-1800,0,5.0,2.692504814165704,23,1.8570068932446062
Warren,1500-1800,1,4.0,5.33445105875203,46,0.7498428527968876
Warren,1500-1800,2,5.0,5.806287703584099,55,0.8611354199540622
Warren,1500-1800,3,6.0,3.851098798178851,54,1.5579969028157223
Warren,1500-1800,4,3.0,5.315657625319315,62,0.5643704338124651
Warren,2000+,0,0.0,0.11723464599851553,1,0.0
Warren,2000+,1,0.0,0.18896373861602833,2,0.0
Warren,2000+,2,0.0,0.4122341806264818,3,0.0
Warren,2000+,3,1.0,0.22695425058686983,2,4.406174360753981
Warren,2000+,4,0.0,0.054613184172104506,3,0.0
Warren,sprint<=1100,0,12.0,7.716375736776918,49,1.5551342248417164
Warren,sprint<=1100,1,15.0,12.049240366259616,98,1.2448917561644073
Warren,sprint<=1100,2,9.0,12.197691911404968,128,0.7378445090570707
Warren,sprint<=1100,3,6.0,8.964127854758523,119,0.6693344960285185
Warren,sprint<=1100,4,7.0,8.072564130799975,136,0.867134641060611
Warrnambool,1200-1400,0,48.0,34.1581517002295,287,1.4052282577010013
Warrnambool,1200-1400,1,77.0,65.78382635214865,574,1.1705004751138957
Warrnambool,1200-1400,2,67.0,74.15342939816672,763,0.9035320489392824
Warrnambool,1200-1400,3,43.0,56.1832844111432,671,0.7653521941745279
Warrnambool,1200-1400,4,52.0,56.72130813831192,815,0.916763059716478
Warrnambool,1500-1800,0,27.0,16.217934250531073,142,1.664823619513432
Warrnambool,1500-1800,1,34.0,33.95725130501757,284,1.0012588973883205
Warrnambool,1500-1800,2,42.0,36.59835519991797,387,1.1475925562931895
Warrnambool,1500-1800,3,21.0,28.173669379432297,338,0.7453768168135986
Warrnambool,1500-1800,4,18.0,27.052789865101087,406,0.6653657567207345
Warrnambool,2000+,0,41.0,31.039709708831605,230,1.3208886418269057
Warrnambool,2000+,1,65.0,54.93210855386447,461,1.1832788092644089
Warrnambool,2000+,2,65.0,56.72928437772752,563,1.1457927014767642
Warrnambool,2000+,3,33.0,45.21906379276288,534,0.7297806993801917
Warrnambool,2000+,4,26.0,42.079833566813534,599,0.6178731662214801
Warrnambool,sprint<=1100,0,26.0,15.610543175355962,112,1.6655410198054899
Warrnambool,sprint<=1100,1,23.0,27.619940333522756,224,0.8327317047852033
Warrnambool,sprint<=1100,2,22.0,24.726409623157615,256,0.8897369385725866
Warrnambool,sprint<=1100,3,25.0,24.103543725028057,255,1.0371918870187167
Warrnambool,sprint<=1100,4,16.0,19.93956314293561,294,0.8024248016521185
Warwick,1200-1400,0,36.0,23.19878263371086,194,1.5518055653354543
Warwick,1200-1400,1,49.0,45.759638127935766,389,1.0708126638371738
Warwick,1200-1400,2,46.0,49.84467277290773,524,0.9228669272155913
Warwick,1200-1400,3,36.0,44.401257418938634,466,0.810787849099174
Warwick,1200-1400,4,27.0,30.79564904650701,551,0.8767472300786747
Warwick,1500-1800,0,9.0,6.38332334268358,61,1.4099238777110665
Warwick,1500-1800,1,14.0,14.226944719836883,122,0.9840482461761133
Warwick,1500-1800,2,19.0,17.275553042983915,184,1.0998200724877187
Warwick,1500-1800,3,15.0,12.727158697173154,155,1.1785819880859716
Warwick,1500-1800,4,4.0,10.387020197322467,186,0.3850960067480284
Warwick,2000+,0,2.0,1.2750147702956656,17,1.5686092793546353
Warwick,2000+,1,3.0,4.01049630770685,34,0.7480370931236092
Warwick,2000+,2,6.0,4.539989749450576,44,1.3215888870070935
Warwick,2000+,3,6.0,3.4662992029448656,40,1.7309527102861106
Warwick,2000+,4,0.0,3.7081999696020427,48,0.0
Warwick,sprint<=1100,0,15.0,9.496648946131055,71,1.5795045268163794
Warwick,sprint<=1100,1,19.0,16.891158651972873,139,1.1248488272165282
Warwick,sprint<=1100,2,15.0,17.921640383711726,172,0.8369769551694002
Warwick,sprint<=1100,3,15.0,13.595363467738881,163,1.1033173210553915
Warwick,sprint<=1100,4,6.0,12.095188550445467,187,0.49606502411895176
Warwick Farm,1200-1400,0,70.0,44.532369383322724,326,1.571890311909046
Warwick Farm,1200-1400,1,83.0,79.74239022497515,653,1.040851669555355
Warwick Farm,1200-1400,2,72.0,76.8840600453736,718,0.9364749982962497
Warwick Farm,1200-1400,3,52.0,67.24218502193514,702,0.7733240670724342
Warwick Farm,1200-1400,4,49.0,57.59899532439337,831,0.850709282758068
Warwick Farm,1500-1800,0,22.0,14.945411495459718,108,1.4720237048463607
Warwick Farm,1500-1800,1,25.0,24.807017397346268,216,1.00777935531558
Warwick Farm,1500-1800,2,26.0,27.729566020039005,223,0.937627367886352
Warwick Farm,1500-1800,3,20.0,22.70359617804011,232,0.8809177120294649
Warwick Farm,1500-1800,4,15.0,17.8144089091149,272,0.8420150270787328
Warwick Farm,2000+,0,8.0,9.990594082263842,82,0.80075318185555
Warwick Farm,2000+,1,21.0,19.784659162515414,166,1.0614284445085214
Warwick Farm,2000+,2,23.0,16.709061281645027,164,1.376498632228107
Warwick Farm,2000+,3,16.0,16.45395430056581,173,0.9724106259034522
Warwick Farm,2000+,4,14.0,19.061731173009903,205,0.734455851513793
Warwick Farm,sprint<=1100,0,43.0,27.701520857932113,180,1.5522613440802218
Warwick Farm,sprint<=1100,1,56.0,46.34737762736311,360,1.208266850613314
Warwick Farm,sprint<=1100,2,33.0,38.63281870531288,380,0.8541960205316771
Warwick Farm,sprint<=1100,3,35.0,36.646614584486215,396,0.9550677571951411
Warwick Farm,sprint<=1100,4,13.0,30.67166822490568,448,0.4238439169553836
Wellington,1200-1400,0,14.0,6.71271909652404,57,2.0855930061559462
Wellington,1200-1400,1,9.0,13.722667448275816,114,0.6558491659091253
Wellington,1200-1400,2,17.0,14.489173083757851,136,1.1732898697343017
Wellington,1200-1400,3,12.0,11.586887090913297,126,1.0356534853447115
Wellington,1200-1400,4,5.0,10.488553280528995,154,0.47671016833961516
Wellington,1500-1800,0,12.0,5.460533033358536,35,2.197587657961538
Wellington,1500-1800,1,9.0,8.538791225306431,70,1.0540133565189747
Wellington,1500-1800,2,7.0,7.1348333877128045,77,0.9811020972199566
Wellington,1500-1800,3,6.0,8.308606777443757,78,0.7221427323157027
Wellington,1500-1800,4,1.0,5.557235576178471,89,0.1799455837874822
Wellington,2000+,0,0.0,0.6929396487163791,6,0.0
Wellington,2000+,1,1.0,1.0579064881259548,12,0.9452631316889509
Wellington,2000+,2,3.0,1.5481832471760755,13,1.9377551110129076
Wellington,2000+,3,2.0,1.1348195945546238,13,1.762394665722113
Wellington,2000+,4,0.0,1.5661510214269667,15,0.0
Wellington,sprint<=1100,0,36.0,17.91087426684892,105,2.0099521365426636
Wellington,sprint<=1100,1,34.0,28.989547039207892,212,1.1728365384259214
Wellington,sprint<=1100,2,19.0,25.19387710440623,262,0.7541514917002209
Wellington,sprint<=1100,3,10.0,17.766151601312846,243,0.5628681002171028
Wellington,sprint<=1100,4,6.0,15.139549988224111,289,0.39631296865936816
Werribee,1200-1400,0,22.0,12.181346041971837,96,1.806040147303687
Werribee,1200-1400,1,29.0,23.370749558053785,192,1.2408673469356621
Werribee,1200-1400,2,29.0,25.736322725859335,235,1.126812105556222
Werribee,1200-1400,3,10.0,17.71731040459084,222,0.56441975512315
Werribee,1200-1400,4,6.0,16.9942712695242,258,0.3530601521443164
Werribee,1500-1800,0,10.0,9.444139862097398,82,1.058857677461286
Werribee,1500-1800,1,24.0,19.4509846817806,164,1.2338706956301488
Werribee,1500-1800,2,28.0,21.45395760524892,206,1.3051205057452675
Werribee,1500-1800,3,13.0,17.336372588344325,189,0.7498685168280372
Werribee,1500-1800,4,7.0,14.314545262528759,224,0.48901308924733555
Werribee,2000+,0,8.0,6.580592547386133,63,1.2156959943033805
Werribee,2000+,1,12.0,13.581450065705127,126,0.8835580841475471
Werribee,2000+,2,20.0,16.45822244272531,167,1.215198061005682
Werribee,2000+,3,13.0,13.070731781369753,152,0.9945885370036764
Werribee,2000+,4,10.0,13.309003162813676,179,0.7513710739765039
Werribee,sprint<=1100,0,22.0,15.011152830421723,112,1.4655769778997
Werribee,sprint<=1100,1,28.0,25.34926760221608,224,1.1045684017139883
Werribee,sprint<=1100,2,30.0,27.680338856640784,255,1.0838017610757213
Werribee,sprint<=1100,3,18.0,24.093928731866914,251,0.7470761701138838
Werribee,sprint<=1100,4,14.0,19.8653119788545,292,0.7047460424936798
Wodonga,1200-1400,0,29.0,19.190374460177566,157,1.5111742639612706
Wodonga,1200-1400,1,45.0,36.91198835548202,314,1.2191161193113234
Wodonga,1200-1400,2,32.0,41.70336541344013,378,0.767324163955532
Wodonga,1200-1400,3,30.0,31.436474427334943,358,0.9543054857930924
Wodonga,1200-1400,4,21.0,27.757797343565333,433,0.756544178923048
Wodonga,1500-1800,0,9.0,7.543172459743763,71,1.1931319412397108
Wodonga,1500-1800,1,18.0,17.39920682425354,144,1.034529917473536
Wodonga,1500-1800,2,21.0,18.509935053566124,175,1.1345258608000433
Wodonga,1500-1800,3,16.0,15.130108001024876,163,1.0574941037378054
Wodonga,1500-1800,4,7.0,12.417577661411698,195,0.5637170300736578
Wodonga,2000+,0,8.0,5.2737315868168935,50,1.5169524402793169
Wodonga,2000+,1,11.0,12.224688045674458,100,0.8998184623526816
Wodonga,2000+,2,13.0,11.137324319246057,117,1.167246245809248
Wodonga,2000+,3,9.0,10.468050574477274,111,0.8597589337162156
Wodonga,2000+,4,9.0,10.896205473785317,133,0.8259756134052987
Wodonga,sprint<=1100,0,22.0,12.508999103881246,97,1.758733837719592
Wodonga,sprint<=1100,1,31.0,21.816353210989472,194,1.420952425008616
Wodonga,sprint<=1100,2,20.0,24.896529685626277,246,0.8033248108288268
Wodonga,sprint<=1100,3,15.0,19.343633086172034,219,0.7754489517650581
Wodonga,sprint<=1100,4,9.0,18.43448491333097,271,0.4882154311505398
Wycheproof,1200-1400,0,3.0,1.0756847028548593,7,2.7889213187080024
Wycheproof,1200-1400,1,2.0,2.0678296529704947,14,0.9671976592109242
Wycheproof,1200-1400,2,1.0,1.3647450585323342,7,0.7327375862239164
Wycheproof,1200-1400,3,1.0,1.3012300512391874,14,0.7685036162880499
Wycheproof,1200-1400,4,0.0,1.1905105344031244,14,0.0
Wycheproof,1500-1800,0,0.0,0.6232181349190049,5,0.0
Wycheproof,1500-1800,1,3.0,1.518123588780039,10,1.9761236978148753
Wycheproof,1500-1800,2,0.0,0.7945104386026418,5,0.0
Wycheproof,1500-1800,3,0.0,0.9919870621606071,10,0.0
Wycheproof,1500-1800,4,2.0,1.072160775537707,10,1.8653918755766512
Wycheproof,sprint<=1100,0,5.0,1.9384433676071524,9,2.579389258181984
Wycheproof,sprint<=1100,1,1.0,2.5986157032156227,18,0.3848202713323725
Wycheproof,sprint<=1100,2,1.0,1.0370863153001386,9,0.9642398952208663
Wycheproof,sprint<=1100,3,1.0,1.9053834367669669,18,0.524828746121982
Wycheproof,sprint<=1100,4,1.0,1.5204711771101191,18,0.6576908625789594
Wyong,1200-1400,0,64.0,43.17741324979947,312,1.4822564665866647
Wyong,1200-1400,1,101.0,86.96146316909416,625,1.1614339998351717
Wyong,1200-1400,2,59.0,70.86322012839628,635,0.8325898808027431
Wyong,1200-1400,3,52.0,59.661325254671404,662,0.8715864050627751
Wyong,1200-1400,4,35.0,50.33657819803869,766,0.6953194128989034
Wyong,1500-1800,0,25.0,18.53008448288915,136,1.3491573674737007
Wyong,1500-1800,1,36.0,32.55654990186575,272,1.1057682742340247
Wyong,1500-1800,2,34.0,32.19733090509313,274,1.0559881531863784
Wyong,1500-1800,3,26.0,28.87698622350777,292,0.9003709666500546
Wyong,1500-1800,4,15.0,23.839048486644195,338,0.6292197445885366
Wyong,2000+,0,10.0,7.131524302083865,55,1.4022247666011531
Wyong,2000+,1,12.0,14.940000655551087,111,0.8032128161615104
Wyong,2000+,2,13.0,12.038448764223634,94,1.079873350346761
Wyong,2000+,3,10.0,11.436210999035225,113,0.8744154861119311
Wyong,2000+,4,10.0,9.453815279106186,130,1.0577739996783027
Wyong,sprint<=1100,0,60.0,35.65042428507726,204,1.6830094228391868
Wyong,sprint<=1100,1,60.0,52.13569908053529,405,1.1508429168143797
Wyong,sprint<=1100,2,41.0,44.45869025195511,405,0.9222044052050541
Wyong,sprint<=1100,3,26.0,38.78416415069877,430,0.6703767006290262
Wyong,sprint<=1100,4,16.0,31.971022231733574,497,0.5004531880159537
Yarra Glen,1200-1400,0,30.0,13.162407577779053,101,2.279218283032535
Yarra Glen,1200-1400,1,32.0,27.11804873313596,202,1.1800259050681146
Yarra Glen,1200-1400,2,17.0,22.853717885597337,222,0.7438614620649354
Yarra Glen,1200-1400,3,14.0,20.314733240236844,215,0.6891550006805198
Yarra Glen,1200-1400,4,8.0,17.55109256325081,268,0.45581207957108755
Yarra Glen,1500-1800,0,17.0,8.830701921718543,77,1.9251017813419333
Yarra Glen,1500-1800,1,21.0,19.983594543731506,154,1.050861993523949
Yarra Glen,1500-1800,2,23.0,19.796367121233967,173,1.1618293325814186
Yarra Glen,1500-1800,3,9.0,14.49728022095136,174,0.6208061003741424
Yarra Glen,1500-1800,4,7.0,13.892056192364626,202,0.5038850910959711
Yarra Glen,2000+,0,14.0,9.982934483243573,80,1.4023932565618957
Yarra Glen,2000+,1,19.0,17.3937670061389,160,1.0923453207861298
Yarra Glen,2000+,2,15.0,20.570076554227278,169,0.7292145928799378
Yarra Glen,2000+,3,20.0,17.006005668589346,175,1.176055117807038
Yarra Glen,2000+,4,12.0,15.047216287800904,212,0.797489699787771
Yarra Glen,sprint<=1100,0,26.0,14.407892571715946,90,1.8045664812243571
Yarra Glen,sprint<=1100,1,26.0,21.632028360521403,180,1.2019215011501267
Yarra Glen,sprint<=1100,2,18.0,20.486858172125118,183,0.8786120277091197
Yarra Glen,sprint<=1100,3,11.0,17.51518885398089,187,0.6280263428332887
Yarra Glen,sprint<=1100,4,9.0,15.95803204165664,231,0.5639793162782551
Yeppoon,1200-1400,0,6.0,3.7503610184014238,21,1.599845980309777
Yeppoon,1200-1400,1,6.0,4.700076926195096,42,1.2765748506285077
Yeppoon,1200-1400,2,2.0,4.394693086167657,42,0.4550943514792924
Yeppoon,1200-1400,3,3.0,4.395147626514417,44,0.6825709293362593
Yeppoon,1200-1400,4,4.0,3.7597213427214062,48,1.063908634543823
Yeppoon,1500-1800,0,1.0,0.31436043767529526,3,3.1810618645114177
Yeppoon,1500-1800,1,1.0,0.9412927166229001,6,1.062368785331438
Yeppoon,1500-1800,2,0.0,0.5291930422578226,7,0.0
Yeppoon,1500-1800,3,1.0,0.6076618408901502,6,1.645652125424105
Yeppoon,1500-1800,4,0.0,0.6074919625538319,8,0.0
Yeppoon,sprint<=1100,0,5.0,2.702795043888164,15,1.849936794618042
Yeppoon,sprint<=1100,1,5.0,3.6054802826853454,30,1.3867777960155763
Yeppoon,sprint<=1100,2,2.0,3.388965210790854,33,0.59015064351554
Yeppoon,sprint<=1100,3,2.0,2.841124551009451,30,0.7039466113125524
Yeppoon,sprint<=1100,4,1.0,2.4616349116261858,38,0.40623408259163335
York,1200-1400,0,34.0,14.921591462393536,90,2.2785773277394195
York,1200-1400,1,16.0,21.011964883781875,180,0.7614709090033569
York,1200-1400,2,13.0,20.725276900464834,195,0.6272533806150706
York,1200-1400,3,12.0,18.63762254408206,188,0.6438589456148375
York,1200-1400,4,15.0,14.703544209277695,234,1.0201621994331984
York,1500-1800,0,13.0,5.683785243977776,47,2.287208161809787
York,1500-1800,1,9.0,11.02984972406489,94,0.8159675993013603
York,1500-1800,2,11.0,11.490263203342472,107,0.9573322912916514
York,1500-1800,3,10.0,9.945920163053218,109,1.005437389005763
York,1500-1800,4,4.0,8.850181665561644,125,0.45196812349796606
York,2000+,0,5.0,3.91213517337997,37,1.2780744474327932
York,2000+,1,10.0,8.743280092953457,74,1.143735519585994
York,2000+,2,4.0,8.700961667918945,87,0.4597192991607216
York,2000+,3,8.0,7.8692473376646,74,1.0166156503570014
York,2000+,4,10.0,7.7743757280830295,97,1.2862769114537966
York,sprint<=1100,0,12.0,5.191406627901761,34,2.311512247086317
York,sprint<=1100,1,7.0,7.757981639425108,68,0.9022965412069115
York,sprint<=1100,2,5.0,7.215597152712628,69,0.6929433412341074
York,sprint<=1100,3,5.0,5.708310731415574,68,0.8759158769130418
York,sprint<=1100,4,5.0,8.12670384854493,84,0.6152555935571886
