track,dist,bg,gb,rl,n,mean
Balaklava,1000,1-3,dry,1-3m,12,1.333
Balaklava,1000,1-3,dry,true,18,2.0
Balaklava,1000,1-3,heavy,true,3,4.333
Balaklava,1000,1-3,soft,1-3m,6,0.167
Balaklava,1000,1-3,soft,7-9m,9,7.222
Balaklava,1000,1-3,soft,true,20,3.65
Balaklava,1000,10-12,dry,1-3m,2,6.5
Balaklava,1000,10-12,dry,true,8,3.5
Balaklava,1000,10-12,heavy,true,1,6.0
Balaklava,1000,10-12,soft,1-3m,6,3.667
Balaklava,1000,10-12,soft,7-9m,4,5.25
Balaklava,1000,10-12,soft,true,14,4.571
Balaklava,1000,13+,dry,true,2,4.5
Balaklava,1000,4-6,dry,1-3m,12,2.667
Balaklava,1000,4-6,dry,true,18,2.556
Balaklava,1000,4-6,heavy,true,3,5.333
Balaklava,1000,4-6,soft,1-3m,6,2.667
Balaklava,1000,4-6,soft,7-9m,9,6.222
Balaklava,1000,4-6,soft,true,21,3.952
Balaklava,1000,7-9,dry,1-3m,12,3.083
Balaklava,1000,7-9,dry,true,18,3.056
Balaklava,1000,7-9,heavy,true,3,3.667
Balaklava,1000,7-9,soft,1-3m,6,3.0
Balaklava,1000,7-9,soft,7-9m,9,6.444
Balaklava,1000,7-9,soft,true,20,4.3
Balaklava,1200,1-3,dry,1-3m,6,5.5
Balaklava,1200,1-3,dry,true,21,5.143
Balaklava,1200,1-3,heavy,true,6,5.833
Balaklava,1200,1-3,soft,1-3m,3,5.667
Balaklava,1200,1-3,soft,true,24,12.417
Balaklava,1200,10-12,dry,1-3m,4,8.5
Balaklava,1200,10-12,dry,true,7,6.714
Balaklava,1200,10-12,heavy,true,1,7.0
Balaklava,1200,10-12,soft,1-3m,2,4.0
Balaklava,1200,10-12,soft,true,12,13.5
Balaklava,1200,13+,soft,true,7,15.571
Balaklava,1200,4-6,dry,1-3m,6,4.667
Balaklava,1200,4-6,dry,true,21,5.762
Balaklava,1200,4-6,heavy,true,6,7.167
Balaklava,1200,4-6,soft,1-3m,3,4.667
Balaklava,1200,4-6,soft,true,24,12.042
Balaklava,1200,7-9,dry,1-3m,6,5.833
Balaklava,1200,7-9,dry,true,18,7.0
Balaklava,1200,7-9,heavy,true,6,8.0
Balaklava,1200,7-9,soft,1-3m,3,6.0
Balaklava,1200,7-9,soft,true,20,12.6
Balaklava,1300,1-3,dry,1-3m,3,3.0
Balaklava,1300,1-3,dry,true,3,8.0
Balaklava,1300,10-12,dry,1-3m,3,7.333
Balaklava,1300,13+,dry,1-3m,1,7.0
Balaklava,1300,4-6,dry,1-3m,3,1.667
Balaklava,1300,4-6,dry,true,3,5.0
Balaklava,1300,7-9,dry,1-3m,3,3.333
Balaklava,1300,7-9,dry,true,3,10.333
Balaklava,1400,1-3,dry,1-3m,6,5.167
Balaklava,1400,1-3,dry,true,21,3.095
Balaklava,1400,1-3,heavy,true,6,6.5
Balaklava,1400,1-3,soft,1-3m,6,4.833
Balaklava,1400,1-3,soft,7-9m,6,9.333
Balaklava,1400,1-3,soft,true,9,4.444
Balaklava,1400,10-12,dry,true,11,6.273
Balaklava,1400,10-12,heavy,true,4,9.5
Balaklava,1400,10-12,soft,1-3m,6,7.5
Balaklava,1400,10-12,soft,7-9m,4,9.0
Balaklava,1400,10-12,soft,true,6,6.0
Balaklava,1400,13+,soft,1-3m,1,5.0
Balaklava,1400,13+,soft,7-9m,4,12.75
Balaklava,1400,4-6,dry,1-3m,6,6.333
Balaklava,1400,4-6,dry,true,21,4.286
Balaklava,1400,4-6,heavy,true,6,7.167
Balaklava,1400,4-6,soft,1-3m,6,7.167
Balaklava,1400,4-6,soft,7-9m,6,8.167
Balaklava,1400,4-6,soft,true,9,5.556
Balaklava,1400,7-9,dry,1-3m,3,7.0
Balaklava,1400,7-9,dry,true,19,5.947
Balaklava,1400,7-9,heavy,true,6,9.333
Balaklava,1400,7-9,soft,1-3m,6,7.333
Balaklava,1400,7-9,soft,7-9m,6,8.0
Balaklava,1400,7-9,soft,true,9,5.333
Balaklava,1600,1-3,dry,1-3m,9,5.222
Balaklava,1600,1-3,dry,true,21,4.238
Balaklava,1600,1-3,soft,1-3m,3,2.333
Balaklava,1600,1-3,soft,true,12,12.333
Balaklava,1600,10-12,dry,1-3m,5,9.4
Balaklava,1600,10-12,dry,true,7,7.286
Balaklava,1600,10-12,soft,1-3m,3,6.667
Balaklava,1600,10-12,soft,true,8,12.375
Balaklava,1600,13+,dry,1-3m,1,5.0
Balaklava,1600,13+,dry,true,4,13.0
Balaklava,1600,13+,soft,1-3m,4,5.0
Balaklava,1600,13+,soft,true,5,15.4
Balaklava,1600,4-6,dry,1-3m,9,5.889
Balaklava,1600,4-6,dry,true,21,5.429
Balaklava,1600,4-6,soft,1-3m,3,6.0
Balaklava,1600,4-6,soft,true,12,13.0
Balaklava,1600,7-9,dry,1-3m,9,8.333
Balaklava,1600,7-9,dry,true,15,7.4
Balaklava,1600,7-9,soft,1-3m,3,6.333
Balaklava,1600,7-9,soft,true,12,11.333
Balaklava,2200,1-3,dry,1-3m,3,8.333
Balaklava,2200,1-3,dry,true,8,4.125
Balaklava,2200,1-3,heavy,true,6,12.667
Balaklava,2200,1-3,soft,1-3m,3,3.333
Balaklava,2200,1-3,soft,7-9m,6,14.833
Balaklava,2200,1-3,soft,true,9,24.444
Balaklava,2200,10-12,dry,true,3,15.667
Balaklava,2200,10-12,heavy,true,3,14.667
Balaklava,2200,10-12,soft,1-3m,2,1.0
Balaklava,2200,10-12,soft,7-9m,1,12.0
Balaklava,2200,10-12,soft,true,7,22.429
Balaklava,2200,13+,dry,true,2,15.5
Balaklava,2200,13+,heavy,true,2,18.5
Balaklava,2200,13+,soft,true,1,28.0
Balaklava,2200,4-6,dry,1-3m,3,9.667
Balaklava,2200,4-6,dry,true,8,5.5
Balaklava,2200,4-6,heavy,true,6,15.0
Balaklava,2200,4-6,soft,1-3m,3,1.667
Balaklava,2200,4-6,soft,7-9m,6,13.167
Balaklava,2200,4-6,soft,true,9,26.222
Balaklava,2200,7-9,dry,1-3m,3,8.0
Balaklava,2200,7-9,dry,true,7,8.714
Balaklava,2200,7-9,heavy,true,5,14.6
Balaklava,2200,7-9,soft,1-3m,3,1.0
Balaklava,2200,7-9,soft,7-9m,4,13.75
Balaklava,2200,7-9,soft,true,9,25.778
Balaklava,2400,1-3,dry,1-3m,1,1.0
Balaklava,2400,4-6,dry,1-3m,3,-3.0
Ballarat,1000,1-3,dry,1-3m,6,0.167
Ballarat,1000,1-3,dry,4-6m,6,1.0
Ballarat,1000,1-3,dry,7-9m,15,0.733
Ballarat,1000,1-3,dry,true,15,1.6
Ballarat,1000,1-3,heavy,4-6m,5,0.8
Ballarat,1000,1-3,heavy,7-9m,3,0.667
Ballarat,1000,1-3,soft,4-6m,15,1.267
Ballarat,1000,1-3,soft,7-9m,6,0.833
Ballarat,1000,10-12,dry,1-3m,3,1.0
Ballarat,1000,10-12,dry,4-6m,1,4.0
Ballarat,1000,10-12,dry,7-9m,1,1.0
Ballarat,1000,10-12,dry,true,6,3.0
Ballarat,1000,10-12,heavy,7-9m,1,1.0
Ballarat,1000,10-12,soft,4-6m,5,2.6
Ballarat,1000,13+,dry,1-3m,1,1.0
Ballarat,1000,13+,dry,true,1,1.0
Ballarat,1000,4-6,dry,1-3m,6,1.333
Ballarat,1000,4-6,dry,4-6m,6,2.0
Ballarat,1000,4-6,dry,7-9m,15,1.533
Ballarat,1000,4-6,dry,true,15,2.467
Ballarat,1000,4-6,heavy,4-6m,6,1.333
Ballarat,1000,4-6,heavy,7-9m,3,1.333
Ballarat,1000,4-6,soft,4-6m,15,1.733
Ballarat,1000,4-6,soft,7-9m,6,0.833
Ballarat,1000,7-9,dry,1-3m,6,1.167
Ballarat,1000,7-9,dry,4-6m,5,1.8
Ballarat,1000,7-9,dry,7-9m,12,1.583
Ballarat,1000,7-9,dry,true,12,3.583
Ballarat,1000,7-9,heavy,4-6m,2,1.5
Ballarat,1000,7-9,heavy,7-9m,3,0.333
Ballarat,1000,7-9,soft,4-6m,12,3.25
Ballarat,1000,7-9,soft,7-9m,2,2.5
Ballarat,1100,1-3,dry,7-9m,6,1.333
Ballarat,1100,1-3,dry,true,9,1.556
Ballarat,1100,1-3,heavy,7-9m,3,0.667
Ballarat,1100,1-3,soft,4-6m,3,1.0
Ballarat,1100,1-3,soft,true,6,1.5
Ballarat,1100,10-12,dry,7-9m,2,1.0
Ballarat,1100,10-12,dry,true,7,3.143
Ballarat,1100,10-12,heavy,7-9m,1,3.0
Ballarat,1100,10-12,soft,4-6m,1,0.0
Ballarat,1100,10-12,soft,true,2,4.5
Ballarat,1100,13+,dry,true,2,4.0
Ballarat,1100,4-6,dry,7-9m,6,2.667
Ballarat,1100,4-6,dry,true,9,3.222
Ballarat,1100,4-6,heavy,7-9m,3,1.0
Ballarat,1100,4-6,soft,4-6m,3,0.667
Ballarat,1100,4-6,soft,true,6,1.167
Ballarat,1100,7-9,dry,7-9m,5,2.2
Ballarat,1100,7-9,dry,true,9,3.333
Ballarat,1100,7-9,heavy,7-9m,3,2.333
Ballarat,1100,7-9,soft,4-6m,3,3.0
Ballarat,1100,7-9,soft,true,6,3.0
Ballarat,1200,1-3,dry,1-3m,9,0.444
Ballarat,1200,1-3,dry,4-6m,9,1.111
Ballarat,1200,1-3,dry,7-9m,15,1.2
Ballarat,1200,1-3,dry,true,30,1.8
Ballarat,1200,1-3,heavy,4-6m,9,1.444
Ballarat,1200,1-3,heavy,7-9m,9,1.556
Ballarat,1200,1-3,soft,4-6m,6,0.5
Ballarat,1200,1-3,soft,true,12,1.667
Ballarat,1200,10-12,dry,1-3m,6,0.833
Ballarat,1200,10-12,dry,4-6m,5,1.6
Ballarat,1200,10-12,dry,7-9m,4,2.0
Ballarat,1200,10-12,dry,true,19,2.632
Ballarat,1200,10-12,heavy,4-6m,1,2.0
Ballarat,1200,10-12,heavy,7-9m,5,3.0
Ballarat,1200,10-12,soft,4-6m,3,1.333
Ballarat,1200,10-12,soft,true,4,1.75
Ballarat,1200,13+,dry,1-3m,3,0.333
Ballarat,1200,13+,dry,4-6m,2,3.5
Ballarat,1200,13+,dry,true,2,5.5
Ballarat,1200,13+,soft,true,1,1.0
Ballarat,1200,4-6,dry,1-3m,9,0.444
Ballarat,1200,4-6,dry,4-6m,8,1.75
Ballarat,1200,4-6,dry,7-9m,15,1.467
Ballarat,1200,4-6,dry,true,30,2.467
Ballarat,1200,4-6,heavy,4-6m,9,2.444
Ballarat,1200,4-6,heavy,7-9m,9,2.222
Ballarat,1200,4-6,soft,4-6m,6,0.833
Ballarat,1200,4-6,soft,true,11,1.818
Ballarat,1200,7-9,dry,1-3m,8,0.625
Ballarat,1200,7-9,dry,4-6m,8,1.125
Ballarat,1200,7-9,dry,7-9m,14,1.357
Ballarat,1200,7-9,dry,true,27,2.63
Ballarat,1200,7-9,heavy,4-6m,4,1.25
Ballarat,1200,7-9,heavy,7-9m,9,2.889
Ballarat,1200,7-9,soft,4-6m,4,0.75
Ballarat,1200,7-9,soft,true,10,2.4
Ballarat,1400,1-3,dry,1-3m,3,0.333
Ballarat,1400,1-3,dry,4-6m,6,2.333
Ballarat,1400,1-3,dry,7-9m,9,2.333
Ballarat,1400,1-3,dry,true,15,2.467
Ballarat,1400,1-3,heavy,4-6m,6,1.333
Ballarat,1400,1-3,heavy,7-9m,3,4.0
Ballarat,1400,1-3,soft,4-6m,9,1.667
Ballarat,1400,1-3,soft,7-9m,6,1.5
Ballarat,1400,1-3,soft,true,12,2.5
Ballarat,1400,10-12,dry,1-3m,3,1.0
Ballarat,1400,10-12,dry,4-6m,1,2.0
Ballarat,1400,10-12,dry,7-9m,6,4.5
Ballarat,1400,10-12,dry,true,3,2.667
Ballarat,1400,10-12,heavy,7-9m,1,4.0
Ballarat,1400,10-12,soft,4-6m,5,1.0
Ballarat,1400,10-12,soft,true,5,5.0
Ballarat,1400,13+,dry,1-3m,2,0.5
Ballarat,1400,13+,dry,true,1,4.0
Ballarat,1400,13+,soft,4-6m,1,1.0
Ballarat,1400,4-6,dry,1-3m,3,0.333
Ballarat,1400,4-6,dry,4-6m,6,3.667
Ballarat,1400,4-6,dry,7-9m,9,3.556
Ballarat,1400,4-6,dry,true,15,4.267
Ballarat,1400,4-6,heavy,4-6m,6,4.167
Ballarat,1400,4-6,heavy,7-9m,3,1.667
Ballarat,1400,4-6,soft,4-6m,9,2.0
Ballarat,1400,4-6,soft,7-9m,6,1.0
Ballarat,1400,4-6,soft,true,12,3.333
Ballarat,1400,7-9,dry,1-3m,3,1.333
Ballarat,1400,7-9,dry,4-6m,5,2.0
Ballarat,1400,7-9,dry,7-9m,9,4.444
Ballarat,1400,7-9,dry,true,13,4.231
Ballarat,1400,7-9,heavy,4-6m,2,4.5
Ballarat,1400,7-9,heavy,7-9m,3,2.333
Ballarat,1400,7-9,soft,4-6m,9,2.111
Ballarat,1400,7-9,soft,7-9m,4,1.75
Ballarat,1400,7-9,soft,true,10,4.0
Ballarat,1500,1-3,dry,4-6m,9,2.778
Ballarat,1500,1-3,dry,true,9,4.111
Ballarat,1500,1-3,heavy,7-9m,3,2.333
Ballarat,1500,1-3,soft,7-9m,3,0.667
Ballarat,1500,10-12,dry,4-6m,2,4.0
Ballarat,1500,10-12,dry,true,3,8.0
Ballarat,1500,10-12,heavy,7-9m,2,3.0
Ballarat,1500,4-6,dry,4-6m,9,5.111
Ballarat,1500,4-6,dry,true,9,4.444
Ballarat,1500,4-6,heavy,7-9m,3,3.0
Ballarat,1500,4-6,soft,7-9m,3,1.333
Ballarat,1500,7-9,dry,4-6m,6,5.333
Ballarat,1500,7-9,dry,true,7,5.714
Ballarat,1500,7-9,heavy,7-9m,3,3.0
Ballarat,1600,1-3,dry,1-3m,3,0.333
Ballarat,1600,1-3,dry,4-6m,6,2.167
Ballarat,1600,1-3,dry,7-9m,12,1.667
Ballarat,1600,1-3,dry,true,6,5.5
Ballarat,1600,1-3,heavy,4-6m,6,1.667
Ballarat,1600,1-3,soft,4-6m,6,3.0
Ballarat,1600,1-3,soft,true,6,0.5
Ballarat,1600,10-12,dry,4-6m,2,3.5
Ballarat,1600,10-12,dry,7-9m,5,1.6
Ballarat,1600,10-12,dry,true,3,9.667
Ballarat,1600,10-12,soft,4-6m,2,9.0
Ballarat,1600,10-12,soft,true,2,1.5
Ballarat,1600,13+,dry,true,2,9.0
Ballarat,1600,4-6,dry,1-3m,3,1.0
Ballarat,1600,4-6,dry,4-6m,6,2.0
Ballarat,1600,4-6,dry,7-9m,12,1.0
Ballarat,1600,4-6,dry,true,6,5.5
Ballarat,1600,4-6,heavy,4-6m,6,3.167
Ballarat,1600,4-6,soft,4-6m,6,3.667
Ballarat,1600,4-6,soft,true,6,1.167
Ballarat,1600,7-9,dry,1-3m,3,1.333
Ballarat,1600,7-9,dry,4-6m,6,1.667
Ballarat,1600,7-9,dry,7-9m,10,0.9
Ballarat,1600,7-9,dry,true,4,4.5
Ballarat,1600,7-9,heavy,4-6m,2,0.5
Ballarat,1600,7-9,soft,4-6m,6,3.833
Ballarat,1600,7-9,soft,true,5,1.6
Ballarat,2000,1-3,dry,4-6m,6,2.833
Ballarat,2000,1-3,dry,true,21,6.952
Ballarat,2000,1-3,heavy,4-6m,3,1.667
Ballarat,2000,1-3,heavy,7-9m,3,3.333
Ballarat,2000,1-3,soft,4-6m,6,7.667
Ballarat,2000,1-3,soft,true,6,3.167
Ballarat,2000,10-12,dry,4-6m,5,4.8
Ballarat,2000,10-12,dry,true,13,10.154
Ballarat,2000,10-12,heavy,7-9m,2,5.0
Ballarat,2000,10-12,soft,true,6,4.0
Ballarat,2000,13+,dry,true,6,11.667
Ballarat,2000,13+,soft,true,3,3.667
Ballarat,2000,4-6,dry,4-6m,6,2.0
Ballarat,2000,4-6,dry,true,20,8.35
Ballarat,2000,4-6,heavy,4-6m,2,-0.5
Ballarat,2000,4-6,heavy,7-9m,3,5.333
Ballarat,2000,4-6,soft,4-6m,6,8.333
Ballarat,2000,4-6,soft,true,6,2.667
Ballarat,2000,7-9,dry,4-6m,6,3.333
Ballarat,2000,7-9,dry,true,19,7.211
Ballarat,2000,7-9,heavy,4-6m,2,0.0
Ballarat,2000,7-9,heavy,7-9m,3,6.0
Ballarat,2000,7-9,soft,4-6m,6,10.667
Ballarat,2000,7-9,soft,true,6,5.333
Ballarat,2600,1-3,dry,true,3,5.667
Ballarat,2600,10-12,dry,true,2,8.5
Ballarat,2600,13+,dry,true,1,7.0
Ballarat,2600,4-6,dry,true,3,8.0
Ballarat,2600,7-9,dry,true,3,8.333
Bendigo,1000,1-3,dry,4-6m,6,2.167
Bendigo,1000,1-3,dry,7-9m,6,2.167
Bendigo,1000,1-3,dry,true,12,1.833
Bendigo,1000,1-3,heavy,4-6m,9,5.111
Bendigo,1000,1-3,heavy,true,6,2.833
Bendigo,1000,1-3,soft,1-3m,6,1.5
Bendigo,1000,1-3,soft,7-9m,9,2.667
Bendigo,1000,1-3,soft,true,3,2.667
Bendigo,1000,10-12,dry,4-6m,3,6.0
Bendigo,1000,10-12,dry,7-9m,3,4.333
Bendigo,1000,10-12,dry,true,4,5.5
Bendigo,1000,10-12,heavy,4-6m,3,10.333
Bendigo,1000,10-12,soft,1-3m,5,5.2
Bendigo,1000,10-12,soft,7-9m,7,6.0
Bendigo,1000,10-12,soft,true,2,4.0
Bendigo,1000,13+,heavy,4-6m,2,13.5
Bendigo,1000,4-6,dry,4-6m,6,3.833
Bendigo,1000,4-6,dry,7-9m,6,3.167
Bendigo,1000,4-6,dry,true,12,3.75
Bendigo,1000,4-6,heavy,4-6m,9,5.333
Bendigo,1000,4-6,heavy,true,6,4.0
Bendigo,1000,4-6,soft,1-3m,6,3.5
Bendigo,1000,4-6,soft,7-9m,9,3.556
Bendigo,1000,4-6,soft,true,3,3.333
Bendigo,1000,7-9,dry,4-6m,6,4.833
Bendigo,1000,7-9,dry,7-9m,4,3.5
Bendigo,1000,7-9,dry,true,9,4.889
Bendigo,1000,7-9,heavy,4-6m,7,6.143
Bendigo,1000,7-9,heavy,true,2,3.0
Bendigo,1000,7-9,soft,1-3m,6,3.667
Bendigo,1000,7-9,soft,7-9m,9,3.111
Bendigo,1000,7-9,soft,true,3,4.333
Bendigo,1100,1-3,dry,4-6m,12,1.333
Bendigo,1100,1-3,dry,7-9m,3,1.667
Bendigo,1100,1-3,dry,true,18,2.889
Bendigo,1100,1-3,heavy,4-6m,9,5.778
Bendigo,1100,1-3,heavy,true,3,3.667
Bendigo,1100,1-3,soft,1-3m,3,2.667
Bendigo,1100,1-3,soft,7-9m,12,2.583
Bendigo,1100,1-3,soft,true,3,4.333
Bendigo,1100,10-12,dry,4-6m,4,3.5
Bendigo,1100,10-12,dry,true,11,4.636
Bendigo,1100,10-12,heavy,4-6m,3,12.0
Bendigo,1100,10-12,soft,1-3m,3,5.0
Bendigo,1100,10-12,soft,7-9m,1,6.0
Bendigo,1100,10-12,soft,true,3,8.667
Bendigo,1100,13+,dry,4-6m,2,5.0
Bendigo,1100,13+,soft,1-3m,2,4.5
Bendigo,1100,13+,soft,true,2,8.5
Bendigo,1100,4-6,dry,4-6m,12,2.583
Bendigo,1100,4-6,dry,7-9m,3,3.0
Bendigo,1100,4-6,dry,true,18,3.389
Bendigo,1100,4-6,heavy,4-6m,9,7.333
Bendigo,1100,4-6,heavy,true,3,3.333
Bendigo,1100,4-6,soft,1-3m,3,3.0
Bendigo,1100,4-6,soft,7-9m,12,3.917
Bendigo,1100,4-6,soft,true,3,4.333
Bendigo,1100,7-9,dry,4-6m,8,3.25
Bendigo,1100,7-9,dry,7-9m,3,4.333
Bendigo,1100,7-9,dry,true,17,4.588
Bendigo,1100,7-9,heavy,4-6m,6,6.333
Bendigo,1100,7-9,heavy,true,2,5.5
Bendigo,1100,7-9,soft,1-3m,3,4.333
Bendigo,1100,7-9,soft,7-9m,11,4.273
Bendigo,1100,7-9,soft,true,3,7.667
Bendigo,1300,1-3,dry,4-6m,18,4.722
Bendigo,1300,1-3,dry,7-9m,6,3.167
Bendigo,1300,1-3,dry,true,18,3.667
Bendigo,1300,1-3,heavy,4-6m,6,4.833
Bendigo,1300,1-3,heavy,true,6,4.667
Bendigo,1300,1-3,soft,1-3m,6,3.667
Bendigo,1300,1-3,soft,7-9m,18,6.0
Bendigo,1300,10-12,dry,4-6m,5,6.8
Bendigo,1300,10-12,dry,7-9m,2,8.5
Bendigo,1300,10-12,dry,true,7,10.286
Bendigo,1300,10-12,heavy,4-6m,3,8.333
Bendigo,1300,10-12,heavy,true,1,11.0
Bendigo,1300,10-12,soft,1-3m,6,9.0
Bendigo,1300,10-12,soft,7-9m,16,8.125
Bendigo,1300,13+,dry,4-6m,1,4.0
Bendigo,1300,13+,dry,true,2,9.0
Bendigo,1300,13+,soft,1-3m,3,9.0
Bendigo,1300,13+,soft,7-9m,1,9.0
Bendigo,1300,4-6,dry,4-6m,18,5.611
Bendigo,1300,4-6,dry,7-9m,6,4.0
Bendigo,1300,4-6,dry,true,18,5.722
Bendigo,1300,4-6,heavy,4-6m,6,7.5
Bendigo,1300,4-6,heavy,true,6,6.0
Bendigo,1300,4-6,soft,1-3m,6,5.833
Bendigo,1300,4-6,soft,7-9m,18,5.389
Bendigo,1300,7-9,dry,4-6m,16,6.188
Bendigo,1300,7-9,dry,7-9m,6,5.333
Bendigo,1300,7-9,dry,true,18,6.722
Bendigo,1300,7-9,heavy,4-6m,6,11.167
Bendigo,1300,7-9,heavy,true,4,6.5
Bendigo,1300,7-9,soft,1-3m,6,6.5
Bendigo,1300,7-9,soft,7-9m,18,6.667
Bendigo,1400,1-3,dry,4-6m,3,5.333
Bendigo,1400,1-3,dry,7-9m,9,3.556
Bendigo,1400,1-3,dry,true,18,3.778
Bendigo,1400,1-3,heavy,4-6m,6,4.5
Bendigo,1400,1-3,soft,1-3m,3,7.0
Bendigo,1400,1-3,soft,7-9m,6,4.833
Bendigo,1400,1-3,soft,true,6,3.833
Bendigo,1400,10-12,dry,4-6m,3,7.667
Bendigo,1400,10-12,dry,7-9m,7,7.429
Bendigo,1400,10-12,dry,true,9,7.0
Bendigo,1400,10-12,soft,1-3m,3,9.333
Bendigo,1400,10-12,soft,7-9m,6,7.0
Bendigo,1400,10-12,soft,true,6,6.833
Bendigo,1400,13+,dry,true,1,7.0
Bendigo,1400,13+,soft,1-3m,2,8.5
Bendigo,1400,13+,soft,true,3,8.333
Bendigo,1400,4-6,dry,4-6m,3,8.0
Bendigo,1400,4-6,dry,7-9m,8,6.75
Bendigo,1400,4-6,dry,true,18,4.944
Bendigo,1400,4-6,heavy,4-6m,6,3.667
Bendigo,1400,4-6,soft,1-3m,3,7.333
Bendigo,1400,4-6,soft,7-9m,6,8.0
Bendigo,1400,4-6,soft,true,6,5.167
Bendigo,1400,7-9,dry,4-6m,3,5.0
Bendigo,1400,7-9,dry,7-9m,9,7.889
Bendigo,1400,7-9,dry,true,17,6.471
Bendigo,1400,7-9,heavy,4-6m,3,4.0
Bendigo,1400,7-9,soft,1-3m,3,7.333
Bendigo,1400,7-9,soft,7-9m,6,7.0
Bendigo,1400,7-9,soft,true,6,6.333
Bendigo,1500,1-3,dry,4-6m,6,3.333
Bendigo,1500,1-3,dry,7-9m,3,5.667
Bendigo,1500,1-3,dry,true,3,3.667
Bendigo,1500,1-3,heavy,4-6m,3,4.0
Bendigo,1500,1-3,heavy,true,3,3.333
Bendigo,1500,1-3,soft,1-3m,3,7.0
Bendigo,1500,1-3,soft,7-9m,3,3.667
Bendigo,1500,1-3,soft,true,3,2.667
Bendigo,1500,10-12,dry,4-6m,6,7.667
Bendigo,1500,10-12,dry,7-9m,2,3.0
Bendigo,1500,10-12,heavy,4-6m,2,7.0
Bendigo,1500,10-12,heavy,true,3,5.0
Bendigo,1500,10-12,soft,1-3m,3,13.667
Bendigo,1500,10-12,soft,true,3,8.667
Bendigo,1500,13+,dry,4-6m,2,7.0
Bendigo,1500,13+,heavy,true,1,9.0
Bendigo,1500,13+,soft,1-3m,1,13.0
Bendigo,1500,4-6,dry,4-6m,6,4.333
Bendigo,1500,4-6,dry,7-9m,3,5.333
Bendigo,1500,4-6,dry,true,3,4.667
Bendigo,1500,4-6,heavy,4-6m,3,7.667
Bendigo,1500,4-6,heavy,true,3,4.667
Bendigo,1500,4-6,soft,1-3m,3,8.333
Bendigo,1500,4-6,soft,7-9m,3,3.333
Bendigo,1500,4-6,soft,true,3,1.0
Bendigo,1500,7-9,dry,4-6m,6,6.333
Bendigo,1500,7-9,dry,7-9m,3,4.0
Bendigo,1500,7-9,dry,true,3,3.667
Bendigo,1500,7-9,heavy,4-6m,3,6.0
Bendigo,1500,7-9,heavy,true,3,3.0
Bendigo,1500,7-9,soft,1-3m,3,7.0
Bendigo,1500,7-9,soft,7-9m,2,5.0
Bendigo,1500,7-9,soft,true,3,6.333
Bendigo,1600,1-3,dry,4-6m,3,3.333
Bendigo,1600,1-3,dry,7-9m,9,3.333
Bendigo,1600,1-3,dry,true,21,4.667
Bendigo,1600,1-3,heavy,4-6m,12,7.75
Bendigo,1600,1-3,heavy,true,3,7.0
Bendigo,1600,1-3,soft,7-9m,6,6.0
Bendigo,1600,1-3,soft,true,3,4.0
Bendigo,1600,10-12,dry,4-6m,2,6.0
Bendigo,1600,10-12,dry,7-9m,6,7.5
Bendigo,1600,10-12,dry,true,15,5.733
Bendigo,1600,10-12,soft,7-9m,3,8.333
Bendigo,1600,10-12,soft,true,3,5.0
Bendigo,1600,13+,dry,true,4,7.5
Bendigo,1600,13+,soft,true,1,12.0
Bendigo,1600,4-6,dry,4-6m,3,4.0
Bendigo,1600,4-6,dry,7-9m,9,4.444
Bendigo,1600,4-6,dry,true,21,4.905
Bendigo,1600,4-6,heavy,4-6m,12,7.0
Bendigo,1600,4-6,heavy,true,3,6.0
Bendigo,1600,4-6,soft,7-9m,6,8.667
Bendigo,1600,4-6,soft,true,3,6.0
Bendigo,1600,7-9,dry,4-6m,3,6.667
Bendigo,1600,7-9,dry,7-9m,9,5.889
Bendigo,1600,7-9,dry,true,21,6.0
Bendigo,1600,7-9,heavy,4-6m,4,7.0
Bendigo,1600,7-9,soft,7-9m,6,6.167
Bendigo,1600,7-9,soft,true,3,9.667
Bendigo,2200,1-3,dry,7-9m,3,3.667
Bendigo,2200,1-3,dry,true,3,3.0
Bendigo,2200,10-12,dry,7-9m,3,7.0
Bendigo,2200,10-12,dry,true,3,6.667
Bendigo,2200,4-6,dry,7-9m,3,8.667
Bendigo,2200,4-6,dry,true,3,7.333
Bendigo,2200,7-9,dry,7-9m,3,14.0
Bendigo,2200,7-9,dry,true,3,6.667
Bendigo,2400,1-3,dry,true,9,4.0
Bendigo,2400,1-3,soft,1-3m,3,3.667
Bendigo,2400,1-3,soft,true,3,7.667
Bendigo,2400,10-12,dry,true,9,7.111
Bendigo,2400,10-12,soft,1-3m,2,5.0
Bendigo,2400,10-12,soft,true,1,0.0
Bendigo,2400,13+,dry,true,3,8.333
Bendigo,2400,4-6,dry,true,9,6.0
Bendigo,2400,4-6,soft,1-3m,3,4.0
Bendigo,2400,4-6,soft,true,3,7.0
Bendigo,2400,7-9,dry,true,9,6.111
Bendigo,2400,7-9,soft,1-3m,3,6.0
Bendigo,2400,7-9,soft,true,3,9.667
Cairns,1000,1-3,dry,true,135,3.763
Cairns,1000,1-3,heavy,true,63,5.698
Cairns,1000,1-3,soft,1-3m,18,4.167
Cairns,1000,1-3,soft,4-6m,3,7.0
Cairns,1000,1-3,soft,true,233,4.386
Cairns,1000,10-12,dry,true,36,7.139
Cairns,1000,10-12,heavy,true,6,10.0
Cairns,1000,10-12,soft,4-6m,1,8.0
Cairns,1000,10-12,soft,true,58,7.621
Cairns,1000,4-6,dry,true,132,5.402
Cairns,1000,4-6,heavy,true,59,7.339
Cairns,1000,4-6,soft,1-3m,17,5.118
Cairns,1000,4-6,soft,4-6m,3,5.667
Cairns,1000,4-6,soft,true,225,5.444
Cairns,1000,7-9,dry,true,91,5.791
Cairns,1000,7-9,heavy,true,39,9.282
Cairns,1000,7-9,soft,1-3m,14,7.143
Cairns,1000,7-9,soft,4-6m,3,7.0
Cairns,1000,7-9,soft,true,173,7.364
Cairns,1200,1-3,dry,true,130,1.208
Cairns,1200,1-3,heavy,true,50,3.36
Cairns,1200,1-3,soft,1-3m,23,2.174
Cairns,1200,1-3,soft,4-6m,8,1.75
Cairns,1200,1-3,soft,true,197,2.975
Cairns,1200,10-12,dry,true,37,4.811
Cairns,1200,10-12,heavy,true,7,11.429
Cairns,1200,10-12,soft,1-3m,1,12.0
Cairns,1200,10-12,soft,4-6m,2,8.0
Cairns,1200,10-12,soft,true,68,7.809
Cairns,1200,4-6,dry,true,133,3.053
Cairns,1200,4-6,heavy,true,52,6.038
Cairns,1200,4-6,soft,1-3m,24,2.833
Cairns,1200,4-6,soft,4-6m,9,7.778
Cairns,1200,4-6,soft,true,200,4.99
Cairns,1200,7-9,dry,true,97,4.876
Cairns,1200,7-9,heavy,true,35,8.857
Cairns,1200,7-9,soft,1-3m,16,4.5
Cairns,1200,7-9,soft,4-6m,8,6.5
Cairns,1200,7-9,soft,true,160,6.006
Cairns,1400,1-3,dry,true,80,3.175
Cairns,1400,1-3,heavy,true,27,5.333
Cairns,1400,1-3,soft,1-3m,6,4.5
Cairns,1400,1-3,soft,4-6m,3,-0.333
Cairns,1400,1-3,soft,true,98,4.5
Cairns,1400,10-12,dry,true,20,6.25
Cairns,1400,10-12,heavy,true,1,22.0
Cairns,1400,10-12,soft,1-3m,4,9.75
Cairns,1400,10-12,soft,true,31,7.323
Cairns,1400,13+,dry,true,7,7.714
Cairns,1400,13+,soft,true,5,9.6
Cairns,1400,4-6,dry,true,80,4.75
Cairns,1400,4-6,heavy,true,26,8.654
Cairns,1400,4-6,soft,1-3m,6,4.333
Cairns,1400,4-6,soft,4-6m,3,4.0
Cairns,1400,4-6,soft,true,96,5.51
Cairns,1400,7-9,dry,true,50,5.6
Cairns,1400,7-9,heavy,true,13,11.846
Cairns,1400,7-9,soft,1-3m,6,8.0
Cairns,1400,7-9,soft,4-6m,2,7.5
Cairns,1400,7-9,soft,true,70,6.657
Cairns,1500,1-3,dry,true,41,2.634
Cairns,1500,1-3,heavy,true,11,9.818
Cairns,1500,1-3,soft,1-3m,6,1.333
Cairns,1500,1-3,soft,4-6m,6,2.167
Cairns,1500,1-3,soft,true,59,3.271
Cairns,1500,10-12,dry,true,6,4.167
Cairns,1500,10-12,soft,true,36,7.528
Cairns,1500,13+,soft,true,11,9.818
Cairns,1500,4-6,dry,true,41,3.634
Cairns,1500,4-6,heavy,true,11,11.455
Cairns,1500,4-6,soft,1-3m,6,2.667
Cairns,1500,4-6,soft,4-6m,6,8.167
Cairns,1500,4-6,soft,true,59,6.068
Cairns,1500,7-9,dry,true,25,5.04
Cairns,1500,7-9,heavy,true,1,12.0
Cairns,1500,7-9,soft,1-3m,4,6.0
Cairns,1500,7-9,soft,4-6m,4,11.75
Cairns,1500,7-9,soft,true,47,7.489
Cairns,1900,1-3,dry,true,13,3.462
Cairns,1900,1-3,soft,1-3m,6,2.667
Cairns,1900,1-3,soft,true,18,7.167
Cairns,1900,10-12,dry,true,5,4.2
Cairns,1900,10-12,soft,true,8,8.75
Cairns,1900,4-6,dry,true,14,3.429
Cairns,1900,4-6,soft,1-3m,5,0.6
Cairns,1900,4-6,soft,true,17,12.412
Cairns,1900,7-9,dry,true,9,5.333
Cairns,1900,7-9,soft,1-3m,2,4.0
Cairns,1900,7-9,soft,true,14,9.786
Cairns,2100,1-3,dry,true,8,7.25
Cairns,2100,1-3,soft,1-3m,3,2.0
Cairns,2100,1-3,soft,true,18,7.5
Cairns,2100,10-12,dry,true,9,12.111
Cairns,2100,10-12,soft,true,10,11.2
Cairns,2100,13+,dry,true,6,10.333
Cairns,2100,13+,soft,true,6,13.333
Cairns,2100,4-6,dry,true,9,11.444
Cairns,2100,4-6,soft,1-3m,2,4.5
Cairns,2100,4-6,soft,true,18,8.0
Cairns,2100,7-9,dry,true,8,10.5
Cairns,2100,7-9,soft,true,16,8.875
Caulfield,1000,1-3,dry,1-3m,14,3.357
Caulfield,1000,1-3,dry,10m+,17,3.647
Caulfield,1000,1-3,dry,4-6m,21,3.524
Caulfield,1000,1-3,dry,7-9m,6,3.0
Caulfield,1000,1-3,dry,true,24,2.0
Caulfield,1000,1-3,soft,1-3m,9,3.444
Caulfield,1000,1-3,soft,10m+,14,2.786
Caulfield,1000,1-3,soft,4-6m,9,3.111
Caulfield,1000,1-3,soft,7-9m,3,1.333
Caulfield,1000,1-3,soft,true,18,5.944
Caulfield,1000,10-12,dry,1-3m,1,6.0
Caulfield,1000,10-12,dry,10m+,6,5.0
Caulfield,1000,10-12,dry,4-6m,5,5.6
Caulfield,1000,10-12,dry,true,2,7.0
Caulfield,1000,10-12,soft,1-3m,6,8.167
Caulfield,1000,10-12,soft,10m+,9,4.667
Caulfield,1000,10-12,soft,7-9m,3,3.333
Caulfield,1000,10-12,soft,true,7,6.0
Caulfield,1000,13+,dry,10m+,2,1.0
Caulfield,1000,13+,soft,1-3m,2,6.0
Caulfield,1000,13+,soft,10m+,1,8.0
Caulfield,1000,13+,soft,7-9m,1,6.0
Caulfield,1000,13+,soft,true,1,9.0
Caulfield,1000,4-6,dry,1-3m,15,4.467
Caulfield,1000,4-6,dry,10m+,17,4.588
Caulfield,1000,4-6,dry,4-6m,21,3.714
Caulfield,1000,4-6,dry,7-9m,6,4.667
Caulfield,1000,4-6,dry,true,22,3.773
Caulfield,1000,4-6,soft,1-3m,9,3.333
Caulfield,1000,4-6,soft,10m+,14,4.5
Caulfield,1000,4-6,soft,4-6m,9,5.778
Caulfield,1000,4-6,soft,7-9m,3,1.667
Caulfield,1000,4-6,soft,true,18,6.333
Caulfield,1000,7-9,dry,1-3m,7,4.0
Caulfield,1000,7-9,dry,10m+,13,4.231
Caulfield,1000,7-9,dry,4-6m,16,4.188
Caulfield,1000,7-9,dry,7-9m,6,4.0
Caulfield,1000,7-9,dry,true,18,4.611
Caulfield,1000,7-9,soft,1-3m,8,6.125
Caulfield,1000,7-9,soft,10m+,12,5.667
Caulfield,1000,7-9,soft,4-6m,9,7.111
Caulfield,1000,7-9,soft,7-9m,3,4.667
Caulfield,1000,7-9,soft,true,14,6.5
Caulfield,1100,1-3,dry,1-3m,27,2.963
Caulfield,1100,1-3,dry,10m+,24,3.083
Caulfield,1100,1-3,dry,4-6m,60,2.517
Caulfield,1100,1-3,dry,7-9m,74,3.527
Caulfield,1100,1-3,dry,true,86,2.884
Caulfield,1100,1-3,heavy,4-6m,3,11.0
Caulfield,1100,1-3,heavy,true,6,17.333
Caulfield,1100,1-3,soft,1-3m,33,3.303
Caulfield,1100,1-3,soft,10m+,24,4.833
Caulfield,1100,1-3,soft,4-6m,27,4.481
Caulfield,1100,1-3,soft,7-9m,12,1.75
Caulfield,1100,1-3,soft,true,57,3.544
Caulfield,1100,10-12,dry,1-3m,16,4.875
Caulfield,1100,10-12,dry,10m+,7,6.0
Caulfield,1100,10-12,dry,4-6m,21,6.905
Caulfield,1100,10-12,dry,7-9m,28,5.929
Caulfield,1100,10-12,dry,true,37,6.73
Caulfield,1100,10-12,heavy,true,3,21.333
Caulfield,1100,10-12,soft,1-3m,18,7.722
Caulfield,1100,10-12,soft,10m+,15,8.8
Caulfield,1100,10-12,soft,4-6m,10,7.2
Caulfield,1100,10-12,soft,7-9m,4,4.5
Caulfield,1100,10-12,soft,true,33,7.242
Caulfield,1100,13+,dry,1-3m,7,8.571
Caulfield,1100,13+,dry,10m+,1,7.0
Caulfield,1100,13+,dry,4-6m,10,8.9
Caulfield,1100,13+,dry,7-9m,5,5.4
Caulfield,1100,13+,dry,true,12,6.083
Caulfield,1100,13+,soft,1-3m,3,9.333
Caulfield,1100,13+,soft,10m+,8,8.0
Caulfield,1100,13+,soft,true,7,10.429
Caulfield,1100,4-6,dry,1-3m,27,4.037
Caulfield,1100,4-6,dry,10m+,24,4.208
Caulfield,1100,4-6,dry,4-6m,60,4.317
Caulfield,1100,4-6,dry,7-9m,74,4.446
Caulfield,1100,4-6,dry,true,86,4.151
Caulfield,1100,4-6,heavy,4-6m,3,8.0
Caulfield,1100,4-6,heavy,true,6,17.833
Caulfield,1100,4-6,soft,1-3m,32,4.656
Caulfield,1100,4-6,soft,10m+,24,6.083
Caulfield,1100,4-6,soft,4-6m,27,4.667
Caulfield,1100,4-6,soft,7-9m,12,3.083
Caulfield,1100,4-6,soft,true,55,4.618
Caulfield,1100,7-9,dry,1-3m,25,5.16
Caulfield,1100,7-9,dry,10m+,18,4.611
Caulfield,1100,7-9,dry,4-6m,51,5.118
Caulfield,1100,7-9,dry,7-9m,55,5.127
Caulfield,1100,7-9,dry,true,74,5.243
Caulfield,1100,7-9,heavy,4-6m,3,10.333
Caulfield,1100,7-9,heavy,true,6,18.167
Caulfield,1100,7-9,soft,1-3m,31,6.065
Caulfield,1100,7-9,soft,10m+,22,6.727
Caulfield,1100,7-9,soft,4-6m,24,6.833
Caulfield,1100,7-9,soft,7-9m,9,5.222
Caulfield,1100,7-9,soft,true,52,5.788
Caulfield,1200,1-3,dry,1-3m,12,2.917
Caulfield,1200,1-3,dry,10m+,18,3.056
Caulfield,1200,1-3,dry,4-6m,98,2.939
Caulfield,1200,1-3,dry,7-9m,68,3.176
Caulfield,1200,1-3,dry,true,85,4.365
Caulfield,1200,1-3,heavy,1-3m,3,1.667
Caulfield,1200,1-3,heavy,4-6m,6,9.0
Caulfield,1200,1-3,heavy,true,12,7.917
Caulfield,1200,1-3,soft,1-3m,3,3.333
Caulfield,1200,1-3,soft,10m+,24,4.833
Caulfield,1200,1-3,soft,4-6m,36,3.722
Caulfield,1200,1-3,soft,7-9m,12,5.917
Caulfield,1200,1-3,soft,true,48,4.062
Caulfield,1200,10-12,dry,1-3m,3,7.333
Caulfield,1200,10-12,dry,10m+,7,6.429
Caulfield,1200,10-12,dry,4-6m,57,5.754
Caulfield,1200,10-12,dry,7-9m,27,5.481
Caulfield,1200,10-12,dry,true,32,6.125
Caulfield,1200,10-12,heavy,true,1,23.0
Caulfield,1200,10-12,soft,10m+,14,7.071
Caulfield,1200,10-12,soft,4-6m,14,7.286
Caulfield,1200,10-12,soft,7-9m,1,8.0
Caulfield,1200,10-12,soft,true,33,7.182
Caulfield,1200,13+,dry,1-3m,3,6.0
Caulfield,1200,13+,dry,10m+,2,7.0
Caulfield,1200,13+,dry,4-6m,32,6.469
Caulfield,1200,13+,dry,7-9m,5,3.8
Caulfield,1200,13+,dry,true,9,6.889
Caulfield,1200,13+,soft,10m+,7,6.714
Caulfield,1200,13+,soft,4-6m,1,10.0
Caulfield,1200,13+,soft,true,14,9.5
Caulfield,1200,4-6,dry,1-3m,12,5.083
Caulfield,1200,4-6,dry,10m+,18,4.889
Caulfield,1200,4-6,dry,4-6m,96,4.344
Caulfield,1200,4-6,dry,7-9m,69,4.507
Caulfield,1200,4-6,dry,true,85,4.824
Caulfield,1200,4-6,heavy,1-3m,3,5.333
Caulfield,1200,4-6,heavy,4-6m,6,9.167
Caulfield,1200,4-6,heavy,true,11,11.636
Caulfield,1200,4-6,soft,1-3m,3,6.333
Caulfield,1200,4-6,soft,10m+,24,4.5
Caulfield,1200,4-6,soft,4-6m,36,5.417
Caulfield,1200,4-6,soft,7-9m,12,7.25
Caulfield,1200,4-6,soft,true,51,5.51
Caulfield,1200,7-9,dry,1-3m,7,6.571
Caulfield,1200,7-9,dry,10m+,15,5.333
Caulfield,1200,7-9,dry,4-6m,89,5.393
Caulfield,1200,7-9,dry,7-9m,58,4.983
Caulfield,1200,7-9,dry,true,69,6.014
Caulfield,1200,7-9,heavy,1-3m,2,6.0
Caulfield,1200,7-9,heavy,4-6m,1,16.0
Caulfield,1200,7-9,heavy,true,11,12.818
Caulfield,1200,7-9,soft,1-3m,3,6.0
Caulfield,1200,7-9,soft,10m+,23,6.261
Caulfield,1200,7-9,soft,4-6m,31,6.419
Caulfield,1200,7-9,soft,7-9m,7,6.714
Caulfield,1200,7-9,soft,true,46,6.413
Caulfield,1400,1-3,dry,1-3m,44,2.955
Caulfield,1400,1-3,dry,10m+,48,2.833
Caulfield,1400,1-3,dry,4-6m,144,3.174
Caulfield,1400,1-3,dry,7-9m,81,3.728
Caulfield,1400,1-3,dry,true,121,3.81
Caulfield,1400,1-3,heavy,1-3m,3,3.333
Caulfield,1400,1-3,heavy,4-6m,12,7.0
Caulfield,1400,1-3,heavy,true,12,8.0
Caulfield,1400,1-3,soft,1-3m,24,3.833
Caulfield,1400,1-3,soft,10m+,24,3.375
Caulfield,1400,1-3,soft,4-6m,48,4.042
Caulfield,1400,1-3,soft,7-9m,18,5.611
Caulfield,1400,1-3,soft,true,108,3.556
Caulfield,1400,10-12,dry,1-3m,10,6.7
Caulfield,1400,10-12,dry,10m+,25,5.84
Caulfield,1400,10-12,dry,4-6m,60,7.433
Caulfield,1400,10-12,dry,7-9m,43,8.442
Caulfield,1400,10-12,dry,true,49,8.408
Caulfield,1400,10-12,heavy,1-3m,1,10.0
Caulfield,1400,10-12,heavy,4-6m,11,13.0
Caulfield,1400,10-12,heavy,true,6,17.0
Caulfield,1400,10-12,soft,1-3m,20,7.2
Caulfield,1400,10-12,soft,10m+,16,8.312
Caulfield,1400,10-12,soft,4-6m,30,9.8
Caulfield,1400,10-12,soft,7-9m,6,9.167
Caulfield,1400,10-12,soft,true,62,7.742
Caulfield,1400,13+,dry,1-3m,8,8.875
Caulfield,1400,13+,dry,10m+,4,8.75
Caulfield,1400,13+,dry,4-6m,18,9.556
Caulfield,1400,13+,dry,7-9m,17,11.294
Caulfield,1400,13+,dry,true,16,7.75
Caulfield,1400,13+,heavy,4-6m,3,14.0
Caulfield,1400,13+,heavy,true,4,18.75
Caulfield,1400,13+,soft,1-3m,11,7.455
Caulfield,1400,13+,soft,10m+,1,15.0
Caulfield,1400,13+,soft,4-6m,12,10.917
Caulfield,1400,13+,soft,true,13,9.308
Caulfield,1400,4-6,dry,1-3m,45,4.733
Caulfield,1400,4-6,dry,10m+,47,5.915
Caulfield,1400,4-6,dry,4-6m,146,5.11
Caulfield,1400,4-6,dry,7-9m,81,5.593
Caulfield,1400,4-6,dry,true,121,5.545
Caulfield,1400,4-6,heavy,1-3m,3,4.333
Caulfield,1400,4-6,heavy,4-6m,11,9.818
Caulfield,1400,4-6,heavy,true,12,11.917
Caulfield,1400,4-6,soft,1-3m,24,6.208
Caulfield,1400,4-6,soft,10m+,24,5.375
Caulfield,1400,4-6,soft,4-6m,47,6.702
Caulfield,1400,4-6,soft,7-9m,18,6.167
Caulfield,1400,4-6,soft,true,108,6.093
Caulfield,1400,7-9,dry,1-3m,34,6.176
Caulfield,1400,7-9,dry,10m+,45,6.6
Caulfield,1400,7-9,dry,4-6m,126,6.079
Caulfield,1400,7-9,dry,7-9m,67,7.821
Caulfield,1400,7-9,dry,true,103,6.602
Caulfield,1400,7-9,heavy,1-3m,3,6.0
Caulfield,1400,7-9,heavy,4-6m,12,10.25
Caulfield,1400,7-9,heavy,true,10,12.2
Caulfield,1400,7-9,soft,1-3m,23,6.435
Caulfield,1400,7-9,soft,10m+,24,7.833
Caulfield,1400,7-9,soft,4-6m,42,9.214
Caulfield,1400,7-9,soft,7-9m,17,8.529
Caulfield,1400,7-9,soft,true,97,6.866
Caulfield,1600,1-3,dry,1-3m,12,5.0
Caulfield,1600,1-3,dry,10m+,24,3.042
Caulfield,1600,1-3,dry,4-6m,62,4.226
Caulfield,1600,1-3,dry,7-9m,57,3.491
Caulfield,1600,1-3,dry,true,78,4.179
Caulfield,1600,1-3,heavy,4-6m,3,9.667
Caulfield,1600,1-3,heavy,true,18,10.278
Caulfield,1600,1-3,soft,10m+,15,6.733
Caulfield,1600,1-3,soft,4-6m,9,4.556
Caulfield,1600,1-3,soft,7-9m,9,10.667
Caulfield,1600,1-3,soft,true,33,4.364
Caulfield,1600,10-12,dry,1-3m,11,9.182
Caulfield,1600,10-12,dry,10m+,2,7.0
Caulfield,1600,10-12,dry,4-6m,32,7.75
Caulfield,1600,10-12,dry,7-9m,32,9.906
Caulfield,1600,10-12,dry,true,41,7.707
Caulfield,1600,10-12,heavy,true,7,9.571
Caulfield,1600,10-12,soft,10m+,7,12.143
Caulfield,1600,10-12,soft,4-6m,5,8.6
Caulfield,1600,10-12,soft,7-9m,8,14.0
Caulfield,1600,10-12,soft,true,20,8.9
Caulfield,1600,13+,dry,1-3m,4,12.75
Caulfield,1600,13+,dry,4-6m,10,6.8
Caulfield,1600,13+,dry,7-9m,12,10.417
Caulfield,1600,13+,dry,true,16,8.938
Caulfield,1600,13+,heavy,true,2,8.0
Caulfield,1600,13+,soft,10m+,3,14.667
Caulfield,1600,13+,soft,7-9m,1,20.0
Caulfield,1600,13+,soft,true,12,12.333
Caulfield,1600,4-6,dry,1-3m,12,8.25
Caulfield,1600,4-6,dry,10m+,24,5.167
Caulfield,1600,4-6,dry,4-6m,63,6.54
Caulfield,1600,4-6,dry,7-9m,57,5.456
Caulfield,1600,4-6,dry,true,77,6.61
Caulfield,1600,4-6,heavy,4-6m,3,10.0
Caulfield,1600,4-6,heavy,true,17,11.765
Caulfield,1600,4-6,soft,10m+,15,10.0
Caulfield,1600,4-6,soft,4-6m,9,9.667
Caulfield,1600,4-6,soft,7-9m,9,11.778
Caulfield,1600,4-6,soft,true,33,7.212
Caulfield,1600,7-9,dry,1-3m,12,9.333
Caulfield,1600,7-9,dry,10m+,13,5.615
Caulfield,1600,7-9,dry,4-6m,55,6.745
Caulfield,1600,7-9,dry,7-9m,50,7.46
Caulfield,1600,7-9,dry,true,64,7.406
Caulfield,1600,7-9,heavy,4-6m,2,16.5
Caulfield,1600,7-9,heavy,true,13,15.769
Caulfield,1600,7-9,soft,10m+,15,7.6
Caulfield,1600,7-9,soft,4-6m,9,7.444
Caulfield,1600,7-9,soft,7-9m,8,14.875
Caulfield,1600,7-9,soft,true,27,8.333
Caulfield,1700,1-3,dry,4-6m,9,4.889
Caulfield,1700,1-3,dry,7-9m,3,1.667
Caulfield,1700,1-3,dry,true,24,4.875
Caulfield,1700,1-3,heavy,4-6m,3,6.333
Caulfield,1700,1-3,heavy,true,3,3.667
Caulfield,1700,1-3,soft,1-3m,9,6.111
Caulfield,1700,1-3,soft,4-6m,6,8.167
Caulfield,1700,1-3,soft,true,15,4.667
Caulfield,1700,10-12,dry,4-6m,5,8.4
Caulfield,1700,10-12,dry,7-9m,1,4.0
Caulfield,1700,10-12,dry,true,18,6.722
Caulfield,1700,10-12,heavy,true,1,11.0
Caulfield,1700,10-12,soft,1-3m,9,12.556
Caulfield,1700,10-12,soft,4-6m,5,10.8
Caulfield,1700,10-12,soft,true,12,7.5
Caulfield,1700,13+,dry,4-6m,1,10.0
Caulfield,1700,13+,dry,true,5,6.0
Caulfield,1700,13+,soft,1-3m,6,11.0
Caulfield,1700,13+,soft,4-6m,4,9.25
Caulfield,1700,13+,soft,true,11,9.455
Caulfield,1700,4-6,dry,4-6m,9,6.889
Caulfield,1700,4-6,dry,7-9m,3,4.667
Caulfield,1700,4-6,dry,true,23,4.957
Caulfield,1700,4-6,heavy,4-6m,3,5.667
Caulfield,1700,4-6,heavy,true,3,3.0
Caulfield,1700,4-6,soft,1-3m,9,9.222
Caulfield,1700,4-6,soft,4-6m,6,10.833
Caulfield,1700,4-6,soft,true,15,4.8
Caulfield,1700,7-9,dry,4-6m,6,8.833
Caulfield,1700,7-9,dry,7-9m,3,7.667
Caulfield,1700,7-9,dry,true,22,7.636
Caulfield,1700,7-9,heavy,4-6m,3,7.333
Caulfield,1700,7-9,heavy,true,3,2.667
Caulfield,1700,7-9,soft,1-3m,9,12.444
Caulfield,1700,7-9,soft,4-6m,6,13.0
Caulfield,1700,7-9,soft,true,13,7.769
Caulfield,1800,1-3,dry,1-3m,12,0.917
Caulfield,1800,1-3,dry,10m+,9,25.444
Caulfield,1800,1-3,dry,4-6m,34,3.029
Caulfield,1800,1-3,dry,7-9m,9,3.667
Caulfield,1800,1-3,dry,true,6,10.0
Caulfield,1800,1-3,heavy,true,3,4.333
Caulfield,1800,1-3,soft,4-6m,9,8.889
Caulfield,1800,1-3,soft,7-9m,9,4.444
Caulfield,1800,1-3,soft,true,9,7.556
Caulfield,1800,10-12,dry,1-3m,5,6.0
Caulfield,1800,10-12,dry,10m+,3,23.667
Caulfield,1800,10-12,dry,4-6m,16,6.062
Caulfield,1800,10-12,dry,7-9m,3,3.0
Caulfield,1800,10-12,dry,true,6,10.0
Caulfield,1800,10-12,heavy,true,1,10.0
Caulfield,1800,10-12,soft,4-6m,3,15.0
Caulfield,1800,10-12,soft,7-9m,5,8.2
Caulfield,1800,10-12,soft,true,3,11.333
Caulfield,1800,13+,dry,1-3m,2,10.0
Caulfield,1800,13+,dry,10m+,1,9.0
Caulfield,1800,13+,dry,4-6m,4,7.25
Caulfield,1800,13+,dry,true,4,12.5
Caulfield,1800,13+,soft,4-6m,2,16.0
Caulfield,1800,13+,soft,7-9m,1,2.0
Caulfield,1800,13+,soft,true,3,15.333
Caulfield,1800,4-6,dry,1-3m,11,2.364
Caulfield,1800,4-6,dry,10m+,9,22.889
Caulfield,1800,4-6,dry,4-6m,35,4.343
Caulfield,1800,4-6,dry,7-9m,12,2.333
Caulfield,1800,4-6,dry,true,6,9.667
Caulfield,1800,4-6,heavy,true,3,7.0
Caulfield,1800,4-6,soft,4-6m,9,9.222
Caulfield,1800,4-6,soft,7-9m,9,5.444
Caulfield,1800,4-6,soft,true,9,7.444
Caulfield,1800,7-9,dry,1-3m,9,3.667
Caulfield,1800,7-9,dry,10m+,7,21.143
Caulfield,1800,7-9,dry,4-6m,29,4.897
Caulfield,1800,7-9,dry,7-9m,10,2.2
Caulfield,1800,7-9,dry,true,6,8.5
Caulfield,1800,7-9,heavy,true,3,8.667
Caulfield,1800,7-9,soft,4-6m,7,9.0
Caulfield,1800,7-9,soft,7-9m,6,6.0
Caulfield,1800,7-9,soft,true,7,9.143
Caulfield,2000,1-3,dry,1-3m,21,6.095
Caulfield,2000,1-3,dry,10m+,27,3.148
Caulfield,2000,1-3,dry,4-6m,49,3.49
Caulfield,2000,1-3,dry,7-9m,42,5.405
Caulfield,2000,1-3,dry,true,45,6.956
Caulfield,2000,1-3,heavy,4-6m,3,23.667
Caulfield,2000,1-3,heavy,true,6,16.167
Caulfield,2000,1-3,soft,1-3m,24,3.542
Caulfield,2000,1-3,soft,10m+,27,5.37
Caulfield,2000,1-3,soft,4-6m,17,9.059
Caulfield,2000,1-3,soft,7-9m,2,3.5
Caulfield,2000,1-3,soft,true,48,8.604
Caulfield,2000,10-12,dry,1-3m,9,11.444
Caulfield,2000,10-12,dry,10m+,15,8.2
Caulfield,2000,10-12,dry,4-6m,31,7.968
Caulfield,2000,10-12,dry,7-9m,24,8.0
Caulfield,2000,10-12,dry,true,19,11.684
Caulfield,2000,10-12,heavy,4-6m,3,29.333
Caulfield,2000,10-12,heavy,true,1,28.0
Caulfield,2000,10-12,soft,1-3m,13,10.923
Caulfield,2000,10-12,soft,10m+,19,9.947
Caulfield,2000,10-12,soft,4-6m,13,14.692
Caulfield,2000,10-12,soft,7-9m,1,12.0
Caulfield,2000,10-12,soft,true,29,14.31
Caulfield,2000,13+,dry,1-3m,3,7.0
Caulfield,2000,13+,dry,10m+,5,15.0
Caulfield,2000,13+,dry,4-6m,23,9.652
Caulfield,2000,13+,dry,7-9m,14,10.571
Caulfield,2000,13+,dry,true,6,11.667
Caulfield,2000,13+,heavy,4-6m,1,34.0
Caulfield,2000,13+,soft,1-3m,3,3.333
Caulfield,2000,13+,soft,10m+,3,16.667
Caulfield,2000,13+,soft,4-6m,4,15.0
Caulfield,2000,13+,soft,true,12,14.417
Caulfield,2000,4-6,dry,1-3m,21,9.095
Caulfield,2000,4-6,dry,10m+,27,6.148
Caulfield,2000,4-6,dry,4-6m,50,5.1
Caulfield,2000,4-6,dry,7-9m,41,6.244
Caulfield,2000,4-6,dry,true,45,8.867
Caulfield,2000,4-6,heavy,4-6m,3,25.333
Caulfield,2000,4-6,heavy,true,6,15.833
Caulfield,2000,4-6,soft,1-3m,24,6.542
Caulfield,2000,4-6,soft,10m+,27,6.704
Caulfield,2000,4-6,soft,4-6m,17,11.765
Caulfield,2000,4-6,soft,7-9m,3,2.333
Caulfield,2000,4-6,soft,true,45,10.267
Caulfield,2000,7-9,dry,1-3m,15,9.667
Caulfield,2000,7-9,dry,10m+,26,6.808
Caulfield,2000,7-9,dry,4-6m,44,5.182
Caulfield,2000,7-9,dry,7-9m,33,8.97
Caulfield,2000,7-9,dry,true,37,11.135
Caulfield,2000,7-9,heavy,4-6m,3,26.667
Caulfield,2000,7-9,heavy,true,6,18.167
Caulfield,2000,7-9,soft,1-3m,21,9.095
Caulfield,2000,7-9,soft,10m+,27,9.148
Caulfield,2000,7-9,soft,4-6m,15,12.533
Caulfield,2000,7-9,soft,7-9m,3,8.667
Caulfield,2000,7-9,soft,true,44,13.023
Caulfield,2400,1-3,dry,1-3m,18,7.556
Caulfield,2400,1-3,dry,10m+,12,6.0
Caulfield,2400,1-3,dry,4-6m,21,6.0
Caulfield,2400,1-3,dry,7-9m,12,3.833
Caulfield,2400,1-3,dry,true,24,7.167
Caulfield,2400,1-3,heavy,true,3,2.333
Caulfield,2400,1-3,soft,1-3m,3,3.0
Caulfield,2400,1-3,soft,10m+,3,17.0
Caulfield,2400,1-3,soft,4-6m,24,10.458
Caulfield,2400,1-3,soft,7-9m,9,7.333
Caulfield,2400,1-3,soft,true,18,4.667
Caulfield,2400,10-12,dry,1-3m,11,11.091
Caulfield,2400,10-12,dry,10m+,3,9.667
Caulfield,2400,10-12,dry,4-6m,4,13.75
Caulfield,2400,10-12,dry,7-9m,5,11.6
Caulfield,2400,10-12,dry,true,6,7.167
Caulfield,2400,10-12,heavy,true,2,8.0
Caulfield,2400,10-12,soft,1-3m,3,10.667
Caulfield,2400,10-12,soft,10m+,1,20.0
Caulfield,2400,10-12,soft,4-6m,9,15.889
Caulfield,2400,10-12,soft,7-9m,6,13.167
Caulfield,2400,10-12,soft,true,13,9.692
Caulfield,2400,13+,dry,1-3m,12,12.083
Caulfield,2400,13+,dry,true,3,7.667
Caulfield,2400,13+,soft,1-3m,6,12.0
Caulfield,2400,13+,soft,4-6m,10,17.5
Caulfield,2400,13+,soft,7-9m,3,19.333
Caulfield,2400,13+,soft,true,12,16.083
Caulfield,2400,4-6,dry,1-3m,18,9.333
Caulfield,2400,4-6,dry,10m+,12,6.75
Caulfield,2400,4-6,dry,4-6m,21,9.286
Caulfield,2400,4-6,dry,7-9m,12,8.167
Caulfield,2400,4-6,dry,true,24,8.958
Caulfield,2400,4-6,heavy,true,3,7.0
Caulfield,2400,4-6,soft,1-3m,3,2.667
Caulfield,2400,4-6,soft,10m+,3,14.0
Caulfield,2400,4-6,soft,4-6m,24,13.333
Caulfield,2400,4-6,soft,7-9m,9,13.0
Caulfield,2400,4-6,soft,true,17,9.412
Caulfield,2400,7-9,dry,1-3m,18,8.278
Caulfield,2400,7-9,dry,10m+,9,12.333
Caulfield,2400,7-9,dry,4-6m,16,8.375
Caulfield,2400,7-9,dry,7-9m,10,9.0
Caulfield,2400,7-9,dry,true,21,6.524
Caulfield,2400,7-9,heavy,true,3,4.0
Caulfield,2400,7-9,soft,1-3m,3,6.667
Caulfield,2400,7-9,soft,10m+,3,21.0
Caulfield,2400,7-9,soft,4-6m,21,15.905
Caulfield,2400,7-9,soft,7-9m,9,13.889
Caulfield,2400,7-9,soft,true,18,10.056
Caulfield Heath,1000,1-3,dry,1-3m,36,3.389
Caulfield Heath,1000,1-3,dry,4-6m,24,3.333
Caulfield Heath,1000,1-3,dry,true,48,3.458
Caulfield Heath,1000,1-3,soft,1-3m,3,6.333
Caulfield Heath,1000,1-3,soft,4-6m,12,3.917
Caulfield Heath,1000,1-3,soft,true,17,4.235
Caulfield Heath,1000,10-12,dry,1-3m,7,5.714
Caulfield Heath,1000,10-12,dry,4-6m,5,6.0
Caulfield Heath,1000,10-12,dry,true,5,6.6
Caulfield Heath,1000,10-12,soft,4-6m,7,5.857
Caulfield Heath,1000,10-12,soft,true,3,8.0
Caulfield Heath,1000,4-6,dry,1-3m,35,4.943
Caulfield Heath,1000,4-6,dry,4-6m,24,5.083
Caulfield Heath,1000,4-6,dry,true,47,4.957
Caulfield Heath,1000,4-6,soft,1-3m,3,7.667
Caulfield Heath,1000,4-6,soft,4-6m,12,4.75
Caulfield Heath,1000,4-6,soft,true,18,5.611
Caulfield Heath,1000,7-9,dry,1-3m,25,5.68
Caulfield Heath,1000,7-9,dry,4-6m,15,6.467
Caulfield Heath,1000,7-9,dry,true,24,5.25
Caulfield Heath,1000,7-9,soft,4-6m,12,6.667
Caulfield Heath,1000,7-9,soft,true,13,6.077
Caulfield Heath,1100,1-3,dry,1-3m,6,1.167
Caulfield Heath,1100,1-3,dry,4-6m,15,3.667
Caulfield Heath,1100,1-3,dry,true,18,3.556
Caulfield Heath,1100,1-3,soft,1-3m,3,7.333
Caulfield Heath,1100,1-3,soft,true,3,1.667
Caulfield Heath,1100,10-12,dry,1-3m,3,4.0
Caulfield Heath,1100,10-12,dry,4-6m,4,5.25
Caulfield Heath,1100,10-12,dry,true,3,5.667
Caulfield Heath,1100,10-12,soft,1-3m,3,7.333
Caulfield Heath,1100,4-6,dry,1-3m,6,4.0
Caulfield Heath,1100,4-6,dry,4-6m,15,4.467
Caulfield Heath,1100,4-6,dry,true,18,4.556
Caulfield Heath,1100,4-6,soft,1-3m,3,7.667
Caulfield Heath,1100,4-6,soft,true,3,3.0
Caulfield Heath,1100,7-9,dry,1-3m,4,3.75
Caulfield Heath,1100,7-9,dry,4-6m,10,5.2
Caulfield Heath,1100,7-9,dry,true,13,5.231
Caulfield Heath,1100,7-9,soft,1-3m,3,8.667
Caulfield Heath,1100,7-9,soft,true,1,7.0
Caulfield Heath,1200,1-3,dry,1-3m,23,3.0
Caulfield Heath,1200,1-3,dry,4-6m,30,2.767
Caulfield Heath,1200,1-3,dry,true,59,3.678
Caulfield Heath,1200,1-3,soft,1-3m,9,4.333
Caulfield Heath,1200,1-3,soft,4-6m,9,4.444
Caulfield Heath,1200,1-3,soft,true,12,3.667
Caulfield Heath,1200,10-12,dry,1-3m,2,8.5
Caulfield Heath,1200,10-12,dry,4-6m,3,8.0
Caulfield Heath,1200,10-12,dry,true,13,7.077
Caulfield Heath,1200,10-12,soft,4-6m,5,8.0
Caulfield Heath,1200,10-12,soft,true,5,5.8
Caulfield Heath,1200,13+,dry,true,1,5.0
Caulfield Heath,1200,4-6,dry,1-3m,24,4.042
Caulfield Heath,1200,4-6,dry,4-6m,30,3.933
Caulfield Heath,1200,4-6,dry,true,60,4.2
Caulfield Heath,1200,4-6,soft,1-3m,9,6.333
Caulfield Heath,1200,4-6,soft,4-6m,9,6.222
Caulfield Heath,1200,4-6,soft,true,12,4.0
Caulfield Heath,1200,7-9,dry,1-3m,17,4.824
Caulfield Heath,1200,7-9,dry,4-6m,16,5.125
Caulfield Heath,1200,7-9,dry,true,53,5.547
Caulfield Heath,1200,7-9,soft,1-3m,8,7.0
Caulfield Heath,1200,7-9,soft,4-6m,9,7.556
Caulfield Heath,1200,7-9,soft,true,9,5.667
Caulfield Heath,1500,1-3,dry,1-3m,24,3.625
Caulfield Heath,1500,1-3,dry,4-6m,21,3.714
Caulfield Heath,1500,1-3,dry,true,33,5.455
Caulfield Heath,1500,1-3,soft,1-3m,9,8.111
Caulfield Heath,1500,1-3,soft,4-6m,18,5.056
Caulfield Heath,1500,1-3,soft,true,3,3.333
Caulfield Heath,1500,10-12,dry,1-3m,2,14.0
Caulfield Heath,1500,10-12,dry,4-6m,1,4.0
Caulfield Heath,1500,10-12,dry,true,4,9.75
Caulfield Heath,1500,10-12,soft,1-3m,5,6.8
Caulfield Heath,1500,10-12,soft,4-6m,6,7.0
Caulfield Heath,1500,10-12,soft,true,1,5.0
Caulfield Heath,1500,4-6,dry,1-3m,24,5.083
Caulfield Heath,1500,4-6,dry,4-6m,21,5.524
Caulfield Heath,1500,4-6,dry,true,33,6.606
Caulfield Heath,1500,4-6,soft,1-3m,9,9.111
Caulfield Heath,1500,4-6,soft,4-6m,18,7.778
Caulfield Heath,1500,4-6,soft,true,3,5.667
Caulfield Heath,1500,7-9,dry,1-3m,14,6.429
Caulfield Heath,1500,7-9,dry,4-6m,17,6.294
Caulfield Heath,1500,7-9,dry,true,20,8.9
Caulfield Heath,1500,7-9,soft,1-3m,9,10.222
Caulfield Heath,1500,7-9,soft,4-6m,12,8.667
Caulfield Heath,1500,7-9,soft,true,3,7.667
Caulfield Heath,1600,1-3,dry,1-3m,26,4.154
Caulfield Heath,1600,1-3,dry,4-6m,15,5.467
Caulfield Heath,1600,1-3,dry,true,27,7.593
Caulfield Heath,1600,1-3,soft,1-3m,3,10.333
Caulfield Heath,1600,1-3,soft,true,6,8.5
Caulfield Heath,1600,10-12,dry,1-3m,3,10.667
Caulfield Heath,1600,10-12,dry,4-6m,3,8.0
Caulfield Heath,1600,10-12,dry,true,3,11.667
Caulfield Heath,1600,10-12,soft,1-3m,2,8.0
Caulfield Heath,1600,4-6,dry,1-3m,27,5.37
Caulfield Heath,1600,4-6,dry,4-6m,15,6.733
Caulfield Heath,1600,4-6,dry,true,26,8.5
Caulfield Heath,1600,4-6,soft,1-3m,3,13.0
Caulfield Heath,1600,4-6,soft,true,6,6.833
Caulfield Heath,1600,7-9,dry,1-3m,17,7.176
Caulfield Heath,1600,7-9,dry,4-6m,6,6.5
Caulfield Heath,1600,7-9,dry,true,15,10.0
Caulfield Heath,1600,7-9,soft,1-3m,3,16.333
Caulfield Heath,1600,7-9,soft,true,2,12.5
Caulfield Heath,1800,1-3,dry,1-3m,21,5.381
Caulfield Heath,1800,1-3,dry,4-6m,24,4.958
Caulfield Heath,1800,1-3,dry,true,32,6.75
Caulfield Heath,1800,1-3,soft,1-3m,6,11.667
Caulfield Heath,1800,1-3,soft,4-6m,6,8.5
Caulfield Heath,1800,1-3,soft,true,6,7.333
Caulfield Heath,1800,10-12,dry,4-6m,9,12.111
Caulfield Heath,1800,10-12,dry,true,3,13.667
Caulfield Heath,1800,10-12,soft,1-3m,4,18.0
Caulfield Heath,1800,10-12,soft,true,4,9.25
Caulfield Heath,1800,4-6,dry,1-3m,21,6.571
Caulfield Heath,1800,4-6,dry,4-6m,24,6.792
Caulfield Heath,1800,4-6,dry,true,33,8.03
Caulfield Heath,1800,4-6,soft,1-3m,6,10.833
Caulfield Heath,1800,4-6,soft,4-6m,6,12.667
Caulfield Heath,1800,4-6,soft,true,6,6.0
Caulfield Heath,1800,7-9,dry,1-3m,14,8.714
Caulfield Heath,1800,7-9,dry,4-6m,19,8.632
Caulfield Heath,1800,7-9,dry,true,25,8.36
Caulfield Heath,1800,7-9,soft,1-3m,6,13.167
Caulfield Heath,1800,7-9,soft,4-6m,5,13.0
Caulfield Heath,1800,7-9,soft,true,6,10.333
Cranbourne,1000,1-3,dry,1-3m,18,2.556
Cranbourne,1000,1-3,dry,4-6m,39,2.359
Cranbourne,1000,1-3,dry,7-9m,87,3.172
Cranbourne,1000,1-3,dry,true,83,3.241
Cranbourne,1000,1-3,heavy,4-6m,6,7.667
Cranbourne,1000,1-3,heavy,true,3,4.0
Cranbourne,1000,1-3,soft,1-3m,6,2.667
Cranbourne,1000,1-3,soft,4-6m,25,2.52
Cranbourne,1000,1-3,soft,7-9m,36,2.583
Cranbourne,1000,1-3,soft,true,54,3.463
Cranbourne,1000,10-12,dry,1-3m,1,7.0
Cranbourne,1000,10-12,dry,4-6m,3,1.667
Cranbourne,1000,10-12,dry,7-9m,1,7.0
Cranbourne,1000,10-12,dry,true,9,10.667
Cranbourne,1000,10-12,heavy,4-6m,2,11.5
Cranbourne,1000,10-12,soft,4-6m,5,7.4
Cranbourne,1000,10-12,soft,7-9m,6,6.167
Cranbourne,1000,10-12,soft,true,10,8.2
Cranbourne,1000,4-6,dry,1-3m,18,4.389
Cranbourne,1000,4-6,dry,4-6m,39,4.821
Cranbourne,1000,4-6,dry,7-9m,86,5.453
Cranbourne,1000,4-6,dry,true,84,5.429
Cranbourne,1000,4-6,heavy,4-6m,6,7.833
Cranbourne,1000,4-6,heavy,true,3,5.333
Cranbourne,1000,4-6,soft,1-3m,6,3.833
Cranbourne,1000,4-6,soft,4-6m,27,3.556
Cranbourne,1000,4-6,soft,7-9m,36,4.167
Cranbourne,1000,4-6,soft,true,54,5.352
Cranbourne,1000,7-9,dry,1-3m,13,6.308
Cranbourne,1000,7-9,dry,4-6m,25,4.36
Cranbourne,1000,7-9,dry,7-9m,49,6.061
Cranbourne,1000,7-9,dry,true,53,7.283
Cranbourne,1000,7-9,heavy,4-6m,4,11.0
Cranbourne,1000,7-9,heavy,true,2,7.5
Cranbourne,1000,7-9,soft,1-3m,6,4.167
Cranbourne,1000,7-9,soft,4-6m,23,5.261
Cranbourne,1000,7-9,soft,7-9m,31,5.097
Cranbourne,1000,7-9,soft,true,37,6.757
Cranbourne,1200,1-3,dry,1-3m,21,2.762
Cranbourne,1200,1-3,dry,4-6m,47,3.085
Cranbourne,1200,1-3,dry,7-9m,81,3.432
Cranbourne,1200,1-3,dry,true,95,4.653
Cranbourne,1200,1-3,heavy,4-6m,3,7.0
Cranbourne,1200,1-3,heavy,true,3,1.333
Cranbourne,1200,1-3,soft,1-3m,3,1.333
Cranbourne,1200,1-3,soft,4-6m,21,2.333
Cranbourne,1200,1-3,soft,7-9m,27,3.926
Cranbourne,1200,1-3,soft,true,24,4.583
Cranbourne,1200,10-12,dry,1-3m,9,4.556
Cranbourne,1200,10-12,dry,4-6m,1,1.0
Cranbourne,1200,10-12,dry,7-9m,4,7.75
Cranbourne,1200,10-12,dry,true,13,8.308
Cranbourne,1200,10-12,heavy,4-6m,3,12.667
Cranbourne,1200,10-12,soft,4-6m,7,8.0
Cranbourne,1200,10-12,soft,7-9m,3,3.0
Cranbourne,1200,10-12,soft,true,7,7.0
Cranbourne,1200,13+,dry,1-3m,4,3.75
Cranbourne,1200,13+,dry,true,1,5.0
Cranbourne,1200,13+,heavy,4-6m,1,12.0
Cranbourne,1200,13+,soft,4-6m,1,11.0
Cranbourne,1200,13+,soft,true,1,9.0
Cranbourne,1200,4-6,dry,1-3m,21,4.667
Cranbourne,1200,4-6,dry,4-6m,48,3.979
Cranbourne,1200,4-6,dry,7-9m,81,4.975
Cranbourne,1200,4-6,dry,true,99,6.02
Cranbourne,1200,4-6,heavy,4-6m,3,10.667
Cranbourne,1200,4-6,heavy,true,3,5.333
Cranbourne,1200,4-6,soft,1-3m,3,3.333
Cranbourne,1200,4-6,soft,4-6m,21,4.286
Cranbourne,1200,4-6,soft,7-9m,26,5.115
Cranbourne,1200,4-6,soft,true,22,4.545
Cranbourne,1200,7-9,dry,1-3m,16,5.188
Cranbourne,1200,7-9,dry,4-6m,31,6.194
Cranbourne,1200,7-9,dry,7-9m,53,4.66
Cranbourne,1200,7-9,dry,true,73,7.534
Cranbourne,1200,7-9,heavy,4-6m,3,9.667
Cranbourne,1200,7-9,heavy,true,3,6.667
Cranbourne,1200,7-9,soft,1-3m,1,7.0
Cranbourne,1200,7-9,soft,4-6m,17,6.647
Cranbourne,1200,7-9,soft,7-9m,20,6.5
Cranbourne,1200,7-9,soft,true,18,7.111
Cranbourne,1300,1-3,dry,1-3m,15,3.4
Cranbourne,1300,1-3,dry,4-6m,18,3.722
Cranbourne,1300,1-3,dry,7-9m,46,3.978
Cranbourne,1300,1-3,dry,true,33,3.273
Cranbourne,1300,1-3,heavy,4-6m,3,10.0
Cranbourne,1300,1-3,soft,1-3m,3,3.0
Cranbourne,1300,1-3,soft,4-6m,6,0.667
Cranbourne,1300,1-3,soft,7-9m,15,2.4
Cranbourne,1300,1-3,soft,true,27,3.037
Cranbourne,1300,10-12,dry,4-6m,6,6.833
Cranbourne,1300,10-12,dry,7-9m,7,6.286
Cranbourne,1300,10-12,dry,true,8,7.375
Cranbourne,1300,10-12,heavy,4-6m,3,9.333
Cranbourne,1300,10-12,soft,1-3m,1,4.0
Cranbourne,1300,10-12,soft,4-6m,1,6.0
Cranbourne,1300,10-12,soft,7-9m,3,5.667
Cranbourne,1300,10-12,soft,true,9,7.333
Cranbourne,1300,13+,heavy,4-6m,2,10.0
Cranbourne,1300,4-6,dry,1-3m,14,4.643
Cranbourne,1300,4-6,dry,4-6m,18,3.611
Cranbourne,1300,4-6,dry,7-9m,47,5.255
Cranbourne,1300,4-6,dry,true,32,5.719
Cranbourne,1300,4-6,heavy,4-6m,3,8.333
Cranbourne,1300,4-6,soft,1-3m,3,3.333
Cranbourne,1300,4-6,soft,4-6m,6,1.0
Cranbourne,1300,4-6,soft,7-9m,15,4.067
Cranbourne,1300,4-6,soft,true,25,3.84
Cranbourne,1300,7-9,dry,1-3m,9,3.0
Cranbourne,1300,7-9,dry,4-6m,17,4.706
Cranbourne,1300,7-9,dry,7-9m,31,5.387
Cranbourne,1300,7-9,dry,true,22,7.273
Cranbourne,1300,7-9,heavy,4-6m,3,8.0
Cranbourne,1300,7-9,soft,1-3m,3,2.0
Cranbourne,1300,7-9,soft,4-6m,6,4.5
Cranbourne,1300,7-9,soft,7-9m,12,4.333
Cranbourne,1300,7-9,soft,true,23,5.348
Cranbourne,1400,1-3,dry,1-3m,17,2.647
Cranbourne,1400,1-3,dry,4-6m,42,3.095
Cranbourne,1400,1-3,dry,7-9m,68,2.794
Cranbourne,1400,1-3,dry,true,63,4.048
Cranbourne,1400,1-3,heavy,4-6m,6,6.167
Cranbourne,1400,1-3,soft,1-3m,3,1.333
Cranbourne,1400,1-3,soft,4-6m,17,5.235
Cranbourne,1400,1-3,soft,7-9m,21,2.952
Cranbourne,1400,1-3,soft,true,21,2.048
Cranbourne,1400,10-12,dry,1-3m,5,5.2
Cranbourne,1400,10-12,dry,4-6m,5,5.8
Cranbourne,1400,10-12,dry,7-9m,13,4.0
Cranbourne,1400,10-12,dry,true,14,7.929
Cranbourne,1400,10-12,heavy,4-6m,4,8.5
Cranbourne,1400,10-12,soft,4-6m,8,5.125
Cranbourne,1400,10-12,soft,7-9m,6,9.333
Cranbourne,1400,10-12,soft,true,8,6.0
Cranbourne,1400,13+,dry,true,2,15.5
Cranbourne,1400,13+,heavy,4-6m,1,11.0
Cranbourne,1400,13+,soft,4-6m,2,3.0
Cranbourne,1400,13+,soft,7-9m,1,2.0
Cranbourne,1400,4-6,dry,1-3m,18,4.389
Cranbourne,1400,4-6,dry,4-6m,42,5.095
Cranbourne,1400,4-6,dry,7-9m,68,3.735
Cranbourne,1400,4-6,dry,true,63,5.698
Cranbourne,1400,4-6,heavy,4-6m,6,6.333
Cranbourne,1400,4-6,soft,1-3m,3,3.0
Cranbourne,1400,4-6,soft,4-6m,18,5.611
Cranbourne,1400,4-6,soft,7-9m,21,3.048
Cranbourne,1400,4-6,soft,true,21,5.667
Cranbourne,1400,7-9,dry,1-3m,16,3.562
Cranbourne,1400,7-9,dry,4-6m,28,5.821
Cranbourne,1400,7-9,dry,7-9m,56,4.589
Cranbourne,1400,7-9,dry,true,53,7.189
Cranbourne,1400,7-9,heavy,4-6m,6,9.5
Cranbourne,1400,7-9,soft,4-6m,16,5.188
Cranbourne,1400,7-9,soft,7-9m,13,3.769
Cranbourne,1400,7-9,soft,true,21,5.667
Cranbourne,1500,1-3,dry,1-3m,9,3.0
Cranbourne,1500,1-3,dry,4-6m,9,3.556
Cranbourne,1500,1-3,dry,7-9m,8,4.0
Cranbourne,1500,1-3,dry,true,15,4.333
Cranbourne,1500,1-3,heavy,4-6m,3,3.667
Cranbourne,1500,1-3,soft,1-3m,2,0.5
Cranbourne,1500,1-3,soft,7-9m,6,4.167
Cranbourne,1500,1-3,soft,true,23,2.609
Cranbourne,1500,10-12,dry,1-3m,3,5.333
Cranbourne,1500,10-12,dry,4-6m,1,2.0
Cranbourne,1500,10-12,dry,7-9m,2,8.0
Cranbourne,1500,10-12,dry,true,8,7.625
Cranbourne,1500,10-12,heavy,4-6m,2,8.5
Cranbourne,1500,10-12,soft,7-9m,3,3.0
Cranbourne,1500,10-12,soft,true,8,5.375
Cranbourne,1500,13+,dry,true,2,4.0
Cranbourne,1500,13+,soft,7-9m,1,2.0
Cranbourne,1500,13+,soft,true,1,2.0
Cranbourne,1500,4-6,dry,1-3m,9,5.111
Cranbourne,1500,4-6,dry,4-6m,9,3.778
Cranbourne,1500,4-6,dry,7-9m,7,3.286
Cranbourne,1500,4-6,dry,true,15,4.4
Cranbourne,1500,4-6,heavy,4-6m,3,6.333
Cranbourne,1500,4-6,soft,1-3m,3,2.0
Cranbourne,1500,4-6,soft,7-9m,5,6.2
Cranbourne,1500,4-6,soft,true,24,4.0
Cranbourne,1500,7-9,dry,1-3m,9,3.778
Cranbourne,1500,7-9,dry,4-6m,8,5.125
Cranbourne,1500,7-9,dry,7-9m,8,5.25
Cranbourne,1500,7-9,dry,true,11,4.727
Cranbourne,1500,7-9,heavy,4-6m,3,12.667
Cranbourne,1500,7-9,soft,1-3m,3,4.667
Cranbourne,1500,7-9,soft,7-9m,3,3.333
Cranbourne,1500,7-9,soft,true,18,4.056
Cranbourne,1600,1-3,dry,1-3m,16,3.062
Cranbourne,1600,1-3,dry,4-6m,33,2.939
Cranbourne,1600,1-3,dry,7-9m,72,3.056
Cranbourne,1600,1-3,dry,true,57,3.719
Cranbourne,1600,1-3,heavy,4-6m,3,5.333
Cranbourne,1600,1-3,heavy,true,3,5.333
Cranbourne,1600,1-3,soft,1-3m,3,3.333
Cranbourne,1600,1-3,soft,4-6m,18,1.833
Cranbourne,1600,1-3,soft,7-9m,21,2.095
Cranbourne,1600,1-3,soft,true,26,2.538
Cranbourne,1600,10-12,dry,1-3m,5,4.4
Cranbourne,1600,10-12,dry,4-6m,7,8.714
Cranbourne,1600,10-12,dry,7-9m,13,6.769
Cranbourne,1600,10-12,dry,true,11,7.909
Cranbourne,1600,10-12,soft,1-3m,1,-4.0
Cranbourne,1600,10-12,soft,4-6m,9,3.444
Cranbourne,1600,10-12,soft,7-9m,7,5.143
Cranbourne,1600,10-12,soft,true,5,5.0
Cranbourne,1600,13+,dry,1-3m,1,11.0
Cranbourne,1600,13+,dry,7-9m,2,7.5
Cranbourne,1600,13+,soft,4-6m,2,5.0
Cranbourne,1600,13+,soft,7-9m,2,15.0
Cranbourne,1600,4-6,dry,1-3m,18,3.278
Cranbourne,1600,4-6,dry,4-6m,33,3.606
Cranbourne,1600,4-6,dry,7-9m,71,5.028
Cranbourne,1600,4-6,dry,true,60,5.2
Cranbourne,1600,4-6,heavy,4-6m,3,8.333
Cranbourne,1600,4-6,heavy,true,3,7.667
Cranbourne,1600,4-6,soft,1-3m,3,1.667
Cranbourne,1600,4-6,soft,4-6m,18,4.056
Cranbourne,1600,4-6,soft,7-9m,21,3.524
Cranbourne,1600,4-6,soft,true,27,6.0
Cranbourne,1600,7-9,dry,1-3m,14,3.643
Cranbourne,1600,7-9,dry,4-6m,26,4.077
Cranbourne,1600,7-9,dry,7-9m,55,5.436
Cranbourne,1600,7-9,dry,true,44,6.545
Cranbourne,1600,7-9,heavy,4-6m,3,7.667
Cranbourne,1600,7-9,soft,1-3m,3,1.667
Cranbourne,1600,7-9,soft,4-6m,10,5.3
Cranbourne,1600,7-9,soft,7-9m,16,5.25
Cranbourne,1600,7-9,soft,true,19,5.684
Cranbourne,2000,1-3,dry,1-3m,14,5.429
Cranbourne,2000,1-3,dry,true,63,9.825
Cranbourne,2000,1-3,soft,1-3m,6,14.167
Cranbourne,2000,1-3,soft,4-6m,3,11.0
Cranbourne,2000,1-3,soft,7-9m,3,6.333
Cranbourne,2000,1-3,soft,true,29,8.69
Cranbourne,2000,10-12,dry,1-3m,7,5.429
Cranbourne,2000,10-12,dry,true,19,16.579
Cranbourne,2000,10-12,soft,1-3m,2,17.5
Cranbourne,2000,10-12,soft,4-6m,3,18.667
Cranbourne,2000,10-12,soft,true,11,12.455
Cranbourne,2000,13+,dry,1-3m,1,11.0
Cranbourne,2000,13+,dry,true,2,16.0
Cranbourne,2000,13+,soft,4-6m,2,9.0
Cranbourne,2000,4-6,dry,1-3m,15,6.6
Cranbourne,2000,4-6,dry,true,63,13.413
Cranbourne,2000,4-6,soft,1-3m,6,14.833
Cranbourne,2000,4-6,soft,4-6m,3,12.333
Cranbourne,2000,4-6,soft,7-9m,3,9.0
Cranbourne,2000,4-6,soft,true,30,11.133
Cranbourne,2000,7-9,dry,1-3m,15,6.667
Cranbourne,2000,7-9,dry,true,47,14.979
Cranbourne,2000,7-9,soft,1-3m,6,12.833
Cranbourne,2000,7-9,soft,4-6m,3,4.333
Cranbourne,2000,7-9,soft,7-9m,3,7.333
Cranbourne,2000,7-9,soft,true,27,12.185
Cranbourne,2100,1-3,dry,4-6m,9,5.111
Cranbourne,2100,1-3,dry,7-9m,27,6.407
Cranbourne,2100,1-3,soft,4-6m,3,2.333
Cranbourne,2100,1-3,soft,7-9m,18,6.056
Cranbourne,2100,10-12,dry,4-6m,2,13.0
Cranbourne,2100,10-12,dry,7-9m,6,6.5
Cranbourne,2100,10-12,soft,7-9m,7,7.571
Cranbourne,2100,4-6,dry,4-6m,9,9.444
Cranbourne,2100,4-6,dry,7-9m,26,10.038
Cranbourne,2100,4-6,soft,4-6m,3,5.0
Cranbourne,2100,4-6,soft,7-9m,17,7.882
Cranbourne,2100,7-9,dry,4-6m,9,12.0
Cranbourne,2100,7-9,dry,7-9m,25,10.48
Cranbourne,2100,7-9,soft,4-6m,3,7.667
Cranbourne,2100,7-9,soft,7-9m,15,8.133
Cranbourne,2500,1-3,dry,1-3m,9,5.778
Cranbourne,2500,1-3,dry,true,12,11.083
Cranbourne,2500,1-3,soft,1-3m,3,5.333
Cranbourne,2500,1-3,soft,7-9m,3,4.667
Cranbourne,2500,1-3,soft,true,15,7.2
Cranbourne,2500,10-12,dry,1-3m,4,15.25
Cranbourne,2500,10-12,dry,true,3,10.333
Cranbourne,2500,10-12,soft,1-3m,2,14.0
Cranbourne,2500,10-12,soft,true,3,19.0
Cranbourne,2500,13+,dry,1-3m,1,8.0
Cranbourne,2500,4-6,dry,1-3m,9,8.444
Cranbourne,2500,4-6,dry,true,12,14.833
Cranbourne,2500,4-6,soft,1-3m,3,2.0
Cranbourne,2500,4-6,soft,7-9m,3,8.333
Cranbourne,2500,4-6,soft,true,15,14.6
Cranbourne,2500,7-9,dry,1-3m,9,12.222
Cranbourne,2500,7-9,dry,true,7,15.429
Cranbourne,2500,7-9,soft,1-3m,3,8.667
Cranbourne,2500,7-9,soft,true,11,16.182
Cranbourne,2600,1-3,dry,4-6m,12,7.5
Cranbourne,2600,1-3,dry,7-9m,13,5.462
Cranbourne,2600,1-3,soft,7-9m,6,1.167
Cranbourne,2600,10-12,dry,4-6m,5,10.0
Cranbourne,2600,10-12,dry,7-9m,1,22.0
Cranbourne,2600,4-6,dry,4-6m,12,10.583
Cranbourne,2600,4-6,dry,7-9m,13,7.769
Cranbourne,2600,4-6,soft,7-9m,6,2.667
Cranbourne,2600,7-9,dry,4-6m,10,12.5
Cranbourne,2600,7-9,dry,7-9m,10,11.7
Cranbourne,2600,7-9,soft,7-9m,2,0.0
Dalby,1000,1-3,dry,true,72,2.292
Dalby,1000,1-3,soft,true,18,1.444
Dalby,1000,10-12,dry,true,16,4.562
Dalby,1000,10-12,soft,true,4,4.25
Dalby,1000,4-6,dry,true,72,2.833
Dalby,1000,4-6,soft,true,18,2.778
Dalby,1000,7-9,dry,true,69,3.696
Dalby,1000,7-9,soft,true,18,3.611
Dalby,1100,1-3,dry,true,18,3.0
Dalby,1100,10-12,dry,true,2,5.0
Dalby,1100,4-6,dry,true,17,3.294
Dalby,1100,7-9,dry,true,13,2.462
Dalby,1200,1-3,dry,true,27,3.593
Dalby,1200,1-3,soft,true,6,0.333
Dalby,1200,10-12,dry,true,3,6.0
Dalby,1200,10-12,soft,true,1,6.0
Dalby,1200,4-6,dry,true,27,4.481
Dalby,1200,4-6,soft,true,6,4.167
Dalby,1200,7-9,dry,true,24,5.125
Dalby,1200,7-9,soft,true,6,6.667
Dalby,1400,1-3,dry,true,86,3.953
Dalby,1400,1-3,soft,true,15,1.933
Dalby,1400,10-12,dry,true,17,5.765
Dalby,1400,10-12,soft,true,3,4.667
Dalby,1400,4-6,dry,true,83,5.554
Dalby,1400,4-6,soft,true,15,3.8
Dalby,1400,7-9,dry,true,70,5.043
Dalby,1400,7-9,soft,true,15,5.133
Dalby,2000,1-3,dry,true,9,10.444
Dalby,2000,1-3,soft,true,3,9.333
Dalby,2000,10-12,soft,true,1,12.0
Dalby,2000,4-6,dry,true,9,9.444
Dalby,2000,4-6,soft,true,3,11.667
Dalby,2000,7-9,dry,true,9,10.111
Dalby,2000,7-9,soft,true,3,14.0
Doomben,1000,1-3,dry,1-3m,9,-0.556
Doomben,1000,1-3,dry,10m+,6,1.5
Doomben,1000,1-3,dry,4-6m,41,2.317
Doomben,1000,1-3,dry,7-9m,12,-1.0
Doomben,1000,1-3,heavy,10m+,3,0.667
Doomben,1000,1-3,soft,1-3m,12,2.833
Doomben,1000,1-3,soft,10m+,3,-2.333
Doomben,1000,1-3,soft,4-6m,17,-0.059
Doomben,1000,1-3,soft,7-9m,1,-1.0
Doomben,1000,10-12,dry,1-3m,5,4.4
Doomben,1000,10-12,dry,4-6m,4,8.5
Doomben,1000,10-12,dry,7-9m,2,2.0
Doomben,1000,10-12,soft,1-3m,4,9.5
Doomben,1000,10-12,soft,4-6m,7,5.286
Doomben,1000,13+,dry,1-3m,1,8.0
Doomben,1000,13+,soft,4-6m,1,5.0
Doomben,1000,4-6,dry,1-3m,9,0.889
Doomben,1000,4-6,dry,10m+,6,4.167
Doomben,1000,4-6,dry,4-6m,40,3.225
Doomben,1000,4-6,dry,7-9m,12,2.167
Doomben,1000,4-6,heavy,10m+,3,-1.0
Doomben,1000,4-6,soft,1-3m,12,6.083
Doomben,1000,4-6,soft,10m+,3,-0.667
Doomben,1000,4-6,soft,4-6m,18,1.389
Doomben,1000,4-6,soft,7-9m,3,1.333
Doomben,1000,7-9,dry,1-3m,6,4.5
Doomben,1000,7-9,dry,10m+,5,0.6
Doomben,1000,7-9,dry,4-6m,33,4.909
Doomben,1000,7-9,dry,7-9m,7,1.714
Doomben,1000,7-9,soft,1-3m,9,1.444
Doomben,1000,7-9,soft,10m+,3,-0.333
Doomben,1000,7-9,soft,4-6m,12,4.083
Doomben,1100,1-3,dry,1-3m,34,1.412
Doomben,1100,1-3,dry,10m+,35,0.6
Doomben,1100,1-3,dry,4-6m,154,2.331
Doomben,1100,1-3,dry,7-9m,54,2.556
Doomben,1100,1-3,dry,true,34,0.676
Doomben,1100,1-3,heavy,1-3m,3,-2.0
Doomben,1100,1-3,heavy,10m+,3,0.0
Doomben,1100,1-3,heavy,4-6m,6,3.833
Doomben,1100,1-3,heavy,7-9m,3,-0.333
Doomben,1100,1-3,heavy,true,8,0.75
Doomben,1100,1-3,soft,1-3m,50,2.34
Doomben,1100,1-3,soft,10m+,20,2.7
Doomben,1100,1-3,soft,4-6m,78,1.474
Doomben,1100,1-3,soft,7-9m,20,1.15
Doomben,1100,1-3,soft,true,14,1.857
Doomben,1100,10-12,dry,1-3m,16,4.625
Doomben,1100,10-12,dry,10m+,10,5.5
Doomben,1100,10-12,dry,4-6m,42,5.071
Doomben,1100,10-12,dry,7-9m,18,5.444
Doomben,1100,10-12,dry,true,15,5.333
Doomben,1100,10-12,heavy,10m+,1,4.0
Doomben,1100,10-12,heavy,4-6m,3,5.333
Doomben,1100,10-12,heavy,true,1,4.0
Doomben,1100,10-12,soft,1-3m,33,6.848
Doomben,1100,10-12,soft,4-6m,15,5.733
Doomben,1100,10-12,soft,7-9m,9,4.222
Doomben,1100,10-12,soft,true,11,3.909
Doomben,1100,13+,dry,1-3m,4,4.0
Doomben,1100,13+,dry,4-6m,4,6.25
Doomben,1100,13+,dry,7-9m,2,6.5
Doomben,1100,13+,dry,true,5,8.2
Doomben,1100,13+,heavy,4-6m,3,13.667
Doomben,1100,13+,soft,1-3m,9,6.111
Doomben,1100,13+,soft,4-6m,4,2.5
Doomben,1100,13+,soft,7-9m,1,6.0
Doomben,1100,13+,soft,true,3,2.333
Doomben,1100,4-6,dry,1-3m,35,2.6
Doomben,1100,4-6,dry,10m+,35,1.257
Doomben,1100,4-6,dry,4-6m,156,3.487
Doomben,1100,4-6,dry,7-9m,54,4.648
Doomben,1100,4-6,dry,true,35,2.229
Doomben,1100,4-6,heavy,1-3m,2,4.0
Doomben,1100,4-6,heavy,10m+,3,3.0
Doomben,1100,4-6,heavy,4-6m,6,4.5
Doomben,1100,4-6,heavy,7-9m,2,1.5
Doomben,1100,4-6,heavy,true,8,5.125
Doomben,1100,4-6,soft,1-3m,51,3.255
Doomben,1100,4-6,soft,10m+,20,4.15
Doomben,1100,4-6,soft,4-6m,77,3.195
Doomben,1100,4-6,soft,7-9m,21,1.857
Doomben,1100,4-6,soft,true,15,3.333
Doomben,1100,7-9,dry,1-3m,30,3.667
Doomben,1100,7-9,dry,10m+,33,2.242
Doomben,1100,7-9,dry,4-6m,134,4.299
Doomben,1100,7-9,dry,7-9m,45,4.267
Doomben,1100,7-9,dry,true,32,2.438
Doomben,1100,7-9,heavy,1-3m,1,1.0
Doomben,1100,7-9,heavy,10m+,3,1.0
Doomben,1100,7-9,heavy,4-6m,3,9.0
Doomben,1100,7-9,heavy,7-9m,2,5.5
Doomben,1100,7-9,heavy,true,4,2.0
Doomben,1100,7-9,soft,1-3m,50,4.32
Doomben,1100,7-9,soft,10m+,10,4.2
Doomben,1100,7-9,soft,4-6m,55,4.327
Doomben,1100,7-9,soft,7-9m,18,3.444
Doomben,1100,7-9,soft,true,15,4.467
Doomben,1200,1-3,dry,1-3m,51,0.784
Doomben,1200,1-3,dry,10m+,60,2.6
Doomben,1200,1-3,dry,4-6m,306,1.412
Doomben,1200,1-3,dry,7-9m,135,1.533
Doomben,1200,1-3,dry,true,55,0.836
Doomben,1200,1-3,heavy,1-3m,15,0.2
Doomben,1200,1-3,heavy,10m+,3,2.0
Doomben,1200,1-3,heavy,4-6m,9,3.333
Doomben,1200,1-3,heavy,7-9m,6,0.167
Doomben,1200,1-3,heavy,true,9,1.889
Doomben,1200,1-3,soft,1-3m,55,2.2
Doomben,1200,1-3,soft,10m+,35,0.8
Doomben,1200,1-3,soft,4-6m,158,2.563
Doomben,1200,1-3,soft,7-9m,45,2.578
Doomben,1200,1-3,soft,true,22,1.864
Doomben,1200,10-12,dry,1-3m,29,2.483
Doomben,1200,10-12,dry,10m+,32,3.031
Doomben,1200,10-12,dry,4-6m,121,3.413
Doomben,1200,10-12,dry,7-9m,68,3.309
Doomben,1200,10-12,dry,true,27,3.333
Doomben,1200,10-12,heavy,4-6m,3,13.0
Doomben,1200,10-12,heavy,7-9m,1,-1.0
Doomben,1200,10-12,heavy,true,7,8.857
Doomben,1200,10-12,soft,1-3m,32,4.969
Doomben,1200,10-12,soft,10m+,11,3.182
Doomben,1200,10-12,soft,4-6m,51,3.745
Doomben,1200,10-12,soft,7-9m,19,3.474
Doomben,1200,10-12,soft,true,10,4.3
Doomben,1200,13+,dry,1-3m,1,-2.0
Doomben,1200,13+,dry,4-6m,22,4.0
Doomben,1200,13+,dry,7-9m,5,2.4
Doomben,1200,13+,dry,true,1,5.0
Doomben,1200,13+,heavy,true,3,2.333
Doomben,1200,13+,soft,1-3m,11,3.091
Doomben,1200,13+,soft,4-6m,2,2.0
Doomben,1200,13+,soft,7-9m,1,11.0
Doomben,1200,13+,soft,true,3,3.333
Doomben,1200,4-6,dry,1-3m,53,1.774
Doomben,1200,4-6,dry,10m+,59,3.881
Doomben,1200,4-6,dry,4-6m,311,2.582
Doomben,1200,4-6,dry,7-9m,139,2.698
Doomben,1200,4-6,dry,true,56,1.857
Doomben,1200,4-6,heavy,1-3m,13,2.154
Doomben,1200,4-6,heavy,10m+,3,2.0
Doomben,1200,4-6,heavy,4-6m,8,6.0
Doomben,1200,4-6,heavy,7-9m,6,2.333
Doomben,1200,4-6,heavy,true,9,3.0
Doomben,1200,4-6,soft,1-3m,56,3.821
Doomben,1200,4-6,soft,10m+,35,2.486
Doomben,1200,4-6,soft,4-6m,158,3.481
Doomben,1200,4-6,soft,7-9m,44,3.614
Doomben,1200,4-6,soft,true,23,2.478
Doomben,1200,7-9,dry,1-3m,50,3.22
Doomben,1200,7-9,dry,10m+,59,4.271
Doomben,1200,7-9,dry,4-6m,272,3.199
Doomben,1200,7-9,dry,7-9m,129,2.899
Doomben,1200,7-9,dry,true,48,2.625
Doomben,1200,7-9,heavy,1-3m,5,1.6
Doomben,1200,7-9,heavy,10m+,3,2.333
Doomben,1200,7-9,heavy,4-6m,6,8.667
Doomben,1200,7-9,heavy,7-9m,5,6.4
Doomben,1200,7-9,heavy,true,8,6.125
Doomben,1200,7-9,soft,1-3m,50,4.46
Doomben,1200,7-9,soft,10m+,30,3.033
Doomben,1200,7-9,soft,4-6m,129,4.008
Doomben,1200,7-9,soft,7-9m,40,4.525
Doomben,1200,7-9,soft,true,21,3.952
Doomben,1400,1-3,dry,1-3m,69,0.87
Doomben,1400,1-3,dry,10m+,58,1.552
Doomben,1400,1-3,dry,4-6m,329,2.48
Doomben,1400,1-3,dry,7-9m,95,1.432
Doomben,1400,1-3,dry,true,49,1.51
Doomben,1400,1-3,heavy,1-3m,12,5.167
Doomben,1400,1-3,heavy,10m+,6,1.667
Doomben,1400,1-3,heavy,4-6m,12,1.917
Doomben,1400,1-3,heavy,7-9m,3,3.333
Doomben,1400,1-3,heavy,true,8,2.0
Doomben,1400,1-3,soft,1-3m,55,1.4
Doomben,1400,1-3,soft,10m+,50,1.1
Doomben,1400,1-3,soft,4-6m,169,2.663
Doomben,1400,1-3,soft,7-9m,49,1.816
Doomben,1400,1-3,soft,true,24,1.542
Doomben,1400,10-12,dry,1-3m,36,3.639
Doomben,1400,10-12,dry,10m+,39,3.821
Doomben,1400,10-12,dry,4-6m,145,4.145
Doomben,1400,10-12,dry,7-9m,45,3.4
Doomben,1400,10-12,dry,true,27,3.074
Doomben,1400,10-12,heavy,1-3m,1,7.0
Doomben,1400,10-12,heavy,4-6m,2,4.5
Doomben,1400,10-12,heavy,7-9m,1,6.0
Doomben,1400,10-12,heavy,true,7,2.286
Doomben,1400,10-12,soft,1-3m,32,4.688
Doomben,1400,10-12,soft,10m+,22,4.0
Doomben,1400,10-12,soft,4-6m,70,4.886
Doomben,1400,10-12,soft,7-9m,32,3.312
Doomben,1400,10-12,soft,true,13,4.077
Doomben,1400,13+,dry,1-3m,21,3.19
Doomben,1400,13+,dry,10m+,2,2.5
Doomben,1400,13+,dry,4-6m,32,4.781
Doomben,1400,13+,dry,7-9m,7,3.286
Doomben,1400,13+,dry,true,7,2.571
Doomben,1400,13+,heavy,true,1,2.0
Doomben,1400,13+,soft,1-3m,21,6.333
Doomben,1400,13+,soft,4-6m,18,6.611
Doomben,1400,13+,soft,7-9m,8,4.0
Doomben,1400,13+,soft,true,4,2.5
Doomben,1400,4-6,dry,1-3m,72,1.597
Doomben,1400,4-6,dry,10m+,59,2.864
Doomben,1400,4-6,dry,4-6m,327,3.104
Doomben,1400,4-6,dry,7-9m,95,2.474
Doomben,1400,4-6,dry,true,51,1.98
Doomben,1400,4-6,heavy,1-3m,12,3.0
Doomben,1400,4-6,heavy,10m+,6,3.333
Doomben,1400,4-6,heavy,4-6m,11,3.182
Doomben,1400,4-6,heavy,7-9m,3,5.667
Doomben,1400,4-6,heavy,true,9,4.556
Doomben,1400,4-6,soft,1-3m,57,2.702
Doomben,1400,4-6,soft,10m+,51,2.196
Doomben,1400,4-6,soft,4-6m,179,3.497
Doomben,1400,4-6,soft,7-9m,51,2.843
Doomben,1400,4-6,soft,true,24,2.833
Doomben,1400,7-9,dry,1-3m,61,2.656
Doomben,1400,7-9,dry,10m+,55,3.055
Doomben,1400,7-9,dry,4-6m,309,3.515
Doomben,1400,7-9,dry,7-9m,86,2.872
Doomben,1400,7-9,dry,true,48,2.271
Doomben,1400,7-9,heavy,1-3m,9,5.222
Doomben,1400,7-9,heavy,10m+,4,4.25
Doomben,1400,7-9,heavy,4-6m,7,4.143
Doomben,1400,7-9,heavy,7-9m,3,5.0
Doomben,1400,7-9,heavy,true,9,4.333
Doomben,1400,7-9,soft,1-3m,51,4.235
Doomben,1400,7-9,soft,10m+,46,2.261
Doomben,1400,7-9,soft,4-6m,155,4.219
Doomben,1400,7-9,soft,7-9m,47,2.489
Doomben,1400,7-9,soft,true,22,2.591
Doomben,1600,1-3,dry,1-3m,51,1.235
Doomben,1600,1-3,dry,4-6m,239,2.72
Doomben,1600,1-3,dry,7-9m,69,0.739
Doomben,1600,1-3,dry,true,36,0.778
Doomben,1600,1-3,heavy,4-6m,9,4.667
Doomben,1600,1-3,heavy,7-9m,6,-0.167
Doomben,1600,1-3,heavy,true,6,1.667
Doomben,1600,1-3,soft,1-3m,53,2.623
Doomben,1600,1-3,soft,4-6m,110,1.945
Doomben,1600,1-3,soft,7-9m,33,0.879
Doomben,1600,1-3,soft,true,20,1.8
Doomben,1600,10-12,dry,1-3m,23,3.13
Doomben,1600,10-12,dry,4-6m,85,4.271
Doomben,1600,10-12,dry,7-9m,27,4.222
Doomben,1600,10-12,dry,true,20,3.9
Doomben,1600,10-12,heavy,4-6m,6,9.0
Doomben,1600,10-12,heavy,true,3,3.667
Doomben,1600,10-12,soft,1-3m,31,7.355
Doomben,1600,10-12,soft,4-6m,47,5.298
Doomben,1600,10-12,soft,7-9m,20,6.5
Doomben,1600,10-12,soft,true,18,5.167
Doomben,1600,13+,dry,1-3m,8,4.875
Doomben,1600,13+,dry,4-6m,11,3.364
Doomben,1600,13+,dry,true,7,5.857
Doomben,1600,13+,heavy,4-6m,2,10.0
Doomben,1600,13+,heavy,true,3,7.0
Doomben,1600,13+,soft,1-3m,12,5.417
Doomben,1600,13+,soft,4-6m,4,6.75
Doomben,1600,13+,soft,7-9m,1,4.0
Doomben,1600,13+,soft,true,6,6.167
Doomben,1600,4-6,dry,1-3m,59,2.542
Doomben,1600,4-6,dry,4-6m,245,4.208
Doomben,1600,4-6,dry,7-9m,72,3.208
Doomben,1600,4-6,dry,true,39,2.487
Doomben,1600,4-6,heavy,4-6m,9,7.333
Doomben,1600,4-6,heavy,7-9m,6,1.167
Doomben,1600,4-6,heavy,true,6,3.167
Doomben,1600,4-6,soft,1-3m,54,4.093
Doomben,1600,4-6,soft,4-6m,116,3.69
Doomben,1600,4-6,soft,7-9m,38,3.553
Doomben,1600,4-6,soft,true,21,2.762
Doomben,1600,7-9,dry,1-3m,53,2.943
Doomben,1600,7-9,dry,4-6m,208,5.183
Doomben,1600,7-9,dry,7-9m,61,2.984
Doomben,1600,7-9,dry,true,36,5.583
Doomben,1600,7-9,heavy,4-6m,9,9.333
Doomben,1600,7-9,heavy,7-9m,2,8.0
Doomben,1600,7-9,heavy,true,4,4.75
Doomben,1600,7-9,soft,1-3m,49,5.918
Doomben,1600,7-9,soft,4-6m,105,4.162
Doomben,1600,7-9,soft,7-9m,33,4.273
Doomben,1600,7-9,soft,true,21,2.619
Doomben,1700,1-3,dry,10m+,34,0.235
Doomben,1700,1-3,dry,4-6m,6,0.333
Doomben,1700,1-3,heavy,10m+,6,2.167
Doomben,1700,1-3,heavy,4-6m,2,4.5
Doomben,1700,1-3,soft,10m+,19,1.579
Doomben,1700,1-3,soft,4-6m,21,0.714
Doomben,1700,10-12,dry,10m+,1,3.0
Doomben,1700,10-12,heavy,10m+,1,9.0
Doomben,1700,10-12,soft,10m+,1,5.0
Doomben,1700,4-6,dry,10m+,39,2.795
Doomben,1700,4-6,dry,4-6m,6,1.0
Doomben,1700,4-6,heavy,10m+,6,4.667
Doomben,1700,4-6,heavy,4-6m,2,1.5
Doomben,1700,4-6,soft,10m+,21,2.143
Doomben,1700,4-6,soft,4-6m,21,2.238
Doomben,1700,7-9,dry,10m+,36,2.111
Doomben,1700,7-9,dry,4-6m,5,3.8
Doomben,1700,7-9,heavy,10m+,5,3.4
Doomben,1700,7-9,soft,10m+,16,3.188
Doomben,1700,7-9,soft,4-6m,9,2.222
Doomben,2000,1-3,dry,1-3m,21,4.048
Doomben,2000,1-3,dry,4-6m,65,2.308
Doomben,2000,1-3,dry,7-9m,18,5.167
Doomben,2000,1-3,dry,true,9,-2.222
Doomben,2000,1-3,heavy,1-3m,3,-2.0
Doomben,2000,1-3,heavy,4-6m,2,4.0
Doomben,2000,1-3,heavy,7-9m,2,-3.0
Doomben,2000,1-3,heavy,true,6,1.333
Doomben,2000,1-3,soft,1-3m,24,2.5
Doomben,2000,1-3,soft,4-6m,37,7.108
Doomben,2000,1-3,soft,7-9m,8,0.75
Doomben,2000,1-3,soft,true,13,6.769
Doomben,2000,10-12,dry,1-3m,18,3.611
Doomben,2000,10-12,dry,4-6m,32,4.375
Doomben,2000,10-12,dry,7-9m,9,0.222
Doomben,2000,10-12,dry,true,8,0.375
Doomben,2000,10-12,heavy,4-6m,1,3.0
Doomben,2000,10-12,heavy,7-9m,2,0.5
Doomben,2000,10-12,heavy,true,5,5.0
Doomben,2000,10-12,soft,1-3m,18,3.111
Doomben,2000,10-12,soft,4-6m,27,8.593
Doomben,2000,10-12,soft,7-9m,6,4.667
Doomben,2000,10-12,soft,true,13,5.154
Doomben,2000,13+,dry,1-3m,15,3.533
Doomben,2000,13+,dry,4-6m,10,5.2
Doomben,2000,13+,dry,true,3,3.333
Doomben,2000,13+,heavy,true,1,9.0
Doomben,2000,13+,soft,1-3m,11,5.545
Doomben,2000,13+,soft,4-6m,10,14.8
Doomben,2000,13+,soft,7-9m,2,1.0
Doomben,2000,13+,soft,true,12,8.667
Doomben,2000,4-6,dry,1-3m,24,3.5
Doomben,2000,4-6,dry,4-6m,77,4.312
Doomben,2000,4-6,dry,7-9m,17,5.824
Doomben,2000,4-6,dry,true,11,-1.091
Doomben,2000,4-6,heavy,1-3m,3,0.333
Doomben,2000,4-6,heavy,4-6m,4,-3.0
Doomben,2000,4-6,heavy,7-9m,2,3.5
Doomben,2000,4-6,heavy,true,5,0.8
Doomben,2000,4-6,soft,1-3m,31,2.29
Doomben,2000,4-6,soft,4-6m,43,7.791
Doomben,2000,4-6,soft,7-9m,7,3.143
Doomben,2000,4-6,soft,true,13,8.231
Doomben,2000,7-9,dry,1-3m,21,3.667
Doomben,2000,7-9,dry,4-6m,62,4.29
Doomben,2000,7-9,dry,7-9m,15,4.533
Doomben,2000,7-9,dry,true,14,1.5
Doomben,2000,7-9,heavy,1-3m,2,-1.5
Doomben,2000,7-9,heavy,4-6m,6,1.333
Doomben,2000,7-9,heavy,7-9m,3,0.667
Doomben,2000,7-9,heavy,true,6,4.333
Doomben,2000,7-9,soft,1-3m,28,4.179
Doomben,2000,7-9,soft,4-6m,40,5.65
Doomben,2000,7-9,soft,7-9m,8,2.125
Doomben,2000,7-9,soft,true,15,6.0
Doomben,2100,1-3,dry,10m+,9,-1.556
Doomben,2100,1-3,dry,4-6m,16,6.25
Doomben,2100,1-3,dry,7-9m,7,0.714
Doomben,2100,1-3,heavy,4-6m,3,2.0
Doomben,2100,1-3,soft,10m+,10,1.5
Doomben,2100,1-3,soft,4-6m,6,1.0
Doomben,2100,10-12,dry,10m+,1,-3.0
Doomben,2100,10-12,dry,4-6m,8,3.75
Doomben,2100,10-12,dry,7-9m,5,4.0
Doomben,2100,10-12,soft,10m+,9,2.778
Doomben,2100,4-6,dry,10m+,11,2.091
Doomben,2100,4-6,dry,4-6m,17,8.706
Doomben,2100,4-6,dry,7-9m,6,2.333
Doomben,2100,4-6,heavy,4-6m,2,-3.0
Doomben,2100,4-6,soft,10m+,10,4.9
Doomben,2100,4-6,soft,4-6m,6,2.667
Doomben,2100,7-9,dry,10m+,9,0.222
Doomben,2100,7-9,dry,4-6m,17,9.471
Doomben,2100,7-9,dry,7-9m,7,4.0
Doomben,2100,7-9,soft,10m+,12,4.25
Doomben,2100,7-9,soft,4-6m,3,-0.667
Doomben,2200,1-3,dry,1-3m,18,3.667
Doomben,2200,1-3,dry,4-6m,25,2.64
Doomben,2200,1-3,dry,7-9m,3,19.0
Doomben,2200,1-3,dry,true,6,6.5
Doomben,2200,1-3,heavy,1-3m,3,-0.667
Doomben,2200,1-3,heavy,10m+,1,3.0
Doomben,2200,1-3,heavy,true,2,3.5
Doomben,2200,1-3,soft,1-3m,2,-1.0
Doomben,2200,1-3,soft,4-6m,13,8.846
Doomben,2200,1-3,soft,true,3,-4.0
Doomben,2200,10-12,dry,1-3m,7,0.0
Doomben,2200,10-12,dry,4-6m,6,2.167
Doomben,2200,10-12,dry,true,1,3.0
Doomben,2200,10-12,heavy,1-3m,3,4.333
Doomben,2200,10-12,heavy,10m+,3,4.0
Doomben,2200,10-12,heavy,true,2,-0.5
Doomben,2200,10-12,soft,1-3m,1,-2.0
Doomben,2200,10-12,soft,4-6m,3,8.333
Doomben,2200,13+,dry,1-3m,1,-1.0
Doomben,2200,13+,dry,4-6m,1,1.0
Doomben,2200,13+,heavy,1-3m,1,-4.0
Doomben,2200,4-6,dry,1-3m,19,2.632
Doomben,2200,4-6,dry,4-6m,24,3.667
Doomben,2200,4-6,dry,7-9m,3,10.667
Doomben,2200,4-6,dry,true,6,8.0
Doomben,2200,4-6,heavy,1-3m,3,2.333
Doomben,2200,4-6,heavy,10m+,2,2.0
Doomben,2200,4-6,heavy,true,1,-5.0
Doomben,2200,4-6,soft,1-3m,3,0.667
Doomben,2200,4-6,soft,4-6m,12,8.833
Doomben,2200,4-6,soft,true,4,1.0
Doomben,2200,7-9,dry,1-3m,14,5.571
Doomben,2200,7-9,dry,4-6m,19,5.263
Doomben,2200,7-9,dry,true,3,6.333
Doomben,2200,7-9,heavy,1-3m,2,1.5
Doomben,2200,7-9,heavy,10m+,3,2.333
Doomben,2200,7-9,heavy,true,3,-0.667
Doomben,2200,7-9,soft,1-3m,1,4.0
Doomben,2200,7-9,soft,4-6m,11,3.364
Doomben,2200,7-9,soft,true,6,3.833
Eagle Farm,1000,1-3,dry,1-3m,83,2.711
Eagle Farm,1000,1-3,dry,10m+,36,2.278
Eagle Farm,1000,1-3,dry,4-6m,155,3.0
Eagle Farm,1000,1-3,dry,7-9m,72,2.458
Eagle Farm,1000,1-3,dry,true,31,2.29
Eagle Farm,1000,1-3,heavy,1-3m,6,4.167
Eagle Farm,1000,1-3,heavy,7-9m,3,4.0
Eagle Farm,1000,1-3,soft,1-3m,51,3.569
Eagle Farm,1000,1-3,soft,10m+,48,2.5
Eagle Farm,1000,1-3,soft,4-6m,81,3.975
Eagle Farm,1000,1-3,soft,7-9m,28,3.107
Eagle Farm,1000,1-3,soft,true,6,6.0
Eagle Farm,1000,10-12,dry,1-3m,31,6.806
Eagle Farm,1000,10-12,dry,10m+,3,9.0
Eagle Farm,1000,10-12,dry,4-6m,29,6.862
Eagle Farm,1000,10-12,dry,7-9m,11,7.818
Eagle Farm,1000,10-12,dry,true,10,8.9
Eagle Farm,1000,10-12,heavy,1-3m,4,6.0
Eagle Farm,1000,10-12,heavy,7-9m,1,14.0
Eagle Farm,1000,10-12,soft,1-3m,15,6.2
Eagle Farm,1000,10-12,soft,10m+,12,6.417
Eagle Farm,1000,10-12,soft,4-6m,19,11.053
Eagle Farm,1000,10-12,soft,7-9m,11,8.727
Eagle Farm,1000,10-12,soft,true,2,10.5
Eagle Farm,1000,4-6,dry,1-3m,82,4.183
Eagle Farm,1000,4-6,dry,10m+,38,3.553
Eagle Farm,1000,4-6,dry,4-6m,152,5.02
Eagle Farm,1000,4-6,dry,7-9m,74,4.257
Eagle Farm,1000,4-6,dry,true,33,4.212
Eagle Farm,1000,4-6,heavy,1-3m,6,2.167
Eagle Farm,1000,4-6,heavy,7-9m,3,8.667
Eagle Farm,1000,4-6,soft,1-3m,50,5.7
Eagle Farm,1000,4-6,soft,10m+,48,5.021
Eagle Farm,1000,4-6,soft,4-6m,81,5.914
Eagle Farm,1000,4-6,soft,7-9m,29,5.103
Eagle Farm,1000,4-6,soft,true,6,6.5
Eagle Farm,1000,7-9,dry,1-3m,71,6.592
Eagle Farm,1000,7-9,dry,10m+,20,6.5
Eagle Farm,1000,7-9,dry,4-6m,106,6.104
Eagle Farm,1000,7-9,dry,7-9m,54,5.333
Eagle Farm,1000,7-9,dry,true,26,5.731
Eagle Farm,1000,7-9,heavy,1-3m,6,2.667
Eagle Farm,1000,7-9,heavy,7-9m,3,9.0
Eagle Farm,1000,7-9,soft,1-3m,44,6.523
Eagle Farm,1000,7-9,soft,10m+,40,5.625
Eagle Farm,1000,7-9,soft,4-6m,60,7.433
Eagle Farm,1000,7-9,soft,7-9m,22,5.727
Eagle Farm,1000,7-9,soft,true,4,7.75
Eagle Farm,1200,1-3,dry,1-3m,135,3.867
Eagle Farm,1200,1-3,dry,10m+,61,4.23
Eagle Farm,1200,1-3,dry,4-6m,266,4.718
Eagle Farm,1200,1-3,dry,7-9m,81,5.321
Eagle Farm,1200,1-3,dry,true,36,3.528
Eagle Farm,1200,1-3,heavy,1-3m,15,6.0
Eagle Farm,1200,1-3,heavy,4-6m,9,13.222
Eagle Farm,1200,1-3,heavy,7-9m,3,3.667
Eagle Farm,1200,1-3,soft,1-3m,53,5.774
Eagle Farm,1200,1-3,soft,10m+,56,4.232
Eagle Farm,1200,1-3,soft,4-6m,96,4.469
Eagle Farm,1200,1-3,soft,7-9m,48,6.271
Eagle Farm,1200,1-3,soft,true,12,5.583
Eagle Farm,1200,10-12,dry,1-3m,52,8.596
Eagle Farm,1200,10-12,dry,10m+,14,6.929
Eagle Farm,1200,10-12,dry,4-6m,136,8.449
Eagle Farm,1200,10-12,dry,7-9m,28,9.393
Eagle Farm,1200,10-12,dry,true,14,6.0
Eagle Farm,1200,10-12,heavy,1-3m,3,11.0
Eagle Farm,1200,10-12,heavy,4-6m,7,16.714
Eagle Farm,1200,10-12,soft,1-3m,29,11.414
Eagle Farm,1200,10-12,soft,10m+,14,7.286
Eagle Farm,1200,10-12,soft,4-6m,51,8.392
Eagle Farm,1200,10-12,soft,7-9m,19,9.263
Eagle Farm,1200,10-12,soft,true,9,10.778
Eagle Farm,1200,13+,dry,1-3m,11,12.727
Eagle Farm,1200,13+,dry,4-6m,43,10.256
Eagle Farm,1200,13+,dry,7-9m,8,10.875
Eagle Farm,1200,13+,dry,true,2,5.5
Eagle Farm,1200,13+,heavy,4-6m,2,14.0
Eagle Farm,1200,13+,soft,1-3m,11,11.727
Eagle Farm,1200,13+,soft,4-6m,11,6.455
Eagle Farm,1200,13+,soft,7-9m,8,9.875
Eagle Farm,1200,13+,soft,true,10,12.5
Eagle Farm,1200,4-6,dry,1-3m,133,6.308
Eagle Farm,1200,4-6,dry,10m+,63,5.651
Eagle Farm,1200,4-6,dry,4-6m,265,6.234
Eagle Farm,1200,4-6,dry,7-9m,80,6.575
Eagle Farm,1200,4-6,dry,true,36,5.778
Eagle Farm,1200,4-6,heavy,1-3m,15,8.133
Eagle Farm,1200,4-6,heavy,4-6m,9,16.444
Eagle Farm,1200,4-6,heavy,7-9m,3,8.0
Eagle Farm,1200,4-6,soft,1-3m,54,8.278
Eagle Farm,1200,4-6,soft,10m+,56,5.75
Eagle Farm,1200,4-6,soft,4-6m,96,6.625
Eagle Farm,1200,4-6,soft,7-9m,48,7.458
Eagle Farm,1200,4-6,soft,true,12,7.833
Eagle Farm,1200,7-9,dry,1-3m,127,6.882
Eagle Farm,1200,7-9,dry,10m+,47,5.532
Eagle Farm,1200,7-9,dry,4-6m,236,7.453
Eagle Farm,1200,7-9,dry,7-9m,64,6.891
Eagle Farm,1200,7-9,dry,true,30,6.033
Eagle Farm,1200,7-9,heavy,1-3m,12,8.417
Eagle Farm,1200,7-9,heavy,4-6m,9,15.667
Eagle Farm,1200,7-9,heavy,7-9m,3,9.667
Eagle Farm,1200,7-9,soft,1-3m,50,9.64
Eagle Farm,1200,7-9,soft,10m+,47,6.468
Eagle Farm,1200,7-9,soft,4-6m,84,7.821
Eagle Farm,1200,7-9,soft,7-9m,45,6.889
Eagle Farm,1200,7-9,soft,true,9,9.889
Eagle Farm,1300,1-3,dry,1-3m,5,7.0
Eagle Farm,1300,1-3,dry,4-6m,41,5.61
Eagle Farm,1300,1-3,dry,7-9m,8,5.375
Eagle Farm,1300,1-3,dry,true,18,4.222
Eagle Farm,1300,1-3,heavy,1-3m,3,6.667
Eagle Farm,1300,1-3,heavy,4-6m,3,9.333
Eagle Farm,1300,1-3,heavy,7-9m,6,5.333
Eagle Farm,1300,1-3,soft,1-3m,15,7.267
Eagle Farm,1300,1-3,soft,10m+,6,5.833
Eagle Farm,1300,1-3,soft,4-6m,14,14.357
Eagle Farm,1300,1-3,soft,7-9m,9,8.111
Eagle Farm,1300,1-3,soft,true,6,9.167
Eagle Farm,1300,10-12,dry,1-3m,4,9.25
Eagle Farm,1300,10-12,dry,4-6m,27,10.259
Eagle Farm,1300,10-12,dry,7-9m,6,10.5
Eagle Farm,1300,10-12,dry,true,14,7.571
Eagle Farm,1300,10-12,heavy,4-6m,3,15.667
Eagle Farm,1300,10-12,soft,1-3m,8,9.75
Eagle Farm,1300,10-12,soft,4-6m,3,19.667
Eagle Farm,1300,10-12,soft,7-9m,1,13.0
Eagle Farm,1300,10-12,soft,true,4,16.5
Eagle Farm,1300,13+,dry,1-3m,2,6.5
Eagle Farm,1300,13+,dry,4-6m,13,11.231
Eagle Farm,1300,13+,dry,7-9m,1,8.0
Eagle Farm,1300,13+,dry,true,4,9.5
Eagle Farm,1300,13+,heavy,4-6m,3,15.0
Eagle Farm,1300,13+,soft,1-3m,2,13.5
Eagle Farm,1300,13+,soft,true,4,23.0
Eagle Farm,1300,4-6,dry,1-3m,6,6.0
Eagle Farm,1300,4-6,dry,4-6m,40,7.875
Eagle Farm,1300,4-6,dry,7-9m,9,7.889
Eagle Farm,1300,4-6,dry,true,18,7.0
Eagle Farm,1300,4-6,heavy,1-3m,3,8.333
Eagle Farm,1300,4-6,heavy,4-6m,3,10.333
Eagle Farm,1300,4-6,heavy,7-9m,6,7.333
Eagle Farm,1300,4-6,soft,1-3m,15,9.267
Eagle Farm,1300,4-6,soft,10m+,6,8.5
Eagle Farm,1300,4-6,soft,4-6m,13,13.615
Eagle Farm,1300,4-6,soft,7-9m,9,7.778
Eagle Farm,1300,4-6,soft,true,6,12.833
Eagle Farm,1300,7-9,dry,1-3m,6,7.5
Eagle Farm,1300,7-9,dry,4-6m,38,8.974
Eagle Farm,1300,7-9,dry,7-9m,7,9.714
Eagle Farm,1300,7-9,dry,true,17,9.471
Eagle Farm,1300,7-9,heavy,1-3m,2,11.0
Eagle Farm,1300,7-9,heavy,4-6m,3,13.0
Eagle Farm,1300,7-9,heavy,7-9m,3,9.0
Eagle Farm,1300,7-9,soft,1-3m,15,11.667
Eagle Farm,1300,7-9,soft,10m+,5,7.8
Eagle Farm,1300,7-9,soft,4-6m,7,16.857
Eagle Farm,1300,7-9,soft,7-9m,6,8.0
Eagle Farm,1300,7-9,soft,true,6,10.5
Eagle Farm,1400,1-3,dry,1-3m,107,5.439
Eagle Farm,1400,1-3,dry,10m+,55,4.673
Eagle Farm,1400,1-3,dry,4-6m,185,5.027
Eagle Farm,1400,1-3,dry,7-9m,77,5.753
Eagle Farm,1400,1-3,dry,true,47,4.128
Eagle Farm,1400,1-3,heavy,1-3m,3,16.333
Eagle Farm,1400,1-3,heavy,4-6m,3,14.0
Eagle Farm,1400,1-3,heavy,7-9m,9,7.444
Eagle Farm,1400,1-3,heavy,true,6,10.333
Eagle Farm,1400,1-3,soft,1-3m,45,6.4
Eagle Farm,1400,1-3,soft,10m+,54,4.593
Eagle Farm,1400,1-3,soft,4-6m,62,6.903
Eagle Farm,1400,1-3,soft,7-9m,21,7.667
Eagle Farm,1400,1-3,soft,true,27,5.185
Eagle Farm,1400,10-12,dry,1-3m,52,8.462
Eagle Farm,1400,10-12,dry,10m+,24,6.875
Eagle Farm,1400,10-12,dry,4-6m,100,8.24
Eagle Farm,1400,10-12,dry,7-9m,34,8.441
Eagle Farm,1400,10-12,dry,true,35,8.4
Eagle Farm,1400,10-12,heavy,4-6m,3,14.333
Eagle Farm,1400,10-12,heavy,7-9m,2,6.5
Eagle Farm,1400,10-12,heavy,true,6,13.667
Eagle Farm,1400,10-12,soft,1-3m,18,10.944
Eagle Farm,1400,10-12,soft,10m+,22,6.273
Eagle Farm,1400,10-12,soft,4-6m,28,12.571
Eagle Farm,1400,10-12,soft,7-9m,14,7.929
Eagle Farm,1400,10-12,soft,true,21,9.619
Eagle Farm,1400,13+,dry,1-3m,9,13.111
Eagle Farm,1400,13+,dry,4-6m,51,10.863
Eagle Farm,1400,13+,dry,7-9m,8,8.125
Eagle Farm,1400,13+,dry,true,21,8.714
Eagle Farm,1400,13+,heavy,4-6m,6,15.0
Eagle Farm,1400,13+,heavy,true,4,16.5
Eagle Farm,1400,13+,soft,1-3m,11,12.0
Eagle Farm,1400,13+,soft,10m+,3,12.0
Eagle Farm,1400,13+,soft,4-6m,11,14.545
Eagle Farm,1400,13+,soft,7-9m,8,10.875
Eagle Farm,1400,13+,soft,true,26,11.308
Eagle Farm,1400,4-6,dry,1-3m,109,6.073
Eagle Farm,1400,4-6,dry,10m+,56,4.821
Eagle Farm,1400,4-6,dry,4-6m,181,6.409
Eagle Farm,1400,4-6,dry,7-9m,77,6.39
Eagle Farm,1400,4-6,dry,true,48,5.938
Eagle Farm,1400,4-6,heavy,1-3m,3,19.0
Eagle Farm,1400,4-6,heavy,4-6m,3,10.333
Eagle Farm,1400,4-6,heavy,7-9m,9,9.556
Eagle Farm,1400,4-6,heavy,true,5,10.8
Eagle Farm,1400,4-6,soft,1-3m,43,6.698
Eagle Farm,1400,4-6,soft,10m+,53,6.113
Eagle Farm,1400,4-6,soft,4-6m,62,7.387
Eagle Farm,1400,4-6,soft,7-9m,21,6.714
Eagle Farm,1400,4-6,soft,true,27,7.889
Eagle Farm,1400,7-9,dry,1-3m,100,7.07
Eagle Farm,1400,7-9,dry,10m+,44,6.205
Eagle Farm,1400,7-9,dry,4-6m,170,7.388
Eagle Farm,1400,7-9,dry,7-9m,69,8.478
Eagle Farm,1400,7-9,dry,true,47,6.915
Eagle Farm,1400,7-9,heavy,1-3m,2,18.0
Eagle Farm,1400,7-9,heavy,4-6m,3,17.0
Eagle Farm,1400,7-9,heavy,7-9m,7,9.143
Eagle Farm,1400,7-9,heavy,true,6,13.667
Eagle Farm,1400,7-9,soft,1-3m,41,8.463
Eagle Farm,1400,7-9,soft,10m+,40,7.875
Eagle Farm,1400,7-9,soft,4-6m,51,9.02
Eagle Farm,1400,7-9,soft,7-9m,21,8.19
Eagle Farm,1400,7-9,soft,true,25,8.56
Eagle Farm,1500,1-3,dry,1-3m,11,5.182
Eagle Farm,1500,1-3,dry,10m+,3,9.333
Eagle Farm,1500,1-3,dry,4-6m,26,5.846
Eagle Farm,1500,1-3,dry,7-9m,8,3.625
Eagle Farm,1500,1-3,dry,true,12,4.75
Eagle Farm,1500,1-3,soft,1-3m,12,8.75
Eagle Farm,1500,1-3,soft,10m+,9,6.556
Eagle Farm,1500,1-3,soft,4-6m,6,9.333
Eagle Farm,1500,10-12,dry,1-3m,8,10.5
Eagle Farm,1500,10-12,dry,4-6m,20,10.0
Eagle Farm,1500,10-12,dry,7-9m,4,8.0
Eagle Farm,1500,10-12,dry,true,5,6.6
Eagle Farm,1500,10-12,soft,1-3m,9,12.778
Eagle Farm,1500,10-12,soft,10m+,3,10.333
Eagle Farm,1500,10-12,soft,4-6m,3,13.333
Eagle Farm,1500,13+,dry,1-3m,2,7.0
Eagle Farm,1500,13+,dry,4-6m,10,10.0
Eagle Farm,1500,13+,dry,true,3,9.0
Eagle Farm,1500,13+,soft,1-3m,6,13.0
Eagle Farm,1500,13+,soft,10m+,2,13.0
Eagle Farm,1500,13+,soft,4-6m,1,19.0
Eagle Farm,1500,4-6,dry,1-3m,12,8.583
Eagle Farm,1500,4-6,dry,10m+,3,14.333
Eagle Farm,1500,4-6,dry,4-6m,27,8.037
Eagle Farm,1500,4-6,dry,7-9m,9,6.111
Eagle Farm,1500,4-6,dry,true,12,6.583
Eagle Farm,1500,4-6,soft,1-3m,12,12.25
Eagle Farm,1500,4-6,soft,10m+,9,8.667
Eagle Farm,1500,4-6,soft,4-6m,5,10.4
Eagle Farm,1500,7-9,dry,1-3m,12,8.333
Eagle Farm,1500,7-9,dry,4-6m,27,8.259
Eagle Farm,1500,7-9,dry,7-9m,9,5.778
Eagle Farm,1500,7-9,dry,true,10,7.3
Eagle Farm,1500,7-9,soft,1-3m,12,10.333
Eagle Farm,1500,7-9,soft,10m+,6,4.333
Eagle Farm,1500,7-9,soft,4-6m,3,13.0
Eagle Farm,1600,1-3,dry,1-3m,83,5.723
Eagle Farm,1600,1-3,dry,10m+,20,5.25
Eagle Farm,1600,1-3,dry,4-6m,152,5.428
Eagle Farm,1600,1-3,dry,7-9m,48,5.667
Eagle Farm,1600,1-3,dry,true,12,4.083
Eagle Farm,1600,1-3,heavy,1-3m,9,7.444
Eagle Farm,1600,1-3,heavy,4-6m,9,10.111
Eagle Farm,1600,1-3,heavy,7-9m,6,9.167
Eagle Farm,1600,1-3,soft,1-3m,24,5.417
Eagle Farm,1600,1-3,soft,10m+,24,5.583
Eagle Farm,1600,1-3,soft,4-6m,48,6.708
Eagle Farm,1600,1-3,soft,7-9m,27,6.667
Eagle Farm,1600,1-3,soft,true,6,4.167
Eagle Farm,1600,10-12,dry,1-3m,32,8.719
Eagle Farm,1600,10-12,dry,10m+,4,8.5
Eagle Farm,1600,10-12,dry,4-6m,68,8.074
Eagle Farm,1600,10-12,dry,7-9m,20,9.1
Eagle Farm,1600,10-12,dry,true,3,7.0
Eagle Farm,1600,10-12,heavy,1-3m,4,8.25
Eagle Farm,1600,10-12,heavy,4-6m,8,13.5
Eagle Farm,1600,10-12,heavy,7-9m,4,9.25
Eagle Farm,1600,10-12,soft,1-3m,12,8.0
Eagle Farm,1600,10-12,soft,10m+,11,10.0
Eagle Farm,1600,10-12,soft,4-6m,21,12.143
Eagle Farm,1600,10-12,soft,7-9m,14,9.286
Eagle Farm,1600,10-12,soft,true,5,10.8
Eagle Farm,1600,13+,dry,1-3m,9,11.0
Eagle Farm,1600,13+,dry,4-6m,30,10.5
Eagle Farm,1600,13+,dry,7-9m,5,8.8
Eagle Farm,1600,13+,heavy,1-3m,3,11.0
Eagle Farm,1600,13+,heavy,4-6m,1,12.0
Eagle Farm,1600,13+,soft,1-3m,8,11.0
Eagle Farm,1600,13+,soft,10m+,1,13.0
Eagle Farm,1600,13+,soft,4-6m,6,26.5
Eagle Farm,1600,13+,soft,7-9m,7,10.571
Eagle Farm,1600,4-6,dry,1-3m,83,7.747
Eagle Farm,1600,4-6,dry,10m+,21,6.905
Eagle Farm,1600,4-6,dry,4-6m,152,7.684
Eagle Farm,1600,4-6,dry,7-9m,48,7.625
Eagle Farm,1600,4-6,dry,true,12,6.917
Eagle Farm,1600,4-6,heavy,1-3m,9,8.444
Eagle Farm,1600,4-6,heavy,4-6m,9,11.0
Eagle Farm,1600,4-6,heavy,7-9m,6,9.0
Eagle Farm,1600,4-6,soft,1-3m,24,8.083
Eagle Farm,1600,4-6,soft,10m+,24,7.5
Eagle Farm,1600,4-6,soft,4-6m,47,8.894
Eagle Farm,1600,4-6,soft,7-9m,27,7.074
Eagle Farm,1600,4-6,soft,true,6,8.167
Eagle Farm,1600,7-9,dry,1-3m,72,7.972
Eagle Farm,1600,7-9,dry,10m+,20,7.1
Eagle Farm,1600,7-9,dry,4-6m,133,8.105
Eagle Farm,1600,7-9,dry,7-9m,39,8.821
Eagle Farm,1600,7-9,dry,true,12,8.333
Eagle Farm,1600,7-9,heavy,1-3m,9,8.222
Eagle Farm,1600,7-9,heavy,4-6m,9,14.0
Eagle Farm,1600,7-9,heavy,7-9m,6,10.5
Eagle Farm,1600,7-9,soft,1-3m,22,9.227
Eagle Farm,1600,7-9,soft,10m+,16,8.812
Eagle Farm,1600,7-9,soft,4-6m,43,10.442
Eagle Farm,1600,7-9,soft,7-9m,24,9.667
Eagle Farm,1600,7-9,soft,true,6,6.0
Eagle Farm,1800,1-3,dry,1-3m,62,7.806
Eagle Farm,1800,1-3,dry,10m+,33,7.394
Eagle Farm,1800,1-3,dry,4-6m,95,7.337
Eagle Farm,1800,1-3,dry,7-9m,37,6.676
Eagle Farm,1800,1-3,dry,true,16,3.938
Eagle Farm,1800,1-3,heavy,1-3m,6,14.0
Eagle Farm,1800,1-3,heavy,true,3,16.0
Eagle Farm,1800,1-3,soft,1-3m,24,9.083
Eagle Farm,1800,1-3,soft,10m+,38,6.605
Eagle Farm,1800,1-3,soft,4-6m,41,9.976
Eagle Farm,1800,1-3,soft,7-9m,18,8.333
Eagle Farm,1800,1-3,soft,true,6,11.333
Eagle Farm,1800,10-12,dry,1-3m,21,12.048
Eagle Farm,1800,10-12,dry,10m+,6,11.5
Eagle Farm,1800,10-12,dry,4-6m,40,13.225
Eagle Farm,1800,10-12,dry,7-9m,15,12.333
Eagle Farm,1800,10-12,dry,true,10,12.8
Eagle Farm,1800,10-12,heavy,1-3m,6,22.167
Eagle Farm,1800,10-12,soft,1-3m,8,13.375
Eagle Farm,1800,10-12,soft,10m+,9,12.111
Eagle Farm,1800,10-12,soft,4-6m,18,13.389
Eagle Farm,1800,10-12,soft,7-9m,5,14.4
Eagle Farm,1800,10-12,soft,true,6,17.333
Eagle Farm,1800,13+,dry,1-3m,4,14.0
Eagle Farm,1800,13+,dry,4-6m,2,20.5
Eagle Farm,1800,13+,dry,true,1,16.0
Eagle Farm,1800,13+,heavy,1-3m,4,27.5
Eagle Farm,1800,13+,soft,1-3m,3,24.333
Eagle Farm,1800,13+,soft,true,3,18.667
Eagle Farm,1800,4-6,dry,1-3m,63,8.937
Eagle Farm,1800,4-6,dry,10m+,33,9.515
Eagle Farm,1800,4-6,dry,4-6m,96,10.635
Eagle Farm,1800,4-6,dry,7-9m,38,9.974
Eagle Farm,1800,4-6,dry,true,18,6.167
Eagle Farm,1800,4-6,heavy,1-3m,6,20.667
Eagle Farm,1800,4-6,heavy,true,3,19.667
Eagle Farm,1800,4-6,soft,1-3m,24,12.417
Eagle Farm,1800,4-6,soft,10m+,39,8.333
Eagle Farm,1800,4-6,soft,4-6m,42,11.405
Eagle Farm,1800,4-6,soft,7-9m,18,11.0
Eagle Farm,1800,4-6,soft,true,6,13.667
Eagle Farm,1800,7-9,dry,1-3m,53,11.566
Eagle Farm,1800,7-9,dry,10m+,32,11.531
Eagle Farm,1800,7-9,dry,4-6m,86,11.593
Eagle Farm,1800,7-9,dry,7-9m,35,12.114
Eagle Farm,1800,7-9,dry,true,14,11.429
Eagle Farm,1800,7-9,heavy,1-3m,6,21.333
Eagle Farm,1800,7-9,heavy,true,1,17.0
Eagle Farm,1800,7-9,soft,1-3m,21,12.714
Eagle Farm,1800,7-9,soft,10m+,33,10.788
Eagle Farm,1800,7-9,soft,4-6m,38,11.921
Eagle Farm,1800,7-9,soft,7-9m,14,12.929
Eagle Farm,1800,7-9,soft,true,6,16.5
Eagle Farm,2100,1-3,dry,1-3m,6,7.0
Eagle Farm,2100,1-3,dry,4-6m,14,8.857
Eagle Farm,2100,1-3,dry,7-9m,3,8.667
Eagle Farm,2100,1-3,soft,7-9m,3,17.333
Eagle Farm,2100,1-3,soft,true,6,5.167
Eagle Farm,2100,10-12,dry,1-3m,1,14.0
Eagle Farm,2100,10-12,dry,4-6m,11,15.909
Eagle Farm,2100,10-12,soft,true,1,13.0
Eagle Farm,2100,13+,dry,4-6m,2,10.5
Eagle Farm,2100,4-6,dry,1-3m,6,9.167
Eagle Farm,2100,4-6,dry,4-6m,15,12.4
Eagle Farm,2100,4-6,dry,7-9m,3,10.333
Eagle Farm,2100,4-6,soft,7-9m,3,13.0
Eagle Farm,2100,4-6,soft,true,5,11.6
Eagle Farm,2100,7-9,dry,1-3m,5,10.4
Eagle Farm,2100,7-9,dry,4-6m,15,14.867
Eagle Farm,2100,7-9,soft,7-9m,3,15.667
Eagle Farm,2100,7-9,soft,true,3,12.333
Eagle Farm,2200,1-3,dry,1-3m,26,6.038
Eagle Farm,2200,1-3,dry,10m+,6,5.5
Eagle Farm,2200,1-3,dry,4-6m,42,10.381
Eagle Farm,2200,1-3,dry,7-9m,9,7.778
Eagle Farm,2200,1-3,dry,true,6,6.333
Eagle Farm,2200,1-3,heavy,4-6m,3,21.333
Eagle Farm,2200,1-3,soft,1-3m,18,11.778
Eagle Farm,2200,1-3,soft,10m+,8,8.625
Eagle Farm,2200,1-3,soft,4-6m,18,13.889
Eagle Farm,2200,1-3,soft,7-9m,3,5.667
Eagle Farm,2200,10-12,dry,1-3m,10,14.2
Eagle Farm,2200,10-12,dry,4-6m,18,14.556
Eagle Farm,2200,10-12,dry,7-9m,2,9.5
Eagle Farm,2200,10-12,soft,1-3m,11,16.364
Eagle Farm,2200,10-12,soft,10m+,4,13.75
Eagle Farm,2200,10-12,soft,4-6m,8,11.875
Eagle Farm,2200,10-12,soft,7-9m,3,10.667
Eagle Farm,2200,13+,dry,1-3m,5,10.2
Eagle Farm,2200,13+,dry,4-6m,14,16.286
Eagle Farm,2200,13+,soft,1-3m,8,15.25
Eagle Farm,2200,13+,soft,4-6m,1,23.0
Eagle Farm,2200,13+,soft,7-9m,2,7.5
Eagle Farm,2200,4-6,dry,1-3m,27,8.815
Eagle Farm,2200,4-6,dry,10m+,6,8.0
Eagle Farm,2200,4-6,dry,4-6m,42,11.548
Eagle Farm,2200,4-6,dry,7-9m,9,7.222
Eagle Farm,2200,4-6,dry,true,6,8.167
Eagle Farm,2200,4-6,heavy,4-6m,3,28.0
Eagle Farm,2200,4-6,soft,1-3m,18,13.889
Eagle Farm,2200,4-6,soft,10m+,9,8.889
Eagle Farm,2200,4-6,soft,4-6m,17,15.471
Eagle Farm,2200,4-6,soft,7-9m,3,12.0
Eagle Farm,2200,7-9,dry,1-3m,24,11.792
Eagle Farm,2200,7-9,dry,10m+,5,9.4
Eagle Farm,2200,7-9,dry,4-6m,39,13.103
Eagle Farm,2200,7-9,dry,7-9m,7,11.429
Eagle Farm,2200,7-9,dry,true,3,14.333
Eagle Farm,2200,7-9,heavy,4-6m,3,30.333
Eagle Farm,2200,7-9,soft,1-3m,17,17.529
Eagle Farm,2200,7-9,soft,10m+,9,13.333
Eagle Farm,2200,7-9,soft,4-6m,13,18.846
Eagle Farm,2200,7-9,soft,7-9m,3,11.333
Eagle Farm,2400,1-3,dry,1-3m,9,8.889
Eagle Farm,2400,1-3,dry,4-6m,21,8.143
Eagle Farm,2400,1-3,dry,7-9m,3,6.0
Eagle Farm,2400,1-3,dry,true,15,7.067
Eagle Farm,2400,1-3,heavy,true,3,13.0
Eagle Farm,2400,1-3,soft,1-3m,12,7.25
Eagle Farm,2400,1-3,soft,4-6m,18,9.222
Eagle Farm,2400,1-3,soft,7-9m,6,13.333
Eagle Farm,2400,1-3,soft,true,12,17.75
Eagle Farm,2400,10-12,dry,1-3m,2,11.0
Eagle Farm,2400,10-12,dry,4-6m,12,13.5
Eagle Farm,2400,10-12,dry,true,11,11.909
Eagle Farm,2400,10-12,heavy,true,3,23.667
Eagle Farm,2400,10-12,soft,1-3m,7,16.143
Eagle Farm,2400,10-12,soft,4-6m,8,13.875
Eagle Farm,2400,10-12,soft,7-9m,3,12.333
Eagle Farm,2400,10-12,soft,true,12,16.5
Eagle Farm,2400,13+,dry,4-6m,2,7.0
Eagle Farm,2400,13+,dry,true,8,17.375
Eagle Farm,2400,13+,heavy,true,4,21.0
Eagle Farm,2400,13+,soft,1-3m,6,19.667
Eagle Farm,2400,13+,soft,4-6m,2,17.0
Eagle Farm,2400,13+,soft,7-9m,2,11.5
Eagle Farm,2400,13+,soft,true,18,18.889
Eagle Farm,2400,4-6,dry,1-3m,9,10.667
Eagle Farm,2400,4-6,dry,4-6m,21,10.905
Eagle Farm,2400,4-6,dry,7-9m,3,11.333
Eagle Farm,2400,4-6,dry,true,15,11.6
Eagle Farm,2400,4-6,heavy,true,3,14.333
Eagle Farm,2400,4-6,soft,1-3m,12,11.5
Eagle Farm,2400,4-6,soft,4-6m,18,12.611
Eagle Farm,2400,4-6,soft,7-9m,6,11.333
Eagle Farm,2400,4-6,soft,true,12,15.583
Eagle Farm,2400,7-9,dry,1-3m,6,10.5
Eagle Farm,2400,7-9,dry,4-6m,15,13.2
Eagle Farm,2400,7-9,dry,7-9m,3,6.667
Eagle Farm,2400,7-9,dry,true,13,12.308
Eagle Farm,2400,7-9,heavy,true,3,17.0
Eagle Farm,2400,7-9,soft,1-3m,11,14.636
Eagle Farm,2400,7-9,soft,4-6m,16,13.75
Eagle Farm,2400,7-9,soft,7-9m,3,15.0
Eagle Farm,2400,7-9,soft,true,12,16.5
Eagle Farm,3200,1-3,dry,4-6m,9,15.111
Eagle Farm,3200,1-3,heavy,4-6m,3,37.667
Eagle Farm,3200,10-12,dry,4-6m,7,29.0
Eagle Farm,3200,10-12,heavy,4-6m,1,29.0
Eagle Farm,3200,13+,dry,4-6m,3,22.0
Eagle Farm,3200,4-6,dry,4-6m,9,19.111
Eagle Farm,3200,4-6,heavy,4-6m,3,33.667
Eagle Farm,3200,7-9,dry,4-6m,9,21.222
Eagle Farm,3200,7-9,heavy,4-6m,3,27.667
Flemington,900,1-3,soft,10m+,3,1.0
Flemington,900,4-6,soft,10m+,3,0.667
Flemington,900,7-9,soft,10m+,2,1.0
Flemington,1000,1-3,dry,1-3m,58,0.362
Flemington,1000,1-3,dry,10m+,30,0.3
Flemington,1000,1-3,dry,4-6m,33,0.182
Flemington,1000,1-3,dry,7-9m,27,0.333
Flemington,1000,1-3,dry,true,27,0.481
Flemington,1000,1-3,heavy,1-3m,3,0.0
Flemington,1000,1-3,soft,1-3m,32,0.656
Flemington,1000,1-3,soft,10m+,6,1.333
Flemington,1000,1-3,soft,4-6m,21,0.619
Flemington,1000,1-3,soft,7-9m,9,0.333
Flemington,1000,1-3,soft,true,6,0.333
Flemington,1000,10-12,dry,1-3m,20,0.25
Flemington,1000,10-12,dry,10m+,16,0.375
Flemington,1000,10-12,dry,4-6m,11,0.273
Flemington,1000,10-12,dry,7-9m,6,0.167
Flemington,1000,10-12,dry,true,8,0.375
Flemington,1000,10-12,heavy,1-3m,3,0.0
Flemington,1000,10-12,soft,1-3m,19,0.579
Flemington,1000,10-12,soft,10m+,1,0.0
Flemington,1000,10-12,soft,4-6m,15,0.467
Flemington,1000,10-12,soft,7-9m,3,0.333
Flemington,1000,10-12,soft,true,2,0.0
Flemington,1000,13+,dry,1-3m,7,0.0
Flemington,1000,13+,dry,10m+,2,0.5
Flemington,1000,13+,dry,4-6m,1,0.0
Flemington,1000,13+,dry,7-9m,1,0.0
Flemington,1000,13+,heavy,1-3m,5,0.0
Flemington,1000,13+,soft,1-3m,4,1.0
Flemington,1000,13+,soft,4-6m,7,0.857
Flemington,1000,4-6,dry,1-3m,57,0.351
Flemington,1000,4-6,dry,10m+,30,0.367
Flemington,1000,4-6,dry,4-6m,33,0.152
Flemington,1000,4-6,dry,7-9m,27,0.37
Flemington,1000,4-6,dry,true,27,0.444
Flemington,1000,4-6,heavy,1-3m,3,0.0
Flemington,1000,4-6,soft,1-3m,32,0.406
Flemington,1000,4-6,soft,10m+,6,0.5
Flemington,1000,4-6,soft,4-6m,21,0.714
Flemington,1000,4-6,soft,7-9m,9,0.222
Flemington,1000,4-6,soft,true,6,0.167
Flemington,1000,7-9,dry,1-3m,51,0.412
Flemington,1000,7-9,dry,10m+,27,0.407
Flemington,1000,7-9,dry,4-6m,20,0.25
Flemington,1000,7-9,dry,7-9m,22,0.545
Flemington,1000,7-9,dry,true,23,0.13
Flemington,1000,7-9,heavy,1-3m,3,0.0
Flemington,1000,7-9,soft,1-3m,31,0.419
Flemington,1000,7-9,soft,10m+,3,0.333
Flemington,1000,7-9,soft,4-6m,19,0.947
Flemington,1000,7-9,soft,7-9m,9,0.333
Flemington,1000,7-9,soft,true,6,0.167
Flemington,1100,1-3,dry,1-3m,12,0.083
Flemington,1100,1-3,dry,10m+,57,0.175
Flemington,1100,1-3,dry,4-6m,51,0.392
Flemington,1100,1-3,dry,7-9m,47,0.255
Flemington,1100,1-3,dry,true,101,0.366
Flemington,1100,1-3,heavy,10m+,6,1.833
Flemington,1100,1-3,heavy,7-9m,6,0.333
Flemington,1100,1-3,heavy,true,9,0.778
Flemington,1100,1-3,soft,1-3m,6,0.833
Flemington,1100,1-3,soft,10m+,18,0.778
Flemington,1100,1-3,soft,4-6m,15,0.133
Flemington,1100,1-3,soft,7-9m,29,0.31
Flemington,1100,1-3,soft,true,24,0.25
Flemington,1100,10-12,dry,1-3m,7,0.429
Flemington,1100,10-12,dry,10m+,40,0.125
Flemington,1100,10-12,dry,4-6m,25,0.32
Flemington,1100,10-12,dry,7-9m,23,0.348
Flemington,1100,10-12,dry,true,64,0.281
Flemington,1100,10-12,heavy,10m+,2,0.5
Flemington,1100,10-12,heavy,7-9m,3,0.333
Flemington,1100,10-12,heavy,true,3,0.0
Flemington,1100,10-12,soft,1-3m,1,0.0
Flemington,1100,10-12,soft,10m+,13,0.692
Flemington,1100,10-12,soft,4-6m,12,0.0
Flemington,1100,10-12,soft,7-9m,19,0.211
Flemington,1100,10-12,soft,true,16,0.438
Flemington,1100,13+,dry,1-3m,3,0.0
Flemington,1100,13+,dry,10m+,6,0.167
Flemington,1100,13+,dry,4-6m,22,0.636
Flemington,1100,13+,dry,7-9m,15,0.2
Flemington,1100,13+,dry,true,52,0.365
Flemington,1100,13+,soft,10m+,3,0.667
Flemington,1100,13+,soft,4-6m,12,0.0
Flemington,1100,13+,soft,7-9m,9,0.444
Flemington,1100,13+,soft,true,10,0.6
Flemington,1100,4-6,dry,1-3m,12,0.0
Flemington,1100,4-6,dry,10m+,56,0.107
Flemington,1100,4-6,dry,4-6m,51,0.431
Flemington,1100,4-6,dry,7-9m,47,0.298
Flemington,1100,4-6,dry,true,100,0.34
Flemington,1100,4-6,heavy,10m+,6,0.667
Flemington,1100,4-6,heavy,7-9m,6,0.333
Flemington,1100,4-6,heavy,true,9,0.222
Flemington,1100,4-6,soft,1-3m,6,0.667
Flemington,1100,4-6,soft,10m+,18,0.722
Flemington,1100,4-6,soft,4-6m,15,0.133
Flemington,1100,4-6,soft,7-9m,29,0.207
Flemington,1100,4-6,soft,true,23,0.261
Flemington,1100,7-9,dry,1-3m,12,0.25
Flemington,1100,7-9,dry,10m+,54,0.13
Flemington,1100,7-9,dry,4-6m,43,0.233
Flemington,1100,7-9,dry,7-9m,43,0.302
Flemington,1100,7-9,dry,true,93,0.387
Flemington,1100,7-9,heavy,10m+,4,0.25
Flemington,1100,7-9,heavy,7-9m,3,0.0
Flemington,1100,7-9,heavy,true,8,0.25
Flemington,1100,7-9,soft,1-3m,5,0.6
Flemington,1100,7-9,soft,10m+,18,0.611
Flemington,1100,7-9,soft,4-6m,15,0.067
Flemington,1100,7-9,soft,7-9m,29,0.241
Flemington,1100,7-9,soft,true,24,0.208
Flemington,1200,1-3,dry,1-3m,41,0.268
Flemington,1200,1-3,dry,10m+,36,0.25
Flemington,1200,1-3,dry,4-6m,48,0.438
Flemington,1200,1-3,dry,7-9m,72,0.181
Flemington,1200,1-3,dry,true,77,0.273
Flemington,1200,1-3,heavy,7-9m,12,0.583
Flemington,1200,1-3,heavy,true,6,0.167
Flemington,1200,1-3,soft,1-3m,18,0.833
Flemington,1200,1-3,soft,10m+,12,0.0
Flemington,1200,1-3,soft,4-6m,18,0.389
Flemington,1200,1-3,soft,7-9m,15,-0.067
Flemington,1200,1-3,soft,true,50,0.62
Flemington,1200,10-12,dry,1-3m,27,0.296
Flemington,1200,10-12,dry,10m+,21,0.286
Flemington,1200,10-12,dry,4-6m,41,0.268
Flemington,1200,10-12,dry,7-9m,48,0.292
Flemington,1200,10-12,dry,true,50,0.4
Flemington,1200,10-12,heavy,7-9m,4,0.5
Flemington,1200,10-12,heavy,true,1,0.0
Flemington,1200,10-12,soft,1-3m,13,0.308
Flemington,1200,10-12,soft,10m+,3,0.0
Flemington,1200,10-12,soft,4-6m,16,0.312
Flemington,1200,10-12,soft,7-9m,9,0.0
Flemington,1200,10-12,soft,true,23,0.913
Flemington,1200,13+,dry,1-3m,30,0.167
Flemington,1200,13+,dry,10m+,8,0.75
Flemington,1200,13+,dry,4-6m,27,0.296
Flemington,1200,13+,dry,7-9m,24,0.333
Flemington,1200,13+,dry,true,26,0.615
Flemington,1200,13+,soft,1-3m,5,0.6
Flemington,1200,13+,soft,10m+,1,0.0
Flemington,1200,13+,soft,4-6m,5,0.6
Flemington,1200,13+,soft,7-9m,3,0.0
Flemington,1200,13+,soft,true,12,0.5
Flemington,1200,4-6,dry,1-3m,41,0.366
Flemington,1200,4-6,dry,10m+,36,0.25
Flemington,1200,4-6,dry,4-6m,48,0.25
Flemington,1200,4-6,dry,7-9m,71,0.197
Flemington,1200,4-6,dry,true,77,0.351
Flemington,1200,4-6,heavy,7-9m,12,0.25
Flemington,1200,4-6,heavy,true,6,0.333
Flemington,1200,4-6,soft,1-3m,18,0.5
Flemington,1200,4-6,soft,10m+,12,0.167
Flemington,1200,4-6,soft,4-6m,18,0.167
Flemington,1200,4-6,soft,7-9m,14,0.071
Flemington,1200,4-6,soft,true,54,0.593
Flemington,1200,7-9,dry,1-3m,39,0.487
Flemington,1200,7-9,dry,10m+,33,0.273
Flemington,1200,7-9,dry,4-6m,45,0.311
Flemington,1200,7-9,dry,7-9m,70,0.229
Flemington,1200,7-9,dry,true,72,0.292
Flemington,1200,7-9,heavy,7-9m,12,0.25
Flemington,1200,7-9,heavy,true,3,0.0
Flemington,1200,7-9,soft,1-3m,18,0.333
Flemington,1200,7-9,soft,10m+,8,0.0
Flemington,1200,7-9,soft,4-6m,18,0.222
Flemington,1200,7-9,soft,7-9m,13,0.0
Flemington,1200,7-9,soft,true,43,0.791
Flemington,1400,1-3,dry,1-3m,57,5.754
Flemington,1400,1-3,dry,10m+,65,4.769
Flemington,1400,1-3,dry,4-6m,91,5.011
Flemington,1400,1-3,dry,7-9m,62,5.452
Flemington,1400,1-3,dry,true,170,5.688
Flemington,1400,1-3,heavy,10m+,9,5.556
Flemington,1400,1-3,heavy,7-9m,6,4.167
Flemington,1400,1-3,heavy,true,9,3.667
Flemington,1400,1-3,soft,1-3m,38,6.026
Flemington,1400,1-3,soft,10m+,38,6.579
Flemington,1400,1-3,soft,4-6m,24,6.875
Flemington,1400,1-3,soft,7-9m,36,7.361
Flemington,1400,1-3,soft,true,51,5.196
Flemington,1400,10-12,dry,1-3m,39,9.077
Flemington,1400,10-12,dry,10m+,39,9.692
Flemington,1400,10-12,dry,4-6m,60,8.35
Flemington,1400,10-12,dry,7-9m,41,9.415
Flemington,1400,10-12,dry,true,110,8.318
Flemington,1400,10-12,heavy,10m+,8,9.25
Flemington,1400,10-12,heavy,7-9m,3,8.0
Flemington,1400,10-12,heavy,true,7,10.0
Flemington,1400,10-12,soft,1-3m,34,11.735
Flemington,1400,10-12,soft,10m+,19,11.895
Flemington,1400,10-12,soft,4-6m,15,8.867
Flemington,1400,10-12,soft,7-9m,32,10.0
Flemington,1400,10-12,soft,true,32,9.375
Flemington,1400,13+,dry,1-3m,15,10.333
Flemington,1400,13+,dry,10m+,7,7.571
Flemington,1400,13+,dry,4-6m,20,10.8
Flemington,1400,13+,dry,7-9m,18,11.444
Flemington,1400,13+,dry,true,35,8.514
Flemington,1400,13+,heavy,10m+,2,2.5
Flemington,1400,13+,heavy,7-9m,1,9.0
Flemington,1400,13+,heavy,true,6,11.667
Flemington,1400,13+,soft,1-3m,22,13.455
Flemington,1400,13+,soft,10m+,4,11.25
Flemington,1400,13+,soft,4-6m,1,9.0
Flemington,1400,13+,soft,7-9m,15,14.267
Flemington,1400,13+,soft,true,11,9.636
Flemington,1400,4-6,dry,1-3m,56,6.554
Flemington,1400,4-6,dry,10m+,65,7.462
Flemington,1400,4-6,dry,4-6m,93,6.484
Flemington,1400,4-6,dry,7-9m,62,6.532
Flemington,1400,4-6,dry,true,171,7.251
Flemington,1400,4-6,heavy,10m+,9,5.333
Flemington,1400,4-6,heavy,7-9m,6,5.167
Flemington,1400,4-6,heavy,true,9,8.778
Flemington,1400,4-6,soft,1-3m,38,8.342
Flemington,1400,4-6,soft,10m+,37,8.459
Flemington,1400,4-6,soft,4-6m,23,8.783
Flemington,1400,4-6,soft,7-9m,36,9.694
Flemington,1400,4-6,soft,true,50,6.84
Flemington,1400,7-9,dry,1-3m,51,8.0
Flemington,1400,7-9,dry,10m+,61,8.361
Flemington,1400,7-9,dry,4-6m,85,7.424
Flemington,1400,7-9,dry,7-9m,58,8.19
Flemington,1400,7-9,dry,true,157,8.223
Flemington,1400,7-9,heavy,10m+,9,9.333
Flemington,1400,7-9,heavy,7-9m,5,6.8
Flemington,1400,7-9,heavy,true,9,8.778
Flemington,1400,7-9,soft,1-3m,38,9.5
Flemington,1400,7-9,soft,10m+,32,9.938
Flemington,1400,7-9,soft,4-6m,24,8.875
Flemington,1400,7-9,soft,7-9m,36,10.25
Flemington,1400,7-9,soft,true,46,8.391
Flemington,1600,1-3,dry,1-3m,43,5.302
Flemington,1600,1-3,dry,10m+,33,7.394
Flemington,1600,1-3,dry,4-6m,93,6.022
Flemington,1600,1-3,dry,7-9m,63,6.984
Flemington,1600,1-3,dry,true,81,7.79
Flemington,1600,1-3,heavy,10m+,3,11.667
Flemington,1600,1-3,heavy,7-9m,9,5.444
Flemington,1600,1-3,heavy,true,3,5.667
Flemington,1600,1-3,soft,1-3m,21,6.619
Flemington,1600,1-3,soft,10m+,18,9.556
Flemington,1600,1-3,soft,4-6m,27,8.333
Flemington,1600,1-3,soft,7-9m,18,5.944
Flemington,1600,1-3,soft,true,60,6.667
Flemington,1600,10-12,dry,1-3m,30,9.667
Flemington,1600,10-12,dry,10m+,28,10.643
Flemington,1600,10-12,dry,4-6m,36,9.167
Flemington,1600,10-12,dry,7-9m,29,10.931
Flemington,1600,10-12,dry,true,42,11.857
Flemington,1600,10-12,heavy,10m+,1,18.0
Flemington,1600,10-12,heavy,7-9m,6,12.333
Flemington,1600,10-12,soft,1-3m,14,9.857
Flemington,1600,10-12,soft,10m+,10,13.0
Flemington,1600,10-12,soft,4-6m,17,13.765
Flemington,1600,10-12,soft,7-9m,11,13.364
Flemington,1600,10-12,soft,true,41,12.195
Flemington,1600,13+,dry,1-3m,15,10.8
Flemington,1600,13+,dry,10m+,8,10.125
Flemington,1600,13+,dry,4-6m,15,12.8
Flemington,1600,13+,dry,7-9m,11,12.545
Flemington,1600,13+,dry,true,14,11.429
Flemington,1600,13+,heavy,7-9m,1,13.0
Flemington,1600,13+,soft,1-3m,6,15.167
Flemington,1600,13+,soft,10m+,1,31.0
Flemington,1600,13+,soft,4-6m,12,14.417
Flemington,1600,13+,soft,7-9m,6,13.333
Flemington,1600,13+,soft,true,19,14.316
Flemington,1600,4-6,dry,1-3m,44,7.023
Flemington,1600,4-6,dry,10m+,33,7.545
Flemington,1600,4-6,dry,4-6m,93,8.28
Flemington,1600,4-6,dry,7-9m,63,10.032
Flemington,1600,4-6,dry,true,80,9.4
Flemington,1600,4-6,heavy,10m+,3,20.333
Flemington,1600,4-6,heavy,7-9m,9,7.444
Flemington,1600,4-6,heavy,true,3,5.0
Flemington,1600,4-6,soft,1-3m,21,7.619
Flemington,1600,4-6,soft,10m+,18,11.222
Flemington,1600,4-6,soft,4-6m,27,10.148
Flemington,1600,4-6,soft,7-9m,18,8.556
Flemington,1600,4-6,soft,true,58,10.103
Flemington,1600,7-9,dry,1-3m,42,7.357
Flemington,1600,7-9,dry,10m+,33,10.182
Flemington,1600,7-9,dry,4-6m,83,8.627
Flemington,1600,7-9,dry,7-9m,48,10.958
Flemington,1600,7-9,dry,true,69,9.58
Flemington,1600,7-9,heavy,10m+,3,22.667
Flemington,1600,7-9,heavy,7-9m,9,10.111
Flemington,1600,7-9,heavy,true,2,5.5
Flemington,1600,7-9,soft,1-3m,21,9.905
Flemington,1600,7-9,soft,10m+,18,10.778
Flemington,1600,7-9,soft,4-6m,25,12.16
Flemington,1600,7-9,soft,7-9m,18,10.389
Flemington,1600,7-9,soft,true,55,10.527
Flemington,1700,1-3,dry,1-3m,3,11.0
Flemington,1700,1-3,dry,4-6m,9,10.889
Flemington,1700,1-3,dry,7-9m,3,3.333
Flemington,1700,1-3,dry,true,21,7.524
Flemington,1700,1-3,heavy,true,3,6.333
Flemington,1700,1-3,soft,1-3m,12,7.0
Flemington,1700,1-3,soft,4-6m,12,7.083
Flemington,1700,1-3,soft,true,3,7.0
Flemington,1700,10-12,dry,1-3m,2,8.5
Flemington,1700,10-12,dry,4-6m,6,14.0
Flemington,1700,10-12,dry,true,17,10.882
Flemington,1700,10-12,heavy,true,2,10.0
Flemington,1700,10-12,soft,1-3m,9,8.556
Flemington,1700,10-12,soft,4-6m,12,13.25
Flemington,1700,10-12,soft,true,3,8.333
Flemington,1700,13+,dry,1-3m,4,20.75
Flemington,1700,13+,dry,4-6m,3,8.0
Flemington,1700,13+,dry,true,13,10.0
Flemington,1700,13+,soft,1-3m,5,11.0
Flemington,1700,13+,soft,4-6m,6,11.333
Flemington,1700,4-6,dry,1-3m,3,15.333
Flemington,1700,4-6,dry,4-6m,9,10.111
Flemington,1700,4-6,dry,7-9m,3,6.0
Flemington,1700,4-6,dry,true,21,8.476
Flemington,1700,4-6,heavy,true,3,8.0
Flemington,1700,4-6,soft,1-3m,12,7.833
Flemington,1700,4-6,soft,4-6m,12,10.917
Flemington,1700,4-6,soft,true,3,11.0
Flemington,1700,7-9,dry,1-3m,3,11.333
Flemington,1700,7-9,dry,4-6m,9,7.0
Flemington,1700,7-9,dry,7-9m,2,8.0
Flemington,1700,7-9,dry,true,20,10.75
Flemington,1700,7-9,heavy,true,3,4.667
Flemington,1700,7-9,soft,1-3m,11,8.545
Flemington,1700,7-9,soft,4-6m,12,11.417
Flemington,1700,7-9,soft,true,3,8.333
Flemington,1800,1-3,dry,1-3m,24,7.0
Flemington,1800,1-3,dry,10m+,24,7.333
Flemington,1800,1-3,dry,4-6m,24,7.083
Flemington,1800,1-3,dry,7-9m,15,6.133
Flemington,1800,1-3,dry,true,16,8.188
Flemington,1800,1-3,heavy,10m+,9,12.778
Flemington,1800,1-3,heavy,4-6m,3,4.667
Flemington,1800,1-3,soft,1-3m,18,7.5
Flemington,1800,1-3,soft,10m+,6,9.667
Flemington,1800,1-3,soft,4-6m,12,8.25
Flemington,1800,1-3,soft,7-9m,4,32.75
Flemington,1800,10-12,dry,1-3m,13,10.846
Flemington,1800,10-12,dry,10m+,12,10.833
Flemington,1800,10-12,dry,4-6m,10,8.9
Flemington,1800,10-12,dry,7-9m,12,7.667
Flemington,1800,10-12,dry,true,18,9.944
Flemington,1800,10-12,heavy,10m+,7,14.571
Flemington,1800,10-12,heavy,4-6m,3,10.667
Flemington,1800,10-12,soft,1-3m,8,11.25
Flemington,1800,10-12,soft,10m+,6,14.0
Flemington,1800,10-12,soft,4-6m,12,11.667
Flemington,1800,10-12,soft,7-9m,4,29.25
Flemington,1800,13+,dry,1-3m,3,8.333
Flemington,1800,13+,dry,10m+,1,15.0
Flemington,1800,13+,dry,4-6m,1,10.0
Flemington,1800,13+,dry,7-9m,3,13.333
Flemington,1800,13+,dry,true,7,10.714
Flemington,1800,13+,heavy,10m+,1,23.0
Flemington,1800,13+,heavy,4-6m,3,9.0
Flemington,1800,13+,soft,1-3m,4,13.75
Flemington,1800,13+,soft,10m+,1,23.0
Flemington,1800,13+,soft,4-6m,3,12.333
Flemington,1800,13+,soft,7-9m,3,45.0
Flemington,1800,4-6,dry,1-3m,22,7.909
Flemington,1800,4-6,dry,10m+,24,10.208
Flemington,1800,4-6,dry,4-6m,24,8.542
Flemington,1800,4-6,dry,7-9m,15,7.867
Flemington,1800,4-6,dry,true,18,9.556
Flemington,1800,4-6,heavy,10m+,9,13.222
Flemington,1800,4-6,heavy,4-6m,3,10.0
Flemington,1800,4-6,soft,1-3m,17,9.294
Flemington,1800,4-6,soft,10m+,6,16.333
Flemington,1800,4-6,soft,4-6m,12,9.333
Flemington,1800,4-6,soft,7-9m,5,31.4
Flemington,1800,7-9,dry,1-3m,20,8.0
Flemington,1800,7-9,dry,10m+,19,10.737
Flemington,1800,7-9,dry,4-6m,22,9.409
Flemington,1800,7-9,dry,7-9m,15,9.333
Flemington,1800,7-9,dry,true,18,8.722
Flemington,1800,7-9,heavy,10m+,9,13.222
Flemington,1800,7-9,heavy,4-6m,3,8.0
Flemington,1800,7-9,soft,1-3m,17,10.235
Flemington,1800,7-9,soft,10m+,6,11.0
Flemington,1800,7-9,soft,4-6m,12,13.083
Flemington,1800,7-9,soft,7-9m,6,25.667
Flemington,2000,1-3,dry,1-3m,15,8.067
Flemington,2000,1-3,dry,10m+,21,7.381
Flemington,2000,1-3,dry,4-6m,39,6.744
Flemington,2000,1-3,dry,7-9m,83,7.205
Flemington,2000,1-3,dry,true,36,6.0
Flemington,2000,1-3,heavy,1-3m,3,3.333
Flemington,2000,1-3,heavy,10m+,3,11.333
Flemington,2000,1-3,heavy,7-9m,12,8.25
Flemington,2000,1-3,heavy,true,3,6.333
Flemington,2000,1-3,soft,1-3m,6,7.667
Flemington,2000,1-3,soft,10m+,9,5.778
Flemington,2000,1-3,soft,4-6m,15,8.6
Flemington,2000,1-3,soft,7-9m,24,8.792
Flemington,2000,1-3,soft,true,6,6.333
Flemington,2000,10-12,dry,1-3m,8,6.75
Flemington,2000,10-12,dry,10m+,17,10.941
Flemington,2000,10-12,dry,4-6m,20,9.15
Flemington,2000,10-12,dry,7-9m,63,10.254
Flemington,2000,10-12,dry,true,25,9.44
Flemington,2000,10-12,heavy,1-3m,3,11.667
Flemington,2000,10-12,heavy,10m+,3,11.667
Flemington,2000,10-12,heavy,7-9m,11,12.364
Flemington,2000,10-12,heavy,true,3,10.667
Flemington,2000,10-12,soft,1-3m,6,9.667
Flemington,2000,10-12,soft,10m+,9,10.0
Flemington,2000,10-12,soft,4-6m,15,13.133
Flemington,2000,10-12,soft,7-9m,20,12.05
Flemington,2000,10-12,soft,true,6,7.5
Flemington,2000,13+,dry,1-3m,8,8.75
Flemington,2000,13+,dry,10m+,11,13.727
Flemington,2000,13+,dry,4-6m,9,11.0
Flemington,2000,13+,dry,7-9m,36,11.528
Flemington,2000,13+,dry,true,8,8.125
Flemington,2000,13+,heavy,1-3m,2,5.5
Flemington,2000,13+,heavy,10m+,3,12.667
Flemington,2000,13+,heavy,7-9m,6,13.333
Flemington,2000,13+,soft,1-3m,2,7.5
Flemington,2000,13+,soft,10m+,2,11.5
Flemington,2000,13+,soft,4-6m,12,14.083
Flemington,2000,13+,soft,7-9m,18,9.222
Flemington,2000,13+,soft,true,3,8.667
Flemington,2000,4-6,dry,1-3m,15,6.133
Flemington,2000,4-6,dry,10m+,21,8.81
Flemington,2000,4-6,dry,4-6m,38,7.026
Flemington,2000,4-6,dry,7-9m,82,9.11
Flemington,2000,4-6,dry,true,36,7.778
Flemington,2000,4-6,heavy,1-3m,3,6.0
Flemington,2000,4-6,heavy,10m+,3,11.667
Flemington,2000,4-6,heavy,7-9m,12,10.583
Flemington,2000,4-6,heavy,true,3,7.0
Flemington,2000,4-6,soft,1-3m,6,7.667
Flemington,2000,4-6,soft,10m+,9,8.444
Flemington,2000,4-6,soft,4-6m,15,12.733
Flemington,2000,4-6,soft,7-9m,24,9.375
Flemington,2000,4-6,soft,true,6,9.667
Flemington,2000,7-9,dry,1-3m,15,7.533
Flemington,2000,7-9,dry,10m+,19,10.316
Flemington,2000,7-9,dry,4-6m,37,8.784
Flemington,2000,7-9,dry,7-9m,79,9.911
Flemington,2000,7-9,dry,true,36,9.417
Flemington,2000,7-9,heavy,1-3m,3,7.333
Flemington,2000,7-9,heavy,10m+,3,12.667
Flemington,2000,7-9,heavy,7-9m,12,10.25
Flemington,2000,7-9,heavy,true,3,8.667
Flemington,2000,7-9,soft,1-3m,6,8.333
Flemington,2000,7-9,soft,10m+,9,9.333
Flemington,2000,7-9,soft,4-6m,14,13.857
Flemington,2000,7-9,soft,7-9m,24,12.375
Flemington,2000,7-9,soft,true,6,10.333
Flemington,2500,1-3,dry,1-3m,3,13.333
Flemington,2500,1-3,dry,10m+,17,10.294
Flemington,2500,1-3,dry,4-6m,21,8.19
Flemington,2500,1-3,dry,7-9m,20,7.0
Flemington,2500,1-3,dry,true,44,10.5
Flemington,2500,1-3,heavy,10m+,3,13.333
Flemington,2500,1-3,heavy,true,3,6.333
Flemington,2500,1-3,soft,10m+,9,4.0
Flemington,2500,1-3,soft,4-6m,3,15.667
Flemington,2500,1-3,soft,7-9m,15,6.933
Flemington,2500,1-3,soft,true,23,9.783
Flemington,2500,10-12,dry,10m+,8,17.5
Flemington,2500,10-12,dry,4-6m,16,12.5
Flemington,2500,10-12,dry,7-9m,12,15.833
Flemington,2500,10-12,dry,true,22,11.909
Flemington,2500,10-12,heavy,10m+,3,16.667
Flemington,2500,10-12,soft,4-6m,3,30.0
Flemington,2500,10-12,soft,7-9m,6,21.5
Flemington,2500,10-12,soft,true,14,13.429
Flemington,2500,13+,dry,10m+,2,24.0
Flemington,2500,13+,dry,4-6m,3,8.667
Flemington,2500,13+,dry,7-9m,7,13.571
Flemington,2500,13+,dry,true,16,18.25
Flemington,2500,13+,heavy,10m+,1,21.0
Flemington,2500,13+,soft,7-9m,5,16.4
Flemington,2500,13+,soft,true,15,16.333
Flemington,2500,4-6,dry,1-3m,3,16.667
Flemington,2500,4-6,dry,10m+,18,11.167
Flemington,2500,4-6,dry,4-6m,21,11.19
Flemington,2500,4-6,dry,7-9m,21,13.952
Flemington,2500,4-6,dry,true,44,10.659
Flemington,2500,4-6,heavy,10m+,3,14.667
Flemington,2500,4-6,heavy,true,3,5.667
Flemington,2500,4-6,soft,10m+,9,8.111
Flemington,2500,4-6,soft,4-6m,3,25.333
Flemington,2500,4-6,soft,7-9m,15,12.8
Flemington,2500,4-6,soft,true,24,12.667
Flemington,2500,7-9,dry,1-3m,3,16.333
Flemington,2500,7-9,dry,10m+,15,12.333
Flemington,2500,7-9,dry,4-6m,21,12.048
Flemington,2500,7-9,dry,7-9m,19,14.0
Flemington,2500,7-9,dry,true,40,13.975
Flemington,2500,7-9,heavy,10m+,3,13.667
Flemington,2500,7-9,heavy,true,3,10.0
Flemington,2500,7-9,soft,10m+,6,12.167
Flemington,2500,7-9,soft,4-6m,3,23.667
Flemington,2500,7-9,soft,7-9m,12,14.833
Flemington,2500,7-9,soft,true,21,14.381
Flemington,2600,1-3,dry,1-3m,3,6.333
Flemington,2600,1-3,dry,10m+,9,10.556
Flemington,2600,1-3,dry,7-9m,15,11.4
Flemington,2600,1-3,dry,true,12,9.0
Flemington,2600,1-3,heavy,10m+,3,17.0
Flemington,2600,1-3,heavy,7-9m,3,11.0
Flemington,2600,1-3,soft,1-3m,3,8.0
Flemington,2600,1-3,soft,true,18,8.667
Flemington,2600,10-12,dry,10m+,7,13.429
Flemington,2600,10-12,dry,7-9m,7,15.429
Flemington,2600,10-12,dry,true,5,13.2
Flemington,2600,10-12,heavy,10m+,2,21.0
Flemington,2600,10-12,heavy,7-9m,3,14.333
Flemington,2600,10-12,soft,true,8,13.5
Flemington,2600,13+,dry,10m+,2,16.0
Flemington,2600,13+,dry,7-9m,1,18.0
Flemington,2600,4-6,dry,1-3m,3,9.667
Flemington,2600,4-6,dry,10m+,9,11.333
Flemington,2600,4-6,dry,7-9m,14,12.143
Flemington,2600,4-6,dry,true,12,9.417
Flemington,2600,4-6,heavy,10m+,3,13.333
Flemington,2600,4-6,heavy,7-9m,3,11.667
Flemington,2600,4-6,soft,1-3m,3,2.0
Flemington,2600,4-6,soft,true,18,10.5
Flemington,2600,7-9,dry,1-3m,2,4.0
Flemington,2600,7-9,dry,10m+,9,10.222
Flemington,2600,7-9,dry,7-9m,12,10.75
Flemington,2600,7-9,dry,true,8,10.625
Flemington,2600,7-9,heavy,10m+,3,14.667
Flemington,2600,7-9,heavy,7-9m,3,14.0
Flemington,2600,7-9,soft,1-3m,1,6.0
Flemington,2600,7-9,soft,true,15,11.2
Flemington,2800,1-3,dry,1-3m,14,13.071
Flemington,2800,1-3,dry,4-6m,9,8.556
Flemington,2800,1-3,dry,true,16,7.688
Flemington,2800,1-3,soft,1-3m,18,9.056
Flemington,2800,1-3,soft,4-6m,8,9.25
Flemington,2800,1-3,soft,true,3,9.0
Flemington,2800,10-12,dry,1-3m,7,11.714
Flemington,2800,10-12,dry,4-6m,4,12.75
Flemington,2800,10-12,dry,true,14,12.214
Flemington,2800,10-12,soft,1-3m,14,12.143
Flemington,2800,10-12,soft,4-6m,6,12.833
Flemington,2800,10-12,soft,true,2,16.5
Flemington,2800,13+,dry,1-3m,4,16.0
Flemington,2800,13+,dry,4-6m,2,9.0
Flemington,2800,13+,dry,true,6,12.333
Flemington,2800,13+,soft,1-3m,8,11.0
Flemington,2800,13+,soft,4-6m,9,15.222
Flemington,2800,13+,soft,true,6,20.0
Flemington,2800,4-6,dry,1-3m,15,11.333
Flemington,2800,4-6,dry,4-6m,9,9.667
Flemington,2800,4-6,dry,true,18,10.0
Flemington,2800,4-6,soft,1-3m,18,12.556
Flemington,2800,4-6,soft,4-6m,9,8.889
Flemington,2800,4-6,soft,true,3,11.0
Flemington,2800,7-9,dry,1-3m,15,15.333
Flemington,2800,7-9,dry,4-6m,9,12.889
Flemington,2800,7-9,dry,true,18,11.611
Flemington,2800,7-9,soft,1-3m,17,13.471
Flemington,2800,7-9,soft,4-6m,8,10.875
Flemington,2800,7-9,soft,true,3,11.667
Flemington,3200,1-3,dry,1-3m,3,22.667
Flemington,3200,10-12,dry,1-3m,4,18.5
Flemington,3200,13+,dry,1-3m,13,20.923
Flemington,3200,4-6,dry,1-3m,5,17.4
Flemington,3200,7-9,dry,1-3m,2,21.0
Gatton,900,1-3,dry,true,41,4.585
Gatton,900,1-3,heavy,true,3,5.0
Gatton,900,1-3,soft,true,27,4.889
Gatton,900,10-12,dry,true,4,9.0
Gatton,900,10-12,heavy,true,1,13.0
Gatton,900,10-12,soft,true,4,10.5
Gatton,900,4-6,dry,true,40,6.875
Gatton,900,4-6,heavy,true,3,6.0
Gatton,900,4-6,soft,true,26,6.923
Gatton,900,7-9,dry,true,32,9.438
Gatton,900,7-9,heavy,true,3,9.0
Gatton,900,7-9,soft,true,17,9.824
Gatton,1100,1-3,dry,1-3m,12,3.75
Gatton,1100,1-3,dry,true,89,4.91
Gatton,1100,1-3,soft,true,24,4.833
Gatton,1100,10-12,dry,1-3m,4,7.25
Gatton,1100,10-12,dry,true,47,9.128
Gatton,1100,10-12,soft,true,7,6.429
Gatton,1100,4-6,dry,1-3m,12,5.917
Gatton,1100,4-6,dry,true,89,7.854
Gatton,1100,4-6,soft,true,22,7.136
Gatton,1100,7-9,dry,1-3m,10,6.6
Gatton,1100,7-9,dry,true,82,8.232
Gatton,1100,7-9,soft,true,18,8.278
Gatton,1400,1-3,dry,1-3m,3,4.333
Gatton,1400,1-3,dry,true,110,6.464
Gatton,1400,1-3,heavy,true,2,9.0
Gatton,1400,1-3,soft,true,21,7.19
Gatton,1400,10-12,dry,1-3m,2,11.5
Gatton,1400,10-12,dry,true,60,11.567
Gatton,1400,10-12,soft,true,11,10.182
Gatton,1400,4-6,dry,1-3m,3,3.667
Gatton,1400,4-6,dry,true,111,8.955
Gatton,1400,4-6,heavy,true,2,10.0
Gatton,1400,4-6,soft,true,21,9.667
Gatton,1400,7-9,dry,1-3m,3,4.667
Gatton,1400,7-9,dry,true,99,10.778
Gatton,1400,7-9,heavy,true,1,8.0
Gatton,1400,7-9,soft,true,21,12.667
Gatton,1600,1-3,dry,1-3m,3,5.667
Gatton,1600,1-3,dry,true,36,6.5
Gatton,1600,1-3,heavy,true,3,8.667
Gatton,1600,1-3,soft,true,12,7.0
Gatton,1600,10-12,dry,1-3m,3,6.667
Gatton,1600,10-12,dry,true,17,12.059
Gatton,1600,10-12,soft,true,5,10.2
Gatton,1600,4-6,dry,1-3m,3,7.333
Gatton,1600,4-6,dry,true,36,8.806
Gatton,1600,4-6,heavy,true,3,11.0
Gatton,1600,4-6,soft,true,12,10.667
Gatton,1600,7-9,dry,1-3m,3,9.667
Gatton,1600,7-9,dry,true,34,11.176
Gatton,1600,7-9,heavy,true,1,11.0
Gatton,1600,7-9,soft,true,10,10.9
Gatton,2000,1-3,dry,true,18,16.056
Gatton,2000,1-3,soft,true,3,10.0
Gatton,2000,10-12,dry,true,12,15.0
Gatton,2000,10-12,soft,true,2,12.5
Gatton,2000,4-6,dry,true,17,14.529
Gatton,2000,4-6,soft,true,3,19.333
Gatton,2000,7-9,dry,true,18,15.833
Gatton,2000,7-9,soft,true,3,16.333
Gawler,1100,1-3,dry,1-3m,1,-5.0
Gawler,1100,1-3,dry,4-6m,6,2.5
Gawler,1100,1-3,dry,7-9m,3,3.333
Gawler,1100,1-3,dry,true,40,3.875
Gawler,1100,1-3,heavy,1-3m,3,3.333
Gawler,1100,1-3,heavy,4-6m,27,2.63
Gawler,1100,1-3,heavy,7-9m,3,2.0
Gawler,1100,1-3,heavy,true,9,3.667
Gawler,1100,1-3,soft,4-6m,12,1.083
Gawler,1100,1-3,soft,7-9m,3,6.333
Gawler,1100,1-3,soft,true,23,3.304
Gawler,1100,10-12,dry,1-3m,2,4.0
Gawler,1100,10-12,dry,4-6m,2,3.5
Gawler,1100,10-12,dry,true,11,7.0
Gawler,1100,10-12,heavy,4-6m,9,8.111
Gawler,1100,10-12,heavy,true,1,13.0
Gawler,1100,10-12,soft,4-6m,8,9.5
Gawler,1100,10-12,soft,7-9m,1,5.0
Gawler,1100,10-12,soft,true,7,9.0
Gawler,1100,4-6,dry,1-3m,3,-1.667
Gawler,1100,4-6,dry,4-6m,6,4.0
Gawler,1100,4-6,dry,7-9m,3,4.667
Gawler,1100,4-6,dry,true,42,4.69
Gawler,1100,4-6,heavy,1-3m,3,5.333
Gawler,1100,4-6,heavy,4-6m,27,4.593
Gawler,1100,4-6,heavy,7-9m,3,4.0
Gawler,1100,4-6,heavy,true,9,7.111
Gawler,1100,4-6,soft,4-6m,12,4.833
Gawler,1100,4-6,soft,7-9m,3,8.333
Gawler,1100,4-6,soft,true,24,5.375
Gawler,1100,7-9,dry,1-3m,3,0.333
Gawler,1100,7-9,dry,4-6m,5,3.6
Gawler,1100,7-9,dry,7-9m,3,5.333
Gawler,1100,7-9,dry,true,37,5.946
Gawler,1100,7-9,heavy,4-6m,24,5.833
Gawler,1100,7-9,heavy,7-9m,3,8.667
Gawler,1100,7-9,heavy,true,5,8.2
Gawler,1100,7-9,soft,4-6m,12,5.0
Gawler,1100,7-9,soft,7-9m,3,9.667
Gawler,1100,7-9,soft,true,20,6.7
Gawler,1200,1-3,dry,1-3m,3,-1.667
Gawler,1200,1-3,dry,7-9m,12,3.333
Gawler,1200,1-3,dry,true,63,2.889
Gawler,1200,1-3,heavy,1-3m,12,5.167
Gawler,1200,1-3,heavy,4-6m,18,2.944
Gawler,1200,1-3,heavy,7-9m,9,7.889
Gawler,1200,1-3,heavy,true,18,3.444
Gawler,1200,1-3,soft,4-6m,17,3.294
Gawler,1200,1-3,soft,7-9m,12,5.083
Gawler,1200,1-3,soft,true,69,3.188
Gawler,1200,10-12,dry,1-3m,2,-2.0
Gawler,1200,10-12,dry,7-9m,5,8.6
Gawler,1200,10-12,dry,true,30,7.733
Gawler,1200,10-12,heavy,1-3m,7,8.857
Gawler,1200,10-12,heavy,4-6m,9,10.778
Gawler,1200,10-12,heavy,7-9m,1,11.0
Gawler,1200,10-12,heavy,true,10,10.4
Gawler,1200,10-12,soft,4-6m,11,11.545
Gawler,1200,10-12,soft,7-9m,3,11.333
Gawler,1200,10-12,soft,true,47,6.894
Gawler,1200,13+,dry,true,2,9.5
Gawler,1200,13+,soft,4-6m,1,22.0
Gawler,1200,13+,soft,true,13,10.846
Gawler,1200,4-6,dry,1-3m,2,-3.5
Gawler,1200,4-6,dry,7-9m,12,6.083
Gawler,1200,4-6,dry,true,63,5.524
Gawler,1200,4-6,heavy,1-3m,12,6.25
Gawler,1200,4-6,heavy,4-6m,18,5.389
Gawler,1200,4-6,heavy,7-9m,9,11.444
Gawler,1200,4-6,heavy,true,18,4.889
Gawler,1200,4-6,soft,4-6m,17,6.588
Gawler,1200,4-6,soft,7-9m,12,7.0
Gawler,1200,4-6,soft,true,69,4.029
Gawler,1200,7-9,dry,1-3m,3,2.333
Gawler,1200,7-9,dry,7-9m,12,8.25
Gawler,1200,7-9,dry,true,53,6.17
Gawler,1200,7-9,heavy,1-3m,12,5.917
Gawler,1200,7-9,heavy,4-6m,18,8.667
Gawler,1200,7-9,heavy,7-9m,6,11.5
Gawler,1200,7-9,heavy,true,18,7.444
Gawler,1200,7-9,soft,4-6m,18,7.222
Gawler,1200,7-9,soft,7-9m,11,7.636
Gawler,1200,7-9,soft,true,67,5.657
Gawler,1500,1-3,dry,1-3m,9,4.111
Gawler,1500,1-3,dry,4-6m,9,1.556
Gawler,1500,1-3,dry,7-9m,8,2.375
Gawler,1500,1-3,dry,true,68,4.632
Gawler,1500,1-3,heavy,1-3m,6,4.0
Gawler,1500,1-3,heavy,4-6m,15,5.133
Gawler,1500,1-3,heavy,true,12,8.5
Gawler,1500,1-3,soft,4-6m,15,6.067
Gawler,1500,1-3,soft,7-9m,9,5.778
Gawler,1500,1-3,soft,true,51,3.843
Gawler,1500,10-12,dry,1-3m,4,8.75
Gawler,1500,10-12,dry,4-6m,6,6.0
Gawler,1500,10-12,dry,7-9m,6,8.167
Gawler,1500,10-12,dry,true,42,8.357
Gawler,1500,10-12,heavy,1-3m,3,14.0
Gawler,1500,10-12,heavy,4-6m,11,13.091
Gawler,1500,10-12,heavy,true,9,13.333
Gawler,1500,10-12,soft,4-6m,8,10.125
Gawler,1500,10-12,soft,7-9m,2,11.0
Gawler,1500,10-12,soft,true,34,7.912
Gawler,1500,13+,dry,1-3m,2,12.0
Gawler,1500,13+,dry,true,14,8.5
Gawler,1500,13+,heavy,true,2,19.5
Gawler,1500,13+,soft,4-6m,1,14.0
Gawler,1500,13+,soft,true,9,7.333
Gawler,1500,4-6,dry,1-3m,9,6.778
Gawler,1500,4-6,dry,4-6m,8,6.375
Gawler,1500,4-6,dry,7-9m,9,5.556
Gawler,1500,4-6,dry,true,69,7.391
Gawler,1500,4-6,heavy,1-3m,6,4.833
Gawler,1500,4-6,heavy,4-6m,15,7.533
Gawler,1500,4-6,heavy,true,12,8.417
Gawler,1500,4-6,soft,4-6m,15,6.2
Gawler,1500,4-6,soft,7-9m,9,6.778
Gawler,1500,4-6,soft,true,51,5.373
Gawler,1500,7-9,dry,1-3m,9,7.111
Gawler,1500,7-9,dry,4-6m,8,10.0
Gawler,1500,7-9,dry,7-9m,7,5.143
Gawler,1500,7-9,dry,true,65,7.492
Gawler,1500,7-9,heavy,1-3m,5,8.2
Gawler,1500,7-9,heavy,4-6m,15,8.733
Gawler,1500,7-9,heavy,true,12,14.0
Gawler,1500,7-9,soft,4-6m,14,9.071
Gawler,1500,7-9,soft,7-9m,8,9.625
Gawler,1500,7-9,soft,true,50,6.3
Gawler,1700,1-3,dry,1-3m,3,5.333
Gawler,1700,1-3,dry,4-6m,3,2.667
Gawler,1700,1-3,dry,7-9m,3,2.667
Gawler,1700,1-3,dry,true,26,5.962
Gawler,1700,1-3,heavy,4-6m,6,4.167
Gawler,1700,1-3,heavy,7-9m,5,9.2
Gawler,1700,1-3,heavy,true,12,6.25
Gawler,1700,1-3,soft,4-6m,15,4.6
Gawler,1700,1-3,soft,7-9m,3,8.667
Gawler,1700,1-3,soft,true,33,4.394
Gawler,1700,10-12,dry,1-3m,1,13.0
Gawler,1700,10-12,dry,4-6m,1,10.0
Gawler,1700,10-12,dry,7-9m,1,14.0
Gawler,1700,10-12,dry,true,15,13.0
Gawler,1700,10-12,heavy,4-6m,1,12.0
Gawler,1700,10-12,heavy,true,5,14.0
Gawler,1700,10-12,soft,4-6m,4,9.5
Gawler,1700,10-12,soft,7-9m,1,9.0
Gawler,1700,10-12,soft,true,21,10.333
Gawler,1700,4-6,dry,1-3m,3,7.667
Gawler,1700,4-6,dry,4-6m,3,2.0
Gawler,1700,4-6,dry,7-9m,3,8.333
Gawler,1700,4-6,dry,true,27,8.222
Gawler,1700,4-6,heavy,4-6m,6,6.5
Gawler,1700,4-6,heavy,7-9m,6,10.167
Gawler,1700,4-6,heavy,true,12,10.333
Gawler,1700,4-6,soft,4-6m,15,7.2
Gawler,1700,4-6,soft,7-9m,3,8.667
Gawler,1700,4-6,soft,true,33,6.545
Gawler,1700,7-9,dry,1-3m,3,12.333
Gawler,1700,7-9,dry,4-6m,3,9.667
Gawler,1700,7-9,dry,7-9m,3,12.333
Gawler,1700,7-9,dry,true,26,11.346
Gawler,1700,7-9,heavy,4-6m,6,10.833
Gawler,1700,7-9,heavy,7-9m,4,14.25
Gawler,1700,7-9,heavy,true,12,12.417
Gawler,1700,7-9,soft,4-6m,15,9.8
Gawler,1700,7-9,soft,7-9m,3,10.667
Gawler,1700,7-9,soft,true,31,10.0
Gawler,2100,1-3,dry,1-3m,3,5.667
Gawler,2100,1-3,dry,4-6m,3,2.0
Gawler,2100,1-3,dry,7-9m,6,5.833
Gawler,2100,1-3,dry,true,21,7.095
Gawler,2100,1-3,heavy,4-6m,3,4.0
Gawler,2100,1-3,heavy,7-9m,3,9.333
Gawler,2100,1-3,heavy,true,12,4.25
Gawler,2100,1-3,soft,4-6m,9,7.222
Gawler,2100,1-3,soft,7-9m,6,3.833
Gawler,2100,1-3,soft,true,15,3.867
Gawler,2100,10-12,dry,true,4,11.5
Gawler,2100,10-12,heavy,4-6m,2,11.5
Gawler,2100,10-12,heavy,true,6,9.167
Gawler,2100,10-12,soft,4-6m,1,0.0
Gawler,2100,10-12,soft,true,4,7.75
Gawler,2100,13+,soft,true,2,15.0
Gawler,2100,4-6,dry,1-3m,3,11.0
Gawler,2100,4-6,dry,4-6m,3,3.333
Gawler,2100,4-6,dry,7-9m,6,9.0
Gawler,2100,4-6,dry,true,21,10.81
Gawler,2100,4-6,heavy,4-6m,3,4.0
Gawler,2100,4-6,heavy,7-9m,3,10.333
Gawler,2100,4-6,heavy,true,11,7.727
Gawler,2100,4-6,soft,4-6m,9,7.667
Gawler,2100,4-6,soft,7-9m,6,7.0
Gawler,2100,4-6,soft,true,15,6.333
Gawler,2100,7-9,dry,1-3m,3,3.333
Gawler,2100,7-9,dry,4-6m,2,2.5
Gawler,2100,7-9,dry,7-9m,5,9.8
Gawler,2100,7-9,dry,true,17,9.118
Gawler,2100,7-9,heavy,4-6m,3,11.0
Gawler,2100,7-9,heavy,7-9m,2,13.5
Gawler,2100,7-9,heavy,true,11,13.636
Gawler,2100,7-9,soft,4-6m,8,7.625
Gawler,2100,7-9,soft,7-9m,6,6.167
Gawler,2100,7-9,soft,true,9,8.667
Geelong,1100,1-3,dry,1-3m,12,2.667
Geelong,1100,1-3,dry,4-6m,24,5.792
Geelong,1100,1-3,dry,7-9m,12,3.5
Geelong,1100,1-3,dry,true,33,5.97
Geelong,1100,1-3,heavy,4-6m,3,3.0
Geelong,1100,1-3,heavy,7-9m,6,4.167
Geelong,1100,1-3,soft,1-3m,6,5.0
Geelong,1100,1-3,soft,7-9m,12,4.833
Geelong,1100,1-3,soft,true,18,6.0
Geelong,1100,10-12,dry,1-3m,5,4.2
Geelong,1100,10-12,dry,4-6m,3,6.667
Geelong,1100,10-12,dry,7-9m,2,10.0
Geelong,1100,10-12,dry,true,8,7.875
Geelong,1100,10-12,heavy,4-6m,2,8.0
Geelong,1100,10-12,soft,1-3m,1,6.0
Geelong,1100,10-12,soft,7-9m,2,9.0
Geelong,1100,10-12,soft,true,6,15.333
Geelong,1100,13+,soft,true,1,12.0
Geelong,1100,4-6,dry,1-3m,12,4.75
Geelong,1100,4-6,dry,4-6m,23,7.565
Geelong,1100,4-6,dry,7-9m,12,5.5
Geelong,1100,4-6,dry,true,32,6.719
Geelong,1100,4-6,heavy,4-6m,3,9.333
Geelong,1100,4-6,heavy,7-9m,6,4.167
Geelong,1100,4-6,soft,1-3m,6,6.0
Geelong,1100,4-6,soft,7-9m,12,6.5
Geelong,1100,4-6,soft,true,18,7.944
Geelong,1100,7-9,dry,1-3m,9,4.444
Geelong,1100,7-9,dry,4-6m,17,8.647
Geelong,1100,7-9,dry,7-9m,8,8.125
Geelong,1100,7-9,dry,true,23,8.174
Geelong,1100,7-9,heavy,4-6m,3,7.667
Geelong,1100,7-9,heavy,7-9m,5,7.2
Geelong,1100,7-9,soft,1-3m,4,6.75
Geelong,1100,7-9,soft,7-9m,6,6.0
Geelong,1100,7-9,soft,true,16,10.312
Geelong,1200,1-3,dry,1-3m,3,1.667
Geelong,1200,1-3,dry,4-6m,9,4.444
Geelong,1200,1-3,dry,7-9m,18,3.444
Geelong,1200,1-3,dry,true,12,4.833
Geelong,1200,1-3,heavy,1-3m,3,8.0
Geelong,1200,1-3,heavy,4-6m,15,6.067
Geelong,1200,1-3,heavy,7-9m,9,6.333
Geelong,1200,1-3,soft,1-3m,6,4.167
Geelong,1200,1-3,soft,7-9m,6,4.5
Geelong,1200,1-3,soft,true,15,5.933
Geelong,1200,10-12,dry,7-9m,2,8.0
Geelong,1200,10-12,dry,true,6,8.833
Geelong,1200,10-12,heavy,1-3m,1,10.0
Geelong,1200,10-12,heavy,4-6m,5,13.6
Geelong,1200,10-12,heavy,7-9m,2,5.0
Geelong,1200,10-12,soft,7-9m,1,15.0
Geelong,1200,10-12,soft,true,4,14.5
Geelong,1200,13+,soft,true,1,5.0
Geelong,1200,4-6,dry,1-3m,3,7.667
Geelong,1200,4-6,dry,4-6m,9,7.667
Geelong,1200,4-6,dry,7-9m,17,5.353
Geelong,1200,4-6,dry,true,12,8.25
Geelong,1200,4-6,heavy,1-3m,3,10.0
Geelong,1200,4-6,heavy,4-6m,15,6.333
Geelong,1200,4-6,heavy,7-9m,9,6.111
Geelong,1200,4-6,soft,1-3m,6,7.833
Geelong,1200,4-6,soft,7-9m,6,7.5
Geelong,1200,4-6,soft,true,15,8.267
Geelong,1200,7-9,dry,1-3m,3,5.667
Geelong,1200,7-9,dry,4-6m,5,6.2
Geelong,1200,7-9,dry,7-9m,11,6.636
Geelong,1200,7-9,dry,true,10,8.6
Geelong,1200,7-9,heavy,1-3m,3,9.667
Geelong,1200,7-9,heavy,4-6m,13,9.692
Geelong,1200,7-9,heavy,7-9m,8,7.0
Geelong,1200,7-9,soft,1-3m,4,7.5
Geelong,1200,7-9,soft,7-9m,6,9.167
Geelong,1200,7-9,soft,true,14,9.929
Geelong,1300,1-3,dry,1-3m,12,3.833
Geelong,1300,1-3,dry,4-6m,18,6.444
Geelong,1300,1-3,dry,7-9m,9,3.667
Geelong,1300,1-3,dry,true,9,5.778
Geelong,1300,1-3,heavy,4-6m,3,5.667
Geelong,1300,1-3,heavy,7-9m,6,4.833
Geelong,1300,1-3,soft,1-3m,9,4.222
Geelong,1300,1-3,soft,7-9m,6,7.5
Geelong,1300,1-3,soft,true,6,5.333
Geelong,1300,10-12,dry,1-3m,5,9.0
Geelong,1300,10-12,dry,4-6m,5,9.6
Geelong,1300,10-12,dry,true,6,8.167
Geelong,1300,10-12,heavy,7-9m,1,11.0
Geelong,1300,10-12,soft,1-3m,4,6.75
Geelong,1300,10-12,soft,7-9m,2,10.0
Geelong,1300,10-12,soft,true,2,7.5
Geelong,1300,13+,dry,1-3m,2,11.5
Geelong,1300,4-6,dry,1-3m,12,5.667
Geelong,1300,4-6,dry,4-6m,18,7.944
Geelong,1300,4-6,dry,7-9m,9,4.667
Geelong,1300,4-6,dry,true,9,9.333
Geelong,1300,4-6,heavy,4-6m,3,5.333
Geelong,1300,4-6,heavy,7-9m,6,6.833
Geelong,1300,4-6,soft,1-3m,8,5.875
Geelong,1300,4-6,soft,7-9m,6,10.667
Geelong,1300,4-6,soft,true,6,6.667
Geelong,1300,7-9,dry,1-3m,11,5.818
Geelong,1300,7-9,dry,4-6m,17,9.176
Geelong,1300,7-9,dry,7-9m,5,6.6
Geelong,1300,7-9,dry,true,9,9.889
Geelong,1300,7-9,heavy,7-9m,4,8.0
Geelong,1300,7-9,soft,1-3m,6,6.167
Geelong,1300,7-9,soft,7-9m,6,8.0
Geelong,1300,7-9,soft,true,4,12.25
Geelong,1400,1-3,dry,1-3m,6,3.667
Geelong,1400,1-3,dry,4-6m,12,5.667
Geelong,1400,1-3,dry,7-9m,15,3.933
Geelong,1400,1-3,dry,true,12,3.667
Geelong,1400,1-3,heavy,1-3m,3,5.0
Geelong,1400,1-3,heavy,4-6m,12,6.25
Geelong,1400,1-3,heavy,7-9m,9,3.111
Geelong,1400,1-3,soft,7-9m,3,5.333
Geelong,1400,1-3,soft,true,6,6.5
Geelong,1400,10-12,dry,1-3m,2,9.0
Geelong,1400,10-12,dry,4-6m,1,10.0
Geelong,1400,10-12,dry,7-9m,4,7.75
Geelong,1400,10-12,dry,true,4,8.25
Geelong,1400,10-12,heavy,1-3m,1,16.0
Geelong,1400,10-12,heavy,4-6m,3,14.667
Geelong,1400,10-12,heavy,7-9m,2,3.0
Geelong,1400,10-12,soft,true,4,7.5
Geelong,1400,13+,soft,true,1,16.0
Geelong,1400,4-6,dry,1-3m,6,3.667
Geelong,1400,4-6,dry,4-6m,12,7.5
Geelong,1400,4-6,dry,7-9m,15,4.133
Geelong,1400,4-6,dry,true,12,5.833
Geelong,1400,4-6,heavy,1-3m,3,9.667
Geelong,1400,4-6,heavy,4-6m,12,8.417
Geelong,1400,4-6,heavy,7-9m,9,3.111
Geelong,1400,4-6,soft,7-9m,3,6.667
Geelong,1400,4-6,soft,true,6,8.667
Geelong,1400,7-9,dry,1-3m,6,6.667
Geelong,1400,7-9,dry,4-6m,10,8.7
Geelong,1400,7-9,dry,7-9m,14,5.286
Geelong,1400,7-9,dry,true,11,6.091
Geelong,1400,7-9,heavy,1-3m,3,6.667
Geelong,1400,7-9,heavy,4-6m,9,12.222
Geelong,1400,7-9,heavy,7-9m,9,3.556
Geelong,1400,7-9,soft,7-9m,3,5.333
Geelong,1400,7-9,soft,true,6,9.167
Geelong,1500,1-3,dry,1-3m,6,3.333
Geelong,1500,1-3,dry,4-6m,17,8.059
Geelong,1500,1-3,dry,7-9m,15,4.267
Geelong,1500,1-3,dry,true,9,6.222
Geelong,1500,1-3,heavy,7-9m,9,5.667
Geelong,1500,1-3,soft,1-3m,3,4.0
Geelong,1500,1-3,soft,7-9m,9,7.111
Geelong,1500,1-3,soft,true,3,2.333
Geelong,1500,10-12,dry,1-3m,4,8.25
Geelong,1500,10-12,dry,4-6m,12,8.0
Geelong,1500,10-12,dry,7-9m,6,9.833
Geelong,1500,10-12,dry,true,3,7.667
Geelong,1500,10-12,heavy,7-9m,1,15.0
Geelong,1500,10-12,soft,1-3m,2,4.5
Geelong,1500,10-12,soft,7-9m,5,9.0
Geelong,1500,10-12,soft,true,3,9.667
Geelong,1500,13+,dry,1-3m,1,6.0
Geelong,1500,13+,dry,4-6m,1,9.0
Geelong,1500,13+,dry,7-9m,1,4.0
Geelong,1500,13+,soft,true,1,8.0
Geelong,1500,4-6,dry,1-3m,6,6.5
Geelong,1500,4-6,dry,4-6m,18,7.111
Geelong,1500,4-6,dry,7-9m,15,5.933
Geelong,1500,4-6,dry,true,9,6.556
Geelong,1500,4-6,heavy,7-9m,9,9.667
Geelong,1500,4-6,soft,1-3m,3,6.667
Geelong,1500,4-6,soft,7-9m,9,9.111
Geelong,1500,4-6,soft,true,3,9.667
Geelong,1500,7-9,dry,1-3m,6,7.833
Geelong,1500,7-9,dry,4-6m,18,8.056
Geelong,1500,7-9,dry,7-9m,14,6.5
Geelong,1500,7-9,dry,true,8,8.0
Geelong,1500,7-9,heavy,7-9m,4,11.5
Geelong,1500,7-9,soft,1-3m,3,4.667
Geelong,1500,7-9,soft,7-9m,9,6.778
Geelong,1500,7-9,soft,true,3,0.0
Geelong,1700,1-3,dry,1-3m,6,3.167
Geelong,1700,1-3,dry,7-9m,3,7.333
Geelong,1700,1-3,dry,true,12,4.583
Geelong,1700,1-3,heavy,1-3m,6,4.0
Geelong,1700,1-3,heavy,4-6m,6,8.5
Geelong,1700,1-3,soft,true,18,6.556
Geelong,1700,10-12,dry,1-3m,6,7.333
Geelong,1700,10-12,dry,7-9m,2,7.5
Geelong,1700,10-12,heavy,1-3m,1,10.0
Geelong,1700,10-12,heavy,4-6m,6,15.167
Geelong,1700,10-12,soft,true,13,12.692
Geelong,1700,13+,dry,1-3m,2,7.0
Geelong,1700,13+,dry,7-9m,1,1.0
Geelong,1700,13+,heavy,4-6m,3,18.667
Geelong,1700,13+,soft,true,3,16.333
Geelong,1700,4-6,dry,1-3m,6,5.167
Geelong,1700,4-6,dry,7-9m,3,9.667
Geelong,1700,4-6,dry,true,12,6.583
Geelong,1700,4-6,heavy,1-3m,6,12.0
Geelong,1700,4-6,heavy,4-6m,6,14.167
Geelong,1700,4-6,soft,true,18,9.111
Geelong,1700,7-9,dry,1-3m,6,6.5
Geelong,1700,7-9,dry,7-9m,3,8.667
Geelong,1700,7-9,dry,true,7,8.286
Geelong,1700,7-9,heavy,1-3m,6,17.167
Geelong,1700,7-9,heavy,4-6m,6,11.667
Geelong,1700,7-9,soft,true,18,11.222
Geelong,1800,1-3,dry,7-9m,15,3.467
Geelong,1800,1-3,heavy,7-9m,9,5.556
Geelong,1800,1-3,soft,7-9m,9,5.889
Geelong,1800,10-12,dry,7-9m,3,5.667
Geelong,1800,10-12,heavy,7-9m,1,8.0
Geelong,1800,10-12,soft,7-9m,1,15.0
Geelong,1800,4-6,dry,7-9m,15,3.667
Geelong,1800,4-6,heavy,7-9m,9,8.0
Geelong,1800,4-6,soft,7-9m,9,8.444
Geelong,1800,7-9,dry,7-9m,15,3.533
Geelong,1800,7-9,heavy,7-9m,7,8.429
Geelong,1800,7-9,soft,7-9m,8,7.5
Geelong,2200,1-3,soft,true,3,7.333
Geelong,2200,10-12,soft,true,2,9.0
Geelong,2200,4-6,soft,true,3,6.667
Geelong,2200,7-9,soft,true,3,3.333
Geelong,2300,1-3,dry,7-9m,3,4.0
Geelong,2300,4-6,dry,7-9m,3,4.0
Geelong,2400,1-3,dry,1-3m,3,6.333
Geelong,2400,1-3,dry,4-6m,15,5.933
Geelong,2400,1-3,dry,7-9m,6,5.667
Geelong,2400,1-3,dry,true,6,5.167
Geelong,2400,1-3,heavy,4-6m,9,7.889
Geelong,2400,1-3,soft,true,18,7.556
Geelong,2400,10-12,dry,4-6m,3,6.667
Geelong,2400,10-12,dry,7-9m,4,9.0
Geelong,2400,10-12,dry,true,3,7.0
Geelong,2400,10-12,heavy,4-6m,5,7.6
Geelong,2400,10-12,soft,true,10,14.8
Geelong,2400,13+,dry,4-6m,1,9.0
Geelong,2400,13+,dry,true,1,0.0
Geelong,2400,13+,heavy,4-6m,2,7.0
Geelong,2400,13+,soft,true,3,7.667
Geelong,2400,4-6,dry,1-3m,3,5.0
Geelong,2400,4-6,dry,4-6m,15,5.933
Geelong,2400,4-6,dry,7-9m,6,2.167
Geelong,2400,4-6,dry,true,6,4.667
Geelong,2400,4-6,heavy,4-6m,9,7.556
Geelong,2400,4-6,soft,true,18,8.722
Geelong,2400,7-9,dry,1-3m,3,4.667
Geelong,2400,7-9,dry,4-6m,10,6.8
Geelong,2400,7-9,dry,7-9m,6,4.167
Geelong,2400,7-9,dry,true,5,8.4
Geelong,2400,7-9,heavy,4-6m,9,8.667
Geelong,2400,7-9,soft,true,16,12.25
Geelong,2500,1-3,heavy,7-9m,3,3.333
Geelong,2500,1-3,soft,7-9m,6,10.667
Geelong,2500,10-12,heavy,7-9m,2,5.0
Geelong,2500,10-12,soft,7-9m,1,24.0
Geelong,2500,4-6,heavy,7-9m,3,3.667
Geelong,2500,4-6,soft,7-9m,6,13.833
Geelong,2500,7-9,heavy,7-9m,3,2.333
Geelong,2500,7-9,soft,7-9m,6,9.5
Gold Coast,900,1-3,dry,true,21,-1.857
Gold Coast,900,1-3,heavy,true,3,0.333
Gold Coast,900,1-3,soft,true,6,-0.833
Gold Coast,900,10-12,dry,true,5,1.6
Gold Coast,900,10-12,heavy,true,3,7.667
Gold Coast,900,4-6,dry,true,19,0.211
Gold Coast,900,4-6,heavy,true,3,4.333
Gold Coast,900,4-6,soft,true,6,0.167
Gold Coast,900,7-9,dry,true,11,2.182
Gold Coast,900,7-9,heavy,true,3,4.333
Gold Coast,900,7-9,soft,true,2,4.5
Gold Coast,1000,1-3,dry,1-3m,23,2.87
Gold Coast,1000,1-3,dry,4-6m,48,3.479
Gold Coast,1000,1-3,dry,7-9m,27,4.704
Gold Coast,1000,1-3,dry,true,54,2.944
Gold Coast,1000,1-3,heavy,4-6m,6,0.167
Gold Coast,1000,1-3,heavy,true,15,3.733
Gold Coast,1000,1-3,soft,1-3m,15,2.467
Gold Coast,1000,1-3,soft,4-6m,51,3.275
Gold Coast,1000,1-3,soft,7-9m,58,2.207
Gold Coast,1000,1-3,soft,true,52,3.365
Gold Coast,1000,10-12,dry,1-3m,7,9.714
Gold Coast,1000,10-12,dry,4-6m,6,9.5
Gold Coast,1000,10-12,dry,7-9m,4,10.0
Gold Coast,1000,10-12,dry,true,17,7.765
Gold Coast,1000,10-12,heavy,true,5,10.2
Gold Coast,1000,10-12,soft,1-3m,7,6.571
Gold Coast,1000,10-12,soft,4-6m,4,7.0
Gold Coast,1000,10-12,soft,7-9m,4,6.75
Gold Coast,1000,10-12,soft,true,14,9.5
Gold Coast,1000,4-6,dry,1-3m,24,3.792
Gold Coast,1000,4-6,dry,4-6m,48,4.312
Gold Coast,1000,4-6,dry,7-9m,27,5.963
Gold Coast,1000,4-6,dry,true,54,4.519
Gold Coast,1000,4-6,heavy,4-6m,4,3.75
Gold Coast,1000,4-6,heavy,true,15,4.533
Gold Coast,1000,4-6,soft,1-3m,15,4.2
Gold Coast,1000,4-6,soft,4-6m,50,4.46
Gold Coast,1000,4-6,soft,7-9m,58,3.224
Gold Coast,1000,4-6,soft,true,53,5.585
Gold Coast,1000,7-9,dry,1-3m,23,7.174
Gold Coast,1000,7-9,dry,4-6m,35,5.343
Gold Coast,1000,7-9,dry,7-9m,25,6.8
Gold Coast,1000,7-9,dry,true,49,5.551
Gold Coast,1000,7-9,heavy,4-6m,1,7.0
Gold Coast,1000,7-9,heavy,true,14,6.929
Gold Coast,1000,7-9,soft,1-3m,11,5.455
Gold Coast,1000,7-9,soft,4-6m,38,7.0
Gold Coast,1000,7-9,soft,7-9m,38,5.921
Gold Coast,1000,7-9,soft,true,38,8.079
Gold Coast,1100,1-3,dry,1-3m,6,4.0
Gold Coast,1100,1-3,dry,4-6m,9,1.222
Gold Coast,1100,1-3,dry,7-9m,6,6.667
Gold Coast,1100,1-3,dry,true,75,0.72
Gold Coast,1100,1-3,heavy,true,5,1.4
Gold Coast,1100,1-3,soft,1-3m,3,4.333
Gold Coast,1100,1-3,soft,4-6m,6,1.167
Gold Coast,1100,1-3,soft,7-9m,6,0.833
Gold Coast,1100,1-3,soft,true,32,0.781
Gold Coast,1100,10-12,dry,1-3m,2,5.0
Gold Coast,1100,10-12,dry,true,23,7.174
Gold Coast,1100,10-12,heavy,true,6,6.333
Gold Coast,1100,10-12,soft,1-3m,3,7.667
Gold Coast,1100,10-12,soft,4-6m,2,2.0
Gold Coast,1100,10-12,soft,true,7,5.571
Gold Coast,1100,13+,dry,true,4,8.25
Gold Coast,1100,13+,heavy,true,2,4.5
Gold Coast,1100,13+,soft,1-3m,2,8.0
Gold Coast,1100,13+,soft,true,1,9.0
Gold Coast,1100,4-6,dry,1-3m,5,5.2
Gold Coast,1100,4-6,dry,4-6m,9,3.222
Gold Coast,1100,4-6,dry,7-9m,6,3.833
Gold Coast,1100,4-6,dry,true,73,2.041
Gold Coast,1100,4-6,heavy,true,5,3.8
Gold Coast,1100,4-6,soft,1-3m,3,9.333
Gold Coast,1100,4-6,soft,4-6m,6,3.167
Gold Coast,1100,4-6,soft,7-9m,5,1.4
Gold Coast,1100,4-6,soft,true,31,2.452
Gold Coast,1100,7-9,dry,1-3m,6,6.167
Gold Coast,1100,7-9,dry,4-6m,5,5.0
Gold Coast,1100,7-9,dry,7-9m,6,7.5
Gold Coast,1100,7-9,dry,true,55,5.273
Gold Coast,1100,7-9,heavy,true,6,7.0
Gold Coast,1100,7-9,soft,1-3m,3,3.667
Gold Coast,1100,7-9,soft,4-6m,6,6.833
Gold Coast,1100,7-9,soft,7-9m,5,4.2
Gold Coast,1100,7-9,soft,true,17,4.824
Gold Coast,1200,1-3,dry,1-3m,33,2.121
Gold Coast,1200,1-3,dry,4-6m,21,5.333
Gold Coast,1200,1-3,dry,7-9m,20,3.8
Gold Coast,1200,1-3,dry,true,152,2.02
Gold Coast,1200,1-3,heavy,4-6m,3,2.0
Gold Coast,1200,1-3,heavy,true,32,1.094
Gold Coast,1200,1-3,soft,1-3m,11,1.636
Gold Coast,1200,1-3,soft,4-6m,51,2.098
Gold Coast,1200,1-3,soft,7-9m,37,2.27
Gold Coast,1200,1-3,soft,true,69,2.623
Gold Coast,1200,10-12,dry,1-3m,15,4.867
Gold Coast,1200,10-12,dry,4-6m,8,4.25
Gold Coast,1200,10-12,dry,7-9m,6,5.667
Gold Coast,1200,10-12,dry,true,72,4.431
Gold Coast,1200,10-12,heavy,true,14,5.143
Gold Coast,1200,10-12,soft,1-3m,7,4.714
Gold Coast,1200,10-12,soft,4-6m,18,3.056
Gold Coast,1200,10-12,soft,7-9m,15,3.533
Gold Coast,1200,10-12,soft,true,33,6.0
Gold Coast,1200,13+,dry,1-3m,8,4.0
Gold Coast,1200,13+,dry,4-6m,1,7.0
Gold Coast,1200,13+,dry,true,35,5.8
Gold Coast,1200,13+,heavy,true,8,6.125
Gold Coast,1200,13+,soft,1-3m,6,10.0
Gold Coast,1200,13+,soft,4-6m,1,3.0
Gold Coast,1200,13+,soft,true,19,6.316
Gold Coast,1200,4-6,dry,1-3m,32,3.75
Gold Coast,1200,4-6,dry,4-6m,20,3.95
Gold Coast,1200,4-6,dry,7-9m,19,4.684
Gold Coast,1200,4-6,dry,true,155,3.103
Gold Coast,1200,4-6,heavy,4-6m,2,4.5
Gold Coast,1200,4-6,heavy,true,33,3.242
Gold Coast,1200,4-6,soft,1-3m,12,3.917
Gold Coast,1200,4-6,soft,4-6m,54,2.833
Gold Coast,1200,4-6,soft,7-9m,38,3.684
Gold Coast,1200,4-6,soft,true,67,3.91
Gold Coast,1200,7-9,dry,1-3m,31,4.065
Gold Coast,1200,7-9,dry,4-6m,17,5.294
Gold Coast,1200,7-9,dry,7-9m,15,5.2
Gold Coast,1200,7-9,dry,true,124,4.218
Gold Coast,1200,7-9,heavy,true,30,4.567
Gold Coast,1200,7-9,soft,1-3m,8,5.0
Gold Coast,1200,7-9,soft,4-6m,39,4.256
Gold Coast,1200,7-9,soft,7-9m,31,3.129
Gold Coast,1200,7-9,soft,true,61,4.705
Gold Coast,1300,1-3,dry,1-3m,6,3.0
Gold Coast,1300,1-3,dry,7-9m,6,2.0
Gold Coast,1300,1-3,dry,true,36,2.194
Gold Coast,1300,1-3,heavy,4-6m,3,2.333
Gold Coast,1300,1-3,soft,4-6m,9,1.667
Gold Coast,1300,1-3,soft,7-9m,14,1.643
Gold Coast,1300,1-3,soft,true,17,2.647
Gold Coast,1300,10-12,dry,1-3m,6,8.0
Gold Coast,1300,10-12,dry,7-9m,3,1.0
Gold Coast,1300,10-12,dry,true,28,4.75
Gold Coast,1300,10-12,soft,4-6m,4,6.75
Gold Coast,1300,10-12,soft,7-9m,9,5.222
Gold Coast,1300,10-12,soft,true,15,5.8
Gold Coast,1300,13+,dry,1-3m,9,8.111
Gold Coast,1300,13+,dry,true,27,5.481
Gold Coast,1300,13+,soft,7-9m,4,5.75
Gold Coast,1300,13+,soft,true,9,6.222
Gold Coast,1300,4-6,dry,1-3m,6,4.333
Gold Coast,1300,4-6,dry,7-9m,6,2.5
Gold Coast,1300,4-6,dry,true,36,1.944
Gold Coast,1300,4-6,heavy,4-6m,3,5.0
Gold Coast,1300,4-6,soft,4-6m,9,3.556
Gold Coast,1300,4-6,soft,7-9m,15,2.8
Gold Coast,1300,4-6,soft,true,18,3.444
Gold Coast,1300,7-9,dry,1-3m,6,4.5
Gold Coast,1300,7-9,dry,7-9m,6,3.667
Gold Coast,1300,7-9,dry,true,34,3.206
Gold Coast,1300,7-9,heavy,4-6m,2,-0.5
Gold Coast,1300,7-9,soft,4-6m,8,3.0
Gold Coast,1300,7-9,soft,7-9m,15,4.733
Gold Coast,1300,7-9,soft,true,18,3.667
Gold Coast,1400,1-3,dry,1-3m,32,2.25
Gold Coast,1400,1-3,dry,4-6m,36,4.5
Gold Coast,1400,1-3,dry,7-9m,54,4.426
Gold Coast,1400,1-3,dry,true,141,2.475
Gold Coast,1400,1-3,heavy,4-6m,6,2.333
Gold Coast,1400,1-3,heavy,true,26,3.423
Gold Coast,1400,1-3,soft,1-3m,14,0.5
Gold Coast,1400,1-3,soft,4-6m,28,2.821
Gold Coast,1400,1-3,soft,7-9m,38,1.211
Gold Coast,1400,1-3,soft,true,61,3.148
Gold Coast,1400,10-12,dry,1-3m,22,5.591
Gold Coast,1400,10-12,dry,4-6m,15,6.067
Gold Coast,1400,10-12,dry,7-9m,17,5.412
Gold Coast,1400,10-12,dry,true,72,4.764
Gold Coast,1400,10-12,heavy,true,15,4.533
Gold Coast,1400,10-12,soft,1-3m,7,5.857
Gold Coast,1400,10-12,soft,4-6m,14,5.071
Gold Coast,1400,10-12,soft,7-9m,22,3.318
Gold Coast,1400,10-12,soft,true,34,4.765
Gold Coast,1400,13+,dry,1-3m,16,7.688
Gold Coast,1400,13+,dry,4-6m,8,5.0
Gold Coast,1400,13+,dry,7-9m,5,6.4
Gold Coast,1400,13+,dry,true,36,5.611
Gold Coast,1400,13+,heavy,true,2,3.5
Gold Coast,1400,13+,soft,1-3m,4,6.0
Gold Coast,1400,13+,soft,4-6m,7,6.857
Gold Coast,1400,13+,soft,7-9m,2,2.5
Gold Coast,1400,13+,soft,true,13,4.692
Gold Coast,1400,4-6,dry,1-3m,32,3.406
Gold Coast,1400,4-6,dry,4-6m,36,4.222
Gold Coast,1400,4-6,dry,7-9m,54,5.056
Gold Coast,1400,4-6,dry,true,145,3.724
Gold Coast,1400,4-6,heavy,4-6m,6,3.833
Gold Coast,1400,4-6,heavy,true,27,4.0
Gold Coast,1400,4-6,soft,1-3m,15,4.467
Gold Coast,1400,4-6,soft,4-6m,30,3.667
Gold Coast,1400,4-6,soft,7-9m,38,2.842
Gold Coast,1400,4-6,soft,true,62,3.661
Gold Coast,1400,7-9,dry,1-3m,29,4.483
Gold Coast,1400,7-9,dry,4-6m,33,4.727
Gold Coast,1400,7-9,dry,7-9m,40,6.225
Gold Coast,1400,7-9,dry,true,126,3.802
Gold Coast,1400,7-9,heavy,4-6m,2,1.5
Gold Coast,1400,7-9,heavy,true,24,4.042
Gold Coast,1400,7-9,soft,1-3m,13,3.769
Gold Coast,1400,7-9,soft,4-6m,30,4.5
Gold Coast,1400,7-9,soft,7-9m,36,3.306
Gold Coast,1400,7-9,soft,true,55,4.891
Gold Coast,1700,1-3,dry,1-3m,3,8.333
Gold Coast,1700,1-3,dry,7-9m,6,8.167
Gold Coast,1700,1-3,dry,true,27,1.778
Gold Coast,1700,1-3,heavy,true,6,4.667
Gold Coast,1700,1-3,soft,4-6m,9,1.556
Gold Coast,1700,1-3,soft,7-9m,3,12.0
Gold Coast,1700,1-3,soft,true,21,3.81
Gold Coast,1700,10-12,dry,1-3m,1,1.0
Gold Coast,1700,10-12,dry,true,7,9.143
Gold Coast,1700,10-12,heavy,true,1,12.0
Gold Coast,1700,10-12,soft,4-6m,1,6.0
Gold Coast,1700,10-12,soft,true,6,5.667
Gold Coast,1700,4-6,dry,1-3m,3,7.667
Gold Coast,1700,4-6,dry,7-9m,6,11.0
Gold Coast,1700,4-6,dry,true,27,5.111
Gold Coast,1700,4-6,heavy,true,6,5.667
Gold Coast,1700,4-6,soft,4-6m,9,5.0
Gold Coast,1700,4-6,soft,7-9m,3,11.0
Gold Coast,1700,4-6,soft,true,21,5.952
Gold Coast,1700,7-9,dry,1-3m,3,5.0
Gold Coast,1700,7-9,dry,7-9m,3,14.333
Gold Coast,1700,7-9,dry,true,20,6.4
Gold Coast,1700,7-9,heavy,true,6,10.667
Gold Coast,1700,7-9,soft,4-6m,4,4.0
Gold Coast,1700,7-9,soft,7-9m,3,9.667
Gold Coast,1700,7-9,soft,true,15,7.133
Gold Coast,1800,1-3,dry,1-3m,12,4.917
Gold Coast,1800,1-3,dry,4-6m,18,7.556
Gold Coast,1800,1-3,dry,7-9m,29,7.448
Gold Coast,1800,1-3,dry,true,63,4.587
Gold Coast,1800,1-3,heavy,4-6m,3,3.333
Gold Coast,1800,1-3,heavy,true,6,7.333
Gold Coast,1800,1-3,soft,1-3m,6,2.5
Gold Coast,1800,1-3,soft,4-6m,39,7.436
Gold Coast,1800,1-3,soft,7-9m,27,1.667
Gold Coast,1800,1-3,soft,true,33,7.394
Gold Coast,1800,10-12,dry,1-3m,5,6.4
Gold Coast,1800,10-12,dry,4-6m,11,8.273
Gold Coast,1800,10-12,dry,7-9m,7,16.0
Gold Coast,1800,10-12,dry,true,36,8.806
Gold Coast,1800,10-12,heavy,4-6m,1,7.0
Gold Coast,1800,10-12,heavy,true,6,9.5
Gold Coast,1800,10-12,soft,1-3m,1,6.0
Gold Coast,1800,10-12,soft,4-6m,15,9.133
Gold Coast,1800,10-12,soft,7-9m,6,10.333
Gold Coast,1800,10-12,soft,true,21,8.19
Gold Coast,1800,13+,dry,1-3m,1,14.0
Gold Coast,1800,13+,dry,true,11,8.455
Gold Coast,1800,13+,heavy,true,2,9.0
Gold Coast,1800,13+,soft,4-6m,1,23.0
Gold Coast,1800,13+,soft,true,6,9.333
Gold Coast,1800,4-6,dry,1-3m,12,3.917
Gold Coast,1800,4-6,dry,4-6m,18,7.111
Gold Coast,1800,4-6,dry,7-9m,30,7.667
Gold Coast,1800,4-6,dry,true,63,6.238
Gold Coast,1800,4-6,heavy,4-6m,3,7.667
Gold Coast,1800,4-6,heavy,true,6,6.5
Gold Coast,1800,4-6,soft,1-3m,6,6.5
Gold Coast,1800,4-6,soft,4-6m,39,8.103
Gold Coast,1800,4-6,soft,7-9m,27,5.37
Gold Coast,1800,4-6,soft,true,33,7.939
Gold Coast,1800,7-9,dry,1-3m,12,7.333
Gold Coast,1800,7-9,dry,4-6m,18,6.611
Gold Coast,1800,7-9,dry,7-9m,28,10.714
Gold Coast,1800,7-9,dry,true,59,7.559
Gold Coast,1800,7-9,heavy,4-6m,3,8.333
Gold Coast,1800,7-9,heavy,true,6,8.5
Gold Coast,1800,7-9,soft,1-3m,6,10.0
Gold Coast,1800,7-9,soft,4-6m,30,8.667
Gold Coast,1800,7-9,soft,7-9m,21,6.714
Gold Coast,1800,7-9,soft,true,32,9.188
Gold Coast,2000,1-3,dry,1-3m,3,6.333
Gold Coast,2000,1-3,dry,true,3,2.0
Gold Coast,2000,1-3,heavy,true,3,4.0
Gold Coast,2000,1-3,soft,4-6m,3,18.0
Gold Coast,2000,1-3,soft,7-9m,2,3.0
Gold Coast,2000,1-3,soft,true,3,7.0
Gold Coast,2000,10-12,dry,1-3m,1,13.0
Gold Coast,2000,10-12,heavy,true,3,12.333
Gold Coast,2000,10-12,soft,true,1,12.0
Gold Coast,2000,4-6,dry,1-3m,3,3.667
Gold Coast,2000,4-6,dry,true,3,5.0
Gold Coast,2000,4-6,heavy,true,3,10.333
Gold Coast,2000,4-6,soft,4-6m,3,19.667
Gold Coast,2000,4-6,soft,7-9m,3,0.667
Gold Coast,2000,4-6,soft,true,3,10.0
Gold Coast,2000,7-9,dry,1-3m,3,10.667
Gold Coast,2000,7-9,dry,true,3,7.667
Gold Coast,2000,7-9,heavy,true,3,16.667
Gold Coast,2000,7-9,soft,4-6m,3,20.333
Gold Coast,2000,7-9,soft,7-9m,2,-2.0
Gold Coast,2000,7-9,soft,true,3,7.667
Gold Coast,2200,1-3,dry,1-3m,9,4.222
Gold Coast,2200,1-3,dry,4-6m,6,11.333
Gold Coast,2200,1-3,dry,true,23,7.304
Gold Coast,2200,1-3,heavy,true,6,8.0
Gold Coast,2200,1-3,soft,1-3m,9,5.667
Gold Coast,2200,1-3,soft,4-6m,6,10.0
Gold Coast,2200,1-3,soft,7-9m,6,17.0
Gold Coast,2200,1-3,soft,true,12,6.0
Gold Coast,2200,10-12,dry,1-3m,6,7.333
Gold Coast,2200,10-12,dry,4-6m,2,11.5
Gold Coast,2200,10-12,dry,true,11,8.455
Gold Coast,2200,10-12,heavy,true,1,9.0
Gold Coast,2200,10-12,soft,1-3m,1,5.0
Gold Coast,2200,10-12,soft,4-6m,3,10.0
Gold Coast,2200,10-12,soft,7-9m,2,9.5
Gold Coast,2200,10-12,soft,true,3,7.667
Gold Coast,2200,13+,dry,1-3m,3,12.667
Gold Coast,2200,13+,dry,true,7,14.571
Gold Coast,2200,13+,soft,true,2,6.5
Gold Coast,2200,4-6,dry,1-3m,9,7.444
Gold Coast,2200,4-6,dry,4-6m,6,11.833
Gold Coast,2200,4-6,dry,true,23,8.13
Gold Coast,2200,4-6,heavy,true,6,9.0
Gold Coast,2200,4-6,soft,1-3m,9,5.667
Gold Coast,2200,4-6,soft,4-6m,6,12.833
Gold Coast,2200,4-6,soft,7-9m,6,15.833
Gold Coast,2200,4-6,soft,true,12,8.417
Gold Coast,2200,7-9,dry,1-3m,5,11.4
Gold Coast,2200,7-9,dry,4-6m,6,11.333
Gold Coast,2200,7-9,dry,true,19,5.895
Gold Coast,2200,7-9,heavy,true,6,10.833
Gold Coast,2200,7-9,soft,1-3m,8,7.5
Gold Coast,2200,7-9,soft,4-6m,5,14.4
Gold Coast,2200,7-9,soft,7-9m,5,13.6
Gold Coast,2200,7-9,soft,true,10,7.2
Gold Coast,2400,1-3,dry,7-9m,6,3.833
Gold Coast,2400,1-3,dry,true,6,6.333
Gold Coast,2400,1-3,heavy,true,3,5.333
Gold Coast,2400,1-3,soft,4-6m,3,5.0
Gold Coast,2400,10-12,dry,7-9m,2,9.0
Gold Coast,2400,10-12,dry,true,2,8.0
Gold Coast,2400,10-12,soft,4-6m,3,8.667
Gold Coast,2400,4-6,dry,7-9m,6,8.833
Gold Coast,2400,4-6,dry,true,6,7.667
Gold Coast,2400,4-6,heavy,true,3,9.667
Gold Coast,2400,4-6,soft,4-6m,3,5.667
Gold Coast,2400,7-9,dry,7-9m,6,10.5
Gold Coast,2400,7-9,dry,true,6,6.833
Gold Coast,2400,7-9,heavy,true,2,13.5
Gold Coast,2400,7-9,soft,4-6m,3,6.0
Gold Coast,3200,1-3,soft,4-6m,2,0.5
Gold Coast,3200,1-3,soft,true,5,1.6
Gold Coast,3200,4-6,soft,4-6m,2,-3.5
Gold Coast,3200,4-6,soft,true,6,3.833
Gold Coast,3200,7-9,soft,4-6m,3,1.333
Gold Coast,3200,7-9,soft,true,5,5.0
Ipswich,800,1-3,dry,1-3m,48,-0.312
Ipswich,800,1-3,dry,10m+,29,-2.724
Ipswich,800,1-3,dry,4-6m,98,-0.816
Ipswich,800,1-3,dry,7-9m,24,-1.208
Ipswich,800,1-3,dry,true,50,-0.76
Ipswich,800,1-3,heavy,4-6m,9,-2.333
Ipswich,800,1-3,heavy,7-9m,3,-3.0
Ipswich,800,1-3,heavy,true,3,-1.667
Ipswich,800,1-3,soft,1-3m,8,-1.25
Ipswich,800,1-3,soft,10m+,15,-0.667
Ipswich,800,1-3,soft,4-6m,70,0.629
Ipswich,800,1-3,soft,7-9m,44,-0.545
Ipswich,800,1-3,soft,true,72,-0.028
Ipswich,800,10-12,dry,1-3m,15,2.667
Ipswich,800,10-12,dry,10m+,3,1.667
Ipswich,800,10-12,dry,4-6m,30,2.5
Ipswich,800,10-12,dry,7-9m,3,6.0
Ipswich,800,10-12,dry,true,9,2.778
Ipswich,800,10-12,heavy,4-6m,1,3.0
Ipswich,800,10-12,soft,1-3m,1,0.0
Ipswich,800,10-12,soft,10m+,2,0.5
Ipswich,800,10-12,soft,4-6m,12,5.75
Ipswich,800,10-12,soft,7-9m,6,1.333
Ipswich,800,10-12,soft,true,12,2.417
Ipswich,800,13+,dry,1-3m,2,5.0
Ipswich,800,13+,dry,4-6m,2,4.5
Ipswich,800,13+,soft,4-6m,1,4.0
Ipswich,800,4-6,dry,1-3m,48,0.5
Ipswich,800,4-6,dry,10m+,27,-1.481
Ipswich,800,4-6,dry,4-6m,94,0.298
Ipswich,800,4-6,dry,7-9m,24,0.0
Ipswich,800,4-6,dry,true,48,1.229
Ipswich,800,4-6,heavy,4-6m,9,0.111
Ipswich,800,4-6,heavy,7-9m,2,-1.0
Ipswich,800,4-6,heavy,true,3,3.0
Ipswich,800,4-6,soft,1-3m,9,0.111
Ipswich,800,4-6,soft,10m+,15,0.533
Ipswich,800,4-6,soft,4-6m,71,1.887
Ipswich,800,4-6,soft,7-9m,45,-0.022
Ipswich,800,4-6,soft,true,74,0.703
Ipswich,800,7-9,dry,1-3m,40,1.325
Ipswich,800,7-9,dry,10m+,17,-0.176
Ipswich,800,7-9,dry,4-6m,74,1.514
Ipswich,800,7-9,dry,7-9m,17,1.941
Ipswich,800,7-9,dry,true,26,1.846
Ipswich,800,7-9,heavy,4-6m,7,2.143
Ipswich,800,7-9,soft,1-3m,7,0.143
Ipswich,800,7-9,soft,10m+,12,1.333
Ipswich,800,7-9,soft,4-6m,49,3.571
Ipswich,800,7-9,soft,7-9m,30,1.0
Ipswich,800,7-9,soft,true,57,1.807
Ipswich,1100,1-3,dry,1-3m,47,-1.745
Ipswich,1100,1-3,dry,10m+,7,-3.714
Ipswich,1100,1-3,dry,4-6m,135,0.674
Ipswich,1100,1-3,dry,7-9m,25,-1.72
Ipswich,1100,1-3,dry,true,66,-1.0
Ipswich,1100,1-3,heavy,4-6m,15,-1.067
Ipswich,1100,1-3,heavy,7-9m,13,-1.462
Ipswich,1100,1-3,heavy,true,2,1.5
Ipswich,1100,1-3,soft,1-3m,17,-2.529
Ipswich,1100,1-3,soft,10m+,52,-1.192
Ipswich,1100,1-3,soft,4-6m,47,0.638
Ipswich,1100,1-3,soft,7-9m,38,1.184
Ipswich,1100,1-3,soft,true,45,2.111
Ipswich,1100,10-12,dry,1-3m,6,2.333
Ipswich,1100,10-12,dry,10m+,1,-1.0
Ipswich,1100,10-12,dry,4-6m,22,4.318
Ipswich,1100,10-12,dry,7-9m,15,1.2
Ipswich,1100,10-12,dry,true,13,2.538
Ipswich,1100,10-12,heavy,4-6m,3,1.667
Ipswich,1100,10-12,heavy,true,3,-0.667
Ipswich,1100,10-12,soft,1-3m,5,1.6
Ipswich,1100,10-12,soft,10m+,6,1.333
Ipswich,1100,10-12,soft,4-6m,10,7.1
Ipswich,1100,10-12,soft,7-9m,9,1.667
Ipswich,1100,10-12,soft,true,10,4.9
Ipswich,1100,13+,dry,1-3m,1,2.0
Ipswich,1100,4-6,dry,1-3m,48,-0.438
Ipswich,1100,4-6,dry,10m+,8,-2.375
Ipswich,1100,4-6,dry,4-6m,136,1.779
Ipswich,1100,4-6,dry,7-9m,26,-0.615
Ipswich,1100,4-6,dry,true,67,0.672
Ipswich,1100,4-6,heavy,4-6m,14,1.0
Ipswich,1100,4-6,heavy,7-9m,15,0.867
Ipswich,1100,4-6,heavy,true,3,-1.667
Ipswich,1100,4-6,soft,1-3m,17,-0.882
Ipswich,1100,4-6,soft,10m+,58,-0.534
Ipswich,1100,4-6,soft,4-6m,45,2.044
Ipswich,1100,4-6,soft,7-9m,41,0.707
Ipswich,1100,4-6,soft,true,45,3.444
Ipswich,1100,7-9,dry,1-3m,35,0.571
Ipswich,1100,7-9,dry,10m+,7,-2.286
Ipswich,1100,7-9,dry,4-6m,91,3.154
Ipswich,1100,7-9,dry,7-9m,21,0.524
Ipswich,1100,7-9,dry,true,49,1.408
Ipswich,1100,7-9,heavy,4-6m,12,2.333
Ipswich,1100,7-9,heavy,7-9m,8,0.875
Ipswich,1100,7-9,heavy,true,3,2.333
Ipswich,1100,7-9,soft,1-3m,13,0.462
Ipswich,1100,7-9,soft,10m+,55,1.2
Ipswich,1100,7-9,soft,4-6m,37,2.946
Ipswich,1100,7-9,soft,7-9m,35,1.143
Ipswich,1100,7-9,soft,true,32,4.656
Ipswich,1200,1-3,dry,1-3m,32,-0.531
Ipswich,1200,1-3,dry,10m+,36,-1.917
Ipswich,1200,1-3,dry,4-6m,163,0.35
Ipswich,1200,1-3,dry,7-9m,38,-1.342
Ipswich,1200,1-3,dry,true,77,-1.117
Ipswich,1200,1-3,heavy,4-6m,23,-0.391
Ipswich,1200,1-3,heavy,7-9m,33,1.364
Ipswich,1200,1-3,heavy,true,3,1.667
Ipswich,1200,1-3,soft,1-3m,21,1.238
Ipswich,1200,1-3,soft,10m+,51,1.235
Ipswich,1200,1-3,soft,4-6m,83,3.867
Ipswich,1200,1-3,soft,7-9m,62,0.371
Ipswich,1200,1-3,soft,true,40,1.925
Ipswich,1200,10-12,dry,1-3m,11,1.091
Ipswich,1200,10-12,dry,10m+,7,0.714
Ipswich,1200,10-12,dry,4-6m,72,2.875
Ipswich,1200,10-12,dry,7-9m,10,1.8
Ipswich,1200,10-12,dry,true,19,1.895
Ipswich,1200,10-12,heavy,4-6m,11,3.091
Ipswich,1200,10-12,heavy,7-9m,6,2.167
Ipswich,1200,10-12,soft,1-3m,14,2.857
Ipswich,1200,10-12,soft,10m+,5,2.0
Ipswich,1200,10-12,soft,4-6m,32,5.281
Ipswich,1200,10-12,soft,7-9m,24,0.375
Ipswich,1200,10-12,soft,true,16,3.75
Ipswich,1200,13+,dry,1-3m,1,4.0
Ipswich,1200,13+,dry,4-6m,8,2.5
Ipswich,1200,13+,soft,1-3m,2,3.0
Ipswich,1200,13+,soft,7-9m,1,5.0
Ipswich,1200,4-6,dry,1-3m,32,0.844
Ipswich,1200,4-6,dry,10m+,43,-1.651
Ipswich,1200,4-6,dry,4-6m,167,1.695
Ipswich,1200,4-6,dry,7-9m,40,-0.425
Ipswich,1200,4-6,dry,true,80,0.338
Ipswich,1200,4-6,heavy,4-6m,24,1.667
Ipswich,1200,4-6,heavy,7-9m,32,1.438
Ipswich,1200,4-6,heavy,true,3,2.0
Ipswich,1200,4-6,soft,1-3m,23,2.174
Ipswich,1200,4-6,soft,10m+,53,1.887
Ipswich,1200,4-6,soft,4-6m,87,4.851
Ipswich,1200,4-6,soft,7-9m,64,0.203
Ipswich,1200,4-6,soft,true,40,1.125
Ipswich,1200,7-9,dry,1-3m,24,-0.083
Ipswich,1200,7-9,dry,10m+,36,-0.556
Ipswich,1200,7-9,dry,4-6m,150,2.027
Ipswich,1200,7-9,dry,7-9m,36,0.583
Ipswich,1200,7-9,dry,true,60,0.667
Ipswich,1200,7-9,heavy,4-6m,22,1.0
Ipswich,1200,7-9,heavy,7-9m,20,2.25
Ipswich,1200,7-9,heavy,true,2,3.5
Ipswich,1200,7-9,soft,1-3m,19,2.632
Ipswich,1200,7-9,soft,10m+,29,2.0
Ipswich,1200,7-9,soft,4-6m,71,5.831
Ipswich,1200,7-9,soft,7-9m,61,0.492
Ipswich,1200,7-9,soft,true,33,3.273
Ipswich,1400,1-3,dry,1-3m,87,1.149
Ipswich,1400,1-3,dry,10m+,51,-1.784
Ipswich,1400,1-3,dry,4-6m,214,2.958
Ipswich,1400,1-3,dry,7-9m,60,-2.05
Ipswich,1400,1-3,dry,true,74,-0.338
Ipswich,1400,1-3,heavy,4-6m,23,-0.304
Ipswich,1400,1-3,heavy,7-9m,33,3.333
Ipswich,1400,1-3,heavy,true,9,1.0
Ipswich,1400,1-3,soft,1-3m,47,4.426
Ipswich,1400,1-3,soft,10m+,44,1.864
Ipswich,1400,1-3,soft,4-6m,86,1.14
Ipswich,1400,1-3,soft,7-9m,48,3.188
Ipswich,1400,1-3,soft,true,75,3.36
Ipswich,1400,10-12,dry,1-3m,36,4.861
Ipswich,1400,10-12,dry,10m+,5,0.8
Ipswich,1400,10-12,dry,4-6m,114,4.561
Ipswich,1400,10-12,dry,7-9m,29,0.172
Ipswich,1400,10-12,dry,true,44,2.114
Ipswich,1400,10-12,heavy,4-6m,11,3.091
Ipswich,1400,10-12,heavy,7-9m,3,3.667
Ipswich,1400,10-12,heavy,true,6,4.167
Ipswich,1400,10-12,soft,1-3m,28,5.893
Ipswich,1400,10-12,soft,10m+,7,2.857
Ipswich,1400,10-12,soft,4-6m,34,3.5
Ipswich,1400,10-12,soft,7-9m,18,2.944
Ipswich,1400,10-12,soft,true,41,6.61
Ipswich,1400,13+,dry,1-3m,7,4.286
Ipswich,1400,13+,dry,4-6m,30,4.733
Ipswich,1400,13+,dry,true,8,3.125
Ipswich,1400,13+,heavy,4-6m,2,4.5
Ipswich,1400,13+,heavy,true,3,1.333
Ipswich,1400,13+,soft,1-3m,9,6.333
Ipswich,1400,13+,soft,4-6m,5,3.2
Ipswich,1400,13+,soft,7-9m,2,1.0
Ipswich,1400,13+,soft,true,11,4.182
Ipswich,1400,4-6,dry,1-3m,89,3.146
Ipswich,1400,4-6,dry,10m+,53,0.264
Ipswich,1400,4-6,dry,4-6m,222,3.761
Ipswich,1400,4-6,dry,7-9m,72,-0.389
Ipswich,1400,4-6,dry,true,73,1.973
Ipswich,1400,4-6,heavy,4-6m,24,1.833
Ipswich,1400,4-6,heavy,7-9m,32,4.281
Ipswich,1400,4-6,heavy,true,9,0.333
Ipswich,1400,4-6,soft,1-3m,46,4.043
Ipswich,1400,4-6,soft,10m+,48,3.792
Ipswich,1400,4-6,soft,4-6m,90,2.022
Ipswich,1400,4-6,soft,7-9m,50,2.8
Ipswich,1400,4-6,soft,true,77,3.584
Ipswich,1400,7-9,dry,1-3m,82,2.683
Ipswich,1400,7-9,dry,10m+,48,0.667
Ipswich,1400,7-9,dry,4-6m,200,4.135
Ipswich,1400,7-9,dry,7-9m,59,0.475
Ipswich,1400,7-9,dry,true,69,1.913
Ipswich,1400,7-9,heavy,4-6m,21,1.619
Ipswich,1400,7-9,heavy,7-9m,19,4.842
Ipswich,1400,7-9,heavy,true,9,1.444
Ipswich,1400,7-9,soft,1-3m,45,5.356
Ipswich,1400,7-9,soft,10m+,39,3.872
Ipswich,1400,7-9,soft,4-6m,76,2.934
Ipswich,1400,7-9,soft,7-9m,45,3.778
Ipswich,1400,7-9,soft,true,76,3.342
Ipswich,1500,1-3,dry,4-6m,9,-1.667
Ipswich,1500,1-3,dry,true,6,1.833
Ipswich,1500,1-3,soft,1-3m,3,-0.333
Ipswich,1500,10-12,dry,4-6m,2,4.0
Ipswich,1500,4-6,dry,4-6m,10,-1.2
Ipswich,1500,4-6,dry,true,6,2.5
Ipswich,1500,4-6,soft,1-3m,2,2.0
Ipswich,1500,7-9,dry,4-6m,6,2.167
Ipswich,1500,7-9,dry,true,5,3.0
Ipswich,1500,7-9,soft,1-3m,3,1.0
Ipswich,1600,1-3,dry,true,3,2.333
Ipswich,1600,1-3,soft,true,3,2.333
Ipswich,1600,4-6,dry,true,3,3.333
Ipswich,1600,4-6,soft,true,3,1.333
Ipswich,1600,7-9,dry,true,1,1.0
Ipswich,1600,7-9,soft,true,3,3.333
Ipswich,1700,1-3,dry,1-3m,44,2.205
Ipswich,1700,1-3,dry,10m+,20,-2.55
Ipswich,1700,1-3,dry,4-6m,161,1.981
Ipswich,1700,1-3,dry,7-9m,26,-0.154
Ipswich,1700,1-3,dry,true,78,0.269
Ipswich,1700,1-3,heavy,4-6m,21,0.619
Ipswich,1700,1-3,heavy,7-9m,19,0.789
Ipswich,1700,1-3,heavy,true,6,3.0
Ipswich,1700,1-3,soft,1-3m,22,0.591
Ipswich,1700,1-3,soft,10m+,18,6.222
Ipswich,1700,1-3,soft,4-6m,75,3.333
Ipswich,1700,1-3,soft,7-9m,68,1.706
Ipswich,1700,1-3,soft,true,56,2.375
Ipswich,1700,10-12,dry,1-3m,14,4.571
Ipswich,1700,10-12,dry,10m+,7,-1.857
Ipswich,1700,10-12,dry,4-6m,73,6.151
Ipswich,1700,10-12,dry,7-9m,11,3.909
Ipswich,1700,10-12,dry,true,31,4.516
Ipswich,1700,10-12,heavy,4-6m,8,3.75
Ipswich,1700,10-12,heavy,7-9m,2,10.0
Ipswich,1700,10-12,soft,1-3m,12,2.417
Ipswich,1700,10-12,soft,10m+,10,1.4
Ipswich,1700,10-12,soft,4-6m,23,5.826
Ipswich,1700,10-12,soft,7-9m,31,3.935
Ipswich,1700,10-12,soft,true,29,6.31
Ipswich,1700,13+,dry,1-3m,2,5.5
Ipswich,1700,13+,dry,4-6m,12,2.583
Ipswich,1700,13+,dry,true,8,5.0
Ipswich,1700,13+,heavy,4-6m,3,3.667
Ipswich,1700,13+,soft,4-6m,7,2.143
Ipswich,1700,13+,soft,true,7,2.0
Ipswich,1700,4-6,dry,1-3m,47,1.809
Ipswich,1700,4-6,dry,10m+,26,-1.923
Ipswich,1700,4-6,dry,4-6m,163,2.982
Ipswich,1700,4-6,dry,7-9m,34,0.588
Ipswich,1700,4-6,dry,true,79,2.304
Ipswich,1700,4-6,heavy,4-6m,21,2.238
Ipswich,1700,4-6,heavy,7-9m,20,2.4
Ipswich,1700,4-6,heavy,true,5,3.4
Ipswich,1700,4-6,soft,1-3m,21,2.762
Ipswich,1700,4-6,soft,10m+,22,4.136
Ipswich,1700,4-6,soft,4-6m,74,3.986
Ipswich,1700,4-6,soft,7-9m,70,2.043
Ipswich,1700,4-6,soft,true,55,4.655
Ipswich,1700,7-9,dry,1-3m,37,3.459
Ipswich,1700,7-9,dry,10m+,17,-0.059
Ipswich,1700,7-9,dry,4-6m,148,3.858
Ipswich,1700,7-9,dry,7-9m,25,0.8
Ipswich,1700,7-9,dry,true,62,3.258
Ipswich,1700,7-9,heavy,4-6m,17,2.765
Ipswich,1700,7-9,heavy,7-9m,7,5.714
Ipswich,1700,7-9,heavy,true,5,1.0
Ipswich,1700,7-9,soft,1-3m,21,3.714
Ipswich,1700,7-9,soft,10m+,20,4.25
Ipswich,1700,7-9,soft,4-6m,59,6.186
Ipswich,1700,7-9,soft,7-9m,63,3.079
Ipswich,1700,7-9,soft,true,49,4.796
Ipswich,2000,1-3,dry,1-3m,3,0.667
Ipswich,2000,1-3,dry,4-6m,5,9.8
Ipswich,2000,1-3,soft,1-3m,3,7.333
Ipswich,2000,1-3,soft,10m+,3,31.0
Ipswich,2000,1-3,soft,4-6m,3,3.0
Ipswich,2000,1-3,soft,7-9m,8,13.125
Ipswich,2000,1-3,soft,true,3,4.667
Ipswich,2000,10-12,dry,4-6m,1,25.0
Ipswich,2000,10-12,soft,1-3m,1,34.0
Ipswich,2000,10-12,soft,10m+,1,35.0
Ipswich,2000,10-12,soft,4-6m,1,-1.0
Ipswich,2000,10-12,soft,true,1,8.0
Ipswich,2000,4-6,dry,1-3m,3,3.0
Ipswich,2000,4-6,dry,4-6m,5,9.2
Ipswich,2000,4-6,soft,1-3m,2,11.0
Ipswich,2000,4-6,soft,10m+,3,36.333
Ipswich,2000,4-6,soft,4-6m,3,3.0
Ipswich,2000,4-6,soft,7-9m,7,15.429
Ipswich,2000,4-6,soft,true,3,9.0
Ipswich,2000,7-9,dry,4-6m,3,19.0
Ipswich,2000,7-9,soft,1-3m,3,10.0
Ipswich,2000,7-9,soft,10m+,3,34.333
Ipswich,2000,7-9,soft,4-6m,3,1.333
Ipswich,2000,7-9,soft,7-9m,7,10.143
Ipswich,2000,7-9,soft,true,3,5.333
Ipswich,2100,1-3,soft,true,3,3.333
Ipswich,2100,4-6,soft,true,3,7.0
Ipswich,2100,7-9,soft,true,3,1.667
Ipswich,2200,1-3,dry,1-3m,15,4.133
Ipswich,2200,1-3,dry,10m+,6,-1.5
Ipswich,2200,1-3,dry,4-6m,63,2.111
Ipswich,2200,1-3,dry,7-9m,8,-0.375
Ipswich,2200,1-3,dry,true,18,0.611
Ipswich,2200,1-3,heavy,4-6m,6,1.833
Ipswich,2200,1-3,heavy,7-9m,10,2.5
Ipswich,2200,1-3,soft,1-3m,15,2.4
Ipswich,2200,1-3,soft,10m+,11,1.273
Ipswich,2200,1-3,soft,4-6m,24,0.125
Ipswich,2200,1-3,soft,7-9m,13,2.231
Ipswich,2200,1-3,soft,true,31,1.097
Ipswich,2200,10-12,dry,1-3m,3,4.0
Ipswich,2200,10-12,dry,10m+,4,0.5
Ipswich,2200,10-12,dry,4-6m,31,5.903
Ipswich,2200,10-12,dry,7-9m,2,3.0
Ipswich,2200,10-12,dry,true,8,4.875
Ipswich,2200,10-12,heavy,4-6m,3,2.667
Ipswich,2200,10-12,heavy,7-9m,7,2.429
Ipswich,2200,10-12,soft,1-3m,7,5.714
Ipswich,2200,10-12,soft,10m+,6,0.167
Ipswich,2200,10-12,soft,4-6m,13,4.154
Ipswich,2200,10-12,soft,7-9m,7,1.143
Ipswich,2200,10-12,soft,true,11,6.091
Ipswich,2200,13+,dry,1-3m,1,9.0
Ipswich,2200,13+,dry,4-6m,10,8.3
Ipswich,2200,13+,soft,4-6m,4,1.75
Ipswich,2200,13+,soft,true,7,6.714
Ipswich,2200,4-6,dry,1-3m,15,3.667
Ipswich,2200,4-6,dry,10m+,15,-1.533
Ipswich,2200,4-6,dry,4-6m,68,3.279
Ipswich,2200,4-6,dry,7-9m,9,0.222
Ipswich,2200,4-6,dry,true,18,3.944
Ipswich,2200,4-6,heavy,4-6m,6,2.833
Ipswich,2200,4-6,heavy,7-9m,15,3.267
Ipswich,2200,4-6,soft,1-3m,14,4.643
Ipswich,2200,4-6,soft,10m+,17,-0.118
Ipswich,2200,4-6,soft,4-6m,26,2.154
Ipswich,2200,4-6,soft,7-9m,21,2.429
Ipswich,2200,4-6,soft,true,33,2.939
Ipswich,2200,7-9,dry,1-3m,10,5.2
Ipswich,2200,7-9,dry,10m+,9,-1.667
Ipswich,2200,7-9,dry,4-6m,56,4.393
Ipswich,2200,7-9,dry,7-9m,8,0.5
Ipswich,2200,7-9,dry,true,18,3.556
Ipswich,2200,7-9,heavy,4-6m,5,0.2
Ipswich,2200,7-9,heavy,7-9m,10,4.6
Ipswich,2200,7-9,soft,1-3m,13,5.0
Ipswich,2200,7-9,soft,10m+,15,1.067
Ipswich,2200,7-9,soft,4-6m,25,2.0
Ipswich,2200,7-9,soft,7-9m,20,1.2
Ipswich,2200,7-9,soft,true,27,4.407
Ipswich,2500,1-3,dry,4-6m,2,-1.0
Ipswich,2500,1-3,soft,1-3m,3,16.0
Ipswich,2500,1-3,soft,4-6m,3,0.0
Ipswich,2500,10-12,dry,4-6m,6,3.167
Ipswich,2500,10-12,soft,1-3m,3,11.667
Ipswich,2500,13+,dry,4-6m,4,3.0
Ipswich,2500,13+,soft,1-3m,3,17.0
Ipswich,2500,4-6,dry,4-6m,6,0.667
Ipswich,2500,4-6,soft,1-3m,3,15.667
Ipswich,2500,4-6,soft,4-6m,3,0.0
Ipswich,2500,7-9,dry,4-6m,5,3.6
Ipswich,2500,7-9,soft,1-3m,3,10.333
Ipswich,2500,7-9,soft,4-6m,3,2.333
Kilcoy,800,1-3,dry,true,21,2.476
Kilcoy,800,1-3,soft,true,18,2.444
Kilcoy,800,10-12,dry,true,1,3.0
Kilcoy,800,10-12,soft,true,2,6.0
Kilcoy,800,4-6,dry,true,20,4.3
Kilcoy,800,4-6,soft,true,18,3.667
Kilcoy,800,7-9,dry,true,20,4.95
Kilcoy,800,7-9,soft,true,12,4.75
Kilcoy,1200,1-3,dry,true,52,5.269
Kilcoy,1200,1-3,heavy,true,9,9.0
Kilcoy,1200,1-3,soft,true,70,4.886
Kilcoy,1200,10-12,dry,true,22,9.864
Kilcoy,1200,10-12,heavy,true,5,9.0
Kilcoy,1200,10-12,soft,true,22,9.545
Kilcoy,1200,4-6,dry,true,53,7.283
Kilcoy,1200,4-6,heavy,true,9,9.778
Kilcoy,1200,4-6,soft,true,70,6.614
Kilcoy,1200,7-9,dry,true,48,10.375
Kilcoy,1200,7-9,heavy,true,8,10.375
Kilcoy,1200,7-9,soft,true,50,7.52
Kilcoy,1500,1-3,dry,true,36,8.528
Kilcoy,1500,1-3,soft,true,42,9.048
Kilcoy,1500,10-12,dry,true,7,13.571
Kilcoy,1500,10-12,soft,true,7,14.286
Kilcoy,1500,4-6,dry,true,36,10.472
Kilcoy,1500,4-6,soft,true,45,9.489
Kilcoy,1500,7-9,dry,true,35,11.6
Kilcoy,1500,7-9,soft,true,35,12.457
Kilcoy,1900,1-3,dry,true,14,7.571
Kilcoy,1900,1-3,heavy,true,3,13.333
Kilcoy,1900,1-3,soft,true,27,9.074
Kilcoy,1900,10-12,dry,true,7,13.286
Kilcoy,1900,10-12,heavy,true,1,18.0
Kilcoy,1900,10-12,soft,true,11,16.182
Kilcoy,1900,4-6,dry,true,15,10.6
Kilcoy,1900,4-6,heavy,true,3,16.333
Kilcoy,1900,4-6,soft,true,27,11.593
Kilcoy,1900,7-9,dry,true,15,12.533
Kilcoy,1900,7-9,heavy,true,3,16.667
Kilcoy,1900,7-9,soft,true,25,14.2
Mackay,1000,1-3,dry,1-3m,24,1.458
Mackay,1000,1-3,dry,true,93,2.602
Mackay,1000,1-3,soft,true,33,3.0
Mackay,1000,10-12,dry,1-3m,3,2.333
Mackay,1000,10-12,dry,true,18,6.444
Mackay,1000,10-12,soft,true,7,4.857
Mackay,1000,4-6,dry,1-3m,24,3.792
Mackay,1000,4-6,dry,true,90,4.822
Mackay,1000,4-6,soft,true,32,3.625
Mackay,1000,7-9,dry,1-3m,22,3.864
Mackay,1000,7-9,dry,true,65,6.369
Mackay,1000,7-9,soft,true,25,5.2
Mackay,1100,1-3,dry,1-3m,38,1.289
Mackay,1100,1-3,dry,4-6m,3,1.0
Mackay,1100,1-3,dry,true,230,2.791
Mackay,1100,1-3,heavy,true,3,1.333
Mackay,1100,1-3,soft,1-3m,18,6.556
Mackay,1100,1-3,soft,true,41,1.902
Mackay,1100,10-12,dry,1-3m,4,7.25
Mackay,1100,10-12,dry,4-6m,1,9.0
Mackay,1100,10-12,dry,true,77,6.792
Mackay,1100,10-12,soft,1-3m,1,8.0
Mackay,1100,10-12,soft,true,11,6.0
Mackay,1100,13+,dry,true,7,6.429
Mackay,1100,13+,soft,true,2,4.0
Mackay,1100,4-6,dry,1-3m,38,3.605
Mackay,1100,4-6,dry,4-6m,3,4.0
Mackay,1100,4-6,dry,true,227,4.48
Mackay,1100,4-6,heavy,true,3,5.333
Mackay,1100,4-6,soft,1-3m,17,7.235
Mackay,1100,4-6,soft,true,40,3.8
Mackay,1100,7-9,dry,1-3m,35,4.571
Mackay,1100,7-9,dry,4-6m,3,5.333
Mackay,1100,7-9,dry,true,186,5.468
Mackay,1100,7-9,heavy,true,2,10.0
Mackay,1100,7-9,soft,1-3m,10,11.0
Mackay,1100,7-9,soft,true,24,5.125
Mackay,1200,1-3,dry,1-3m,36,2.083
Mackay,1200,1-3,dry,4-6m,3,1.333
Mackay,1200,1-3,dry,true,196,3.031
Mackay,1200,1-3,heavy,true,9,2.778
Mackay,1200,1-3,soft,1-3m,18,6.222
Mackay,1200,1-3,soft,true,51,2.706
Mackay,1200,10-12,dry,1-3m,10,7.1
Mackay,1200,10-12,dry,4-6m,1,1.0
Mackay,1200,10-12,dry,true,58,7.517
Mackay,1200,10-12,soft,true,12,7.417
Mackay,1200,13+,dry,true,7,8.857
Mackay,1200,13+,soft,true,1,11.0
Mackay,1200,4-6,dry,1-3m,36,4.528
Mackay,1200,4-6,dry,4-6m,3,-0.667
Mackay,1200,4-6,dry,true,198,5.081
Mackay,1200,4-6,heavy,true,9,4.778
Mackay,1200,4-6,soft,1-3m,18,8.944
Mackay,1200,4-6,soft,true,50,5.32
Mackay,1200,7-9,dry,1-3m,33,5.545
Mackay,1200,7-9,dry,4-6m,3,1.667
Mackay,1200,7-9,dry,true,140,6.486
Mackay,1200,7-9,heavy,true,6,3.667
Mackay,1200,7-9,soft,1-3m,7,11.143
Mackay,1200,7-9,soft,true,31,7.065
Mackay,1300,1-3,dry,1-3m,40,2.175
Mackay,1300,1-3,dry,4-6m,9,2.778
Mackay,1300,1-3,dry,true,211,3.152
Mackay,1300,1-3,heavy,true,3,0.333
Mackay,1300,1-3,soft,1-3m,12,7.167
Mackay,1300,1-3,soft,true,49,2.082
Mackay,1300,10-12,dry,1-3m,15,5.0
Mackay,1300,10-12,dry,4-6m,1,7.0
Mackay,1300,10-12,dry,true,82,7.524
Mackay,1300,10-12,soft,1-3m,3,14.0
Mackay,1300,10-12,soft,true,14,5.214
Mackay,1300,13+,dry,true,14,7.571
Mackay,1300,13+,soft,true,6,6.833
Mackay,1300,4-6,dry,1-3m,41,4.244
Mackay,1300,4-6,dry,4-6m,9,2.111
Mackay,1300,4-6,dry,true,212,5.061
Mackay,1300,4-6,heavy,true,3,5.667
Mackay,1300,4-6,soft,1-3m,11,6.545
Mackay,1300,4-6,soft,true,50,3.98
Mackay,1300,7-9,dry,1-3m,34,5.294
Mackay,1300,7-9,dry,4-6m,5,1.4
Mackay,1300,7-9,dry,true,178,6.371
Mackay,1300,7-9,soft,1-3m,8,7.875
Mackay,1300,7-9,soft,true,35,5.114
Mackay,1600,1-3,dry,1-3m,45,6.556
Mackay,1600,1-3,dry,4-6m,3,10.333
Mackay,1600,1-3,dry,true,186,6.328
Mackay,1600,1-3,heavy,true,3,8.0
Mackay,1600,1-3,soft,1-3m,9,8.0
Mackay,1600,1-3,soft,true,39,5.744
Mackay,1600,10-12,dry,1-3m,14,11.643
Mackay,1600,10-12,dry,true,39,10.282
Mackay,1600,10-12,soft,true,5,8.4
Mackay,1600,13+,dry,true,7,11.857
Mackay,1600,4-6,dry,1-3m,44,8.114
Mackay,1600,4-6,dry,4-6m,3,9.0
Mackay,1600,4-6,dry,true,183,8.481
Mackay,1600,4-6,heavy,true,3,11.333
Mackay,1600,4-6,soft,1-3m,9,9.667
Mackay,1600,4-6,soft,true,34,7.676
Mackay,1600,7-9,dry,1-3m,41,9.805
Mackay,1600,7-9,dry,4-6m,2,11.0
Mackay,1600,7-9,dry,true,119,9.084
Mackay,1600,7-9,soft,1-3m,7,9.429
Mackay,1600,7-9,soft,true,21,8.714
Mackay,1800,1-3,dry,1-3m,15,5.8
Mackay,1800,1-3,dry,4-6m,3,4.0
Mackay,1800,1-3,dry,true,73,7.877
Mackay,1800,1-3,heavy,true,3,3.0
Mackay,1800,1-3,soft,1-3m,5,22.2
Mackay,1800,1-3,soft,true,12,4.167
Mackay,1800,10-12,dry,1-3m,4,7.5
Mackay,1800,10-12,dry,4-6m,1,12.0
Mackay,1800,10-12,dry,true,22,11.455
Mackay,1800,10-12,soft,true,2,10.0
Mackay,1800,13+,dry,true,6,15.333
Mackay,1800,4-6,dry,1-3m,15,8.933
Mackay,1800,4-6,dry,4-6m,3,10.0
Mackay,1800,4-6,dry,true,70,9.329
Mackay,1800,4-6,heavy,true,3,9.333
Mackay,1800,4-6,soft,1-3m,6,23.333
Mackay,1800,4-6,soft,true,14,6.786
Mackay,1800,7-9,dry,1-3m,13,7.615
Mackay,1800,7-9,dry,4-6m,3,11.667
Mackay,1800,7-9,dry,true,52,10.385
Mackay,1800,7-9,soft,1-3m,1,20.0
Mackay,1800,7-9,soft,true,9,9.0
Mackay,2000,1-3,dry,1-3m,3,14.0
Mackay,2000,1-3,dry,true,32,6.906
Mackay,2000,1-3,soft,true,3,5.333
Mackay,2000,10-12,dry,true,18,10.0
Mackay,2000,13+,dry,true,6,10.5
Mackay,2000,4-6,dry,1-3m,3,6.0
Mackay,2000,4-6,dry,true,32,8.625
Mackay,2000,4-6,soft,true,3,8.0
Mackay,2000,7-9,dry,1-3m,1,16.0
Mackay,2000,7-9,dry,true,26,7.769
Moonee Valley,900,1-3,dry,4-6m,6,3.333
Moonee Valley,900,1-3,soft,1-3m,3,3.667
Moonee Valley,900,10-12,dry,4-6m,1,10.0
Moonee Valley,900,4-6,dry,4-6m,6,7.0
Moonee Valley,900,4-6,soft,1-3m,3,7.333
Moonee Valley,900,7-9,dry,4-6m,6,8.0
Moonee Valley,900,7-9,soft,1-3m,3,7.0
Moonee Valley,1000,1-3,dry,1-3m,36,4.972
Moonee Valley,1000,1-3,dry,4-6m,123,4.179
Moonee Valley,1000,1-3,dry,7-9m,41,4.366
Moonee Valley,1000,1-3,dry,true,147,4.66
Moonee Valley,1000,1-3,heavy,4-6m,6,3.667
Moonee Valley,1000,1-3,heavy,true,6,8.333
Moonee Valley,1000,1-3,soft,1-3m,12,3.75
Moonee Valley,1000,1-3,soft,4-6m,11,5.636
Moonee Valley,1000,1-3,soft,7-9m,23,4.087
Moonee Valley,1000,1-3,soft,true,54,5.241
Moonee Valley,1000,10-12,dry,1-3m,7,5.571
Moonee Valley,1000,10-12,dry,4-6m,21,8.286
Moonee Valley,1000,10-12,dry,7-9m,2,9.0
Moonee Valley,1000,10-12,dry,true,35,9.914
Moonee Valley,1000,10-12,soft,1-3m,1,10.0
Moonee Valley,1000,10-12,soft,4-6m,5,8.4
Moonee Valley,1000,10-12,soft,7-9m,3,9.0
Moonee Valley,1000,10-12,soft,true,14,8.5
Moonee Valley,1000,13+,dry,true,3,11.667
Moonee Valley,1000,13+,soft,true,1,8.0
Moonee Valley,1000,4-6,dry,1-3m,35,5.457
Moonee Valley,1000,4-6,dry,4-6m,121,5.562
Moonee Valley,1000,4-6,dry,7-9m,42,5.881
Moonee Valley,1000,4-6,dry,true,145,6.324
Moonee Valley,1000,4-6,heavy,4-6m,6,6.333
Moonee Valley,1000,4-6,heavy,true,6,10.833
Moonee Valley,1000,4-6,soft,1-3m,12,5.0
Moonee Valley,1000,4-6,soft,4-6m,12,7.667
Moonee Valley,1000,4-6,soft,7-9m,24,6.5
Moonee Valley,1000,4-6,soft,true,54,6.889
Moonee Valley,1000,7-9,dry,1-3m,25,8.52
Moonee Valley,1000,7-9,dry,4-6m,82,6.573
Moonee Valley,1000,7-9,dry,7-9m,27,6.815
Moonee Valley,1000,7-9,dry,true,97,7.289
Moonee Valley,1000,7-9,heavy,4-6m,3,6.0
Moonee Valley,1000,7-9,heavy,true,2,10.5
Moonee Valley,1000,7-9,soft,1-3m,10,7.0
Moonee Valley,1000,7-9,soft,4-6m,9,7.111
Moonee Valley,1000,7-9,soft,7-9m,22,8.773
Moonee Valley,1000,7-9,soft,true,39,8.513
Moonee Valley,1200,1-3,dry,1-3m,77,6.247
Moonee Valley,1200,1-3,dry,4-6m,158,5.399
Moonee Valley,1200,1-3,dry,7-9m,53,4.358
Moonee Valley,1200,1-3,dry,true,276,6.065
Moonee Valley,1200,1-3,heavy,4-6m,21,4.0
Moonee Valley,1200,1-3,heavy,true,9,8.667
Moonee Valley,1200,1-3,soft,1-3m,17,5.941
Moonee Valley,1200,1-3,soft,4-6m,24,5.958
Moonee Valley,1200,1-3,soft,7-9m,33,5.879
Moonee Valley,1200,1-3,soft,true,79,5.025
Moonee Valley,1200,10-12,dry,1-3m,28,11.036
Moonee Valley,1200,10-12,dry,4-6m,35,9.371
Moonee Valley,1200,10-12,dry,7-9m,7,11.143
Moonee Valley,1200,10-12,dry,true,64,10.141
Moonee Valley,1200,10-12,heavy,4-6m,3,10.667
Moonee Valley,1200,10-12,heavy,true,2,14.5
Moonee Valley,1200,10-12,soft,1-3m,7,11.714
Moonee Valley,1200,10-12,soft,4-6m,3,7.333
Moonee Valley,1200,10-12,soft,7-9m,6,13.167
Moonee Valley,1200,10-12,soft,true,39,10.154
Moonee Valley,1200,13+,dry,1-3m,2,10.0
Moonee Valley,1200,13+,dry,true,6,13.0
Moonee Valley,1200,13+,soft,1-3m,2,19.5
Moonee Valley,1200,13+,soft,true,5,7.8
Moonee Valley,1200,4-6,dry,1-3m,78,7.615
Moonee Valley,1200,4-6,dry,4-6m,161,7.478
Moonee Valley,1200,4-6,dry,7-9m,52,6.481
Moonee Valley,1200,4-6,dry,true,277,7.859
Moonee Valley,1200,4-6,heavy,4-6m,20,7.8
Moonee Valley,1200,4-6,heavy,true,9,10.333
Moonee Valley,1200,4-6,soft,1-3m,17,8.941
Moonee Valley,1200,4-6,soft,4-6m,24,6.417
Moonee Valley,1200,4-6,soft,7-9m,33,9.0
Moonee Valley,1200,4-6,soft,true,83,7.735
Moonee Valley,1200,7-9,dry,1-3m,54,10.222
Moonee Valley,1200,7-9,dry,4-6m,125,7.496
Moonee Valley,1200,7-9,dry,7-9m,40,7.0
Moonee Valley,1200,7-9,dry,true,219,8.927
Moonee Valley,1200,7-9,heavy,4-6m,11,8.818
Moonee Valley,1200,7-9,heavy,true,7,12.0
Moonee Valley,1200,7-9,soft,1-3m,16,10.0
Moonee Valley,1200,7-9,soft,4-6m,13,8.615
Moonee Valley,1200,7-9,soft,7-9m,24,9.958
Moonee Valley,1200,7-9,soft,true,71,8.296
Moonee Valley,1500,1-3,dry,1-3m,24,6.875
Moonee Valley,1500,1-3,dry,4-6m,45,6.533
Moonee Valley,1500,1-3,dry,7-9m,3,10.333
Moonee Valley,1500,1-3,dry,true,57,7.895
Moonee Valley,1500,1-3,heavy,4-6m,9,7.444
Moonee Valley,1500,1-3,soft,4-6m,12,7.333
Moonee Valley,1500,1-3,soft,7-9m,3,6.0
Moonee Valley,1500,1-3,soft,true,12,6.0
Moonee Valley,1500,10-12,dry,1-3m,7,15.143
Moonee Valley,1500,10-12,dry,4-6m,5,9.8
Moonee Valley,1500,10-12,dry,true,13,11.846
Moonee Valley,1500,10-12,heavy,4-6m,1,16.0
Moonee Valley,1500,10-12,soft,true,1,6.0
Moonee Valley,1500,4-6,dry,1-3m,24,9.958
Moonee Valley,1500,4-6,dry,4-6m,44,9.295
Moonee Valley,1500,4-6,dry,7-9m,3,14.0
Moonee Valley,1500,4-6,dry,true,57,9.491
Moonee Valley,1500,4-6,heavy,4-6m,9,11.889
Moonee Valley,1500,4-6,soft,4-6m,12,9.833
Moonee Valley,1500,4-6,soft,7-9m,3,9.0
Moonee Valley,1500,4-6,soft,true,12,8.083
Moonee Valley,1500,7-9,dry,1-3m,22,11.409
Moonee Valley,1500,7-9,dry,4-6m,37,10.784
Moonee Valley,1500,7-9,dry,7-9m,2,11.5
Moonee Valley,1500,7-9,dry,true,42,11.19
Moonee Valley,1500,7-9,heavy,4-6m,7,11.0
Moonee Valley,1500,7-9,soft,4-6m,5,10.0
Moonee Valley,1500,7-9,soft,7-9m,1,11.0
Moonee Valley,1500,7-9,soft,true,7,7.857
Moonee Valley,1600,1-3,dry,1-3m,22,6.682
Moonee Valley,1600,1-3,dry,4-6m,92,7.054
Moonee Valley,1600,1-3,dry,7-9m,33,6.667
Moonee Valley,1600,1-3,dry,true,172,8.023
Moonee Valley,1600,1-3,heavy,4-6m,12,7.333
Moonee Valley,1600,1-3,heavy,true,9,9.556
Moonee Valley,1600,1-3,soft,1-3m,18,7.0
Moonee Valley,1600,1-3,soft,4-6m,12,9.25
Moonee Valley,1600,1-3,soft,7-9m,23,6.0
Moonee Valley,1600,1-3,soft,true,81,7.815
Moonee Valley,1600,10-12,dry,1-3m,5,13.8
Moonee Valley,1600,10-12,dry,4-6m,17,12.235
Moonee Valley,1600,10-12,dry,7-9m,5,10.8
Moonee Valley,1600,10-12,dry,true,41,11.049
Moonee Valley,1600,10-12,heavy,4-6m,3,13.667
Moonee Valley,1600,10-12,soft,1-3m,9,12.111
Moonee Valley,1600,10-12,soft,4-6m,9,12.667
Moonee Valley,1600,10-12,soft,7-9m,3,13.0
Moonee Valley,1600,10-12,soft,true,29,13.276
Moonee Valley,1600,13+,dry,1-3m,2,19.5
Moonee Valley,1600,13+,dry,true,11,10.364
Moonee Valley,1600,13+,soft,1-3m,3,15.0
Moonee Valley,1600,13+,soft,true,8,13.875
Moonee Valley,1600,4-6,dry,1-3m,24,8.667
Moonee Valley,1600,4-6,dry,4-6m,93,9.065
Moonee Valley,1600,4-6,dry,7-9m,33,8.152
Moonee Valley,1600,4-6,dry,true,171,10.246
Moonee Valley,1600,4-6,heavy,4-6m,12,9.917
Moonee Valley,1600,4-6,heavy,true,9,11.0
Moonee Valley,1600,4-6,soft,1-3m,17,8.765
Moonee Valley,1600,4-6,soft,4-6m,12,11.0
Moonee Valley,1600,4-6,soft,7-9m,24,7.833
Moonee Valley,1600,4-6,soft,true,80,9.625
Moonee Valley,1600,7-9,dry,1-3m,17,10.824
Moonee Valley,1600,7-9,dry,4-6m,64,10.609
Moonee Valley,1600,7-9,dry,7-9m,25,10.28
Moonee Valley,1600,7-9,dry,true,137,11.234
Moonee Valley,1600,7-9,heavy,4-6m,9,9.556
Moonee Valley,1600,7-9,heavy,true,8,10.875
Moonee Valley,1600,7-9,soft,1-3m,14,12.786
Moonee Valley,1600,7-9,soft,4-6m,12,13.083
Moonee Valley,1600,7-9,soft,7-9m,17,10.294
Moonee Valley,1600,7-9,soft,true,65,10.969
Moonee Valley,2000,1-3,dry,1-3m,30,8.3
Moonee Valley,2000,1-3,dry,4-6m,69,7.768
Moonee Valley,2000,1-3,dry,7-9m,15,8.133
Moonee Valley,2000,1-3,dry,true,158,8.589
Moonee Valley,2000,1-3,heavy,4-6m,9,9.667
Moonee Valley,2000,1-3,heavy,true,6,16.667
Moonee Valley,2000,1-3,soft,1-3m,9,10.444
Moonee Valley,2000,1-3,soft,4-6m,9,7.333
Moonee Valley,2000,1-3,soft,7-9m,15,4.267
Moonee Valley,2000,1-3,soft,true,48,8.438
Moonee Valley,2000,10-12,dry,1-3m,4,16.25
Moonee Valley,2000,10-12,dry,4-6m,18,12.667
Moonee Valley,2000,10-12,dry,7-9m,2,8.0
Moonee Valley,2000,10-12,dry,true,53,14.83
Moonee Valley,2000,10-12,heavy,4-6m,1,17.0
Moonee Valley,2000,10-12,heavy,true,3,19.667
Moonee Valley,2000,10-12,soft,1-3m,4,16.25
Moonee Valley,2000,10-12,soft,4-6m,4,12.5
Moonee Valley,2000,10-12,soft,7-9m,1,10.0
Moonee Valley,2000,10-12,soft,true,17,14.647
Moonee Valley,2000,13+,dry,true,8,18.25
Moonee Valley,2000,13+,soft,1-3m,1,21.0
Moonee Valley,2000,13+,soft,true,2,19.0
Moonee Valley,2000,4-6,dry,1-3m,30,10.533
Moonee Valley,2000,4-6,dry,4-6m,68,10.103
Moonee Valley,2000,4-6,dry,7-9m,15,9.067
Moonee Valley,2000,4-6,dry,true,157,12.35
Moonee Valley,2000,4-6,heavy,4-6m,9,13.0
Moonee Valley,2000,4-6,heavy,true,6,17.0
Moonee Valley,2000,4-6,soft,1-3m,9,18.111
Moonee Valley,2000,4-6,soft,4-6m,9,9.222
Moonee Valley,2000,4-6,soft,7-9m,15,10.0
Moonee Valley,2000,4-6,soft,true,48,10.458
Moonee Valley,2000,7-9,dry,1-3m,25,10.52
Moonee Valley,2000,7-9,dry,4-6m,57,11.807
Moonee Valley,2000,7-9,dry,7-9m,15,12.133
Moonee Valley,2000,7-9,dry,true,124,12.073
Moonee Valley,2000,7-9,heavy,4-6m,6,11.833
Moonee Valley,2000,7-9,heavy,true,6,17.5
Moonee Valley,2000,7-9,soft,1-3m,8,16.875
Moonee Valley,2000,7-9,soft,4-6m,7,10.286
Moonee Valley,2000,7-9,soft,7-9m,13,10.846
Moonee Valley,2000,7-9,soft,true,41,11.366
Moonee Valley,2500,1-3,dry,1-3m,9,11.444
Moonee Valley,2500,1-3,dry,4-6m,27,9.704
Moonee Valley,2500,1-3,dry,7-9m,9,8.444
Moonee Valley,2500,1-3,dry,true,45,9.111
Moonee Valley,2500,1-3,heavy,4-6m,3,5.667
Moonee Valley,2500,1-3,heavy,true,3,8.0
Moonee Valley,2500,1-3,soft,1-3m,8,11.125
Moonee Valley,2500,1-3,soft,4-6m,9,7.889
Moonee Valley,2500,1-3,soft,true,15,11.0
Moonee Valley,2500,10-12,dry,1-3m,5,15.0
Moonee Valley,2500,10-12,dry,4-6m,10,15.9
Moonee Valley,2500,10-12,dry,true,18,15.111
Moonee Valley,2500,10-12,heavy,true,3,16.667
Moonee Valley,2500,10-12,soft,1-3m,7,16.286
Moonee Valley,2500,10-12,soft,4-6m,1,15.0
Moonee Valley,2500,10-12,soft,true,9,14.556
Moonee Valley,2500,13+,dry,4-6m,1,33.0
Moonee Valley,2500,13+,dry,true,4,18.5
Moonee Valley,2500,13+,soft,true,3,9.333
Moonee Valley,2500,4-6,dry,1-3m,9,11.889
Moonee Valley,2500,4-6,dry,4-6m,27,13.37
Moonee Valley,2500,4-6,dry,7-9m,9,10.222
Moonee Valley,2500,4-6,dry,true,45,12.867
Moonee Valley,2500,4-6,heavy,4-6m,3,12.667
Moonee Valley,2500,4-6,heavy,true,3,13.0
Moonee Valley,2500,4-6,soft,1-3m,8,12.5
Moonee Valley,2500,4-6,soft,4-6m,9,11.0
Moonee Valley,2500,4-6,soft,true,15,12.8
Moonee Valley,2500,7-9,dry,1-3m,6,17.333
Moonee Valley,2500,7-9,dry,4-6m,27,14.37
Moonee Valley,2500,7-9,dry,7-9m,3,16.667
Moonee Valley,2500,7-9,dry,true,38,13.632
Moonee Valley,2500,7-9,heavy,4-6m,3,11.0
Moonee Valley,2500,7-9,heavy,true,3,11.333
Moonee Valley,2500,7-9,soft,1-3m,9,16.444
Moonee Valley,2500,7-9,soft,4-6m,6,12.0
Moonee Valley,2500,7-9,soft,true,14,14.286
Moonee Valley,3000,1-3,dry,1-3m,6,13.333
Moonee Valley,3000,1-3,dry,4-6m,21,9.476
Moonee Valley,3000,1-3,dry,7-9m,6,13.5
Moonee Valley,3000,1-3,dry,true,14,12.786
Moonee Valley,3000,1-3,soft,7-9m,4,9.0
Moonee Valley,3000,10-12,dry,1-3m,3,24.0
Moonee Valley,3000,10-12,dry,4-6m,6,22.167
Moonee Valley,3000,10-12,dry,7-9m,1,14.0
Moonee Valley,3000,10-12,dry,true,4,20.5
Moonee Valley,3000,10-12,soft,7-9m,1,6.0
Moonee Valley,3000,13+,dry,true,2,21.5
Moonee Valley,3000,4-6,dry,1-3m,6,18.0
Moonee Valley,3000,4-6,dry,4-6m,21,15.333
Moonee Valley,3000,4-6,dry,7-9m,5,13.2
Moonee Valley,3000,4-6,dry,true,15,14.0
Moonee Valley,3000,4-6,soft,7-9m,5,15.0
Moonee Valley,3000,7-9,dry,1-3m,5,19.0
Moonee Valley,3000,7-9,dry,4-6m,14,18.429
Moonee Valley,3000,7-9,dry,7-9m,6,17.667
Moonee Valley,3000,7-9,dry,true,14,16.0
Moonee Valley,3000,7-9,soft,7-9m,4,18.0
Mornington,1000,1-3,dry,1-3m,9,3.667
Mornington,1000,1-3,dry,7-9m,21,3.19
Mornington,1000,1-3,dry,true,30,3.267
Mornington,1000,1-3,heavy,true,3,0.667
Mornington,1000,1-3,soft,4-6m,27,3.926
Mornington,1000,1-3,soft,7-9m,12,4.167
Mornington,1000,1-3,soft,true,3,2.333
Mornington,1000,10-12,dry,true,5,5.4
Mornington,1000,10-12,heavy,true,3,7.333
Mornington,1000,10-12,soft,4-6m,5,7.8
Mornington,1000,10-12,soft,true,2,11.5
Mornington,1000,4-6,dry,1-3m,9,5.556
Mornington,1000,4-6,dry,7-9m,21,5.952
Mornington,1000,4-6,dry,true,30,6.133
Mornington,1000,4-6,heavy,true,3,2.667
Mornington,1000,4-6,soft,4-6m,27,4.889
Mornington,1000,4-6,soft,7-9m,12,5.25
Mornington,1000,4-6,soft,true,3,7.0
Mornington,1000,7-9,dry,1-3m,6,7.667
Mornington,1000,7-9,dry,7-9m,17,7.176
Mornington,1000,7-9,dry,true,20,8.5
Mornington,1000,7-9,heavy,true,3,6.667
Mornington,1000,7-9,soft,4-6m,22,6.5
Mornington,1000,7-9,soft,7-9m,10,6.6
Mornington,1000,7-9,soft,true,3,9.0
Mornington,1200,1-3,dry,1-3m,12,5.5
Mornington,1200,1-3,dry,4-6m,12,4.25
Mornington,1200,1-3,dry,7-9m,30,3.867
Mornington,1200,1-3,dry,true,45,5.067
Mornington,1200,1-3,heavy,true,6,5.167
Mornington,1200,1-3,soft,4-6m,24,3.667
Mornington,1200,1-3,soft,7-9m,15,5.133
Mornington,1200,1-3,soft,true,6,4.5
Mornington,1200,10-12,dry,1-3m,2,8.5
Mornington,1200,10-12,dry,4-6m,1,7.0
Mornington,1200,10-12,dry,7-9m,10,9.4
Mornington,1200,10-12,dry,true,14,9.714
Mornington,1200,10-12,heavy,true,2,8.5
Mornington,1200,10-12,soft,4-6m,9,11.889
Mornington,1200,10-12,soft,7-9m,5,13.2
Mornington,1200,10-12,soft,true,2,10.0
Mornington,1200,13+,dry,true,1,12.0
Mornington,1200,13+,soft,4-6m,2,9.0
Mornington,1200,4-6,dry,1-3m,12,8.333
Mornington,1200,4-6,dry,4-6m,12,6.833
Mornington,1200,4-6,dry,7-9m,30,5.967
Mornington,1200,4-6,dry,true,44,6.818
Mornington,1200,4-6,heavy,true,6,8.0
Mornington,1200,4-6,soft,4-6m,24,6.25
Mornington,1200,4-6,soft,7-9m,15,7.467
Mornington,1200,4-6,soft,true,6,5.667
Mornington,1200,7-9,dry,1-3m,8,9.375
Mornington,1200,7-9,dry,4-6m,7,8.429
Mornington,1200,7-9,dry,7-9m,24,7.625
Mornington,1200,7-9,dry,true,38,8.289
Mornington,1200,7-9,heavy,true,6,10.333
Mornington,1200,7-9,soft,4-6m,20,9.05
Mornington,1200,7-9,soft,7-9m,12,8.083
Mornington,1200,7-9,soft,true,6,8.667
Mornington,1500,1-3,dry,1-3m,9,4.667
Mornington,1500,1-3,dry,4-6m,3,3.0
Mornington,1500,1-3,dry,7-9m,30,4.1
Mornington,1500,1-3,dry,true,6,6.333
Mornington,1500,1-3,soft,4-6m,12,6.917
Mornington,1500,1-3,soft,7-9m,9,5.556
Mornington,1500,10-12,dry,1-3m,3,9.667
Mornington,1500,10-12,dry,7-9m,13,9.231
Mornington,1500,10-12,dry,true,4,6.0
Mornington,1500,10-12,soft,4-6m,10,12.4
Mornington,1500,10-12,soft,7-9m,5,5.0
Mornington,1500,13+,dry,1-3m,1,5.0
Mornington,1500,13+,dry,true,1,13.0
Mornington,1500,4-6,dry,1-3m,9,8.333
Mornington,1500,4-6,dry,4-6m,3,4.333
Mornington,1500,4-6,dry,7-9m,30,7.433
Mornington,1500,4-6,dry,true,6,8.667
Mornington,1500,4-6,soft,4-6m,12,7.583
Mornington,1500,4-6,soft,7-9m,9,5.889
Mornington,1500,7-9,dry,1-3m,6,7.833
Mornington,1500,7-9,dry,4-6m,3,6.0
Mornington,1500,7-9,dry,7-9m,25,7.76
Mornington,1500,7-9,dry,true,6,10.333
Mornington,1500,7-9,soft,4-6m,12,10.667
Mornington,1500,7-9,soft,7-9m,8,8.875
Mornington,1600,1-3,dry,true,25,5.88
Mornington,1600,1-3,soft,true,3,4.0
Mornington,1600,10-12,dry,true,5,8.0
Mornington,1600,10-12,soft,true,2,7.0
Mornington,1600,4-6,dry,true,27,7.704
Mornington,1600,4-6,soft,true,3,5.667
Mornington,1600,7-9,dry,true,19,9.263
Mornington,1600,7-9,soft,true,3,7.0
Mornington,2000,1-3,dry,1-3m,9,9.222
Mornington,2000,1-3,dry,4-6m,3,3.333
Mornington,2000,1-3,dry,7-9m,9,4.889
Mornington,2000,1-3,dry,true,12,6.0
Mornington,2000,1-3,soft,4-6m,6,7.333
Mornington,2000,1-3,soft,7-9m,3,4.667
Mornington,2000,1-3,soft,true,3,4.333
Mornington,2000,10-12,dry,1-3m,2,5.5
Mornington,2000,10-12,dry,4-6m,1,4.0
Mornington,2000,10-12,dry,7-9m,4,9.5
Mornington,2000,10-12,dry,true,3,9.0
Mornington,2000,10-12,soft,4-6m,6,12.0
Mornington,2000,10-12,soft,7-9m,3,13.333
Mornington,2000,10-12,soft,true,2,14.5
Mornington,2000,13+,soft,4-6m,2,10.0
Mornington,2000,13+,soft,7-9m,1,7.0
Mornington,2000,4-6,dry,1-3m,9,10.778
Mornington,2000,4-6,dry,4-6m,3,7.667
Mornington,2000,4-6,dry,7-9m,9,10.0
Mornington,2000,4-6,dry,true,12,9.25
Mornington,2000,4-6,soft,4-6m,6,7.833
Mornington,2000,4-6,soft,7-9m,3,7.333
Mornington,2000,4-6,soft,true,3,9.0
Mornington,2000,7-9,dry,1-3m,5,11.0
Mornington,2000,7-9,dry,4-6m,3,9.0
Mornington,2000,7-9,dry,7-9m,6,11.167
Mornington,2000,7-9,dry,true,10,10.5
Mornington,2000,7-9,soft,4-6m,6,10.167
Mornington,2000,7-9,soft,7-9m,3,4.667
Mornington,2000,7-9,soft,true,3,13.667
Mornington,2400,1-3,dry,1-3m,3,5.333
Mornington,2400,1-3,dry,true,12,5.667
Mornington,2400,1-3,soft,4-6m,3,3.0
Mornington,2400,10-12,dry,true,5,16.0
Mornington,2400,13+,dry,true,2,14.0
Mornington,2400,4-6,dry,1-3m,3,10.0
Mornington,2400,4-6,dry,true,12,6.25
Mornington,2400,4-6,soft,4-6m,3,3.0
Mornington,2400,7-9,dry,1-3m,1,14.0
Mornington,2400,7-9,dry,true,10,11.6
Mornington,2400,7-9,soft,4-6m,2,6.5
Mornington,3000,1-3,dry,4-6m,3,19.667
Mornington,3000,4-6,dry,4-6m,3,21.667
Mornington,3000,7-9,dry,4-6m,1,22.0
Morphettville,1000,1-3,dry,1-3m,12,3.417
Morphettville,1000,1-3,dry,10m+,30,2.233
Morphettville,1000,1-3,dry,4-6m,63,2.238
Morphettville,1000,1-3,dry,7-9m,30,0.4
Morphettville,1000,1-3,dry,true,57,1.632
Morphettville,1000,1-3,heavy,true,12,2.917
Morphettville,1000,1-3,soft,1-3m,6,1.667
Morphettville,1000,1-3,soft,10m+,30,2.767
Morphettville,1000,1-3,soft,4-6m,15,2.467
Morphettville,1000,1-3,soft,7-9m,21,3.048
Morphettville,1000,1-3,soft,true,15,2.733
Morphettville,1000,10-12,dry,1-3m,5,7.0
Morphettville,1000,10-12,dry,10m+,12,5.917
Morphettville,1000,10-12,dry,4-6m,31,5.129
Morphettville,1000,10-12,dry,7-9m,16,4.0
Morphettville,1000,10-12,dry,true,23,5.087
Morphettville,1000,10-12,heavy,true,9,7.667
Morphettville,1000,10-12,soft,1-3m,5,2.2
Morphettville,1000,10-12,soft,10m+,18,8.167
Morphettville,1000,10-12,soft,4-6m,13,5.462
Morphettville,1000,10-12,soft,7-9m,14,6.714
Morphettville,1000,10-12,soft,true,9,9.111
Morphettville,1000,13+,dry,1-3m,3,7.333
Morphettville,1000,13+,dry,10m+,1,3.0
Morphettville,1000,13+,dry,4-6m,8,5.375
Morphettville,1000,13+,dry,7-9m,3,5.0
Morphettville,1000,13+,dry,true,4,5.5
Morphettville,1000,13+,heavy,true,3,6.333
Morphettville,1000,13+,soft,10m+,3,9.333
Morphettville,1000,13+,soft,4-6m,1,5.0
Morphettville,1000,13+,soft,7-9m,6,7.167
Morphettville,1000,13+,soft,true,4,9.5
Morphettville,1000,4-6,dry,1-3m,12,2.75
Morphettville,1000,4-6,dry,10m+,30,3.0
Morphettville,1000,4-6,dry,4-6m,63,3.095
Morphettville,1000,4-6,dry,7-9m,30,2.033
Morphettville,1000,4-6,dry,true,56,2.625
Morphettville,1000,4-6,heavy,true,12,5.75
Morphettville,1000,4-6,soft,1-3m,6,2.333
Morphettville,1000,4-6,soft,10m+,30,4.633
Morphettville,1000,4-6,soft,4-6m,15,4.933
Morphettville,1000,4-6,soft,7-9m,21,4.667
Morphettville,1000,4-6,soft,true,15,3.867
Morphettville,1000,7-9,dry,1-3m,11,4.727
Morphettville,1000,7-9,dry,10m+,25,4.36
Morphettville,1000,7-9,dry,4-6m,58,4.31
Morphettville,1000,7-9,dry,7-9m,26,3.846
Morphettville,1000,7-9,dry,true,43,4.628
Morphettville,1000,7-9,heavy,true,10,6.9
Morphettville,1000,7-9,soft,1-3m,6,2.167
Morphettville,1000,7-9,soft,10m+,26,5.808
Morphettville,1000,7-9,soft,4-6m,15,4.467
Morphettville,1000,7-9,soft,7-9m,21,5.381
Morphettville,1000,7-9,soft,true,12,6.5
Morphettville,1100,1-3,dry,1-3m,3,4.0
Morphettville,1100,1-3,dry,10m+,18,3.5
Morphettville,1100,1-3,dry,4-6m,24,2.75
Morphettville,1100,1-3,dry,7-9m,26,0.962
Morphettville,1100,1-3,dry,true,54,1.296
Morphettville,1100,1-3,heavy,true,6,5.333
Morphettville,1100,1-3,soft,10m+,39,3.103
Morphettville,1100,1-3,soft,7-9m,18,2.889
Morphettville,1100,1-3,soft,true,9,2.444
Morphettville,1100,10-12,dry,1-3m,2,5.0
Morphettville,1100,10-12,dry,10m+,8,5.875
Morphettville,1100,10-12,dry,4-6m,8,5.25
Morphettville,1100,10-12,dry,7-9m,12,3.833
Morphettville,1100,10-12,dry,true,28,4.286
Morphettville,1100,10-12,heavy,true,6,10.5
Morphettville,1100,10-12,soft,10m+,25,6.32
Morphettville,1100,10-12,soft,7-9m,12,8.0
Morphettville,1100,10-12,soft,true,7,5.571
Morphettville,1100,13+,dry,10m+,2,7.5
Morphettville,1100,13+,dry,7-9m,2,4.5
Morphettville,1100,13+,dry,true,13,6.077
Morphettville,1100,13+,heavy,true,4,15.5
Morphettville,1100,13+,soft,10m+,6,10.5
Morphettville,1100,13+,soft,7-9m,3,15.0
Morphettville,1100,13+,soft,true,2,3.5
Morphettville,1100,4-6,dry,1-3m,3,4.0
Morphettville,1100,4-6,dry,10m+,18,3.667
Morphettville,1100,4-6,dry,4-6m,24,3.542
Morphettville,1100,4-6,dry,7-9m,27,0.963
Morphettville,1100,4-6,dry,true,54,2.5
Morphettville,1100,4-6,heavy,true,6,7.833
Morphettville,1100,4-6,soft,10m+,38,4.184
Morphettville,1100,4-6,soft,7-9m,18,4.0
Morphettville,1100,4-6,soft,true,9,2.556
Morphettville,1100,7-9,dry,1-3m,3,6.0
Morphettville,1100,7-9,dry,10m+,15,4.467
Morphettville,1100,7-9,dry,4-6m,19,4.632
Morphettville,1100,7-9,dry,7-9m,26,2.885
Morphettville,1100,7-9,dry,true,47,3.298
Morphettville,1100,7-9,heavy,true,6,11.333
Morphettville,1100,7-9,soft,10m+,35,5.714
Morphettville,1100,7-9,soft,7-9m,15,5.067
Morphettville,1100,7-9,soft,true,9,5.333
Morphettville,1200,1-3,dry,1-3m,12,1.417
Morphettville,1200,1-3,dry,10m+,51,3.275
Morphettville,1200,1-3,dry,4-6m,63,2.73
Morphettville,1200,1-3,dry,7-9m,29,0.448
Morphettville,1200,1-3,dry,true,93,1.688
Morphettville,1200,1-3,heavy,true,12,4.167
Morphettville,1200,1-3,soft,1-3m,3,1.667
Morphettville,1200,1-3,soft,10m+,33,5.515
Morphettville,1200,1-3,soft,4-6m,12,3.25
Morphettville,1200,1-3,soft,7-9m,45,3.444
Morphettville,1200,1-3,soft,true,30,2.833
Morphettville,1200,10-12,dry,1-3m,9,6.667
Morphettville,1200,10-12,dry,10m+,25,7.2
Morphettville,1200,10-12,dry,4-6m,47,6.128
Morphettville,1200,10-12,dry,7-9m,18,4.222
Morphettville,1200,10-12,dry,true,63,4.492
Morphettville,1200,10-12,heavy,true,8,8.75
Morphettville,1200,10-12,soft,1-3m,3,6.333
Morphettville,1200,10-12,soft,10m+,27,8.407
Morphettville,1200,10-12,soft,4-6m,11,3.182
Morphettville,1200,10-12,soft,7-9m,33,6.909
Morphettville,1200,10-12,soft,true,17,6.824
Morphettville,1200,13+,dry,1-3m,3,8.667
Morphettville,1200,13+,dry,10m+,4,8.25
Morphettville,1200,13+,dry,4-6m,27,6.852
Morphettville,1200,13+,dry,7-9m,7,7.0
Morphettville,1200,13+,dry,true,27,5.741
Morphettville,1200,13+,heavy,true,2,7.0
Morphettville,1200,13+,soft,1-3m,2,9.0
Morphettville,1200,13+,soft,10m+,9,8.222
Morphettville,1200,13+,soft,4-6m,1,4.0
Morphettville,1200,13+,soft,7-9m,16,7.438
Morphettville,1200,13+,soft,true,9,8.111
Morphettville,1200,4-6,dry,1-3m,12,3.333
Morphettville,1200,4-6,dry,10m+,51,4.216
Morphettville,1200,4-6,dry,4-6m,63,4.048
Morphettville,1200,4-6,dry,7-9m,30,1.233
Morphettville,1200,4-6,dry,true,93,2.763
Morphettville,1200,4-6,heavy,true,12,6.25
Morphettville,1200,4-6,soft,1-3m,3,4.0
Morphettville,1200,4-6,soft,10m+,33,7.182
Morphettville,1200,4-6,soft,4-6m,12,4.417
Morphettville,1200,4-6,soft,7-9m,45,4.689
Morphettville,1200,4-6,soft,true,30,4.233
Morphettville,1200,7-9,dry,1-3m,10,3.7
Morphettville,1200,7-9,dry,10m+,47,5.511
Morphettville,1200,7-9,dry,4-6m,58,5.172
Morphettville,1200,7-9,dry,7-9m,28,2.714
Morphettville,1200,7-9,dry,true,88,4.159
Morphettville,1200,7-9,heavy,true,12,8.583
Morphettville,1200,7-9,soft,1-3m,3,5.333
Morphettville,1200,7-9,soft,10m+,33,8.485
Morphettville,1200,7-9,soft,4-6m,12,5.333
Morphettville,1200,7-9,soft,7-9m,45,5.778
Morphettville,1200,7-9,soft,true,27,5.926
Morphettville,1500,1-3,dry,10m+,9,5.333
Morphettville,1500,1-3,dry,4-6m,18,7.667
Morphettville,1500,1-3,dry,7-9m,12,2.75
Morphettville,1500,1-3,dry,true,9,3.333
Morphettville,1500,1-3,heavy,true,6,10.667
Morphettville,1500,1-3,soft,10m+,24,4.958
Morphettville,1500,1-3,soft,7-9m,6,9.833
Morphettville,1500,1-3,soft,true,6,6.333
Morphettville,1500,10-12,dry,10m+,9,9.444
Morphettville,1500,10-12,dry,4-6m,12,11.333
Morphettville,1500,10-12,dry,7-9m,6,7.0
Morphettville,1500,10-12,dry,true,3,11.667
Morphettville,1500,10-12,heavy,true,5,12.8
Morphettville,1500,10-12,soft,10m+,19,11.158
Morphettville,1500,10-12,soft,7-9m,6,15.0
Morphettville,1500,10-12,soft,true,2,13.0
Morphettville,1500,13+,dry,4-6m,1,9.0
Morphettville,1500,13+,dry,7-9m,1,4.0
Morphettville,1500,13+,heavy,true,2,8.5
Morphettville,1500,13+,soft,7-9m,2,20.0
Morphettville,1500,4-6,dry,10m+,8,7.25
Morphettville,1500,4-6,dry,4-6m,18,9.556
Morphettville,1500,4-6,dry,7-9m,12,3.25
Morphettville,1500,4-6,dry,true,9,7.222
Morphettville,1500,4-6,heavy,true,6,11.333
Morphettville,1500,4-6,soft,10m+,24,8.0
Morphettville,1500,4-6,soft,7-9m,6,11.5
Morphettville,1500,4-6,soft,true,6,6.833
Morphettville,1500,7-9,dry,10m+,9,7.667
Morphettville,1500,7-9,dry,4-6m,17,11.588
Morphettville,1500,7-9,dry,7-9m,12,5.583
Morphettville,1500,7-9,dry,true,6,6.167
Morphettville,1500,7-9,heavy,true,6,10.667
Morphettville,1500,7-9,soft,10m+,24,9.208
Morphettville,1500,7-9,soft,7-9m,6,10.0
Morphettville,1500,7-9,soft,true,5,6.8
Morphettville,1600,1-3,dry,1-3m,9,7.889
Morphettville,1600,1-3,dry,10m+,15,5.6
Morphettville,1600,1-3,dry,4-6m,44,3.136
Morphettville,1600,1-3,dry,7-9m,15,3.2
Morphettville,1600,1-3,dry,true,90,3.989
Morphettville,1600,1-3,heavy,true,9,5.333
Morphettville,1600,1-3,soft,1-3m,6,2.167
Morphettville,1600,1-3,soft,10m+,24,6.208
Morphettville,1600,1-3,soft,4-6m,12,5.083
Morphettville,1600,1-3,soft,7-9m,33,6.455
Morphettville,1600,1-3,soft,true,24,5.708
Morphettville,1600,10-12,dry,1-3m,6,12.667
Morphettville,1600,10-12,dry,10m+,6,5.167
Morphettville,1600,10-12,dry,4-6m,22,9.955
Morphettville,1600,10-12,dry,7-9m,5,4.2
Morphettville,1600,10-12,dry,true,42,7.381
Morphettville,1600,10-12,heavy,true,4,11.25
Morphettville,1600,10-12,soft,1-3m,6,5.333
Morphettville,1600,10-12,soft,10m+,15,16.333
Morphettville,1600,10-12,soft,4-6m,8,7.25
Morphettville,1600,10-12,soft,7-9m,23,11.609
Morphettville,1600,10-12,soft,true,13,9.0
Morphettville,1600,13+,dry,1-3m,3,10.333
Morphettville,1600,13+,dry,10m+,2,4.5
Morphettville,1600,13+,dry,4-6m,8,12.625
Morphettville,1600,13+,dry,7-9m,1,4.0
Morphettville,1600,13+,dry,true,17,8.471
Morphettville,1600,13+,heavy,true,1,8.0
Morphettville,1600,13+,soft,1-3m,4,10.25
Morphettville,1600,13+,soft,10m+,10,13.9
Morphettville,1600,13+,soft,4-6m,6,9.5
Morphettville,1600,13+,soft,7-9m,4,14.5
Morphettville,1600,13+,soft,true,3,10.667
Morphettville,1600,4-6,dry,1-3m,8,7.125
Morphettville,1600,4-6,dry,10m+,15,6.867
Morphettville,1600,4-6,dry,4-6m,45,6.444
Morphettville,1600,4-6,dry,7-9m,15,3.467
Morphettville,1600,4-6,dry,true,90,5.6
Morphettville,1600,4-6,heavy,true,9,6.111
Morphettville,1600,4-6,soft,1-3m,6,4.667
Morphettville,1600,4-6,soft,10m+,24,9.708
Morphettville,1600,4-6,soft,4-6m,12,5.917
Morphettville,1600,4-6,soft,7-9m,33,8.455
Morphettville,1600,4-6,soft,true,24,7.625
Morphettville,1600,7-9,dry,1-3m,9,10.889
Morphettville,1600,7-9,dry,10m+,15,9.933
Morphettville,1600,7-9,dry,4-6m,35,7.886
Morphettville,1600,7-9,dry,7-9m,9,5.889
Morphettville,1600,7-9,dry,true,82,6.354
Morphettville,1600,7-9,heavy,true,8,9.75
Morphettville,1600,7-9,soft,1-3m,6,5.833
Morphettville,1600,7-9,soft,10m+,20,11.45
Morphettville,1600,7-9,soft,4-6m,11,8.818
Morphettville,1600,7-9,soft,7-9m,32,10.781
Morphettville,1600,7-9,soft,true,20,8.3
Morphettville,1800,1-3,dry,1-3m,6,8.0
Morphettville,1800,1-3,dry,10m+,24,6.375
Morphettville,1800,1-3,dry,4-6m,24,5.125
Morphettville,1800,1-3,dry,7-9m,23,1.826
Morphettville,1800,1-3,dry,true,24,4.333
Morphettville,1800,1-3,heavy,true,3,7.333
Morphettville,1800,1-3,soft,1-3m,3,2.0
Morphettville,1800,1-3,soft,10m+,12,4.25
Morphettville,1800,1-3,soft,4-6m,3,5.667
Morphettville,1800,1-3,soft,7-9m,23,6.174
Morphettville,1800,1-3,soft,true,9,5.222
Morphettville,1800,10-12,dry,1-3m,4,11.25
Morphettville,1800,10-12,dry,10m+,9,12.333
Morphettville,1800,10-12,dry,4-6m,15,9.067
Morphettville,1800,10-12,dry,7-9m,14,6.643
Morphettville,1800,10-12,dry,true,16,6.75
Morphettville,1800,10-12,heavy,true,3,7.0
Morphettville,1800,10-12,soft,1-3m,3,5.667
Morphettville,1800,10-12,soft,10m+,6,9.167
Morphettville,1800,10-12,soft,7-9m,11,10.273
Morphettville,1800,10-12,soft,true,6,8.333
Morphettville,1800,13+,dry,1-3m,4,15.25
Morphettville,1800,13+,dry,4-6m,8,9.625
Morphettville,1800,13+,dry,7-9m,11,6.818
Morphettville,1800,13+,dry,true,6,10.833
Morphettville,1800,13+,heavy,true,2,8.0
Morphettville,1800,13+,soft,1-3m,3,4.667
Morphettville,1800,13+,soft,10m+,1,5.0
Morphettville,1800,13+,soft,7-9m,4,8.5
Morphettville,1800,13+,soft,true,6,9.833
Morphettville,1800,4-6,dry,1-3m,6,10.167
Morphettville,1800,4-6,dry,10m+,24,8.958
Morphettville,1800,4-6,dry,4-6m,24,5.75
Morphettville,1800,4-6,dry,7-9m,24,4.167
Morphettville,1800,4-6,dry,true,24,6.042
Morphettville,1800,4-6,heavy,true,3,9.333
Morphettville,1800,4-6,soft,1-3m,3,2.667
Morphettville,1800,4-6,soft,10m+,12,6.167
Morphettville,1800,4-6,soft,4-6m,3,0.667
Morphettville,1800,4-6,soft,7-9m,24,7.5
Morphettville,1800,4-6,soft,true,9,6.111
Morphettville,1800,7-9,dry,1-3m,6,8.667
Morphettville,1800,7-9,dry,10m+,20,10.85
Morphettville,1800,7-9,dry,4-6m,23,7.0
Morphettville,1800,7-9,dry,7-9m,21,4.524
Morphettville,1800,7-9,dry,true,22,6.864
Morphettville,1800,7-9,heavy,true,3,7.333
Morphettville,1800,7-9,soft,1-3m,3,4.333
Morphettville,1800,7-9,soft,10m+,10,7.5
Morphettville,1800,7-9,soft,4-6m,2,5.5
Morphettville,1800,7-9,soft,7-9m,23,7.957
Morphettville,1800,7-9,soft,true,7,8.0
Morphettville,2000,1-3,dry,1-3m,9,7.222
Morphettville,2000,1-3,dry,4-6m,21,8.571
Morphettville,2000,1-3,dry,7-9m,3,3.0
Morphettville,2000,1-3,dry,true,42,6.548
Morphettville,2000,1-3,heavy,true,3,9.0
Morphettville,2000,1-3,soft,10m+,12,7.333
Morphettville,2000,1-3,soft,4-6m,9,6.222
Morphettville,2000,1-3,soft,7-9m,1,-4.0
Morphettville,2000,1-3,soft,true,6,7.5
Morphettville,2000,10-12,dry,1-3m,3,18.0
Morphettville,2000,10-12,dry,4-6m,10,12.9
Morphettville,2000,10-12,dry,true,31,11.516
Morphettville,2000,10-12,heavy,true,3,15.333
Morphettville,2000,10-12,soft,10m+,4,11.5
Morphettville,2000,10-12,soft,4-6m,5,10.6
Morphettville,2000,13+,dry,1-3m,2,14.5
Morphettville,2000,13+,dry,4-6m,3,15.333
Morphettville,2000,13+,dry,true,19,14.211
Morphettville,2000,13+,heavy,true,1,10.0
Morphettville,2000,13+,soft,10m+,2,18.0
Morphettville,2000,13+,soft,4-6m,1,10.0
Morphettville,2000,4-6,dry,1-3m,9,11.444
Morphettville,2000,4-6,dry,4-6m,21,12.286
Morphettville,2000,4-6,dry,7-9m,3,6.333
Morphettville,2000,4-6,dry,true,42,8.881
Morphettville,2000,4-6,heavy,true,3,11.0
Morphettville,2000,4-6,soft,10m+,12,12.083
Morphettville,2000,4-6,soft,4-6m,9,7.444
Morphettville,2000,4-6,soft,true,6,8.5
Morphettville,2000,7-9,dry,1-3m,8,13.75
Morphettville,2000,7-9,dry,4-6m,18,11.722
Morphettville,2000,7-9,dry,7-9m,3,7.667
Morphettville,2000,7-9,dry,true,40,10.125
Morphettville,2000,7-9,heavy,true,3,12.667
Morphettville,2000,7-9,soft,10m+,10,13.0
Morphettville,2000,7-9,soft,4-6m,8,8.75
Morphettville,2000,7-9,soft,true,3,10.0
Morphettville,2100,1-3,soft,10m+,3,9.0
Morphettville,2100,10-12,soft,10m+,3,8.0
Morphettville,2100,4-6,soft,10m+,3,8.0
Morphettville,2100,7-9,soft,10m+,3,7.667
Morphettville,2500,1-3,dry,1-3m,6,14.5
Morphettville,2500,1-3,dry,10m+,12,5.417
Morphettville,2500,1-3,dry,4-6m,18,7.389
Morphettville,2500,1-3,dry,7-9m,6,4.833
Morphettville,2500,1-3,dry,true,9,7.222
Morphettville,2500,1-3,heavy,true,3,12.0
Morphettville,2500,1-3,soft,1-3m,6,3.667
Morphettville,2500,1-3,soft,10m+,6,11.0
Morphettville,2500,1-3,soft,7-9m,18,7.833
Morphettville,2500,1-3,soft,true,8,9.125
Morphettville,2500,10-12,dry,1-3m,5,20.4
Morphettville,2500,10-12,dry,10m+,1,10.0
Morphettville,2500,10-12,dry,4-6m,11,12.545
Morphettville,2500,10-12,dry,7-9m,1,4.0
Morphettville,2500,10-12,dry,true,6,14.667
Morphettville,2500,10-12,heavy,true,1,10.0
Morphettville,2500,10-12,soft,1-3m,5,8.6
Morphettville,2500,10-12,soft,10m+,3,21.0
Morphettville,2500,10-12,soft,7-9m,13,11.385
Morphettville,2500,10-12,soft,true,4,10.25
Morphettville,2500,13+,dry,1-3m,4,22.75
Morphettville,2500,13+,dry,4-6m,7,15.571
Morphettville,2500,13+,dry,true,5,17.0
Morphettville,2500,13+,soft,1-3m,4,21.75
Morphettville,2500,13+,soft,7-9m,1,22.0
Morphettville,2500,13+,soft,true,1,2.0
Morphettville,2500,4-6,dry,1-3m,6,18.833
Morphettville,2500,4-6,dry,10m+,11,5.182
Morphettville,2500,4-6,dry,4-6m,18,9.333
Morphettville,2500,4-6,dry,7-9m,6,4.667
Morphettville,2500,4-6,dry,true,9,8.111
Morphettville,2500,4-6,heavy,true,3,10.667
Morphettville,2500,4-6,soft,1-3m,6,9.833
Morphettville,2500,4-6,soft,10m+,6,14.333
Morphettville,2500,4-6,soft,7-9m,18,8.944
Morphettville,2500,4-6,soft,true,9,7.778
Morphettville,2500,7-9,dry,1-3m,6,19.667
Morphettville,2500,7-9,dry,10m+,7,5.571
Morphettville,2500,7-9,dry,4-6m,15,11.533
Morphettville,2500,7-9,dry,7-9m,4,7.5
Morphettville,2500,7-9,dry,true,9,9.111
Morphettville,2500,7-9,heavy,true,3,15.333
Morphettville,2500,7-9,soft,1-3m,6,11.667
Morphettville,2500,7-9,soft,10m+,6,14.167
Morphettville,2500,7-9,soft,7-9m,16,11.75
Morphettville,2500,7-9,soft,true,6,11.167
Morphettville,2600,1-3,dry,4-6m,3,2.667
Morphettville,2600,1-3,dry,7-9m,6,3.333
Morphettville,2600,10-12,dry,4-6m,3,10.0
Morphettville,2600,10-12,dry,7-9m,6,9.833
Morphettville,2600,13+,dry,4-6m,3,16.333
Morphettville,2600,13+,dry,7-9m,4,15.75
Morphettville,2600,4-6,dry,4-6m,3,8.667
Morphettville,2600,4-6,dry,7-9m,6,9.667
Morphettville,2600,7-9,dry,4-6m,3,6.333
Morphettville,2600,7-9,dry,7-9m,6,9.167
Morphettville Parks,1000,1-3,dry,4-6m,54,1.685
Morphettville Parks,1000,1-3,dry,7-9m,69,2.13
Morphettville Parks,1000,1-3,dry,true,102,2.422
Morphettville Parks,1000,1-3,heavy,1-3m,15,2.733
Morphettville Parks,1000,1-3,heavy,4-6m,12,5.917
Morphettville Parks,1000,1-3,heavy,7-9m,18,2.278
Morphettville Parks,1000,1-3,heavy,true,3,0.0
Morphettville Parks,1000,1-3,soft,1-3m,15,4.4
Morphettville Parks,1000,1-3,soft,4-6m,21,2.81
Morphettville Parks,1000,1-3,soft,7-9m,24,3.708
Morphettville Parks,1000,1-3,soft,true,39,2.974
Morphettville Parks,1000,10-12,dry,4-6m,24,4.667
Morphettville Parks,1000,10-12,dry,7-9m,17,6.118
Morphettville Parks,1000,10-12,dry,true,50,6.26
Morphettville Parks,1000,10-12,heavy,1-3m,6,4.333
Morphettville Parks,1000,10-12,heavy,4-6m,2,10.5
Morphettville Parks,1000,10-12,heavy,7-9m,10,2.7
Morphettville Parks,1000,10-12,heavy,true,2,4.5
Morphettville Parks,1000,10-12,soft,1-3m,5,5.8
Morphettville Parks,1000,10-12,soft,4-6m,15,5.6
Morphettville Parks,1000,10-12,soft,7-9m,11,7.0
Morphettville Parks,1000,10-12,soft,true,11,6.364
Morphettville Parks,1000,13+,dry,4-6m,2,8.0
Morphettville Parks,1000,13+,dry,7-9m,1,7.0
Morphettville Parks,1000,13+,dry,true,5,9.6
Morphettville Parks,1000,13+,heavy,1-3m,3,7.333
Morphettville Parks,1000,13+,soft,4-6m,4,6.75
Morphettville Parks,1000,13+,soft,true,2,6.0
Morphettville Parks,1000,4-6,dry,4-6m,54,3.093
Morphettville Parks,1000,4-6,dry,7-9m,69,3.42
Morphettville Parks,1000,4-6,dry,true,102,3.804
Morphettville Parks,1000,4-6,heavy,1-3m,15,4.333
Morphettville Parks,1000,4-6,heavy,4-6m,12,7.083
Morphettville Parks,1000,4-6,heavy,7-9m,18,4.5
Morphettville Parks,1000,4-6,heavy,true,3,4.333
Morphettville Parks,1000,4-6,soft,1-3m,15,4.467
Morphettville Parks,1000,4-6,soft,4-6m,21,4.333
Morphettville Parks,1000,4-6,soft,7-9m,24,5.708
Morphettville Parks,1000,4-6,soft,true,39,4.077
Morphettville Parks,1000,7-9,dry,4-6m,45,3.578
Morphettville Parks,1000,7-9,dry,7-9m,51,4.314
Morphettville Parks,1000,7-9,dry,true,95,5.958
Morphettville Parks,1000,7-9,heavy,1-3m,13,5.231
Morphettville Parks,1000,7-9,heavy,4-6m,9,10.222
Morphettville Parks,1000,7-9,heavy,7-9m,16,5.438
Morphettville Parks,1000,7-9,heavy,true,3,2.0
Morphettville Parks,1000,7-9,soft,1-3m,12,7.0
Morphettville Parks,1000,7-9,soft,4-6m,21,4.857
Morphettville Parks,1000,7-9,soft,7-9m,20,6.3
Morphettville Parks,1000,7-9,soft,true,32,5.344
Morphettville Parks,1200,1-3,dry,4-6m,44,2.75
Morphettville Parks,1200,1-3,dry,7-9m,66,3.652
Morphettville Parks,1200,1-3,dry,true,110,4.382
Morphettville Parks,1200,1-3,heavy,1-3m,15,4.467
Morphettville Parks,1200,1-3,heavy,4-6m,6,6.167
Morphettville Parks,1200,1-3,heavy,7-9m,15,8.8
Morphettville Parks,1200,1-3,heavy,true,6,3.833
Morphettville Parks,1200,1-3,soft,1-3m,15,3.933
Morphettville Parks,1200,1-3,soft,4-6m,12,3.667
Morphettville Parks,1200,1-3,soft,7-9m,27,6.407
Morphettville Parks,1200,1-3,soft,true,45,3.8
Morphettville Parks,1200,10-12,dry,4-6m,24,8.167
Morphettville Parks,1200,10-12,dry,7-9m,27,6.778
Morphettville Parks,1200,10-12,dry,true,31,8.774
Morphettville Parks,1200,10-12,heavy,1-3m,7,9.571
Morphettville Parks,1200,10-12,heavy,4-6m,4,6.25
Morphettville Parks,1200,10-12,heavy,7-9m,7,14.143
Morphettville Parks,1200,10-12,heavy,true,3,11.333
Morphettville Parks,1200,10-12,soft,1-3m,8,7.875
Morphettville Parks,1200,10-12,soft,4-6m,9,9.222
Morphettville Parks,1200,10-12,soft,7-9m,12,12.583
Morphettville Parks,1200,10-12,soft,true,26,9.654
Morphettville Parks,1200,13+,dry,4-6m,2,6.5
Morphettville Parks,1200,13+,dry,true,14,8.643
Morphettville Parks,1200,13+,heavy,1-3m,1,9.0
Morphettville Parks,1200,13+,heavy,4-6m,1,9.0
Morphettville Parks,1200,13+,heavy,true,2,11.5
Morphettville Parks,1200,13+,soft,4-6m,1,12.0
Morphettville Parks,1200,13+,soft,true,5,9.2
Morphettville Parks,1200,4-6,dry,4-6m,45,4.444
Morphettville Parks,1200,4-6,dry,7-9m,66,4.864
Morphettville Parks,1200,4-6,dry,true,111,5.604
Morphettville Parks,1200,4-6,heavy,1-3m,15,6.267
Morphettville Parks,1200,4-6,heavy,4-6m,6,5.5
Morphettville Parks,1200,4-6,heavy,7-9m,15,13.133
Morphettville Parks,1200,4-6,heavy,true,6,9.167
Morphettville Parks,1200,4-6,soft,1-3m,15,4.467
Morphettville Parks,1200,4-6,soft,4-6m,12,4.333
Morphettville Parks,1200,4-6,soft,7-9m,27,7.667
Morphettville Parks,1200,4-6,soft,true,44,6.795
Morphettville Parks,1200,7-9,dry,4-6m,41,6.268
Morphettville Parks,1200,7-9,dry,7-9m,54,5.778
Morphettville Parks,1200,7-9,dry,true,87,7.149
Morphettville Parks,1200,7-9,heavy,1-3m,11,7.364
Morphettville Parks,1200,7-9,heavy,4-6m,6,7.0
Morphettville Parks,1200,7-9,heavy,7-9m,13,14.692
Morphettville Parks,1200,7-9,heavy,true,6,11.667
Morphettville Parks,1200,7-9,soft,1-3m,15,6.6
Morphettville Parks,1200,7-9,soft,4-6m,11,8.182
Morphettville Parks,1200,7-9,soft,7-9m,24,10.458
Morphettville Parks,1200,7-9,soft,true,40,7.625
Morphettville Parks,1300,1-3,dry,4-6m,15,2.267
Morphettville Parks,1300,1-3,dry,7-9m,6,3.833
Morphettville Parks,1300,1-3,dry,true,12,4.167
Morphettville Parks,1300,1-3,soft,4-6m,6,4.5
Morphettville Parks,1300,1-3,soft,true,3,4.0
Morphettville Parks,1300,10-12,dry,4-6m,6,9.0
Morphettville Parks,1300,10-12,dry,7-9m,4,8.5
Morphettville Parks,1300,10-12,dry,true,10,6.9
Morphettville Parks,1300,10-12,soft,4-6m,4,6.5
Morphettville Parks,1300,10-12,soft,true,1,10.0
Morphettville Parks,1300,13+,dry,4-6m,1,4.0
Morphettville Parks,1300,13+,dry,true,5,7.4
Morphettville Parks,1300,4-6,dry,4-6m,15,3.467
Morphettville Parks,1300,4-6,dry,7-9m,6,3.833
Morphettville Parks,1300,4-6,dry,true,12,3.583
Morphettville Parks,1300,4-6,soft,4-6m,6,5.0
Morphettville Parks,1300,4-6,soft,true,3,7.0
Morphettville Parks,1300,7-9,dry,4-6m,13,6.077
Morphettville Parks,1300,7-9,dry,7-9m,6,4.833
Morphettville Parks,1300,7-9,dry,true,12,7.0
Morphettville Parks,1300,7-9,soft,4-6m,6,7.0
Morphettville Parks,1300,7-9,soft,true,3,8.0
Morphettville Parks,1400,1-3,dry,4-6m,48,3.583
Morphettville Parks,1400,1-3,dry,7-9m,39,4.051
Morphettville Parks,1400,1-3,dry,true,89,4.798
Morphettville Parks,1400,1-3,heavy,1-3m,6,4.333
Morphettville Parks,1400,1-3,heavy,4-6m,3,9.667
Morphettville Parks,1400,1-3,heavy,7-9m,12,5.167
Morphettville Parks,1400,1-3,heavy,true,6,3.0
Morphettville Parks,1400,1-3,soft,1-3m,15,3.133
Morphettville Parks,1400,1-3,soft,4-6m,21,3.19
Morphettville Parks,1400,1-3,soft,7-9m,24,7.792
Morphettville Parks,1400,1-3,soft,true,42,4.429
Morphettville Parks,1400,10-12,dry,4-6m,23,6.348
Morphettville Parks,1400,10-12,dry,7-9m,8,4.75
Morphettville Parks,1400,10-12,dry,true,44,7.364
Morphettville Parks,1400,10-12,heavy,1-3m,4,7.75
Morphettville Parks,1400,10-12,heavy,4-6m,2,10.5
Morphettville Parks,1400,10-12,heavy,7-9m,9,10.111
Morphettville Parks,1400,10-12,heavy,true,2,11.0
Morphettville Parks,1400,10-12,soft,1-3m,4,6.25
Morphettville Parks,1400,10-12,soft,4-6m,18,7.111
Morphettville Parks,1400,10-12,soft,7-9m,12,15.0
Morphettville Parks,1400,10-12,soft,true,26,9.154
Morphettville Parks,1400,13+,dry,4-6m,4,9.25
Morphettville Parks,1400,13+,dry,true,9,9.333
Morphettville Parks,1400,13+,heavy,7-9m,3,8.333
Morphettville Parks,1400,13+,soft,4-6m,9,6.778
Morphettville Parks,1400,13+,soft,7-9m,3,24.0
Morphettville Parks,1400,13+,soft,true,3,9.0
Morphettville Parks,1400,4-6,dry,4-6m,48,4.708
Morphettville Parks,1400,4-6,dry,7-9m,39,4.872
Morphettville Parks,1400,4-6,dry,true,90,6.144
Morphettville Parks,1400,4-6,heavy,1-3m,6,9.0
Morphettville Parks,1400,4-6,heavy,4-6m,3,10.0
Morphettville Parks,1400,4-6,heavy,7-9m,12,7.0
Morphettville Parks,1400,4-6,heavy,true,6,2.833
Morphettville Parks,1400,4-6,soft,1-3m,15,6.2
Morphettville Parks,1400,4-6,soft,4-6m,21,4.238
Morphettville Parks,1400,4-6,soft,7-9m,24,10.417
Morphettville Parks,1400,4-6,soft,true,42,6.833
Morphettville Parks,1400,7-9,dry,4-6m,44,6.727
Morphettville Parks,1400,7-9,dry,7-9m,34,5.794
Morphettville Parks,1400,7-9,dry,true,83,7.446
Morphettville Parks,1400,7-9,heavy,1-3m,6,7.0
Morphettville Parks,1400,7-9,heavy,4-6m,3,9.0
Morphettville Parks,1400,7-9,heavy,7-9m,9,10.444
Morphettville Parks,1400,7-9,heavy,true,5,7.0
Morphettville Parks,1400,7-9,soft,1-3m,10,7.9
Morphettville Parks,1400,7-9,soft,4-6m,19,6.526
Morphettville Parks,1400,7-9,soft,7-9m,23,12.522
Morphettville Parks,1400,7-9,soft,true,41,7.0
Morphettville Parks,1600,1-3,dry,4-6m,27,4.407
Morphettville Parks,1600,1-3,dry,7-9m,48,4.792
Morphettville Parks,1600,1-3,dry,true,60,5.467
Morphettville Parks,1600,1-3,heavy,1-3m,9,3.889
Morphettville Parks,1600,1-3,heavy,4-6m,3,6.333
Morphettville Parks,1600,1-3,heavy,7-9m,6,5.167
Morphettville Parks,1600,1-3,heavy,true,6,5.167
Morphettville Parks,1600,1-3,soft,1-3m,6,5.167
Morphettville Parks,1600,1-3,soft,4-6m,12,5.5
Morphettville Parks,1600,1-3,soft,7-9m,3,9.0
Morphettville Parks,1600,1-3,soft,true,30,5.4
Morphettville Parks,1600,10-12,dry,4-6m,13,5.154
Morphettville Parks,1600,10-12,dry,7-9m,16,8.188
Morphettville Parks,1600,10-12,dry,true,22,8.955
Morphettville Parks,1600,10-12,heavy,1-3m,5,8.0
Morphettville Parks,1600,10-12,heavy,true,1,14.0
Morphettville Parks,1600,10-12,soft,1-3m,4,9.0
Morphettville Parks,1600,10-12,soft,4-6m,5,6.2
Morphettville Parks,1600,10-12,soft,true,17,8.706
Morphettville Parks,1600,13+,dry,true,7,12.0
Morphettville Parks,1600,13+,soft,1-3m,1,6.0
Morphettville Parks,1600,13+,soft,true,2,12.5
Morphettville Parks,1600,4-6,dry,4-6m,27,4.519
Morphettville Parks,1600,4-6,dry,7-9m,48,6.417
Morphettville Parks,1600,4-6,dry,true,59,6.542
Morphettville Parks,1600,4-6,heavy,1-3m,9,6.0
Morphettville Parks,1600,4-6,heavy,4-6m,3,11.333
Morphettville Parks,1600,4-6,heavy,7-9m,6,7.667
Morphettville Parks,1600,4-6,heavy,true,6,6.833
Morphettville Parks,1600,4-6,soft,1-3m,6,7.833
Morphettville Parks,1600,4-6,soft,4-6m,12,6.25
Morphettville Parks,1600,4-6,soft,7-9m,3,13.0
Morphettville Parks,1600,4-6,soft,true,30,7.233
Morphettville Parks,1600,7-9,dry,4-6m,26,6.0
Morphettville Parks,1600,7-9,dry,7-9m,37,6.973
Morphettville Parks,1600,7-9,dry,true,53,7.189
Morphettville Parks,1600,7-9,heavy,1-3m,9,9.111
Morphettville Parks,1600,7-9,heavy,4-6m,2,8.0
Morphettville Parks,1600,7-9,heavy,7-9m,4,7.0
Morphettville Parks,1600,7-9,heavy,true,6,8.333
Morphettville Parks,1600,7-9,soft,1-3m,6,7.833
Morphettville Parks,1600,7-9,soft,4-6m,12,6.75
Morphettville Parks,1600,7-9,soft,7-9m,3,10.667
Morphettville Parks,1600,7-9,soft,true,28,8.357
Morphettville Parks,2000,1-3,dry,4-6m,12,4.833
Morphettville Parks,2000,1-3,dry,7-9m,15,5.2
Morphettville Parks,2000,1-3,dry,true,36,9.194
Morphettville Parks,2000,1-3,heavy,7-9m,3,7.667
Morphettville Parks,2000,1-3,heavy,true,3,8.0
Morphettville Parks,2000,1-3,soft,1-3m,6,10.333
Morphettville Parks,2000,1-3,soft,4-6m,9,7.667
Morphettville Parks,2000,1-3,soft,7-9m,9,10.222
Morphettville Parks,2000,1-3,soft,true,18,10.5
Morphettville Parks,2000,10-12,dry,4-6m,3,13.333
Morphettville Parks,2000,10-12,dry,7-9m,4,15.5
Morphettville Parks,2000,10-12,dry,true,19,15.579
Morphettville Parks,2000,10-12,heavy,7-9m,3,15.0
Morphettville Parks,2000,10-12,heavy,true,1,13.0
Morphettville Parks,2000,10-12,soft,1-3m,3,12.667
Morphettville Parks,2000,10-12,soft,4-6m,4,15.25
Morphettville Parks,2000,10-12,soft,7-9m,6,20.0
Morphettville Parks,2000,10-12,soft,true,5,15.4
Morphettville Parks,2000,4-6,dry,4-6m,12,7.0
Morphettville Parks,2000,4-6,dry,7-9m,15,9.4
Morphettville Parks,2000,4-6,dry,true,35,12.771
Morphettville Parks,2000,4-6,heavy,7-9m,3,13.333
Morphettville Parks,2000,4-6,heavy,true,3,9.0
Morphettville Parks,2000,4-6,soft,1-3m,6,10.333
Morphettville Parks,2000,4-6,soft,4-6m,9,10.0
Morphettville Parks,2000,4-6,soft,7-9m,9,15.333
Morphettville Parks,2000,4-6,soft,true,18,10.944
Morphettville Parks,2000,7-9,dry,4-6m,11,9.636
Morphettville Parks,2000,7-9,dry,7-9m,13,11.769
Morphettville Parks,2000,7-9,dry,true,36,14.833
Morphettville Parks,2000,7-9,heavy,7-9m,3,13.333
Morphettville Parks,2000,7-9,heavy,true,3,15.333
Morphettville Parks,2000,7-9,soft,1-3m,5,11.8
Morphettville Parks,2000,7-9,soft,4-6m,8,11.375
Morphettville Parks,2000,7-9,soft,7-9m,6,15.667
Morphettville Parks,2000,7-9,soft,true,17,14.176
Morphettville Parks,2200,1-3,dry,4-6m,21,6.619
Morphettville Parks,2200,1-3,dry,7-9m,6,6.833
Morphettville Parks,2200,1-3,dry,true,18,8.111
Morphettville Parks,2200,1-3,heavy,1-3m,3,2.667
Morphettville Parks,2200,1-3,heavy,7-9m,3,14.0
Morphettville Parks,2200,1-3,heavy,true,6,8.333
Morphettville Parks,2200,1-3,soft,4-6m,3,7.0
Morphettville Parks,2200,1-3,soft,7-9m,6,7.167
Morphettville Parks,2200,1-3,soft,true,12,8.833
Morphettville Parks,2200,10-12,dry,4-6m,7,8.429
Morphettville Parks,2200,10-12,dry,7-9m,1,7.0
Morphettville Parks,2200,10-12,dry,true,5,15.0
Morphettville Parks,2200,10-12,heavy,1-3m,1,16.0
Morphettville Parks,2200,10-12,heavy,7-9m,3,23.0
Morphettville Parks,2200,10-12,soft,4-6m,3,11.0
Morphettville Parks,2200,10-12,soft,7-9m,3,11.0
Morphettville Parks,2200,10-12,soft,true,4,13.75
Morphettville Parks,2200,13+,soft,true,2,20.0
Morphettville Parks,2200,4-6,dry,4-6m,21,8.905
Morphettville Parks,2200,4-6,dry,7-9m,6,12.5
Morphettville Parks,2200,4-6,dry,true,18,12.056
Morphettville Parks,2200,4-6,heavy,1-3m,3,9.333
Morphettville Parks,2200,4-6,heavy,7-9m,3,21.333
Morphettville Parks,2200,4-6,heavy,true,6,11.0
Morphettville Parks,2200,4-6,soft,4-6m,3,8.333
Morphettville Parks,2200,4-6,soft,7-9m,6,11.333
Morphettville Parks,2200,4-6,soft,true,12,14.417
Morphettville Parks,2200,7-9,dry,4-6m,16,10.938
Morphettville Parks,2200,7-9,dry,7-9m,4,11.25
Morphettville Parks,2200,7-9,dry,true,12,11.667
Morphettville Parks,2200,7-9,heavy,1-3m,3,10.333
Morphettville Parks,2200,7-9,heavy,7-9m,3,20.333
Morphettville Parks,2200,7-9,heavy,true,3,9.667
Morphettville Parks,2200,7-9,soft,4-6m,3,11.667
Morphettville Parks,2200,7-9,soft,7-9m,3,16.333
Morphettville Parks,2200,7-9,soft,true,11,15.727
Morphettville Parks,2300,1-3,dry,4-6m,3,5.667
Morphettville Parks,2300,1-3,heavy,7-9m,3,22.333
Morphettville Parks,2300,10-12,dry,4-6m,2,11.5
Morphettville Parks,2300,10-12,heavy,7-9m,2,37.0
Morphettville Parks,2300,4-6,dry,4-6m,3,13.333
Morphettville Parks,2300,4-6,heavy,7-9m,3,25.0
Morphettville Parks,2300,7-9,dry,4-6m,3,7.667
Morphettville Parks,2300,7-9,heavy,7-9m,3,25.333
Morphettville Parks,2400,1-3,dry,7-9m,9,7.0
Morphettville Parks,2400,1-3,dry,true,3,9.333
Morphettville Parks,2400,1-3,heavy,1-3m,3,8.0
Morphettville Parks,2400,1-3,heavy,4-6m,3,11.667
Morphettville Parks,2400,1-3,soft,7-9m,3,11.667
Morphettville Parks,2400,10-12,dry,7-9m,1,2.0
Morphettville Parks,2400,10-12,soft,7-9m,1,9.0
Morphettville Parks,2400,4-6,dry,7-9m,9,7.444
Morphettville Parks,2400,4-6,dry,true,3,11.0
Morphettville Parks,2400,4-6,heavy,1-3m,3,13.0
Morphettville Parks,2400,4-6,heavy,4-6m,3,12.0
Morphettville Parks,2400,4-6,soft,7-9m,3,13.667
Morphettville Parks,2400,7-9,dry,7-9m,8,9.25
Morphettville Parks,2400,7-9,dry,true,1,13.0
Morphettville Parks,2400,7-9,heavy,1-3m,2,13.5
Morphettville Parks,2400,7-9,heavy,4-6m,3,12.667
Morphettville Parks,2400,7-9,soft,7-9m,3,13.667
Murray Bridge GH,900,1-3,dry,1-3m,6,4.5
Murray Bridge GH,900,1-3,dry,10m+,6,4.0
Murray Bridge GH,900,1-3,dry,4-6m,25,4.12
Murray Bridge GH,900,1-3,dry,7-9m,27,7.148
Murray Bridge GH,900,1-3,dry,true,27,7.259
Murray Bridge GH,900,1-3,heavy,10m+,3,2.0
Murray Bridge GH,900,1-3,soft,1-3m,3,5.0
Murray Bridge GH,900,1-3,soft,10m+,3,5.0
Murray Bridge GH,900,1-3,soft,4-6m,9,5.111
Murray Bridge GH,900,1-3,soft,7-9m,12,4.75
Murray Bridge GH,900,1-3,soft,true,12,4.333
Murray Bridge GH,900,10-12,dry,1-3m,5,8.8
Murray Bridge GH,900,10-12,dry,10m+,4,7.25
Murray Bridge GH,900,10-12,dry,4-6m,18,8.722
Murray Bridge GH,900,10-12,dry,7-9m,20,10.0
Murray Bridge GH,900,10-12,dry,true,13,11.231
Murray Bridge GH,900,10-12,heavy,10m+,2,8.5
Murray Bridge GH,900,10-12,soft,1-3m,3,7.667
Murray Bridge GH,900,10-12,soft,10m+,1,9.0
Murray Bridge GH,900,10-12,soft,4-6m,9,9.444
Murray Bridge GH,900,10-12,soft,7-9m,8,8.75
Murray Bridge GH,900,10-12,soft,true,7,9.143
Murray Bridge GH,900,13+,dry,1-3m,2,12.5
Murray Bridge GH,900,13+,dry,4-6m,1,10.0
Murray Bridge GH,900,13+,dry,7-9m,3,14.0
Murray Bridge GH,900,13+,dry,true,4,11.0
Murray Bridge GH,900,13+,soft,true,4,9.75
Murray Bridge GH,900,4-6,dry,1-3m,5,7.2
Murray Bridge GH,900,4-6,dry,10m+,6,4.667
Murray Bridge GH,900,4-6,dry,4-6m,27,5.444
Murray Bridge GH,900,4-6,dry,7-9m,27,8.556
Murray Bridge GH,900,4-6,dry,true,26,8.038
Murray Bridge GH,900,4-6,heavy,10m+,3,5.333
Murray Bridge GH,900,4-6,soft,1-3m,3,5.333
Murray Bridge GH,900,4-6,soft,10m+,3,5.667
Murray Bridge GH,900,4-6,soft,4-6m,9,6.667
Murray Bridge GH,900,4-6,soft,7-9m,12,5.75
Murray Bridge GH,900,4-6,soft,true,12,6.0
Murray Bridge GH,900,7-9,dry,1-3m,6,8.667
Murray Bridge GH,900,7-9,dry,10m+,6,6.833
Murray Bridge GH,900,7-9,dry,4-6m,26,8.077
Murray Bridge GH,900,7-9,dry,7-9m,27,10.815
Murray Bridge GH,900,7-9,dry,true,21,9.286
Murray Bridge GH,900,7-9,heavy,10m+,3,8.667
Murray Bridge GH,900,7-9,soft,1-3m,3,7.0
Murray Bridge GH,900,7-9,soft,10m+,3,7.667
Murray Bridge GH,900,7-9,soft,4-6m,9,8.111
Murray Bridge GH,900,7-9,soft,7-9m,12,7.917
Murray Bridge GH,900,7-9,soft,true,9,7.667
Murray Bridge GH,1000,1-3,dry,1-3m,3,5.667
Murray Bridge GH,1000,1-3,dry,10m+,12,4.25
Murray Bridge GH,1000,1-3,dry,4-6m,12,5.083
Murray Bridge GH,1000,1-3,dry,7-9m,15,3.133
Murray Bridge GH,1000,1-3,dry,true,30,4.667
Murray Bridge GH,1000,1-3,soft,1-3m,15,4.333
Murray Bridge GH,1000,1-3,soft,10m+,12,3.917
Murray Bridge GH,1000,1-3,soft,4-6m,12,4.833
Murray Bridge GH,1000,1-3,soft,7-9m,12,3.75
Murray Bridge GH,1000,1-3,soft,true,21,4.952
Murray Bridge GH,1000,10-12,dry,1-3m,3,7.333
Murray Bridge GH,1000,10-12,dry,10m+,8,7.625
Murray Bridge GH,1000,10-12,dry,4-6m,10,8.3
Murray Bridge GH,1000,10-12,dry,7-9m,10,6.5
Murray Bridge GH,1000,10-12,dry,true,9,8.556
Murray Bridge GH,1000,10-12,soft,1-3m,11,8.364
Murray Bridge GH,1000,10-12,soft,10m+,6,7.167
Murray Bridge GH,1000,10-12,soft,4-6m,11,8.273
Murray Bridge GH,1000,10-12,soft,7-9m,7,8.429
Murray Bridge GH,1000,10-12,soft,true,12,8.75
Murray Bridge GH,1000,13+,dry,4-6m,1,6.0
Murray Bridge GH,1000,13+,soft,1-3m,2,10.0
Murray Bridge GH,1000,13+,soft,4-6m,5,10.8
Murray Bridge GH,1000,13+,soft,7-9m,2,4.5
Murray Bridge GH,1000,13+,soft,true,3,9.333
Murray Bridge GH,1000,4-6,dry,1-3m,3,5.333
Murray Bridge GH,1000,4-6,dry,10m+,12,5.5
Murray Bridge GH,1000,4-6,dry,4-6m,12,6.0
Murray Bridge GH,1000,4-6,dry,7-9m,15,5.067
Murray Bridge GH,1000,4-6,dry,true,30,6.167
Murray Bridge GH,1000,4-6,soft,1-3m,15,7.133
Murray Bridge GH,1000,4-6,soft,10m+,12,5.0
Murray Bridge GH,1000,4-6,soft,4-6m,12,6.0
Murray Bridge GH,1000,4-6,soft,7-9m,12,5.333
Murray Bridge GH,1000,4-6,soft,true,21,6.952
Murray Bridge GH,1000,7-9,dry,1-3m,3,6.333
Murray Bridge GH,1000,7-9,dry,10m+,12,6.5
Murray Bridge GH,1000,7-9,dry,4-6m,12,6.917
Murray Bridge GH,1000,7-9,dry,7-9m,13,6.923
Murray Bridge GH,1000,7-9,dry,true,22,6.182
Murray Bridge GH,1000,7-9,soft,1-3m,15,7.8
Murray Bridge GH,1000,7-9,soft,10m+,12,5.583
Murray Bridge GH,1000,7-9,soft,4-6m,12,6.25
Murray Bridge GH,1000,7-9,soft,7-9m,10,5.6
Murray Bridge GH,1000,7-9,soft,true,20,8.15
Murray Bridge GH,1100,1-3,dry,1-3m,6,5.167
Murray Bridge GH,1100,1-3,dry,10m+,9,7.222
Murray Bridge GH,1100,1-3,dry,4-6m,12,4.667
Murray Bridge GH,1100,1-3,dry,7-9m,7,3.714
Murray Bridge GH,1100,1-3,dry,true,39,4.462
Murray Bridge GH,1100,1-3,heavy,10m+,3,8.667
Murray Bridge GH,1100,1-3,soft,1-3m,9,5.556
Murray Bridge GH,1100,1-3,soft,4-6m,6,4.833
Murray Bridge GH,1100,1-3,soft,7-9m,15,5.2
Murray Bridge GH,1100,1-3,soft,true,27,4.926
Murray Bridge GH,1100,10-12,dry,1-3m,2,9.0
Murray Bridge GH,1100,10-12,dry,10m+,4,7.25
Murray Bridge GH,1100,10-12,dry,4-6m,6,7.667
Murray Bridge GH,1100,10-12,dry,7-9m,6,7.167
Murray Bridge GH,1100,10-12,dry,true,24,8.208
Murray Bridge GH,1100,10-12,heavy,10m+,2,10.0
Murray Bridge GH,1100,10-12,soft,1-3m,9,9.111
Murray Bridge GH,1100,10-12,soft,4-6m,6,7.167
Murray Bridge GH,1100,10-12,soft,7-9m,7,10.571
Murray Bridge GH,1100,10-12,soft,true,19,8.211
Murray Bridge GH,1100,13+,dry,true,10,8.8
Murray Bridge GH,1100,13+,soft,1-3m,4,9.5
Murray Bridge GH,1100,13+,soft,4-6m,2,8.5
Murray Bridge GH,1100,13+,soft,7-9m,1,9.0
Murray Bridge GH,1100,13+,soft,true,9,8.889
Murray Bridge GH,1100,4-6,dry,1-3m,6,6.833
Murray Bridge GH,1100,4-6,dry,10m+,9,6.667
Murray Bridge GH,1100,4-6,dry,4-6m,12,6.25
Murray Bridge GH,1100,4-6,dry,7-9m,9,5.778
Murray Bridge GH,1100,4-6,dry,true,39,6.231
Murray Bridge GH,1100,4-6,heavy,10m+,3,8.0
Murray Bridge GH,1100,4-6,soft,1-3m,9,6.778
Murray Bridge GH,1100,4-6,soft,4-6m,6,5.667
Murray Bridge GH,1100,4-6,soft,7-9m,15,6.467
Murray Bridge GH,1100,4-6,soft,true,27,5.963
Murray Bridge GH,1100,7-9,dry,1-3m,4,7.25
Murray Bridge GH,1100,7-9,dry,10m+,8,7.25
Murray Bridge GH,1100,7-9,dry,4-6m,9,7.444
Murray Bridge GH,1100,7-9,dry,7-9m,6,5.5
Murray Bridge GH,1100,7-9,dry,true,36,7.25
Murray Bridge GH,1100,7-9,heavy,10m+,3,9.667
Murray Bridge GH,1100,7-9,soft,1-3m,9,9.111
Murray Bridge GH,1100,7-9,soft,4-6m,6,7.0
Murray Bridge GH,1100,7-9,soft,7-9m,15,7.4
Murray Bridge GH,1100,7-9,soft,true,27,7.148
Murray Bridge GH,1200,1-3,dry,1-3m,6,4.333
Murray Bridge GH,1200,1-3,dry,10m+,15,4.667
Murray Bridge GH,1200,1-3,dry,4-6m,36,4.167
Murray Bridge GH,1200,1-3,dry,7-9m,42,6.048
Murray Bridge GH,1200,1-3,dry,true,69,5.275
Murray Bridge GH,1200,1-3,heavy,10m+,6,5.5
Murray Bridge GH,1200,1-3,heavy,true,6,5.833
Murray Bridge GH,1200,1-3,soft,1-3m,6,5.5
Murray Bridge GH,1200,1-3,soft,10m+,15,4.267
Murray Bridge GH,1200,1-3,soft,4-6m,14,4.214
Murray Bridge GH,1200,1-3,soft,7-9m,26,4.231
Murray Bridge GH,1200,1-3,soft,true,54,5.463
Murray Bridge GH,1200,10-12,dry,1-3m,6,9.333
Murray Bridge GH,1200,10-12,dry,10m+,11,7.091
Murray Bridge GH,1200,10-12,dry,4-6m,24,7.125
Murray Bridge GH,1200,10-12,dry,7-9m,37,10.622
Murray Bridge GH,1200,10-12,dry,true,30,9.633
Murray Bridge GH,1200,10-12,heavy,10m+,2,5.5
Murray Bridge GH,1200,10-12,heavy,true,3,9.333
Murray Bridge GH,1200,10-12,soft,1-3m,3,6.333
Murray Bridge GH,1200,10-12,soft,10m+,7,6.571
Murray Bridge GH,1200,10-12,soft,4-6m,10,5.3
Murray Bridge GH,1200,10-12,soft,7-9m,26,7.731
Murray Bridge GH,1200,10-12,soft,true,36,8.639
Murray Bridge GH,1200,13+,dry,1-3m,3,5.0
Murray Bridge GH,1200,13+,dry,4-6m,6,8.5
Murray Bridge GH,1200,13+,dry,7-9m,18,11.778
Murray Bridge GH,1200,13+,dry,true,7,9.0
Murray Bridge GH,1200,13+,heavy,true,1,12.0
Murray Bridge GH,1200,13+,soft,1-3m,3,7.667
Murray Bridge GH,1200,13+,soft,4-6m,4,6.5
Murray Bridge GH,1200,13+,soft,7-9m,13,7.769
Murray Bridge GH,1200,13+,soft,true,9,9.444
Murray Bridge GH,1200,4-6,dry,1-3m,6,5.333
Murray Bridge GH,1200,4-6,dry,10m+,15,6.4
Murray Bridge GH,1200,4-6,dry,4-6m,36,5.917
Murray Bridge GH,1200,4-6,dry,7-9m,42,7.833
Murray Bridge GH,1200,4-6,dry,true,69,6.493
Murray Bridge GH,1200,4-6,heavy,10m+,6,6.667
Murray Bridge GH,1200,4-6,heavy,true,6,6.5
Murray Bridge GH,1200,4-6,soft,1-3m,6,5.667
Murray Bridge GH,1200,4-6,soft,10m+,15,5.133
Murray Bridge GH,1200,4-6,soft,4-6m,15,6.0
Murray Bridge GH,1200,4-6,soft,7-9m,27,6.111
Murray Bridge GH,1200,4-6,soft,true,54,6.444
Murray Bridge GH,1200,7-9,dry,1-3m,6,7.667
Murray Bridge GH,1200,7-9,dry,10m+,15,7.0
Murray Bridge GH,1200,7-9,dry,4-6m,36,6.972
Murray Bridge GH,1200,7-9,dry,7-9m,41,8.707
Murray Bridge GH,1200,7-9,dry,true,56,7.179
Murray Bridge GH,1200,7-9,heavy,10m+,6,7.5
Murray Bridge GH,1200,7-9,heavy,true,5,8.0
Murray Bridge GH,1200,7-9,soft,1-3m,5,6.6
Murray Bridge GH,1200,7-9,soft,10m+,14,6.643
Murray Bridge GH,1200,7-9,soft,4-6m,12,5.333
Murray Bridge GH,1200,7-9,soft,7-9m,27,6.667
Murray Bridge GH,1200,7-9,soft,true,52,7.904
Murray Bridge GH,1400,1-3,dry,1-3m,6,6.333
Murray Bridge GH,1400,1-3,dry,10m+,21,6.952
Murray Bridge GH,1400,1-3,dry,4-6m,39,10.256
Murray Bridge GH,1400,1-3,dry,7-9m,45,10.0
Murray Bridge GH,1400,1-3,dry,true,84,8.155
Murray Bridge GH,1400,1-3,heavy,10m+,9,9.889
Murray Bridge GH,1400,1-3,soft,1-3m,15,9.467
Murray Bridge GH,1400,1-3,soft,10m+,24,6.792
Murray Bridge GH,1400,1-3,soft,4-6m,21,7.048
Murray Bridge GH,1400,1-3,soft,7-9m,15,8.733
Murray Bridge GH,1400,1-3,soft,true,30,8.667
Murray Bridge GH,1400,10-12,dry,1-3m,4,9.0
Murray Bridge GH,1400,10-12,dry,10m+,15,12.267
Murray Bridge GH,1400,10-12,dry,4-6m,37,14.27
Murray Bridge GH,1400,10-12,dry,7-9m,43,14.744
Murray Bridge GH,1400,10-12,dry,true,53,13.057
Murray Bridge GH,1400,10-12,heavy,10m+,6,13.833
Murray Bridge GH,1400,10-12,soft,1-3m,14,13.429
Murray Bridge GH,1400,10-12,soft,10m+,21,11.333
Murray Bridge GH,1400,10-12,soft,4-6m,19,11.895
Murray Bridge GH,1400,10-12,soft,7-9m,15,11.533
Murray Bridge GH,1400,10-12,soft,true,28,13.214
Murray Bridge GH,1400,13+,dry,1-3m,1,15.0
Murray Bridge GH,1400,13+,dry,10m+,4,11.25
Murray Bridge GH,1400,13+,dry,4-6m,13,13.077
Murray Bridge GH,1400,13+,dry,7-9m,19,15.053
Murray Bridge GH,1400,13+,dry,true,32,15.406
Murray Bridge GH,1400,13+,heavy,10m+,2,11.5
Murray Bridge GH,1400,13+,soft,1-3m,7,15.143
Murray Bridge GH,1400,13+,soft,10m+,3,7.667
Murray Bridge GH,1400,13+,soft,4-6m,8,14.375
Murray Bridge GH,1400,13+,soft,7-9m,6,12.167
Murray Bridge GH,1400,13+,soft,true,12,13.667
Murray Bridge GH,1400,4-6,dry,1-3m,6,9.333
Murray Bridge GH,1400,4-6,dry,10m+,21,9.857
Murray Bridge GH,1400,4-6,dry,4-6m,39,10.949
Murray Bridge GH,1400,4-6,dry,7-9m,45,12.0
Murray Bridge GH,1400,4-6,dry,true,84,9.774
Murray Bridge GH,1400,4-6,heavy,10m+,9,14.556
Murray Bridge GH,1400,4-6,soft,1-3m,15,10.8
Murray Bridge GH,1400,4-6,soft,10m+,24,8.667
Murray Bridge GH,1400,4-6,soft,4-6m,21,9.667
Murray Bridge GH,1400,4-6,soft,7-9m,15,10.4
Murray Bridge GH,1400,4-6,soft,true,30,10.967
Murray Bridge GH,1400,7-9,dry,1-3m,6,9.167
Murray Bridge GH,1400,7-9,dry,10m+,21,11.81
Murray Bridge GH,1400,7-9,dry,4-6m,39,12.821
Murray Bridge GH,1400,7-9,dry,7-9m,45,13.467
Murray Bridge GH,1400,7-9,dry,true,78,11.769
Murray Bridge GH,1400,7-9,heavy,10m+,9,15.556
Murray Bridge GH,1400,7-9,soft,1-3m,14,10.929
Murray Bridge GH,1400,7-9,soft,10m+,24,9.042
Murray Bridge GH,1400,7-9,soft,4-6m,21,11.857
Murray Bridge GH,1400,7-9,soft,7-9m,15,11.267
Murray Bridge GH,1400,7-9,soft,true,30,11.867
Murray Bridge GH,1600,1-3,dry,1-3m,9,8.667
Murray Bridge GH,1600,1-3,dry,10m+,6,6.833
Murray Bridge GH,1600,1-3,dry,4-6m,18,7.889
Murray Bridge GH,1600,1-3,dry,7-9m,24,16.25
Murray Bridge GH,1600,1-3,dry,true,30,9.433
Murray Bridge GH,1600,1-3,heavy,10m+,3,9.667
Murray Bridge GH,1600,1-3,soft,1-3m,9,7.333
Murray Bridge GH,1600,1-3,soft,10m+,12,6.25
Murray Bridge GH,1600,1-3,soft,4-6m,9,8.333
Murray Bridge GH,1600,1-3,soft,7-9m,18,8.056
Murray Bridge GH,1600,1-3,soft,true,24,7.792
Murray Bridge GH,1600,10-12,dry,1-3m,7,10.857
Murray Bridge GH,1600,10-12,dry,10m+,5,12.8
Murray Bridge GH,1600,10-12,dry,4-6m,12,10.833
Murray Bridge GH,1600,10-12,dry,7-9m,19,21.895
Murray Bridge GH,1600,10-12,dry,true,19,12.526
Murray Bridge GH,1600,10-12,heavy,10m+,2,11.0
Murray Bridge GH,1600,10-12,soft,1-3m,4,10.5
Murray Bridge GH,1600,10-12,soft,10m+,6,8.667
Murray Bridge GH,1600,10-12,soft,4-6m,8,11.0
Murray Bridge GH,1600,10-12,soft,7-9m,18,12.444
Murray Bridge GH,1600,10-12,soft,true,12,11.583
Murray Bridge GH,1600,13+,dry,4-6m,6,10.0
Murray Bridge GH,1600,13+,dry,7-9m,12,21.583
Murray Bridge GH,1600,13+,dry,true,4,14.25
Murray Bridge GH,1600,13+,soft,10m+,2,11.5
Murray Bridge GH,1600,13+,soft,4-6m,1,5.0
Murray Bridge GH,1600,13+,soft,7-9m,14,13.286
Murray Bridge GH,1600,13+,soft,true,4,15.25
Murray Bridge GH,1600,4-6,dry,1-3m,9,11.444
Murray Bridge GH,1600,4-6,dry,10m+,6,9.333
Murray Bridge GH,1600,4-6,dry,4-6m,17,10.353
Murray Bridge GH,1600,4-6,dry,7-9m,24,18.5
Murray Bridge GH,1600,4-6,dry,true,30,10.767
Murray Bridge GH,1600,4-6,heavy,10m+,3,11.0
Murray Bridge GH,1600,4-6,soft,1-3m,9,8.778
Murray Bridge GH,1600,4-6,soft,10m+,12,9.167
Murray Bridge GH,1600,4-6,soft,4-6m,9,8.444
Murray Bridge GH,1600,4-6,soft,7-9m,18,8.556
Murray Bridge GH,1600,4-6,soft,true,24,10.125
Murray Bridge GH,1600,7-9,dry,1-3m,9,10.778
Murray Bridge GH,1600,7-9,dry,10m+,6,7.333
Murray Bridge GH,1600,7-9,dry,4-6m,17,11.706
Murray Bridge GH,1600,7-9,dry,7-9m,22,20.409
Murray Bridge GH,1600,7-9,dry,true,28,11.5
Murray Bridge GH,1600,7-9,heavy,10m+,3,10.0
Murray Bridge GH,1600,7-9,soft,1-3m,8,10.625
Murray Bridge GH,1600,7-9,soft,10m+,12,9.083
Murray Bridge GH,1600,7-9,soft,4-6m,9,10.0
Murray Bridge GH,1600,7-9,soft,7-9m,18,10.556
Murray Bridge GH,1600,7-9,soft,true,22,10.318
Murray Bridge GH,1800,1-3,dry,1-3m,3,8.333
Murray Bridge GH,1800,1-3,dry,10m+,3,3.667
Murray Bridge GH,1800,1-3,dry,4-6m,17,7.941
Murray Bridge GH,1800,1-3,dry,7-9m,12,12.25
Murray Bridge GH,1800,1-3,dry,true,21,8.0
Murray Bridge GH,1800,1-3,heavy,true,6,9.167
Murray Bridge GH,1800,1-3,soft,1-3m,6,8.5
Murray Bridge GH,1800,1-3,soft,10m+,3,10.0
Murray Bridge GH,1800,1-3,soft,4-6m,6,9.167
Murray Bridge GH,1800,1-3,soft,7-9m,18,7.556
Murray Bridge GH,1800,1-3,soft,true,15,8.067
Murray Bridge GH,1800,10-12,dry,10m+,3,11.667
Murray Bridge GH,1800,10-12,dry,4-6m,15,11.333
Murray Bridge GH,1800,10-12,dry,7-9m,10,16.6
Murray Bridge GH,1800,10-12,dry,true,9,12.889
Murray Bridge GH,1800,10-12,heavy,true,1,7.0
Murray Bridge GH,1800,10-12,soft,1-3m,3,9.0
Murray Bridge GH,1800,10-12,soft,10m+,1,10.0
Murray Bridge GH,1800,10-12,soft,4-6m,4,10.75
Murray Bridge GH,1800,10-12,soft,7-9m,16,12.562
Murray Bridge GH,1800,10-12,soft,true,12,12.083
Murray Bridge GH,1800,13+,dry,10m+,1,13.0
Murray Bridge GH,1800,13+,dry,4-6m,13,10.769
Murray Bridge GH,1800,13+,dry,7-9m,2,16.0
Murray Bridge GH,1800,13+,dry,true,7,11.143
Murray Bridge GH,1800,13+,soft,7-9m,8,13.0
Murray Bridge GH,1800,13+,soft,true,7,13.571
Murray Bridge GH,1800,4-6,dry,1-3m,3,12.333
Murray Bridge GH,1800,4-6,dry,10m+,3,5.667
Murray Bridge GH,1800,4-6,dry,4-6m,18,10.778
Murray Bridge GH,1800,4-6,dry,7-9m,12,14.833
Murray Bridge GH,1800,4-6,dry,true,21,10.19
Murray Bridge GH,1800,4-6,heavy,true,6,11.667
Murray Bridge GH,1800,4-6,soft,1-3m,6,8.167
Murray Bridge GH,1800,4-6,soft,10m+,3,8.333
Murray Bridge GH,1800,4-6,soft,4-6m,6,9.5
Murray Bridge GH,1800,4-6,soft,7-9m,18,9.889
Murray Bridge GH,1800,4-6,soft,true,15,9.133
Murray Bridge GH,1800,7-9,dry,1-3m,3,6.333
Murray Bridge GH,1800,7-9,dry,10m+,3,12.667
Murray Bridge GH,1800,7-9,dry,4-6m,16,12.0
Murray Bridge GH,1800,7-9,dry,7-9m,11,14.727
Murray Bridge GH,1800,7-9,dry,true,17,11.059
Murray Bridge GH,1800,7-9,heavy,true,5,10.6
Murray Bridge GH,1800,7-9,soft,1-3m,6,11.667
Murray Bridge GH,1800,7-9,soft,10m+,3,10.333
Murray Bridge GH,1800,7-9,soft,4-6m,6,11.0
Murray Bridge GH,1800,7-9,soft,7-9m,17,11.529
Murray Bridge GH,1800,7-9,soft,true,14,10.286
Murray Bridge GH,2000,1-3,dry,1-3m,3,9.0
Murray Bridge GH,2000,1-3,dry,10m+,12,10.5
Murray Bridge GH,2000,1-3,dry,4-6m,12,11.667
Murray Bridge GH,2000,1-3,dry,7-9m,18,9.889
Murray Bridge GH,2000,1-3,dry,true,24,12.583
Murray Bridge GH,2000,1-3,heavy,10m+,3,18.667
Murray Bridge GH,2000,1-3,soft,1-3m,6,7.5
Murray Bridge GH,2000,1-3,soft,10m+,9,10.0
Murray Bridge GH,2000,1-3,soft,4-6m,6,8.833
Murray Bridge GH,2000,1-3,soft,7-9m,6,10.167
Murray Bridge GH,2000,1-3,soft,true,15,11.667
Murray Bridge GH,2000,10-12,dry,10m+,9,10.333
Murray Bridge GH,2000,10-12,dry,4-6m,12,18.167
Murray Bridge GH,2000,10-12,dry,7-9m,11,12.636
Murray Bridge GH,2000,10-12,dry,true,11,21.0
Murray Bridge GH,2000,10-12,heavy,10m+,3,23.667
Murray Bridge GH,2000,10-12,soft,1-3m,5,16.8
Murray Bridge GH,2000,10-12,soft,10m+,6,9.0
Murray Bridge GH,2000,10-12,soft,4-6m,4,16.75
Murray Bridge GH,2000,10-12,soft,7-9m,3,13.667
Murray Bridge GH,2000,10-12,soft,true,7,15.429
Murray Bridge GH,2000,13+,dry,10m+,2,16.0
Murray Bridge GH,2000,13+,dry,4-6m,4,14.0
Murray Bridge GH,2000,13+,dry,7-9m,3,14.333
Murray Bridge GH,2000,13+,dry,true,4,25.25
Murray Bridge GH,2000,13+,heavy,10m+,2,18.0
Murray Bridge GH,2000,13+,soft,10m+,2,13.5
Murray Bridge GH,2000,13+,soft,4-6m,1,14.0
Murray Bridge GH,2000,4-6,dry,1-3m,3,9.0
Murray Bridge GH,2000,4-6,dry,10m+,12,10.0
Murray Bridge GH,2000,4-6,dry,4-6m,12,15.917
Murray Bridge GH,2000,4-6,dry,7-9m,18,13.556
Murray Bridge GH,2000,4-6,dry,true,24,14.458
Murray Bridge GH,2000,4-6,heavy,10m+,3,19.667
Murray Bridge GH,2000,4-6,soft,1-3m,6,15.0
Murray Bridge GH,2000,4-6,soft,10m+,9,10.222
Murray Bridge GH,2000,4-6,soft,4-6m,6,13.167
Murray Bridge GH,2000,4-6,soft,7-9m,6,13.0
Murray Bridge GH,2000,4-6,soft,true,15,13.733
Murray Bridge GH,2000,7-9,dry,1-3m,2,13.5
Murray Bridge GH,2000,7-9,dry,10m+,12,11.5
Murray Bridge GH,2000,7-9,dry,4-6m,12,16.083
Murray Bridge GH,2000,7-9,dry,7-9m,17,13.588
Murray Bridge GH,2000,7-9,dry,true,16,16.75
Murray Bridge GH,2000,7-9,heavy,10m+,3,17.667
Murray Bridge GH,2000,7-9,soft,1-3m,6,13.667
Murray Bridge GH,2000,7-9,soft,10m+,7,10.857
Murray Bridge GH,2000,7-9,soft,4-6m,6,12.167
Murray Bridge GH,2000,7-9,soft,7-9m,6,10.167
Murray Bridge GH,2000,7-9,soft,true,13,14.308
Murray Bridge GH,2500,1-3,dry,4-6m,3,11.667
Murray Bridge GH,2500,1-3,dry,7-9m,5,14.4
Murray Bridge GH,2500,1-3,dry,true,6,9.0
Murray Bridge GH,2500,1-3,soft,1-3m,6,14.5
Murray Bridge GH,2500,1-3,soft,true,3,11.333
Murray Bridge GH,2500,10-12,dry,4-6m,3,15.0
Murray Bridge GH,2500,10-12,dry,7-9m,1,17.0
Murray Bridge GH,2500,10-12,dry,true,2,19.5
Murray Bridge GH,2500,10-12,soft,1-3m,1,17.0
Murray Bridge GH,2500,10-12,soft,true,2,18.5
Murray Bridge GH,2500,13+,dry,4-6m,2,20.0
Murray Bridge GH,2500,4-6,dry,4-6m,3,14.0
Murray Bridge GH,2500,4-6,dry,7-9m,6,10.833
Murray Bridge GH,2500,4-6,dry,true,6,11.0
Murray Bridge GH,2500,4-6,soft,1-3m,6,14.833
Murray Bridge GH,2500,4-6,soft,true,3,11.667
Murray Bridge GH,2500,7-9,dry,4-6m,3,15.333
Murray Bridge GH,2500,7-9,dry,7-9m,5,14.0
Murray Bridge GH,2500,7-9,dry,true,5,11.4
Murray Bridge GH,2500,7-9,soft,1-3m,5,14.8
Murray Bridge GH,2500,7-9,soft,true,3,18.333
Pakenham,1000,1-3,dry,1-3m,38,1.342
Pakenham,1000,1-3,dry,4-6m,27,1.63
Pakenham,1000,1-3,dry,7-9m,26,1.615
Pakenham,1000,1-3,dry,true,39,1.154
Pakenham,1000,1-3,heavy,4-6m,3,0.667
Pakenham,1000,1-3,heavy,true,6,1.667
Pakenham,1000,1-3,soft,1-3m,3,0.0
Pakenham,1000,1-3,soft,4-6m,12,1.333
Pakenham,1000,1-3,soft,7-9m,18,0.889
Pakenham,1000,1-3,soft,true,15,1.4
Pakenham,1000,10-12,dry,1-3m,12,3.083
Pakenham,1000,10-12,dry,4-6m,14,2.857
Pakenham,1000,10-12,dry,7-9m,7,2.857
Pakenham,1000,10-12,dry,true,17,2.647
Pakenham,1000,10-12,soft,4-6m,8,3.125
Pakenham,1000,10-12,soft,7-9m,5,2.2
Pakenham,1000,4-6,dry,1-3m,39,1.949
Pakenham,1000,4-6,dry,4-6m,27,1.963
Pakenham,1000,4-6,dry,7-9m,27,2.222
Pakenham,1000,4-6,dry,true,39,2.128
Pakenham,1000,4-6,heavy,4-6m,3,2.0
Pakenham,1000,4-6,heavy,true,6,2.5
Pakenham,1000,4-6,soft,1-3m,3,1.0
Pakenham,1000,4-6,soft,4-6m,12,1.917
Pakenham,1000,4-6,soft,7-9m,18,2.056
Pakenham,1000,4-6,soft,true,15,2.533
Pakenham,1000,7-9,dry,1-3m,29,2.69
Pakenham,1000,7-9,dry,4-6m,24,2.792
Pakenham,1000,7-9,dry,7-9m,22,3.227
Pakenham,1000,7-9,dry,true,34,2.382
Pakenham,1000,7-9,heavy,4-6m,2,2.0
Pakenham,1000,7-9,heavy,true,1,2.0
Pakenham,1000,7-9,soft,1-3m,1,2.0
Pakenham,1000,7-9,soft,4-6m,9,2.0
Pakenham,1000,7-9,soft,7-9m,16,2.438
Pakenham,1000,7-9,soft,true,10,2.8
Pakenham,1100,1-3,dry,1-3m,9,0.444
Pakenham,1100,1-3,dry,4-6m,9,2.0
Pakenham,1100,1-3,dry,7-9m,6,1.0
Pakenham,1100,1-3,dry,true,18,1.611
Pakenham,1100,1-3,heavy,1-3m,3,1.0
Pakenham,1100,1-3,heavy,4-6m,9,1.778
Pakenham,1100,1-3,soft,1-3m,6,1.167
Pakenham,1100,1-3,soft,4-6m,9,1.333
Pakenham,1100,1-3,soft,true,3,1.0
Pakenham,1100,10-12,dry,4-6m,4,2.75
Pakenham,1100,10-12,dry,7-9m,1,2.0
Pakenham,1100,10-12,dry,true,3,4.667
Pakenham,1100,10-12,soft,4-6m,4,2.25
Pakenham,1100,10-12,soft,true,2,2.0
Pakenham,1100,4-6,dry,1-3m,9,0.889
Pakenham,1100,4-6,dry,4-6m,9,3.0
Pakenham,1100,4-6,dry,7-9m,6,0.833
Pakenham,1100,4-6,dry,true,18,1.944
Pakenham,1100,4-6,heavy,1-3m,3,3.0
Pakenham,1100,4-6,heavy,4-6m,9,2.778
Pakenham,1100,4-6,soft,1-3m,6,1.833
Pakenham,1100,4-6,soft,4-6m,9,2.333
Pakenham,1100,4-6,soft,true,3,0.667
Pakenham,1100,7-9,dry,1-3m,6,2.833
Pakenham,1100,7-9,dry,4-6m,8,3.25
Pakenham,1100,7-9,dry,7-9m,5,2.4
Pakenham,1100,7-9,dry,true,9,3.0
Pakenham,1100,7-9,heavy,1-3m,2,2.5
Pakenham,1100,7-9,heavy,4-6m,4,4.0
Pakenham,1100,7-9,soft,1-3m,3,2.0
Pakenham,1100,7-9,soft,4-6m,9,2.889
Pakenham,1100,7-9,soft,true,3,2.0
Pakenham,1200,1-3,dry,1-3m,51,1.314
Pakenham,1200,1-3,dry,4-6m,63,1.143
Pakenham,1200,1-3,dry,7-9m,69,1.087
Pakenham,1200,1-3,dry,true,81,1.506
Pakenham,1200,1-3,heavy,1-3m,9,1.222
Pakenham,1200,1-3,heavy,true,15,1.6
Pakenham,1200,1-3,soft,1-3m,18,1.056
Pakenham,1200,1-3,soft,4-6m,50,1.14
Pakenham,1200,1-3,soft,7-9m,21,2.048
Pakenham,1200,1-3,soft,true,33,1.364
Pakenham,1200,10-12,dry,1-3m,23,2.826
Pakenham,1200,10-12,dry,4-6m,24,2.75
Pakenham,1200,10-12,dry,7-9m,25,2.56
Pakenham,1200,10-12,dry,true,25,2.48
Pakenham,1200,10-12,heavy,1-3m,2,2.5
Pakenham,1200,10-12,heavy,true,6,3.5
Pakenham,1200,10-12,soft,1-3m,5,1.6
Pakenham,1200,10-12,soft,4-6m,8,6.25
Pakenham,1200,10-12,soft,7-9m,6,3.667
Pakenham,1200,10-12,soft,true,5,4.0
Pakenham,1200,13+,dry,1-3m,4,6.0
Pakenham,1200,13+,dry,7-9m,1,2.0
Pakenham,1200,4-6,dry,1-3m,51,1.843
Pakenham,1200,4-6,dry,4-6m,63,1.841
Pakenham,1200,4-6,dry,7-9m,69,1.623
Pakenham,1200,4-6,dry,true,79,1.962
Pakenham,1200,4-6,heavy,1-3m,9,1.0
Pakenham,1200,4-6,heavy,true,15,2.8
Pakenham,1200,4-6,soft,1-3m,18,1.833
Pakenham,1200,4-6,soft,4-6m,50,2.54
Pakenham,1200,4-6,soft,7-9m,21,3.476
Pakenham,1200,4-6,soft,true,33,2.242
Pakenham,1200,7-9,dry,1-3m,44,2.273
Pakenham,1200,7-9,dry,4-6m,53,2.189
Pakenham,1200,7-9,dry,7-9m,62,2.145
Pakenham,1200,7-9,dry,true,65,2.508
Pakenham,1200,7-9,heavy,1-3m,5,1.8
Pakenham,1200,7-9,heavy,true,14,4.429
Pakenham,1200,7-9,soft,1-3m,12,2.083
Pakenham,1200,7-9,soft,4-6m,32,3.781
Pakenham,1200,7-9,soft,7-9m,18,3.389
Pakenham,1200,7-9,soft,true,24,3.0
Pakenham,1400,1-3,dry,1-3m,63,2.762
Pakenham,1400,1-3,dry,4-6m,78,2.846
Pakenham,1400,1-3,dry,7-9m,81,2.679
Pakenham,1400,1-3,dry,true,110,1.364
Pakenham,1400,1-3,heavy,1-3m,6,5.333
Pakenham,1400,1-3,heavy,4-6m,12,2.5
Pakenham,1400,1-3,heavy,true,21,2.238
Pakenham,1400,1-3,soft,1-3m,27,3.259
Pakenham,1400,1-3,soft,4-6m,48,2.458
Pakenham,1400,1-3,soft,7-9m,33,3.394
Pakenham,1400,1-3,soft,true,21,2.381
Pakenham,1400,10-12,dry,1-3m,21,5.476
Pakenham,1400,10-12,dry,4-6m,23,4.478
Pakenham,1400,10-12,dry,7-9m,36,4.083
Pakenham,1400,10-12,dry,true,44,3.25
Pakenham,1400,10-12,heavy,4-6m,1,6.0
Pakenham,1400,10-12,heavy,true,2,2.5
Pakenham,1400,10-12,soft,1-3m,7,4.0
Pakenham,1400,10-12,soft,4-6m,12,5.75
Pakenham,1400,10-12,soft,7-9m,9,7.556
Pakenham,1400,10-12,soft,true,11,3.545
Pakenham,1400,13+,dry,1-3m,2,2.5
Pakenham,1400,13+,dry,7-9m,2,5.5
Pakenham,1400,13+,dry,true,1,0.0
Pakenham,1400,4-6,dry,1-3m,63,4.413
Pakenham,1400,4-6,dry,4-6m,76,3.263
Pakenham,1400,4-6,dry,7-9m,79,3.57
Pakenham,1400,4-6,dry,true,111,2.189
Pakenham,1400,4-6,heavy,1-3m,6,9.0
Pakenham,1400,4-6,heavy,4-6m,12,3.333
Pakenham,1400,4-6,heavy,true,21,1.81
Pakenham,1400,4-6,soft,1-3m,26,3.962
Pakenham,1400,4-6,soft,4-6m,48,3.521
Pakenham,1400,4-6,soft,7-9m,33,5.303
Pakenham,1400,4-6,soft,true,21,2.952
Pakenham,1400,7-9,dry,1-3m,49,5.163
Pakenham,1400,7-9,dry,4-6m,63,4.032
Pakenham,1400,7-9,dry,7-9m,75,4.093
Pakenham,1400,7-9,dry,true,102,2.892
Pakenham,1400,7-9,heavy,1-3m,3,14.333
Pakenham,1400,7-9,heavy,4-6m,7,4.143
Pakenham,1400,7-9,heavy,true,16,3.438
Pakenham,1400,7-9,soft,1-3m,19,3.842
Pakenham,1400,7-9,soft,4-6m,39,3.385
Pakenham,1400,7-9,soft,7-9m,26,5.115
Pakenham,1400,7-9,soft,true,18,3.444
Pakenham,1600,1-3,dry,1-3m,35,2.6
Pakenham,1600,1-3,dry,4-6m,54,2.222
Pakenham,1600,1-3,dry,7-9m,67,2.761
Pakenham,1600,1-3,dry,true,47,1.894
Pakenham,1600,1-3,heavy,1-3m,9,5.222
Pakenham,1600,1-3,heavy,4-6m,3,1.667
Pakenham,1600,1-3,heavy,true,3,3.0
Pakenham,1600,1-3,soft,1-3m,18,2.444
Pakenham,1600,1-3,soft,4-6m,39,2.41
Pakenham,1600,1-3,soft,7-9m,18,3.167
Pakenham,1600,1-3,soft,true,24,1.708
Pakenham,1600,10-12,dry,1-3m,19,4.842
Pakenham,1600,10-12,dry,4-6m,17,4.706
Pakenham,1600,10-12,dry,7-9m,24,7.208
Pakenham,1600,10-12,dry,true,15,4.533
Pakenham,1600,10-12,soft,1-3m,1,5.0
Pakenham,1600,10-12,soft,4-6m,9,3.556
Pakenham,1600,10-12,soft,7-9m,4,3.25
Pakenham,1600,10-12,soft,true,7,2.714
Pakenham,1600,4-6,dry,1-3m,35,4.343
Pakenham,1600,4-6,dry,4-6m,54,3.148
Pakenham,1600,4-6,dry,7-9m,69,3.971
Pakenham,1600,4-6,dry,true,48,2.333
Pakenham,1600,4-6,heavy,1-3m,9,7.222
Pakenham,1600,4-6,heavy,4-6m,3,1.0
Pakenham,1600,4-6,heavy,true,3,3.667
Pakenham,1600,4-6,soft,1-3m,18,4.333
Pakenham,1600,4-6,soft,4-6m,39,3.077
Pakenham,1600,4-6,soft,7-9m,18,4.333
Pakenham,1600,4-6,soft,true,24,1.25
Pakenham,1600,7-9,dry,1-3m,34,5.176
Pakenham,1600,7-9,dry,4-6m,48,5.083
Pakenham,1600,7-9,dry,7-9m,59,4.085
Pakenham,1600,7-9,dry,true,36,2.944
Pakenham,1600,7-9,heavy,4-6m,1,2.0
Pakenham,1600,7-9,heavy,true,3,2.333
Pakenham,1600,7-9,soft,1-3m,13,4.385
Pakenham,1600,7-9,soft,4-6m,32,5.062
Pakenham,1600,7-9,soft,7-9m,15,4.8
Pakenham,1600,7-9,soft,true,16,1.188
Pakenham,2000,1-3,dry,1-3m,12,4.083
Pakenham,2000,1-3,dry,4-6m,15,3.933
Pakenham,2000,1-3,dry,7-9m,15,9.933
Pakenham,2000,1-3,dry,true,27,3.296
Pakenham,2000,1-3,heavy,1-3m,3,0.667
Pakenham,2000,1-3,heavy,4-6m,9,3.222
Pakenham,2000,1-3,heavy,true,3,4.333
Pakenham,2000,1-3,soft,1-3m,3,4.333
Pakenham,2000,1-3,soft,4-6m,12,2.333
Pakenham,2000,1-3,soft,7-9m,9,2.667
Pakenham,2000,1-3,soft,true,6,1.833
Pakenham,2000,10-12,dry,1-3m,3,6.0
Pakenham,2000,10-12,dry,4-6m,12,7.833
Pakenham,2000,10-12,dry,7-9m,9,18.222
Pakenham,2000,10-12,dry,true,19,6.789
Pakenham,2000,10-12,heavy,4-6m,5,5.4
Pakenham,2000,10-12,heavy,true,1,8.0
Pakenham,2000,10-12,soft,1-3m,3,7.333
Pakenham,2000,10-12,soft,4-6m,7,5.143
Pakenham,2000,10-12,soft,7-9m,6,6.333
Pakenham,2000,10-12,soft,true,3,7.333
Pakenham,2000,13+,dry,1-3m,1,7.0
Pakenham,2000,4-6,dry,1-3m,12,4.25
Pakenham,2000,4-6,dry,4-6m,15,5.8
Pakenham,2000,4-6,dry,7-9m,15,11.0
Pakenham,2000,4-6,dry,true,26,4.5
Pakenham,2000,4-6,heavy,1-3m,3,4.333
Pakenham,2000,4-6,heavy,4-6m,8,5.875
Pakenham,2000,4-6,heavy,true,3,4.333
Pakenham,2000,4-6,soft,1-3m,3,2.0
Pakenham,2000,4-6,soft,4-6m,12,3.917
Pakenham,2000,4-6,soft,7-9m,9,2.111
Pakenham,2000,4-6,soft,true,6,5.0
Pakenham,2000,7-9,dry,1-3m,9,6.556
Pakenham,2000,7-9,dry,4-6m,15,7.133
Pakenham,2000,7-9,dry,7-9m,13,12.462
Pakenham,2000,7-9,dry,true,27,6.037
Pakenham,2000,7-9,heavy,1-3m,2,7.5
Pakenham,2000,7-9,heavy,4-6m,9,5.889
Pakenham,2000,7-9,heavy,true,3,6.333
Pakenham,2000,7-9,soft,1-3m,3,3.333
Pakenham,2000,7-9,soft,4-6m,12,3.667
Pakenham,2000,7-9,soft,7-9m,6,5.333
Pakenham,2000,7-9,soft,true,5,4.8
Pakenham,2500,1-3,dry,1-3m,14,8.5
Pakenham,2500,1-3,dry,4-6m,21,7.667
Pakenham,2500,1-3,dry,true,15,10.467
Pakenham,2500,1-3,soft,1-3m,3,7.333
Pakenham,2500,1-3,soft,4-6m,6,5.667
Pakenham,2500,1-3,soft,true,3,8.333
Pakenham,2500,10-12,dry,1-3m,5,10.6
Pakenham,2500,10-12,dry,4-6m,4,16.0
Pakenham,2500,10-12,dry,true,10,17.1
Pakenham,2500,10-12,soft,1-3m,1,6.0
Pakenham,2500,10-12,soft,4-6m,3,15.667
Pakenham,2500,10-12,soft,true,3,13.667
Pakenham,2500,13+,dry,1-3m,4,11.0
Pakenham,2500,4-6,dry,1-3m,14,10.571
Pakenham,2500,4-6,dry,4-6m,21,7.905
Pakenham,2500,4-6,dry,true,15,11.6
Pakenham,2500,4-6,soft,1-3m,3,11.333
Pakenham,2500,4-6,soft,4-6m,6,13.667
Pakenham,2500,4-6,soft,true,3,6.333
Pakenham,2500,7-9,dry,1-3m,8,10.875
Pakenham,2500,7-9,dry,4-6m,12,12.75
Pakenham,2500,7-9,dry,true,13,14.692
Pakenham,2500,7-9,soft,1-3m,3,14.0
Pakenham,2500,7-9,soft,4-6m,6,12.833
Pakenham,2500,7-9,soft,true,3,16.333
Pakenham,2600,1-3,dry,7-9m,21,10.286
Pakenham,2600,10-12,dry,7-9m,2,12.5
Pakenham,2600,4-6,dry,7-9m,21,10.714
Pakenham,2600,7-9,dry,7-9m,16,11.062
Rockhampton,1000,1-3,dry,1-3m,9,2.333
Rockhampton,1000,1-3,dry,4-6m,57,2.825
Rockhampton,1000,1-3,heavy,4-6m,3,3.0
Rockhampton,1000,1-3,heavy,7-9m,6,2.0
Rockhampton,1000,1-3,soft,1-3m,9,2.556
Rockhampton,1000,1-3,soft,4-6m,119,1.95
Rockhampton,1000,1-3,soft,7-9m,30,3.333
Rockhampton,1000,1-3,soft,true,3,3.333
Rockhampton,1000,10-12,dry,1-3m,1,5.0
Rockhampton,1000,10-12,dry,4-6m,9,7.556
Rockhampton,1000,10-12,soft,1-3m,3,10.333
Rockhampton,1000,10-12,soft,4-6m,19,6.842
Rockhampton,1000,10-12,soft,7-9m,2,7.0
Rockhampton,1000,10-12,soft,true,2,8.5
Rockhampton,1000,4-6,dry,1-3m,9,4.0
Rockhampton,1000,4-6,dry,4-6m,56,3.536
Rockhampton,1000,4-6,heavy,4-6m,3,4.667
Rockhampton,1000,4-6,heavy,7-9m,5,4.4
Rockhampton,1000,4-6,soft,1-3m,9,3.444
Rockhampton,1000,4-6,soft,4-6m,118,3.746
Rockhampton,1000,4-6,soft,7-9m,28,3.929
Rockhampton,1000,4-6,soft,true,3,5.667
Rockhampton,1000,7-9,dry,1-3m,6,3.5
Rockhampton,1000,7-9,dry,4-6m,33,6.485
Rockhampton,1000,7-9,heavy,4-6m,1,4.0
Rockhampton,1000,7-9,heavy,7-9m,1,8.0
Rockhampton,1000,7-9,soft,1-3m,6,4.5
Rockhampton,1000,7-9,soft,4-6m,67,5.806
Rockhampton,1000,7-9,soft,7-9m,20,8.2
Rockhampton,1000,7-9,soft,true,3,6.667
Rockhampton,1100,1-3,dry,1-3m,18,3.889
Rockhampton,1100,1-3,dry,4-6m,42,2.095
Rockhampton,1100,1-3,dry,7-9m,6,2.0
Rockhampton,1100,1-3,dry,true,6,3.667
Rockhampton,1100,1-3,heavy,4-6m,9,1.556
Rockhampton,1100,1-3,heavy,true,3,2.333
Rockhampton,1100,1-3,soft,1-3m,6,2.0
Rockhampton,1100,1-3,soft,4-6m,107,2.037
Rockhampton,1100,1-3,soft,7-9m,24,2.0
Rockhampton,1100,1-3,soft,true,3,1.333
Rockhampton,1100,10-12,dry,1-3m,1,6.0
Rockhampton,1100,10-12,dry,4-6m,12,5.167
Rockhampton,1100,10-12,heavy,4-6m,3,6.0
Rockhampton,1100,10-12,heavy,true,1,10.0
Rockhampton,1100,10-12,soft,1-3m,1,3.0
Rockhampton,1100,10-12,soft,4-6m,22,6.182
Rockhampton,1100,10-12,soft,7-9m,2,5.5
Rockhampton,1100,10-12,soft,true,3,11.0
Rockhampton,1100,13+,dry,4-6m,1,4.0
Rockhampton,1100,13+,heavy,4-6m,2,10.5
Rockhampton,1100,13+,soft,4-6m,3,8.667
Rockhampton,1100,4-6,dry,1-3m,15,4.8
Rockhampton,1100,4-6,dry,4-6m,41,3.341
Rockhampton,1100,4-6,dry,7-9m,6,2.333
Rockhampton,1100,4-6,dry,true,6,2.667
Rockhampton,1100,4-6,heavy,4-6m,9,4.111
Rockhampton,1100,4-6,heavy,true,3,8.667
Rockhampton,1100,4-6,soft,1-3m,5,5.4
Rockhampton,1100,4-6,soft,4-6m,106,3.802
Rockhampton,1100,4-6,soft,7-9m,21,2.667
Rockhampton,1100,4-6,soft,true,3,3.0
Rockhampton,1100,7-9,dry,1-3m,4,5.0
Rockhampton,1100,7-9,dry,4-6m,33,4.758
Rockhampton,1100,7-9,dry,7-9m,3,3.667
Rockhampton,1100,7-9,dry,true,5,5.4
Rockhampton,1100,7-9,heavy,4-6m,6,6.167
Rockhampton,1100,7-9,heavy,true,3,8.0
Rockhampton,1100,7-9,soft,1-3m,3,5.333
Rockhampton,1100,7-9,soft,4-6m,64,5.719
Rockhampton,1100,7-9,soft,7-9m,9,4.222
Rockhampton,1100,7-9,soft,true,3,8.0
Rockhampton,1200,1-3,dry,1-3m,12,4.417
Rockhampton,1200,1-3,dry,4-6m,54,1.407
Rockhampton,1200,1-3,dry,true,6,-0.667
Rockhampton,1200,1-3,heavy,1-3m,3,1.0
Rockhampton,1200,1-3,heavy,4-6m,18,1.333
Rockhampton,1200,1-3,soft,1-3m,26,1.346
Rockhampton,1200,1-3,soft,4-6m,172,1.884
Rockhampton,1200,1-3,soft,7-9m,34,6.235
Rockhampton,1200,10-12,dry,1-3m,2,8.0
Rockhampton,1200,10-12,dry,4-6m,12,3.833
Rockhampton,1200,10-12,heavy,4-6m,3,8.0
Rockhampton,1200,10-12,soft,1-3m,8,7.625
Rockhampton,1200,10-12,soft,4-6m,59,6.203
Rockhampton,1200,10-12,soft,7-9m,3,2.667
Rockhampton,1200,13+,soft,1-3m,2,6.5
Rockhampton,1200,13+,soft,4-6m,5,7.6
Rockhampton,1200,4-6,dry,1-3m,12,4.0
Rockhampton,1200,4-6,dry,4-6m,52,3.038
Rockhampton,1200,4-6,dry,true,6,4.0
Rockhampton,1200,4-6,heavy,1-3m,3,1.0
Rockhampton,1200,4-6,heavy,4-6m,16,2.562
Rockhampton,1200,4-6,soft,1-3m,25,3.6
Rockhampton,1200,4-6,soft,4-6m,170,3.559
Rockhampton,1200,4-6,soft,7-9m,36,7.5
Rockhampton,1200,7-9,dry,1-3m,8,5.5
Rockhampton,1200,7-9,dry,4-6m,37,3.622
Rockhampton,1200,7-9,dry,true,2,1.5
Rockhampton,1200,7-9,heavy,1-3m,1,0.0
Rockhampton,1200,7-9,heavy,4-6m,9,5.333
Rockhampton,1200,7-9,soft,1-3m,17,3.353
Rockhampton,1200,7-9,soft,4-6m,112,4.134
Rockhampton,1200,7-9,soft,7-9m,16,7.5
Rockhampton,1300,1-3,dry,1-3m,15,2.867
Rockhampton,1300,1-3,dry,4-6m,36,1.75
Rockhampton,1300,1-3,dry,7-9m,6,0.167
Rockhampton,1300,1-3,heavy,4-6m,3,3.667
Rockhampton,1300,1-3,heavy,true,3,3.0
Rockhampton,1300,1-3,soft,1-3m,3,2.333
Rockhampton,1300,1-3,soft,4-6m,108,2.657
Rockhampton,1300,1-3,soft,7-9m,15,5.733
Rockhampton,1300,10-12,dry,1-3m,7,5.143
Rockhampton,1300,10-12,dry,4-6m,16,5.812
Rockhampton,1300,10-12,soft,4-6m,44,6.318
Rockhampton,1300,10-12,soft,7-9m,4,7.0
Rockhampton,1300,13+,dry,1-3m,1,7.0
Rockhampton,1300,13+,dry,4-6m,1,8.0
Rockhampton,1300,13+,soft,4-6m,12,6.75
Rockhampton,1300,4-6,dry,1-3m,15,4.4
Rockhampton,1300,4-6,dry,4-6m,34,4.441
Rockhampton,1300,4-6,dry,7-9m,5,3.0
Rockhampton,1300,4-6,heavy,4-6m,3,5.333
Rockhampton,1300,4-6,heavy,true,3,7.667
Rockhampton,1300,4-6,soft,1-3m,3,2.667
Rockhampton,1300,4-6,soft,4-6m,105,3.952
Rockhampton,1300,4-6,soft,7-9m,15,7.267
Rockhampton,1300,7-9,dry,1-3m,13,4.692
Rockhampton,1300,7-9,dry,4-6m,29,3.69
Rockhampton,1300,7-9,dry,7-9m,5,2.6
Rockhampton,1300,7-9,heavy,4-6m,1,0.0
Rockhampton,1300,7-9,heavy,true,3,8.0
Rockhampton,1300,7-9,soft,1-3m,3,1.667
Rockhampton,1300,7-9,soft,4-6m,81,5.444
Rockhampton,1300,7-9,soft,7-9m,12,10.417
Rockhampton,1400,1-3,dry,1-3m,6,3.667
Rockhampton,1400,1-3,dry,4-6m,47,3.489
Rockhampton,1400,1-3,dry,7-9m,6,-1.0
Rockhampton,1400,1-3,dry,true,3,3.0
Rockhampton,1400,1-3,heavy,4-6m,6,2.0
Rockhampton,1400,1-3,heavy,7-9m,3,0.667
Rockhampton,1400,1-3,soft,1-3m,12,0.167
Rockhampton,1400,1-3,soft,4-6m,108,2.194
Rockhampton,1400,1-3,soft,7-9m,39,1.872
Rockhampton,1400,10-12,dry,4-6m,13,4.231
Rockhampton,1400,10-12,heavy,4-6m,1,3.0
Rockhampton,1400,10-12,soft,1-3m,2,5.0
Rockhampton,1400,10-12,soft,4-6m,23,6.304
Rockhampton,1400,10-12,soft,7-9m,10,5.1
Rockhampton,1400,13+,dry,4-6m,1,4.0
Rockhampton,1400,13+,soft,4-6m,4,8.25
Rockhampton,1400,13+,soft,7-9m,1,9.0
Rockhampton,1400,4-6,dry,1-3m,6,4.167
Rockhampton,1400,4-6,dry,4-6m,48,4.0
Rockhampton,1400,4-6,dry,7-9m,6,0.5
Rockhampton,1400,4-6,dry,true,3,4.0
Rockhampton,1400,4-6,heavy,4-6m,6,5.333
Rockhampton,1400,4-6,heavy,7-9m,4,1.0
Rockhampton,1400,4-6,soft,1-3m,12,3.167
Rockhampton,1400,4-6,soft,4-6m,102,3.216
Rockhampton,1400,4-6,soft,7-9m,38,4.421
Rockhampton,1400,7-9,dry,1-3m,2,5.0
Rockhampton,1400,7-9,dry,4-6m,40,3.4
Rockhampton,1400,7-9,dry,7-9m,4,2.0
Rockhampton,1400,7-9,heavy,4-6m,5,4.0
Rockhampton,1400,7-9,heavy,7-9m,2,4.0
Rockhampton,1400,7-9,soft,1-3m,7,3.857
Rockhampton,1400,7-9,soft,4-6m,71,4.38
Rockhampton,1400,7-9,soft,7-9m,28,3.571
Rockhampton,1500,1-3,dry,1-3m,3,5.333
Rockhampton,1500,1-3,dry,4-6m,3,4.0
Rockhampton,1500,1-3,heavy,4-6m,3,3.0
Rockhampton,1500,1-3,heavy,7-9m,3,2.0
Rockhampton,1500,1-3,heavy,true,3,3.333
Rockhampton,1500,1-3,soft,1-3m,6,2.5
Rockhampton,1500,1-3,soft,4-6m,36,2.694
Rockhampton,1500,1-3,soft,7-9m,12,8.083
Rockhampton,1500,10-12,dry,1-3m,2,2.5
Rockhampton,1500,10-12,dry,4-6m,3,7.333
Rockhampton,1500,10-12,soft,4-6m,11,4.727
Rockhampton,1500,10-12,soft,7-9m,3,5.0
Rockhampton,1500,13+,soft,4-6m,3,10.333
Rockhampton,1500,13+,soft,7-9m,1,8.0
Rockhampton,1500,4-6,dry,1-3m,3,3.333
Rockhampton,1500,4-6,dry,4-6m,3,9.333
Rockhampton,1500,4-6,heavy,4-6m,3,4.333
Rockhampton,1500,4-6,heavy,7-9m,3,2.667
Rockhampton,1500,4-6,heavy,true,3,3.667
Rockhampton,1500,4-6,soft,1-3m,6,1.833
Rockhampton,1500,4-6,soft,4-6m,35,4.543
Rockhampton,1500,4-6,soft,7-9m,11,9.0
Rockhampton,1500,7-9,dry,1-3m,3,3.333
Rockhampton,1500,7-9,dry,4-6m,3,6.0
Rockhampton,1500,7-9,heavy,4-6m,3,6.333
Rockhampton,1500,7-9,heavy,7-9m,3,3.333
Rockhampton,1500,7-9,heavy,true,3,9.0
Rockhampton,1500,7-9,soft,1-3m,4,1.0
Rockhampton,1500,7-9,soft,4-6m,29,5.345
Rockhampton,1500,7-9,soft,7-9m,3,4.667
Rockhampton,1600,1-3,dry,1-3m,3,3.667
Rockhampton,1600,1-3,dry,4-6m,21,2.857
Rockhampton,1600,1-3,dry,7-9m,3,3.667
Rockhampton,1600,1-3,heavy,4-6m,6,2.0
Rockhampton,1600,1-3,heavy,7-9m,3,13.667
Rockhampton,1600,1-3,heavy,true,3,2.667
Rockhampton,1600,1-3,soft,1-3m,12,0.917
Rockhampton,1600,1-3,soft,4-6m,82,2.793
Rockhampton,1600,1-3,soft,7-9m,18,5.278
Rockhampton,1600,10-12,dry,4-6m,3,5.0
Rockhampton,1600,10-12,soft,1-3m,3,3.333
Rockhampton,1600,10-12,soft,4-6m,25,5.76
Rockhampton,1600,10-12,soft,7-9m,5,5.8
Rockhampton,1600,13+,dry,4-6m,1,8.0
Rockhampton,1600,13+,soft,1-3m,1,6.0
Rockhampton,1600,13+,soft,4-6m,14,5.214
Rockhampton,1600,4-6,dry,1-3m,3,2.0
Rockhampton,1600,4-6,dry,4-6m,21,4.238
Rockhampton,1600,4-6,dry,7-9m,3,2.667
Rockhampton,1600,4-6,heavy,4-6m,5,5.6
Rockhampton,1600,4-6,heavy,7-9m,3,10.0
Rockhampton,1600,4-6,heavy,true,3,4.333
Rockhampton,1600,4-6,soft,1-3m,12,3.083
Rockhampton,1600,4-6,soft,4-6m,81,4.259
Rockhampton,1600,4-6,soft,7-9m,18,8.333
Rockhampton,1600,7-9,dry,1-3m,2,2.5
Rockhampton,1600,7-9,dry,4-6m,10,4.6
Rockhampton,1600,7-9,heavy,4-6m,1,1.0
Rockhampton,1600,7-9,heavy,true,1,0.0
Rockhampton,1600,7-9,soft,1-3m,7,4.286
Rockhampton,1600,7-9,soft,4-6m,59,4.78
Rockhampton,1600,7-9,soft,7-9m,9,10.0
Rockhampton,1800,1-3,dry,4-6m,5,-1.6
Rockhampton,1800,1-3,heavy,4-6m,3,-0.333
Rockhampton,1800,1-3,soft,1-3m,3,3.333
Rockhampton,1800,1-3,soft,4-6m,7,1.0
Rockhampton,1800,10-12,dry,4-6m,1,6.0
Rockhampton,1800,10-12,soft,4-6m,2,-1.5
Rockhampton,1800,4-6,dry,4-6m,6,2.833
Rockhampton,1800,4-6,heavy,4-6m,3,1.667
Rockhampton,1800,4-6,soft,1-3m,3,5.0
Rockhampton,1800,4-6,soft,4-6m,8,3.0
Rockhampton,1800,7-9,dry,4-6m,5,4.2
Rockhampton,1800,7-9,soft,4-6m,8,4.625
Rockhampton,2200,1-3,soft,4-6m,3,2.333
Rockhampton,2200,4-6,soft,4-6m,4,2.75
Rockhampton,2200,7-9,soft,4-6m,5,1.4
Sandown-Hillside,1000,1-3,dry,1-3m,17,1.765
Sandown-Hillside,1000,1-3,dry,10m+,62,1.0
Sandown-Hillside,1000,1-3,dry,4-6m,45,1.333
Sandown-Hillside,1000,1-3,dry,7-9m,36,2.861
Sandown-Hillside,1000,1-3,dry,true,72,1.278
Sandown-Hillside,1000,1-3,heavy,10m+,21,1.333
Sandown-Hillside,1000,1-3,heavy,4-6m,21,2.0
Sandown-Hillside,1000,1-3,heavy,7-9m,9,1.444
Sandown-Hillside,1000,1-3,heavy,true,3,3.0
Sandown-Hillside,1000,1-3,soft,1-3m,18,1.944
Sandown-Hillside,1000,1-3,soft,10m+,30,4.933
Sandown-Hillside,1000,1-3,soft,4-6m,47,1.574
Sandown-Hillside,1000,1-3,soft,7-9m,60,1.733
Sandown-Hillside,1000,1-3,soft,true,42,1.929
Sandown-Hillside,1000,10-12,dry,1-3m,1,3.0
Sandown-Hillside,1000,10-12,dry,10m+,23,3.478
Sandown-Hillside,1000,10-12,dry,4-6m,6,3.333
Sandown-Hillside,1000,10-12,dry,7-9m,9,6.667
Sandown-Hillside,1000,10-12,dry,true,15,4.133
Sandown-Hillside,1000,10-12,heavy,10m+,6,4.5
Sandown-Hillside,1000,10-12,heavy,4-6m,6,4.667
Sandown-Hillside,1000,10-12,heavy,7-9m,1,4.0
Sandown-Hillside,1000,10-12,soft,1-3m,1,3.0
Sandown-Hillside,1000,10-12,soft,10m+,8,3.5
Sandown-Hillside,1000,10-12,soft,4-6m,18,4.778
Sandown-Hillside,1000,10-12,soft,7-9m,10,3.7
Sandown-Hillside,1000,10-12,soft,true,20,5.0
Sandown-Hillside,1000,13+,dry,10m+,6,4.167
Sandown-Hillside,1000,13+,dry,4-6m,2,3.0
Sandown-Hillside,1000,13+,dry,true,1,6.0
Sandown-Hillside,1000,13+,heavy,10m+,2,4.5
Sandown-Hillside,1000,13+,soft,10m+,2,6.0
Sandown-Hillside,1000,13+,soft,4-6m,3,4.667
Sandown-Hillside,1000,13+,soft,true,5,4.6
Sandown-Hillside,1000,4-6,dry,1-3m,18,2.611
Sandown-Hillside,1000,4-6,dry,10m+,63,1.889
Sandown-Hillside,1000,4-6,dry,4-6m,44,2.386
Sandown-Hillside,1000,4-6,dry,7-9m,34,3.676
Sandown-Hillside,1000,4-6,dry,true,69,2.116
Sandown-Hillside,1000,4-6,heavy,10m+,21,3.476
Sandown-Hillside,1000,4-6,heavy,4-6m,21,2.857
Sandown-Hillside,1000,4-6,heavy,7-9m,9,2.222
Sandown-Hillside,1000,4-6,heavy,true,3,3.0
Sandown-Hillside,1000,4-6,soft,1-3m,18,2.222
Sandown-Hillside,1000,4-6,soft,10m+,29,5.966
Sandown-Hillside,1000,4-6,soft,4-6m,47,2.255
Sandown-Hillside,1000,4-6,soft,7-9m,60,2.45
Sandown-Hillside,1000,4-6,soft,true,42,2.738
Sandown-Hillside,1000,7-9,dry,1-3m,6,3.333
Sandown-Hillside,1000,7-9,dry,10m+,51,2.804
Sandown-Hillside,1000,7-9,dry,4-6m,17,2.353
Sandown-Hillside,1000,7-9,dry,7-9m,30,5.067
Sandown-Hillside,1000,7-9,dry,true,50,2.62
Sandown-Hillside,1000,7-9,heavy,10m+,15,4.6
Sandown-Hillside,1000,7-9,heavy,4-6m,19,3.579
Sandown-Hillside,1000,7-9,heavy,7-9m,6,3.0
Sandown-Hillside,1000,7-9,heavy,true,1,4.0
Sandown-Hillside,1000,7-9,soft,1-3m,13,3.077
Sandown-Hillside,1000,7-9,soft,10m+,21,3.905
Sandown-Hillside,1000,7-9,soft,4-6m,37,3.324
Sandown-Hillside,1000,7-9,soft,7-9m,42,3.762
Sandown-Hillside,1000,7-9,soft,true,36,3.306
Sandown-Hillside,1100,1-3,dry,1-3m,3,2.333
Sandown-Hillside,1100,1-3,dry,10m+,12,1.25
Sandown-Hillside,1100,1-3,dry,4-6m,3,1.667
Sandown-Hillside,1100,10-12,dry,10m+,11,1.636
Sandown-Hillside,1100,13+,dry,10m+,4,2.25
Sandown-Hillside,1100,4-6,dry,1-3m,3,2.0
Sandown-Hillside,1100,4-6,dry,10m+,10,1.6
Sandown-Hillside,1100,4-6,dry,4-6m,3,1.667
Sandown-Hillside,1100,7-9,dry,1-3m,3,3.333
Sandown-Hillside,1100,7-9,dry,10m+,12,1.583
Sandown-Hillside,1100,7-9,dry,4-6m,2,2.5
Sandown-Hillside,1200,1-3,heavy,4-6m,3,2.667
Sandown-Hillside,1200,1-3,heavy,7-9m,3,4.667
Sandown-Hillside,1200,1-3,soft,10m+,3,3.667
Sandown-Hillside,1200,1-3,soft,4-6m,3,3.667
Sandown-Hillside,1200,1-3,soft,7-9m,6,3.0
Sandown-Hillside,1200,10-12,soft,10m+,1,7.0
Sandown-Hillside,1200,10-12,soft,4-6m,3,10.0
Sandown-Hillside,1200,10-12,soft,7-9m,1,8.0
Sandown-Hillside,1200,4-6,heavy,4-6m,3,3.0
Sandown-Hillside,1200,4-6,heavy,7-9m,3,4.333
Sandown-Hillside,1200,4-6,soft,10m+,3,3.667
Sandown-Hillside,1200,4-6,soft,4-6m,3,4.667
Sandown-Hillside,1200,4-6,soft,7-9m,6,3.0
Sandown-Hillside,1200,7-9,heavy,4-6m,2,5.0
Sandown-Hillside,1200,7-9,heavy,7-9m,3,5.0
Sandown-Hillside,1200,7-9,soft,10m+,3,6.333
Sandown-Hillside,1200,7-9,soft,4-6m,3,7.667
Sandown-Hillside,1200,7-9,soft,7-9m,4,6.0
Sandown-Hillside,1300,1-3,dry,1-3m,30,1.667
Sandown-Hillside,1300,1-3,dry,10m+,93,1.602
Sandown-Hillside,1300,1-3,dry,4-6m,36,2.194
Sandown-Hillside,1300,1-3,dry,7-9m,44,3.091
Sandown-Hillside,1300,1-3,dry,true,77,2.675
Sandown-Hillside,1300,1-3,heavy,10m+,13,2.0
Sandown-Hillside,1300,1-3,heavy,4-6m,12,3.25
Sandown-Hillside,1300,1-3,heavy,7-9m,6,1.833
Sandown-Hillside,1300,1-3,heavy,true,6,-1.0
Sandown-Hillside,1300,1-3,soft,1-3m,21,4.0
Sandown-Hillside,1300,1-3,soft,10m+,45,1.822
Sandown-Hillside,1300,1-3,soft,4-6m,45,2.867
Sandown-Hillside,1300,1-3,soft,7-9m,39,3.077
Sandown-Hillside,1300,1-3,soft,true,23,1.913
Sandown-Hillside,1300,10-12,dry,1-3m,11,5.091
Sandown-Hillside,1300,10-12,dry,10m+,43,6.279
Sandown-Hillside,1300,10-12,dry,4-6m,10,4.3
Sandown-Hillside,1300,10-12,dry,7-9m,12,8.0
Sandown-Hillside,1300,10-12,dry,true,33,6.939
Sandown-Hillside,1300,10-12,heavy,10m+,7,9.0
Sandown-Hillside,1300,10-12,heavy,7-9m,2,7.5
Sandown-Hillside,1300,10-12,heavy,true,1,8.0
Sandown-Hillside,1300,10-12,soft,1-3m,9,6.889
Sandown-Hillside,1300,10-12,soft,10m+,17,4.941
Sandown-Hillside,1300,10-12,soft,4-6m,16,6.5
Sandown-Hillside,1300,10-12,soft,7-9m,15,6.267
Sandown-Hillside,1300,10-12,soft,true,10,7.5
Sandown-Hillside,1300,13+,dry,1-3m,3,6.667
Sandown-Hillside,1300,13+,dry,10m+,4,7.75
Sandown-Hillside,1300,13+,dry,7-9m,5,8.6
Sandown-Hillside,1300,13+,dry,true,3,2.667
Sandown-Hillside,1300,13+,soft,1-3m,2,13.0
Sandown-Hillside,1300,13+,soft,10m+,2,1.5
Sandown-Hillside,1300,13+,soft,4-6m,4,7.25
Sandown-Hillside,1300,13+,soft,7-9m,4,9.25
Sandown-Hillside,1300,13+,soft,true,6,4.833
Sandown-Hillside,1300,4-6,dry,1-3m,32,3.438
Sandown-Hillside,1300,4-6,dry,10m+,95,2.968
Sandown-Hillside,1300,4-6,dry,4-6m,35,4.686
Sandown-Hillside,1300,4-6,dry,7-9m,44,4.636
Sandown-Hillside,1300,4-6,dry,true,77,4.805
Sandown-Hillside,1300,4-6,heavy,10m+,14,4.071
Sandown-Hillside,1300,4-6,heavy,4-6m,10,3.5
Sandown-Hillside,1300,4-6,heavy,7-9m,6,2.333
Sandown-Hillside,1300,4-6,heavy,true,6,1.5
Sandown-Hillside,1300,4-6,soft,1-3m,21,5.19
Sandown-Hillside,1300,4-6,soft,10m+,45,3.311
Sandown-Hillside,1300,4-6,soft,4-6m,44,4.545
Sandown-Hillside,1300,4-6,soft,7-9m,38,5.158
Sandown-Hillside,1300,4-6,soft,true,23,4.87
Sandown-Hillside,1300,7-9,dry,1-3m,23,4.13
Sandown-Hillside,1300,7-9,dry,10m+,79,4.658
Sandown-Hillside,1300,7-9,dry,4-6m,32,4.719
Sandown-Hillside,1300,7-9,dry,7-9m,32,5.562
Sandown-Hillside,1300,7-9,dry,true,65,6.108
Sandown-Hillside,1300,7-9,heavy,10m+,12,9.333
Sandown-Hillside,1300,7-9,heavy,4-6m,8,3.875
Sandown-Hillside,1300,7-9,heavy,7-9m,6,5.833
Sandown-Hillside,1300,7-9,heavy,true,6,3.167
Sandown-Hillside,1300,7-9,soft,1-3m,17,5.353
Sandown-Hillside,1300,7-9,soft,10m+,36,3.889
Sandown-Hillside,1300,7-9,soft,4-6m,36,5.722
Sandown-Hillside,1300,7-9,soft,7-9m,29,5.759
Sandown-Hillside,1300,7-9,soft,true,21,4.714
Sandown-Hillside,1400,1-3,dry,1-3m,45,3.533
Sandown-Hillside,1400,1-3,dry,10m+,80,2.112
Sandown-Hillside,1400,1-3,dry,4-6m,35,2.571
Sandown-Hillside,1400,1-3,dry,7-9m,23,2.0
Sandown-Hillside,1400,1-3,dry,true,69,1.928
Sandown-Hillside,1400,1-3,heavy,10m+,15,3.267
Sandown-Hillside,1400,1-3,heavy,4-6m,27,3.889
Sandown-Hillside,1400,1-3,heavy,7-9m,3,14.0
Sandown-Hillside,1400,1-3,soft,1-3m,21,3.714
Sandown-Hillside,1400,1-3,soft,10m+,20,3.6
Sandown-Hillside,1400,1-3,soft,4-6m,50,3.38
Sandown-Hillside,1400,1-3,soft,7-9m,33,4.364
Sandown-Hillside,1400,1-3,soft,true,30,2.467
Sandown-Hillside,1400,10-12,dry,1-3m,12,6.333
Sandown-Hillside,1400,10-12,dry,10m+,29,4.172
Sandown-Hillside,1400,10-12,dry,4-6m,8,4.375
Sandown-Hillside,1400,10-12,dry,7-9m,12,5.333
Sandown-Hillside,1400,10-12,dry,true,34,5.618
Sandown-Hillside,1400,10-12,heavy,4-6m,7,8.429
Sandown-Hillside,1400,10-12,heavy,7-9m,3,21.667
Sandown-Hillside,1400,10-12,soft,1-3m,8,7.75
Sandown-Hillside,1400,10-12,soft,10m+,8,8.375
Sandown-Hillside,1400,10-12,soft,4-6m,20,8.05
Sandown-Hillside,1400,10-12,soft,7-9m,14,9.571
Sandown-Hillside,1400,10-12,soft,true,21,7.571
Sandown-Hillside,1400,13+,dry,1-3m,6,7.0
Sandown-Hillside,1400,13+,dry,10m+,4,4.0
Sandown-Hillside,1400,13+,dry,4-6m,1,1.0
Sandown-Hillside,1400,13+,dry,7-9m,3,3.0
Sandown-Hillside,1400,13+,dry,true,15,5.6
Sandown-Hillside,1400,13+,heavy,4-6m,2,11.5
Sandown-Hillside,1400,13+,soft,10m+,3,6.667
Sandown-Hillside,1400,13+,soft,4-6m,10,7.8
Sandown-Hillside,1400,13+,soft,7-9m,7,9.143
Sandown-Hillside,1400,13+,soft,true,13,7.385
Sandown-Hillside,1400,4-6,dry,1-3m,44,4.659
Sandown-Hillside,1400,4-6,dry,10m+,79,3.671
Sandown-Hillside,1400,4-6,dry,4-6m,34,3.441
Sandown-Hillside,1400,4-6,dry,7-9m,24,3.583
Sandown-Hillside,1400,4-6,dry,true,67,3.269
Sandown-Hillside,1400,4-6,heavy,10m+,15,8.6
Sandown-Hillside,1400,4-6,heavy,4-6m,27,5.926
Sandown-Hillside,1400,4-6,heavy,7-9m,3,12.667
Sandown-Hillside,1400,4-6,soft,1-3m,21,4.762
Sandown-Hillside,1400,4-6,soft,10m+,21,5.81
Sandown-Hillside,1400,4-6,soft,4-6m,49,5.755
Sandown-Hillside,1400,4-6,soft,7-9m,33,7.121
Sandown-Hillside,1400,4-6,soft,true,30,4.733
Sandown-Hillside,1400,7-9,dry,1-3m,34,6.441
Sandown-Hillside,1400,7-9,dry,10m+,64,4.094
Sandown-Hillside,1400,7-9,dry,4-6m,28,3.786
Sandown-Hillside,1400,7-9,dry,7-9m,23,5.565
Sandown-Hillside,1400,7-9,dry,true,60,3.717
Sandown-Hillside,1400,7-9,heavy,10m+,11,6.909
Sandown-Hillside,1400,7-9,heavy,4-6m,22,6.227
Sandown-Hillside,1400,7-9,heavy,7-9m,3,17.0
Sandown-Hillside,1400,7-9,soft,1-3m,14,5.286
Sandown-Hillside,1400,7-9,soft,10m+,16,5.812
Sandown-Hillside,1400,7-9,soft,4-6m,40,5.75
Sandown-Hillside,1400,7-9,soft,7-9m,27,8.741
Sandown-Hillside,1400,7-9,soft,true,30,6.133
Sandown-Hillside,1500,1-3,dry,1-3m,6,5.0
Sandown-Hillside,1500,1-3,dry,10m+,9,2.333
Sandown-Hillside,1500,1-3,dry,4-6m,24,3.833
Sandown-Hillside,1500,1-3,dry,7-9m,24,2.875
Sandown-Hillside,1500,1-3,dry,true,30,3.733
Sandown-Hillside,1500,1-3,heavy,10m+,6,2.667
Sandown-Hillside,1500,1-3,heavy,4-6m,3,5.667
Sandown-Hillside,1500,1-3,heavy,7-9m,3,4.0
Sandown-Hillside,1500,1-3,soft,10m+,21,2.095
Sandown-Hillside,1500,1-3,soft,4-6m,2,-0.5
Sandown-Hillside,1500,1-3,soft,7-9m,14,3.429
Sandown-Hillside,1500,1-3,soft,true,9,5.0
Sandown-Hillside,1500,10-12,dry,1-3m,3,7.0
Sandown-Hillside,1500,10-12,dry,10m+,1,3.0
Sandown-Hillside,1500,10-12,dry,4-6m,4,7.75
Sandown-Hillside,1500,10-12,dry,7-9m,19,5.947
Sandown-Hillside,1500,10-12,dry,true,10,8.3
Sandown-Hillside,1500,10-12,heavy,10m+,6,9.167
Sandown-Hillside,1500,10-12,heavy,7-9m,1,9.0
Sandown-Hillside,1500,10-12,soft,10m+,14,4.929
Sandown-Hillside,1500,10-12,soft,4-6m,1,3.0
Sandown-Hillside,1500,10-12,soft,7-9m,4,2.75
Sandown-Hillside,1500,10-12,soft,true,3,4.0
Sandown-Hillside,1500,13+,dry,4-6m,1,12.0
Sandown-Hillside,1500,13+,dry,7-9m,3,8.667
Sandown-Hillside,1500,13+,dry,true,1,8.0
Sandown-Hillside,1500,13+,heavy,10m+,5,9.6
Sandown-Hillside,1500,13+,soft,10m+,9,6.778
Sandown-Hillside,1500,4-6,dry,1-3m,6,5.167
Sandown-Hillside,1500,4-6,dry,10m+,9,3.667
Sandown-Hillside,1500,4-6,dry,4-6m,24,5.125
Sandown-Hillside,1500,4-6,dry,7-9m,24,3.792
Sandown-Hillside,1500,4-6,dry,true,30,5.4
Sandown-Hillside,1500,4-6,heavy,10m+,6,7.333
Sandown-Hillside,1500,4-6,heavy,4-6m,3,4.333
Sandown-Hillside,1500,4-6,heavy,7-9m,3,7.0
Sandown-Hillside,1500,4-6,soft,10m+,21,4.238
Sandown-Hillside,1500,4-6,soft,4-6m,3,1.333
Sandown-Hillside,1500,4-6,soft,7-9m,15,3.133
Sandown-Hillside,1500,4-6,soft,true,9,6.0
Sandown-Hillside,1500,7-9,dry,1-3m,6,6.333
Sandown-Hillside,1500,7-9,dry,10m+,7,4.286
Sandown-Hillside,1500,7-9,dry,4-6m,20,6.05
Sandown-Hillside,1500,7-9,dry,7-9m,24,5.5
Sandown-Hillside,1500,7-9,dry,true,22,6.136
Sandown-Hillside,1500,7-9,heavy,10m+,6,5.833
Sandown-Hillside,1500,7-9,heavy,7-9m,3,7.667
Sandown-Hillside,1500,7-9,soft,10m+,20,5.15
Sandown-Hillside,1500,7-9,soft,4-6m,3,2.0
Sandown-Hillside,1500,7-9,soft,7-9m,11,2.727
Sandown-Hillside,1500,7-9,soft,true,6,4.833
Sandown-Hillside,1600,1-3,dry,1-3m,15,4.133
Sandown-Hillside,1600,1-3,dry,10m+,41,2.171
Sandown-Hillside,1600,1-3,dry,4-6m,12,2.583
Sandown-Hillside,1600,1-3,dry,7-9m,18,3.778
Sandown-Hillside,1600,1-3,dry,true,32,3.812
Sandown-Hillside,1600,1-3,heavy,10m+,9,2.444
Sandown-Hillside,1600,1-3,heavy,4-6m,18,3.944
Sandown-Hillside,1600,1-3,heavy,7-9m,15,4.533
Sandown-Hillside,1600,1-3,soft,1-3m,6,3.833
Sandown-Hillside,1600,1-3,soft,10m+,24,12.958
Sandown-Hillside,1600,1-3,soft,4-6m,39,3.846
Sandown-Hillside,1600,1-3,soft,7-9m,21,4.19
Sandown-Hillside,1600,1-3,soft,true,30,3.8
Sandown-Hillside,1600,10-12,dry,1-3m,3,7.333
Sandown-Hillside,1600,10-12,dry,10m+,11,5.545
Sandown-Hillside,1600,10-12,dry,4-6m,11,6.636
Sandown-Hillside,1600,10-12,dry,7-9m,3,7.667
Sandown-Hillside,1600,10-12,dry,true,11,7.909
Sandown-Hillside,1600,10-12,heavy,4-6m,5,6.2
Sandown-Hillside,1600,10-12,heavy,7-9m,5,4.6
Sandown-Hillside,1600,10-12,soft,1-3m,5,6.6
Sandown-Hillside,1600,10-12,soft,10m+,8,16.0
Sandown-Hillside,1600,10-12,soft,4-6m,25,7.4
Sandown-Hillside,1600,10-12,soft,7-9m,12,9.167
Sandown-Hillside,1600,10-12,soft,true,17,9.235
Sandown-Hillside,1600,13+,dry,1-3m,4,9.0
Sandown-Hillside,1600,13+,dry,10m+,4,4.5
Sandown-Hillside,1600,13+,dry,4-6m,1,6.0
Sandown-Hillside,1600,13+,dry,7-9m,1,5.0
Sandown-Hillside,1600,13+,dry,true,2,6.0
Sandown-Hillside,1600,13+,heavy,7-9m,1,6.0
Sandown-Hillside,1600,13+,soft,1-3m,1,8.0
Sandown-Hillside,1600,13+,soft,10m+,2,10.0
Sandown-Hillside,1600,13+,soft,4-6m,11,6.545
Sandown-Hillside,1600,13+,soft,7-9m,4,11.0
Sandown-Hillside,1600,13+,soft,true,6,7.667
Sandown-Hillside,1600,4-6,dry,1-3m,15,6.8
Sandown-Hillside,1600,4-6,dry,10m+,41,4.22
Sandown-Hillside,1600,4-6,dry,4-6m,12,4.667
Sandown-Hillside,1600,4-6,dry,7-9m,18,4.333
Sandown-Hillside,1600,4-6,dry,true,33,5.606
Sandown-Hillside,1600,4-6,heavy,10m+,9,4.222
Sandown-Hillside,1600,4-6,heavy,4-6m,18,5.056
Sandown-Hillside,1600,4-6,heavy,7-9m,15,9.4
Sandown-Hillside,1600,4-6,soft,1-3m,6,3.667
Sandown-Hillside,1600,4-6,soft,10m+,24,13.625
Sandown-Hillside,1600,4-6,soft,4-6m,39,6.0
Sandown-Hillside,1600,4-6,soft,7-9m,21,6.429
Sandown-Hillside,1600,4-6,soft,true,30,6.1
Sandown-Hillside,1600,7-9,dry,1-3m,10,4.6
Sandown-Hillside,1600,7-9,dry,10m+,27,4.593
Sandown-Hillside,1600,7-9,dry,4-6m,12,5.917
Sandown-Hillside,1600,7-9,dry,7-9m,16,5.0
Sandown-Hillside,1600,7-9,dry,true,24,6.917
Sandown-Hillside,1600,7-9,heavy,10m+,5,7.6
Sandown-Hillside,1600,7-9,heavy,4-6m,17,7.059
Sandown-Hillside,1600,7-9,heavy,7-9m,12,7.667
Sandown-Hillside,1600,7-9,soft,1-3m,6,5.667
Sandown-Hillside,1600,7-9,soft,10m+,19,17.053
Sandown-Hillside,1600,7-9,soft,4-6m,37,6.486
Sandown-Hillside,1600,7-9,soft,7-9m,21,7.381
Sandown-Hillside,1600,7-9,soft,true,29,6.103
Sandown-Hillside,1700,1-3,dry,4-6m,3,2.667
Sandown-Hillside,1700,1-3,dry,true,3,-2.667
Sandown-Hillside,1700,1-3,soft,1-3m,3,3.333
Sandown-Hillside,1700,1-3,soft,10m+,3,2.0
Sandown-Hillside,1700,10-12,dry,true,3,4.333
Sandown-Hillside,1700,10-12,soft,1-3m,3,5.667
Sandown-Hillside,1700,10-12,soft,10m+,3,4.667
Sandown-Hillside,1700,13+,dry,true,3,4.0
Sandown-Hillside,1700,13+,soft,1-3m,2,9.0
Sandown-Hillside,1700,13+,soft,10m+,2,6.5
Sandown-Hillside,1700,4-6,dry,4-6m,3,3.0
Sandown-Hillside,1700,4-6,dry,true,3,-1.0
Sandown-Hillside,1700,4-6,soft,1-3m,3,4.333
Sandown-Hillside,1700,4-6,soft,10m+,3,4.0
Sandown-Hillside,1700,7-9,dry,true,3,1.0
Sandown-Hillside,1700,7-9,soft,1-3m,3,5.0
Sandown-Hillside,1700,7-9,soft,10m+,3,4.0
Sandown-Hillside,1800,1-3,dry,1-3m,27,3.074
Sandown-Hillside,1800,1-3,dry,10m+,41,1.78
Sandown-Hillside,1800,1-3,dry,4-6m,36,3.167
Sandown-Hillside,1800,1-3,dry,7-9m,15,8.0
Sandown-Hillside,1800,1-3,dry,true,58,3.155
Sandown-Hillside,1800,1-3,heavy,10m+,12,4.667
Sandown-Hillside,1800,1-3,heavy,4-6m,6,4.333
Sandown-Hillside,1800,1-3,heavy,7-9m,6,4.333
Sandown-Hillside,1800,1-3,soft,1-3m,9,3.222
Sandown-Hillside,1800,1-3,soft,10m+,15,4.667
Sandown-Hillside,1800,1-3,soft,4-6m,22,2.773
Sandown-Hillside,1800,1-3,soft,7-9m,24,3.667
Sandown-Hillside,1800,1-3,soft,true,9,5.111
Sandown-Hillside,1800,10-12,dry,1-3m,7,6.143
Sandown-Hillside,1800,10-12,dry,10m+,32,4.906
Sandown-Hillside,1800,10-12,dry,4-6m,18,5.333
Sandown-Hillside,1800,10-12,dry,7-9m,7,5.571
Sandown-Hillside,1800,10-12,dry,true,30,5.767
Sandown-Hillside,1800,10-12,heavy,10m+,3,7.667
Sandown-Hillside,1800,10-12,heavy,4-6m,4,8.75
Sandown-Hillside,1800,10-12,heavy,7-9m,1,11.0
Sandown-Hillside,1800,10-12,soft,1-3m,2,8.0
Sandown-Hillside,1800,10-12,soft,10m+,14,8.571
Sandown-Hillside,1800,10-12,soft,4-6m,16,7.188
Sandown-Hillside,1800,10-12,soft,7-9m,16,5.625
Sandown-Hillside,1800,10-12,soft,true,6,9.0
Sandown-Hillside,1800,13+,dry,10m+,12,4.25
Sandown-Hillside,1800,13+,dry,4-6m,5,8.6
Sandown-Hillside,1800,13+,dry,7-9m,1,6.0
Sandown-Hillside,1800,13+,dry,true,6,6.0
Sandown-Hillside,1800,13+,soft,10m+,8,12.5
Sandown-Hillside,1800,13+,soft,4-6m,8,5.625
Sandown-Hillside,1800,13+,soft,7-9m,4,8.75
Sandown-Hillside,1800,13+,soft,true,6,10.667
Sandown-Hillside,1800,4-6,dry,1-3m,27,3.741
Sandown-Hillside,1800,4-6,dry,10m+,42,3.595
Sandown-Hillside,1800,4-6,dry,4-6m,36,3.361
Sandown-Hillside,1800,4-6,dry,7-9m,15,8.667
Sandown-Hillside,1800,4-6,dry,true,57,3.333
Sandown-Hillside,1800,4-6,heavy,10m+,12,7.583
Sandown-Hillside,1800,4-6,heavy,4-6m,6,6.333
Sandown-Hillside,1800,4-6,heavy,7-9m,6,10.167
Sandown-Hillside,1800,4-6,soft,1-3m,9,4.111
Sandown-Hillside,1800,4-6,soft,10m+,15,7.933
Sandown-Hillside,1800,4-6,soft,4-6m,24,5.5
Sandown-Hillside,1800,4-6,soft,7-9m,24,4.667
Sandown-Hillside,1800,4-6,soft,true,9,6.778
Sandown-Hillside,1800,7-9,dry,1-3m,24,4.375
Sandown-Hillside,1800,7-9,dry,10m+,41,4.22
Sandown-Hillside,1800,7-9,dry,4-6m,31,3.645
Sandown-Hillside,1800,7-9,dry,7-9m,13,8.231
Sandown-Hillside,1800,7-9,dry,true,45,4.756
Sandown-Hillside,1800,7-9,heavy,10m+,12,10.667
Sandown-Hillside,1800,7-9,heavy,4-6m,6,5.5
Sandown-Hillside,1800,7-9,heavy,7-9m,5,7.2
Sandown-Hillside,1800,7-9,soft,1-3m,8,6.25
Sandown-Hillside,1800,7-9,soft,10m+,15,9.4
Sandown-Hillside,1800,7-9,soft,4-6m,23,5.391
Sandown-Hillside,1800,7-9,soft,7-9m,22,6.727
Sandown-Hillside,1800,7-9,soft,true,9,8.111
Sandown-Hillside,2400,1-3,dry,1-3m,11,2.091
Sandown-Hillside,2400,1-3,dry,10m+,21,3.286
Sandown-Hillside,2400,1-3,dry,4-6m,15,6.667
Sandown-Hillside,2400,1-3,dry,7-9m,21,4.857
Sandown-Hillside,2400,1-3,dry,true,24,4.125
Sandown-Hillside,2400,1-3,heavy,10m+,11,2.636
Sandown-Hillside,2400,1-3,heavy,4-6m,9,5.778
Sandown-Hillside,2400,1-3,heavy,7-9m,6,7.333
Sandown-Hillside,2400,1-3,heavy,true,3,0.0
Sandown-Hillside,2400,1-3,soft,1-3m,3,3.0
Sandown-Hillside,2400,1-3,soft,10m+,15,7.733
Sandown-Hillside,2400,1-3,soft,4-6m,19,9.947
Sandown-Hillside,2400,1-3,soft,7-9m,24,5.625
Sandown-Hillside,2400,1-3,soft,true,12,5.083
Sandown-Hillside,2400,10-12,dry,1-3m,7,3.571
Sandown-Hillside,2400,10-12,dry,10m+,8,8.0
Sandown-Hillside,2400,10-12,dry,4-6m,7,9.571
Sandown-Hillside,2400,10-12,dry,7-9m,10,7.6
Sandown-Hillside,2400,10-12,dry,true,9,8.444
Sandown-Hillside,2400,10-12,heavy,10m+,5,6.2
Sandown-Hillside,2400,10-12,heavy,4-6m,2,11.0
Sandown-Hillside,2400,10-12,heavy,7-9m,3,13.0
Sandown-Hillside,2400,10-12,heavy,true,1,8.0
Sandown-Hillside,2400,10-12,soft,10m+,6,10.333
Sandown-Hillside,2400,10-12,soft,4-6m,4,12.0
Sandown-Hillside,2400,10-12,soft,7-9m,10,9.5
Sandown-Hillside,2400,10-12,soft,true,5,14.8
Sandown-Hillside,2400,13+,dry,10m+,3,7.333
Sandown-Hillside,2400,13+,dry,4-6m,4,8.0
Sandown-Hillside,2400,13+,dry,7-9m,3,2.333
Sandown-Hillside,2400,13+,dry,true,2,5.0
Sandown-Hillside,2400,13+,heavy,7-9m,2,17.5
Sandown-Hillside,2400,13+,soft,10m+,1,10.0
Sandown-Hillside,2400,13+,soft,4-6m,2,17.0
Sandown-Hillside,2400,13+,soft,7-9m,6,8.167
Sandown-Hillside,2400,13+,soft,true,1,16.0
Sandown-Hillside,2400,4-6,dry,1-3m,12,4.083
Sandown-Hillside,2400,4-6,dry,10m+,20,3.35
Sandown-Hillside,2400,4-6,dry,4-6m,15,8.667
Sandown-Hillside,2400,4-6,dry,7-9m,20,7.6
Sandown-Hillside,2400,4-6,dry,true,24,4.917
Sandown-Hillside,2400,4-6,heavy,10m+,11,3.727
Sandown-Hillside,2400,4-6,heavy,4-6m,9,7.222
Sandown-Hillside,2400,4-6,heavy,7-9m,6,11.667
Sandown-Hillside,2400,4-6,heavy,true,3,4.333
Sandown-Hillside,2400,4-6,soft,1-3m,3,6.333
Sandown-Hillside,2400,4-6,soft,10m+,15,10.533
Sandown-Hillside,2400,4-6,soft,4-6m,21,11.762
Sandown-Hillside,2400,4-6,soft,7-9m,24,7.625
Sandown-Hillside,2400,4-6,soft,true,12,6.667
Sandown-Hillside,2400,7-9,dry,1-3m,11,4.818
Sandown-Hillside,2400,7-9,dry,10m+,19,5.053
Sandown-Hillside,2400,7-9,dry,4-6m,15,10.933
Sandown-Hillside,2400,7-9,dry,7-9m,21,6.905
Sandown-Hillside,2400,7-9,dry,true,21,6.0
Sandown-Hillside,2400,7-9,heavy,10m+,12,7.333
Sandown-Hillside,2400,7-9,heavy,4-6m,7,10.714
Sandown-Hillside,2400,7-9,heavy,7-9m,3,15.0
Sandown-Hillside,2400,7-9,heavy,true,3,3.0
Sandown-Hillside,2400,7-9,soft,1-3m,1,2.0
Sandown-Hillside,2400,7-9,soft,10m+,11,10.455
Sandown-Hillside,2400,7-9,soft,4-6m,15,4.667
Sandown-Hillside,2400,7-9,soft,7-9m,20,6.3
Sandown-Hillside,2400,7-9,soft,true,10,9.1
Sandown-Hillside,3000,1-3,dry,1-3m,3,3.333
Sandown-Hillside,3000,1-3,dry,10m+,6,6.333
Sandown-Hillside,3000,1-3,dry,4-6m,3,11.667
Sandown-Hillside,3000,1-3,dry,true,3,7.0
Sandown-Hillside,3000,1-3,soft,1-3m,5,4.8
Sandown-Hillside,3000,1-3,soft,4-6m,3,4.333
Sandown-Hillside,3000,1-3,soft,7-9m,3,4.333
Sandown-Hillside,3000,10-12,dry,1-3m,1,0.0
Sandown-Hillside,3000,10-12,dry,4-6m,2,20.5
Sandown-Hillside,3000,10-12,soft,1-3m,2,11.0
Sandown-Hillside,3000,4-6,dry,1-3m,3,6.667
Sandown-Hillside,3000,4-6,dry,10m+,6,11.5
Sandown-Hillside,3000,4-6,dry,4-6m,3,16.667
Sandown-Hillside,3000,4-6,dry,true,3,5.333
Sandown-Hillside,3000,4-6,soft,1-3m,6,6.667
Sandown-Hillside,3000,4-6,soft,4-6m,1,13.0
Sandown-Hillside,3000,4-6,soft,7-9m,3,5.0
Sandown-Hillside,3000,7-9,dry,1-3m,3,8.0
Sandown-Hillside,3000,7-9,dry,10m+,1,8.0
Sandown-Hillside,3000,7-9,dry,4-6m,3,15.333
Sandown-Hillside,3000,7-9,dry,true,3,3.667
Sandown-Hillside,3000,7-9,soft,1-3m,5,12.0
Sandown-Hillside,3000,7-9,soft,4-6m,2,13.5
Sandown-Hillside,3000,7-9,soft,7-9m,3,5.667
Sandown-Lakeside,1000,1-3,dry,1-3m,12,1.5
Sandown-Lakeside,1000,1-3,dry,4-6m,18,1.167
Sandown-Lakeside,1000,1-3,dry,true,9,1.667
Sandown-Lakeside,1000,1-3,soft,7-9m,3,1.667
Sandown-Lakeside,1000,10-12,dry,1-3m,5,2.4
Sandown-Lakeside,1000,10-12,dry,4-6m,3,2.333
Sandown-Lakeside,1000,10-12,dry,true,3,3.333
Sandown-Lakeside,1000,10-12,soft,7-9m,1,3.0
Sandown-Lakeside,1000,13+,dry,1-3m,1,2.0
Sandown-Lakeside,1000,4-6,dry,1-3m,12,2.083
Sandown-Lakeside,1000,4-6,dry,4-6m,18,2.056
Sandown-Lakeside,1000,4-6,dry,true,9,2.444
Sandown-Lakeside,1000,4-6,soft,7-9m,3,1.667
Sandown-Lakeside,1000,7-9,dry,1-3m,12,2.75
Sandown-Lakeside,1000,7-9,dry,4-6m,14,1.929
Sandown-Lakeside,1000,7-9,dry,true,4,3.5
Sandown-Lakeside,1000,7-9,soft,7-9m,3,1.667
Sandown-Lakeside,1100,1-3,dry,true,3,1.667
Sandown-Lakeside,1100,10-12,dry,true,3,2.333
Sandown-Lakeside,1100,13+,dry,true,4,2.0
Sandown-Lakeside,1100,4-6,dry,true,3,1.667
Sandown-Lakeside,1100,7-9,dry,true,3,2.667
Sandown-Lakeside,1200,1-3,dry,1-3m,62,7.016
Sandown-Lakeside,1200,1-3,dry,10m+,5,2.4
Sandown-Lakeside,1200,1-3,dry,4-6m,75,7.04
Sandown-Lakeside,1200,1-3,dry,7-9m,24,7.542
Sandown-Lakeside,1200,1-3,dry,true,70,7.086
Sandown-Lakeside,1200,1-3,heavy,1-3m,30,9.6
Sandown-Lakeside,1200,1-3,heavy,4-6m,23,6.0
Sandown-Lakeside,1200,1-3,heavy,7-9m,3,7.333
Sandown-Lakeside,1200,1-3,heavy,true,30,8.5
Sandown-Lakeside,1200,1-3,soft,1-3m,30,6.0
Sandown-Lakeside,1200,1-3,soft,10m+,9,9.222
Sandown-Lakeside,1200,1-3,soft,4-6m,45,6.289
Sandown-Lakeside,1200,1-3,soft,7-9m,17,9.824
Sandown-Lakeside,1200,1-3,soft,true,51,8.118
Sandown-Lakeside,1200,10-12,dry,1-3m,13,10.308
Sandown-Lakeside,1200,10-12,dry,10m+,4,5.5
Sandown-Lakeside,1200,10-12,dry,4-6m,10,9.7
Sandown-Lakeside,1200,10-12,dry,7-9m,3,13.0
Sandown-Lakeside,1200,10-12,dry,true,24,12.292
Sandown-Lakeside,1200,10-12,heavy,1-3m,9,10.778
Sandown-Lakeside,1200,10-12,heavy,4-6m,9,10.667
Sandown-Lakeside,1200,10-12,heavy,true,17,13.235
Sandown-Lakeside,1200,10-12,soft,1-3m,6,8.833
Sandown-Lakeside,1200,10-12,soft,4-6m,21,12.381
Sandown-Lakeside,1200,10-12,soft,7-9m,11,14.273
Sandown-Lakeside,1200,10-12,soft,true,9,10.0
Sandown-Lakeside,1200,13+,dry,1-3m,1,12.0
Sandown-Lakeside,1200,13+,dry,4-6m,2,12.0
Sandown-Lakeside,1200,13+,dry,7-9m,1,16.0
Sandown-Lakeside,1200,13+,dry,true,7,14.714
Sandown-Lakeside,1200,13+,heavy,1-3m,1,16.0
Sandown-Lakeside,1200,13+,heavy,4-6m,1,12.0
Sandown-Lakeside,1200,13+,soft,4-6m,4,11.25
Sandown-Lakeside,1200,4-6,dry,1-3m,63,9.048
Sandown-Lakeside,1200,4-6,dry,10m+,6,7.167
Sandown-Lakeside,1200,4-6,dry,4-6m,74,8.338
Sandown-Lakeside,1200,4-6,dry,7-9m,22,8.727
Sandown-Lakeside,1200,4-6,dry,true,72,8.319
Sandown-Lakeside,1200,4-6,heavy,1-3m,30,10.667
Sandown-Lakeside,1200,4-6,heavy,4-6m,24,8.625
Sandown-Lakeside,1200,4-6,heavy,7-9m,3,7.667
Sandown-Lakeside,1200,4-6,heavy,true,30,11.167
Sandown-Lakeside,1200,4-6,soft,1-3m,30,8.6
Sandown-Lakeside,1200,4-6,soft,10m+,9,9.889
Sandown-Lakeside,1200,4-6,soft,4-6m,45,8.467
Sandown-Lakeside,1200,4-6,soft,7-9m,18,11.167
Sandown-Lakeside,1200,4-6,soft,true,50,10.12
Sandown-Lakeside,1200,7-9,dry,1-3m,47,10.064
Sandown-Lakeside,1200,7-9,dry,10m+,6,6.333
Sandown-Lakeside,1200,7-9,dry,4-6m,56,8.786
Sandown-Lakeside,1200,7-9,dry,7-9m,16,9.188
Sandown-Lakeside,1200,7-9,dry,true,57,9.351
Sandown-Lakeside,1200,7-9,heavy,1-3m,30,12.133
Sandown-Lakeside,1200,7-9,heavy,4-6m,22,10.409
Sandown-Lakeside,1200,7-9,heavy,7-9m,1,3.0
Sandown-Lakeside,1200,7-9,heavy,true,30,11.633
Sandown-Lakeside,1200,7-9,soft,1-3m,21,9.81
Sandown-Lakeside,1200,7-9,soft,10m+,3,13.333
Sandown-Lakeside,1200,7-9,soft,4-6m,36,10.333
Sandown-Lakeside,1200,7-9,soft,7-9m,16,12.25
Sandown-Lakeside,1200,7-9,soft,true,33,11.636
Sandown-Lakeside,1300,1-3,dry,1-3m,12,7.667
Sandown-Lakeside,1300,1-3,dry,4-6m,11,6.818
Sandown-Lakeside,1300,1-3,dry,7-9m,6,7.667
Sandown-Lakeside,1300,1-3,dry,true,18,7.278
Sandown-Lakeside,1300,1-3,heavy,4-6m,6,4.5
Sandown-Lakeside,1300,1-3,heavy,true,12,6.917
Sandown-Lakeside,1300,1-3,soft,1-3m,6,4.667
Sandown-Lakeside,1300,1-3,soft,4-6m,12,5.917
Sandown-Lakeside,1300,1-3,soft,7-9m,5,11.8
Sandown-Lakeside,1300,1-3,soft,true,19,7.0
Sandown-Lakeside,1300,10-12,dry,1-3m,4,9.0
Sandown-Lakeside,1300,10-12,dry,7-9m,2,12.5
Sandown-Lakeside,1300,10-12,dry,true,3,14.667
Sandown-Lakeside,1300,10-12,heavy,4-6m,2,6.5
Sandown-Lakeside,1300,10-12,heavy,true,6,13.167
Sandown-Lakeside,1300,10-12,soft,1-3m,4,9.75
Sandown-Lakeside,1300,10-12,soft,4-6m,3,11.667
Sandown-Lakeside,1300,10-12,soft,7-9m,3,10.0
Sandown-Lakeside,1300,10-12,soft,true,3,11.333
Sandown-Lakeside,1300,13+,dry,1-3m,1,17.0
Sandown-Lakeside,1300,13+,soft,1-3m,1,8.0
Sandown-Lakeside,1300,4-6,dry,1-3m,12,7.333
Sandown-Lakeside,1300,4-6,dry,4-6m,12,5.917
Sandown-Lakeside,1300,4-6,dry,7-9m,6,7.333
Sandown-Lakeside,1300,4-6,dry,true,18,8.167
Sandown-Lakeside,1300,4-6,heavy,4-6m,6,8.833
Sandown-Lakeside,1300,4-6,heavy,true,12,8.833
Sandown-Lakeside,1300,4-6,soft,1-3m,6,7.0
Sandown-Lakeside,1300,4-6,soft,4-6m,11,5.636
Sandown-Lakeside,1300,4-6,soft,7-9m,6,10.167
Sandown-Lakeside,1300,4-6,soft,true,20,6.5
Sandown-Lakeside,1300,7-9,dry,1-3m,9,10.556
Sandown-Lakeside,1300,7-9,dry,4-6m,5,4.8
Sandown-Lakeside,1300,7-9,dry,7-9m,6,10.167
Sandown-Lakeside,1300,7-9,dry,true,13,9.692
Sandown-Lakeside,1300,7-9,heavy,4-6m,6,9.0
Sandown-Lakeside,1300,7-9,heavy,true,9,10.556
Sandown-Lakeside,1300,7-9,soft,1-3m,6,8.667
Sandown-Lakeside,1300,7-9,soft,4-6m,10,6.7
Sandown-Lakeside,1300,7-9,soft,7-9m,6,12.5
Sandown-Lakeside,1300,7-9,soft,true,16,7.688
Sandown-Lakeside,1400,1-3,dry,1-3m,81,8.049
Sandown-Lakeside,1400,1-3,dry,10m+,9,1.889
Sandown-Lakeside,1400,1-3,dry,4-6m,65,7.292
Sandown-Lakeside,1400,1-3,dry,7-9m,18,6.556
Sandown-Lakeside,1400,1-3,dry,true,56,6.339
Sandown-Lakeside,1400,1-3,heavy,1-3m,18,7.444
Sandown-Lakeside,1400,1-3,heavy,4-6m,12,7.667
Sandown-Lakeside,1400,1-3,heavy,7-9m,9,9.333
Sandown-Lakeside,1400,1-3,heavy,true,15,10.4
Sandown-Lakeside,1400,1-3,soft,1-3m,12,7.5
Sandown-Lakeside,1400,1-3,soft,4-6m,39,8.0
Sandown-Lakeside,1400,1-3,soft,7-9m,18,7.667
Sandown-Lakeside,1400,1-3,soft,true,62,8.258
Sandown-Lakeside,1400,10-12,dry,1-3m,21,9.952
Sandown-Lakeside,1400,10-12,dry,10m+,7,6.857
Sandown-Lakeside,1400,10-12,dry,4-6m,25,11.28
Sandown-Lakeside,1400,10-12,dry,7-9m,5,10.4
Sandown-Lakeside,1400,10-12,dry,true,16,9.312
Sandown-Lakeside,1400,10-12,heavy,1-3m,5,11.2
Sandown-Lakeside,1400,10-12,heavy,4-6m,7,9.571
Sandown-Lakeside,1400,10-12,heavy,true,6,9.5
Sandown-Lakeside,1400,10-12,soft,1-3m,4,10.5
Sandown-Lakeside,1400,10-12,soft,4-6m,10,9.7
Sandown-Lakeside,1400,10-12,soft,7-9m,7,8.143
Sandown-Lakeside,1400,10-12,soft,true,25,13.0
Sandown-Lakeside,1400,13+,dry,1-3m,2,16.5
Sandown-Lakeside,1400,13+,dry,10m+,2,9.0
Sandown-Lakeside,1400,13+,dry,4-6m,7,13.429
Sandown-Lakeside,1400,13+,dry,7-9m,1,13.0
Sandown-Lakeside,1400,13+,dry,true,5,10.4
Sandown-Lakeside,1400,13+,heavy,1-3m,1,11.0
Sandown-Lakeside,1400,13+,heavy,4-6m,3,11.333
Sandown-Lakeside,1400,13+,heavy,true,1,7.0
Sandown-Lakeside,1400,13+,soft,1-3m,1,7.0
Sandown-Lakeside,1400,13+,soft,4-6m,1,15.0
Sandown-Lakeside,1400,13+,soft,7-9m,2,11.0
Sandown-Lakeside,1400,13+,soft,true,6,15.0
Sandown-Lakeside,1400,4-6,dry,1-3m,81,9.864
Sandown-Lakeside,1400,4-6,dry,10m+,9,4.778
Sandown-Lakeside,1400,4-6,dry,4-6m,69,8.638
Sandown-Lakeside,1400,4-6,dry,7-9m,18,8.889
Sandown-Lakeside,1400,4-6,dry,true,57,9.386
Sandown-Lakeside,1400,4-6,heavy,1-3m,18,10.444
Sandown-Lakeside,1400,4-6,heavy,4-6m,12,8.75
Sandown-Lakeside,1400,4-6,heavy,7-9m,9,11.444
Sandown-Lakeside,1400,4-6,heavy,true,15,11.267
Sandown-Lakeside,1400,4-6,soft,1-3m,12,10.917
Sandown-Lakeside,1400,4-6,soft,4-6m,39,8.538
Sandown-Lakeside,1400,4-6,soft,7-9m,18,8.0
Sandown-Lakeside,1400,4-6,soft,true,63,9.476
Sandown-Lakeside,1400,7-9,dry,1-3m,50,9.82
Sandown-Lakeside,1400,7-9,dry,10m+,8,6.125
Sandown-Lakeside,1400,7-9,dry,4-6m,55,9.473
Sandown-Lakeside,1400,7-9,dry,7-9m,10,10.3
Sandown-Lakeside,1400,7-9,dry,true,35,8.457
Sandown-Lakeside,1400,7-9,heavy,1-3m,12,12.167
Sandown-Lakeside,1400,7-9,heavy,4-6m,11,9.636
Sandown-Lakeside,1400,7-9,heavy,7-9m,5,9.8
Sandown-Lakeside,1400,7-9,heavy,true,13,12.923
Sandown-Lakeside,1400,7-9,soft,1-3m,12,10.167
Sandown-Lakeside,1400,7-9,soft,4-6m,30,8.467
Sandown-Lakeside,1400,7-9,soft,7-9m,17,8.529
Sandown-Lakeside,1400,7-9,soft,true,53,11.245
Sandown-Lakeside,1500,1-3,dry,1-3m,3,7.667
Sandown-Lakeside,1500,1-3,dry,4-6m,9,7.222
Sandown-Lakeside,1500,1-3,dry,7-9m,6,7.333
Sandown-Lakeside,1500,1-3,dry,true,3,7.333
Sandown-Lakeside,1500,1-3,heavy,1-3m,3,9.667
Sandown-Lakeside,1500,1-3,soft,1-3m,9,7.556
Sandown-Lakeside,1500,1-3,soft,10m+,3,10.0
Sandown-Lakeside,1500,1-3,soft,4-6m,3,5.667
Sandown-Lakeside,1500,1-3,soft,7-9m,6,6.667
Sandown-Lakeside,1500,1-3,soft,true,6,8.5
Sandown-Lakeside,1500,10-12,dry,4-6m,2,14.5
Sandown-Lakeside,1500,10-12,heavy,1-3m,3,10.0
Sandown-Lakeside,1500,10-12,soft,7-9m,4,11.5
Sandown-Lakeside,1500,10-12,soft,true,4,11.0
Sandown-Lakeside,1500,13+,soft,true,2,19.0
Sandown-Lakeside,1500,4-6,dry,1-3m,3,10.333
Sandown-Lakeside,1500,4-6,dry,4-6m,9,8.111
Sandown-Lakeside,1500,4-6,dry,7-9m,6,7.5
Sandown-Lakeside,1500,4-6,dry,true,3,8.333
Sandown-Lakeside,1500,4-6,heavy,1-3m,3,8.667
Sandown-Lakeside,1500,4-6,soft,1-3m,9,10.556
Sandown-Lakeside,1500,4-6,soft,10m+,3,11.0
Sandown-Lakeside,1500,4-6,soft,4-6m,3,7.333
Sandown-Lakeside,1500,4-6,soft,7-9m,6,7.833
Sandown-Lakeside,1500,4-6,soft,true,6,10.167
Sandown-Lakeside,1500,7-9,dry,1-3m,3,13.0
Sandown-Lakeside,1500,7-9,dry,4-6m,6,9.167
Sandown-Lakeside,1500,7-9,dry,7-9m,5,8.6
Sandown-Lakeside,1500,7-9,dry,true,3,9.667
Sandown-Lakeside,1500,7-9,heavy,1-3m,3,11.0
Sandown-Lakeside,1500,7-9,soft,1-3m,7,9.714
Sandown-Lakeside,1500,7-9,soft,10m+,2,10.5
Sandown-Lakeside,1500,7-9,soft,4-6m,2,10.0
Sandown-Lakeside,1500,7-9,soft,7-9m,6,10.5
Sandown-Lakeside,1500,7-9,soft,true,6,14.667
Sandown-Lakeside,1600,1-3,dry,1-3m,44,7.114
Sandown-Lakeside,1600,1-3,dry,10m+,5,4.0
Sandown-Lakeside,1600,1-3,dry,4-6m,26,6.038
Sandown-Lakeside,1600,1-3,dry,7-9m,6,8.0
Sandown-Lakeside,1600,1-3,dry,true,24,6.75
Sandown-Lakeside,1600,1-3,heavy,1-3m,6,8.167
Sandown-Lakeside,1600,1-3,heavy,4-6m,12,8.25
Sandown-Lakeside,1600,1-3,heavy,7-9m,6,11.167
Sandown-Lakeside,1600,1-3,heavy,true,39,8.051
Sandown-Lakeside,1600,1-3,soft,1-3m,18,7.333
Sandown-Lakeside,1600,1-3,soft,10m+,3,11.0
Sandown-Lakeside,1600,1-3,soft,4-6m,21,6.905
Sandown-Lakeside,1600,1-3,soft,7-9m,12,9.417
Sandown-Lakeside,1600,1-3,soft,true,32,8.812
Sandown-Lakeside,1600,10-12,dry,1-3m,8,9.5
Sandown-Lakeside,1600,10-12,dry,10m+,3,7.333
Sandown-Lakeside,1600,10-12,dry,4-6m,1,10.0
Sandown-Lakeside,1600,10-12,dry,7-9m,1,11.0
Sandown-Lakeside,1600,10-12,dry,true,6,7.167
Sandown-Lakeside,1600,10-12,heavy,1-3m,2,11.0
Sandown-Lakeside,1600,10-12,heavy,4-6m,5,10.8
Sandown-Lakeside,1600,10-12,heavy,true,26,11.5
Sandown-Lakeside,1600,10-12,soft,1-3m,4,9.25
Sandown-Lakeside,1600,10-12,soft,4-6m,12,12.333
Sandown-Lakeside,1600,10-12,soft,7-9m,3,19.667
Sandown-Lakeside,1600,10-12,soft,true,16,12.25
Sandown-Lakeside,1600,13+,heavy,4-6m,1,14.0
Sandown-Lakeside,1600,13+,heavy,true,8,11.125
Sandown-Lakeside,1600,13+,soft,true,2,13.5
Sandown-Lakeside,1600,4-6,dry,1-3m,45,8.822
Sandown-Lakeside,1600,4-6,dry,10m+,6,4.0
Sandown-Lakeside,1600,4-6,dry,4-6m,27,7.444
Sandown-Lakeside,1600,4-6,dry,7-9m,6,8.333
Sandown-Lakeside,1600,4-6,dry,true,24,8.292
Sandown-Lakeside,1600,4-6,heavy,1-3m,6,10.833
Sandown-Lakeside,1600,4-6,heavy,4-6m,12,7.583
Sandown-Lakeside,1600,4-6,heavy,7-9m,6,9.167
Sandown-Lakeside,1600,4-6,heavy,true,39,9.538
Sandown-Lakeside,1600,4-6,soft,1-3m,18,7.556
Sandown-Lakeside,1600,4-6,soft,10m+,3,13.0
Sandown-Lakeside,1600,4-6,soft,4-6m,21,7.048
Sandown-Lakeside,1600,4-6,soft,7-9m,12,10.583
Sandown-Lakeside,1600,4-6,soft,true,33,10.121
Sandown-Lakeside,1600,7-9,dry,1-3m,35,8.886
Sandown-Lakeside,1600,7-9,dry,10m+,6,6.333
Sandown-Lakeside,1600,7-9,dry,4-6m,21,8.667
Sandown-Lakeside,1600,7-9,dry,7-9m,3,9.0
Sandown-Lakeside,1600,7-9,dry,true,18,7.556
Sandown-Lakeside,1600,7-9,heavy,1-3m,6,13.5
Sandown-Lakeside,1600,7-9,heavy,4-6m,8,7.5
Sandown-Lakeside,1600,7-9,heavy,7-9m,4,8.25
Sandown-Lakeside,1600,7-9,heavy,true,36,11.028
Sandown-Lakeside,1600,7-9,soft,1-3m,16,10.625
Sandown-Lakeside,1600,7-9,soft,10m+,1,16.0
Sandown-Lakeside,1600,7-9,soft,4-6m,19,9.474
Sandown-Lakeside,1600,7-9,soft,7-9m,10,12.6
Sandown-Lakeside,1600,7-9,soft,true,29,10.517
Sandown-Lakeside,2100,1-3,dry,1-3m,30,11.267
Sandown-Lakeside,2100,1-3,dry,4-6m,15,11.667
Sandown-Lakeside,2100,1-3,dry,7-9m,9,8.667
Sandown-Lakeside,2100,1-3,dry,true,24,10.25
Sandown-Lakeside,2100,1-3,heavy,1-3m,9,14.0
Sandown-Lakeside,2100,1-3,heavy,4-6m,12,10.833
Sandown-Lakeside,2100,1-3,heavy,true,15,10.4
Sandown-Lakeside,2100,1-3,soft,1-3m,3,6.333
Sandown-Lakeside,2100,1-3,soft,10m+,3,12.667
Sandown-Lakeside,2100,1-3,soft,4-6m,21,11.571
Sandown-Lakeside,2100,1-3,soft,7-9m,9,14.778
Sandown-Lakeside,2100,1-3,soft,true,37,12.649
Sandown-Lakeside,2100,10-12,dry,1-3m,12,17.583
Sandown-Lakeside,2100,10-12,dry,4-6m,1,10.0
Sandown-Lakeside,2100,10-12,dry,7-9m,3,20.0
Sandown-Lakeside,2100,10-12,dry,true,12,14.75
Sandown-Lakeside,2100,10-12,heavy,1-3m,4,18.5
Sandown-Lakeside,2100,10-12,heavy,4-6m,9,17.222
Sandown-Lakeside,2100,10-12,heavy,true,8,17.5
Sandown-Lakeside,2100,10-12,soft,1-3m,3,10.667
Sandown-Lakeside,2100,10-12,soft,4-6m,13,15.231
Sandown-Lakeside,2100,10-12,soft,7-9m,1,17.0
Sandown-Lakeside,2100,10-12,soft,true,12,14.5
Sandown-Lakeside,2100,13+,dry,1-3m,5,14.4
Sandown-Lakeside,2100,13+,heavy,1-3m,3,22.667
Sandown-Lakeside,2100,13+,heavy,4-6m,5,18.6
Sandown-Lakeside,2100,13+,heavy,true,1,19.0
Sandown-Lakeside,2100,13+,soft,1-3m,2,9.5
Sandown-Lakeside,2100,13+,soft,4-6m,4,20.25
Sandown-Lakeside,2100,13+,soft,true,2,18.5
Sandown-Lakeside,2100,4-6,dry,1-3m,30,14.0
Sandown-Lakeside,2100,4-6,dry,4-6m,15,13.333
Sandown-Lakeside,2100,4-6,dry,7-9m,9,12.889
Sandown-Lakeside,2100,4-6,dry,true,24,12.125
Sandown-Lakeside,2100,4-6,heavy,1-3m,9,17.111
Sandown-Lakeside,2100,4-6,heavy,4-6m,12,13.167
Sandown-Lakeside,2100,4-6,heavy,true,15,14.4
Sandown-Lakeside,2100,4-6,soft,1-3m,3,8.667
Sandown-Lakeside,2100,4-6,soft,10m+,3,16.0
Sandown-Lakeside,2100,4-6,soft,4-6m,21,12.238
Sandown-Lakeside,2100,4-6,soft,7-9m,9,14.333
Sandown-Lakeside,2100,4-6,soft,true,38,14.158
Sandown-Lakeside,2100,7-9,dry,1-3m,27,14.519
Sandown-Lakeside,2100,7-9,dry,4-6m,14,15.5
Sandown-Lakeside,2100,7-9,dry,7-9m,7,13.0
Sandown-Lakeside,2100,7-9,dry,true,21,13.286
Sandown-Lakeside,2100,7-9,heavy,1-3m,8,18.125
Sandown-Lakeside,2100,7-9,heavy,4-6m,12,16.833
Sandown-Lakeside,2100,7-9,heavy,true,15,15.2
Sandown-Lakeside,2100,7-9,soft,1-3m,3,14.0
Sandown-Lakeside,2100,7-9,soft,4-6m,21,13.524
Sandown-Lakeside,2100,7-9,soft,7-9m,9,16.889
Sandown-Lakeside,2100,7-9,soft,true,29,13.241
Sandown-Lakeside,2400,1-3,dry,1-3m,15,9.933
Sandown-Lakeside,2400,1-3,dry,10m+,3,12.333
Sandown-Lakeside,2400,1-3,dry,4-6m,11,10.273
Sandown-Lakeside,2400,1-3,dry,7-9m,9,14.333
Sandown-Lakeside,2400,1-3,dry,true,3,3.0
Sandown-Lakeside,2400,1-3,heavy,1-3m,3,7.333
Sandown-Lakeside,2400,1-3,heavy,7-9m,3,14.667
Sandown-Lakeside,2400,1-3,heavy,true,15,10.8
Sandown-Lakeside,2400,1-3,soft,1-3m,3,12.667
Sandown-Lakeside,2400,1-3,soft,4-6m,6,10.833
Sandown-Lakeside,2400,1-3,soft,7-9m,6,14.333
Sandown-Lakeside,2400,1-3,soft,true,6,15.333
Sandown-Lakeside,2400,10-12,dry,1-3m,4,15.75
Sandown-Lakeside,2400,10-12,dry,4-6m,3,15.0
Sandown-Lakeside,2400,10-12,dry,7-9m,2,17.5
Sandown-Lakeside,2400,10-12,dry,true,1,20.0
Sandown-Lakeside,2400,10-12,heavy,7-9m,1,21.0
Sandown-Lakeside,2400,10-12,heavy,true,11,16.545
Sandown-Lakeside,2400,10-12,soft,4-6m,3,10.667
Sandown-Lakeside,2400,10-12,soft,7-9m,2,15.0
Sandown-Lakeside,2400,10-12,soft,true,1,13.0
Sandown-Lakeside,2400,13+,heavy,true,3,20.667
Sandown-Lakeside,2400,4-6,dry,1-3m,15,11.8
Sandown-Lakeside,2400,4-6,dry,10m+,3,8.333
Sandown-Lakeside,2400,4-6,dry,4-6m,12,12.167
Sandown-Lakeside,2400,4-6,dry,7-9m,9,16.889
Sandown-Lakeside,2400,4-6,dry,true,3,14.333
Sandown-Lakeside,2400,4-6,heavy,1-3m,3,15.0
Sandown-Lakeside,2400,4-6,heavy,7-9m,3,12.333
Sandown-Lakeside,2400,4-6,heavy,true,15,12.2
Sandown-Lakeside,2400,4-6,soft,1-3m,3,7.667
Sandown-Lakeside,2400,4-6,soft,4-6m,6,15.333
Sandown-Lakeside,2400,4-6,soft,7-9m,6,17.0
Sandown-Lakeside,2400,4-6,soft,true,6,16.667
Sandown-Lakeside,2400,7-9,dry,1-3m,12,15.417
Sandown-Lakeside,2400,7-9,dry,10m+,2,7.5
Sandown-Lakeside,2400,7-9,dry,4-6m,6,13.5
Sandown-Lakeside,2400,7-9,dry,7-9m,8,15.375
Sandown-Lakeside,2400,7-9,dry,true,3,14.667
Sandown-Lakeside,2400,7-9,heavy,7-9m,3,11.667
Sandown-Lakeside,2400,7-9,heavy,true,15,15.533
Sandown-Lakeside,2400,7-9,soft,1-3m,3,15.333
Sandown-Lakeside,2400,7-9,soft,4-6m,6,16.167
Sandown-Lakeside,2400,7-9,soft,7-9m,6,15.5
Sandown-Lakeside,2400,7-9,soft,true,5,15.4
Sandown-Lakeside,3000,1-3,dry,4-6m,9,15.889
Sandown-Lakeside,3000,1-3,dry,7-9m,3,18.667
Sandown-Lakeside,3000,1-3,dry,true,3,9.667
Sandown-Lakeside,3000,1-3,soft,7-9m,3,17.333
Sandown-Lakeside,3000,10-12,dry,4-6m,3,14.667
Sandown-Lakeside,3000,10-12,dry,true,2,19.0
Sandown-Lakeside,3000,13+,dry,4-6m,2,22.0
Sandown-Lakeside,3000,4-6,dry,4-6m,9,18.667
Sandown-Lakeside,3000,4-6,dry,7-9m,3,24.333
Sandown-Lakeside,3000,4-6,dry,true,3,10.667
Sandown-Lakeside,3000,4-6,soft,7-9m,3,14.333
Sandown-Lakeside,3000,7-9,dry,4-6m,5,20.8
Sandown-Lakeside,3000,7-9,dry,7-9m,3,30.667
Sandown-Lakeside,3000,7-9,dry,true,3,16.333
Sandown-Lakeside,3000,7-9,soft,7-9m,2,17.0
Strathalbyn,1100,1-3,dry,true,15,3.867
Strathalbyn,1100,1-3,soft,true,18,8.056
Strathalbyn,1100,10-12,dry,true,1,16.0
Strathalbyn,1100,10-12,soft,true,1,10.0
Strathalbyn,1100,4-6,dry,true,15,8.4
Strathalbyn,1100,4-6,soft,true,18,7.833
Strathalbyn,1100,7-9,dry,true,14,10.071
Strathalbyn,1100,7-9,soft,true,15,9.0
Strathalbyn,1200,1-3,dry,true,48,6.438
Strathalbyn,1200,1-3,soft,true,21,7.19
Strathalbyn,1200,10-12,dry,true,29,11.414
Strathalbyn,1200,10-12,soft,true,6,9.0
Strathalbyn,1200,13+,dry,true,6,8.833
Strathalbyn,1200,13+,soft,true,1,7.0
Strathalbyn,1200,4-6,dry,true,48,7.708
Strathalbyn,1200,4-6,soft,true,21,8.619
Strathalbyn,1200,7-9,dry,true,41,9.829
Strathalbyn,1200,7-9,soft,true,16,8.938
Strathalbyn,1400,1-3,dry,true,36,7.639
Strathalbyn,1400,1-3,soft,true,27,6.259
Strathalbyn,1400,10-12,dry,true,21,11.667
Strathalbyn,1400,10-12,soft,true,12,9.083
Strathalbyn,1400,13+,dry,true,5,7.0
Strathalbyn,1400,13+,soft,true,3,14.0
Strathalbyn,1400,4-6,dry,true,36,9.5
Strathalbyn,1400,4-6,soft,true,27,6.704
Strathalbyn,1400,7-9,dry,true,35,9.629
Strathalbyn,1400,7-9,soft,true,26,8.115
Strathalbyn,1600,1-3,dry,true,48,10.625
Strathalbyn,1600,1-3,soft,true,24,8.042
Strathalbyn,1600,10-12,dry,true,27,16.667
Strathalbyn,1600,10-12,soft,true,16,13.062
Strathalbyn,1600,13+,dry,true,3,18.667
Strathalbyn,1600,13+,soft,true,3,17.0
Strathalbyn,1600,4-6,dry,true,48,12.75
Strathalbyn,1600,4-6,soft,true,24,10.833
Strathalbyn,1600,7-9,dry,true,46,15.043
Strathalbyn,1600,7-9,soft,true,22,13.409
Strathalbyn,2000,1-3,dry,true,33,7.242
Strathalbyn,2000,1-3,soft,true,15,8.267
Strathalbyn,2000,10-12,dry,true,22,10.773
Strathalbyn,2000,10-12,soft,true,7,13.286
Strathalbyn,2000,13+,dry,true,3,12.0
Strathalbyn,2000,13+,soft,true,1,13.0
Strathalbyn,2000,4-6,dry,true,33,9.485
Strathalbyn,2000,4-6,soft,true,15,11.067
Strathalbyn,2000,7-9,dry,true,32,10.844
Strathalbyn,2000,7-9,soft,true,14,12.929
Sunshine Coast,800,1-3,dry,true,3,3.333
Sunshine Coast,800,10-12,dry,true,1,4.0
Sunshine Coast,800,4-6,dry,true,3,4.667
Sunshine Coast,800,7-9,dry,true,3,6.333
Sunshine Coast,1000,1-3,dry,1-3m,135,2.467
Sunshine Coast,1000,1-3,dry,10m+,30,1.567
Sunshine Coast,1000,1-3,dry,4-6m,140,2.664
Sunshine Coast,1000,1-3,dry,7-9m,249,2.53
Sunshine Coast,1000,1-3,dry,true,154,1.851
Sunshine Coast,1000,1-3,heavy,1-3m,33,3.0
Sunshine Coast,1000,1-3,heavy,10m+,8,0.125
Sunshine Coast,1000,1-3,heavy,4-6m,17,10.647
Sunshine Coast,1000,1-3,heavy,7-9m,45,3.089
Sunshine Coast,1000,1-3,heavy,true,45,4.2
Sunshine Coast,1000,1-3,soft,1-3m,83,2.313
Sunshine Coast,1000,1-3,soft,10m+,75,5.16
Sunshine Coast,1000,1-3,soft,4-6m,195,2.749
Sunshine Coast,1000,1-3,soft,7-9m,119,1.529
Sunshine Coast,1000,1-3,soft,true,112,3.125
Sunshine Coast,1000,10-12,dry,1-3m,41,6.146
Sunshine Coast,1000,10-12,dry,10m+,9,5.0
Sunshine Coast,1000,10-12,dry,4-6m,43,5.512
Sunshine Coast,1000,10-12,dry,7-9m,59,4.881
Sunshine Coast,1000,10-12,dry,true,51,6.333
Sunshine Coast,1000,10-12,heavy,1-3m,7,7.143
Sunshine Coast,1000,10-12,heavy,4-6m,2,10.0
Sunshine Coast,1000,10-12,heavy,7-9m,4,2.25
Sunshine Coast,1000,10-12,heavy,true,13,9.308
Sunshine Coast,1000,10-12,soft,1-3m,27,6.778
Sunshine Coast,1000,10-12,soft,10m+,14,9.214
Sunshine Coast,1000,10-12,soft,4-6m,66,5.667
Sunshine Coast,1000,10-12,soft,7-9m,43,5.791
Sunshine Coast,1000,10-12,soft,true,58,7.121
Sunshine Coast,1000,13+,dry,1-3m,9,6.778
Sunshine Coast,1000,13+,dry,4-6m,10,7.4
Sunshine Coast,1000,13+,dry,7-9m,5,5.6
Sunshine Coast,1000,13+,dry,true,16,8.875
Sunshine Coast,1000,13+,heavy,true,6,8.5
Sunshine Coast,1000,13+,soft,1-3m,3,5.667
Sunshine Coast,1000,13+,soft,4-6m,16,6.312
Sunshine Coast,1000,13+,soft,7-9m,4,4.5
Sunshine Coast,1000,13+,soft,true,19,8.263
Sunshine Coast,1000,4-6,dry,1-3m,129,4.093
Sunshine Coast,1000,4-6,dry,10m+,29,1.931
Sunshine Coast,1000,4-6,dry,4-6m,140,3.707
Sunshine Coast,1000,4-6,dry,7-9m,245,3.649
Sunshine Coast,1000,4-6,dry,true,150,3.687
Sunshine Coast,1000,4-6,heavy,1-3m,32,4.531
Sunshine Coast,1000,4-6,heavy,10m+,7,1.429
Sunshine Coast,1000,4-6,heavy,4-6m,18,11.667
Sunshine Coast,1000,4-6,heavy,7-9m,42,3.833
Sunshine Coast,1000,4-6,heavy,true,45,6.289
Sunshine Coast,1000,4-6,soft,1-3m,84,3.94
Sunshine Coast,1000,4-6,soft,10m+,74,6.797
Sunshine Coast,1000,4-6,soft,4-6m,193,4.456
Sunshine Coast,1000,4-6,soft,7-9m,120,3.3
Sunshine Coast,1000,4-6,soft,true,114,4.886
Sunshine Coast,1000,7-9,dry,1-3m,95,5.147
Sunshine Coast,1000,7-9,dry,10m+,22,3.636
Sunshine Coast,1000,7-9,dry,4-6m,96,5.094
Sunshine Coast,1000,7-9,dry,7-9m,181,4.254
Sunshine Coast,1000,7-9,dry,true,113,5.292
Sunshine Coast,1000,7-9,heavy,1-3m,21,5.333
Sunshine Coast,1000,7-9,heavy,10m+,1,0.0
Sunshine Coast,1000,7-9,heavy,4-6m,11,9.455
Sunshine Coast,1000,7-9,heavy,7-9m,25,4.64
Sunshine Coast,1000,7-9,heavy,true,33,7.485
Sunshine Coast,1000,7-9,soft,1-3m,61,4.869
Sunshine Coast,1000,7-9,soft,10m+,50,7.94
Sunshine Coast,1000,7-9,soft,4-6m,138,5.065
Sunshine Coast,1000,7-9,soft,7-9m,94,3.957
Sunshine Coast,1000,7-9,soft,true,97,5.629
Sunshine Coast,1100,1-3,dry,4-6m,3,7.667
Sunshine Coast,1100,1-3,soft,4-6m,14,2.786
Sunshine Coast,1100,10-12,soft,4-6m,11,5.364
Sunshine Coast,1100,4-6,dry,4-6m,2,6.0
Sunshine Coast,1100,4-6,soft,4-6m,15,3.733
Sunshine Coast,1100,7-9,soft,4-6m,12,7.417
Sunshine Coast,1200,1-3,dry,1-3m,76,3.579
Sunshine Coast,1200,1-3,dry,10m+,27,2.741
Sunshine Coast,1200,1-3,dry,4-6m,95,4.232
Sunshine Coast,1200,1-3,dry,7-9m,139,4.403
Sunshine Coast,1200,1-3,dry,true,123,4.171
Sunshine Coast,1200,1-3,heavy,1-3m,15,6.4
Sunshine Coast,1200,1-3,heavy,10m+,12,2.333
Sunshine Coast,1200,1-3,heavy,4-6m,24,10.167
Sunshine Coast,1200,1-3,heavy,7-9m,27,4.519
Sunshine Coast,1200,1-3,heavy,true,33,7.455
Sunshine Coast,1200,1-3,soft,1-3m,51,4.412
Sunshine Coast,1200,1-3,soft,10m+,39,8.051
Sunshine Coast,1200,1-3,soft,4-6m,89,4.461
Sunshine Coast,1200,1-3,soft,7-9m,83,3.289
Sunshine Coast,1200,1-3,soft,true,57,5.333
Sunshine Coast,1200,10-12,dry,1-3m,38,7.132
Sunshine Coast,1200,10-12,dry,10m+,4,2.75
Sunshine Coast,1200,10-12,dry,4-6m,36,7.25
Sunshine Coast,1200,10-12,dry,7-9m,61,6.098
Sunshine Coast,1200,10-12,dry,true,63,7.619
Sunshine Coast,1200,10-12,heavy,1-3m,2,6.5
Sunshine Coast,1200,10-12,heavy,4-6m,9,11.444
Sunshine Coast,1200,10-12,heavy,7-9m,9,7.0
Sunshine Coast,1200,10-12,heavy,true,16,12.625
Sunshine Coast,1200,10-12,soft,1-3m,23,8.304
Sunshine Coast,1200,10-12,soft,10m+,9,15.111
Sunshine Coast,1200,10-12,soft,4-6m,43,6.302
Sunshine Coast,1200,10-12,soft,7-9m,32,6.781
Sunshine Coast,1200,10-12,soft,true,29,8.414
Sunshine Coast,1200,13+,dry,1-3m,8,6.625
Sunshine Coast,1200,13+,dry,4-6m,8,13.875
Sunshine Coast,1200,13+,dry,7-9m,12,6.167
Sunshine Coast,1200,13+,dry,true,17,7.471
Sunshine Coast,1200,13+,heavy,4-6m,2,4.0
Sunshine Coast,1200,13+,heavy,true,7,11.429
Sunshine Coast,1200,13+,soft,1-3m,4,9.0
Sunshine Coast,1200,13+,soft,4-6m,6,9.0
Sunshine Coast,1200,13+,soft,7-9m,5,5.8
Sunshine Coast,1200,13+,soft,true,7,11.0
Sunshine Coast,1200,4-6,dry,1-3m,76,5.263
Sunshine Coast,1200,4-6,dry,10m+,26,4.077
Sunshine Coast,1200,4-6,dry,4-6m,95,5.884
Sunshine Coast,1200,4-6,dry,7-9m,139,5.691
Sunshine Coast,1200,4-6,dry,true,118,6.025
Sunshine Coast,1200,4-6,heavy,1-3m,14,6.714
Sunshine Coast,1200,4-6,heavy,10m+,11,4.455
Sunshine Coast,1200,4-6,heavy,4-6m,23,10.087
Sunshine Coast,1200,4-6,heavy,7-9m,27,5.63
Sunshine Coast,1200,4-6,heavy,true,32,9.844
Sunshine Coast,1200,4-6,soft,1-3m,51,5.608
Sunshine Coast,1200,4-6,soft,10m+,37,10.378
Sunshine Coast,1200,4-6,soft,4-6m,89,6.045
Sunshine Coast,1200,4-6,soft,7-9m,79,4.481
Sunshine Coast,1200,4-6,soft,true,57,7.105
Sunshine Coast,1200,7-9,dry,1-3m,64,6.281
Sunshine Coast,1200,7-9,dry,10m+,24,5.833
Sunshine Coast,1200,7-9,dry,4-6m,76,6.855
Sunshine Coast,1200,7-9,dry,7-9m,118,5.797
Sunshine Coast,1200,7-9,dry,true,114,6.711
Sunshine Coast,1200,7-9,heavy,1-3m,9,6.889
Sunshine Coast,1200,7-9,heavy,10m+,5,5.8
Sunshine Coast,1200,7-9,heavy,4-6m,19,10.947
Sunshine Coast,1200,7-9,heavy,7-9m,17,6.118
Sunshine Coast,1200,7-9,heavy,true,25,8.88
Sunshine Coast,1200,7-9,soft,1-3m,44,7.614
Sunshine Coast,1200,7-9,soft,10m+,32,10.562
Sunshine Coast,1200,7-9,soft,4-6m,77,6.818
Sunshine Coast,1200,7-9,soft,7-9m,64,6.297
Sunshine Coast,1200,7-9,soft,true,51,7.863
Sunshine Coast,1300,1-3,dry,1-3m,14,4.357
Sunshine Coast,1300,1-3,dry,4-6m,15,5.133
Sunshine Coast,1300,1-3,dry,7-9m,27,3.963
Sunshine Coast,1300,1-3,dry,true,6,3.333
Sunshine Coast,1300,1-3,heavy,10m+,3,2.333
Sunshine Coast,1300,1-3,heavy,7-9m,3,5.0
Sunshine Coast,1300,1-3,soft,1-3m,9,5.667
Sunshine Coast,1300,1-3,soft,4-6m,27,4.667
Sunshine Coast,1300,1-3,soft,7-9m,15,4.333
Sunshine Coast,1300,1-3,soft,true,18,4.389
Sunshine Coast,1300,10-12,dry,1-3m,8,10.125
Sunshine Coast,1300,10-12,dry,4-6m,5,6.0
Sunshine Coast,1300,10-12,dry,7-9m,13,7.308
Sunshine Coast,1300,10-12,soft,1-3m,6,7.5
Sunshine Coast,1300,10-12,soft,4-6m,21,6.048
Sunshine Coast,1300,10-12,soft,7-9m,13,7.0
Sunshine Coast,1300,10-12,soft,true,8,6.625
Sunshine Coast,1300,13+,dry,1-3m,3,13.333
Sunshine Coast,1300,13+,dry,7-9m,1,6.0
Sunshine Coast,1300,13+,soft,1-3m,7,10.143
Sunshine Coast,1300,13+,soft,4-6m,14,9.571
Sunshine Coast,1300,13+,soft,7-9m,4,8.75
Sunshine Coast,1300,4-6,dry,1-3m,15,5.333
Sunshine Coast,1300,4-6,dry,4-6m,14,4.857
Sunshine Coast,1300,4-6,dry,7-9m,27,5.111
Sunshine Coast,1300,4-6,dry,true,6,5.833
Sunshine Coast,1300,4-6,heavy,10m+,3,3.667
Sunshine Coast,1300,4-6,heavy,7-9m,3,5.667
Sunshine Coast,1300,4-6,soft,1-3m,9,6.333
Sunshine Coast,1300,4-6,soft,4-6m,26,5.885
Sunshine Coast,1300,4-6,soft,7-9m,15,6.333
Sunshine Coast,1300,4-6,soft,true,17,4.529
Sunshine Coast,1300,7-9,dry,1-3m,11,6.455
Sunshine Coast,1300,7-9,dry,4-6m,14,6.429
Sunshine Coast,1300,7-9,dry,7-9m,25,6.4
Sunshine Coast,1300,7-9,dry,true,5,5.8
Sunshine Coast,1300,7-9,heavy,10m+,3,6.667
Sunshine Coast,1300,7-9,heavy,7-9m,1,4.0
Sunshine Coast,1300,7-9,soft,1-3m,8,8.875
Sunshine Coast,1300,7-9,soft,4-6m,26,5.846
Sunshine Coast,1300,7-9,soft,7-9m,15,5.133
Sunshine Coast,1300,7-9,soft,true,15,6.933
Sunshine Coast,1400,1-3,dry,1-3m,80,5.1
Sunshine Coast,1400,1-3,dry,10m+,21,3.143
Sunshine Coast,1400,1-3,dry,4-6m,95,5.347
Sunshine Coast,1400,1-3,dry,7-9m,117,5.009
Sunshine Coast,1400,1-3,dry,true,109,4.514
Sunshine Coast,1400,1-3,heavy,1-3m,21,5.619
Sunshine Coast,1400,1-3,heavy,10m+,6,3.333
Sunshine Coast,1400,1-3,heavy,4-6m,24,8.333
Sunshine Coast,1400,1-3,heavy,7-9m,17,5.176
Sunshine Coast,1400,1-3,heavy,true,30,6.2
Sunshine Coast,1400,1-3,soft,1-3m,46,3.957
Sunshine Coast,1400,1-3,soft,10m+,33,4.364
Sunshine Coast,1400,1-3,soft,4-6m,78,4.436
Sunshine Coast,1400,1-3,soft,7-9m,72,4.181
Sunshine Coast,1400,1-3,soft,true,78,4.987
Sunshine Coast,1400,10-12,dry,1-3m,59,7.153
Sunshine Coast,1400,10-12,dry,10m+,3,5.667
Sunshine Coast,1400,10-12,dry,4-6m,45,8.378
Sunshine Coast,1400,10-12,dry,7-9m,80,7.562
Sunshine Coast,1400,10-12,dry,true,77,7.117
Sunshine Coast,1400,10-12,heavy,1-3m,5,7.2
Sunshine Coast,1400,10-12,heavy,10m+,1,1.0
Sunshine Coast,1400,10-12,heavy,4-6m,9,8.556
Sunshine Coast,1400,10-12,heavy,7-9m,5,7.2
Sunshine Coast,1400,10-12,heavy,true,14,11.214
Sunshine Coast,1400,10-12,soft,1-3m,30,6.233
Sunshine Coast,1400,10-12,soft,10m+,12,6.75
Sunshine Coast,1400,10-12,soft,4-6m,62,7.21
Sunshine Coast,1400,10-12,soft,7-9m,42,6.119
Sunshine Coast,1400,10-12,soft,true,58,8.793
Sunshine Coast,1400,13+,dry,1-3m,33,7.242
Sunshine Coast,1400,13+,dry,4-6m,9,7.444
Sunshine Coast,1400,13+,dry,7-9m,17,8.824
Sunshine Coast,1400,13+,dry,true,25,8.68
Sunshine Coast,1400,13+,heavy,1-3m,2,10.5
Sunshine Coast,1400,13+,heavy,7-9m,1,14.0
Sunshine Coast,1400,13+,heavy,true,6,10.0
Sunshine Coast,1400,13+,soft,1-3m,12,7.833
Sunshine Coast,1400,13+,soft,4-6m,18,8.0
Sunshine Coast,1400,13+,soft,7-9m,16,6.188
Sunshine Coast,1400,13+,soft,true,30,8.267
Sunshine Coast,1400,4-6,dry,1-3m,81,5.79
Sunshine Coast,1400,4-6,dry,10m+,21,4.238
Sunshine Coast,1400,4-6,dry,4-6m,95,6.653
Sunshine Coast,1400,4-6,dry,7-9m,118,6.161
Sunshine Coast,1400,4-6,dry,true,107,6.206
Sunshine Coast,1400,4-6,heavy,1-3m,21,5.333
Sunshine Coast,1400,4-6,heavy,10m+,6,5.167
Sunshine Coast,1400,4-6,heavy,4-6m,24,9.5
Sunshine Coast,1400,4-6,heavy,7-9m,18,4.722
Sunshine Coast,1400,4-6,heavy,true,30,7.267
Sunshine Coast,1400,4-6,soft,1-3m,47,4.936
Sunshine Coast,1400,4-6,soft,10m+,33,5.485
Sunshine Coast,1400,4-6,soft,4-6m,83,6.193
Sunshine Coast,1400,4-6,soft,7-9m,72,4.958
Sunshine Coast,1400,4-6,soft,true,75,6.133
Sunshine Coast,1400,7-9,dry,1-3m,72,6.972
Sunshine Coast,1400,7-9,dry,10m+,16,5.438
Sunshine Coast,1400,7-9,dry,4-6m,86,7.779
Sunshine Coast,1400,7-9,dry,7-9m,112,6.83
Sunshine Coast,1400,7-9,dry,true,103,6.767
Sunshine Coast,1400,7-9,heavy,1-3m,20,7.9
Sunshine Coast,1400,7-9,heavy,10m+,4,4.0
Sunshine Coast,1400,7-9,heavy,4-6m,18,9.778
Sunshine Coast,1400,7-9,heavy,7-9m,13,5.0
Sunshine Coast,1400,7-9,heavy,true,22,9.682
Sunshine Coast,1400,7-9,soft,1-3m,46,5.826
Sunshine Coast,1400,7-9,soft,10m+,27,5.741
Sunshine Coast,1400,7-9,soft,4-6m,75,6.24
Sunshine Coast,1400,7-9,soft,7-9m,64,5.75
Sunshine Coast,1400,7-9,soft,true,74,7.081
Sunshine Coast,1600,1-3,dry,1-3m,57,6.509
Sunshine Coast,1600,1-3,dry,10m+,6,2.833
Sunshine Coast,1600,1-3,dry,4-6m,90,8.278
Sunshine Coast,1600,1-3,dry,7-9m,104,7.221
Sunshine Coast,1600,1-3,dry,true,61,6.426
Sunshine Coast,1600,1-3,heavy,1-3m,12,7.0
Sunshine Coast,1600,1-3,heavy,10m+,6,4.167
Sunshine Coast,1600,1-3,heavy,7-9m,18,6.389
Sunshine Coast,1600,1-3,heavy,true,12,8.25
Sunshine Coast,1600,1-3,soft,1-3m,24,6.583
Sunshine Coast,1600,1-3,soft,10m+,30,9.333
Sunshine Coast,1600,1-3,soft,4-6m,53,10.132
Sunshine Coast,1600,1-3,soft,7-9m,44,5.636
Sunshine Coast,1600,1-3,soft,true,39,6.923
Sunshine Coast,1600,10-12,dry,1-3m,32,8.906
Sunshine Coast,1600,10-12,dry,10m+,2,7.0
Sunshine Coast,1600,10-12,dry,4-6m,32,12.344
Sunshine Coast,1600,10-12,dry,7-9m,45,9.244
Sunshine Coast,1600,10-12,dry,true,29,9.655
Sunshine Coast,1600,10-12,heavy,1-3m,6,12.0
Sunshine Coast,1600,10-12,heavy,7-9m,3,10.0
Sunshine Coast,1600,10-12,heavy,true,8,13.875
Sunshine Coast,1600,10-12,soft,1-3m,10,8.9
Sunshine Coast,1600,10-12,soft,10m+,7,9.286
Sunshine Coast,1600,10-12,soft,4-6m,20,9.25
Sunshine Coast,1600,10-12,soft,7-9m,24,8.958
Sunshine Coast,1600,10-12,soft,true,20,10.8
Sunshine Coast,1600,13+,dry,1-3m,3,10.333
Sunshine Coast,1600,13+,dry,4-6m,11,15.091
Sunshine Coast,1600,13+,dry,7-9m,7,9.714
Sunshine Coast,1600,13+,dry,true,7,10.429
Sunshine Coast,1600,13+,heavy,1-3m,1,12.0
Sunshine Coast,1600,13+,heavy,true,1,7.0
Sunshine Coast,1600,13+,soft,1-3m,1,13.0
Sunshine Coast,1600,13+,soft,4-6m,5,11.2
Sunshine Coast,1600,13+,soft,7-9m,3,9.333
Sunshine Coast,1600,13+,soft,true,9,12.778
Sunshine Coast,1600,4-6,dry,1-3m,56,7.554
Sunshine Coast,1600,4-6,dry,10m+,6,3.833
Sunshine Coast,1600,4-6,dry,4-6m,90,10.044
Sunshine Coast,1600,4-6,dry,7-9m,104,9.788
Sunshine Coast,1600,4-6,dry,true,62,7.435
Sunshine Coast,1600,4-6,heavy,1-3m,12,9.5
Sunshine Coast,1600,4-6,heavy,10m+,6,4.667
Sunshine Coast,1600,4-6,heavy,7-9m,18,8.222
Sunshine Coast,1600,4-6,heavy,true,11,11.727
Sunshine Coast,1600,4-6,soft,1-3m,24,8.167
Sunshine Coast,1600,4-6,soft,10m+,30,10.567
Sunshine Coast,1600,4-6,soft,4-6m,54,10.722
Sunshine Coast,1600,4-6,soft,7-9m,44,7.591
Sunshine Coast,1600,4-6,soft,true,39,8.256
Sunshine Coast,1600,7-9,dry,1-3m,48,8.688
Sunshine Coast,1600,7-9,dry,10m+,6,4.167
Sunshine Coast,1600,7-9,dry,4-6m,72,10.611
Sunshine Coast,1600,7-9,dry,7-9m,85,8.988
Sunshine Coast,1600,7-9,dry,true,55,8.436
Sunshine Coast,1600,7-9,heavy,1-3m,11,8.182
Sunshine Coast,1600,7-9,heavy,10m+,3,5.0
Sunshine Coast,1600,7-9,heavy,7-9m,10,7.9
Sunshine Coast,1600,7-9,heavy,true,9,11.889
Sunshine Coast,1600,7-9,soft,1-3m,20,8.9
Sunshine Coast,1600,7-9,soft,10m+,24,10.167
Sunshine Coast,1600,7-9,soft,4-6m,49,11.49
Sunshine Coast,1600,7-9,soft,7-9m,36,8.167
Sunshine Coast,1600,7-9,soft,true,33,10.515
Sunshine Coast,1800,1-3,dry,1-3m,42,7.762
Sunshine Coast,1800,1-3,dry,10m+,9,7.111
Sunshine Coast,1800,1-3,dry,4-6m,53,7.849
Sunshine Coast,1800,1-3,dry,7-9m,76,8.395
Sunshine Coast,1800,1-3,dry,true,65,9.292
Sunshine Coast,1800,1-3,heavy,1-3m,9,11.556
Sunshine Coast,1800,1-3,heavy,10m+,12,4.75
Sunshine Coast,1800,1-3,heavy,4-6m,9,16.111
Sunshine Coast,1800,1-3,heavy,7-9m,29,8.379
Sunshine Coast,1800,1-3,heavy,true,18,11.278
Sunshine Coast,1800,1-3,soft,1-3m,39,8.205
Sunshine Coast,1800,1-3,soft,10m+,17,11.0
Sunshine Coast,1800,1-3,soft,4-6m,50,10.38
Sunshine Coast,1800,1-3,soft,7-9m,39,9.923
Sunshine Coast,1800,1-3,soft,true,30,10.3
Sunshine Coast,1800,10-12,dry,1-3m,13,13.923
Sunshine Coast,1800,10-12,dry,10m+,3,9.333
Sunshine Coast,1800,10-12,dry,4-6m,9,13.667
Sunshine Coast,1800,10-12,dry,7-9m,29,11.414
Sunshine Coast,1800,10-12,dry,true,30,13.567
Sunshine Coast,1800,10-12,heavy,1-3m,3,13.0
Sunshine Coast,1800,10-12,heavy,4-6m,6,16.667
Sunshine Coast,1800,10-12,heavy,7-9m,7,12.429
Sunshine Coast,1800,10-12,heavy,true,7,21.857
Sunshine Coast,1800,10-12,soft,1-3m,11,13.273
Sunshine Coast,1800,10-12,soft,10m+,7,15.714
Sunshine Coast,1800,10-12,soft,4-6m,25,16.16
Sunshine Coast,1800,10-12,soft,7-9m,23,14.348
Sunshine Coast,1800,10-12,soft,true,15,14.0
Sunshine Coast,1800,13+,dry,1-3m,2,17.0
Sunshine Coast,1800,13+,dry,4-6m,4,15.5
Sunshine Coast,1800,13+,dry,7-9m,5,10.8
Sunshine Coast,1800,13+,dry,true,9,18.222
Sunshine Coast,1800,13+,heavy,1-3m,1,13.0
Sunshine Coast,1800,13+,heavy,4-6m,2,16.0
Sunshine Coast,1800,13+,heavy,true,3,17.667
Sunshine Coast,1800,13+,soft,4-6m,10,13.2
Sunshine Coast,1800,13+,soft,7-9m,3,8.333
Sunshine Coast,1800,13+,soft,true,6,18.0
Sunshine Coast,1800,4-6,dry,1-3m,40,9.1
Sunshine Coast,1800,4-6,dry,10m+,9,10.0
Sunshine Coast,1800,4-6,dry,4-6m,53,9.396
Sunshine Coast,1800,4-6,dry,7-9m,76,10.684
Sunshine Coast,1800,4-6,dry,true,66,11.121
Sunshine Coast,1800,4-6,heavy,1-3m,8,16.375
Sunshine Coast,1800,4-6,heavy,10m+,12,8.0
Sunshine Coast,1800,4-6,heavy,4-6m,9,21.667
Sunshine Coast,1800,4-6,heavy,7-9m,29,9.172
Sunshine Coast,1800,4-6,heavy,true,18,14.056
Sunshine Coast,1800,4-6,soft,1-3m,39,10.205
Sunshine Coast,1800,4-6,soft,10m+,18,13.944
Sunshine Coast,1800,4-6,soft,4-6m,50,11.32
Sunshine Coast,1800,4-6,soft,7-9m,39,12.487
Sunshine Coast,1800,4-6,soft,true,30,12.333
Sunshine Coast,1800,7-9,dry,1-3m,35,11.486
Sunshine Coast,1800,7-9,dry,10m+,6,12.833
Sunshine Coast,1800,7-9,dry,4-6m,36,11.389
Sunshine Coast,1800,7-9,dry,7-9m,58,11.569
Sunshine Coast,1800,7-9,dry,true,57,12.14
Sunshine Coast,1800,7-9,heavy,1-3m,4,10.5
Sunshine Coast,1800,7-9,heavy,10m+,5,9.8
Sunshine Coast,1800,7-9,heavy,4-6m,8,24.0
Sunshine Coast,1800,7-9,heavy,7-9m,15,10.733
Sunshine Coast,1800,7-9,heavy,true,12,14.833
Sunshine Coast,1800,7-9,soft,1-3m,29,12.276
Sunshine Coast,1800,7-9,soft,10m+,13,14.692
Sunshine Coast,1800,7-9,soft,4-6m,47,13.0
Sunshine Coast,1800,7-9,soft,7-9m,31,12.903
Sunshine Coast,1800,7-9,soft,true,23,14.478
Sunshine Coast,2200,1-3,dry,1-3m,12,8.75
Sunshine Coast,2200,1-3,dry,10m+,9,6.222
Sunshine Coast,2200,1-3,dry,4-6m,15,8.267
Sunshine Coast,2200,1-3,dry,7-9m,24,8.083
Sunshine Coast,2200,1-3,dry,true,27,8.593
Sunshine Coast,2200,1-3,heavy,1-3m,3,10.0
Sunshine Coast,2200,1-3,soft,1-3m,18,11.0
Sunshine Coast,2200,1-3,soft,10m+,6,3.5
Sunshine Coast,2200,1-3,soft,4-6m,32,11.875
Sunshine Coast,2200,1-3,soft,7-9m,9,7.444
Sunshine Coast,2200,1-3,soft,true,9,10.556
Sunshine Coast,2200,10-12,dry,1-3m,3,11.333
Sunshine Coast,2200,10-12,dry,10m+,4,7.5
Sunshine Coast,2200,10-12,dry,4-6m,1,5.0
Sunshine Coast,2200,10-12,dry,7-9m,9,9.556
Sunshine Coast,2200,10-12,dry,true,9,13.222
Sunshine Coast,2200,10-12,soft,1-3m,4,9.25
Sunshine Coast,2200,10-12,soft,10m+,4,10.75
Sunshine Coast,2200,10-12,soft,4-6m,12,11.75
Sunshine Coast,2200,10-12,soft,7-9m,1,14.0
Sunshine Coast,2200,10-12,soft,true,3,16.667
Sunshine Coast,2200,13+,dry,1-3m,1,23.0
Sunshine Coast,2200,13+,soft,4-6m,9,16.889
Sunshine Coast,2200,4-6,dry,1-3m,12,11.25
Sunshine Coast,2200,4-6,dry,10m+,8,9.375
Sunshine Coast,2200,4-6,dry,4-6m,14,11.786
Sunshine Coast,2200,4-6,dry,7-9m,23,10.0
Sunshine Coast,2200,4-6,dry,true,26,12.423
Sunshine Coast,2200,4-6,heavy,1-3m,3,7.667
Sunshine Coast,2200,4-6,soft,1-3m,18,12.556
Sunshine Coast,2200,4-6,soft,10m+,6,12.833
Sunshine Coast,2200,4-6,soft,4-6m,32,14.0
Sunshine Coast,2200,4-6,soft,7-9m,8,9.375
Sunshine Coast,2200,4-6,soft,true,8,10.625
Sunshine Coast,2200,7-9,dry,1-3m,5,13.8
Sunshine Coast,2200,7-9,dry,10m+,6,11.667
Sunshine Coast,2200,7-9,dry,4-6m,9,11.667
Sunshine Coast,2200,7-9,dry,7-9m,19,9.421
Sunshine Coast,2200,7-9,dry,true,21,13.476
Sunshine Coast,2200,7-9,heavy,1-3m,2,10.5
Sunshine Coast,2200,7-9,soft,1-3m,14,11.929
Sunshine Coast,2200,7-9,soft,10m+,6,11.167
Sunshine Coast,2200,7-9,soft,4-6m,24,16.542
Sunshine Coast,2200,7-9,soft,7-9m,5,8.6
Sunshine Coast,2200,7-9,soft,true,9,13.667
Sunshine Coast,2300,1-3,soft,10m+,3,9.0
Sunshine Coast,2300,10-12,soft,10m+,1,14.0
Sunshine Coast,2300,4-6,soft,10m+,3,11.0
Sunshine Coast,2300,7-9,soft,10m+,3,12.667
Sunshine Coast,2400,1-3,dry,1-3m,3,6.667
Sunshine Coast,2400,1-3,dry,true,9,10.667
Sunshine Coast,2400,1-3,heavy,true,6,15.333
Sunshine Coast,2400,1-3,soft,7-9m,3,9.333
Sunshine Coast,2400,1-3,soft,true,9,9.667
Sunshine Coast,2400,10-12,dry,1-3m,2,14.5
Sunshine Coast,2400,10-12,dry,true,6,14.167
Sunshine Coast,2400,10-12,heavy,true,4,22.0
Sunshine Coast,2400,10-12,soft,7-9m,3,10.0
Sunshine Coast,2400,10-12,soft,true,6,16.667
Sunshine Coast,2400,13+,dry,true,2,16.0
Sunshine Coast,2400,13+,heavy,true,1,20.0
Sunshine Coast,2400,13+,soft,7-9m,4,14.0
Sunshine Coast,2400,13+,soft,true,5,17.2
Sunshine Coast,2400,4-6,dry,1-3m,3,11.667
Sunshine Coast,2400,4-6,dry,true,9,8.667
Sunshine Coast,2400,4-6,heavy,true,6,15.333
Sunshine Coast,2400,4-6,soft,7-9m,3,8.333
Sunshine Coast,2400,4-6,soft,true,9,14.667
Sunshine Coast,2400,7-9,dry,1-3m,3,12.333
Sunshine Coast,2400,7-9,dry,true,8,12.375
Sunshine Coast,2400,7-9,heavy,true,6,19.833
Sunshine Coast,2400,7-9,soft,7-9m,3,9.0
Sunshine Coast,2400,7-9,soft,true,8,13.75
Toowoomba,900,1-3,dry,1-3m,110,0.436
Toowoomba,900,1-3,dry,4-6m,11,0.091
Toowoomba,900,1-3,dry,true,41,1.634
Toowoomba,900,1-3,heavy,true,6,3.667
Toowoomba,900,1-3,soft,1-3m,23,0.739
Toowoomba,900,1-3,soft,true,3,2.667
Toowoomba,900,10-12,dry,true,11,8.818
Toowoomba,900,10-12,heavy,true,3,5.0
Toowoomba,900,10-12,soft,1-3m,2,5.0
Toowoomba,900,10-12,soft,true,2,12.0
Toowoomba,900,4-6,dry,1-3m,113,2.442
Toowoomba,900,4-6,dry,4-6m,11,1.455
Toowoomba,900,4-6,dry,true,41,3.61
Toowoomba,900,4-6,heavy,true,6,4.667
Toowoomba,900,4-6,soft,1-3m,26,2.115
Toowoomba,900,4-6,soft,true,3,6.333
Toowoomba,900,7-9,dry,1-3m,52,3.788
Toowoomba,900,7-9,dry,4-6m,10,3.2
Toowoomba,900,7-9,dry,true,31,6.0
Toowoomba,900,7-9,heavy,true,4,3.5
Toowoomba,900,7-9,soft,1-3m,16,5.125
Toowoomba,900,7-9,soft,true,3,8.333
Toowoomba,1000,1-3,dry,1-3m,206,2.801
Toowoomba,1000,1-3,dry,4-6m,146,3.699
Toowoomba,1000,1-3,dry,true,114,3.649
Toowoomba,1000,1-3,heavy,1-3m,6,4.667
Toowoomba,1000,1-3,heavy,4-6m,9,0.0
Toowoomba,1000,1-3,heavy,true,12,2.833
Toowoomba,1000,1-3,soft,1-3m,33,3.242
Toowoomba,1000,1-3,soft,4-6m,62,4.742
Toowoomba,1000,1-3,soft,true,11,0.636
Toowoomba,1000,10-12,dry,1-3m,43,7.674
Toowoomba,1000,10-12,dry,4-6m,14,8.929
Toowoomba,1000,10-12,dry,true,25,9.24
Toowoomba,1000,10-12,heavy,1-3m,1,15.0
Toowoomba,1000,10-12,heavy,4-6m,2,11.0
Toowoomba,1000,10-12,heavy,true,3,14.333
Toowoomba,1000,10-12,soft,1-3m,11,8.091
Toowoomba,1000,10-12,soft,4-6m,13,9.385
Toowoomba,1000,10-12,soft,true,2,3.5
Toowoomba,1000,13+,soft,1-3m,1,0.0
Toowoomba,1000,4-6,dry,1-3m,212,4.811
Toowoomba,1000,4-6,dry,4-6m,151,5.722
Toowoomba,1000,4-6,dry,true,106,5.462
Toowoomba,1000,4-6,heavy,1-3m,5,11.2
Toowoomba,1000,4-6,heavy,4-6m,9,2.778
Toowoomba,1000,4-6,heavy,true,12,4.917
Toowoomba,1000,4-6,soft,1-3m,33,5.667
Toowoomba,1000,4-6,soft,4-6m,61,6.869
Toowoomba,1000,4-6,soft,true,12,5.667
Toowoomba,1000,7-9,dry,1-3m,164,6.64
Toowoomba,1000,7-9,dry,4-6m,107,7.215
Toowoomba,1000,7-9,dry,true,83,7.41
Toowoomba,1000,7-9,heavy,1-3m,3,13.333
Toowoomba,1000,7-9,heavy,4-6m,8,7.125
Toowoomba,1000,7-9,heavy,true,10,8.0
Toowoomba,1000,7-9,soft,1-3m,28,6.714
Toowoomba,1000,7-9,soft,4-6m,55,9.545
Toowoomba,1000,7-9,soft,true,6,6.667
Toowoomba,1100,1-3,dry,1-3m,86,3.151
Toowoomba,1100,1-3,dry,4-6m,100,3.94
Toowoomba,1100,1-3,dry,true,75,3.373
Toowoomba,1100,1-3,heavy,4-6m,3,3.667
Toowoomba,1100,1-3,heavy,true,8,5.5
Toowoomba,1100,1-3,soft,1-3m,12,5.917
Toowoomba,1100,1-3,soft,4-6m,21,4.381
Toowoomba,1100,1-3,soft,true,15,3.4
Toowoomba,1100,10-12,dry,1-3m,22,8.682
Toowoomba,1100,10-12,dry,4-6m,29,7.759
Toowoomba,1100,10-12,dry,true,33,10.818
Toowoomba,1100,10-12,heavy,4-6m,1,13.0
Toowoomba,1100,10-12,heavy,true,3,18.0
Toowoomba,1100,10-12,soft,1-3m,6,8.167
Toowoomba,1100,10-12,soft,4-6m,2,8.0
Toowoomba,1100,10-12,soft,true,5,9.6
Toowoomba,1100,13+,dry,1-3m,2,7.0
Toowoomba,1100,13+,dry,4-6m,1,11.0
Toowoomba,1100,13+,dry,true,4,9.75
Toowoomba,1100,13+,soft,1-3m,2,10.5
Toowoomba,1100,13+,soft,true,2,9.5
Toowoomba,1100,4-6,dry,1-3m,84,5.655
Toowoomba,1100,4-6,dry,4-6m,101,5.703
Toowoomba,1100,4-6,dry,true,74,5.514
Toowoomba,1100,4-6,heavy,4-6m,3,8.667
Toowoomba,1100,4-6,heavy,true,9,8.556
Toowoomba,1100,4-6,soft,1-3m,12,6.167
Toowoomba,1100,4-6,soft,4-6m,21,6.238
Toowoomba,1100,4-6,soft,true,15,4.733
Toowoomba,1100,7-9,dry,1-3m,53,6.321
Toowoomba,1100,7-9,dry,4-6m,78,6.833
Toowoomba,1100,7-9,dry,true,61,6.623
Toowoomba,1100,7-9,heavy,4-6m,3,10.667
Toowoomba,1100,7-9,heavy,true,4,16.5
Toowoomba,1100,7-9,soft,1-3m,9,9.222
Toowoomba,1100,7-9,soft,4-6m,10,6.8
Toowoomba,1100,7-9,soft,true,12,4.833
Toowoomba,1200,1-3,dry,1-3m,197,3.888
Toowoomba,1200,1-3,dry,4-6m,125,3.208
Toowoomba,1200,1-3,dry,true,154,4.123
Toowoomba,1200,1-3,heavy,4-6m,2,7.0
Toowoomba,1200,1-3,heavy,true,24,6.417
Toowoomba,1200,1-3,soft,1-3m,51,2.627
Toowoomba,1200,1-3,soft,4-6m,57,5.351
Toowoomba,1200,1-3,soft,true,11,3.545
Toowoomba,1200,10-12,dry,1-3m,93,7.527
Toowoomba,1200,10-12,dry,4-6m,32,6.875
Toowoomba,1200,10-12,dry,true,69,7.957
Toowoomba,1200,10-12,heavy,4-6m,1,5.0
Toowoomba,1200,10-12,heavy,true,14,14.357
Toowoomba,1200,10-12,soft,1-3m,22,5.364
Toowoomba,1200,10-12,soft,4-6m,19,9.158
Toowoomba,1200,10-12,soft,true,10,9.1
Toowoomba,1200,13+,dry,1-3m,8,8.5
Toowoomba,1200,13+,dry,true,12,9.25
Toowoomba,1200,13+,heavy,true,2,7.0
Toowoomba,1200,13+,soft,1-3m,2,7.0
Toowoomba,1200,13+,soft,true,1,10.0
Toowoomba,1200,4-6,dry,1-3m,200,5.52
Toowoomba,1200,4-6,dry,4-6m,125,5.176
Toowoomba,1200,4-6,dry,true,153,6.902
Toowoomba,1200,4-6,heavy,4-6m,3,4.0
Toowoomba,1200,4-6,heavy,true,24,9.042
Toowoomba,1200,4-6,soft,1-3m,51,5.314
Toowoomba,1200,4-6,soft,4-6m,56,7.071
Toowoomba,1200,4-6,soft,true,12,6.833
Toowoomba,1200,7-9,dry,1-3m,177,6.842
Toowoomba,1200,7-9,dry,4-6m,103,5.913
Toowoomba,1200,7-9,dry,true,124,7.823
Toowoomba,1200,7-9,heavy,4-6m,3,10.333
Toowoomba,1200,7-9,heavy,true,24,11.792
Toowoomba,1200,7-9,soft,1-3m,41,5.049
Toowoomba,1200,7-9,soft,4-6m,51,6.824
Toowoomba,1200,7-9,soft,true,12,8.417
Toowoomba,1300,1-3,dry,1-3m,213,4.732
Toowoomba,1300,1-3,dry,4-6m,122,5.861
Toowoomba,1300,1-3,dry,true,137,4.985
Toowoomba,1300,1-3,heavy,4-6m,3,4.667
Toowoomba,1300,1-3,heavy,true,15,3.867
Toowoomba,1300,1-3,soft,1-3m,36,3.417
Toowoomba,1300,1-3,soft,4-6m,48,6.104
Toowoomba,1300,1-3,soft,true,15,3.867
Toowoomba,1300,10-12,dry,1-3m,41,5.829
Toowoomba,1300,10-12,dry,4-6m,10,8.3
Toowoomba,1300,10-12,dry,true,61,8.197
Toowoomba,1300,10-12,heavy,true,3,9.0
Toowoomba,1300,10-12,soft,1-3m,9,8.778
Toowoomba,1300,10-12,soft,4-6m,6,12.0
Toowoomba,1300,10-12,soft,true,8,8.625
Toowoomba,1300,4-6,dry,1-3m,212,6.462
Toowoomba,1300,4-6,dry,4-6m,121,7.851
Toowoomba,1300,4-6,dry,true,138,6.051
Toowoomba,1300,4-6,heavy,4-6m,3,3.667
Toowoomba,1300,4-6,heavy,true,15,8.4
Toowoomba,1300,4-6,soft,1-3m,36,5.694
Toowoomba,1300,4-6,soft,4-6m,47,9.021
Toowoomba,1300,4-6,soft,true,15,4.4
Toowoomba,1300,7-9,dry,1-3m,181,7.188
Toowoomba,1300,7-9,dry,4-6m,93,8.516
Toowoomba,1300,7-9,dry,true,120,7.35
Toowoomba,1300,7-9,heavy,4-6m,3,7.667
Toowoomba,1300,7-9,heavy,true,15,7.467
Toowoomba,1300,7-9,soft,1-3m,30,7.167
Toowoomba,1300,7-9,soft,4-6m,42,9.048
Toowoomba,1300,7-9,soft,true,15,7.6
Toowoomba,1600,1-3,dry,1-3m,177,4.802
Toowoomba,1600,1-3,dry,4-6m,99,6.566
Toowoomba,1600,1-3,dry,true,132,6.864
Toowoomba,1600,1-3,heavy,true,24,7.0
Toowoomba,1600,1-3,soft,1-3m,24,7.125
Toowoomba,1600,1-3,soft,4-6m,35,5.143
Toowoomba,1600,1-3,soft,true,15,6.0
Toowoomba,1600,10-12,dry,1-3m,11,9.364
Toowoomba,1600,10-12,dry,4-6m,3,14.667
Toowoomba,1600,10-12,dry,true,55,12.364
Toowoomba,1600,10-12,heavy,true,7,16.857
Toowoomba,1600,10-12,soft,1-3m,5,13.0
Toowoomba,1600,10-12,soft,true,12,13.083
Toowoomba,1600,4-6,dry,1-3m,177,7.328
Toowoomba,1600,4-6,dry,4-6m,98,8.663
Toowoomba,1600,4-6,dry,true,130,10.331
Toowoomba,1600,4-6,heavy,true,24,10.083
Toowoomba,1600,4-6,soft,1-3m,23,9.261
Toowoomba,1600,4-6,soft,4-6m,35,8.457
Toowoomba,1600,4-6,soft,true,15,9.933
Toowoomba,1600,7-9,dry,1-3m,142,8.486
Toowoomba,1600,7-9,dry,4-6m,72,10.083
Toowoomba,1600,7-9,dry,true,119,11.546
Toowoomba,1600,7-9,heavy,true,20,13.2
Toowoomba,1600,7-9,soft,1-3m,20,9.8
Toowoomba,1600,7-9,soft,4-6m,26,11.0
Toowoomba,1600,7-9,soft,true,14,11.143
Toowoomba,1800,1-3,dry,1-3m,23,2.652
Toowoomba,1800,1-3,dry,4-6m,19,0.474
Toowoomba,1800,1-3,dry,true,5,0.8
Toowoomba,1800,1-3,soft,1-3m,3,16.667
Toowoomba,1800,1-3,soft,true,3,1.667
Toowoomba,1800,10-12,soft,true,3,7.667
Toowoomba,1800,4-6,dry,1-3m,25,3.0
Toowoomba,1800,4-6,dry,4-6m,21,2.762
Toowoomba,1800,4-6,dry,true,6,4.833
Toowoomba,1800,4-6,soft,1-3m,3,26.333
Toowoomba,1800,4-6,soft,true,3,9.333
Toowoomba,1800,7-9,dry,1-3m,19,2.684
Toowoomba,1800,7-9,dry,4-6m,12,6.167
Toowoomba,1800,7-9,dry,true,5,10.8
Toowoomba,1800,7-9,soft,true,3,8.667
Toowoomba,1900,1-3,dry,1-3m,72,5.917
Toowoomba,1900,1-3,dry,4-6m,41,8.073
Toowoomba,1900,1-3,dry,true,51,7.588
Toowoomba,1900,1-3,heavy,1-3m,6,9.0
Toowoomba,1900,1-3,heavy,4-6m,3,5.667
Toowoomba,1900,1-3,heavy,true,6,7.667
Toowoomba,1900,1-3,soft,1-3m,12,5.167
Toowoomba,1900,1-3,soft,4-6m,9,19.111
Toowoomba,1900,1-3,soft,true,3,2.333
Toowoomba,1900,10-12,dry,1-3m,14,6.571
Toowoomba,1900,10-12,dry,4-6m,10,14.4
Toowoomba,1900,10-12,dry,true,11,12.909
Toowoomba,1900,10-12,heavy,1-3m,1,14.0
Toowoomba,1900,10-12,heavy,true,2,16.0
Toowoomba,1900,10-12,soft,1-3m,7,13.286
Toowoomba,1900,10-12,soft,4-6m,3,27.0
Toowoomba,1900,13+,dry,4-6m,2,9.0
Toowoomba,1900,4-6,dry,1-3m,72,7.069
Toowoomba,1900,4-6,dry,4-6m,43,9.512
Toowoomba,1900,4-6,dry,true,50,10.48
Toowoomba,1900,4-6,heavy,1-3m,6,6.5
Toowoomba,1900,4-6,heavy,4-6m,3,8.0
Toowoomba,1900,4-6,heavy,true,6,13.333
Toowoomba,1900,4-6,soft,1-3m,12,6.75
Toowoomba,1900,4-6,soft,4-6m,9,21.556
Toowoomba,1900,4-6,soft,true,3,8.667
Toowoomba,1900,7-9,dry,1-3m,49,8.857
Toowoomba,1900,7-9,dry,4-6m,38,10.237
Toowoomba,1900,7-9,dry,true,38,12.421
Toowoomba,1900,7-9,heavy,1-3m,4,10.75
Toowoomba,1900,7-9,heavy,4-6m,1,9.0
Toowoomba,1900,7-9,heavy,true,5,16.4
Toowoomba,1900,7-9,soft,1-3m,12,9.75
Toowoomba,1900,7-9,soft,4-6m,9,20.222
Toowoomba,1900,7-9,soft,true,2,8.5
Toowoomba,2000,1-3,dry,1-3m,21,5.286
Toowoomba,2000,1-3,dry,4-6m,14,4.286
Toowoomba,2000,1-3,dry,true,24,6.667
Toowoomba,2000,1-3,heavy,true,3,5.333
Toowoomba,2000,1-3,soft,1-3m,9,4.444
Toowoomba,2000,1-3,soft,4-6m,12,7.417
Toowoomba,2000,10-12,dry,1-3m,5,8.6
Toowoomba,2000,10-12,dry,4-6m,6,8.333
Toowoomba,2000,10-12,dry,true,10,15.5
Toowoomba,2000,10-12,heavy,true,3,14.667
Toowoomba,2000,10-12,soft,4-6m,3,16.667
Toowoomba,2000,13+,dry,1-3m,1,-1.0
Toowoomba,2000,13+,dry,true,6,17.0
Toowoomba,2000,13+,heavy,true,2,8.5
Toowoomba,2000,4-6,dry,1-3m,21,7.048
Toowoomba,2000,4-6,dry,4-6m,14,5.714
Toowoomba,2000,4-6,dry,true,24,10.875
Toowoomba,2000,4-6,heavy,true,3,5.333
Toowoomba,2000,4-6,soft,1-3m,9,8.667
Toowoomba,2000,4-6,soft,4-6m,12,8.0
Toowoomba,2000,7-9,dry,1-3m,20,8.7
Toowoomba,2000,7-9,dry,4-6m,13,9.385
Toowoomba,2000,7-9,dry,true,20,11.8
Toowoomba,2000,7-9,heavy,true,3,14.0
Toowoomba,2000,7-9,soft,1-3m,6,7.667
Toowoomba,2000,7-9,soft,4-6m,11,14.091
Toowoomba,2200,1-3,dry,1-3m,20,3.7
Toowoomba,2200,1-3,dry,4-6m,14,5.214
Toowoomba,2200,1-3,dry,true,9,7.222
Toowoomba,2200,1-3,soft,1-3m,9,3.667
Toowoomba,2200,1-3,soft,4-6m,11,4.273
Toowoomba,2200,10-12,dry,1-3m,3,9.333
Toowoomba,2200,10-12,dry,4-6m,4,11.0
Toowoomba,2200,10-12,dry,true,4,3.75
Toowoomba,2200,10-12,soft,4-6m,1,7.0
Toowoomba,2200,13+,dry,true,1,12.0
Toowoomba,2200,4-6,dry,1-3m,21,7.143
Toowoomba,2200,4-6,dry,4-6m,13,7.154
Toowoomba,2200,4-6,dry,true,9,10.556
Toowoomba,2200,4-6,soft,1-3m,9,9.333
Toowoomba,2200,4-6,soft,4-6m,11,4.727
Toowoomba,2200,7-9,dry,1-3m,16,7.875
Toowoomba,2200,7-9,dry,4-6m,11,9.636
Toowoomba,2200,7-9,dry,true,6,7.167
Toowoomba,2200,7-9,soft,1-3m,6,8.5
Toowoomba,2200,7-9,soft,4-6m,5,8.0
Townsville,1000,1-3,dry,1-3m,30,0.067
Townsville,1000,1-3,dry,4-6m,149,3.819
Townsville,1000,1-3,dry,7-9m,18,2.444
Townsville,1000,1-3,dry,true,140,1.257
Townsville,1000,1-3,heavy,4-6m,9,3.111
Townsville,1000,1-3,soft,1-3m,41,2.854
Townsville,1000,1-3,soft,4-6m,118,1.771
Townsville,1000,1-3,soft,7-9m,30,3.233
Townsville,1000,1-3,soft,true,108,2.361
Townsville,1000,10-12,dry,1-3m,14,4.786
Townsville,1000,10-12,dry,4-6m,54,7.0
Townsville,1000,10-12,dry,7-9m,4,1.75
Townsville,1000,10-12,dry,true,79,4.013
Townsville,1000,10-12,heavy,4-6m,3,9.0
Townsville,1000,10-12,soft,1-3m,11,5.818
Townsville,1000,10-12,soft,4-6m,51,5.275
Townsville,1000,10-12,soft,7-9m,2,3.5
Townsville,1000,10-12,soft,true,59,6.915
Townsville,1000,13+,dry,1-3m,2,5.0
Townsville,1000,13+,dry,4-6m,11,8.273
Townsville,1000,13+,dry,true,34,4.471
Townsville,1000,13+,soft,1-3m,6,8.333
Townsville,1000,13+,soft,4-6m,10,8.4
Townsville,1000,13+,soft,true,16,7.875
Townsville,1000,4-6,dry,1-3m,31,1.903
Townsville,1000,4-6,dry,4-6m,151,5.053
Townsville,1000,4-6,dry,7-9m,18,2.833
Townsville,1000,4-6,dry,true,146,2.616
Townsville,1000,4-6,heavy,4-6m,9,5.333
Townsville,1000,4-6,soft,1-3m,44,2.955
Townsville,1000,4-6,soft,4-6m,121,3.008
Townsville,1000,4-6,soft,7-9m,29,4.552
Townsville,1000,4-6,soft,true,106,3.811
Townsville,1000,7-9,dry,1-3m,24,3.292
Townsville,1000,7-9,dry,4-6m,114,6.079
Townsville,1000,7-9,dry,7-9m,15,4.133
Townsville,1000,7-9,dry,true,122,3.967
Townsville,1000,7-9,heavy,4-6m,8,5.5
Townsville,1000,7-9,soft,1-3m,35,4.314
Townsville,1000,7-9,soft,4-6m,100,4.81
Townsville,1000,7-9,soft,7-9m,17,6.706
Townsville,1000,7-9,soft,true,84,5.179
Townsville,1200,1-3,dry,1-3m,33,2.364
Townsville,1200,1-3,dry,4-6m,129,4.775
Townsville,1200,1-3,dry,7-9m,14,2.071
Townsville,1200,1-3,dry,true,105,3.876
Townsville,1200,1-3,heavy,1-3m,3,6.0
Townsville,1200,1-3,heavy,4-6m,3,4.667
Townsville,1200,1-3,soft,1-3m,36,2.5
Townsville,1200,1-3,soft,4-6m,107,3.514
Townsville,1200,1-3,soft,7-9m,35,1.371
Townsville,1200,1-3,soft,true,72,3.139
Townsville,1200,10-12,dry,1-3m,17,6.882
Townsville,1200,10-12,dry,4-6m,50,8.42
Townsville,1200,10-12,dry,7-9m,4,3.25
Townsville,1200,10-12,dry,true,56,8.625
Townsville,1200,10-12,heavy,4-6m,2,9.5
Townsville,1200,10-12,soft,1-3m,5,7.2
Townsville,1200,10-12,soft,4-6m,43,6.953
Townsville,1200,10-12,soft,7-9m,22,6.545
Townsville,1200,10-12,soft,true,51,7.333
Townsville,1200,13+,dry,1-3m,6,11.167
Townsville,1200,13+,dry,4-6m,8,8.25
Townsville,1200,13+,dry,true,26,10.769
Townsville,1200,13+,soft,1-3m,2,6.0
Townsville,1200,13+,soft,4-6m,7,6.857
Townsville,1200,13+,soft,true,28,10.179
Townsville,1200,4-6,dry,1-3m,33,4.424
Townsville,1200,4-6,dry,4-6m,136,6.213
Townsville,1200,4-6,dry,7-9m,14,3.429
Townsville,1200,4-6,dry,true,106,5.189
Townsville,1200,4-6,heavy,1-3m,3,4.333
Townsville,1200,4-6,heavy,4-6m,3,4.0
Townsville,1200,4-6,soft,1-3m,34,4.412
Townsville,1200,4-6,soft,4-6m,110,5.664
Townsville,1200,4-6,soft,7-9m,34,3.853
Townsville,1200,4-6,soft,true,79,4.696
Townsville,1200,7-9,dry,1-3m,32,5.156
Townsville,1200,7-9,dry,4-6m,114,7.649
Townsville,1200,7-9,dry,7-9m,14,5.5
Townsville,1200,7-9,dry,true,94,7.521
Townsville,1200,7-9,heavy,1-3m,1,6.0
Townsville,1200,7-9,heavy,4-6m,3,9.333
Townsville,1200,7-9,soft,1-3m,25,6.24
Townsville,1200,7-9,soft,4-6m,88,6.818
Townsville,1200,7-9,soft,7-9m,34,5.471
Townsville,1200,7-9,soft,true,72,5.889
Townsville,1300,1-3,dry,1-3m,3,6.0
Townsville,1300,1-3,dry,4-6m,17,5.471
Townsville,1300,1-3,dry,7-9m,6,6.167
Townsville,1300,1-3,dry,true,58,4.31
Townsville,1300,1-3,soft,1-3m,6,3.667
Townsville,1300,1-3,soft,4-6m,26,3.769
Townsville,1300,1-3,soft,7-9m,9,3.667
Townsville,1300,1-3,soft,true,15,2.0
Townsville,1300,10-12,dry,1-3m,3,9.667
Townsville,1300,10-12,dry,4-6m,6,4.833
Townsville,1300,10-12,dry,7-9m,5,5.8
Townsville,1300,10-12,dry,true,48,8.792
Townsville,1300,10-12,soft,1-3m,3,5.667
Townsville,1300,10-12,soft,4-6m,18,6.111
Townsville,1300,10-12,soft,7-9m,2,7.5
Townsville,1300,10-12,soft,true,7,5.571
Townsville,1300,13+,dry,true,37,9.486
Townsville,1300,13+,soft,1-3m,1,7.0
Townsville,1300,13+,soft,4-6m,3,3.333
Townsville,1300,4-6,dry,1-3m,3,4.667
Townsville,1300,4-6,dry,4-6m,16,6.375
Townsville,1300,4-6,dry,7-9m,6,5.167
Townsville,1300,4-6,dry,true,60,6.0
Townsville,1300,4-6,soft,1-3m,6,5.5
Townsville,1300,4-6,soft,4-6m,26,4.5
Townsville,1300,4-6,soft,7-9m,8,7.0
Townsville,1300,4-6,soft,true,15,5.0
Townsville,1300,7-9,dry,1-3m,3,7.0
Townsville,1300,7-9,dry,4-6m,13,6.462
Townsville,1300,7-9,dry,7-9m,5,7.2
Townsville,1300,7-9,dry,true,55,6.2
Townsville,1300,7-9,soft,1-3m,6,5.5
Townsville,1300,7-9,soft,4-6m,24,6.417
Townsville,1300,7-9,soft,7-9m,3,8.0
Townsville,1300,7-9,soft,true,14,5.714
Townsville,1400,1-3,dry,1-3m,26,3.308
Townsville,1400,1-3,dry,4-6m,104,5.529
Townsville,1400,1-3,dry,7-9m,12,3.667
Townsville,1400,1-3,dry,true,75,3.733
Townsville,1400,1-3,heavy,1-3m,3,4.333
Townsville,1400,1-3,soft,1-3m,23,4.478
Townsville,1400,1-3,soft,4-6m,70,2.586
Townsville,1400,1-3,soft,7-9m,15,2.8
Townsville,1400,1-3,soft,true,62,3.661
Townsville,1400,10-12,dry,1-3m,1,-1.0
Townsville,1400,10-12,dry,4-6m,33,8.333
Townsville,1400,10-12,dry,7-9m,6,6.833
Townsville,1400,10-12,dry,true,46,7.413
Townsville,1400,10-12,soft,1-3m,10,6.7
Townsville,1400,10-12,soft,4-6m,28,5.964
Townsville,1400,10-12,soft,7-9m,14,4.5
Townsville,1400,10-12,soft,true,19,8.579
Townsville,1400,13+,dry,4-6m,7,8.571
Townsville,1400,13+,dry,7-9m,1,3.0
Townsville,1400,13+,dry,true,35,8.486
Townsville,1400,13+,soft,1-3m,4,8.0
Townsville,1400,13+,soft,4-6m,3,9.0
Townsville,1400,13+,soft,7-9m,4,6.25
Townsville,1400,13+,soft,true,6,7.833
Townsville,1400,4-6,dry,1-3m,26,4.769
Townsville,1400,4-6,dry,4-6m,103,6.175
Townsville,1400,4-6,dry,7-9m,12,3.583
Townsville,1400,4-6,dry,true,76,4.961
Townsville,1400,4-6,heavy,1-3m,3,7.0
Townsville,1400,4-6,soft,1-3m,24,5.0
Townsville,1400,4-6,soft,4-6m,68,4.118
Townsville,1400,4-6,soft,7-9m,15,5.8
Townsville,1400,4-6,soft,true,60,5.367
Townsville,1400,7-9,dry,1-3m,13,4.615
Townsville,1400,7-9,dry,4-6m,79,6.342
Townsville,1400,7-9,dry,7-9m,11,4.091
Townsville,1400,7-9,dry,true,68,6.221
Townsville,1400,7-9,heavy,1-3m,1,8.0
Townsville,1400,7-9,soft,1-3m,18,7.667
Townsville,1400,7-9,soft,4-6m,60,4.283
Townsville,1400,7-9,soft,7-9m,15,5.133
Townsville,1400,7-9,soft,true,43,6.488
Townsville,1600,1-3,dry,1-3m,9,3.556
Townsville,1600,1-3,dry,4-6m,57,8.421
Townsville,1600,1-3,dry,7-9m,3,4.333
Townsville,1600,1-3,dry,true,53,6.434
Townsville,1600,1-3,soft,1-3m,6,6.167
Townsville,1600,1-3,soft,4-6m,50,7.34
Townsville,1600,1-3,soft,7-9m,18,5.5
Townsville,1600,1-3,soft,true,44,7.455
Townsville,1600,10-12,dry,4-6m,8,7.25
Townsville,1600,10-12,dry,7-9m,2,10.0
Townsville,1600,10-12,dry,true,32,13.344
Townsville,1600,10-12,soft,4-6m,16,11.812
Townsville,1600,10-12,soft,7-9m,4,7.25
Townsville,1600,10-12,soft,true,15,13.133
Townsville,1600,13+,dry,true,12,14.5
Townsville,1600,13+,soft,4-6m,1,17.0
Townsville,1600,13+,soft,true,7,14.143
Townsville,1600,4-6,dry,1-3m,9,7.556
Townsville,1600,4-6,dry,4-6m,58,9.931
Townsville,1600,4-6,dry,7-9m,3,9.333
Townsville,1600,4-6,dry,true,53,8.642
Townsville,1600,4-6,soft,1-3m,6,6.333
Townsville,1600,4-6,soft,4-6m,50,8.68
Townsville,1600,4-6,soft,7-9m,18,6.278
Townsville,1600,4-6,soft,true,43,10.558
Townsville,1600,7-9,dry,1-3m,5,8.4
Townsville,1600,7-9,dry,4-6m,34,9.706
Townsville,1600,7-9,dry,7-9m,3,7.333
Townsville,1600,7-9,dry,true,48,11.208
Townsville,1600,7-9,soft,1-3m,2,9.0
Townsville,1600,7-9,soft,4-6m,34,11.176
Townsville,1600,7-9,soft,7-9m,13,8.462
Townsville,1600,7-9,soft,true,37,12.297
Townsville,2000,1-3,dry,1-3m,3,8.0
Townsville,2000,1-3,dry,4-6m,6,10.667
Townsville,2000,1-3,dry,true,21,14.905
Townsville,2000,1-3,soft,4-6m,6,22.833
Townsville,2000,1-3,soft,true,3,14.667
Townsville,2000,10-12,dry,1-3m,2,17.0
Townsville,2000,10-12,dry,4-6m,2,16.0
Townsville,2000,10-12,dry,true,18,18.5
Townsville,2000,10-12,soft,true,2,23.0
Townsville,2000,13+,dry,true,19,20.316
Townsville,2000,4-6,dry,1-3m,3,10.667
Townsville,2000,4-6,dry,4-6m,6,12.167
Townsville,2000,4-6,dry,true,20,16.1
Townsville,2000,4-6,soft,4-6m,5,26.0
Townsville,2000,4-6,soft,true,3,14.333
Townsville,2000,7-9,dry,1-3m,3,14.333
Townsville,2000,7-9,dry,4-6m,3,10.333
Townsville,2000,7-9,dry,true,19,20.105
Townsville,2000,7-9,soft,4-6m,1,34.0
Townsville,2000,7-9,soft,true,3,18.667
Warwick,800,1-3,dry,true,36,1.806
Warwick,800,1-3,soft,true,18,2.389
Warwick,800,10-12,dry,true,15,5.4
Warwick,800,10-12,soft,true,2,2.5
Warwick,800,4-6,dry,true,35,2.943
Warwick,800,4-6,soft,true,18,2.944
Warwick,800,7-9,dry,true,32,5.125
Warwick,800,7-9,soft,true,11,3.909
Warwick,1100,1-3,dry,true,27,3.963
Warwick,1100,1-3,soft,true,6,2.167
Warwick,1100,10-12,dry,true,8,8.625
Warwick,1100,10-12,soft,true,3,4.333
Warwick,1100,13+,soft,true,2,5.0
Warwick,1100,4-6,dry,true,27,5.778
Warwick,1100,4-6,soft,true,6,4.5
Warwick,1100,7-9,dry,true,25,7.24
Warwick,1100,7-9,soft,true,6,1.167
Warwick,1200,1-3,dry,true,42,3.5
Warwick,1200,1-3,soft,true,9,2.556
Warwick,1200,10-12,dry,true,21,7.81
Warwick,1200,10-12,soft,true,3,8.0
Warwick,1200,13+,dry,true,7,9.0
Warwick,1200,4-6,dry,true,42,5.357
Warwick,1200,4-6,soft,true,9,2.444
Warwick,1200,7-9,dry,true,40,6.275
Warwick,1200,7-9,soft,true,9,4.778
Warwick,1400,1-3,dry,true,63,5.159
Warwick,1400,1-3,soft,true,11,3.909
Warwick,1400,10-12,dry,true,35,7.486
Warwick,1400,10-12,soft,true,9,5.556
Warwick,1400,13+,dry,true,9,9.444
Warwick,1400,13+,soft,true,4,7.75
Warwick,1400,4-6,dry,true,62,5.371
Warwick,1400,4-6,soft,true,12,3.75
Warwick,1400,7-9,dry,true,54,6.741
Warwick,1400,7-9,soft,true,9,3.333
Warwick,1500,1-3,dry,true,27,4.296
Warwick,1500,1-3,soft,true,9,4.222
Warwick,1500,10-12,dry,true,20,7.15
Warwick,1500,10-12,soft,true,6,6.333
Warwick,1500,13+,dry,true,7,9.143
Warwick,1500,13+,soft,true,2,12.5
Warwick,1500,4-6,dry,true,27,6.704
Warwick,1500,4-6,soft,true,9,5.667
Warwick,1500,7-9,dry,true,26,6.5
Warwick,1500,7-9,soft,true,9,8.0
Warwick,2000,1-3,dry,true,3,11.667
Warwick,2000,4-6,dry,true,3,13.333
Warwick,2000,7-9,dry,true,2,12.5
