track,dist,bg,gb,rl,n,mean
Balaklava,1000,1-3,dry,1-3m,12,1.025
Balaklava,1000,1-3,dry,true,18,2.256
Balaklava,1000,1-3,heavy,true,3,1.7
Balaklava,1000,1-3,soft,1-3m,6,1.817
Balaklava,1000,1-3,soft,7-9m,9,1.667
Balaklava,1000,1-3,soft,true,20,2.39
Balaklava,1000,10-12,dry,1-3m,2,3.65
Balaklava,1000,10-12,dry,true,8,5.85
Balaklava,1000,10-12,heavy,true,1,3.3
Balaklava,1000,10-12,soft,1-3m,6,2.467
Balaklava,1000,10-12,soft,7-9m,4,1.35
Balaklava,1000,10-12,soft,true,14,3.471
Balaklava,1000,13+,dry,true,2,0.9
Balaklava,1000,4-6,dry,1-3m,12,1.417
Balaklava,1000,4-6,dry,true,18,3.139
Balaklava,1000,4-6,heavy,true,3,1.2
Balaklava,1000,4-6,soft,1-3m,6,1.467
Balaklava,1000,4-6,soft,7-9m,9,2.133
Balaklava,1000,4-6,soft,true,21,2.557
Balaklava,1000,7-9,dry,1-3m,12,2.95
Balaklava,1000,7-9,dry,true,18,3.428
Balaklava,1000,7-9,heavy,true,3,3.867
Balaklava,1000,7-9,soft,1-3m,6,2.733
Balaklava,1000,7-9,soft,7-9m,9,3.611
Balaklava,1000,7-9,soft,true,20,2.215
Balaklava,1200,1-3,dry,1-3m,6,4.283
Balaklava,1200,1-3,dry,true,21,2.314
Balaklava,1200,1-3,heavy,true,6,2.167
Balaklava,1200,1-3,soft,1-3m,3,2.5
Balaklava,1200,1-3,soft,true,24,2.662
Balaklava,1200,10-12,dry,1-3m,4,5.425
Balaklava,1200,10-12,dry,true,7,4.471
Balaklava,1200,10-12,heavy,true,1,5.0
Balaklava,1200,10-12,soft,1-3m,2,7.2
Balaklava,1200,10-12,soft,true,12,6.342
Balaklava,1200,13+,soft,true,7,6.8
Balaklava,1200,4-6,dry,1-3m,6,2.2
Balaklava,1200,4-6,dry,true,21,3.176
Balaklava,1200,4-6,heavy,true,6,3.6
Balaklava,1200,4-6,soft,1-3m,3,4.1
Balaklava,1200,4-6,soft,true,23,4.217
Balaklava,1200,7-9,dry,1-3m,6,1.6
Balaklava,1200,7-9,dry,true,18,3.717
Balaklava,1200,7-9,heavy,true,6,4.6
Balaklava,1200,7-9,soft,1-3m,3,2.7
Balaklava,1200,7-9,soft,true,20,3.715
Balaklava,1300,1-3,dry,1-3m,3,2.967
Balaklava,1300,1-3,dry,true,3,4.033
Balaklava,1300,10-12,dry,1-3m,3,6.267
Balaklava,1300,13+,dry,1-3m,1,11.3
Balaklava,1300,4-6,dry,1-3m,3,3.433
Balaklava,1300,4-6,dry,true,3,1.367
Balaklava,1300,7-9,dry,1-3m,3,8.067
Balaklava,1300,7-9,dry,true,3,3.2
Balaklava,1400,1-3,dry,1-3m,6,1.933
Balaklava,1400,1-3,dry,true,21,3.11
Balaklava,1400,1-3,heavy,true,6,4.7
Balaklava,1400,1-3,soft,1-3m,6,3.083
Balaklava,1400,1-3,soft,7-9m,6,3.05
Balaklava,1400,1-3,soft,true,9,1.133
Balaklava,1400,10-12,dry,true,11,5.064
Balaklava,1400,10-12,heavy,true,4,8.5
Balaklava,1400,10-12,soft,1-3m,6,3.85
Balaklava,1400,10-12,soft,7-9m,4,5.8
Balaklava,1400,10-12,soft,true,6,3.733
Balaklava,1400,13+,soft,1-3m,1,12.2
Balaklava,1400,13+,soft,7-9m,4,7.3
Balaklava,1400,4-6,dry,1-3m,6,1.95
Balaklava,1400,4-6,dry,true,21,2.776
Balaklava,1400,4-6,heavy,true,6,2.367
Balaklava,1400,4-6,soft,1-3m,6,4.217
Balaklava,1400,4-6,soft,7-9m,6,4.8
Balaklava,1400,4-6,soft,true,9,2.8
Balaklava,1400,7-9,dry,1-3m,3,4.167
Balaklava,1400,7-9,dry,true,19,4.858
Balaklava,1400,7-9,heavy,true,6,5.217
Balaklava,1400,7-9,soft,1-3m,6,3.783
Balaklava,1400,7-9,soft,7-9m,6,6.383
Balaklava,1400,7-9,soft,true,9,4.189
Balaklava,1600,1-3,dry,1-3m,9,4.611
Balaklava,1600,1-3,dry,true,21,2.671
Balaklava,1600,1-3,soft,1-3m,3,6.633
Balaklava,1600,1-3,soft,true,12,4.242
Balaklava,1600,10-12,dry,1-3m,5,3.2
Balaklava,1600,10-12,dry,true,7,3.357
Balaklava,1600,10-12,soft,1-3m,3,11.133
Balaklava,1600,10-12,soft,true,8,8.05
Balaklava,1600,13+,dry,1-3m,1,0.0
Balaklava,1600,13+,dry,true,4,4.225
Balaklava,1600,13+,soft,1-3m,4,8.775
Balaklava,1600,13+,soft,true,5,6.56
Balaklava,1600,4-6,dry,1-3m,9,3.411
Balaklava,1600,4-6,dry,true,21,3.533
Balaklava,1600,4-6,soft,1-3m,3,5.667
Balaklava,1600,4-6,soft,true,12,4.9
Balaklava,1600,7-9,dry,1-3m,9,4.1
Balaklava,1600,7-9,dry,true,15,3.7
Balaklava,1600,7-9,soft,1-3m,3,10.9
Balaklava,1600,7-9,soft,true,12,5.342
Balaklava,2200,1-3,dry,1-3m,3,2.167
Balaklava,2200,1-3,dry,true,8,3.088
Balaklava,2200,1-3,heavy,true,6,1.75
Balaklava,2200,1-3,soft,1-3m,3,4.267
Balaklava,2200,1-3,soft,7-9m,6,2.383
Balaklava,2200,1-3,soft,true,9,3.0
Balaklava,2200,10-12,dry,true,3,4.1
Balaklava,2200,10-12,heavy,true,3,6.733
Balaklava,2200,10-12,soft,1-3m,2,3.65
Balaklava,2200,10-12,soft,7-9m,1,2.2
Balaklava,2200,10-12,soft,true,7,4.086
Balaklava,2200,13+,dry,true,2,4.0
Balaklava,2200,13+,heavy,true,2,5.85
Balaklava,2200,13+,soft,true,1,12.6
Balaklava,2200,4-6,dry,1-3m,3,4.833
Balaklava,2200,4-6,dry,true,8,4.462
Balaklava,2200,4-6,heavy,true,6,5.617
Balaklava,2200,4-6,soft,1-3m,3,6.1
Balaklava,2200,4-6,soft,7-9m,6,2.633
Balaklava,2200,4-6,soft,true,9,4.722
Balaklava,2200,7-9,dry,1-3m,3,3.2
Balaklava,2200,7-9,dry,true,7,3.857
Balaklava,2200,7-9,heavy,true,5,6.86
Balaklava,2200,7-9,soft,1-3m,3,4.2
Balaklava,2200,7-9,soft,7-9m,4,4.025
Balaklava,2200,7-9,soft,true,9,5.411
Balaklava,2400,1-3,dry,1-3m,1,2.3
Balaklava,2400,4-6,dry,1-3m,3,1.667
Ballarat,1000,1-3,dry,1-3m,6,4.967
Ballarat,1000,1-3,dry,4-6m,6,2.533
Ballarat,1000,1-3,dry,7-9m,15,1.667
Ballarat,1000,1-3,dry,true,15,2.587
Ballarat,1000,1-3,heavy,4-6m,5,2.6
Ballarat,1000,1-3,heavy,7-9m,3,2.267
Ballarat,1000,1-3,soft,4-6m,15,2.233
Ballarat,1000,1-3,soft,7-9m,6,2.867
Ballarat,1000,10-12,dry,1-3m,3,3.433
Ballarat,1000,10-12,dry,4-6m,1,0.2
Ballarat,1000,10-12,dry,7-9m,1,0.0
Ballarat,1000,10-12,dry,true,6,2.333
Ballarat,1000,10-12,heavy,7-9m,1,0.7
Ballarat,1000,10-12,soft,4-6m,5,3.82
Ballarat,1000,13+,dry,1-3m,1,6.4
Ballarat,1000,13+,dry,true,1,0.0
Ballarat,1000,4-6,dry,1-3m,6,1.183
Ballarat,1000,4-6,dry,4-6m,6,2.15
Ballarat,1000,4-6,dry,7-9m,15,2.713
Ballarat,1000,4-6,dry,true,15,3.027
Ballarat,1000,4-6,heavy,4-6m,6,2.05
Ballarat,1000,4-6,heavy,7-9m,3,3.167
Ballarat,1000,4-6,soft,4-6m,15,1.933
Ballarat,1000,4-6,soft,7-9m,6,2.033
Ballarat,1000,7-9,dry,1-3m,6,1.883
Ballarat,1000,7-9,dry,4-6m,5,0.72
Ballarat,1000,7-9,dry,7-9m,12,1.9
Ballarat,1000,7-9,dry,true,12,2.667
Ballarat,1000,7-9,heavy,4-6m,2,1.9
Ballarat,1000,7-9,heavy,7-9m,3,3.167
Ballarat,1000,7-9,soft,4-6m,12,2.642
Ballarat,1000,7-9,soft,7-9m,2,1.15
Ballarat,1100,1-3,dry,7-9m,6,3.017
Ballarat,1100,1-3,dry,true,9,2.444
Ballarat,1100,1-3,heavy,7-9m,3,1.5
Ballarat,1100,1-3,soft,4-6m,3,4.233
Ballarat,1100,1-3,soft,true,6,2.617
Ballarat,1100,10-12,dry,7-9m,2,0.8
Ballarat,1100,10-12,dry,true,7,2.571
Ballarat,1100,10-12,heavy,7-9m,1,1.2
Ballarat,1100,10-12,soft,4-6m,1,0.0
Ballarat,1100,10-12,soft,true,2,2.15
Ballarat,1100,13+,dry,true,2,4.1
Ballarat,1100,4-6,dry,7-9m,6,2.1
Ballarat,1100,4-6,dry,true,9,2.267
Ballarat,1100,4-6,heavy,7-9m,3,1.167
Ballarat,1100,4-6,soft,4-6m,3,3.967
Ballarat,1100,4-6,soft,true,6,2.233
Ballarat,1100,7-9,dry,7-9m,5,2.06
Ballarat,1100,7-9,dry,true,9,2.733
Ballarat,1100,7-9,heavy,7-9m,3,1.0
Ballarat,1100,7-9,soft,4-6m,3,3.767
Ballarat,1100,7-9,soft,true,6,2.833
Ballarat,1200,1-3,dry,1-3m,9,1.856
Ballarat,1200,1-3,dry,4-6m,9,2.656
Ballarat,1200,1-3,dry,7-9m,15,1.9
Ballarat,1200,1-3,dry,true,30,2.44
Ballarat,1200,1-3,heavy,4-6m,9,2.433
Ballarat,1200,1-3,heavy,7-9m,9,2.1
Ballarat,1200,1-3,soft,4-6m,6,1.617
Ballarat,1200,1-3,soft,true,12,1.875
Ballarat,1200,10-12,dry,1-3m,6,3.083
Ballarat,1200,10-12,dry,4-6m,5,9.04
Ballarat,1200,10-12,dry,7-9m,4,4.0
Ballarat,1200,10-12,dry,true,19,3.2
Ballarat,1200,10-12,heavy,4-6m,1,0.8
Ballarat,1200,10-12,heavy,7-9m,5,3.54
Ballarat,1200,10-12,soft,4-6m,3,5.3
Ballarat,1200,10-12,soft,true,4,3.1
Ballarat,1200,13+,dry,1-3m,3,6.067
Ballarat,1200,13+,dry,4-6m,2,10.5
Ballarat,1200,13+,dry,true,2,3.5
Ballarat,1200,13+,soft,true,1,0.4
Ballarat,1200,4-6,dry,1-3m,9,4.178
Ballarat,1200,4-6,dry,4-6m,8,6.038
Ballarat,1200,4-6,dry,7-9m,15,3.107
Ballarat,1200,4-6,dry,true,30,2.71
Ballarat,1200,4-6,heavy,4-6m,9,1.944
Ballarat,1200,4-6,heavy,7-9m,9,2.5
Ballarat,1200,4-6,soft,4-6m,6,2.0
Ballarat,1200,4-6,soft,true,11,2.518
Ballarat,1200,7-9,dry,1-3m,8,2.05
Ballarat,1200,7-9,dry,4-6m,8,5.325
Ballarat,1200,7-9,dry,7-9m,14,3.271
Ballarat,1200,7-9,dry,true,27,2.737
Ballarat,1200,7-9,heavy,4-6m,4,1.475
Ballarat,1200,7-9,heavy,7-9m,9,1.767
Ballarat,1200,7-9,soft,4-6m,4,4.525
Ballarat,1200,7-9,soft,true,10,2.22
Ballarat,1400,1-3,dry,1-3m,3,5.9
Ballarat,1400,1-3,dry,4-6m,6,3.05
Ballarat,1400,1-3,dry,7-9m,9,4.967
Ballarat,1400,1-3,dry,true,15,2.76
Ballarat,1400,1-3,heavy,4-6m,6,3.233
Ballarat,1400,1-3,heavy,7-9m,3,11.1
Ballarat,1400,1-3,soft,4-6m,9,3.0
Ballarat,1400,1-3,soft,7-9m,6,3.717
Ballarat,1400,1-3,soft,true,12,3.6
Ballarat,1400,10-12,dry,1-3m,3,6.333
Ballarat,1400,10-12,dry,4-6m,1,0.1
Ballarat,1400,10-12,dry,7-9m,6,5.85
Ballarat,1400,10-12,dry,true,3,3.6
Ballarat,1400,10-12,heavy,7-9m,1,8.2
Ballarat,1400,10-12,soft,4-6m,5,4.5
Ballarat,1400,10-12,soft,true,5,3.28
Ballarat,1400,13+,dry,1-3m,2,9.15
Ballarat,1400,13+,dry,true,1,8.6
Ballarat,1400,13+,soft,4-6m,1,12.3
Ballarat,1400,4-6,dry,1-3m,3,2.3
Ballarat,1400,4-6,dry,4-6m,6,3.6
Ballarat,1400,4-6,dry,7-9m,9,3.922
Ballarat,1400,4-6,dry,true,15,3.22
Ballarat,1400,4-6,heavy,4-6m,6,3.933
Ballarat,1400,4-6,heavy,7-9m,3,5.7
Ballarat,1400,4-6,soft,4-6m,9,4.511
Ballarat,1400,4-6,soft,7-9m,6,3.033
Ballarat,1400,4-6,soft,true,12,4.183
Ballarat,1400,7-9,dry,1-3m,3,4.133
Ballarat,1400,7-9,dry,4-6m,5,4.58
Ballarat,1400,7-9,dry,7-9m,9,7.078
Ballarat,1400,7-9,dry,true,13,4.408
Ballarat,1400,7-9,heavy,4-6m,2,2.1
Ballarat,1400,7-9,heavy,7-9m,3,8.167
Ballarat,1400,7-9,soft,4-6m,9,6.478
Ballarat,1400,7-9,soft,7-9m,4,2.55
Ballarat,1400,7-9,soft,true,10,5.16
Ballarat,1500,1-3,dry,4-6m,9,2.678
Ballarat,1500,1-3,dry,true,9,3.633
Ballarat,1500,1-3,heavy,7-9m,3,2.767
Ballarat,1500,1-3,soft,7-9m,3,3.6
Ballarat,1500,10-12,dry,4-6m,2,4.25
Ballarat,1500,10-12,dry,true,3,8.067
Ballarat,1500,10-12,heavy,7-9m,2,4.35
Ballarat,1500,4-6,dry,4-6m,9,3.689
Ballarat,1500,4-6,dry,true,9,3.356
Ballarat,1500,4-6,heavy,7-9m,3,4.367
Ballarat,1500,4-6,soft,7-9m,3,1.967
Ballarat,1500,7-9,dry,4-6m,6,5.067
Ballarat,1500,7-9,dry,true,7,5.214
Ballarat,1500,7-9,heavy,7-9m,3,3.733
Ballarat,1600,1-3,dry,1-3m,3,2.033
Ballarat,1600,1-3,dry,4-6m,6,2.433
Ballarat,1600,1-3,dry,7-9m,12,3.775
Ballarat,1600,1-3,dry,true,6,2.867
Ballarat,1600,1-3,heavy,4-6m,6,2.15
Ballarat,1600,1-3,soft,4-6m,6,4.667
Ballarat,1600,1-3,soft,true,6,3.1
Ballarat,1600,10-12,dry,4-6m,2,3.35
Ballarat,1600,10-12,dry,7-9m,5,4.76
Ballarat,1600,10-12,dry,true,3,5.367
Ballarat,1600,10-12,soft,4-6m,2,4.9
Ballarat,1600,10-12,soft,true,2,7.8
Ballarat,1600,13+,dry,true,2,3.6
Ballarat,1600,4-6,dry,1-3m,3,2.033
Ballarat,1600,4-6,dry,4-6m,6,3.433
Ballarat,1600,4-6,dry,7-9m,12,3.767
Ballarat,1600,4-6,dry,true,6,4.517
Ballarat,1600,4-6,heavy,4-6m,6,3.217
Ballarat,1600,4-6,soft,4-6m,6,2.85
Ballarat,1600,4-6,soft,true,6,3.933
Ballarat,1600,7-9,dry,1-3m,3,2.633
Ballarat,1600,7-9,dry,4-6m,6,3.25
Ballarat,1600,7-9,dry,7-9m,10,5.15
Ballarat,1600,7-9,dry,true,4,4.75
Ballarat,1600,7-9,heavy,4-6m,2,3.15
Ballarat,1600,7-9,soft,4-6m,6,4.017
Ballarat,1600,7-9,soft,true,5,4.6
Ballarat,2000,1-3,dry,4-6m,6,4.1
Ballarat,2000,1-3,dry,true,21,4.486
Ballarat,2000,1-3,heavy,4-6m,3,4.9
Ballarat,2000,1-3,heavy,7-9m,3,3.167
Ballarat,2000,1-3,soft,4-6m,6,2.433
Ballarat,2000,1-3,soft,true,6,2.867
Ballarat,2000,10-12,dry,4-6m,5,5.58
Ballarat,2000,10-12,dry,true,13,5.754
Ballarat,2000,10-12,heavy,7-9m,2,3.65
Ballarat,2000,10-12,soft,true,6,7.267
Ballarat,2000,13+,dry,true,6,9.85
Ballarat,2000,13+,soft,true,3,5.633
Ballarat,2000,4-6,dry,4-6m,6,3.433
Ballarat,2000,4-6,dry,true,20,4.605
Ballarat,2000,4-6,heavy,4-6m,2,2.5
Ballarat,2000,4-6,heavy,7-9m,3,4.867
Ballarat,2000,4-6,soft,4-6m,6,3.317
Ballarat,2000,4-6,soft,true,6,5.317
Ballarat,2000,7-9,dry,4-6m,6,3.867
Ballarat,2000,7-9,dry,true,19,5.111
Ballarat,2000,7-9,heavy,4-6m,2,4.75
Ballarat,2000,7-9,heavy,7-9m,3,3.067
Ballarat,2000,7-9,soft,4-6m,6,4.317
Ballarat,2000,7-9,soft,true,6,5.683
Ballarat,2600,1-3,dry,true,3,5.9
Ballarat,2600,10-12,dry,true,2,6.1
Ballarat,2600,13+,dry,true,1,9.0
Ballarat,2600,4-6,dry,true,3,3.167
Ballarat,2600,7-9,dry,true,3,2.267
Bendigo,1000,1-3,dry,4-6m,6,1.733
Bendigo,1000,1-3,dry,7-9m,6,2.967
Bendigo,1000,1-3,dry,true,12,1.133
Bendigo,1000,1-3,heavy,4-6m,9,1.644
Bendigo,1000,1-3,heavy,true,6,1.1
Bendigo,1000,1-3,soft,1-3m,6,2.467
Bendigo,1000,1-3,soft,7-9m,9,1.333
Bendigo,1000,1-3,soft,true,3,2.333
Bendigo,1000,10-12,dry,4-6m,3,2.433
Bendigo,1000,10-12,dry,7-9m,3,0.967
Bendigo,1000,10-12,dry,true,4,1.0
Bendigo,1000,10-12,heavy,4-6m,3,1.567
Bendigo,1000,10-12,soft,1-3m,5,3.22
Bendigo,1000,10-12,soft,7-9m,7,2.971
Bendigo,1000,10-12,soft,true,2,4.65
Bendigo,1000,13+,heavy,4-6m,2,3.65
Bendigo,1000,4-6,dry,4-6m,6,2.267
Bendigo,1000,4-6,dry,7-9m,6,2.7
Bendigo,1000,4-6,dry,true,12,1.508
Bendigo,1000,4-6,heavy,4-6m,9,1.844
Bendigo,1000,4-6,heavy,true,6,1.967
Bendigo,1000,4-6,soft,1-3m,6,2.633
Bendigo,1000,4-6,soft,7-9m,9,1.478
Bendigo,1000,4-6,soft,true,3,1.767
Bendigo,1000,7-9,dry,4-6m,6,1.283
Bendigo,1000,7-9,dry,7-9m,4,2.675
Bendigo,1000,7-9,dry,true,9,2.822
Bendigo,1000,7-9,heavy,4-6m,7,1.729
Bendigo,1000,7-9,heavy,true,2,1.0
Bendigo,1000,7-9,soft,1-3m,6,1.817
Bendigo,1000,7-9,soft,7-9m,9,3.789
Bendigo,1000,7-9,soft,true,3,2.2
Bendigo,1100,1-3,dry,4-6m,12,2.458
Bendigo,1100,1-3,dry,7-9m,3,1.467
Bendigo,1100,1-3,dry,true,18,3.272
Bendigo,1100,1-3,heavy,4-6m,9,1.356
Bendigo,1100,1-3,heavy,true,3,1.1
Bendigo,1100,1-3,soft,1-3m,3,4.333
Bendigo,1100,1-3,soft,7-9m,12,2.108
Bendigo,1100,1-3,soft,true,3,1.267
Bendigo,1100,10-12,dry,4-6m,4,4.15
Bendigo,1100,10-12,dry,true,11,3.3
Bendigo,1100,10-12,heavy,4-6m,3,3.633
Bendigo,1100,10-12,soft,1-3m,3,4.167
Bendigo,1100,10-12,soft,7-9m,1,2.4
Bendigo,1100,10-12,soft,true,3,0.733
Bendigo,1100,13+,dry,4-6m,2,7.65
Bendigo,1100,13+,soft,1-3m,2,1.4
Bendigo,1100,13+,soft,true,2,2.4
Bendigo,1100,4-6,dry,4-6m,12,2.258
Bendigo,1100,4-6,dry,7-9m,3,2.0
Bendigo,1100,4-6,dry,true,18,2.7
Bendigo,1100,4-6,heavy,4-6m,9,2.344
Bendigo,1100,4-6,heavy,true,3,2.533
Bendigo,1100,4-6,soft,1-3m,3,2.467
Bendigo,1100,4-6,soft,7-9m,12,1.608
Bendigo,1100,4-6,soft,true,3,2.933
Bendigo,1100,7-9,dry,4-6m,8,2.95
Bendigo,1100,7-9,dry,7-9m,3,3.033
Bendigo,1100,7-9,dry,true,17,3.147
Bendigo,1100,7-9,heavy,4-6m,6,2.8
Bendigo,1100,7-9,heavy,true,2,1.75
Bendigo,1100,7-9,soft,1-3m,3,2.867
Bendigo,1100,7-9,soft,7-9m,11,2.855
Bendigo,1100,7-9,soft,true,3,2.867
Bendigo,1300,1-3,dry,4-6m,18,2.722
Bendigo,1300,1-3,dry,7-9m,6,2.017
Bendigo,1300,1-3,dry,true,18,1.739
Bendigo,1300,1-3,heavy,4-6m,6,2.15
Bendigo,1300,1-3,heavy,true,6,2.3
Bendigo,1300,1-3,soft,1-3m,6,2.85
Bendigo,1300,1-3,soft,7-9m,18,2.556
Bendigo,1300,10-12,dry,4-6m,5,1.5
Bendigo,1300,10-12,dry,7-9m,2,5.55
Bendigo,1300,10-12,dry,true,7,2.8
Bendigo,1300,10-12,heavy,4-6m,3,5.933
Bendigo,1300,10-12,heavy,true,1,5.0
Bendigo,1300,10-12,soft,1-3m,6,3.783
Bendigo,1300,10-12,soft,7-9m,16,4.206
Bendigo,1300,13+,dry,4-6m,1,6.2
Bendigo,1300,13+,dry,true,2,4.55
Bendigo,1300,13+,soft,1-3m,3,5.5
Bendigo,1300,13+,soft,7-9m,1,1.8
Bendigo,1300,4-6,dry,4-6m,18,2.961
Bendigo,1300,4-6,dry,7-9m,6,4.067
Bendigo,1300,4-6,dry,true,18,2.744
Bendigo,1300,4-6,heavy,4-6m,6,2.65
Bendigo,1300,4-6,heavy,true,6,3.067
Bendigo,1300,4-6,soft,1-3m,6,3.733
Bendigo,1300,4-6,soft,7-9m,18,2.528
Bendigo,1300,7-9,dry,4-6m,16,4.037
Bendigo,1300,7-9,dry,7-9m,6,3.733
Bendigo,1300,7-9,dry,true,18,3.489
Bendigo,1300,7-9,heavy,4-6m,6,3.933
Bendigo,1300,7-9,heavy,true,4,3.2
Bendigo,1300,7-9,soft,1-3m,6,2.25
Bendigo,1300,7-9,soft,7-9m,18,3.311
Bendigo,1400,1-3,dry,4-6m,3,3.4
Bendigo,1400,1-3,dry,7-9m,9,3.044
Bendigo,1400,1-3,dry,true,18,3.256
Bendigo,1400,1-3,heavy,4-6m,6,1.533
Bendigo,1400,1-3,soft,1-3m,3,5.167
Bendigo,1400,1-3,soft,7-9m,6,2.6
Bendigo,1400,1-3,soft,true,6,1.583
Bendigo,1400,10-12,dry,4-6m,3,3.333
Bendigo,1400,10-12,dry,7-9m,7,4.6
Bendigo,1400,10-12,dry,true,9,5.589
Bendigo,1400,10-12,soft,1-3m,3,4.767
Bendigo,1400,10-12,soft,7-9m,6,6.583
Bendigo,1400,10-12,soft,true,6,6.0
Bendigo,1400,13+,dry,true,1,7.0
Bendigo,1400,13+,soft,1-3m,2,6.3
Bendigo,1400,13+,soft,true,3,5.333
Bendigo,1400,4-6,dry,4-6m,3,3.867
Bendigo,1400,4-6,dry,7-9m,8,4.037
Bendigo,1400,4-6,dry,true,18,2.494
Bendigo,1400,4-6,heavy,4-6m,6,3.383
Bendigo,1400,4-6,soft,1-3m,3,4.433
Bendigo,1400,4-6,soft,7-9m,6,2.833
Bendigo,1400,4-6,soft,true,6,3.85
Bendigo,1400,7-9,dry,4-6m,3,7.267
Bendigo,1400,7-9,dry,7-9m,9,4.389
Bendigo,1400,7-9,dry,true,17,3.512
Bendigo,1400,7-9,heavy,4-6m,3,2.6
Bendigo,1400,7-9,soft,1-3m,3,3.067
Bendigo,1400,7-9,soft,7-9m,6,4.5
Bendigo,1400,7-9,soft,true,6,3.883
Bendigo,1500,1-3,dry,4-6m,6,2.167
Bendigo,1500,1-3,dry,7-9m,3,4.867
Bendigo,1500,1-3,dry,true,3,3.033
Bendigo,1500,1-3,heavy,4-6m,3,3.167
Bendigo,1500,1-3,heavy,true,3,1.667
Bendigo,1500,1-3,soft,1-3m,3,1.767
Bendigo,1500,1-3,soft,7-9m,3,1.867
Bendigo,1500,1-3,soft,true,3,3.4
Bendigo,1500,10-12,dry,4-6m,6,7.817
Bendigo,1500,10-12,dry,7-9m,2,4.2
Bendigo,1500,10-12,heavy,4-6m,2,7.5
Bendigo,1500,10-12,heavy,true,3,4.833
Bendigo,1500,10-12,soft,1-3m,3,4.9
Bendigo,1500,10-12,soft,true,3,4.367
Bendigo,1500,13+,dry,4-6m,2,3.3
Bendigo,1500,13+,heavy,true,1,4.5
Bendigo,1500,13+,soft,1-3m,1,2.6
Bendigo,1500,4-6,dry,4-6m,6,4.667
Bendigo,1500,4-6,dry,7-9m,3,3.7
Bendigo,1500,4-6,dry,true,3,3.467
Bendigo,1500,4-6,heavy,4-6m,3,4.367
Bendigo,1500,4-6,heavy,true,3,3.467
Bendigo,1500,4-6,soft,1-3m,3,2.067
Bendigo,1500,4-6,soft,7-9m,3,1.633
Bendigo,1500,4-6,soft,true,3,2.4
Bendigo,1500,7-9,dry,4-6m,6,6.8
Bendigo,1500,7-9,dry,7-9m,3,4.3
Bendigo,1500,7-9,dry,true,3,2.367
Bendigo,1500,7-9,heavy,4-6m,3,3.867
Bendigo,1500,7-9,heavy,true,3,3.3
Bendigo,1500,7-9,soft,1-3m,3,3.067
Bendigo,1500,7-9,soft,7-9m,2,2.55
Bendigo,1500,7-9,soft,true,3,3.333
Bendigo,1600,1-3,dry,4-6m,3,2.467
Bendigo,1600,1-3,dry,7-9m,9,4.911
Bendigo,1600,1-3,dry,true,21,3.352
Bendigo,1600,1-3,heavy,4-6m,12,2.825
Bendigo,1600,1-3,heavy,true,3,0.833
Bendigo,1600,1-3,soft,7-9m,6,1.7
Bendigo,1600,1-3,soft,true,3,2.1
Bendigo,1600,10-12,dry,4-6m,2,6.35
Bendigo,1600,10-12,dry,7-9m,6,5.333
Bendigo,1600,10-12,dry,true,15,4.6
Bendigo,1600,10-12,soft,7-9m,3,3.1
Bendigo,1600,10-12,soft,true,3,5.033
Bendigo,1600,13+,dry,true,4,7.15
Bendigo,1600,13+,soft,true,1,6.1
Bendigo,1600,4-6,dry,4-6m,3,3.033
Bendigo,1600,4-6,dry,7-9m,9,4.489
Bendigo,1600,4-6,dry,true,21,3.295
Bendigo,1600,4-6,heavy,4-6m,12,2.508
Bendigo,1600,4-6,heavy,true,3,3.433
Bendigo,1600,4-6,soft,7-9m,6,3.45
Bendigo,1600,4-6,soft,true,3,4.1
Bendigo,1600,7-9,dry,4-6m,3,3.367
Bendigo,1600,7-9,dry,7-9m,9,4.044
Bendigo,1600,7-9,dry,true,21,3.667
Bendigo,1600,7-9,heavy,4-6m,4,1.625
Bendigo,1600,7-9,soft,7-9m,6,3.083
Bendigo,1600,7-9,soft,true,3,3.6
Bendigo,2200,1-3,dry,7-9m,3,7.3
Bendigo,2200,1-3,dry,true,3,3.033
Bendigo,2200,10-12,dry,7-9m,3,7.433
Bendigo,2200,10-12,dry,true,3,7.333
Bendigo,2200,4-6,dry,7-9m,3,2.5
Bendigo,2200,4-6,dry,true,3,6.433
Bendigo,2200,7-9,dry,7-9m,3,7.733
Bendigo,2200,7-9,dry,true,3,6.767
Bendigo,2400,1-3,dry,true,9,4.6
Bendigo,2400,1-3,soft,1-3m,3,4.767
Bendigo,2400,1-3,soft,true,3,6.433
Bendigo,2400,10-12,dry,true,9,3.744
Bendigo,2400,10-12,soft,1-3m,2,6.65
Bendigo,2400,10-12,soft,true,1,0.0
Bendigo,2400,13+,dry,true,3,5.0
Bendigo,2400,4-6,dry,true,9,4.144
Bendigo,2400,4-6,soft,1-3m,3,3.4
Bendigo,2400,4-6,soft,true,3,4.667
Bendigo,2400,7-9,dry,true,9,4.689
Bendigo,2400,7-9,soft,1-3m,3,1.733
Bendigo,2400,7-9,soft,true,3,4.533
Cairns,1000,1-3,dry,true,81,1.931
Cairns,1000,1-3,heavy,true,42,1.674
Cairns,1000,1-3,soft,1-3m,18,1.85
Cairns,1000,1-3,soft,true,111,1.941
Cairns,1000,10-12,dry,true,23,1.765
Cairns,1000,10-12,heavy,true,3,2.5
Cairns,1000,10-12,soft,true,24,1.508
Cairns,1000,4-6,dry,true,80,1.936
Cairns,1000,4-6,heavy,true,40,1.912
Cairns,1000,4-6,soft,1-3m,17,1.459
Cairns,1000,4-6,soft,true,107,1.927
Cairns,1000,7-9,dry,true,57,2.084
Cairns,1000,7-9,heavy,true,25,1.736
Cairns,1000,7-9,soft,1-3m,14,2.164
Cairns,1000,7-9,soft,true,80,1.754
Cairns,1200,1-3,dry,true,130,2.618
Cairns,1200,1-3,heavy,true,50,2.42
Cairns,1200,1-3,soft,1-3m,23,2.713
Cairns,1200,1-3,soft,4-6m,8,2.5
Cairns,1200,1-3,soft,true,197,2.901
Cairns,1200,10-12,dry,true,37,4.165
Cairns,1200,10-12,heavy,true,7,2.929
Cairns,1200,10-12,soft,1-3m,1,5.2
Cairns,1200,10-12,soft,4-6m,2,5.95
Cairns,1200,10-12,soft,true,68,4.522
Cairns,1200,4-6,dry,true,133,3.068
Cairns,1200,4-6,heavy,true,52,2.612
Cairns,1200,4-6,soft,1-3m,24,2.054
Cairns,1200,4-6,soft,4-6m,9,3.389
Cairns,1200,4-6,soft,true,200,3.243
Cairns,1200,7-9,dry,true,97,3.351
Cairns,1200,7-9,heavy,true,35,4.089
Cairns,1200,7-9,soft,1-3m,16,3.694
Cairns,1200,7-9,soft,4-6m,8,3.988
Cairns,1200,7-9,soft,true,160,3.942
Cairns,1400,1-3,dry,true,80,2.5
Cairns,1400,1-3,heavy,true,27,2.056
Cairns,1400,1-3,soft,1-3m,6,2.5
Cairns,1400,1-3,soft,4-6m,3,4.467
Cairns,1400,1-3,soft,true,98,3.274
Cairns,1400,10-12,dry,true,20,4.74
Cairns,1400,10-12,heavy,true,1,4.9
Cairns,1400,10-12,soft,1-3m,4,6.45
Cairns,1400,10-12,soft,true,31,5.358
Cairns,1400,13+,dry,true,7,7.729
Cairns,1400,13+,soft,true,5,3.24
Cairns,1400,4-6,dry,true,80,3.139
Cairns,1400,4-6,heavy,true,26,2.123
Cairns,1400,4-6,soft,1-3m,6,4.883
Cairns,1400,4-6,soft,4-6m,3,2.1
Cairns,1400,4-6,soft,true,96,3.344
Cairns,1400,7-9,dry,true,50,3.788
Cairns,1400,7-9,heavy,true,13,2.592
Cairns,1400,7-9,soft,1-3m,6,3.55
Cairns,1400,7-9,soft,4-6m,2,1.75
Cairns,1400,7-9,soft,true,70,3.814
Cairns,1500,1-3,dry,true,41,3.898
Cairns,1500,1-3,heavy,true,11,2.864
Cairns,1500,1-3,soft,1-3m,6,4.783
Cairns,1500,1-3,soft,4-6m,6,2.7
Cairns,1500,1-3,soft,true,59,3.507
Cairns,1500,10-12,dry,true,6,5.05
Cairns,1500,10-12,soft,true,36,4.708
Cairns,1500,13+,soft,true,11,6.036
Cairns,1500,4-6,dry,true,41,4.166
Cairns,1500,4-6,heavy,true,11,2.473
Cairns,1500,4-6,soft,1-3m,6,6.3
Cairns,1500,4-6,soft,4-6m,6,2.667
Cairns,1500,4-6,soft,true,59,3.397
Cairns,1500,7-9,dry,true,25,4.528
Cairns,1500,7-9,heavy,true,1,2.6
Cairns,1500,7-9,soft,1-3m,4,1.8
Cairns,1500,7-9,soft,4-6m,4,2.85
Cairns,1500,7-9,soft,true,47,3.379
Cairns,1900,1-3,dry,true,13,2.969
Cairns,1900,1-3,soft,1-3m,6,4.2
Cairns,1900,1-3,soft,true,18,3.711
Cairns,1900,10-12,dry,true,5,2.86
Cairns,1900,10-12,soft,true,8,3.438
Cairns,1900,4-6,dry,true,14,3.9
Cairns,1900,4-6,soft,1-3m,5,5.5
Cairns,1900,4-6,soft,true,17,2.971
Cairns,1900,7-9,dry,true,9,3.656
Cairns,1900,7-9,soft,1-3m,2,4.25
Cairns,1900,7-9,soft,true,14,5.85
Cairns,2100,1-3,dry,true,8,5.4
Cairns,2100,1-3,soft,1-3m,3,1.967
Cairns,2100,1-3,soft,true,18,4.044
Cairns,2100,10-12,dry,true,9,4.122
Cairns,2100,10-12,soft,true,10,3.06
Cairns,2100,13+,dry,true,6,4.983
Cairns,2100,13+,soft,true,6,6.067
Cairns,2100,4-6,dry,true,9,5.333
Cairns,2100,4-6,soft,1-3m,2,0.9
Cairns,2100,4-6,soft,true,18,5.022
Cairns,2100,7-9,dry,true,8,5.175
Cairns,2100,7-9,soft,true,16,5.631
Caulfield,1000,1-3,dry,1-3m,14,1.593
Caulfield,1000,1-3,dry,10m+,17,1.747
Caulfield,1000,1-3,dry,4-6m,21,1.952
Caulfield,1000,1-3,dry,7-9m,6,0.933
Caulfield,1000,1-3,dry,true,24,1.367
Caulfield,1000,1-3,soft,1-3m,9,2.3
Caulfield,1000,1-3,soft,10m+,14,3.214
Caulfield,1000,1-3,soft,4-6m,9,1.322
Caulfield,1000,1-3,soft,7-9m,3,2.667
Caulfield,1000,1-3,soft,true,18,1.944
Caulfield,1000,10-12,dry,1-3m,1,3.8
Caulfield,1000,10-12,dry,10m+,6,3.417
Caulfield,1000,10-12,dry,4-6m,5,3.46
Caulfield,1000,10-12,dry,true,2,2.05
Caulfield,1000,10-12,soft,1-3m,6,2.017
Caulfield,1000,10-12,soft,10m+,9,1.789
Caulfield,1000,10-12,soft,7-9m,3,0.667
Caulfield,1000,10-12,soft,true,7,3.286
Caulfield,1000,13+,dry,10m+,2,1.75
Caulfield,1000,13+,soft,1-3m,2,0.1
Caulfield,1000,13+,soft,10m+,1,2.5
Caulfield,1000,13+,soft,7-9m,1,4.0
Caulfield,1000,13+,soft,true,1,4.9
Caulfield,1000,4-6,dry,1-3m,15,2.16
Caulfield,1000,4-6,dry,10m+,17,1.865
Caulfield,1000,4-6,dry,4-6m,21,2.248
Caulfield,1000,4-6,dry,7-9m,6,2.267
Caulfield,1000,4-6,dry,true,22,1.868
Caulfield,1000,4-6,soft,1-3m,9,2.0
Caulfield,1000,4-6,soft,10m+,14,3.057
Caulfield,1000,4-6,soft,4-6m,9,1.4
Caulfield,1000,4-6,soft,7-9m,3,4.1
Caulfield,1000,4-6,soft,true,18,2.644
Caulfield,1000,7-9,dry,1-3m,7,2.271
Caulfield,1000,7-9,dry,10m+,13,1.731
Caulfield,1000,7-9,dry,4-6m,16,2.306
Caulfield,1000,7-9,dry,7-9m,6,2.1
Caulfield,1000,7-9,dry,true,18,2.467
Caulfield,1000,7-9,soft,1-3m,8,1.912
Caulfield,1000,7-9,soft,10m+,12,2.008
Caulfield,1000,7-9,soft,4-6m,9,2.489
Caulfield,1000,7-9,soft,7-9m,3,3.133
Caulfield,1000,7-9,soft,true,14,2.071
Caulfield,1100,1-3,dry,1-3m,27,2.604
Caulfield,1100,1-3,dry,10m+,24,2.462
Caulfield,1100,1-3,dry,4-6m,60,2.488
Caulfield,1100,1-3,dry,7-9m,74,2.243
Caulfield,1100,1-3,dry,true,86,2.783
Caulfield,1100,1-3,heavy,4-6m,3,2.133
Caulfield,1100,1-3,heavy,true,6,2.283
Caulfield,1100,1-3,soft,1-3m,33,2.727
Caulfield,1100,1-3,soft,10m+,24,2.558
Caulfield,1100,1-3,soft,4-6m,27,2.289
Caulfield,1100,1-3,soft,7-9m,12,2.1
Caulfield,1100,1-3,soft,true,57,2.411
Caulfield,1100,10-12,dry,1-3m,16,4.238
Caulfield,1100,10-12,dry,10m+,7,4.071
Caulfield,1100,10-12,dry,4-6m,21,4.029
Caulfield,1100,10-12,dry,7-9m,28,3.464
Caulfield,1100,10-12,dry,true,37,4.054
Caulfield,1100,10-12,heavy,true,3,3.533
Caulfield,1100,10-12,soft,1-3m,18,2.728
Caulfield,1100,10-12,soft,10m+,15,2.873
Caulfield,1100,10-12,soft,4-6m,10,3.37
Caulfield,1100,10-12,soft,7-9m,4,1.825
Caulfield,1100,10-12,soft,true,33,3.048
Caulfield,1100,13+,dry,1-3m,7,2.986
Caulfield,1100,13+,dry,10m+,1,5.1
Caulfield,1100,13+,dry,4-6m,10,4.07
Caulfield,1100,13+,dry,7-9m,5,6.28
Caulfield,1100,13+,dry,true,12,5.517
Caulfield,1100,13+,soft,1-3m,3,2.167
Caulfield,1100,13+,soft,10m+,8,1.988
Caulfield,1100,13+,soft,true,7,2.614
Caulfield,1100,4-6,dry,1-3m,27,3.026
Caulfield,1100,4-6,dry,10m+,24,2.054
Caulfield,1100,4-6,dry,4-6m,60,2.677
Caulfield,1100,4-6,dry,7-9m,74,2.445
Caulfield,1100,4-6,dry,true,85,2.553
Caulfield,1100,4-6,heavy,4-6m,3,1.533
Caulfield,1100,4-6,heavy,true,6,1.817
Caulfield,1100,4-6,soft,1-3m,32,2.65
Caulfield,1100,4-6,soft,10m+,24,2.904
Caulfield,1100,4-6,soft,4-6m,27,1.907
Caulfield,1100,4-6,soft,7-9m,12,1.717
Caulfield,1100,4-6,soft,true,55,2.435
Caulfield,1100,7-9,dry,1-3m,25,3.532
Caulfield,1100,7-9,dry,10m+,18,3.106
Caulfield,1100,7-9,dry,4-6m,51,2.857
Caulfield,1100,7-9,dry,7-9m,55,2.831
Caulfield,1100,7-9,dry,true,74,2.819
Caulfield,1100,7-9,heavy,4-6m,3,1.833
Caulfield,1100,7-9,heavy,true,6,1.883
Caulfield,1100,7-9,soft,1-3m,31,2.506
Caulfield,1100,7-9,soft,10m+,22,2.073
Caulfield,1100,7-9,soft,4-6m,24,2.783
Caulfield,1100,7-9,soft,7-9m,9,2.522
Caulfield,1100,7-9,soft,true,52,2.685
Caulfield,1200,1-3,dry,1-3m,12,2.45
Caulfield,1200,1-3,dry,10m+,18,2.006
Caulfield,1200,1-3,dry,4-6m,98,2.784
Caulfield,1200,1-3,dry,7-9m,68,2.499
Caulfield,1200,1-3,dry,true,85,2.199
Caulfield,1200,1-3,heavy,1-3m,3,2.333
Caulfield,1200,1-3,heavy,4-6m,6,1.617
Caulfield,1200,1-3,heavy,true,12,2.683
Caulfield,1200,1-3,soft,1-3m,3,0.767
Caulfield,1200,1-3,soft,10m+,24,2.288
Caulfield,1200,1-3,soft,4-6m,36,2.5
Caulfield,1200,1-3,soft,7-9m,12,2.492
Caulfield,1200,1-3,soft,true,48,2.694
Caulfield,1200,10-12,dry,1-3m,3,6.133
Caulfield,1200,10-12,dry,10m+,7,5.057
Caulfield,1200,10-12,dry,4-6m,57,3.558
Caulfield,1200,10-12,dry,7-9m,27,2.856
Caulfield,1200,10-12,dry,true,32,2.678
Caulfield,1200,10-12,heavy,true,1,2.7
Caulfield,1200,10-12,soft,10m+,14,2.943
Caulfield,1200,10-12,soft,4-6m,14,2.979
Caulfield,1200,10-12,soft,7-9m,1,1.9
Caulfield,1200,10-12,soft,true,33,4.097
Caulfield,1200,13+,dry,1-3m,3,3.3
Caulfield,1200,13+,dry,10m+,2,2.85
Caulfield,1200,13+,dry,4-6m,32,3.522
Caulfield,1200,13+,dry,7-9m,5,5.18
Caulfield,1200,13+,dry,true,9,4.733
Caulfield,1200,13+,soft,10m+,7,3.171
Caulfield,1200,13+,soft,4-6m,1,5.6
Caulfield,1200,13+,soft,true,14,4.193
Caulfield,1200,4-6,dry,1-3m,12,3.025
Caulfield,1200,4-6,dry,10m+,18,2.65
Caulfield,1200,4-6,dry,4-6m,96,2.819
Caulfield,1200,4-6,dry,7-9m,69,2.628
Caulfield,1200,4-6,dry,true,85,2.742
Caulfield,1200,4-6,heavy,1-3m,3,2.6
Caulfield,1200,4-6,heavy,4-6m,6,2.267
Caulfield,1200,4-6,heavy,true,11,2.491
Caulfield,1200,4-6,soft,1-3m,3,1.3
Caulfield,1200,4-6,soft,10m+,24,1.713
Caulfield,1200,4-6,soft,4-6m,36,2.6
Caulfield,1200,4-6,soft,7-9m,12,1.983
Caulfield,1200,4-6,soft,true,51,2.698
Caulfield,1200,7-9,dry,1-3m,7,4.029
Caulfield,1200,7-9,dry,10m+,15,2.78
Caulfield,1200,7-9,dry,4-6m,89,3.064
Caulfield,1200,7-9,dry,7-9m,58,3.359
Caulfield,1200,7-9,dry,true,69,3.048
Caulfield,1200,7-9,heavy,1-3m,2,1.65
Caulfield,1200,7-9,heavy,4-6m,1,0.5
Caulfield,1200,7-9,heavy,true,11,4.091
Caulfield,1200,7-9,soft,1-3m,3,2.867
Caulfield,1200,7-9,soft,10m+,23,2.239
Caulfield,1200,7-9,soft,4-6m,31,2.7
Caulfield,1200,7-9,soft,7-9m,7,3.014
Caulfield,1200,7-9,soft,true,46,2.815
Caulfield,1400,1-3,dry,1-3m,44,3.386
Caulfield,1400,1-3,dry,10m+,48,2.9
Caulfield,1400,1-3,dry,4-6m,144,3.006
Caulfield,1400,1-3,dry,7-9m,81,3.516
Caulfield,1400,1-3,dry,true,121,3.464
Caulfield,1400,1-3,heavy,1-3m,3,1.033
Caulfield,1400,1-3,heavy,4-6m,12,4.475
Caulfield,1400,1-3,heavy,true,12,2.958
Caulfield,1400,1-3,soft,1-3m,24,3.571
Caulfield,1400,1-3,soft,10m+,24,3.5
Caulfield,1400,1-3,soft,4-6m,48,3.023
Caulfield,1400,1-3,soft,7-9m,18,2.789
Caulfield,1400,1-3,soft,true,108,3.165
Caulfield,1400,10-12,dry,1-3m,10,6.04
Caulfield,1400,10-12,dry,10m+,25,5.364
Caulfield,1400,10-12,dry,4-6m,60,4.697
Caulfield,1400,10-12,dry,7-9m,43,4.221
Caulfield,1400,10-12,dry,true,49,4.714
Caulfield,1400,10-12,heavy,1-3m,1,1.0
Caulfield,1400,10-12,heavy,4-6m,11,5.764
Caulfield,1400,10-12,heavy,true,6,5.667
Caulfield,1400,10-12,soft,1-3m,20,3.59
Caulfield,1400,10-12,soft,10m+,16,4.45
Caulfield,1400,10-12,soft,4-6m,30,5.227
Caulfield,1400,10-12,soft,7-9m,6,4.483
Caulfield,1400,10-12,soft,true,62,5.266
Caulfield,1400,13+,dry,1-3m,8,9.25
Caulfield,1400,13+,dry,10m+,4,6.1
Caulfield,1400,13+,dry,4-6m,18,5.317
Caulfield,1400,13+,dry,7-9m,17,6.429
Caulfield,1400,13+,dry,true,16,4.256
Caulfield,1400,13+,heavy,4-6m,3,6.9
Caulfield,1400,13+,heavy,true,4,9.825
Caulfield,1400,13+,soft,1-3m,11,5.1
Caulfield,1400,13+,soft,10m+,1,2.3
Caulfield,1400,13+,soft,4-6m,12,5.733
Caulfield,1400,13+,soft,true,13,6.4
Caulfield,1400,4-6,dry,1-3m,45,4.029
Caulfield,1400,4-6,dry,10m+,47,3.713
Caulfield,1400,4-6,dry,4-6m,146,3.415
Caulfield,1400,4-6,dry,7-9m,81,2.774
Caulfield,1400,4-6,dry,true,121,3.671
Caulfield,1400,4-6,heavy,1-3m,3,3.433
Caulfield,1400,4-6,heavy,4-6m,11,3.427
Caulfield,1400,4-6,heavy,true,12,3.108
Caulfield,1400,4-6,soft,1-3m,24,4.171
Caulfield,1400,4-6,soft,10m+,24,2.767
Caulfield,1400,4-6,soft,4-6m,47,3.751
Caulfield,1400,4-6,soft,7-9m,18,4.339
Caulfield,1400,4-6,soft,true,108,3.876
Caulfield,1400,7-9,dry,1-3m,34,4.124
Caulfield,1400,7-9,dry,10m+,45,4.54
Caulfield,1400,7-9,dry,4-6m,126,4.355
Caulfield,1400,7-9,dry,7-9m,67,4.36
Caulfield,1400,7-9,dry,true,103,4.022
Caulfield,1400,7-9,heavy,1-3m,3,2.7
Caulfield,1400,7-9,heavy,4-6m,12,4.35
Caulfield,1400,7-9,heavy,true,10,4.25
Caulfield,1400,7-9,soft,1-3m,23,4.313
Caulfield,1400,7-9,soft,10m+,24,4.533
Caulfield,1400,7-9,soft,4-6m,42,3.781
Caulfield,1400,7-9,soft,7-9m,17,3.329
Caulfield,1400,7-9,soft,true,97,4.008
Caulfield,1600,1-3,dry,1-3m,12,3.667
Caulfield,1600,1-3,dry,10m+,24,2.508
Caulfield,1600,1-3,dry,4-6m,62,3.568
Caulfield,1600,1-3,dry,7-9m,57,3.493
Caulfield,1600,1-3,dry,true,78,3.422
Caulfield,1600,1-3,heavy,4-6m,3,3.633
Caulfield,1600,1-3,heavy,true,18,3.511
Caulfield,1600,1-3,soft,10m+,15,3.16
Caulfield,1600,1-3,soft,4-6m,9,3.056
Caulfield,1600,1-3,soft,7-9m,9,2.667
Caulfield,1600,1-3,soft,true,33,3.233
Caulfield,1600,10-12,dry,1-3m,11,3.791
Caulfield,1600,10-12,dry,10m+,2,4.85
Caulfield,1600,10-12,dry,4-6m,32,5.594
Caulfield,1600,10-12,dry,7-9m,32,4.9
Caulfield,1600,10-12,dry,true,41,5.156
Caulfield,1600,10-12,heavy,true,7,8.543
Caulfield,1600,10-12,soft,10m+,7,3.071
Caulfield,1600,10-12,soft,4-6m,5,3.26
Caulfield,1600,10-12,soft,7-9m,8,3.838
Caulfield,1600,10-12,soft,true,20,5.365
Caulfield,1600,13+,dry,1-3m,4,5.175
Caulfield,1600,13+,dry,4-6m,10,3.77
Caulfield,1600,13+,dry,7-9m,12,6.367
Caulfield,1600,13+,dry,true,16,5.962
Caulfield,1600,13+,heavy,true,2,10.75
Caulfield,1600,13+,soft,10m+,3,8.833
Caulfield,1600,13+,soft,7-9m,1,2.5
Caulfield,1600,13+,soft,true,12,8.25
Caulfield,1600,4-6,dry,1-3m,12,3.55
Caulfield,1600,4-6,dry,10m+,24,2.225
Caulfield,1600,4-6,dry,4-6m,63,3.483
Caulfield,1600,4-6,dry,7-9m,57,3.626
Caulfield,1600,4-6,dry,true,77,3.536
Caulfield,1600,4-6,heavy,4-6m,3,3.567
Caulfield,1600,4-6,heavy,true,17,3.206
Caulfield,1600,4-6,soft,10m+,15,3.153
Caulfield,1600,4-6,soft,4-6m,9,3.889
Caulfield,1600,4-6,soft,7-9m,9,2.978
Caulfield,1600,4-6,soft,true,33,3.448
Caulfield,1600,7-9,dry,1-3m,12,3.592
Caulfield,1600,7-9,dry,10m+,13,2.246
Caulfield,1600,7-9,dry,4-6m,55,4.347
Caulfield,1600,7-9,dry,7-9m,50,4.066
Caulfield,1600,7-9,dry,true,64,4.617
Caulfield,1600,7-9,heavy,4-6m,2,5.3
Caulfield,1600,7-9,heavy,true,13,5.485
Caulfield,1600,7-9,soft,10m+,15,4.373
Caulfield,1600,7-9,soft,4-6m,9,1.578
Caulfield,1600,7-9,soft,7-9m,8,5.05
Caulfield,1600,7-9,soft,true,27,3.959
Caulfield,1700,1-3,dry,4-6m,9,2.733
Caulfield,1700,1-3,dry,7-9m,3,6.8
Caulfield,1700,1-3,dry,true,24,4.892
Caulfield,1700,1-3,heavy,4-6m,3,3.767
Caulfield,1700,1-3,heavy,true,3,8.3
Caulfield,1700,1-3,soft,1-3m,9,3.067
Caulfield,1700,1-3,soft,4-6m,6,2.967
Caulfield,1700,1-3,soft,true,15,4.773
Caulfield,1700,10-12,dry,4-6m,5,6.36
Caulfield,1700,10-12,dry,7-9m,1,10.6
Caulfield,1700,10-12,dry,true,17,4.382
Caulfield,1700,10-12,heavy,true,1,6.5
Caulfield,1700,10-12,soft,1-3m,9,4.267
Caulfield,1700,10-12,soft,4-6m,5,5.3
Caulfield,1700,10-12,soft,true,12,6.258
Caulfield,1700,13+,dry,4-6m,1,8.2
Caulfield,1700,13+,dry,true,5,6.0
Caulfield,1700,13+,soft,1-3m,6,3.35
Caulfield,1700,13+,soft,4-6m,4,6.925
Caulfield,1700,13+,soft,true,11,6.827
Caulfield,1700,4-6,dry,4-6m,9,3.589
Caulfield,1700,4-6,dry,7-9m,3,5.667
Caulfield,1700,4-6,dry,true,23,3.461
Caulfield,1700,4-6,heavy,4-6m,3,1.067
Caulfield,1700,4-6,heavy,true,3,4.6
Caulfield,1700,4-6,soft,1-3m,9,4.156
Caulfield,1700,4-6,soft,4-6m,6,5.017
Caulfield,1700,4-6,soft,true,15,4.18
Caulfield,1700,7-9,dry,4-6m,6,2.933
Caulfield,1700,7-9,dry,7-9m,3,6.467
Caulfield,1700,7-9,dry,true,21,4.857
Caulfield,1700,7-9,heavy,4-6m,3,4.567
Caulfield,1700,7-9,heavy,true,3,3.333
Caulfield,1700,7-9,soft,1-3m,9,4.078
Caulfield,1700,7-9,soft,4-6m,6,4.45
Caulfield,1700,7-9,soft,true,13,5.923
Caulfield,1800,1-3,dry,1-3m,12,1.85
Caulfield,1800,1-3,dry,10m+,9,4.333
Caulfield,1800,1-3,dry,4-6m,34,3.988
Caulfield,1800,1-3,dry,7-9m,9,4.911
Caulfield,1800,1-3,dry,true,6,6.1
Caulfield,1800,1-3,heavy,true,3,4.133
Caulfield,1800,1-3,soft,4-6m,9,3.089
Caulfield,1800,1-3,soft,7-9m,9,3.478
Caulfield,1800,1-3,soft,true,9,5.022
Caulfield,1800,10-12,dry,1-3m,5,4.22
Caulfield,1800,10-12,dry,10m+,3,4.7
Caulfield,1800,10-12,dry,4-6m,16,4.788
Caulfield,1800,10-12,dry,7-9m,3,6.433
Caulfield,1800,10-12,dry,true,6,3.667
Caulfield,1800,10-12,heavy,true,1,4.5
Caulfield,1800,10-12,soft,4-6m,3,2.2
Caulfield,1800,10-12,soft,7-9m,5,6.44
Caulfield,1800,10-12,soft,true,3,3.3
Caulfield,1800,13+,dry,1-3m,2,8.0
Caulfield,1800,13+,dry,10m+,1,3.2
Caulfield,1800,13+,dry,4-6m,4,8.825
Caulfield,1800,13+,dry,true,4,6.85
Caulfield,1800,13+,soft,4-6m,2,5.05
Caulfield,1800,13+,soft,7-9m,1,0.0
Caulfield,1800,13+,soft,true,3,9.067
Caulfield,1800,4-6,dry,1-3m,11,3.0
Caulfield,1800,4-6,dry,10m+,9,4.111
Caulfield,1800,4-6,dry,4-6m,35,5.123
Caulfield,1800,4-6,dry,7-9m,12,3.742
Caulfield,1800,4-6,dry,true,6,5.817
Caulfield,1800,4-6,heavy,true,3,2.733
Caulfield,1800,4-6,soft,4-6m,9,2.444
Caulfield,1800,4-6,soft,7-9m,9,3.711
Caulfield,1800,4-6,soft,true,9,3.667
Caulfield,1800,7-9,dry,1-3m,9,4.567
Caulfield,1800,7-9,dry,10m+,7,5.2
Caulfield,1800,7-9,dry,4-6m,29,4.179
Caulfield,1800,7-9,dry,7-9m,10,4.46
Caulfield,1800,7-9,dry,true,6,8.717
Caulfield,1800,7-9,heavy,true,3,4.7
Caulfield,1800,7-9,soft,4-6m,7,3.857
Caulfield,1800,7-9,soft,7-9m,6,3.35
Caulfield,1800,7-9,soft,true,7,4.186
Caulfield,2000,1-3,dry,1-3m,21,3.186
Caulfield,2000,1-3,dry,10m+,27,4.078
Caulfield,2000,1-3,dry,4-6m,49,3.802
Caulfield,2000,1-3,dry,7-9m,42,3.079
Caulfield,2000,1-3,dry,true,45,2.676
Caulfield,2000,1-3,heavy,4-6m,3,3.367
Caulfield,2000,1-3,heavy,true,6,3.317
Caulfield,2000,1-3,soft,1-3m,24,3.321
Caulfield,2000,1-3,soft,10m+,27,3.315
Caulfield,2000,1-3,soft,4-6m,17,4.476
Caulfield,2000,1-3,soft,7-9m,2,3.55
Caulfield,2000,1-3,soft,true,48,3.577
Caulfield,2000,10-12,dry,1-3m,9,5.889
Caulfield,2000,10-12,dry,10m+,15,4.46
Caulfield,2000,10-12,dry,4-6m,31,4.135
Caulfield,2000,10-12,dry,7-9m,24,4.333
Caulfield,2000,10-12,dry,true,19,4.305
Caulfield,2000,10-12,heavy,4-6m,3,4.0
Caulfield,2000,10-12,heavy,true,1,5.6
Caulfield,2000,10-12,soft,1-3m,13,5.9
Caulfield,2000,10-12,soft,10m+,19,4.242
Caulfield,2000,10-12,soft,4-6m,13,5.485
Caulfield,2000,10-12,soft,7-9m,1,2.9
Caulfield,2000,10-12,soft,true,29,4.752
Caulfield,2000,13+,dry,1-3m,3,9.867
Caulfield,2000,13+,dry,10m+,5,4.46
Caulfield,2000,13+,dry,4-6m,23,5.704
Caulfield,2000,13+,dry,7-9m,14,7.021
Caulfield,2000,13+,dry,true,6,5.5
Caulfield,2000,13+,heavy,4-6m,1,3.1
Caulfield,2000,13+,soft,1-3m,3,6.3
Caulfield,2000,13+,soft,10m+,3,2.9
Caulfield,2000,13+,soft,4-6m,4,6.475
Caulfield,2000,13+,soft,true,12,7.625
Caulfield,2000,4-6,dry,1-3m,21,4.09
Caulfield,2000,4-6,dry,10m+,27,3.867
Caulfield,2000,4-6,dry,4-6m,50,4.026
Caulfield,2000,4-6,dry,7-9m,41,3.205
Caulfield,2000,4-6,dry,true,45,4.293
Caulfield,2000,4-6,heavy,4-6m,3,2.933
Caulfield,2000,4-6,heavy,true,6,3.633
Caulfield,2000,4-6,soft,1-3m,24,3.367
Caulfield,2000,4-6,soft,10m+,27,3.759
Caulfield,2000,4-6,soft,4-6m,17,4.459
Caulfield,2000,4-6,soft,7-9m,3,2.1
Caulfield,2000,4-6,soft,true,45,3.438
Caulfield,2000,7-9,dry,1-3m,15,4.32
Caulfield,2000,7-9,dry,10m+,26,4.592
Caulfield,2000,7-9,dry,4-6m,44,4.743
Caulfield,2000,7-9,dry,7-9m,33,4.161
Caulfield,2000,7-9,dry,true,37,4.805
Caulfield,2000,7-9,heavy,4-6m,3,3.267
Caulfield,2000,7-9,heavy,true,6,3.55
Caulfield,2000,7-9,soft,1-3m,21,3.286
Caulfield,2000,7-9,soft,10m+,27,4.089
Caulfield,2000,7-9,soft,4-6m,15,3.133
Caulfield,2000,7-9,soft,7-9m,3,3.267
Caulfield,2000,7-9,soft,true,44,3.92
Caulfield,2400,1-3,dry,1-3m,18,5.283
Caulfield,2400,1-3,dry,10m+,12,2.242
Caulfield,2400,1-3,dry,4-6m,21,2.462
Caulfield,2400,1-3,dry,7-9m,12,2.425
Caulfield,2400,1-3,dry,true,24,3.054
Caulfield,2400,1-3,heavy,true,3,3.567
Caulfield,2400,1-3,soft,1-3m,3,3.333
Caulfield,2400,1-3,soft,10m+,3,3.267
Caulfield,2400,1-3,soft,4-6m,24,3.212
Caulfield,2400,1-3,soft,7-9m,9,3.433
Caulfield,2400,1-3,soft,true,18,3.489
Caulfield,2400,10-12,dry,1-3m,11,7.555
Caulfield,2400,10-12,dry,10m+,3,1.6
Caulfield,2400,10-12,dry,4-6m,4,6.425
Caulfield,2400,10-12,dry,7-9m,5,3.48
Caulfield,2400,10-12,dry,true,6,2.517
Caulfield,2400,10-12,heavy,true,2,5.3
Caulfield,2400,10-12,soft,1-3m,3,6.3
Caulfield,2400,10-12,soft,10m+,1,6.3
Caulfield,2400,10-12,soft,4-6m,9,3.778
Caulfield,2400,10-12,soft,7-9m,6,2.583
Caulfield,2400,10-12,soft,true,13,6.554
Caulfield,2400,13+,dry,1-3m,12,10.125
Caulfield,2400,13+,dry,true,3,6.833
Caulfield,2400,13+,soft,1-3m,6,5.65
Caulfield,2400,13+,soft,4-6m,10,4.71
Caulfield,2400,13+,soft,7-9m,3,2.933
Caulfield,2400,13+,soft,true,12,3.625
Caulfield,2400,4-6,dry,1-3m,18,5.606
Caulfield,2400,4-6,dry,10m+,12,2.925
Caulfield,2400,4-6,dry,4-6m,21,2.476
Caulfield,2400,4-6,dry,7-9m,12,2.742
Caulfield,2400,4-6,dry,true,24,3.517
Caulfield,2400,4-6,heavy,true,3,4.0
Caulfield,2400,4-6,soft,1-3m,3,3.367
Caulfield,2400,4-6,soft,10m+,3,2.967
Caulfield,2400,4-6,soft,4-6m,24,3.679
Caulfield,2400,4-6,soft,7-9m,9,3.333
Caulfield,2400,4-6,soft,true,17,4.324
Caulfield,2400,7-9,dry,1-3m,18,5.406
Caulfield,2400,7-9,dry,10m+,9,2.878
Caulfield,2400,7-9,dry,4-6m,16,4.612
Caulfield,2400,7-9,dry,7-9m,10,2.64
Caulfield,2400,7-9,dry,true,21,3.219
Caulfield,2400,7-9,heavy,true,3,4.033
Caulfield,2400,7-9,soft,1-3m,3,4.7
Caulfield,2400,7-9,soft,10m+,3,4.2
Caulfield,2400,7-9,soft,4-6m,21,3.181
Caulfield,2400,7-9,soft,7-9m,9,2.889
Caulfield,2400,7-9,soft,true,18,5.933
Caulfield Heath,1000,1-3,dry,1-3m,36,2.275
Caulfield Heath,1000,1-3,dry,4-6m,24,1.829
Caulfield Heath,1000,1-3,dry,true,48,1.988
Caulfield Heath,1000,1-3,soft,1-3m,3,1.2
Caulfield Heath,1000,1-3,soft,4-6m,12,2.183
Caulfield Heath,1000,1-3,soft,true,17,1.694
Caulfield Heath,1000,10-12,dry,1-3m,7,2.014
Caulfield Heath,1000,10-12,dry,4-6m,5,2.76
Caulfield Heath,1000,10-12,dry,true,5,1.48
Caulfield Heath,1000,10-12,soft,4-6m,7,3.071
Caulfield Heath,1000,10-12,soft,true,3,3.967
Caulfield Heath,1000,4-6,dry,1-3m,35,2.097
Caulfield Heath,1000,4-6,dry,4-6m,24,1.662
Caulfield Heath,1000,4-6,dry,true,47,1.974
Caulfield Heath,1000,4-6,soft,1-3m,3,1.233
Caulfield Heath,1000,4-6,soft,4-6m,12,3.083
Caulfield Heath,1000,4-6,soft,true,18,2.128
Caulfield Heath,1000,7-9,dry,1-3m,25,1.636
Caulfield Heath,1000,7-9,dry,4-6m,15,1.647
Caulfield Heath,1000,7-9,dry,true,24,2.329
Caulfield Heath,1000,7-9,soft,4-6m,12,2.775
Caulfield Heath,1000,7-9,soft,true,13,3.5
Caulfield Heath,1100,1-3,dry,1-3m,6,1.517
Caulfield Heath,1100,1-3,dry,4-6m,15,2.893
Caulfield Heath,1100,1-3,dry,true,18,1.594
Caulfield Heath,1100,1-3,soft,1-3m,3,6.8
Caulfield Heath,1100,1-3,soft,true,3,1.633
Caulfield Heath,1100,10-12,dry,1-3m,3,3.433
Caulfield Heath,1100,10-12,dry,4-6m,4,3.8
Caulfield Heath,1100,10-12,dry,true,3,4.467
Caulfield Heath,1100,10-12,soft,1-3m,3,2.833
Caulfield Heath,1100,4-6,dry,1-3m,6,2.767
Caulfield Heath,1100,4-6,dry,4-6m,15,2.913
Caulfield Heath,1100,4-6,dry,true,18,2.617
Caulfield Heath,1100,4-6,soft,1-3m,3,4.1
Caulfield Heath,1100,4-6,soft,true,3,1.433
Caulfield Heath,1100,7-9,dry,1-3m,4,2.225
Caulfield Heath,1100,7-9,dry,4-6m,10,1.93
Caulfield Heath,1100,7-9,dry,true,13,2.554
Caulfield Heath,1100,7-9,soft,1-3m,3,2.167
Caulfield Heath,1100,7-9,soft,true,1,2.9
Caulfield Heath,1200,1-3,dry,1-3m,23,2.409
Caulfield Heath,1200,1-3,dry,4-6m,30,2.41
Caulfield Heath,1200,1-3,dry,true,59,2.6
Caulfield Heath,1200,1-3,soft,1-3m,9,2.856
Caulfield Heath,1200,1-3,soft,4-6m,9,1.378
Caulfield Heath,1200,1-3,soft,true,12,2.208
Caulfield Heath,1200,10-12,dry,1-3m,2,3.3
Caulfield Heath,1200,10-12,dry,4-6m,3,2.2
Caulfield Heath,1200,10-12,dry,true,13,4.8
Caulfield Heath,1200,10-12,soft,4-6m,5,4.68
Caulfield Heath,1200,10-12,soft,true,5,2.14
Caulfield Heath,1200,13+,dry,true,1,6.9
Caulfield Heath,1200,4-6,dry,1-3m,24,2.387
Caulfield Heath,1200,4-6,dry,4-6m,30,1.613
Caulfield Heath,1200,4-6,dry,true,60,2.097
Caulfield Heath,1200,4-6,soft,1-3m,9,2.422
Caulfield Heath,1200,4-6,soft,4-6m,9,2.211
Caulfield Heath,1200,4-6,soft,true,12,2.408
Caulfield Heath,1200,7-9,dry,1-3m,17,2.235
Caulfield Heath,1200,7-9,dry,4-6m,16,2.606
Caulfield Heath,1200,7-9,dry,true,53,3.006
Caulfield Heath,1200,7-9,soft,1-3m,8,3.637
Caulfield Heath,1200,7-9,soft,4-6m,9,3.067
Caulfield Heath,1200,7-9,soft,true,9,3.467
Caulfield Heath,1500,1-3,dry,1-3m,24,2.017
Caulfield Heath,1500,1-3,dry,4-6m,21,2.448
Caulfield Heath,1500,1-3,dry,true,33,3.47
Caulfield Heath,1500,1-3,soft,1-3m,9,3.1
Caulfield Heath,1500,1-3,soft,4-6m,18,3.422
Caulfield Heath,1500,1-3,soft,true,3,4.233
Caulfield Heath,1500,10-12,dry,1-3m,2,3.7
Caulfield Heath,1500,10-12,dry,4-6m,1,8.5
Caulfield Heath,1500,10-12,dry,true,4,5.175
Caulfield Heath,1500,10-12,soft,1-3m,5,3.06
Caulfield Heath,1500,10-12,soft,4-6m,6,2.833
Caulfield Heath,1500,10-12,soft,true,1,0.0
Caulfield Heath,1500,4-6,dry,1-3m,24,3.417
Caulfield Heath,1500,4-6,dry,4-6m,21,2.39
Caulfield Heath,1500,4-6,dry,true,33,3.479
Caulfield Heath,1500,4-6,soft,1-3m,9,2.833
Caulfield Heath,1500,4-6,soft,4-6m,18,3.106
Caulfield Heath,1500,4-6,soft,true,3,5.667
Caulfield Heath,1500,7-9,dry,1-3m,14,3.643
Caulfield Heath,1500,7-9,dry,4-6m,17,3.853
Caulfield Heath,1500,7-9,dry,true,20,4.455
Caulfield Heath,1500,7-9,soft,1-3m,9,2.522
Caulfield Heath,1500,7-9,soft,4-6m,12,4.758
Caulfield Heath,1500,7-9,soft,true,3,4.433
Caulfield Heath,1600,1-3,dry,1-3m,26,3.615
Caulfield Heath,1600,1-3,dry,4-6m,15,2.633
Caulfield Heath,1600,1-3,dry,true,27,3.241
Caulfield Heath,1600,1-3,soft,1-3m,3,4.067
Caulfield Heath,1600,1-3,soft,true,6,2.183
Caulfield Heath,1600,10-12,dry,1-3m,3,7.7
Caulfield Heath,1600,10-12,dry,4-6m,3,7.6
Caulfield Heath,1600,10-12,dry,true,3,0.967
Caulfield Heath,1600,10-12,soft,1-3m,2,3.25
Caulfield Heath,1600,4-6,dry,1-3m,27,4.426
Caulfield Heath,1600,4-6,dry,4-6m,15,2.58
Caulfield Heath,1600,4-6,dry,true,26,2.754
Caulfield Heath,1600,4-6,soft,1-3m,3,2.967
Caulfield Heath,1600,4-6,soft,true,6,2.967
Caulfield Heath,1600,7-9,dry,1-3m,17,4.935
Caulfield Heath,1600,7-9,dry,4-6m,6,3.833
Caulfield Heath,1600,7-9,dry,true,15,2.96
Caulfield Heath,1600,7-9,soft,1-3m,3,3.9
Caulfield Heath,1600,7-9,soft,true,2,6.05
Caulfield Heath,1800,1-3,dry,1-3m,21,3.081
Caulfield Heath,1800,1-3,dry,4-6m,24,2.892
Caulfield Heath,1800,1-3,dry,true,32,3.466
Caulfield Heath,1800,1-3,soft,1-3m,6,3.017
Caulfield Heath,1800,1-3,soft,4-6m,6,4.15
Caulfield Heath,1800,1-3,soft,true,6,3.717
Caulfield Heath,1800,10-12,dry,4-6m,9,3.722
Caulfield Heath,1800,10-12,dry,true,3,5.133
Caulfield Heath,1800,10-12,soft,1-3m,4,5.45
Caulfield Heath,1800,10-12,soft,true,4,3.0
Caulfield Heath,1800,4-6,dry,1-3m,21,3.124
Caulfield Heath,1800,4-6,dry,4-6m,24,3.517
Caulfield Heath,1800,4-6,dry,true,33,3.352
Caulfield Heath,1800,4-6,soft,1-3m,6,3.983
Caulfield Heath,1800,4-6,soft,4-6m,6,4.583
Caulfield Heath,1800,4-6,soft,true,6,3.233
Caulfield Heath,1800,7-9,dry,1-3m,14,3.693
Caulfield Heath,1800,7-9,dry,4-6m,19,3.668
Caulfield Heath,1800,7-9,dry,true,25,3.192
Caulfield Heath,1800,7-9,soft,1-3m,6,5.917
Caulfield Heath,1800,7-9,soft,4-6m,5,3.9
Caulfield Heath,1800,7-9,soft,true,6,6.533
Cranbourne,1000,1-3,dry,1-3m,18,1.644
Cranbourne,1000,1-3,dry,4-6m,39,1.646
Cranbourne,1000,1-3,dry,7-9m,87,1.638
Cranbourne,1000,1-3,dry,true,83,1.763
Cranbourne,1000,1-3,heavy,4-6m,6,1.4
Cranbourne,1000,1-3,heavy,true,3,1.133
Cranbourne,1000,1-3,soft,1-3m,6,1.133
Cranbourne,1000,1-3,soft,4-6m,25,1.852
Cranbourne,1000,1-3,soft,7-9m,36,1.581
Cranbourne,1000,1-3,soft,true,54,1.883
Cranbourne,1000,10-12,dry,1-3m,1,0.2
Cranbourne,1000,10-12,dry,4-6m,3,4.4
Cranbourne,1000,10-12,dry,7-9m,1,0.0
Cranbourne,1000,10-12,dry,true,9,2.367
Cranbourne,1000,10-12,heavy,4-6m,2,4.05
Cranbourne,1000,10-12,soft,4-6m,5,2.32
Cranbourne,1000,10-12,soft,7-9m,6,3.717
Cranbourne,1000,10-12,soft,true,10,3.23
Cranbourne,1000,4-6,dry,1-3m,18,1.628
Cranbourne,1000,4-6,dry,4-6m,39,2.044
Cranbourne,1000,4-6,dry,7-9m,86,1.776
Cranbourne,1000,4-6,dry,true,84,1.886
Cranbourne,1000,4-6,heavy,4-6m,6,1.7
Cranbourne,1000,4-6,heavy,true,3,2.7
Cranbourne,1000,4-6,soft,1-3m,6,2.6
Cranbourne,1000,4-6,soft,4-6m,27,2.115
Cranbourne,1000,4-6,soft,7-9m,36,1.678
Cranbourne,1000,4-6,soft,true,54,2.041
Cranbourne,1000,7-9,dry,1-3m,13,3.469
Cranbourne,1000,7-9,dry,4-6m,25,2.352
Cranbourne,1000,7-9,dry,7-9m,49,2.422
Cranbourne,1000,7-9,dry,true,53,1.881
Cranbourne,1000,7-9,heavy,4-6m,4,2.25
Cranbourne,1000,7-9,heavy,true,2,3.55
Cranbourne,1000,7-9,soft,1-3m,6,2.65
Cranbourne,1000,7-9,soft,4-6m,23,3.126
Cranbourne,1000,7-9,soft,7-9m,31,3.039
Cranbourne,1000,7-9,soft,true,37,2.078
Cranbourne,1200,1-3,dry,1-3m,21,1.957
Cranbourne,1200,1-3,dry,4-6m,47,2.17
Cranbourne,1200,1-3,dry,7-9m,81,2.543
Cranbourne,1200,1-3,dry,true,95,2.632
Cranbourne,1200,1-3,heavy,4-6m,3,2.1
Cranbourne,1200,1-3,heavy,true,3,1.267
Cranbourne,1200,1-3,soft,1-3m,3,1.3
Cranbourne,1200,1-3,soft,4-6m,21,2.524
Cranbourne,1200,1-3,soft,7-9m,27,2.419
Cranbourne,1200,1-3,soft,true,24,2.254
Cranbourne,1200,10-12,dry,1-3m,9,4.3
Cranbourne,1200,10-12,dry,4-6m,1,0.0
Cranbourne,1200,10-12,dry,7-9m,4,3.65
Cranbourne,1200,10-12,dry,true,13,3.677
Cranbourne,1200,10-12,heavy,4-6m,3,2.967
Cranbourne,1200,10-12,soft,4-6m,7,4.6
Cranbourne,1200,10-12,soft,7-9m,3,5.1
Cranbourne,1200,10-12,soft,true,7,4.943
Cranbourne,1200,13+,dry,1-3m,4,6.825
Cranbourne,1200,13+,dry,true,1,0.0
Cranbourne,1200,13+,heavy,4-6m,1,4.8
Cranbourne,1200,13+,soft,4-6m,1,2.9
Cranbourne,1200,13+,soft,true,1,6.9
Cranbourne,1200,4-6,dry,1-3m,21,3.352
Cranbourne,1200,4-6,dry,4-6m,48,2.86
Cranbourne,1200,4-6,dry,7-9m,81,2.716
Cranbourne,1200,4-6,dry,true,99,2.863
Cranbourne,1200,4-6,heavy,4-6m,3,1.433
Cranbourne,1200,4-6,heavy,true,3,4.267
Cranbourne,1200,4-6,soft,1-3m,3,3.2
Cranbourne,1200,4-6,soft,4-6m,21,2.857
Cranbourne,1200,4-6,soft,7-9m,26,3.465
Cranbourne,1200,4-6,soft,true,22,3.023
Cranbourne,1200,7-9,dry,1-3m,16,2.894
Cranbourne,1200,7-9,dry,4-6m,31,2.623
Cranbourne,1200,7-9,dry,7-9m,53,3.26
Cranbourne,1200,7-9,dry,true,73,3.152
Cranbourne,1200,7-9,heavy,4-6m,3,1.0
Cranbourne,1200,7-9,heavy,true,3,3.933
Cranbourne,1200,7-9,soft,1-3m,1,5.4
Cranbourne,1200,7-9,soft,4-6m,17,3.588
Cranbourne,1200,7-9,soft,7-9m,20,3.325
Cranbourne,1200,7-9,soft,true,18,4.044
Cranbourne,1300,1-3,dry,1-3m,15,2.74
Cranbourne,1300,1-3,dry,4-6m,18,2.489
Cranbourne,1300,1-3,dry,7-9m,46,2.826
Cranbourne,1300,1-3,dry,true,33,2.682
Cranbourne,1300,1-3,heavy,4-6m,3,2.667
Cranbourne,1300,1-3,soft,1-3m,3,3.367
Cranbourne,1300,1-3,soft,4-6m,6,2.3
Cranbourne,1300,1-3,soft,7-9m,15,2.287
Cranbourne,1300,1-3,soft,true,27,3.481
Cranbourne,1300,10-12,dry,4-6m,6,3.917
Cranbourne,1300,10-12,dry,7-9m,7,3.986
Cranbourne,1300,10-12,dry,true,8,4.012
Cranbourne,1300,10-12,heavy,4-6m,3,4.567
Cranbourne,1300,10-12,soft,1-3m,1,3.1
Cranbourne,1300,10-12,soft,4-6m,1,7.8
Cranbourne,1300,10-12,soft,7-9m,3,4.667
Cranbourne,1300,10-12,soft,true,9,3.978
Cranbourne,1300,13+,heavy,4-6m,2,4.75
Cranbourne,1300,4-6,dry,1-3m,14,2.721
Cranbourne,1300,4-6,dry,4-6m,18,2.744
Cranbourne,1300,4-6,dry,7-9m,47,3.0
Cranbourne,1300,4-6,dry,true,32,2.809
Cranbourne,1300,4-6,heavy,4-6m,3,2.1
Cranbourne,1300,4-6,soft,1-3m,3,1.9
Cranbourne,1300,4-6,soft,4-6m,6,4.5
Cranbourne,1300,4-6,soft,7-9m,14,4.057
Cranbourne,1300,4-6,soft,true,25,3.128
Cranbourne,1300,7-9,dry,1-3m,9,2.367
Cranbourne,1300,7-9,dry,4-6m,17,3.747
Cranbourne,1300,7-9,dry,7-9m,31,2.739
Cranbourne,1300,7-9,dry,true,22,3.723
Cranbourne,1300,7-9,heavy,4-6m,3,3.533
Cranbourne,1300,7-9,soft,1-3m,3,3.833
Cranbourne,1300,7-9,soft,4-6m,6,3.1
Cranbourne,1300,7-9,soft,7-9m,12,3.325
Cranbourne,1300,7-9,soft,true,23,3.922
Cranbourne,1400,1-3,dry,1-3m,17,2.818
Cranbourne,1400,1-3,dry,4-6m,42,2.726
Cranbourne,1400,1-3,dry,7-9m,68,2.422
Cranbourne,1400,1-3,dry,true,63,2.803
Cranbourne,1400,1-3,heavy,4-6m,6,2.4
Cranbourne,1400,1-3,soft,1-3m,3,1.433
Cranbourne,1400,1-3,soft,4-6m,17,2.571
Cranbourne,1400,1-3,soft,7-9m,21,3.276
Cranbourne,1400,1-3,soft,true,21,3.471
Cranbourne,1400,10-12,dry,1-3m,5,3.42
Cranbourne,1400,10-12,dry,4-6m,5,5.24
Cranbourne,1400,10-12,dry,7-9m,13,3.431
Cranbourne,1400,10-12,dry,true,14,4.443
Cranbourne,1400,10-12,heavy,4-6m,4,2.225
Cranbourne,1400,10-12,soft,4-6m,8,4.7
Cranbourne,1400,10-12,soft,7-9m,6,6.85
Cranbourne,1400,10-12,soft,true,8,3.425
Cranbourne,1400,13+,dry,true,2,8.9
Cranbourne,1400,13+,heavy,4-6m,1,7.2
Cranbourne,1400,13+,soft,4-6m,2,3.75
Cranbourne,1400,13+,soft,7-9m,1,8.1
Cranbourne,1400,4-6,dry,1-3m,18,2.656
Cranbourne,1400,4-6,dry,4-6m,42,2.886
Cranbourne,1400,4-6,dry,7-9m,68,2.915
Cranbourne,1400,4-6,dry,true,63,3.462
Cranbourne,1400,4-6,heavy,4-6m,6,2.1
Cranbourne,1400,4-6,soft,1-3m,3,3.133
Cranbourne,1400,4-6,soft,4-6m,18,3.761
Cranbourne,1400,4-6,soft,7-9m,21,3.071
Cranbourne,1400,4-6,soft,true,21,3.548
Cranbourne,1400,7-9,dry,1-3m,16,4.806
Cranbourne,1400,7-9,dry,4-6m,28,3.018
Cranbourne,1400,7-9,dry,7-9m,56,4.155
Cranbourne,1400,7-9,dry,true,53,3.642
Cranbourne,1400,7-9,heavy,4-6m,6,3.117
Cranbourne,1400,7-9,soft,4-6m,16,4.175
Cranbourne,1400,7-9,soft,7-9m,13,4.231
Cranbourne,1400,7-9,soft,true,21,3.21
Cranbourne,1500,1-3,dry,1-3m,9,3.878
Cranbourne,1500,1-3,dry,4-6m,9,4.022
Cranbourne,1500,1-3,dry,7-9m,8,4.112
Cranbourne,1500,1-3,dry,true,15,4.627
Cranbourne,1500,1-3,heavy,4-6m,3,2.133
Cranbourne,1500,1-3,soft,1-3m,2,3.75
Cranbourne,1500,1-3,soft,7-9m,6,3.1
Cranbourne,1500,1-3,soft,true,23,2.27
Cranbourne,1500,10-12,dry,1-3m,3,7.667
Cranbourne,1500,10-12,dry,4-6m,1,4.4
Cranbourne,1500,10-12,dry,7-9m,2,3.6
Cranbourne,1500,10-12,dry,true,8,3.775
Cranbourne,1500,10-12,heavy,4-6m,2,5.05
Cranbourne,1500,10-12,soft,7-9m,3,6.6
Cranbourne,1500,10-12,soft,true,8,4.675
Cranbourne,1500,13+,dry,true,2,1.65
Cranbourne,1500,13+,soft,7-9m,1,7.1
Cranbourne,1500,13+,soft,true,1,0.9
Cranbourne,1500,4-6,dry,1-3m,9,3.2
Cranbourne,1500,4-6,dry,4-6m,9,2.722
Cranbourne,1500,4-6,dry,7-9m,7,3.071
Cranbourne,1500,4-6,dry,true,15,3.293
Cranbourne,1500,4-6,heavy,4-6m,3,1.467
Cranbourne,1500,4-6,soft,1-3m,3,1.167
Cranbourne,1500,4-6,soft,7-9m,5,3.32
Cranbourne,1500,4-6,soft,true,24,2.65
Cranbourne,1500,7-9,dry,1-3m,9,2.511
Cranbourne,1500,7-9,dry,4-6m,8,2.7
Cranbourne,1500,7-9,dry,7-9m,8,4.262
Cranbourne,1500,7-9,dry,true,11,4.118
Cranbourne,1500,7-9,heavy,4-6m,3,2.833
Cranbourne,1500,7-9,soft,1-3m,3,2.933
Cranbourne,1500,7-9,soft,7-9m,3,9.233
Cranbourne,1500,7-9,soft,true,18,3.172
Cranbourne,1600,1-3,dry,1-3m,16,3.969
Cranbourne,1600,1-3,dry,4-6m,33,3.797
Cranbourne,1600,1-3,dry,7-9m,72,2.853
Cranbourne,1600,1-3,dry,true,57,2.482
Cranbourne,1600,1-3,heavy,4-6m,3,4.767
Cranbourne,1600,1-3,heavy,true,3,1.7
Cranbourne,1600,1-3,soft,1-3m,3,5.967
Cranbourne,1600,1-3,soft,4-6m,18,2.961
Cranbourne,1600,1-3,soft,7-9m,21,3.076
Cranbourne,1600,1-3,soft,true,26,2.881
Cranbourne,1600,10-12,dry,1-3m,5,3.02
Cranbourne,1600,10-12,dry,4-6m,7,5.886
Cranbourne,1600,10-12,dry,7-9m,13,3.077
Cranbourne,1600,10-12,dry,true,11,4.236
Cranbourne,1600,10-12,soft,1-3m,1,0.0
Cranbourne,1600,10-12,soft,4-6m,9,3.189
Cranbourne,1600,10-12,soft,7-9m,7,4.5
Cranbourne,1600,10-12,soft,true,5,3.22
Cranbourne,1600,13+,dry,1-3m,1,6.7
Cranbourne,1600,13+,dry,7-9m,2,10.35
Cranbourne,1600,13+,soft,4-6m,2,4.55
Cranbourne,1600,13+,soft,7-9m,2,5.65
Cranbourne,1600,4-6,dry,1-3m,18,4.5
Cranbourne,1600,4-6,dry,4-6m,33,2.948
Cranbourne,1600,4-6,dry,7-9m,71,3.515
Cranbourne,1600,4-6,dry,true,60,3.415
Cranbourne,1600,4-6,heavy,4-6m,3,3.867
Cranbourne,1600,4-6,heavy,true,3,2.1
Cranbourne,1600,4-6,soft,1-3m,3,8.3
Cranbourne,1600,4-6,soft,4-6m,18,3.133
Cranbourne,1600,4-6,soft,7-9m,21,2.967
Cranbourne,1600,4-6,soft,true,27,3.47
Cranbourne,1600,7-9,dry,1-3m,14,4.686
Cranbourne,1600,7-9,dry,4-6m,26,4.25
Cranbourne,1600,7-9,dry,7-9m,55,3.795
Cranbourne,1600,7-9,dry,true,44,4.695
Cranbourne,1600,7-9,heavy,4-6m,3,2.167
Cranbourne,1600,7-9,soft,1-3m,3,4.4
Cranbourne,1600,7-9,soft,4-6m,10,3.94
Cranbourne,1600,7-9,soft,7-9m,16,4.006
Cranbourne,1600,7-9,soft,true,19,4.132
Cranbourne,2000,1-3,dry,1-3m,14,3.757
Cranbourne,2000,1-3,dry,true,63,3.138
Cranbourne,2000,1-3,soft,1-3m,6,3.617
Cranbourne,2000,1-3,soft,4-6m,3,7.2
Cranbourne,2000,1-3,soft,7-9m,3,3.4
Cranbourne,2000,1-3,soft,true,29,3.262
Cranbourne,2000,10-12,dry,1-3m,7,4.071
Cranbourne,2000,10-12,dry,true,19,5.684
Cranbourne,2000,10-12,soft,1-3m,2,8.25
Cranbourne,2000,10-12,soft,4-6m,3,6.367
Cranbourne,2000,10-12,soft,true,11,3.736
Cranbourne,2000,13+,dry,1-3m,1,8.8
Cranbourne,2000,13+,dry,true,2,5.45
Cranbourne,2000,13+,soft,4-6m,2,1.55
Cranbourne,2000,4-6,dry,1-3m,15,2.767
Cranbourne,2000,4-6,dry,true,63,3.11
Cranbourne,2000,4-6,soft,1-3m,6,2.85
Cranbourne,2000,4-6,soft,4-6m,3,7.033
Cranbourne,2000,4-6,soft,7-9m,3,4.933
Cranbourne,2000,4-6,soft,true,30,4.097
Cranbourne,2000,7-9,dry,1-3m,15,3.593
Cranbourne,2000,7-9,dry,true,47,3.645
Cranbourne,2000,7-9,soft,1-3m,6,3.6
Cranbourne,2000,7-9,soft,4-6m,3,7.3
Cranbourne,2000,7-9,soft,7-9m,3,0.967
Cranbourne,2000,7-9,soft,true,27,5.081
Cranbourne,2100,1-3,dry,4-6m,9,3.444
Cranbourne,2100,1-3,dry,7-9m,27,3.552
Cranbourne,2100,1-3,soft,4-6m,3,4.1
Cranbourne,2100,1-3,soft,7-9m,18,3.606
Cranbourne,2100,10-12,dry,4-6m,2,1.7
Cranbourne,2100,10-12,dry,7-9m,6,4.133
Cranbourne,2100,10-12,soft,7-9m,7,3.243
Cranbourne,2100,4-6,dry,4-6m,9,3.8
Cranbourne,2100,4-6,dry,7-9m,26,4.131
Cranbourne,2100,4-6,soft,4-6m,3,2.533
Cranbourne,2100,4-6,soft,7-9m,17,3.435
Cranbourne,2100,7-9,dry,4-6m,9,4.867
Cranbourne,2100,7-9,dry,7-9m,25,3.44
Cranbourne,2100,7-9,soft,4-6m,3,2.667
Cranbourne,2100,7-9,soft,7-9m,15,4.233
Cranbourne,2500,1-3,dry,1-3m,9,2.567
Cranbourne,2500,1-3,dry,true,12,3.217
Cranbourne,2500,1-3,soft,1-3m,3,3.667
Cranbourne,2500,1-3,soft,7-9m,3,2.333
Cranbourne,2500,1-3,soft,true,15,2.107
Cranbourne,2500,10-12,dry,1-3m,4,3.025
Cranbourne,2500,10-12,dry,true,3,0.5
Cranbourne,2500,10-12,soft,1-3m,2,6.5
Cranbourne,2500,10-12,soft,true,3,4.867
Cranbourne,2500,13+,dry,1-3m,1,6.8
Cranbourne,2500,4-6,dry,1-3m,9,4.756
Cranbourne,2500,4-6,dry,true,12,3.45
Cranbourne,2500,4-6,soft,1-3m,3,5.7
Cranbourne,2500,4-6,soft,7-9m,3,1.767
Cranbourne,2500,4-6,soft,true,15,3.32
Cranbourne,2500,7-9,dry,1-3m,9,3.522
Cranbourne,2500,7-9,dry,true,7,4.057
Cranbourne,2500,7-9,soft,1-3m,3,1.633
Cranbourne,2500,7-9,soft,true,11,3.373
Cranbourne,2600,1-3,dry,4-6m,12,2.417
Cranbourne,2600,1-3,dry,7-9m,13,3.031
Cranbourne,2600,1-3,soft,7-9m,6,3.35
Cranbourne,2600,10-12,dry,4-6m,5,2.48
Cranbourne,2600,10-12,dry,7-9m,1,3.6
Cranbourne,2600,4-6,dry,4-6m,12,3.683
Cranbourne,2600,4-6,dry,7-9m,13,2.592
Cranbourne,2600,4-6,soft,7-9m,6,5.2
Cranbourne,2600,7-9,dry,4-6m,10,3.12
Cranbourne,2600,7-9,dry,7-9m,10,4.23
Cranbourne,2600,7-9,soft,7-9m,2,1.15
Dalby,1000,1-3,dry,true,72,2.097
Dalby,1000,1-3,soft,true,18,2.233
Dalby,1000,10-12,dry,true,16,2.194
Dalby,1000,10-12,soft,true,4,3.15
Dalby,1000,4-6,dry,true,72,2.214
Dalby,1000,4-6,soft,true,18,2.728
Dalby,1000,7-9,dry,true,69,2.119
Dalby,1000,7-9,soft,true,18,1.883
Dalby,1100,1-3,dry,true,18,2.711
Dalby,1100,10-12,dry,true,2,2.55
Dalby,1100,4-6,dry,true,17,2.4
Dalby,1100,7-9,dry,true,13,3.085
Dalby,1200,1-3,dry,true,27,2.915
Dalby,1200,1-3,soft,true,6,1.517
Dalby,1200,10-12,dry,true,3,2.033
Dalby,1200,10-12,soft,true,1,5.2
Dalby,1200,4-6,dry,true,27,3.0
Dalby,1200,4-6,soft,true,6,1.267
Dalby,1200,7-9,dry,true,24,2.583
Dalby,1200,7-9,soft,true,6,2.167
Dalby,1400,1-3,dry,true,86,2.964
Dalby,1400,1-3,soft,true,15,2.753
Dalby,1400,10-12,dry,true,17,4.882
Dalby,1400,10-12,soft,true,3,3.0
Dalby,1400,4-6,dry,true,83,3.235
Dalby,1400,4-6,soft,true,15,2.62
Dalby,1400,7-9,dry,true,70,3.861
Dalby,1400,7-9,soft,true,15,2.893
Dalby,2000,1-3,dry,true,9,4.711
Dalby,2000,1-3,soft,true,3,2.567
Dalby,2000,10-12,soft,true,1,9.2
Dalby,2000,4-6,dry,true,9,3.333
Dalby,2000,4-6,soft,true,3,6.667
Dalby,2000,7-9,dry,true,9,5.278
Dalby,2000,7-9,soft,true,3,4.1
Doomben,1000,1-3,dry,1-3m,9,1.689
Doomben,1000,1-3,dry,10m+,6,1.317
Doomben,1000,1-3,dry,4-6m,41,1.698
Doomben,1000,1-3,dry,7-9m,12,2.067
Doomben,1000,1-3,heavy,10m+,3,2.0
Doomben,1000,1-3,soft,1-3m,12,2.125
Doomben,1000,1-3,soft,10m+,3,1.333
Doomben,1000,1-3,soft,4-6m,17,1.565
Doomben,1000,1-3,soft,7-9m,1,0.0
Doomben,1000,10-12,dry,1-3m,5,4.88
Doomben,1000,10-12,dry,4-6m,4,2.55
Doomben,1000,10-12,dry,7-9m,2,6.8
Doomben,1000,10-12,soft,1-3m,4,3.875
Doomben,1000,10-12,soft,4-6m,7,4.0
Doomben,1000,13+,dry,1-3m,1,3.2
Doomben,1000,13+,soft,4-6m,1,0.0
Doomben,1000,4-6,dry,1-3m,9,2.789
Doomben,1000,4-6,dry,10m+,6,2.4
Doomben,1000,4-6,dry,4-6m,40,2.005
Doomben,1000,4-6,dry,7-9m,12,2.567
Doomben,1000,4-6,heavy,10m+,3,2.767
Doomben,1000,4-6,soft,1-3m,12,2.658
Doomben,1000,4-6,soft,10m+,3,2.733
Doomben,1000,4-6,soft,4-6m,18,2.517
Doomben,1000,4-6,soft,7-9m,3,3.4
Doomben,1000,7-9,dry,1-3m,6,1.717
Doomben,1000,7-9,dry,10m+,5,2.84
Doomben,1000,7-9,dry,4-6m,33,3.452
Doomben,1000,7-9,dry,7-9m,7,4.214
Doomben,1000,7-9,soft,1-3m,9,3.122
Doomben,1000,7-9,soft,10m+,3,3.867
Doomben,1000,7-9,soft,4-6m,12,3.375
Doomben,1100,1-3,dry,1-3m,34,3.185
Doomben,1100,1-3,dry,10m+,35,2.88
Doomben,1100,1-3,dry,4-6m,154,2.548
Doomben,1100,1-3,dry,7-9m,54,2.228
Doomben,1100,1-3,dry,true,34,2.044
Doomben,1100,1-3,heavy,1-3m,3,4.067
Doomben,1100,1-3,heavy,10m+,3,3.467
Doomben,1100,1-3,heavy,4-6m,6,2.383
Doomben,1100,1-3,heavy,7-9m,3,2.533
Doomben,1100,1-3,heavy,true,8,1.875
Doomben,1100,1-3,soft,1-3m,50,2.836
Doomben,1100,1-3,soft,10m+,20,2.15
Doomben,1100,1-3,soft,4-6m,78,2.441
Doomben,1100,1-3,soft,7-9m,20,1.84
Doomben,1100,1-3,soft,true,14,2.4
Doomben,1100,10-12,dry,1-3m,16,3.531
Doomben,1100,10-12,dry,10m+,10,3.41
Doomben,1100,10-12,dry,4-6m,42,4.395
Doomben,1100,10-12,dry,7-9m,18,4.1
Doomben,1100,10-12,dry,true,15,4.347
Doomben,1100,10-12,heavy,10m+,1,3.5
Doomben,1100,10-12,heavy,4-6m,3,4.967
Doomben,1100,10-12,heavy,true,1,3.7
Doomben,1100,10-12,soft,1-3m,33,5.209
Doomben,1100,10-12,soft,4-6m,15,3.867
Doomben,1100,10-12,soft,7-9m,9,4.633
Doomben,1100,10-12,soft,true,11,3.8
Doomben,1100,13+,dry,1-3m,4,3.325
Doomben,1100,13+,dry,4-6m,4,5.075
Doomben,1100,13+,dry,7-9m,2,7.05
Doomben,1100,13+,dry,true,5,4.9
Doomben,1100,13+,heavy,4-6m,3,4.433
Doomben,1100,13+,soft,1-3m,9,4.556
Doomben,1100,13+,soft,4-6m,4,6.175
Doomben,1100,13+,soft,7-9m,1,5.5
Doomben,1100,13+,soft,true,3,5.733
Doomben,1100,4-6,dry,1-3m,35,2.731
Doomben,1100,4-6,dry,10m+,35,3.169
Doomben,1100,4-6,dry,4-6m,156,2.896
Doomben,1100,4-6,dry,7-9m,54,2.859
Doomben,1100,4-6,dry,true,35,2.611
Doomben,1100,4-6,heavy,1-3m,2,5.35
Doomben,1100,4-6,heavy,10m+,3,2.267
Doomben,1100,4-6,heavy,4-6m,6,2.783
Doomben,1100,4-6,heavy,7-9m,2,2.9
Doomben,1100,4-6,heavy,true,8,2.075
Doomben,1100,4-6,soft,1-3m,51,3.186
Doomben,1100,4-6,soft,10m+,20,3.33
Doomben,1100,4-6,soft,4-6m,77,2.74
Doomben,1100,4-6,soft,7-9m,21,3.043
Doomben,1100,4-6,soft,true,15,3.2
Doomben,1100,7-9,dry,1-3m,30,3.667
Doomben,1100,7-9,dry,10m+,33,2.9
Doomben,1100,7-9,dry,4-6m,134,3.456
Doomben,1100,7-9,dry,7-9m,45,3.193
Doomben,1100,7-9,dry,true,32,3.453
Doomben,1100,7-9,heavy,1-3m,1,0.0
Doomben,1100,7-9,heavy,10m+,3,1.8
Doomben,1100,7-9,heavy,4-6m,3,5.2
Doomben,1100,7-9,heavy,7-9m,2,2.35
Doomben,1100,7-9,heavy,true,4,0.5
Doomben,1100,7-9,soft,1-3m,50,3.294
Doomben,1100,7-9,soft,10m+,10,3.56
Doomben,1100,7-9,soft,4-6m,55,3.687
Doomben,1100,7-9,soft,7-9m,18,4.361
Doomben,1100,7-9,soft,true,15,2.947
Doomben,1200,1-3,dry,1-3m,51,3.027
Doomben,1200,1-3,dry,10m+,60,3.315
Doomben,1200,1-3,dry,4-6m,306,2.889
Doomben,1200,1-3,dry,7-9m,135,3.193
Doomben,1200,1-3,dry,true,55,2.549
Doomben,1200,1-3,heavy,1-3m,15,2.053
Doomben,1200,1-3,heavy,10m+,3,3.5
Doomben,1200,1-3,heavy,4-6m,9,2.722
Doomben,1200,1-3,heavy,7-9m,6,3.217
Doomben,1200,1-3,heavy,true,9,2.4
Doomben,1200,1-3,soft,1-3m,55,2.48
Doomben,1200,1-3,soft,10m+,35,2.46
Doomben,1200,1-3,soft,4-6m,158,2.417
Doomben,1200,1-3,soft,7-9m,45,2.596
Doomben,1200,1-3,soft,true,22,2.932
Doomben,1200,10-12,dry,1-3m,29,3.921
Doomben,1200,10-12,dry,10m+,32,4.616
Doomben,1200,10-12,dry,4-6m,121,4.876
Doomben,1200,10-12,dry,7-9m,68,4.225
Doomben,1200,10-12,dry,true,27,4.563
Doomben,1200,10-12,heavy,4-6m,3,5.2
Doomben,1200,10-12,heavy,7-9m,1,6.4
Doomben,1200,10-12,heavy,true,7,4.829
Doomben,1200,10-12,soft,1-3m,32,4.769
Doomben,1200,10-12,soft,10m+,11,5.836
Doomben,1200,10-12,soft,4-6m,51,5.135
Doomben,1200,10-12,soft,7-9m,19,5.053
Doomben,1200,10-12,soft,true,10,4.91
Doomben,1200,13+,dry,1-3m,1,0.0
Doomben,1200,13+,dry,4-6m,22,5.95
Doomben,1200,13+,dry,7-9m,5,3.36
Doomben,1200,13+,dry,true,1,8.4
Doomben,1200,13+,heavy,true,3,2.533
Doomben,1200,13+,soft,1-3m,11,3.091
Doomben,1200,13+,soft,4-6m,2,5.6
Doomben,1200,13+,soft,7-9m,1,7.2
Doomben,1200,13+,soft,true,3,5.667
Doomben,1200,4-6,dry,1-3m,53,3.411
Doomben,1200,4-6,dry,10m+,59,3.79
Doomben,1200,4-6,dry,4-6m,311,3.219
Doomben,1200,4-6,dry,7-9m,139,3.378
Doomben,1200,4-6,dry,true,56,3.236
Doomben,1200,4-6,heavy,1-3m,13,2.008
Doomben,1200,4-6,heavy,10m+,3,4.033
Doomben,1200,4-6,heavy,4-6m,8,1.925
Doomben,1200,4-6,heavy,7-9m,6,3.1
Doomben,1200,4-6,heavy,true,9,3.756
Doomben,1200,4-6,soft,1-3m,56,3.791
Doomben,1200,4-6,soft,10m+,35,3.043
Doomben,1200,4-6,soft,4-6m,158,3.056
Doomben,1200,4-6,soft,7-9m,44,2.911
Doomben,1200,4-6,soft,true,23,3.143
Doomben,1200,7-9,dry,1-3m,50,3.998
Doomben,1200,7-9,dry,10m+,59,3.297
Doomben,1200,7-9,dry,4-6m,272,3.888
Doomben,1200,7-9,dry,7-9m,129,3.957
Doomben,1200,7-9,dry,true,48,3.519
Doomben,1200,7-9,heavy,1-3m,5,3.96
Doomben,1200,7-9,heavy,10m+,3,1.667
Doomben,1200,7-9,heavy,4-6m,6,1.767
Doomben,1200,7-9,heavy,7-9m,5,3.54
Doomben,1200,7-9,heavy,true,8,2.688
Doomben,1200,7-9,soft,1-3m,50,4.212
Doomben,1200,7-9,soft,10m+,30,3.623
Doomben,1200,7-9,soft,4-6m,129,3.641
Doomben,1200,7-9,soft,7-9m,40,3.673
Doomben,1200,7-9,soft,true,21,4.786
Doomben,1400,1-3,dry,1-3m,69,3.203
Doomben,1400,1-3,dry,10m+,58,3.259
Doomben,1400,1-3,dry,4-6m,326,3.26
Doomben,1400,1-3,dry,7-9m,95,3.255
Doomben,1400,1-3,dry,true,49,3.386
Doomben,1400,1-3,heavy,1-3m,12,2.842
Doomben,1400,1-3,heavy,10m+,6,3.4
Doomben,1400,1-3,heavy,4-6m,12,4.15
Doomben,1400,1-3,heavy,7-9m,3,1.8
Doomben,1400,1-3,heavy,true,8,4.225
Doomben,1400,1-3,soft,1-3m,55,3.293
Doomben,1400,1-3,soft,10m+,50,2.332
Doomben,1400,1-3,soft,4-6m,169,3.415
Doomben,1400,1-3,soft,7-9m,46,3.791
Doomben,1400,1-3,soft,true,24,2.75
Doomben,1400,10-12,dry,1-3m,36,5.261
Doomben,1400,10-12,dry,10m+,39,5.177
Doomben,1400,10-12,dry,4-6m,145,4.784
Doomben,1400,10-12,dry,7-9m,45,5.242
Doomben,1400,10-12,dry,true,27,5.578
Doomben,1400,10-12,heavy,1-3m,1,9.2
Doomben,1400,10-12,heavy,4-6m,2,5.05
Doomben,1400,10-12,heavy,7-9m,1,1.9
Doomben,1400,10-12,heavy,true,7,4.571
Doomben,1400,10-12,soft,1-3m,32,5.15
Doomben,1400,10-12,soft,10m+,22,4.4
Doomben,1400,10-12,soft,4-6m,70,4.657
Doomben,1400,10-12,soft,7-9m,31,4.9
Doomben,1400,10-12,soft,true,13,5.269
Doomben,1400,13+,dry,1-3m,21,6.905
Doomben,1400,13+,dry,10m+,2,8.35
Doomben,1400,13+,dry,4-6m,32,5.084
Doomben,1400,13+,dry,7-9m,7,6.9
Doomben,1400,13+,dry,true,7,6.657
Doomben,1400,13+,heavy,true,1,0.0
Doomben,1400,13+,soft,1-3m,21,6.643
Doomben,1400,13+,soft,4-6m,18,4.461
Doomben,1400,13+,soft,7-9m,8,3.025
Doomben,1400,13+,soft,true,4,7.375
Doomben,1400,4-6,dry,1-3m,72,4.129
Doomben,1400,4-6,dry,10m+,59,3.566
Doomben,1400,4-6,dry,4-6m,324,3.353
Doomben,1400,4-6,dry,7-9m,95,3.776
Doomben,1400,4-6,dry,true,51,3.267
Doomben,1400,4-6,heavy,1-3m,12,2.617
Doomben,1400,4-6,heavy,10m+,6,2.817
Doomben,1400,4-6,heavy,4-6m,11,3.455
Doomben,1400,4-6,heavy,7-9m,3,3.867
Doomben,1400,4-6,heavy,true,9,4.433
Doomben,1400,4-6,soft,1-3m,57,3.365
Doomben,1400,4-6,soft,10m+,51,2.876
Doomben,1400,4-6,soft,4-6m,179,3.432
Doomben,1400,4-6,soft,7-9m,48,4.29
Doomben,1400,4-6,soft,true,24,3.696
Doomben,1400,7-9,dry,1-3m,61,3.752
Doomben,1400,7-9,dry,10m+,55,5.198
Doomben,1400,7-9,dry,4-6m,307,4.152
Doomben,1400,7-9,dry,7-9m,86,4.024
Doomben,1400,7-9,dry,true,48,3.715
Doomben,1400,7-9,heavy,1-3m,9,5.533
Doomben,1400,7-9,heavy,10m+,4,2.6
Doomben,1400,7-9,heavy,4-6m,7,5.586
Doomben,1400,7-9,heavy,7-9m,3,6.733
Doomben,1400,7-9,heavy,true,9,4.111
Doomben,1400,7-9,soft,1-3m,51,4.014
Doomben,1400,7-9,soft,10m+,46,3.737
Doomben,1400,7-9,soft,4-6m,154,3.863
Doomben,1400,7-9,soft,7-9m,44,3.609
Doomben,1400,7-9,soft,true,22,3.859
Doomben,1600,1-3,dry,1-3m,51,3.778
Doomben,1600,1-3,dry,4-6m,239,3.202
Doomben,1600,1-3,dry,7-9m,69,3.291
Doomben,1600,1-3,dry,true,36,2.675
Doomben,1600,1-3,heavy,4-6m,9,4.5
Doomben,1600,1-3,heavy,7-9m,6,2.317
Doomben,1600,1-3,heavy,true,6,3.433
Doomben,1600,1-3,soft,1-3m,53,3.938
Doomben,1600,1-3,soft,4-6m,110,3.045
Doomben,1600,1-3,soft,7-9m,33,4.03
Doomben,1600,1-3,soft,true,20,3.26
Doomben,1600,10-12,dry,1-3m,23,5.583
Doomben,1600,10-12,dry,4-6m,85,5.234
Doomben,1600,10-12,dry,7-9m,27,4.241
Doomben,1600,10-12,dry,true,20,4.685
Doomben,1600,10-12,heavy,4-6m,6,4.867
Doomben,1600,10-12,heavy,true,3,8.8
Doomben,1600,10-12,soft,1-3m,31,5.555
Doomben,1600,10-12,soft,4-6m,47,5.009
Doomben,1600,10-12,soft,7-9m,20,4.405
Doomben,1600,10-12,soft,true,18,5.806
Doomben,1600,13+,dry,1-3m,8,5.762
Doomben,1600,13+,dry,4-6m,11,6.473
Doomben,1600,13+,dry,true,7,5.529
Doomben,1600,13+,heavy,4-6m,2,2.45
Doomben,1600,13+,heavy,true,3,10.7
Doomben,1600,13+,soft,1-3m,12,8.975
Doomben,1600,13+,soft,4-6m,4,7.225
Doomben,1600,13+,soft,7-9m,1,12.9
Doomben,1600,13+,soft,true,6,7.633
Doomben,1600,4-6,dry,1-3m,59,3.614
Doomben,1600,4-6,dry,4-6m,245,3.778
Doomben,1600,4-6,dry,7-9m,72,4.021
Doomben,1600,4-6,dry,true,39,3.797
Doomben,1600,4-6,heavy,4-6m,9,3.322
Doomben,1600,4-6,heavy,7-9m,6,2.4
Doomben,1600,4-6,heavy,true,6,3.617
Doomben,1600,4-6,soft,1-3m,54,3.326
Doomben,1600,4-6,soft,4-6m,116,3.765
Doomben,1600,4-6,soft,7-9m,38,3.297
Doomben,1600,4-6,soft,true,21,4.01
Doomben,1600,7-9,dry,1-3m,53,4.062
Doomben,1600,7-9,dry,4-6m,208,4.325
Doomben,1600,7-9,dry,7-9m,61,4.411
Doomben,1600,7-9,dry,true,36,3.711
Doomben,1600,7-9,heavy,4-6m,9,4.822
Doomben,1600,7-9,heavy,7-9m,2,3.6
Doomben,1600,7-9,heavy,true,4,5.525
Doomben,1600,7-9,soft,1-3m,49,5.237
Doomben,1600,7-9,soft,4-6m,105,4.78
Doomben,1600,7-9,soft,7-9m,33,5.094
Doomben,1600,7-9,soft,true,21,5.371
Doomben,1700,1-3,dry,10m+,34,3.15
Doomben,1700,1-3,dry,4-6m,6,2.317
Doomben,1700,1-3,heavy,10m+,6,3.817
Doomben,1700,1-3,heavy,4-6m,2,2.25
Doomben,1700,1-3,soft,10m+,19,3.663
Doomben,1700,1-3,soft,4-6m,21,2.105
Doomben,1700,10-12,dry,10m+,1,5.9
Doomben,1700,10-12,heavy,10m+,1,3.8
Doomben,1700,10-12,soft,10m+,1,0.0
Doomben,1700,4-6,dry,10m+,39,3.513
Doomben,1700,4-6,dry,4-6m,6,4.183
Doomben,1700,4-6,heavy,10m+,6,4.217
Doomben,1700,4-6,heavy,4-6m,2,2.45
Doomben,1700,4-6,soft,10m+,21,3.805
Doomben,1700,4-6,soft,4-6m,21,3.529
Doomben,1700,7-9,dry,10m+,36,3.464
Doomben,1700,7-9,dry,4-6m,5,3.02
Doomben,1700,7-9,heavy,10m+,5,2.12
Doomben,1700,7-9,soft,10m+,16,3.819
Doomben,1700,7-9,soft,4-6m,9,3.522
Doomben,2000,1-3,dry,1-3m,21,6.005
Doomben,2000,1-3,dry,4-6m,65,3.543
Doomben,2000,1-3,dry,7-9m,18,3.928
Doomben,2000,1-3,dry,true,9,3.378
Doomben,2000,1-3,heavy,1-3m,3,2.933
Doomben,2000,1-3,heavy,4-6m,2,3.95
Doomben,2000,1-3,heavy,7-9m,2,7.75
Doomben,2000,1-3,heavy,true,6,5.65
Doomben,2000,1-3,soft,1-3m,24,3.704
Doomben,2000,1-3,soft,4-6m,37,3.808
Doomben,2000,1-3,soft,7-9m,8,2.95
Doomben,2000,1-3,soft,true,13,4.138
Doomben,2000,10-12,dry,1-3m,18,4.756
Doomben,2000,10-12,dry,4-6m,32,4.706
Doomben,2000,10-12,dry,7-9m,9,5.356
Doomben,2000,10-12,dry,true,8,6.412
Doomben,2000,10-12,heavy,4-6m,1,3.3
Doomben,2000,10-12,heavy,7-9m,2,10.7
Doomben,2000,10-12,heavy,true,5,4.24
Doomben,2000,10-12,soft,1-3m,18,4.744
Doomben,2000,10-12,soft,4-6m,27,5.426
Doomben,2000,10-12,soft,7-9m,6,5.517
Doomben,2000,10-12,soft,true,13,7.115
Doomben,2000,13+,dry,1-3m,15,8.32
Doomben,2000,13+,dry,4-6m,10,6.27
Doomben,2000,13+,dry,true,3,8.133
Doomben,2000,13+,heavy,true,1,5.6
Doomben,2000,13+,soft,1-3m,11,5.173
Doomben,2000,13+,soft,4-6m,10,5.27
Doomben,2000,13+,soft,7-9m,2,7.3
Doomben,2000,13+,soft,true,12,5.408
Doomben,2000,4-6,dry,1-3m,24,6.579
Doomben,2000,4-6,dry,4-6m,77,3.714
Doomben,2000,4-6,dry,7-9m,17,4.406
Doomben,2000,4-6,dry,true,11,4.455
Doomben,2000,4-6,heavy,1-3m,3,6.067
Doomben,2000,4-6,heavy,4-6m,4,3.225
Doomben,2000,4-6,heavy,7-9m,2,7.2
Doomben,2000,4-6,heavy,true,5,3.3
Doomben,2000,4-6,soft,1-3m,31,4.226
Doomben,2000,4-6,soft,4-6m,43,4.412
Doomben,2000,4-6,soft,7-9m,7,4.686
Doomben,2000,4-6,soft,true,13,5.077
Doomben,2000,7-9,dry,1-3m,21,5.243
Doomben,2000,7-9,dry,4-6m,62,4.511
Doomben,2000,7-9,dry,7-9m,15,4.073
Doomben,2000,7-9,dry,true,14,4.986
Doomben,2000,7-9,heavy,1-3m,2,1.65
Doomben,2000,7-9,heavy,4-6m,6,5.133
Doomben,2000,7-9,heavy,7-9m,3,5.7
Doomben,2000,7-9,heavy,true,6,5.633
Doomben,2000,7-9,soft,1-3m,28,4.346
Doomben,2000,7-9,soft,4-6m,40,4.145
Doomben,2000,7-9,soft,7-9m,8,5.175
Doomben,2000,7-9,soft,true,15,5.147
Doomben,2100,1-3,dry,10m+,9,2.522
Doomben,2100,1-3,dry,4-6m,16,2.912
Doomben,2100,1-3,dry,7-9m,7,2.9
Doomben,2100,1-3,heavy,4-6m,3,3.033
Doomben,2100,1-3,soft,10m+,10,2.54
Doomben,2100,1-3,soft,4-6m,6,1.967
Doomben,2100,10-12,dry,10m+,1,0.0
Doomben,2100,10-12,dry,4-6m,8,5.075
Doomben,2100,10-12,dry,7-9m,5,8.44
Doomben,2100,10-12,soft,10m+,9,5.078
Doomben,2100,4-6,dry,10m+,11,2.891
Doomben,2100,4-6,dry,4-6m,17,4.065
Doomben,2100,4-6,dry,7-9m,6,2.95
Doomben,2100,4-6,heavy,4-6m,2,0.25
Doomben,2100,4-6,soft,10m+,10,5.49
Doomben,2100,4-6,soft,4-6m,6,2.95
Doomben,2100,7-9,dry,10m+,9,5.233
Doomben,2100,7-9,dry,4-6m,17,2.829
Doomben,2100,7-9,dry,7-9m,7,2.886
Doomben,2100,7-9,soft,10m+,12,4.917
Doomben,2100,7-9,soft,4-6m,3,4.033
Doomben,2200,1-3,dry,1-3m,18,3.239
Doomben,2200,1-3,dry,4-6m,25,3.608
Doomben,2200,1-3,dry,7-9m,3,1.767
Doomben,2200,1-3,dry,true,6,3.583
Doomben,2200,1-3,heavy,1-3m,3,3.9
Doomben,2200,1-3,heavy,10m+,1,2.9
Doomben,2200,1-3,heavy,true,2,3.6
Doomben,2200,1-3,soft,1-3m,2,2.85
Doomben,2200,1-3,soft,4-6m,13,3.938
Doomben,2200,1-3,soft,true,3,3.9
Doomben,2200,10-12,dry,1-3m,7,4.3
Doomben,2200,10-12,dry,4-6m,6,5.117
Doomben,2200,10-12,dry,true,1,3.3
Doomben,2200,10-12,heavy,1-3m,3,5.6
Doomben,2200,10-12,heavy,10m+,3,2.8
Doomben,2200,10-12,heavy,true,2,0.45
Doomben,2200,10-12,soft,1-3m,1,0.5
Doomben,2200,10-12,soft,4-6m,3,6.633
Doomben,2200,13+,dry,1-3m,1,2.1
Doomben,2200,13+,dry,4-6m,1,2.1
Doomben,2200,13+,heavy,1-3m,1,0.3
Doomben,2200,4-6,dry,1-3m,19,3.895
Doomben,2200,4-6,dry,4-6m,24,3.458
Doomben,2200,4-6,dry,7-9m,3,2.567
Doomben,2200,4-6,dry,true,6,2.533
Doomben,2200,4-6,heavy,1-3m,3,5.767
Doomben,2200,4-6,heavy,10m+,2,2.2
Doomben,2200,4-6,heavy,true,1,7.0
Doomben,2200,4-6,soft,1-3m,3,4.9
Doomben,2200,4-6,soft,4-6m,12,3.183
Doomben,2200,4-6,soft,true,4,4.475
Doomben,2200,7-9,dry,1-3m,14,3.607
Doomben,2200,7-9,dry,4-6m,19,4.895
Doomben,2200,7-9,dry,true,3,3.5
Doomben,2200,7-9,heavy,1-3m,2,5.25
Doomben,2200,7-9,heavy,10m+,3,5.133
Doomben,2200,7-9,heavy,true,3,5.167
Doomben,2200,7-9,soft,1-3m,1,8.4
Doomben,2200,7-9,soft,4-6m,11,3.573
Doomben,2200,7-9,soft,true,6,3.2
Eagle Farm,1000,1-3,dry,1-3m,83,1.88
Eagle Farm,1000,1-3,dry,10m+,36,1.722
Eagle Farm,1000,1-3,dry,4-6m,155,1.67
Eagle Farm,1000,1-3,dry,7-9m,72,1.392
Eagle Farm,1000,1-3,dry,true,31,2.013
Eagle Farm,1000,1-3,heavy,1-3m,6,3.217
Eagle Farm,1000,1-3,heavy,7-9m,3,0.4
Eagle Farm,1000,1-3,soft,1-3m,51,2.006
Eagle Farm,1000,1-3,soft,10m+,48,1.902
Eagle Farm,1000,1-3,soft,4-6m,81,1.989
Eagle Farm,1000,1-3,soft,7-9m,28,1.532
Eagle Farm,1000,1-3,soft,true,6,2.167
Eagle Farm,1000,10-12,dry,1-3m,31,3.265
Eagle Farm,1000,10-12,dry,10m+,3,3.0
Eagle Farm,1000,10-12,dry,4-6m,29,3.855
Eagle Farm,1000,10-12,dry,7-9m,11,2.364
Eagle Farm,1000,10-12,dry,true,10,2.44
Eagle Farm,1000,10-12,heavy,1-3m,4,4.125
Eagle Farm,1000,10-12,heavy,7-9m,1,3.2
Eagle Farm,1000,10-12,soft,1-3m,15,3.133
Eagle Farm,1000,10-12,soft,10m+,12,3.55
Eagle Farm,1000,10-12,soft,4-6m,19,3.147
Eagle Farm,1000,10-12,soft,7-9m,11,2.745
Eagle Farm,1000,10-12,soft,true,2,2.75
Eagle Farm,1000,4-6,dry,1-3m,82,2.198
Eagle Farm,1000,4-6,dry,10m+,38,2.342
Eagle Farm,1000,4-6,dry,4-6m,151,2.205
Eagle Farm,1000,4-6,dry,7-9m,74,2.246
Eagle Farm,1000,4-6,dry,true,33,1.924
Eagle Farm,1000,4-6,heavy,1-3m,6,2.9
Eagle Farm,1000,4-6,heavy,7-9m,3,1.033
Eagle Farm,1000,4-6,soft,1-3m,50,2.608
Eagle Farm,1000,4-6,soft,10m+,48,2.085
Eagle Farm,1000,4-6,soft,4-6m,81,2.417
Eagle Farm,1000,4-6,soft,7-9m,29,1.945
Eagle Farm,1000,4-6,soft,true,6,1.95
Eagle Farm,1000,7-9,dry,1-3m,71,3.003
Eagle Farm,1000,7-9,dry,10m+,20,3.015
Eagle Farm,1000,7-9,dry,4-6m,106,2.57
Eagle Farm,1000,7-9,dry,7-9m,54,2.72
Eagle Farm,1000,7-9,dry,true,26,2.669
Eagle Farm,1000,7-9,heavy,1-3m,6,4.5
Eagle Farm,1000,7-9,heavy,7-9m,3,1.8
Eagle Farm,1000,7-9,soft,1-3m,44,2.725
Eagle Farm,1000,7-9,soft,10m+,40,2.53
Eagle Farm,1000,7-9,soft,4-6m,60,2.578
Eagle Farm,1000,7-9,soft,7-9m,22,2.795
Eagle Farm,1000,7-9,soft,true,4,2.325
Eagle Farm,1200,1-3,dry,1-3m,135,2.772
Eagle Farm,1200,1-3,dry,10m+,61,2.323
Eagle Farm,1200,1-3,dry,4-6m,266,3.004
Eagle Farm,1200,1-3,dry,7-9m,81,2.856
Eagle Farm,1200,1-3,dry,true,36,2.722
Eagle Farm,1200,1-3,heavy,1-3m,15,3.787
Eagle Farm,1200,1-3,heavy,4-6m,9,3.422
Eagle Farm,1200,1-3,heavy,7-9m,3,2.867
Eagle Farm,1200,1-3,soft,1-3m,53,2.864
Eagle Farm,1200,1-3,soft,10m+,56,2.477
Eagle Farm,1200,1-3,soft,4-6m,96,2.598
Eagle Farm,1200,1-3,soft,7-9m,48,3.181
Eagle Farm,1200,1-3,soft,true,12,3.408
Eagle Farm,1200,10-12,dry,1-3m,52,4.733
Eagle Farm,1200,10-12,dry,10m+,14,4.236
Eagle Farm,1200,10-12,dry,4-6m,136,4.604
Eagle Farm,1200,10-12,dry,7-9m,28,4.246
Eagle Farm,1200,10-12,dry,true,14,5.729
Eagle Farm,1200,10-12,heavy,1-3m,3,4.1
Eagle Farm,1200,10-12,heavy,4-6m,7,5.543
Eagle Farm,1200,10-12,soft,1-3m,29,5.128
Eagle Farm,1200,10-12,soft,10m+,14,5.8
Eagle Farm,1200,10-12,soft,4-6m,51,4.916
Eagle Farm,1200,10-12,soft,7-9m,19,4.432
Eagle Farm,1200,10-12,soft,true,9,3.978
Eagle Farm,1200,13+,dry,1-3m,11,6.6
Eagle Farm,1200,13+,dry,4-6m,43,4.826
Eagle Farm,1200,13+,dry,7-9m,8,4.225
Eagle Farm,1200,13+,dry,true,2,3.15
Eagle Farm,1200,13+,heavy,4-6m,2,6.15
Eagle Farm,1200,13+,soft,1-3m,11,4.027
Eagle Farm,1200,13+,soft,4-6m,11,6.245
Eagle Farm,1200,13+,soft,7-9m,8,3.75
Eagle Farm,1200,13+,soft,true,10,4.54
Eagle Farm,1200,4-6,dry,1-3m,133,3.423
Eagle Farm,1200,4-6,dry,10m+,63,2.763
Eagle Farm,1200,4-6,dry,4-6m,265,3.446
Eagle Farm,1200,4-6,dry,7-9m,80,3.006
Eagle Farm,1200,4-6,dry,true,36,3.6
Eagle Farm,1200,4-6,heavy,1-3m,15,2.52
Eagle Farm,1200,4-6,heavy,4-6m,9,4.178
Eagle Farm,1200,4-6,heavy,7-9m,3,2.267
Eagle Farm,1200,4-6,soft,1-3m,54,3.626
Eagle Farm,1200,4-6,soft,10m+,56,3.123
Eagle Farm,1200,4-6,soft,4-6m,96,3.099
Eagle Farm,1200,4-6,soft,7-9m,48,3.35
Eagle Farm,1200,4-6,soft,true,12,2.967
Eagle Farm,1200,7-9,dry,1-3m,127,3.852
Eagle Farm,1200,7-9,dry,10m+,47,3.687
Eagle Farm,1200,7-9,dry,4-6m,236,3.519
Eagle Farm,1200,7-9,dry,7-9m,64,3.728
Eagle Farm,1200,7-9,dry,true,30,3.417
Eagle Farm,1200,7-9,heavy,1-3m,12,3.183
Eagle Farm,1200,7-9,heavy,4-6m,9,3.322
Eagle Farm,1200,7-9,heavy,7-9m,3,4.9
Eagle Farm,1200,7-9,soft,1-3m,50,3.72
Eagle Farm,1200,7-9,soft,10m+,47,3.306
Eagle Farm,1200,7-9,soft,4-6m,84,3.164
Eagle Farm,1200,7-9,soft,7-9m,45,3.689
Eagle Farm,1200,7-9,soft,true,9,4.944
Eagle Farm,1300,1-3,dry,1-3m,5,3.86
Eagle Farm,1300,1-3,dry,4-6m,41,3.659
Eagle Farm,1300,1-3,dry,7-9m,8,2.725
Eagle Farm,1300,1-3,dry,true,18,3.556
Eagle Farm,1300,1-3,heavy,1-3m,3,3.0
Eagle Farm,1300,1-3,heavy,4-6m,3,5.733
Eagle Farm,1300,1-3,heavy,7-9m,6,3.317
Eagle Farm,1300,1-3,soft,1-3m,15,4.187
Eagle Farm,1300,1-3,soft,10m+,6,2.15
Eagle Farm,1300,1-3,soft,4-6m,14,2.564
Eagle Farm,1300,1-3,soft,7-9m,9,2.922
Eagle Farm,1300,1-3,soft,true,6,3.2
Eagle Farm,1300,10-12,dry,1-3m,4,4.45
Eagle Farm,1300,10-12,dry,4-6m,27,3.811
Eagle Farm,1300,10-12,dry,7-9m,6,3.483
Eagle Farm,1300,10-12,dry,true,14,4.421
Eagle Farm,1300,10-12,heavy,4-6m,3,5.7
Eagle Farm,1300,10-12,soft,1-3m,8,4.388
Eagle Farm,1300,10-12,soft,4-6m,3,2.5
Eagle Farm,1300,10-12,soft,7-9m,1,4.3
Eagle Farm,1300,10-12,soft,true,4,4.075
Eagle Farm,1300,13+,dry,1-3m,2,9.45
Eagle Farm,1300,13+,dry,4-6m,13,5.277
Eagle Farm,1300,13+,dry,7-9m,1,7.6
Eagle Farm,1300,13+,dry,true,4,7.225
Eagle Farm,1300,13+,heavy,4-6m,3,6.267
Eagle Farm,1300,13+,soft,1-3m,2,3.55
Eagle Farm,1300,13+,soft,true,4,4.525
Eagle Farm,1300,4-6,dry,1-3m,6,2.583
Eagle Farm,1300,4-6,dry,4-6m,40,3.665
Eagle Farm,1300,4-6,dry,7-9m,9,2.356
Eagle Farm,1300,4-6,dry,true,18,4.789
Eagle Farm,1300,4-6,heavy,1-3m,3,2.033
Eagle Farm,1300,4-6,heavy,4-6m,3,3.033
Eagle Farm,1300,4-6,heavy,7-9m,6,2.3
Eagle Farm,1300,4-6,soft,1-3m,15,3.633
Eagle Farm,1300,4-6,soft,10m+,6,3.2
Eagle Farm,1300,4-6,soft,4-6m,13,2.831
Eagle Farm,1300,4-6,soft,7-9m,9,2.433
Eagle Farm,1300,4-6,soft,true,6,3.383
Eagle Farm,1300,7-9,dry,1-3m,6,5.267
Eagle Farm,1300,7-9,dry,4-6m,38,4.539
Eagle Farm,1300,7-9,dry,7-9m,7,2.957
Eagle Farm,1300,7-9,dry,true,17,3.947
Eagle Farm,1300,7-9,heavy,1-3m,2,4.95
Eagle Farm,1300,7-9,heavy,4-6m,3,3.867
Eagle Farm,1300,7-9,heavy,7-9m,3,3.133
Eagle Farm,1300,7-9,soft,1-3m,15,3.993
Eagle Farm,1300,7-9,soft,10m+,5,4.12
Eagle Farm,1300,7-9,soft,4-6m,7,4.014
Eagle Farm,1300,7-9,soft,7-9m,6,1.2
Eagle Farm,1300,7-9,soft,true,6,3.217
Eagle Farm,1400,1-3,dry,1-3m,107,3.206
Eagle Farm,1400,1-3,dry,10m+,55,2.902
Eagle Farm,1400,1-3,dry,4-6m,185,3.28
Eagle Farm,1400,1-3,dry,7-9m,77,3.392
Eagle Farm,1400,1-3,dry,true,47,3.602
Eagle Farm,1400,1-3,heavy,1-3m,3,0.867
Eagle Farm,1400,1-3,heavy,4-6m,3,3.167
Eagle Farm,1400,1-3,heavy,7-9m,9,2.022
Eagle Farm,1400,1-3,heavy,true,6,2.35
Eagle Farm,1400,1-3,soft,1-3m,45,3.762
Eagle Farm,1400,1-3,soft,10m+,54,2.243
Eagle Farm,1400,1-3,soft,4-6m,62,3.39
Eagle Farm,1400,1-3,soft,7-9m,21,2.767
Eagle Farm,1400,1-3,soft,true,27,3.815
Eagle Farm,1400,10-12,dry,1-3m,52,5.773
Eagle Farm,1400,10-12,dry,10m+,24,5.121
Eagle Farm,1400,10-12,dry,4-6m,100,5.123
Eagle Farm,1400,10-12,dry,7-9m,34,5.009
Eagle Farm,1400,10-12,dry,true,35,4.64
Eagle Farm,1400,10-12,heavy,4-6m,3,9.667
Eagle Farm,1400,10-12,heavy,7-9m,2,8.2
Eagle Farm,1400,10-12,heavy,true,6,4.883
Eagle Farm,1400,10-12,soft,1-3m,18,5.361
Eagle Farm,1400,10-12,soft,10m+,22,4.968
Eagle Farm,1400,10-12,soft,4-6m,28,4.604
Eagle Farm,1400,10-12,soft,7-9m,14,5.086
Eagle Farm,1400,10-12,soft,true,21,6.543
Eagle Farm,1400,13+,dry,1-3m,9,7.011
Eagle Farm,1400,13+,dry,4-6m,51,5.235
Eagle Farm,1400,13+,dry,7-9m,8,4.95
Eagle Farm,1400,13+,dry,true,21,5.305
Eagle Farm,1400,13+,heavy,4-6m,6,8.133
Eagle Farm,1400,13+,heavy,true,4,3.7
Eagle Farm,1400,13+,soft,1-3m,11,3.564
Eagle Farm,1400,13+,soft,10m+,3,5.333
Eagle Farm,1400,13+,soft,4-6m,11,4.845
Eagle Farm,1400,13+,soft,7-9m,8,3.538
Eagle Farm,1400,13+,soft,true,26,4.288
Eagle Farm,1400,4-6,dry,1-3m,109,3.837
Eagle Farm,1400,4-6,dry,10m+,56,3.204
Eagle Farm,1400,4-6,dry,4-6m,181,3.66
Eagle Farm,1400,4-6,dry,7-9m,77,3.481
Eagle Farm,1400,4-6,dry,true,48,4.185
Eagle Farm,1400,4-6,heavy,1-3m,3,4.0
Eagle Farm,1400,4-6,heavy,4-6m,3,7.167
Eagle Farm,1400,4-6,heavy,7-9m,9,3.856
Eagle Farm,1400,4-6,heavy,true,5,1.42
Eagle Farm,1400,4-6,soft,1-3m,43,3.509
Eagle Farm,1400,4-6,soft,10m+,53,3.043
Eagle Farm,1400,4-6,soft,4-6m,62,3.732
Eagle Farm,1400,4-6,soft,7-9m,21,3.843
Eagle Farm,1400,4-6,soft,true,27,3.974
Eagle Farm,1400,7-9,dry,1-3m,100,4.237
Eagle Farm,1400,7-9,dry,10m+,44,3.841
Eagle Farm,1400,7-9,dry,4-6m,170,4.394
Eagle Farm,1400,7-9,dry,7-9m,69,3.555
Eagle Farm,1400,7-9,dry,true,47,3.955
Eagle Farm,1400,7-9,heavy,1-3m,2,1.35
Eagle Farm,1400,7-9,heavy,4-6m,3,4.2
Eagle Farm,1400,7-9,heavy,7-9m,7,3.3
Eagle Farm,1400,7-9,heavy,true,6,4.15
Eagle Farm,1400,7-9,soft,1-3m,41,4.568
Eagle Farm,1400,7-9,soft,10m+,40,4.42
Eagle Farm,1400,7-9,soft,4-6m,51,4.361
Eagle Farm,1400,7-9,soft,7-9m,21,4.305
Eagle Farm,1400,7-9,soft,true,25,4.724
Eagle Farm,1500,1-3,dry,1-3m,11,4.209
Eagle Farm,1500,1-3,dry,10m+,3,3.0
Eagle Farm,1500,1-3,dry,4-6m,26,3.735
Eagle Farm,1500,1-3,dry,7-9m,8,3.038
Eagle Farm,1500,1-3,dry,true,12,4.358
Eagle Farm,1500,1-3,soft,1-3m,12,3.967
Eagle Farm,1500,1-3,soft,10m+,9,2.944
Eagle Farm,1500,1-3,soft,4-6m,6,2.033
Eagle Farm,1500,10-12,dry,1-3m,8,5.275
Eagle Farm,1500,10-12,dry,4-6m,20,5.26
Eagle Farm,1500,10-12,dry,7-9m,4,5.75
Eagle Farm,1500,10-12,dry,true,5,4.56
Eagle Farm,1500,10-12,soft,1-3m,9,3.333
Eagle Farm,1500,10-12,soft,10m+,3,7.367
Eagle Farm,1500,10-12,soft,4-6m,3,2.5
Eagle Farm,1500,13+,dry,1-3m,2,3.35
Eagle Farm,1500,13+,dry,4-6m,10,4.8
Eagle Farm,1500,13+,dry,true,3,8.167
Eagle Farm,1500,13+,soft,1-3m,6,5.3
Eagle Farm,1500,13+,soft,10m+,2,3.8
Eagle Farm,1500,13+,soft,4-6m,1,2.2
Eagle Farm,1500,4-6,dry,1-3m,12,3.617
Eagle Farm,1500,4-6,dry,10m+,3,1.3
Eagle Farm,1500,4-6,dry,4-6m,27,4.304
Eagle Farm,1500,4-6,dry,7-9m,9,2.867
Eagle Farm,1500,4-6,dry,true,11,2.691
Eagle Farm,1500,4-6,soft,1-3m,12,3.408
Eagle Farm,1500,4-6,soft,10m+,9,2.656
Eagle Farm,1500,4-6,soft,4-6m,5,2.74
Eagle Farm,1500,7-9,dry,1-3m,12,4.375
Eagle Farm,1500,7-9,dry,4-6m,27,3.933
Eagle Farm,1500,7-9,dry,7-9m,9,3.878
Eagle Farm,1500,7-9,dry,true,10,4.27
Eagle Farm,1500,7-9,soft,1-3m,12,4.542
Eagle Farm,1500,7-9,soft,10m+,6,4.267
Eagle Farm,1500,7-9,soft,4-6m,3,5.6
Eagle Farm,1600,1-3,dry,1-3m,83,3.149
Eagle Farm,1600,1-3,dry,10m+,20,2.57
Eagle Farm,1600,1-3,dry,4-6m,152,3.692
Eagle Farm,1600,1-3,dry,7-9m,48,2.854
Eagle Farm,1600,1-3,dry,true,12,2.617
Eagle Farm,1600,1-3,heavy,1-3m,9,4.089
Eagle Farm,1600,1-3,heavy,4-6m,9,5.733
Eagle Farm,1600,1-3,heavy,7-9m,6,2.867
Eagle Farm,1600,1-3,soft,1-3m,24,3.938
Eagle Farm,1600,1-3,soft,10m+,24,2.729
Eagle Farm,1600,1-3,soft,4-6m,48,3.475
Eagle Farm,1600,1-3,soft,7-9m,27,3.819
Eagle Farm,1600,1-3,soft,true,6,6.067
Eagle Farm,1600,10-12,dry,1-3m,32,4.306
Eagle Farm,1600,10-12,dry,10m+,4,5.8
Eagle Farm,1600,10-12,dry,4-6m,68,4.341
Eagle Farm,1600,10-12,dry,7-9m,20,4.775
Eagle Farm,1600,10-12,dry,true,3,2.033
Eagle Farm,1600,10-12,heavy,1-3m,4,5.95
Eagle Farm,1600,10-12,heavy,4-6m,8,4.638
Eagle Farm,1600,10-12,heavy,7-9m,4,6.875
Eagle Farm,1600,10-12,soft,1-3m,12,7.383
Eagle Farm,1600,10-12,soft,10m+,11,6.855
Eagle Farm,1600,10-12,soft,4-6m,21,5.567
Eagle Farm,1600,10-12,soft,7-9m,14,3.371
Eagle Farm,1600,10-12,soft,true,5,7.96
Eagle Farm,1600,13+,dry,1-3m,9,5.189
Eagle Farm,1600,13+,dry,4-6m,30,5.22
Eagle Farm,1600,13+,dry,7-9m,5,6.24
Eagle Farm,1600,13+,heavy,1-3m,3,11.1
Eagle Farm,1600,13+,heavy,4-6m,1,10.3
Eagle Farm,1600,13+,soft,1-3m,8,7.788
Eagle Farm,1600,13+,soft,10m+,1,4.4
Eagle Farm,1600,13+,soft,4-6m,6,8.283
Eagle Farm,1600,13+,soft,7-9m,7,4.771
Eagle Farm,1600,4-6,dry,1-3m,83,3.593
Eagle Farm,1600,4-6,dry,10m+,21,2.952
Eagle Farm,1600,4-6,dry,4-6m,152,3.953
Eagle Farm,1600,4-6,dry,7-9m,48,3.917
Eagle Farm,1600,4-6,dry,true,12,3.892
Eagle Farm,1600,4-6,heavy,1-3m,9,4.233
Eagle Farm,1600,4-6,heavy,4-6m,9,4.522
Eagle Farm,1600,4-6,heavy,7-9m,6,3.867
Eagle Farm,1600,4-6,soft,1-3m,24,4.354
Eagle Farm,1600,4-6,soft,10m+,24,2.883
Eagle Farm,1600,4-6,soft,4-6m,47,4.4
Eagle Farm,1600,4-6,soft,7-9m,27,4.259
Eagle Farm,1600,4-6,soft,true,6,6.85
Eagle Farm,1600,7-9,dry,1-3m,72,3.822
Eagle Farm,1600,7-9,dry,10m+,20,3.66
Eagle Farm,1600,7-9,dry,4-6m,133,3.995
Eagle Farm,1600,7-9,dry,7-9m,39,3.592
Eagle Farm,1600,7-9,dry,true,12,4.167
Eagle Farm,1600,7-9,heavy,1-3m,9,5.056
Eagle Farm,1600,7-9,heavy,4-6m,9,3.1
Eagle Farm,1600,7-9,heavy,7-9m,6,2.417
Eagle Farm,1600,7-9,soft,1-3m,22,5.332
Eagle Farm,1600,7-9,soft,10m+,16,3.381
Eagle Farm,1600,7-9,soft,4-6m,43,4.049
Eagle Farm,1600,7-9,soft,7-9m,24,3.338
Eagle Farm,1600,7-9,soft,true,6,4.183
Eagle Farm,1800,1-3,dry,1-3m,62,3.163
Eagle Farm,1800,1-3,dry,10m+,33,3.53
Eagle Farm,1800,1-3,dry,4-6m,95,3.1
Eagle Farm,1800,1-3,dry,7-9m,37,3.77
Eagle Farm,1800,1-3,dry,true,16,2.831
Eagle Farm,1800,1-3,heavy,1-3m,6,4.383
Eagle Farm,1800,1-3,heavy,true,3,7.8
Eagle Farm,1800,1-3,soft,1-3m,24,3.596
Eagle Farm,1800,1-3,soft,10m+,38,3.908
Eagle Farm,1800,1-3,soft,4-6m,41,2.868
Eagle Farm,1800,1-3,soft,7-9m,18,5.294
Eagle Farm,1800,1-3,soft,true,6,5.9
Eagle Farm,1800,10-12,dry,1-3m,21,6.1
Eagle Farm,1800,10-12,dry,10m+,6,6.367
Eagle Farm,1800,10-12,dry,4-6m,40,5.235
Eagle Farm,1800,10-12,dry,7-9m,15,4.773
Eagle Farm,1800,10-12,dry,true,10,3.94
Eagle Farm,1800,10-12,heavy,1-3m,6,4.733
Eagle Farm,1800,10-12,soft,1-3m,8,2.875
Eagle Farm,1800,10-12,soft,10m+,9,5.667
Eagle Farm,1800,10-12,soft,4-6m,18,4.983
Eagle Farm,1800,10-12,soft,7-9m,5,3.42
Eagle Farm,1800,10-12,soft,true,6,8.05
Eagle Farm,1800,13+,dry,1-3m,4,8.1
Eagle Farm,1800,13+,dry,4-6m,2,5.6
Eagle Farm,1800,13+,dry,true,1,7.8
Eagle Farm,1800,13+,heavy,1-3m,4,7.5
Eagle Farm,1800,13+,soft,1-3m,3,5.7
Eagle Farm,1800,13+,soft,true,3,8.967
Eagle Farm,1800,4-6,dry,1-3m,63,3.052
Eagle Farm,1800,4-6,dry,10m+,33,4.033
Eagle Farm,1800,4-6,dry,4-6m,96,3.739
Eagle Farm,1800,4-6,dry,7-9m,38,3.958
Eagle Farm,1800,4-6,dry,true,18,3.778
Eagle Farm,1800,4-6,heavy,1-3m,6,5.617
Eagle Farm,1800,4-6,heavy,true,3,4.6
Eagle Farm,1800,4-6,soft,1-3m,24,4.021
Eagle Farm,1800,4-6,soft,10m+,39,3.877
Eagle Farm,1800,4-6,soft,4-6m,42,3.633
Eagle Farm,1800,4-6,soft,7-9m,18,4.339
Eagle Farm,1800,4-6,soft,true,6,5.35
Eagle Farm,1800,7-9,dry,1-3m,53,4.319
Eagle Farm,1800,7-9,dry,10m+,32,4.366
Eagle Farm,1800,7-9,dry,4-6m,86,3.949
Eagle Farm,1800,7-9,dry,7-9m,35,4.306
Eagle Farm,1800,7-9,dry,true,14,5.779
Eagle Farm,1800,7-9,heavy,1-3m,6,5.533
Eagle Farm,1800,7-9,heavy,true,1,0.0
Eagle Farm,1800,7-9,soft,1-3m,21,5.038
Eagle Farm,1800,7-9,soft,10m+,33,3.909
Eagle Farm,1800,7-9,soft,4-6m,38,4.074
Eagle Farm,1800,7-9,soft,7-9m,14,3.879
Eagle Farm,1800,7-9,soft,true,6,5.9
Eagle Farm,2100,1-3,dry,1-3m,6,2.15
Eagle Farm,2100,1-3,dry,4-6m,14,3.2
Eagle Farm,2100,1-3,dry,7-9m,3,1.167
Eagle Farm,2100,1-3,soft,7-9m,3,4.4
Eagle Farm,2100,1-3,soft,true,6,2.833
Eagle Farm,2100,10-12,dry,1-3m,1,6.1
Eagle Farm,2100,10-12,dry,4-6m,11,4.582
Eagle Farm,2100,10-12,soft,true,1,0.0
Eagle Farm,2100,13+,dry,4-6m,2,7.8
Eagle Farm,2100,4-6,dry,1-3m,6,2.2
Eagle Farm,2100,4-6,dry,4-6m,15,4.34
Eagle Farm,2100,4-6,dry,7-9m,3,2.1
Eagle Farm,2100,4-6,soft,7-9m,3,4.733
Eagle Farm,2100,4-6,soft,true,5,3.62
Eagle Farm,2100,7-9,dry,1-3m,5,4.04
Eagle Farm,2100,7-9,dry,4-6m,15,4.173
Eagle Farm,2100,7-9,soft,7-9m,3,3.433
Eagle Farm,2100,7-9,soft,true,3,6.133
Eagle Farm,2200,1-3,dry,1-3m,26,2.854
Eagle Farm,2200,1-3,dry,10m+,6,2.15
Eagle Farm,2200,1-3,dry,4-6m,42,3.667
Eagle Farm,2200,1-3,dry,7-9m,9,1.811
Eagle Farm,2200,1-3,dry,true,6,3.4
Eagle Farm,2200,1-3,heavy,4-6m,3,7.933
Eagle Farm,2200,1-3,soft,1-3m,18,5.389
Eagle Farm,2200,1-3,soft,10m+,8,5.225
Eagle Farm,2200,1-3,soft,4-6m,18,3.322
Eagle Farm,2200,1-3,soft,7-9m,3,1.7
Eagle Farm,2200,10-12,dry,1-3m,10,5.37
Eagle Farm,2200,10-12,dry,4-6m,18,7.133
Eagle Farm,2200,10-12,dry,7-9m,2,2.3
Eagle Farm,2200,10-12,soft,1-3m,11,5.682
Eagle Farm,2200,10-12,soft,10m+,4,6.225
Eagle Farm,2200,10-12,soft,4-6m,8,6.888
Eagle Farm,2200,10-12,soft,7-9m,3,6.767
Eagle Farm,2200,13+,dry,1-3m,5,5.38
Eagle Farm,2200,13+,dry,4-6m,14,9.214
Eagle Farm,2200,13+,soft,1-3m,8,5.95
Eagle Farm,2200,13+,soft,4-6m,1,4.6
Eagle Farm,2200,13+,soft,7-9m,2,8.6
Eagle Farm,2200,4-6,dry,1-3m,27,3.467
Eagle Farm,2200,4-6,dry,10m+,6,2.167
Eagle Farm,2200,4-6,dry,4-6m,42,4.783
Eagle Farm,2200,4-6,dry,7-9m,9,3.433
Eagle Farm,2200,4-6,dry,true,6,3.317
Eagle Farm,2200,4-6,heavy,4-6m,3,6.0
Eagle Farm,2200,4-6,soft,1-3m,18,6.161
Eagle Farm,2200,4-6,soft,10m+,9,4.3
Eagle Farm,2200,4-6,soft,4-6m,17,3.7
Eagle Farm,2200,4-6,soft,7-9m,3,3.667
Eagle Farm,2200,7-9,dry,1-3m,24,4.413
Eagle Farm,2200,7-9,dry,10m+,5,1.98
Eagle Farm,2200,7-9,dry,4-6m,39,4.721
Eagle Farm,2200,7-9,dry,7-9m,7,3.743
Eagle Farm,2200,7-9,dry,true,3,6.533
Eagle Farm,2200,7-9,heavy,4-6m,3,6.6
Eagle Farm,2200,7-9,soft,1-3m,17,6.018
Eagle Farm,2200,7-9,soft,10m+,9,5.2
Eagle Farm,2200,7-9,soft,4-6m,13,3.954
Eagle Farm,2200,7-9,soft,7-9m,3,2.833
Eagle Farm,2400,1-3,dry,1-3m,9,3.322
Eagle Farm,2400,1-3,dry,4-6m,21,3.152
Eagle Farm,2400,1-3,dry,7-9m,3,2.1
Eagle Farm,2400,1-3,dry,true,15,2.64
Eagle Farm,2400,1-3,heavy,true,3,1.567
Eagle Farm,2400,1-3,soft,1-3m,12,3.625
Eagle Farm,2400,1-3,soft,4-6m,18,2.111
Eagle Farm,2400,1-3,soft,7-9m,6,2.683
Eagle Farm,2400,1-3,soft,true,12,6.967
Eagle Farm,2400,10-12,dry,1-3m,2,4.7
Eagle Farm,2400,10-12,dry,4-6m,12,4.583
Eagle Farm,2400,10-12,dry,true,11,3.627
Eagle Farm,2400,10-12,heavy,true,3,4.667
Eagle Farm,2400,10-12,soft,1-3m,7,4.843
Eagle Farm,2400,10-12,soft,4-6m,8,2.762
Eagle Farm,2400,10-12,soft,7-9m,3,6.167
Eagle Farm,2400,10-12,soft,true,12,7.483
Eagle Farm,2400,13+,dry,4-6m,2,0.0
Eagle Farm,2400,13+,dry,true,8,5.25
Eagle Farm,2400,13+,heavy,true,4,5.45
Eagle Farm,2400,13+,soft,1-3m,6,5.817
Eagle Farm,2400,13+,soft,4-6m,2,4.9
Eagle Farm,2400,13+,soft,7-9m,2,7.45
Eagle Farm,2400,13+,soft,true,18,8.906
Eagle Farm,2400,4-6,dry,1-3m,9,3.211
Eagle Farm,2400,4-6,dry,4-6m,21,3.357
Eagle Farm,2400,4-6,dry,7-9m,3,3.067
Eagle Farm,2400,4-6,dry,true,15,3.267
Eagle Farm,2400,4-6,heavy,true,3,4.233
Eagle Farm,2400,4-6,soft,1-3m,12,3.1
Eagle Farm,2400,4-6,soft,4-6m,18,3.644
Eagle Farm,2400,4-6,soft,7-9m,6,1.633
Eagle Farm,2400,4-6,soft,true,12,7.917
Eagle Farm,2400,7-9,dry,1-3m,6,2.417
Eagle Farm,2400,7-9,dry,4-6m,15,4.827
Eagle Farm,2400,7-9,dry,7-9m,3,3.833
Eagle Farm,2400,7-9,dry,true,13,3.723
Eagle Farm,2400,7-9,heavy,true,3,4.8
Eagle Farm,2400,7-9,soft,1-3m,11,3.2
Eagle Farm,2400,7-9,soft,4-6m,16,4.162
Eagle Farm,2400,7-9,soft,7-9m,3,4.933
Eagle Farm,2400,7-9,soft,true,12,8.208
Eagle Farm,3200,1-3,dry,4-6m,9,3.078
Eagle Farm,3200,1-3,heavy,4-6m,3,3.767
Eagle Farm,3200,10-12,dry,4-6m,7,3.257
Eagle Farm,3200,10-12,heavy,4-6m,1,6.7
Eagle Farm,3200,13+,dry,4-6m,3,4.4
Eagle Farm,3200,4-6,dry,4-6m,9,4.222
Eagle Farm,3200,4-6,heavy,4-6m,3,2.133
Eagle Farm,3200,7-9,dry,4-6m,9,4.356
Eagle Farm,3200,7-9,heavy,4-6m,3,2.933
Flemington,1000,1-3,dry,1-3m,58,1.979
Flemington,1000,1-3,dry,10m+,30,1.683
Flemington,1000,1-3,dry,4-6m,33,1.745
Flemington,1000,1-3,dry,7-9m,27,1.67
Flemington,1000,1-3,dry,true,27,2.481
Flemington,1000,1-3,heavy,1-3m,3,0.933
Flemington,1000,1-3,soft,1-3m,32,1.697
Flemington,1000,1-3,soft,10m+,6,1.267
Flemington,1000,1-3,soft,4-6m,21,1.581
Flemington,1000,1-3,soft,7-9m,9,0.911
Flemington,1000,1-3,soft,true,6,5.767
Flemington,1000,10-12,dry,1-3m,20,2.345
Flemington,1000,10-12,dry,10m+,16,3.444
Flemington,1000,10-12,dry,4-6m,11,1.618
Flemington,1000,10-12,dry,7-9m,6,4.667
Flemington,1000,10-12,dry,true,8,2.625
Flemington,1000,10-12,heavy,1-3m,3,2.567
Flemington,1000,10-12,soft,1-3m,19,2.226
Flemington,1000,10-12,soft,10m+,1,3.3
Flemington,1000,10-12,soft,4-6m,15,2.82
Flemington,1000,10-12,soft,7-9m,3,1.433
Flemington,1000,10-12,soft,true,2,1.4
Flemington,1000,13+,dry,1-3m,7,3.329
Flemington,1000,13+,dry,10m+,2,3.75
Flemington,1000,13+,dry,4-6m,1,1.0
Flemington,1000,13+,dry,7-9m,1,6.3
Flemington,1000,13+,heavy,1-3m,5,2.86
Flemington,1000,13+,soft,1-3m,4,2.175
Flemington,1000,13+,soft,4-6m,7,2.643
Flemington,1000,4-6,dry,1-3m,57,2.088
Flemington,1000,4-6,dry,10m+,30,2.037
Flemington,1000,4-6,dry,4-6m,33,1.33
Flemington,1000,4-6,dry,7-9m,27,1.922
Flemington,1000,4-6,dry,true,27,2.137
Flemington,1000,4-6,heavy,1-3m,3,1.9
Flemington,1000,4-6,soft,1-3m,32,1.919
Flemington,1000,4-6,soft,10m+,6,1.917
Flemington,1000,4-6,soft,4-6m,21,2.286
Flemington,1000,4-6,soft,7-9m,9,1.633
Flemington,1000,4-6,soft,true,6,3.0
Flemington,1000,7-9,dry,1-3m,51,2.427
Flemington,1000,7-9,dry,10m+,27,2.519
Flemington,1000,7-9,dry,4-6m,20,2.255
Flemington,1000,7-9,dry,7-9m,22,1.982
Flemington,1000,7-9,dry,true,23,2.27
Flemington,1000,7-9,heavy,1-3m,3,1.833
Flemington,1000,7-9,soft,1-3m,31,2.355
Flemington,1000,7-9,soft,10m+,3,2.7
Flemington,1000,7-9,soft,4-6m,19,1.937
Flemington,1000,7-9,soft,7-9m,9,3.033
Flemington,1000,7-9,soft,true,6,1.133
Flemington,1100,1-3,dry,1-3m,12,1.983
Flemington,1100,1-3,dry,10m+,57,2.263
Flemington,1100,1-3,dry,4-6m,51,2.18
Flemington,1100,1-3,dry,7-9m,44,2.325
Flemington,1100,1-3,dry,true,101,2.313
Flemington,1100,1-3,heavy,10m+,6,1.733
Flemington,1100,1-3,heavy,7-9m,6,1.933
Flemington,1100,1-3,heavy,true,9,2.589
Flemington,1100,1-3,soft,1-3m,6,3.333
Flemington,1100,1-3,soft,10m+,18,2.672
Flemington,1100,1-3,soft,4-6m,15,3.14
Flemington,1100,1-3,soft,7-9m,29,2.093
Flemington,1100,1-3,soft,true,24,2.088
Flemington,1100,10-12,dry,1-3m,7,3.243
Flemington,1100,10-12,dry,10m+,40,2.782
Flemington,1100,10-12,dry,4-6m,25,2.7
Flemington,1100,10-12,dry,7-9m,23,3.343
Flemington,1100,10-12,dry,true,64,3.147
Flemington,1100,10-12,heavy,10m+,2,2.95
Flemington,1100,10-12,heavy,7-9m,3,2.967
Flemington,1100,10-12,heavy,true,3,2.333
Flemington,1100,10-12,soft,1-3m,1,2.1
Flemington,1100,10-12,soft,10m+,13,3.577
Flemington,1100,10-12,soft,4-6m,12,4.233
Flemington,1100,10-12,soft,7-9m,19,2.505
Flemington,1100,10-12,soft,true,16,4.081
Flemington,1100,13+,dry,1-3m,3,1.067
Flemington,1100,13+,dry,10m+,6,3.567
Flemington,1100,13+,dry,4-6m,22,3.795
Flemington,1100,13+,dry,7-9m,15,3.727
Flemington,1100,13+,dry,true,52,3.698
Flemington,1100,13+,soft,10m+,3,3.433
Flemington,1100,13+,soft,4-6m,12,4.1
Flemington,1100,13+,soft,7-9m,9,2.578
Flemington,1100,13+,soft,true,10,4.92
Flemington,1100,4-6,dry,1-3m,12,2.633
Flemington,1100,4-6,dry,10m+,56,2.4
Flemington,1100,4-6,dry,4-6m,51,1.955
Flemington,1100,4-6,dry,7-9m,45,2.282
Flemington,1100,4-6,dry,true,100,2.171
Flemington,1100,4-6,heavy,10m+,6,1.067
Flemington,1100,4-6,heavy,7-9m,6,2.6
Flemington,1100,4-6,heavy,true,9,1.633
Flemington,1100,4-6,soft,1-3m,6,2.167
Flemington,1100,4-6,soft,10m+,18,1.889
Flemington,1100,4-6,soft,4-6m,15,2.893
Flemington,1100,4-6,soft,7-9m,29,2.128
Flemington,1100,4-6,soft,true,23,2.1
Flemington,1100,7-9,dry,1-3m,12,2.75
Flemington,1100,7-9,dry,10m+,54,2.743
Flemington,1100,7-9,dry,4-6m,43,2.942
Flemington,1100,7-9,dry,7-9m,42,2.3
Flemington,1100,7-9,dry,true,93,2.801
Flemington,1100,7-9,heavy,10m+,4,1.6
Flemington,1100,7-9,heavy,7-9m,3,4.867
Flemington,1100,7-9,heavy,true,8,1.712
Flemington,1100,7-9,soft,1-3m,5,2.96
Flemington,1100,7-9,soft,10m+,18,1.978
Flemington,1100,7-9,soft,4-6m,15,2.233
Flemington,1100,7-9,soft,7-9m,29,2.507
Flemington,1100,7-9,soft,true,24,2.538
Flemington,1200,1-3,dry,1-3m,41,2.268
Flemington,1200,1-3,dry,10m+,36,1.778
Flemington,1200,1-3,dry,4-6m,48,2.912
Flemington,1200,1-3,dry,7-9m,69,3.091
Flemington,1200,1-3,dry,true,77,3.009
Flemington,1200,1-3,heavy,7-9m,12,2.258
Flemington,1200,1-3,heavy,true,6,2.033
Flemington,1200,1-3,soft,1-3m,18,2.75
Flemington,1200,1-3,soft,10m+,12,1.992
Flemington,1200,1-3,soft,4-6m,18,1.917
Flemington,1200,1-3,soft,7-9m,15,2.78
Flemington,1200,1-3,soft,true,50,2.444
Flemington,1200,10-12,dry,1-3m,27,3.474
Flemington,1200,10-12,dry,10m+,21,3.076
Flemington,1200,10-12,dry,4-6m,41,3.205
Flemington,1200,10-12,dry,7-9m,45,3.411
Flemington,1200,10-12,dry,true,50,3.48
Flemington,1200,10-12,heavy,7-9m,4,3.05
Flemington,1200,10-12,heavy,true,1,3.8
Flemington,1200,10-12,soft,1-3m,13,3.154
Flemington,1200,10-12,soft,10m+,3,4.967
Flemington,1200,10-12,soft,4-6m,16,2.756
Flemington,1200,10-12,soft,7-9m,9,4.278
Flemington,1200,10-12,soft,true,23,3.57
Flemington,1200,13+,dry,1-3m,30,3.883
Flemington,1200,13+,dry,10m+,8,3.35
Flemington,1200,13+,dry,4-6m,27,3.322
Flemington,1200,13+,dry,7-9m,24,3.917
Flemington,1200,13+,dry,true,26,3.496
Flemington,1200,13+,soft,1-3m,5,4.04
Flemington,1200,13+,soft,10m+,1,5.9
Flemington,1200,13+,soft,4-6m,5,1.7
Flemington,1200,13+,soft,7-9m,3,3.7
Flemington,1200,13+,soft,true,12,3.833
Flemington,1200,4-6,dry,1-3m,41,2.244
Flemington,1200,4-6,dry,10m+,36,2.089
Flemington,1200,4-6,dry,4-6m,48,2.533
Flemington,1200,4-6,dry,7-9m,68,2.663
Flemington,1200,4-6,dry,true,77,2.987
Flemington,1200,4-6,heavy,7-9m,12,2.183
Flemington,1200,4-6,heavy,true,6,4.383
Flemington,1200,4-6,soft,1-3m,18,2.839
Flemington,1200,4-6,soft,10m+,12,1.033
Flemington,1200,4-6,soft,4-6m,18,2.544
Flemington,1200,4-6,soft,7-9m,14,2.964
Flemington,1200,4-6,soft,true,54,2.185
Flemington,1200,7-9,dry,1-3m,39,2.938
Flemington,1200,7-9,dry,10m+,33,2.73
Flemington,1200,7-9,dry,4-6m,45,2.362
Flemington,1200,7-9,dry,7-9m,67,2.999
Flemington,1200,7-9,dry,true,72,3.131
Flemington,1200,7-9,heavy,7-9m,12,1.892
Flemington,1200,7-9,heavy,true,3,2.867
Flemington,1200,7-9,soft,1-3m,18,2.994
Flemington,1200,7-9,soft,10m+,8,3.212
Flemington,1200,7-9,soft,4-6m,18,2.461
Flemington,1200,7-9,soft,7-9m,13,3.2
Flemington,1200,7-9,soft,true,43,2.484
Flemington,1400,1-3,dry,1-3m,57,3.532
Flemington,1400,1-3,dry,10m+,65,2.515
Flemington,1400,1-3,dry,4-6m,91,2.897
Flemington,1400,1-3,dry,7-9m,62,3.061
Flemington,1400,1-3,dry,true,170,3.506
Flemington,1400,1-3,heavy,10m+,9,2.033
Flemington,1400,1-3,heavy,7-9m,6,2.933
Flemington,1400,1-3,heavy,true,9,3.267
Flemington,1400,1-3,soft,1-3m,38,2.553
Flemington,1400,1-3,soft,10m+,38,2.926
Flemington,1400,1-3,soft,4-6m,24,3.562
Flemington,1400,1-3,soft,7-9m,36,3.822
Flemington,1400,1-3,soft,true,51,3.247
Flemington,1400,10-12,dry,1-3m,39,5.051
Flemington,1400,10-12,dry,10m+,39,5.192
Flemington,1400,10-12,dry,4-6m,60,5.087
Flemington,1400,10-12,dry,7-9m,41,4.441
Flemington,1400,10-12,dry,true,110,4.77
Flemington,1400,10-12,heavy,10m+,8,4.225
Flemington,1400,10-12,heavy,7-9m,3,4.767
Flemington,1400,10-12,heavy,true,7,4.8
Flemington,1400,10-12,soft,1-3m,34,3.994
Flemington,1400,10-12,soft,10m+,19,4.732
Flemington,1400,10-12,soft,4-6m,15,6.793
Flemington,1400,10-12,soft,7-9m,32,5.056
Flemington,1400,10-12,soft,true,32,5.875
Flemington,1400,13+,dry,1-3m,15,4.667
Flemington,1400,13+,dry,10m+,7,6.586
Flemington,1400,13+,dry,4-6m,20,5.33
Flemington,1400,13+,dry,7-9m,18,6.206
Flemington,1400,13+,dry,true,35,6.094
Flemington,1400,13+,heavy,10m+,2,2.5
Flemington,1400,13+,heavy,7-9m,1,0.8
Flemington,1400,13+,heavy,true,6,6.533
Flemington,1400,13+,soft,1-3m,22,5.595
Flemington,1400,13+,soft,10m+,4,6.4
Flemington,1400,13+,soft,4-6m,1,9.0
Flemington,1400,13+,soft,7-9m,15,6.84
Flemington,1400,13+,soft,true,11,6.682
Flemington,1400,4-6,dry,1-3m,56,3.812
Flemington,1400,4-6,dry,10m+,65,3.832
Flemington,1400,4-6,dry,4-6m,93,3.099
Flemington,1400,4-6,dry,7-9m,62,3.489
Flemington,1400,4-6,dry,true,171,3.473
Flemington,1400,4-6,heavy,10m+,9,4.022
Flemington,1400,4-6,heavy,7-9m,6,5.15
Flemington,1400,4-6,heavy,true,9,3.589
Flemington,1400,4-6,soft,1-3m,38,3.029
Flemington,1400,4-6,soft,10m+,37,3.805
Flemington,1400,4-6,soft,4-6m,23,4.113
Flemington,1400,4-6,soft,7-9m,36,4.131
Flemington,1400,4-6,soft,true,50,3.914
Flemington,1400,7-9,dry,1-3m,51,3.861
Flemington,1400,7-9,dry,10m+,61,3.698
Flemington,1400,7-9,dry,4-6m,85,4.029
Flemington,1400,7-9,dry,7-9m,58,3.893
Flemington,1400,7-9,dry,true,157,4.33
Flemington,1400,7-9,heavy,10m+,9,4.367
Flemington,1400,7-9,heavy,7-9m,5,4.62
Flemington,1400,7-9,heavy,true,9,4.456
Flemington,1400,7-9,soft,1-3m,38,3.326
Flemington,1400,7-9,soft,10m+,32,3.484
Flemington,1400,7-9,soft,4-6m,24,3.113
Flemington,1400,7-9,soft,7-9m,36,4.992
Flemington,1400,7-9,soft,true,46,4.037
Flemington,1600,1-3,dry,1-3m,43,3.323
Flemington,1600,1-3,dry,10m+,33,3.852
Flemington,1600,1-3,dry,4-6m,93,2.805
Flemington,1600,1-3,dry,7-9m,63,2.932
Flemington,1600,1-3,dry,true,81,4.047
Flemington,1600,1-3,heavy,10m+,3,2.433
Flemington,1600,1-3,heavy,7-9m,9,4.2
Flemington,1600,1-3,heavy,true,3,10.3
Flemington,1600,1-3,soft,1-3m,21,3.667
Flemington,1600,1-3,soft,10m+,18,3.611
Flemington,1600,1-3,soft,4-6m,27,3.652
Flemington,1600,1-3,soft,7-9m,18,3.506
Flemington,1600,1-3,soft,true,60,3.303
Flemington,1600,10-12,dry,1-3m,30,5.993
Flemington,1600,10-12,dry,10m+,28,5.096
Flemington,1600,10-12,dry,4-6m,36,4.772
Flemington,1600,10-12,dry,7-9m,29,5.024
Flemington,1600,10-12,dry,true,42,7.21
Flemington,1600,10-12,heavy,10m+,1,5.4
Flemington,1600,10-12,heavy,7-9m,6,3.217
Flemington,1600,10-12,soft,1-3m,14,4.457
Flemington,1600,10-12,soft,10m+,10,4.16
Flemington,1600,10-12,soft,4-6m,17,3.871
Flemington,1600,10-12,soft,7-9m,11,4.6
Flemington,1600,10-12,soft,true,41,4.893
Flemington,1600,13+,dry,1-3m,15,7.04
Flemington,1600,13+,dry,10m+,8,4.688
Flemington,1600,13+,dry,4-6m,15,3.833
Flemington,1600,13+,dry,7-9m,11,5.745
Flemington,1600,13+,dry,true,14,8.65
Flemington,1600,13+,heavy,7-9m,1,5.8
Flemington,1600,13+,soft,1-3m,6,5.883
Flemington,1600,13+,soft,10m+,1,6.4
Flemington,1600,13+,soft,4-6m,12,6.233
Flemington,1600,13+,soft,7-9m,6,6.167
Flemington,1600,13+,soft,true,19,7.363
Flemington,1600,4-6,dry,1-3m,44,3.241
Flemington,1600,4-6,dry,10m+,33,3.215
Flemington,1600,4-6,dry,4-6m,93,3.391
Flemington,1600,4-6,dry,7-9m,63,3.66
Flemington,1600,4-6,dry,true,80,4.229
Flemington,1600,4-6,heavy,10m+,3,1.733
Flemington,1600,4-6,heavy,7-9m,9,5.889
Flemington,1600,4-6,heavy,true,3,8.433
Flemington,1600,4-6,soft,1-3m,21,3.071
Flemington,1600,4-6,soft,10m+,18,3.033
Flemington,1600,4-6,soft,4-6m,27,4.226
Flemington,1600,4-6,soft,7-9m,18,3.911
Flemington,1600,4-6,soft,true,58,3.534
Flemington,1600,7-9,dry,1-3m,42,4.436
Flemington,1600,7-9,dry,10m+,33,5.273
Flemington,1600,7-9,dry,4-6m,83,4.587
Flemington,1600,7-9,dry,7-9m,48,4.429
Flemington,1600,7-9,dry,true,69,5.077
Flemington,1600,7-9,heavy,10m+,3,3.8
Flemington,1600,7-9,heavy,7-9m,9,6.133
Flemington,1600,7-9,heavy,true,2,4.5
Flemington,1600,7-9,soft,1-3m,21,2.452
Flemington,1600,7-9,soft,10m+,18,4.567
Flemington,1600,7-9,soft,4-6m,25,4.168
Flemington,1600,7-9,soft,7-9m,18,5.011
Flemington,1600,7-9,soft,true,55,4.247
Flemington,1700,1-3,dry,1-3m,3,1.3
Flemington,1700,1-3,dry,4-6m,9,5.578
Flemington,1700,1-3,dry,7-9m,3,1.333
Flemington,1700,1-3,dry,true,21,3.595
Flemington,1700,1-3,heavy,true,3,3.767
Flemington,1700,1-3,soft,1-3m,12,2.983
Flemington,1700,1-3,soft,4-6m,12,3.225
Flemington,1700,1-3,soft,true,3,2.667
Flemington,1700,10-12,dry,1-3m,2,5.4
Flemington,1700,10-12,dry,4-6m,6,6.9
Flemington,1700,10-12,dry,true,17,5.441
Flemington,1700,10-12,heavy,true,2,1.1
Flemington,1700,10-12,soft,1-3m,9,6.856
Flemington,1700,10-12,soft,4-6m,12,4.475
Flemington,1700,10-12,soft,true,3,3.733
Flemington,1700,13+,dry,1-3m,4,4.575
Flemington,1700,13+,dry,4-6m,3,7.233
Flemington,1700,13+,dry,true,13,7.415
Flemington,1700,13+,soft,1-3m,5,6.42
Flemington,1700,13+,soft,4-6m,6,3.383
Flemington,1700,4-6,dry,1-3m,3,3.7
Flemington,1700,4-6,dry,4-6m,9,3.444
Flemington,1700,4-6,dry,7-9m,3,2.867
Flemington,1700,4-6,dry,true,21,4.257
Flemington,1700,4-6,heavy,true,3,4.467
Flemington,1700,4-6,soft,1-3m,12,3.933
Flemington,1700,4-6,soft,4-6m,12,3.825
Flemington,1700,4-6,soft,true,3,3.533
Flemington,1700,7-9,dry,1-3m,3,2.333
Flemington,1700,7-9,dry,4-6m,9,4.811
Flemington,1700,7-9,dry,7-9m,2,1.05
Flemington,1700,7-9,dry,true,20,5.62
Flemington,1700,7-9,heavy,true,3,2.867
Flemington,1700,7-9,soft,1-3m,11,3.555
Flemington,1700,7-9,soft,4-6m,12,5.017
Flemington,1700,7-9,soft,true,3,1.933
Flemington,1800,1-3,dry,1-3m,24,4.783
Flemington,1800,1-3,dry,10m+,24,2.033
Flemington,1800,1-3,dry,4-6m,24,2.942
Flemington,1800,1-3,dry,7-9m,15,3.227
Flemington,1800,1-3,dry,true,16,2.962
Flemington,1800,1-3,heavy,10m+,9,2.711
Flemington,1800,1-3,heavy,4-6m,3,3.233
Flemington,1800,1-3,soft,1-3m,18,3.039
Flemington,1800,1-3,soft,10m+,6,3.667
Flemington,1800,1-3,soft,4-6m,12,4.075
Flemington,1800,1-3,soft,7-9m,4,3.875
Flemington,1800,10-12,dry,1-3m,12,3.8
Flemington,1800,10-12,dry,10m+,12,4.758
Flemington,1800,10-12,dry,4-6m,10,5.14
Flemington,1800,10-12,dry,7-9m,12,5.767
Flemington,1800,10-12,dry,true,18,4.361
Flemington,1800,10-12,heavy,10m+,7,4.171
Flemington,1800,10-12,heavy,4-6m,3,10.533
Flemington,1800,10-12,soft,1-3m,8,5.038
Flemington,1800,10-12,soft,10m+,6,4.517
Flemington,1800,10-12,soft,4-6m,12,4.183
Flemington,1800,10-12,soft,7-9m,4,6.925
Flemington,1800,13+,dry,1-3m,3,8.5
Flemington,1800,13+,dry,10m+,1,0.7
Flemington,1800,13+,dry,4-6m,1,3.8
Flemington,1800,13+,dry,7-9m,3,12.2
Flemington,1800,13+,dry,true,7,7.586
Flemington,1800,13+,heavy,10m+,1,0.9
Flemington,1800,13+,heavy,4-6m,3,7.867
Flemington,1800,13+,soft,1-3m,4,4.275
Flemington,1800,13+,soft,10m+,1,4.1
Flemington,1800,13+,soft,4-6m,3,5.933
Flemington,1800,13+,soft,7-9m,3,3.067
Flemington,1800,4-6,dry,1-3m,22,4.991
Flemington,1800,4-6,dry,10m+,24,3.158
Flemington,1800,4-6,dry,4-6m,24,4.904
Flemington,1800,4-6,dry,7-9m,15,4.387
Flemington,1800,4-6,dry,true,18,4.028
Flemington,1800,4-6,heavy,10m+,9,4.1
Flemington,1800,4-6,heavy,4-6m,3,3.7
Flemington,1800,4-6,soft,1-3m,17,3.335
Flemington,1800,4-6,soft,10m+,6,4.083
Flemington,1800,4-6,soft,4-6m,12,4.758
Flemington,1800,4-6,soft,7-9m,5,5.4
Flemington,1800,7-9,dry,1-3m,20,4.64
Flemington,1800,7-9,dry,10m+,19,3.021
Flemington,1800,7-9,dry,4-6m,22,4.818
Flemington,1800,7-9,dry,7-9m,15,5.273
Flemington,1800,7-9,dry,true,18,4.878
Flemington,1800,7-9,heavy,10m+,9,3.022
Flemington,1800,7-9,heavy,4-6m,3,7.3
Flemington,1800,7-9,soft,1-3m,17,3.271
Flemington,1800,7-9,soft,10m+,6,4.033
Flemington,1800,7-9,soft,4-6m,12,6.175
Flemington,1800,7-9,soft,7-9m,6,4.95
Flemington,2000,1-3,dry,1-3m,15,3.707
Flemington,2000,1-3,dry,10m+,21,3.938
Flemington,2000,1-3,dry,4-6m,39,3.205
Flemington,2000,1-3,dry,7-9m,83,3.588
Flemington,2000,1-3,dry,true,36,3.722
Flemington,2000,1-3,heavy,1-3m,3,3.267
Flemington,2000,1-3,heavy,10m+,3,5.2
Flemington,2000,1-3,heavy,7-9m,12,4.467
Flemington,2000,1-3,heavy,true,3,3.2
Flemington,2000,1-3,soft,1-3m,6,3.15
Flemington,2000,1-3,soft,10m+,9,8.122
Flemington,2000,1-3,soft,4-6m,15,2.747
Flemington,2000,1-3,soft,7-9m,24,3.329
Flemington,2000,1-3,soft,true,6,7.767
Flemington,2000,10-12,dry,1-3m,8,2.85
Flemington,2000,10-12,dry,10m+,17,3.512
Flemington,2000,10-12,dry,4-6m,20,4.135
Flemington,2000,10-12,dry,7-9m,63,5.063
Flemington,2000,10-12,dry,true,25,4.48
Flemington,2000,10-12,heavy,1-3m,3,3.7
Flemington,2000,10-12,heavy,10m+,3,3.567
Flemington,2000,10-12,heavy,7-9m,11,3.464
Flemington,2000,10-12,heavy,true,3,8.267
Flemington,2000,10-12,soft,1-3m,6,6.2
Flemington,2000,10-12,soft,10m+,9,9.9
Flemington,2000,10-12,soft,4-6m,15,4.113
Flemington,2000,10-12,soft,7-9m,20,5.02
Flemington,2000,10-12,soft,true,6,5.483
Flemington,2000,13+,dry,1-3m,8,6.512
Flemington,2000,13+,dry,10m+,11,4.773
Flemington,2000,13+,dry,4-6m,9,6.833
Flemington,2000,13+,dry,7-9m,36,5.178
Flemington,2000,13+,dry,true,8,4.938
Flemington,2000,13+,heavy,1-3m,2,9.05
Flemington,2000,13+,heavy,10m+,3,5.567
Flemington,2000,13+,heavy,7-9m,6,4.417
Flemington,2000,13+,soft,1-3m,2,3.9
Flemington,2000,13+,soft,10m+,2,6.1
Flemington,2000,13+,soft,4-6m,12,7.567
Flemington,2000,13+,soft,7-9m,18,4.956
Flemington,2000,13+,soft,true,3,1.6
Flemington,2000,4-6,dry,1-3m,15,3.673
Flemington,2000,4-6,dry,10m+,21,3.957
Flemington,2000,4-6,dry,4-6m,38,3.645
Flemington,2000,4-6,dry,7-9m,82,3.66
Flemington,2000,4-6,dry,true,36,3.378
Flemington,2000,4-6,heavy,1-3m,3,4.7
Flemington,2000,4-6,heavy,10m+,3,5.5
Flemington,2000,4-6,heavy,7-9m,12,3.267
Flemington,2000,4-6,heavy,true,3,3.833
Flemington,2000,4-6,soft,1-3m,6,3.783
Flemington,2000,4-6,soft,10m+,9,8.178
Flemington,2000,4-6,soft,4-6m,15,4.14
Flemington,2000,4-6,soft,7-9m,24,3.883
Flemington,2000,4-6,soft,true,6,8.883
Flemington,2000,7-9,dry,1-3m,15,3.813
Flemington,2000,7-9,dry,10m+,19,3.774
Flemington,2000,7-9,dry,4-6m,37,3.405
Flemington,2000,7-9,dry,7-9m,79,4.218
Flemington,2000,7-9,dry,true,36,5.231
Flemington,2000,7-9,heavy,1-3m,3,5.633
Flemington,2000,7-9,heavy,10m+,3,3.7
Flemington,2000,7-9,heavy,7-9m,12,2.833
Flemington,2000,7-9,heavy,true,3,4.067
Flemington,2000,7-9,soft,1-3m,6,5.1
Flemington,2000,7-9,soft,10m+,9,7.267
Flemington,2000,7-9,soft,4-6m,14,4.843
Flemington,2000,7-9,soft,7-9m,24,4.908
Flemington,2000,7-9,soft,true,6,9.067
Flemington,2500,1-3,dry,1-3m,3,3.333
Flemington,2500,1-3,dry,10m+,17,2.865
Flemington,2500,1-3,dry,4-6m,21,2.786
Flemington,2500,1-3,dry,7-9m,20,4.525
Flemington,2500,1-3,dry,true,44,4.114
Flemington,2500,1-3,heavy,10m+,3,6.3
Flemington,2500,1-3,heavy,true,3,1.667
Flemington,2500,1-3,soft,10m+,9,1.444
Flemington,2500,1-3,soft,4-6m,3,3.0
Flemington,2500,1-3,soft,7-9m,15,2.653
Flemington,2500,1-3,soft,true,23,2.904
Flemington,2500,10-12,dry,10m+,8,4.25
Flemington,2500,10-12,dry,4-6m,16,4.731
Flemington,2500,10-12,dry,7-9m,12,4.958
Flemington,2500,10-12,dry,true,22,6.0
Flemington,2500,10-12,heavy,10m+,3,6.2
Flemington,2500,10-12,soft,4-6m,3,1.267
Flemington,2500,10-12,soft,7-9m,6,6.333
Flemington,2500,10-12,soft,true,14,3.279
Flemington,2500,13+,dry,10m+,2,3.8
Flemington,2500,13+,dry,4-6m,3,8.3
Flemington,2500,13+,dry,7-9m,7,11.0
Flemington,2500,13+,dry,true,16,5.538
Flemington,2500,13+,heavy,10m+,1,1.5
Flemington,2500,13+,soft,7-9m,5,7.46
Flemington,2500,13+,soft,true,15,5.52
Flemington,2500,4-6,dry,1-3m,3,4.267
Flemington,2500,4-6,dry,10m+,18,2.667
Flemington,2500,4-6,dry,4-6m,21,4.371
Flemington,2500,4-6,dry,7-9m,21,4.524
Flemington,2500,4-6,dry,true,44,5.025
Flemington,2500,4-6,heavy,10m+,3,6.333
Flemington,2500,4-6,heavy,true,3,5.133
Flemington,2500,4-6,soft,10m+,9,2.733
Flemington,2500,4-6,soft,4-6m,3,2.833
Flemington,2500,4-6,soft,7-9m,15,3.18
Flemington,2500,4-6,soft,true,24,2.833
Flemington,2500,7-9,dry,1-3m,3,2.033
Flemington,2500,7-9,dry,10m+,15,3.4
Flemington,2500,7-9,dry,4-6m,21,4.776
Flemington,2500,7-9,dry,7-9m,19,4.011
Flemington,2500,7-9,dry,true,40,4.102
Flemington,2500,7-9,heavy,10m+,3,3.533
Flemington,2500,7-9,heavy,true,3,7.667
Flemington,2500,7-9,soft,10m+,6,1.95
Flemington,2500,7-9,soft,4-6m,3,1.233
Flemington,2500,7-9,soft,7-9m,12,3.558
Flemington,2500,7-9,soft,true,21,2.919
Flemington,2600,1-3,dry,1-3m,3,2.467
Flemington,2600,1-3,dry,10m+,9,3.878
Flemington,2600,1-3,dry,7-9m,15,3.127
Flemington,2600,1-3,dry,true,12,2.492
Flemington,2600,1-3,heavy,10m+,3,2.467
Flemington,2600,1-3,heavy,7-9m,3,6.533
Flemington,2600,1-3,soft,1-3m,3,1.6
Flemington,2600,1-3,soft,true,18,3.461
Flemington,2600,10-12,dry,10m+,7,3.1
Flemington,2600,10-12,dry,7-9m,7,4.386
Flemington,2600,10-12,dry,true,5,3.8
Flemington,2600,10-12,heavy,10m+,2,4.05
Flemington,2600,10-12,heavy,7-9m,3,5.567
Flemington,2600,10-12,soft,true,8,4.275
Flemington,2600,13+,dry,10m+,2,5.6
Flemington,2600,13+,dry,7-9m,1,10.1
Flemington,2600,4-6,dry,1-3m,3,2.567
Flemington,2600,4-6,dry,10m+,9,4.311
Flemington,2600,4-6,dry,7-9m,14,2.393
Flemington,2600,4-6,dry,true,12,2.342
Flemington,2600,4-6,heavy,10m+,3,3.067
Flemington,2600,4-6,heavy,7-9m,3,9.7
Flemington,2600,4-6,soft,1-3m,3,1.3
Flemington,2600,4-6,soft,true,18,3.65
Flemington,2600,7-9,dry,1-3m,2,4.25
Flemington,2600,7-9,dry,10m+,9,4.2
Flemington,2600,7-9,dry,7-9m,12,4.692
Flemington,2600,7-9,dry,true,8,3.5
Flemington,2600,7-9,heavy,10m+,3,4.3
Flemington,2600,7-9,heavy,7-9m,3,6.4
Flemington,2600,7-9,soft,1-3m,1,2.4
Flemington,2600,7-9,soft,true,15,2.953
Flemington,2800,1-3,dry,1-3m,14,2.343
Flemington,2800,1-3,dry,4-6m,9,4.156
Flemington,2800,1-3,dry,true,16,4.256
Flemington,2800,1-3,soft,1-3m,18,4.256
Flemington,2800,1-3,soft,4-6m,8,2.488
Flemington,2800,1-3,soft,true,3,5.167
Flemington,2800,10-12,dry,1-3m,7,4.829
Flemington,2800,10-12,dry,4-6m,4,7.0
Flemington,2800,10-12,dry,true,14,4.086
Flemington,2800,10-12,soft,1-3m,14,3.693
Flemington,2800,10-12,soft,4-6m,6,5.2
Flemington,2800,10-12,soft,true,2,5.65
Flemington,2800,13+,dry,1-3m,4,4.8
Flemington,2800,13+,dry,4-6m,2,5.45
Flemington,2800,13+,dry,true,6,3.75
Flemington,2800,13+,soft,1-3m,8,5.4
Flemington,2800,13+,soft,4-6m,9,6.333
Flemington,2800,13+,soft,true,6,7.35
Flemington,2800,4-6,dry,1-3m,15,3.1
Flemington,2800,4-6,dry,4-6m,9,3.567
Flemington,2800,4-6,dry,true,18,3.511
Flemington,2800,4-6,soft,1-3m,18,4.244
Flemington,2800,4-6,soft,4-6m,9,3.367
Flemington,2800,4-6,soft,true,3,5.733
Flemington,2800,7-9,dry,1-3m,15,3.293
Flemington,2800,7-9,dry,4-6m,9,3.833
Flemington,2800,7-9,dry,true,18,4.4
Flemington,2800,7-9,soft,1-3m,17,3.865
Flemington,2800,7-9,soft,4-6m,8,3.088
Flemington,2800,7-9,soft,true,3,5.767
Flemington,3200,1-3,dry,1-3m,3,5.833
Flemington,3200,10-12,dry,1-3m,4,7.1
Flemington,3200,13+,dry,1-3m,13,6.608
Flemington,3200,4-6,dry,1-3m,5,9.36
Flemington,3200,7-9,dry,1-3m,2,5.15
Gatton,900,1-3,dry,true,41,1.29
Gatton,900,1-3,heavy,true,3,0.7
Gatton,900,1-3,soft,true,27,2.148
Gatton,900,10-12,dry,true,4,2.9
Gatton,900,10-12,heavy,true,1,4.1
Gatton,900,10-12,soft,true,4,3.05
Gatton,900,4-6,dry,true,40,2.027
Gatton,900,4-6,heavy,true,3,5.167
Gatton,900,4-6,soft,true,26,2.196
Gatton,900,7-9,dry,true,32,2.097
Gatton,900,7-9,heavy,true,3,2.667
Gatton,900,7-9,soft,true,17,1.953
Gatton,1100,1-3,dry,1-3m,12,2.8
Gatton,1100,1-3,dry,true,89,3.125
Gatton,1100,1-3,soft,true,24,2.308
Gatton,1100,10-12,dry,1-3m,4,2.7
Gatton,1100,10-12,dry,true,47,3.957
Gatton,1100,10-12,soft,true,7,4.514
Gatton,1100,4-6,dry,1-3m,12,2.233
Gatton,1100,4-6,dry,true,89,3.098
Gatton,1100,4-6,soft,true,22,2.768
Gatton,1100,7-9,dry,1-3m,10,2.47
Gatton,1100,7-9,dry,true,82,3.195
Gatton,1100,7-9,soft,true,18,3.306
Gatton,1400,1-3,dry,1-3m,3,3.2
Gatton,1400,1-3,dry,true,110,3.099
Gatton,1400,1-3,heavy,true,2,3.05
Gatton,1400,1-3,soft,true,21,3.329
Gatton,1400,10-12,dry,1-3m,2,7.7
Gatton,1400,10-12,dry,true,60,4.218
Gatton,1400,10-12,soft,true,11,5.918
Gatton,1400,4-6,dry,1-3m,3,4.9
Gatton,1400,4-6,dry,true,111,3.542
Gatton,1400,4-6,heavy,true,2,2.05
Gatton,1400,4-6,soft,true,21,3.057
Gatton,1400,7-9,dry,1-3m,3,3.9
Gatton,1400,7-9,dry,true,99,4.644
Gatton,1400,7-9,heavy,true,1,3.0
Gatton,1400,7-9,soft,true,21,3.767
Gatton,1600,1-3,dry,1-3m,3,3.533
Gatton,1600,1-3,dry,true,36,3.044
Gatton,1600,1-3,heavy,true,3,1.2
Gatton,1600,1-3,soft,true,12,3.5
Gatton,1600,10-12,dry,1-3m,3,4.367
Gatton,1600,10-12,dry,true,17,3.959
Gatton,1600,10-12,soft,true,5,4.1
Gatton,1600,4-6,dry,1-3m,3,3.2
Gatton,1600,4-6,dry,true,36,3.189
Gatton,1600,4-6,heavy,true,3,2.367
Gatton,1600,4-6,soft,true,12,2.867
Gatton,1600,7-9,dry,1-3m,3,1.7
Gatton,1600,7-9,dry,true,34,3.735
Gatton,1600,7-9,heavy,true,1,4.5
Gatton,1600,7-9,soft,true,10,3.18
Gatton,2000,1-3,dry,true,18,4.478
Gatton,2000,1-3,soft,true,3,4.133
Gatton,2000,10-12,dry,true,12,4.942
Gatton,2000,10-12,soft,true,2,0.5
Gatton,2000,4-6,dry,true,17,5.894
Gatton,2000,4-6,soft,true,3,5.633
Gatton,2000,7-9,dry,true,18,4.467
Gatton,2000,7-9,soft,true,3,6.067
Gawler,1100,1-3,dry,1-3m,1,2.0
Gawler,1100,1-3,dry,4-6m,6,2.917
Gawler,1100,1-3,dry,7-9m,3,1.133
Gawler,1100,1-3,dry,true,40,2.02
Gawler,1100,1-3,heavy,1-3m,3,0.933
Gawler,1100,1-3,heavy,4-6m,27,2.737
Gawler,1100,1-3,heavy,7-9m,3,0.667
Gawler,1100,1-3,heavy,true,9,2.211
Gawler,1100,1-3,soft,4-6m,12,2.217
Gawler,1100,1-3,soft,7-9m,3,2.933
Gawler,1100,1-3,soft,true,23,2.026
Gawler,1100,10-12,dry,1-3m,2,4.2
Gawler,1100,10-12,dry,4-6m,2,0.8
Gawler,1100,10-12,dry,true,11,4.745
Gawler,1100,10-12,heavy,4-6m,9,3.678
Gawler,1100,10-12,heavy,true,1,2.1
Gawler,1100,10-12,soft,4-6m,8,3.875
Gawler,1100,10-12,soft,7-9m,1,6.0
Gawler,1100,10-12,soft,true,7,7.143
Gawler,1100,4-6,dry,1-3m,3,2.2
Gawler,1100,4-6,dry,4-6m,6,4.5
Gawler,1100,4-6,dry,7-9m,3,2.667
Gawler,1100,4-6,dry,true,42,3.079
Gawler,1100,4-6,heavy,1-3m,3,3.367
Gawler,1100,4-6,heavy,4-6m,27,2.396
Gawler,1100,4-6,heavy,7-9m,3,2.567
Gawler,1100,4-6,heavy,true,9,2.189
Gawler,1100,4-6,soft,4-6m,12,3.133
Gawler,1100,4-6,soft,7-9m,3,2.067
Gawler,1100,4-6,soft,true,24,3.325
Gawler,1100,7-9,dry,1-3m,3,3.667
Gawler,1100,7-9,dry,4-6m,5,4.04
Gawler,1100,7-9,dry,7-9m,3,5.433
Gawler,1100,7-9,dry,true,37,3.605
Gawler,1100,7-9,heavy,4-6m,24,2.233
Gawler,1100,7-9,heavy,7-9m,3,3.1
Gawler,1100,7-9,heavy,true,5,2.02
Gawler,1100,7-9,soft,4-6m,12,3.15
Gawler,1100,7-9,soft,7-9m,3,6.467
Gawler,1100,7-9,soft,true,20,3.77
Gawler,1200,1-3,dry,1-3m,3,1.367
Gawler,1200,1-3,dry,7-9m,12,2.65
Gawler,1200,1-3,dry,true,63,2.763
Gawler,1200,1-3,heavy,1-3m,12,3.308
Gawler,1200,1-3,heavy,4-6m,18,2.883
Gawler,1200,1-3,heavy,7-9m,9,3.5
Gawler,1200,1-3,heavy,true,18,3.161
Gawler,1200,1-3,soft,4-6m,17,1.971
Gawler,1200,1-3,soft,7-9m,12,2.525
Gawler,1200,1-3,soft,true,69,3.223
Gawler,1200,10-12,dry,1-3m,2,5.05
Gawler,1200,10-12,dry,7-9m,5,2.98
Gawler,1200,10-12,dry,true,30,4.957
Gawler,1200,10-12,heavy,1-3m,7,3.429
Gawler,1200,10-12,heavy,4-6m,9,3.056
Gawler,1200,10-12,heavy,7-9m,1,5.4
Gawler,1200,10-12,heavy,true,10,4.27
Gawler,1200,10-12,soft,4-6m,11,3.764
Gawler,1200,10-12,soft,7-9m,3,2.667
Gawler,1200,10-12,soft,true,47,4.519
Gawler,1200,13+,dry,true,2,6.65
Gawler,1200,13+,soft,4-6m,1,3.2
Gawler,1200,13+,soft,true,13,5.262
Gawler,1200,4-6,dry,1-3m,2,3.05
Gawler,1200,4-6,dry,7-9m,12,3.625
Gawler,1200,4-6,dry,true,63,2.967
Gawler,1200,4-6,heavy,1-3m,12,2.55
Gawler,1200,4-6,heavy,4-6m,18,1.7
Gawler,1200,4-6,heavy,7-9m,9,3.256
Gawler,1200,4-6,heavy,true,18,2.606
Gawler,1200,4-6,soft,4-6m,17,2.206
Gawler,1200,4-6,soft,7-9m,12,1.958
Gawler,1200,4-6,soft,true,69,2.872
Gawler,1200,7-9,dry,1-3m,3,3.5
Gawler,1200,7-9,dry,7-9m,12,4.183
Gawler,1200,7-9,dry,true,53,4.009
Gawler,1200,7-9,heavy,1-3m,12,3.075
Gawler,1200,7-9,heavy,4-6m,18,2.811
Gawler,1200,7-9,heavy,7-9m,6,3.167
Gawler,1200,7-9,heavy,true,18,3.139
Gawler,1200,7-9,soft,4-6m,18,3.094
Gawler,1200,7-9,soft,7-9m,11,2.236
Gawler,1200,7-9,soft,true,67,3.919
Gawler,1500,1-3,dry,1-3m,9,3.278
Gawler,1500,1-3,dry,4-6m,9,2.433
Gawler,1500,1-3,dry,7-9m,8,2.7
Gawler,1500,1-3,dry,true,68,3.757
Gawler,1500,1-3,heavy,1-3m,6,3.333
Gawler,1500,1-3,heavy,4-6m,15,3.913
Gawler,1500,1-3,heavy,true,12,4.358
Gawler,1500,1-3,soft,4-6m,15,3.073
Gawler,1500,1-3,soft,7-9m,9,2.822
Gawler,1500,1-3,soft,true,51,3.584
Gawler,1500,10-12,dry,1-3m,4,5.7
Gawler,1500,10-12,dry,4-6m,6,2.167
Gawler,1500,10-12,dry,7-9m,6,5.183
Gawler,1500,10-12,dry,true,42,4.729
Gawler,1500,10-12,heavy,1-3m,3,8.7
Gawler,1500,10-12,heavy,4-6m,11,4.927
Gawler,1500,10-12,heavy,true,9,3.733
Gawler,1500,10-12,soft,4-6m,8,3.8
Gawler,1500,10-12,soft,7-9m,2,6.0
Gawler,1500,10-12,soft,true,34,4.518
Gawler,1500,13+,dry,1-3m,2,3.4
Gawler,1500,13+,dry,true,14,6.936
Gawler,1500,13+,heavy,true,2,3.15
Gawler,1500,13+,soft,4-6m,1,1.1
Gawler,1500,13+,soft,true,9,3.778
Gawler,1500,4-6,dry,1-3m,9,3.067
Gawler,1500,4-6,dry,4-6m,8,3.4
Gawler,1500,4-6,dry,7-9m,9,3.444
Gawler,1500,4-6,dry,true,69,3.933
Gawler,1500,4-6,heavy,1-3m,6,5.717
Gawler,1500,4-6,heavy,4-6m,15,3.487
Gawler,1500,4-6,heavy,true,12,3.458
Gawler,1500,4-6,soft,4-6m,15,2.787
Gawler,1500,4-6,soft,7-9m,9,3.422
Gawler,1500,4-6,soft,true,51,4.157
Gawler,1500,7-9,dry,1-3m,9,3.778
Gawler,1500,7-9,dry,4-6m,8,4.3
Gawler,1500,7-9,dry,7-9m,7,7.043
Gawler,1500,7-9,dry,true,65,4.255
Gawler,1500,7-9,heavy,1-3m,5,6.0
Gawler,1500,7-9,heavy,4-6m,15,2.293
Gawler,1500,7-9,heavy,true,12,4.175
Gawler,1500,7-9,soft,4-6m,14,4.543
Gawler,1500,7-9,soft,7-9m,8,2.138
Gawler,1500,7-9,soft,true,50,4.706
Gawler,1700,1-3,dry,1-3m,3,3.4
Gawler,1700,1-3,dry,4-6m,3,3.867
Gawler,1700,1-3,dry,7-9m,3,2.533
Gawler,1700,1-3,dry,true,26,4.281
Gawler,1700,1-3,heavy,4-6m,6,2.8
Gawler,1700,1-3,heavy,7-9m,5,2.16
Gawler,1700,1-3,heavy,true,12,2.583
Gawler,1700,1-3,soft,4-6m,15,3.313
Gawler,1700,1-3,soft,7-9m,3,2.133
Gawler,1700,1-3,soft,true,33,2.921
Gawler,1700,10-12,dry,1-3m,1,0.7
Gawler,1700,10-12,dry,4-6m,1,5.0
Gawler,1700,10-12,dry,7-9m,1,3.9
Gawler,1700,10-12,dry,true,15,4.76
Gawler,1700,10-12,heavy,4-6m,1,1.6
Gawler,1700,10-12,heavy,true,5,6.98
Gawler,1700,10-12,soft,4-6m,4,1.2
Gawler,1700,10-12,soft,7-9m,1,0.0
Gawler,1700,10-12,soft,true,21,5.857
Gawler,1700,4-6,dry,1-3m,3,3.367
Gawler,1700,4-6,dry,4-6m,3,2.6
Gawler,1700,4-6,dry,7-9m,3,1.967
Gawler,1700,4-6,dry,true,27,3.13
Gawler,1700,4-6,heavy,4-6m,6,3.133
Gawler,1700,4-6,heavy,7-9m,6,1.183
Gawler,1700,4-6,heavy,true,12,3.85
Gawler,1700,4-6,soft,4-6m,15,4.027
Gawler,1700,4-6,soft,7-9m,3,3.633
Gawler,1700,4-6,soft,true,33,4.161
Gawler,1700,7-9,dry,1-3m,3,2.267
Gawler,1700,7-9,dry,4-6m,3,3.933
Gawler,1700,7-9,dry,7-9m,3,5.5
Gawler,1700,7-9,dry,true,26,4.262
Gawler,1700,7-9,heavy,4-6m,6,3.183
Gawler,1700,7-9,heavy,7-9m,4,2.0
Gawler,1700,7-9,heavy,true,12,5.475
Gawler,1700,7-9,soft,4-6m,15,3.887
Gawler,1700,7-9,soft,7-9m,3,2.4
Gawler,1700,7-9,soft,true,31,5.252
Gawler,2100,1-3,dry,1-3m,3,3.667
Gawler,2100,1-3,dry,4-6m,3,3.367
Gawler,2100,1-3,dry,7-9m,6,3.8
Gawler,2100,1-3,dry,true,21,4.548
Gawler,2100,1-3,heavy,4-6m,3,2.667
Gawler,2100,1-3,heavy,7-9m,3,1.4
Gawler,2100,1-3,heavy,true,12,4.183
Gawler,2100,1-3,soft,4-6m,9,5.278
Gawler,2100,1-3,soft,7-9m,6,2.083
Gawler,2100,1-3,soft,true,15,3.007
Gawler,2100,10-12,dry,true,4,5.125
Gawler,2100,10-12,heavy,4-6m,2,5.1
Gawler,2100,10-12,heavy,true,6,5.317
Gawler,2100,10-12,soft,4-6m,1,0.0
Gawler,2100,10-12,soft,true,4,6.725
Gawler,2100,13+,soft,true,2,8.05
Gawler,2100,4-6,dry,1-3m,3,2.567
Gawler,2100,4-6,dry,4-6m,3,1.533
Gawler,2100,4-6,dry,7-9m,6,4.233
Gawler,2100,4-6,dry,true,21,5.486
Gawler,2100,4-6,heavy,4-6m,3,2.1
Gawler,2100,4-6,heavy,7-9m,3,4.467
Gawler,2100,4-6,heavy,true,11,3.636
Gawler,2100,4-6,soft,4-6m,9,4.3
Gawler,2100,4-6,soft,7-9m,6,4.2
Gawler,2100,4-6,soft,true,15,2.72
Gawler,2100,7-9,dry,1-3m,3,2.167
Gawler,2100,7-9,dry,4-6m,2,5.5
Gawler,2100,7-9,dry,7-9m,5,2.86
Gawler,2100,7-9,dry,true,17,4.941
Gawler,2100,7-9,heavy,4-6m,3,2.3
Gawler,2100,7-9,heavy,7-9m,2,2.9
Gawler,2100,7-9,heavy,true,11,3.255
Gawler,2100,7-9,soft,4-6m,8,3.4
Gawler,2100,7-9,soft,7-9m,6,4.317
Gawler,2100,7-9,soft,true,9,3.733
Geelong,1100,1-3,dry,1-3m,12,2.867
Geelong,1100,1-3,dry,4-6m,24,2.596
Geelong,1100,1-3,dry,7-9m,12,2.317
Geelong,1100,1-3,dry,true,33,2.245
Geelong,1100,1-3,heavy,4-6m,3,5.367
Geelong,1100,1-3,heavy,7-9m,6,3.717
Geelong,1100,1-3,soft,1-3m,6,1.25
Geelong,1100,1-3,soft,7-9m,12,2.142
Geelong,1100,1-3,soft,true,18,2.311
Geelong,1100,10-12,dry,1-3m,5,4.5
Geelong,1100,10-12,dry,4-6m,3,5.867
Geelong,1100,10-12,dry,7-9m,2,4.75
Geelong,1100,10-12,dry,true,8,2.05
Geelong,1100,10-12,heavy,4-6m,2,0.75
Geelong,1100,10-12,soft,1-3m,1,1.2
Geelong,1100,10-12,soft,7-9m,2,3.2
Geelong,1100,10-12,soft,true,6,3.1
Geelong,1100,13+,soft,true,1,0.1
Geelong,1100,4-6,dry,1-3m,12,3.783
Geelong,1100,4-6,dry,4-6m,23,2.239
Geelong,1100,4-6,dry,7-9m,12,3.458
Geelong,1100,4-6,dry,true,32,2.531
Geelong,1100,4-6,heavy,4-6m,3,4.067
Geelong,1100,4-6,heavy,7-9m,6,2.417
Geelong,1100,4-6,soft,1-3m,6,2.65
Geelong,1100,4-6,soft,7-9m,12,2.383
Geelong,1100,4-6,soft,true,18,2.2
Geelong,1100,7-9,dry,1-3m,9,4.578
Geelong,1100,7-9,dry,4-6m,17,4.376
Geelong,1100,7-9,dry,7-9m,8,2.738
Geelong,1100,7-9,dry,true,23,4.004
Geelong,1100,7-9,heavy,4-6m,3,3.1
Geelong,1100,7-9,heavy,7-9m,5,3.94
Geelong,1100,7-9,soft,1-3m,4,4.2
Geelong,1100,7-9,soft,7-9m,6,2.883
Geelong,1100,7-9,soft,true,16,2.825
Geelong,1200,1-3,dry,1-3m,3,2.733
Geelong,1200,1-3,dry,4-6m,9,2.144
Geelong,1200,1-3,dry,7-9m,18,2.561
Geelong,1200,1-3,dry,true,12,2.358
Geelong,1200,1-3,heavy,1-3m,3,3.2
Geelong,1200,1-3,heavy,4-6m,15,4.047
Geelong,1200,1-3,heavy,7-9m,9,2.822
Geelong,1200,1-3,soft,1-3m,6,1.817
Geelong,1200,1-3,soft,7-9m,6,3.667
Geelong,1200,1-3,soft,true,15,2.367
Geelong,1200,10-12,dry,7-9m,2,7.3
Geelong,1200,10-12,dry,true,6,2.45
Geelong,1200,10-12,heavy,1-3m,1,0.6
Geelong,1200,10-12,heavy,4-6m,5,4.08
Geelong,1200,10-12,heavy,7-9m,2,1.95
Geelong,1200,10-12,soft,7-9m,1,5.6
Geelong,1200,10-12,soft,true,4,5.075
Geelong,1200,13+,soft,true,1,0.4
Geelong,1200,4-6,dry,1-3m,3,2.367
Geelong,1200,4-6,dry,4-6m,9,2.944
Geelong,1200,4-6,dry,7-9m,17,2.124
Geelong,1200,4-6,dry,true,12,3.058
Geelong,1200,4-6,heavy,1-3m,3,4.133
Geelong,1200,4-6,heavy,4-6m,15,2.6
Geelong,1200,4-6,heavy,7-9m,9,2.422
Geelong,1200,4-6,soft,1-3m,6,2.083
Geelong,1200,4-6,soft,7-9m,6,2.5
Geelong,1200,4-6,soft,true,15,2.887
Geelong,1200,7-9,dry,1-3m,3,1.3
Geelong,1200,7-9,dry,4-6m,5,3.42
Geelong,1200,7-9,dry,7-9m,11,3.291
Geelong,1200,7-9,dry,true,10,3.94
Geelong,1200,7-9,heavy,1-3m,3,2.733
Geelong,1200,7-9,heavy,4-6m,13,2.515
Geelong,1200,7-9,heavy,7-9m,8,2.338
Geelong,1200,7-9,soft,1-3m,4,2.4
Geelong,1200,7-9,soft,7-9m,6,2.8
Geelong,1200,7-9,soft,true,14,4.507
Geelong,1300,1-3,dry,1-3m,12,2.775
Geelong,1300,1-3,dry,4-6m,18,2.111
Geelong,1300,1-3,dry,7-9m,9,2.189
Geelong,1300,1-3,dry,true,9,4.589
Geelong,1300,1-3,heavy,4-6m,3,1.633
Geelong,1300,1-3,heavy,7-9m,6,2.25
Geelong,1300,1-3,soft,1-3m,9,2.878
Geelong,1300,1-3,soft,7-9m,6,1.267
Geelong,1300,1-3,soft,true,6,2.067
Geelong,1300,10-12,dry,1-3m,5,5.08
Geelong,1300,10-12,dry,4-6m,5,1.34
Geelong,1300,10-12,dry,true,6,2.083
Geelong,1300,10-12,heavy,7-9m,1,3.6
Geelong,1300,10-12,soft,1-3m,4,6.625
Geelong,1300,10-12,soft,7-9m,2,6.25
Geelong,1300,10-12,soft,true,2,3.4
Geelong,1300,13+,dry,1-3m,2,4.1
Geelong,1300,4-6,dry,1-3m,12,3.508
Geelong,1300,4-6,dry,4-6m,18,3.322
Geelong,1300,4-6,dry,7-9m,9,3.333
Geelong,1300,4-6,dry,true,9,3.967
Geelong,1300,4-6,heavy,4-6m,3,2.2
Geelong,1300,4-6,heavy,7-9m,6,2.75
Geelong,1300,4-6,soft,1-3m,8,2.25
Geelong,1300,4-6,soft,7-9m,6,2.283
Geelong,1300,4-6,soft,true,6,2.75
Geelong,1300,7-9,dry,1-3m,11,3.036
Geelong,1300,7-9,dry,4-6m,17,5.265
Geelong,1300,7-9,dry,7-9m,5,3.7
Geelong,1300,7-9,dry,true,9,4.756
Geelong,1300,7-9,heavy,7-9m,4,2.275
Geelong,1300,7-9,soft,1-3m,6,4.317
Geelong,1300,7-9,soft,7-9m,6,4.2
Geelong,1300,7-9,soft,true,4,2.525
Geelong,1400,1-3,dry,1-3m,6,1.95
Geelong,1400,1-3,dry,4-6m,12,2.467
Geelong,1400,1-3,dry,7-9m,15,3.153
Geelong,1400,1-3,dry,true,12,4.558
Geelong,1400,1-3,heavy,1-3m,3,3.867
Geelong,1400,1-3,heavy,4-6m,12,3.208
Geelong,1400,1-3,heavy,7-9m,9,1.822
Geelong,1400,1-3,soft,7-9m,3,3.133
Geelong,1400,1-3,soft,true,6,3.333
Geelong,1400,10-12,dry,1-3m,2,5.6
Geelong,1400,10-12,dry,4-6m,1,0.7
Geelong,1400,10-12,dry,7-9m,4,3.675
Geelong,1400,10-12,dry,true,4,4.075
Geelong,1400,10-12,heavy,1-3m,1,6.1
Geelong,1400,10-12,heavy,4-6m,3,3.133
Geelong,1400,10-12,heavy,7-9m,2,7.45
Geelong,1400,10-12,soft,true,4,6.2
Geelong,1400,13+,soft,true,1,6.8
Geelong,1400,4-6,dry,1-3m,6,3.767
Geelong,1400,4-6,dry,4-6m,12,2.925
Geelong,1400,4-6,dry,7-9m,15,3.993
Geelong,1400,4-6,dry,true,12,4.583
Geelong,1400,4-6,heavy,1-3m,3,4.2
Geelong,1400,4-6,heavy,4-6m,12,1.992
Geelong,1400,4-6,heavy,7-9m,9,2.511
Geelong,1400,4-6,soft,7-9m,3,6.933
Geelong,1400,4-6,soft,true,6,3.1
Geelong,1400,7-9,dry,1-3m,6,2.967
Geelong,1400,7-9,dry,4-6m,10,4.4
Geelong,1400,7-9,dry,7-9m,14,3.979
Geelong,1400,7-9,dry,true,11,2.391
Geelong,1400,7-9,heavy,1-3m,3,1.167
Geelong,1400,7-9,heavy,4-6m,9,3.567
Geelong,1400,7-9,heavy,7-9m,9,3.456
Geelong,1400,7-9,soft,7-9m,3,1.867
Geelong,1400,7-9,soft,true,6,3.383
Geelong,1500,1-3,dry,1-3m,6,3.817
Geelong,1500,1-3,dry,4-6m,17,3.659
Geelong,1500,1-3,dry,7-9m,15,3.047
Geelong,1500,1-3,dry,true,9,2.411
Geelong,1500,1-3,heavy,7-9m,9,2.178
Geelong,1500,1-3,soft,1-3m,3,3.767
Geelong,1500,1-3,soft,7-9m,9,3.667
Geelong,1500,1-3,soft,true,3,5.267
Geelong,1500,10-12,dry,1-3m,4,5.975
Geelong,1500,10-12,dry,4-6m,12,4.833
Geelong,1500,10-12,dry,7-9m,6,7.217
Geelong,1500,10-12,dry,true,3,6.1
Geelong,1500,10-12,heavy,7-9m,1,8.1
Geelong,1500,10-12,soft,1-3m,2,7.0
Geelong,1500,10-12,soft,7-9m,5,4.52
Geelong,1500,10-12,soft,true,3,6.133
Geelong,1500,13+,dry,1-3m,1,10.8
Geelong,1500,13+,dry,4-6m,1,8.0
Geelong,1500,13+,dry,7-9m,1,7.8
Geelong,1500,13+,soft,true,1,2.6
Geelong,1500,4-6,dry,1-3m,6,3.917
Geelong,1500,4-6,dry,4-6m,18,3.606
Geelong,1500,4-6,dry,7-9m,15,3.06
Geelong,1500,4-6,dry,true,9,2.789
Geelong,1500,4-6,heavy,7-9m,9,3.367
Geelong,1500,4-6,soft,1-3m,3,4.133
Geelong,1500,4-6,soft,7-9m,9,2.611
Geelong,1500,4-6,soft,true,3,5.367
Geelong,1500,7-9,dry,1-3m,6,3.367
Geelong,1500,7-9,dry,4-6m,18,3.828
Geelong,1500,7-9,dry,7-9m,14,4.693
Geelong,1500,7-9,dry,true,8,4.425
Geelong,1500,7-9,heavy,7-9m,4,4.95
Geelong,1500,7-9,soft,1-3m,3,1.633
Geelong,1500,7-9,soft,7-9m,9,3.222
Geelong,1500,7-9,soft,true,3,3.233
Geelong,1700,1-3,dry,1-3m,6,3.933
Geelong,1700,1-3,dry,7-9m,3,4.9
Geelong,1700,1-3,dry,true,12,2.425
Geelong,1700,1-3,heavy,1-3m,6,3.683
Geelong,1700,1-3,heavy,4-6m,6,3.017
Geelong,1700,1-3,soft,true,18,3.033
Geelong,1700,10-12,dry,1-3m,6,6.75
Geelong,1700,10-12,dry,7-9m,2,0.5
Geelong,1700,10-12,heavy,1-3m,1,1.3
Geelong,1700,10-12,heavy,4-6m,6,4.417
Geelong,1700,10-12,soft,true,13,6.323
Geelong,1700,13+,dry,1-3m,2,6.8
Geelong,1700,13+,dry,7-9m,1,10.5
Geelong,1700,13+,heavy,4-6m,3,3.867
Geelong,1700,13+,soft,true,3,7.4
Geelong,1700,4-6,dry,1-3m,6,6.933
Geelong,1700,4-6,dry,7-9m,3,6.833
Geelong,1700,4-6,dry,true,12,3.783
Geelong,1700,4-6,heavy,1-3m,6,2.433
Geelong,1700,4-6,heavy,4-6m,6,2.317
Geelong,1700,4-6,soft,true,18,4.144
Geelong,1700,7-9,dry,1-3m,6,3.983
Geelong,1700,7-9,dry,7-9m,3,4.2
Geelong,1700,7-9,dry,true,7,4.171
Geelong,1700,7-9,heavy,1-3m,6,3.083
Geelong,1700,7-9,heavy,4-6m,6,4.683
Geelong,1700,7-9,soft,true,18,4.378
Geelong,1800,1-3,dry,7-9m,15,3.0
Geelong,1800,1-3,heavy,7-9m,9,3.4
Geelong,1800,1-3,soft,7-9m,9,2.6
Geelong,1800,10-12,dry,7-9m,3,5.933
Geelong,1800,10-12,heavy,7-9m,1,6.2
Geelong,1800,10-12,soft,7-9m,1,7.6
Geelong,1800,4-6,dry,7-9m,15,3.22
Geelong,1800,4-6,heavy,7-9m,9,3.378
Geelong,1800,4-6,soft,7-9m,9,2.944
Geelong,1800,7-9,dry,7-9m,15,4.573
Geelong,1800,7-9,heavy,7-9m,7,5.643
Geelong,1800,7-9,soft,7-9m,8,4.3
Geelong,2200,1-3,soft,true,3,3.167
Geelong,2200,10-12,soft,true,2,3.95
Geelong,2200,4-6,soft,true,3,1.133
Geelong,2200,7-9,soft,true,3,2.9
Geelong,2300,1-3,dry,7-9m,3,2.533
Geelong,2300,4-6,dry,7-9m,3,1.533
Geelong,2400,1-3,dry,1-3m,3,4.833
Geelong,2400,1-3,dry,4-6m,15,3.467
Geelong,2400,1-3,dry,7-9m,6,5.717
Geelong,2400,1-3,dry,true,6,2.383
Geelong,2400,1-3,heavy,4-6m,9,3.622
Geelong,2400,1-3,soft,true,18,2.667
Geelong,2400,10-12,dry,4-6m,3,6.767
Geelong,2400,10-12,dry,7-9m,4,6.5
Geelong,2400,10-12,dry,true,3,4.767
Geelong,2400,10-12,heavy,4-6m,5,5.08
Geelong,2400,10-12,soft,true,10,5.05
Geelong,2400,13+,dry,4-6m,1,5.1
Geelong,2400,13+,dry,true,1,7.4
Geelong,2400,13+,heavy,4-6m,2,7.45
Geelong,2400,13+,soft,true,3,5.2
Geelong,2400,4-6,dry,1-3m,3,2.067
Geelong,2400,4-6,dry,4-6m,15,3.213
Geelong,2400,4-6,dry,7-9m,6,6.117
Geelong,2400,4-6,dry,true,6,4.067
Geelong,2400,4-6,heavy,4-6m,9,2.978
Geelong,2400,4-6,soft,true,18,2.872
Geelong,2400,7-9,dry,1-3m,3,3.567
Geelong,2400,7-9,dry,4-6m,10,4.18
Geelong,2400,7-9,dry,7-9m,6,4.067
Geelong,2400,7-9,dry,true,5,2.96
Geelong,2400,7-9,heavy,4-6m,9,4.556
Geelong,2400,7-9,soft,true,16,4.931
Geelong,2500,1-3,heavy,7-9m,3,1.7
Geelong,2500,1-3,soft,7-9m,6,5.167
Geelong,2500,10-12,heavy,7-9m,2,2.6
Geelong,2500,10-12,soft,7-9m,1,0.0
Geelong,2500,4-6,heavy,7-9m,3,2.3
Geelong,2500,4-6,soft,7-9m,6,2.9
Geelong,2500,7-9,heavy,7-9m,3,1.633
Geelong,2500,7-9,soft,7-9m,6,3.783
Gold Coast,1000,1-3,dry,1-3m,23,1.574
Gold Coast,1000,1-3,dry,4-6m,39,1.918
Gold Coast,1000,1-3,dry,7-9m,27,2.207
Gold Coast,1000,1-3,dry,true,54,1.933
Gold Coast,1000,1-3,heavy,4-6m,6,0.983
Gold Coast,1000,1-3,heavy,true,15,2.207
Gold Coast,1000,1-3,soft,1-3m,15,1.68
Gold Coast,1000,1-3,soft,4-6m,51,1.839
Gold Coast,1000,1-3,soft,7-9m,58,2.0
Gold Coast,1000,1-3,soft,true,52,1.704
Gold Coast,1000,10-12,dry,1-3m,7,2.371
Gold Coast,1000,10-12,dry,4-6m,6,3.083
Gold Coast,1000,10-12,dry,7-9m,4,1.475
Gold Coast,1000,10-12,dry,true,17,2.953
Gold Coast,1000,10-12,heavy,true,5,2.88
Gold Coast,1000,10-12,soft,1-3m,7,2.757
Gold Coast,1000,10-12,soft,4-6m,4,4.025
Gold Coast,1000,10-12,soft,7-9m,4,3.025
Gold Coast,1000,10-12,soft,true,14,3.543
Gold Coast,1000,4-6,dry,1-3m,24,2.746
Gold Coast,1000,4-6,dry,4-6m,39,2.172
Gold Coast,1000,4-6,dry,7-9m,27,2.152
Gold Coast,1000,4-6,dry,true,54,2.376
Gold Coast,1000,4-6,heavy,4-6m,4,1.7
Gold Coast,1000,4-6,heavy,true,15,2.42
Gold Coast,1000,4-6,soft,1-3m,15,1.58
Gold Coast,1000,4-6,soft,4-6m,50,2.02
Gold Coast,1000,4-6,soft,7-9m,58,2.474
Gold Coast,1000,4-6,soft,true,53,1.889
Gold Coast,1000,7-9,dry,1-3m,23,2.213
Gold Coast,1000,7-9,dry,4-6m,32,1.856
Gold Coast,1000,7-9,dry,7-9m,25,2.192
Gold Coast,1000,7-9,dry,true,49,2.747
Gold Coast,1000,7-9,heavy,4-6m,1,1.3
Gold Coast,1000,7-9,heavy,true,14,2.221
Gold Coast,1000,7-9,soft,1-3m,11,4.091
Gold Coast,1000,7-9,soft,4-6m,38,2.568
Gold Coast,1000,7-9,soft,7-9m,38,2.066
Gold Coast,1000,7-9,soft,true,38,2.758
Gold Coast,1100,1-3,dry,1-3m,6,1.783
Gold Coast,1100,1-3,dry,4-6m,9,2.411
Gold Coast,1100,1-3,dry,7-9m,6,3.35
Gold Coast,1100,1-3,dry,true,75,2.324
Gold Coast,1100,1-3,heavy,true,5,3.82
Gold Coast,1100,1-3,soft,1-3m,3,2.333
Gold Coast,1100,1-3,soft,4-6m,6,2.583
Gold Coast,1100,1-3,soft,7-9m,6,3.367
Gold Coast,1100,1-3,soft,true,32,2.391
Gold Coast,1100,10-12,dry,1-3m,2,5.45
Gold Coast,1100,10-12,dry,true,23,3.896
Gold Coast,1100,10-12,heavy,true,6,3.717
Gold Coast,1100,10-12,soft,1-3m,3,3.367
Gold Coast,1100,10-12,soft,4-6m,2,5.4
Gold Coast,1100,10-12,soft,true,7,2.871
Gold Coast,1100,13+,dry,true,4,5.825
Gold Coast,1100,13+,heavy,true,2,2.15
Gold Coast,1100,13+,soft,1-3m,2,5.85
Gold Coast,1100,13+,soft,true,1,2.6
Gold Coast,1100,4-6,dry,1-3m,5,2.16
Gold Coast,1100,4-6,dry,4-6m,9,2.033
Gold Coast,1100,4-6,dry,7-9m,6,3.4
Gold Coast,1100,4-6,dry,true,73,3.308
Gold Coast,1100,4-6,heavy,true,5,4.96
Gold Coast,1100,4-6,soft,1-3m,3,3.1
Gold Coast,1100,4-6,soft,4-6m,6,2.117
Gold Coast,1100,4-6,soft,7-9m,5,3.62
Gold Coast,1100,4-6,soft,true,31,2.99
Gold Coast,1100,7-9,dry,1-3m,6,2.333
Gold Coast,1100,7-9,dry,4-6m,5,2.42
Gold Coast,1100,7-9,dry,7-9m,6,2.617
Gold Coast,1100,7-9,dry,true,55,2.789
Gold Coast,1100,7-9,heavy,true,6,2.7
Gold Coast,1100,7-9,soft,1-3m,3,1.8
Gold Coast,1100,7-9,soft,4-6m,6,3.75
Gold Coast,1100,7-9,soft,7-9m,5,5.78
Gold Coast,1100,7-9,soft,true,17,4.053
Gold Coast,1200,1-3,dry,1-3m,33,2.906
Gold Coast,1200,1-3,dry,4-6m,15,2.78
Gold Coast,1200,1-3,dry,7-9m,20,2.905
Gold Coast,1200,1-3,dry,true,152,2.72
Gold Coast,1200,1-3,heavy,4-6m,3,1.1
Gold Coast,1200,1-3,heavy,true,32,2.828
Gold Coast,1200,1-3,soft,1-3m,11,2.3
Gold Coast,1200,1-3,soft,4-6m,51,3.025
Gold Coast,1200,1-3,soft,7-9m,37,2.716
Gold Coast,1200,1-3,soft,true,69,2.481
Gold Coast,1200,10-12,dry,1-3m,15,6.44
Gold Coast,1200,10-12,dry,4-6m,8,5.875
Gold Coast,1200,10-12,dry,7-9m,6,1.333
Gold Coast,1200,10-12,dry,true,72,4.25
Gold Coast,1200,10-12,heavy,true,14,4.586
Gold Coast,1200,10-12,soft,1-3m,7,5.186
Gold Coast,1200,10-12,soft,4-6m,18,5.294
Gold Coast,1200,10-12,soft,7-9m,15,4.227
Gold Coast,1200,10-12,soft,true,33,4.639
Gold Coast,1200,13+,dry,1-3m,8,8.662
Gold Coast,1200,13+,dry,4-6m,1,7.5
Gold Coast,1200,13+,dry,true,35,5.84
Gold Coast,1200,13+,heavy,true,8,5.038
Gold Coast,1200,13+,soft,1-3m,6,3.633
Gold Coast,1200,13+,soft,4-6m,1,4.0
Gold Coast,1200,13+,soft,true,19,3.837
Gold Coast,1200,4-6,dry,1-3m,32,3.666
Gold Coast,1200,4-6,dry,4-6m,14,2.386
Gold Coast,1200,4-6,dry,7-9m,19,4.179
Gold Coast,1200,4-6,dry,true,155,3.132
Gold Coast,1200,4-6,heavy,4-6m,2,2.0
Gold Coast,1200,4-6,heavy,true,33,2.476
Gold Coast,1200,4-6,soft,1-3m,12,2.65
Gold Coast,1200,4-6,soft,4-6m,54,3.537
Gold Coast,1200,4-6,soft,7-9m,38,3.505
Gold Coast,1200,4-6,soft,true,67,2.976
Gold Coast,1200,7-9,dry,1-3m,31,3.939
Gold Coast,1200,7-9,dry,4-6m,12,4.083
Gold Coast,1200,7-9,dry,7-9m,15,4.627
Gold Coast,1200,7-9,dry,true,124,3.13
Gold Coast,1200,7-9,heavy,true,30,3.773
Gold Coast,1200,7-9,soft,1-3m,8,4.6
Gold Coast,1200,7-9,soft,4-6m,39,3.221
Gold Coast,1200,7-9,soft,7-9m,31,4.552
Gold Coast,1200,7-9,soft,true,61,3.677
Gold Coast,1300,1-3,dry,1-3m,6,3.283
Gold Coast,1300,1-3,dry,7-9m,6,6.2
Gold Coast,1300,1-3,dry,true,36,3.992
Gold Coast,1300,1-3,heavy,4-6m,3,3.433
Gold Coast,1300,1-3,soft,4-6m,9,4.033
Gold Coast,1300,1-3,soft,7-9m,14,3.171
Gold Coast,1300,1-3,soft,true,17,3.335
Gold Coast,1300,10-12,dry,1-3m,6,3.75
Gold Coast,1300,10-12,dry,7-9m,3,1.467
Gold Coast,1300,10-12,dry,true,28,6.904
Gold Coast,1300,10-12,soft,4-6m,4,6.05
Gold Coast,1300,10-12,soft,7-9m,9,4.044
Gold Coast,1300,10-12,soft,true,15,5.067
Gold Coast,1300,13+,dry,1-3m,9,6.578
Gold Coast,1300,13+,dry,true,27,6.067
Gold Coast,1300,13+,soft,7-9m,4,5.925
Gold Coast,1300,13+,soft,true,9,5.989
Gold Coast,1300,4-6,dry,1-3m,6,3.983
Gold Coast,1300,4-6,dry,7-9m,6,6.25
Gold Coast,1300,4-6,dry,true,36,3.758
Gold Coast,1300,4-6,heavy,4-6m,3,2.2
Gold Coast,1300,4-6,soft,4-6m,9,4.133
Gold Coast,1300,4-6,soft,7-9m,15,3.273
Gold Coast,1300,4-6,soft,true,18,3.761
Gold Coast,1300,7-9,dry,1-3m,6,3.383
Gold Coast,1300,7-9,dry,7-9m,6,7.117
Gold Coast,1300,7-9,dry,true,34,5.1
Gold Coast,1300,7-9,heavy,4-6m,2,3.2
Gold Coast,1300,7-9,soft,4-6m,8,3.062
Gold Coast,1300,7-9,soft,7-9m,15,3.153
Gold Coast,1300,7-9,soft,true,18,3.244
Gold Coast,1400,1-3,dry,1-3m,32,3.881
Gold Coast,1400,1-3,dry,4-6m,30,2.903
Gold Coast,1400,1-3,dry,7-9m,54,2.948
Gold Coast,1400,1-3,dry,true,141,3.611
Gold Coast,1400,1-3,heavy,4-6m,6,3.217
Gold Coast,1400,1-3,heavy,true,26,3.65
Gold Coast,1400,1-3,soft,1-3m,14,3.293
Gold Coast,1400,1-3,soft,4-6m,28,2.868
Gold Coast,1400,1-3,soft,7-9m,38,3.245
Gold Coast,1400,1-3,soft,true,61,3.674
Gold Coast,1400,10-12,dry,1-3m,22,6.691
Gold Coast,1400,10-12,dry,4-6m,14,4.457
Gold Coast,1400,10-12,dry,7-9m,17,5.488
Gold Coast,1400,10-12,dry,true,72,4.742
Gold Coast,1400,10-12,heavy,true,15,5.267
Gold Coast,1400,10-12,soft,1-3m,7,4.729
Gold Coast,1400,10-12,soft,4-6m,14,4.0
Gold Coast,1400,10-12,soft,7-9m,22,4.695
Gold Coast,1400,10-12,soft,true,34,5.359
Gold Coast,1400,13+,dry,1-3m,16,6.962
Gold Coast,1400,13+,dry,4-6m,8,5.112
Gold Coast,1400,13+,dry,7-9m,5,5.86
Gold Coast,1400,13+,dry,true,36,5.758
Gold Coast,1400,13+,heavy,true,2,5.5
Gold Coast,1400,13+,soft,1-3m,4,6.775
Gold Coast,1400,13+,soft,4-6m,7,5.171
Gold Coast,1400,13+,soft,7-9m,2,7.15
Gold Coast,1400,13+,soft,true,13,4.208
Gold Coast,1400,4-6,dry,1-3m,32,3.991
Gold Coast,1400,4-6,dry,4-6m,30,3.103
Gold Coast,1400,4-6,dry,7-9m,54,3.263
Gold Coast,1400,4-6,dry,true,145,3.636
Gold Coast,1400,4-6,heavy,4-6m,6,1.583
Gold Coast,1400,4-6,heavy,true,27,3.874
Gold Coast,1400,4-6,soft,1-3m,15,2.953
Gold Coast,1400,4-6,soft,4-6m,30,3.22
Gold Coast,1400,4-6,soft,7-9m,38,3.339
Gold Coast,1400,4-6,soft,true,62,3.61
Gold Coast,1400,7-9,dry,1-3m,29,3.417
Gold Coast,1400,7-9,dry,4-6m,29,4.376
Gold Coast,1400,7-9,dry,7-9m,40,3.835
Gold Coast,1400,7-9,dry,true,126,3.891
Gold Coast,1400,7-9,heavy,4-6m,2,1.75
Gold Coast,1400,7-9,heavy,true,24,3.904
Gold Coast,1400,7-9,soft,1-3m,13,3.385
Gold Coast,1400,7-9,soft,4-6m,30,3.757
Gold Coast,1400,7-9,soft,7-9m,36,3.381
Gold Coast,1400,7-9,soft,true,55,4.311
Gold Coast,1700,1-3,dry,1-3m,3,4.667
Gold Coast,1700,1-3,dry,7-9m,6,2.067
Gold Coast,1700,1-3,dry,true,27,2.919
Gold Coast,1700,1-3,heavy,true,6,3.933
Gold Coast,1700,1-3,soft,4-6m,9,2.856
Gold Coast,1700,1-3,soft,7-9m,3,2.267
Gold Coast,1700,1-3,soft,true,21,3.324
Gold Coast,1700,10-12,dry,1-3m,1,0.0
Gold Coast,1700,10-12,dry,true,7,5.243
Gold Coast,1700,10-12,heavy,true,1,2.9
Gold Coast,1700,10-12,soft,4-6m,1,8.1
Gold Coast,1700,10-12,soft,true,6,10.0
Gold Coast,1700,4-6,dry,1-3m,3,4.0
Gold Coast,1700,4-6,dry,7-9m,6,2.817
Gold Coast,1700,4-6,dry,true,27,2.415
Gold Coast,1700,4-6,heavy,true,6,4.067
Gold Coast,1700,4-6,soft,4-6m,9,2.456
Gold Coast,1700,4-6,soft,7-9m,3,5.767
Gold Coast,1700,4-6,soft,true,21,3.724
Gold Coast,1700,7-9,dry,1-3m,3,3.767
Gold Coast,1700,7-9,dry,7-9m,3,2.9
Gold Coast,1700,7-9,dry,true,20,3.04
Gold Coast,1700,7-9,heavy,true,6,5.567
Gold Coast,1700,7-9,soft,4-6m,4,4.85
Gold Coast,1700,7-9,soft,7-9m,3,2.433
Gold Coast,1700,7-9,soft,true,15,5.127
Gold Coast,1800,1-3,dry,1-3m,12,3.567
Gold Coast,1800,1-3,dry,4-6m,15,3.587
Gold Coast,1800,1-3,dry,7-9m,29,3.248
Gold Coast,1800,1-3,dry,true,63,3.697
Gold Coast,1800,1-3,heavy,4-6m,3,4.5
Gold Coast,1800,1-3,heavy,true,6,5.95
Gold Coast,1800,1-3,soft,1-3m,6,2.067
Gold Coast,1800,1-3,soft,4-6m,39,3.518
Gold Coast,1800,1-3,soft,7-9m,27,4.011
Gold Coast,1800,1-3,soft,true,33,4.673
Gold Coast,1800,10-12,dry,1-3m,5,4.58
Gold Coast,1800,10-12,dry,4-6m,10,4.67
Gold Coast,1800,10-12,dry,7-9m,7,4.9
Gold Coast,1800,10-12,dry,true,36,5.872
Gold Coast,1800,10-12,heavy,4-6m,1,0.6
Gold Coast,1800,10-12,heavy,true,6,5.15
Gold Coast,1800,10-12,soft,1-3m,1,1.2
Gold Coast,1800,10-12,soft,4-6m,15,2.993
Gold Coast,1800,10-12,soft,7-9m,6,5.383
Gold Coast,1800,10-12,soft,true,21,5.733
Gold Coast,1800,13+,dry,1-3m,1,9.6
Gold Coast,1800,13+,dry,true,11,7.382
Gold Coast,1800,13+,heavy,true,2,3.15
Gold Coast,1800,13+,soft,4-6m,1,4.9
Gold Coast,1800,13+,soft,true,6,6.383
Gold Coast,1800,4-6,dry,1-3m,12,3.867
Gold Coast,1800,4-6,dry,4-6m,15,4.967
Gold Coast,1800,4-6,dry,7-9m,30,3.553
Gold Coast,1800,4-6,dry,true,63,4.049
Gold Coast,1800,4-6,heavy,4-6m,3,2.7
Gold Coast,1800,4-6,heavy,true,6,5.0
Gold Coast,1800,4-6,soft,1-3m,6,3.867
Gold Coast,1800,4-6,soft,4-6m,39,3.379
Gold Coast,1800,4-6,soft,7-9m,27,3.2
Gold Coast,1800,4-6,soft,true,33,4.682
Gold Coast,1800,7-9,dry,1-3m,12,4.308
Gold Coast,1800,7-9,dry,4-6m,15,3.227
Gold Coast,1800,7-9,dry,7-9m,28,3.636
Gold Coast,1800,7-9,dry,true,59,4.72
Gold Coast,1800,7-9,heavy,4-6m,3,7.667
Gold Coast,1800,7-9,heavy,true,6,7.15
Gold Coast,1800,7-9,soft,1-3m,6,4.983
Gold Coast,1800,7-9,soft,4-6m,30,3.753
Gold Coast,1800,7-9,soft,7-9m,21,3.133
Gold Coast,1800,7-9,soft,true,32,4.388
Gold Coast,2000,1-3,dry,1-3m,3,3.7
Gold Coast,2000,1-3,dry,true,3,3.733
Gold Coast,2000,1-3,heavy,true,3,5.867
Gold Coast,2000,1-3,soft,4-6m,3,4.967
Gold Coast,2000,1-3,soft,7-9m,2,3.3
Gold Coast,2000,1-3,soft,true,3,2.567
Gold Coast,2000,10-12,dry,1-3m,1,5.0
Gold Coast,2000,10-12,heavy,true,3,6.233
Gold Coast,2000,10-12,soft,true,1,6.2
Gold Coast,2000,4-6,dry,1-3m,3,1.2
Gold Coast,2000,4-6,dry,true,3,1.067
Gold Coast,2000,4-6,heavy,true,3,5.4
Gold Coast,2000,4-6,soft,4-6m,3,3.833
Gold Coast,2000,4-6,soft,7-9m,3,1.733
Gold Coast,2000,4-6,soft,true,3,1.533
Gold Coast,2000,7-9,dry,1-3m,3,3.9
Gold Coast,2000,7-9,dry,true,3,4.567
Gold Coast,2000,7-9,heavy,true,3,5.1
Gold Coast,2000,7-9,soft,4-6m,3,2.967
Gold Coast,2000,7-9,soft,7-9m,2,0.8
Gold Coast,2000,7-9,soft,true,3,4.9
Gold Coast,2200,1-3,dry,1-3m,9,4.3
Gold Coast,2200,1-3,dry,4-6m,6,3.333
Gold Coast,2200,1-3,dry,true,23,4.278
Gold Coast,2200,1-3,heavy,true,6,3.983
Gold Coast,2200,1-3,soft,1-3m,9,2.722
Gold Coast,2200,1-3,soft,4-6m,6,2.367
Gold Coast,2200,1-3,soft,7-9m,6,3.25
Gold Coast,2200,1-3,soft,true,12,3.608
Gold Coast,2200,10-12,dry,1-3m,6,7.433
Gold Coast,2200,10-12,dry,4-6m,2,9.15
Gold Coast,2200,10-12,dry,true,11,5.991
Gold Coast,2200,10-12,heavy,true,1,1.5
Gold Coast,2200,10-12,soft,1-3m,1,5.5
Gold Coast,2200,10-12,soft,4-6m,3,4.2
Gold Coast,2200,10-12,soft,7-9m,2,7.0
Gold Coast,2200,10-12,soft,true,3,4.467
Gold Coast,2200,13+,dry,1-3m,3,14.433
Gold Coast,2200,13+,dry,true,7,6.843
Gold Coast,2200,13+,soft,true,2,5.7
Gold Coast,2200,4-6,dry,1-3m,9,3.933
Gold Coast,2200,4-6,dry,4-6m,6,4.583
Gold Coast,2200,4-6,dry,true,23,5.226
Gold Coast,2200,4-6,heavy,true,6,2.65
Gold Coast,2200,4-6,soft,1-3m,9,3.211
Gold Coast,2200,4-6,soft,4-6m,6,4.833
Gold Coast,2200,4-6,soft,7-9m,6,3.45
Gold Coast,2200,4-6,soft,true,12,3.692
Gold Coast,2200,7-9,dry,1-3m,5,5.7
Gold Coast,2200,7-9,dry,4-6m,6,7.483
Gold Coast,2200,7-9,dry,true,19,5.153
Gold Coast,2200,7-9,heavy,true,6,2.567
Gold Coast,2200,7-9,soft,1-3m,8,3.962
Gold Coast,2200,7-9,soft,4-6m,5,4.72
Gold Coast,2200,7-9,soft,7-9m,5,2.52
Gold Coast,2200,7-9,soft,true,10,2.41
Gold Coast,2400,1-3,dry,7-9m,6,2.2
Gold Coast,2400,1-3,dry,true,6,4.15
Gold Coast,2400,1-3,heavy,true,3,3.033
Gold Coast,2400,1-3,soft,4-6m,3,2.633
Gold Coast,2400,10-12,dry,7-9m,2,2.35
Gold Coast,2400,10-12,dry,true,2,5.65
Gold Coast,2400,10-12,soft,4-6m,3,3.567
Gold Coast,2400,4-6,dry,7-9m,6,2.733
Gold Coast,2400,4-6,dry,true,6,4.767
Gold Coast,2400,4-6,heavy,true,3,5.267
Gold Coast,2400,4-6,soft,4-6m,3,3.6
Gold Coast,2400,7-9,dry,7-9m,6,4.0
Gold Coast,2400,7-9,dry,true,6,1.783
Gold Coast,2400,7-9,heavy,true,2,1.4
Gold Coast,2400,7-9,soft,4-6m,3,5.833
Gold Coast,3200,1-3,soft,4-6m,2,6.95
Gold Coast,3200,1-3,soft,true,5,4.14
Gold Coast,3200,4-6,soft,4-6m,2,1.6
Gold Coast,3200,4-6,soft,true,6,3.783
Gold Coast,3200,7-9,soft,4-6m,3,3.833
Gold Coast,3200,7-9,soft,true,5,3.98
Ipswich,800,1-3,dry,1-3m,15,2.253
Ipswich,800,1-3,dry,10m+,2,1.1
Ipswich,800,1-3,dry,4-6m,27,2.263
Ipswich,800,1-3,dry,7-9m,3,3.267
Ipswich,800,1-3,dry,true,12,1.508
Ipswich,800,1-3,heavy,7-9m,3,0.733
Ipswich,800,1-3,soft,10m+,6,1.7
Ipswich,800,1-3,soft,4-6m,24,1.796
Ipswich,800,1-3,soft,7-9m,15,2.2
Ipswich,800,1-3,soft,true,21,1.981
Ipswich,800,10-12,dry,1-3m,6,1.017
Ipswich,800,10-12,dry,4-6m,2,1.95
Ipswich,800,10-12,dry,true,2,1.95
Ipswich,800,10-12,soft,4-6m,6,1.233
Ipswich,800,10-12,soft,7-9m,3,3.567
Ipswich,800,13+,soft,4-6m,1,2.4
Ipswich,800,4-6,dry,1-3m,15,3.087
Ipswich,800,4-6,dry,10m+,2,1.2
Ipswich,800,4-6,dry,4-6m,24,2.25
Ipswich,800,4-6,dry,7-9m,3,0.767
Ipswich,800,4-6,dry,true,11,2.391
Ipswich,800,4-6,heavy,7-9m,2,1.65
Ipswich,800,4-6,soft,10m+,6,3.2
Ipswich,800,4-6,soft,4-6m,23,1.904
Ipswich,800,4-6,soft,7-9m,15,1.733
Ipswich,800,4-6,soft,true,21,2.143
Ipswich,800,7-9,dry,1-3m,14,1.414
Ipswich,800,7-9,dry,4-6m,15,1.993
Ipswich,800,7-9,dry,7-9m,2,4.1
Ipswich,800,7-9,dry,true,7,1.243
Ipswich,800,7-9,soft,10m+,6,0.717
Ipswich,800,7-9,soft,4-6m,14,2.071
Ipswich,800,7-9,soft,7-9m,13,2.054
Ipswich,800,7-9,soft,true,17,2.194
Ipswich,1100,1-3,dry,1-3m,47,2.213
Ipswich,1100,1-3,dry,10m+,7,2.343
Ipswich,1100,1-3,dry,4-6m,135,2.373
Ipswich,1100,1-3,dry,7-9m,25,2.476
Ipswich,1100,1-3,dry,true,66,2.612
Ipswich,1100,1-3,heavy,4-6m,15,2.473
Ipswich,1100,1-3,heavy,7-9m,13,2.477
Ipswich,1100,1-3,heavy,true,2,3.15
Ipswich,1100,1-3,soft,1-3m,17,2.876
Ipswich,1100,1-3,soft,10m+,52,2.852
Ipswich,1100,1-3,soft,4-6m,47,2.487
Ipswich,1100,1-3,soft,7-9m,38,3.037
Ipswich,1100,1-3,soft,true,45,2.149
Ipswich,1100,10-12,dry,1-3m,6,5.017
Ipswich,1100,10-12,dry,10m+,1,4.7
Ipswich,1100,10-12,dry,4-6m,22,4.114
Ipswich,1100,10-12,dry,7-9m,15,3.367
Ipswich,1100,10-12,dry,true,13,3.615
Ipswich,1100,10-12,heavy,4-6m,3,3.133
Ipswich,1100,10-12,heavy,true,3,4.767
Ipswich,1100,10-12,soft,1-3m,5,5.12
Ipswich,1100,10-12,soft,10m+,6,2.233
Ipswich,1100,10-12,soft,4-6m,10,3.63
Ipswich,1100,10-12,soft,7-9m,9,2.867
Ipswich,1100,10-12,soft,true,10,3.78
Ipswich,1100,13+,dry,1-3m,1,7.6
Ipswich,1100,4-6,dry,1-3m,48,2.881
Ipswich,1100,4-6,dry,10m+,8,1.612
Ipswich,1100,4-6,dry,4-6m,136,2.649
Ipswich,1100,4-6,dry,7-9m,26,2.831
Ipswich,1100,4-6,dry,true,67,2.258
Ipswich,1100,4-6,heavy,4-6m,14,2.857
Ipswich,1100,4-6,heavy,7-9m,15,3.38
Ipswich,1100,4-6,heavy,true,3,3.567
Ipswich,1100,4-6,soft,1-3m,17,2.447
Ipswich,1100,4-6,soft,10m+,58,2.433
Ipswich,1100,4-6,soft,4-6m,45,2.902
Ipswich,1100,4-6,soft,7-9m,41,2.334
Ipswich,1100,4-6,soft,true,45,3.102
Ipswich,1100,7-9,dry,1-3m,35,3.151
Ipswich,1100,7-9,dry,10m+,7,4.4
Ipswich,1100,7-9,dry,4-6m,91,2.927
Ipswich,1100,7-9,dry,7-9m,21,3.486
Ipswich,1100,7-9,dry,true,49,2.767
Ipswich,1100,7-9,heavy,4-6m,12,3.233
Ipswich,1100,7-9,heavy,7-9m,8,1.888
Ipswich,1100,7-9,heavy,true,3,2.133
Ipswich,1100,7-9,soft,1-3m,13,2.546
Ipswich,1100,7-9,soft,10m+,55,3.476
Ipswich,1100,7-9,soft,4-6m,37,3.443
Ipswich,1100,7-9,soft,7-9m,35,3.751
Ipswich,1100,7-9,soft,true,32,3.041
Ipswich,1200,1-3,dry,1-3m,32,2.684
Ipswich,1200,1-3,dry,10m+,36,2.978
Ipswich,1200,1-3,dry,4-6m,163,2.971
Ipswich,1200,1-3,dry,7-9m,38,2.713
Ipswich,1200,1-3,dry,true,77,3.147
Ipswich,1200,1-3,heavy,4-6m,23,3.483
Ipswich,1200,1-3,heavy,7-9m,33,2.152
Ipswich,1200,1-3,heavy,true,3,1.8
Ipswich,1200,1-3,soft,1-3m,21,2.567
Ipswich,1200,1-3,soft,10m+,51,2.543
Ipswich,1200,1-3,soft,4-6m,83,3.16
Ipswich,1200,1-3,soft,7-9m,62,2.969
Ipswich,1200,1-3,soft,true,40,2.478
Ipswich,1200,10-12,dry,1-3m,11,4.209
Ipswich,1200,10-12,dry,10m+,7,3.9
Ipswich,1200,10-12,dry,4-6m,72,4.317
Ipswich,1200,10-12,dry,7-9m,10,3.78
Ipswich,1200,10-12,dry,true,19,4.142
Ipswich,1200,10-12,heavy,4-6m,11,4.136
Ipswich,1200,10-12,heavy,7-9m,6,4.433
Ipswich,1200,10-12,soft,1-3m,14,4.171
Ipswich,1200,10-12,soft,10m+,5,4.68
Ipswich,1200,10-12,soft,4-6m,32,4.247
Ipswich,1200,10-12,soft,7-9m,24,3.917
Ipswich,1200,10-12,soft,true,16,4.944
Ipswich,1200,13+,dry,1-3m,1,2.0
Ipswich,1200,13+,dry,4-6m,8,3.925
Ipswich,1200,13+,soft,1-3m,2,9.2
Ipswich,1200,13+,soft,7-9m,1,7.6
Ipswich,1200,4-6,dry,1-3m,32,2.631
Ipswich,1200,4-6,dry,10m+,43,3.44
Ipswich,1200,4-6,dry,4-6m,167,3.246
Ipswich,1200,4-6,dry,7-9m,40,3.402
Ipswich,1200,4-6,dry,true,80,3.12
Ipswich,1200,4-6,heavy,4-6m,24,3.575
Ipswich,1200,4-6,heavy,7-9m,32,2.753
Ipswich,1200,4-6,heavy,true,3,3.467
Ipswich,1200,4-6,soft,1-3m,23,3.665
Ipswich,1200,4-6,soft,10m+,53,2.732
Ipswich,1200,4-6,soft,4-6m,87,3.136
Ipswich,1200,4-6,soft,7-9m,64,3.212
Ipswich,1200,4-6,soft,true,40,3.06
Ipswich,1200,7-9,dry,1-3m,24,3.392
Ipswich,1200,7-9,dry,10m+,36,3.386
Ipswich,1200,7-9,dry,4-6m,150,3.425
Ipswich,1200,7-9,dry,7-9m,36,3.983
Ipswich,1200,7-9,dry,true,60,3.137
Ipswich,1200,7-9,heavy,4-6m,22,3.332
Ipswich,1200,7-9,heavy,7-9m,20,2.915
Ipswich,1200,7-9,heavy,true,2,1.65
Ipswich,1200,7-9,soft,1-3m,19,4.911
Ipswich,1200,7-9,soft,10m+,29,3.745
Ipswich,1200,7-9,soft,4-6m,71,4.086
Ipswich,1200,7-9,soft,7-9m,61,3.344
Ipswich,1200,7-9,soft,true,33,3.827
Ipswich,1400,1-3,dry,1-3m,87,2.992
Ipswich,1400,1-3,dry,10m+,51,2.676
Ipswich,1400,1-3,dry,4-6m,214,3.458
Ipswich,1400,1-3,dry,7-9m,60,3.17
Ipswich,1400,1-3,dry,true,74,2.953
Ipswich,1400,1-3,heavy,4-6m,23,2.778
Ipswich,1400,1-3,heavy,7-9m,33,2.191
Ipswich,1400,1-3,heavy,true,9,4.333
Ipswich,1400,1-3,soft,1-3m,47,2.972
Ipswich,1400,1-3,soft,10m+,44,3.164
Ipswich,1400,1-3,soft,4-6m,86,3.038
Ipswich,1400,1-3,soft,7-9m,48,3.137
Ipswich,1400,1-3,soft,true,75,3.808
Ipswich,1400,10-12,dry,1-3m,36,4.744
Ipswich,1400,10-12,dry,10m+,5,6.36
Ipswich,1400,10-12,dry,4-6m,114,4.83
Ipswich,1400,10-12,dry,7-9m,29,4.666
Ipswich,1400,10-12,dry,true,44,3.491
Ipswich,1400,10-12,heavy,4-6m,11,4.6
Ipswich,1400,10-12,heavy,7-9m,3,8.4
Ipswich,1400,10-12,heavy,true,6,5.233
Ipswich,1400,10-12,soft,1-3m,28,3.979
Ipswich,1400,10-12,soft,10m+,7,4.686
Ipswich,1400,10-12,soft,4-6m,34,4.2
Ipswich,1400,10-12,soft,7-9m,18,6.778
Ipswich,1400,10-12,soft,true,41,5.832
Ipswich,1400,13+,dry,1-3m,7,4.614
Ipswich,1400,13+,dry,4-6m,30,4.8
Ipswich,1400,13+,dry,true,8,5.65
Ipswich,1400,13+,heavy,4-6m,2,1.7
Ipswich,1400,13+,heavy,true,3,2.433
Ipswich,1400,13+,soft,1-3m,9,4.411
Ipswich,1400,13+,soft,4-6m,5,6.0
Ipswich,1400,13+,soft,7-9m,2,3.3
Ipswich,1400,13+,soft,true,11,6.764
Ipswich,1400,4-6,dry,1-3m,89,3.587
Ipswich,1400,4-6,dry,10m+,53,4.332
Ipswich,1400,4-6,dry,4-6m,222,3.775
Ipswich,1400,4-6,dry,7-9m,72,3.983
Ipswich,1400,4-6,dry,true,73,3.77
Ipswich,1400,4-6,heavy,4-6m,24,3.762
Ipswich,1400,4-6,heavy,7-9m,32,3.113
Ipswich,1400,4-6,heavy,true,9,4.611
Ipswich,1400,4-6,soft,1-3m,46,3.546
Ipswich,1400,4-6,soft,10m+,48,3.46
Ipswich,1400,4-6,soft,4-6m,90,3.372
Ipswich,1400,4-6,soft,7-9m,50,3.26
Ipswich,1400,4-6,soft,true,77,3.968
Ipswich,1400,7-9,dry,1-3m,82,3.54
Ipswich,1400,7-9,dry,10m+,48,3.863
Ipswich,1400,7-9,dry,4-6m,200,4.311
Ipswich,1400,7-9,dry,7-9m,59,4.449
Ipswich,1400,7-9,dry,true,69,4.226
Ipswich,1400,7-9,heavy,4-6m,21,4.367
Ipswich,1400,7-9,heavy,7-9m,19,3.763
Ipswich,1400,7-9,heavy,true,9,3.922
Ipswich,1400,7-9,soft,1-3m,45,3.753
Ipswich,1400,7-9,soft,10m+,39,3.205
Ipswich,1400,7-9,soft,4-6m,76,4.411
Ipswich,1400,7-9,soft,7-9m,45,4.031
Ipswich,1400,7-9,soft,true,76,4.041
Ipswich,1500,1-3,dry,4-6m,9,2.1
Ipswich,1500,1-3,dry,true,6,4.25
Ipswich,1500,1-3,soft,1-3m,3,4.067
Ipswich,1500,10-12,dry,4-6m,2,6.25
Ipswich,1500,4-6,dry,4-6m,10,3.15
Ipswich,1500,4-6,dry,true,6,4.417
Ipswich,1500,4-6,soft,1-3m,2,2.8
Ipswich,1500,7-9,dry,4-6m,6,4.417
Ipswich,1500,7-9,dry,true,5,4.62
Ipswich,1500,7-9,soft,1-3m,3,4.933
Ipswich,1600,1-3,dry,true,3,1.433
Ipswich,1600,1-3,soft,true,3,6.067
Ipswich,1600,4-6,dry,true,3,2.967
Ipswich,1600,4-6,soft,true,3,3.7
Ipswich,1600,7-9,dry,true,1,4.4
Ipswich,1600,7-9,soft,true,3,2.067
Ipswich,1700,1-3,dry,1-3m,44,3.289
Ipswich,1700,1-3,dry,10m+,20,3.98
Ipswich,1700,1-3,dry,4-6m,158,3.641
Ipswich,1700,1-3,dry,7-9m,26,3.992
Ipswich,1700,1-3,dry,true,78,2.892
Ipswich,1700,1-3,heavy,4-6m,21,3.795
Ipswich,1700,1-3,heavy,7-9m,19,2.958
Ipswich,1700,1-3,heavy,true,6,3.267
Ipswich,1700,1-3,soft,1-3m,22,4.327
Ipswich,1700,1-3,soft,10m+,18,4.517
Ipswich,1700,1-3,soft,4-6m,75,3.584
Ipswich,1700,1-3,soft,7-9m,68,2.997
Ipswich,1700,1-3,soft,true,56,3.436
Ipswich,1700,10-12,dry,1-3m,14,5.7
Ipswich,1700,10-12,dry,10m+,7,5.4
Ipswich,1700,10-12,dry,4-6m,73,4.429
Ipswich,1700,10-12,dry,7-9m,11,4.936
Ipswich,1700,10-12,dry,true,31,5.545
Ipswich,1700,10-12,heavy,4-6m,8,3.475
Ipswich,1700,10-12,heavy,7-9m,2,2.25
Ipswich,1700,10-12,soft,1-3m,12,4.067
Ipswich,1700,10-12,soft,10m+,10,5.06
Ipswich,1700,10-12,soft,4-6m,23,5.161
Ipswich,1700,10-12,soft,7-9m,31,5.084
Ipswich,1700,10-12,soft,true,29,6.252
Ipswich,1700,13+,dry,1-3m,2,9.55
Ipswich,1700,13+,dry,4-6m,12,7.825
Ipswich,1700,13+,dry,true,8,7.825
Ipswich,1700,13+,heavy,4-6m,3,4.433
Ipswich,1700,13+,soft,4-6m,7,6.057
Ipswich,1700,13+,soft,true,7,9.329
Ipswich,1700,4-6,dry,1-3m,47,3.4
Ipswich,1700,4-6,dry,10m+,26,3.688
Ipswich,1700,4-6,dry,4-6m,161,3.62
Ipswich,1700,4-6,dry,7-9m,34,3.747
Ipswich,1700,4-6,dry,true,79,3.752
Ipswich,1700,4-6,heavy,4-6m,21,4.819
Ipswich,1700,4-6,heavy,7-9m,20,2.625
Ipswich,1700,4-6,heavy,true,5,3.64
Ipswich,1700,4-6,soft,1-3m,21,3.786
Ipswich,1700,4-6,soft,10m+,22,4.059
Ipswich,1700,4-6,soft,4-6m,74,4.018
Ipswich,1700,4-6,soft,7-9m,70,3.816
Ipswich,1700,4-6,soft,true,55,3.255
Ipswich,1700,7-9,dry,1-3m,37,4.165
Ipswich,1700,7-9,dry,10m+,17,3.529
Ipswich,1700,7-9,dry,4-6m,146,4.382
Ipswich,1700,7-9,dry,7-9m,25,3.796
Ipswich,1700,7-9,dry,true,62,4.468
Ipswich,1700,7-9,heavy,4-6m,17,3.865
Ipswich,1700,7-9,heavy,7-9m,7,3.843
Ipswich,1700,7-9,heavy,true,5,0.62
Ipswich,1700,7-9,soft,1-3m,21,4.624
Ipswich,1700,7-9,soft,10m+,20,3.715
Ipswich,1700,7-9,soft,4-6m,59,4.819
Ipswich,1700,7-9,soft,7-9m,63,4.625
Ipswich,1700,7-9,soft,true,49,4.629
Ipswich,2000,1-3,dry,1-3m,3,1.333
Ipswich,2000,1-3,dry,4-6m,5,2.66
Ipswich,2000,1-3,soft,1-3m,3,3.733
Ipswich,2000,1-3,soft,10m+,3,1.933
Ipswich,2000,1-3,soft,4-6m,3,3.433
Ipswich,2000,1-3,soft,7-9m,8,1.775
Ipswich,2000,1-3,soft,true,3,6.3
Ipswich,2000,10-12,dry,4-6m,1,5.9
Ipswich,2000,10-12,soft,1-3m,1,8.4
Ipswich,2000,10-12,soft,10m+,1,6.9
Ipswich,2000,10-12,soft,4-6m,1,7.2
Ipswich,2000,10-12,soft,true,1,12.4
Ipswich,2000,4-6,dry,1-3m,3,2.233
Ipswich,2000,4-6,dry,4-6m,5,3.0
Ipswich,2000,4-6,soft,1-3m,2,3.8
Ipswich,2000,4-6,soft,10m+,3,5.233
Ipswich,2000,4-6,soft,4-6m,3,5.233
Ipswich,2000,4-6,soft,7-9m,7,3.114
Ipswich,2000,4-6,soft,true,3,4.167
Ipswich,2000,7-9,dry,4-6m,3,1.933
Ipswich,2000,7-9,soft,1-3m,3,4.8
Ipswich,2000,7-9,soft,10m+,3,2.6
Ipswich,2000,7-9,soft,4-6m,3,2.7
Ipswich,2000,7-9,soft,7-9m,7,3.886
Ipswich,2000,7-9,soft,true,3,9.367
Ipswich,2100,1-3,soft,true,3,5.9
Ipswich,2100,4-6,soft,true,3,4.167
Ipswich,2100,7-9,soft,true,3,3.033
Ipswich,2200,1-3,dry,1-3m,15,2.72
Ipswich,2200,1-3,dry,10m+,6,2.983
Ipswich,2200,1-3,dry,4-6m,63,3.443
Ipswich,2200,1-3,dry,7-9m,8,3.288
Ipswich,2200,1-3,dry,true,18,3.206
Ipswich,2200,1-3,heavy,4-6m,6,3.233
Ipswich,2200,1-3,heavy,7-9m,10,2.17
Ipswich,2200,1-3,soft,1-3m,15,3.447
Ipswich,2200,1-3,soft,10m+,11,3.836
Ipswich,2200,1-3,soft,4-6m,24,3.608
Ipswich,2200,1-3,soft,7-9m,13,2.915
Ipswich,2200,1-3,soft,true,31,2.9
Ipswich,2200,10-12,dry,1-3m,3,8.4
Ipswich,2200,10-12,dry,10m+,4,1.6
Ipswich,2200,10-12,dry,4-6m,31,4.026
Ipswich,2200,10-12,dry,7-9m,2,4.25
Ipswich,2200,10-12,dry,true,8,5.612
Ipswich,2200,10-12,heavy,4-6m,3,6.5
Ipswich,2200,10-12,heavy,7-9m,7,4.971
Ipswich,2200,10-12,soft,1-3m,7,3.443
Ipswich,2200,10-12,soft,10m+,6,6.383
Ipswich,2200,10-12,soft,4-6m,13,4.585
Ipswich,2200,10-12,soft,7-9m,7,4.071
Ipswich,2200,10-12,soft,true,11,6.064
Ipswich,2200,13+,dry,1-3m,1,0.4
Ipswich,2200,13+,dry,4-6m,10,5.04
Ipswich,2200,13+,soft,4-6m,4,5.6
Ipswich,2200,13+,soft,true,7,4.586
Ipswich,2200,4-6,dry,1-3m,15,3.453
Ipswich,2200,4-6,dry,10m+,15,3.48
Ipswich,2200,4-6,dry,4-6m,68,4.146
Ipswich,2200,4-6,dry,7-9m,9,4.122
Ipswich,2200,4-6,dry,true,18,3.561
Ipswich,2200,4-6,heavy,4-6m,6,3.65
Ipswich,2200,4-6,heavy,7-9m,15,5.267
Ipswich,2200,4-6,soft,1-3m,14,3.186
Ipswich,2200,4-6,soft,10m+,17,4.247
Ipswich,2200,4-6,soft,4-6m,26,4.504
Ipswich,2200,4-6,soft,7-9m,21,3.933
Ipswich,2200,4-6,soft,true,33,4.542
Ipswich,2200,7-9,dry,1-3m,10,4.18
Ipswich,2200,7-9,dry,10m+,9,3.622
Ipswich,2200,7-9,dry,4-6m,56,4.995
Ipswich,2200,7-9,dry,7-9m,8,2.55
Ipswich,2200,7-9,dry,true,18,4.189
Ipswich,2200,7-9,heavy,4-6m,5,3.24
Ipswich,2200,7-9,heavy,7-9m,10,6.12
Ipswich,2200,7-9,soft,1-3m,13,6.085
Ipswich,2200,7-9,soft,10m+,15,3.427
Ipswich,2200,7-9,soft,4-6m,25,3.692
Ipswich,2200,7-9,soft,7-9m,20,3.98
Ipswich,2200,7-9,soft,true,27,3.47
Ipswich,2500,1-3,dry,4-6m,2,6.0
Ipswich,2500,1-3,soft,1-3m,3,1.6
Ipswich,2500,1-3,soft,4-6m,3,20.133
Ipswich,2500,10-12,dry,4-6m,6,5.867
Ipswich,2500,10-12,soft,1-3m,3,8.733
Ipswich,2500,13+,dry,4-6m,4,3.95
Ipswich,2500,13+,soft,1-3m,3,7.267
Ipswich,2500,4-6,dry,4-6m,6,5.7
Ipswich,2500,4-6,soft,1-3m,3,8.233
Ipswich,2500,4-6,soft,4-6m,3,16.3
Ipswich,2500,7-9,dry,4-6m,5,8.64
Ipswich,2500,7-9,soft,1-3m,3,3.767
Ipswich,2500,7-9,soft,4-6m,3,22.333
Kilcoy,800,1-3,dry,true,21,3.257
Kilcoy,800,1-3,soft,true,18,2.294
Kilcoy,800,10-12,dry,true,1,2.6
Kilcoy,800,10-12,soft,true,2,0.45
Kilcoy,800,4-6,dry,true,20,2.825
Kilcoy,800,4-6,soft,true,18,1.933
Kilcoy,800,7-9,dry,true,20,1.75
Kilcoy,800,7-9,soft,true,12,1.258
Kilcoy,1200,1-3,dry,true,52,2.846
Kilcoy,1200,1-3,heavy,true,9,2.322
Kilcoy,1200,1-3,soft,true,70,2.411
Kilcoy,1200,10-12,dry,true,22,2.5
Kilcoy,1200,10-12,heavy,true,5,5.02
Kilcoy,1200,10-12,soft,true,22,3.505
Kilcoy,1200,4-6,dry,true,53,4.011
Kilcoy,1200,4-6,heavy,true,9,4.022
Kilcoy,1200,4-6,soft,true,70,2.724
Kilcoy,1200,7-9,dry,true,48,3.646
Kilcoy,1200,7-9,heavy,true,8,5.625
Kilcoy,1200,7-9,soft,true,50,3.834
Kilcoy,1500,1-3,dry,true,36,4.756
Kilcoy,1500,1-3,soft,true,42,3.329
Kilcoy,1500,10-12,dry,true,7,4.914
Kilcoy,1500,10-12,soft,true,7,5.214
Kilcoy,1500,4-6,dry,true,36,4.375
Kilcoy,1500,4-6,soft,true,45,3.351
Kilcoy,1500,7-9,dry,true,35,4.286
Kilcoy,1500,7-9,soft,true,35,4.591
Kilcoy,1900,1-3,dry,true,14,3.179
Kilcoy,1900,1-3,heavy,true,3,4.0
Kilcoy,1900,1-3,soft,true,27,4.237
Kilcoy,1900,10-12,dry,true,7,6.229
Kilcoy,1900,10-12,heavy,true,1,0.9
Kilcoy,1900,10-12,soft,true,11,4.509
Kilcoy,1900,4-6,dry,true,15,4.607
Kilcoy,1900,4-6,heavy,true,3,2.267
Kilcoy,1900,4-6,soft,true,27,3.474
Kilcoy,1900,7-9,dry,true,15,4.753
Kilcoy,1900,7-9,heavy,true,3,4.367
Kilcoy,1900,7-9,soft,true,25,3.668
Mackay,1000,1-3,dry,1-3m,24,2.867
Mackay,1000,1-3,dry,true,93,2.113
Mackay,1000,1-3,soft,true,33,2.815
Mackay,1000,10-12,dry,1-3m,3,4.867
Mackay,1000,10-12,dry,true,18,3.856
Mackay,1000,10-12,soft,true,7,4.143
Mackay,1000,4-6,dry,1-3m,24,2.45
Mackay,1000,4-6,dry,true,90,2.658
Mackay,1000,4-6,soft,true,32,3.678
Mackay,1000,7-9,dry,1-3m,22,3.691
Mackay,1000,7-9,dry,true,65,2.909
Mackay,1000,7-9,soft,true,25,3.092
Mackay,1100,1-3,dry,1-3m,38,2.632
Mackay,1100,1-3,dry,4-6m,3,4.667
Mackay,1100,1-3,dry,true,230,2.39
Mackay,1100,1-3,heavy,true,3,1.367
Mackay,1100,1-3,soft,1-3m,18,2.144
Mackay,1100,1-3,soft,true,41,2.637
Mackay,1100,10-12,dry,1-3m,4,2.375
Mackay,1100,10-12,dry,4-6m,1,7.1
Mackay,1100,10-12,dry,true,77,4.379
Mackay,1100,10-12,soft,1-3m,1,0.0
Mackay,1100,10-12,soft,true,11,3.464
Mackay,1100,13+,dry,true,7,4.571
Mackay,1100,13+,soft,true,2,7.55
Mackay,1100,4-6,dry,1-3m,38,2.963
Mackay,1100,4-6,dry,4-6m,3,2.367
Mackay,1100,4-6,dry,true,227,3.017
Mackay,1100,4-6,heavy,true,3,3.2
Mackay,1100,4-6,soft,1-3m,17,2.735
Mackay,1100,4-6,soft,true,40,2.695
Mackay,1100,7-9,dry,1-3m,35,3.957
Mackay,1100,7-9,dry,4-6m,3,3.0
Mackay,1100,7-9,dry,true,186,3.271
Mackay,1100,7-9,heavy,true,2,1.6
Mackay,1100,7-9,soft,1-3m,10,3.17
Mackay,1100,7-9,soft,true,24,2.617
Mackay,1200,1-3,dry,1-3m,36,2.558
Mackay,1200,1-3,dry,4-6m,3,8.2
Mackay,1200,1-3,dry,true,196,2.827
Mackay,1200,1-3,heavy,true,9,1.911
Mackay,1200,1-3,soft,1-3m,18,3.094
Mackay,1200,1-3,soft,true,51,2.124
Mackay,1200,10-12,dry,1-3m,10,2.76
Mackay,1200,10-12,dry,4-6m,1,0.7
Mackay,1200,10-12,dry,true,58,4.829
Mackay,1200,10-12,soft,true,12,4.275
Mackay,1200,13+,dry,true,7,8.329
Mackay,1200,13+,soft,true,1,6.5
Mackay,1200,4-6,dry,1-3m,36,3.842
Mackay,1200,4-6,dry,4-6m,3,2.8
Mackay,1200,4-6,dry,true,198,3.035
Mackay,1200,4-6,heavy,true,9,2.611
Mackay,1200,4-6,soft,1-3m,18,2.161
Mackay,1200,4-6,soft,true,50,2.876
Mackay,1200,7-9,dry,1-3m,33,3.606
Mackay,1200,7-9,dry,4-6m,3,7.3
Mackay,1200,7-9,dry,true,140,3.914
Mackay,1200,7-9,heavy,true,6,3.683
Mackay,1200,7-9,soft,1-3m,7,5.0
Mackay,1200,7-9,soft,true,31,3.713
Mackay,1300,1-3,dry,1-3m,40,3.128
Mackay,1300,1-3,dry,4-6m,9,2.522
Mackay,1300,1-3,dry,true,211,3.25
Mackay,1300,1-3,heavy,true,3,1.4
Mackay,1300,1-3,soft,1-3m,12,3.1
Mackay,1300,1-3,soft,true,49,2.892
Mackay,1300,10-12,dry,1-3m,15,4.18
Mackay,1300,10-12,dry,4-6m,1,4.4
Mackay,1300,10-12,dry,true,82,4.109
Mackay,1300,10-12,soft,1-3m,3,7.267
Mackay,1300,10-12,soft,true,14,3.407
Mackay,1300,13+,dry,true,14,4.957
Mackay,1300,13+,soft,true,6,3.55
Mackay,1300,4-6,dry,1-3m,41,3.771
Mackay,1300,4-6,dry,4-6m,9,3.9
Mackay,1300,4-6,dry,true,212,3.276
Mackay,1300,4-6,heavy,true,3,1.5
Mackay,1300,4-6,soft,1-3m,11,3.218
Mackay,1300,4-6,soft,true,50,3.678
Mackay,1300,7-9,dry,1-3m,34,4.129
Mackay,1300,7-9,dry,4-6m,5,3.24
Mackay,1300,7-9,dry,true,178,3.722
Mackay,1300,7-9,soft,1-3m,8,3.4
Mackay,1300,7-9,soft,true,35,3.754
Mackay,1600,1-3,dry,1-3m,45,3.484
Mackay,1600,1-3,dry,4-6m,3,4.267
Mackay,1600,1-3,dry,true,186,2.987
Mackay,1600,1-3,heavy,true,3,2.367
Mackay,1600,1-3,soft,1-3m,9,3.022
Mackay,1600,1-3,soft,true,39,2.772
Mackay,1600,10-12,dry,1-3m,14,3.279
Mackay,1600,10-12,dry,true,39,5.862
Mackay,1600,10-12,soft,true,5,5.38
Mackay,1600,13+,dry,true,7,7.214
Mackay,1600,4-6,dry,1-3m,44,3.536
Mackay,1600,4-6,dry,4-6m,3,4.533
Mackay,1600,4-6,dry,true,183,3.348
Mackay,1600,4-6,heavy,true,3,1.467
Mackay,1600,4-6,soft,1-3m,9,4.344
Mackay,1600,4-6,soft,true,34,2.779
Mackay,1600,7-9,dry,1-3m,41,3.759
Mackay,1600,7-9,dry,4-6m,2,4.35
Mackay,1600,7-9,dry,true,119,4.341
Mackay,1600,7-9,soft,1-3m,7,1.871
Mackay,1600,7-9,soft,true,21,3.638
Mackay,1800,1-3,dry,1-3m,15,3.267
Mackay,1800,1-3,dry,4-6m,3,4.933
Mackay,1800,1-3,dry,true,73,3.993
Mackay,1800,1-3,heavy,true,3,2.433
Mackay,1800,1-3,soft,1-3m,5,6.18
Mackay,1800,1-3,soft,true,12,3.825
Mackay,1800,10-12,dry,1-3m,4,2.45
Mackay,1800,10-12,dry,4-6m,1,0.7
Mackay,1800,10-12,dry,true,22,5.282
Mackay,1800,10-12,soft,true,2,4.25
Mackay,1800,13+,dry,true,6,6.733
Mackay,1800,4-6,dry,1-3m,15,5.873
Mackay,1800,4-6,dry,4-6m,3,3.567
Mackay,1800,4-6,dry,true,70,4.257
Mackay,1800,4-6,heavy,true,3,1.5
Mackay,1800,4-6,soft,1-3m,6,5.217
Mackay,1800,4-6,soft,true,14,3.043
Mackay,1800,7-9,dry,1-3m,13,5.415
Mackay,1800,7-9,dry,4-6m,3,3.0
Mackay,1800,7-9,dry,true,52,4.892
Mackay,1800,7-9,soft,1-3m,1,1.9
Mackay,1800,7-9,soft,true,9,2.3
Mackay,2000,1-3,dry,1-3m,3,4.333
Mackay,2000,1-3,dry,true,32,4.328
Mackay,2000,1-3,soft,true,3,2.7
Mackay,2000,10-12,dry,true,18,7.906
Mackay,2000,13+,dry,true,6,4.467
Mackay,2000,4-6,dry,1-3m,3,0.933
Mackay,2000,4-6,dry,true,32,3.953
Mackay,2000,4-6,soft,true,3,2.6
Mackay,2000,7-9,dry,1-3m,1,4.3
Mackay,2000,7-9,dry,true,26,4.958
Moonee Valley,1000,1-3,dry,1-3m,12,2.292
Moonee Valley,1000,1-3,dry,4-6m,60,2.218
Moonee Valley,1000,1-3,dry,7-9m,24,1.671
Moonee Valley,1000,1-3,dry,true,102,1.609
Moonee Valley,1000,1-3,heavy,4-6m,3,1.333
Moonee Valley,1000,1-3,heavy,true,6,0.7
Moonee Valley,1000,1-3,soft,4-6m,11,2.818
Moonee Valley,1000,1-3,soft,7-9m,15,1.767
Moonee Valley,1000,1-3,soft,true,42,1.94
Moonee Valley,1000,10-12,dry,1-3m,1,0.0
Moonee Valley,1000,10-12,dry,4-6m,11,3.873
Moonee Valley,1000,10-12,dry,7-9m,1,0.7
Moonee Valley,1000,10-12,dry,true,19,2.874
Moonee Valley,1000,10-12,soft,4-6m,5,2.28
Moonee Valley,1000,10-12,soft,7-9m,2,2.75
Moonee Valley,1000,10-12,soft,true,11,2.682
Moonee Valley,1000,13+,dry,true,3,3.433
Moonee Valley,1000,13+,soft,true,1,0.5
Moonee Valley,1000,4-6,dry,1-3m,12,1.508
Moonee Valley,1000,4-6,dry,4-6m,59,2.129
Moonee Valley,1000,4-6,dry,7-9m,24,2.217
Moonee Valley,1000,4-6,dry,true,100,2.078
Moonee Valley,1000,4-6,heavy,4-6m,3,3.867
Moonee Valley,1000,4-6,heavy,true,6,1.217
Moonee Valley,1000,4-6,soft,4-6m,12,2.008
Moonee Valley,1000,4-6,soft,7-9m,15,1.393
Moonee Valley,1000,4-6,soft,true,42,1.671
Moonee Valley,1000,7-9,dry,1-3m,8,2.525
Moonee Valley,1000,7-9,dry,4-6m,44,2.045
Moonee Valley,1000,7-9,dry,7-9m,16,2.456
Moonee Valley,1000,7-9,dry,true,62,2.377
Moonee Valley,1000,7-9,heavy,true,2,2.3
Moonee Valley,1000,7-9,soft,4-6m,9,1.822
Moonee Valley,1000,7-9,soft,7-9m,15,2.167
Moonee Valley,1000,7-9,soft,true,33,2.097
Moonee Valley,1200,1-3,dry,1-3m,77,2.687
Moonee Valley,1200,1-3,dry,4-6m,158,2.563
Moonee Valley,1200,1-3,dry,7-9m,53,2.247
Moonee Valley,1200,1-3,dry,true,274,2.715
Moonee Valley,1200,1-3,heavy,4-6m,21,2.276
Moonee Valley,1200,1-3,heavy,true,9,2.078
Moonee Valley,1200,1-3,soft,1-3m,17,2.153
Moonee Valley,1200,1-3,soft,4-6m,24,2.15
Moonee Valley,1200,1-3,soft,7-9m,33,2.306
Moonee Valley,1200,1-3,soft,true,79,3.446
Moonee Valley,1200,10-12,dry,1-3m,28,4.236
Moonee Valley,1200,10-12,dry,4-6m,35,4.186
Moonee Valley,1200,10-12,dry,7-9m,7,3.743
Moonee Valley,1200,10-12,dry,true,62,4.656
Moonee Valley,1200,10-12,heavy,4-6m,3,7.667
Moonee Valley,1200,10-12,heavy,true,2,0.85
Moonee Valley,1200,10-12,soft,1-3m,7,3.6
Moonee Valley,1200,10-12,soft,4-6m,3,2.333
Moonee Valley,1200,10-12,soft,7-9m,6,4.633
Moonee Valley,1200,10-12,soft,true,39,5.497
Moonee Valley,1200,13+,dry,1-3m,2,6.15
Moonee Valley,1200,13+,dry,true,6,4.35
Moonee Valley,1200,13+,soft,1-3m,2,8.05
Moonee Valley,1200,13+,soft,true,5,5.62
Moonee Valley,1200,4-6,dry,1-3m,78,3.25
Moonee Valley,1200,4-6,dry,4-6m,161,2.845
Moonee Valley,1200,4-6,dry,7-9m,52,3.319
Moonee Valley,1200,4-6,dry,true,274,2.908
Moonee Valley,1200,4-6,heavy,4-6m,20,2.515
Moonee Valley,1200,4-6,heavy,true,9,2.956
Moonee Valley,1200,4-6,soft,1-3m,17,4.1
Moonee Valley,1200,4-6,soft,4-6m,24,2.746
Moonee Valley,1200,4-6,soft,7-9m,33,2.27
Moonee Valley,1200,4-6,soft,true,83,3.296
Moonee Valley,1200,7-9,dry,1-3m,54,3.315
Moonee Valley,1200,7-9,dry,4-6m,125,3.505
Moonee Valley,1200,7-9,dry,7-9m,40,3.265
Moonee Valley,1200,7-9,dry,true,216,3.902
Moonee Valley,1200,7-9,heavy,4-6m,11,3.464
Moonee Valley,1200,7-9,heavy,true,7,4.4
Moonee Valley,1200,7-9,soft,1-3m,16,3.919
Moonee Valley,1200,7-9,soft,4-6m,13,3.985
Moonee Valley,1200,7-9,soft,7-9m,24,3.454
Moonee Valley,1200,7-9,soft,true,71,3.952
Moonee Valley,1500,1-3,dry,1-3m,24,3.321
Moonee Valley,1500,1-3,dry,4-6m,45,3.571
Moonee Valley,1500,1-3,dry,7-9m,3,0.8
Moonee Valley,1500,1-3,dry,true,57,4.116
Moonee Valley,1500,1-3,heavy,4-6m,9,3.2
Moonee Valley,1500,1-3,soft,4-6m,12,3.175
Moonee Valley,1500,1-3,soft,7-9m,3,0.8
Moonee Valley,1500,1-3,soft,true,12,3.342
Moonee Valley,1500,10-12,dry,1-3m,7,4.2
Moonee Valley,1500,10-12,dry,4-6m,5,6.72
Moonee Valley,1500,10-12,dry,true,13,6.346
Moonee Valley,1500,10-12,heavy,4-6m,1,5.8
Moonee Valley,1500,10-12,soft,true,1,1.9
Moonee Valley,1500,4-6,dry,1-3m,24,2.846
Moonee Valley,1500,4-6,dry,4-6m,44,3.075
Moonee Valley,1500,4-6,dry,7-9m,3,2.567
Moonee Valley,1500,4-6,dry,true,57,4.477
Moonee Valley,1500,4-6,heavy,4-6m,9,3.711
Moonee Valley,1500,4-6,soft,4-6m,12,3.017
Moonee Valley,1500,4-6,soft,7-9m,3,3.667
Moonee Valley,1500,4-6,soft,true,12,3.317
Moonee Valley,1500,7-9,dry,1-3m,22,4.023
Moonee Valley,1500,7-9,dry,4-6m,37,4.724
Moonee Valley,1500,7-9,dry,7-9m,2,2.6
Moonee Valley,1500,7-9,dry,true,42,5.545
Moonee Valley,1500,7-9,heavy,4-6m,7,2.129
Moonee Valley,1500,7-9,soft,4-6m,5,5.66
Moonee Valley,1500,7-9,soft,7-9m,1,2.1
Moonee Valley,1500,7-9,soft,true,7,5.829
Moonee Valley,1600,1-3,dry,1-3m,22,2.564
Moonee Valley,1600,1-3,dry,4-6m,92,2.597
Moonee Valley,1600,1-3,dry,7-9m,33,2.533
Moonee Valley,1600,1-3,dry,true,172,3.136
Moonee Valley,1600,1-3,heavy,4-6m,12,2.942
Moonee Valley,1600,1-3,heavy,true,9,3.0
Moonee Valley,1600,1-3,soft,1-3m,18,3.783
Moonee Valley,1600,1-3,soft,4-6m,12,3.467
Moonee Valley,1600,1-3,soft,7-9m,23,3.491
Moonee Valley,1600,1-3,soft,true,81,3.3
Moonee Valley,1600,10-12,dry,1-3m,5,4.46
Moonee Valley,1600,10-12,dry,4-6m,17,4.088
Moonee Valley,1600,10-12,dry,7-9m,5,3.4
Moonee Valley,1600,10-12,dry,true,41,4.515
Moonee Valley,1600,10-12,heavy,4-6m,3,1.733
Moonee Valley,1600,10-12,soft,1-3m,9,5.667
Moonee Valley,1600,10-12,soft,4-6m,9,2.311
Moonee Valley,1600,10-12,soft,7-9m,3,6.567
Moonee Valley,1600,10-12,soft,true,29,4.11
Moonee Valley,1600,13+,dry,1-3m,2,4.95
Moonee Valley,1600,13+,dry,true,11,5.2
Moonee Valley,1600,13+,soft,1-3m,3,11.633
Moonee Valley,1600,13+,soft,true,8,6.388
Moonee Valley,1600,4-6,dry,1-3m,24,3.783
Moonee Valley,1600,4-6,dry,4-6m,93,3.573
Moonee Valley,1600,4-6,dry,7-9m,33,2.915
Moonee Valley,1600,4-6,dry,true,171,3.511
Moonee Valley,1600,4-6,heavy,4-6m,12,3.65
Moonee Valley,1600,4-6,heavy,true,9,4.2
Moonee Valley,1600,4-6,soft,1-3m,17,4.129
Moonee Valley,1600,4-6,soft,4-6m,12,2.967
Moonee Valley,1600,4-6,soft,7-9m,24,2.788
Moonee Valley,1600,4-6,soft,true,80,3.475
Moonee Valley,1600,7-9,dry,1-3m,17,5.253
Moonee Valley,1600,7-9,dry,4-6m,64,3.991
Moonee Valley,1600,7-9,dry,7-9m,25,3.536
Moonee Valley,1600,7-9,dry,true,137,3.985
Moonee Valley,1600,7-9,heavy,4-6m,9,3.222
Moonee Valley,1600,7-9,heavy,true,8,4.275
Moonee Valley,1600,7-9,soft,1-3m,14,5.157
Moonee Valley,1600,7-9,soft,4-6m,12,4.192
Moonee Valley,1600,7-9,soft,7-9m,17,3.506
Moonee Valley,1600,7-9,soft,true,65,3.343
Moonee Valley,2000,1-3,dry,1-3m,30,2.503
Moonee Valley,2000,1-3,dry,4-6m,69,2.777
Moonee Valley,2000,1-3,dry,7-9m,15,4.14
Moonee Valley,2000,1-3,dry,true,158,3.353
Moonee Valley,2000,1-3,heavy,4-6m,9,1.656
Moonee Valley,2000,1-3,heavy,true,6,3.25
Moonee Valley,2000,1-3,soft,1-3m,9,2.067
Moonee Valley,2000,1-3,soft,4-6m,9,2.344
Moonee Valley,2000,1-3,soft,7-9m,15,3.6
Moonee Valley,2000,1-3,soft,true,48,2.812
Moonee Valley,2000,10-12,dry,1-3m,4,5.925
Moonee Valley,2000,10-12,dry,4-6m,18,5.628
Moonee Valley,2000,10-12,dry,7-9m,2,8.35
Moonee Valley,2000,10-12,dry,true,53,4.325
Moonee Valley,2000,10-12,heavy,4-6m,1,4.5
Moonee Valley,2000,10-12,heavy,true,3,5.333
Moonee Valley,2000,10-12,soft,1-3m,4,5.45
Moonee Valley,2000,10-12,soft,4-6m,4,5.575
Moonee Valley,2000,10-12,soft,7-9m,1,8.0
Moonee Valley,2000,10-12,soft,true,17,5.476
Moonee Valley,2000,13+,dry,true,8,5.062
Moonee Valley,2000,13+,soft,1-3m,1,7.8
Moonee Valley,2000,13+,soft,true,2,4.55
Moonee Valley,2000,4-6,dry,1-3m,30,3.597
Moonee Valley,2000,4-6,dry,4-6m,68,3.538
Moonee Valley,2000,4-6,dry,7-9m,15,2.8
Moonee Valley,2000,4-6,dry,true,157,3.822
Moonee Valley,2000,4-6,heavy,4-6m,9,2.144
Moonee Valley,2000,4-6,heavy,true,6,3.183
Moonee Valley,2000,4-6,soft,1-3m,9,3.233
Moonee Valley,2000,4-6,soft,4-6m,9,2.333
Moonee Valley,2000,4-6,soft,7-9m,15,2.86
Moonee Valley,2000,4-6,soft,true,48,3.412
Moonee Valley,2000,7-9,dry,1-3m,25,4.436
Moonee Valley,2000,7-9,dry,4-6m,57,4.212
Moonee Valley,2000,7-9,dry,7-9m,15,4.067
Moonee Valley,2000,7-9,dry,true,124,3.744
Moonee Valley,2000,7-9,heavy,4-6m,6,3.883
Moonee Valley,2000,7-9,heavy,true,6,4.167
Moonee Valley,2000,7-9,soft,1-3m,8,5.0
Moonee Valley,2000,7-9,soft,4-6m,7,4.329
Moonee Valley,2000,7-9,soft,7-9m,13,3.585
Moonee Valley,2000,7-9,soft,true,41,3.61
Moonee Valley,2500,1-3,dry,1-3m,9,2.733
Moonee Valley,2500,1-3,dry,4-6m,27,2.148
Moonee Valley,2500,1-3,dry,7-9m,9,2.1
Moonee Valley,2500,1-3,dry,true,45,2.813
Moonee Valley,2500,1-3,heavy,4-6m,3,2.5
Moonee Valley,2500,1-3,heavy,true,3,3.2
Moonee Valley,2500,1-3,soft,1-3m,8,2.738
Moonee Valley,2500,1-3,soft,4-6m,9,4.022
Moonee Valley,2500,1-3,soft,true,15,3.207
Moonee Valley,2500,10-12,dry,1-3m,5,5.46
Moonee Valley,2500,10-12,dry,4-6m,10,4.25
Moonee Valley,2500,10-12,dry,true,18,5.233
Moonee Valley,2500,10-12,heavy,true,3,2.7
Moonee Valley,2500,10-12,soft,1-3m,7,3.543
Moonee Valley,2500,10-12,soft,4-6m,1,5.0
Moonee Valley,2500,10-12,soft,true,9,6.167
Moonee Valley,2500,13+,dry,4-6m,1,7.1
Moonee Valley,2500,13+,dry,true,4,3.975
Moonee Valley,2500,13+,soft,true,3,10.267
Moonee Valley,2500,4-6,dry,1-3m,9,3.389
Moonee Valley,2500,4-6,dry,4-6m,27,2.689
Moonee Valley,2500,4-6,dry,7-9m,9,2.1
Moonee Valley,2500,4-6,dry,true,45,3.364
Moonee Valley,2500,4-6,heavy,4-6m,3,3.733
Moonee Valley,2500,4-6,heavy,true,3,4.867
Moonee Valley,2500,4-6,soft,1-3m,8,2.075
Moonee Valley,2500,4-6,soft,4-6m,9,3.111
Moonee Valley,2500,4-6,soft,true,15,3.453
Moonee Valley,2500,7-9,dry,1-3m,6,5.417
Moonee Valley,2500,7-9,dry,4-6m,27,3.278
Moonee Valley,2500,7-9,dry,7-9m,3,4.233
Moonee Valley,2500,7-9,dry,true,38,3.766
Moonee Valley,2500,7-9,heavy,4-6m,3,6.733
Moonee Valley,2500,7-9,heavy,true,3,5.6
Moonee Valley,2500,7-9,soft,1-3m,9,4.289
Moonee Valley,2500,7-9,soft,4-6m,6,5.767
Moonee Valley,2500,7-9,soft,true,14,5.243
Moonee Valley,3000,1-3,dry,1-3m,6,2.35
Moonee Valley,3000,1-3,dry,4-6m,21,2.705
Moonee Valley,3000,1-3,dry,7-9m,6,2.883
Moonee Valley,3000,1-3,dry,true,14,2.929
Moonee Valley,3000,1-3,soft,7-9m,4,1.975
Moonee Valley,3000,10-12,dry,1-3m,3,5.033
Moonee Valley,3000,10-12,dry,4-6m,6,2.3
Moonee Valley,3000,10-12,dry,7-9m,1,0.9
Moonee Valley,3000,10-12,dry,true,4,4.6
Moonee Valley,3000,10-12,soft,7-9m,1,3.1
Moonee Valley,3000,13+,dry,true,2,6.0
Moonee Valley,3000,4-6,dry,1-3m,6,2.233
Moonee Valley,3000,4-6,dry,4-6m,21,3.162
Moonee Valley,3000,4-6,dry,7-9m,5,3.96
Moonee Valley,3000,4-6,dry,true,15,2.573
Moonee Valley,3000,4-6,soft,7-9m,5,2.74
Moonee Valley,3000,7-9,dry,1-3m,5,2.86
Moonee Valley,3000,7-9,dry,4-6m,14,4.586
Moonee Valley,3000,7-9,dry,7-9m,6,4.05
Moonee Valley,3000,7-9,dry,true,14,3.007
Moonee Valley,3000,7-9,soft,7-9m,4,3.125
Mornington,1000,1-3,dry,1-3m,9,1.589
Mornington,1000,1-3,dry,7-9m,21,1.824
Mornington,1000,1-3,dry,true,30,1.84
Mornington,1000,1-3,heavy,true,3,1.833
Mornington,1000,1-3,soft,4-6m,27,1.867
Mornington,1000,1-3,soft,7-9m,12,1.783
Mornington,1000,1-3,soft,true,3,1.5
Mornington,1000,10-12,dry,true,5,3.46
Mornington,1000,10-12,heavy,true,3,1.267
Mornington,1000,10-12,soft,4-6m,5,4.46
Mornington,1000,10-12,soft,true,2,2.2
Mornington,1000,4-6,dry,1-3m,9,2.1
Mornington,1000,4-6,dry,7-9m,21,1.981
Mornington,1000,4-6,dry,true,30,1.843
Mornington,1000,4-6,heavy,true,3,2.367
Mornington,1000,4-6,soft,4-6m,27,1.881
Mornington,1000,4-6,soft,7-9m,12,2.092
Mornington,1000,4-6,soft,true,3,0.367
Mornington,1000,7-9,dry,1-3m,6,4.183
Mornington,1000,7-9,dry,7-9m,17,1.976
Mornington,1000,7-9,dry,true,20,2.22
Mornington,1000,7-9,heavy,true,3,1.867
Mornington,1000,7-9,soft,4-6m,22,2.855
Mornington,1000,7-9,soft,7-9m,10,2.84
Mornington,1000,7-9,soft,true,3,3.3
Mornington,1200,1-3,dry,1-3m,12,2.317
Mornington,1200,1-3,dry,4-6m,12,2.467
Mornington,1200,1-3,dry,7-9m,30,2.403
Mornington,1200,1-3,dry,true,45,2.973
Mornington,1200,1-3,heavy,true,6,2.7
Mornington,1200,1-3,soft,4-6m,24,1.892
Mornington,1200,1-3,soft,7-9m,15,2.067
Mornington,1200,1-3,soft,true,6,2.817
Mornington,1200,10-12,dry,1-3m,2,3.9
Mornington,1200,10-12,dry,4-6m,1,0.2
Mornington,1200,10-12,dry,7-9m,10,5.68
Mornington,1200,10-12,dry,true,14,3.557
Mornington,1200,10-12,heavy,true,2,2.95
Mornington,1200,10-12,soft,4-6m,9,3.767
Mornington,1200,10-12,soft,7-9m,5,2.3
Mornington,1200,10-12,soft,true,2,5.3
Mornington,1200,13+,dry,true,1,6.4
Mornington,1200,13+,soft,4-6m,2,5.45
Mornington,1200,4-6,dry,1-3m,12,2.642
Mornington,1200,4-6,dry,4-6m,12,3.242
Mornington,1200,4-6,dry,7-9m,30,3.493
Mornington,1200,4-6,dry,true,44,3.205
Mornington,1200,4-6,heavy,true,6,2.017
Mornington,1200,4-6,soft,4-6m,24,2.662
Mornington,1200,4-6,soft,7-9m,15,2.607
Mornington,1200,4-6,soft,true,6,2.5
Mornington,1200,7-9,dry,1-3m,8,5.075
Mornington,1200,7-9,dry,4-6m,7,3.343
Mornington,1200,7-9,dry,7-9m,24,2.858
Mornington,1200,7-9,dry,true,38,3.774
Mornington,1200,7-9,heavy,true,6,3.467
Mornington,1200,7-9,soft,4-6m,20,2.41
Mornington,1200,7-9,soft,7-9m,12,4.133
Mornington,1200,7-9,soft,true,6,1.833
Mornington,1500,1-3,dry,1-3m,9,3.689
Mornington,1500,1-3,dry,4-6m,3,2.567
Mornington,1500,1-3,dry,7-9m,30,2.963
Mornington,1500,1-3,dry,true,6,3.633
Mornington,1500,1-3,soft,4-6m,12,2.583
Mornington,1500,1-3,soft,7-9m,9,4.622
Mornington,1500,10-12,dry,1-3m,3,9.267
Mornington,1500,10-12,dry,7-9m,13,4.862
Mornington,1500,10-12,dry,true,4,5.75
Mornington,1500,10-12,soft,4-6m,10,5.07
Mornington,1500,10-12,soft,7-9m,5,4.78
Mornington,1500,13+,dry,1-3m,1,0.0
Mornington,1500,13+,dry,true,1,7.8
Mornington,1500,4-6,dry,1-3m,9,5.544
Mornington,1500,4-6,dry,4-6m,3,1.367
Mornington,1500,4-6,dry,7-9m,30,4.213
Mornington,1500,4-6,dry,true,6,3.867
Mornington,1500,4-6,soft,4-6m,12,3.067
Mornington,1500,4-6,soft,7-9m,9,4.6
Mornington,1500,7-9,dry,1-3m,6,3.317
Mornington,1500,7-9,dry,4-6m,3,4.667
Mornington,1500,7-9,dry,7-9m,25,3.672
Mornington,1500,7-9,dry,true,6,5.233
Mornington,1500,7-9,soft,4-6m,12,5.217
Mornington,1500,7-9,soft,7-9m,8,5.788
Mornington,1600,1-3,dry,true,25,3.368
Mornington,1600,1-3,soft,true,3,2.033
Mornington,1600,10-12,dry,true,5,3.78
Mornington,1600,10-12,soft,true,2,5.9
Mornington,1600,4-6,dry,true,27,3.293
Mornington,1600,4-6,soft,true,3,3.5
Mornington,1600,7-9,dry,true,19,4.147
Mornington,1600,7-9,soft,true,3,2.4
Mornington,2000,1-3,dry,1-3m,9,3.633
Mornington,2000,1-3,dry,4-6m,3,1.367
Mornington,2000,1-3,dry,7-9m,9,2.633
Mornington,2000,1-3,dry,true,12,4.15
Mornington,2000,1-3,soft,4-6m,6,8.217
Mornington,2000,1-3,soft,7-9m,3,1.433
Mornington,2000,1-3,soft,true,3,4.533
Mornington,2000,10-12,dry,1-3m,2,4.55
Mornington,2000,10-12,dry,4-6m,1,6.3
Mornington,2000,10-12,dry,7-9m,4,3.35
Mornington,2000,10-12,dry,true,3,5.033
Mornington,2000,10-12,soft,4-6m,6,12.617
Mornington,2000,10-12,soft,7-9m,3,4.233
Mornington,2000,10-12,soft,true,2,5.65
Mornington,2000,13+,soft,4-6m,2,10.55
Mornington,2000,13+,soft,7-9m,1,7.3
Mornington,2000,4-6,dry,1-3m,9,3.356
Mornington,2000,4-6,dry,4-6m,3,3.233
Mornington,2000,4-6,dry,7-9m,9,4.244
Mornington,2000,4-6,dry,true,12,3.0
Mornington,2000,4-6,soft,4-6m,6,9.683
Mornington,2000,4-6,soft,7-9m,3,3.667
Mornington,2000,4-6,soft,true,3,1.4
Mornington,2000,7-9,dry,1-3m,5,3.32
Mornington,2000,7-9,dry,4-6m,3,5.167
Mornington,2000,7-9,dry,7-9m,6,3.8
Mornington,2000,7-9,dry,true,10,3.65
Mornington,2000,7-9,soft,4-6m,6,7.167
Mornington,2000,7-9,soft,7-9m,3,3.9
Mornington,2000,7-9,soft,true,3,1.967
Mornington,2400,1-3,dry,1-3m,3,3.833
Mornington,2400,1-3,dry,true,12,4.008
Mornington,2400,1-3,soft,4-6m,3,1.1
Mornington,2400,10-12,dry,true,5,2.96
Mornington,2400,13+,dry,true,2,5.75
Mornington,2400,4-6,dry,1-3m,3,1.3
Mornington,2400,4-6,dry,true,12,3.117
Mornington,2400,4-6,soft,4-6m,3,5.433
Mornington,2400,7-9,dry,1-3m,1,4.2
Mornington,2400,7-9,dry,true,10,4.69
Mornington,2400,7-9,soft,4-6m,2,5.35
Mornington,3000,1-3,dry,4-6m,3,3.267
Mornington,3000,4-6,dry,4-6m,3,1.333
Mornington,3000,7-9,dry,4-6m,1,2.3
Morphettville,1000,1-3,dry,1-3m,12,1.925
Morphettville,1000,1-3,dry,10m+,30,1.7
Morphettville,1000,1-3,dry,4-6m,63,2.717
Morphettville,1000,1-3,dry,7-9m,30,2.65
Morphettville,1000,1-3,dry,true,57,2.093
Morphettville,1000,1-3,heavy,true,12,2.65
Morphettville,1000,1-3,soft,1-3m,6,3.2
Morphettville,1000,1-3,soft,10m+,30,1.953
Morphettville,1000,1-3,soft,4-6m,15,2.94
Morphettville,1000,1-3,soft,7-9m,21,1.857
Morphettville,1000,1-3,soft,true,15,1.567
Morphettville,1000,10-12,dry,1-3m,5,2.44
Morphettville,1000,10-12,dry,10m+,12,3.958
Morphettville,1000,10-12,dry,4-6m,31,2.648
Morphettville,1000,10-12,dry,7-9m,16,3.575
Morphettville,1000,10-12,dry,true,23,3.365
Morphettville,1000,10-12,heavy,true,9,2.467
Morphettville,1000,10-12,soft,1-3m,5,1.34
Morphettville,1000,10-12,soft,10m+,18,2.283
Morphettville,1000,10-12,soft,4-6m,13,2.515
Morphettville,1000,10-12,soft,7-9m,14,2.986
Morphettville,1000,10-12,soft,true,9,2.467
Morphettville,1000,13+,dry,1-3m,3,2.267
Morphettville,1000,13+,dry,10m+,1,2.5
Morphettville,1000,13+,dry,4-6m,8,3.488
Morphettville,1000,13+,dry,7-9m,3,3.533
Morphettville,1000,13+,dry,true,4,3.875
Morphettville,1000,13+,heavy,true,3,1.9
Morphettville,1000,13+,soft,10m+,3,5.133
Morphettville,1000,13+,soft,4-6m,1,4.6
Morphettville,1000,13+,soft,7-9m,6,4.567
Morphettville,1000,13+,soft,true,4,4.6
Morphettville,1000,4-6,dry,1-3m,12,2.458
Morphettville,1000,4-6,dry,10m+,30,2.277
Morphettville,1000,4-6,dry,4-6m,63,2.87
Morphettville,1000,4-6,dry,7-9m,30,2.113
Morphettville,1000,4-6,dry,true,56,2.148
Morphettville,1000,4-6,heavy,true,12,2.933
Morphettville,1000,4-6,soft,1-3m,6,2.633
Morphettville,1000,4-6,soft,10m+,30,2.34
Morphettville,1000,4-6,soft,4-6m,15,2.36
Morphettville,1000,4-6,soft,7-9m,21,2.481
Morphettville,1000,4-6,soft,true,15,2.747
Morphettville,1000,7-9,dry,1-3m,11,2.636
Morphettville,1000,7-9,dry,10m+,25,2.72
Morphettville,1000,7-9,dry,4-6m,58,3.017
Morphettville,1000,7-9,dry,7-9m,26,3.523
Morphettville,1000,7-9,dry,true,43,2.879
Morphettville,1000,7-9,heavy,true,10,1.9
Morphettville,1000,7-9,soft,1-3m,6,3.45
Morphettville,1000,7-9,soft,10m+,26,2.896
Morphettville,1000,7-9,soft,4-6m,15,2.933
Morphettville,1000,7-9,soft,7-9m,21,3.314
Morphettville,1000,7-9,soft,true,12,3.367
Morphettville,1100,1-3,dry,1-3m,3,3.0
Morphettville,1100,1-3,dry,10m+,18,3.717
Morphettville,1100,1-3,dry,4-6m,24,2.475
Morphettville,1100,1-3,dry,7-9m,26,3.15
Morphettville,1100,1-3,dry,true,54,2.494
Morphettville,1100,1-3,heavy,true,6,1.65
Morphettville,1100,1-3,soft,10m+,39,2.621
Morphettville,1100,1-3,soft,7-9m,18,1.767
Morphettville,1100,1-3,soft,true,9,3.256
Morphettville,1100,10-12,dry,1-3m,2,0.35
Morphettville,1100,10-12,dry,10m+,8,4.462
Morphettville,1100,10-12,dry,4-6m,8,2.775
Morphettville,1100,10-12,dry,7-9m,12,3.842
Morphettville,1100,10-12,dry,true,28,4.343
Morphettville,1100,10-12,heavy,true,6,3.717
Morphettville,1100,10-12,soft,10m+,25,3.156
Morphettville,1100,10-12,soft,7-9m,12,4.925
Morphettville,1100,10-12,soft,true,7,3.043
Morphettville,1100,13+,dry,10m+,2,8.35
Morphettville,1100,13+,dry,7-9m,2,3.8
Morphettville,1100,13+,dry,true,13,4.562
Morphettville,1100,13+,heavy,true,4,3.675
Morphettville,1100,13+,soft,10m+,6,4.017
Morphettville,1100,13+,soft,7-9m,3,4.5
Morphettville,1100,13+,soft,true,2,0.25
Morphettville,1100,4-6,dry,1-3m,3,1.967
Morphettville,1100,4-6,dry,10m+,18,3.356
Morphettville,1100,4-6,dry,4-6m,24,2.517
Morphettville,1100,4-6,dry,7-9m,27,3.0
Morphettville,1100,4-6,dry,true,54,2.996
Morphettville,1100,4-6,heavy,true,6,2.967
Morphettville,1100,4-6,soft,10m+,38,2.742
Morphettville,1100,4-6,soft,7-9m,18,2.0
Morphettville,1100,4-6,soft,true,9,2.756
Morphettville,1100,7-9,dry,1-3m,3,2.333
Morphettville,1100,7-9,dry,10m+,15,2.947
Morphettville,1100,7-9,dry,4-6m,19,2.868
Morphettville,1100,7-9,dry,7-9m,26,3.362
Morphettville,1100,7-9,dry,true,47,3.657
Morphettville,1100,7-9,heavy,true,6,2.183
Morphettville,1100,7-9,soft,10m+,35,3.203
Morphettville,1100,7-9,soft,7-9m,15,2.933
Morphettville,1100,7-9,soft,true,9,3.822
Morphettville,1200,1-3,dry,1-3m,12,1.967
Morphettville,1200,1-3,dry,10m+,51,2.169
Morphettville,1200,1-3,dry,4-6m,63,2.786
Morphettville,1200,1-3,dry,7-9m,29,2.176
Morphettville,1200,1-3,dry,true,93,2.748
Morphettville,1200,1-3,heavy,true,12,2.292
Morphettville,1200,1-3,soft,1-3m,3,2.5
Morphettville,1200,1-3,soft,10m+,33,2.709
Morphettville,1200,1-3,soft,4-6m,12,3.458
Morphettville,1200,1-3,soft,7-9m,45,2.984
Morphettville,1200,1-3,soft,true,30,3.02
Morphettville,1200,10-12,dry,1-3m,9,4.933
Morphettville,1200,10-12,dry,10m+,25,3.476
Morphettville,1200,10-12,dry,4-6m,47,3.915
Morphettville,1200,10-12,dry,7-9m,18,4.261
Morphettville,1200,10-12,dry,true,63,3.551
Morphettville,1200,10-12,heavy,true,8,4.6
Morphettville,1200,10-12,soft,1-3m,3,4.133
Morphettville,1200,10-12,soft,10m+,27,3.385
Morphettville,1200,10-12,soft,4-6m,11,2.445
Morphettville,1200,10-12,soft,7-9m,33,3.639
Morphettville,1200,10-12,soft,true,17,4.371
Morphettville,1200,13+,dry,1-3m,3,4.4
Morphettville,1200,13+,dry,10m+,4,6.95
Morphettville,1200,13+,dry,4-6m,27,3.885
Morphettville,1200,13+,dry,7-9m,7,4.343
Morphettville,1200,13+,dry,true,27,4.1
Morphettville,1200,13+,heavy,true,2,1.7
Morphettville,1200,13+,soft,1-3m,2,5.45
Morphettville,1200,13+,soft,10m+,9,4.489
Morphettville,1200,13+,soft,4-6m,1,2.2
Morphettville,1200,13+,soft,7-9m,16,4.35
Morphettville,1200,13+,soft,true,9,4.067
Morphettville,1200,4-6,dry,1-3m,12,3.142
Morphettville,1200,4-6,dry,10m+,51,2.529
Morphettville,1200,4-6,dry,4-6m,63,3.24
Morphettville,1200,4-6,dry,7-9m,30,2.567
Morphettville,1200,4-6,dry,true,93,3.141
Morphettville,1200,4-6,heavy,true,12,3.458
Morphettville,1200,4-6,soft,1-3m,3,1.8
Morphettville,1200,4-6,soft,10m+,33,3.255
Morphettville,1200,4-6,soft,4-6m,12,4.208
Morphettville,1200,4-6,soft,7-9m,45,2.998
Morphettville,1200,4-6,soft,true,30,3.497
Morphettville,1200,7-9,dry,1-3m,10,3.39
Morphettville,1200,7-9,dry,10m+,47,3.294
Morphettville,1200,7-9,dry,4-6m,58,3.684
Morphettville,1200,7-9,dry,7-9m,28,3.396
Morphettville,1200,7-9,dry,true,88,3.753
Morphettville,1200,7-9,heavy,true,12,3.742
Morphettville,1200,7-9,soft,1-3m,3,2.233
Morphettville,1200,7-9,soft,10m+,33,3.236
Morphettville,1200,7-9,soft,4-6m,12,4.433
Morphettville,1200,7-9,soft,7-9m,45,3.736
Morphettville,1200,7-9,soft,true,27,4.937
Morphettville,1500,1-3,dry,10m+,9,3.511
Morphettville,1500,1-3,dry,4-6m,18,3.65
Morphettville,1500,1-3,dry,7-9m,12,3.683
Morphettville,1500,1-3,dry,true,9,2.811
Morphettville,1500,1-3,heavy,true,6,4.733
Morphettville,1500,1-3,soft,10m+,24,4.346
Morphettville,1500,1-3,soft,7-9m,6,3.233
Morphettville,1500,1-3,soft,true,6,4.383
Morphettville,1500,10-12,dry,10m+,9,6.678
Morphettville,1500,10-12,dry,4-6m,12,6.533
Morphettville,1500,10-12,dry,7-9m,6,4.967
Morphettville,1500,10-12,dry,true,3,6.6
Morphettville,1500,10-12,heavy,true,5,4.58
Morphettville,1500,10-12,soft,10m+,19,5.747
Morphettville,1500,10-12,soft,7-9m,6,4.55
Morphettville,1500,10-12,soft,true,2,4.9
Morphettville,1500,13+,dry,4-6m,1,13.2
Morphettville,1500,13+,dry,7-9m,1,6.6
Morphettville,1500,13+,heavy,true,2,6.15
Morphettville,1500,13+,soft,7-9m,2,2.3
Morphettville,1500,4-6,dry,10m+,8,4.862
Morphettville,1500,4-6,dry,4-6m,18,4.039
Morphettville,1500,4-6,dry,7-9m,12,4.592
Morphettville,1500,4-6,dry,true,9,3.544
Morphettville,1500,4-6,heavy,true,6,3.467
Morphettville,1500,4-6,soft,10m+,24,4.342
Morphettville,1500,4-6,soft,7-9m,6,3.95
Morphettville,1500,4-6,soft,true,6,3.867
Morphettville,1500,7-9,dry,10m+,9,2.311
Morphettville,1500,7-9,dry,4-6m,17,5.135
Morphettville,1500,7-9,dry,7-9m,12,4.975
Morphettville,1500,7-9,dry,true,6,1.65
Morphettville,1500,7-9,heavy,true,6,4.4
Morphettville,1500,7-9,soft,10m+,24,4.492
Morphettville,1500,7-9,soft,7-9m,6,2.167
Morphettville,1500,7-9,soft,true,5,4.58
Morphettville,1600,1-3,dry,1-3m,9,4.011
Morphettville,1600,1-3,dry,10m+,15,2.72
Morphettville,1600,1-3,dry,4-6m,44,2.936
Morphettville,1600,1-3,dry,7-9m,15,2.733
Morphettville,1600,1-3,dry,true,90,3.281
Morphettville,1600,1-3,heavy,true,9,3.511
Morphettville,1600,1-3,soft,1-3m,6,3.667
Morphettville,1600,1-3,soft,10m+,24,2.863
Morphettville,1600,1-3,soft,4-6m,12,2.883
Morphettville,1600,1-3,soft,7-9m,33,3.139
Morphettville,1600,1-3,soft,true,24,2.817
Morphettville,1600,10-12,dry,1-3m,6,3.967
Morphettville,1600,10-12,dry,10m+,6,4.3
Morphettville,1600,10-12,dry,4-6m,22,4.682
Morphettville,1600,10-12,dry,7-9m,5,4.7
Morphettville,1600,10-12,dry,true,42,4.812
Morphettville,1600,10-12,heavy,true,4,3.975
Morphettville,1600,10-12,soft,1-3m,6,4.35
Morphettville,1600,10-12,soft,10m+,15,4.493
Morphettville,1600,10-12,soft,4-6m,8,5.788
Morphettville,1600,10-12,soft,7-9m,23,6.274
Morphettville,1600,10-12,soft,true,13,4.808
Morphettville,1600,13+,dry,1-3m,3,2.533
Morphettville,1600,13+,dry,10m+,2,5.1
Morphettville,1600,13+,dry,4-6m,8,7.088
Morphettville,1600,13+,dry,7-9m,1,7.3
Morphettville,1600,13+,dry,true,17,7.176
Morphettville,1600,13+,heavy,true,1,2.1
Morphettville,1600,13+,soft,1-3m,4,4.5
Morphettville,1600,13+,soft,10m+,10,5.62
Morphettville,1600,13+,soft,4-6m,6,6.05
Morphettville,1600,13+,soft,7-9m,4,6.85
Morphettville,1600,13+,soft,true,3,7.967
Morphettville,1600,4-6,dry,1-3m,8,3.05
Morphettville,1600,4-6,dry,10m+,15,3.307
Morphettville,1600,4-6,dry,4-6m,45,3.584
Morphettville,1600,4-6,dry,7-9m,15,3.193
Morphettville,1600,4-6,dry,true,90,3.729
Morphettville,1600,4-6,heavy,true,9,2.789
Morphettville,1600,4-6,soft,1-3m,6,2.2
Morphettville,1600,4-6,soft,10m+,24,3.304
Morphettville,1600,4-6,soft,4-6m,12,4.042
Morphettville,1600,4-6,soft,7-9m,33,4.33
Morphettville,1600,4-6,soft,true,24,3.9
Morphettville,1600,7-9,dry,1-3m,9,3.7
Morphettville,1600,7-9,dry,10m+,15,4.127
Morphettville,1600,7-9,dry,4-6m,35,3.837
Morphettville,1600,7-9,dry,7-9m,9,2.511
Morphettville,1600,7-9,dry,true,82,3.794
Morphettville,1600,7-9,heavy,true,8,4.312
Morphettville,1600,7-9,soft,1-3m,6,3.233
Morphettville,1600,7-9,soft,10m+,20,3.76
Morphettville,1600,7-9,soft,4-6m,11,4.373
Morphettville,1600,7-9,soft,7-9m,32,4.366
Morphettville,1600,7-9,soft,true,20,3.83
Morphettville,1800,1-3,dry,1-3m,6,3.35
Morphettville,1800,1-3,dry,10m+,24,2.512
Morphettville,1800,1-3,dry,4-6m,24,4.558
Morphettville,1800,1-3,dry,7-9m,23,4.122
Morphettville,1800,1-3,dry,true,24,4.1
Morphettville,1800,1-3,heavy,true,3,3.633
Morphettville,1800,1-3,soft,1-3m,3,5.2
Morphettville,1800,1-3,soft,10m+,12,4.558
Morphettville,1800,1-3,soft,4-6m,3,2.833
Morphettville,1800,1-3,soft,7-9m,23,3.726
Morphettville,1800,1-3,soft,true,9,4.478
Morphettville,1800,10-12,dry,1-3m,4,3.825
Morphettville,1800,10-12,dry,10m+,9,3.922
Morphettville,1800,10-12,dry,4-6m,15,4.953
Morphettville,1800,10-12,dry,7-9m,14,5.121
Morphettville,1800,10-12,dry,true,16,3.875
Morphettville,1800,10-12,heavy,true,3,3.833
Morphettville,1800,10-12,soft,1-3m,3,6.333
Morphettville,1800,10-12,soft,10m+,6,6.1
Morphettville,1800,10-12,soft,7-9m,11,4.682
Morphettville,1800,10-12,soft,true,6,4.333
Morphettville,1800,13+,dry,1-3m,4,5.7
Morphettville,1800,13+,dry,4-6m,8,6.412
Morphettville,1800,13+,dry,7-9m,11,6.555
Morphettville,1800,13+,dry,true,6,7.85
Morphettville,1800,13+,heavy,true,2,5.05
Morphettville,1800,13+,soft,1-3m,3,4.9
Morphettville,1800,13+,soft,10m+,1,8.4
Morphettville,1800,13+,soft,7-9m,4,6.5
Morphettville,1800,13+,soft,true,6,7.517
Morphettville,1800,4-6,dry,1-3m,6,4.617
Morphettville,1800,4-6,dry,10m+,24,2.446
Morphettville,1800,4-6,dry,4-6m,24,3.725
Morphettville,1800,4-6,dry,7-9m,24,3.483
Morphettville,1800,4-6,dry,true,24,3.558
Morphettville,1800,4-6,heavy,true,3,5.667
Morphettville,1800,4-6,soft,1-3m,3,4.367
Morphettville,1800,4-6,soft,10m+,12,5.608
Morphettville,1800,4-6,soft,4-6m,3,0.967
Morphettville,1800,4-6,soft,7-9m,24,4.158
Morphettville,1800,4-6,soft,true,9,4.167
Morphettville,1800,7-9,dry,1-3m,6,2.533
Morphettville,1800,7-9,dry,10m+,20,3.02
Morphettville,1800,7-9,dry,4-6m,23,3.604
Morphettville,1800,7-9,dry,7-9m,21,3.795
Morphettville,1800,7-9,dry,true,22,3.241
Morphettville,1800,7-9,heavy,true,3,2.633
Morphettville,1800,7-9,soft,1-3m,3,4.2
Morphettville,1800,7-9,soft,10m+,10,5.79
Morphettville,1800,7-9,soft,4-6m,2,2.8
Morphettville,1800,7-9,soft,7-9m,23,3.835
Morphettville,1800,7-9,soft,true,7,4.943
Morphettville,2000,1-3,dry,1-3m,9,2.422
Morphettville,2000,1-3,dry,4-6m,21,3.51
Morphettville,2000,1-3,dry,7-9m,3,1.3
Morphettville,2000,1-3,dry,true,42,3.929
Morphettville,2000,1-3,heavy,true,3,2.633
Morphettville,2000,1-3,soft,10m+,12,3.242
Morphettville,2000,1-3,soft,4-6m,9,4.778
Morphettville,2000,1-3,soft,7-9m,1,1.5
Morphettville,2000,1-3,soft,true,6,3.733
Morphettville,2000,10-12,dry,1-3m,3,3.533
Morphettville,2000,10-12,dry,4-6m,10,3.91
Morphettville,2000,10-12,dry,true,31,5.519
Morphettville,2000,10-12,heavy,true,3,4.933
Morphettville,2000,10-12,soft,10m+,4,8.475
Morphettville,2000,10-12,soft,4-6m,5,4.6
Morphettville,2000,13+,dry,1-3m,2,4.5
Morphettville,2000,13+,dry,4-6m,3,3.433
Morphettville,2000,13+,dry,true,19,7.463
Morphettville,2000,13+,heavy,true,1,8.8
Morphettville,2000,13+,soft,10m+,2,9.05
Morphettville,2000,13+,soft,4-6m,1,9.7
Morphettville,2000,4-6,dry,1-3m,9,3.789
Morphettville,2000,4-6,dry,4-6m,21,4.267
Morphettville,2000,4-6,dry,7-9m,3,2.367
Morphettville,2000,4-6,dry,true,42,4.364
Morphettville,2000,4-6,heavy,true,3,4.933
Morphettville,2000,4-6,soft,10m+,12,3.267
Morphettville,2000,4-6,soft,4-6m,9,3.311
Morphettville,2000,4-6,soft,true,6,4.183
Morphettville,2000,7-9,dry,1-3m,8,4.512
Morphettville,2000,7-9,dry,4-6m,18,2.989
Morphettville,2000,7-9,dry,7-9m,3,5.067
Morphettville,2000,7-9,dry,true,40,5.217
Morphettville,2000,7-9,heavy,true,3,6.067
Morphettville,2000,7-9,soft,10m+,10,5.45
Morphettville,2000,7-9,soft,4-6m,8,3.362
Morphettville,2000,7-9,soft,true,3,2.9
Morphettville,2100,1-3,soft,10m+,3,3.567
Morphettville,2100,10-12,soft,10m+,3,2.133
Morphettville,2100,4-6,soft,10m+,3,2.567
Morphettville,2100,7-9,soft,10m+,3,4.333
Morphettville,2500,1-3,dry,1-3m,6,4.117
Morphettville,2500,1-3,dry,10m+,12,3.567
Morphettville,2500,1-3,dry,4-6m,18,4.856
Morphettville,2500,1-3,dry,7-9m,6,7.25
Morphettville,2500,1-3,dry,true,9,4.244
Morphettville,2500,1-3,heavy,true,3,6.667
Morphettville,2500,1-3,soft,1-3m,6,2.45
Morphettville,2500,1-3,soft,10m+,6,5.133
Morphettville,2500,1-3,soft,7-9m,18,3.583
Morphettville,2500,1-3,soft,true,8,4.125
Morphettville,2500,10-12,dry,1-3m,5,3.48
Morphettville,2500,10-12,dry,10m+,1,3.9
Morphettville,2500,10-12,dry,4-6m,11,8.155
Morphettville,2500,10-12,dry,7-9m,1,0.0
Morphettville,2500,10-12,dry,true,6,2.85
Morphettville,2500,10-12,heavy,true,1,13.7
Morphettville,2500,10-12,soft,1-3m,5,4.36
Morphettville,2500,10-12,soft,10m+,3,3.7
Morphettville,2500,10-12,soft,7-9m,13,5.938
Morphettville,2500,10-12,soft,true,4,7.85
Morphettville,2500,13+,dry,1-3m,4,4.5
Morphettville,2500,13+,dry,4-6m,7,2.1
Morphettville,2500,13+,dry,true,5,2.56
Morphettville,2500,13+,soft,1-3m,4,4.475
Morphettville,2500,13+,soft,7-9m,1,4.7
Morphettville,2500,13+,soft,true,1,0.4
Morphettville,2500,4-6,dry,1-3m,6,4.517
Morphettville,2500,4-6,dry,10m+,11,2.009
Morphettville,2500,4-6,dry,4-6m,18,4.944
Morphettville,2500,4-6,dry,7-9m,6,4.017
Morphettville,2500,4-6,dry,true,9,2.433
Morphettville,2500,4-6,heavy,true,3,10.8
Morphettville,2500,4-6,soft,1-3m,6,3.483
Morphettville,2500,4-6,soft,10m+,6,3.283
Morphettville,2500,4-6,soft,7-9m,18,2.922
Morphettville,2500,4-6,soft,true,9,3.044
Morphettville,2500,7-9,dry,1-3m,6,3.433
Morphettville,2500,7-9,dry,10m+,7,2.386
Morphettville,2500,7-9,dry,4-6m,15,5.333
Morphettville,2500,7-9,dry,7-9m,4,2.55
Morphettville,2500,7-9,dry,true,9,2.089
Morphettville,2500,7-9,heavy,true,3,8.2
Morphettville,2500,7-9,soft,1-3m,6,2.3
Morphettville,2500,7-9,soft,10m+,6,4.45
Morphettville,2500,7-9,soft,7-9m,16,4.488
Morphettville,2500,7-9,soft,true,6,2.033
Morphettville,2600,1-3,dry,4-6m,3,4.6
Morphettville,2600,1-3,dry,7-9m,6,3.0
Morphettville,2600,10-12,dry,4-6m,3,3.4
Morphettville,2600,10-12,dry,7-9m,6,1.417
Morphettville,2600,13+,dry,4-6m,3,4.167
Morphettville,2600,13+,dry,7-9m,4,6.8
Morphettville,2600,4-6,dry,4-6m,3,3.367
Morphettville,2600,4-6,dry,7-9m,6,3.883
Morphettville,2600,7-9,dry,4-6m,3,2.467
Morphettville,2600,7-9,dry,7-9m,6,4.033
Morphettville Parks,1000,1-3,dry,4-6m,54,1.867
Morphettville Parks,1000,1-3,dry,7-9m,69,1.935
Morphettville Parks,1000,1-3,dry,true,102,2.125
Morphettville Parks,1000,1-3,heavy,1-3m,15,1.853
Morphettville Parks,1000,1-3,heavy,4-6m,12,3.117
Morphettville Parks,1000,1-3,heavy,7-9m,18,2.022
Morphettville Parks,1000,1-3,heavy,true,3,1.033
Morphettville Parks,1000,1-3,soft,1-3m,15,2.327
Morphettville Parks,1000,1-3,soft,4-6m,21,2.905
Morphettville Parks,1000,1-3,soft,7-9m,24,1.9
Morphettville Parks,1000,1-3,soft,true,39,2.185
Morphettville Parks,1000,10-12,dry,4-6m,24,2.288
Morphettville Parks,1000,10-12,dry,7-9m,17,2.818
Morphettville Parks,1000,10-12,dry,true,50,2.484
Morphettville Parks,1000,10-12,heavy,1-3m,6,3.15
Morphettville Parks,1000,10-12,heavy,4-6m,2,3.95
Morphettville Parks,1000,10-12,heavy,7-9m,10,1.95
Morphettville Parks,1000,10-12,heavy,true,2,0.7
Morphettville Parks,1000,10-12,soft,1-3m,5,2.04
Morphettville Parks,1000,10-12,soft,4-6m,15,2.373
Morphettville Parks,1000,10-12,soft,7-9m,11,1.882
Morphettville Parks,1000,10-12,soft,true,11,2.227
Morphettville Parks,1000,13+,dry,4-6m,2,3.7
Morphettville Parks,1000,13+,dry,7-9m,1,4.1
Morphettville Parks,1000,13+,dry,true,5,1.92
Morphettville Parks,1000,13+,heavy,1-3m,3,2.8
Morphettville Parks,1000,13+,soft,4-6m,4,0.675
Morphettville Parks,1000,13+,soft,true,2,2.15
Morphettville Parks,1000,4-6,dry,4-6m,54,1.963
Morphettville Parks,1000,4-6,dry,7-9m,69,2.142
Morphettville Parks,1000,4-6,dry,true,102,2.04
Morphettville Parks,1000,4-6,heavy,1-3m,15,2.127
Morphettville Parks,1000,4-6,heavy,4-6m,12,2.392
Morphettville Parks,1000,4-6,heavy,7-9m,18,2.856
Morphettville Parks,1000,4-6,heavy,true,3,3.1
Morphettville Parks,1000,4-6,soft,1-3m,15,2.04
Morphettville Parks,1000,4-6,soft,4-6m,21,2.348
Morphettville Parks,1000,4-6,soft,7-9m,24,2.046
Morphettville Parks,1000,4-6,soft,true,39,1.964
Morphettville Parks,1000,7-9,dry,4-6m,45,2.516
Morphettville Parks,1000,7-9,dry,7-9m,51,2.82
Morphettville Parks,1000,7-9,dry,true,95,2.536
Morphettville Parks,1000,7-9,heavy,1-3m,13,3.346
Morphettville Parks,1000,7-9,heavy,4-6m,9,2.733
Morphettville Parks,1000,7-9,heavy,7-9m,16,2.862
Morphettville Parks,1000,7-9,heavy,true,3,1.8
Morphettville Parks,1000,7-9,soft,1-3m,12,2.108
Morphettville Parks,1000,7-9,soft,4-6m,21,2.533
Morphettville Parks,1000,7-9,soft,7-9m,20,2.47
Morphettville Parks,1000,7-9,soft,true,32,2.762
Morphettville Parks,1200,1-3,dry,4-6m,44,2.691
Morphettville Parks,1200,1-3,dry,7-9m,66,2.921
Morphettville Parks,1200,1-3,dry,true,110,2.853
Morphettville Parks,1200,1-3,heavy,1-3m,15,1.967
Morphettville Parks,1200,1-3,heavy,4-6m,6,4.517
Morphettville Parks,1200,1-3,heavy,7-9m,15,1.867
Morphettville Parks,1200,1-3,heavy,true,6,2.2
Morphettville Parks,1200,1-3,soft,1-3m,15,3.073
Morphettville Parks,1200,1-3,soft,4-6m,12,3.008
Morphettville Parks,1200,1-3,soft,7-9m,27,3.526
Morphettville Parks,1200,1-3,soft,true,45,2.976
Morphettville Parks,1200,10-12,dry,4-6m,24,4.6
Morphettville Parks,1200,10-12,dry,7-9m,27,4.052
Morphettville Parks,1200,10-12,dry,true,31,4.829
Morphettville Parks,1200,10-12,heavy,1-3m,7,4.443
Morphettville Parks,1200,10-12,heavy,4-6m,4,2.825
Morphettville Parks,1200,10-12,heavy,7-9m,7,3.686
Morphettville Parks,1200,10-12,heavy,true,3,5.933
Morphettville Parks,1200,10-12,soft,1-3m,8,3.988
Morphettville Parks,1200,10-12,soft,4-6m,9,2.656
Morphettville Parks,1200,10-12,soft,7-9m,12,3.3
Morphettville Parks,1200,10-12,soft,true,26,4.685
Morphettville Parks,1200,13+,dry,4-6m,2,2.75
Morphettville Parks,1200,13+,dry,true,14,5.186
Morphettville Parks,1200,13+,heavy,1-3m,1,5.7
Morphettville Parks,1200,13+,heavy,4-6m,1,7.2
Morphettville Parks,1200,13+,heavy,true,2,4.85
Morphettville Parks,1200,13+,soft,4-6m,1,1.4
Morphettville Parks,1200,13+,soft,true,5,4.64
Morphettville Parks,1200,4-6,dry,4-6m,45,3.471
Morphettville Parks,1200,4-6,dry,7-9m,66,3.232
Morphettville Parks,1200,4-6,dry,true,111,3.078
Morphettville Parks,1200,4-6,heavy,1-3m,15,3.093
Morphettville Parks,1200,4-6,heavy,4-6m,6,3.217
Morphettville Parks,1200,4-6,heavy,7-9m,15,2.28
Morphettville Parks,1200,4-6,heavy,true,6,2.333
Morphettville Parks,1200,4-6,soft,1-3m,15,2.627
Morphettville Parks,1200,4-6,soft,4-6m,12,2.575
Morphettville Parks,1200,4-6,soft,7-9m,27,3.689
Morphettville Parks,1200,4-6,soft,true,44,3.034
Morphettville Parks,1200,7-9,dry,4-6m,41,4.217
Morphettville Parks,1200,7-9,dry,7-9m,54,3.548
Morphettville Parks,1200,7-9,dry,true,87,3.043
Morphettville Parks,1200,7-9,heavy,1-3m,11,3.7
Morphettville Parks,1200,7-9,heavy,4-6m,6,3.85
Morphettville Parks,1200,7-9,heavy,7-9m,13,2.815
Morphettville Parks,1200,7-9,heavy,true,6,2.483
Morphettville Parks,1200,7-9,soft,1-3m,15,4.247
Morphettville Parks,1200,7-9,soft,4-6m,11,3.536
Morphettville Parks,1200,7-9,soft,7-9m,24,4.25
Morphettville Parks,1200,7-9,soft,true,40,4.005
Morphettville Parks,1300,1-3,dry,4-6m,15,3.233
Morphettville Parks,1300,1-3,dry,7-9m,6,4.283
Morphettville Parks,1300,1-3,dry,true,12,3.217
Morphettville Parks,1300,1-3,soft,4-6m,6,3.65
Morphettville Parks,1300,1-3,soft,true,3,1.8
Morphettville Parks,1300,10-12,dry,4-6m,6,6.833
Morphettville Parks,1300,10-12,dry,7-9m,4,5.6
Morphettville Parks,1300,10-12,dry,true,10,4.23
Morphettville Parks,1300,10-12,soft,4-6m,4,4.45
Morphettville Parks,1300,10-12,soft,true,1,6.1
Morphettville Parks,1300,13+,dry,4-6m,1,1.9
Morphettville Parks,1300,13+,dry,true,5,5.94
Morphettville Parks,1300,4-6,dry,4-6m,15,2.833
Morphettville Parks,1300,4-6,dry,7-9m,6,3.167
Morphettville Parks,1300,4-6,dry,true,12,3.583
Morphettville Parks,1300,4-6,soft,4-6m,6,3.85
Morphettville Parks,1300,4-6,soft,true,3,3.9
Morphettville Parks,1300,7-9,dry,4-6m,13,4.577
Morphettville Parks,1300,7-9,dry,7-9m,6,4.633
Morphettville Parks,1300,7-9,dry,true,12,4.575
Morphettville Parks,1300,7-9,soft,4-6m,6,3.117
Morphettville Parks,1300,7-9,soft,true,3,4.767
Morphettville Parks,1400,1-3,dry,4-6m,48,3.46
Morphettville Parks,1400,1-3,dry,7-9m,39,3.01
Morphettville Parks,1400,1-3,dry,true,89,3.838
Morphettville Parks,1400,1-3,heavy,1-3m,6,2.683
Morphettville Parks,1400,1-3,heavy,4-6m,3,1.933
Morphettville Parks,1400,1-3,heavy,7-9m,12,3.5
Morphettville Parks,1400,1-3,heavy,true,6,2.567
Morphettville Parks,1400,1-3,soft,1-3m,15,4.08
Morphettville Parks,1400,1-3,soft,4-6m,21,3.99
Morphettville Parks,1400,1-3,soft,7-9m,24,3.371
Morphettville Parks,1400,1-3,soft,true,42,3.257
Morphettville Parks,1400,10-12,dry,4-6m,23,6.035
Morphettville Parks,1400,10-12,dry,7-9m,8,3.388
Morphettville Parks,1400,10-12,dry,true,44,4.407
Morphettville Parks,1400,10-12,heavy,1-3m,4,5.075
Morphettville Parks,1400,10-12,heavy,4-6m,2,3.7
Morphettville Parks,1400,10-12,heavy,7-9m,9,5.033
Morphettville Parks,1400,10-12,heavy,true,2,3.85
Morphettville Parks,1400,10-12,soft,1-3m,4,4.675
Morphettville Parks,1400,10-12,soft,4-6m,18,5.406
Morphettville Parks,1400,10-12,soft,7-9m,12,2.4
Morphettville Parks,1400,10-12,soft,true,26,3.85
Morphettville Parks,1400,13+,dry,4-6m,4,7.35
Morphettville Parks,1400,13+,dry,true,9,3.744
Morphettville Parks,1400,13+,heavy,7-9m,3,6.3
Morphettville Parks,1400,13+,soft,4-6m,9,4.889
Morphettville Parks,1400,13+,soft,7-9m,3,7.767
Morphettville Parks,1400,13+,soft,true,3,9.133
Morphettville Parks,1400,4-6,dry,4-6m,48,3.577
Morphettville Parks,1400,4-6,dry,7-9m,39,3.354
Morphettville Parks,1400,4-6,dry,true,90,3.792
Morphettville Parks,1400,4-6,heavy,1-3m,6,1.75
Morphettville Parks,1400,4-6,heavy,4-6m,3,2.133
Morphettville Parks,1400,4-6,heavy,7-9m,12,3.642
Morphettville Parks,1400,4-6,heavy,true,6,3.4
Morphettville Parks,1400,4-6,soft,1-3m,15,4.0
Morphettville Parks,1400,4-6,soft,4-6m,21,3.752
Morphettville Parks,1400,4-6,soft,7-9m,24,2.917
Morphettville Parks,1400,4-6,soft,true,42,3.667
Morphettville Parks,1400,7-9,dry,4-6m,44,4.027
Morphettville Parks,1400,7-9,dry,7-9m,34,4.044
Morphettville Parks,1400,7-9,dry,true,83,4.761
Morphettville Parks,1400,7-9,heavy,1-3m,6,3.9
Morphettville Parks,1400,7-9,heavy,4-6m,3,2.7
Morphettville Parks,1400,7-9,heavy,7-9m,9,4.711
Morphettville Parks,1400,7-9,heavy,true,5,4.02
Morphettville Parks,1400,7-9,soft,1-3m,10,4.79
Morphettville Parks,1400,7-9,soft,4-6m,19,4.684
Morphettville Parks,1400,7-9,soft,7-9m,23,4.496
Morphettville Parks,1400,7-9,soft,true,41,3.041
Morphettville Parks,1600,1-3,dry,4-6m,27,3.811
Morphettville Parks,1600,1-3,dry,7-9m,48,3.312
Morphettville Parks,1600,1-3,dry,true,60,3.373
Morphettville Parks,1600,1-3,heavy,1-3m,9,3.444
Morphettville Parks,1600,1-3,heavy,4-6m,3,1.967
Morphettville Parks,1600,1-3,heavy,7-9m,6,3.017
Morphettville Parks,1600,1-3,heavy,true,6,4.017
Morphettville Parks,1600,1-3,soft,1-3m,6,4.033
Morphettville Parks,1600,1-3,soft,4-6m,12,3.317
Morphettville Parks,1600,1-3,soft,7-9m,3,2.233
Morphettville Parks,1600,1-3,soft,true,30,3.45
Morphettville Parks,1600,10-12,dry,4-6m,13,5.446
Morphettville Parks,1600,10-12,dry,7-9m,16,3.181
Morphettville Parks,1600,10-12,dry,true,22,3.395
Morphettville Parks,1600,10-12,heavy,1-3m,5,2.9
Morphettville Parks,1600,10-12,heavy,true,1,5.6
Morphettville Parks,1600,10-12,soft,1-3m,4,3.55
Morphettville Parks,1600,10-12,soft,4-6m,5,5.24
Morphettville Parks,1600,10-12,soft,true,17,4.582
Morphettville Parks,1600,13+,dry,true,7,7.171
Morphettville Parks,1600,13+,soft,1-3m,1,0.7
Morphettville Parks,1600,13+,soft,true,2,6.9
Morphettville Parks,1600,4-6,dry,4-6m,27,4.437
Morphettville Parks,1600,4-6,dry,7-9m,48,2.596
Morphettville Parks,1600,4-6,dry,true,59,3.466
Morphettville Parks,1600,4-6,heavy,1-3m,9,2.656
Morphettville Parks,1600,4-6,heavy,4-6m,3,2.833
Morphettville Parks,1600,4-6,heavy,7-9m,6,2.483
Morphettville Parks,1600,4-6,heavy,true,6,4.417
Morphettville Parks,1600,4-6,soft,1-3m,6,4.017
Morphettville Parks,1600,4-6,soft,4-6m,12,2.808
Morphettville Parks,1600,4-6,soft,7-9m,3,5.367
Morphettville Parks,1600,4-6,soft,true,30,4.037
Morphettville Parks,1600,7-9,dry,4-6m,26,4.962
Morphettville Parks,1600,7-9,dry,7-9m,37,3.657
Morphettville Parks,1600,7-9,dry,true,53,3.121
Morphettville Parks,1600,7-9,heavy,1-3m,9,5.344
Morphettville Parks,1600,7-9,heavy,4-6m,2,4.7
Morphettville Parks,1600,7-9,heavy,7-9m,4,5.675
Morphettville Parks,1600,7-9,heavy,true,6,5.067
Morphettville Parks,1600,7-9,soft,1-3m,6,3.25
Morphettville Parks,1600,7-9,soft,4-6m,12,2.783
Morphettville Parks,1600,7-9,soft,7-9m,3,3.267
Morphettville Parks,1600,7-9,soft,true,28,3.868
Morphettville Parks,2000,1-3,dry,4-6m,12,3.925
Morphettville Parks,2000,1-3,dry,7-9m,15,2.707
Morphettville Parks,2000,1-3,dry,true,36,3.667
Morphettville Parks,2000,1-3,heavy,7-9m,3,4.533
Morphettville Parks,2000,1-3,heavy,true,3,2.4
Morphettville Parks,2000,1-3,soft,1-3m,6,5.95
Morphettville Parks,2000,1-3,soft,4-6m,9,4.256
Morphettville Parks,2000,1-3,soft,7-9m,9,3.389
Morphettville Parks,2000,1-3,soft,true,18,3.389
Morphettville Parks,2000,10-12,dry,4-6m,3,3.933
Morphettville Parks,2000,10-12,dry,7-9m,4,8.025
Morphettville Parks,2000,10-12,dry,true,19,5.053
Morphettville Parks,2000,10-12,heavy,7-9m,3,3.867
Morphettville Parks,2000,10-12,heavy,true,1,7.1
Morphettville Parks,2000,10-12,soft,1-3m,3,9.2
Morphettville Parks,2000,10-12,soft,4-6m,4,6.65
Morphettville Parks,2000,10-12,soft,7-9m,6,7.017
Morphettville Parks,2000,10-12,soft,true,5,5.12
Morphettville Parks,2000,4-6,dry,4-6m,12,2.567
Morphettville Parks,2000,4-6,dry,7-9m,15,3.64
Morphettville Parks,2000,4-6,dry,true,35,4.097
Morphettville Parks,2000,4-6,heavy,7-9m,3,4.567
Morphettville Parks,2000,4-6,heavy,true,3,2.667
Morphettville Parks,2000,4-6,soft,1-3m,6,2.867
Morphettville Parks,2000,4-6,soft,4-6m,9,2.922
Morphettville Parks,2000,4-6,soft,7-9m,9,3.622
Morphettville Parks,2000,4-6,soft,true,18,3.556
Morphettville Parks,2000,7-9,dry,4-6m,11,3.145
Morphettville Parks,2000,7-9,dry,7-9m,13,2.977
Morphettville Parks,2000,7-9,dry,true,36,4.733
Morphettville Parks,2000,7-9,heavy,7-9m,3,5.033
Morphettville Parks,2000,7-9,heavy,true,3,4.567
Morphettville Parks,2000,7-9,soft,1-3m,5,6.98
Morphettville Parks,2000,7-9,soft,4-6m,8,3.45
Morphettville Parks,2000,7-9,soft,7-9m,6,5.183
Morphettville Parks,2000,7-9,soft,true,17,4.829
Morphettville Parks,2200,1-3,dry,4-6m,21,4.124
Morphettville Parks,2200,1-3,dry,7-9m,6,3.6
Morphettville Parks,2200,1-3,dry,true,18,3.111
Morphettville Parks,2200,1-3,heavy,1-3m,3,1.9
Morphettville Parks,2200,1-3,heavy,7-9m,3,1.8
Morphettville Parks,2200,1-3,heavy,true,6,1.8
Morphettville Parks,2200,1-3,soft,4-6m,3,2.733
Morphettville Parks,2200,1-3,soft,7-9m,6,4.217
Morphettville Parks,2200,1-3,soft,true,12,3.817
Morphettville Parks,2200,10-12,dry,4-6m,7,6.643
Morphettville Parks,2200,10-12,dry,7-9m,1,0.7
Morphettville Parks,2200,10-12,dry,true,5,5.5
Morphettville Parks,2200,10-12,heavy,1-3m,1,4.3
Morphettville Parks,2200,10-12,heavy,7-9m,3,4.033
Morphettville Parks,2200,10-12,soft,4-6m,3,4.6
Morphettville Parks,2200,10-12,soft,7-9m,3,0.967
Morphettville Parks,2200,10-12,soft,true,4,4.275
Morphettville Parks,2200,13+,soft,true,2,4.4
Morphettville Parks,2200,4-6,dry,4-6m,21,2.824
Morphettville Parks,2200,4-6,dry,7-9m,6,2.15
Morphettville Parks,2200,4-6,dry,true,18,3.183
Morphettville Parks,2200,4-6,heavy,1-3m,3,1.733
Morphettville Parks,2200,4-6,heavy,7-9m,3,2.333
Morphettville Parks,2200,4-6,heavy,true,6,3.1
Morphettville Parks,2200,4-6,soft,4-6m,3,5.6
Morphettville Parks,2200,4-6,soft,7-9m,6,3.467
Morphettville Parks,2200,4-6,soft,true,12,3.85
Morphettville Parks,2200,7-9,dry,4-6m,16,4.225
Morphettville Parks,2200,7-9,dry,7-9m,4,1.625
Morphettville Parks,2200,7-9,dry,true,12,4.383
Morphettville Parks,2200,7-9,heavy,1-3m,3,3.3
Morphettville Parks,2200,7-9,heavy,7-9m,3,4.033
Morphettville Parks,2200,7-9,heavy,true,3,4.3
Morphettville Parks,2200,7-9,soft,4-6m,3,4.633
Morphettville Parks,2200,7-9,soft,7-9m,3,4.867
Morphettville Parks,2200,7-9,soft,true,11,3.145
Morphettville Parks,2300,1-3,dry,4-6m,3,3.033
Morphettville Parks,2300,1-3,heavy,7-9m,3,2.467
Morphettville Parks,2300,10-12,dry,4-6m,2,6.0
Morphettville Parks,2300,10-12,heavy,7-9m,2,2.95
Morphettville Parks,2300,4-6,dry,4-6m,3,5.667
Morphettville Parks,2300,4-6,heavy,7-9m,3,5.5
Morphettville Parks,2300,7-9,dry,4-6m,3,0.867
Morphettville Parks,2300,7-9,heavy,7-9m,3,6.367
Morphettville Parks,2400,1-3,dry,7-9m,9,2.522
Morphettville Parks,2400,1-3,dry,true,3,2.8
Morphettville Parks,2400,1-3,heavy,1-3m,3,1.7
Morphettville Parks,2400,1-3,heavy,4-6m,3,1.9
Morphettville Parks,2400,1-3,soft,7-9m,3,4.767
Morphettville Parks,2400,10-12,dry,7-9m,1,0.7
Morphettville Parks,2400,10-12,soft,7-9m,1,0.4
Morphettville Parks,2400,4-6,dry,7-9m,9,1.933
Morphettville Parks,2400,4-6,dry,true,3,1.4
Morphettville Parks,2400,4-6,heavy,1-3m,3,2.533
Morphettville Parks,2400,4-6,heavy,4-6m,3,2.367
Morphettville Parks,2400,4-6,soft,7-9m,3,3.7
Morphettville Parks,2400,7-9,dry,7-9m,8,3.212
Morphettville Parks,2400,7-9,dry,true,1,1.5
Morphettville Parks,2400,7-9,heavy,1-3m,2,3.55
Morphettville Parks,2400,7-9,heavy,4-6m,3,3.367
Morphettville Parks,2400,7-9,soft,7-9m,3,1.3
Murray Bridge GH,900,1-3,dry,10m+,6,0.933
Murray Bridge GH,900,1-3,dry,4-6m,5,1.86
Murray Bridge GH,900,1-3,dry,7-9m,12,1.292
Murray Bridge GH,900,1-3,dry,true,18,1.367
Murray Bridge GH,900,1-3,heavy,10m+,3,1.933
Murray Bridge GH,900,1-3,soft,10m+,3,1.333
Murray Bridge GH,900,1-3,soft,4-6m,3,1.533
Murray Bridge GH,900,1-3,soft,7-9m,9,1.367
Murray Bridge GH,900,1-3,soft,true,6,1.817
Murray Bridge GH,900,10-12,dry,10m+,4,1.925
Murray Bridge GH,900,10-12,dry,4-6m,4,2.95
Murray Bridge GH,900,10-12,dry,7-9m,10,2.44
Murray Bridge GH,900,10-12,dry,true,10,2.45
Murray Bridge GH,900,10-12,heavy,10m+,2,1.6
Murray Bridge GH,900,10-12,soft,10m+,1,1.3
Murray Bridge GH,900,10-12,soft,4-6m,3,2.533
Murray Bridge GH,900,10-12,soft,7-9m,6,2.6
Murray Bridge GH,900,10-12,soft,true,4,2.175
Murray Bridge GH,900,13+,dry,true,4,2.625
Murray Bridge GH,900,13+,soft,true,4,4.175
Murray Bridge GH,900,4-6,dry,10m+,6,2.083
Murray Bridge GH,900,4-6,dry,4-6m,6,1.867
Murray Bridge GH,900,4-6,dry,7-9m,12,2.075
Murray Bridge GH,900,4-6,dry,true,18,1.45
Murray Bridge GH,900,4-6,heavy,10m+,3,0.3
Murray Bridge GH,900,4-6,soft,10m+,3,0.867
Murray Bridge GH,900,4-6,soft,4-6m,3,0.2
Murray Bridge GH,900,4-6,soft,7-9m,9,1.367
Murray Bridge GH,900,4-6,soft,true,6,0.333
Murray Bridge GH,900,7-9,dry,10m+,6,4.05
Murray Bridge GH,900,7-9,dry,4-6m,6,1.967
Murray Bridge GH,900,7-9,dry,7-9m,12,1.367
Murray Bridge GH,900,7-9,dry,true,14,2.543
Murray Bridge GH,900,7-9,heavy,10m+,3,1.067
Murray Bridge GH,900,7-9,soft,10m+,3,3.067
Murray Bridge GH,900,7-9,soft,4-6m,3,2.0
Murray Bridge GH,900,7-9,soft,7-9m,9,1.322
Murray Bridge GH,900,7-9,soft,true,6,2.6
Murray Bridge GH,1000,1-3,dry,1-3m,3,1.8
Murray Bridge GH,1000,1-3,dry,10m+,12,1.842
Murray Bridge GH,1000,1-3,dry,4-6m,12,2.267
Murray Bridge GH,1000,1-3,dry,7-9m,15,1.653
Murray Bridge GH,1000,1-3,dry,true,30,2.503
Murray Bridge GH,1000,1-3,soft,1-3m,15,1.553
Murray Bridge GH,1000,1-3,soft,10m+,12,2.008
Murray Bridge GH,1000,1-3,soft,4-6m,12,2.55
Murray Bridge GH,1000,1-3,soft,7-9m,12,2.917
Murray Bridge GH,1000,1-3,soft,true,21,2.419
Murray Bridge GH,1000,10-12,dry,1-3m,3,2.2
Murray Bridge GH,1000,10-12,dry,10m+,8,3.25
Murray Bridge GH,1000,10-12,dry,4-6m,10,2.44
Murray Bridge GH,1000,10-12,dry,7-9m,10,2.22
Murray Bridge GH,1000,10-12,dry,true,9,2.311
Murray Bridge GH,1000,10-12,soft,1-3m,11,3.055
Murray Bridge GH,1000,10-12,soft,10m+,6,2.533
Murray Bridge GH,1000,10-12,soft,4-6m,11,3.618
Murray Bridge GH,1000,10-12,soft,7-9m,7,2.457
Murray Bridge GH,1000,10-12,soft,true,12,2.417
Murray Bridge GH,1000,13+,dry,4-6m,1,2.7
Murray Bridge GH,1000,13+,soft,1-3m,2,4.9
Murray Bridge GH,1000,13+,soft,4-6m,5,2.56
Murray Bridge GH,1000,13+,soft,7-9m,2,5.5
Murray Bridge GH,1000,13+,soft,true,3,2.667
Murray Bridge GH,1000,4-6,dry,1-3m,3,1.3
Murray Bridge GH,1000,4-6,dry,10m+,12,1.85
Murray Bridge GH,1000,4-6,dry,4-6m,12,2.65
Murray Bridge GH,1000,4-6,dry,7-9m,15,1.847
Murray Bridge GH,1000,4-6,dry,true,30,2.493
Murray Bridge GH,1000,4-6,soft,1-3m,15,2.267
Murray Bridge GH,1000,4-6,soft,10m+,12,1.917
Murray Bridge GH,1000,4-6,soft,4-6m,12,2.983
Murray Bridge GH,1000,4-6,soft,7-9m,12,1.5
Murray Bridge GH,1000,4-6,soft,true,21,2.238
Murray Bridge GH,1000,7-9,dry,1-3m,3,1.933
Murray Bridge GH,1000,7-9,dry,10m+,12,2.867
Murray Bridge GH,1000,7-9,dry,4-6m,12,1.625
Murray Bridge GH,1000,7-9,dry,7-9m,13,2.415
Murray Bridge GH,1000,7-9,dry,true,22,2.336
Murray Bridge GH,1000,7-9,soft,1-3m,15,2.587
Murray Bridge GH,1000,7-9,soft,10m+,12,5.025
Murray Bridge GH,1000,7-9,soft,4-6m,12,2.95
Murray Bridge GH,1000,7-9,soft,7-9m,10,1.91
Murray Bridge GH,1000,7-9,soft,true,20,2.07
Murray Bridge GH,1100,1-3,dry,1-3m,6,0.75
Murray Bridge GH,1100,1-3,dry,10m+,9,1.333
Murray Bridge GH,1100,1-3,dry,4-6m,12,2.242
Murray Bridge GH,1100,1-3,dry,7-9m,7,1.729
Murray Bridge GH,1100,1-3,dry,true,39,2.705
Murray Bridge GH,1100,1-3,heavy,10m+,3,2.467
Murray Bridge GH,1100,1-3,soft,1-3m,9,2.911
Murray Bridge GH,1100,1-3,soft,4-6m,6,2.133
Murray Bridge GH,1100,1-3,soft,7-9m,15,1.78
Murray Bridge GH,1100,1-3,soft,true,27,2.459
Murray Bridge GH,1100,10-12,dry,1-3m,2,3.85
Murray Bridge GH,1100,10-12,dry,10m+,4,2.65
Murray Bridge GH,1100,10-12,dry,4-6m,6,3.95
Murray Bridge GH,1100,10-12,dry,7-9m,6,3.517
Murray Bridge GH,1100,10-12,dry,true,24,3.208
Murray Bridge GH,1100,10-12,heavy,10m+,2,3.55
Murray Bridge GH,1100,10-12,soft,1-3m,9,3.211
Murray Bridge GH,1100,10-12,soft,4-6m,6,2.95
Murray Bridge GH,1100,10-12,soft,7-9m,7,3.657
Murray Bridge GH,1100,10-12,soft,true,19,3.742
Murray Bridge GH,1100,13+,dry,true,10,4.14
Murray Bridge GH,1100,13+,soft,1-3m,4,4.85
Murray Bridge GH,1100,13+,soft,4-6m,2,3.05
Murray Bridge GH,1100,13+,soft,7-9m,1,4.0
Murray Bridge GH,1100,13+,soft,true,9,3.811
Murray Bridge GH,1100,4-6,dry,1-3m,6,1.983
Murray Bridge GH,1100,4-6,dry,10m+,9,2.311
Murray Bridge GH,1100,4-6,dry,4-6m,12,1.858
Murray Bridge GH,1100,4-6,dry,7-9m,9,3.411
Murray Bridge GH,1100,4-6,dry,true,39,2.546
Murray Bridge GH,1100,4-6,heavy,10m+,3,2.267
Murray Bridge GH,1100,4-6,soft,1-3m,9,3.267
Murray Bridge GH,1100,4-6,soft,4-6m,6,3.383
Murray Bridge GH,1100,4-6,soft,7-9m,15,2.333
Murray Bridge GH,1100,4-6,soft,true,27,2.859
Murray Bridge GH,1100,7-9,dry,1-3m,4,1.775
Murray Bridge GH,1100,7-9,dry,10m+,8,2.45
Murray Bridge GH,1100,7-9,dry,4-6m,9,4.322
Murray Bridge GH,1100,7-9,dry,7-9m,6,1.633
Murray Bridge GH,1100,7-9,dry,true,36,3.056
Murray Bridge GH,1100,7-9,heavy,10m+,3,1.6
Murray Bridge GH,1100,7-9,soft,1-3m,9,3.244
Murray Bridge GH,1100,7-9,soft,4-6m,6,3.583
Murray Bridge GH,1100,7-9,soft,7-9m,15,3.547
Murray Bridge GH,1100,7-9,soft,true,27,3.048
Murray Bridge GH,1200,1-3,dry,1-3m,6,4.567
Murray Bridge GH,1200,1-3,dry,10m+,15,3.187
Murray Bridge GH,1200,1-3,dry,4-6m,36,2.461
Murray Bridge GH,1200,1-3,dry,7-9m,42,2.576
Murray Bridge GH,1200,1-3,dry,true,69,2.429
Murray Bridge GH,1200,1-3,heavy,10m+,6,2.117
Murray Bridge GH,1200,1-3,heavy,true,6,1.25
Murray Bridge GH,1200,1-3,soft,1-3m,6,5.55
Murray Bridge GH,1200,1-3,soft,10m+,15,2.72
Murray Bridge GH,1200,1-3,soft,4-6m,14,3.55
Murray Bridge GH,1200,1-3,soft,7-9m,26,1.535
Murray Bridge GH,1200,1-3,soft,true,54,2.867
Murray Bridge GH,1200,10-12,dry,1-3m,6,3.7
Murray Bridge GH,1200,10-12,dry,10m+,11,3.982
Murray Bridge GH,1200,10-12,dry,4-6m,24,3.05
Murray Bridge GH,1200,10-12,dry,7-9m,37,3.53
Murray Bridge GH,1200,10-12,dry,true,30,4.4
Murray Bridge GH,1200,10-12,heavy,10m+,2,2.85
Murray Bridge GH,1200,10-12,heavy,true,3,2.333
Murray Bridge GH,1200,10-12,soft,1-3m,3,5.3
Murray Bridge GH,1200,10-12,soft,10m+,7,1.914
Murray Bridge GH,1200,10-12,soft,4-6m,10,3.59
Murray Bridge GH,1200,10-12,soft,7-9m,26,3.662
Murray Bridge GH,1200,10-12,soft,true,36,3.539
Murray Bridge GH,1200,13+,dry,1-3m,3,4.4
Murray Bridge GH,1200,13+,dry,4-6m,6,6.317
Murray Bridge GH,1200,13+,dry,7-9m,18,3.389
Murray Bridge GH,1200,13+,dry,true,7,4.743
Murray Bridge GH,1200,13+,heavy,true,1,3.6
Murray Bridge GH,1200,13+,soft,1-3m,3,5.467
Murray Bridge GH,1200,13+,soft,4-6m,4,2.8
Murray Bridge GH,1200,13+,soft,7-9m,13,4.646
Murray Bridge GH,1200,13+,soft,true,9,3.711
Murray Bridge GH,1200,4-6,dry,1-3m,6,1.983
Murray Bridge GH,1200,4-6,dry,10m+,15,2.227
Murray Bridge GH,1200,4-6,dry,4-6m,36,3.531
Murray Bridge GH,1200,4-6,dry,7-9m,42,3.214
Murray Bridge GH,1200,4-6,dry,true,69,2.867
Murray Bridge GH,1200,4-6,heavy,10m+,6,2.183
Murray Bridge GH,1200,4-6,heavy,true,6,1.433
Murray Bridge GH,1200,4-6,soft,1-3m,6,3.95
Murray Bridge GH,1200,4-6,soft,10m+,15,3.58
Murray Bridge GH,1200,4-6,soft,4-6m,15,3.333
Murray Bridge GH,1200,4-6,soft,7-9m,27,2.185
Murray Bridge GH,1200,4-6,soft,true,54,2.407
Murray Bridge GH,1200,7-9,dry,1-3m,6,3.167
Murray Bridge GH,1200,7-9,dry,10m+,15,3.6
Murray Bridge GH,1200,7-9,dry,4-6m,36,3.308
Murray Bridge GH,1200,7-9,dry,7-9m,41,3.268
Murray Bridge GH,1200,7-9,dry,true,56,3.157
Murray Bridge GH,1200,7-9,heavy,10m+,6,3.183
Murray Bridge GH,1200,7-9,heavy,true,5,1.44
Murray Bridge GH,1200,7-9,soft,1-3m,5,3.86
Murray Bridge GH,1200,7-9,soft,10m+,14,3.843
Murray Bridge GH,1200,7-9,soft,4-6m,12,3.108
Murray Bridge GH,1200,7-9,soft,7-9m,27,2.881
Murray Bridge GH,1200,7-9,soft,true,52,3.54
Murray Bridge GH,1400,1-3,dry,1-3m,6,3.467
Murray Bridge GH,1400,1-3,dry,10m+,21,2.89
Murray Bridge GH,1400,1-3,dry,4-6m,39,3.51
Murray Bridge GH,1400,1-3,dry,7-9m,45,3.744
Murray Bridge GH,1400,1-3,dry,true,84,3.204
Murray Bridge GH,1400,1-3,heavy,10m+,9,2.922
Murray Bridge GH,1400,1-3,soft,1-3m,15,3.453
Murray Bridge GH,1400,1-3,soft,10m+,24,3.104
Murray Bridge GH,1400,1-3,soft,4-6m,21,4.538
Murray Bridge GH,1400,1-3,soft,7-9m,15,3.553
Murray Bridge GH,1400,1-3,soft,true,30,2.8
Murray Bridge GH,1400,10-12,dry,1-3m,4,6.45
Murray Bridge GH,1400,10-12,dry,10m+,15,4.727
Murray Bridge GH,1400,10-12,dry,4-6m,37,4.108
Murray Bridge GH,1400,10-12,dry,7-9m,43,4.372
Murray Bridge GH,1400,10-12,dry,true,53,4.094
Murray Bridge GH,1400,10-12,heavy,10m+,6,3.133
Murray Bridge GH,1400,10-12,soft,1-3m,14,6.843
Murray Bridge GH,1400,10-12,soft,10m+,21,5.09
Murray Bridge GH,1400,10-12,soft,4-6m,19,4.279
Murray Bridge GH,1400,10-12,soft,7-9m,15,3.707
Murray Bridge GH,1400,10-12,soft,true,28,4.543
Murray Bridge GH,1400,13+,dry,1-3m,1,8.0
Murray Bridge GH,1400,13+,dry,10m+,4,5.45
Murray Bridge GH,1400,13+,dry,4-6m,13,3.554
Murray Bridge GH,1400,13+,dry,7-9m,19,5.442
Murray Bridge GH,1400,13+,dry,true,32,5.85
Murray Bridge GH,1400,13+,heavy,10m+,2,3.45
Murray Bridge GH,1400,13+,soft,1-3m,7,5.029
Murray Bridge GH,1400,13+,soft,10m+,3,4.6
Murray Bridge GH,1400,13+,soft,4-6m,8,4.738
Murray Bridge GH,1400,13+,soft,7-9m,6,4.467
Murray Bridge GH,1400,13+,soft,true,12,5.117
Murray Bridge GH,1400,4-6,dry,1-3m,6,5.117
Murray Bridge GH,1400,4-6,dry,10m+,21,2.59
Murray Bridge GH,1400,4-6,dry,4-6m,39,3.477
Murray Bridge GH,1400,4-6,dry,7-9m,45,4.056
Murray Bridge GH,1400,4-6,dry,true,84,3.511
Murray Bridge GH,1400,4-6,heavy,10m+,9,4.067
Murray Bridge GH,1400,4-6,soft,1-3m,15,3.593
Murray Bridge GH,1400,4-6,soft,10m+,24,3.35
Murray Bridge GH,1400,4-6,soft,4-6m,21,4.695
Murray Bridge GH,1400,4-6,soft,7-9m,15,3.42
Murray Bridge GH,1400,4-6,soft,true,30,4.363
Murray Bridge GH,1400,7-9,dry,1-3m,6,5.15
Murray Bridge GH,1400,7-9,dry,10m+,21,3.048
Murray Bridge GH,1400,7-9,dry,4-6m,39,4.133
Murray Bridge GH,1400,7-9,dry,7-9m,45,3.413
Murray Bridge GH,1400,7-9,dry,true,78,4.181
Murray Bridge GH,1400,7-9,heavy,10m+,9,4.144
Murray Bridge GH,1400,7-9,soft,1-3m,14,3.136
Murray Bridge GH,1400,7-9,soft,10m+,24,3.421
Murray Bridge GH,1400,7-9,soft,4-6m,21,4.981
Murray Bridge GH,1400,7-9,soft,7-9m,15,4.213
Murray Bridge GH,1400,7-9,soft,true,30,4.453
Murray Bridge GH,1600,1-3,dry,1-3m,9,4.322
Murray Bridge GH,1600,1-3,dry,10m+,6,3.317
Murray Bridge GH,1600,1-3,dry,4-6m,18,3.372
Murray Bridge GH,1600,1-3,dry,7-9m,24,3.717
Murray Bridge GH,1600,1-3,dry,true,30,3.83
Murray Bridge GH,1600,1-3,heavy,10m+,3,3.433
Murray Bridge GH,1600,1-3,soft,1-3m,9,2.544
Murray Bridge GH,1600,1-3,soft,10m+,12,3.208
Murray Bridge GH,1600,1-3,soft,4-6m,9,3.9
Murray Bridge GH,1600,1-3,soft,7-9m,18,3.633
Murray Bridge GH,1600,1-3,soft,true,24,4.421
Murray Bridge GH,1600,10-12,dry,1-3m,7,3.357
Murray Bridge GH,1600,10-12,dry,10m+,5,3.2
Murray Bridge GH,1600,10-12,dry,4-6m,12,2.892
Murray Bridge GH,1600,10-12,dry,7-9m,19,3.116
Murray Bridge GH,1600,10-12,dry,true,19,4.179
Murray Bridge GH,1600,10-12,heavy,10m+,2,3.55
Murray Bridge GH,1600,10-12,soft,1-3m,4,6.6
Murray Bridge GH,1600,10-12,soft,10m+,6,5.9
Murray Bridge GH,1600,10-12,soft,4-6m,8,5.425
Murray Bridge GH,1600,10-12,soft,7-9m,18,5.206
Murray Bridge GH,1600,10-12,soft,true,12,5.083
Murray Bridge GH,1600,13+,dry,4-6m,6,5.083
Murray Bridge GH,1600,13+,dry,7-9m,12,5.717
Murray Bridge GH,1600,13+,dry,true,4,4.625
Murray Bridge GH,1600,13+,soft,10m+,2,5.6
Murray Bridge GH,1600,13+,soft,4-6m,1,8.5
Murray Bridge GH,1600,13+,soft,7-9m,14,6.686
Murray Bridge GH,1600,13+,soft,true,4,7.375
Murray Bridge GH,1600,4-6,dry,1-3m,9,3.033
Murray Bridge GH,1600,4-6,dry,10m+,6,3.067
Murray Bridge GH,1600,4-6,dry,4-6m,17,4.471
Murray Bridge GH,1600,4-6,dry,7-9m,24,4.267
Murray Bridge GH,1600,4-6,dry,true,30,3.097
Murray Bridge GH,1600,4-6,heavy,10m+,3,2.967
Murray Bridge GH,1600,4-6,soft,1-3m,9,3.778
Murray Bridge GH,1600,4-6,soft,10m+,12,3.858
Murray Bridge GH,1600,4-6,soft,4-6m,9,3.222
Murray Bridge GH,1600,4-6,soft,7-9m,18,3.883
Murray Bridge GH,1600,4-6,soft,true,24,4.775
Murray Bridge GH,1600,7-9,dry,1-3m,9,3.533
Murray Bridge GH,1600,7-9,dry,10m+,6,1.617
Murray Bridge GH,1600,7-9,dry,4-6m,17,4.871
Murray Bridge GH,1600,7-9,dry,7-9m,22,4.691
Murray Bridge GH,1600,7-9,dry,true,28,3.446
Murray Bridge GH,1600,7-9,heavy,10m+,3,3.067
Murray Bridge GH,1600,7-9,soft,1-3m,8,3.862
Murray Bridge GH,1600,7-9,soft,10m+,12,2.625
Murray Bridge GH,1600,7-9,soft,4-6m,9,5.056
Murray Bridge GH,1600,7-9,soft,7-9m,18,4.767
Murray Bridge GH,1600,7-9,soft,true,22,6.4
Murray Bridge GH,1800,1-3,dry,1-3m,3,3.733
Murray Bridge GH,1800,1-3,dry,10m+,3,2.033
Murray Bridge GH,1800,1-3,dry,4-6m,17,4.382
Murray Bridge GH,1800,1-3,dry,7-9m,12,3.383
Murray Bridge GH,1800,1-3,dry,true,21,4.595
Murray Bridge GH,1800,1-3,heavy,true,6,2.883
Murray Bridge GH,1800,1-3,soft,1-3m,6,5.45
Murray Bridge GH,1800,1-3,soft,10m+,3,3.633
Murray Bridge GH,1800,1-3,soft,4-6m,6,5.95
Murray Bridge GH,1800,1-3,soft,7-9m,18,4.672
Murray Bridge GH,1800,1-3,soft,true,15,3.3
Murray Bridge GH,1800,10-12,dry,10m+,3,2.333
Murray Bridge GH,1800,10-12,dry,4-6m,15,3.027
Murray Bridge GH,1800,10-12,dry,7-9m,10,4.75
Murray Bridge GH,1800,10-12,dry,true,9,8.2
Murray Bridge GH,1800,10-12,heavy,true,1,7.2
Murray Bridge GH,1800,10-12,soft,1-3m,3,2.367
Murray Bridge GH,1800,10-12,soft,10m+,1,8.5
Murray Bridge GH,1800,10-12,soft,4-6m,4,4.275
Murray Bridge GH,1800,10-12,soft,7-9m,16,4.069
Murray Bridge GH,1800,10-12,soft,true,12,7.067
Murray Bridge GH,1800,13+,dry,10m+,1,6.1
Murray Bridge GH,1800,13+,dry,4-6m,13,3.569
Murray Bridge GH,1800,13+,dry,7-9m,2,3.85
Murray Bridge GH,1800,13+,dry,true,7,4.4
Murray Bridge GH,1800,13+,soft,7-9m,8,3.738
Murray Bridge GH,1800,13+,soft,true,7,7.229
Murray Bridge GH,1800,4-6,dry,1-3m,3,3.2
Murray Bridge GH,1800,4-6,dry,10m+,3,2.933
Murray Bridge GH,1800,4-6,dry,4-6m,18,4.678
Murray Bridge GH,1800,4-6,dry,7-9m,12,5.617
Murray Bridge GH,1800,4-6,dry,true,21,4.59
Murray Bridge GH,1800,4-6,heavy,true,6,3.533
Murray Bridge GH,1800,4-6,soft,1-3m,6,5.167
Murray Bridge GH,1800,4-6,soft,10m+,3,2.933
Murray Bridge GH,1800,4-6,soft,4-6m,6,5.117
Murray Bridge GH,1800,4-6,soft,7-9m,18,3.328
Murray Bridge GH,1800,4-6,soft,true,15,4.68
Murray Bridge GH,1800,7-9,dry,1-3m,3,0.667
Murray Bridge GH,1800,7-9,dry,10m+,3,4.6
Murray Bridge GH,1800,7-9,dry,4-6m,16,4.638
Murray Bridge GH,1800,7-9,dry,7-9m,11,4.191
Murray Bridge GH,1800,7-9,dry,true,17,7.047
Murray Bridge GH,1800,7-9,heavy,true,5,2.94
Murray Bridge GH,1800,7-9,soft,1-3m,6,7.55
Murray Bridge GH,1800,7-9,soft,10m+,3,4.9
Murray Bridge GH,1800,7-9,soft,4-6m,6,4.8
Murray Bridge GH,1800,7-9,soft,7-9m,17,3.365
Murray Bridge GH,1800,7-9,soft,true,14,5.436
Murray Bridge GH,2000,1-3,dry,1-3m,3,0.7
Murray Bridge GH,2000,1-3,dry,10m+,12,6.2
Murray Bridge GH,2000,1-3,dry,4-6m,12,3.275
Murray Bridge GH,2000,1-3,dry,7-9m,18,3.55
Murray Bridge GH,2000,1-3,dry,true,24,4.383
Murray Bridge GH,2000,1-3,heavy,10m+,3,6.367
Murray Bridge GH,2000,1-3,soft,1-3m,6,2.283
Murray Bridge GH,2000,1-3,soft,10m+,9,4.122
Murray Bridge GH,2000,1-3,soft,4-6m,6,2.133
Murray Bridge GH,2000,1-3,soft,7-9m,6,2.783
Murray Bridge GH,2000,1-3,soft,true,15,2.72
Murray Bridge GH,2000,10-12,dry,10m+,9,4.733
Murray Bridge GH,2000,10-12,dry,4-6m,12,4.667
Murray Bridge GH,2000,10-12,dry,7-9m,11,3.509
Murray Bridge GH,2000,10-12,dry,true,11,6.336
Murray Bridge GH,2000,10-12,heavy,10m+,3,4.3
Murray Bridge GH,2000,10-12,soft,1-3m,5,5.7
Murray Bridge GH,2000,10-12,soft,10m+,6,2.5
Murray Bridge GH,2000,10-12,soft,4-6m,4,4.0
Murray Bridge GH,2000,10-12,soft,7-9m,3,3.833
Murray Bridge GH,2000,10-12,soft,true,7,4.886
Murray Bridge GH,2000,13+,dry,10m+,2,13.25
Murray Bridge GH,2000,13+,dry,4-6m,4,7.25
Murray Bridge GH,2000,13+,dry,7-9m,3,4.4
Murray Bridge GH,2000,13+,dry,true,4,7.9
Murray Bridge GH,2000,13+,heavy,10m+,2,6.0
Murray Bridge GH,2000,13+,soft,10m+,2,4.55
Murray Bridge GH,2000,13+,soft,4-6m,1,0.9
Murray Bridge GH,2000,4-6,dry,1-3m,3,4.467
Murray Bridge GH,2000,4-6,dry,10m+,12,4.433
Murray Bridge GH,2000,4-6,dry,4-6m,12,4.158
Murray Bridge GH,2000,4-6,dry,7-9m,18,3.917
Murray Bridge GH,2000,4-6,dry,true,24,4.408
Murray Bridge GH,2000,4-6,heavy,10m+,3,2.067
Murray Bridge GH,2000,4-6,soft,1-3m,6,3.267
Murray Bridge GH,2000,4-6,soft,10m+,9,2.211
Murray Bridge GH,2000,4-6,soft,4-6m,6,2.95
Murray Bridge GH,2000,4-6,soft,7-9m,6,3.717
Murray Bridge GH,2000,4-6,soft,true,15,2.647
Murray Bridge GH,2000,7-9,dry,1-3m,2,4.0
Murray Bridge GH,2000,7-9,dry,10m+,12,5.808
Murray Bridge GH,2000,7-9,dry,4-6m,12,2.475
Murray Bridge GH,2000,7-9,dry,7-9m,17,3.241
Murray Bridge GH,2000,7-9,dry,true,16,4.45
Murray Bridge GH,2000,7-9,heavy,10m+,3,1.333
Murray Bridge GH,2000,7-9,soft,1-3m,6,3.783
Murray Bridge GH,2000,7-9,soft,10m+,7,3.543
Murray Bridge GH,2000,7-9,soft,4-6m,6,4.133
Murray Bridge GH,2000,7-9,soft,7-9m,6,4.117
Murray Bridge GH,2000,7-9,soft,true,13,3.585
Murray Bridge GH,2500,1-3,dry,4-6m,3,2.7
Murray Bridge GH,2500,1-3,dry,7-9m,5,4.46
Murray Bridge GH,2500,1-3,dry,true,6,3.417
Murray Bridge GH,2500,1-3,soft,1-3m,6,4.917
Murray Bridge GH,2500,1-3,soft,true,3,1.7
Murray Bridge GH,2500,10-12,dry,4-6m,3,6.433
Murray Bridge GH,2500,10-12,dry,7-9m,1,7.8
Murray Bridge GH,2500,10-12,dry,true,2,3.6
Murray Bridge GH,2500,10-12,soft,1-3m,1,2.8
Murray Bridge GH,2500,10-12,soft,true,2,3.5
Murray Bridge GH,2500,13+,dry,4-6m,2,10.9
Murray Bridge GH,2500,4-6,dry,4-6m,3,2.867
Murray Bridge GH,2500,4-6,dry,7-9m,6,3.967
Murray Bridge GH,2500,4-6,dry,true,6,3.283
Murray Bridge GH,2500,4-6,soft,1-3m,6,4.183
Murray Bridge GH,2500,4-6,soft,true,3,3.5
Murray Bridge GH,2500,7-9,dry,4-6m,3,5.367
Murray Bridge GH,2500,7-9,dry,7-9m,5,6.26
Murray Bridge GH,2500,7-9,dry,true,5,2.04
Murray Bridge GH,2500,7-9,soft,1-3m,5,2.48
Murray Bridge GH,2500,7-9,soft,true,3,4.867
Pakenham,1000,1-3,dry,1-3m,38,1.245
Pakenham,1000,1-3,dry,4-6m,27,2.196
Pakenham,1000,1-3,dry,7-9m,26,1.508
Pakenham,1000,1-3,dry,true,39,2.062
Pakenham,1000,1-3,heavy,4-6m,3,0.7
Pakenham,1000,1-3,heavy,true,6,1.1
Pakenham,1000,1-3,soft,1-3m,3,2.167
Pakenham,1000,1-3,soft,4-6m,12,1.35
Pakenham,1000,1-3,soft,7-9m,18,1.306
Pakenham,1000,1-3,soft,true,15,1.527
Pakenham,1000,10-12,dry,1-3m,12,2.9
Pakenham,1000,10-12,dry,4-6m,14,4.1
Pakenham,1000,10-12,dry,7-9m,7,3.843
Pakenham,1000,10-12,dry,true,17,3.271
Pakenham,1000,10-12,soft,4-6m,8,2.412
Pakenham,1000,10-12,soft,7-9m,5,3.2
Pakenham,1000,4-6,dry,1-3m,39,1.823
Pakenham,1000,4-6,dry,4-6m,27,1.778
Pakenham,1000,4-6,dry,7-9m,27,2.0
Pakenham,1000,4-6,dry,true,39,1.949
Pakenham,1000,4-6,heavy,4-6m,3,1.533
Pakenham,1000,4-6,heavy,true,6,1.55
Pakenham,1000,4-6,soft,1-3m,3,2.267
Pakenham,1000,4-6,soft,4-6m,12,1.65
Pakenham,1000,4-6,soft,7-9m,18,1.933
Pakenham,1000,4-6,soft,true,15,1.647
Pakenham,1000,7-9,dry,1-3m,29,3.114
Pakenham,1000,7-9,dry,4-6m,24,2.242
Pakenham,1000,7-9,dry,7-9m,22,2.609
Pakenham,1000,7-9,dry,true,34,2.388
Pakenham,1000,7-9,heavy,4-6m,2,2.7
Pakenham,1000,7-9,heavy,true,1,1.3
Pakenham,1000,7-9,soft,1-3m,1,0.0
Pakenham,1000,7-9,soft,4-6m,9,2.133
Pakenham,1000,7-9,soft,7-9m,16,2.119
Pakenham,1000,7-9,soft,true,10,2.16
Pakenham,1100,1-3,dry,1-3m,9,1.556
Pakenham,1100,1-3,dry,4-6m,9,1.8
Pakenham,1100,1-3,dry,7-9m,6,1.983
Pakenham,1100,1-3,dry,true,18,1.872
Pakenham,1100,1-3,heavy,1-3m,3,0.767
Pakenham,1100,1-3,heavy,4-6m,9,1.267
Pakenham,1100,1-3,soft,1-3m,6,1.067
Pakenham,1100,1-3,soft,4-6m,9,1.544
Pakenham,1100,1-3,soft,true,3,0.733
Pakenham,1100,10-12,dry,4-6m,4,5.475
Pakenham,1100,10-12,dry,7-9m,1,4.0
Pakenham,1100,10-12,dry,true,3,3.2
Pakenham,1100,10-12,soft,4-6m,4,3.625
Pakenham,1100,10-12,soft,true,2,5.15
Pakenham,1100,4-6,dry,1-3m,9,1.922
Pakenham,1100,4-6,dry,4-6m,9,1.656
Pakenham,1100,4-6,dry,7-9m,6,1.25
Pakenham,1100,4-6,dry,true,18,1.694
Pakenham,1100,4-6,heavy,1-3m,3,1.6
Pakenham,1100,4-6,heavy,4-6m,9,1.8
Pakenham,1100,4-6,soft,1-3m,6,2.633
Pakenham,1100,4-6,soft,4-6m,9,1.611
Pakenham,1100,4-6,soft,true,3,1.6
Pakenham,1100,7-9,dry,1-3m,6,3.417
Pakenham,1100,7-9,dry,4-6m,8,3.575
Pakenham,1100,7-9,dry,7-9m,5,2.22
Pakenham,1100,7-9,dry,true,9,2.233
Pakenham,1100,7-9,heavy,1-3m,2,3.55
Pakenham,1100,7-9,heavy,4-6m,4,4.225
Pakenham,1100,7-9,soft,1-3m,3,3.2
Pakenham,1100,7-9,soft,4-6m,9,2.089
Pakenham,1100,7-9,soft,true,3,3.267
Pakenham,1200,1-3,dry,1-3m,51,2.29
Pakenham,1200,1-3,dry,4-6m,63,2.508
Pakenham,1200,1-3,dry,7-9m,69,2.277
Pakenham,1200,1-3,dry,true,81,2.159
Pakenham,1200,1-3,heavy,1-3m,9,1.956
Pakenham,1200,1-3,heavy,true,15,2.767
Pakenham,1200,1-3,soft,1-3m,18,1.861
Pakenham,1200,1-3,soft,4-6m,50,2.15
Pakenham,1200,1-3,soft,7-9m,21,2.376
Pakenham,1200,1-3,soft,true,33,1.818
Pakenham,1200,10-12,dry,1-3m,23,3.943
Pakenham,1200,10-12,dry,4-6m,24,3.467
Pakenham,1200,10-12,dry,7-9m,25,3.204
Pakenham,1200,10-12,dry,true,25,3.124
Pakenham,1200,10-12,heavy,1-3m,2,2.2
Pakenham,1200,10-12,heavy,true,6,2.85
Pakenham,1200,10-12,soft,1-3m,5,3.44
Pakenham,1200,10-12,soft,4-6m,8,3.638
Pakenham,1200,10-12,soft,7-9m,6,3.267
Pakenham,1200,10-12,soft,true,5,4.3
Pakenham,1200,13+,dry,1-3m,4,3.85
Pakenham,1200,13+,dry,7-9m,1,8.6
Pakenham,1200,4-6,dry,1-3m,51,2.62
Pakenham,1200,4-6,dry,4-6m,63,2.468
Pakenham,1200,4-6,dry,7-9m,69,2.784
Pakenham,1200,4-6,dry,true,79,2.444
Pakenham,1200,4-6,heavy,1-3m,9,1.956
Pakenham,1200,4-6,heavy,true,15,2.26
Pakenham,1200,4-6,soft,1-3m,18,2.283
Pakenham,1200,4-6,soft,4-6m,50,2.436
Pakenham,1200,4-6,soft,7-9m,21,2.21
Pakenham,1200,4-6,soft,true,33,3.073
Pakenham,1200,7-9,dry,1-3m,44,3.218
Pakenham,1200,7-9,dry,4-6m,53,3.172
Pakenham,1200,7-9,dry,7-9m,62,2.694
Pakenham,1200,7-9,dry,true,65,3.454
Pakenham,1200,7-9,heavy,1-3m,5,2.44
Pakenham,1200,7-9,heavy,true,14,2.493
Pakenham,1200,7-9,soft,1-3m,12,3.333
Pakenham,1200,7-9,soft,4-6m,32,2.706
Pakenham,1200,7-9,soft,7-9m,18,3.356
Pakenham,1200,7-9,soft,true,24,2.65
Pakenham,1400,1-3,dry,1-3m,63,3.614
Pakenham,1400,1-3,dry,4-6m,78,3.064
Pakenham,1400,1-3,dry,7-9m,81,2.894
Pakenham,1400,1-3,dry,true,110,2.926
Pakenham,1400,1-3,heavy,1-3m,6,1.25
Pakenham,1400,1-3,heavy,4-6m,12,2.8
Pakenham,1400,1-3,heavy,true,21,2.438
Pakenham,1400,1-3,soft,1-3m,27,2.585
Pakenham,1400,1-3,soft,4-6m,48,2.908
Pakenham,1400,1-3,soft,7-9m,33,3.161
Pakenham,1400,1-3,soft,true,21,2.795
Pakenham,1400,10-12,dry,1-3m,21,4.533
Pakenham,1400,10-12,dry,4-6m,23,4.852
Pakenham,1400,10-12,dry,7-9m,36,3.55
Pakenham,1400,10-12,dry,true,44,4.352
Pakenham,1400,10-12,heavy,4-6m,1,3.7
Pakenham,1400,10-12,heavy,true,2,3.95
Pakenham,1400,10-12,soft,1-3m,7,3.4
Pakenham,1400,10-12,soft,4-6m,12,4.967
Pakenham,1400,10-12,soft,7-9m,9,5.656
Pakenham,1400,10-12,soft,true,11,5.282
Pakenham,1400,13+,dry,1-3m,2,0.5
Pakenham,1400,13+,dry,7-9m,2,3.55
Pakenham,1400,13+,dry,true,1,8.1
Pakenham,1400,4-6,dry,1-3m,63,3.779
Pakenham,1400,4-6,dry,4-6m,76,3.083
Pakenham,1400,4-6,dry,7-9m,79,3.387
Pakenham,1400,4-6,dry,true,111,3.357
Pakenham,1400,4-6,heavy,1-3m,6,3.0
Pakenham,1400,4-6,heavy,4-6m,12,3.308
Pakenham,1400,4-6,heavy,true,21,3.524
Pakenham,1400,4-6,soft,1-3m,26,3.415
Pakenham,1400,4-6,soft,4-6m,48,3.142
Pakenham,1400,4-6,soft,7-9m,33,4.07
Pakenham,1400,4-6,soft,true,21,3.967
Pakenham,1400,7-9,dry,1-3m,49,4.145
Pakenham,1400,7-9,dry,4-6m,63,3.9
Pakenham,1400,7-9,dry,7-9m,75,3.799
Pakenham,1400,7-9,dry,true,102,4.117
Pakenham,1400,7-9,heavy,1-3m,3,1.767
Pakenham,1400,7-9,heavy,4-6m,7,2.943
Pakenham,1400,7-9,heavy,true,16,3.588
Pakenham,1400,7-9,soft,1-3m,19,3.153
Pakenham,1400,7-9,soft,4-6m,39,3.079
Pakenham,1400,7-9,soft,7-9m,26,4.142
Pakenham,1400,7-9,soft,true,18,4.372
Pakenham,1600,1-3,dry,1-3m,35,2.991
Pakenham,1600,1-3,dry,4-6m,54,3.343
Pakenham,1600,1-3,dry,7-9m,67,2.937
Pakenham,1600,1-3,dry,true,47,3.111
Pakenham,1600,1-3,heavy,1-3m,9,1.944
Pakenham,1600,1-3,heavy,4-6m,3,2.767
Pakenham,1600,1-3,heavy,true,3,4.1
Pakenham,1600,1-3,soft,1-3m,18,3.017
Pakenham,1600,1-3,soft,4-6m,39,3.926
Pakenham,1600,1-3,soft,7-9m,18,3.711
Pakenham,1600,1-3,soft,true,24,2.671
Pakenham,1600,10-12,dry,1-3m,19,4.368
Pakenham,1600,10-12,dry,4-6m,17,5.0
Pakenham,1600,10-12,dry,7-9m,24,5.654
Pakenham,1600,10-12,dry,true,15,3.647
Pakenham,1600,10-12,soft,1-3m,1,0.6
Pakenham,1600,10-12,soft,4-6m,9,3.578
Pakenham,1600,10-12,soft,7-9m,4,8.875
Pakenham,1600,10-12,soft,true,7,2.529
Pakenham,1600,4-6,dry,1-3m,35,3.706
Pakenham,1600,4-6,dry,4-6m,54,4.25
Pakenham,1600,4-6,dry,7-9m,69,3.245
Pakenham,1600,4-6,dry,true,48,3.477
Pakenham,1600,4-6,heavy,1-3m,9,2.156
Pakenham,1600,4-6,heavy,4-6m,3,2.0
Pakenham,1600,4-6,heavy,true,3,2.267
Pakenham,1600,4-6,soft,1-3m,18,2.7
Pakenham,1600,4-6,soft,4-6m,39,3.074
Pakenham,1600,4-6,soft,7-9m,18,4.367
Pakenham,1600,4-6,soft,true,24,2.996
Pakenham,1600,7-9,dry,1-3m,34,3.391
Pakenham,1600,7-9,dry,4-6m,48,5.01
Pakenham,1600,7-9,dry,7-9m,59,3.936
Pakenham,1600,7-9,dry,true,36,4.047
Pakenham,1600,7-9,heavy,4-6m,1,4.4
Pakenham,1600,7-9,heavy,true,3,4.6
Pakenham,1600,7-9,soft,1-3m,13,2.008
Pakenham,1600,7-9,soft,4-6m,32,4.2
Pakenham,1600,7-9,soft,7-9m,15,3.593
Pakenham,1600,7-9,soft,true,16,3.375
Pakenham,2000,1-3,dry,1-3m,12,2.758
Pakenham,2000,1-3,dry,4-6m,15,2.873
Pakenham,2000,1-3,dry,7-9m,15,3.433
Pakenham,2000,1-3,dry,true,27,3.104
Pakenham,2000,1-3,heavy,1-3m,3,1.267
Pakenham,2000,1-3,heavy,4-6m,9,2.544
Pakenham,2000,1-3,heavy,true,3,3.4
Pakenham,2000,1-3,soft,1-3m,3,3.0
Pakenham,2000,1-3,soft,4-6m,12,3.958
Pakenham,2000,1-3,soft,7-9m,9,2.456
Pakenham,2000,1-3,soft,true,6,3.517
Pakenham,2000,10-12,dry,1-3m,3,3.6
Pakenham,2000,10-12,dry,4-6m,12,4.358
Pakenham,2000,10-12,dry,7-9m,9,2.967
Pakenham,2000,10-12,dry,true,19,5.258
Pakenham,2000,10-12,heavy,4-6m,5,4.82
Pakenham,2000,10-12,heavy,true,1,2.9
Pakenham,2000,10-12,soft,1-3m,3,2.933
Pakenham,2000,10-12,soft,4-6m,7,5.586
Pakenham,2000,10-12,soft,7-9m,6,4.7
Pakenham,2000,10-12,soft,true,3,3.767
Pakenham,2000,13+,dry,1-3m,1,0.4
Pakenham,2000,4-6,dry,1-3m,12,3.033
Pakenham,2000,4-6,dry,4-6m,15,3.22
Pakenham,2000,4-6,dry,7-9m,15,2.487
Pakenham,2000,4-6,dry,true,26,3.835
Pakenham,2000,4-6,heavy,1-3m,3,3.667
Pakenham,2000,4-6,heavy,4-6m,8,4.125
Pakenham,2000,4-6,heavy,true,3,4.333
Pakenham,2000,4-6,soft,1-3m,3,3.9
Pakenham,2000,4-6,soft,4-6m,12,5.417
Pakenham,2000,4-6,soft,7-9m,9,3.067
Pakenham,2000,4-6,soft,true,6,3.45
Pakenham,2000,7-9,dry,1-3m,9,5.211
Pakenham,2000,7-9,dry,4-6m,15,3.74
Pakenham,2000,7-9,dry,7-9m,13,3.431
Pakenham,2000,7-9,dry,true,27,4.052
Pakenham,2000,7-9,heavy,1-3m,2,3.3
Pakenham,2000,7-9,heavy,4-6m,9,4.689
Pakenham,2000,7-9,heavy,true,3,1.2
Pakenham,2000,7-9,soft,1-3m,3,2.4
Pakenham,2000,7-9,soft,4-6m,12,5.933
Pakenham,2000,7-9,soft,7-9m,6,3.883
Pakenham,2000,7-9,soft,true,5,1.98
Pakenham,2500,1-3,dry,1-3m,14,3.321
Pakenham,2500,1-3,dry,4-6m,21,3.457
Pakenham,2500,1-3,dry,true,15,3.953
Pakenham,2500,1-3,soft,1-3m,3,2.133
Pakenham,2500,1-3,soft,4-6m,6,2.8
Pakenham,2500,1-3,soft,true,3,3.9
Pakenham,2500,10-12,dry,1-3m,5,6.28
Pakenham,2500,10-12,dry,4-6m,4,6.2
Pakenham,2500,10-12,dry,true,10,5.2
Pakenham,2500,10-12,soft,1-3m,1,3.5
Pakenham,2500,10-12,soft,4-6m,3,3.4
Pakenham,2500,10-12,soft,true,3,3.0
Pakenham,2500,13+,dry,1-3m,4,3.9
Pakenham,2500,4-6,dry,1-3m,14,2.536
Pakenham,2500,4-6,dry,4-6m,21,3.314
Pakenham,2500,4-6,dry,true,15,4.647
Pakenham,2500,4-6,soft,1-3m,3,2.6
Pakenham,2500,4-6,soft,4-6m,6,2.933
Pakenham,2500,4-6,soft,true,3,4.6
Pakenham,2500,7-9,dry,1-3m,8,4.575
Pakenham,2500,7-9,dry,4-6m,12,2.925
Pakenham,2500,7-9,dry,true,13,4.1
Pakenham,2500,7-9,soft,1-3m,3,2.3
Pakenham,2500,7-9,soft,4-6m,6,3.083
Pakenham,2500,7-9,soft,true,3,4.567
Pakenham,2600,1-3,dry,7-9m,21,3.543
Pakenham,2600,10-12,dry,7-9m,2,1.0
Pakenham,2600,4-6,dry,7-9m,21,2.876
Pakenham,2600,7-9,dry,7-9m,16,4.244
Rockhampton,1000,1-3,dry,1-3m,9,2.589
Rockhampton,1000,1-3,dry,4-6m,54,2.12
Rockhampton,1000,1-3,heavy,4-6m,3,1.833
Rockhampton,1000,1-3,heavy,7-9m,6,1.8
Rockhampton,1000,1-3,soft,1-3m,9,3.322
Rockhampton,1000,1-3,soft,4-6m,116,2.114
Rockhampton,1000,1-3,soft,7-9m,30,2.557
Rockhampton,1000,1-3,soft,true,3,1.433
Rockhampton,1000,10-12,dry,1-3m,1,1.0
Rockhampton,1000,10-12,dry,4-6m,9,4.2
Rockhampton,1000,10-12,soft,1-3m,3,2.867
Rockhampton,1000,10-12,soft,4-6m,19,4.095
Rockhampton,1000,10-12,soft,7-9m,2,3.55
Rockhampton,1000,10-12,soft,true,2,1.9
Rockhampton,1000,4-6,dry,1-3m,9,2.7
Rockhampton,1000,4-6,dry,4-6m,53,2.347
Rockhampton,1000,4-6,heavy,4-6m,3,1.8
Rockhampton,1000,4-6,heavy,7-9m,5,1.56
Rockhampton,1000,4-6,soft,1-3m,9,3.033
Rockhampton,1000,4-6,soft,4-6m,115,2.576
Rockhampton,1000,4-6,soft,7-9m,28,3.161
Rockhampton,1000,4-6,soft,true,3,3.467
Rockhampton,1000,7-9,dry,1-3m,6,3.617
Rockhampton,1000,7-9,dry,4-6m,33,2.855
Rockhampton,1000,7-9,heavy,4-6m,1,2.1
Rockhampton,1000,7-9,heavy,7-9m,1,0.9
Rockhampton,1000,7-9,soft,1-3m,6,2.283
Rockhampton,1000,7-9,soft,4-6m,67,2.803
Rockhampton,1000,7-9,soft,7-9m,20,2.605
Rockhampton,1000,7-9,soft,true,3,3.1
Rockhampton,1100,1-3,dry,1-3m,18,2.022
Rockhampton,1100,1-3,dry,4-6m,39,2.977
Rockhampton,1100,1-3,dry,7-9m,6,1.883
Rockhampton,1100,1-3,dry,true,6,1.483
Rockhampton,1100,1-3,heavy,4-6m,9,3.711
Rockhampton,1100,1-3,heavy,true,3,2.667
Rockhampton,1100,1-3,soft,1-3m,6,2.633
Rockhampton,1100,1-3,soft,4-6m,107,2.509
Rockhampton,1100,1-3,soft,7-9m,24,2.588
Rockhampton,1100,1-3,soft,true,3,1.333
Rockhampton,1100,10-12,dry,1-3m,1,6.5
Rockhampton,1100,10-12,dry,4-6m,9,4.1
Rockhampton,1100,10-12,heavy,4-6m,3,2.5
Rockhampton,1100,10-12,heavy,true,1,0.0
Rockhampton,1100,10-12,soft,1-3m,1,5.0
Rockhampton,1100,10-12,soft,4-6m,22,4.345
Rockhampton,1100,10-12,soft,7-9m,2,6.2
Rockhampton,1100,10-12,soft,true,3,3.867
Rockhampton,1100,13+,heavy,4-6m,2,2.9
Rockhampton,1100,13+,soft,4-6m,3,3.833
Rockhampton,1100,4-6,dry,1-3m,15,2.127
Rockhampton,1100,4-6,dry,4-6m,38,3.126
Rockhampton,1100,4-6,dry,7-9m,6,3.25
Rockhampton,1100,4-6,dry,true,6,3.083
Rockhampton,1100,4-6,heavy,4-6m,9,3.189
Rockhampton,1100,4-6,heavy,true,3,2.533
Rockhampton,1100,4-6,soft,1-3m,5,2.04
Rockhampton,1100,4-6,soft,4-6m,106,2.665
Rockhampton,1100,4-6,soft,7-9m,21,2.79
Rockhampton,1100,4-6,soft,true,3,2.333
Rockhampton,1100,7-9,dry,1-3m,4,4.925
Rockhampton,1100,7-9,dry,4-6m,30,3.453
Rockhampton,1100,7-9,dry,7-9m,3,1.633
Rockhampton,1100,7-9,dry,true,5,3.28
Rockhampton,1100,7-9,heavy,4-6m,6,5.583
Rockhampton,1100,7-9,heavy,true,3,3.233
Rockhampton,1100,7-9,soft,1-3m,3,2.267
Rockhampton,1100,7-9,soft,4-6m,64,3.414
Rockhampton,1100,7-9,soft,7-9m,9,2.422
Rockhampton,1100,7-9,soft,true,3,2.133
Rockhampton,1200,1-3,dry,1-3m,12,2.358
Rockhampton,1200,1-3,dry,4-6m,48,2.262
Rockhampton,1200,1-3,dry,true,6,2.533
Rockhampton,1200,1-3,heavy,1-3m,3,1.567
Rockhampton,1200,1-3,heavy,4-6m,18,2.122
Rockhampton,1200,1-3,soft,1-3m,26,3.127
Rockhampton,1200,1-3,soft,4-6m,172,2.618
Rockhampton,1200,1-3,soft,7-9m,34,2.606
Rockhampton,1200,10-12,dry,1-3m,2,1.05
Rockhampton,1200,10-12,dry,4-6m,9,5.533
Rockhampton,1200,10-12,heavy,4-6m,3,5.333
Rockhampton,1200,10-12,soft,1-3m,8,4.488
Rockhampton,1200,10-12,soft,4-6m,59,4.805
Rockhampton,1200,10-12,soft,7-9m,3,3.633
Rockhampton,1200,13+,soft,1-3m,2,6.7
Rockhampton,1200,13+,soft,4-6m,5,4.92
Rockhampton,1200,4-6,dry,1-3m,12,2.517
Rockhampton,1200,4-6,dry,4-6m,46,3.543
Rockhampton,1200,4-6,dry,true,6,2.517
Rockhampton,1200,4-6,heavy,1-3m,3,4.4
Rockhampton,1200,4-6,heavy,4-6m,16,2.344
Rockhampton,1200,4-6,soft,1-3m,25,3.684
Rockhampton,1200,4-6,soft,4-6m,170,3.196
Rockhampton,1200,4-6,soft,7-9m,36,3.058
Rockhampton,1200,7-9,dry,1-3m,8,4.825
Rockhampton,1200,7-9,dry,4-6m,32,3.903
Rockhampton,1200,7-9,dry,true,2,1.95
Rockhampton,1200,7-9,heavy,1-3m,1,1.1
Rockhampton,1200,7-9,heavy,4-6m,9,3.2
Rockhampton,1200,7-9,soft,1-3m,17,3.553
Rockhampton,1200,7-9,soft,4-6m,112,4.209
Rockhampton,1200,7-9,soft,7-9m,16,3.144
Rockhampton,1300,1-3,dry,1-3m,15,4.033
Rockhampton,1300,1-3,dry,4-6m,36,2.994
Rockhampton,1300,1-3,dry,7-9m,6,3.2
Rockhampton,1300,1-3,heavy,4-6m,3,4.867
Rockhampton,1300,1-3,heavy,true,3,1.633
Rockhampton,1300,1-3,soft,1-3m,3,4.167
Rockhampton,1300,1-3,soft,4-6m,108,3.019
Rockhampton,1300,1-3,soft,7-9m,15,3.367
Rockhampton,1300,10-12,dry,1-3m,7,5.157
Rockhampton,1300,10-12,dry,4-6m,16,6.306
Rockhampton,1300,10-12,soft,4-6m,44,5.086
Rockhampton,1300,10-12,soft,7-9m,4,5.625
Rockhampton,1300,13+,dry,1-3m,1,0.0
Rockhampton,1300,13+,dry,4-6m,1,2.5
Rockhampton,1300,13+,soft,4-6m,12,5.775
Rockhampton,1300,4-6,dry,1-3m,15,4.793
Rockhampton,1300,4-6,dry,4-6m,34,4.279
Rockhampton,1300,4-6,dry,7-9m,5,1.66
Rockhampton,1300,4-6,heavy,4-6m,3,3.767
Rockhampton,1300,4-6,heavy,true,3,3.5
Rockhampton,1300,4-6,soft,1-3m,3,5.8
Rockhampton,1300,4-6,soft,4-6m,105,3.231
Rockhampton,1300,4-6,soft,7-9m,15,2.62
Rockhampton,1300,7-9,dry,1-3m,13,4.6
Rockhampton,1300,7-9,dry,4-6m,29,5.09
Rockhampton,1300,7-9,dry,7-9m,5,6.24
Rockhampton,1300,7-9,heavy,4-6m,1,0.0
Rockhampton,1300,7-9,heavy,true,3,5.133
Rockhampton,1300,7-9,soft,1-3m,3,4.367
Rockhampton,1300,7-9,soft,4-6m,81,4.101
Rockhampton,1300,7-9,soft,7-9m,12,3.425
Rockhampton,1400,1-3,dry,1-3m,6,3.55
Rockhampton,1400,1-3,dry,4-6m,44,3.255
Rockhampton,1400,1-3,dry,7-9m,6,3.983
Rockhampton,1400,1-3,dry,true,3,0.967
Rockhampton,1400,1-3,heavy,4-6m,6,2.65
Rockhampton,1400,1-3,heavy,7-9m,3,0.667
Rockhampton,1400,1-3,soft,1-3m,12,2.817
Rockhampton,1400,1-3,soft,4-6m,108,2.935
Rockhampton,1400,1-3,soft,7-9m,39,3.246
Rockhampton,1400,10-12,dry,4-6m,12,5.8
Rockhampton,1400,10-12,heavy,4-6m,1,0.7
Rockhampton,1400,10-12,soft,1-3m,2,2.15
Rockhampton,1400,10-12,soft,4-6m,23,5.243
Rockhampton,1400,10-12,soft,7-9m,10,5.32
Rockhampton,1400,13+,dry,4-6m,1,0.0
Rockhampton,1400,13+,soft,4-6m,4,7.25
Rockhampton,1400,13+,soft,7-9m,1,1.0
Rockhampton,1400,4-6,dry,1-3m,6,2.717
Rockhampton,1400,4-6,dry,4-6m,45,3.782
Rockhampton,1400,4-6,dry,7-9m,6,2.767
Rockhampton,1400,4-6,dry,true,3,5.233
Rockhampton,1400,4-6,heavy,4-6m,6,2.85
Rockhampton,1400,4-6,heavy,7-9m,4,3.025
Rockhampton,1400,4-6,soft,1-3m,12,3.75
Rockhampton,1400,4-6,soft,4-6m,102,3.005
Rockhampton,1400,4-6,soft,7-9m,38,4.208
Rockhampton,1400,7-9,dry,1-3m,2,0.0
Rockhampton,1400,7-9,dry,4-6m,37,4.895
Rockhampton,1400,7-9,dry,7-9m,4,4.4
Rockhampton,1400,7-9,heavy,4-6m,5,4.34
Rockhampton,1400,7-9,heavy,7-9m,2,2.25
Rockhampton,1400,7-9,soft,1-3m,7,4.2
Rockhampton,1400,7-9,soft,4-6m,71,3.327
Rockhampton,1400,7-9,soft,7-9m,28,4.875
Rockhampton,1500,1-3,dry,1-3m,3,2.767
Rockhampton,1500,1-3,dry,4-6m,3,5.067
Rockhampton,1500,1-3,heavy,4-6m,3,2.7
Rockhampton,1500,1-3,heavy,7-9m,3,5.867
Rockhampton,1500,1-3,heavy,true,3,3.367
Rockhampton,1500,1-3,soft,1-3m,6,3.05
Rockhampton,1500,1-3,soft,4-6m,36,2.697
Rockhampton,1500,1-3,soft,7-9m,12,2.85
Rockhampton,1500,10-12,dry,1-3m,2,9.6
Rockhampton,1500,10-12,dry,4-6m,3,4.333
Rockhampton,1500,10-12,soft,4-6m,11,3.582
Rockhampton,1500,10-12,soft,7-9m,3,10.533
Rockhampton,1500,13+,soft,4-6m,3,3.033
Rockhampton,1500,13+,soft,7-9m,1,3.9
Rockhampton,1500,4-6,dry,1-3m,3,6.367
Rockhampton,1500,4-6,dry,4-6m,3,8.0
Rockhampton,1500,4-6,heavy,4-6m,3,3.367
Rockhampton,1500,4-6,heavy,7-9m,3,1.433
Rockhampton,1500,4-6,heavy,true,3,1.967
Rockhampton,1500,4-6,soft,1-3m,6,3.0
Rockhampton,1500,4-6,soft,4-6m,35,3.266
Rockhampton,1500,4-6,soft,7-9m,11,1.782
Rockhampton,1500,7-9,dry,1-3m,3,2.833
Rockhampton,1500,7-9,dry,4-6m,3,7.733
Rockhampton,1500,7-9,heavy,4-6m,3,6.6
Rockhampton,1500,7-9,heavy,7-9m,3,3.733
Rockhampton,1500,7-9,heavy,true,3,2.633
Rockhampton,1500,7-9,soft,1-3m,4,3.475
Rockhampton,1500,7-9,soft,4-6m,29,4.279
Rockhampton,1500,7-9,soft,7-9m,3,4.867
Rockhampton,1600,1-3,dry,1-3m,3,3.133
Rockhampton,1600,1-3,dry,4-6m,18,3.228
Rockhampton,1600,1-3,dry,7-9m,3,2.867
Rockhampton,1600,1-3,heavy,4-6m,6,2.117
Rockhampton,1600,1-3,heavy,7-9m,3,2.967
Rockhampton,1600,1-3,heavy,true,3,3.267
Rockhampton,1600,1-3,soft,1-3m,12,3.975
Rockhampton,1600,1-3,soft,4-6m,82,3.61
Rockhampton,1600,1-3,soft,7-9m,18,2.5
Rockhampton,1600,10-12,dry,4-6m,3,7.533
Rockhampton,1600,10-12,soft,1-3m,3,6.667
Rockhampton,1600,10-12,soft,4-6m,25,5.516
Rockhampton,1600,10-12,soft,7-9m,5,4.32
Rockhampton,1600,13+,dry,4-6m,1,7.6
Rockhampton,1600,13+,soft,1-3m,1,9.4
Rockhampton,1600,13+,soft,4-6m,14,5.407
Rockhampton,1600,4-6,dry,1-3m,3,4.467
Rockhampton,1600,4-6,dry,4-6m,18,3.3
Rockhampton,1600,4-6,dry,7-9m,3,1.933
Rockhampton,1600,4-6,heavy,4-6m,5,2.44
Rockhampton,1600,4-6,heavy,7-9m,3,1.833
Rockhampton,1600,4-6,heavy,true,3,1.2
Rockhampton,1600,4-6,soft,1-3m,12,3.958
Rockhampton,1600,4-6,soft,4-6m,81,3.59
Rockhampton,1600,4-6,soft,7-9m,18,3.178
Rockhampton,1600,7-9,dry,1-3m,2,2.95
Rockhampton,1600,7-9,dry,4-6m,9,4.4
Rockhampton,1600,7-9,heavy,4-6m,1,0.0
Rockhampton,1600,7-9,heavy,true,1,0.0
Rockhampton,1600,7-9,soft,1-3m,7,5.057
Rockhampton,1600,7-9,soft,4-6m,59,3.844
Rockhampton,1600,7-9,soft,7-9m,9,3.111
Rockhampton,1800,1-3,dry,4-6m,5,1.78
Rockhampton,1800,1-3,heavy,4-6m,3,1.167
Rockhampton,1800,1-3,soft,1-3m,3,1.8
Rockhampton,1800,1-3,soft,4-6m,7,4.829
Rockhampton,1800,10-12,dry,4-6m,1,7.1
Rockhampton,1800,10-12,soft,4-6m,2,6.9
Rockhampton,1800,4-6,dry,4-6m,6,4.067
Rockhampton,1800,4-6,heavy,4-6m,3,2.333
Rockhampton,1800,4-6,soft,1-3m,3,2.9
Rockhampton,1800,4-6,soft,4-6m,8,2.525
Rockhampton,1800,7-9,dry,4-6m,5,6.78
Rockhampton,1800,7-9,soft,4-6m,8,3.375
Rockhampton,2200,1-3,soft,4-6m,3,5.233
Rockhampton,2200,4-6,soft,4-6m,4,6.95
Rockhampton,2200,7-9,soft,4-6m,4,5.725
Sandown-Hillside,1000,1-3,dry,1-3m,17,1.618
Sandown-Hillside,1000,1-3,dry,10m+,62,2.379
Sandown-Hillside,1000,1-3,dry,4-6m,45,1.818
Sandown-Hillside,1000,1-3,dry,7-9m,36,1.778
Sandown-Hillside,1000,1-3,dry,true,72,1.925
Sandown-Hillside,1000,1-3,heavy,10m+,21,1.895
Sandown-Hillside,1000,1-3,heavy,4-6m,21,1.986
Sandown-Hillside,1000,1-3,heavy,7-9m,9,1.1
Sandown-Hillside,1000,1-3,heavy,true,3,1.033
Sandown-Hillside,1000,1-3,soft,1-3m,18,1.589
Sandown-Hillside,1000,1-3,soft,10m+,30,1.78
Sandown-Hillside,1000,1-3,soft,4-6m,47,2.289
Sandown-Hillside,1000,1-3,soft,7-9m,60,2.295
Sandown-Hillside,1000,1-3,soft,true,42,2.671
Sandown-Hillside,1000,10-12,dry,1-3m,1,3.2
Sandown-Hillside,1000,10-12,dry,10m+,23,2.665
Sandown-Hillside,1000,10-12,dry,4-6m,6,2.117
Sandown-Hillside,1000,10-12,dry,7-9m,9,2.867
Sandown-Hillside,1000,10-12,dry,true,15,2.76
Sandown-Hillside,1000,10-12,heavy,10m+,6,2.483
Sandown-Hillside,1000,10-12,heavy,4-6m,6,1.683
Sandown-Hillside,1000,10-12,heavy,7-9m,1,1.3
Sandown-Hillside,1000,10-12,soft,1-3m,1,3.7
Sandown-Hillside,1000,10-12,soft,10m+,8,2.388
Sandown-Hillside,1000,10-12,soft,4-6m,18,2.306
Sandown-Hillside,1000,10-12,soft,7-9m,10,2.84
Sandown-Hillside,1000,10-12,soft,true,20,2.71
Sandown-Hillside,1000,13+,dry,10m+,6,4.65
Sandown-Hillside,1000,13+,dry,4-6m,2,2.8
Sandown-Hillside,1000,13+,dry,true,1,5.4
Sandown-Hillside,1000,13+,heavy,10m+,2,3.55
Sandown-Hillside,1000,13+,soft,10m+,2,2.45
Sandown-Hillside,1000,13+,soft,4-6m,3,1.767
Sandown-Hillside,1000,13+,soft,true,5,2.7
Sandown-Hillside,1000,4-6,dry,1-3m,18,2.3
Sandown-Hillside,1000,4-6,dry,10m+,63,2.081
Sandown-Hillside,1000,4-6,dry,4-6m,44,1.982
Sandown-Hillside,1000,4-6,dry,7-9m,34,2.206
Sandown-Hillside,1000,4-6,dry,true,69,1.939
Sandown-Hillside,1000,4-6,heavy,10m+,21,1.781
Sandown-Hillside,1000,4-6,heavy,4-6m,21,1.852
Sandown-Hillside,1000,4-6,heavy,7-9m,9,2.167
Sandown-Hillside,1000,4-6,heavy,true,3,2.533
Sandown-Hillside,1000,4-6,soft,1-3m,18,1.722
Sandown-Hillside,1000,4-6,soft,10m+,29,1.597
Sandown-Hillside,1000,4-6,soft,4-6m,47,1.764
Sandown-Hillside,1000,4-6,soft,7-9m,60,2.198
Sandown-Hillside,1000,4-6,soft,true,42,2.217
Sandown-Hillside,1000,7-9,dry,1-3m,6,1.0
Sandown-Hillside,1000,7-9,dry,10m+,51,2.696
Sandown-Hillside,1000,7-9,dry,4-6m,17,1.265
Sandown-Hillside,1000,7-9,dry,7-9m,30,1.93
Sandown-Hillside,1000,7-9,dry,true,50,2.458
Sandown-Hillside,1000,7-9,heavy,10m+,15,2.573
Sandown-Hillside,1000,7-9,heavy,4-6m,19,2.079
Sandown-Hillside,1000,7-9,heavy,7-9m,6,3.067
Sandown-Hillside,1000,7-9,heavy,true,1,0.7
Sandown-Hillside,1000,7-9,soft,1-3m,13,2.592
Sandown-Hillside,1000,7-9,soft,10m+,21,2.476
Sandown-Hillside,1000,7-9,soft,4-6m,37,1.954
Sandown-Hillside,1000,7-9,soft,7-9m,42,1.969
Sandown-Hillside,1000,7-9,soft,true,36,2.408
Sandown-Hillside,1100,1-3,dry,1-3m,3,1.233
Sandown-Hillside,1100,1-3,dry,10m+,12,2.45
Sandown-Hillside,1100,1-3,dry,4-6m,3,2.767
Sandown-Hillside,1100,10-12,dry,10m+,11,4.127
Sandown-Hillside,1100,13+,dry,10m+,4,5.075
Sandown-Hillside,1100,4-6,dry,1-3m,3,0.667
Sandown-Hillside,1100,4-6,dry,10m+,10,4.4
Sandown-Hillside,1100,4-6,dry,4-6m,3,3.267
Sandown-Hillside,1100,7-9,dry,1-3m,3,3.467
Sandown-Hillside,1100,7-9,dry,10m+,12,2.833
Sandown-Hillside,1100,7-9,dry,4-6m,2,7.7
Sandown-Hillside,1200,1-3,heavy,4-6m,3,3.467
Sandown-Hillside,1200,1-3,heavy,7-9m,3,4.367
Sandown-Hillside,1200,1-3,soft,10m+,3,2.267
Sandown-Hillside,1200,1-3,soft,4-6m,3,3.833
Sandown-Hillside,1200,1-3,soft,7-9m,6,1.517
Sandown-Hillside,1200,10-12,soft,10m+,1,5.5
Sandown-Hillside,1200,10-12,soft,4-6m,3,4.367
Sandown-Hillside,1200,10-12,soft,7-9m,1,5.3
Sandown-Hillside,1200,4-6,heavy,4-6m,3,2.833
Sandown-Hillside,1200,4-6,heavy,7-9m,3,4.367
Sandown-Hillside,1200,4-6,soft,10m+,3,2.1
Sandown-Hillside,1200,4-6,soft,4-6m,3,4.6
Sandown-Hillside,1200,4-6,soft,7-9m,6,2.933
Sandown-Hillside,1200,7-9,heavy,4-6m,2,3.0
Sandown-Hillside,1200,7-9,heavy,7-9m,3,1.1
Sandown-Hillside,1200,7-9,soft,10m+,3,2.5
Sandown-Hillside,1200,7-9,soft,4-6m,3,3.6
Sandown-Hillside,1200,7-9,soft,7-9m,4,3.325
Sandown-Hillside,1300,1-3,dry,1-3m,30,2.733
Sandown-Hillside,1300,1-3,dry,10m+,93,2.833
Sandown-Hillside,1300,1-3,dry,4-6m,36,2.706
Sandown-Hillside,1300,1-3,dry,7-9m,44,2.73
Sandown-Hillside,1300,1-3,dry,true,77,2.545
Sandown-Hillside,1300,1-3,heavy,10m+,13,2.838
Sandown-Hillside,1300,1-3,heavy,4-6m,12,2.275
Sandown-Hillside,1300,1-3,heavy,7-9m,6,1.383
Sandown-Hillside,1300,1-3,heavy,true,6,3.85
Sandown-Hillside,1300,1-3,soft,1-3m,21,3.405
Sandown-Hillside,1300,1-3,soft,10m+,45,3.04
Sandown-Hillside,1300,1-3,soft,4-6m,45,2.973
Sandown-Hillside,1300,1-3,soft,7-9m,39,2.813
Sandown-Hillside,1300,1-3,soft,true,23,2.191
Sandown-Hillside,1300,10-12,dry,1-3m,11,6.364
Sandown-Hillside,1300,10-12,dry,10m+,43,4.605
Sandown-Hillside,1300,10-12,dry,4-6m,10,3.79
Sandown-Hillside,1300,10-12,dry,7-9m,12,6.367
Sandown-Hillside,1300,10-12,dry,true,33,5.033
Sandown-Hillside,1300,10-12,heavy,10m+,7,4.757
Sandown-Hillside,1300,10-12,heavy,7-9m,2,4.75
Sandown-Hillside,1300,10-12,heavy,true,1,3.9
Sandown-Hillside,1300,10-12,soft,1-3m,9,5.067
Sandown-Hillside,1300,10-12,soft,10m+,17,4.353
Sandown-Hillside,1300,10-12,soft,4-6m,16,3.694
Sandown-Hillside,1300,10-12,soft,7-9m,15,2.813
Sandown-Hillside,1300,10-12,soft,true,10,5.43
Sandown-Hillside,1300,13+,dry,1-3m,3,6.167
Sandown-Hillside,1300,13+,dry,10m+,4,6.175
Sandown-Hillside,1300,13+,dry,7-9m,5,9.54
Sandown-Hillside,1300,13+,dry,true,3,7.033
Sandown-Hillside,1300,13+,soft,1-3m,2,4.05
Sandown-Hillside,1300,13+,soft,10m+,2,4.5
Sandown-Hillside,1300,13+,soft,4-6m,4,5.775
Sandown-Hillside,1300,13+,soft,7-9m,4,4.775
Sandown-Hillside,1300,13+,soft,true,6,6.767
Sandown-Hillside,1300,4-6,dry,1-3m,32,3.8
Sandown-Hillside,1300,4-6,dry,10m+,95,3.217
Sandown-Hillside,1300,4-6,dry,4-6m,35,3.06
Sandown-Hillside,1300,4-6,dry,7-9m,44,3.286
Sandown-Hillside,1300,4-6,dry,true,77,3.157
Sandown-Hillside,1300,4-6,heavy,10m+,14,2.186
Sandown-Hillside,1300,4-6,heavy,4-6m,10,3.61
Sandown-Hillside,1300,4-6,heavy,7-9m,6,3.017
Sandown-Hillside,1300,4-6,heavy,true,6,3.017
Sandown-Hillside,1300,4-6,soft,1-3m,21,3.624
Sandown-Hillside,1300,4-6,soft,10m+,45,3.758
Sandown-Hillside,1300,4-6,soft,4-6m,44,2.973
Sandown-Hillside,1300,4-6,soft,7-9m,38,3.089
Sandown-Hillside,1300,4-6,soft,true,23,3.374
Sandown-Hillside,1300,7-9,dry,1-3m,23,4.304
Sandown-Hillside,1300,7-9,dry,10m+,79,3.711
Sandown-Hillside,1300,7-9,dry,4-6m,32,4.106
Sandown-Hillside,1300,7-9,dry,7-9m,32,3.559
Sandown-Hillside,1300,7-9,dry,true,65,3.955
Sandown-Hillside,1300,7-9,heavy,10m+,12,4.025
Sandown-Hillside,1300,7-9,heavy,4-6m,8,3.575
Sandown-Hillside,1300,7-9,heavy,7-9m,6,2.233
Sandown-Hillside,1300,7-9,heavy,true,6,3.633
Sandown-Hillside,1300,7-9,soft,1-3m,17,2.824
Sandown-Hillside,1300,7-9,soft,10m+,36,3.514
Sandown-Hillside,1300,7-9,soft,4-6m,36,3.044
Sandown-Hillside,1300,7-9,soft,7-9m,29,3.728
Sandown-Hillside,1300,7-9,soft,true,21,3.11
Sandown-Hillside,1400,1-3,dry,1-3m,45,3.127
Sandown-Hillside,1400,1-3,dry,10m+,80,3.256
Sandown-Hillside,1400,1-3,dry,4-6m,35,2.723
Sandown-Hillside,1400,1-3,dry,7-9m,23,3.078
Sandown-Hillside,1400,1-3,dry,true,69,3.388
Sandown-Hillside,1400,1-3,heavy,10m+,15,2.733
Sandown-Hillside,1400,1-3,heavy,4-6m,27,2.57
Sandown-Hillside,1400,1-3,heavy,7-9m,3,1.833
Sandown-Hillside,1400,1-3,soft,1-3m,21,2.567
Sandown-Hillside,1400,1-3,soft,10m+,20,2.445
Sandown-Hillside,1400,1-3,soft,4-6m,50,3.42
Sandown-Hillside,1400,1-3,soft,7-9m,33,3.152
Sandown-Hillside,1400,1-3,soft,true,30,3.303
Sandown-Hillside,1400,10-12,dry,1-3m,12,5.275
Sandown-Hillside,1400,10-12,dry,10m+,29,5.738
Sandown-Hillside,1400,10-12,dry,4-6m,8,5.325
Sandown-Hillside,1400,10-12,dry,7-9m,12,4.875
Sandown-Hillside,1400,10-12,dry,true,34,6.026
Sandown-Hillside,1400,10-12,heavy,4-6m,7,2.443
Sandown-Hillside,1400,10-12,heavy,7-9m,3,4.133
Sandown-Hillside,1400,10-12,soft,1-3m,8,4.238
Sandown-Hillside,1400,10-12,soft,10m+,8,4.625
Sandown-Hillside,1400,10-12,soft,4-6m,20,4.83
Sandown-Hillside,1400,10-12,soft,7-9m,14,5.136
Sandown-Hillside,1400,10-12,soft,true,21,3.862
Sandown-Hillside,1400,13+,dry,1-3m,6,4.783
Sandown-Hillside,1400,13+,dry,10m+,4,9.525
Sandown-Hillside,1400,13+,dry,4-6m,1,0.0
Sandown-Hillside,1400,13+,dry,7-9m,3,7.233
Sandown-Hillside,1400,13+,dry,true,15,5.48
Sandown-Hillside,1400,13+,heavy,4-6m,2,10.1
Sandown-Hillside,1400,13+,soft,10m+,3,5.9
Sandown-Hillside,1400,13+,soft,4-6m,10,4.19
Sandown-Hillside,1400,13+,soft,7-9m,7,6.186
Sandown-Hillside,1400,13+,soft,true,13,6.108
Sandown-Hillside,1400,4-6,dry,1-3m,44,3.659
Sandown-Hillside,1400,4-6,dry,10m+,79,3.461
Sandown-Hillside,1400,4-6,dry,4-6m,34,2.894
Sandown-Hillside,1400,4-6,dry,7-9m,24,3.475
Sandown-Hillside,1400,4-6,dry,true,67,3.488
Sandown-Hillside,1400,4-6,heavy,10m+,15,3.56
Sandown-Hillside,1400,4-6,heavy,4-6m,27,2.889
Sandown-Hillside,1400,4-6,heavy,7-9m,3,3.533
Sandown-Hillside,1400,4-6,soft,1-3m,21,3.371
Sandown-Hillside,1400,4-6,soft,10m+,21,3.648
Sandown-Hillside,1400,4-6,soft,4-6m,49,3.478
Sandown-Hillside,1400,4-6,soft,7-9m,33,3.727
Sandown-Hillside,1400,4-6,soft,true,30,2.703
Sandown-Hillside,1400,7-9,dry,1-3m,34,3.838
Sandown-Hillside,1400,7-9,dry,10m+,64,3.869
Sandown-Hillside,1400,7-9,dry,4-6m,28,3.039
Sandown-Hillside,1400,7-9,dry,7-9m,23,4.326
Sandown-Hillside,1400,7-9,dry,true,60,3.742
Sandown-Hillside,1400,7-9,heavy,10m+,11,4.609
Sandown-Hillside,1400,7-9,heavy,4-6m,22,2.909
Sandown-Hillside,1400,7-9,heavy,7-9m,3,1.7
Sandown-Hillside,1400,7-9,soft,1-3m,14,4.464
Sandown-Hillside,1400,7-9,soft,10m+,16,3.562
Sandown-Hillside,1400,7-9,soft,4-6m,40,3.915
Sandown-Hillside,1400,7-9,soft,7-9m,27,4.841
Sandown-Hillside,1400,7-9,soft,true,30,4.003
Sandown-Hillside,1500,1-3,dry,1-3m,6,3.917
Sandown-Hillside,1500,1-3,dry,10m+,9,3.989
Sandown-Hillside,1500,1-3,dry,4-6m,24,3.308
Sandown-Hillside,1500,1-3,dry,7-9m,24,3.213
Sandown-Hillside,1500,1-3,dry,true,30,3.567
Sandown-Hillside,1500,1-3,heavy,10m+,6,3.217
Sandown-Hillside,1500,1-3,heavy,4-6m,3,1.867
Sandown-Hillside,1500,1-3,heavy,7-9m,3,3.733
Sandown-Hillside,1500,1-3,soft,10m+,21,3.729
Sandown-Hillside,1500,1-3,soft,4-6m,2,4.05
Sandown-Hillside,1500,1-3,soft,7-9m,14,4.3
Sandown-Hillside,1500,1-3,soft,true,9,4.289
Sandown-Hillside,1500,10-12,dry,1-3m,3,8.767
Sandown-Hillside,1500,10-12,dry,10m+,1,0.0
Sandown-Hillside,1500,10-12,dry,4-6m,4,2.65
Sandown-Hillside,1500,10-12,dry,7-9m,19,3.747
Sandown-Hillside,1500,10-12,dry,true,10,5.57
Sandown-Hillside,1500,10-12,heavy,10m+,6,6.067
Sandown-Hillside,1500,10-12,heavy,7-9m,1,8.7
Sandown-Hillside,1500,10-12,soft,10m+,14,3.957
Sandown-Hillside,1500,10-12,soft,4-6m,1,0.0
Sandown-Hillside,1500,10-12,soft,7-9m,4,6.575
Sandown-Hillside,1500,10-12,soft,true,3,5.567
Sandown-Hillside,1500,13+,dry,4-6m,1,0.0
Sandown-Hillside,1500,13+,dry,7-9m,3,5.533
Sandown-Hillside,1500,13+,dry,true,1,10.8
Sandown-Hillside,1500,13+,heavy,10m+,5,4.06
Sandown-Hillside,1500,13+,soft,10m+,9,5.689
Sandown-Hillside,1500,4-6,dry,1-3m,6,5.317
Sandown-Hillside,1500,4-6,dry,10m+,9,2.833
Sandown-Hillside,1500,4-6,dry,4-6m,24,3.196
Sandown-Hillside,1500,4-6,dry,7-9m,24,3.258
Sandown-Hillside,1500,4-6,dry,true,30,3.723
Sandown-Hillside,1500,4-6,heavy,10m+,6,5.667
Sandown-Hillside,1500,4-6,heavy,4-6m,3,1.767
Sandown-Hillside,1500,4-6,heavy,7-9m,3,5.267
Sandown-Hillside,1500,4-6,soft,10m+,21,4.295
Sandown-Hillside,1500,4-6,soft,4-6m,3,3.533
Sandown-Hillside,1500,4-6,soft,7-9m,15,3.44
Sandown-Hillside,1500,4-6,soft,true,9,4.767
Sandown-Hillside,1500,7-9,dry,1-3m,6,3.417
Sandown-Hillside,1500,7-9,dry,10m+,7,2.229
Sandown-Hillside,1500,7-9,dry,4-6m,20,3.47
Sandown-Hillside,1500,7-9,dry,7-9m,24,4.042
Sandown-Hillside,1500,7-9,dry,true,22,6.518
Sandown-Hillside,1500,7-9,heavy,10m+,6,3.95
Sandown-Hillside,1500,7-9,heavy,7-9m,3,2.5
Sandown-Hillside,1500,7-9,soft,10m+,20,3.625
Sandown-Hillside,1500,7-9,soft,4-6m,3,1.767
Sandown-Hillside,1500,7-9,soft,7-9m,11,3.536
Sandown-Hillside,1500,7-9,soft,true,6,1.617
Sandown-Hillside,1600,1-3,dry,1-3m,15,3.44
Sandown-Hillside,1600,1-3,dry,10m+,41,2.893
Sandown-Hillside,1600,1-3,dry,4-6m,12,3.6
Sandown-Hillside,1600,1-3,dry,7-9m,18,2.417
Sandown-Hillside,1600,1-3,dry,true,32,3.209
Sandown-Hillside,1600,1-3,heavy,10m+,9,2.611
Sandown-Hillside,1600,1-3,heavy,4-6m,18,3.261
Sandown-Hillside,1600,1-3,heavy,7-9m,15,3.36
Sandown-Hillside,1600,1-3,soft,1-3m,6,3.2
Sandown-Hillside,1600,1-3,soft,10m+,24,3.804
Sandown-Hillside,1600,1-3,soft,4-6m,39,4.226
Sandown-Hillside,1600,1-3,soft,7-9m,21,3.781
Sandown-Hillside,1600,1-3,soft,true,30,4.37
Sandown-Hillside,1600,10-12,dry,1-3m,3,4.633
Sandown-Hillside,1600,10-12,dry,10m+,11,4.864
Sandown-Hillside,1600,10-12,dry,4-6m,11,4.182
Sandown-Hillside,1600,10-12,dry,7-9m,3,6.9
Sandown-Hillside,1600,10-12,dry,true,11,3.891
Sandown-Hillside,1600,10-12,heavy,4-6m,5,2.92
Sandown-Hillside,1600,10-12,heavy,7-9m,5,3.1
Sandown-Hillside,1600,10-12,soft,1-3m,5,3.94
Sandown-Hillside,1600,10-12,soft,10m+,8,5.062
Sandown-Hillside,1600,10-12,soft,4-6m,25,5.912
Sandown-Hillside,1600,10-12,soft,7-9m,12,3.342
Sandown-Hillside,1600,10-12,soft,true,17,4.988
Sandown-Hillside,1600,13+,dry,1-3m,4,9.3
Sandown-Hillside,1600,13+,dry,10m+,4,7.675
Sandown-Hillside,1600,13+,dry,4-6m,1,7.0
Sandown-Hillside,1600,13+,dry,7-9m,1,8.3
Sandown-Hillside,1600,13+,dry,true,2,7.65
Sandown-Hillside,1600,13+,heavy,7-9m,1,1.3
Sandown-Hillside,1600,13+,soft,1-3m,1,4.7
Sandown-Hillside,1600,13+,soft,10m+,2,7.85
Sandown-Hillside,1600,13+,soft,4-6m,11,5.218
Sandown-Hillside,1600,13+,soft,7-9m,4,5.75
Sandown-Hillside,1600,13+,soft,true,6,5.6
Sandown-Hillside,1600,4-6,dry,1-3m,15,3.14
Sandown-Hillside,1600,4-6,dry,10m+,41,3.839
Sandown-Hillside,1600,4-6,dry,4-6m,12,2.15
Sandown-Hillside,1600,4-6,dry,7-9m,18,3.189
Sandown-Hillside,1600,4-6,dry,true,33,4.079
Sandown-Hillside,1600,4-6,heavy,10m+,9,3.144
Sandown-Hillside,1600,4-6,heavy,4-6m,18,3.322
Sandown-Hillside,1600,4-6,heavy,7-9m,15,4.133
Sandown-Hillside,1600,4-6,soft,1-3m,6,3.883
Sandown-Hillside,1600,4-6,soft,10m+,24,4.233
Sandown-Hillside,1600,4-6,soft,4-6m,39,4.005
Sandown-Hillside,1600,4-6,soft,7-9m,21,3.886
Sandown-Hillside,1600,4-6,soft,true,30,4.68
Sandown-Hillside,1600,7-9,dry,1-3m,10,2.54
Sandown-Hillside,1600,7-9,dry,10m+,27,4.885
Sandown-Hillside,1600,7-9,dry,4-6m,12,4.408
Sandown-Hillside,1600,7-9,dry,7-9m,16,3.606
Sandown-Hillside,1600,7-9,dry,true,24,5.533
Sandown-Hillside,1600,7-9,heavy,10m+,5,2.24
Sandown-Hillside,1600,7-9,heavy,4-6m,17,4.241
Sandown-Hillside,1600,7-9,heavy,7-9m,12,3.95
Sandown-Hillside,1600,7-9,soft,1-3m,6,4.233
Sandown-Hillside,1600,7-9,soft,10m+,19,4.432
Sandown-Hillside,1600,7-9,soft,4-6m,37,4.103
Sandown-Hillside,1600,7-9,soft,7-9m,21,3.986
Sandown-Hillside,1600,7-9,soft,true,29,4.466
Sandown-Hillside,1700,1-3,dry,4-6m,3,2.7
Sandown-Hillside,1700,1-3,dry,true,3,4.2
Sandown-Hillside,1700,1-3,soft,1-3m,3,3.567
Sandown-Hillside,1700,1-3,soft,10m+,3,3.9
Sandown-Hillside,1700,10-12,dry,true,3,4.367
Sandown-Hillside,1700,10-12,soft,1-3m,3,3.5
Sandown-Hillside,1700,10-12,soft,10m+,3,3.7
Sandown-Hillside,1700,13+,dry,true,3,5.767
Sandown-Hillside,1700,13+,soft,1-3m,2,7.9
Sandown-Hillside,1700,13+,soft,10m+,2,3.9
Sandown-Hillside,1700,4-6,dry,4-6m,3,2.867
Sandown-Hillside,1700,4-6,dry,true,3,3.6
Sandown-Hillside,1700,4-6,soft,1-3m,3,4.6
Sandown-Hillside,1700,4-6,soft,10m+,3,4.2
Sandown-Hillside,1700,7-9,dry,true,3,1.1
Sandown-Hillside,1700,7-9,soft,1-3m,3,8.567
Sandown-Hillside,1700,7-9,soft,10m+,3,3.467
Sandown-Hillside,1800,1-3,dry,1-3m,27,3.515
Sandown-Hillside,1800,1-3,dry,10m+,41,4.959
Sandown-Hillside,1800,1-3,dry,4-6m,33,3.467
Sandown-Hillside,1800,1-3,dry,7-9m,15,2.82
Sandown-Hillside,1800,1-3,dry,true,58,4.26
Sandown-Hillside,1800,1-3,heavy,10m+,12,1.892
Sandown-Hillside,1800,1-3,heavy,4-6m,6,3.683
Sandown-Hillside,1800,1-3,heavy,7-9m,6,3.75
Sandown-Hillside,1800,1-3,soft,1-3m,9,2.689
Sandown-Hillside,1800,1-3,soft,10m+,15,4.167
Sandown-Hillside,1800,1-3,soft,4-6m,22,2.795
Sandown-Hillside,1800,1-3,soft,7-9m,24,4.529
Sandown-Hillside,1800,1-3,soft,true,9,4.811
Sandown-Hillside,1800,10-12,dry,1-3m,7,8.357
Sandown-Hillside,1800,10-12,dry,10m+,32,5.312
Sandown-Hillside,1800,10-12,dry,4-6m,17,4.382
Sandown-Hillside,1800,10-12,dry,7-9m,7,6.014
Sandown-Hillside,1800,10-12,dry,true,30,5.933
Sandown-Hillside,1800,10-12,heavy,10m+,3,5.667
Sandown-Hillside,1800,10-12,heavy,4-6m,4,6.1
Sandown-Hillside,1800,10-12,heavy,7-9m,1,7.3
Sandown-Hillside,1800,10-12,soft,1-3m,2,5.1
Sandown-Hillside,1800,10-12,soft,10m+,14,5.971
Sandown-Hillside,1800,10-12,soft,4-6m,16,4.031
Sandown-Hillside,1800,10-12,soft,7-9m,16,3.981
Sandown-Hillside,1800,10-12,soft,true,6,3.25
Sandown-Hillside,1800,13+,dry,10m+,12,4.475
Sandown-Hillside,1800,13+,dry,4-6m,5,5.96
Sandown-Hillside,1800,13+,dry,7-9m,1,11.4
Sandown-Hillside,1800,13+,dry,true,6,8.333
Sandown-Hillside,1800,13+,soft,10m+,8,6.45
Sandown-Hillside,1800,13+,soft,4-6m,8,4.262
Sandown-Hillside,1800,13+,soft,7-9m,4,3.6
Sandown-Hillside,1800,13+,soft,true,6,6.067
Sandown-Hillside,1800,4-6,dry,1-3m,27,3.733
Sandown-Hillside,1800,4-6,dry,10m+,42,4.629
Sandown-Hillside,1800,4-6,dry,4-6m,33,4.315
Sandown-Hillside,1800,4-6,dry,7-9m,15,3.28
Sandown-Hillside,1800,4-6,dry,true,57,4.495
Sandown-Hillside,1800,4-6,heavy,10m+,12,2.892
Sandown-Hillside,1800,4-6,heavy,4-6m,6,5.233
Sandown-Hillside,1800,4-6,heavy,7-9m,6,4.1
Sandown-Hillside,1800,4-6,soft,1-3m,9,3.378
Sandown-Hillside,1800,4-6,soft,10m+,15,3.587
Sandown-Hillside,1800,4-6,soft,4-6m,24,3.387
Sandown-Hillside,1800,4-6,soft,7-9m,24,3.733
Sandown-Hillside,1800,4-6,soft,true,9,2.589
Sandown-Hillside,1800,7-9,dry,1-3m,24,4.342
Sandown-Hillside,1800,7-9,dry,10m+,41,4.398
Sandown-Hillside,1800,7-9,dry,4-6m,28,3.943
Sandown-Hillside,1800,7-9,dry,7-9m,13,4.877
Sandown-Hillside,1800,7-9,dry,true,45,4.713
Sandown-Hillside,1800,7-9,heavy,10m+,12,2.908
Sandown-Hillside,1800,7-9,heavy,4-6m,6,3.367
Sandown-Hillside,1800,7-9,heavy,7-9m,5,4.7
Sandown-Hillside,1800,7-9,soft,1-3m,8,4.312
Sandown-Hillside,1800,7-9,soft,10m+,15,4.587
Sandown-Hillside,1800,7-9,soft,4-6m,23,3.874
Sandown-Hillside,1800,7-9,soft,7-9m,22,5.136
Sandown-Hillside,1800,7-9,soft,true,9,4.622
Sandown-Hillside,2400,1-3,dry,1-3m,11,2.945
Sandown-Hillside,2400,1-3,dry,10m+,21,3.924
Sandown-Hillside,2400,1-3,dry,4-6m,15,2.807
Sandown-Hillside,2400,1-3,dry,7-9m,21,3.8
Sandown-Hillside,2400,1-3,dry,true,24,3.917
Sandown-Hillside,2400,1-3,heavy,10m+,11,3.164
Sandown-Hillside,2400,1-3,heavy,4-6m,9,3.622
Sandown-Hillside,2400,1-3,heavy,7-9m,6,3.767
Sandown-Hillside,2400,1-3,heavy,true,3,4.8
Sandown-Hillside,2400,1-3,soft,1-3m,3,2.867
Sandown-Hillside,2400,1-3,soft,10m+,15,3.18
Sandown-Hillside,2400,1-3,soft,4-6m,19,3.579
Sandown-Hillside,2400,1-3,soft,7-9m,24,2.879
Sandown-Hillside,2400,1-3,soft,true,12,2.383
Sandown-Hillside,2400,10-12,dry,1-3m,7,2.214
Sandown-Hillside,2400,10-12,dry,10m+,8,5.55
Sandown-Hillside,2400,10-12,dry,4-6m,7,2.943
Sandown-Hillside,2400,10-12,dry,7-9m,10,3.17
Sandown-Hillside,2400,10-12,dry,true,9,5.722
Sandown-Hillside,2400,10-12,heavy,10m+,5,2.84
Sandown-Hillside,2400,10-12,heavy,4-6m,2,3.55
Sandown-Hillside,2400,10-12,heavy,7-9m,3,2.467
Sandown-Hillside,2400,10-12,heavy,true,1,2.2
Sandown-Hillside,2400,10-12,soft,10m+,6,3.117
Sandown-Hillside,2400,10-12,soft,4-6m,4,2.45
Sandown-Hillside,2400,10-12,soft,7-9m,10,5.83
Sandown-Hillside,2400,10-12,soft,true,5,6.88
Sandown-Hillside,2400,13+,dry,10m+,3,12.833
Sandown-Hillside,2400,13+,dry,4-6m,4,7.025
Sandown-Hillside,2400,13+,dry,7-9m,3,7.067
Sandown-Hillside,2400,13+,dry,true,2,4.8
Sandown-Hillside,2400,13+,heavy,7-9m,2,0.45
Sandown-Hillside,2400,13+,soft,10m+,1,0.0
Sandown-Hillside,2400,13+,soft,4-6m,2,1.25
Sandown-Hillside,2400,13+,soft,7-9m,6,4.55
Sandown-Hillside,2400,13+,soft,true,1,6.3
Sandown-Hillside,2400,4-6,dry,1-3m,12,3.575
Sandown-Hillside,2400,4-6,dry,10m+,20,3.525
Sandown-Hillside,2400,4-6,dry,4-6m,15,3.853
Sandown-Hillside,2400,4-6,dry,7-9m,20,3.805
Sandown-Hillside,2400,4-6,dry,true,24,3.075
Sandown-Hillside,2400,4-6,heavy,10m+,11,4.091
Sandown-Hillside,2400,4-6,heavy,4-6m,9,2.189
Sandown-Hillside,2400,4-6,heavy,7-9m,6,3.267
Sandown-Hillside,2400,4-6,heavy,true,3,3.433
Sandown-Hillside,2400,4-6,soft,1-3m,3,2.1
Sandown-Hillside,2400,4-6,soft,10m+,15,3.573
Sandown-Hillside,2400,4-6,soft,4-6m,21,3.138
Sandown-Hillside,2400,4-6,soft,7-9m,24,3.592
Sandown-Hillside,2400,4-6,soft,true,12,3.15
Sandown-Hillside,2400,7-9,dry,1-3m,11,6.009
Sandown-Hillside,2400,7-9,dry,10m+,19,3.868
Sandown-Hillside,2400,7-9,dry,4-6m,15,3.887
Sandown-Hillside,2400,7-9,dry,7-9m,21,4.914
Sandown-Hillside,2400,7-9,dry,true,21,4.195
Sandown-Hillside,2400,7-9,heavy,10m+,12,3.75
Sandown-Hillside,2400,7-9,heavy,4-6m,7,3.271
Sandown-Hillside,2400,7-9,heavy,7-9m,3,2.633
Sandown-Hillside,2400,7-9,heavy,true,3,1.1
Sandown-Hillside,2400,7-9,soft,1-3m,1,0.0
Sandown-Hillside,2400,7-9,soft,10m+,11,4.473
Sandown-Hillside,2400,7-9,soft,4-6m,15,4.327
Sandown-Hillside,2400,7-9,soft,7-9m,20,3.9
Sandown-Hillside,2400,7-9,soft,true,10,4.48
Sandown-Hillside,3000,1-3,dry,1-3m,3,2.333
Sandown-Hillside,3000,1-3,dry,10m+,6,2.517
Sandown-Hillside,3000,1-3,dry,4-6m,3,4.533
Sandown-Hillside,3000,1-3,dry,true,3,3.533
Sandown-Hillside,3000,1-3,soft,1-3m,5,2.28
Sandown-Hillside,3000,1-3,soft,4-6m,3,0.433
Sandown-Hillside,3000,1-3,soft,7-9m,3,2.467
Sandown-Hillside,3000,10-12,dry,1-3m,1,0.0
Sandown-Hillside,3000,10-12,dry,4-6m,2,2.65
Sandown-Hillside,3000,10-12,soft,1-3m,2,0.9
Sandown-Hillside,3000,4-6,dry,1-3m,3,2.9
Sandown-Hillside,3000,4-6,dry,10m+,6,2.767
Sandown-Hillside,3000,4-6,dry,4-6m,3,5.8
Sandown-Hillside,3000,4-6,dry,true,3,3.133
Sandown-Hillside,3000,4-6,soft,1-3m,6,4.617
Sandown-Hillside,3000,4-6,soft,4-6m,1,2.7
Sandown-Hillside,3000,4-6,soft,7-9m,3,5.233
Sandown-Hillside,3000,7-9,dry,1-3m,3,4.867
Sandown-Hillside,3000,7-9,dry,10m+,1,1.8
Sandown-Hillside,3000,7-9,dry,4-6m,3,5.867
Sandown-Hillside,3000,7-9,dry,true,3,3.467
Sandown-Hillside,3000,7-9,soft,1-3m,5,3.74
Sandown-Hillside,3000,7-9,soft,4-6m,2,5.0
Sandown-Hillside,3000,7-9,soft,7-9m,3,3.067
Sandown-Lakeside,1000,1-3,dry,1-3m,12,2.958
Sandown-Lakeside,1000,1-3,dry,4-6m,18,1.456
Sandown-Lakeside,1000,1-3,dry,true,9,4.289
Sandown-Lakeside,1000,1-3,soft,7-9m,3,2.633
Sandown-Lakeside,1000,10-12,dry,1-3m,5,1.36
Sandown-Lakeside,1000,10-12,dry,4-6m,3,4.033
Sandown-Lakeside,1000,10-12,dry,true,3,3.133
Sandown-Lakeside,1000,10-12,soft,7-9m,1,4.0
Sandown-Lakeside,1000,13+,dry,1-3m,1,2.8
Sandown-Lakeside,1000,4-6,dry,1-3m,12,1.858
Sandown-Lakeside,1000,4-6,dry,4-6m,18,2.417
Sandown-Lakeside,1000,4-6,dry,true,9,2.567
Sandown-Lakeside,1000,4-6,soft,7-9m,3,1.667
Sandown-Lakeside,1000,7-9,dry,1-3m,12,2.658
Sandown-Lakeside,1000,7-9,dry,4-6m,14,2.236
Sandown-Lakeside,1000,7-9,dry,true,4,3.9
Sandown-Lakeside,1000,7-9,soft,7-9m,3,2.2
Sandown-Lakeside,1100,1-3,dry,true,3,5.2
Sandown-Lakeside,1100,10-12,dry,true,3,5.567
Sandown-Lakeside,1100,13+,dry,true,4,4.675
Sandown-Lakeside,1100,4-6,dry,true,3,4.5
Sandown-Lakeside,1100,7-9,dry,true,3,4.633
Sandown-Lakeside,1200,1-3,dry,1-3m,62,2.666
Sandown-Lakeside,1200,1-3,dry,10m+,5,2.56
Sandown-Lakeside,1200,1-3,dry,4-6m,75,2.58
Sandown-Lakeside,1200,1-3,dry,7-9m,24,2.471
Sandown-Lakeside,1200,1-3,dry,true,70,3.05
Sandown-Lakeside,1200,1-3,heavy,1-3m,30,2.673
Sandown-Lakeside,1200,1-3,heavy,4-6m,23,2.778
Sandown-Lakeside,1200,1-3,heavy,7-9m,3,2.767
Sandown-Lakeside,1200,1-3,heavy,true,30,2.667
Sandown-Lakeside,1200,1-3,soft,1-3m,30,2.27
Sandown-Lakeside,1200,1-3,soft,10m+,9,2.422
Sandown-Lakeside,1200,1-3,soft,4-6m,45,2.604
Sandown-Lakeside,1200,1-3,soft,7-9m,17,2.371
Sandown-Lakeside,1200,1-3,soft,true,51,2.3
Sandown-Lakeside,1200,10-12,dry,1-3m,13,3.362
Sandown-Lakeside,1200,10-12,dry,10m+,4,4.8
Sandown-Lakeside,1200,10-12,dry,4-6m,10,5.9
Sandown-Lakeside,1200,10-12,dry,7-9m,3,4.767
Sandown-Lakeside,1200,10-12,dry,true,24,5.288
Sandown-Lakeside,1200,10-12,heavy,1-3m,9,4.122
Sandown-Lakeside,1200,10-12,heavy,4-6m,9,6.411
Sandown-Lakeside,1200,10-12,heavy,true,17,4.694
Sandown-Lakeside,1200,10-12,soft,1-3m,6,5.033
Sandown-Lakeside,1200,10-12,soft,4-6m,21,4.857
Sandown-Lakeside,1200,10-12,soft,7-9m,11,4.036
Sandown-Lakeside,1200,10-12,soft,true,9,4.767
Sandown-Lakeside,1200,13+,dry,1-3m,1,8.5
Sandown-Lakeside,1200,13+,dry,4-6m,2,7.9
Sandown-Lakeside,1200,13+,dry,7-9m,1,7.8
Sandown-Lakeside,1200,13+,dry,true,7,6.7
Sandown-Lakeside,1200,13+,heavy,1-3m,1,7.2
Sandown-Lakeside,1200,13+,heavy,4-6m,1,7.1
Sandown-Lakeside,1200,13+,soft,4-6m,4,7.85
Sandown-Lakeside,1200,4-6,dry,1-3m,63,2.806
Sandown-Lakeside,1200,4-6,dry,10m+,6,2.983
Sandown-Lakeside,1200,4-6,dry,4-6m,74,3.255
Sandown-Lakeside,1200,4-6,dry,7-9m,22,3.582
Sandown-Lakeside,1200,4-6,dry,true,72,2.967
Sandown-Lakeside,1200,4-6,heavy,1-3m,30,3.587
Sandown-Lakeside,1200,4-6,heavy,4-6m,24,4.554
Sandown-Lakeside,1200,4-6,heavy,7-9m,3,2.533
Sandown-Lakeside,1200,4-6,heavy,true,30,3.137
Sandown-Lakeside,1200,4-6,soft,1-3m,30,3.003
Sandown-Lakeside,1200,4-6,soft,10m+,9,2.356
Sandown-Lakeside,1200,4-6,soft,4-6m,45,2.94
Sandown-Lakeside,1200,4-6,soft,7-9m,18,2.972
Sandown-Lakeside,1200,4-6,soft,true,50,3.438
Sandown-Lakeside,1200,7-9,dry,1-3m,47,3.794
Sandown-Lakeside,1200,7-9,dry,10m+,6,2.583
Sandown-Lakeside,1200,7-9,dry,4-6m,56,3.525
Sandown-Lakeside,1200,7-9,dry,7-9m,16,3.569
Sandown-Lakeside,1200,7-9,dry,true,57,3.923
Sandown-Lakeside,1200,7-9,heavy,1-3m,30,2.773
Sandown-Lakeside,1200,7-9,heavy,4-6m,22,4.664
Sandown-Lakeside,1200,7-9,heavy,7-9m,1,6.9
Sandown-Lakeside,1200,7-9,heavy,true,30,3.603
Sandown-Lakeside,1200,7-9,soft,1-3m,21,4.029
Sandown-Lakeside,1200,7-9,soft,10m+,3,1.333
Sandown-Lakeside,1200,7-9,soft,4-6m,36,4.55
Sandown-Lakeside,1200,7-9,soft,7-9m,16,3.838
Sandown-Lakeside,1200,7-9,soft,true,33,3.43
Sandown-Lakeside,1300,1-3,dry,1-3m,12,2.208
Sandown-Lakeside,1300,1-3,dry,4-6m,11,1.709
Sandown-Lakeside,1300,1-3,dry,7-9m,6,3.15
Sandown-Lakeside,1300,1-3,dry,true,18,2.733
Sandown-Lakeside,1300,1-3,heavy,4-6m,6,2.133
Sandown-Lakeside,1300,1-3,heavy,true,12,3.408
Sandown-Lakeside,1300,1-3,soft,1-3m,6,2.733
Sandown-Lakeside,1300,1-3,soft,4-6m,12,3.075
Sandown-Lakeside,1300,1-3,soft,7-9m,5,3.96
Sandown-Lakeside,1300,1-3,soft,true,19,2.863
Sandown-Lakeside,1300,10-12,dry,1-3m,4,6.425
Sandown-Lakeside,1300,10-12,dry,7-9m,2,5.85
Sandown-Lakeside,1300,10-12,dry,true,3,2.633
Sandown-Lakeside,1300,10-12,heavy,4-6m,2,6.75
Sandown-Lakeside,1300,10-12,heavy,true,6,4.917
Sandown-Lakeside,1300,10-12,soft,1-3m,4,4.1
Sandown-Lakeside,1300,10-12,soft,4-6m,3,4.467
Sandown-Lakeside,1300,10-12,soft,7-9m,3,2.733
Sandown-Lakeside,1300,10-12,soft,true,3,6.167
Sandown-Lakeside,1300,13+,dry,1-3m,1,7.1
Sandown-Lakeside,1300,13+,soft,1-3m,1,7.2
Sandown-Lakeside,1300,4-6,dry,1-3m,12,2.792
Sandown-Lakeside,1300,4-6,dry,4-6m,12,2.7
Sandown-Lakeside,1300,4-6,dry,7-9m,6,2.567
Sandown-Lakeside,1300,4-6,dry,true,18,3.578
Sandown-Lakeside,1300,4-6,heavy,4-6m,6,4.483
Sandown-Lakeside,1300,4-6,heavy,true,12,3.817
Sandown-Lakeside,1300,4-6,soft,1-3m,6,3.383
Sandown-Lakeside,1300,4-6,soft,4-6m,11,3.064
Sandown-Lakeside,1300,4-6,soft,7-9m,6,3.683
Sandown-Lakeside,1300,4-6,soft,true,20,3.555
Sandown-Lakeside,1300,7-9,dry,1-3m,9,4.456
Sandown-Lakeside,1300,7-9,dry,4-6m,5,4.96
Sandown-Lakeside,1300,7-9,dry,7-9m,6,3.55
Sandown-Lakeside,1300,7-9,dry,true,13,3.762
Sandown-Lakeside,1300,7-9,heavy,4-6m,6,4.017
Sandown-Lakeside,1300,7-9,heavy,true,9,4.278
Sandown-Lakeside,1300,7-9,soft,1-3m,6,3.35
Sandown-Lakeside,1300,7-9,soft,4-6m,10,2.52
Sandown-Lakeside,1300,7-9,soft,7-9m,6,5.367
Sandown-Lakeside,1300,7-9,soft,true,16,4.438
Sandown-Lakeside,1400,1-3,dry,1-3m,81,3.496
Sandown-Lakeside,1400,1-3,dry,10m+,9,2.1
Sandown-Lakeside,1400,1-3,dry,4-6m,65,3.183
Sandown-Lakeside,1400,1-3,dry,7-9m,18,2.539
Sandown-Lakeside,1400,1-3,dry,true,56,2.882
Sandown-Lakeside,1400,1-3,heavy,1-3m,18,3.056
Sandown-Lakeside,1400,1-3,heavy,4-6m,12,3.692
Sandown-Lakeside,1400,1-3,heavy,7-9m,9,2.622
Sandown-Lakeside,1400,1-3,heavy,true,15,3.3
Sandown-Lakeside,1400,1-3,soft,1-3m,12,3.075
Sandown-Lakeside,1400,1-3,soft,4-6m,39,3.067
Sandown-Lakeside,1400,1-3,soft,7-9m,18,4.622
Sandown-Lakeside,1400,1-3,soft,true,62,3.031
Sandown-Lakeside,1400,10-12,dry,1-3m,21,3.952
Sandown-Lakeside,1400,10-12,dry,10m+,7,4.629
Sandown-Lakeside,1400,10-12,dry,4-6m,25,5.62
Sandown-Lakeside,1400,10-12,dry,7-9m,5,5.1
Sandown-Lakeside,1400,10-12,dry,true,16,5.262
Sandown-Lakeside,1400,10-12,heavy,1-3m,5,5.08
Sandown-Lakeside,1400,10-12,heavy,4-6m,7,6.6
Sandown-Lakeside,1400,10-12,heavy,true,6,3.917
Sandown-Lakeside,1400,10-12,soft,1-3m,4,5.2
Sandown-Lakeside,1400,10-12,soft,4-6m,10,3.96
Sandown-Lakeside,1400,10-12,soft,7-9m,7,6.071
Sandown-Lakeside,1400,10-12,soft,true,25,5.692
Sandown-Lakeside,1400,13+,dry,1-3m,2,7.75
Sandown-Lakeside,1400,13+,dry,10m+,2,5.95
Sandown-Lakeside,1400,13+,dry,4-6m,7,3.786
Sandown-Lakeside,1400,13+,dry,7-9m,1,5.3
Sandown-Lakeside,1400,13+,dry,true,5,7.84
Sandown-Lakeside,1400,13+,heavy,1-3m,1,0.7
Sandown-Lakeside,1400,13+,heavy,4-6m,3,8.0
Sandown-Lakeside,1400,13+,heavy,true,1,7.9
Sandown-Lakeside,1400,13+,soft,1-3m,1,0.0
Sandown-Lakeside,1400,13+,soft,4-6m,1,4.5
Sandown-Lakeside,1400,13+,soft,7-9m,2,5.3
Sandown-Lakeside,1400,13+,soft,true,6,4.05
Sandown-Lakeside,1400,4-6,dry,1-3m,81,3.769
Sandown-Lakeside,1400,4-6,dry,10m+,9,3.078
Sandown-Lakeside,1400,4-6,dry,4-6m,69,3.32
Sandown-Lakeside,1400,4-6,dry,7-9m,18,3.133
Sandown-Lakeside,1400,4-6,dry,true,57,3.977
Sandown-Lakeside,1400,4-6,heavy,1-3m,18,2.728
Sandown-Lakeside,1400,4-6,heavy,4-6m,12,3.7
Sandown-Lakeside,1400,4-6,heavy,7-9m,9,2.5
Sandown-Lakeside,1400,4-6,heavy,true,15,3.333
Sandown-Lakeside,1400,4-6,soft,1-3m,12,4.017
Sandown-Lakeside,1400,4-6,soft,4-6m,39,3.333
Sandown-Lakeside,1400,4-6,soft,7-9m,18,3.911
Sandown-Lakeside,1400,4-6,soft,true,63,3.421
Sandown-Lakeside,1400,7-9,dry,1-3m,50,3.908
Sandown-Lakeside,1400,7-9,dry,10m+,8,4.075
Sandown-Lakeside,1400,7-9,dry,4-6m,55,4.275
Sandown-Lakeside,1400,7-9,dry,7-9m,10,4.55
Sandown-Lakeside,1400,7-9,dry,true,35,4.766
Sandown-Lakeside,1400,7-9,heavy,1-3m,12,2.775
Sandown-Lakeside,1400,7-9,heavy,4-6m,11,3.455
Sandown-Lakeside,1400,7-9,heavy,7-9m,5,2.8
Sandown-Lakeside,1400,7-9,heavy,true,13,3.9
Sandown-Lakeside,1400,7-9,soft,1-3m,12,5.1
Sandown-Lakeside,1400,7-9,soft,4-6m,30,3.923
Sandown-Lakeside,1400,7-9,soft,7-9m,17,4.882
Sandown-Lakeside,1400,7-9,soft,true,53,4.064
Sandown-Lakeside,1500,1-3,dry,1-3m,3,3.1
Sandown-Lakeside,1500,1-3,dry,4-6m,9,1.833
Sandown-Lakeside,1500,1-3,dry,7-9m,6,5.133
Sandown-Lakeside,1500,1-3,dry,true,3,3.867
Sandown-Lakeside,1500,1-3,heavy,1-3m,3,4.867
Sandown-Lakeside,1500,1-3,soft,1-3m,9,4.511
Sandown-Lakeside,1500,1-3,soft,10m+,3,3.167
Sandown-Lakeside,1500,1-3,soft,4-6m,3,2.467
Sandown-Lakeside,1500,1-3,soft,7-9m,6,3.717
Sandown-Lakeside,1500,1-3,soft,true,6,2.35
Sandown-Lakeside,1500,10-12,dry,4-6m,2,5.3
Sandown-Lakeside,1500,10-12,heavy,1-3m,3,4.733
Sandown-Lakeside,1500,10-12,soft,7-9m,4,5.35
Sandown-Lakeside,1500,10-12,soft,true,4,5.05
Sandown-Lakeside,1500,13+,soft,true,2,3.55
Sandown-Lakeside,1500,4-6,dry,1-3m,3,2.1
Sandown-Lakeside,1500,4-6,dry,4-6m,9,2.9
Sandown-Lakeside,1500,4-6,dry,7-9m,6,2.633
Sandown-Lakeside,1500,4-6,dry,true,3,3.2
Sandown-Lakeside,1500,4-6,heavy,1-3m,3,2.767
Sandown-Lakeside,1500,4-6,soft,1-3m,9,6.133
Sandown-Lakeside,1500,4-6,soft,10m+,3,2.533
Sandown-Lakeside,1500,4-6,soft,4-6m,3,3.1
Sandown-Lakeside,1500,4-6,soft,7-9m,6,2.7
Sandown-Lakeside,1500,4-6,soft,true,6,3.233
Sandown-Lakeside,1500,7-9,dry,1-3m,3,3.8
Sandown-Lakeside,1500,7-9,dry,4-6m,6,2.983
Sandown-Lakeside,1500,7-9,dry,7-9m,5,4.12
Sandown-Lakeside,1500,7-9,dry,true,3,3.567
Sandown-Lakeside,1500,7-9,heavy,1-3m,3,3.767
Sandown-Lakeside,1500,7-9,soft,1-3m,7,2.971
Sandown-Lakeside,1500,7-9,soft,10m+,2,2.95
Sandown-Lakeside,1500,7-9,soft,4-6m,2,3.1
Sandown-Lakeside,1500,7-9,soft,7-9m,6,3.533
Sandown-Lakeside,1500,7-9,soft,true,6,4.017
Sandown-Lakeside,1600,1-3,dry,1-3m,44,3.473
Sandown-Lakeside,1600,1-3,dry,10m+,5,3.38
Sandown-Lakeside,1600,1-3,dry,4-6m,26,2.912
Sandown-Lakeside,1600,1-3,dry,7-9m,6,3.017
Sandown-Lakeside,1600,1-3,dry,true,24,3.771
Sandown-Lakeside,1600,1-3,heavy,1-3m,6,3.75
Sandown-Lakeside,1600,1-3,heavy,4-6m,12,4.875
Sandown-Lakeside,1600,1-3,heavy,7-9m,6,3.933
Sandown-Lakeside,1600,1-3,heavy,true,39,3.338
Sandown-Lakeside,1600,1-3,soft,1-3m,18,3.794
Sandown-Lakeside,1600,1-3,soft,10m+,3,2.333
Sandown-Lakeside,1600,1-3,soft,4-6m,21,3.395
Sandown-Lakeside,1600,1-3,soft,7-9m,12,4.017
Sandown-Lakeside,1600,1-3,soft,true,32,3.697
Sandown-Lakeside,1600,10-12,dry,1-3m,8,5.0
Sandown-Lakeside,1600,10-12,dry,10m+,3,2.567
Sandown-Lakeside,1600,10-12,dry,4-6m,1,6.9
Sandown-Lakeside,1600,10-12,dry,7-9m,1,5.9
Sandown-Lakeside,1600,10-12,dry,true,6,6.917
Sandown-Lakeside,1600,10-12,heavy,1-3m,2,3.45
Sandown-Lakeside,1600,10-12,heavy,4-6m,5,5.58
Sandown-Lakeside,1600,10-12,heavy,true,26,5.392
Sandown-Lakeside,1600,10-12,soft,1-3m,4,3.7
Sandown-Lakeside,1600,10-12,soft,4-6m,12,5.083
Sandown-Lakeside,1600,10-12,soft,7-9m,3,5.767
Sandown-Lakeside,1600,10-12,soft,true,16,5.656
Sandown-Lakeside,1600,13+,heavy,4-6m,1,6.4
Sandown-Lakeside,1600,13+,heavy,true,8,7.3
Sandown-Lakeside,1600,13+,soft,true,2,5.4
Sandown-Lakeside,1600,4-6,dry,1-3m,45,3.644
Sandown-Lakeside,1600,4-6,dry,10m+,6,4.233
Sandown-Lakeside,1600,4-6,dry,4-6m,27,2.541
Sandown-Lakeside,1600,4-6,dry,7-9m,6,3.733
Sandown-Lakeside,1600,4-6,dry,true,24,4.325
Sandown-Lakeside,1600,4-6,heavy,1-3m,6,4.417
Sandown-Lakeside,1600,4-6,heavy,4-6m,12,2.567
Sandown-Lakeside,1600,4-6,heavy,7-9m,6,2.1
Sandown-Lakeside,1600,4-6,heavy,true,39,4.054
Sandown-Lakeside,1600,4-6,soft,1-3m,18,3.717
Sandown-Lakeside,1600,4-6,soft,10m+,3,4.867
Sandown-Lakeside,1600,4-6,soft,4-6m,21,3.21
Sandown-Lakeside,1600,4-6,soft,7-9m,12,4.517
Sandown-Lakeside,1600,4-6,soft,true,33,3.642
Sandown-Lakeside,1600,7-9,dry,1-3m,35,4.063
Sandown-Lakeside,1600,7-9,dry,10m+,6,3.483
Sandown-Lakeside,1600,7-9,dry,4-6m,21,4.371
Sandown-Lakeside,1600,7-9,dry,7-9m,3,1.867
Sandown-Lakeside,1600,7-9,dry,true,18,3.789
Sandown-Lakeside,1600,7-9,heavy,1-3m,6,3.217
Sandown-Lakeside,1600,7-9,heavy,4-6m,8,5.15
Sandown-Lakeside,1600,7-9,heavy,7-9m,4,2.225
Sandown-Lakeside,1600,7-9,heavy,true,36,5.019
Sandown-Lakeside,1600,7-9,soft,1-3m,16,5.231
Sandown-Lakeside,1600,7-9,soft,10m+,1,7.5
Sandown-Lakeside,1600,7-9,soft,4-6m,19,4.458
Sandown-Lakeside,1600,7-9,soft,7-9m,10,6.17
Sandown-Lakeside,1600,7-9,soft,true,29,3.138
Sandown-Lakeside,2100,1-3,dry,1-3m,30,3.73
Sandown-Lakeside,2100,1-3,dry,4-6m,15,3.713
Sandown-Lakeside,2100,1-3,dry,7-9m,9,2.911
Sandown-Lakeside,2100,1-3,dry,true,24,4.438
Sandown-Lakeside,2100,1-3,heavy,1-3m,9,3.989
Sandown-Lakeside,2100,1-3,heavy,4-6m,12,5.733
Sandown-Lakeside,2100,1-3,heavy,true,15,3.54
Sandown-Lakeside,2100,1-3,soft,1-3m,3,3.133
Sandown-Lakeside,2100,1-3,soft,10m+,3,1.233
Sandown-Lakeside,2100,1-3,soft,4-6m,21,4.757
Sandown-Lakeside,2100,1-3,soft,7-9m,9,4.378
Sandown-Lakeside,2100,1-3,soft,true,37,4.438
Sandown-Lakeside,2100,10-12,dry,1-3m,12,7.058
Sandown-Lakeside,2100,10-12,dry,4-6m,1,1.5
Sandown-Lakeside,2100,10-12,dry,7-9m,3,7.833
Sandown-Lakeside,2100,10-12,dry,true,12,3.342
Sandown-Lakeside,2100,10-12,heavy,1-3m,4,4.775
Sandown-Lakeside,2100,10-12,heavy,4-6m,9,6.422
Sandown-Lakeside,2100,10-12,heavy,true,8,4.812
Sandown-Lakeside,2100,10-12,soft,1-3m,3,8.333
Sandown-Lakeside,2100,10-12,soft,4-6m,13,6.877
Sandown-Lakeside,2100,10-12,soft,7-9m,1,7.0
Sandown-Lakeside,2100,10-12,soft,true,12,5.65
Sandown-Lakeside,2100,13+,dry,1-3m,5,5.92
Sandown-Lakeside,2100,13+,heavy,1-3m,3,2.667
Sandown-Lakeside,2100,13+,heavy,4-6m,5,7.22
Sandown-Lakeside,2100,13+,heavy,true,1,1.1
Sandown-Lakeside,2100,13+,soft,1-3m,2,3.85
Sandown-Lakeside,2100,13+,soft,4-6m,4,11.0
Sandown-Lakeside,2100,13+,soft,true,2,6.95
Sandown-Lakeside,2100,4-6,dry,1-3m,30,4.38
Sandown-Lakeside,2100,4-6,dry,4-6m,15,3.42
Sandown-Lakeside,2100,4-6,dry,7-9m,9,4.511
Sandown-Lakeside,2100,4-6,dry,true,24,4.317
Sandown-Lakeside,2100,4-6,heavy,1-3m,9,3.056
Sandown-Lakeside,2100,4-6,heavy,4-6m,12,4.3
Sandown-Lakeside,2100,4-6,heavy,true,15,5.68
Sandown-Lakeside,2100,4-6,soft,1-3m,3,3.633
Sandown-Lakeside,2100,4-6,soft,10m+,3,3.5
Sandown-Lakeside,2100,4-6,soft,4-6m,21,5.367
Sandown-Lakeside,2100,4-6,soft,7-9m,9,4.722
Sandown-Lakeside,2100,4-6,soft,true,38,4.263
Sandown-Lakeside,2100,7-9,dry,1-3m,27,3.693
Sandown-Lakeside,2100,7-9,dry,4-6m,14,3.543
Sandown-Lakeside,2100,7-9,dry,7-9m,7,3.643
Sandown-Lakeside,2100,7-9,dry,true,21,5.4
Sandown-Lakeside,2100,7-9,heavy,1-3m,8,4.75
Sandown-Lakeside,2100,7-9,heavy,4-6m,12,4.167
Sandown-Lakeside,2100,7-9,heavy,true,15,4.987
Sandown-Lakeside,2100,7-9,soft,1-3m,3,5.667
Sandown-Lakeside,2100,7-9,soft,4-6m,21,4.733
Sandown-Lakeside,2100,7-9,soft,7-9m,9,6.167
Sandown-Lakeside,2100,7-9,soft,true,29,2.979
Sandown-Lakeside,2400,1-3,dry,1-3m,15,3.833
Sandown-Lakeside,2400,1-3,dry,10m+,3,3.4
Sandown-Lakeside,2400,1-3,dry,4-6m,11,3.436
Sandown-Lakeside,2400,1-3,dry,7-9m,9,4.589
Sandown-Lakeside,2400,1-3,dry,true,3,5.533
Sandown-Lakeside,2400,1-3,heavy,1-3m,3,2.633
Sandown-Lakeside,2400,1-3,heavy,7-9m,3,2.367
Sandown-Lakeside,2400,1-3,heavy,true,15,3.067
Sandown-Lakeside,2400,1-3,soft,1-3m,3,2.8
Sandown-Lakeside,2400,1-3,soft,4-6m,6,2.65
Sandown-Lakeside,2400,1-3,soft,7-9m,6,3.1
Sandown-Lakeside,2400,1-3,soft,true,6,5.25
Sandown-Lakeside,2400,10-12,dry,1-3m,4,4.875
Sandown-Lakeside,2400,10-12,dry,4-6m,3,3.567
Sandown-Lakeside,2400,10-12,dry,7-9m,2,2.7
Sandown-Lakeside,2400,10-12,dry,true,1,8.3
Sandown-Lakeside,2400,10-12,heavy,7-9m,1,8.6
Sandown-Lakeside,2400,10-12,heavy,true,11,6.409
Sandown-Lakeside,2400,10-12,soft,4-6m,3,4.567
Sandown-Lakeside,2400,10-12,soft,7-9m,2,0.05
Sandown-Lakeside,2400,10-12,soft,true,1,0.0
Sandown-Lakeside,2400,13+,heavy,true,3,8.9
Sandown-Lakeside,2400,4-6,dry,1-3m,15,5.067
Sandown-Lakeside,2400,4-6,dry,10m+,3,2.233
Sandown-Lakeside,2400,4-6,dry,4-6m,12,3.508
Sandown-Lakeside,2400,4-6,dry,7-9m,9,6.167
Sandown-Lakeside,2400,4-6,dry,true,3,3.133
Sandown-Lakeside,2400,4-6,heavy,1-3m,3,1.967
Sandown-Lakeside,2400,4-6,heavy,7-9m,3,5.133
Sandown-Lakeside,2400,4-6,heavy,true,15,4.307
Sandown-Lakeside,2400,4-6,soft,1-3m,3,3.233
Sandown-Lakeside,2400,4-6,soft,4-6m,6,3.683
Sandown-Lakeside,2400,4-6,soft,7-9m,6,3.117
Sandown-Lakeside,2400,4-6,soft,true,6,3.733
Sandown-Lakeside,2400,7-9,dry,1-3m,12,6.008
Sandown-Lakeside,2400,7-9,dry,10m+,2,1.1
Sandown-Lakeside,2400,7-9,dry,4-6m,6,5.667
Sandown-Lakeside,2400,7-9,dry,7-9m,8,4.037
Sandown-Lakeside,2400,7-9,dry,true,3,5.467
Sandown-Lakeside,2400,7-9,heavy,7-9m,3,3.567
Sandown-Lakeside,2400,7-9,heavy,true,15,5.64
Sandown-Lakeside,2400,7-9,soft,1-3m,3,3.3
Sandown-Lakeside,2400,7-9,soft,4-6m,6,2.617
Sandown-Lakeside,2400,7-9,soft,7-9m,6,3.2
Sandown-Lakeside,2400,7-9,soft,true,5,2.18
Sandown-Lakeside,3000,1-3,dry,4-6m,9,2.856
Sandown-Lakeside,3000,1-3,dry,7-9m,3,5.2
Sandown-Lakeside,3000,1-3,dry,true,3,2.933
Sandown-Lakeside,3000,1-3,soft,7-9m,3,2.167
Sandown-Lakeside,3000,10-12,dry,4-6m,3,3.567
Sandown-Lakeside,3000,10-12,dry,true,2,1.0
Sandown-Lakeside,3000,13+,dry,4-6m,2,6.85
Sandown-Lakeside,3000,4-6,dry,4-6m,9,4.2
Sandown-Lakeside,3000,4-6,dry,7-9m,3,4.967
Sandown-Lakeside,3000,4-6,dry,true,3,1.367
Sandown-Lakeside,3000,4-6,soft,7-9m,3,5.8
Sandown-Lakeside,3000,7-9,dry,4-6m,5,4.2
Sandown-Lakeside,3000,7-9,dry,7-9m,3,3.367
Sandown-Lakeside,3000,7-9,dry,true,3,3.0
Sandown-Lakeside,3000,7-9,soft,7-9m,2,3.1
Strathalbyn,1100,1-3,dry,true,15,1.907
Strathalbyn,1100,1-3,soft,true,18,1.628
Strathalbyn,1100,10-12,dry,true,1,6.5
Strathalbyn,1100,10-12,soft,true,1,3.6
Strathalbyn,1100,4-6,dry,true,15,2.66
Strathalbyn,1100,4-6,soft,true,18,2.772
Strathalbyn,1100,7-9,dry,true,14,3.979
Strathalbyn,1100,7-9,soft,true,15,2.54
Strathalbyn,1200,1-3,dry,true,48,3.604
Strathalbyn,1200,1-3,soft,true,21,2.829
Strathalbyn,1200,10-12,dry,true,29,5.397
Strathalbyn,1200,10-12,soft,true,6,2.9
Strathalbyn,1200,13+,dry,true,6,4.833
Strathalbyn,1200,13+,soft,true,1,4.8
Strathalbyn,1200,4-6,dry,true,48,2.867
Strathalbyn,1200,4-6,soft,true,21,2.276
Strathalbyn,1200,7-9,dry,true,41,4.161
Strathalbyn,1200,7-9,soft,true,16,2.881
Strathalbyn,1400,1-3,dry,true,36,3.081
Strathalbyn,1400,1-3,soft,true,27,2.585
Strathalbyn,1400,10-12,dry,true,21,4.548
Strathalbyn,1400,10-12,soft,true,12,4.825
Strathalbyn,1400,13+,dry,true,5,4.88
Strathalbyn,1400,13+,soft,true,3,5.167
Strathalbyn,1400,4-6,dry,true,36,3.803
Strathalbyn,1400,4-6,soft,true,27,3.281
Strathalbyn,1400,7-9,dry,true,35,3.614
Strathalbyn,1400,7-9,soft,true,26,3.823
Strathalbyn,1600,1-3,dry,true,48,3.885
Strathalbyn,1600,1-3,soft,true,24,3.55
Strathalbyn,1600,10-12,dry,true,27,4.685
Strathalbyn,1600,10-12,soft,true,16,5.906
Strathalbyn,1600,13+,dry,true,3,5.167
Strathalbyn,1600,13+,soft,true,3,4.2
Strathalbyn,1600,4-6,dry,true,48,4.117
Strathalbyn,1600,4-6,soft,true,24,3.354
Strathalbyn,1600,7-9,dry,true,46,4.191
Strathalbyn,1600,7-9,soft,true,22,4.127
Strathalbyn,2000,1-3,dry,true,33,5.427
Strathalbyn,2000,1-3,soft,true,15,3.58
Strathalbyn,2000,10-12,dry,true,22,4.173
Strathalbyn,2000,10-12,soft,true,7,4.229
Strathalbyn,2000,13+,dry,true,3,8.4
Strathalbyn,2000,13+,soft,true,1,0.0
Strathalbyn,2000,4-6,dry,true,33,5.5
Strathalbyn,2000,4-6,soft,true,15,3.733
Strathalbyn,2000,7-9,dry,true,32,5.578
Strathalbyn,2000,7-9,soft,true,14,4.693
Sunshine Coast,1000,1-3,dry,1-3m,135,1.865
Sunshine Coast,1000,1-3,dry,10m+,30,1.347
Sunshine Coast,1000,1-3,dry,4-6m,140,2.019
Sunshine Coast,1000,1-3,dry,7-9m,243,1.802
Sunshine Coast,1000,1-3,dry,true,154,1.805
Sunshine Coast,1000,1-3,heavy,1-3m,33,1.388
Sunshine Coast,1000,1-3,heavy,10m+,8,3.15
Sunshine Coast,1000,1-3,heavy,4-6m,11,2.836
Sunshine Coast,1000,1-3,heavy,7-9m,45,1.529
Sunshine Coast,1000,1-3,heavy,true,45,1.804
Sunshine Coast,1000,1-3,soft,1-3m,83,1.739
Sunshine Coast,1000,1-3,soft,10m+,75,1.824
Sunshine Coast,1000,1-3,soft,4-6m,190,2.019
Sunshine Coast,1000,1-3,soft,7-9m,119,1.96
Sunshine Coast,1000,1-3,soft,true,112,2.414
Sunshine Coast,1000,10-12,dry,1-3m,41,2.044
Sunshine Coast,1000,10-12,dry,10m+,9,2.589
Sunshine Coast,1000,10-12,dry,4-6m,43,2.498
Sunshine Coast,1000,10-12,dry,7-9m,57,2.137
Sunshine Coast,1000,10-12,dry,true,51,2.496
Sunshine Coast,1000,10-12,heavy,1-3m,7,3.071
Sunshine Coast,1000,10-12,heavy,4-6m,2,3.9
Sunshine Coast,1000,10-12,heavy,7-9m,4,2.825
Sunshine Coast,1000,10-12,heavy,true,13,2.154
Sunshine Coast,1000,10-12,soft,1-3m,27,2.53
Sunshine Coast,1000,10-12,soft,10m+,14,2.207
Sunshine Coast,1000,10-12,soft,4-6m,65,1.842
Sunshine Coast,1000,10-12,soft,7-9m,43,2.677
Sunshine Coast,1000,10-12,soft,true,58,2.338
Sunshine Coast,1000,13+,dry,1-3m,9,2.878
Sunshine Coast,1000,13+,dry,4-6m,10,3.82
Sunshine Coast,1000,13+,dry,7-9m,5,2.62
Sunshine Coast,1000,13+,dry,true,16,2.844
Sunshine Coast,1000,13+,heavy,true,6,2.3
Sunshine Coast,1000,13+,soft,1-3m,3,4.867
Sunshine Coast,1000,13+,soft,4-6m,16,2.612
Sunshine Coast,1000,13+,soft,7-9m,4,2.675
Sunshine Coast,1000,13+,soft,true,19,2.558
Sunshine Coast,1000,4-6,dry,1-3m,129,2.08
Sunshine Coast,1000,4-6,dry,10m+,29,1.866
Sunshine Coast,1000,4-6,dry,4-6m,140,2.145
Sunshine Coast,1000,4-6,dry,7-9m,239,2.007
Sunshine Coast,1000,4-6,dry,true,150,2.033
Sunshine Coast,1000,4-6,heavy,1-3m,32,2.106
Sunshine Coast,1000,4-6,heavy,10m+,7,2.071
Sunshine Coast,1000,4-6,heavy,4-6m,12,1.958
Sunshine Coast,1000,4-6,heavy,7-9m,42,2.017
Sunshine Coast,1000,4-6,heavy,true,45,2.051
Sunshine Coast,1000,4-6,soft,1-3m,84,1.813
Sunshine Coast,1000,4-6,soft,10m+,74,2.001
Sunshine Coast,1000,4-6,soft,4-6m,187,1.858
Sunshine Coast,1000,4-6,soft,7-9m,120,2.274
Sunshine Coast,1000,4-6,soft,true,114,2.043
Sunshine Coast,1000,7-9,dry,1-3m,95,2.276
Sunshine Coast,1000,7-9,dry,10m+,22,3.277
Sunshine Coast,1000,7-9,dry,4-6m,96,2.332
Sunshine Coast,1000,7-9,dry,7-9m,177,2.582
Sunshine Coast,1000,7-9,dry,true,113,2.31
Sunshine Coast,1000,7-9,heavy,1-3m,21,2.067
Sunshine Coast,1000,7-9,heavy,10m+,1,0.0
Sunshine Coast,1000,7-9,heavy,4-6m,9,1.956
Sunshine Coast,1000,7-9,heavy,7-9m,25,2.34
Sunshine Coast,1000,7-9,heavy,true,33,1.848
Sunshine Coast,1000,7-9,soft,1-3m,61,2.397
Sunshine Coast,1000,7-9,soft,10m+,50,2.38
Sunshine Coast,1000,7-9,soft,4-6m,133,2.509
Sunshine Coast,1000,7-9,soft,7-9m,94,2.835
Sunshine Coast,1000,7-9,soft,true,97,2.34
Sunshine Coast,1100,1-3,dry,4-6m,3,2.3
Sunshine Coast,1100,1-3,soft,4-6m,14,2.836
Sunshine Coast,1100,10-12,soft,4-6m,11,6.182
Sunshine Coast,1100,4-6,dry,4-6m,2,0.45
Sunshine Coast,1100,4-6,soft,4-6m,15,3.527
Sunshine Coast,1100,7-9,soft,4-6m,12,5.25
Sunshine Coast,1200,1-3,dry,1-3m,76,2.728
Sunshine Coast,1200,1-3,dry,10m+,27,2.815
Sunshine Coast,1200,1-3,dry,4-6m,95,3.034
Sunshine Coast,1200,1-3,dry,7-9m,139,3.023
Sunshine Coast,1200,1-3,dry,true,123,2.96
Sunshine Coast,1200,1-3,heavy,1-3m,15,2.36
Sunshine Coast,1200,1-3,heavy,10m+,12,1.833
Sunshine Coast,1200,1-3,heavy,4-6m,18,2.933
Sunshine Coast,1200,1-3,heavy,7-9m,27,2.722
Sunshine Coast,1200,1-3,heavy,true,33,2.476
Sunshine Coast,1200,1-3,soft,1-3m,51,2.892
Sunshine Coast,1200,1-3,soft,10m+,39,3.128
Sunshine Coast,1200,1-3,soft,4-6m,80,2.766
Sunshine Coast,1200,1-3,soft,7-9m,83,2.51
Sunshine Coast,1200,1-3,soft,true,57,3.47
Sunshine Coast,1200,10-12,dry,1-3m,38,4.942
Sunshine Coast,1200,10-12,dry,10m+,4,3.925
Sunshine Coast,1200,10-12,dry,4-6m,36,5.35
Sunshine Coast,1200,10-12,dry,7-9m,61,4.605
Sunshine Coast,1200,10-12,dry,true,63,5.054
Sunshine Coast,1200,10-12,heavy,1-3m,2,5.05
Sunshine Coast,1200,10-12,heavy,4-6m,7,4.371
Sunshine Coast,1200,10-12,heavy,7-9m,9,5.578
Sunshine Coast,1200,10-12,heavy,true,16,4.856
Sunshine Coast,1200,10-12,soft,1-3m,23,4.07
Sunshine Coast,1200,10-12,soft,10m+,9,4.556
Sunshine Coast,1200,10-12,soft,4-6m,39,4.313
Sunshine Coast,1200,10-12,soft,7-9m,32,4.0
Sunshine Coast,1200,10-12,soft,true,29,4.648
Sunshine Coast,1200,13+,dry,1-3m,8,8.038
Sunshine Coast,1200,13+,dry,4-6m,8,6.475
Sunshine Coast,1200,13+,dry,7-9m,12,6.008
Sunshine Coast,1200,13+,dry,true,17,5.3
Sunshine Coast,1200,13+,heavy,4-6m,2,8.3
Sunshine Coast,1200,13+,heavy,true,7,5.0
Sunshine Coast,1200,13+,soft,1-3m,4,4.575
Sunshine Coast,1200,13+,soft,4-6m,5,6.76
Sunshine Coast,1200,13+,soft,7-9m,5,4.76
Sunshine Coast,1200,13+,soft,true,7,7.357
Sunshine Coast,1200,4-6,dry,1-3m,76,3.107
Sunshine Coast,1200,4-6,dry,10m+,26,2.538
Sunshine Coast,1200,4-6,dry,4-6m,95,3.028
Sunshine Coast,1200,4-6,dry,7-9m,139,3.353
Sunshine Coast,1200,4-6,dry,true,118,3.597
Sunshine Coast,1200,4-6,heavy,1-3m,14,1.614
Sunshine Coast,1200,4-6,heavy,10m+,11,1.9
Sunshine Coast,1200,4-6,heavy,4-6m,17,2.941
Sunshine Coast,1200,4-6,heavy,7-9m,27,3.148
Sunshine Coast,1200,4-6,heavy,true,32,2.769
Sunshine Coast,1200,4-6,soft,1-3m,51,3.459
Sunshine Coast,1200,4-6,soft,10m+,37,3.295
Sunshine Coast,1200,4-6,soft,4-6m,81,3.633
Sunshine Coast,1200,4-6,soft,7-9m,79,2.734
Sunshine Coast,1200,4-6,soft,true,57,3.498
Sunshine Coast,1200,7-9,dry,1-3m,64,3.628
Sunshine Coast,1200,7-9,dry,10m+,24,3.592
Sunshine Coast,1200,7-9,dry,4-6m,76,3.695
Sunshine Coast,1200,7-9,dry,7-9m,118,4.136
Sunshine Coast,1200,7-9,dry,true,114,3.796
Sunshine Coast,1200,7-9,heavy,1-3m,9,2.756
Sunshine Coast,1200,7-9,heavy,10m+,5,2.98
Sunshine Coast,1200,7-9,heavy,4-6m,14,3.007
Sunshine Coast,1200,7-9,heavy,7-9m,17,3.359
Sunshine Coast,1200,7-9,heavy,true,25,3.388
Sunshine Coast,1200,7-9,soft,1-3m,44,3.559
Sunshine Coast,1200,7-9,soft,10m+,32,3.622
Sunshine Coast,1200,7-9,soft,4-6m,71,4.165
Sunshine Coast,1200,7-9,soft,7-9m,64,3.817
Sunshine Coast,1200,7-9,soft,true,51,3.647
Sunshine Coast,1300,1-3,dry,1-3m,14,3.571
Sunshine Coast,1300,1-3,dry,4-6m,15,3.547
Sunshine Coast,1300,1-3,dry,7-9m,24,3.804
Sunshine Coast,1300,1-3,dry,true,6,3.933
Sunshine Coast,1300,1-3,heavy,10m+,3,2.933
Sunshine Coast,1300,1-3,heavy,7-9m,3,3.333
Sunshine Coast,1300,1-3,soft,1-3m,9,4.278
Sunshine Coast,1300,1-3,soft,4-6m,27,3.885
Sunshine Coast,1300,1-3,soft,7-9m,15,3.273
Sunshine Coast,1300,1-3,soft,true,18,2.806
Sunshine Coast,1300,10-12,dry,1-3m,8,6.0
Sunshine Coast,1300,10-12,dry,4-6m,5,3.84
Sunshine Coast,1300,10-12,dry,7-9m,10,5.44
Sunshine Coast,1300,10-12,soft,1-3m,6,5.1
Sunshine Coast,1300,10-12,soft,4-6m,21,6.095
Sunshine Coast,1300,10-12,soft,7-9m,13,4.577
Sunshine Coast,1300,10-12,soft,true,8,4.112
Sunshine Coast,1300,13+,dry,1-3m,3,7.033
Sunshine Coast,1300,13+,dry,7-9m,1,2.5
Sunshine Coast,1300,13+,soft,1-3m,7,10.129
Sunshine Coast,1300,13+,soft,4-6m,14,6.85
Sunshine Coast,1300,13+,soft,7-9m,4,7.425
Sunshine Coast,1300,4-6,dry,1-3m,15,2.86
Sunshine Coast,1300,4-6,dry,4-6m,14,3.214
Sunshine Coast,1300,4-6,dry,7-9m,24,4.275
Sunshine Coast,1300,4-6,dry,true,6,5.05
Sunshine Coast,1300,4-6,heavy,10m+,3,1.833
Sunshine Coast,1300,4-6,heavy,7-9m,3,2.167
Sunshine Coast,1300,4-6,soft,1-3m,9,3.422
Sunshine Coast,1300,4-6,soft,4-6m,26,4.181
Sunshine Coast,1300,4-6,soft,7-9m,15,4.04
Sunshine Coast,1300,4-6,soft,true,17,4.324
Sunshine Coast,1300,7-9,dry,1-3m,11,4.218
Sunshine Coast,1300,7-9,dry,4-6m,14,6.443
Sunshine Coast,1300,7-9,dry,7-9m,22,4.077
Sunshine Coast,1300,7-9,dry,true,5,3.58
Sunshine Coast,1300,7-9,heavy,10m+,3,3.7
Sunshine Coast,1300,7-9,heavy,7-9m,1,6.2
Sunshine Coast,1300,7-9,soft,1-3m,8,5.338
Sunshine Coast,1300,7-9,soft,4-6m,26,4.177
Sunshine Coast,1300,7-9,soft,7-9m,15,4.04
Sunshine Coast,1300,7-9,soft,true,15,4.76
Sunshine Coast,1400,1-3,dry,1-3m,80,4.181
Sunshine Coast,1400,1-3,dry,10m+,21,2.643
Sunshine Coast,1400,1-3,dry,4-6m,95,3.357
Sunshine Coast,1400,1-3,dry,7-9m,116,3.797
Sunshine Coast,1400,1-3,dry,true,109,3.512
Sunshine Coast,1400,1-3,heavy,1-3m,21,3.557
Sunshine Coast,1400,1-3,heavy,10m+,6,4.633
Sunshine Coast,1400,1-3,heavy,4-6m,18,3.011
Sunshine Coast,1400,1-3,heavy,7-9m,17,3.676
Sunshine Coast,1400,1-3,heavy,true,30,3.193
Sunshine Coast,1400,1-3,soft,1-3m,46,3.37
Sunshine Coast,1400,1-3,soft,10m+,33,3.391
Sunshine Coast,1400,1-3,soft,4-6m,75,3.407
Sunshine Coast,1400,1-3,soft,7-9m,72,3.732
Sunshine Coast,1400,1-3,soft,true,78,4.081
Sunshine Coast,1400,10-12,dry,1-3m,59,4.91
Sunshine Coast,1400,10-12,dry,10m+,3,4.167
Sunshine Coast,1400,10-12,dry,4-6m,45,4.369
Sunshine Coast,1400,10-12,dry,7-9m,77,4.506
Sunshine Coast,1400,10-12,dry,true,77,5.475
Sunshine Coast,1400,10-12,heavy,1-3m,5,4.4
Sunshine Coast,1400,10-12,heavy,10m+,1,2.1
Sunshine Coast,1400,10-12,heavy,4-6m,8,3.85
Sunshine Coast,1400,10-12,heavy,7-9m,5,4.72
Sunshine Coast,1400,10-12,heavy,true,14,3.657
Sunshine Coast,1400,10-12,soft,1-3m,30,5.493
Sunshine Coast,1400,10-12,soft,10m+,12,4.192
Sunshine Coast,1400,10-12,soft,4-6m,59,5.125
Sunshine Coast,1400,10-12,soft,7-9m,42,5.869
Sunshine Coast,1400,10-12,soft,true,58,5.484
Sunshine Coast,1400,13+,dry,1-3m,33,5.997
Sunshine Coast,1400,13+,dry,4-6m,9,6.856
Sunshine Coast,1400,13+,dry,7-9m,17,4.888
Sunshine Coast,1400,13+,dry,true,25,5.628
Sunshine Coast,1400,13+,heavy,1-3m,2,6.25
Sunshine Coast,1400,13+,heavy,7-9m,1,3.7
Sunshine Coast,1400,13+,heavy,true,6,6.883
Sunshine Coast,1400,13+,soft,1-3m,12,7.158
Sunshine Coast,1400,13+,soft,4-6m,18,6.278
Sunshine Coast,1400,13+,soft,7-9m,16,5.0
Sunshine Coast,1400,13+,soft,true,30,4.74
Sunshine Coast,1400,4-6,dry,1-3m,81,3.907
Sunshine Coast,1400,4-6,dry,10m+,21,2.962
Sunshine Coast,1400,4-6,dry,4-6m,95,4.013
Sunshine Coast,1400,4-6,dry,7-9m,115,3.42
Sunshine Coast,1400,4-6,dry,true,107,4.334
Sunshine Coast,1400,4-6,heavy,1-3m,21,3.576
Sunshine Coast,1400,4-6,heavy,10m+,6,3.0
Sunshine Coast,1400,4-6,heavy,4-6m,18,3.072
Sunshine Coast,1400,4-6,heavy,7-9m,18,2.683
Sunshine Coast,1400,4-6,heavy,true,30,3.467
Sunshine Coast,1400,4-6,soft,1-3m,47,3.889
Sunshine Coast,1400,4-6,soft,10m+,33,3.285
Sunshine Coast,1400,4-6,soft,4-6m,80,4.435
Sunshine Coast,1400,4-6,soft,7-9m,72,3.819
Sunshine Coast,1400,4-6,soft,true,75,4.339
Sunshine Coast,1400,7-9,dry,1-3m,72,4.74
Sunshine Coast,1400,7-9,dry,10m+,16,3.506
Sunshine Coast,1400,7-9,dry,4-6m,86,4.85
Sunshine Coast,1400,7-9,dry,7-9m,109,4.253
Sunshine Coast,1400,7-9,dry,true,103,3.96
Sunshine Coast,1400,7-9,heavy,1-3m,20,3.945
Sunshine Coast,1400,7-9,heavy,10m+,4,2.475
Sunshine Coast,1400,7-9,heavy,4-6m,15,4.813
Sunshine Coast,1400,7-9,heavy,7-9m,13,5.038
Sunshine Coast,1400,7-9,heavy,true,22,4.377
Sunshine Coast,1400,7-9,soft,1-3m,46,4.439
Sunshine Coast,1400,7-9,soft,10m+,27,3.896
Sunshine Coast,1400,7-9,soft,4-6m,72,4.257
Sunshine Coast,1400,7-9,soft,7-9m,64,4.695
Sunshine Coast,1400,7-9,soft,true,74,4.564
Sunshine Coast,1600,1-3,dry,1-3m,57,3.268
Sunshine Coast,1600,1-3,dry,10m+,6,5.2
Sunshine Coast,1600,1-3,dry,4-6m,90,3.208
Sunshine Coast,1600,1-3,dry,7-9m,98,3.421
Sunshine Coast,1600,1-3,dry,true,61,3.787
Sunshine Coast,1600,1-3,heavy,1-3m,12,3.7
Sunshine Coast,1600,1-3,heavy,10m+,6,3.333
Sunshine Coast,1600,1-3,heavy,7-9m,18,2.772
Sunshine Coast,1600,1-3,heavy,true,12,2.867
Sunshine Coast,1600,1-3,soft,1-3m,24,3.3
Sunshine Coast,1600,1-3,soft,10m+,30,4.143
Sunshine Coast,1600,1-3,soft,4-6m,53,3.94
Sunshine Coast,1600,1-3,soft,7-9m,44,2.755
Sunshine Coast,1600,1-3,soft,true,39,4.279
Sunshine Coast,1600,10-12,dry,1-3m,32,5.634
Sunshine Coast,1600,10-12,dry,10m+,2,5.8
Sunshine Coast,1600,10-12,dry,4-6m,32,4.544
Sunshine Coast,1600,10-12,dry,7-9m,42,4.686
Sunshine Coast,1600,10-12,dry,true,29,5.621
Sunshine Coast,1600,10-12,heavy,1-3m,6,7.417
Sunshine Coast,1600,10-12,heavy,7-9m,3,8.167
Sunshine Coast,1600,10-12,heavy,true,8,4.338
Sunshine Coast,1600,10-12,soft,1-3m,10,4.86
Sunshine Coast,1600,10-12,soft,10m+,7,4.971
Sunshine Coast,1600,10-12,soft,4-6m,20,5.835
Sunshine Coast,1600,10-12,soft,7-9m,24,7.658
Sunshine Coast,1600,10-12,soft,true,20,4.06
Sunshine Coast,1600,13+,dry,1-3m,3,4.933
Sunshine Coast,1600,13+,dry,4-6m,11,9.4
Sunshine Coast,1600,13+,dry,7-9m,7,6.586
Sunshine Coast,1600,13+,dry,true,7,5.829
Sunshine Coast,1600,13+,heavy,1-3m,1,7.4
Sunshine Coast,1600,13+,heavy,true,1,0.0
Sunshine Coast,1600,13+,soft,1-3m,1,3.6
Sunshine Coast,1600,13+,soft,4-6m,5,6.66
Sunshine Coast,1600,13+,soft,7-9m,3,8.6
Sunshine Coast,1600,13+,soft,true,9,5.356
Sunshine Coast,1600,4-6,dry,1-3m,56,3.938
Sunshine Coast,1600,4-6,dry,10m+,6,6.7
Sunshine Coast,1600,4-6,dry,4-6m,90,3.408
Sunshine Coast,1600,4-6,dry,7-9m,98,3.911
Sunshine Coast,1600,4-6,dry,true,62,4.079
Sunshine Coast,1600,4-6,heavy,1-3m,12,4.283
Sunshine Coast,1600,4-6,heavy,10m+,6,4.683
Sunshine Coast,1600,4-6,heavy,7-9m,18,2.839
Sunshine Coast,1600,4-6,heavy,true,11,4.136
Sunshine Coast,1600,4-6,soft,1-3m,24,3.588
Sunshine Coast,1600,4-6,soft,10m+,30,3.98
Sunshine Coast,1600,4-6,soft,4-6m,54,4.406
Sunshine Coast,1600,4-6,soft,7-9m,44,4.691
Sunshine Coast,1600,4-6,soft,true,39,3.515
Sunshine Coast,1600,7-9,dry,1-3m,47,4.766
Sunshine Coast,1600,7-9,dry,10m+,6,2.533
Sunshine Coast,1600,7-9,dry,4-6m,72,4.389
Sunshine Coast,1600,7-9,dry,7-9m,82,4.424
Sunshine Coast,1600,7-9,dry,true,55,4.453
Sunshine Coast,1600,7-9,heavy,1-3m,11,3.455
Sunshine Coast,1600,7-9,heavy,10m+,3,3.9
Sunshine Coast,1600,7-9,heavy,7-9m,10,4.22
Sunshine Coast,1600,7-9,heavy,true,9,5.711
Sunshine Coast,1600,7-9,soft,1-3m,20,3.395
Sunshine Coast,1600,7-9,soft,10m+,24,4.696
Sunshine Coast,1600,7-9,soft,4-6m,49,4.761
Sunshine Coast,1600,7-9,soft,7-9m,36,4.794
Sunshine Coast,1600,7-9,soft,true,33,4.997
Sunshine Coast,1800,1-3,dry,1-3m,42,3.864
Sunshine Coast,1800,1-3,dry,10m+,9,4.789
Sunshine Coast,1800,1-3,dry,4-6m,53,3.113
Sunshine Coast,1800,1-3,dry,7-9m,73,3.337
Sunshine Coast,1800,1-3,dry,true,65,3.571
Sunshine Coast,1800,1-3,heavy,1-3m,9,2.244
Sunshine Coast,1800,1-3,heavy,10m+,12,2.925
Sunshine Coast,1800,1-3,heavy,4-6m,6,4.267
Sunshine Coast,1800,1-3,heavy,7-9m,29,4.131
Sunshine Coast,1800,1-3,heavy,true,18,3.856
Sunshine Coast,1800,1-3,soft,1-3m,39,3.754
Sunshine Coast,1800,1-3,soft,10m+,17,3.1
Sunshine Coast,1800,1-3,soft,4-6m,47,3.572
Sunshine Coast,1800,1-3,soft,7-9m,39,3.797
Sunshine Coast,1800,1-3,soft,true,30,3.69
Sunshine Coast,1800,10-12,dry,1-3m,13,6.554
Sunshine Coast,1800,10-12,dry,10m+,3,11.467
Sunshine Coast,1800,10-12,dry,4-6m,9,5.6
Sunshine Coast,1800,10-12,dry,7-9m,29,4.897
Sunshine Coast,1800,10-12,dry,true,30,4.507
Sunshine Coast,1800,10-12,heavy,1-3m,3,4.367
Sunshine Coast,1800,10-12,heavy,4-6m,5,5.34
Sunshine Coast,1800,10-12,heavy,7-9m,7,8.3
Sunshine Coast,1800,10-12,heavy,true,7,5.629
Sunshine Coast,1800,10-12,soft,1-3m,11,4.718
Sunshine Coast,1800,10-12,soft,10m+,7,5.714
Sunshine Coast,1800,10-12,soft,4-6m,25,5.448
Sunshine Coast,1800,10-12,soft,7-9m,23,6.013
Sunshine Coast,1800,10-12,soft,true,15,5.94
Sunshine Coast,1800,13+,dry,1-3m,2,9.65
Sunshine Coast,1800,13+,dry,4-6m,4,4.225
Sunshine Coast,1800,13+,dry,7-9m,5,8.3
Sunshine Coast,1800,13+,dry,true,9,5.833
Sunshine Coast,1800,13+,heavy,1-3m,1,10.3
Sunshine Coast,1800,13+,heavy,4-6m,2,5.8
Sunshine Coast,1800,13+,heavy,true,3,4.667
Sunshine Coast,1800,13+,soft,4-6m,10,6.91
Sunshine Coast,1800,13+,soft,7-9m,3,5.333
Sunshine Coast,1800,13+,soft,true,6,8.067
Sunshine Coast,1800,4-6,dry,1-3m,40,4.618
Sunshine Coast,1800,4-6,dry,10m+,9,4.133
Sunshine Coast,1800,4-6,dry,4-6m,53,3.4
Sunshine Coast,1800,4-6,dry,7-9m,73,3.929
Sunshine Coast,1800,4-6,dry,true,66,4.152
Sunshine Coast,1800,4-6,heavy,1-3m,8,3.287
Sunshine Coast,1800,4-6,heavy,10m+,12,2.05
Sunshine Coast,1800,4-6,heavy,4-6m,6,3.75
Sunshine Coast,1800,4-6,heavy,7-9m,29,4.497
Sunshine Coast,1800,4-6,heavy,true,18,3.406
Sunshine Coast,1800,4-6,soft,1-3m,39,3.485
Sunshine Coast,1800,4-6,soft,10m+,18,3.556
Sunshine Coast,1800,4-6,soft,4-6m,47,3.923
Sunshine Coast,1800,4-6,soft,7-9m,39,4.003
Sunshine Coast,1800,4-6,soft,true,30,4.85
Sunshine Coast,1800,7-9,dry,1-3m,35,6.249
Sunshine Coast,1800,7-9,dry,10m+,6,7.3
Sunshine Coast,1800,7-9,dry,4-6m,36,3.803
Sunshine Coast,1800,7-9,dry,7-9m,56,4.177
Sunshine Coast,1800,7-9,dry,true,57,4.584
Sunshine Coast,1800,7-9,heavy,1-3m,4,4.675
Sunshine Coast,1800,7-9,heavy,10m+,5,4.02
Sunshine Coast,1800,7-9,heavy,4-6m,5,5.5
Sunshine Coast,1800,7-9,heavy,7-9m,15,2.78
Sunshine Coast,1800,7-9,heavy,true,12,3.317
Sunshine Coast,1800,7-9,soft,1-3m,29,4.69
Sunshine Coast,1800,7-9,soft,10m+,13,4.223
Sunshine Coast,1800,7-9,soft,4-6m,44,4.65
Sunshine Coast,1800,7-9,soft,7-9m,31,4.152
Sunshine Coast,1800,7-9,soft,true,23,5.452
Sunshine Coast,2200,1-3,dry,1-3m,12,2.992
Sunshine Coast,2200,1-3,dry,10m+,9,2.644
Sunshine Coast,2200,1-3,dry,4-6m,15,3.347
Sunshine Coast,2200,1-3,dry,7-9m,21,3.529
Sunshine Coast,2200,1-3,dry,true,27,3.626
Sunshine Coast,2200,1-3,heavy,1-3m,3,2.333
Sunshine Coast,2200,1-3,soft,1-3m,18,3.7
Sunshine Coast,2200,1-3,soft,10m+,6,3.233
Sunshine Coast,2200,1-3,soft,4-6m,32,3.275
Sunshine Coast,2200,1-3,soft,7-9m,9,2.356
Sunshine Coast,2200,1-3,soft,true,9,2.644
Sunshine Coast,2200,10-12,dry,1-3m,3,3.6
Sunshine Coast,2200,10-12,dry,10m+,4,6.3
Sunshine Coast,2200,10-12,dry,4-6m,1,3.3
Sunshine Coast,2200,10-12,dry,7-9m,9,3.844
Sunshine Coast,2200,10-12,dry,true,9,3.978
Sunshine Coast,2200,10-12,soft,1-3m,4,4.5
Sunshine Coast,2200,10-12,soft,10m+,4,5.35
Sunshine Coast,2200,10-12,soft,4-6m,12,5.892
Sunshine Coast,2200,10-12,soft,7-9m,1,6.9
Sunshine Coast,2200,10-12,soft,true,3,3.567
Sunshine Coast,2200,13+,dry,1-3m,1,1.9
Sunshine Coast,2200,13+,soft,4-6m,9,8.067
Sunshine Coast,2200,4-6,dry,1-3m,12,3.35
Sunshine Coast,2200,4-6,dry,10m+,8,3.125
Sunshine Coast,2200,4-6,dry,4-6m,14,3.321
Sunshine Coast,2200,4-6,dry,7-9m,21,3.281
Sunshine Coast,2200,4-6,dry,true,26,4.512
Sunshine Coast,2200,4-6,heavy,1-3m,3,3.4
Sunshine Coast,2200,4-6,soft,1-3m,18,3.417
Sunshine Coast,2200,4-6,soft,10m+,6,4.133
Sunshine Coast,2200,4-6,soft,4-6m,32,3.65
Sunshine Coast,2200,4-6,soft,7-9m,8,3.588
Sunshine Coast,2200,4-6,soft,true,8,2.825
Sunshine Coast,2200,7-9,dry,1-3m,5,5.96
Sunshine Coast,2200,7-9,dry,10m+,6,4.4
Sunshine Coast,2200,7-9,dry,4-6m,9,4.1
Sunshine Coast,2200,7-9,dry,7-9m,19,3.526
Sunshine Coast,2200,7-9,dry,true,21,4.557
Sunshine Coast,2200,7-9,heavy,1-3m,2,1.85
Sunshine Coast,2200,7-9,soft,1-3m,14,4.479
Sunshine Coast,2200,7-9,soft,10m+,6,3.017
Sunshine Coast,2200,7-9,soft,4-6m,24,4.604
Sunshine Coast,2200,7-9,soft,7-9m,5,2.84
Sunshine Coast,2200,7-9,soft,true,9,4.522
Sunshine Coast,2300,1-3,soft,10m+,3,2.567
Sunshine Coast,2300,10-12,soft,10m+,1,1.1
Sunshine Coast,2300,4-6,soft,10m+,3,5.933
Sunshine Coast,2300,7-9,soft,10m+,3,4.933
Sunshine Coast,2400,1-3,dry,1-3m,3,6.733
Sunshine Coast,2400,1-3,dry,true,9,4.811
Sunshine Coast,2400,1-3,heavy,true,6,3.967
Sunshine Coast,2400,1-3,soft,7-9m,3,4.833
Sunshine Coast,2400,1-3,soft,true,9,3.944
Sunshine Coast,2400,10-12,dry,1-3m,2,5.15
Sunshine Coast,2400,10-12,dry,true,6,5.617
Sunshine Coast,2400,10-12,heavy,true,4,3.35
Sunshine Coast,2400,10-12,soft,7-9m,3,8.533
Sunshine Coast,2400,10-12,soft,true,6,7.067
Sunshine Coast,2400,13+,dry,true,2,5.25
Sunshine Coast,2400,13+,heavy,true,1,0.2
Sunshine Coast,2400,13+,soft,7-9m,4,5.15
Sunshine Coast,2400,13+,soft,true,5,6.44
Sunshine Coast,2400,4-6,dry,1-3m,3,4.633
Sunshine Coast,2400,4-6,dry,true,9,5.244
Sunshine Coast,2400,4-6,heavy,true,6,4.233
Sunshine Coast,2400,4-6,soft,7-9m,3,9.3
Sunshine Coast,2400,4-6,soft,true,9,5.433
Sunshine Coast,2400,7-9,dry,1-3m,3,6.333
Sunshine Coast,2400,7-9,dry,true,8,5.312
Sunshine Coast,2400,7-9,heavy,true,6,2.783
Sunshine Coast,2400,7-9,soft,7-9m,3,3.567
Sunshine Coast,2400,7-9,soft,true,8,4.188
Toowoomba,900,1-3,dry,1-3m,32,1.409
Toowoomba,900,1-3,dry,4-6m,5,1.78
Toowoomba,900,1-3,dry,true,18,2.5
Toowoomba,900,1-3,heavy,true,6,2.517
Toowoomba,900,1-3,soft,1-3m,5,1.64
Toowoomba,900,10-12,dry,true,6,1.817
Toowoomba,900,10-12,heavy,true,3,2.833
Toowoomba,900,4-6,dry,1-3m,33,1.785
Toowoomba,900,4-6,dry,4-6m,5,0.76
Toowoomba,900,4-6,dry,true,17,2.288
Toowoomba,900,4-6,heavy,true,6,5.967
Toowoomba,900,4-6,soft,1-3m,6,2.033
Toowoomba,900,7-9,dry,1-3m,16,1.394
Toowoomba,900,7-9,dry,4-6m,6,1.55
Toowoomba,900,7-9,dry,true,14,2.171
Toowoomba,900,7-9,heavy,true,4,4.475
Toowoomba,900,7-9,soft,1-3m,2,4.4
Toowoomba,1000,1-3,dry,1-3m,206,1.916
Toowoomba,1000,1-3,dry,4-6m,143,1.994
Toowoomba,1000,1-3,dry,true,114,2.057
Toowoomba,1000,1-3,heavy,1-3m,6,1.3
Toowoomba,1000,1-3,heavy,4-6m,9,2.367
Toowoomba,1000,1-3,heavy,true,12,1.967
Toowoomba,1000,1-3,soft,1-3m,33,2.473
Toowoomba,1000,1-3,soft,4-6m,59,1.647
Toowoomba,1000,1-3,soft,true,11,2.155
Toowoomba,1000,10-12,dry,1-3m,43,3.1
Toowoomba,1000,10-12,dry,4-6m,14,2.714
Toowoomba,1000,10-12,dry,true,25,3.272
Toowoomba,1000,10-12,heavy,1-3m,1,0.8
Toowoomba,1000,10-12,heavy,4-6m,2,2.6
Toowoomba,1000,10-12,heavy,true,3,2.867
Toowoomba,1000,10-12,soft,1-3m,11,3.273
Toowoomba,1000,10-12,soft,4-6m,11,3.164
Toowoomba,1000,10-12,soft,true,2,4.85
Toowoomba,1000,13+,soft,1-3m,1,9.6
Toowoomba,1000,4-6,dry,1-3m,212,2.261
Toowoomba,1000,4-6,dry,4-6m,148,2.316
Toowoomba,1000,4-6,dry,true,106,2.573
Toowoomba,1000,4-6,heavy,1-3m,5,4.98
Toowoomba,1000,4-6,heavy,4-6m,9,2.389
Toowoomba,1000,4-6,heavy,true,12,2.583
Toowoomba,1000,4-6,soft,1-3m,33,2.758
Toowoomba,1000,4-6,soft,4-6m,59,2.49
Toowoomba,1000,4-6,soft,true,12,1.133
Toowoomba,1000,7-9,dry,1-3m,164,2.835
Toowoomba,1000,7-9,dry,4-6m,104,2.705
Toowoomba,1000,7-9,dry,true,83,2.382
Toowoomba,1000,7-9,heavy,1-3m,3,2.167
Toowoomba,1000,7-9,heavy,4-6m,8,1.125
Toowoomba,1000,7-9,heavy,true,10,2.62
Toowoomba,1000,7-9,soft,1-3m,28,3.407
Toowoomba,1000,7-9,soft,4-6m,52,2.437
Toowoomba,1000,7-9,soft,true,6,2.867
Toowoomba,1100,1-3,dry,1-3m,86,2.41
Toowoomba,1100,1-3,dry,4-6m,100,2.601
Toowoomba,1100,1-3,dry,true,75,2.457
Toowoomba,1100,1-3,heavy,4-6m,3,2.6
Toowoomba,1100,1-3,heavy,true,8,1.0
Toowoomba,1100,1-3,soft,1-3m,12,1.892
Toowoomba,1100,1-3,soft,4-6m,21,1.624
Toowoomba,1100,1-3,soft,true,15,2.66
Toowoomba,1100,10-12,dry,1-3m,22,3.6
Toowoomba,1100,10-12,dry,4-6m,29,3.345
Toowoomba,1100,10-12,dry,true,33,4.012
Toowoomba,1100,10-12,heavy,4-6m,1,2.0
Toowoomba,1100,10-12,heavy,true,3,1.067
Toowoomba,1100,10-12,soft,1-3m,6,5.167
Toowoomba,1100,10-12,soft,4-6m,2,1.55
Toowoomba,1100,10-12,soft,true,5,3.64
Toowoomba,1100,13+,dry,1-3m,2,4.5
Toowoomba,1100,13+,dry,4-6m,1,1.7
Toowoomba,1100,13+,dry,true,4,5.675
Toowoomba,1100,13+,soft,1-3m,2,6.7
Toowoomba,1100,13+,soft,true,2,2.75
Toowoomba,1100,4-6,dry,1-3m,84,2.838
Toowoomba,1100,4-6,dry,4-6m,101,3.008
Toowoomba,1100,4-6,dry,true,74,3.116
Toowoomba,1100,4-6,heavy,4-6m,3,2.333
Toowoomba,1100,4-6,heavy,true,9,2.0
Toowoomba,1100,4-6,soft,1-3m,12,3.45
Toowoomba,1100,4-6,soft,4-6m,21,2.452
Toowoomba,1100,4-6,soft,true,15,2.847
Toowoomba,1100,7-9,dry,1-3m,53,2.936
Toowoomba,1100,7-9,dry,4-6m,78,3.06
Toowoomba,1100,7-9,dry,true,61,3.216
Toowoomba,1100,7-9,heavy,4-6m,3,1.1
Toowoomba,1100,7-9,heavy,true,4,4.75
Toowoomba,1100,7-9,soft,1-3m,9,2.578
Toowoomba,1100,7-9,soft,4-6m,10,3.64
Toowoomba,1100,7-9,soft,true,12,2.967
Toowoomba,1200,1-3,dry,1-3m,197,2.944
Toowoomba,1200,1-3,dry,4-6m,122,3.024
Toowoomba,1200,1-3,dry,true,154,3.145
Toowoomba,1200,1-3,heavy,4-6m,2,1.7
Toowoomba,1200,1-3,heavy,true,24,2.887
Toowoomba,1200,1-3,soft,1-3m,48,2.988
Toowoomba,1200,1-3,soft,4-6m,57,2.67
Toowoomba,1200,1-3,soft,true,11,3.691
Toowoomba,1200,10-12,dry,1-3m,93,4.392
Toowoomba,1200,10-12,dry,4-6m,30,3.89
Toowoomba,1200,10-12,dry,true,69,3.628
Toowoomba,1200,10-12,heavy,4-6m,1,0.0
Toowoomba,1200,10-12,heavy,true,14,3.671
Toowoomba,1200,10-12,soft,1-3m,22,3.482
Toowoomba,1200,10-12,soft,4-6m,19,4.295
Toowoomba,1200,10-12,soft,true,10,2.61
Toowoomba,1200,13+,dry,1-3m,8,1.388
Toowoomba,1200,13+,dry,true,12,2.533
Toowoomba,1200,13+,heavy,true,2,1.95
Toowoomba,1200,13+,soft,1-3m,2,5.35
Toowoomba,1200,13+,soft,true,1,8.2
Toowoomba,1200,4-6,dry,1-3m,200,3.543
Toowoomba,1200,4-6,dry,4-6m,123,3.146
Toowoomba,1200,4-6,dry,true,153,3.187
Toowoomba,1200,4-6,heavy,4-6m,3,4.433
Toowoomba,1200,4-6,heavy,true,24,2.804
Toowoomba,1200,4-6,soft,1-3m,48,3.654
Toowoomba,1200,4-6,soft,4-6m,56,3.218
Toowoomba,1200,4-6,soft,true,12,3.567
Toowoomba,1200,7-9,dry,1-3m,177,3.599
Toowoomba,1200,7-9,dry,4-6m,100,4.272
Toowoomba,1200,7-9,dry,true,124,3.419
Toowoomba,1200,7-9,heavy,4-6m,3,4.367
Toowoomba,1200,7-9,heavy,true,24,3.629
Toowoomba,1200,7-9,soft,1-3m,39,3.479
Toowoomba,1200,7-9,soft,4-6m,51,4.008
Toowoomba,1200,7-9,soft,true,12,3.483
Toowoomba,1300,1-3,dry,1-3m,213,3.17
Toowoomba,1300,1-3,dry,4-6m,122,3.099
Toowoomba,1300,1-3,dry,true,137,3.095
Toowoomba,1300,1-3,heavy,4-6m,3,5.033
Toowoomba,1300,1-3,heavy,true,15,4.04
Toowoomba,1300,1-3,soft,1-3m,36,3.108
Toowoomba,1300,1-3,soft,4-6m,48,3.24
Toowoomba,1300,1-3,soft,true,15,4.26
Toowoomba,1300,10-12,dry,1-3m,41,2.939
Toowoomba,1300,10-12,dry,4-6m,10,4.12
Toowoomba,1300,10-12,dry,true,61,3.689
Toowoomba,1300,10-12,heavy,true,3,5.7
Toowoomba,1300,10-12,soft,1-3m,9,2.756
Toowoomba,1300,10-12,soft,4-6m,6,5.033
Toowoomba,1300,10-12,soft,true,8,6.038
Toowoomba,1300,4-6,dry,1-3m,212,3.747
Toowoomba,1300,4-6,dry,4-6m,121,3.374
Toowoomba,1300,4-6,dry,true,138,3.617
Toowoomba,1300,4-6,heavy,4-6m,3,3.133
Toowoomba,1300,4-6,heavy,true,15,4.367
Toowoomba,1300,4-6,soft,1-3m,36,3.15
Toowoomba,1300,4-6,soft,4-6m,47,3.632
Toowoomba,1300,4-6,soft,true,15,3.833
Toowoomba,1300,7-9,dry,1-3m,181,3.556
Toowoomba,1300,7-9,dry,4-6m,93,3.982
Toowoomba,1300,7-9,dry,true,120,4.052
Toowoomba,1300,7-9,heavy,4-6m,3,2.9
Toowoomba,1300,7-9,heavy,true,15,3.933
Toowoomba,1300,7-9,soft,1-3m,30,4.353
Toowoomba,1300,7-9,soft,4-6m,42,3.545
Toowoomba,1300,7-9,soft,true,15,4.007
Toowoomba,1600,1-3,dry,1-3m,177,3.629
Toowoomba,1600,1-3,dry,4-6m,98,3.203
Toowoomba,1600,1-3,dry,true,132,4.311
Toowoomba,1600,1-3,heavy,true,21,3.881
Toowoomba,1600,1-3,soft,1-3m,24,3.521
Toowoomba,1600,1-3,soft,4-6m,29,2.386
Toowoomba,1600,1-3,soft,true,15,5.0
Toowoomba,1600,10-12,dry,1-3m,11,3.491
Toowoomba,1600,10-12,dry,4-6m,3,3.833
Toowoomba,1600,10-12,dry,true,55,4.835
Toowoomba,1600,10-12,heavy,true,7,5.943
Toowoomba,1600,10-12,soft,1-3m,5,6.32
Toowoomba,1600,10-12,soft,true,12,3.9
Toowoomba,1600,4-6,dry,1-3m,177,3.725
Toowoomba,1600,4-6,dry,4-6m,96,3.28
Toowoomba,1600,4-6,dry,true,130,3.915
Toowoomba,1600,4-6,heavy,true,21,3.429
Toowoomba,1600,4-6,soft,1-3m,23,3.622
Toowoomba,1600,4-6,soft,4-6m,29,3.859
Toowoomba,1600,4-6,soft,true,15,5.693
Toowoomba,1600,7-9,dry,1-3m,142,3.865
Toowoomba,1600,7-9,dry,4-6m,70,2.851
Toowoomba,1600,7-9,dry,true,119,4.039
Toowoomba,1600,7-9,heavy,true,19,4.0
Toowoomba,1600,7-9,soft,1-3m,20,4.075
Toowoomba,1600,7-9,soft,4-6m,21,4.324
Toowoomba,1600,7-9,soft,true,14,3.85
Toowoomba,1800,1-3,dry,1-3m,23,4.2
Toowoomba,1800,1-3,dry,4-6m,19,4.026
Toowoomba,1800,1-3,dry,true,5,3.66
Toowoomba,1800,1-3,soft,1-3m,3,2.3
Toowoomba,1800,1-3,soft,true,3,4.5
Toowoomba,1800,10-12,soft,true,3,2.9
Toowoomba,1800,4-6,dry,1-3m,25,4.304
Toowoomba,1800,4-6,dry,4-6m,21,2.948
Toowoomba,1800,4-6,dry,true,6,3.967
Toowoomba,1800,4-6,soft,1-3m,3,2.433
Toowoomba,1800,4-6,soft,true,3,6.833
Toowoomba,1800,7-9,dry,1-3m,19,4.358
Toowoomba,1800,7-9,dry,4-6m,12,4.808
Toowoomba,1800,7-9,dry,true,5,3.1
Toowoomba,1800,7-9,soft,true,3,8.567
Toowoomba,1900,1-3,dry,1-3m,72,3.79
Toowoomba,1900,1-3,dry,4-6m,41,3.207
Toowoomba,1900,1-3,dry,true,51,3.047
Toowoomba,1900,1-3,heavy,1-3m,6,4.367
Toowoomba,1900,1-3,heavy,4-6m,3,3.167
Toowoomba,1900,1-3,heavy,true,6,5.267
Toowoomba,1900,1-3,soft,1-3m,12,6.383
Toowoomba,1900,1-3,soft,4-6m,9,3.656
Toowoomba,1900,1-3,soft,true,3,3.267
Toowoomba,1900,10-12,dry,1-3m,14,5.229
Toowoomba,1900,10-12,dry,4-6m,10,4.41
Toowoomba,1900,10-12,dry,true,11,4.545
Toowoomba,1900,10-12,heavy,1-3m,1,4.7
Toowoomba,1900,10-12,heavy,true,2,1.55
Toowoomba,1900,10-12,soft,1-3m,7,4.386
Toowoomba,1900,10-12,soft,4-6m,3,5.0
Toowoomba,1900,13+,dry,4-6m,2,5.35
Toowoomba,1900,4-6,dry,1-3m,72,4.049
Toowoomba,1900,4-6,dry,4-6m,43,3.898
Toowoomba,1900,4-6,dry,true,50,4.044
Toowoomba,1900,4-6,heavy,1-3m,6,3.867
Toowoomba,1900,4-6,heavy,4-6m,3,2.967
Toowoomba,1900,4-6,heavy,true,6,5.65
Toowoomba,1900,4-6,soft,1-3m,12,4.55
Toowoomba,1900,4-6,soft,4-6m,9,5.311
Toowoomba,1900,4-6,soft,true,3,2.767
Toowoomba,1900,7-9,dry,1-3m,49,4.294
Toowoomba,1900,7-9,dry,4-6m,38,4.545
Toowoomba,1900,7-9,dry,true,38,4.1
Toowoomba,1900,7-9,heavy,1-3m,4,6.075
Toowoomba,1900,7-9,heavy,4-6m,1,0.7
Toowoomba,1900,7-9,heavy,true,5,6.98
Toowoomba,1900,7-9,soft,1-3m,12,3.533
Toowoomba,1900,7-9,soft,4-6m,9,4.7
Toowoomba,1900,7-9,soft,true,2,2.9
Toowoomba,2000,1-3,dry,1-3m,21,3.838
Toowoomba,2000,1-3,dry,4-6m,14,4.75
Toowoomba,2000,1-3,dry,true,24,3.829
Toowoomba,2000,1-3,heavy,true,3,2.567
Toowoomba,2000,1-3,soft,1-3m,9,2.111
Toowoomba,2000,1-3,soft,4-6m,12,3.833
Toowoomba,2000,10-12,dry,1-3m,5,2.86
Toowoomba,2000,10-12,dry,4-6m,6,5.35
Toowoomba,2000,10-12,dry,true,10,4.13
Toowoomba,2000,10-12,heavy,true,3,7.767
Toowoomba,2000,10-12,soft,4-6m,3,5.067
Toowoomba,2000,13+,dry,1-3m,1,1.9
Toowoomba,2000,13+,dry,true,6,6.067
Toowoomba,2000,13+,heavy,true,2,10.15
Toowoomba,2000,4-6,dry,1-3m,21,3.667
Toowoomba,2000,4-6,dry,4-6m,14,3.593
Toowoomba,2000,4-6,dry,true,24,3.971
Toowoomba,2000,4-6,heavy,true,3,5.233
Toowoomba,2000,4-6,soft,1-3m,9,3.211
Toowoomba,2000,4-6,soft,4-6m,12,2.867
Toowoomba,2000,7-9,dry,1-3m,20,4.05
Toowoomba,2000,7-9,dry,4-6m,13,3.831
Toowoomba,2000,7-9,dry,true,20,3.31
Toowoomba,2000,7-9,heavy,true,3,3.367
Toowoomba,2000,7-9,soft,1-3m,6,4.15
Toowoomba,2000,7-9,soft,4-6m,11,5.118
Toowoomba,2200,1-3,dry,1-3m,20,3.7
Toowoomba,2200,1-3,dry,4-6m,14,4.036
Toowoomba,2200,1-3,dry,true,9,4.189
Toowoomba,2200,1-3,soft,1-3m,9,4.067
Toowoomba,2200,1-3,soft,4-6m,11,3.345
Toowoomba,2200,10-12,dry,1-3m,3,6.167
Toowoomba,2200,10-12,dry,4-6m,4,5.2
Toowoomba,2200,10-12,dry,true,4,6.55
Toowoomba,2200,10-12,soft,4-6m,1,1.4
Toowoomba,2200,13+,dry,true,1,2.6
Toowoomba,2200,4-6,dry,1-3m,21,3.581
Toowoomba,2200,4-6,dry,4-6m,13,3.677
Toowoomba,2200,4-6,dry,true,9,3.433
Toowoomba,2200,4-6,soft,1-3m,9,3.178
Toowoomba,2200,4-6,soft,4-6m,11,3.9
Toowoomba,2200,7-9,dry,1-3m,16,3.762
Toowoomba,2200,7-9,dry,4-6m,11,3.764
Toowoomba,2200,7-9,dry,true,6,4.133
Toowoomba,2200,7-9,soft,1-3m,6,3.6
Toowoomba,2200,7-9,soft,4-6m,5,4.48
Townsville,1000,1-3,dry,1-3m,30,1.93
Townsville,1000,1-3,dry,4-6m,149,2.003
Townsville,1000,1-3,dry,7-9m,18,2.856
Townsville,1000,1-3,dry,true,140,2.004
Townsville,1000,1-3,heavy,4-6m,9,2.7
Townsville,1000,1-3,soft,1-3m,41,2.185
Townsville,1000,1-3,soft,4-6m,118,2.069
Townsville,1000,1-3,soft,7-9m,30,1.557
Townsville,1000,1-3,soft,true,108,2.016
Townsville,1000,10-12,dry,1-3m,14,2.764
Townsville,1000,10-12,dry,4-6m,54,2.794
Townsville,1000,10-12,dry,7-9m,4,0.35
Townsville,1000,10-12,dry,true,79,2.885
Townsville,1000,10-12,heavy,4-6m,3,2.667
Townsville,1000,10-12,soft,1-3m,11,4.927
Townsville,1000,10-12,soft,4-6m,51,2.051
Townsville,1000,10-12,soft,7-9m,2,1.8
Townsville,1000,10-12,soft,true,59,2.456
Townsville,1000,13+,dry,1-3m,2,3.85
Townsville,1000,13+,dry,4-6m,11,3.3
Townsville,1000,13+,dry,true,34,3.1
Townsville,1000,13+,soft,1-3m,6,1.817
Townsville,1000,13+,soft,4-6m,10,2.81
Townsville,1000,13+,soft,true,16,3.694
Townsville,1000,4-6,dry,1-3m,31,2.126
Townsville,1000,4-6,dry,4-6m,151,2.2
Townsville,1000,4-6,dry,7-9m,18,2.211
Townsville,1000,4-6,dry,true,146,2.328
Townsville,1000,4-6,heavy,4-6m,9,2.767
Townsville,1000,4-6,soft,1-3m,44,2.148
Townsville,1000,4-6,soft,4-6m,121,2.345
Townsville,1000,4-6,soft,7-9m,29,2.079
Townsville,1000,4-6,soft,true,106,2.191
Townsville,1000,7-9,dry,1-3m,24,1.912
Townsville,1000,7-9,dry,4-6m,114,2.254
Townsville,1000,7-9,dry,7-9m,15,2.107
Townsville,1000,7-9,dry,true,121,2.635
Townsville,1000,7-9,heavy,4-6m,8,1.675
Townsville,1000,7-9,soft,1-3m,35,2.58
Townsville,1000,7-9,soft,4-6m,100,2.265
Townsville,1000,7-9,soft,7-9m,17,2.476
Townsville,1000,7-9,soft,true,84,2.729
Townsville,1200,1-3,dry,1-3m,33,2.309
Townsville,1200,1-3,dry,4-6m,129,3.106
Townsville,1200,1-3,dry,7-9m,14,5.386
Townsville,1200,1-3,dry,true,105,2.723
Townsville,1200,1-3,heavy,1-3m,3,5.667
Townsville,1200,1-3,heavy,4-6m,3,1.5
Townsville,1200,1-3,soft,1-3m,36,2.875
Townsville,1200,1-3,soft,4-6m,107,3.344
Townsville,1200,1-3,soft,7-9m,35,2.669
Townsville,1200,1-3,soft,true,72,2.996
Townsville,1200,10-12,dry,1-3m,17,4.659
Townsville,1200,10-12,dry,4-6m,50,4.642
Townsville,1200,10-12,dry,7-9m,3,2.133
Townsville,1200,10-12,dry,true,56,4.761
Townsville,1200,10-12,heavy,4-6m,2,6.2
Townsville,1200,10-12,soft,1-3m,5,5.0
Townsville,1200,10-12,soft,4-6m,43,4.1
Townsville,1200,10-12,soft,7-9m,22,2.977
Townsville,1200,10-12,soft,true,51,4.216
Townsville,1200,13+,dry,1-3m,6,6.217
Townsville,1200,13+,dry,4-6m,8,5.15
Townsville,1200,13+,dry,true,26,5.746
Townsville,1200,13+,soft,1-3m,2,9.1
Townsville,1200,13+,soft,4-6m,7,6.8
Townsville,1200,13+,soft,true,28,5.571
Townsville,1200,4-6,dry,1-3m,33,3.633
Townsville,1200,4-6,dry,4-6m,136,3.175
Townsville,1200,4-6,dry,7-9m,14,3.65
Townsville,1200,4-6,dry,true,106,3.492
Townsville,1200,4-6,heavy,1-3m,3,2.267
Townsville,1200,4-6,heavy,4-6m,3,2.7
Townsville,1200,4-6,soft,1-3m,34,2.732
Townsville,1200,4-6,soft,4-6m,110,2.868
Townsville,1200,4-6,soft,7-9m,34,3.859
Townsville,1200,4-6,soft,true,79,3.801
Townsville,1200,7-9,dry,1-3m,32,4.131
Townsville,1200,7-9,dry,4-6m,114,4.03
Townsville,1200,7-9,dry,7-9m,14,3.529
Townsville,1200,7-9,dry,true,94,3.986
Townsville,1200,7-9,heavy,1-3m,1,3.9
Townsville,1200,7-9,heavy,4-6m,3,3.833
Townsville,1200,7-9,soft,1-3m,25,3.064
Townsville,1200,7-9,soft,4-6m,88,4.078
Townsville,1200,7-9,soft,7-9m,34,3.991
Townsville,1200,7-9,soft,true,72,4.097
Townsville,1300,1-3,dry,1-3m,3,2.733
Townsville,1300,1-3,dry,4-6m,17,2.959
Townsville,1300,1-3,dry,7-9m,6,3.417
Townsville,1300,1-3,dry,true,58,3.516
Townsville,1300,1-3,soft,1-3m,6,3.2
Townsville,1300,1-3,soft,4-6m,26,2.962
Townsville,1300,1-3,soft,7-9m,9,2.189
Townsville,1300,1-3,soft,true,15,2.587
Townsville,1300,10-12,dry,1-3m,3,2.567
Townsville,1300,10-12,dry,4-6m,6,7.067
Townsville,1300,10-12,dry,7-9m,5,4.86
Townsville,1300,10-12,dry,true,48,5.165
Townsville,1300,10-12,soft,1-3m,3,5.467
Townsville,1300,10-12,soft,4-6m,18,4.744
Townsville,1300,10-12,soft,7-9m,2,3.0
Townsville,1300,10-12,soft,true,7,5.786
Townsville,1300,13+,dry,true,37,5.265
Townsville,1300,13+,soft,1-3m,1,6.6
Townsville,1300,13+,soft,4-6m,3,4.167
Townsville,1300,4-6,dry,1-3m,3,2.867
Townsville,1300,4-6,dry,4-6m,16,2.881
Townsville,1300,4-6,dry,7-9m,6,2.617
Townsville,1300,4-6,dry,true,60,3.905
Townsville,1300,4-6,soft,1-3m,6,3.867
Townsville,1300,4-6,soft,4-6m,26,3.481
Townsville,1300,4-6,soft,7-9m,8,2.225
Townsville,1300,4-6,soft,true,15,3.3
Townsville,1300,7-9,dry,1-3m,3,2.633
Townsville,1300,7-9,dry,4-6m,13,4.162
Townsville,1300,7-9,dry,7-9m,5,5.6
Townsville,1300,7-9,dry,true,55,4.071
Townsville,1300,7-9,soft,1-3m,6,4.45
Townsville,1300,7-9,soft,4-6m,24,3.071
Townsville,1300,7-9,soft,7-9m,3,3.067
Townsville,1300,7-9,soft,true,14,3.893
Townsville,1400,1-3,dry,1-3m,26,2.838
Townsville,1400,1-3,dry,4-6m,104,3.551
Townsville,1400,1-3,dry,7-9m,12,3.3
Townsville,1400,1-3,dry,true,75,3.288
Townsville,1400,1-3,heavy,1-3m,3,0.8
Townsville,1400,1-3,soft,1-3m,23,3.23
Townsville,1400,1-3,soft,4-6m,70,3.137
Townsville,1400,1-3,soft,7-9m,15,2.387
Townsville,1400,1-3,soft,true,62,3.476
Townsville,1400,10-12,dry,1-3m,1,0.0
Townsville,1400,10-12,dry,4-6m,33,6.394
Townsville,1400,10-12,dry,7-9m,6,6.25
Townsville,1400,10-12,dry,true,46,5.596
Townsville,1400,10-12,soft,1-3m,10,3.12
Townsville,1400,10-12,soft,4-6m,28,4.711
Townsville,1400,10-12,soft,7-9m,14,5.579
Townsville,1400,10-12,soft,true,19,4.711
Townsville,1400,13+,dry,4-6m,7,4.757
Townsville,1400,13+,dry,7-9m,1,0.7
Townsville,1400,13+,dry,true,35,4.746
Townsville,1400,13+,soft,1-3m,4,4.15
Townsville,1400,13+,soft,4-6m,3,5.367
Townsville,1400,13+,soft,7-9m,4,5.525
Townsville,1400,13+,soft,true,6,4.633
Townsville,1400,4-6,dry,1-3m,26,2.977
Townsville,1400,4-6,dry,4-6m,103,4.166
Townsville,1400,4-6,dry,7-9m,12,3.258
Townsville,1400,4-6,dry,true,75,4.18
Townsville,1400,4-6,heavy,1-3m,3,3.9
Townsville,1400,4-6,soft,1-3m,24,3.438
Townsville,1400,4-6,soft,4-6m,68,3.994
Townsville,1400,4-6,soft,7-9m,15,3.453
Townsville,1400,4-6,soft,true,60,3.108
Townsville,1400,7-9,dry,1-3m,13,3.469
Townsville,1400,7-9,dry,4-6m,79,3.097
Townsville,1400,7-9,dry,7-9m,11,4.0
Townsville,1400,7-9,dry,true,68,4.726
Townsville,1400,7-9,heavy,1-3m,1,3.9
Townsville,1400,7-9,soft,1-3m,18,4.067
Townsville,1400,7-9,soft,4-6m,60,4.507
Townsville,1400,7-9,soft,7-9m,15,4.893
Townsville,1400,7-9,soft,true,43,4.253
Townsville,1600,1-3,dry,1-3m,9,1.856
Townsville,1600,1-3,dry,4-6m,57,3.47
Townsville,1600,1-3,dry,7-9m,3,4.0
Townsville,1600,1-3,dry,true,53,3.9
Townsville,1600,1-3,soft,1-3m,6,1.467
Townsville,1600,1-3,soft,4-6m,50,3.518
Townsville,1600,1-3,soft,7-9m,18,3.044
Townsville,1600,1-3,soft,true,44,3.891
Townsville,1600,10-12,dry,4-6m,8,4.362
Townsville,1600,10-12,dry,7-9m,2,1.95
Townsville,1600,10-12,dry,true,32,4.878
Townsville,1600,10-12,soft,4-6m,16,4.731
Townsville,1600,10-12,soft,7-9m,4,4.425
Townsville,1600,10-12,soft,true,15,4.12
Townsville,1600,13+,dry,true,12,6.833
Townsville,1600,13+,soft,4-6m,1,8.5
Townsville,1600,13+,soft,true,7,5.543
Townsville,1600,4-6,dry,1-3m,9,2.411
Townsville,1600,4-6,dry,4-6m,58,3.495
Townsville,1600,4-6,dry,7-9m,3,4.367
Townsville,1600,4-6,dry,true,53,4.579
Townsville,1600,4-6,soft,1-3m,6,3.95
Townsville,1600,4-6,soft,4-6m,50,4.83
Townsville,1600,4-6,soft,7-9m,18,2.911
Townsville,1600,4-6,soft,true,43,4.626
Townsville,1600,7-9,dry,1-3m,5,2.3
Townsville,1600,7-9,dry,4-6m,34,3.582
Townsville,1600,7-9,dry,7-9m,3,2.9
Townsville,1600,7-9,dry,true,48,4.475
Townsville,1600,7-9,soft,1-3m,2,5.55
Townsville,1600,7-9,soft,4-6m,34,4.362
Townsville,1600,7-9,soft,7-9m,13,3.262
Townsville,1600,7-9,soft,true,37,3.468
Townsville,2000,1-3,dry,1-3m,3,5.167
Townsville,2000,1-3,dry,4-6m,6,2.2
Townsville,2000,1-3,dry,true,21,3.448
Townsville,2000,1-3,soft,4-6m,6,2.0
Townsville,2000,1-3,soft,true,3,2.433
Townsville,2000,10-12,dry,1-3m,2,5.75
Townsville,2000,10-12,dry,4-6m,2,2.6
Townsville,2000,10-12,dry,true,18,6.756
Townsville,2000,10-12,soft,true,2,6.0
Townsville,2000,13+,dry,true,19,6.326
Townsville,2000,4-6,dry,1-3m,3,3.2
Townsville,2000,4-6,dry,4-6m,6,3.667
Townsville,2000,4-6,dry,true,20,4.85
Townsville,2000,4-6,soft,4-6m,5,3.38
Townsville,2000,4-6,soft,true,3,4.567
Townsville,2000,7-9,dry,1-3m,3,0.867
Townsville,2000,7-9,dry,4-6m,3,5.267
Townsville,2000,7-9,dry,true,19,5.068
Townsville,2000,7-9,soft,4-6m,1,0.0
Townsville,2000,7-9,soft,true,3,3.533
Warwick,800,1-3,dry,true,36,2.861
Warwick,800,1-3,soft,true,18,2.894
Warwick,800,10-12,dry,true,15,1.82
Warwick,800,10-12,soft,true,2,0.0
Warwick,800,4-6,dry,true,35,2.146
Warwick,800,4-6,soft,true,18,2.078
Warwick,800,7-9,dry,true,32,2.422
Warwick,800,7-9,soft,true,11,3.309
Warwick,1100,1-3,dry,true,27,2.285
Warwick,1100,1-3,soft,true,6,4.533
Warwick,1100,10-12,dry,true,8,2.6
Warwick,1100,10-12,soft,true,3,4.3
Warwick,1100,13+,soft,true,2,1.8
Warwick,1100,4-6,dry,true,27,3.411
Warwick,1100,4-6,soft,true,6,3.15
Warwick,1100,7-9,dry,true,25,3.196
Warwick,1100,7-9,soft,true,6,2.983
Warwick,1200,1-3,dry,true,42,2.869
Warwick,1200,1-3,soft,true,9,2.6
Warwick,1200,10-12,dry,true,21,3.914
Warwick,1200,10-12,soft,true,3,3.967
Warwick,1200,13+,dry,true,7,5.429
Warwick,1200,4-6,dry,true,42,3.486
Warwick,1200,4-6,soft,true,9,3.178
Warwick,1200,7-9,dry,true,40,3.25
Warwick,1200,7-9,soft,true,9,1.778
Warwick,1400,1-3,dry,true,63,3.087
Warwick,1400,1-3,soft,true,11,4.755
Warwick,1400,10-12,dry,true,35,5.577
Warwick,1400,10-12,soft,true,9,5.289
Warwick,1400,13+,dry,true,9,5.267
Warwick,1400,13+,soft,true,4,4.55
Warwick,1400,4-6,dry,true,62,2.773
Warwick,1400,4-6,soft,true,12,3.4
Warwick,1400,7-9,dry,true,54,3.57
Warwick,1400,7-9,soft,true,9,2.489
Warwick,1500,1-3,dry,true,27,4.93
Warwick,1500,1-3,soft,true,9,3.667
Warwick,1500,10-12,dry,true,20,4.22
Warwick,1500,10-12,soft,true,6,4.467
Warwick,1500,13+,dry,true,7,6.386
Warwick,1500,13+,soft,true,2,4.35
Warwick,1500,4-6,dry,true,27,4.767
Warwick,1500,4-6,soft,true,9,3.744
Warwick,1500,7-9,dry,true,26,5.3
Warwick,1500,7-9,soft,true,9,4.622
Warwick,2000,1-3,dry,true,3,4.233
Warwick,2000,4-6,dry,true,3,2.433
Warwick,2000,7-9,dry,true,2,1.35
