track,dist,bg,gb,rl,n,mean
Balaklava,1000,1-3,dry,1-3m,12,1.518
Balaklava,1000,1-3,dry,true,18,2.967
Balaklava,1000,1-3,heavy,true,3,3.377
Balaklava,1000,1-3,soft,1-3m,6,1.52
Balaklava,1000,1-3,soft,7-9m,9,2.487
Balaklava,1000,1-3,soft,true,20,2.591
Balaklava,1000,10-12,dry,1-3m,2,7.95
Balaklava,1000,10-12,dry,true,8,6.67
Balaklava,1000,10-12,heavy,true,1,5.5
Balaklava,1000,10-12,soft,1-3m,6,4.202
Balaklava,1000,10-12,soft,7-9m,4,5.075
Balaklava,1000,10-12,soft,true,14,4.527
Balaklava,1000,13+,dry,true,2,3.61
Balaklava,1000,4-6,dry,1-3m,12,3.055
Balaklava,1000,4-6,dry,true,18,3.552
Balaklava,1000,4-6,heavy,true,3,4.2
Balaklava,1000,4-6,soft,1-3m,6,3.057
Balaklava,1000,4-6,soft,7-9m,9,4.12
Balaklava,1000,4-6,soft,true,21,3.252
Balaklava,1000,7-9,dry,1-3m,12,3.944
Balaklava,1000,7-9,dry,true,18,4.52
Balaklava,1000,7-9,heavy,true,3,2.8
Balaklava,1000,7-9,soft,1-3m,6,3.238
Balaklava,1000,7-9,soft,7-9m,9,3.848
Balaklava,1000,7-9,soft,true,20,3.433
Balaklava,1200,1-3,dry,1-3m,6,3.54
Balaklava,1200,1-3,dry,true,21,1.656
Balaklava,1200,1-3,heavy,true,6,2.548
Balaklava,1200,1-3,soft,1-3m,3,3.637
Balaklava,1200,1-3,soft,true,24,2.14
Balaklava,1200,10-12,dry,1-3m,4,4.01
Balaklava,1200,10-12,dry,true,7,4.143
Balaklava,1200,10-12,heavy,true,1,4.96
Balaklava,1200,10-12,soft,1-3m,2,4.16
Balaklava,1200,10-12,soft,true,12,4.15
Balaklava,1200,13+,soft,true,7,4.754
Balaklava,1200,4-6,dry,1-3m,6,2.068
Balaklava,1200,4-6,dry,true,21,3.304
Balaklava,1200,4-6,heavy,true,6,3.478
Balaklava,1200,4-6,soft,1-3m,3,3.173
Balaklava,1200,4-6,soft,true,24,2.977
Balaklava,1200,7-9,dry,1-3m,6,2.833
Balaklava,1200,7-9,dry,true,18,3.875
Balaklava,1200,7-9,heavy,true,6,2.538
Balaklava,1200,7-9,soft,1-3m,3,1.307
Balaklava,1200,7-9,soft,true,20,3.71
Balaklava,1300,1-3,dry,1-3m,3,3.297
Balaklava,1300,1-3,dry,true,3,6.277
Balaklava,1300,10-12,dry,1-3m,3,4.193
Balaklava,1300,13+,dry,1-3m,1,6.97
Balaklava,1300,4-6,dry,1-3m,3,2.453
Balaklava,1300,4-6,dry,true,3,6.223
Balaklava,1300,7-9,dry,1-3m,3,5.48
Balaklava,1300,7-9,dry,true,3,5.013
Balaklava,1400,1-3,dry,1-3m,6,2.015
Balaklava,1400,1-3,dry,true,21,2.763
Balaklava,1400,1-3,heavy,true,6,1.588
Balaklava,1400,1-3,soft,1-3m,6,2.0
Balaklava,1400,1-3,soft,7-9m,6,1.86
Balaklava,1400,1-3,soft,true,9,1.198
Balaklava,1400,10-12,dry,true,11,3.952
Balaklava,1400,10-12,heavy,true,4,5.453
Balaklava,1400,10-12,soft,1-3m,6,2.278
Balaklava,1400,10-12,soft,7-9m,4,3.155
Balaklava,1400,10-12,soft,true,6,3.097
Balaklava,1400,13+,soft,1-3m,1,0.34
Balaklava,1400,13+,soft,7-9m,4,5.758
Balaklava,1400,4-6,dry,1-3m,6,1.278
Balaklava,1400,4-6,dry,true,21,3.249
Balaklava,1400,4-6,heavy,true,6,2.157
Balaklava,1400,4-6,soft,1-3m,6,2.553
Balaklava,1400,4-6,soft,7-9m,6,3.248
Balaklava,1400,4-6,soft,true,9,4.721
Balaklava,1400,7-9,dry,1-3m,3,4.263
Balaklava,1400,7-9,dry,true,19,4.031
Balaklava,1400,7-9,heavy,true,6,4.9
Balaklava,1400,7-9,soft,1-3m,6,2.303
Balaklava,1400,7-9,soft,7-9m,6,2.817
Balaklava,1400,7-9,soft,true,9,4.043
Balaklava,1600,1-3,dry,1-3m,9,2.132
Balaklava,1600,1-3,dry,true,21,2.117
Balaklava,1600,1-3,soft,1-3m,3,1.223
Balaklava,1600,1-3,soft,true,12,1.973
Balaklava,1600,10-12,dry,1-3m,5,3.088
Balaklava,1600,10-12,dry,true,7,3.907
Balaklava,1600,10-12,soft,1-3m,3,4.003
Balaklava,1600,10-12,soft,true,8,3.811
Balaklava,1600,13+,dry,1-3m,1,0.63
Balaklava,1600,13+,dry,true,4,6.562
Balaklava,1600,13+,soft,1-3m,4,4.76
Balaklava,1600,13+,soft,true,5,4.47
Balaklava,1600,4-6,dry,1-3m,9,2.792
Balaklava,1600,4-6,dry,true,21,1.982
Balaklava,1600,4-6,soft,1-3m,3,4.59
Balaklava,1600,4-6,soft,true,12,2.696
Balaklava,1600,7-9,dry,1-3m,9,3.844
Balaklava,1600,7-9,dry,true,15,3.817
Balaklava,1600,7-9,soft,1-3m,3,3.637
Balaklava,1600,7-9,soft,true,12,2.906
Balaklava,2200,1-3,dry,1-3m,3,3.073
Balaklava,2200,1-3,dry,true,8,2.448
Balaklava,2200,1-3,heavy,true,6,2.245
Balaklava,2200,1-3,soft,1-3m,3,3.03
Balaklava,2200,1-3,soft,7-9m,6,2.993
Balaklava,2200,1-3,soft,true,9,2.251
Balaklava,2200,10-12,dry,true,3,6.03
Balaklava,2200,10-12,heavy,true,3,3.86
Balaklava,2200,10-12,soft,1-3m,2,2.92
Balaklava,2200,10-12,soft,7-9m,1,2.17
Balaklava,2200,10-12,soft,true,7,4.914
Balaklava,2200,13+,dry,true,2,2.775
Balaklava,2200,13+,heavy,true,2,3.66
Balaklava,2200,13+,soft,true,1,2.95
Balaklava,2200,4-6,dry,1-3m,3,2.47
Balaklava,2200,4-6,dry,true,8,4.516
Balaklava,2200,4-6,heavy,true,6,3.557
Balaklava,2200,4-6,soft,1-3m,3,4.25
Balaklava,2200,4-6,soft,7-9m,6,3.767
Balaklava,2200,4-6,soft,true,9,3.932
Balaklava,2200,7-9,dry,1-3m,3,2.187
Balaklava,2200,7-9,dry,true,7,4.786
Balaklava,2200,7-9,heavy,true,5,3.604
Balaklava,2200,7-9,soft,1-3m,3,3.2
Balaklava,2200,7-9,soft,7-9m,4,3.995
Balaklava,2200,7-9,soft,true,9,3.449
Balaklava,2400,1-3,dry,1-3m,1,6.59
Balaklava,2400,4-6,dry,1-3m,3,4.113
Ballarat,1000,1-3,dry,1-3m,6,1.73
Ballarat,1000,1-3,dry,4-6m,6,2.053
Ballarat,1000,1-3,dry,7-9m,15,2.489
Ballarat,1000,1-3,dry,true,15,1.628
Ballarat,1000,1-3,heavy,4-6m,5,3.416
Ballarat,1000,1-3,heavy,7-9m,3,2.69
Ballarat,1000,1-3,soft,4-6m,15,2.219
Ballarat,1000,1-3,soft,7-9m,6,1.627
Ballarat,1000,10-12,dry,1-3m,3,2.127
Ballarat,1000,10-12,dry,4-6m,1,6.06
Ballarat,1000,10-12,dry,7-9m,1,0.48
Ballarat,1000,10-12,dry,true,6,3.737
Ballarat,1000,10-12,heavy,7-9m,1,2.44
Ballarat,1000,10-12,soft,4-6m,5,3.704
Ballarat,1000,13+,dry,1-3m,1,0.51
Ballarat,1000,13+,dry,true,1,3.62
Ballarat,1000,4-6,dry,1-3m,6,3.135
Ballarat,1000,4-6,dry,4-6m,6,3.353
Ballarat,1000,4-6,dry,7-9m,15,2.609
Ballarat,1000,4-6,dry,true,15,3.085
Ballarat,1000,4-6,heavy,4-6m,6,4.085
Ballarat,1000,4-6,heavy,7-9m,3,2.583
Ballarat,1000,4-6,soft,4-6m,15,1.731
Ballarat,1000,4-6,soft,7-9m,6,1.505
Ballarat,1000,7-9,dry,1-3m,6,3.447
Ballarat,1000,7-9,dry,4-6m,5,3.076
Ballarat,1000,7-9,dry,7-9m,12,3.312
Ballarat,1000,7-9,dry,true,12,5.26
Ballarat,1000,7-9,heavy,4-6m,2,3.905
Ballarat,1000,7-9,heavy,7-9m,3,3.717
Ballarat,1000,7-9,soft,4-6m,12,4.192
Ballarat,1000,7-9,soft,7-9m,2,3.5
Ballarat,1100,1-3,dry,7-9m,6,2.688
Ballarat,1100,1-3,dry,true,9,2.368
Ballarat,1100,1-3,heavy,7-9m,3,2.7
Ballarat,1100,1-3,soft,4-6m,3,2.173
Ballarat,1100,1-3,soft,true,6,2.35
Ballarat,1100,10-12,dry,7-9m,2,1.005
Ballarat,1100,10-12,dry,true,7,3.696
Ballarat,1100,10-12,heavy,7-9m,1,9.41
Ballarat,1100,10-12,soft,4-6m,1,2.26
Ballarat,1100,10-12,soft,true,2,5.475
Ballarat,1100,13+,dry,true,2,7.46
Ballarat,1100,4-6,dry,7-9m,6,2.615
Ballarat,1100,4-6,dry,true,9,4.423
Ballarat,1100,4-6,heavy,7-9m,3,4.61
Ballarat,1100,4-6,soft,4-6m,3,4.767
Ballarat,1100,4-6,soft,true,6,2.602
Ballarat,1100,7-9,dry,7-9m,5,2.72
Ballarat,1100,7-9,dry,true,9,4.769
Ballarat,1100,7-9,heavy,7-9m,3,3.277
Ballarat,1100,7-9,soft,4-6m,3,6.007
Ballarat,1100,7-9,soft,true,6,4.302
Ballarat,1200,1-3,dry,1-3m,9,1.813
Ballarat,1200,1-3,dry,4-6m,9,2.087
Ballarat,1200,1-3,dry,7-9m,15,3.255
Ballarat,1200,1-3,dry,true,30,2.163
Ballarat,1200,1-3,heavy,4-6m,9,1.979
Ballarat,1200,1-3,heavy,7-9m,9,3.541
Ballarat,1200,1-3,soft,4-6m,6,1.918
Ballarat,1200,1-3,soft,true,12,2.267
Ballarat,1200,10-12,dry,1-3m,6,2.118
Ballarat,1200,10-12,dry,4-6m,5,3.142
Ballarat,1200,10-12,dry,7-9m,4,4.285
Ballarat,1200,10-12,dry,true,19,3.722
Ballarat,1200,10-12,heavy,4-6m,1,1.46
Ballarat,1200,10-12,heavy,7-9m,5,4.486
Ballarat,1200,10-12,soft,4-6m,3,1.397
Ballarat,1200,10-12,soft,true,4,3.96
Ballarat,1200,13+,dry,1-3m,3,3.35
Ballarat,1200,13+,dry,4-6m,2,7.05
Ballarat,1200,13+,dry,true,2,7.88
Ballarat,1200,13+,soft,true,1,2.87
Ballarat,1200,4-6,dry,1-3m,9,1.83
Ballarat,1200,4-6,dry,4-6m,8,2.832
Ballarat,1200,4-6,dry,7-9m,15,2.793
Ballarat,1200,4-6,dry,true,30,3.515
Ballarat,1200,4-6,heavy,4-6m,9,3.191
Ballarat,1200,4-6,heavy,7-9m,9,3.581
Ballarat,1200,4-6,soft,4-6m,6,1.7
Ballarat,1200,4-6,soft,true,11,2.392
Ballarat,1200,7-9,dry,1-3m,8,1.88
Ballarat,1200,7-9,dry,4-6m,8,2.96
Ballarat,1200,7-9,dry,7-9m,14,2.842
Ballarat,1200,7-9,dry,true,27,3.537
Ballarat,1200,7-9,heavy,4-6m,4,1.778
Ballarat,1200,7-9,heavy,7-9m,9,4.822
Ballarat,1200,7-9,soft,4-6m,4,3.162
Ballarat,1200,7-9,soft,true,10,3.832
Ballarat,1400,1-3,dry,1-3m,3,3.393
Ballarat,1400,1-3,dry,4-6m,6,3.0
Ballarat,1400,1-3,dry,7-9m,9,2.411
Ballarat,1400,1-3,dry,true,15,2.218
Ballarat,1400,1-3,heavy,4-6m,6,2.81
Ballarat,1400,1-3,heavy,7-9m,3,4.423
Ballarat,1400,1-3,soft,4-6m,9,2.592
Ballarat,1400,1-3,soft,7-9m,6,1.687
Ballarat,1400,1-3,soft,true,12,2.788
Ballarat,1400,10-12,dry,1-3m,3,2.697
Ballarat,1400,10-12,dry,4-6m,1,1.22
Ballarat,1400,10-12,dry,7-9m,6,5.195
Ballarat,1400,10-12,dry,true,3,3.683
Ballarat,1400,10-12,heavy,7-9m,1,4.12
Ballarat,1400,10-12,soft,4-6m,5,2.252
Ballarat,1400,10-12,soft,true,5,5.844
Ballarat,1400,13+,dry,1-3m,2,3.525
Ballarat,1400,13+,dry,true,1,3.07
Ballarat,1400,13+,soft,4-6m,1,0.49
Ballarat,1400,4-6,dry,1-3m,3,2.473
Ballarat,1400,4-6,dry,4-6m,6,3.177
Ballarat,1400,4-6,dry,7-9m,9,3.269
Ballarat,1400,4-6,dry,true,15,2.827
Ballarat,1400,4-6,heavy,4-6m,6,5.22
Ballarat,1400,4-6,heavy,7-9m,3,2.1
Ballarat,1400,4-6,soft,4-6m,9,2.466
Ballarat,1400,4-6,soft,7-9m,6,1.065
Ballarat,1400,4-6,soft,true,12,4.216
Ballarat,1400,7-9,dry,1-3m,3,2.843
Ballarat,1400,7-9,dry,4-6m,5,4.036
Ballarat,1400,7-9,dry,7-9m,9,4.736
Ballarat,1400,7-9,dry,true,13,3.183
Ballarat,1400,7-9,heavy,4-6m,2,3.585
Ballarat,1400,7-9,heavy,7-9m,3,3.15
Ballarat,1400,7-9,soft,4-6m,9,3.034
Ballarat,1400,7-9,soft,7-9m,4,2.55
Ballarat,1400,7-9,soft,true,10,5.349
Ballarat,1500,1-3,dry,4-6m,9,2.91
Ballarat,1500,1-3,dry,true,9,2.032
Ballarat,1500,1-3,heavy,7-9m,3,3.397
Ballarat,1500,1-3,soft,7-9m,3,1.833
Ballarat,1500,10-12,dry,4-6m,2,3.6
Ballarat,1500,10-12,dry,true,3,5.423
Ballarat,1500,10-12,heavy,7-9m,2,7.175
Ballarat,1500,4-6,dry,4-6m,9,2.692
Ballarat,1500,4-6,dry,true,9,2.291
Ballarat,1500,4-6,heavy,7-9m,3,3.997
Ballarat,1500,4-6,soft,7-9m,3,1.37
Ballarat,1500,7-9,dry,4-6m,6,3.262
Ballarat,1500,7-9,dry,true,7,4.596
Ballarat,1500,7-9,heavy,7-9m,3,6.353
Ballarat,1600,1-3,dry,1-3m,3,1.507
Ballarat,1600,1-3,dry,4-6m,6,1.67
Ballarat,1600,1-3,dry,7-9m,12,1.103
Ballarat,1600,1-3,dry,true,6,4.148
Ballarat,1600,1-3,heavy,4-6m,6,3.985
Ballarat,1600,1-3,soft,4-6m,6,2.78
Ballarat,1600,1-3,soft,true,6,2.093
Ballarat,1600,10-12,dry,4-6m,2,2.135
Ballarat,1600,10-12,dry,7-9m,5,1.9
Ballarat,1600,10-12,dry,true,3,5.833
Ballarat,1600,10-12,soft,4-6m,2,4.03
Ballarat,1600,10-12,soft,true,2,6.045
Ballarat,1600,13+,dry,true,2,4.58
Ballarat,1600,4-6,dry,1-3m,3,2.54
Ballarat,1600,4-6,dry,4-6m,6,2.087
Ballarat,1600,4-6,dry,7-9m,12,2.65
Ballarat,1600,4-6,dry,true,6,3.268
Ballarat,1600,4-6,heavy,4-6m,6,5.87
Ballarat,1600,4-6,soft,4-6m,6,4.305
Ballarat,1600,4-6,soft,true,6,2.56
Ballarat,1600,7-9,dry,1-3m,3,3.067
Ballarat,1600,7-9,dry,4-6m,6,1.75
Ballarat,1600,7-9,dry,7-9m,10,2.214
Ballarat,1600,7-9,dry,true,4,4.17
Ballarat,1600,7-9,heavy,4-6m,2,4.915
Ballarat,1600,7-9,soft,4-6m,6,3.38
Ballarat,1600,7-9,soft,true,5,3.76
Ballarat,2000,1-3,dry,4-6m,6,2.527
Ballarat,2000,1-3,dry,true,21,3.108
Ballarat,2000,1-3,heavy,4-6m,3,5.343
Ballarat,2000,1-3,heavy,7-9m,3,2.79
Ballarat,2000,1-3,soft,4-6m,6,3.142
Ballarat,2000,1-3,soft,true,6,2.518
Ballarat,2000,10-12,dry,4-6m,5,4.046
Ballarat,2000,10-12,dry,true,13,4.104
Ballarat,2000,10-12,heavy,7-9m,2,7.185
Ballarat,2000,10-12,soft,true,6,4.902
Ballarat,2000,13+,dry,true,6,4.673
Ballarat,2000,13+,soft,true,3,6.887
Ballarat,2000,4-6,dry,4-6m,6,2.007
Ballarat,2000,4-6,dry,true,20,3.064
Ballarat,2000,4-6,heavy,4-6m,2,3.575
Ballarat,2000,4-6,heavy,7-9m,3,6.787
Ballarat,2000,4-6,soft,4-6m,6,3.515
Ballarat,2000,4-6,soft,true,6,2.853
Ballarat,2000,7-9,dry,4-6m,6,3.233
Ballarat,2000,7-9,dry,true,19,2.876
Ballarat,2000,7-9,heavy,4-6m,2,5.285
Ballarat,2000,7-9,heavy,7-9m,3,6.067
Ballarat,2000,7-9,soft,4-6m,6,4.253
Ballarat,2000,7-9,soft,true,6,5.23
Ballarat,2600,1-3,dry,true,3,2.563
Ballarat,2600,10-12,dry,true,2,5.33
Ballarat,2600,13+,dry,true,1,8.19
Ballarat,2600,4-6,dry,true,3,5.3
Ballarat,2600,7-9,dry,true,3,2.113
Bendigo,1000,1-3,dry,4-6m,6,2.658
Bendigo,1000,1-3,dry,7-9m,6,3.872
Bendigo,1000,1-3,dry,true,12,2.494
Bendigo,1000,1-3,heavy,4-6m,9,5.772
Bendigo,1000,1-3,heavy,true,6,1.562
Bendigo,1000,1-3,soft,1-3m,6,1.425
Bendigo,1000,1-3,soft,7-9m,9,4.903
Bendigo,1000,1-3,soft,true,3,4.007
Bendigo,1000,10-12,dry,4-6m,3,6.533
Bendigo,1000,10-12,dry,7-9m,3,3.587
Bendigo,1000,10-12,dry,true,4,5.535
Bendigo,1000,10-12,heavy,4-6m,3,12.967
Bendigo,1000,10-12,soft,1-3m,5,6.708
Bendigo,1000,10-12,soft,7-9m,7,8.283
Bendigo,1000,10-12,soft,true,2,6.96
Bendigo,1000,13+,heavy,4-6m,2,13.125
Bendigo,1000,4-6,dry,4-6m,6,4.247
Bendigo,1000,4-6,dry,7-9m,6,6.438
Bendigo,1000,4-6,dry,true,12,4.626
Bendigo,1000,4-6,heavy,4-6m,9,5.897
Bendigo,1000,4-6,heavy,true,6,4.22
Bendigo,1000,4-6,soft,1-3m,6,4.863
Bendigo,1000,4-6,soft,7-9m,9,6.273
Bendigo,1000,4-6,soft,true,3,5.047
Bendigo,1000,7-9,dry,4-6m,6,5.035
Bendigo,1000,7-9,dry,7-9m,4,5.852
Bendigo,1000,7-9,dry,true,9,6.081
Bendigo,1000,7-9,heavy,4-6m,7,6.537
Bendigo,1000,7-9,heavy,true,2,3.22
Bendigo,1000,7-9,soft,1-3m,6,4.645
Bendigo,1000,7-9,soft,7-9m,9,6.758
Bendigo,1000,7-9,soft,true,3,6.037
Bendigo,1100,1-3,dry,4-6m,12,3.732
Bendigo,1100,1-3,dry,7-9m,3,3.473
Bendigo,1100,1-3,dry,true,18,5.057
Bendigo,1100,1-3,heavy,4-6m,9,6.987
Bendigo,1100,1-3,heavy,true,3,2.62
Bendigo,1100,1-3,soft,1-3m,3,6.027
Bendigo,1100,1-3,soft,7-9m,12,3.656
Bendigo,1100,1-3,soft,true,3,6.203
Bendigo,1100,10-12,dry,4-6m,4,5.3
Bendigo,1100,10-12,dry,true,11,7.791
Bendigo,1100,10-12,heavy,4-6m,3,12.67
Bendigo,1100,10-12,soft,1-3m,3,5.863
Bendigo,1100,10-12,soft,7-9m,1,5.77
Bendigo,1100,10-12,soft,true,3,8.947
Bendigo,1100,13+,dry,4-6m,2,7.13
Bendigo,1100,13+,soft,1-3m,2,7.57
Bendigo,1100,13+,soft,true,2,12.05
Bendigo,1100,4-6,dry,4-6m,12,5.285
Bendigo,1100,4-6,dry,7-9m,3,4.11
Bendigo,1100,4-6,dry,true,18,5.391
Bendigo,1100,4-6,heavy,4-6m,9,8.359
Bendigo,1100,4-6,heavy,true,3,3.357
Bendigo,1100,4-6,soft,1-3m,3,5.243
Bendigo,1100,4-6,soft,7-9m,12,5.853
Bendigo,1100,4-6,soft,true,3,8.073
Bendigo,1100,7-9,dry,4-6m,8,6.479
Bendigo,1100,7-9,dry,7-9m,3,4.39
Bendigo,1100,7-9,dry,true,17,7.252
Bendigo,1100,7-9,heavy,4-6m,6,8.108
Bendigo,1100,7-9,heavy,true,2,6.64
Bendigo,1100,7-9,soft,1-3m,3,7.767
Bendigo,1100,7-9,soft,7-9m,11,5.785
Bendigo,1100,7-9,soft,true,3,13.23
Bendigo,1300,1-3,dry,4-6m,18,3.56
Bendigo,1300,1-3,dry,7-9m,6,2.387
Bendigo,1300,1-3,dry,true,18,3.269
Bendigo,1300,1-3,heavy,4-6m,6,5.423
Bendigo,1300,1-3,heavy,true,6,2.87
Bendigo,1300,1-3,soft,1-3m,6,3.292
Bendigo,1300,1-3,soft,7-9m,18,3.753
Bendigo,1300,10-12,dry,4-6m,5,3.666
Bendigo,1300,10-12,dry,7-9m,2,7.38
Bendigo,1300,10-12,dry,true,7,7.18
Bendigo,1300,10-12,heavy,4-6m,3,6.333
Bendigo,1300,10-12,heavy,true,1,9.62
Bendigo,1300,10-12,soft,1-3m,6,6.447
Bendigo,1300,10-12,soft,7-9m,16,7.207
Bendigo,1300,13+,dry,4-6m,1,1.01
Bendigo,1300,13+,dry,true,2,8.82
Bendigo,1300,13+,soft,1-3m,3,7.983
Bendigo,1300,13+,soft,7-9m,1,3.96
Bendigo,1300,4-6,dry,4-6m,18,4.386
Bendigo,1300,4-6,dry,7-9m,6,5.188
Bendigo,1300,4-6,dry,true,18,5.256
Bendigo,1300,4-6,heavy,4-6m,6,6.737
Bendigo,1300,4-6,heavy,true,6,3.565
Bendigo,1300,4-6,soft,1-3m,6,4.95
Bendigo,1300,4-6,soft,7-9m,18,5.283
Bendigo,1300,7-9,dry,4-6m,16,4.606
Bendigo,1300,7-9,dry,7-9m,6,5.005
Bendigo,1300,7-9,dry,true,18,6.781
Bendigo,1300,7-9,heavy,4-6m,6,8.252
Bendigo,1300,7-9,heavy,true,4,4.598
Bendigo,1300,7-9,soft,1-3m,6,4.82
Bendigo,1300,7-9,soft,7-9m,18,5.794
Bendigo,1400,1-3,dry,4-6m,3,4.193
Bendigo,1400,1-3,dry,7-9m,9,3.528
Bendigo,1400,1-3,dry,true,18,3.057
Bendigo,1400,1-3,heavy,4-6m,6,2.395
Bendigo,1400,1-3,soft,1-3m,3,3.783
Bendigo,1400,1-3,soft,7-9m,6,3.458
Bendigo,1400,1-3,soft,true,6,4.115
Bendigo,1400,10-12,dry,4-6m,3,5.197
Bendigo,1400,10-12,dry,7-9m,7,7.556
Bendigo,1400,10-12,dry,true,9,6.151
Bendigo,1400,10-12,soft,1-3m,3,5.167
Bendigo,1400,10-12,soft,7-9m,6,7.598
Bendigo,1400,10-12,soft,true,6,7.023
Bendigo,1400,13+,dry,true,1,8.23
Bendigo,1400,13+,soft,1-3m,2,3.55
Bendigo,1400,13+,soft,true,3,7.297
Bendigo,1400,4-6,dry,4-6m,3,5.633
Bendigo,1400,4-6,dry,7-9m,8,4.438
Bendigo,1400,4-6,dry,true,18,3.97
Bendigo,1400,4-6,heavy,4-6m,6,3.648
Bendigo,1400,4-6,soft,1-3m,3,3.457
Bendigo,1400,4-6,soft,7-9m,6,5.513
Bendigo,1400,4-6,soft,true,6,7.022
Bendigo,1400,7-9,dry,4-6m,3,6.0
Bendigo,1400,7-9,dry,7-9m,9,5.413
Bendigo,1400,7-9,dry,true,17,4.944
Bendigo,1400,7-9,heavy,4-6m,3,3.09
Bendigo,1400,7-9,soft,1-3m,3,4.183
Bendigo,1400,7-9,soft,7-9m,6,5.598
Bendigo,1400,7-9,soft,true,6,7.408
Bendigo,1500,1-3,dry,4-6m,6,2.935
Bendigo,1500,1-3,dry,7-9m,3,6.083
Bendigo,1500,1-3,dry,true,3,2.407
Bendigo,1500,1-3,heavy,4-6m,3,4.68
Bendigo,1500,1-3,heavy,true,3,3.193
Bendigo,1500,1-3,soft,1-3m,3,3.923
Bendigo,1500,1-3,soft,7-9m,3,2.647
Bendigo,1500,1-3,soft,true,3,3.533
Bendigo,1500,10-12,dry,4-6m,6,7.463
Bendigo,1500,10-12,dry,7-9m,2,1.815
Bendigo,1500,10-12,heavy,4-6m,2,11.425
Bendigo,1500,10-12,heavy,true,3,5.75
Bendigo,1500,10-12,soft,1-3m,3,8.26
Bendigo,1500,10-12,soft,true,3,6.847
Bendigo,1500,13+,dry,4-6m,2,5.595
Bendigo,1500,13+,heavy,true,1,6.37
Bendigo,1500,13+,soft,1-3m,1,9.47
Bendigo,1500,4-6,dry,4-6m,6,3.112
Bendigo,1500,4-6,dry,7-9m,3,4.44
Bendigo,1500,4-6,dry,true,3,3.733
Bendigo,1500,4-6,heavy,4-6m,3,7.23
Bendigo,1500,4-6,heavy,true,3,3.54
Bendigo,1500,4-6,soft,1-3m,3,5.89
Bendigo,1500,4-6,soft,7-9m,3,4.43
Bendigo,1500,4-6,soft,true,3,2.51
Bendigo,1500,7-9,dry,4-6m,6,5.562
Bendigo,1500,7-9,dry,7-9m,3,4.687
Bendigo,1500,7-9,dry,true,3,2.17
Bendigo,1500,7-9,heavy,4-6m,3,5.673
Bendigo,1500,7-9,heavy,true,3,3.17
Bendigo,1500,7-9,soft,1-3m,3,4.92
Bendigo,1500,7-9,soft,7-9m,2,4.37
Bendigo,1500,7-9,soft,true,3,5.707
Bendigo,1600,1-3,dry,4-6m,3,3.213
Bendigo,1600,1-3,dry,7-9m,9,3.459
Bendigo,1600,1-3,dry,true,21,4.083
Bendigo,1600,1-3,heavy,4-6m,12,3.977
Bendigo,1600,1-3,heavy,true,3,2.09
Bendigo,1600,1-3,soft,7-9m,6,3.8
Bendigo,1600,1-3,soft,true,3,3.387
Bendigo,1600,10-12,dry,4-6m,2,7.88
Bendigo,1600,10-12,dry,7-9m,6,4.622
Bendigo,1600,10-12,dry,true,15,5.569
Bendigo,1600,10-12,soft,7-9m,3,7.307
Bendigo,1600,10-12,soft,true,3,5.143
Bendigo,1600,13+,dry,true,4,8.14
Bendigo,1600,13+,soft,true,1,7.32
Bendigo,1600,4-6,dry,4-6m,3,2.893
Bendigo,1600,4-6,dry,7-9m,9,3.999
Bendigo,1600,4-6,dry,true,21,4.266
Bendigo,1600,4-6,heavy,4-6m,12,5.722
Bendigo,1600,4-6,heavy,true,3,2.073
Bendigo,1600,4-6,soft,7-9m,6,8.38
Bendigo,1600,4-6,soft,true,3,4.653
Bendigo,1600,7-9,dry,4-6m,3,4.23
Bendigo,1600,7-9,dry,7-9m,9,4.1
Bendigo,1600,7-9,dry,true,21,5.485
Bendigo,1600,7-9,heavy,4-6m,4,4.99
Bendigo,1600,7-9,soft,7-9m,6,6.633
Bendigo,1600,7-9,soft,true,3,5.913
Bendigo,2200,1-3,dry,7-9m,3,8.123
Bendigo,2200,1-3,dry,true,3,5.797
Bendigo,2200,10-12,dry,7-9m,3,4.783
Bendigo,2200,10-12,dry,true,3,5.853
Bendigo,2200,4-6,dry,7-9m,3,5.817
Bendigo,2200,4-6,dry,true,3,5.443
Bendigo,2200,7-9,dry,7-9m,3,8.517
Bendigo,2200,7-9,dry,true,3,6.83
Bendigo,2400,1-3,dry,true,9,4.849
Bendigo,2400,1-3,soft,1-3m,3,6.687
Bendigo,2400,1-3,soft,true,3,3.537
Bendigo,2400,10-12,dry,true,9,5.257
Bendigo,2400,10-12,soft,1-3m,2,7.26
Bendigo,2400,10-12,soft,true,1,1.2
Bendigo,2400,13+,dry,true,3,4.273
Bendigo,2400,4-6,dry,true,9,4.336
Bendigo,2400,4-6,soft,1-3m,3,3.5
Bendigo,2400,4-6,soft,true,3,2.827
Bendigo,2400,7-9,dry,true,9,4.334
Bendigo,2400,7-9,soft,1-3m,3,5.173
Bendigo,2400,7-9,soft,true,3,3.397
Cairns,1000,1-3,dry,true,135,2.824
Cairns,1000,1-3,heavy,true,63,4.07
Cairns,1000,1-3,soft,1-3m,18,3.075
Cairns,1000,1-3,soft,4-6m,3,5.586
Cairns,1000,1-3,soft,true,233,3.267
Cairns,1000,10-12,dry,true,36,5.774
Cairns,1000,10-12,heavy,true,6,7.557
Cairns,1000,10-12,soft,4-6m,1,8.008
Cairns,1000,10-12,soft,true,58,6.199
Cairns,1000,4-6,dry,true,132,3.854
Cairns,1000,4-6,heavy,true,59,5.364
Cairns,1000,4-6,soft,1-3m,17,3.618
Cairns,1000,4-6,soft,4-6m,3,5.381
Cairns,1000,4-6,soft,true,225,4.209
Cairns,1000,7-9,dry,true,91,4.678
Cairns,1000,7-9,heavy,true,39,6.996
Cairns,1000,7-9,soft,1-3m,14,5.114
Cairns,1000,7-9,soft,4-6m,3,6.017
Cairns,1000,7-9,soft,true,173,5.562
Cairns,1200,1-3,dry,true,130,2.717
Cairns,1200,1-3,heavy,true,50,3.259
Cairns,1200,1-3,soft,1-3m,23,3.889
Cairns,1200,1-3,soft,4-6m,8,3.837
Cairns,1200,1-3,soft,true,197,2.98
Cairns,1200,10-12,dry,true,37,3.644
Cairns,1200,10-12,heavy,true,7,5.657
Cairns,1200,10-12,soft,1-3m,1,6.258
Cairns,1200,10-12,soft,4-6m,2,3.892
Cairns,1200,10-12,soft,true,68,4.533
Cairns,1200,4-6,dry,true,133,3.129
Cairns,1200,4-6,heavy,true,52,3.996
Cairns,1200,4-6,soft,1-3m,24,3.345
Cairns,1200,4-6,soft,4-6m,9,4.552
Cairns,1200,4-6,soft,true,200,3.435
Cairns,1200,7-9,dry,true,97,3.523
Cairns,1200,7-9,heavy,true,35,4.607
Cairns,1200,7-9,soft,1-3m,16,4.228
Cairns,1200,7-9,soft,4-6m,8,4.223
Cairns,1200,7-9,soft,true,160,3.824
Cairns,1400,1-3,dry,true,80,2.705
Cairns,1400,1-3,heavy,true,27,4.283
Cairns,1400,1-3,soft,1-3m,6,3.526
Cairns,1400,1-3,soft,4-6m,3,4.384
Cairns,1400,1-3,soft,true,98,2.965
Cairns,1400,10-12,dry,true,20,2.964
Cairns,1400,10-12,heavy,true,1,8.33
Cairns,1400,10-12,soft,1-3m,4,4.925
Cairns,1400,10-12,soft,true,31,4.111
Cairns,1400,13+,dry,true,7,4.06
Cairns,1400,13+,soft,true,5,5.091
Cairns,1400,4-6,dry,true,80,3.151
Cairns,1400,4-6,heavy,true,26,4.187
Cairns,1400,4-6,soft,1-3m,6,3.936
Cairns,1400,4-6,soft,4-6m,3,4.862
Cairns,1400,4-6,soft,true,96,3.348
Cairns,1400,7-9,dry,true,50,3.169
Cairns,1400,7-9,heavy,true,13,5.1
Cairns,1400,7-9,soft,1-3m,6,4.221
Cairns,1400,7-9,soft,4-6m,2,4.089
Cairns,1400,7-9,soft,true,70,3.673
Cairns,1500,1-3,dry,true,41,3.0
Cairns,1500,1-3,heavy,true,11,3.862
Cairns,1500,1-3,soft,1-3m,6,4.231
Cairns,1500,1-3,soft,4-6m,6,3.851
Cairns,1500,1-3,soft,true,59,3.164
Cairns,1500,10-12,dry,true,6,2.753
Cairns,1500,10-12,soft,true,36,3.879
Cairns,1500,13+,soft,true,11,4.171
Cairns,1500,4-6,dry,true,41,2.916
Cairns,1500,4-6,heavy,true,11,4.081
Cairns,1500,4-6,soft,1-3m,6,2.837
Cairns,1500,4-6,soft,4-6m,6,3.871
Cairns,1500,4-6,soft,true,59,3.554
Cairns,1500,7-9,dry,true,25,3.048
Cairns,1500,7-9,heavy,true,1,5.789
Cairns,1500,7-9,soft,1-3m,4,3.542
Cairns,1500,7-9,soft,4-6m,4,4.615
Cairns,1500,7-9,soft,true,47,3.654
Cairns,1900,1-3,dry,true,13,2.449
Cairns,1900,1-3,soft,1-3m,6,3.674
Cairns,1900,1-3,soft,true,18,2.652
Cairns,1900,10-12,dry,true,5,2.677
Cairns,1900,10-12,soft,true,8,2.876
Cairns,1900,4-6,dry,true,14,2.373
Cairns,1900,4-6,soft,1-3m,5,2.85
Cairns,1900,4-6,soft,true,17,2.696
Cairns,1900,7-9,dry,true,9,2.681
Cairns,1900,7-9,soft,1-3m,2,3.967
Cairns,1900,7-9,soft,true,14,3.094
Cairns,2100,1-3,dry,true,8,2.406
Cairns,2100,1-3,soft,1-3m,3,2.595
Cairns,2100,1-3,soft,true,18,2.777
Cairns,2100,10-12,dry,true,9,2.829
Cairns,2100,10-12,soft,true,10,3.971
Cairns,2100,13+,dry,true,6,3.077
Cairns,2100,13+,soft,true,6,3.771
Cairns,2100,4-6,dry,true,9,2.987
Cairns,2100,4-6,soft,1-3m,2,3.208
Cairns,2100,4-6,soft,true,18,3.041
Cairns,2100,7-9,dry,true,8,3.204
Cairns,2100,7-9,soft,true,16,3.538
Caulfield,1000,1-3,dry,1-3m,14,4.007
Caulfield,1000,1-3,dry,10m+,17,3.045
Caulfield,1000,1-3,dry,4-6m,21,3.47
Caulfield,1000,1-3,dry,7-9m,6,3.908
Caulfield,1000,1-3,dry,true,24,2.791
Caulfield,1000,1-3,soft,1-3m,9,4.596
Caulfield,1000,1-3,soft,10m+,14,4.575
Caulfield,1000,1-3,soft,4-6m,9,5.438
Caulfield,1000,1-3,soft,7-9m,3,1.887
Caulfield,1000,1-3,soft,true,18,5.356
Caulfield,1000,10-12,dry,1-3m,1,9.06
Caulfield,1000,10-12,dry,10m+,6,5.373
Caulfield,1000,10-12,dry,4-6m,5,4.708
Caulfield,1000,10-12,dry,true,2,7.265
Caulfield,1000,10-12,soft,1-3m,6,7.398
Caulfield,1000,10-12,soft,10m+,9,6.734
Caulfield,1000,10-12,soft,7-9m,3,1.61
Caulfield,1000,10-12,soft,true,7,6.156
Caulfield,1000,13+,dry,10m+,2,3.365
Caulfield,1000,13+,soft,1-3m,2,4.085
Caulfield,1000,13+,soft,10m+,1,9.41
Caulfield,1000,13+,soft,7-9m,1,2.92
Caulfield,1000,13+,soft,true,1,9.51
Caulfield,1000,4-6,dry,1-3m,15,6.007
Caulfield,1000,4-6,dry,10m+,17,3.852
Caulfield,1000,4-6,dry,4-6m,21,3.924
Caulfield,1000,4-6,dry,7-9m,6,7.238
Caulfield,1000,4-6,dry,true,22,5.097
Caulfield,1000,4-6,soft,1-3m,9,6.132
Caulfield,1000,4-6,soft,10m+,14,5.854
Caulfield,1000,4-6,soft,4-6m,9,7.938
Caulfield,1000,4-6,soft,7-9m,3,4.42
Caulfield,1000,4-6,soft,true,18,6.357
Caulfield,1000,7-9,dry,1-3m,7,5.896
Caulfield,1000,7-9,dry,10m+,13,4.408
Caulfield,1000,7-9,dry,4-6m,16,4.753
Caulfield,1000,7-9,dry,7-9m,6,7.135
Caulfield,1000,7-9,dry,true,18,5.761
Caulfield,1000,7-9,soft,1-3m,8,6.952
Caulfield,1000,7-9,soft,10m+,12,6.93
Caulfield,1000,7-9,soft,4-6m,9,8.519
Caulfield,1000,7-9,soft,7-9m,3,4.78
Caulfield,1000,7-9,soft,true,14,6.217
Caulfield,1100,1-3,dry,1-3m,27,3.705
Caulfield,1100,1-3,dry,10m+,24,4.712
Caulfield,1100,1-3,dry,4-6m,60,4.118
Caulfield,1100,1-3,dry,7-9m,74,4.227
Caulfield,1100,1-3,dry,true,86,3.973
Caulfield,1100,1-3,heavy,4-6m,3,10.513
Caulfield,1100,1-3,heavy,true,6,18.252
Caulfield,1100,1-3,soft,1-3m,33,5.223
Caulfield,1100,1-3,soft,10m+,24,6.004
Caulfield,1100,1-3,soft,4-6m,27,5.467
Caulfield,1100,1-3,soft,7-9m,12,3.738
Caulfield,1100,1-3,soft,true,57,4.336
Caulfield,1100,10-12,dry,1-3m,16,6.731
Caulfield,1100,10-12,dry,10m+,7,8.32
Caulfield,1100,10-12,dry,4-6m,21,8.458
Caulfield,1100,10-12,dry,7-9m,28,6.903
Caulfield,1100,10-12,dry,true,37,7.619
Caulfield,1100,10-12,heavy,true,3,21.7
Caulfield,1100,10-12,soft,1-3m,18,8.474
Caulfield,1100,10-12,soft,10m+,15,10.927
Caulfield,1100,10-12,soft,4-6m,10,7.581
Caulfield,1100,10-12,soft,7-9m,4,5.58
Caulfield,1100,10-12,soft,true,33,7.372
Caulfield,1100,13+,dry,1-3m,7,7.263
Caulfield,1100,13+,dry,10m+,1,8.89
Caulfield,1100,13+,dry,4-6m,10,8.943
Caulfield,1100,13+,dry,7-9m,5,6.48
Caulfield,1100,13+,dry,true,12,7.663
Caulfield,1100,13+,soft,1-3m,3,9.997
Caulfield,1100,13+,soft,10m+,8,8.686
Caulfield,1100,13+,soft,true,7,7.3
Caulfield,1100,4-6,dry,1-3m,27,4.902
Caulfield,1100,4-6,dry,10m+,24,5.075
Caulfield,1100,4-6,dry,4-6m,60,5.558
Caulfield,1100,4-6,dry,7-9m,74,5.568
Caulfield,1100,4-6,dry,true,86,5.161
Caulfield,1100,4-6,heavy,4-6m,3,8.35
Caulfield,1100,4-6,heavy,true,6,18.03
Caulfield,1100,4-6,soft,1-3m,32,6.211
Caulfield,1100,4-6,soft,10m+,24,7.328
Caulfield,1100,4-6,soft,4-6m,27,5.188
Caulfield,1100,4-6,soft,7-9m,12,5.693
Caulfield,1100,4-6,soft,true,55,5.28
Caulfield,1100,7-9,dry,1-3m,25,5.842
Caulfield,1100,7-9,dry,10m+,18,6.029
Caulfield,1100,7-9,dry,4-6m,51,6.443
Caulfield,1100,7-9,dry,7-9m,55,6.054
Caulfield,1100,7-9,dry,true,74,5.888
Caulfield,1100,7-9,heavy,4-6m,3,11.103
Caulfield,1100,7-9,heavy,true,6,17.903
Caulfield,1100,7-9,soft,1-3m,31,7.664
Caulfield,1100,7-9,soft,10m+,22,8.103
Caulfield,1100,7-9,soft,4-6m,24,7.775
Caulfield,1100,7-9,soft,7-9m,9,7.259
Caulfield,1100,7-9,soft,true,52,5.991
Caulfield,1200,1-3,dry,1-3m,12,3.518
Caulfield,1200,1-3,dry,10m+,18,3.446
Caulfield,1200,1-3,dry,4-6m,98,4.691
Caulfield,1200,1-3,dry,7-9m,68,4.26
Caulfield,1200,1-3,dry,true,85,4.992
Caulfield,1200,1-3,heavy,1-3m,3,5.653
Caulfield,1200,1-3,heavy,4-6m,6,8.593
Caulfield,1200,1-3,heavy,true,12,9.887
Caulfield,1200,1-3,soft,1-3m,3,4.14
Caulfield,1200,1-3,soft,10m+,24,5.198
Caulfield,1200,1-3,soft,4-6m,36,4.592
Caulfield,1200,1-3,soft,7-9m,12,6.963
Caulfield,1200,1-3,soft,true,48,4.795
Caulfield,1200,10-12,dry,1-3m,3,6.21
Caulfield,1200,10-12,dry,10m+,7,8.316
Caulfield,1200,10-12,dry,4-6m,57,7.164
Caulfield,1200,10-12,dry,7-9m,27,6.684
Caulfield,1200,10-12,dry,true,32,6.304
Caulfield,1200,10-12,heavy,true,1,23.97
Caulfield,1200,10-12,soft,10m+,14,7.521
Caulfield,1200,10-12,soft,4-6m,14,8.094
Caulfield,1200,10-12,soft,7-9m,1,3.64
Caulfield,1200,10-12,soft,true,33,8.612
Caulfield,1200,13+,dry,1-3m,3,6.853
Caulfield,1200,13+,dry,10m+,2,7.12
Caulfield,1200,13+,dry,4-6m,32,7.682
Caulfield,1200,13+,dry,7-9m,5,5.332
Caulfield,1200,13+,dry,true,9,7.844
Caulfield,1200,13+,soft,10m+,7,7.639
Caulfield,1200,13+,soft,4-6m,1,6.94
Caulfield,1200,13+,soft,true,14,10.433
Caulfield,1200,4-6,dry,1-3m,12,4.453
Caulfield,1200,4-6,dry,10m+,18,4.949
Caulfield,1200,4-6,dry,4-6m,96,6.154
Caulfield,1200,4-6,dry,7-9m,69,5.433
Caulfield,1200,4-6,dry,true,85,5.528
Caulfield,1200,4-6,heavy,1-3m,3,7.273
Caulfield,1200,4-6,heavy,4-6m,6,9.235
Caulfield,1200,4-6,heavy,true,11,13.557
Caulfield,1200,4-6,soft,1-3m,3,7.083
Caulfield,1200,4-6,soft,10m+,24,5.065
Caulfield,1200,4-6,soft,4-6m,36,6.144
Caulfield,1200,4-6,soft,7-9m,12,8.713
Caulfield,1200,4-6,soft,true,51,6.461
Caulfield,1200,7-9,dry,1-3m,7,5.771
Caulfield,1200,7-9,dry,10m+,15,4.563
Caulfield,1200,7-9,dry,4-6m,89,6.618
Caulfield,1200,7-9,dry,7-9m,58,6.659
Caulfield,1200,7-9,dry,true,69,6.223
Caulfield,1200,7-9,heavy,1-3m,2,5.35
Caulfield,1200,7-9,heavy,4-6m,1,13.72
Caulfield,1200,7-9,heavy,true,11,13.605
Caulfield,1200,7-9,soft,1-3m,3,6.157
Caulfield,1200,7-9,soft,10m+,23,6.62
Caulfield,1200,7-9,soft,4-6m,31,6.989
Caulfield,1200,7-9,soft,7-9m,7,7.849
Caulfield,1200,7-9,soft,true,46,6.719
Caulfield,1400,1-3,dry,1-3m,44,4.113
Caulfield,1400,1-3,dry,10m+,48,3.74
Caulfield,1400,1-3,dry,4-6m,144,4.557
Caulfield,1400,1-3,dry,7-9m,81,4.897
Caulfield,1400,1-3,dry,true,121,4.93
Caulfield,1400,1-3,heavy,1-3m,3,4.46
Caulfield,1400,1-3,heavy,4-6m,12,6.225
Caulfield,1400,1-3,heavy,true,12,9.136
Caulfield,1400,1-3,soft,1-3m,24,5.96
Caulfield,1400,1-3,soft,10m+,24,4.513
Caulfield,1400,1-3,soft,4-6m,48,4.968
Caulfield,1400,1-3,soft,7-9m,18,6.511
Caulfield,1400,1-3,soft,true,108,4.858
Caulfield,1400,10-12,dry,1-3m,10,7.329
Caulfield,1400,10-12,dry,10m+,25,5.797
Caulfield,1400,10-12,dry,4-6m,60,6.59
Caulfield,1400,10-12,dry,7-9m,43,7.117
Caulfield,1400,10-12,dry,true,49,7.461
Caulfield,1400,10-12,heavy,1-3m,1,6.04
Caulfield,1400,10-12,heavy,4-6m,11,8.675
Caulfield,1400,10-12,heavy,true,6,12.995
Caulfield,1400,10-12,soft,1-3m,20,6.734
Caulfield,1400,10-12,soft,10m+,16,6.822
Caulfield,1400,10-12,soft,4-6m,30,8.439
Caulfield,1400,10-12,soft,7-9m,6,7.843
Caulfield,1400,10-12,soft,true,62,6.91
Caulfield,1400,13+,dry,1-3m,8,8.52
Caulfield,1400,13+,dry,10m+,4,4.405
Caulfield,1400,13+,dry,4-6m,18,7.779
Caulfield,1400,13+,dry,7-9m,17,10.402
Caulfield,1400,13+,dry,true,16,5.841
Caulfield,1400,13+,heavy,4-6m,3,9.71
Caulfield,1400,13+,heavy,true,4,14.648
Caulfield,1400,13+,soft,1-3m,11,6.837
Caulfield,1400,13+,soft,10m+,1,8.67
Caulfield,1400,13+,soft,4-6m,12,9.189
Caulfield,1400,13+,soft,true,13,6.755
Caulfield,1400,4-6,dry,1-3m,45,5.957
Caulfield,1400,4-6,dry,10m+,47,5.178
Caulfield,1400,4-6,dry,4-6m,146,5.288
Caulfield,1400,4-6,dry,7-9m,81,5.66
Caulfield,1400,4-6,dry,true,121,5.698
Caulfield,1400,4-6,heavy,1-3m,3,6.283
Caulfield,1400,4-6,heavy,4-6m,11,6.023
Caulfield,1400,4-6,heavy,true,12,9.389
Caulfield,1400,4-6,soft,1-3m,24,6.403
Caulfield,1400,4-6,soft,10m+,24,4.901
Caulfield,1400,4-6,soft,4-6m,47,6.467
Caulfield,1400,4-6,soft,7-9m,18,6.783
Caulfield,1400,4-6,soft,true,108,6.053
Caulfield,1400,7-9,dry,1-3m,34,6.22
Caulfield,1400,7-9,dry,10m+,45,6.13
Caulfield,1400,7-9,dry,4-6m,126,5.97
Caulfield,1400,7-9,dry,7-9m,67,7.334
Caulfield,1400,7-9,dry,true,103,6.277
Caulfield,1400,7-9,heavy,1-3m,3,4.317
Caulfield,1400,7-9,heavy,4-6m,12,7.46
Caulfield,1400,7-9,heavy,true,10,9.415
Caulfield,1400,7-9,soft,1-3m,23,7.09
Caulfield,1400,7-9,soft,10m+,24,7.336
Caulfield,1400,7-9,soft,4-6m,42,8.251
Caulfield,1400,7-9,soft,7-9m,17,7.201
Caulfield,1400,7-9,soft,true,97,5.983
Caulfield,1600,1-3,dry,1-3m,12,4.934
Caulfield,1600,1-3,dry,10m+,24,4.128
Caulfield,1600,1-3,dry,4-6m,62,4.894
Caulfield,1600,1-3,dry,7-9m,57,5.12
Caulfield,1600,1-3,dry,true,78,4.91
Caulfield,1600,1-3,heavy,4-6m,3,11.557
Caulfield,1600,1-3,heavy,true,18,10.625
Caulfield,1600,1-3,soft,10m+,15,5.445
Caulfield,1600,1-3,soft,4-6m,9,5.108
Caulfield,1600,1-3,soft,7-9m,9,8.069
Caulfield,1600,1-3,soft,true,33,5.488
Caulfield,1600,10-12,dry,1-3m,11,5.753
Caulfield,1600,10-12,dry,10m+,2,5.43
Caulfield,1600,10-12,dry,4-6m,32,5.992
Caulfield,1600,10-12,dry,7-9m,32,8.179
Caulfield,1600,10-12,dry,true,41,6.853
Caulfield,1600,10-12,heavy,true,7,7.153
Caulfield,1600,10-12,soft,10m+,7,5.439
Caulfield,1600,10-12,soft,4-6m,5,7.004
Caulfield,1600,10-12,soft,7-9m,8,9.126
Caulfield,1600,10-12,soft,true,20,8.056
Caulfield,1600,13+,dry,1-3m,4,8.315
Caulfield,1600,13+,dry,4-6m,10,6.38
Caulfield,1600,13+,dry,7-9m,12,8.238
Caulfield,1600,13+,dry,true,16,7.657
Caulfield,1600,13+,heavy,true,2,3.62
Caulfield,1600,13+,soft,10m+,3,8.303
Caulfield,1600,13+,soft,7-9m,1,11.14
Caulfield,1600,13+,soft,true,12,10.244
Caulfield,1600,4-6,dry,1-3m,12,6.588
Caulfield,1600,4-6,dry,10m+,24,5.311
Caulfield,1600,4-6,dry,4-6m,63,5.634
Caulfield,1600,4-6,dry,7-9m,57,6.127
Caulfield,1600,4-6,dry,true,77,5.868
Caulfield,1600,4-6,heavy,4-6m,3,9.843
Caulfield,1600,4-6,heavy,true,17,10.979
Caulfield,1600,4-6,soft,10m+,15,6.767
Caulfield,1600,4-6,soft,4-6m,9,5.826
Caulfield,1600,4-6,soft,7-9m,9,10.149
Caulfield,1600,4-6,soft,true,33,6.639
Caulfield,1600,7-9,dry,1-3m,12,6.942
Caulfield,1600,7-9,dry,10m+,13,5.74
Caulfield,1600,7-9,dry,4-6m,55,5.898
Caulfield,1600,7-9,dry,7-9m,50,6.601
Caulfield,1600,7-9,dry,true,64,6.61
Caulfield,1600,7-9,heavy,4-6m,2,14.805
Caulfield,1600,7-9,heavy,true,13,12.384
Caulfield,1600,7-9,soft,10m+,15,6.347
Caulfield,1600,7-9,soft,4-6m,9,4.812
Caulfield,1600,7-9,soft,7-9m,8,11.251
Caulfield,1600,7-9,soft,true,27,6.484
Caulfield,1700,1-3,dry,4-6m,9,3.95
Caulfield,1700,1-3,dry,7-9m,3,4.73
Caulfield,1700,1-3,dry,true,24,5.95
Caulfield,1700,1-3,heavy,4-6m,3,7.27
Caulfield,1700,1-3,heavy,true,3,6.317
Caulfield,1700,1-3,soft,1-3m,9,5.269
Caulfield,1700,1-3,soft,4-6m,6,6.32
Caulfield,1700,1-3,soft,true,15,5.287
Caulfield,1700,10-12,dry,4-6m,5,4.922
Caulfield,1700,10-12,dry,7-9m,1,8.36
Caulfield,1700,10-12,dry,true,18,5.711
Caulfield,1700,10-12,heavy,true,1,10.39
Caulfield,1700,10-12,soft,1-3m,9,9.002
Caulfield,1700,10-12,soft,4-6m,5,7.432
Caulfield,1700,10-12,soft,true,12,6.632
Caulfield,1700,13+,dry,4-6m,1,9.36
Caulfield,1700,13+,dry,true,5,6.408
Caulfield,1700,13+,soft,1-3m,6,8.975
Caulfield,1700,13+,soft,4-6m,4,3.528
Caulfield,1700,13+,soft,true,11,7.102
Caulfield,1700,4-6,dry,4-6m,9,3.259
Caulfield,1700,4-6,dry,7-9m,3,5.703
Caulfield,1700,4-6,dry,true,23,4.67
Caulfield,1700,4-6,heavy,4-6m,3,5.51
Caulfield,1700,4-6,heavy,true,3,3.957
Caulfield,1700,4-6,soft,1-3m,9,5.769
Caulfield,1700,4-6,soft,4-6m,6,9.453
Caulfield,1700,4-6,soft,true,15,4.771
Caulfield,1700,7-9,dry,4-6m,6,4.637
Caulfield,1700,7-9,dry,7-9m,3,4.763
Caulfield,1700,7-9,dry,true,22,6.835
Caulfield,1700,7-9,heavy,4-6m,3,7.547
Caulfield,1700,7-9,heavy,true,3,5.31
Caulfield,1700,7-9,soft,1-3m,9,8.857
Caulfield,1700,7-9,soft,4-6m,6,8.383
Caulfield,1700,7-9,soft,true,13,6.062
Caulfield,1800,1-3,dry,1-3m,12,3.871
Caulfield,1800,1-3,dry,10m+,9,3.763
Caulfield,1800,1-3,dry,4-6m,34,4.741
Caulfield,1800,1-3,dry,7-9m,9,7.08
Caulfield,1800,1-3,dry,true,6,4.245
Caulfield,1800,1-3,heavy,true,3,3.617
Caulfield,1800,1-3,soft,4-6m,9,2.963
Caulfield,1800,1-3,soft,7-9m,9,5.254
Caulfield,1800,1-3,soft,true,9,6.496
Caulfield,1800,10-12,dry,1-3m,5,4.29
Caulfield,1800,10-12,dry,10m+,3,3.873
Caulfield,1800,10-12,dry,4-6m,16,6.653
Caulfield,1800,10-12,dry,7-9m,3,4.143
Caulfield,1800,10-12,dry,true,6,4.253
Caulfield,1800,10-12,heavy,true,1,4.72
Caulfield,1800,10-12,soft,4-6m,3,6.053
Caulfield,1800,10-12,soft,7-9m,5,6.678
Caulfield,1800,10-12,soft,true,3,8.01
Caulfield,1800,13+,dry,1-3m,2,11.055
Caulfield,1800,13+,dry,10m+,1,2.96
Caulfield,1800,13+,dry,4-6m,4,7.842
Caulfield,1800,13+,dry,true,4,9.492
Caulfield,1800,13+,soft,4-6m,2,8.75
Caulfield,1800,13+,soft,7-9m,1,1.86
Caulfield,1800,13+,soft,true,3,9.25
Caulfield,1800,4-6,dry,1-3m,11,5.507
Caulfield,1800,4-6,dry,10m+,9,4.454
Caulfield,1800,4-6,dry,4-6m,35,5.648
Caulfield,1800,4-6,dry,7-9m,12,6.656
Caulfield,1800,4-6,dry,true,6,4.773
Caulfield,1800,4-6,heavy,true,3,4.73
Caulfield,1800,4-6,soft,4-6m,9,4.413
Caulfield,1800,4-6,soft,7-9m,9,5.557
Caulfield,1800,4-6,soft,true,9,4.404
Caulfield,1800,7-9,dry,1-3m,9,6.007
Caulfield,1800,7-9,dry,10m+,7,4.664
Caulfield,1800,7-9,dry,4-6m,29,5.991
Caulfield,1800,7-9,dry,7-9m,10,6.288
Caulfield,1800,7-9,dry,true,6,5.267
Caulfield,1800,7-9,heavy,true,3,5.193
Caulfield,1800,7-9,soft,4-6m,7,6.099
Caulfield,1800,7-9,soft,7-9m,6,5.322
Caulfield,1800,7-9,soft,true,7,5.93
Caulfield,2000,1-3,dry,1-3m,21,4.552
Caulfield,2000,1-3,dry,10m+,27,4.541
Caulfield,2000,1-3,dry,4-6m,49,5.478
Caulfield,2000,1-3,dry,7-9m,42,5.213
Caulfield,2000,1-3,dry,true,45,4.866
Caulfield,2000,1-3,heavy,4-6m,3,13.747
Caulfield,2000,1-3,heavy,true,6,12.148
Caulfield,2000,1-3,soft,1-3m,24,6.206
Caulfield,2000,1-3,soft,10m+,27,5.741
Caulfield,2000,1-3,soft,4-6m,17,6.448
Caulfield,2000,1-3,soft,7-9m,2,4.27
Caulfield,2000,1-3,soft,true,48,6.003
Caulfield,2000,10-12,dry,1-3m,9,5.991
Caulfield,2000,10-12,dry,10m+,15,5.851
Caulfield,2000,10-12,dry,4-6m,31,6.395
Caulfield,2000,10-12,dry,7-9m,24,6.84
Caulfield,2000,10-12,dry,true,19,5.919
Caulfield,2000,10-12,heavy,4-6m,3,13.423
Caulfield,2000,10-12,heavy,true,1,12.02
Caulfield,2000,10-12,soft,1-3m,13,7.376
Caulfield,2000,10-12,soft,10m+,19,6.648
Caulfield,2000,10-12,soft,4-6m,13,7.86
Caulfield,2000,10-12,soft,7-9m,1,5.89
Caulfield,2000,10-12,soft,true,29,7.282
Caulfield,2000,13+,dry,1-3m,3,5.937
Caulfield,2000,13+,dry,10m+,5,9.608
Caulfield,2000,13+,dry,4-6m,23,6.394
Caulfield,2000,13+,dry,7-9m,14,7.627
Caulfield,2000,13+,dry,true,6,7.133
Caulfield,2000,13+,heavy,4-6m,1,16.21
Caulfield,2000,13+,soft,1-3m,3,3.29
Caulfield,2000,13+,soft,10m+,3,7.49
Caulfield,2000,13+,soft,4-6m,4,8.632
Caulfield,2000,13+,soft,true,12,7.262
Caulfield,2000,4-6,dry,1-3m,21,5.587
Caulfield,2000,4-6,dry,10m+,27,5.512
Caulfield,2000,4-6,dry,4-6m,50,5.98
Caulfield,2000,4-6,dry,7-9m,41,5.532
Caulfield,2000,4-6,dry,true,45,5.958
Caulfield,2000,4-6,heavy,4-6m,3,14.22
Caulfield,2000,4-6,heavy,true,6,10.073
Caulfield,2000,4-6,soft,1-3m,24,6.224
Caulfield,2000,4-6,soft,10m+,27,6.036
Caulfield,2000,4-6,soft,4-6m,17,7.016
Caulfield,2000,4-6,soft,7-9m,3,3.1
Caulfield,2000,4-6,soft,true,45,5.729
Caulfield,2000,7-9,dry,1-3m,15,5.101
Caulfield,2000,7-9,dry,10m+,26,6.043
Caulfield,2000,7-9,dry,4-6m,44,5.999
Caulfield,2000,7-9,dry,7-9m,33,6.914
Caulfield,2000,7-9,dry,true,37,7.05
Caulfield,2000,7-9,heavy,4-6m,3,13.613
Caulfield,2000,7-9,heavy,true,6,12.535
Caulfield,2000,7-9,soft,1-3m,21,5.767
Caulfield,2000,7-9,soft,10m+,27,6.25
Caulfield,2000,7-9,soft,4-6m,15,5.962
Caulfield,2000,7-9,soft,7-9m,3,4.937
Caulfield,2000,7-9,soft,true,44,6.871
Caulfield,2400,1-3,dry,1-3m,18,5.191
Caulfield,2400,1-3,dry,10m+,12,3.874
Caulfield,2400,1-3,dry,4-6m,21,3.553
Caulfield,2400,1-3,dry,7-9m,12,4.062
Caulfield,2400,1-3,dry,true,24,4.655
Caulfield,2400,1-3,heavy,true,3,3.527
Caulfield,2400,1-3,soft,1-3m,3,3.877
Caulfield,2400,1-3,soft,10m+,3,8.43
Caulfield,2400,1-3,soft,4-6m,24,6.943
Caulfield,2400,1-3,soft,7-9m,9,7.083
Caulfield,2400,1-3,soft,true,18,5.833
Caulfield,2400,10-12,dry,1-3m,11,5.806
Caulfield,2400,10-12,dry,10m+,3,5.76
Caulfield,2400,10-12,dry,4-6m,4,6.328
Caulfield,2400,10-12,dry,7-9m,5,5.438
Caulfield,2400,10-12,dry,true,6,4.128
Caulfield,2400,10-12,heavy,true,2,8.085
Caulfield,2400,10-12,soft,1-3m,3,6.067
Caulfield,2400,10-12,soft,10m+,1,8.78
Caulfield,2400,10-12,soft,4-6m,9,8.122
Caulfield,2400,10-12,soft,7-9m,6,8.943
Caulfield,2400,10-12,soft,true,13,6.6
Caulfield,2400,13+,dry,1-3m,12,5.139
Caulfield,2400,13+,dry,true,3,5.6
Caulfield,2400,13+,soft,1-3m,6,5.753
Caulfield,2400,13+,soft,4-6m,10,9.987
Caulfield,2400,13+,soft,7-9m,3,9.963
Caulfield,2400,13+,soft,true,12,8.652
Caulfield,2400,4-6,dry,1-3m,18,5.708
Caulfield,2400,4-6,dry,10m+,12,4.93
Caulfield,2400,4-6,dry,4-6m,21,5.292
Caulfield,2400,4-6,dry,7-9m,12,5.335
Caulfield,2400,4-6,dry,true,24,5.042
Caulfield,2400,4-6,heavy,true,3,4.583
Caulfield,2400,4-6,soft,1-3m,3,3.31
Caulfield,2400,4-6,soft,10m+,3,4.547
Caulfield,2400,4-6,soft,4-6m,24,6.529
Caulfield,2400,4-6,soft,7-9m,9,8.62
Caulfield,2400,4-6,soft,true,17,6.428
Caulfield,2400,7-9,dry,1-3m,18,6.116
Caulfield,2400,7-9,dry,10m+,9,4.829
Caulfield,2400,7-9,dry,4-6m,16,5.529
Caulfield,2400,7-9,dry,7-9m,10,5.59
Caulfield,2400,7-9,dry,true,21,4.128
Caulfield,2400,7-9,heavy,true,3,5.357
Caulfield,2400,7-9,soft,1-3m,3,4.43
Caulfield,2400,7-9,soft,10m+,3,7.447
Caulfield,2400,7-9,soft,4-6m,21,6.779
Caulfield,2400,7-9,soft,7-9m,9,7.111
Caulfield,2400,7-9,soft,true,18,7.886
Caulfield Heath,1000,1-3,dry,1-3m,36,4.717
Caulfield Heath,1000,1-3,dry,4-6m,24,3.995
Caulfield Heath,1000,1-3,dry,true,48,4.947
Caulfield Heath,1000,1-3,soft,1-3m,3,6.987
Caulfield Heath,1000,1-3,soft,4-6m,12,4.596
Caulfield Heath,1000,1-3,soft,true,17,5.458
Caulfield Heath,1000,10-12,dry,1-3m,7,6.739
Caulfield Heath,1000,10-12,dry,4-6m,5,9.168
Caulfield Heath,1000,10-12,dry,true,5,7.918
Caulfield Heath,1000,10-12,soft,4-6m,7,6.424
Caulfield Heath,1000,10-12,soft,true,3,7.533
Caulfield Heath,1000,4-6,dry,1-3m,35,6.276
Caulfield Heath,1000,4-6,dry,4-6m,24,5.939
Caulfield Heath,1000,4-6,dry,true,47,6.889
Caulfield Heath,1000,4-6,soft,1-3m,3,6.933
Caulfield Heath,1000,4-6,soft,4-6m,12,5.291
Caulfield Heath,1000,4-6,soft,true,18,6.822
Caulfield Heath,1000,7-9,dry,1-3m,25,7.11
Caulfield Heath,1000,7-9,dry,4-6m,15,7.632
Caulfield Heath,1000,7-9,dry,true,24,7.518
Caulfield Heath,1000,7-9,soft,4-6m,12,7.818
Caulfield Heath,1000,7-9,soft,true,13,8.419
Caulfield Heath,1100,1-3,dry,1-3m,6,3.903
Caulfield Heath,1100,1-3,dry,4-6m,15,5.146
Caulfield Heath,1100,1-3,dry,true,18,4.573
Caulfield Heath,1100,1-3,soft,1-3m,3,7.563
Caulfield Heath,1100,1-3,soft,true,3,5.183
Caulfield Heath,1100,10-12,dry,1-3m,3,7.673
Caulfield Heath,1100,10-12,dry,4-6m,4,8.047
Caulfield Heath,1100,10-12,dry,true,3,7.757
Caulfield Heath,1100,10-12,soft,1-3m,3,8.507
Caulfield Heath,1100,4-6,dry,1-3m,6,4.995
Caulfield Heath,1100,4-6,dry,4-6m,15,6.521
Caulfield Heath,1100,4-6,dry,true,18,5.689
Caulfield Heath,1100,4-6,soft,1-3m,3,7.687
Caulfield Heath,1100,4-6,soft,true,3,5.443
Caulfield Heath,1100,7-9,dry,1-3m,4,5.965
Caulfield Heath,1100,7-9,dry,4-6m,10,7.101
Caulfield Heath,1100,7-9,dry,true,13,5.861
Caulfield Heath,1100,7-9,soft,1-3m,3,9.62
Caulfield Heath,1100,7-9,soft,true,1,5.49
Caulfield Heath,1200,1-3,dry,1-3m,23,4.506
Caulfield Heath,1200,1-3,dry,4-6m,30,4.647
Caulfield Heath,1200,1-3,dry,true,59,5.089
Caulfield Heath,1200,1-3,soft,1-3m,9,4.388
Caulfield Heath,1200,1-3,soft,4-6m,9,5.761
Caulfield Heath,1200,1-3,soft,true,12,5.276
Caulfield Heath,1200,10-12,dry,1-3m,2,7.015
Caulfield Heath,1200,10-12,dry,4-6m,3,8.41
Caulfield Heath,1200,10-12,dry,true,13,7.969
Caulfield Heath,1200,10-12,soft,4-6m,5,9.728
Caulfield Heath,1200,10-12,soft,true,5,6.846
Caulfield Heath,1200,13+,dry,true,1,7.09
Caulfield Heath,1200,4-6,dry,1-3m,24,6.154
Caulfield Heath,1200,4-6,dry,4-6m,30,5.923
Caulfield Heath,1200,4-6,dry,true,60,5.312
Caulfield Heath,1200,4-6,soft,1-3m,9,5.517
Caulfield Heath,1200,4-6,soft,4-6m,9,7.471
Caulfield Heath,1200,4-6,soft,true,12,5.98
Caulfield Heath,1200,7-9,dry,1-3m,17,7.118
Caulfield Heath,1200,7-9,dry,4-6m,16,5.973
Caulfield Heath,1200,7-9,dry,true,53,6.498
Caulfield Heath,1200,7-9,soft,1-3m,8,7.646
Caulfield Heath,1200,7-9,soft,4-6m,9,8.322
Caulfield Heath,1200,7-9,soft,true,9,8.881
Caulfield Heath,1500,1-3,dry,1-3m,24,5.251
Caulfield Heath,1500,1-3,dry,4-6m,21,5.454
Caulfield Heath,1500,1-3,dry,true,33,5.538
Caulfield Heath,1500,1-3,soft,1-3m,9,6.25
Caulfield Heath,1500,1-3,soft,4-6m,18,6.344
Caulfield Heath,1500,1-3,soft,true,3,5.38
Caulfield Heath,1500,10-12,dry,1-3m,2,9.005
Caulfield Heath,1500,10-12,dry,4-6m,1,2.73
Caulfield Heath,1500,10-12,dry,true,4,6.595
Caulfield Heath,1500,10-12,soft,1-3m,5,6.742
Caulfield Heath,1500,10-12,soft,4-6m,6,6.945
Caulfield Heath,1500,10-12,soft,true,1,7.61
Caulfield Heath,1500,4-6,dry,1-3m,24,5.905
Caulfield Heath,1500,4-6,dry,4-6m,21,6.404
Caulfield Heath,1500,4-6,dry,true,33,5.587
Caulfield Heath,1500,4-6,soft,1-3m,9,5.079
Caulfield Heath,1500,4-6,soft,4-6m,18,7.303
Caulfield Heath,1500,4-6,soft,true,3,7.49
Caulfield Heath,1500,7-9,dry,1-3m,14,6.723
Caulfield Heath,1500,7-9,dry,4-6m,17,7.188
Caulfield Heath,1500,7-9,dry,true,20,7.74
Caulfield Heath,1500,7-9,soft,1-3m,9,7.519
Caulfield Heath,1500,7-9,soft,4-6m,12,9.008
Caulfield Heath,1500,7-9,soft,true,3,9.997
Caulfield Heath,1600,1-3,dry,1-3m,26,5.401
Caulfield Heath,1600,1-3,dry,4-6m,15,5.089
Caulfield Heath,1600,1-3,dry,true,27,6.803
Caulfield Heath,1600,1-3,soft,1-3m,3,4.547
Caulfield Heath,1600,1-3,soft,true,6,5.172
Caulfield Heath,1600,10-12,dry,1-3m,3,7.197
Caulfield Heath,1600,10-12,dry,4-6m,3,6.99
Caulfield Heath,1600,10-12,dry,true,3,4.533
Caulfield Heath,1600,10-12,soft,1-3m,2,2.91
Caulfield Heath,1600,4-6,dry,1-3m,27,5.456
Caulfield Heath,1600,4-6,dry,4-6m,15,4.996
Caulfield Heath,1600,4-6,dry,true,26,6.34
Caulfield Heath,1600,4-6,soft,1-3m,3,7.387
Caulfield Heath,1600,4-6,soft,true,6,4.038
Caulfield Heath,1600,7-9,dry,1-3m,17,7.276
Caulfield Heath,1600,7-9,dry,4-6m,6,4.383
Caulfield Heath,1600,7-9,dry,true,15,6.125
Caulfield Heath,1600,7-9,soft,1-3m,3,8.807
Caulfield Heath,1600,7-9,soft,true,2,6.375
Caulfield Heath,1800,1-3,dry,1-3m,21,5.698
Caulfield Heath,1800,1-3,dry,4-6m,24,5.269
Caulfield Heath,1800,1-3,dry,true,32,6.151
Caulfield Heath,1800,1-3,soft,1-3m,6,7.867
Caulfield Heath,1800,1-3,soft,4-6m,6,5.663
Caulfield Heath,1800,1-3,soft,true,6,6.277
Caulfield Heath,1800,10-12,dry,4-6m,9,6.284
Caulfield Heath,1800,10-12,dry,true,3,8.277
Caulfield Heath,1800,10-12,soft,1-3m,4,10.138
Caulfield Heath,1800,10-12,soft,true,4,4.872
Caulfield Heath,1800,4-6,dry,1-3m,21,5.501
Caulfield Heath,1800,4-6,dry,4-6m,24,5.773
Caulfield Heath,1800,4-6,dry,true,33,6.754
Caulfield Heath,1800,4-6,soft,1-3m,6,7.148
Caulfield Heath,1800,4-6,soft,4-6m,6,6.473
Caulfield Heath,1800,4-6,soft,true,6,4.823
Caulfield Heath,1800,7-9,dry,1-3m,14,5.922
Caulfield Heath,1800,7-9,dry,4-6m,19,5.876
Caulfield Heath,1800,7-9,dry,true,25,6.528
Caulfield Heath,1800,7-9,soft,1-3m,6,8.572
Caulfield Heath,1800,7-9,soft,4-6m,5,6.414
Caulfield Heath,1800,7-9,soft,true,6,7.905
Cranbourne,1000,1-3,dry,1-3m,18,2.911
Cranbourne,1000,1-3,dry,4-6m,39,3.03
Cranbourne,1000,1-3,dry,7-9m,87,2.762
Cranbourne,1000,1-3,dry,true,83,3.261
Cranbourne,1000,1-3,heavy,4-6m,6,4.075
Cranbourne,1000,1-3,heavy,true,3,2.39
Cranbourne,1000,1-3,soft,1-3m,6,3.497
Cranbourne,1000,1-3,soft,4-6m,25,2.911
Cranbourne,1000,1-3,soft,7-9m,36,3.279
Cranbourne,1000,1-3,soft,true,54,3.869
Cranbourne,1000,10-12,dry,1-3m,1,6.33
Cranbourne,1000,10-12,dry,4-6m,3,4.413
Cranbourne,1000,10-12,dry,7-9m,1,2.62
Cranbourne,1000,10-12,dry,true,9,7.55
Cranbourne,1000,10-12,heavy,4-6m,2,8.455
Cranbourne,1000,10-12,soft,4-6m,5,4.964
Cranbourne,1000,10-12,soft,7-9m,6,5.683
Cranbourne,1000,10-12,soft,true,10,7.063
Cranbourne,1000,4-6,dry,1-3m,18,3.677
Cranbourne,1000,4-6,dry,4-6m,39,3.852
Cranbourne,1000,4-6,dry,7-9m,86,3.943
Cranbourne,1000,4-6,dry,true,84,4.536
Cranbourne,1000,4-6,heavy,4-6m,6,4.653
Cranbourne,1000,4-6,heavy,true,3,4.503
Cranbourne,1000,4-6,soft,1-3m,6,3.317
Cranbourne,1000,4-6,soft,4-6m,27,3.231
Cranbourne,1000,4-6,soft,7-9m,36,3.995
Cranbourne,1000,4-6,soft,true,54,4.946
Cranbourne,1000,7-9,dry,1-3m,13,4.655
Cranbourne,1000,7-9,dry,4-6m,25,4.592
Cranbourne,1000,7-9,dry,7-9m,49,4.943
Cranbourne,1000,7-9,dry,true,53,5.328
Cranbourne,1000,7-9,heavy,4-6m,4,5.672
Cranbourne,1000,7-9,heavy,true,2,5.1
Cranbourne,1000,7-9,soft,1-3m,6,3.862
Cranbourne,1000,7-9,soft,4-6m,23,5.223
Cranbourne,1000,7-9,soft,7-9m,31,5.092
Cranbourne,1000,7-9,soft,true,37,5.265
Cranbourne,1200,1-3,dry,1-3m,21,2.765
Cranbourne,1200,1-3,dry,4-6m,47,2.673
Cranbourne,1200,1-3,dry,7-9m,81,3.554
Cranbourne,1200,1-3,dry,true,95,4.149
Cranbourne,1200,1-3,heavy,4-6m,3,3.737
Cranbourne,1200,1-3,heavy,true,3,3.987
Cranbourne,1200,1-3,soft,1-3m,3,2.133
Cranbourne,1200,1-3,soft,4-6m,21,2.614
Cranbourne,1200,1-3,soft,7-9m,27,3.584
Cranbourne,1200,1-3,soft,true,24,3.884
Cranbourne,1200,10-12,dry,1-3m,9,3.412
Cranbourne,1200,10-12,dry,4-6m,1,2.36
Cranbourne,1200,10-12,dry,7-9m,4,6.182
Cranbourne,1200,10-12,dry,true,13,4.602
Cranbourne,1200,10-12,heavy,4-6m,3,6.147
Cranbourne,1200,10-12,soft,4-6m,7,5.781
Cranbourne,1200,10-12,soft,7-9m,3,4.267
Cranbourne,1200,10-12,soft,true,7,6.697
Cranbourne,1200,13+,dry,1-3m,4,3.942
Cranbourne,1200,13+,dry,true,1,3.5
Cranbourne,1200,13+,heavy,4-6m,1,8.29
Cranbourne,1200,13+,soft,4-6m,1,4.52
Cranbourne,1200,13+,soft,true,1,6.75
Cranbourne,1200,4-6,dry,1-3m,21,3.84
Cranbourne,1200,4-6,dry,4-6m,48,3.76
Cranbourne,1200,4-6,dry,7-9m,81,4.449
Cranbourne,1200,4-6,dry,true,99,4.765
Cranbourne,1200,4-6,heavy,4-6m,3,6.66
Cranbourne,1200,4-6,heavy,true,3,2.963
Cranbourne,1200,4-6,soft,1-3m,3,3.4
Cranbourne,1200,4-6,soft,4-6m,21,3.754
Cranbourne,1200,4-6,soft,7-9m,26,5.03
Cranbourne,1200,4-6,soft,true,22,3.981
Cranbourne,1200,7-9,dry,1-3m,16,3.373
Cranbourne,1200,7-9,dry,4-6m,31,3.804
Cranbourne,1200,7-9,dry,7-9m,53,4.408
Cranbourne,1200,7-9,dry,true,73,5.141
Cranbourne,1200,7-9,heavy,4-6m,3,5.627
Cranbourne,1200,7-9,heavy,true,3,7.537
Cranbourne,1200,7-9,soft,1-3m,1,5.25
Cranbourne,1200,7-9,soft,4-6m,17,4.986
Cranbourne,1200,7-9,soft,7-9m,20,4.743
Cranbourne,1200,7-9,soft,true,18,4.978
Cranbourne,1300,1-3,dry,1-3m,15,4.483
Cranbourne,1300,1-3,dry,4-6m,18,3.352
Cranbourne,1300,1-3,dry,7-9m,46,4.247
Cranbourne,1300,1-3,dry,true,33,3.514
Cranbourne,1300,1-3,heavy,4-6m,3,7.953
Cranbourne,1300,1-3,soft,1-3m,3,3.107
Cranbourne,1300,1-3,soft,4-6m,6,4.887
Cranbourne,1300,1-3,soft,7-9m,15,3.009
Cranbourne,1300,1-3,soft,true,27,3.931
Cranbourne,1300,10-12,dry,4-6m,6,5.79
Cranbourne,1300,10-12,dry,7-9m,7,5.153
Cranbourne,1300,10-12,dry,true,8,5.999
Cranbourne,1300,10-12,heavy,4-6m,3,5.773
Cranbourne,1300,10-12,soft,1-3m,1,3.0
Cranbourne,1300,10-12,soft,4-6m,1,6.37
Cranbourne,1300,10-12,soft,7-9m,3,5.557
Cranbourne,1300,10-12,soft,true,9,5.75
Cranbourne,1300,13+,heavy,4-6m,2,7.355
Cranbourne,1300,4-6,dry,1-3m,14,5.738
Cranbourne,1300,4-6,dry,4-6m,18,3.703
Cranbourne,1300,4-6,dry,7-9m,47,4.525
Cranbourne,1300,4-6,dry,true,32,4.852
Cranbourne,1300,4-6,heavy,4-6m,3,6.277
Cranbourne,1300,4-6,soft,1-3m,3,4.053
Cranbourne,1300,4-6,soft,4-6m,6,3.197
Cranbourne,1300,4-6,soft,7-9m,15,4.357
Cranbourne,1300,4-6,soft,true,25,4.908
Cranbourne,1300,7-9,dry,1-3m,9,4.199
Cranbourne,1300,7-9,dry,4-6m,17,4.616
Cranbourne,1300,7-9,dry,7-9m,31,4.629
Cranbourne,1300,7-9,dry,true,22,5.713
Cranbourne,1300,7-9,heavy,4-6m,3,6.063
Cranbourne,1300,7-9,soft,1-3m,3,2.657
Cranbourne,1300,7-9,soft,4-6m,6,4.69
Cranbourne,1300,7-9,soft,7-9m,12,4.461
Cranbourne,1300,7-9,soft,true,23,5.052
Cranbourne,1400,1-3,dry,1-3m,17,3.556
Cranbourne,1400,1-3,dry,4-6m,42,2.879
Cranbourne,1400,1-3,dry,7-9m,68,3.085
Cranbourne,1400,1-3,dry,true,63,3.811
Cranbourne,1400,1-3,heavy,4-6m,6,4.01
Cranbourne,1400,1-3,soft,1-3m,3,2.63
Cranbourne,1400,1-3,soft,4-6m,17,3.424
Cranbourne,1400,1-3,soft,7-9m,21,3.412
Cranbourne,1400,1-3,soft,true,21,3.258
Cranbourne,1400,10-12,dry,1-3m,5,3.69
Cranbourne,1400,10-12,dry,4-6m,5,3.64
Cranbourne,1400,10-12,dry,7-9m,13,3.812
Cranbourne,1400,10-12,dry,true,14,5.744
Cranbourne,1400,10-12,heavy,4-6m,4,7.078
Cranbourne,1400,10-12,soft,4-6m,8,4.542
Cranbourne,1400,10-12,soft,7-9m,6,6.267
Cranbourne,1400,10-12,soft,true,8,4.191
Cranbourne,1400,13+,dry,true,2,10.165
Cranbourne,1400,13+,heavy,4-6m,1,8.67
Cranbourne,1400,13+,soft,4-6m,2,4.55
Cranbourne,1400,13+,soft,7-9m,1,7.62
Cranbourne,1400,4-6,dry,1-3m,18,4.299
Cranbourne,1400,4-6,dry,4-6m,42,3.841
Cranbourne,1400,4-6,dry,7-9m,68,3.664
Cranbourne,1400,4-6,dry,true,63,4.628
Cranbourne,1400,4-6,heavy,4-6m,6,5.247
Cranbourne,1400,4-6,soft,1-3m,3,3.41
Cranbourne,1400,4-6,soft,4-6m,18,3.729
Cranbourne,1400,4-6,soft,7-9m,21,3.09
Cranbourne,1400,4-6,soft,true,21,5.374
Cranbourne,1400,7-9,dry,1-3m,16,3.368
Cranbourne,1400,7-9,dry,4-6m,28,4.527
Cranbourne,1400,7-9,dry,7-9m,56,4.268
Cranbourne,1400,7-9,dry,true,53,5.608
Cranbourne,1400,7-9,heavy,4-6m,6,7.173
Cranbourne,1400,7-9,soft,4-6m,16,4.674
Cranbourne,1400,7-9,soft,7-9m,13,4.473
Cranbourne,1400,7-9,soft,true,21,5.229
Cranbourne,1500,1-3,dry,1-3m,9,4.228
Cranbourne,1500,1-3,dry,4-6m,9,4.531
Cranbourne,1500,1-3,dry,7-9m,8,4.45
Cranbourne,1500,1-3,dry,true,15,4.266
Cranbourne,1500,1-3,heavy,4-6m,3,3.797
Cranbourne,1500,1-3,soft,1-3m,2,1.675
Cranbourne,1500,1-3,soft,7-9m,6,5.21
Cranbourne,1500,1-3,soft,true,23,3.434
Cranbourne,1500,10-12,dry,1-3m,3,6.14
Cranbourne,1500,10-12,dry,4-6m,1,6.09
Cranbourne,1500,10-12,dry,7-9m,2,4.88
Cranbourne,1500,10-12,dry,true,8,5.672
Cranbourne,1500,10-12,heavy,4-6m,2,7.16
Cranbourne,1500,10-12,soft,7-9m,3,5.54
Cranbourne,1500,10-12,soft,true,8,4.944
Cranbourne,1500,13+,dry,true,2,3.175
Cranbourne,1500,13+,soft,7-9m,1,4.87
Cranbourne,1500,13+,soft,true,1,3.54
Cranbourne,1500,4-6,dry,1-3m,9,5.426
Cranbourne,1500,4-6,dry,4-6m,9,5.153
Cranbourne,1500,4-6,dry,7-9m,7,3.614
Cranbourne,1500,4-6,dry,true,15,3.947
Cranbourne,1500,4-6,heavy,4-6m,3,4.613
Cranbourne,1500,4-6,soft,1-3m,3,4.527
Cranbourne,1500,4-6,soft,7-9m,5,6.134
Cranbourne,1500,4-6,soft,true,24,4.457
Cranbourne,1500,7-9,dry,1-3m,9,4.626
Cranbourne,1500,7-9,dry,4-6m,8,4.862
Cranbourne,1500,7-9,dry,7-9m,8,4.458
Cranbourne,1500,7-9,dry,true,11,4.109
Cranbourne,1500,7-9,heavy,4-6m,3,6.647
Cranbourne,1500,7-9,soft,1-3m,3,6.77
Cranbourne,1500,7-9,soft,7-9m,3,4.69
Cranbourne,1500,7-9,soft,true,18,5.098
Cranbourne,1600,1-3,dry,1-3m,16,4.338
Cranbourne,1600,1-3,dry,4-6m,33,3.353
Cranbourne,1600,1-3,dry,7-9m,72,3.001
Cranbourne,1600,1-3,dry,true,57,3.708
Cranbourne,1600,1-3,heavy,4-6m,3,6.25
Cranbourne,1600,1-3,heavy,true,3,4.31
Cranbourne,1600,1-3,soft,1-3m,3,3.133
Cranbourne,1600,1-3,soft,4-6m,18,4.152
Cranbourne,1600,1-3,soft,7-9m,21,3.054
Cranbourne,1600,1-3,soft,true,26,4.259
Cranbourne,1600,10-12,dry,1-3m,5,5.662
Cranbourne,1600,10-12,dry,4-6m,7,6.546
Cranbourne,1600,10-12,dry,7-9m,13,3.395
Cranbourne,1600,10-12,dry,true,11,6.209
Cranbourne,1600,10-12,soft,1-3m,1,0.63
Cranbourne,1600,10-12,soft,4-6m,9,2.386
Cranbourne,1600,10-12,soft,7-9m,7,3.739
Cranbourne,1600,10-12,soft,true,5,4.202
Cranbourne,1600,13+,dry,1-3m,1,9.63
Cranbourne,1600,13+,dry,7-9m,2,2.28
Cranbourne,1600,13+,soft,4-6m,2,3.115
Cranbourne,1600,13+,soft,7-9m,2,5.775
Cranbourne,1600,4-6,dry,1-3m,18,4.469
Cranbourne,1600,4-6,dry,4-6m,33,3.352
Cranbourne,1600,4-6,dry,7-9m,71,3.766
Cranbourne,1600,4-6,dry,true,60,4.404
Cranbourne,1600,4-6,heavy,4-6m,3,4.783
Cranbourne,1600,4-6,heavy,true,3,4.84
Cranbourne,1600,4-6,soft,1-3m,3,3.377
Cranbourne,1600,4-6,soft,4-6m,18,4.124
Cranbourne,1600,4-6,soft,7-9m,21,3.936
Cranbourne,1600,4-6,soft,true,27,4.704
Cranbourne,1600,7-9,dry,1-3m,14,4.911
Cranbourne,1600,7-9,dry,4-6m,26,3.565
Cranbourne,1600,7-9,dry,7-9m,55,3.459
Cranbourne,1600,7-9,dry,true,44,5.418
Cranbourne,1600,7-9,heavy,4-6m,3,4.15
Cranbourne,1600,7-9,soft,1-3m,3,4.487
Cranbourne,1600,7-9,soft,4-6m,10,3.281
Cranbourne,1600,7-9,soft,7-9m,16,4.848
Cranbourne,1600,7-9,soft,true,19,4.317
Cranbourne,2000,1-3,dry,1-3m,14,2.953
Cranbourne,2000,1-3,dry,true,63,4.735
Cranbourne,2000,1-3,soft,1-3m,6,5.828
Cranbourne,2000,1-3,soft,4-6m,3,3.853
Cranbourne,2000,1-3,soft,7-9m,3,3.777
Cranbourne,2000,1-3,soft,true,29,4.134
Cranbourne,2000,10-12,dry,1-3m,7,4.414
Cranbourne,2000,10-12,dry,true,19,6.274
Cranbourne,2000,10-12,soft,1-3m,2,7.605
Cranbourne,2000,10-12,soft,4-6m,3,6.07
Cranbourne,2000,10-12,soft,true,11,5.749
Cranbourne,2000,13+,dry,1-3m,1,5.63
Cranbourne,2000,13+,dry,true,2,3.23
Cranbourne,2000,13+,soft,4-6m,2,3.05
Cranbourne,2000,4-6,dry,1-3m,15,3.564
Cranbourne,2000,4-6,dry,true,63,4.454
Cranbourne,2000,4-6,soft,1-3m,6,4.267
Cranbourne,2000,4-6,soft,4-6m,3,4.277
Cranbourne,2000,4-6,soft,7-9m,3,2.443
Cranbourne,2000,4-6,soft,true,30,4.982
Cranbourne,2000,7-9,dry,1-3m,15,4.141
Cranbourne,2000,7-9,dry,true,47,4.913
Cranbourne,2000,7-9,soft,1-3m,6,4.892
Cranbourne,2000,7-9,soft,4-6m,3,2.6
Cranbourne,2000,7-9,soft,7-9m,3,2.013
Cranbourne,2000,7-9,soft,true,27,5.809
Cranbourne,2100,1-3,dry,4-6m,9,2.31
Cranbourne,2100,1-3,dry,7-9m,27,4.116
Cranbourne,2100,1-3,soft,4-6m,3,4.547
Cranbourne,2100,1-3,soft,7-9m,18,3.365
Cranbourne,2100,10-12,dry,4-6m,2,3.065
Cranbourne,2100,10-12,dry,7-9m,6,3.373
Cranbourne,2100,10-12,soft,7-9m,7,3.937
Cranbourne,2100,4-6,dry,4-6m,9,3.432
Cranbourne,2100,4-6,dry,7-9m,26,4.412
Cranbourne,2100,4-6,soft,4-6m,3,4.05
Cranbourne,2100,4-6,soft,7-9m,17,4.222
Cranbourne,2100,7-9,dry,4-6m,9,3.819
Cranbourne,2100,7-9,dry,7-9m,25,4.594
Cranbourne,2100,7-9,soft,4-6m,3,5.1
Cranbourne,2100,7-9,soft,7-9m,15,4.009
Cranbourne,2500,1-3,dry,1-3m,9,3.749
Cranbourne,2500,1-3,dry,true,12,3.152
Cranbourne,2500,1-3,soft,1-3m,3,4.887
Cranbourne,2500,1-3,soft,7-9m,3,1.8
Cranbourne,2500,1-3,soft,true,15,2.165
Cranbourne,2500,10-12,dry,1-3m,4,5.808
Cranbourne,2500,10-12,dry,true,3,0.963
Cranbourne,2500,10-12,soft,1-3m,2,5.09
Cranbourne,2500,10-12,soft,true,3,3.75
Cranbourne,2500,13+,dry,1-3m,1,4.6
Cranbourne,2500,4-6,dry,1-3m,9,4.591
Cranbourne,2500,4-6,dry,true,12,3.739
Cranbourne,2500,4-6,soft,1-3m,3,2.16
Cranbourne,2500,4-6,soft,7-9m,3,3.023
Cranbourne,2500,4-6,soft,true,15,3.146
Cranbourne,2500,7-9,dry,1-3m,9,3.874
Cranbourne,2500,7-9,dry,true,7,3.079
Cranbourne,2500,7-9,soft,1-3m,3,2.45
Cranbourne,2500,7-9,soft,true,11,3.305
Cranbourne,2600,1-3,dry,4-6m,12,4.213
Cranbourne,2600,1-3,dry,7-9m,13,3.249
Cranbourne,2600,1-3,soft,7-9m,6,1.68
Cranbourne,2600,10-12,dry,4-6m,5,4.334
Cranbourne,2600,10-12,dry,7-9m,1,3.1
Cranbourne,2600,4-6,dry,4-6m,12,4.209
Cranbourne,2600,4-6,dry,7-9m,13,3.374
Cranbourne,2600,4-6,soft,7-9m,6,2.248
Cranbourne,2600,7-9,dry,4-6m,10,4.647
Cranbourne,2600,7-9,dry,7-9m,10,3.943
Cranbourne,2600,7-9,soft,7-9m,2,0.76
Dalby,1000,1-3,dry,true,72,2.796
Dalby,1000,1-3,soft,true,18,2.385
Dalby,1000,10-12,dry,true,16,6.22
Dalby,1000,10-12,soft,true,4,5.38
Dalby,1000,4-6,dry,true,72,3.978
Dalby,1000,4-6,soft,true,18,3.791
Dalby,1000,7-9,dry,true,69,5.094
Dalby,1000,7-9,soft,true,18,4.697
Dalby,1100,1-3,dry,true,18,2.407
Dalby,1100,10-12,dry,true,2,3.801
Dalby,1100,4-6,dry,true,17,2.661
Dalby,1100,7-9,dry,true,13,3.15
Dalby,1200,1-3,dry,true,27,2.281
Dalby,1200,1-3,soft,true,6,1.801
Dalby,1200,10-12,dry,true,3,4.442
Dalby,1200,10-12,soft,true,1,5.845
Dalby,1200,4-6,dry,true,27,2.854
Dalby,1200,4-6,soft,true,6,3.26
Dalby,1200,7-9,dry,true,24,3.767
Dalby,1200,7-9,soft,true,6,4.481
Dalby,1400,1-3,dry,true,86,2.223
Dalby,1400,1-3,soft,true,15,2.123
Dalby,1400,10-12,dry,true,17,4.207
Dalby,1400,10-12,soft,true,3,3.746
Dalby,1400,4-6,dry,true,83,3.021
Dalby,1400,4-6,soft,true,15,2.906
Dalby,1400,7-9,dry,true,70,3.574
Dalby,1400,7-9,soft,true,15,3.72
Dalby,2000,1-3,dry,true,9,2.143
Dalby,2000,1-3,soft,true,3,2.476
Dalby,2000,10-12,soft,true,1,3.496
Dalby,2000,4-6,dry,true,9,2.51
Dalby,2000,4-6,soft,true,3,3.073
Dalby,2000,7-9,dry,true,9,2.88
Dalby,2000,7-9,soft,true,3,3.102
Doomben,1000,1-3,dry,1-3m,9,1.169
Doomben,1000,1-3,dry,10m+,6,1.261
Doomben,1000,1-3,dry,4-6m,41,1.329
Doomben,1000,1-3,dry,7-9m,12,1.307
Doomben,1000,1-3,heavy,10m+,3,1.035
Doomben,1000,1-3,soft,1-3m,12,1.644
Doomben,1000,1-3,soft,10m+,3,1.579
Doomben,1000,1-3,soft,4-6m,17,1.263
Doomben,1000,1-3,soft,7-9m,1,1.096
Doomben,1000,10-12,dry,1-3m,5,2.554
Doomben,1000,10-12,dry,4-6m,4,3.291
Doomben,1000,10-12,dry,7-9m,2,2.475
Doomben,1000,10-12,soft,1-3m,4,4.0
Doomben,1000,10-12,soft,4-6m,7,3.137
Doomben,1000,13+,dry,1-3m,1,3.634
Doomben,1000,13+,soft,4-6m,1,2.824
Doomben,1000,4-6,dry,1-3m,9,1.451
Doomben,1000,4-6,dry,10m+,6,1.875
Doomben,1000,4-6,dry,4-6m,40,1.859
Doomben,1000,4-6,dry,7-9m,12,1.499
Doomben,1000,4-6,heavy,10m+,3,1.087
Doomben,1000,4-6,soft,1-3m,12,2.653
Doomben,1000,4-6,soft,10m+,3,1.616
Doomben,1000,4-6,soft,4-6m,18,1.559
Doomben,1000,4-6,soft,7-9m,3,1.65
Doomben,1000,7-9,dry,1-3m,6,2.256
Doomben,1000,7-9,dry,10m+,5,1.7
Doomben,1000,7-9,dry,4-6m,33,2.577
Doomben,1000,7-9,dry,7-9m,7,1.888
Doomben,1000,7-9,soft,1-3m,9,1.927
Doomben,1000,7-9,soft,10m+,3,1.325
Doomben,1000,7-9,soft,4-6m,12,2.3
Doomben,1100,1-3,dry,1-3m,34,1.207
Doomben,1100,1-3,dry,10m+,35,1.145
Doomben,1100,1-3,dry,4-6m,154,1.441
Doomben,1100,1-3,dry,7-9m,54,1.368
Doomben,1100,1-3,dry,true,34,1.318
Doomben,1100,1-3,heavy,1-3m,3,1.126
Doomben,1100,1-3,heavy,10m+,3,1.008
Doomben,1100,1-3,heavy,4-6m,6,2.302
Doomben,1100,1-3,heavy,7-9m,3,1.044
Doomben,1100,1-3,heavy,true,8,1.99
Doomben,1100,1-3,soft,1-3m,50,1.62
Doomben,1100,1-3,soft,10m+,20,1.182
Doomben,1100,1-3,soft,4-6m,78,1.544
Doomben,1100,1-3,soft,7-9m,20,1.429
Doomben,1100,1-3,soft,true,14,1.621
Doomben,1100,10-12,dry,1-3m,16,2.062
Doomben,1100,10-12,dry,10m+,10,2.313
Doomben,1100,10-12,dry,4-6m,42,2.397
Doomben,1100,10-12,dry,7-9m,18,2.329
Doomben,1100,10-12,dry,true,15,3.103
Doomben,1100,10-12,heavy,10m+,1,2.914
Doomben,1100,10-12,heavy,4-6m,3,2.848
Doomben,1100,10-12,heavy,true,1,4.016
Doomben,1100,10-12,soft,1-3m,33,3.427
Doomben,1100,10-12,soft,4-6m,15,2.745
Doomben,1100,10-12,soft,7-9m,9,2.15
Doomben,1100,10-12,soft,true,11,2.696
Doomben,1100,13+,dry,1-3m,4,2.101
Doomben,1100,13+,dry,4-6m,4,3.132
Doomben,1100,13+,dry,7-9m,2,3.231
Doomben,1100,13+,dry,true,5,3.26
Doomben,1100,13+,heavy,4-6m,3,5.629
Doomben,1100,13+,soft,1-3m,9,3.268
Doomben,1100,13+,soft,4-6m,4,1.686
Doomben,1100,13+,soft,7-9m,1,2.86
Doomben,1100,13+,soft,true,3,2.765
Doomben,1100,4-6,dry,1-3m,35,1.605
Doomben,1100,4-6,dry,10m+,35,1.388
Doomben,1100,4-6,dry,4-6m,156,1.77
Doomben,1100,4-6,dry,7-9m,54,1.657
Doomben,1100,4-6,dry,true,35,1.875
Doomben,1100,4-6,heavy,1-3m,2,2.158
Doomben,1100,4-6,heavy,10m+,3,2.133
Doomben,1100,4-6,heavy,4-6m,6,2.53
Doomben,1100,4-6,heavy,7-9m,2,1.579
Doomben,1100,4-6,heavy,true,8,3.028
Doomben,1100,4-6,soft,1-3m,51,2.04
Doomben,1100,4-6,soft,10m+,20,1.325
Doomben,1100,4-6,soft,4-6m,77,1.835
Doomben,1100,4-6,soft,7-9m,21,1.486
Doomben,1100,4-6,soft,true,15,2.199
Doomben,1100,7-9,dry,1-3m,30,2.085
Doomben,1100,7-9,dry,10m+,33,1.528
Doomben,1100,7-9,dry,4-6m,134,2.047
Doomben,1100,7-9,dry,7-9m,45,2.002
Doomben,1100,7-9,dry,true,32,1.996
Doomben,1100,7-9,heavy,1-3m,1,2.498
Doomben,1100,7-9,heavy,10m+,3,2.117
Doomben,1100,7-9,heavy,4-6m,3,3.65
Doomben,1100,7-9,heavy,7-9m,2,1.972
Doomben,1100,7-9,heavy,true,4,2.21
Doomben,1100,7-9,soft,1-3m,50,2.406
Doomben,1100,7-9,soft,10m+,10,1.592
Doomben,1100,7-9,soft,4-6m,55,2.219
Doomben,1100,7-9,soft,7-9m,18,2.047
Doomben,1100,7-9,soft,true,15,2.101
Doomben,1200,1-3,dry,1-3m,51,1.349
Doomben,1200,1-3,dry,10m+,60,1.322
Doomben,1200,1-3,dry,4-6m,306,1.478
Doomben,1200,1-3,dry,7-9m,135,1.26
Doomben,1200,1-3,dry,true,55,1.399
Doomben,1200,1-3,heavy,1-3m,15,1.516
Doomben,1200,1-3,heavy,10m+,3,1.914
Doomben,1200,1-3,heavy,4-6m,9,2.912
Doomben,1200,1-3,heavy,7-9m,6,1.451
Doomben,1200,1-3,heavy,true,9,1.877
Doomben,1200,1-3,soft,1-3m,55,1.792
Doomben,1200,1-3,soft,10m+,35,1.316
Doomben,1200,1-3,soft,4-6m,158,1.487
Doomben,1200,1-3,soft,7-9m,45,1.361
Doomben,1200,1-3,soft,true,22,1.78
Doomben,1200,10-12,dry,1-3m,29,2.761
Doomben,1200,10-12,dry,10m+,32,2.827
Doomben,1200,10-12,dry,4-6m,121,2.918
Doomben,1200,10-12,dry,7-9m,68,2.587
Doomben,1200,10-12,dry,true,27,3.211
Doomben,1200,10-12,heavy,4-6m,3,5.276
Doomben,1200,10-12,heavy,7-9m,1,2.087
Doomben,1200,10-12,heavy,true,7,5.169
Doomben,1200,10-12,soft,1-3m,32,3.49
Doomben,1200,10-12,soft,10m+,11,2.374
Doomben,1200,10-12,soft,4-6m,51,2.946
Doomben,1200,10-12,soft,7-9m,19,2.829
Doomben,1200,10-12,soft,true,10,3.24
Doomben,1200,13+,dry,1-3m,1,2.43
Doomben,1200,13+,dry,4-6m,22,3.698
Doomben,1200,13+,dry,7-9m,5,2.933
Doomben,1200,13+,dry,true,1,4.173
Doomben,1200,13+,heavy,true,3,3.783
Doomben,1200,13+,soft,1-3m,11,3.645
Doomben,1200,13+,soft,4-6m,2,3.044
Doomben,1200,13+,soft,7-9m,1,4.297
Doomben,1200,13+,soft,true,3,4.306
Doomben,1200,4-6,dry,1-3m,53,1.841
Doomben,1200,4-6,dry,10m+,59,1.961
Doomben,1200,4-6,dry,4-6m,311,2.011
Doomben,1200,4-6,dry,7-9m,139,1.919
Doomben,1200,4-6,dry,true,56,1.994
Doomben,1200,4-6,heavy,1-3m,13,2.268
Doomben,1200,4-6,heavy,10m+,3,2.067
Doomben,1200,4-6,heavy,4-6m,8,3.319
Doomben,1200,4-6,heavy,7-9m,6,2.268
Doomben,1200,4-6,heavy,true,9,2.672
Doomben,1200,4-6,soft,1-3m,56,2.459
Doomben,1200,4-6,soft,10m+,35,1.803
Doomben,1200,4-6,soft,4-6m,158,2.124
Doomben,1200,4-6,soft,7-9m,44,1.921
Doomben,1200,4-6,soft,true,23,2.321
Doomben,1200,7-9,dry,1-3m,50,2.386
Doomben,1200,7-9,dry,10m+,59,2.477
Doomben,1200,7-9,dry,4-6m,272,2.576
Doomben,1200,7-9,dry,7-9m,129,2.313
Doomben,1200,7-9,dry,true,48,2.674
Doomben,1200,7-9,heavy,1-3m,5,3.231
Doomben,1200,7-9,heavy,10m+,3,2.287
Doomben,1200,7-9,heavy,4-6m,6,4.273
Doomben,1200,7-9,heavy,7-9m,5,3.98
Doomben,1200,7-9,heavy,true,8,3.408
Doomben,1200,7-9,soft,1-3m,50,2.978
Doomben,1200,7-9,soft,10m+,30,2.35
Doomben,1200,7-9,soft,4-6m,129,2.554
Doomben,1200,7-9,soft,7-9m,40,2.583
Doomben,1200,7-9,soft,true,21,2.978
Doomben,1400,1-3,dry,1-3m,69,1.416
Doomben,1400,1-3,dry,10m+,58,1.27
Doomben,1400,1-3,dry,4-6m,329,1.521
Doomben,1400,1-3,dry,7-9m,95,1.222
Doomben,1400,1-3,dry,true,49,1.556
Doomben,1400,1-3,heavy,1-3m,12,2.493
Doomben,1400,1-3,heavy,10m+,6,1.329
Doomben,1400,1-3,heavy,4-6m,12,1.813
Doomben,1400,1-3,heavy,7-9m,3,2.006
Doomben,1400,1-3,heavy,true,8,1.85
Doomben,1400,1-3,soft,1-3m,55,1.719
Doomben,1400,1-3,soft,10m+,50,1.262
Doomben,1400,1-3,soft,4-6m,169,1.746
Doomben,1400,1-3,soft,7-9m,49,1.239
Doomben,1400,1-3,soft,true,24,1.546
Doomben,1400,10-12,dry,1-3m,36,3.299
Doomben,1400,10-12,dry,10m+,39,2.697
Doomben,1400,10-12,dry,4-6m,145,3.17
Doomben,1400,10-12,dry,7-9m,45,2.621
Doomben,1400,10-12,dry,true,27,3.337
Doomben,1400,10-12,heavy,1-3m,1,4.754
Doomben,1400,10-12,heavy,4-6m,2,3.523
Doomben,1400,10-12,heavy,7-9m,1,3.566
Doomben,1400,10-12,heavy,true,7,3.174
Doomben,1400,10-12,soft,1-3m,32,3.582
Doomben,1400,10-12,soft,10m+,22,2.961
Doomben,1400,10-12,soft,4-6m,70,3.295
Doomben,1400,10-12,soft,7-9m,32,2.74
Doomben,1400,10-12,soft,true,13,3.257
Doomben,1400,13+,dry,1-3m,21,3.659
Doomben,1400,13+,dry,10m+,2,2.036
Doomben,1400,13+,dry,4-6m,32,3.606
Doomben,1400,13+,dry,7-9m,7,2.826
Doomben,1400,13+,dry,true,7,3.939
Doomben,1400,13+,heavy,true,1,1.785
Doomben,1400,13+,soft,1-3m,21,4.305
Doomben,1400,13+,soft,4-6m,18,4.179
Doomben,1400,13+,soft,7-9m,8,3.16
Doomben,1400,13+,soft,true,4,3.355
Doomben,1400,4-6,dry,1-3m,72,1.994
Doomben,1400,4-6,dry,10m+,59,1.793
Doomben,1400,4-6,dry,4-6m,327,2.032
Doomben,1400,4-6,dry,7-9m,95,1.869
Doomben,1400,4-6,dry,true,51,2.08
Doomben,1400,4-6,heavy,1-3m,12,2.425
Doomben,1400,4-6,heavy,10m+,6,2.082
Doomben,1400,4-6,heavy,4-6m,11,2.198
Doomben,1400,4-6,heavy,7-9m,3,2.996
Doomben,1400,4-6,heavy,true,9,2.95
Doomben,1400,4-6,soft,1-3m,57,2.236
Doomben,1400,4-6,soft,10m+,51,1.94
Doomben,1400,4-6,soft,4-6m,179,2.223
Doomben,1400,4-6,soft,7-9m,51,1.943
Doomben,1400,4-6,soft,true,24,2.045
Doomben,1400,7-9,dry,1-3m,61,2.541
Doomben,1400,7-9,dry,10m+,55,2.168
Doomben,1400,7-9,dry,4-6m,309,2.537
Doomben,1400,7-9,dry,7-9m,86,2.236
Doomben,1400,7-9,dry,true,48,2.55
Doomben,1400,7-9,heavy,1-3m,9,3.518
Doomben,1400,7-9,heavy,10m+,4,1.991
Doomben,1400,7-9,heavy,4-6m,7,3.118
Doomben,1400,7-9,heavy,7-9m,3,3.649
Doomben,1400,7-9,heavy,true,9,2.844
Doomben,1400,7-9,soft,1-3m,51,3.116
Doomben,1400,7-9,soft,10m+,46,2.165
Doomben,1400,7-9,soft,4-6m,155,2.731
Doomben,1400,7-9,soft,7-9m,47,2.203
Doomben,1400,7-9,soft,true,22,2.284
Doomben,1600,1-3,dry,1-3m,51,1.26
Doomben,1600,1-3,dry,4-6m,239,1.391
Doomben,1600,1-3,dry,7-9m,69,1.143
Doomben,1600,1-3,dry,true,36,1.268
Doomben,1600,1-3,heavy,4-6m,9,1.685
Doomben,1600,1-3,heavy,7-9m,6,1.266
Doomben,1600,1-3,heavy,true,6,1.308
Doomben,1600,1-3,soft,1-3m,53,1.518
Doomben,1600,1-3,soft,4-6m,110,1.32
Doomben,1600,1-3,soft,7-9m,33,1.212
Doomben,1600,1-3,soft,true,20,1.291
Doomben,1600,10-12,dry,1-3m,23,2.103
Doomben,1600,10-12,dry,4-6m,85,2.254
Doomben,1600,10-12,dry,7-9m,27,1.884
Doomben,1600,10-12,dry,true,20,2.087
Doomben,1600,10-12,heavy,4-6m,6,3.083
Doomben,1600,10-12,heavy,true,3,2.214
Doomben,1600,10-12,soft,1-3m,31,2.556
Doomben,1600,10-12,soft,4-6m,47,2.249
Doomben,1600,10-12,soft,7-9m,20,2.089
Doomben,1600,10-12,soft,true,18,2.317
Doomben,1600,13+,dry,1-3m,8,2.76
Doomben,1600,13+,dry,4-6m,11,2.109
Doomben,1600,13+,dry,true,7,2.64
Doomben,1600,13+,heavy,4-6m,2,3.351
Doomben,1600,13+,heavy,true,3,3.635
Doomben,1600,13+,soft,1-3m,12,2.441
Doomben,1600,13+,soft,4-6m,4,2.669
Doomben,1600,13+,soft,7-9m,1,1.86
Doomben,1600,13+,soft,true,6,3.051
Doomben,1600,4-6,dry,1-3m,59,1.57
Doomben,1600,4-6,dry,4-6m,245,1.634
Doomben,1600,4-6,dry,7-9m,72,1.572
Doomben,1600,4-6,dry,true,39,1.574
Doomben,1600,4-6,heavy,4-6m,9,2.678
Doomben,1600,4-6,heavy,7-9m,6,1.659
Doomben,1600,4-6,heavy,true,6,1.804
Doomben,1600,4-6,soft,1-3m,54,1.577
Doomben,1600,4-6,soft,4-6m,116,1.594
Doomben,1600,4-6,soft,7-9m,38,1.38
Doomben,1600,4-6,soft,true,21,1.662
Doomben,1600,7-9,dry,1-3m,53,1.906
Doomben,1600,7-9,dry,4-6m,208,2.001
Doomben,1600,7-9,dry,7-9m,61,1.597
Doomben,1600,7-9,dry,true,36,2.142
Doomben,1600,7-9,heavy,4-6m,9,3.099
Doomben,1600,7-9,heavy,7-9m,2,2.508
Doomben,1600,7-9,heavy,true,4,1.801
Doomben,1600,7-9,soft,1-3m,49,2.14
Doomben,1600,7-9,soft,4-6m,105,1.915
Doomben,1600,7-9,soft,7-9m,33,1.612
Doomben,1600,7-9,soft,true,21,2.11
Doomben,1700,1-3,dry,10m+,34,1.228
Doomben,1700,1-3,dry,4-6m,6,0.953
Doomben,1700,1-3,heavy,10m+,6,1.328
Doomben,1700,1-3,heavy,4-6m,2,1.403
Doomben,1700,1-3,soft,10m+,19,1.085
Doomben,1700,1-3,soft,4-6m,21,1.185
Doomben,1700,10-12,dry,10m+,1,1.48
Doomben,1700,10-12,heavy,10m+,1,3.871
Doomben,1700,10-12,soft,10m+,1,1.906
Doomben,1700,4-6,dry,10m+,39,1.411
Doomben,1700,4-6,dry,4-6m,6,1.309
Doomben,1700,4-6,heavy,10m+,6,1.81
Doomben,1700,4-6,heavy,4-6m,2,0.903
Doomben,1700,4-6,soft,10m+,21,1.241
Doomben,1700,4-6,soft,4-6m,21,1.318
Doomben,1700,7-9,dry,10m+,36,1.339
Doomben,1700,7-9,dry,4-6m,5,1.548
Doomben,1700,7-9,heavy,10m+,5,1.253
Doomben,1700,7-9,soft,10m+,16,1.386
Doomben,1700,7-9,soft,4-6m,9,1.107
Doomben,2000,1-3,dry,1-3m,21,1.757
Doomben,2000,1-3,dry,4-6m,65,1.432
Doomben,2000,1-3,dry,7-9m,18,1.391
Doomben,2000,1-3,dry,true,9,1.037
Doomben,2000,1-3,heavy,1-3m,3,1.251
Doomben,2000,1-3,heavy,4-6m,2,2.041
Doomben,2000,1-3,heavy,7-9m,2,1.542
Doomben,2000,1-3,heavy,true,6,2.176
Doomben,2000,1-3,soft,1-3m,24,1.881
Doomben,2000,1-3,soft,4-6m,37,2.074
Doomben,2000,1-3,soft,7-9m,8,1.182
Doomben,2000,1-3,soft,true,13,1.868
Doomben,2000,10-12,dry,1-3m,18,2.428
Doomben,2000,10-12,dry,4-6m,32,2.096
Doomben,2000,10-12,dry,7-9m,9,2.037
Doomben,2000,10-12,dry,true,8,2.044
Doomben,2000,10-12,heavy,4-6m,1,2.1
Doomben,2000,10-12,heavy,7-9m,2,2.196
Doomben,2000,10-12,heavy,true,5,3.023
Doomben,2000,10-12,soft,1-3m,18,2.45
Doomben,2000,10-12,soft,4-6m,27,2.68
Doomben,2000,10-12,soft,7-9m,6,2.052
Doomben,2000,10-12,soft,true,13,2.542
Doomben,2000,13+,dry,1-3m,15,2.537
Doomben,2000,13+,dry,4-6m,10,2.363
Doomben,2000,13+,dry,true,3,2.506
Doomben,2000,13+,heavy,true,1,4.189
Doomben,2000,13+,soft,1-3m,11,3.107
Doomben,2000,13+,soft,4-6m,10,3.214
Doomben,2000,13+,soft,7-9m,2,1.966
Doomben,2000,13+,soft,true,12,2.821
Doomben,2000,4-6,dry,1-3m,24,1.692
Doomben,2000,4-6,dry,4-6m,77,1.597
Doomben,2000,4-6,dry,7-9m,17,1.752
Doomben,2000,4-6,dry,true,11,1.418
Doomben,2000,4-6,heavy,1-3m,3,1.611
Doomben,2000,4-6,heavy,4-6m,4,1.296
Doomben,2000,4-6,heavy,7-9m,2,1.911
Doomben,2000,4-6,heavy,true,5,1.669
Doomben,2000,4-6,soft,1-3m,31,1.78
Doomben,2000,4-6,soft,4-6m,43,2.436
Doomben,2000,4-6,soft,7-9m,7,1.684
Doomben,2000,4-6,soft,true,13,1.87
Doomben,2000,7-9,dry,1-3m,21,2.005
Doomben,2000,7-9,dry,4-6m,62,1.934
Doomben,2000,7-9,dry,7-9m,15,1.628
Doomben,2000,7-9,dry,true,14,1.778
Doomben,2000,7-9,heavy,1-3m,2,1.364
Doomben,2000,7-9,heavy,4-6m,6,1.885
Doomben,2000,7-9,heavy,7-9m,3,1.76
Doomben,2000,7-9,heavy,true,6,2.585
Doomben,2000,7-9,soft,1-3m,28,2.123
Doomben,2000,7-9,soft,4-6m,40,2.201
Doomben,2000,7-9,soft,7-9m,8,1.662
Doomben,2000,7-9,soft,true,15,2.148
Doomben,2100,1-3,dry,10m+,9,1.213
Doomben,2100,1-3,dry,4-6m,16,1.359
Doomben,2100,1-3,dry,7-9m,7,1.511
Doomben,2100,1-3,heavy,4-6m,3,1.515
Doomben,2100,1-3,soft,10m+,10,1.343
Doomben,2100,1-3,soft,4-6m,6,1.336
Doomben,2100,10-12,dry,10m+,1,1.3
Doomben,2100,10-12,dry,4-6m,8,1.342
Doomben,2100,10-12,dry,7-9m,5,2.066
Doomben,2100,10-12,soft,10m+,9,1.433
Doomben,2100,4-6,dry,10m+,11,1.418
Doomben,2100,4-6,dry,4-6m,17,1.484
Doomben,2100,4-6,dry,7-9m,6,1.606
Doomben,2100,4-6,heavy,4-6m,2,0.909
Doomben,2100,4-6,soft,10m+,10,1.623
Doomben,2100,4-6,soft,4-6m,6,1.381
Doomben,2100,7-9,dry,10m+,9,1.357
Doomben,2100,7-9,dry,4-6m,17,1.528
Doomben,2100,7-9,dry,7-9m,7,1.818
Doomben,2100,7-9,soft,10m+,12,1.777
Doomben,2100,7-9,soft,4-6m,3,0.968
Doomben,2200,1-3,dry,1-3m,18,1.36
Doomben,2200,1-3,dry,4-6m,25,1.448
Doomben,2200,1-3,dry,7-9m,3,1.259
Doomben,2200,1-3,dry,true,6,1.568
Doomben,2200,1-3,heavy,1-3m,3,2.325
Doomben,2200,1-3,heavy,10m+,1,1.829
Doomben,2200,1-3,heavy,true,2,1.281
Doomben,2200,1-3,soft,1-3m,2,1.286
Doomben,2200,1-3,soft,4-6m,13,1.884
Doomben,2200,1-3,soft,true,3,1.505
Doomben,2200,10-12,dry,1-3m,7,1.567
Doomben,2200,10-12,dry,4-6m,6,2.029
Doomben,2200,10-12,dry,true,1,2.579
Doomben,2200,10-12,heavy,1-3m,3,2.908
Doomben,2200,10-12,heavy,10m+,3,1.699
Doomben,2200,10-12,heavy,true,2,1.564
Doomben,2200,10-12,soft,1-3m,1,2.39
Doomben,2200,10-12,soft,4-6m,3,2.583
Doomben,2200,13+,dry,1-3m,1,2.189
Doomben,2200,13+,dry,4-6m,1,1.956
Doomben,2200,13+,heavy,1-3m,1,2.479
Doomben,2200,4-6,dry,1-3m,19,1.561
Doomben,2200,4-6,dry,4-6m,24,1.468
Doomben,2200,4-6,dry,7-9m,3,1.132
Doomben,2200,4-6,dry,true,6,1.65
Doomben,2200,4-6,heavy,1-3m,3,2.48
Doomben,2200,4-6,heavy,10m+,2,1.55
Doomben,2200,4-6,heavy,true,1,1.493
Doomben,2200,4-6,soft,1-3m,3,1.955
Doomben,2200,4-6,soft,4-6m,12,1.967
Doomben,2200,4-6,soft,true,4,1.705
Doomben,2200,7-9,dry,1-3m,14,1.594
Doomben,2200,7-9,dry,4-6m,19,1.783
Doomben,2200,7-9,dry,true,3,1.97
Doomben,2200,7-9,heavy,1-3m,2,2.0
Doomben,2200,7-9,heavy,10m+,3,1.763
Doomben,2200,7-9,heavy,true,3,1.657
Doomben,2200,7-9,soft,1-3m,1,2.286
Doomben,2200,7-9,soft,4-6m,11,1.549
Doomben,2200,7-9,soft,true,6,1.941
Eagle Farm,1000,1-3,dry,1-3m,83,2.418
Eagle Farm,1000,1-3,dry,10m+,36,1.68
Eagle Farm,1000,1-3,dry,4-6m,155,2.242
Eagle Farm,1000,1-3,dry,7-9m,72,1.766
Eagle Farm,1000,1-3,dry,true,31,2.337
Eagle Farm,1000,1-3,heavy,1-3m,6,3.08
Eagle Farm,1000,1-3,heavy,7-9m,3,2.067
Eagle Farm,1000,1-3,soft,1-3m,51,3.021
Eagle Farm,1000,1-3,soft,10m+,48,1.831
Eagle Farm,1000,1-3,soft,4-6m,81,2.831
Eagle Farm,1000,1-3,soft,7-9m,28,1.913
Eagle Farm,1000,1-3,soft,true,6,2.949
Eagle Farm,1000,10-12,dry,1-3m,31,4.844
Eagle Farm,1000,10-12,dry,10m+,3,5.059
Eagle Farm,1000,10-12,dry,4-6m,29,4.504
Eagle Farm,1000,10-12,dry,7-9m,11,4.302
Eagle Farm,1000,10-12,dry,true,10,5.286
Eagle Farm,1000,10-12,heavy,1-3m,4,5.017
Eagle Farm,1000,10-12,heavy,7-9m,1,6.392
Eagle Farm,1000,10-12,soft,1-3m,15,4.813
Eagle Farm,1000,10-12,soft,10m+,12,4.4
Eagle Farm,1000,10-12,soft,4-6m,19,6.944
Eagle Farm,1000,10-12,soft,7-9m,11,4.701
Eagle Farm,1000,10-12,soft,true,2,6.789
Eagle Farm,1000,4-6,dry,1-3m,82,3.441
Eagle Farm,1000,4-6,dry,10m+,38,2.429
Eagle Farm,1000,4-6,dry,4-6m,152,3.404
Eagle Farm,1000,4-6,dry,7-9m,74,2.862
Eagle Farm,1000,4-6,dry,true,33,3.062
Eagle Farm,1000,4-6,heavy,1-3m,6,3.498
Eagle Farm,1000,4-6,heavy,7-9m,3,4.123
Eagle Farm,1000,4-6,soft,1-3m,50,4.213
Eagle Farm,1000,4-6,soft,10m+,48,2.869
Eagle Farm,1000,4-6,soft,4-6m,81,3.894
Eagle Farm,1000,4-6,soft,7-9m,29,2.541
Eagle Farm,1000,4-6,soft,true,6,3.74
Eagle Farm,1000,7-9,dry,1-3m,71,4.555
Eagle Farm,1000,7-9,dry,10m+,20,3.387
Eagle Farm,1000,7-9,dry,4-6m,106,4.135
Eagle Farm,1000,7-9,dry,7-9m,54,3.465
Eagle Farm,1000,7-9,dry,true,26,3.987
Eagle Farm,1000,7-9,heavy,1-3m,6,4.407
Eagle Farm,1000,7-9,heavy,7-9m,3,4.637
Eagle Farm,1000,7-9,soft,1-3m,44,4.704
Eagle Farm,1000,7-9,soft,10m+,40,3.599
Eagle Farm,1000,7-9,soft,4-6m,60,5.026
Eagle Farm,1000,7-9,soft,7-9m,22,3.492
Eagle Farm,1000,7-9,soft,true,4,4.269
Eagle Farm,1200,1-3,dry,1-3m,135,2.136
Eagle Farm,1200,1-3,dry,10m+,61,1.805
Eagle Farm,1200,1-3,dry,4-6m,266,2.275
Eagle Farm,1200,1-3,dry,7-9m,81,2.028
Eagle Farm,1200,1-3,dry,true,36,2.274
Eagle Farm,1200,1-3,heavy,1-3m,15,3.11
Eagle Farm,1200,1-3,heavy,4-6m,9,4.247
Eagle Farm,1200,1-3,heavy,7-9m,3,1.274
Eagle Farm,1200,1-3,soft,1-3m,53,3.016
Eagle Farm,1200,1-3,soft,10m+,56,1.982
Eagle Farm,1200,1-3,soft,4-6m,96,2.336
Eagle Farm,1200,1-3,soft,7-9m,48,2.15
Eagle Farm,1200,1-3,soft,true,12,3.16
Eagle Farm,1200,10-12,dry,1-3m,52,4.595
Eagle Farm,1200,10-12,dry,10m+,14,3.175
Eagle Farm,1200,10-12,dry,4-6m,136,4.486
Eagle Farm,1200,10-12,dry,7-9m,28,4.117
Eagle Farm,1200,10-12,dry,true,14,4.108
Eagle Farm,1200,10-12,heavy,1-3m,3,5.674
Eagle Farm,1200,10-12,heavy,4-6m,7,6.554
Eagle Farm,1200,10-12,soft,1-3m,29,5.878
Eagle Farm,1200,10-12,soft,10m+,14,3.411
Eagle Farm,1200,10-12,soft,4-6m,51,4.775
Eagle Farm,1200,10-12,soft,7-9m,19,4.257
Eagle Farm,1200,10-12,soft,true,9,6.666
Eagle Farm,1200,13+,dry,1-3m,11,6.518
Eagle Farm,1200,13+,dry,4-6m,43,5.362
Eagle Farm,1200,13+,dry,7-9m,8,4.963
Eagle Farm,1200,13+,dry,true,2,4.181
Eagle Farm,1200,13+,heavy,4-6m,2,5.888
Eagle Farm,1200,13+,soft,1-3m,11,6.555
Eagle Farm,1200,13+,soft,4-6m,11,5.044
Eagle Farm,1200,13+,soft,7-9m,8,5.388
Eagle Farm,1200,13+,soft,true,10,7.144
Eagle Farm,1200,4-6,dry,1-3m,133,3.208
Eagle Farm,1200,4-6,dry,10m+,63,2.535
Eagle Farm,1200,4-6,dry,4-6m,265,3.062
Eagle Farm,1200,4-6,dry,7-9m,80,2.75
Eagle Farm,1200,4-6,dry,true,36,3.18
Eagle Farm,1200,4-6,heavy,1-3m,15,4.046
Eagle Farm,1200,4-6,heavy,4-6m,9,5.62
Eagle Farm,1200,4-6,heavy,7-9m,3,2.963
Eagle Farm,1200,4-6,soft,1-3m,54,4.225
Eagle Farm,1200,4-6,soft,10m+,56,2.623
Eagle Farm,1200,4-6,soft,4-6m,96,3.526
Eagle Farm,1200,4-6,soft,7-9m,48,3.016
Eagle Farm,1200,4-6,soft,true,12,4.311
Eagle Farm,1200,7-9,dry,1-3m,127,3.789
Eagle Farm,1200,7-9,dry,10m+,47,3.284
Eagle Farm,1200,7-9,dry,4-6m,236,3.739
Eagle Farm,1200,7-9,dry,7-9m,64,3.17
Eagle Farm,1200,7-9,dry,true,30,3.466
Eagle Farm,1200,7-9,heavy,1-3m,12,4.796
Eagle Farm,1200,7-9,heavy,4-6m,9,5.593
Eagle Farm,1200,7-9,heavy,7-9m,3,3.97
Eagle Farm,1200,7-9,soft,1-3m,50,5.026
Eagle Farm,1200,7-9,soft,10m+,47,3.174
Eagle Farm,1200,7-9,soft,4-6m,84,4.307
Eagle Farm,1200,7-9,soft,7-9m,45,3.367
Eagle Farm,1200,7-9,soft,true,9,5.501
Eagle Farm,1300,1-3,dry,1-3m,5,3.279
Eagle Farm,1300,1-3,dry,4-6m,41,2.479
Eagle Farm,1300,1-3,dry,7-9m,8,2.123
Eagle Farm,1300,1-3,dry,true,18,2.101
Eagle Farm,1300,1-3,heavy,1-3m,3,3.823
Eagle Farm,1300,1-3,heavy,4-6m,3,2.914
Eagle Farm,1300,1-3,heavy,7-9m,6,2.015
Eagle Farm,1300,1-3,soft,1-3m,15,3.166
Eagle Farm,1300,1-3,soft,10m+,6,2.274
Eagle Farm,1300,1-3,soft,4-6m,14,5.477
Eagle Farm,1300,1-3,soft,7-9m,9,2.291
Eagle Farm,1300,1-3,soft,true,6,4.567
Eagle Farm,1300,10-12,dry,1-3m,4,3.551
Eagle Farm,1300,10-12,dry,4-6m,27,4.081
Eagle Farm,1300,10-12,dry,7-9m,6,4.109
Eagle Farm,1300,10-12,dry,true,14,3.174
Eagle Farm,1300,10-12,heavy,4-6m,3,4.555
Eagle Farm,1300,10-12,soft,1-3m,8,3.564
Eagle Farm,1300,10-12,soft,4-6m,3,6.536
Eagle Farm,1300,10-12,soft,7-9m,1,4.672
Eagle Farm,1300,10-12,soft,true,4,7.893
Eagle Farm,1300,13+,dry,1-3m,2,2.396
Eagle Farm,1300,13+,dry,4-6m,13,4.59
Eagle Farm,1300,13+,dry,7-9m,1,4.478
Eagle Farm,1300,13+,dry,true,4,4.597
Eagle Farm,1300,13+,heavy,4-6m,3,5.049
Eagle Farm,1300,13+,soft,1-3m,2,4.771
Eagle Farm,1300,13+,soft,true,4,9.232
Eagle Farm,1300,4-6,dry,1-3m,6,2.735
Eagle Farm,1300,4-6,dry,4-6m,40,3.215
Eagle Farm,1300,4-6,dry,7-9m,9,2.991
Eagle Farm,1300,4-6,dry,true,18,3.328
Eagle Farm,1300,4-6,heavy,1-3m,3,4.537
Eagle Farm,1300,4-6,heavy,4-6m,3,2.806
Eagle Farm,1300,4-6,heavy,7-9m,6,2.4
Eagle Farm,1300,4-6,soft,1-3m,15,3.909
Eagle Farm,1300,4-6,soft,10m+,6,3.165
Eagle Farm,1300,4-6,soft,4-6m,13,5.311
Eagle Farm,1300,4-6,soft,7-9m,9,2.44
Eagle Farm,1300,4-6,soft,true,6,5.768
Eagle Farm,1300,7-9,dry,1-3m,6,2.939
Eagle Farm,1300,7-9,dry,4-6m,38,3.574
Eagle Farm,1300,7-9,dry,7-9m,7,4.071
Eagle Farm,1300,7-9,dry,true,17,3.891
Eagle Farm,1300,7-9,heavy,1-3m,2,5.656
Eagle Farm,1300,7-9,heavy,4-6m,3,3.924
Eagle Farm,1300,7-9,heavy,7-9m,3,3.171
Eagle Farm,1300,7-9,soft,1-3m,15,4.35
Eagle Farm,1300,7-9,soft,10m+,5,2.789
Eagle Farm,1300,7-9,soft,4-6m,7,6.183
Eagle Farm,1300,7-9,soft,7-9m,6,2.48
Eagle Farm,1300,7-9,soft,true,6,5.246
Eagle Farm,1400,1-3,dry,1-3m,107,2.445
Eagle Farm,1400,1-3,dry,10m+,55,1.919
Eagle Farm,1400,1-3,dry,4-6m,185,2.457
Eagle Farm,1400,1-3,dry,7-9m,77,2.242
Eagle Farm,1400,1-3,dry,true,47,2.729
Eagle Farm,1400,1-3,heavy,1-3m,3,5.171
Eagle Farm,1400,1-3,heavy,4-6m,3,4.235
Eagle Farm,1400,1-3,heavy,7-9m,9,2.286
Eagle Farm,1400,1-3,heavy,true,6,4.13
Eagle Farm,1400,1-3,soft,1-3m,45,3.139
Eagle Farm,1400,1-3,soft,10m+,54,2.243
Eagle Farm,1400,1-3,soft,4-6m,62,3.251
Eagle Farm,1400,1-3,soft,7-9m,21,2.652
Eagle Farm,1400,1-3,soft,true,27,2.549
Eagle Farm,1400,10-12,dry,1-3m,52,4.335
Eagle Farm,1400,10-12,dry,10m+,24,3.741
Eagle Farm,1400,10-12,dry,4-6m,100,4.294
Eagle Farm,1400,10-12,dry,7-9m,34,4.063
Eagle Farm,1400,10-12,dry,true,35,4.838
Eagle Farm,1400,10-12,heavy,4-6m,3,5.476
Eagle Farm,1400,10-12,heavy,7-9m,2,3.311
Eagle Farm,1400,10-12,heavy,true,6,6.173
Eagle Farm,1400,10-12,soft,1-3m,18,5.571
Eagle Farm,1400,10-12,soft,10m+,22,3.576
Eagle Farm,1400,10-12,soft,4-6m,28,5.748
Eagle Farm,1400,10-12,soft,7-9m,14,3.969
Eagle Farm,1400,10-12,soft,true,21,5.424
Eagle Farm,1400,13+,dry,1-3m,9,4.65
Eagle Farm,1400,13+,dry,4-6m,51,5.615
Eagle Farm,1400,13+,dry,7-9m,8,3.998
Eagle Farm,1400,13+,dry,true,21,5.18
Eagle Farm,1400,13+,heavy,4-6m,6,5.895
Eagle Farm,1400,13+,heavy,true,4,7.679
Eagle Farm,1400,13+,soft,1-3m,11,6.477
Eagle Farm,1400,13+,soft,10m+,3,5.707
Eagle Farm,1400,13+,soft,4-6m,11,6.712
Eagle Farm,1400,13+,soft,7-9m,8,5.588
Eagle Farm,1400,13+,soft,true,26,6.076
Eagle Farm,1400,4-6,dry,1-3m,109,3.038
Eagle Farm,1400,4-6,dry,10m+,56,2.421
Eagle Farm,1400,4-6,dry,4-6m,181,3.164
Eagle Farm,1400,4-6,dry,7-9m,77,2.651
Eagle Farm,1400,4-6,dry,true,48,3.608
Eagle Farm,1400,4-6,heavy,1-3m,3,7.421
Eagle Farm,1400,4-6,heavy,4-6m,3,3.383
Eagle Farm,1400,4-6,heavy,7-9m,9,3.361
Eagle Farm,1400,4-6,heavy,true,5,5.138
Eagle Farm,1400,4-6,soft,1-3m,43,3.468
Eagle Farm,1400,4-6,soft,10m+,53,3.023
Eagle Farm,1400,4-6,soft,4-6m,62,3.748
Eagle Farm,1400,4-6,soft,7-9m,21,2.958
Eagle Farm,1400,4-6,soft,true,27,4.101
Eagle Farm,1400,7-9,dry,1-3m,100,3.617
Eagle Farm,1400,7-9,dry,10m+,44,2.983
Eagle Farm,1400,7-9,dry,4-6m,170,3.757
Eagle Farm,1400,7-9,dry,7-9m,69,3.717
Eagle Farm,1400,7-9,dry,true,47,3.966
Eagle Farm,1400,7-9,heavy,1-3m,2,6.697
Eagle Farm,1400,7-9,heavy,4-6m,3,6.775
Eagle Farm,1400,7-9,heavy,7-9m,7,3.61
Eagle Farm,1400,7-9,heavy,true,6,6.76
Eagle Farm,1400,7-9,soft,1-3m,41,4.235
Eagle Farm,1400,7-9,soft,10m+,40,3.654
Eagle Farm,1400,7-9,soft,4-6m,51,4.801
Eagle Farm,1400,7-9,soft,7-9m,21,3.993
Eagle Farm,1400,7-9,soft,true,25,4.501
Eagle Farm,1500,1-3,dry,1-3m,11,2.153
Eagle Farm,1500,1-3,dry,10m+,3,2.271
Eagle Farm,1500,1-3,dry,4-6m,26,2.337
Eagle Farm,1500,1-3,dry,7-9m,8,1.73
Eagle Farm,1500,1-3,dry,true,12,2.068
Eagle Farm,1500,1-3,soft,1-3m,12,3.44
Eagle Farm,1500,1-3,soft,10m+,9,2.22
Eagle Farm,1500,1-3,soft,4-6m,6,2.32
Eagle Farm,1500,10-12,dry,1-3m,8,3.558
Eagle Farm,1500,10-12,dry,4-6m,20,3.553
Eagle Farm,1500,10-12,dry,7-9m,4,3.148
Eagle Farm,1500,10-12,dry,true,5,2.995
Eagle Farm,1500,10-12,soft,1-3m,9,4.782
Eagle Farm,1500,10-12,soft,10m+,3,3.863
Eagle Farm,1500,10-12,soft,4-6m,3,5.62
Eagle Farm,1500,13+,dry,1-3m,2,2.619
Eagle Farm,1500,13+,dry,4-6m,10,4.031
Eagle Farm,1500,13+,dry,true,3,3.212
Eagle Farm,1500,13+,soft,1-3m,6,4.91
Eagle Farm,1500,13+,soft,10m+,2,4.079
Eagle Farm,1500,13+,soft,4-6m,1,7.241
Eagle Farm,1500,4-6,dry,1-3m,12,2.783
Eagle Farm,1500,4-6,dry,10m+,3,2.741
Eagle Farm,1500,4-6,dry,4-6m,27,3.142
Eagle Farm,1500,4-6,dry,7-9m,9,2.052
Eagle Farm,1500,4-6,dry,true,12,2.852
Eagle Farm,1500,4-6,soft,1-3m,12,4.564
Eagle Farm,1500,4-6,soft,10m+,9,2.622
Eagle Farm,1500,4-6,soft,4-6m,5,3.723
Eagle Farm,1500,7-9,dry,1-3m,12,2.591
Eagle Farm,1500,7-9,dry,4-6m,27,3.045
Eagle Farm,1500,7-9,dry,7-9m,9,2.315
Eagle Farm,1500,7-9,dry,true,10,3.115
Eagle Farm,1500,7-9,soft,1-3m,12,3.92
Eagle Farm,1500,7-9,soft,10m+,6,2.295
Eagle Farm,1500,7-9,soft,4-6m,3,5.306
Eagle Farm,1600,1-3,dry,1-3m,83,3.013
Eagle Farm,1600,1-3,dry,10m+,20,1.77
Eagle Farm,1600,1-3,dry,4-6m,152,2.753
Eagle Farm,1600,1-3,dry,7-9m,48,2.319
Eagle Farm,1600,1-3,dry,true,12,2.444
Eagle Farm,1600,1-3,heavy,1-3m,9,3.194
Eagle Farm,1600,1-3,heavy,4-6m,9,3.426
Eagle Farm,1600,1-3,heavy,7-9m,6,2.449
Eagle Farm,1600,1-3,soft,1-3m,24,3.047
Eagle Farm,1600,1-3,soft,10m+,24,2.05
Eagle Farm,1600,1-3,soft,4-6m,48,3.415
Eagle Farm,1600,1-3,soft,7-9m,27,2.306
Eagle Farm,1600,1-3,soft,true,6,2.883
Eagle Farm,1600,10-12,dry,1-3m,32,4.587
Eagle Farm,1600,10-12,dry,10m+,4,3.42
Eagle Farm,1600,10-12,dry,4-6m,68,4.087
Eagle Farm,1600,10-12,dry,7-9m,20,3.944
Eagle Farm,1600,10-12,dry,true,3,3.999
Eagle Farm,1600,10-12,heavy,1-3m,4,3.363
Eagle Farm,1600,10-12,heavy,4-6m,8,5.492
Eagle Farm,1600,10-12,heavy,7-9m,4,3.56
Eagle Farm,1600,10-12,soft,1-3m,12,4.676
Eagle Farm,1600,10-12,soft,10m+,11,4.032
Eagle Farm,1600,10-12,soft,4-6m,21,5.89
Eagle Farm,1600,10-12,soft,7-9m,14,3.898
Eagle Farm,1600,10-12,soft,true,5,5.228
Eagle Farm,1600,13+,dry,1-3m,9,5.439
Eagle Farm,1600,13+,dry,4-6m,30,5.154
Eagle Farm,1600,13+,dry,7-9m,5,3.603
Eagle Farm,1600,13+,heavy,1-3m,3,5.217
Eagle Farm,1600,13+,heavy,4-6m,1,5.984
Eagle Farm,1600,13+,soft,1-3m,8,5.634
Eagle Farm,1600,13+,soft,10m+,1,5.185
Eagle Farm,1600,13+,soft,4-6m,6,9.969
Eagle Farm,1600,13+,soft,7-9m,7,4.8
Eagle Farm,1600,4-6,dry,1-3m,83,3.73
Eagle Farm,1600,4-6,dry,10m+,21,2.571
Eagle Farm,1600,4-6,dry,4-6m,152,3.57
Eagle Farm,1600,4-6,dry,7-9m,48,2.934
Eagle Farm,1600,4-6,dry,true,12,3.478
Eagle Farm,1600,4-6,heavy,1-3m,9,4.14
Eagle Farm,1600,4-6,heavy,4-6m,9,3.948
Eagle Farm,1600,4-6,heavy,7-9m,6,2.866
Eagle Farm,1600,4-6,soft,1-3m,24,4.103
Eagle Farm,1600,4-6,soft,10m+,24,2.76
Eagle Farm,1600,4-6,soft,4-6m,47,4.26
Eagle Farm,1600,4-6,soft,7-9m,27,3.283
Eagle Farm,1600,4-6,soft,true,6,4.095
Eagle Farm,1600,7-9,dry,1-3m,72,4.158
Eagle Farm,1600,7-9,dry,10m+,20,2.917
Eagle Farm,1600,7-9,dry,4-6m,133,4.017
Eagle Farm,1600,7-9,dry,7-9m,39,3.517
Eagle Farm,1600,7-9,dry,true,12,4.068
Eagle Farm,1600,7-9,heavy,1-3m,9,4.133
Eagle Farm,1600,7-9,heavy,4-6m,9,4.899
Eagle Farm,1600,7-9,heavy,7-9m,6,3.723
Eagle Farm,1600,7-9,soft,1-3m,22,4.841
Eagle Farm,1600,7-9,soft,10m+,16,3.311
Eagle Farm,1600,7-9,soft,4-6m,43,4.649
Eagle Farm,1600,7-9,soft,7-9m,24,3.686
Eagle Farm,1600,7-9,soft,true,6,3.86
Eagle Farm,1800,1-3,dry,1-3m,62,2.444
Eagle Farm,1800,1-3,dry,10m+,33,1.826
Eagle Farm,1800,1-3,dry,4-6m,95,2.015
Eagle Farm,1800,1-3,dry,7-9m,37,2.008
Eagle Farm,1800,1-3,dry,true,16,1.833
Eagle Farm,1800,1-3,heavy,1-3m,6,3.962
Eagle Farm,1800,1-3,heavy,true,3,4.408
Eagle Farm,1800,1-3,soft,1-3m,24,2.908
Eagle Farm,1800,1-3,soft,10m+,38,2.099
Eagle Farm,1800,1-3,soft,4-6m,41,2.817
Eagle Farm,1800,1-3,soft,7-9m,18,2.275
Eagle Farm,1800,1-3,soft,true,6,3.601
Eagle Farm,1800,10-12,dry,1-3m,21,3.382
Eagle Farm,1800,10-12,dry,10m+,6,2.921
Eagle Farm,1800,10-12,dry,4-6m,40,3.353
Eagle Farm,1800,10-12,dry,7-9m,15,3.046
Eagle Farm,1800,10-12,dry,true,10,3.726
Eagle Farm,1800,10-12,heavy,1-3m,6,5.59
Eagle Farm,1800,10-12,soft,1-3m,8,3.65
Eagle Farm,1800,10-12,soft,10m+,9,3.716
Eagle Farm,1800,10-12,soft,4-6m,18,3.631
Eagle Farm,1800,10-12,soft,7-9m,5,2.946
Eagle Farm,1800,10-12,soft,true,6,4.762
Eagle Farm,1800,13+,dry,1-3m,4,3.247
Eagle Farm,1800,13+,dry,4-6m,2,4.792
Eagle Farm,1800,13+,dry,true,1,3.876
Eagle Farm,1800,13+,heavy,1-3m,4,6.829
Eagle Farm,1800,13+,soft,1-3m,3,5.922
Eagle Farm,1800,13+,soft,true,3,4.833
Eagle Farm,1800,4-6,dry,1-3m,63,2.666
Eagle Farm,1800,4-6,dry,10m+,33,2.424
Eagle Farm,1800,4-6,dry,4-6m,96,2.749
Eagle Farm,1800,4-6,dry,7-9m,38,2.589
Eagle Farm,1800,4-6,dry,true,18,2.277
Eagle Farm,1800,4-6,heavy,1-3m,6,5.533
Eagle Farm,1800,4-6,heavy,true,3,4.919
Eagle Farm,1800,4-6,soft,1-3m,24,3.245
Eagle Farm,1800,4-6,soft,10m+,39,2.407
Eagle Farm,1800,4-6,soft,4-6m,42,3.373
Eagle Farm,1800,4-6,soft,7-9m,18,2.592
Eagle Farm,1800,4-6,soft,true,6,3.853
Eagle Farm,1800,7-9,dry,1-3m,53,3.24
Eagle Farm,1800,7-9,dry,10m+,32,2.74
Eagle Farm,1800,7-9,dry,4-6m,86,2.987
Eagle Farm,1800,7-9,dry,7-9m,35,2.83
Eagle Farm,1800,7-9,dry,true,14,3.454
Eagle Farm,1800,7-9,heavy,1-3m,6,5.582
Eagle Farm,1800,7-9,heavy,true,1,4.806
Eagle Farm,1800,7-9,soft,1-3m,21,3.087
Eagle Farm,1800,7-9,soft,10m+,33,2.896
Eagle Farm,1800,7-9,soft,4-6m,38,3.735
Eagle Farm,1800,7-9,soft,7-9m,14,3.144
Eagle Farm,1800,7-9,soft,true,6,4.579
Eagle Farm,2100,1-3,dry,1-3m,6,2.03
Eagle Farm,2100,1-3,dry,4-6m,14,2.206
Eagle Farm,2100,1-3,dry,7-9m,3,1.603
Eagle Farm,2100,1-3,soft,7-9m,3,1.789
Eagle Farm,2100,1-3,soft,true,6,1.914
Eagle Farm,2100,10-12,dry,1-3m,1,3.244
Eagle Farm,2100,10-12,dry,4-6m,11,3.383
Eagle Farm,2100,10-12,soft,true,1,1.542
Eagle Farm,2100,13+,dry,4-6m,2,2.604
Eagle Farm,2100,4-6,dry,1-3m,6,2.311
Eagle Farm,2100,4-6,dry,4-6m,15,2.763
Eagle Farm,2100,4-6,dry,7-9m,3,2.448
Eagle Farm,2100,4-6,soft,7-9m,3,2.196
Eagle Farm,2100,4-6,soft,true,5,2.775
Eagle Farm,2100,7-9,dry,1-3m,5,2.101
Eagle Farm,2100,7-9,dry,4-6m,15,3.119
Eagle Farm,2100,7-9,soft,7-9m,3,2.718
Eagle Farm,2100,7-9,soft,true,3,3.365
Eagle Farm,2200,1-3,dry,1-3m,26,1.885
Eagle Farm,2200,1-3,dry,10m+,6,2.197
Eagle Farm,2200,1-3,dry,4-6m,42,2.328
Eagle Farm,2200,1-3,dry,7-9m,9,2.675
Eagle Farm,2200,1-3,dry,true,6,1.974
Eagle Farm,2200,1-3,heavy,4-6m,3,3.552
Eagle Farm,2200,1-3,soft,1-3m,18,2.914
Eagle Farm,2200,1-3,soft,10m+,8,2.005
Eagle Farm,2200,1-3,soft,4-6m,18,3.052
Eagle Farm,2200,1-3,soft,7-9m,3,1.879
Eagle Farm,2200,10-12,dry,1-3m,10,3.401
Eagle Farm,2200,10-12,dry,4-6m,18,3.499
Eagle Farm,2200,10-12,dry,7-9m,2,3.523
Eagle Farm,2200,10-12,soft,1-3m,11,4.205
Eagle Farm,2200,10-12,soft,10m+,4,3.542
Eagle Farm,2200,10-12,soft,4-6m,8,3.073
Eagle Farm,2200,10-12,soft,7-9m,3,3.332
Eagle Farm,2200,13+,dry,1-3m,5,2.736
Eagle Farm,2200,13+,dry,4-6m,14,4.276
Eagle Farm,2200,13+,soft,1-3m,8,4.183
Eagle Farm,2200,13+,soft,4-6m,1,5.372
Eagle Farm,2200,13+,soft,7-9m,2,3.177
Eagle Farm,2200,4-6,dry,1-3m,27,2.302
Eagle Farm,2200,4-6,dry,10m+,6,2.678
Eagle Farm,2200,4-6,dry,4-6m,42,2.653
Eagle Farm,2200,4-6,dry,7-9m,9,2.722
Eagle Farm,2200,4-6,dry,true,6,2.003
Eagle Farm,2200,4-6,heavy,4-6m,3,5.503
Eagle Farm,2200,4-6,soft,1-3m,18,3.141
Eagle Farm,2200,4-6,soft,10m+,9,2.483
Eagle Farm,2200,4-6,soft,4-6m,17,3.566
Eagle Farm,2200,4-6,soft,7-9m,3,3.274
Eagle Farm,2200,7-9,dry,1-3m,24,2.836
Eagle Farm,2200,7-9,dry,10m+,5,2.754
Eagle Farm,2200,7-9,dry,4-6m,39,3.029
Eagle Farm,2200,7-9,dry,7-9m,7,3.545
Eagle Farm,2200,7-9,dry,true,3,2.88
Eagle Farm,2200,7-9,heavy,4-6m,3,6.0
Eagle Farm,2200,7-9,soft,1-3m,17,3.95
Eagle Farm,2200,7-9,soft,10m+,9,3.168
Eagle Farm,2200,7-9,soft,4-6m,13,4.1
Eagle Farm,2200,7-9,soft,7-9m,3,2.868
Eagle Farm,2400,1-3,dry,1-3m,9,1.866
Eagle Farm,2400,1-3,dry,4-6m,21,1.992
Eagle Farm,2400,1-3,dry,7-9m,3,1.747
Eagle Farm,2400,1-3,dry,true,15,1.914
Eagle Farm,2400,1-3,heavy,true,3,2.979
Eagle Farm,2400,1-3,soft,1-3m,12,2.419
Eagle Farm,2400,1-3,soft,4-6m,18,1.774
Eagle Farm,2400,1-3,soft,7-9m,6,1.997
Eagle Farm,2400,1-3,soft,true,12,3.038
Eagle Farm,2400,10-12,dry,1-3m,2,2.676
Eagle Farm,2400,10-12,dry,4-6m,12,3.289
Eagle Farm,2400,10-12,dry,true,11,2.976
Eagle Farm,2400,10-12,heavy,true,3,5.339
Eagle Farm,2400,10-12,soft,1-3m,7,3.812
Eagle Farm,2400,10-12,soft,4-6m,8,2.829
Eagle Farm,2400,10-12,soft,7-9m,3,2.654
Eagle Farm,2400,10-12,soft,true,12,3.592
Eagle Farm,2400,13+,dry,4-6m,2,2.153
Eagle Farm,2400,13+,dry,true,8,4.014
Eagle Farm,2400,13+,heavy,true,4,4.797
Eagle Farm,2400,13+,soft,1-3m,6,4.619
Eagle Farm,2400,13+,soft,4-6m,2,3.409
Eagle Farm,2400,13+,soft,7-9m,2,2.685
Eagle Farm,2400,13+,soft,true,18,4.542
Eagle Farm,2400,4-6,dry,1-3m,9,2.394
Eagle Farm,2400,4-6,dry,4-6m,21,2.321
Eagle Farm,2400,4-6,dry,7-9m,3,2.483
Eagle Farm,2400,4-6,dry,true,15,2.453
Eagle Farm,2400,4-6,heavy,true,3,3.403
Eagle Farm,2400,4-6,soft,1-3m,12,2.881
Eagle Farm,2400,4-6,soft,4-6m,18,2.539
Eagle Farm,2400,4-6,soft,7-9m,6,1.876
Eagle Farm,2400,4-6,soft,true,12,2.978
Eagle Farm,2400,7-9,dry,1-3m,6,2.384
Eagle Farm,2400,7-9,dry,4-6m,15,2.823
Eagle Farm,2400,7-9,dry,7-9m,3,2.692
Eagle Farm,2400,7-9,dry,true,13,2.946
Eagle Farm,2400,7-9,heavy,true,3,4.061
Eagle Farm,2400,7-9,soft,1-3m,11,2.818
Eagle Farm,2400,7-9,soft,4-6m,16,3.007
Eagle Farm,2400,7-9,soft,7-9m,3,3.013
Eagle Farm,2400,7-9,soft,true,12,3.505
Eagle Farm,3200,1-3,dry,4-6m,9,1.786
Eagle Farm,3200,1-3,heavy,4-6m,3,2.921
Eagle Farm,3200,10-12,dry,4-6m,7,3.386
Eagle Farm,3200,10-12,heavy,4-6m,1,3.086
Eagle Farm,3200,13+,dry,4-6m,3,3.134
Eagle Farm,3200,4-6,dry,4-6m,9,2.256
Eagle Farm,3200,4-6,heavy,4-6m,3,2.822
Eagle Farm,3200,7-9,dry,4-6m,9,2.74
Eagle Farm,3200,7-9,heavy,4-6m,3,2.698
Flemington,900,1-3,soft,10m+,3,26.58
Flemington,900,4-6,soft,10m+,3,31.77
Flemington,900,7-9,soft,10m+,2,32.02
Flemington,1000,1-3,dry,1-3m,58,8.805
Flemington,1000,1-3,dry,10m+,30,7.074
Flemington,1000,1-3,dry,4-6m,33,6.964
Flemington,1000,1-3,dry,7-9m,27,4.426
Flemington,1000,1-3,dry,true,27,12.454
Flemington,1000,1-3,heavy,1-3m,3,14.307
Flemington,1000,1-3,soft,1-3m,32,6.775
Flemington,1000,1-3,soft,10m+,6,15.96
Flemington,1000,1-3,soft,4-6m,21,12.402
Flemington,1000,1-3,soft,7-9m,9,13.484
Flemington,1000,1-3,soft,true,6,20.297
Flemington,1000,10-12,dry,1-3m,20,15.01
Flemington,1000,10-12,dry,10m+,16,14.066
Flemington,1000,10-12,dry,4-6m,11,15.403
Flemington,1000,10-12,dry,7-9m,6,7.522
Flemington,1000,10-12,dry,true,8,12.4
Flemington,1000,10-12,heavy,1-3m,3,22.027
Flemington,1000,10-12,soft,1-3m,19,15.368
Flemington,1000,10-12,soft,10m+,1,9.72
Flemington,1000,10-12,soft,4-6m,15,19.151
Flemington,1000,10-12,soft,7-9m,3,21.35
Flemington,1000,10-12,soft,true,2,22.81
Flemington,1000,13+,dry,1-3m,7,21.776
Flemington,1000,13+,dry,10m+,2,8.185
Flemington,1000,13+,dry,4-6m,1,12.57
Flemington,1000,13+,dry,7-9m,1,6.04
Flemington,1000,13+,heavy,1-3m,5,21.472
Flemington,1000,13+,soft,1-3m,4,19.68
Flemington,1000,13+,soft,4-6m,7,16.391
Flemington,1000,4-6,dry,1-3m,57,11.742
Flemington,1000,4-6,dry,10m+,30,9.277
Flemington,1000,4-6,dry,4-6m,33,8.209
Flemington,1000,4-6,dry,7-9m,27,6.45
Flemington,1000,4-6,dry,true,27,13.699
Flemington,1000,4-6,heavy,1-3m,3,13.153
Flemington,1000,4-6,soft,1-3m,32,10.161
Flemington,1000,4-6,soft,10m+,6,18.808
Flemington,1000,4-6,soft,4-6m,21,13.533
Flemington,1000,4-6,soft,7-9m,9,15.86
Flemington,1000,4-6,soft,true,6,23.067
Flemington,1000,7-9,dry,1-3m,51,12.903
Flemington,1000,7-9,dry,10m+,27,11.189
Flemington,1000,7-9,dry,4-6m,20,14.11
Flemington,1000,7-9,dry,7-9m,22,7.288
Flemington,1000,7-9,dry,true,23,14.37
Flemington,1000,7-9,heavy,1-3m,3,18.277
Flemington,1000,7-9,soft,1-3m,31,12.392
Flemington,1000,7-9,soft,10m+,3,9.687
Flemington,1000,7-9,soft,4-6m,19,15.819
Flemington,1000,7-9,soft,7-9m,9,19.881
Flemington,1000,7-9,soft,true,6,23.303
Flemington,1100,1-3,dry,1-3m,12,8.902
Flemington,1100,1-3,dry,10m+,57,7.722
Flemington,1100,1-3,dry,4-6m,51,10.039
Flemington,1100,1-3,dry,7-9m,47,7.706
Flemington,1100,1-3,dry,true,101,8.414
Flemington,1100,1-3,heavy,10m+,6,5.653
Flemington,1100,1-3,heavy,7-9m,6,9.483
Flemington,1100,1-3,heavy,true,9,15.844
Flemington,1100,1-3,soft,1-3m,6,4.06
Flemington,1100,1-3,soft,10m+,18,13.224
Flemington,1100,1-3,soft,4-6m,15,11.235
Flemington,1100,1-3,soft,7-9m,29,9.536
Flemington,1100,1-3,soft,true,24,11.757
Flemington,1100,10-12,dry,1-3m,7,15.11
Flemington,1100,10-12,dry,10m+,40,12.16
Flemington,1100,10-12,dry,4-6m,25,17.407
Flemington,1100,10-12,dry,7-9m,23,15.462
Flemington,1100,10-12,dry,true,64,14.645
Flemington,1100,10-12,heavy,10m+,2,9.795
Flemington,1100,10-12,heavy,7-9m,3,14.107
Flemington,1100,10-12,heavy,true,3,22.257
Flemington,1100,10-12,soft,1-3m,1,19.86
Flemington,1100,10-12,soft,10m+,13,20.094
Flemington,1100,10-12,soft,4-6m,12,19.1
Flemington,1100,10-12,soft,7-9m,19,14.646
Flemington,1100,10-12,soft,true,16,15.868
Flemington,1100,13+,dry,1-3m,3,17.913
Flemington,1100,13+,dry,10m+,6,13.538
Flemington,1100,13+,dry,4-6m,22,19.525
Flemington,1100,13+,dry,7-9m,15,20.019
Flemington,1100,13+,dry,true,52,17.479
Flemington,1100,13+,soft,10m+,3,25.157
Flemington,1100,13+,soft,4-6m,12,18.733
Flemington,1100,13+,soft,7-9m,9,16.75
Flemington,1100,13+,soft,true,10,14.123
Flemington,1100,4-6,dry,1-3m,12,12.793
Flemington,1100,4-6,dry,10m+,56,8.852
Flemington,1100,4-6,dry,4-6m,51,12.358
Flemington,1100,4-6,dry,7-9m,47,9.879
Flemington,1100,4-6,dry,true,100,10.447
Flemington,1100,4-6,heavy,10m+,6,10.233
Flemington,1100,4-6,heavy,7-9m,6,7.183
Flemington,1100,4-6,heavy,true,9,18.933
Flemington,1100,4-6,soft,1-3m,6,3.74
Flemington,1100,4-6,soft,10m+,18,12.861
Flemington,1100,4-6,soft,4-6m,15,12.93
Flemington,1100,4-6,soft,7-9m,29,11.289
Flemington,1100,4-6,soft,true,23,12.863
Flemington,1100,7-9,dry,1-3m,12,13.787
Flemington,1100,7-9,dry,10m+,54,10.988
Flemington,1100,7-9,dry,4-6m,43,14.215
Flemington,1100,7-9,dry,7-9m,43,10.634
Flemington,1100,7-9,dry,true,93,12.97
Flemington,1100,7-9,heavy,10m+,4,8.568
Flemington,1100,7-9,heavy,7-9m,3,15.527
Flemington,1100,7-9,heavy,true,8,21.834
Flemington,1100,7-9,soft,1-3m,5,7.726
Flemington,1100,7-9,soft,10m+,18,16.448
Flemington,1100,7-9,soft,4-6m,15,15.404
Flemington,1100,7-9,soft,7-9m,29,13.515
Flemington,1100,7-9,soft,true,24,15.07
Flemington,1200,1-3,dry,1-3m,41,7.935
Flemington,1200,1-3,dry,10m+,36,7.488
Flemington,1200,1-3,dry,4-6m,48,10.32
Flemington,1200,1-3,dry,7-9m,72,9.942
Flemington,1200,1-3,dry,true,77,11.141
Flemington,1200,1-3,heavy,7-9m,12,10.928
Flemington,1200,1-3,heavy,true,6,9.55
Flemington,1200,1-3,soft,1-3m,18,10.658
Flemington,1200,1-3,soft,10m+,12,8.179
Flemington,1200,1-3,soft,4-6m,18,14.349
Flemington,1200,1-3,soft,7-9m,15,14.609
Flemington,1200,1-3,soft,true,50,8.261
Flemington,1200,10-12,dry,1-3m,27,13.253
Flemington,1200,10-12,dry,10m+,21,10.898
Flemington,1200,10-12,dry,4-6m,41,15.157
Flemington,1200,10-12,dry,7-9m,48,13.065
Flemington,1200,10-12,dry,true,50,15.805
Flemington,1200,10-12,heavy,7-9m,4,12.968
Flemington,1200,10-12,heavy,true,1,22.66
Flemington,1200,10-12,soft,1-3m,13,17.896
Flemington,1200,10-12,soft,10m+,3,12.637
Flemington,1200,10-12,soft,4-6m,16,19.995
Flemington,1200,10-12,soft,7-9m,9,14.54
Flemington,1200,10-12,soft,true,23,16.877
Flemington,1200,13+,dry,1-3m,30,15.732
Flemington,1200,13+,dry,10m+,8,13.64
Flemington,1200,13+,dry,4-6m,27,17.593
Flemington,1200,13+,dry,7-9m,24,14.059
Flemington,1200,13+,dry,true,26,15.107
Flemington,1200,13+,soft,1-3m,5,19.148
Flemington,1200,13+,soft,10m+,1,13.9
Flemington,1200,13+,soft,4-6m,5,20.512
Flemington,1200,13+,soft,7-9m,3,8.487
Flemington,1200,13+,soft,true,12,18.396
Flemington,1200,4-6,dry,1-3m,41,9.943
Flemington,1200,4-6,dry,10m+,36,9.312
Flemington,1200,4-6,dry,4-6m,48,11.741
Flemington,1200,4-6,dry,7-9m,71,10.567
Flemington,1200,4-6,dry,true,77,12.325
Flemington,1200,4-6,heavy,7-9m,12,12.046
Flemington,1200,4-6,heavy,true,6,13.262
Flemington,1200,4-6,soft,1-3m,18,13.318
Flemington,1200,4-6,soft,10m+,12,10.659
Flemington,1200,4-6,soft,4-6m,18,16.534
Flemington,1200,4-6,soft,7-9m,14,15.131
Flemington,1200,4-6,soft,true,54,10.36
Flemington,1200,7-9,dry,1-3m,39,11.285
Flemington,1200,7-9,dry,10m+,33,11.298
Flemington,1200,7-9,dry,4-6m,45,13.231
Flemington,1200,7-9,dry,7-9m,70,13.056
Flemington,1200,7-9,dry,true,72,14.418
Flemington,1200,7-9,heavy,7-9m,12,13.782
Flemington,1200,7-9,heavy,true,3,21.803
Flemington,1200,7-9,soft,1-3m,18,16.084
Flemington,1200,7-9,soft,10m+,8,11.992
Flemington,1200,7-9,soft,4-6m,18,17.801
Flemington,1200,7-9,soft,7-9m,13,15.462
Flemington,1200,7-9,soft,true,43,13.789
Flemington,1400,1-3,dry,1-3m,57,3.617
Flemington,1400,1-3,dry,10m+,65,4.094
Flemington,1400,1-3,dry,4-6m,91,3.45
Flemington,1400,1-3,dry,7-9m,62,3.632
Flemington,1400,1-3,dry,true,170,3.932
Flemington,1400,1-3,heavy,10m+,9,4.383
Flemington,1400,1-3,heavy,7-9m,6,8.842
Flemington,1400,1-3,heavy,true,9,4.27
Flemington,1400,1-3,soft,1-3m,38,4.756
Flemington,1400,1-3,soft,10m+,38,5.108
Flemington,1400,1-3,soft,4-6m,24,5.029
Flemington,1400,1-3,soft,7-9m,36,4.278
Flemington,1400,1-3,soft,true,51,4.043
Flemington,1400,10-12,dry,1-3m,39,5.584
Flemington,1400,10-12,dry,10m+,39,7.229
Flemington,1400,10-12,dry,4-6m,60,5.937
Flemington,1400,10-12,dry,7-9m,41,6.149
Flemington,1400,10-12,dry,true,110,5.785
Flemington,1400,10-12,heavy,10m+,8,6.964
Flemington,1400,10-12,heavy,7-9m,3,10.577
Flemington,1400,10-12,heavy,true,7,7.399
Flemington,1400,10-12,soft,1-3m,34,8.626
Flemington,1400,10-12,soft,10m+,19,7.534
Flemington,1400,10-12,soft,4-6m,15,6.637
Flemington,1400,10-12,soft,7-9m,32,7.838
Flemington,1400,10-12,soft,true,32,7.286
Flemington,1400,13+,dry,1-3m,15,4.999
Flemington,1400,13+,dry,10m+,7,5.749
Flemington,1400,13+,dry,4-6m,20,6.971
Flemington,1400,13+,dry,7-9m,18,8.412
Flemington,1400,13+,dry,true,35,6.788
Flemington,1400,13+,heavy,10m+,2,1.635
Flemington,1400,13+,heavy,7-9m,1,9.22
Flemington,1400,13+,heavy,true,6,9.048
Flemington,1400,13+,soft,1-3m,22,8.94
Flemington,1400,13+,soft,10m+,4,7.478
Flemington,1400,13+,soft,4-6m,1,9.96
Flemington,1400,13+,soft,7-9m,15,8.072
Flemington,1400,13+,soft,true,11,9.091
Flemington,1400,4-6,dry,1-3m,56,4.436
Flemington,1400,4-6,dry,10m+,65,5.77
Flemington,1400,4-6,dry,4-6m,93,4.247
Flemington,1400,4-6,dry,7-9m,62,4.745
Flemington,1400,4-6,dry,true,171,4.503
Flemington,1400,4-6,heavy,10m+,9,4.733
Flemington,1400,4-6,heavy,7-9m,6,11.463
Flemington,1400,4-6,heavy,true,9,6.089
Flemington,1400,4-6,soft,1-3m,38,6.94
Flemington,1400,4-6,soft,10m+,37,6.462
Flemington,1400,4-6,soft,4-6m,23,5.622
Flemington,1400,4-6,soft,7-9m,36,6.038
Flemington,1400,4-6,soft,true,50,5.634
Flemington,1400,7-9,dry,1-3m,51,5.175
Flemington,1400,7-9,dry,10m+,61,5.977
Flemington,1400,7-9,dry,4-6m,85,4.984
Flemington,1400,7-9,dry,7-9m,58,5.274
Flemington,1400,7-9,dry,true,157,5.462
Flemington,1400,7-9,heavy,10m+,9,6.109
Flemington,1400,7-9,heavy,7-9m,5,10.29
Flemington,1400,7-9,heavy,true,9,6.596
Flemington,1400,7-9,soft,1-3m,38,7.121
Flemington,1400,7-9,soft,10m+,32,6.644
Flemington,1400,7-9,soft,4-6m,24,5.668
Flemington,1400,7-9,soft,7-9m,36,6.417
Flemington,1400,7-9,soft,true,46,6.71
Flemington,1600,1-3,dry,1-3m,43,3.418
Flemington,1600,1-3,dry,10m+,33,4.23
Flemington,1600,1-3,dry,4-6m,93,3.65
Flemington,1600,1-3,dry,7-9m,63,4.096
Flemington,1600,1-3,dry,true,81,4.294
Flemington,1600,1-3,heavy,10m+,3,6.94
Flemington,1600,1-3,heavy,7-9m,9,7.423
Flemington,1600,1-3,heavy,true,3,5.247
Flemington,1600,1-3,soft,1-3m,21,5.038
Flemington,1600,1-3,soft,10m+,18,6.265
Flemington,1600,1-3,soft,4-6m,27,5.17
Flemington,1600,1-3,soft,7-9m,18,3.728
Flemington,1600,1-3,soft,true,60,4.8
Flemington,1600,10-12,dry,1-3m,30,5.454
Flemington,1600,10-12,dry,10m+,28,6.586
Flemington,1600,10-12,dry,4-6m,36,5.714
Flemington,1600,10-12,dry,7-9m,29,7.905
Flemington,1600,10-12,dry,true,42,6.523
Flemington,1600,10-12,heavy,10m+,1,16.39
Flemington,1600,10-12,heavy,7-9m,6,9.517
Flemington,1600,10-12,soft,1-3m,14,7.473
Flemington,1600,10-12,soft,10m+,10,6.483
Flemington,1600,10-12,soft,4-6m,17,8.539
Flemington,1600,10-12,soft,7-9m,11,6.114
Flemington,1600,10-12,soft,true,41,7.37
Flemington,1600,13+,dry,1-3m,15,6.439
Flemington,1600,13+,dry,10m+,8,6.125
Flemington,1600,13+,dry,4-6m,15,5.589
Flemington,1600,13+,dry,7-9m,11,7.515
Flemington,1600,13+,dry,true,14,7.127
Flemington,1600,13+,heavy,7-9m,1,15.81
Flemington,1600,13+,soft,1-3m,6,10.65
Flemington,1600,13+,soft,10m+,1,14.24
Flemington,1600,13+,soft,4-6m,12,11.997
Flemington,1600,13+,soft,7-9m,6,5.878
Flemington,1600,13+,soft,true,19,9.462
Flemington,1600,4-6,dry,1-3m,44,3.714
Flemington,1600,4-6,dry,10m+,33,4.573
Flemington,1600,4-6,dry,4-6m,93,4.456
Flemington,1600,4-6,dry,7-9m,63,5.323
Flemington,1600,4-6,dry,true,80,4.821
Flemington,1600,4-6,heavy,10m+,3,7.707
Flemington,1600,4-6,heavy,7-9m,9,10.617
Flemington,1600,4-6,heavy,true,3,3.753
Flemington,1600,4-6,soft,1-3m,21,6.306
Flemington,1600,4-6,soft,10m+,18,6.19
Flemington,1600,4-6,soft,4-6m,27,6.841
Flemington,1600,4-6,soft,7-9m,18,4.569
Flemington,1600,4-6,soft,true,58,5.784
Flemington,1600,7-9,dry,1-3m,42,4.866
Flemington,1600,7-9,dry,10m+,33,5.924
Flemington,1600,7-9,dry,4-6m,83,5.59
Flemington,1600,7-9,dry,7-9m,48,5.876
Flemington,1600,7-9,dry,true,69,5.369
Flemington,1600,7-9,heavy,10m+,3,9.783
Flemington,1600,7-9,heavy,7-9m,9,10.64
Flemington,1600,7-9,heavy,true,2,3.555
Flemington,1600,7-9,soft,1-3m,21,5.944
Flemington,1600,7-9,soft,10m+,18,6.929
Flemington,1600,7-9,soft,4-6m,25,7.703
Flemington,1600,7-9,soft,7-9m,18,6.018
Flemington,1600,7-9,soft,true,55,6.539
Flemington,1700,1-3,dry,1-3m,3,5.27
Flemington,1700,1-3,dry,4-6m,9,4.48
Flemington,1700,1-3,dry,7-9m,3,4.633
Flemington,1700,1-3,dry,true,21,4.342
Flemington,1700,1-3,heavy,true,3,8.687
Flemington,1700,1-3,soft,1-3m,12,4.446
Flemington,1700,1-3,soft,4-6m,12,5.08
Flemington,1700,1-3,soft,true,3,6.727
Flemington,1700,10-12,dry,1-3m,2,9.775
Flemington,1700,10-12,dry,4-6m,6,5.325
Flemington,1700,10-12,dry,true,17,7.01
Flemington,1700,10-12,heavy,true,2,5.97
Flemington,1700,10-12,soft,1-3m,9,5.624
Flemington,1700,10-12,soft,4-6m,12,8.222
Flemington,1700,10-12,soft,true,3,6.357
Flemington,1700,13+,dry,1-3m,4,11.295
Flemington,1700,13+,dry,4-6m,3,6.153
Flemington,1700,13+,dry,true,13,6.271
Flemington,1700,13+,soft,1-3m,5,6.568
Flemington,1700,13+,soft,4-6m,6,6.615
Flemington,1700,4-6,dry,1-3m,3,8.16
Flemington,1700,4-6,dry,4-6m,9,4.527
Flemington,1700,4-6,dry,7-9m,3,6.33
Flemington,1700,4-6,dry,true,21,5.6
Flemington,1700,4-6,heavy,true,3,7.477
Flemington,1700,4-6,soft,1-3m,12,5.357
Flemington,1700,4-6,soft,4-6m,12,5.659
Flemington,1700,4-6,soft,true,3,10.41
Flemington,1700,7-9,dry,1-3m,3,7.593
Flemington,1700,7-9,dry,4-6m,9,4.969
Flemington,1700,7-9,dry,7-9m,2,4.6
Flemington,1700,7-9,dry,true,20,6.661
Flemington,1700,7-9,heavy,true,3,4.21
Flemington,1700,7-9,soft,1-3m,11,4.986
Flemington,1700,7-9,soft,4-6m,12,6.978
Flemington,1700,7-9,soft,true,3,7.277
Flemington,1800,1-3,dry,1-3m,24,4.568
Flemington,1800,1-3,dry,10m+,24,4.197
Flemington,1800,1-3,dry,4-6m,24,4.264
Flemington,1800,1-3,dry,7-9m,15,4.021
Flemington,1800,1-3,dry,true,16,4.128
Flemington,1800,1-3,heavy,10m+,9,6.952
Flemington,1800,1-3,heavy,4-6m,3,4.693
Flemington,1800,1-3,soft,1-3m,18,6.108
Flemington,1800,1-3,soft,10m+,6,3.645
Flemington,1800,1-3,soft,4-6m,12,5.574
Flemington,1800,1-3,soft,7-9m,4,10.132
Flemington,1800,10-12,dry,1-3m,13,6.437
Flemington,1800,10-12,dry,10m+,12,7.075
Flemington,1800,10-12,dry,4-6m,10,7.681
Flemington,1800,10-12,dry,7-9m,12,4.682
Flemington,1800,10-12,dry,true,18,5.955
Flemington,1800,10-12,heavy,10m+,7,6.831
Flemington,1800,10-12,heavy,4-6m,3,6.22
Flemington,1800,10-12,soft,1-3m,8,8.809
Flemington,1800,10-12,soft,10m+,6,3.782
Flemington,1800,10-12,soft,4-6m,12,5.908
Flemington,1800,10-12,soft,7-9m,4,9.878
Flemington,1800,13+,dry,1-3m,3,6.617
Flemington,1800,13+,dry,10m+,1,4.58
Flemington,1800,13+,dry,4-6m,1,5.1
Flemington,1800,13+,dry,7-9m,3,7.9
Flemington,1800,13+,dry,true,7,8.329
Flemington,1800,13+,heavy,10m+,1,5.48
Flemington,1800,13+,heavy,4-6m,3,6.563
Flemington,1800,13+,soft,1-3m,4,7.88
Flemington,1800,13+,soft,10m+,1,7.48
Flemington,1800,13+,soft,4-6m,3,8.517
Flemington,1800,13+,soft,7-9m,3,14.367
Flemington,1800,4-6,dry,1-3m,22,4.396
Flemington,1800,4-6,dry,10m+,24,5.993
Flemington,1800,4-6,dry,4-6m,24,6.513
Flemington,1800,4-6,dry,7-9m,15,4.477
Flemington,1800,4-6,dry,true,18,4.778
Flemington,1800,4-6,heavy,10m+,9,6.184
Flemington,1800,4-6,heavy,4-6m,3,6.48
Flemington,1800,4-6,soft,1-3m,17,6.635
Flemington,1800,4-6,soft,10m+,6,4.755
Flemington,1800,4-6,soft,4-6m,12,5.808
Flemington,1800,4-6,soft,7-9m,5,12.086
Flemington,1800,7-9,dry,1-3m,20,5.341
Flemington,1800,7-9,dry,10m+,19,5.627
Flemington,1800,7-9,dry,4-6m,22,7.67
Flemington,1800,7-9,dry,7-9m,15,5.66
Flemington,1800,7-9,dry,true,18,6.233
Flemington,1800,7-9,heavy,10m+,9,6.407
Flemington,1800,7-9,heavy,4-6m,3,5.563
Flemington,1800,7-9,soft,1-3m,17,6.355
Flemington,1800,7-9,soft,10m+,6,3.677
Flemington,1800,7-9,soft,4-6m,12,6.802
Flemington,1800,7-9,soft,7-9m,6,9.59
Flemington,2000,1-3,dry,1-3m,15,4.773
Flemington,2000,1-3,dry,10m+,21,4.848
Flemington,2000,1-3,dry,4-6m,39,4.249
Flemington,2000,1-3,dry,7-9m,83,4.476
Flemington,2000,1-3,dry,true,36,4.113
Flemington,2000,1-3,heavy,1-3m,3,3.757
Flemington,2000,1-3,heavy,10m+,3,4.243
Flemington,2000,1-3,heavy,7-9m,12,9.562
Flemington,2000,1-3,heavy,true,3,2.557
Flemington,2000,1-3,soft,1-3m,6,4.47
Flemington,2000,1-3,soft,10m+,9,5.717
Flemington,2000,1-3,soft,4-6m,15,4.937
Flemington,2000,1-3,soft,7-9m,24,4.512
Flemington,2000,1-3,soft,true,6,5.477
Flemington,2000,10-12,dry,1-3m,8,5.516
Flemington,2000,10-12,dry,10m+,17,4.826
Flemington,2000,10-12,dry,4-6m,20,4.872
Flemington,2000,10-12,dry,7-9m,63,6.85
Flemington,2000,10-12,dry,true,25,4.587
Flemington,2000,10-12,heavy,1-3m,3,6.797
Flemington,2000,10-12,heavy,10m+,3,5.037
Flemington,2000,10-12,heavy,7-9m,11,11.495
Flemington,2000,10-12,heavy,true,3,7.023
Flemington,2000,10-12,soft,1-3m,6,6.697
Flemington,2000,10-12,soft,10m+,9,8.334
Flemington,2000,10-12,soft,4-6m,15,8.56
Flemington,2000,10-12,soft,7-9m,20,6.652
Flemington,2000,10-12,soft,true,6,4.502
Flemington,2000,13+,dry,1-3m,8,5.485
Flemington,2000,13+,dry,10m+,11,6.575
Flemington,2000,13+,dry,4-6m,9,7.15
Flemington,2000,13+,dry,7-9m,36,6.331
Flemington,2000,13+,dry,true,8,4.051
Flemington,2000,13+,heavy,1-3m,2,7.5
Flemington,2000,13+,heavy,10m+,3,6.38
Flemington,2000,13+,heavy,7-9m,6,13.215
Flemington,2000,13+,soft,1-3m,2,6.115
Flemington,2000,13+,soft,10m+,2,12.75
Flemington,2000,13+,soft,4-6m,12,8.152
Flemington,2000,13+,soft,7-9m,18,5.047
Flemington,2000,13+,soft,true,3,3.273
Flemington,2000,4-6,dry,1-3m,15,3.907
Flemington,2000,4-6,dry,10m+,21,5.115
Flemington,2000,4-6,dry,4-6m,38,4.58
Flemington,2000,4-6,dry,7-9m,82,5.791
Flemington,2000,4-6,dry,true,36,4.857
Flemington,2000,4-6,heavy,1-3m,3,5.167
Flemington,2000,4-6,heavy,10m+,3,5.42
Flemington,2000,4-6,heavy,7-9m,12,10.846
Flemington,2000,4-6,heavy,true,3,4.387
Flemington,2000,4-6,soft,1-3m,6,3.752
Flemington,2000,4-6,soft,10m+,9,6.04
Flemington,2000,4-6,soft,4-6m,15,6.956
Flemington,2000,4-6,soft,7-9m,24,5.825
Flemington,2000,4-6,soft,true,6,7.107
Flemington,2000,7-9,dry,1-3m,15,5.639
Flemington,2000,7-9,dry,10m+,19,5.651
Flemington,2000,7-9,dry,4-6m,37,4.684
Flemington,2000,7-9,dry,7-9m,79,6.179
Flemington,2000,7-9,dry,true,36,6.1
Flemington,2000,7-9,heavy,1-3m,3,5.383
Flemington,2000,7-9,heavy,10m+,3,5.717
Flemington,2000,7-9,heavy,7-9m,12,9.891
Flemington,2000,7-9,heavy,true,3,4.613
Flemington,2000,7-9,soft,1-3m,6,6.687
Flemington,2000,7-9,soft,10m+,9,8.119
Flemington,2000,7-9,soft,4-6m,14,7.514
Flemington,2000,7-9,soft,7-9m,24,5.988
Flemington,2000,7-9,soft,true,6,8.167
Flemington,2500,1-3,dry,1-3m,3,3.797
Flemington,2500,1-3,dry,10m+,17,5.592
Flemington,2500,1-3,dry,4-6m,21,4.933
Flemington,2500,1-3,dry,7-9m,20,3.977
Flemington,2500,1-3,dry,true,44,4.762
Flemington,2500,1-3,heavy,10m+,3,5.343
Flemington,2500,1-3,heavy,true,3,1.213
Flemington,2500,1-3,soft,10m+,9,3.149
Flemington,2500,1-3,soft,4-6m,3,4.793
Flemington,2500,1-3,soft,7-9m,15,3.867
Flemington,2500,1-3,soft,true,23,5.46
Flemington,2500,10-12,dry,10m+,8,6.171
Flemington,2500,10-12,dry,4-6m,16,7.491
Flemington,2500,10-12,dry,7-9m,12,5.353
Flemington,2500,10-12,dry,true,22,5.765
Flemington,2500,10-12,heavy,10m+,3,8.033
Flemington,2500,10-12,soft,4-6m,3,3.963
Flemington,2500,10-12,soft,7-9m,6,5.207
Flemington,2500,10-12,soft,true,14,7.241
Flemington,2500,13+,dry,10m+,2,8.745
Flemington,2500,13+,dry,4-6m,3,5.993
Flemington,2500,13+,dry,7-9m,7,5.909
Flemington,2500,13+,dry,true,16,8.393
Flemington,2500,13+,heavy,10m+,1,3.26
Flemington,2500,13+,soft,7-9m,5,9.498
Flemington,2500,13+,soft,true,15,8.708
Flemington,2500,4-6,dry,1-3m,3,4.567
Flemington,2500,4-6,dry,10m+,18,4.966
Flemington,2500,4-6,dry,4-6m,21,6.632
Flemington,2500,4-6,dry,7-9m,21,4.808
Flemington,2500,4-6,dry,true,44,5.542
Flemington,2500,4-6,heavy,10m+,3,7.1
Flemington,2500,4-6,heavy,true,3,3.73
Flemington,2500,4-6,soft,10m+,9,5.651
Flemington,2500,4-6,soft,4-6m,3,7.71
Flemington,2500,4-6,soft,7-9m,15,4.73
Flemington,2500,4-6,soft,true,24,6.718
Flemington,2500,7-9,dry,1-3m,3,5.247
Flemington,2500,7-9,dry,10m+,15,5.486
Flemington,2500,7-9,dry,4-6m,21,7.113
Flemington,2500,7-9,dry,7-9m,19,4.058
Flemington,2500,7-9,dry,true,40,5.766
Flemington,2500,7-9,heavy,10m+,3,4.853
Flemington,2500,7-9,heavy,true,3,5.72
Flemington,2500,7-9,soft,10m+,6,4.147
Flemington,2500,7-9,soft,4-6m,3,4.17
Flemington,2500,7-9,soft,7-9m,12,5.011
Flemington,2500,7-9,soft,true,21,7.241
Flemington,2600,1-3,dry,1-3m,3,4.353
Flemington,2600,1-3,dry,10m+,9,4.892
Flemington,2600,1-3,dry,7-9m,15,5.399
Flemington,2600,1-3,dry,true,12,4.791
Flemington,2600,1-3,heavy,10m+,3,5.147
Flemington,2600,1-3,heavy,7-9m,3,9.6
Flemington,2600,1-3,soft,1-3m,3,5.747
Flemington,2600,1-3,soft,true,18,5.839
Flemington,2600,10-12,dry,10m+,7,3.967
Flemington,2600,10-12,dry,7-9m,7,5.593
Flemington,2600,10-12,dry,true,5,6.804
Flemington,2600,10-12,heavy,10m+,2,7.875
Flemington,2600,10-12,heavy,7-9m,3,8.64
Flemington,2600,10-12,soft,true,8,6.234
Flemington,2600,13+,dry,10m+,2,4.34
Flemington,2600,13+,dry,7-9m,1,3.71
Flemington,2600,4-6,dry,1-3m,3,3.903
Flemington,2600,4-6,dry,10m+,9,5.652
Flemington,2600,4-6,dry,7-9m,14,6.136
Flemington,2600,4-6,dry,true,12,5.014
Flemington,2600,4-6,heavy,10m+,3,5.133
Flemington,2600,4-6,heavy,7-9m,3,9.46
Flemington,2600,4-6,soft,1-3m,3,3.153
Flemington,2600,4-6,soft,true,18,6.489
Flemington,2600,7-9,dry,1-3m,2,3.165
Flemington,2600,7-9,dry,10m+,9,5.266
Flemington,2600,7-9,dry,7-9m,12,6.678
Flemington,2600,7-9,dry,true,8,5.095
Flemington,2600,7-9,heavy,10m+,3,4.95
Flemington,2600,7-9,heavy,7-9m,3,9.087
Flemington,2600,7-9,soft,1-3m,1,3.61
Flemington,2600,7-9,soft,true,15,5.308
Flemington,2800,1-3,dry,1-3m,14,5.464
Flemington,2800,1-3,dry,4-6m,9,6.191
Flemington,2800,1-3,dry,true,16,5.482
Flemington,2800,1-3,soft,1-3m,18,4.691
Flemington,2800,1-3,soft,4-6m,8,6.125
Flemington,2800,1-3,soft,true,3,3.46
Flemington,2800,10-12,dry,1-3m,7,4.733
Flemington,2800,10-12,dry,4-6m,4,7.538
Flemington,2800,10-12,dry,true,14,6.211
Flemington,2800,10-12,soft,1-3m,14,5.231
Flemington,2800,10-12,soft,4-6m,6,8.727
Flemington,2800,10-12,soft,true,2,6.22
Flemington,2800,13+,dry,1-3m,4,5.488
Flemington,2800,13+,dry,4-6m,2,10.49
Flemington,2800,13+,dry,true,6,4.077
Flemington,2800,13+,soft,1-3m,8,5.46
Flemington,2800,13+,soft,4-6m,9,9.919
Flemington,2800,13+,soft,true,6,5.548
Flemington,2800,4-6,dry,1-3m,15,5.783
Flemington,2800,4-6,dry,4-6m,9,4.912
Flemington,2800,4-6,dry,true,18,4.846
Flemington,2800,4-6,soft,1-3m,18,5.573
Flemington,2800,4-6,soft,4-6m,9,6.436
Flemington,2800,4-6,soft,true,3,5.16
Flemington,2800,7-9,dry,1-3m,15,5.222
Flemington,2800,7-9,dry,4-6m,9,5.419
Flemington,2800,7-9,dry,true,18,6.111
Flemington,2800,7-9,soft,1-3m,17,6.013
Flemington,2800,7-9,soft,4-6m,8,7.426
Flemington,2800,7-9,soft,true,3,4.523
Flemington,3200,1-3,dry,1-3m,3,4.43
Flemington,3200,10-12,dry,1-3m,4,8.842
Flemington,3200,13+,dry,1-3m,13,8.288
Flemington,3200,4-6,dry,1-3m,5,6.184
Flemington,3200,7-9,dry,1-3m,2,6.145
Gatton,900,1-3,dry,true,41,2.132
Gatton,900,1-3,heavy,true,3,1.963
Gatton,900,1-3,soft,true,27,2.643
Gatton,900,10-12,dry,true,4,4.523
Gatton,900,10-12,heavy,true,1,5.665
Gatton,900,10-12,soft,true,4,5.049
Gatton,900,4-6,dry,true,40,3.483
Gatton,900,4-6,heavy,true,3,3.387
Gatton,900,4-6,soft,true,26,3.772
Gatton,900,7-9,dry,true,32,4.691
Gatton,900,7-9,heavy,true,3,4.981
Gatton,900,7-9,soft,true,17,5.01
Gatton,1100,1-3,dry,1-3m,12,1.91
Gatton,1100,1-3,dry,true,89,2.275
Gatton,1100,1-3,soft,true,24,2.21
Gatton,1100,10-12,dry,1-3m,4,2.794
Gatton,1100,10-12,dry,true,47,3.825
Gatton,1100,10-12,soft,true,7,3.591
Gatton,1100,4-6,dry,1-3m,12,2.584
Gatton,1100,4-6,dry,true,89,3.349
Gatton,1100,4-6,soft,true,22,2.95
Gatton,1100,7-9,dry,1-3m,10,2.645
Gatton,1100,7-9,dry,true,82,3.58
Gatton,1100,7-9,soft,true,18,3.63
Gatton,1400,1-3,dry,1-3m,3,1.653
Gatton,1400,1-3,dry,true,110,2.198
Gatton,1400,1-3,heavy,true,2,2.898
Gatton,1400,1-3,soft,true,21,2.069
Gatton,1400,10-12,dry,1-3m,2,3.311
Gatton,1400,10-12,dry,true,60,4.139
Gatton,1400,10-12,soft,true,11,3.576
Gatton,1400,4-6,dry,1-3m,3,1.575
Gatton,1400,4-6,dry,true,111,3.008
Gatton,1400,4-6,heavy,true,2,3.176
Gatton,1400,4-6,soft,true,21,2.96
Gatton,1400,7-9,dry,1-3m,3,2.004
Gatton,1400,7-9,dry,true,99,3.711
Gatton,1400,7-9,heavy,true,1,2.506
Gatton,1400,7-9,soft,true,21,3.73
Gatton,1600,1-3,dry,1-3m,3,1.887
Gatton,1600,1-3,dry,true,36,2.119
Gatton,1600,1-3,heavy,true,3,2.451
Gatton,1600,1-3,soft,true,12,2.505
Gatton,1600,10-12,dry,1-3m,3,2.535
Gatton,1600,10-12,dry,true,17,4.172
Gatton,1600,10-12,soft,true,5,3.633
Gatton,1600,4-6,dry,1-3m,3,2.79
Gatton,1600,4-6,dry,true,36,2.87
Gatton,1600,4-6,heavy,true,3,3.435
Gatton,1600,4-6,soft,true,12,3.265
Gatton,1600,7-9,dry,1-3m,3,3.291
Gatton,1600,7-9,dry,true,34,3.859
Gatton,1600,7-9,heavy,true,1,3.909
Gatton,1600,7-9,soft,true,10,3.767
Gatton,2000,1-3,dry,true,18,2.588
Gatton,2000,1-3,soft,true,3,1.958
Gatton,2000,10-12,dry,true,12,3.192
Gatton,2000,10-12,soft,true,2,3.136
Gatton,2000,4-6,dry,true,17,2.878
Gatton,2000,4-6,soft,true,3,3.95
Gatton,2000,7-9,dry,true,18,3.066
Gatton,2000,7-9,soft,true,3,3.65
Gawler,1100,1-3,dry,1-3m,1,3.56
Gawler,1100,1-3,dry,4-6m,6,2.252
Gawler,1100,1-3,dry,7-9m,3,3.29
Gawler,1100,1-3,dry,true,40,3.326
Gawler,1100,1-3,heavy,1-3m,3,0.91
Gawler,1100,1-3,heavy,4-6m,27,3.403
Gawler,1100,1-3,heavy,7-9m,3,3.323
Gawler,1100,1-3,heavy,true,9,4.379
Gawler,1100,1-3,soft,4-6m,12,1.941
Gawler,1100,1-3,soft,7-9m,3,3.643
Gawler,1100,1-3,soft,true,23,2.11
Gawler,1100,10-12,dry,1-3m,2,6.15
Gawler,1100,10-12,dry,4-6m,2,1.865
Gawler,1100,10-12,dry,true,11,6.972
Gawler,1100,10-12,heavy,4-6m,9,6.273
Gawler,1100,10-12,heavy,true,1,8.11
Gawler,1100,10-12,soft,4-6m,8,6.132
Gawler,1100,10-12,soft,7-9m,1,3.54
Gawler,1100,10-12,soft,true,7,7.011
Gawler,1100,4-6,dry,1-3m,3,3.55
Gawler,1100,4-6,dry,4-6m,6,3.155
Gawler,1100,4-6,dry,7-9m,3,6.02
Gawler,1100,4-6,dry,true,42,4.404
Gawler,1100,4-6,heavy,1-3m,3,1.483
Gawler,1100,4-6,heavy,4-6m,27,5.231
Gawler,1100,4-6,heavy,7-9m,3,3.71
Gawler,1100,4-6,heavy,true,9,5.091
Gawler,1100,4-6,soft,4-6m,12,4.869
Gawler,1100,4-6,soft,7-9m,3,5.31
Gawler,1100,4-6,soft,true,24,4.12
Gawler,1100,7-9,dry,1-3m,3,3.273
Gawler,1100,7-9,dry,4-6m,5,2.64
Gawler,1100,7-9,dry,7-9m,3,5.887
Gawler,1100,7-9,dry,true,37,4.344
Gawler,1100,7-9,heavy,4-6m,24,4.965
Gawler,1100,7-9,heavy,7-9m,3,6.867
Gawler,1100,7-9,heavy,true,5,7.338
Gawler,1100,7-9,soft,4-6m,12,5.103
Gawler,1100,7-9,soft,7-9m,3,6.16
Gawler,1100,7-9,soft,true,20,4.324
Gawler,1200,1-3,dry,1-3m,3,2.79
Gawler,1200,1-3,dry,7-9m,12,3.842
Gawler,1200,1-3,dry,true,63,3.201
Gawler,1200,1-3,heavy,1-3m,12,4.798
Gawler,1200,1-3,heavy,4-6m,18,4.697
Gawler,1200,1-3,heavy,7-9m,9,6.221
Gawler,1200,1-3,heavy,true,18,4.661
Gawler,1200,1-3,soft,4-6m,17,4.714
Gawler,1200,1-3,soft,7-9m,12,2.978
Gawler,1200,1-3,soft,true,69,3.901
Gawler,1200,10-12,dry,1-3m,2,6.71
Gawler,1200,10-12,dry,7-9m,5,6.762
Gawler,1200,10-12,dry,true,30,5.828
Gawler,1200,10-12,heavy,1-3m,7,5.603
Gawler,1200,10-12,heavy,4-6m,9,7.504
Gawler,1200,10-12,heavy,7-9m,1,4.89
Gawler,1200,10-12,heavy,true,10,7.89
Gawler,1200,10-12,soft,4-6m,11,8.527
Gawler,1200,10-12,soft,7-9m,3,6.897
Gawler,1200,10-12,soft,true,47,6.269
Gawler,1200,13+,dry,true,2,6.255
Gawler,1200,13+,soft,4-6m,1,15.45
Gawler,1200,13+,soft,true,13,8.135
Gawler,1200,4-6,dry,1-3m,2,4.535
Gawler,1200,4-6,dry,7-9m,12,5.109
Gawler,1200,4-6,dry,true,63,4.625
Gawler,1200,4-6,heavy,1-3m,12,4.473
Gawler,1200,4-6,heavy,4-6m,18,5.137
Gawler,1200,4-6,heavy,7-9m,9,7.101
Gawler,1200,4-6,heavy,true,18,5.347
Gawler,1200,4-6,soft,4-6m,17,5.49
Gawler,1200,4-6,soft,7-9m,12,4.852
Gawler,1200,4-6,soft,true,69,4.82
Gawler,1200,7-9,dry,1-3m,3,6.9
Gawler,1200,7-9,dry,7-9m,12,6.918
Gawler,1200,7-9,dry,true,53,5.22
Gawler,1200,7-9,heavy,1-3m,12,4.677
Gawler,1200,7-9,heavy,4-6m,18,7.041
Gawler,1200,7-9,heavy,7-9m,6,7.002
Gawler,1200,7-9,heavy,true,18,7.203
Gawler,1200,7-9,soft,4-6m,18,5.734
Gawler,1200,7-9,soft,7-9m,11,5.393
Gawler,1200,7-9,soft,true,67,5.808
Gawler,1500,1-3,dry,1-3m,9,2.762
Gawler,1500,1-3,dry,4-6m,9,1.877
Gawler,1500,1-3,dry,7-9m,8,3.038
Gawler,1500,1-3,dry,true,68,4.149
Gawler,1500,1-3,heavy,1-3m,6,2.89
Gawler,1500,1-3,heavy,4-6m,15,5.739
Gawler,1500,1-3,heavy,true,12,7.006
Gawler,1500,1-3,soft,4-6m,15,4.735
Gawler,1500,1-3,soft,7-9m,9,3.707
Gawler,1500,1-3,soft,true,51,4.29
Gawler,1500,10-12,dry,1-3m,4,4.528
Gawler,1500,10-12,dry,4-6m,6,4.515
Gawler,1500,10-12,dry,7-9m,6,5.108
Gawler,1500,10-12,dry,true,42,5.057
Gawler,1500,10-12,heavy,1-3m,3,7.88
Gawler,1500,10-12,heavy,4-6m,11,7.856
Gawler,1500,10-12,heavy,true,9,6.59
Gawler,1500,10-12,soft,4-6m,8,7.175
Gawler,1500,10-12,soft,7-9m,2,9.47
Gawler,1500,10-12,soft,true,34,5.908
Gawler,1500,13+,dry,1-3m,2,5.34
Gawler,1500,13+,dry,true,14,5.953
Gawler,1500,13+,heavy,true,2,8.27
Gawler,1500,13+,soft,4-6m,1,8.77
Gawler,1500,13+,soft,true,9,4.329
Gawler,1500,4-6,dry,1-3m,9,3.72
Gawler,1500,4-6,dry,4-6m,8,4.035
Gawler,1500,4-6,dry,7-9m,9,6.41
Gawler,1500,4-6,dry,true,69,4.835
Gawler,1500,4-6,heavy,1-3m,6,6.015
Gawler,1500,4-6,heavy,4-6m,15,6.225
Gawler,1500,4-6,heavy,true,12,5.545
Gawler,1500,4-6,soft,4-6m,15,4.048
Gawler,1500,4-6,soft,7-9m,9,3.832
Gawler,1500,4-6,soft,true,51,4.822
Gawler,1500,7-9,dry,1-3m,9,3.626
Gawler,1500,7-9,dry,4-6m,8,5.384
Gawler,1500,7-9,dry,7-9m,7,4.016
Gawler,1500,7-9,dry,true,65,4.827
Gawler,1500,7-9,heavy,1-3m,5,3.78
Gawler,1500,7-9,heavy,4-6m,15,6.276
Gawler,1500,7-9,heavy,true,12,8.187
Gawler,1500,7-9,soft,4-6m,14,5.419
Gawler,1500,7-9,soft,7-9m,8,4.039
Gawler,1500,7-9,soft,true,50,5.34
Gawler,1700,1-3,dry,1-3m,3,2.263
Gawler,1700,1-3,dry,4-6m,3,3.8
Gawler,1700,1-3,dry,7-9m,3,6.003
Gawler,1700,1-3,dry,true,26,5.063
Gawler,1700,1-3,heavy,4-6m,6,3.733
Gawler,1700,1-3,heavy,7-9m,5,5.288
Gawler,1700,1-3,heavy,true,12,2.79
Gawler,1700,1-3,soft,4-6m,15,3.569
Gawler,1700,1-3,soft,7-9m,3,2.933
Gawler,1700,1-3,soft,true,33,3.33
Gawler,1700,10-12,dry,1-3m,1,1.99
Gawler,1700,10-12,dry,4-6m,1,6.76
Gawler,1700,10-12,dry,7-9m,1,7.74
Gawler,1700,10-12,dry,true,15,5.713
Gawler,1700,10-12,heavy,4-6m,1,5.02
Gawler,1700,10-12,heavy,true,5,4.636
Gawler,1700,10-12,soft,4-6m,4,2.94
Gawler,1700,10-12,soft,7-9m,1,1.74
Gawler,1700,10-12,soft,true,21,4.955
Gawler,1700,4-6,dry,1-3m,3,2.897
Gawler,1700,4-6,dry,4-6m,3,3.91
Gawler,1700,4-6,dry,7-9m,3,6.14
Gawler,1700,4-6,dry,true,27,4.616
Gawler,1700,4-6,heavy,4-6m,6,4.565
Gawler,1700,4-6,heavy,7-9m,6,4.723
Gawler,1700,4-6,heavy,true,12,4.698
Gawler,1700,4-6,soft,4-6m,15,3.746
Gawler,1700,4-6,soft,7-9m,3,3.71
Gawler,1700,4-6,soft,true,33,4.713
Gawler,1700,7-9,dry,1-3m,3,2.983
Gawler,1700,7-9,dry,4-6m,3,6.007
Gawler,1700,7-9,dry,7-9m,3,8.543
Gawler,1700,7-9,dry,true,26,5.183
Gawler,1700,7-9,heavy,4-6m,6,5.678
Gawler,1700,7-9,heavy,7-9m,4,6.118
Gawler,1700,7-9,heavy,true,12,5.018
Gawler,1700,7-9,soft,4-6m,15,4.985
Gawler,1700,7-9,soft,7-9m,3,3.01
Gawler,1700,7-9,soft,true,31,4.671
Gawler,2100,1-3,dry,1-3m,3,5.157
Gawler,2100,1-3,dry,4-6m,3,3.687
Gawler,2100,1-3,dry,7-9m,6,3.393
Gawler,2100,1-3,dry,true,21,4.067
Gawler,2100,1-3,heavy,4-6m,3,4.217
Gawler,2100,1-3,heavy,7-9m,3,2.79
Gawler,2100,1-3,heavy,true,12,4.93
Gawler,2100,1-3,soft,4-6m,9,4.826
Gawler,2100,1-3,soft,7-9m,6,3.698
Gawler,2100,1-3,soft,true,15,2.794
Gawler,2100,10-12,dry,true,4,4.768
Gawler,2100,10-12,heavy,4-6m,2,4.04
Gawler,2100,10-12,heavy,true,6,5.027
Gawler,2100,10-12,soft,4-6m,1,0.36
Gawler,2100,10-12,soft,true,4,4.218
Gawler,2100,13+,soft,true,2,7.815
Gawler,2100,4-6,dry,1-3m,3,4.513
Gawler,2100,4-6,dry,4-6m,3,1.477
Gawler,2100,4-6,dry,7-9m,6,2.822
Gawler,2100,4-6,dry,true,21,5.764
Gawler,2100,4-6,heavy,4-6m,3,4.14
Gawler,2100,4-6,heavy,7-9m,3,3.89
Gawler,2100,4-6,heavy,true,11,4.782
Gawler,2100,4-6,soft,4-6m,9,4.839
Gawler,2100,4-6,soft,7-9m,6,4.508
Gawler,2100,4-6,soft,true,15,2.985
Gawler,2100,7-9,dry,1-3m,3,2.727
Gawler,2100,7-9,dry,4-6m,2,0.815
Gawler,2100,7-9,dry,7-9m,5,5.434
Gawler,2100,7-9,dry,true,17,4.936
Gawler,2100,7-9,heavy,4-6m,3,5.0
Gawler,2100,7-9,heavy,7-9m,2,2.095
Gawler,2100,7-9,heavy,true,11,6.194
Gawler,2100,7-9,soft,4-6m,8,3.644
Gawler,2100,7-9,soft,7-9m,6,4.862
Gawler,2100,7-9,soft,true,9,4.218
Geelong,1100,1-3,dry,1-3m,12,3.588
Geelong,1100,1-3,dry,4-6m,24,3.6
Geelong,1100,1-3,dry,7-9m,12,3.203
Geelong,1100,1-3,dry,true,33,4.409
Geelong,1100,1-3,heavy,4-6m,3,4.873
Geelong,1100,1-3,heavy,7-9m,6,6.365
Geelong,1100,1-3,soft,1-3m,6,3.718
Geelong,1100,1-3,soft,7-9m,12,4.672
Geelong,1100,1-3,soft,true,18,3.687
Geelong,1100,10-12,dry,1-3m,5,4.854
Geelong,1100,10-12,dry,4-6m,3,5.697
Geelong,1100,10-12,dry,7-9m,2,8.565
Geelong,1100,10-12,dry,true,8,7.524
Geelong,1100,10-12,heavy,4-6m,2,10.73
Geelong,1100,10-12,soft,1-3m,1,3.71
Geelong,1100,10-12,soft,7-9m,2,9.89
Geelong,1100,10-12,soft,true,6,9.263
Geelong,1100,13+,soft,true,1,3.18
Geelong,1100,4-6,dry,1-3m,12,4.494
Geelong,1100,4-6,dry,4-6m,23,5.119
Geelong,1100,4-6,dry,7-9m,12,5.039
Geelong,1100,4-6,dry,true,32,4.959
Geelong,1100,4-6,heavy,4-6m,3,8.167
Geelong,1100,4-6,heavy,7-9m,6,4.958
Geelong,1100,4-6,soft,1-3m,6,3.815
Geelong,1100,4-6,soft,7-9m,12,5.616
Geelong,1100,4-6,soft,true,18,4.587
Geelong,1100,7-9,dry,1-3m,9,5.212
Geelong,1100,7-9,dry,4-6m,17,5.476
Geelong,1100,7-9,dry,7-9m,8,7.022
Geelong,1100,7-9,dry,true,23,6.837
Geelong,1100,7-9,heavy,4-6m,3,6.407
Geelong,1100,7-9,heavy,7-9m,5,7.746
Geelong,1100,7-9,soft,1-3m,4,5.58
Geelong,1100,7-9,soft,7-9m,6,5.882
Geelong,1100,7-9,soft,true,16,5.708
Geelong,1200,1-3,dry,1-3m,3,4.16
Geelong,1200,1-3,dry,4-6m,9,2.679
Geelong,1200,1-3,dry,7-9m,18,3.049
Geelong,1200,1-3,dry,true,12,4.511
Geelong,1200,1-3,heavy,1-3m,3,6.78
Geelong,1200,1-3,heavy,4-6m,15,4.78
Geelong,1200,1-3,heavy,7-9m,9,6.931
Geelong,1200,1-3,soft,1-3m,6,4.88
Geelong,1200,1-3,soft,7-9m,6,3.862
Geelong,1200,1-3,soft,true,15,3.595
Geelong,1200,10-12,dry,7-9m,2,8.865
Geelong,1200,10-12,dry,true,6,6.088
Geelong,1200,10-12,heavy,1-3m,1,9.96
Geelong,1200,10-12,heavy,4-6m,5,8.184
Geelong,1200,10-12,heavy,7-9m,2,6.09
Geelong,1200,10-12,soft,7-9m,1,11.01
Geelong,1200,10-12,soft,true,4,7.542
Geelong,1200,13+,soft,true,1,5.47
Geelong,1200,4-6,dry,1-3m,3,7.127
Geelong,1200,4-6,dry,4-6m,9,4.103
Geelong,1200,4-6,dry,7-9m,17,3.669
Geelong,1200,4-6,dry,true,12,5.698
Geelong,1200,4-6,heavy,1-3m,3,5.843
Geelong,1200,4-6,heavy,4-6m,15,5.412
Geelong,1200,4-6,heavy,7-9m,9,8.101
Geelong,1200,4-6,soft,1-3m,6,6.692
Geelong,1200,4-6,soft,7-9m,6,6.47
Geelong,1200,4-6,soft,true,15,3.999
Geelong,1200,7-9,dry,1-3m,3,4.917
Geelong,1200,7-9,dry,4-6m,5,3.452
Geelong,1200,7-9,dry,7-9m,11,4.355
Geelong,1200,7-9,dry,true,10,6.36
Geelong,1200,7-9,heavy,1-3m,3,6.343
Geelong,1200,7-9,heavy,4-6m,13,6.558
Geelong,1200,7-9,heavy,7-9m,8,8.455
Geelong,1200,7-9,soft,1-3m,4,5.92
Geelong,1200,7-9,soft,7-9m,6,8.972
Geelong,1200,7-9,soft,true,14,5.676
Geelong,1300,1-3,dry,1-3m,12,3.214
Geelong,1300,1-3,dry,4-6m,18,3.531
Geelong,1300,1-3,dry,7-9m,9,3.553
Geelong,1300,1-3,dry,true,9,4.811
Geelong,1300,1-3,heavy,4-6m,3,6.3
Geelong,1300,1-3,heavy,7-9m,6,5.88
Geelong,1300,1-3,soft,1-3m,9,4.77
Geelong,1300,1-3,soft,7-9m,6,4.765
Geelong,1300,1-3,soft,true,6,4.78
Geelong,1300,10-12,dry,1-3m,5,7.812
Geelong,1300,10-12,dry,4-6m,5,4.502
Geelong,1300,10-12,dry,true,6,3.508
Geelong,1300,10-12,heavy,7-9m,1,8.62
Geelong,1300,10-12,soft,1-3m,4,9.188
Geelong,1300,10-12,soft,7-9m,2,8.675
Geelong,1300,10-12,soft,true,2,5.985
Geelong,1300,13+,dry,1-3m,2,9.125
Geelong,1300,4-6,dry,1-3m,12,5.687
Geelong,1300,4-6,dry,4-6m,18,5.341
Geelong,1300,4-6,dry,7-9m,9,5.488
Geelong,1300,4-6,dry,true,9,6.509
Geelong,1300,4-6,heavy,4-6m,3,6.06
Geelong,1300,4-6,heavy,7-9m,6,8.14
Geelong,1300,4-6,soft,1-3m,8,3.616
Geelong,1300,4-6,soft,7-9m,6,7.525
Geelong,1300,4-6,soft,true,6,4.698
Geelong,1300,7-9,dry,1-3m,11,4.305
Geelong,1300,7-9,dry,4-6m,17,6.907
Geelong,1300,7-9,dry,7-9m,5,5.6
Geelong,1300,7-9,dry,true,9,7.306
Geelong,1300,7-9,heavy,7-9m,4,5.948
Geelong,1300,7-9,soft,1-3m,6,6.217
Geelong,1300,7-9,soft,7-9m,6,6.515
Geelong,1300,7-9,soft,true,4,5.215
Geelong,1400,1-3,dry,1-3m,6,2.74
Geelong,1400,1-3,dry,4-6m,12,3.87
Geelong,1400,1-3,dry,7-9m,15,3.417
Geelong,1400,1-3,dry,true,12,3.906
Geelong,1400,1-3,heavy,1-3m,3,10.557
Geelong,1400,1-3,heavy,4-6m,12,5.86
Geelong,1400,1-3,heavy,7-9m,9,3.389
Geelong,1400,1-3,soft,7-9m,3,6.827
Geelong,1400,1-3,soft,true,6,2.003
Geelong,1400,10-12,dry,1-3m,2,7.935
Geelong,1400,10-12,dry,4-6m,1,6.62
Geelong,1400,10-12,dry,7-9m,4,2.962
Geelong,1400,10-12,dry,true,4,4.995
Geelong,1400,10-12,heavy,1-3m,1,12.14
Geelong,1400,10-12,heavy,4-6m,3,12.91
Geelong,1400,10-12,heavy,7-9m,2,6.22
Geelong,1400,10-12,soft,true,4,3.18
Geelong,1400,13+,soft,true,1,9.65
Geelong,1400,4-6,dry,1-3m,6,4.613
Geelong,1400,4-6,dry,4-6m,12,5.26
Geelong,1400,4-6,dry,7-9m,15,3.998
Geelong,1400,4-6,dry,true,12,4.486
Geelong,1400,4-6,heavy,1-3m,3,13.553
Geelong,1400,4-6,heavy,4-6m,12,6.121
Geelong,1400,4-6,heavy,7-9m,9,4.679
Geelong,1400,4-6,soft,7-9m,3,6.19
Geelong,1400,4-6,soft,true,6,4.022
Geelong,1400,7-9,dry,1-3m,6,5.498
Geelong,1400,7-9,dry,4-6m,10,6.36
Geelong,1400,7-9,dry,7-9m,14,4.228
Geelong,1400,7-9,dry,true,11,3.093
Geelong,1400,7-9,heavy,1-3m,3,10.53
Geelong,1400,7-9,heavy,4-6m,9,8.249
Geelong,1400,7-9,heavy,7-9m,9,7.844
Geelong,1400,7-9,soft,7-9m,3,5.983
Geelong,1400,7-9,soft,true,6,3.225
Geelong,1500,1-3,dry,1-3m,6,4.248
Geelong,1500,1-3,dry,4-6m,17,4.675
Geelong,1500,1-3,dry,7-9m,15,3.365
Geelong,1500,1-3,dry,true,9,6.368
Geelong,1500,1-3,heavy,7-9m,9,6.783
Geelong,1500,1-3,soft,1-3m,3,3.39
Geelong,1500,1-3,soft,7-9m,9,4.891
Geelong,1500,1-3,soft,true,3,0.0
Geelong,1500,10-12,dry,1-3m,4,7.635
Geelong,1500,10-12,dry,4-6m,12,5.579
Geelong,1500,10-12,dry,7-9m,6,7.173
Geelong,1500,10-12,dry,true,3,9.85
Geelong,1500,10-12,heavy,7-9m,1,13.25
Geelong,1500,10-12,soft,1-3m,2,6.355
Geelong,1500,10-12,soft,7-9m,5,5.71
Geelong,1500,10-12,soft,true,3,0.0
Geelong,1500,13+,dry,1-3m,1,12.91
Geelong,1500,13+,dry,4-6m,1,10.92
Geelong,1500,13+,dry,7-9m,1,3.2
Geelong,1500,13+,soft,true,1,0.0
Geelong,1500,4-6,dry,1-3m,6,6.992
Geelong,1500,4-6,dry,4-6m,18,5.083
Geelong,1500,4-6,dry,7-9m,15,3.797
Geelong,1500,4-6,dry,true,9,6.048
Geelong,1500,4-6,heavy,7-9m,9,8.041
Geelong,1500,4-6,soft,1-3m,3,3.14
Geelong,1500,4-6,soft,7-9m,9,5.876
Geelong,1500,4-6,soft,true,3,0.0
Geelong,1500,7-9,dry,1-3m,6,5.65
Geelong,1500,7-9,dry,4-6m,18,5.277
Geelong,1500,7-9,dry,7-9m,14,4.549
Geelong,1500,7-9,dry,true,8,7.946
Geelong,1500,7-9,heavy,7-9m,4,8.465
Geelong,1500,7-9,soft,1-3m,3,1.963
Geelong,1500,7-9,soft,7-9m,9,5.012
Geelong,1500,7-9,soft,true,3,0.0
Geelong,1700,1-3,dry,1-3m,6,2.703
Geelong,1700,1-3,dry,7-9m,3,6.49
Geelong,1700,1-3,dry,true,12,4.745
Geelong,1700,1-3,heavy,1-3m,6,5.457
Geelong,1700,1-3,heavy,4-6m,6,6.532
Geelong,1700,1-3,soft,true,18,3.976
Geelong,1700,10-12,dry,1-3m,6,5.03
Geelong,1700,10-12,dry,7-9m,2,4.98
Geelong,1700,10-12,heavy,1-3m,1,5.18
Geelong,1700,10-12,heavy,4-6m,6,6.203
Geelong,1700,10-12,soft,true,13,6.036
Geelong,1700,13+,dry,1-3m,2,7.665
Geelong,1700,13+,dry,7-9m,1,2.22
Geelong,1700,13+,heavy,4-6m,3,8.247
Geelong,1700,13+,soft,true,3,7.603
Geelong,1700,4-6,dry,1-3m,6,3.802
Geelong,1700,4-6,dry,7-9m,3,5.187
Geelong,1700,4-6,dry,true,12,6.044
Geelong,1700,4-6,heavy,1-3m,6,8.37
Geelong,1700,4-6,heavy,4-6m,6,6.192
Geelong,1700,4-6,soft,true,18,4.742
Geelong,1700,7-9,dry,1-3m,6,3.39
Geelong,1700,7-9,dry,7-9m,3,6.22
Geelong,1700,7-9,dry,true,7,5.644
Geelong,1700,7-9,heavy,1-3m,6,8.807
Geelong,1700,7-9,heavy,4-6m,6,7.083
Geelong,1700,7-9,soft,true,18,4.922
Geelong,1800,1-3,dry,7-9m,15,4.183
Geelong,1800,1-3,heavy,7-9m,9,8.332
Geelong,1800,1-3,soft,7-9m,9,4.578
Geelong,1800,10-12,dry,7-9m,3,5.08
Geelong,1800,10-12,heavy,7-9m,1,9.1
Geelong,1800,10-12,soft,7-9m,1,7.62
Geelong,1800,4-6,dry,7-9m,15,3.966
Geelong,1800,4-6,heavy,7-9m,9,9.016
Geelong,1800,4-6,soft,7-9m,9,6.06
Geelong,1800,7-9,dry,7-9m,15,3.837
Geelong,1800,7-9,heavy,7-9m,7,9.879
Geelong,1800,7-9,soft,7-9m,8,4.621
Geelong,2200,1-3,soft,true,3,0.0
Geelong,2200,10-12,soft,true,2,0.0
Geelong,2200,4-6,soft,true,3,0.0
Geelong,2200,7-9,soft,true,3,0.0
Geelong,2300,1-3,dry,7-9m,3,3.357
Geelong,2300,4-6,dry,7-9m,3,2.013
Geelong,2400,1-3,dry,1-3m,3,5.357
Geelong,2400,1-3,dry,4-6m,15,2.899
Geelong,2400,1-3,dry,7-9m,6,4.458
Geelong,2400,1-3,dry,true,6,4.465
Geelong,2400,1-3,heavy,4-6m,9,3.876
Geelong,2400,1-3,soft,true,18,3.622
Geelong,2400,10-12,dry,4-6m,3,4.693
Geelong,2400,10-12,dry,7-9m,4,6.278
Geelong,2400,10-12,dry,true,3,9.537
Geelong,2400,10-12,heavy,4-6m,5,5.484
Geelong,2400,10-12,soft,true,10,5.34
Geelong,2400,13+,dry,4-6m,1,3.14
Geelong,2400,13+,dry,true,1,2.8
Geelong,2400,13+,heavy,4-6m,2,7.595
Geelong,2400,13+,soft,true,3,6.453
Geelong,2400,4-6,dry,1-3m,3,2.707
Geelong,2400,4-6,dry,4-6m,15,3.435
Geelong,2400,4-6,dry,7-9m,6,2.85
Geelong,2400,4-6,dry,true,6,6.152
Geelong,2400,4-6,heavy,4-6m,9,3.049
Geelong,2400,4-6,soft,true,18,4.042
Geelong,2400,7-9,dry,1-3m,3,6.743
Geelong,2400,7-9,dry,4-6m,10,4.06
Geelong,2400,7-9,dry,7-9m,6,4.25
Geelong,2400,7-9,dry,true,5,5.966
Geelong,2400,7-9,heavy,4-6m,9,3.318
Geelong,2400,7-9,soft,true,16,5.312
Geelong,2500,1-3,heavy,7-9m,3,10.407
Geelong,2500,1-3,soft,7-9m,6,4.02
Geelong,2500,10-12,heavy,7-9m,2,11.17
Geelong,2500,10-12,soft,7-9m,1,1.25
Geelong,2500,4-6,heavy,7-9m,3,12.48
Geelong,2500,4-6,soft,7-9m,6,3.28
Geelong,2500,7-9,heavy,7-9m,3,8.583
Geelong,2500,7-9,soft,7-9m,6,3.537
Gold Coast,900,1-3,dry,true,21,2.008
Gold Coast,900,1-3,heavy,true,3,2.902
Gold Coast,900,1-3,soft,true,6,1.636
Gold Coast,900,10-12,dry,true,5,2.924
Gold Coast,900,10-12,heavy,true,3,7.047
Gold Coast,900,4-6,dry,true,19,2.469
Gold Coast,900,4-6,heavy,true,3,6.124
Gold Coast,900,4-6,soft,true,6,1.743
Gold Coast,900,7-9,dry,true,11,4.114
Gold Coast,900,7-9,heavy,true,3,6.088
Gold Coast,900,7-9,soft,true,2,3.93
Gold Coast,1000,1-3,dry,1-3m,23,2.667
Gold Coast,1000,1-3,dry,4-6m,48,2.588
Gold Coast,1000,1-3,dry,7-9m,27,2.356
Gold Coast,1000,1-3,dry,true,54,2.819
Gold Coast,1000,1-3,heavy,4-6m,6,2.667
Gold Coast,1000,1-3,heavy,true,15,3.337
Gold Coast,1000,1-3,soft,1-3m,15,2.401
Gold Coast,1000,1-3,soft,4-6m,51,3.006
Gold Coast,1000,1-3,soft,7-9m,58,2.134
Gold Coast,1000,1-3,soft,true,52,2.831
Gold Coast,1000,10-12,dry,1-3m,7,5.849
Gold Coast,1000,10-12,dry,4-6m,6,5.634
Gold Coast,1000,10-12,dry,7-9m,4,5.095
Gold Coast,1000,10-12,dry,true,17,5.019
Gold Coast,1000,10-12,heavy,true,5,5.911
Gold Coast,1000,10-12,soft,1-3m,7,4.638
Gold Coast,1000,10-12,soft,4-6m,4,5.382
Gold Coast,1000,10-12,soft,7-9m,4,3.426
Gold Coast,1000,10-12,soft,true,14,6.02
Gold Coast,1000,4-6,dry,1-3m,24,3.291
Gold Coast,1000,4-6,dry,4-6m,48,3.311
Gold Coast,1000,4-6,dry,7-9m,27,3.342
Gold Coast,1000,4-6,dry,true,54,3.607
Gold Coast,1000,4-6,heavy,4-6m,4,3.519
Gold Coast,1000,4-6,heavy,true,15,3.588
Gold Coast,1000,4-6,soft,1-3m,15,3.132
Gold Coast,1000,4-6,soft,4-6m,50,3.504
Gold Coast,1000,4-6,soft,7-9m,58,3.055
Gold Coast,1000,4-6,soft,true,53,3.785
Gold Coast,1000,7-9,dry,1-3m,23,4.651
Gold Coast,1000,7-9,dry,4-6m,35,3.968
Gold Coast,1000,7-9,dry,7-9m,25,4.197
Gold Coast,1000,7-9,dry,true,49,4.182
Gold Coast,1000,7-9,heavy,4-6m,1,5.402
Gold Coast,1000,7-9,heavy,true,14,4.545
Gold Coast,1000,7-9,soft,1-3m,11,3.881
Gold Coast,1000,7-9,soft,4-6m,38,4.656
Gold Coast,1000,7-9,soft,7-9m,38,3.527
Gold Coast,1000,7-9,soft,true,38,4.885
Gold Coast,1100,1-3,dry,1-3m,6,1.65
Gold Coast,1100,1-3,dry,4-6m,9,2.012
Gold Coast,1100,1-3,dry,7-9m,6,3.068
Gold Coast,1100,1-3,dry,true,75,1.741
Gold Coast,1100,1-3,heavy,true,5,2.283
Gold Coast,1100,1-3,soft,1-3m,3,2.396
Gold Coast,1100,1-3,soft,4-6m,6,1.444
Gold Coast,1100,1-3,soft,7-9m,6,1.666
Gold Coast,1100,1-3,soft,true,32,2.463
Gold Coast,1100,10-12,dry,1-3m,2,4.003
Gold Coast,1100,10-12,dry,true,23,3.39
Gold Coast,1100,10-12,heavy,true,6,4.867
Gold Coast,1100,10-12,soft,1-3m,3,3.836
Gold Coast,1100,10-12,soft,4-6m,2,1.339
Gold Coast,1100,10-12,soft,true,7,3.118
Gold Coast,1100,13+,dry,true,4,3.181
Gold Coast,1100,13+,heavy,true,2,3.633
Gold Coast,1100,13+,soft,1-3m,2,3.423
Gold Coast,1100,13+,soft,true,1,4.224
Gold Coast,1100,4-6,dry,1-3m,5,2.612
Gold Coast,1100,4-6,dry,4-6m,9,2.314
Gold Coast,1100,4-6,dry,7-9m,6,2.388
Gold Coast,1100,4-6,dry,true,73,2.134
Gold Coast,1100,4-6,heavy,true,5,3.024
Gold Coast,1100,4-6,soft,1-3m,3,3.679
Gold Coast,1100,4-6,soft,4-6m,6,1.739
Gold Coast,1100,4-6,soft,7-9m,5,1.76
Gold Coast,1100,4-6,soft,true,31,2.923
Gold Coast,1100,7-9,dry,1-3m,6,2.82
Gold Coast,1100,7-9,dry,4-6m,5,2.883
Gold Coast,1100,7-9,dry,7-9m,6,3.13
Gold Coast,1100,7-9,dry,true,55,2.974
Gold Coast,1100,7-9,heavy,true,6,3.693
Gold Coast,1100,7-9,soft,1-3m,3,1.869
Gold Coast,1100,7-9,soft,4-6m,6,2.943
Gold Coast,1100,7-9,soft,7-9m,5,2.789
Gold Coast,1100,7-9,soft,true,17,3.884
Gold Coast,1200,1-3,dry,1-3m,33,1.607
Gold Coast,1200,1-3,dry,4-6m,21,1.695
Gold Coast,1200,1-3,dry,7-9m,20,2.455
Gold Coast,1200,1-3,dry,true,152,1.723
Gold Coast,1200,1-3,heavy,4-6m,3,1.917
Gold Coast,1200,1-3,heavy,true,32,1.817
Gold Coast,1200,1-3,soft,1-3m,11,1.475
Gold Coast,1200,1-3,soft,4-6m,51,1.941
Gold Coast,1200,1-3,soft,7-9m,37,1.62
Gold Coast,1200,1-3,soft,true,69,1.826
Gold Coast,1200,10-12,dry,1-3m,15,3.413
Gold Coast,1200,10-12,dry,4-6m,8,3.243
Gold Coast,1200,10-12,dry,7-9m,6,3.45
Gold Coast,1200,10-12,dry,true,72,3.722
Gold Coast,1200,10-12,heavy,true,14,3.96
Gold Coast,1200,10-12,soft,1-3m,7,3.05
Gold Coast,1200,10-12,soft,4-6m,18,2.772
Gold Coast,1200,10-12,soft,7-9m,15,3.123
Gold Coast,1200,10-12,soft,true,33,3.971
Gold Coast,1200,13+,dry,1-3m,8,3.142
Gold Coast,1200,13+,dry,4-6m,1,6.548
Gold Coast,1200,13+,dry,true,35,4.414
Gold Coast,1200,13+,heavy,true,8,4.374
Gold Coast,1200,13+,soft,1-3m,6,4.752
Gold Coast,1200,13+,soft,4-6m,1,3.278
Gold Coast,1200,13+,soft,true,19,4.906
Gold Coast,1200,4-6,dry,1-3m,32,2.479
Gold Coast,1200,4-6,dry,4-6m,20,2.491
Gold Coast,1200,4-6,dry,7-9m,19,3.225
Gold Coast,1200,4-6,dry,true,155,2.469
Gold Coast,1200,4-6,heavy,4-6m,2,2.458
Gold Coast,1200,4-6,heavy,true,33,2.692
Gold Coast,1200,4-6,soft,1-3m,12,2.371
Gold Coast,1200,4-6,soft,4-6m,54,2.379
Gold Coast,1200,4-6,soft,7-9m,38,2.351
Gold Coast,1200,4-6,soft,true,67,2.719
Gold Coast,1200,7-9,dry,1-3m,31,3.01
Gold Coast,1200,7-9,dry,4-6m,17,2.804
Gold Coast,1200,7-9,dry,7-9m,15,3.545
Gold Coast,1200,7-9,dry,true,124,3.058
Gold Coast,1200,7-9,heavy,true,30,3.638
Gold Coast,1200,7-9,soft,1-3m,8,2.499
Gold Coast,1200,7-9,soft,4-6m,39,2.97
Gold Coast,1200,7-9,soft,7-9m,31,2.838
Gold Coast,1200,7-9,soft,true,61,3.243
Gold Coast,1300,1-3,dry,1-3m,6,1.835
Gold Coast,1300,1-3,dry,7-9m,6,1.478
Gold Coast,1300,1-3,dry,true,36,1.655
Gold Coast,1300,1-3,heavy,4-6m,3,1.163
Gold Coast,1300,1-3,soft,4-6m,9,1.633
Gold Coast,1300,1-3,soft,7-9m,14,1.77
Gold Coast,1300,1-3,soft,true,17,1.51
Gold Coast,1300,10-12,dry,1-3m,6,3.754
Gold Coast,1300,10-12,dry,7-9m,3,1.424
Gold Coast,1300,10-12,dry,true,28,2.762
Gold Coast,1300,10-12,soft,4-6m,4,3.269
Gold Coast,1300,10-12,soft,7-9m,9,2.929
Gold Coast,1300,10-12,soft,true,15,3.011
Gold Coast,1300,13+,dry,1-3m,9,4.376
Gold Coast,1300,13+,dry,true,27,3.185
Gold Coast,1300,13+,soft,7-9m,4,3.347
Gold Coast,1300,13+,soft,true,9,3.593
Gold Coast,1300,4-6,dry,1-3m,6,2.351
Gold Coast,1300,4-6,dry,7-9m,6,2.02
Gold Coast,1300,4-6,dry,true,36,1.901
Gold Coast,1300,4-6,heavy,4-6m,3,2.607
Gold Coast,1300,4-6,soft,4-6m,9,2.369
Gold Coast,1300,4-6,soft,7-9m,15,2.41
Gold Coast,1300,4-6,soft,true,18,2.069
Gold Coast,1300,7-9,dry,1-3m,6,2.186
Gold Coast,1300,7-9,dry,7-9m,6,2.476
Gold Coast,1300,7-9,dry,true,34,2.315
Gold Coast,1300,7-9,heavy,4-6m,2,1.028
Gold Coast,1300,7-9,soft,4-6m,8,2.457
Gold Coast,1300,7-9,soft,7-9m,15,2.749
Gold Coast,1300,7-9,soft,true,18,2.558
Gold Coast,1400,1-3,dry,1-3m,32,1.86
Gold Coast,1400,1-3,dry,4-6m,36,1.898
Gold Coast,1400,1-3,dry,7-9m,54,2.243
Gold Coast,1400,1-3,dry,true,141,1.955
Gold Coast,1400,1-3,heavy,4-6m,6,1.808
Gold Coast,1400,1-3,heavy,true,26,2.342
Gold Coast,1400,1-3,soft,1-3m,14,1.778
Gold Coast,1400,1-3,soft,4-6m,28,2.028
Gold Coast,1400,1-3,soft,7-9m,38,2.049
Gold Coast,1400,1-3,soft,true,61,2.276
Gold Coast,1400,10-12,dry,1-3m,22,3.901
Gold Coast,1400,10-12,dry,4-6m,15,3.017
Gold Coast,1400,10-12,dry,7-9m,17,3.517
Gold Coast,1400,10-12,dry,true,72,3.637
Gold Coast,1400,10-12,heavy,true,15,4.095
Gold Coast,1400,10-12,soft,1-3m,7,4.252
Gold Coast,1400,10-12,soft,4-6m,14,3.431
Gold Coast,1400,10-12,soft,7-9m,22,3.351
Gold Coast,1400,10-12,soft,true,34,3.762
Gold Coast,1400,13+,dry,1-3m,16,4.822
Gold Coast,1400,13+,dry,4-6m,8,3.662
Gold Coast,1400,13+,dry,7-9m,5,3.697
Gold Coast,1400,13+,dry,true,36,4.266
Gold Coast,1400,13+,heavy,true,2,4.091
Gold Coast,1400,13+,soft,1-3m,4,3.847
Gold Coast,1400,13+,soft,4-6m,7,4.26
Gold Coast,1400,13+,soft,7-9m,2,3.414
Gold Coast,1400,13+,soft,true,13,4.005
Gold Coast,1400,4-6,dry,1-3m,32,2.52
Gold Coast,1400,4-6,dry,4-6m,36,2.435
Gold Coast,1400,4-6,dry,7-9m,54,2.787
Gold Coast,1400,4-6,dry,true,145,2.692
Gold Coast,1400,4-6,heavy,4-6m,6,2.699
Gold Coast,1400,4-6,heavy,true,27,3.193
Gold Coast,1400,4-6,soft,1-3m,15,3.02
Gold Coast,1400,4-6,soft,4-6m,30,2.66
Gold Coast,1400,4-6,soft,7-9m,38,2.559
Gold Coast,1400,4-6,soft,true,62,2.841
Gold Coast,1400,7-9,dry,1-3m,29,3.134
Gold Coast,1400,7-9,dry,4-6m,33,2.964
Gold Coast,1400,7-9,dry,7-9m,40,3.505
Gold Coast,1400,7-9,dry,true,126,3.191
Gold Coast,1400,7-9,heavy,4-6m,2,2.795
Gold Coast,1400,7-9,heavy,true,24,3.654
Gold Coast,1400,7-9,soft,1-3m,13,3.235
Gold Coast,1400,7-9,soft,4-6m,30,3.093
Gold Coast,1400,7-9,soft,7-9m,36,3.027
Gold Coast,1400,7-9,soft,true,55,3.46
Gold Coast,1700,1-3,dry,1-3m,3,2.744
Gold Coast,1700,1-3,dry,7-9m,6,2.303
Gold Coast,1700,1-3,dry,true,27,1.3
Gold Coast,1700,1-3,heavy,true,6,2.025
Gold Coast,1700,1-3,soft,4-6m,9,1.309
Gold Coast,1700,1-3,soft,7-9m,3,1.958
Gold Coast,1700,1-3,soft,true,21,1.701
Gold Coast,1700,10-12,dry,1-3m,1,1.254
Gold Coast,1700,10-12,dry,true,7,2.811
Gold Coast,1700,10-12,heavy,true,1,3.011
Gold Coast,1700,10-12,soft,4-6m,1,2.42
Gold Coast,1700,10-12,soft,true,6,2.495
Gold Coast,1700,4-6,dry,1-3m,3,2.34
Gold Coast,1700,4-6,dry,7-9m,6,2.472
Gold Coast,1700,4-6,dry,true,27,2.037
Gold Coast,1700,4-6,heavy,true,6,2.171
Gold Coast,1700,4-6,soft,4-6m,9,1.941
Gold Coast,1700,4-6,soft,7-9m,3,1.972
Gold Coast,1700,4-6,soft,true,21,1.909
Gold Coast,1700,7-9,dry,1-3m,3,1.565
Gold Coast,1700,7-9,dry,7-9m,3,3.5
Gold Coast,1700,7-9,dry,true,20,2.15
Gold Coast,1700,7-9,heavy,true,6,3.288
Gold Coast,1700,7-9,soft,4-6m,4,1.777
Gold Coast,1700,7-9,soft,7-9m,3,2.151
Gold Coast,1700,7-9,soft,true,15,2.241
Gold Coast,1800,1-3,dry,1-3m,12,1.671
Gold Coast,1800,1-3,dry,4-6m,18,1.629
Gold Coast,1800,1-3,dry,7-9m,29,2.066
Gold Coast,1800,1-3,dry,true,63,1.641
Gold Coast,1800,1-3,heavy,4-6m,3,1.601
Gold Coast,1800,1-3,heavy,true,6,2.201
Gold Coast,1800,1-3,soft,1-3m,6,1.658
Gold Coast,1800,1-3,soft,4-6m,39,2.071
Gold Coast,1800,1-3,soft,7-9m,27,1.365
Gold Coast,1800,1-3,soft,true,33,2.061
Gold Coast,1800,10-12,dry,1-3m,5,2.654
Gold Coast,1800,10-12,dry,4-6m,11,2.91
Gold Coast,1800,10-12,dry,7-9m,7,3.301
Gold Coast,1800,10-12,dry,true,36,3.124
Gold Coast,1800,10-12,heavy,4-6m,1,2.586
Gold Coast,1800,10-12,heavy,true,6,3.253
Gold Coast,1800,10-12,soft,1-3m,1,2.378
Gold Coast,1800,10-12,soft,4-6m,15,2.951
Gold Coast,1800,10-12,soft,7-9m,6,3.279
Gold Coast,1800,10-12,soft,true,21,2.825
Gold Coast,1800,13+,dry,1-3m,1,3.638
Gold Coast,1800,13+,dry,true,11,3.38
Gold Coast,1800,13+,heavy,true,2,3.307
Gold Coast,1800,13+,soft,4-6m,1,5.828
Gold Coast,1800,13+,soft,true,6,3.304
Gold Coast,1800,4-6,dry,1-3m,12,1.935
Gold Coast,1800,4-6,dry,4-6m,18,2.092
Gold Coast,1800,4-6,dry,7-9m,30,2.294
Gold Coast,1800,4-6,dry,true,63,2.329
Gold Coast,1800,4-6,heavy,4-6m,3,2.547
Gold Coast,1800,4-6,heavy,true,6,2.355
Gold Coast,1800,4-6,soft,1-3m,6,2.157
Gold Coast,1800,4-6,soft,4-6m,39,2.28
Gold Coast,1800,4-6,soft,7-9m,27,2.086
Gold Coast,1800,4-6,soft,true,33,2.541
Gold Coast,1800,7-9,dry,1-3m,12,2.443
Gold Coast,1800,7-9,dry,4-6m,18,2.388
Gold Coast,1800,7-9,dry,7-9m,28,2.71
Gold Coast,1800,7-9,dry,true,59,2.737
Gold Coast,1800,7-9,heavy,4-6m,3,3.138
Gold Coast,1800,7-9,heavy,true,6,3.1
Gold Coast,1800,7-9,soft,1-3m,6,3.374
Gold Coast,1800,7-9,soft,4-6m,30,2.73
Gold Coast,1800,7-9,soft,7-9m,21,2.488
Gold Coast,1800,7-9,soft,true,32,2.77
Gold Coast,2000,1-3,dry,1-3m,3,1.998
Gold Coast,2000,1-3,dry,true,3,1.311
Gold Coast,2000,1-3,heavy,true,3,2.379
Gold Coast,2000,1-3,soft,4-6m,3,4.046
Gold Coast,2000,1-3,soft,7-9m,2,2.95
Gold Coast,2000,1-3,soft,true,3,2.6
Gold Coast,2000,10-12,dry,1-3m,1,3.319
Gold Coast,2000,10-12,heavy,true,3,3.139
Gold Coast,2000,10-12,soft,true,1,3.99
Gold Coast,2000,4-6,dry,1-3m,3,1.284
Gold Coast,2000,4-6,dry,true,3,1.466
Gold Coast,2000,4-6,heavy,true,3,2.243
Gold Coast,2000,4-6,soft,4-6m,3,3.712
Gold Coast,2000,4-6,soft,7-9m,3,2.061
Gold Coast,2000,4-6,soft,true,3,2.762
Gold Coast,2000,7-9,dry,1-3m,3,2.33
Gold Coast,2000,7-9,dry,true,3,2.32
Gold Coast,2000,7-9,heavy,true,3,3.727
Gold Coast,2000,7-9,soft,4-6m,3,4.176
Gold Coast,2000,7-9,soft,7-9m,2,1.795
Gold Coast,2000,7-9,soft,true,3,3.186
Gold Coast,2200,1-3,dry,1-3m,9,1.394
Gold Coast,2200,1-3,dry,4-6m,6,2.17
Gold Coast,2200,1-3,dry,true,23,1.569
Gold Coast,2200,1-3,heavy,true,6,1.844
Gold Coast,2200,1-3,soft,1-3m,9,1.306
Gold Coast,2200,1-3,soft,4-6m,6,1.475
Gold Coast,2200,1-3,soft,7-9m,6,1.997
Gold Coast,2200,1-3,soft,true,12,1.649
Gold Coast,2200,10-12,dry,1-3m,6,2.561
Gold Coast,2200,10-12,dry,4-6m,2,3.097
Gold Coast,2200,10-12,dry,true,11,2.292
Gold Coast,2200,10-12,heavy,true,1,2.635
Gold Coast,2200,10-12,soft,1-3m,1,1.761
Gold Coast,2200,10-12,soft,4-6m,3,2.979
Gold Coast,2200,10-12,soft,7-9m,2,2.623
Gold Coast,2200,10-12,soft,true,3,2.846
Gold Coast,2200,13+,dry,1-3m,3,3.04
Gold Coast,2200,13+,dry,true,7,3.52
Gold Coast,2200,13+,soft,true,2,2.235
Gold Coast,2200,4-6,dry,1-3m,9,2.262
Gold Coast,2200,4-6,dry,4-6m,6,2.499
Gold Coast,2200,4-6,dry,true,23,2.037
Gold Coast,2200,4-6,heavy,true,6,2.074
Gold Coast,2200,4-6,soft,1-3m,9,1.805
Gold Coast,2200,4-6,soft,4-6m,6,2.132
Gold Coast,2200,4-6,soft,7-9m,6,2.137
Gold Coast,2200,4-6,soft,true,12,2.174
Gold Coast,2200,7-9,dry,1-3m,5,2.547
Gold Coast,2200,7-9,dry,4-6m,6,2.875
Gold Coast,2200,7-9,dry,true,19,1.971
Gold Coast,2200,7-9,heavy,true,6,2.606
Gold Coast,2200,7-9,soft,1-3m,8,2.139
Gold Coast,2200,7-9,soft,4-6m,5,2.531
Gold Coast,2200,7-9,soft,7-9m,5,2.192
Gold Coast,2200,7-9,soft,true,10,2.236
Gold Coast,2400,1-3,dry,7-9m,6,1.622
Gold Coast,2400,1-3,dry,true,6,1.735
Gold Coast,2400,1-3,heavy,true,3,2.202
Gold Coast,2400,1-3,soft,4-6m,3,1.539
Gold Coast,2400,10-12,dry,7-9m,2,2.153
Gold Coast,2400,10-12,dry,true,2,2.01
Gold Coast,2400,10-12,soft,4-6m,3,2.285
Gold Coast,2400,4-6,dry,7-9m,6,2.063
Gold Coast,2400,4-6,dry,true,6,1.92
Gold Coast,2400,4-6,heavy,true,3,2.965
Gold Coast,2400,4-6,soft,4-6m,3,1.774
Gold Coast,2400,7-9,dry,7-9m,6,2.464
Gold Coast,2400,7-9,dry,true,6,1.832
Gold Coast,2400,7-9,heavy,true,2,2.97
Gold Coast,2400,7-9,soft,4-6m,3,1.968
Gold Coast,3200,1-3,soft,4-6m,2,2.187
Gold Coast,3200,1-3,soft,true,5,1.509
Gold Coast,3200,4-6,soft,4-6m,2,1.28
Gold Coast,3200,4-6,soft,true,6,1.804
Gold Coast,3200,7-9,soft,4-6m,3,1.481
Gold Coast,3200,7-9,soft,true,5,1.964
Ipswich,800,1-3,dry,1-3m,48,1.987
Ipswich,800,1-3,dry,10m+,29,1.588
Ipswich,800,1-3,dry,4-6m,98,2.25
Ipswich,800,1-3,dry,7-9m,24,1.448
Ipswich,800,1-3,dry,true,50,2.559
Ipswich,800,1-3,heavy,4-6m,9,1.363
Ipswich,800,1-3,heavy,7-9m,3,1.482
Ipswich,800,1-3,heavy,true,3,2.451
Ipswich,800,1-3,soft,1-3m,8,1.626
Ipswich,800,1-3,soft,10m+,15,1.394
Ipswich,800,1-3,soft,4-6m,70,2.582
Ipswich,800,1-3,soft,7-9m,44,1.623
Ipswich,800,1-3,soft,true,72,2.716
Ipswich,800,10-12,dry,1-3m,15,5.225
Ipswich,800,10-12,dry,10m+,3,3.953
Ipswich,800,10-12,dry,4-6m,30,4.844
Ipswich,800,10-12,dry,7-9m,3,3.952
Ipswich,800,10-12,dry,true,9,5.338
Ipswich,800,10-12,heavy,4-6m,1,4.955
Ipswich,800,10-12,soft,1-3m,1,2.892
Ipswich,800,10-12,soft,10m+,2,3.409
Ipswich,800,10-12,soft,4-6m,12,6.28
Ipswich,800,10-12,soft,7-9m,6,3.448
Ipswich,800,10-12,soft,true,12,5.62
Ipswich,800,13+,dry,1-3m,2,7.634
Ipswich,800,13+,dry,4-6m,2,5.292
Ipswich,800,13+,soft,4-6m,1,6.44
Ipswich,800,4-6,dry,1-3m,48,2.748
Ipswich,800,4-6,dry,10m+,27,1.952
Ipswich,800,4-6,dry,4-6m,94,2.998
Ipswich,800,4-6,dry,7-9m,24,1.924
Ipswich,800,4-6,dry,true,48,3.741
Ipswich,800,4-6,heavy,4-6m,9,2.643
Ipswich,800,4-6,heavy,7-9m,2,2.441
Ipswich,800,4-6,heavy,true,3,4.519
Ipswich,800,4-6,soft,1-3m,9,2.677
Ipswich,800,4-6,soft,10m+,15,2.136
Ipswich,800,4-6,soft,4-6m,71,3.58
Ipswich,800,4-6,soft,7-9m,45,2.256
Ipswich,800,4-6,soft,true,74,3.548
Ipswich,800,7-9,dry,1-3m,40,3.924
Ipswich,800,7-9,dry,10m+,17,2.707
Ipswich,800,7-9,dry,4-6m,74,4.097
Ipswich,800,7-9,dry,7-9m,17,3.044
Ipswich,800,7-9,dry,true,26,4.596
Ipswich,800,7-9,heavy,4-6m,7,3.96
Ipswich,800,7-9,soft,1-3m,7,3.58
Ipswich,800,7-9,soft,10m+,12,3.221
Ipswich,800,7-9,soft,4-6m,49,4.742
Ipswich,800,7-9,soft,7-9m,30,3.316
Ipswich,800,7-9,soft,true,57,4.684
Ipswich,1100,1-3,dry,1-3m,47,1.296
Ipswich,1100,1-3,dry,10m+,7,1.863
Ipswich,1100,1-3,dry,4-6m,135,1.443
Ipswich,1100,1-3,dry,7-9m,25,1.356
Ipswich,1100,1-3,dry,true,66,1.334
Ipswich,1100,1-3,heavy,4-6m,15,1.18
Ipswich,1100,1-3,heavy,7-9m,13,1.301
Ipswich,1100,1-3,heavy,true,2,1.809
Ipswich,1100,1-3,soft,1-3m,17,1.555
Ipswich,1100,1-3,soft,10m+,52,1.197
Ipswich,1100,1-3,soft,4-6m,47,1.561
Ipswich,1100,1-3,soft,7-9m,38,1.412
Ipswich,1100,1-3,soft,true,45,2.284
Ipswich,1100,10-12,dry,1-3m,6,2.009
Ipswich,1100,10-12,dry,10m+,1,3.536
Ipswich,1100,10-12,dry,4-6m,22,2.254
Ipswich,1100,10-12,dry,7-9m,15,1.845
Ipswich,1100,10-12,dry,true,13,2.24
Ipswich,1100,10-12,heavy,4-6m,3,1.905
Ipswich,1100,10-12,heavy,true,3,2.021
Ipswich,1100,10-12,soft,1-3m,5,1.866
Ipswich,1100,10-12,soft,10m+,6,1.63
Ipswich,1100,10-12,soft,4-6m,10,3.564
Ipswich,1100,10-12,soft,7-9m,9,2.004
Ipswich,1100,10-12,soft,true,10,2.605
Ipswich,1100,13+,dry,1-3m,1,2.746
Ipswich,1100,4-6,dry,1-3m,48,1.542
Ipswich,1100,4-6,dry,10m+,8,1.698
Ipswich,1100,4-6,dry,4-6m,136,1.713
Ipswich,1100,4-6,dry,7-9m,26,1.557
Ipswich,1100,4-6,dry,true,67,1.622
Ipswich,1100,4-6,heavy,4-6m,14,1.521
Ipswich,1100,4-6,heavy,7-9m,15,1.54
Ipswich,1100,4-6,heavy,true,3,1.898
Ipswich,1100,4-6,soft,1-3m,17,1.543
Ipswich,1100,4-6,soft,10m+,58,1.329
Ipswich,1100,4-6,soft,4-6m,45,2.047
Ipswich,1100,4-6,soft,7-9m,41,1.496
Ipswich,1100,4-6,soft,true,45,2.541
Ipswich,1100,7-9,dry,1-3m,35,1.748
Ipswich,1100,7-9,dry,10m+,7,1.852
Ipswich,1100,7-9,dry,4-6m,91,1.873
Ipswich,1100,7-9,dry,7-9m,21,1.495
Ipswich,1100,7-9,dry,true,49,2.025
Ipswich,1100,7-9,heavy,4-6m,12,1.88
Ipswich,1100,7-9,heavy,7-9m,8,1.596
Ipswich,1100,7-9,heavy,true,3,2.361
Ipswich,1100,7-9,soft,1-3m,13,1.576
Ipswich,1100,7-9,soft,10m+,55,1.608
Ipswich,1100,7-9,soft,4-6m,37,2.138
Ipswich,1100,7-9,soft,7-9m,35,1.559
Ipswich,1100,7-9,soft,true,32,2.851
Ipswich,1200,1-3,dry,1-3m,32,1.621
Ipswich,1200,1-3,dry,10m+,36,1.722
Ipswich,1200,1-3,dry,4-6m,163,2.116
Ipswich,1200,1-3,dry,7-9m,38,1.519
Ipswich,1200,1-3,dry,true,77,1.655
Ipswich,1200,1-3,heavy,4-6m,23,1.452
Ipswich,1200,1-3,heavy,7-9m,33,1.4
Ipswich,1200,1-3,heavy,true,3,2.26
Ipswich,1200,1-3,soft,1-3m,21,1.249
Ipswich,1200,1-3,soft,10m+,51,1.284
Ipswich,1200,1-3,soft,4-6m,83,2.96
Ipswich,1200,1-3,soft,7-9m,62,1.303
Ipswich,1200,1-3,soft,true,40,2.515
Ipswich,1200,10-12,dry,1-3m,11,3.14
Ipswich,1200,10-12,dry,10m+,7,2.761
Ipswich,1200,10-12,dry,4-6m,72,3.466
Ipswich,1200,10-12,dry,7-9m,10,2.926
Ipswich,1200,10-12,dry,true,19,3.292
Ipswich,1200,10-12,heavy,4-6m,11,3.152
Ipswich,1200,10-12,heavy,7-9m,6,2.983
Ipswich,1200,10-12,soft,1-3m,14,2.809
Ipswich,1200,10-12,soft,10m+,5,2.578
Ipswich,1200,10-12,soft,4-6m,32,4.098
Ipswich,1200,10-12,soft,7-9m,24,2.474
Ipswich,1200,10-12,soft,true,16,4.167
Ipswich,1200,13+,dry,1-3m,1,4.41
Ipswich,1200,13+,dry,4-6m,8,3.515
Ipswich,1200,13+,soft,1-3m,2,2.796
Ipswich,1200,13+,soft,7-9m,1,4.117
Ipswich,1200,4-6,dry,1-3m,32,2.224
Ipswich,1200,4-6,dry,10m+,43,1.932
Ipswich,1200,4-6,dry,4-6m,167,2.431
Ipswich,1200,4-6,dry,7-9m,40,1.88
Ipswich,1200,4-6,dry,true,80,2.288
Ipswich,1200,4-6,heavy,4-6m,24,2.084
Ipswich,1200,4-6,heavy,7-9m,32,1.839
Ipswich,1200,4-6,heavy,true,3,3.073
Ipswich,1200,4-6,soft,1-3m,23,1.852
Ipswich,1200,4-6,soft,10m+,53,1.752
Ipswich,1200,4-6,soft,4-6m,87,3.439
Ipswich,1200,4-6,soft,7-9m,64,1.691
Ipswich,1200,4-6,soft,true,40,2.764
Ipswich,1200,7-9,dry,1-3m,24,2.296
Ipswich,1200,7-9,dry,10m+,36,2.541
Ipswich,1200,7-9,dry,4-6m,150,2.869
Ipswich,1200,7-9,dry,7-9m,36,2.373
Ipswich,1200,7-9,dry,true,60,2.645
Ipswich,1200,7-9,heavy,4-6m,22,2.535
Ipswich,1200,7-9,heavy,7-9m,20,2.464
Ipswich,1200,7-9,heavy,true,2,4.271
Ipswich,1200,7-9,soft,1-3m,19,2.53
Ipswich,1200,7-9,soft,10m+,29,2.107
Ipswich,1200,7-9,soft,4-6m,71,4.011
Ipswich,1200,7-9,soft,7-9m,61,2.189
Ipswich,1200,7-9,soft,true,33,3.499
Ipswich,1400,1-3,dry,1-3m,87,1.424
Ipswich,1400,1-3,dry,10m+,51,1.335
Ipswich,1400,1-3,dry,4-6m,214,1.933
Ipswich,1400,1-3,dry,7-9m,60,1.204
Ipswich,1400,1-3,dry,true,74,1.365
Ipswich,1400,1-3,heavy,4-6m,23,1.183
Ipswich,1400,1-3,heavy,7-9m,33,1.343
Ipswich,1400,1-3,heavy,true,9,2.273
Ipswich,1400,1-3,soft,1-3m,47,1.319
Ipswich,1400,1-3,soft,10m+,44,1.249
Ipswich,1400,1-3,soft,4-6m,86,1.576
Ipswich,1400,1-3,soft,7-9m,48,1.403
Ipswich,1400,1-3,soft,true,75,2.09
Ipswich,1400,10-12,dry,1-3m,36,2.718
Ipswich,1400,10-12,dry,10m+,5,2.464
Ipswich,1400,10-12,dry,4-6m,114,2.896
Ipswich,1400,10-12,dry,7-9m,29,2.445
Ipswich,1400,10-12,dry,true,44,2.739
Ipswich,1400,10-12,heavy,4-6m,11,2.654
Ipswich,1400,10-12,heavy,7-9m,3,2.691
Ipswich,1400,10-12,heavy,true,6,3.715
Ipswich,1400,10-12,soft,1-3m,28,2.467
Ipswich,1400,10-12,soft,10m+,7,2.281
Ipswich,1400,10-12,soft,4-6m,34,2.684
Ipswich,1400,10-12,soft,7-9m,18,2.344
Ipswich,1400,10-12,soft,true,41,3.942
Ipswich,1400,13+,dry,1-3m,7,3.113
Ipswich,1400,13+,dry,4-6m,30,3.357
Ipswich,1400,13+,dry,true,8,3.506
Ipswich,1400,13+,heavy,4-6m,2,2.916
Ipswich,1400,13+,heavy,true,3,3.589
Ipswich,1400,13+,soft,1-3m,9,3.401
Ipswich,1400,13+,soft,4-6m,5,2.729
Ipswich,1400,13+,soft,7-9m,2,2.071
Ipswich,1400,13+,soft,true,11,3.696
Ipswich,1400,4-6,dry,1-3m,89,1.86
Ipswich,1400,4-6,dry,10m+,53,1.733
Ipswich,1400,4-6,dry,4-6m,222,2.2
Ipswich,1400,4-6,dry,7-9m,72,1.478
Ipswich,1400,4-6,dry,true,73,2.048
Ipswich,1400,4-6,heavy,4-6m,24,1.613
Ipswich,1400,4-6,heavy,7-9m,32,1.709
Ipswich,1400,4-6,heavy,true,9,2.383
Ipswich,1400,4-6,soft,1-3m,46,1.64
Ipswich,1400,4-6,soft,10m+,48,1.397
Ipswich,1400,4-6,soft,4-6m,90,1.95
Ipswich,1400,4-6,soft,7-9m,50,1.518
Ipswich,1400,4-6,soft,true,77,2.321
Ipswich,1400,7-9,dry,1-3m,82,2.136
Ipswich,1400,7-9,dry,10m+,48,2.041
Ipswich,1400,7-9,dry,4-6m,200,2.627
Ipswich,1400,7-9,dry,7-9m,59,1.879
Ipswich,1400,7-9,dry,true,69,2.35
Ipswich,1400,7-9,heavy,4-6m,21,1.996
Ipswich,1400,7-9,heavy,7-9m,19,2.204
Ipswich,1400,7-9,heavy,true,9,2.713
Ipswich,1400,7-9,soft,1-3m,45,2.046
Ipswich,1400,7-9,soft,10m+,39,1.772
Ipswich,1400,7-9,soft,4-6m,76,2.256
Ipswich,1400,7-9,soft,7-9m,45,1.855
Ipswich,1400,7-9,soft,true,76,2.803
Ipswich,1500,1-3,dry,4-6m,9,1.255
Ipswich,1500,1-3,dry,true,6,1.715
Ipswich,1500,1-3,soft,1-3m,3,1.113
Ipswich,1500,10-12,dry,4-6m,2,1.975
Ipswich,1500,4-6,dry,4-6m,10,2.105
Ipswich,1500,4-6,dry,true,6,1.951
Ipswich,1500,4-6,soft,1-3m,2,0.944
Ipswich,1500,7-9,dry,4-6m,6,1.52
Ipswich,1500,7-9,dry,true,5,2.405
Ipswich,1500,7-9,soft,1-3m,3,1.038
Ipswich,1600,1-3,dry,true,3,2.769
Ipswich,1600,1-3,soft,true,3,3.164
Ipswich,1600,4-6,dry,true,3,2.685
Ipswich,1600,4-6,soft,true,3,3.297
Ipswich,1600,7-9,dry,true,1,3.21
Ipswich,1600,7-9,soft,true,3,3.035
Ipswich,1700,1-3,dry,1-3m,44,1.304
Ipswich,1700,1-3,dry,10m+,20,1.391
Ipswich,1700,1-3,dry,4-6m,161,1.694
Ipswich,1700,1-3,dry,7-9m,26,1.307
Ipswich,1700,1-3,dry,true,78,1.218
Ipswich,1700,1-3,heavy,4-6m,21,1.005
Ipswich,1700,1-3,heavy,7-9m,19,1.203
Ipswich,1700,1-3,heavy,true,6,1.49
Ipswich,1700,1-3,soft,1-3m,22,0.945
Ipswich,1700,1-3,soft,10m+,18,1.549
Ipswich,1700,1-3,soft,4-6m,75,1.448
Ipswich,1700,1-3,soft,7-9m,68,1.001
Ipswich,1700,1-3,soft,true,56,1.779
Ipswich,1700,10-12,dry,1-3m,14,1.614
Ipswich,1700,10-12,dry,10m+,7,1.378
Ipswich,1700,10-12,dry,4-6m,73,2.025
Ipswich,1700,10-12,dry,7-9m,11,1.664
Ipswich,1700,10-12,dry,true,31,1.982
Ipswich,1700,10-12,heavy,4-6m,8,1.159
Ipswich,1700,10-12,heavy,7-9m,2,2.251
Ipswich,1700,10-12,soft,1-3m,12,1.032
Ipswich,1700,10-12,soft,10m+,10,1.198
Ipswich,1700,10-12,soft,4-6m,23,1.415
Ipswich,1700,10-12,soft,7-9m,31,1.364
Ipswich,1700,10-12,soft,true,29,1.861
Ipswich,1700,13+,dry,1-3m,2,1.714
Ipswich,1700,13+,dry,4-6m,12,1.452
Ipswich,1700,13+,dry,true,8,1.673
Ipswich,1700,13+,heavy,4-6m,3,1.587
Ipswich,1700,13+,soft,4-6m,7,1.115
Ipswich,1700,13+,soft,true,7,1.109
Ipswich,1700,4-6,dry,1-3m,47,1.318
Ipswich,1700,4-6,dry,10m+,26,1.137
Ipswich,1700,4-6,dry,4-6m,163,1.879
Ipswich,1700,4-6,dry,7-9m,34,1.237
Ipswich,1700,4-6,dry,true,79,1.354
Ipswich,1700,4-6,heavy,4-6m,21,1.393
Ipswich,1700,4-6,heavy,7-9m,20,1.502
Ipswich,1700,4-6,heavy,true,5,1.16
Ipswich,1700,4-6,soft,1-3m,21,1.335
Ipswich,1700,4-6,soft,10m+,22,1.396
Ipswich,1700,4-6,soft,4-6m,74,1.562
Ipswich,1700,4-6,soft,7-9m,70,1.161
Ipswich,1700,4-6,soft,true,55,1.943
Ipswich,1700,7-9,dry,1-3m,37,1.422
Ipswich,1700,7-9,dry,10m+,17,1.238
Ipswich,1700,7-9,dry,4-6m,148,1.818
Ipswich,1700,7-9,dry,7-9m,25,1.183
Ipswich,1700,7-9,dry,true,62,1.515
Ipswich,1700,7-9,heavy,4-6m,17,1.136
Ipswich,1700,7-9,heavy,7-9m,7,1.951
Ipswich,1700,7-9,heavy,true,5,1.072
Ipswich,1700,7-9,soft,1-3m,21,1.272
Ipswich,1700,7-9,soft,10m+,20,1.445
Ipswich,1700,7-9,soft,4-6m,59,1.742
Ipswich,1700,7-9,soft,7-9m,63,1.287
Ipswich,1700,7-9,soft,true,49,1.981
Ipswich,2000,1-3,dry,1-3m,3,1.245
Ipswich,2000,1-3,dry,4-6m,5,2.526
Ipswich,2000,1-3,soft,1-3m,3,1.769
Ipswich,2000,1-3,soft,10m+,3,9.535
Ipswich,2000,1-3,soft,4-6m,3,0.943
Ipswich,2000,1-3,soft,7-9m,8,1.447
Ipswich,2000,1-3,soft,true,3,1.438
Ipswich,2000,10-12,dry,4-6m,1,4.48
Ipswich,2000,10-12,soft,1-3m,1,3.238
Ipswich,2000,10-12,soft,10m+,1,11.113
Ipswich,2000,10-12,soft,4-6m,1,1.033
Ipswich,2000,10-12,soft,true,1,3.054
Ipswich,2000,4-6,dry,1-3m,3,1.494
Ipswich,2000,4-6,dry,4-6m,5,2.492
Ipswich,2000,4-6,soft,1-3m,2,1.908
Ipswich,2000,4-6,soft,10m+,3,9.844
Ipswich,2000,4-6,soft,4-6m,3,2.455
Ipswich,2000,4-6,soft,7-9m,7,1.423
Ipswich,2000,4-6,soft,true,3,1.999
Ipswich,2000,7-9,dry,4-6m,3,3.97
Ipswich,2000,7-9,soft,1-3m,3,1.927
Ipswich,2000,7-9,soft,10m+,3,10.416
Ipswich,2000,7-9,soft,4-6m,3,1.388
Ipswich,2000,7-9,soft,7-9m,7,1.693
Ipswich,2000,7-9,soft,true,3,1.577
Ipswich,2100,1-3,soft,true,3,2.703
Ipswich,2100,4-6,soft,true,3,2.656
Ipswich,2100,7-9,soft,true,3,3.336
Ipswich,2200,1-3,dry,1-3m,15,1.3
Ipswich,2200,1-3,dry,10m+,6,1.538
Ipswich,2200,1-3,dry,4-6m,63,1.621
Ipswich,2200,1-3,dry,7-9m,8,0.985
Ipswich,2200,1-3,dry,true,18,1.486
Ipswich,2200,1-3,heavy,4-6m,6,0.987
Ipswich,2200,1-3,heavy,7-9m,10,1.121
Ipswich,2200,1-3,soft,1-3m,15,1.089
Ipswich,2200,1-3,soft,10m+,11,1.69
Ipswich,2200,1-3,soft,4-6m,24,1.233
Ipswich,2200,1-3,soft,7-9m,13,1.475
Ipswich,2200,1-3,soft,true,31,1.198
Ipswich,2200,10-12,dry,1-3m,3,2.34
Ipswich,2200,10-12,dry,10m+,4,1.974
Ipswich,2200,10-12,dry,4-6m,31,2.267
Ipswich,2200,10-12,dry,7-9m,2,1.984
Ipswich,2200,10-12,dry,true,8,2.553
Ipswich,2200,10-12,heavy,4-6m,3,1.633
Ipswich,2200,10-12,heavy,7-9m,7,1.978
Ipswich,2200,10-12,soft,1-3m,7,2.183
Ipswich,2200,10-12,soft,10m+,6,1.621
Ipswich,2200,10-12,soft,4-6m,13,2.086
Ipswich,2200,10-12,soft,7-9m,7,1.933
Ipswich,2200,10-12,soft,true,11,2.484
Ipswich,2200,13+,dry,1-3m,1,2.76
Ipswich,2200,13+,dry,4-6m,10,2.523
Ipswich,2200,13+,soft,4-6m,4,1.921
Ipswich,2200,13+,soft,true,7,2.98
Ipswich,2200,4-6,dry,1-3m,15,1.641
Ipswich,2200,4-6,dry,10m+,15,1.54
Ipswich,2200,4-6,dry,4-6m,68,1.856
Ipswich,2200,4-6,dry,7-9m,9,1.138
Ipswich,2200,4-6,dry,true,18,1.917
Ipswich,2200,4-6,heavy,4-6m,6,1.329
Ipswich,2200,4-6,heavy,7-9m,15,1.47
Ipswich,2200,4-6,soft,1-3m,14,1.544
Ipswich,2200,4-6,soft,10m+,17,1.542
Ipswich,2200,4-6,soft,4-6m,26,1.556
Ipswich,2200,4-6,soft,7-9m,21,1.356
Ipswich,2200,4-6,soft,true,33,1.527
Ipswich,2200,7-9,dry,1-3m,10,2.032
Ipswich,2200,7-9,dry,10m+,9,1.861
Ipswich,2200,7-9,dry,4-6m,56,2.173
Ipswich,2200,7-9,dry,7-9m,8,1.294
Ipswich,2200,7-9,dry,true,18,2.404
Ipswich,2200,7-9,heavy,4-6m,5,1.496
Ipswich,2200,7-9,heavy,7-9m,10,1.827
Ipswich,2200,7-9,soft,1-3m,13,1.954
Ipswich,2200,7-9,soft,10m+,15,1.62
Ipswich,2200,7-9,soft,4-6m,25,1.637
Ipswich,2200,7-9,soft,7-9m,20,1.732
Ipswich,2200,7-9,soft,true,27,2.005
Ipswich,2500,1-3,dry,4-6m,2,1.084
Ipswich,2500,1-3,soft,1-3m,3,1.071
Ipswich,2500,1-3,soft,4-6m,3,1.187
Ipswich,2500,10-12,dry,4-6m,6,1.435
Ipswich,2500,10-12,soft,1-3m,3,2.302
Ipswich,2500,13+,dry,4-6m,4,1.545
Ipswich,2500,13+,soft,1-3m,3,2.584
Ipswich,2500,4-6,dry,4-6m,6,1.197
Ipswich,2500,4-6,soft,1-3m,3,1.831
Ipswich,2500,4-6,soft,4-6m,3,1.352
Ipswich,2500,7-9,dry,4-6m,5,1.49
Ipswich,2500,7-9,soft,1-3m,3,1.547
Ipswich,2500,7-9,soft,4-6m,3,1.127
Kilcoy,800,1-3,dry,true,21,1.971
Kilcoy,800,1-3,soft,true,18,1.815
Kilcoy,800,10-12,dry,true,1,4.478
Kilcoy,800,10-12,soft,true,2,4.088
Kilcoy,800,4-6,dry,true,20,3.2
Kilcoy,800,4-6,soft,true,18,3.069
Kilcoy,800,7-9,dry,true,20,4.051
Kilcoy,800,7-9,soft,true,12,3.557
Kilcoy,1200,1-3,dry,true,52,1.661
Kilcoy,1200,1-3,heavy,true,9,2.19
Kilcoy,1200,1-3,soft,true,70,1.72
Kilcoy,1200,10-12,dry,true,22,3.806
Kilcoy,1200,10-12,heavy,true,5,3.649
Kilcoy,1200,10-12,soft,true,22,3.532
Kilcoy,1200,4-6,dry,true,53,2.348
Kilcoy,1200,4-6,heavy,true,9,2.598
Kilcoy,1200,4-6,soft,true,70,2.457
Kilcoy,1200,7-9,dry,true,48,3.371
Kilcoy,1200,7-9,heavy,true,8,3.358
Kilcoy,1200,7-9,soft,true,50,2.908
Kilcoy,1500,1-3,dry,true,36,1.697
Kilcoy,1500,1-3,soft,true,42,1.553
Kilcoy,1500,10-12,dry,true,7,2.734
Kilcoy,1500,10-12,soft,true,7,2.812
Kilcoy,1500,4-6,dry,true,36,2.021
Kilcoy,1500,4-6,soft,true,45,1.952
Kilcoy,1500,7-9,dry,true,35,2.354
Kilcoy,1500,7-9,soft,true,35,2.447
Kilcoy,1900,1-3,dry,true,14,1.434
Kilcoy,1900,1-3,heavy,true,3,1.644
Kilcoy,1900,1-3,soft,true,27,1.38
Kilcoy,1900,10-12,dry,true,7,2.142
Kilcoy,1900,10-12,heavy,true,1,2.479
Kilcoy,1900,10-12,soft,true,11,2.462
Kilcoy,1900,4-6,dry,true,15,1.74
Kilcoy,1900,4-6,heavy,true,3,1.865
Kilcoy,1900,4-6,soft,true,27,1.791
Kilcoy,1900,7-9,dry,true,15,2.024
Kilcoy,1900,7-9,heavy,true,3,2.033
Kilcoy,1900,7-9,soft,true,25,2.239
Mackay,1000,1-3,dry,1-3m,24,1.757
Mackay,1000,1-3,dry,true,93,1.766
Mackay,1000,1-3,soft,true,33,1.88
Mackay,1000,10-12,dry,1-3m,3,2.775
Mackay,1000,10-12,dry,true,18,3.132
Mackay,1000,10-12,soft,true,7,2.949
Mackay,1000,4-6,dry,1-3m,24,2.319
Mackay,1000,4-6,dry,true,90,2.572
Mackay,1000,4-6,soft,true,32,2.225
Mackay,1000,7-9,dry,1-3m,22,2.807
Mackay,1000,7-9,dry,true,65,3.089
Mackay,1000,7-9,soft,true,25,2.681
Mackay,1100,1-3,dry,1-3m,38,1.6
Mackay,1100,1-3,dry,4-6m,3,2.191
Mackay,1100,1-3,dry,true,230,1.73
Mackay,1100,1-3,heavy,true,3,1.401
Mackay,1100,1-3,soft,1-3m,18,1.952
Mackay,1100,1-3,soft,true,41,1.77
Mackay,1100,10-12,dry,1-3m,4,3.243
Mackay,1100,10-12,dry,4-6m,1,5.018
Mackay,1100,10-12,dry,true,77,3.24
Mackay,1100,10-12,soft,1-3m,1,3.572
Mackay,1100,10-12,soft,true,11,3.242
Mackay,1100,13+,dry,true,7,2.999
Mackay,1100,13+,soft,true,2,2.691
Mackay,1100,4-6,dry,1-3m,38,2.15
Mackay,1100,4-6,dry,4-6m,3,2.283
Mackay,1100,4-6,dry,true,227,2.377
Mackay,1100,4-6,heavy,true,3,3.181
Mackay,1100,4-6,soft,1-3m,17,2.763
Mackay,1100,4-6,soft,true,40,2.271
Mackay,1100,7-9,dry,1-3m,35,2.538
Mackay,1100,7-9,dry,4-6m,3,2.997
Mackay,1100,7-9,dry,true,186,2.693
Mackay,1100,7-9,heavy,true,2,3.837
Mackay,1100,7-9,soft,1-3m,10,3.977
Mackay,1100,7-9,soft,true,24,2.71
Mackay,1200,1-3,dry,1-3m,36,1.631
Mackay,1200,1-3,dry,4-6m,3,1.539
Mackay,1200,1-3,dry,true,196,1.867
Mackay,1200,1-3,heavy,true,9,2.041
Mackay,1200,1-3,soft,1-3m,18,2.122
Mackay,1200,1-3,soft,true,51,1.863
Mackay,1200,10-12,dry,1-3m,10,3.523
Mackay,1200,10-12,dry,4-6m,1,2.618
Mackay,1200,10-12,dry,true,58,3.517
Mackay,1200,10-12,soft,true,12,3.794
Mackay,1200,13+,dry,true,7,4.345
Mackay,1200,13+,soft,true,1,5.242
Mackay,1200,4-6,dry,1-3m,36,2.412
Mackay,1200,4-6,dry,4-6m,3,1.586
Mackay,1200,4-6,dry,true,198,2.657
Mackay,1200,4-6,heavy,true,9,3.008
Mackay,1200,4-6,soft,1-3m,18,2.632
Mackay,1200,4-6,soft,true,50,2.67
Mackay,1200,7-9,dry,1-3m,33,2.99
Mackay,1200,7-9,dry,4-6m,3,2.938
Mackay,1200,7-9,dry,true,140,3.144
Mackay,1200,7-9,heavy,true,6,2.545
Mackay,1200,7-9,soft,1-3m,7,3.999
Mackay,1200,7-9,soft,true,31,3.341
Mackay,1300,1-3,dry,1-3m,40,1.677
Mackay,1300,1-3,dry,4-6m,9,1.848
Mackay,1300,1-3,dry,true,211,1.864
Mackay,1300,1-3,heavy,true,3,1.403
Mackay,1300,1-3,soft,1-3m,12,1.896
Mackay,1300,1-3,soft,true,49,1.845
Mackay,1300,10-12,dry,1-3m,15,2.579
Mackay,1300,10-12,dry,4-6m,1,2.868
Mackay,1300,10-12,dry,true,82,3.189
Mackay,1300,10-12,soft,1-3m,3,5.181
Mackay,1300,10-12,soft,true,14,2.711
Mackay,1300,13+,dry,true,14,3.488
Mackay,1300,13+,soft,true,6,2.72
Mackay,1300,4-6,dry,1-3m,41,2.194
Mackay,1300,4-6,dry,4-6m,9,2.089
Mackay,1300,4-6,dry,true,212,2.476
Mackay,1300,4-6,heavy,true,3,2.545
Mackay,1300,4-6,soft,1-3m,11,2.094
Mackay,1300,4-6,soft,true,50,2.366
Mackay,1300,7-9,dry,1-3m,34,2.56
Mackay,1300,7-9,dry,4-6m,5,2.183
Mackay,1300,7-9,dry,true,178,2.824
Mackay,1300,7-9,soft,1-3m,8,3.005
Mackay,1300,7-9,soft,true,35,2.717
Mackay,1600,1-3,dry,1-3m,45,1.896
Mackay,1600,1-3,dry,4-6m,3,2.25
Mackay,1600,1-3,dry,true,186,2.028
Mackay,1600,1-3,heavy,true,3,1.92
Mackay,1600,1-3,soft,1-3m,9,2.083
Mackay,1600,1-3,soft,true,39,1.945
Mackay,1600,10-12,dry,1-3m,14,3.428
Mackay,1600,10-12,dry,true,39,3.576
Mackay,1600,10-12,soft,true,5,3.748
Mackay,1600,13+,dry,true,7,4.144
Mackay,1600,4-6,dry,1-3m,44,2.466
Mackay,1600,4-6,dry,4-6m,3,2.293
Mackay,1600,4-6,dry,true,183,2.645
Mackay,1600,4-6,heavy,true,3,2.204
Mackay,1600,4-6,soft,1-3m,9,2.6
Mackay,1600,4-6,soft,true,34,2.501
Mackay,1600,7-9,dry,1-3m,41,2.888
Mackay,1600,7-9,dry,4-6m,2,2.782
Mackay,1600,7-9,dry,true,119,3.126
Mackay,1600,7-9,soft,1-3m,7,3.01
Mackay,1600,7-9,soft,true,21,3.069
Mackay,1800,1-3,dry,1-3m,15,1.766
Mackay,1800,1-3,dry,4-6m,3,1.769
Mackay,1800,1-3,dry,true,73,2.014
Mackay,1800,1-3,heavy,true,3,1.89
Mackay,1800,1-3,soft,1-3m,5,4.072
Mackay,1800,1-3,soft,true,12,2.165
Mackay,1800,10-12,dry,1-3m,4,2.594
Mackay,1800,10-12,dry,4-6m,1,2.666
Mackay,1800,10-12,dry,true,22,3.068
Mackay,1800,10-12,soft,true,2,3.312
Mackay,1800,13+,dry,true,6,4.074
Mackay,1800,4-6,dry,1-3m,15,2.399
Mackay,1800,4-6,dry,4-6m,3,2.79
Mackay,1800,4-6,dry,true,70,2.442
Mackay,1800,4-6,heavy,true,3,2.292
Mackay,1800,4-6,soft,1-3m,6,4.385
Mackay,1800,4-6,soft,true,14,2.288
Mackay,1800,7-9,dry,1-3m,13,2.401
Mackay,1800,7-9,dry,4-6m,3,2.688
Mackay,1800,7-9,dry,true,52,2.724
Mackay,1800,7-9,soft,1-3m,1,4.221
Mackay,1800,7-9,soft,true,9,2.986
Mackay,2000,1-3,dry,1-3m,3,2.978
Mackay,2000,1-3,dry,true,32,1.841
Mackay,2000,1-3,soft,true,3,2.528
Mackay,2000,10-12,dry,true,18,3.093
Mackay,2000,13+,dry,true,6,2.958
Mackay,2000,4-6,dry,1-3m,3,1.811
Mackay,2000,4-6,dry,true,32,2.358
Mackay,2000,4-6,soft,true,3,2.706
Mackay,2000,7-9,dry,1-3m,1,3.287
Mackay,2000,7-9,dry,true,26,2.446
Moonee Valley,900,1-3,dry,4-6m,6,2.215
Moonee Valley,900,1-3,soft,1-3m,3,2.22
Moonee Valley,900,10-12,dry,4-6m,1,4.49
Moonee Valley,900,4-6,dry,4-6m,6,3.108
Moonee Valley,900,4-6,soft,1-3m,3,4.697
Moonee Valley,900,7-9,dry,4-6m,6,4.993
Moonee Valley,900,7-9,soft,1-3m,3,4.813
Moonee Valley,1000,1-3,dry,1-3m,36,2.816
Moonee Valley,1000,1-3,dry,4-6m,123,2.631
Moonee Valley,1000,1-3,dry,7-9m,41,2.202
Moonee Valley,1000,1-3,dry,true,147,2.481
Moonee Valley,1000,1-3,heavy,4-6m,6,2.962
Moonee Valley,1000,1-3,heavy,true,6,5.073
Moonee Valley,1000,1-3,soft,1-3m,12,2.59
Moonee Valley,1000,1-3,soft,4-6m,11,2.941
Moonee Valley,1000,1-3,soft,7-9m,23,2.143
Moonee Valley,1000,1-3,soft,true,54,2.824
Moonee Valley,1000,10-12,dry,1-3m,7,4.367
Moonee Valley,1000,10-12,dry,4-6m,21,4.959
Moonee Valley,1000,10-12,dry,7-9m,2,5.76
Moonee Valley,1000,10-12,dry,true,35,5.355
Moonee Valley,1000,10-12,soft,1-3m,1,4.99
Moonee Valley,1000,10-12,soft,4-6m,5,3.308
Moonee Valley,1000,10-12,soft,7-9m,3,4.837
Moonee Valley,1000,10-12,soft,true,14,4.562
Moonee Valley,1000,13+,dry,true,3,4.633
Moonee Valley,1000,13+,soft,true,1,0.68
Moonee Valley,1000,4-6,dry,1-3m,35,2.941
Moonee Valley,1000,4-6,dry,4-6m,121,3.216
Moonee Valley,1000,4-6,dry,7-9m,42,2.442
Moonee Valley,1000,4-6,dry,true,145,3.47
Moonee Valley,1000,4-6,heavy,4-6m,6,5.007
Moonee Valley,1000,4-6,heavy,true,6,5.287
Moonee Valley,1000,4-6,soft,1-3m,12,2.832
Moonee Valley,1000,4-6,soft,4-6m,12,4.245
Moonee Valley,1000,4-6,soft,7-9m,24,3.032
Moonee Valley,1000,4-6,soft,true,54,3.873
Moonee Valley,1000,7-9,dry,1-3m,25,4.708
Moonee Valley,1000,7-9,dry,4-6m,82,3.888
Moonee Valley,1000,7-9,dry,7-9m,27,3.312
Moonee Valley,1000,7-9,dry,true,97,3.999
Moonee Valley,1000,7-9,heavy,4-6m,3,3.713
Moonee Valley,1000,7-9,heavy,true,2,5.66
Moonee Valley,1000,7-9,soft,1-3m,10,4.845
Moonee Valley,1000,7-9,soft,4-6m,9,3.998
Moonee Valley,1000,7-9,soft,7-9m,22,4.134
Moonee Valley,1000,7-9,soft,true,39,4.657
Moonee Valley,1200,1-3,dry,1-3m,77,2.922
Moonee Valley,1200,1-3,dry,4-6m,158,2.796
Moonee Valley,1200,1-3,dry,7-9m,53,1.953
Moonee Valley,1200,1-3,dry,true,276,3.076
Moonee Valley,1200,1-3,heavy,4-6m,21,2.523
Moonee Valley,1200,1-3,heavy,true,9,4.646
Moonee Valley,1200,1-3,soft,1-3m,17,2.103
Moonee Valley,1200,1-3,soft,4-6m,24,2.559
Moonee Valley,1200,1-3,soft,7-9m,33,2.181
Moonee Valley,1200,1-3,soft,true,79,3.133
Moonee Valley,1200,10-12,dry,1-3m,28,4.516
Moonee Valley,1200,10-12,dry,4-6m,35,4.308
Moonee Valley,1200,10-12,dry,7-9m,7,4.653
Moonee Valley,1200,10-12,dry,true,64,5.082
Moonee Valley,1200,10-12,heavy,4-6m,3,6.22
Moonee Valley,1200,10-12,heavy,true,2,6.06
Moonee Valley,1200,10-12,soft,1-3m,7,5.064
Moonee Valley,1200,10-12,soft,4-6m,3,2.217
Moonee Valley,1200,10-12,soft,7-9m,6,4.71
Moonee Valley,1200,10-12,soft,true,39,4.958
Moonee Valley,1200,13+,dry,1-3m,2,6.44
Moonee Valley,1200,13+,dry,true,6,7.472
Moonee Valley,1200,13+,soft,1-3m,2,9.175
Moonee Valley,1200,13+,soft,true,5,4.096
Moonee Valley,1200,4-6,dry,1-3m,78,3.648
Moonee Valley,1200,4-6,dry,4-6m,161,3.394
Moonee Valley,1200,4-6,dry,7-9m,52,3.04
Moonee Valley,1200,4-6,dry,true,277,3.952
Moonee Valley,1200,4-6,heavy,4-6m,20,4.435
Moonee Valley,1200,4-6,heavy,true,9,4.903
Moonee Valley,1200,4-6,soft,1-3m,17,3.971
Moonee Valley,1200,4-6,soft,4-6m,24,3.5
Moonee Valley,1200,4-6,soft,7-9m,33,3.147
Moonee Valley,1200,4-6,soft,true,83,3.883
Moonee Valley,1200,7-9,dry,1-3m,54,4.509
Moonee Valley,1200,7-9,dry,4-6m,125,3.704
Moonee Valley,1200,7-9,dry,7-9m,40,2.953
Moonee Valley,1200,7-9,dry,true,219,4.492
Moonee Valley,1200,7-9,heavy,4-6m,11,4.062
Moonee Valley,1200,7-9,heavy,true,7,5.416
Moonee Valley,1200,7-9,soft,1-3m,16,4.606
Moonee Valley,1200,7-9,soft,4-6m,13,3.568
Moonee Valley,1200,7-9,soft,7-9m,24,3.736
Moonee Valley,1200,7-9,soft,true,71,4.058
Moonee Valley,1500,1-3,dry,1-3m,24,3.034
Moonee Valley,1500,1-3,dry,4-6m,45,2.531
Moonee Valley,1500,1-3,dry,7-9m,3,1.73
Moonee Valley,1500,1-3,dry,true,57,3.235
Moonee Valley,1500,1-3,heavy,4-6m,9,2.426
Moonee Valley,1500,1-3,soft,4-6m,12,3.253
Moonee Valley,1500,1-3,soft,7-9m,3,1.313
Moonee Valley,1500,1-3,soft,true,12,2.606
Moonee Valley,1500,10-12,dry,1-3m,7,3.686
Moonee Valley,1500,10-12,dry,4-6m,5,3.702
Moonee Valley,1500,10-12,dry,true,13,4.737
Moonee Valley,1500,10-12,heavy,4-6m,1,6.42
Moonee Valley,1500,10-12,soft,true,1,3.5
Moonee Valley,1500,4-6,dry,1-3m,24,3.775
Moonee Valley,1500,4-6,dry,4-6m,44,3.195
Moonee Valley,1500,4-6,dry,7-9m,3,4.243
Moonee Valley,1500,4-6,dry,true,57,3.5
Moonee Valley,1500,4-6,heavy,4-6m,9,3.929
Moonee Valley,1500,4-6,soft,4-6m,12,3.326
Moonee Valley,1500,4-6,soft,7-9m,3,4.543
Moonee Valley,1500,4-6,soft,true,12,4.104
Moonee Valley,1500,7-9,dry,1-3m,22,3.787
Moonee Valley,1500,7-9,dry,4-6m,37,3.393
Moonee Valley,1500,7-9,dry,7-9m,2,2.905
Moonee Valley,1500,7-9,dry,true,42,5.007
Moonee Valley,1500,7-9,heavy,4-6m,7,2.867
Moonee Valley,1500,7-9,soft,4-6m,5,3.304
Moonee Valley,1500,7-9,soft,7-9m,1,3.09
Moonee Valley,1500,7-9,soft,true,7,4.15
Moonee Valley,1600,1-3,dry,1-3m,22,2.314
Moonee Valley,1600,1-3,dry,4-6m,92,2.566
Moonee Valley,1600,1-3,dry,7-9m,33,2.433
Moonee Valley,1600,1-3,dry,true,172,3.176
Moonee Valley,1600,1-3,heavy,4-6m,12,3.924
Moonee Valley,1600,1-3,heavy,true,9,3.441
Moonee Valley,1600,1-3,soft,1-3m,18,3.487
Moonee Valley,1600,1-3,soft,4-6m,12,4.02
Moonee Valley,1600,1-3,soft,7-9m,23,2.366
Moonee Valley,1600,1-3,soft,true,81,3.604
Moonee Valley,1600,10-12,dry,1-3m,5,5.044
Moonee Valley,1600,10-12,dry,4-6m,17,4.226
Moonee Valley,1600,10-12,dry,7-9m,5,3.954
Moonee Valley,1600,10-12,dry,true,41,4.15
Moonee Valley,1600,10-12,heavy,4-6m,3,5.747
Moonee Valley,1600,10-12,soft,1-3m,9,4.496
Moonee Valley,1600,10-12,soft,4-6m,9,4.886
Moonee Valley,1600,10-12,soft,7-9m,3,3.407
Moonee Valley,1600,10-12,soft,true,29,5.272
Moonee Valley,1600,13+,dry,1-3m,2,3.355
Moonee Valley,1600,13+,dry,true,11,3.71
Moonee Valley,1600,13+,soft,1-3m,3,7.77
Moonee Valley,1600,13+,soft,true,8,5.886
Moonee Valley,1600,4-6,dry,1-3m,24,3.752
Moonee Valley,1600,4-6,dry,4-6m,93,3.443
Moonee Valley,1600,4-6,dry,7-9m,33,2.781
Moonee Valley,1600,4-6,dry,true,171,3.695
Moonee Valley,1600,4-6,heavy,4-6m,12,4.677
Moonee Valley,1600,4-6,heavy,true,9,4.779
Moonee Valley,1600,4-6,soft,1-3m,17,3.413
Moonee Valley,1600,4-6,soft,4-6m,12,4.983
Moonee Valley,1600,4-6,soft,7-9m,24,2.348
Moonee Valley,1600,4-6,soft,true,80,4.05
Moonee Valley,1600,7-9,dry,1-3m,17,4.475
Moonee Valley,1600,7-9,dry,4-6m,64,4.033
Moonee Valley,1600,7-9,dry,7-9m,25,3.433
Moonee Valley,1600,7-9,dry,true,137,3.943
Moonee Valley,1600,7-9,heavy,4-6m,9,3.644
Moonee Valley,1600,7-9,heavy,true,8,4.924
Moonee Valley,1600,7-9,soft,1-3m,14,4.934
Moonee Valley,1600,7-9,soft,4-6m,12,4.232
Moonee Valley,1600,7-9,soft,7-9m,17,2.796
Moonee Valley,1600,7-9,soft,true,65,4.337
Moonee Valley,2000,1-3,dry,1-3m,30,2.948
Moonee Valley,2000,1-3,dry,4-6m,69,2.929
Moonee Valley,2000,1-3,dry,7-9m,15,3.383
Moonee Valley,2000,1-3,dry,true,158,3.252
Moonee Valley,2000,1-3,heavy,4-6m,9,3.252
Moonee Valley,2000,1-3,heavy,true,6,4.697
Moonee Valley,2000,1-3,soft,1-3m,9,2.912
Moonee Valley,2000,1-3,soft,4-6m,9,2.568
Moonee Valley,2000,1-3,soft,7-9m,15,2.577
Moonee Valley,2000,1-3,soft,true,48,3.042
Moonee Valley,2000,10-12,dry,1-3m,4,7.435
Moonee Valley,2000,10-12,dry,4-6m,18,2.93
Moonee Valley,2000,10-12,dry,7-9m,2,4.89
Moonee Valley,2000,10-12,dry,true,53,4.217
Moonee Valley,2000,10-12,heavy,4-6m,1,4.64
Moonee Valley,2000,10-12,heavy,true,3,9.65
Moonee Valley,2000,10-12,soft,1-3m,4,2.665
Moonee Valley,2000,10-12,soft,4-6m,4,5.075
Moonee Valley,2000,10-12,soft,7-9m,1,0.82
Moonee Valley,2000,10-12,soft,true,17,5.218
Moonee Valley,2000,13+,dry,true,8,4.139
Moonee Valley,2000,13+,soft,1-3m,1,2.59
Moonee Valley,2000,13+,soft,true,2,5.73
Moonee Valley,2000,4-6,dry,1-3m,30,4.024
Moonee Valley,2000,4-6,dry,4-6m,68,3.157
Moonee Valley,2000,4-6,dry,7-9m,15,2.925
Moonee Valley,2000,4-6,dry,true,157,4.059
Moonee Valley,2000,4-6,heavy,4-6m,9,4.258
Moonee Valley,2000,4-6,heavy,true,6,4.545
Moonee Valley,2000,4-6,soft,1-3m,9,4.443
Moonee Valley,2000,4-6,soft,4-6m,9,2.244
Moonee Valley,2000,4-6,soft,7-9m,15,2.039
Moonee Valley,2000,4-6,soft,true,48,3.925
Moonee Valley,2000,7-9,dry,1-3m,25,3.738
Moonee Valley,2000,7-9,dry,4-6m,57,3.572
Moonee Valley,2000,7-9,dry,7-9m,15,3.877
Moonee Valley,2000,7-9,dry,true,124,3.506
Moonee Valley,2000,7-9,heavy,4-6m,6,3.817
Moonee Valley,2000,7-9,heavy,true,6,5.22
Moonee Valley,2000,7-9,soft,1-3m,8,4.414
Moonee Valley,2000,7-9,soft,4-6m,7,2.624
Moonee Valley,2000,7-9,soft,7-9m,13,2.993
Moonee Valley,2000,7-9,soft,true,41,3.796
Moonee Valley,2500,1-3,dry,1-3m,9,4.002
Moonee Valley,2500,1-3,dry,4-6m,27,2.962
Moonee Valley,2500,1-3,dry,7-9m,9,2.557
Moonee Valley,2500,1-3,dry,true,45,2.836
Moonee Valley,2500,1-3,heavy,4-6m,3,2.397
Moonee Valley,2500,1-3,heavy,true,3,2.527
Moonee Valley,2500,1-3,soft,1-3m,8,3.63
Moonee Valley,2500,1-3,soft,4-6m,9,3.181
Moonee Valley,2500,1-3,soft,true,15,2.887
Moonee Valley,2500,10-12,dry,1-3m,5,2.634
Moonee Valley,2500,10-12,dry,4-6m,10,3.299
Moonee Valley,2500,10-12,dry,true,18,3.902
Moonee Valley,2500,10-12,heavy,true,3,4.517
Moonee Valley,2500,10-12,soft,1-3m,7,3.337
Moonee Valley,2500,10-12,soft,4-6m,1,3.07
Moonee Valley,2500,10-12,soft,true,9,4.322
Moonee Valley,2500,13+,dry,4-6m,1,7.07
Moonee Valley,2500,13+,dry,true,4,2.582
Moonee Valley,2500,13+,soft,true,3,4.103
Moonee Valley,2500,4-6,dry,1-3m,9,2.513
Moonee Valley,2500,4-6,dry,4-6m,27,3.954
Moonee Valley,2500,4-6,dry,7-9m,9,2.64
Moonee Valley,2500,4-6,dry,true,45,3.283
Moonee Valley,2500,4-6,heavy,4-6m,3,3.753
Moonee Valley,2500,4-6,heavy,true,3,4.423
Moonee Valley,2500,4-6,soft,1-3m,8,3.098
Moonee Valley,2500,4-6,soft,4-6m,9,2.987
Moonee Valley,2500,4-6,soft,true,15,3.624
Moonee Valley,2500,7-9,dry,1-3m,6,3.915
Moonee Valley,2500,7-9,dry,4-6m,27,4.019
Moonee Valley,2500,7-9,dry,7-9m,3,3.18
Moonee Valley,2500,7-9,dry,true,38,3.619
Moonee Valley,2500,7-9,heavy,4-6m,3,2.757
Moonee Valley,2500,7-9,heavy,true,3,4.233
Moonee Valley,2500,7-9,soft,1-3m,9,4.558
Moonee Valley,2500,7-9,soft,4-6m,6,1.893
Moonee Valley,2500,7-9,soft,true,14,4.057
Moonee Valley,3000,1-3,dry,1-3m,6,2.307
Moonee Valley,3000,1-3,dry,4-6m,21,2.306
Moonee Valley,3000,1-3,dry,7-9m,6,2.185
Moonee Valley,3000,1-3,dry,true,14,3.596
Moonee Valley,3000,1-3,soft,7-9m,4,1.962
Moonee Valley,3000,10-12,dry,1-3m,3,3.493
Moonee Valley,3000,10-12,dry,4-6m,6,2.793
Moonee Valley,3000,10-12,dry,7-9m,1,1.9
Moonee Valley,3000,10-12,dry,true,4,3.385
Moonee Valley,3000,10-12,soft,7-9m,1,2.31
Moonee Valley,3000,13+,dry,true,2,4.775
Moonee Valley,3000,4-6,dry,1-3m,6,3.36
Moonee Valley,3000,4-6,dry,4-6m,21,2.388
Moonee Valley,3000,4-6,dry,7-9m,5,3.554
Moonee Valley,3000,4-6,dry,true,15,3.287
Moonee Valley,3000,4-6,soft,7-9m,5,2.894
Moonee Valley,3000,7-9,dry,1-3m,5,2.606
Moonee Valley,3000,7-9,dry,4-6m,14,3.373
Moonee Valley,3000,7-9,dry,7-9m,6,3.817
Moonee Valley,3000,7-9,dry,true,14,3.168
Moonee Valley,3000,7-9,soft,7-9m,4,3.44
Mornington,1000,1-3,dry,1-3m,9,3.408
Mornington,1000,1-3,dry,7-9m,21,1.841
Mornington,1000,1-3,dry,true,30,1.851
Mornington,1000,1-3,heavy,true,3,0.943
Mornington,1000,1-3,soft,4-6m,27,2.278
Mornington,1000,1-3,soft,7-9m,12,2.511
Mornington,1000,1-3,soft,true,3,3.657
Mornington,1000,10-12,dry,true,5,3.078
Mornington,1000,10-12,heavy,true,3,5.923
Mornington,1000,10-12,soft,4-6m,5,3.9
Mornington,1000,10-12,soft,true,2,6.5
Mornington,1000,4-6,dry,1-3m,9,3.267
Mornington,1000,4-6,dry,7-9m,21,2.667
Mornington,1000,4-6,dry,true,30,3.542
Mornington,1000,4-6,heavy,true,3,5.367
Mornington,1000,4-6,soft,4-6m,27,3.142
Mornington,1000,4-6,soft,7-9m,12,2.951
Mornington,1000,4-6,soft,true,3,3.083
Mornington,1000,7-9,dry,1-3m,6,4.89
Mornington,1000,7-9,dry,7-9m,17,3.118
Mornington,1000,7-9,dry,true,20,4.512
Mornington,1000,7-9,heavy,true,3,5.667
Mornington,1000,7-9,soft,4-6m,22,3.399
Mornington,1000,7-9,soft,7-9m,10,3.533
Mornington,1000,7-9,soft,true,3,6.507
Mornington,1200,1-3,dry,1-3m,12,2.128
Mornington,1200,1-3,dry,4-6m,12,4.001
Mornington,1200,1-3,dry,7-9m,30,2.232
Mornington,1200,1-3,dry,true,45,2.859
Mornington,1200,1-3,heavy,true,6,2.018
Mornington,1200,1-3,soft,4-6m,24,1.752
Mornington,1200,1-3,soft,7-9m,15,2.071
Mornington,1200,1-3,soft,true,6,3.912
Mornington,1200,10-12,dry,1-3m,2,2.21
Mornington,1200,10-12,dry,4-6m,1,1.35
Mornington,1200,10-12,dry,7-9m,10,3.794
Mornington,1200,10-12,dry,true,14,3.519
Mornington,1200,10-12,heavy,true,2,3.11
Mornington,1200,10-12,soft,4-6m,9,5.783
Mornington,1200,10-12,soft,7-9m,5,2.858
Mornington,1200,10-12,soft,true,2,6.435
Mornington,1200,13+,dry,true,1,6.83
Mornington,1200,13+,soft,4-6m,2,6.025
Mornington,1200,4-6,dry,1-3m,12,3.374
Mornington,1200,4-6,dry,4-6m,12,4.144
Mornington,1200,4-6,dry,7-9m,30,2.787
Mornington,1200,4-6,dry,true,44,3.347
Mornington,1200,4-6,heavy,true,6,2.0
Mornington,1200,4-6,soft,4-6m,24,2.905
Mornington,1200,4-6,soft,7-9m,15,3.301
Mornington,1200,4-6,soft,true,6,3.648
Mornington,1200,7-9,dry,1-3m,8,4.352
Mornington,1200,7-9,dry,4-6m,7,4.299
Mornington,1200,7-9,dry,7-9m,24,3.707
Mornington,1200,7-9,dry,true,38,3.736
Mornington,1200,7-9,heavy,true,6,3.845
Mornington,1200,7-9,soft,4-6m,20,3.553
Mornington,1200,7-9,soft,7-9m,12,3.571
Mornington,1200,7-9,soft,true,6,4.103
Mornington,1500,1-3,dry,1-3m,9,1.547
Mornington,1500,1-3,dry,4-6m,3,2.177
Mornington,1500,1-3,dry,7-9m,30,1.906
Mornington,1500,1-3,dry,true,6,1.982
Mornington,1500,1-3,soft,4-6m,12,1.973
Mornington,1500,1-3,soft,7-9m,9,3.238
Mornington,1500,10-12,dry,1-3m,3,5.063
Mornington,1500,10-12,dry,7-9m,13,3.7
Mornington,1500,10-12,dry,true,4,2.122
Mornington,1500,10-12,soft,4-6m,10,5.31
Mornington,1500,10-12,soft,7-9m,5,2.006
Mornington,1500,13+,dry,1-3m,1,0.83
Mornington,1500,13+,dry,true,1,2.95
Mornington,1500,4-6,dry,1-3m,9,3.633
Mornington,1500,4-6,dry,4-6m,3,2.61
Mornington,1500,4-6,dry,7-9m,30,3.472
Mornington,1500,4-6,dry,true,6,4.838
Mornington,1500,4-6,soft,4-6m,12,2.685
Mornington,1500,4-6,soft,7-9m,9,3.49
Mornington,1500,7-9,dry,1-3m,6,3.292
Mornington,1500,7-9,dry,4-6m,3,3.237
Mornington,1500,7-9,dry,7-9m,25,2.782
Mornington,1500,7-9,dry,true,6,4.207
Mornington,1500,7-9,soft,4-6m,12,4.118
Mornington,1500,7-9,soft,7-9m,8,3.891
Mornington,1600,1-3,dry,true,25,2.599
Mornington,1600,1-3,soft,true,3,2.397
Mornington,1600,10-12,dry,true,5,3.246
Mornington,1600,10-12,soft,true,2,4.2
Mornington,1600,4-6,dry,true,27,3.488
Mornington,1600,4-6,soft,true,3,4.193
Mornington,1600,7-9,dry,true,19,3.957
Mornington,1600,7-9,soft,true,3,3.877
Mornington,2000,1-3,dry,1-3m,9,2.953
Mornington,2000,1-3,dry,4-6m,3,1.093
Mornington,2000,1-3,dry,7-9m,9,2.15
Mornington,2000,1-3,dry,true,12,2.811
Mornington,2000,1-3,soft,4-6m,6,3.125
Mornington,2000,1-3,soft,7-9m,3,2.16
Mornington,2000,1-3,soft,true,3,2.383
Mornington,2000,10-12,dry,1-3m,2,0.52
Mornington,2000,10-12,dry,4-6m,1,4.83
Mornington,2000,10-12,dry,7-9m,4,3.21
Mornington,2000,10-12,dry,true,3,2.613
Mornington,2000,10-12,soft,4-6m,6,3.232
Mornington,2000,10-12,soft,7-9m,3,5.74
Mornington,2000,10-12,soft,true,2,2.98
Mornington,2000,13+,soft,4-6m,2,2.54
Mornington,2000,13+,soft,7-9m,1,8.21
Mornington,2000,4-6,dry,1-3m,9,2.871
Mornington,2000,4-6,dry,4-6m,3,1.767
Mornington,2000,4-6,dry,7-9m,9,3.254
Mornington,2000,4-6,dry,true,12,3.158
Mornington,2000,4-6,soft,4-6m,6,2.653
Mornington,2000,4-6,soft,7-9m,3,4.323
Mornington,2000,4-6,soft,true,3,2.14
Mornington,2000,7-9,dry,1-3m,5,3.118
Mornington,2000,7-9,dry,4-6m,3,3.797
Mornington,2000,7-9,dry,7-9m,6,3.712
Mornington,2000,7-9,dry,true,10,3.343
Mornington,2000,7-9,soft,4-6m,6,2.58
Mornington,2000,7-9,soft,7-9m,3,1.707
Mornington,2000,7-9,soft,true,3,1.643
Mornington,2400,1-3,dry,1-3m,3,3.103
Mornington,2400,1-3,dry,true,12,2.811
Mornington,2400,1-3,soft,4-6m,3,1.537
Mornington,2400,10-12,dry,true,5,4.444
Mornington,2400,13+,dry,true,2,3.585
Mornington,2400,4-6,dry,1-3m,3,2.3
Mornington,2400,4-6,dry,true,12,1.648
Mornington,2400,4-6,soft,4-6m,3,3.323
Mornington,2400,7-9,dry,1-3m,1,6.42
Mornington,2400,7-9,dry,true,10,3.126
Mornington,2400,7-9,soft,4-6m,2,0.73
Mornington,3000,1-3,dry,4-6m,3,3.07
Mornington,3000,4-6,dry,4-6m,3,3.823
Mornington,3000,7-9,dry,4-6m,1,1.77
Morphettville,1000,1-3,dry,1-3m,12,3.093
Morphettville,1000,1-3,dry,10m+,30,2.489
Morphettville,1000,1-3,dry,4-6m,63,3.358
Morphettville,1000,1-3,dry,7-9m,30,2.281
Morphettville,1000,1-3,dry,true,57,2.866
Morphettville,1000,1-3,heavy,true,12,4.43
Morphettville,1000,1-3,soft,1-3m,6,2.293
Morphettville,1000,1-3,soft,10m+,30,3.837
Morphettville,1000,1-3,soft,4-6m,15,3.118
Morphettville,1000,1-3,soft,7-9m,21,4.165
Morphettville,1000,1-3,soft,true,15,3.051
Morphettville,1000,10-12,dry,1-3m,5,7.462
Morphettville,1000,10-12,dry,10m+,12,6.382
Morphettville,1000,10-12,dry,4-6m,31,5.316
Morphettville,1000,10-12,dry,7-9m,16,4.718
Morphettville,1000,10-12,dry,true,23,6.017
Morphettville,1000,10-12,heavy,true,9,8.613
Morphettville,1000,10-12,soft,1-3m,5,3.474
Morphettville,1000,10-12,soft,10m+,18,6.734
Morphettville,1000,10-12,soft,4-6m,13,5.481
Morphettville,1000,10-12,soft,7-9m,14,7.952
Morphettville,1000,10-12,soft,true,9,8.811
Morphettville,1000,13+,dry,1-3m,3,8.083
Morphettville,1000,13+,dry,10m+,1,2.24
Morphettville,1000,13+,dry,4-6m,8,6.486
Morphettville,1000,13+,dry,7-9m,3,7.037
Morphettville,1000,13+,dry,true,4,6.345
Morphettville,1000,13+,heavy,true,3,6.303
Morphettville,1000,13+,soft,10m+,3,8.307
Morphettville,1000,13+,soft,4-6m,1,3.51
Morphettville,1000,13+,soft,7-9m,6,8.278
Morphettville,1000,13+,soft,true,4,8.425
Morphettville,1000,4-6,dry,1-3m,12,4.163
Morphettville,1000,4-6,dry,10m+,30,3.862
Morphettville,1000,4-6,dry,4-6m,63,4.409
Morphettville,1000,4-6,dry,7-9m,30,3.385
Morphettville,1000,4-6,dry,true,56,3.857
Morphettville,1000,4-6,heavy,true,12,7.538
Morphettville,1000,4-6,soft,1-3m,6,5.948
Morphettville,1000,4-6,soft,10m+,30,5.363
Morphettville,1000,4-6,soft,4-6m,15,4.553
Morphettville,1000,4-6,soft,7-9m,21,5.397
Morphettville,1000,4-6,soft,true,15,4.715
Morphettville,1000,7-9,dry,1-3m,11,6.182
Morphettville,1000,7-9,dry,10m+,25,4.5
Morphettville,1000,7-9,dry,4-6m,58,5.142
Morphettville,1000,7-9,dry,7-9m,26,4.067
Morphettville,1000,7-9,dry,true,43,6.179
Morphettville,1000,7-9,heavy,true,10,7.92
Morphettville,1000,7-9,soft,1-3m,6,6.655
Morphettville,1000,7-9,soft,10m+,26,5.907
Morphettville,1000,7-9,soft,4-6m,15,5.496
Morphettville,1000,7-9,soft,7-9m,21,6.232
Morphettville,1000,7-9,soft,true,12,7.109
Morphettville,1100,1-3,dry,1-3m,3,4.02
Morphettville,1100,1-3,dry,10m+,18,2.22
Morphettville,1100,1-3,dry,4-6m,24,3.828
Morphettville,1100,1-3,dry,7-9m,26,3.473
Morphettville,1100,1-3,dry,true,54,3.129
Morphettville,1100,1-3,heavy,true,6,6.388
Morphettville,1100,1-3,soft,10m+,39,4.405
Morphettville,1100,1-3,soft,7-9m,18,3.93
Morphettville,1100,1-3,soft,true,9,4.518
Morphettville,1100,10-12,dry,1-3m,2,4.805
Morphettville,1100,10-12,dry,10m+,8,3.619
Morphettville,1100,10-12,dry,4-6m,8,6.581
Morphettville,1100,10-12,dry,7-9m,12,5.356
Morphettville,1100,10-12,dry,true,28,6.842
Morphettville,1100,10-12,heavy,true,6,9.602
Morphettville,1100,10-12,soft,10m+,25,8.0
Morphettville,1100,10-12,soft,7-9m,12,9.655
Morphettville,1100,10-12,soft,true,7,6.304
Morphettville,1100,13+,dry,10m+,2,6.38
Morphettville,1100,13+,dry,7-9m,2,8.425
Morphettville,1100,13+,dry,true,13,7.478
Morphettville,1100,13+,heavy,true,4,14.52
Morphettville,1100,13+,soft,10m+,6,9.007
Morphettville,1100,13+,soft,7-9m,3,16.1
Morphettville,1100,13+,soft,true,2,3.235
Morphettville,1100,4-6,dry,1-3m,3,5.957
Morphettville,1100,4-6,dry,10m+,18,3.376
Morphettville,1100,4-6,dry,4-6m,24,4.144
Morphettville,1100,4-6,dry,7-9m,27,3.509
Morphettville,1100,4-6,dry,true,54,4.705
Morphettville,1100,4-6,heavy,true,6,6.73
Morphettville,1100,4-6,soft,10m+,38,5.974
Morphettville,1100,4-6,soft,7-9m,18,6.995
Morphettville,1100,4-6,soft,true,9,2.831
Morphettville,1100,7-9,dry,1-3m,3,8.543
Morphettville,1100,7-9,dry,10m+,15,4.272
Morphettville,1100,7-9,dry,4-6m,19,6.002
Morphettville,1100,7-9,dry,7-9m,26,5.038
Morphettville,1100,7-9,dry,true,47,5.734
Morphettville,1100,7-9,heavy,true,6,11.047
Morphettville,1100,7-9,soft,10m+,35,7.169
Morphettville,1100,7-9,soft,7-9m,15,7.001
Morphettville,1100,7-9,soft,true,9,6.089
Morphettville,1200,1-3,dry,1-3m,12,4.221
Morphettville,1200,1-3,dry,10m+,51,3.253
Morphettville,1200,1-3,dry,4-6m,63,4.461
Morphettville,1200,1-3,dry,7-9m,29,2.024
Morphettville,1200,1-3,dry,true,93,3.54
Morphettville,1200,1-3,heavy,true,12,4.842
Morphettville,1200,1-3,soft,1-3m,3,0.867
Morphettville,1200,1-3,soft,10m+,33,5.195
Morphettville,1200,1-3,soft,4-6m,12,3.164
Morphettville,1200,1-3,soft,7-9m,45,4.424
Morphettville,1200,1-3,soft,true,30,5.124
Morphettville,1200,10-12,dry,1-3m,9,7.716
Morphettville,1200,10-12,dry,10m+,25,7.321
Morphettville,1200,10-12,dry,4-6m,47,7.76
Morphettville,1200,10-12,dry,7-9m,18,5.529
Morphettville,1200,10-12,dry,true,63,7.066
Morphettville,1200,10-12,heavy,true,8,8.239
Morphettville,1200,10-12,soft,1-3m,3,8.44
Morphettville,1200,10-12,soft,10m+,27,8.813
Morphettville,1200,10-12,soft,4-6m,11,4.669
Morphettville,1200,10-12,soft,7-9m,33,7.949
Morphettville,1200,10-12,soft,true,17,10.461
Morphettville,1200,13+,dry,1-3m,3,12.98
Morphettville,1200,13+,dry,10m+,4,9.018
Morphettville,1200,13+,dry,4-6m,27,8.295
Morphettville,1200,13+,dry,7-9m,7,7.79
Morphettville,1200,13+,dry,true,27,7.828
Morphettville,1200,13+,heavy,true,2,7.625
Morphettville,1200,13+,soft,1-3m,2,13.275
Morphettville,1200,13+,soft,10m+,9,8.368
Morphettville,1200,13+,soft,4-6m,1,7.14
Morphettville,1200,13+,soft,7-9m,16,8.803
Morphettville,1200,13+,soft,true,9,12.632
Morphettville,1200,4-6,dry,1-3m,12,4.461
Morphettville,1200,4-6,dry,10m+,51,4.261
Morphettville,1200,4-6,dry,4-6m,63,5.739
Morphettville,1200,4-6,dry,7-9m,30,3.154
Morphettville,1200,4-6,dry,true,93,4.809
Morphettville,1200,4-6,heavy,true,12,7.183
Morphettville,1200,4-6,soft,1-3m,3,5.737
Morphettville,1200,4-6,soft,10m+,33,6.356
Morphettville,1200,4-6,soft,4-6m,12,5.162
Morphettville,1200,4-6,soft,7-9m,45,5.66
Morphettville,1200,4-6,soft,true,30,6.922
Morphettville,1200,7-9,dry,1-3m,10,5.886
Morphettville,1200,7-9,dry,10m+,47,5.645
Morphettville,1200,7-9,dry,4-6m,58,6.703
Morphettville,1200,7-9,dry,7-9m,28,4.146
Morphettville,1200,7-9,dry,true,88,6.2
Morphettville,1200,7-9,heavy,true,12,8.311
Morphettville,1200,7-9,soft,1-3m,3,8.58
Morphettville,1200,7-9,soft,10m+,33,7.905
Morphettville,1200,7-9,soft,4-6m,12,5.662
Morphettville,1200,7-9,soft,7-9m,45,6.731
Morphettville,1200,7-9,soft,true,27,8.524
Morphettville,1500,1-3,dry,10m+,9,3.233
Morphettville,1500,1-3,dry,4-6m,18,4.614
Morphettville,1500,1-3,dry,7-9m,12,3.671
Morphettville,1500,1-3,dry,true,9,3.71
Morphettville,1500,1-3,heavy,true,6,8.763
Morphettville,1500,1-3,soft,10m+,24,4.385
Morphettville,1500,1-3,soft,7-9m,6,7.57
Morphettville,1500,1-3,soft,true,6,5.24
Morphettville,1500,10-12,dry,10m+,9,5.67
Morphettville,1500,10-12,dry,4-6m,12,5.89
Morphettville,1500,10-12,dry,7-9m,6,6.54
Morphettville,1500,10-12,dry,true,3,9.38
Morphettville,1500,10-12,heavy,true,5,8.402
Morphettville,1500,10-12,soft,10m+,19,6.669
Morphettville,1500,10-12,soft,7-9m,6,8.365
Morphettville,1500,10-12,soft,true,2,9.31
Morphettville,1500,13+,dry,4-6m,1,1.24
Morphettville,1500,13+,dry,7-9m,1,3.02
Morphettville,1500,13+,heavy,true,2,5.005
Morphettville,1500,13+,soft,7-9m,2,13.065
Morphettville,1500,4-6,dry,10m+,8,4.762
Morphettville,1500,4-6,dry,4-6m,18,5.207
Morphettville,1500,4-6,dry,7-9m,12,4.302
Morphettville,1500,4-6,dry,true,9,4.519
Morphettville,1500,4-6,heavy,true,6,5.968
Morphettville,1500,4-6,soft,10m+,24,5.261
Morphettville,1500,4-6,soft,7-9m,6,8.2
Morphettville,1500,4-6,soft,true,6,3.023
Morphettville,1500,7-9,dry,10m+,9,3.678
Morphettville,1500,7-9,dry,4-6m,17,6.734
Morphettville,1500,7-9,dry,7-9m,12,5.628
Morphettville,1500,7-9,dry,true,6,4.332
Morphettville,1500,7-9,heavy,true,6,9.783
Morphettville,1500,7-9,soft,10m+,24,5.513
Morphettville,1500,7-9,soft,7-9m,6,7.002
Morphettville,1500,7-9,soft,true,5,3.856
Morphettville,1600,1-3,dry,1-3m,9,6.298
Morphettville,1600,1-3,dry,10m+,15,3.793
Morphettville,1600,1-3,dry,4-6m,44,3.643
Morphettville,1600,1-3,dry,7-9m,15,3.873
Morphettville,1600,1-3,dry,true,90,4.157
Morphettville,1600,1-3,heavy,true,9,4.71
Morphettville,1600,1-3,soft,1-3m,6,3.445
Morphettville,1600,1-3,soft,10m+,24,6.115
Morphettville,1600,1-3,soft,4-6m,12,2.833
Morphettville,1600,1-3,soft,7-9m,33,5.838
Morphettville,1600,1-3,soft,true,24,4.842
Morphettville,1600,10-12,dry,1-3m,6,6.513
Morphettville,1600,10-12,dry,10m+,6,4.215
Morphettville,1600,10-12,dry,4-6m,22,6.721
Morphettville,1600,10-12,dry,7-9m,5,3.782
Morphettville,1600,10-12,dry,true,42,6.434
Morphettville,1600,10-12,heavy,true,4,7.548
Morphettville,1600,10-12,soft,1-3m,6,6.183
Morphettville,1600,10-12,soft,10m+,15,11.031
Morphettville,1600,10-12,soft,4-6m,8,4.901
Morphettville,1600,10-12,soft,7-9m,23,9.087
Morphettville,1600,10-12,soft,true,13,6.916
Morphettville,1600,13+,dry,1-3m,3,4.443
Morphettville,1600,13+,dry,10m+,2,6.19
Morphettville,1600,13+,dry,4-6m,8,9.249
Morphettville,1600,13+,dry,7-9m,1,4.0
Morphettville,1600,13+,dry,true,17,7.849
Morphettville,1600,13+,heavy,true,1,8.55
Morphettville,1600,13+,soft,1-3m,4,5.998
Morphettville,1600,13+,soft,10m+,10,10.998
Morphettville,1600,13+,soft,4-6m,6,6.248
Morphettville,1600,13+,soft,7-9m,4,10.9
Morphettville,1600,13+,soft,true,3,9.28
Morphettville,1600,4-6,dry,1-3m,8,4.856
Morphettville,1600,4-6,dry,10m+,15,5.453
Morphettville,1600,4-6,dry,4-6m,45,5.652
Morphettville,1600,4-6,dry,7-9m,15,3.139
Morphettville,1600,4-6,dry,true,90,5.443
Morphettville,1600,4-6,heavy,true,9,5.406
Morphettville,1600,4-6,soft,1-3m,6,3.792
Morphettville,1600,4-6,soft,10m+,24,7.218
Morphettville,1600,4-6,soft,4-6m,12,4.348
Morphettville,1600,4-6,soft,7-9m,33,7.277
Morphettville,1600,4-6,soft,true,24,6.426
Morphettville,1600,7-9,dry,1-3m,9,7.131
Morphettville,1600,7-9,dry,10m+,15,6.172
Morphettville,1600,7-9,dry,4-6m,35,5.401
Morphettville,1600,7-9,dry,7-9m,9,5.037
Morphettville,1600,7-9,dry,true,82,5.668
Morphettville,1600,7-9,heavy,true,8,7.569
Morphettville,1600,7-9,soft,1-3m,6,3.862
Morphettville,1600,7-9,soft,10m+,20,8.434
Morphettville,1600,7-9,soft,4-6m,11,5.262
Morphettville,1600,7-9,soft,7-9m,32,7.987
Morphettville,1600,7-9,soft,true,20,6.188
Morphettville,1800,1-3,dry,1-3m,6,5.633
Morphettville,1800,1-3,dry,10m+,24,3.97
Morphettville,1800,1-3,dry,4-6m,24,4.85
Morphettville,1800,1-3,dry,7-9m,23,2.931
Morphettville,1800,1-3,dry,true,24,4.268
Morphettville,1800,1-3,heavy,true,3,4.927
Morphettville,1800,1-3,soft,1-3m,3,3.077
Morphettville,1800,1-3,soft,10m+,12,3.708
Morphettville,1800,1-3,soft,4-6m,3,2.92
Morphettville,1800,1-3,soft,7-9m,23,5.215
Morphettville,1800,1-3,soft,true,9,5.377
Morphettville,1800,10-12,dry,1-3m,4,6.035
Morphettville,1800,10-12,dry,10m+,9,6.944
Morphettville,1800,10-12,dry,4-6m,15,6.882
Morphettville,1800,10-12,dry,7-9m,14,5.124
Morphettville,1800,10-12,dry,true,16,5.159
Morphettville,1800,10-12,heavy,true,3,4.13
Morphettville,1800,10-12,soft,1-3m,3,7.86
Morphettville,1800,10-12,soft,10m+,6,5.545
Morphettville,1800,10-12,soft,7-9m,11,6.952
Morphettville,1800,10-12,soft,true,6,9.013
Morphettville,1800,13+,dry,1-3m,4,10.055
Morphettville,1800,13+,dry,4-6m,8,7.36
Morphettville,1800,13+,dry,7-9m,11,5.375
Morphettville,1800,13+,dry,true,6,6.878
Morphettville,1800,13+,heavy,true,2,4.455
Morphettville,1800,13+,soft,1-3m,3,4.84
Morphettville,1800,13+,soft,10m+,1,4.61
Morphettville,1800,13+,soft,7-9m,4,4.29
Morphettville,1800,13+,soft,true,6,10.897
Morphettville,1800,4-6,dry,1-3m,6,5.275
Morphettville,1800,4-6,dry,10m+,24,4.81
Morphettville,1800,4-6,dry,4-6m,24,5.165
Morphettville,1800,4-6,dry,7-9m,24,3.925
Morphettville,1800,4-6,dry,true,24,5.059
Morphettville,1800,4-6,heavy,true,3,7.24
Morphettville,1800,4-6,soft,1-3m,3,2.363
Morphettville,1800,4-6,soft,10m+,12,5.157
Morphettville,1800,4-6,soft,4-6m,3,2.997
Morphettville,1800,4-6,soft,7-9m,24,5.32
Morphettville,1800,4-6,soft,true,9,7.08
Morphettville,1800,7-9,dry,1-3m,6,6.258
Morphettville,1800,7-9,dry,10m+,20,5.015
Morphettville,1800,7-9,dry,4-6m,23,4.543
Morphettville,1800,7-9,dry,7-9m,21,3.23
Morphettville,1800,7-9,dry,true,22,5.255
Morphettville,1800,7-9,heavy,true,3,4.497
Morphettville,1800,7-9,soft,1-3m,3,3.383
Morphettville,1800,7-9,soft,10m+,10,5.964
Morphettville,1800,7-9,soft,4-6m,2,3.94
Morphettville,1800,7-9,soft,7-9m,23,5.58
Morphettville,1800,7-9,soft,true,7,9.411
Morphettville,2000,1-3,dry,1-3m,9,2.603
Morphettville,2000,1-3,dry,4-6m,21,4.66
Morphettville,2000,1-3,dry,7-9m,3,2.467
Morphettville,2000,1-3,dry,true,42,4.924
Morphettville,2000,1-3,heavy,true,3,8.467
Morphettville,2000,1-3,soft,10m+,12,3.04
Morphettville,2000,1-3,soft,4-6m,9,4.83
Morphettville,2000,1-3,soft,7-9m,1,2.29
Morphettville,2000,1-3,soft,true,6,4.778
Morphettville,2000,10-12,dry,1-3m,3,7.283
Morphettville,2000,10-12,dry,4-6m,10,5.515
Morphettville,2000,10-12,dry,true,31,6.812
Morphettville,2000,10-12,heavy,true,3,14.687
Morphettville,2000,10-12,soft,10m+,4,3.44
Morphettville,2000,10-12,soft,4-6m,5,4.744
Morphettville,2000,13+,dry,1-3m,2,4.895
Morphettville,2000,13+,dry,4-6m,3,5.463
Morphettville,2000,13+,dry,true,19,8.1
Morphettville,2000,13+,heavy,true,1,12.53
Morphettville,2000,13+,soft,10m+,2,6.95
Morphettville,2000,13+,soft,4-6m,1,7.71
Morphettville,2000,4-6,dry,1-3m,9,4.252
Morphettville,2000,4-6,dry,4-6m,21,5.66
Morphettville,2000,4-6,dry,7-9m,3,3.07
Morphettville,2000,4-6,dry,true,42,6.211
Morphettville,2000,4-6,heavy,true,3,10.66
Morphettville,2000,4-6,soft,10m+,12,4.911
Morphettville,2000,4-6,soft,4-6m,9,5.909
Morphettville,2000,4-6,soft,true,6,4.763
Morphettville,2000,7-9,dry,1-3m,8,5.47
Morphettville,2000,7-9,dry,4-6m,18,4.826
Morphettville,2000,7-9,dry,7-9m,3,3.367
Morphettville,2000,7-9,dry,true,40,6.667
Morphettville,2000,7-9,heavy,true,3,11.213
Morphettville,2000,7-9,soft,10m+,10,5.74
Morphettville,2000,7-9,soft,4-6m,8,4.999
Morphettville,2000,7-9,soft,true,3,3.687
Morphettville,2100,1-3,soft,10m+,3,11.14
Morphettville,2100,10-12,soft,10m+,3,7.36
Morphettville,2100,4-6,soft,10m+,3,8.377
Morphettville,2100,7-9,soft,10m+,3,7.73
Morphettville,2500,1-3,dry,1-3m,6,10.117
Morphettville,2500,1-3,dry,10m+,12,3.857
Morphettville,2500,1-3,dry,4-6m,18,4.992
Morphettville,2500,1-3,dry,7-9m,6,3.417
Morphettville,2500,1-3,dry,true,9,6.858
Morphettville,2500,1-3,heavy,true,3,3.577
Morphettville,2500,1-3,soft,1-3m,6,2.96
Morphettville,2500,1-3,soft,10m+,6,6.973
Morphettville,2500,1-3,soft,7-9m,18,5.891
Morphettville,2500,1-3,soft,true,8,5.391
Morphettville,2500,10-12,dry,1-3m,5,12.604
Morphettville,2500,10-12,dry,10m+,1,4.36
Morphettville,2500,10-12,dry,4-6m,11,6.764
Morphettville,2500,10-12,dry,7-9m,1,1.75
Morphettville,2500,10-12,dry,true,6,8.818
Morphettville,2500,10-12,heavy,true,1,6.15
Morphettville,2500,10-12,soft,1-3m,5,4.128
Morphettville,2500,10-12,soft,10m+,3,8.283
Morphettville,2500,10-12,soft,7-9m,13,6.146
Morphettville,2500,10-12,soft,true,4,5.825
Morphettville,2500,13+,dry,1-3m,4,10.495
Morphettville,2500,13+,dry,4-6m,7,6.767
Morphettville,2500,13+,dry,true,5,7.682
Morphettville,2500,13+,soft,1-3m,4,8.528
Morphettville,2500,13+,soft,7-9m,1,6.68
Morphettville,2500,13+,soft,true,1,2.27
Morphettville,2500,4-6,dry,1-3m,6,11.552
Morphettville,2500,4-6,dry,10m+,11,3.161
Morphettville,2500,4-6,dry,4-6m,18,5.371
Morphettville,2500,4-6,dry,7-9m,6,4.077
Morphettville,2500,4-6,dry,true,9,4.439
Morphettville,2500,4-6,heavy,true,3,2.653
Morphettville,2500,4-6,soft,1-3m,6,5.513
Morphettville,2500,4-6,soft,10m+,6,7.627
Morphettville,2500,4-6,soft,7-9m,18,5.197
Morphettville,2500,4-6,soft,true,9,5.948
Morphettville,2500,7-9,dry,1-3m,6,11.837
Morphettville,2500,7-9,dry,10m+,7,4.313
Morphettville,2500,7-9,dry,4-6m,15,6.614
Morphettville,2500,7-9,dry,7-9m,4,2.24
Morphettville,2500,7-9,dry,true,9,7.174
Morphettville,2500,7-9,heavy,true,3,3.547
Morphettville,2500,7-9,soft,1-3m,6,5.733
Morphettville,2500,7-9,soft,10m+,6,5.518
Morphettville,2500,7-9,soft,7-9m,16,7.026
Morphettville,2500,7-9,soft,true,6,5.715
Morphettville,2600,1-3,dry,4-6m,3,7.11
Morphettville,2600,1-3,dry,7-9m,6,5.148
Morphettville,2600,10-12,dry,4-6m,3,10.863
Morphettville,2600,10-12,dry,7-9m,6,5.363
Morphettville,2600,13+,dry,4-6m,3,10.013
Morphettville,2600,13+,dry,7-9m,4,8.158
Morphettville,2600,4-6,dry,4-6m,3,8.663
Morphettville,2600,4-6,dry,7-9m,6,5.457
Morphettville,2600,7-9,dry,4-6m,3,5.807
Morphettville,2600,7-9,dry,7-9m,6,5.298
Morphettville Parks,1000,1-3,dry,4-6m,54,2.921
Morphettville Parks,1000,1-3,dry,7-9m,69,2.852
Morphettville Parks,1000,1-3,dry,true,102,4.078
Morphettville Parks,1000,1-3,heavy,1-3m,15,3.311
Morphettville Parks,1000,1-3,heavy,4-6m,12,3.932
Morphettville Parks,1000,1-3,heavy,7-9m,18,4.882
Morphettville Parks,1000,1-3,heavy,true,3,2.223
Morphettville Parks,1000,1-3,soft,1-3m,15,3.725
Morphettville Parks,1000,1-3,soft,4-6m,21,3.177
Morphettville Parks,1000,1-3,soft,7-9m,24,3.269
Morphettville Parks,1000,1-3,soft,true,39,4.454
Morphettville Parks,1000,10-12,dry,4-6m,24,6.055
Morphettville Parks,1000,10-12,dry,7-9m,17,5.611
Morphettville Parks,1000,10-12,dry,true,50,7.025
Morphettville Parks,1000,10-12,heavy,1-3m,6,6.442
Morphettville Parks,1000,10-12,heavy,4-6m,2,7.645
Morphettville Parks,1000,10-12,heavy,7-9m,10,6.639
Morphettville Parks,1000,10-12,heavy,true,2,4.785
Morphettville Parks,1000,10-12,soft,1-3m,5,5.532
Morphettville Parks,1000,10-12,soft,4-6m,15,5.048
Morphettville Parks,1000,10-12,soft,7-9m,11,6.777
Morphettville Parks,1000,10-12,soft,true,11,6.828
Morphettville Parks,1000,13+,dry,4-6m,2,10.98
Morphettville Parks,1000,13+,dry,7-9m,1,6.94
Morphettville Parks,1000,13+,dry,true,5,8.674
Morphettville Parks,1000,13+,heavy,1-3m,3,8.49
Morphettville Parks,1000,13+,soft,4-6m,4,5.785
Morphettville Parks,1000,13+,soft,true,2,6.445
Morphettville Parks,1000,4-6,dry,4-6m,54,4.226
Morphettville Parks,1000,4-6,dry,7-9m,69,3.897
Morphettville Parks,1000,4-6,dry,true,102,5.038
Morphettville Parks,1000,4-6,heavy,1-3m,15,4.775
Morphettville Parks,1000,4-6,heavy,4-6m,12,3.746
Morphettville Parks,1000,4-6,heavy,7-9m,18,7.536
Morphettville Parks,1000,4-6,heavy,true,3,7.513
Morphettville Parks,1000,4-6,soft,1-3m,15,3.816
Morphettville Parks,1000,4-6,soft,4-6m,21,4.382
Morphettville Parks,1000,4-6,soft,7-9m,24,4.82
Morphettville Parks,1000,4-6,soft,true,39,5.102
Morphettville Parks,1000,7-9,dry,4-6m,45,5.248
Morphettville Parks,1000,7-9,dry,7-9m,51,4.744
Morphettville Parks,1000,7-9,dry,true,95,6.633
Morphettville Parks,1000,7-9,heavy,1-3m,13,6.322
Morphettville Parks,1000,7-9,heavy,4-6m,9,6.124
Morphettville Parks,1000,7-9,heavy,7-9m,16,7.737
Morphettville Parks,1000,7-9,heavy,true,3,5.07
Morphettville Parks,1000,7-9,soft,1-3m,12,5.814
Morphettville Parks,1000,7-9,soft,4-6m,21,4.53
Morphettville Parks,1000,7-9,soft,7-9m,20,6.002
Morphettville Parks,1000,7-9,soft,true,32,6.436
Morphettville Parks,1200,1-3,dry,4-6m,44,2.667
Morphettville Parks,1200,1-3,dry,7-9m,66,3.732
Morphettville Parks,1200,1-3,dry,true,110,4.006
Morphettville Parks,1200,1-3,heavy,1-3m,15,3.691
Morphettville Parks,1200,1-3,heavy,4-6m,6,5.578
Morphettville Parks,1200,1-3,heavy,7-9m,15,6.668
Morphettville Parks,1200,1-3,heavy,true,6,4.447
Morphettville Parks,1200,1-3,soft,1-3m,15,3.547
Morphettville Parks,1200,1-3,soft,4-6m,12,5.1
Morphettville Parks,1200,1-3,soft,7-9m,27,5.088
Morphettville Parks,1200,1-3,soft,true,45,3.074
Morphettville Parks,1200,10-12,dry,4-6m,24,5.677
Morphettville Parks,1200,10-12,dry,7-9m,27,5.589
Morphettville Parks,1200,10-12,dry,true,31,7.318
Morphettville Parks,1200,10-12,heavy,1-3m,7,6.39
Morphettville Parks,1200,10-12,heavy,4-6m,4,7.948
Morphettville Parks,1200,10-12,heavy,7-9m,7,8.947
Morphettville Parks,1200,10-12,heavy,true,3,7.433
Morphettville Parks,1200,10-12,soft,1-3m,8,6.209
Morphettville Parks,1200,10-12,soft,4-6m,9,7.873
Morphettville Parks,1200,10-12,soft,7-9m,12,8.008
Morphettville Parks,1200,10-12,soft,true,26,6.502
Morphettville Parks,1200,13+,dry,4-6m,2,4.86
Morphettville Parks,1200,13+,dry,true,14,8.27
Morphettville Parks,1200,13+,heavy,1-3m,1,6.61
Morphettville Parks,1200,13+,heavy,4-6m,1,9.2
Morphettville Parks,1200,13+,heavy,true,2,7.24
Morphettville Parks,1200,13+,soft,4-6m,1,9.53
Morphettville Parks,1200,13+,soft,true,5,8.674
Morphettville Parks,1200,4-6,dry,4-6m,45,4.558
Morphettville Parks,1200,4-6,dry,7-9m,66,4.189
Morphettville Parks,1200,4-6,dry,true,111,5.089
Morphettville Parks,1200,4-6,heavy,1-3m,15,5.037
Morphettville Parks,1200,4-6,heavy,4-6m,6,6.332
Morphettville Parks,1200,4-6,heavy,7-9m,15,7.775
Morphettville Parks,1200,4-6,heavy,true,6,5.548
Morphettville Parks,1200,4-6,soft,1-3m,15,4.09
Morphettville Parks,1200,4-6,soft,4-6m,12,3.432
Morphettville Parks,1200,4-6,soft,7-9m,27,5.74
Morphettville Parks,1200,4-6,soft,true,44,5.3
Morphettville Parks,1200,7-9,dry,4-6m,41,5.643
Morphettville Parks,1200,7-9,dry,7-9m,54,4.668
Morphettville Parks,1200,7-9,dry,true,87,5.429
Morphettville Parks,1200,7-9,heavy,1-3m,11,5.871
Morphettville Parks,1200,7-9,heavy,4-6m,6,7.945
Morphettville Parks,1200,7-9,heavy,7-9m,13,8.608
Morphettville Parks,1200,7-9,heavy,true,6,6.718
Morphettville Parks,1200,7-9,soft,1-3m,15,5.897
Morphettville Parks,1200,7-9,soft,4-6m,11,7.476
Morphettville Parks,1200,7-9,soft,7-9m,24,7.023
Morphettville Parks,1200,7-9,soft,true,40,5.732
Morphettville Parks,1300,1-3,dry,4-6m,15,3.818
Morphettville Parks,1300,1-3,dry,7-9m,6,2.762
Morphettville Parks,1300,1-3,dry,true,12,4.22
Morphettville Parks,1300,1-3,soft,4-6m,6,2.83
Morphettville Parks,1300,1-3,soft,true,3,3.277
Morphettville Parks,1300,10-12,dry,4-6m,6,7.68
Morphettville Parks,1300,10-12,dry,7-9m,4,4.09
Morphettville Parks,1300,10-12,dry,true,10,5.194
Morphettville Parks,1300,10-12,soft,4-6m,4,5.41
Morphettville Parks,1300,10-12,soft,true,1,6.67
Morphettville Parks,1300,13+,dry,4-6m,1,4.3
Morphettville Parks,1300,13+,dry,true,5,5.948
Morphettville Parks,1300,4-6,dry,4-6m,15,3.695
Morphettville Parks,1300,4-6,dry,7-9m,6,3.062
Morphettville Parks,1300,4-6,dry,true,12,3.728
Morphettville Parks,1300,4-6,soft,4-6m,6,4.388
Morphettville Parks,1300,4-6,soft,true,3,4.023
Morphettville Parks,1300,7-9,dry,4-6m,13,6.131
Morphettville Parks,1300,7-9,dry,7-9m,6,3.407
Morphettville Parks,1300,7-9,dry,true,12,4.872
Morphettville Parks,1300,7-9,soft,4-6m,6,5.492
Morphettville Parks,1300,7-9,soft,true,3,4.16
Morphettville Parks,1400,1-3,dry,4-6m,48,3.424
Morphettville Parks,1400,1-3,dry,7-9m,39,4.304
Morphettville Parks,1400,1-3,dry,true,89,4.338
Morphettville Parks,1400,1-3,heavy,1-3m,6,4.388
Morphettville Parks,1400,1-3,heavy,4-6m,3,6.777
Morphettville Parks,1400,1-3,heavy,7-9m,12,4.21
Morphettville Parks,1400,1-3,heavy,true,6,3.11
Morphettville Parks,1400,1-3,soft,1-3m,15,3.742
Morphettville Parks,1400,1-3,soft,4-6m,21,4.068
Morphettville Parks,1400,1-3,soft,7-9m,24,5.748
Morphettville Parks,1400,1-3,soft,true,42,3.862
Morphettville Parks,1400,10-12,dry,4-6m,23,4.736
Morphettville Parks,1400,10-12,dry,7-9m,8,4.115
Morphettville Parks,1400,10-12,dry,true,44,6.136
Morphettville Parks,1400,10-12,heavy,1-3m,4,5.495
Morphettville Parks,1400,10-12,heavy,4-6m,2,9.615
Morphettville Parks,1400,10-12,heavy,7-9m,9,8.728
Morphettville Parks,1400,10-12,heavy,true,2,4.855
Morphettville Parks,1400,10-12,soft,1-3m,4,3.268
Morphettville Parks,1400,10-12,soft,4-6m,18,6.683
Morphettville Parks,1400,10-12,soft,7-9m,12,9.016
Morphettville Parks,1400,10-12,soft,true,26,6.572
Morphettville Parks,1400,13+,dry,4-6m,4,7.055
Morphettville Parks,1400,13+,dry,true,9,7.843
Morphettville Parks,1400,13+,heavy,7-9m,3,7.157
Morphettville Parks,1400,13+,soft,4-6m,9,4.951
Morphettville Parks,1400,13+,soft,7-9m,3,12.64
Morphettville Parks,1400,13+,soft,true,3,6.15
Morphettville Parks,1400,4-6,dry,4-6m,48,4.064
Morphettville Parks,1400,4-6,dry,7-9m,39,4.211
Morphettville Parks,1400,4-6,dry,true,90,5.354
Morphettville Parks,1400,4-6,heavy,1-3m,6,4.983
Morphettville Parks,1400,4-6,heavy,4-6m,3,6.37
Morphettville Parks,1400,4-6,heavy,7-9m,12,6.004
Morphettville Parks,1400,4-6,heavy,true,6,3.282
Morphettville Parks,1400,4-6,soft,1-3m,15,5.768
Morphettville Parks,1400,4-6,soft,4-6m,21,5.108
Morphettville Parks,1400,4-6,soft,7-9m,24,6.706
Morphettville Parks,1400,4-6,soft,true,42,5.248
Morphettville Parks,1400,7-9,dry,4-6m,44,5.031
Morphettville Parks,1400,7-9,dry,7-9m,34,4.886
Morphettville Parks,1400,7-9,dry,true,83,6.037
Morphettville Parks,1400,7-9,heavy,1-3m,6,5.247
Morphettville Parks,1400,7-9,heavy,4-6m,3,6.783
Morphettville Parks,1400,7-9,heavy,7-9m,9,9.202
Morphettville Parks,1400,7-9,heavy,true,5,4.544
Morphettville Parks,1400,7-9,soft,1-3m,10,6.49
Morphettville Parks,1400,7-9,soft,4-6m,19,6.141
Morphettville Parks,1400,7-9,soft,7-9m,23,8.596
Morphettville Parks,1400,7-9,soft,true,41,5.035
Morphettville Parks,1600,1-3,dry,4-6m,27,3.859
Morphettville Parks,1600,1-3,dry,7-9m,48,3.612
Morphettville Parks,1600,1-3,dry,true,60,4.83
Morphettville Parks,1600,1-3,heavy,1-3m,9,4.43
Morphettville Parks,1600,1-3,heavy,4-6m,3,4.973
Morphettville Parks,1600,1-3,heavy,7-9m,6,2.972
Morphettville Parks,1600,1-3,heavy,true,6,3.678
Morphettville Parks,1600,1-3,soft,1-3m,6,3.747
Morphettville Parks,1600,1-3,soft,4-6m,12,4.285
Morphettville Parks,1600,1-3,soft,7-9m,3,7.797
Morphettville Parks,1600,1-3,soft,true,30,4.487
Morphettville Parks,1600,10-12,dry,4-6m,13,4.918
Morphettville Parks,1600,10-12,dry,7-9m,16,4.671
Morphettville Parks,1600,10-12,dry,true,22,5.74
Morphettville Parks,1600,10-12,heavy,1-3m,5,5.828
Morphettville Parks,1600,10-12,heavy,true,1,7.57
Morphettville Parks,1600,10-12,soft,1-3m,4,5.9
Morphettville Parks,1600,10-12,soft,4-6m,5,4.834
Morphettville Parks,1600,10-12,soft,true,17,6.605
Morphettville Parks,1600,13+,dry,true,7,9.933
Morphettville Parks,1600,13+,soft,1-3m,1,3.89
Morphettville Parks,1600,13+,soft,true,2,7.585
Morphettville Parks,1600,4-6,dry,4-6m,27,3.943
Morphettville Parks,1600,4-6,dry,7-9m,48,4.23
Morphettville Parks,1600,4-6,dry,true,59,5.272
Morphettville Parks,1600,4-6,heavy,1-3m,9,4.253
Morphettville Parks,1600,4-6,heavy,4-6m,3,6.807
Morphettville Parks,1600,4-6,heavy,7-9m,6,4.347
Morphettville Parks,1600,4-6,heavy,true,6,4.91
Morphettville Parks,1600,4-6,soft,1-3m,6,6.608
Morphettville Parks,1600,4-6,soft,4-6m,12,4.332
Morphettville Parks,1600,4-6,soft,7-9m,3,11.91
Morphettville Parks,1600,4-6,soft,true,30,4.998
Morphettville Parks,1600,7-9,dry,4-6m,26,4.425
Morphettville Parks,1600,7-9,dry,7-9m,37,5.032
Morphettville Parks,1600,7-9,dry,true,53,5.296
Morphettville Parks,1600,7-9,heavy,1-3m,9,6.877
Morphettville Parks,1600,7-9,heavy,4-6m,2,6.465
Morphettville Parks,1600,7-9,heavy,7-9m,4,5.108
Morphettville Parks,1600,7-9,heavy,true,6,3.845
Morphettville Parks,1600,7-9,soft,1-3m,6,5.042
Morphettville Parks,1600,7-9,soft,4-6m,12,5.394
Morphettville Parks,1600,7-9,soft,7-9m,3,9.947
Morphettville Parks,1600,7-9,soft,true,28,6.115
Morphettville Parks,2000,1-3,dry,4-6m,12,5.162
Morphettville Parks,2000,1-3,dry,7-9m,15,3.764
Morphettville Parks,2000,1-3,dry,true,36,4.296
Morphettville Parks,2000,1-3,heavy,7-9m,3,5.403
Morphettville Parks,2000,1-3,heavy,true,3,4.28
Morphettville Parks,2000,1-3,soft,1-3m,6,8.12
Morphettville Parks,2000,1-3,soft,4-6m,9,5.342
Morphettville Parks,2000,1-3,soft,7-9m,9,5.408
Morphettville Parks,2000,1-3,soft,true,18,6.241
Morphettville Parks,2000,10-12,dry,4-6m,3,6.633
Morphettville Parks,2000,10-12,dry,7-9m,4,7.002
Morphettville Parks,2000,10-12,dry,true,19,6.868
Morphettville Parks,2000,10-12,heavy,7-9m,3,3.533
Morphettville Parks,2000,10-12,heavy,true,1,8.67
Morphettville Parks,2000,10-12,soft,1-3m,3,4.137
Morphettville Parks,2000,10-12,soft,4-6m,4,3.672
Morphettville Parks,2000,10-12,soft,7-9m,6,8.445
Morphettville Parks,2000,10-12,soft,true,5,4.672
Morphettville Parks,2000,4-6,dry,4-6m,12,4.636
Morphettville Parks,2000,4-6,dry,7-9m,15,5.128
Morphettville Parks,2000,4-6,dry,true,35,5.674
Morphettville Parks,2000,4-6,heavy,7-9m,3,7.477
Morphettville Parks,2000,4-6,heavy,true,3,3.57
Morphettville Parks,2000,4-6,soft,1-3m,6,5.435
Morphettville Parks,2000,4-6,soft,4-6m,9,5.666
Morphettville Parks,2000,4-6,soft,7-9m,9,7.859
Morphettville Parks,2000,4-6,soft,true,18,6.441
Morphettville Parks,2000,7-9,dry,4-6m,11,4.913
Morphettville Parks,2000,7-9,dry,7-9m,13,5.388
Morphettville Parks,2000,7-9,dry,true,36,6.484
Morphettville Parks,2000,7-9,heavy,7-9m,3,6.02
Morphettville Parks,2000,7-9,heavy,true,3,5.56
Morphettville Parks,2000,7-9,soft,1-3m,5,5.174
Morphettville Parks,2000,7-9,soft,4-6m,8,3.76
Morphettville Parks,2000,7-9,soft,7-9m,6,7.383
Morphettville Parks,2000,7-9,soft,true,17,6.733
Morphettville Parks,2200,1-3,dry,4-6m,21,4.957
Morphettville Parks,2200,1-3,dry,7-9m,6,6.402
Morphettville Parks,2200,1-3,dry,true,18,4.118
Morphettville Parks,2200,1-3,heavy,1-3m,3,2.067
Morphettville Parks,2200,1-3,heavy,7-9m,3,7.52
Morphettville Parks,2200,1-3,heavy,true,6,3.458
Morphettville Parks,2200,1-3,soft,4-6m,3,4.63
Morphettville Parks,2200,1-3,soft,7-9m,6,4.288
Morphettville Parks,2200,1-3,soft,true,12,4.878
Morphettville Parks,2200,10-12,dry,4-6m,7,3.607
Morphettville Parks,2200,10-12,dry,7-9m,1,3.94
Morphettville Parks,2200,10-12,dry,true,5,6.142
Morphettville Parks,2200,10-12,heavy,1-3m,1,9.34
Morphettville Parks,2200,10-12,heavy,7-9m,3,9.21
Morphettville Parks,2200,10-12,soft,4-6m,3,3.53
Morphettville Parks,2200,10-12,soft,7-9m,3,4.577
Morphettville Parks,2200,10-12,soft,true,4,4.642
Morphettville Parks,2200,13+,soft,true,2,6.685
Morphettville Parks,2200,4-6,dry,4-6m,21,4.955
Morphettville Parks,2200,4-6,dry,7-9m,6,6.357
Morphettville Parks,2200,4-6,dry,true,18,5.423
Morphettville Parks,2200,4-6,heavy,1-3m,3,3.57
Morphettville Parks,2200,4-6,heavy,7-9m,3,11.96
Morphettville Parks,2200,4-6,heavy,true,6,4.623
Morphettville Parks,2200,4-6,soft,4-6m,3,6.08
Morphettville Parks,2200,4-6,soft,7-9m,6,5.618
Morphettville Parks,2200,4-6,soft,true,12,5.9
Morphettville Parks,2200,7-9,dry,4-6m,16,5.005
Morphettville Parks,2200,7-9,dry,7-9m,4,6.312
Morphettville Parks,2200,7-9,dry,true,12,4.861
Morphettville Parks,2200,7-9,heavy,1-3m,3,4.553
Morphettville Parks,2200,7-9,heavy,7-9m,3,9.533
Morphettville Parks,2200,7-9,heavy,true,3,5.123
Morphettville Parks,2200,7-9,soft,4-6m,3,8.027
Morphettville Parks,2200,7-9,soft,7-9m,3,5.183
Morphettville Parks,2200,7-9,soft,true,11,6.09
Morphettville Parks,2300,1-3,dry,4-6m,3,3.747
Morphettville Parks,2300,1-3,heavy,7-9m,3,10.833
Morphettville Parks,2300,10-12,dry,4-6m,2,3.865
Morphettville Parks,2300,10-12,heavy,7-9m,2,14.01
Morphettville Parks,2300,4-6,dry,4-6m,3,6.127
Morphettville Parks,2300,4-6,heavy,7-9m,3,10.917
Morphettville Parks,2300,7-9,dry,4-6m,3,1.613
Morphettville Parks,2300,7-9,heavy,7-9m,3,10.013
Morphettville Parks,2400,1-3,dry,7-9m,9,4.902
Morphettville Parks,2400,1-3,dry,true,3,4.203
Morphettville Parks,2400,1-3,heavy,1-3m,3,3.81
Morphettville Parks,2400,1-3,heavy,4-6m,3,4.047
Morphettville Parks,2400,1-3,soft,7-9m,3,6.59
Morphettville Parks,2400,10-12,dry,7-9m,1,0.55
Morphettville Parks,2400,10-12,soft,7-9m,1,2.78
Morphettville Parks,2400,4-6,dry,7-9m,9,4.067
Morphettville Parks,2400,4-6,dry,true,3,3.02
Morphettville Parks,2400,4-6,heavy,1-3m,3,5.177
Morphettville Parks,2400,4-6,heavy,4-6m,3,5.19
Morphettville Parks,2400,4-6,soft,7-9m,3,6.2
Morphettville Parks,2400,7-9,dry,7-9m,8,4.332
Morphettville Parks,2400,7-9,dry,true,1,5.64
Morphettville Parks,2400,7-9,heavy,1-3m,2,5.84
Morphettville Parks,2400,7-9,heavy,4-6m,3,5.56
Morphettville Parks,2400,7-9,soft,7-9m,3,5.87
Murray Bridge GH,900,1-3,dry,1-3m,6,4.808
Murray Bridge GH,900,1-3,dry,10m+,6,3.975
Murray Bridge GH,900,1-3,dry,4-6m,25,5.364
Murray Bridge GH,900,1-3,dry,7-9m,27,6.36
Murray Bridge GH,900,1-3,dry,true,27,7.977
Murray Bridge GH,900,1-3,heavy,10m+,3,6.507
Murray Bridge GH,900,1-3,soft,1-3m,3,5.91
Murray Bridge GH,900,1-3,soft,10m+,3,7.76
Murray Bridge GH,900,1-3,soft,4-6m,9,4.797
Murray Bridge GH,900,1-3,soft,7-9m,12,5.127
Murray Bridge GH,900,1-3,soft,true,12,6.12
Murray Bridge GH,900,10-12,dry,1-3m,5,8.444
Murray Bridge GH,900,10-12,dry,10m+,4,7.732
Murray Bridge GH,900,10-12,dry,4-6m,18,9.224
Murray Bridge GH,900,10-12,dry,7-9m,20,9.236
Murray Bridge GH,900,10-12,dry,true,13,10.32
Murray Bridge GH,900,10-12,heavy,10m+,2,10.29
Murray Bridge GH,900,10-12,soft,1-3m,3,9.433
Murray Bridge GH,900,10-12,soft,10m+,1,7.34
Murray Bridge GH,900,10-12,soft,4-6m,9,10.372
Murray Bridge GH,900,10-12,soft,7-9m,8,7.873
Murray Bridge GH,900,10-12,soft,true,7,12.106
Murray Bridge GH,900,13+,dry,1-3m,2,8.02
Murray Bridge GH,900,13+,dry,4-6m,1,4.85
Murray Bridge GH,900,13+,dry,7-9m,3,12.317
Murray Bridge GH,900,13+,dry,true,4,11.548
Murray Bridge GH,900,13+,soft,true,4,13.3
Murray Bridge GH,900,4-6,dry,1-3m,5,6.636
Murray Bridge GH,900,4-6,dry,10m+,6,4.845
Murray Bridge GH,900,4-6,dry,4-6m,27,6.956
Murray Bridge GH,900,4-6,dry,7-9m,27,7.748
Murray Bridge GH,900,4-6,dry,true,26,7.962
Murray Bridge GH,900,4-6,heavy,10m+,3,6.51
Murray Bridge GH,900,4-6,soft,1-3m,3,5.797
Murray Bridge GH,900,4-6,soft,10m+,3,5.52
Murray Bridge GH,900,4-6,soft,4-6m,9,7.94
Murray Bridge GH,900,4-6,soft,7-9m,12,6.256
Murray Bridge GH,900,4-6,soft,true,12,8.083
Murray Bridge GH,900,7-9,dry,1-3m,6,10.418
Murray Bridge GH,900,7-9,dry,10m+,6,7.088
Murray Bridge GH,900,7-9,dry,4-6m,26,9.308
Murray Bridge GH,900,7-9,dry,7-9m,27,9.567
Murray Bridge GH,900,7-9,dry,true,21,9.278
Murray Bridge GH,900,7-9,heavy,10m+,3,9.21
Murray Bridge GH,900,7-9,soft,1-3m,3,6.963
Murray Bridge GH,900,7-9,soft,10m+,3,10.843
Murray Bridge GH,900,7-9,soft,4-6m,9,9.263
Murray Bridge GH,900,7-9,soft,7-9m,12,8.633
Murray Bridge GH,900,7-9,soft,true,9,11.604
Murray Bridge GH,1000,1-3,dry,1-3m,3,8.033
Murray Bridge GH,1000,1-3,dry,10m+,12,4.744
Murray Bridge GH,1000,1-3,dry,4-6m,12,6.532
Murray Bridge GH,1000,1-3,dry,7-9m,15,4.745
Murray Bridge GH,1000,1-3,dry,true,30,7.406
Murray Bridge GH,1000,1-3,soft,1-3m,15,5.196
Murray Bridge GH,1000,1-3,soft,10m+,12,4.728
Murray Bridge GH,1000,1-3,soft,4-6m,12,8.548
Murray Bridge GH,1000,1-3,soft,7-9m,12,3.992
Murray Bridge GH,1000,1-3,soft,true,21,6.92
Murray Bridge GH,1000,10-12,dry,1-3m,3,8.67
Murray Bridge GH,1000,10-12,dry,10m+,8,7.748
Murray Bridge GH,1000,10-12,dry,4-6m,10,10.411
Murray Bridge GH,1000,10-12,dry,7-9m,10,7.654
Murray Bridge GH,1000,10-12,dry,true,9,10.063
Murray Bridge GH,1000,10-12,soft,1-3m,11,9.606
Murray Bridge GH,1000,10-12,soft,10m+,6,6.31
Murray Bridge GH,1000,10-12,soft,4-6m,11,11.643
Murray Bridge GH,1000,10-12,soft,7-9m,7,7.324
Murray Bridge GH,1000,10-12,soft,true,12,9.448
Murray Bridge GH,1000,13+,dry,4-6m,1,7.59
Murray Bridge GH,1000,13+,soft,1-3m,2,14.72
Murray Bridge GH,1000,13+,soft,4-6m,5,13.798
Murray Bridge GH,1000,13+,soft,7-9m,2,4.55
Murray Bridge GH,1000,13+,soft,true,3,9.383
Murray Bridge GH,1000,4-6,dry,1-3m,3,6.94
Murray Bridge GH,1000,4-6,dry,10m+,12,7.341
Murray Bridge GH,1000,4-6,dry,4-6m,12,7.606
Murray Bridge GH,1000,4-6,dry,7-9m,15,6.26
Murray Bridge GH,1000,4-6,dry,true,30,8.628
Murray Bridge GH,1000,4-6,soft,1-3m,15,8.078
Murray Bridge GH,1000,4-6,soft,10m+,12,5.43
Murray Bridge GH,1000,4-6,soft,4-6m,12,9.313
Murray Bridge GH,1000,4-6,soft,7-9m,12,5.498
Murray Bridge GH,1000,4-6,soft,true,21,8.348
Murray Bridge GH,1000,7-9,dry,1-3m,3,7.927
Murray Bridge GH,1000,7-9,dry,10m+,12,7.946
Murray Bridge GH,1000,7-9,dry,4-6m,12,9.451
Murray Bridge GH,1000,7-9,dry,7-9m,13,8.914
Murray Bridge GH,1000,7-9,dry,true,22,8.599
Murray Bridge GH,1000,7-9,soft,1-3m,15,8.481
Murray Bridge GH,1000,7-9,soft,10m+,12,6.16
Murray Bridge GH,1000,7-9,soft,4-6m,12,9.147
Murray Bridge GH,1000,7-9,soft,7-9m,10,5.414
Murray Bridge GH,1000,7-9,soft,true,20,9.383
Murray Bridge GH,1100,1-3,dry,1-3m,6,4.605
Murray Bridge GH,1100,1-3,dry,10m+,9,5.934
Murray Bridge GH,1100,1-3,dry,4-6m,12,6.24
Murray Bridge GH,1100,1-3,dry,7-9m,7,4.337
Murray Bridge GH,1100,1-3,dry,true,39,5.861
Murray Bridge GH,1100,1-3,heavy,10m+,3,10.41
Murray Bridge GH,1100,1-3,soft,1-3m,9,5.783
Murray Bridge GH,1100,1-3,soft,4-6m,6,4.833
Murray Bridge GH,1100,1-3,soft,7-9m,15,6.825
Murray Bridge GH,1100,1-3,soft,true,27,5.848
Murray Bridge GH,1100,10-12,dry,1-3m,2,10.16
Murray Bridge GH,1100,10-12,dry,10m+,4,6.943
Murray Bridge GH,1100,10-12,dry,4-6m,6,10.485
Murray Bridge GH,1100,10-12,dry,7-9m,6,8.957
Murray Bridge GH,1100,10-12,dry,true,24,10.095
Murray Bridge GH,1100,10-12,heavy,10m+,2,15.88
Murray Bridge GH,1100,10-12,soft,1-3m,9,9.468
Murray Bridge GH,1100,10-12,soft,4-6m,6,8.673
Murray Bridge GH,1100,10-12,soft,7-9m,7,13.49
Murray Bridge GH,1100,10-12,soft,true,19,11.243
Murray Bridge GH,1100,13+,dry,true,10,12.167
Murray Bridge GH,1100,13+,soft,1-3m,4,10.542
Murray Bridge GH,1100,13+,soft,4-6m,2,7.275
Murray Bridge GH,1100,13+,soft,7-9m,1,11.46
Murray Bridge GH,1100,13+,soft,true,9,12.42
Murray Bridge GH,1100,4-6,dry,1-3m,6,7.472
Murray Bridge GH,1100,4-6,dry,10m+,9,6.868
Murray Bridge GH,1100,4-6,dry,4-6m,12,7.076
Murray Bridge GH,1100,4-6,dry,7-9m,9,8.734
Murray Bridge GH,1100,4-6,dry,true,39,7.864
Murray Bridge GH,1100,4-6,heavy,10m+,3,10.903
Murray Bridge GH,1100,4-6,soft,1-3m,9,7.043
Murray Bridge GH,1100,4-6,soft,4-6m,6,7.252
Murray Bridge GH,1100,4-6,soft,7-9m,15,7.524
Murray Bridge GH,1100,4-6,soft,true,27,8.649
Murray Bridge GH,1100,7-9,dry,1-3m,4,7.222
Murray Bridge GH,1100,7-9,dry,10m+,8,8.229
Murray Bridge GH,1100,7-9,dry,4-6m,9,8.752
Murray Bridge GH,1100,7-9,dry,7-9m,6,6.628
Murray Bridge GH,1100,7-9,dry,true,36,9.209
Murray Bridge GH,1100,7-9,heavy,10m+,3,14.973
Murray Bridge GH,1100,7-9,soft,1-3m,9,10.179
Murray Bridge GH,1100,7-9,soft,4-6m,6,9.072
Murray Bridge GH,1100,7-9,soft,7-9m,15,9.192
Murray Bridge GH,1100,7-9,soft,true,27,9.359
Murray Bridge GH,1200,1-3,dry,1-3m,6,7.39
Murray Bridge GH,1200,1-3,dry,10m+,15,4.83
Murray Bridge GH,1200,1-3,dry,4-6m,36,5.92
Murray Bridge GH,1200,1-3,dry,7-9m,42,7.023
Murray Bridge GH,1200,1-3,dry,true,69,6.602
Murray Bridge GH,1200,1-3,heavy,10m+,6,5.495
Murray Bridge GH,1200,1-3,heavy,true,6,6.467
Murray Bridge GH,1200,1-3,soft,1-3m,6,5.355
Murray Bridge GH,1200,1-3,soft,10m+,15,6.923
Murray Bridge GH,1200,1-3,soft,4-6m,14,5.696
Murray Bridge GH,1200,1-3,soft,7-9m,26,4.977
Murray Bridge GH,1200,1-3,soft,true,54,7.286
Murray Bridge GH,1200,10-12,dry,1-3m,6,11.492
Murray Bridge GH,1200,10-12,dry,10m+,11,7.689
Murray Bridge GH,1200,10-12,dry,4-6m,24,8.124
Murray Bridge GH,1200,10-12,dry,7-9m,37,10.961
Murray Bridge GH,1200,10-12,dry,true,30,10.811
Murray Bridge GH,1200,10-12,heavy,10m+,2,5.75
Murray Bridge GH,1200,10-12,heavy,true,3,9.113
Murray Bridge GH,1200,10-12,soft,1-3m,3,7.263
Murray Bridge GH,1200,10-12,soft,10m+,7,7.294
Murray Bridge GH,1200,10-12,soft,4-6m,10,7.055
Murray Bridge GH,1200,10-12,soft,7-9m,26,9.776
Murray Bridge GH,1200,10-12,soft,true,36,11.463
Murray Bridge GH,1200,13+,dry,1-3m,3,5.753
Murray Bridge GH,1200,13+,dry,4-6m,6,11.537
Murray Bridge GH,1200,13+,dry,7-9m,18,11.424
Murray Bridge GH,1200,13+,dry,true,7,9.98
Murray Bridge GH,1200,13+,heavy,true,1,12.72
Murray Bridge GH,1200,13+,soft,1-3m,3,8.037
Murray Bridge GH,1200,13+,soft,4-6m,4,8.778
Murray Bridge GH,1200,13+,soft,7-9m,13,9.612
Murray Bridge GH,1200,13+,soft,true,9,11.871
Murray Bridge GH,1200,4-6,dry,1-3m,6,6.833
Murray Bridge GH,1200,4-6,dry,10m+,15,7.845
Murray Bridge GH,1200,4-6,dry,4-6m,36,7.593
Murray Bridge GH,1200,4-6,dry,7-9m,42,8.557
Murray Bridge GH,1200,4-6,dry,true,69,8.23
Murray Bridge GH,1200,4-6,heavy,10m+,6,8.907
Murray Bridge GH,1200,4-6,heavy,true,6,6.065
Murray Bridge GH,1200,4-6,soft,1-3m,6,5.938
Murray Bridge GH,1200,4-6,soft,10m+,15,6.558
Murray Bridge GH,1200,4-6,soft,4-6m,15,7.724
Murray Bridge GH,1200,4-6,soft,7-9m,27,6.359
Murray Bridge GH,1200,4-6,soft,true,54,8.63
Murray Bridge GH,1200,7-9,dry,1-3m,6,10.752
Murray Bridge GH,1200,7-9,dry,10m+,15,7.828
Murray Bridge GH,1200,7-9,dry,4-6m,36,7.799
Murray Bridge GH,1200,7-9,dry,7-9m,41,8.909
Murray Bridge GH,1200,7-9,dry,true,56,8.657
Murray Bridge GH,1200,7-9,heavy,10m+,6,8.845
Murray Bridge GH,1200,7-9,heavy,true,5,9.05
Murray Bridge GH,1200,7-9,soft,1-3m,5,7.184
Murray Bridge GH,1200,7-9,soft,10m+,14,9.565
Murray Bridge GH,1200,7-9,soft,4-6m,12,7.293
Murray Bridge GH,1200,7-9,soft,7-9m,27,8.073
Murray Bridge GH,1200,7-9,soft,true,52,10.605
Murray Bridge GH,1400,1-3,dry,1-3m,6,6.313
Murray Bridge GH,1400,1-3,dry,10m+,21,6.088
Murray Bridge GH,1400,1-3,dry,4-6m,39,6.687
Murray Bridge GH,1400,1-3,dry,7-9m,45,7.378
Murray Bridge GH,1400,1-3,dry,true,84,6.867
Murray Bridge GH,1400,1-3,heavy,10m+,9,8.88
Murray Bridge GH,1400,1-3,soft,1-3m,15,7.155
Murray Bridge GH,1400,1-3,soft,10m+,24,5.002
Murray Bridge GH,1400,1-3,soft,4-6m,21,6.607
Murray Bridge GH,1400,1-3,soft,7-9m,15,6.519
Murray Bridge GH,1400,1-3,soft,true,30,7.321
Murray Bridge GH,1400,10-12,dry,1-3m,4,6.665
Murray Bridge GH,1400,10-12,dry,10m+,15,8.594
Murray Bridge GH,1400,10-12,dry,4-6m,37,8.885
Murray Bridge GH,1400,10-12,dry,7-9m,43,9.25
Murray Bridge GH,1400,10-12,dry,true,53,8.772
Murray Bridge GH,1400,10-12,heavy,10m+,6,9.823
Murray Bridge GH,1400,10-12,soft,1-3m,14,8.732
Murray Bridge GH,1400,10-12,soft,10m+,21,7.758
Murray Bridge GH,1400,10-12,soft,4-6m,19,9.318
Murray Bridge GH,1400,10-12,soft,7-9m,15,8.639
Murray Bridge GH,1400,10-12,soft,true,28,9.404
Murray Bridge GH,1400,13+,dry,1-3m,1,5.35
Murray Bridge GH,1400,13+,dry,10m+,4,9.02
Murray Bridge GH,1400,13+,dry,4-6m,13,8.978
Murray Bridge GH,1400,13+,dry,7-9m,19,9.788
Murray Bridge GH,1400,13+,dry,true,32,10.312
Murray Bridge GH,1400,13+,heavy,10m+,2,7.66
Murray Bridge GH,1400,13+,soft,1-3m,7,10.444
Murray Bridge GH,1400,13+,soft,10m+,3,6.157
Murray Bridge GH,1400,13+,soft,4-6m,8,11.15
Murray Bridge GH,1400,13+,soft,7-9m,6,8.007
Murray Bridge GH,1400,13+,soft,true,12,12.101
Murray Bridge GH,1400,4-6,dry,1-3m,6,7.328
Murray Bridge GH,1400,4-6,dry,10m+,21,6.867
Murray Bridge GH,1400,4-6,dry,4-6m,39,7.571
Murray Bridge GH,1400,4-6,dry,7-9m,45,8.251
Murray Bridge GH,1400,4-6,dry,true,84,7.987
Murray Bridge GH,1400,4-6,heavy,10m+,9,11.163
Murray Bridge GH,1400,4-6,soft,1-3m,15,7.456
Murray Bridge GH,1400,4-6,soft,10m+,24,6.224
Murray Bridge GH,1400,4-6,soft,4-6m,21,7.818
Murray Bridge GH,1400,4-6,soft,7-9m,15,6.797
Murray Bridge GH,1400,4-6,soft,true,30,8.842
Murray Bridge GH,1400,7-9,dry,1-3m,6,7.337
Murray Bridge GH,1400,7-9,dry,10m+,21,8.375
Murray Bridge GH,1400,7-9,dry,4-6m,39,8.422
Murray Bridge GH,1400,7-9,dry,7-9m,45,8.244
Murray Bridge GH,1400,7-9,dry,true,78,8.598
Murray Bridge GH,1400,7-9,heavy,10m+,9,12.606
Murray Bridge GH,1400,7-9,soft,1-3m,14,6.801
Murray Bridge GH,1400,7-9,soft,10m+,24,7.255
Murray Bridge GH,1400,7-9,soft,4-6m,21,9.049
Murray Bridge GH,1400,7-9,soft,7-9m,15,9.054
Murray Bridge GH,1400,7-9,soft,true,30,10.032
Murray Bridge GH,1600,1-3,dry,1-3m,9,5.591
Murray Bridge GH,1600,1-3,dry,10m+,6,6.643
Murray Bridge GH,1600,1-3,dry,4-6m,18,5.761
Murray Bridge GH,1600,1-3,dry,7-9m,24,8.239
Murray Bridge GH,1600,1-3,dry,true,30,7.748
Murray Bridge GH,1600,1-3,heavy,10m+,3,6.307
Murray Bridge GH,1600,1-3,soft,1-3m,9,5.926
Murray Bridge GH,1600,1-3,soft,10m+,12,4.752
Murray Bridge GH,1600,1-3,soft,4-6m,9,6.901
Murray Bridge GH,1600,1-3,soft,7-9m,18,5.828
Murray Bridge GH,1600,1-3,soft,true,24,6.98
Murray Bridge GH,1600,10-12,dry,1-3m,7,6.893
Murray Bridge GH,1600,10-12,dry,10m+,5,9.102
Murray Bridge GH,1600,10-12,dry,4-6m,12,7.402
Murray Bridge GH,1600,10-12,dry,7-9m,19,10.592
Murray Bridge GH,1600,10-12,dry,true,19,10.763
Murray Bridge GH,1600,10-12,heavy,10m+,2,8.16
Murray Bridge GH,1600,10-12,soft,1-3m,4,9.465
Murray Bridge GH,1600,10-12,soft,10m+,6,7.683
Murray Bridge GH,1600,10-12,soft,4-6m,8,8.378
Murray Bridge GH,1600,10-12,soft,7-9m,18,8.443
Murray Bridge GH,1600,10-12,soft,true,12,8.045
Murray Bridge GH,1600,13+,dry,4-6m,6,7.278
Murray Bridge GH,1600,13+,dry,7-9m,12,11.551
Murray Bridge GH,1600,13+,dry,true,4,9.87
Murray Bridge GH,1600,13+,soft,10m+,2,15.785
Murray Bridge GH,1600,13+,soft,4-6m,1,6.64
Murray Bridge GH,1600,13+,soft,7-9m,14,8.328
Murray Bridge GH,1600,13+,soft,true,4,6.74
Murray Bridge GH,1600,4-6,dry,1-3m,9,7.273
Murray Bridge GH,1600,4-6,dry,10m+,6,5.957
Murray Bridge GH,1600,4-6,dry,4-6m,17,7.954
Murray Bridge GH,1600,4-6,dry,7-9m,24,9.511
Murray Bridge GH,1600,4-6,dry,true,30,8.444
Murray Bridge GH,1600,4-6,heavy,10m+,3,11.273
Murray Bridge GH,1600,4-6,soft,1-3m,9,7.528
Murray Bridge GH,1600,4-6,soft,10m+,12,6.165
Murray Bridge GH,1600,4-6,soft,4-6m,9,5.769
Murray Bridge GH,1600,4-6,soft,7-9m,18,6.964
Murray Bridge GH,1600,4-6,soft,true,24,7.798
Murray Bridge GH,1600,7-9,dry,1-3m,9,6.139
Murray Bridge GH,1600,7-9,dry,10m+,6,5.79
Murray Bridge GH,1600,7-9,dry,4-6m,17,8.868
Murray Bridge GH,1600,7-9,dry,7-9m,22,10.039
Murray Bridge GH,1600,7-9,dry,true,28,9.382
Murray Bridge GH,1600,7-9,heavy,10m+,3,6.643
Murray Bridge GH,1600,7-9,soft,1-3m,8,7.272
Murray Bridge GH,1600,7-9,soft,10m+,12,5.108
Murray Bridge GH,1600,7-9,soft,4-6m,9,8.096
Murray Bridge GH,1600,7-9,soft,7-9m,18,7.981
Murray Bridge GH,1600,7-9,soft,true,22,8.745
Murray Bridge GH,1800,1-3,dry,1-3m,3,4.923
Murray Bridge GH,1800,1-3,dry,10m+,3,7.26
Murray Bridge GH,1800,1-3,dry,4-6m,17,5.864
Murray Bridge GH,1800,1-3,dry,7-9m,12,6.438
Murray Bridge GH,1800,1-3,dry,true,21,6.817
Murray Bridge GH,1800,1-3,heavy,true,6,6.8
Murray Bridge GH,1800,1-3,soft,1-3m,6,7.597
Murray Bridge GH,1800,1-3,soft,10m+,3,7.517
Murray Bridge GH,1800,1-3,soft,4-6m,6,5.348
Murray Bridge GH,1800,1-3,soft,7-9m,18,6.833
Murray Bridge GH,1800,1-3,soft,true,15,6.913
Murray Bridge GH,1800,10-12,dry,10m+,3,10.063
Murray Bridge GH,1800,10-12,dry,4-6m,15,6.48
Murray Bridge GH,1800,10-12,dry,7-9m,10,8.562
Murray Bridge GH,1800,10-12,dry,true,9,9.061
Murray Bridge GH,1800,10-12,heavy,true,1,9.54
Murray Bridge GH,1800,10-12,soft,1-3m,3,6.05
Murray Bridge GH,1800,10-12,soft,10m+,1,9.2
Murray Bridge GH,1800,10-12,soft,4-6m,4,6.542
Murray Bridge GH,1800,10-12,soft,7-9m,16,8.62
Murray Bridge GH,1800,10-12,soft,true,12,10.017
Murray Bridge GH,1800,13+,dry,10m+,1,12.53
Murray Bridge GH,1800,13+,dry,4-6m,13,6.428
Murray Bridge GH,1800,13+,dry,7-9m,2,5.63
Murray Bridge GH,1800,13+,dry,true,7,7.82
Murray Bridge GH,1800,13+,soft,7-9m,8,9.875
Murray Bridge GH,1800,13+,soft,true,7,11.143
Murray Bridge GH,1800,4-6,dry,1-3m,3,7.453
Murray Bridge GH,1800,4-6,dry,10m+,3,8.337
Murray Bridge GH,1800,4-6,dry,4-6m,18,7.287
Murray Bridge GH,1800,4-6,dry,7-9m,12,7.759
Murray Bridge GH,1800,4-6,dry,true,21,8.277
Murray Bridge GH,1800,4-6,heavy,true,6,6.915
Murray Bridge GH,1800,4-6,soft,1-3m,6,8.075
Murray Bridge GH,1800,4-6,soft,10m+,3,4.72
Murray Bridge GH,1800,4-6,soft,4-6m,6,5.59
Murray Bridge GH,1800,4-6,soft,7-9m,18,6.744
Murray Bridge GH,1800,4-6,soft,true,15,7.392
Murray Bridge GH,1800,7-9,dry,1-3m,3,4.423
Murray Bridge GH,1800,7-9,dry,10m+,3,12.24
Murray Bridge GH,1800,7-9,dry,4-6m,16,7.487
Murray Bridge GH,1800,7-9,dry,7-9m,11,7.383
Murray Bridge GH,1800,7-9,dry,true,17,8.366
Murray Bridge GH,1800,7-9,heavy,true,5,6.286
Murray Bridge GH,1800,7-9,soft,1-3m,6,8.31
Murray Bridge GH,1800,7-9,soft,10m+,3,8.117
Murray Bridge GH,1800,7-9,soft,4-6m,6,6.957
Murray Bridge GH,1800,7-9,soft,7-9m,17,7.263
Murray Bridge GH,1800,7-9,soft,true,14,9.079
Murray Bridge GH,2000,1-3,dry,1-3m,3,3.117
Murray Bridge GH,2000,1-3,dry,10m+,12,7.14
Murray Bridge GH,2000,1-3,dry,4-6m,12,7.142
Murray Bridge GH,2000,1-3,dry,7-9m,18,6.653
Murray Bridge GH,2000,1-3,dry,true,24,7.945
Murray Bridge GH,2000,1-3,heavy,10m+,3,12.573
Murray Bridge GH,2000,1-3,soft,1-3m,6,3.197
Murray Bridge GH,2000,1-3,soft,10m+,9,6.48
Murray Bridge GH,2000,1-3,soft,4-6m,6,5.898
Murray Bridge GH,2000,1-3,soft,7-9m,6,4.393
Murray Bridge GH,2000,1-3,soft,true,15,7.189
Murray Bridge GH,2000,10-12,dry,10m+,9,5.896
Murray Bridge GH,2000,10-12,dry,4-6m,12,8.441
Murray Bridge GH,2000,10-12,dry,7-9m,11,7.468
Murray Bridge GH,2000,10-12,dry,true,11,11.038
Murray Bridge GH,2000,10-12,heavy,10m+,3,14.877
Murray Bridge GH,2000,10-12,soft,1-3m,5,6.066
Murray Bridge GH,2000,10-12,soft,10m+,6,5.392
Murray Bridge GH,2000,10-12,soft,4-6m,4,9.82
Murray Bridge GH,2000,10-12,soft,7-9m,3,7.463
Murray Bridge GH,2000,10-12,soft,true,7,9.244
Murray Bridge GH,2000,13+,dry,10m+,2,9.78
Murray Bridge GH,2000,13+,dry,4-6m,4,8.378
Murray Bridge GH,2000,13+,dry,7-9m,3,8.483
Murray Bridge GH,2000,13+,dry,true,4,11.215
Murray Bridge GH,2000,13+,heavy,10m+,2,10.905
Murray Bridge GH,2000,13+,soft,10m+,2,3.785
Murray Bridge GH,2000,13+,soft,4-6m,1,8.16
Murray Bridge GH,2000,4-6,dry,1-3m,3,7.64
Murray Bridge GH,2000,4-6,dry,10m+,12,5.931
Murray Bridge GH,2000,4-6,dry,4-6m,12,7.818
Murray Bridge GH,2000,4-6,dry,7-9m,18,8.053
Murray Bridge GH,2000,4-6,dry,true,24,8.32
Murray Bridge GH,2000,4-6,heavy,10m+,3,12.357
Murray Bridge GH,2000,4-6,soft,1-3m,6,5.997
Murray Bridge GH,2000,4-6,soft,10m+,9,5.199
Murray Bridge GH,2000,4-6,soft,4-6m,6,7.537
Murray Bridge GH,2000,4-6,soft,7-9m,6,4.858
Murray Bridge GH,2000,4-6,soft,true,15,7.522
Murray Bridge GH,2000,7-9,dry,1-3m,2,9.215
Murray Bridge GH,2000,7-9,dry,10m+,12,7.571
Murray Bridge GH,2000,7-9,dry,4-6m,12,7.015
Murray Bridge GH,2000,7-9,dry,7-9m,17,7.013
Murray Bridge GH,2000,7-9,dry,true,16,9.329
Murray Bridge GH,2000,7-9,heavy,10m+,3,11.227
Murray Bridge GH,2000,7-9,soft,1-3m,6,6.305
Murray Bridge GH,2000,7-9,soft,10m+,7,6.021
Murray Bridge GH,2000,7-9,soft,4-6m,6,10.252
Murray Bridge GH,2000,7-9,soft,7-9m,6,5.03
Murray Bridge GH,2000,7-9,soft,true,13,9.127
Murray Bridge GH,2500,1-3,dry,4-6m,3,5.55
Murray Bridge GH,2500,1-3,dry,7-9m,5,6.06
Murray Bridge GH,2500,1-3,dry,true,6,6.63
Murray Bridge GH,2500,1-3,soft,1-3m,6,7.148
Murray Bridge GH,2500,1-3,soft,true,3,6.933
Murray Bridge GH,2500,10-12,dry,4-6m,3,4.65
Murray Bridge GH,2500,10-12,dry,7-9m,1,8.72
Murray Bridge GH,2500,10-12,dry,true,2,6.755
Murray Bridge GH,2500,10-12,soft,1-3m,1,6.67
Murray Bridge GH,2500,10-12,soft,true,2,9.955
Murray Bridge GH,2500,13+,dry,4-6m,2,5.585
Murray Bridge GH,2500,4-6,dry,4-6m,3,7.02
Murray Bridge GH,2500,4-6,dry,7-9m,6,5.125
Murray Bridge GH,2500,4-6,dry,true,6,6.695
Murray Bridge GH,2500,4-6,soft,1-3m,6,7.062
Murray Bridge GH,2500,4-6,soft,true,3,6.603
Murray Bridge GH,2500,7-9,dry,4-6m,3,5.537
Murray Bridge GH,2500,7-9,dry,7-9m,5,6.822
Murray Bridge GH,2500,7-9,dry,true,5,5.994
Murray Bridge GH,2500,7-9,soft,1-3m,5,6.61
Murray Bridge GH,2500,7-9,soft,true,3,9.867
Pakenham,1000,1-3,dry,1-3m,38,4.733
Pakenham,1000,1-3,dry,4-6m,27,4.761
Pakenham,1000,1-3,dry,7-9m,26,4.872
Pakenham,1000,1-3,dry,true,39,4.603
Pakenham,1000,1-3,heavy,4-6m,3,3.64
Pakenham,1000,1-3,heavy,true,6,6.782
Pakenham,1000,1-3,soft,1-3m,3,4.073
Pakenham,1000,1-3,soft,4-6m,12,4.97
Pakenham,1000,1-3,soft,7-9m,18,4.107
Pakenham,1000,1-3,soft,true,15,4.417
Pakenham,1000,10-12,dry,1-3m,12,8.592
Pakenham,1000,10-12,dry,4-6m,14,6.854
Pakenham,1000,10-12,dry,7-9m,7,7.131
Pakenham,1000,10-12,dry,true,17,7.636
Pakenham,1000,10-12,soft,4-6m,8,8.765
Pakenham,1000,10-12,soft,7-9m,5,6.142
Pakenham,1000,4-6,dry,1-3m,39,6.397
Pakenham,1000,4-6,dry,4-6m,27,4.974
Pakenham,1000,4-6,dry,7-9m,27,6.839
Pakenham,1000,4-6,dry,true,39,6.024
Pakenham,1000,4-6,heavy,4-6m,3,5.04
Pakenham,1000,4-6,heavy,true,6,6.393
Pakenham,1000,4-6,soft,1-3m,3,3.837
Pakenham,1000,4-6,soft,4-6m,12,6.583
Pakenham,1000,4-6,soft,7-9m,18,6.251
Pakenham,1000,4-6,soft,true,15,5.309
Pakenham,1000,7-9,dry,1-3m,29,8.097
Pakenham,1000,7-9,dry,4-6m,24,6.711
Pakenham,1000,7-9,dry,7-9m,22,8.321
Pakenham,1000,7-9,dry,true,34,7.743
Pakenham,1000,7-9,heavy,4-6m,2,4.055
Pakenham,1000,7-9,heavy,true,1,4.44
Pakenham,1000,7-9,soft,1-3m,1,0.56
Pakenham,1000,7-9,soft,4-6m,9,7.919
Pakenham,1000,7-9,soft,7-9m,16,7.666
Pakenham,1000,7-9,soft,true,10,5.9
Pakenham,1100,1-3,dry,1-3m,9,4.902
Pakenham,1100,1-3,dry,4-6m,9,5.678
Pakenham,1100,1-3,dry,7-9m,6,3.592
Pakenham,1100,1-3,dry,true,18,4.585
Pakenham,1100,1-3,heavy,1-3m,3,6.0
Pakenham,1100,1-3,heavy,4-6m,9,4.452
Pakenham,1100,1-3,soft,1-3m,6,5.7
Pakenham,1100,1-3,soft,4-6m,9,4.727
Pakenham,1100,1-3,soft,true,3,2.463
Pakenham,1100,10-12,dry,4-6m,4,8.558
Pakenham,1100,10-12,dry,7-9m,1,6.32
Pakenham,1100,10-12,dry,true,3,10.4
Pakenham,1100,10-12,soft,4-6m,4,7.3
Pakenham,1100,10-12,soft,true,2,6.435
Pakenham,1100,4-6,dry,1-3m,9,5.394
Pakenham,1100,4-6,dry,4-6m,9,5.747
Pakenham,1100,4-6,dry,7-9m,6,3.887
Pakenham,1100,4-6,dry,true,18,5.189
Pakenham,1100,4-6,heavy,1-3m,3,9.563
Pakenham,1100,4-6,heavy,4-6m,9,6.888
Pakenham,1100,4-6,soft,1-3m,6,7.973
Pakenham,1100,4-6,soft,4-6m,9,6.413
Pakenham,1100,4-6,soft,true,3,3.717
Pakenham,1100,7-9,dry,1-3m,6,7.448
Pakenham,1100,7-9,dry,4-6m,8,7.499
Pakenham,1100,7-9,dry,7-9m,5,6.92
Pakenham,1100,7-9,dry,true,9,7.404
Pakenham,1100,7-9,heavy,1-3m,2,9.48
Pakenham,1100,7-9,heavy,4-6m,4,10.168
Pakenham,1100,7-9,soft,1-3m,3,8.117
Pakenham,1100,7-9,soft,4-6m,9,7.474
Pakenham,1100,7-9,soft,true,3,6.48
Pakenham,1200,1-3,dry,1-3m,51,4.683
Pakenham,1200,1-3,dry,4-6m,63,4.601
Pakenham,1200,1-3,dry,7-9m,69,3.865
Pakenham,1200,1-3,dry,true,81,5.08
Pakenham,1200,1-3,heavy,1-3m,9,4.68
Pakenham,1200,1-3,heavy,true,15,4.337
Pakenham,1200,1-3,soft,1-3m,18,4.497
Pakenham,1200,1-3,soft,4-6m,50,5.412
Pakenham,1200,1-3,soft,7-9m,21,5.078
Pakenham,1200,1-3,soft,true,33,3.792
Pakenham,1200,10-12,dry,1-3m,23,8.656
Pakenham,1200,10-12,dry,4-6m,24,7.304
Pakenham,1200,10-12,dry,7-9m,25,6.166
Pakenham,1200,10-12,dry,true,25,7.183
Pakenham,1200,10-12,heavy,1-3m,2,6.595
Pakenham,1200,10-12,heavy,true,6,8.638
Pakenham,1200,10-12,soft,1-3m,5,5.884
Pakenham,1200,10-12,soft,4-6m,8,5.666
Pakenham,1200,10-12,soft,7-9m,6,8.368
Pakenham,1200,10-12,soft,true,5,8.392
Pakenham,1200,13+,dry,1-3m,4,15.735
Pakenham,1200,13+,dry,7-9m,1,8.91
Pakenham,1200,4-6,dry,1-3m,51,5.998
Pakenham,1200,4-6,dry,4-6m,63,5.593
Pakenham,1200,4-6,dry,7-9m,69,5.077
Pakenham,1200,4-6,dry,true,79,5.785
Pakenham,1200,4-6,heavy,1-3m,9,6.577
Pakenham,1200,4-6,heavy,true,15,6.123
Pakenham,1200,4-6,soft,1-3m,18,4.744
Pakenham,1200,4-6,soft,4-6m,50,6.843
Pakenham,1200,4-6,soft,7-9m,21,6.522
Pakenham,1200,4-6,soft,true,33,5.17
Pakenham,1200,7-9,dry,1-3m,44,7.034
Pakenham,1200,7-9,dry,4-6m,53,6.783
Pakenham,1200,7-9,dry,7-9m,62,5.64
Pakenham,1200,7-9,dry,true,65,7.381
Pakenham,1200,7-9,heavy,1-3m,5,6.69
Pakenham,1200,7-9,heavy,true,14,7.896
Pakenham,1200,7-9,soft,1-3m,12,5.942
Pakenham,1200,7-9,soft,4-6m,32,6.577
Pakenham,1200,7-9,soft,7-9m,18,8.065
Pakenham,1200,7-9,soft,true,24,5.455
Pakenham,1400,1-3,dry,1-3m,63,5.566
Pakenham,1400,1-3,dry,4-6m,78,4.694
Pakenham,1400,1-3,dry,7-9m,81,4.33
Pakenham,1400,1-3,dry,true,110,4.609
Pakenham,1400,1-3,heavy,1-3m,6,5.967
Pakenham,1400,1-3,heavy,4-6m,12,6.707
Pakenham,1400,1-3,heavy,true,21,4.272
Pakenham,1400,1-3,soft,1-3m,27,5.069
Pakenham,1400,1-3,soft,4-6m,48,5.929
Pakenham,1400,1-3,soft,7-9m,33,4.536
Pakenham,1400,1-3,soft,true,21,3.854
Pakenham,1400,10-12,dry,1-3m,21,7.809
Pakenham,1400,10-12,dry,4-6m,23,5.853
Pakenham,1400,10-12,dry,7-9m,36,6.142
Pakenham,1400,10-12,dry,true,44,6.017
Pakenham,1400,10-12,heavy,4-6m,1,9.64
Pakenham,1400,10-12,heavy,true,2,7.83
Pakenham,1400,10-12,soft,1-3m,7,6.344
Pakenham,1400,10-12,soft,4-6m,12,9.308
Pakenham,1400,10-12,soft,7-9m,9,7.169
Pakenham,1400,10-12,soft,true,11,6.266
Pakenham,1400,13+,dry,1-3m,2,4.29
Pakenham,1400,13+,dry,7-9m,2,6.305
Pakenham,1400,13+,dry,true,1,3.27
Pakenham,1400,4-6,dry,1-3m,63,6.851
Pakenham,1400,4-6,dry,4-6m,76,5.451
Pakenham,1400,4-6,dry,7-9m,79,5.522
Pakenham,1400,4-6,dry,true,111,5.4
Pakenham,1400,4-6,heavy,1-3m,6,7.308
Pakenham,1400,4-6,heavy,4-6m,12,8.249
Pakenham,1400,4-6,heavy,true,21,6.142
Pakenham,1400,4-6,soft,1-3m,26,6.03
Pakenham,1400,4-6,soft,4-6m,48,7.092
Pakenham,1400,4-6,soft,7-9m,33,5.974
Pakenham,1400,4-6,soft,true,21,4.833
Pakenham,1400,7-9,dry,1-3m,49,7.572
Pakenham,1400,7-9,dry,4-6m,63,5.575
Pakenham,1400,7-9,dry,7-9m,75,5.759
Pakenham,1400,7-9,dry,true,102,6.48
Pakenham,1400,7-9,heavy,1-3m,3,9.36
Pakenham,1400,7-9,heavy,4-6m,7,6.877
Pakenham,1400,7-9,heavy,true,16,6.562
Pakenham,1400,7-9,soft,1-3m,19,6.252
Pakenham,1400,7-9,soft,4-6m,39,6.615
Pakenham,1400,7-9,soft,7-9m,26,5.698
Pakenham,1400,7-9,soft,true,18,4.949
Pakenham,1600,1-3,dry,1-3m,35,4.31
Pakenham,1600,1-3,dry,4-6m,54,4.374
Pakenham,1600,1-3,dry,7-9m,67,4.427
Pakenham,1600,1-3,dry,true,47,5.192
Pakenham,1600,1-3,heavy,1-3m,9,6.288
Pakenham,1600,1-3,heavy,4-6m,3,8.82
Pakenham,1600,1-3,heavy,true,3,6.99
Pakenham,1600,1-3,soft,1-3m,18,3.993
Pakenham,1600,1-3,soft,4-6m,39,6.13
Pakenham,1600,1-3,soft,7-9m,18,5.156
Pakenham,1600,1-3,soft,true,24,4.349
Pakenham,1600,10-12,dry,1-3m,19,6.701
Pakenham,1600,10-12,dry,4-6m,17,4.824
Pakenham,1600,10-12,dry,7-9m,24,6.839
Pakenham,1600,10-12,dry,true,15,7.237
Pakenham,1600,10-12,soft,1-3m,1,6.77
Pakenham,1600,10-12,soft,4-6m,9,7.003
Pakenham,1600,10-12,soft,7-9m,4,5.958
Pakenham,1600,10-12,soft,true,7,4.859
Pakenham,1600,4-6,dry,1-3m,35,6.16
Pakenham,1600,4-6,dry,4-6m,54,5.076
Pakenham,1600,4-6,dry,7-9m,69,5.342
Pakenham,1600,4-6,dry,true,48,5.882
Pakenham,1600,4-6,heavy,1-3m,9,8.164
Pakenham,1600,4-6,heavy,4-6m,3,7.973
Pakenham,1600,4-6,heavy,true,3,7.17
Pakenham,1600,4-6,soft,1-3m,18,4.87
Pakenham,1600,4-6,soft,4-6m,39,6.159
Pakenham,1600,4-6,soft,7-9m,18,5.472
Pakenham,1600,4-6,soft,true,24,4.888
Pakenham,1600,7-9,dry,1-3m,34,5.875
Pakenham,1600,7-9,dry,4-6m,48,6.582
Pakenham,1600,7-9,dry,7-9m,59,5.601
Pakenham,1600,7-9,dry,true,36,6.247
Pakenham,1600,7-9,heavy,4-6m,1,10.72
Pakenham,1600,7-9,heavy,true,3,8.09
Pakenham,1600,7-9,soft,1-3m,13,5.262
Pakenham,1600,7-9,soft,4-6m,32,7.3
Pakenham,1600,7-9,soft,7-9m,15,6.364
Pakenham,1600,7-9,soft,true,16,4.207
Pakenham,2000,1-3,dry,1-3m,12,6.291
Pakenham,2000,1-3,dry,4-6m,15,5.364
Pakenham,2000,1-3,dry,7-9m,15,5.82
Pakenham,2000,1-3,dry,true,27,4.224
Pakenham,2000,1-3,heavy,1-3m,3,3.313
Pakenham,2000,1-3,heavy,4-6m,9,5.493
Pakenham,2000,1-3,heavy,true,3,4.04
Pakenham,2000,1-3,soft,1-3m,3,7.157
Pakenham,2000,1-3,soft,4-6m,12,5.458
Pakenham,2000,1-3,soft,7-9m,9,6.056
Pakenham,2000,1-3,soft,true,6,5.163
Pakenham,2000,10-12,dry,1-3m,3,7.537
Pakenham,2000,10-12,dry,4-6m,12,6.892
Pakenham,2000,10-12,dry,7-9m,9,7.532
Pakenham,2000,10-12,dry,true,19,6.099
Pakenham,2000,10-12,heavy,4-6m,5,6.792
Pakenham,2000,10-12,heavy,true,1,4.27
Pakenham,2000,10-12,soft,1-3m,3,7.913
Pakenham,2000,10-12,soft,4-6m,7,6.883
Pakenham,2000,10-12,soft,7-9m,6,7.21
Pakenham,2000,10-12,soft,true,3,4.483
Pakenham,2000,13+,dry,1-3m,1,4.51
Pakenham,2000,4-6,dry,1-3m,12,6.39
Pakenham,2000,4-6,dry,4-6m,15,5.562
Pakenham,2000,4-6,dry,7-9m,15,6.091
Pakenham,2000,4-6,dry,true,26,5.346
Pakenham,2000,4-6,heavy,1-3m,3,5.677
Pakenham,2000,4-6,heavy,4-6m,8,7.379
Pakenham,2000,4-6,heavy,true,3,3.18
Pakenham,2000,4-6,soft,1-3m,3,6.12
Pakenham,2000,4-6,soft,4-6m,12,6.885
Pakenham,2000,4-6,soft,7-9m,9,4.254
Pakenham,2000,4-6,soft,true,6,3.338
Pakenham,2000,7-9,dry,1-3m,9,9.149
Pakenham,2000,7-9,dry,4-6m,15,6.36
Pakenham,2000,7-9,dry,7-9m,13,6.56
Pakenham,2000,7-9,dry,true,27,5.897
Pakenham,2000,7-9,heavy,1-3m,2,7.25
Pakenham,2000,7-9,heavy,4-6m,9,7.054
Pakenham,2000,7-9,heavy,true,3,3.387
Pakenham,2000,7-9,soft,1-3m,3,5.29
Pakenham,2000,7-9,soft,4-6m,12,6.259
Pakenham,2000,7-9,soft,7-9m,6,7.028
Pakenham,2000,7-9,soft,true,5,3.166
Pakenham,2500,1-3,dry,1-3m,14,5.675
Pakenham,2500,1-3,dry,4-6m,21,4.819
Pakenham,2500,1-3,dry,true,15,5.883
Pakenham,2500,1-3,soft,1-3m,3,5.02
Pakenham,2500,1-3,soft,4-6m,6,4.542
Pakenham,2500,1-3,soft,true,3,4.573
Pakenham,2500,10-12,dry,1-3m,5,8.662
Pakenham,2500,10-12,dry,4-6m,4,7.59
Pakenham,2500,10-12,dry,true,10,5.722
Pakenham,2500,10-12,soft,1-3m,1,7.09
Pakenham,2500,10-12,soft,4-6m,3,6.52
Pakenham,2500,10-12,soft,true,3,3.54
Pakenham,2500,13+,dry,1-3m,4,8.638
Pakenham,2500,4-6,dry,1-3m,14,5.717
Pakenham,2500,4-6,dry,4-6m,21,4.585
Pakenham,2500,4-6,dry,true,15,6.017
Pakenham,2500,4-6,soft,1-3m,3,6.133
Pakenham,2500,4-6,soft,4-6m,6,6.185
Pakenham,2500,4-6,soft,true,3,4.18
Pakenham,2500,7-9,dry,1-3m,8,6.775
Pakenham,2500,7-9,dry,4-6m,12,5.663
Pakenham,2500,7-9,dry,true,13,5.167
Pakenham,2500,7-9,soft,1-3m,3,5.94
Pakenham,2500,7-9,soft,4-6m,6,5.94
Pakenham,2500,7-9,soft,true,3,8.303
Pakenham,2600,1-3,dry,7-9m,21,4.53
Pakenham,2600,10-12,dry,7-9m,2,6.52
Pakenham,2600,4-6,dry,7-9m,21,4.495
Pakenham,2600,7-9,dry,7-9m,16,4.498
Rockhampton,1000,1-3,dry,1-3m,9,1.586
Rockhampton,1000,1-3,dry,4-6m,57,2.264
Rockhampton,1000,1-3,heavy,4-6m,3,5.471
Rockhampton,1000,1-3,heavy,7-9m,6,2.299
Rockhampton,1000,1-3,soft,1-3m,9,3.44
Rockhampton,1000,1-3,soft,4-6m,119,2.324
Rockhampton,1000,1-3,soft,7-9m,30,3.336
Rockhampton,1000,1-3,soft,true,3,2.685
Rockhampton,1000,10-12,dry,1-3m,1,3.132
Rockhampton,1000,10-12,dry,4-6m,9,3.81
Rockhampton,1000,10-12,soft,1-3m,3,5.085
Rockhampton,1000,10-12,soft,4-6m,19,4.641
Rockhampton,1000,10-12,soft,7-9m,2,4.733
Rockhampton,1000,10-12,soft,true,2,4.942
Rockhampton,1000,4-6,dry,1-3m,9,2.73
Rockhampton,1000,4-6,dry,4-6m,56,2.659
Rockhampton,1000,4-6,heavy,4-6m,3,6.329
Rockhampton,1000,4-6,heavy,7-9m,5,3.091
Rockhampton,1000,4-6,soft,1-3m,9,3.266
Rockhampton,1000,4-6,soft,4-6m,118,3.087
Rockhampton,1000,4-6,soft,7-9m,28,3.702
Rockhampton,1000,4-6,soft,true,3,4.279
Rockhampton,1000,7-9,dry,1-3m,6,3.179
Rockhampton,1000,7-9,dry,4-6m,33,3.527
Rockhampton,1000,7-9,heavy,4-6m,1,6.368
Rockhampton,1000,7-9,heavy,7-9m,1,4.73
Rockhampton,1000,7-9,soft,1-3m,6,3.264
Rockhampton,1000,7-9,soft,4-6m,67,3.944
Rockhampton,1000,7-9,soft,7-9m,20,4.471
Rockhampton,1000,7-9,soft,true,3,5.426
Rockhampton,1100,1-3,dry,1-3m,18,1.745
Rockhampton,1100,1-3,dry,4-6m,42,2.452
Rockhampton,1100,1-3,dry,7-9m,6,2.464
Rockhampton,1100,1-3,dry,true,6,1.993
Rockhampton,1100,1-3,heavy,4-6m,9,4.048
Rockhampton,1100,1-3,heavy,true,3,3.205
Rockhampton,1100,1-3,soft,1-3m,6,2.843
Rockhampton,1100,1-3,soft,4-6m,107,2.798
Rockhampton,1100,1-3,soft,7-9m,24,2.936
Rockhampton,1100,1-3,soft,true,3,2.594
Rockhampton,1100,10-12,dry,1-3m,1,4.42
Rockhampton,1100,10-12,dry,4-6m,12,3.549
Rockhampton,1100,10-12,heavy,4-6m,3,3.531
Rockhampton,1100,10-12,heavy,true,1,4.468
Rockhampton,1100,10-12,soft,1-3m,1,6.276
Rockhampton,1100,10-12,soft,4-6m,22,4.78
Rockhampton,1100,10-12,soft,7-9m,2,2.965
Rockhampton,1100,10-12,soft,true,3,6.22
Rockhampton,1100,13+,dry,4-6m,1,0.936
Rockhampton,1100,13+,heavy,4-6m,2,5.025
Rockhampton,1100,13+,soft,4-6m,3,4.767
Rockhampton,1100,4-6,dry,1-3m,15,2.668
Rockhampton,1100,4-6,dry,4-6m,41,2.724
Rockhampton,1100,4-6,dry,7-9m,6,3.484
Rockhampton,1100,4-6,dry,true,6,3.95
Rockhampton,1100,4-6,heavy,4-6m,9,3.709
Rockhampton,1100,4-6,heavy,true,3,5.705
Rockhampton,1100,4-6,soft,1-3m,5,4.443
Rockhampton,1100,4-6,soft,4-6m,106,3.351
Rockhampton,1100,4-6,soft,7-9m,21,2.673
Rockhampton,1100,4-6,soft,true,3,3.159
Rockhampton,1100,7-9,dry,1-3m,4,1.565
Rockhampton,1100,7-9,dry,4-6m,33,3.627
Rockhampton,1100,7-9,dry,7-9m,3,3.599
Rockhampton,1100,7-9,dry,true,5,4.007
Rockhampton,1100,7-9,heavy,4-6m,6,4.113
Rockhampton,1100,7-9,heavy,true,3,4.574
Rockhampton,1100,7-9,soft,1-3m,3,4.215
Rockhampton,1100,7-9,soft,4-6m,64,4.092
Rockhampton,1100,7-9,soft,7-9m,9,3.769
Rockhampton,1100,7-9,soft,true,3,4.83
Rockhampton,1200,1-3,dry,1-3m,12,2.319
Rockhampton,1200,1-3,dry,4-6m,54,2.038
Rockhampton,1200,1-3,dry,true,6,1.844
Rockhampton,1200,1-3,heavy,1-3m,3,2.729
Rockhampton,1200,1-3,heavy,4-6m,18,3.026
Rockhampton,1200,1-3,soft,1-3m,26,2.585
Rockhampton,1200,1-3,soft,4-6m,172,2.28
Rockhampton,1200,1-3,soft,7-9m,34,3.947
Rockhampton,1200,10-12,dry,1-3m,2,5.304
Rockhampton,1200,10-12,dry,4-6m,12,3.467
Rockhampton,1200,10-12,heavy,4-6m,3,5.905
Rockhampton,1200,10-12,soft,1-3m,8,4.741
Rockhampton,1200,10-12,soft,4-6m,59,4.594
Rockhampton,1200,10-12,soft,7-9m,3,3.892
Rockhampton,1200,13+,soft,1-3m,2,6.232
Rockhampton,1200,13+,soft,4-6m,5,5.426
Rockhampton,1200,4-6,dry,1-3m,12,3.168
Rockhampton,1200,4-6,dry,4-6m,52,2.576
Rockhampton,1200,4-6,dry,true,6,2.894
Rockhampton,1200,4-6,heavy,1-3m,3,3.476
Rockhampton,1200,4-6,heavy,4-6m,16,3.413
Rockhampton,1200,4-6,soft,1-3m,25,3.517
Rockhampton,1200,4-6,soft,4-6m,170,3.118
Rockhampton,1200,4-6,soft,7-9m,36,4.343
Rockhampton,1200,7-9,dry,1-3m,8,4.619
Rockhampton,1200,7-9,dry,4-6m,37,2.821
Rockhampton,1200,7-9,dry,true,2,2.892
Rockhampton,1200,7-9,heavy,1-3m,1,2.885
Rockhampton,1200,7-9,heavy,4-6m,9,4.504
Rockhampton,1200,7-9,soft,1-3m,17,3.692
Rockhampton,1200,7-9,soft,4-6m,112,3.706
Rockhampton,1200,7-9,soft,7-9m,16,4.798
Rockhampton,1300,1-3,dry,1-3m,15,1.598
Rockhampton,1300,1-3,dry,4-6m,36,2.527
Rockhampton,1300,1-3,dry,7-9m,6,2.096
Rockhampton,1300,1-3,heavy,4-6m,3,3.904
Rockhampton,1300,1-3,heavy,true,3,2.683
Rockhampton,1300,1-3,soft,1-3m,3,2.005
Rockhampton,1300,1-3,soft,4-6m,108,2.701
Rockhampton,1300,1-3,soft,7-9m,15,3.907
Rockhampton,1300,10-12,dry,1-3m,7,3.094
Rockhampton,1300,10-12,dry,4-6m,16,3.282
Rockhampton,1300,10-12,soft,4-6m,44,3.621
Rockhampton,1300,10-12,soft,7-9m,4,3.788
Rockhampton,1300,13+,dry,1-3m,1,1.228
Rockhampton,1300,13+,dry,4-6m,1,3.627
Rockhampton,1300,13+,soft,4-6m,12,3.979
Rockhampton,1300,4-6,dry,1-3m,15,2.414
Rockhampton,1300,4-6,dry,4-6m,34,3.241
Rockhampton,1300,4-6,dry,7-9m,5,2.585
Rockhampton,1300,4-6,heavy,4-6m,3,4.558
Rockhampton,1300,4-6,heavy,true,3,4.656
Rockhampton,1300,4-6,soft,1-3m,3,3.335
Rockhampton,1300,4-6,soft,4-6m,105,2.762
Rockhampton,1300,4-6,soft,7-9m,15,4.164
Rockhampton,1300,7-9,dry,1-3m,13,2.271
Rockhampton,1300,7-9,dry,4-6m,29,2.807
Rockhampton,1300,7-9,dry,7-9m,5,3.145
Rockhampton,1300,7-9,heavy,4-6m,1,3.957
Rockhampton,1300,7-9,heavy,true,3,5.393
Rockhampton,1300,7-9,soft,1-3m,3,2.451
Rockhampton,1300,7-9,soft,4-6m,81,3.289
Rockhampton,1300,7-9,soft,7-9m,12,4.962
Rockhampton,1400,1-3,dry,1-3m,6,2.243
Rockhampton,1400,1-3,dry,4-6m,47,1.924
Rockhampton,1400,1-3,dry,7-9m,6,2.024
Rockhampton,1400,1-3,dry,true,3,1.787
Rockhampton,1400,1-3,heavy,4-6m,6,1.766
Rockhampton,1400,1-3,heavy,7-9m,3,2.028
Rockhampton,1400,1-3,soft,1-3m,12,2.276
Rockhampton,1400,1-3,soft,4-6m,108,2.34
Rockhampton,1400,1-3,soft,7-9m,39,2.073
Rockhampton,1400,10-12,dry,4-6m,13,3.454
Rockhampton,1400,10-12,heavy,4-6m,1,2.123
Rockhampton,1400,10-12,soft,1-3m,2,3.449
Rockhampton,1400,10-12,soft,4-6m,23,3.873
Rockhampton,1400,10-12,soft,7-9m,10,3.314
Rockhampton,1400,13+,dry,4-6m,1,2.934
Rockhampton,1400,13+,soft,4-6m,4,5.335
Rockhampton,1400,13+,soft,7-9m,1,3.757
Rockhampton,1400,4-6,dry,1-3m,6,2.678
Rockhampton,1400,4-6,dry,4-6m,48,2.902
Rockhampton,1400,4-6,dry,7-9m,6,2.537
Rockhampton,1400,4-6,dry,true,3,2.34
Rockhampton,1400,4-6,heavy,4-6m,6,2.658
Rockhampton,1400,4-6,heavy,7-9m,4,5.009
Rockhampton,1400,4-6,soft,1-3m,12,2.827
Rockhampton,1400,4-6,soft,4-6m,102,2.794
Rockhampton,1400,4-6,soft,7-9m,38,2.858
Rockhampton,1400,7-9,dry,1-3m,2,1.914
Rockhampton,1400,7-9,dry,4-6m,40,2.832
Rockhampton,1400,7-9,dry,7-9m,4,2.781
Rockhampton,1400,7-9,heavy,4-6m,5,3.048
Rockhampton,1400,7-9,heavy,7-9m,2,4.17
Rockhampton,1400,7-9,soft,1-3m,7,3.293
Rockhampton,1400,7-9,soft,4-6m,71,3.453
Rockhampton,1400,7-9,soft,7-9m,28,2.832
Rockhampton,1500,1-3,dry,1-3m,3,0.901
Rockhampton,1500,1-3,dry,4-6m,3,2.289
Rockhampton,1500,1-3,heavy,4-6m,3,3.568
Rockhampton,1500,1-3,heavy,7-9m,3,2.737
Rockhampton,1500,1-3,heavy,true,3,2.314
Rockhampton,1500,1-3,soft,1-3m,6,2.27
Rockhampton,1500,1-3,soft,4-6m,36,2.384
Rockhampton,1500,1-3,soft,7-9m,12,3.816
Rockhampton,1500,10-12,dry,1-3m,2,1.318
Rockhampton,1500,10-12,dry,4-6m,3,3.406
Rockhampton,1500,10-12,soft,4-6m,11,2.847
Rockhampton,1500,10-12,soft,7-9m,3,2.277
Rockhampton,1500,13+,soft,4-6m,3,4.419
Rockhampton,1500,13+,soft,7-9m,1,2.951
Rockhampton,1500,4-6,dry,1-3m,3,2.28
Rockhampton,1500,4-6,dry,4-6m,3,3.638
Rockhampton,1500,4-6,heavy,4-6m,3,4.301
Rockhampton,1500,4-6,heavy,7-9m,3,2.671
Rockhampton,1500,4-6,heavy,true,3,2.615
Rockhampton,1500,4-6,soft,1-3m,6,2.339
Rockhampton,1500,4-6,soft,4-6m,35,2.785
Rockhampton,1500,4-6,soft,7-9m,11,3.847
Rockhampton,1500,7-9,dry,1-3m,3,2.308
Rockhampton,1500,7-9,dry,4-6m,3,3.525
Rockhampton,1500,7-9,heavy,4-6m,3,4.246
Rockhampton,1500,7-9,heavy,7-9m,3,3.471
Rockhampton,1500,7-9,heavy,true,3,4.116
Rockhampton,1500,7-9,soft,1-3m,4,2.732
Rockhampton,1500,7-9,soft,4-6m,29,3.075
Rockhampton,1500,7-9,soft,7-9m,3,2.704
Rockhampton,1600,1-3,dry,1-3m,3,1.358
Rockhampton,1600,1-3,dry,4-6m,21,1.849
Rockhampton,1600,1-3,dry,7-9m,3,2.56
Rockhampton,1600,1-3,heavy,4-6m,6,2.681
Rockhampton,1600,1-3,heavy,7-9m,3,9.869
Rockhampton,1600,1-3,heavy,true,3,3.826
Rockhampton,1600,1-3,soft,1-3m,12,2.092
Rockhampton,1600,1-3,soft,4-6m,82,2.296
Rockhampton,1600,1-3,soft,7-9m,18,3.054
Rockhampton,1600,10-12,dry,4-6m,3,4.125
Rockhampton,1600,10-12,soft,1-3m,3,4.236
Rockhampton,1600,10-12,soft,4-6m,25,3.803
Rockhampton,1600,10-12,soft,7-9m,5,3.387
Rockhampton,1600,13+,dry,4-6m,1,4.85
Rockhampton,1600,13+,soft,1-3m,1,4.351
Rockhampton,1600,13+,soft,4-6m,14,4.122
Rockhampton,1600,4-6,dry,1-3m,3,2.233
Rockhampton,1600,4-6,dry,4-6m,21,2.392
Rockhampton,1600,4-6,dry,7-9m,3,1.979
Rockhampton,1600,4-6,heavy,4-6m,5,3.551
Rockhampton,1600,4-6,heavy,7-9m,3,9.638
Rockhampton,1600,4-6,heavy,true,3,4.43
Rockhampton,1600,4-6,soft,1-3m,12,2.706
Rockhampton,1600,4-6,soft,4-6m,81,2.82
Rockhampton,1600,4-6,soft,7-9m,18,3.537
Rockhampton,1600,7-9,dry,1-3m,2,3.059
Rockhampton,1600,7-9,dry,4-6m,10,3.266
Rockhampton,1600,7-9,heavy,4-6m,1,1.459
Rockhampton,1600,7-9,heavy,true,1,3.73
Rockhampton,1600,7-9,soft,1-3m,7,3.714
Rockhampton,1600,7-9,soft,4-6m,59,3.37
Rockhampton,1600,7-9,soft,7-9m,9,4.22
Rockhampton,1800,1-3,dry,4-6m,5,2.399
Rockhampton,1800,1-3,heavy,4-6m,3,2.239
Rockhampton,1800,1-3,soft,1-3m,3,2.557
Rockhampton,1800,1-3,soft,4-6m,7,2.806
Rockhampton,1800,10-12,dry,4-6m,1,3.094
Rockhampton,1800,10-12,soft,4-6m,2,3.545
Rockhampton,1800,4-6,dry,4-6m,6,2.54
Rockhampton,1800,4-6,heavy,4-6m,3,2.64
Rockhampton,1800,4-6,soft,1-3m,3,2.477
Rockhampton,1800,4-6,soft,4-6m,8,2.912
Rockhampton,1800,7-9,dry,4-6m,5,3.002
Rockhampton,1800,7-9,soft,4-6m,8,3.013
Rockhampton,2200,1-3,soft,4-6m,3,2.893
Rockhampton,2200,4-6,soft,4-6m,4,2.6
Rockhampton,2200,7-9,soft,4-6m,5,2.822
Sandown-Hillside,1000,1-3,dry,1-3m,17,5.252
Sandown-Hillside,1000,1-3,dry,10m+,62,3.119
Sandown-Hillside,1000,1-3,dry,4-6m,45,3.129
Sandown-Hillside,1000,1-3,dry,7-9m,36,6.538
Sandown-Hillside,1000,1-3,dry,true,72,3.582
Sandown-Hillside,1000,1-3,heavy,10m+,21,4.425
Sandown-Hillside,1000,1-3,heavy,4-6m,21,4.88
Sandown-Hillside,1000,1-3,heavy,7-9m,9,2.393
Sandown-Hillside,1000,1-3,heavy,true,3,3.023
Sandown-Hillside,1000,1-3,soft,1-3m,18,5.368
Sandown-Hillside,1000,1-3,soft,10m+,30,8.419
Sandown-Hillside,1000,1-3,soft,4-6m,47,5.676
Sandown-Hillside,1000,1-3,soft,7-9m,60,5.072
Sandown-Hillside,1000,1-3,soft,true,42,5.137
Sandown-Hillside,1000,10-12,dry,1-3m,1,6.17
Sandown-Hillside,1000,10-12,dry,10m+,23,7.052
Sandown-Hillside,1000,10-12,dry,4-6m,6,7.095
Sandown-Hillside,1000,10-12,dry,7-9m,9,11.33
Sandown-Hillside,1000,10-12,dry,true,15,8.852
Sandown-Hillside,1000,10-12,heavy,10m+,6,10.293
Sandown-Hillside,1000,10-12,heavy,4-6m,6,8.26
Sandown-Hillside,1000,10-12,heavy,7-9m,1,5.02
Sandown-Hillside,1000,10-12,soft,1-3m,1,8.85
Sandown-Hillside,1000,10-12,soft,10m+,8,8.769
Sandown-Hillside,1000,10-12,soft,4-6m,18,10.772
Sandown-Hillside,1000,10-12,soft,7-9m,10,7.853
Sandown-Hillside,1000,10-12,soft,true,20,10.032
Sandown-Hillside,1000,13+,dry,10m+,6,9.588
Sandown-Hillside,1000,13+,dry,4-6m,2,13.815
Sandown-Hillside,1000,13+,dry,true,1,9.88
Sandown-Hillside,1000,13+,heavy,10m+,2,13.55
Sandown-Hillside,1000,13+,soft,10m+,2,9.6
Sandown-Hillside,1000,13+,soft,4-6m,3,8.487
Sandown-Hillside,1000,13+,soft,true,5,10.53
Sandown-Hillside,1000,4-6,dry,1-3m,18,6.106
Sandown-Hillside,1000,4-6,dry,10m+,63,4.44
Sandown-Hillside,1000,4-6,dry,4-6m,44,5.366
Sandown-Hillside,1000,4-6,dry,7-9m,34,8.481
Sandown-Hillside,1000,4-6,dry,true,69,5.153
Sandown-Hillside,1000,4-6,heavy,10m+,21,6.934
Sandown-Hillside,1000,4-6,heavy,4-6m,21,5.771
Sandown-Hillside,1000,4-6,heavy,7-9m,9,5.759
Sandown-Hillside,1000,4-6,heavy,true,3,4.59
Sandown-Hillside,1000,4-6,soft,1-3m,18,5.834
Sandown-Hillside,1000,4-6,soft,10m+,29,9.929
Sandown-Hillside,1000,4-6,soft,4-6m,47,7.209
Sandown-Hillside,1000,4-6,soft,7-9m,60,6.207
Sandown-Hillside,1000,4-6,soft,true,42,5.915
Sandown-Hillside,1000,7-9,dry,1-3m,6,5.792
Sandown-Hillside,1000,7-9,dry,10m+,51,5.824
Sandown-Hillside,1000,7-9,dry,4-6m,17,5.706
Sandown-Hillside,1000,7-9,dry,7-9m,30,8.687
Sandown-Hillside,1000,7-9,dry,true,50,5.411
Sandown-Hillside,1000,7-9,heavy,10m+,15,8.39
Sandown-Hillside,1000,7-9,heavy,4-6m,19,7.488
Sandown-Hillside,1000,7-9,heavy,7-9m,6,5.96
Sandown-Hillside,1000,7-9,heavy,true,1,3.4
Sandown-Hillside,1000,7-9,soft,1-3m,13,7.298
Sandown-Hillside,1000,7-9,soft,10m+,21,9.753
Sandown-Hillside,1000,7-9,soft,4-6m,37,8.498
Sandown-Hillside,1000,7-9,soft,7-9m,42,7.602
Sandown-Hillside,1000,7-9,soft,true,36,7.152
Sandown-Hillside,1100,1-3,dry,1-3m,3,1.843
Sandown-Hillside,1100,1-3,dry,10m+,12,1.821
Sandown-Hillside,1100,1-3,dry,4-6m,3,13.633
Sandown-Hillside,1100,10-12,dry,10m+,11,3.97
Sandown-Hillside,1100,13+,dry,10m+,4,5.325
Sandown-Hillside,1100,4-6,dry,1-3m,3,1.677
Sandown-Hillside,1100,4-6,dry,10m+,10,2.475
Sandown-Hillside,1100,4-6,dry,4-6m,3,14.967
Sandown-Hillside,1100,7-9,dry,1-3m,3,1.67
Sandown-Hillside,1100,7-9,dry,10m+,12,2.021
Sandown-Hillside,1100,7-9,dry,4-6m,2,16.555
Sandown-Hillside,1200,1-3,heavy,4-6m,3,2.55
Sandown-Hillside,1200,1-3,heavy,7-9m,3,7.52
Sandown-Hillside,1200,1-3,soft,10m+,3,4.74
Sandown-Hillside,1200,1-3,soft,4-6m,3,6.7
Sandown-Hillside,1200,1-3,soft,7-9m,6,3.968
Sandown-Hillside,1200,10-12,soft,10m+,1,9.59
Sandown-Hillside,1200,10-12,soft,4-6m,3,9.46
Sandown-Hillside,1200,10-12,soft,7-9m,1,4.58
Sandown-Hillside,1200,4-6,heavy,4-6m,3,3.373
Sandown-Hillside,1200,4-6,heavy,7-9m,3,3.3
Sandown-Hillside,1200,4-6,soft,10m+,3,6.203
Sandown-Hillside,1200,4-6,soft,4-6m,3,7.483
Sandown-Hillside,1200,4-6,soft,7-9m,6,4.925
Sandown-Hillside,1200,7-9,heavy,4-6m,2,4.835
Sandown-Hillside,1200,7-9,heavy,7-9m,3,4.957
Sandown-Hillside,1200,7-9,soft,10m+,3,5.45
Sandown-Hillside,1200,7-9,soft,4-6m,3,10.03
Sandown-Hillside,1200,7-9,soft,7-9m,4,5.64
Sandown-Hillside,1300,1-3,dry,1-3m,30,2.834
Sandown-Hillside,1300,1-3,dry,10m+,93,3.717
Sandown-Hillside,1300,1-3,dry,4-6m,36,3.76
Sandown-Hillside,1300,1-3,dry,7-9m,44,4.462
Sandown-Hillside,1300,1-3,dry,true,77,4.02
Sandown-Hillside,1300,1-3,heavy,10m+,13,3.979
Sandown-Hillside,1300,1-3,heavy,4-6m,12,3.399
Sandown-Hillside,1300,1-3,heavy,7-9m,6,3.382
Sandown-Hillside,1300,1-3,heavy,true,6,3.27
Sandown-Hillside,1300,1-3,soft,1-3m,21,3.475
Sandown-Hillside,1300,1-3,soft,10m+,45,2.52
Sandown-Hillside,1300,1-3,soft,4-6m,45,4.348
Sandown-Hillside,1300,1-3,soft,7-9m,39,5.465
Sandown-Hillside,1300,1-3,soft,true,23,3.627
Sandown-Hillside,1300,10-12,dry,1-3m,11,4.891
Sandown-Hillside,1300,10-12,dry,10m+,43,6.985
Sandown-Hillside,1300,10-12,dry,4-6m,10,4.528
Sandown-Hillside,1300,10-12,dry,7-9m,12,8.577
Sandown-Hillside,1300,10-12,dry,true,33,6.907
Sandown-Hillside,1300,10-12,heavy,10m+,7,8.347
Sandown-Hillside,1300,10-12,heavy,7-9m,2,7.925
Sandown-Hillside,1300,10-12,heavy,true,1,5.54
Sandown-Hillside,1300,10-12,soft,1-3m,9,6.072
Sandown-Hillside,1300,10-12,soft,10m+,17,4.365
Sandown-Hillside,1300,10-12,soft,4-6m,16,8.739
Sandown-Hillside,1300,10-12,soft,7-9m,15,7.059
Sandown-Hillside,1300,10-12,soft,true,10,6.044
Sandown-Hillside,1300,13+,dry,1-3m,3,4.747
Sandown-Hillside,1300,13+,dry,10m+,4,7.24
Sandown-Hillside,1300,13+,dry,7-9m,5,7.196
Sandown-Hillside,1300,13+,dry,true,3,6.523
Sandown-Hillside,1300,13+,soft,1-3m,2,5.56
Sandown-Hillside,1300,13+,soft,10m+,2,1.36
Sandown-Hillside,1300,13+,soft,4-6m,4,9.092
Sandown-Hillside,1300,13+,soft,7-9m,4,9.3
Sandown-Hillside,1300,13+,soft,true,6,5.758
Sandown-Hillside,1300,4-6,dry,1-3m,32,4.223
Sandown-Hillside,1300,4-6,dry,10m+,95,4.348
Sandown-Hillside,1300,4-6,dry,4-6m,35,4.885
Sandown-Hillside,1300,4-6,dry,7-9m,44,5.044
Sandown-Hillside,1300,4-6,dry,true,77,4.73
Sandown-Hillside,1300,4-6,heavy,10m+,14,4.939
Sandown-Hillside,1300,4-6,heavy,4-6m,10,4.706
Sandown-Hillside,1300,4-6,heavy,7-9m,6,4.433
Sandown-Hillside,1300,4-6,heavy,true,6,3.23
Sandown-Hillside,1300,4-6,soft,1-3m,21,5.71
Sandown-Hillside,1300,4-6,soft,10m+,45,3.835
Sandown-Hillside,1300,4-6,soft,4-6m,44,4.965
Sandown-Hillside,1300,4-6,soft,7-9m,38,6.321
Sandown-Hillside,1300,4-6,soft,true,23,5.303
Sandown-Hillside,1300,7-9,dry,1-3m,23,4.514
Sandown-Hillside,1300,7-9,dry,10m+,79,5.475
Sandown-Hillside,1300,7-9,dry,4-6m,32,5.186
Sandown-Hillside,1300,7-9,dry,7-9m,32,5.725
Sandown-Hillside,1300,7-9,dry,true,65,6.077
Sandown-Hillside,1300,7-9,heavy,10m+,12,6.692
Sandown-Hillside,1300,7-9,heavy,4-6m,8,3.272
Sandown-Hillside,1300,7-9,heavy,7-9m,6,5.743
Sandown-Hillside,1300,7-9,heavy,true,6,3.708
Sandown-Hillside,1300,7-9,soft,1-3m,17,5.138
Sandown-Hillside,1300,7-9,soft,10m+,36,3.874
Sandown-Hillside,1300,7-9,soft,4-6m,36,6.0
Sandown-Hillside,1300,7-9,soft,7-9m,29,7.191
Sandown-Hillside,1300,7-9,soft,true,21,5.638
Sandown-Hillside,1400,1-3,dry,1-3m,45,4.689
Sandown-Hillside,1400,1-3,dry,10m+,80,3.3
Sandown-Hillside,1400,1-3,dry,4-6m,35,4.707
Sandown-Hillside,1400,1-3,dry,7-9m,23,3.602
Sandown-Hillside,1400,1-3,dry,true,69,3.293
Sandown-Hillside,1400,1-3,heavy,10m+,15,4.692
Sandown-Hillside,1400,1-3,heavy,4-6m,27,5.177
Sandown-Hillside,1400,1-3,heavy,7-9m,3,13.19
Sandown-Hillside,1400,1-3,soft,1-3m,21,3.527
Sandown-Hillside,1400,1-3,soft,10m+,20,5.318
Sandown-Hillside,1400,1-3,soft,4-6m,50,5.313
Sandown-Hillside,1400,1-3,soft,7-9m,33,7.025
Sandown-Hillside,1400,1-3,soft,true,30,5.275
Sandown-Hillside,1400,10-12,dry,1-3m,12,7.42
Sandown-Hillside,1400,10-12,dry,10m+,29,5.52
Sandown-Hillside,1400,10-12,dry,4-6m,8,7.55
Sandown-Hillside,1400,10-12,dry,7-9m,12,7.526
Sandown-Hillside,1400,10-12,dry,true,34,6.936
Sandown-Hillside,1400,10-12,heavy,4-6m,7,10.05
Sandown-Hillside,1400,10-12,heavy,7-9m,3,16.447
Sandown-Hillside,1400,10-12,soft,1-3m,8,5.708
Sandown-Hillside,1400,10-12,soft,10m+,8,9.519
Sandown-Hillside,1400,10-12,soft,4-6m,20,8.1
Sandown-Hillside,1400,10-12,soft,7-9m,14,11.275
Sandown-Hillside,1400,10-12,soft,true,21,7.889
Sandown-Hillside,1400,13+,dry,1-3m,6,6.978
Sandown-Hillside,1400,13+,dry,10m+,4,5.45
Sandown-Hillside,1400,13+,dry,4-6m,1,4.68
Sandown-Hillside,1400,13+,dry,7-9m,3,4.76
Sandown-Hillside,1400,13+,dry,true,15,7.591
Sandown-Hillside,1400,13+,heavy,4-6m,2,17.395
Sandown-Hillside,1400,13+,soft,10m+,3,6.503
Sandown-Hillside,1400,13+,soft,4-6m,10,9.991
Sandown-Hillside,1400,13+,soft,7-9m,7,11.694
Sandown-Hillside,1400,13+,soft,true,13,9.649
Sandown-Hillside,1400,4-6,dry,1-3m,44,6.096
Sandown-Hillside,1400,4-6,dry,10m+,79,4.301
Sandown-Hillside,1400,4-6,dry,4-6m,34,4.619
Sandown-Hillside,1400,4-6,dry,7-9m,24,5.156
Sandown-Hillside,1400,4-6,dry,true,67,4.355
Sandown-Hillside,1400,4-6,heavy,10m+,15,8.193
Sandown-Hillside,1400,4-6,heavy,4-6m,27,6.654
Sandown-Hillside,1400,4-6,heavy,7-9m,3,13.937
Sandown-Hillside,1400,4-6,soft,1-3m,21,4.498
Sandown-Hillside,1400,4-6,soft,10m+,21,7.05
Sandown-Hillside,1400,4-6,soft,4-6m,49,6.852
Sandown-Hillside,1400,4-6,soft,7-9m,33,9.465
Sandown-Hillside,1400,4-6,soft,true,30,6.28
Sandown-Hillside,1400,7-9,dry,1-3m,34,7.229
Sandown-Hillside,1400,7-9,dry,10m+,64,4.763
Sandown-Hillside,1400,7-9,dry,4-6m,28,4.859
Sandown-Hillside,1400,7-9,dry,7-9m,23,6.24
Sandown-Hillside,1400,7-9,dry,true,60,4.661
Sandown-Hillside,1400,7-9,heavy,10m+,11,7.385
Sandown-Hillside,1400,7-9,heavy,4-6m,22,6.827
Sandown-Hillside,1400,7-9,heavy,7-9m,3,15.55
Sandown-Hillside,1400,7-9,soft,1-3m,14,5.074
Sandown-Hillside,1400,7-9,soft,10m+,16,7.485
Sandown-Hillside,1400,7-9,soft,4-6m,40,6.622
Sandown-Hillside,1400,7-9,soft,7-9m,27,10.695
Sandown-Hillside,1400,7-9,soft,true,30,7.448
Sandown-Hillside,1500,1-3,dry,1-3m,6,6.662
Sandown-Hillside,1500,1-3,dry,10m+,9,2.489
Sandown-Hillside,1500,1-3,dry,4-6m,24,3.11
Sandown-Hillside,1500,1-3,dry,7-9m,24,4.818
Sandown-Hillside,1500,1-3,dry,true,30,4.42
Sandown-Hillside,1500,1-3,heavy,10m+,6,6.105
Sandown-Hillside,1500,1-3,heavy,4-6m,3,5.437
Sandown-Hillside,1500,1-3,heavy,7-9m,3,11.26
Sandown-Hillside,1500,1-3,soft,10m+,21,3.635
Sandown-Hillside,1500,1-3,soft,4-6m,2,1.785
Sandown-Hillside,1500,1-3,soft,7-9m,14,3.692
Sandown-Hillside,1500,1-3,soft,true,9,5.486
Sandown-Hillside,1500,10-12,dry,1-3m,3,8.597
Sandown-Hillside,1500,10-12,dry,10m+,1,1.98
Sandown-Hillside,1500,10-12,dry,4-6m,4,6.768
Sandown-Hillside,1500,10-12,dry,7-9m,19,7.316
Sandown-Hillside,1500,10-12,dry,true,10,8.747
Sandown-Hillside,1500,10-12,heavy,10m+,6,8.632
Sandown-Hillside,1500,10-12,heavy,7-9m,1,12.55
Sandown-Hillside,1500,10-12,soft,10m+,14,4.997
Sandown-Hillside,1500,10-12,soft,4-6m,1,1.31
Sandown-Hillside,1500,10-12,soft,7-9m,4,3.838
Sandown-Hillside,1500,10-12,soft,true,3,3.487
Sandown-Hillside,1500,13+,dry,4-6m,1,4.86
Sandown-Hillside,1500,13+,dry,7-9m,3,7.363
Sandown-Hillside,1500,13+,dry,true,1,11.83
Sandown-Hillside,1500,13+,heavy,10m+,5,7.048
Sandown-Hillside,1500,13+,soft,10m+,9,6.263
Sandown-Hillside,1500,4-6,dry,1-3m,6,6.213
Sandown-Hillside,1500,4-6,dry,10m+,9,4.561
Sandown-Hillside,1500,4-6,dry,4-6m,24,4.106
Sandown-Hillside,1500,4-6,dry,7-9m,24,6.361
Sandown-Hillside,1500,4-6,dry,true,30,5.955
Sandown-Hillside,1500,4-6,heavy,10m+,6,6.56
Sandown-Hillside,1500,4-6,heavy,4-6m,3,3.407
Sandown-Hillside,1500,4-6,heavy,7-9m,3,11.687
Sandown-Hillside,1500,4-6,soft,10m+,21,4.549
Sandown-Hillside,1500,4-6,soft,4-6m,3,6.393
Sandown-Hillside,1500,4-6,soft,7-9m,15,3.716
Sandown-Hillside,1500,4-6,soft,true,9,6.728
Sandown-Hillside,1500,7-9,dry,1-3m,6,6.657
Sandown-Hillside,1500,7-9,dry,10m+,7,4.15
Sandown-Hillside,1500,7-9,dry,4-6m,20,4.013
Sandown-Hillside,1500,7-9,dry,7-9m,24,7.639
Sandown-Hillside,1500,7-9,dry,true,22,6.589
Sandown-Hillside,1500,7-9,heavy,10m+,6,5.543
Sandown-Hillside,1500,7-9,heavy,7-9m,3,10.743
Sandown-Hillside,1500,7-9,soft,10m+,20,4.494
Sandown-Hillside,1500,7-9,soft,4-6m,3,5.17
Sandown-Hillside,1500,7-9,soft,7-9m,11,4.523
Sandown-Hillside,1500,7-9,soft,true,6,6.092
Sandown-Hillside,1600,1-3,dry,1-3m,15,5.141
Sandown-Hillside,1600,1-3,dry,10m+,41,3.877
Sandown-Hillside,1600,1-3,dry,4-6m,12,4.794
Sandown-Hillside,1600,1-3,dry,7-9m,18,4.842
Sandown-Hillside,1600,1-3,dry,true,32,4.219
Sandown-Hillside,1600,1-3,heavy,10m+,9,4.198
Sandown-Hillside,1600,1-3,heavy,4-6m,18,4.178
Sandown-Hillside,1600,1-3,heavy,7-9m,15,7.617
Sandown-Hillside,1600,1-3,soft,1-3m,6,6.118
Sandown-Hillside,1600,1-3,soft,10m+,24,8.622
Sandown-Hillside,1600,1-3,soft,4-6m,39,5.737
Sandown-Hillside,1600,1-3,soft,7-9m,21,6.584
Sandown-Hillside,1600,1-3,soft,true,30,6.479
Sandown-Hillside,1600,10-12,dry,1-3m,3,8.167
Sandown-Hillside,1600,10-12,dry,10m+,11,6.808
Sandown-Hillside,1600,10-12,dry,4-6m,11,7.261
Sandown-Hillside,1600,10-12,dry,7-9m,3,10.727
Sandown-Hillside,1600,10-12,dry,true,11,6.045
Sandown-Hillside,1600,10-12,heavy,4-6m,5,6.412
Sandown-Hillside,1600,10-12,heavy,7-9m,5,5.22
Sandown-Hillside,1600,10-12,soft,1-3m,5,7.266
Sandown-Hillside,1600,10-12,soft,10m+,8,9.695
Sandown-Hillside,1600,10-12,soft,4-6m,25,8.425
Sandown-Hillside,1600,10-12,soft,7-9m,12,9.321
Sandown-Hillside,1600,10-12,soft,true,17,9.185
Sandown-Hillside,1600,13+,dry,1-3m,4,11.995
Sandown-Hillside,1600,13+,dry,10m+,4,5.76
Sandown-Hillside,1600,13+,dry,4-6m,1,7.2
Sandown-Hillside,1600,13+,dry,7-9m,1,9.83
Sandown-Hillside,1600,13+,dry,true,2,7.35
Sandown-Hillside,1600,13+,heavy,7-9m,1,9.11
Sandown-Hillside,1600,13+,soft,1-3m,1,11.71
Sandown-Hillside,1600,13+,soft,10m+,2,7.635
Sandown-Hillside,1600,13+,soft,4-6m,11,7.291
Sandown-Hillside,1600,13+,soft,7-9m,4,12.56
Sandown-Hillside,1600,13+,soft,true,6,10.003
Sandown-Hillside,1600,4-6,dry,1-3m,15,5.299
Sandown-Hillside,1600,4-6,dry,10m+,41,5.28
Sandown-Hillside,1600,4-6,dry,4-6m,12,5.186
Sandown-Hillside,1600,4-6,dry,7-9m,18,6.033
Sandown-Hillside,1600,4-6,dry,true,33,4.905
Sandown-Hillside,1600,4-6,heavy,10m+,9,3.978
Sandown-Hillside,1600,4-6,heavy,4-6m,18,5.263
Sandown-Hillside,1600,4-6,heavy,7-9m,15,9.89
Sandown-Hillside,1600,4-6,soft,1-3m,6,7.29
Sandown-Hillside,1600,4-6,soft,10m+,24,8.716
Sandown-Hillside,1600,4-6,soft,4-6m,39,6.428
Sandown-Hillside,1600,4-6,soft,7-9m,21,7.477
Sandown-Hillside,1600,4-6,soft,true,30,6.801
Sandown-Hillside,1600,7-9,dry,1-3m,10,3.609
Sandown-Hillside,1600,7-9,dry,10m+,27,5.735
Sandown-Hillside,1600,7-9,dry,4-6m,12,6.618
Sandown-Hillside,1600,7-9,dry,7-9m,16,5.724
Sandown-Hillside,1600,7-9,dry,true,24,6.153
Sandown-Hillside,1600,7-9,heavy,10m+,5,5.964
Sandown-Hillside,1600,7-9,heavy,4-6m,17,5.651
Sandown-Hillside,1600,7-9,heavy,7-9m,12,7.945
Sandown-Hillside,1600,7-9,soft,1-3m,6,8.153
Sandown-Hillside,1600,7-9,soft,10m+,19,10.135
Sandown-Hillside,1600,7-9,soft,4-6m,37,7.298
Sandown-Hillside,1600,7-9,soft,7-9m,21,9.095
Sandown-Hillside,1600,7-9,soft,true,29,6.871
Sandown-Hillside,1700,1-3,dry,4-6m,3,2.08
Sandown-Hillside,1700,1-3,dry,true,3,4.417
Sandown-Hillside,1700,1-3,soft,1-3m,3,1.843
Sandown-Hillside,1700,1-3,soft,10m+,3,2.893
Sandown-Hillside,1700,10-12,dry,true,3,6.41
Sandown-Hillside,1700,10-12,soft,1-3m,3,3.84
Sandown-Hillside,1700,10-12,soft,10m+,3,5.707
Sandown-Hillside,1700,13+,dry,true,3,9.537
Sandown-Hillside,1700,13+,soft,1-3m,2,8.09
Sandown-Hillside,1700,13+,soft,10m+,2,5.41
Sandown-Hillside,1700,4-6,dry,4-6m,3,1.263
Sandown-Hillside,1700,4-6,dry,true,3,5.867
Sandown-Hillside,1700,4-6,soft,1-3m,3,4.1
Sandown-Hillside,1700,4-6,soft,10m+,3,3.027
Sandown-Hillside,1700,7-9,dry,true,3,4.107
Sandown-Hillside,1700,7-9,soft,1-3m,3,5.81
Sandown-Hillside,1700,7-9,soft,10m+,3,2.523
Sandown-Hillside,1800,1-3,dry,1-3m,27,4.964
Sandown-Hillside,1800,1-3,dry,10m+,41,3.55
Sandown-Hillside,1800,1-3,dry,4-6m,36,8.391
Sandown-Hillside,1800,1-3,dry,7-9m,15,5.637
Sandown-Hillside,1800,1-3,dry,true,58,5.461
Sandown-Hillside,1800,1-3,heavy,10m+,12,5.842
Sandown-Hillside,1800,1-3,heavy,4-6m,6,8.087
Sandown-Hillside,1800,1-3,heavy,7-9m,6,9.942
Sandown-Hillside,1800,1-3,soft,1-3m,9,2.969
Sandown-Hillside,1800,1-3,soft,10m+,15,6.627
Sandown-Hillside,1800,1-3,soft,4-6m,22,3.958
Sandown-Hillside,1800,1-3,soft,7-9m,24,5.448
Sandown-Hillside,1800,1-3,soft,true,9,8.733
Sandown-Hillside,1800,10-12,dry,1-3m,7,8.044
Sandown-Hillside,1800,10-12,dry,10m+,32,6.694
Sandown-Hillside,1800,10-12,dry,4-6m,18,8.728
Sandown-Hillside,1800,10-12,dry,7-9m,7,5.219
Sandown-Hillside,1800,10-12,dry,true,30,8.182
Sandown-Hillside,1800,10-12,heavy,10m+,3,5.953
Sandown-Hillside,1800,10-12,heavy,4-6m,4,11.912
Sandown-Hillside,1800,10-12,heavy,7-9m,1,11.02
Sandown-Hillside,1800,10-12,soft,1-3m,2,7.675
Sandown-Hillside,1800,10-12,soft,10m+,14,8.846
Sandown-Hillside,1800,10-12,soft,4-6m,16,8.288
Sandown-Hillside,1800,10-12,soft,7-9m,16,6.339
Sandown-Hillside,1800,10-12,soft,true,6,4.967
Sandown-Hillside,1800,13+,dry,10m+,12,5.895
Sandown-Hillside,1800,13+,dry,4-6m,5,7.038
Sandown-Hillside,1800,13+,dry,7-9m,1,9.71
Sandown-Hillside,1800,13+,dry,true,6,9.723
Sandown-Hillside,1800,13+,soft,10m+,8,10.593
Sandown-Hillside,1800,13+,soft,4-6m,8,7.095
Sandown-Hillside,1800,13+,soft,7-9m,4,11.078
Sandown-Hillside,1800,13+,soft,true,6,5.017
Sandown-Hillside,1800,4-6,dry,1-3m,27,4.749
Sandown-Hillside,1800,4-6,dry,10m+,42,5.61
Sandown-Hillside,1800,4-6,dry,4-6m,36,8.403
Sandown-Hillside,1800,4-6,dry,7-9m,15,6.452
Sandown-Hillside,1800,4-6,dry,true,57,5.837
Sandown-Hillside,1800,4-6,heavy,10m+,12,7.073
Sandown-Hillside,1800,4-6,heavy,4-6m,6,9.833
Sandown-Hillside,1800,4-6,heavy,7-9m,6,12.903
Sandown-Hillside,1800,4-6,soft,1-3m,9,4.393
Sandown-Hillside,1800,4-6,soft,10m+,15,7.949
Sandown-Hillside,1800,4-6,soft,4-6m,24,6.795
Sandown-Hillside,1800,4-6,soft,7-9m,24,6.661
Sandown-Hillside,1800,4-6,soft,true,9,6.731
Sandown-Hillside,1800,7-9,dry,1-3m,24,5.632
Sandown-Hillside,1800,7-9,dry,10m+,41,5.415
Sandown-Hillside,1800,7-9,dry,4-6m,31,8.712
Sandown-Hillside,1800,7-9,dry,7-9m,13,7.502
Sandown-Hillside,1800,7-9,dry,true,45,6.388
Sandown-Hillside,1800,7-9,heavy,10m+,12,6.506
Sandown-Hillside,1800,7-9,heavy,4-6m,6,7.912
Sandown-Hillside,1800,7-9,heavy,7-9m,5,11.722
Sandown-Hillside,1800,7-9,soft,1-3m,8,6.091
Sandown-Hillside,1800,7-9,soft,10m+,15,9.031
Sandown-Hillside,1800,7-9,soft,4-6m,23,6.637
Sandown-Hillside,1800,7-9,soft,7-9m,22,7.832
Sandown-Hillside,1800,7-9,soft,true,9,8.136
Sandown-Hillside,2400,1-3,dry,1-3m,11,3.915
Sandown-Hillside,2400,1-3,dry,10m+,21,3.923
Sandown-Hillside,2400,1-3,dry,4-6m,15,4.449
Sandown-Hillside,2400,1-3,dry,7-9m,21,5.762
Sandown-Hillside,2400,1-3,dry,true,24,4.63
Sandown-Hillside,2400,1-3,heavy,10m+,11,5.21
Sandown-Hillside,2400,1-3,heavy,4-6m,9,6.084
Sandown-Hillside,2400,1-3,heavy,7-9m,6,9.695
Sandown-Hillside,2400,1-3,heavy,true,3,5.763
Sandown-Hillside,2400,1-3,soft,1-3m,3,3.35
Sandown-Hillside,2400,1-3,soft,10m+,15,6.413
Sandown-Hillside,2400,1-3,soft,4-6m,19,6.222
Sandown-Hillside,2400,1-3,soft,7-9m,24,5.899
Sandown-Hillside,2400,1-3,soft,true,12,3.9
Sandown-Hillside,2400,10-12,dry,1-3m,7,2.246
Sandown-Hillside,2400,10-12,dry,10m+,8,5.083
Sandown-Hillside,2400,10-12,dry,4-6m,7,5.444
Sandown-Hillside,2400,10-12,dry,7-9m,10,5.951
Sandown-Hillside,2400,10-12,dry,true,9,5.788
Sandown-Hillside,2400,10-12,heavy,10m+,5,2.824
Sandown-Hillside,2400,10-12,heavy,4-6m,2,9.035
Sandown-Hillside,2400,10-12,heavy,7-9m,3,5.373
Sandown-Hillside,2400,10-12,heavy,true,1,4.38
Sandown-Hillside,2400,10-12,soft,10m+,6,7.392
Sandown-Hillside,2400,10-12,soft,4-6m,4,8.972
Sandown-Hillside,2400,10-12,soft,7-9m,10,10.467
Sandown-Hillside,2400,10-12,soft,true,5,8.362
Sandown-Hillside,2400,13+,dry,10m+,3,7.413
Sandown-Hillside,2400,13+,dry,4-6m,4,4.825
Sandown-Hillside,2400,13+,dry,7-9m,3,7.6
Sandown-Hillside,2400,13+,dry,true,2,4.995
Sandown-Hillside,2400,13+,heavy,7-9m,2,2.765
Sandown-Hillside,2400,13+,soft,10m+,1,4.48
Sandown-Hillside,2400,13+,soft,4-6m,2,11.05
Sandown-Hillside,2400,13+,soft,7-9m,6,7.8
Sandown-Hillside,2400,13+,soft,true,1,7.89
Sandown-Hillside,2400,4-6,dry,1-3m,12,3.362
Sandown-Hillside,2400,4-6,dry,10m+,20,3.962
Sandown-Hillside,2400,4-6,dry,4-6m,15,6.743
Sandown-Hillside,2400,4-6,dry,7-9m,20,6.619
Sandown-Hillside,2400,4-6,dry,true,24,4.98
Sandown-Hillside,2400,4-6,heavy,10m+,11,5.154
Sandown-Hillside,2400,4-6,heavy,4-6m,9,6.049
Sandown-Hillside,2400,4-6,heavy,7-9m,6,9.652
Sandown-Hillside,2400,4-6,heavy,true,3,6.4
Sandown-Hillside,2400,4-6,soft,1-3m,3,5.237
Sandown-Hillside,2400,4-6,soft,10m+,15,7.107
Sandown-Hillside,2400,4-6,soft,4-6m,21,6.262
Sandown-Hillside,2400,4-6,soft,7-9m,24,7.135
Sandown-Hillside,2400,4-6,soft,true,12,4.885
Sandown-Hillside,2400,7-9,dry,1-3m,11,4.399
Sandown-Hillside,2400,7-9,dry,10m+,19,4.569
Sandown-Hillside,2400,7-9,dry,4-6m,15,7.443
Sandown-Hillside,2400,7-9,dry,7-9m,21,7.207
Sandown-Hillside,2400,7-9,dry,true,21,4.786
Sandown-Hillside,2400,7-9,heavy,10m+,12,4.886
Sandown-Hillside,2400,7-9,heavy,4-6m,7,9.734
Sandown-Hillside,2400,7-9,heavy,7-9m,3,6.53
Sandown-Hillside,2400,7-9,heavy,true,3,3.367
Sandown-Hillside,2400,7-9,soft,1-3m,1,0.58
Sandown-Hillside,2400,7-9,soft,10m+,11,6.773
Sandown-Hillside,2400,7-9,soft,4-6m,15,5.133
Sandown-Hillside,2400,7-9,soft,7-9m,20,7.656
Sandown-Hillside,2400,7-9,soft,true,10,5.946
Sandown-Hillside,3000,1-3,dry,1-3m,3,2.6
Sandown-Hillside,3000,1-3,dry,10m+,6,4.41
Sandown-Hillside,3000,1-3,dry,4-6m,3,5.3
Sandown-Hillside,3000,1-3,dry,true,3,4.807
Sandown-Hillside,3000,1-3,soft,1-3m,5,5.592
Sandown-Hillside,3000,1-3,soft,4-6m,3,4.563
Sandown-Hillside,3000,1-3,soft,7-9m,3,3.59
Sandown-Hillside,3000,10-12,dry,1-3m,1,0.63
Sandown-Hillside,3000,10-12,dry,4-6m,2,7.39
Sandown-Hillside,3000,10-12,soft,1-3m,2,3.275
Sandown-Hillside,3000,4-6,dry,1-3m,3,4.667
Sandown-Hillside,3000,4-6,dry,10m+,6,5.013
Sandown-Hillside,3000,4-6,dry,4-6m,3,8.407
Sandown-Hillside,3000,4-6,dry,true,3,3.443
Sandown-Hillside,3000,4-6,soft,1-3m,6,7.535
Sandown-Hillside,3000,4-6,soft,4-6m,1,4.25
Sandown-Hillside,3000,4-6,soft,7-9m,3,2.953
Sandown-Hillside,3000,7-9,dry,1-3m,3,4.813
Sandown-Hillside,3000,7-9,dry,10m+,1,1.79
Sandown-Hillside,3000,7-9,dry,4-6m,3,6.677
Sandown-Hillside,3000,7-9,dry,true,3,2.433
Sandown-Hillside,3000,7-9,soft,1-3m,5,8.236
Sandown-Hillside,3000,7-9,soft,4-6m,2,6.095
Sandown-Hillside,3000,7-9,soft,7-9m,3,3.407
Sandown-Lakeside,1000,1-3,dry,1-3m,12,5.315
Sandown-Lakeside,1000,1-3,dry,4-6m,18,2.704
Sandown-Lakeside,1000,1-3,dry,true,9,3.571
Sandown-Lakeside,1000,1-3,soft,7-9m,3,1.777
Sandown-Lakeside,1000,10-12,dry,1-3m,5,7.026
Sandown-Lakeside,1000,10-12,dry,4-6m,3,5.883
Sandown-Lakeside,1000,10-12,dry,true,3,3.593
Sandown-Lakeside,1000,10-12,soft,7-9m,1,3.3
Sandown-Lakeside,1000,13+,dry,1-3m,1,6.38
Sandown-Lakeside,1000,4-6,dry,1-3m,12,5.041
Sandown-Lakeside,1000,4-6,dry,4-6m,18,2.676
Sandown-Lakeside,1000,4-6,dry,true,9,3.396
Sandown-Lakeside,1000,4-6,soft,7-9m,3,0.763
Sandown-Lakeside,1000,7-9,dry,1-3m,12,6.748
Sandown-Lakeside,1000,7-9,dry,4-6m,14,2.882
Sandown-Lakeside,1000,7-9,dry,true,4,5.478
Sandown-Lakeside,1000,7-9,soft,7-9m,3,1.57
Sandown-Lakeside,1100,1-3,dry,true,3,6.303
Sandown-Lakeside,1100,10-12,dry,true,3,2.427
Sandown-Lakeside,1100,13+,dry,true,4,3.988
Sandown-Lakeside,1100,4-6,dry,true,3,2.463
Sandown-Lakeside,1100,7-9,dry,true,3,1.67
Sandown-Lakeside,1200,1-3,dry,1-3m,62,7.395
Sandown-Lakeside,1200,1-3,dry,10m+,5,7.426
Sandown-Lakeside,1200,1-3,dry,4-6m,75,8.091
Sandown-Lakeside,1200,1-3,dry,7-9m,24,8.555
Sandown-Lakeside,1200,1-3,dry,true,70,7.876
Sandown-Lakeside,1200,1-3,heavy,1-3m,30,7.441
Sandown-Lakeside,1200,1-3,heavy,4-6m,23,8.342
Sandown-Lakeside,1200,1-3,heavy,7-9m,3,6.897
Sandown-Lakeside,1200,1-3,heavy,true,30,9.133
Sandown-Lakeside,1200,1-3,soft,1-3m,30,7.793
Sandown-Lakeside,1200,1-3,soft,10m+,9,10.553
Sandown-Lakeside,1200,1-3,soft,4-6m,45,7.933
Sandown-Lakeside,1200,1-3,soft,7-9m,17,9.349
Sandown-Lakeside,1200,1-3,soft,true,51,8.687
Sandown-Lakeside,1200,10-12,dry,1-3m,13,9.021
Sandown-Lakeside,1200,10-12,dry,10m+,4,9.252
Sandown-Lakeside,1200,10-12,dry,4-6m,10,10.427
Sandown-Lakeside,1200,10-12,dry,7-9m,3,10.58
Sandown-Lakeside,1200,10-12,dry,true,24,11.03
Sandown-Lakeside,1200,10-12,heavy,1-3m,9,9.943
Sandown-Lakeside,1200,10-12,heavy,4-6m,9,12.233
Sandown-Lakeside,1200,10-12,heavy,true,17,10.596
Sandown-Lakeside,1200,10-12,soft,1-3m,6,10.913
Sandown-Lakeside,1200,10-12,soft,4-6m,21,11.291
Sandown-Lakeside,1200,10-12,soft,7-9m,11,13.417
Sandown-Lakeside,1200,10-12,soft,true,9,11.972
Sandown-Lakeside,1200,13+,dry,1-3m,1,14.56
Sandown-Lakeside,1200,13+,dry,4-6m,2,13.92
Sandown-Lakeside,1200,13+,dry,7-9m,1,15.23
Sandown-Lakeside,1200,13+,dry,true,7,12.619
Sandown-Lakeside,1200,13+,heavy,1-3m,1,12.7
Sandown-Lakeside,1200,13+,heavy,4-6m,1,14.45
Sandown-Lakeside,1200,13+,soft,4-6m,4,13.235
Sandown-Lakeside,1200,4-6,dry,1-3m,63,8.174
Sandown-Lakeside,1200,4-6,dry,10m+,6,10.533
Sandown-Lakeside,1200,4-6,dry,4-6m,74,9.127
Sandown-Lakeside,1200,4-6,dry,7-9m,22,9.647
Sandown-Lakeside,1200,4-6,dry,true,72,8.963
Sandown-Lakeside,1200,4-6,heavy,1-3m,30,9.008
Sandown-Lakeside,1200,4-6,heavy,4-6m,24,10.674
Sandown-Lakeside,1200,4-6,heavy,7-9m,3,9.377
Sandown-Lakeside,1200,4-6,heavy,true,30,10.823
Sandown-Lakeside,1200,4-6,soft,1-3m,30,8.896
Sandown-Lakeside,1200,4-6,soft,10m+,9,11.329
Sandown-Lakeside,1200,4-6,soft,4-6m,45,9.493
Sandown-Lakeside,1200,4-6,soft,7-9m,18,10.955
Sandown-Lakeside,1200,4-6,soft,true,50,10.421
Sandown-Lakeside,1200,7-9,dry,1-3m,47,9.246
Sandown-Lakeside,1200,7-9,dry,10m+,6,8.468
Sandown-Lakeside,1200,7-9,dry,4-6m,56,9.516
Sandown-Lakeside,1200,7-9,dry,7-9m,16,9.459
Sandown-Lakeside,1200,7-9,dry,true,57,8.97
Sandown-Lakeside,1200,7-9,heavy,1-3m,30,9.089
Sandown-Lakeside,1200,7-9,heavy,4-6m,22,10.673
Sandown-Lakeside,1200,7-9,heavy,7-9m,1,9.75
Sandown-Lakeside,1200,7-9,heavy,true,30,11.846
Sandown-Lakeside,1200,7-9,soft,1-3m,21,10.23
Sandown-Lakeside,1200,7-9,soft,10m+,3,11.337
Sandown-Lakeside,1200,7-9,soft,4-6m,36,11.156
Sandown-Lakeside,1200,7-9,soft,7-9m,16,12.048
Sandown-Lakeside,1200,7-9,soft,true,33,10.714
Sandown-Lakeside,1300,1-3,dry,1-3m,12,7.464
Sandown-Lakeside,1300,1-3,dry,4-6m,11,8.416
Sandown-Lakeside,1300,1-3,dry,7-9m,6,9.812
Sandown-Lakeside,1300,1-3,dry,true,18,7.698
Sandown-Lakeside,1300,1-3,heavy,4-6m,6,12.392
Sandown-Lakeside,1300,1-3,heavy,true,12,8.422
Sandown-Lakeside,1300,1-3,soft,1-3m,6,5.96
Sandown-Lakeside,1300,1-3,soft,4-6m,12,7.882
Sandown-Lakeside,1300,1-3,soft,7-9m,5,11.56
Sandown-Lakeside,1300,1-3,soft,true,19,7.848
Sandown-Lakeside,1300,10-12,dry,1-3m,4,11.282
Sandown-Lakeside,1300,10-12,dry,7-9m,2,13.665
Sandown-Lakeside,1300,10-12,dry,true,3,8.877
Sandown-Lakeside,1300,10-12,heavy,4-6m,2,18.29
Sandown-Lakeside,1300,10-12,heavy,true,6,13.905
Sandown-Lakeside,1300,10-12,soft,1-3m,4,9.805
Sandown-Lakeside,1300,10-12,soft,4-6m,3,14.3
Sandown-Lakeside,1300,10-12,soft,7-9m,3,9.397
Sandown-Lakeside,1300,10-12,soft,true,3,11.323
Sandown-Lakeside,1300,13+,dry,1-3m,1,13.88
Sandown-Lakeside,1300,13+,soft,1-3m,1,7.07
Sandown-Lakeside,1300,4-6,dry,1-3m,12,8.347
Sandown-Lakeside,1300,4-6,dry,4-6m,12,8.235
Sandown-Lakeside,1300,4-6,dry,7-9m,6,10.677
Sandown-Lakeside,1300,4-6,dry,true,18,8.327
Sandown-Lakeside,1300,4-6,heavy,4-6m,6,16.077
Sandown-Lakeside,1300,4-6,heavy,true,12,10.369
Sandown-Lakeside,1300,4-6,soft,1-3m,6,7.313
Sandown-Lakeside,1300,4-6,soft,4-6m,11,9.2
Sandown-Lakeside,1300,4-6,soft,7-9m,6,9.94
Sandown-Lakeside,1300,4-6,soft,true,20,7.656
Sandown-Lakeside,1300,7-9,dry,1-3m,9,9.929
Sandown-Lakeside,1300,7-9,dry,4-6m,5,8.708
Sandown-Lakeside,1300,7-9,dry,7-9m,6,9.52
Sandown-Lakeside,1300,7-9,dry,true,13,8.985
Sandown-Lakeside,1300,7-9,heavy,4-6m,6,15.985
Sandown-Lakeside,1300,7-9,heavy,true,9,13.423
Sandown-Lakeside,1300,7-9,soft,1-3m,6,7.322
Sandown-Lakeside,1300,7-9,soft,4-6m,10,8.925
Sandown-Lakeside,1300,7-9,soft,7-9m,6,10.942
Sandown-Lakeside,1300,7-9,soft,true,16,8.746
Sandown-Lakeside,1400,1-3,dry,1-3m,81,8.152
Sandown-Lakeside,1400,1-3,dry,10m+,9,5.754
Sandown-Lakeside,1400,1-3,dry,4-6m,65,7.79
Sandown-Lakeside,1400,1-3,dry,7-9m,18,8.712
Sandown-Lakeside,1400,1-3,dry,true,56,8.194
Sandown-Lakeside,1400,1-3,heavy,1-3m,18,8.405
Sandown-Lakeside,1400,1-3,heavy,4-6m,12,8.327
Sandown-Lakeside,1400,1-3,heavy,7-9m,9,7.803
Sandown-Lakeside,1400,1-3,heavy,true,15,11.321
Sandown-Lakeside,1400,1-3,soft,1-3m,12,7.712
Sandown-Lakeside,1400,1-3,soft,4-6m,39,9.129
Sandown-Lakeside,1400,1-3,soft,7-9m,18,8.917
Sandown-Lakeside,1400,1-3,soft,true,62,9.156
Sandown-Lakeside,1400,10-12,dry,1-3m,21,8.427
Sandown-Lakeside,1400,10-12,dry,10m+,7,8.279
Sandown-Lakeside,1400,10-12,dry,4-6m,25,10.05
Sandown-Lakeside,1400,10-12,dry,7-9m,5,11.352
Sandown-Lakeside,1400,10-12,dry,true,16,9.722
Sandown-Lakeside,1400,10-12,heavy,1-3m,5,11.636
Sandown-Lakeside,1400,10-12,heavy,4-6m,7,11.953
Sandown-Lakeside,1400,10-12,heavy,true,6,12.553
Sandown-Lakeside,1400,10-12,soft,1-3m,4,9.695
Sandown-Lakeside,1400,10-12,soft,4-6m,10,10.499
Sandown-Lakeside,1400,10-12,soft,7-9m,7,11.874
Sandown-Lakeside,1400,10-12,soft,true,25,13.502
Sandown-Lakeside,1400,13+,dry,1-3m,2,13.115
Sandown-Lakeside,1400,13+,dry,10m+,2,9.48
Sandown-Lakeside,1400,13+,dry,4-6m,7,11.411
Sandown-Lakeside,1400,13+,dry,7-9m,1,12.24
Sandown-Lakeside,1400,13+,dry,true,5,10.75
Sandown-Lakeside,1400,13+,heavy,1-3m,1,11.05
Sandown-Lakeside,1400,13+,heavy,4-6m,3,11.983
Sandown-Lakeside,1400,13+,heavy,true,1,9.64
Sandown-Lakeside,1400,13+,soft,1-3m,1,6.04
Sandown-Lakeside,1400,13+,soft,4-6m,1,12.96
Sandown-Lakeside,1400,13+,soft,7-9m,2,11.96
Sandown-Lakeside,1400,13+,soft,true,6,13.995
Sandown-Lakeside,1400,4-6,dry,1-3m,81,8.993
Sandown-Lakeside,1400,4-6,dry,10m+,9,8.026
Sandown-Lakeside,1400,4-6,dry,4-6m,69,8.406
Sandown-Lakeside,1400,4-6,dry,7-9m,18,10.81
Sandown-Lakeside,1400,4-6,dry,true,57,9.266
Sandown-Lakeside,1400,4-6,heavy,1-3m,18,11.243
Sandown-Lakeside,1400,4-6,heavy,4-6m,12,9.049
Sandown-Lakeside,1400,4-6,heavy,7-9m,9,7.822
Sandown-Lakeside,1400,4-6,heavy,true,15,11.917
Sandown-Lakeside,1400,4-6,soft,1-3m,12,9.088
Sandown-Lakeside,1400,4-6,soft,4-6m,39,9.831
Sandown-Lakeside,1400,4-6,soft,7-9m,18,8.877
Sandown-Lakeside,1400,4-6,soft,true,63,9.618
Sandown-Lakeside,1400,7-9,dry,1-3m,50,9.462
Sandown-Lakeside,1400,7-9,dry,10m+,8,7.878
Sandown-Lakeside,1400,7-9,dry,4-6m,55,8.998
Sandown-Lakeside,1400,7-9,dry,7-9m,10,12.095
Sandown-Lakeside,1400,7-9,dry,true,35,9.11
Sandown-Lakeside,1400,7-9,heavy,1-3m,12,10.212
Sandown-Lakeside,1400,7-9,heavy,4-6m,11,9.443
Sandown-Lakeside,1400,7-9,heavy,7-9m,5,8.48
Sandown-Lakeside,1400,7-9,heavy,true,13,12.629
Sandown-Lakeside,1400,7-9,soft,1-3m,12,10.043
Sandown-Lakeside,1400,7-9,soft,4-6m,30,9.958
Sandown-Lakeside,1400,7-9,soft,7-9m,17,10.377
Sandown-Lakeside,1400,7-9,soft,true,53,10.875
Sandown-Lakeside,1500,1-3,dry,1-3m,3,5.503
Sandown-Lakeside,1500,1-3,dry,4-6m,9,8.031
Sandown-Lakeside,1500,1-3,dry,7-9m,6,8.585
Sandown-Lakeside,1500,1-3,dry,true,3,10.853
Sandown-Lakeside,1500,1-3,heavy,1-3m,3,8.403
Sandown-Lakeside,1500,1-3,soft,1-3m,9,7.939
Sandown-Lakeside,1500,1-3,soft,10m+,3,11.7
Sandown-Lakeside,1500,1-3,soft,4-6m,3,8.4
Sandown-Lakeside,1500,1-3,soft,7-9m,6,6.543
Sandown-Lakeside,1500,1-3,soft,true,6,6.26
Sandown-Lakeside,1500,10-12,dry,4-6m,2,14.455
Sandown-Lakeside,1500,10-12,heavy,1-3m,3,9.123
Sandown-Lakeside,1500,10-12,soft,7-9m,4,8.808
Sandown-Lakeside,1500,10-12,soft,true,4,9.503
Sandown-Lakeside,1500,13+,soft,true,2,13.745
Sandown-Lakeside,1500,4-6,dry,1-3m,3,8.317
Sandown-Lakeside,1500,4-6,dry,4-6m,9,10.468
Sandown-Lakeside,1500,4-6,dry,7-9m,6,8.247
Sandown-Lakeside,1500,4-6,dry,true,3,10.133
Sandown-Lakeside,1500,4-6,heavy,1-3m,3,8.857
Sandown-Lakeside,1500,4-6,soft,1-3m,9,8.807
Sandown-Lakeside,1500,4-6,soft,10m+,3,14.113
Sandown-Lakeside,1500,4-6,soft,4-6m,3,12.607
Sandown-Lakeside,1500,4-6,soft,7-9m,6,8.517
Sandown-Lakeside,1500,4-6,soft,true,6,9.035
Sandown-Lakeside,1500,7-9,dry,1-3m,3,7.97
Sandown-Lakeside,1500,7-9,dry,4-6m,6,10.558
Sandown-Lakeside,1500,7-9,dry,7-9m,5,9.206
Sandown-Lakeside,1500,7-9,dry,true,3,10.487
Sandown-Lakeside,1500,7-9,heavy,1-3m,3,12.083
Sandown-Lakeside,1500,7-9,soft,1-3m,7,7.096
Sandown-Lakeside,1500,7-9,soft,10m+,2,11.045
Sandown-Lakeside,1500,7-9,soft,4-6m,2,13.04
Sandown-Lakeside,1500,7-9,soft,7-9m,6,9.048
Sandown-Lakeside,1500,7-9,soft,true,6,10.495
Sandown-Lakeside,1600,1-3,dry,1-3m,44,8.51
Sandown-Lakeside,1600,1-3,dry,10m+,5,8.944
Sandown-Lakeside,1600,1-3,dry,4-6m,26,7.948
Sandown-Lakeside,1600,1-3,dry,7-9m,6,7.718
Sandown-Lakeside,1600,1-3,dry,true,24,8.455
Sandown-Lakeside,1600,1-3,heavy,1-3m,6,8.105
Sandown-Lakeside,1600,1-3,heavy,4-6m,12,9.855
Sandown-Lakeside,1600,1-3,heavy,7-9m,6,13.027
Sandown-Lakeside,1600,1-3,heavy,true,39,8.626
Sandown-Lakeside,1600,1-3,soft,1-3m,18,7.193
Sandown-Lakeside,1600,1-3,soft,10m+,3,10.4
Sandown-Lakeside,1600,1-3,soft,4-6m,21,8.821
Sandown-Lakeside,1600,1-3,soft,7-9m,12,10.186
Sandown-Lakeside,1600,1-3,soft,true,32,9.351
Sandown-Lakeside,1600,10-12,dry,1-3m,8,10.426
Sandown-Lakeside,1600,10-12,dry,10m+,3,8.743
Sandown-Lakeside,1600,10-12,dry,4-6m,1,10.27
Sandown-Lakeside,1600,10-12,dry,7-9m,1,13.39
Sandown-Lakeside,1600,10-12,dry,true,6,11.072
Sandown-Lakeside,1600,10-12,heavy,1-3m,2,11.245
Sandown-Lakeside,1600,10-12,heavy,4-6m,5,11.3
Sandown-Lakeside,1600,10-12,heavy,true,26,10.751
Sandown-Lakeside,1600,10-12,soft,1-3m,4,8.192
Sandown-Lakeside,1600,10-12,soft,4-6m,12,12.233
Sandown-Lakeside,1600,10-12,soft,7-9m,3,16.253
Sandown-Lakeside,1600,10-12,soft,true,16,10.9
Sandown-Lakeside,1600,13+,heavy,4-6m,1,12.88
Sandown-Lakeside,1600,13+,heavy,true,8,10.754
Sandown-Lakeside,1600,13+,soft,true,2,12.75
Sandown-Lakeside,1600,4-6,dry,1-3m,45,9.723
Sandown-Lakeside,1600,4-6,dry,10m+,6,11.363
Sandown-Lakeside,1600,4-6,dry,4-6m,27,9.539
Sandown-Lakeside,1600,4-6,dry,7-9m,6,10.28
Sandown-Lakeside,1600,4-6,dry,true,24,8.941
Sandown-Lakeside,1600,4-6,heavy,1-3m,6,9.355
Sandown-Lakeside,1600,4-6,heavy,4-6m,12,8.292
Sandown-Lakeside,1600,4-6,heavy,7-9m,6,10.912
Sandown-Lakeside,1600,4-6,heavy,true,39,10.067
Sandown-Lakeside,1600,4-6,soft,1-3m,18,7.983
Sandown-Lakeside,1600,4-6,soft,10m+,3,13.713
Sandown-Lakeside,1600,4-6,soft,4-6m,21,9.501
Sandown-Lakeside,1600,4-6,soft,7-9m,12,11.583
Sandown-Lakeside,1600,4-6,soft,true,33,9.544
Sandown-Lakeside,1600,7-9,dry,1-3m,35,9.382
Sandown-Lakeside,1600,7-9,dry,10m+,6,10.408
Sandown-Lakeside,1600,7-9,dry,4-6m,21,10.457
Sandown-Lakeside,1600,7-9,dry,7-9m,3,8.923
Sandown-Lakeside,1600,7-9,dry,true,18,9.18
Sandown-Lakeside,1600,7-9,heavy,1-3m,6,11.702
Sandown-Lakeside,1600,7-9,heavy,4-6m,8,8.72
Sandown-Lakeside,1600,7-9,heavy,7-9m,4,10.658
Sandown-Lakeside,1600,7-9,heavy,true,36,11.294
Sandown-Lakeside,1600,7-9,soft,1-3m,16,9.54
Sandown-Lakeside,1600,7-9,soft,10m+,1,14.21
Sandown-Lakeside,1600,7-9,soft,4-6m,19,11.33
Sandown-Lakeside,1600,7-9,soft,7-9m,10,12.772
Sandown-Lakeside,1600,7-9,soft,true,29,9.082
Sandown-Lakeside,2100,1-3,dry,1-3m,30,9.414
Sandown-Lakeside,2100,1-3,dry,4-6m,15,8.285
Sandown-Lakeside,2100,1-3,dry,7-9m,9,7.594
Sandown-Lakeside,2100,1-3,dry,true,24,9.107
Sandown-Lakeside,2100,1-3,heavy,1-3m,9,9.41
Sandown-Lakeside,2100,1-3,heavy,4-6m,12,8.892
Sandown-Lakeside,2100,1-3,heavy,true,15,10.35
Sandown-Lakeside,2100,1-3,soft,1-3m,3,6.423
Sandown-Lakeside,2100,1-3,soft,10m+,3,11.49
Sandown-Lakeside,2100,1-3,soft,4-6m,21,9.421
Sandown-Lakeside,2100,1-3,soft,7-9m,9,10.911
Sandown-Lakeside,2100,1-3,soft,true,37,10.135
Sandown-Lakeside,2100,10-12,dry,1-3m,12,10.404
Sandown-Lakeside,2100,10-12,dry,4-6m,1,8.0
Sandown-Lakeside,2100,10-12,dry,7-9m,3,14.56
Sandown-Lakeside,2100,10-12,dry,true,12,9.137
Sandown-Lakeside,2100,10-12,heavy,1-3m,4,11.118
Sandown-Lakeside,2100,10-12,heavy,4-6m,9,9.417
Sandown-Lakeside,2100,10-12,heavy,true,8,11.822
Sandown-Lakeside,2100,10-12,soft,1-3m,3,9.953
Sandown-Lakeside,2100,10-12,soft,4-6m,13,9.871
Sandown-Lakeside,2100,10-12,soft,7-9m,1,8.68
Sandown-Lakeside,2100,10-12,soft,true,12,9.886
Sandown-Lakeside,2100,13+,dry,1-3m,5,8.776
Sandown-Lakeside,2100,13+,heavy,1-3m,3,10.45
Sandown-Lakeside,2100,13+,heavy,4-6m,5,11.062
Sandown-Lakeside,2100,13+,heavy,true,1,13.86
Sandown-Lakeside,2100,13+,soft,1-3m,2,9.205
Sandown-Lakeside,2100,13+,soft,4-6m,4,10.78
Sandown-Lakeside,2100,13+,soft,true,2,8.355
Sandown-Lakeside,2100,4-6,dry,1-3m,30,8.757
Sandown-Lakeside,2100,4-6,dry,4-6m,15,9.357
Sandown-Lakeside,2100,4-6,dry,7-9m,9,8.426
Sandown-Lakeside,2100,4-6,dry,true,24,9.765
Sandown-Lakeside,2100,4-6,heavy,1-3m,9,9.326
Sandown-Lakeside,2100,4-6,heavy,4-6m,12,8.855
Sandown-Lakeside,2100,4-6,heavy,true,15,12.168
Sandown-Lakeside,2100,4-6,soft,1-3m,3,9.373
Sandown-Lakeside,2100,4-6,soft,10m+,3,10.85
Sandown-Lakeside,2100,4-6,soft,4-6m,21,9.179
Sandown-Lakeside,2100,4-6,soft,7-9m,9,10.837
Sandown-Lakeside,2100,4-6,soft,true,38,9.961
Sandown-Lakeside,2100,7-9,dry,1-3m,27,9.313
Sandown-Lakeside,2100,7-9,dry,4-6m,14,9.245
Sandown-Lakeside,2100,7-9,dry,7-9m,7,9.207
Sandown-Lakeside,2100,7-9,dry,true,21,9.977
Sandown-Lakeside,2100,7-9,heavy,1-3m,8,11.252
Sandown-Lakeside,2100,7-9,heavy,4-6m,12,8.899
Sandown-Lakeside,2100,7-9,heavy,true,15,11.988
Sandown-Lakeside,2100,7-9,soft,1-3m,3,8.92
Sandown-Lakeside,2100,7-9,soft,4-6m,21,10.124
Sandown-Lakeside,2100,7-9,soft,7-9m,9,12.171
Sandown-Lakeside,2100,7-9,soft,true,29,9.13
Sandown-Lakeside,2400,1-3,dry,1-3m,15,7.927
Sandown-Lakeside,2400,1-3,dry,10m+,3,11.407
Sandown-Lakeside,2400,1-3,dry,4-6m,11,7.387
Sandown-Lakeside,2400,1-3,dry,7-9m,9,8.693
Sandown-Lakeside,2400,1-3,dry,true,3,6.903
Sandown-Lakeside,2400,1-3,heavy,1-3m,3,7.32
Sandown-Lakeside,2400,1-3,heavy,7-9m,3,10.69
Sandown-Lakeside,2400,1-3,heavy,true,15,8.137
Sandown-Lakeside,2400,1-3,soft,1-3m,3,8.11
Sandown-Lakeside,2400,1-3,soft,4-6m,6,9.56
Sandown-Lakeside,2400,1-3,soft,7-9m,6,9.99
Sandown-Lakeside,2400,1-3,soft,true,6,11.445
Sandown-Lakeside,2400,10-12,dry,1-3m,4,9.752
Sandown-Lakeside,2400,10-12,dry,4-6m,3,7.097
Sandown-Lakeside,2400,10-12,dry,7-9m,2,7.68
Sandown-Lakeside,2400,10-12,dry,true,1,13.17
Sandown-Lakeside,2400,10-12,heavy,7-9m,1,15.73
Sandown-Lakeside,2400,10-12,heavy,true,11,10.161
Sandown-Lakeside,2400,10-12,soft,4-6m,3,9.347
Sandown-Lakeside,2400,10-12,soft,7-9m,2,6.245
Sandown-Lakeside,2400,10-12,soft,true,1,11.15
Sandown-Lakeside,2400,13+,heavy,true,3,10.167
Sandown-Lakeside,2400,4-6,dry,1-3m,15,8.294
Sandown-Lakeside,2400,4-6,dry,10m+,3,9.47
Sandown-Lakeside,2400,4-6,dry,4-6m,12,8.008
Sandown-Lakeside,2400,4-6,dry,7-9m,9,11.274
Sandown-Lakeside,2400,4-6,dry,true,3,12.493
Sandown-Lakeside,2400,4-6,heavy,1-3m,3,9.61
Sandown-Lakeside,2400,4-6,heavy,7-9m,3,12.813
Sandown-Lakeside,2400,4-6,heavy,true,15,8.29
Sandown-Lakeside,2400,4-6,soft,1-3m,3,5.917
Sandown-Lakeside,2400,4-6,soft,4-6m,6,8.762
Sandown-Lakeside,2400,4-6,soft,7-9m,6,10.847
Sandown-Lakeside,2400,4-6,soft,true,6,11.555
Sandown-Lakeside,2400,7-9,dry,1-3m,12,8.852
Sandown-Lakeside,2400,7-9,dry,10m+,2,9.235
Sandown-Lakeside,2400,7-9,dry,4-6m,6,10.533
Sandown-Lakeside,2400,7-9,dry,7-9m,8,9.155
Sandown-Lakeside,2400,7-9,dry,true,3,17.263
Sandown-Lakeside,2400,7-9,heavy,7-9m,3,10.337
Sandown-Lakeside,2400,7-9,heavy,true,15,9.226
Sandown-Lakeside,2400,7-9,soft,1-3m,3,9.403
Sandown-Lakeside,2400,7-9,soft,4-6m,6,9.27
Sandown-Lakeside,2400,7-9,soft,7-9m,6,9.873
Sandown-Lakeside,2400,7-9,soft,true,5,13.23
Sandown-Lakeside,3000,1-3,dry,4-6m,9,8.541
Sandown-Lakeside,3000,1-3,dry,7-9m,3,10.14
Sandown-Lakeside,3000,1-3,dry,true,3,5.923
Sandown-Lakeside,3000,1-3,soft,7-9m,3,10.15
Sandown-Lakeside,3000,10-12,dry,4-6m,3,7.817
Sandown-Lakeside,3000,10-12,dry,true,2,6.585
Sandown-Lakeside,3000,13+,dry,4-6m,2,11.165
Sandown-Lakeside,3000,4-6,dry,4-6m,9,9.084
Sandown-Lakeside,3000,4-6,dry,7-9m,3,12.15
Sandown-Lakeside,3000,4-6,dry,true,3,6.407
Sandown-Lakeside,3000,4-6,soft,7-9m,3,13.427
Sandown-Lakeside,3000,7-9,dry,4-6m,5,9.686
Sandown-Lakeside,3000,7-9,dry,7-9m,3,10.243
Sandown-Lakeside,3000,7-9,dry,true,3,8.493
Sandown-Lakeside,3000,7-9,soft,7-9m,2,10.925
Strathalbyn,1100,1-3,dry,true,15,2.199
Strathalbyn,1100,1-3,soft,true,18,1.844
Strathalbyn,1100,10-12,dry,true,1,8.05
Strathalbyn,1100,10-12,soft,true,1,6.03
Strathalbyn,1100,4-6,dry,true,15,3.414
Strathalbyn,1100,4-6,soft,true,18,3.557
Strathalbyn,1100,7-9,dry,true,14,3.83
Strathalbyn,1100,7-9,soft,true,15,4.293
Strathalbyn,1200,1-3,dry,true,48,2.117
Strathalbyn,1200,1-3,soft,true,21,3.256
Strathalbyn,1200,10-12,dry,true,29,4.529
Strathalbyn,1200,10-12,soft,true,6,6.22
Strathalbyn,1200,13+,dry,true,6,1.673
Strathalbyn,1200,13+,soft,true,1,6.47
Strathalbyn,1200,4-6,dry,true,48,2.712
Strathalbyn,1200,4-6,soft,true,21,3.795
Strathalbyn,1200,7-9,dry,true,41,3.5
Strathalbyn,1200,7-9,soft,true,16,4.755
Strathalbyn,1400,1-3,dry,true,36,2.889
Strathalbyn,1400,1-3,soft,true,27,2.261
Strathalbyn,1400,10-12,dry,true,21,4.571
Strathalbyn,1400,10-12,soft,true,12,5.08
Strathalbyn,1400,13+,dry,true,5,2.316
Strathalbyn,1400,13+,soft,true,3,7.307
Strathalbyn,1400,4-6,dry,true,36,2.994
Strathalbyn,1400,4-6,soft,true,27,3.073
Strathalbyn,1400,7-9,dry,true,35,3.127
Strathalbyn,1400,7-9,soft,true,26,3.726
Strathalbyn,1600,1-3,dry,true,48,2.422
Strathalbyn,1600,1-3,soft,true,24,2.436
Strathalbyn,1600,10-12,dry,true,27,3.6
Strathalbyn,1600,10-12,soft,true,16,4.318
Strathalbyn,1600,13+,dry,true,3,5.067
Strathalbyn,1600,13+,soft,true,3,4.977
Strathalbyn,1600,4-6,dry,true,48,2.862
Strathalbyn,1600,4-6,soft,true,24,3.83
Strathalbyn,1600,7-9,dry,true,46,3.505
Strathalbyn,1600,7-9,soft,true,22,5.304
Strathalbyn,2000,1-3,dry,true,33,2.578
Strathalbyn,2000,1-3,soft,true,15,3.212
Strathalbyn,2000,10-12,dry,true,22,2.585
Strathalbyn,2000,10-12,soft,true,7,2.454
Strathalbyn,2000,13+,dry,true,3,4.88
Strathalbyn,2000,13+,soft,true,1,1.23
Strathalbyn,2000,4-6,dry,true,33,2.617
Strathalbyn,2000,4-6,soft,true,15,3.393
Strathalbyn,2000,7-9,dry,true,32,2.57
Strathalbyn,2000,7-9,soft,true,14,3.589
Sunshine Coast,800,1-3,dry,true,3,4.265
Sunshine Coast,800,10-12,dry,true,1,3.63
Sunshine Coast,800,4-6,dry,true,3,4.861
Sunshine Coast,800,7-9,dry,true,3,6.153
Sunshine Coast,1000,1-3,dry,1-3m,135,2.806
Sunshine Coast,1000,1-3,dry,10m+,30,1.646
Sunshine Coast,1000,1-3,dry,4-6m,140,2.534
Sunshine Coast,1000,1-3,dry,7-9m,249,2.219
Sunshine Coast,1000,1-3,dry,true,154,2.775
Sunshine Coast,1000,1-3,heavy,1-3m,33,3.542
Sunshine Coast,1000,1-3,heavy,10m+,8,1.214
Sunshine Coast,1000,1-3,heavy,4-6m,17,5.76
Sunshine Coast,1000,1-3,heavy,7-9m,45,2.175
Sunshine Coast,1000,1-3,heavy,true,45,4.886
Sunshine Coast,1000,1-3,soft,1-3m,83,2.873
Sunshine Coast,1000,1-3,soft,10m+,75,3.216
Sunshine Coast,1000,1-3,soft,4-6m,195,2.617
Sunshine Coast,1000,1-3,soft,7-9m,119,1.801
Sunshine Coast,1000,1-3,soft,true,112,3.331
Sunshine Coast,1000,10-12,dry,1-3m,41,5.803
Sunshine Coast,1000,10-12,dry,10m+,9,4.551
Sunshine Coast,1000,10-12,dry,4-6m,43,5.359
Sunshine Coast,1000,10-12,dry,7-9m,59,4.498
Sunshine Coast,1000,10-12,dry,true,51,6.128
Sunshine Coast,1000,10-12,heavy,1-3m,7,6.538
Sunshine Coast,1000,10-12,heavy,4-6m,2,7.55
Sunshine Coast,1000,10-12,heavy,7-9m,4,3.949
Sunshine Coast,1000,10-12,heavy,true,13,8.08
Sunshine Coast,1000,10-12,soft,1-3m,27,6.019
Sunshine Coast,1000,10-12,soft,10m+,14,6.041
Sunshine Coast,1000,10-12,soft,4-6m,66,5.231
Sunshine Coast,1000,10-12,soft,7-9m,43,4.66
Sunshine Coast,1000,10-12,soft,true,58,6.5
Sunshine Coast,1000,13+,dry,1-3m,9,7.304
Sunshine Coast,1000,13+,dry,4-6m,10,6.576
Sunshine Coast,1000,13+,dry,7-9m,5,5.326
Sunshine Coast,1000,13+,dry,true,16,7.918
Sunshine Coast,1000,13+,heavy,true,6,7.906
Sunshine Coast,1000,13+,soft,1-3m,3,6.781
Sunshine Coast,1000,13+,soft,4-6m,16,5.861
Sunshine Coast,1000,13+,soft,7-9m,4,4.789
Sunshine Coast,1000,13+,soft,true,19,7.479
Sunshine Coast,1000,4-6,dry,1-3m,129,4.065
Sunshine Coast,1000,4-6,dry,10m+,29,2.435
Sunshine Coast,1000,4-6,dry,4-6m,140,3.295
Sunshine Coast,1000,4-6,dry,7-9m,245,3.089
Sunshine Coast,1000,4-6,dry,true,150,4.107
Sunshine Coast,1000,4-6,heavy,1-3m,32,4.772
Sunshine Coast,1000,4-6,heavy,10m+,7,1.819
Sunshine Coast,1000,4-6,heavy,4-6m,18,6.718
Sunshine Coast,1000,4-6,heavy,7-9m,42,3.263
Sunshine Coast,1000,4-6,heavy,true,45,6.046
Sunshine Coast,1000,4-6,soft,1-3m,84,3.977
Sunshine Coast,1000,4-6,soft,10m+,74,4.456
Sunshine Coast,1000,4-6,soft,4-6m,193,3.878
Sunshine Coast,1000,4-6,soft,7-9m,120,2.963
Sunshine Coast,1000,4-6,soft,true,114,4.735
Sunshine Coast,1000,7-9,dry,1-3m,95,5.152
Sunshine Coast,1000,7-9,dry,10m+,22,3.258
Sunshine Coast,1000,7-9,dry,4-6m,96,4.423
Sunshine Coast,1000,7-9,dry,7-9m,181,3.866
Sunshine Coast,1000,7-9,dry,true,113,5.335
Sunshine Coast,1000,7-9,heavy,1-3m,21,5.56
Sunshine Coast,1000,7-9,heavy,10m+,1,1.586
Sunshine Coast,1000,7-9,heavy,4-6m,11,6.98
Sunshine Coast,1000,7-9,heavy,7-9m,25,4.163
Sunshine Coast,1000,7-9,heavy,true,33,6.997
Sunshine Coast,1000,7-9,soft,1-3m,61,4.861
Sunshine Coast,1000,7-9,soft,10m+,50,5.151
Sunshine Coast,1000,7-9,soft,4-6m,138,4.53
Sunshine Coast,1000,7-9,soft,7-9m,94,3.76
Sunshine Coast,1000,7-9,soft,true,97,5.475
Sunshine Coast,1100,1-3,dry,4-6m,3,3.421
Sunshine Coast,1100,1-3,soft,4-6m,14,2.137
Sunshine Coast,1100,10-12,soft,4-6m,11,2.997
Sunshine Coast,1100,4-6,dry,4-6m,2,2.483
Sunshine Coast,1100,4-6,soft,4-6m,15,2.603
Sunshine Coast,1100,7-9,soft,4-6m,12,3.741
Sunshine Coast,1200,1-3,dry,1-3m,76,2.532
Sunshine Coast,1200,1-3,dry,10m+,27,1.79
Sunshine Coast,1200,1-3,dry,4-6m,95,2.423
Sunshine Coast,1200,1-3,dry,7-9m,139,2.297
Sunshine Coast,1200,1-3,dry,true,123,2.934
Sunshine Coast,1200,1-3,heavy,1-3m,15,3.171
Sunshine Coast,1200,1-3,heavy,10m+,12,1.377
Sunshine Coast,1200,1-3,heavy,4-6m,24,4.787
Sunshine Coast,1200,1-3,heavy,7-9m,27,2.116
Sunshine Coast,1200,1-3,heavy,true,33,4.009
Sunshine Coast,1200,1-3,soft,1-3m,51,2.696
Sunshine Coast,1200,1-3,soft,10m+,39,3.441
Sunshine Coast,1200,1-3,soft,4-6m,89,2.464
Sunshine Coast,1200,1-3,soft,7-9m,83,2.048
Sunshine Coast,1200,1-3,soft,true,57,3.24
Sunshine Coast,1200,10-12,dry,1-3m,38,4.667
Sunshine Coast,1200,10-12,dry,10m+,4,3.388
Sunshine Coast,1200,10-12,dry,4-6m,36,4.56
Sunshine Coast,1200,10-12,dry,7-9m,61,3.731
Sunshine Coast,1200,10-12,dry,true,63,5.298
Sunshine Coast,1200,10-12,heavy,1-3m,2,4.713
Sunshine Coast,1200,10-12,heavy,4-6m,9,5.912
Sunshine Coast,1200,10-12,heavy,7-9m,9,4.424
Sunshine Coast,1200,10-12,heavy,true,16,6.974
Sunshine Coast,1200,10-12,soft,1-3m,23,4.748
Sunshine Coast,1200,10-12,soft,10m+,9,6.93
Sunshine Coast,1200,10-12,soft,4-6m,43,4.177
Sunshine Coast,1200,10-12,soft,7-9m,32,3.974
Sunshine Coast,1200,10-12,soft,true,29,5.376
Sunshine Coast,1200,13+,dry,1-3m,8,4.885
Sunshine Coast,1200,13+,dry,4-6m,8,7.057
Sunshine Coast,1200,13+,dry,7-9m,12,4.353
Sunshine Coast,1200,13+,dry,true,17,5.858
Sunshine Coast,1200,13+,heavy,4-6m,2,4.446
Sunshine Coast,1200,13+,heavy,true,7,7.235
Sunshine Coast,1200,13+,soft,1-3m,4,6.009
Sunshine Coast,1200,13+,soft,4-6m,6,5.126
Sunshine Coast,1200,13+,soft,7-9m,5,3.749
Sunshine Coast,1200,13+,soft,true,7,6.319
Sunshine Coast,1200,4-6,dry,1-3m,76,3.42
Sunshine Coast,1200,4-6,dry,10m+,26,2.324
Sunshine Coast,1200,4-6,dry,4-6m,95,3.275
Sunshine Coast,1200,4-6,dry,7-9m,139,3.11
Sunshine Coast,1200,4-6,dry,true,118,3.938
Sunshine Coast,1200,4-6,heavy,1-3m,14,4.13
Sunshine Coast,1200,4-6,heavy,10m+,11,2.368
Sunshine Coast,1200,4-6,heavy,4-6m,23,5.377
Sunshine Coast,1200,4-6,heavy,7-9m,27,3.179
Sunshine Coast,1200,4-6,heavy,true,32,4.917
Sunshine Coast,1200,4-6,soft,1-3m,51,3.519
Sunshine Coast,1200,4-6,soft,10m+,37,4.248
Sunshine Coast,1200,4-6,soft,4-6m,89,3.406
Sunshine Coast,1200,4-6,soft,7-9m,79,2.708
Sunshine Coast,1200,4-6,soft,true,57,4.273
Sunshine Coast,1200,7-9,dry,1-3m,64,4.116
Sunshine Coast,1200,7-9,dry,10m+,24,3.138
Sunshine Coast,1200,7-9,dry,4-6m,76,4.022
Sunshine Coast,1200,7-9,dry,7-9m,118,3.502
Sunshine Coast,1200,7-9,dry,true,114,4.566
Sunshine Coast,1200,7-9,heavy,1-3m,9,4.518
Sunshine Coast,1200,7-9,heavy,10m+,5,2.928
Sunshine Coast,1200,7-9,heavy,4-6m,19,5.839
Sunshine Coast,1200,7-9,heavy,7-9m,17,3.56
Sunshine Coast,1200,7-9,heavy,true,25,5.351
Sunshine Coast,1200,7-9,soft,1-3m,44,4.649
Sunshine Coast,1200,7-9,soft,10m+,32,4.757
Sunshine Coast,1200,7-9,soft,4-6m,77,3.98
Sunshine Coast,1200,7-9,soft,7-9m,64,3.547
Sunshine Coast,1200,7-9,soft,true,51,4.828
Sunshine Coast,1300,1-3,dry,1-3m,14,2.47
Sunshine Coast,1300,1-3,dry,4-6m,15,2.604
Sunshine Coast,1300,1-3,dry,7-9m,27,1.985
Sunshine Coast,1300,1-3,dry,true,6,2.115
Sunshine Coast,1300,1-3,heavy,10m+,3,1.166
Sunshine Coast,1300,1-3,heavy,7-9m,3,2.339
Sunshine Coast,1300,1-3,soft,1-3m,9,3.017
Sunshine Coast,1300,1-3,soft,4-6m,27,2.614
Sunshine Coast,1300,1-3,soft,7-9m,15,2.192
Sunshine Coast,1300,1-3,soft,true,18,3.189
Sunshine Coast,1300,10-12,dry,1-3m,8,4.181
Sunshine Coast,1300,10-12,dry,4-6m,5,3.027
Sunshine Coast,1300,10-12,dry,7-9m,13,3.476
Sunshine Coast,1300,10-12,soft,1-3m,6,3.704
Sunshine Coast,1300,10-12,soft,4-6m,21,3.833
Sunshine Coast,1300,10-12,soft,7-9m,13,3.71
Sunshine Coast,1300,10-12,soft,true,8,4.076
Sunshine Coast,1300,13+,dry,1-3m,3,3.071
Sunshine Coast,1300,13+,dry,7-9m,1,3.317
Sunshine Coast,1300,13+,soft,1-3m,7,4.04
Sunshine Coast,1300,13+,soft,4-6m,14,4.983
Sunshine Coast,1300,13+,soft,7-9m,4,4.859
Sunshine Coast,1300,4-6,dry,1-3m,15,3.045
Sunshine Coast,1300,4-6,dry,4-6m,14,3.03
Sunshine Coast,1300,4-6,dry,7-9m,27,2.609
Sunshine Coast,1300,4-6,dry,true,6,3.204
Sunshine Coast,1300,4-6,heavy,10m+,3,2.398
Sunshine Coast,1300,4-6,heavy,7-9m,3,2.419
Sunshine Coast,1300,4-6,soft,1-3m,9,3.001
Sunshine Coast,1300,4-6,soft,4-6m,26,3.165
Sunshine Coast,1300,4-6,soft,7-9m,15,2.996
Sunshine Coast,1300,4-6,soft,true,17,3.481
Sunshine Coast,1300,7-9,dry,1-3m,11,3.273
Sunshine Coast,1300,7-9,dry,4-6m,14,3.124
Sunshine Coast,1300,7-9,dry,7-9m,25,3.241
Sunshine Coast,1300,7-9,dry,true,5,3.301
Sunshine Coast,1300,7-9,heavy,10m+,3,2.847
Sunshine Coast,1300,7-9,heavy,7-9m,1,2.45
Sunshine Coast,1300,7-9,soft,1-3m,8,3.678
Sunshine Coast,1300,7-9,soft,4-6m,26,3.334
Sunshine Coast,1300,7-9,soft,7-9m,15,2.638
Sunshine Coast,1300,7-9,soft,true,15,4.329
Sunshine Coast,1400,1-3,dry,1-3m,80,3.12
Sunshine Coast,1400,1-3,dry,10m+,21,1.835
Sunshine Coast,1400,1-3,dry,4-6m,95,2.903
Sunshine Coast,1400,1-3,dry,7-9m,117,2.735
Sunshine Coast,1400,1-3,dry,true,109,3.138
Sunshine Coast,1400,1-3,heavy,1-3m,21,3.39
Sunshine Coast,1400,1-3,heavy,10m+,6,1.83
Sunshine Coast,1400,1-3,heavy,4-6m,24,4.235
Sunshine Coast,1400,1-3,heavy,7-9m,17,2.622
Sunshine Coast,1400,1-3,heavy,true,30,4.059
Sunshine Coast,1400,1-3,soft,1-3m,46,2.707
Sunshine Coast,1400,1-3,soft,10m+,33,2.243
Sunshine Coast,1400,1-3,soft,4-6m,78,2.743
Sunshine Coast,1400,1-3,soft,7-9m,72,2.212
Sunshine Coast,1400,1-3,soft,true,78,3.666
Sunshine Coast,1400,10-12,dry,1-3m,59,5.049
Sunshine Coast,1400,10-12,dry,10m+,3,3.688
Sunshine Coast,1400,10-12,dry,4-6m,45,4.866
Sunshine Coast,1400,10-12,dry,7-9m,80,4.432
Sunshine Coast,1400,10-12,dry,true,77,5.229
Sunshine Coast,1400,10-12,heavy,1-3m,5,4.228
Sunshine Coast,1400,10-12,heavy,10m+,1,1.333
Sunshine Coast,1400,10-12,heavy,4-6m,9,5.09
Sunshine Coast,1400,10-12,heavy,7-9m,5,4.541
Sunshine Coast,1400,10-12,heavy,true,14,6.96
Sunshine Coast,1400,10-12,soft,1-3m,30,4.453
Sunshine Coast,1400,10-12,soft,10m+,12,3.878
Sunshine Coast,1400,10-12,soft,4-6m,62,4.506
Sunshine Coast,1400,10-12,soft,7-9m,42,3.963
Sunshine Coast,1400,10-12,soft,true,58,6.047
Sunshine Coast,1400,13+,dry,1-3m,33,5.458
Sunshine Coast,1400,13+,dry,4-6m,9,4.684
Sunshine Coast,1400,13+,dry,7-9m,17,5.554
Sunshine Coast,1400,13+,dry,true,25,6.383
Sunshine Coast,1400,13+,heavy,1-3m,2,5.303
Sunshine Coast,1400,13+,heavy,7-9m,1,6.657
Sunshine Coast,1400,13+,heavy,true,6,5.963
Sunshine Coast,1400,13+,soft,1-3m,12,5.418
Sunshine Coast,1400,13+,soft,4-6m,18,5.119
Sunshine Coast,1400,13+,soft,7-9m,16,4.142
Sunshine Coast,1400,13+,soft,true,30,6.555
Sunshine Coast,1400,4-6,dry,1-3m,81,3.829
Sunshine Coast,1400,4-6,dry,10m+,21,2.666
Sunshine Coast,1400,4-6,dry,4-6m,95,3.685
Sunshine Coast,1400,4-6,dry,7-9m,118,3.405
Sunshine Coast,1400,4-6,dry,true,107,4.254
Sunshine Coast,1400,4-6,heavy,1-3m,21,3.795
Sunshine Coast,1400,4-6,heavy,10m+,6,2.493
Sunshine Coast,1400,4-6,heavy,4-6m,24,5.133
Sunshine Coast,1400,4-6,heavy,7-9m,18,3.031
Sunshine Coast,1400,4-6,heavy,true,30,4.781
Sunshine Coast,1400,4-6,soft,1-3m,47,3.436
Sunshine Coast,1400,4-6,soft,10m+,33,2.821
Sunshine Coast,1400,4-6,soft,4-6m,83,3.704
Sunshine Coast,1400,4-6,soft,7-9m,72,2.87
Sunshine Coast,1400,4-6,soft,true,75,4.571
Sunshine Coast,1400,7-9,dry,1-3m,72,4.686
Sunshine Coast,1400,7-9,dry,10m+,16,2.986
Sunshine Coast,1400,7-9,dry,4-6m,86,4.252
Sunshine Coast,1400,7-9,dry,7-9m,112,3.857
Sunshine Coast,1400,7-9,dry,true,103,4.86
Sunshine Coast,1400,7-9,heavy,1-3m,20,4.943
Sunshine Coast,1400,7-9,heavy,10m+,4,2.315
Sunshine Coast,1400,7-9,heavy,4-6m,18,5.777
Sunshine Coast,1400,7-9,heavy,7-9m,13,3.548
Sunshine Coast,1400,7-9,heavy,true,22,6.006
Sunshine Coast,1400,7-9,soft,1-3m,46,4.146
Sunshine Coast,1400,7-9,soft,10m+,27,3.239
Sunshine Coast,1400,7-9,soft,4-6m,75,4.007
Sunshine Coast,1400,7-9,soft,7-9m,64,3.45
Sunshine Coast,1400,7-9,soft,true,74,5.262
Sunshine Coast,1600,1-3,dry,1-3m,57,2.87
Sunshine Coast,1600,1-3,dry,10m+,6,1.514
Sunshine Coast,1600,1-3,dry,4-6m,90,2.883
Sunshine Coast,1600,1-3,dry,7-9m,104,2.596
Sunshine Coast,1600,1-3,dry,true,61,3.203
Sunshine Coast,1600,1-3,heavy,1-3m,12,3.207
Sunshine Coast,1600,1-3,heavy,10m+,6,1.589
Sunshine Coast,1600,1-3,heavy,7-9m,18,2.31
Sunshine Coast,1600,1-3,heavy,true,12,3.49
Sunshine Coast,1600,1-3,soft,1-3m,24,3.005
Sunshine Coast,1600,1-3,soft,10m+,30,3.093
Sunshine Coast,1600,1-3,soft,4-6m,53,3.427
Sunshine Coast,1600,1-3,soft,7-9m,44,2.093
Sunshine Coast,1600,1-3,soft,true,39,3.488
Sunshine Coast,1600,10-12,dry,1-3m,32,4.441
Sunshine Coast,1600,10-12,dry,10m+,2,2.926
Sunshine Coast,1600,10-12,dry,4-6m,32,4.863
Sunshine Coast,1600,10-12,dry,7-9m,45,3.942
Sunshine Coast,1600,10-12,dry,true,29,5.224
Sunshine Coast,1600,10-12,heavy,1-3m,6,5.453
Sunshine Coast,1600,10-12,heavy,7-9m,3,3.578
Sunshine Coast,1600,10-12,heavy,true,8,5.43
Sunshine Coast,1600,10-12,soft,1-3m,10,4.82
Sunshine Coast,1600,10-12,soft,10m+,7,3.422
Sunshine Coast,1600,10-12,soft,4-6m,20,3.832
Sunshine Coast,1600,10-12,soft,7-9m,24,3.603
Sunshine Coast,1600,10-12,soft,true,20,5.321
Sunshine Coast,1600,13+,dry,1-3m,3,5.265
Sunshine Coast,1600,13+,dry,4-6m,11,5.566
Sunshine Coast,1600,13+,dry,7-9m,7,4.114
Sunshine Coast,1600,13+,dry,true,7,5.547
Sunshine Coast,1600,13+,heavy,1-3m,1,5.536
Sunshine Coast,1600,13+,heavy,true,1,5.43
Sunshine Coast,1600,13+,soft,1-3m,1,5.876
Sunshine Coast,1600,13+,soft,4-6m,5,5.295
Sunshine Coast,1600,13+,soft,7-9m,3,4.002
Sunshine Coast,1600,13+,soft,true,9,6.34
Sunshine Coast,1600,4-6,dry,1-3m,56,3.495
Sunshine Coast,1600,4-6,dry,10m+,6,2.264
Sunshine Coast,1600,4-6,dry,4-6m,90,3.602
Sunshine Coast,1600,4-6,dry,7-9m,104,3.545
Sunshine Coast,1600,4-6,dry,true,62,3.826
Sunshine Coast,1600,4-6,heavy,1-3m,12,3.889
Sunshine Coast,1600,4-6,heavy,10m+,6,2.023
Sunshine Coast,1600,4-6,heavy,7-9m,18,3.041
Sunshine Coast,1600,4-6,heavy,true,11,4.636
Sunshine Coast,1600,4-6,soft,1-3m,24,3.651
Sunshine Coast,1600,4-6,soft,10m+,30,3.713
Sunshine Coast,1600,4-6,soft,4-6m,54,3.922
Sunshine Coast,1600,4-6,soft,7-9m,44,2.851
Sunshine Coast,1600,4-6,soft,true,39,4.019
Sunshine Coast,1600,7-9,dry,1-3m,48,4.077
Sunshine Coast,1600,7-9,dry,10m+,6,2.44
Sunshine Coast,1600,7-9,dry,4-6m,72,4.101
Sunshine Coast,1600,7-9,dry,7-9m,85,3.594
Sunshine Coast,1600,7-9,dry,true,55,4.391
Sunshine Coast,1600,7-9,heavy,1-3m,11,4.119
Sunshine Coast,1600,7-9,heavy,10m+,3,2.267
Sunshine Coast,1600,7-9,heavy,7-9m,10,3.13
Sunshine Coast,1600,7-9,heavy,true,9,4.952
Sunshine Coast,1600,7-9,soft,1-3m,20,4.168
Sunshine Coast,1600,7-9,soft,10m+,24,3.822
Sunshine Coast,1600,7-9,soft,4-6m,49,4.382
Sunshine Coast,1600,7-9,soft,7-9m,36,3.199
Sunshine Coast,1600,7-9,soft,true,33,4.803
Sunshine Coast,1800,1-3,dry,1-3m,42,2.611
Sunshine Coast,1800,1-3,dry,10m+,9,1.849
Sunshine Coast,1800,1-3,dry,4-6m,53,2.413
Sunshine Coast,1800,1-3,dry,7-9m,76,2.364
Sunshine Coast,1800,1-3,dry,true,65,2.944
Sunshine Coast,1800,1-3,heavy,1-3m,9,3.648
Sunshine Coast,1800,1-3,heavy,10m+,12,1.578
Sunshine Coast,1800,1-3,heavy,4-6m,9,4.499
Sunshine Coast,1800,1-3,heavy,7-9m,29,2.321
Sunshine Coast,1800,1-3,heavy,true,18,3.608
Sunshine Coast,1800,1-3,soft,1-3m,39,2.657
Sunshine Coast,1800,1-3,soft,10m+,17,3.434
Sunshine Coast,1800,1-3,soft,4-6m,50,2.769
Sunshine Coast,1800,1-3,soft,7-9m,39,2.757
Sunshine Coast,1800,1-3,soft,true,30,3.068
Sunshine Coast,1800,10-12,dry,1-3m,13,3.922
Sunshine Coast,1800,10-12,dry,10m+,3,2.643
Sunshine Coast,1800,10-12,dry,4-6m,9,4.135
Sunshine Coast,1800,10-12,dry,7-9m,29,3.296
Sunshine Coast,1800,10-12,dry,true,30,4.258
Sunshine Coast,1800,10-12,heavy,1-3m,3,4.383
Sunshine Coast,1800,10-12,heavy,4-6m,6,4.671
Sunshine Coast,1800,10-12,heavy,7-9m,7,3.693
Sunshine Coast,1800,10-12,heavy,true,7,6.04
Sunshine Coast,1800,10-12,soft,1-3m,11,4.132
Sunshine Coast,1800,10-12,soft,10m+,7,4.365
Sunshine Coast,1800,10-12,soft,4-6m,25,4.421
Sunshine Coast,1800,10-12,soft,7-9m,23,4.242
Sunshine Coast,1800,10-12,soft,true,15,4.584
Sunshine Coast,1800,13+,dry,1-3m,2,3.956
Sunshine Coast,1800,13+,dry,4-6m,4,4.691
Sunshine Coast,1800,13+,dry,7-9m,5,3.509
Sunshine Coast,1800,13+,dry,true,9,5.592
Sunshine Coast,1800,13+,heavy,1-3m,1,4.043
Sunshine Coast,1800,13+,heavy,4-6m,2,4.755
Sunshine Coast,1800,13+,heavy,true,3,5.073
Sunshine Coast,1800,13+,soft,4-6m,10,3.871
Sunshine Coast,1800,13+,soft,7-9m,3,3.672
Sunshine Coast,1800,13+,soft,true,6,5.58
Sunshine Coast,1800,4-6,dry,1-3m,40,2.904
Sunshine Coast,1800,4-6,dry,10m+,9,2.524
Sunshine Coast,1800,4-6,dry,4-6m,53,2.734
Sunshine Coast,1800,4-6,dry,7-9m,76,3.008
Sunshine Coast,1800,4-6,dry,true,66,3.606
Sunshine Coast,1800,4-6,heavy,1-3m,8,4.819
Sunshine Coast,1800,4-6,heavy,10m+,12,2.061
Sunshine Coast,1800,4-6,heavy,4-6m,9,5.646
Sunshine Coast,1800,4-6,heavy,7-9m,29,2.777
Sunshine Coast,1800,4-6,heavy,true,18,4.228
Sunshine Coast,1800,4-6,soft,1-3m,39,3.196
Sunshine Coast,1800,4-6,soft,10m+,18,3.86
Sunshine Coast,1800,4-6,soft,4-6m,50,3.031
Sunshine Coast,1800,4-6,soft,7-9m,39,3.421
Sunshine Coast,1800,4-6,soft,true,30,3.705
Sunshine Coast,1800,7-9,dry,1-3m,35,3.669
Sunshine Coast,1800,7-9,dry,10m+,6,2.906
Sunshine Coast,1800,7-9,dry,4-6m,36,3.327
Sunshine Coast,1800,7-9,dry,7-9m,58,3.223
Sunshine Coast,1800,7-9,dry,true,57,3.944
Sunshine Coast,1800,7-9,heavy,1-3m,4,3.677
Sunshine Coast,1800,7-9,heavy,10m+,5,2.443
Sunshine Coast,1800,7-9,heavy,4-6m,8,6.156
Sunshine Coast,1800,7-9,heavy,7-9m,15,2.809
Sunshine Coast,1800,7-9,heavy,true,12,4.38
Sunshine Coast,1800,7-9,soft,1-3m,29,3.733
Sunshine Coast,1800,7-9,soft,10m+,13,4.197
Sunshine Coast,1800,7-9,soft,4-6m,47,3.519
Sunshine Coast,1800,7-9,soft,7-9m,31,3.66
Sunshine Coast,1800,7-9,soft,true,23,4.455
Sunshine Coast,2200,1-3,dry,1-3m,12,2.141
Sunshine Coast,2200,1-3,dry,10m+,9,2.07
Sunshine Coast,2200,1-3,dry,4-6m,15,2.258
Sunshine Coast,2200,1-3,dry,7-9m,24,2.456
Sunshine Coast,2200,1-3,dry,true,27,2.643
Sunshine Coast,2200,1-3,heavy,1-3m,3,2.282
Sunshine Coast,2200,1-3,soft,1-3m,18,2.574
Sunshine Coast,2200,1-3,soft,10m+,6,2.132
Sunshine Coast,2200,1-3,soft,4-6m,32,2.866
Sunshine Coast,2200,1-3,soft,7-9m,9,2.137
Sunshine Coast,2200,1-3,soft,true,9,2.824
Sunshine Coast,2200,10-12,dry,1-3m,3,2.832
Sunshine Coast,2200,10-12,dry,10m+,4,2.385
Sunshine Coast,2200,10-12,dry,4-6m,1,2.135
Sunshine Coast,2200,10-12,dry,7-9m,9,3.252
Sunshine Coast,2200,10-12,dry,true,9,4.094
Sunshine Coast,2200,10-12,soft,1-3m,4,2.299
Sunshine Coast,2200,10-12,soft,10m+,4,2.832
Sunshine Coast,2200,10-12,soft,4-6m,12,3.271
Sunshine Coast,2200,10-12,soft,7-9m,1,3.358
Sunshine Coast,2200,10-12,soft,true,3,4.229
Sunshine Coast,2200,13+,dry,1-3m,1,4.916
Sunshine Coast,2200,13+,soft,4-6m,9,4.393
Sunshine Coast,2200,4-6,dry,1-3m,12,2.607
Sunshine Coast,2200,4-6,dry,10m+,8,2.496
Sunshine Coast,2200,4-6,dry,4-6m,14,2.783
Sunshine Coast,2200,4-6,dry,7-9m,23,2.856
Sunshine Coast,2200,4-6,dry,true,26,3.593
Sunshine Coast,2200,4-6,heavy,1-3m,3,2.63
Sunshine Coast,2200,4-6,soft,1-3m,18,2.969
Sunshine Coast,2200,4-6,soft,10m+,6,2.848
Sunshine Coast,2200,4-6,soft,4-6m,32,3.254
Sunshine Coast,2200,4-6,soft,7-9m,8,2.527
Sunshine Coast,2200,4-6,soft,true,8,3.301
Sunshine Coast,2200,7-9,dry,1-3m,5,3.301
Sunshine Coast,2200,7-9,dry,10m+,6,2.852
Sunshine Coast,2200,7-9,dry,4-6m,9,3.078
Sunshine Coast,2200,7-9,dry,7-9m,19,3.106
Sunshine Coast,2200,7-9,dry,true,21,3.806
Sunshine Coast,2200,7-9,heavy,1-3m,2,2.653
Sunshine Coast,2200,7-9,soft,1-3m,14,3.014
Sunshine Coast,2200,7-9,soft,10m+,6,2.593
Sunshine Coast,2200,7-9,soft,4-6m,24,3.89
Sunshine Coast,2200,7-9,soft,7-9m,5,2.655
Sunshine Coast,2200,7-9,soft,true,9,3.691
Sunshine Coast,2300,1-3,soft,10m+,3,1.385
Sunshine Coast,2300,10-12,soft,10m+,1,2.609
Sunshine Coast,2300,4-6,soft,10m+,3,2.331
Sunshine Coast,2300,7-9,soft,10m+,3,2.233
Sunshine Coast,2400,1-3,dry,1-3m,3,1.757
Sunshine Coast,2400,1-3,dry,true,9,2.405
Sunshine Coast,2400,1-3,heavy,true,6,3.967
Sunshine Coast,2400,1-3,soft,7-9m,3,2.832
Sunshine Coast,2400,1-3,soft,true,9,2.401
Sunshine Coast,2400,10-12,dry,1-3m,2,3.749
Sunshine Coast,2400,10-12,dry,true,6,3.378
Sunshine Coast,2400,10-12,heavy,true,4,5.426
Sunshine Coast,2400,10-12,soft,7-9m,3,2.745
Sunshine Coast,2400,10-12,soft,true,6,4.231
Sunshine Coast,2400,13+,dry,true,2,3.985
Sunshine Coast,2400,13+,heavy,true,1,5.415
Sunshine Coast,2400,13+,soft,7-9m,4,3.296
Sunshine Coast,2400,13+,soft,true,5,5.153
Sunshine Coast,2400,4-6,dry,1-3m,3,2.98
Sunshine Coast,2400,4-6,dry,true,9,2.43
Sunshine Coast,2400,4-6,heavy,true,6,3.97
Sunshine Coast,2400,4-6,soft,7-9m,3,2.189
Sunshine Coast,2400,4-6,soft,true,9,3.577
Sunshine Coast,2400,7-9,dry,1-3m,3,2.889
Sunshine Coast,2400,7-9,dry,true,8,3.42
Sunshine Coast,2400,7-9,heavy,true,6,4.911
Sunshine Coast,2400,7-9,soft,7-9m,3,2.789
Sunshine Coast,2400,7-9,soft,true,8,3.749
Toowoomba,900,1-3,dry,1-3m,110,1.393
Toowoomba,900,1-3,dry,4-6m,11,1.559
Toowoomba,900,1-3,dry,true,41,1.615
Toowoomba,900,1-3,heavy,true,6,2.709
Toowoomba,900,1-3,soft,1-3m,23,1.789
Toowoomba,900,1-3,soft,true,3,1.573
Toowoomba,900,10-12,dry,true,11,4.599
Toowoomba,900,10-12,heavy,true,3,3.925
Toowoomba,900,10-12,soft,1-3m,2,3.018
Toowoomba,900,10-12,soft,true,2,5.932
Toowoomba,900,4-6,dry,1-3m,113,1.867
Toowoomba,900,4-6,dry,4-6m,11,1.857
Toowoomba,900,4-6,dry,true,41,2.306
Toowoomba,900,4-6,heavy,true,6,2.975
Toowoomba,900,4-6,soft,1-3m,26,2.017
Toowoomba,900,4-6,soft,true,3,2.968
Toowoomba,900,7-9,dry,1-3m,52,2.369
Toowoomba,900,7-9,dry,4-6m,10,2.431
Toowoomba,900,7-9,dry,true,31,3.405
Toowoomba,900,7-9,heavy,true,4,2.408
Toowoomba,900,7-9,soft,1-3m,16,3.206
Toowoomba,900,7-9,soft,true,3,4.042
Toowoomba,1000,1-3,dry,1-3m,206,1.824
Toowoomba,1000,1-3,dry,4-6m,146,2.176
Toowoomba,1000,1-3,dry,true,114,2.116
Toowoomba,1000,1-3,heavy,1-3m,6,2.01
Toowoomba,1000,1-3,heavy,4-6m,9,1.795
Toowoomba,1000,1-3,heavy,true,12,2.085
Toowoomba,1000,1-3,soft,1-3m,33,2.01
Toowoomba,1000,1-3,soft,4-6m,62,2.269
Toowoomba,1000,1-3,soft,true,11,1.702
Toowoomba,1000,10-12,dry,1-3m,43,3.308
Toowoomba,1000,10-12,dry,4-6m,14,3.728
Toowoomba,1000,10-12,dry,true,25,4.418
Toowoomba,1000,10-12,heavy,1-3m,1,5.022
Toowoomba,1000,10-12,heavy,4-6m,2,4.303
Toowoomba,1000,10-12,heavy,true,3,6.165
Toowoomba,1000,10-12,soft,1-3m,11,3.507
Toowoomba,1000,10-12,soft,4-6m,13,4.149
Toowoomba,1000,10-12,soft,true,2,3.276
Toowoomba,1000,13+,soft,1-3m,1,1.002
Toowoomba,1000,4-6,dry,1-3m,212,2.526
Toowoomba,1000,4-6,dry,4-6m,151,2.843
Toowoomba,1000,4-6,dry,true,106,2.765
Toowoomba,1000,4-6,heavy,1-3m,5,4.206
Toowoomba,1000,4-6,heavy,4-6m,9,2.389
Toowoomba,1000,4-6,heavy,true,12,2.811
Toowoomba,1000,4-6,soft,1-3m,33,2.757
Toowoomba,1000,4-6,soft,4-6m,61,2.91
Toowoomba,1000,4-6,soft,true,12,2.697
Toowoomba,1000,7-9,dry,1-3m,164,3.015
Toowoomba,1000,7-9,dry,4-6m,107,3.353
Toowoomba,1000,7-9,dry,true,83,3.503
Toowoomba,1000,7-9,heavy,1-3m,3,4.231
Toowoomba,1000,7-9,heavy,4-6m,8,2.981
Toowoomba,1000,7-9,heavy,true,10,4.231
Toowoomba,1000,7-9,soft,1-3m,28,3.243
Toowoomba,1000,7-9,soft,4-6m,55,3.696
Toowoomba,1000,7-9,soft,true,6,3.761
Toowoomba,1100,1-3,dry,1-3m,86,1.646
Toowoomba,1100,1-3,dry,4-6m,100,1.926
Toowoomba,1100,1-3,dry,true,75,1.726
Toowoomba,1100,1-3,heavy,4-6m,3,1.124
Toowoomba,1100,1-3,heavy,true,8,2.661
Toowoomba,1100,1-3,soft,1-3m,12,2.0
Toowoomba,1100,1-3,soft,4-6m,21,1.78
Toowoomba,1100,1-3,soft,true,15,1.712
Toowoomba,1100,10-12,dry,1-3m,22,3.096
Toowoomba,1100,10-12,dry,4-6m,29,2.634
Toowoomba,1100,10-12,dry,true,33,3.963
Toowoomba,1100,10-12,heavy,4-6m,1,4.504
Toowoomba,1100,10-12,heavy,true,3,6.503
Toowoomba,1100,10-12,soft,1-3m,6,3.356
Toowoomba,1100,10-12,soft,4-6m,2,2.396
Toowoomba,1100,10-12,soft,true,5,3.265
Toowoomba,1100,13+,dry,1-3m,2,2.886
Toowoomba,1100,13+,dry,4-6m,1,3.49
Toowoomba,1100,13+,dry,true,4,3.343
Toowoomba,1100,13+,soft,1-3m,2,4.234
Toowoomba,1100,13+,soft,true,2,3.529
Toowoomba,1100,4-6,dry,1-3m,84,2.208
Toowoomba,1100,4-6,dry,4-6m,101,2.324
Toowoomba,1100,4-6,dry,true,74,2.237
Toowoomba,1100,4-6,heavy,4-6m,3,2.688
Toowoomba,1100,4-6,heavy,true,9,3.505
Toowoomba,1100,4-6,soft,1-3m,12,2.181
Toowoomba,1100,4-6,soft,4-6m,21,2.066
Toowoomba,1100,4-6,soft,true,15,2.231
Toowoomba,1100,7-9,dry,1-3m,53,2.458
Toowoomba,1100,7-9,dry,4-6m,78,2.555
Toowoomba,1100,7-9,dry,true,61,2.532
Toowoomba,1100,7-9,heavy,4-6m,3,3.379
Toowoomba,1100,7-9,heavy,true,4,6.058
Toowoomba,1100,7-9,soft,1-3m,9,3.144
Toowoomba,1100,7-9,soft,4-6m,10,2.15
Toowoomba,1100,7-9,soft,true,12,2.189
Toowoomba,1200,1-3,dry,1-3m,197,2.187
Toowoomba,1200,1-3,dry,4-6m,125,1.994
Toowoomba,1200,1-3,dry,true,154,2.266
Toowoomba,1200,1-3,heavy,4-6m,2,2.657
Toowoomba,1200,1-3,heavy,true,24,2.91
Toowoomba,1200,1-3,soft,1-3m,51,1.975
Toowoomba,1200,1-3,soft,4-6m,57,2.353
Toowoomba,1200,1-3,soft,true,11,2.269
Toowoomba,1200,10-12,dry,1-3m,93,3.801
Toowoomba,1200,10-12,dry,4-6m,32,3.554
Toowoomba,1200,10-12,dry,true,69,4.063
Toowoomba,1200,10-12,heavy,4-6m,1,2.707
Toowoomba,1200,10-12,heavy,true,14,6.332
Toowoomba,1200,10-12,soft,1-3m,22,3.204
Toowoomba,1200,10-12,soft,4-6m,19,4.257
Toowoomba,1200,10-12,soft,true,10,4.623
Toowoomba,1200,13+,dry,1-3m,8,4.168
Toowoomba,1200,13+,dry,true,12,4.323
Toowoomba,1200,13+,heavy,true,2,5.072
Toowoomba,1200,13+,soft,1-3m,2,3.782
Toowoomba,1200,13+,soft,true,1,5.122
Toowoomba,1200,4-6,dry,1-3m,200,2.765
Toowoomba,1200,4-6,dry,4-6m,125,2.704
Toowoomba,1200,4-6,dry,true,153,3.173
Toowoomba,1200,4-6,heavy,4-6m,3,2.656
Toowoomba,1200,4-6,heavy,true,24,4.077
Toowoomba,1200,4-6,soft,1-3m,51,2.61
Toowoomba,1200,4-6,soft,4-6m,56,3.176
Toowoomba,1200,4-6,soft,true,12,3.07
Toowoomba,1200,7-9,dry,1-3m,177,3.347
Toowoomba,1200,7-9,dry,4-6m,103,3.118
Toowoomba,1200,7-9,dry,true,124,3.759
Toowoomba,1200,7-9,heavy,4-6m,3,4.145
Toowoomba,1200,7-9,heavy,true,24,5.169
Toowoomba,1200,7-9,soft,1-3m,41,3.101
Toowoomba,1200,7-9,soft,4-6m,51,3.323
Toowoomba,1200,7-9,soft,true,12,3.815
Toowoomba,1300,1-3,dry,1-3m,213,1.926
Toowoomba,1300,1-3,dry,4-6m,122,2.288
Toowoomba,1300,1-3,dry,true,137,1.968
Toowoomba,1300,1-3,heavy,4-6m,3,1.716
Toowoomba,1300,1-3,heavy,true,15,1.871
Toowoomba,1300,1-3,soft,1-3m,36,1.702
Toowoomba,1300,1-3,soft,4-6m,48,2.427
Toowoomba,1300,1-3,soft,true,15,1.997
Toowoomba,1300,10-12,dry,1-3m,41,2.467
Toowoomba,1300,10-12,dry,4-6m,10,3.218
Toowoomba,1300,10-12,dry,true,61,3.147
Toowoomba,1300,10-12,heavy,true,3,3.776
Toowoomba,1300,10-12,soft,1-3m,9,3.317
Toowoomba,1300,10-12,soft,4-6m,6,3.953
Toowoomba,1300,10-12,soft,true,8,3.435
Toowoomba,1300,4-6,dry,1-3m,212,2.439
Toowoomba,1300,4-6,dry,4-6m,121,2.806
Toowoomba,1300,4-6,dry,true,138,2.464
Toowoomba,1300,4-6,heavy,4-6m,3,1.631
Toowoomba,1300,4-6,heavy,true,15,3.152
Toowoomba,1300,4-6,soft,1-3m,36,2.323
Toowoomba,1300,4-6,soft,4-6m,47,2.994
Toowoomba,1300,4-6,soft,true,15,2.19
Toowoomba,1300,7-9,dry,1-3m,181,2.682
Toowoomba,1300,7-9,dry,4-6m,93,3.149
Toowoomba,1300,7-9,dry,true,120,2.716
Toowoomba,1300,7-9,heavy,4-6m,3,2.663
Toowoomba,1300,7-9,heavy,true,15,2.985
Toowoomba,1300,7-9,soft,1-3m,30,2.734
Toowoomba,1300,7-9,soft,4-6m,42,3.272
Toowoomba,1300,7-9,soft,true,15,2.877
Toowoomba,1600,1-3,dry,1-3m,177,1.883
Toowoomba,1600,1-3,dry,4-6m,99,2.117
Toowoomba,1600,1-3,dry,true,132,2.228
Toowoomba,1600,1-3,heavy,true,24,2.459
Toowoomba,1600,1-3,soft,1-3m,24,2.139
Toowoomba,1600,1-3,soft,4-6m,35,1.82
Toowoomba,1600,1-3,soft,true,15,2.045
Toowoomba,1600,10-12,dry,1-3m,11,2.956
Toowoomba,1600,10-12,dry,4-6m,3,3.353
Toowoomba,1600,10-12,dry,true,55,3.356
Toowoomba,1600,10-12,heavy,true,7,4.299
Toowoomba,1600,10-12,soft,1-3m,5,3.149
Toowoomba,1600,10-12,soft,true,12,3.318
Toowoomba,1600,4-6,dry,1-3m,177,2.308
Toowoomba,1600,4-6,dry,4-6m,98,2.551
Toowoomba,1600,4-6,dry,true,130,2.906
Toowoomba,1600,4-6,heavy,true,24,2.874
Toowoomba,1600,4-6,soft,1-3m,23,2.645
Toowoomba,1600,4-6,soft,4-6m,35,2.234
Toowoomba,1600,4-6,soft,true,15,2.742
Toowoomba,1600,7-9,dry,1-3m,142,2.614
Toowoomba,1600,7-9,dry,4-6m,72,2.842
Toowoomba,1600,7-9,dry,true,119,3.186
Toowoomba,1600,7-9,heavy,true,20,3.531
Toowoomba,1600,7-9,soft,1-3m,20,2.65
Toowoomba,1600,7-9,soft,4-6m,26,2.769
Toowoomba,1600,7-9,soft,true,14,2.907
Toowoomba,1800,1-3,dry,1-3m,23,1.998
Toowoomba,1800,1-3,dry,4-6m,19,2.267
Toowoomba,1800,1-3,dry,true,5,1.962
Toowoomba,1800,1-3,soft,1-3m,3,3.689
Toowoomba,1800,1-3,soft,true,3,1.486
Toowoomba,1800,10-12,soft,true,3,2.059
Toowoomba,1800,4-6,dry,1-3m,25,1.947
Toowoomba,1800,4-6,dry,4-6m,21,2.295
Toowoomba,1800,4-6,dry,true,6,1.936
Toowoomba,1800,4-6,soft,1-3m,3,4.878
Toowoomba,1800,4-6,soft,true,3,2.597
Toowoomba,1800,7-9,dry,1-3m,19,1.88
Toowoomba,1800,7-9,dry,4-6m,12,2.416
Toowoomba,1800,7-9,dry,true,5,2.725
Toowoomba,1800,7-9,soft,true,3,2.747
Toowoomba,1900,1-3,dry,1-3m,72,2.095
Toowoomba,1900,1-3,dry,4-6m,41,2.391
Toowoomba,1900,1-3,dry,true,51,2.089
Toowoomba,1900,1-3,heavy,1-3m,6,2.254
Toowoomba,1900,1-3,heavy,4-6m,3,1.855
Toowoomba,1900,1-3,heavy,true,6,2.744
Toowoomba,1900,1-3,soft,1-3m,12,1.835
Toowoomba,1900,1-3,soft,4-6m,9,3.653
Toowoomba,1900,1-3,soft,true,3,2.063
Toowoomba,1900,10-12,dry,1-3m,14,2.147
Toowoomba,1900,10-12,dry,4-6m,10,2.668
Toowoomba,1900,10-12,dry,true,11,2.865
Toowoomba,1900,10-12,heavy,1-3m,1,2.671
Toowoomba,1900,10-12,heavy,true,2,3.454
Toowoomba,1900,10-12,soft,1-3m,7,2.62
Toowoomba,1900,10-12,soft,4-6m,3,4.626
Toowoomba,1900,13+,dry,4-6m,2,2.265
Toowoomba,1900,4-6,dry,1-3m,72,2.16
Toowoomba,1900,4-6,dry,4-6m,43,2.489
Toowoomba,1900,4-6,dry,true,50,2.414
Toowoomba,1900,4-6,heavy,1-3m,6,2.151
Toowoomba,1900,4-6,heavy,4-6m,3,1.997
Toowoomba,1900,4-6,heavy,true,6,2.958
Toowoomba,1900,4-6,soft,1-3m,12,1.902
Toowoomba,1900,4-6,soft,4-6m,9,4.303
Toowoomba,1900,4-6,soft,true,3,1.735
Toowoomba,1900,7-9,dry,1-3m,49,2.42
Toowoomba,1900,7-9,dry,4-6m,38,2.591
Toowoomba,1900,7-9,dry,true,38,2.776
Toowoomba,1900,7-9,heavy,1-3m,4,2.219
Toowoomba,1900,7-9,heavy,4-6m,1,2.428
Toowoomba,1900,7-9,heavy,true,5,3.428
Toowoomba,1900,7-9,soft,1-3m,12,2.323
Toowoomba,1900,7-9,soft,4-6m,9,3.887
Toowoomba,1900,7-9,soft,true,2,2.236
Toowoomba,2000,1-3,dry,1-3m,21,2.038
Toowoomba,2000,1-3,dry,4-6m,14,1.897
Toowoomba,2000,1-3,dry,true,24,1.961
Toowoomba,2000,1-3,heavy,true,3,1.926
Toowoomba,2000,1-3,soft,1-3m,9,1.926
Toowoomba,2000,1-3,soft,4-6m,12,2.103
Toowoomba,2000,10-12,dry,1-3m,5,2.177
Toowoomba,2000,10-12,dry,4-6m,6,2.277
Toowoomba,2000,10-12,dry,true,10,3.422
Toowoomba,2000,10-12,heavy,true,3,3.489
Toowoomba,2000,10-12,soft,4-6m,3,3.33
Toowoomba,2000,13+,dry,1-3m,1,1.571
Toowoomba,2000,13+,dry,true,6,3.535
Toowoomba,2000,13+,heavy,true,2,2.601
Toowoomba,2000,4-6,dry,1-3m,21,2.09
Toowoomba,2000,4-6,dry,4-6m,14,2.067
Toowoomba,2000,4-6,dry,true,24,2.535
Toowoomba,2000,4-6,heavy,true,3,1.829
Toowoomba,2000,4-6,soft,1-3m,9,2.136
Toowoomba,2000,4-6,soft,4-6m,12,2.104
Toowoomba,2000,7-9,dry,1-3m,20,2.385
Toowoomba,2000,7-9,dry,4-6m,13,2.051
Toowoomba,2000,7-9,dry,true,20,2.699
Toowoomba,2000,7-9,heavy,true,3,2.786
Toowoomba,2000,7-9,soft,1-3m,6,2.143
Toowoomba,2000,7-9,soft,4-6m,11,2.967
Toowoomba,2200,1-3,dry,1-3m,20,1.994
Toowoomba,2200,1-3,dry,4-6m,14,1.931
Toowoomba,2200,1-3,dry,true,9,2.234
Toowoomba,2200,1-3,soft,1-3m,9,1.78
Toowoomba,2200,1-3,soft,4-6m,11,1.871
Toowoomba,2200,10-12,dry,1-3m,3,2.557
Toowoomba,2200,10-12,dry,4-6m,4,2.678
Toowoomba,2200,10-12,dry,true,4,2.047
Toowoomba,2200,10-12,soft,4-6m,1,2.475
Toowoomba,2200,13+,dry,true,1,3.171
Toowoomba,2200,4-6,dry,1-3m,21,2.167
Toowoomba,2200,4-6,dry,4-6m,13,1.991
Toowoomba,2200,4-6,dry,true,9,2.322
Toowoomba,2200,4-6,soft,1-3m,9,2.218
Toowoomba,2200,4-6,soft,4-6m,11,1.935
Toowoomba,2200,7-9,dry,1-3m,16,2.306
Toowoomba,2200,7-9,dry,4-6m,11,2.274
Toowoomba,2200,7-9,dry,true,6,2.164
Toowoomba,2200,7-9,soft,1-3m,6,2.272
Toowoomba,2200,7-9,soft,4-6m,5,2.345
Townsville,1000,1-3,dry,1-3m,30,1.765
Townsville,1000,1-3,dry,4-6m,149,2.787
Townsville,1000,1-3,dry,7-9m,18,1.994
Townsville,1000,1-3,dry,true,140,2.454
Townsville,1000,1-3,heavy,4-6m,9,2.586
Townsville,1000,1-3,soft,1-3m,41,2.76
Townsville,1000,1-3,soft,4-6m,118,2.341
Townsville,1000,1-3,soft,7-9m,30,2.297
Townsville,1000,1-3,soft,true,108,2.562
Townsville,1000,10-12,dry,1-3m,14,4.604
Townsville,1000,10-12,dry,4-6m,54,4.971
Townsville,1000,10-12,dry,7-9m,4,2.2
Townsville,1000,10-12,dry,true,79,4.536
Townsville,1000,10-12,heavy,4-6m,3,6.9
Townsville,1000,10-12,soft,1-3m,11,4.567
Townsville,1000,10-12,soft,4-6m,51,4.584
Townsville,1000,10-12,soft,7-9m,2,3.786
Townsville,1000,10-12,soft,true,59,5.676
Townsville,1000,13+,dry,1-3m,2,5.52
Townsville,1000,13+,dry,4-6m,11,5.684
Townsville,1000,13+,dry,true,34,5.173
Townsville,1000,13+,soft,1-3m,6,6.117
Townsville,1000,13+,soft,4-6m,10,6.448
Townsville,1000,13+,soft,true,16,6.434
Townsville,1000,4-6,dry,1-3m,31,3.033
Townsville,1000,4-6,dry,4-6m,151,3.667
Townsville,1000,4-6,dry,7-9m,18,2.616
Townsville,1000,4-6,dry,true,146,3.253
Townsville,1000,4-6,heavy,4-6m,9,3.959
Townsville,1000,4-6,soft,1-3m,44,3.184
Townsville,1000,4-6,soft,4-6m,121,3.023
Townsville,1000,4-6,soft,7-9m,29,3.45
Townsville,1000,4-6,soft,true,106,3.675
Townsville,1000,7-9,dry,1-3m,24,3.621
Townsville,1000,7-9,dry,4-6m,114,4.424
Townsville,1000,7-9,dry,7-9m,15,3.413
Townsville,1000,7-9,dry,true,122,4.08
Townsville,1000,7-9,heavy,4-6m,8,4.656
Townsville,1000,7-9,soft,1-3m,35,4.259
Townsville,1000,7-9,soft,4-6m,100,4.092
Townsville,1000,7-9,soft,7-9m,17,4.267
Townsville,1000,7-9,soft,true,84,4.583
Townsville,1200,1-3,dry,1-3m,33,2.154
Townsville,1200,1-3,dry,4-6m,129,2.807
Townsville,1200,1-3,dry,7-9m,14,2.13
Townsville,1200,1-3,dry,true,105,2.778
Townsville,1200,1-3,heavy,1-3m,3,2.322
Townsville,1200,1-3,heavy,4-6m,3,2.536
Townsville,1200,1-3,soft,1-3m,36,2.222
Townsville,1200,1-3,soft,4-6m,107,2.776
Townsville,1200,1-3,soft,7-9m,35,2.853
Townsville,1200,1-3,soft,true,72,2.323
Townsville,1200,10-12,dry,1-3m,17,3.846
Townsville,1200,10-12,dry,4-6m,50,4.503
Townsville,1200,10-12,dry,7-9m,4,2.852
Townsville,1200,10-12,dry,true,56,4.777
Townsville,1200,10-12,heavy,4-6m,2,5.114
Townsville,1200,10-12,soft,1-3m,5,4.228
Townsville,1200,10-12,soft,4-6m,43,4.371
Townsville,1200,10-12,soft,7-9m,22,4.303
Townsville,1200,10-12,soft,true,51,4.317
Townsville,1200,13+,dry,1-3m,6,5.269
Townsville,1200,13+,dry,4-6m,8,4.386
Townsville,1200,13+,dry,true,26,5.486
Townsville,1200,13+,soft,1-3m,2,3.869
Townsville,1200,13+,soft,4-6m,7,5.636
Townsville,1200,13+,soft,true,28,5.51
Townsville,1200,4-6,dry,1-3m,33,3.075
Townsville,1200,4-6,dry,4-6m,136,3.428
Townsville,1200,4-6,dry,7-9m,14,2.671
Townsville,1200,4-6,dry,true,106,3.397
Townsville,1200,4-6,heavy,1-3m,3,2.234
Townsville,1200,4-6,heavy,4-6m,3,2.477
Townsville,1200,4-6,soft,1-3m,34,2.844
Townsville,1200,4-6,soft,4-6m,110,3.403
Townsville,1200,4-6,soft,7-9m,34,3.421
Townsville,1200,4-6,soft,true,79,3.26
Townsville,1200,7-9,dry,1-3m,32,3.266
Townsville,1200,7-9,dry,4-6m,114,4.031
Townsville,1200,7-9,dry,7-9m,14,3.15
Townsville,1200,7-9,dry,true,94,4.052
Townsville,1200,7-9,heavy,1-3m,1,2.935
Townsville,1200,7-9,heavy,4-6m,3,4.814
Townsville,1200,7-9,soft,1-3m,25,3.459
Townsville,1200,7-9,soft,4-6m,88,3.894
Townsville,1200,7-9,soft,7-9m,34,3.779
Townsville,1200,7-9,soft,true,72,3.764
Townsville,1300,1-3,dry,1-3m,3,2.206
Townsville,1300,1-3,dry,4-6m,17,2.628
Townsville,1300,1-3,dry,7-9m,6,2.176
Townsville,1300,1-3,dry,true,58,2.487
Townsville,1300,1-3,soft,1-3m,6,1.397
Townsville,1300,1-3,soft,4-6m,26,2.786
Townsville,1300,1-3,soft,7-9m,9,2.872
Townsville,1300,1-3,soft,true,15,1.879
Townsville,1300,10-12,dry,1-3m,3,3.915
Townsville,1300,10-12,dry,4-6m,6,2.545
Townsville,1300,10-12,dry,7-9m,5,2.889
Townsville,1300,10-12,dry,true,48,3.843
Townsville,1300,10-12,soft,1-3m,3,2.557
Townsville,1300,10-12,soft,4-6m,18,3.268
Townsville,1300,10-12,soft,7-9m,2,3.279
Townsville,1300,10-12,soft,true,7,3.161
Townsville,1300,13+,dry,true,37,4.156
Townsville,1300,13+,soft,1-3m,1,2.863
Townsville,1300,13+,soft,4-6m,3,2.616
Townsville,1300,4-6,dry,1-3m,3,2.291
Townsville,1300,4-6,dry,4-6m,16,2.795
Townsville,1300,4-6,dry,7-9m,6,2.255
Townsville,1300,4-6,dry,true,60,3.014
Townsville,1300,4-6,soft,1-3m,6,2.206
Townsville,1300,4-6,soft,4-6m,26,3.075
Townsville,1300,4-6,soft,7-9m,8,3.39
Townsville,1300,4-6,soft,true,15,2.642
Townsville,1300,7-9,dry,1-3m,3,2.969
Townsville,1300,7-9,dry,4-6m,13,3.169
Townsville,1300,7-9,dry,7-9m,5,3.162
Townsville,1300,7-9,dry,true,55,3.116
Townsville,1300,7-9,soft,1-3m,6,2.011
Townsville,1300,7-9,soft,4-6m,24,3.448
Townsville,1300,7-9,soft,7-9m,3,3.804
Townsville,1300,7-9,soft,true,14,3.128
Townsville,1400,1-3,dry,1-3m,26,2.291
Townsville,1400,1-3,dry,4-6m,104,2.868
Townsville,1400,1-3,dry,7-9m,12,1.997
Townsville,1400,1-3,dry,true,75,2.48
Townsville,1400,1-3,heavy,1-3m,3,2.424
Townsville,1400,1-3,soft,1-3m,23,2.338
Townsville,1400,1-3,soft,4-6m,70,2.393
Townsville,1400,1-3,soft,7-9m,15,3.248
Townsville,1400,1-3,soft,true,62,2.311
Townsville,1400,10-12,dry,1-3m,1,3.963
Townsville,1400,10-12,dry,4-6m,33,4.341
Townsville,1400,10-12,dry,7-9m,6,4.451
Townsville,1400,10-12,dry,true,46,4.543
Townsville,1400,10-12,soft,1-3m,10,3.217
Townsville,1400,10-12,soft,4-6m,28,3.916
Townsville,1400,10-12,soft,7-9m,14,4.715
Townsville,1400,10-12,soft,true,19,4.69
Townsville,1400,13+,dry,4-6m,7,4.333
Townsville,1400,13+,dry,7-9m,1,3.776
Townsville,1400,13+,dry,true,35,4.824
Townsville,1400,13+,soft,1-3m,4,4.008
Townsville,1400,13+,soft,4-6m,3,4.104
Townsville,1400,13+,soft,7-9m,4,5.1
Townsville,1400,13+,soft,true,6,4.896
Townsville,1400,4-6,dry,1-3m,26,2.918
Townsville,1400,4-6,dry,4-6m,103,3.263
Townsville,1400,4-6,dry,7-9m,12,2.609
Townsville,1400,4-6,dry,true,76,3.01
Townsville,1400,4-6,heavy,1-3m,3,3.131
Townsville,1400,4-6,soft,1-3m,24,2.688
Townsville,1400,4-6,soft,4-6m,68,2.977
Townsville,1400,4-6,soft,7-9m,15,4.075
Townsville,1400,4-6,soft,true,60,3.047
Townsville,1400,7-9,dry,1-3m,13,3.285
Townsville,1400,7-9,dry,4-6m,79,3.486
Townsville,1400,7-9,dry,7-9m,11,3.119
Townsville,1400,7-9,dry,true,68,3.78
Townsville,1400,7-9,heavy,1-3m,1,3.757
Townsville,1400,7-9,soft,1-3m,18,3.48
Townsville,1400,7-9,soft,4-6m,60,3.342
Townsville,1400,7-9,soft,7-9m,15,4.162
Townsville,1400,7-9,soft,true,43,3.716
Townsville,1600,1-3,dry,1-3m,9,2.157
Townsville,1600,1-3,dry,4-6m,57,2.754
Townsville,1600,1-3,dry,7-9m,3,2.33
Townsville,1600,1-3,dry,true,53,2.376
Townsville,1600,1-3,soft,1-3m,6,2.341
Townsville,1600,1-3,soft,4-6m,50,2.51
Townsville,1600,1-3,soft,7-9m,18,2.845
Townsville,1600,1-3,soft,true,44,2.581
Townsville,1600,10-12,dry,4-6m,8,3.761
Townsville,1600,10-12,dry,7-9m,2,3.552
Townsville,1600,10-12,dry,true,32,3.791
Townsville,1600,10-12,soft,4-6m,16,3.444
Townsville,1600,10-12,soft,7-9m,4,3.452
Townsville,1600,10-12,soft,true,15,3.81
Townsville,1600,13+,dry,true,12,4.269
Townsville,1600,13+,soft,4-6m,1,4.746
Townsville,1600,13+,soft,true,7,4.036
Townsville,1600,4-6,dry,1-3m,9,2.816
Townsville,1600,4-6,dry,4-6m,58,3.107
Townsville,1600,4-6,dry,7-9m,3,3.258
Townsville,1600,4-6,dry,true,53,2.979
Townsville,1600,4-6,soft,1-3m,6,2.566
Townsville,1600,4-6,soft,4-6m,50,2.894
Townsville,1600,4-6,soft,7-9m,18,2.891
Townsville,1600,4-6,soft,true,43,3.256
Townsville,1600,7-9,dry,1-3m,5,3.016
Townsville,1600,7-9,dry,4-6m,34,3.376
Townsville,1600,7-9,dry,7-9m,3,2.757
Townsville,1600,7-9,dry,true,48,3.417
Townsville,1600,7-9,soft,1-3m,2,3.6
Townsville,1600,7-9,soft,4-6m,34,3.44
Townsville,1600,7-9,soft,7-9m,13,3.658
Townsville,1600,7-9,soft,true,37,3.547
Townsville,2000,1-3,dry,1-3m,3,1.735
Townsville,2000,1-3,dry,4-6m,6,2.024
Townsville,2000,1-3,dry,true,21,2.615
Townsville,2000,1-3,soft,4-6m,6,4.642
Townsville,2000,1-3,soft,true,3,3.257
Townsville,2000,10-12,dry,1-3m,2,3.818
Townsville,2000,10-12,dry,4-6m,2,3.599
Townsville,2000,10-12,dry,true,18,4.193
Townsville,2000,10-12,soft,true,2,5.294
Townsville,2000,13+,dry,true,19,4.601
Townsville,2000,4-6,dry,1-3m,3,2.565
Townsville,2000,4-6,dry,4-6m,6,2.732
Townsville,2000,4-6,dry,true,20,3.229
Townsville,2000,4-6,soft,4-6m,5,5.558
Townsville,2000,4-6,soft,true,3,3.422
Townsville,2000,7-9,dry,1-3m,3,3.102
Townsville,2000,7-9,dry,4-6m,3,2.905
Townsville,2000,7-9,dry,true,19,4.06
Townsville,2000,7-9,soft,4-6m,1,6.125
Townsville,2000,7-9,soft,true,3,4.35
Warwick,800,1-3,dry,true,36,2.523
Warwick,800,1-3,soft,true,18,2.73
Warwick,800,10-12,dry,true,15,5.827
Warwick,800,10-12,soft,true,2,4.019
Warwick,800,4-6,dry,true,35,3.822
Warwick,800,4-6,soft,true,18,3.505
Warwick,800,7-9,dry,true,32,5.536
Warwick,800,7-9,soft,true,11,4.81
Warwick,1100,1-3,dry,true,27,2.358
Warwick,1100,1-3,soft,true,6,2.255
Warwick,1100,10-12,dry,true,8,4.124
Warwick,1100,10-12,soft,true,3,3.319
Warwick,1100,13+,soft,true,2,4.694
Warwick,1100,4-6,dry,true,27,2.838
Warwick,1100,4-6,soft,true,6,3.044
Warwick,1100,7-9,dry,true,25,3.456
Warwick,1100,7-9,soft,true,6,2.084
Warwick,1200,1-3,dry,true,42,2.094
Warwick,1200,1-3,soft,true,9,1.741
Warwick,1200,10-12,dry,true,21,4.148
Warwick,1200,10-12,soft,true,3,4.862
Warwick,1200,13+,dry,true,7,4.8
Warwick,1200,4-6,dry,true,42,3.112
Warwick,1200,4-6,soft,true,9,2.658
Warwick,1200,7-9,dry,true,40,3.54
Warwick,1200,7-9,soft,true,9,3.158
Warwick,1400,1-3,dry,true,63,2.27
Warwick,1400,1-3,soft,true,11,2.02
Warwick,1400,10-12,dry,true,35,4.228
Warwick,1400,10-12,soft,true,9,3.332
Warwick,1400,13+,dry,true,9,5.072
Warwick,1400,13+,soft,true,4,4.872
Warwick,1400,4-6,dry,true,62,2.645
Warwick,1400,4-6,soft,true,12,2.728
Warwick,1400,7-9,dry,true,54,3.505
Warwick,1400,7-9,soft,true,9,2.513
Warwick,1500,1-3,dry,true,27,2.035
Warwick,1500,1-3,soft,true,9,2.472
Warwick,1500,10-12,dry,true,20,3.123
Warwick,1500,10-12,soft,true,6,2.742
Warwick,1500,13+,dry,true,7,4.042
Warwick,1500,13+,soft,true,2,4.45
Warwick,1500,4-6,dry,true,27,2.621
Warwick,1500,4-6,soft,true,9,2.539
Warwick,1500,7-9,dry,true,26,2.869
Warwick,1500,7-9,soft,true,9,3.535
Warwick,2000,1-3,dry,true,3,2.31
Warwick,2000,4-6,dry,true,3,2.844
Warwick,2000,7-9,dry,true,2,2.837
