track,dist,bg,gb,rl,n,mean
Balaklava,1000,1-3,dry,1-3m,12,0.319
Balaklava,1000,1-3,dry,true,18,0.39
Balaklava,1000,1-3,heavy,true,3,0.407
Balaklava,1000,1-3,soft,1-3m,6,0.47
Balaklava,1000,1-3,soft,7-9m,9,0.405
Balaklava,1000,1-3,soft,true,20,0.405
Balaklava,1000,10-12,dry,1-3m,2,0.9
Balaklava,1000,10-12,dry,true,8,0.748
Balaklava,1000,10-12,heavy,true,1,0.778
Balaklava,1000,10-12,soft,1-3m,6,0.545
Balaklava,1000,10-12,soft,7-9m,4,0.374
Balaklava,1000,10-12,soft,true,14,0.627
Balaklava,1000,13+,dry,true,2,0.115
Balaklava,1000,4-6,dry,1-3m,12,0.369
Balaklava,1000,4-6,dry,true,18,0.486
Balaklava,1000,4-6,heavy,true,3,0.259
Balaklava,1000,4-6,soft,1-3m,6,0.364
Balaklava,1000,4-6,soft,7-9m,9,0.529
Balaklava,1000,4-6,soft,true,21,0.538
Balaklava,1000,7-9,dry,1-3m,12,0.746
Balaklava,1000,7-9,dry,true,18,0.557
Balaklava,1000,7-9,heavy,true,3,0.741
Balaklava,1000,7-9,soft,1-3m,6,0.621
Balaklava,1000,7-9,soft,7-9m,9,0.622
Balaklava,1000,7-9,soft,true,20,0.441
Balaklava,1200,1-3,dry,1-3m,6,0.675
Balaklava,1200,1-3,dry,true,21,0.377
Balaklava,1200,1-3,heavy,true,6,0.273
Balaklava,1200,1-3,soft,1-3m,3,0.367
Balaklava,1200,1-3,soft,true,24,0.362
Balaklava,1200,10-12,dry,1-3m,4,0.79
Balaklava,1200,10-12,dry,true,7,0.665
Balaklava,1200,10-12,heavy,true,1,0.778
Balaklava,1200,10-12,soft,1-3m,2,0.9
Balaklava,1200,10-12,soft,true,12,0.616
Balaklava,1200,13+,soft,true,7,0.659
Balaklava,1200,4-6,dry,1-3m,6,0.355
Balaklava,1200,4-6,dry,true,21,0.516
Balaklava,1200,4-6,heavy,true,6,0.516
Balaklava,1200,4-6,soft,1-3m,3,0.533
Balaklava,1200,4-6,soft,true,24,0.538
Balaklava,1200,7-9,dry,1-3m,6,0.276
Balaklava,1200,7-9,dry,true,18,0.56
Balaklava,1200,7-9,heavy,true,6,0.664
Balaklava,1200,7-9,soft,1-3m,3,0.333
Balaklava,1200,7-9,soft,true,20,0.46
Balaklava,1300,1-3,dry,1-3m,3,0.25
Balaklava,1300,1-3,dry,true,3,0.708
Balaklava,1300,10-12,dry,1-3m,3,0.556
Balaklava,1300,13+,dry,1-3m,1,1.0
Balaklava,1300,4-6,dry,1-3m,3,0.306
Balaklava,1300,4-6,dry,true,3,0.208
Balaklava,1300,7-9,dry,1-3m,3,0.722
Balaklava,1300,7-9,dry,true,3,0.583
Balaklava,1400,1-3,dry,1-3m,6,0.44
Balaklava,1400,1-3,dry,true,21,0.413
Balaklava,1400,1-3,heavy,true,6,0.498
Balaklava,1400,1-3,soft,1-3m,6,0.409
Balaklava,1400,1-3,soft,7-9m,6,0.248
Balaklava,1400,1-3,soft,true,9,0.197
Balaklava,1400,10-12,dry,true,11,0.654
Balaklava,1400,10-12,heavy,true,4,0.78
Balaklava,1400,10-12,soft,1-3m,6,0.51
Balaklava,1400,10-12,soft,7-9m,4,0.55
Balaklava,1400,10-12,soft,true,6,0.606
Balaklava,1400,13+,soft,1-3m,1,1.0
Balaklava,1400,13+,soft,7-9m,4,0.8
Balaklava,1400,4-6,dry,1-3m,6,0.409
Balaklava,1400,4-6,dry,true,21,0.384
Balaklava,1400,4-6,heavy,true,6,0.202
Balaklava,1400,4-6,soft,1-3m,6,0.556
Balaklava,1400,4-6,soft,7-9m,6,0.411
Balaklava,1400,4-6,soft,true,9,0.496
Balaklava,1400,7-9,dry,1-3m,3,0.802
Balaklava,1400,7-9,dry,true,19,0.635
Balaklava,1400,7-9,heavy,true,6,0.613
Balaklava,1400,7-9,soft,1-3m,6,0.442
Balaklava,1400,7-9,soft,7-9m,6,0.596
Balaklava,1400,7-9,soft,true,9,0.736
Balaklava,1600,1-3,dry,1-3m,9,0.623
Balaklava,1600,1-3,dry,true,21,0.41
Balaklava,1600,1-3,soft,1-3m,3,0.378
Balaklava,1600,1-3,soft,true,12,0.358
Balaklava,1600,10-12,dry,1-3m,5,0.4
Balaklava,1600,10-12,dry,true,7,0.508
Balaklava,1600,10-12,soft,1-3m,3,0.644
Balaklava,1600,10-12,soft,true,8,0.65
Balaklava,1600,13+,dry,1-3m,1,0.0
Balaklava,1600,13+,dry,true,4,0.6
Balaklava,1600,13+,soft,1-3m,4,0.533
Balaklava,1600,13+,soft,true,5,0.46
Balaklava,1600,4-6,dry,1-3m,9,0.435
Balaklava,1600,4-6,dry,true,21,0.544
Balaklava,1600,4-6,soft,1-3m,3,0.289
Balaklava,1600,4-6,soft,true,12,0.53
Balaklava,1600,7-9,dry,1-3m,9,0.54
Balaklava,1600,7-9,dry,true,15,0.535
Balaklava,1600,7-9,soft,1-3m,3,0.644
Balaklava,1600,7-9,soft,true,12,0.528
Balaklava,2200,1-3,dry,1-3m,3,0.292
Balaklava,2200,1-3,dry,true,8,0.43
Balaklava,2200,1-3,heavy,true,6,0.278
Balaklava,2200,1-3,soft,1-3m,3,0.433
Balaklava,2200,1-3,soft,7-9m,6,0.463
Balaklava,2200,1-3,soft,true,9,0.343
Balaklava,2200,10-12,dry,true,3,0.41
Balaklava,2200,10-12,heavy,true,3,0.487
Balaklava,2200,10-12,soft,1-3m,2,0.4
Balaklava,2200,10-12,soft,7-9m,1,0.333
Balaklava,2200,10-12,soft,true,7,0.508
Balaklava,2200,13+,dry,true,2,0.423
Balaklava,2200,13+,heavy,true,2,0.462
Balaklava,2200,13+,soft,true,1,0.917
Balaklava,2200,4-6,dry,1-3m,3,0.75
Balaklava,2200,4-6,dry,true,8,0.658
Balaklava,2200,4-6,heavy,true,6,0.595
Balaklava,2200,4-6,soft,1-3m,3,0.667
Balaklava,2200,4-6,soft,7-9m,6,0.472
Balaklava,2200,4-6,soft,true,9,0.511
Balaklava,2200,7-9,dry,1-3m,3,0.458
Balaklava,2200,7-9,dry,true,7,0.46
Balaklava,2200,7-9,heavy,true,5,0.675
Balaklava,2200,7-9,soft,1-3m,3,0.467
Balaklava,2200,7-9,soft,7-9m,4,0.639
Balaklava,2200,7-9,soft,true,9,0.594
Balaklava,2400,1-3,dry,1-3m,1,0.8
Balaklava,2400,4-6,dry,1-3m,3,0.6
Ballarat,1000,1-3,dry,1-3m,6,0.674
Ballarat,1000,1-3,dry,4-6m,6,0.757
Ballarat,1000,1-3,dry,7-9m,15,0.387
Ballarat,1000,1-3,dry,true,15,0.48
Ballarat,1000,1-3,heavy,4-6m,5,0.533
Ballarat,1000,1-3,heavy,7-9m,3,0.407
Ballarat,1000,1-3,soft,4-6m,15,0.451
Ballarat,1000,1-3,soft,7-9m,6,0.643
Ballarat,1000,10-12,dry,1-3m,3,0.583
Ballarat,1000,10-12,dry,4-6m,1,0.111
Ballarat,1000,10-12,dry,7-9m,1,0.0
Ballarat,1000,10-12,dry,true,6,0.386
Ballarat,1000,10-12,heavy,7-9m,1,0.111
Ballarat,1000,10-12,soft,4-6m,5,0.596
Ballarat,1000,13+,dry,1-3m,1,0.917
Ballarat,1000,13+,dry,true,1,0.0
Ballarat,1000,4-6,dry,1-3m,6,0.264
Ballarat,1000,4-6,dry,4-6m,6,0.466
Ballarat,1000,4-6,dry,7-9m,15,0.652
Ballarat,1000,4-6,dry,true,15,0.622
Ballarat,1000,4-6,heavy,4-6m,6,0.417
Ballarat,1000,4-6,heavy,7-9m,3,0.593
Ballarat,1000,4-6,soft,4-6m,15,0.45
Ballarat,1000,4-6,soft,7-9m,6,0.452
Ballarat,1000,7-9,dry,1-3m,6,0.451
Ballarat,1000,7-9,dry,4-6m,5,0.311
Ballarat,1000,7-9,dry,7-9m,12,0.494
Ballarat,1000,7-9,dry,true,12,0.472
Ballarat,1000,7-9,heavy,4-6m,2,0.417
Ballarat,1000,7-9,heavy,7-9m,3,0.593
Ballarat,1000,7-9,soft,4-6m,12,0.585
Ballarat,1000,7-9,soft,7-9m,2,0.214
Ballarat,1100,1-3,dry,7-9m,6,0.655
Ballarat,1100,1-3,dry,true,9,0.462
Ballarat,1100,1-3,heavy,7-9m,3,0.593
Ballarat,1100,1-3,soft,4-6m,3,0.593
Ballarat,1100,1-3,soft,true,6,0.442
Ballarat,1100,10-12,dry,7-9m,2,0.15
Ballarat,1100,10-12,dry,true,7,0.501
Ballarat,1100,10-12,heavy,7-9m,1,0.556
Ballarat,1100,10-12,soft,4-6m,1,0.0
Ballarat,1100,10-12,soft,true,2,0.65
Ballarat,1100,13+,dry,true,2,0.885
Ballarat,1100,4-6,dry,7-9m,6,0.483
Ballarat,1100,4-6,dry,true,9,0.413
Ballarat,1100,4-6,heavy,7-9m,3,0.481
Ballarat,1100,4-6,soft,4-6m,3,0.519
Ballarat,1100,4-6,soft,true,6,0.446
Ballarat,1100,7-9,dry,7-9m,5,0.474
Ballarat,1100,7-9,dry,true,9,0.539
Ballarat,1100,7-9,heavy,7-9m,3,0.407
Ballarat,1100,7-9,soft,4-6m,3,0.556
Ballarat,1100,7-9,soft,true,6,0.562
Ballarat,1200,1-3,dry,1-3m,9,0.278
Ballarat,1200,1-3,dry,4-6m,9,0.233
Ballarat,1200,1-3,dry,7-9m,15,0.371
Ballarat,1200,1-3,dry,true,30,0.486
Ballarat,1200,1-3,heavy,4-6m,9,0.599
Ballarat,1200,1-3,heavy,7-9m,9,0.464
Ballarat,1200,1-3,soft,4-6m,6,0.27
Ballarat,1200,1-3,soft,true,12,0.52
Ballarat,1200,10-12,dry,1-3m,6,0.504
Ballarat,1200,10-12,dry,4-6m,5,0.735
Ballarat,1200,10-12,dry,7-9m,4,0.589
Ballarat,1200,10-12,dry,true,19,0.522
Ballarat,1200,10-12,heavy,4-6m,1,0.222
Ballarat,1200,10-12,heavy,7-9m,5,0.702
Ballarat,1200,10-12,soft,4-6m,3,0.879
Ballarat,1200,10-12,soft,true,4,0.562
Ballarat,1200,13+,dry,1-3m,3,0.974
Ballarat,1200,13+,dry,4-6m,2,0.885
Ballarat,1200,13+,dry,true,2,0.583
Ballarat,1200,13+,soft,true,1,0.167
Ballarat,1200,4-6,dry,1-3m,9,0.689
Ballarat,1200,4-6,dry,4-6m,8,0.62
Ballarat,1200,4-6,dry,7-9m,15,0.545
Ballarat,1200,4-6,dry,true,30,0.517
Ballarat,1200,4-6,heavy,4-6m,9,0.506
Ballarat,1200,4-6,heavy,7-9m,9,0.531
Ballarat,1200,4-6,soft,4-6m,6,0.374
Ballarat,1200,4-6,soft,true,11,0.543
Ballarat,1200,7-9,dry,1-3m,8,0.355
Ballarat,1200,7-9,dry,4-6m,8,0.443
Ballarat,1200,7-9,dry,7-9m,14,0.564
Ballarat,1200,7-9,dry,true,27,0.474
Ballarat,1200,7-9,heavy,4-6m,4,0.333
Ballarat,1200,7-9,heavy,7-9m,9,0.37
Ballarat,1200,7-9,soft,4-6m,4,0.75
Ballarat,1200,7-9,soft,true,10,0.488
Ballarat,1400,1-3,dry,1-3m,3,0.538
Ballarat,1400,1-3,dry,4-6m,6,0.421
Ballarat,1400,1-3,dry,7-9m,9,0.433
Ballarat,1400,1-3,dry,true,15,0.379
Ballarat,1400,1-3,heavy,4-6m,6,0.528
Ballarat,1400,1-3,heavy,7-9m,3,0.741
Ballarat,1400,1-3,soft,4-6m,9,0.346
Ballarat,1400,1-3,soft,7-9m,6,0.597
Ballarat,1400,1-3,soft,true,12,0.425
Ballarat,1400,10-12,dry,1-3m,3,0.615
Ballarat,1400,10-12,dry,4-6m,1,0.111
Ballarat,1400,10-12,dry,7-9m,6,0.583
Ballarat,1400,10-12,dry,true,3,0.389
Ballarat,1400,10-12,heavy,7-9m,1,0.333
Ballarat,1400,10-12,soft,4-6m,5,0.45
Ballarat,1400,10-12,soft,true,5,0.335
Ballarat,1400,13+,dry,1-3m,2,0.846
Ballarat,1400,13+,dry,true,1,1.0
Ballarat,1400,13+,soft,4-6m,1,1.0
Ballarat,1400,4-6,dry,1-3m,3,0.205
Ballarat,1400,4-6,dry,4-6m,6,0.497
Ballarat,1400,4-6,dry,7-9m,9,0.333
Ballarat,1400,4-6,dry,true,15,0.47
Ballarat,1400,4-6,heavy,4-6m,6,0.556
Ballarat,1400,4-6,heavy,7-9m,3,0.37
Ballarat,1400,4-6,soft,4-6m,9,0.491
Ballarat,1400,4-6,soft,7-9m,6,0.465
Ballarat,1400,4-6,soft,true,12,0.539
Ballarat,1400,7-9,dry,1-3m,3,0.41
Ballarat,1400,7-9,dry,4-6m,5,0.676
Ballarat,1400,7-9,dry,7-9m,9,0.678
Ballarat,1400,7-9,dry,true,13,0.661
Ballarat,1400,7-9,heavy,4-6m,2,0.25
Ballarat,1400,7-9,heavy,7-9m,3,0.444
Ballarat,1400,7-9,soft,4-6m,9,0.636
Ballarat,1400,7-9,soft,7-9m,4,0.406
Ballarat,1400,7-9,soft,true,10,0.626
Ballarat,1500,1-3,dry,4-6m,9,0.403
Ballarat,1500,1-3,dry,true,9,0.373
Ballarat,1500,1-3,heavy,7-9m,3,0.367
Ballarat,1500,1-3,soft,7-9m,3,0.667
Ballarat,1500,10-12,dry,4-6m,2,0.55
Ballarat,1500,10-12,dry,true,3,0.967
Ballarat,1500,10-12,heavy,7-9m,2,0.55
Ballarat,1500,4-6,dry,4-6m,9,0.525
Ballarat,1500,4-6,dry,true,9,0.388
Ballarat,1500,4-6,heavy,7-9m,3,0.6
Ballarat,1500,4-6,soft,7-9m,3,0.333
Ballarat,1500,7-9,dry,4-6m,6,0.592
Ballarat,1500,7-9,dry,true,7,0.608
Ballarat,1500,7-9,heavy,7-9m,3,0.5
Ballarat,1600,1-3,dry,1-3m,3,0.417
Ballarat,1600,1-3,dry,4-6m,6,0.362
Ballarat,1600,1-3,dry,7-9m,12,0.431
Ballarat,1600,1-3,dry,true,6,0.432
Ballarat,1600,1-3,heavy,4-6m,6,0.389
Ballarat,1600,1-3,soft,4-6m,6,0.588
Ballarat,1600,1-3,soft,true,6,0.386
Ballarat,1600,10-12,dry,4-6m,2,0.65
Ballarat,1600,10-12,dry,7-9m,5,0.413
Ballarat,1600,10-12,dry,true,3,0.538
Ballarat,1600,10-12,soft,4-6m,2,0.75
Ballarat,1600,10-12,soft,true,2,0.9
Ballarat,1600,13+,dry,true,2,0.385
Ballarat,1600,4-6,dry,1-3m,3,0.458
Ballarat,1600,4-6,dry,4-6m,6,0.571
Ballarat,1600,4-6,dry,7-9m,12,0.491
Ballarat,1600,4-6,dry,true,6,0.588
Ballarat,1600,4-6,heavy,4-6m,6,0.583
Ballarat,1600,4-6,soft,4-6m,6,0.404
Ballarat,1600,4-6,soft,true,6,0.457
Ballarat,1600,7-9,dry,1-3m,3,0.625
Ballarat,1600,7-9,dry,4-6m,6,0.517
Ballarat,1600,7-9,dry,7-9m,10,0.637
Ballarat,1600,7-9,dry,true,4,0.5
Ballarat,1600,7-9,heavy,4-6m,2,0.583
Ballarat,1600,7-9,soft,4-6m,6,0.425
Ballarat,1600,7-9,soft,true,5,0.529
Ballarat,2000,1-3,dry,4-6m,6,0.488
Ballarat,2000,1-3,dry,true,21,0.488
Ballarat,2000,1-3,heavy,4-6m,3,0.667
Ballarat,2000,1-3,heavy,7-9m,3,0.433
Ballarat,2000,1-3,soft,4-6m,6,0.375
Ballarat,2000,1-3,soft,true,6,0.213
Ballarat,2000,10-12,dry,4-6m,5,0.671
Ballarat,2000,10-12,dry,true,13,0.508
Ballarat,2000,10-12,heavy,7-9m,2,0.55
Ballarat,2000,10-12,soft,true,6,0.751
Ballarat,2000,13+,dry,true,6,0.795
Ballarat,2000,13+,soft,true,3,0.585
Ballarat,2000,4-6,dry,4-6m,6,0.427
Ballarat,2000,4-6,dry,true,20,0.463
Ballarat,2000,4-6,heavy,4-6m,2,0.312
Ballarat,2000,4-6,heavy,7-9m,3,0.667
Ballarat,2000,4-6,soft,4-6m,6,0.479
Ballarat,2000,4-6,soft,true,6,0.472
Ballarat,2000,7-9,dry,4-6m,6,0.442
Ballarat,2000,7-9,dry,true,19,0.522
Ballarat,2000,7-9,heavy,4-6m,2,0.562
Ballarat,2000,7-9,heavy,7-9m,3,0.367
Ballarat,2000,7-9,soft,4-6m,6,0.646
Ballarat,2000,7-9,soft,true,6,0.521
Ballarat,2600,1-3,dry,true,3,0.639
Ballarat,2600,10-12,dry,true,2,0.667
Ballarat,2600,13+,dry,true,1,1.0
Ballarat,2600,4-6,dry,true,3,0.306
Ballarat,2600,7-9,dry,true,3,0.222
Bendigo,1000,1-3,dry,4-6m,6,0.454
Bendigo,1000,1-3,dry,7-9m,6,0.619
Bendigo,1000,1-3,dry,true,12,0.37
Bendigo,1000,1-3,heavy,4-6m,9,0.435
Bendigo,1000,1-3,heavy,true,6,0.389
Bendigo,1000,1-3,soft,1-3m,6,0.508
Bendigo,1000,1-3,soft,7-9m,9,0.307
Bendigo,1000,1-3,soft,true,3,0.467
Bendigo,1000,10-12,dry,4-6m,3,0.611
Bendigo,1000,10-12,dry,7-9m,3,0.152
Bendigo,1000,10-12,dry,true,4,0.316
Bendigo,1000,10-12,heavy,4-6m,3,0.41
Bendigo,1000,10-12,soft,1-3m,5,0.629
Bendigo,1000,10-12,soft,7-9m,7,0.643
Bendigo,1000,10-12,soft,true,2,0.9
Bendigo,1000,13+,heavy,4-6m,2,0.885
Bendigo,1000,4-6,dry,4-6m,6,0.617
Bendigo,1000,4-6,dry,7-9m,6,0.538
Bendigo,1000,4-6,dry,true,12,0.48
Bendigo,1000,4-6,heavy,4-6m,9,0.507
Bendigo,1000,4-6,heavy,true,6,0.694
Bendigo,1000,4-6,soft,1-3m,6,0.561
Bendigo,1000,4-6,soft,7-9m,9,0.31
Bendigo,1000,4-6,soft,true,3,0.3
Bendigo,1000,7-9,dry,4-6m,6,0.374
Bendigo,1000,7-9,dry,7-9m,4,0.527
Bendigo,1000,7-9,dry,true,9,0.781
Bendigo,1000,7-9,heavy,4-6m,7,0.493
Bendigo,1000,7-9,heavy,true,2,0.25
Bendigo,1000,7-9,soft,1-3m,6,0.324
Bendigo,1000,7-9,soft,7-9m,9,0.772
Bendigo,1000,7-9,soft,true,3,0.467
Bendigo,1100,1-3,dry,4-6m,12,0.403
Bendigo,1100,1-3,dry,7-9m,3,0.333
Bendigo,1100,1-3,dry,true,18,0.561
Bendigo,1100,1-3,heavy,4-6m,9,0.277
Bendigo,1100,1-3,heavy,true,3,0.381
Bendigo,1100,1-3,soft,1-3m,3,0.744
Bendigo,1100,1-3,soft,7-9m,12,0.5
Bendigo,1100,1-3,soft,true,3,0.308
Bendigo,1100,10-12,dry,4-6m,4,0.547
Bendigo,1100,10-12,dry,true,11,0.511
Bendigo,1100,10-12,heavy,4-6m,3,0.636
Bendigo,1100,10-12,soft,1-3m,3,0.692
Bendigo,1100,10-12,soft,7-9m,1,0.444
Bendigo,1100,10-12,soft,true,3,0.179
Bendigo,1100,13+,dry,4-6m,2,0.923
Bendigo,1100,13+,soft,1-3m,2,0.192
Bendigo,1100,13+,soft,true,2,0.615
Bendigo,1100,4-6,dry,4-6m,12,0.462
Bendigo,1100,4-6,dry,7-9m,3,0.5
Bendigo,1100,4-6,dry,true,18,0.425
Bendigo,1100,4-6,heavy,4-6m,9,0.584
Bendigo,1100,4-6,heavy,true,3,0.667
Bendigo,1100,4-6,soft,1-3m,3,0.333
Bendigo,1100,4-6,soft,7-9m,12,0.38
Bendigo,1100,4-6,soft,true,3,0.718
Bendigo,1100,7-9,dry,4-6m,8,0.573
Bendigo,1100,7-9,dry,7-9m,3,0.667
Bendigo,1100,7-9,dry,true,17,0.497
Bendigo,1100,7-9,heavy,4-6m,6,0.64
Bendigo,1100,7-9,heavy,true,2,0.429
Bendigo,1100,7-9,soft,1-3m,3,0.436
Bendigo,1100,7-9,soft,7-9m,11,0.637
Bendigo,1100,7-9,soft,true,3,0.718
Bendigo,1300,1-3,dry,4-6m,18,0.445
Bendigo,1300,1-3,dry,7-9m,6,0.259
Bendigo,1300,1-3,dry,true,18,0.335
Bendigo,1300,1-3,heavy,4-6m,6,0.311
Bendigo,1300,1-3,heavy,true,6,0.407
Bendigo,1300,1-3,soft,1-3m,6,0.458
Bendigo,1300,1-3,soft,7-9m,18,0.405
Bendigo,1300,10-12,dry,4-6m,5,0.253
Bendigo,1300,10-12,dry,7-9m,2,0.833
Bendigo,1300,10-12,dry,true,7,0.537
Bendigo,1300,10-12,heavy,4-6m,3,0.909
Bendigo,1300,10-12,heavy,true,1,0.778
Bendigo,1300,10-12,soft,1-3m,6,0.547
Bendigo,1300,10-12,soft,7-9m,16,0.666
Bendigo,1300,13+,dry,4-6m,1,1.0
Bendigo,1300,13+,dry,true,2,0.808
Bendigo,1300,13+,soft,1-3m,3,0.821
Bendigo,1300,13+,soft,7-9m,1,0.333
Bendigo,1300,4-6,dry,4-6m,18,0.494
Bendigo,1300,4-6,dry,7-9m,6,0.593
Bendigo,1300,4-6,dry,true,18,0.485
Bendigo,1300,4-6,heavy,4-6m,6,0.383
Bendigo,1300,4-6,heavy,true,6,0.509
Bendigo,1300,4-6,soft,1-3m,6,0.525
Bendigo,1300,4-6,soft,7-9m,18,0.392
Bendigo,1300,7-9,dry,4-6m,16,0.614
Bendigo,1300,7-9,dry,7-9m,6,0.537
Bendigo,1300,7-9,dry,true,18,0.631
Bendigo,1300,7-9,heavy,4-6m,6,0.602
Bendigo,1300,7-9,heavy,true,4,0.556
Bendigo,1300,7-9,soft,1-3m,6,0.31
Bendigo,1300,7-9,soft,7-9m,18,0.555
Bendigo,1400,1-3,dry,4-6m,3,0.333
Bendigo,1400,1-3,dry,7-9m,9,0.415
Bendigo,1400,1-3,dry,true,18,0.465
Bendigo,1400,1-3,heavy,4-6m,6,0.313
Bendigo,1400,1-3,soft,1-3m,3,0.538
Bendigo,1400,1-3,soft,7-9m,6,0.273
Bendigo,1400,1-3,soft,true,6,0.204
Bendigo,1400,10-12,dry,4-6m,3,0.394
Bendigo,1400,10-12,dry,7-9m,7,0.571
Bendigo,1400,10-12,dry,true,9,0.756
Bendigo,1400,10-12,soft,1-3m,3,0.513
Bendigo,1400,10-12,soft,7-9m,6,0.864
Bendigo,1400,10-12,soft,true,6,0.804
Bendigo,1400,13+,dry,true,1,1.0
Bendigo,1400,13+,soft,1-3m,2,0.692
Bendigo,1400,13+,soft,true,3,0.609
Bendigo,1400,4-6,dry,4-6m,3,0.424
Bendigo,1400,4-6,dry,7-9m,8,0.461
Bendigo,1400,4-6,dry,true,18,0.375
Bendigo,1400,4-6,heavy,4-6m,6,0.659
Bendigo,1400,4-6,soft,1-3m,3,0.487
Bendigo,1400,4-6,soft,7-9m,6,0.333
Bendigo,1400,4-6,soft,true,6,0.507
Bendigo,1400,7-9,dry,4-6m,3,0.848
Bendigo,1400,7-9,dry,7-9m,9,0.567
Bendigo,1400,7-9,dry,true,17,0.504
Bendigo,1400,7-9,heavy,4-6m,3,0.556
Bendigo,1400,7-9,soft,1-3m,3,0.333
Bendigo,1400,7-9,soft,7-9m,6,0.53
Bendigo,1400,7-9,soft,true,6,0.429
Bendigo,1500,1-3,dry,4-6m,6,0.166
Bendigo,1500,1-3,dry,7-9m,3,0.567
Bendigo,1500,1-3,dry,true,3,0.542
Bendigo,1500,1-3,heavy,4-6m,3,0.3
Bendigo,1500,1-3,heavy,true,3,0.222
Bendigo,1500,1-3,soft,1-3m,3,0.278
Bendigo,1500,1-3,soft,7-9m,3,0.429
Bendigo,1500,1-3,soft,true,3,0.485
Bendigo,1500,10-12,dry,4-6m,6,0.809
Bendigo,1500,10-12,dry,7-9m,2,0.5
Bendigo,1500,10-12,heavy,4-6m,2,0.95
Bendigo,1500,10-12,heavy,true,3,0.722
Bendigo,1500,10-12,soft,1-3m,3,0.833
Bendigo,1500,10-12,soft,true,3,0.667
Bendigo,1500,13+,dry,4-6m,2,0.154
Bendigo,1500,13+,heavy,true,1,0.75
Bendigo,1500,13+,soft,1-3m,1,0.5
Bendigo,1500,4-6,dry,4-6m,6,0.451
Bendigo,1500,4-6,dry,7-9m,3,0.433
Bendigo,1500,4-6,dry,true,3,0.583
Bendigo,1500,4-6,heavy,4-6m,3,0.433
Bendigo,1500,4-6,heavy,true,3,0.528
Bendigo,1500,4-6,soft,1-3m,3,0.361
Bendigo,1500,4-6,soft,7-9m,3,0.476
Bendigo,1500,4-6,soft,true,3,0.333
Bendigo,1500,7-9,dry,4-6m,6,0.69
Bendigo,1500,7-9,dry,7-9m,3,0.5
Bendigo,1500,7-9,dry,true,3,0.375
Bendigo,1500,7-9,heavy,4-6m,3,0.467
Bendigo,1500,7-9,heavy,true,3,0.444
Bendigo,1500,7-9,soft,1-3m,3,0.528
Bendigo,1500,7-9,soft,7-9m,2,0.643
Bendigo,1500,7-9,soft,true,3,0.515
Bendigo,1600,1-3,dry,4-6m,3,0.3
Bendigo,1600,1-3,dry,7-9m,9,0.476
Bendigo,1600,1-3,dry,true,21,0.47
Bendigo,1600,1-3,heavy,4-6m,12,0.536
Bendigo,1600,1-3,heavy,true,3,0.267
Bendigo,1600,1-3,soft,7-9m,6,0.28
Bendigo,1600,1-3,soft,true,3,0.278
Bendigo,1600,10-12,dry,4-6m,2,0.95
Bendigo,1600,10-12,dry,7-9m,6,0.662
Bendigo,1600,10-12,dry,true,15,0.573
Bendigo,1600,10-12,soft,7-9m,3,0.567
Bendigo,1600,10-12,soft,true,3,0.611
Bendigo,1600,13+,dry,true,4,0.816
Bendigo,1600,13+,soft,true,1,0.833
Bendigo,1600,4-6,dry,4-6m,3,0.433
Bendigo,1600,4-6,dry,7-9m,9,0.461
Bendigo,1600,4-6,dry,true,21,0.454
Bendigo,1600,4-6,heavy,4-6m,12,0.53
Bendigo,1600,4-6,heavy,true,3,0.733
Bendigo,1600,4-6,soft,7-9m,6,0.583
Bendigo,1600,4-6,soft,true,3,0.556
Bendigo,1600,7-9,dry,4-6m,3,0.467
Bendigo,1600,7-9,dry,7-9m,9,0.455
Bendigo,1600,7-9,dry,true,21,0.453
Bendigo,1600,7-9,heavy,4-6m,4,0.304
Bendigo,1600,7-9,soft,7-9m,6,0.604
Bendigo,1600,7-9,soft,true,3,0.444
Bendigo,2200,1-3,dry,7-9m,3,0.545
Bendigo,2200,1-3,dry,true,3,0.273
Bendigo,2200,10-12,dry,7-9m,3,0.667
Bendigo,2200,10-12,dry,true,3,0.636
Bendigo,2200,4-6,dry,7-9m,3,0.152
Bendigo,2200,4-6,dry,true,3,0.485
Bendigo,2200,7-9,dry,7-9m,3,0.636
Bendigo,2200,7-9,dry,true,3,0.606
Bendigo,2400,1-3,dry,true,9,0.522
Bendigo,2400,1-3,soft,1-3m,3,0.633
Bendigo,2400,1-3,soft,true,3,0.704
Bendigo,2400,10-12,dry,true,9,0.434
Bendigo,2400,10-12,soft,1-3m,2,0.85
Bendigo,2400,10-12,soft,true,1,0.0
Bendigo,2400,13+,dry,true,3,0.585
Bendigo,2400,4-6,dry,true,9,0.49
Bendigo,2400,4-6,soft,1-3m,3,0.433
Bendigo,2400,4-6,soft,true,3,0.481
Bendigo,2400,7-9,dry,true,9,0.525
Bendigo,2400,7-9,soft,1-3m,3,0.2
Bendigo,2400,7-9,soft,true,3,0.481
Cairns,1000,1-3,dry,true,135,0.522
Cairns,1000,1-3,heavy,true,63,0.465
Cairns,1000,1-3,soft,1-3m,18,0.512
Cairns,1000,1-3,soft,4-6m,3,0.148
Cairns,1000,1-3,soft,true,233,0.521
Cairns,1000,10-12,dry,true,36,0.429
Cairns,1000,10-12,heavy,true,6,0.444
Cairns,1000,10-12,soft,4-6m,1,0.778
Cairns,1000,10-12,soft,true,58,0.488
Cairns,1000,4-6,dry,true,132,0.471
Cairns,1000,4-6,heavy,true,59,0.533
Cairns,1000,4-6,soft,1-3m,17,0.42
Cairns,1000,4-6,soft,4-6m,3,0.556
Cairns,1000,4-6,soft,true,224,0.505
Cairns,1000,7-9,dry,true,91,0.531
Cairns,1000,7-9,heavy,true,39,0.518
Cairns,1000,7-9,soft,1-3m,14,0.582
Cairns,1000,7-9,soft,4-6m,3,0.704
Cairns,1000,7-9,soft,true,173,0.479
Cairns,1200,1-3,dry,true,130,0.428
Cairns,1200,1-3,heavy,true,50,0.44
Cairns,1200,1-3,soft,1-3m,23,0.523
Cairns,1200,1-3,soft,4-6m,8,0.373
Cairns,1200,1-3,soft,true,197,0.45
Cairns,1200,10-12,dry,true,37,0.619
Cairns,1200,10-12,heavy,true,7,0.398
Cairns,1200,10-12,soft,1-3m,1,0.889
Cairns,1200,10-12,soft,4-6m,2,0.778
Cairns,1200,10-12,soft,true,68,0.556
Cairns,1200,4-6,dry,true,133,0.512
Cairns,1200,4-6,heavy,true,52,0.455
Cairns,1200,4-6,soft,1-3m,24,0.379
Cairns,1200,4-6,soft,4-6m,9,0.478
Cairns,1200,4-6,soft,true,200,0.489
Cairns,1200,7-9,dry,true,97,0.519
Cairns,1200,7-9,heavy,true,35,0.676
Cairns,1200,7-9,soft,1-3m,16,0.595
Cairns,1200,7-9,soft,4-6m,8,0.637
Cairns,1200,7-9,soft,true,160,0.57
Cairns,1400,1-3,dry,true,80,0.402
Cairns,1400,1-3,heavy,true,27,0.494
Cairns,1400,1-3,soft,1-3m,6,0.283
Cairns,1400,1-3,soft,4-6m,3,0.81
Cairns,1400,1-3,soft,true,98,0.498
Cairns,1400,10-12,dry,true,20,0.563
Cairns,1400,10-12,heavy,true,1,0.556
Cairns,1400,10-12,soft,1-3m,4,0.8
Cairns,1400,10-12,soft,true,31,0.617
Cairns,1400,13+,dry,true,7,0.878
Cairns,1400,13+,soft,true,5,0.45
Cairns,1400,4-6,dry,true,80,0.532
Cairns,1400,4-6,heavy,true,26,0.499
Cairns,1400,4-6,soft,1-3m,6,0.583
Cairns,1400,4-6,soft,4-6m,3,0.333
Cairns,1400,4-6,soft,true,96,0.476
Cairns,1400,7-9,dry,true,50,0.544
Cairns,1400,7-9,heavy,true,13,0.524
Cairns,1400,7-9,soft,1-3m,6,0.433
Cairns,1400,7-9,soft,4-6m,2,0.286
Cairns,1400,7-9,soft,true,70,0.49
Cairns,1500,1-3,dry,true,41,0.484
Cairns,1500,1-3,heavy,true,11,0.539
Cairns,1500,1-3,soft,1-3m,6,0.5
Cairns,1500,1-3,soft,4-6m,6,0.528
Cairns,1500,1-3,soft,true,59,0.487
Cairns,1500,10-12,dry,true,6,0.453
Cairns,1500,10-12,soft,true,36,0.595
Cairns,1500,13+,soft,true,11,0.653
Cairns,1500,4-6,dry,true,41,0.498
Cairns,1500,4-6,heavy,true,11,0.4
Cairns,1500,4-6,soft,1-3m,6,0.69
Cairns,1500,4-6,soft,4-6m,6,0.486
Cairns,1500,4-6,soft,true,59,0.479
Cairns,1500,7-9,dry,true,25,0.511
Cairns,1500,7-9,heavy,true,1,0.667
Cairns,1500,7-9,soft,1-3m,4,0.214
Cairns,1500,7-9,soft,4-6m,4,0.479
Cairns,1500,7-9,soft,true,47,0.438
Cairns,1900,1-3,dry,true,13,0.436
Cairns,1900,1-3,soft,1-3m,6,0.423
Cairns,1900,1-3,soft,true,18,0.497
Cairns,1900,10-12,dry,true,5,0.418
Cairns,1900,10-12,soft,true,8,0.461
Cairns,1900,4-6,dry,true,14,0.577
Cairns,1900,4-6,soft,1-3m,5,0.593
Cairns,1900,4-6,soft,true,17,0.382
Cairns,1900,7-9,dry,true,9,0.528
Cairns,1900,7-9,soft,1-3m,2,0.5
Cairns,1900,7-9,soft,true,14,0.659
Cairns,2100,1-3,dry,true,8,0.567
Cairns,2100,1-3,soft,1-3m,3,0.583
Cairns,2100,1-3,soft,true,18,0.448
Cairns,2100,10-12,dry,true,9,0.462
Cairns,2100,10-12,soft,true,10,0.346
Cairns,2100,13+,dry,true,6,0.487
Cairns,2100,13+,soft,true,6,0.577
Cairns,2100,4-6,dry,true,9,0.581
Cairns,2100,4-6,soft,1-3m,2,0.375
Cairns,2100,4-6,soft,true,18,0.496
Cairns,2100,7-9,dry,true,8,0.49
Cairns,2100,7-9,soft,true,16,0.654
Caulfield,1000,1-3,dry,1-3m,14,0.385
Caulfield,1000,1-3,dry,10m+,17,0.525
Caulfield,1000,1-3,dry,4-6m,21,0.453
Caulfield,1000,1-3,dry,7-9m,6,0.292
Caulfield,1000,1-3,dry,true,24,0.379
Caulfield,1000,1-3,soft,1-3m,9,0.604
Caulfield,1000,1-3,soft,10m+,14,0.534
Caulfield,1000,1-3,soft,4-6m,9,0.347
Caulfield,1000,1-3,soft,7-9m,3,0.5
Caulfield,1000,1-3,soft,true,18,0.431
Caulfield,1000,10-12,dry,1-3m,1,0.778
Caulfield,1000,10-12,dry,10m+,6,0.75
Caulfield,1000,10-12,dry,4-6m,5,0.618
Caulfield,1000,10-12,dry,true,2,0.5
Caulfield,1000,10-12,soft,1-3m,6,0.569
Caulfield,1000,10-12,soft,10m+,9,0.374
Caulfield,1000,10-12,soft,7-9m,3,0.111
Caulfield,1000,10-12,soft,true,7,0.629
Caulfield,1000,13+,dry,10m+,2,0.458
Caulfield,1000,13+,soft,1-3m,2,0.038
Caulfield,1000,13+,soft,10m+,1,0.5
Caulfield,1000,13+,soft,7-9m,1,0.75
Caulfield,1000,13+,soft,true,1,0.75
Caulfield,1000,4-6,dry,1-3m,15,0.565
Caulfield,1000,4-6,dry,10m+,17,0.5
Caulfield,1000,4-6,dry,4-6m,21,0.499
Caulfield,1000,4-6,dry,7-9m,6,0.625
Caulfield,1000,4-6,dry,true,22,0.508
Caulfield,1000,4-6,soft,1-3m,9,0.481
Caulfield,1000,4-6,soft,10m+,14,0.575
Caulfield,1000,4-6,soft,4-6m,9,0.431
Caulfield,1000,4-6,soft,7-9m,3,0.722
Caulfield,1000,4-6,soft,true,18,0.517
Caulfield,1000,7-9,dry,1-3m,7,0.478
Caulfield,1000,7-9,dry,10m+,13,0.435
Caulfield,1000,7-9,dry,4-6m,16,0.525
Caulfield,1000,7-9,dry,7-9m,6,0.583
Caulfield,1000,7-9,dry,true,18,0.667
Caulfield,1000,7-9,soft,1-3m,8,0.469
Caulfield,1000,7-9,soft,10m+,12,0.419
Caulfield,1000,7-9,soft,4-6m,9,0.722
Caulfield,1000,7-9,soft,7-9m,3,0.583
Caulfield,1000,7-9,soft,true,14,0.485
Caulfield,1100,1-3,dry,1-3m,27,0.402
Caulfield,1100,1-3,dry,10m+,24,0.465
Caulfield,1100,1-3,dry,4-6m,60,0.458
Caulfield,1100,1-3,dry,7-9m,74,0.45
Caulfield,1100,1-3,dry,true,86,0.482
Caulfield,1100,1-3,heavy,4-6m,3,0.625
Caulfield,1100,1-3,heavy,true,6,0.594
Caulfield,1100,1-3,soft,1-3m,33,0.515
Caulfield,1100,1-3,soft,10m+,24,0.519
Caulfield,1100,1-3,soft,4-6m,27,0.479
Caulfield,1100,1-3,soft,7-9m,12,0.495
Caulfield,1100,1-3,soft,true,57,0.475
Caulfield,1100,10-12,dry,1-3m,16,0.582
Caulfield,1100,10-12,dry,10m+,7,0.712
Caulfield,1100,10-12,dry,4-6m,21,0.609
Caulfield,1100,10-12,dry,7-9m,28,0.578
Caulfield,1100,10-12,dry,true,37,0.624
Caulfield,1100,10-12,heavy,true,3,0.637
Caulfield,1100,10-12,soft,1-3m,18,0.521
Caulfield,1100,10-12,soft,10m+,15,0.546
Caulfield,1100,10-12,soft,4-6m,10,0.65
Caulfield,1100,10-12,soft,7-9m,4,0.402
Caulfield,1100,10-12,soft,true,33,0.57
Caulfield,1100,13+,dry,1-3m,7,0.469
Caulfield,1100,13+,dry,10m+,1,0.917
Caulfield,1100,13+,dry,4-6m,10,0.642
Caulfield,1100,13+,dry,7-9m,5,0.95
Caulfield,1100,13+,dry,true,12,0.694
Caulfield,1100,13+,soft,1-3m,3,0.44
Caulfield,1100,13+,soft,10m+,8,0.371
Caulfield,1100,13+,soft,true,7,0.531
Caulfield,1100,4-6,dry,1-3m,27,0.494
Caulfield,1100,4-6,dry,10m+,24,0.39
Caulfield,1100,4-6,dry,4-6m,60,0.494
Caulfield,1100,4-6,dry,7-9m,74,0.478
Caulfield,1100,4-6,dry,true,86,0.444
Caulfield,1100,4-6,heavy,4-6m,3,0.458
Caulfield,1100,4-6,heavy,true,6,0.426
Caulfield,1100,4-6,soft,1-3m,32,0.495
Caulfield,1100,4-6,soft,10m+,24,0.583
Caulfield,1100,4-6,soft,4-6m,27,0.396
Caulfield,1100,4-6,soft,7-9m,12,0.429
Caulfield,1100,4-6,soft,true,55,0.472
Caulfield,1100,7-9,dry,1-3m,25,0.564
Caulfield,1100,7-9,dry,10m+,18,0.587
Caulfield,1100,7-9,dry,4-6m,51,0.484
Caulfield,1100,7-9,dry,7-9m,55,0.522
Caulfield,1100,7-9,dry,true,74,0.471
Caulfield,1100,7-9,heavy,4-6m,3,0.417
Caulfield,1100,7-9,heavy,true,6,0.411
Caulfield,1100,7-9,soft,1-3m,31,0.482
Caulfield,1100,7-9,soft,10m+,22,0.404
Caulfield,1100,7-9,soft,4-6m,24,0.567
Caulfield,1100,7-9,soft,7-9m,9,0.59
Caulfield,1100,7-9,soft,true,52,0.505
Caulfield,1200,1-3,dry,1-3m,12,0.422
Caulfield,1200,1-3,dry,10m+,18,0.38
Caulfield,1200,1-3,dry,4-6m,98,0.478
Caulfield,1200,1-3,dry,7-9m,68,0.454
Caulfield,1200,1-3,dry,true,85,0.414
Caulfield,1200,1-3,heavy,1-3m,3,0.429
Caulfield,1200,1-3,heavy,4-6m,6,0.389
Caulfield,1200,1-3,heavy,true,12,0.389
Caulfield,1200,1-3,soft,1-3m,3,0.25
Caulfield,1200,1-3,soft,10m+,24,0.502
Caulfield,1200,1-3,soft,4-6m,36,0.454
Caulfield,1200,1-3,soft,7-9m,12,0.523
Caulfield,1200,1-3,soft,true,48,0.453
Caulfield,1200,10-12,dry,1-3m,3,0.786
Caulfield,1200,10-12,dry,10m+,7,0.772
Caulfield,1200,10-12,dry,4-6m,57,0.564
Caulfield,1200,10-12,dry,7-9m,27,0.517
Caulfield,1200,10-12,dry,true,32,0.442
Caulfield,1200,10-12,heavy,true,1,0.889
Caulfield,1200,10-12,soft,10m+,14,0.664
Caulfield,1200,10-12,soft,4-6m,14,0.454
Caulfield,1200,10-12,soft,7-9m,1,0.333
Caulfield,1200,10-12,soft,true,33,0.64
Caulfield,1200,13+,dry,1-3m,3,0.429
Caulfield,1200,13+,dry,10m+,2,0.538
Caulfield,1200,13+,dry,4-6m,32,0.572
Caulfield,1200,13+,dry,7-9m,5,0.577
Caulfield,1200,13+,dry,true,9,0.857
Caulfield,1200,13+,soft,10m+,7,0.648
Caulfield,1200,13+,soft,4-6m,1,0.917
Caulfield,1200,13+,soft,true,14,0.576
Caulfield,1200,4-6,dry,1-3m,12,0.51
Caulfield,1200,4-6,dry,10m+,18,0.531
Caulfield,1200,4-6,dry,4-6m,96,0.473
Caulfield,1200,4-6,dry,7-9m,69,0.476
Caulfield,1200,4-6,dry,true,85,0.523
Caulfield,1200,4-6,heavy,1-3m,3,0.619
Caulfield,1200,4-6,heavy,4-6m,6,0.667
Caulfield,1200,4-6,heavy,true,11,0.485
Caulfield,1200,4-6,soft,1-3m,3,0.375
Caulfield,1200,4-6,soft,10m+,24,0.34
Caulfield,1200,4-6,soft,4-6m,36,0.515
Caulfield,1200,4-6,soft,7-9m,12,0.423
Caulfield,1200,4-6,soft,true,51,0.465
Caulfield,1200,7-9,dry,1-3m,7,0.649
Caulfield,1200,7-9,dry,10m+,15,0.485
Caulfield,1200,7-9,dry,4-6m,89,0.493
Caulfield,1200,7-9,dry,7-9m,58,0.583
Caulfield,1200,7-9,dry,true,69,0.572
Caulfield,1200,7-9,heavy,1-3m,2,0.429
Caulfield,1200,7-9,heavy,4-6m,1,0.167
Caulfield,1200,7-9,heavy,true,11,0.612
Caulfield,1200,7-9,soft,1-3m,3,0.833
Caulfield,1200,7-9,soft,10m+,23,0.495
Caulfield,1200,7-9,soft,4-6m,31,0.524
Caulfield,1200,7-9,soft,7-9m,7,0.593
Caulfield,1200,7-9,soft,true,46,0.45
Caulfield,1400,1-3,dry,1-3m,44,0.423
Caulfield,1400,1-3,dry,10m+,48,0.369
Caulfield,1400,1-3,dry,4-6m,144,0.412
Caulfield,1400,1-3,dry,7-9m,81,0.499
Caulfield,1400,1-3,dry,true,121,0.457
Caulfield,1400,1-3,heavy,1-3m,3,0.259
Caulfield,1400,1-3,heavy,4-6m,12,0.434
Caulfield,1400,1-3,heavy,true,12,0.445
Caulfield,1400,1-3,soft,1-3m,24,0.447
Caulfield,1400,1-3,soft,10m+,24,0.476
Caulfield,1400,1-3,soft,4-6m,48,0.379
Caulfield,1400,1-3,soft,7-9m,18,0.406
Caulfield,1400,1-3,soft,true,108,0.392
Caulfield,1400,10-12,dry,1-3m,10,0.511
Caulfield,1400,10-12,dry,10m+,25,0.62
Caulfield,1400,10-12,dry,4-6m,60,0.597
Caulfield,1400,10-12,dry,7-9m,43,0.514
Caulfield,1400,10-12,dry,true,49,0.582
Caulfield,1400,10-12,heavy,1-3m,1,0.222
Caulfield,1400,10-12,heavy,4-6m,11,0.674
Caulfield,1400,10-12,heavy,true,6,0.484
Caulfield,1400,10-12,soft,1-3m,20,0.424
Caulfield,1400,10-12,soft,10m+,16,0.589
Caulfield,1400,10-12,soft,4-6m,30,0.65
Caulfield,1400,10-12,soft,7-9m,6,0.632
Caulfield,1400,10-12,soft,true,62,0.628
Caulfield,1400,13+,dry,1-3m,8,0.76
Caulfield,1400,13+,dry,10m+,4,0.533
Caulfield,1400,13+,dry,4-6m,18,0.558
Caulfield,1400,13+,dry,7-9m,17,0.778
Caulfield,1400,13+,dry,true,16,0.457
Caulfield,1400,13+,heavy,4-6m,3,0.821
Caulfield,1400,13+,heavy,true,4,0.887
Caulfield,1400,13+,soft,1-3m,11,0.624
Caulfield,1400,13+,soft,10m+,1,0.333
Caulfield,1400,13+,soft,4-6m,12,0.568
Caulfield,1400,13+,soft,true,13,0.649
Caulfield,1400,4-6,dry,1-3m,45,0.537
Caulfield,1400,4-6,dry,10m+,47,0.479
Caulfield,1400,4-6,dry,4-6m,146,0.468
Caulfield,1400,4-6,dry,7-9m,81,0.375
Caulfield,1400,4-6,dry,true,121,0.48
Caulfield,1400,4-6,heavy,1-3m,3,0.741
Caulfield,1400,4-6,heavy,4-6m,11,0.349
Caulfield,1400,4-6,heavy,true,12,0.403
Caulfield,1400,4-6,soft,1-3m,24,0.498
Caulfield,1400,4-6,soft,10m+,24,0.357
Caulfield,1400,4-6,soft,4-6m,47,0.511
Caulfield,1400,4-6,soft,7-9m,18,0.581
Caulfield,1400,4-6,soft,true,108,0.495
Caulfield,1400,7-9,dry,1-3m,34,0.501
Caulfield,1400,7-9,dry,10m+,45,0.575
Caulfield,1400,7-9,dry,4-6m,126,0.578
Caulfield,1400,7-9,dry,7-9m,67,0.573
Caulfield,1400,7-9,dry,true,103,0.529
Caulfield,1400,7-9,heavy,1-3m,3,0.593
Caulfield,1400,7-9,heavy,4-6m,12,0.493
Caulfield,1400,7-9,heavy,true,10,0.554
Caulfield,1400,7-9,soft,1-3m,23,0.562
Caulfield,1400,7-9,soft,10m+,24,0.616
Caulfield,1400,7-9,soft,4-6m,42,0.507
Caulfield,1400,7-9,soft,7-9m,17,0.467
Caulfield,1400,7-9,soft,true,97,0.518
Caulfield,1600,1-3,dry,1-3m,12,0.402
Caulfield,1600,1-3,dry,10m+,24,0.534
Caulfield,1600,1-3,dry,4-6m,62,0.448
Caulfield,1600,1-3,dry,7-9m,57,0.424
Caulfield,1600,1-3,dry,true,78,0.436
Caulfield,1600,1-3,heavy,4-6m,3,0.381
Caulfield,1600,1-3,heavy,true,18,0.415
Caulfield,1600,1-3,soft,10m+,15,0.45
Caulfield,1600,1-3,soft,4-6m,9,0.535
Caulfield,1600,1-3,soft,7-9m,9,0.399
Caulfield,1600,1-3,soft,true,33,0.396
Caulfield,1600,10-12,dry,1-3m,11,0.529
Caulfield,1600,10-12,dry,10m+,2,0.75
Caulfield,1600,10-12,dry,4-6m,32,0.614
Caulfield,1600,10-12,dry,7-9m,32,0.597
Caulfield,1600,10-12,dry,true,41,0.603
Caulfield,1600,10-12,heavy,true,7,0.789
Caulfield,1600,10-12,soft,10m+,7,0.392
Caulfield,1600,10-12,soft,4-6m,5,0.536
Caulfield,1600,10-12,soft,7-9m,8,0.58
Caulfield,1600,10-12,soft,true,20,0.643
Caulfield,1600,13+,dry,1-3m,4,0.823
Caulfield,1600,13+,dry,4-6m,10,0.44
Caulfield,1600,13+,dry,7-9m,12,0.727
Caulfield,1600,13+,dry,true,16,0.601
Caulfield,1600,13+,heavy,true,2,0.692
Caulfield,1600,13+,soft,10m+,3,0.929
Caulfield,1600,13+,soft,7-9m,1,0.417
Caulfield,1600,13+,soft,true,12,0.8
Caulfield,1600,4-6,dry,1-3m,12,0.4
Caulfield,1600,4-6,dry,10m+,24,0.502
Caulfield,1600,4-6,dry,4-6m,63,0.464
Caulfield,1600,4-6,dry,7-9m,57,0.463
Caulfield,1600,4-6,dry,true,77,0.449
Caulfield,1600,4-6,heavy,4-6m,3,0.476
Caulfield,1600,4-6,heavy,true,17,0.375
Caulfield,1600,4-6,soft,10m+,15,0.43
Caulfield,1600,4-6,soft,4-6m,9,0.675
Caulfield,1600,4-6,soft,7-9m,9,0.409
Caulfield,1600,4-6,soft,true,33,0.432
Caulfield,1600,7-9,dry,1-3m,12,0.496
Caulfield,1600,7-9,dry,10m+,13,0.396
Caulfield,1600,7-9,dry,4-6m,55,0.548
Caulfield,1600,7-9,dry,7-9m,50,0.513
Caulfield,1600,7-9,dry,true,64,0.548
Caulfield,1600,7-9,heavy,4-6m,2,0.714
Caulfield,1600,7-9,heavy,true,13,0.589
Caulfield,1600,7-9,soft,10m+,15,0.584
Caulfield,1600,7-9,soft,4-6m,9,0.27
Caulfield,1600,7-9,soft,7-9m,8,0.683
Caulfield,1600,7-9,soft,true,27,0.471
Caulfield,1700,1-3,dry,4-6m,9,0.4
Caulfield,1700,1-3,dry,7-9m,3,0.444
Caulfield,1700,1-3,dry,true,24,0.555
Caulfield,1700,1-3,heavy,4-6m,3,0.583
Caulfield,1700,1-3,heavy,true,3,0.815
Caulfield,1700,1-3,soft,1-3m,9,0.39
Caulfield,1700,1-3,soft,4-6m,6,0.306
Caulfield,1700,1-3,soft,true,15,0.444
Caulfield,1700,10-12,dry,4-6m,5,0.76
Caulfield,1700,10-12,dry,7-9m,1,0.889
Caulfield,1700,10-12,dry,true,18,0.458
Caulfield,1700,10-12,heavy,true,1,0.556
Caulfield,1700,10-12,soft,1-3m,9,0.572
Caulfield,1700,10-12,soft,4-6m,5,0.5
Caulfield,1700,10-12,soft,true,12,0.55
Caulfield,1700,13+,dry,4-6m,1,0.917
Caulfield,1700,13+,dry,true,5,0.627
Caulfield,1700,13+,soft,1-3m,6,0.476
Caulfield,1700,13+,soft,4-6m,4,0.617
Caulfield,1700,13+,soft,true,11,0.63
Caulfield,1700,4-6,dry,4-6m,9,0.452
Caulfield,1700,4-6,dry,7-9m,3,0.444
Caulfield,1700,4-6,dry,true,23,0.374
Caulfield,1700,4-6,heavy,4-6m,3,0.167
Caulfield,1700,4-6,heavy,true,3,0.333
Caulfield,1700,4-6,soft,1-3m,9,0.528
Caulfield,1700,4-6,soft,4-6m,6,0.567
Caulfield,1700,4-6,soft,true,15,0.394
Caulfield,1700,7-9,dry,4-6m,6,0.353
Caulfield,1700,7-9,dry,7-9m,3,0.481
Caulfield,1700,7-9,dry,true,22,0.583
Caulfield,1700,7-9,heavy,4-6m,3,0.75
Caulfield,1700,7-9,heavy,true,3,0.333
Caulfield,1700,7-9,soft,1-3m,9,0.525
Caulfield,1700,7-9,soft,4-6m,6,0.55
Caulfield,1700,7-9,soft,true,13,0.529
Caulfield,1800,1-3,dry,1-3m,12,0.228
Caulfield,1800,1-3,dry,10m+,9,0.55
Caulfield,1800,1-3,dry,4-6m,34,0.451
Caulfield,1800,1-3,dry,7-9m,9,0.456
Caulfield,1800,1-3,dry,true,6,0.411
Caulfield,1800,1-3,heavy,true,3,0.481
Caulfield,1800,1-3,soft,4-6m,9,0.498
Caulfield,1800,1-3,soft,7-9m,9,0.483
Caulfield,1800,1-3,soft,true,9,0.611
Caulfield,1800,10-12,dry,1-3m,5,0.485
Caulfield,1800,10-12,dry,10m+,3,0.361
Caulfield,1800,10-12,dry,4-6m,16,0.464
Caulfield,1800,10-12,dry,7-9m,3,0.636
Caulfield,1800,10-12,dry,true,6,0.298
Caulfield,1800,10-12,heavy,true,1,0.556
Caulfield,1800,10-12,soft,4-6m,3,0.308
Caulfield,1800,10-12,soft,7-9m,5,0.76
Caulfield,1800,10-12,soft,true,3,0.214
Caulfield,1800,13+,dry,1-3m,2,0.885
Caulfield,1800,13+,dry,10m+,1,0.167
Caulfield,1800,13+,dry,4-6m,4,0.69
Caulfield,1800,13+,dry,true,4,0.628
Caulfield,1800,13+,soft,4-6m,2,0.654
Caulfield,1800,13+,soft,7-9m,1,0.0
Caulfield,1800,13+,soft,true,3,0.738
Caulfield,1800,4-6,dry,1-3m,11,0.563
Caulfield,1800,4-6,dry,10m+,9,0.478
Caulfield,1800,4-6,dry,4-6m,35,0.554
Caulfield,1800,4-6,dry,7-9m,12,0.489
Caulfield,1800,4-6,dry,true,6,0.44
Caulfield,1800,4-6,heavy,true,3,0.333
Caulfield,1800,4-6,soft,4-6m,9,0.435
Caulfield,1800,4-6,soft,7-9m,9,0.52
Caulfield,1800,4-6,soft,true,9,0.444
Caulfield,1800,7-9,dry,1-3m,9,0.666
Caulfield,1800,7-9,dry,10m+,7,0.571
Caulfield,1800,7-9,dry,4-6m,29,0.505
Caulfield,1800,7-9,dry,7-9m,10,0.517
Caulfield,1800,7-9,dry,true,6,0.766
Caulfield,1800,7-9,heavy,true,3,0.667
Caulfield,1800,7-9,soft,4-6m,7,0.625
Caulfield,1800,7-9,soft,7-9m,6,0.361
Caulfield,1800,7-9,soft,true,7,0.449
Caulfield,2000,1-3,dry,1-3m,21,0.414
Caulfield,2000,1-3,dry,10m+,27,0.468
Caulfield,2000,1-3,dry,4-6m,49,0.446
Caulfield,2000,1-3,dry,7-9m,42,0.461
Caulfield,2000,1-3,dry,true,45,0.322
Caulfield,2000,1-3,heavy,4-6m,3,0.5
Caulfield,2000,1-3,heavy,true,6,0.461
Caulfield,2000,1-3,soft,1-3m,24,0.447
Caulfield,2000,1-3,soft,10m+,27,0.429
Caulfield,2000,1-3,soft,4-6m,17,0.455
Caulfield,2000,1-3,soft,7-9m,2,0.65
Caulfield,2000,1-3,soft,true,48,0.441
Caulfield,2000,10-12,dry,1-3m,9,0.519
Caulfield,2000,10-12,dry,10m+,15,0.512
Caulfield,2000,10-12,dry,4-6m,31,0.469
Caulfield,2000,10-12,dry,7-9m,24,0.493
Caulfield,2000,10-12,dry,true,19,0.531
Caulfield,2000,10-12,heavy,4-6m,3,0.611
Caulfield,2000,10-12,heavy,true,1,0.778
Caulfield,2000,10-12,soft,1-3m,13,0.705
Caulfield,2000,10-12,soft,10m+,19,0.524
Caulfield,2000,10-12,soft,4-6m,13,0.586
Caulfield,2000,10-12,soft,7-9m,1,0.5
Caulfield,2000,10-12,soft,true,29,0.571
Caulfield,2000,13+,dry,1-3m,3,0.972
Caulfield,2000,13+,dry,10m+,5,0.543
Caulfield,2000,13+,dry,4-6m,23,0.567
Caulfield,2000,13+,dry,7-9m,14,0.739
Caulfield,2000,13+,dry,true,6,0.733
Caulfield,2000,13+,heavy,4-6m,1,0.417
Caulfield,2000,13+,soft,1-3m,3,0.588
Caulfield,2000,13+,soft,10m+,3,0.423
Caulfield,2000,13+,soft,4-6m,4,0.744
Caulfield,2000,13+,soft,true,12,0.792
Caulfield,2000,4-6,dry,1-3m,21,0.519
Caulfield,2000,4-6,dry,10m+,27,0.439
Caulfield,2000,4-6,dry,4-6m,50,0.5
Caulfield,2000,4-6,dry,7-9m,41,0.446
Caulfield,2000,4-6,dry,true,45,0.569
Caulfield,2000,4-6,heavy,4-6m,3,0.389
Caulfield,2000,4-6,heavy,true,6,0.484
Caulfield,2000,4-6,soft,1-3m,24,0.491
Caulfield,2000,4-6,soft,10m+,27,0.481
Caulfield,2000,4-6,soft,4-6m,17,0.47
Caulfield,2000,4-6,soft,7-9m,3,0.367
Caulfield,2000,4-6,soft,true,45,0.437
Caulfield,2000,7-9,dry,1-3m,15,0.489
Caulfield,2000,7-9,dry,10m+,26,0.578
Caulfield,2000,7-9,dry,4-6m,44,0.544
Caulfield,2000,7-9,dry,7-9m,33,0.525
Caulfield,2000,7-9,dry,true,37,0.578
Caulfield,2000,7-9,heavy,4-6m,3,0.528
Caulfield,2000,7-9,heavy,true,6,0.509
Caulfield,2000,7-9,soft,1-3m,21,0.432
Caulfield,2000,7-9,soft,10m+,27,0.548
Caulfield,2000,7-9,soft,4-6m,15,0.346
Caulfield,2000,7-9,soft,7-9m,3,0.567
Caulfield,2000,7-9,soft,true,44,0.481
Caulfield,2400,1-3,dry,1-3m,18,0.455
Caulfield,2400,1-3,dry,10m+,12,0.455
Caulfield,2400,1-3,dry,4-6m,21,0.427
Caulfield,2400,1-3,dry,7-9m,12,0.471
Caulfield,2400,1-3,dry,true,24,0.468
Caulfield,2400,1-3,heavy,true,3,0.433
Caulfield,2400,1-3,soft,1-3m,3,0.275
Caulfield,2400,1-3,soft,10m+,3,0.333
Caulfield,2400,1-3,soft,4-6m,24,0.493
Caulfield,2400,1-3,soft,7-9m,9,0.594
Caulfield,2400,1-3,soft,true,18,0.344
Caulfield,2400,10-12,dry,1-3m,11,0.535
Caulfield,2400,10-12,dry,10m+,3,0.333
Caulfield,2400,10-12,dry,4-6m,4,0.646
Caulfield,2400,10-12,dry,7-9m,5,0.58
Caulfield,2400,10-12,dry,true,6,0.333
Caulfield,2400,10-12,heavy,true,2,0.65
Caulfield,2400,10-12,soft,1-3m,3,0.706
Caulfield,2400,10-12,soft,10m+,1,1.0
Caulfield,2400,10-12,soft,4-6m,9,0.456
Caulfield,2400,10-12,soft,7-9m,6,0.301
Caulfield,2400,10-12,soft,true,13,0.616
Caulfield,2400,13+,dry,1-3m,12,0.48
Caulfield,2400,13+,dry,true,3,0.762
Caulfield,2400,13+,soft,1-3m,6,0.618
Caulfield,2400,13+,soft,4-6m,10,0.545
Caulfield,2400,13+,soft,7-9m,3,0.592
Caulfield,2400,13+,soft,true,12,0.406
Caulfield,2400,4-6,dry,1-3m,18,0.474
Caulfield,2400,4-6,dry,10m+,12,0.541
Caulfield,2400,4-6,dry,4-6m,21,0.408
Caulfield,2400,4-6,dry,7-9m,12,0.542
Caulfield,2400,4-6,dry,true,24,0.54
Caulfield,2400,4-6,heavy,true,3,0.5
Caulfield,2400,4-6,soft,1-3m,3,0.294
Caulfield,2400,4-6,soft,10m+,3,0.444
Caulfield,2400,4-6,soft,4-6m,24,0.56
Caulfield,2400,4-6,soft,7-9m,9,0.504
Caulfield,2400,4-6,soft,true,17,0.48
Caulfield,2400,7-9,dry,1-3m,18,0.562
Caulfield,2400,7-9,dry,10m+,9,0.562
Caulfield,2400,7-9,dry,4-6m,16,0.68
Caulfield,2400,7-9,dry,7-9m,10,0.445
Caulfield,2400,7-9,dry,true,21,0.497
Caulfield,2400,7-9,heavy,true,3,0.467
Caulfield,2400,7-9,soft,1-3m,3,0.49
Caulfield,2400,7-9,soft,10m+,3,0.556
Caulfield,2400,7-9,soft,4-6m,21,0.438
Caulfield,2400,7-9,soft,7-9m,9,0.504
Caulfield,2400,7-9,soft,true,18,0.633
Caulfield Heath,1000,1-3,dry,1-3m,36,0.537
Caulfield Heath,1000,1-3,dry,4-6m,24,0.514
Caulfield Heath,1000,1-3,dry,true,48,0.485
Caulfield Heath,1000,1-3,soft,1-3m,3,0.533
Caulfield Heath,1000,1-3,soft,4-6m,12,0.358
Caulfield Heath,1000,1-3,soft,true,17,0.37
Caulfield Heath,1000,10-12,dry,1-3m,7,0.392
Caulfield Heath,1000,10-12,dry,4-6m,5,0.649
Caulfield Heath,1000,10-12,dry,true,5,0.358
Caulfield Heath,1000,10-12,soft,4-6m,7,0.57
Caulfield Heath,1000,10-12,soft,true,3,0.678
Caulfield Heath,1000,4-6,dry,1-3m,35,0.519
Caulfield Heath,1000,4-6,dry,4-6m,24,0.47
Caulfield Heath,1000,4-6,dry,true,47,0.495
Caulfield Heath,1000,4-6,soft,1-3m,3,0.467
Caulfield Heath,1000,4-6,soft,4-6m,12,0.587
Caulfield Heath,1000,4-6,soft,true,18,0.474
Caulfield Heath,1000,7-9,dry,1-3m,25,0.431
Caulfield Heath,1000,7-9,dry,4-6m,15,0.476
Caulfield Heath,1000,7-9,dry,true,24,0.564
Caulfield Heath,1000,7-9,soft,4-6m,12,0.514
Caulfield Heath,1000,7-9,soft,true,13,0.652
Caulfield Heath,1100,1-3,dry,1-3m,6,0.336
Caulfield Heath,1100,1-3,dry,4-6m,15,0.54
Caulfield Heath,1100,1-3,dry,true,18,0.412
Caulfield Heath,1100,1-3,soft,1-3m,3,0.909
Caulfield Heath,1100,1-3,soft,true,3,0.476
Caulfield Heath,1100,10-12,dry,1-3m,3,0.667
Caulfield Heath,1100,10-12,dry,4-6m,4,0.682
Caulfield Heath,1100,10-12,dry,true,3,0.697
Caulfield Heath,1100,10-12,soft,1-3m,3,0.364
Caulfield Heath,1100,4-6,dry,1-3m,6,0.606
Caulfield Heath,1100,4-6,dry,4-6m,15,0.531
Caulfield Heath,1100,4-6,dry,true,18,0.53
Caulfield Heath,1100,4-6,soft,1-3m,3,0.545
Caulfield Heath,1100,4-6,soft,true,3,0.429
Caulfield Heath,1100,7-9,dry,1-3m,4,0.462
Caulfield Heath,1100,7-9,dry,4-6m,10,0.36
Caulfield Heath,1100,7-9,dry,true,13,0.535
Caulfield Heath,1100,7-9,soft,1-3m,3,0.182
Caulfield Heath,1100,7-9,soft,true,1,0.857
Caulfield Heath,1200,1-3,dry,1-3m,23,0.519
Caulfield Heath,1200,1-3,dry,4-6m,30,0.572
Caulfield Heath,1200,1-3,dry,true,59,0.512
Caulfield Heath,1200,1-3,soft,1-3m,9,0.468
Caulfield Heath,1200,1-3,soft,4-6m,9,0.233
Caulfield Heath,1200,1-3,soft,true,12,0.436
Caulfield Heath,1200,10-12,dry,1-3m,2,0.556
Caulfield Heath,1200,10-12,dry,4-6m,3,0.493
Caulfield Heath,1200,10-12,dry,true,13,0.686
Caulfield Heath,1200,10-12,soft,4-6m,5,0.845
Caulfield Heath,1200,10-12,soft,true,5,0.386
Caulfield Heath,1200,13+,dry,true,1,1.0
Caulfield Heath,1200,4-6,dry,1-3m,24,0.483
Caulfield Heath,1200,4-6,dry,4-6m,30,0.409
Caulfield Heath,1200,4-6,dry,true,60,0.389
Caulfield Heath,1200,4-6,soft,1-3m,9,0.435
Caulfield Heath,1200,4-6,soft,4-6m,9,0.471
Caulfield Heath,1200,4-6,soft,true,12,0.447
Caulfield Heath,1200,7-9,dry,1-3m,17,0.462
Caulfield Heath,1200,7-9,dry,4-6m,16,0.538
Caulfield Heath,1200,7-9,dry,true,53,0.567
Caulfield Heath,1200,7-9,soft,1-3m,8,0.609
Caulfield Heath,1200,7-9,soft,4-6m,9,0.605
Caulfield Heath,1200,7-9,soft,true,9,0.721
Caulfield Heath,1500,1-3,dry,1-3m,24,0.318
Caulfield Heath,1500,1-3,dry,4-6m,21,0.405
Caulfield Heath,1500,1-3,dry,true,33,0.457
Caulfield Heath,1500,1-3,soft,1-3m,9,0.571
Caulfield Heath,1500,1-3,soft,4-6m,18,0.502
Caulfield Heath,1500,1-3,soft,true,3,0.481
Caulfield Heath,1500,10-12,dry,1-3m,2,0.75
Caulfield Heath,1500,10-12,dry,4-6m,1,1.0
Caulfield Heath,1500,10-12,dry,true,4,0.682
Caulfield Heath,1500,10-12,soft,1-3m,5,0.478
Caulfield Heath,1500,10-12,soft,4-6m,6,0.333
Caulfield Heath,1500,10-12,soft,true,1,0.0
Caulfield Heath,1500,4-6,dry,1-3m,24,0.594
Caulfield Heath,1500,4-6,dry,4-6m,21,0.447
Caulfield Heath,1500,4-6,dry,true,33,0.455
Caulfield Heath,1500,4-6,soft,1-3m,9,0.503
Caulfield Heath,1500,4-6,soft,4-6m,18,0.467
Caulfield Heath,1500,4-6,soft,true,3,0.667
Caulfield Heath,1500,7-9,dry,1-3m,14,0.614
Caulfield Heath,1500,7-9,dry,4-6m,17,0.654
Caulfield Heath,1500,7-9,dry,true,20,0.608
Caulfield Heath,1500,7-9,soft,1-3m,9,0.438
Caulfield Heath,1500,7-9,soft,4-6m,12,0.631
Caulfield Heath,1500,7-9,soft,true,3,0.519
Caulfield Heath,1600,1-3,dry,1-3m,26,0.408
Caulfield Heath,1600,1-3,dry,4-6m,15,0.418
Caulfield Heath,1600,1-3,dry,true,27,0.574
Caulfield Heath,1600,1-3,soft,1-3m,3,0.567
Caulfield Heath,1600,1-3,soft,true,6,0.443
Caulfield Heath,1600,10-12,dry,1-3m,3,0.815
Caulfield Heath,1600,10-12,dry,4-6m,3,0.818
Caulfield Heath,1600,10-12,dry,true,3,0.111
Caulfield Heath,1600,10-12,soft,1-3m,2,0.5
Caulfield Heath,1600,4-6,dry,1-3m,27,0.509
Caulfield Heath,1600,4-6,dry,4-6m,15,0.489
Caulfield Heath,1600,4-6,dry,true,26,0.467
Caulfield Heath,1600,4-6,soft,1-3m,3,0.367
Caulfield Heath,1600,4-6,soft,true,6,0.486
Caulfield Heath,1600,7-9,dry,1-3m,17,0.591
Caulfield Heath,1600,7-9,dry,4-6m,6,0.573
Caulfield Heath,1600,7-9,dry,true,15,0.463
Caulfield Heath,1600,7-9,soft,1-3m,3,0.567
Caulfield Heath,1600,7-9,soft,true,2,0.714
Caulfield Heath,1800,1-3,dry,1-3m,21,0.469
Caulfield Heath,1800,1-3,dry,4-6m,24,0.443
Caulfield Heath,1800,1-3,dry,true,32,0.497
Caulfield Heath,1800,1-3,soft,1-3m,6,0.311
Caulfield Heath,1800,1-3,soft,4-6m,6,0.548
Caulfield Heath,1800,1-3,soft,true,6,0.467
Caulfield Heath,1800,10-12,dry,4-6m,9,0.56
Caulfield Heath,1800,10-12,dry,true,3,0.667
Caulfield Heath,1800,10-12,soft,1-3m,4,0.614
Caulfield Heath,1800,10-12,soft,true,4,0.35
Caulfield Heath,1800,4-6,dry,1-3m,21,0.494
Caulfield Heath,1800,4-6,dry,4-6m,24,0.517
Caulfield Heath,1800,4-6,dry,true,33,0.508
Caulfield Heath,1800,4-6,soft,1-3m,6,0.456
Caulfield Heath,1800,4-6,soft,4-6m,6,0.53
Caulfield Heath,1800,4-6,soft,true,6,0.333
Caulfield Heath,1800,7-9,dry,1-3m,14,0.555
Caulfield Heath,1800,7-9,dry,4-6m,19,0.522
Caulfield Heath,1800,7-9,dry,true,25,0.459
Caulfield Heath,1800,7-9,soft,1-3m,6,0.657
Caulfield Heath,1800,7-9,soft,4-6m,5,0.407
Caulfield Heath,1800,7-9,soft,true,6,0.8
Cranbourne,1000,1-3,dry,1-3m,18,0.403
Cranbourne,1000,1-3,dry,4-6m,39,0.436
Cranbourne,1000,1-3,dry,7-9m,87,0.448
Cranbourne,1000,1-3,dry,true,83,0.487
Cranbourne,1000,1-3,heavy,4-6m,6,0.444
Cranbourne,1000,1-3,heavy,true,3,0.19
Cranbourne,1000,1-3,soft,1-3m,6,0.354
Cranbourne,1000,1-3,soft,4-6m,25,0.472
Cranbourne,1000,1-3,soft,7-9m,36,0.395
Cranbourne,1000,1-3,soft,true,54,0.465
Cranbourne,1000,10-12,dry,1-3m,1,0.111
Cranbourne,1000,10-12,dry,4-6m,3,0.967
Cranbourne,1000,10-12,dry,7-9m,1,0.0
Cranbourne,1000,10-12,dry,true,9,0.581
Cranbourne,1000,10-12,heavy,4-6m,2,0.85
Cranbourne,1000,10-12,soft,4-6m,5,0.48
Cranbourne,1000,10-12,soft,7-9m,6,0.706
Cranbourne,1000,10-12,soft,true,10,0.724
Cranbourne,1000,4-6,dry,1-3m,18,0.433
Cranbourne,1000,4-6,dry,4-6m,39,0.51
Cranbourne,1000,4-6,dry,7-9m,86,0.496
Cranbourne,1000,4-6,dry,true,84,0.501
Cranbourne,1000,4-6,heavy,4-6m,6,0.389
Cranbourne,1000,4-6,heavy,true,3,0.619
Cranbourne,1000,4-6,soft,1-3m,6,0.542
Cranbourne,1000,4-6,soft,4-6m,27,0.402
Cranbourne,1000,4-6,soft,7-9m,36,0.43
Cranbourne,1000,4-6,soft,true,54,0.506
Cranbourne,1000,7-9,dry,1-3m,13,0.753
Cranbourne,1000,7-9,dry,4-6m,25,0.528
Cranbourne,1000,7-9,dry,7-9m,49,0.609
Cranbourne,1000,7-9,dry,true,53,0.486
Cranbourne,1000,7-9,heavy,4-6m,4,0.575
Cranbourne,1000,7-9,heavy,true,2,0.786
Cranbourne,1000,7-9,soft,1-3m,6,0.604
Cranbourne,1000,7-9,soft,4-6m,23,0.63
Cranbourne,1000,7-9,soft,7-9m,31,0.664
Cranbourne,1000,7-9,soft,true,37,0.481
Cranbourne,1200,1-3,dry,1-3m,21,0.354
Cranbourne,1200,1-3,dry,4-6m,47,0.448
Cranbourne,1200,1-3,dry,7-9m,81,0.467
Cranbourne,1200,1-3,dry,true,95,0.457
Cranbourne,1200,1-3,heavy,4-6m,3,0.5
Cranbourne,1200,1-3,heavy,true,3,0.292
Cranbourne,1200,1-3,soft,1-3m,3,0.222
Cranbourne,1200,1-3,soft,4-6m,21,0.392
Cranbourne,1200,1-3,soft,7-9m,27,0.411
Cranbourne,1200,1-3,soft,true,24,0.381
Cranbourne,1200,10-12,dry,1-3m,9,0.534
Cranbourne,1200,10-12,dry,4-6m,1,0.0
Cranbourne,1200,10-12,dry,7-9m,4,0.564
Cranbourne,1200,10-12,dry,true,13,0.521
Cranbourne,1200,10-12,heavy,4-6m,3,0.667
Cranbourne,1200,10-12,soft,4-6m,7,0.711
Cranbourne,1200,10-12,soft,7-9m,3,0.607
Cranbourne,1200,10-12,soft,true,7,0.633
Cranbourne,1200,13+,dry,1-3m,4,0.788
Cranbourne,1200,13+,dry,true,1,0.0
Cranbourne,1200,13+,heavy,4-6m,1,1.0
Cranbourne,1200,13+,soft,4-6m,1,0.333
Cranbourne,1200,13+,soft,true,1,0.917
Cranbourne,1200,4-6,dry,1-3m,21,0.58
Cranbourne,1200,4-6,dry,4-6m,48,0.553
Cranbourne,1200,4-6,dry,7-9m,81,0.49
Cranbourne,1200,4-6,dry,true,99,0.523
Cranbourne,1200,4-6,heavy,4-6m,3,0.389
Cranbourne,1200,4-6,heavy,true,3,0.625
Cranbourne,1200,4-6,soft,1-3m,3,0.611
Cranbourne,1200,4-6,soft,4-6m,21,0.488
Cranbourne,1200,4-6,soft,7-9m,26,0.583
Cranbourne,1200,4-6,soft,true,22,0.521
Cranbourne,1200,7-9,dry,1-3m,16,0.496
Cranbourne,1200,7-9,dry,4-6m,31,0.498
Cranbourne,1200,7-9,dry,7-9m,53,0.545
Cranbourne,1200,7-9,dry,true,73,0.545
Cranbourne,1200,7-9,heavy,4-6m,3,0.278
Cranbourne,1200,7-9,heavy,true,3,0.583
Cranbourne,1200,7-9,soft,1-3m,1,1.0
Cranbourne,1200,7-9,soft,4-6m,17,0.57
Cranbourne,1200,7-9,soft,7-9m,20,0.5
Cranbourne,1200,7-9,soft,true,18,0.603
Cranbourne,1300,1-3,dry,1-3m,15,0.537
Cranbourne,1300,1-3,dry,4-6m,18,0.409
Cranbourne,1300,1-3,dry,7-9m,46,0.5
Cranbourne,1300,1-3,dry,true,33,0.444
Cranbourne,1300,1-3,heavy,4-6m,3,0.41
Cranbourne,1300,1-3,soft,1-3m,3,0.556
Cranbourne,1300,1-3,soft,4-6m,6,0.363
Cranbourne,1300,1-3,soft,7-9m,15,0.356
Cranbourne,1300,1-3,soft,true,27,0.44
Cranbourne,1300,10-12,dry,4-6m,6,0.607
Cranbourne,1300,10-12,dry,7-9m,7,0.656
Cranbourne,1300,10-12,dry,true,8,0.536
Cranbourne,1300,10-12,heavy,4-6m,3,0.564
Cranbourne,1300,10-12,soft,1-3m,1,0.444
Cranbourne,1300,10-12,soft,4-6m,1,1.0
Cranbourne,1300,10-12,soft,7-9m,3,0.619
Cranbourne,1300,10-12,soft,true,9,0.621
Cranbourne,1300,13+,heavy,4-6m,2,0.808
Cranbourne,1300,4-6,dry,1-3m,14,0.494
Cranbourne,1300,4-6,dry,4-6m,18,0.451
Cranbourne,1300,4-6,dry,7-9m,47,0.502
Cranbourne,1300,4-6,dry,true,32,0.499
Cranbourne,1300,4-6,heavy,4-6m,3,0.385
Cranbourne,1300,4-6,soft,1-3m,3,0.296
Cranbourne,1300,4-6,soft,4-6m,6,0.641
Cranbourne,1300,4-6,soft,7-9m,15,0.574
Cranbourne,1300,4-6,soft,true,25,0.474
Cranbourne,1300,7-9,dry,1-3m,9,0.392
Cranbourne,1300,7-9,dry,4-6m,17,0.611
Cranbourne,1300,7-9,dry,7-9m,31,0.486
Cranbourne,1300,7-9,dry,true,22,0.573
Cranbourne,1300,7-9,heavy,4-6m,3,0.436
Cranbourne,1300,7-9,soft,1-3m,3,0.667
Cranbourne,1300,7-9,soft,4-6m,6,0.412
Cranbourne,1300,7-9,soft,7-9m,12,0.474
Cranbourne,1300,7-9,soft,true,23,0.571
Cranbourne,1400,1-3,dry,1-3m,17,0.464
Cranbourne,1400,1-3,dry,4-6m,42,0.469
Cranbourne,1400,1-3,dry,7-9m,68,0.406
Cranbourne,1400,1-3,dry,true,63,0.432
Cranbourne,1400,1-3,heavy,4-6m,6,0.398
Cranbourne,1400,1-3,soft,1-3m,3,0.333
Cranbourne,1400,1-3,soft,4-6m,17,0.367
Cranbourne,1400,1-3,soft,7-9m,21,0.498
Cranbourne,1400,1-3,soft,true,21,0.524
Cranbourne,1400,10-12,dry,1-3m,5,0.469
Cranbourne,1400,10-12,dry,4-6m,5,0.744
Cranbourne,1400,10-12,dry,7-9m,13,0.502
Cranbourne,1400,10-12,dry,true,14,0.504
Cranbourne,1400,10-12,heavy,4-6m,4,0.451
Cranbourne,1400,10-12,soft,4-6m,8,0.627
Cranbourne,1400,10-12,soft,7-9m,6,0.765
Cranbourne,1400,10-12,soft,true,8,0.496
Cranbourne,1400,13+,dry,true,2,0.846
Cranbourne,1400,13+,heavy,4-6m,1,1.0
Cranbourne,1400,13+,soft,4-6m,2,0.5
Cranbourne,1400,13+,soft,7-9m,1,0.75
Cranbourne,1400,4-6,dry,1-3m,18,0.403
Cranbourne,1400,4-6,dry,4-6m,42,0.524
Cranbourne,1400,4-6,dry,7-9m,68,0.473
Cranbourne,1400,4-6,dry,true,63,0.518
Cranbourne,1400,4-6,heavy,4-6m,6,0.412
Cranbourne,1400,4-6,soft,1-3m,3,0.667
Cranbourne,1400,4-6,soft,4-6m,18,0.518
Cranbourne,1400,4-6,soft,7-9m,21,0.396
Cranbourne,1400,4-6,soft,true,21,0.515
Cranbourne,1400,7-9,dry,1-3m,16,0.661
Cranbourne,1400,7-9,dry,4-6m,28,0.466
Cranbourne,1400,7-9,dry,7-9m,56,0.632
Cranbourne,1400,7-9,dry,true,53,0.538
Cranbourne,1400,7-9,heavy,4-6m,6,0.639
Cranbourne,1400,7-9,soft,4-6m,16,0.573
Cranbourne,1400,7-9,soft,7-9m,13,0.529
Cranbourne,1400,7-9,soft,true,21,0.462
Cranbourne,1500,1-3,dry,1-3m,9,0.534
Cranbourne,1500,1-3,dry,4-6m,9,0.605
Cranbourne,1500,1-3,dry,7-9m,8,0.581
Cranbourne,1500,1-3,dry,true,15,0.633
Cranbourne,1500,1-3,heavy,4-6m,3,0.433
Cranbourne,1500,1-3,soft,1-3m,2,0.812
Cranbourne,1500,1-3,soft,7-9m,6,0.386
Cranbourne,1500,1-3,soft,true,23,0.436
Cranbourne,1500,10-12,dry,1-3m,3,0.93
Cranbourne,1500,10-12,dry,4-6m,1,0.667
Cranbourne,1500,10-12,dry,7-9m,2,0.5
Cranbourne,1500,10-12,dry,true,8,0.444
Cranbourne,1500,10-12,heavy,4-6m,2,0.85
Cranbourne,1500,10-12,soft,7-9m,3,0.472
Cranbourne,1500,10-12,soft,true,8,0.631
Cranbourne,1500,13+,dry,true,2,0.231
Cranbourne,1500,13+,soft,7-9m,1,0.5
Cranbourne,1500,13+,soft,true,1,0.083
Cranbourne,1500,4-6,dry,1-3m,9,0.45
Cranbourne,1500,4-6,dry,4-6m,9,0.417
Cranbourne,1500,4-6,dry,7-9m,7,0.41
Cranbourne,1500,4-6,dry,true,15,0.438
Cranbourne,1500,4-6,heavy,4-6m,3,0.3
Cranbourne,1500,4-6,soft,1-3m,3,0.25
Cranbourne,1500,4-6,soft,7-9m,5,0.37
Cranbourne,1500,4-6,soft,true,24,0.519
Cranbourne,1500,7-9,dry,1-3m,9,0.373
Cranbourne,1500,7-9,dry,4-6m,8,0.455
Cranbourne,1500,7-9,dry,7-9m,8,0.631
Cranbourne,1500,7-9,dry,true,11,0.493
Cranbourne,1500,7-9,heavy,4-6m,3,0.533
Cranbourne,1500,7-9,soft,1-3m,3,0.667
Cranbourne,1500,7-9,soft,7-9m,3,0.806
Cranbourne,1500,7-9,soft,true,18,0.549
Cranbourne,1600,1-3,dry,1-3m,16,0.512
Cranbourne,1600,1-3,dry,4-6m,33,0.526
Cranbourne,1600,1-3,dry,7-9m,72,0.447
Cranbourne,1600,1-3,dry,true,57,0.368
Cranbourne,1600,1-3,heavy,4-6m,3,0.625
Cranbourne,1600,1-3,heavy,true,3,0.467
Cranbourne,1600,1-3,soft,1-3m,3,0.481
Cranbourne,1600,1-3,soft,4-6m,18,0.518
Cranbourne,1600,1-3,soft,7-9m,21,0.455
Cranbourne,1600,1-3,soft,true,26,0.451
Cranbourne,1600,10-12,dry,1-3m,5,0.422
Cranbourne,1600,10-12,dry,4-6m,7,0.69
Cranbourne,1600,10-12,dry,7-9m,13,0.397
Cranbourne,1600,10-12,dry,true,11,0.597
Cranbourne,1600,10-12,soft,1-3m,1,0.0
Cranbourne,1600,10-12,soft,4-6m,9,0.402
Cranbourne,1600,10-12,soft,7-9m,7,0.563
Cranbourne,1600,10-12,soft,true,5,0.438
Cranbourne,1600,13+,dry,1-3m,1,1.0
Cranbourne,1600,13+,dry,7-9m,2,0.846
Cranbourne,1600,13+,soft,4-6m,2,0.538
Cranbourne,1600,13+,soft,7-9m,2,0.654
Cranbourne,1600,4-6,dry,1-3m,18,0.391
Cranbourne,1600,4-6,dry,4-6m,33,0.396
Cranbourne,1600,4-6,dry,7-9m,71,0.528
Cranbourne,1600,4-6,dry,true,60,0.505
Cranbourne,1600,4-6,heavy,4-6m,3,0.542
Cranbourne,1600,4-6,heavy,true,3,0.533
Cranbourne,1600,4-6,soft,1-3m,3,0.778
Cranbourne,1600,4-6,soft,4-6m,18,0.505
Cranbourne,1600,4-6,soft,7-9m,21,0.45
Cranbourne,1600,4-6,soft,true,27,0.516
Cranbourne,1600,7-9,dry,1-3m,14,0.598
Cranbourne,1600,7-9,dry,4-6m,26,0.547
Cranbourne,1600,7-9,dry,7-9m,55,0.536
Cranbourne,1600,7-9,dry,true,44,0.637
Cranbourne,1600,7-9,heavy,4-6m,3,0.333
Cranbourne,1600,7-9,soft,1-3m,3,0.407
Cranbourne,1600,7-9,soft,4-6m,10,0.539
Cranbourne,1600,7-9,soft,7-9m,16,0.579
Cranbourne,1600,7-9,soft,true,19,0.553
Cranbourne,2000,1-3,dry,1-3m,14,0.563
Cranbourne,2000,1-3,dry,true,63,0.473
Cranbourne,2000,1-3,soft,1-3m,6,0.463
Cranbourne,2000,1-3,soft,4-6m,3,0.59
Cranbourne,2000,1-3,soft,7-9m,3,0.583
Cranbourne,2000,1-3,soft,true,29,0.395
Cranbourne,2000,10-12,dry,1-3m,7,0.516
Cranbourne,2000,10-12,dry,true,19,0.687
Cranbourne,2000,10-12,soft,1-3m,2,1.0
Cranbourne,2000,10-12,soft,4-6m,3,0.513
Cranbourne,2000,10-12,soft,true,11,0.374
Cranbourne,2000,13+,dry,1-3m,1,0.833
Cranbourne,2000,13+,dry,true,2,0.577
Cranbourne,2000,13+,soft,4-6m,2,0.115
Cranbourne,2000,4-6,dry,1-3m,15,0.381
Cranbourne,2000,4-6,dry,true,63,0.455
Cranbourne,2000,4-6,soft,1-3m,6,0.407
Cranbourne,2000,4-6,soft,4-6m,3,0.564
Cranbourne,2000,4-6,soft,7-9m,3,0.75
Cranbourne,2000,4-6,soft,true,30,0.537
Cranbourne,2000,7-9,dry,1-3m,15,0.497
Cranbourne,2000,7-9,dry,true,47,0.519
Cranbourne,2000,7-9,soft,1-3m,6,0.463
Cranbourne,2000,7-9,soft,4-6m,3,0.59
Cranbourne,2000,7-9,soft,7-9m,3,0.167
Cranbourne,2000,7-9,soft,true,27,0.63
Cranbourne,2100,1-3,dry,4-6m,9,0.44
Cranbourne,2100,1-3,dry,7-9m,27,0.536
Cranbourne,2100,1-3,soft,4-6m,3,0.667
Cranbourne,2100,1-3,soft,7-9m,18,0.491
Cranbourne,2100,10-12,dry,4-6m,2,0.222
Cranbourne,2100,10-12,dry,7-9m,6,0.452
Cranbourne,2100,10-12,soft,7-9m,7,0.449
Cranbourne,2100,4-6,dry,4-6m,9,0.468
Cranbourne,2100,4-6,dry,7-9m,26,0.554
Cranbourne,2100,4-6,soft,4-6m,3,0.417
Cranbourne,2100,4-6,soft,7-9m,17,0.444
Cranbourne,2100,7-9,dry,4-6m,9,0.654
Cranbourne,2100,7-9,dry,7-9m,25,0.421
Cranbourne,2100,7-9,soft,4-6m,3,0.417
Cranbourne,2100,7-9,soft,7-9m,15,0.564
Cranbourne,2500,1-3,dry,1-3m,9,0.409
Cranbourne,2500,1-3,dry,true,12,0.494
Cranbourne,2500,1-3,soft,1-3m,3,0.433
Cranbourne,2500,1-3,soft,7-9m,3,0.6
Cranbourne,2500,1-3,soft,true,15,0.318
Cranbourne,2500,10-12,dry,1-3m,4,0.375
Cranbourne,2500,10-12,dry,true,3,0.07
Cranbourne,2500,10-12,soft,1-3m,2,0.85
Cranbourne,2500,10-12,soft,true,3,0.879
Cranbourne,2500,13+,dry,1-3m,1,0.667
Cranbourne,2500,4-6,dry,1-3m,9,0.687
Cranbourne,2500,4-6,dry,true,12,0.559
Cranbourne,2500,4-6,soft,1-3m,3,0.7
Cranbourne,2500,4-6,soft,7-9m,3,0.4
Cranbourne,2500,4-6,soft,true,15,0.545
Cranbourne,2500,7-9,dry,1-3m,9,0.441
Cranbourne,2500,7-9,dry,true,7,0.592
Cranbourne,2500,7-9,soft,1-3m,3,0.133
Cranbourne,2500,7-9,soft,true,11,0.584
Cranbourne,2600,1-3,dry,4-6m,12,0.403
Cranbourne,2600,1-3,dry,7-9m,13,0.501
Cranbourne,2600,1-3,soft,7-9m,6,0.419
Cranbourne,2600,10-12,dry,4-6m,5,0.364
Cranbourne,2600,10-12,dry,7-9m,1,0.222
Cranbourne,2600,4-6,dry,4-6m,12,0.657
Cranbourne,2600,4-6,dry,7-9m,13,0.421
Cranbourne,2600,4-6,soft,7-9m,6,0.724
Cranbourne,2600,7-9,dry,4-6m,10,0.496
Cranbourne,2600,7-9,dry,7-9m,10,0.645
Cranbourne,2600,7-9,soft,7-9m,2,0.071
Dalby,1000,1-3,dry,true,72,0.501
Dalby,1000,1-3,soft,true,18,0.483
Dalby,1000,10-12,dry,true,16,0.479
Dalby,1000,10-12,soft,true,4,0.639
Dalby,1000,4-6,dry,true,72,0.506
Dalby,1000,4-6,soft,true,18,0.583
Dalby,1000,7-9,dry,true,69,0.488
Dalby,1000,7-9,soft,true,18,0.404
Dalby,1100,1-3,dry,true,18,0.482
Dalby,1100,10-12,dry,true,2,0.5
Dalby,1100,4-6,dry,true,17,0.481
Dalby,1100,7-9,dry,true,13,0.549
Dalby,1200,1-3,dry,true,27,0.531
Dalby,1200,1-3,soft,true,6,0.477
Dalby,1200,10-12,dry,true,3,0.296
Dalby,1200,10-12,soft,true,1,1.0
Dalby,1200,4-6,dry,true,27,0.501
Dalby,1200,4-6,soft,true,6,0.35
Dalby,1200,7-9,dry,true,24,0.49
Dalby,1200,7-9,soft,true,6,0.59
Dalby,1400,1-3,dry,true,86,0.444
Dalby,1400,1-3,soft,true,15,0.491
Dalby,1400,10-12,dry,true,17,0.601
Dalby,1400,10-12,soft,true,3,0.63
Dalby,1400,4-6,dry,true,83,0.499
Dalby,1400,4-6,soft,true,15,0.498
Dalby,1400,7-9,dry,true,70,0.52
Dalby,1400,7-9,soft,true,15,0.485
Dalby,2000,1-3,dry,true,9,0.542
Dalby,2000,1-3,soft,true,3,0.259
Dalby,2000,10-12,soft,true,1,1.0
Dalby,2000,4-6,dry,true,9,0.361
Dalby,2000,4-6,soft,true,3,0.667
Dalby,2000,7-9,dry,true,9,0.597
Dalby,2000,7-9,soft,true,3,0.407
Doomben,1000,1-3,dry,1-3m,9,0.352
Doomben,1000,1-3,dry,10m+,6,0.345
Doomben,1000,1-3,dry,4-6m,41,0.409
Doomben,1000,1-3,dry,7-9m,12,0.351
Doomben,1000,1-3,heavy,10m+,3,0.4
Doomben,1000,1-3,soft,1-3m,12,0.435
Doomben,1000,1-3,soft,10m+,3,0.208
Doomben,1000,1-3,soft,4-6m,17,0.335
Doomben,1000,1-3,soft,7-9m,1,0.0
Doomben,1000,10-12,dry,1-3m,5,0.853
Doomben,1000,10-12,dry,4-6m,4,0.503
Doomben,1000,10-12,dry,7-9m,2,0.95
Doomben,1000,10-12,soft,1-3m,4,0.727
Doomben,1000,10-12,soft,4-6m,7,0.641
Doomben,1000,13+,dry,1-3m,1,0.5
Doomben,1000,13+,soft,4-6m,1,0.0
Doomben,1000,4-6,dry,1-3m,9,0.502
Doomben,1000,4-6,dry,10m+,6,0.554
Doomben,1000,4-6,dry,4-6m,40,0.437
Doomben,1000,4-6,dry,7-9m,12,0.462
Doomben,1000,4-6,heavy,10m+,3,0.6
Doomben,1000,4-6,soft,1-3m,12,0.459
Doomben,1000,4-6,soft,10m+,3,0.542
Doomben,1000,4-6,soft,4-6m,18,0.557
Doomben,1000,4-6,soft,7-9m,3,0.733
Doomben,1000,7-9,dry,1-3m,6,0.342
Doomben,1000,7-9,dry,10m+,5,0.621
Doomben,1000,7-9,dry,4-6m,33,0.676
Doomben,1000,7-9,dry,7-9m,7,0.692
Doomben,1000,7-9,soft,1-3m,9,0.576
Doomben,1000,7-9,soft,10m+,3,0.75
Doomben,1000,7-9,soft,4-6m,12,0.616
Doomben,1100,1-3,dry,1-3m,34,0.516
Doomben,1100,1-3,dry,10m+,35,0.482
Doomben,1100,1-3,dry,4-6m,154,0.426
Doomben,1100,1-3,dry,7-9m,54,0.4
Doomben,1100,1-3,dry,true,34,0.381
Doomben,1100,1-3,heavy,1-3m,3,0.444
Doomben,1100,1-3,heavy,10m+,3,0.667
Doomben,1100,1-3,heavy,4-6m,6,0.326
Doomben,1100,1-3,heavy,7-9m,3,0.619
Doomben,1100,1-3,heavy,true,8,0.519
Doomben,1100,1-3,soft,1-3m,50,0.389
Doomben,1100,1-3,soft,10m+,20,0.392
Doomben,1100,1-3,soft,4-6m,78,0.43
Doomben,1100,1-3,soft,7-9m,20,0.302
Doomben,1100,1-3,soft,true,14,0.385
Doomben,1100,10-12,dry,1-3m,16,0.501
Doomben,1100,10-12,dry,10m+,10,0.53
Doomben,1100,10-12,dry,4-6m,42,0.671
Doomben,1100,10-12,dry,7-9m,18,0.583
Doomben,1100,10-12,dry,true,15,0.669
Doomben,1100,10-12,heavy,10m+,1,0.778
Doomben,1100,10-12,heavy,4-6m,3,0.595
Doomben,1100,10-12,heavy,true,1,0.889
Doomben,1100,10-12,soft,1-3m,33,0.71
Doomben,1100,10-12,soft,4-6m,15,0.628
Doomben,1100,10-12,soft,7-9m,9,0.679
Doomben,1100,10-12,soft,true,11,0.602
Doomben,1100,13+,dry,1-3m,4,0.442
Doomben,1100,13+,dry,4-6m,4,0.729
Doomben,1100,13+,dry,7-9m,2,0.769
Doomben,1100,13+,dry,true,5,0.76
Doomben,1100,13+,heavy,4-6m,3,0.548
Doomben,1100,13+,soft,1-3m,9,0.533
Doomben,1100,13+,soft,4-6m,4,0.786
Doomben,1100,13+,soft,7-9m,1,0.833
Doomben,1100,13+,soft,true,3,0.738
Doomben,1100,4-6,dry,1-3m,35,0.447
Doomben,1100,4-6,dry,10m+,35,0.541
Doomben,1100,4-6,dry,4-6m,156,0.468
Doomben,1100,4-6,dry,7-9m,54,0.503
Doomben,1100,4-6,dry,true,35,0.419
Doomben,1100,4-6,heavy,1-3m,2,0.583
Doomben,1100,4-6,heavy,10m+,3,0.37
Doomben,1100,4-6,heavy,4-6m,6,0.531
Doomben,1100,4-6,heavy,7-9m,2,0.571
Doomben,1100,4-6,heavy,true,8,0.501
Doomben,1100,4-6,soft,1-3m,51,0.49
Doomben,1100,4-6,soft,10m+,20,0.59
Doomben,1100,4-6,soft,4-6m,77,0.47
Doomben,1100,4-6,soft,7-9m,21,0.486
Doomben,1100,4-6,soft,true,15,0.511
Doomben,1100,7-9,dry,1-3m,30,0.578
Doomben,1100,7-9,dry,10m+,33,0.471
Doomben,1100,7-9,dry,4-6m,134,0.555
Doomben,1100,7-9,dry,7-9m,45,0.566
Doomben,1100,7-9,dry,true,32,0.576
Doomben,1100,7-9,heavy,1-3m,1,0.0
Doomben,1100,7-9,heavy,10m+,3,0.37
Doomben,1100,7-9,heavy,4-6m,3,0.643
Doomben,1100,7-9,heavy,7-9m,2,0.5
Doomben,1100,7-9,heavy,true,4,0.111
Doomben,1100,7-9,soft,1-3m,50,0.482
Doomben,1100,7-9,soft,10m+,10,0.585
Doomben,1100,7-9,soft,4-6m,55,0.602
Doomben,1100,7-9,soft,7-9m,18,0.643
Doomben,1100,7-9,soft,true,15,0.492
Doomben,1200,1-3,dry,1-3m,51,0.448
Doomben,1200,1-3,dry,10m+,60,0.427
Doomben,1200,1-3,dry,4-6m,306,0.439
Doomben,1200,1-3,dry,7-9m,135,0.439
Doomben,1200,1-3,dry,true,55,0.395
Doomben,1200,1-3,heavy,1-3m,15,0.411
Doomben,1200,1-3,heavy,10m+,3,0.583
Doomben,1200,1-3,heavy,4-6m,9,0.548
Doomben,1200,1-3,heavy,7-9m,6,0.45
Doomben,1200,1-3,heavy,true,9,0.36
Doomben,1200,1-3,soft,1-3m,55,0.373
Doomben,1200,1-3,soft,10m+,35,0.389
Doomben,1200,1-3,soft,4-6m,158,0.398
Doomben,1200,1-3,soft,7-9m,45,0.417
Doomben,1200,1-3,soft,true,22,0.368
Doomben,1200,10-12,dry,1-3m,29,0.525
Doomben,1200,10-12,dry,10m+,32,0.649
Doomben,1200,10-12,dry,4-6m,121,0.6
Doomben,1200,10-12,dry,7-9m,68,0.546
Doomben,1200,10-12,dry,true,27,0.621
Doomben,1200,10-12,heavy,4-6m,3,0.879
Doomben,1200,10-12,heavy,7-9m,1,1.0
Doomben,1200,10-12,heavy,true,7,0.745
Doomben,1200,10-12,soft,1-3m,32,0.607
Doomben,1200,10-12,soft,10m+,11,0.765
Doomben,1200,10-12,soft,4-6m,51,0.658
Doomben,1200,10-12,soft,7-9m,19,0.649
Doomben,1200,10-12,soft,true,10,0.618
Doomben,1200,13+,dry,1-3m,1,0.0
Doomben,1200,13+,dry,4-6m,22,0.646
Doomben,1200,13+,dry,7-9m,5,0.424
Doomben,1200,13+,dry,true,1,1.0
Doomben,1200,13+,heavy,true,3,0.359
Doomben,1200,13+,soft,1-3m,11,0.41
Doomben,1200,13+,soft,4-6m,2,0.542
Doomben,1200,13+,soft,7-9m,1,0.667
Doomben,1200,13+,soft,true,3,0.881
Doomben,1200,4-6,dry,1-3m,53,0.508
Doomben,1200,4-6,dry,10m+,59,0.527
Doomben,1200,4-6,dry,4-6m,311,0.474
Doomben,1200,4-6,dry,7-9m,139,0.49
Doomben,1200,4-6,dry,true,56,0.522
Doomben,1200,4-6,heavy,1-3m,13,0.469
Doomben,1200,4-6,heavy,10m+,3,0.625
Doomben,1200,4-6,heavy,4-6m,8,0.395
Doomben,1200,4-6,heavy,7-9m,6,0.442
Doomben,1200,4-6,heavy,true,9,0.547
Doomben,1200,4-6,soft,1-3m,56,0.529
Doomben,1200,4-6,soft,10m+,35,0.475
Doomben,1200,4-6,soft,4-6m,158,0.488
Doomben,1200,4-6,soft,7-9m,44,0.452
Doomben,1200,4-6,soft,true,23,0.439
Doomben,1200,7-9,dry,1-3m,50,0.557
Doomben,1200,7-9,dry,10m+,59,0.456
Doomben,1200,7-9,dry,4-6m,272,0.557
Doomben,1200,7-9,dry,7-9m,129,0.56
Doomben,1200,7-9,dry,true,48,0.536
Doomben,1200,7-9,heavy,1-3m,5,0.829
Doomben,1200,7-9,heavy,10m+,3,0.292
Doomben,1200,7-9,heavy,4-6m,6,0.379
Doomben,1200,7-9,heavy,7-9m,5,0.53
Doomben,1200,7-9,heavy,true,8,0.409
Doomben,1200,7-9,soft,1-3m,50,0.571
Doomben,1200,7-9,soft,10m+,30,0.558
Doomben,1200,7-9,soft,4-6m,129,0.56
Doomben,1200,7-9,soft,7-9m,40,0.56
Doomben,1200,7-9,soft,true,21,0.618
Doomben,1400,1-3,dry,1-3m,69,0.392
Doomben,1400,1-3,dry,10m+,58,0.387
Doomben,1400,1-3,dry,4-6m,329,0.435
Doomben,1400,1-3,dry,7-9m,95,0.422
Doomben,1400,1-3,dry,true,49,0.447
Doomben,1400,1-3,heavy,1-3m,12,0.425
Doomben,1400,1-3,heavy,10m+,6,0.576
Doomben,1400,1-3,heavy,4-6m,12,0.487
Doomben,1400,1-3,heavy,7-9m,3,0.259
Doomben,1400,1-3,heavy,true,8,0.48
Doomben,1400,1-3,soft,1-3m,55,0.446
Doomben,1400,1-3,soft,10m+,50,0.375
Doomben,1400,1-3,soft,4-6m,169,0.466
Doomben,1400,1-3,soft,7-9m,49,0.471
Doomben,1400,1-3,soft,true,24,0.384
Doomben,1400,10-12,dry,1-3m,36,0.594
Doomben,1400,10-12,dry,10m+,39,0.618
Doomben,1400,10-12,dry,4-6m,145,0.591
Doomben,1400,10-12,dry,7-9m,45,0.631
Doomben,1400,10-12,dry,true,27,0.694
Doomben,1400,10-12,heavy,1-3m,1,0.889
Doomben,1400,10-12,heavy,4-6m,2,0.35
Doomben,1400,10-12,heavy,7-9m,1,0.222
Doomben,1400,10-12,heavy,true,7,0.57
Doomben,1400,10-12,soft,1-3m,32,0.582
Doomben,1400,10-12,soft,10m+,22,0.624
Doomben,1400,10-12,soft,4-6m,70,0.579
Doomben,1400,10-12,soft,7-9m,32,0.581
Doomben,1400,10-12,soft,true,13,0.617
Doomben,1400,13+,dry,1-3m,21,0.732
Doomben,1400,13+,dry,10m+,2,0.875
Doomben,1400,13+,dry,4-6m,32,0.55
Doomben,1400,13+,dry,7-9m,7,0.688
Doomben,1400,13+,dry,true,7,0.702
Doomben,1400,13+,heavy,true,1,0.0
Doomben,1400,13+,soft,1-3m,21,0.636
Doomben,1400,13+,soft,4-6m,18,0.497
Doomben,1400,13+,soft,7-9m,8,0.35
Doomben,1400,13+,soft,true,4,0.683
Doomben,1400,4-6,dry,1-3m,72,0.523
Doomben,1400,4-6,dry,10m+,59,0.43
Doomben,1400,4-6,dry,4-6m,327,0.463
Doomben,1400,4-6,dry,7-9m,95,0.499
Doomben,1400,4-6,dry,true,51,0.44
Doomben,1400,4-6,heavy,1-3m,12,0.381
Doomben,1400,4-6,heavy,10m+,6,0.5
Doomben,1400,4-6,heavy,4-6m,11,0.407
Doomben,1400,4-6,heavy,7-9m,3,0.519
Doomben,1400,4-6,heavy,true,9,0.522
Doomben,1400,4-6,soft,1-3m,57,0.448
Doomben,1400,4-6,soft,10m+,51,0.49
Doomben,1400,4-6,soft,4-6m,179,0.484
Doomben,1400,4-6,soft,7-9m,51,0.527
Doomben,1400,4-6,soft,true,24,0.506
Doomben,1400,7-9,dry,1-3m,61,0.478
Doomben,1400,7-9,dry,10m+,55,0.611
Doomben,1400,7-9,dry,4-6m,309,0.567
Doomben,1400,7-9,dry,7-9m,86,0.505
Doomben,1400,7-9,dry,true,48,0.482
Doomben,1400,7-9,heavy,1-3m,9,0.7
Doomben,1400,7-9,heavy,10m+,4,0.385
Doomben,1400,7-9,heavy,4-6m,7,0.663
Doomben,1400,7-9,heavy,7-9m,3,0.815
Doomben,1400,7-9,heavy,true,9,0.492
Doomben,1400,7-9,soft,1-3m,51,0.506
Doomben,1400,7-9,soft,10m+,46,0.578
Doomben,1400,7-9,soft,4-6m,155,0.522
Doomben,1400,7-9,soft,7-9m,47,0.467
Doomben,1400,7-9,soft,true,22,0.517
Doomben,1600,1-3,dry,1-3m,51,0.485
Doomben,1600,1-3,dry,4-6m,239,0.416
Doomben,1600,1-3,dry,7-9m,69,0.436
Doomben,1600,1-3,dry,true,36,0.368
Doomben,1600,1-3,heavy,4-6m,9,0.485
Doomben,1600,1-3,heavy,7-9m,6,0.467
Doomben,1600,1-3,heavy,true,6,0.294
Doomben,1600,1-3,soft,1-3m,53,0.447
Doomben,1600,1-3,soft,4-6m,110,0.382
Doomben,1600,1-3,soft,7-9m,33,0.498
Doomben,1600,1-3,soft,true,20,0.352
Doomben,1600,10-12,dry,1-3m,23,0.615
Doomben,1600,10-12,dry,4-6m,85,0.597
Doomben,1600,10-12,dry,7-9m,27,0.49
Doomben,1600,10-12,dry,true,20,0.595
Doomben,1600,10-12,heavy,4-6m,6,0.614
Doomben,1600,10-12,heavy,true,3,0.667
Doomben,1600,10-12,soft,1-3m,31,0.544
Doomben,1600,10-12,soft,4-6m,47,0.595
Doomben,1600,10-12,soft,7-9m,20,0.503
Doomben,1600,10-12,soft,true,18,0.572
Doomben,1600,13+,dry,1-3m,8,0.607
Doomben,1600,13+,dry,4-6m,11,0.616
Doomben,1600,13+,dry,true,7,0.602
Doomben,1600,13+,heavy,4-6m,2,0.308
Doomben,1600,13+,heavy,true,3,0.81
Doomben,1600,13+,soft,1-3m,12,0.759
Doomben,1600,13+,soft,4-6m,4,0.638
Doomben,1600,13+,soft,7-9m,1,1.0
Doomben,1600,13+,soft,true,6,0.702
Doomben,1600,4-6,dry,1-3m,59,0.456
Doomben,1600,4-6,dry,4-6m,245,0.494
Doomben,1600,4-6,dry,7-9m,72,0.545
Doomben,1600,4-6,dry,true,39,0.534
Doomben,1600,4-6,heavy,4-6m,9,0.361
Doomben,1600,4-6,heavy,7-9m,6,0.51
Doomben,1600,4-6,heavy,true,6,0.444
Doomben,1600,4-6,soft,1-3m,54,0.387
Doomben,1600,4-6,soft,4-6m,116,0.482
Doomben,1600,4-6,soft,7-9m,38,0.414
Doomben,1600,4-6,soft,true,21,0.433
Doomben,1600,7-9,dry,1-3m,53,0.515
Doomben,1600,7-9,dry,4-6m,208,0.552
Doomben,1600,7-9,dry,7-9m,61,0.53
Doomben,1600,7-9,dry,true,36,0.505
Doomben,1600,7-9,heavy,4-6m,9,0.591
Doomben,1600,7-9,heavy,7-9m,2,0.571
Doomben,1600,7-9,heavy,true,4,0.536
Doomben,1600,7-9,soft,1-3m,49,0.593
Doomben,1600,7-9,soft,4-6m,105,0.587
Doomben,1600,7-9,soft,7-9m,33,0.607
Doomben,1600,7-9,soft,true,21,0.596
Doomben,1700,1-3,dry,10m+,34,0.463
Doomben,1700,1-3,dry,4-6m,6,0.378
Doomben,1700,1-3,heavy,10m+,6,0.526
Doomben,1700,1-3,heavy,4-6m,2,0.625
Doomben,1700,1-3,soft,10m+,19,0.504
Doomben,1700,1-3,soft,4-6m,21,0.376
Doomben,1700,10-12,dry,10m+,1,0.889
Doomben,1700,10-12,heavy,10m+,1,0.444
Doomben,1700,10-12,soft,10m+,1,0.0
Doomben,1700,4-6,dry,10m+,39,0.516
Doomben,1700,4-6,dry,4-6m,6,0.643
Doomben,1700,4-6,heavy,10m+,6,0.638
Doomben,1700,4-6,heavy,4-6m,2,0.625
Doomben,1700,4-6,soft,10m+,21,0.519
Doomben,1700,4-6,soft,4-6m,21,0.66
Doomben,1700,7-9,dry,10m+,36,0.503
Doomben,1700,7-9,dry,4-6m,5,0.475
Doomben,1700,7-9,heavy,10m+,5,0.314
Doomben,1700,7-9,soft,10m+,16,0.522
Doomben,1700,7-9,soft,4-6m,9,0.472
Doomben,2000,1-3,dry,1-3m,21,0.432
Doomben,2000,1-3,dry,4-6m,65,0.481
Doomben,2000,1-3,dry,7-9m,18,0.507
Doomben,2000,1-3,dry,true,9,0.341
Doomben,2000,1-3,heavy,1-3m,3,0.333
Doomben,2000,1-3,heavy,4-6m,2,0.528
Doomben,2000,1-3,heavy,7-9m,2,0.6
Doomben,2000,1-3,heavy,true,6,0.597
Doomben,2000,1-3,soft,1-3m,24,0.432
Doomben,2000,1-3,soft,4-6m,37,0.439
Doomben,2000,1-3,soft,7-9m,8,0.326
Doomben,2000,1-3,soft,true,13,0.395
Doomben,2000,10-12,dry,1-3m,18,0.413
Doomben,2000,10-12,dry,4-6m,32,0.522
Doomben,2000,10-12,dry,7-9m,9,0.541
Doomben,2000,10-12,dry,true,8,0.683
Doomben,2000,10-12,heavy,4-6m,1,0.333
Doomben,2000,10-12,heavy,7-9m,2,0.95
Doomben,2000,10-12,heavy,true,5,0.509
Doomben,2000,10-12,soft,1-3m,18,0.518
Doomben,2000,10-12,soft,4-6m,27,0.628
Doomben,2000,10-12,soft,7-9m,6,0.575
Doomben,2000,10-12,soft,true,13,0.679
Doomben,2000,13+,dry,1-3m,15,0.774
Doomben,2000,13+,dry,4-6m,10,0.589
Doomben,2000,13+,dry,true,3,0.714
Doomben,2000,13+,heavy,true,1,0.462
Doomben,2000,13+,soft,1-3m,11,0.51
Doomben,2000,13+,soft,4-6m,10,0.534
Doomben,2000,13+,soft,7-9m,2,0.808
Doomben,2000,13+,soft,true,12,0.502
Doomben,2000,4-6,dry,1-3m,24,0.569
Doomben,2000,4-6,dry,4-6m,77,0.49
Doomben,2000,4-6,dry,7-9m,17,0.596
Doomben,2000,4-6,dry,true,11,0.462
Doomben,2000,4-6,heavy,1-3m,3,0.857
Doomben,2000,4-6,heavy,4-6m,4,0.431
Doomben,2000,4-6,heavy,7-9m,2,0.5
Doomben,2000,4-6,heavy,true,5,0.362
Doomben,2000,4-6,soft,1-3m,31,0.529
Doomben,2000,4-6,soft,4-6m,43,0.52
Doomben,2000,4-6,soft,7-9m,7,0.549
Doomben,2000,4-6,soft,true,13,0.477
Doomben,2000,7-9,dry,1-3m,21,0.421
Doomben,2000,7-9,dry,4-6m,62,0.574
Doomben,2000,7-9,dry,7-9m,15,0.478
Doomben,2000,7-9,dry,true,14,0.496
Doomben,2000,7-9,heavy,1-3m,2,0.214
Doomben,2000,7-9,heavy,4-6m,6,0.715
Doomben,2000,7-9,heavy,7-9m,3,0.367
Doomben,2000,7-9,heavy,true,6,0.594
Doomben,2000,7-9,soft,1-3m,28,0.519
Doomben,2000,7-9,soft,4-6m,40,0.469
Doomben,2000,7-9,soft,7-9m,8,0.587
Doomben,2000,7-9,soft,true,15,0.483
Doomben,2100,1-3,dry,10m+,9,0.383
Doomben,2100,1-3,dry,4-6m,16,0.422
Doomben,2100,1-3,dry,7-9m,7,0.451
Doomben,2100,1-3,heavy,4-6m,3,0.75
Doomben,2100,1-3,soft,10m+,10,0.297
Doomben,2100,1-3,soft,4-6m,6,0.417
Doomben,2100,10-12,dry,10m+,1,0.0
Doomben,2100,10-12,dry,4-6m,8,0.668
Doomben,2100,10-12,dry,7-9m,5,0.891
Doomben,2100,10-12,soft,10m+,9,0.575
Doomben,2100,4-6,dry,10m+,11,0.436
Doomben,2100,4-6,dry,4-6m,17,0.578
Doomben,2100,4-6,dry,7-9m,6,0.409
Doomben,2100,4-6,heavy,4-6m,2,0.125
Doomben,2100,4-6,soft,10m+,10,0.633
Doomben,2100,4-6,soft,4-6m,6,0.604
Doomben,2100,7-9,dry,10m+,9,0.759
Doomben,2100,7-9,dry,4-6m,17,0.414
Doomben,2100,7-9,dry,7-9m,7,0.395
Doomben,2100,7-9,soft,10m+,12,0.569
Doomben,2100,7-9,soft,4-6m,3,0.625
Doomben,2200,1-3,dry,1-3m,18,0.441
Doomben,2200,1-3,dry,4-6m,25,0.472
Doomben,2200,1-3,dry,7-9m,3,0.4
Doomben,2200,1-3,dry,true,6,0.546
Doomben,2200,1-3,heavy,1-3m,3,0.389
Doomben,2200,1-3,heavy,10m+,1,0.364
Doomben,2200,1-3,heavy,true,2,0.4
Doomben,2200,1-3,soft,1-3m,2,0.35
Doomben,2200,1-3,soft,4-6m,13,0.57
Doomben,2200,1-3,soft,true,3,0.583
Doomben,2200,10-12,dry,1-3m,7,0.513
Doomben,2200,10-12,dry,4-6m,6,0.583
Doomben,2200,10-12,dry,true,1,0.556
Doomben,2200,10-12,heavy,1-3m,3,0.583
Doomben,2200,10-12,heavy,10m+,3,0.424
Doomben,2200,10-12,heavy,true,2,0.05
Doomben,2200,10-12,soft,1-3m,1,0.1
Doomben,2200,10-12,soft,4-6m,3,0.8
Doomben,2200,13+,dry,1-3m,1,0.167
Doomben,2200,13+,dry,4-6m,1,0.167
Doomben,2200,13+,heavy,1-3m,1,0.083
Doomben,2200,4-6,dry,1-3m,19,0.553
Doomben,2200,4-6,dry,4-6m,24,0.498
Doomben,2200,4-6,dry,7-9m,3,0.6
Doomben,2200,4-6,dry,true,6,0.444
Doomben,2200,4-6,heavy,1-3m,3,0.556
Doomben,2200,4-6,heavy,10m+,2,0.318
Doomben,2200,4-6,heavy,true,1,0.8
Doomben,2200,4-6,soft,1-3m,3,0.6
Doomben,2200,4-6,soft,4-6m,12,0.424
Doomben,2200,4-6,soft,true,4,0.688
Doomben,2200,7-9,dry,1-3m,14,0.485
Doomben,2200,7-9,dry,4-6m,19,0.646
Doomben,2200,7-9,dry,true,3,0.63
Doomben,2200,7-9,heavy,1-3m,2,0.5
Doomben,2200,7-9,heavy,10m+,3,0.758
Doomben,2200,7-9,heavy,true,3,0.6
Doomben,2200,7-9,soft,1-3m,1,1.0
Doomben,2200,7-9,soft,4-6m,11,0.474
Doomben,2200,7-9,soft,true,6,0.521
Eagle Farm,1000,1-3,dry,1-3m,83,0.401
Eagle Farm,1000,1-3,dry,10m+,36,0.396
Eagle Farm,1000,1-3,dry,4-6m,155,0.394
Eagle Farm,1000,1-3,dry,7-9m,72,0.351
Eagle Farm,1000,1-3,dry,true,31,0.502
Eagle Farm,1000,1-3,heavy,1-3m,6,0.411
Eagle Farm,1000,1-3,heavy,7-9m,3,0.222
Eagle Farm,1000,1-3,soft,1-3m,51,0.432
Eagle Farm,1000,1-3,soft,10m+,48,0.458
Eagle Farm,1000,1-3,soft,4-6m,81,0.429
Eagle Farm,1000,1-3,soft,7-9m,28,0.368
Eagle Farm,1000,1-3,soft,true,6,0.528
Eagle Farm,1000,10-12,dry,1-3m,31,0.612
Eagle Farm,1000,10-12,dry,10m+,3,0.867
Eagle Farm,1000,10-12,dry,4-6m,29,0.684
Eagle Farm,1000,10-12,dry,7-9m,11,0.508
Eagle Farm,1000,10-12,dry,true,10,0.548
Eagle Farm,1000,10-12,heavy,1-3m,4,0.609
Eagle Farm,1000,10-12,heavy,7-9m,1,1.0
Eagle Farm,1000,10-12,soft,1-3m,15,0.628
Eagle Farm,1000,10-12,soft,10m+,12,0.704
Eagle Farm,1000,10-12,soft,4-6m,19,0.591
Eagle Farm,1000,10-12,soft,7-9m,11,0.639
Eagle Farm,1000,10-12,soft,true,2,0.6
Eagle Farm,1000,4-6,dry,1-3m,82,0.479
Eagle Farm,1000,4-6,dry,10m+,38,0.521
Eagle Farm,1000,4-6,dry,4-6m,152,0.514
Eagle Farm,1000,4-6,dry,7-9m,74,0.552
Eagle Farm,1000,4-6,dry,true,33,0.439
Eagle Farm,1000,4-6,heavy,1-3m,6,0.391
Eagle Farm,1000,4-6,heavy,7-9m,3,0.444
Eagle Farm,1000,4-6,soft,1-3m,50,0.493
Eagle Farm,1000,4-6,soft,10m+,48,0.443
Eagle Farm,1000,4-6,soft,4-6m,81,0.516
Eagle Farm,1000,4-6,soft,7-9m,29,0.46
Eagle Farm,1000,4-6,soft,true,6,0.428
Eagle Farm,1000,7-9,dry,1-3m,71,0.586
Eagle Farm,1000,7-9,dry,10m+,20,0.636
Eagle Farm,1000,7-9,dry,4-6m,106,0.572
Eagle Farm,1000,7-9,dry,7-9m,54,0.621
Eagle Farm,1000,7-9,dry,true,26,0.549
Eagle Farm,1000,7-9,heavy,1-3m,6,0.626
Eagle Farm,1000,7-9,heavy,7-9m,3,0.667
Eagle Farm,1000,7-9,soft,1-3m,44,0.552
Eagle Farm,1000,7-9,soft,10m+,40,0.555
Eagle Farm,1000,7-9,soft,4-6m,60,0.539
Eagle Farm,1000,7-9,soft,7-9m,22,0.633
Eagle Farm,1000,7-9,soft,true,4,0.492
Eagle Farm,1200,1-3,dry,1-3m,135,0.385
Eagle Farm,1200,1-3,dry,10m+,61,0.384
Eagle Farm,1200,1-3,dry,4-6m,266,0.443
Eagle Farm,1200,1-3,dry,7-9m,81,0.451
Eagle Farm,1200,1-3,dry,true,36,0.374
Eagle Farm,1200,1-3,heavy,1-3m,15,0.587
Eagle Farm,1200,1-3,heavy,4-6m,9,0.376
Eagle Farm,1200,1-3,heavy,7-9m,3,0.417
Eagle Farm,1200,1-3,soft,1-3m,53,0.394
Eagle Farm,1200,1-3,soft,10m+,56,0.408
Eagle Farm,1200,1-3,soft,4-6m,96,0.398
Eagle Farm,1200,1-3,soft,7-9m,48,0.464
Eagle Farm,1200,1-3,soft,true,12,0.446
Eagle Farm,1200,10-12,dry,1-3m,52,0.587
Eagle Farm,1200,10-12,dry,10m+,14,0.65
Eagle Farm,1200,10-12,dry,4-6m,136,0.584
Eagle Farm,1200,10-12,dry,7-9m,28,0.569
Eagle Farm,1200,10-12,dry,true,14,0.731
Eagle Farm,1200,10-12,heavy,1-3m,3,0.697
Eagle Farm,1200,10-12,heavy,4-6m,7,0.734
Eagle Farm,1200,10-12,soft,1-3m,29,0.692
Eagle Farm,1200,10-12,soft,10m+,14,0.775
Eagle Farm,1200,10-12,soft,4-6m,51,0.681
Eagle Farm,1200,10-12,soft,7-9m,19,0.549
Eagle Farm,1200,10-12,soft,true,9,0.492
Eagle Farm,1200,13+,dry,1-3m,11,0.867
Eagle Farm,1200,13+,dry,4-6m,43,0.581
Eagle Farm,1200,13+,dry,7-9m,8,0.495
Eagle Farm,1200,13+,dry,true,2,0.417
Eagle Farm,1200,13+,heavy,4-6m,2,0.769
Eagle Farm,1200,13+,soft,1-3m,11,0.473
Eagle Farm,1200,13+,soft,4-6m,11,0.738
Eagle Farm,1200,13+,soft,7-9m,8,0.493
Eagle Farm,1200,13+,soft,true,10,0.534
Eagle Farm,1200,4-6,dry,1-3m,133,0.486
Eagle Farm,1200,4-6,dry,10m+,63,0.486
Eagle Farm,1200,4-6,dry,4-6m,265,0.507
Eagle Farm,1200,4-6,dry,7-9m,80,0.494
Eagle Farm,1200,4-6,dry,true,36,0.549
Eagle Farm,1200,4-6,heavy,1-3m,15,0.397
Eagle Farm,1200,4-6,heavy,4-6m,9,0.476
Eagle Farm,1200,4-6,heavy,7-9m,3,0.375
Eagle Farm,1200,4-6,soft,1-3m,54,0.494
Eagle Farm,1200,4-6,soft,10m+,56,0.513
Eagle Farm,1200,4-6,soft,4-6m,96,0.488
Eagle Farm,1200,4-6,soft,7-9m,48,0.482
Eagle Farm,1200,4-6,soft,true,12,0.442
Eagle Farm,1200,7-9,dry,1-3m,127,0.565
Eagle Farm,1200,7-9,dry,10m+,47,0.601
Eagle Farm,1200,7-9,dry,4-6m,236,0.491
Eagle Farm,1200,7-9,dry,7-9m,64,0.546
Eagle Farm,1200,7-9,dry,true,30,0.491
Eagle Farm,1200,7-9,heavy,1-3m,12,0.471
Eagle Farm,1200,7-9,heavy,4-6m,9,0.406
Eagle Farm,1200,7-9,heavy,7-9m,3,0.708
Eagle Farm,1200,7-9,soft,1-3m,50,0.51
Eagle Farm,1200,7-9,soft,10m+,47,0.53
Eagle Farm,1200,7-9,soft,4-6m,84,0.495
Eagle Farm,1200,7-9,soft,7-9m,45,0.534
Eagle Farm,1200,7-9,soft,true,9,0.62
Eagle Farm,1300,1-3,dry,1-3m,5,0.438
Eagle Farm,1300,1-3,dry,4-6m,41,0.478
Eagle Farm,1300,1-3,dry,7-9m,8,0.48
Eagle Farm,1300,1-3,dry,true,18,0.409
Eagle Farm,1300,1-3,heavy,1-3m,3,0.476
Eagle Farm,1300,1-3,heavy,4-6m,3,0.571
Eagle Farm,1300,1-3,heavy,7-9m,6,0.612
Eagle Farm,1300,1-3,soft,1-3m,15,0.527
Eagle Farm,1300,1-3,soft,10m+,6,0.318
Eagle Farm,1300,1-3,soft,4-6m,14,0.483
Eagle Farm,1300,1-3,soft,7-9m,9,0.578
Eagle Farm,1300,1-3,soft,true,6,0.415
Eagle Farm,1300,10-12,dry,1-3m,4,0.412
Eagle Farm,1300,10-12,dry,4-6m,27,0.486
Eagle Farm,1300,10-12,dry,7-9m,6,0.566
Eagle Farm,1300,10-12,dry,true,14,0.475
Eagle Farm,1300,10-12,heavy,4-6m,3,0.643
Eagle Farm,1300,10-12,soft,1-3m,8,0.51
Eagle Farm,1300,10-12,soft,4-6m,3,0.37
Eagle Farm,1300,10-12,soft,7-9m,1,1.0
Eagle Farm,1300,10-12,soft,true,4,0.617
Eagle Farm,1300,13+,dry,1-3m,2,0.962
Eagle Farm,1300,13+,dry,4-6m,13,0.699
Eagle Farm,1300,13+,dry,7-9m,1,1.0
Eagle Farm,1300,13+,dry,true,4,0.817
Eagle Farm,1300,13+,heavy,4-6m,3,0.643
Eagle Farm,1300,13+,soft,1-3m,2,0.423
Eagle Farm,1300,13+,soft,true,4,0.667
Eagle Farm,1300,4-6,dry,1-3m,6,0.355
Eagle Farm,1300,4-6,dry,4-6m,40,0.444
Eagle Farm,1300,4-6,dry,7-9m,9,0.384
Eagle Farm,1300,4-6,dry,true,18,0.57
Eagle Farm,1300,4-6,heavy,1-3m,3,0.333
Eagle Farm,1300,4-6,heavy,4-6m,3,0.286
Eagle Farm,1300,4-6,heavy,7-9m,6,0.408
Eagle Farm,1300,4-6,soft,1-3m,15,0.483
Eagle Farm,1300,4-6,soft,10m+,6,0.56
Eagle Farm,1300,4-6,soft,4-6m,13,0.518
Eagle Farm,1300,4-6,soft,7-9m,9,0.468
Eagle Farm,1300,4-6,soft,true,6,0.47
Eagle Farm,1300,7-9,dry,1-3m,6,0.66
Eagle Farm,1300,7-9,dry,4-6m,38,0.527
Eagle Farm,1300,7-9,dry,7-9m,7,0.508
Eagle Farm,1300,7-9,dry,true,17,0.429
Eagle Farm,1300,7-9,heavy,1-3m,2,0.786
Eagle Farm,1300,7-9,heavy,4-6m,3,0.357
Eagle Farm,1300,7-9,heavy,7-9m,3,0.458
Eagle Farm,1300,7-9,soft,1-3m,15,0.495
Eagle Farm,1300,7-9,soft,10m+,5,0.646
Eagle Farm,1300,7-9,soft,4-6m,7,0.603
Eagle Farm,1300,7-9,soft,7-9m,6,0.348
Eagle Farm,1300,7-9,soft,true,6,0.426
Eagle Farm,1400,1-3,dry,1-3m,107,0.393
Eagle Farm,1400,1-3,dry,10m+,55,0.435
Eagle Farm,1400,1-3,dry,4-6m,185,0.405
Eagle Farm,1400,1-3,dry,7-9m,77,0.46
Eagle Farm,1400,1-3,dry,true,47,0.426
Eagle Farm,1400,1-3,heavy,1-3m,3,0.238
Eagle Farm,1400,1-3,heavy,4-6m,3,0.176
Eagle Farm,1400,1-3,heavy,7-9m,9,0.332
Eagle Farm,1400,1-3,heavy,true,6,0.333
Eagle Farm,1400,1-3,soft,1-3m,45,0.438
Eagle Farm,1400,1-3,soft,10m+,54,0.342
Eagle Farm,1400,1-3,soft,4-6m,62,0.425
Eagle Farm,1400,1-3,soft,7-9m,21,0.368
Eagle Farm,1400,1-3,soft,true,27,0.424
Eagle Farm,1400,10-12,dry,1-3m,52,0.665
Eagle Farm,1400,10-12,dry,10m+,24,0.661
Eagle Farm,1400,10-12,dry,4-6m,100,0.595
Eagle Farm,1400,10-12,dry,7-9m,34,0.628
Eagle Farm,1400,10-12,dry,true,35,0.572
Eagle Farm,1400,10-12,heavy,4-6m,3,0.784
Eagle Farm,1400,10-12,heavy,7-9m,2,0.9
Eagle Farm,1400,10-12,heavy,true,6,0.769
Eagle Farm,1400,10-12,soft,1-3m,18,0.657
Eagle Farm,1400,10-12,soft,10m+,22,0.688
Eagle Farm,1400,10-12,soft,4-6m,28,0.518
Eagle Farm,1400,10-12,soft,7-9m,14,0.591
Eagle Farm,1400,10-12,soft,true,21,0.69
Eagle Farm,1400,13+,dry,1-3m,9,0.713
Eagle Farm,1400,13+,dry,4-6m,51,0.562
Eagle Farm,1400,13+,dry,7-9m,8,0.613
Eagle Farm,1400,13+,dry,true,21,0.563
Eagle Farm,1400,13+,heavy,4-6m,6,0.608
Eagle Farm,1400,13+,heavy,true,4,0.558
Eagle Farm,1400,13+,soft,1-3m,11,0.413
Eagle Farm,1400,13+,soft,10m+,3,0.722
Eagle Farm,1400,13+,soft,4-6m,11,0.538
Eagle Farm,1400,13+,soft,7-9m,8,0.426
Eagle Farm,1400,13+,soft,true,26,0.428
Eagle Farm,1400,4-6,dry,1-3m,109,0.49
Eagle Farm,1400,4-6,dry,10m+,56,0.459
Eagle Farm,1400,4-6,dry,4-6m,181,0.462
Eagle Farm,1400,4-6,dry,7-9m,77,0.494
Eagle Farm,1400,4-6,dry,true,48,0.517
Eagle Farm,1400,4-6,heavy,1-3m,3,0.857
Eagle Farm,1400,4-6,heavy,4-6m,3,0.549
Eagle Farm,1400,4-6,heavy,7-9m,9,0.651
Eagle Farm,1400,4-6,heavy,true,5,0.2
Eagle Farm,1400,4-6,soft,1-3m,43,0.441
Eagle Farm,1400,4-6,soft,10m+,53,0.462
Eagle Farm,1400,4-6,soft,4-6m,62,0.496
Eagle Farm,1400,4-6,soft,7-9m,21,0.515
Eagle Farm,1400,4-6,soft,true,27,0.463
Eagle Farm,1400,7-9,dry,1-3m,100,0.514
Eagle Farm,1400,7-9,dry,10m+,44,0.526
Eagle Farm,1400,7-9,dry,4-6m,170,0.559
Eagle Farm,1400,7-9,dry,7-9m,69,0.475
Eagle Farm,1400,7-9,dry,true,47,0.486
Eagle Farm,1400,7-9,heavy,1-3m,2,0.357
Eagle Farm,1400,7-9,heavy,4-6m,3,0.275
Eagle Farm,1400,7-9,heavy,7-9m,7,0.407
Eagle Farm,1400,7-9,heavy,true,6,0.654
Eagle Farm,1400,7-9,soft,1-3m,41,0.594
Eagle Farm,1400,7-9,soft,10m+,40,0.654
Eagle Farm,1400,7-9,soft,4-6m,51,0.57
Eagle Farm,1400,7-9,soft,7-9m,21,0.585
Eagle Farm,1400,7-9,soft,true,25,0.531
Eagle Farm,1500,1-3,dry,1-3m,11,0.42
Eagle Farm,1500,1-3,dry,10m+,3,0.667
Eagle Farm,1500,1-3,dry,4-6m,26,0.459
Eagle Farm,1500,1-3,dry,7-9m,8,0.376
Eagle Farm,1500,1-3,dry,true,12,0.526
Eagle Farm,1500,1-3,soft,1-3m,12,0.51
Eagle Farm,1500,1-3,soft,10m+,9,0.514
Eagle Farm,1500,1-3,soft,4-6m,6,0.431
Eagle Farm,1500,10-12,dry,1-3m,8,0.675
Eagle Farm,1500,10-12,dry,4-6m,20,0.536
Eagle Farm,1500,10-12,dry,7-9m,4,0.825
Eagle Farm,1500,10-12,dry,true,5,0.44
Eagle Farm,1500,10-12,soft,1-3m,9,0.393
Eagle Farm,1500,10-12,soft,10m+,3,0.744
Eagle Farm,1500,10-12,soft,4-6m,3,0.389
Eagle Farm,1500,13+,dry,1-3m,2,0.5
Eagle Farm,1500,13+,dry,4-6m,10,0.477
Eagle Farm,1500,13+,dry,true,3,0.667
Eagle Farm,1500,13+,soft,1-3m,6,0.617
Eagle Farm,1500,13+,soft,10m+,2,0.423
Eagle Farm,1500,13+,soft,4-6m,1,0.333
Eagle Farm,1500,4-6,dry,1-3m,12,0.438
Eagle Farm,1500,4-6,dry,10m+,3,0.333
Eagle Farm,1500,4-6,dry,4-6m,27,0.551
Eagle Farm,1500,4-6,dry,7-9m,9,0.447
Eagle Farm,1500,4-6,dry,true,12,0.44
Eagle Farm,1500,4-6,soft,1-3m,12,0.406
Eagle Farm,1500,4-6,soft,10m+,9,0.368
Eagle Farm,1500,4-6,soft,4-6m,5,0.483
Eagle Farm,1500,7-9,dry,1-3m,12,0.541
Eagle Farm,1500,7-9,dry,4-6m,27,0.451
Eagle Farm,1500,7-9,dry,7-9m,9,0.53
Eagle Farm,1500,7-9,dry,true,10,0.51
Eagle Farm,1500,7-9,soft,1-3m,12,0.606
Eagle Farm,1500,7-9,soft,10m+,6,0.582
Eagle Farm,1500,7-9,soft,4-6m,3,0.833
Eagle Farm,1600,1-3,dry,1-3m,83,0.432
Eagle Farm,1600,1-3,dry,10m+,20,0.39
Eagle Farm,1600,1-3,dry,4-6m,152,0.469
Eagle Farm,1600,1-3,dry,7-9m,48,0.389
Eagle Farm,1600,1-3,dry,true,12,0.372
Eagle Farm,1600,1-3,heavy,1-3m,9,0.415
Eagle Farm,1600,1-3,heavy,4-6m,9,0.63
Eagle Farm,1600,1-3,heavy,7-9m,6,0.35
Eagle Farm,1600,1-3,soft,1-3m,24,0.362
Eagle Farm,1600,1-3,soft,10m+,24,0.405
Eagle Farm,1600,1-3,soft,4-6m,48,0.419
Eagle Farm,1600,1-3,soft,7-9m,27,0.513
Eagle Farm,1600,1-3,soft,true,6,0.477
Eagle Farm,1600,10-12,dry,1-3m,32,0.547
Eagle Farm,1600,10-12,dry,10m+,4,0.731
Eagle Farm,1600,10-12,dry,4-6m,68,0.489
Eagle Farm,1600,10-12,dry,7-9m,20,0.594
Eagle Farm,1600,10-12,dry,true,3,0.278
Eagle Farm,1600,10-12,heavy,1-3m,4,0.446
Eagle Farm,1600,10-12,heavy,4-6m,8,0.505
Eagle Farm,1600,10-12,heavy,7-9m,4,0.95
Eagle Farm,1600,10-12,soft,1-3m,12,0.592
Eagle Farm,1600,10-12,soft,10m+,11,0.753
Eagle Farm,1600,10-12,soft,4-6m,21,0.613
Eagle Farm,1600,10-12,soft,7-9m,14,0.392
Eagle Farm,1600,10-12,soft,true,5,0.631
Eagle Farm,1600,13+,dry,1-3m,9,0.582
Eagle Farm,1600,13+,dry,4-6m,30,0.517
Eagle Farm,1600,13+,dry,7-9m,5,0.726
Eagle Farm,1600,13+,heavy,1-3m,3,0.881
Eagle Farm,1600,13+,heavy,4-6m,1,1.0
Eagle Farm,1600,13+,soft,1-3m,8,0.701
Eagle Farm,1600,13+,soft,10m+,1,0.75
Eagle Farm,1600,13+,soft,4-6m,6,0.66
Eagle Farm,1600,13+,soft,7-9m,7,0.506
Eagle Farm,1600,4-6,dry,1-3m,83,0.507
Eagle Farm,1600,4-6,dry,10m+,21,0.455
Eagle Farm,1600,4-6,dry,4-6m,152,0.514
Eagle Farm,1600,4-6,dry,7-9m,48,0.566
Eagle Farm,1600,4-6,dry,true,12,0.616
Eagle Farm,1600,4-6,heavy,1-3m,9,0.459
Eagle Farm,1600,4-6,heavy,4-6m,9,0.464
Eagle Farm,1600,4-6,heavy,7-9m,6,0.517
Eagle Farm,1600,4-6,soft,1-3m,24,0.449
Eagle Farm,1600,4-6,soft,10m+,24,0.462
Eagle Farm,1600,4-6,soft,4-6m,47,0.523
Eagle Farm,1600,4-6,soft,7-9m,27,0.587
Eagle Farm,1600,4-6,soft,true,6,0.559
Eagle Farm,1600,7-9,dry,1-3m,72,0.544
Eagle Farm,1600,7-9,dry,10m+,20,0.586
Eagle Farm,1600,7-9,dry,4-6m,133,0.515
Eagle Farm,1600,7-9,dry,7-9m,39,0.478
Eagle Farm,1600,7-9,dry,true,12,0.567
Eagle Farm,1600,7-9,heavy,1-3m,9,0.522
Eagle Farm,1600,7-9,heavy,4-6m,9,0.345
Eagle Farm,1600,7-9,heavy,7-9m,6,0.333
Eagle Farm,1600,7-9,soft,1-3m,22,0.534
Eagle Farm,1600,7-9,soft,10m+,16,0.509
Eagle Farm,1600,7-9,soft,4-6m,43,0.484
Eagle Farm,1600,7-9,soft,7-9m,24,0.422
Eagle Farm,1600,7-9,soft,true,6,0.339
Eagle Farm,1800,1-3,dry,1-3m,62,0.428
Eagle Farm,1800,1-3,dry,10m+,33,0.407
Eagle Farm,1800,1-3,dry,4-6m,95,0.4
Eagle Farm,1800,1-3,dry,7-9m,37,0.464
Eagle Farm,1800,1-3,dry,true,16,0.344
Eagle Farm,1800,1-3,heavy,1-3m,6,0.346
Eagle Farm,1800,1-3,heavy,true,3,0.722
Eagle Farm,1800,1-3,soft,1-3m,24,0.443
Eagle Farm,1800,1-3,soft,10m+,38,0.458
Eagle Farm,1800,1-3,soft,4-6m,41,0.392
Eagle Farm,1800,1-3,soft,7-9m,18,0.579
Eagle Farm,1800,1-3,soft,true,6,0.401
Eagle Farm,1800,10-12,dry,1-3m,21,0.708
Eagle Farm,1800,10-12,dry,10m+,6,0.843
Eagle Farm,1800,10-12,dry,4-6m,40,0.615
Eagle Farm,1800,10-12,dry,7-9m,15,0.515
Eagle Farm,1800,10-12,dry,true,10,0.441
Eagle Farm,1800,10-12,heavy,1-3m,6,0.474
Eagle Farm,1800,10-12,soft,1-3m,8,0.365
Eagle Farm,1800,10-12,soft,10m+,9,0.795
Eagle Farm,1800,10-12,soft,4-6m,18,0.693
Eagle Farm,1800,10-12,soft,7-9m,5,0.395
Eagle Farm,1800,10-12,soft,true,6,0.637
Eagle Farm,1800,13+,dry,1-3m,4,0.731
Eagle Farm,1800,13+,dry,4-6m,2,0.458
Eagle Farm,1800,13+,dry,true,1,0.75
Eagle Farm,1800,13+,heavy,1-3m,4,0.75
Eagle Farm,1800,13+,soft,1-3m,3,0.714
Eagle Farm,1800,13+,soft,true,3,0.718
Eagle Farm,1800,4-6,dry,1-3m,63,0.412
Eagle Farm,1800,4-6,dry,10m+,33,0.475
Eagle Farm,1800,4-6,dry,4-6m,96,0.514
Eagle Farm,1800,4-6,dry,7-9m,38,0.483
Eagle Farm,1800,4-6,dry,true,18,0.498
Eagle Farm,1800,4-6,heavy,1-3m,6,0.526
Eagle Farm,1800,4-6,heavy,true,3,0.444
Eagle Farm,1800,4-6,soft,1-3m,24,0.5
Eagle Farm,1800,4-6,soft,10m+,39,0.476
Eagle Farm,1800,4-6,soft,4-6m,42,0.486
Eagle Farm,1800,4-6,soft,7-9m,18,0.509
Eagle Farm,1800,4-6,soft,true,6,0.385
Eagle Farm,1800,7-9,dry,1-3m,53,0.587
Eagle Farm,1800,7-9,dry,10m+,32,0.555
Eagle Farm,1800,7-9,dry,4-6m,86,0.531
Eagle Farm,1800,7-9,dry,7-9m,35,0.541
Eagle Farm,1800,7-9,dry,true,14,0.748
Eagle Farm,1800,7-9,heavy,1-3m,6,0.487
Eagle Farm,1800,7-9,heavy,true,1,0.0
Eagle Farm,1800,7-9,soft,1-3m,21,0.587
Eagle Farm,1800,7-9,soft,10m+,33,0.504
Eagle Farm,1800,7-9,soft,4-6m,38,0.549
Eagle Farm,1800,7-9,soft,7-9m,14,0.427
Eagle Farm,1800,7-9,soft,true,6,0.469
Eagle Farm,2100,1-3,dry,1-3m,6,0.384
Eagle Farm,2100,1-3,dry,4-6m,14,0.342
Eagle Farm,2100,1-3,dry,7-9m,3,0.333
Eagle Farm,2100,1-3,soft,7-9m,3,0.5
Eagle Farm,2100,1-3,soft,true,6,0.435
Eagle Farm,2100,10-12,dry,1-3m,1,0.778
Eagle Farm,2100,10-12,dry,4-6m,11,0.625
Eagle Farm,2100,10-12,soft,true,1,0.0
Eagle Farm,2100,13+,dry,4-6m,2,0.958
Eagle Farm,2100,4-6,dry,1-3m,6,0.35
Eagle Farm,2100,4-6,dry,4-6m,15,0.533
Eagle Farm,2100,4-6,dry,7-9m,3,0.667
Eagle Farm,2100,4-6,soft,7-9m,3,0.583
Eagle Farm,2100,4-6,soft,true,5,0.533
Eagle Farm,2100,7-9,dry,1-3m,5,0.664
Eagle Farm,2100,7-9,dry,4-6m,15,0.489
Eagle Farm,2100,7-9,soft,7-9m,3,0.417
Eagle Farm,2100,7-9,soft,true,3,0.741
Eagle Farm,2200,1-3,dry,1-3m,26,0.382
Eagle Farm,2200,1-3,dry,10m+,6,0.47
Eagle Farm,2200,1-3,dry,4-6m,42,0.351
Eagle Farm,2200,1-3,dry,7-9m,9,0.361
Eagle Farm,2200,1-3,dry,true,6,0.421
Eagle Farm,2200,1-3,heavy,4-6m,3,0.625
Eagle Farm,2200,1-3,soft,1-3m,18,0.517
Eagle Farm,2200,1-3,soft,10m+,8,0.447
Eagle Farm,2200,1-3,soft,4-6m,18,0.431
Eagle Farm,2200,1-3,soft,7-9m,3,0.179
Eagle Farm,2200,10-12,dry,1-3m,10,0.56
Eagle Farm,2200,10-12,dry,4-6m,18,0.599
Eagle Farm,2200,10-12,dry,7-9m,2,0.3
Eagle Farm,2200,10-12,soft,1-3m,11,0.394
Eagle Farm,2200,10-12,soft,10m+,4,0.669
Eagle Farm,2200,10-12,soft,4-6m,8,0.705
Eagle Farm,2200,10-12,soft,7-9m,3,0.795
Eagle Farm,2200,13+,dry,1-3m,5,0.376
Eagle Farm,2200,13+,dry,4-6m,14,0.711
Eagle Farm,2200,13+,soft,1-3m,8,0.51
Eagle Farm,2200,13+,soft,4-6m,1,0.583
Eagle Farm,2200,13+,soft,7-9m,2,0.923
Eagle Farm,2200,4-6,dry,1-3m,27,0.484
Eagle Farm,2200,4-6,dry,10m+,6,0.53
Eagle Farm,2200,4-6,dry,4-6m,42,0.522
Eagle Farm,2200,4-6,dry,7-9m,9,0.606
Eagle Farm,2200,4-6,dry,true,6,0.413
Eagle Farm,2200,4-6,heavy,4-6m,3,0.292
Eagle Farm,2200,4-6,soft,1-3m,18,0.53
Eagle Farm,2200,4-6,soft,10m+,9,0.37
Eagle Farm,2200,4-6,soft,4-6m,17,0.467
Eagle Farm,2200,4-6,soft,7-9m,3,0.41
Eagle Farm,2200,7-9,dry,1-3m,24,0.626
Eagle Farm,2200,7-9,dry,10m+,5,0.5
Eagle Farm,2200,7-9,dry,4-6m,39,0.515
Eagle Farm,2200,7-9,dry,7-9m,7,0.599
Eagle Farm,2200,7-9,dry,true,3,0.833
Eagle Farm,2200,7-9,heavy,4-6m,3,0.583
Eagle Farm,2200,7-9,soft,1-3m,17,0.514
Eagle Farm,2200,7-9,soft,10m+,9,0.546
Eagle Farm,2200,7-9,soft,4-6m,13,0.501
Eagle Farm,2200,7-9,soft,7-9m,3,0.333
Eagle Farm,2400,1-3,dry,1-3m,9,0.536
Eagle Farm,2400,1-3,dry,4-6m,21,0.479
Eagle Farm,2400,1-3,dry,7-9m,3,0.375
Eagle Farm,2400,1-3,dry,true,15,0.373
Eagle Farm,2400,1-3,heavy,true,3,0.156
Eagle Farm,2400,1-3,soft,1-3m,12,0.463
Eagle Farm,2400,1-3,soft,4-6m,18,0.314
Eagle Farm,2400,1-3,soft,7-9m,6,0.441
Eagle Farm,2400,1-3,soft,true,12,0.414
Eagle Farm,2400,10-12,dry,1-3m,2,0.55
Eagle Farm,2400,10-12,dry,4-6m,12,0.547
Eagle Farm,2400,10-12,dry,true,11,0.497
Eagle Farm,2400,10-12,heavy,true,3,0.489
Eagle Farm,2400,10-12,soft,1-3m,7,0.565
Eagle Farm,2400,10-12,soft,4-6m,8,0.411
Eagle Farm,2400,10-12,soft,7-9m,3,0.718
Eagle Farm,2400,10-12,soft,true,12,0.465
Eagle Farm,2400,13+,dry,4-6m,2,0.0
Eagle Farm,2400,13+,dry,true,8,0.635
Eagle Farm,2400,13+,heavy,true,4,0.667
Eagle Farm,2400,13+,soft,1-3m,6,0.722
Eagle Farm,2400,13+,soft,4-6m,2,0.692
Eagle Farm,2400,13+,soft,7-9m,2,0.885
Eagle Farm,2400,13+,soft,true,18,0.541
Eagle Farm,2400,4-6,dry,1-3m,9,0.537
Eagle Farm,2400,4-6,dry,4-6m,21,0.469
Eagle Farm,2400,4-6,dry,7-9m,3,0.5
Eagle Farm,2400,4-6,dry,true,15,0.496
Eagle Farm,2400,4-6,heavy,true,3,0.511
Eagle Farm,2400,4-6,soft,1-3m,12,0.402
Eagle Farm,2400,4-6,soft,4-6m,18,0.567
Eagle Farm,2400,4-6,soft,7-9m,6,0.303
Eagle Farm,2400,4-6,soft,true,12,0.511
Eagle Farm,2400,7-9,dry,1-3m,6,0.374
Eagle Farm,2400,7-9,dry,4-6m,15,0.602
Eagle Farm,2400,7-9,dry,7-9m,3,0.625
Eagle Farm,2400,7-9,dry,true,13,0.509
Eagle Farm,2400,7-9,heavy,true,3,0.622
Eagle Farm,2400,7-9,soft,1-3m,11,0.467
Eagle Farm,2400,7-9,soft,4-6m,16,0.654
Eagle Farm,2400,7-9,soft,7-9m,3,0.538
Eagle Farm,2400,7-9,soft,true,12,0.549
Eagle Farm,3200,1-3,dry,4-6m,9,0.402
Eagle Farm,3200,1-3,heavy,4-6m,3,0.593
Eagle Farm,3200,10-12,dry,4-6m,7,0.459
Eagle Farm,3200,10-12,heavy,4-6m,1,1.0
Eagle Farm,3200,13+,dry,4-6m,3,0.643
Eagle Farm,3200,4-6,dry,4-6m,9,0.544
Eagle Farm,3200,4-6,heavy,4-6m,3,0.333
Eagle Farm,3200,7-9,dry,4-6m,9,0.527
Eagle Farm,3200,7-9,heavy,4-6m,3,0.407
Flemington,1000,1-3,dry,1-3m,58,0.463
Flemington,1000,1-3,dry,10m+,30,0.403
Flemington,1000,1-3,dry,4-6m,33,0.548
Flemington,1000,1-3,dry,7-9m,27,0.463
Flemington,1000,1-3,dry,true,27,0.528
Flemington,1000,1-3,heavy,1-3m,3,0.188
Flemington,1000,1-3,soft,1-3m,32,0.424
Flemington,1000,1-3,soft,10m+,6,0.367
Flemington,1000,1-3,soft,4-6m,21,0.407
Flemington,1000,1-3,soft,7-9m,9,0.264
Flemington,1000,1-3,soft,true,6,0.759
Flemington,1000,10-12,dry,1-3m,20,0.526
Flemington,1000,10-12,dry,10m+,16,0.681
Flemington,1000,10-12,dry,4-6m,11,0.468
Flemington,1000,10-12,dry,7-9m,6,0.714
Flemington,1000,10-12,dry,true,8,0.454
Flemington,1000,10-12,heavy,1-3m,3,0.625
Flemington,1000,10-12,soft,1-3m,19,0.483
Flemington,1000,10-12,soft,10m+,1,0.889
Flemington,1000,10-12,soft,4-6m,15,0.623
Flemington,1000,10-12,soft,7-9m,3,0.567
Flemington,1000,10-12,soft,true,2,0.389
Flemington,1000,13+,dry,1-3m,7,0.643
Flemington,1000,13+,dry,10m+,2,0.923
Flemington,1000,13+,dry,4-6m,1,0.25
Flemington,1000,13+,dry,7-9m,1,0.667
Flemington,1000,13+,heavy,1-3m,5,0.725
Flemington,1000,13+,soft,1-3m,4,0.65
Flemington,1000,13+,soft,4-6m,7,0.565
Flemington,1000,4-6,dry,1-3m,57,0.465
Flemington,1000,4-6,dry,10m+,30,0.425
Flemington,1000,4-6,dry,4-6m,33,0.407
Flemington,1000,4-6,dry,7-9m,27,0.512
Flemington,1000,4-6,dry,true,27,0.487
Flemington,1000,4-6,heavy,1-3m,3,0.417
Flemington,1000,4-6,soft,1-3m,32,0.468
Flemington,1000,4-6,soft,10m+,6,0.559
Flemington,1000,4-6,soft,4-6m,21,0.494
Flemington,1000,4-6,soft,7-9m,9,0.394
Flemington,1000,4-6,soft,true,6,0.574
Flemington,1000,7-9,dry,1-3m,51,0.561
Flemington,1000,7-9,dry,10m+,27,0.549
Flemington,1000,7-9,dry,4-6m,20,0.596
Flemington,1000,7-9,dry,7-9m,22,0.465
Flemington,1000,7-9,dry,true,23,0.488
Flemington,1000,7-9,heavy,1-3m,3,0.396
Flemington,1000,7-9,soft,1-3m,31,0.607
Flemington,1000,7-9,soft,10m+,3,0.519
Flemington,1000,7-9,soft,4-6m,19,0.488
Flemington,1000,7-9,soft,7-9m,9,0.764
Flemington,1000,7-9,soft,true,6,0.204
Flemington,1100,1-3,dry,1-3m,12,0.411
Flemington,1100,1-3,dry,10m+,57,0.442
Flemington,1100,1-3,dry,4-6m,51,0.471
Flemington,1100,1-3,dry,7-9m,47,0.444
Flemington,1100,1-3,dry,true,101,0.473
Flemington,1100,1-3,heavy,10m+,6,0.583
Flemington,1100,1-3,heavy,7-9m,6,0.445
Flemington,1100,1-3,heavy,true,9,0.657
Flemington,1100,1-3,soft,1-3m,6,0.582
Flemington,1100,1-3,soft,10m+,18,0.553
Flemington,1100,1-3,soft,4-6m,15,0.547
Flemington,1100,1-3,soft,7-9m,29,0.479
Flemington,1100,1-3,soft,true,24,0.397
Flemington,1100,10-12,dry,1-3m,7,0.586
Flemington,1100,10-12,dry,10m+,40,0.529
Flemington,1100,10-12,dry,4-6m,25,0.462
Flemington,1100,10-12,dry,7-9m,23,0.657
Flemington,1100,10-12,dry,true,64,0.531
Flemington,1100,10-12,heavy,10m+,2,0.85
Flemington,1100,10-12,heavy,7-9m,3,0.394
Flemington,1100,10-12,heavy,true,3,0.515
Flemington,1100,10-12,soft,1-3m,1,0.333
Flemington,1100,10-12,soft,10m+,13,0.616
Flemington,1100,10-12,soft,4-6m,12,0.631
Flemington,1100,10-12,soft,7-9m,19,0.52
Flemington,1100,10-12,soft,true,16,0.683
Flemington,1100,13+,dry,1-3m,3,0.167
Flemington,1100,13+,dry,10m+,6,0.703
Flemington,1100,13+,dry,4-6m,22,0.625
Flemington,1100,13+,dry,7-9m,15,0.663
Flemington,1100,13+,dry,true,52,0.61
Flemington,1100,13+,soft,10m+,3,0.741
Flemington,1100,13+,soft,4-6m,12,0.561
Flemington,1100,13+,soft,7-9m,9,0.533
Flemington,1100,13+,soft,true,10,0.723
Flemington,1100,4-6,dry,1-3m,12,0.552
Flemington,1100,4-6,dry,10m+,56,0.458
Flemington,1100,4-6,dry,4-6m,51,0.418
Flemington,1100,4-6,dry,7-9m,47,0.479
Flemington,1100,4-6,dry,true,100,0.428
Flemington,1100,4-6,heavy,10m+,6,0.317
Flemington,1100,4-6,heavy,7-9m,6,0.539
Flemington,1100,4-6,heavy,true,9,0.357
Flemington,1100,4-6,soft,1-3m,6,0.365
Flemington,1100,4-6,soft,10m+,18,0.404
Flemington,1100,4-6,soft,4-6m,15,0.461
Flemington,1100,4-6,soft,7-9m,29,0.485
Flemington,1100,4-6,soft,true,23,0.407
Flemington,1100,7-9,dry,1-3m,12,0.57
Flemington,1100,7-9,dry,10m+,54,0.545
Flemington,1100,7-9,dry,4-6m,43,0.589
Flemington,1100,7-9,dry,7-9m,43,0.452
Flemington,1100,7-9,dry,true,93,0.523
Flemington,1100,7-9,heavy,10m+,4,0.475
Flemington,1100,7-9,heavy,7-9m,3,0.636
Flemington,1100,7-9,heavy,true,8,0.479
Flemington,1100,7-9,soft,1-3m,5,0.597
Flemington,1100,7-9,soft,10m+,18,0.419
Flemington,1100,7-9,soft,4-6m,15,0.338
Flemington,1100,7-9,soft,7-9m,29,0.524
Flemington,1100,7-9,soft,true,24,0.479
Flemington,1200,1-3,dry,1-3m,41,0.43
Flemington,1200,1-3,dry,10m+,36,0.362
Flemington,1200,1-3,dry,4-6m,48,0.5
Flemington,1200,1-3,dry,7-9m,72,0.508
Flemington,1200,1-3,dry,true,77,0.486
Flemington,1200,1-3,heavy,7-9m,12,0.51
Flemington,1200,1-3,heavy,true,6,0.337
Flemington,1200,1-3,soft,1-3m,18,0.467
Flemington,1200,1-3,soft,10m+,12,0.504
Flemington,1200,1-3,soft,4-6m,18,0.41
Flemington,1200,1-3,soft,7-9m,15,0.467
Flemington,1200,1-3,soft,true,50,0.502
Flemington,1200,10-12,dry,1-3m,27,0.569
Flemington,1200,10-12,dry,10m+,21,0.633
Flemington,1200,10-12,dry,4-6m,41,0.567
Flemington,1200,10-12,dry,7-9m,48,0.537
Flemington,1200,10-12,dry,true,50,0.588
Flemington,1200,10-12,heavy,7-9m,4,0.75
Flemington,1200,10-12,heavy,true,1,0.556
Flemington,1200,10-12,soft,1-3m,13,0.549
Flemington,1200,10-12,soft,10m+,3,0.722
Flemington,1200,10-12,soft,4-6m,16,0.603
Flemington,1200,10-12,soft,7-9m,9,0.549
Flemington,1200,10-12,soft,true,23,0.656
Flemington,1200,13+,dry,1-3m,30,0.607
Flemington,1200,13+,dry,10m+,8,0.6
Flemington,1200,13+,dry,4-6m,27,0.546
Flemington,1200,13+,dry,7-9m,24,0.575
Flemington,1200,13+,dry,true,26,0.551
Flemington,1200,13+,soft,1-3m,5,0.524
Flemington,1200,13+,soft,10m+,1,0.917
Flemington,1200,13+,soft,4-6m,5,0.321
Flemington,1200,13+,soft,7-9m,3,0.442
Flemington,1200,13+,soft,true,12,0.562
Flemington,1200,4-6,dry,1-3m,41,0.422
Flemington,1200,4-6,dry,10m+,36,0.46
Flemington,1200,4-6,dry,4-6m,48,0.47
Flemington,1200,4-6,dry,7-9m,71,0.45
Flemington,1200,4-6,dry,true,77,0.46
Flemington,1200,4-6,heavy,7-9m,12,0.506
Flemington,1200,4-6,heavy,true,6,0.737
Flemington,1200,4-6,soft,1-3m,18,0.493
Flemington,1200,4-6,soft,10m+,12,0.256
Flemington,1200,4-6,soft,4-6m,18,0.516
Flemington,1200,4-6,soft,7-9m,14,0.528
Flemington,1200,4-6,soft,true,54,0.438
Flemington,1200,7-9,dry,1-3m,39,0.527
Flemington,1200,7-9,dry,10m+,33,0.581
Flemington,1200,7-9,dry,4-6m,45,0.44
Flemington,1200,7-9,dry,7-9m,70,0.496
Flemington,1200,7-9,dry,true,72,0.485
Flemington,1200,7-9,heavy,7-9m,12,0.4
Flemington,1200,7-9,heavy,true,3,0.333
Flemington,1200,7-9,soft,1-3m,18,0.498
Flemington,1200,7-9,soft,10m+,8,0.725
Flemington,1200,7-9,soft,4-6m,18,0.533
Flemington,1200,7-9,soft,7-9m,13,0.502
Flemington,1200,7-9,soft,true,43,0.494
Flemington,1400,1-3,dry,1-3m,57,0.425
Flemington,1400,1-3,dry,10m+,65,0.347
Flemington,1400,1-3,dry,4-6m,91,0.398
Flemington,1400,1-3,dry,7-9m,62,0.43
Flemington,1400,1-3,dry,true,170,0.425
Flemington,1400,1-3,heavy,10m+,9,0.259
Flemington,1400,1-3,heavy,7-9m,6,0.333
Flemington,1400,1-3,heavy,true,9,0.357
Flemington,1400,1-3,soft,1-3m,38,0.365
Flemington,1400,1-3,soft,10m+,38,0.429
Flemington,1400,1-3,soft,4-6m,24,0.398
Flemington,1400,1-3,soft,7-9m,36,0.435
Flemington,1400,1-3,soft,true,51,0.355
Flemington,1400,10-12,dry,1-3m,39,0.64
Flemington,1400,10-12,dry,10m+,39,0.649
Flemington,1400,10-12,dry,4-6m,60,0.644
Flemington,1400,10-12,dry,7-9m,41,0.564
Flemington,1400,10-12,dry,true,110,0.576
Flemington,1400,10-12,heavy,10m+,8,0.624
Flemington,1400,10-12,heavy,7-9m,3,0.5
Flemington,1400,10-12,heavy,true,7,0.541
Flemington,1400,10-12,soft,1-3m,34,0.564
Flemington,1400,10-12,soft,10m+,19,0.566
Flemington,1400,10-12,soft,4-6m,15,0.778
Flemington,1400,10-12,soft,7-9m,32,0.573
Flemington,1400,10-12,soft,true,32,0.657
Flemington,1400,13+,dry,1-3m,15,0.625
Flemington,1400,13+,dry,10m+,7,0.799
Flemington,1400,13+,dry,4-6m,20,0.664
Flemington,1400,13+,dry,7-9m,18,0.783
Flemington,1400,13+,dry,true,35,0.709
Flemington,1400,13+,heavy,10m+,2,0.308
Flemington,1400,13+,heavy,7-9m,1,0.083
Flemington,1400,13+,heavy,true,6,0.75
Flemington,1400,13+,soft,1-3m,22,0.736
Flemington,1400,13+,soft,10m+,4,0.587
Flemington,1400,13+,soft,4-6m,1,1.0
Flemington,1400,13+,soft,7-9m,15,0.626
Flemington,1400,13+,soft,true,11,0.808
Flemington,1400,4-6,dry,1-3m,56,0.467
Flemington,1400,4-6,dry,10m+,65,0.535
Flemington,1400,4-6,dry,4-6m,93,0.426
Flemington,1400,4-6,dry,7-9m,62,0.458
Flemington,1400,4-6,dry,true,171,0.436
Flemington,1400,4-6,heavy,10m+,9,0.552
Flemington,1400,4-6,heavy,7-9m,6,0.681
Flemington,1400,4-6,heavy,true,9,0.418
Flemington,1400,4-6,soft,1-3m,38,0.438
Flemington,1400,4-6,soft,10m+,37,0.542
Flemington,1400,4-6,soft,4-6m,23,0.475
Flemington,1400,4-6,soft,7-9m,36,0.404
Flemington,1400,4-6,soft,true,50,0.455
Flemington,1400,7-9,dry,1-3m,51,0.461
Flemington,1400,7-9,dry,10m+,61,0.494
Flemington,1400,7-9,dry,4-6m,85,0.54
Flemington,1400,7-9,dry,7-9m,58,0.504
Flemington,1400,7-9,dry,true,157,0.546
Flemington,1400,7-9,heavy,10m+,9,0.623
Flemington,1400,7-9,heavy,7-9m,5,0.567
Flemington,1400,7-9,heavy,true,9,0.526
Flemington,1400,7-9,soft,1-3m,38,0.494
Flemington,1400,7-9,soft,10m+,32,0.498
Flemington,1400,7-9,soft,4-6m,24,0.425
Flemington,1400,7-9,soft,7-9m,36,0.544
Flemington,1400,7-9,soft,true,46,0.521
Flemington,1600,1-3,dry,1-3m,43,0.38
Flemington,1600,1-3,dry,10m+,33,0.431
Flemington,1600,1-3,dry,4-6m,93,0.382
Flemington,1600,1-3,dry,7-9m,63,0.389
Flemington,1600,1-3,dry,true,81,0.412
Flemington,1600,1-3,heavy,10m+,3,0.407
Flemington,1600,1-3,heavy,7-9m,9,0.391
Flemington,1600,1-3,heavy,true,3,0.714
Flemington,1600,1-3,soft,1-3m,21,0.523
Flemington,1600,1-3,soft,10m+,18,0.449
Flemington,1600,1-3,soft,4-6m,27,0.416
Flemington,1600,1-3,soft,7-9m,18,0.39
Flemington,1600,1-3,soft,true,60,0.404
Flemington,1600,10-12,dry,1-3m,30,0.638
Flemington,1600,10-12,dry,10m+,28,0.594
Flemington,1600,10-12,dry,4-6m,36,0.599
Flemington,1600,10-12,dry,7-9m,29,0.624
Flemington,1600,10-12,dry,true,42,0.653
Flemington,1600,10-12,heavy,10m+,1,0.889
Flemington,1600,10-12,heavy,7-9m,6,0.35
Flemington,1600,10-12,soft,1-3m,14,0.637
Flemington,1600,10-12,soft,10m+,10,0.536
Flemington,1600,10-12,soft,4-6m,17,0.459
Flemington,1600,10-12,soft,7-9m,11,0.465
Flemington,1600,10-12,soft,true,41,0.599
Flemington,1600,13+,dry,1-3m,15,0.686
Flemington,1600,13+,dry,10m+,8,0.511
Flemington,1600,13+,dry,4-6m,15,0.476
Flemington,1600,13+,dry,7-9m,11,0.664
Flemington,1600,13+,dry,true,14,0.598
Flemington,1600,13+,heavy,7-9m,1,1.0
Flemington,1600,13+,soft,1-3m,6,0.748
Flemington,1600,13+,soft,10m+,1,1.0
Flemington,1600,13+,soft,4-6m,12,0.733
Flemington,1600,13+,soft,7-9m,6,0.624
Flemington,1600,13+,soft,true,19,0.74
Flemington,1600,4-6,dry,1-3m,44,0.392
Flemington,1600,4-6,dry,10m+,33,0.364
Flemington,1600,4-6,dry,4-6m,93,0.476
Flemington,1600,4-6,dry,7-9m,63,0.488
Flemington,1600,4-6,dry,true,80,0.469
Flemington,1600,4-6,heavy,10m+,3,0.333
Flemington,1600,4-6,heavy,7-9m,9,0.551
Flemington,1600,4-6,heavy,true,3,0.476
Flemington,1600,4-6,soft,1-3m,21,0.442
Flemington,1600,4-6,soft,10m+,18,0.384
Flemington,1600,4-6,soft,4-6m,27,0.511
Flemington,1600,4-6,soft,7-9m,18,0.459
Flemington,1600,4-6,soft,true,58,0.436
Flemington,1600,7-9,dry,1-3m,42,0.542
Flemington,1600,7-9,dry,10m+,33,0.622
Flemington,1600,7-9,dry,4-6m,83,0.621
Flemington,1600,7-9,dry,7-9m,48,0.56
Flemington,1600,7-9,dry,true,69,0.537
Flemington,1600,7-9,heavy,10m+,3,0.63
Flemington,1600,7-9,heavy,7-9m,9,0.602
Flemington,1600,7-9,heavy,true,2,0.214
Flemington,1600,7-9,soft,1-3m,21,0.355
Flemington,1600,7-9,soft,10m+,18,0.62
Flemington,1600,7-9,soft,4-6m,25,0.494
Flemington,1600,7-9,soft,7-9m,18,0.609
Flemington,1600,7-9,soft,true,55,0.515
Flemington,1700,1-3,dry,1-3m,3,0.156
Flemington,1700,1-3,dry,4-6m,9,0.59
Flemington,1700,1-3,dry,7-9m,3,0.381
Flemington,1700,1-3,dry,true,21,0.364
Flemington,1700,1-3,heavy,true,3,0.633
Flemington,1700,1-3,soft,1-3m,12,0.399
Flemington,1700,1-3,soft,4-6m,12,0.366
Flemington,1700,1-3,soft,true,3,0.424
Flemington,1700,10-12,dry,1-3m,2,0.767
Flemington,1700,10-12,dry,4-6m,6,0.585
Flemington,1700,10-12,dry,true,17,0.487
Flemington,1700,10-12,heavy,true,2,0.15
Flemington,1700,10-12,soft,1-3m,9,0.745
Flemington,1700,10-12,soft,4-6m,12,0.539
Flemington,1700,10-12,soft,true,3,0.636
Flemington,1700,13+,dry,1-3m,4,0.667
Flemington,1700,13+,dry,4-6m,3,0.452
Flemington,1700,13+,dry,true,13,0.644
Flemington,1700,13+,soft,1-3m,5,0.584
Flemington,1700,13+,soft,4-6m,6,0.415
Flemington,1700,4-6,dry,1-3m,3,0.511
Flemington,1700,4-6,dry,4-6m,9,0.341
Flemington,1700,4-6,dry,7-9m,3,0.81
Flemington,1700,4-6,dry,true,21,0.451
Flemington,1700,4-6,heavy,true,3,0.667
Flemington,1700,4-6,soft,1-3m,12,0.455
Flemington,1700,4-6,soft,4-6m,12,0.503
Flemington,1700,4-6,soft,true,3,0.606
Flemington,1700,7-9,dry,1-3m,3,0.333
Flemington,1700,7-9,dry,4-6m,9,0.529
Flemington,1700,7-9,dry,7-9m,2,0.214
Flemington,1700,7-9,dry,true,20,0.59
Flemington,1700,7-9,heavy,true,3,0.433
Flemington,1700,7-9,soft,1-3m,11,0.421
Flemington,1700,7-9,soft,4-6m,12,0.635
Flemington,1700,7-9,soft,true,3,0.333
Flemington,1800,1-3,dry,1-3m,24,0.431
Flemington,1800,1-3,dry,10m+,24,0.362
Flemington,1800,1-3,dry,4-6m,24,0.331
Flemington,1800,1-3,dry,7-9m,15,0.296
Flemington,1800,1-3,dry,true,16,0.297
Flemington,1800,1-3,heavy,10m+,9,0.405
Flemington,1800,1-3,heavy,4-6m,3,0.238
Flemington,1800,1-3,soft,1-3m,18,0.415
Flemington,1800,1-3,soft,10m+,6,0.396
Flemington,1800,1-3,soft,4-6m,12,0.367
Flemington,1800,1-3,soft,7-9m,4,0.421
Flemington,1800,10-12,dry,1-3m,13,0.528
Flemington,1800,10-12,dry,10m+,12,0.719
Flemington,1800,10-12,dry,4-6m,10,0.54
Flemington,1800,10-12,dry,7-9m,12,0.646
Flemington,1800,10-12,dry,true,18,0.524
Flemington,1800,10-12,heavy,10m+,7,0.648
Flemington,1800,10-12,heavy,4-6m,3,0.81
Flemington,1800,10-12,soft,1-3m,8,0.733
Flemington,1800,10-12,soft,10m+,6,0.562
Flemington,1800,10-12,soft,4-6m,12,0.474
Flemington,1800,10-12,soft,7-9m,4,0.754
Flemington,1800,13+,dry,1-3m,3,0.842
Flemington,1800,13+,dry,10m+,1,0.167
Flemington,1800,13+,dry,4-6m,1,0.167
Flemington,1800,13+,dry,7-9m,3,0.881
Flemington,1800,13+,dry,true,7,0.833
Flemington,1800,13+,heavy,10m+,1,0.167
Flemington,1800,13+,heavy,4-6m,3,0.619
Flemington,1800,13+,soft,1-3m,4,0.601
Flemington,1800,13+,soft,10m+,1,0.667
Flemington,1800,13+,soft,4-6m,3,0.639
Flemington,1800,13+,soft,7-9m,3,0.31
Flemington,1800,4-6,dry,1-3m,22,0.488
Flemington,1800,4-6,dry,10m+,24,0.532
Flemington,1800,4-6,dry,4-6m,24,0.608
Flemington,1800,4-6,dry,7-9m,15,0.418
Flemington,1800,4-6,dry,true,18,0.464
Flemington,1800,4-6,heavy,10m+,9,0.554
Flemington,1800,4-6,heavy,4-6m,3,0.262
Flemington,1800,4-6,soft,1-3m,17,0.477
Flemington,1800,4-6,soft,10m+,6,0.537
Flemington,1800,4-6,soft,4-6m,12,0.471
Flemington,1800,4-6,soft,7-9m,5,0.549
Flemington,1800,7-9,dry,1-3m,20,0.509
Flemington,1800,7-9,dry,10m+,19,0.487
Flemington,1800,7-9,dry,4-6m,22,0.563
Flemington,1800,7-9,dry,7-9m,15,0.593
Flemington,1800,7-9,dry,true,18,0.585
Flemington,1800,7-9,heavy,10m+,9,0.464
Flemington,1800,7-9,heavy,4-6m,3,0.571
Flemington,1800,7-9,soft,1-3m,17,0.475
Flemington,1800,7-9,soft,10m+,6,0.477
Flemington,1800,7-9,soft,4-6m,12,0.653
Flemington,1800,7-9,soft,7-9m,6,0.507
Flemington,2000,1-3,dry,1-3m,15,0.466
Flemington,2000,1-3,dry,10m+,21,0.493
Flemington,2000,1-3,dry,4-6m,39,0.43
Flemington,2000,1-3,dry,7-9m,83,0.433
Flemington,2000,1-3,dry,true,36,0.45
Flemington,2000,1-3,heavy,1-3m,3,0.308
Flemington,2000,1-3,heavy,10m+,3,0.548
Flemington,2000,1-3,heavy,7-9m,12,0.657
Flemington,2000,1-3,heavy,true,3,0.333
Flemington,2000,1-3,soft,1-3m,6,0.306
Flemington,2000,1-3,soft,10m+,9,0.374
Flemington,2000,1-3,soft,4-6m,15,0.269
Flemington,2000,1-3,soft,7-9m,24,0.4
Flemington,2000,1-3,soft,true,6,0.509
Flemington,2000,10-12,dry,1-3m,8,0.367
Flemington,2000,10-12,dry,10m+,17,0.441
Flemington,2000,10-12,dry,4-6m,20,0.559
Flemington,2000,10-12,dry,7-9m,63,0.597
Flemington,2000,10-12,dry,true,25,0.521
Flemington,2000,10-12,heavy,1-3m,3,0.41
Flemington,2000,10-12,heavy,10m+,3,0.405
Flemington,2000,10-12,heavy,7-9m,11,0.461
Flemington,2000,10-12,heavy,true,3,0.879
Flemington,2000,10-12,soft,1-3m,6,0.708
Flemington,2000,10-12,soft,10m+,9,0.604
Flemington,2000,10-12,soft,4-6m,15,0.481
Flemington,2000,10-12,soft,7-9m,20,0.556
Flemington,2000,10-12,soft,true,6,0.365
Flemington,2000,13+,dry,1-3m,8,0.637
Flemington,2000,13+,dry,10m+,11,0.596
Flemington,2000,13+,dry,4-6m,9,0.775
Flemington,2000,13+,dry,7-9m,36,0.576
Flemington,2000,13+,dry,true,8,0.571
Flemington,2000,13+,heavy,1-3m,2,0.923
Flemington,2000,13+,heavy,10m+,3,0.595
Flemington,2000,13+,heavy,7-9m,6,0.596
Flemington,2000,13+,soft,1-3m,2,0.458
Flemington,2000,13+,soft,10m+,2,0.846
Flemington,2000,13+,soft,4-6m,12,0.753
Flemington,2000,13+,soft,7-9m,18,0.503
Flemington,2000,13+,soft,true,3,0.071
Flemington,2000,4-6,dry,1-3m,15,0.488
Flemington,2000,4-6,dry,10m+,21,0.498
Flemington,2000,4-6,dry,4-6m,38,0.49
Flemington,2000,4-6,dry,7-9m,82,0.451
Flemington,2000,4-6,dry,true,36,0.396
Flemington,2000,4-6,heavy,1-3m,3,0.462
Flemington,2000,4-6,heavy,10m+,3,0.571
Flemington,2000,4-6,heavy,7-9m,12,0.431
Flemington,2000,4-6,heavy,true,3,0.394
Flemington,2000,4-6,soft,1-3m,6,0.431
Flemington,2000,4-6,soft,10m+,9,0.371
Flemington,2000,4-6,soft,4-6m,15,0.472
Flemington,2000,4-6,soft,7-9m,24,0.479
Flemington,2000,4-6,soft,true,6,0.643
Flemington,2000,7-9,dry,1-3m,15,0.544
Flemington,2000,7-9,dry,10m+,19,0.48
Flemington,2000,7-9,dry,4-6m,37,0.483
Flemington,2000,7-9,dry,7-9m,79,0.509
Flemington,2000,7-9,dry,true,36,0.624
Flemington,2000,7-9,heavy,1-3m,3,0.538
Flemington,2000,7-9,heavy,10m+,3,0.381
Flemington,2000,7-9,heavy,7-9m,12,0.4
Flemington,2000,7-9,heavy,true,3,0.394
Flemington,2000,7-9,soft,1-3m,6,0.569
Flemington,2000,7-9,soft,10m+,9,0.574
Flemington,2000,7-9,soft,4-6m,14,0.616
Flemington,2000,7-9,soft,7-9m,24,0.586
Flemington,2000,7-9,soft,true,6,0.698
Flemington,2500,1-3,dry,1-3m,3,0.458
Flemington,2500,1-3,dry,10m+,17,0.46
Flemington,2500,1-3,dry,4-6m,21,0.324
Flemington,2500,1-3,dry,7-9m,20,0.449
Flemington,2500,1-3,dry,true,44,0.443
Flemington,2500,1-3,heavy,10m+,3,0.556
Flemington,2500,1-3,heavy,true,3,0.125
Flemington,2500,1-3,soft,10m+,9,0.358
Flemington,2500,1-3,soft,4-6m,3,0.667
Flemington,2500,1-3,soft,7-9m,15,0.382
Flemington,2500,1-3,soft,true,23,0.484
Flemington,2500,10-12,dry,10m+,8,0.537
Flemington,2500,10-12,dry,4-6m,16,0.545
Flemington,2500,10-12,dry,7-9m,12,0.566
Flemington,2500,10-12,dry,true,22,0.551
Flemington,2500,10-12,heavy,10m+,3,0.611
Flemington,2500,10-12,soft,4-6m,3,0.364
Flemington,2500,10-12,soft,7-9m,6,0.656
Flemington,2500,10-12,soft,true,14,0.424
Flemington,2500,13+,dry,10m+,2,0.615
Flemington,2500,13+,dry,4-6m,3,0.87
Flemington,2500,13+,dry,7-9m,7,0.771
Flemington,2500,13+,dry,true,16,0.604
Flemington,2500,13+,heavy,10m+,1,0.083
Flemington,2500,13+,soft,7-9m,5,0.737
Flemington,2500,13+,soft,true,15,0.735
Flemington,2500,4-6,dry,1-3m,3,0.708
Flemington,2500,4-6,dry,10m+,18,0.445
Flemington,2500,4-6,dry,4-6m,21,0.521
Flemington,2500,4-6,dry,7-9m,21,0.504
Flemington,2500,4-6,dry,true,44,0.557
Flemington,2500,4-6,heavy,10m+,3,0.639
Flemington,2500,4-6,heavy,true,3,0.542
Flemington,2500,4-6,soft,10m+,9,0.632
Flemington,2500,4-6,soft,4-6m,3,0.636
Flemington,2500,4-6,soft,7-9m,15,0.476
Flemington,2500,4-6,soft,true,24,0.461
Flemington,2500,7-9,dry,1-3m,3,0.333
Flemington,2500,7-9,dry,10m+,15,0.543
Flemington,2500,7-9,dry,4-6m,21,0.568
Flemington,2500,7-9,dry,7-9m,19,0.39
Flemington,2500,7-9,dry,true,40,0.437
Flemington,2500,7-9,heavy,10m+,3,0.333
Flemington,2500,7-9,heavy,true,3,0.833
Flemington,2500,7-9,soft,10m+,6,0.516
Flemington,2500,7-9,soft,4-6m,3,0.333
Flemington,2500,7-9,soft,7-9m,12,0.5
Flemington,2500,7-9,soft,true,21,0.434
Flemington,2600,1-3,dry,1-3m,3,0.429
Flemington,2600,1-3,dry,10m+,9,0.444
Flemington,2600,1-3,dry,7-9m,15,0.438
Flemington,2600,1-3,dry,true,12,0.487
Flemington,2600,1-3,heavy,10m+,3,0.367
Flemington,2600,1-3,heavy,7-9m,3,0.455
Flemington,2600,1-3,soft,1-3m,3,0.556
Flemington,2600,1-3,soft,true,18,0.5
Flemington,2600,10-12,dry,10m+,7,0.452
Flemington,2600,10-12,dry,7-9m,7,0.548
Flemington,2600,10-12,dry,true,5,0.58
Flemington,2600,10-12,heavy,10m+,2,0.6
Flemington,2600,10-12,heavy,7-9m,3,0.424
Flemington,2600,10-12,soft,true,8,0.588
Flemington,2600,13+,dry,10m+,2,0.875
Flemington,2600,13+,dry,7-9m,1,1.0
Flemington,2600,4-6,dry,1-3m,3,0.429
Flemington,2600,4-6,dry,10m+,9,0.503
Flemington,2600,4-6,dry,7-9m,14,0.353
Flemington,2600,4-6,dry,true,12,0.428
Flemington,2600,4-6,heavy,10m+,3,0.467
Flemington,2600,4-6,heavy,7-9m,3,0.697
Flemington,2600,4-6,soft,1-3m,3,0.389
Flemington,2600,4-6,soft,true,18,0.503
Flemington,2600,7-9,dry,1-3m,2,0.714
Flemington,2600,7-9,dry,10m+,9,0.506
Flemington,2600,7-9,dry,7-9m,12,0.655
Flemington,2600,7-9,dry,true,8,0.578
Flemington,2600,7-9,heavy,10m+,3,0.6
Flemington,2600,7-9,heavy,7-9m,3,0.424
Flemington,2600,7-9,soft,1-3m,1,0.667
Flemington,2600,7-9,soft,true,15,0.417
Flemington,2800,1-3,dry,1-3m,14,0.381
Flemington,2800,1-3,dry,4-6m,9,0.471
Flemington,2800,1-3,dry,true,16,0.529
Flemington,2800,1-3,soft,1-3m,18,0.499
Flemington,2800,1-3,soft,4-6m,8,0.368
Flemington,2800,1-3,soft,true,3,0.333
Flemington,2800,10-12,dry,1-3m,7,0.659
Flemington,2800,10-12,dry,4-6m,4,0.714
Flemington,2800,10-12,dry,true,14,0.44
Flemington,2800,10-12,soft,1-3m,14,0.463
Flemington,2800,10-12,soft,4-6m,6,0.617
Flemington,2800,10-12,soft,true,2,0.5
Flemington,2800,13+,dry,1-3m,4,0.433
Flemington,2800,13+,dry,4-6m,2,0.462
Flemington,2800,13+,dry,true,6,0.347
Flemington,2800,13+,soft,1-3m,8,0.541
Flemington,2800,13+,soft,4-6m,9,0.697
Flemington,2800,13+,soft,true,6,0.569
Flemington,2800,4-6,dry,1-3m,15,0.534
Flemington,2800,4-6,dry,4-6m,9,0.397
Flemington,2800,4-6,dry,true,18,0.465
Flemington,2800,4-6,soft,1-3m,18,0.506
Flemington,2800,4-6,soft,4-6m,9,0.5
Flemington,2800,4-6,soft,true,3,0.373
Flemington,2800,7-9,dry,1-3m,15,0.499
Flemington,2800,7-9,dry,4-6m,9,0.546
Flemington,2800,7-9,dry,true,18,0.552
Flemington,2800,7-9,soft,1-3m,17,0.477
Flemington,2800,7-9,soft,4-6m,8,0.385
Flemington,2800,7-9,soft,true,3,0.49
Flemington,3200,1-3,dry,1-3m,3,0.364
Flemington,3200,10-12,dry,1-3m,4,0.455
Flemington,3200,13+,dry,1-3m,13,0.465
Flemington,3200,4-6,dry,1-3m,5,0.655
Flemington,3200,7-9,dry,1-3m,2,0.205
Gatton,900,1-3,dry,true,41,0.388
Gatton,900,1-3,heavy,true,3,0.185
Gatton,900,1-3,soft,true,27,0.483
Gatton,900,10-12,dry,true,4,0.75
Gatton,900,10-12,heavy,true,1,0.667
Gatton,900,10-12,soft,true,4,0.583
Gatton,900,4-6,dry,true,40,0.562
Gatton,900,4-6,heavy,true,3,0.778
Gatton,900,4-6,soft,true,26,0.513
Gatton,900,7-9,dry,true,32,0.552
Gatton,900,7-9,heavy,true,3,0.481
Gatton,900,7-9,soft,true,17,0.487
Gatton,1100,1-3,dry,1-3m,12,0.577
Gatton,1100,1-3,dry,true,89,0.488
Gatton,1100,1-3,soft,true,24,0.429
Gatton,1100,10-12,dry,1-3m,4,0.47
Gatton,1100,10-12,dry,true,47,0.58
Gatton,1100,10-12,soft,true,7,0.604
Gatton,1100,4-6,dry,1-3m,12,0.464
Gatton,1100,4-6,dry,true,89,0.476
Gatton,1100,4-6,soft,true,22,0.496
Gatton,1100,7-9,dry,1-3m,10,0.463
Gatton,1100,7-9,dry,true,82,0.487
Gatton,1100,7-9,soft,true,18,0.531
Gatton,1400,1-3,dry,1-3m,3,0.3
Gatton,1400,1-3,dry,true,110,0.41
Gatton,1400,1-3,heavy,true,2,0.333
Gatton,1400,1-3,soft,true,21,0.441
Gatton,1400,10-12,dry,1-3m,2,0.9
Gatton,1400,10-12,dry,true,60,0.509
Gatton,1400,10-12,soft,true,11,0.68
Gatton,1400,4-6,dry,1-3m,3,0.5
Gatton,1400,4-6,dry,true,111,0.489
Gatton,1400,4-6,heavy,true,2,0.25
Gatton,1400,4-6,soft,true,21,0.419
Gatton,1400,7-9,dry,1-3m,3,0.433
Gatton,1400,7-9,dry,true,99,0.597
Gatton,1400,7-9,heavy,true,1,0.5
Gatton,1400,7-9,soft,true,21,0.546
Gatton,1600,1-3,dry,1-3m,3,0.576
Gatton,1600,1-3,dry,true,36,0.485
Gatton,1600,1-3,heavy,true,3,0.278
Gatton,1600,1-3,soft,true,12,0.461
Gatton,1600,10-12,dry,1-3m,3,0.636
Gatton,1600,10-12,dry,true,17,0.51
Gatton,1600,10-12,soft,true,5,0.636
Gatton,1600,4-6,dry,1-3m,3,0.515
Gatton,1600,4-6,dry,true,36,0.469
Gatton,1600,4-6,heavy,true,3,0.556
Gatton,1600,4-6,soft,true,12,0.536
Gatton,1600,7-9,dry,1-3m,3,0.273
Gatton,1600,7-9,dry,true,34,0.543
Gatton,1600,7-9,heavy,true,1,1.0
Gatton,1600,7-9,soft,true,10,0.435
Gatton,2000,1-3,dry,true,18,0.459
Gatton,2000,1-3,soft,true,3,0.467
Gatton,2000,10-12,dry,true,12,0.524
Gatton,2000,10-12,soft,true,2,0.05
Gatton,2000,4-6,dry,true,17,0.563
Gatton,2000,4-6,soft,true,3,0.667
Gatton,2000,7-9,dry,true,18,0.442
Gatton,2000,7-9,soft,true,3,0.667
Gawler,1100,1-3,dry,1-3m,1,0.3
Gawler,1100,1-3,dry,4-6m,6,0.414
Gawler,1100,1-3,dry,7-9m,3,0.208
Gawler,1100,1-3,dry,true,40,0.354
Gawler,1100,1-3,heavy,1-3m,3,0.2
Gawler,1100,1-3,heavy,4-6m,27,0.482
Gawler,1100,1-3,heavy,7-9m,3,0.125
Gawler,1100,1-3,heavy,true,9,0.506
Gawler,1100,1-3,soft,4-6m,12,0.375
Gawler,1100,1-3,soft,7-9m,3,0.333
Gawler,1100,1-3,soft,true,23,0.295
Gawler,1100,10-12,dry,1-3m,2,0.85
Gawler,1100,10-12,dry,4-6m,2,0.1
Gawler,1100,10-12,dry,true,11,0.645
Gawler,1100,10-12,heavy,4-6m,9,0.657
Gawler,1100,10-12,heavy,true,1,0.556
Gawler,1100,10-12,soft,4-6m,8,0.662
Gawler,1100,10-12,soft,7-9m,1,0.778
Gawler,1100,10-12,soft,true,7,0.828
Gawler,1100,4-6,dry,1-3m,3,0.367
Gawler,1100,4-6,dry,4-6m,6,0.636
Gawler,1100,4-6,dry,7-9m,3,0.417
Gawler,1100,4-6,dry,true,42,0.496
Gawler,1100,4-6,heavy,1-3m,3,0.8
Gawler,1100,4-6,heavy,4-6m,27,0.471
Gawler,1100,4-6,heavy,7-9m,3,0.667
Gawler,1100,4-6,heavy,true,9,0.506
Gawler,1100,4-6,soft,4-6m,12,0.458
Gawler,1100,4-6,soft,7-9m,3,0.222
Gawler,1100,4-6,soft,true,24,0.517
Gawler,1100,7-9,dry,1-3m,3,0.733
Gawler,1100,7-9,dry,4-6m,5,0.6
Gawler,1100,7-9,dry,7-9m,3,0.875
Gawler,1100,7-9,dry,true,37,0.602
Gawler,1100,7-9,heavy,4-6m,24,0.468
Gawler,1100,7-9,heavy,7-9m,3,0.708
Gawler,1100,7-9,heavy,true,5,0.467
Gawler,1100,7-9,soft,4-6m,12,0.558
Gawler,1100,7-9,soft,7-9m,3,0.852
Gawler,1100,7-9,soft,true,20,0.594
Gawler,1200,1-3,dry,1-3m,3,0.242
Gawler,1200,1-3,dry,7-9m,12,0.365
Gawler,1200,1-3,dry,true,63,0.414
Gawler,1200,1-3,heavy,1-3m,12,0.549
Gawler,1200,1-3,heavy,4-6m,18,0.586
Gawler,1200,1-3,heavy,7-9m,9,0.486
Gawler,1200,1-3,heavy,true,18,0.458
Gawler,1200,1-3,soft,4-6m,17,0.348
Gawler,1200,1-3,soft,7-9m,12,0.532
Gawler,1200,1-3,soft,true,69,0.437
Gawler,1200,10-12,dry,1-3m,2,0.909
Gawler,1200,10-12,dry,7-9m,5,0.414
Gawler,1200,10-12,dry,true,30,0.663
Gawler,1200,10-12,heavy,1-3m,7,0.575
Gawler,1200,10-12,heavy,4-6m,9,0.533
Gawler,1200,10-12,heavy,7-9m,1,0.778
Gawler,1200,10-12,heavy,true,10,0.706
Gawler,1200,10-12,soft,4-6m,11,0.69
Gawler,1200,10-12,soft,7-9m,3,0.563
Gawler,1200,10-12,soft,true,47,0.62
Gawler,1200,13+,dry,true,2,0.654
Gawler,1200,13+,soft,4-6m,1,0.833
Gawler,1200,13+,soft,true,13,0.689
Gawler,1200,4-6,dry,1-3m,2,0.545
Gawler,1200,4-6,dry,7-9m,12,0.528
Gawler,1200,4-6,dry,true,63,0.446
Gawler,1200,4-6,heavy,1-3m,12,0.4
Gawler,1200,4-6,heavy,4-6m,18,0.362
Gawler,1200,4-6,heavy,7-9m,9,0.475
Gawler,1200,4-6,heavy,true,18,0.412
Gawler,1200,4-6,soft,4-6m,17,0.417
Gawler,1200,4-6,soft,7-9m,12,0.451
Gawler,1200,4-6,soft,true,69,0.411
Gawler,1200,7-9,dry,1-3m,3,0.606
Gawler,1200,7-9,dry,7-9m,12,0.643
Gawler,1200,7-9,dry,true,53,0.569
Gawler,1200,7-9,heavy,1-3m,12,0.507
Gawler,1200,7-9,heavy,4-6m,18,0.535
Gawler,1200,7-9,heavy,7-9m,6,0.512
Gawler,1200,7-9,heavy,true,18,0.516
Gawler,1200,7-9,soft,4-6m,18,0.551
Gawler,1200,7-9,soft,7-9m,11,0.501
Gawler,1200,7-9,soft,true,67,0.536
Gawler,1500,1-3,dry,1-3m,9,0.435
Gawler,1500,1-3,dry,4-6m,9,0.378
Gawler,1500,1-3,dry,7-9m,8,0.267
Gawler,1500,1-3,dry,true,68,0.468
Gawler,1500,1-3,heavy,1-3m,6,0.277
Gawler,1500,1-3,heavy,4-6m,15,0.533
Gawler,1500,1-3,heavy,true,12,0.586
Gawler,1500,1-3,soft,4-6m,15,0.475
Gawler,1500,1-3,soft,7-9m,9,0.437
Gawler,1500,1-3,soft,true,51,0.423
Gawler,1500,10-12,dry,1-3m,4,0.846
Gawler,1500,10-12,dry,4-6m,6,0.303
Gawler,1500,10-12,dry,7-9m,6,0.545
Gawler,1500,10-12,dry,true,42,0.504
Gawler,1500,10-12,heavy,1-3m,3,0.576
Gawler,1500,10-12,heavy,4-6m,11,0.649
Gawler,1500,10-12,heavy,true,9,0.471
Gawler,1500,10-12,soft,4-6m,8,0.485
Gawler,1500,10-12,soft,7-9m,2,0.889
Gawler,1500,10-12,soft,true,34,0.504
Gawler,1500,13+,dry,1-3m,2,0.385
Gawler,1500,13+,dry,true,14,0.646
Gawler,1500,13+,heavy,true,2,0.25
Gawler,1500,13+,soft,4-6m,1,0.167
Gawler,1500,13+,soft,true,9,0.325
Gawler,1500,4-6,dry,1-3m,9,0.434
Gawler,1500,4-6,dry,4-6m,8,0.554
Gawler,1500,4-6,dry,7-9m,9,0.402
Gawler,1500,4-6,dry,true,69,0.483
Gawler,1500,4-6,heavy,1-3m,6,0.528
Gawler,1500,4-6,heavy,4-6m,15,0.49
Gawler,1500,4-6,heavy,true,12,0.467
Gawler,1500,4-6,soft,4-6m,15,0.409
Gawler,1500,4-6,soft,7-9m,9,0.607
Gawler,1500,4-6,soft,true,51,0.522
Gawler,1500,7-9,dry,1-3m,9,0.503
Gawler,1500,7-9,dry,4-6m,8,0.669
Gawler,1500,7-9,dry,7-9m,7,0.781
Gawler,1500,7-9,dry,true,65,0.511
Gawler,1500,7-9,heavy,1-3m,5,0.688
Gawler,1500,7-9,heavy,4-6m,15,0.368
Gawler,1500,7-9,heavy,true,12,0.511
Gawler,1500,7-9,soft,4-6m,14,0.658
Gawler,1500,7-9,soft,7-9m,8,0.353
Gawler,1500,7-9,soft,true,50,0.584
Gawler,1700,1-3,dry,1-3m,3,0.667
Gawler,1700,1-3,dry,4-6m,3,0.519
Gawler,1700,1-3,dry,7-9m,3,0.407
Gawler,1700,1-3,dry,true,26,0.508
Gawler,1700,1-3,heavy,4-6m,6,0.47
Gawler,1700,1-3,heavy,7-9m,5,0.575
Gawler,1700,1-3,heavy,true,12,0.25
Gawler,1700,1-3,soft,4-6m,15,0.433
Gawler,1700,1-3,soft,7-9m,3,0.444
Gawler,1700,1-3,soft,true,33,0.348
Gawler,1700,10-12,dry,1-3m,1,0.111
Gawler,1700,10-12,dry,4-6m,1,0.778
Gawler,1700,10-12,dry,7-9m,1,0.556
Gawler,1700,10-12,dry,true,15,0.577
Gawler,1700,10-12,heavy,4-6m,1,0.333
Gawler,1700,10-12,heavy,true,5,0.794
Gawler,1700,10-12,soft,4-6m,4,0.222
Gawler,1700,10-12,soft,7-9m,1,0.0
Gawler,1700,10-12,soft,true,21,0.657
Gawler,1700,4-6,dry,1-3m,3,0.556
Gawler,1700,4-6,dry,4-6m,3,0.333
Gawler,1700,4-6,dry,7-9m,3,0.222
Gawler,1700,4-6,dry,true,27,0.399
Gawler,1700,4-6,heavy,4-6m,6,0.525
Gawler,1700,4-6,heavy,7-9m,6,0.347
Gawler,1700,4-6,heavy,true,12,0.483
Gawler,1700,4-6,soft,4-6m,15,0.59
Gawler,1700,4-6,soft,7-9m,3,0.778
Gawler,1700,4-6,soft,true,33,0.523
Gawler,1700,7-9,dry,1-3m,3,0.407
Gawler,1700,7-9,dry,4-6m,3,0.556
Gawler,1700,7-9,dry,7-9m,3,0.852
Gawler,1700,7-9,dry,true,26,0.532
Gawler,1700,7-9,heavy,4-6m,6,0.532
Gawler,1700,7-9,heavy,7-9m,4,0.542
Gawler,1700,7-9,heavy,true,12,0.645
Gawler,1700,7-9,soft,4-6m,15,0.551
Gawler,1700,7-9,soft,7-9m,3,0.444
Gawler,1700,7-9,soft,true,31,0.515
Gawler,2100,1-3,dry,1-3m,3,0.625
Gawler,2100,1-3,dry,4-6m,3,0.571
Gawler,2100,1-3,dry,7-9m,6,0.539
Gawler,2100,1-3,dry,true,21,0.466
Gawler,2100,1-3,heavy,4-6m,3,0.433
Gawler,2100,1-3,heavy,7-9m,3,0.238
Gawler,2100,1-3,heavy,true,12,0.527
Gawler,2100,1-3,soft,4-6m,9,0.612
Gawler,2100,1-3,soft,7-9m,6,0.292
Gawler,2100,1-3,soft,true,15,0.437
Gawler,2100,10-12,dry,true,4,0.253
Gawler,2100,10-12,heavy,4-6m,2,0.95
Gawler,2100,10-12,heavy,true,6,0.683
Gawler,2100,10-12,soft,4-6m,1,0.0
Gawler,2100,10-12,soft,true,4,0.712
Gawler,2100,13+,soft,true,2,0.731
Gawler,2100,4-6,dry,1-3m,3,0.5
Gawler,2100,4-6,dry,4-6m,3,0.238
Gawler,2100,4-6,dry,7-9m,6,0.56
Gawler,2100,4-6,dry,true,21,0.633
Gawler,2100,4-6,heavy,4-6m,3,0.333
Gawler,2100,4-6,heavy,7-9m,3,0.762
Gawler,2100,4-6,heavy,true,11,0.478
Gawler,2100,4-6,soft,4-6m,9,0.596
Gawler,2100,4-6,soft,7-9m,6,0.583
Gawler,2100,4-6,soft,true,15,0.446
Gawler,2100,7-9,dry,1-3m,3,0.375
Gawler,2100,7-9,dry,4-6m,2,0.786
Gawler,2100,7-9,dry,7-9m,5,0.382
Gawler,2100,7-9,dry,true,17,0.436
Gawler,2100,7-9,heavy,4-6m,3,0.433
Gawler,2100,7-9,heavy,7-9m,2,0.5
Gawler,2100,7-9,heavy,true,11,0.429
Gawler,2100,7-9,soft,4-6m,8,0.329
Gawler,2100,7-9,soft,7-9m,6,0.625
Gawler,2100,7-9,soft,true,9,0.549
Geelong,1100,1-3,dry,1-3m,12,0.366
Geelong,1100,1-3,dry,4-6m,24,0.425
Geelong,1100,1-3,dry,7-9m,12,0.406
Geelong,1100,1-3,dry,true,33,0.417
Geelong,1100,1-3,heavy,4-6m,3,0.833
Geelong,1100,1-3,heavy,7-9m,6,0.565
Geelong,1100,1-3,soft,1-3m,6,0.278
Geelong,1100,1-3,soft,7-9m,12,0.433
Geelong,1100,1-3,soft,true,18,0.457
Geelong,1100,10-12,dry,1-3m,5,0.575
Geelong,1100,10-12,dry,4-6m,3,0.8
Geelong,1100,10-12,dry,7-9m,2,0.8
Geelong,1100,10-12,dry,true,8,0.365
Geelong,1100,10-12,heavy,4-6m,2,0.1
Geelong,1100,10-12,soft,1-3m,1,0.111
Geelong,1100,10-12,soft,7-9m,2,0.75
Geelong,1100,10-12,soft,true,6,0.697
Geelong,1100,13+,soft,true,1,0.083
Geelong,1100,4-6,dry,1-3m,12,0.518
Geelong,1100,4-6,dry,4-6m,23,0.375
Geelong,1100,4-6,dry,7-9m,12,0.529
Geelong,1100,4-6,dry,true,32,0.481
Geelong,1100,4-6,heavy,4-6m,3,0.533
Geelong,1100,4-6,heavy,7-9m,6,0.381
Geelong,1100,4-6,soft,1-3m,6,0.583
Geelong,1100,4-6,soft,7-9m,12,0.483
Geelong,1100,4-6,soft,true,18,0.469
Geelong,1100,7-9,dry,1-3m,9,0.612
Geelong,1100,7-9,dry,4-6m,17,0.693
Geelong,1100,7-9,dry,7-9m,8,0.523
Geelong,1100,7-9,dry,true,23,0.702
Geelong,1100,7-9,heavy,4-6m,3,0.4
Geelong,1100,7-9,heavy,7-9m,5,0.564
Geelong,1100,7-9,soft,1-3m,4,0.806
Geelong,1100,7-9,soft,7-9m,6,0.583
Geelong,1100,7-9,soft,true,16,0.536
Geelong,1200,1-3,dry,1-3m,3,0.625
Geelong,1200,1-3,dry,4-6m,9,0.436
Geelong,1200,1-3,dry,7-9m,18,0.454
Geelong,1200,1-3,dry,true,12,0.387
Geelong,1200,1-3,heavy,1-3m,3,0.519
Geelong,1200,1-3,heavy,4-6m,15,0.642
Geelong,1200,1-3,heavy,7-9m,9,0.55
Geelong,1200,1-3,soft,1-3m,6,0.396
Geelong,1200,1-3,soft,7-9m,6,0.588
Geelong,1200,1-3,soft,true,15,0.372
Geelong,1200,10-12,dry,7-9m,2,0.9
Geelong,1200,10-12,dry,true,6,0.381
Geelong,1200,10-12,heavy,1-3m,1,0.111
Geelong,1200,10-12,heavy,4-6m,5,0.525
Geelong,1200,10-12,heavy,7-9m,2,0.5
Geelong,1200,10-12,soft,7-9m,1,0.889
Geelong,1200,10-12,soft,true,4,0.701
Geelong,1200,13+,soft,true,1,0.083
Geelong,1200,4-6,dry,1-3m,3,0.542
Geelong,1200,4-6,dry,4-6m,9,0.552
Geelong,1200,4-6,dry,7-9m,17,0.463
Geelong,1200,4-6,dry,true,12,0.525
Geelong,1200,4-6,heavy,1-3m,3,0.667
Geelong,1200,4-6,heavy,4-6m,15,0.402
Geelong,1200,4-6,heavy,7-9m,9,0.469
Geelong,1200,4-6,soft,1-3m,6,0.5
Geelong,1200,4-6,soft,7-9m,6,0.384
Geelong,1200,4-6,soft,true,15,0.453
Geelong,1200,7-9,dry,1-3m,3,0.333
Geelong,1200,7-9,dry,4-6m,5,0.521
Geelong,1200,7-9,dry,7-9m,11,0.579
Geelong,1200,7-9,dry,true,10,0.677
Geelong,1200,7-9,heavy,1-3m,3,0.444
Geelong,1200,7-9,heavy,4-6m,13,0.439
Geelong,1200,7-9,heavy,7-9m,8,0.478
Geelong,1200,7-9,soft,1-3m,4,0.656
Geelong,1200,7-9,soft,7-9m,6,0.463
Geelong,1200,7-9,soft,true,14,0.66
Geelong,1300,1-3,dry,1-3m,12,0.387
Geelong,1300,1-3,dry,4-6m,18,0.308
Geelong,1300,1-3,dry,7-9m,9,0.374
Geelong,1300,1-3,dry,true,9,0.546
Geelong,1300,1-3,heavy,4-6m,3,0.4
Geelong,1300,1-3,heavy,7-9m,6,0.509
Geelong,1300,1-3,soft,1-3m,9,0.444
Geelong,1300,1-3,soft,7-9m,6,0.204
Geelong,1300,1-3,soft,true,6,0.467
Geelong,1300,10-12,dry,1-3m,5,0.751
Geelong,1300,10-12,dry,4-6m,5,0.232
Geelong,1300,10-12,dry,true,6,0.298
Geelong,1300,10-12,heavy,7-9m,1,0.556
Geelong,1300,10-12,soft,1-3m,4,0.875
Geelong,1300,10-12,soft,7-9m,2,0.9
Geelong,1300,10-12,soft,true,2,0.55
Geelong,1300,13+,dry,1-3m,2,0.692
Geelong,1300,4-6,dry,1-3m,12,0.522
Geelong,1300,4-6,dry,4-6m,18,0.473
Geelong,1300,4-6,dry,7-9m,9,0.58
Geelong,1300,4-6,dry,true,9,0.522
Geelong,1300,4-6,heavy,4-6m,3,0.6
Geelong,1300,4-6,heavy,7-9m,6,0.546
Geelong,1300,4-6,soft,1-3m,8,0.375
Geelong,1300,4-6,soft,7-9m,6,0.408
Geelong,1300,4-6,soft,true,6,0.522
Geelong,1300,7-9,dry,1-3m,11,0.43
Geelong,1300,7-9,dry,4-6m,17,0.811
Geelong,1300,7-9,dry,7-9m,5,0.582
Geelong,1300,7-9,dry,true,9,0.566
Geelong,1300,7-9,heavy,7-9m,4,0.403
Geelong,1300,7-9,soft,1-3m,6,0.517
Geelong,1300,7-9,soft,7-9m,6,0.754
Geelong,1300,7-9,soft,true,4,0.492
Geelong,1400,1-3,dry,1-3m,6,0.325
Geelong,1400,1-3,dry,4-6m,12,0.424
Geelong,1400,1-3,dry,7-9m,15,0.446
Geelong,1400,1-3,dry,true,12,0.586
Geelong,1400,1-3,heavy,1-3m,3,0.556
Geelong,1400,1-3,heavy,4-6m,12,0.572
Geelong,1400,1-3,heavy,7-9m,9,0.327
Geelong,1400,1-3,soft,7-9m,3,0.375
Geelong,1400,1-3,soft,true,6,0.403
Geelong,1400,10-12,dry,1-3m,2,0.9
Geelong,1400,10-12,dry,4-6m,1,0.111
Geelong,1400,10-12,dry,7-9m,4,0.506
Geelong,1400,10-12,dry,true,4,0.437
Geelong,1400,10-12,heavy,1-3m,1,0.889
Geelong,1400,10-12,heavy,4-6m,3,0.636
Geelong,1400,10-12,heavy,7-9m,2,1.0
Geelong,1400,10-12,soft,true,4,0.792
Geelong,1400,13+,soft,true,1,0.833
Geelong,1400,4-6,dry,1-3m,6,0.579
Geelong,1400,4-6,dry,4-6m,12,0.457
Geelong,1400,4-6,dry,7-9m,15,0.52
Geelong,1400,4-6,dry,true,12,0.618
Geelong,1400,4-6,heavy,1-3m,3,0.63
Geelong,1400,4-6,heavy,4-6m,12,0.33
Geelong,1400,4-6,heavy,7-9m,9,0.491
Geelong,1400,4-6,soft,7-9m,3,0.875
Geelong,1400,4-6,soft,true,6,0.407
Geelong,1400,7-9,dry,1-3m,6,0.442
Geelong,1400,7-9,dry,4-6m,10,0.682
Geelong,1400,7-9,dry,7-9m,14,0.535
Geelong,1400,7-9,dry,true,11,0.301
Geelong,1400,7-9,heavy,1-3m,3,0.185
Geelong,1400,7-9,heavy,4-6m,9,0.586
Geelong,1400,7-9,heavy,7-9m,9,0.571
Geelong,1400,7-9,soft,7-9m,3,0.25
Geelong,1400,7-9,soft,true,6,0.44
Geelong,1500,1-3,dry,1-3m,6,0.444
Geelong,1500,1-3,dry,4-6m,17,0.457
Geelong,1500,1-3,dry,7-9m,15,0.366
Geelong,1500,1-3,dry,true,9,0.334
Geelong,1500,1-3,heavy,7-9m,9,0.365
Geelong,1500,1-3,soft,1-3m,3,0.433
Geelong,1500,1-3,soft,7-9m,9,0.521
Geelong,1500,1-3,soft,true,3,0.528
Geelong,1500,10-12,dry,1-3m,4,0.535
Geelong,1500,10-12,dry,4-6m,12,0.563
Geelong,1500,10-12,dry,7-9m,6,0.897
Geelong,1500,10-12,dry,true,3,0.863
Geelong,1500,10-12,heavy,7-9m,1,1.0
Geelong,1500,10-12,soft,1-3m,2,0.95
Geelong,1500,10-12,soft,7-9m,5,0.58
Geelong,1500,10-12,soft,true,3,0.667
Geelong,1500,13+,dry,1-3m,1,1.0
Geelong,1500,13+,dry,4-6m,1,0.917
Geelong,1500,13+,dry,7-9m,1,0.917
Geelong,1500,13+,soft,true,1,0.25
Geelong,1500,4-6,dry,1-3m,6,0.528
Geelong,1500,4-6,dry,4-6m,18,0.458
Geelong,1500,4-6,dry,7-9m,15,0.4
Geelong,1500,4-6,dry,true,9,0.409
Geelong,1500,4-6,heavy,7-9m,9,0.536
Geelong,1500,4-6,soft,1-3m,3,0.533
Geelong,1500,4-6,soft,7-9m,9,0.47
Geelong,1500,4-6,soft,true,3,0.556
Geelong,1500,7-9,dry,1-3m,6,0.421
Geelong,1500,7-9,dry,4-6m,18,0.485
Geelong,1500,7-9,dry,7-9m,14,0.551
Geelong,1500,7-9,dry,true,8,0.653
Geelong,1500,7-9,heavy,7-9m,4,0.597
Geelong,1500,7-9,soft,1-3m,3,0.233
Geelong,1500,7-9,soft,7-9m,9,0.465
Geelong,1500,7-9,soft,true,3,0.333
Geelong,1700,1-3,dry,1-3m,6,0.347
Geelong,1700,1-3,dry,7-9m,3,0.472
Geelong,1700,1-3,dry,true,12,0.382
Geelong,1700,1-3,heavy,1-3m,6,0.641
Geelong,1700,1-3,heavy,4-6m,6,0.358
Geelong,1700,1-3,soft,true,18,0.325
Geelong,1700,10-12,dry,1-3m,6,0.625
Geelong,1700,10-12,dry,7-9m,2,0.042
Geelong,1700,10-12,heavy,1-3m,1,0.111
Geelong,1700,10-12,heavy,4-6m,6,0.654
Geelong,1700,10-12,soft,true,13,0.725
Geelong,1700,13+,dry,1-3m,2,0.625
Geelong,1700,13+,dry,7-9m,1,0.917
Geelong,1700,13+,heavy,4-6m,3,0.53
Geelong,1700,13+,soft,true,3,0.778
Geelong,1700,4-6,dry,1-3m,6,0.653
Geelong,1700,4-6,dry,7-9m,3,0.639
Geelong,1700,4-6,dry,true,12,0.564
Geelong,1700,4-6,heavy,1-3m,6,0.361
Geelong,1700,4-6,heavy,4-6m,6,0.304
Geelong,1700,4-6,soft,true,18,0.466
Geelong,1700,7-9,dry,1-3m,6,0.333
Geelong,1700,7-9,dry,7-9m,3,0.389
Geelong,1700,7-9,dry,true,7,0.592
Geelong,1700,7-9,heavy,1-3m,6,0.562
Geelong,1700,7-9,heavy,4-6m,6,0.669
Geelong,1700,7-9,soft,true,18,0.5
Geelong,1800,1-3,dry,7-9m,15,0.394
Geelong,1800,1-3,heavy,7-9m,9,0.398
Geelong,1800,1-3,soft,7-9m,9,0.407
Geelong,1800,10-12,dry,7-9m,3,0.763
Geelong,1800,10-12,heavy,7-9m,1,1.0
Geelong,1800,10-12,soft,7-9m,1,0.889
Geelong,1800,4-6,dry,7-9m,15,0.456
Geelong,1800,4-6,heavy,7-9m,9,0.421
Geelong,1800,4-6,soft,7-9m,9,0.474
Geelong,1800,7-9,dry,7-9m,15,0.597
Geelong,1800,7-9,heavy,7-9m,7,0.661
Geelong,1800,7-9,soft,7-9m,8,0.585
Geelong,2200,1-3,soft,true,3,0.567
Geelong,2200,10-12,soft,true,2,0.7
Geelong,2200,4-6,soft,true,3,0.2
Geelong,2200,7-9,soft,true,3,0.6
Geelong,2300,1-3,dry,7-9m,3,0.667
Geelong,2300,4-6,dry,7-9m,3,0.333
Geelong,2400,1-3,dry,1-3m,3,0.792
Geelong,2400,1-3,dry,4-6m,15,0.485
Geelong,2400,1-3,dry,7-9m,6,0.539
Geelong,2400,1-3,dry,true,6,0.347
Geelong,2400,1-3,heavy,4-6m,9,0.452
Geelong,2400,1-3,soft,true,18,0.33
Geelong,2400,10-12,dry,4-6m,3,0.639
Geelong,2400,10-12,dry,7-9m,4,0.667
Geelong,2400,10-12,dry,true,3,0.639
Geelong,2400,10-12,heavy,4-6m,5,0.642
Geelong,2400,10-12,soft,true,10,0.61
Geelong,2400,13+,dry,4-6m,1,0.5
Geelong,2400,13+,dry,true,1,1.0
Geelong,2400,13+,heavy,4-6m,2,0.885
Geelong,2400,13+,soft,true,3,0.564
Geelong,2400,4-6,dry,1-3m,3,0.208
Geelong,2400,4-6,dry,4-6m,15,0.458
Geelong,2400,4-6,dry,7-9m,6,0.507
Geelong,2400,4-6,dry,true,6,0.571
Geelong,2400,4-6,heavy,4-6m,9,0.338
Geelong,2400,4-6,soft,true,18,0.449
Geelong,2400,7-9,dry,1-3m,3,0.5
Geelong,2400,7-9,dry,4-6m,10,0.545
Geelong,2400,7-9,dry,7-9m,6,0.343
Geelong,2400,7-9,dry,true,5,0.414
Geelong,2400,7-9,heavy,4-6m,9,0.545
Geelong,2400,7-9,soft,true,16,0.694
Geelong,2500,1-3,heavy,7-9m,3,0.5
Geelong,2500,1-3,soft,7-9m,6,0.681
Geelong,2500,10-12,heavy,7-9m,2,0.55
Geelong,2500,10-12,soft,7-9m,1,0.0
Geelong,2500,4-6,heavy,7-9m,3,0.6
Geelong,2500,4-6,soft,7-9m,6,0.389
Geelong,2500,7-9,heavy,7-9m,3,0.367
Geelong,2500,7-9,soft,7-9m,6,0.514
Gold Coast,1000,1-3,dry,1-3m,23,0.347
Gold Coast,1000,1-3,dry,4-6m,48,0.474
Gold Coast,1000,1-3,dry,7-9m,27,0.486
Gold Coast,1000,1-3,dry,true,54,0.414
Gold Coast,1000,1-3,heavy,4-6m,6,0.333
Gold Coast,1000,1-3,heavy,true,15,0.436
Gold Coast,1000,1-3,soft,1-3m,15,0.39
Gold Coast,1000,1-3,soft,4-6m,51,0.42
Gold Coast,1000,1-3,soft,7-9m,58,0.466
Gold Coast,1000,1-3,soft,true,52,0.429
Gold Coast,1000,10-12,dry,1-3m,7,0.601
Gold Coast,1000,10-12,dry,4-6m,6,0.778
Gold Coast,1000,10-12,dry,7-9m,4,0.417
Gold Coast,1000,10-12,dry,true,17,0.548
Gold Coast,1000,10-12,heavy,true,5,0.571
Gold Coast,1000,10-12,soft,1-3m,7,0.497
Gold Coast,1000,10-12,soft,4-6m,4,0.75
Gold Coast,1000,10-12,soft,7-9m,4,0.528
Gold Coast,1000,10-12,soft,true,14,0.686
Gold Coast,1000,4-6,dry,1-3m,24,0.628
Gold Coast,1000,4-6,dry,4-6m,48,0.51
Gold Coast,1000,4-6,dry,7-9m,27,0.503
Gold Coast,1000,4-6,dry,true,54,0.518
Gold Coast,1000,4-6,heavy,4-6m,4,0.625
Gold Coast,1000,4-6,heavy,true,15,0.557
Gold Coast,1000,4-6,soft,1-3m,15,0.398
Gold Coast,1000,4-6,soft,4-6m,50,0.488
Gold Coast,1000,4-6,soft,7-9m,58,0.54
Gold Coast,1000,4-6,soft,true,53,0.439
Gold Coast,1000,7-9,dry,1-3m,23,0.495
Gold Coast,1000,7-9,dry,4-6m,35,0.464
Gold Coast,1000,7-9,dry,7-9m,25,0.522
Gold Coast,1000,7-9,dry,true,49,0.553
Gold Coast,1000,7-9,heavy,4-6m,1,0.5
Gold Coast,1000,7-9,heavy,true,14,0.467
Gold Coast,1000,7-9,soft,1-3m,11,0.791
Gold Coast,1000,7-9,soft,4-6m,38,0.578
Gold Coast,1000,7-9,soft,7-9m,38,0.467
Gold Coast,1000,7-9,soft,true,38,0.608
Gold Coast,1100,1-3,dry,1-3m,6,0.35
Gold Coast,1100,1-3,dry,4-6m,9,0.548
Gold Coast,1100,1-3,dry,7-9m,6,0.521
Gold Coast,1100,1-3,dry,true,75,0.41
Gold Coast,1100,1-3,heavy,true,5,0.565
Gold Coast,1100,1-3,soft,1-3m,3,0.333
Gold Coast,1100,1-3,soft,4-6m,6,0.438
Gold Coast,1100,1-3,soft,7-9m,6,0.39
Gold Coast,1100,1-3,soft,true,32,0.436
Gold Coast,1100,10-12,dry,1-3m,2,0.95
Gold Coast,1100,10-12,dry,true,23,0.574
Gold Coast,1100,10-12,heavy,true,6,0.564
Gold Coast,1100,10-12,soft,1-3m,3,0.538
Gold Coast,1100,10-12,soft,4-6m,2,0.5
Gold Coast,1100,10-12,soft,true,7,0.408
Gold Coast,1100,13+,dry,true,4,0.615
Gold Coast,1100,13+,heavy,true,2,0.308
Gold Coast,1100,13+,soft,1-3m,2,0.962
Gold Coast,1100,13+,soft,true,1,0.333
Gold Coast,1100,4-6,dry,1-3m,5,0.435
Gold Coast,1100,4-6,dry,4-6m,9,0.474
Gold Coast,1100,4-6,dry,7-9m,6,0.5
Gold Coast,1100,4-6,dry,true,73,0.588
Gold Coast,1100,4-6,heavy,true,5,0.641
Gold Coast,1100,4-6,soft,1-3m,3,0.513
Gold Coast,1100,4-6,soft,4-6m,6,0.383
Gold Coast,1100,4-6,soft,7-9m,5,0.439
Gold Coast,1100,4-6,soft,true,31,0.536
Gold Coast,1100,7-9,dry,1-3m,6,0.471
Gold Coast,1100,7-9,dry,4-6m,5,0.461
Gold Coast,1100,7-9,dry,7-9m,6,0.458
Gold Coast,1100,7-9,dry,true,55,0.469
Gold Coast,1100,7-9,heavy,true,6,0.418
Gold Coast,1100,7-9,soft,1-3m,3,0.308
Gold Coast,1100,7-9,soft,4-6m,6,0.679
Gold Coast,1100,7-9,soft,7-9m,5,0.743
Gold Coast,1100,7-9,soft,true,17,0.626
Gold Coast,1200,1-3,dry,1-3m,33,0.391
Gold Coast,1200,1-3,dry,4-6m,21,0.452
Gold Coast,1200,1-3,dry,7-9m,20,0.441
Gold Coast,1200,1-3,dry,true,152,0.431
Gold Coast,1200,1-3,heavy,4-6m,3,0.417
Gold Coast,1200,1-3,heavy,true,32,0.435
Gold Coast,1200,1-3,soft,1-3m,11,0.388
Gold Coast,1200,1-3,soft,4-6m,51,0.468
Gold Coast,1200,1-3,soft,7-9m,37,0.403
Gold Coast,1200,1-3,soft,true,69,0.417
Gold Coast,1200,10-12,dry,1-3m,15,0.594
Gold Coast,1200,10-12,dry,4-6m,8,0.712
Gold Coast,1200,10-12,dry,7-9m,6,0.206
Gold Coast,1200,10-12,dry,true,72,0.558
Gold Coast,1200,10-12,heavy,true,14,0.657
Gold Coast,1200,10-12,soft,1-3m,7,0.678
Gold Coast,1200,10-12,soft,4-6m,18,0.564
Gold Coast,1200,10-12,soft,7-9m,15,0.543
Gold Coast,1200,10-12,soft,true,33,0.625
Gold Coast,1200,13+,dry,1-3m,8,0.753
Gold Coast,1200,13+,dry,4-6m,1,1.0
Gold Coast,1200,13+,dry,true,35,0.669
Gold Coast,1200,13+,heavy,true,8,0.659
Gold Coast,1200,13+,soft,1-3m,6,0.521
Gold Coast,1200,13+,soft,4-6m,1,0.333
Gold Coast,1200,13+,soft,true,19,0.479
Gold Coast,1200,4-6,dry,1-3m,32,0.474
Gold Coast,1200,4-6,dry,4-6m,20,0.468
Gold Coast,1200,4-6,dry,7-9m,19,0.611
Gold Coast,1200,4-6,dry,true,155,0.519
Gold Coast,1200,4-6,heavy,4-6m,2,0.625
Gold Coast,1200,4-6,heavy,true,33,0.382
Gold Coast,1200,4-6,soft,1-3m,12,0.384
Gold Coast,1200,4-6,soft,4-6m,54,0.553
Gold Coast,1200,4-6,soft,7-9m,38,0.501
Gold Coast,1200,4-6,soft,true,67,0.474
Gold Coast,1200,7-9,dry,1-3m,31,0.531
Gold Coast,1200,7-9,dry,4-6m,17,0.439
Gold Coast,1200,7-9,dry,7-9m,15,0.618
Gold Coast,1200,7-9,dry,true,124,0.487
Gold Coast,1200,7-9,heavy,true,30,0.578
Gold Coast,1200,7-9,soft,1-3m,8,0.696
Gold Coast,1200,7-9,soft,4-6m,39,0.449
Gold Coast,1200,7-9,soft,7-9m,31,0.617
Gold Coast,1200,7-9,soft,true,61,0.559
Gold Coast,1300,1-3,dry,1-3m,6,0.372
Gold Coast,1300,1-3,dry,7-9m,6,0.541
Gold Coast,1300,1-3,dry,true,36,0.392
Gold Coast,1300,1-3,heavy,4-6m,3,0.571
Gold Coast,1300,1-3,soft,4-6m,9,0.564
Gold Coast,1300,1-3,soft,7-9m,14,0.475
Gold Coast,1300,1-3,soft,true,17,0.393
Gold Coast,1300,10-12,dry,1-3m,6,0.436
Gold Coast,1300,10-12,dry,7-9m,3,0.07
Gold Coast,1300,10-12,dry,true,28,0.691
Gold Coast,1300,10-12,soft,4-6m,4,0.626
Gold Coast,1300,10-12,soft,7-9m,9,0.476
Gold Coast,1300,10-12,soft,true,15,0.66
Gold Coast,1300,13+,dry,1-3m,9,0.763
Gold Coast,1300,13+,dry,true,27,0.578
Gold Coast,1300,13+,soft,7-9m,4,0.577
Gold Coast,1300,13+,soft,true,9,0.725
Gold Coast,1300,4-6,dry,1-3m,6,0.444
Gold Coast,1300,4-6,dry,7-9m,6,0.565
Gold Coast,1300,4-6,dry,true,36,0.372
Gold Coast,1300,4-6,heavy,4-6m,3,0.429
Gold Coast,1300,4-6,soft,4-6m,9,0.479
Gold Coast,1300,4-6,soft,7-9m,15,0.502
Gold Coast,1300,4-6,soft,true,18,0.454
Gold Coast,1300,7-9,dry,1-3m,6,0.354
Gold Coast,1300,7-9,dry,7-9m,6,0.609
Gold Coast,1300,7-9,dry,true,34,0.516
Gold Coast,1300,7-9,heavy,4-6m,2,0.5
Gold Coast,1300,7-9,soft,4-6m,8,0.388
Gold Coast,1300,7-9,soft,7-9m,15,0.525
Gold Coast,1300,7-9,soft,true,18,0.427
Gold Coast,1400,1-3,dry,1-3m,32,0.408
Gold Coast,1400,1-3,dry,4-6m,36,0.403
Gold Coast,1400,1-3,dry,7-9m,54,0.433
Gold Coast,1400,1-3,dry,true,141,0.489
Gold Coast,1400,1-3,heavy,4-6m,6,0.733
Gold Coast,1400,1-3,heavy,true,26,0.465
Gold Coast,1400,1-3,soft,1-3m,14,0.453
Gold Coast,1400,1-3,soft,4-6m,28,0.44
Gold Coast,1400,1-3,soft,7-9m,38,0.452
Gold Coast,1400,1-3,soft,true,61,0.459
Gold Coast,1400,10-12,dry,1-3m,22,0.703
Gold Coast,1400,10-12,dry,4-6m,15,0.522
Gold Coast,1400,10-12,dry,7-9m,17,0.646
Gold Coast,1400,10-12,dry,true,72,0.55
Gold Coast,1400,10-12,heavy,true,15,0.621
Gold Coast,1400,10-12,soft,1-3m,7,0.589
Gold Coast,1400,10-12,soft,4-6m,14,0.52
Gold Coast,1400,10-12,soft,7-9m,22,0.616
Gold Coast,1400,10-12,soft,true,34,0.602
Gold Coast,1400,13+,dry,1-3m,16,0.644
Gold Coast,1400,13+,dry,4-6m,8,0.673
Gold Coast,1400,13+,dry,7-9m,5,0.65
Gold Coast,1400,13+,dry,true,36,0.568
Gold Coast,1400,13+,heavy,true,2,0.542
Gold Coast,1400,13+,soft,1-3m,4,0.875
Gold Coast,1400,13+,soft,4-6m,7,0.573
Gold Coast,1400,13+,soft,7-9m,2,0.833
Gold Coast,1400,13+,soft,true,13,0.318
Gold Coast,1400,4-6,dry,1-3m,32,0.481
Gold Coast,1400,4-6,dry,4-6m,36,0.411
Gold Coast,1400,4-6,dry,7-9m,54,0.489
Gold Coast,1400,4-6,dry,true,145,0.48
Gold Coast,1400,4-6,heavy,4-6m,6,0.338
Gold Coast,1400,4-6,heavy,true,27,0.497
Gold Coast,1400,4-6,soft,1-3m,15,0.421
Gold Coast,1400,4-6,soft,4-6m,30,0.488
Gold Coast,1400,4-6,soft,7-9m,38,0.489
Gold Coast,1400,4-6,soft,true,62,0.48
Gold Coast,1400,7-9,dry,1-3m,29,0.383
Gold Coast,1400,7-9,dry,4-6m,33,0.651
Gold Coast,1400,7-9,dry,7-9m,40,0.519
Gold Coast,1400,7-9,dry,true,126,0.503
Gold Coast,1400,7-9,heavy,4-6m,2,0.286
Gold Coast,1400,7-9,heavy,true,24,0.461
Gold Coast,1400,7-9,soft,1-3m,13,0.492
Gold Coast,1400,7-9,soft,4-6m,30,0.548
Gold Coast,1400,7-9,soft,7-9m,36,0.49
Gold Coast,1400,7-9,soft,true,55,0.54
Gold Coast,1700,1-3,dry,1-3m,3,0.593
Gold Coast,1700,1-3,dry,7-9m,6,0.371
Gold Coast,1700,1-3,dry,true,27,0.496
Gold Coast,1700,1-3,heavy,true,6,0.451
Gold Coast,1700,1-3,soft,4-6m,9,0.468
Gold Coast,1700,1-3,soft,7-9m,3,0.333
Gold Coast,1700,1-3,soft,true,21,0.461
Gold Coast,1700,10-12,dry,1-3m,1,0.0
Gold Coast,1700,10-12,dry,true,7,0.709
Gold Coast,1700,10-12,heavy,true,1,0.111
Gold Coast,1700,10-12,soft,4-6m,1,1.0
Gold Coast,1700,10-12,soft,true,6,0.606
Gold Coast,1700,4-6,dry,1-3m,3,0.556
Gold Coast,1700,4-6,dry,7-9m,6,0.608
Gold Coast,1700,4-6,dry,true,27,0.45
Gold Coast,1700,4-6,heavy,true,6,0.419
Gold Coast,1700,4-6,soft,4-6m,9,0.402
Gold Coast,1700,4-6,soft,7-9m,3,0.792
Gold Coast,1700,4-6,soft,true,21,0.423
Gold Coast,1700,7-9,dry,1-3m,3,0.519
Gold Coast,1700,7-9,dry,7-9m,3,0.542
Gold Coast,1700,7-9,dry,true,20,0.475
Gold Coast,1700,7-9,heavy,true,6,0.694
Gold Coast,1700,7-9,soft,4-6m,4,0.667
Gold Coast,1700,7-9,soft,7-9m,3,0.375
Gold Coast,1700,7-9,soft,true,15,0.62
Gold Coast,1800,1-3,dry,1-3m,12,0.414
Gold Coast,1800,1-3,dry,4-6m,18,0.397
Gold Coast,1800,1-3,dry,7-9m,29,0.454
Gold Coast,1800,1-3,dry,true,63,0.403
Gold Coast,1800,1-3,heavy,4-6m,3,0.444
Gold Coast,1800,1-3,heavy,true,6,0.556
Gold Coast,1800,1-3,soft,1-3m,6,0.299
Gold Coast,1800,1-3,soft,4-6m,39,0.493
Gold Coast,1800,1-3,soft,7-9m,27,0.575
Gold Coast,1800,1-3,soft,true,33,0.457
Gold Coast,1800,10-12,dry,1-3m,5,0.428
Gold Coast,1800,10-12,dry,4-6m,11,0.601
Gold Coast,1800,10-12,dry,7-9m,7,0.602
Gold Coast,1800,10-12,dry,true,36,0.623
Gold Coast,1800,10-12,heavy,4-6m,1,0.111
Gold Coast,1800,10-12,heavy,true,6,0.431
Gold Coast,1800,10-12,soft,1-3m,1,0.111
Gold Coast,1800,10-12,soft,4-6m,15,0.379
Gold Coast,1800,10-12,soft,7-9m,6,0.512
Gold Coast,1800,10-12,soft,true,21,0.568
Gold Coast,1800,13+,dry,1-3m,1,0.917
Gold Coast,1800,13+,dry,true,11,0.748
Gold Coast,1800,13+,heavy,true,2,0.167
Gold Coast,1800,13+,soft,4-6m,1,0.583
Gold Coast,1800,13+,soft,true,6,0.739
Gold Coast,1800,4-6,dry,1-3m,12,0.509
Gold Coast,1800,4-6,dry,4-6m,18,0.544
Gold Coast,1800,4-6,dry,7-9m,30,0.504
Gold Coast,1800,4-6,dry,true,63,0.448
Gold Coast,1800,4-6,heavy,4-6m,3,0.296
Gold Coast,1800,4-6,heavy,true,6,0.458
Gold Coast,1800,4-6,soft,1-3m,6,0.553
Gold Coast,1800,4-6,soft,4-6m,39,0.498
Gold Coast,1800,4-6,soft,7-9m,27,0.473
Gold Coast,1800,4-6,soft,true,33,0.486
Gold Coast,1800,7-9,dry,1-3m,12,0.572
Gold Coast,1800,7-9,dry,4-6m,18,0.497
Gold Coast,1800,7-9,dry,7-9m,28,0.516
Gold Coast,1800,7-9,dry,true,59,0.53
Gold Coast,1800,7-9,heavy,4-6m,3,0.852
Gold Coast,1800,7-9,heavy,true,6,0.667
Gold Coast,1800,7-9,soft,1-3m,6,0.713
Gold Coast,1800,7-9,soft,4-6m,30,0.558
Gold Coast,1800,7-9,soft,7-9m,21,0.411
Gold Coast,1800,7-9,soft,true,32,0.469
Gold Coast,2000,1-3,dry,1-3m,3,0.556
Gold Coast,2000,1-3,dry,true,3,0.542
Gold Coast,2000,1-3,heavy,true,3,0.515
Gold Coast,2000,1-3,soft,4-6m,3,0.708
Gold Coast,2000,1-3,soft,7-9m,2,0.786
Gold Coast,2000,1-3,soft,true,3,0.333
Gold Coast,2000,10-12,dry,1-3m,1,0.778
Gold Coast,2000,10-12,heavy,true,3,0.515
Gold Coast,2000,10-12,soft,true,1,1.0
Gold Coast,2000,4-6,dry,1-3m,3,0.185
Gold Coast,2000,4-6,dry,true,3,0.125
Gold Coast,2000,4-6,heavy,true,3,0.576
Gold Coast,2000,4-6,soft,4-6m,3,0.417
Gold Coast,2000,4-6,soft,7-9m,3,0.476
Gold Coast,2000,4-6,soft,true,3,0.222
Gold Coast,2000,7-9,dry,1-3m,3,0.63
Gold Coast,2000,7-9,dry,true,3,0.833
Gold Coast,2000,7-9,heavy,true,3,0.394
Gold Coast,2000,7-9,soft,4-6m,3,0.375
Gold Coast,2000,7-9,soft,7-9m,2,0.143
Gold Coast,2000,7-9,soft,true,3,0.778
Gold Coast,2200,1-3,dry,1-3m,9,0.368
Gold Coast,2200,1-3,dry,4-6m,6,0.308
Gold Coast,2200,1-3,dry,true,23,0.438
Gold Coast,2200,1-3,heavy,true,6,0.618
Gold Coast,2200,1-3,soft,1-3m,9,0.441
Gold Coast,2200,1-3,soft,4-6m,6,0.294
Gold Coast,2200,1-3,soft,7-9m,6,0.426
Gold Coast,2200,1-3,soft,true,12,0.505
Gold Coast,2200,10-12,dry,1-3m,6,0.61
Gold Coast,2200,10-12,dry,4-6m,2,0.7
Gold Coast,2200,10-12,dry,true,11,0.544
Gold Coast,2200,10-12,heavy,true,1,0.222
Gold Coast,2200,10-12,soft,1-3m,1,0.889
Gold Coast,2200,10-12,soft,4-6m,3,0.455
Gold Coast,2200,10-12,soft,7-9m,2,0.95
Gold Coast,2200,10-12,soft,true,3,0.59
Gold Coast,2200,13+,dry,1-3m,3,0.81
Gold Coast,2200,13+,dry,true,7,0.66
Gold Coast,2200,13+,soft,true,2,0.731
Gold Coast,2200,4-6,dry,1-3m,9,0.431
Gold Coast,2200,4-6,dry,4-6m,6,0.396
Gold Coast,2200,4-6,dry,true,23,0.481
Gold Coast,2200,4-6,heavy,true,6,0.505
Gold Coast,2200,4-6,soft,1-3m,9,0.45
Gold Coast,2200,4-6,soft,4-6m,6,0.61
Gold Coast,2200,4-6,soft,7-9m,6,0.5
Gold Coast,2200,4-6,soft,true,12,0.546
Gold Coast,2200,7-9,dry,1-3m,5,0.444
Gold Coast,2200,7-9,dry,4-6m,6,0.729
Gold Coast,2200,7-9,dry,true,19,0.518
Gold Coast,2200,7-9,heavy,true,6,0.424
Gold Coast,2200,7-9,soft,1-3m,8,0.574
Gold Coast,2200,7-9,soft,4-6m,5,0.642
Gold Coast,2200,7-9,soft,7-9m,5,0.409
Gold Coast,2200,7-9,soft,true,10,0.366
Gold Coast,2400,1-3,dry,7-9m,6,0.379
Gold Coast,2400,1-3,dry,true,6,0.571
Gold Coast,2400,1-3,heavy,true,3,0.429
Gold Coast,2400,1-3,soft,4-6m,3,0.303
Gold Coast,2400,10-12,dry,7-9m,2,0.4
Gold Coast,2400,10-12,dry,true,2,0.75
Gold Coast,2400,10-12,soft,4-6m,3,0.485
Gold Coast,2400,4-6,dry,7-9m,6,0.475
Gold Coast,2400,4-6,dry,true,6,0.629
Gold Coast,2400,4-6,heavy,true,3,0.762
Gold Coast,2400,4-6,soft,4-6m,3,0.394
Gold Coast,2400,7-9,dry,7-9m,6,0.679
Gold Coast,2400,7-9,dry,true,6,0.217
Gold Coast,2400,7-9,heavy,true,2,0.214
Gold Coast,2400,7-9,soft,4-6m,3,0.818
Gold Coast,3200,1-3,soft,4-6m,2,0.625
Gold Coast,3200,1-3,soft,true,5,0.554
Gold Coast,3200,4-6,soft,4-6m,2,0.188
Gold Coast,3200,4-6,soft,true,6,0.551
Gold Coast,3200,7-9,soft,4-6m,3,0.333
Gold Coast,3200,7-9,soft,true,5,0.436
Ipswich,800,1-3,dry,1-3m,15,0.516
Ipswich,800,1-3,dry,10m+,2,0.625
Ipswich,800,1-3,dry,4-6m,27,0.495
Ipswich,800,1-3,dry,7-9m,3,0.667
Ipswich,800,1-3,dry,true,12,0.446
Ipswich,800,1-3,heavy,7-9m,3,0.333
Ipswich,800,1-3,soft,10m+,6,0.458
Ipswich,800,1-3,soft,4-6m,24,0.47
Ipswich,800,1-3,soft,7-9m,15,0.509
Ipswich,800,1-3,soft,true,22,0.475
Ipswich,800,10-12,dry,1-3m,6,0.283
Ipswich,800,10-12,dry,4-6m,2,0.556
Ipswich,800,10-12,dry,true,2,0.5
Ipswich,800,10-12,soft,4-6m,6,0.387
Ipswich,800,10-12,soft,7-9m,3,0.778
Ipswich,800,13+,soft,4-6m,1,0.833
Ipswich,800,4-6,dry,1-3m,15,0.682
Ipswich,800,4-6,dry,10m+,2,0.5
Ipswich,800,4-6,dry,4-6m,24,0.507
Ipswich,800,4-6,dry,7-9m,3,0.238
Ipswich,800,4-6,dry,true,11,0.658
Ipswich,800,4-6,heavy,7-9m,2,0.75
Ipswich,800,4-6,soft,10m+,6,0.812
Ipswich,800,4-6,soft,4-6m,23,0.469
Ipswich,800,4-6,soft,7-9m,15,0.452
Ipswich,800,4-6,soft,true,21,0.472
Ipswich,800,7-9,dry,1-3m,14,0.381
Ipswich,800,7-9,dry,4-6m,15,0.49
Ipswich,800,7-9,dry,7-9m,2,0.643
Ipswich,800,7-9,dry,true,7,0.344
Ipswich,800,7-9,soft,10m+,6,0.229
Ipswich,800,7-9,soft,4-6m,14,0.627
Ipswich,800,7-9,soft,7-9m,13,0.481
Ipswich,800,7-9,soft,true,17,0.527
Ipswich,1100,1-3,dry,1-3m,47,0.399
Ipswich,1100,1-3,dry,10m+,7,0.451
Ipswich,1100,1-3,dry,4-6m,135,0.48
Ipswich,1100,1-3,dry,7-9m,25,0.437
Ipswich,1100,1-3,dry,true,66,0.52
Ipswich,1100,1-3,heavy,4-6m,15,0.437
Ipswich,1100,1-3,heavy,7-9m,13,0.469
Ipswich,1100,1-3,heavy,true,2,0.5
Ipswich,1100,1-3,soft,1-3m,17,0.483
Ipswich,1100,1-3,soft,10m+,52,0.52
Ipswich,1100,1-3,soft,4-6m,47,0.404
Ipswich,1100,1-3,soft,7-9m,38,0.503
Ipswich,1100,1-3,soft,true,45,0.406
Ipswich,1100,10-12,dry,1-3m,6,0.759
Ipswich,1100,10-12,dry,10m+,1,0.889
Ipswich,1100,10-12,dry,4-6m,22,0.594
Ipswich,1100,10-12,dry,7-9m,15,0.543
Ipswich,1100,10-12,dry,true,13,0.606
Ipswich,1100,10-12,heavy,4-6m,3,0.585
Ipswich,1100,10-12,heavy,true,3,0.697
Ipswich,1100,10-12,soft,1-3m,5,0.776
Ipswich,1100,10-12,soft,10m+,6,0.426
Ipswich,1100,10-12,soft,4-6m,10,0.532
Ipswich,1100,10-12,soft,7-9m,9,0.461
Ipswich,1100,10-12,soft,true,10,0.633
Ipswich,1100,13+,dry,1-3m,1,1.0
Ipswich,1100,4-6,dry,1-3m,48,0.512
Ipswich,1100,4-6,dry,10m+,8,0.29
Ipswich,1100,4-6,dry,4-6m,136,0.507
Ipswich,1100,4-6,dry,7-9m,26,0.499
Ipswich,1100,4-6,dry,true,67,0.471
Ipswich,1100,4-6,heavy,4-6m,14,0.468
Ipswich,1100,4-6,heavy,7-9m,15,0.611
Ipswich,1100,4-6,heavy,true,3,0.545
Ipswich,1100,4-6,soft,1-3m,17,0.481
Ipswich,1100,4-6,soft,10m+,58,0.419
Ipswich,1100,4-6,soft,4-6m,45,0.497
Ipswich,1100,4-6,soft,7-9m,41,0.452
Ipswich,1100,4-6,soft,true,45,0.558
Ipswich,1100,7-9,dry,1-3m,35,0.574
Ipswich,1100,7-9,dry,10m+,7,0.815
Ipswich,1100,7-9,dry,4-6m,91,0.525
Ipswich,1100,7-9,dry,7-9m,21,0.568
Ipswich,1100,7-9,dry,true,49,0.504
Ipswich,1100,7-9,heavy,4-6m,12,0.603
Ipswich,1100,7-9,heavy,7-9m,8,0.363
Ipswich,1100,7-9,heavy,true,3,0.303
Ipswich,1100,7-9,soft,1-3m,13,0.45
Ipswich,1100,7-9,soft,10m+,55,0.602
Ipswich,1100,7-9,soft,4-6m,37,0.582
Ipswich,1100,7-9,soft,7-9m,35,0.592
Ipswich,1100,7-9,soft,true,32,0.509
Ipswich,1200,1-3,dry,1-3m,32,0.468
Ipswich,1200,1-3,dry,10m+,36,0.455
Ipswich,1200,1-3,dry,4-6m,163,0.454
Ipswich,1200,1-3,dry,7-9m,38,0.419
Ipswich,1200,1-3,dry,true,77,0.509
Ipswich,1200,1-3,heavy,4-6m,23,0.495
Ipswich,1200,1-3,heavy,7-9m,33,0.461
Ipswich,1200,1-3,heavy,true,3,0.381
Ipswich,1200,1-3,soft,1-3m,21,0.39
Ipswich,1200,1-3,soft,10m+,51,0.457
Ipswich,1200,1-3,soft,4-6m,83,0.469
Ipswich,1200,1-3,soft,7-9m,62,0.475
Ipswich,1200,1-3,soft,true,40,0.4
Ipswich,1200,10-12,dry,1-3m,11,0.599
Ipswich,1200,10-12,dry,10m+,7,0.54
Ipswich,1200,10-12,dry,4-6m,72,0.607
Ipswich,1200,10-12,dry,7-9m,10,0.491
Ipswich,1200,10-12,dry,true,19,0.541
Ipswich,1200,10-12,heavy,4-6m,11,0.535
Ipswich,1200,10-12,heavy,7-9m,6,0.633
Ipswich,1200,10-12,soft,1-3m,14,0.451
Ipswich,1200,10-12,soft,10m+,5,0.689
Ipswich,1200,10-12,soft,4-6m,32,0.525
Ipswich,1200,10-12,soft,7-9m,24,0.544
Ipswich,1200,10-12,soft,true,16,0.647
Ipswich,1200,13+,dry,1-3m,1,0.167
Ipswich,1200,13+,dry,4-6m,8,0.559
Ipswich,1200,13+,soft,1-3m,2,1.0
Ipswich,1200,13+,soft,7-9m,1,1.0
Ipswich,1200,4-6,dry,1-3m,32,0.494
Ipswich,1200,4-6,dry,10m+,43,0.546
Ipswich,1200,4-6,dry,4-6m,167,0.509
Ipswich,1200,4-6,dry,7-9m,40,0.53
Ipswich,1200,4-6,dry,true,80,0.507
Ipswich,1200,4-6,heavy,4-6m,24,0.507
Ipswich,1200,4-6,heavy,7-9m,32,0.521
Ipswich,1200,4-6,heavy,true,3,0.714
Ipswich,1200,4-6,soft,1-3m,23,0.498
Ipswich,1200,4-6,soft,10m+,53,0.491
Ipswich,1200,4-6,soft,4-6m,87,0.496
Ipswich,1200,4-6,soft,7-9m,64,0.508
Ipswich,1200,4-6,soft,true,40,0.482
Ipswich,1200,7-9,dry,1-3m,24,0.54
Ipswich,1200,7-9,dry,10m+,36,0.488
Ipswich,1200,7-9,dry,4-6m,150,0.51
Ipswich,1200,7-9,dry,7-9m,36,0.586
Ipswich,1200,7-9,dry,true,60,0.464
Ipswich,1200,7-9,heavy,4-6m,22,0.489
Ipswich,1200,7-9,heavy,7-9m,20,0.491
Ipswich,1200,7-9,heavy,true,2,0.357
Ipswich,1200,7-9,soft,1-3m,19,0.618
Ipswich,1200,7-9,soft,10m+,29,0.587
Ipswich,1200,7-9,soft,4-6m,71,0.542
Ipswich,1200,7-9,soft,7-9m,61,0.485
Ipswich,1200,7-9,soft,true,33,0.58
Ipswich,1400,1-3,dry,1-3m,87,0.428
Ipswich,1400,1-3,dry,10m+,51,0.381
Ipswich,1400,1-3,dry,4-6m,214,0.447
Ipswich,1400,1-3,dry,7-9m,60,0.422
Ipswich,1400,1-3,dry,true,74,0.424
Ipswich,1400,1-3,heavy,4-6m,23,0.341
Ipswich,1400,1-3,heavy,7-9m,33,0.415
Ipswich,1400,1-3,heavy,true,9,0.537
Ipswich,1400,1-3,soft,1-3m,47,0.424
Ipswich,1400,1-3,soft,10m+,44,0.487
Ipswich,1400,1-3,soft,4-6m,86,0.419
Ipswich,1400,1-3,soft,7-9m,48,0.426
Ipswich,1400,1-3,soft,true,75,0.476
Ipswich,1400,10-12,dry,1-3m,36,0.644
Ipswich,1400,10-12,dry,10m+,5,0.822
Ipswich,1400,10-12,dry,4-6m,114,0.555
Ipswich,1400,10-12,dry,7-9m,29,0.534
Ipswich,1400,10-12,dry,true,44,0.453
Ipswich,1400,10-12,heavy,4-6m,11,0.602
Ipswich,1400,10-12,heavy,7-9m,3,0.896
Ipswich,1400,10-12,heavy,true,6,0.535
Ipswich,1400,10-12,soft,1-3m,28,0.55
Ipswich,1400,10-12,soft,10m+,7,0.683
Ipswich,1400,10-12,soft,4-6m,34,0.513
Ipswich,1400,10-12,soft,7-9m,18,0.816
Ipswich,1400,10-12,soft,true,41,0.619
Ipswich,1400,13+,dry,1-3m,7,0.538
Ipswich,1400,13+,dry,4-6m,30,0.513
Ipswich,1400,13+,dry,true,8,0.655
Ipswich,1400,13+,heavy,4-6m,2,0.192
Ipswich,1400,13+,heavy,true,3,0.31
Ipswich,1400,13+,soft,1-3m,9,0.52
Ipswich,1400,13+,soft,4-6m,5,0.609
Ipswich,1400,13+,soft,7-9m,2,0.292
Ipswich,1400,13+,soft,true,11,0.565
Ipswich,1400,4-6,dry,1-3m,89,0.498
Ipswich,1400,4-6,dry,10m+,53,0.602
Ipswich,1400,4-6,dry,4-6m,222,0.501
Ipswich,1400,4-6,dry,7-9m,72,0.54
Ipswich,1400,4-6,dry,true,73,0.536
Ipswich,1400,4-6,heavy,4-6m,24,0.531
Ipswich,1400,4-6,heavy,7-9m,32,0.537
Ipswich,1400,4-6,heavy,true,9,0.533
Ipswich,1400,4-6,soft,1-3m,46,0.529
Ipswich,1400,4-6,soft,10m+,48,0.537
Ipswich,1400,4-6,soft,4-6m,90,0.495
Ipswich,1400,4-6,soft,7-9m,50,0.437
Ipswich,1400,4-6,soft,true,77,0.496
Ipswich,1400,7-9,dry,1-3m,82,0.504
Ipswich,1400,7-9,dry,10m+,48,0.542
Ipswich,1400,7-9,dry,4-6m,200,0.537
Ipswich,1400,7-9,dry,7-9m,59,0.551
Ipswich,1400,7-9,dry,true,69,0.571
Ipswich,1400,7-9,heavy,4-6m,21,0.601
Ipswich,1400,7-9,heavy,7-9m,19,0.568
Ipswich,1400,7-9,heavy,true,9,0.469
Ipswich,1400,7-9,soft,1-3m,45,0.513
Ipswich,1400,7-9,soft,10m+,39,0.477
Ipswich,1400,7-9,soft,4-6m,76,0.601
Ipswich,1400,7-9,soft,7-9m,45,0.547
Ipswich,1400,7-9,soft,true,76,0.472
Ipswich,1500,1-3,dry,4-6m,9,0.4
Ipswich,1500,1-3,dry,true,6,0.476
Ipswich,1500,1-3,soft,1-3m,3,0.583
Ipswich,1500,10-12,dry,4-6m,2,0.85
Ipswich,1500,4-6,dry,4-6m,10,0.501
Ipswich,1500,4-6,dry,true,6,0.506
Ipswich,1500,4-6,soft,1-3m,2,0.375
Ipswich,1500,7-9,dry,4-6m,6,0.617
Ipswich,1500,7-9,dry,true,5,0.521
Ipswich,1500,7-9,soft,1-3m,3,0.625
Ipswich,1600,1-3,dry,true,3,0.278
Ipswich,1600,1-3,soft,true,3,0.625
Ipswich,1600,4-6,dry,true,3,0.611
Ipswich,1600,4-6,soft,true,3,0.542
Ipswich,1600,7-9,dry,true,1,0.833
Ipswich,1600,7-9,soft,true,3,0.333
Ipswich,1700,1-3,dry,1-3m,44,0.481
Ipswich,1700,1-3,dry,10m+,20,0.563
Ipswich,1700,1-3,dry,4-6m,161,0.481
Ipswich,1700,1-3,dry,7-9m,26,0.538
Ipswich,1700,1-3,dry,true,78,0.394
Ipswich,1700,1-3,heavy,4-6m,21,0.449
Ipswich,1700,1-3,heavy,7-9m,19,0.495
Ipswich,1700,1-3,heavy,true,6,0.604
Ipswich,1700,1-3,soft,1-3m,22,0.523
Ipswich,1700,1-3,soft,10m+,18,0.577
Ipswich,1700,1-3,soft,4-6m,75,0.454
Ipswich,1700,1-3,soft,7-9m,68,0.406
Ipswich,1700,1-3,soft,true,56,0.429
Ipswich,1700,10-12,dry,1-3m,14,0.657
Ipswich,1700,10-12,dry,10m+,7,0.627
Ipswich,1700,10-12,dry,4-6m,73,0.526
Ipswich,1700,10-12,dry,7-9m,11,0.588
Ipswich,1700,10-12,dry,true,31,0.601
Ipswich,1700,10-12,heavy,4-6m,8,0.413
Ipswich,1700,10-12,heavy,7-9m,2,0.4
Ipswich,1700,10-12,soft,1-3m,12,0.457
Ipswich,1700,10-12,soft,10m+,10,0.612
Ipswich,1700,10-12,soft,4-6m,23,0.552
Ipswich,1700,10-12,soft,7-9m,31,0.569
Ipswich,1700,10-12,soft,true,29,0.663
Ipswich,1700,13+,dry,1-3m,2,0.923
Ipswich,1700,13+,dry,4-6m,12,0.781
Ipswich,1700,13+,dry,true,8,0.753
Ipswich,1700,13+,heavy,4-6m,3,0.487
Ipswich,1700,13+,soft,4-6m,7,0.604
Ipswich,1700,13+,soft,true,7,0.848
Ipswich,1700,4-6,dry,1-3m,47,0.447
Ipswich,1700,4-6,dry,10m+,26,0.489
Ipswich,1700,4-6,dry,4-6m,163,0.486
Ipswich,1700,4-6,dry,7-9m,34,0.504
Ipswich,1700,4-6,dry,true,79,0.498
Ipswich,1700,4-6,heavy,4-6m,21,0.595
Ipswich,1700,4-6,heavy,7-9m,20,0.458
Ipswich,1700,4-6,heavy,true,5,0.646
Ipswich,1700,4-6,soft,1-3m,21,0.461
Ipswich,1700,4-6,soft,10m+,22,0.517
Ipswich,1700,4-6,soft,4-6m,74,0.505
Ipswich,1700,4-6,soft,7-9m,70,0.503
Ipswich,1700,4-6,soft,true,55,0.424
Ipswich,1700,7-9,dry,1-3m,37,0.527
Ipswich,1700,7-9,dry,10m+,17,0.45
Ipswich,1700,7-9,dry,4-6m,148,0.54
Ipswich,1700,7-9,dry,7-9m,25,0.529
Ipswich,1700,7-9,dry,true,62,0.565
Ipswich,1700,7-9,heavy,4-6m,17,0.489
Ipswich,1700,7-9,heavy,7-9m,7,0.657
Ipswich,1700,7-9,heavy,true,5,0.186
Ipswich,1700,7-9,soft,1-3m,21,0.531
Ipswich,1700,7-9,soft,10m+,20,0.446
Ipswich,1700,7-9,soft,4-6m,59,0.563
Ipswich,1700,7-9,soft,7-9m,63,0.584
Ipswich,1700,7-9,soft,true,49,0.535
Ipswich,2000,1-3,dry,1-3m,3,0.4
Ipswich,2000,1-3,dry,4-6m,5,0.551
Ipswich,2000,1-3,soft,1-3m,3,0.333
Ipswich,2000,1-3,soft,10m+,3,0.259
Ipswich,2000,1-3,soft,4-6m,3,0.407
Ipswich,2000,1-3,soft,7-9m,8,0.315
Ipswich,2000,1-3,soft,true,3,0.37
Ipswich,2000,10-12,dry,4-6m,1,0.889
Ipswich,2000,10-12,soft,1-3m,1,0.889
Ipswich,2000,10-12,soft,10m+,1,1.0
Ipswich,2000,10-12,soft,4-6m,1,0.889
Ipswich,2000,10-12,soft,true,1,1.0
Ipswich,2000,4-6,dry,1-3m,3,0.6
Ipswich,2000,4-6,dry,4-6m,5,0.613
Ipswich,2000,4-6,soft,1-3m,2,0.333
Ipswich,2000,4-6,soft,10m+,3,0.704
Ipswich,2000,4-6,soft,4-6m,3,0.63
Ipswich,2000,4-6,soft,7-9m,7,0.52
Ipswich,2000,4-6,soft,true,3,0.222
Ipswich,2000,7-9,dry,4-6m,3,0.296
Ipswich,2000,7-9,soft,1-3m,3,0.481
Ipswich,2000,7-9,soft,10m+,3,0.333
Ipswich,2000,7-9,soft,4-6m,3,0.333
Ipswich,2000,7-9,soft,7-9m,7,0.745
Ipswich,2000,7-9,soft,true,3,0.741
Ipswich,2100,1-3,soft,true,3,0.708
Ipswich,2100,4-6,soft,true,3,0.458
Ipswich,2100,7-9,soft,true,3,0.333
Ipswich,2200,1-3,dry,1-3m,15,0.426
Ipswich,2200,1-3,dry,10m+,6,0.6
Ipswich,2200,1-3,dry,4-6m,63,0.438
Ipswich,2200,1-3,dry,7-9m,8,0.493
Ipswich,2200,1-3,dry,true,18,0.421
Ipswich,2200,1-3,heavy,4-6m,6,0.372
Ipswich,2200,1-3,heavy,7-9m,10,0.267
Ipswich,2200,1-3,soft,1-3m,15,0.444
Ipswich,2200,1-3,soft,10m+,11,0.532
Ipswich,2200,1-3,soft,4-6m,24,0.505
Ipswich,2200,1-3,soft,7-9m,13,0.437
Ipswich,2200,1-3,soft,true,31,0.399
Ipswich,2200,10-12,dry,1-3m,3,0.833
Ipswich,2200,10-12,dry,10m+,4,0.211
Ipswich,2200,10-12,dry,4-6m,31,0.485
Ipswich,2200,10-12,dry,7-9m,2,0.55
Ipswich,2200,10-12,dry,true,8,0.667
Ipswich,2200,10-12,heavy,4-6m,3,0.818
Ipswich,2200,10-12,heavy,7-9m,7,0.503
Ipswich,2200,10-12,soft,1-3m,7,0.395
Ipswich,2200,10-12,soft,10m+,6,0.598
Ipswich,2200,10-12,soft,4-6m,13,0.538
Ipswich,2200,10-12,soft,7-9m,7,0.465
Ipswich,2200,10-12,soft,true,11,0.688
Ipswich,2200,13+,dry,1-3m,1,0.083
Ipswich,2200,13+,dry,4-6m,10,0.568
Ipswich,2200,13+,soft,4-6m,4,0.654
Ipswich,2200,13+,soft,true,7,0.474
Ipswich,2200,4-6,dry,1-3m,15,0.544
Ipswich,2200,4-6,dry,10m+,15,0.644
Ipswich,2200,4-6,dry,4-6m,68,0.53
Ipswich,2200,4-6,dry,7-9m,9,0.631
Ipswich,2200,4-6,dry,true,18,0.433
Ipswich,2200,4-6,heavy,4-6m,6,0.556
Ipswich,2200,4-6,heavy,7-9m,15,0.615
Ipswich,2200,4-6,soft,1-3m,14,0.419
Ipswich,2200,4-6,soft,10m+,17,0.562
Ipswich,2200,4-6,soft,4-6m,26,0.622
Ipswich,2200,4-6,soft,7-9m,21,0.56
Ipswich,2200,4-6,soft,true,33,0.594
Ipswich,2200,7-9,dry,1-3m,10,0.536
Ipswich,2200,7-9,dry,10m+,9,0.563
Ipswich,2200,7-9,dry,4-6m,56,0.594
Ipswich,2200,7-9,dry,7-9m,8,0.379
Ipswich,2200,7-9,dry,true,18,0.572
Ipswich,2200,7-9,heavy,4-6m,5,0.395
Ipswich,2200,7-9,heavy,7-9m,10,0.589
Ipswich,2200,7-9,soft,1-3m,13,0.763
Ipswich,2200,7-9,soft,10m+,15,0.43
Ipswich,2200,7-9,soft,4-6m,25,0.455
Ipswich,2200,7-9,soft,7-9m,20,0.551
Ipswich,2200,7-9,soft,true,27,0.441
Ipswich,2500,1-3,dry,4-6m,2,0.636
Ipswich,2500,1-3,soft,1-3m,3,0.167
Ipswich,2500,1-3,soft,4-6m,3,0.333
Ipswich,2500,10-12,dry,4-6m,6,0.46
Ipswich,2500,10-12,soft,1-3m,3,0.714
Ipswich,2500,13+,dry,4-6m,4,0.25
Ipswich,2500,13+,soft,1-3m,3,0.619
Ipswich,2500,4-6,dry,4-6m,6,0.425
Ipswich,2500,4-6,soft,1-3m,3,0.69
Ipswich,2500,4-6,soft,4-6m,3,0.583
Ipswich,2500,7-9,dry,4-6m,5,0.796
Ipswich,2500,7-9,soft,1-3m,3,0.31
Ipswich,2500,7-9,soft,4-6m,3,0.583
Kilcoy,800,1-3,dry,true,21,0.641
Kilcoy,800,1-3,soft,true,18,0.583
Kilcoy,800,10-12,dry,true,1,0.556
Kilcoy,800,10-12,soft,true,2,0.278
Kilcoy,800,4-6,dry,true,20,0.501
Kilcoy,800,4-6,soft,true,18,0.52
Kilcoy,800,7-9,dry,true,20,0.367
Kilcoy,800,7-9,soft,true,12,0.382
Kilcoy,1200,1-3,dry,true,52,0.425
Kilcoy,1200,1-3,heavy,true,9,0.264
Kilcoy,1200,1-3,soft,true,70,0.386
Kilcoy,1200,10-12,dry,true,22,0.39
Kilcoy,1200,10-12,heavy,true,5,0.622
Kilcoy,1200,10-12,soft,true,22,0.546
Kilcoy,1200,4-6,dry,true,53,0.574
Kilcoy,1200,4-6,heavy,true,9,0.481
Kilcoy,1200,4-6,soft,true,70,0.494
Kilcoy,1200,7-9,dry,true,48,0.55
Kilcoy,1200,7-9,heavy,true,8,0.711
Kilcoy,1200,7-9,soft,true,50,0.612
Kilcoy,1500,1-3,dry,true,36,0.496
Kilcoy,1500,1-3,soft,true,42,0.439
Kilcoy,1500,10-12,dry,true,7,0.54
Kilcoy,1500,10-12,soft,true,7,0.613
Kilcoy,1500,4-6,dry,true,36,0.498
Kilcoy,1500,4-6,soft,true,45,0.473
Kilcoy,1500,7-9,dry,true,35,0.498
Kilcoy,1500,7-9,soft,true,35,0.595
Kilcoy,1900,1-3,dry,true,14,0.386
Kilcoy,1900,1-3,heavy,true,3,0.63
Kilcoy,1900,1-3,soft,true,27,0.574
Kilcoy,1900,10-12,dry,true,7,0.63
Kilcoy,1900,10-12,heavy,true,1,0.111
Kilcoy,1900,10-12,soft,true,11,0.48
Kilcoy,1900,4-6,dry,true,15,0.52
Kilcoy,1900,4-6,heavy,true,3,0.37
Kilcoy,1900,4-6,soft,true,27,0.442
Kilcoy,1900,7-9,dry,true,15,0.559
Kilcoy,1900,7-9,heavy,true,3,0.63
Kilcoy,1900,7-9,soft,true,25,0.491
Mackay,1000,1-3,dry,1-3m,24,0.392
Mackay,1000,1-3,dry,true,93,0.436
Mackay,1000,1-3,soft,true,33,0.44
Mackay,1000,10-12,dry,1-3m,3,0.593
Mackay,1000,10-12,dry,true,18,0.678
Mackay,1000,10-12,soft,true,7,0.602
Mackay,1000,4-6,dry,1-3m,24,0.454
Mackay,1000,4-6,dry,true,90,0.515
Mackay,1000,4-6,soft,true,32,0.551
Mackay,1000,7-9,dry,1-3m,22,0.668
Mackay,1000,7-9,dry,true,65,0.519
Mackay,1000,7-9,soft,true,25,0.506
Mackay,1100,1-3,dry,1-3m,38,0.389
Mackay,1100,1-3,dry,4-6m,3,0.63
Mackay,1100,1-3,dry,true,230,0.404
Mackay,1100,1-3,heavy,true,3,0.381
Mackay,1100,1-3,soft,1-3m,18,0.407
Mackay,1100,1-3,soft,true,41,0.481
Mackay,1100,10-12,dry,1-3m,4,0.506
Mackay,1100,10-12,dry,4-6m,1,0.889
Mackay,1100,10-12,dry,true,77,0.64
Mackay,1100,10-12,soft,1-3m,1,0.0
Mackay,1100,10-12,soft,true,11,0.524
Mackay,1100,13+,dry,true,7,0.619
Mackay,1100,13+,soft,true,2,0.917
Mackay,1100,4-6,dry,1-3m,38,0.475
Mackay,1100,4-6,dry,4-6m,3,0.333
Mackay,1100,4-6,dry,true,227,0.517
Mackay,1100,4-6,heavy,true,3,0.667
Mackay,1100,4-6,soft,1-3m,17,0.604
Mackay,1100,4-6,soft,true,40,0.496
Mackay,1100,7-9,dry,1-3m,35,0.65
Mackay,1100,7-9,dry,4-6m,3,0.407
Mackay,1100,7-9,dry,true,186,0.539
Mackay,1100,7-9,heavy,true,2,0.429
Mackay,1100,7-9,soft,1-3m,10,0.54
Mackay,1100,7-9,soft,true,24,0.475
Mackay,1200,1-3,dry,1-3m,36,0.389
Mackay,1200,1-3,dry,4-6m,3,0.741
Mackay,1200,1-3,dry,true,196,0.435
Mackay,1200,1-3,heavy,true,9,0.331
Mackay,1200,1-3,soft,1-3m,18,0.495
Mackay,1200,1-3,soft,true,51,0.399
Mackay,1200,10-12,dry,1-3m,10,0.417
Mackay,1200,10-12,dry,4-6m,1,0.111
Mackay,1200,10-12,dry,true,58,0.585
Mackay,1200,10-12,soft,true,12,0.554
Mackay,1200,13+,dry,true,7,0.893
Mackay,1200,13+,soft,true,1,0.833
Mackay,1200,4-6,dry,1-3m,36,0.582
Mackay,1200,4-6,dry,4-6m,3,0.222
Mackay,1200,4-6,dry,true,198,0.484
Mackay,1200,4-6,heavy,true,9,0.511
Mackay,1200,4-6,soft,1-3m,18,0.371
Mackay,1200,4-6,soft,true,50,0.517
Mackay,1200,7-9,dry,1-3m,33,0.56
Mackay,1200,7-9,dry,4-6m,3,0.667
Mackay,1200,7-9,dry,true,140,0.563
Mackay,1200,7-9,heavy,true,6,0.737
Mackay,1200,7-9,soft,1-3m,7,0.844
Mackay,1200,7-9,soft,true,31,0.596
Mackay,1300,1-3,dry,1-3m,40,0.44
Mackay,1300,1-3,dry,4-6m,9,0.366
Mackay,1300,1-3,dry,true,211,0.463
Mackay,1300,1-3,heavy,true,3,0.467
Mackay,1300,1-3,soft,1-3m,12,0.434
Mackay,1300,1-3,soft,true,49,0.443
Mackay,1300,10-12,dry,1-3m,15,0.45
Mackay,1300,10-12,dry,4-6m,1,0.667
Mackay,1300,10-12,dry,true,82,0.541
Mackay,1300,10-12,soft,1-3m,3,0.697
Mackay,1300,10-12,soft,true,14,0.446
Mackay,1300,13+,dry,true,14,0.592
Mackay,1300,13+,soft,true,6,0.432
Mackay,1300,4-6,dry,1-3m,41,0.559
Mackay,1300,4-6,dry,4-6m,9,0.632
Mackay,1300,4-6,dry,true,212,0.485
Mackay,1300,4-6,heavy,true,3,0.533
Mackay,1300,4-6,soft,1-3m,11,0.509
Mackay,1300,4-6,soft,true,50,0.537
Mackay,1300,7-9,dry,1-3m,34,0.526
Mackay,1300,7-9,dry,4-6m,5,0.47
Mackay,1300,7-9,dry,true,178,0.524
Mackay,1300,7-9,soft,1-3m,8,0.513
Mackay,1300,7-9,soft,true,35,0.524
Mackay,1600,1-3,dry,1-3m,45,0.482
Mackay,1600,1-3,dry,4-6m,3,0.476
Mackay,1600,1-3,dry,true,186,0.435
Mackay,1600,1-3,heavy,true,3,0.6
Mackay,1600,1-3,soft,1-3m,9,0.472
Mackay,1600,1-3,soft,true,39,0.45
Mackay,1600,10-12,dry,1-3m,14,0.406
Mackay,1600,10-12,dry,true,39,0.655
Mackay,1600,10-12,soft,true,5,0.62
Mackay,1600,13+,dry,true,7,0.647
Mackay,1600,4-6,dry,1-3m,44,0.504
Mackay,1600,4-6,dry,4-6m,3,0.524
Mackay,1600,4-6,dry,true,183,0.492
Mackay,1600,4-6,heavy,true,3,0.4
Mackay,1600,4-6,soft,1-3m,9,0.667
Mackay,1600,4-6,soft,true,34,0.511
Mackay,1600,7-9,dry,1-3m,41,0.541
Mackay,1600,7-9,dry,4-6m,2,0.5
Mackay,1600,7-9,dry,true,119,0.557
Mackay,1600,7-9,soft,1-3m,7,0.321
Mackay,1600,7-9,soft,true,21,0.537
Mackay,1800,1-3,dry,1-3m,15,0.347
Mackay,1800,1-3,dry,4-6m,3,0.667
Mackay,1800,1-3,dry,true,73,0.486
Mackay,1800,1-3,heavy,true,3,0.6
Mackay,1800,1-3,soft,1-3m,5,0.6
Mackay,1800,1-3,soft,true,12,0.64
Mackay,1800,10-12,dry,1-3m,4,0.323
Mackay,1800,10-12,dry,4-6m,1,0.111
Mackay,1800,10-12,dry,true,22,0.46
Mackay,1800,10-12,soft,true,2,0.8
Mackay,1800,13+,dry,true,6,0.653
Mackay,1800,4-6,dry,1-3m,15,0.632
Mackay,1800,4-6,dry,4-6m,3,0.519
Mackay,1800,4-6,dry,true,70,0.507
Mackay,1800,4-6,heavy,true,3,0.4
Mackay,1800,4-6,soft,1-3m,6,0.583
Mackay,1800,4-6,soft,true,14,0.479
Mackay,1800,7-9,dry,1-3m,13,0.578
Mackay,1800,7-9,dry,4-6m,3,0.444
Mackay,1800,7-9,dry,true,52,0.522
Mackay,1800,7-9,soft,1-3m,1,0.167
Mackay,1800,7-9,soft,true,9,0.352
Mackay,2000,1-3,dry,1-3m,3,0.778
Mackay,2000,1-3,dry,true,32,0.431
Mackay,2000,1-3,soft,true,3,0.467
Mackay,2000,10-12,dry,true,18,0.725
Mackay,2000,13+,dry,true,6,0.436
Mackay,2000,4-6,dry,1-3m,3,0.167
Mackay,2000,4-6,dry,true,32,0.427
Mackay,2000,4-6,soft,true,3,0.533
Mackay,2000,7-9,dry,1-3m,1,0.667
Mackay,2000,7-9,dry,true,26,0.513
Moonee Valley,1000,1-3,dry,1-3m,36,0.519
Moonee Valley,1000,1-3,dry,4-6m,123,0.458
Moonee Valley,1000,1-3,dry,7-9m,41,0.443
Moonee Valley,1000,1-3,dry,true,147,0.426
Moonee Valley,1000,1-3,heavy,4-6m,6,0.433
Moonee Valley,1000,1-3,heavy,true,6,0.29
Moonee Valley,1000,1-3,soft,1-3m,12,0.469
Moonee Valley,1000,1-3,soft,4-6m,11,0.615
Moonee Valley,1000,1-3,soft,7-9m,23,0.501
Moonee Valley,1000,1-3,soft,true,54,0.494
Moonee Valley,1000,10-12,dry,1-3m,7,0.506
Moonee Valley,1000,10-12,dry,4-6m,21,0.706
Moonee Valley,1000,10-12,dry,7-9m,2,0.111
Moonee Valley,1000,10-12,dry,true,35,0.618
Moonee Valley,1000,10-12,soft,1-3m,1,0.222
Moonee Valley,1000,10-12,soft,4-6m,5,0.456
Moonee Valley,1000,10-12,soft,7-9m,3,0.815
Moonee Valley,1000,10-12,soft,true,14,0.518
Moonee Valley,1000,13+,dry,true,3,0.615
Moonee Valley,1000,13+,soft,true,1,0.167
Moonee Valley,1000,4-6,dry,1-3m,35,0.42
Moonee Valley,1000,4-6,dry,4-6m,121,0.484
Moonee Valley,1000,4-6,dry,7-9m,42,0.497
Moonee Valley,1000,4-6,dry,true,145,0.495
Moonee Valley,1000,4-6,heavy,4-6m,6,0.629
Moonee Valley,1000,4-6,heavy,true,6,0.614
Moonee Valley,1000,4-6,soft,1-3m,12,0.31
Moonee Valley,1000,4-6,soft,4-6m,12,0.452
Moonee Valley,1000,4-6,soft,7-9m,24,0.373
Moonee Valley,1000,4-6,soft,true,54,0.497
Moonee Valley,1000,7-9,dry,1-3m,25,0.563
Moonee Valley,1000,7-9,dry,4-6m,82,0.52
Moonee Valley,1000,7-9,dry,7-9m,27,0.602
Moonee Valley,1000,7-9,dry,true,97,0.569
Moonee Valley,1000,7-9,heavy,4-6m,3,0.375
Moonee Valley,1000,7-9,heavy,true,2,0.786
Moonee Valley,1000,7-9,soft,1-3m,10,0.793
Moonee Valley,1000,7-9,soft,4-6m,9,0.412
Moonee Valley,1000,7-9,soft,7-9m,22,0.573
Moonee Valley,1000,7-9,soft,true,39,0.536
Moonee Valley,1200,1-3,dry,1-3m,77,0.427
Moonee Valley,1200,1-3,dry,4-6m,158,0.424
Moonee Valley,1200,1-3,dry,7-9m,53,0.405
Moonee Valley,1200,1-3,dry,true,276,0.425
Moonee Valley,1200,1-3,heavy,4-6m,21,0.428
Moonee Valley,1200,1-3,heavy,true,9,0.346
Moonee Valley,1200,1-3,soft,1-3m,17,0.307
Moonee Valley,1200,1-3,soft,4-6m,24,0.398
Moonee Valley,1200,1-3,soft,7-9m,33,0.417
Moonee Valley,1200,1-3,soft,true,79,0.452
Moonee Valley,1200,10-12,dry,1-3m,28,0.582
Moonee Valley,1200,10-12,dry,4-6m,35,0.61
Moonee Valley,1200,10-12,dry,7-9m,7,0.651
Moonee Valley,1200,10-12,dry,true,64,0.656
Moonee Valley,1200,10-12,heavy,4-6m,3,0.879
Moonee Valley,1200,10-12,heavy,true,2,0.111
Moonee Valley,1200,10-12,soft,1-3m,7,0.427
Moonee Valley,1200,10-12,soft,4-6m,3,0.333
Moonee Valley,1200,10-12,soft,7-9m,6,0.722
Moonee Valley,1200,10-12,soft,true,39,0.666
Moonee Valley,1200,13+,dry,1-3m,2,0.846
Moonee Valley,1200,13+,dry,true,6,0.522
Moonee Valley,1200,13+,soft,1-3m,2,0.885
Moonee Valley,1200,13+,soft,true,5,0.615
Moonee Valley,1200,4-6,dry,1-3m,78,0.524
Moonee Valley,1200,4-6,dry,4-6m,161,0.489
Moonee Valley,1200,4-6,dry,7-9m,52,0.563
Moonee Valley,1200,4-6,dry,true,277,0.47
Moonee Valley,1200,4-6,heavy,4-6m,20,0.505
Moonee Valley,1200,4-6,heavy,true,9,0.549
Moonee Valley,1200,4-6,soft,1-3m,17,0.617
Moonee Valley,1200,4-6,soft,4-6m,24,0.541
Moonee Valley,1200,4-6,soft,7-9m,33,0.44
Moonee Valley,1200,4-6,soft,true,83,0.458
Moonee Valley,1200,7-9,dry,1-3m,54,0.498
Moonee Valley,1200,7-9,dry,4-6m,125,0.577
Moonee Valley,1200,7-9,dry,7-9m,40,0.536
Moonee Valley,1200,7-9,dry,true,219,0.579
Moonee Valley,1200,7-9,heavy,4-6m,11,0.552
Moonee Valley,1200,7-9,heavy,true,7,0.746
Moonee Valley,1200,7-9,soft,1-3m,16,0.608
Moonee Valley,1200,7-9,soft,4-6m,13,0.65
Moonee Valley,1200,7-9,soft,7-9m,24,0.61
Moonee Valley,1200,7-9,soft,true,71,0.511
Moonee Valley,1500,1-3,dry,1-3m,24,0.46
Moonee Valley,1500,1-3,dry,4-6m,45,0.48
Moonee Valley,1500,1-3,dry,7-9m,3,0.238
Moonee Valley,1500,1-3,dry,true,57,0.419
Moonee Valley,1500,1-3,heavy,4-6m,9,0.492
Moonee Valley,1500,1-3,soft,4-6m,12,0.468
Moonee Valley,1500,1-3,soft,7-9m,3,0.167
Moonee Valley,1500,1-3,soft,true,12,0.463
Moonee Valley,1500,10-12,dry,1-3m,7,0.576
Moonee Valley,1500,10-12,dry,4-6m,5,0.691
Moonee Valley,1500,10-12,dry,true,13,0.552
Moonee Valley,1500,10-12,heavy,4-6m,1,1.0
Moonee Valley,1500,10-12,soft,true,1,0.111
Moonee Valley,1500,4-6,dry,1-3m,24,0.418
Moonee Valley,1500,4-6,dry,4-6m,44,0.433
Moonee Valley,1500,4-6,dry,7-9m,3,0.667
Moonee Valley,1500,4-6,dry,true,57,0.494
Moonee Valley,1500,4-6,heavy,4-6m,9,0.591
Moonee Valley,1500,4-6,soft,4-6m,12,0.45
Moonee Valley,1500,4-6,soft,7-9m,3,0.833
Moonee Valley,1500,4-6,soft,true,12,0.407
Moonee Valley,1500,7-9,dry,1-3m,22,0.609
Moonee Valley,1500,7-9,dry,4-6m,37,0.575
Moonee Valley,1500,7-9,dry,7-9m,2,0.643
Moonee Valley,1500,7-9,dry,true,42,0.601
Moonee Valley,1500,7-9,heavy,4-6m,7,0.321
Moonee Valley,1500,7-9,soft,4-6m,5,0.696
Moonee Valley,1500,7-9,soft,7-9m,1,0.5
Moonee Valley,1500,7-9,soft,true,7,0.724
Moonee Valley,1600,1-3,dry,1-3m,22,0.3
Moonee Valley,1600,1-3,dry,4-6m,92,0.393
Moonee Valley,1600,1-3,dry,7-9m,33,0.419
Moonee Valley,1600,1-3,dry,true,172,0.436
Moonee Valley,1600,1-3,heavy,4-6m,12,0.444
Moonee Valley,1600,1-3,heavy,true,9,0.319
Moonee Valley,1600,1-3,soft,1-3m,18,0.446
Moonee Valley,1600,1-3,soft,4-6m,12,0.514
Moonee Valley,1600,1-3,soft,7-9m,23,0.533
Moonee Valley,1600,1-3,soft,true,81,0.471
Moonee Valley,1600,10-12,dry,1-3m,5,0.509
Moonee Valley,1600,10-12,dry,4-6m,17,0.542
Moonee Valley,1600,10-12,dry,7-9m,5,0.578
Moonee Valley,1600,10-12,dry,true,41,0.531
Moonee Valley,1600,10-12,heavy,4-6m,3,0.27
Moonee Valley,1600,10-12,soft,1-3m,9,0.525
Moonee Valley,1600,10-12,soft,4-6m,9,0.341
Moonee Valley,1600,10-12,soft,7-9m,3,0.63
Moonee Valley,1600,10-12,soft,true,29,0.549
Moonee Valley,1600,13+,dry,1-3m,2,0.615
Moonee Valley,1600,13+,dry,true,11,0.521
Moonee Valley,1600,13+,soft,1-3m,3,0.923
Moonee Valley,1600,13+,soft,true,8,0.715
Moonee Valley,1600,4-6,dry,1-3m,24,0.491
Moonee Valley,1600,4-6,dry,4-6m,93,0.554
Moonee Valley,1600,4-6,dry,7-9m,33,0.496
Moonee Valley,1600,4-6,dry,true,171,0.501
Moonee Valley,1600,4-6,heavy,4-6m,12,0.639
Moonee Valley,1600,4-6,heavy,true,9,0.569
Moonee Valley,1600,4-6,soft,1-3m,17,0.513
Moonee Valley,1600,4-6,soft,4-6m,12,0.426
Moonee Valley,1600,4-6,soft,7-9m,24,0.453
Moonee Valley,1600,4-6,soft,true,80,0.518
Moonee Valley,1600,7-9,dry,1-3m,17,0.714
Moonee Valley,1600,7-9,dry,4-6m,64,0.576
Moonee Valley,1600,7-9,dry,7-9m,25,0.577
Moonee Valley,1600,7-9,dry,true,137,0.551
Moonee Valley,1600,7-9,heavy,4-6m,9,0.466
Moonee Valley,1600,7-9,heavy,true,8,0.625
Moonee Valley,1600,7-9,soft,1-3m,14,0.475
Moonee Valley,1600,7-9,soft,4-6m,12,0.68
Moonee Valley,1600,7-9,soft,7-9m,17,0.493
Moonee Valley,1600,7-9,soft,true,65,0.467
Moonee Valley,2000,1-3,dry,1-3m,30,0.372
Moonee Valley,2000,1-3,dry,4-6m,69,0.405
Moonee Valley,2000,1-3,dry,7-9m,15,0.547
Moonee Valley,2000,1-3,dry,true,158,0.452
Moonee Valley,2000,1-3,heavy,4-6m,9,0.348
Moonee Valley,2000,1-3,heavy,true,6,0.449
Moonee Valley,2000,1-3,soft,1-3m,9,0.333
Moonee Valley,2000,1-3,soft,4-6m,9,0.397
Moonee Valley,2000,1-3,soft,7-9m,15,0.503
Moonee Valley,2000,1-3,soft,true,48,0.388
Moonee Valley,2000,10-12,dry,1-3m,4,0.728
Moonee Valley,2000,10-12,dry,4-6m,18,0.65
Moonee Valley,2000,10-12,dry,7-9m,2,0.889
Moonee Valley,2000,10-12,dry,true,53,0.486
Moonee Valley,2000,10-12,heavy,4-6m,1,0.889
Moonee Valley,2000,10-12,heavy,true,3,0.667
Moonee Valley,2000,10-12,soft,1-3m,4,0.528
Moonee Valley,2000,10-12,soft,4-6m,4,0.795
Moonee Valley,2000,10-12,soft,7-9m,1,0.889
Moonee Valley,2000,10-12,soft,true,17,0.731
Moonee Valley,2000,13+,dry,true,8,0.605
Moonee Valley,2000,13+,soft,1-3m,1,0.75
Moonee Valley,2000,13+,soft,true,2,0.574
Moonee Valley,2000,4-6,dry,1-3m,30,0.525
Moonee Valley,2000,4-6,dry,4-6m,68,0.503
Moonee Valley,2000,4-6,dry,7-9m,15,0.358
Moonee Valley,2000,4-6,dry,true,157,0.545
Moonee Valley,2000,4-6,heavy,4-6m,9,0.482
Moonee Valley,2000,4-6,heavy,true,6,0.417
Moonee Valley,2000,4-6,soft,1-3m,9,0.505
Moonee Valley,2000,4-6,soft,4-6m,9,0.381
Moonee Valley,2000,4-6,soft,7-9m,15,0.425
Moonee Valley,2000,4-6,soft,true,48,0.484
Moonee Valley,2000,7-9,dry,1-3m,25,0.587
Moonee Valley,2000,7-9,dry,4-6m,57,0.554
Moonee Valley,2000,7-9,dry,7-9m,15,0.543
Moonee Valley,2000,7-9,dry,true,124,0.498
Moonee Valley,2000,7-9,heavy,4-6m,6,0.69
Moonee Valley,2000,7-9,heavy,true,6,0.551
Moonee Valley,2000,7-9,soft,1-3m,8,0.636
Moonee Valley,2000,7-9,soft,4-6m,7,0.617
Moonee Valley,2000,7-9,soft,7-9m,13,0.553
Moonee Valley,2000,7-9,soft,true,41,0.513
Moonee Valley,2500,1-3,dry,1-3m,9,0.428
Moonee Valley,2500,1-3,dry,4-6m,27,0.413
Moonee Valley,2500,1-3,dry,7-9m,9,0.407
Moonee Valley,2500,1-3,dry,true,45,0.407
Moonee Valley,2500,1-3,heavy,4-6m,3,0.333
Moonee Valley,2500,1-3,heavy,true,3,0.424
Moonee Valley,2500,1-3,soft,1-3m,8,0.506
Moonee Valley,2500,1-3,soft,4-6m,9,0.481
Moonee Valley,2500,1-3,soft,true,15,0.341
Moonee Valley,2500,10-12,dry,1-3m,5,0.576
Moonee Valley,2500,10-12,dry,4-6m,10,0.602
Moonee Valley,2500,10-12,dry,true,18,0.616
Moonee Valley,2500,10-12,heavy,true,3,0.333
Moonee Valley,2500,10-12,soft,1-3m,7,0.506
Moonee Valley,2500,10-12,soft,4-6m,1,0.667
Moonee Valley,2500,10-12,soft,true,9,0.672
Moonee Valley,2500,13+,dry,4-6m,1,0.917
Moonee Valley,2500,13+,dry,true,4,0.462
Moonee Valley,2500,13+,soft,true,3,0.905
Moonee Valley,2500,4-6,dry,1-3m,9,0.454
Moonee Valley,2500,4-6,dry,4-6m,27,0.474
Moonee Valley,2500,4-6,dry,7-9m,9,0.444
Moonee Valley,2500,4-6,dry,true,45,0.511
Moonee Valley,2500,4-6,heavy,4-6m,3,0.5
Moonee Valley,2500,4-6,heavy,true,3,0.576
Moonee Valley,2500,4-6,soft,1-3m,8,0.335
Moonee Valley,2500,4-6,soft,4-6m,9,0.389
Moonee Valley,2500,4-6,soft,true,15,0.392
Moonee Valley,2500,7-9,dry,1-3m,6,0.614
Moonee Valley,2500,7-9,dry,4-6m,27,0.56
Moonee Valley,2500,7-9,dry,7-9m,3,0.944
Moonee Valley,2500,7-9,dry,true,38,0.539
Moonee Valley,2500,7-9,heavy,4-6m,3,0.667
Moonee Valley,2500,7-9,heavy,true,3,0.667
Moonee Valley,2500,7-9,soft,1-3m,9,0.67
Moonee Valley,2500,7-9,soft,4-6m,6,0.668
Moonee Valley,2500,7-9,soft,true,14,0.589
Moonee Valley,3000,1-3,dry,1-3m,6,0.444
Moonee Valley,3000,1-3,dry,4-6m,21,0.464
Moonee Valley,3000,1-3,dry,7-9m,6,0.387
Moonee Valley,3000,1-3,dry,true,14,0.476
Moonee Valley,3000,1-3,soft,7-9m,4,0.274
Moonee Valley,3000,10-12,dry,1-3m,3,0.667
Moonee Valley,3000,10-12,dry,4-6m,6,0.344
Moonee Valley,3000,10-12,dry,7-9m,1,0.111
Moonee Valley,3000,10-12,dry,true,4,0.679
Moonee Valley,3000,10-12,soft,7-9m,1,0.444
Moonee Valley,3000,13+,dry,true,2,0.692
Moonee Valley,3000,4-6,dry,1-3m,6,0.42
Moonee Valley,3000,4-6,dry,4-6m,21,0.484
Moonee Valley,3000,4-6,dry,7-9m,5,0.633
Moonee Valley,3000,4-6,dry,true,15,0.432
Moonee Valley,3000,4-6,soft,7-9m,5,0.508
Moonee Valley,3000,7-9,dry,1-3m,5,0.564
Moonee Valley,3000,7-9,dry,4-6m,14,0.617
Moonee Valley,3000,7-9,dry,7-9m,6,0.558
Moonee Valley,3000,7-9,dry,true,14,0.507
Moonee Valley,3000,7-9,soft,7-9m,4,0.604
Mornington,1000,1-3,dry,1-3m,9,0.35
Mornington,1000,1-3,dry,7-9m,21,0.467
Mornington,1000,1-3,dry,true,30,0.487
Mornington,1000,1-3,heavy,true,3,0.455
Mornington,1000,1-3,soft,4-6m,27,0.406
Mornington,1000,1-3,soft,7-9m,12,0.42
Mornington,1000,1-3,soft,true,3,0.467
Mornington,1000,10-12,dry,true,5,0.52
Mornington,1000,10-12,heavy,true,3,0.394
Mornington,1000,10-12,soft,4-6m,5,0.913
Mornington,1000,10-12,soft,true,2,0.6
Mornington,1000,4-6,dry,1-3m,9,0.418
Mornington,1000,4-6,dry,7-9m,21,0.494
Mornington,1000,4-6,dry,true,30,0.468
Mornington,1000,4-6,heavy,true,3,0.667
Mornington,1000,4-6,soft,4-6m,27,0.443
Mornington,1000,4-6,soft,7-9m,12,0.438
Mornington,1000,4-6,soft,true,3,0.167
Mornington,1000,7-9,dry,1-3m,6,0.848
Mornington,1000,7-9,dry,7-9m,17,0.548
Mornington,1000,7-9,dry,true,20,0.562
Mornington,1000,7-9,heavy,true,3,0.485
Mornington,1000,7-9,soft,4-6m,22,0.592
Mornington,1000,7-9,soft,7-9m,10,0.671
Mornington,1000,7-9,soft,true,3,0.8
Mornington,1200,1-3,dry,1-3m,12,0.368
Mornington,1200,1-3,dry,4-6m,12,0.524
Mornington,1200,1-3,dry,7-9m,30,0.374
Mornington,1200,1-3,dry,true,45,0.447
Mornington,1200,1-3,heavy,true,6,0.463
Mornington,1200,1-3,soft,4-6m,24,0.391
Mornington,1200,1-3,soft,7-9m,15,0.42
Mornington,1200,1-3,soft,true,6,0.562
Mornington,1200,10-12,dry,1-3m,2,0.556
Mornington,1200,10-12,dry,4-6m,1,0.111
Mornington,1200,10-12,dry,7-9m,10,0.87
Mornington,1200,10-12,dry,true,14,0.467
Mornington,1200,10-12,heavy,true,2,0.5
Mornington,1200,10-12,soft,4-6m,9,0.672
Mornington,1200,10-12,soft,7-9m,5,0.36
Mornington,1200,10-12,soft,true,2,0.8
Mornington,1200,13+,dry,true,1,1.0
Mornington,1200,13+,soft,4-6m,2,0.923
Mornington,1200,4-6,dry,1-3m,12,0.409
Mornington,1200,4-6,dry,4-6m,12,0.48
Mornington,1200,4-6,dry,7-9m,30,0.562
Mornington,1200,4-6,dry,true,44,0.484
Mornington,1200,4-6,heavy,true,6,0.389
Mornington,1200,4-6,soft,4-6m,24,0.542
Mornington,1200,4-6,soft,7-9m,15,0.451
Mornington,1200,4-6,soft,true,6,0.5
Mornington,1200,7-9,dry,1-3m,8,0.759
Mornington,1200,7-9,dry,4-6m,7,0.549
Mornington,1200,7-9,dry,7-9m,24,0.426
Mornington,1200,7-9,dry,true,38,0.581
Mornington,1200,7-9,heavy,true,6,0.648
Mornington,1200,7-9,soft,4-6m,20,0.46
Mornington,1200,7-9,soft,7-9m,12,0.72
Mornington,1200,7-9,soft,true,6,0.337
Mornington,1500,1-3,dry,1-3m,9,0.388
Mornington,1500,1-3,dry,4-6m,3,0.417
Mornington,1500,1-3,dry,7-9m,30,0.412
Mornington,1500,1-3,dry,true,6,0.375
Mornington,1500,1-3,soft,4-6m,12,0.291
Mornington,1500,1-3,soft,7-9m,9,0.513
Mornington,1500,10-12,dry,1-3m,3,0.889
Mornington,1500,10-12,dry,7-9m,13,0.613
Mornington,1500,10-12,dry,true,4,0.625
Mornington,1500,10-12,soft,4-6m,10,0.649
Mornington,1500,10-12,soft,7-9m,5,0.453
Mornington,1500,13+,dry,1-3m,1,0.0
Mornington,1500,13+,dry,true,1,0.917
Mornington,1500,4-6,dry,1-3m,9,0.654
Mornington,1500,4-6,dry,4-6m,3,0.208
Mornington,1500,4-6,dry,7-9m,30,0.576
Mornington,1500,4-6,dry,true,6,0.407
Mornington,1500,4-6,soft,4-6m,12,0.38
Mornington,1500,4-6,soft,7-9m,9,0.492
Mornington,1500,7-9,dry,1-3m,6,0.326
Mornington,1500,7-9,dry,4-6m,3,0.875
Mornington,1500,7-9,dry,7-9m,25,0.456
Mornington,1500,7-9,dry,true,6,0.565
Mornington,1500,7-9,soft,4-6m,12,0.663
Mornington,1500,7-9,soft,7-9m,8,0.524
Mornington,1600,1-3,dry,true,25,0.487
Mornington,1600,1-3,soft,true,3,0.3
Mornington,1600,10-12,dry,true,5,0.353
Mornington,1600,10-12,soft,true,2,0.9
Mornington,1600,4-6,dry,true,27,0.476
Mornington,1600,4-6,soft,true,3,0.567
Mornington,1600,7-9,dry,true,19,0.588
Mornington,1600,7-9,soft,true,3,0.367
Mornington,2000,1-3,dry,1-3m,9,0.507
Mornington,2000,1-3,dry,4-6m,3,0.185
Mornington,2000,1-3,dry,7-9m,9,0.433
Mornington,2000,1-3,dry,true,12,0.571
Mornington,2000,1-3,soft,4-6m,6,0.53
Mornington,2000,1-3,soft,7-9m,3,0.194
Mornington,2000,1-3,soft,true,3,0.7
Mornington,2000,10-12,dry,1-3m,2,0.5
Mornington,2000,10-12,dry,4-6m,1,0.889
Mornington,2000,10-12,dry,7-9m,4,0.425
Mornington,2000,10-12,dry,true,3,0.656
Mornington,2000,10-12,soft,4-6m,6,0.72
Mornington,2000,10-12,soft,7-9m,3,0.583
Mornington,2000,10-12,soft,true,2,0.9
Mornington,2000,13+,soft,4-6m,2,0.423
Mornington,2000,13+,soft,7-9m,1,1.0
Mornington,2000,4-6,dry,1-3m,9,0.537
Mornington,2000,4-6,dry,4-6m,3,0.444
Mornington,2000,4-6,dry,7-9m,9,0.622
Mornington,2000,4-6,dry,true,12,0.4
Mornington,2000,4-6,soft,4-6m,6,0.441
Mornington,2000,4-6,soft,7-9m,3,0.5
Mornington,2000,4-6,soft,true,3,0.2
Mornington,2000,7-9,dry,1-3m,5,0.42
Mornington,2000,7-9,dry,4-6m,3,0.741
Mornington,2000,7-9,dry,7-9m,6,0.467
Mornington,2000,7-9,dry,true,10,0.488
Mornington,2000,7-9,soft,4-6m,6,0.334
Mornington,2000,7-9,soft,7-9m,3,0.556
Mornington,2000,7-9,soft,true,3,0.333
Mornington,2400,1-3,dry,1-3m,3,0.667
Mornington,2400,1-3,dry,true,12,0.529
Mornington,2400,1-3,soft,4-6m,3,0.143
Mornington,2400,10-12,dry,true,5,0.42
Mornington,2400,13+,dry,true,2,0.769
Mornington,2400,4-6,dry,1-3m,3,0.222
Mornington,2400,4-6,dry,true,12,0.401
Mornington,2400,4-6,soft,4-6m,3,0.714
Mornington,2400,7-9,dry,1-3m,1,0.833
Mornington,2400,7-9,dry,true,10,0.57
Mornington,2400,7-9,soft,4-6m,2,0.714
Mornington,3000,1-3,dry,4-6m,3,0.722
Mornington,3000,4-6,dry,4-6m,3,0.278
Mornington,3000,7-9,dry,4-6m,1,0.5
Morphettville,1000,1-3,dry,1-3m,12,0.42
Morphettville,1000,1-3,dry,10m+,30,0.358
Morphettville,1000,1-3,dry,4-6m,63,0.451
Morphettville,1000,1-3,dry,7-9m,30,0.486
Morphettville,1000,1-3,dry,true,57,0.427
Morphettville,1000,1-3,heavy,true,12,0.518
Morphettville,1000,1-3,soft,1-3m,6,0.617
Morphettville,1000,1-3,soft,10m+,30,0.397
Morphettville,1000,1-3,soft,4-6m,15,0.539
Morphettville,1000,1-3,soft,7-9m,21,0.335
Morphettville,1000,1-3,soft,true,15,0.312
Morphettville,1000,10-12,dry,1-3m,5,0.594
Morphettville,1000,10-12,dry,10m+,12,0.697
Morphettville,1000,10-12,dry,4-6m,31,0.489
Morphettville,1000,10-12,dry,7-9m,16,0.562
Morphettville,1000,10-12,dry,true,23,0.641
Morphettville,1000,10-12,heavy,true,9,0.452
Morphettville,1000,10-12,soft,1-3m,5,0.24
Morphettville,1000,10-12,soft,10m+,18,0.496
Morphettville,1000,10-12,soft,4-6m,13,0.441
Morphettville,1000,10-12,soft,7-9m,14,0.545
Morphettville,1000,10-12,soft,true,9,0.432
Morphettville,1000,13+,dry,1-3m,3,0.5
Morphettville,1000,13+,dry,10m+,1,0.583
Morphettville,1000,13+,dry,4-6m,8,0.513
Morphettville,1000,13+,dry,7-9m,3,0.665
Morphettville,1000,13+,dry,true,4,0.692
Morphettville,1000,13+,heavy,true,3,0.402
Morphettville,1000,13+,soft,10m+,3,0.974
Morphettville,1000,13+,soft,4-6m,1,0.75
Morphettville,1000,13+,soft,7-9m,6,0.83
Morphettville,1000,13+,soft,true,4,0.786
Morphettville,1000,4-6,dry,1-3m,12,0.496
Morphettville,1000,4-6,dry,10m+,30,0.501
Morphettville,1000,4-6,dry,4-6m,63,0.492
Morphettville,1000,4-6,dry,7-9m,30,0.367
Morphettville,1000,4-6,dry,true,56,0.45
Morphettville,1000,4-6,heavy,true,12,0.622
Morphettville,1000,4-6,soft,1-3m,6,0.468
Morphettville,1000,4-6,soft,10m+,30,0.463
Morphettville,1000,4-6,soft,4-6m,15,0.438
Morphettville,1000,4-6,soft,7-9m,21,0.453
Morphettville,1000,4-6,soft,true,15,0.566
Morphettville,1000,7-9,dry,1-3m,11,0.549
Morphettville,1000,7-9,dry,10m+,25,0.57
Morphettville,1000,7-9,dry,4-6m,58,0.567
Morphettville,1000,7-9,dry,7-9m,26,0.613
Morphettville,1000,7-9,dry,true,43,0.576
Morphettville,1000,7-9,heavy,true,10,0.405
Morphettville,1000,7-9,soft,1-3m,6,0.632
Morphettville,1000,7-9,soft,10m+,26,0.609
Morphettville,1000,7-9,soft,4-6m,15,0.557
Morphettville,1000,7-9,soft,7-9m,21,0.588
Morphettville,1000,7-9,soft,true,12,0.609
Morphettville,1100,1-3,dry,1-3m,3,0.7
Morphettville,1100,1-3,dry,10m+,18,0.525
Morphettville,1100,1-3,dry,4-6m,24,0.465
Morphettville,1100,1-3,dry,7-9m,26,0.472
Morphettville,1100,1-3,dry,true,54,0.392
Morphettville,1100,1-3,heavy,true,6,0.298
Morphettville,1100,1-3,soft,10m+,39,0.468
Morphettville,1100,1-3,soft,7-9m,18,0.348
Morphettville,1100,1-3,soft,true,9,0.505
Morphettville,1100,10-12,dry,1-3m,2,0.1
Morphettville,1100,10-12,dry,10m+,8,0.569
Morphettville,1100,10-12,dry,4-6m,8,0.477
Morphettville,1100,10-12,dry,7-9m,12,0.504
Morphettville,1100,10-12,dry,true,28,0.603
Morphettville,1100,10-12,heavy,true,6,0.643
Morphettville,1100,10-12,soft,10m+,25,0.502
Morphettville,1100,10-12,soft,7-9m,12,0.81
Morphettville,1100,10-12,soft,true,7,0.472
Morphettville,1100,13+,dry,10m+,2,0.958
Morphettville,1100,13+,dry,7-9m,2,0.462
Morphettville,1100,13+,dry,true,13,0.64
Morphettville,1100,13+,heavy,true,4,0.652
Morphettville,1100,13+,soft,10m+,6,0.628
Morphettville,1100,13+,soft,7-9m,3,0.81
Morphettville,1100,13+,soft,true,2,0.038
Morphettville,1100,4-6,dry,1-3m,3,0.533
Morphettville,1100,4-6,dry,10m+,18,0.463
Morphettville,1100,4-6,dry,4-6m,24,0.48
Morphettville,1100,4-6,dry,7-9m,27,0.484
Morphettville,1100,4-6,dry,true,54,0.476
Morphettville,1100,4-6,heavy,true,6,0.56
Morphettville,1100,4-6,soft,10m+,38,0.467
Morphettville,1100,4-6,soft,7-9m,18,0.382
Morphettville,1100,4-6,soft,true,9,0.481
Morphettville,1100,7-9,dry,1-3m,3,0.533
Morphettville,1100,7-9,dry,10m+,15,0.417
Morphettville,1100,7-9,dry,4-6m,19,0.579
Morphettville,1100,7-9,dry,7-9m,26,0.544
Morphettville,1100,7-9,dry,true,47,0.552
Morphettville,1100,7-9,heavy,true,6,0.399
Morphettville,1100,7-9,soft,10m+,35,0.548
Morphettville,1100,7-9,soft,7-9m,15,0.515
Morphettville,1100,7-9,soft,true,9,0.638
Morphettville,1200,1-3,dry,1-3m,12,0.332
Morphettville,1200,1-3,dry,10m+,51,0.369
Morphettville,1200,1-3,dry,4-6m,63,0.415
Morphettville,1200,1-3,dry,7-9m,29,0.356
Morphettville,1200,1-3,dry,true,93,0.406
Morphettville,1200,1-3,heavy,true,12,0.368
Morphettville,1200,1-3,soft,1-3m,3,0.359
Morphettville,1200,1-3,soft,10m+,33,0.412
Morphettville,1200,1-3,soft,4-6m,12,0.487
Morphettville,1200,1-3,soft,7-9m,45,0.433
Morphettville,1200,1-3,soft,true,30,0.358
Morphettville,1200,10-12,dry,1-3m,9,0.695
Morphettville,1200,10-12,dry,10m+,25,0.578
Morphettville,1200,10-12,dry,4-6m,47,0.55
Morphettville,1200,10-12,dry,7-9m,18,0.684
Morphettville,1200,10-12,dry,true,63,0.508
Morphettville,1200,10-12,heavy,true,8,0.694
Morphettville,1200,10-12,soft,1-3m,3,0.718
Morphettville,1200,10-12,soft,10m+,27,0.513
Morphettville,1200,10-12,soft,4-6m,11,0.357
Morphettville,1200,10-12,soft,7-9m,33,0.552
Morphettville,1200,10-12,soft,true,17,0.544
Morphettville,1200,13+,dry,1-3m,3,0.595
Morphettville,1200,13+,dry,10m+,4,0.904
Morphettville,1200,13+,dry,4-6m,27,0.525
Morphettville,1200,13+,dry,7-9m,7,0.664
Morphettville,1200,13+,dry,true,27,0.598
Morphettville,1200,13+,heavy,true,2,0.25
Morphettville,1200,13+,soft,1-3m,2,0.962
Morphettville,1200,13+,soft,10m+,9,0.644
Morphettville,1200,13+,soft,4-6m,1,0.417
Morphettville,1200,13+,soft,7-9m,16,0.651
Morphettville,1200,13+,soft,true,9,0.538
Morphettville,1200,4-6,dry,1-3m,12,0.449
Morphettville,1200,4-6,dry,10m+,51,0.502
Morphettville,1200,4-6,dry,4-6m,63,0.494
Morphettville,1200,4-6,dry,7-9m,30,0.413
Morphettville,1200,4-6,dry,true,93,0.477
Morphettville,1200,4-6,heavy,true,12,0.525
Morphettville,1200,4-6,soft,1-3m,3,0.282
Morphettville,1200,4-6,soft,10m+,33,0.519
Morphettville,1200,4-6,soft,4-6m,12,0.519
Morphettville,1200,4-6,soft,7-9m,45,0.427
Morphettville,1200,4-6,soft,true,30,0.466
Morphettville,1200,7-9,dry,1-3m,10,0.558
Morphettville,1200,7-9,dry,10m+,47,0.564
Morphettville,1200,7-9,dry,4-6m,58,0.547
Morphettville,1200,7-9,dry,7-9m,28,0.566
Morphettville,1200,7-9,dry,true,88,0.588
Morphettville,1200,7-9,heavy,true,12,0.519
Morphettville,1200,7-9,soft,1-3m,3,0.333
Morphettville,1200,7-9,soft,10m+,33,0.518
Morphettville,1200,7-9,soft,4-6m,12,0.631
Morphettville,1200,7-9,soft,7-9m,45,0.548
Morphettville,1200,7-9,soft,true,27,0.655
Morphettville,1500,1-3,dry,10m+,9,0.404
Morphettville,1500,1-3,dry,4-6m,18,0.419
Morphettville,1500,1-3,dry,7-9m,12,0.387
Morphettville,1500,1-3,dry,true,9,0.466
Morphettville,1500,1-3,heavy,true,6,0.488
Morphettville,1500,1-3,soft,10m+,24,0.459
Morphettville,1500,1-3,soft,7-9m,6,0.516
Morphettville,1500,1-3,soft,true,6,0.488
Morphettville,1500,10-12,dry,10m+,9,0.727
Morphettville,1500,10-12,dry,4-6m,12,0.635
Morphettville,1500,10-12,dry,7-9m,6,0.492
Morphettville,1500,10-12,dry,true,3,0.909
Morphettville,1500,10-12,heavy,true,5,0.557
Morphettville,1500,10-12,soft,10m+,19,0.628
Morphettville,1500,10-12,soft,7-9m,6,0.645
Morphettville,1500,10-12,soft,true,2,0.65
Morphettville,1500,13+,dry,4-6m,1,1.0
Morphettville,1500,13+,dry,7-9m,1,1.0
Morphettville,1500,13+,heavy,true,2,0.692
Morphettville,1500,13+,soft,7-9m,2,0.308
Morphettville,1500,4-6,dry,10m+,8,0.557
Morphettville,1500,4-6,dry,4-6m,18,0.458
Morphettville,1500,4-6,dry,7-9m,12,0.512
Morphettville,1500,4-6,dry,true,9,0.535
Morphettville,1500,4-6,heavy,true,6,0.432
Morphettville,1500,4-6,soft,10m+,24,0.444
Morphettville,1500,4-6,soft,7-9m,6,0.587
Morphettville,1500,4-6,soft,true,6,0.46
Morphettville,1500,7-9,dry,10m+,9,0.263
Morphettville,1500,7-9,dry,4-6m,17,0.506
Morphettville,1500,7-9,dry,7-9m,12,0.564
Morphettville,1500,7-9,dry,true,6,0.294
Morphettville,1500,7-9,heavy,true,6,0.468
Morphettville,1500,7-9,soft,10m+,24,0.495
Morphettville,1500,7-9,soft,7-9m,6,0.316
Morphettville,1500,7-9,soft,true,5,0.503
Morphettville,1600,1-3,dry,1-3m,9,0.567
Morphettville,1600,1-3,dry,10m+,15,0.394
Morphettville,1600,1-3,dry,4-6m,44,0.43
Morphettville,1600,1-3,dry,7-9m,15,0.523
Morphettville,1600,1-3,dry,true,90,0.411
Morphettville,1600,1-3,heavy,true,9,0.497
Morphettville,1600,1-3,soft,1-3m,6,0.526
Morphettville,1600,1-3,soft,10m+,24,0.39
Morphettville,1600,1-3,soft,4-6m,12,0.333
Morphettville,1600,1-3,soft,7-9m,33,0.351
Morphettville,1600,1-3,soft,true,24,0.395
Morphettville,1600,10-12,dry,1-3m,6,0.507
Morphettville,1600,10-12,dry,10m+,6,0.504
Morphettville,1600,10-12,dry,4-6m,22,0.532
Morphettville,1600,10-12,dry,7-9m,5,0.553
Morphettville,1600,10-12,dry,true,42,0.577
Morphettville,1600,10-12,heavy,true,4,0.542
Morphettville,1600,10-12,soft,1-3m,6,0.641
Morphettville,1600,10-12,soft,10m+,15,0.549
Morphettville,1600,10-12,soft,4-6m,8,0.6
Morphettville,1600,10-12,soft,7-9m,23,0.718
Morphettville,1600,10-12,soft,true,13,0.594
Morphettville,1600,13+,dry,1-3m,3,0.333
Morphettville,1600,13+,dry,10m+,2,0.5
Morphettville,1600,13+,dry,4-6m,8,0.657
Morphettville,1600,13+,dry,7-9m,1,0.917
Morphettville,1600,13+,dry,true,17,0.761
Morphettville,1600,13+,heavy,true,1,0.083
Morphettville,1600,13+,soft,1-3m,4,0.635
Morphettville,1600,13+,soft,10m+,10,0.634
Morphettville,1600,13+,soft,4-6m,6,0.674
Morphettville,1600,13+,soft,7-9m,4,0.688
Morphettville,1600,13+,soft,true,3,0.917
Morphettville,1600,4-6,dry,1-3m,8,0.458
Morphettville,1600,4-6,dry,10m+,15,0.481
Morphettville,1600,4-6,dry,4-6m,45,0.531
Morphettville,1600,4-6,dry,7-9m,15,0.528
Morphettville,1600,4-6,dry,true,90,0.492
Morphettville,1600,4-6,heavy,true,9,0.417
Morphettville,1600,4-6,soft,1-3m,6,0.333
Morphettville,1600,4-6,soft,10m+,24,0.518
Morphettville,1600,4-6,soft,4-6m,12,0.521
Morphettville,1600,4-6,soft,7-9m,33,0.469
Morphettville,1600,4-6,soft,true,24,0.513
Morphettville,1600,7-9,dry,1-3m,9,0.466
Morphettville,1600,7-9,dry,10m+,15,0.623
Morphettville,1600,7-9,dry,4-6m,35,0.486
Morphettville,1600,7-9,dry,7-9m,9,0.338
Morphettville,1600,7-9,dry,true,82,0.507
Morphettville,1600,7-9,heavy,true,8,0.628
Morphettville,1600,7-9,soft,1-3m,6,0.41
Morphettville,1600,7-9,soft,10m+,20,0.507
Morphettville,1600,7-9,soft,4-6m,11,0.491
Morphettville,1600,7-9,soft,7-9m,32,0.5
Morphettville,1600,7-9,soft,true,20,0.487
Morphettville,1800,1-3,dry,1-3m,6,0.474
Morphettville,1800,1-3,dry,10m+,24,0.446
Morphettville,1800,1-3,dry,4-6m,24,0.558
Morphettville,1800,1-3,dry,7-9m,23,0.476
Morphettville,1800,1-3,dry,true,24,0.532
Morphettville,1800,1-3,heavy,true,3,0.462
Morphettville,1800,1-3,soft,1-3m,3,0.476
Morphettville,1800,1-3,soft,10m+,12,0.415
Morphettville,1800,1-3,soft,4-6m,3,0.714
Morphettville,1800,1-3,soft,7-9m,23,0.48
Morphettville,1800,1-3,soft,true,9,0.454
Morphettville,1800,10-12,dry,1-3m,4,0.511
Morphettville,1800,10-12,dry,10m+,9,0.737
Morphettville,1800,10-12,dry,4-6m,15,0.521
Morphettville,1800,10-12,dry,7-9m,14,0.578
Morphettville,1800,10-12,dry,true,16,0.466
Morphettville,1800,10-12,heavy,true,3,0.487
Morphettville,1800,10-12,soft,1-3m,3,0.643
Morphettville,1800,10-12,soft,10m+,6,0.35
Morphettville,1800,10-12,soft,7-9m,11,0.575
Morphettville,1800,10-12,soft,true,6,0.398
Morphettville,1800,13+,dry,1-3m,4,0.667
Morphettville,1800,13+,dry,4-6m,8,0.675
Morphettville,1800,13+,dry,7-9m,11,0.658
Morphettville,1800,13+,dry,true,6,0.814
Morphettville,1800,13+,heavy,true,2,0.538
Morphettville,1800,13+,soft,1-3m,3,0.5
Morphettville,1800,13+,soft,10m+,1,0.25
Morphettville,1800,13+,soft,7-9m,4,0.7
Morphettville,1800,13+,soft,true,6,0.685
Morphettville,1800,4-6,dry,1-3m,6,0.574
Morphettville,1800,4-6,dry,10m+,24,0.433
Morphettville,1800,4-6,dry,4-6m,24,0.457
Morphettville,1800,4-6,dry,7-9m,24,0.449
Morphettville,1800,4-6,dry,true,24,0.494
Morphettville,1800,4-6,heavy,true,3,0.692
Morphettville,1800,4-6,soft,1-3m,3,0.452
Morphettville,1800,4-6,soft,10m+,12,0.572
Morphettville,1800,4-6,soft,4-6m,3,0.19
Morphettville,1800,4-6,soft,7-9m,24,0.487
Morphettville,1800,4-6,soft,true,9,0.474
Morphettville,1800,7-9,dry,1-3m,6,0.333
Morphettville,1800,7-9,dry,10m+,20,0.539
Morphettville,1800,7-9,dry,4-6m,23,0.41
Morphettville,1800,7-9,dry,7-9m,21,0.432
Morphettville,1800,7-9,dry,true,22,0.41
Morphettville,1800,7-9,heavy,true,3,0.333
Morphettville,1800,7-9,soft,1-3m,3,0.429
Morphettville,1800,7-9,soft,10m+,10,0.581
Morphettville,1800,7-9,soft,4-6m,2,0.643
Morphettville,1800,7-9,soft,7-9m,23,0.441
Morphettville,1800,7-9,soft,true,7,0.521
Morphettville,2000,1-3,dry,1-3m,9,0.321
Morphettville,2000,1-3,dry,4-6m,21,0.496
Morphettville,2000,1-3,dry,7-9m,3,0.25
Morphettville,2000,1-3,dry,true,42,0.385
Morphettville,2000,1-3,heavy,true,3,0.25
Morphettville,2000,1-3,soft,10m+,12,0.39
Morphettville,2000,1-3,soft,4-6m,9,0.638
Morphettville,2000,1-3,soft,7-9m,1,0.167
Morphettville,2000,1-3,soft,true,6,0.528
Morphettville,2000,10-12,dry,1-3m,3,0.513
Morphettville,2000,10-12,dry,4-6m,10,0.497
Morphettville,2000,10-12,dry,true,31,0.575
Morphettville,2000,10-12,heavy,true,3,0.528
Morphettville,2000,10-12,soft,10m+,4,0.78
Morphettville,2000,10-12,soft,4-6m,5,0.56
Morphettville,2000,13+,dry,1-3m,2,0.5
Morphettville,2000,13+,dry,4-6m,3,0.412
Morphettville,2000,13+,dry,true,19,0.728
Morphettville,2000,13+,heavy,true,1,1.0
Morphettville,2000,13+,soft,10m+,2,0.731
Morphettville,2000,13+,soft,4-6m,1,1.0
Morphettville,2000,4-6,dry,1-3m,9,0.544
Morphettville,2000,4-6,dry,4-6m,21,0.614
Morphettville,2000,4-6,dry,7-9m,3,0.375
Morphettville,2000,4-6,dry,true,42,0.446
Morphettville,2000,4-6,heavy,true,3,0.472
Morphettville,2000,4-6,soft,10m+,12,0.364
Morphettville,2000,4-6,soft,4-6m,9,0.398
Morphettville,2000,4-6,soft,true,6,0.524
Morphettville,2000,7-9,dry,1-3m,8,0.647
Morphettville,2000,7-9,dry,4-6m,18,0.389
Morphettville,2000,7-9,dry,7-9m,3,0.875
Morphettville,2000,7-9,dry,true,40,0.511
Morphettville,2000,7-9,heavy,true,3,0.583
Morphettville,2000,7-9,soft,10m+,10,0.637
Morphettville,2000,7-9,soft,4-6m,8,0.36
Morphettville,2000,7-9,soft,true,3,0.397
Morphettville,2100,1-3,soft,10m+,3,0.606
Morphettville,2100,10-12,soft,10m+,3,0.303
Morphettville,2100,4-6,soft,10m+,3,0.424
Morphettville,2100,7-9,soft,10m+,3,0.667
Morphettville,2500,1-3,dry,1-3m,6,0.567
Morphettville,2500,1-3,dry,10m+,12,0.672
Morphettville,2500,1-3,dry,4-6m,18,0.454
Morphettville,2500,1-3,dry,7-9m,6,0.787
Morphettville,2500,1-3,dry,true,9,0.721
Morphettville,2500,1-3,heavy,true,3,0.296
Morphettville,2500,1-3,soft,1-3m,6,0.339
Morphettville,2500,1-3,soft,10m+,6,0.598
Morphettville,2500,1-3,soft,7-9m,18,0.458
Morphettville,2500,1-3,soft,true,8,0.53
Morphettville,2500,10-12,dry,1-3m,5,0.413
Morphettville,2500,10-12,dry,10m+,1,0.444
Morphettville,2500,10-12,dry,4-6m,11,0.742
Morphettville,2500,10-12,dry,7-9m,1,0.0
Morphettville,2500,10-12,dry,true,6,0.472
Morphettville,2500,10-12,heavy,true,1,0.889
Morphettville,2500,10-12,soft,1-3m,5,0.707
Morphettville,2500,10-12,soft,10m+,3,0.57
Morphettville,2500,10-12,soft,7-9m,13,0.684
Morphettville,2500,10-12,soft,true,4,0.729
Morphettville,2500,13+,dry,1-3m,4,0.5
Morphettville,2500,13+,dry,4-6m,7,0.17
Morphettville,2500,13+,dry,true,5,0.463
Morphettville,2500,13+,soft,1-3m,4,0.583
Morphettville,2500,13+,soft,7-9m,1,0.583
Morphettville,2500,13+,soft,true,1,0.083
Morphettville,2500,4-6,dry,1-3m,6,0.583
Morphettville,2500,4-6,dry,10m+,11,0.427
Morphettville,2500,4-6,dry,4-6m,18,0.494
Morphettville,2500,4-6,dry,7-9m,6,0.407
Morphettville,2500,4-6,dry,true,9,0.439
Morphettville,2500,4-6,heavy,true,3,0.556
Morphettville,2500,4-6,soft,1-3m,6,0.556
Morphettville,2500,4-6,soft,10m+,6,0.369
Morphettville,2500,4-6,soft,7-9m,18,0.388
Morphettville,2500,4-6,soft,true,9,0.538
Morphettville,2500,7-9,dry,1-3m,6,0.422
Morphettville,2500,7-9,dry,10m+,7,0.399
Morphettville,2500,7-9,dry,4-6m,15,0.539
Morphettville,2500,7-9,dry,7-9m,4,0.333
Morphettville,2500,7-9,dry,true,9,0.379
Morphettville,2500,7-9,heavy,true,3,0.519
Morphettville,2500,7-9,soft,1-3m,6,0.378
Morphettville,2500,7-9,soft,10m+,6,0.498
Morphettville,2500,7-9,soft,7-9m,16,0.518
Morphettville,2500,7-9,soft,true,6,0.236
Morphettville,2600,1-3,dry,4-6m,3,0.643
Morphettville,2600,1-3,dry,7-9m,6,0.474
Morphettville,2600,10-12,dry,4-6m,3,0.476
Morphettville,2600,10-12,dry,7-9m,6,0.179
Morphettville,2600,13+,dry,4-6m,3,0.595
Morphettville,2600,13+,dry,7-9m,4,0.923
Morphettville,2600,4-6,dry,4-6m,3,0.452
Morphettville,2600,4-6,dry,7-9m,6,0.538
Morphettville,2600,7-9,dry,4-6m,3,0.333
Morphettville,2600,7-9,dry,7-9m,6,0.526
Morphettville Parks,1000,1-3,dry,4-6m,54,0.468
Morphettville Parks,1000,1-3,dry,7-9m,69,0.442
Morphettville Parks,1000,1-3,dry,true,102,0.478
Morphettville Parks,1000,1-3,heavy,1-3m,15,0.408
Morphettville Parks,1000,1-3,heavy,4-6m,12,0.519
Morphettville Parks,1000,1-3,heavy,7-9m,18,0.422
Morphettville Parks,1000,1-3,heavy,true,3,0.333
Morphettville Parks,1000,1-3,soft,1-3m,15,0.541
Morphettville Parks,1000,1-3,soft,4-6m,21,0.593
Morphettville Parks,1000,1-3,soft,7-9m,24,0.481
Morphettville Parks,1000,1-3,soft,true,39,0.502
Morphettville Parks,1000,10-12,dry,4-6m,24,0.513
Morphettville Parks,1000,10-12,dry,7-9m,17,0.578
Morphettville Parks,1000,10-12,dry,true,50,0.545
Morphettville Parks,1000,10-12,heavy,1-3m,6,0.549
Morphettville Parks,1000,10-12,heavy,4-6m,2,0.889
Morphettville Parks,1000,10-12,heavy,7-9m,10,0.418
Morphettville Parks,1000,10-12,heavy,true,2,0.3
Morphettville Parks,1000,10-12,soft,1-3m,5,0.422
Morphettville Parks,1000,10-12,soft,4-6m,15,0.489
Morphettville Parks,1000,10-12,soft,7-9m,11,0.426
Morphettville Parks,1000,10-12,soft,true,11,0.427
Morphettville Parks,1000,13+,dry,4-6m,2,0.731
Morphettville Parks,1000,13+,dry,7-9m,1,0.75
Morphettville Parks,1000,13+,dry,true,5,0.406
Morphettville Parks,1000,13+,heavy,1-3m,3,0.509
Morphettville Parks,1000,13+,soft,4-6m,4,0.135
Morphettville Parks,1000,13+,soft,true,2,0.5
Morphettville Parks,1000,4-6,dry,4-6m,54,0.464
Morphettville Parks,1000,4-6,dry,7-9m,69,0.518
Morphettville Parks,1000,4-6,dry,true,102,0.453
Morphettville Parks,1000,4-6,heavy,1-3m,15,0.442
Morphettville Parks,1000,4-6,heavy,4-6m,12,0.44
Morphettville Parks,1000,4-6,heavy,7-9m,18,0.551
Morphettville Parks,1000,4-6,heavy,true,3,0.667
Morphettville Parks,1000,4-6,soft,1-3m,15,0.498
Morphettville Parks,1000,4-6,soft,4-6m,21,0.488
Morphettville Parks,1000,4-6,soft,7-9m,24,0.488
Morphettville Parks,1000,4-6,soft,true,39,0.457
Morphettville Parks,1000,7-9,dry,4-6m,45,0.564
Morphettville Parks,1000,7-9,dry,7-9m,51,0.523
Morphettville Parks,1000,7-9,dry,true,95,0.555
Morphettville Parks,1000,7-9,heavy,1-3m,13,0.648
Morphettville Parks,1000,7-9,heavy,4-6m,9,0.468
Morphettville Parks,1000,7-9,heavy,7-9m,16,0.582
Morphettville Parks,1000,7-9,heavy,true,3,0.633
Morphettville Parks,1000,7-9,soft,1-3m,12,0.484
Morphettville Parks,1000,7-9,soft,4-6m,21,0.515
Morphettville Parks,1000,7-9,soft,7-9m,20,0.578
Morphettville Parks,1000,7-9,soft,true,32,0.574
Morphettville Parks,1200,1-3,dry,4-6m,44,0.368
Morphettville Parks,1200,1-3,dry,7-9m,66,0.461
Morphettville Parks,1200,1-3,dry,true,110,0.448
Morphettville Parks,1200,1-3,heavy,1-3m,15,0.286
Morphettville Parks,1200,1-3,heavy,4-6m,6,0.532
Morphettville Parks,1200,1-3,heavy,7-9m,15,0.426
Morphettville Parks,1200,1-3,heavy,true,6,0.375
Morphettville Parks,1200,1-3,soft,1-3m,15,0.437
Morphettville Parks,1200,1-3,soft,4-6m,12,0.532
Morphettville Parks,1200,1-3,soft,7-9m,27,0.448
Morphettville Parks,1200,1-3,soft,true,45,0.382
Morphettville Parks,1200,10-12,dry,4-6m,24,0.619
Morphettville Parks,1200,10-12,dry,7-9m,27,0.544
Morphettville Parks,1200,10-12,dry,true,31,0.642
Morphettville Parks,1200,10-12,heavy,1-3m,7,0.74
Morphettville Parks,1200,10-12,heavy,4-6m,4,0.34
Morphettville Parks,1200,10-12,heavy,7-9m,7,0.564
Morphettville Parks,1200,10-12,heavy,true,3,0.846
Morphettville Parks,1200,10-12,soft,1-3m,8,0.547
Morphettville Parks,1200,10-12,soft,4-6m,9,0.405
Morphettville Parks,1200,10-12,soft,7-9m,12,0.453
Morphettville Parks,1200,10-12,soft,true,26,0.652
Morphettville Parks,1200,13+,dry,4-6m,2,0.269
Morphettville Parks,1200,13+,dry,true,14,0.675
Morphettville Parks,1200,13+,heavy,1-3m,1,1.0
Morphettville Parks,1200,13+,heavy,4-6m,1,0.833
Morphettville Parks,1200,13+,heavy,true,2,0.615
Morphettville Parks,1200,13+,soft,4-6m,1,0.25
Morphettville Parks,1200,13+,soft,true,5,0.562
Morphettville Parks,1200,4-6,dry,4-6m,45,0.484
Morphettville Parks,1200,4-6,dry,7-9m,66,0.512
Morphettville Parks,1200,4-6,dry,true,111,0.508
Morphettville Parks,1200,4-6,heavy,1-3m,15,0.473
Morphettville Parks,1200,4-6,heavy,4-6m,6,0.472
Morphettville Parks,1200,4-6,heavy,7-9m,15,0.494
Morphettville Parks,1200,4-6,heavy,true,6,0.442
Morphettville Parks,1200,4-6,soft,1-3m,15,0.395
Morphettville Parks,1200,4-6,soft,4-6m,12,0.503
Morphettville Parks,1200,4-6,soft,7-9m,27,0.465
Morphettville Parks,1200,4-6,soft,true,44,0.448
Morphettville Parks,1200,7-9,dry,4-6m,41,0.608
Morphettville Parks,1200,7-9,dry,7-9m,54,0.511
Morphettville Parks,1200,7-9,dry,true,87,0.47
Morphettville Parks,1200,7-9,heavy,1-3m,11,0.63
Morphettville Parks,1200,7-9,heavy,4-6m,6,0.546
Morphettville Parks,1200,7-9,heavy,7-9m,13,0.558
Morphettville Parks,1200,7-9,heavy,true,6,0.471
Morphettville Parks,1200,7-9,soft,1-3m,15,0.644
Morphettville Parks,1200,7-9,soft,4-6m,11,0.563
Morphettville Parks,1200,7-9,soft,7-9m,24,0.621
Morphettville Parks,1200,7-9,soft,true,40,0.571
Morphettville Parks,1300,1-3,dry,4-6m,15,0.422
Morphettville Parks,1300,1-3,dry,7-9m,6,0.5
Morphettville Parks,1300,1-3,dry,true,12,0.375
Morphettville Parks,1300,1-3,soft,4-6m,6,0.5
Morphettville Parks,1300,1-3,soft,true,3,0.222
Morphettville Parks,1300,10-12,dry,4-6m,6,0.78
Morphettville Parks,1300,10-12,dry,7-9m,4,0.65
Morphettville Parks,1300,10-12,dry,true,10,0.551
Morphettville Parks,1300,10-12,soft,4-6m,4,0.625
Morphettville Parks,1300,10-12,soft,true,1,0.778
Morphettville Parks,1300,13+,dry,4-6m,1,0.167
Morphettville Parks,1300,13+,dry,true,5,0.677
Morphettville Parks,1300,4-6,dry,4-6m,15,0.404
Morphettville Parks,1300,4-6,dry,7-9m,6,0.367
Morphettville Parks,1300,4-6,dry,true,12,0.424
Morphettville Parks,1300,4-6,soft,4-6m,6,0.517
Morphettville Parks,1300,4-6,soft,true,3,0.519
Morphettville Parks,1300,7-9,dry,4-6m,13,0.597
Morphettville Parks,1300,7-9,dry,7-9m,6,0.533
Morphettville Parks,1300,7-9,dry,true,12,0.585
Morphettville Parks,1300,7-9,soft,4-6m,6,0.4
Morphettville Parks,1300,7-9,soft,true,3,0.667
Morphettville Parks,1400,1-3,dry,4-6m,48,0.421
Morphettville Parks,1400,1-3,dry,7-9m,39,0.458
Morphettville Parks,1400,1-3,dry,true,89,0.454
Morphettville Parks,1400,1-3,heavy,1-3m,6,0.4
Morphettville Parks,1400,1-3,heavy,4-6m,3,0.367
Morphettville Parks,1400,1-3,heavy,7-9m,12,0.419
Morphettville Parks,1400,1-3,heavy,true,6,0.393
Morphettville Parks,1400,1-3,soft,1-3m,15,0.521
Morphettville Parks,1400,1-3,soft,4-6m,21,0.449
Morphettville Parks,1400,1-3,soft,7-9m,24,0.483
Morphettville Parks,1400,1-3,soft,true,42,0.48
Morphettville Parks,1400,10-12,dry,4-6m,23,0.705
Morphettville Parks,1400,10-12,dry,7-9m,8,0.403
Morphettville Parks,1400,10-12,dry,true,44,0.497
Morphettville Parks,1400,10-12,heavy,1-3m,4,0.825
Morphettville Parks,1400,10-12,heavy,4-6m,2,0.75
Morphettville Parks,1400,10-12,heavy,7-9m,9,0.576
Morphettville Parks,1400,10-12,heavy,true,2,0.6
Morphettville Parks,1400,10-12,soft,1-3m,4,0.477
Morphettville Parks,1400,10-12,soft,4-6m,18,0.59
Morphettville Parks,1400,10-12,soft,7-9m,12,0.27
Morphettville Parks,1400,10-12,soft,true,26,0.525
Morphettville Parks,1400,13+,dry,4-6m,4,0.788
Morphettville Parks,1400,13+,dry,true,9,0.492
Morphettville Parks,1400,13+,heavy,7-9m,3,0.769
Morphettville Parks,1400,13+,soft,4-6m,9,0.521
Morphettville Parks,1400,13+,soft,7-9m,3,0.919
Morphettville Parks,1400,13+,soft,true,3,0.974
Morphettville Parks,1400,4-6,dry,4-6m,48,0.44
Morphettville Parks,1400,4-6,dry,7-9m,39,0.488
Morphettville Parks,1400,4-6,dry,true,90,0.462
Morphettville Parks,1400,4-6,heavy,1-3m,6,0.233
Morphettville Parks,1400,4-6,heavy,4-6m,3,0.467
Morphettville Parks,1400,4-6,heavy,7-9m,12,0.459
Morphettville Parks,1400,4-6,heavy,true,6,0.448
Morphettville Parks,1400,4-6,soft,1-3m,15,0.443
Morphettville Parks,1400,4-6,soft,4-6m,21,0.431
Morphettville Parks,1400,4-6,soft,7-9m,24,0.428
Morphettville Parks,1400,4-6,soft,true,42,0.521
Morphettville Parks,1400,7-9,dry,4-6m,44,0.518
Morphettville Parks,1400,7-9,dry,7-9m,34,0.585
Morphettville Parks,1400,7-9,dry,true,83,0.594
Morphettville Parks,1400,7-9,heavy,1-3m,6,0.65
Morphettville Parks,1400,7-9,heavy,4-6m,3,0.5
Morphettville Parks,1400,7-9,heavy,7-9m,9,0.536
Morphettville Parks,1400,7-9,heavy,true,5,0.651
Morphettville Parks,1400,7-9,soft,1-3m,10,0.563
Morphettville Parks,1400,7-9,soft,4-6m,19,0.537
Morphettville Parks,1400,7-9,soft,7-9m,23,0.659
Morphettville Parks,1400,7-9,soft,true,41,0.448
Morphettville Parks,1600,1-3,dry,4-6m,27,0.375
Morphettville Parks,1600,1-3,dry,7-9m,48,0.53
Morphettville Parks,1600,1-3,dry,true,60,0.511
Morphettville Parks,1600,1-3,heavy,1-3m,9,0.488
Morphettville Parks,1600,1-3,heavy,4-6m,3,0.333
Morphettville Parks,1600,1-3,heavy,7-9m,6,0.429
Morphettville Parks,1600,1-3,heavy,true,6,0.451
Morphettville Parks,1600,1-3,soft,1-3m,6,0.556
Morphettville Parks,1600,1-3,soft,4-6m,12,0.526
Morphettville Parks,1600,1-3,soft,7-9m,3,0.292
Morphettville Parks,1600,1-3,soft,true,30,0.443
Morphettville Parks,1600,10-12,dry,4-6m,13,0.692
Morphettville Parks,1600,10-12,dry,7-9m,16,0.451
Morphettville Parks,1600,10-12,dry,true,22,0.436
Morphettville Parks,1600,10-12,heavy,1-3m,5,0.442
Morphettville Parks,1600,10-12,heavy,true,1,0.444
Morphettville Parks,1600,10-12,soft,1-3m,4,0.507
Morphettville Parks,1600,10-12,soft,4-6m,5,0.669
Morphettville Parks,1600,10-12,soft,true,17,0.58
Morphettville Parks,1600,13+,dry,true,7,0.867
Morphettville Parks,1600,13+,soft,1-3m,1,0.083
Morphettville Parks,1600,13+,soft,true,2,0.667
Morphettville Parks,1600,4-6,dry,4-6m,27,0.457
Morphettville Parks,1600,4-6,dry,7-9m,48,0.435
Morphettville Parks,1600,4-6,dry,true,59,0.507
Morphettville Parks,1600,4-6,heavy,1-3m,9,0.346
Morphettville Parks,1600,4-6,heavy,4-6m,3,0.476
Morphettville Parks,1600,4-6,heavy,7-9m,6,0.452
Morphettville Parks,1600,4-6,heavy,true,6,0.532
Morphettville Parks,1600,4-6,soft,1-3m,6,0.579
Morphettville Parks,1600,4-6,soft,4-6m,12,0.465
Morphettville Parks,1600,4-6,soft,7-9m,3,0.792
Morphettville Parks,1600,4-6,soft,true,30,0.526
Morphettville Parks,1600,7-9,dry,4-6m,26,0.579
Morphettville Parks,1600,7-9,dry,7-9m,37,0.566
Morphettville Parks,1600,7-9,dry,true,53,0.449
Morphettville Parks,1600,7-9,heavy,1-3m,9,0.699
Morphettville Parks,1600,7-9,heavy,4-6m,2,0.786
Morphettville Parks,1600,7-9,heavy,7-9m,4,0.679
Morphettville Parks,1600,7-9,heavy,true,6,0.525
Morphettville Parks,1600,7-9,soft,1-3m,6,0.431
Morphettville Parks,1600,7-9,soft,4-6m,12,0.438
Morphettville Parks,1600,7-9,soft,7-9m,3,0.417
Morphettville Parks,1600,7-9,soft,true,28,0.473
Morphettville Parks,2000,1-3,dry,4-6m,12,0.643
Morphettville Parks,2000,1-3,dry,7-9m,15,0.351
Morphettville Parks,2000,1-3,dry,true,36,0.421
Morphettville Parks,2000,1-3,heavy,7-9m,3,0.485
Morphettville Parks,2000,1-3,heavy,true,3,0.333
Morphettville Parks,2000,1-3,soft,1-3m,6,0.608
Morphettville Parks,2000,1-3,soft,4-6m,9,0.581
Morphettville Parks,2000,1-3,soft,7-9m,9,0.416
Morphettville Parks,2000,1-3,soft,true,18,0.43
Morphettville Parks,2000,10-12,dry,4-6m,3,0.589
Morphettville Parks,2000,10-12,dry,7-9m,4,0.925
Morphettville Parks,2000,10-12,dry,true,19,0.647
Morphettville Parks,2000,10-12,heavy,7-9m,3,0.424
Morphettville Parks,2000,10-12,heavy,true,1,1.0
Morphettville Parks,2000,10-12,soft,1-3m,3,0.606
Morphettville Parks,2000,10-12,soft,4-6m,4,0.74
Morphettville Parks,2000,10-12,soft,7-9m,6,0.636
Morphettville Parks,2000,10-12,soft,true,5,0.525
Morphettville Parks,2000,4-6,dry,4-6m,12,0.346
Morphettville Parks,2000,4-6,dry,7-9m,15,0.538
Morphettville Parks,2000,4-6,dry,true,35,0.482
Morphettville Parks,2000,4-6,heavy,7-9m,3,0.515
Morphettville Parks,2000,4-6,heavy,true,3,0.37
Morphettville Parks,2000,4-6,soft,1-3m,6,0.242
Morphettville Parks,2000,4-6,soft,4-6m,9,0.37
Morphettville Parks,2000,4-6,soft,7-9m,9,0.473
Morphettville Parks,2000,4-6,soft,true,18,0.445
Morphettville Parks,2000,7-9,dry,4-6m,11,0.488
Morphettville Parks,2000,7-9,dry,7-9m,13,0.498
Morphettville Parks,2000,7-9,dry,true,36,0.533
Morphettville Parks,2000,7-9,heavy,7-9m,3,0.576
Morphettville Parks,2000,7-9,heavy,true,3,0.63
Morphettville Parks,2000,7-9,soft,1-3m,5,0.616
Morphettville Parks,2000,7-9,soft,4-6m,8,0.435
Morphettville Parks,2000,7-9,soft,7-9m,6,0.53
Morphettville Parks,2000,7-9,soft,true,17,0.625
Morphettville Parks,2200,1-3,dry,4-6m,21,0.533
Morphettville Parks,2200,1-3,dry,7-9m,6,0.722
Morphettville Parks,2200,1-3,dry,true,18,0.455
Morphettville Parks,2200,1-3,heavy,1-3m,3,0.37
Morphettville Parks,2200,1-3,heavy,7-9m,3,0.242
Morphettville Parks,2200,1-3,heavy,true,6,0.321
Morphettville Parks,2200,1-3,soft,4-6m,3,0.333
Morphettville Parks,2200,1-3,soft,7-9m,6,0.57
Morphettville Parks,2200,1-3,soft,true,12,0.589
Morphettville Parks,2200,10-12,dry,4-6m,7,0.545
Morphettville Parks,2200,10-12,dry,7-9m,1,0.222
Morphettville Parks,2200,10-12,dry,true,5,0.587
Morphettville Parks,2200,10-12,heavy,1-3m,1,0.889
Morphettville Parks,2200,10-12,heavy,7-9m,3,0.727
Morphettville Parks,2200,10-12,soft,4-6m,3,0.485
Morphettville Parks,2200,10-12,soft,7-9m,3,0.091
Morphettville Parks,2200,10-12,soft,true,4,0.481
Morphettville Parks,2200,13+,soft,true,2,0.346
Morphettville Parks,2200,4-6,dry,4-6m,21,0.42
Morphettville Parks,2200,4-6,dry,7-9m,6,0.426
Morphettville Parks,2200,4-6,dry,true,18,0.483
Morphettville Parks,2200,4-6,heavy,1-3m,3,0.333
Morphettville Parks,2200,4-6,heavy,7-9m,3,0.394
Morphettville Parks,2200,4-6,heavy,true,6,0.536
Morphettville Parks,2200,4-6,soft,4-6m,3,0.636
Morphettville Parks,2200,4-6,soft,7-9m,6,0.506
Morphettville Parks,2200,4-6,soft,true,12,0.525
Morphettville Parks,2200,7-9,dry,4-6m,16,0.574
Morphettville Parks,2200,7-9,dry,7-9m,4,0.347
Morphettville Parks,2200,7-9,dry,true,12,0.557
Morphettville Parks,2200,7-9,heavy,1-3m,3,0.667
Morphettville Parks,2200,7-9,heavy,7-9m,3,0.636
Morphettville Parks,2200,7-9,heavy,true,3,0.786
Morphettville Parks,2200,7-9,soft,4-6m,3,0.545
Morphettville Parks,2200,7-9,soft,7-9m,3,0.758
Morphettville Parks,2200,7-9,soft,true,11,0.385
Morphettville Parks,2300,1-3,dry,4-6m,3,0.4
Morphettville Parks,2300,1-3,heavy,7-9m,3,0.2
Morphettville Parks,2300,10-12,dry,4-6m,2,0.8
Morphettville Parks,2300,10-12,heavy,7-9m,2,0.35
Morphettville Parks,2300,4-6,dry,4-6m,3,0.767
Morphettville Parks,2300,4-6,heavy,7-9m,3,0.667
Morphettville Parks,2300,7-9,dry,4-6m,3,0.133
Morphettville Parks,2300,7-9,heavy,7-9m,3,0.733
Morphettville Parks,2400,1-3,dry,7-9m,9,0.524
Morphettville Parks,2400,1-3,dry,true,3,0.611
Morphettville Parks,2400,1-3,heavy,1-3m,3,0.333
Morphettville Parks,2400,1-3,heavy,4-6m,3,0.375
Morphettville Parks,2400,1-3,soft,7-9m,3,0.778
Morphettville Parks,2400,10-12,dry,7-9m,1,0.111
Morphettville Parks,2400,10-12,soft,7-9m,1,0.222
Morphettville Parks,2400,4-6,dry,7-9m,9,0.412
Morphettville Parks,2400,4-6,dry,true,3,0.389
Morphettville Parks,2400,4-6,heavy,1-3m,3,0.571
Morphettville Parks,2400,4-6,heavy,4-6m,3,0.458
Morphettville Parks,2400,4-6,soft,7-9m,3,0.593
Morphettville Parks,2400,7-9,dry,7-9m,8,0.621
Morphettville Parks,2400,7-9,dry,true,1,0.5
Morphettville Parks,2400,7-9,heavy,1-3m,2,0.643
Morphettville Parks,2400,7-9,heavy,4-6m,3,0.667
Morphettville Parks,2400,7-9,soft,7-9m,3,0.222
Murray Bridge GH,900,1-3,dry,10m+,6,0.273
Murray Bridge GH,900,1-3,dry,4-6m,19,0.524
Murray Bridge GH,900,1-3,dry,7-9m,24,0.473
Murray Bridge GH,900,1-3,dry,true,21,0.467
Murray Bridge GH,900,1-3,heavy,10m+,3,0.7
Murray Bridge GH,900,1-3,soft,1-3m,3,0.152
Murray Bridge GH,900,1-3,soft,10m+,3,0.407
Murray Bridge GH,900,1-3,soft,4-6m,9,0.424
Murray Bridge GH,900,1-3,soft,7-9m,12,0.492
Murray Bridge GH,900,1-3,soft,true,6,0.533
Murray Bridge GH,900,10-12,dry,10m+,4,0.581
Murray Bridge GH,900,10-12,dry,4-6m,15,0.633
Murray Bridge GH,900,10-12,dry,7-9m,20,0.658
Murray Bridge GH,900,10-12,dry,true,10,0.67
Murray Bridge GH,900,10-12,heavy,10m+,2,0.75
Murray Bridge GH,900,10-12,soft,1-3m,3,0.576
Murray Bridge GH,900,10-12,soft,10m+,1,0.444
Murray Bridge GH,900,10-12,soft,4-6m,9,0.646
Murray Bridge GH,900,10-12,soft,7-9m,8,0.65
Murray Bridge GH,900,10-12,soft,true,4,0.517
Murray Bridge GH,900,13+,dry,4-6m,1,0.25
Murray Bridge GH,900,13+,dry,7-9m,3,0.744
Murray Bridge GH,900,13+,dry,true,4,0.654
Murray Bridge GH,900,13+,soft,true,4,0.8
Murray Bridge GH,900,4-6,dry,10m+,6,0.557
Murray Bridge GH,900,4-6,dry,4-6m,21,0.487
Murray Bridge GH,900,4-6,dry,7-9m,24,0.496
Murray Bridge GH,900,4-6,dry,true,21,0.392
Murray Bridge GH,900,4-6,heavy,10m+,3,0.167
Murray Bridge GH,900,4-6,soft,1-3m,3,0.667
Murray Bridge GH,900,4-6,soft,10m+,3,0.296
Murray Bridge GH,900,4-6,soft,4-6m,9,0.515
Murray Bridge GH,900,4-6,soft,7-9m,12,0.467
Murray Bridge GH,900,4-6,soft,true,6,0.126
Murray Bridge GH,900,7-9,dry,10m+,6,0.616
Murray Bridge GH,900,7-9,dry,4-6m,20,0.397
Murray Bridge GH,900,7-9,dry,7-9m,24,0.369
Murray Bridge GH,900,7-9,dry,true,15,0.542
Murray Bridge GH,900,7-9,heavy,10m+,3,0.467
Murray Bridge GH,900,7-9,soft,1-3m,3,0.606
Murray Bridge GH,900,7-9,soft,10m+,3,0.815
Murray Bridge GH,900,7-9,soft,4-6m,9,0.414
Murray Bridge GH,900,7-9,soft,7-9m,12,0.442
Murray Bridge GH,900,7-9,soft,true,6,0.63
Murray Bridge GH,1000,1-3,dry,1-3m,3,0.545
Murray Bridge GH,1000,1-3,dry,10m+,12,0.385
Murray Bridge GH,1000,1-3,dry,4-6m,12,0.566
Murray Bridge GH,1000,1-3,dry,7-9m,15,0.414
Murray Bridge GH,1000,1-3,dry,true,30,0.521
Murray Bridge GH,1000,1-3,soft,1-3m,15,0.311
Murray Bridge GH,1000,1-3,soft,10m+,12,0.458
Murray Bridge GH,1000,1-3,soft,4-6m,12,0.442
Murray Bridge GH,1000,1-3,soft,7-9m,12,0.611
Murray Bridge GH,1000,1-3,soft,true,21,0.5
Murray Bridge GH,1000,10-12,dry,1-3m,3,0.576
Murray Bridge GH,1000,10-12,dry,10m+,8,0.649
Murray Bridge GH,1000,10-12,dry,4-6m,10,0.481
Murray Bridge GH,1000,10-12,dry,7-9m,10,0.476
Murray Bridge GH,1000,10-12,dry,true,9,0.469
Murray Bridge GH,1000,10-12,soft,1-3m,11,0.645
Murray Bridge GH,1000,10-12,soft,10m+,6,0.67
Murray Bridge GH,1000,10-12,soft,4-6m,11,0.61
Murray Bridge GH,1000,10-12,soft,7-9m,7,0.504
Murray Bridge GH,1000,10-12,soft,true,12,0.545
Murray Bridge GH,1000,13+,dry,4-6m,1,1.0
Murray Bridge GH,1000,13+,soft,1-3m,2,0.958
Murray Bridge GH,1000,13+,soft,4-6m,5,0.446
Murray Bridge GH,1000,13+,soft,7-9m,2,0.962
Murray Bridge GH,1000,13+,soft,true,3,0.595
Murray Bridge GH,1000,4-6,dry,1-3m,3,0.364
Murray Bridge GH,1000,4-6,dry,10m+,12,0.443
Murray Bridge GH,1000,4-6,dry,4-6m,12,0.485
Murray Bridge GH,1000,4-6,dry,7-9m,15,0.486
Murray Bridge GH,1000,4-6,dry,true,30,0.506
Murray Bridge GH,1000,4-6,soft,1-3m,15,0.491
Murray Bridge GH,1000,4-6,soft,10m+,12,0.459
Murray Bridge GH,1000,4-6,soft,4-6m,12,0.499
Murray Bridge GH,1000,4-6,soft,7-9m,12,0.357
Murray Bridge GH,1000,4-6,soft,true,21,0.515
Murray Bridge GH,1000,7-9,dry,1-3m,3,0.515
Murray Bridge GH,1000,7-9,dry,10m+,12,0.573
Murray Bridge GH,1000,7-9,dry,4-6m,12,0.423
Murray Bridge GH,1000,7-9,dry,7-9m,13,0.633
Murray Bridge GH,1000,7-9,dry,true,22,0.476
Murray Bridge GH,1000,7-9,soft,1-3m,15,0.53
Murray Bridge GH,1000,7-9,soft,10m+,12,0.497
Murray Bridge GH,1000,7-9,soft,4-6m,12,0.48
Murray Bridge GH,1000,7-9,soft,7-9m,10,0.412
Murray Bridge GH,1000,7-9,soft,true,20,0.442
Murray Bridge GH,1100,1-3,dry,1-3m,6,0.272
Murray Bridge GH,1100,1-3,dry,10m+,9,0.327
Murray Bridge GH,1100,1-3,dry,4-6m,12,0.442
Murray Bridge GH,1100,1-3,dry,7-9m,7,0.346
Murray Bridge GH,1100,1-3,dry,true,39,0.427
Murray Bridge GH,1100,1-3,heavy,10m+,3,0.5
Murray Bridge GH,1100,1-3,soft,1-3m,9,0.408
Murray Bridge GH,1100,1-3,soft,4-6m,6,0.373
Murray Bridge GH,1100,1-3,soft,7-9m,15,0.336
Murray Bridge GH,1100,1-3,soft,true,27,0.383
Murray Bridge GH,1100,10-12,dry,1-3m,2,0.85
Murray Bridge GH,1100,10-12,dry,10m+,4,0.625
Murray Bridge GH,1100,10-12,dry,4-6m,6,0.591
Murray Bridge GH,1100,10-12,dry,7-9m,6,0.724
Murray Bridge GH,1100,10-12,dry,true,24,0.556
Murray Bridge GH,1100,10-12,heavy,10m+,2,0.75
Murray Bridge GH,1100,10-12,soft,1-3m,9,0.502
Murray Bridge GH,1100,10-12,soft,4-6m,6,0.474
Murray Bridge GH,1100,10-12,soft,7-9m,7,0.608
Murray Bridge GH,1100,10-12,soft,true,19,0.644
Murray Bridge GH,1100,13+,dry,true,10,0.687
Murray Bridge GH,1100,13+,soft,1-3m,4,0.78
Murray Bridge GH,1100,13+,soft,4-6m,2,0.5
Murray Bridge GH,1100,13+,soft,7-9m,1,0.917
Murray Bridge GH,1100,13+,soft,true,9,0.517
Murray Bridge GH,1100,4-6,dry,1-3m,6,0.594
Murray Bridge GH,1100,4-6,dry,10m+,9,0.517
Murray Bridge GH,1100,4-6,dry,4-6m,12,0.32
Murray Bridge GH,1100,4-6,dry,7-9m,9,0.67
Murray Bridge GH,1100,4-6,dry,true,39,0.449
Murray Bridge GH,1100,4-6,heavy,10m+,3,0.467
Murray Bridge GH,1100,4-6,soft,1-3m,9,0.503
Murray Bridge GH,1100,4-6,soft,4-6m,6,0.538
Murray Bridge GH,1100,4-6,soft,7-9m,15,0.439
Murray Bridge GH,1100,4-6,soft,true,27,0.511
Murray Bridge GH,1100,7-9,dry,1-3m,4,0.525
Murray Bridge GH,1100,7-9,dry,10m+,8,0.612
Murray Bridge GH,1100,7-9,dry,4-6m,9,0.756
Murray Bridge GH,1100,7-9,dry,7-9m,6,0.333
Murray Bridge GH,1100,7-9,dry,true,36,0.545
Murray Bridge GH,1100,7-9,heavy,10m+,3,0.367
Murray Bridge GH,1100,7-9,soft,1-3m,9,0.462
Murray Bridge GH,1100,7-9,soft,4-6m,6,0.614
Murray Bridge GH,1100,7-9,soft,7-9m,15,0.641
Murray Bridge GH,1100,7-9,soft,true,27,0.5
Murray Bridge GH,1200,1-3,dry,1-3m,6,0.634
Murray Bridge GH,1200,1-3,dry,10m+,15,0.476
Murray Bridge GH,1200,1-3,dry,4-6m,36,0.408
Murray Bridge GH,1200,1-3,dry,7-9m,42,0.404
Murray Bridge GH,1200,1-3,dry,true,69,0.42
Murray Bridge GH,1200,1-3,heavy,10m+,6,0.421
Murray Bridge GH,1200,1-3,heavy,true,6,0.454
Murray Bridge GH,1200,1-3,soft,1-3m,6,0.702
Murray Bridge GH,1200,1-3,soft,10m+,15,0.44
Murray Bridge GH,1200,1-3,soft,4-6m,14,0.529
Murray Bridge GH,1200,1-3,soft,7-9m,26,0.293
Murray Bridge GH,1200,1-3,soft,true,54,0.452
Murray Bridge GH,1200,10-12,dry,1-3m,6,0.593
Murray Bridge GH,1200,10-12,dry,10m+,11,0.61
Murray Bridge GH,1200,10-12,dry,4-6m,24,0.466
Murray Bridge GH,1200,10-12,dry,7-9m,37,0.57
Murray Bridge GH,1200,10-12,dry,true,30,0.619
Murray Bridge GH,1200,10-12,heavy,10m+,2,0.5
Murray Bridge GH,1200,10-12,heavy,true,3,0.583
Murray Bridge GH,1200,10-12,soft,1-3m,3,0.429
Murray Bridge GH,1200,10-12,soft,10m+,7,0.327
Murray Bridge GH,1200,10-12,soft,4-6m,10,0.468
Murray Bridge GH,1200,10-12,soft,7-9m,26,0.642
Murray Bridge GH,1200,10-12,soft,true,36,0.581
Murray Bridge GH,1200,13+,dry,1-3m,3,0.452
Murray Bridge GH,1200,13+,dry,4-6m,6,0.744
Murray Bridge GH,1200,13+,dry,7-9m,18,0.521
Murray Bridge GH,1200,13+,dry,true,7,0.63
Murray Bridge GH,1200,13+,heavy,true,1,0.917
Murray Bridge GH,1200,13+,soft,1-3m,3,0.5
Murray Bridge GH,1200,13+,soft,4-6m,4,0.423
Murray Bridge GH,1200,13+,soft,7-9m,13,0.788
Murray Bridge GH,1200,13+,soft,true,9,0.647
Murray Bridge GH,1200,4-6,dry,1-3m,6,0.282
Murray Bridge GH,1200,4-6,dry,10m+,15,0.373
Murray Bridge GH,1200,4-6,dry,4-6m,36,0.55
Murray Bridge GH,1200,4-6,dry,7-9m,42,0.518
Murray Bridge GH,1200,4-6,dry,true,69,0.486
Murray Bridge GH,1200,4-6,heavy,10m+,6,0.446
Murray Bridge GH,1200,4-6,heavy,true,6,0.506
Murray Bridge GH,1200,4-6,soft,1-3m,6,0.417
Murray Bridge GH,1200,4-6,soft,10m+,15,0.539
Murray Bridge GH,1200,4-6,soft,4-6m,15,0.505
Murray Bridge GH,1200,4-6,soft,7-9m,27,0.39
Murray Bridge GH,1200,4-6,soft,true,54,0.395
Murray Bridge GH,1200,7-9,dry,1-3m,6,0.514
Murray Bridge GH,1200,7-9,dry,10m+,15,0.564
Murray Bridge GH,1200,7-9,dry,4-6m,36,0.521
Murray Bridge GH,1200,7-9,dry,7-9m,41,0.51
Murray Bridge GH,1200,7-9,dry,true,56,0.536
Murray Bridge GH,1200,7-9,heavy,10m+,6,0.633
Murray Bridge GH,1200,7-9,heavy,true,5,0.414
Murray Bridge GH,1200,7-9,soft,1-3m,5,0.4
Murray Bridge GH,1200,7-9,soft,10m+,14,0.61
Murray Bridge GH,1200,7-9,soft,4-6m,12,0.465
Murray Bridge GH,1200,7-9,soft,7-9m,27,0.516
Murray Bridge GH,1200,7-9,soft,true,52,0.577
Murray Bridge GH,1400,1-3,dry,1-3m,6,0.347
Murray Bridge GH,1400,1-3,dry,10m+,21,0.46
Murray Bridge GH,1400,1-3,dry,4-6m,39,0.444
Murray Bridge GH,1400,1-3,dry,7-9m,45,0.458
Murray Bridge GH,1400,1-3,dry,true,84,0.415
Murray Bridge GH,1400,1-3,heavy,10m+,9,0.412
Murray Bridge GH,1400,1-3,soft,1-3m,15,0.365
Murray Bridge GH,1400,1-3,soft,10m+,24,0.416
Murray Bridge GH,1400,1-3,soft,4-6m,21,0.458
Murray Bridge GH,1400,1-3,soft,7-9m,15,0.473
Murray Bridge GH,1400,1-3,soft,true,30,0.324
Murray Bridge GH,1400,10-12,dry,1-3m,4,0.674
Murray Bridge GH,1400,10-12,dry,10m+,15,0.687
Murray Bridge GH,1400,10-12,dry,4-6m,37,0.549
Murray Bridge GH,1400,10-12,dry,7-9m,43,0.546
Murray Bridge GH,1400,10-12,dry,true,53,0.512
Murray Bridge GH,1400,10-12,heavy,10m+,6,0.355
Murray Bridge GH,1400,10-12,soft,1-3m,14,0.748
Murray Bridge GH,1400,10-12,soft,10m+,21,0.673
Murray Bridge GH,1400,10-12,soft,4-6m,19,0.511
Murray Bridge GH,1400,10-12,soft,7-9m,15,0.485
Murray Bridge GH,1400,10-12,soft,true,28,0.545
Murray Bridge GH,1400,13+,dry,1-3m,1,0.75
Murray Bridge GH,1400,13+,dry,10m+,4,0.717
Murray Bridge GH,1400,13+,dry,4-6m,13,0.482
Murray Bridge GH,1400,13+,dry,7-9m,19,0.633
Murray Bridge GH,1400,13+,dry,true,32,0.644
Murray Bridge GH,1400,13+,heavy,10m+,2,0.385
Murray Bridge GH,1400,13+,soft,1-3m,7,0.54
Murray Bridge GH,1400,13+,soft,10m+,3,0.59
Murray Bridge GH,1400,13+,soft,4-6m,8,0.462
Murray Bridge GH,1400,13+,soft,7-9m,6,0.552
Murray Bridge GH,1400,13+,soft,true,12,0.687
Murray Bridge GH,1400,4-6,dry,1-3m,6,0.486
Murray Bridge GH,1400,4-6,dry,10m+,21,0.383
Murray Bridge GH,1400,4-6,dry,4-6m,39,0.46
Murray Bridge GH,1400,4-6,dry,7-9m,45,0.512
Murray Bridge GH,1400,4-6,dry,true,84,0.473
Murray Bridge GH,1400,4-6,heavy,10m+,9,0.587
Murray Bridge GH,1400,4-6,soft,1-3m,15,0.433
Murray Bridge GH,1400,4-6,soft,10m+,24,0.435
Murray Bridge GH,1400,4-6,soft,4-6m,21,0.495
Murray Bridge GH,1400,4-6,soft,7-9m,15,0.454
Murray Bridge GH,1400,4-6,soft,true,30,0.521
Murray Bridge GH,1400,7-9,dry,1-3m,6,0.509
Murray Bridge GH,1400,7-9,dry,10m+,21,0.483
Murray Bridge GH,1400,7-9,dry,4-6m,39,0.55
Murray Bridge GH,1400,7-9,dry,7-9m,45,0.429
Murray Bridge GH,1400,7-9,dry,true,78,0.553
Murray Bridge GH,1400,7-9,heavy,10m+,9,0.623
Murray Bridge GH,1400,7-9,soft,1-3m,14,0.412
Murray Bridge GH,1400,7-9,soft,10m+,24,0.466
Murray Bridge GH,1400,7-9,soft,4-6m,21,0.551
Murray Bridge GH,1400,7-9,soft,7-9m,15,0.568
Murray Bridge GH,1400,7-9,soft,true,30,0.539
Murray Bridge GH,1600,1-3,dry,1-3m,9,0.579
Murray Bridge GH,1600,1-3,dry,10m+,6,0.615
Murray Bridge GH,1600,1-3,dry,4-6m,18,0.409
Murray Bridge GH,1600,1-3,dry,7-9m,24,0.464
Murray Bridge GH,1600,1-3,dry,true,30,0.54
Murray Bridge GH,1600,1-3,heavy,10m+,3,0.533
Murray Bridge GH,1600,1-3,soft,1-3m,9,0.311
Murray Bridge GH,1600,1-3,soft,10m+,12,0.419
Murray Bridge GH,1600,1-3,soft,4-6m,9,0.434
Murray Bridge GH,1600,1-3,soft,7-9m,18,0.343
Murray Bridge GH,1600,1-3,soft,true,24,0.399
Murray Bridge GH,1600,10-12,dry,1-3m,7,0.483
Murray Bridge GH,1600,10-12,dry,10m+,5,0.556
Murray Bridge GH,1600,10-12,dry,4-6m,12,0.325
Murray Bridge GH,1600,10-12,dry,7-9m,19,0.378
Murray Bridge GH,1600,10-12,dry,true,19,0.55
Murray Bridge GH,1600,10-12,heavy,10m+,2,0.55
Murray Bridge GH,1600,10-12,soft,1-3m,4,0.808
Murray Bridge GH,1600,10-12,soft,10m+,6,0.697
Murray Bridge GH,1600,10-12,soft,4-6m,8,0.613
Murray Bridge GH,1600,10-12,soft,7-9m,18,0.553
Murray Bridge GH,1600,10-12,soft,true,12,0.521
Murray Bridge GH,1600,13+,dry,4-6m,6,0.631
Murray Bridge GH,1600,13+,dry,7-9m,12,0.603
Murray Bridge GH,1600,13+,dry,true,4,0.6
Murray Bridge GH,1600,13+,soft,10m+,2,0.808
Murray Bridge GH,1600,13+,soft,4-6m,1,0.917
Murray Bridge GH,1600,13+,soft,7-9m,14,0.724
Murray Bridge GH,1600,13+,soft,true,4,0.615
Murray Bridge GH,1600,4-6,dry,1-3m,9,0.44
Murray Bridge GH,1600,4-6,dry,10m+,6,0.544
Murray Bridge GH,1600,4-6,dry,4-6m,17,0.541
Murray Bridge GH,1600,4-6,dry,7-9m,24,0.522
Murray Bridge GH,1600,4-6,dry,true,30,0.428
Murray Bridge GH,1600,4-6,heavy,10m+,3,0.5
Murray Bridge GH,1600,4-6,soft,1-3m,9,0.516
Murray Bridge GH,1600,4-6,soft,10m+,12,0.532
Murray Bridge GH,1600,4-6,soft,4-6m,9,0.321
Murray Bridge GH,1600,4-6,soft,7-9m,18,0.418
Murray Bridge GH,1600,4-6,soft,true,24,0.451
Murray Bridge GH,1600,7-9,dry,1-3m,9,0.494
Murray Bridge GH,1600,7-9,dry,10m+,6,0.294
Murray Bridge GH,1600,7-9,dry,4-6m,17,0.645
Murray Bridge GH,1600,7-9,dry,7-9m,22,0.565
Murray Bridge GH,1600,7-9,dry,true,28,0.469
Murray Bridge GH,1600,7-9,heavy,10m+,3,0.433
Murray Bridge GH,1600,7-9,soft,1-3m,8,0.541
Murray Bridge GH,1600,7-9,soft,10m+,12,0.358
Murray Bridge GH,1600,7-9,soft,4-6m,9,0.597
Murray Bridge GH,1600,7-9,soft,7-9m,18,0.513
Murray Bridge GH,1600,7-9,soft,true,22,0.632
Murray Bridge GH,1800,1-3,dry,1-3m,3,0.75
Murray Bridge GH,1800,1-3,dry,10m+,3,0.278
Murray Bridge GH,1800,1-3,dry,4-6m,17,0.508
Murray Bridge GH,1800,1-3,dry,7-9m,12,0.346
Murray Bridge GH,1800,1-3,dry,true,21,0.438
Murray Bridge GH,1800,1-3,heavy,true,6,0.384
Murray Bridge GH,1800,1-3,soft,1-3m,6,0.448
Murray Bridge GH,1800,1-3,soft,10m+,3,0.407
Murray Bridge GH,1800,1-3,soft,4-6m,6,0.574
Murray Bridge GH,1800,1-3,soft,7-9m,18,0.608
Murray Bridge GH,1800,1-3,soft,true,15,0.258
Murray Bridge GH,1800,10-12,dry,10m+,3,0.361
Murray Bridge GH,1800,10-12,dry,4-6m,15,0.377
Murray Bridge GH,1800,10-12,dry,7-9m,10,0.581
Murray Bridge GH,1800,10-12,dry,true,9,0.593
Murray Bridge GH,1800,10-12,heavy,true,1,1.0
Murray Bridge GH,1800,10-12,soft,1-3m,3,0.181
Murray Bridge GH,1800,10-12,soft,10m+,1,1.0
Murray Bridge GH,1800,10-12,soft,4-6m,4,0.427
Murray Bridge GH,1800,10-12,soft,7-9m,16,0.562
Murray Bridge GH,1800,10-12,soft,true,12,0.699
Murray Bridge GH,1800,13+,dry,10m+,1,1.0
Murray Bridge GH,1800,13+,dry,4-6m,13,0.406
Murray Bridge GH,1800,13+,dry,7-9m,2,0.577
Murray Bridge GH,1800,13+,dry,true,7,0.216
Murray Bridge GH,1800,13+,soft,7-9m,8,0.427
Murray Bridge GH,1800,13+,soft,true,7,0.768
Murray Bridge GH,1800,4-6,dry,1-3m,3,0.625
Murray Bridge GH,1800,4-6,dry,10m+,3,0.472
Murray Bridge GH,1800,4-6,dry,4-6m,18,0.574
Murray Bridge GH,1800,4-6,dry,7-9m,12,0.638
Murray Bridge GH,1800,4-6,dry,true,21,0.472
Murray Bridge GH,1800,4-6,heavy,true,6,0.529
Murray Bridge GH,1800,4-6,soft,1-3m,6,0.433
Murray Bridge GH,1800,4-6,soft,10m+,3,0.333
Murray Bridge GH,1800,4-6,soft,4-6m,6,0.54
Murray Bridge GH,1800,4-6,soft,7-9m,18,0.427
Murray Bridge GH,1800,4-6,soft,true,15,0.432
Murray Bridge GH,1800,7-9,dry,1-3m,3,0.125
Murray Bridge GH,1800,7-9,dry,10m+,3,0.722
Murray Bridge GH,1800,7-9,dry,4-6m,16,0.538
Murray Bridge GH,1800,7-9,dry,7-9m,11,0.447
Murray Bridge GH,1800,7-9,dry,true,17,0.679
Murray Bridge GH,1800,7-9,heavy,true,5,0.505
Murray Bridge GH,1800,7-9,soft,1-3m,6,0.778
Murray Bridge GH,1800,7-9,soft,10m+,3,0.593
Murray Bridge GH,1800,7-9,soft,4-6m,6,0.434
Murray Bridge GH,1800,7-9,soft,7-9m,17,0.415
Murray Bridge GH,1800,7-9,soft,true,14,0.538
Murray Bridge GH,2000,1-3,dry,1-3m,3,0.143
Murray Bridge GH,2000,1-3,dry,10m+,12,0.554
Murray Bridge GH,2000,1-3,dry,4-6m,12,0.389
Murray Bridge GH,2000,1-3,dry,7-9m,18,0.493
Murray Bridge GH,2000,1-3,dry,true,24,0.522
Murray Bridge GH,2000,1-3,heavy,10m+,3,0.821
Murray Bridge GH,2000,1-3,soft,1-3m,6,0.283
Murray Bridge GH,2000,1-3,soft,10m+,9,0.687
Murray Bridge GH,2000,1-3,soft,4-6m,6,0.333
Murray Bridge GH,2000,1-3,soft,7-9m,6,0.387
Murray Bridge GH,2000,1-3,soft,true,15,0.431
Murray Bridge GH,2000,10-12,dry,10m+,9,0.412
Murray Bridge GH,2000,10-12,dry,4-6m,12,0.597
Murray Bridge GH,2000,10-12,dry,7-9m,11,0.446
Murray Bridge GH,2000,10-12,dry,true,11,0.546
Murray Bridge GH,2000,10-12,heavy,10m+,3,0.564
Murray Bridge GH,2000,10-12,soft,1-3m,5,0.755
Murray Bridge GH,2000,10-12,soft,10m+,6,0.389
Murray Bridge GH,2000,10-12,soft,4-6m,4,0.625
Murray Bridge GH,2000,10-12,soft,7-9m,3,0.604
Murray Bridge GH,2000,10-12,soft,true,7,0.731
Murray Bridge GH,2000,13+,dry,10m+,2,0.885
Murray Bridge GH,2000,13+,dry,4-6m,4,0.938
Murray Bridge GH,2000,13+,dry,7-9m,3,0.53
Murray Bridge GH,2000,13+,dry,true,4,0.542
Murray Bridge GH,2000,13+,heavy,10m+,2,0.846
Murray Bridge GH,2000,13+,soft,10m+,2,0.5
Murray Bridge GH,2000,13+,soft,4-6m,1,0.083
Murray Bridge GH,2000,4-6,dry,1-3m,3,0.714
Murray Bridge GH,2000,4-6,dry,10m+,12,0.405
Murray Bridge GH,2000,4-6,dry,4-6m,12,0.528
Murray Bridge GH,2000,4-6,dry,7-9m,18,0.591
Murray Bridge GH,2000,4-6,dry,true,24,0.516
Murray Bridge GH,2000,4-6,heavy,10m+,3,0.231
Murray Bridge GH,2000,4-6,soft,1-3m,6,0.442
Murray Bridge GH,2000,4-6,soft,10m+,9,0.314
Murray Bridge GH,2000,4-6,soft,4-6m,6,0.495
Murray Bridge GH,2000,4-6,soft,7-9m,6,0.494
Murray Bridge GH,2000,4-6,soft,true,15,0.423
Murray Bridge GH,2000,7-9,dry,1-3m,2,0.714
Murray Bridge GH,2000,7-9,dry,10m+,12,0.542
Murray Bridge GH,2000,7-9,dry,4-6m,12,0.34
Murray Bridge GH,2000,7-9,dry,7-9m,17,0.441
Murray Bridge GH,2000,7-9,dry,true,16,0.4
Murray Bridge GH,2000,7-9,heavy,10m+,3,0.154
Murray Bridge GH,2000,7-9,soft,1-3m,6,0.562
Murray Bridge GH,2000,7-9,soft,10m+,7,0.594
Murray Bridge GH,2000,7-9,soft,4-6m,6,0.657
Murray Bridge GH,2000,7-9,soft,7-9m,6,0.567
Murray Bridge GH,2000,7-9,soft,true,13,0.544
Murray Bridge GH,2500,1-3,dry,4-6m,3,0.308
Murray Bridge GH,2500,1-3,dry,7-9m,5,0.371
Murray Bridge GH,2500,1-3,dry,true,6,0.54
Murray Bridge GH,2500,1-3,soft,1-3m,6,0.659
Murray Bridge GH,2500,1-3,soft,true,3,0.233
Murray Bridge GH,2500,10-12,dry,4-6m,3,0.564
Murray Bridge GH,2500,10-12,dry,7-9m,1,0.778
Murray Bridge GH,2500,10-12,dry,true,2,0.45
Murray Bridge GH,2500,10-12,soft,1-3m,1,0.222
Murray Bridge GH,2500,10-12,soft,true,2,0.55
Murray Bridge GH,2500,13+,dry,4-6m,2,0.962
Murray Bridge GH,2500,4-6,dry,4-6m,3,0.308
Murray Bridge GH,2500,4-6,dry,7-9m,6,0.392
Murray Bridge GH,2500,4-6,dry,true,6,0.624
Murray Bridge GH,2500,4-6,soft,1-3m,6,0.548
Murray Bridge GH,2500,4-6,soft,true,3,0.5
Murray Bridge GH,2500,7-9,dry,4-6m,3,0.513
Murray Bridge GH,2500,7-9,dry,7-9m,5,0.603
Murray Bridge GH,2500,7-9,dry,true,5,0.323
Murray Bridge GH,2500,7-9,soft,1-3m,5,0.308
Murray Bridge GH,2500,7-9,soft,true,3,0.733
Pakenham,1000,1-3,dry,1-3m,38,0.339
Pakenham,1000,1-3,dry,4-6m,27,0.432
Pakenham,1000,1-3,dry,7-9m,26,0.357
Pakenham,1000,1-3,dry,true,39,0.454
Pakenham,1000,1-3,heavy,4-6m,3,0.238
Pakenham,1000,1-3,heavy,true,6,0.45
Pakenham,1000,1-3,soft,1-3m,3,0.611
Pakenham,1000,1-3,soft,4-6m,12,0.361
Pakenham,1000,1-3,soft,7-9m,18,0.367
Pakenham,1000,1-3,soft,true,15,0.408
Pakenham,1000,10-12,dry,1-3m,12,0.662
Pakenham,1000,10-12,dry,4-6m,14,0.759
Pakenham,1000,10-12,dry,7-9m,7,0.664
Pakenham,1000,10-12,dry,true,17,0.622
Pakenham,1000,10-12,soft,4-6m,8,0.697
Pakenham,1000,10-12,soft,7-9m,5,0.655
Pakenham,1000,4-6,dry,1-3m,39,0.468
Pakenham,1000,4-6,dry,4-6m,27,0.41
Pakenham,1000,4-6,dry,7-9m,27,0.496
Pakenham,1000,4-6,dry,true,39,0.445
Pakenham,1000,4-6,heavy,4-6m,3,0.476
Pakenham,1000,4-6,heavy,true,6,0.55
Pakenham,1000,4-6,soft,1-3m,3,0.556
Pakenham,1000,4-6,soft,4-6m,12,0.446
Pakenham,1000,4-6,soft,7-9m,18,0.531
Pakenham,1000,4-6,soft,true,15,0.5
Pakenham,1000,7-9,dry,1-3m,29,0.705
Pakenham,1000,7-9,dry,4-6m,24,0.527
Pakenham,1000,7-9,dry,7-9m,22,0.599
Pakenham,1000,7-9,dry,true,34,0.554
Pakenham,1000,7-9,heavy,4-6m,2,0.929
Pakenham,1000,7-9,heavy,true,1,0.5
Pakenham,1000,7-9,soft,1-3m,1,0.0
Pakenham,1000,7-9,soft,4-6m,9,0.583
Pakenham,1000,7-9,soft,7-9m,16,0.566
Pakenham,1000,7-9,soft,true,10,0.638
Pakenham,1100,1-3,dry,1-3m,9,0.414
Pakenham,1100,1-3,dry,4-6m,9,0.316
Pakenham,1100,1-3,dry,7-9m,6,0.487
Pakenham,1100,1-3,dry,true,18,0.488
Pakenham,1100,1-3,heavy,1-3m,3,0.19
Pakenham,1100,1-3,heavy,4-6m,9,0.36
Pakenham,1100,1-3,soft,1-3m,6,0.246
Pakenham,1100,1-3,soft,4-6m,9,0.398
Pakenham,1100,1-3,soft,true,3,0.2
Pakenham,1100,10-12,dry,4-6m,4,0.808
Pakenham,1100,10-12,dry,7-9m,1,0.889
Pakenham,1100,10-12,dry,true,3,0.697
Pakenham,1100,10-12,soft,4-6m,4,0.705
Pakenham,1100,10-12,soft,true,2,0.95
Pakenham,1100,4-6,dry,1-3m,9,0.433
Pakenham,1100,4-6,dry,4-6m,9,0.387
Pakenham,1100,4-6,dry,7-9m,6,0.344
Pakenham,1100,4-6,dry,true,18,0.411
Pakenham,1100,4-6,heavy,1-3m,3,0.524
Pakenham,1100,4-6,heavy,4-6m,9,0.452
Pakenham,1100,4-6,soft,1-3m,6,0.629
Pakenham,1100,4-6,soft,4-6m,9,0.424
Pakenham,1100,4-6,soft,true,3,0.367
Pakenham,1100,7-9,dry,1-3m,6,0.729
Pakenham,1100,7-9,dry,4-6m,8,0.68
Pakenham,1100,7-9,dry,7-9m,5,0.625
Pakenham,1100,7-9,dry,true,9,0.637
Pakenham,1100,7-9,heavy,1-3m,2,0.929
Pakenham,1100,7-9,heavy,4-6m,4,0.923
Pakenham,1100,7-9,soft,1-3m,3,0.75
Pakenham,1100,7-9,soft,4-6m,9,0.588
Pakenham,1100,7-9,soft,true,3,0.633
Pakenham,1200,1-3,dry,1-3m,51,0.412
Pakenham,1200,1-3,dry,4-6m,63,0.459
Pakenham,1200,1-3,dry,7-9m,69,0.448
Pakenham,1200,1-3,dry,true,81,0.387
Pakenham,1200,1-3,heavy,1-3m,9,0.462
Pakenham,1200,1-3,heavy,true,15,0.508
Pakenham,1200,1-3,soft,1-3m,18,0.388
Pakenham,1200,1-3,soft,4-6m,50,0.438
Pakenham,1200,1-3,soft,7-9m,21,0.444
Pakenham,1200,1-3,soft,true,33,0.349
Pakenham,1200,10-12,dry,1-3m,23,0.615
Pakenham,1200,10-12,dry,4-6m,24,0.623
Pakenham,1200,10-12,dry,7-9m,25,0.541
Pakenham,1200,10-12,dry,true,25,0.578
Pakenham,1200,10-12,heavy,1-3m,2,0.55
Pakenham,1200,10-12,heavy,true,6,0.577
Pakenham,1200,10-12,soft,1-3m,5,0.578
Pakenham,1200,10-12,soft,4-6m,8,0.601
Pakenham,1200,10-12,soft,7-9m,6,0.609
Pakenham,1200,10-12,soft,true,5,0.909
Pakenham,1200,13+,dry,1-3m,4,0.733
Pakenham,1200,13+,dry,7-9m,1,1.0
Pakenham,1200,4-6,dry,1-3m,51,0.471
Pakenham,1200,4-6,dry,4-6m,63,0.452
Pakenham,1200,4-6,dry,7-9m,69,0.545
Pakenham,1200,4-6,dry,true,79,0.466
Pakenham,1200,4-6,heavy,1-3m,9,0.486
Pakenham,1200,4-6,heavy,true,15,0.436
Pakenham,1200,4-6,soft,1-3m,18,0.49
Pakenham,1200,4-6,soft,4-6m,50,0.5
Pakenham,1200,4-6,soft,7-9m,21,0.39
Pakenham,1200,4-6,soft,true,33,0.582
Pakenham,1200,7-9,dry,1-3m,44,0.543
Pakenham,1200,7-9,dry,4-6m,53,0.55
Pakenham,1200,7-9,dry,7-9m,62,0.481
Pakenham,1200,7-9,dry,true,65,0.655
Pakenham,1200,7-9,heavy,1-3m,5,0.574
Pakenham,1200,7-9,heavy,true,14,0.527
Pakenham,1200,7-9,soft,1-3m,12,0.651
Pakenham,1200,7-9,soft,4-6m,32,0.572
Pakenham,1200,7-9,soft,7-9m,18,0.657
Pakenham,1200,7-9,soft,true,24,0.51
Pakenham,1400,1-3,dry,1-3m,63,0.443
Pakenham,1400,1-3,dry,4-6m,78,0.449
Pakenham,1400,1-3,dry,7-9m,81,0.43
Pakenham,1400,1-3,dry,true,110,0.423
Pakenham,1400,1-3,heavy,1-3m,6,0.333
Pakenham,1400,1-3,heavy,4-6m,12,0.407
Pakenham,1400,1-3,heavy,true,21,0.402
Pakenham,1400,1-3,soft,1-3m,27,0.393
Pakenham,1400,1-3,soft,4-6m,48,0.451
Pakenham,1400,1-3,soft,7-9m,33,0.409
Pakenham,1400,1-3,soft,true,21,0.361
Pakenham,1400,10-12,dry,1-3m,21,0.579
Pakenham,1400,10-12,dry,4-6m,23,0.627
Pakenham,1400,10-12,dry,7-9m,36,0.526
Pakenham,1400,10-12,dry,true,44,0.563
Pakenham,1400,10-12,heavy,4-6m,1,0.778
Pakenham,1400,10-12,heavy,true,2,0.494
Pakenham,1400,10-12,soft,1-3m,7,0.548
Pakenham,1400,10-12,soft,4-6m,12,0.728
Pakenham,1400,10-12,soft,7-9m,9,0.656
Pakenham,1400,10-12,soft,true,11,0.63
Pakenham,1400,13+,dry,1-3m,2,0.038
Pakenham,1400,13+,dry,7-9m,2,0.423
Pakenham,1400,13+,dry,true,1,0.75
Pakenham,1400,4-6,dry,1-3m,63,0.495
Pakenham,1400,4-6,dry,4-6m,76,0.458
Pakenham,1400,4-6,dry,7-9m,79,0.51
Pakenham,1400,4-6,dry,true,111,0.463
Pakenham,1400,4-6,heavy,1-3m,6,0.688
Pakenham,1400,4-6,heavy,4-6m,12,0.51
Pakenham,1400,4-6,heavy,true,21,0.555
Pakenham,1400,4-6,soft,1-3m,26,0.579
Pakenham,1400,4-6,soft,4-6m,48,0.524
Pakenham,1400,4-6,soft,7-9m,33,0.52
Pakenham,1400,4-6,soft,true,21,0.507
Pakenham,1400,7-9,dry,1-3m,49,0.551
Pakenham,1400,7-9,dry,4-6m,63,0.567
Pakenham,1400,7-9,dry,7-9m,75,0.559
Pakenham,1400,7-9,dry,true,102,0.589
Pakenham,1400,7-9,heavy,1-3m,3,0.458
Pakenham,1400,7-9,heavy,4-6m,7,0.531
Pakenham,1400,7-9,heavy,true,16,0.524
Pakenham,1400,7-9,soft,1-3m,19,0.501
Pakenham,1400,7-9,soft,4-6m,39,0.46
Pakenham,1400,7-9,soft,7-9m,26,0.537
Pakenham,1400,7-9,soft,true,18,0.575
Pakenham,1600,1-3,dry,1-3m,35,0.41
Pakenham,1600,1-3,dry,4-6m,54,0.374
Pakenham,1600,1-3,dry,7-9m,67,0.403
Pakenham,1600,1-3,dry,true,47,0.467
Pakenham,1600,1-3,heavy,1-3m,9,0.489
Pakenham,1600,1-3,heavy,4-6m,3,0.5
Pakenham,1600,1-3,heavy,true,3,0.542
Pakenham,1600,1-3,soft,1-3m,18,0.559
Pakenham,1600,1-3,soft,4-6m,39,0.514
Pakenham,1600,1-3,soft,7-9m,18,0.455
Pakenham,1600,1-3,soft,true,24,0.452
Pakenham,1600,10-12,dry,1-3m,19,0.608
Pakenham,1600,10-12,dry,4-6m,17,0.571
Pakenham,1600,10-12,dry,7-9m,24,0.659
Pakenham,1600,10-12,dry,true,15,0.431
Pakenham,1600,10-12,soft,1-3m,1,0.222
Pakenham,1600,10-12,soft,4-6m,9,0.379
Pakenham,1600,10-12,soft,7-9m,4,0.8
Pakenham,1600,10-12,soft,true,7,0.438
Pakenham,1600,4-6,dry,1-3m,35,0.547
Pakenham,1600,4-6,dry,4-6m,54,0.526
Pakenham,1600,4-6,dry,7-9m,69,0.474
Pakenham,1600,4-6,dry,true,48,0.51
Pakenham,1600,4-6,heavy,1-3m,9,0.511
Pakenham,1600,4-6,heavy,4-6m,3,0.389
Pakenham,1600,4-6,heavy,true,3,0.292
Pakenham,1600,4-6,soft,1-3m,18,0.524
Pakenham,1600,4-6,soft,4-6m,39,0.456
Pakenham,1600,4-6,soft,7-9m,18,0.519
Pakenham,1600,4-6,soft,true,24,0.541
Pakenham,1600,7-9,dry,1-3m,34,0.468
Pakenham,1600,7-9,dry,4-6m,48,0.595
Pakenham,1600,7-9,dry,7-9m,59,0.553
Pakenham,1600,7-9,dry,true,36,0.558
Pakenham,1600,7-9,heavy,4-6m,1,0.833
Pakenham,1600,7-9,heavy,true,3,0.667
Pakenham,1600,7-9,soft,1-3m,13,0.407
Pakenham,1600,7-9,soft,4-6m,32,0.571
Pakenham,1600,7-9,soft,7-9m,15,0.459
Pakenham,1600,7-9,soft,true,16,0.538
Pakenham,2000,1-3,dry,1-3m,12,0.399
Pakenham,2000,1-3,dry,4-6m,15,0.406
Pakenham,2000,1-3,dry,7-9m,15,0.545
Pakenham,2000,1-3,dry,true,27,0.38
Pakenham,2000,1-3,heavy,1-3m,3,0.286
Pakenham,2000,1-3,heavy,4-6m,9,0.362
Pakenham,2000,1-3,heavy,true,3,0.519
Pakenham,2000,1-3,soft,1-3m,3,0.455
Pakenham,2000,1-3,soft,4-6m,12,0.352
Pakenham,2000,1-3,soft,7-9m,9,0.356
Pakenham,2000,1-3,soft,true,6,0.569
Pakenham,2000,10-12,dry,1-3m,3,0.5
Pakenham,2000,10-12,dry,4-6m,12,0.611
Pakenham,2000,10-12,dry,7-9m,9,0.465
Pakenham,2000,10-12,dry,true,19,0.608
Pakenham,2000,10-12,heavy,4-6m,5,0.638
Pakenham,2000,10-12,heavy,true,1,0.556
Pakenham,2000,10-12,soft,1-3m,3,0.455
Pakenham,2000,10-12,soft,4-6m,7,0.5
Pakenham,2000,10-12,soft,7-9m,6,0.727
Pakenham,2000,10-12,soft,true,3,0.576
Pakenham,2000,13+,dry,1-3m,1,0.083
Pakenham,2000,4-6,dry,1-3m,12,0.453
Pakenham,2000,4-6,dry,4-6m,15,0.469
Pakenham,2000,4-6,dry,7-9m,15,0.435
Pakenham,2000,4-6,dry,true,26,0.507
Pakenham,2000,4-6,heavy,1-3m,3,0.667
Pakenham,2000,4-6,heavy,4-6m,8,0.517
Pakenham,2000,4-6,heavy,true,3,0.741
Pakenham,2000,4-6,soft,1-3m,3,0.667
Pakenham,2000,4-6,soft,4-6m,12,0.555
Pakenham,2000,4-6,soft,7-9m,9,0.453
Pakenham,2000,4-6,soft,true,6,0.513
Pakenham,2000,7-9,dry,1-3m,9,0.743
Pakenham,2000,7-9,dry,4-6m,15,0.536
Pakenham,2000,7-9,dry,7-9m,13,0.547
Pakenham,2000,7-9,dry,true,27,0.523
Pakenham,2000,7-9,heavy,1-3m,2,0.571
Pakenham,2000,7-9,heavy,4-6m,9,0.59
Pakenham,2000,7-9,heavy,true,3,0.222
Pakenham,2000,7-9,soft,1-3m,3,0.424
Pakenham,2000,7-9,soft,4-6m,12,0.593
Pakenham,2000,7-9,soft,7-9m,6,0.561
Pakenham,2000,7-9,soft,true,5,0.356
Pakenham,2500,1-3,dry,1-3m,14,0.536
Pakenham,2500,1-3,dry,4-6m,21,0.462
Pakenham,2500,1-3,dry,true,15,0.425
Pakenham,2500,1-3,soft,1-3m,3,0.444
Pakenham,2500,1-3,soft,4-6m,6,0.426
Pakenham,2500,1-3,soft,true,3,0.424
Pakenham,2500,10-12,dry,1-3m,5,0.64
Pakenham,2500,10-12,dry,4-6m,4,0.745
Pakenham,2500,10-12,dry,true,10,0.529
Pakenham,2500,10-12,soft,1-3m,1,0.667
Pakenham,2500,10-12,soft,4-6m,3,0.556
Pakenham,2500,10-12,soft,true,3,0.394
Pakenham,2500,13+,dry,1-3m,4,0.35
Pakenham,2500,4-6,dry,1-3m,14,0.44
Pakenham,2500,4-6,dry,4-6m,21,0.482
Pakenham,2500,4-6,dry,true,15,0.6
Pakenham,2500,4-6,soft,1-3m,3,0.519
Pakenham,2500,4-6,soft,4-6m,6,0.481
Pakenham,2500,4-6,soft,true,3,0.606
Pakenham,2500,7-9,dry,1-3m,8,0.629
Pakenham,2500,7-9,dry,4-6m,12,0.515
Pakenham,2500,7-9,dry,true,13,0.449
Pakenham,2500,7-9,soft,1-3m,3,0.481
Pakenham,2500,7-9,soft,4-6m,6,0.548
Pakenham,2500,7-9,soft,true,3,0.576
Pakenham,2600,1-3,dry,7-9m,21,0.535
Pakenham,2600,10-12,dry,7-9m,2,0.167
Pakenham,2600,4-6,dry,7-9m,21,0.436
Pakenham,2600,7-9,dry,7-9m,16,0.579
Rockhampton,1000,1-3,dry,1-3m,9,0.477
Rockhampton,1000,1-3,dry,4-6m,57,0.45
Rockhampton,1000,1-3,heavy,4-6m,3,0.444
Rockhampton,1000,1-3,heavy,7-9m,6,0.514
Rockhampton,1000,1-3,soft,1-3m,9,0.615
Rockhampton,1000,1-3,soft,4-6m,119,0.42
Rockhampton,1000,1-3,soft,7-9m,30,0.468
Rockhampton,1000,1-3,soft,true,3,0.3
Rockhampton,1000,10-12,dry,1-3m,1,0.333
Rockhampton,1000,10-12,dry,4-6m,9,0.652
Rockhampton,1000,10-12,soft,1-3m,3,0.407
Rockhampton,1000,10-12,soft,4-6m,19,0.631
Rockhampton,1000,10-12,soft,7-9m,2,0.556
Rockhampton,1000,10-12,soft,true,2,0.35
Rockhampton,1000,4-6,dry,1-3m,9,0.443
Rockhampton,1000,4-6,dry,4-6m,56,0.469
Rockhampton,1000,4-6,heavy,4-6m,3,0.5
Rockhampton,1000,4-6,heavy,7-9m,5,0.517
Rockhampton,1000,4-6,soft,1-3m,9,0.542
Rockhampton,1000,4-6,soft,4-6m,118,0.527
Rockhampton,1000,4-6,soft,7-9m,28,0.56
Rockhampton,1000,4-6,soft,true,3,0.667
Rockhampton,1000,7-9,dry,1-3m,6,0.565
Rockhampton,1000,7-9,dry,4-6m,33,0.597
Rockhampton,1000,7-9,heavy,4-6m,1,0.667
Rockhampton,1000,7-9,heavy,7-9m,1,0.333
Rockhampton,1000,7-9,soft,1-3m,6,0.311
Rockhampton,1000,7-9,soft,4-6m,67,0.557
Rockhampton,1000,7-9,soft,7-9m,20,0.469
Rockhampton,1000,7-9,soft,true,3,0.633
Rockhampton,1100,1-3,dry,1-3m,18,0.461
Rockhampton,1100,1-3,dry,4-6m,42,0.49
Rockhampton,1100,1-3,dry,7-9m,6,0.475
Rockhampton,1100,1-3,dry,true,6,0.315
Rockhampton,1100,1-3,heavy,4-6m,9,0.505
Rockhampton,1100,1-3,heavy,true,3,0.481
Rockhampton,1100,1-3,soft,1-3m,6,0.537
Rockhampton,1100,1-3,soft,4-6m,107,0.446
Rockhampton,1100,1-3,soft,7-9m,24,0.467
Rockhampton,1100,1-3,soft,true,3,0.242
Rockhampton,1100,10-12,dry,1-3m,1,0.889
Rockhampton,1100,10-12,dry,4-6m,12,0.593
Rockhampton,1100,10-12,heavy,4-6m,3,0.231
Rockhampton,1100,10-12,heavy,true,1,0.0
Rockhampton,1100,10-12,soft,1-3m,1,0.889
Rockhampton,1100,10-12,soft,4-6m,22,0.652
Rockhampton,1100,10-12,soft,7-9m,2,1.0
Rockhampton,1100,10-12,soft,true,3,0.818
Rockhampton,1100,13+,dry,4-6m,1,1.0
Rockhampton,1100,13+,heavy,4-6m,2,0.231
Rockhampton,1100,13+,soft,4-6m,3,0.462
Rockhampton,1100,4-6,dry,1-3m,15,0.484
Rockhampton,1100,4-6,dry,4-6m,41,0.461
Rockhampton,1100,4-6,dry,7-9m,6,0.629
Rockhampton,1100,4-6,dry,true,6,0.568
Rockhampton,1100,4-6,heavy,4-6m,9,0.448
Rockhampton,1100,4-6,heavy,true,3,0.519
Rockhampton,1100,4-6,soft,1-3m,5,0.433
Rockhampton,1100,4-6,soft,4-6m,106,0.497
Rockhampton,1100,4-6,soft,7-9m,21,0.527
Rockhampton,1100,4-6,soft,true,3,0.485
Rockhampton,1100,7-9,dry,1-3m,4,0.639
Rockhampton,1100,7-9,dry,4-6m,33,0.513
Rockhampton,1100,7-9,dry,7-9m,3,0.292
Rockhampton,1100,7-9,dry,true,5,0.639
Rockhampton,1100,7-9,heavy,4-6m,6,0.795
Rockhampton,1100,7-9,heavy,true,3,0.667
Rockhampton,1100,7-9,soft,1-3m,3,0.407
Rockhampton,1100,7-9,soft,4-6m,64,0.532
Rockhampton,1100,7-9,soft,7-9m,9,0.414
Rockhampton,1100,7-9,soft,true,3,0.455
Rockhampton,1200,1-3,dry,1-3m,12,0.419
Rockhampton,1200,1-3,dry,4-6m,54,0.358
Rockhampton,1200,1-3,dry,true,6,0.538
Rockhampton,1200,1-3,heavy,1-3m,3,0.278
Rockhampton,1200,1-3,heavy,4-6m,18,0.406
Rockhampton,1200,1-3,soft,1-3m,26,0.446
Rockhampton,1200,1-3,soft,4-6m,172,0.426
Rockhampton,1200,1-3,soft,7-9m,34,0.44
Rockhampton,1200,10-12,dry,1-3m,2,0.2
Rockhampton,1200,10-12,dry,4-6m,12,0.766
Rockhampton,1200,10-12,heavy,4-6m,3,0.758
Rockhampton,1200,10-12,soft,1-3m,8,0.566
Rockhampton,1200,10-12,soft,4-6m,59,0.597
Rockhampton,1200,10-12,soft,7-9m,3,0.548
Rockhampton,1200,13+,soft,1-3m,2,0.643
Rockhampton,1200,13+,soft,4-6m,5,0.553
Rockhampton,1200,4-6,dry,1-3m,12,0.462
Rockhampton,1200,4-6,dry,4-6m,52,0.541
Rockhampton,1200,4-6,dry,true,6,0.51
Rockhampton,1200,4-6,heavy,1-3m,3,0.833
Rockhampton,1200,4-6,heavy,4-6m,16,0.501
Rockhampton,1200,4-6,soft,1-3m,25,0.517
Rockhampton,1200,4-6,soft,4-6m,170,0.497
Rockhampton,1200,4-6,soft,7-9m,36,0.531
Rockhampton,1200,7-9,dry,1-3m,8,0.753
Rockhampton,1200,7-9,dry,4-6m,37,0.55
Rockhampton,1200,7-9,dry,true,2,0.357
Rockhampton,1200,7-9,heavy,1-3m,1,0.167
Rockhampton,1200,7-9,heavy,4-6m,9,0.6
Rockhampton,1200,7-9,soft,1-3m,17,0.489
Rockhampton,1200,7-9,soft,4-6m,112,0.563
Rockhampton,1200,7-9,soft,7-9m,16,0.556
Rockhampton,1300,1-3,dry,1-3m,15,0.437
Rockhampton,1300,1-3,dry,4-6m,36,0.342
Rockhampton,1300,1-3,dry,7-9m,6,0.452
Rockhampton,1300,1-3,heavy,4-6m,3,0.667
Rockhampton,1300,1-3,heavy,true,3,0.167
Rockhampton,1300,1-3,soft,1-3m,3,0.417
Rockhampton,1300,1-3,soft,4-6m,108,0.426
Rockhampton,1300,1-3,soft,7-9m,15,0.535
Rockhampton,1300,10-12,dry,1-3m,7,0.571
Rockhampton,1300,10-12,dry,4-6m,16,0.647
Rockhampton,1300,10-12,soft,4-6m,44,0.627
Rockhampton,1300,10-12,soft,7-9m,4,0.7
Rockhampton,1300,13+,dry,1-3m,1,0.0
Rockhampton,1300,13+,dry,4-6m,1,0.333
Rockhampton,1300,13+,soft,4-6m,12,0.672
Rockhampton,1300,4-6,dry,1-3m,15,0.565
Rockhampton,1300,4-6,dry,4-6m,34,0.526
Rockhampton,1300,4-6,dry,7-9m,5,0.214
Rockhampton,1300,4-6,heavy,4-6m,3,0.5
Rockhampton,1300,4-6,heavy,true,3,0.5
Rockhampton,1300,4-6,soft,1-3m,3,0.667
Rockhampton,1300,4-6,soft,4-6m,105,0.469
Rockhampton,1300,4-6,soft,7-9m,15,0.414
Rockhampton,1300,7-9,dry,1-3m,13,0.498
Rockhampton,1300,7-9,dry,4-6m,29,0.588
Rockhampton,1300,7-9,dry,7-9m,5,0.843
Rockhampton,1300,7-9,heavy,4-6m,1,0.0
Rockhampton,1300,7-9,heavy,true,3,0.833
Rockhampton,1300,7-9,soft,1-3m,3,0.417
Rockhampton,1300,7-9,soft,4-6m,81,0.545
Rockhampton,1300,7-9,soft,7-9m,12,0.497
Rockhampton,1400,1-3,dry,1-3m,6,0.639
Rockhampton,1400,1-3,dry,4-6m,47,0.406
Rockhampton,1400,1-3,dry,7-9m,6,0.542
Rockhampton,1400,1-3,dry,true,3,0.2
Rockhampton,1400,1-3,heavy,4-6m,6,0.426
Rockhampton,1400,1-3,heavy,7-9m,3,0.19
Rockhampton,1400,1-3,soft,1-3m,12,0.412
Rockhampton,1400,1-3,soft,4-6m,108,0.481
Rockhampton,1400,1-3,soft,7-9m,39,0.404
Rockhampton,1400,10-12,dry,4-6m,13,0.563
Rockhampton,1400,10-12,heavy,4-6m,1,0.111
Rockhampton,1400,10-12,soft,1-3m,2,0.318
Rockhampton,1400,10-12,soft,4-6m,23,0.58
Rockhampton,1400,10-12,soft,7-9m,10,0.478
Rockhampton,1400,13+,dry,4-6m,1,0.0
Rockhampton,1400,13+,soft,4-6m,4,0.702
Rockhampton,1400,13+,soft,7-9m,1,0.167
Rockhampton,1400,4-6,dry,1-3m,6,0.528
Rockhampton,1400,4-6,dry,4-6m,48,0.516
Rockhampton,1400,4-6,dry,7-9m,6,0.465
Rockhampton,1400,4-6,dry,true,3,0.8
Rockhampton,1400,4-6,heavy,4-6m,6,0.429
Rockhampton,1400,4-6,heavy,7-9m,4,0.821
Rockhampton,1400,4-6,soft,1-3m,12,0.531
Rockhampton,1400,4-6,soft,4-6m,102,0.486
Rockhampton,1400,4-6,soft,7-9m,38,0.555
Rockhampton,1400,7-9,dry,1-3m,2,0.0
Rockhampton,1400,7-9,dry,4-6m,40,0.59
Rockhampton,1400,7-9,dry,7-9m,4,0.49
Rockhampton,1400,7-9,heavy,4-6m,5,0.752
Rockhampton,1400,7-9,heavy,7-9m,2,0.571
Rockhampton,1400,7-9,soft,1-3m,7,0.578
Rockhampton,1400,7-9,soft,4-6m,71,0.506
Rockhampton,1400,7-9,soft,7-9m,28,0.576
Rockhampton,1500,1-3,dry,1-3m,3,0.3
Rockhampton,1500,1-3,dry,4-6m,3,0.333
Rockhampton,1500,1-3,heavy,4-6m,3,0.25
Rockhampton,1500,1-3,heavy,7-9m,3,0.792
Rockhampton,1500,1-3,heavy,true,3,0.625
Rockhampton,1500,1-3,soft,1-3m,6,0.479
Rockhampton,1500,1-3,soft,4-6m,36,0.415
Rockhampton,1500,1-3,soft,7-9m,12,0.585
Rockhampton,1500,10-12,dry,1-3m,2,0.9
Rockhampton,1500,10-12,dry,4-6m,3,0.333
Rockhampton,1500,10-12,soft,4-6m,11,0.505
Rockhampton,1500,10-12,soft,7-9m,3,0.917
Rockhampton,1500,13+,soft,4-6m,3,0.402
Rockhampton,1500,13+,soft,7-9m,1,0.333
Rockhampton,1500,4-6,dry,1-3m,3,0.633
Rockhampton,1500,4-6,dry,4-6m,3,0.727
Rockhampton,1500,4-6,heavy,4-6m,3,0.375
Rockhampton,1500,4-6,heavy,7-9m,3,0.208
Rockhampton,1500,4-6,heavy,true,3,0.375
Rockhampton,1500,4-6,soft,1-3m,6,0.5
Rockhampton,1500,4-6,soft,4-6m,35,0.5
Rockhampton,1500,4-6,soft,7-9m,11,0.309
Rockhampton,1500,7-9,dry,1-3m,3,0.3
Rockhampton,1500,7-9,dry,4-6m,3,0.606
Rockhampton,1500,7-9,heavy,4-6m,3,0.875
Rockhampton,1500,7-9,heavy,7-9m,3,0.5
Rockhampton,1500,7-9,heavy,true,3,0.5
Rockhampton,1500,7-9,soft,1-3m,4,0.531
Rockhampton,1500,7-9,soft,4-6m,29,0.614
Rockhampton,1500,7-9,soft,7-9m,3,0.5
Rockhampton,1600,1-3,dry,1-3m,3,0.429
Rockhampton,1600,1-3,dry,4-6m,21,0.496
Rockhampton,1600,1-3,dry,7-9m,3,0.6
Rockhampton,1600,1-3,heavy,4-6m,6,0.556
Rockhampton,1600,1-3,heavy,7-9m,3,0.6
Rockhampton,1600,1-3,heavy,true,3,0.833
Rockhampton,1600,1-3,soft,1-3m,12,0.442
Rockhampton,1600,1-3,soft,4-6m,82,0.494
Rockhampton,1600,1-3,soft,7-9m,18,0.445
Rockhampton,1600,10-12,dry,4-6m,3,0.639
Rockhampton,1600,10-12,soft,1-3m,3,0.472
Rockhampton,1600,10-12,soft,4-6m,25,0.562
Rockhampton,1600,10-12,soft,7-9m,5,0.475
Rockhampton,1600,13+,dry,4-6m,1,0.583
Rockhampton,1600,13+,soft,1-3m,1,0.75
Rockhampton,1600,13+,soft,4-6m,14,0.509
Rockhampton,1600,4-6,dry,1-3m,3,0.619
Rockhampton,1600,4-6,dry,4-6m,21,0.519
Rockhampton,1600,4-6,dry,7-9m,3,0.4
Rockhampton,1600,4-6,heavy,4-6m,5,0.533
Rockhampton,1600,4-6,heavy,7-9m,3,0.4
Rockhampton,1600,4-6,heavy,true,3,0.333
Rockhampton,1600,4-6,soft,1-3m,12,0.537
Rockhampton,1600,4-6,soft,4-6m,81,0.488
Rockhampton,1600,4-6,soft,7-9m,18,0.568
Rockhampton,1600,7-9,dry,1-3m,2,0.429
Rockhampton,1600,7-9,dry,4-6m,10,0.418
Rockhampton,1600,7-9,heavy,4-6m,1,0.0
Rockhampton,1600,7-9,heavy,true,1,0.0
Rockhampton,1600,7-9,soft,1-3m,7,0.512
Rockhampton,1600,7-9,soft,4-6m,59,0.508
Rockhampton,1600,7-9,soft,7-9m,9,0.49
Rockhampton,1800,1-3,dry,4-6m,5,0.21
Rockhampton,1800,1-3,heavy,4-6m,3,0.333
Rockhampton,1800,1-3,soft,1-3m,3,0.4
Rockhampton,1800,1-3,soft,4-6m,7,0.576
Rockhampton,1800,10-12,dry,4-6m,1,0.556
Rockhampton,1800,10-12,soft,4-6m,2,0.75
Rockhampton,1800,4-6,dry,4-6m,6,0.558
Rockhampton,1800,4-6,heavy,4-6m,3,0.667
Rockhampton,1800,4-6,soft,1-3m,3,0.6
Rockhampton,1800,4-6,soft,4-6m,8,0.35
Rockhampton,1800,7-9,dry,4-6m,5,0.632
Rockhampton,1800,7-9,soft,4-6m,8,0.402
Rockhampton,2200,1-3,soft,4-6m,3,0.389
Rockhampton,2200,4-6,soft,4-6m,4,0.58
Rockhampton,2200,7-9,soft,4-6m,5,0.383
Sandown-Hillside,1000,1-3,dry,1-3m,17,0.455
Sandown-Hillside,1000,1-3,dry,10m+,62,0.489
Sandown-Hillside,1000,1-3,dry,4-6m,45,0.5
Sandown-Hillside,1000,1-3,dry,7-9m,36,0.455
Sandown-Hillside,1000,1-3,dry,true,72,0.448
Sandown-Hillside,1000,1-3,heavy,10m+,21,0.4
Sandown-Hillside,1000,1-3,heavy,4-6m,21,0.493
Sandown-Hillside,1000,1-3,heavy,7-9m,9,0.312
Sandown-Hillside,1000,1-3,heavy,true,3,0.278
Sandown-Hillside,1000,1-3,soft,1-3m,18,0.408
Sandown-Hillside,1000,1-3,soft,10m+,30,0.492
Sandown-Hillside,1000,1-3,soft,4-6m,47,0.574
Sandown-Hillside,1000,1-3,soft,7-9m,60,0.483
Sandown-Hillside,1000,1-3,soft,true,42,0.538
Sandown-Hillside,1000,10-12,dry,1-3m,1,1.0
Sandown-Hillside,1000,10-12,dry,10m+,23,0.585
Sandown-Hillside,1000,10-12,dry,4-6m,6,0.458
Sandown-Hillside,1000,10-12,dry,7-9m,9,0.69
Sandown-Hillside,1000,10-12,dry,true,15,0.55
Sandown-Hillside,1000,10-12,heavy,10m+,6,0.586
Sandown-Hillside,1000,10-12,heavy,4-6m,6,0.517
Sandown-Hillside,1000,10-12,heavy,7-9m,1,0.444
Sandown-Hillside,1000,10-12,soft,1-3m,1,0.778
Sandown-Hillside,1000,10-12,soft,10m+,8,0.581
Sandown-Hillside,1000,10-12,soft,4-6m,18,0.503
Sandown-Hillside,1000,10-12,soft,7-9m,10,0.523
Sandown-Hillside,1000,10-12,soft,true,20,0.559
Sandown-Hillside,1000,13+,dry,10m+,6,0.791
Sandown-Hillside,1000,13+,dry,4-6m,2,0.615
Sandown-Hillside,1000,13+,dry,true,1,0.917
Sandown-Hillside,1000,13+,heavy,10m+,2,0.808
Sandown-Hillside,1000,13+,soft,10m+,2,0.538
Sandown-Hillside,1000,13+,soft,4-6m,3,0.447
Sandown-Hillside,1000,13+,soft,true,5,0.55
Sandown-Hillside,1000,4-6,dry,1-3m,18,0.531
Sandown-Hillside,1000,4-6,dry,10m+,63,0.417
Sandown-Hillside,1000,4-6,dry,4-6m,44,0.563
Sandown-Hillside,1000,4-6,dry,7-9m,34,0.529
Sandown-Hillside,1000,4-6,dry,true,69,0.484
Sandown-Hillside,1000,4-6,heavy,10m+,21,0.476
Sandown-Hillside,1000,4-6,heavy,4-6m,21,0.484
Sandown-Hillside,1000,4-6,heavy,7-9m,9,0.504
Sandown-Hillside,1000,4-6,heavy,true,3,0.833
Sandown-Hillside,1000,4-6,soft,1-3m,18,0.447
Sandown-Hillside,1000,4-6,soft,10m+,29,0.447
Sandown-Hillside,1000,4-6,soft,4-6m,47,0.446
Sandown-Hillside,1000,4-6,soft,7-9m,60,0.527
Sandown-Hillside,1000,4-6,soft,true,42,0.43
Sandown-Hillside,1000,7-9,dry,1-3m,6,0.321
Sandown-Hillside,1000,7-9,dry,10m+,51,0.543
Sandown-Hillside,1000,7-9,dry,4-6m,17,0.326
Sandown-Hillside,1000,7-9,dry,7-9m,30,0.477
Sandown-Hillside,1000,7-9,dry,true,50,0.553
Sandown-Hillside,1000,7-9,heavy,10m+,15,0.598
Sandown-Hillside,1000,7-9,heavy,4-6m,19,0.52
Sandown-Hillside,1000,7-9,heavy,7-9m,6,0.775
Sandown-Hillside,1000,7-9,heavy,true,1,0.167
Sandown-Hillside,1000,7-9,soft,1-3m,13,0.679
Sandown-Hillside,1000,7-9,soft,10m+,21,0.558
Sandown-Hillside,1000,7-9,soft,4-6m,37,0.484
Sandown-Hillside,1000,7-9,soft,7-9m,42,0.481
Sandown-Hillside,1000,7-9,soft,true,36,0.498
Sandown-Hillside,1100,1-3,dry,1-3m,3,0.333
Sandown-Hillside,1100,1-3,dry,10m+,12,0.327
Sandown-Hillside,1100,1-3,dry,4-6m,3,0.333
Sandown-Hillside,1100,10-12,dry,10m+,11,0.6
Sandown-Hillside,1100,13+,dry,10m+,4,0.768
Sandown-Hillside,1100,4-6,dry,1-3m,3,0.292
Sandown-Hillside,1100,4-6,dry,10m+,10,0.616
Sandown-Hillside,1100,4-6,dry,4-6m,3,0.381
Sandown-Hillside,1100,7-9,dry,1-3m,3,0.875
Sandown-Hillside,1100,7-9,dry,10m+,12,0.357
Sandown-Hillside,1100,7-9,dry,4-6m,2,0.929
Sandown-Hillside,1200,1-3,heavy,4-6m,3,0.524
Sandown-Hillside,1200,1-3,heavy,7-9m,3,0.625
Sandown-Hillside,1200,1-3,soft,10m+,3,0.444
Sandown-Hillside,1200,1-3,soft,4-6m,3,0.394
Sandown-Hillside,1200,1-3,soft,7-9m,6,0.324
Sandown-Hillside,1200,10-12,soft,10m+,1,1.0
Sandown-Hillside,1200,10-12,soft,4-6m,3,0.606
Sandown-Hillside,1200,10-12,soft,7-9m,1,0.889
Sandown-Hillside,1200,4-6,heavy,4-6m,3,0.476
Sandown-Hillside,1200,4-6,heavy,7-9m,3,0.708
Sandown-Hillside,1200,4-6,soft,10m+,3,0.444
Sandown-Hillside,1200,4-6,soft,4-6m,3,0.576
Sandown-Hillside,1200,4-6,soft,7-9m,6,0.574
Sandown-Hillside,1200,7-9,heavy,4-6m,2,0.5
Sandown-Hillside,1200,7-9,heavy,7-9m,3,0.167
Sandown-Hillside,1200,7-9,soft,10m+,3,0.444
Sandown-Hillside,1200,7-9,soft,4-6m,3,0.424
Sandown-Hillside,1200,7-9,soft,7-9m,4,0.556
Sandown-Hillside,1300,1-3,dry,1-3m,30,0.385
Sandown-Hillside,1300,1-3,dry,10m+,93,0.412
Sandown-Hillside,1300,1-3,dry,4-6m,36,0.402
Sandown-Hillside,1300,1-3,dry,7-9m,44,0.417
Sandown-Hillside,1300,1-3,dry,true,77,0.416
Sandown-Hillside,1300,1-3,heavy,10m+,13,0.463
Sandown-Hillside,1300,1-3,heavy,4-6m,12,0.361
Sandown-Hillside,1300,1-3,heavy,7-9m,6,0.275
Sandown-Hillside,1300,1-3,heavy,true,6,0.486
Sandown-Hillside,1300,1-3,soft,1-3m,21,0.52
Sandown-Hillside,1300,1-3,soft,10m+,45,0.421
Sandown-Hillside,1300,1-3,soft,4-6m,45,0.469
Sandown-Hillside,1300,1-3,soft,7-9m,39,0.471
Sandown-Hillside,1300,1-3,soft,true,23,0.337
Sandown-Hillside,1300,10-12,dry,1-3m,11,0.677
Sandown-Hillside,1300,10-12,dry,10m+,43,0.624
Sandown-Hillside,1300,10-12,dry,4-6m,10,0.512
Sandown-Hillside,1300,10-12,dry,7-9m,12,0.676
Sandown-Hillside,1300,10-12,dry,true,33,0.64
Sandown-Hillside,1300,10-12,heavy,10m+,7,0.645
Sandown-Hillside,1300,10-12,heavy,7-9m,2,0.85
Sandown-Hillside,1300,10-12,heavy,true,1,0.444
Sandown-Hillside,1300,10-12,soft,1-3m,9,0.574
Sandown-Hillside,1300,10-12,soft,10m+,17,0.493
Sandown-Hillside,1300,10-12,soft,4-6m,16,0.565
Sandown-Hillside,1300,10-12,soft,7-9m,15,0.412
Sandown-Hillside,1300,10-12,soft,true,10,0.73
Sandown-Hillside,1300,13+,dry,1-3m,3,0.665
Sandown-Hillside,1300,13+,dry,10m+,4,0.75
Sandown-Hillside,1300,13+,dry,7-9m,5,0.899
Sandown-Hillside,1300,13+,dry,true,3,0.645
Sandown-Hillside,1300,13+,soft,1-3m,2,0.423
Sandown-Hillside,1300,13+,soft,10m+,2,0.5
Sandown-Hillside,1300,13+,soft,4-6m,4,0.732
Sandown-Hillside,1300,13+,soft,7-9m,4,0.841
Sandown-Hillside,1300,13+,soft,true,6,0.834
Sandown-Hillside,1300,4-6,dry,1-3m,32,0.497
Sandown-Hillside,1300,4-6,dry,10m+,95,0.481
Sandown-Hillside,1300,4-6,dry,4-6m,35,0.493
Sandown-Hillside,1300,4-6,dry,7-9m,44,0.487
Sandown-Hillside,1300,4-6,dry,true,77,0.459
Sandown-Hillside,1300,4-6,heavy,10m+,14,0.347
Sandown-Hillside,1300,4-6,heavy,4-6m,10,0.579
Sandown-Hillside,1300,4-6,heavy,7-9m,6,0.671
Sandown-Hillside,1300,4-6,heavy,true,6,0.449
Sandown-Hillside,1300,4-6,soft,1-3m,21,0.556
Sandown-Hillside,1300,4-6,soft,10m+,45,0.557
Sandown-Hillside,1300,4-6,soft,4-6m,44,0.5
Sandown-Hillside,1300,4-6,soft,7-9m,38,0.474
Sandown-Hillside,1300,4-6,soft,true,23,0.544
Sandown-Hillside,1300,7-9,dry,1-3m,23,0.56
Sandown-Hillside,1300,7-9,dry,10m+,79,0.556
Sandown-Hillside,1300,7-9,dry,4-6m,32,0.626
Sandown-Hillside,1300,7-9,dry,7-9m,32,0.505
Sandown-Hillside,1300,7-9,dry,true,65,0.581
Sandown-Hillside,1300,7-9,heavy,10m+,12,0.627
Sandown-Hillside,1300,7-9,heavy,4-6m,8,0.547
Sandown-Hillside,1300,7-9,heavy,7-9m,6,0.438
Sandown-Hillside,1300,7-9,heavy,true,6,0.574
Sandown-Hillside,1300,7-9,soft,1-3m,17,0.376
Sandown-Hillside,1300,7-9,soft,10m+,36,0.536
Sandown-Hillside,1300,7-9,soft,4-6m,36,0.47
Sandown-Hillside,1300,7-9,soft,7-9m,29,0.588
Sandown-Hillside,1300,7-9,soft,true,21,0.47
Sandown-Hillside,1400,1-3,dry,1-3m,45,0.451
Sandown-Hillside,1400,1-3,dry,10m+,80,0.463
Sandown-Hillside,1400,1-3,dry,4-6m,35,0.444
Sandown-Hillside,1400,1-3,dry,7-9m,23,0.413
Sandown-Hillside,1400,1-3,dry,true,69,0.433
Sandown-Hillside,1400,1-3,heavy,10m+,15,0.39
Sandown-Hillside,1400,1-3,heavy,4-6m,27,0.463
Sandown-Hillside,1400,1-3,heavy,7-9m,3,0.333
Sandown-Hillside,1400,1-3,soft,1-3m,21,0.409
Sandown-Hillside,1400,1-3,soft,10m+,20,0.329
Sandown-Hillside,1400,1-3,soft,4-6m,50,0.467
Sandown-Hillside,1400,1-3,soft,7-9m,33,0.384
Sandown-Hillside,1400,1-3,soft,true,30,0.438
Sandown-Hillside,1400,10-12,dry,1-3m,12,0.518
Sandown-Hillside,1400,10-12,dry,10m+,29,0.641
Sandown-Hillside,1400,10-12,dry,4-6m,8,0.743
Sandown-Hillside,1400,10-12,dry,7-9m,12,0.605
Sandown-Hillside,1400,10-12,dry,true,34,0.701
Sandown-Hillside,1400,10-12,heavy,4-6m,7,0.327
Sandown-Hillside,1400,10-12,heavy,7-9m,3,0.758
Sandown-Hillside,1400,10-12,soft,1-3m,8,0.54
Sandown-Hillside,1400,10-12,soft,10m+,8,0.612
Sandown-Hillside,1400,10-12,soft,4-6m,20,0.595
Sandown-Hillside,1400,10-12,soft,7-9m,14,0.561
Sandown-Hillside,1400,10-12,soft,true,21,0.508
Sandown-Hillside,1400,13+,dry,1-3m,6,0.536
Sandown-Hillside,1400,13+,dry,10m+,4,0.904
Sandown-Hillside,1400,13+,dry,4-6m,1,0.0
Sandown-Hillside,1400,13+,dry,7-9m,3,0.923
Sandown-Hillside,1400,13+,dry,true,15,0.563
Sandown-Hillside,1400,13+,heavy,4-6m,2,0.962
Sandown-Hillside,1400,13+,soft,10m+,3,0.762
Sandown-Hillside,1400,13+,soft,4-6m,10,0.537
Sandown-Hillside,1400,13+,soft,7-9m,7,0.603
Sandown-Hillside,1400,13+,soft,true,13,0.775
Sandown-Hillside,1400,4-6,dry,1-3m,44,0.511
Sandown-Hillside,1400,4-6,dry,10m+,79,0.469
Sandown-Hillside,1400,4-6,dry,4-6m,34,0.513
Sandown-Hillside,1400,4-6,dry,7-9m,24,0.448
Sandown-Hillside,1400,4-6,dry,true,67,0.467
Sandown-Hillside,1400,4-6,heavy,10m+,15,0.494
Sandown-Hillside,1400,4-6,heavy,4-6m,27,0.545
Sandown-Hillside,1400,4-6,heavy,7-9m,3,0.606
Sandown-Hillside,1400,4-6,soft,1-3m,21,0.506
Sandown-Hillside,1400,4-6,soft,10m+,21,0.562
Sandown-Hillside,1400,4-6,soft,4-6m,49,0.496
Sandown-Hillside,1400,4-6,soft,7-9m,33,0.483
Sandown-Hillside,1400,4-6,soft,true,30,0.371
Sandown-Hillside,1400,7-9,dry,1-3m,34,0.529
Sandown-Hillside,1400,7-9,dry,10m+,64,0.534
Sandown-Hillside,1400,7-9,dry,4-6m,28,0.514
Sandown-Hillside,1400,7-9,dry,7-9m,23,0.553
Sandown-Hillside,1400,7-9,dry,true,60,0.496
Sandown-Hillside,1400,7-9,heavy,10m+,11,0.703
Sandown-Hillside,1400,7-9,heavy,4-6m,22,0.504
Sandown-Hillside,1400,7-9,heavy,7-9m,3,0.303
Sandown-Hillside,1400,7-9,soft,1-3m,14,0.605
Sandown-Hillside,1400,7-9,soft,10m+,16,0.504
Sandown-Hillside,1400,7-9,soft,4-6m,40,0.53
Sandown-Hillside,1400,7-9,soft,7-9m,27,0.601
Sandown-Hillside,1400,7-9,soft,true,30,0.567
Sandown-Hillside,1500,1-3,dry,1-3m,6,0.4
Sandown-Hillside,1500,1-3,dry,10m+,9,0.658
Sandown-Hillside,1500,1-3,dry,4-6m,24,0.503
Sandown-Hillside,1500,1-3,dry,7-9m,24,0.433
Sandown-Hillside,1500,1-3,dry,true,30,0.368
Sandown-Hillside,1500,1-3,heavy,10m+,6,0.286
Sandown-Hillside,1500,1-3,heavy,4-6m,3,0.533
Sandown-Hillside,1500,1-3,heavy,7-9m,3,0.407
Sandown-Hillside,1500,1-3,soft,10m+,21,0.465
Sandown-Hillside,1500,1-3,soft,4-6m,2,0.778
Sandown-Hillside,1500,1-3,soft,7-9m,14,0.545
Sandown-Hillside,1500,1-3,soft,true,9,0.569
Sandown-Hillside,1500,10-12,dry,1-3m,3,0.697
Sandown-Hillside,1500,10-12,dry,10m+,1,0.0
Sandown-Hillside,1500,10-12,dry,4-6m,4,0.347
Sandown-Hillside,1500,10-12,dry,7-9m,19,0.539
Sandown-Hillside,1500,10-12,dry,true,10,0.574
Sandown-Hillside,1500,10-12,heavy,10m+,6,0.701
Sandown-Hillside,1500,10-12,heavy,7-9m,1,1.0
Sandown-Hillside,1500,10-12,soft,10m+,14,0.497
Sandown-Hillside,1500,10-12,soft,4-6m,1,0.0
Sandown-Hillside,1500,10-12,soft,7-9m,4,0.727
Sandown-Hillside,1500,10-12,soft,true,3,0.636
Sandown-Hillside,1500,13+,dry,4-6m,1,0.0
Sandown-Hillside,1500,13+,dry,7-9m,3,0.818
Sandown-Hillside,1500,13+,dry,true,1,0.917
Sandown-Hillside,1500,13+,heavy,10m+,5,0.43
Sandown-Hillside,1500,13+,soft,10m+,9,0.595
Sandown-Hillside,1500,4-6,dry,1-3m,6,0.553
Sandown-Hillside,1500,4-6,dry,10m+,9,0.452
Sandown-Hillside,1500,4-6,dry,4-6m,24,0.521
Sandown-Hillside,1500,4-6,dry,7-9m,24,0.426
Sandown-Hillside,1500,4-6,dry,true,30,0.423
Sandown-Hillside,1500,4-6,heavy,10m+,6,0.633
Sandown-Hillside,1500,4-6,heavy,4-6m,3,0.467
Sandown-Hillside,1500,4-6,heavy,7-9m,3,0.63
Sandown-Hillside,1500,4-6,soft,10m+,21,0.55
Sandown-Hillside,1500,4-6,soft,4-6m,3,0.741
Sandown-Hillside,1500,4-6,soft,7-9m,15,0.432
Sandown-Hillside,1500,4-6,soft,true,9,0.633
Sandown-Hillside,1500,7-9,dry,1-3m,6,0.449
Sandown-Hillside,1500,7-9,dry,10m+,7,0.358
Sandown-Hillside,1500,7-9,dry,4-6m,20,0.526
Sandown-Hillside,1500,7-9,dry,7-9m,24,0.57
Sandown-Hillside,1500,7-9,dry,true,22,0.714
Sandown-Hillside,1500,7-9,heavy,10m+,6,0.44
Sandown-Hillside,1500,7-9,heavy,7-9m,3,0.296
Sandown-Hillside,1500,7-9,soft,10m+,20,0.443
Sandown-Hillside,1500,7-9,soft,4-6m,3,0.296
Sandown-Hillside,1500,7-9,soft,7-9m,11,0.468
Sandown-Hillside,1500,7-9,soft,true,6,0.129
Sandown-Hillside,1600,1-3,dry,1-3m,15,0.537
Sandown-Hillside,1600,1-3,dry,10m+,41,0.391
Sandown-Hillside,1600,1-3,dry,4-6m,12,0.461
Sandown-Hillside,1600,1-3,dry,7-9m,18,0.391
Sandown-Hillside,1600,1-3,dry,true,32,0.368
Sandown-Hillside,1600,1-3,heavy,10m+,9,0.523
Sandown-Hillside,1600,1-3,heavy,4-6m,18,0.44
Sandown-Hillside,1600,1-3,heavy,7-9m,15,0.479
Sandown-Hillside,1600,1-3,soft,1-3m,6,0.47
Sandown-Hillside,1600,1-3,soft,10m+,24,0.443
Sandown-Hillside,1600,1-3,soft,4-6m,39,0.475
Sandown-Hillside,1600,1-3,soft,7-9m,21,0.465
Sandown-Hillside,1600,1-3,soft,true,30,0.457
Sandown-Hillside,1600,10-12,dry,1-3m,3,0.4
Sandown-Hillside,1600,10-12,dry,10m+,11,0.436
Sandown-Hillside,1600,10-12,dry,4-6m,11,0.592
Sandown-Hillside,1600,10-12,dry,7-9m,3,0.824
Sandown-Hillside,1600,10-12,dry,true,11,0.464
Sandown-Hillside,1600,10-12,heavy,4-6m,5,0.442
Sandown-Hillside,1600,10-12,heavy,7-9m,5,0.32
Sandown-Hillside,1600,10-12,soft,1-3m,5,0.45
Sandown-Hillside,1600,10-12,soft,10m+,8,0.637
Sandown-Hillside,1600,10-12,soft,4-6m,25,0.636
Sandown-Hillside,1600,10-12,soft,7-9m,12,0.407
Sandown-Hillside,1600,10-12,soft,true,17,0.57
Sandown-Hillside,1600,13+,dry,1-3m,4,0.817
Sandown-Hillside,1600,13+,dry,10m+,4,0.577
Sandown-Hillside,1600,13+,dry,4-6m,1,1.0
Sandown-Hillside,1600,13+,dry,7-9m,1,1.0
Sandown-Hillside,1600,13+,dry,true,2,0.808
Sandown-Hillside,1600,13+,heavy,7-9m,1,0.083
Sandown-Hillside,1600,13+,soft,1-3m,1,0.667
Sandown-Hillside,1600,13+,soft,10m+,2,0.846
Sandown-Hillside,1600,13+,soft,4-6m,11,0.579
Sandown-Hillside,1600,13+,soft,7-9m,4,0.671
Sandown-Hillside,1600,13+,soft,true,6,0.481
Sandown-Hillside,1600,4-6,dry,1-3m,15,0.476
Sandown-Hillside,1600,4-6,dry,10m+,41,0.534
Sandown-Hillside,1600,4-6,dry,4-6m,12,0.291
Sandown-Hillside,1600,4-6,dry,7-9m,18,0.497
Sandown-Hillside,1600,4-6,dry,true,33,0.513
Sandown-Hillside,1600,4-6,heavy,10m+,9,0.551
Sandown-Hillside,1600,4-6,heavy,4-6m,18,0.481
Sandown-Hillside,1600,4-6,heavy,7-9m,15,0.559
Sandown-Hillside,1600,4-6,soft,1-3m,6,0.505
Sandown-Hillside,1600,4-6,soft,10m+,24,0.473
Sandown-Hillside,1600,4-6,soft,4-6m,39,0.449
Sandown-Hillside,1600,4-6,soft,7-9m,21,0.514
Sandown-Hillside,1600,4-6,soft,true,30,0.524
Sandown-Hillside,1600,7-9,dry,1-3m,10,0.384
Sandown-Hillside,1600,7-9,dry,10m+,27,0.58
Sandown-Hillside,1600,7-9,dry,4-6m,12,0.622
Sandown-Hillside,1600,7-9,dry,7-9m,16,0.559
Sandown-Hillside,1600,7-9,dry,true,24,0.637
Sandown-Hillside,1600,7-9,heavy,10m+,5,0.367
Sandown-Hillside,1600,7-9,heavy,4-6m,17,0.601
Sandown-Hillside,1600,7-9,heavy,7-9m,12,0.562
Sandown-Hillside,1600,7-9,soft,1-3m,6,0.525
Sandown-Hillside,1600,7-9,soft,10m+,19,0.512
Sandown-Hillside,1600,7-9,soft,4-6m,37,0.465
Sandown-Hillside,1600,7-9,soft,7-9m,21,0.538
Sandown-Hillside,1600,7-9,soft,true,29,0.482
Sandown-Hillside,1700,1-3,dry,4-6m,3,0.467
Sandown-Hillside,1700,1-3,dry,true,3,0.548
Sandown-Hillside,1700,1-3,soft,1-3m,3,0.282
Sandown-Hillside,1700,1-3,soft,10m+,3,0.513
Sandown-Hillside,1700,10-12,dry,true,3,0.571
Sandown-Hillside,1700,10-12,soft,1-3m,3,0.282
Sandown-Hillside,1700,10-12,soft,10m+,3,0.487
Sandown-Hillside,1700,13+,dry,true,3,0.786
Sandown-Hillside,1700,13+,soft,1-3m,2,0.808
Sandown-Hillside,1700,13+,soft,10m+,2,0.462
Sandown-Hillside,1700,4-6,dry,4-6m,3,0.533
Sandown-Hillside,1700,4-6,dry,true,3,0.452
Sandown-Hillside,1700,4-6,soft,1-3m,3,0.359
Sandown-Hillside,1700,4-6,soft,10m+,3,0.564
Sandown-Hillside,1700,7-9,dry,true,3,0.143
Sandown-Hillside,1700,7-9,soft,1-3m,3,0.872
Sandown-Hillside,1700,7-9,soft,10m+,3,0.462
Sandown-Hillside,1800,1-3,dry,1-3m,27,0.405
Sandown-Hillside,1800,1-3,dry,10m+,41,0.519
Sandown-Hillside,1800,1-3,dry,4-6m,36,0.466
Sandown-Hillside,1800,1-3,dry,7-9m,15,0.335
Sandown-Hillside,1800,1-3,dry,true,58,0.458
Sandown-Hillside,1800,1-3,heavy,10m+,12,0.302
Sandown-Hillside,1800,1-3,heavy,4-6m,6,0.423
Sandown-Hillside,1800,1-3,heavy,7-9m,6,0.585
Sandown-Hillside,1800,1-3,soft,1-3m,9,0.378
Sandown-Hillside,1800,1-3,soft,10m+,15,0.406
Sandown-Hillside,1800,1-3,soft,4-6m,22,0.393
Sandown-Hillside,1800,1-3,soft,7-9m,24,0.511
Sandown-Hillside,1800,1-3,soft,true,9,0.562
Sandown-Hillside,1800,10-12,dry,1-3m,7,0.739
Sandown-Hillside,1800,10-12,dry,10m+,32,0.546
Sandown-Hillside,1800,10-12,dry,4-6m,18,0.524
Sandown-Hillside,1800,10-12,dry,7-9m,7,0.584
Sandown-Hillside,1800,10-12,dry,true,30,0.576
Sandown-Hillside,1800,10-12,heavy,10m+,3,0.867
Sandown-Hillside,1800,10-12,heavy,4-6m,4,0.551
Sandown-Hillside,1800,10-12,heavy,7-9m,1,0.556
Sandown-Hillside,1800,10-12,soft,1-3m,2,0.7
Sandown-Hillside,1800,10-12,soft,10m+,14,0.631
Sandown-Hillside,1800,10-12,soft,4-6m,16,0.568
Sandown-Hillside,1800,10-12,soft,7-9m,16,0.434
Sandown-Hillside,1800,10-12,soft,true,6,0.426
Sandown-Hillside,1800,13+,dry,10m+,12,0.498
Sandown-Hillside,1800,13+,dry,4-6m,5,0.755
Sandown-Hillside,1800,13+,dry,7-9m,1,1.0
Sandown-Hillside,1800,13+,dry,true,6,0.803
Sandown-Hillside,1800,13+,soft,10m+,8,0.774
Sandown-Hillside,1800,13+,soft,4-6m,8,0.568
Sandown-Hillside,1800,13+,soft,7-9m,4,0.38
Sandown-Hillside,1800,13+,soft,true,6,0.767
Sandown-Hillside,1800,4-6,dry,1-3m,27,0.444
Sandown-Hillside,1800,4-6,dry,10m+,42,0.512
Sandown-Hillside,1800,4-6,dry,4-6m,36,0.507
Sandown-Hillside,1800,4-6,dry,7-9m,15,0.475
Sandown-Hillside,1800,4-6,dry,true,57,0.484
Sandown-Hillside,1800,4-6,heavy,10m+,12,0.51
Sandown-Hillside,1800,4-6,heavy,4-6m,6,0.625
Sandown-Hillside,1800,4-6,heavy,7-9m,6,0.476
Sandown-Hillside,1800,4-6,soft,1-3m,9,0.477
Sandown-Hillside,1800,4-6,soft,10m+,15,0.362
Sandown-Hillside,1800,4-6,soft,4-6m,24,0.496
Sandown-Hillside,1800,4-6,soft,7-9m,24,0.426
Sandown-Hillside,1800,4-6,soft,true,9,0.284
Sandown-Hillside,1800,7-9,dry,1-3m,24,0.6
Sandown-Hillside,1800,7-9,dry,10m+,41,0.445
Sandown-Hillside,1800,7-9,dry,4-6m,31,0.475
Sandown-Hillside,1800,7-9,dry,7-9m,13,0.635
Sandown-Hillside,1800,7-9,dry,true,45,0.499
Sandown-Hillside,1800,7-9,heavy,10m+,12,0.596
Sandown-Hillside,1800,7-9,heavy,4-6m,6,0.419
Sandown-Hillside,1800,7-9,heavy,7-9m,5,0.416
Sandown-Hillside,1800,7-9,soft,1-3m,8,0.613
Sandown-Hillside,1800,7-9,soft,10m+,15,0.463
Sandown-Hillside,1800,7-9,soft,4-6m,23,0.569
Sandown-Hillside,1800,7-9,soft,7-9m,22,0.638
Sandown-Hillside,1800,7-9,soft,true,9,0.524
Sandown-Hillside,2400,1-3,dry,1-3m,11,0.4
Sandown-Hillside,2400,1-3,dry,10m+,21,0.477
Sandown-Hillside,2400,1-3,dry,4-6m,15,0.398
Sandown-Hillside,2400,1-3,dry,7-9m,21,0.456
Sandown-Hillside,2400,1-3,dry,true,24,0.515
Sandown-Hillside,2400,1-3,heavy,10m+,11,0.461
Sandown-Hillside,2400,1-3,heavy,4-6m,9,0.549
Sandown-Hillside,2400,1-3,heavy,7-9m,6,0.656
Sandown-Hillside,2400,1-3,heavy,true,3,0.852
Sandown-Hillside,2400,1-3,soft,1-3m,3,0.667
Sandown-Hillside,2400,1-3,soft,10m+,15,0.461
Sandown-Hillside,2400,1-3,soft,4-6m,19,0.499
Sandown-Hillside,2400,1-3,soft,7-9m,24,0.417
Sandown-Hillside,2400,1-3,soft,true,12,0.315
Sandown-Hillside,2400,10-12,dry,1-3m,7,0.294
Sandown-Hillside,2400,10-12,dry,10m+,8,0.578
Sandown-Hillside,2400,10-12,dry,4-6m,7,0.357
Sandown-Hillside,2400,10-12,dry,7-9m,10,0.434
Sandown-Hillside,2400,10-12,dry,true,9,0.592
Sandown-Hillside,2400,10-12,heavy,10m+,5,0.3
Sandown-Hillside,2400,10-12,heavy,4-6m,2,0.611
Sandown-Hillside,2400,10-12,heavy,7-9m,3,0.462
Sandown-Hillside,2400,10-12,heavy,true,1,0.222
Sandown-Hillside,2400,10-12,soft,10m+,6,0.456
Sandown-Hillside,2400,10-12,soft,4-6m,4,0.355
Sandown-Hillside,2400,10-12,soft,7-9m,10,0.678
Sandown-Hillside,2400,10-12,soft,true,5,0.797
Sandown-Hillside,2400,13+,dry,10m+,3,0.857
Sandown-Hillside,2400,13+,dry,4-6m,4,0.767
Sandown-Hillside,2400,13+,dry,7-9m,3,0.81
Sandown-Hillside,2400,13+,dry,true,2,0.5
Sandown-Hillside,2400,13+,heavy,7-9m,2,0.038
Sandown-Hillside,2400,13+,soft,10m+,1,0.0
Sandown-Hillside,2400,13+,soft,4-6m,2,0.192
Sandown-Hillside,2400,13+,soft,7-9m,6,0.59
Sandown-Hillside,2400,13+,soft,true,1,1.0
Sandown-Hillside,2400,4-6,dry,1-3m,12,0.462
Sandown-Hillside,2400,4-6,dry,10m+,20,0.424
Sandown-Hillside,2400,4-6,dry,4-6m,15,0.538
Sandown-Hillside,2400,4-6,dry,7-9m,20,0.459
Sandown-Hillside,2400,4-6,dry,true,24,0.422
Sandown-Hillside,2400,4-6,heavy,10m+,11,0.59
Sandown-Hillside,2400,4-6,heavy,4-6m,9,0.451
Sandown-Hillside,2400,4-6,heavy,7-9m,6,0.523
Sandown-Hillside,2400,4-6,heavy,true,3,0.593
Sandown-Hillside,2400,4-6,soft,1-3m,3,0.5
Sandown-Hillside,2400,4-6,soft,10m+,15,0.569
Sandown-Hillside,2400,4-6,soft,4-6m,21,0.452
Sandown-Hillside,2400,4-6,soft,7-9m,24,0.484
Sandown-Hillside,2400,4-6,soft,true,12,0.498
Sandown-Hillside,2400,7-9,dry,1-3m,11,0.743
Sandown-Hillside,2400,7-9,dry,10m+,19,0.459
Sandown-Hillside,2400,7-9,dry,4-6m,15,0.559
Sandown-Hillside,2400,7-9,dry,7-9m,21,0.584
Sandown-Hillside,2400,7-9,dry,true,21,0.533
Sandown-Hillside,2400,7-9,heavy,10m+,12,0.536
Sandown-Hillside,2400,7-9,heavy,4-6m,7,0.468
Sandown-Hillside,2400,7-9,heavy,7-9m,3,0.487
Sandown-Hillside,2400,7-9,heavy,true,3,0.148
Sandown-Hillside,2400,7-9,soft,1-3m,1,0.0
Sandown-Hillside,2400,7-9,soft,10m+,11,0.528
Sandown-Hillside,2400,7-9,soft,4-6m,15,0.622
Sandown-Hillside,2400,7-9,soft,7-9m,20,0.504
Sandown-Hillside,2400,7-9,soft,true,10,0.526
Sandown-Hillside,3000,1-3,dry,1-3m,3,0.481
Sandown-Hillside,3000,1-3,dry,10m+,6,0.489
Sandown-Hillside,3000,1-3,dry,4-6m,3,0.5
Sandown-Hillside,3000,1-3,dry,true,3,0.542
Sandown-Hillside,3000,1-3,soft,1-3m,5,0.36
Sandown-Hillside,3000,1-3,soft,4-6m,3,0.143
Sandown-Hillside,3000,1-3,soft,7-9m,3,0.292
Sandown-Hillside,3000,10-12,dry,1-3m,1,0.0
Sandown-Hillside,3000,10-12,dry,4-6m,2,0.25
Sandown-Hillside,3000,10-12,soft,1-3m,2,0.1
Sandown-Hillside,3000,4-6,dry,1-3m,3,0.444
Sandown-Hillside,3000,4-6,dry,10m+,6,0.511
Sandown-Hillside,3000,4-6,dry,4-6m,3,0.6
Sandown-Hillside,3000,4-6,dry,true,3,0.458
Sandown-Hillside,3000,4-6,soft,1-3m,6,0.671
Sandown-Hillside,3000,4-6,soft,4-6m,1,0.429
Sandown-Hillside,3000,4-6,soft,7-9m,3,0.75
Sandown-Hillside,3000,7-9,dry,1-3m,3,0.741
Sandown-Hillside,3000,7-9,dry,10m+,1,0.5
Sandown-Hillside,3000,7-9,dry,4-6m,3,0.567
Sandown-Hillside,3000,7-9,dry,true,3,0.5
Sandown-Hillside,3000,7-9,soft,1-3m,5,0.574
Sandown-Hillside,3000,7-9,soft,4-6m,2,0.786
Sandown-Hillside,3000,7-9,soft,7-9m,3,0.458
Sandown-Lakeside,1000,1-3,dry,1-3m,12,0.588
Sandown-Lakeside,1000,1-3,dry,4-6m,18,0.349
Sandown-Lakeside,1000,1-3,dry,true,9,0.621
Sandown-Lakeside,1000,1-3,soft,7-9m,3,0.481
Sandown-Lakeside,1000,10-12,dry,1-3m,5,0.406
Sandown-Lakeside,1000,10-12,dry,4-6m,3,0.763
Sandown-Lakeside,1000,10-12,dry,true,3,0.394
Sandown-Lakeside,1000,10-12,soft,7-9m,1,0.889
Sandown-Lakeside,1000,13+,dry,1-3m,1,0.75
Sandown-Lakeside,1000,4-6,dry,1-3m,12,0.366
Sandown-Lakeside,1000,4-6,dry,4-6m,18,0.591
Sandown-Lakeside,1000,4-6,dry,true,9,0.404
Sandown-Lakeside,1000,4-6,soft,7-9m,3,0.37
Sandown-Lakeside,1000,7-9,dry,1-3m,12,0.565
Sandown-Lakeside,1000,7-9,dry,4-6m,14,0.521
Sandown-Lakeside,1000,7-9,dry,true,4,0.523
Sandown-Lakeside,1000,7-9,soft,7-9m,3,0.519
Sandown-Lakeside,1100,1-3,dry,true,3,0.511
Sandown-Lakeside,1100,10-12,dry,true,3,0.644
Sandown-Lakeside,1100,13+,dry,true,4,0.5
Sandown-Lakeside,1100,4-6,dry,true,3,0.4
Sandown-Lakeside,1100,7-9,dry,true,3,0.444
Sandown-Lakeside,1200,1-3,dry,1-3m,62,0.438
Sandown-Lakeside,1200,1-3,dry,10m+,5,0.44
Sandown-Lakeside,1200,1-3,dry,4-6m,75,0.408
Sandown-Lakeside,1200,1-3,dry,7-9m,24,0.415
Sandown-Lakeside,1200,1-3,dry,true,70,0.457
Sandown-Lakeside,1200,1-3,heavy,1-3m,30,0.44
Sandown-Lakeside,1200,1-3,heavy,4-6m,23,0.39
Sandown-Lakeside,1200,1-3,heavy,7-9m,3,0.444
Sandown-Lakeside,1200,1-3,heavy,true,30,0.411
Sandown-Lakeside,1200,1-3,soft,1-3m,30,0.383
Sandown-Lakeside,1200,1-3,soft,10m+,9,0.533
Sandown-Lakeside,1200,1-3,soft,4-6m,45,0.377
Sandown-Lakeside,1200,1-3,soft,7-9m,17,0.372
Sandown-Lakeside,1200,1-3,soft,true,51,0.374
Sandown-Lakeside,1200,10-12,dry,1-3m,13,0.589
Sandown-Lakeside,1200,10-12,dry,10m+,4,0.775
Sandown-Lakeside,1200,10-12,dry,4-6m,10,0.753
Sandown-Lakeside,1200,10-12,dry,7-9m,3,0.611
Sandown-Lakeside,1200,10-12,dry,true,24,0.671
Sandown-Lakeside,1200,10-12,heavy,1-3m,9,0.619
Sandown-Lakeside,1200,10-12,heavy,4-6m,9,0.637
Sandown-Lakeside,1200,10-12,heavy,true,17,0.659
Sandown-Lakeside,1200,10-12,soft,1-3m,6,0.654
Sandown-Lakeside,1200,10-12,soft,4-6m,21,0.617
Sandown-Lakeside,1200,10-12,soft,7-9m,11,0.613
Sandown-Lakeside,1200,10-12,soft,true,9,0.691
Sandown-Lakeside,1200,13+,dry,1-3m,1,1.0
Sandown-Lakeside,1200,13+,dry,4-6m,2,0.833
Sandown-Lakeside,1200,13+,dry,7-9m,1,0.917
Sandown-Lakeside,1200,13+,dry,true,7,0.8
Sandown-Lakeside,1200,13+,heavy,1-3m,1,0.917
Sandown-Lakeside,1200,13+,heavy,4-6m,1,1.0
Sandown-Lakeside,1200,13+,soft,4-6m,4,0.982
Sandown-Lakeside,1200,4-6,dry,1-3m,63,0.447
Sandown-Lakeside,1200,4-6,dry,10m+,6,0.517
Sandown-Lakeside,1200,4-6,dry,4-6m,74,0.513
Sandown-Lakeside,1200,4-6,dry,7-9m,22,0.552
Sandown-Lakeside,1200,4-6,dry,true,72,0.433
Sandown-Lakeside,1200,4-6,heavy,1-3m,30,0.57
Sandown-Lakeside,1200,4-6,heavy,4-6m,24,0.529
Sandown-Lakeside,1200,4-6,heavy,7-9m,3,0.389
Sandown-Lakeside,1200,4-6,heavy,true,30,0.48
Sandown-Lakeside,1200,4-6,soft,1-3m,30,0.504
Sandown-Lakeside,1200,4-6,soft,10m+,9,0.525
Sandown-Lakeside,1200,4-6,soft,4-6m,45,0.446
Sandown-Lakeside,1200,4-6,soft,7-9m,18,0.491
Sandown-Lakeside,1200,4-6,soft,true,50,0.584
Sandown-Lakeside,1200,7-9,dry,1-3m,47,0.611
Sandown-Lakeside,1200,7-9,dry,10m+,6,0.433
Sandown-Lakeside,1200,7-9,dry,4-6m,56,0.543
Sandown-Lakeside,1200,7-9,dry,7-9m,16,0.51
Sandown-Lakeside,1200,7-9,dry,true,57,0.533
Sandown-Lakeside,1200,7-9,heavy,1-3m,30,0.44
Sandown-Lakeside,1200,7-9,heavy,4-6m,22,0.499
Sandown-Lakeside,1200,7-9,heavy,7-9m,1,1.0
Sandown-Lakeside,1200,7-9,heavy,true,30,0.519
Sandown-Lakeside,1200,7-9,soft,1-3m,21,0.614
Sandown-Lakeside,1200,7-9,soft,10m+,3,0.325
Sandown-Lakeside,1200,7-9,soft,4-6m,36,0.62
Sandown-Lakeside,1200,7-9,soft,7-9m,16,0.585
Sandown-Lakeside,1200,7-9,soft,true,33,0.526
Sandown-Lakeside,1300,1-3,dry,1-3m,12,0.37
Sandown-Lakeside,1300,1-3,dry,4-6m,11,0.329
Sandown-Lakeside,1300,1-3,dry,7-9m,6,0.492
Sandown-Lakeside,1300,1-3,dry,true,18,0.408
Sandown-Lakeside,1300,1-3,heavy,4-6m,6,0.259
Sandown-Lakeside,1300,1-3,heavy,true,12,0.411
Sandown-Lakeside,1300,1-3,soft,1-3m,6,0.347
Sandown-Lakeside,1300,1-3,soft,4-6m,12,0.502
Sandown-Lakeside,1300,1-3,soft,7-9m,5,0.427
Sandown-Lakeside,1300,1-3,soft,true,19,0.359
Sandown-Lakeside,1300,10-12,dry,1-3m,4,0.736
Sandown-Lakeside,1300,10-12,dry,7-9m,2,0.75
Sandown-Lakeside,1300,10-12,dry,true,3,0.444
Sandown-Lakeside,1300,10-12,heavy,4-6m,2,0.722
Sandown-Lakeside,1300,10-12,heavy,true,6,0.595
Sandown-Lakeside,1300,10-12,soft,1-3m,4,0.646
Sandown-Lakeside,1300,10-12,soft,4-6m,3,0.606
Sandown-Lakeside,1300,10-12,soft,7-9m,3,0.37
Sandown-Lakeside,1300,10-12,soft,true,3,0.889
Sandown-Lakeside,1300,13+,dry,1-3m,1,0.75
Sandown-Lakeside,1300,13+,soft,1-3m,1,1.0
Sandown-Lakeside,1300,4-6,dry,1-3m,12,0.445
Sandown-Lakeside,1300,4-6,dry,4-6m,12,0.549
Sandown-Lakeside,1300,4-6,dry,7-9m,6,0.408
Sandown-Lakeside,1300,4-6,dry,true,18,0.566
Sandown-Lakeside,1300,4-6,heavy,4-6m,6,0.611
Sandown-Lakeside,1300,4-6,heavy,true,12,0.532
Sandown-Lakeside,1300,4-6,soft,1-3m,6,0.495
Sandown-Lakeside,1300,4-6,soft,4-6m,11,0.545
Sandown-Lakeside,1300,4-6,soft,7-9m,6,0.38
Sandown-Lakeside,1300,4-6,soft,true,20,0.487
Sandown-Lakeside,1300,7-9,dry,1-3m,9,0.614
Sandown-Lakeside,1300,7-9,dry,4-6m,5,0.792
Sandown-Lakeside,1300,7-9,dry,7-9m,6,0.517
Sandown-Lakeside,1300,7-9,dry,true,13,0.549
Sandown-Lakeside,1300,7-9,heavy,4-6m,6,0.556
Sandown-Lakeside,1300,7-9,heavy,true,9,0.513
Sandown-Lakeside,1300,7-9,soft,1-3m,6,0.477
Sandown-Lakeside,1300,7-9,soft,4-6m,10,0.416
Sandown-Lakeside,1300,7-9,soft,7-9m,6,0.663
Sandown-Lakeside,1300,7-9,soft,true,16,0.588
Sandown-Lakeside,1400,1-3,dry,1-3m,81,0.498
Sandown-Lakeside,1400,1-3,dry,10m+,9,0.28
Sandown-Lakeside,1400,1-3,dry,4-6m,65,0.437
Sandown-Lakeside,1400,1-3,dry,7-9m,18,0.365
Sandown-Lakeside,1400,1-3,dry,true,56,0.367
Sandown-Lakeside,1400,1-3,heavy,1-3m,18,0.502
Sandown-Lakeside,1400,1-3,heavy,4-6m,12,0.428
Sandown-Lakeside,1400,1-3,heavy,7-9m,9,0.505
Sandown-Lakeside,1400,1-3,heavy,true,15,0.458
Sandown-Lakeside,1400,1-3,soft,1-3m,12,0.388
Sandown-Lakeside,1400,1-3,soft,4-6m,39,0.445
Sandown-Lakeside,1400,1-3,soft,7-9m,18,0.469
Sandown-Lakeside,1400,1-3,soft,true,62,0.424
Sandown-Lakeside,1400,10-12,dry,1-3m,21,0.403
Sandown-Lakeside,1400,10-12,dry,10m+,7,0.668
Sandown-Lakeside,1400,10-12,dry,4-6m,25,0.662
Sandown-Lakeside,1400,10-12,dry,7-9m,5,0.647
Sandown-Lakeside,1400,10-12,dry,true,16,0.519
Sandown-Lakeside,1400,10-12,heavy,1-3m,5,0.68
Sandown-Lakeside,1400,10-12,heavy,4-6m,7,0.742
Sandown-Lakeside,1400,10-12,heavy,true,6,0.469
Sandown-Lakeside,1400,10-12,soft,1-3m,4,0.562
Sandown-Lakeside,1400,10-12,soft,4-6m,10,0.494
Sandown-Lakeside,1400,10-12,soft,7-9m,7,0.647
Sandown-Lakeside,1400,10-12,soft,true,25,0.669
Sandown-Lakeside,1400,13+,dry,1-3m,2,0.958
Sandown-Lakeside,1400,13+,dry,10m+,2,0.885
Sandown-Lakeside,1400,13+,dry,4-6m,7,0.371
Sandown-Lakeside,1400,13+,dry,7-9m,1,0.667
Sandown-Lakeside,1400,13+,dry,true,5,0.78
Sandown-Lakeside,1400,13+,heavy,1-3m,1,0.083
Sandown-Lakeside,1400,13+,heavy,4-6m,3,0.786
Sandown-Lakeside,1400,13+,heavy,true,1,1.0
Sandown-Lakeside,1400,13+,soft,1-3m,1,0.0
Sandown-Lakeside,1400,13+,soft,4-6m,1,0.417
Sandown-Lakeside,1400,13+,soft,7-9m,2,0.458
Sandown-Lakeside,1400,13+,soft,true,6,0.449
Sandown-Lakeside,1400,4-6,dry,1-3m,81,0.53
Sandown-Lakeside,1400,4-6,dry,10m+,9,0.456
Sandown-Lakeside,1400,4-6,dry,4-6m,69,0.436
Sandown-Lakeside,1400,4-6,dry,7-9m,18,0.469
Sandown-Lakeside,1400,4-6,dry,true,57,0.56
Sandown-Lakeside,1400,4-6,heavy,1-3m,18,0.476
Sandown-Lakeside,1400,4-6,heavy,4-6m,12,0.451
Sandown-Lakeside,1400,4-6,heavy,7-9m,9,0.5
Sandown-Lakeside,1400,4-6,heavy,true,15,0.457
Sandown-Lakeside,1400,4-6,soft,1-3m,12,0.498
Sandown-Lakeside,1400,4-6,soft,4-6m,39,0.502
Sandown-Lakeside,1400,4-6,soft,7-9m,18,0.439
Sandown-Lakeside,1400,4-6,soft,true,63,0.482
Sandown-Lakeside,1400,7-9,dry,1-3m,50,0.484
Sandown-Lakeside,1400,7-9,dry,10m+,8,0.578
Sandown-Lakeside,1400,7-9,dry,4-6m,55,0.586
Sandown-Lakeside,1400,7-9,dry,7-9m,10,0.659
Sandown-Lakeside,1400,7-9,dry,true,35,0.571
Sandown-Lakeside,1400,7-9,heavy,1-3m,12,0.472
Sandown-Lakeside,1400,7-9,heavy,4-6m,11,0.4
Sandown-Lakeside,1400,7-9,heavy,7-9m,5,0.49
Sandown-Lakeside,1400,7-9,heavy,true,13,0.574
Sandown-Lakeside,1400,7-9,soft,1-3m,12,0.635
Sandown-Lakeside,1400,7-9,soft,4-6m,30,0.57
Sandown-Lakeside,1400,7-9,soft,7-9m,17,0.571
Sandown-Lakeside,1400,7-9,soft,true,53,0.548
Sandown-Lakeside,1500,1-3,dry,1-3m,3,0.444
Sandown-Lakeside,1500,1-3,dry,4-6m,9,0.324
Sandown-Lakeside,1500,1-3,dry,7-9m,6,0.664
Sandown-Lakeside,1500,1-3,dry,true,3,0.542
Sandown-Lakeside,1500,1-3,heavy,1-3m,3,0.576
Sandown-Lakeside,1500,1-3,soft,1-3m,9,0.5
Sandown-Lakeside,1500,1-3,soft,10m+,3,0.524
Sandown-Lakeside,1500,1-3,soft,4-6m,3,0.429
Sandown-Lakeside,1500,1-3,soft,7-9m,6,0.483
Sandown-Lakeside,1500,1-3,soft,true,6,0.309
Sandown-Lakeside,1500,10-12,dry,4-6m,2,0.9
Sandown-Lakeside,1500,10-12,heavy,1-3m,3,0.606
Sandown-Lakeside,1500,10-12,soft,7-9m,4,0.725
Sandown-Lakeside,1500,10-12,soft,true,4,0.722
Sandown-Lakeside,1500,13+,soft,true,2,0.5
Sandown-Lakeside,1500,4-6,dry,1-3m,3,0.333
Sandown-Lakeside,1500,4-6,dry,4-6m,9,0.542
Sandown-Lakeside,1500,4-6,dry,7-9m,6,0.304
Sandown-Lakeside,1500,4-6,dry,true,3,0.458
Sandown-Lakeside,1500,4-6,heavy,1-3m,3,0.333
Sandown-Lakeside,1500,4-6,soft,1-3m,9,0.617
Sandown-Lakeside,1500,4-6,soft,10m+,3,0.476
Sandown-Lakeside,1500,4-6,soft,4-6m,3,0.524
Sandown-Lakeside,1500,4-6,soft,7-9m,6,0.383
Sandown-Lakeside,1500,4-6,soft,true,6,0.446
Sandown-Lakeside,1500,7-9,dry,1-3m,3,0.556
Sandown-Lakeside,1500,7-9,dry,4-6m,6,0.567
Sandown-Lakeside,1500,7-9,dry,7-9m,5,0.539
Sandown-Lakeside,1500,7-9,dry,true,3,0.5
Sandown-Lakeside,1500,7-9,heavy,1-3m,3,0.485
Sandown-Lakeside,1500,7-9,soft,1-3m,7,0.349
Sandown-Lakeside,1500,7-9,soft,10m+,2,0.5
Sandown-Lakeside,1500,7-9,soft,4-6m,2,0.571
Sandown-Lakeside,1500,7-9,soft,7-9m,6,0.483
Sandown-Lakeside,1500,7-9,soft,true,6,0.597
Sandown-Lakeside,1600,1-3,dry,1-3m,44,0.451
Sandown-Lakeside,1600,1-3,dry,10m+,5,0.467
Sandown-Lakeside,1600,1-3,dry,4-6m,26,0.456
Sandown-Lakeside,1600,1-3,dry,7-9m,6,0.463
Sandown-Lakeside,1600,1-3,dry,true,24,0.478
Sandown-Lakeside,1600,1-3,heavy,1-3m,6,0.463
Sandown-Lakeside,1600,1-3,heavy,4-6m,12,0.61
Sandown-Lakeside,1600,1-3,heavy,7-9m,6,0.729
Sandown-Lakeside,1600,1-3,heavy,true,39,0.377
Sandown-Lakeside,1600,1-3,soft,1-3m,18,0.472
Sandown-Lakeside,1600,1-3,soft,10m+,3,0.278
Sandown-Lakeside,1600,1-3,soft,4-6m,21,0.416
Sandown-Lakeside,1600,1-3,soft,7-9m,12,0.422
Sandown-Lakeside,1600,1-3,soft,true,32,0.498
Sandown-Lakeside,1600,10-12,dry,1-3m,8,0.529
Sandown-Lakeside,1600,10-12,dry,10m+,3,0.433
Sandown-Lakeside,1600,10-12,dry,4-6m,1,1.0
Sandown-Lakeside,1600,10-12,dry,7-9m,1,0.778
Sandown-Lakeside,1600,10-12,dry,true,6,0.652
Sandown-Lakeside,1600,10-12,heavy,1-3m,2,0.333
Sandown-Lakeside,1600,10-12,heavy,4-6m,5,0.54
Sandown-Lakeside,1600,10-12,heavy,true,26,0.587
Sandown-Lakeside,1600,10-12,soft,1-3m,4,0.389
Sandown-Lakeside,1600,10-12,soft,4-6m,12,0.669
Sandown-Lakeside,1600,10-12,soft,7-9m,3,0.606
Sandown-Lakeside,1600,10-12,soft,true,16,0.689
Sandown-Lakeside,1600,13+,heavy,4-6m,1,0.5
Sandown-Lakeside,1600,13+,heavy,true,8,0.754
Sandown-Lakeside,1600,13+,soft,true,2,0.583
Sandown-Lakeside,1600,4-6,dry,1-3m,45,0.48
Sandown-Lakeside,1600,4-6,dry,10m+,6,0.533
Sandown-Lakeside,1600,4-6,dry,4-6m,27,0.397
Sandown-Lakeside,1600,4-6,dry,7-9m,6,0.648
Sandown-Lakeside,1600,4-6,dry,true,24,0.569
Sandown-Lakeside,1600,4-6,heavy,1-3m,6,0.648
Sandown-Lakeside,1600,4-6,heavy,4-6m,12,0.349
Sandown-Lakeside,1600,4-6,heavy,7-9m,6,0.361
Sandown-Lakeside,1600,4-6,heavy,true,39,0.47
Sandown-Lakeside,1600,4-6,soft,1-3m,18,0.439
Sandown-Lakeside,1600,4-6,soft,10m+,3,0.611
Sandown-Lakeside,1600,4-6,soft,4-6m,21,0.403
Sandown-Lakeside,1600,4-6,soft,7-9m,12,0.417
Sandown-Lakeside,1600,4-6,soft,true,33,0.489
Sandown-Lakeside,1600,7-9,dry,1-3m,35,0.57
Sandown-Lakeside,1600,7-9,dry,10m+,6,0.478
Sandown-Lakeside,1600,7-9,dry,4-6m,21,0.646
Sandown-Lakeside,1600,7-9,dry,7-9m,3,0.185
Sandown-Lakeside,1600,7-9,dry,true,18,0.387
Sandown-Lakeside,1600,7-9,heavy,1-3m,6,0.444
Sandown-Lakeside,1600,7-9,heavy,4-6m,8,0.538
Sandown-Lakeside,1600,7-9,heavy,7-9m,4,0.365
Sandown-Lakeside,1600,7-9,heavy,true,36,0.545
Sandown-Lakeside,1600,7-9,soft,1-3m,16,0.628
Sandown-Lakeside,1600,7-9,soft,10m+,1,0.833
Sandown-Lakeside,1600,7-9,soft,4-6m,19,0.594
Sandown-Lakeside,1600,7-9,soft,7-9m,10,0.662
Sandown-Lakeside,1600,7-9,soft,true,29,0.411
Sandown-Lakeside,2100,1-3,dry,1-3m,30,0.418
Sandown-Lakeside,2100,1-3,dry,4-6m,15,0.533
Sandown-Lakeside,2100,1-3,dry,7-9m,9,0.33
Sandown-Lakeside,2100,1-3,dry,true,24,0.538
Sandown-Lakeside,2100,1-3,heavy,1-3m,9,0.55
Sandown-Lakeside,2100,1-3,heavy,4-6m,12,0.561
Sandown-Lakeside,2100,1-3,heavy,true,15,0.366
Sandown-Lakeside,2100,1-3,soft,1-3m,3,0.308
Sandown-Lakeside,2100,1-3,soft,10m+,3,0.333
Sandown-Lakeside,2100,1-3,soft,4-6m,21,0.473
Sandown-Lakeside,2100,1-3,soft,7-9m,9,0.41
Sandown-Lakeside,2100,1-3,soft,true,37,0.541
Sandown-Lakeside,2100,10-12,dry,1-3m,12,0.67
Sandown-Lakeside,2100,10-12,dry,4-6m,1,0.111
Sandown-Lakeside,2100,10-12,dry,7-9m,3,0.758
Sandown-Lakeside,2100,10-12,dry,true,12,0.337
Sandown-Lakeside,2100,10-12,heavy,1-3m,4,0.51
Sandown-Lakeside,2100,10-12,heavy,4-6m,9,0.482
Sandown-Lakeside,2100,10-12,heavy,true,8,0.464
Sandown-Lakeside,2100,10-12,soft,1-3m,3,0.872
Sandown-Lakeside,2100,10-12,soft,4-6m,13,0.599
Sandown-Lakeside,2100,10-12,soft,7-9m,1,0.444
Sandown-Lakeside,2100,10-12,soft,true,12,0.57
Sandown-Lakeside,2100,13+,dry,1-3m,5,0.569
Sandown-Lakeside,2100,13+,heavy,1-3m,3,0.286
Sandown-Lakeside,2100,13+,heavy,4-6m,5,0.688
Sandown-Lakeside,2100,13+,heavy,true,1,0.167
Sandown-Lakeside,2100,13+,soft,1-3m,2,0.385
Sandown-Lakeside,2100,13+,soft,4-6m,4,0.753
Sandown-Lakeside,2100,13+,soft,true,2,0.538
Sandown-Lakeside,2100,4-6,dry,1-3m,30,0.561
Sandown-Lakeside,2100,4-6,dry,4-6m,15,0.505
Sandown-Lakeside,2100,4-6,dry,7-9m,9,0.608
Sandown-Lakeside,2100,4-6,dry,true,24,0.496
Sandown-Lakeside,2100,4-6,heavy,1-3m,9,0.402
Sandown-Lakeside,2100,4-6,heavy,4-6m,12,0.407
Sandown-Lakeside,2100,4-6,heavy,true,15,0.645
Sandown-Lakeside,2100,4-6,soft,1-3m,3,0.359
Sandown-Lakeside,2100,4-6,soft,10m+,3,0.667
Sandown-Lakeside,2100,4-6,soft,4-6m,21,0.463
Sandown-Lakeside,2100,4-6,soft,7-9m,9,0.414
Sandown-Lakeside,2100,4-6,soft,true,38,0.541
Sandown-Lakeside,2100,7-9,dry,1-3m,27,0.417
Sandown-Lakeside,2100,7-9,dry,4-6m,14,0.487
Sandown-Lakeside,2100,7-9,dry,7-9m,7,0.47
Sandown-Lakeside,2100,7-9,dry,true,21,0.554
Sandown-Lakeside,2100,7-9,heavy,1-3m,8,0.629
Sandown-Lakeside,2100,7-9,heavy,4-6m,12,0.466
Sandown-Lakeside,2100,7-9,heavy,true,15,0.53
Sandown-Lakeside,2100,7-9,soft,1-3m,3,0.538
Sandown-Lakeside,2100,7-9,soft,4-6m,21,0.456
Sandown-Lakeside,2100,7-9,soft,7-9m,9,0.682
Sandown-Lakeside,2100,7-9,soft,true,29,0.328
Sandown-Lakeside,2400,1-3,dry,1-3m,15,0.376
Sandown-Lakeside,2400,1-3,dry,10m+,3,0.762
Sandown-Lakeside,2400,1-3,dry,4-6m,11,0.471
Sandown-Lakeside,2400,1-3,dry,7-9m,9,0.49
Sandown-Lakeside,2400,1-3,dry,true,3,0.556
Sandown-Lakeside,2400,1-3,heavy,1-3m,3,0.467
Sandown-Lakeside,2400,1-3,heavy,7-9m,3,0.296
Sandown-Lakeside,2400,1-3,heavy,true,15,0.355
Sandown-Lakeside,2400,1-3,soft,1-3m,3,0.458
Sandown-Lakeside,2400,1-3,soft,4-6m,6,0.398
Sandown-Lakeside,2400,1-3,soft,7-9m,6,0.571
Sandown-Lakeside,2400,1-3,soft,true,6,0.73
Sandown-Lakeside,2400,10-12,dry,1-3m,4,0.492
Sandown-Lakeside,2400,10-12,dry,4-6m,3,0.424
Sandown-Lakeside,2400,10-12,dry,7-9m,2,0.222
Sandown-Lakeside,2400,10-12,dry,true,1,0.889
Sandown-Lakeside,2400,10-12,heavy,7-9m,1,1.0
Sandown-Lakeside,2400,10-12,heavy,true,11,0.643
Sandown-Lakeside,2400,10-12,soft,4-6m,3,0.667
Sandown-Lakeside,2400,10-12,soft,7-9m,2,0.05
Sandown-Lakeside,2400,10-12,soft,true,1,0.0
Sandown-Lakeside,2400,13+,heavy,true,3,0.705
Sandown-Lakeside,2400,4-6,dry,1-3m,15,0.542
Sandown-Lakeside,2400,4-6,dry,10m+,3,0.429
Sandown-Lakeside,2400,4-6,dry,4-6m,12,0.474
Sandown-Lakeside,2400,4-6,dry,7-9m,9,0.667
Sandown-Lakeside,2400,4-6,dry,true,3,0.259
Sandown-Lakeside,2400,4-6,heavy,1-3m,3,0.533
Sandown-Lakeside,2400,4-6,heavy,7-9m,3,0.63
Sandown-Lakeside,2400,4-6,heavy,true,15,0.438
Sandown-Lakeside,2400,4-6,soft,1-3m,3,0.5
Sandown-Lakeside,2400,4-6,soft,4-6m,6,0.619
Sandown-Lakeside,2400,4-6,soft,7-9m,6,0.546
Sandown-Lakeside,2400,4-6,soft,true,6,0.524
Sandown-Lakeside,2400,7-9,dry,1-3m,12,0.605
Sandown-Lakeside,2400,7-9,dry,10m+,2,0.214
Sandown-Lakeside,2400,7-9,dry,4-6m,6,0.665
Sandown-Lakeside,2400,7-9,dry,7-9m,8,0.393
Sandown-Lakeside,2400,7-9,dry,true,3,0.556
Sandown-Lakeside,2400,7-9,heavy,7-9m,3,0.407
Sandown-Lakeside,2400,7-9,heavy,true,15,0.561
Sandown-Lakeside,2400,7-9,soft,1-3m,3,0.542
Sandown-Lakeside,2400,7-9,soft,4-6m,6,0.4
Sandown-Lakeside,2400,7-9,soft,7-9m,6,0.533
Sandown-Lakeside,2400,7-9,soft,true,5,0.295
Sandown-Lakeside,3000,1-3,dry,4-6m,9,0.415
Sandown-Lakeside,3000,1-3,dry,7-9m,3,0.625
Sandown-Lakeside,3000,1-3,dry,true,3,0.633
Sandown-Lakeside,3000,1-3,soft,7-9m,3,0.286
Sandown-Lakeside,3000,10-12,dry,4-6m,3,0.385
Sandown-Lakeside,3000,10-12,dry,true,2,0.25
Sandown-Lakeside,3000,13+,dry,4-6m,2,0.654
Sandown-Lakeside,3000,4-6,dry,4-6m,9,0.601
Sandown-Lakeside,3000,4-6,dry,7-9m,3,0.583
Sandown-Lakeside,3000,4-6,dry,true,3,0.333
Sandown-Lakeside,3000,4-6,soft,7-9m,3,0.762
Sandown-Lakeside,3000,7-9,dry,4-6m,5,0.581
Sandown-Lakeside,3000,7-9,dry,7-9m,3,0.292
Sandown-Lakeside,3000,7-9,dry,true,3,0.7
Sandown-Lakeside,3000,7-9,soft,7-9m,2,0.429
Strathalbyn,1100,1-3,dry,true,15,0.303
Strathalbyn,1100,1-3,soft,true,18,0.373
Strathalbyn,1100,10-12,dry,true,1,1.0
Strathalbyn,1100,10-12,soft,true,1,0.556
Strathalbyn,1100,4-6,dry,true,15,0.459
Strathalbyn,1100,4-6,soft,true,18,0.619
Strathalbyn,1100,7-9,dry,true,14,0.684
Strathalbyn,1100,7-9,soft,true,15,0.506
Strathalbyn,1200,1-3,dry,true,48,0.508
Strathalbyn,1200,1-3,soft,true,21,0.556
Strathalbyn,1200,10-12,dry,true,29,0.647
Strathalbyn,1200,10-12,soft,true,6,0.522
Strathalbyn,1200,13+,dry,true,6,0.538
Strathalbyn,1200,13+,soft,true,1,0.833
Strathalbyn,1200,4-6,dry,true,48,0.38
Strathalbyn,1200,4-6,soft,true,21,0.409
Strathalbyn,1200,7-9,dry,true,41,0.522
Strathalbyn,1200,7-9,soft,true,16,0.516
Strathalbyn,1400,1-3,dry,true,36,0.424
Strathalbyn,1400,1-3,soft,true,27,0.402
Strathalbyn,1400,10-12,dry,true,21,0.622
Strathalbyn,1400,10-12,soft,true,12,0.605
Strathalbyn,1400,13+,dry,true,5,0.585
Strathalbyn,1400,13+,soft,true,3,0.577
Strathalbyn,1400,4-6,dry,true,36,0.518
Strathalbyn,1400,4-6,soft,true,27,0.478
Strathalbyn,1400,7-9,dry,true,35,0.474
Strathalbyn,1400,7-9,soft,true,26,0.567
Strathalbyn,1600,1-3,dry,true,48,0.461
Strathalbyn,1600,1-3,soft,true,24,0.433
Strathalbyn,1600,10-12,dry,true,27,0.522
Strathalbyn,1600,10-12,soft,true,16,0.629
Strathalbyn,1600,13+,dry,true,3,0.583
Strathalbyn,1600,13+,soft,true,3,0.389
Strathalbyn,1600,4-6,dry,true,48,0.504
Strathalbyn,1600,4-6,soft,true,24,0.466
Strathalbyn,1600,7-9,dry,true,46,0.508
Strathalbyn,1600,7-9,soft,true,22,0.531
Strathalbyn,2000,1-3,dry,true,33,0.515
Strathalbyn,2000,1-3,soft,true,15,0.466
Strathalbyn,2000,10-12,dry,true,22,0.349
Strathalbyn,2000,10-12,soft,true,7,0.494
Strathalbyn,2000,13+,dry,true,3,0.75
Strathalbyn,2000,13+,soft,true,1,0.0
Strathalbyn,2000,4-6,dry,true,33,0.53
Strathalbyn,2000,4-6,soft,true,15,0.504
Strathalbyn,2000,7-9,dry,true,32,0.534
Strathalbyn,2000,7-9,soft,true,14,0.571
Sunshine Coast,1000,1-3,dry,1-3m,135,0.466
Sunshine Coast,1000,1-3,dry,10m+,30,0.358
Sunshine Coast,1000,1-3,dry,4-6m,140,0.488
Sunshine Coast,1000,1-3,dry,7-9m,249,0.451
Sunshine Coast,1000,1-3,dry,true,154,0.444
Sunshine Coast,1000,1-3,heavy,1-3m,33,0.393
Sunshine Coast,1000,1-3,heavy,10m+,8,0.573
Sunshine Coast,1000,1-3,heavy,4-6m,17,0.548
Sunshine Coast,1000,1-3,heavy,7-9m,45,0.453
Sunshine Coast,1000,1-3,heavy,true,45,0.484
Sunshine Coast,1000,1-3,soft,1-3m,83,0.461
Sunshine Coast,1000,1-3,soft,10m+,75,0.462
Sunshine Coast,1000,1-3,soft,4-6m,195,0.493
Sunshine Coast,1000,1-3,soft,7-9m,119,0.431
Sunshine Coast,1000,1-3,soft,true,112,0.52
Sunshine Coast,1000,10-12,dry,1-3m,41,0.431
Sunshine Coast,1000,10-12,dry,10m+,9,0.553
Sunshine Coast,1000,10-12,dry,4-6m,43,0.525
Sunshine Coast,1000,10-12,dry,7-9m,59,0.502
Sunshine Coast,1000,10-12,dry,true,51,0.515
Sunshine Coast,1000,10-12,heavy,1-3m,7,0.609
Sunshine Coast,1000,10-12,heavy,4-6m,2,0.85
Sunshine Coast,1000,10-12,heavy,7-9m,4,0.525
Sunshine Coast,1000,10-12,heavy,true,13,0.471
Sunshine Coast,1000,10-12,soft,1-3m,27,0.572
Sunshine Coast,1000,10-12,soft,10m+,14,0.449
Sunshine Coast,1000,10-12,soft,4-6m,66,0.43
Sunshine Coast,1000,10-12,soft,7-9m,43,0.506
Sunshine Coast,1000,10-12,soft,true,58,0.484
Sunshine Coast,1000,13+,dry,1-3m,9,0.507
Sunshine Coast,1000,13+,dry,4-6m,10,0.705
Sunshine Coast,1000,13+,dry,7-9m,5,0.533
Sunshine Coast,1000,13+,dry,true,16,0.623
Sunshine Coast,1000,13+,heavy,true,6,0.479
Sunshine Coast,1000,13+,soft,1-3m,3,0.808
Sunshine Coast,1000,13+,soft,4-6m,16,0.548
Sunshine Coast,1000,13+,soft,7-9m,4,0.538
Sunshine Coast,1000,13+,soft,true,19,0.543
Sunshine Coast,1000,4-6,dry,1-3m,129,0.528
Sunshine Coast,1000,4-6,dry,10m+,29,0.501
Sunshine Coast,1000,4-6,dry,4-6m,140,0.478
Sunshine Coast,1000,4-6,dry,7-9m,245,0.488
Sunshine Coast,1000,4-6,dry,true,150,0.513
Sunshine Coast,1000,4-6,heavy,1-3m,32,0.56
Sunshine Coast,1000,4-6,heavy,10m+,7,0.464
Sunshine Coast,1000,4-6,heavy,4-6m,18,0.456
Sunshine Coast,1000,4-6,heavy,7-9m,42,0.52
Sunshine Coast,1000,4-6,heavy,true,45,0.551
Sunshine Coast,1000,4-6,soft,1-3m,84,0.466
Sunshine Coast,1000,4-6,soft,10m+,74,0.5
Sunshine Coast,1000,4-6,soft,4-6m,193,0.475
Sunshine Coast,1000,4-6,soft,7-9m,120,0.514
Sunshine Coast,1000,4-6,soft,true,114,0.455
Sunshine Coast,1000,7-9,dry,1-3m,95,0.536
Sunshine Coast,1000,7-9,dry,10m+,22,0.67
Sunshine Coast,1000,7-9,dry,4-6m,96,0.511
Sunshine Coast,1000,7-9,dry,7-9m,181,0.58
Sunshine Coast,1000,7-9,dry,true,113,0.535
Sunshine Coast,1000,7-9,heavy,1-3m,21,0.551
Sunshine Coast,1000,7-9,heavy,10m+,1,0.0
Sunshine Coast,1000,7-9,heavy,4-6m,11,0.462
Sunshine Coast,1000,7-9,heavy,7-9m,25,0.547
Sunshine Coast,1000,7-9,heavy,true,33,0.467
Sunshine Coast,1000,7-9,soft,1-3m,61,0.555
Sunshine Coast,1000,7-9,soft,10m+,50,0.579
Sunshine Coast,1000,7-9,soft,4-6m,138,0.584
Sunshine Coast,1000,7-9,soft,7-9m,94,0.565
Sunshine Coast,1000,7-9,soft,true,97,0.525
Sunshine Coast,1100,1-3,dry,4-6m,3,0.75
Sunshine Coast,1100,1-3,soft,4-6m,14,0.339
Sunshine Coast,1100,10-12,soft,4-6m,11,0.71
Sunshine Coast,1100,4-6,dry,4-6m,2,0.125
Sunshine Coast,1100,4-6,soft,4-6m,15,0.438
Sunshine Coast,1100,7-9,soft,4-6m,12,0.614
Sunshine Coast,1200,1-3,dry,1-3m,76,0.392
Sunshine Coast,1200,1-3,dry,10m+,27,0.495
Sunshine Coast,1200,1-3,dry,4-6m,95,0.454
Sunshine Coast,1200,1-3,dry,7-9m,139,0.441
Sunshine Coast,1200,1-3,dry,true,123,0.388
Sunshine Coast,1200,1-3,heavy,1-3m,15,0.501
Sunshine Coast,1200,1-3,heavy,10m+,12,0.461
Sunshine Coast,1200,1-3,heavy,4-6m,24,0.429
Sunshine Coast,1200,1-3,heavy,7-9m,27,0.438
Sunshine Coast,1200,1-3,heavy,true,33,0.426
Sunshine Coast,1200,1-3,soft,1-3m,51,0.415
Sunshine Coast,1200,1-3,soft,10m+,39,0.459
Sunshine Coast,1200,1-3,soft,4-6m,89,0.416
Sunshine Coast,1200,1-3,soft,7-9m,83,0.431
Sunshine Coast,1200,1-3,soft,true,57,0.478
Sunshine Coast,1200,10-12,dry,1-3m,38,0.641
Sunshine Coast,1200,10-12,dry,10m+,4,0.568
Sunshine Coast,1200,10-12,dry,4-6m,36,0.649
Sunshine Coast,1200,10-12,dry,7-9m,61,0.531
Sunshine Coast,1200,10-12,dry,true,63,0.612
Sunshine Coast,1200,10-12,heavy,1-3m,2,0.9
Sunshine Coast,1200,10-12,heavy,4-6m,9,0.721
Sunshine Coast,1200,10-12,heavy,7-9m,9,0.751
Sunshine Coast,1200,10-12,heavy,true,16,0.665
Sunshine Coast,1200,10-12,soft,1-3m,23,0.591
Sunshine Coast,1200,10-12,soft,10m+,9,0.68
Sunshine Coast,1200,10-12,soft,4-6m,43,0.551
Sunshine Coast,1200,10-12,soft,7-9m,32,0.555
Sunshine Coast,1200,10-12,soft,true,29,0.564
Sunshine Coast,1200,13+,dry,1-3m,8,0.838
Sunshine Coast,1200,13+,dry,4-6m,8,0.613
Sunshine Coast,1200,13+,dry,7-9m,12,0.62
Sunshine Coast,1200,13+,dry,true,17,0.605
Sunshine Coast,1200,13+,heavy,4-6m,2,0.962
Sunshine Coast,1200,13+,heavy,true,7,0.56
Sunshine Coast,1200,13+,soft,1-3m,4,0.571
Sunshine Coast,1200,13+,soft,4-6m,6,0.703
Sunshine Coast,1200,13+,soft,7-9m,5,0.646
Sunshine Coast,1200,13+,soft,true,7,0.918
Sunshine Coast,1200,4-6,dry,1-3m,76,0.488
Sunshine Coast,1200,4-6,dry,10m+,26,0.429
Sunshine Coast,1200,4-6,dry,4-6m,95,0.456
Sunshine Coast,1200,4-6,dry,7-9m,139,0.483
Sunshine Coast,1200,4-6,dry,true,118,0.503
Sunshine Coast,1200,4-6,heavy,1-3m,14,0.36
Sunshine Coast,1200,4-6,heavy,10m+,11,0.508
Sunshine Coast,1200,4-6,heavy,4-6m,23,0.453
Sunshine Coast,1200,4-6,heavy,7-9m,27,0.5
Sunshine Coast,1200,4-6,heavy,true,32,0.476
Sunshine Coast,1200,4-6,soft,1-3m,51,0.51
Sunshine Coast,1200,4-6,soft,10m+,37,0.479
Sunshine Coast,1200,4-6,soft,4-6m,89,0.502
Sunshine Coast,1200,4-6,soft,7-9m,79,0.468
Sunshine Coast,1200,4-6,soft,true,57,0.451
Sunshine Coast,1200,7-9,dry,1-3m,64,0.5
Sunshine Coast,1200,7-9,dry,10m+,24,0.592
Sunshine Coast,1200,7-9,dry,4-6m,76,0.535
Sunshine Coast,1200,7-9,dry,7-9m,118,0.564
Sunshine Coast,1200,7-9,dry,true,114,0.528
Sunshine Coast,1200,7-9,heavy,1-3m,9,0.572
Sunshine Coast,1200,7-9,heavy,10m+,5,0.575
Sunshine Coast,1200,7-9,heavy,4-6m,19,0.494
Sunshine Coast,1200,7-9,heavy,7-9m,17,0.466
Sunshine Coast,1200,7-9,heavy,true,25,0.505
Sunshine Coast,1200,7-9,soft,1-3m,44,0.528
Sunshine Coast,1200,7-9,soft,10m+,32,0.526
Sunshine Coast,1200,7-9,soft,4-6m,77,0.563
Sunshine Coast,1200,7-9,soft,7-9m,64,0.587
Sunshine Coast,1200,7-9,soft,true,51,0.482
Sunshine Coast,1300,1-3,dry,1-3m,14,0.436
Sunshine Coast,1300,1-3,dry,4-6m,15,0.398
Sunshine Coast,1300,1-3,dry,7-9m,27,0.492
Sunshine Coast,1300,1-3,dry,true,6,0.485
Sunshine Coast,1300,1-3,heavy,10m+,3,0.5
Sunshine Coast,1300,1-3,heavy,7-9m,3,0.5
Sunshine Coast,1300,1-3,soft,1-3m,9,0.413
Sunshine Coast,1300,1-3,soft,4-6m,27,0.401
Sunshine Coast,1300,1-3,soft,7-9m,15,0.387
Sunshine Coast,1300,1-3,soft,true,18,0.384
Sunshine Coast,1300,10-12,dry,1-3m,8,0.633
Sunshine Coast,1300,10-12,dry,4-6m,5,0.4
Sunshine Coast,1300,10-12,dry,7-9m,13,0.507
Sunshine Coast,1300,10-12,soft,1-3m,6,0.437
Sunshine Coast,1300,10-12,soft,4-6m,21,0.624
Sunshine Coast,1300,10-12,soft,7-9m,13,0.537
Sunshine Coast,1300,10-12,soft,true,8,0.529
Sunshine Coast,1300,13+,dry,1-3m,3,0.619
Sunshine Coast,1300,13+,dry,7-9m,1,0.25
Sunshine Coast,1300,13+,soft,1-3m,7,0.892
Sunshine Coast,1300,13+,soft,4-6m,14,0.664
Sunshine Coast,1300,13+,soft,7-9m,4,0.84
Sunshine Coast,1300,4-6,dry,1-3m,15,0.414
Sunshine Coast,1300,4-6,dry,4-6m,14,0.388
Sunshine Coast,1300,4-6,dry,7-9m,27,0.516
Sunshine Coast,1300,4-6,dry,true,6,0.518
Sunshine Coast,1300,4-6,heavy,10m+,3,0.375
Sunshine Coast,1300,4-6,heavy,7-9m,3,0.333
Sunshine Coast,1300,4-6,soft,1-3m,9,0.294
Sunshine Coast,1300,4-6,soft,4-6m,26,0.456
Sunshine Coast,1300,4-6,soft,7-9m,15,0.485
Sunshine Coast,1300,4-6,soft,true,17,0.547
Sunshine Coast,1300,7-9,dry,1-3m,11,0.569
Sunshine Coast,1300,7-9,dry,4-6m,14,0.741
Sunshine Coast,1300,7-9,dry,7-9m,25,0.497
Sunshine Coast,1300,7-9,dry,true,5,0.496
Sunshine Coast,1300,7-9,heavy,10m+,3,0.625
Sunshine Coast,1300,7-9,heavy,7-9m,1,1.0
Sunshine Coast,1300,7-9,soft,1-3m,8,0.534
Sunshine Coast,1300,7-9,soft,4-6m,26,0.454
Sunshine Coast,1300,7-9,soft,7-9m,15,0.505
Sunshine Coast,1300,7-9,soft,true,15,0.593
Sunshine Coast,1400,1-3,dry,1-3m,80,0.493
Sunshine Coast,1400,1-3,dry,10m+,21,0.461
Sunshine Coast,1400,1-3,dry,4-6m,95,0.407
Sunshine Coast,1400,1-3,dry,7-9m,117,0.481
Sunshine Coast,1400,1-3,dry,true,109,0.414
Sunshine Coast,1400,1-3,heavy,1-3m,21,0.454
Sunshine Coast,1400,1-3,heavy,10m+,6,0.713
Sunshine Coast,1400,1-3,heavy,4-6m,24,0.431
Sunshine Coast,1400,1-3,heavy,7-9m,17,0.51
Sunshine Coast,1400,1-3,heavy,true,30,0.452
Sunshine Coast,1400,1-3,soft,1-3m,46,0.369
Sunshine Coast,1400,1-3,soft,10m+,33,0.506
Sunshine Coast,1400,1-3,soft,4-6m,78,0.401
Sunshine Coast,1400,1-3,soft,7-9m,72,0.452
Sunshine Coast,1400,1-3,soft,true,78,0.46
Sunshine Coast,1400,10-12,dry,1-3m,59,0.528
Sunshine Coast,1400,10-12,dry,10m+,3,0.593
Sunshine Coast,1400,10-12,dry,4-6m,45,0.498
Sunshine Coast,1400,10-12,dry,7-9m,80,0.544
Sunshine Coast,1400,10-12,dry,true,77,0.628
Sunshine Coast,1400,10-12,heavy,1-3m,5,0.574
Sunshine Coast,1400,10-12,heavy,10m+,1,0.222
Sunshine Coast,1400,10-12,heavy,4-6m,9,0.438
Sunshine Coast,1400,10-12,heavy,7-9m,5,0.556
Sunshine Coast,1400,10-12,heavy,true,14,0.463
Sunshine Coast,1400,10-12,soft,1-3m,30,0.6
Sunshine Coast,1400,10-12,soft,10m+,12,0.505
Sunshine Coast,1400,10-12,soft,4-6m,62,0.558
Sunshine Coast,1400,10-12,soft,7-9m,42,0.59
Sunshine Coast,1400,10-12,soft,true,58,0.583
Sunshine Coast,1400,13+,dry,1-3m,33,0.574
Sunshine Coast,1400,13+,dry,4-6m,9,0.707
Sunshine Coast,1400,13+,dry,7-9m,17,0.565
Sunshine Coast,1400,13+,dry,true,25,0.619
Sunshine Coast,1400,13+,heavy,1-3m,2,0.731
Sunshine Coast,1400,13+,heavy,7-9m,1,0.417
Sunshine Coast,1400,13+,heavy,true,6,0.755
Sunshine Coast,1400,13+,soft,1-3m,12,0.741
Sunshine Coast,1400,13+,soft,4-6m,18,0.624
Sunshine Coast,1400,13+,soft,7-9m,16,0.461
Sunshine Coast,1400,13+,soft,true,30,0.442
Sunshine Coast,1400,4-6,dry,1-3m,81,0.444
Sunshine Coast,1400,4-6,dry,10m+,21,0.508
Sunshine Coast,1400,4-6,dry,4-6m,95,0.5
Sunshine Coast,1400,4-6,dry,7-9m,118,0.443
Sunshine Coast,1400,4-6,dry,true,107,0.51
Sunshine Coast,1400,4-6,heavy,1-3m,21,0.448
Sunshine Coast,1400,4-6,heavy,10m+,6,0.417
Sunshine Coast,1400,4-6,heavy,4-6m,24,0.438
Sunshine Coast,1400,4-6,heavy,7-9m,18,0.391
Sunshine Coast,1400,4-6,heavy,true,30,0.447
Sunshine Coast,1400,4-6,soft,1-3m,47,0.475
Sunshine Coast,1400,4-6,soft,10m+,33,0.485
Sunshine Coast,1400,4-6,soft,4-6m,83,0.508
Sunshine Coast,1400,4-6,soft,7-9m,72,0.447
Sunshine Coast,1400,4-6,soft,true,75,0.496
Sunshine Coast,1400,7-9,dry,1-3m,72,0.518
Sunshine Coast,1400,7-9,dry,10m+,16,0.523
Sunshine Coast,1400,7-9,dry,4-6m,86,0.591
Sunshine Coast,1400,7-9,dry,7-9m,112,0.543
Sunshine Coast,1400,7-9,dry,true,103,0.451
Sunshine Coast,1400,7-9,heavy,1-3m,20,0.561
Sunshine Coast,1400,7-9,heavy,10m+,4,0.375
Sunshine Coast,1400,7-9,heavy,4-6m,18,0.705
Sunshine Coast,1400,7-9,heavy,7-9m,13,0.627
Sunshine Coast,1400,7-9,heavy,true,22,0.591
Sunshine Coast,1400,7-9,soft,1-3m,46,0.544
Sunshine Coast,1400,7-9,soft,10m+,27,0.509
Sunshine Coast,1400,7-9,soft,4-6m,75,0.52
Sunshine Coast,1400,7-9,soft,7-9m,64,0.56
Sunshine Coast,1400,7-9,soft,true,74,0.487
Sunshine Coast,1600,1-3,dry,1-3m,57,0.431
Sunshine Coast,1600,1-3,dry,10m+,6,0.5
Sunshine Coast,1600,1-3,dry,4-6m,90,0.447
Sunshine Coast,1600,1-3,dry,7-9m,104,0.455
Sunshine Coast,1600,1-3,dry,true,61,0.471
Sunshine Coast,1600,1-3,heavy,1-3m,12,0.45
Sunshine Coast,1600,1-3,heavy,10m+,6,0.417
Sunshine Coast,1600,1-3,heavy,7-9m,18,0.397
Sunshine Coast,1600,1-3,heavy,true,12,0.36
Sunshine Coast,1600,1-3,soft,1-3m,24,0.466
Sunshine Coast,1600,1-3,soft,10m+,30,0.503
Sunshine Coast,1600,1-3,soft,4-6m,53,0.426
Sunshine Coast,1600,1-3,soft,7-9m,44,0.343
Sunshine Coast,1600,1-3,soft,true,39,0.498
Sunshine Coast,1600,10-12,dry,1-3m,32,0.596
Sunshine Coast,1600,10-12,dry,10m+,2,0.611
Sunshine Coast,1600,10-12,dry,4-6m,32,0.511
Sunshine Coast,1600,10-12,dry,7-9m,45,0.517
Sunshine Coast,1600,10-12,dry,true,29,0.605
Sunshine Coast,1600,10-12,heavy,1-3m,6,0.747
Sunshine Coast,1600,10-12,heavy,7-9m,3,0.879
Sunshine Coast,1600,10-12,heavy,true,8,0.502
Sunshine Coast,1600,10-12,soft,1-3m,10,0.616
Sunshine Coast,1600,10-12,soft,10m+,7,0.569
Sunshine Coast,1600,10-12,soft,4-6m,20,0.61
Sunshine Coast,1600,10-12,soft,7-9m,24,0.723
Sunshine Coast,1600,10-12,soft,true,20,0.488
Sunshine Coast,1600,13+,dry,1-3m,3,0.575
Sunshine Coast,1600,13+,dry,4-6m,11,0.847
Sunshine Coast,1600,13+,dry,7-9m,7,0.669
Sunshine Coast,1600,13+,dry,true,7,0.559
Sunshine Coast,1600,13+,heavy,1-3m,1,0.75
Sunshine Coast,1600,13+,heavy,true,1,0.0
Sunshine Coast,1600,13+,soft,1-3m,1,0.417
Sunshine Coast,1600,13+,soft,4-6m,5,0.583
Sunshine Coast,1600,13+,soft,7-9m,3,0.694
Sunshine Coast,1600,13+,soft,true,9,0.596
Sunshine Coast,1600,4-6,dry,1-3m,56,0.48
Sunshine Coast,1600,4-6,dry,10m+,6,0.685
Sunshine Coast,1600,4-6,dry,4-6m,90,0.459
Sunshine Coast,1600,4-6,dry,7-9m,104,0.497
Sunshine Coast,1600,4-6,dry,true,62,0.471
Sunshine Coast,1600,4-6,heavy,1-3m,12,0.515
Sunshine Coast,1600,4-6,heavy,10m+,6,0.591
Sunshine Coast,1600,4-6,heavy,7-9m,18,0.496
Sunshine Coast,1600,4-6,heavy,true,11,0.574
Sunshine Coast,1600,4-6,soft,1-3m,24,0.526
Sunshine Coast,1600,4-6,soft,10m+,30,0.456
Sunshine Coast,1600,4-6,soft,4-6m,54,0.491
Sunshine Coast,1600,4-6,soft,7-9m,44,0.55
Sunshine Coast,1600,4-6,soft,true,39,0.428
Sunshine Coast,1600,7-9,dry,1-3m,48,0.528
Sunshine Coast,1600,7-9,dry,10m+,6,0.278
Sunshine Coast,1600,7-9,dry,4-6m,72,0.55
Sunshine Coast,1600,7-9,dry,7-9m,85,0.54
Sunshine Coast,1600,7-9,dry,true,55,0.495
Sunshine Coast,1600,7-9,heavy,1-3m,11,0.38
Sunshine Coast,1600,7-9,heavy,10m+,3,0.484
Sunshine Coast,1600,7-9,heavy,7-9m,10,0.579
Sunshine Coast,1600,7-9,heavy,true,9,0.651
Sunshine Coast,1600,7-9,soft,1-3m,20,0.456
Sunshine Coast,1600,7-9,soft,10m+,24,0.532
Sunshine Coast,1600,7-9,soft,4-6m,49,0.542
Sunshine Coast,1600,7-9,soft,7-9m,36,0.485
Sunshine Coast,1600,7-9,soft,true,33,0.567
Sunshine Coast,1800,1-3,dry,1-3m,42,0.386
Sunshine Coast,1800,1-3,dry,10m+,9,0.396
Sunshine Coast,1800,1-3,dry,4-6m,53,0.444
Sunshine Coast,1800,1-3,dry,7-9m,76,0.409
Sunshine Coast,1800,1-3,dry,true,65,0.427
Sunshine Coast,1800,1-3,heavy,1-3m,9,0.426
Sunshine Coast,1800,1-3,heavy,10m+,12,0.588
Sunshine Coast,1800,1-3,heavy,4-6m,9,0.447
Sunshine Coast,1800,1-3,heavy,7-9m,29,0.519
Sunshine Coast,1800,1-3,heavy,true,18,0.556
Sunshine Coast,1800,1-3,soft,1-3m,39,0.486
Sunshine Coast,1800,1-3,soft,10m+,17,0.391
Sunshine Coast,1800,1-3,soft,4-6m,50,0.416
Sunshine Coast,1800,1-3,soft,7-9m,39,0.463
Sunshine Coast,1800,1-3,soft,true,30,0.359
Sunshine Coast,1800,10-12,dry,1-3m,13,0.593
Sunshine Coast,1800,10-12,dry,10m+,3,0.636
Sunshine Coast,1800,10-12,dry,4-6m,9,0.603
Sunshine Coast,1800,10-12,dry,7-9m,29,0.545
Sunshine Coast,1800,10-12,dry,true,30,0.491
Sunshine Coast,1800,10-12,heavy,1-3m,3,0.389
Sunshine Coast,1800,10-12,heavy,4-6m,6,0.491
Sunshine Coast,1800,10-12,heavy,7-9m,7,0.669
Sunshine Coast,1800,10-12,heavy,true,7,0.672
Sunshine Coast,1800,10-12,soft,1-3m,11,0.503
Sunshine Coast,1800,10-12,soft,10m+,7,0.618
Sunshine Coast,1800,10-12,soft,4-6m,25,0.593
Sunshine Coast,1800,10-12,soft,7-9m,23,0.591
Sunshine Coast,1800,10-12,soft,true,15,0.577
Sunshine Coast,1800,13+,dry,1-3m,2,0.731
Sunshine Coast,1800,13+,dry,4-6m,4,0.485
Sunshine Coast,1800,13+,dry,7-9m,5,0.872
Sunshine Coast,1800,13+,dry,true,9,0.66
Sunshine Coast,1800,13+,heavy,1-3m,1,1.0
Sunshine Coast,1800,13+,heavy,4-6m,2,0.654
Sunshine Coast,1800,13+,heavy,true,3,0.405
Sunshine Coast,1800,13+,soft,4-6m,10,0.595
Sunshine Coast,1800,13+,soft,7-9m,3,0.432
Sunshine Coast,1800,13+,soft,true,6,0.716
Sunshine Coast,1800,4-6,dry,1-3m,40,0.427
Sunshine Coast,1800,4-6,dry,10m+,9,0.487
Sunshine Coast,1800,4-6,dry,4-6m,53,0.505
Sunshine Coast,1800,4-6,dry,7-9m,76,0.531
Sunshine Coast,1800,4-6,dry,true,66,0.505
Sunshine Coast,1800,4-6,heavy,1-3m,8,0.531
Sunshine Coast,1800,4-6,heavy,10m+,12,0.357
Sunshine Coast,1800,4-6,heavy,4-6m,9,0.456
Sunshine Coast,1800,4-6,heavy,7-9m,29,0.53
Sunshine Coast,1800,4-6,heavy,true,18,0.452
Sunshine Coast,1800,4-6,soft,1-3m,39,0.458
Sunshine Coast,1800,4-6,soft,10m+,18,0.48
Sunshine Coast,1800,4-6,soft,4-6m,50,0.466
Sunshine Coast,1800,4-6,soft,7-9m,39,0.481
Sunshine Coast,1800,4-6,soft,true,30,0.501
Sunshine Coast,1800,7-9,dry,1-3m,35,0.666
Sunshine Coast,1800,7-9,dry,10m+,6,0.608
Sunshine Coast,1800,7-9,dry,4-6m,36,0.523
Sunshine Coast,1800,7-9,dry,7-9m,58,0.532
Sunshine Coast,1800,7-9,dry,true,57,0.558
Sunshine Coast,1800,7-9,heavy,1-3m,4,0.562
Sunshine Coast,1800,7-9,heavy,10m+,5,0.607
Sunshine Coast,1800,7-9,heavy,4-6m,8,0.516
Sunshine Coast,1800,7-9,heavy,7-9m,15,0.293
Sunshine Coast,1800,7-9,heavy,true,12,0.412
Sunshine Coast,1800,7-9,soft,1-3m,29,0.575
Sunshine Coast,1800,7-9,soft,10m+,13,0.549
Sunshine Coast,1800,7-9,soft,4-6m,47,0.54
Sunshine Coast,1800,7-9,soft,7-9m,31,0.5
Sunshine Coast,1800,7-9,soft,true,23,0.558
Sunshine Coast,2200,1-3,dry,1-3m,12,0.462
Sunshine Coast,2200,1-3,dry,10m+,9,0.328
Sunshine Coast,2200,1-3,dry,4-6m,15,0.504
Sunshine Coast,2200,1-3,dry,7-9m,24,0.526
Sunshine Coast,2200,1-3,dry,true,27,0.456
Sunshine Coast,2200,1-3,heavy,1-3m,3,0.429
Sunshine Coast,2200,1-3,soft,1-3m,18,0.483
Sunshine Coast,2200,1-3,soft,10m+,6,0.441
Sunshine Coast,2200,1-3,soft,4-6m,32,0.429
Sunshine Coast,2200,1-3,soft,7-9m,9,0.386
Sunshine Coast,2200,1-3,soft,true,9,0.376
Sunshine Coast,2200,10-12,dry,1-3m,3,0.361
Sunshine Coast,2200,10-12,dry,10m+,4,0.722
Sunshine Coast,2200,10-12,dry,4-6m,1,0.556
Sunshine Coast,2200,10-12,dry,7-9m,9,0.487
Sunshine Coast,2200,10-12,dry,true,9,0.5
Sunshine Coast,2200,10-12,soft,1-3m,4,0.5
Sunshine Coast,2200,10-12,soft,10m+,4,0.611
Sunshine Coast,2200,10-12,soft,4-6m,12,0.584
Sunshine Coast,2200,10-12,soft,7-9m,1,1.0
Sunshine Coast,2200,10-12,soft,true,3,0.515
Sunshine Coast,2200,13+,dry,1-3m,1,0.25
Sunshine Coast,2200,13+,soft,4-6m,9,0.756
Sunshine Coast,2200,4-6,dry,1-3m,12,0.51
Sunshine Coast,2200,4-6,dry,10m+,8,0.489
Sunshine Coast,2200,4-6,dry,4-6m,14,0.461
Sunshine Coast,2200,4-6,dry,7-9m,23,0.476
Sunshine Coast,2200,4-6,dry,true,26,0.52
Sunshine Coast,2200,4-6,heavy,1-3m,3,0.667
Sunshine Coast,2200,4-6,soft,1-3m,18,0.462
Sunshine Coast,2200,4-6,soft,10m+,6,0.537
Sunshine Coast,2200,4-6,soft,4-6m,32,0.467
Sunshine Coast,2200,4-6,soft,7-9m,8,0.623
Sunshine Coast,2200,4-6,soft,true,8,0.418
Sunshine Coast,2200,7-9,dry,1-3m,5,0.7
Sunshine Coast,2200,7-9,dry,10m+,6,0.54
Sunshine Coast,2200,7-9,dry,4-6m,9,0.492
Sunshine Coast,2200,7-9,dry,7-9m,19,0.475
Sunshine Coast,2200,7-9,dry,true,21,0.5
Sunshine Coast,2200,7-9,heavy,1-3m,2,0.357
Sunshine Coast,2200,7-9,soft,1-3m,14,0.57
Sunshine Coast,2200,7-9,soft,10m+,6,0.448
Sunshine Coast,2200,7-9,soft,4-6m,24,0.516
Sunshine Coast,2200,7-9,soft,7-9m,5,0.41
Sunshine Coast,2200,7-9,soft,true,9,0.677
Sunshine Coast,2300,1-3,soft,10m+,3,0.296
Sunshine Coast,2300,10-12,soft,10m+,1,0.111
Sunshine Coast,2300,4-6,soft,10m+,3,0.741
Sunshine Coast,2300,7-9,soft,10m+,3,0.593
Sunshine Coast,2400,1-3,dry,1-3m,3,0.567
Sunshine Coast,2400,1-3,dry,true,9,0.406
Sunshine Coast,2400,1-3,heavy,true,6,0.546
Sunshine Coast,2400,1-3,soft,7-9m,3,0.378
Sunshine Coast,2400,1-3,soft,true,9,0.444
Sunshine Coast,2400,10-12,dry,1-3m,2,0.5
Sunshine Coast,2400,10-12,dry,true,6,0.556
Sunshine Coast,2400,10-12,heavy,true,4,0.465
Sunshine Coast,2400,10-12,soft,7-9m,3,0.689
Sunshine Coast,2400,10-12,soft,true,6,0.639
Sunshine Coast,2400,13+,dry,true,2,0.5
Sunshine Coast,2400,13+,heavy,true,1,0.083
Sunshine Coast,2400,13+,soft,7-9m,4,0.433
Sunshine Coast,2400,13+,soft,true,5,0.527
Sunshine Coast,2400,4-6,dry,1-3m,3,0.333
Sunshine Coast,2400,4-6,dry,true,9,0.545
Sunshine Coast,2400,4-6,heavy,true,6,0.611
Sunshine Coast,2400,4-6,soft,7-9m,3,0.756
Sunshine Coast,2400,4-6,soft,true,9,0.574
Sunshine Coast,2400,7-9,dry,1-3m,3,0.6
Sunshine Coast,2400,7-9,dry,true,8,0.513
Sunshine Coast,2400,7-9,heavy,true,6,0.435
Sunshine Coast,2400,7-9,soft,7-9m,3,0.267
Sunshine Coast,2400,7-9,soft,true,8,0.35
Toowoomba,900,1-3,dry,1-3m,38,0.458
Toowoomba,900,1-3,dry,4-6m,5,0.675
Toowoomba,900,1-3,dry,true,18,0.539
Toowoomba,900,1-3,heavy,true,6,0.457
Toowoomba,900,1-3,soft,1-3m,5,0.406
Toowoomba,900,10-12,dry,true,6,0.417
Toowoomba,900,10-12,heavy,true,3,0.364
Toowoomba,900,4-6,dry,1-3m,39,0.554
Toowoomba,900,4-6,dry,4-6m,5,0.325
Toowoomba,900,4-6,dry,true,17,0.421
Toowoomba,900,4-6,heavy,true,6,0.604
Toowoomba,900,4-6,soft,1-3m,6,0.519
Toowoomba,900,7-9,dry,1-3m,21,0.452
Toowoomba,900,7-9,dry,4-6m,6,0.5
Toowoomba,900,7-9,dry,true,14,0.536
Toowoomba,900,7-9,heavy,true,4,0.511
Toowoomba,900,7-9,soft,1-3m,2,0.857
Toowoomba,1000,1-3,dry,1-3m,206,0.418
Toowoomba,1000,1-3,dry,4-6m,146,0.436
Toowoomba,1000,1-3,dry,true,114,0.433
Toowoomba,1000,1-3,heavy,1-3m,6,0.454
Toowoomba,1000,1-3,heavy,4-6m,9,0.57
Toowoomba,1000,1-3,heavy,true,12,0.419
Toowoomba,1000,1-3,soft,1-3m,33,0.442
Toowoomba,1000,1-3,soft,4-6m,62,0.381
Toowoomba,1000,1-3,soft,true,11,0.518
Toowoomba,1000,10-12,dry,1-3m,43,0.579
Toowoomba,1000,10-12,dry,4-6m,14,0.501
Toowoomba,1000,10-12,dry,true,25,0.638
Toowoomba,1000,10-12,heavy,1-3m,1,0.333
Toowoomba,1000,10-12,heavy,4-6m,2,0.722
Toowoomba,1000,10-12,heavy,true,3,0.719
Toowoomba,1000,10-12,soft,1-3m,11,0.539
Toowoomba,1000,10-12,soft,4-6m,13,0.618
Toowoomba,1000,10-12,soft,true,2,0.9
Toowoomba,1000,13+,soft,1-3m,1,0.917
Toowoomba,1000,4-6,dry,1-3m,212,0.503
Toowoomba,1000,4-6,dry,4-6m,151,0.517
Toowoomba,1000,4-6,dry,true,106,0.531
Toowoomba,1000,4-6,heavy,1-3m,5,0.578
Toowoomba,1000,4-6,heavy,4-6m,9,0.559
Toowoomba,1000,4-6,heavy,true,12,0.489
Toowoomba,1000,4-6,soft,1-3m,33,0.47
Toowoomba,1000,4-6,soft,4-6m,61,0.535
Toowoomba,1000,4-6,soft,true,12,0.356
Toowoomba,1000,7-9,dry,1-3m,164,0.579
Toowoomba,1000,7-9,dry,4-6m,107,0.567
Toowoomba,1000,7-9,dry,true,83,0.5
Toowoomba,1000,7-9,heavy,1-3m,3,0.519
Toowoomba,1000,7-9,heavy,4-6m,8,0.3
Toowoomba,1000,7-9,heavy,true,10,0.544
Toowoomba,1000,7-9,soft,1-3m,28,0.574
Toowoomba,1000,7-9,soft,4-6m,55,0.564
Toowoomba,1000,7-9,soft,true,6,0.622
Toowoomba,1100,1-3,dry,1-3m,86,0.461
Toowoomba,1100,1-3,dry,4-6m,100,0.444
Toowoomba,1100,1-3,dry,true,75,0.419
Toowoomba,1100,1-3,heavy,4-6m,3,0.556
Toowoomba,1100,1-3,heavy,true,8,0.28
Toowoomba,1100,1-3,soft,1-3m,12,0.328
Toowoomba,1100,1-3,soft,4-6m,21,0.386
Toowoomba,1100,1-3,soft,true,15,0.476
Toowoomba,1100,10-12,dry,1-3m,22,0.564
Toowoomba,1100,10-12,dry,4-6m,29,0.51
Toowoomba,1100,10-12,dry,true,33,0.587
Toowoomba,1100,10-12,heavy,4-6m,1,0.556
Toowoomba,1100,10-12,heavy,true,3,0.333
Toowoomba,1100,10-12,soft,1-3m,6,0.664
Toowoomba,1100,10-12,soft,4-6m,2,0.25
Toowoomba,1100,10-12,soft,true,5,0.417
Toowoomba,1100,13+,dry,1-3m,2,0.577
Toowoomba,1100,13+,dry,4-6m,1,0.333
Toowoomba,1100,13+,dry,true,4,0.755
Toowoomba,1100,13+,soft,1-3m,2,0.808
Toowoomba,1100,13+,soft,true,2,0.538
Toowoomba,1100,4-6,dry,1-3m,84,0.495
Toowoomba,1100,4-6,dry,4-6m,101,0.525
Toowoomba,1100,4-6,dry,true,74,0.552
Toowoomba,1100,4-6,heavy,4-6m,3,0.556
Toowoomba,1100,4-6,heavy,true,9,0.513
Toowoomba,1100,4-6,soft,1-3m,12,0.592
Toowoomba,1100,4-6,soft,4-6m,21,0.558
Toowoomba,1100,4-6,soft,true,15,0.518
Toowoomba,1100,7-9,dry,1-3m,53,0.515
Toowoomba,1100,7-9,dry,4-6m,78,0.532
Toowoomba,1100,7-9,dry,true,61,0.457
Toowoomba,1100,7-9,heavy,4-6m,3,0.37
Toowoomba,1100,7-9,heavy,true,4,0.909
Toowoomba,1100,7-9,soft,1-3m,9,0.429
Toowoomba,1100,7-9,soft,4-6m,10,0.668
Toowoomba,1100,7-9,soft,true,12,0.536
Toowoomba,1200,1-3,dry,1-3m,197,0.422
Toowoomba,1200,1-3,dry,4-6m,125,0.447
Toowoomba,1200,1-3,dry,true,154,0.489
Toowoomba,1200,1-3,heavy,4-6m,2,0.278
Toowoomba,1200,1-3,heavy,true,24,0.451
Toowoomba,1200,1-3,soft,1-3m,51,0.474
Toowoomba,1200,1-3,soft,4-6m,57,0.432
Toowoomba,1200,1-3,soft,true,11,0.546
Toowoomba,1200,10-12,dry,1-3m,93,0.583
Toowoomba,1200,10-12,dry,4-6m,32,0.52
Toowoomba,1200,10-12,dry,true,69,0.499
Toowoomba,1200,10-12,heavy,4-6m,1,0.0
Toowoomba,1200,10-12,heavy,true,14,0.545
Toowoomba,1200,10-12,soft,1-3m,22,0.475
Toowoomba,1200,10-12,soft,4-6m,19,0.578
Toowoomba,1200,10-12,soft,true,10,0.391
Toowoomba,1200,13+,dry,1-3m,8,0.219
Toowoomba,1200,13+,dry,true,12,0.314
Toowoomba,1200,13+,heavy,true,2,0.231
Toowoomba,1200,13+,soft,1-3m,2,0.792
Toowoomba,1200,13+,soft,true,1,1.0
Toowoomba,1200,4-6,dry,1-3m,200,0.52
Toowoomba,1200,4-6,dry,4-6m,125,0.486
Toowoomba,1200,4-6,dry,true,153,0.509
Toowoomba,1200,4-6,heavy,4-6m,3,0.741
Toowoomba,1200,4-6,heavy,true,24,0.448
Toowoomba,1200,4-6,soft,1-3m,51,0.56
Toowoomba,1200,4-6,soft,4-6m,56,0.493
Toowoomba,1200,4-6,soft,true,12,0.509
Toowoomba,1200,7-9,dry,1-3m,177,0.528
Toowoomba,1200,7-9,dry,4-6m,103,0.587
Toowoomba,1200,7-9,dry,true,124,0.506
Toowoomba,1200,7-9,heavy,4-6m,3,0.704
Toowoomba,1200,7-9,heavy,true,24,0.597
Toowoomba,1200,7-9,soft,1-3m,41,0.468
Toowoomba,1200,7-9,soft,4-6m,51,0.534
Toowoomba,1200,7-9,soft,true,12,0.518
Toowoomba,1300,1-3,dry,1-3m,213,0.472
Toowoomba,1300,1-3,dry,4-6m,122,0.43
Toowoomba,1300,1-3,dry,true,137,0.438
Toowoomba,1300,1-3,heavy,4-6m,3,0.667
Toowoomba,1300,1-3,heavy,true,15,0.471
Toowoomba,1300,1-3,soft,1-3m,36,0.451
Toowoomba,1300,1-3,soft,4-6m,48,0.462
Toowoomba,1300,1-3,soft,true,15,0.501
Toowoomba,1300,10-12,dry,1-3m,41,0.398
Toowoomba,1300,10-12,dry,4-6m,10,0.544
Toowoomba,1300,10-12,dry,true,61,0.493
Toowoomba,1300,10-12,heavy,true,3,0.593
Toowoomba,1300,10-12,soft,1-3m,9,0.377
Toowoomba,1300,10-12,soft,4-6m,6,0.722
Toowoomba,1300,10-12,soft,true,8,0.668
Toowoomba,1300,4-6,dry,1-3m,212,0.541
Toowoomba,1300,4-6,dry,4-6m,121,0.495
Toowoomba,1300,4-6,dry,true,138,0.514
Toowoomba,1300,4-6,heavy,4-6m,3,0.417
Toowoomba,1300,4-6,heavy,true,15,0.506
Toowoomba,1300,4-6,soft,1-3m,36,0.457
Toowoomba,1300,4-6,soft,4-6m,47,0.518
Toowoomba,1300,4-6,soft,true,15,0.448
Toowoomba,1300,7-9,dry,1-3m,181,0.506
Toowoomba,1300,7-9,dry,4-6m,93,0.572
Toowoomba,1300,7-9,dry,true,120,0.557
Toowoomba,1300,7-9,heavy,4-6m,3,0.417
Toowoomba,1300,7-9,heavy,true,15,0.504
Toowoomba,1300,7-9,soft,1-3m,30,0.615
Toowoomba,1300,7-9,soft,4-6m,42,0.515
Toowoomba,1300,7-9,soft,true,15,0.455
Toowoomba,1600,1-3,dry,1-3m,177,0.497
Toowoomba,1600,1-3,dry,4-6m,99,0.511
Toowoomba,1600,1-3,dry,true,132,0.527
Toowoomba,1600,1-3,heavy,true,24,0.488
Toowoomba,1600,1-3,soft,1-3m,24,0.463
Toowoomba,1600,1-3,soft,4-6m,35,0.336
Toowoomba,1600,1-3,soft,true,15,0.532
Toowoomba,1600,10-12,dry,1-3m,11,0.442
Toowoomba,1600,10-12,dry,4-6m,3,0.556
Toowoomba,1600,10-12,dry,true,55,0.535
Toowoomba,1600,10-12,heavy,true,7,0.645
Toowoomba,1600,10-12,soft,1-3m,5,0.716
Toowoomba,1600,10-12,soft,true,12,0.402
Toowoomba,1600,4-6,dry,1-3m,177,0.509
Toowoomba,1600,4-6,dry,4-6m,98,0.528
Toowoomba,1600,4-6,dry,true,130,0.459
Toowoomba,1600,4-6,heavy,true,24,0.463
Toowoomba,1600,4-6,soft,1-3m,23,0.5
Toowoomba,1600,4-6,soft,4-6m,35,0.541
Toowoomba,1600,4-6,soft,true,15,0.596
Toowoomba,1600,7-9,dry,1-3m,142,0.499
Toowoomba,1600,7-9,dry,4-6m,72,0.471
Toowoomba,1600,7-9,dry,true,119,0.495
Toowoomba,1600,7-9,heavy,true,20,0.508
Toowoomba,1600,7-9,soft,1-3m,20,0.509
Toowoomba,1600,7-9,soft,4-6m,26,0.652
Toowoomba,1600,7-9,soft,true,14,0.438
Toowoomba,1800,1-3,dry,1-3m,23,0.52
Toowoomba,1800,1-3,dry,4-6m,19,0.549
Toowoomba,1800,1-3,dry,true,5,0.546
Toowoomba,1800,1-3,soft,1-3m,3,0.467
Toowoomba,1800,1-3,soft,true,3,0.394
Toowoomba,1800,10-12,soft,true,3,0.212
Toowoomba,1800,4-6,dry,1-3m,25,0.486
Toowoomba,1800,4-6,dry,4-6m,21,0.401
Toowoomba,1800,4-6,dry,true,6,0.616
Toowoomba,1800,4-6,soft,1-3m,3,0.533
Toowoomba,1800,4-6,soft,true,3,0.576
Toowoomba,1800,7-9,dry,1-3m,19,0.522
Toowoomba,1800,7-9,dry,4-6m,12,0.598
Toowoomba,1800,7-9,dry,true,5,0.414
Toowoomba,1800,7-9,soft,true,3,0.818
Toowoomba,1900,1-3,dry,1-3m,72,0.522
Toowoomba,1900,1-3,dry,4-6m,41,0.421
Toowoomba,1900,1-3,dry,true,51,0.403
Toowoomba,1900,1-3,heavy,1-3m,6,0.491
Toowoomba,1900,1-3,heavy,4-6m,3,0.556
Toowoomba,1900,1-3,heavy,true,6,0.467
Toowoomba,1900,1-3,soft,1-3m,12,0.686
Toowoomba,1900,1-3,soft,4-6m,9,0.333
Toowoomba,1900,1-3,soft,true,3,0.524
Toowoomba,1900,10-12,dry,1-3m,14,0.505
Toowoomba,1900,10-12,dry,4-6m,10,0.389
Toowoomba,1900,10-12,dry,true,11,0.497
Toowoomba,1900,10-12,heavy,1-3m,1,0.333
Toowoomba,1900,10-12,heavy,true,2,0.15
Toowoomba,1900,10-12,soft,1-3m,7,0.55
Toowoomba,1900,10-12,soft,4-6m,3,0.63
Toowoomba,1900,13+,dry,4-6m,2,0.423
Toowoomba,1900,4-6,dry,1-3m,72,0.485
Toowoomba,1900,4-6,dry,4-6m,43,0.527
Toowoomba,1900,4-6,dry,true,50,0.584
Toowoomba,1900,4-6,heavy,1-3m,6,0.435
Toowoomba,1900,4-6,heavy,4-6m,3,0.556
Toowoomba,1900,4-6,heavy,true,6,0.55
Toowoomba,1900,4-6,soft,1-3m,12,0.439
Toowoomba,1900,4-6,soft,4-6m,9,0.58
Toowoomba,1900,4-6,soft,true,3,0.476
Toowoomba,1900,7-9,dry,1-3m,49,0.468
Toowoomba,1900,7-9,dry,4-6m,38,0.6
Toowoomba,1900,7-9,dry,true,38,0.518
Toowoomba,1900,7-9,heavy,1-3m,4,0.653
Toowoomba,1900,7-9,heavy,4-6m,1,0.167
Toowoomba,1900,7-9,heavy,true,5,0.62
Toowoomba,1900,7-9,soft,1-3m,12,0.346
Toowoomba,1900,7-9,soft,4-6m,9,0.543
Toowoomba,1900,7-9,soft,true,2,0.5
Toowoomba,2000,1-3,dry,1-3m,21,0.517
Toowoomba,2000,1-3,dry,4-6m,14,0.55
Toowoomba,2000,1-3,dry,true,24,0.494
Toowoomba,2000,1-3,heavy,true,3,0.205
Toowoomba,2000,1-3,soft,1-3m,9,0.331
Toowoomba,2000,1-3,soft,4-6m,12,0.483
Toowoomba,2000,10-12,dry,1-3m,5,0.389
Toowoomba,2000,10-12,dry,4-6m,6,0.563
Toowoomba,2000,10-12,dry,true,10,0.437
Toowoomba,2000,10-12,heavy,true,3,0.744
Toowoomba,2000,10-12,soft,4-6m,3,0.53
Toowoomba,2000,13+,dry,1-3m,1,0.167
Toowoomba,2000,13+,dry,true,6,0.654
Toowoomba,2000,13+,heavy,true,2,0.962
Toowoomba,2000,4-6,dry,1-3m,21,0.489
Toowoomba,2000,4-6,dry,4-6m,14,0.422
Toowoomba,2000,4-6,dry,true,24,0.532
Toowoomba,2000,4-6,heavy,true,3,0.41
Toowoomba,2000,4-6,soft,1-3m,9,0.542
Toowoomba,2000,4-6,soft,4-6m,12,0.377
Toowoomba,2000,7-9,dry,1-3m,20,0.538
Toowoomba,2000,7-9,dry,4-6m,13,0.401
Toowoomba,2000,7-9,dry,true,20,0.451
Toowoomba,2000,7-9,heavy,true,3,0.333
Toowoomba,2000,7-9,soft,1-3m,6,0.69
Toowoomba,2000,7-9,soft,4-6m,11,0.644
Toowoomba,2200,1-3,dry,1-3m,20,0.498
Toowoomba,2200,1-3,dry,4-6m,14,0.518
Toowoomba,2200,1-3,dry,true,9,0.552
Toowoomba,2200,1-3,soft,1-3m,9,0.548
Toowoomba,2200,1-3,soft,4-6m,11,0.422
Toowoomba,2200,10-12,dry,1-3m,3,0.667
Toowoomba,2200,10-12,dry,4-6m,4,0.667
Toowoomba,2200,10-12,dry,true,4,0.667
Toowoomba,2200,10-12,soft,4-6m,1,0.111
Toowoomba,2200,13+,dry,true,1,0.25
Toowoomba,2200,4-6,dry,1-3m,21,0.49
Toowoomba,2200,4-6,dry,4-6m,13,0.532
Toowoomba,2200,4-6,dry,true,9,0.417
Toowoomba,2200,4-6,soft,1-3m,9,0.492
Toowoomba,2200,4-6,soft,4-6m,11,0.558
Toowoomba,2200,7-9,dry,1-3m,16,0.492
Toowoomba,2200,7-9,dry,4-6m,11,0.426
Toowoomba,2200,7-9,dry,true,6,0.477
Toowoomba,2200,7-9,soft,1-3m,6,0.439
Toowoomba,2200,7-9,soft,4-6m,5,0.511
Townsville,1000,1-3,dry,1-3m,30,0.437
Townsville,1000,1-3,dry,4-6m,149,0.442
Townsville,1000,1-3,dry,7-9m,18,0.611
Townsville,1000,1-3,dry,true,140,0.435
Townsville,1000,1-3,heavy,4-6m,9,0.602
Townsville,1000,1-3,soft,1-3m,41,0.457
Townsville,1000,1-3,soft,4-6m,118,0.472
Townsville,1000,1-3,soft,7-9m,30,0.39
Townsville,1000,1-3,soft,true,108,0.451
Townsville,1000,10-12,dry,1-3m,14,0.586
Townsville,1000,10-12,dry,4-6m,54,0.571
Townsville,1000,10-12,dry,7-9m,4,0.075
Townsville,1000,10-12,dry,true,79,0.554
Townsville,1000,10-12,heavy,4-6m,3,0.303
Townsville,1000,10-12,soft,1-3m,11,0.747
Townsville,1000,10-12,soft,4-6m,51,0.461
Townsville,1000,10-12,soft,7-9m,2,0.389
Townsville,1000,10-12,soft,true,59,0.497
Townsville,1000,13+,dry,1-3m,2,0.833
Townsville,1000,13+,dry,4-6m,11,0.632
Townsville,1000,13+,dry,true,34,0.556
Townsville,1000,13+,soft,1-3m,6,0.455
Townsville,1000,13+,soft,4-6m,10,0.525
Townsville,1000,13+,soft,true,16,0.61
Townsville,1000,4-6,dry,1-3m,31,0.503
Townsville,1000,4-6,dry,4-6m,151,0.493
Townsville,1000,4-6,dry,7-9m,18,0.497
Townsville,1000,4-6,dry,true,146,0.493
Townsville,1000,4-6,heavy,4-6m,9,0.568
Townsville,1000,4-6,soft,1-3m,44,0.472
Townsville,1000,4-6,soft,4-6m,121,0.536
Townsville,1000,4-6,soft,7-9m,29,0.547
Townsville,1000,4-6,soft,true,106,0.483
Townsville,1000,7-9,dry,1-3m,24,0.422
Townsville,1000,7-9,dry,4-6m,114,0.513
Townsville,1000,7-9,dry,7-9m,15,0.483
Townsville,1000,7-9,dry,true,121,0.518
Townsville,1000,7-9,heavy,4-6m,8,0.383
Townsville,1000,7-9,soft,1-3m,35,0.515
Townsville,1000,7-9,soft,4-6m,100,0.513
Townsville,1000,7-9,soft,7-9m,17,0.621
Townsville,1000,7-9,soft,true,84,0.567
Townsville,1200,1-3,dry,1-3m,33,0.359
Townsville,1200,1-3,dry,4-6m,129,0.454
Townsville,1200,1-3,dry,7-9m,14,0.464
Townsville,1200,1-3,dry,true,105,0.391
Townsville,1200,1-3,heavy,1-3m,3,0.714
Townsville,1200,1-3,heavy,4-6m,3,0.267
Townsville,1200,1-3,soft,1-3m,36,0.451
Townsville,1200,1-3,soft,4-6m,107,0.482
Townsville,1200,1-3,soft,7-9m,35,0.397
Townsville,1200,1-3,soft,true,72,0.406
Townsville,1200,10-12,dry,1-3m,17,0.574
Townsville,1200,10-12,dry,4-6m,50,0.547
Townsville,1200,10-12,dry,7-9m,4,0.422
Townsville,1200,10-12,dry,true,56,0.585
Townsville,1200,10-12,heavy,4-6m,2,0.95
Townsville,1200,10-12,soft,1-3m,5,0.586
Townsville,1200,10-12,soft,4-6m,43,0.517
Townsville,1200,10-12,soft,7-9m,22,0.424
Townsville,1200,10-12,soft,true,51,0.503
Townsville,1200,13+,dry,1-3m,6,0.67
Townsville,1200,13+,dry,4-6m,8,0.626
Townsville,1200,13+,dry,true,26,0.622
Townsville,1200,13+,soft,1-3m,2,0.885
Townsville,1200,13+,soft,4-6m,7,0.706
Townsville,1200,13+,soft,true,28,0.618
Townsville,1200,4-6,dry,1-3m,33,0.501
Townsville,1200,4-6,dry,4-6m,136,0.475
Townsville,1200,4-6,dry,7-9m,14,0.493
Townsville,1200,4-6,dry,true,106,0.484
Townsville,1200,4-6,heavy,1-3m,3,0.381
Townsville,1200,4-6,heavy,4-6m,3,0.367
Townsville,1200,4-6,soft,1-3m,34,0.499
Townsville,1200,4-6,soft,4-6m,110,0.454
Townsville,1200,4-6,soft,7-9m,34,0.573
Townsville,1200,4-6,soft,true,79,0.492
Townsville,1200,7-9,dry,1-3m,32,0.573
Townsville,1200,7-9,dry,4-6m,114,0.576
Townsville,1200,7-9,dry,7-9m,14,0.561
Townsville,1200,7-9,dry,true,94,0.545
Townsville,1200,7-9,heavy,1-3m,1,0.571
Townsville,1200,7-9,heavy,4-6m,3,0.567
Townsville,1200,7-9,soft,1-3m,25,0.524
Townsville,1200,7-9,soft,4-6m,88,0.558
Townsville,1200,7-9,soft,7-9m,34,0.594
Townsville,1200,7-9,soft,true,72,0.531
Townsville,1300,1-3,dry,1-3m,3,0.545
Townsville,1300,1-3,dry,4-6m,17,0.421
Townsville,1300,1-3,dry,7-9m,6,0.4
Townsville,1300,1-3,dry,true,58,0.422
Townsville,1300,1-3,soft,1-3m,6,0.41
Townsville,1300,1-3,soft,4-6m,26,0.429
Townsville,1300,1-3,soft,7-9m,9,0.472
Townsville,1300,1-3,soft,true,15,0.384
Townsville,1300,10-12,dry,1-3m,3,0.485
Townsville,1300,10-12,dry,4-6m,6,0.881
Townsville,1300,10-12,dry,7-9m,5,0.576
Townsville,1300,10-12,dry,true,48,0.578
Townsville,1300,10-12,soft,1-3m,3,0.583
Townsville,1300,10-12,soft,4-6m,18,0.621
Townsville,1300,10-12,soft,7-9m,2,0.55
Townsville,1300,10-12,soft,true,7,0.804
Townsville,1300,13+,dry,true,37,0.57
Townsville,1300,13+,soft,1-3m,1,0.667
Townsville,1300,13+,soft,4-6m,3,0.556
Townsville,1300,4-6,dry,1-3m,3,0.515
Townsville,1300,4-6,dry,4-6m,16,0.469
Townsville,1300,4-6,dry,7-9m,6,0.341
Townsville,1300,4-6,dry,true,60,0.477
Townsville,1300,4-6,soft,1-3m,6,0.5
Townsville,1300,4-6,soft,4-6m,26,0.52
Townsville,1300,4-6,soft,7-9m,8,0.494
Townsville,1300,4-6,soft,true,15,0.452
Townsville,1300,7-9,dry,1-3m,3,0.455
Townsville,1300,7-9,dry,4-6m,13,0.551
Townsville,1300,7-9,dry,7-9m,5,0.707
Townsville,1300,7-9,dry,true,55,0.477
Townsville,1300,7-9,soft,1-3m,6,0.521
Townsville,1300,7-9,soft,4-6m,24,0.434
Townsville,1300,7-9,soft,7-9m,3,0.567
Townsville,1300,7-9,soft,true,14,0.524
Townsville,1400,1-3,dry,1-3m,26,0.525
Townsville,1400,1-3,dry,4-6m,104,0.476
Townsville,1400,1-3,dry,7-9m,12,0.445
Townsville,1400,1-3,dry,true,75,0.423
Townsville,1400,1-3,heavy,1-3m,3,0.167
Townsville,1400,1-3,soft,1-3m,23,0.496
Townsville,1400,1-3,soft,4-6m,70,0.423
Townsville,1400,1-3,soft,7-9m,15,0.27
Townsville,1400,1-3,soft,true,62,0.492
Townsville,1400,10-12,dry,1-3m,1,0.0
Townsville,1400,10-12,dry,4-6m,33,0.632
Townsville,1400,10-12,dry,7-9m,6,0.781
Townsville,1400,10-12,dry,true,46,0.55
Townsville,1400,10-12,soft,1-3m,10,0.347
Townsville,1400,10-12,soft,4-6m,28,0.539
Townsville,1400,10-12,soft,7-9m,14,0.655
Townsville,1400,10-12,soft,true,19,0.555
Townsville,1400,13+,dry,4-6m,7,0.421
Townsville,1400,13+,dry,7-9m,1,0.083
Townsville,1400,13+,dry,true,35,0.443
Townsville,1400,13+,soft,1-3m,4,0.536
Townsville,1400,13+,soft,4-6m,3,0.536
Townsville,1400,13+,soft,7-9m,4,0.729
Townsville,1400,13+,soft,true,6,0.487
Townsville,1400,4-6,dry,1-3m,26,0.471
Townsville,1400,4-6,dry,4-6m,103,0.567
Townsville,1400,4-6,dry,7-9m,12,0.431
Townsville,1400,4-6,dry,true,76,0.512
Townsville,1400,4-6,heavy,1-3m,3,0.722
Townsville,1400,4-6,soft,1-3m,24,0.542
Townsville,1400,4-6,soft,4-6m,68,0.514
Townsville,1400,4-6,soft,7-9m,15,0.408
Townsville,1400,4-6,soft,true,60,0.439
Townsville,1400,7-9,dry,1-3m,13,0.507
Townsville,1400,7-9,dry,4-6m,79,0.392
Townsville,1400,7-9,dry,7-9m,11,0.52
Townsville,1400,7-9,dry,true,68,0.568
Townsville,1400,7-9,heavy,1-3m,1,0.833
Townsville,1400,7-9,soft,1-3m,18,0.536
Townsville,1400,7-9,soft,4-6m,60,0.559
Townsville,1400,7-9,soft,7-9m,15,0.617
Townsville,1400,7-9,soft,true,43,0.55
Townsville,1600,1-3,dry,1-3m,9,0.427
Townsville,1600,1-3,dry,4-6m,57,0.496
Townsville,1600,1-3,dry,7-9m,3,0.567
Townsville,1600,1-3,dry,true,53,0.437
Townsville,1600,1-3,soft,1-3m,6,0.204
Townsville,1600,1-3,soft,4-6m,50,0.399
Townsville,1600,1-3,soft,7-9m,18,0.491
Townsville,1600,1-3,soft,true,44,0.516
Townsville,1600,10-12,dry,4-6m,8,0.6
Townsville,1600,10-12,dry,7-9m,2,0.2
Townsville,1600,10-12,dry,true,32,0.463
Townsville,1600,10-12,soft,4-6m,16,0.564
Townsville,1600,10-12,soft,7-9m,4,0.7
Townsville,1600,10-12,soft,true,15,0.42
Townsville,1600,13+,dry,true,12,0.685
Townsville,1600,13+,soft,4-6m,1,1.0
Townsville,1600,13+,soft,true,7,0.466
Townsville,1600,4-6,dry,1-3m,9,0.558
Townsville,1600,4-6,dry,4-6m,58,0.503
Townsville,1600,4-6,dry,7-9m,3,0.667
Townsville,1600,4-6,dry,true,53,0.506
Townsville,1600,4-6,soft,1-3m,6,0.754
Townsville,1600,4-6,soft,4-6m,50,0.561
Townsville,1600,4-6,soft,7-9m,18,0.448
Townsville,1600,4-6,soft,true,43,0.597
Townsville,1600,7-9,dry,1-3m,5,0.529
Townsville,1600,7-9,dry,4-6m,34,0.481
Townsville,1600,7-9,dry,7-9m,3,0.467
Townsville,1600,7-9,dry,true,48,0.522
Townsville,1600,7-9,soft,1-3m,2,0.812
Townsville,1600,7-9,soft,4-6m,34,0.506
Townsville,1600,7-9,soft,7-9m,13,0.523
Townsville,1600,7-9,soft,true,37,0.418
Townsville,2000,1-3,dry,1-3m,3,0.767
Townsville,2000,1-3,dry,4-6m,6,0.383
Townsville,2000,1-3,dry,true,21,0.341
Townsville,2000,1-3,soft,4-6m,6,0.403
Townsville,2000,1-3,soft,true,3,0.3
Townsville,2000,10-12,dry,1-3m,2,0.85
Townsville,2000,10-12,dry,4-6m,2,0.35
Townsville,2000,10-12,dry,true,18,0.586
Townsville,2000,10-12,soft,true,2,0.7
Townsville,2000,13+,dry,true,19,0.594
Townsville,2000,4-6,dry,1-3m,3,0.4
Townsville,2000,4-6,dry,4-6m,6,0.567
Townsville,2000,4-6,dry,true,20,0.498
Townsville,2000,4-6,soft,4-6m,5,0.717
Townsville,2000,4-6,soft,true,3,0.6
Townsville,2000,7-9,dry,1-3m,3,0.1
Townsville,2000,7-9,dry,4-6m,3,0.7
Townsville,2000,7-9,dry,true,19,0.475
Townsville,2000,7-9,soft,4-6m,1,0.0
Townsville,2000,7-9,soft,true,3,0.467
Warwick,800,1-3,dry,true,36,0.597
Warwick,800,1-3,soft,true,18,0.574
Warwick,800,10-12,dry,true,15,0.317
Warwick,800,10-12,soft,true,2,0.0
Warwick,800,4-6,dry,true,35,0.443
Warwick,800,4-6,soft,true,18,0.437
Warwick,800,7-9,dry,true,32,0.522
Warwick,800,7-9,soft,true,11,0.573
Warwick,1100,1-3,dry,true,27,0.429
Warwick,1100,1-3,soft,true,6,0.593
Warwick,1100,10-12,dry,true,8,0.431
Warwick,1100,10-12,soft,true,3,0.59
Warwick,1100,13+,soft,true,2,0.269
Warwick,1100,4-6,dry,true,27,0.559
Warwick,1100,4-6,soft,true,6,0.481
Warwick,1100,7-9,dry,true,25,0.531
Warwick,1100,7-9,soft,true,6,0.458
Warwick,1200,1-3,dry,true,42,0.435
Warwick,1200,1-3,soft,true,9,0.447
Warwick,1200,10-12,dry,true,21,0.546
Warwick,1200,10-12,soft,true,3,0.826
Warwick,1200,13+,dry,true,7,0.668
Warwick,1200,4-6,dry,true,42,0.513
Warwick,1200,4-6,soft,true,9,0.621
Warwick,1200,7-9,dry,true,40,0.501
Warwick,1200,7-9,soft,true,9,0.323
Warwick,1400,1-3,dry,true,63,0.448
Warwick,1400,1-3,soft,true,11,0.518
Warwick,1400,10-12,dry,true,35,0.68
Warwick,1400,10-12,soft,true,9,0.699
Warwick,1400,13+,dry,true,9,0.646
Warwick,1400,13+,soft,true,4,0.652
Warwick,1400,4-6,dry,true,62,0.42
Warwick,1400,4-6,soft,true,12,0.4
Warwick,1400,7-9,dry,true,54,0.508
Warwick,1400,7-9,soft,true,9,0.289
Warwick,1500,1-3,dry,true,27,0.525
Warwick,1500,1-3,soft,true,9,0.476
Warwick,1500,10-12,dry,true,20,0.424
Warwick,1500,10-12,soft,true,6,0.577
Warwick,1500,13+,dry,true,7,0.687
Warwick,1500,13+,soft,true,2,0.423
Warwick,1500,4-6,dry,true,27,0.485
Warwick,1500,4-6,soft,true,9,0.487
Warwick,1500,7-9,dry,true,26,0.517
Warwick,1500,7-9,soft,true,9,0.503
Warwick,2000,1-3,dry,true,3,0.714
Warwick,2000,4-6,dry,true,3,0.476
Warwick,2000,7-9,dry,true,2,0.214
