tree
version=v4
num_class=1
num_tree_per_iteration=1
label_index=0
max_feature_idx=35
objective=binary sigmoid:1
feature_names=field_size distance going_n weightCarried wt_rel barrier bar_rel horse_age sex cls trk nruns w1 w2 w3 wavg3 wbest wavg_all wavg3_rel wavg3_mean days pwin lastfin lastmarg lastpm avgpm last_res_vs_mkt dist_ch wt_ch j_wr j_n j_ex t_wr t_n t_ex rank_m
feature_infos=[5:24] [800:5500] [1:10] [49:79.5] [-8.8999999999999986:11.928571428571431] [0:24] [0:2] [2:12] [-1:5] [0:118] [0:373] [0:141] [3:121] [3:112] [3:122] [3:108.96666666666665] [3:122] [3:108] [-79.900000000000006:0] [-59.364102564102566:36.299999999999997] [1:1848] [0:1] [1:24] [-12:99.989999999999995] [0.0026900223949535835:0.82690146584832735] [0.0027693815043080272:0.77572438537811228] [-0.78020805548146166:0.99591849542655431] [-3050:3000] [-21:24] [0.0092485549132947983:0.32268041237113404] [0:5602] [-0.077958721770332903:0.11894037341967535] [0.005228758169934641:0.37555555555555553] [0:14844] [-0.088536886388466601:0.13301887001128959] [1:20]
tree_sizes=1826 1820 1832 1829 1843 1826 1829 1839 1825 1838 1831 1834 1849 1803 1829 1834 1825 1839 1825 1827 1818 1825 1837 1827 1820 1831 1839 1838 1828 1842 1809 1834 1835 1829 1829 1832 1831 1823 1823 1831 1830 1823 1824 1829 1832 1823 1833 1822 1824 1834 1828 1835 1822 1827 1833 1824 1833 1817 1828 1835 1812 1827 1826 1837 1835 1825 1832 1836 1813 1828 1821 1823 1830 1827 1820 1821 1817 1819 1837 1829 1826 1820 1817 1822 1833 1820 1830 1831 1825 1832 1826 1822 1836 1825 1822 1811 1807 1814 1825 1804 1837 1821 1829 1829 1840 1831 1833 1837 1833 1833 1823 1821 1832 1834 1822 1818 1816 1824 1837 1834 1813 1826 1825 1822 1837 1812 1836 1815 1819 1823 1834 1811 1828 1822 1828 1841 1804 1823 1830 1846 1828 1809 1834 1822 1780 1822 1825 1811 1809 1833 1817 1828 1834 1818 1826 1822 1839 1820 1810 1807 1818 1818 1832 1822 1828 1815 1805 1812 1834 1829 1810 1821 1836 1815 1818 1809 1807 1824 1815 1816 1808 1804 1807 1832 1838 1825 1829 1806 1828 1823 1821 1826 1815 1819 1826 1832 1816 1820 1812 1822 1807 1814 1834 1821 1819 1814 1818 1815 1811 1838 1816 1811 1816 1824 1828 1826 1804 1826 1830 1815 1820 1801 1820 1807 1814 1836 1833 1821 1818 1813 1815 1842 1812 1827 1821 1819 1826 1826 1815 1821 1810 1827 1805 1815 1819 1822 1821 1829 1803 1819 1825 1817 1815 1802 1816 1833 1827 1827 1830 1815 1844 1823 1836 1826 1812 1815 1828 1822 1818 1803 1823 1811 1807 1822 1792 1812 1827 1819 1820 1811 1799 1793 1826 1807 1839 1802 1816 1813 1815 1818 1815 1809 1817 1792 1835 1817 1817 1832 1810 1833 1803 1811 1821 1806 1818 1803 1834 1822 1841 1816 1809 1801 1815 1823 1822 1818 1833 1818 1790 1833 1809 1823 1835 1804 1827 1845 1820 1816 1801 1830 1842 1832 1827 1812 1823 1797 1808 1819 1816 1838 1819 1805 1818

Tree=0
num_leaves=15
num_cat=0
split_feature=35 35 17 18 35 8 19 19 8 31 14 10 16 29
split_gain=424.033 129.252 48.6151 41.7839 27.8264 27.407 15.1893 14.442 13.5157 13.091 12.4223 11.7198 11.1455 11.0224
threshold=1.5000000000000002 6.5000000000000009 58.001898734177225 -14.766666666666675 2.5000000000000004 1.5000000000000002 8.1499999999999968 9.2133333333333365 1.0000000180025095e-35 0.00097125114595688613 76.050000000000011 204.50000000000003 86.15000000000002 0.079674133067861308
decision_type=2 2 8 10 2 2 10 10 2 10 8 2 10 10
left_child=6 2 -2 -3 7 8 13 10 -6 -9 11 12 -4 -1
right_child=1 3 4 -5 5 -7 -8 9 -10 -11 -12 -13 -14 -15
leaf_value=0.0010583771501854139 -0.0062408695167722695 -0.008918695046257195 0.0020010907446666292 -0.0036920327585153959 -0.0027877051962992235 -0.00077005731596015777 0.005621510526523211 0.0004382278215909961 -0.0081722138063200014 0.0061037720932143047 -0.00055244307989312002 -0.00014150269537894681 0.0077477624475219492 0.0039156984300254454
leaf_weight=1432.3265350013971 1343.3318168362603 1893.8012891719118 1797.3773874603212 5279.3846874433802 1928.4012941131368 21741.944807318505 4853.8990452215075 710.44029428809881 528.79397566709667 728.28996403887868 6532.5467857420444 1946.2245194613934 333.51175335794687 10048.052790783346
leaf_count=7448 17754 101636 11839 168105 25094 260308 22258 4267 6489 4306 42524 12857 2192 50091
internal_value=6.1747e-05 -0.00144824 -0.000740922 -0.00512411 -0.000528778 -0.00111453 0.00419165 0.000647435 -0.00408633 0.00341482 0.000257904 0.00154725 0.00305753 0.00356535
internal_weight=61098.3 44764 37590.9 7173.19 36247.5 24199.1 16334.3 12048.4 2457.2 1438.73 10609.7 4077.11 2130.89 11480.4
internal_count=737168 657371 387630 269741 369876 291891 79797 77985 31583 8573 69412 26888 14031 57539
is_linear=0
shrinkage=0.03


Tree=1
num_leaves=15
num_cat=0
split_feature=35 35 35 19 16 12 16 23 19 8 8 29 5 21
split_gain=366.742 97.7201 71.5275 30.7879 27.3666 19.1152 18.165 15.1858 17.8988 14.0177 15.3339 13.6385 13.0366 15.2228
threshold=2.5000000000000004 6.5000000000000009 1.5000000000000002 -2.919246031746034 72.65000000000002 56.150000000000013 65.950000000000017 -1.2949999999999997 5.5018749999999921 1.5000000000000002 1.0000000180025095e-35 0.11823349089073472 11.500000000000002 0.12365342291208156
decision_type=2 2 2 10 10 8 8 8 8 2 2 10 2 10
left_child=2 4 7 11 5 -2 -4 -1 -9 10 -6 -3 -11 -14
right_child=1 3 6 -5 9 -7 -8 8 -10 12 -12 -13 13 -15
leaf_value=0.0065366891245303262 -0.0075738302486179727 -0.0084928868085534757 -0.0062042506943396575 -0.0034166798389159343 0.0061590288589201351 -0.0023613160703630635 0.0010132441037913732 0.0022226165173951642 0.0043941417923133467 -0.00071233311403168307 -0.0074877215408695611 -0.0031903376485316929 -0.0013851723750662073 0.0077356406862437469
leaf_weight=1726.5442329794168 706.78961863741279 2414.7862772422377 272.88220180943608 4104.2333310488902 49.130366515368223 4602.9726266690996 12055.607716031373 5938.4950080215931 8650.9601968154311 18921.556272717658 416.20564035931602 631.71720803924836 279.36694885510951 310.41498999018222
leaf_count=8140 10860 122617 1802 122908 563 61866 77982 30674 40818 222902 4840 24262 3566 3906
internal_value=8.72802e-05 -0.0020957 0.00255864 -0.00518027 -0.00121491 -0.00311934 0.000829075 0.00385898 0.00352085 -0.00070219 -0.00558911 -0.00746263 -0.000571651 0.0036447
internal_weight=61081.7 32437.2 28644.5 7150.74 25286.4 5309.76 12328.5 16316 14589.5 19976.7 465.336 3046.5 19511.3 589.782
internal_count=737706 578290 159416 269787 308503 72726 79784 79632 71492 235777 5403 146879 230374 7472
is_linear=0
shrinkage=0.03


Tree=2
num_leaves=15
num_cat=0
split_feature=35 35 18 16 35 18 18 11 34 35 16 12 35 25
split_gain=356.748 111.944 41.0884 33.4788 22.9806 18.2301 14.1394 13.5998 13.0631 12.7621 12.7529 12.2859 11.252 13.0985
threshold=1.5000000000000002 5.5000000000000009 -13.566666666666672 72.65000000000002 2.5000000000000004 -6.2666666666666471 -2.4333333333333296 3.5000000000000004 0.010798861957652749 8.5000000000000018 59.45000000000001 73.750000000000014 3.5000000000000004 0.15406656762674178
decision_type=2 2 10 8 2 10 8 2 2 2 10 8 2 8
left_child=6 3 -3 5 11 7 -1 10 -6 -4 -2 -5 13 -10
right_child=1 2 9 4 8 -7 -8 -9 12 -11 -12 -13 -14 -15
leaf_value=0.002411304353628027 -0.0078434374893913035 -0.0069794976492688733 -0.0022245045575463264 0.0025665476907123681 -0.00128933544607527 -0.00049757813530332251 0.004366870778352596 -0.0070172880100626825 0.0041142139142607715 -0.0052282393562098481 -0.00076209734999587385 0.00029035957284184109 -0.00078875996652839951 -0.00078480234357668937
leaf_weight=5041.9881130084395 250.97315643727779 3037.2096596742049 6345.6536641252751 2823.4883933141828 14125.283757329918 1492.2630051346496 11279.325390338898 1158.9368519829586 1209.2490030154586 1610.3151705737691 1011.531523023732 8357.0074083246291 2442.5612925812602 782.53592781722546
leaf_count=25968 3097 135367 138421 18556 152384 13065 53566 13327 10263 71123 11541 53697 30263 6573
internal_value=-1.67592e-05 -0.00140445 -0.00402555 -0.000543552 -0.000198028 -0.00313356 0.00377197 -0.00471511 -0.000844471 -0.00286133 -0.00241497 0.000874049 0.000571189 0.00221739
internal_weight=60968.3 44647 10993.2 33653.8 29740.1 3913.7 16321.3 2421.44 18559.6 7955.97 1262.5 11180.5 4434.35 1991.78
internal_count=737211 657677 344911 312766 271736 41030 79534 27965 199483 209544 14638 72253 47099 16836
is_linear=0
shrinkage=0.03


Tree=3
num_leaves=15
num_cat=0
split_feature=35 35 18 17 35 19 19 30 16 29 32 18 13 34
split_gain=371.38 126.102 44.0819 33.1754 22.8896 18.8817 16.7304 16.5848 13.4693 14.1912 13.3526 12.51 20.3244 15.303
threshold=1.5000000000000002 6.5000000000000009 -13.458333333333334 55.589181286549717 2.5000000000000004 8.1499999999999968 7.8608585858585807 2331.5000000000005 78.350000000000009 0.082732683536247617 0.1286490173666163 -2.9000000000000017 68.450000000000017 0.00049623268465923132
decision_type=2 2 10 8 2 10 10 10 8 10 2 10 8 2
left_child=5 3 -3 -2 6 8 -5 11 9 -1 -10 13 -13 -6
right_child=1 2 -4 4 7 -7 -8 -9 10 -11 -12 12 -14 -15
leaf_value=-0.0033590886783760646 -0.0064425764678021583 -0.0086449904745426968 -0.0034814459470253016 -9.9877264658978522e-05 -0.0021890122735283221 0.0054018102274519903 0.0027261078997979455 -0.0030262831627430103 0.0049046029918850698 0.0022499918175316819 0.0025643715855984683 0.0056440913938287894 -0.00022528462470095817 -0.00029971860304931527
leaf_weight=474.044628277421 854.5660995496437 2177.0295212434139 4908.3053393177979 9884.6194006241858 7821.6179544052575 4839.4690226316452 2278.8907500058413 3577.1969609674998 4156.8534170240164 1784.1372194513679 5094.6266521066427 544.1610818579793 4963.6349853845313 7604.3636584770866
leaf_count=2468 11685 116004 153866 64859 102514 22113 13752 42749 21232 8876 24925 5421 50828 95846
internal_value=-4.35951e-05 -0.00146121 -0.00511745 -0.000765036 -0.00062415 0.00381753 0.000438577 -0.00115134 0.0031309 0.00102526 0.00363659 -0.000824504 0.000400159 -0.00126165
internal_weight=60963.5 44614.4 7085.33 37529.1 36674.5 16349.1 12163.5 24511 11509.7 2258.18 9251.48 20933.8 5507.8 15426
internal_count=737138 657524 269870 387654 375969 79614 78611 297358 57501 11344 46157 254609 56249 198360
is_linear=0
shrinkage=0.03


Tree=4
num_leaves=15
num_cat=0
split_feature=18 18 19 32 16 19 24 13 31 17 31 14 16 31
split_gain=154.407 67.0852 41.4026 19.3251 17.2496 15.8813 15.2501 13.3639 13.6152 12.4589 11.0436 10.8097 11.2181 10.4622
threshold=-4.4333333333333327 -16.066666666666656 5.587878787878787 0.068640750336587966 81.550000000000011 12.078977272727284 0.038842344394371016 71.050000000000011 -0.0026866111912881669 64.12899159663867 -0.0038375659742087625 76.850000000000009 70.550000000000011 0.0048463456764018748
decision_type=10 8 10 2 8 10 10 8 10 10 10 8 10 10
left_child=1 6 11 9 -5 13 -1 8 -6 -3 -8 -2 -13 -4
right_child=2 3 5 4 7 -7 10 -9 -10 -11 -12 12 -14 -15
leaf_value=-0.008441675814121731 0.0014719304964570085 -0.0049489952456021379 0.0014186687824764169 -0.001704698581275522 -0.0011296825307036088 0.0048165015977447842 -0.0069564065673989638 -0.00045068122442965729 0.0037366656948946793 -0.0016687971510046351 -0.0018897490597360291 -0.0067667021919186792 -9.2433699455992245e-05 0.0031547735034595497
leaf_weight=1188.6210279471707 4905.28462425014 1588.896144739585 7683.7905705547892 9440.9103716227692 762.31765047716908 2377.5516389673576 600.58753184811212 11813.749989636475 1444.5323973707855 3105.6979916597193 1095.83865352883 182.3396405945532 9326.879861632362 5408.8060303186066
leaf_count=53686 42976 34678 54195 132131 10803 12757 15104 158168 17739 58633 24156 1854 86086 34156
internal_value=-4.33457e-05 -0.00152401 0.0014946 -0.00107197 -0.000717053 0.0025699 -0.0058422 -4.83179e-05 0.00206789 -0.00281944 -0.00383131 0.000335644 -0.000255137 0.00214516
internal_weight=60925.8 31041.2 29884.7 28156.1 23461.5 15470.1 2885.05 14020.6 2206.85 4694.59 1696.43 14414.5 9509.22 13092.6
internal_count=737122 505098 232024 412152 318841 101108 92946 186710 28542 93311 39260 130916 87940 88351
is_linear=0
shrinkage=0.03


Tree=5
num_leaves=15
num_cat=0
split_feature=35 35 18 17 18 5 35 35 1 6 23 13 5 1
split_gain=334.146 125.867 44.5905 20.5891 17.4179 16.3431 14.5315 13.7324 11.4621 10.1667 13.1162 14.4662 10.0954 9.96449
threshold=1.5000000000000002 5.5000000000000009 -13.699999999999998 58.001898734177225 -2.2666666666666617 6.5000000000000009 8.5000000000000018 2.5000000000000004 901.50000000000011 0.095454545454545472 0.80500000000000016 52.350000000000001 9.5000000000000018 1592.5000000000002
decision_type=2 2 10 8 8 2 2 2 2 2 10 10 2 2
left_child=4 3 -3 -2 9 7 12 -5 -9 -1 11 -11 -4 -8
right_child=1 2 6 5 -6 -7 13 8 -10 10 -12 -13 -14 -15
leaf_value=-0.0038559274290057826 -0.0044210457317261399 -0.0072959758156753403 -0.0027663444913087389 0.00017533476566907702 0.0043121309728714188 0.00066056572266272795 -0.0069959404415069568 -0.0071352164535391973 -0.0012257230419157809 -0.0033409369125668169 0.001256681362166726 0.0052442585102447361 0.0006229800770840944 -0.0016707820061483431
leaf_weight=197.20504834502935 1089.7798432554118 2948.7064075090457 5425.7376874226611 8427.8508796878159 11128.600470654666 10408.857209718786 1121.7477284010965 254.74588197283447 13491.244685093407 162.64694742113352 3206.1519910991192 1699.0737110599875 905.30342559702694 485.95926337200217
leaf_count=1062 12158 133895 119251 53474 52647 99936 50110 2730 144918 798 16594 8577 19596 21838
internal_value=-1.86158e-05 -0.00136607 -0.00416222 -0.000457144 0.00363693 -0.000317995 -0.00295986 -0.000777803 -0.0013607 0.00218264 0.00245299 0.00442646 -0.00228061 -0.00548526
internal_weight=60953.6 44559.9 10887.5 33672.5 16393.7 32582.7 7938.75 22173.8 13746 5265.08 5067.87 1861.72 6331.04 1607.71
internal_count=737584 657906 344690 313216 79678 301058 210795 201122 147648 27031 25969 9375 138847 71948
is_linear=0
shrinkage=0.03


Tree=6
num_leaves=15
num_cat=0
split_feature=35 35 16 35 5 18 18 30 34 14 20 21 19 13
split_gain=320.127 109.073 30.4608 24.5835 19.9079 18.1985 17.7203 24.9138 17.9468 15.3301 21.0358 15.1535 13.501 12.5388
threshold=1.5000000000000002 7.5000000000000009 63.050000000000004 2.5000000000000004 9.5000000000000018 -13.000000000000002 -4.1999999999999984 403.50000000000006 -0.00079764832979931902 68.050000000000011 39.500000000000007 0.17262664963814392 4.5731249999999983 78.950000000000017
decision_type=2 2 8 2 2 10 10 10 2 8 10 10 10 8
left_child=12 2 -2 -4 6 -3 8 9 -5 10 -8 -7 -1 -6
right_child=1 5 3 4 13 11 7 -9 -10 -11 -12 -13 -14 -15
leaf_value=0.0023814391980260439 -0.0063483072117746916 -0.0086446424678441134 0.00028334612137669577 -0.0032717602760052727 -0.00077163451922637239 -0.0029398110952816815 0.011591456717807267 -0.001507084619882188 -0.0012486265374087621 0.0010696520977823353 -0.0042785245375120068 -0.0079787304339181252 0.0041702453514510709 0.0031987121685390775
leaf_weight=6699.6735046505928 875.24120518192649 1507.5986713541206 12162.677237279713 7442.2436497758026 1541.2404598132707 2045.8773463650141 238.66661485098302 6012.0989112760872 8554.6391592982691 2017.365216110833 72.179320480674505 741.53835417120717 9664.0325119048357 1262.5386036830023
leaf_count=33918 15257 96563 78571 112156 22027 77482 2358 65011 122041 22239 793 26106 45560 17268
internal_value=-0.000134 -0.00145411 -0.000964504 -0.000836701 -0.00133823 -0.00597048 -0.00161389 -0.000488828 -0.00219711 0.002117 0.00782417 -0.0043973 0.00344735 0.00104093
internal_weight=60837.6 44473.9 40178.9 39303.6 27141 4295.01 24337.2 8340.31 15996.9 2328.21 310.846 2787.42 16363.7 2803.78
internal_count=737350 657872 457721 442464 363893 200151 324598 90401 234197 25390 3151 103588 79478 39295
is_linear=0
shrinkage=0.03


Tree=7
num_leaves=15
num_cat=0
split_feature=18 18 29 31 12 26 23 19 31 16 12 27 23 29
split_gain=120.763 64.7079 24.3402 23.0705 20.857 20.3752 16.1871 16.0326 14.6185 16.1428 14.5485 13.95 12.902 12.8915
threshold=-2.4333333333333296 -13.566666666666672 0.10900136717802598 0.0049665131203801048 80.950000000000017 -0.031372104560143652 6.7950000000000008 3.4133333333333309 -0.0072754567153179494 75.050000000000011 62.95000000000001 -99.499999999999986 -0.39499999999999996 0.066696454040857181
decision_type=10 8 8 10 10 10 8 10 10 10 10 10 10 10
left_child=1 5 4 10 -3 8 7 12 -1 -10 13 -5 -4 -2
right_child=3 2 6 11 -6 -7 -8 -9 9 -11 -12 -13 -14 -15
leaf_value=-0.0063621473821075447 -0.0015647496305651115 -0.0018140432495652322 0.0016284989887049117 0.0048092518379665066 0.00090308285135664212 -0.0069087841660506839 0.0018082049382243375 0.00139758237166869 -0.0043242491382486752 0.00080365779049559622 0.00066268912540352312 0.0021185771004235705 -0.0015456905404047487 0.0090411326285434693
leaf_weight=706.82469373056665 128.06814790982753 15644.444005736266 1329.2179406066425 2400.7723934729584 3002.3358348759357 1767.3847775314935 4190.3509517835919 3336.1823353944346 936.53855960792862 1226.6379970884882 12141.262377974344 6593.5760473893024 7163.5000219696667 297.35912290634587
leaf_count=17140 1132 239148 12488 17312 39903 69181 47947 26661 22564 25772 88434 42049 85578 2266
internal_value=-9.8935e-05 -0.00108831 -0.000639986 0.00170294 -0.00137531 -0.00439712 0.000217565 -0.000351153 -0.00275859 -0.00146399 0.000867177 0.00285939 -0.00104227 0.00601961
internal_weight=60864.5 39303.4 34666 21561 18646.8 4637.39 16019.3 11828.9 2870 2163.18 12566.7 8994.35 8492.72 425.427
internal_count=737575 586382 451725 151193 279051 134657 172674 124727 65476 48336 91832 59361 98066 3398
is_linear=0
shrinkage=0.03


Tree=8
num_leaves=15
num_cat=0
split_feature=35 35 35 12 4 25 8 30 34 8 17 20 3 29
split_gain=289.76 87.8323 60.2444 25.3779 15.0154 14.7305 14.074 14.3421 16.2527 13.8646 12.6591 12.2902 11.3423 10.7349
threshold=2.5000000000000004 7.5000000000000009 1.5000000000000002 56.95000000000001 1.1363636363636369 0.11293434174550991 1.5000000000000002 1786.5000000000002 0.0068026827499687139 1.0000000180025095e-35 62.17687165775402 27.500000000000004 54.250000000000007 0.18303597351978917
decision_type=2 2 2 8 2 8 2 10 2 2 8 10 2 10
left_child=2 3 4 13 -1 -6 9 8 11 -5 -4 12 -8 -2
right_child=1 -3 10 6 5 -7 7 -9 -10 -11 -12 -13 -14 -15
leaf_value=0.0041624022307219883 -0.0050709468468798551 -0.0058890686956033353 -0.0033255886687192549 -0.0018513590815390252 -0.00017541022319013985 0.0030944416079358638 0.0012654014330305957 -0.0021360785040398659 0.00090220716408659222 -0.0069902479699172808 0.00087679830621797896 0.00039806028731899503 -0.0020815045477217287 0.0053290260855357987
leaf_weight=9909.9405869692564 1798.2975584906526 4264.0233614481986 633.87087048962712 2110.4602952767164 1646.1079334542155 4912.200067691505 1008.5744370718021 5449.9271607655101 5893.2118361468893 583.8311857630033 11723.344464719296 3770.9223211854696 7192.7070677524898 54.593943830113858
leaf_count=48205 31287 199920 4194 31096 8221 23423 15097 71234 75655 8019 75667 51778 93725 719
internal_value=5.4274e-05 -0.00190365 0.00223593 -0.00128427 0.00342137 0.00227861 -0.00103731 -0.000796116 -0.000382533 -0.00307199 0.000648701 -0.00101606 -0.00166474 -0.00463255
internal_weight=60952 32126.5 28825.5 27862.5 16468.2 6558.31 26009.6 23315.3 17865.4 2694.29 12357.2 11972.2 8201.28 1852.89
internal_count=738240 578530 159710 378610 79849 31644 346604 307489 236255 39115 79861 160600 108822 32006
is_linear=0
shrinkage=0.03


Tree=9
num_leaves=15
num_cat=0
split_feature=35 35 18 35 7 18 16 21 5 16 4 18 31 26
split_gain=263.175 88.7353 25.4295 24.7064 21.0036 18.7473 17.5374 14.4733 13.6187 13.8713 10.5999 10.5877 10.1642 9.86738
threshold=1.5000000000000002 7.5000000000000009 -13.000000000000002 4.5000000000000009 7.5000000000000009 -2.2666666666666617 73.65000000000002 0.15831244778613202 6.5000000000000009 72.450000000000017 2.0147058823529425 -11.300000000000006 -0.0056788399495256029 0.69287203220260529
decision_type=2 2 10 2 10 8 10 10 2 8 2 10 8 10
left_child=5 3 -3 8 6 13 -5 -4 9 -2 -7 -9 -8 -1
right_child=1 2 7 4 -6 10 12 11 -10 -11 -12 -13 -14 -15
leaf_value=0.001142147181811957 -0.0030031580274471584 -0.0084668705305442973 -0.0019662099250580111 -0.003550378061188231 -0.0069427181027232766 0.0044309133285406112 -0.0026086493315408401 0.0026661399341089821 0.0006672051515388658 -0.00046551859120238262 0.0022045380734838356 -0.0076612128933709212 -0.00022560205146926544 0.0047070988576534203
leaf_weight=4507.1245330125093 2136.5480262669735 1485.1734193961602 1898.5106513961218 3009.0527990185656 665.11299890163355 8461.8710554987192 2167.2439311002381 75.453402487095445 8819.174263343215 17394.360659452155 2698.7133627533913 783.19019593973644 5930.4763425854035 791.34176591783762
leaf_count=23071 19050 96817 72828 66651 12744 39804 39223 3357 76091 140260 12796 27355 103691 4039
internal_value=-2.73746e-05 -0.00122948 -0.00532999 -0.000789817 -0.00194206 0.00320674 -0.00161283 -0.00351956 -0.00030879 -0.000750079 0.00390479 -0.00665692 -0.000875487 0.00171361
internal_weight=60823.3 44364.3 4242.33 40122 11771.9 16459.1 11106.8 2757.15 28350.1 19530.9 11160.6 858.644 8097.72 5298.47
internal_count=737777 658067 200357 457710 222309 79710 209565 103540 235401 159310 52600 30712 142914 27110
is_linear=0
shrinkage=0.03


Tree=10
num_leaves=15
num_cat=0
split_feature=35 35 35 13 18 32 32 30 19 15 4 18 31 12
split_gain=219.8 50.6519 43.9946 24.2673 17.2489 16.8213 15.6493 11.5763 16.3707 11.9579 10.6756 10.0498 9.15471 9.15015
threshold=2.5000000000000004 7.5000000000000009 1.5000000000000002 55.550000000000004 -14.499999999999995 0.072734736527840002 0.078791260822510839 471.50000000000006 6.376289682539686 58.141666666666673 0.87980769230769351 -13.233333333333329 -0.0032629288276940483 63.150000000000013
decision_type=2 2 2 10 10 2 2 10 10 10 2 10 8 8
left_child=2 3 10 5 -3 11 -7 8 -5 -9 -1 -2 13 -4
right_child=1 4 12 7 -6 6 -8 9 -10 -11 -12 -13 -14 -15
leaf_value=0.0036549880650575011 -0.008301044582467533 -0.0077000539225778406 -0.0051847339433546301 -0.00038645082934204175 -0.0033951701400385891 0.004626270377256725 -0.0025513350453670032 0.0042872146622631108 0.0035452582624457048 -0.0013500044349003628 0.0020937780102055375 -0.002369896795537342 0.0010966941715609376 -0.00018671296990369185
leaf_weight=8925.6792812049389 706.49312620819546 1222.0887421097141 317.45899568498135 5973.3801831520395 2992.9260931189638 248.50181973981671 3893.9363132016733 298.86540014971979 1082.5425733495504 15126.174568769522 7564.4968704208732 470.42899217782542 8780.988952152431 3248.4352408163249
leaf_count=43385 14646 83442 2116 82318 116553 4144 55048 5484 11411 198735 36440 6714 56517 21117
internal_value=3.75567e-05 -0.00167239 0.00193557 -0.00120283 -0.00471895 -0.00301608 -0.00207072 -0.000768046 0.000237466 -0.00122728 0.00294731 -0.00612349 0.000577876 -0.00069721
internal_weight=60852.4 32015.3 28837.1 27800.3 4215.01 5319.36 4142.44 22481 7055.92 15425 16490.2 1176.92 12346.9 3565.89
internal_count=738070 578495 159575 378500 199995 80552 59192 297948 93729 204219 79825 21360 79750 23233
is_linear=0
shrinkage=0.03


Tree=11
num_leaves=15
num_cat=0
split_feature=35 35 17 18 35 1 1 13 30 19 1 34 23 27
split_gain=227.104 99.7623 34.3613 31.3193 16.7493 16.4236 12.0603 10.9055 10.8013 11.7002 12.4007 11.3371 10.9865 15.2415
threshold=1.5000000000000002 6.5000000000000009 52.541428571428575 -14.766666666666675 2.5000000000000004 1624.5000000000002 2052.5000000000005 54.550000000000004 313.50000000000006 3.9379365079365063 1721.0000000000002 0.015452565274950179 3.2950000000000004 -119.49999999999999
decision_type=2 2 8 10 2 2 2 10 10 10 2 2 10 10
left_child=-1 2 -2 -3 6 -5 -4 -6 9 11 -11 -9 -10 -14
right_child=1 3 4 5 7 -7 -8 8 12 10 -12 -13 13 -15
leaf_value=0.0029648861361791078 -0.0082356484257680804 -0.007871615009711657 0.00069178349228171242 -0.0039808760536437357 -0.0022435714839441081 0.00047947662592684286 -0.0035305505246852713 -0.001332052943309474 -0.0016836850118059302 0.0037209169884759022 -0.0038296221349430086 0.0032637448540654215 -0.0024188447985462116 0.00070203184505550451
leaf_weight=16492.115207523108 465.0727845011279 1765.93550778809 11657.207430135459 4252.7324947626621 4313.4268440911546 885.89531952817924 592.92386734485626 2376.9633986861445 8531.9821644229814 1391.2603237442672 185.15400236006826 553.78577351337299 1844.139061440248 5442.3829487892799
leaf_count=79726 6764 101608 75252 139491 56671 28964 3818 30572 97494 14652 1918 6918 23531 70061
internal_value=-3.46465e-05 -0.00115444 -0.000539451 -0.0044538 -0.000431406 -0.0032147 0.000473896 -0.000881555 -0.000587718 0.000702195 0.00274362 -0.000423464 -0.000956307 -9.89298e-05
internal_weight=60751 44258.9 37354.3 6904.56 36889.2 5138.63 12250.1 24639.1 20325.7 4507.16 1576.41 2930.75 15818.5 7286.52
internal_count=737440 657714 387651 270063 380887 168455 79070 301817 245146 54060 16570 37490 191086 93592
is_linear=0
shrinkage=0.03


Tree=12
num_leaves=15
num_cat=0
split_feature=19 18 19 23 20 32 19 31 31 3 23 31 33 13
split_gain=105.238 51.8599 17.1792 16.4864 15.7281 15.4606 13.0454 12.9808 12.8083 11.5917 13.6259 11.4516 11.3215 9.78152
threshold=4.5731249999999983 -16.966666666666654 -2.472222222222221 -0.99499999999999988 251.50000000000003 0.069235558961586383 7.8608585858585807 -0.00097752952014344631 -0.0016130230979090486 56.250000000000007 -1.9949999999999999 0.0013796183651962443 2357.5000000000005 80.050000000000011
decision_type=10 8 8 8 10 2 10 10 10 2 10 10 2 10
left_child=1 5 -3 -4 11 -1 9 -7 12 -2 -11 -5 -8 -12
right_child=6 2 3 4 -6 7 8 -9 -10 10 13 -13 -14 -15
leaf_value=-0.0086398461431470251 0.0027535172067117927 -0.0021326175034189899 0.0021970286326585798 -0.0010365243021573697 -0.0060010514291165612 -0.0062191324361640455 0.001559680126125336 -0.00085388244157265174 0.0034074328505130915 0.0055801679111671856 -0.00046130441073265806 0.00016160539727588514 -0.0049112250560744983 0.0015709093845931929
leaf_weight=739.21181925619021 2830.9231180399656 5429.3973250407726 2145.700817002682 13676.613122679293 410.49135824665427 708.82155301724561 3184.4968605581671 912.88652919465676 6022.0669551030733 415.15953837195411 5573.0600998385344 15028.667473776964 214.76141732744873 3386.0635445662774
leaf_count=36219 23281 120537 18220 185905 6819 21351 21217 23096 35380 2431 44849 170842 1235 25712
internal_value=6.57133e-05 -0.0008638 -0.000582894 -0.000310768 -0.00049903 -0.0051267 0.00174229 -0.00331482 0.00257985 0.00108788 0.000572932 -0.000410052 0.00108559 0.000311218
internal_weight=60678.3 39051.8 36690.9 31261.5 29115.8 2360.92 21626.5 1621.71 9421.33 12205.2 9374.28 28705.3 3399.26 8959.12
internal_count=737094 582989 502323 381786 363566 80666 154105 44447 57832 96273 72992 356747 22452 70561
is_linear=0
shrinkage=0.03


Tree=13
num_leaves=15
num_cat=0
split_feature=35 35 35 17 8 8 23 18 6 16 33 2 17 31
split_gain=214.119 54.7729 42.0096 27.7791 22.7197 21.0423 14.078 11.2307 9.70858 11.3258 11.2966 9.4086 9.37543 9.33674
threshold=2.5000000000000004 8.5000000000000018 1.5000000000000002 55.062019230769238 1.5000000000000002 1.0000000180025095e-35 4.2750000000000012 -2.2666666666666617 0.88562091503267981 70.050000000000011 1642.5000000000002 7.5000000000000009 60.615476190476194 -0.0047635010851753605
decision_type=2 2 2 8 2 2 8 8 2 10 2 10 8 10
left_child=2 3 7 -2 5 6 -5 8 9 -1 -11 -9 13 -4
right_child=1 -3 12 4 -6 -7 -8 11 -10 10 -12 -13 -14 -15
leaf_value=-0.0038590099756857371 -0.00662163689026156 -0.0059497790239478772 -0.0082919704589525228 0.0094043788537479887 -0.00082833542173895098 -0.0083176462360924491 -0.0026062303416812902 0.0037311609123645709 0.0049573200140348552 0.00233329634174817 -0.001676192208486143 0.00067257009329371893 0.00076849641301808243 5.5129678658867971e-06
leaf_weight=317.69934441149235 800.88259898731485 2397.2659869943745 157.62284772470593 43.169556145556271 25837.480812355177 621.76899445056915 2178.3655078336596 10195.003656752408 690.75007575005293 3578.1378874331713 728.16646113991737 1019.9311087355018 11874.820596914738 295.97717992961407
leaf_count=1605 18527 139045 1058 536 375135 9331 36034 47850 3552 18307 3654 4827 76607 1954
internal_value=5.99927e-05 -0.00163355 0.0019304 -0.0012731 -0.00111248 -0.00363563 -0.00217097 0.0029168 0.00175485 0.00122854 0.00164386 0.00345722 0.000601408 -0.0034148
internal_weight=60737 31878.9 28858.1 29481.7 28680.8 2843.3 2221.54 16529.7 5314.75 4624 4306.3 11214.9 12328.4 453.6
internal_count=738022 578608 159414 439563 421036 45901 36570 79795 27118 23566 21961 52677 79619 3012
is_linear=0
shrinkage=0.03


Tree=14
num_leaves=15
num_cat=0
split_feature=35 35 19 12 31 13 4 26 3 30 35 5 13 35
split_gain=180.036 72.5483 24.4353 16.0649 19.3449 16.8045 13.0017 12.9629 11.7312 11.0424 12.4943 10.0011 9.00447 8.97859
threshold=1.5000000000000002 6.5000000000000009 -7.6377976190476131 59.150000000000013 0.0012752987338030027 55.550000000000004 0.84807692307692062 -0.086551073324856523 58.750000000000007 2358.5000000000005 2.5000000000000004 14.500000000000002 67.250000000000014 8.5000000000000018
decision_type=2 2 10 8 8 10 2 8 2 8 2 2 8 2
left_child=6 3 7 4 -2 -6 -1 -3 -8 11 -11 -5 -10 -4
right_child=1 2 13 9 5 -7 8 -9 12 10 -12 -13 -14 -15
leaf_value=0.0034550600632535207 -0.0050772170921447868 0.0011696903387439163 -0.0020181713834574564 -0.00012046568807752752 -0.005156998608673009 0.0024684732376631792 0.00030578985693002195 -0.0083893554068369194 -0.00094388920865759202 0.00036529845275148643 -0.0026661123147284837 0.0095994404759964739 0.0031628625761044808 -0.0046325805083903713
leaf_weight=8763.9100727811456 1391.4068424287252 129.57490926375613 3712.6186794071691 29553.378815947101 323.59533164883032 806.36870964686386 3087.7160770222545 1196.0576950430404 520.86206831783056 1895.3108529783785 3347.9178668791428 45.584311531856656 4098.5281520709395 1807.4299717152026
leaf_count=42436 18645 6174 100600 302449 4526 9667 14712 72956 2612 12110 40207 538 19708 90269
internal_value=-9.47967e-06 -0.00100703 -0.00383456 -0.000484538 -0.00277325 0.000158727 0.00266294 -0.00744645 0.00174574 -0.000315178 -0.00157722 -8.93332e-05 0.00269465 -0.00290811
internal_weight=60680.3 44209.2 6845.68 37363.6 2521.37 1129.96 16471 1325.63 7707.11 34842.2 5243.23 29599 4619.39 5520.05
internal_count=737609 658141 269999 388142 32838 14193 79468 79130 37032 355304 52317 302987 22320 190869
is_linear=0
shrinkage=0.03


Tree=15
num_leaves=15
num_cat=0
split_feature=18 19 23 18 32 3 16 20 14 16 28 31 12 7
split_gain=96.8651 48.6251 22.634 19.0434 18.9754 13.6343 13.4372 15.5935 14.7334 12.404 12.0491 12.5407 17.0219 11.9277
threshold=-10.799999999999978 7.8608585858585807 -0.99499999999999988 -16.966666666666654 0.069235558961586383 61.750000000000007 86.450000000000017 231.50000000000003 75.450000000000017 86.050000000000011 -2.2499999999999996 -0.0016130230979090486 63.550000000000004 6.5000000000000009
decision_type=8 10 8 10 2 2 10 10 8 10 10 10 10 10
left_child=3 2 -2 4 -1 10 9 8 13 -4 -3 -12 -13 -8
right_child=1 5 6 -5 -6 -7 7 -9 -10 -11 11 12 -14 -15
leaf_value=-0.0092998726812801632 0.0023495475454598943 0.0060289858552157868 -0.00049407968913244493 -0.0021650253093965133 -0.0033973503043665974 0.0070359453977384039 0.0047003473772661598 -0.006637694825087314 0.00031145141609372585 -0.0046962326799842276 0.00016903805686843638 0.010225055676046868 0.0021948582596796815 -0.0007590279858519771
leaf_weight=732.13004027330317 3269.2432382495608 594.41399587085471 27169.242428275989 5647.6149252222385 1605.715847824933 484.29530270164832 1287.7556856900919 212.75531754619442 10236.581796922488 598.28495779726654 2989.6022381712683 204.5923170465976 5162.9809810826555 475.6924502234906
leaf_count=36268 25523 3907 312103 121560 44268 3026 12870 3193 111340 6330 19489 1445 29811 6161
internal_value=-7.20788e-05 0.000395513 -3.10781e-05 -0.00314036 -0.00540184 0.00234066 -0.000228437 0.000599259 0.000754577 -0.000592899 0.00204897 0.00173171 0.00259248 0.00324735
internal_weight=60670.9 52685.4 43249.6 7985.46 2337.85 9435.88 39980.3 12212.8 12000 27767.5 8951.59 8357.18 5367.57 1763.45
internal_count=737294 535198 477520 202096 80536 57678 451997 133564 130371 318433 54652 50745 31256 19031
is_linear=0
shrinkage=0.03


Tree=16
num_leaves=15
num_cat=0
split_feature=35 35 35 16 12 33 16 5 13 33 10 33 13 8
split_gain=193.016 53.1086 39.8976 18.0209 14.775 13.8458 10.2498 9.19375 12.205 13.9981 13.6732 11.6475 10.616 10.8532
threshold=2.5000000000000004 6.5000000000000009 1.5000000000000002 69.850000000000009 54.750000000000007 1829.5000000000002 62.45000000000001 9.5000000000000018 78.950000000000017 150.50000000000003 211.50000000000003 1642.5000000000002 90.250000000000014 1.5000000000000002
decision_type=2 2 2 10 8 2 8 2 8 2 2 2 8 2
left_child=2 4 -1 -3 -2 7 -4 11 9 -9 -11 12 13 -6
right_child=1 3 6 -5 5 -7 -8 8 -10 10 -12 -13 -14 -15
leaf_value=0.0028036050441203066 -0.0041147886041565888 -0.006996100148929864 -0.0064836330476913838 -0.0030709768153055804 -0.0059788696756007328 -0.0027372688138340875 0.00065476036094008251 0.0035458285457476324 0.0038504678170804868 -0.0065962937163556619 0.00097887671879592604 0.0042384931382094572 -0.0023737069714625625 -0.00034966948781578748
leaf_weight=16554.048757195473 1173.9969385722652 1324.7326468657702 134.04008679464459 5485.0514454212971 264.95082962978631 2690.7141835568473 12267.195056259632 419.39629969280213 936.41902931779623 388.22037709876895 397.97083821333945 374.97760579688475 3116.0387804955244 15237.187780162087
leaf_count=79801 17546 72812 912 197149 3428 31059 79109 5543 11741 4990 5078 4363 40059 184827
internal_value=7.13044e-05 -0.00154071 0.00184183 -0.00387997 -0.000897035 -0.000730198 0.000551878 -0.000468821 0.00137338 -0.000627374 -0.00293249 -0.00067964 -0.00078978 -0.000464792
internal_weight=60764.9 31809.7 28955.3 6809.78 24999.9 23825.9 12401.2 21135.2 2142.01 1205.59 786.191 18993.2 18618.2 15502.1
internal_count=738417 578595 159822 269961 308634 291088 80021 260029 27352 15611 10068 232677 228314 188255
is_linear=0
shrinkage=0.03


Tree=17
num_leaves=15
num_cat=0
split_feature=35 35 18 31 26 19 20 7 28 25 14 29 34 18
split_gain=180.246 65.7301 29.0781 14.354 14.1225 11.483 10.5646 9.46655 10.0025 9.5834 9.08281 8.75086 9.09119 9.86872
threshold=1.5000000000000002 5.5000000000000009 -13.000000000000002 0.0087506858539474052 -0.032526282935669913 7.8608585858585807 12.500000000000002 8.5000000000000018 -6.7499999999999991 0.020432545454051387 59.650000000000013 0.22894840492367083 0.046697181698385701 -6.749999999999992
decision_type=2 2 10 8 10 10 10 10 8 8 8 8 2 8
left_child=-1 5 4 -4 -3 7 -7 8 -2 -10 -9 12 -11 -14
right_child=1 2 3 -5 -6 6 -8 10 9 11 -12 -13 13 -15
leaf_value=0.0027353047960476809 -0.006326691656035251 -0.0037003354396746963 -0.0026298669631081842 0.00056845037604257573 -0.0080678189272440498 0.0046091317923183375 0.00051940050853756345 0.0042938908891855601 -0.004676641165102806 -0.00040885586452094156 -0.0067330054949755235 0.0057665911530400361 0.0093198606358426122 0.0001231277417560809
leaf_weight=16559.578519389033 205.98061667801812 1918.6851942604408 5954.9807143617363 1579.2885003422853 1142.0966763447504 634.96312318369746 3446.1390642458573 46.287872000131756 407.37026086240076 27958.037508702371 318.79581487877294 162.71940821781754 130.87275914754719 253.62307898607105
leaf_count=79723 2054 76086 161711 39828 67533 4535 25902 499 5254 267202 3297 1288 1329 2184
internal_value=7.08758e-05 -0.000930227 -0.00298435 -0.00196013 -0.00543349 -0.000278349 0.00120379 -0.000485196 -0.000420314 -0.000367386 -0.00498611 -0.000297721 -0.000342631 0.00396573
internal_weight=60719.4 44159.8 10595.1 7534.27 3060.78 33564.8 4081.1 29483.7 29118.6 28912.6 365.084 28505.3 28342.5 384.496
internal_count=738425 658702 345158 201539 143619 313544 30437 283107 279311 277257 3796 272003 270715 3513
is_linear=0
shrinkage=0.03


Tree=18
num_leaves=15
num_cat=0
split_feature=18 17 19 18 14 5 16 29 23 23 15 19 26 17
split_gain=78.9829 48.5141 21.9526 19.0381 18.3023 16.6857 13.6465 11.8087 11.9278 11.555 11.4584 10.6181 9.84147 9.69913
threshold=-4.4333333333333327 55.062019230769238 7.8608585858585807 -13.566666666666672 69.250000000000014 7.5000000000000009 78.250000000000014 0.10900136717802598 6.7950000000000008 -1.5049999999999997 73.158333333333346 5.8473290598290584 -0.14716669169406418 71.121807065217396
decision_type=10 8 10 8 8 2 10 8 8 10 10 10 10 10
left_child=1 -1 5 12 -4 9 13 11 -9 -2 -8 -5 -3 -6
right_child=2 3 4 7 6 -7 10 8 -10 -11 -12 -13 -14 -15
leaf_value=-0.0071774535078577189 0.0031675914974874987 0.0009752003051194235 0.0061594170933461966 -0.0013487276739551119 0.0018028631390117243 0.0020854724780723227 0.0075471968501145785 -0.00051629381947918614 0.0015289863459674506 -0.0001242396398034858 0.0021238111238535261 0.0020744600339275489 -0.0034450482890600264 -0.002593028214995336
leaf_weight=1085.8842630088329 973.89097195956856 503.7442395130638 952.45231655519456 13332.132213386765 806.932539827656 4814.4170428647194 334.2861084737815 7883.7331312848255 3743.7422370705754 15267.734780567698 5887.5911190523766 824.72927826666273 3229.2608365910128 908.54229713138193
leaf_count=33861 5890 8596 5798 222761 5422 48659 2129 90943 43711 124199 34006 8369 96990 5615
internal_value=-1.99745e-05 -0.00109091 0.00107446 -0.000855235 0.00232047 0.000544148 0.00182414 -0.000562423 0.00014596 8.2263e-05 0.00247304 -0.00114271 -0.00284356 -0.000532772
internal_weight=60549.1 30603.2 29945.8 29517.3 8889.8 21056 7937.35 25784.3 11627.5 16241.6 6221.88 14156.9 3733.01 1715.47
internal_count=736949 505231 231718 471370 52970 178748 47172 365784 134654 130089 36135 231130 105586 11037
is_linear=0
shrinkage=0.03


Tree=19
num_leaves=15
num_cat=0
split_feature=35 35 1 15 35 8 29 31 15 12 24 15 30 5
split_gain=153.375 73.3542 22.7647 21.1784 12.6483 12.4144 11.8105 11.7535 11.0282 9.88432 9.48957 9.00043 8.69875 10.6765
threshold=1.5000000000000002 7.5000000000000009 1624.5000000000002 49.116666666666674 2.5000000000000004 1.5000000000000002 0.11823349089073472 -0.010945944843134778 86.716666666666683 62.750000000000007 0.24994073480435236 62.658333333333339 313.50000000000006 10.500000000000002
decision_type=2 2 2 8 2 2 10 10 8 10 8 10 10 2
left_child=7 3 6 9 -5 8 -3 -1 -6 -2 -10 -4 -7 -14
right_child=1 2 11 4 5 12 -8 -9 10 -11 -12 -13 13 -15
leaf_value=-6.9954855042207666e-05 -0.0080671846528644186 -0.0066377908651892598 -0.0061260554764494763 0.00028754270400799015 -0.0062372912577178911 0.00034695857951243692 -0.0021258759063275483 0.0026587184199464249 0.0074210058812677494 0.0034944543547440797 -0.0020809486422323975 0.0019857065287664827 -0.0011587349066842863 0.0017677919043205552
leaf_weight=1566.5119288042188 416.65123989642598 2729.0378523119725 105.164077244699 12296.915212001652 597.16982272500172 5891.9444238541182 718.41004829271697 14954.7015619874 50.778042204678059 48.823588859755546 2030.4728324203752 547.70222687558271 17454.686168662505 1155.0558777395636
leaf_count=7692 7749 140349 7450 79311 8607 79424 29180 71788 624 704 30565 23031 234694 16244
internal_value=-6.00873e-05 -0.000984794 -0.0047813 -0.000589571 -0.000510011 -0.000870708 -0.00574139 0.00240056 -0.00279212 -0.00663316 -0.00168046 0.00033622 -0.000655409 -0.000972843
internal_weight=60564 44042.8 4100.31 39942.5 39477 27180.1 3447.45 16521.2 2678.42 465.475 2081.25 652.866 24501.7 18609.7
internal_count=737412 657932 200010 457922 449469 370158 169529 79480 39796 8453 31189 30481 330362 250938
is_linear=0
shrinkage=0.03


Tree=20
num_leaves=15
num_cat=0
split_feature=19 17 23 12 8 16 20 20 17 1 19 34 14 26
split_gain=64.7361 46.7072 18.1984 17.1088 16.1721 15.9646 14.6813 11.5141 11.0593 13.9636 12.8578 10.6463 13.534 11.4933
threshold=5.9340277777777795 58.681176470588241 -0.99499999999999988 63.150000000000013 1.5000000000000002 86.450000000000017 238.50000000000003 57.500000000000007 79.767117117117138 1180.5000000000002 -9.6900000000000031 0.027864277753774414 76.550000000000011 -0.33933791102232619
decision_type=10 8 8 10 2 8 10 10 8 2 10 2 8 10
left_child=1 3 7 -1 -2 -4 8 -3 9 -7 -11 12 13 -6
right_child=4 2 5 -5 11 6 -8 -9 -10 10 -12 -13 -14 -15
leaf_value=-0.0063555529295065 -0.0027847098272304168 0.0025091917467797219 -0.0010362627607507331 0.00020932299586378508 -0.002850440211150248 -0.0014155788356485009 -0.0075351610732346495 -0.0032656376064578298 -0.00013290147463556053 -0.0053905576882863704 0.0033130863690574359 0.0048376072153844341 0.00091770449517409073 0.0031706095094761718
leaf_weight=1606.8665284190793 668.36729522002861 2677.0998573503457 23572.798368654447 451.52198565192521 265.0741438921541 901.18455679412 168.46007643989287 307.28705081529915 12284.18579581636 118.20914864866063 2543.8069245766383 961.06936724530533 9087.9450174944941 4934.0458905422129
leaf_count=48568 4188 23020 342471 8544 1454 11822 2966 3348 152854 3142 34605 6186 59575 34568
internal_value=1.19328e-07 -0.000585787 -0.000369482 -0.00494469 0.00163975 -0.000540495 0.00019015 0.00187057 0.000295713 0.00175476 0.00283434 0.00184215 0.00162448 0.0028394
internal_weight=60547.9 44631.4 42573 2058.39 15916.5 39588.6 16015.8 2984.39 15847.4 3563.2 2662.02 15248.1 14287.1 5199.12
internal_count=737311 631340 574228 57112 105971 547860 205389 26368 202423 49569 37747 101783 95597 36022
is_linear=0
shrinkage=0.03


Tree=21
num_leaves=15
num_cat=0
split_feature=35 35 17 18 4 18 12 13 7 20 23 6 5 35
split_gain=137.813 72.3156 27.9512 25.5592 14.5577 12.3595 16.2615 11.8629 11.4989 9.35647 9.00646 8.85603 8.82711 9.32963
threshold=1.5000000000000002 6.5000000000000009 55.062019230769238 -14.766666666666675 1.1666666666666681 -2.2666666666666617 71.050000000000011 93.050000000000011 8.5000000000000018 9.5000000000000018 -1.4949999999999999 0.10818713450292398 9.5000000000000018 2.5000000000000004
decision_type=2 2 8 10 2 8 8 10 10 8 10 2 2 2
left_child=4 2 -2 -3 5 10 -7 -6 9 11 -1 -4 13 -11
right_child=1 3 8 -5 7 6 -8 -9 -10 12 -12 -13 -14 -15
leaf_value=0.005697160191907271 -0.0059981629762944936 -0.0068810684079306135 -0.0051120769573310982 -0.0026133715951754096 0.0014280068351496279 0.0079180032706879615 0.0032196323787196169 -0.00562767447472696 -0.0046451947825266494 0.00025055705157485668 0.0010140414803810152 0.0017621397031896422 0.0011512856276351541 -0.00086943178170239568
leaf_weight=374.38850758224726 726.03542478126474 1696.9505583504215 131.02332704514265 5045.2186443998653 6276.9213704615831 739.23298244923353 5809.9006969258189 173.51868911832571 476.61893272772431 10108.163218501955 3186.9707535132766 2938.8291594842449 3228.134288280271 19660.553515987936
leaf_count=1829 10595 101490 1360 168758 30053 3503 27032 835 5647 64607 16316 29538 35360 240930
internal_value=-5.29343e-06 -0.000883174 -0.000363817 -0.00373026 0.00232336 0.00303293 0.00380594 0.00119638 -0.000243832 -0.000179318 0.00157842 0.00139152 -0.000327345 -0.00048935
internal_weight=60572.5 44011.5 37269.4 6742.17 16560.9 10110.5 6549.13 6450.44 36543.3 36066.7 3561.36 3069.85 32996.9 29768.7
internal_count=737853 658285 388037 270248 79568 48680 30535 30888 377442 371795 18145 30898 340897 305537
is_linear=0
shrinkage=0.03


Tree=22
num_leaves=15
num_cat=0
split_feature=35 35 18 18 5 16 6 35 15 18 13 21 29 12
split_gain=145.82 58.2322 20.0985 16.6749 15.0171 12.3153 11.6397 10.65 11.8705 11.0754 9.86602 9.57204 9.27724 9.96139
threshold=1.5000000000000002 7.5000000000000009 -16.066666666666656 -14.499999999999995 9.5000000000000018 80.550000000000011 0.87867647058823539 3.5000000000000004 76.483333333333363 -3.4333333333333331 77.050000000000011 0.15831244778613202 0.085294733729268837 66.950000000000017
decision_type=2 2 8 10 2 10 2 2 10 10 10 10 10 10
left_child=6 2 -2 -3 5 -4 -1 8 9 10 -7 12 -5 -14
right_child=1 3 4 11 -6 7 -8 -9 -10 -11 -12 -13 13 -15
leaf_value=0.001978451292360843 -0.0036067866275185864 -0.0074032480280872568 -0.0013033614196480137 -0.0039129313363601781 0.0013016513100459737 -0.00036958063826831905 0.0042707029588632747 -0.00098826401703003535 -0.00018927727940620175 0.0044882241673313075 0.0043902995962115752 -0.0056433115477867758 0.0042539424287225793 -0.00176904146625919
leaf_weight=14269.257397376001 1895.9343955910299 1152.4830592700746 15465.931065319484 972.56468879734166 3788.3087787772529 1686.8751833252609 2334.961402118206 7983.2493134611286 7636.6914033666253 1014.9168922007084 458.00416612997651 872.41509714256972 307.00310503877699 753.17295658495277
leaf_count=68453 37378 83376 180199 42345 45310 12783 11282 117479 54600 6996 3472 32837 12840 28252
internal_value=-7.86086e-05 -0.000982852 -0.000632098 -0.0043848 -0.000479274 -0.000677893 0.00231265 -0.000160699 0.000452962 0.00198391 0.000723673 -0.00308237 -0.00187417 8.81161e-05
internal_weight=60591.8 43987.6 39929.9 4057.64 38034 34245.7 16604.2 18779.7 10796.5 3159.8 2144.88 2905.16 2032.74 1060.18
internal_count=737602 657867 458217 199650 420839 375529 79735 195330 77851 23251 16255 116274 83437 41092
is_linear=0
shrinkage=0.03


Tree=23
num_leaves=15
num_cat=0
split_feature=35 35 19 5 16 29 19 15 9 33 16 24 3 4
split_gain=136.063 54.9909 20.8452 14.7785 17.5086 14.2895 13.2941 13.0726 11.184 11.1125 13.5624 11.6213 11.0855 10.8574
threshold=1.5000000000000002 6.5000000000000009 -0.93685185185184838 9.5000000000000018 72.850000000000009 0.09010626685904273 8.4694444444444432 45.583333333333343 40.500000000000007 4000.0000000000005 88.850000000000009 0.080452848897450566 53.750000000000007 -3.0690476190476192
decision_type=2 2 10 2 10 8 10 8 2 2 10 10 2 2
left_child=6 3 5 4 7 8 -1 -2 -3 10 -5 -12 -9 -6
right_child=1 2 -4 9 13 -7 -8 12 -10 -11 11 -13 -14 -15
leaf_value=0.001721856535755614 -0.0093810069137436215 -0.0030206514466596551 -0.0014415423705634821 0.00069003296743370827 0.0028624285344502633 -0.0029049686358485162 0.0036383340139063114 0.0036927028323959434 -0.0082436866507042232 -0.0064059899117813578 -0.00022352874370971579 0.0077372628811369437 -0.0020485572757575361 -0.00044087569722605469
leaf_weight=12088.068373546004 164.08307210635394 621.53423863090575 2853.648583434755 2727.5196082238108 877.75023530446924 1923.6413007504307 4532.3547192364931 273.18175967456773 1301.4267364777625 111.02131508849561 237.13601559400558 472.90142922941595 6271.9027648651972 26132.053799037123
leaf_count=59361 2634 27338 84880 30324 10120 82003 20395 3606 75930 1146 2769 4832 73557 258931
internal_value=-5.44628e-05 -0.000928594 -0.00342036 -0.000476622 -0.000670826 -0.00485104 0.00225382 -0.00203659 -0.00667485 0.0013524 0.00169122 0.00523875 -0.00178275 -0.000328436
internal_weight=60588.2 43967.8 6700.25 37267.5 33719 3846.6 16620.4 6709.17 1922.96 3548.58 3437.56 710.037 6545.08 27009.8
internal_count=737826 658070 270151 387919 348848 185271 79756 79797 103268 39071 37925 7601 77163 269051
is_linear=0
shrinkage=0.03


Tree=24
num_leaves=15
num_cat=0
split_feature=35 35 17 19 4 35 23 19 4 10 19 13 26 14
split_gain=134.532 50.1514 27.7664 19.4787 11.672 11.2253 10.8758 11.7775 11.8517 12.3336 10.5819 10.4374 9.57834 9.53008
threshold=1.5000000000000002 6.5000000000000009 55.589181286549717 -5.8764285714285682 1.6666666666666681 2.5000000000000004 -0.99499999999999988 4.7041666666666773 1.0124999999999995 68.500000000000014 10.484444444444444 87.050000000000011 -0.16633816781408767 76.050000000000011
decision_type=2 2 8 10 2 2 8 8 2 2 10 8 10 10
left_child=6 2 -2 -3 -5 10 -1 -8 -9 -10 13 -12 -11 -4
right_child=1 3 5 4 -6 -7 7 8 9 12 11 -13 -14 -15
leaf_value=0.0042307219739161229 -0.0059308716079594613 -0.0061485039313293596 0.00077569492141902144 -0.0017435479012573878 -0.0057749518350714854 -0.00079140902256965456 0.00067859005452834101 0.0034521231777361939 -0.0019410460434569799 0.00034130548864209464 0.0048581976768591519 -0.002183812872960194 0.0034441931342306374 -0.00099671984259284453
leaf_weight=2046.2142038866878 791.83869904256426 1659.5315457703546 6686.3146962597966 4274.3637594044558 734.02720534405671 24231.407573109493 4867.1944212168455 5271.5220884233713 806.9824376553297 1620.5437958836555 750.37542681023479 215.9259224422276 1984.8179689571261 4541.2468601576984
leaf_count=9527 11609 99409 43361 147855 22517 297810 24892 24474 3784 7446 4368 1245 9465 29624
internal_value=-0.000104742 -0.000974873 -0.000543444 -0.00336094 -0.00238563 -0.000418358 0.002192 0.0018918 0.00249496 0.00132554 0.000323165 0.0032546 0.00207325 5.75602e-05
internal_weight=60482.3 43885 37217.1 6667.92 5008.39 36425.3 16597.3 14551.1 9683.87 4412.34 12193.9 966.301 3605.36 11227.6
internal_count=737386 657798 388017 269781 170372 376408 79588 70061 45169 20695 78598 5613 16911 72985
is_linear=0
shrinkage=0.03


Tree=25
num_leaves=15
num_cat=0
split_feature=18 18 13 15 34 30 20 4 29 12 4 1 0 7
split_gain=58.0453 25.7575 19.079 14.2926 10.5028 10.1901 9.54218 10.5901 9.48415 10.0341 9.42836 9.72264 8.69719 8.67073
threshold=-11.966666666666656 -2.3666666666666702 70.450000000000017 45.583333333333343 0.0069737658070597756 714.50000000000011 9.5000000000000018 1.4654761904761922 0.09714771862427575 54.250000000000007 1.8651515151515172 1035.0000000000002 8.5000000000000018 4.5000000000000009
decision_type=8 10 8 10 2 10 8 2 8 8 2 2 2 10
left_child=3 6 -3 5 -5 -1 7 -2 9 -8 -4 12 -12 -10
right_child=1 2 10 4 -6 -7 8 -9 13 -11 11 -13 -14 -15
leaf_value=-0.01074749191301874 0.0025782019939485251 0.0036898642645279505 0.0014077977507923371 -0.0029730009574875328 -0.00019829970927116671 0.00017842250288676749 -0.0058518417989231724 -0.0018801558269231056 0.00075459662914712151 -0.0006664035958396016 0.0064119139947915026 -0.00059625516066228997 -2.1341582034302469e-05 -0.00060960888059815536
leaf_weight=256.14681657333858 2225.4107085464057 2650.7589899427257 13444.698736387538 4040.2092905251775 1765.1285311356187 100.40900177392177 297.11990253976546 568.42772086430341 11682.857844287064 11626.60525992114 313.91969507932663 4601.3132934318855 393.08795896032825 6479.7418960740324
leaf_count=8599 26493 18214 94034 115124 42609 4428 4600 5595 121130 178483 1811 32119 2803 81309
internal_value=0.000206532 0.000520447 0.00132908 -0.00254087 -0.00213824 -0.00802712 -7.16389e-06 0.00165401 -0.00016391 -0.000819513 0.000986459 -8.38703e-05 0.00306994 0.000267561
internal_weight=60445.8 54283.9 21403.8 6161.89 5805.34 356.556 32880.2 2793.84 30086.3 11923.7 18753 5308.32 707.008 18162.6
internal_count=737351 566591 148981 170760 157733 13027 417610 32088 385522 183083 130767 36733 4614 202439
is_linear=0
shrinkage=0.03


Tree=26
num_leaves=15
num_cat=0
split_feature=19 16 18 23 19 20 16 29 6 12 23 7 23 16
split_gain=57.7185 37.9781 20.1808 17.2258 19.6153 14.0819 13.2647 11.906 12.4132 11.0777 12.5695 10.6141 10.602 8.777
threshold=7.8608585858585807 74.550000000000011 -16.966666666666654 -0.99499999999999988 -1.189027777777788 240.50000000000003 86.750000000000014 0.086656436303041581 0.59411764705882364 63.550000000000004 5.4050000000000011 7.5000000000000009 2.4050000000000007 79.750000000000014
decision_type=10 8 10 8 10 10 10 8 2 10 10 10 10 10
left_child=1 2 -1 4 -3 6 11 -4 -9 -2 13 -5 -10 -11
right_child=9 3 7 5 -6 -7 -8 8 12 10 -12 -13 -14 -15
leaf_value=-0.0057511711876755012 0.0066197284525124417 -0.0030873307777671282 -0.0030704619657136649 -0.00027093612400318299 0.0030758566110925503 -0.0044688453122249082 0.00079560935466806973 -0.0019115143857265334 -0.0018978233582984275 0.00098676529044316509 -0.0011418591362145907 -0.0035274465783552813 0.0028428331727949861 0.0031159499926273729
leaf_weight=1145.2157429247163 463.74852380389348 509.53719335375354 2630.7203544797376 25487.385682409396 2911.7516795762349 596.43814753415063 12571.856852414319 2407.3107325442834 587.35703263152391 2659.9256649017334 972.00929490430281 884.47587208775803 1256.3513131749351 5370.7265106691048
leaf_count=48001 3457 6714 49466 321693 21357 10178 148888 30678 6254 16721 6871 17013 19695 30794
internal_value=0.000145791 -0.000254271 -0.00214165 0.000100447 0.00212672 -7.73444e-05 -4.44294e-06 -0.00150382 -0.000509888 0.00229064 0.00203231 -0.000386624 0.00132235 0.00242119
internal_weight=60454.8 50988.4 8026.96 42961.4 3421.29 39540.2 38943.7 6881.74 4251.02 9466.41 9002.66 26371.9 1843.71 8030.65
internal_count=737780 679937 154094 525843 28071 497772 487594 106093 56627 57843 54386 338706 25949 47515
is_linear=0
shrinkage=0.03


Tree=27
num_leaves=15
num_cat=0
split_feature=16 15 23 29 33 6 32 26 25 17 31 17 11 16
split_gain=38.7864 23.9508 18.3774 14.8922 17.3606 13.5803 10.5029 9.04447 8.83735 12.8273 11.8501 10.3743 9.27376 8.98903
threshold=74.550000000000011 45.583333333333343 -0.79499999999999993 0.097473840619379068 2357.5000000000005 0.78174603174603186 0.053150003150003157 -0.051154245128175589 0.087187023522387566 68.789565217391313 0.021177529010805295 81.427922077922105 7.5000000000000009 86.350000000000009
decision_type=8 10 8 8 2 2 2 8 10 10 8 10 2 10
left_child=1 -1 -2 4 -4 -3 -7 8 10 -10 11 12 -5 -11
right_child=2 5 3 7 -6 6 -8 -9 9 13 -12 -13 -14 -15
leaf_value=-0.0095587372119416078 0.0020588205121698303 -0.0021797453674299513 -0.00037275758028767147 0.0033027695163586877 -0.0049314604390622747 -0.004225423530912229 0.0013391229250362059 -0.00019992244602226407 0.0044132633610488312 0.00026032410655096394 -0.0058280198010972964 -0.0044519722121446172 -0.00096189505197303324 0.0017268053746914652
leaf_weight=298.14187186444178 4713.3362407784443 6742.2506574201107 17244.05578693701 806.96421903348528 736.86817058245651 310.97339439461939 1945.0160728970077 9937.7385251501109 983.6356704083737 8043.3894143903162 305.90309720928781 324.74062100984156 951.3000784991309 7052.1497543761507
leaf_count=11351 37001 111057 246151 7786 8337 8412 32303 118314 9444 65630 3225 3594 11115 62830
internal_value=-4.04718e-05 -0.00181748 0.000284271 0.000101937 -0.000572733 -0.00150958 0.0004971 0.00052926 0.000921116 0.00117381 -0.000768924 9.3237e-05 0.0010326 0.000948856
internal_weight=60396.5 9296.38 51100.1 46386.7 17980.9 8998.24 2255.99 28405.8 18468.1 16079.2 2388.91 2083 1758.26 15095.5
internal_count=736550 163123 573427 536426 254488 151772 40715 281938 163624 137904 25720 22495 18901 128460
is_linear=0
shrinkage=0.03


Tree=28
num_leaves=15
num_cat=0
split_feature=35 35 16 22 14 35 13 23 29 15 5 4 33 29
split_gain=109.275 51.4446 20.1897 15.0445 14.869 14.6807 13.4253 13.1886 12.7791 9.94367 11.7332 10.3617 9.94194 10.7674
threshold=1.5000000000000002 8.5000000000000018 81.550000000000011 3.5000000000000004 76.350000000000009 3.5000000000000004 55.550000000000004 -0.80499999999999994 0.065544701663207167 76.783333333333346 9.5000000000000018 2.7795138888888897 50.500000000000007 0.11572119182936651
decision_type=2 2 10 8 8 2 8 8 8 10 2 2 2 10
left_child=7 2 3 8 5 -4 -5 -1 -2 10 11 12 13 -10
right_child=1 -3 4 6 -6 -7 -8 -9 9 -11 -12 -13 -14 -15
leaf_value=0.0042380026326079342 0.0011436166715755281 -0.005153197396909147 0.0027277640075145399 -0.0038589551607444675 -0.00045746628822102898 -0.00012460600089916961 -0.00043852899837391516 0.0016976529270008496 -0.0024737423393833089 6.8111228144984674e-05 0.0008477199232597006 -0.0099303333163745979 -0.0040725078677446369 0.0061424767525508133
leaf_weight=2097.9018449112773 760.73387033236213 2290.9016010384075 3145.9290604367852 1069.3526768018492 13979.667523936136 3293.1672747402918 13659.075014858041 14473.836962834001 340.0358014232479 842.42989580519497 492.77990374155343 212.48737853672355 3577.7678682985716 146.47601040126756
leaf_count=9751 9577 138638 23227 21654 153796 55947 195171 69646 4123 7917 5899 1812 38263 1530
internal_value=-4.04219e-05 -0.000825385 -0.000580683 -0.00123029 9.19968e-05 0.00127925 -0.000699084 0.00203103 -0.00244299 -0.00293498 -0.00346061 -0.00396109 -0.00353212 0.000451064
internal_weight=60382.5 43810.8 41519.9 21101.1 20418.8 6439.1 14728.4 16571.7 6372.71 5611.98 4769.55 4276.77 4064.28 486.512
internal_count=736951 657554 518916 285946 232970 79174 216825 79397 69121 59544 51627 45728 43916 5653
is_linear=0
shrinkage=0.03


Tree=29
num_leaves=15
num_cat=0
split_feature=35 35 17 5 22 34 16 32 31 16 33 2 23 31
split_gain=109.537 33.162 17.8605 16.3819 14.3599 13.2825 13.37 14.2972 12.0734 11.1668 10.2391 10.1522 9.51539 9.07776
threshold=2.5000000000000004 7.5000000000000009 55.589181286549717 7.5000000000000009 6.5000000000000009 0.040498214826196359 65.550000000000011 0.11561804508800977 0.0037114017060030295 89.450000000000017 2357.5000000000005 7.5000000000000009 -0.19499999999999998 0.0042294339252498059
decision_type=2 2 8 2 10 2 8 2 10 10 2 10 8 10
left_child=3 2 -2 5 9 6 -1 -8 -9 -4 11 -6 -3 -14
right_child=1 12 4 -5 10 -7 7 8 -10 -11 -12 -13 13 -15
leaf_value=-0.0045326891413791683 -0.0053891502697705823 -0.0092410734052769446 -0.0015553044356783623 0.0026284388739106898 0.00023456664924199541 0.0050749149374902857 0.0017218515507149645 -0.00078145551705456758 0.0010566053675425957 0.00041755119597282689 -0.0037121208476248412 0.0040789938547085847 -0.0043957990699331241 -0.0011793435876538147
leaf_weight=376.91146551817656 746.07306951493956 243.75653143995441 16415.128056776477 5887.2363076619804 6139.9762516851479 604.65595195069909 9345.4312150031328 6105.1337156184018 6688.2413496263325 3040.4504601419903 478.35874186316505 638.41881131706759 2566.4923470511567 1197.828214374138
leaf_count=2237 15135 9223 216558 34086 93202 3183 52356 32684 34935 37406 6651 9414 134004 56975
internal_value=-0.000107676 -0.00133255 -0.000956411 0.00122103 -0.000822768 0.000857755 0.00073351 0.000833179 0.000179836 -0.00124671 0.000314598 0.000623868 -0.00386583 -0.00340118
internal_weight=60474.1 31466.5 27458.4 29007.6 26712.3 23120.4 22515.7 22138.8 12793.4 19455.6 7256.75 6778.4 4008.08 3764.32
internal_count=738049 578568 378366 159481 363231 125395 122212 119975 67619 253964 109267 102616 200202 190979
is_linear=0
shrinkage=0.03


Tree=30
num_leaves=15
num_cat=0
split_feature=19 18 12 32 5 3 31 26 12 17 6 10 33 20
split_gain=60.0279 29.0638 15.4844 14.8672 12.1472 12.0279 10.5661 11.4625 10.1548 9.67433 10.2895 9.56763 9.55028 9.31436
threshold=5.0548809523809561 -16.066666666666656 63.550000000000004 0.15258024887057148 9.5000000000000018 53.250000000000007 0.0047266150882802416 0.83730574800354984 84.750000000000014 62.17687165775402 0.81534090909090928 284.50000000000006 96.500000000000014 328.50000000000006
decision_type=10 8 10 2 2 2 8 10 10 10 2 2 2 10
left_child=1 3 9 4 -1 -3 11 -8 -9 10 -2 -4 -13 -7
right_child=2 5 6 -5 -6 13 7 8 -10 -11 -12 12 -14 -15
leaf_value=-0.0049902588235470309 -0.0023121930921544548 0.0022967472290384401 8.0619228770982405e-05 0.002775728854847117 0.0020307728427221517 -0.00044120221381601288 0.0023033509909500638 0.0018650370141709335 -0.007743187223879483 0.0068610382260819855 0.0073922710973430596 0.0056408057148673758 0.0012145216935030266 -0.0060350721864765372
leaf_weight=2191.3455680031329 269.89605292398483 1407.5209525963292 8070.7803333862685 263.43864456587471 219.23134815786034 36511.218185431353 7420.6112570336554 163.54315836541355 152.17420619865879 689.40588327567093 92.544342383742332 507.83733046194538 2273.9644208708778 220.25394427310675
leaf_count=76424 2394 23169 57539 4235 12032 482122 47128 1096 978 5769 834 4115 16064 4297
internal_value=6.39427e-05 -0.000591793 0.00142459 -0.00358593 -0.00432344 -0.000377447 0.00121596 0.00206005 -0.00319155 0.00488921 0.00076148 0.000607549 0.0021079 -0.000482903
internal_weight=60453.8 40813 19640.8 2674.02 2410.58 38139 18588.9 7736.33 315.717 1051.85 362.44 10852.6 2781.8 36731.5
internal_count=738196 602279 135917 92691 88456 509588 126920 49202 2074 8997 3228 77718 20179 486419
is_linear=0
shrinkage=0.03


Tree=31
num_leaves=15
num_cat=0
split_feature=35 35 35 19 34 5 14 16 33 16 1 31 27 21
split_gain=99.0496 43.8942 17.3339 12.2456 11.9666 11.9545 13.468 12.084 12.28 10.9886 13.0196 10.1291 9.91231 9.54299
threshold=4.5000000000000009 1.5000000000000002 8.5000000000000018 -3.2416666666666631 0.00062517205882182188 8.5000000000000018 76.350000000000009 85.850000000000009 44.500000000000007 77.250000000000014 1526.5000000000002 0.026042520124832529 -189.49999999999997 0.51315789473684215
decision_type=2 2 2 10 2 2 8 10 2 10 2 10 10 10
left_child=1 13 3 4 -2 6 7 8 -3 -4 -11 -5 -9 -1
right_child=2 5 9 11 -6 -7 -8 12 -10 10 -12 -13 -14 -15
leaf_value=0.0020583590543310779 -0.0046500791581633016 0.0032662344246677786 -0.0071336257879718885 -0.0012842857214783994 -0.0012185426704407942 0.0014304202813729655 -0.0009133698033166591 -0.0025917613294442702 -0.00031807571279882357 -0.0046676156948329576 0.0013141651643177039 0.0038854153282491108 0.0038523363108814656 -0.0011919305930118177
leaf_weight=15744.333206631243 2043.1319940409157 916.04592998698354 859.32395914988592 9188.5978542927187 1708.0704485310707 4141.0776068903506 13876.622162238229 217.7877231054008 7807.7721043927595 941.19081010576338 461.70832975208759 306.59602149948478 1345.0759009104222 825.92362648993731
leaf_count=75517 57678 7967 66369 175661 44846 36502 112659 1810 65906 48400 23755 5481 10975 3760
internal_value=-4.49811e-05 0.000669509 -0.00210789 -0.00168128 -0.00312415 -4.89846e-05 -0.000304953 0.000516242 7.4764e-05 -0.00451548 -0.00272147 -0.00109788 0.00290183 0.00189325
internal_weight=60383.3 44874.6 15508.6 13246.4 3751.2 28304.4 24163.3 10286.7 8723.82 2262.22 1402.9 9495.19 1562.86 16570.3
internal_count=737286 315096 422190 283666 102524 235819 199317 86658 73873 138524 72155 181142 12785 79277
is_linear=0
shrinkage=0.03


Tree=32
num_leaves=15
num_cat=0
split_feature=16 12 6 31 16 13 8 8 4 31 16 14 33 24
split_gain=25.0867 14.3506 14.5061 12.8912 13.26 11.6627 10.6716 16.7945 10.5102 10.2375 9.72815 10.5632 9.35696 9.32904
threshold=74.550000000000011 54.250000000000007 0.82843137254901966 -0.0026866111912881669 81.250000000000014 57.250000000000007 1.0000000180025095e-35 1.5000000000000002 3.5156250000000004 -0.0065103631151907848 76.450000000000017 87.750000000000014 2594.5000000000005 0.054729327297182419
decision_type=8 10 2 8 10 10 2 2 2 10 8 10 2 8
left_child=1 5 -3 9 -5 -1 -6 -8 12 -2 -11 -12 -9 -10
right_child=3 2 -4 4 6 -7 7 8 13 10 11 -13 -14 -15
leaf_value=-0.0072106926182582201 1.425564002016231e-05 -0.0017554861084101408 0.0012946227964980631 -0.00031344319073040483 0.0085723538152985487 -0.001144624576870924 -0.00429350820847927 0.001367576837974948 -0.0057631059699710307 0.0027227809698099556 -0.0022515873577977292 0.0025982366735969381 -0.0006860520473736376 -0.00011477037829652867
leaf_weight=631.1120501679834 10351.350216489751 6336.4944416608196 1758.9518390125595 12571.147814876866 112.69299773452803 528.92920964676887 509.90712816035375 18212.538491459098 304.15259034861811 402.80895977094769 5105.114715980133 397.36725966772065 2211.4550675796345 1032.6543128071353
leaf_count=22418 133641 98421 29484 142332 868 12989 4176 189560 3356 5641 63413 4564 19470 7495
internal_value=-0.000119202 -0.00155214 -0.00108889 0.000141037 0.000465464 -0.00460641 0.000902644 0.000844718 0.000974686 -0.000555826 -0.00154685 -0.00188111 0.00114408 -0.00156134
internal_weight=60466.7 9255.49 8095.45 51211.2 34954.5 1160.04 22383.4 22270.7 21760.8 16256.6 5905.29 5502.48 20424 1336.81
internal_count=737828 163312 127905 574516 367257 35407 224925 224057 219881 207259 73618 67977 209030 10851
is_linear=0
shrinkage=0.03


Tree=33
num_leaves=15
num_cat=0
split_feature=35 35 35 18 18 7 4 17 21 16 29 17 16 29
split_gain=85.2573 33.1651 16.7501 13.5277 12.7871 17.6049 12.7489 11.3843 10.4574 10.699 9.55613 9.53769 10.3222 10.0643
threshold=2.5000000000000004 7.5000000000000009 1.5000000000000002 -14.499999999999995 -4.4999999999999956 7.5000000000000009 0.91666666666666796 55.589181286549717 0.13819628647214857 84.450000000000017 0.13143023449193417 68.125961538461553 75.250000000000014 0.049714248391626671
decision_type=2 2 2 10 10 10 2 8 8 10 10 10 10 10
left_child=2 4 6 -3 5 7 8 -2 9 -1 -11 13 -13 -6
right_child=1 3 -4 -5 11 -7 -8 -9 -10 10 -12 12 -14 -15
leaf_value=0.0026182405690697739 -0.0046250764902756869 -0.006360968507198945 0.00036555212891341092 -0.0024303328336471039 -0.0050713598120772077 -0.0054152237413748073 0.00089371748623814614 -0.00077920474461722143 0.0014776310187626371 0.0078761699730244307 0.0023055155782473339 -0.0041760271850462358 7.529812065951032e-05 0.0032955523415193907
leaf_weight=3561.0614622607827 677.51113301399164 1110.5758898183703 12365.774008370936 2856.1620957141276 99.437863065395504 788.29501234926283 7461.588991753757 15893.005711253063 4357.4307822361588 778.46671913564205 500.07765983045101 497.98477065982297 8264.0019486299716 1219.9258115999401
leaf_count=16981 14335 83346 79653 116312 1184 13061 35554 239025 20954 3789 2375 5624 91671 13599
internal_value=3.31463e-05 -0.0010493 0.00120423 -0.00359628 -0.000675235 -0.00116764 0.00182384 -0.00094989 0.00256953 0.00352748 0.00586609 0.0001742 -0.000188649 0.00250281
internal_weight=60431.3 31406.9 29024.4 3966.74 27440.2 17358.8 16658.6 16570.5 9197.04 4839.61 1278.54 10081.4 8761.99 1319.36
internal_count=737463 578157 159306 199658 378499 266421 79653 253360 44099 23145 6164 112078 97295 14783
is_linear=0
shrinkage=0.03


Tree=34
num_leaves=15
num_cat=0
split_feature=35 35 18 16 30 5 35 20 31 5 6 18 30 15
split_gain=81.4796 39.1207 19.0659 13.4098 12.4273 11.5196 12.3005 10.7551 8.92368 8.21653 10.9079 10.8859 16.0031 11.3732
threshold=2.5000000000000004 6.5000000000000009 -13.33333333333333 64.65000000000002 1965.5000000000002 7.5000000000000009 1.5000000000000002 14.500000000000002 0.0039687756083712509 7.5000000000000009 0.57518796992481214 -13.33333333333333 1447.5000000000002 72.741666666666688
decision_type=2 2 10 8 8 2 2 8 8 2 2 10 10 10
left_child=3 4 -3 -1 9 6 -5 -6 -9 10 -2 12 -12 -13
right_child=1 2 -4 5 7 -7 -8 8 -10 -11 11 13 -14 -15
leaf_value=-0.0042884938610993394 -2.8804916339441996e-05 -0.0056220919694292991 -0.0020736056948875569 0.0014444284703178292 0.00020530984060106966 0.002346114051659025 3.4653276028283687e-05 -0.0039849326482141222 -0.00077711234650922121 0.00085994682269732064 -0.0060625970234835791 0.000826283066639784 0.0051903184838075775 -0.0024389199690376859
leaf_weight=363.94960207492113 10470.802993610967 1956.6830510301515 4605.4016776294447 13284.036598324776 1497.2490117938723 5857.1475017182529 9570.6393086574972 2151.7046821208205 1253.8769515375607 4690.808548997622 792.27723371656612 1653.7121101790108 92.55275395931676 2175.8622265239246
leaf_count=2187 129918 117773 152187 62834 18268 33801 60786 27177 14901 59730 12745 19922 1536 24195
internal_value=-5.52543e-05 -0.00111555 -0.00316621 0.0010876 -0.000567199 0.00116308 0.000855434 -0.00191188 -0.0028322 -0.000231539 -0.000570422 -0.00176044 -0.0046709 -0.00103644
internal_weight=60416.7 31340.9 6562.08 29075.8 24778.8 28711.8 22854.7 4902.83 3405.58 19876 15185.2 4714.4 884.83 3829.57
internal_count=737960 578352 269960 159608 308392 157421 123620 60346 42078 248046 188316 58398 14281 44117
is_linear=0
shrinkage=0.03


Tree=35
num_leaves=15
num_cat=0
split_feature=35 35 13 32 7 21 4 24 13 5 6 1 35 16
split_gain=83.0754 40.1903 15.8569 13.7331 11.3724 9.42759 11.0913 8.72781 8.55476 8.98921 8.46453 7.87308 7.54635 7.26466
threshold=1.5000000000000002 8.5000000000000018 54.550000000000004 0.054564838146927711 8.5000000000000018 0.25962962962962971 -0.41287878787878535 0.069437539786301891 46.150000000000013 9.5000000000000018 0.78174603174603186 1592.5000000000002 2.5000000000000004 78.550000000000011
decision_type=2 2 10 2 10 10 2 10 8 2 2 2 2 10
left_child=-1 2 3 12 5 -4 10 -8 -5 -10 -7 -3 -2 -13
right_child=1 11 4 8 -6 6 7 -9 9 -11 -12 13 -14 -15
leaf_value=0.0018399552516369213 0.0015964943356550016 -0.0055848793326640301 0.00011834101307608854 0.0023186069479770566 -0.0042366255006122304 -0.00054907832864110558 -0.0051703263719001767 -0.0014193689007454824 -0.001948938403271185 0.0017703439290839076 0.0045107710449252799 -0.0055379791043324213 -0.0071785966228882225 0.00087517778671513573
leaf_weight=16632.393029116094 85.604415610432625 1630.7615050154272 28801.40107747505 506.22534165298566 554.31257434585132 1040.6132771177217 694.76353140221909 2507.7793064415455 5748.8317867417354 611.55251077888533 361.88931130152196 197.43472265056334 507.68282951950096 413.95240937988274
leaf_count=79454 572 102234 354874 8528 8438 11594 8492 24439 76957 8713 4118 14990 12269 21332
internal_value=3.89129e-05 -0.000648475 -0.000433935 -0.00168146 -0.000157831 -8.39208e-05 -0.00133661 -0.00230008 -0.00127819 -0.00158031 0.000866853 -0.00451589 -0.00588678 -0.00145792
internal_weight=60295.2 43662.8 41420.7 7459.9 33960.8 33406.4 4605.05 3202.54 6866.61 6360.38 1402.5 2242.15 593.287 611.387
internal_count=737004 657550 518994 107039 411955 403517 48643 32931 94198 85670 15712 138556 12841 36322
is_linear=0
shrinkage=0.03


Tree=36
num_leaves=15
num_cat=0
split_feature=18 17 13 25 34 19 11 24 17 28 22 31 17 32
split_gain=48.4174 30.1047 15.8202 14.3266 10.4031 9.88827 9.40671 12.2159 13.2299 11.4875 11.4653 9.1564 8.98221 8.77948
threshold=-2.4333333333333296 53.257738095238103 70.250000000000014 0.13924320581706742 -0.013185520916942113 -0.055555555555564233 27.500000000000004 0.16541505749540703 74.201111111111132 1.7500000000000002 6.5000000000000009 -0.0032629288276940483 69.188989898989917 0.061338935574229696
decision_type=10 8 8 10 2 10 2 10 10 10 10 8 10 2
left_child=1 13 11 -4 5 -3 7 10 9 12 -5 -2 -9 -1
right_child=2 4 3 6 -6 -7 -8 8 -10 -11 -12 -13 -14 -15
leaf_value=-0.01075033853345485 0.00082001626458933527 -0.0030747691447516844 -0.00011142607960208393 -0.0010465330047815882 -0.00036266235201505088 -0.00056102526471158961 0.0058263587340606753 0.0035884053914332689 0.002646705604910907 0.005008995320186822 0.0029571914048904815 0.0045717440596464067 -0.0043104098346429115 -0.0036151005141863927
leaf_weight=243.0525018456392 933.01868346426636 2644.7544142589904 8896.1326089568902 2678.7334260572679 32240.418652091874 3008.2410082693677 393.62600796623155 120.84236549958587 5524.293062384706 164.31730081140995 792.52506928774528 1646.8672836236656 610.27691437583417 517.79273039870895
leaf_count=10960 6894 55989 68741 18241 469140 35626 3113 733 32045 964 6137 10867 3610 15165
internal_value=-5.84409e-05 -0.000695403 0.00107202 0.000770522 -0.000572221 -0.00175373 0.00153025 0.00133083 0.00210117 -0.00122642 -0.000103429 0.00325631 -0.00285873 -0.00641681
internal_weight=60414.9 38654.3 21760.6 19180.7 37893.4 5653 10284.6 9890.99 6419.73 895.437 3471.26 2579.89 731.119 760.845
internal_count=738225 586880 151345 133584 560755 91615 64843 61730 37352 5307 24378 17761 4343 26125
is_linear=0
shrinkage=0.03


Tree=37
num_leaves=15
num_cat=0
split_feature=35 35 1 17 17 33 29 2 20 29 21 20 1 23
split_gain=78.7569 34.1596 14.3833 12.8625 11.8158 11.3831 8.84685 9.57832 8.66578 13.5394 7.79155 7.77801 8.40309 12.4789
threshold=1.5000000000000002 6.5000000000000009 1620.5000000000002 58.001898734177225 61.967479674796756 180.50000000000003 0.11368568068215233 4.5000000000000009 223.50000000000003 0.097473840619379068 0.13819628647214857 13.500000000000002 1077.5000000000002 -0.044999999999999991
decision_type=2 2 2 8 10 2 10 10 8 10 10 10 2 10
left_child=11 3 8 5 -4 6 7 -2 -3 -10 -6 12 13 -1
right_child=1 2 4 -5 10 -7 -8 -9 9 -11 -12 -13 -14 -15
leaf_value=0.0019126550653885748 -0.0048140854460482756 -0.0027996432629567025 -0.0070408322988701911 -0.00023515216820486462 0.003559977525769178 -0.0058525992538232315 0.0051372293661561376 0.0039984051385789374 -0.0096790064878696028 -0.00095325325930764864 -0.0020062401764581999 0.0013151188958764749 0.0021529756359723053 0.0097013532374169448
leaf_weight=435.01908774673939 325.09564503608271 4825.2436693394557 110.60299849463627 35789.305609371979 626.77311457856558 654.99375408608466 150.31202373979613 114.23742470820434 394.763475806918 268.66840425948612 300.71949428017251 12107.468499198556 3847.2343896701932 318.84856656193733
leaf_count=1995 4691 195516 7110 369479 23803 9305 1920 2033 21612 11573 9979 57823 18407 1524
internal_value=-2.43913e-05 -0.000696077 -0.00268866 -0.000341758 0.000528346 -0.00327972 -0.000187613 -0.00234821 -0.00329638 -0.00645982 0.00174494 0.00172361 0.00277282 0.00560541
internal_weight=60269.3 43560.7 6526.77 37033.9 1038.1 1244.64 589.645 439.333 5488.68 663.432 927.493 16708.6 4601.1 753.868
internal_count=736770 657021 269593 387428 40892 17949 8644 6724 228701 33185 33782 79749 21926 3519
is_linear=0
shrinkage=0.03


Tree=38
num_leaves=15
num_cat=0
split_feature=35 35 5 12 13 13 33 0 30 35 1 24 31 0
split_gain=65.4628 23.6171 12.551 13.0604 12.3549 12.2522 12.1842 11.0274 10.1833 10.8593 10.7002 10.7392 10.1557 13.2998
threshold=1.5000000000000002 8.5000000000000018 9.5000000000000018 57.350000000000001 79.450000000000017 55.550000000000004 4248.0000000000009 9.5000000000000018 432.50000000000006 3.5000000000000004 1551.5000000000002 0.06276532380106413 -0.010359690276687579 8.5000000000000018
decision_type=2 2 2 10 10 8 2 2 10 2 2 10 10 2
left_child=12 2 3 5 -4 7 -6 -2 -5 10 -10 -12 13 -1
right_child=1 -3 4 8 6 -7 -8 -9 9 -11 11 -13 -14 -15
leaf_value=-0.0036078678699354252 -0.0082156612632438859 -0.0035714351998984446 -1.318094261335644e-05 0.00043280627767505595 0.0041835681500927771 -0.0014758231872949962 -0.0059774138921349744 0.0015732502795738964 0.00041836772521576808 -0.0014485817178524808 0.001178441857986658 -0.0025469101557788199 0.001860326880731764 0.0015879603101360692
leaf_weight=700.32741032540798 416.12614205712453 2229.1446413835511 2857.6765431356616 9574.0305159208365 1263.2027547392063 4474.8803312458331 72.129199297167361 114.74519697483629 8910.2560315374285 10305.348008684581 923.13255475461483 2507.018386952579 14952.9715167135 1037.0951406434178
leaf_count=3227 9005 138755 40266 114800 15371 68285 868 2854 65023 177988 7033 17980 71136 5226
internal_value=1.34926e-05 -0.000597625 -0.000433461 -0.000608993 0.00111372 -0.00202705 0.00343878 -0.00614654 -0.00038588 -0.00073219 -0.000130507 -0.00154181 0.00160866 -0.000548733
internal_weight=60338.1 43647.7 41418.5 37225.5 4193.01 5005.75 1335.33 530.871 32219.8 22645.8 12340.4 3430.15 16690.4 1737.42
internal_count=737817 658228 519473 462968 56505 80144 16239 11859 382824 268024 90036 25013 79589 8453
is_linear=0
shrinkage=0.03


Tree=39
num_leaves=15
num_cat=0
split_feature=35 35 17 29 6 28 31 31 29 12 0 2 31 4
split_gain=66.3534 31.169 16.0719 12.8705 15.6486 13.7482 12.6793 17.2846 10.0214 9.75799 9.13251 15.1337 10.652 8.61657
threshold=1.5000000000000002 5.5000000000000009 55.062019230769238 0.09582261066000243 0.93541666666666679 2.7500000000000004 -0.0024572739725173061 1.0000000180025095e-35 0.080004753981459495 70.850000000000009 8.5000000000000018 3.5000000000000004 -0.0091626863737572749 0.052777777777777153
decision_type=2 2 8 10 2 8 10 10 10 8 2 8 10 2
left_child=6 -2 -3 5 -5 -4 10 8 -8 -7 11 -1 -13 -12
right_child=1 2 3 4 -6 9 7 -9 -10 -11 13 12 -14 -15
leaf_value=-0.0077703307294552503 -0.00024859191330476026 -0.0075074930474518346 -0.0021147285432023743 -0.0013093414501795086 0.0041349273751566081 -0.0012829504534942521 0.010134758419828816 0.0016129856604378027 0.0036169828434591059 -0.0080969436064283803 0.0032853119781143694 -0.0029849893507112634 0.002040972803197144 -8.5956758063850477e-05
leaf_weight=243.50702987611294 33381.769662736217 433.80333994096145 4298.4821034843917 4096.1626376251224 487.67843075329438 291.43590993760154 257.4945934265852 10817.826048776507 1101.1184898763895 632.22076316433959 1049.7706305384636 653.08518902957439 775.38869843631983 1791.0992514267564
leaf_count=1134 313144 26976 151074 118150 14270 9788 1253 51265 5233 24142 5266 2998 3517 8915
internal_value=-7.84717e-05 -0.00069396 -0.0021376 -0.00186316 -0.000691755 -0.00287508 0.00152753 0.00202918 0.00516818 -0.00612326 0.000166581 -0.00156491 -0.00028009 0.00119508
internal_weight=60310.8 43621.6 10239.8 9805.98 4583.84 5222.14 16689.3 12176.4 1358.61 923.657 4512.85 1671.98 1428.47 2840.87
internal_count=737125 657544 344400 317424 132420 185004 79581 57751 6486 33930 21830 7649 6515 14181
is_linear=0
shrinkage=0.03


Tree=40
num_leaves=15
num_cat=0
split_feature=18 18 12 13 12 31 34 11 24 11 1 30 32 12
split_gain=36.5734 22.3275 19.8638 15.5569 13.8781 13.2283 12.051 11.1091 11.9136 10.8784 11.7678 8.35417 8.28401 8.13908
threshold=-16.966666666666654 -4.4333333333333327 62.550000000000004 57.250000000000007 70.65000000000002 -0.0078485943088408543 -0.012456339074008555 31.500000000000004 0.013261545242792936 13.500000000000002 1451.5000000000002 903.50000000000011 0.15847158587181076 58.150000000000013
decision_type=8 8 8 10 10 10 2 2 8 2 2 10 2 10
left_child=3 9 6 4 11 -5 -3 8 -4 10 -2 -1 -11 -8
right_child=1 2 7 5 -6 -7 13 -9 -10 12 -12 -13 -14 -15
leaf_value=-0.0090679151103007574 0.00037396098307048803 -0.0011501812804384092 -0.0043390488391612326 -0.006805213750482428 0.00095266039602744026 0.00096238616575820835 0.0019458342613821163 0.0028355525501336585 0.00038244483477774618 -0.0017556768696199297 -0.0014880794927399263 -0.002580046209020052 0.0016353513119952579 0.0085949136369901126
leaf_weight=720.96375421551056 10903.441193879116 235.37247675936669 438.67190122464672 210.12925712065771 203.79592727287672 779.2346353942994 294.44399810535833 1601.1341458763927 31409.092851615977 7885.7296696763951 4186.5240590216126 299.20306277391501 667.34383150469512 477.91051497403532
leaf_count=28777 158894 2033 4702 8334 3801 26341 2479 15282 262249 134408 64337 13617 8327 4027
internal_value=-6.82169e-05 7.74661e-05 0.000564304 -0.00380962 -0.00600505 -0.000935371 0.00461305 0.000435622 0.000310711 -0.00063173 -0.000145847 -0.00737455 -0.00148313 0.00633252
internal_weight=60313 58099.7 34456.6 2213.33 1223.96 989.364 1007.73 33448.9 31847.8 23643 15090 1020.17 8553.07 772.355
internal_count=737608 656738 290772 80870 46195 34675 8539 282233 266951 365966 223231 42394 142735 6506
is_linear=0
shrinkage=0.03


Tree=41
num_leaves=15
num_cat=0
split_feature=35 35 35 8 8 17 20 21 26 10 9 30 19 3
split_gain=64.6885 20.2996 16.7327 11.2317 12.2226 9.47831 8.93586 10.7664 11.2269 9.20942 8.9234 11.3798 9.6128 8.98981
threshold=4.5000000000000009 1.5000000000000002 9.5000000000000018 1.5000000000000002 1.0000000180025095e-35 55.589181286549717 22.500000000000004 0.23861283643892342 -0.10851053834021765 242.50000000000003 73.000000000000014 1185.5000000000002 -9.4197222222222248 59.750000000000007
decision_type=2 2 2 2 2 8 10 10 10 2 2 10 10 2
left_child=1 6 3 4 -2 -3 7 -1 9 -9 11 12 -7 -14
right_child=2 5 -4 -5 -6 10 -8 8 -10 -11 -12 -13 13 -15
leaf_value=0.0023361417441840632 -0.0022663227603224255 -0.0039456691794053107 -0.0050860707988340239 -0.0011405636947464744 -0.0090488299948929193 0.0053597475818931463 0.00036883321454176494 -0.0051197475726562428 0.001483928335260228 0.0012500019665324213 0.00053920456462139743 -0.001821104613614573 -0.00065845937069333965 0.0020286829846476711
leaf_weight=8750.7644482329488 1030.4109742869623 476.08918495336547 1179.6226527295075 12860.572496640496 285.54727442539297 260.05189971067011 5514.2404525950551 488.54998881369829 1649.4566182047129 302.6417403370142 17224.168150950689 3982.3703364208341 4901.0236018765718 1398.2961149923503
leaf_count=41842 28566 4749 89242 296834 7830 2271 26328 2301 7711 1437 143513 32981 40951 11216
internal_value=-3.99569e-05 0.00053453 -0.00171776 -0.0014206 -0.0040154 4.36538e-05 0.00136178 0.00184721 8.24824e-05 -0.00275376 0.000119026 -0.000566808 0.000202725 -5.07006e-05
internal_weight=60303.8 44947.7 15356.2 14176.5 1315.96 28242 16705.7 11191.4 2440.65 791.192 27765.9 10541.7 6559.37 6299.32
internal_count=737772 315300 422472 333230 36396 235681 79619 53291 11449 3738 230932 87419 54438 52167
is_linear=0
shrinkage=0.03


Tree=42
num_leaves=15
num_cat=0
split_feature=35 35 17 16 23 29 23 35 30 30 35 14 30 0
split_gain=65.8155 22.093 15.913 12.927 12.77 11.1252 10.8018 9.32453 8.98741 10.174 8.60922 8.25494 7.80263 7.9875
threshold=1.5000000000000002 8.5000000000000018 52.541428571428575 78.550000000000011 3.8050000000000002 0.074648283178554195 -0.99499999999999988 4.5000000000000009 1495.5000000000002 1881.5000000000002 5.5000000000000009 42.150000000000013 2358.5000000000005 13.500000000000002
decision_type=2 2 8 10 10 8 8 2 10 10 2 8 8 2
left_child=6 2 -2 -3 10 7 -1 -6 -9 -10 11 -4 13 -12
right_child=1 3 4 -5 5 -7 -8 8 9 -11 12 -13 -14 -15
leaf_value=0.0036105181650596171 -0.0053637456102675939 -0.0060998996530419554 0.0058887040566996994 -0.0014385441983864179 0.0003634246928493205 0.00073276177335306557 0.0013009326160551172 -0.0038097502901960961 0.0079594083568588301 -0.0034644553772997149 -0.0019657010637528331 -0.00060121117847785472 -0.0052920648885207422 0.0026620634596749722
leaf_weight=2060.5937494412065 536.673109899275 934.77281071222387 128.18497086083516 1265.5387111727614 1520.2252257242799 11795.852986709331 14692.822416618466 1309.4176752890926 93.447464033961296 96.147854037350044 3136.2028680013027 21904.273425017949 533.76533527113497 331.60620161145926
leaf_count=9512 12886 72533 1231 65901 14020 161920 70313 32936 2413 2475 75022 196649 12517 7369
internal_value=-4.25718e-07 -0.000614754 -0.000456755 -0.00351039 -0.000385808 0.000316664 0.0015949 -0.00129444 -0.00293323 0.00265211 -0.000785402 -0.000550205 -0.00205762 -0.00149163
internal_weight=60339.5 43586.1 41385.8 2200.31 40849.1 14815.1 16753.4 3019.24 1499.01 189.595 26034 22032.5 4001.57 3467.81
internal_count=737697 657872 519438 138434 506552 213764 79825 51844 37824 4888 292788 197880 94908 82391
is_linear=0
shrinkage=0.03


Tree=43
num_leaves=15
num_cat=0
split_feature=35 35 8 12 33 19 2 26 2 30 29 23 19 23
split_gain=46.8836 20.1971 11.4275 21.7343 11.4564 11.4381 11.8781 11.829 11.4551 11.2215 10.1062 18.1793 9.57899 9.86481
threshold=2.5000000000000004 7.5000000000000009 1.5000000000000002 87.250000000000014 212.50000000000003 5.2774305555555445 7.5000000000000009 -0.16484879941516703 3.5000000000000004 300.50000000000006 0.11777825608647824 1.7550000000000001 7.8608585858585807 -0.99499999999999988
decision_type=2 2 2 8 2 10 10 10 10 10 10 8 8 10
left_child=12 2 3 -2 5 6 -4 -8 -7 -9 -3 -12 13 -1
right_child=1 10 4 -5 -6 8 7 9 -10 -11 11 -13 -14 -15
leaf_value=0.0022893011424069808 -0.0071998986241528758 -0.0036205359902012207 -0.00041750587356672371 -0.00085767924048625306 -0.00083235163971945411 0.0063472559267306917 -0.0052709003057727754 -0.00083773789971896813 0.0011010642327740783 0.007783533162249983 -0.0074971364057076322 0.0023867834035918539 0.0016107528541097931 0.00020830200977610346
leaf_weight=2282.4025527089834 594.06416973960586 3056.4925002877135 6755.5539852450602 2056.4806794149335 15306.527377870865 475.41651569679379 73.867056510411203 183.5832800406497 1406.9350245040841 389.94917010888457 168.36927293613553 668.72087770886719 9789.8850074149668 17059.291244208813
leaf_count=12041 8928 164696 103532 31284 203553 5067 929 2876 15821 5958 6023 29225 49232 98152
internal_value=-1.60507e-05 -0.00082477 -0.000533202 -0.00238614 -0.000329053 0.000500633 -3.56332e-05 0.00369342 0.00255602 0.00517804 -0.00283217 8.82513e-05 0.000848244 0.000459138
internal_weight=60267.5 31136 27242.4 2650.54 24591.8 9285.31 7402.95 647.4 1882.35 573.532 3893.58 837.09 29131.6 19341.7
internal_count=737317 577892 377948 40212 337736 134183 113295 9763 20888 8834 199944 35248 159425 110193
is_linear=0
shrinkage=0.03


Tree=44
num_leaves=15
num_cat=0
split_feature=35 13 4 34 20 16 30 19 18 20 26 30 0 29
split_gain=50.2409 21.852 13.2952 13.5893 12.8714 11.9937 11.783 14.7045 11.3223 9.36661 8.25189 10.6673 9.09989 8.15769
threshold=2.5000000000000004 57.650000000000013 2.0147058823529425 0.04327636124123737 242.50000000000003 64.65000000000002 306.50000000000006 5.2774305555555445 -16.966666666666654 209.50000000000003 -0.026084994231668653 280.50000000000006 7.5000000000000009 0.11622966136055142
decision_type=2 10 2 2 10 8 10 10 8 10 10 10 2 10
left_child=2 8 3 5 6 -1 7 -3 10 -4 11 -2 -13 -10
right_child=1 4 9 -5 -6 -7 -8 -9 13 -11 -12 12 -14 -15
leaf_value=-0.0041181678582776961 -0.0069193692642350677 0.00029522627762009797 7.1445120671485883e-05 0.0062014900121126161 -0.0046447462503069383 0.0013927994133694638 -0.00046894267309416989 0.0041507244919568413 -0.002416491089862409 -0.0060410481338625073 -0.0081148540067365934 -0.0063737244755169642 0.0029019401455977947 5.6742461478677124e-05
leaf_weight=314.05123284831643 239.22773047816008 4094.3781633945182 5761.0025905035436 476.79509811848402 530.13774205045775 22342.125668022782 18980.534749510465 1090.8801856667269 3590.7389813903719 184.77998180687428 409.76210849522613 78.294599165208638 321.54020518087782 1787.2270670505241
leaf_count=1902 7116 78174 30945 2550 11760 122754 326093 12240 76508 997 25278 1733 12115 27334
internal_value=0.000201276 -0.000635975 0.00109693 0.00142154 -0.000228717 0.00130751 -0.00012245 0.00113825 -0.00218708 -0.000167309 -0.0049796 -0.00252633 0.000579041 -0.00160162
internal_weight=60201.5 31122.7 29078.8 23133 24695.9 22656.2 24165.8 5185.26 6426.79 5945.78 1048.82 639.063 399.835 5377.97
internal_count=737499 578351 159148 127206 428267 124656 416507 90414 150084 31942 46242 20964 13848 103842
is_linear=0
shrinkage=0.03


Tree=45
num_leaves=15
num_cat=0
split_feature=35 35 15 6 16 17 14 19 28 34 1 16 29 31
split_gain=58.8012 31.1533 14.997 13.3711 9.67168 10.7447 9.59473 10.0444 10.2663 13.292 9.78331 9.49342 9.65587 9.13364
threshold=5.5000000000000009 1.5000000000000002 49.116666666666674 0.93541666666666679 66.350000000000009 59.594590643274863 68.65000000000002 7.0906084656084696 -1.0000000180025095e-35 -0.0019639823815765602 1301.0000000000002 78.65000000000002 0.10556800878660046 0.036304304861130579
decision_type=2 2 8 2 8 10 8 10 10 2 2 8 10 10
left_child=1 13 -2 -4 5 -3 7 8 9 10 -6 -5 -13 -1
right_child=2 4 3 11 6 -7 -8 -9 -10 -11 -12 12 -14 -15
leaf_value=0.0013242531656591373 -0.0085831909801664941 -0.0050884217136559114 -0.0022649351828854837 0.0049634643345648783 -0.003135994222060642 0.00074549541204197811 -0.00029652939165425169 0.0045117740957230186 -0.00034968293374067823 0.004449309630532393 0.0028502981255107643 -0.003499971474998695 0.0032565436278095402 0.0056191594661097544
leaf_weight=16280.939356274903 265.74395708157681 671.6804496741388 8875.9061363007349 350.1485845874995 487.69342498341575 449.83307860884815 25899.781016453635 610.44939305819571 3670.8833387913182 1090.9516476350836 403.24937625881284 418.72421522252262 272.40569687797688 414.12104766815901
leaf_count=77496 17187 8374 293184 13556 5192 5023 237359 4697 36651 11092 4275 13983 7417 1952
internal_value=-3.20622e-05 0.00039178 -0.00210411 -0.0018883 -0.000139005 -0.00281652 -4.14138e-05 0.00100754 0.000592871 0.00230432 -0.000419056 0.0012788 -0.000796882 0.00144725
internal_weight=60162.5 49979.6 10182.9 9917.18 33284.5 1121.51 32163 6263.23 5652.78 1981.89 890.943 1041.28 691.13 16695.1
internal_count=737438 392111 345327 328140 312663 13397 299266 61907 57210 20559 9467 34956 21400 79448
is_linear=0
shrinkage=0.03


Tree=46
num_leaves=15
num_cat=0
split_feature=35 19 29 19 15 9 8 16 14 21 23 3 3 23
split_gain=53.4356 18.6614 18.4799 15.6645 17.7007 14.4131 12.6992 12.2595 13.5577 12.3109 11.5804 11.4403 11.0797 12.1424
threshold=4.5000000000000009 -2.919246031746034 0.1081146091668963 8.1499999999999968 67.783333333333346 42.500000000000007 1.5000000000000002 83.350000000000009 76.050000000000011 0.085825892857142871 -0.99499999999999988 61.750000000000007 58.250000000000007 12.605000000000002
decision_type=2 10 8 10 10 2 2 8 8 10 10 2 2 10
left_child=3 2 5 7 -5 -2 -3 9 -9 10 -1 -6 -8 -14
right_child=1 6 -4 4 11 -7 12 8 -10 -11 -12 -13 13 -15
leaf_value=0.0090376440606217325 -0.0011419509318080874 -0.0071153233031161717 -0.0004129486778399007 0.0061447392361534169 0.00095361852176812853 -0.0055461251144132279 5.9127004053318951e-05 0.0022508706697316272 0.00033053840883121726 -0.0013828048154478636 0.00016812048106461613 0.0060449907290872264 -0.0024209318851934722 0.0065370888705140679
leaf_weight=84.300300126895308 965.25918223708868 230.2539954406675 1633.3200012359302 679.02851101569831 7381.8877009097487 2378.6240828842856 6797.5450322458055 4142.7596783712506 15810.508278749883 6488.8900478365831 10042.276327559259 372.89368368312716 3140.7582514477544 95.104706667596474
leaf_count=594 35481 5599 50237 4196 40474 108846 155014 30082 111248 48182 78632 2094 64768 2233
internal_value=-1.68779e-05 -0.00154924 -0.00304821 0.000503226 0.00166473 -0.00431035 -0.000811086 0.000233442 0.000733873 -0.000367918 0.000285998 0.0012356 -0.000631847 -0.00206218
internal_weight=60243.4 15240.9 4977.2 45002.5 8433.81 3343.88 10263.7 36568.7 19953.3 16615.5 10126.6 7754.78 10033.4 3235.86
internal_count=737680 422178 194564 315502 46764 144327 227614 268738 141330 127408 79226 42568 222015 67001
is_linear=0
shrinkage=0.03


Tree=47
num_leaves=15
num_cat=0
split_feature=19 20 18 32 28 16 19 20 13 12 20 33 13 17
split_gain=31.872 19.4543 13.365 13.1836 10.0015 8.77161 10.6905 9.31151 9.45659 9.02284 9.44871 11.2968 9.69738 9.17342
threshold=5.0548809523809561 8.5000000000000018 -16.066666666666656 0.069235558961586383 -4.2499999999999991 86.550000000000011 12.700694444444453 20.500000000000004 73.850000000000009 73.250000000000014 26.500000000000004 99.500000000000014 59.750000000000007 72.702173913043495
decision_type=10 10 8 2 10 10 10 10 8 10 10 2 8 10
left_child=2 -2 3 -1 -3 6 9 -7 -9 10 11 13 -12 -6
right_child=1 4 -4 -5 5 7 -8 8 -10 -11 12 -13 -14 -15
leaf_value=-0.0056103036003142997 0.0046124767087816409 0.0057079904729359929 -0.00025059608327114916 -0.0010012010283024068 0.0053894868216301231 0.0030963733035026591 0.0026614609041192019 0.0070713059736440967 0.0001324897324659485 -0.00067799568861192684 -0.0047378233927145245 -0.0009879740569774839 0.0034992299773297774 -0.0038087757249289497
leaf_weight=774.59969784738496 1257.9499530568719 320.39553650002927 37966.380576477823 1822.1726432610303 442.15888633904979 2412.7573634195141 1463.3795559746213 138.96974306367338 2771.9550558316987 7092.8999578957446 97.426589403301477 2194.2552192774601 1482.3434347056318 83.66140786698088
leaf_count=40758 8026 2476 509221 51874 3756 14934 7878 991 19101 47746 848 16804 13099 681
internal_value=8.66314e-05 0.00107317 -0.000394636 -0.00245608 0.000820724 0.000719173 0.000292467 0.00173731 0.000577571 -2.21261e-05 0.00105513 -2.66666e-05 0.00286147 0.00372234
internal_weight=60321.3 19758.2 40563.2 2596.77 18500.2 18179.8 12856.1 5323.68 2910.92 11392.7 4299.85 2720.08 1579.77 525.82
internal_count=738193 136340 601853 92632 128314 125838 90812 35026 20092 82934 35188 21241 13947 4437
is_linear=0
shrinkage=0.03


Tree=48
num_leaves=15
num_cat=0
split_feature=19 32 17 7 34 20 34 30 14 20 33 10 4 8
split_gain=28.4135 20.6617 16.9462 12.243 11.3041 11.302 9.48664 10.8995 9.06357 8.72672 10.7565 10.4674 8.47422 8.34011
threshold=7.9980324074074085 0.11561804508800977 54.522500000000015 8.5000000000000018 -0.0039932861279189181 345.50000000000006 0.010408534892678472 410.50000000000006 92.65000000000002 112.50000000000001 68.500000000000014 358.50000000000006 4.6519230769230768 1.5000000000000002
decision_type=10 2 8 10 2 10 2 10 8 10 2 2 2 2
left_child=2 -2 -1 5 -3 6 12 9 -9 10 -8 -12 -4 -6
right_child=1 4 3 -5 13 -7 7 8 -10 -11 11 -13 -14 -15
leaf_value=-0.0041311501134012061 0.0030466652113520566 -0.0029902799749777081 -0.00030455888930080267 -0.0040750916573107053 -0.0038518190337336966 -0.0058340718134837957 0.00014345822223484739 0.00051446941046610298 -0.0018355119443581992 -0.0018860750417603886 0.0039867757357352094 -0.0056785160985187355 -0.0053813363621253467 0.0012050019775027303
leaf_weight=954.44152339873835 4276.8411457068287 783.20260170986876 36324.282995101501 671.47026067669503 268.80148593895137 261.58146640448831 1246.6188066785689 6751.2454065203201 1836.9166262159124 448.69925584527664 2213.503701222362 63.021126250037923 248.57755405432545 3880.4127778671682
leaf_count=31815 28544 4283 480516 14061 1443 5164 17035 79795 20100 6136 24705 645 2486 21413
internal_value=4.48253e-06 0.0015335 -0.00027274 -0.000195136 0.000204054 -0.000138324 -0.0001021 0.000607715 4.11832e-06 0.00189657 0.00239797 0.00360292 -0.000346364 0.00083544
internal_weight=60229.6 9209.26 51020.4 50065.9 4932.42 49394.4 49132.9 12560 8588.16 3971.84 3523.14 2276.52 36572.9 4149.21
internal_count=738141 55683 682458 650643 27139 636582 631418 148416 99895 48521 42385 25350 483002 22856
is_linear=0
shrinkage=0.03


Tree=49
num_leaves=15
num_cat=0
split_feature=18 18 32 31 15 14 14 28 1 10 20 34 29 15
split_gain=23.4009 13.9792 11.4915 11.0964 13.3534 12.996 12.1879 11.1355 11.0171 10.3485 9.6807 9.48217 8.99227 8.96601
threshold=-2.3666666666666702 -16.066666666666656 0.068640750336587966 -0.0020294667413256313 64.016666666666694 76.850000000000009 82.250000000000014 -2.2499999999999996 1301.0000000000002 249.50000000000003 63.500000000000007 -0.022886673151729608 0.075390785751028824 68.716666666666683
decision_type=10 8 2 10 10 8 10 10 2 2 10 2 10 10
left_child=1 2 11 5 -5 8 7 -6 -2 -7 -3 -1 -11 -10
right_child=3 10 -4 4 6 9 -8 -9 13 12 -12 -13 -14 -15
leaf_value=0.001303585370960849 0.0033631907648903614 -0.00014379020844463127 -0.0012459221865208597 0.0074158451449905481 0.0040473185809829903 -0.0022470502809645468 0.0023140716205084211 0.00015894469655009571 -0.0056166605354583633 0.0039568866489655945 -0.001577616762433235 -0.0070323722170505254 -0.00073538353970258833 0.00068104316419224725
leaf_weight=132.79770390293561 1287.6608038698323 31242.801607232308 1834.9876036919886 257.27754484210163 667.09740968048573 2906.4616987002082 4716.8515947512351 8831.2497112436686 204.22562234010547 478.22200813889503 4855.520810918737 627.52620395761915 1170.4559569372796 979.50263214856386
leaf_count=5134 9446 421234 52483 1741 4750 22054 33254 56598 1489 3968 74714 35197 8492 7035
internal_value=-5.25982e-05 -0.000493333 -0.00259889 0.000739934 0.00121353 -0.000237215 0.00107568 0.000451801 0.00149602 -0.00118361 -0.000338567 -0.00558582 0.000702082 -0.000589079
internal_weight=60192.6 38693.6 2595.31 21499 14472.5 7026.53 14215.2 9498.35 2471.39 4555.14 36098.3 760.324 1648.68 1183.73
internal_count=737589 588762 92814 148827 96343 52484 94602 61348 17970 34514 495948 40331 12460 8524
is_linear=0
shrinkage=0.03


Tree=50
num_leaves=15
num_cat=0
split_feature=35 35 21 18 32 17 6 29 29 19 21 28 17 29
split_gain=52.5108 23.9752 16.8031 16.2262 11.103 9.76607 9.8105 16.1646 9.54455 8.34943 10.7513 8.18268 11.025 12.9807
threshold=1.5000000000000002 6.5000000000000009 0.15655637254901963 -11.966666666666656 0.068640750336587966 54.522500000000015 0.10818713450292398 0.061543076000184584 0.088685975404690379 9.2133333333333365 0.51315789473684215 4.2500000000000009 83.617028985507275 0.055312353404996469
decision_type=2 2 8 10 2 8 2 8 10 8 10 10 10 10
left_child=9 5 3 4 -3 -2 7 -7 -5 10 -1 -8 13 -13
right_child=1 2 -4 8 -6 6 11 -9 -10 -11 -12 12 -14 -15
leaf_value=0.0012718278333851737 -0.0037889662629807929 -0.0063459896725455711 -0.0043663879922289381 -0.0014535496609886646 -0.0012299646167963905 0.0066322471099346126 -0.00012038662269092902 -0.0031132743065434816 0.0019875095428405027 0.0025239500008285734 -0.0025901187233885736 -0.005670228516646305 -0.0034225015651711548 0.0036166224636028916
leaf_weight=11107.991258069873 615.94965745136142 648.83675836166367 2064.4806422085967 1391.0332130382303 909.61566107010003 121.66765827033669 32853.595036198618 1639.1294179088436 1412.3065382335335 4950.258556433022 642.97612028568983 104.16442965064198 254.71677624993026 1476.7945180167444
leaf_count=54242 9696 48047 78827 48995 50638 1415 342231 16910 43970 22189 2960 1113 2453 14093
internal_value=6.60776e-05 -0.000483112 -0.0021673 -0.00108876 -0.003491 -0.000188592 -0.000122645 -0.00227534 0.000284486 0.00149342 0.00105044 -1.0258e-05 0.00191167 0.00284967
internal_weight=60193.5 43492.3 6426.27 4361.79 1558.45 37066 36450.1 1760.8 2803.34 16701.2 11751 34689.3 1835.68 1580.96
internal_count=737779 658388 270477 191650 98685 387911 378215 18325 92965 79391 57202 359890 17659 15206
is_linear=0
shrinkage=0.03


Tree=51
num_leaves=15
num_cat=0
split_feature=35 29 12 32 34 28 35 2 31 33 32 15 2 10
split_gain=43.2617 14.8301 14.4721 13.0105 11.5258 12.1851 11.0696 9.62344 9.18366 8.80275 8.66724 8.04272 8.00248 7.89879
threshold=4.5000000000000009 0.09582261066000243 54.750000000000007 0.12292479253900963 0.0068026827499687139 -1.0000000180025095e-35 1.5000000000000002 3.5000000000000004 0.026042520124832529 36.500000000000007 0.12929523280845065 54.883333333333347 8.5000000000000018 67.500000000000014
decision_type=2 10 10 2 2 10 2 8 10 2 2 10 10 2
left_child=6 2 3 -2 5 13 10 -7 -6 -8 -1 -4 -13 -3
right_child=1 4 11 -5 8 7 9 -9 -10 -11 -12 12 -14 -15
leaf_value=0.0017706935751052762 -0.0064724795592350243 0.0038258219616038422 0.0040908984835724398 0.0016995633873931289 0.00067761058255239883 0.0023988738791272876 0.0018115868468209812 -0.0031857258216236211 0.0069700764693319157 -5.4676686424052787e-05 0.00040697309768066188 -0.0021190214531911448 0.0025421348411195401 -0.00048486132854013016
leaf_weight=8279.008118711412 1045.222602503025 425.89427401218563 164.17409694730304 187.12928691785783 2200.444100826513 276.39071168890223 2444.7345669190399 2411.0429663129617 182.60392784839496 25756.461615575943 8527.8993696942925 6103.804316702066 309.3645048760809 1910.0120374961989
leaf_count=40070 48470 11043 7637 5573 51949 6326 21154 57978 4208 214028 39774 172272 7896 49467
internal_value=6.15028e-06 -0.00137408 -0.00228204 -0.00521369 -0.000407797 -0.00121949 0.000473777 -0.00257805 0.00129311 0.000110028 0.001082 -0.00169756 -0.00187625 0.000364789
internal_weight=60224.2 15216.1 7809.69 1232.35 7406.39 5023.34 45008.1 2687.43 2383.05 28201.2 16806.9 6577.34 6413.17 2335.91
internal_count=737845 422819 241848 54043 180971 124814 315026 64304 56157 235182 79844 187805 180168 60510
is_linear=0
shrinkage=0.03


Tree=52
num_leaves=15
num_cat=0
split_feature=35 35 0 21 30 11 29 23 17 19 17 17 31 4
split_gain=38.7808 14.37 11.9345 11.776 10.3057 10.1596 10.3625 10.0177 9.79661 9.78231 8.72447 10.7176 8.58996 8.23029
threshold=2.5000000000000004 8.5000000000000018 12.500000000000002 0.54772727272727284 2358.5000000000005 27.500000000000004 0.10443938875106856 -0.99499999999999988 55.589181286549717 -1.189027777777788 67.870185185185207 76.70107526881722 0.0051960184818561654 -2.9076704545454528
decision_type=2 2 2 10 10 2 10 8 8 10 10 10 10 2
left_child=2 4 5 12 8 7 10 9 -2 -1 -7 -12 -4 -10
right_child=1 -3 3 -5 -6 6 -8 -9 13 -11 11 -13 -14 -15
leaf_value=-0.0039713394006893167 -0.0037045362896322145 -0.0031786190088869903 0.0013625076886150393 -0.0044146534504009424 -0.0020898091475265068 -0.0011602309609150994 0.00032535082327221442 9.8945044473730941e-05 0.0020058759515904113 0.0026293595465682828 0.0088063827990605883 0.00086730710018610724 0.0047539844772525952 -0.00046587280540082404
leaf_weight=176.90233948081732 753.79202190856449 2173.9374100654386 1511.2209782712162 166.06881680339575 3935.9661253660452 156.81411361321807 879.16660442948341 22025.928402792662 1230.8896285118535 2308.580835647881 449.70982874929905 237.6993058770895 1250.3137134574354 22954.569911270723
leaf_count=1001 19116 138993 9284 923 57504 940 4970 119338 22052 11512 2641 1363 7467 340702
internal_value=-0.0001157 -0.000852902 0.000669313 0.0024701 -0.000672613 0.000464043 0.00265735 0.000304736 -0.000445214 0.00209051 0.00493189 0.00630608 0.00295527 -0.000336197
internal_weight=60211.6 31049.2 29162.4 2927.6 28875.2 26234.8 1723.39 24511.4 24939.3 2485.48 844.223 687.409 2761.53 24185.5
internal_count=737806 578367 159439 17674 439374 141765 9914 131851 381870 12513 4944 4004 16751 362754
is_linear=0
shrinkage=0.03


Tree=53
num_leaves=15
num_cat=0
split_feature=35 35 29 23 3 31 31 10 17 15 33 24 9 17
split_gain=34.1886 14.8471 11.6597 12.2281 10.3983 11.8131 11.1356 10.3142 10.1349 11.4917 9.95385 9.83846 9.37236 9.32728
threshold=2.5000000000000004 7.5000000000000009 0.09010626685904273 1.675 54.250000000000007 0.002129385927522058 0.0013796183651962443 320.50000000000006 73.70119047619049 71.841666666666683 44.500000000000007 0.011859422847845217 33.500000000000007 69.478416149068337
decision_type=2 2 10 8 2 8 10 2 8 8 2 10 2 10
left_child=-1 4 12 -4 5 11 7 8 10 -10 13 -2 -3 -6
right_child=1 2 3 -5 6 -7 -8 -9 9 -11 -12 -13 -14 -15
leaf_value=0.00079665999588167922 -0.0032199240458677543 -0.00066632844897798521 -0.0053683641238118553 0.00052292224318384144 0.0031753882345088532 -0.00077086796951690193 7.3984135024436363e-05 0.00095600528491392525 0.0042563420966995284 -0.0010140248165782528 -0.0030010617400727923 0.0039950826173830046 -0.0052925793403591779 -0.0035791344347278326
leaf_weight=29177.615814782679 156.52882682206109 568.71637032763101 346.73117405176163 1545.1941563426517 462.11591452523135 1249.6841633287258 11969.529997376259 1685.8595398843754 351.3427461180836 5251.2186848493293 4518.9237919917796 1309.2100726438221 1362.406170305796 238.73588146734983
leaf_count=159468 3328 26674 13166 74868 7750 18748 158039 24002 5096 69098 67858 20726 85044 3375
internal_value=6.02072e-05 -0.000632757 -0.00237105 -0.000667191 -0.00038447 0.00136083 -0.000580463 -0.00120453 -0.00154394 -0.000648788 -0.00248946 0.00314378 -0.00398135 0.000789427
internal_weight=60193.8 31016.2 3823.05 1891.93 27193.1 2715.42 24477.7 12508.2 10822.3 5602.56 5219.78 1465.74 1931.12 700.852
internal_count=737240 577772 199752 88034 378020 42802 335218 177179 153177 74194 78983 24054 111718 11125
is_linear=0
shrinkage=0.03


Tree=54
num_leaves=15
num_cat=0
split_feature=19 16 18 14 21 28 11 11 30 4 14 11 20 29
split_gain=24.0465 17.3771 13.1479 10.6049 11.6711 10.7393 10.0107 14.9284 11.2578 9.86693 9.79014 9.20233 9.03708 9.47025
threshold=7.8608585858585807 68.65000000000002 -1.0000000180025095e-35 71.550000000000011 0.071008403361344549 -2.2499999999999996 16.500000000000004 20.500000000000004 1576.5000000000002 -4.1961538461538472 90.850000000000009 3.5000000000000004 56.500000000000007 0.20506200994208992
decision_type=10 8 10 8 10 10 2 2 8 2 10 2 10 10
left_child=1 2 11 4 -2 -5 -3 8 -8 -9 -7 -1 13 -11
right_child=3 6 -4 5 -6 10 7 9 -10 12 -12 -13 -14 -15
leaf_value=-0.0014711155615915927 0.0018553781492125386 0.00012570382657150372 0.0066754143926659945 0.004961325821146341 0.0074568143667127513 0.00034893750041367687 -0.0012918592680509911 0.00621154108027614 -0.0048442512881435454 -0.00021476191080351849 0.0055740130550004695 -0.0050252698617981395 -0.0035258260195176489 0.0061270392413107734
leaf_weight=1698.760558987502 1227.4232132658362 35112.412108543911 88.288123977836221 494.86048028059304 439.34508201107383 7102.1084093558602 2597.2327156201936 162.16167684830725 1150.6540978732519 7848.251386333839 288.67919455608353 1086.5363634519745 682.71814281144179 167.76887853909284
leaf_count=44024 7949 423605 735 3182 2640 42430 35560 4215 14755 113766 1679 27877 14032 1292
internal_value=-1.16084e-05 -0.000272575 -0.00251777 0.00136484 0.00350604 0.000893017 -0.000134885 -0.000858192 -0.00243191 -0.000182647 0.00058911 -0.00292175 -0.000336666 -4.48753e-05
internal_weight=60147.2 50594.8 2873.59 9552.42 1666.77 7885.65 47721.2 12608.8 3747.89 8860.9 7390.79 2785.3 8698.74 8016.02
internal_count=737741 679861 72636 57880 10589 47291 607225 183620 50315 133305 44109 71901 129090 115058
is_linear=0
shrinkage=0.03


Tree=55
num_leaves=15
num_cat=0
split_feature=35 5 35 8 8 14 18 28 32 32 11 10 17 30
split_gain=37.1331 16.075 13.3543 12.0506 22.7238 11.5137 14.3559 11.925 11.7878 11.2956 10.8658 11.3471 9.27671 10.0781
threshold=2.5000000000000004 8.5000000000000018 9.5000000000000018 1.5000000000000002 1.0000000180025095e-35 76.350000000000009 -10.799999999999978 0.75000000000000011 0.056525853792346738 0.069235558961586383 4.5000000000000009 320.50000000000006 75.001666666666679 3440.5000000000005
decision_type=2 2 2 2 2 8 10 10 2 2 2 2 8 10
left_child=1 5 3 4 -2 6 -1 12 -9 -4 -8 -12 13 -7
right_child=2 -3 9 -5 -6 7 10 8 -10 -11 11 -13 -14 -15
leaf_value=-0.002370198096304225 -0.00093735105729063166 0.0025157451198122606 -0.0078197381669821535 -0.0004163157117096071 -0.0071563886995613356 -0.0018651546444789634 -0.00059185655458488114 0.0062525622597017086 -0.001368274429778485 -0.0015810099141227295 0.0027054678159343934 -0.00061767395115254291 0.0010092785083398697 0.0063987967869024182
leaf_weight=825.0920880921185 2224.8870115231257 3952.8099219538271 372.87502808775753 26945.892147238366 651.86599747324362 1789.1804911792278 1530.1203779801726 140.05026266723871 5495.378395691514 774.17866465332918 5808.6010023504496 1078.466752871871 8431.8642928376794 94.545171543955803
leaf_count=5168 41096 22968 35503 436260 11637 9825 8050 788 29011 54042 32110 5959 44809 510
internal_value=-1.88488e-05 0.000749064 -0.000741587 -0.000615748 -0.00244475 0.000467439 0.00130688 -2.15096e-05 -0.00112556 -0.00385096 0.00167919 0.00218439 0.000584156 -0.00129565
internal_weight=60115.8 29146.1 30969.7 29822.6 2876.75 25193.3 9242.28 15951 5635.43 1147.05 8417.19 6887.07 10315.6 1883.73
internal_count=737736 159198 578538 488993 52733 136230 51287 84943 29799 89545 46119 38069 55144 10335
is_linear=0
shrinkage=0.03


Tree=56
num_leaves=15
num_cat=0
split_feature=35 31 18 20 19 23 4 3 20 5 16 1 23 11
split_gain=27.1088 16.9291 21.9705 10.9701 10.6447 10.9209 11.2101 10.3919 10.877 9.50022 8.52283 8.96294 8.54965 8.34827
threshold=1.5000000000000002 -0.00021290399452925457 -19.04999999999999 242.50000000000003 8.8212121212121257 3.7050000000000005 -3.0690476190476192 54.750000000000007 34.500000000000007 10.500000000000002 82.65000000000002 1010.5000000000001 1.6050000000000002 29.500000000000004
decision_type=2 8 8 10 10 10 2 2 8 2 8 2 8 2
left_child=9 2 -2 7 5 6 -3 8 -4 13 -8 12 -12 -1
right_child=1 4 3 -5 -6 -7 10 -9 -10 -11 11 -13 -14 -15
leaf_value=0.00067133657696732756 -0.0062038760557951572 0.0037173213418463889 0.0022612948781718925 -0.00550840675256289 0.0024191557090764669 0.00076431305663355383 -0.0017094511744810284 -0.0010501792288148198 -0.0023801369073980878 0.0041633616292801011 0.0055000557020687003 -0.00055123587154587265 0.00024793633685672132 0.0038816312468363495
leaf_weight=15304.941299021244 680.86325038701762 476.16113235778175 1732.4042427786626 403.19333877973258 1603.9983578091487 8644.9865967091173 5125.5619829224888 15612.148057711311 564.80930214282125 761.52237173169851 402.33820153097622 7406.7682992056943 740.82411254011095 719.02212978154421
leaf_count=72153 32062 7696 33252 7827 11986 154853 62984 231163 12225 3909 4067 89899 10230 3625
internal_value=-3.17174e-05 -0.000427731 -0.00109809 -0.000891882 9.52544e-05 -7.31945e-05 -0.000585702 -0.000772903 0.00109373 0.000990292 -0.000748523 -0.000165871 0.00224945 0.000827014
internal_weight=60179.5 43394.1 18993.4 18312.6 24400.6 22796.6 14151.7 17909.4 2297.21 16785.5 13675.5 8549.93 1143.16 16024
internal_count=737931 658244 316529 284467 341715 329729 174876 276640 45477 79687 167180 104196 14297 75778
is_linear=0
shrinkage=0.03


Tree=57
num_leaves=15
num_cat=0
split_feature=35 35 16 32 6 23 5 1 6 16 17 11 20 16
split_gain=31.0848 16.2212 15.6411 14.5167 13.4417 12.9893 11.2128 9.75788 12.4063 9.74662 9.55729 9.53683 9.45873 9.41993
threshold=2.5000000000000004 8.5000000000000018 81.550000000000011 0.098934569374508854 0.92582417582417598 -0.094999999999999987 10.500000000000002 1006.5000000000001 0.67543859649122817 81.950000000000017 71.30056179775282 21.500000000000004 33.500000000000007 95.550000000000011
decision_type=2 2 10 2 2 10 2 2 2 8 10 2 10 10
left_child=3 2 4 5 -2 -1 -5 -7 12 10 -8 -6 -9 -11
right_child=1 -3 -4 6 11 7 9 8 -10 13 -12 -13 -14 -15
leaf_value=0.0044081395774112275 -0.0013975757673547514 -0.0030861147835947924 0.00031479842663777353 0.00018062165328281262 0.0022213255754307505 0.0038551456590975269 0.0044333763871838485 0.0024268370543619579 -0.0012473021770949568 0.0065466440770431383 -0.0047965821486862263 -0.0045601897014431909 -0.0012688548734195039 -0.0026294135009575564
leaf_weight=1405.5680320002139 13374.824321992492 2151.7312729690457 13822.971388320439 19975.21688850224 1494.9693142957985 1050.890166092664 128.01140654087067 3140.6733753941953 1839.9941012747586 599.24514089897275 185.72458735108376 165.09049868071452 741.06600872427225 91.170333735644817
leaf_count=7796 221073 138830 191281 106658 24910 5908 755 18001 10674 3514 1059 2718 4255 537
internal_value=5.74328e-05 -0.000603317 -0.000413175 0.000759982 -0.00108129 0.00182817 0.000340224 0.00126435 0.000759235 0.00335597 -0.000938815 0.0014333 0.00171413 0.0052392
internal_weight=60167.1 31009.6 28857.9 29157.6 15034.9 8178.19 20979.4 6772.62 5721.73 1004.15 313.736 1660.06 3881.74 690.415
internal_count=737969 578812 439982 159157 248701 46634 112523 38838 32930 5865 1814 27628 22256 4051
is_linear=0
shrinkage=0.03


Tree=58
num_leaves=15
num_cat=0
split_feature=35 34 18 25 20 4 33 31 0 34 35 29 30 30
split_gain=35.3697 16.6758 19.1512 14.404 11.6934 12.1644 9.61731 9.44748 8.88473 8.841 8.4217 9.35533 9.22513 9.12271
threshold=4.5000000000000009 0.00075503443128355533 -6.1999999999999984 0.083722543367294663 11.500000000000002 -2.8397435897435908 28.500000000000004 0.026042520124832529 13.500000000000002 0.040498214826196359 1.5000000000000002 0.22894840492367083 3581.5000000000005 58.500000000000007
decision_type=2 2 10 10 10 2 2 10 2 2 2 8 10 8
left_child=9 2 -2 6 -5 -6 -4 -3 -7 10 13 12 -12 -1
right_child=1 7 3 4 5 8 -8 -9 -10 -11 11 -13 -14 -15
leaf_value=0.0037043992370130951 -0.003400713678668274 -0.00058259490196804829 0.0034361460491299 0.0070951753202851391 0.01024442645690913 -0.0012395868105345702 -0.0045856263954507188 0.0047733267079214442 0.0050219653600760876 0.0028435855664076144 -7.0184427514508336e-05 0.0061720167224709995 -0.0029119724446659044 0.00055571137948733529
leaf_weight=827.93021301180124 5282.0745525196253 6821.6815406585811 123.023370801704 209.89822118217126 52.968731079716235 1423.3332952295896 767.86271278001368 260.00676992000081 186.96265849168412 1107.2376012653112 26375.240722035989 160.22672640159726 1019.9282686756924 15427.028828673065
leaf_count=3985 180627 181715 2790 3617 1025 26539 15918 6016 4371 7343 220506 1172 8427 73144
internal_value=-0.000167714 -0.00141982 -0.00235003 -0.000317445 0.00117649 0.000244299 -0.00335416 -0.000353863 -0.000383249 0.000255094 0.000186507 -0.000133044 -0.000181097 0.000726955
internal_weight=60045.4 15127.8 8046.12 2764.05 1873.16 1663.26 890.886 7081.69 1610.3 44917.6 43810.4 27555.4 27395.2 16255
internal_count=737195 422618 234887 54260 35552 31935 18708 187731 30910 314577 307234 230105 228933 77129
is_linear=0
shrinkage=0.03


Tree=59
num_leaves=15
num_cat=0
split_feature=35 35 32 23 25 1 14 6 26 3 29 23 22 14
split_gain=32.6386 16.3481 12.7268 11.3358 11.222 8.97249 8.46835 8.00147 8.41333 7.33421 9.33211 9.13888 8.8335 8.68157
threshold=5.5000000000000009 1.5000000000000002 0.033364958886780531 -0.80499999999999994 0.22217302017225124 1682.5000000000002 85.050000000000011 0.89181286549707617 0.7664986201378311 54.250000000000007 0.095441764638944965 1.5050000000000001 5.5000000000000009 82.950000000000017
decision_type=2 2 2 8 10 2 8 2 10 2 8 10 8 8
left_child=1 3 -2 -1 5 -3 -6 8 -5 11 13 -4 -12 -11
right_child=2 4 9 7 6 -7 -8 -9 -10 10 12 -13 -14 -15
leaf_value=0.0030999788566558662 -0.0071900013008901189 0.00031655361560921407 -0.0032368722410381964 0.00066567999799784926 -0.0033129143199515597 -0.0011647975094658501 -0.00018661628494213344 0.0025882571387114109 -0.0030503547878361716 -0.0017649802476853726 -0.0021680137579416117 0.0020827405758216274 0.00061733950110017704 -0.0047967277129423776
leaf_weight=2127.0433153808117 300.79899936018046 25998.805189443985 349.5369305643253 12302.147829391062 1542.4161256151274 4235.6747156213969 1540.4856755561195 1858.3203258290887 524.81147592514753 3130.2364407168934 1803.6765922885388 1026.7787388844881 2254.3016085252166 1181.2046248065308
leaf_count=9781 16172 248190 11818 58514 12563 39740 12568 8892 2576 107308 46273 43432 72464 48068
internal_value=2.50472e-06 0.000315641 -0.00155379 0.00107679 -6.94825e-05 0.000107444 -0.00177865 0.000774225 0.000502386 -0.00134402 -0.00167649 0.000665632 -0.000632004 -0.00264106
internal_weight=60176.2 50129.7 10046.5 16812.3 33317.4 30234.5 3082.9 14685.3 12827 9745.73 8369.42 1376.32 4057.98 4311.44
internal_count=738359 392824 345535 79763 313061 287930 25131 69982 61090 329363 274113 55250 118737 155376
is_linear=0
shrinkage=0.03


Tree=60
num_leaves=15
num_cat=0
split_feature=35 18 31 32 11 9 10 17 10 1 31 32 1 32
split_gain=30.3562 15.6227 13.0109 10.8484 9.55959 10.6691 10.0587 9.6161 12.6286 10.2222 9.47918 9.28351 13.8308 9.26578
threshold=1.5000000000000002 -16.966666666666654 -0.00053015744345502114 0.069235558961586383 23.500000000000004 88.500000000000014 300.50000000000006 74.700980392156879 290.50000000000006 1410.5000000000002 -0.018692066623717408 0.12174388215728203 1008.5000000000001 0.074421283892401685
decision_type=2 8 8 2 2 2 2 8 2 2 10 2 2 2
left_child=4 3 -3 -2 5 7 13 9 -9 10 -1 12 -12 -7
right_child=1 2 -4 -5 -6 6 -8 8 -10 -11 11 -13 -14 -15
leaf_value=-0.0052732448189370777 -0.0060426888850993298 -0.00088303020665024589 0.00019371303057968197 -0.0013568524775988986 0.0034703482168207743 0.0060801211264812291 -0.0053289761331653928 0.0011582549109784735 0.0038643848930581858 -0.0020056033133532703 0.0071524228626248998 -0.00042254497325977557 0.001189544991952242 -0.00066940043595238488
leaf_weight=152.853799700737 632.67147990362719 17465.966032193042 23822.39516363843 1396.0004606482107 1370.275984659791 150.39708988368511 337.4061479344964 6221.3619283288717 2053.6219599768519 1354.9048744440079 441.77771501988173 1355.9400112777948 1310.3347715437412 2066.2293979823589
leaf_count=747 36373 265695 311950 44074 6864 752 1657 28942 9576 6473 2117 6319 6359 9901
internal_value=2.96344e-05 -0.000390387 -0.000262292 -0.0029284 0.00110959 0.000889621 -0.0008689 0.00124005 0.00184902 0.000140196 0.0010486 0.00143807 0.00284976 -8.74279e-05
internal_weight=60132.1 43317 41288.4 2028.67 16815.1 15444.8 2554.03 12890.8 8274.98 4615.81 3260.91 3108.05 1752.11 2216.63
internal_count=737799 658092 577645 80447 79707 72843 12310 60533 38518 22015 15542 14795 8476 10653
is_linear=0
shrinkage=0.03


Tree=61
num_leaves=15
num_cat=0
split_feature=35 28 35 21 19 21 12 30 19 21 11 28 1 1
split_gain=22.3879 12.1101 10.2806 11.8069 9.40871 8.47017 7.89121 10.5958 7.88451 8.23109 7.60458 7.54119 7.90511 8.04151
threshold=5.5000000000000009 1.0000000180025095e-35 1.5000000000000002 0.96153846153846168 4.5087121212121213 0.46737588652482276 75.65000000000002 327.50000000000006 -12.83333333333333 0.091287878787878793 28.500000000000004 -2.7499999999999996 1201.0000000000002 1220.5000000000002
decision_type=2 8 2 10 8 10 10 10 10 10 2 8 2 2
left_child=2 8 4 -4 5 6 10 -8 9 -2 -1 -6 -13 -14
right_child=1 -3 3 -5 11 -7 7 -9 -10 -11 -12 12 13 -15
leaf_value=-0.001896821305142673 -0.0084536805055817864 -0.0026250099071865761 -8.2039170186391718e-05 -0.005157733514291666 0.0046175958043022389 -0.0035837217763326329 0.0049525757076432338 0.00030189078105189305 -0.00026353493515041208 0.0024731550704356212 0.0039720004167928692 0.001929809875313597 -0.0055346047378048383 0.00051258630498582077
leaf_weight=1805.6105338260531 159.05013319861609 4136.5933274641866 32940.181947945384 367.73043396510184 526.29319332540035 559.74030141532421 485.81900689005852 2532.4822886437178 5632.5141341203125 61.633917508181185 175.50912233442068 5066.2891065776348 155.35145978629589 5507.486992277205
leaf_count=9210 14237 137685 310194 3028 2448 2675 2413 12639 189001 3419 949 23176 718 25511
internal_value=-9.92106e-05 -0.00139231 0.000159645 -0.000145723 0.000763188 -0.000245289 0.00016027 0.00111896 -0.000506284 -0.00550884 -0.00129192 0.00126017 0.00107482 0.000299703
internal_weight=60112.3 9989.79 50122.5 33307.9 16814.6 5559.16 4999.42 3018.3 5853.2 220.684 1981.12 11255.4 10729.1 5662.84
internal_count=737303 344342 392961 313222 79739 27886 25211 15052 206657 17656 10159 51853 49405 26229
is_linear=0
shrinkage=0.03


Tree=62
num_leaves=15
num_cat=0
split_feature=18 8 31 4 0 34 4 16 14 15 4 10 8 32
split_gain=22.42 12.2596 11.8934 20.3493 10.5307 18.3174 10.9037 9.35093 14.3546 13.167 10.6469 9.7406 8.60261 18.869
threshold=-5.6000000000000041 1.5000000000000002 0.036304304861130579 1.4128787878787856 8.5000000000000018 -0.012953976604874018 -2.3708333333333331 84.250000000000014 61.750000000000007 74.241666666666688 -0.20416666666666924 118.50000000000001 1.5000000000000002 0.062261552055720162
decision_type=8 2 10 2 2 2 2 10 10 10 2 2 2 2
left_child=1 -1 12 -4 5 -3 -6 8 -7 10 -9 -12 13 -2
right_child=2 4 3 -5 6 7 -8 9 -10 -11 11 -13 -14 -15
leaf_value=-0.0050711608572727891 -0.0073803937519227522 -0.0049212788702976979 0.0073995292601384153 -0.0024414747053536343 0.0023433237324443123 0.00045156834682969871 -0.00038390645796970382 0.0077468951490566431 -0.0033854322773010318 -0.0011741668143253289 0.0067387983248527244 -0.0023804967866688869 0.00063827157824414391 -0.00018516155583610209
leaf_weight=507.8604609904578 301.09897117991932 1145.9076918187202 503.78766170633025 256.76284216227941 1420.5455854317406 1565.9602079736069 12792.910692211473 310.02332768775523 1915.9794333623722 1017.1560894660652 103.59825378190726 287.56462964136153 32856.10877623409 5037.4368265240919
leaf_count=10970 7386 17059 3997 1759 39392 23668 257871 4555 26510 11732 1142 3164 269854 58230
internal_value=0.000107557 -0.000679879 0.000533739 0.00413153 -0.000559366 -0.00157028 -0.000104078 -0.00079204 -0.00167782 0.000999546 0.00402105 0.000524741 0.00045679 -0.000655697
internal_weight=60022.7 21067.5 38955.2 760.551 20559.6 6346.19 14213.5 5200.28 3481.94 1718.34 701.186 391.163 38194.6 5338.54
internal_count=737289 396063 341226 5756 385093 87830 297263 70771 50178 20593 8861 4306 335470 65616
is_linear=0
shrinkage=0.03


Tree=63
num_leaves=15
num_cat=0
split_feature=35 20 35 23 0 32 21 16 21 16 12 19 0 30
split_gain=32.3431 13.8742 12.9434 11.4947 12.9196 11.2516 10.069 10.0355 11.0742 9.93166 9.76187 13.525 14.6613 11.9832
threshold=6.5000000000000009 224.50000000000003 2.5000000000000004 -0.99499999999999988 12.500000000000002 0.036227351467765352 0.72077922077922085 64.65000000000002 0.13819628647214857 89.950000000000017 54.750000000000007 -1.3777777777777762 6.5000000000000009 448.50000000000006
decision_type=2 8 2 8 2 2 10 8 10 10 8 8 2 10
left_child=2 5 3 -1 7 -2 10 -5 -9 -6 -4 12 -12 -13
right_child=1 -3 6 4 9 -7 -8 8 -10 -11 11 13 -14 -15
leaf_value=0.002452545825462588 -0.0071314183681313618 -0.00595146842248494 -0.0028535141392812156 -0.0044647990532670654 0.0034734656996210146 -0.0011433764266238333 -0.0058482833871591391 0.00084574211514621691 -0.00051940685939618283 -0.00085132476273932958 -0.0026836501176338563 0.00073758440540514175 0.0022282819474702519 -0.0008791705086247058
leaf_weight=2996.7401922382414 251.11890148348175 659.37868947850075 1104.3798438184895 344.96716036275029 2014.0965953655541 5415.7641785710584 233.50844789016992 14925.795473568141 8277.0984872207046 599.57887958735228 599.71582018700428 5990.4272333588451 3599.6895058511291 12994.081166713033
leaf_count=15320 15882 34421 17529 2078 12082 219597 2589 80719 45077 3729 9313 70755 54033 153618
internal_value=4.11518e-05 -0.00197901 0.00028085 0.000707536 0.000503352 -0.00146878 -0.000226918 0.000278714 0.000358687 0.002484 -0.000160971 -2.68452e-05 0.00150349 -0.000368418
internal_weight=60006.3 6326.26 53680.1 29158.3 26161.5 5666.88 24521.8 23547.9 23202.9 2613.68 24288.3 23183.9 4199.41 18984.5
internal_count=736742 269900 466842 159005 143685 235479 307837 127874 125796 15811 305248 287719 63346 224373
is_linear=0
shrinkage=0.03


Tree=64
num_leaves=15
num_cat=0
split_feature=35 35 28 14 16 14 33 10 31 6 18 12 7 14
split_gain=26.2399 14.0842 12.8916 11.7829 13.5091 10.5012 10.3296 10.2791 12.7443 10.6068 8.96838 17.095 14.576 8.73839
threshold=1.5000000000000002 9.5000000000000018 -1.0000000180025095e-35 42.150000000000013 74.550000000000011 76.850000000000009 216.50000000000003 290.50000000000006 -0.0010754384792478599 0.20526315789473687 -4.1999999999999984 62.95000000000001 7.5000000000000009 69.050000000000011
decision_type=2 2 8 8 8 8 2 2 10 2 10 8 10 8
left_child=-1 2 7 -4 6 10 -5 8 -2 -9 12 -12 -6 -10
right_child=1 -3 3 4 5 -7 -8 9 13 -11 11 -13 -14 -15
leaf_value=0.0011291007918866494 -0.00024369508707444075 -0.0035053910456284264 0.0052494830462539747 -0.00053654042906777703 0.0001947267220231201 -0.00085064355512209455 -0.0033833869791814915 -0.0044359205809679624 0.00386447972271411 -0.00011688955816398767 0.0095365785821592396 0.0010966877090960374 -0.0053419847651876842 0.001222859375652343
leaf_weight=16749.930878862739 4558.0170474981423 1126.5442164035048 261.02587598003447 2125.2921414906159 5313.1321146332193 13474.910010812338 2499.9260480781086 570.71509535005316 1418.3653517635539 2931.7224828251638 184.17258494254202 3106.9071397925727 415.15916789672337 5260.0901868948713
leaf_count=79399 70106 89102 5070 38898 76756 160983 39763 7873 22552 42384 1723 27920 7406 67094
internal_value=0.000122835 -0.000267763 -0.000177114 -0.00056185 -0.000627342 -0.000321592 -0.00209499 0.000537094 0.000978606 -0.000873196 0.000469142 0.00170464 -0.0002493 0.00180843
internal_weight=59995.9 43246 42119.4 27380.5 27119.5 22494.3 4625.22 14738.9 11236.5 3502.44 9019.37 3291.08 5728.29 6678.46
internal_count=737029 657630 568528 358519 353449 274788 78661 210009 159752 50257 113805 29643 84162 89646
is_linear=0
shrinkage=0.03


Tree=65
num_leaves=15
num_cat=0
split_feature=35 5 35 19 1 19 22 14 33 27 12 14 33 28
split_gain=29.631 16.2991 10.4913 12.5534 10.3442 9.58377 9.28196 11.3601 10.9618 9.17879 9.48903 8.80773 10.9437 9.94453
threshold=2.5000000000000004 8.5000000000000018 6.5000000000000009 -6.0097222222222149 1624.5000000000002 10.484444444444444 5.5000000000000009 87.950000000000017 168.50000000000003 20.500000000000004 91.550000000000011 77.050000000000011 280.50000000000006 0.75000000000000011
decision_type=2 2 2 10 2 10 10 10 2 10 10 8 2 10
left_child=1 5 6 -4 -5 -1 7 -2 -8 10 -9 -7 -13 -14
right_child=2 -3 3 4 -6 11 8 9 -10 -11 -12 12 13 -15
leaf_value=0.0001911343414474852 -0.00099980818681681878 0.0024768583815659292 -0.0040887593162782813 -0.0015931777942790821 0.0020161971619529861 0.0042186581837569178 0.0018983952544505375 0.0078885437516909851 -0.00032764690891115875 -0.0010282890564885408 -3.788367109801529e-05 -0.0020601639999248537 0.0044807158789946459 -0.00064965602759750314
leaf_weight=22239.106142386794 14766.732864295831 3928.0564528778195 1491.0881186265033 3989.4708595334087 823.40266293985769 995.12685368210077 2936.118959910702 299.03120363969356 5939.6410385798663 396.5687986202538 221.85072841309011 727.67261933535337 778.55903569608927 557.60666183382273
leaf_count=122166 178261 22681 97976 143712 28435 4785 41248 3377 78488 4484 2540 3476 3602 2581
internal_value=7.29165e-06 0.00069128 -0.000640472 -0.00172739 -0.000961292 0.000409693 -0.000358542 -0.000796358 0.000415242 0.00236069 0.00480493 0.00197001 0.000811637 0.00239351
internal_weight=60090 29226.1 30863.9 6303.96 4812.87 25298.1 24559.9 15684.2 8875.76 917.451 520.882 3058.97 2063.84 1336.17
internal_count=737812 159291 578521 270123 172147 136610 308398 188662 119736 10401 5917 14444 9659 6183
is_linear=0
shrinkage=0.03


Tree=66
num_leaves=15
num_cat=0
split_feature=35 17 35 7 28 30 12 21 34 22 16 6 15 16
split_gain=17.4612 13.9496 9.18447 11.7774 10.1912 8.04362 7.49305 9.20405 10.413 7.44278 7.96747 13.5904 9.86552 8.76858
threshold=1.5000000000000002 55.062019230769238 8.5000000000000018 8.5000000000000018 -0.74999999999999989 63.500000000000007 86.950000000000017 0.43875000000000003 0.013935104720535435 8.5000000000000018 74.550000000000011 0.78759398496240618 71.841666666666683 81.550000000000011
decision_type=2 8 2 10 8 8 10 10 2 10 8 2 8 8
left_child=5 -2 3 9 -4 -1 -7 -8 -9 10 11 -3 -12 -14
right_child=1 2 4 -5 -6 6 7 8 -10 -11 12 -13 13 -15
leaf_value=0.00338649842997517 -0.0038759821923310101 -0.0022507189361664699 0.00052770419182215748 -0.0042744201151317905 -0.0038373385750594589 0.00028061957752903899 0.0030798636500204203 -0.0028848049994850094 0.0041368843312092306 0.00099266096497314764 0.00093436412301927524 0.0012249830390744809 -0.0014527586538531088 -7.2198616498927269e-05
leaf_weight=930.05755466967821 960.71175313112326 3901.9225625020626 739.13302773027681 581.14362819795497 1274.3164097514236 13149.23229239136 1946.2711822614074 555.92059631645679 228.00987151265144 4542.4822970512323 6435.7639555803034 1325.1071804128587 5315.445116184419 18163.099688895978
leaf_count=4467 34015 55380 45375 9195 79407 62341 9221 2535 1036 69746 84783 19595 57063 203863
internal_value=-7.33526e-05 -0.000392285 -0.000308639 -0.000208329 -0.00226098 0.00074577 0.000580958 0.00199639 -0.000716928 -0.00014348 -0.000291543 -0.00136633 -0.000101774 -0.000387175
internal_weight=60048.6 43239.1 42278.4 40265 2013.45 16809.5 15879.4 2730.2 783.93 39683.8 35141.3 5227.03 29914.3 23478.5
internal_count=738022 658422 624407 499625 124782 79600 75133 12792 3571 490430 420684 74975 345709 260926
is_linear=0
shrinkage=0.03


Tree=67
num_leaves=15
num_cat=0
split_feature=35 20 16 34 32 29 19 13 16 4 23 8 23 6
split_gain=27.2187 10.6024 11.0494 14.7088 9.93203 8.97408 9.35725 12.0469 11.9873 10.5737 10.286 11.7017 9.52886 8.38138
threshold=1.5000000000000002 240.50000000000003 69.250000000000014 0.0059653980104418195 0.12233748717617605 0.049714248391626671 7.8608585858585807 68.250000000000014 80.850000000000009 4.2222222222222259 3.8050000000000002 1.0000000180025095e-35 4.0850000000000009 0.78759398496240618
decision_type=2 10 8 2 2 8 10 8 10 2 8 2 10 2
left_child=-1 2 3 -2 -5 -4 10 -8 12 -10 11 -7 -9 -12
right_child=1 -3 5 4 -6 6 7 8 9 -11 13 -13 -14 -15
leaf_value=0.0010102771163312623 -0.0035022224430854825 -0.0034188395631606695 -0.0026306039149288068 0.0040218742388717045 -0.0021821924663279289 0.0089773380955681225 0.0059587895740403655 -0.0030776569424437205 0.0028076372514683747 -0.0045242484472099408 -0.00010619216140547678 -0.00079046561249469696 0.0020246707901177799 0.0015069287371388981
leaf_weight=16808.347007147968 1998.5968834530795 979.98341492330655 1277.197228431236 446.00791517493781 392.57207322190516 61.305610901908949 390.64326920732856 950.13058035820723 1825.9461074443534 150.60721151251346 11278.299204799347 19189.643097473774 449.64362875791267 3849.0141697300132
leaf_count=79596 54085 19070 27932 13199 6732 683 3098 7272 13738 1151 196072 239829 3916 70963
internal_value=-1.23876e-05 -0.000410632 -0.000336915 -0.00212856 0.00115814 -0.000205439 -0.000120901 0.00128862 0.00066921 0.00215113 -0.000276996 -0.000736184 -0.00142536 0.000307865
internal_weight=60047.9 43239.6 42259.6 2837.18 838.58 39422.4 38145.2 3766.97 3376.33 1976.55 34378.3 19250.9 1399.77 15127.3
internal_count=737336 657740 638670 74016 19931 564654 536722 29175 26077 14889 507547 240512 11188 267035
is_linear=0
shrinkage=0.03


Tree=68
num_leaves=15
num_cat=0
split_feature=15 16 8 8 14 11 7 26 14 13 33 11 14 12
split_gain=15.5385 11.702 13.3524 20.2374 11.0656 11.0299 12.5456 10.8085 9.48328 11.6611 10.5933 9.45216 9.29391 8.89928
threshold=45.583333333333343 81.550000000000011 1.0000000180025095e-35 1.5000000000000002 81.350000000000009 29.500000000000004 5.5000000000000009 -0.13914996345435024 45.750000000000007 55.550000000000004 24.500000000000004 5.5000000000000009 63.850000000000001 57.350000000000001
decision_type=8 10 2 2 8 2 10 10 8 10 2 2 8 10
left_child=13 8 -3 4 11 6 -5 -8 9 -2 -10 -4 -9 -1
right_child=1 2 3 5 -6 -7 7 12 10 -11 -12 -13 -14 -15
leaf_value=-0.0080209392381850684 -0.0042718932657711652 0.0085776809663505576 0.0055435374928925274 0.00058561283636473659 -0.0071556891053027351 0.0020614518945225005 0.001441413573786977 0.0029837298861006153 0.001292852979773591 0.0060795353581803669 -0.00070592630770909361 -0.0049479902320660775 -0.0020929738196785222 0.0033589273537931136
leaf_weight=277.06158214272 90.6886587056797 128.35599999316037 118.63683870667592 21366.169057082618 442.71162721049041 3381.2825177703053 1225.1817215112969 309.04318518959917 2585.8436890415614 345.35756190004759 25550.70800909464 93.622773309936747 4046.4575916593894 46.833210746292025
leaf_count=11827 2468 1017 988 198722 3819 48795 12496 5646 44897 6444 338999 917 59109 1226
internal_value=-4.96352e-05 -1.14323e-05 0.000390834 0.000343153 -0.00468316 0.000459231 0.000254739 -0.00100599 -0.000449361 0.00370867 -0.000520264 0.00085488 -0.00170298 -0.00614634
internal_weight=60008 59684.1 31111.5 30983.1 654.971 30328.1 26946.9 5580.68 28572.6 436.046 28136.6 212.26 4355.5 323.895
internal_count=737370 724317 331509 330492 5724 324768 275973 77251 392808 8912 383896 1905 64755 13053
is_linear=0
shrinkage=0.03


Tree=69
num_leaves=15
num_cat=0
split_feature=35 18 0 35 14 16 30 28 6 14 25 29 30 29
split_gain=22.3714 10.6486 10.6008 12.0734 9.01749 9.73632 11.0081 8.98782 7.34473 9.52839 7.74292 8.23707 7.47499 7.08269
threshold=1.5000000000000002 -16.066666666666656 9.5000000000000018 9.5000000000000018 68.050000000000011 72.450000000000017 574.50000000000011 1.0000000180025095e-35 0.26969696969696971 53.250000000000007 0.16646116337580208 0.045616006307904598 150.50000000000003 0.066481094783712558
decision_type=2 8 2 2 8 10 10 10 2 10 10 10 10 8
left_child=-1 2 -2 -4 5 6 7 -3 9 -7 11 -10 -11 -9
right_child=1 4 3 -5 -6 8 -8 13 10 12 -12 -13 -14 -15
leaf_value=0.0010207614196582177 -0.0041433016795757102 0.0032721476333190426 0.0013496592618185697 -0.0057054739609033248 -0.00036301215278185353 0.0066254828490973213 -0.0031610681616962518 -0.0071625315232303277 -0.0031594628652968936 0.0037279179683374335 -0.0016501089431090001 0.002766097271550182 -0.0026183276093761816 0.00045971427301292993
leaf_weight=16840.98380972445 1186.2750197447604 644.93014338053763 966.26586770429276 228.07363960123621 33353.746627466608 94.91333093913272 989.30296371062286 113.41215239767917 183.37222797144204 156.52084438526072 430.09313871525228 3655.4576181923039 909.25652151321992 317.34972002962604
leaf_count=79668 34286 11391 28537 28910 451520 1193 18092 2072 3740 2083 4651 54083 12915 4485
internal_value=9.48775e-05 -0.000266588 -0.00219582 -0.000172726 -0.000151606 0.000785398 -0.000951757 0.00113028 0.00144873 -0.00064561 0.00201905 0.00244606 -0.00156102 -0.00208329
internal_weight=60070 43229 2380.61 1194.34 40848.4 7494.61 2064.99 1075.69 5429.61 1160.69 4268.92 3838.83 1065.78 430.762
internal_count=737626 657958 91733 57447 566225 114705 36040 17948 78665 16191 62474 57823 14998 6557
is_linear=0
shrinkage=0.03


Tree=70
num_leaves=15
num_cat=0
split_feature=18 19 12 5 3 4 13 15 29 26 13 34 21 24
split_gain=17.0521 14.3986 16.4793 11.3039 11.2954 11.7259 10.9218 10.6021 10.141 10.5023 9.74643 9.27154 11.495 14.455
threshold=-16.966666666666654 7.8608585858585807 63.550000000000004 9.5000000000000018 61.750000000000007 2.059027777777779 69.850000000000009 62.483333333333348 0.071885308886863605 -0.016857949537982451 60.350000000000001 0.0087042262743498282 0.49418604651162795 0.16000021461685535
decision_type=8 10 10 2 2 2 10 10 8 8 10 2 8 8
left_child=6 3 10 8 5 -4 -1 -8 9 -2 -3 -10 -13 -14
right_child=1 2 4 -5 -6 -7 7 -9 11 -11 -12 12 13 -15
leaf_value=-0.0035377217637771931 -0.00057679654903781128 -0.0015647711551146086 0.0012605345259558011 0.001283209756408288 0.0052775594465793814 -0.0012725272536252064 0.0063829891851387771 -0.002782168264135171 -0.00036043467397377867 -0.0033813012091432463 0.0083075109536110327 0.0011104474736710584 -0.0071429713961014725 -0.0002623004747518235
leaf_weight=1761.1759954377776 4185.3408421990462 95.902645845897496 6525.3102145874873 4865.4633338770363 449.34766902774572 2148.8557006227784 178.62182371667586 183.96585338318255 26383.380832285155 1651.7475096310955 380.10256121773273 9251.6058553138282 278.92423228430562 1695.5611529962625
leaf_count=71093 64004 749 39317 80606 2730 12539 3695 6024 304450 31934 2732 99123 2785 15729
internal_value=3.28855e-05 0.00013069 0.0011887 -8.05467e-05 0.000885772 0.000629321 -0.00257575 0.00195924 -0.00023457 -0.00139238 0.00635883 -5.32647e-05 0.000667038 -0.0013867
internal_weight=60035.3 57911.5 9599.52 48312 9123.51 8674.17 2123.76 362.588 43446.6 5837.09 476.005 37609.5 11226.1 1974.49
internal_count=737510 656698 58067 598631 54586 51856 80812 9719 518025 95938 3481 422087 117637 18514
is_linear=0
shrinkage=0.03


Tree=71
num_leaves=15
num_cat=0
split_feature=35 5 23 23 29 33 28 14 30 18 20 32 23 14
split_gain=21.4653 11.1353 10.3393 13.2529 14.3134 9.95741 11.8841 8.42128 8.04216 9.19384 7.97398 7.66289 6.85991 10.7584
threshold=5.5000000000000009 9.5000000000000018 3.8050000000000002 8.5050000000000008 0.11157933679926789 89.500000000000014 -1.7499999999999998 81.950000000000017 280.50000000000006 -5.249999999999992 12.500000000000002 0.10166389811738651 -0.79499999999999993 72.450000000000017
decision_type=2 2 10 10 10 2 10 10 10 10 10 2 8 8
left_child=1 12 -2 10 -5 8 -7 -8 9 -3 -4 -9 13 -1
right_child=2 5 3 4 -6 6 7 11 -10 -11 -12 -13 -14 -15
leaf_value=0.0037929235916873672 -0.0023171200369733126 0.004950726201723806 0.0035302492393651536 -0.0042289964395385371 0.0020172399288008441 0.0042219531012914835 -0.00090564069286847764 -0.0034003491865964744 0.0071580119947143358 -0.0032597651406740249 -4.6736153951400959e-05 0.0039257383892716538 -5.9161954740887713e-05 0.00031324208337744566
leaf_weight=1031.0733612077311 4803.5982511381153 211.4206864926964 645.19972259900533 1190.2873535729013 415.72583693033084 725.34655264951289 2183.0983815304935 117.06916948221624 424.11138143576682 184.74185561202466 2896.8797949447471 645.52496329881251 41488.062655541813 3112.8483814788051
leaf_count=7266 144709 2049 23130 60631 15016 6280 18121 1005 3817 1459 101507 5129 328351 19480
internal_value=-5.43152e-05 0.000198708 -0.00132333 -0.000382676 -0.00260003 0.00161543 0.000917337 4.6724e-05 0.00450745 0.00118571 0.000644892 0.00266105 5.76528e-05 0.00121394
internal_weight=60075 50123.3 9951.69 5148.09 1606.01 4491.31 3671.04 2945.69 820.274 396.163 3542.08 762.594 45632 4143.92
internal_count=737950 392957 344993 200284 75647 37860 30535 24255 7325 3508 124637 6134 355097 26746
is_linear=0
shrinkage=0.03


Tree=72
num_leaves=15
num_cat=0
split_feature=35 17 32 20 3 4 31 12 14 1 16 14 4 22
split_gain=20.5003 10.0838 10.0148 9.97552 8.88497 7.87451 9.92418 7.63835 7.3497 7.07326 9.44325 14.1058 10.8581 9.74267
threshold=5.5000000000000009 46.510000000000005 0.03484998499849986 240.50000000000003 56.250000000000007 1.4128787878787856 0.0082987333172334452 52.650000000000013 91.050000000000011 1592.5000000000002 74.950000000000017 75.950000000000017 1.1363636363636369 3.5000000000000004
decision_type=2 8 2 10 2 2 10 8 8 2 8 8 2 10
left_child=1 -1 -2 5 7 8 -7 -3 -4 10 12 -12 -6 -14
right_child=2 4 3 -5 9 6 -8 -9 -10 -11 11 -13 13 -15
leaf_value=-0.006993459297815724 -0.0061419971327070638 0.0053084027569888633 -0.00010045256936887984 -0.0063055307496457285 0.00010557930415507402 -0.0040853630696269664 0.0011962942804125058 0.00064151074514251017 -0.0023540960071489268 -0.00086940502775340761 0.0013934407466761271 -0.0001827497373719259 -0.0057837813480105821 -0.0010901498390613125
leaf_weight=129.8105072597973 336.50364123750478 274.09042239561677 6050.1351669698488 283.28129448776599 2292.7064106645994 1278.5791673600907 396.518514636904 14261.978475664277 1611.3842177722836 8756.0956144598313 7626.043317515403 15257.593501793221 648.8950711088255 994.1152801499702
leaf_count=1716 18067 3217 202185 11562 20763 38038 10652 119114 64762 66381 58783 110100 4625 8873
internal_value=-0.000148374 9.84986e-05 -0.00138839 -0.00119121 0.000123822 -0.00100328 -0.00283669 0.000747404 -0.000586633 -0.000131663 0.000110367 0.000344413 -0.00123771 -0.00305993
internal_weight=60197.7 50241.3 9956.4 9619.9 50111.5 9336.62 1675.1 14536.1 7661.52 35575.4 26819.4 22883.6 3935.72 1643.01
internal_count=738838 393572 345266 327199 391856 315637 48690 122331 266947 269525 203144 168883 34261 13498
is_linear=0
shrinkage=0.03


Tree=73
num_leaves=15
num_cat=0
split_feature=18 19 20 28 3 1 16 8 8 21 11 17 13 24
split_gain=17.6944 14.5686 10.6233 9.73531 11.4831 11.2834 9.13196 12.5532 14.3602 10.7278 14.1561 10.7509 10.4042 13.8107
threshold=-16.966666666666654 7.8608585858585807 328.50000000000006 -2.7499999999999996 61.750000000000007 1155.0000000000002 86.550000000000011 1.0000000180025095e-35 1.5000000000000002 0.25198412698412703 16.500000000000004 80.00104166666668 80.950000000000017 0.075043146606282737
decision_type=8 10 10 10 2 2 10 2 2 10 2 10 10 10
left_child=-1 2 6 -3 -5 -6 -2 -8 -9 10 -10 -12 -11 -14
right_child=1 3 -4 4 5 -7 7 8 9 12 11 -13 13 -15
leaf_value=-0.0026703535319730042 -0.00035441409327640716 0.0052406103270226942 -0.0053185699366304273 0.00065594472265362476 0.01068729975351889 0.0015021478197416926 0.010078122697870867 -0.0063325983667537871 0.002191345934756212 -0.0037122840120089274 0.0013794260534117316 -0.0014753347788656797 -0.0039525008960234311 0.00096737812749809343
leaf_weight=2119.5966947480338 33700.372632777697 449.83859954075888 301.67514184559695 8651.7266088221222 157.94505730969831 333.66580724343657 73.488056292291731 224.65900408988819 5236.2763465808239 772.02540667075664 2278.4308405867778 2372.6427161602769 580.05612121266313 2726.2839598825667
leaf_count=80847 433459 2892 5700 52053 957 2027 637 2319 56355 7226 30334 32514 7529 22392
internal_value=-1.0475e-05 8.91879e-05 -0.00012338 0.00115377 0.000925295 0.00516735 -8.51999e-05 0.000549872 0.000465316 0.000596871 0.00112925 -7.70698e-05 -0.000691841 5.82238e-05
internal_weight=59978.7 57859.1 48265.9 9593.18 9143.34 491.611 47964.2 14263.9 14190.4 13965.7 9887.35 4651.07 4078.37 3306.34
internal_count=737241 656394 598465 57929 55037 2984 592765 159306 158669 156350 119203 62848 37147 29921
is_linear=0
shrinkage=0.03


Tree=74
num_leaves=15
num_cat=0
split_feature=35 0 14 14 2 2 8 8 14 16 18 5 10 18
split_gain=14.9114 9.45734 9.65496 10.6815 10.831 10.4721 9.03579 9.21612 8.77096 14.0793 11.3375 15.0019 10.1555 11.5544
threshold=4.5000000000000009 9.5000000000000018 77.850000000000009 64.250000000000014 8.5000000000000018 3.5000000000000004 1.5000000000000002 1.0000000180025095e-35 75.050000000000011 85.850000000000009 -3.3666666666666702 10.500000000000002 229.50000000000003 -13.000000000000002
decision_type=2 2 10 8 10 8 2 2 8 10 10 2 2 10
left_child=8 2 3 4 5 -2 7 -3 9 10 11 -1 13 -11
right_child=1 6 -4 -5 -6 -7 -8 -9 -10 12 -12 -13 -14 -15
leaf_value=-0.0005683413725005471 0.0017584796129424777 -0.0012854209567525836 -0.004006286985667273 -0.00015359537646764078 0.0061717250365618988 -0.0056891502074738649 1.2276850140197072e-05 -0.0084441439876432219 -6.8859624599053033e-05 -0.002939224951574435 0.0014865044833382501 0.005503163468023489 0.00053676524455710344 0.005536479853794996
leaf_weight=7683.4969927025959 184.8547711505089 669.32755970000289 1347.5744637823664 2999.4225625472027 52.764571175677702 846.63663896417711 8725.82286811003 174.41167643654626 29311.177034277935 132.39030839502811 5431.1774455737323 334.59203025139868 940.4474316444248 1193.0935521591455
leaf_count=63216 4569 24459 26913 74271 1626 25373 259327 6310 199590 1135 33176 2979 6672 8246
internal_value=-3.50897e-05 -0.000852658 -0.00184654 -0.001094 -0.00357404 -0.00433486 -0.000281911 -0.00315484 0.000237932 0.000808548 0.000434764 -0.000282445 0.00296983 0.00461385
internal_weight=60027.2 15000.8 5431.25 4083.68 1084.26 1031.49 9569.56 843.739 45026.4 15715.2 13449.3 8018.09 2265.93 1325.48
internal_count=737862 422848 132752 105839 31568 29942 290096 30769 315014 115424 99371 66195 16053 9381
is_linear=0
shrinkage=0.03


Tree=75
num_leaves=15
num_cat=0
split_feature=18 4 19 11 4 30 23 24 28 7 11 5 4 15
split_gain=15.8444 14.9977 11.6306 12.8195 11.0213 10.6796 10.3027 9.79802 8.7411 9.13132 10.3773 13.5802 13.8159 8.60948
threshold=-16.966666666666654 4.404545454545457 7.8608585858585807 7.5000000000000009 -3.1485294117647054 262.50000000000006 0.19500000000000003 0.026982252387842205 1.2500000000000002 7.5000000000000009 9.5000000000000018 5.5000000000000009 -0.91287878787878529 65.5416666666667
decision_type=8 2 10 2 2 10 10 10 10 10 2 2 2 10
left_child=5 2 4 6 7 -1 -4 -2 -6 10 -10 12 -12 -5
right_child=1 -3 3 13 8 -7 -8 -9 9 -11 11 -13 -14 -15
leaf_value=-0.0055554240473141211 -0.0024153211337861768 -0.0037353699098633545 0.0031695159095369587 0.0077949828000400522 0.00010730248981162255 -0.0010258408738831389 -0.00034854078383979911 0.0036131527759057256 -0.0015790383499947704 -0.0043769558481049579 0.0040524971722530291 0.0018159777357873701 -0.0016317553829384808 0.0020441037170835898
leaf_weight=665.28013053047471 264.56097645382397 868.57752050971612 837.05006633326411 212.03359278105199 33939.569431085372 1446.2986030249158 4776.91110932827 1186.4860287543852 5502.7908740183921 569.59867822984233 387.24951631738804 2647.6981169776991 3266.0077147809789 3391.618854900822
leaf_count=23872 6974 7104 4380 1438 430781 57106 28953 18084 57560 8740 4939 33958 32660 20900
internal_value=-2.6631e-05 6.75383e-05 0.00012873 0.00110133 -5.992e-05 -0.00254844 0.000199356 0.00247017 -0.00014177 -0.000822647 -0.000633392 0.000198395 -0.000982638 0.00248452
internal_weight=59961.7 57850.2 56981.6 9217.61 47764 2111.58 5613.96 1451.05 46312.9 12373.3 11803.7 6300.96 3653.26 3603.65
internal_count=737449 656471 649367 55671 593696 80978 33333 25058 568638 137857 129117 71557 37599 22338
is_linear=0
shrinkage=0.03


Tree=76
num_leaves=15
num_cat=0
split_feature=20 18 8 8 9 7 32 4 26 33 4 31 28 4
split_gain=16.3232 14.4056 11.2244 21.5212 19.0285 9.9982 8.42771 8.40792 10.6326 9.59258 7.80785 7.7854 10.0329 7.67081
threshold=341.50000000000006 -6.1999999999999984 1.0000000180025095e-35 1.5000000000000002 84.500000000000014 7.5000000000000009 0.14818220241297167 -2.5477272727272715 -0.16484879941516703 2505.5000000000005 3.9409722222222219 0.00097125114595688613 1.7500000000000002 0.36515151515151706
decision_type=10 10 2 2 2 10 2 2 10 2 2 10 10 2
left_child=1 5 -3 4 -4 -1 -2 8 -5 10 -9 -11 13 -13
right_child=6 2 3 7 -6 -7 -8 9 -10 11 -12 12 -14 -15
leaf_value=-0.00038227192988707468 -0.0075741024416910319 0.0075728059926255843 -0.009712235242934129 -0.0017469613601043003 -0.0010526597467710209 -0.0034393139637603266 0.0015931867412697187 0.00069124567585696994 0.0044725637596323151 -0.0033448784120753863 -0.0017318591987889836 -0.001003591691988891 -0.0035859958159525154 0.0031428488581471512
leaf_weight=22083.898758093477 327.3311343655223 147.67282068543136 284.41072361869738 301.70157775189728 766.61887583369389 958.20368107652757 98.553768668556586 29916.829371044179 918.91051291534677 948.01204394199885 1199.8771174177527 753.85098324622959 500.58693917049095 766.57902368530631
leaf_count=399670 6594 999 2180 2375 5920 25269 1044 252350 9190 7935 8876 5683 3600 5581
internal_value=2.59138e-05 7.00821e-05 0.000440579 0.00040125 -0.0037306 -0.00051657 -0.0055082 0.000529352 0.00292702 0.00043933 0.000595181 -0.00117686 -0.000103696 0.00112049
internal_weight=59973 59547.2 36505 36357.4 1051.03 23042.1 425.885 35306.3 1220.61 34085.7 31116.7 2969.03 2021.02 1520.43
internal_count=737266 729628 304689 303690 8100 424939 7638 295590 11565 284025 261226 22799 14864 11264
is_linear=0
shrinkage=0.03


Tree=77
num_leaves=15
num_cat=0
split_feature=35 31 22 10 24 13 13 5 11 16 20 6 20 1
split_gain=16.7693 13.8562 18.5241 13.8253 11.3716 13.125 11.5324 10.7206 10.6978 9.9322 8.50659 8.4176 8.89378 8.28321
threshold=5.5000000000000009 0.00022185337831393865 6.5000000000000009 312.50000000000006 0.013402753791071967 76.850000000000009 86.050000000000011 10.500000000000002 29.500000000000004 59.45000000000001 186.50000000000003 0.10818713450292398 9.5000000000000018 1592.5000000000002
decision_type=2 8 10 2 10 10 10 2 2 8 10 2 10 2
left_child=7 13 -3 4 -4 10 -7 8 9 -1 -6 -10 -13 -2
right_child=1 2 3 -5 5 6 -8 -9 11 -11 -12 12 -14 -15
leaf_value=-0.004793774637432047 -0.002809156889125951 -0.0013490312700608366 -0.0020915276546443575 -0.0036443237084566723 0.0075029296470943063 -0.0023875819021245844 0.0060728598876478735 0.0022075897550188541 -0.0044613001862058663 0.00014550079432865313 -0.0024210496465047848 0.0051496365818120325 0.0013111172284652967 -4.748273827210456e-05
leaf_weight=319.49295074492693 3775.5785455942387 2940.2151372571243 254.08826343994588 250.2667115770746 788.78232624009252 358.43060068949126 175.52632640907541 2540.8080065585673 132.52476057037711 44115.59426904493 62.508919540327042 681.70221106195822 2338.5154731781222 1315.2449312171666
leaf_count=3985 140045 87533 14412 9606 28479 10381 5154 21557 1168 340743 2597 5445 20226 46798
internal_value=0.000104816 -0.00101902 0.000133446 0.00241549 0.00342108 0.00446986 0.000675441 0.000328021 0.000225455 0.000104639 0.00668034 0.00190004 0.00224728 -0.00210306
internal_weight=60049.3 9920.64 4829.82 1889.6 1639.34 1385.25 533.957 50128.6 47587.8 44435.1 851.291 3152.74 3020.22 5090.82
internal_count=738129 345005 158162 70629 61023 46611 15535 393124 371567 344728 31076 26839 25671 186843
is_linear=0
shrinkage=0.03


Tree=78
num_leaves=15
num_cat=0
split_feature=16 8 8 18 12 18 24 13 29 20 20 26 3 16
split_gain=12.6159 11.92 18.0986 10.2095 12.3295 18.8995 10.8938 10.6147 9.65586 8.39729 7.95402 9.94592 7.92302 7.85824
threshold=81.550000000000011 1.0000000180025095e-35 1.5000000000000002 -9.800000000000006 64.950000000000017 -1.0000000180025095e-35 0.01625710226319969 60.95000000000001 0.080004753981459495 240.50000000000003 140.50000000000003 -0.27378832406040665 58.750000000000007 82.050000000000011
decision_type=10 2 2 8 8 10 10 8 10 10 10 10 2 10
left_child=3 -2 -3 6 5 8 -1 -6 12 10 13 -12 -5 -4
right_child=1 2 9 4 7 -7 -8 -9 -10 -11 11 -13 -14 -15
leaf_value=-0.0044487604366776285 0.0080063928373148574 -0.0043993071678621832 0.0026902161512391146 -0.00012912648447176563 0.0027405342272531336 0.0070137875160322721 -0.00099729627530996162 -0.00061681043163506761 0.0018209450696397328 -0.00301258953818381 -0.0031234775257115983 0.0030589895460847892 -0.0060870647869765366 0.00028048011621129563
leaf_weight=946.55090686678886 134.03433510614559 657.33772874320857 1227.8288005089853 694.27936825691722 838.2853174074553 432.18258319376037 5039.0488390981045 18897.666562969796 1806.8171538475435 566.64510747976601 226.85519692092203 1812.1582499779761 233.96580130513757 26554.425629759789
leaf_count=46736 1043 5744 13515 11015 8032 2914 116232 196583 20812 7878 1797 21639 2990 280661
internal_value=-2.64115e-05 0.000391785 0.000346089 -0.000477663 -0.00018796 0.001535 -0.00157544 -0.000467642 0.000558888 0.000455797 0.000526634 0.00231285 -0.0018652 0.000391619
internal_weight=60068.1 31179.3 31045.3 28888.8 22903.2 3167.24 5985.6 19736 2735.06 30387.9 29821.3 2039.01 928.245 27782.3
internal_count=737591 332277 331234 405314 242346 37731 162968 204615 34817 325490 317612 23436 14005 294176
is_linear=0
shrinkage=0.03


Tree=79
num_leaves=15
num_cat=0
split_feature=20 19 29 17 14 34 1 14 12 13 22 13 12 26
split_gain=12.5148 11.4794 11.0929 15.4974 10.9958 10.8058 10.292 9.57812 9.17641 9.71919 9.06249 13.168 13.3345 9.4754
threshold=328.50000000000006 5.9340277777777795 0.072282257750807197 64.12899159663867 68.65000000000002 0.026257533215361128 1352.0000000000002 75.850000000000009 63.95000000000001 54.050000000000004 6.5000000000000009 84.550000000000011 80.250000000000014 -0.20291468363264561
decision_type=10 10 10 10 8 2 2 8 10 10 8 10 10 8
left_child=1 2 3 6 -3 -6 8 -7 -1 -10 11 -4 -13 -12
right_child=-2 4 10 -5 5 7 -8 -9 9 -11 13 12 -14 -15
leaf_value=-0.0031931740314357086 -0.0046124106740461227 0.0028380420098646289 -0.00070214204882319657 -0.00041901705628255863 0.00016727613666582788 -0.002035356031097826 -0.006793097071304469 0.0047381666223449267 0.0099558848867017952 -0.0011676120454574852 0.0043291197316471545 0.0066201374503767315 0.00060944006923291264 0.00041987438398320649
leaf_weight=1042.8228103352012 482.18496094003785 1853.7883148496039 20269.387154495693 4391.3565511715133 13011.455030578887 209.74649295117706 591.18617440178059 806.23244276316836 59.800494358176365 173.7246884542983 535.85435679135844 314.47682014829479 3931.9537918111309 12240.531114259968
leaf_count=28835 8635 12757 238851 79009 84865 1346 18876 5059 1263 3529 5582 3450 38815 205556
internal_value=-3.24104e-05 8.59385e-06 -0.000243228 -0.00140663 0.000697762 0.000405839 -0.00365745 0.00330991 -0.00200372 0.00293426 -4.63479e-05 -0.000383763 0.00112643 0.000600069
internal_weight=59914.5 59432.3 43551.1 6258.89 15881.2 14027.4 1867.53 1015.98 1276.35 233.525 37292.2 24515.8 4246.43 12776.4
internal_count=736428 727793 623766 131512 104027 91270 52503 6405 33627 4792 492254 281116 42265 211138
is_linear=0
shrinkage=0.03


Tree=80
num_leaves=15
num_cat=0
split_feature=35 20 4 35 33 4 14 30 18 12 18 34 14 4
split_gain=17.8665 13.5651 10.2025 9.68038 9.81483 9.14161 9.11341 8.57743 8.52432 8.84078 9.71733 11.9124 8.43683 8.23835
threshold=5.5000000000000009 242.50000000000003 1.5732142857142863 1.5000000000000002 87.500000000000014 -2.4843749999999996 45.750000000000007 463.50000000000006 -8.5249999999999968 62.95000000000001 -13.000000000000002 -0.003560682075987595 49.350000000000001 -1.5435606060606089
decision_type=2 10 2 2 2 2 8 10 10 10 10 2 8 2
left_child=3 2 12 -1 8 -6 7 -7 9 10 11 -5 -2 -11
right_child=1 -3 -4 4 5 6 -8 -9 -10 13 -12 -13 -14 -15
leaf_value=0.00080280049817120275 0.0042522381939903457 -0.007121794593990826 -0.0032134022071304497 -0.0016923356933008853 0.0019369382183674778 -0.0016604907606064714 -0.00052232655698027759 0.0080226964383477255 0.00015222690345636179 -0.000572213254446926 -0.0045622887415997394 0.0045804158899941209 -0.00072535168145852356 0.0058873974226129073
leaf_weight=16857.564021289349 269.4567333109444 284.78310933662578 1476.9887554078596 440.0432015825063 1469.0954060526565 109.13634269777685 25296.154986433219 167.00907993968576 3950.9677995573729 216.30414952291176 206.89004124561325 587.39822913007811 7850.4685945657257 768.65845105051994
leaf_count=79762 13983 11966 43229 5095 14629 1166 234271 1804 35629 2555 2321 6368 275582 8766
internal_value=-1.19174e-05 -0.00117435 -0.000961866 0.000218444 -7.89244e-05 -0.000325558 -0.000459062 0.0045279 0.000995885 0.00246139 0.000714944 0.00194 -0.000535159 0.00450971
internal_weight=59950.9 9881.7 9596.91 50069.2 33211.7 27041.4 25572.3 276.145 6170.26 2219.29 1234.33 1027.44 8119.93 984.963
internal_count=737126 344760 332794 392366 312604 251870 237241 2970 60734 25105 13784 11463 289565 11321
is_linear=0
shrinkage=0.03


Tree=81
num_leaves=15
num_cat=0
split_feature=29 20 32 34 33 11 34 33 31 14 5 6 32 26
split_gain=11.6861 10.861 11.4226 9.91882 9.8844 8.81703 7.75451 7.59417 8.85492 10.2338 7.83757 11.7433 8.36325 7.76574
threshold=0.05188855515022843 341.50000000000006 0.14740194605148546 -0.0093501524335778182 78.500000000000014 29.500000000000004 -0.012704175270436949 28.500000000000004 0.0049665131203801048 68.450000000000017 9.5000000000000018 0.55277777777777792 0.059018102873553406 0.7798638156417953
decision_type=10 10 2 2 2 2 2 2 10 8 2 2 2 10
left_child=3 5 6 4 -1 7 -3 8 10 -10 11 -2 -13 -14
right_child=1 2 -4 -5 -6 -7 -8 -9 9 -11 -12 12 13 -15
leaf_value=-0.00059225526721192693 0.0036193409571081488 0.00085957429825428281 0.0031993183319685291 -0.00070421215746626362 -0.0078458169834825717 0.0013963187751927582 -0.0095235827585631559 -0.0001225104045596872 0.0043300117991223516 -0.0015960351211575235 0.0069437318650705142 -0.006079969635149605 0.0017181922877790522 -0.0073870717618305538
leaf_weight=286.42853901698254 1150.9064185410971 74.280073842266575 97.030499963555485 1390.7879788087448 395.94183599413373 4208.150026344927 227.50535229197703 49473.896535777138 275.61282797413878 1306.0138485692441 257.61364343576133 167.0394381826045 638.5072801806964 46.366369533585384
leaf_count=6428 17886 1412 1014 29217 8762 61631 4460 566773 4786 17244 5474 3279 9406 525
internal_value=-3.36418e-05 4.64456e-05 -0.00460238 -0.00221964 -0.0050494 8.2645e-05 -0.00720899 -2.22525e-05 0.00125375 -0.000462323 0.00243851 0.00170401 -0.000940745 0.000641093
internal_weight=59996.1 57922.9 398.816 2073.16 682.37 57524.1 301.785 53316 3842.06 1581.63 2260.43 2002.82 851.913 684.874
internal_count=738297 693890 6886 44407 15190 687004 5872 625373 58600 22030 36570 31096 13210 9931
is_linear=0
shrinkage=0.03


Tree=82
num_leaves=15
num_cat=0
split_feature=8 8 16 20 7 33 3 27 25 13 2 4 8 13
split_gain=11.4183 41.9342 10.9307 10.2268 8.50129 10.1156 10.093 9.95788 9.4725 9.96413 10.2399 8.70734 14.4013 15.7787
threshold=1.5000000000000002 1.0000000180025095e-35 79.550000000000011 345.50000000000006 6.5000000000000009 2505.5000000000005 56.250000000000007 -139.49999999999997 0.11426474778269229 78.550000000000011 8.5000000000000018 0.18990384615384673 2.5000000000000004 73.15000000000002
decision_type=2 2 10 10 10 2 2 10 10 8 8 2 2 8
left_child=1 2 -1 4 5 -2 -7 -6 -8 -10 -11 12 -9 -14
right_child=3 -3 -4 -5 7 6 8 11 9 10 -12 -13 13 -15
leaf_value=-7.3911882682217795e-05 0.00044791508185196781 -0.0055365764693001114 0.0073429110907853798 -0.0043660413788386282 -0.0035038832028215696 0.0013587520197692179 0.0012935649319269736 0.0026960916037878776 -0.0059709645880950983 -0.0022900130421113561 0.0058602077343262579 -0.0015030587521997144 -0.0070744347280589552 0.0028150690426838425
leaf_weight=4386.201261397684 44547.023483603058 1465.2232669532532 136.39915574435145 395.99550102069043 1035.6279171574861 1006.6905362724792 561.19588934606872 1439.6210111009423 646.96204404719174 1436.4793295038398 105.20511063933372 2336.4256862817565 289.98586783849169 216.36236224533059
leaf_count=59200 528468 17833 1075 7256 19394 10488 6001 29107 5328 11450 761 30273 6850 3723
internal_value=2.0321e-05 -0.00121705 0.000227622 0.000158482 0.000195931 0.000321507 -0.0011637 -0.000937044 -0.00209492 -0.00297325 -0.00156722 -0.000283022 0.00118277 -0.00297544
internal_weight=60005.4 5987.82 4522.6 54017.6 53621.6 48303.6 3756.53 5318.02 2749.84 2188.65 1541.68 4282.39 1945.97 506.348
internal_count=737207 78108 60275 659099 651843 562496 34028 89347 23540 17539 12211 69953 39680 10573
is_linear=0
shrinkage=0.03


Tree=83
num_leaves=15
num_cat=0
split_feature=20 8 8 23 30 19 26 6 24 2 0 32 29 29
split_gain=13.901 9.94893 20.2892 16.7872 11.2231 9.9468 10.6051 9.53874 9.05869 8.88634 12.7116 11.0349 8.61425 14.4703
threshold=341.50000000000006 1.5000000000000002 1.0000000180025095e-35 2.4050000000000007 2358.5000000000005 8.8212121212121257 -0.041487168941160828 0.92582417582417598 0.24560130297005786 6.5000000000000009 6.5000000000000009 0.12614467170516006 0.09714771862427575 0.09044758071793392
decision_type=10 2 2 8 10 10 10 2 10 8 2 2 10 8
left_child=1 2 3 -1 -4 7 12 -3 9 11 -11 -9 13 -7
right_child=-2 5 4 -5 -6 6 -8 8 -10 10 -12 -13 -14 -15
leaf_value=0.0094986737897849328 -0.0051514226633510235 -0.00012218789938955028 -0.0057648220597309842 -0.00043663240078283867 -4.4578176655757228e-05 0.00034489624849893511 0.0033492564469162194 -0.001411810888363028 0.0042355965858071887 -0.0029084496760433355 0.004460198220216015 0.0022671118854538938 0.0015395158317322373 -0.0058272135464700631
leaf_weight=108.49944997439161 415.56100609095301 41793.186096725491 1022.7128815511242 4413.0106546354946 434.51610808074474 1610.4086493118666 1599.61585484026 2055.6292783576064 729.77151403785683 232.09435135941021 912.80537230637856 1076.4340555560775 3174.9666662677191 382.34607575368136
leaf_count=821 7585 544832 13265 59310 4574 10177 9771 35232 5908 2028 12781 11861 16989 2255
internal_value=1.2348e-05 5.26768e-05 -0.00110284 -9.69396e-05 -0.00411722 0.000182555 0.00125315 2.65724e-05 0.00125726 0.000706003 0.00290723 -0.000131675 0.000578448 -0.00095298
internal_weight=59961.6 59546 5978.74 4521.51 1457.23 53567.3 6767.34 46799.9 5006.73 4276.96 1144.9 3132.06 5167.72 1992.75
internal_count=737389 729804 77970 60131 17839 651834 39192 612642 67810 61902 14809 47093 29421 12432
is_linear=0
shrinkage=0.03


Tree=84
num_leaves=15
num_cat=0
split_feature=35 16 6 3 15 19 19 23 3 16 14 34 8 8
split_gain=22.5443 11.1732 13.2591 14.0608 11.3079 11.0742 10.7315 10.3986 10.3518 10.5127 13.3524 10.9732 9.63644 10.7358
threshold=6.5000000000000009 74.550000000000011 0.53137254901960795 57.750000000000007 77.683333333333351 -8.6784523809523737 -8.2388888888888818 1.5850000000000002 58.750000000000007 89.050000000000011 64.65000000000002 -0.013429621947799718 1.0000000180025095e-35 1.5000000000000002
decision_type=2 8 2 2 10 10 8 10 2 10 8 2 2 2
left_child=1 2 7 5 -3 -4 -2 -1 9 10 -8 -11 -6 -14
right_child=6 4 3 -5 12 -7 8 -9 -10 11 -12 -13 13 -15
leaf_value=-0.0049360104927852417 -0.0052498790472203464 0.00082093052421028671 -0.0058894637792871619 -0.001865608686528271 0.0067057415727350619 0.0023595499208283618 0.0024497024011206755 -0.0012037745512720826 -0.0036901264014949317 -0.0057890835082937808 -0.0020677802347148816 0.0039178053701148449 -0.0039655427016311836 -5.9719472597701589e-05
leaf_weight=830.60854509938508 630.34272013930604 25383.95233773184 109.40899302600883 1434.1038045473397 134.36999979801476 2220.347869140096 684.0386588111287 3069.9566006558016 1164.3015267077426 77.552250112872571 3020.2711543089245 662.43066163919866 604.16429812833667 19974.245457317214
leaf_count=6969 50905 227932 2329 14369 890 24798 30559 34063 40617 2794 122005 23232 4362 152197
internal_value=2.20237e-05 0.00022064 -0.000836486 0.000432477 0.000397122 0.00185656 -0.00167761 -0.00205095 -0.00123328 -0.000555753 -0.00121207 0.00259848 -0.00012299 -0.000183725
internal_weight=60000.1 53761.2 7664.43 3763.86 46096.7 2329.76 6238.94 3900.57 5608.59 4444.29 3704.31 739.983 20712.8 20578.4
internal_count=738021 467909 82528 41496 385381 27127 270112 41032 219207 178590 152564 26026 157449 156559
is_linear=0
shrinkage=0.03


Tree=85
num_leaves=15
num_cat=0
split_feature=35 16 14 23 9 16 10 18 22 12 35 21 30 33
split_gain=13.4807 8.70033 10.5683 10.4774 10.0272 17.2762 9.94319 8.81416 8.66136 10.4796 10.1294 9.78469 8.51942 8.43565
threshold=2.5000000000000004 66.350000000000009 74.950000000000017 -0.99499999999999988 52.500000000000007 83.450000000000017 227.50000000000003 -11.03333333333334 6.5000000000000009 53.250000000000007 7.5000000000000009 0.14839839839839844 36.500000000000007 44.500000000000007
decision_type=2 8 8 10 2 10 2 10 10 8 2 8 8 2
left_child=1 -1 3 -3 7 -6 -7 -5 9 -2 13 -12 -4 -11
right_child=8 2 12 4 5 6 -8 -9 -10 10 11 -13 -14 -15
leaf_value=-0.0031070924692800117 -0.00608073912386356 0.0044510630339849892 0.0033669298071785556 -0.0051730898276964995 0.00096810123604469385 0.0075112228190684326 0.0015787156650037698 0.00019832048085609654 0.00040769140130494062 0.0012896170967478225 -0.0007761011286636358 -0.005025133788443591 9.2888585729139218e-05 -0.00062585998133813671
leaf_weight=529.01288140565157 270.33783740736544 897.0289783924818 693.61188079416752 260.60738054662943 4465.610003542155 614.45128886401653 465.17611066997051 2367.7799706459045 9201.9475236556027 2307.7158398269676 1155.077997210552 823.38939977041446 18885.337199885398 17002.811104565626
leaf_count=3183 7331 4710 3757 1654 24632 3383 2570 13680 219533 33239 54672 40197 101331 223361
internal_value=7.65961e-05 0.000538076 0.00061068 0.00145425 0.0011003 0.00181864 0.00513812 -0.000420889 -0.000361304 -0.00068971 -0.000607165 -0.00262472 0.000217157 -0.00039421
internal_weight=59939.9 29178.6 28649.6 9070.65 8173.62 5545.24 1079.63 2628.39 30761.3 21559.3 21289 1978.47 19578.9 19310.5
internal_count=737233 158900 155717 50629 45919 30585 5953 15334 578333 358800 351469 94869 105088 256600
is_linear=0
shrinkage=0.03


Tree=86
num_leaves=15
num_cat=0
split_feature=17 22 4 10 18 17 12 26 31 14 3 15 14 14
split_gain=11.7242 7.0324 10.5854 10.1139 9.8466 12.4747 9.35804 9.31096 9.14055 8.87776 9.83859 13.8935 9.47809 16.635
threshold=46.510000000000005 6.5000000000000009 3.5156250000000004 43.500000000000007 -11.233333333333311 59.301250000000003 62.750000000000007 -0.16070093453685952 0.0033389736726882175 64.850000000000009 59.250000000000007 86.116666666666688 70.950000000000017 75.65000000000002
decision_type=8 10 2 2 8 10 10 10 8 8 2 8 8 8
left_child=-1 4 8 -4 5 6 -2 -7 -3 -6 12 -12 -11 -14
right_child=1 2 3 -5 9 7 -8 -9 -10 10 11 -13 13 -15
leaf_value=-0.0062060685755858172 -0.0010317637965127058 -1.1696386014593972e-05 0.0048695256504414529 -0.0047284988817926947 0.0012829465122061697 0.0011073146419756982 0.0063637053643887526 -0.0032326646913026862 0.0016050595181173154 -0.0018473962403553036 0.00012913165668744712 0.0036298857925054495 0.0012943859508548136 -0.00064236041837703616
leaf_weight=234.52241169265471 326.64451377745718 7227.1796254571527 76.974919060477987 526.40309951500967 3528.101517750416 510.0132222562097 222.94394558737986 2567.8052356435219 5523.9288251973921 4084.9172955446411 6219.4820166844875 1171.5032334765419 4781.1158719873056 22953.146641158964
leaf_count=10488 9637 144203 856 5903 34417 8176 5132 57575 85593 41455 51413 10332 46592 226025
internal_value=-0.000130547 -0.000101517 0.000503873 -0.00322511 -0.00027624 -0.00176593 0.00224875 -0.0025073 0.000692235 -0.000147886 -0.000278101 0.000704679 -0.00050713 -0.000306756
internal_weight=59954.7 59720.2 13354.5 603.378 46365.7 3627.41 549.588 3077.82 12751.1 42738.3 39210.2 7390.99 31819.2 27734.3
internal_count=737797 727309 236555 6759 490754 80520 14769 65751 229796 410234 375817 61745 314072 272617
is_linear=0
shrinkage=0.03


Tree=87
num_leaves=15
num_cat=0
split_feature=18 13 11 11 14 5 26 23 12 30 1 18 19 14
split_gain=12.9106 13.1107 8.54069 8.41026 11.9818 10.5797 11.1915 9.77533 11.7224 15.4907 9.29012 14.8092 8.75413 8.15999
threshold=-16.966666666666654 57.250000000000007 29.500000000000004 16.500000000000004 68.050000000000011 9.5000000000000018 -0.026598705481399459 3.8050000000000002 71.750000000000014 424.50000000000006 1055.0000000000002 -1.6666666666666676 8.8212121212121257 92.65000000000002
decision_type=8 10 2 2 10 2 8 10 8 8 2 10 10 8
left_child=1 -1 3 5 -5 7 -7 8 9 -2 11 -6 -10 -8
right_child=2 -3 -4 4 10 6 13 -9 12 -11 -12 -13 -14 -15
leaf_value=-0.0042814029492756062 0.00076994080420419314 0.00042677501163766474 0.0014634301888489295 0.0013097241109512544 -0.0068040355410959943 0.00059227648685434848 0.0058467704474534921 0.00080777572457820098 -0.00021590258164287226 -0.0032394235503869998 -0.00088648898272999498 0.0011412409734027644 0.0013922435073808756 0.001234851826915531
leaf_weight=1147.3334497860633 1337.9467475889251 943.41756124747917 4243.3148061993998 1987.1783396247774 564.79018804919906 3183.9249108640943 742.46257203863934 11831.091095013311 20571.058641840937 2332.9980835285969 6594.0707300533541 302.16024543298408 3524.6453494918533 671.45619950559922
leaf_count=46277 14570 34589 58935 27834 7616 41205 11887 157915 199954 25199 79560 2196 18765 11386
internal_value=9.14303e-05 -0.00219657 0.000175892 7.27775e-05 -0.000737288 0.000246592 0.00160066 8.75457e-05 -0.000220237 -0.00178742 -0.00128758 -0.00412362 2.1728e-05 0.0037736
internal_weight=59977.8 2090.75 57887.1 53643.8 9448.2 44195.6 4597.84 39597.7 27766.6 3670.94 7461.02 866.95 24095.7 1413.92
internal_count=737888 80866 657022 598087 117206 480881 64478 416403 258488 39769 89372 9812 218719 23273
is_linear=0
shrinkage=0.03


Tree=88
num_leaves=15
num_cat=0
split_feature=17 32 11 7 20 23 31 1 20 34 25 12 6 14
split_gain=10.4037 10.8258 6.94817 12.617 8.36592 8.02245 9.56915 8.79926 11.1363 10.0763 10.8376 9.19688 11.1894 9.34448
threshold=52.541428571428575 0.069235558961586383 28.500000000000004 5.5000000000000009 242.50000000000003 6.8050000000000006 -0.005096169707779259 1035.0000000000002 25.500000000000004 -0.0095312833176008169 0.2577067990829725 82.550000000000011 0.53589743589743599 66.450000000000017
decision_type=8 2 2 10 10 10 8 2 8 2 8 10 2 10
left_child=1 -1 3 5 -5 7 -7 8 11 -10 -11 12 13 -2
right_child=2 -3 -4 4 -6 6 -8 -9 9 10 -12 -13 -14 -15
leaf_value=-0.0078133658549396062 0.0024580372609077934 -0.00023395811242008194 0.0011948238129035082 -0.00088795499259993556 -0.0058947621139158277 -0.00078022110095927327 0.0020576139300120949 -0.00012785123674543064 0.0029705068817704244 -0.0024373049945815317 0.0012168539282660965 0.0057542105081142339 0.0036760514277491044 -0.003020496826733692
leaf_weight=255.34015261847526 449.35745774582028 388.72001072776038 4820.0578003588598 7644.795860207174 265.11384413752239 1437.8282635674113 3885.4441920273239 34923.679744447843 755.6678487889003 1591.7624721142929 1274.038286705967 576.66216478822753 1033.768137531355 591.97477479535155
leaf_count=12219 4685 11728 71818 115294 6205 29363 64589 361909 8986 15746 14007 4006 10731 5139
internal_value=6.65103e-05 -0.00358525 0.000109195 1.20489e-05 -0.00109174 0.000200699 0.00129098 5.84235e-05 0.00108824 7.97285e-07 -0.00081978 0.00254585 0.00153985 -0.000652087
internal_weight=59894.2 644.06 59250.2 54430.1 7909.91 46520.2 5323.27 41196.9 6273.23 3621.47 2865.8 2651.76 2075.1 1041.33
internal_count=736425 23947 712478 640660 121499 519161 93952 425209 63300 38739 29753 24561 20555 9824
is_linear=0
shrinkage=0.03


Tree=89
num_leaves=15
num_cat=0
split_feature=35 19 4 14 16 15 12 30 26 31 12 13 33 31
split_gain=12.4372 9.52966 9.94609 9.11957 18.0386 9.0118 8.9021 11.2537 8.79774 8.64987 10.3428 11.4316 9.44302 8.87849
threshold=3.5000000000000004 12.078977272727284 4.6519230769230768 74.950000000000017 82.550000000000011 59.81666666666667 62.150000000000013 1227.5000000000002 -0.0054368717410634504 0.0040919320368917192 58.150000000000013 60.350000000000001 444.50000000000006 0.00022185337831393865
decision_type=2 10 2 8 8 10 8 10 10 8 8 8 2 10
left_child=1 2 3 4 -1 -6 7 -5 9 10 13 12 -12 -2
right_child=8 -3 -4 6 5 -7 -8 -9 -10 -11 11 -13 -14 -15
leaf_value=0.00020492658652175016 -0.0043721427943947391 0.002196841160449737 -0.0040339188031981868 0.00029950863316317362 -0.0045574200908316577 0.0029915940630576556 -0.00014389727145098981 0.0081312757918345756 -0.0023091008035472879 0.00050730933760020729 0.0044187305737161849 -0.00079394956675517747 -0.0018429032726312445 0.0017181859363622971
leaf_weight=8462.5575192384422 1086.9604245154187 2357.0885267816484 432.28298131376505 442.98219270631671 105.113914180547 3551.2332751527429 22820.41622491926 217.13763551600277 2193.2589742313139 7113.8571782419458 667.05796097801067 10058.600370924338 277.5323992560152 237.13038126475294
leaf_count=55673 40926 11604 2557 3139 732 22360 140714 1513 45027 152762 20409 224556 7353 8676
internal_value=4.49155e-05 0.000368958 0.000246504 0.000304066 0.000970585 0.00271602 -4.12727e-05 0.0032668 -0.000529601 -0.000323437 -0.000802959 -0.000494051 0.00257883 -0.0032586
internal_weight=60023.2 38388.8 36031.7 35599.4 12118.9 3656.35 23480.5 660.12 21634.4 19441.1 12327.3 11003.2 944.59 1324.09
internal_count=738001 238292 226688 224131 78765 23092 145366 4652 499709 454682 301920 252318 27762 49602
is_linear=0
shrinkage=0.03


Tree=90
num_leaves=15
num_cat=0
split_feature=35 34 29 29 12 10 16 14 19 29 27 27 10 29
split_gain=16.4409 10.8889 9.59733 9.13674 10.339 10.0783 8.80045 12.9041 12.2043 14.2441 10.9736 10.3222 10.2173 9.98734
threshold=8.5000000000000018 0.0090861654161847744 0.080381034873888937 0.084626380647734409 65.15000000000002 321.50000000000006 72.65000000000002 76.750000000000014 1.2433333333333325 0.1430743069344696 460.50000000000006 369.50000000000006 276.50000000000006 0.082355608910230776
decision_type=2 2 8 10 8 2 8 8 10 8 10 10 2 10
left_child=1 6 -3 5 -5 -4 8 10 -1 12 11 -8 -10 -14
right_child=-2 2 3 4 -6 -7 7 -9 9 -11 -12 -13 13 -15
leaf_value=-0.0029480917691128775 -0.0025162777922649936 -0.000651723285440245 0.0058349827856394483 0.0036046332729576655 0.00069314037401252144 -0.0034222494614360604 0.00069225033026929417 -0.00042051508330321718 -0.00037775359362000654 -0.0048361754856846816 -0.0048171652191470963 0.0053754562783490866 -0.00054189259611313366 0.0066308237317501172
leaf_weight=2146.9642893132987 2081.8179950714111 3210.2498734593391 590.29836636921391 1169.292887722142 11546.628366930876 92.524843046441674 14874.63548269865 21204.425008286024 1350.273321417626 380.07228859001771 267.10881967446767 387.59841597778723 266.5564160970971 420.78833643579856
leaf_count=45549 138245 38760 6657 15090 99110 996 161910 198887 14291 2877 3383 4653 3135 4091
internal_value=7.12118e-05 0.000166325 0.000813782 0.00116602 0.000973936 0.00443268 -9.47325e-05 6.0312e-05 -0.00132958 0.000138312 0.000716096 0.000828349 0.0011598 0.00400108
internal_weight=59989.2 57907.4 16609 13398.7 12715.9 682.823 41298.4 36733.8 4564.65 2417.69 15529.3 15262.2 2037.62 687.345
internal_count=737634 599389 160613 121853 114200 7653 438776 368833 69943 24394 169946 166563 21517 7226
is_linear=0
shrinkage=0.03


Tree=91
num_leaves=15
num_cat=0
split_feature=35 31 17 33 13 18 33 31 16 2 12 3 3 13
split_gain=18.5507 10.4808 13.3615 9.92612 9.22491 12.8753 11.8514 11.6755 10.1235 9.90929 10.9266 9.04154 8.93095 8.71764
threshold=1.5000000000000002 -0.002570946260721452 64.601515151515173 3252.5000000000005 71.550000000000011 -16.066666666666656 24.500000000000004 0.01053358283459784 88.350000000000009 3.5000000000000004 77.850000000000009 59.750000000000007 60.250000000000007 67.850000000000009
decision_type=2 10 8 2 8 10 2 8 10 10 10 2 2 10
left_child=1 3 -3 12 5 13 11 8 -8 -9 -11 -7 -1 -2
right_child=4 2 -4 -5 -6 6 7 9 -10 10 -12 -13 -14 -15
leaf_value=0.0004331636078664543 -0.0028342302287891678 0.005418795785494303 0.0010446658828482942 -0.0064101605613391026 -0.00063999098367928256 0.0053364657803067882 -0.00034393858124391813 0.0053085615670202821 0.0039009658022468863 -9.3109120286339245e-05 0.0065360576927224129 -0.0032498939683772176 -0.0036488989668195539 0.0035345422256281701
leaf_weight=3857.1574979424477 1536.2439904164057 618.92961382865906 11671.757166653872 184.38065464794636 29392.385057405685 673.75557465618476 8486.7585119196156 643.35064191627316 487.49540674756281 1385.711702947272 216.5627906282898 95.728399690240622 500.3306055739522 177.14130000921432
leaf_count=18447 63581 3010 54799 858 402795 12426 134195 7351 7404 19833 2365 1189 2460 6331
internal_value=-1.07566e-05 0.00083234 0.001286 -0.000395935 -0.000340645 0.000301443 0.000651082 0.00039485 -9.30126e-05 0.00230407 0.000973562 0.00413516 -7.16196e-05 -0.00209423
internal_weight=59927.7 16832.6 12290.7 4541.87 43095.1 13702.7 11989.4 11219.9 8974.25 2245.63 1602.27 769.484 4357.49 1713.39
internal_count=737044 79574 57809 21765 657470 254675 184763 171148 141599 29549 22198 13615 20907 69912
is_linear=0
shrinkage=0.03


Tree=92
num_leaves=15
num_cat=0
split_feature=35 32 4 20 18 33 27 25 28 20 18 34 32 17
split_gain=15.5403 11.3152 11.8685 9.67111 7.97422 8.20603 12.1394 8.7265 12.1406 11.9938 10.9235 7.74088 7.71894 7.35584
threshold=5.5000000000000009 0.033364958886780531 1.4128787878787856 242.50000000000003 -5.5583333333333291 360.50000000000006 106.50000000000001 0.081921585957825602 0.75000000000000011 23.500000000000004 -7.166666666666667 0.017053484145105262 0.068640750336587966 54.522500000000015
decision_type=2 2 2 10 10 2 10 8 10 8 10 2 2 8
left_child=13 -2 3 4 5 6 12 -7 9 11 -10 -9 -3 -1
right_child=1 2 -4 -5 -6 7 -8 8 10 -11 -12 -13 -14 -15
leaf_value=-0.0029281529241064457 -0.0064337619219281984 -0.0031019480098108095 -0.0030437230400297004 -0.0061013248577837798 0.0015548499990026552 -0.0045680423807001862 0.003081768882597884 -0.0052587665882142826 0.0067292420400653372 0.0012008718536801253 -0.0040087082476825799 0.0038557939157349758 0.00039209372529497814 0.00032088670496437284
leaf_weight=585.55865934514441 286.8407628769055 830.75852007407229 1721.807076520985 202.32353363686707 1856.1232122457586 751.8776565088192 941.87148912646808 707.42277607368305 257.06010654545389 575.3603994055884 80.091088834917173 58.231581456726417 1581.1965317418799 49510.625237143133
leaf_count=6895 16027 39522 51287 8894 42980 32619 40132 22424 8217 19783 2041 1744 59027 385441
internal_value=6.56316e-05 -0.00102057 -0.000825605 -0.000322412 -0.000130699 -0.000680304 0.000283279 -0.00198909 -0.0007349 -0.00202357 0.00399013 -0.00437169 -0.000849928 0.000280028
internal_weight=59947.1 9850.96 9564.12 7842.32 7639.99 5783.87 3353.83 2430.04 1678.17 1341.01 337.151 765.654 2411.96 50096.2
internal_count=737033 344697 328670 277383 268489 225509 138681 86828 54209 43951 10258 24168 98549 392336
is_linear=0
shrinkage=0.03


Tree=93
num_leaves=15
num_cat=0
split_feature=35 29 20 33 17 0 33 34 34 4 11 35 30 4
split_gain=15.8896 11.8377 9.45622 9.0774 11.389 8.13804 8.48727 7.62369 7.96773 7.57802 7.4179 6.90478 6.76653 6.6706
threshold=6.5000000000000009 0.088356355172282228 223.50000000000003 91.500000000000014 58.001898734177225 9.5000000000000018 18.500000000000004 -0.00045631780127589576 0.0039625338476360662 4.404545454545457 25.500000000000004 1.5000000000000002 48.500000000000007 -2.5477272727272715
decision_type=2 8 8 2 8 2 2 2 2 2 2 2 8 2
left_child=3 2 5 9 -5 7 -7 -2 -9 -1 -8 12 -6 -13
right_child=1 -3 -4 4 11 6 10 8 -10 -11 -12 13 -14 -15
leaf_value=0.0011172831235217943 -0.0076814522552609643 -0.00019667067781780042 -0.0074663525891116456 -0.0031170469943671017 0.0046033477557222242 0.0047918845781802734 -0.0026797798682922703 0.0055095351578384414 -0.0038772006176785454 -0.004686834272001293 0.0019537571065003268 0.0017073811482217307 0.00050437065285921599 -0.00030331012287943134
leaf_weight=9720.9934494292829 343.57747191493399 3343.3464269045508 305.14954800461419 982.36291737365536 323.39085627347231 151.07353883911856 1424.024319859338 71.182329736184329 202.05025028937962 158.28107203543186 355.01496091671288 1520.686765731778 13782.827229745686 27317.386655654991
leaf_count=92974 16096 129860 18839 13127 1552 8302 68562 3240 8586 1152 16218 17230 64908 276982
internal_value=1.58601e-05 -0.00141658 -0.00281859 0.000181958 -3.21189e-06 -0.0021287 -0.00110864 -0.00499818 -0.000957797 0.00100116 -0.001727 7.15601e-05 0.000614269 -0.000194511
internal_weight=60001.3 6195.42 2852.07 53805.9 43926.7 2546.92 1930.11 616.81 273.233 9879.27 1779.04 42944.3 14106.2 28838.1
internal_count=737628 269703 139843 467925 373799 121004 93082 27922 11826 94126 84780 360672 66460 294212
is_linear=0
shrinkage=0.03


Tree=94
num_leaves=15
num_cat=0
split_feature=20 33 7 29 23 35 14 15 6 9 13 17 13 26
split_gain=11.6254 19.1156 10.0186 8.91185 9.20074 8.71326 8.52491 8.36311 8.12074 8.60897 9.93056 8.61924 8.25379 11.234
threshold=328.50000000000006 569.50000000000011 8.5000000000000018 0.05188855515022843 1.7550000000000001 7.5000000000000009 68.450000000000017 46.916666666666679 0.87867647058823539 34.500000000000007 81.350000000000009 85.50616698292221 76.050000000000011 0.80567776900169741
decision_type=10 2 10 10 8 2 8 8 2 2 10 10 10 10
left_child=2 -2 3 -1 5 8 -7 -6 9 10 11 -5 13 -10
right_child=1 -3 -4 4 7 6 -8 -9 12 -11 -12 -13 -14 -15
leaf_value=-0.001842026638817608 -0.0079668105994332942 0.0040574674821288771 -0.0033182907310220213 0.00024394989206756874 -0.0041021100622955107 0.0023061080534690385 -0.0056935785982845299 0.00051317842559608353 -0.0017307828891364467 -0.00086195980211995697 0.0036284294750958145 -0.0083944602542783929 0.0025247289780347404 0.0042366388565065688
leaf_weight=1988.9089189027436 334.63642500212882 135.65369932889007 728.78601969091687 3269.0340867894702 307.421433867421 128.28929461096413 437.4877054952085 35556.313880108093 1254.3590160077438 12892.514900462003 786.982601005584 57.316289193928242 1741.4446637686342 313.36122477939352
leaf_count=41874 6672 1839 14586 26641 12168 5839 17041 479827 10371 98581 5225 341 13285 2921
internal_value=2.30969e-05 -0.00444183 6.21125e-05 0.000106845 0.000176714 -0.000323437 -0.00383969 0.000467961 -0.000216322 -0.00048137 0.000707546 -2.70068e-05 0.00113266 -0.000443916
internal_weight=59932.5 470.29 59462.2 58733.4 56744.5 20880.8 565.777 35863.7 20315 17005.8 4113.33 3326.35 3309.16 1567.72
internal_count=737211 8511 728700 714114 672240 180245 22880 491995 157365 130788 32207 26982 26577 13292
is_linear=0
shrinkage=0.03


Tree=95
num_leaves=15
num_cat=0
split_feature=16 29 23 33 24 33 5 3 27 27 3 25 15 25
split_gain=10.185 14.2979 12.9658 11.5209 12.1612 9.7722 8.60361 7.71731 8.84715 8.71554 10.0316 7.98999 8.40526 8.50783
threshold=74.550000000000011 0.081339131341390314 1.5850000000000002 14.500000000000002 0.013834733903905038 72.500000000000014 9.5000000000000018 58.250000000000007 67.500000000000014 100.50000000000001 56.250000000000007 0.1280558054204142 68.583333333333357 0.031018419404282172
decision_type=8 8 10 2 10 2 2 2 10 10 2 10 10 10
left_child=1 3 -3 -1 5 -5 -6 8 11 10 -10 12 13 -4
right_child=-2 2 7 4 6 -7 -8 -9 9 -11 -12 -13 -14 -15
leaf_value=0.0029513729836545617 0.00019621854174559959 -0.002698476038654681 -0.00020150993315883701 -0.00012196811363387325 -0.0028512213561279298 -0.010390415025809114 0.0030558264628335117 -0.0013102814489578335 -0.0079056667533399932 0.00104503406281122 0.00075113751419010589 -0.0009446079149177379 -0.0004482346722863222 0.0059900817058764688
leaf_weight=264.96355104795657 51004.455715179211 1273.295213972684 244.67075636971276 113.0229077024851 2039.5006454633549 281.79687029658817 207.21605483978055 1282.270931406325 198.73751909309067 1164.1094101073686 218.32625094929244 411.13261379464529 344.2545600081794 965.55957117420621
leaf_count=7300 574568 12671 8371 5689 37854 12405 5721 17757 3889 22077 3486 4239 4593 17130
internal_value=3.17558e-05 -0.000895308 -6.51836e-05 -0.00260762 -0.0032097 -0.00779505 -0.00225175 0.000649684 0.00136663 -0.000304137 -0.00377868 0.00268483 0.00364428 0.00478
internal_weight=60013.3 9008.86 6102.36 2906.5 2641.54 394.82 2246.72 4829.06 3546.79 1581.17 417.064 1965.62 1554.48 1210.23
internal_count=737750 163182 94213 68969 61669 18094 43575 81542 63785 29452 7375 34333 30094 25501
is_linear=0
shrinkage=0.03


Tree=96
num_leaves=15
num_cat=0
split_feature=35 29 1 21 1 26 9 14 24 11 24 14 33 19
split_gain=8.94993 11.7955 10.8746 9.43043 9.55714 6.8302 6.45734 9.88404 5.58774 7.26986 7.20202 7.89674 5.53507 5.38696
threshold=7.5000000000000009 0.057554228462848266 1610.5000000000002 0.1438923395445135 2015.5000000000002 -0.0084714230802365297 76.500000000000014 79.450000000000017 0.16254690771675029 11.500000000000002 0.26493858645211549 93.050000000000011 852.50000000000011 6.1087121212121263
decision_type=2 10 2 8 2 10 2 8 10 2 10 8 2 8
left_child=13 -2 5 4 6 8 -4 -8 -3 10 11 -10 -6 -1
right_child=1 2 3 -5 12 -7 7 -9 9 -11 -12 -13 -14 -15
leaf_value=-9.4681374797820868e-05 -0.0057981357224905824 -0.001374365154264146 0.011720335781316401 -0.0026506419063778868 -0.0037311058604136789 -0.0051495762130558788 -0.004122859455960446 0.0092550817363005085 0.013354282082329168 -0.0021022956776198267 -0.002977526316195433 -0.0023337148037807774 0.0059889638263341573 0.0005214806077682711
leaf_weight=36933.98592309907 428.87003478442784 2148.061143174069 139.44935737829655 160.36045876191929 117.26825608266518 352.46358943579253 75.080111420480534 34.086758351768367 68.767780953785405 105.27694257558323 25.655818867962807 20.833135186228901 27.599486613995396 19459.335898968624
leaf_count=398854 29521 112190 6429 6907 6135 22433 4370 1915 2780 4265 1062 885 1228 139410
internal_value=2.3893e-05 -0.00139458 -0.00073939 0.00292461 0.00523942 -0.00152447 0.00831486 0.00164948 -0.000889727 0.00321235 0.00723412 0.0101773 -0.00081776 0.000118208
internal_weight=60097.1 3703.77 3274.9 553.844 393.484 2721.06 248.616 109.167 2368.59 220.534 115.257 89.6009 144.868 56393.3
internal_count=738384 200120 170599 26984 20077 143615 12714 6285 121182 8992 4727 3665 7363 538264
is_linear=0
shrinkage=0.03


Tree=97
num_leaves=15
num_cat=0
split_feature=17 7 1 13 16 35 17 15 14 5 14 23 14 16
split_gain=10.2704 8.03199 13.2069 8.63158 8.49941 8.34373 8.31233 9.0158 8.09775 7.81871 11.8206 10.6563 9.68836 15.0413
threshold=44.207142857142863 8.5000000000000018 1506.5000000000002 79.850000000000009 78.750000000000014 7.5000000000000009 79.33416666666669 72.941666666666677 79.550000000000011 9.5000000000000018 81.950000000000017 -1.9949999999999999 76.550000000000011 82.350000000000009
decision_type=8 10 2 8 10 2 10 10 10 2 8 8 8 10
left_child=-1 5 -3 4 -4 9 7 -7 -8 12 -11 -12 13 -2
right_child=1 2 3 -5 -6 6 8 -9 -10 10 11 -13 -14 -15
leaf_value=-0.0065012377208488225 7.6666487143860069e-05 -0.005807724045647362 -0.0046600196805608356 -0.0045462654691401988 0.0073915613141507571 -0.00091946605746224543 0.0059799308629032459 -0.0047397820167396597 -0.00052372176335870805 5.4748240005874033e-05 -0.0050097025154140556 0.0033667805170725538 -0.00021312791049533889 0.0017881105628969405
leaf_weight=161.26392542780377 14312.457069757307 457.73491768422537 31.67845037067309 83.052714887075126 173.38343080680352 2087.8784431903623 201.32836047769524 725.42929949657992 525.76406080555171 2872.6106823575683 102.00413775257766 2251.3357526701875 29227.579854268581 6779.291933079483
leaf_count=7823 151711 9210 895 1419 3451 127391 8639 30198 21926 30688 687 22500 258194 63447
internal_value=0.000101978 0.00012519 -0.00286882 0.00196867 0.00498126 0.000165377 -0.00123654 -0.00197012 0.001546 0.000255766 0.00135456 0.00290704 0.000140418 0.000629685
internal_weight=59992.8 59831.5 745.85 288.115 205.062 59085.7 3540.4 2813.31 727.092 55545.3 5225.95 2353.34 50319.3 21091.7
internal_count=738179 730356 14975 5765 4346 715381 188154 157589 30565 527227 53875 23187 473352 215158
is_linear=0
shrinkage=0.03


Tree=98
num_leaves=15
num_cat=0
split_feature=20 35 8 8 29 11 12 29 5 7 33 20 10 20
split_gain=9.65336 9.15338 10.1056 24.0457 10.4789 9.50339 11.2692 10.0438 8.81356 8.34766 7.69394 7.51581 7.00616 6.65148
threshold=341.50000000000006 2.5000000000000004 1.5000000000000002 1.0000000180025095e-35 0.06400202224469162 28.500000000000004 79.750000000000014 0.10516296367091872 10.500000000000002 8.5000000000000018 584.50000000000011 141.50000000000003 255.50000000000003 116.50000000000001
decision_type=10 2 2 2 10 2 10 10 2 10 2 10 2 10
left_child=1 5 3 4 -3 -1 -7 -8 9 11 -2 13 -6 -4
right_child=10 2 8 -5 12 6 7 -9 -10 -11 -12 -13 -14 -15
leaf_value=0.00016357221392931259 -0.0067027787795655271 -0.0058866842817866622 -0.00039269875025180098 -0.0069840513996029746 0.0015949691923457 0.0040687262285525397 0.003421413944073937 -0.0042909581023730103 0.0016676756725308025 -0.0039989738542070326 0.001601832230055967 0.0012918316022676778 -0.0019304620132901279 -0.003075149571167027
leaf_weight=27466.193897332996 296.701599287102 243.58587053325027 22007.106951803464 647.06422755075619 1208.1896930315997 1150.3183699063957 215.52395494282246 310.61097828298807 1925.0101428406779 521.49143633642234 118.07115783309564 2286.4770337814698 800.48666881863028 816.39499346690718
leaf_count=148948 6001 7554 392200 13654 24321 6702 1212 1722 45689 12512 1596 45136 16222 14763
internal_value=-0.00011388 -8.02258e-05 -0.000443558 -0.0021129 -0.000592159 0.000299588 0.00245872 -0.00110894 -0.000264411 -0.000412482 -0.00442075 -0.000330197 0.00017727 -0.000495162
internal_weight=60013.2 59598.5 30455.8 2899.33 2252.26 29142.6 1676.45 526.135 27556.5 25631.5 414.773 25110 2008.68 22823.5
internal_count=738232 730635 572051 61751 48097 158584 9636 2934 510300 464611 7597 452099 40543 406963
is_linear=0
shrinkage=0.03


Tree=99
num_leaves=15
num_cat=0
split_feature=35 15 20 0 2 7 23 17 6 4 21 21 1 25
split_gain=12.0614 9.28353 8.85121 7.88953 8.58269 7.60096 7.1244 6.22009 6.60319 6.00453 11.7685 9.65574 9.5685 8.61269
threshold=9.5000000000000018 41.616666666666674 6.5000000000000009 9.5000000000000018 9.5000000000000018 8.5000000000000018 6.205000000000001 80.233974358974379 0.31414473684210531 3.5156250000000004 0.13906469760900145 0.32200460829493094 1055.0000000000002 0.22554634389985609
decision_type=2 8 8 2 8 10 10 10 2 2 8 10 2 8
left_child=1 -1 3 4 -3 9 -5 8 -2 -4 12 13 -11 -12
right_child=7 2 5 6 -6 -7 -8 -9 -10 10 11 -13 -14 -15
leaf_value=-0.0063658953804243794 -0.0081147401795885286 -0.0015535818240336803 0.00014253136987611497 0.0073933403430154069 0.0063422826859960597 -0.003026553720393935 -0.0014118532166790417 0.0013174770756326415 -0.0022680785955648819 0.0026215801618484653 0.00041384284179077975 -0.0037143320543683122 -0.0053172377750990213 0.007123828443172546
leaf_weight=151.1514961408684 223.99732998549007 458.45011903694831 54812.564502245048 343.12461076048203 114.02758198278025 668.26549485442229 86.621939724078402 212.7281255471753 655.38422388513573 133.24398979963735 913.13912919349968 350.9794991388917 744.43778285849839 164.24888716544956
leaf_count=5090 19075 4842 603161 3739 1048 10930 1421 13159 56837 1040 7661 2385 6065 1185
internal_value=9.05058e-06 6.81625e-05 9.01005e-05 0.00281689 0.000402248 4.04142e-05 0.00565635 -0.00304449 -0.00411379 7.89122e-05 -0.00140419 0.000294575 -0.00403568 0.00170736
internal_weight=60032.4 58940.3 58789.1 1002.22 572.478 57786.9 429.747 1092.11 879.382 57118.6 2306.05 1428.37 877.682 1077.39
internal_count=737638 648567 643477 11050 5890 632427 5160 89071 75912 621497 18336 11231 7105 8846
is_linear=0
shrinkage=0.03


Tree=100
num_leaves=15
num_cat=0
split_feature=3 19 1 22 29 12 19 19 16 6 21 32 32 30
split_gain=11.3783 8.66501 9.74808 9.14838 12.9762 9.39818 8.36331 8.15175 8.11303 11.0889 8.09996 11.1378 8.78375 7.89835
threshold=56.250000000000007 3.5878787878787866 1008.5000000000001 7.5000000000000009 0.071885308886863605 51.45000000000001 2.299999999999994 -0.28666666666667234 90.850000000000009 0.9110671936758894 0.24190177638453506 0.11822609450132153 0.14573603462705412 791.50000000000011
decision_type=2 10 2 10 8 8 10 8 10 2 10 2 2 8
left_child=8 2 7 5 -5 -4 -6 -2 9 -1 12 -12 -7 -3
right_child=1 13 3 4 6 10 -8 -9 -10 -11 11 -13 -14 -15
leaf_value=-5.3381358098563663e-05 -0.0045231860016405187 0.00070138370888591913 -0.0070556204824339793 -0.003276464489246914 0.0022176577455019718 -0.00090551399749827337 -0.0018629483978699086 -0.0012124481928076131 0.00205676646079535 0.0023502611151538975 0.00079447108347107916 -0.0036161879201888169 0.0010799983117633183 -0.00048550675193485718
leaf_weight=14284.540611442062 1023.7845348428236 8937.9198333721142 171.23573142942041 553.79781138931867 2586.8640903538326 9197.6155572016141 505.68740298738703 1924.8149792116601 2506.1151895207586 1914.710136112175 700.64357620663941 1745.3551790469792 2515.2011844562367 11456.162396029569
leaf_count=220686 18700 67689 3947 17094 53175 134835 6042 21803 29803 32115 9022 17555 24465 81335
internal_value=-0.000127345 -0.00040513 -0.000833255 -0.000567292 0.000766736 -0.000908228 0.00153138 -0.00241822 0.000485713 0.000237081 -0.000809315 -0.00236217 -0.000476368 3.51036e-05
internal_weight=60024.4 41319.1 20925 17976.4 3646.35 14330.1 3092.55 2948.6 18705.4 16199.3 14158.8 2446 11712.8 20394.1
internal_count=738266 455662 306638 266135 76311 189824 59217 40503 282604 252801 185877 26577 159300 149024
is_linear=0
shrinkage=0.03


Tree=101
num_leaves=15
num_cat=0
split_feature=35 20 22 18 20 18 13 34 32 16 18 4 28 3
split_gain=11.3049 8.4351 7.7382 8.65239 8.26242 9.73136 11.1255 11.4579 12.8138 9.12998 8.0945 9.30239 7.69775 7.50949
threshold=1.5000000000000002 341.50000000000006 3.5000000000000004 -28.93333333333333 142.50000000000003 -13.233333333333329 88.250000000000014 -0.0022217511550362292 0.13504481674699889 78.450000000000017 -12.166666666666652 -1.6485294117647056 3.2500000000000004 57.250000000000007
decision_type=2 10 10 10 10 10 10 2 2 10 8 2 10 2
left_child=-1 2 10 -4 -5 -6 7 -7 -9 -10 11 -2 -13 -11
right_child=1 -3 3 4 5 6 -8 8 9 13 -12 12 -14 -15
leaf_value=0.00077783481396122777 0.0016807790738405941 -0.0046231370961840081 -0.0052013871089442521 0.00012087022430510793 -0.0024215463670726784 0.00054056422621113543 -0.0035662986376563928 0.0077494623261452344 -0.0036815354396569295 -0.0012617077315339503 -0.00039039850377517351 -0.0051618449936912583 0.0036915378398564205 0.0070213395782450401
leaf_weight=16955.7319528386 272.92527527105995 323.72913598828018 208.75463718501851 21438.790451637557 359.681131272926 817.75685740029439 193.59688927419484 670.64579806663096 168.04272440448403 137.30284493602812 17383.779451513896 822.13182561704889 62.881386755034328 209.95018253219314
leaf_count=80096 6692 7204 13139 364673 11234 12889 2763 11175 1902 1746 204875 15953 1021 2402
internal_value=0.000122877 -0.000135569 -9.62222e-05 0.00025688 0.000315082 0.00190989 0.00265702 0.0033305 0.00515458 0.00139068 -0.000556617 -0.00293255 -0.00436903 0.00399966
internal_weight=60025.7 43070 42746.2 24204.5 23995.8 2556.98 2197.3 2003.7 1185.94 515.296 18541.7 1157.94 885.013 347.253
internal_count=737764 657668 650464 421923 408784 44111 32877 30114 17225 6050 228541 23666 16974 4148
is_linear=0
shrinkage=0.03


Tree=102
num_leaves=15
num_cat=0
split_feature=16 2 14 34 30 19 20 32 13 16 4 30 14 24
split_gain=11.358 8.45908 7.81316 6.3311 12.3536 11.0973 9.98938 9.70572 10.068 12.279 9.41323 9.41142 9.10725 8.90493
threshold=60.350000000000001 4.5000000000000009 31.150000000000002 0.0015236968448503368 440.50000000000006 -2.5477678571428579 203.50000000000003 0.069235558961586383 63.250000000000007 72.850000000000009 -2.9076704545454528 550.50000000000011 75.950000000000017 0.030882928264847832
decision_type=8 10 8 2 8 8 10 2 8 10 2 10 10 10
left_child=1 -1 -2 5 6 7 -5 -4 9 -9 -7 12 -6 -10
right_child=2 -3 3 4 11 10 -8 8 13 -11 -12 -13 -14 -15
leaf_value=-0.0061237039934092397 0.005339416787284881 0.00076957321322516687 -0.0039111005074668409 0.0015055427725470158 -0.00028140370713806864 0.0029692230329576392 -0.0032982586024972974 -0.0035112320022277991 0.0028963153378728174 0.0047978052589692103 -0.00019676748144579787 0.00010834867984531382 -0.0048508690750242878 -0.0030131237443099114
leaf_weight=420.64571571326815 198.07985844893847 227.4880510175135 1281.319084859686 8094.962470805971 907.68897809484042 823.85670970543288 363.06588461762294 188.85854956344701 237.7908462213818 470.9763851556927 25768.567991440184 19131.690402501496 650.68175955512561 1231.2006603856571
leaf_count=14719 3738 9533 50807 92501 11242 11240 5053 5438 8130 9448 275159 208419 6629 25650
internal_value=-1.81922e-05 -0.0038224 2.65353e-05 4.24928e-06 0.00031886 -0.000301423 0.00128117 -0.00189962 -0.000626956 0.00233978 -9.3294e-05 -7.66681e-05 -0.00228083 -0.00199269
internal_weight=59996.9 648.134 59348.7 59150.7 29148.1 30002.6 8458.03 3410.15 2128.83 659.835 26592.4 20690.1 1558.37 1468.99
internal_count=737706 24252 713454 709716 323844 385872 97554 99473 48666 14886 286399 226290 17871 33780
is_linear=0
shrinkage=0.03


Tree=103
num_leaves=15
num_cat=0
split_feature=18 12 16 12 0 31 13 19 13 25 22 11 26 23
split_gain=11.1144 11.1326 11.3068 8.87678 13.1006 10.8491 10.5294 9.84776 8.2573 8.60018 8.15027 10.6553 7.88472 7.83453
threshold=-6.2666666666666471 62.750000000000007 66.350000000000009 63.150000000000013 9.5000000000000018 -0.00041982537699049993 63.050000000000004 -3.9566666666666666 74.950000000000017 0.1003037567342541 5.5000000000000009 7.5000000000000009 -0.17747085004816468 -1.5049999999999997
decision_type=8 8 10 10 2 8 8 10 8 8 10 2 10 8
left_child=3 2 -2 4 5 7 -5 -1 9 -7 -4 12 -12 -3
right_child=1 13 10 6 -6 8 -8 -9 -10 -11 11 -13 -14 -15
leaf_value=-0.0081375474278670371 -0.0028142957947605799 0.0018983106857529194 0.0074589687628171999 0.0014330489720941961 -0.00012168587033130474 -0.0002022384597137949 -0.00065722381539572226 -0.0024707926227608501 0.0031852478545716435 -0.0060168296154935446 -0.0022044295926881593 -0.00035160539787281527 0.0079338123314094261 4.3577223824401904e-05
leaf_weight=540.42643741262145 241.69431268982589 2117.8599100541323 350.43886954616755 2626.5452597815311 2231.9908746448345 583.37382691819221 11407.653397386894 638.8226493622642 254.31261191202793 330.71400646891561 63.981573126744479 595.4443418069277 277.26718907756731 37661.350056279683
leaf_count=16680 2367 13082 2850 47439 76443 13103 196849 9456 4354 4470 465 5960 2755 341543
internal_value=-3.14397e-05 0.000242827 0.00271355 -0.000639115 -0.00177848 -0.00331826 -0.000262324 -0.00529312 -0.00118965 -0.00250888 0.00381797 0.00214684 0.00599417 0.000144583
internal_weight=59921.9 41308 1528.83 18613.8 4579.64 2347.65 14034.2 1179.25 1168.4 914.088 1287.13 936.693 341.249 39779.2
internal_count=737816 369022 14397 368794 124506 48063 244288 26136 21927 17573 12030 9180 3220 354625
is_linear=0
shrinkage=0.03


Tree=104
num_leaves=15
num_cat=0
split_feature=35 8 8 32 18 0 6 23 32 31 14 21 23 30
split_gain=13.4269 11.7559 12.2801 9.16187 8.61477 8.82118 8.97301 11.7357 9.31784 8.07931 8.35923 8.02691 7.67919 7.66405
threshold=4.5000000000000009 1.5000000000000002 1.0000000180025095e-35 0.11822609450132153 -6.2666666666666471 9.5000000000000018 0.22649572649572652 1.2050000000000003 0.15258024887057148 -0.0064025984614882328 49.350000000000001 0.27361853832442073 8.9050000000000029 1134.5000000000002
decision_type=2 2 2 2 10 2 2 10 2 8 8 10 10 10
left_child=-1 2 3 -2 5 9 8 13 -7 -3 12 -6 -11 -8
right_child=1 4 -4 -5 11 6 7 -9 -10 10 -12 -13 -14 -15
leaf_value=0.00043411220471485244 -0.0036736550834654187 -0.0045519731930476074 -0.0082792734621288232 0.0018098783329343836 0.0010332212466780412 -0.0037109403812251932 -0.00025842447848147665 0.0011399590236549099 0.0049705739440459983 0.0087121217122782101 -0.0016717615192239675 -0.0024679376736225439 -0.0034137731847590875 -0.0065419216022392672
leaf_weight=45090.544050533324 651.55859957728535 878.47332860704046 283.31163095566444 410.82589214551263 4701.7060275175609 859.05099297384731 396.54600876034237 3494.2839069472393 82.953567043412477 89.163645710912533 2083.1061124940752 624.70412736944854 38.24352179095149 268.47580330912024
leaf_count=315069 25505 26068 9846 10417 92339 30625 11025 133886 2085 2605 56779 12002 1680 7472
internal_value=0.000176413 -0.000604244 -0.00322622 -0.00156712 -0.000332277 -0.000940785 -0.000169099 0.000437482 -0.00273444 -0.00219219 -0.00117446 0.000603458 0.00513602 -0.00307521
internal_weight=59952.9 14862.4 1345.7 1062.38 13516.7 8190.3 5101.31 4159.31 942.005 3088.99 2210.51 5326.41 127.407 665.022
internal_count=737403 422334 45768 35922 376566 272225 185093 152383 32710 87132 61064 104341 4285 18497
is_linear=0
shrinkage=0.03


Tree=105
num_leaves=15
num_cat=0
split_feature=35 14 31 12 14 21 6 21 10 4 29 25 31 35
split_gain=10.3842 9.08641 9.60408 24.8375 10.7634 8.90722 8.79292 10.2349 9.81532 8.59935 8.54581 8.34174 10.6683 8.02189
threshold=7.5000000000000009 68.050000000000011 0.00022185337831393865 59.150000000000013 65.65000000000002 0.14839839839839844 0.31009615384615391 0.11558704453441297 170.50000000000003 1.9629120879120878 0.058247947592752015 0.14639051828270241 0.013883531289445038 1.5000000000000002
decision_type=2 8 8 10 10 10 2 10 2 2 10 10 10 2
left_child=1 2 3 -1 -5 10 8 9 -6 -8 -2 -4 -13 -3
right_child=5 13 11 4 6 -7 7 -9 -10 -11 -12 12 -14 -15
leaf_value=-0.0045180817002065414 -0.0045066216106406437 0.00045250911695817218 0.0023231389810674445 -4.4878475446968965e-05 0.0043594771485688695 -0.0039441858026268758 0.0083758463225541164 -0.0003001392969525532 -0.0050593997574614339 -0.0019507931540595053 7.11260336153899e-05 -0.0028594320501467143 0.0036161053612730853 -0.00039370528806560609
leaf_weight=876.6224097305676 386.27592495945282 14755.764040023088 4240.5309073037934 2853.1471240497194 134.86806628853083 988.8200554435607 481.98181541240774 229.37807154003531 167.44525759993121 64.677154798060656 2302.8080866527744 647.24120706506073 292.40711118839681 31563.391090974852
leaf_count=14171 27977 69404 47811 33096 1359 42934 5490 2369 1722 560 129067 5379 2273 354338
internal_value=-4.81976e-05 5.32765e-05 0.000871576 -9.52683e-05 0.000935259 -0.00158161 0.00341562 0.00502185 -0.000835093 0.00709297 -0.00065671 0.00176131 -0.000763437 -0.000123932
internal_weight=59985.4 56307.5 9988.3 4808.12 3931.5 3677.9 1078.35 776.037 302.313 546.659 2689.08 5180.18 939.648 46319.2
internal_count=737950 537972 114230 58767 44596 199978 11500 8419 3081 6050 157044 55463 7652 423742
is_linear=0
shrinkage=0.03


Tree=106
num_leaves=15
num_cat=0
split_feature=35 5 24 19 10 31 23 1 11 31 11 23 4 4
split_gain=10.1246 10.1528 15.118 9.66436 12.1712 14.921 10.248 9.3865 9.17313 8.61221 8.6238 7.96252 8.53194 9.69608
threshold=7.5000000000000009 9.5000000000000018 0.02674892076500987 9.4333333333333318 286.50000000000006 -1.0000000180025095e-35 -1.2949999999999997 1610.5000000000002 10.500000000000002 0.004604377634444364 30.500000000000004 1.8750000000000002 -0.24166666666666711 0.3333333333333322
decision_type=2 2 10 10 2 10 8 2 2 10 2 10 2 2
left_child=1 3 8 6 5 -5 -1 9 -3 -2 -11 -8 -13 -14
right_child=7 2 -4 4 -6 -7 11 -9 -10 10 -12 12 13 -15
leaf_value=0.0014185554010448167 -0.0034098215162348361 0.006635548348567194 0.00052185076360210475 -0.0019389321452497313 0.0033431485048821901 0.0017311094077197841 -0.00091656589672124299 0.0015866207310596811 -0.001144839388596894 -0.0010864007403071892 0.0066826799016906887 0.00061900954568923697 -0.0020219883249658365 -0.00014442043503754329
leaf_weight=2803.0062015713193 2085.9319601707393 584.88315603137016 4541.2543279193342 1705.2651229561307 1423.4051427040249 2258.3546809218824 18068.104139037896 626.01589194766711 156.78184923762456 869.01223823765758 99.50752311735414 9433.7001366508193 3058.4177946131676 12200.58927028894
leaf_count=19883 119650 7074 45143 10000 7938 12005 157317 31630 2188 44202 4683 118569 34149 123247
internal_value=-0.000151133 -5.06843e-05 0.00119485 -0.000180874 0.00101498 0.000147666 -0.000323218 -0.00166464 0.00502241 -0.00234581 6.827e-07 -0.000438916 -8.82652e-05 -0.000526123
internal_weight=59914.2 56233.8 5282.92 50950.8 5387.02 3963.62 45563.8 3680.47 741.665 3054.45 968.52 42760.8 24692.7 15259
internal_count=737678 537513 54405 483108 29943 22005 453165 200165 9262 168535 48885 433282 275965 157396
is_linear=0
shrinkage=0.03


Tree=107
num_leaves=15
num_cat=0
split_feature=16 21 14 20 19 19 18 30 14 4 14 12 12 27
split_gain=9.07395 12.8184 11.118 11.2652 10.0537 11.4625 8.92188 8.77267 13.3571 9.70026 9.23123 7.62909 7.62457 8.66282
threshold=81.550000000000011 0.060915275200989494 74.950000000000017 8.5000000000000018 0.76190476190476286 0.49363636363636237 -25.366666666666667 566.50000000000011 45.750000000000007 1.3651515151515172 61.150000000000013 68.15000000000002 57.350000000000001 -129.49999999999997
decision_type=8 10 8 8 10 10 10 8 8 2 8 10 10 10
left_child=1 6 12 -4 5 -3 -1 9 -9 -8 11 -10 -2 -14
right_child=2 4 3 -5 -6 -7 7 8 10 -11 -12 -13 13 -15
leaf_value=-0.0048888464444390772 -0.002894419756248429 -0.0022163731646790306 0.0026354046124031291 -0.00020103718990548941 -0.00066399295875390046 -0.009152792287142348 0.0015000055017157675 0.0074217633859923705 -0.0052212052577092424 -0.0014994463210522889 -0.00032142244851620998 0.00013753365242577114 -0.0009049991768250434 0.0018770912506268181
leaf_weight=280.77738558175042 340.64304286171682 3091.0426998888142 1272.8699139424134 26556.551354702213 5693.0909968365449 189.04902363568544 5147.0946741777589 137.32208554376848 625.64290915243328 1150.6091509384569 7796.7811738331802 366.1815905761905 1171.1376390254591 6157.7593412954593
leaf_count=17519 7531 61799 11961 283229 51177 2404 82462 2768 15034 13460 95682 4599 15744 72181
internal_value=-9.3841e-05 -0.000537642 0.000212499 -6.68095e-05 -0.00143664 -0.00274758 -1.44011e-05 9.12107e-05 -0.000512738 0.000944502 -0.000677999 -0.00333111 0.00121985 0.0014294
internal_weight=59976.6 24477.6 35499 27829.4 8973.18 3280.09 15504.4 15223.6 8925.93 6297.7 8788.61 991.824 7669.54 7328.9
internal_count=737550 346904 390646 295190 115380 64203 231524 214005 118083 95922 115315 19633 95456 87925
is_linear=0
shrinkage=0.03


Tree=108
num_leaves=15
num_cat=0
split_feature=31 12 32 10 14 9 13 31 5 24 21 2 10 5
split_gain=8.50876 17.6451 11.2485 11.9492 10.2054 9.60367 9.41472 8.75255 8.38509 9.18637 7.91252 9.42397 8.74962 8.43701
threshold=-0.0013984010659359668 54.250000000000007 0.068640750336587966 301.50000000000006 65.450000000000017 15.500000000000002 70.550000000000011 0.036304304861130579 8.5000000000000018 0.21146944120336941 0.60555555555555574 6.5000000000000009 9.5000000000000018 1.5000000000000002
decision_type=8 8 2 2 8 2 8 8 2 8 10 8 2 2
left_child=1 -1 3 -2 -5 -3 7 -4 9 10 11 12 -8 -13
right_child=2 5 6 4 -6 -7 8 -9 -10 -11 -12 13 -14 -15
leaf_value=-0.0043640170461959893 -0.00026319113413278444 0.0024222368790345083 0.0012722121497422498 0.00083671884317427234 -0.0059629557129771893 -0.00037219903630363331 -0.0032692075899277777 0.0062853079219190059 0.0014665625853438878 0.00085822749727816508 -0.004841709675382634 0.0019242966950362014 0.00033490649255785127 -0.0023351933893304357
leaf_weight=916.75505818706006 3566.2439083854842 1121.7946576941758 6432.0721805476351 262.96016558725387 641.78458594868425 20022.81599543395 594.11112105264328 284.47973579284735 4386.4059974977281 7882.7390940652695 304.32990271411836 452.84438990755007 10273.928540013731 2759.0147254671901
leaf_count=28354 63793 13080 83236 6118 10251 270097 6378 2746 52682 62398 2415 4086 105124 26547
internal_value=6.74017e-05 -0.000400321 0.000340254 -0.00106503 -0.00404634 -0.00021858 0.000529849 0.00152942 0.00027557 3.81942e-05 -0.000412611 -0.000300084 0.000123815 -0.00171435
internal_weight=59902.3 22061.4 37840.9 4470.99 904.745 21144.6 33369.9 6716.55 26653.4 22267 14384.2 14079.9 10868 3211.86
internal_count=737305 311531 425774 80162 16369 283177 345612 85982 259630 206948 144550 142135 111502 30633
is_linear=0
shrinkage=0.03


Tree=109
num_leaves=15
num_cat=0
split_feature=18 15 26 30 25 14 29 15 27 10 30 29 25 30
split_gain=8.45293 12.7488 8.99952 9.0614 11.6113 8.85447 8.76704 8.59199 8.21149 7.3705 7.29491 7.25007 9.40919 9.24773
threshold=-2.4333333333333296 67.241666666666688 0.85015103118911695 1026.5000000000002 0.1445022436952916 20.450000000000003 0.093176929251232665 45.583333333333343 -179.49999999999997 297.50000000000006 20.500000000000004 0.080004753981459495 0.060881575525537614 190.50000000000003
decision_type=10 10 10 10 10 8 8 8 8 2 10 10 10 10
left_child=5 -2 3 4 6 -1 11 -7 -9 -4 -6 12 13 -3
right_child=1 2 9 -5 10 7 -8 8 -10 -11 -12 -13 -14 -15
leaf_value=0.0068021382366848923 0.0034299421545179488 -0.0019581763023113707 -0.0039399975287393307 -0.00025408027411580921 -0.004036635178055718 -0.0052155955973326512 0.0011177129773933293 -0.0014270187509598672 -0.00010618844776246622 0.0028228516595822108 0.0023223854389801271 -0.0034927461396464039 -0.0012335649364932201 0.0077197006594880747
leaf_weight=107.90974610624835 1170.6556021962315 115.03002903424203 690.7209113095887 9647.5415499107912 124.15207535214722 269.87846863106824 3141.3989672586322 4814.0791797731072 32895.363249564602 142.08934320835397 4570.5071740341373 807.91607150435448 1248.1213348321617 188.07484620204195
leaf_count=2241 8238 1234 5064 64613 792 11935 22679 85402 486974 1036 28693 6525 10481 1791
internal_value=-1.95982e-05 0.000450225 0.000273645 0.000404551 0.001026 -0.000289318 8.71945e-05 -0.000318383 -0.000276475 -0.00269163 0.00211345 -0.00127975 -5.40887e-05 0.00428968
internal_weight=59933.4 21846.2 20675.6 19842.7 10195.2 38087.2 5500.54 37979.3 37709.4 832.81 4694.66 2359.14 1551.23 303.105
internal_count=737698 151146 142908 136808 72195 586552 42710 584311 572376 6100 29485 20031 13506 3025
is_linear=0
shrinkage=0.03


Tree=110
num_leaves=15
num_cat=0
split_feature=7 19 29 33 28 29 33 16 17 30 23 4 3 30
split_gain=12.2787 8.69622 7.81986 7.23724 9.6336 10.2295 9.16548 8.35038 10.8855 10.1619 7.33477 8.43688 6.95183 7.74292
threshold=6.5000000000000009 12.078977272727284 0.19189610170918586 156.50000000000003 2.7500000000000004 0.079289786293020734 20.500000000000004 89.450000000000017 83.617028985507275 2387.5000000000005 1.1950000000000001 2.9472222222222233 54.250000000000007 3315.5000000000005
decision_type=10 10 10 2 8 10 2 8 10 8 10 2 2 10
left_child=1 3 -3 4 -1 6 -6 8 -5 10 -9 -12 -2 -14
right_child=12 2 -4 7 5 -7 -8 9 -10 -11 11 -13 13 -15
leaf_value=0.0011252688847780648 0.0015527357760215562 0.0023804550617913399 -0.0042027895376408331 -0.00024908883288361099 0.0006567973183130198 0.00038673804167500673 -0.0050855441888493745 0.0003158971875047539 -0.0032486270969369056 -0.001235778105034061 0.0026911794023852234 -0.0018837360322547481 -0.0019373022622555887 0.0042088091294940431
leaf_weight=10813.363855278993 633.59875662636478 2258.3645768580027 129.63365064561367 26868.051638650126 368.30022605252452 2448.0130598996766 666.76961240754463 4392.0770162825938 1085.6181935383938 2011.726034932537 3032.9769726346713 375.44496016064659 4565.3195383853745 146.29117320734076
leaf_count=159288 16852 12015 596 313933 7180 29734 11579 43187 8540 20757 35065 3671 71903 2365
internal_value=5.78626e-05 0.000192962 0.00194422 0.000110847 0.00068448 -0.000680524 -0.00310618 -0.000106922 -0.000371172 0.000643954 0.00113351 0.00216729 -0.00130739 -0.00170428
internal_weight=59795.5 54450.3 2388 52062.3 14296.4 3483.08 1035.07 37765.9 27953.7 9812.22 7800.5 3408.42 5345.21 4711.61
internal_count=736665 645545 12611 632934 207781 48493 18759 425153 322473 102680 81923 38736 91120 74268
is_linear=0
shrinkage=0.03


Tree=111
num_leaves=15
num_cat=0
split_feature=35 15 8 7 19 27 33 14 31 18 35 30 27 26
split_gain=7.92204 7.57408 15.0187 9.75327 11.2618 9.99911 9.6576 10.7923 14.8723 9.91404 7.0301 7.5735 6.96695 6.69732
threshold=1.5000000000000002 72.941666666666677 1.5000000000000002 6.5000000000000009 1.6083333333333381 212.50000000000003 76.500000000000014 76.450000000000017 -0.0029144362365652967 -6.4999999999999956 2.5000000000000004 1559.5000000000002 -189.49999999999997 -0.11949184955436178
decision_type=2 8 2 8 10 10 2 10 10 10 2 10 10 10
left_child=-1 2 10 6 5 -5 -4 12 -9 -10 -2 -12 13 -8
right_child=1 -3 3 4 -6 -7 7 8 9 -11 11 -13 -14 -15
leaf_value=0.00056760152878158464 0.001511711486710518 -0.00052691021286412369 0.0021815622303810733 -0.0038842765814738286 0.0016843870446533154 0.002724878151771908 0.0013524179919888982 -0.0019771279637344451 0.0093366920693240575 0.00068781915318277115 -0.009922536914708506 -0.00057952061516145285 0.00038304524556438365 -0.0027760266895257451
leaf_weight=16892.831574968994 96.610568907111883 25563.947107221698 3075.6390365843836 1259.6103437452111 672.12547763460316 207.62609096197411 450.75768192112446 257.78345316485502 314.55877774162218 189.88967836508527 199.36841583112255 123.1864391672425 9438.7803900094004 1251.9438139796257
leaf_count=79720 625 331431 65157 33333 8006 5923 5909 4391 5531 2014 5635 3066 161777 25710
internal_value=1.79122e-05 -0.000197935 0.000281729 0.000425664 -0.00144725 -0.00289005 0.00069708 0.000306004 0.00364458 0.00643662 -0.0050155 -0.00691102 6.23363e-05 -0.0016757
internal_weight=59994.7 43101.8 17537.9 17118.7 2139.36 1467.24 14979.4 11903.7 762.232 504.448 419.165 322.555 11141.5 1702.7
internal_count=738228 658508 327077 317751 47262 39256 270489 205332 11936 7545 9326 8701 193396 31619
is_linear=0
shrinkage=0.03


Tree=112
num_leaves=15
num_cat=0
split_feature=3 29 23 31 29 12 8 22 34 13 16 30 16 17
split_gain=8.90587 9.30876 12.4652 14.4845 11.7294 11.3697 11.3388 10.6135 10.1246 9.79273 9.78283 9.50039 9.13475 9.51583
threshold=54.750000000000007 0.091167020423889453 3.7050000000000005 -0.0053390165112881475 0.14227530827877832 59.45000000000001 1.5000000000000002 8.5000000000000018 0.0083361037094262201 46.150000000000013 67.050000000000011 1786.5000000000002 82.15000000000002 71.30056179775282
decision_type=2 10 10 10 10 8 2 10 2 8 10 10 8 8
left_child=-1 5 12 8 6 7 -5 -2 -4 -7 -8 -9 -3 -14
right_child=1 2 3 4 -6 9 10 11 -10 -11 -12 -13 13 -15
leaf_value=0.00098469562239196398 -0.0052552474812796041 -0.00107421239728833 -0.0036474181713026573 -0.0042106349178756535 -0.00019222277484945446 0.0055571175563522771 -0.0018755201850328368 -0.0018083707551831102 0.002087209940136578 -0.0005964007737497268 0.0025275723105343271 0.0068251002510088385 0.0038247962949718643 -9.3778380251283564e-06
leaf_weight=6600.1306385271018 875.48815207951702 8575.6221452401951 922.37733052042313 211.66465436248109 3251.6459195404314 186.70301889395341 454.29340047307778 618.44520239834674 349.67222400102764 15218.808512924705 6212.400825701654 88.588116534403525 554.8385834612418 15814.092914766865
leaf_count=113238 21777 75736 12747 3140 33840 3895 11735 20259 4496 207506 83808 3003 4937 137748
internal_value=-5.06186e-05 -0.00017954 9.15698e-05 0.0009111 0.0012914 -0.000758159 0.00198908 -0.00314029 -0.00205171 -0.000504088 0.0022158 -0.000347302 -0.000284107 0.000131836
internal_weight=59934.8 53334.6 36346.6 11402.1 10130 16988 6878.36 1582.52 1272.05 15405.5 6666.69 707.033 24944.6 16368.9
internal_count=737865 624627 368187 149766 132523 256440 98683 45039 17243 211401 95543 23262 218421 142685
is_linear=0
shrinkage=0.03


Tree=113
num_leaves=15
num_cat=0
split_feature=4 18 12 18 35 0 23 31 25 1 25 24 18 25
split_gain=10.4279 9.06879 10.2401 16.2523 9.59243 11.5166 13.5614 9.87539 9.18326 8.72808 9.26776 9.02977 10.5438 9.18692
threshold=4.6519230769230768 -6.2666666666666471 62.350000000000001 -3.133333333333336 9.5000000000000018 7.5000000000000009 6.205000000000001 -0.008184251432554265 0.065037448438580586 1009.5000000000001 0.071783618132939639 0.051884120314200553 -7.6333333333333213 0.086590349678825632
decision_type=2 10 10 8 2 2 10 10 10 2 8 8 10 10
left_child=1 4 3 -3 5 9 -7 -8 -5 -1 -11 13 -13 -12
right_child=-2 2 -4 8 -6 6 7 -9 -10 10 11 12 -14 -15
leaf_value=-0.0041120573803478944 -0.0035185817518235494 -0.00028109556695863356 0.00034838249865964407 0.00031023447521098032 -0.0033284384521472562 -0.00030792193990285542 -0.001322612596320252 0.002353473128297499 0.0079837585872313873 -0.0036919038026254564 0.0095834640863110138 0.00026187456193528497 -0.0050787992926009887 0.00087162986566182246
leaf_weight=917.83580786501989 652.46037000068463 722.67488588485867 34991.123411762994 193.74180611362681 860.18565882940311 13771.316481161397 782.14320110494737 3326.341152161709 502.50894610024989 724.66086234652903 108.93968832446262 1564.9811396916921 371.04004827700555 384.05593558144756
leaf_count=10787 5451 7846 292810 1756 77770 205022 20013 71961 3648 13293 1673 16541 3176 5327
internal_value=0.000115346 0.000158317 0.000451926 0.00290656 -0.000310284 -0.000184719 0.000144432 0.00164616 0.00601234 -0.00161438 -0.000834634 7.50594e-05 -0.000863765 0.00350192
internal_weight=59874 59221.5 36410 1418.93 22811.5 21951.3 17879.8 4108.48 696.251 4071.51 3153.68 2429.02 1936.02 492.996
internal_count=737074 731623 306060 13250 425563 347793 296996 91974 5404 50797 40010 26717 19717 7000
is_linear=0
shrinkage=0.03


Tree=114
num_leaves=15
num_cat=0
split_feature=16 33 17 31 31 34 29 23 12 15 15 29 0 34
split_gain=10.9432 9.11985 8.51829 7.99008 14.3801 13.4148 9.83954 9.25108 13.7425 11.2021 9.0579 8.35784 9.5213 7.51005
threshold=82.65000000000002 232.50000000000003 69.478416149068337 -0.0030309141212012205 -0.0044272807173489732 0.014822329912978003 0.079994257823715206 7.9050000000000011 78.350000000000009 82.0416666666667 83.783333333333346 0.10184781216952547 9.5000000000000018 0.028813099646713025
decision_type=8 2 10 10 8 2 10 10 8 8 10 10 2 2
left_child=1 2 -1 4 5 10 -7 8 -8 -10 -2 -6 -13 -11
right_child=3 -3 -4 -5 11 6 7 -9 9 13 -12 12 -14 -15
leaf_value=0.00089483584156117737 0.00012336025297352777 -0.0009513965870306194 -0.00072807391481422641 0.00063128165604229626 -0.005031140979678465 -0.00010457263202555094 0.012988910562015192 -0.0046045031715086244 -0.0030404382628476372 0.0077644362758754202 -0.0024649456392194583 -0.0041398524449701973 0.0033544861644121066 -0.00026714987718931397
leaf_weight=6322.6022732582351 5030.8090474951314 15801.73574260599 5309.6794439810328 22978.754779526964 817.18575245072134 657.79674418375362 134.86225838842802 50.41055497364141 157.40278211655095 308.14848130196333 1553.2931735990569 237.801053336123 274.82802767073736 143.53211470763199
leaf_count=124077 68622 193195 62441 238359 11219 8718 1581 754 1536 3036 16347 1968 3109 1364
internal_value=-4.29585e-05 -0.00048323 0.000154096 0.000330637 -0.0004064 7.89074e-05 0.00263843 0.00478156 0.0056675 0.003184 -0.000501237 -0.00323577 -0.000180977 0.00543995
internal_weight=59778.8 27434 11632.3 32344.8 9366.07 8036.26 1452.15 794.356 743.946 609.083 6584.1 1329.81 512.629 451.681
internal_count=736326 379713 186518 356613 118254 101958 16989 8271 7517 5936 84969 16296 5077 4400
is_linear=0
shrinkage=0.03


Tree=115
num_leaves=15
num_cat=0
split_feature=5 7 16 34 4 31 3 4 14 29 0 26 29 18
split_gain=10.1125 11.032 9.09796 7.70479 11.2277 9.96537 10.88 9.77149 8.88381 8.86771 9.18896 8.68645 14.9562 10.9742
threshold=9.5000000000000018 7.5000000000000009 73.450000000000017 0.016378787828298477 4.6519230769230768 0.036304304861130579 52.250000000000007 1.4654761904761922 42.150000000000013 0.073585533335844042 9.5000000000000018 -0.059960339028435859 0.17184521113292064 -2.0666666666666731
decision_type=2 10 10 2 2 10 2 2 8 10 2 10 10 8
left_child=1 3 -2 4 8 6 -5 -7 -1 -8 11 13 -13 -11
right_child=2 -3 -4 5 -6 7 9 -9 -10 10 -12 12 -14 -15
leaf_value=0.0041784780909933789 0.0035880463239381134 -0.0022914602662054947 0.00062856847855534111 0.0088738752237938773 -0.0048852100452782907 0.0089394268132828303 -0.0019608500331425964 -0.0020577958188244629 -0.00016101089141140065 -0.0016465484722399211 -0.00029475907717655748 0.0045739110246207498 -0.0048890204516320738 0.0025887374829259668
leaf_weight=378.8734622115735 1111.7614783867029 1926.0590306092054 4957.2142328550108 91.152436807053164 399.34761584969237 198.92002938291989 1115.0642772074789 80.058162077330053 42784.250710853841 977.84916132944636 3209.1851194284391 1352.8483285391703 127.33107274863869 1141.1224288586527
leaf_count=8176 25967 34187 72248 1403 3166 1711 16100 554 505572 9288 36845 13136 802 7592
internal_value=3.99567e-05 -9.14397e-05 0.0011956 -7.59689e-06 -0.000167381 0.000827656 0.00061355 0.00595045 -0.000118129 0.000463471 0.000871925 0.00190198 0.00362672 0.000641364
internal_weight=59851 53782.1 6068.98 51856 43562.5 8293.53 8014.55 278.978 43163.1 7923.4 6808.34 3599.15 1480.18 2118.97
internal_count=736747 638532 98215 604345 516914 87431 85166 2265 513748 83763 67663 30818 13938 16880
is_linear=0
shrinkage=0.03


Tree=116
num_leaves=15
num_cat=0
split_feature=35 16 14 17 11 13 4 6 14 25 3 32 25 15
split_gain=11.4094 7.87649 7.81653 7.5121 9.59957 7.91474 7.80788 8.80465 7.6352 7.57165 8.12673 9.44744 7.79994 7.51528
threshold=9.5000000000000018 88.350000000000009 20.450000000000003 55.062019230769238 3.5000000000000004 46.150000000000013 3.3535714285714282 0.22649572649572652 74.050000000000011 0.11819069097591368 62.750000000000007 0.099972020145495263 0.12227514100486954 63.81666666666667
decision_type=2 10 8 8 2 8 2 2 8 8 2 2 10 8
left_child=2 -2 -1 4 8 -5 7 13 -4 -8 12 -12 -11 -7
right_child=1 -3 3 5 -6 6 9 -9 -10 10 11 -13 -14 -15
leaf_value=0.0067077596686095954 -0.004315220376792394 0.0015770140353651375 0.0066784529719474345 0.0036142904744377738 -0.0050583918896935009 -0.0032732212012171443 -0.0036055443201596718 0.00027973712164763132 -0.0015915203231329298 0.0046877467277464842 -0.0032540812426472368 0.0085823572346887343 -0.0017005951096103471 -0.00043592077811387098
leaf_weight=106.94055987452157 846.62802927289158 235.84763773332816 93.122962221968919 504.55894206464291 531.85441492020618 874.70084614399821 955.53864840883762 44024.493445998756 293.73389351880178 143.59721548412926 60.17914056731388 125.35262835398316 1607.8914853897877 9507.5334035954438
leaf_count=1762 73973 15157 2588 8093 12186 14009 8844 483729 9065 1272 509 889 11623 93646
internal_value=-3.58653e-05 -0.00301849 2.15323e-05 3.65969e-06 -0.00261633 4.75259e-05 1.29944e-05 9.4317e-05 0.000935731 -0.00149223 -0.00038523 0.00486731 -0.00106127 -0.000689505
internal_weight=59912 1082.48 58829.5 58722.6 918.711 57803.8 57299.3 54406.7 386.857 2892.56 1937.02 185.532 1751.49 10382.2
internal_count=737345 89130 648215 646453 23839 622614 614521 591384 11653 23137 14293 1398 12895 107655
is_linear=0
shrinkage=0.03


Tree=117
num_leaves=15
num_cat=0
split_feature=17 29 14 6 10 35 17 31 29 2 6 9 32 6
split_gain=9.72401 13.7475 8.30591 8.12505 10.2713 9.66175 9.51967 12.8249 9.62354 8.33213 10.2623 9.24182 9.20614 9.30968
threshold=55.062019230769238 0.12605866192049267 49.350000000000001 0.23303167420814483 333.50000000000006 1.5000000000000002 73.70119047619049 0.025005304649402763 0.11368568068215233 4.5000000000000009 0.10263157894736843 42.500000000000007 0.15769599410174492 0.12132352941176472
decision_type=8 10 8 2 2 2 10 8 10 10 2 2 2 2
left_child=1 -1 -2 4 6 -5 7 8 -4 12 -11 -12 -8 -14
right_child=2 -3 3 5 -6 -7 9 -9 -10 10 11 -13 13 -15
leaf_value=-0.0046129627463538598 0.0029333525772950587 0.0033100676401045265 -0.00082567779630629632 0.00083343514260815314 -0.0036179010484092087 -0.00012486262821925781 -0.0013668783667993515 0.004537742795999106 -0.0037659618065234257 0.0051829544027524937 -0.0030087716197194718 0.0019460252125941496 -0.0019581311738650071 0.004518138236868292
leaf_weight=809.24250979837961 813.76266576955095 216.39060123451054 2983.2208267917158 13107.535354465246 974.64676574012265 33739.711533303373 2672.5746594375232 256.11590380733833 1489.3148021043744 548.47723860153928 425.98904703138396 1132.5117104570381 276.48417591280304 504.06580004002899
leaf_count=30427 14439 4295 44819 61788 10950 499449 27201 2657 14710 5969 4030 10523 2221 3772
internal_value=-3.84531e-05 -0.00286518 1.31361e-05 -3.02442e-05 -0.000751843 0.000143865 -0.00046416 -0.00144651 -0.00183558 0.000376741 0.00184097 0.000540289 -0.000530207 0.00224435
internal_weight=59950 1025.63 58924.4 58110.6 11263.4 46847.2 10288.8 4728.65 4472.54 5560.1 2106.98 1558.5 3453.12 780.55
internal_count=737250 34722 702528 688089 126852 561237 115902 62186 59529 53716 20522 14553 33194 5993
is_linear=0
shrinkage=0.03


Tree=118
num_leaves=15
num_cat=0
split_feature=17 31 13 19 0 19 14 13 25 30 34 14 4 23
split_gain=9.14205 6.33097 10.377 10.717 9.56105 10.7534 10.8759 9.3796 10.1028 9.28537 11.0944 9.18097 8.66026 8.49028
threshold=46.510000000000005 -0.00097752952014344631 68.450000000000017 7.8608585858585807 9.5000000000000018 -6.1499999999999906 36.250000000000007 82.850000000000009 0.12587661725999852 2279.5000000000005 -0.0058319287265307133 76.15000000000002 -2.151923076923079 3.3050000000000002
decision_type=8 8 8 10 2 8 10 10 10 10 2 8 2 10
left_child=-1 4 3 13 5 6 -2 12 -9 -6 -11 -10 -4 -3
right_child=1 2 7 -5 9 -7 -8 8 11 10 -12 -13 -14 -15
leaf_value=-0.0054480282873068291 0.0022717964571071533 -0.00016255165274293445 -0.0023979591770309965 0.0050423363630873385 0.00059424045642544876 -0.00072344334003321279 -0.0068141137346192874 -0.00079335926666026049 0.0052559264679415442 0.0025972891552110767 -0.0031721239188082884 0.0011990603350555543 -7.5630409073340109e-05 0.002081812933433699
leaf_weight=221.08491070731543 128.25249783368781 2963.5818581350613 1504.3150185211562 604.83862914610654 10388.708401195356 10306.815077187261 449.4722373613622 2147.8590736179613 512.48106349748559 351.00926898559555 1222.7427313760854 5381.6535776024684 20642.261514944374 3043.3495655854931
leaf_count=10454 3580 34341 21998 3712 173158 104426 14140 25374 4160 5486 17196 44255 212065 62641
internal_value=4.881e-05 7.37302e-05 0.0003171 0.00138879 -0.000318109 -0.000959444 -0.00477679 8.04734e-05 0.000954715 0.000267001 -0.00184496 0.00159304 -0.000238422 0.000982331
internal_weight=59868.4 59647.3 36800.3 6611.77 22847 10884.5 577.725 30188.6 8041.99 11962.5 1573.75 5894.13 22146.6 6006.93
internal_count=736986 726532 408546 100694 317986 122146 17720 307852 73789 195840 22682 48415 234063 96982
is_linear=0
shrinkage=0.03


Tree=119
num_leaves=15
num_cat=0
split_feature=18 23 14 14 12 31 10 31 6 14 2 31 12 27
split_gain=12.0839 12.8375 11.5508 10.8183 10.658 13.3303 9.5972 9.6247 8.90263 8.20099 8.07286 9.79111 9.22732 9.07154
threshold=-28.93333333333333 3.3050000000000002 51.150000000000013 58.45000000000001 77.950000000000017 -0.0028013926973792804 288.50000000000006 0.0042294339252498059 0.78174603174603186 68.250000000000014 5.5000000000000009 -0.010540053617389732 60.650000000000013 210.50000000000003
decision_type=8 10 8 8 8 8 2 10 2 8 10 8 10 10
left_child=-1 4 -3 -4 5 9 7 -7 -5 -2 11 -10 -13 -12
right_child=1 2 3 8 -6 6 -8 -9 10 -11 13 12 -14 -15
leaf_value=-0.006022535865837059 0.0020025117507578827 0.0043505389844370416 -0.0024420228583277455 0.00029088098960110536 0.00010215996390814554 -0.0024667252254203342 -0.003298091904780592 -9.5412660683227176e-05 -0.0024767760370234147 -0.00060231787630743211 0.0046959574140642869 0.0051392149036680861 0.00092137730565730494 -0.0020595631400155204
leaf_weight=244.92912755243015 1657.4493789132684 678.10760695720091 1018.0043136846507 15453.615727251134 23914.240404749638 2502.6955109990668 2281.980048165191 3895.5019543597009 570.16184161510319 2954.0787197484169 1127.4644450356718 516.32706220122054 2864.194489074056 181.55719616054557
leaf_count=14096 21760 16453 23760 229542 228347 27106 23023 37199 10285 32390 17256 11467 41806 2973
internal_value=3.50298e-05 6.49433e-05 0.000631416 0.000505643 -0.000276637 -0.000955991 -0.00164537 -0.0010349 0.000656045 0.000345332 0.0017161 0.00101471 0.00163111 0.00371769
internal_weight=59860.3 59615.4 22409.4 21731.3 37205.9 13291.7 8680.18 6398.2 20713.3 4611.53 5259.71 3950.68 3380.52 1309.02
internal_count=737463 723367 353542 337089 369825 141478 87328 64305 313329 54150 83787 63558 53273 20229
is_linear=0
shrinkage=0.03


Tree=120
num_leaves=15
num_cat=0
split_feature=20 35 6 20 16 21 4 30 4 21 16 16 10 14
split_gain=11.958 7.33637 9.7252 10.0159 9.28793 7.43884 11.4218 7.1173 7.07256 7.36931 10.6093 7.14709 6.81313 6.66255
threshold=341.50000000000006 2.5000000000000004 0.095454545454545472 70.500000000000014 87.950000000000017 0.25962962962962971 -1.2142857142857115 274.50000000000006 1.890873015873016 0.16247642991829042 93.050000000000011 95.850000000000009 29.500000000000004 93.750000000000014
decision_type=10 2 2 10 10 10 2 10 2 8 10 10 2 8
left_child=1 2 3 -1 -3 12 -7 -2 9 10 -4 -12 -6 -9
right_child=7 4 8 -5 5 6 -8 13 -10 -11 11 -13 -14 -15
leaf_value=-0.0037684448266842694 -0.0093898898663869346 -0.00053966857422540777 0.0010579005638507927 0.0040486941991606839 -0.001654289231390309 0.0043003965682147935 -0.0022464452351182167 -0.0048478733162484831 -0.00037792089423623081 9.7415859196950703e-05 0.0088077175226630253 6.6188021635240309e-05 0.0017207720273580789 0.0032504571049616097
leaf_weight=815.85967496410012 134.99382674251683 23977.183842831117 12486.31156263873 135.00016234815121 574.02111183549277 245.57298713573255 1259.3856669066008 159.32963835727423 6380.5320202596486 9037.805092420429 220.43123963475227 123.32810009643435 4302.0876047713682 116.76676399912685
leaf_count=4687 2567 465379 68540 771 10375 3754 18462 3301 34013 48766 1244 712 73176 1768
internal_value=2.01002e-05 5.73115e-05 0.000396477 -0.00251178 -0.000269021 0.00074424 -0.00107423 -0.00479257 0.000498635 0.000754673 0.00121548 0.00607822 0.0013107 -0.00144968
internal_weight=59968.6 59557.5 29199.3 950.86 30358.3 6381.07 1504.96 411.09 28248.4 21867.9 12830.1 343.759 4876.11 276.096
internal_count=737515 729879 158733 5458 571146 105767 22216 7636 153275 119262 70496 1956 83551 5069
is_linear=0
shrinkage=0.03


Tree=121
num_leaves=15
num_cat=0
split_feature=18 26 4 23 32 20 5 32 24 24 31 1 10 13
split_gain=7.67924 11.6984 10.035 8.26805 10.8599 8.3052 10.6561 8.89614 8.04957 10.8421 10.6925 8.62617 8.47435 7.32283
threshold=-12.566666666666672 -0.19571837603712083 -0.41287878787878535 2.2550000000000003 0.18204376310717438 18.500000000000004 2.5000000000000004 0.17368268497330283 0.080452848897450566 0.057515296904776129 0.002987715278977903 1322.0000000000002 342.50000000000006 59.45000000000001
decision_type=8 10 2 10 2 10 2 2 8 10 10 2 2 10
left_child=1 -1 3 8 5 -5 7 -7 9 10 11 -2 -10 -8
right_child=2 -3 -4 4 -6 6 13 -9 12 -11 -12 -13 -14 -15
leaf_value=0.0037329221854511801 0.0059327912490704125 -0.0016095267981307906 -0.00027267772115554672 0.0024443191246928293 -0.0041321850498920003 -0.0028078265943941908 0.0046195575666243957 0.0071058237988523417 0.00068225084392795282 -0.0047940453391002238 -0.0032158375673336111 -0.00072572216902642951 -0.0033373557017006275 0.00074429023576920992
leaf_weight=352.60908850794658 283.51778818620369 4743.1066328879679 37355.498072349001 3979.0783049014863 276.88422517012805 968.77328418032266 476.83421627408825 41.055981918238103 6721.7508586453041 639.01059413328767 475.81927803251892 348.472091661999 457.99521330161951 2813.9208912716713
leaf_count=5661 3939 150712 367406 55695 2541 12517 6661 335 67852 7217 5629 4848 4780 42208
internal_value=-9.90569e-05 -0.00120716 4.9166e-06 0.000597128 0.0012606 0.00146467 0.000540575 -0.00208855 -4.23229e-05 -0.00183913 -1.242e-06 0.00247733 0.000404533 0.00136656
internal_weight=59934.3 5095.72 54838.6 17483.1 8556.55 8279.66 4300.58 1009.83 8926.57 1746.82 1107.81 631.99 7179.75 3290.76
internal_count=738001 156373 581628 214222 119957 117416 61721 12852 94265 21633 14416 8787 72632 48869
is_linear=0
shrinkage=0.03


Tree=122
num_leaves=15
num_cat=0
split_feature=34 6 10 32 10 16 18 24 26 16 15 21 18 19
split_gain=8.63032 14.8823 14.0634 10.7319 10.0523 9.24906 8.53759 7.81874 7.17179 7.21139 7.25216 6.92092 8.20715 7.49986
threshold=0.010582491951832302 0.23303167420814483 252.50000000000003 0.17843871933586833 198.50000000000003 74.250000000000014 -28.93333333333333 0.34535099779827055 -0.091794152622699618 89.950000000000017 87.583333333333357 0.13819628647214857 -5.1999999999999984 5.587878787878787
decision_type=2 2 2 2 2 8 8 10 10 10 10 10 8 8
left_child=6 2 5 7 8 -2 -1 -3 9 -5 -11 12 -8 -14
right_child=1 3 -4 4 -6 -7 11 -9 -10 10 -12 -13 13 -15
leaf_value=-0.0058788575704166353 -0.0048178749750510457 0.0012948594311321341 -0.0039059889515275672 -0.0022348800409421211 0.0011878204630885706 0.0011712253563832783 -0.00050062868522128003 0.004850524779668631 -0.0053883983165696377 0.010043194204797472 -0.0014137729350364532 -0.00066799179263491847 0.001335551926410318 4.8018033802133191e-05
leaf_weight=186.21383397351019 220.02443166426383 9445.196995154256 1080.6813034755178 494.41108408384025 1125.131943234941 1609.0459886521567 11654.856312626856 551.44188174745068 466.94562624604441 51.657704288139939 76.524728765245527 15615.716919461847 6429.0100004854612 10969.252604058944
leaf_count=11578 3425 117223 11594 3662 8692 16026 232327 3746 4058 419 578 164399 63989 96505
internal_value=1.90398e-05 0.000637644 -0.00127519 0.00109678 -0.000779038 0.00034175 -0.000189975 0.00151416 -0.00277315 -0.000556952 0.004726 -0.000159713 0.000114159 0.000526252
internal_weight=59976.1 15121.1 2909.75 12211.3 2214.67 1829.07 44855 9996.64 1089.54 622.594 128.182 44668.8 29053.1 17398.3
internal_count=738221 169423 31045 138378 17409 19451 568798 120969 8717 4659 997 557220 392821 160494
is_linear=0
shrinkage=0.03


Tree=123
num_leaves=15
num_cat=0
split_feature=29 28 7 14 12 18 14 8 5 6 31 4 19 6
split_gain=8.43003 8.21144 9.32311 8.70036 10.0963 7.86911 8.99952 7.4769 7.66145 8.20632 7.42903 7.37495 6.75213 6.68284
threshold=0.04846074869688833 -1.0000000180025095e-35 8.5000000000000018 36.250000000000007 69.450000000000017 -17.833333333333321 82.350000000000009 1.5000000000000002 8.5000000000000018 0.74166666666666681 -0.019339724589881205 0.44590643274853653 8.4694444444444432 0.18465909090909094
decision_type=8 8 10 8 10 8 10 2 2 2 10 2 10 2
left_child=10 7 3 4 -3 6 -5 11 -9 -10 -1 -2 -4 -7
right_child=1 2 12 5 -6 13 -8 8 9 -11 -12 -13 -14 -15
leaf_value=0.00035038484246482124 -0.003974465245575984 0.010141039261159428 -0.0056688190069836032 -0.0038384465898541531 -0.0018473095686071072 -0.0011363916687357927 0.0070085323951471117 0.00034789864337833229 -0.0025858082179771639 0.0025004835693232591 -0.0037751496960230155 0.0053768336891479879 0.0038729121136825951 2.0466002781614809e-06
leaf_weight=631.09047410974745 495.06008386274334 104.58013962733094 384.83385794307105 782.84962457569782 84.66538730240427 5370.5452745042276 29.536695515038446 15776.542077164748 277.77993411559146 2715.5156029780628 957.21502731286455 43.895003130892292 42.706362275406718 32255.938699525694
leaf_count=11604 6593 2690 7318 31214 912 54772 557 200158 5512 45719 23925 401 321 346274
internal_value=-5.28626e-05 6.70799e-06 -0.00024345 -0.000191693 0.00551247 -0.000226901 -0.00306059 0.000512022 0.000614967 0.00199374 -0.00217526 -0.00282104 -0.00441 -0.000161739
internal_weight=59952.8 58364.4 39055.7 38628.1 189.246 38438.9 812.386 19308.8 18769.8 2993.3 1588.31 538.955 427.54 37626.5
internal_count=737970 702441 444058 436419 3602 432817 31771 258383 251389 51231 35529 6994 7639 401046
is_linear=0
shrinkage=0.03


Tree=124
num_leaves=15
num_cat=0
split_feature=22 31 35 30 31 24 14 12 18 33 25 11 3 13
split_gain=8.42806 12.4566 12.1464 8.52791 13.7884 9.47515 9.25355 12.7789 12.8005 7.81758 8.13037 8.81392 12.6164 8.54175
threshold=6.5000000000000009 -0.0263457783083101 6.5000000000000009 362.50000000000006 -0.01627822474591405 0.050219856226308264 73.350000000000009 71.750000000000014 -3.133333333333336 4000.0000000000005 0.025440444635403205 14.500000000000002 55.750000000000007 79.050000000000011
decision_type=10 8 2 8 10 8 8 10 10 2 10 2 2 10
left_child=2 -2 3 6 5 -5 7 8 -1 10 -3 -12 -13 -14
right_child=1 9 -4 4 -6 -7 -8 -9 -10 -11 11 12 13 -15
leaf_value=-0.0012332433960958416 -0.0051867775064744596 -0.0021401666180268469 -0.0018397388889837599 0.0025762638424369605 -0.00016643899036750581 -0.0052985550060130971 5.6354121955170514e-05 0.003704656102123748 0.0037363633671405739 -0.0033402835766066378 0.0017242049177422375 0.0026396636454966951 0.00015751069515473448 -0.0031097086152230102
leaf_weight=1499.3076127837412 268.1573220960563 679.21688032743987 3533.7873997725546 136.27470546867698 30926.794249192113 705.48306770529598 7308.7256196737289 1769.8636851301417 617.71957601606846 345.74797061039135 7886.7944469133508 1167.9616614526603 2121.7166563029168 1036.7462116277311
leaf_count=16087 4954 29754 140045 1578 251118 6220 60132 14366 4093 4717 124215 30274 35819 14941
internal_value=2.99443e-05 0.000688202 -0.000161795 -2.18065e-05 -0.00027276 -0.00395071 0.000688342 0.00186089 0.000269572 0.000826277 0.000950488 0.00113039 4.05842e-05 -0.000946682
internal_weight=60004.3 13506.3 46498 42964.2 31768.6 841.758 11195.6 3886.89 2117.03 13238.2 12892.4 12213.2 4326.42 3158.46
internal_count=738313 244674 493639 353594 258916 7798 94678 34546 20180 239720 235003 205249 81034 50760
is_linear=0
shrinkage=0.03


Tree=125
num_leaves=15
num_cat=0
split_feature=20 32 11 19 26 7 31 32 21 15 29 29 9 32
split_gain=11.7472 7.15842 6.18191 13.4134 7.62021 8.09241 7.71138 7.4916 9.74928 9.2069 7.57232 8.80168 7.35458 8.29723
threshold=345.50000000000006 0.14740194605148546 29.500000000000004 -1.9044642857142831 -0.11377025169664769 6.5000000000000009 -0.0038375659742087625 0.04815269815269816 0.085825892857142871 65.683333333333351 0.10769503642862992 0.0880082360521207 58.500000000000007 0.10883407560995685
decision_type=10 2 2 10 10 10 10 2 10 8 8 10 2 2
left_child=2 -2 -1 4 -4 -6 -7 -5 9 -9 11 -10 13 -12
right_child=1 -3 3 7 5 6 -8 8 10 -11 12 -13 -14 -15
leaf_value=-3.7527265634775571e-05 -0.0069378403579563475 0.0016120373645791381 -0.0074120283840103567 0.0066452783950414832 0.0028031806098518411 -0.0076228771814640028 8.2206191964465081e-05 0.0045059432283739648 0.0017982286908099338 -0.0027749025462248497 -0.0046331363280368125 0.0067257232600536785 0.0030354801579049687 0.001980316656418046
leaf_weight=55055.545920319011 292.75300577399321 96.675320632290095 144.32031548325904 234.84117754036561 304.98432385968044 152.78367819648702 273.5414845731575 151.58150087390095 854.5579787902534 674.98688015365042 321.58963526180014 537.08735946496017 511.25801713299006 276.03673834865913
leaf_count=663975 6258 1007 2932 3392 8420 5347 8461 1815 10591 7885 3404 6423 5060 2636
internal_value=1.36554e-05 -0.00487342 4.97106e-05 0.0011204 -0.00212225 -0.000670813 -0.00318941 0.00193589 0.00151001 -0.00125883 0.00243201 0.00386724 0.000541657 -0.0016614
internal_weight=59882.5 389.428 59493.1 4437.57 875.63 731.309 426.325 3561.94 3327.1 826.568 2500.53 1391.65 1108.88 597.626
internal_count=737606 7265 730341 66366 25160 22228 13808 41206 37814 9700 28114 17014 11100 6040
is_linear=0
shrinkage=0.03


Tree=126
num_leaves=15
num_cat=0
split_feature=15 8 8 19 9 33 20 19 25 31 13 13 18 25
split_gain=10.7943 8.28037 16.3578 14.9855 10.8304 8.27603 8.74501 10.0013 8.02713 9.20071 7.66911 9.85103 11.2297 7.19106
threshold=45.583333333333343 1.5000000000000002 1.0000000180025095e-35 6.980753968253965 76.500000000000014 310.50000000000006 321.50000000000006 9.0123106060606109 0.11357738477416782 -0.00097752952014344631 76.050000000000011 70.550000000000011 -12.566666666666672 0.13681483157760371
decision_type=8 2 2 8 2 2 10 10 10 10 10 10 10 10
left_child=-1 2 3 -2 -4 6 7 -3 9 -9 11 -7 -13 -6
right_child=1 5 4 -5 13 10 -8 8 -10 -11 -12 12 -14 -15
leaf_value=-0.0052375874186964188 0.0082881852214662863 0.00039008024209036837 -0.008158365055609693 -0.00049033671849437745 -0.0040882962113832173 -6.4567826158834331e-05 -0.0042942678536608643 -0.0021823210496774216 0.0037504284899079893 0.0027893367763723803 0.00025885745192256657 -0.0070771319193076773 -0.0013264867389410147 0.00070417946668640651
leaf_weight=304.32999602961354 132.18158114422113 20560.537601712887 335.56467881961726 4406.6168641594704 635.16956844530068 8712.396279906854 281.16009270143695 577.55502674123272 1496.3719733841717 670.85110927419737 15771.812346328748 278.68384070659522 5343.3127214545384 456.85461221495643
leaf_count=13251 1320 299992 3410 58958 9737 114655 5704 4107 8302 4286 150795 6684 53364 3816
internal_value=-1.68801e-05 1.41152e-05 -0.00104134 -0.00014716 -0.00378308 0.000132259 0.000552468 0.000620008 0.00230456 0.000493813 -0.000197322 -0.0006984 -0.00167142 -0.00214029
internal_weight=59963.4 59659.1 5966.39 4538.8 1427.59 53692.7 23586.5 23305.3 2744.78 1248.41 30106.2 14334.4 5622 1092.02
internal_count=738381 725130 77241 60278 16963 647889 322391 316687 16695 8393 325498 174703 60048 13553
is_linear=0
shrinkage=0.03


Tree=127
num_leaves=15
num_cat=0
split_feature=35 6 17 7 26 4 26 17 21 11 17 35 6 4
split_gain=6.87541 8.25498 7.06646 6.799 10.2467 7.07382 11.451 11.5375 8.2658 7.1707 11.6631 8.37732 10.0695 8.55554
threshold=9.5000000000000018 0.30217391304347835 81.560990338164274 8.5000000000000018 -0.01328693353606958 3.5156250000000004 -0.044990725869215709 77.500892857142873 0.14208074534161494 24.500000000000004 64.12899159663867 3.5000000000000004 0.095454545454545472 1.4309523809523805
decision_type=2 2 10 10 10 2 10 10 8 2 10 2 2 2
left_child=3 2 -2 5 -5 9 7 8 -7 -1 -11 12 -12 -13
right_child=1 -3 -4 4 -6 6 -8 -9 -10 10 11 13 -14 -15
leaf_value=-2.1259877094531886e-05 -0.0084646502330191203 -0.0007533305914107888 0.0025278906609348221 -0.0045044261033588325 0.0038851875195441915 -0.00057076486471028729 -0.0042089798164631409 -0.0024913498824761845 0.0055420970902044526 -0.0032830266639382621 -0.0059739836184996547 0.0011457019022008423 0.002934966591559055 -0.0029491611322701563
leaf_weight=50027.176434655528 216.17325159511529 819.38851798570249 41.366874161874875 574.47667964524589 124.56712340039667 365.58314588852227 864.67515969229862 742.13072288362309 365.98315980820917 457.01856768736616 73.619730029255152 1989.6933752421755 2738.8418220803142 542.88606811920181
leaf_count=544373 18662 67809 2522 9165 2377 2687 7322 5741 2880 7484 527 38959 17937 9182
internal_value=-5.43557e-05 -0.00237551 -0.00657507 -9.91161e-06 -0.00284988 2.66367e-05 -0.00157224 6.21804e-05 0.00264625 9.49517e-05 0.00108858 0.00148933 0.00260149 0.00022782
internal_weight=59943.6 1076.93 257.54 58866.7 699.044 58167.6 2338.37 1473.7 731.566 55829.2 5802.06 5345.04 2812.46 2532.58
internal_count=737627 88993 21184 648634 11542 637092 18630 11308 5567 618462 74089 66605 18464 48141
is_linear=0
shrinkage=0.03


Tree=128
num_leaves=15
num_cat=0
split_feature=35 4 31 0 21 18 23 23 15 4 35 21 16 11
split_gain=7.89048 8.581 9.36333 11.6543 7.82125 8.69854 8.4569 12.864 10.8249 7.39962 8.97965 7.41995 7.61292 8.08309
threshold=1.5000000000000002 0.91666666666666796 -0.012218701303807688 10.500000000000002 0.46737588652482276 -1.6000000000000048 -0.99499999999999988 -0.14499999999999999 84.783333333333346 -2.3708333333333331 8.5000000000000018 0.25962962962962971 75.350000000000009 5.5000000000000009
decision_type=2 2 10 2 10 10 8 8 10 2 2 10 10 2
left_child=1 2 3 -1 6 -6 -4 8 -8 -2 11 -11 -13 -14
right_child=9 -3 4 -5 5 -7 7 -9 -10 10 -12 12 13 -15
leaf_value=-0.004248377960651451 0.0011461275353384093 -0.00022351778830338433 0.0048710941130475352 0.0031554917207363697 -0.0048780627759925062 0.0011501925198491108 -0.0073254505880031157 0.0016745326788990549 0.0034765378983561976 -9.077628096295902e-05 -0.0024186646866791524 -0.0061796864584696774 0.00042967821967589598 -0.0021273176863543229
leaf_weight=541.51844251155853 3180.0641479603946 7530.3914933651686 655.07159269601107 239.8377396017313 311.51025439798832 497.23646369576454 218.15876888483763 6777.9993393346667 85.840717986226082 33379.686900718953 1748.9531475955155 229.54176061693579 1909.2868503951468 2569.5483315654565
leaf_count=2554 67024 35426 3041 1233 1501 2222 1065 32068 414 424718 116057 2964 19481 27502
internal_value=-1.99018e-05 0.000529304 0.00113505 -0.00192266 0.00142418 -0.00132058 0.00171773 0.00139394 -0.00421506 -0.00023549 -0.000347078 -0.000248908 -0.00135723 -0.00104458
internal_weight=59874.6 16857.6 9327.17 781.356 8545.82 808.747 7737.07 7082 303.999 43017.1 39837 38088.1 4708.38 4478.84
internal_count=737270 79524 44098 3787 40311 3723 36588 33547 1479 657746 590722 474665 49947 46983
is_linear=0
shrinkage=0.03


Tree=129
num_leaves=15
num_cat=0
split_feature=35 16 30 25 21 16 4 19 30 16 10 15 15 16
split_gain=10.5711 7.26249 7.93894 5.60956 6.25529 15.3372 13.1962 11.4026 8.87399 7.82654 7.69975 7.32742 7.17578 6.65348
threshold=9.5000000000000018 78.550000000000011 83.500000000000014 0.41048538034771681 0.24357284113381678 86.750000000000014 -2.5477272727272715 10.192045454545463 98.500000000000014 74.950000000000017 97.500000000000014 63.416666666666679 83.616666666666688 79.750000000000014
decision_type=2 10 8 10 10 10 2 10 8 10 2 10 10 10
left_child=3 2 -2 4 5 12 -6 9 -7 11 -9 -8 -1 -11
right_child=1 -3 -4 -5 6 8 7 10 -10 13 -12 -13 -14 -15
leaf_value=-3.8598547260522955e-05 0.0026597827712837576 -0.00068286038013673945 -0.0071302880581686585 0.0031770181239068628 0.0044157972492905179 0.0046235642029333664 0.0026193512934288596 -0.0028890422950440778 0.00097514574673045879 0.0015379256618869631 0.004577928814053854 -0.0068743308452934668 -0.0033450930072455687 -0.0011857926073339149
leaf_weight=36933.541632611857 63.023053170181811 636.05987101711798 377.94837996480055 470.62023571878672 399.20868446165696 594.51526438375004 63.658789195818827 124.06886947154999 9926.6411345534725 853.52174955722876 489.69283293932676 306.60868312697858 550.3399790157564 8046.3748629754409
leaf_count=440532 6685 42717 39905 2756 3987 5929 981 630 104057 8542 2555 3543 4227 70191
internal_value=2.16125e-05 -0.00285641 -0.00560273 7.67495e-05 4.90164e-05 0.000192965 -0.000620664 -0.000845287 0.0012022 -0.00111208 0.00296459 -0.00512467 -9.15361e-05 -0.000917449
internal_weight=59835.8 1077.03 440.971 58758.8 58288.2 48005 10283.1 9883.93 10521.2 9270.16 613.762 370.267 37483.9 8899.9
internal_count=737237 89307 46590 647930 645174 554745 90429 86442 109986 83257 3185 4524 444759 78733
is_linear=0
shrinkage=0.03


Tree=130
num_leaves=15
num_cat=0
split_feature=35 20 0 31 15 32 16 28 23 20 4 16 11 19
split_gain=9.52373 8.59116 8.61084 11.3305 9.40633 8.7878 8.62008 7.75206 7.85877 7.93073 7.73909 13.477 10.4029 9.04938
threshold=4.5000000000000009 242.50000000000003 9.5000000000000018 -0.013659259240371287 55.733333333333341 0.033364958886780531 61.850000000000001 0.75000000000000011 6.8050000000000006 13.500000000000002 -0.69722222222222274 70.550000000000011 1.5000000000000002 -3.320833333333336
decision_type=2 10 2 8 8 2 10 10 10 10 2 10 2 10
left_child=7 2 -2 -4 5 -5 -7 8 -1 -10 -9 -12 -13 -14
right_child=1 -3 3 4 -6 6 -8 10 9 -11 11 12 13 -15
leaf_value=0.00046584512816129613 -0.0013939059321803004 -0.004689702522375036 0.0032171955345212592 -0.0061185195108432915 -0.00044708527897216542 -0.00092754039209787828 0.0088112640487924485 0.0015832405428722134 0.0055374208159478504 0.0013179107431977196 -0.0041480571138764353 -0.0034501016206869932 0.0038572719126475077 -0.00016344785467730806
leaf_weight=26570.637485205196 5196.9572594011552 388.66687460406683 908.32972288574092 23.414993377169594 7957.8785424439702 106.77137205179315 208.62899154738989 1879.1919087101705 472.71252384781837 1955.4953801366501 781.5727105718106 787.72415226325393 475.3212457979098 12244.540191285312
leaf_count=185383 128004 14005 30842 2489 227089 8649 11020 13787 3975 16225 6350 4815 3953 80970
internal_value=0.000108092 -0.000551445 -0.000423927 0.000128274 -0.000227151 0.00433174 0.00583863 0.000324438 0.000617534 0.00223449 -0.00020153 -0.00044095 -0.000211944 1.31487e-06
internal_weight=59957.8 14790.6 14402 9205.02 8296.69 338.815 315.4 45167.2 28998.8 2428.21 16168.4 14289.2 13507.6 12719.9
internal_count=737556 422098 408093 280089 249247 22158 19669 315458 205583 20200 109875 96088 89738 84923
is_linear=0
shrinkage=0.03


Tree=131
num_leaves=15
num_cat=0
split_feature=23 35 4 14 15 29 3 0 9 30 13 13 35 29
split_gain=10.2659 7.56066 7.86955 8.07656 9.30923 7.38044 10.1118 10.5982 7.6093 7.11319 8.27348 7.03721 9.03712 9.88201
threshold=-0.52499999999999991 7.5000000000000009 -3.0690476190476192 72.450000000000017 70.158333333333346 0.12924325337177545 56.250000000000007 7.5000000000000009 76.500000000000014 1842.5000000000002 51.050000000000004 68.450000000000017 5.5000000000000009 0.089022256239400924
decision_type=8 2 2 8 10 10 2 2 2 10 10 8 2 10
left_child=1 2 -1 4 -4 6 -6 -8 -7 -5 -11 -2 -13 -14
right_child=11 -3 3 9 5 8 7 -9 -10 10 -12 12 13 -15
leaf_value=0.0075138501685707276 0.00061608200078485124 -0.0046872071419523766 7.3990215407830219e-05 -0.00026864611199328107 8.0782756490980105e-06 -0.0029553534218838668 -0.00020401686129367389 0.01151563488014142 0.0059960684257148802 -0.0037897507800353832 0.0034976350985290909 -4.3951769742061079e-05 -0.0026582634596655041 -0.00027662965742348026
leaf_weight=141.74921481776983 11202.990781576489 135.52301262889523 512.09958018641919 2719.5856576310471 138.81588972220197 161.08665178716183 83.844759771600366 311.2309044059366 94.578216584399343 120.70318367611617 963.69134521763772 36862.394118900876 2620.6053063626168 3829.8008251806023
leaf_count=1225 199230 5605 4621 19046 1203 1090 526 2510 617 767 6724 284216 95778 114177
internal_value=7.14342e-05 0.00131503 0.00151282 0.00127496 0.00326908 0.00521357 0.00708012 0.00928493 0.000795202 0.000559048 0.0025552 -5.24512e-05 -0.00022588 -0.00125722
internal_weight=59898.7 5382.91 5247.39 5105.64 1301.66 789.556 533.892 395.076 255.665 3803.98 1084.39 54515.8 43312.8 6450.41
internal_count=737335 43934 38329 37104 10567 5946 4239 3036 1707 26537 7491 693401 494171 209955
is_linear=0
shrinkage=0.03


Tree=132
num_leaves=15
num_cat=0
split_feature=20 34 35 1 30 25 17 26 4 26 20 31 18 10
split_gain=7.94162 11.3326 6.28992 11.2749 8.68461 9.37982 6.68288 6.6425 8.62606 8.92638 19.6817 10.3073 8.51517 6.92832
threshold=6.5000000000000009 -0.012953976604874018 7.5000000000000009 1541.5000000000002 375.50000000000006 0.14359315439194967 63.281454248366018 -0.059960339028435859 -3.9821428571428572 -0.039573673842737467 140.50000000000003 0.0056775694293360211 -0.90000000000000202 321.50000000000006
decision_type=8 2 2 2 10 10 8 8 2 8 10 8 10 2
left_child=1 -1 7 -4 -5 6 -6 -2 13 10 11 12 -10 -9
right_child=2 -3 3 4 5 -7 -8 8 9 -11 -12 -13 -14 -15
leaf_value=-0.0035990968554451964 -0.00024432139425242957 0.0040147447607369472 -0.002269700318406656 -0.00274859148699232 -0.0026322006897056072 -0.0037746733453739457 0.0056280574221385929 0.0071140816963002323 0.0025366159099647501 4.4437179594479826e-05 0.0064340341131101271 -0.0010091166260380771 -0.0010443287922234407 -0.003810399236775115
leaf_weight=177.60876605042722 29757.904362959322 844.74837048701011 2573.6497298802715 280.20964039349928 73.338436500402167 110.41147696063854 542.00395142077468 227.89407847076654 2638.5938686190639 19492.819151593372 571.10599174420349 1850.2083877224941 738.031892279163 31.066791797522455
leaf_count=2444 257615 10154 144086 15814 6483 4431 25529 3282 33298 203122 6429 18759 5283 480
internal_value=2.73785e-05 0.00258589 -1.91966e-05 -0.00122901 0.00141489 0.00309593 0.00451975 6.01441e-05 0.000414541 0.000352952 0.00138094 0.000773084 0.00175011 0.00539895
internal_weight=59909.6 1022.36 58887.2 3579.61 1005.96 725.754 615.342 55307.6 25549.7 25290.8 5797.94 5226.83 3376.63 258.961
internal_count=737209 12598 724611 196343 52257 36443 32012 528268 270653 266891 63769 57340 38581 3762
is_linear=0
shrinkage=0.03


Tree=133
num_leaves=15
num_cat=0
split_feature=35 33 17 23 12 22 16 13 4 12 28 24 24 25
split_gain=9.03769 10.1624 13.6219 9.04946 8.33947 10.2639 8.70032 7.78955 7.44779 9.26454 12.4754 8.53894 10.4939 7.11418
threshold=1.5000000000000002 44.500000000000007 68.680384615384625 -0.99499999999999988 63.150000000000013 8.5000000000000018 75.050000000000011 68.850000000000009 1.4654761904761922 77.750000000000014 -1.2499999999999998 0.12751453517532754 0.063852528963936631 0.026905608962910037
decision_type=2 2 8 10 10 10 10 8 2 10 10 10 10 10
left_child=3 2 4 7 5 -2 -7 -1 9 -4 -11 12 -12 -6
right_child=1 -3 8 -5 13 6 -8 -9 -10 10 11 -13 -14 -15
leaf_value=0.0067124174091647672 -0.0020901701067883201 -0.00044170013197994043 -0.00046502241848848426 0.00019855242444400358 -0.001278621382596283 0.0078010965860786912 -0.0029042880450226628 0.0014709310754409939 -0.0023203385724272847 0.0078989066380916306 -0.0014119850624529084 -0.0038564088377141211 0.0078621115952419735 0.0063767787399791852
leaf_weight=235.91257740557194 412.67634699272458 37944.917357359023 1781.0551430262858 13557.129344075918 110.35646481136791 188.37145512225106 65.402470275294036 3071.6482142880559 896.56579668889754 280.4252416731324 203.03326082997955 203.91248155012727 160.52943883580156 698.28684005956165
leaf_count=1117 11040 562680 34047 64424 3505 7942 2102 14020 11848 4241 3347 2180 2051 12209
internal_value=-4.2848e-05 -0.000273924 0.000990938 0.000544652 0.00335976 0.000777897 0.00501819 0.00193917 -3.33099e-05 0.000775397 0.00326176 0.000516193 0.0031384 0.00531842
internal_weight=59810.2 42945.5 5000.61 16864.7 1475.09 666.45 253.774 3307.56 3525.52 2628.96 847.9 567.475 363.563 808.643
internal_count=736753 657192 94512 79561 36798 21084 10044 15137 57714 45866 11819 7578 5398 15714
is_linear=0
shrinkage=0.03


Tree=134
num_leaves=15
num_cat=0
split_feature=19 8 8 30 4 3 20 28 16 21 10 5 20 14
split_gain=8.25085 11.2393 14.576 11.5775 11.5304 10.8693 12.2643 9.72303 9.18596 12.1751 9.81213 14.1014 9.77602 9.00609
threshold=5.0548809523809561 1.5000000000000002 1.0000000180025095e-35 1716.5000000000002 -0.66145833333333204 59.750000000000007 213.50000000000003 2.2500000000000004 90.050000000000011 0.11922530206112296 230.50000000000003 7.5000000000000009 90.500000000000014 72.250000000000014
decision_type=8 2 2 10 2 2 10 10 10 10 2 2 10 8
left_child=1 2 -1 -4 7 8 -7 -3 9 -2 13 12 -12 -11
right_child=5 4 3 -5 -6 6 -8 -9 -10 10 11 -13 -14 -15
leaf_value=0.0053587014927915797 0.00033300468960690893 0.00030177155940982895 -0.0080873031301824157 -0.00064966231373894657 -0.00062290460366476517 0.0022512014209007084 -0.005682283301957719 0.0038066677571904541 0.0019147722167407056 0.0020515527721784907 -0.0024277326839298916 0.0045581308968198741 0.0038368534411574898 -0.0033268536762861506
leaf_weight=99.616555210435763 13853.950061599142 10947.971932527493 423.41061030060519 328.46989235526416 23219.639693697798 3546.8751678133849 137.43390749790706 712.99490269063972 2236.7575778216124 285.76770898792893 1172.6411477015354 443.781867319718 227.71679345937446 2214.7431709533557
leaf_count=1134 125403 196875 8133 5163 319998 24265 1329 11526 14528 1909 7198 3395 1743 14645
internal_value=-3.34016e-05 -0.000322624 -0.00363034 -0.00508117 -0.000236796 0.000394848 0.00188314 0.000531412 0.000122581 -0.000102337 -0.00147852 0.000183743 -0.00131187 -0.00268402
internal_weight=59851.8 35732.1 851.497 751.881 34880.6 24119.7 3684.31 11661 20435.4 18198.6 4344.65 1844.14 1400.36 2500.51
internal_count=737244 542829 14430 13296 528399 194415 25594 208401 168821 154293 28890 12336 8941 16554
is_linear=0
shrinkage=0.03


Tree=135
num_leaves=15
num_cat=0
split_feature=18 23 8 21 29 25 3 31 34 23 34 31 21 18
split_gain=8.04192 8.14199 15.3123 8.20915 8.58322 12.6369 10.3871 7.43515 7.36084 8.56559 7.32664 10.8968 10.1989 8.0012
threshold=-31.891666666666655 3.8050000000000002 1.5000000000000002 0.39009661835748799 0.074648283178554195 0.16772288866952884 57.750000000000007 0.0048463456764018748 0.012828097257316576 8.1050000000000022 -0.0059690233732978791 -0.004542267331942601 0.13976744186046516 -8.0666666666666575
decision_type=8 10 2 10 8 10 2 10 2 10 2 8 10 10
left_child=-1 -2 -3 4 5 7 8 -4 -6 -10 12 -12 13 -8
right_child=1 2 3 -5 6 -7 10 -9 9 -11 11 -13 -14 -15
leaf_value=-0.0060401109928429758 -0.00015562920707584384 -0.0041003820323341949 -0.00064323815714002188 -0.0029832328908150768 0.0014377700740399232 0.0048616214435361236 -1.9512545148050808e-05 -0.006581880186263561 0.0050173923572016848 -0.00012556878433156384 -0.0032218146802429934 0.00036219053176541092 -0.0016431679383795174 0.0045475734785945824
leaf_weight=143.30087669752538 40147.366987193469 558.18716958444566 3242.3138361100573 471.36470812489279 6286.0106194792315 316.21983929490671 514.3803375432035 152.92484164924826 1140.1947626876645 382.79411178454757 887.4073448209092 4075.6811773250811 534.52413863688707 997.27438599942252
leaf_count=9253 406224 9436 77666 5175 108357 4106 11202 4145 15957 7180 12090 49371 6864 10018
internal_value=6.92274e-05 8.8932e-05 0.000590035 0.000738223 0.000840664 -0.00044476 0.00116303 -0.00100236 0.00191208 0.00376184 0.000320884 -0.000304377 0.00180856 0.00304263
internal_weight=59849.9 59706.6 19559.3 19001.1 18529.7 3711.46 14818.3 3395.24 7809 1522.99 7009.27 4963.09 2046.18 1511.65
internal_count=737044 727791 321567 312131 306956 85917 221039 81811 131494 23137 89545 61461 28084 21220
is_linear=0
shrinkage=0.03


Tree=136
num_leaves=15
num_cat=0
split_feature=29 6 28 25 16 16 32 25 25 4 25 13 7 21
split_gain=7.56511 8.33824 9.011 7.6682 9.3363 9.20127 7.37126 7.03664 8.03414 6.76738 8.12748 6.68542 6.45324 6.0311
threshold=0.04846074869688833 0.11437908496732027 -2.7499999999999996 0.13433253320941063 87.950000000000017 82.550000000000011 0.18204376310717438 0.060165454199360459 0.041427641908861994 4.6519230769230768 0.20980120058259302 86.550000000000011 8.5000000000000018 0.051836094939543227
decision_type=8 2 8 10 10 10 2 8 10 2 8 10 10 10
left_child=3 2 -2 4 12 -5 7 8 -4 -3 11 -11 13 -1
right_child=1 9 6 5 -6 -7 -8 -9 -10 10 -12 -13 -14 -15
leaf_value=-0.0023054485392707031 0.0029998414401566521 0.00013536724680442109 -0.0025107480125219194 0.0067336668001789718 0.0044934002140931224 -0.0027650017776565264 0.003561621576921243 -0.0025991988694455902 0.004748928235339062 -0.006086623502979064 0.0035171420870526854 0.0017372282373856261 0.0047643928749828354 -0.0068824294697317863
leaf_weight=738.03871870192233 350.63247347460128 53720.142117330543 223.32467479328625 134.43736571329646 94.573308307910338 141.97155448165722 177.03350896690972 3018.7094070832245 231.304121945519 397.9747080905363 104.49626224348322 101.70684176846407 36.215925750555471 433.86947033822071
leaf_count=20139 5327 648404 5388 1742 1758 1716 1297 32633 3662 3419 723 936 1103 8980
internal_value=-5.55848e-05 7.34839e-07 -0.00131229 -0.00207196 -0.00302107 0.00217867 -0.00176143 -0.00207943 0.00128737 9.85575e-05 -0.00293455 -0.00448097 -0.0037645 -0.00421225
internal_weight=59904.4 58325.3 4001 1579.11 1302.7 276.409 3650.37 3473.34 454.629 54324.3 604.178 499.682 1208.12 1171.91
internal_count=737227 701789 48307 35438 31980 3458 42980 41683 9050 653482 5078 4355 30222 29119
is_linear=0
shrinkage=0.03


Tree=137
num_leaves=15
num_cat=0
split_feature=20 4 24 35 7 13 14 14 14 20 23 29 29 15
split_gain=11.7718 10.9491 11.7151 9.46289 8.97585 12.7413 8.83764 7.66175 12.0627 8.44339 9.31766 8.12871 7.93735 8.16047
threshold=328.50000000000006 -3.0690476190476192 0.031393172032054877 2.5000000000000004 5.5000000000000009 88.950000000000017 76.550000000000011 70.550000000000011 68.250000000000014 185.50000000000003 3.3050000000000002 0.093176929251232665 0.10769503642862992 71.941666666666677
decision_type=10 2 10 2 10 8 10 10 10 10 10 10 10 10
left_child=1 2 -1 6 5 -4 7 8 9 -3 -11 -12 13 -10
right_child=-2 3 4 -5 -6 -7 -8 -9 12 10 11 -13 -14 -15
leaf_value=-0.0021752370174399536 -0.0045758455441041804 0.00044091044493380663 0.0060113253643077642 -0.00050079285267161193 -0.00022785946945512664 -0.0036276438552570339 -0.00037840407536177812 0.0016716943290987351 -0.0026908612512106934 2.5054687464625978e-05 -0.00022897961852771676 0.011202021363957896 -0.0043903866679302489 0.0033665025099887183
leaf_weight=396.91103300789837 470.79744895233307 10256.951346728951 919.3330992271658 29030.762896588654 428.79045268427581 107.74067106470466 11428.729234345257 5054.097318738699 397.88603798300028 239.2034051194787 74.458189491182566 153.94245439022779 712.04074113070965 311.90842904150486
leaf_count=13257 8597 55422 13172 537798 8680 1170 61864 27727 2302 1258 437 842 3823 1720
internal_value=-8.50999e-05 -4.57628e-05 0.00219338 -0.000119551 0.00341708 0.00487873 0.000267238 0.000696082 0.000284943 0.000631837 0.00437268 0.00810368 -0.00226417 1.7329e-05
internal_weight=59983.6 59512.8 1852.78 57660 1455.86 1027.07 28629.2 17200.5 12146.4 10724.6 467.604 228.401 1421.84 709.794
internal_count=738069 729472 36279 693193 23022 14342 155395 93531 65804 57959 2537 1279 7845 4022
is_linear=0
shrinkage=0.03


Tree=138
num_leaves=15
num_cat=0
split_feature=15 15 35 34 30 27 3 21 19 21 22 1 30 13
split_gain=9.93464 6.74481 8.84723 8.60758 9.26089 10.6017 9.10333 13.8304 9.44301 8.77142 8.33075 8.45388 7.84886 7.40177
threshold=45.583333333333343 54.416666666666679 2.5000000000000004 0.00613919220348537 306.50000000000006 245.50000000000003 54.250000000000007 0.23861283643892342 -1.6356349206349206 0.15438786565547133 6.5000000000000009 1372.5000000000002 1049.5000000000002 65.450000000000017
decision_type=8 8 2 2 10 8 2 10 8 10 10 2 10 8
left_child=-1 10 -3 6 5 13 7 8 -4 -8 11 -2 -10 -5
right_child=1 2 3 4 -6 -7 9 -9 12 -11 -12 -13 -14 -15
leaf_value=-0.0050552713588598646 -0.0029968495664555203 0.00034015664622253559 -0.0025199512017129015 0.0064797449934405104 -0.00019805434433895245 -0.0017751284499884562 -0.00058635801133220756 0.0071611289905531414 0.00029246580859511225 -0.0021205383245859856 0.0046482739612372813 0.004918027998738664 0.0057201854833003104 0.001884503855001716
leaf_weight=300.2556616634829 343.02847992244642 29028.778145518154 705.12201561382972 377.56419030111283 7573.4668840065133 512.49167416011915 12882.105772156501 240.61167655629106 917.04803546331823 4516.3272910882952 567.08173776406329 126.31634268211201 277.55661443783902 1508.7868560018251
leaf_count=13211 6668 157523 26002 7395 129195 10083 241953 4285 16459 71690 20724 3010 4974 24414
internal_value=-1.75736e-05 1.20335e-05 -3.14071e-05 -0.000396855 0.000319257 0.00192317 -0.000762231 0.00106593 0.000130091 -0.00098954 0.00235418 -0.000598289 0.00173269 0.00294784
internal_weight=59876.5 59576.3 58539.9 29511.1 9972.31 2398.84 19538.8 2140.34 1899.73 17398.4 1036.43 469.345 1194.6 1886.35
internal_count=737586 724375 693973 536450 171087 41892 365363 51720 47435 313643 30402 9678 21433 31809
is_linear=0
shrinkage=0.03


Tree=139
num_leaves=15
num_cat=0
split_feature=23 23 22 26 15 33 29 18 35 34 16 32 12 31
split_gain=6.78374 9.3818 8.47185 14.6662 14.5541 9.58928 9.57535 11.0786 8.1949 7.58362 8.81342 12.2621 8.16533 9.36888
threshold=-4.4949999999999992 -0.99499999999999988 6.5000000000000009 -0.074781063405383846 83.016666666666694 4248.0000000000009 0.089720370853036469 -1.4999999999999785 7.5000000000000009 0.0090861654161847744 86.850000000000009 0.073976456081536732 57.350000000000001 -0.0041914590267056453
decision_type=8 8 8 8 10 2 8 10 2 2 10 2 10 10
left_child=-1 8 9 5 6 -4 7 -5 -2 12 11 -11 13 -3
right_child=1 2 3 4 -6 -7 -8 -9 -10 10 -12 -13 -14 -15
leaf_value=-0.0038722663399927662 0.001559667745056636 -0.0079495904479490558 0.0020031874370508621 -0.0014665129432905124 -0.0038197112459831132 -0.004744275964052345 0.00076349924227955032 0.0032902669376723053 -0.00580544035204164 0.0066640580523567158 0.001506023164546844 -0.0005600112956904937 -0.00061795770213726687 -0.00051703071344000426
leaf_weight=377.35697825741954 3889.1211343572941 247.53987205110025 4738.7898245798424 4121.0716883590212 865.27386933146045 150.98119072709233 7475.7719694469124 445.29226236534305 92.52515316370409 168.11764700501226 3353.183049000334 7009.6821314934641 26612.560911561828 328.82415914640296
leaf_count=2400 28036 5497 58865 111640 13363 1684 113649 4057 3813 3154 31618 69985 283334 6702
internal_value=-0.000105945 -7.88264e-05 -0.000180148 0.000358706 -0.000172677 0.00174893 0.000104087 -0.000972039 0.00131864 -0.000434531 0.000248117 -0.00034588 -0.000698909 -0.00408897
internal_weight=59876.1 59498.7 55517.1 17797.2 12907.4 4889.77 12042.1 4566.36 3981.65 37719.9 10531 7177.8 27188.9 576.364
internal_count=737797 735397 703548 303258 242709 60549 229346 115697 31849 400290 104757 73139 295533 12199
is_linear=0
shrinkage=0.03


Tree=140
num_leaves=15
num_cat=0
split_feature=7 2 14 12 33 7 12 33 19 2 3 31 9 4
split_gain=7.3013 8.705 8.00085 12.3133 8.36114 10.5138 8.37492 10.8779 10.8914 12.6542 10.0833 9.50725 8.79617 8.08812
threshold=7.5000000000000009 2.5000000000000004 76.750000000000014 86.250000000000014 44.500000000000007 5.5000000000000009 69.850000000000009 782.50000000000011 7.0906084656084696 3.5000000000000004 56.250000000000007 -0.0016130230979090486 100.50000000000001 0.87980769230769351
decision_type=10 10 8 10 2 10 10 2 10 10 2 8 2 2
left_child=2 -2 3 4 5 -1 7 8 11 -10 -9 13 -12 -6
right_child=1 -3 -4 -5 6 -7 -8 10 9 -11 12 -13 -14 -15
leaf_value=0.0032129533175839688 -0.0054221668006026111 -0.00072683940666934074 -0.00026335792236860893 0.0045764192728832039 -0.00072503128813181832 -0.0010288826740038584 0.00063732360795718077 0.00056484493656099716 0.0069464518517889642 3.4755736563028718e-05 -0.0049282056351685451 0.00056311831136218195 0.0031351287272304543 -0.0043388777146035149
leaf_weight=1739.8066210884135 406.80816497141495 1696.0535541537683 33275.289857416996 584.51086881523952 1874.0181303477148 716.29975321621168 12733.140359389945 592.31713153980672 358.2080982089974 574.32562213065103 1098.4975749646546 3337.467245051841 102.2842670539394 759.85577711311635
leaf_count=27734 5203 33979 367162 4988 45077 13481 133264 10735 2407 4225 14168 59908 1331 13303
internal_value=-2.45971e-05 -0.00174001 3.93219e-05 0.000450604 0.000340294 0.00198002 0.000148193 -0.000567486 -2.07074e-05 0.00290809 -0.00261505 -0.000498443 -0.00414349 -0.00182901
internal_weight=59848.9 2102.86 57746 24470.7 23886.2 2456.11 21430.1 8696.97 6903.87 932.534 1793.1 5971.34 1200.78 2633.87
internal_count=736965 39182 697783 330621 325633 41215 284418 151154 124920 6632 26234 118288 15499 58380
is_linear=0
shrinkage=0.03


Tree=141
num_leaves=15
num_cat=0
split_feature=18 2 34 15 4 22 8 7 8 16 20 17 4 29
split_gain=6.69583 7.48449 6.40987 6.33361 9.95722 7.89172 7.49303 8.35755 7.31201 6.62728 12.2545 10.2293 7.78953 7.2836
threshold=-16.966666666666654 8.5000000000000018 0.004838647583187747 58.441666666666677 0.69337606837606824 5.5000000000000009 2.5000000000000004 3.5000000000000004 1.5000000000000002 81.65000000000002 240.50000000000003 69.575500000000019 -1.040064102564102 0.065073573609675181
decision_type=8 10 2 8 2 10 2 10 2 8 10 8 2 8
left_child=1 -1 -3 4 6 -6 8 -8 -2 13 11 12 -11 -5
right_child=3 2 -4 9 5 -7 7 -9 -10 10 -12 -13 -14 -15
leaf_value=-0.0020807583072663385 -0.0031099498470290505 0.0086469048662193675 -0.0031882851194240946 0.0011560309025790466 -0.0054917509351204092 0.0018032244550528393 0.0076121107956889774 -0.00086636579815978015 0.0076092977654443356 -0.00090445076530341634 -0.0040050580603703421 0.00027069025616223885 0.0048421847136305403 -0.00057120294081994445
leaf_weight=1966.5013282776345 38.255001571262255 65.157046829815954 31.841374148614705 2429.6735080401413 190.08516082004644 260.65207564400043 85.199063659412786 428.1643083030358 392.87041735742241 273.93470567162149 538.11003318638541 33021.266813291586 718.96921059023589 19429.22182789378
leaf_count=77289 782 2624 1063 40630 2128 4387 1554 7665 6766 4443 7377 351874 7574 221631
internal_value=2.09973e-05 -0.00163758 0.00499882 8.15673e-05 0.00204261 -0.00151439 0.00373091 0.00109145 0.0064338 3.12986e-05 0.000289783 0.000363507 0.00328938 -0.000377016
internal_weight=59869.9 2063.5 96.9984 57806.4 1395.23 450.737 944.489 513.363 431.125 56411.2 34552.3 34014.2 992.904 21858.9
internal_count=737787 80976 3687 656811 23282 6515 16767 9219 7548 633529 371268 363891 12017 262261
is_linear=0
shrinkage=0.03


Tree=142
num_leaves=15
num_cat=0
split_feature=16 34 10 14 16 6 28 20 16 6 30 26 26 20
split_gain=5.55588 5.29511 10.6728 10.6728 10.3425 9.04865 8.2354 8.15528 11.9376 9.16095 8.95399 7.93682 7.39315 7.29277
threshold=45.650000000000013 0.0068026827499687139 134.50000000000003 60.850000000000001 88.550000000000011 0.36038961038961043 1.0000000180025095e-35 19.500000000000004 91.450000000000017 0.78759398496240618 1385.5000000000002 -0.22626227968253623 -0.082093810777452716 245.50000000000003
decision_type=8 2 2 8 10 2 10 10 10 2 8 10 10 10
left_child=-1 -2 5 6 -5 -3 -4 8 10 11 -7 -9 -11 -6
right_child=1 2 3 4 13 7 -8 9 -10 12 -12 -13 -14 -15
leaf_value=-0.0061236354925248747 -0.00020634785037922405 0.00099913498209725188 0.0066397510544973721 0.00021280696105369646 0.0026096250648986598 -0.0016771427583043631 0.00064204747828240562 0.0037619314624343075 0.002589188512346944 -0.0004510566980702402 -0.0055518159699015938 -0.0021884981711332357 0.0048043231970926826 -0.0059092389849448408
leaf_weight=83.785335461958311 39408.561778822157 2440.0186406366993 450.86229292419739 9358.885997134028 2534.1092294913251 1655.4766405745177 370.01717981044203 190.24839469580911 355.71128618903458 432.80765409278683 798.53910403186455 1310.2797382972203 471.95902552665211 47.713998857419938
leaf_count=4634 504853 26287 8208 102575 25044 19357 5189 1545 3595 4334 8718 16180 6757 606
internal_value=-1.69111e-05 -3.25208e-06 0.000388314 0.000918207 0.000681229 -0.000495289 0.00412832 -0.00119735 -0.00228022 8.82641e-05 -0.00302365 -0.00133707 0.00239837 0.00234292
internal_weight=59909 59825.2 20416.6 12761.6 11940.7 7655.04 820.879 5215.02 2809.73 2405.29 2454.02 1500.53 904.767 2581.82
internal_count=737882 733248 228395 141622 128225 86773 13397 60486 31670 28816 28075 17725 11091 25650
is_linear=0
shrinkage=0.03


Tree=143
num_leaves=15
num_cat=0
split_feature=31 4 19 10 6 12 31 23 12 10 27 21 3 23
split_gain=8.47898 7.12612 8.28719 6.75619 12.2966 7.35866 9.26766 7.22394 7.78363 7.12953 9.11547 10.7016 6.7463 11.4964
threshold=-0.0010754384792478599 4.404545454545457 10.484444444444444 289.50000000000006 0.47213622291021679 67.750000000000014 -0.0080052313049898214 4.3050000000000006 82.950000000000017 254.50000000000003 -5.4999999999999991 0.44722222222222224 59.750000000000007 4.1050000000000013
decision_type=10 2 8 2 2 10 8 10 10 2 8 10 2 10
left_child=3 -2 -3 9 5 -5 7 8 -7 -1 -11 -12 13 -8
right_child=1 2 -4 4 -6 6 12 -9 -10 10 11 -13 -14 -15
leaf_value=-0.00054360957311222317 0.00026556704045515054 -0.0048534873034300234 0.0028161494088545539 -0.0035658904857267817 0.0016609552860342503 0.0057462991805991249 -0.0026838387537578895 -0.0028282892642992989 -0.0015940933241624003 -0.004828828870313496 -0.0016033818155898208 0.0071105130387185862 -0.0071394854696980254 0.0051623926017894126
leaf_weight=14503.762700374355 36636.86879660032 438.00328961061314 134.24149933690205 743.45810286572669 3016.8847649318632 429.40279272315092 615.2117742265109 150.2274280670099 153.20136934658512 788.1646796639543 1872.0723128290847 86.618376427330077 136.73318576929159 175.63325906032696
leaf_count=203556 412340 3838 751 14660 45099 4486 6109 2173 1379 11773 26720 746 1308 2447
internal_value=-6.67557e-05 0.000211845 -0.00297257 -0.000523466 0.000397651 -0.00118935 -5.21066e-05 0.00238183 0.00384264 -0.000813226 -0.00220167 -0.00105063 -0.0019985 -0.000737964
internal_weight=59880.5 37209.1 572.245 22671.4 5420.75 2403.87 1660.41 732.832 582.604 17250.6 2746.86 1958.69 927.578 790.845
internal_count=737385 416929 4589 320456 77661 32562 17902 8038 5865 242795 39239 27466 9864 8556
is_linear=0
shrinkage=0.03


Tree=144
num_leaves=15
num_cat=0
split_feature=4 10 33 22 17 13 1 10 21 9 23 13 16 20
split_gain=8.84044 9.14965 7.09754 6.55379 6.35445 7.25608 6.34687 6.28682 9.47737 8.41884 7.73828 6.87916 6.73249 5.7206
threshold=-2.9875000000000003 298.50000000000006 80.500000000000014 3.5000000000000004 67.647597254004594 53.550000000000004 1601.0000000000002 169.50000000000003 0.1082709215239336 44.500000000000007 5.9050000000000011 61.850000000000001 84.050000000000011 14.500000000000002
decision_type=2 2 2 10 8 10 2 2 8 2 10 8 8 8
left_child=1 2 4 -3 5 -1 -5 13 10 -10 11 -9 -11 -4
right_child=-2 3 7 6 -6 -7 -8 8 9 12 -12 -13 -14 -15
leaf_value=-0.0047905228863642096 -6.4325927347040919e-05 -0.0060918215628421877 0.0019042177082429642 0.0035731886113453044 -0.0035464703636677282 0.0070935580893776076 -0.0057318835566395896 0.0036012358851625404 -0.0015625963586871168 -0.0011505780506382329 0.0040275040853083024 -0.006687964571877745 0.010453435898820232 0.0077507432491691558
leaf_weight=27.109621830750257 57848.06358064324 150.01431461144239 282.60710547619965 187.48529999121092 230.29983859672211 93.998869553674012 42.56469820602797 41.835168801713735 102.73263371107168 46.28199756750837 95.060909224208444 196.05432465928607 148.93482346856035 421.0497256728122
leaf_count=1216 698011 2096 4942 4868 4618 2739 1122 953 1581 821 2890 3042 1886 7484
internal_value=5.28668e-06 0.00190988 0.00284672 -0.00209374 -0.000852016 0.00381085 0.00113555 0.00381624 0.00146786 0.00497231 -0.00190795 -0.00456732 0.0080287 0.00568474
internal_weight=59914.1 2066.03 1685.97 380.064 351.408 121.108 230.05 1334.56 630.9 297.949 332.95 237.889 195.217 703.657
internal_count=738269 40258 32172 8086 8573 3955 5990 23599 11173 4288 6885 3995 2707 12426
is_linear=0
shrinkage=0.03


Tree=145
num_leaves=15
num_cat=0
split_feature=19 16 2 15 4 9 15 18 22 31 16 31 1 15
split_gain=9.14407 8.27158 8.39128 8.21709 7.07936 7.57907 7.02028 7.78118 8.40546 9.41349 7.1964 9.8477 13.5239 7.93697
threshold=5.0548809523809561 70.850000000000009 3.5000000000000004 68.441666666666677 4.2222222222222259 17.500000000000004 64.716666666666683 -0.69166666666666987 5.5000000000000009 0.010195695160398312 86.550000000000011 0.0042294339252498059 1425.5000000000002 81.916666666666686
decision_type=10 8 10 10 2 2 10 10 10 10 10 8 2 10
left_child=1 2 -1 -4 5 -2 7 8 9 -7 11 -8 13 -13
right_child=4 -3 3 -5 -6 6 10 -9 -10 -11 -12 12 -14 -15
leaf_value=-0.0040579083796921291 0.0031534948135663932 -0.00012501503875485506 -0.00017985378464685018 -0.0056929502636440922 -0.0023007731226807704 0.0067187822317280998 -0.00076326681726853873 0.006896038708036502 -0.0027383622012719976 -0.0035505720516574375 0.0012779737934507315 0.0025147784040159093 -0.0013876723602049943 -0.0018304291815347382
leaf_weight=900.47841819305904 973.61918919021264 36528.537984469207 2389.9466002434492 221.37394522794057 718.08948432747275 229.55852812714875 7052.2783036534674 265.4480828428641 263.45864371955395 76.39288658183068 5286.9642773186788 3053.3524554274045 1482.3899727379903 394.43946066871285
leaf_count=18086 7173 510538 69190 3661 4792 1938 51269 1642 2763 551 34278 20018 9342 2286
internal_value=9.60985e-07 -0.000259753 -0.00163982 -0.000745401 0.000527619 0.000639815 0.000496321 0.00310389 0.000922107 0.00401607 0.000361666 -4.62632e-05 0.000976726 0.00199861
internal_weight=59836.3 40040.3 3511.8 2611.32 19796 19077.9 18104.3 834.858 569.41 305.951 17269.4 11982.5 4930.18 3447.79
internal_count=737527 601475 90937 72851 136052 131260 124087 6894 5252 2489 117193 82915 31646 22304
is_linear=0
shrinkage=0.03


Tree=146
num_leaves=15
num_cat=0
split_feature=7 16 14 8 30 18 24 0 24 27 32 9 29 16
split_gain=10.8748 8.52858 8.85913 8.85613 11.0578 8.63042 7.92577 8.98008 7.54831 7.50344 10.5517 13.2015 12.0792 8.49394
threshold=8.5000000000000018 83.450000000000017 74.550000000000011 1.5000000000000002 1680.5000000000002 -14.233333333333315 0.13511070777189652 8.5000000000000018 0.013261545242792936 -105.49999999999999 0.11652677837602109 16.500000000000004 0.092556232784857917 81.15000000000002
decision_type=10 8 8 2 10 10 10 2 10 10 2 2 8 10
left_child=1 3 5 4 -1 -3 -6 -8 -2 10 11 -5 -13 -12
right_child=8 2 -4 9 6 -7 7 -9 -10 -11 13 12 -14 -15
leaf_value=-0.0056894296456994542 0.0040227550634453066 -0.0019127795970797844 0.00018350869471767388 -0.0054242991758817628 -0.0027392859874786186 0.0019983903981652513 -0.0028962748414469597 0.0085947340657043063 -0.004528802937861464 2.7251846287042794e-05 -0.0043131716486067371 -0.0014676593011370817 0.0022025847946905361 0.00045201001379093072
leaf_weight=545.71498782676645 67.669227474136278 532.54034384305123 24863.076040182612 346.52760753245093 244.69850006198976 4443.7037875996903 65.814279038459063 115.0548944673501 655.93866216554306 23203.0649775083 1278.5535026276484 1557.8451148117892 1572.4660256374627 439.0474371497985
leaf_count=8562 2658 13289 264652 4587 3759 47717 479 1025 12227 305934 13569 32754 22445 4156
internal_value=1.31378e-05 5.92616e-05 0.000416124 -0.000303409 -0.00304849 0.00156497 0.000580169 0.00469172 -0.00352078 -0.000204326 -0.00122916 -0.000265687 0.000381677 -0.00311678
internal_weight=59931.7 59208.1 29839.3 29368.8 971.283 4976.24 425.568 180.869 723.608 28397.5 5194.44 3476.84 3130.31 1717.6
internal_count=737813 722928 325658 397270 13825 61006 5263 1504 14885 383445 77511 59786 55199 17725
is_linear=0
shrinkage=0.03


Tree=147
num_leaves=15
num_cat=0
split_feature=33 16 27 6 18 20 4 11 11 17 18 29 1 29
split_gain=6.33047 8.903 8.52767 9.62096 8.68933 8.35595 8.17251 11.734 11.3533 11.3204 11.0804 12.7899 9.38881 7.89706
threshold=91.500000000000014 72.65000000000002 -139.49999999999997 0.68990384615384626 -2.5666666666666411 6.5000000000000009 1.5156250000000002 17.500000000000004 20.500000000000004 65.055718954248377 -2.3666666666666702 0.13338541240893284 1655.0000000000002 0.082009960561464992
decision_type=2 8 10 2 10 8 2 2 2 8 10 10 2 10
left_child=6 2 4 -4 -2 -3 7 -1 9 13 11 -9 -11 -8
right_child=1 5 3 -5 -6 -7 8 10 -10 12 -12 -13 -14 -15
leaf_value=0.0015945969716958351 -0.0059881266279549423 0.0031280532027827173 -0.001844712226660735 0.0012658007087738546 0.0012293368772151379 -3.5219324849351584e-05 -0.0015897423392490773 -0.0043778769132556258 0.0041524579047073256 -0.0028901542557156156 0.0033445521433200049 0.004241315760793324 0.0025440078639220503 0.0074116084494813732
leaf_weight=7309.859255816642 547.16698953777086 714.90185195906088 2534.65067487536 1326.1114368004492 180.47660656413063 43053.063645503833 125.64185976411682 843.65137035760563 329.68267136067152 1952.0951168203028 284.65193147026002 145.77045932109468 294.22491827514023 159.07235681288876
leaf_count=120644 12681 7725 45169 25874 1396 470057 2707 17808 3684 20006 2281 1813 2911 2442
internal_value=3.78533e-05 -0.000112465 -0.00136224 -0.000773776 -0.00423405 1.99597e-05 0.000670712 0.00113196 -0.000709 -0.00141041 -0.00148233 -0.00296508 -0.00213849 0.00379529
internal_weight=59801 48356.4 4588.41 3860.76 727.644 43768 11444.6 8583.93 2860.72 2531.03 1274.07 989.422 2246.32 284.714
internal_count=737198 562902 85120 71043 14077 477782 174296 142546 31750 28066 21902 19621 22917 5149
is_linear=0
shrinkage=0.03


Tree=148
num_leaves=15
num_cat=0
split_feature=20 12 6 18 2 31 18 34 23 17 14 0 31 14
split_gain=10.4845 7.86783 9.18072 9.40806 8.20305 7.2957 6.87005 8.15213 7.21676 6.50222 6.15158 5.9319 9.01572 14.267
threshold=9.5000000000000018 73.750000000000014 0.42481203007518803 -6.4333333333333327 3.5000000000000004 -0.0035014730694630613 -5.1333333333333355 0.022463028045251278 1.385 66.533771929824582 50.250000000000007 10.500000000000002 -0.0072754567153179494 77.15000000000002
decision_type=8 10 2 10 10 10 10 2 10 10 8 2 8 10
left_child=1 2 3 10 -5 -4 -3 8 -8 -6 -1 -2 13 -13
right_child=11 6 5 4 9 -7 7 -9 -10 -11 -12 12 -14 -15
leaf_value=0.0043769617525449972 -0.00038931335272980567 0.0022424648154865594 0.0010269526164423334 0.0073609571226417609 0.0046560810586980667 0.0051785983163554882 0.00040035335234930917 0.0041948833188349688 -0.0036786828724369594 -0.0029071507912359837 -0.003708440124153689 0.0028478212069534886 -3.8593749374652231e-05 -0.001217333448022257
leaf_weight=57.408379312604666 34525.887644850882 796.88876491878182 629.18803188402671 173.13736689044163 114.46778453793377 1046.7414156075101 706.19037329079583 185.76297521078959 798.92198943300173 220.6787322582677 477.46146452485118 2488.8357511246577 16550.759086291073 1085.8680620372761
leaf_count=1351 372367 10406 10748 1266 978 14787 4516 1262 6117 1753 9355 49303 237260 15899
internal_value=-2.79371e-05 0.00125179 0.00235187 0.000123898 0.00290421 0.00369487 2.67736e-05 -0.00105187 -0.00181348 -5.48585e-05 -0.00254063 -0.000150894 0.000258073 0.00161321
internal_weight=59858.2 5206.85 2719.08 1043.15 508.284 1675.93 2487.76 1690.88 1505.11 335.147 534.87 54651.4 20125.5 3574.7
internal_count=737368 62539 40238 14703 3997 25535 22301 11895 10633 2731 10706 674829 302462 65202
is_linear=0
shrinkage=0.03


Tree=149
num_leaves=15
num_cat=0
split_feature=35 29 34 11 35 10 30 7 16 30 16 34 24 23
split_gain=7.15704 11.3846 6.42237 5.95114 9.47901 14.6471 10.7274 14.3322 9.54268 9.46619 8.87936 9.66173 8.50667 8.34646
threshold=9.5000000000000018 0.12165309649690785 -0.010462831900544619 13.500000000000002 3.5000000000000004 342.50000000000006 1311.5000000000002 7.5000000000000009 77.15000000000002 742.50000000000011 82.550000000000011 -0.0017240979801318851 0.14972080783623062 1.0000000180025095e-35
decision_type=2 10 2 2 2 2 8 10 10 10 10 2 10 10
left_child=3 -2 -3 -1 6 8 7 9 -6 -5 11 -8 -10 -11
right_child=1 2 -4 4 5 -7 10 -9 12 13 -12 -13 -14 -15
leaf_value=0.00037158208815834322 -0.0036419228764690424 -0.0041800606835275932 0.0062947944538373152 0.00062748602542269977 -0.0041932846446023483 0.0036499131070544637 -0.0064806243622802153 -0.0034917800074535069 -0.0004276519327289843 -0.00099302185734644489 -9.2604459977098629e-05 -0.00053243676129712903 -0.003187459161471189 0.004047234874492771
leaf_weight=40938.599899998168 886.71534393576439 32.846759330946952 147.34855155111291 4064.7062344048172 932.77614809642546 500.46939954650588 425.92109152115881 527.16697304323316 4955.9951179411728 339.12501134350896 2832.530867215246 528.56234838813543 1217.8039500210434 1601.0049245208502
leaf_count=435364 77315 2274 9512 25912 21488 9574 2902 3554 95932 2047 18321 3495 19467 10550
internal_value=0.00012711 -0.00225218 0.00389219 0.000172109 -0.000283202 -0.00108316 0.000308894 0.00104257 -0.00143965 0.00146619 -0.000953671 -0.00337717 -0.000993267 0.00316341
internal_weight=59931.6 1066.91 180.195 58864.7 17926.1 7607.04 10319 6532 7106.58 6004.84 3787.01 954.483 6173.8 1940.13
internal_count=737707 89101 11786 648606 213242 146461 66781 42063 136887 38509 24718 6397 115399 12597
is_linear=0
shrinkage=0.03


Tree=150
num_leaves=15
num_cat=0
split_feature=17 29 8 7 30 27 25 8 8 20 20 3 19 30
split_gain=7.21326 9.21166 7.25011 18.3245 8.03195 12.6352 7.38987 6.53647 16.5618 13.3654 10.0911 9.38227 10.5216 11.105
threshold=90.363961038961051 0.13944690882535268 1.5000000000000002 2.5000000000000004 959.50000000000011 75.500000000000014 0.21265538802974002 3.5000000000000004 2.5000000000000004 141.50000000000003 240.50000000000003 56.750000000000007 9.2133333333333365 166.50000000000003
decision_type=10 10 2 10 10 10 10 2 2 10 10 2 10 8
left_child=2 -2 3 -1 -5 6 -6 8 -4 11 -11 -9 13 -13
right_child=1 -3 7 4 5 -7 -8 9 -10 10 -12 12 -14 -15
leaf_value=-0.0001414565954950975 -0.0043331828790168381 0.0002408124102647321 0.00028022454170943206 -0.0072977442310226863 -0.0071160807638457882 0.0019120617101561147 0.0012849056432001362 3.9155835301687187e-05 0.00900902015150583 0.003088560575867949 -0.0018613951657192982 -0.0051141074330208185 0.0013021789878886378 -0.0013495147129303216
leaf_weight=4596.9383581653237 756.01346754143015 769.69563916604966 33105.882254599826 433.21918565651868 353.87815340526868 355.84074001736008 105.07817677757703 9027.2650735698408 146.86717804474756 1525.5784484855831 447.6783750008326 756.16691104753409 1119.2433685101569 6378.5439607126173
leaf_count=61795 8046 6367 403238 6176 4193 4325 721 127731 1776 19348 7378 8700 6246 71361
internal_value=-8.83298e-05 -0.00209126 -3.42146e-05 -0.00103182 -0.0041796 -0.00219563 -0.0052554 7.77118e-05 0.000332245 -0.000361592 0.0019473 -0.000630091 -0.00135787 -0.00178132
internal_weight=59877.9 1525.71 58352.2 5844.95 1248.02 814.797 458.956 52507.2 33252.7 19254.5 1973.26 17281.2 8253.95 7134.71
internal_count=737401 14413 722988 77210 15415 9239 4914 645778 405014 240764 26726 214038 86307 80061
is_linear=0
shrinkage=0.03


Tree=151
num_leaves=15
num_cat=0
split_feature=14 16 4 4 18 29 26 20 18 34 32 31 21 34
split_gain=8.39763 10.5862 9.10404 8.08531 9.75898 7.92842 7.7884 12.9434 12.2443 11.1174 8.40182 7.72204 7.47877 8.66016
threshold=68.450000000000017 71.65000000000002 2.1666666666666683 1.092329545454547 -17.833333333333321 0.073196520887139419 -0.060978260984836025 33.500000000000007 -12.566666666666672 -0.00045631780127589576 0.15258024887057148 -0.00021290399452925457 0.029631255487269536 0.007632932989865988
decision_type=8 10 2 2 10 8 10 10 10 2 2 8 10 2
left_child=1 3 6 4 -1 -6 7 -3 11 -10 -9 -8 13 -7
right_child=-2 2 -4 -5 5 12 8 10 9 -11 -12 -13 -14 -15
leaf_value=-0.0047682978367992214 -0.00016245867779336991 -0.00021833331774625644 -0.0012139967112158795 -0.0037426604811237221 -0.0023040037954390213 0.0014302342997478692 -0.0026123047911704557 0.0054494754642736261 0.0015910655270733511 0.0054131742515907298 -0.0032826900746138867 0.0022107878640064021 -0.0022979211818506319 0.0075142099701461249
leaf_weight=273.65972170513123 48304.37610378387 3093.5259758894099 1147.6919008399127 627.37756799045019 469.4515693676658 815.86323134356644 533.55555382312741 593.81962419662159 1398.0781691903248 1413.51960049849 82.862801624462008 562.36345716973301 247.85870934091508 250.83024699962698
leaf_count=16165 550346 35102 11087 10964 10484 13240 20044 8428 19343 17171 749 16447 3923 3711
internal_value=1.12116e-05 0.000737581 0.00123799 -0.000899762 3.52565e-05 0.000882013 0.00161 0.000624572 0.0025409 0.00357362 0.00422789 -0.000148893 0.00206253 0.00313326
internal_weight=59814.8 11510.5 8825.42 2685.04 2057.66 1784 7677.73 3770.21 3907.52 2811.6 676.682 1095.92 1314.55 1066.69
internal_count=737204 186858 128371 58487 47523 31358 117284 44279 73005 36514 9177 36491 20874 16951
is_linear=0
shrinkage=0.03


Tree=152
num_leaves=15
num_cat=0
split_feature=21 24 35 21 19 32 27 12 16 19 6 26 6 5
split_gain=6.74107 9.31767 6.2125 12.5136 12.8408 11.4446 7.86856 7.76412 7.10912 8.24019 6.86104 8.34179 6.79297 6.77796
threshold=0.96153846153846168 0.18731317178509049 6.5000000000000009 0.13819628647214857 -1.0651388888888886 0.069570209154894438 190.50000000000003 52.050000000000004 78.550000000000011 -1.4391414141414101 0.57518796992481214 -0.032975194269113543 0.22649572649572652 10.500000000000002
decision_type=10 10 2 8 10 2 10 10 10 10 2 10 2 2
left_child=2 -2 13 4 5 6 -4 -8 -7 10 12 -12 -10 -1
right_child=1 -3 3 -5 -6 8 7 -9 9 -11 11 -13 -14 -15
leaf_value=4.3059399809582626e-05 -0.0063271709839304979 -0.0001376260153114833 -0.0057172253376628771 -0.0026183732168086073 0.0020721367782976178 -0.0017580264189455833 -0.0070357435146512571 0.003436992784286096 -9.9288476134260634e-07 -0.0057834340334008459 -0.0034150043534389796 0.0057040567194985249 0.0090662073874577358 0.0015580565026061261
leaf_weight=50225.108619505307 310.87903699022718 562.17255667224526 597.44417512614746 2277.1673887657234 1707.5618974808604 644.16185477620456 37.865388742065988 184.17617126263212 105.26647788379341 50.287048891885206 183.93151244008914 97.043561570346355 203.21076393791009 2756.4860685346648
leaf_count=436950 2790 3690 41644 90442 55931 37843 4072 12221 4446 1691 7401 5016 8621 25786
internal_value=-2.10276e-05 -0.00256496 1.87094e-05 -0.000884862 0.000171462 -0.00138382 -0.00404253 0.000686158 0.000401091 0.00254498 0.00365215 0.000120455 0.00640349 0.000123275
internal_weight=59942.8 873.052 59069.7 6088.12 3810.95 2103.39 819.486 222.042 1283.9 639.739 589.452 280.975 308.477 52981.6
internal_count=738544 6480 732064 269328 178886 122955 57937 16293 65018 27175 25484 12417 13067 462736
is_linear=0
shrinkage=0.03


Tree=153
num_leaves=15
num_cat=0
split_feature=14 9 13 27 17 28 29 29 25 28 9 11 34 7
split_gain=6.0149 7.42404 6.99567 5.97735 12.1155 11.5345 11.1308 11.6064 11.099 7.53556 7.79073 7.41972 7.23342 7.52132
threshold=44.150000000000013 76.500000000000014 41.050000000000004 -114.49999999999999 79.232272727272743 1.0000000180025095e-35 0.12666736387087782 0.14830109589527721 0.19158553224718414 4.2500000000000009 51.500000000000007 22.500000000000004 -0.010075647037326137 6.5000000000000009
decision_type=8 2 10 8 10 10 8 10 10 10 2 2 2 10
left_child=1 -1 -3 4 5 6 -2 8 -8 10 11 -6 13 -7
right_child=3 2 -4 -5 9 12 7 -9 -10 -11 -12 -13 -14 -15
leaf_value=-0.0013727101933427896 -0.0012218561663940948 -0.0039834700370134733 0.0062276747557828008 1.8046631626525191e-05 0.0044530931811169686 0.0012751292806993538 0.0074983557647108796 -0.0010737720714825091 -0.0035606154582339452 -0.0035153689889824368 6.3321807535961331e-05 -0.0026718506362652561 -0.003466198892457981 -0.0060694621828701863
leaf_weight=233.57282985257916 2704.7181044698227 35.744137098896317 365.69750738143921 49593.676204982214 829.71350053325295 628.55260100471787 387.2604619958438 402.31420471938327 68.952363621909171 267.76732181059197 1550.3070057055447 120.44682553131133 2575.1010565758916 103.97067013208289
leaf_count=4520 47915 1499 7721 593350 8621 8514 4847 4014 561 2963 17545 1926 32254 1782
internal_value=-8.2856e-05 0.00271236 0.00497798 -0.000115085 -0.000796612 -0.00146871 -0.000275752 0.00260808 0.0056403 0.000868027 0.00139714 0.00346148 -0.00273062 -8.85301e-05
internal_weight=59867.8 635.014 401.442 59232.8 9639.1 6870.87 3563.25 858.527 456.213 2768.23 2500.47 950.16 3307.62 732.523
internal_count=738032 13740 9220 724292 130942 99887 57337 9422 5408 31055 28092 10547 42550 10296
is_linear=0
shrinkage=0.03


Tree=154
num_leaves=15
num_cat=0
split_feature=35 27 29 17 28 26 8 33 21 15 24 19 32 33
split_gain=8.40854 8.73529 9.82442 7.86619 5.6084 9.75269 8.3812 8.36154 8.18507 8.112 7.98414 7.55769 7.3771 7.31537
threshold=7.5000000000000009 200.50000000000003 0.078374059216292175 63.624264705882361 0.75000000000000011 -0.060978260984836025 1.0000000180025095e-35 42.500000000000007 0.30901856763925734 85.116666666666688 0.2893942973343962 8.4694444444444432 0.14359026612949585 2505.5000000000005
decision_type=2 10 10 10 10 10 2 2 10 10 10 10 2 2
left_child=4 -2 -3 -4 5 7 -7 10 -6 -9 -1 -10 -11 -14
right_child=1 2 3 -5 8 6 -8 9 11 12 -12 -13 13 -15
leaf_value=0.001038122265208573 -0.0019987685195667856 -0.0031120201377372093 -0.0030171845656152378 0.0070994188100497657 -0.00010873629597343016 0.0095339481652077038 0.0008776781099263315 -0.00047593911782071812 -0.0026624258349801787 0.002956099268993124 0.007422824996526467 0.0013947571497595107 -0.0016323544264121297 0.003611189361133377
leaf_weight=2391.8726757175755 3145.4289362016134 167.32407229440287 58.711442611762322 254.70845700148493 16905.541349451523 52.087390094064176 12567.422773672966 19176.36844196124 2117.2667615264654 1211.291581897065 143.2895397413522 477.16920307837427 907.6657586582005 269.64060108549893
leaf_count=25310 172411 11425 4921 11505 154759 426 143028 175228 16377 10116 1031 2498 6878 2064
internal_value=-3.20654e-05 -0.00142213 0.0021836 0.00504994 5.87778e-05 0.000277022 0.000950892 -7.70732e-05 -0.000351847 -0.000269769 0.00153558 -0.00190397 0.00136125 -0.000333223
internal_weight=59845.8 3626.17 480.744 313.42 56219.6 36719.6 12619.5 24100.1 19500 21565 2535.16 2594.44 2388.6 1177.31
internal_count=737977 200262 27851 16426 537715 364081 143454 220627 173634 194286 26341 18875 19058 8942
is_linear=0
shrinkage=0.03


Tree=155
num_leaves=15
num_cat=0
split_feature=4 10 13 19 21 24 5 35 34 12 16 31 18 13
split_gain=8.55071 8.49612 9.38998 8.94781 7.81661 7.55795 5.99681 9.28337 7.20659 8.48418 8.32223 11.875 10.5752 9.33508
threshold=3.3535714285714282 35.500000000000007 86.450000000000017 4.1833333333333274 0.17883795309168446 0.085047007918502879 8.5000000000000018 11.500000000000002 0.028813099646713025 61.550000000000004 81.750000000000014 -0.012769728200835885 -0.56666666666665566 73.550000000000011
decision_type=2 2 10 10 10 10 2 2 2 8 8 8 10 10
left_child=6 4 -3 -4 5 -2 -1 8 9 -8 11 12 -11 -13
right_child=1 2 3 -5 -6 -7 7 -9 -10 10 -12 13 -14 -15
leaf_value=-7.9050137484782751e-05 0.0042484085159638562 -0.0029828432928199538 -0.0045907649834541642 0.0038308969308576898 0.0072306706970091993 -0.0057098279865162097 0.0039913863565056648 -0.0064780308985153065 0.0041633402428769839 0.0070205381823961206 0.0011613642840252872 -0.00020691259835980014 -0.0045622760811684674 -0.0038228466193300577
leaf_weight=47851.95813014044 79.485598309431225 2148.6017216758337 110.89311649929732 354.87602613400668 130.74216356431134 99.154440411366522 586.25034634943586 107.67563746694941 515.04635336529464 238.40079664438963 4850.0465712451842 1918.0689454823732 55.913121712394059 921.01385754602961
leaf_count=568826 904 17979 1425 2604 1097 725 18186 12523 6697 4570 62726 29264 465 10613
internal_value=-2.57155e-05 -0.00159405 -0.00215648 0.00157515 0.00279744 -0.00131883 5.59937e-05 0.000755601 0.000876326 0.000655769 0.000387506 -0.000809742 0.00447709 -0.0014258
internal_weight=59968.1 2923.75 2614.37 465.769 309.382 178.64 57044.4 9192.42 9084.74 8569.69 7983.44 3133.4 294.314 2839.08
internal_count=738604 24734 22008 4029 2726 1629 713870 145044 132521 125824 107638 44912 5035 39877
is_linear=0
shrinkage=0.03


Tree=156
num_leaves=15
num_cat=0
split_feature=31 12 17 23 14 34 2 30 7 16 21 23 24 19
split_gain=9.03017 10.9128 12.1092 8.34469 11.0495 8.70066 8.16698 7.97076 7.93164 7.88561 7.7475 11.5002 8.51606 7.95746
threshold=-0.0091626863737572749 57.350000000000001 86.434313725490213 1.5850000000000002 49.350000000000001 0.014822329912978003 7.5000000000000009 73.500000000000014 5.5000000000000009 79.65000000000002 0.96153846153846168 -0.14499999999999999 0.18731317178509049 -6.0097222222222149
decision_type=10 8 10 10 8 2 10 8 10 10 10 8 10 10
left_child=1 6 7 8 5 -5 -1 9 10 -3 11 13 -12 -2
right_child=3 2 -4 4 -6 -7 -8 -9 -10 -11 12 -13 -14 -15
leaf_value=-0.0053791683506699299 -0.0050806917570096677 -0.00018044869038217538 -0.0049130168100044403 0.0056894386258433613 0.00032776775701927059 -0.0028224166064682674 0.0048731825859145757 -0.00072706532858702699 -0.001743084304525275 0.004639213395632398 -0.0069565459285281699 -0.00046661881674659486 -0.0004709115099335874 0.0014717420064458368
leaf_weight=630.72398414055351 124.83077492751181 704.48659286368638 504.23283560015261 524.80380697711371 28974.92827399337 100.8183397280518 39.200457967002876 6685.0337782048155 3133.1321815634146 484.70008007227443 255.2667153198272 12516.093016921892 471.80269647343084 4689.4453138601966
leaf_count=17465 2669 10425 5520 13241 393469 1926 1329 90818 33107 5411 2181 118971 3042 37959
internal_value=-6.4096e-05 -0.000934492 -0.000625895 9.17306e-05 0.000416791 0.0042104 -0.00448247 -0.000322097 -0.00036225 0.00189192 -0.00011851 1.28538e-05 -0.00304905 0.00125136
internal_weight=59839.5 9048.38 8378.45 50791.1 29600.6 625.622 669.924 7874.22 21190.6 1189.19 18057.4 17330.4 727.069 4814.28
internal_count=737533 130968 112174 606565 408636 15167 18794 106654 197929 15836 164822 159599 5223 40628
is_linear=0
shrinkage=0.03


Tree=157
num_leaves=15
num_cat=0
split_feature=35 29 0 17 31 24 15 15 33 31 17 24 28 11
split_gain=5.42159 8.31688 5.96905 7.5648 8.83589 5.81994 7.13674 9.59988 9.7637 9.3414 7.74222 6.86118 8.78305 6.61918
threshold=1.5000000000000002 0.22894840492367083 6.5000000000000009 71.03397435897439 -0.0076985496657497529 0.23758899571416142 65.216666666666683 80.0416666666667 50.500000000000007 0.011639076854939966 72.702173913043495 0.21776329776495332 0.75000000000000011 2.5000000000000004
decision_type=2 10 2 8 10 10 10 10 2 10 10 10 10 2
left_child=2 5 3 4 -1 11 -7 8 10 13 -8 -2 -13 -10
right_child=1 -3 -4 -5 -6 6 7 -9 9 -11 -12 12 -14 -15
leaf_value=-0.0040836510755272093 -0.00021964695911114271 0.0053253705631124762 0.00058296765340785483 -0.0024479152837031787 0.0041262249146509023 0.0029837877153239341 0.0074877098690744421 4.898314456831503e-05 -4.8381453814711521e-05 0.00054769086786248997 -0.0020115265822336194 0.00028263746158719991 0.0057532958753175123 -0.004884401008405044
leaf_weight=121.33340312540531 36673.390302346757 190.23994448594749 15157.323668450117 1257.0090375393629 353.60092900693417 291.16438043513335 100.29868974594865 1972.2810355455149 300.91698895976879 455.70726822130382 125.25313245342113 816.82716635917313 344.3345978888683 1646.3370760160033
leaf_count=553 594080 1705 72055 5428 1561 3687 1142 18778 2882 4201 1333 9146 3473 17146
internal_value=-6.31046e-05 -0.000242253 0.000391493 -0.00125356 0.00183963 -0.000273238 -0.00124155 -0.00153816 -0.00270774 -0.0032718 0.0028048 -0.000146563 0.00207546 -0.00415699
internal_weight=59806 42916.8 16889.3 1731.94 474.934 42726.5 4891.96 4600.79 2628.51 2402.96 225.552 37834.6 1161.16 1947.25
internal_count=737170 657573 79597 7542 2114 655868 49169 45482 26704 24229 2475 606699 12619 20028
is_linear=0
shrinkage=0.03


Tree=158
num_leaves=15
num_cat=0
split_feature=29 31 3 23 15 22 15 22 29 16 14 21 12 4
split_gain=8.94036 8.30455 13.2509 7.02321 6.8628 6.68206 6.35763 6.25431 5.92048 5.82138 5.68024 5.54179 9.6325 10.5549
threshold=0.05188855515022843 -0.02208667837985195 55.750000000000007 8.3050000000000015 72.241666666666688 8.5000000000000018 70.158333333333346 4.5000000000000009 0.04846074869688833 87.550000000000011 70.250000000000014 0.13667496886674971 88.550000000000011 1.5732142857142863
decision_type=10 8 2 8 10 10 10 8 8 10 8 10 10 2
left_child=1 2 7 4 -3 6 -4 -1 9 10 -6 12 -2 -14
right_child=11 3 5 -5 8 -7 -8 -9 -10 -11 -12 -13 13 -15
leaf_value=0.011477285770609212 0.00010405936682055385 -6.0836744622444513e-05 -0.0064972474986221048 -0.0070719829772297928 0.0017829336258398706 0.0048650108339304016 0.00083227649592518727 0.00086473256517580665 0.00056867863025465725 0.0008255867611402782 -0.0098387514343406327 -0.00041883205510477795 0.0050879535882560672 -0.0018476324308850569
leaf_weight=71.360160604584962 34817.332617112901 684.39038915210404 208.46164086693898 295.15233834926039 27.921463255770504 60.183666684781201 163.85434709209949 100.08665368694346 130.85458362009376 65.869907743763179 221.15720423753373 22084.718099623919 645.63095464091748 245.63359061861411
leaf_count=1047 455178 15911 3381 11567 394 1404 1893 2802 1710 929 3229 228976 6680 2305
internal_value=-0.000115377 -0.0020481 0.000852381 -0.00326432 -0.00201246 -0.00200054 -0.00355493 0.00687601 -0.00470027 -0.0066674 -0.0084557 -4.5802e-05 0.000185169 0.00317989
internal_weight=59822.6 2029.29 603.946 1425.35 1130.19 432.5 372.316 171.447 445.803 314.949 249.079 57793.3 35708.6 891.265
internal_count=737406 44267 10527 33740 22173 6678 5274 3849 6262 4552 3623 693139 464163 8985
is_linear=0
shrinkage=0.03


Tree=159
num_leaves=15
num_cat=0
split_feature=16 14 23 6 2 13 12 13 30 27 21 23 32 27
split_gain=7.7777 7.05444 9.24498 7.29457 7.02949 6.90935 8.53775 6.76133 6.09458 9.87276 8.49577 7.6889 7.61198 7.5247
threshold=60.350000000000001 49.350000000000001 1.1950000000000001 0.85357142857142865 7.5000000000000009 55.550000000000004 69.250000000000014 34.95000000000001 1786.5000000000002 160.50000000000003 0.35388994307400384 7.0050000000000008 0.057782794080762485 212.50000000000003
decision_type=8 8 10 2 10 10 10 8 10 8 10 10 2 10
left_child=4 2 3 -2 -1 -4 -7 -3 -9 -10 11 12 -11 -13
right_child=1 7 5 -5 -6 6 -8 8 9 10 -12 13 -14 -15
leaf_value=-0.0041772381646146411 -0.0051650596002359665 0.0047257296554095302 -0.00094731323225168585 0.00493883737816908 0.00463604892810663 0.0078502459384586516 0.00042340522654722669 0.00017168184664399346 -0.0010406028496530995 0.006126832483541904 0.0050057182722065075 -0.0011278848908161292 -0.00041199763462701662 0.0083331688919720381
leaf_weight=578.11632218398154 173.45579753816128 223.097155676689 182.24782233231235 45.612210298189893 51.613353852415457 384.6892053965712 213.78372474643402 43472.376892661181 10230.118884503026 117.76741296774708 322.65460234996863 105.40706049185246 3524.0052935972344 147.39387593918946
leaf_count=22013 1921 4510 5797 518 2215 8682 2880 528840 110799 2295 2582 2205 37877 3116
internal_value=2.38196e-05 6.04408e-05 0.00249778 -0.00253449 -0.003167 0.00397738 0.00543447 1.64196e-05 -5.78024e-06 -0.000538518 0.000677358 0.00025986 -0.00012043 0.00485347
internal_weight=59772.3 59142.6 999.789 219.068 629.73 780.721 598.473 58142.8 57919.7 14447.3 4217.23 3894.57 3641.77 252.801
internal_count=736250 712022 19798 2439 24228 17359 11562 692224 687714 158874 48075 45493 40172 5321
is_linear=0
shrinkage=0.03


Tree=160
num_leaves=15
num_cat=0
split_feature=8 8 30 23 30 5 30 19 13 30 33 22 14 23
split_gain=10.0526 23.3634 10.8625 9.85768 7.75514 7.9068 10.1819 7.66987 12.5803 7.67752 7.09558 6.71502 7.79295 13.8473
threshold=1.5000000000000002 1.0000000180025095e-35 2358.5000000000005 2.3850000000000002 2913.5000000000005 8.5000000000000018 1416.5000000000002 12.078977272727284 88.050000000000011 2056.5000000000005 584.50000000000011 6.5000000000000009 51.150000000000013 8.2050000000000018
decision_type=2 2 10 8 8 2 10 10 8 10 2 10 10 10
left_child=1 3 -3 -1 5 6 -5 11 -9 -10 -8 -2 13 -13
right_child=7 2 -4 4 -6 -7 10 8 9 -11 -12 12 -14 -15
leaf_value=0.0072548042075147945 -6.9128450532902306e-05 -0.0060242987090790975 -0.00032652941061456014 -0.001371692542300624 -0.0040570287781347102 0.0030773419346606348 -0.0016244464230181302 0.0031199330005922182 -0.0034976485866037785 0.0043072953117909221 0.0042109922711890098 0.0042804510154927445 0.00039712464723415175 -0.00077218830112324823
leaf_weight=111.86132979788817 38747.694454762503 993.62685266439803 431.66331154294312 2574.366131037008 391.23950303718448 633.10303268581629 241.51928761834279 1742.5175669109449 466.86037054471672 99.780638627707958 545.57307164906524 1258.963425551774 10859.812592310191 757.14521739399061
leaf_count=795 411175 13256 4599 34680 4272 11115 3685 9248 2572 496 5567 23733 187876 24718
internal_value=7.57285e-05 -0.00109218 -0.00436822 -1.74012e-05 -0.000282566 0.0001327 -0.000458873 0.000204882 0.00187774 -0.00188545 0.00243031 0.00012831 0.000720432 0.00241018
internal_weight=59855.7 5922.95 1425.29 4497.66 4385.8 3994.56 3361.46 53932.8 2309.16 566.641 787.092 51623.6 12875.9 2016.11
internal_count=737787 77969 17855 60114 59319 55047 43932 659818 12316 3068 9252 647502 236327 48451
is_linear=0
shrinkage=0.03


Tree=161
num_leaves=15
num_cat=0
split_feature=24 20 19 33 5 16 30 7 7 26 7 3 6 30
split_gain=7.83582 6.88127 9.1176 7.80176 7.01927 14.3736 8.56567 8.47564 7.69351 13.0251 7.58663 7.81026 7.93556 9.98865
threshold=0.0054366142749726282 345.50000000000006 7.4627314814814847 355.50000000000006 9.5000000000000018 73.250000000000014 1354.5000000000002 4.5000000000000009 8.5000000000000018 -0.013528001549293388 4.5000000000000009 59.250000000000007 0.9110671936758894 139.50000000000003
decision_type=8 10 10 2 2 10 8 10 10 10 10 2 2 10
left_child=-1 4 -3 -4 8 6 7 -6 -2 -10 11 12 -7 -14
right_child=1 2 3 -5 5 10 -8 -9 9 -11 -12 -13 13 -15
leaf_value=-0.0051433186244724243 -2.2651269260787597e-05 -0.0066256519919164758 -0.0035367352986188133 0.0076791007127036898 0.0070012171040313631 -0.0034214028802148568 -0.00020414148777882804 -0.0010356250863590118 -0.0051309860356821523 0.0045063895674457653 0.0016157422792570306 0.0025821188863127194 -0.0073320389932501218 0.00093293273728051879
leaf_weight=215.86118436302058 52593.982968157856 255.71780062990729 72.243634257931262 57.94388327980414 639.24795018241275 981.52385835745372 301.74860662186984 128.22848801175132 535.06423501065001 119.28193336632103 2198.3599660247564 482.38388910004869 96.717296603834257 1227.9928292981349
leaf_count=8294 613465 6023 788 454 14304 12511 6064 4314 9707 2780 39625 4613 1184 13989
internal_value=-4.40412e-06 1.84691e-05 -0.00373708 0.00220087 4.60347e-05 0.00100945 0.00408246 0.00567722 -6.4384e-05 -0.00317899 0.000316605 -0.000717968 -0.00144838 8.47774e-05
internal_weight=59906.3 59690.4 385.905 130.188 59304.5 6056.2 1069.23 767.476 53248.3 654.346 4986.98 2788.62 2306.23 1324.71
internal_count=738115 729821 7265 1242 722556 96604 24682 18618 625952 12487 71922 32297 27684 15173
is_linear=0
shrinkage=0.03


Tree=162
num_leaves=15
num_cat=0
split_feature=20 34 22 16 4 25 14 18 14 23 27 13 26 25
split_gain=8.77351 8.48148 6.91676 10.0431 8.53629 14.3895 12.2546 8.15287 8.98618 7.67074 10.3457 7.55027 10.2362 9.92702
threshold=6.5000000000000009 -0.0095312833176008169 6.5000000000000009 79.350000000000009 1.4128787878787856 0.17170292990822969 45.750000000000007 -10.866666666666669 68.050000000000011 2.2950000000000004 196.50000000000003 79.450000000000017 -0.040524781957953886 0.0877782223662774
decision_type=8 2 10 8 2 10 8 10 8 10 10 10 10 10
left_child=1 -1 3 4 7 6 -6 -2 -9 10 -4 -11 13 -13
right_child=2 -3 9 -5 5 -7 -8 8 -10 11 -12 12 -14 -15
leaf_value=-0.0017975208498445293 -0.0022297115042865076 0.0042066134586392703 0.0079301435027115293 0.00011383838025559594 0.0069747973972262463 0.0015911124973313345 -0.0038210716116714497 0.0013584841180971513 -0.00072966947092857615 0.00096622354714786802 -0.0032146466900810815 -0.0039665072387820429 -0.0029633483112116326 0.0010859615242337782
leaf_weight=251.99545960174873 1853.5503478825558 782.66922438424081 216.35931096971035 32467.279357092921 54.158498774049804 635.40088264551014 2185.1315772086382 2692.1061252059881 5682.1612535964232 9008.0324318524217 72.640466585755348 358.06207943195477 1119.0249556289054 2422.8153472465929
leaf_count=3546 46624 9192 2637 326256 786 4454 21949 28364 56263 185451 931 5287 18275 27580
internal_value=5.52846e-05 0.00272884 5.93346e-06 -0.000169306 -0.000868687 -0.0022989 -0.00341333 -0.000457475 -5.43045e-05 0.0006094 0.00506791 0.000490407 -0.000606959 0.000376845
internal_weight=59801.4 1034.66 58766.7 45569.8 13102.5 2874.69 2239.29 10227.8 8374.27 13196.9 289 12907.9 3899.9 2780.88
internal_count=737595 12738 724857 484696 158440 27189 22735 131251 84627 240161 3568 236593 51142 32867
is_linear=0
shrinkage=0.03


Tree=163
num_leaves=15
num_cat=0
split_feature=21 18 4 4 8 8 14 31 13 0 32 13 17 32
split_gain=10.0553 9.59675 8.26682 7.32405 7.10303 11.6988 6.65719 6.57374 9.6827 8.56622 8.04477 11.287 14.3822 9.52578
threshold=0.13819628647214857 -28.93333333333333 -3.1485294117647054 3.7113095238095224 1.5000000000000002 1.0000000180025095e-35 42.150000000000013 0.0056775694293360211 51.050000000000004 12.500000000000002 0.1345657107308397 85.750000000000014 80.567261904761935 0.13272714454186538
decision_type=10 8 2 2 2 2 8 8 10 2 2 10 10 2
left_child=1 -1 -2 6 5 -4 -3 -6 -9 10 11 12 13 -10
right_child=2 3 4 -5 7 -7 -8 8 9 -11 -12 -13 -14 -15
leaf_value=-0.0054803170416159452 0.0031100410417387509 0.0043245123318504585 0.0042864064225603205 -0.0023723298052499503 -0.00089655321204427354 -0.0058518026249146701 0.00041242002888561323 -0.0043586921003323535 0.00073460648801752066 0.0027270420747339411 -0.00098557111614724349 0.0042291683857762583 -0.0039319098869691526 0.0094330664103927618
leaf_weight=202.33533852000255 523.17352784355171 346.46123531018384 91.284451761981472 794.3698051252868 12439.972426782711 428.35551838437095 36112.267831873294 355.95313112251461 2335.1164924642071 1156.1680337365251 3682.733055095654 716.51542390114628 572.26297342404723 69.943883039057255
leaf_count=12939 7047 6643 745 6874 139168 4361 477437 3086 24165 14598 28337 6285 5433 624
internal_value=5.26605e-05 0.000353083 -0.000449988 0.00039207 -0.000542142 -0.00385092 0.000455468 -0.000452711 0.00017 0.000383211 -3.66735e-08 0.000982575 0.000144312 0.00117454
internal_weight=59826.9 37455.4 22371.5 37253.1 21848.3 519.64 36458.7 21328.7 8888.69 8532.74 7376.57 3693.84 2977.32 2405.06
internal_count=737742 503893 233849 490954 226802 5106 484080 221696 82528 79442 64844 36507 30222 24789
is_linear=0
shrinkage=0.03


Tree=164
num_leaves=15
num_cat=0
split_feature=20 32 28 8 8 1 7 32 2 32 3 12 24 33
split_gain=6.89085 7.85232 6.62289 10.5623 14.1951 8.7244 12.812 7.8606 9.8671 9.71978 7.48687 7.86136 7.24178 7.94536
threshold=341.50000000000006 0.14740194605148546 -1.0000000180025095e-35 1.5000000000000002 1.0000000180025095e-35 1437.5000000000002 8.5000000000000018 0.054564838146927711 8.5000000000000018 0.15115295994328254 63.250000000000007 58.150000000000013 0.031393172032054877 330.50000000000006
decision_type=10 2 10 2 2 2 10 2 10 2 2 10 8 2
left_child=2 -2 7 4 -4 6 10 8 -1 -9 -5 -12 -11 -14
right_child=1 -3 3 5 -6 -7 -8 9 -10 12 11 -13 13 -15
leaf_value=-0.0023098272414402939 -0.0058294822563836274 0.0026724246667354451 0.0053007656677647738 0.00022307789415016926 -0.0043285053871917629 -0.00079578299270506342 -0.0059241595549139586 0.00092683990645237935 0.0064315053789982708 0.0051363979040884803 -0.0024779748974067661 0.0059386766905916381 0.0011679098346838853 -0.0014567045848937832
leaf_weight=1391.6925448831171 304.15398758649826 101.37569692451507 116.56986093730666 22473.839641937753 944.68273097684141 11142.005957696267 251.2201142446138 17282.530591972172 78.445257656043395 145.83713916828856 102.44587769685313 343.5584105248563 1383.851296937326 3763.8543450655416
leaf_count=34734 6555 1074 1005 255214 11197 127120 4717 242562 1861 2311 1155 2580 12497 32751
internal_value=3.1665e-05 -0.0036441 5.97938e-05 -0.000201257 -0.0030799 -0.000107873 0.000223915 0.000443446 -0.0016472 0.000582926 0.000304052 0.00395049 -0.000538061 -0.000746685
internal_weight=59826.1 405.53 59420.5 35374.3 1061.25 34313.1 23171.1 24046.2 1470.14 22576.1 22919.8 446.004 5293.54 5147.71
internal_count=737333 7629 729704 402988 12202 390786 263666 326716 36595 290121 258949 3735 47559 45248
is_linear=0
shrinkage=0.03


Tree=165
num_leaves=15
num_cat=0
split_feature=4 21 14 10 6 11 23 14 17 29 29 23 34 12
split_gain=6.757 11.1184 7.82225 10.7891 7.24577 9.57143 8.59494 7.46277 7.14782 8.79093 11.2707 9.86711 7.36729 6.79299
threshold=-3.1485294117647054 0.075134408602150551 57.650000000000013 127.50000000000001 0.78174603174603186 4.5000000000000009 9.8050000000000015 52.550000000000004 72.702173913043495 0.15001595921257341 0.10010309552278465 10.405000000000003 -0.00515378387121849 72.050000000000011
decision_type=2 10 8 2 2 2 10 10 8 8 10 10 2 10
left_child=1 2 -1 -4 -2 8 -7 -8 9 10 12 -12 13 -6
right_child=4 -3 3 -5 5 6 7 -9 -10 -11 11 -13 -14 -15
leaf_value=0.0054349296139238387 -0.00019335469309175724 0.0040995366941637698 0.003094962102755843 -0.0043117548077457298 0.0017295637978486608 -0.00020072829547411835 -0.0049184595128062246 0.0044528776715195171 0.00089037059939735274 -0.0020858183093393624 0.0087273379381404854 -0.0029441807627268901 -0.00070598152199661309 0.011808632023389552
leaf_weight=109.03285893669818 43422.317946691881 897.00766792276409 223.5401625308441 477.11199289129581 210.73650436173193 9209.2545537778642 45.90828739234712 543.53305277158506 3484.1638983796583 196.41027080803178 475.57884939888027 49.945742116542533 453.30194795201533 49.045261191902682
leaf_count=3778 516000 14747 5063 10539 5474 112286 1617 11598 36481 1974 6475 1308 9667 653
internal_value=5.70665e-05 0.00189017 -0.000653552 -0.00189992 1.67829e-06 0.000575793 3.17417e-05 0.00339548 0.00164828 0.00339653 0.00431308 0.00745867 0.00165805 0.00523126
internal_weight=59846.9 1706.69 809.685 700.652 58140.2 14717.9 9798.7 589.441 4919.18 1435.02 1238.61 525.525 713.084 259.782
internal_count=737660 34127 19380 15602 703533 187533 125501 13215 62032 25551 23577 7783 15794 6127
is_linear=0
shrinkage=0.03


Tree=166
num_leaves=15
num_cat=0
split_feature=23 20 2 23 4 26 1 17 33 33 32 32 20 14
split_gain=9.73159 13.0835 8.52285 9.68025 11.8314 7.84812 7.8753 7.69172 7.13735 6.59307 12.0645 8.03686 6.45039 6.17932
threshold=-0.99499999999999988 11.500000000000002 3.5000000000000004 -2.5249999999999995 1.113247863247864 0.8172386007530742 1499.0000000000002 71.900806451612922 68.500000000000014 3399.5000000000005 0.17239598780050555 0.17934611831640024 56.500000000000007 87.250000000000014
decision_type=8 10 10 10 2 10 2 10 2 2 2 2 10 10
left_child=1 8 7 4 -4 6 -5 -3 -1 13 -11 12 -12 -2
right_child=9 2 3 5 -6 -7 -8 -9 -10 10 11 -13 -14 -15
leaf_value=-0.0023742684387954801 -0.00022208227254184344 0.001840538154058912 -0.0038577187390566757 0.0051330614137830421 0.0029522445462552395 6.7430154134111934e-06 8.8352725907174076e-05 -0.0040291822097541004 0.0066182537240157789 -0.0028135722651304517 0.0059852603817604454 -0.0026134890765721029 -0.0026464941582203007 0.0010234415287241538
leaf_weight=67.441628546919674 49132.13224522557 270.68756697024219 544.34462208440527 969.05324027780443 328.57600443949923 785.77842825883999 385.69089803565294 531.72143163438886 477.93302224669605 1928.9751457690727 315.21684857481159 189.18756443355232 67.97779737599194 3817.417603610782
leaf_count=541 638704 2179 4125 7143 2009 7822 2871 3723 3661 18920 2629 1613 623 40764
internal_value=-9.55939e-05 0.00126073 0.000606905 0.00133831 -0.00127331 0.0024081 0.00375112 -0.00205726 0.00540022 -0.000203309 -0.00169299 0.00200612 0.00432529 -0.000131405
internal_weight=59812.1 4361.23 3815.85 3013.44 872.921 2140.52 1354.74 802.409 545.375 55450.9 2501.36 572.382 383.195 52949.5
internal_count=737327 34074 29872 23970 6134 17836 10014 5902 4202 703253 23785 4865 3252 679468
is_linear=0
shrinkage=0.03


Tree=167
num_leaves=15
num_cat=0
split_feature=11 11 30 13 34 20 29 2 13 30 29 8 24 9
split_gain=5.96362 8.49851 12.5479 8.75771 11.5695 11.5933 9.18696 10.349 8.42336 8.71027 8.22227 8.60961 9.49023 9.031
threshold=31.500000000000004 16.500000000000004 1944.5000000000002 70.750000000000014 -0.00045631780127589576 32.500000000000007 0.11622966136055142 4.5000000000000009 87.250000000000014 2913.5000000000005 0.13397714155805174 2.5000000000000004 0.047956576276306485 44.500000000000007
decision_type=2 2 8 10 2 10 10 8 10 10 8 2 10 2
left_child=1 -1 3 4 5 -3 7 -6 -4 -10 11 -2 13 -13
right_child=10 2 8 -5 6 -7 -8 -9 9 -11 -12 12 -14 -15
leaf_value=3.1130034550600433e-05 0.0026660424947040269 0.00039523607335355558 -0.0037206679603111188 -0.0010639704455138071 -0.0021108282516748931 -0.0063272238330647742 0.0063169307283034524 0.0039910424887088618 0.0044917411905939179 -0.0037258137060594211 -0.0017002693517384022 0.0074205932516353259 -0.003616634791246806 -0.00272811856881797
leaf_weight=45767.28699908487 2268.1866890933597 1219.3325512068113 1830.9045183289563 5483.2312772246078 435.8195050280774 233.39920008729678 430.20325291878544 472.38019228342455 221.87660752749071 154.92628475674428 716.85188168380409 133.35970000154339 435.20390616799705 102.98188614752144
leaf_count=542170 36263 21370 24552 64238 7827 4931 4623 7903 2613 1842 7906 2837 5936 2676
internal_value=-6.8969e-05 -0.000145652 -0.000914009 -0.000370703 0.000985989 -0.000859398 0.00294783 0.00110557 -0.00289698 0.00107235 0.0010967 0.00179577 -0.0011247 0.00329426
internal_weight=59905.9 56249.4 10482.1 8274.37 2791.13 1452.73 1338.4 908.2 2207.71 376.803 3656.58 2939.73 671.545 236.342
internal_count=737687 682069 139899 110892 46654 26301 20353 15730 29007 4455 55618 47712 11449 5513
is_linear=0
shrinkage=0.03


Tree=168
num_leaves=15
num_cat=0
split_feature=8 8 12 4 13 28 26 32 26 12 17 26 8 32
split_gain=8.30838 22.7944 13.6604 10.9614 8.63579 7.33673 7.10368 7.00392 7.63423 6.65628 11.9644 12.014 9.21845 11.2044
threshold=1.5000000000000002 1.0000000180025095e-35 83.850000000000009 -0.05902777777777856 84.750000000000014 3.2500000000000004 -0.22210905892728891 0.13221803967665349 -0.0054368717410634504 86.550000000000011 80.114835164835185 0.83730574800354984 3.5000000000000004 0.1600041528239203
decision_type=2 2 10 2 8 10 10 2 10 10 10 10 2 2
left_child=1 2 -1 5 6 -2 -3 8 -7 12 -11 -12 13 -5
right_child=3 4 -4 9 -6 7 -8 -9 -10 10 11 -13 -14 -15
leaf_value=-0.00027243784281034625 0.00055668589901119168 0.0030683365570164062 0.0090138650996028375 -0.00033170614565223921 -0.0071721770589713027 0.0059212948176033328 -0.0034301192716429947 -0.0016012368648883086 -0.0033511027723643564 0.0050701947798564399 0.00087731573189971286 -0.0042510159198317918 -0.0013237156438294247 0.0017021077413365317
leaf_weight=4411.6738164599519 20713.668879201286 145.71766589791514 97.274251395370811 18407.926369466004 530.17184116062708 554.69791713892482 747.59225556824822 170.0658589520026 59.325095960404724 487.31412846897729 3550.780445426004 414.33096218528226 6884.3622433862183 2758.9177350024693
leaf_count=59416 306027 1083 746 213388 6445 7703 10322 1547 786 3752 30524 3727 70993 21888
internal_value=2.70916e-05 -0.00103376 2.4563e-05 0.000144482 -0.00427315 0.000669244 -0.00226363 0.00343112 0.00484055 -0.000203087 0.000868294 0.000295171 -0.000374384 -6.32293e-05
internal_weight=59933.8 5932.43 4508.95 54001.4 1423.48 21497.8 893.31 784.089 614.023 32503.6 4452.43 3965.11 28051.2 21166.8
internal_count=738347 78012 60162 660335 17850 316063 11405 10036 8489 344272 38003 34251 306269 235276
is_linear=0
shrinkage=0.03


Tree=169
num_leaves=15
num_cat=0
split_feature=31 32 26 21 22 33 23 31 1 25 27 7 27 32
split_gain=7.89246 10.2937 6.23093 5.84317 8.69396 9.16157 9.20821 8.22696 8.03335 11.5872 8.03011 7.44287 7.74823 7.88182
threshold=0.036304304861130579 0.064634635319889708 -0.29212079546469222 0.23368794326241138 10.500000000000002 147.50000000000003 8.6050000000000022 0.029607945273397007 1204.5000000000002 0.27243951196209704 67.500000000000014 7.5000000000000009 -86.499999999999986 0.04815269815269816
decision_type=10 2 8 10 10 2 10 8 2 10 10 10 10 2
left_child=3 -2 -3 7 5 -5 8 11 -7 -10 -9 -1 -13 -14
right_child=1 2 -4 4 -6 6 -8 10 9 -11 -12 12 13 -15
leaf_value=0.00017777068629939969 -0.0044213492813254185 0.010292245379825034 0.0024709170430854345 0.0012347460747150138 -0.0048871487968640392 -0.0001749831644571658 0.0046763810953460768 -0.0052709215990550352 -0.0013067092159842176 -0.0054344084046312443 0.0012431726697162903 -0.0045793337861336049 0.0048775031360624981 -0.0013560511616915302
leaf_weight=45315.83336764737 132.26321495813318 61.807502427138388 963.26045435084961 2045.9453883531969 383.4197122764308 3944.2892120715696 202.87928651855327 448.3126844469225 3499.7709955554456 707.58850653516129 234.10491266334429 543.22752401058096 164.81662494782358 1176.4817861497868
leaf_count=581527 1937 377 8768 21117 5424 34257 2853 4762 33193 4592 2543 11235 4520 20574
internal_value=-4.1658e-05 0.00235941 0.00339926 -9.09931e-05 -0.000720163 -0.000543897 -0.000984224 5.13083e-05 -0.00115276 -0.00205657 -0.00310393 0.000100163 -0.00172238 -0.000442323
internal_weight=59824 1157.33 1025.07 58666.7 10783.9 10400.5 8354.53 47882.8 8151.65 4207.36 682.418 47200.4 1884.53 1341.3
internal_count=737679 11082 9145 726597 101436 96012 74895 625161 72042 37785 7305 617856 36329 25094
is_linear=0
shrinkage=0.03


Tree=170
num_leaves=15
num_cat=0
split_feature=19 8 5 3 24 4 1 11 30 3 8 30 13 30
split_gain=5.8564 8.31276 8.0249 10.6194 10.5801 9.61447 8.25101 7.49958 8.47242 7.42168 8.03771 17.8457 9.11178 7.10348
threshold=7.8608585858585807 1.0000000180025095e-35 9.5000000000000018 60.750000000000007 0.085047007918502879 2.087121212121215 1702.0000000000002 16.500000000000004 1610.5000000000002 60.750000000000007 1.5000000000000002 1463.5000000000002 79.550000000000011 1842.5000000000002
decision_type=8 2 2 2 8 2 2 2 10 2 2 10 8 10
left_child=1 -1 3 5 -5 7 -4 8 -2 10 11 -3 -13 -9
right_child=2 9 6 4 -6 -7 -8 13 -10 -11 -12 12 -14 -15
leaf_value=0.0060535317984733699 -0.00037557963033350871 -0.0064453989032037711 0.0033657607789837913 -0.0015660094611642404 0.005333739759389511 -0.0018718033460128694 -0.0036085964651653831 0.0046027799350178518 0.0016406889063398872 -0.0016523462022526002 -2.9952059117423595e-07 0.0051749113317554954 -0.002237547058331622 -0.0029961031660057252
leaf_weight=144.43103793566115 6432.9342235632939 493.23938315361738 1319.5200267117471 255.56330656493083 635.94152968772687 1877.9720888291486 130.6387731959112 580.74793748278171 2590.3069654584397 2776.1204727948643 41976.971326955449 229.00010566483252 277.32148598949425 98.108029693365097
leaf_count=1404 59482 8366 13683 1701 3846 12308 1027 3714 20110 29384 574907 3426 3495 615
internal_value=2.65607e-05 -0.000137012 0.000564387 0.000313686 0.0033777 6.42925e-05 0.00263814 0.000446726 0.000209083 -0.000163141 -6.51361e-05 -0.00265825 0.00127876 0.00337439
internal_weight=59818.8 45897.1 13921.7 12471.6 891.505 11580.1 1450.16 9702.1 9023.24 45752.7 42976.5 999.561 506.322 678.856
internal_count=737468 620982 116486 101776 5547 96229 14710 83921 79592 619578 590194 15287 6921 4329
is_linear=0
shrinkage=0.03


Tree=171
num_leaves=15
num_cat=0
split_feature=5 16 27 10 9 13 16 16 34 15 18 17 19 34
split_gain=5.85251 12.7696 8.72569 14.5267 10.2102 14.4522 9.02197 8.54478 8.78926 13.7862 10.5657 7.925 7.89382 11.9791
threshold=9.5000000000000018 74.250000000000014 194.50000000000003 313.50000000000006 76.500000000000014 89.15000000000002 90.950000000000017 74.550000000000011 -0.0032843737804375333 67.641666666666694 -0.1416666666666728 58.365151515151531 -0.33939393939393975 -0.0071893259213830713
decision_type=2 10 10 2 2 8 10 8 2 10 10 8 10 2
left_child=7 -2 -3 4 6 -6 -4 8 12 10 -10 -9 -1 -14
right_child=1 2 3 -5 5 -7 -8 11 9 -11 -12 -13 13 -15
leaf_value=-0.0039557346034001101 0.0035907956999214397 -0.00049132048035571555 -0.0040671393042846747 0.010472932285711714 0.0064091669275449488 -0.0034440241206467152 0.005130790512529234 0.0060656459752748849 0.00054506815860826618 -0.0022537769800565839 0.0067161258157960911 6.9272104016744149e-05 0.00032193022909772403 -0.0046273069430191136
leaf_weight=1248.0046016958077 1221.383580077556 3746.4677136086393 381.25319476798177 124.27746515360195 401.05797501234338 153.46973992441781 77.634728328790516 149.24591197655536 2747.4018685428891 1658.4768213238567 226.12266754452139 45453.554875211208 1663.6631966661371 545.7064975919202
leaf_count=41033 27967 53674 5872 1738 6238 1916 1155 2832 56073 18553 1427 493942 18758 6195
internal_value=3.6196e-05 0.000912388 0.000212998 0.00245539 0.00102599 0.00362291 -0.00215981 -6.41953e-05 -0.000959616 -0.000100657 0.00111765 9.55184e-05 -0.00209256 -0.000975864
internal_weight=59797.7 6105.54 4884.16 1137.69 1013.42 554.528 458.888 53692.2 8089.38 4632 2973.52 45602.8 3457.37 2209.37
internal_count=737373 98560 70593 16919 15181 8154 7027 638813 142039 76053 57500 496774 65986 24953
is_linear=0
shrinkage=0.03


Tree=172
num_leaves=15
num_cat=0
split_feature=32 33 21 4 29 34 26 27 13 16 20 15 33 15
split_gain=7.66511 7.58273 9.29615 7.25358 6.39954 7.46072 7.29621 6.04817 5.76871 5.6577 16.9208 8.253 8.44528 8.32911
threshold=0.036227351467765352 3399.5000000000005 0.10923295454545455 -2.0477272727272715 0.04846074869688833 -0.017839510352135966 -0.052853238013463602 170.50000000000003 78.450000000000017 87.950000000000017 235.50000000000003 91.016666666666666 2168.5000000000005 88.616666666666688
decision_type=2 2 10 2 10 2 10 10 10 10 10 10 2 10
left_child=4 9 -3 -4 -1 6 -6 -5 -7 -2 11 13 -13 -11
right_child=1 2 3 7 5 8 -8 -9 -10 10 -12 12 -14 -15
leaf_value=-0.0076321754059235358 -4.8931530500060265e-05 0.00049386046787059745 0.0032793956847556025 -0.0046342072431570947 -0.0023864598373101857 -0.0057115087293881138 0.0042137352871090524 -8.638566144801647e-05 0.0046486387393787744 0.00080911860609991521 -0.0064339838947870404 -0.0020694024878850055 0.0036892741154842708 0.0032791458643497639
leaf_weight=137.83902765426319 43661.249623559299 1193.9974504844286 114.30738852685317 1088.9632466326002 259.54874956893036 305.81834203621838 247.24433394451626 344.77661123638973 17.926654290175065 9255.9360561789945 244.94575023720972 1352.1355961707886 226.77543443301693 1379.7509072551038
leaf_count=5347 552445 10922 1177 10022 4095 10056 6496 3251 289 103418 3392 12158 1937 12739
internal_value=-8.25775e-06 3.63562e-05 -0.00148963 -0.00298706 -0.00258876 -0.00136588 0.000922754 -0.00358034 -0.00459269 0.000112175 0.00067467 0.000842872 -0.00115444 0.0011434
internal_weight=59831.2 58862.8 2742.04 1548.05 968.377 830.538 506.793 1433.74 323.745 56120.8 12459.5 12214.6 1578.91 10635.7
internal_count=737744 711461 25372 14450 26283 20936 10591 13273 10345 686089 133644 130252 14095 116157
is_linear=0
shrinkage=0.03


Tree=173
num_leaves=15
num_cat=0
split_feature=20 13 16 32 17 20 4 32 28 31 6 18 19 7
split_gain=8.09117 6.56134 11.3069 10.2841 11.5586 7.58648 6.25406 8.40101 7.80469 12.6723 6.66148 13.0214 7.75543 7.18004
threshold=345.50000000000006 90.65000000000002 93.450000000000017 0.13178540763758281 85.50616698292221 104.50000000000001 1.9472222222222231 0.044830605712905376 4.2500000000000009 -0.011422175464989808 0.55277777777777792 -1.7333333333333127 -3.4066666666666552 3.5000000000000004
decision_type=10 10 10 2 10 10 2 2 10 10 2 10 10 10
left_child=1 6 3 -3 -5 -6 8 -8 -1 -10 13 12 -12 -11
right_child=-2 2 -4 4 5 -7 7 -9 9 10 11 -13 -14 -15
leaf_value=-4.2860188395583672e-05 -0.004155716415564374 0.0086626468608444335 0.00014725697477557226 -0.0036857595498502272 0.0074049871074938368 -0.0030048660231788123 0.0041539854709996757 -0.00094342707902612011 -0.0036879784817436261 -0.0016925813664450838 0.0049693390895538024 0.0061874607389779028 -0.0038174216122287491 0.0064601826939097093
leaf_weight=45379.635079433094 384.75573962857015 265.80875624879263 1843.5280043638777 190.11790832341649 205.57684751506895 53.072349088732153 251.19291481480468 9734.5477525249589 243.48888020659797 93.905585187254474 69.656599192181602 221.17776653449982 364.38485293416306 567.35883026849478
leaf_count=595679 7288 2736 17935 1686 1683 446 3826 88771 3010 838 1678 1504 4261 6245
internal_value=-7.79126e-05 -4.80682e-05 0.0014234 0.00449079 0.00139907 0.00512823 -0.000115384 -0.000795144 2.99175e-05 0.0020826 0.00324579 0.000979319 -0.00203963 0.00526482
internal_weight=59868.2 59483.5 2558.1 714.576 448.767 258.649 56925.3 9985.74 46939.6 1559.97 1316.48 655.219 434.041 661.264
internal_count=737586 730298 24486 6551 3815 2129 705812 92597 613215 17536 14526 7443 5939 7083
is_linear=0
shrinkage=0.03


Tree=174
num_leaves=15
num_cat=0
split_feature=4 6 24 20 15 14 13 12 24 32 28 12 10 13
split_gain=6.64419 9.21166 9.62392 6.89492 6.06757 7.43546 6.39821 7.99963 11.5055 9.69389 5.95095 8.03337 7.20467 8.73291
threshold=4.404545454545457 0.30217391304347835 0.090896757371273618 7.5000000000000009 45.583333333333343 45.750000000000007 55.550000000000004 71.550000000000011 0.18013287508048678 0.058408906180077998 -1.0000000180025095e-35 47.250000000000007 333.50000000000006 44.750000000000007
decision_type=2 2 10 10 8 8 10 10 10 2 10 8 2 8
left_child=4 2 -2 -3 -1 6 -6 8 9 -8 11 -7 13 -12
right_child=1 3 -4 -5 5 10 7 -9 -10 -11 12 -13 -14 -15
leaf_value=-0.0039648491837666108 -0.0037424277797965134 0.0032469317786636281 0.0067482993142996732 -0.0053086780501767229 -0.002729870014517132 0.00528269896392257 -0.00056748529575543669 -0.00027922813976983114 -0.0044058701730586743 0.011712679449074651 0.0043844082939740467 0.00029130179441238055 0.0011161928659181358 -0.00045206179208497337
leaf_weight=294.97635366756003 98.801363472361118 63.838617180939764 126.53447860525921 585.05936858081259 102.35511899355333 244.07337169861421 68.558090277481824 200.8093919258099 37.528282729675993 211.45707650622353 290.03850079735275 23518.771926157526 3051.4091902771033 30921.340509677568
leaf_count=13033 989 513 863 5010 2756 6664 2110 2300 404 3951 5666 312474 33968 346234
internal_value=-3.74296e-05 -0.00256133 0.0023042 -0.0042949 2.14486e-06 2.54583e-05 0.00316606 0.00446802 0.00709969 0.00907559 -1.08341e-05 0.000353554 -0.000263701 -0.000400177
internal_weight=59815.6 874.234 225.336 648.898 58941.3 58646.3 620.708 518.353 317.543 280.015 58025.6 23762.8 34262.8 31211.4
internal_count=736935 7375 1852 5523 729560 716527 11521 8765 6465 6061 705006 319138 385868 351900
is_linear=0
shrinkage=0.03


Tree=175
num_leaves=15
num_cat=0
split_feature=16 20 32 20 31 30 30 15 19 30 5 13 29 20
split_gain=6.78527 10.4777 7.94995 6.43915 6.72972 6.20122 5.9667 5.78394 11.6909 10.4203 9.64065 8.07997 14.1845 7.76076
threshold=63.050000000000004 33.500000000000007 0.10588691290469678 224.50000000000003 0.017904126837235402 1680.5000000000002 410.50000000000006 58.141666666666673 0.17083333333333076 268.50000000000006 7.5000000000000009 62.650000000000013 0.070591029761073079 29.500000000000004
decision_type=8 10 2 10 8 10 10 8 10 8 2 10 10 10
left_child=1 6 3 4 -3 -4 -1 8 9 10 -2 -11 -13 -10
right_child=7 2 5 -5 -6 -7 -8 -9 13 11 -12 12 -14 -15
leaf_value=-0.0078000996215893559 -0.0046027528964946917 0.0079791990420852062 -0.0058614648166379554 -0.0029998642278630961 -0.0037100984662323082 0.0039117177040357519 -0.0016340906097493716 -6.8046908172905428e-05 0.0088444426392767627 0.0003856027485477711 0.0046273384177519111 -0.0050141711772939464 0.0092368459846985784 -0.00093538174500402494
leaf_weight=273.12455878756009 435.32854840205982 184.53027101280168 145.21573545504361 59.357760319951922 23.682491840329021 43.156403181375936 311.22372255474329 57000.902477753931 232.23203834448941 660.44619358889759 85.798569760285318 47.372247102553956 215.04961095459294 86.531393034616485
leaf_count=9066 9747 6889 2674 2298 640 743 12539 659061 2368 21200 3230 1596 4650 957
internal_value=-5.85722e-05 -0.00240357 0.000968662 0.00399891 0.00618867 -0.00327156 -0.00490374 -1.50508e-05 0.00165325 0.000420664 -0.00281104 0.00229623 0.00627351 0.00642275
internal_weight=59804 1040.29 455.943 267.571 208.213 188.372 584.348 58763.7 1762.76 1444 521.127 922.868 262.422 318.763
internal_count=737658 34849 13244 9827 7529 3417 21605 702809 43748 40423 12977 27446 6246 3325
is_linear=0
shrinkage=0.03


Tree=176
num_leaves=15
num_cat=0
split_feature=20 17 27 30 0 4 26 10 31 24 26 17 19 31
split_gain=8.65377 6.32613 9.33346 9.4212 6.68278 7.68793 7.17038 6.29613 7.80051 7.02305 6.8805 5.63277 7.08393 6.09654
threshold=6.5000000000000009 58.001898734177225 8.5000000000000018 1199.5000000000002 9.5000000000000018 -0.7777777777777749 -0.01328693353606958 352.50000000000006 -0.015119324799677659 0.016125206273683926 -0.039075599401553453 73.90090909090911 2.3540064102564107 0.01053358283459784
decision_type=8 8 10 10 2 2 10 2 10 10 10 10 10 10
left_child=7 2 3 -2 -4 6 -6 8 -1 -10 11 13 -13 -11
right_child=1 -3 4 -5 5 -7 -8 -9 9 10 -12 12 -14 -15
leaf_value=-0.0034800560158697092 -0.0049687059682016997 4.4521163412932874e-05 -0.0016844822977590869 0.002080248890465606 0.011796926228201783 3.3867912053865564e-05 -0.0019818777618882564 -0.0045130924785372417 -0.0027239991569818814 0.006790245289442518 0.0093290536509528666 -0.0061634836290965301 0.0031634557035323863 -0.0012999929341675244
leaf_weight=97.340418664505705 802.30562487849966 57022.97977081142 430.63982683967333 183.40362875268329 80.259905197191983 222.279576780973 28.776385542587377 58.258003998547792 86.148093713098206 290.18768482166342 208.19644547463395 78.125608649803326 123.64499550312757 92.350840701954439
leaf_count=1315 21035 672754 9925 5713 3458 9535 2519 747 2110 3339 2552 935 791 885
internal_value=3.83063e-05 -1.06804e-05 -0.00176295 -0.00362005 0.000714489 0.00364465 0.00868067 0.00269407 0.00332324 0.00422373 0.00509581 0.00297098 -0.000954765 0.00491263
internal_weight=59804.9 58770.6 1747.66 985.709 761.956 331.316 109.036 1034.25 975.994 878.654 792.506 584.309 201.771 382.539
internal_count=737613 724939 52185 26748 25437 15512 5977 12674 11927 10612 8502 5950 1726 4224
is_linear=0
shrinkage=0.03


Tree=177
num_leaves=15
num_cat=0
split_feature=16 6 14 33 18 19 3 3 12 34 18 18 25 14
split_gain=13.0402 9.35939 8.85559 12.0186 9.9294 8.50636 8.33255 7.55391 8.16464 11.1115 7.42865 8.6849 7.38475 7.01713
threshold=75.050000000000011 0.90454545454545465 62.850000000000001 600.50000000000011 -13.124999999999991 -8.6784523809523737 59.250000000000007 57.750000000000007 64.750000000000014 -0.0078347792030280753 -6.2666666666666471 -6.4333333333333327 0.41048538034771681 36.250000000000007
decision_type=8 2 8 2 10 8 2 2 10 2 8 10 10 8
left_child=1 13 3 4 -2 6 -4 -3 -9 -10 11 -7 -12 -1
right_child=2 7 5 -5 -6 10 -8 8 9 -11 12 -13 -14 -15
leaf_value=0.0048613363154662876 0.00011437144345251706 0.0030549662555040408 0.0061771122225298247 -0.0012136874510867857 0.0043212818769118094 -0.00043029495113581389 -0.0032187643253865986 0.0029284496722220246 0.0034568509298006193 -0.0076910779944841818 0.00023496821373160092 -0.0044876725228274912 0.0042016938920480971 -0.0014504438708345996
leaf_weight=113.89622398430947 762.86046469956636 813.72314092563465 322.80822035123128 849.92939836217556 1459.7160988363903 9901.1983613867778 75.811397070065141 183.47511700354517 83.172494819387794 203.69804316060618 35875.568290075869 449.90800038119778 377.67422525398433 8342.4029444725311
leaf_count=3347 20379 17287 11839 10819 16138 171727 1656 3888 1031 2429 323312 5867 2007 145543
internal_value=2.65773e-05 -0.000974881 0.000222153 0.0017693 0.00291162 0.000119246 0.00423058 0.00137288 -0.00155115 -0.0044256 7.95842e-05 -0.000627373 0.000282022 -0.00133736
internal_weight=59815.8 9740.37 50075.5 3072.51 2222.58 47003 398.62 1284.07 470.346 286.871 46604.3 10351.1 36253.2 8456.3
internal_count=737269 173525 563744 47336 36517 516408 13495 24635 7348 3460 502913 177594 325319 148890
is_linear=0
shrinkage=0.03


Tree=178
num_leaves=15
num_cat=0
split_feature=33 5 28 32 16 27 29 19 11 26 24 17 33 27
split_gain=8.69797 6.96573 6.85464 7.31334 10.7163 5.97539 6.87896 7.08314 6.30037 7.63286 7.12076 5.8725 5.72195 6.90216
threshold=18.500000000000004 9.5000000000000018 -2.7499999999999996 0.17368268497330283 89.950000000000017 4.5000000000000009 0.14556263505462771 -1.0000000180025095e-35 8.5000000000000018 -0.11949184955436178 0.07394092758189387 68.350714285714304 89.500000000000014 100.50000000000001
decision_type=2 2 10 2 8 10 8 10 2 10 8 10 2 10
left_child=5 -2 -3 12 -5 8 7 -7 10 -10 -1 -9 -4 -14
right_child=1 2 3 4 -6 6 -8 11 9 -11 -12 -13 13 -15
leaf_value=0.0047726913838719897 -2.9536157301354257e-05 0.0034570235459358881 0.0033753511531347102 -0.0060876838970855725 0.0029609883161486965 0.00062787346410506334 -0.002315587014598732 0.011067883128656321 0.0034387795564922614 -0.0050849998707942629 0.00029955205096511388 0.0038511674393472092 -0.00032536717155921114 0.0024530798837007523
leaf_weight=393.04666639154311 51118.859913079767 862.55788736708928 700.23076969978865 274.51765181310475 147.05141438031569 318.14913923456334 128.0462347494904 134.49796996638179 95.130401724483818 260.3768822416896 1183.2089738916839 463.92611170071177 2693.9120661846828 1091.7504622038687
leaf_count=8688 598110 16379 13329 2523 1617 9498 1266 1645 1025 4396 17396 4752 40305 17288
internal_value=0.000165842 8.23976e-05 0.0010658 0.000614876 -0.00295205 0.00173304 0.00350815 0.00439943 0.000708834 -0.00266135 0.0015274 0.00620152 0.000978929 0.000497444
internal_weight=59865.3 56888.9 5770.02 4907.46 421.569 2976.38 1044.62 916.573 1931.76 355.507 1576.26 598.424 4485.89 3785.66
internal_count=738217 689551 91441 75062 4140 48666 17161 15895 31505 5421 26084 6397 70922 57593
is_linear=0
shrinkage=0.03


Tree=179
num_leaves=15
num_cat=0
split_feature=33 31 25 28 3 7 18 15 18 34 7 25 19 31
split_gain=6.99821 9.3138 8.46457 6.95419 8.1149 8.58686 10.2525 6.47958 6.14677 5.26552 4.88261 4.6793 4.65054 6.33037
threshold=2430.5000000000005 0.00097125114595688613 0.083722543367294663 2.7500000000000004 58.750000000000007 3.5000000000000004 -1.6666666666666676 74.741666666666688 -3.9666666666666646 0.0057814828749460532 2.5000000000000004 0.071783618132939639 -0.45363756613757283 0.0054412020461735806
decision_type=2 10 10 10 2 8 10 10 10 2 8 10 8 10
left_child=-1 2 11 4 10 -6 7 -7 -5 -4 -3 -2 13 -12
right_child=1 3 9 8 5 6 -8 -9 -10 -11 12 -13 -14 -15
leaf_value=0.000206747959679723 -0.00054013264334850123 0.00446920744750818 -0.0052126759500845778 0.0018512221614516682 -0.002300652366473446 0.0056469425172920038 0.0095440082663375315 -0.0025387983569461125 -0.0057185371146809315 -0.0011449369835971729 0.0069991845469536077 0.0069189404789148576 -0.0013477242634537582 -0.00069365899477548561
leaf_weight=54944.532257142302 287.2786219175905 125.36081087868661 834.89949818700552 109.27788810105994 150.18396404478699 97.564648446394131 206.27138359099627 165.38944383407943 272.41950463457033 474.40069945598952 104.46946799289435 49.893839634722099 1804.856823062757 234.65923799527809
leaf_count=691274 3595 1060 8713 1280 1039 922 1305 1716 1863 4205 1782 648 14199 3571
internal_value=0.000109434 -0.000969145 -0.00277288 -3.29942e-05 0.000489783 0.00339368 0.00526229 0.000915338 -0.00358795 -0.00383514 -0.000358898 0.00131462 -0.000736619 0.00227098
internal_weight=59861.5 4916.93 1646.47 3270.45 2888.76 619.409 469.225 262.954 381.697 1309.3 2269.35 337.172 2143.99 339.129
internal_count=737172 45898 17161 28737 25594 4982 3943 2638 3143 12918 20612 4243 19552 5353
is_linear=0
shrinkage=0.03


Tree=180
num_leaves=15
num_cat=0
split_feature=25 17 29 26 13 5 23 25 32 34 29 14 25 1
split_gain=5.57397 5.61737 9.35843 7.79578 7.61866 8.75792 7.26667 9.40758 7.25869 9.74892 7.07324 7.04088 6.46149 6.31981
threshold=0.41048538034771681 86.987083333333345 0.14382187706543295 0.79275613577330961 90.050000000000011 5.5000000000000009 0.10500000000000002 0.24607895630243851 0.17934611831640024 0.0063020304473106834 0.10409899869839299 85.750000000000014 0.12016951667669289 1737.0000000000002
decision_type=10 10 10 10 8 2 10 10 2 2 10 8 10 2
left_child=1 -1 4 6 5 -3 7 -4 9 -6 12 -8 -7 -12
right_child=-2 2 3 -5 8 10 11 -9 -10 -11 13 -13 -14 -15
leaf_value=-1.7858033806723181e-06 0.0030451908611111682 -0.0072647235946956329 0.0098484134536174668 -0.004892490034365005 -0.0021456217856769301 -0.0035441808057940058 -0.0054753815288992669 -0.00046234990904338356 -0.0062465881746139934 0.0032713897172612608 -0.0062000041325450291 0.0011803695784235266 0.0065218297444292013 0.00367464831212274
leaf_weight=55856.032876003999 469.35994354193099 446.38751455279998 132.40757534280419 152.24309901171364 722.08198386686854 50.804183950880542 117.8691720077768 133.76062727347016 149.52026692242362 438.00143154524267 188.75482571520843 919.47283563110977 107.91028901212849 40.58508945745416
leaf_count=699947 2751 4701 845 1151 7798 982 1141 731 1322 4376 2268 8230 1371 565
internal_value=-4.9329e-05 -7.62962e-05 -0.00121657 0.00062904 -0.00245547 -0.00461414 0.00143084 0.00541314 -0.000960923 -4.97098e-05 -0.00108392 0.0002071 0.00322256 -0.00410759
internal_weight=59925.2 59455.8 3599.8 1455.75 2144.05 834.442 1303.51 266.168 1309.6 1160.08 388.054 1037.34 158.714 229.34
internal_count=738179 735428 35481 12098 23383 9887 10947 1576 13496 12174 5186 9371 2353 2833
is_linear=0
shrinkage=0.03


Tree=181
num_leaves=15
num_cat=0
split_feature=33 35 21 4 32 33 21 6 27 9 11 4 24 6
split_gain=6.59953 8.95481 8.24479 12.9091 9.29645 8.56861 6.9991 8.24027 6.6826 13.6752 10.6499 6.47792 7.34583 6.9028
threshold=18.500000000000004 8.5000000000000018 0.05917366946778712 -2.5999999999999974 0.15037626935402915 144.50000000000003 0.12556306306306309 0.69615384615384623 4.5000000000000009 85.500000000000014 8.5000000000000018 -0.66145833333333204 0.07394092758189387 0.20526315789473687
decision_type=2 2 8 2 2 2 10 2 10 2 2 2 8 2
left_child=8 -2 4 -4 -3 -5 -7 -8 10 -10 11 -1 -13 -14
right_child=1 2 3 5 -6 6 7 -9 9 -11 -12 12 13 -15
leaf_value=-0.0015757686608036143 4.8361570162969421e-06 -0.0055886647046033862 0.0069455109377678766 -0.0057892059062860284 0.0057743152522089745 0.0030808426426674426 0.00094433760113195406 -0.0065357832828629942 0.0048323006708806517 -0.0035425164473002831 -0.00404971453712317 0.0065274186843974286 0.0060816832853204114 -0.00024506636700916736
leaf_weight=440.8898585983552 54992.472456639749 621.92438439186662 129.40210835798644 279.94564096652903 31.498732040636241 326.22558936744463 286.85113041359 180.47489331604447 847.07403297349811 179.53469965269323 354.96264759276528 261.71902761328965 145.86676925758366 730.76921427692287
leaf_count=9584 563555 53423 8432 17392 1734 19352 14985 9553 14225 2763 5452 4999 1787 9799
internal_value=7.20482e-06 -6.52315e-05 -0.00208663 -0.000553297 -0.0046694 -0.0017261 -3.45455e-05 -0.00229687 0.001376 0.0032712 0.000313006 0.00138779 0.0025536 0.00107902
internal_weight=59809.6 56848.8 1856.32 1202.9 653.423 1073.5 793.552 467.326 2960.82 1026.61 1934.21 1579.24 1138.36 876.636
internal_count=737035 688426 124871 69714 55157 61282 43890 24538 48609 16988 31621 26169 16585 11586
is_linear=0
shrinkage=0.03


Tree=182
num_leaves=15
num_cat=0
split_feature=4 13 12 18 12 10 13 23 3 33 4 2 26 33
split_gain=7.11466 7.42491 7.44181 6.08877 9.5183 10.5268 9.59877 9.80627 9.24805 9.36495 8.80762 8.01373 11.5548 10.8725
threshold=-3.1485294117647054 44.750000000000007 43.550000000000004 -4.4333333333333327 62.350000000000001 321.50000000000006 71.350000000000009 2.8050000000000002 59.750000000000007 58.500000000000007 -0.95227272727272794 3.5000000000000004 -0.18913992295404256 670.50000000000011
decision_type=2 8 10 10 10 2 10 10 2 2 2 10 10 2
left_child=-1 2 -2 -3 5 6 7 -5 -6 -10 -9 12 13 -11
right_child=1 3 -4 4 8 -7 -8 10 9 11 -12 -13 -14 -15
leaf_value=0.0018920778954230936 -0.0046653989941086256 -0.00040607032670982805 0.0041482791993018879 0.0092567981431686489 -0.00013167498093114607 -0.003144211987375019 0.0088663822571132169 0.0064113447888711457 -0.00239236809367114 -0.0058517946723826769 -0.0022532856193900846 0.00093788975023966544 0.0052840177898815276 0.0051236824312349662
leaf_weight=1697.919240684947 57.674913427326828 27787.264563739853 574.46171078865882 78.135824378579855 23892.862529944396 164.00078655034304 247.39699530834332 90.586545924190432 506.68361220322549 156.36983800446615 374.19460587156937 3131.6475713995751 932.84919147891924 86.861874782945961
leaf_count=33833 2889 459903 13063 559 183448 1329 2052 829 4175 959 3165 24144 6766 528
internal_value=6.24423e-06 -5.04656e-05 0.00306111 -8.73358e-05 0.000211439 0.00308232 0.00448461 0.00190861 0.000110809 0.00130319 -0.000105837 0.00176033 0.00382275 -0.00172695
internal_weight=59778.9 58081 632.137 57448.9 29661.6 954.315 790.314 542.917 28707.3 4814.41 464.781 4307.73 1176.08 243.232
internal_count=737642 703809 15952 687857 227954 7934 6605 4553 220020 36572 3994 32397 8253 1487
is_linear=0
shrinkage=0.03


Tree=183
num_leaves=15
num_cat=0
split_feature=20 33 28 29 5 35 14 14 30 2 17 22 24 24
split_gain=5.57938 6.66176 5.71701 6.79085 8.57273 8.24454 12.0849 9.51103 9.29671 7.67681 7.55877 7.32059 9.59224 9.12758
threshold=341.50000000000006 708.50000000000011 -1.0000000180025095e-35 0.17833959921074019 1.5000000000000002 2.5000000000000004 50.250000000000007 58.45000000000001 992.50000000000011 3.5000000000000004 51.706250000000004 3.5000000000000004 0.015965113056739706 0.10347636393183052
decision_type=10 2 8 10 2 2 8 8 8 8 10 8 8 10
left_child=2 -2 -1 5 -5 11 10 8 -8 -10 -7 13 -13 -4
right_child=1 -3 3 4 -6 6 7 -9 9 -11 -12 12 -14 -15
leaf_value=0.00036639687433686518 -0.0054404419817783278 0.0024585033827196779 -0.0018510081197497007 0.0024819368377133918 -0.0022121030546853391 -0.0029822443399165604 -0.0012554622057882928 -0.00057276212790176436 0.0030108872026960837 -0.0094258156486760475 0.0054431410676689879 -0.0032728599625325649 0.0011094713757717244 0.0002711586811842573
leaf_weight=19757.419411363779 298.13533757720143 99.298438268247992 2440.7741741873324 360.26277967495844 2641.6637120323721 86.858158567920327 532.41793667187449 16860.829955357942 28.501899828435853 244.09404520632233 405.48352421843447 425.65334049984813 8874.7978899553418 6778.1667106226087
leaf_count=268972 6217 1356 13629 2348 18861 3853 13164 305073 660 6566 9934 2497 49431 35112
internal_value=-7.51636e-05 -0.0034127 -4.9997e-05 -0.00025753 -0.00161734 -0.000144185 -0.000597626 -0.000731142 -0.0038209 -0.00786035 0.00381884 0.000300825 0.000892477 -0.000297653
internal_weight=59834.4 397.434 59436.9 39679.5 3001.93 36677.6 18158.2 17665.8 805.014 272.596 492.342 18519.4 9300.45 9218.94
internal_count=737673 7573 730100 461128 21209 439919 339250 325463 20390 7226 13787 100669 51928 48741
is_linear=0
shrinkage=0.03


Tree=184
num_leaves=15
num_cat=0
split_feature=18 18 12 29 26 29 33 11 14 16 24 13 33 4
split_gain=7.5582 9.57404 10.2523 9.97497 9.81995 8.14054 7.91002 6.5486 12.6408 11.1809 7.10022 8.95194 6.92155 6.9119
threshold=-4.4333333333333327 -4.033333333333327 64.550000000000011 0.073196520887139419 0.85015103118911695 0.098890367523278663 248.50000000000003 3.5000000000000004 68.850000000000009 71.050000000000011 0.29594575298018283 85.550000000000011 91.500000000000014 3.6132478632478642
decision_type=10 10 10 10 10 10 2 2 8 10 10 10 2 2
left_child=7 6 3 -3 -4 -5 -2 8 -1 12 13 -12 -9 -11
right_child=1 2 4 5 -6 -7 -8 9 -10 10 11 -13 -14 -15
leaf_value=0.0037094252425943987 -0.00037518232781954684 -0.0016806153341396262 0.00011399326652777941 0.0071006428021069337 -0.0026345336729590766 0.0016801516621219343 0.0039090034228294809 -6.6652133835228388e-06 -0.00011501009324507945 -0.00027612176547924113 -0.004027768117777537 0.0033550193086265647 -0.0043296507672199638 -0.0041158238172522722
leaf_weight=803.05062267137691 580.27844948973507 343.0662482320331 25963.085380979115 403.487370217219 1175.0014668237418 649.95573211507872 1072.1598934659269 465.48731573519763 8791.9340951249469 17125.565046807023 866.87197438813746 136.86668532690965 1125.4717239805032 383.05131501075812
leaf_count=15917 6422 3237 194281 3415 9271 4688 10855 13823 138665 294490 8958 1395 28120 4869
internal_value=-8.19677e-05 0.000252126 0.000121516 0.00258242 -9.63624e-06 0.00398397 0.00243771 -0.000421413 0.000222646 -0.000728601 -0.000516686 -0.00290965 -0.00310356 -0.000371607
internal_weight=59885.3 30187 28534.6 1396.51 27138.1 1053.44 1652.44 29698.3 9594.98 20103.3 18512.4 1003.74 1590.96 17508.6
internal_count=738406 232169 214892 11340 203552 8103 17277 506237 154582 351655 309712 10353 41943 299359
is_linear=0
shrinkage=0.03


Tree=185
num_leaves=15
num_cat=0
split_feature=5 16 32 4 35 25 21 16 24 24 9 33 4 32
split_gain=7.49302 7.66641 12.2737 9.76802 9.47925 9.18863 8.90707 13.2232 9.00983 8.83042 8.73853 8.32359 10.6543 8.87193
threshold=3.5000000000000004 94.350000000000009 0.15606283652998973 1.890873015873016 9.5000000000000018 0.2577067990829725 0.11639196206818696 75.350000000000009 0.026634278432656255 0.2768261317507173 84.500000000000014 114.50000000000001 -0.099999999999997854 0.1600041528239203
decision_type=2 10 2 2 2 10 10 10 10 8 2 2 2 2
left_child=1 3 -3 4 6 9 7 10 -8 -5 -1 -12 -13 -14
right_child=-2 2 -4 5 -6 -7 8 -9 -10 -11 11 12 13 -15
leaf_value=-0.0037029023840529675 0.00030698578352260548 0.0044593562165814475 -0.0023987029453442464 -0.0016852202292068216 -0.006013604797012931 0.0029839232103761638 -0.00540577243527524 0.0013614440566832621 -0.00071023705867033591 -0.0060235425268901441 0.0022198854743203274 -0.0030464545877207814 -0.00040645464108181388 0.0056043071090984709
leaf_weight=735.13789033453213 39133.464555267594 634.915593514801 318.51742429402657 2854.7570280237123 199.40052587701939 272.86370784603059 345.48410365357995 5753.7505158925196 5720.8415265786462 464.37978320033289 895.65506496431772 1210.3276021686615 1093.0166164904367 225.25414464296773
leaf_count=11025 507884 6989 2746 25116 17436 1543 5211 57966 53274 3412 13752 16078 13548 1690
internal_value=6.28385e-05 -0.000397811 0.00216289 -0.000526444 -0.000209776 -0.0019303 -0.000118821 0.000434796 -0.00101966 -0.00237258 -0.000847997 -0.00019062 -0.00107093 0.000787874
internal_weight=59857.8 20724.3 953.433 19770.9 16178.9 3592 15979.5 9913.14 6066.33 3319.14 4159.39 3424.25 2528.6 1318.27
internal_count=737670 229786 9735 220051 189980 30071 172544 114059 58485 28528 56093 45068 31316 15238
is_linear=0
shrinkage=0.03


Tree=186
num_leaves=15
num_cat=0
split_feature=25 30 4 4 17 16 16 20 16 1 14 19 32 27
split_gain=6.99359 10.3155 8.17949 7.84697 6.77876 6.50632 7.15376 9.58392 8.19857 10.1026 7.31503 8.87547 15.0648 18.2985
threshold=0.22217302017225124 1645.5000000000002 2.2320512820512843 3.8198051948051952 73.600909090909099 96.850000000000009 80.550000000000011 240.50000000000003 80.750000000000014 1155.0000000000002 31.150000000000002 0.92102272727272816 0.10833773319253785 -20.499999999999996
decision_type=10 10 2 2 10 10 8 10 8 2 8 10 2 10
left_child=5 -2 4 -4 -3 6 10 8 9 -8 -1 -12 -13 -14
right_child=1 2 3 -5 -6 -7 7 -9 -10 -11 11 12 13 -15
leaf_value=0.0055466606816792765 -0.0018758057726865399 -0.0030212693363996343 -0.0051546892444933644 0.0040084169769952866 0.0019503284496814905 -0.0023649514180242377 -0.0031131792666049532 -0.0038078832678628328 0.00034121590467975685 0.006609812870598919 -0.0012812357048660285 0.00092291086934270057 -0.0037948004675092276 -3.6349725170781843e-05
leaf_weight=135.7695464589633 4349.9570210264064 239.10043627326377 312.85100152343512 69.091669794172049 1811.3937109718099 967.22655013389885 95.562134791864082 444.75322781736031 31057.911446134676 328.17404975113459 7151.3806881777709 7346.9134664919693 1598.2199031012133 3986.9295862992294
leaf_count=3320 31608 1983 1979 427 12984 12211 1067 7046 359163 3904 180186 77243 13675 31393
internal_value=-0.000104916 -0.00100837 0.000549405 -0.003225 0.00131249 1.12932e-05 5.75924e-05 0.000337031 0.000401533 0.00431991 -0.000383388 -0.000437152 3.27594e-05 -0.00113598
internal_weight=59895.2 6782.39 2432.44 381.943 2050.49 53112.8 52145.6 31926.4 31481.6 423.736 20219.2 20083.4 12932.1 5585.15
internal_count=738189 48981 17373 2406 14967 689208 676997 371180 364134 4971 305817 302497 122311 45068
is_linear=0
shrinkage=0.03


Tree=187
num_leaves=15
num_cat=0
split_feature=14 29 8 28 32 35 1 16 1 6 10 32 9 28
split_gain=5.57353 5.60303 8.7398 8.3947 8.65556 8.53972 7.73274 7.58645 6.19955 5.74744 14.1215 9.73315 8.50298 8.12179
threshold=95.050000000000011 0.05188855515022843 2.5000000000000004 3.7500000000000004 0.048848741894702508 5.5000000000000009 1372.5000000000002 82.750000000000014 1502.0000000000002 0.23303167420814483 252.50000000000003 0.1709870374270516 49.500000000000007 -0.74999999999999989
decision_type=10 8 2 8 2 2 2 10 2 2 2 2 2 8
left_child=1 2 3 4 -1 6 7 -6 -8 10 11 -3 -13 -12
right_child=-2 9 -4 -5 5 -7 8 -9 -10 -11 13 12 -14 -15
leaf_value=-0.00420812967045202 -0.0026814035635810674 -0.00011414253060771688 -0.0040795873964932245 -0.0043122158081162843 0.0096469940536565695 -0.0019245519580902498 -0.0040466420327834396 0.00052455822900172248 0.0036848580475357284 0.0002157165809800184 0.00031900644112926288 -0.0017289748617786288 0.0053163977519158374 -0.0027322969435640073
leaf_weight=172.19296704407316 649.366975143319 6306.0773304866161 709.95940193813294 271.7292390675284 225.95098797301762 259.05828441737685 117.64404843468219 125.33061374071985 160.9353758902289 46076.004303137743 1045.5186039996333 183.34936641016975 521.3244993519038 2988.6365746608935
leaf_count=5750 6565 74214 16030 5693 2192 11074 1073 1043 1510 559964 13834 1347 3917 33240
internal_value=-1.89474e-05 1.25146e-05 -0.00151212 -4.6456e-05 0.00119081 0.00240504 0.00419636 0.00686318 0.000300906 6.83144e-05 -0.000544804 0.000270288 0.00349016 -0.00194728
internal_weight=59813.1 59163.7 2042.8 1332.84 1061.11 888.919 629.861 351.282 278.579 57120.9 11044.9 7010.75 704.674 4034.16
internal_count=737446 730881 44365 28335 22642 16892 5818 3235 2583 686516 126552 79478 5264 47074
is_linear=0
shrinkage=0.03


Tree=188
num_leaves=15
num_cat=0
split_feature=22 8 32 14 29 16 12 8 1 14 15 14 16 29
split_gain=8.32158 9.09977 8.46815 9.33318 8.0969 10.2855 9.91992 10.4725 11.6471 9.21424 8.15204 8.02751 9.9235 7.35369
threshold=3.5000000000000004 1.0000000180025095e-35 0.039793247141788661 69.850000000000009 0.065544701663207167 82.950000000000017 78.15000000000002 1.5000000000000002 1117.5000000000002 53.250000000000007 77.816666666666691 45.750000000000007 63.050000000000004 0.04412954812338088
decision_type=8 2 2 8 8 10 10 2 2 8 10 8 10 10
left_child=1 -1 3 -2 5 9 10 -8 -9 -3 -6 12 -4 -11
right_child=2 4 11 -5 6 -7 7 8 -10 13 -12 -13 -14 -15
leaf_value=0.0066251405204391942 -0.0048658135254743846 -0.0047198069872663 -0.0048351425756956307 0.00082798520085854089 -0.0012234023064619955 -0.0014328945704218179 -0.0045313207273731098 0.0016575673971703643 -0.00047156356781222572 -0.0010150765215095239 -0.0051045590183151019 0.00027695731059777454 0.0059328908327520554 0.0050396552731838008
leaf_weight=112.12162881321274 547.38156283309218 82.716953310882673 54.647338838200085 435.25720660717343 8144.3879231435712 696.52406316529959 431.51492769736797 2865.0394207832869 11134.715946736513 206.76745341275819 475.86825087550096 33486.972366180038 373.05795549880713 856.13544216169976
leaf_count=790 19171 1268 2538 10797 78415 7352 3431 22000 91312 2939 3787 475926 8089 10051
internal_value=-4.77441e-05 -0.000464951 0.000251445 -0.00242579 -0.000510102 0.00137933 -0.000663752 -0.000181222 -3.14902e-05 0.00307754 -0.00146586 0.000332471 0.004195 0.00386914
internal_weight=59903.1 25005.8 34897.3 982.639 24893.7 1842.14 23051.5 14431.3 13999.8 1145.62 8620.26 33914.7 427.705 1062.9
internal_count=737866 221345 516521 29968 220555 21610 198945 116743 113312 14258 82202 486553 10627 12990
is_linear=0
shrinkage=0.03


Tree=189
num_leaves=15
num_cat=0
split_feature=23 6 6 34 10 33 20 31 6 30 6 31 0 17
split_gain=11.1092 7.42962 11.7506 12.6878 8.75597 8.53592 9.27722 11.8685 8.51745 7.01415 7.10506 9.54063 7.14582 6.66435
threshold=1.8750000000000002 0.23303167420814483 0.54772727272727284 -0.031669701339302157 236.50000000000003 490.50000000000006 13.500000000000002 -0.010540053617389732 0.65833333333333344 1987.5000000000002 0.20526315789473687 -0.0031450736623783106 8.5000000000000018 71.400943396226424
decision_type=8 2 2 2 2 2 8 10 2 8 2 10 2 10
left_child=-1 4 -3 -4 5 6 7 -2 -5 10 11 -7 -13 -10
right_child=1 2 3 8 -6 9 -8 -9 13 -11 -12 12 -14 -15
leaf_value=-0.0004377928206227296 0.010359370709686915 0.0013401941449033034 -0.0049148470200146635 -0.0010183529647399426 -0.0017063080404962775 -0.00023598731411980124 -0.0016621397213776288 0.00022294104944026345 0.0012887927867149013 -0.00072004604287667672 -0.002225995092965785 0.010024516467442622 0.0033746599912584615 -2.2037834935030571e-05
leaf_weight=22546.240571106551 87.269355313736014 11958.517739893112 388.15283770952374 3696.8930668114917 2929.9568366335006 320.5332295584958 1976.7147031086497 437.9472049230244 6518.1000659459969 576.61282429366838 155.05011313105933 218.82481944421306 514.36871732492 7446.4769849189324
leaf_count=199333 1455 166995 5614 53960 40929 4305 29652 6327 118794 6454 1915 1879 6264 93203
internal_value=8.71523e-05 0.000405255 0.000612957 0.000128765 -0.000456606 0.000407266 -0.00072019 0.00266127 0.000253172 0.00196379 0.00322179 0.00408792 0.00587261 0.00059222
internal_weight=59771.7 37225.4 30008.1 18049.6 7217.28 4287.32 2501.93 525.217 17661.5 1785.39 1208.78 1053.73 733.194 13964.6
internal_count=737079 537746 438566 271571 99180 58251 37434 7782 265957 20817 14363 12448 8143 211997
is_linear=0
shrinkage=0.03


Tree=190
num_leaves=15
num_cat=0
split_feature=25 34 19 27 22 10 34 2 31 25 5 12 32 27
split_gain=7.53201 7.37963 7.92462 14.0544 8.87055 8.0823 7.59581 7.39318 8.32304 7.21358 6.91619 6.8061 6.79794 10.0842
threshold=0.41048538034771681 -0.013429621947799718 7.213333333333332 10.500000000000002 3.5000000000000004 154.50000000000003 -0.01562863313713363 3.5000000000000004 0.029607945273397007 0.14639051828270241 5.5000000000000009 59.750000000000007 0.042995327102803745 -51.499999999999993
decision_type=10 2 10 10 10 2 2 10 8 10 2 8 2 10
left_child=1 2 7 6 10 -6 -4 12 9 11 -5 -9 13 -1
right_child=-2 -3 3 4 5 -7 -8 8 -10 -11 -12 -13 -14 -15
leaf_value=-0.0052711834945054718 0.0035873231062682146 8.2652176437231952e-05 0.0044983193938325809 0.0042728696995379773 0.00048908716944489586 -0.009071707752601842 -0.0018793469643873875 -0.0034720298238608881 -0.0064995062246840235 -0.002488415892350835 -0.0031304912109891472 0.0006164747744023517 -0.0039025102624920616 0.0047506925243844759
leaf_weight=97.59586983686313 466.16137969121337 51006.798511052504 769.09136190218851 192.26202231319621 115.2088897684589 176.25477374065667 181.39177598711103 361.22177889675368 166.99727058154531 1165.7671405891888 166.02025291882455 3323.1610623551533 1365.4334221510217 186.10712406694074
leaf_count=2127 2759 619068 5285 1062 800 1235 1250 12774 2057 12420 1004 53963 17304 3792
internal_value=-2.1001e-05 -5.23787e-05 -0.000881046 0.000991897 -0.00230485 -0.00577431 0.0032481 -0.00133468 -0.000746774 -0.000484401 0.00087906 0.000174512 -0.00304865 0.00102986
internal_weight=59739.5 59273.3 8266.51 1600.23 649.746 291.464 950.483 6666.28 5017.15 4850.15 358.282 3684.38 1649.14 283.703
internal_count=736900 734141 115073 10636 4101 2035 6535 104437 81214 79157 2066 66737 23223 5919
is_linear=0
shrinkage=0.03


Tree=191
num_leaves=15
num_cat=0
split_feature=14 17 21 19 30 31 10 0 34 32 14 29 2 19
split_gain=7.40693 7.98792 7.25692 7.00345 10.3435 7.94801 6.52611 6.45595 9.2725 8.45025 7.70261 14.9433 7.64954 7.29132
threshold=36.250000000000007 55.062019230769238 0.085825892857142871 12.078977272727284 123.50000000000001 -0.0013984010659359668 56.500000000000007 8.5000000000000018 0.0064742410094067622 0.082701562321815511 87.050000000000011 0.11467586710347914 7.5000000000000009 3.8201851851851889
decision_type=8 8 10 10 10 10 2 2 2 2 8 10 8 10
left_child=2 6 -1 7 -5 -6 -2 8 13 -10 -11 -12 -13 -3
right_child=1 3 -4 4 5 -7 -8 -9 9 10 11 12 -14 -15
leaf_value=0.0074082130392829739 0.0027677018720537144 -0.0015241148870233385 -0.001149290439096043 0.0065644719205908324 -0.0014475757410324127 0.0022350780925645716 -0.0036804680824872663 0.00025904444701625306 0.0049118283156539813 -0.00049624454167386989 -0.0011909084334405307 0.0052783403850717924 -0.0013086093154013379 3.3208521301682158e-05
leaf_weight=190.74726036458742 132.10315954743419 7143.6761262391228 122.79704181221314 286.58191155968234 796.2462821463123 1369.9154246672988 778.37622981681488 38209.944283546414 316.51976937521249 4168.6183918288443 810.43442913936451 844.13315485767089 171.75065370602533 4333.7308434639126
leaf_count=4992 4412 84795 1763 1691 4396 6964 27061 518428 4469 34836 7605 5999 1154 27225
internal_value=9.04519e-05 6.42526e-05 0.00435961 0.000108752 0.00166142 0.000879275 -0.00264952 3.93244e-05 -0.000432031 0.000489113 0.000216907 0.00181454 0.00415557 -0.000938495
internal_weight=59675.6 59362 313.544 58451.6 2452.74 2166.16 910.479 55998.8 17788.9 6311.46 5994.94 1826.32 1015.88 11477.4
internal_count=735790 729035 6755 697562 13051 11360 31473 684511 166083 54063 49594 14758 7153 112020
is_linear=0
shrinkage=0.03


Tree=192
num_leaves=15
num_cat=0
split_feature=4 25 3 35 13 21 23 32 28 1 19 27 10 26
split_gain=8.18113 9.70371 8.30334 6.38699 6.3097 10.3515 10.8392 6.94558 6.55846 6.02368 5.48991 5.2581 4.90985 5.75599
threshold=4.6519230769230768 0.11819069097591368 62.750000000000007 8.5000000000000018 73.65000000000002 0.067041198501872665 9.4050000000000029 0.12016895930346662 0.75000000000000011 1583.0000000000002 0.43846153846154584 -51.499999999999993 346.50000000000006 0.85015103118911695
decision_type=2 8 2 2 10 10 10 2 10 2 10 10 2 10
left_child=3 -2 11 -1 5 6 8 12 10 -6 -5 -3 13 -7
right_child=1 2 -4 4 9 7 -8 -9 -10 -11 -12 -13 -14 -15
leaf_value=0.00014493049231888055 -0.0077828706503251461 -0.0070330187363823148 0.0051677243872472953 -0.0032109632844350309 -0.0053375970393651669 0.0067278652549078079 -0.0081303118259173808 -0.0034935894497491239 0.004933293695359468 0.00013384984186657863 0.0041416466309404203 0.00011721071854095322 -0.0035192756845266338 -0.0033539042061485496
leaf_weight=57080.752840871457 209.2599475949537 107.98925810772926 117.69792429613881 406.500662556733 512.83359768125229 337.11257357371505 162.07637739810161 78.891026240540668 119.59044513793197 263.46165074151941 68.844778458820656 219.64036998618394 26.294871937250718 28.040802746312693
leaf_count=593225 2085 899 925 35733 27381 21310 19611 3989 9223 13651 3766 1621 1577 1655
internal_value=4.76637e-05 -0.00316598 -0.000429857 8.59139e-05 -0.00155797 -0.000185772 -0.00230629 0.00312086 -0.000212353 -0.00358494 -0.00185324 -0.00285872 0.00469862 0.00564297
internal_weight=59739 654.587 445.328 59084.4 2003.65 1227.35 757.012 470.339 594.936 776.295 475.345 327.63 391.448 365.153
internal_count=736651 5530 3445 731121 137896 96864 68333 28531 48722 41032 39499 2520 24542 22965
is_linear=0
shrinkage=0.03


Tree=193
num_leaves=15
num_cat=0
split_feature=21 33 13 8 8 33 28 3 17 22 29 13 11 15
split_gain=6.19574 6.52006 7.0728 5.80845 7.18628 5.77497 6.34425 6.21616 6.89846 5.67132 9.34811 9.22731 7.93441 7.37931
threshold=0.15655637254901963 3558.5000000000005 97.950000000000017 1.5000000000000002 1.0000000180025095e-35 5454.0000000000009 -2.2499999999999996 60.250000000000007 75.10098039215687 3.5000000000000004 0.066481094783712558 78.550000000000011 6.5000000000000009 82.441666666666677
decision_type=10 2 10 2 2 2 10 2 10 8 8 10 2 10
left_child=9 3 5 4 -2 7 -7 8 -3 10 12 -12 -1 -11
right_child=1 2 -4 -5 -6 6 -8 -9 -10 13 11 -13 -14 -15
leaf_value=0.0053901666727131665 0.0038828085670972296 0.0032355630008324395 0.0054033532411005575 -2.2459046823363725e-05 -0.0050108368913364572 0.0064578002440142833 -0.0018269479472552877 0.0031043626202819381 -0.0061273066717989922 0.00079364894704335616 -0.0008237789425668586 0.0010452414651297378 0.00062013540583907649 -0.0011742738328063393
leaf_weight=421.67320102755912 62.962074803886935 48.203502499032766 52.768505405634642 17864.578185329679 356.28758116113022 57.935463333036751 312.91703020269051 56.828547866083682 620.47388138971291 24723.167081025633 9366.4707481053192 3133.4079853654839 984.8488179766573 1798.9023946090601
leaf_count=4666 505 540 421 183540 3652 629 3032 439 5485 391355 84902 25414 12331 21135
internal_value=0.000189871 -0.000249916 -0.00239302 -0.000109065 -0.0034038 -0.00298757 8.07768e-05 -0.00446008 -0.00527421 0.000401314 -8.92434e-05 -0.000352964 0.00218613 0.000658213
internal_weight=59861.4 19433 1149.13 18283.8 419.25 1096.36 370.852 725.506 668.677 40428.5 13906.4 12499.9 1406.52 26522.1
internal_count=738046 198243 10546 187697 4157 10125 3661 6464 6025 539803 127313 110316 16997 412490
is_linear=0
shrinkage=0.03


Tree=194
num_leaves=15
num_cat=0
split_feature=19 14 16 20 9 24 34 20 24 28 32 29 33 9
split_gain=6.87846 8.49098 6.36052 8.4319 8.13682 8.49764 8.42127 8.23882 7.57008 7.65162 7.15816 8.50388 7.31545 6.53327
threshold=12.078977272727284 84.250000000000014 87.950000000000017 33.500000000000007 78.500000000000014 0.29594575298018283 0.0087042262743498282 36.500000000000007 0.16806883361400307 1.0000000180025095e-35 0.18204376310717438 0.1430743069344696 335.50000000000006 84.500000000000014
decision_type=10 8 10 10 2 10 2 10 10 10 2 10 2 2
left_child=2 -2 10 -4 5 7 -7 -5 -6 -10 -1 13 -13 -12
right_child=1 -3 3 4 8 6 -8 -9 9 -11 11 12 -14 -15
leaf_value=-0.00015394888584013917 0.0030915683047862733 -0.00038849019077918283 0.00094764506047876826 -0.0043286160440547507 -0.0042142665529659477 -0.0076516673825907091 0.0021014553360355591 0.0019611976204818907 -0.0025282067985668414 0.0041991447246544685 -0.0061491494119642011 0.0033949188170877493 -0.0020770047854963957 -0.0012031123522123815
leaf_weight=42318.805288695236 1357.3544906685129 1125.6873669461347 9997.0251666122349 164.88714983314276 837.47772562201135 158.99725832883269 100.39694329816848 1542.6770781904925 315.26287613180466 211.08146994793788 493.80462335702032 328.68292746017687 474.84938973281533 484.85162314679474
leaf_count=566756 7219 5974 105023 1910 11379 1230 729 19225 2959 1757 4172 2130 3115 4243
internal_value=7.39954e-06 0.00153736 -6.00308e-05 0.000513094 -0.000785896 0.000451306 -0.00414722 0.00124797 -0.0025231 0.000299923 -0.00023362 -0.00206962 0.000229028 -0.00387634
internal_weight=59911.8 2483.04 57428.8 13327.8 3330.78 1966.96 259.394 1707.56 1363.82 526.344 44101 1782.19 803.532 978.656
internal_count=737821 13193 724628 144212 39189 23094 1959 21135 16095 4716 580416 13660 5245 8415
is_linear=0
shrinkage=0.03


Tree=195
num_leaves=15
num_cat=0
split_feature=31 26 27 17 18 13 28 17 21 10 9 32 14 33
split_gain=6.05354 6.98226 6.97254 6.91283 7.03954 7.492 6.76795 8.69901 8.36275 13.476 8.65742 7.6105 9.88767 7.35746
threshold=0.0042294339252498059 -0.059960339028435859 -648.49999999999989 93.639377289377293 -23.533333333333331 44.750000000000007 0.75000000000000011 81.984860883797069 0.10923295454545455 24.500000000000004 104.50000000000001 0.098024553071634754 90.850000000000009 385.50000000000006
decision_type=10 8 8 10 8 8 8 8 10 2 2 2 10 2
left_child=1 -1 -2 4 -3 -6 7 8 9 -7 -10 -9 -13 -11
right_child=2 3 -4 -5 5 6 -8 11 10 13 -12 12 -14 -15
leaf_value=-0.00066977789348108185 0.0053033966945458498 -0.0042430531711653546 0.00029924940613093668 -0.006137356743596385 0.0056975773136468356 -0.0038216432945153422 -0.00035943436329543979 -0.0017549676802268454 -0.0012878024831673523 0.0030061457321922105 0.0043173595333711248 0.005321379007062501 -0.0019419544876463168 7.4347474266740068e-05
leaf_weight=17858.455575428787 203.33824730175547 258.82305288524367 25374.217186842463 104.20069893635809 180.84475921210833 358.68361644283868 8031.1755412862403 214.87018243293278 2647.2850297373952 2128.307114516967 224.27871622052044 895.70545595767908 178.15741206775419 1195.9013829836622
leaf_count=191821 3537 17542 270683 988 4013 7723 112255 3627 38716 49176 3173 10139 2211 22244
internal_value=4.19766e-07 -0.000260048 0.000349301 0.000186304 0.000245324 0.000330628 0.000251789 0.000875974 0.000422394 0.00136063 -0.000783625 0.00308093 0.00408358 0.00196815
internal_weight=59854.2 34276.7 25577.6 16418.2 16314 16055.2 15874.4 7843.19 6554.46 3682.89 2871.56 1288.73 1073.86 3324.21
internal_count=737848 463628 274220 271807 270819 253277 249264 137009 121032 79143 41889 15977 12350 71420
is_linear=0
shrinkage=0.03


Tree=196
num_leaves=15
num_cat=0
split_feature=31 28 25 20 35 32 27 33 23 14 14 30 1 32
split_gain=8.94621 8.33641 8.26961 8.29441 7.72232 8.40555 8.24444 7.69623 9.23139 9.83122 9.11273 7.68619 7.47542 7.32938
threshold=-0.012769728200835885 2.7500000000000004 0.14269444167679515 14.500000000000002 1.5000000000000002 0.12929523280845065 -19.499999999999996 1093.5000000000002 5.705000000000001 68.450000000000017 51.850000000000001 2573.5000000000005 2052.5000000000005 0.13333939890213206
decision_type=8 10 10 10 2 2 8 2 8 10 8 10 2 2
left_child=1 7 3 -3 5 -2 11 8 9 10 -1 -7 -8 -11
right_child=4 2 -4 -5 -6 6 12 -9 -10 13 -12 -13 -14 -15
leaf_value=-0.0026591141238039326 0.0011650157208644384 0.0011967641290615556 0.0030346191690320485 -0.0057423291194039121 -0.00033911414814060959 -0.0027304499488275957 5.1156997268088039e-05 -0.0016548392263777336 1.4272412250297782e-05 0.0023949657580007531 0.0055472283733879789 0.0020618894298145402 0.0043612501194143912 -0.0021672340663333924
leaf_weight=105.35863702534698 7571.4932576566935 217.46218225290067 210.05521581508219 386.26787602051627 38477.072490868013 1625.8359831273556 5777.8823602423072 547.01367703732103 1427.1995065981755 1284.7745162793435 1222.1043869559653 328.58078872412443 336.47521923482418 372.79841101914644
leaf_count=1792 36189 2705 1871 5223 580124 7582 26666 6397 30464 15950 16018 1522 1579 3483
internal_value=9.40435e-06 0.00112676 -0.00161607 -0.00334252 -0.000110721 0.000450446 -0.00022313 0.00158848 0.00200461 0.00294032 0.00482302 -0.00189342 0.000321794 0.00133548
internal_weight=59890.4 5773.03 813.785 603.73 54117.3 15640.3 8068.77 4959.25 4412.24 2985.04 1327.46 1954.42 6114.36 1657.57
internal_count=737565 83903 9799 7928 653662 73538 37349 74104 67707 37243 17810 9104 28245 19433
is_linear=0
shrinkage=0.03


Tree=197
num_leaves=15
num_cat=0
split_feature=14 12 14 4 27 4 20 23 4 32 18 19 14 12
split_gain=7.16445 10.8651 10.4886 9.87251 10.1909 9.04424 11.3061 8.80423 7.81308 11.8704 7.70414 7.85007 7.3572 13.2018
threshold=68.050000000000011 66.15000000000002 70.550000000000011 -0.66145833333333204 -99.499999999999986 1.4654761904761922 17.500000000000004 9.7050000000000018 1.0124999999999995 0.085726200405099498 -14.499999999999995 -0.51333333333333175 75.65000000000002 77.65000000000002
decision_type=8 10 8 2 8 2 10 10 2 2 10 10 8 10
left_child=1 3 8 4 -1 -3 -7 -5 -2 -10 -9 -12 13 -4
right_child=2 5 12 7 -6 6 -8 10 9 -11 11 -13 -14 -15
leaf_value=-0.0020025636556930729 -0.0026449925651852641 0.002136917155964656 2.335506344738648e-05 -0.0024588890529951197 0.002774476132408739 -0.0027317166105211093 0.0022107670624088856 -0.0021528807206156325 0.004290647706775578 -0.0017602528759366857 0.0081574823290784908 -0.00026014853749883014 -0.00017158589929434836 0.0024904344095489301
leaf_weight=541.40850757225417 2359.6384288459085 4977.382792153745 6377.8703777370974 2068.3366256839363 1240.6699515467044 849.60823748703115 727.15915451617911 256.02273711597081 391.79849098180421 810.40380070195533 162.61464800522663 182.13344233925454 36191.956471683108 2763.8180888020433
leaf_count=14559 33756 66766 81739 34095 33484 7743 7357 10554 4896 7386 3283 2253 404380 25798
internal_value=5.26016e-05 0.000742336 -0.000103243 -0.000399222 0.00130813 0.00151477 -0.000454495 -0.00154226 -0.0016591 0.000304323 0.00155997 0.00424071 2.06934e-05 0.00077872
internal_weight=59900.8 11005.3 48895.5 4451.19 1782.08 6554.15 1576.77 2669.11 3561.84 1202.2 600.771 344.748 45333.6 9141.69
internal_count=738049 180094 557955 98228 48043 81866 15100 50185 46038 12282 16090 5536 511917 107537
is_linear=0
shrinkage=0.03


Tree=198
num_leaves=15
num_cat=0
split_feature=35 0 19 5 16 14 14 19 25 19 6 2 1 35
split_gain=7.97897 7.48706 11.2541 8.81044 9.11208 8.59715 10.3097 9.22704 8.61425 8.66617 7.76749 7.62766 7.46509 11.7196
threshold=12.500000000000002 7.5000000000000009 -4.3555555555555463 6.5000000000000009 78.750000000000014 64.65000000000002 87.250000000000014 7.4627314814814847 0.17933797750055774 9.6768750000000079 0.31414473684210531 4.5000000000000009 1231.0000000000002 3.5000000000000004
decision_type=2 2 8 2 10 10 10 10 10 10 2 10 2 2
left_child=1 2 3 4 -1 -4 8 11 12 10 -10 -8 13 -7
right_child=-2 -3 5 -5 -6 6 7 -9 9 -11 -12 -13 -14 -15
leaf_value=-0.0072952318640351812 -0.0069610263993798013 0.00019469464768775432 0.0008861327877251918 0.0045866109916686904 -0.0012588573129143521 0.0020083207241096755 0.00097704404655921096 -0.0034484190307039046 -4.1238473577808893e-05 0.0026297932416946921 -0.0055104946761748924 0.0078983719284043807 -0.0017698516314221392 -0.0030655953011801212
leaf_weight=450.57850876194425 97.088881222414784 48654.042785113095 3287.5863427189179 66.823017583228648 454.74333979352377 1462.8258328679949 349.14577088598162 153.14445476420224 306.55911625362933 156.21499001607299 943.71784311439842 214.4121537101455 2634.6627725115977 513.36096045700833
leaf_count=9997 12911 627932 26883 1546 7289 8458 2606 764 1896 721 6041 1580 20785 7435
internal_value=1.76271e-05 3.48069e-05 -0.00067047 -0.00367014 -0.00448774 -0.000362712 -0.000974441 0.00231887 -0.00138257 -0.00339739 -0.00422262 0.0040394 -0.000738117 0.000647128
internal_weight=59744.9 59647.8 10993.8 972.145 905.322 10021.6 6734.04 716.702 6017.34 1406.49 1250.28 563.558 4610.85 1976.19
internal_count=736844 723933 96001 18832 17286 77169 50286 4950 45336 8658 7937 4186 36678 15893
is_linear=0
shrinkage=0.03


Tree=199
num_leaves=15
num_cat=0
split_feature=24 32 12 23 11 32 16 10 1 19 10 3 6 25
split_gain=7.05053 5.67414 11.3401 7.76605 8.1576 7.62849 7.56169 9.93542 7.22178 8.18973 8.18269 8.67056 8.0718 7.72906
threshold=0.0054992228129917536 0.11693663126560884 86.950000000000017 3.0750000000000006 14.500000000000002 0.12674797957261144 92.450000000000017 125.50000000000001 1425.5000000000002 7.9980324074074085 23.500000000000004 60.750000000000007 0.30217391304347835 0.022932357939093834
decision_type=8 2 10 10 2 2 8 2 2 10 2 2 2 10
left_child=-1 2 8 -4 -5 6 -3 -8 9 -2 -11 12 -12 -10
right_child=1 5 3 4 -6 -7 7 -9 13 10 11 -13 -14 -15
leaf_value=-0.0044483044347376974 0.00014113190878469636 -0.0019464742131689412 0.0033595292994625645 -0.0062037922092177747 0.0046968941511416435 -0.00014101699102549248 0.00491421211999699 -0.0015653675475258322 -0.0040188340226681293 -0.0027000915975277486 -0.0010615769180960521 0.0069629909199263465 0.0026962383586421877 -0.00039257241898796221
leaf_weight=281.48701749416068 17214.934392538853 4118.3878219404723 1439.2052545831539 126.81829277658835 51.176659292075783 23822.388874846045 318.47397660743445 464.00125422351994 515.67068009264767 284.53565266542137 677.73997056623921 275.61092384206131 1824.5143044323195 8470.9354651472822
leaf_count=10977 287176 44021 13642 1646 889 216416 3754 5450 14365 1890 4386 1761 12459 118955
internal_value=-8.5148e-05 -6.08315e-05 0.0002213 0.00262794 -0.00272694 -0.000364016 -0.00143561 0.00120863 8.40469e-05 0.000397601 0.00181388 0.00231581 0.00167757 -0.00062174
internal_weight=59885.9 59604.4 30881.1 1617.2 177.995 28723.3 4900.86 782.475 29263.9 20277.3 3062.4 2777.87 2502.25 8986.61
internal_count=737787 726810 457169 16177 2535 269641 53225 9204 440992 307672 20496 18606 16845 133320
is_linear=0
shrinkage=0.03


Tree=200
num_leaves=15
num_cat=0
split_feature=14 15 29 26 14 14 29 33 22 14 25 15 16 6
split_gain=8.90513 6.20864 4.61717 4.67482 4.39179 4.95274 4.36532 10.1234 10.0694 6.51676 6.32538 5.01139 10.6744 5.92923
threshold=20.450000000000003 41.616666666666674 0.1081146091668963 -0.098758305132271823 99.050000000000011 95.050000000000011 0.04846074869688833 54.500000000000007 6.5000000000000009 59.350000000000001 0.14181497560358067 73.341666666666683 80.450000000000017 0.91987179487179505
decision_type=8 8 10 10 10 10 10 2 8 10 10 8 10 2
left_child=-1 2 3 -2 5 6 7 8 9 -3 11 12 13 -9
right_child=1 4 -4 -5 -6 -7 -8 10 -10 -11 -12 -13 -14 -15
leaf_value=0.0070521022276648542 0.0024227705532872076 0.010047255055237641 0.0016460549510085008 -0.010210773944397752 0.0044095972794821019 -0.0028615750124382296 8.2579412937734147e-05 -0.0056977892651430845 -0.0025074339300985345 0.00091589411998520764 0.0018441728353070868 -0.0073081853604278499 0.0032612811485763292 0.0027785137268492429
leaf_weight=112.13379323831759 12.508888259762896 101.63006564450916 40.746396111790091 77.540350539959036 155.22793147224002 484.43725635739975 57347.794501087628 428.5647126797121 209.51789368549362 152.10347573715262 170.69238623231649 251.84008545917459 182.50338472297881 56.895450706128031
leaf_count=2256 347 1883 1406 5055 1390 5087 686994 11187 6730 2615 2081 4236 4137 1516
internal_value=3.08332e-05 1.1746e-05 -0.00553922 -0.0082174 2.85774e-05 1.34261e-05 3.94786e-05 -0.00150432 0.00206107 0.00562523 -0.00304289 -0.00399812 -0.0023281 -0.00453769
internal_weight=59784.1 59672 130.796 90.0492 59541.2 59386 58901.5 1553.75 463.251 253.734 1090.5 919.804 667.964 485.46
internal_count=736920 734664 6808 5402 727856 726466 721379 34385 11228 4498 23157 21076 16840 12703
is_linear=0
shrinkage=0.03


Tree=201
num_leaves=15
num_cat=0
split_feature=7 31 4 18 15 19 29 4 29 31 12 21 14 14
split_gain=7.24434 7.40699 8.89288 14.0598 6.24321 6.15429 6.11061 6.03139 5.81367 7.905 7.58321 6.81958 9.452 7.77304
threshold=8.5000000000000018 0.036304304861130579 1.4654761904761922 -5.5583333333333291 41.616666666666674 9.4333333333333318 0.07866011246639322 5.0125000000000002 0.18025005038850569 0.015326713191358298 49.95000000000001 1.0000000180025095e-35 70.450000000000017 73.850000000000009
decision_type=10 8 2 8 8 10 10 2 10 10 10 10 10 10
left_child=1 4 3 -3 6 -4 -1 8 -6 11 -11 -10 -13 -14
right_child=-2 2 5 -5 7 -7 -8 -9 9 10 -12 12 13 -15
leaf_value=-0.009907876584049435 -0.0028439029882021145 -0.00086629467592912494 -0.0038523208901686565 0.0067937674958883209 0.00016183188247701369 0.0045527322075316033 0.00045935504312470221 -0.0034569983306065458 -0.0024528241325405074 0.0037636572179264465 -0.0041507131032607449 -0.0035252862751681108 0.0082341369014666752 0.0011813478372987983
leaf_weight=61.857560242759064 716.58734304492828 330.40185920288786 243.78930951398797 520.05900437710807 54133.750361722283 60.604325570166111 86.544651961652562 385.31581600708887 720.44329269696027 84.025042295688763 893.18563504330814 287.43174466537312 115.36385894287378 1129.0194875705056
leaf_count=3824 14888 4530 2058 4054 677206 313 3673 3221 4981 721 6701 2042 873 7743
internal_value=5.37945e-05 9.13339e-05 0.00241945 0.00393499 4.2848e-05 -0.00177266 -0.00526984 6.10476e-05 8.76687e-05 -0.001139 -0.00332013 -0.000141098 0.000989317 0.00212801
internal_weight=59768.4 59051.8 1154.85 850.461 57896.9 304.394 148.402 57748.5 57363.2 3229.47 977.211 2252.26 1531.82 1244.38
internal_count=736828 721940 10955 8584 710985 2371 7497 703488 700267 23061 7422 15639 10658 8616
is_linear=0
shrinkage=0.03


Tree=202
num_leaves=15
num_cat=0
split_feature=21 24 23 14 19 23 23 3 16 34 7 19 23 15
split_gain=6.29912 9.21564 7.60202 11.0415 8.24105 6.16564 5.72353 7.54407 6.08158 10.7993 8.01883 11.1207 11.3848 11.9782
threshold=0.91608391608391615 0.19719775590741834 -1.4949999999999999 87.250000000000014 -2.323205128205124 -1.9949999999999999 1.5850000000000002 59.750000000000007 86.850000000000009 0.019706517207711858 4.5000000000000009 5.9340277777777795 3.0750000000000006 74.941666666666677
decision_type=10 10 8 10 10 10 8 2 10 2 10 10 8 10
left_child=2 -2 3 4 5 -1 7 -4 10 -10 -8 -12 -13 -14
right_child=1 -3 6 -5 -6 -7 8 -9 9 -11 11 12 13 -15
leaf_value=-0.0054080967283382146 -0.0060791892140045012 2.1991350145320788e-05 -0.00079599440825706526 -0.0034640568009608945 0.002805975836761222 0.0031097417530888622 0.00027321122599935696 0.0010359319494161095 0.00040870650327309225 0.0035410991788581872 -0.0012146666107111671 0.0041028148149618669 0.0016813197078299914 -0.0041148442493939711
leaf_weight=166.38309041014872 330.26872166804969 537.24465466639958 14407.119354474591 306.20818802015856 2182.2506762188859 78.243972714757547 19768.733472760185 2308.2378208211157 8082.6414920182433 1082.1217935709283 8615.3925649167504 728.99817876471207 817.4832551474683 460.109151173383
leaf_count=2260 2944 3509 132197 1961 15339 1241 264882 17949 102168 12865 164767 5357 6749 3789
internal_value=-3.88473e-05 -0.00250548 -4.90611e-07 0.00153006 0.0022174 -0.00261828 -7.61223e-05 -0.000540687 0.000120628 0.000795769 -8.39428e-05 -0.000746813 0.00124263 -0.000482455
internal_weight=59871.4 867.513 59003.9 2733.09 2426.88 244.627 56270.8 16715.4 39555.5 9164.76 30390.7 10622 2006.59 1277.59
internal_count=737977 6453 731524 20801 18840 3501 710723 150146 560577 115033 445544 180662 15895 10538
is_linear=0
shrinkage=0.03


Tree=203
num_leaves=15
num_cat=0
split_feature=35 13 23 30 13 16 7 8 30 6 16 28 20 33
split_gain=7.5426 10.5809 8.2182 7.41668 7.14097 10.6051 9.87743 10.2899 8.06712 7.42971 12.143 10.478 7.54396 11.0337
threshold=1.5000000000000002 92.350000000000009 -3.4949999999999997 287.50000000000006 71.550000000000011 92.950000000000017 6.5000000000000009 3.5000000000000004 3258.5000000000005 0.71825396825396837 74.550000000000011 -2.7499999999999996 11.500000000000002 50.500000000000007
decision_type=2 10 8 10 8 10 10 2 10 2 10 10 10 2
left_child=1 -1 3 -2 5 6 9 8 -8 10 12 -12 13 -4
right_child=2 -3 4 -5 -6 -7 7 -9 -10 -11 11 -13 -14 -15
leaf_value=0.00067063631141564127 0.0024730556848383007 -0.0031225460347635474 0.005008710479456893 -0.0070142125097409826 -0.00045460566300380199 0.0074345510462713905 -0.0010331662858123183 -0.005911776481789947 0.0089286037913905644 -0.000506260776999098 -0.0018746664038185139 0.0025740291070603999 0.00042599474181995021 -0.0046968500375462394
leaf_weight=16298.655006363988 71.552107836818323 640.77967292815447 85.25008453137707 235.08356981072575 29079.608050290612 139.14928015158512 1291.2855706806295 372.03430170379579 27.523062619613484 3741.698101278278 501.01389086514246 4166.0140595237026 2621.3935498303326 545.33615626033861
leaf_count=76797 673 3019 2112 2270 400528 2615 28458 8996 568 71157 9691 62541 56061 11152
internal_value=-1.66709e-05 0.000518382 -0.000228412 -0.00476405 -0.000190191 0.000379336 0.000278344 -0.00183162 -0.000506717 0.000590811 0.0011091 0.00208164 -0.000297027 -0.00311316
internal_weight=59816.4 16939.4 42876.9 306.636 42570.3 13490.7 13351.5 1690.84 1318.81 11660.7 7919.01 4667.03 3251.98 630.586
internal_count=736638 79816 656822 2943 653879 253351 250736 38022 29026 212714 141557 72232 69325 13264
is_linear=0
shrinkage=0.03


Tree=204
num_leaves=15
num_cat=0
split_feature=23 13 6 5 20 33 10 23 7 17 4 10 26 23
split_gain=6.21268 5.68286 9.35869 8.51487 8.25119 7.82249 6.52882 7.15305 6.19232 9.0394 6.77628 7.51865 6.63493 5.92561
threshold=-4.4949999999999992 93.450000000000017 0.78759398496240618 7.5000000000000009 336.50000000000006 44.500000000000007 187.50000000000003 8.9050000000000029 4.5000000000000009 74.801282051282072 -1.680194805194805 251.50000000000003 -0.16070093453685952 7.8050000000000006
decision_type=8 8 2 2 10 2 2 10 10 10 2 2 10 10
left_child=-1 4 3 6 5 8 -3 13 9 -2 11 12 -10 -8
right_child=1 2 -4 -5 -6 -7 7 -9 10 -11 -12 -13 -14 -15
leaf_value=-0.003669735288864117 0.0041678245497781732 -0.0017970985360520962 0.00095275144965431503 -0.0043855695284486171 -0.0045297053938110742 5.1910701375843257e-05 0.00014674406126497189 -0.0059102265477685191 0.0035188982633872854 -0.00014195933751848339 0.0011045185567080532 0.0019919480362863232 -0.0069743514057601166 0.0074964848030044107
leaf_weight=365.78178125317208 1195.5424712083768 3276.8476840762887 2422.6821428753901 631.1660736144986 288.31259275367483 45046.170950665313 3253.3512039571069 121.45302737923339 34.004776469664648 670.61005303007551 2181.3130952739157 164.07249227981083 251.46058805135544 51.901621267432347
leaf_count=2363 18961 39325 31835 10100 5858 537887 36644 3813 460 6176 33400 4078 6430 1079
internal_value=-1.53175e-05 1.01726e-05 -0.000649999 -0.00118226 0.000139961 0.000171676 -0.000850419 6.76862e-05 0.00135759 0.00265579 0.000404372 -0.00276349 -0.00538621 0.000372148
internal_weight=59954.7 59588.9 9757.4 7334.72 49831.5 49543.2 6703.55 3426.71 4497 1866.15 2630.85 449.538 285.465 3305.25
internal_count=738409 736046 122796 90961 613250 607392 80861 41536 69505 25137 44368 10968 6890 37723
is_linear=0
shrinkage=0.03


Tree=205
num_leaves=15
num_cat=0
split_feature=35 16 5 17 17 34 32 14 23 24 29 14 13 13
split_gain=6.17524 8.95491 7.41037 7.15344 17.501 9.51191 8.06963 7.73664 7.04358 7.13949 6.49718 5.98601 12.4474 10.9043
threshold=9.5000000000000018 88.050000000000011 10.500000000000002 81.181414473684228 88.561818181818197 -0.0012536092606790837 0.12347203460238336 73.15000000000002 2.9050000000000007 0.016646760983624668 0.082732683536247617 67.850000000000009 65.450000000000017 73.050000000000011
decision_type=2 10 2 10 10 2 2 10 10 10 10 8 10 10
left_child=2 11 -1 5 6 7 -5 -4 -3 -10 -9 12 -2 -14
right_child=1 8 3 4 -6 -7 -8 10 9 -11 -12 -13 13 -15
leaf_value=-0.00019134058465413982 -0.0048659901111456627 -0.0034892289516977866 0.0045017400180663676 0.0011211037420232851 -0.0028135876520375578 -0.0011779641594196579 0.0084391753653382078 0.00461787495041136 -0.0036535525629301127 0.0081089273674194873 -0.0029027733236219174 -0.0055292670780602553 0.010481020006053565 -0.0043829036361221407
leaf_weight=55487.164733032725 166.71195184136741 82.487638615537435 624.84593128575943 219.82229445967823 247.49677788279951 1410.9839280142915 394.91111174179241 98.460873453877866 30.274201178224757 128.09088936285116 294.91182675538585 539.74254360795021 80.091969870380126 33.51444208715111
leaf_count=607694 19587 4680 9352 2608 2620 17551 4086 1397 2728 8222 3400 45165 6792 2355
internal_value=-0.00015085 -0.00236683 -0.000108876 0.00126338 0.00352997 0.000403907 0.00610347 0.0025485 0.00236738 0.00552319 -0.000711878 -0.00381341 -0.000172735 0.00609671
internal_weight=59839.5 1060.91 58778.6 3291.43 862.23 2429.2 614.733 1018.22 240.853 158.365 393.373 820.061 280.318 113.606
internal_count=738237 89529 648708 41014 9314 31700 6694 14149 15630 10950 4797 73899 28734 9147
is_linear=0
shrinkage=0.03


Tree=206
num_leaves=15
num_cat=0
split_feature=35 3 29 9 15 20 3 1 30 18 24 18 26 16
split_gain=4.87195 11.3243 8.9642 9.58302 9.69039 8.91367 7.63579 7.55707 9.67009 6.55952 6.20843 6.05689 5.99927 5.49531
threshold=6.5000000000000009 58.250000000000007 0.088685975404690379 32.500000000000007 76.383333333333354 13.500000000000002 55.750000000000007 1606.5000000000002 63.500000000000007 -4.666666666666667 0.090896757371273618 -12.26666666666666 -0.058301717534824347 76.450000000000017
decision_type=2 2 10 2 10 8 2 2 10 10 10 10 8 10
left_child=-1 2 3 12 -5 9 -6 8 -7 11 -9 -3 -2 -14
right_child=1 5 -4 4 6 7 -8 10 -10 -11 -12 -13 13 -15
leaf_value=7.5506080899519077e-05 -0.0020250239296191442 -0.0021042879575898857 0.0012155964975160399 -0.0037434136815579157 0.0051146994304373051 0.003770980344053397 -0.0028396786053236402 -0.0022619471217633406 -0.0056932726614321817 -0.0048080520692456059 0.0067547542540257726 0.0069283096873361304 -0.00097103635292658985 0.006490648006122546
leaf_weight=53641.995913118823 185.56622328585945 73.448021932854317 2370.5717662347015 1268.9051019380568 194.24062908929773 72.746606296626851 152.28505440847948 146.19746225746349 1023.7425158965343 58.419095414690673 57.284277286846191 142.61230914411135 114.70271831972059 221.52200014085975
leaf_count=466742 6784 4304 97052 75458 7870 2969 5718 5883 39366 1467 1720 4660 6307 10144
internal_value=-1.60007e-05 -0.000817075 -4.26921e-05 -0.00143425 -0.00255935 -0.00296465 0.00170176 -0.00397738 -0.00492829 0.00170557 0.00110813 0.00403934 0.00196819 0.00414894
internal_weight=59724.2 6082.24 4507.79 2137.22 1615.43 1574.45 346.526 1299.97 1096.49 274.479 203.482 216.06 521.791 336.225
internal_count=736444 269702 209333 112281 89046 60369 13588 49938 42335 10431 7603 8964 23235 16451
is_linear=0
shrinkage=0.03


Tree=207
num_leaves=15
num_cat=0
split_feature=25 14 32 30 6 34 24 16 2 20 1 0 6 33
split_gain=6.06484 9.22171 9.2108 10.5485 7.40725 6.35342 6.17375 5.92474 6.28094 5.99218 7.2089 8.67566 8.66684 8.61558
threshold=0.22217302017225124 82.250000000000014 0.091158430585348907 1842.5000000000002 0.54195804195804198 0.034799711925702519 0.0054366142749726282 60.350000000000001 5.5000000000000009 9.5000000000000018 1212.5000000000002 8.5000000000000018 0.45804195804195807 350.50000000000006
decision_type=10 8 2 10 2 2 8 8 10 8 2 2 2 2
left_child=6 5 4 -4 -3 -2 -1 8 -8 10 11 -9 -13 -14
right_child=1 2 3 -5 -6 -7 7 9 -10 -11 -12 12 13 -15
leaf_value=-0.004559934266005863 -0.0026349698405302535 -0.00045798762704503637 -0.0014607866709954432 0.0017784129594646018 0.0089718117729183696 0.0037763338764518544 -0.0043629647082030418 0.005201199235137067 0.0025159746616660815 1.5312577923840262e-05 0.0003029240082857339 -0.002276480997306899 0.0064186170280044674 -0.0010766158899330469
leaf_weight=208.84936967806425 2426.3587586176582 121.93446201179177 2710.9884340008721 1297.5549269365147 127.20457455539145 104.50839581247419 451.24658476060722 673.31900453357957 120.59045722289011 47353.395241074002 3310.9114669396076 419.18350735143758 274.16860166587867 218.63987314631231
leaf_count=8240 18117 1017 18865 9114 1117 703 16974 6238 5230 600363 39544 5104 4098 2790
internal_value=-4.63649e-05 -0.000887214 -2.91581e-05 -0.000403274 0.0050515 -0.00230219 6.20088e-05 8.45783e-05 -0.00282666 0.000119112 0.00111269 0.00274292 0.000751986 0.00330041
internal_weight=59818.9 6788.55 4257.68 4008.54 249.139 2530.87 53030.3 52821.5 571.837 52249.6 4896.22 1585.31 911.992 492.808
internal_count=737514 48933 30113 27979 2134 18820 688581 680341 22204 658137 57774 18230 11992 6888
is_linear=0
shrinkage=0.03


Tree=208
num_leaves=15
num_cat=0
split_feature=22 9 22 15 15 29 29 19 12 30 27 16 13 10
split_gain=6.64576 8.55745 8.74777 13.1225 14.426 8.729 8.23643 7.63 8.99156 8.74175 8.31361 7.57871 8.27138 7.35807
threshold=8.5000000000000018 44.500000000000007 10.500000000000002 69.783333333333346 72.658333333333346 0.054553962649423589 0.16286096421842991 -6.5941919191919132 82.050000000000011 108.50000000000001 318.50000000000006 75.550000000000011 46.150000000000013 17.500000000000004
decision_type=8 2 8 10 10 8 10 8 10 10 10 10 10 2
left_child=13 7 3 11 -5 -4 -6 -2 9 -9 -11 12 -3 -1
right_child=1 2 5 4 6 -7 -8 8 -10 10 -12 -13 -14 -15
leaf_value=-0.0014612195891933509 0.0035439238271446857 -0.0025255334216222106 -0.0047139228656128103 0.010179027716901627 0.0037769077086674532 0.000712200186254055 -0.0030619999425490494 0.0017826679316730483 0.006312232647813748 -0.0032801299729750258 0.0042234166933654716 -0.002472538049662007 0.0038935481648705562 -6.4569831121392518e-05
leaf_weight=3618.733674535295 268.97488228220027 214.57013866270427 231.29854682157747 274.28370029735379 919.49231537827291 5263.9769565049792 150.40173069317825 446.71402498660609 80.829438960179687 1683.8367789865006 101.62089155195281 485.64712130255066 573.01313932833727 45570.920038744109
leaf_count=41249 10125 7841 7391 4319 13808 80640 1469 6346 903 24891 1669 10310 15892 510777
internal_value=-2.12066e-05 0.000654796 0.00113206 0.00254258 0.0045539 0.000443368 0.00272173 -0.000837822 -0.00141157 -0.00182343 -0.00274964 0.000327338 0.00209836 -0.000168697
internal_weight=59884.3 10694.7 8112.68 2617.41 1344.18 5495.28 1069.89 2581.98 2313 2232.17 1785.46 1273.23 787.583 49189.7
internal_count=737630 185604 141670 53639 19596 88031 15277 43934 33809 32906 26560 34043 23733 552026
is_linear=0
shrinkage=0.03


Tree=209
num_leaves=15
num_cat=0
split_feature=28 10 13 18 34 25 30 19 19 30 29 8 29 24
split_gain=6.84836 9.43534 8.09678 9.51388 7.72121 9.19852 7.80694 7.90056 8.89793 7.47624 12.7626 8.8265 8.11588 7.29156
threshold=1.0000000180025095e-35 23.500000000000004 71.050000000000011 -9.5833333333333233 0.00062517205882182188 0.057204920897835153 3656.5000000000005 -12.83333333333333 7.9980324074074085 2253.5000000000005 0.09582261066000243 1.5000000000000002 0.13634648656906254 0.18270658644858181
decision_type=8 2 8 8 2 10 8 10 10 8 8 2 10 10
left_child=1 -1 4 -4 6 -6 7 -2 -9 11 -11 -3 -12 -13
right_child=2 9 3 -5 5 -7 -8 8 -10 10 12 13 -14 -15
leaf_value=-0.0013568151228560688 0.0068329043950289209 -0.0033093869812549485 -0.0029876423066684406 -0.00041351934386485287 -0.0015923325895837619 0.0024194106008117652 0.0072344476269481607 -0.0013819518246020548 0.003168243887678601 -0.0011734440335513391 0.0036499787558429467 0.00071920065965343086 0.00073030143364713614 -0.00045441690772943314
leaf_weight=2626.4996742828516 75.419144619372673 548.58266794751398 1331.2633793728892 20617.770820269943 599.99937538441736 2622.0349821022246 68.776657321723178 3125.457266712212 392.59777331957594 1109.6816169264494 2083.8284082879545 16474.765434190631 1482.5924416242633 6655.0110231807921
leaf_count=35571 4095 7681 27580 201795 12502 29156 1006 48028 2588 17625 24242 255975 12948 56190
internal_value=3.77326e-05 0.000347142 -0.000294749 -0.000576082 0.000599907 0.00165944 -0.00034206 -0.000584358 -0.00083689 0.000507092 0.00159685 0.000288971 0.00246312 0.00038127
internal_weight=59814.3 30981 28833.3 21949 6884.29 3222.03 3662.25 3593.47 3518.06 28354.5 4676.1 23678.4 3566.42 23129.8
internal_count=736982 410232 326750 229375 97375 41658 55717 54711 50616 374661 54815 319846 37190 312165
is_linear=0
shrinkage=0.03


Tree=210
num_leaves=15
num_cat=0
split_feature=22 4 22 31 2 34 32 21 34 14 14 25 3 4
split_gain=9.5684 9.07578 7.17768 18.4084 18.6365 7.29235 9.81642 6.87488 10.0194 7.19165 6.39134 6.31268 6.50221 6.24296
threshold=8.5000000000000018 3.5156250000000004 10.500000000000002 0.002442925943117616 4.5000000000000009 0.026257533215361128 0.15847158587181076 0.133739837398374 -0.00045631780127589576 85.050000000000011 76.65000000000002 0.11357738477416782 55.750000000000007 0.82247899159663629
decision_type=10 2 10 8 8 2 2 10 2 10 10 10 2 2
left_child=-1 2 5 7 -5 6 11 8 -4 -9 -6 -2 -13 -12
right_child=1 -3 3 4 10 -7 -8 9 -10 -11 13 12 -14 -15
leaf_value=-0.00023948411344772532 0.0027936967174545164 -0.0036659365611804292 -0.0038602316930782567 -0.0010495862233583651 0.0093862494519760271 -0.0026786882979200175 0.0068765926158886673 -0.0077260102777879291 0.0025442564914895599 0.00075987442153825256 -0.0020933840865635764 0.0039538318051023907 -0.001079645031425465 0.0064279894761614092
leaf_weight=53435.995517171803 2043.5698620306794 310.06624330161139 412.85729082103353 560.86748508247547 276.19428604363929 236.20376790023874 345.21633535483852 291.81375756161287 371.78917279711459 110.60110317287035 124.54756765067577 249.19039078173228 963.25230493629351 97.904850249644369
leaf_count=609996 50475 3750 12143 10247 5943 4091 3978 5556 9241 1853 1846 4466 13013 1264
internal_value=-0.000107993 0.000984223 0.00124916 -9.86242e-05 0.00270922 0.00202933 0.00237058 -0.00261298 -0.000854969 -0.0055675 0.0066474 0.00179606 7.04948e-05 0.0021484
internal_weight=59830.1 6394.07 6084.01 2246.58 1059.51 3837.43 3601.23 1187.06 784.646 402.415 498.647 3256.01 1212.44 222.452
internal_count=737862 127866 124116 48093 19300 76023 71932 28793 21384 7409 9053 67954 17479 3110
is_linear=0
shrinkage=0.03


Tree=211
num_leaves=15
num_cat=0
split_feature=35 0 5 23 23 7 18 30 17 25 10 30 23 35
split_gain=5.66801 6.94818 6.85979 10.2894 7.18993 5.35644 7.06362 6.4494 13.3819 7.75416 7.21377 6.56171 7.26997 8.12303
threshold=9.5000000000000018 11.500000000000002 9.5000000000000018 3.9750000000000005 0.19500000000000003 6.5000000000000009 -19.633333333333319 1241.5000000000002 76.101063829787265 0.15306209113257402 24.500000000000004 294.50000000000006 4.8850000000000007 3.5000000000000004
decision_type=2 2 2 8 10 10 10 8 10 10 2 10 10 2
left_child=5 -2 3 4 -3 -1 -7 8 11 10 -9 12 -8 -14
right_child=1 2 -4 -5 -6 6 7 9 -10 -11 -12 -13 13 -15
leaf_value=8.5785518363358035e-05 -0.0057254429152840541 -0.0026823280677123664 -0.0040058655042419025 -0.0017180441738959187 0.0089716080020487456 -0.0065347535175762491 0.0036883933099151646 0.00616231092354324 -0.0035129398674044196 0.0060957950404610843 -0.00078804528429160287 -0.0014281933822525141 -0.0056309388954143965 0.0021098440496205104
leaf_weight=53698.551025519613 292.41788901027758 38.038866417133249 269.45183354604524 317.45973619516008 140.0899997720262 145.23504405468702 645.81528378021903 102.87944991048425 1465.43996256846 178.95886652194895 1061.90428202576 1096.4064100666437 161.3094266243279 245.28191975946538
leaf_count=575420 27717 2369 21634 28860 9013 5252 7456 1628 18847 2011 15497 16060 1107 5359
internal_value=-4.28484e-05 -0.00216913 -0.000541972 0.00153587 0.0064405 -2.80009e-06 -0.000926727 -0.000698847 -0.00135399 0.00104865 5.42152e-05 0.000164761 0.00181382 -0.00124153
internal_weight=59859.2 1057.46 765.04 495.589 178.129 58801.8 5103.23 4958 3614.25 1343.74 1164.78 2148.81 1052.41 406.591
internal_count=738230 89593 61876 40242 11382 648637 73217 67965 48829 19136 17125 29982 13922 6466
is_linear=0
shrinkage=0.03


Tree=212
num_leaves=15
num_cat=0
split_feature=28 5 26 30 1 33 19 19 31 17 10 34 30 32
split_gain=6.22194 6.62634 8.63927 10.0485 9.52168 10.4068 9.02007 7.56577 8.57006 7.1057 7.06563 7.20772 6.91262 6.65293
threshold=-1.7499999999999998 8.5000000000000018 -0.10504814905215328 1559.5000000000002 1155.0000000000002 78.500000000000014 2.630303030303033 7.9980324074074085 0.0023376809706621171 77.301388888888908 294.50000000000006 -0.0064076598392973838 375.50000000000006 0.068640750336587966
decision_type=10 2 8 8 2 2 8 10 10 10 2 2 10 2
left_child=1 7 6 4 5 -4 -3 13 -9 -5 11 -6 -8 -1
right_child=-2 2 3 9 10 -7 12 8 -10 -11 -12 -13 -14 -15
leaf_value=-0.0029916331218483366 0.00012136637261810016 -0.0054872102573465358 -0.00035731731271638399 -0.0046953997092966668 -0.0017094653152449572 0.010493955092962356 -0.004147924470177527 -0.0011367658973262058 0.0049029413357266445 0.0027453085694180766 -0.0029180962796475185 0.0048678169194238024 0.0040051737841632282 -0.00079607766176537672
leaf_weight=1392.4730754242046 45927.321757184691 285.71000802353956 107.63452875218354 246.01023679599166 182.04767095309217 223.53301409003325 94.220704780891538 393.77602495905012 371.53850123519078 147.53491286188364 198.99553821852896 463.28395764029119 227.07794434879906 9567.2428254060214
leaf_count=32404 541105 5560 2483 4513 4160 4089 889 2514 2140 2277 4229 9121 2050 120159
internal_value=-4.70582e-05 -0.000601951 0.000903504 0.00206408 0.00341855 0.00738289 -0.00202521 -0.000883999 0.0019162 -0.00191095 0.00153781 0.00302287 0.00137767 -0.00108735
internal_weight=59828.4 13901.1 2176.05 1569.04 1175.49 331.168 607.009 11725 765.315 393.545 844.327 645.332 321.299 10959.7
internal_count=737693 196588 39371 30872 24082 6572 8499 157217 4654 6790 17510 13281 2939 152563
is_linear=0
shrinkage=0.03


Tree=213
num_leaves=15
num_cat=0
split_feature=7 6 1 20 23 26 9 30 20 2 4 34 20 10
split_gain=9.14484 7.51003 7.92239 10.4801 9.70368 12.1005 9.57338 9.5901 9.39291 12.9283 8.51481 8.15717 8.37161 9.6374
threshold=8.5000000000000018 0.55277777777777792 1385.0000000000002 7.5000000000000009 0.30500000000000005 -0.25137686628843908 92.500000000000014 300.50000000000006 157.50000000000003 7.5000000000000009 4.2222222222222259 -0.016200792966956857 107.50000000000001 256.50000000000006
decision_type=10 2 2 8 8 10 2 8 10 10 2 2 10 2
left_child=1 -1 3 -3 5 -5 8 -8 9 -6 -4 -7 -13 -14
right_child=-2 2 10 4 6 11 7 -9 -10 -11 -12 12 13 -15
leaf_value=0.00036526719994827166 -0.0032376829699808573 0.0036942425166048478 -0.00074688562039255133 0.0081293178227565578 -0.0012458463148177568 0.0061348394368347615 -0.0021223092790170904 0.0047157921419981232 0.0017401962727442593 0.0022393651329815985 -0.0059239388769695813 0.0011081146693661097 -0.007394771485220995 0.0023372014106648959
leaf_weight=30376.716540790629 727.83255224756431 660.38562954775989 12448.608208454563 182.48110050847754 9549.2034603513312 197.84440511092544 230.34660746774171 559.43294386437628 1321.1727287118556 1018.2083621347556 244.09022913686931 2086.23276358156 189.0539180804044 117.47042159247212
leaf_count=358045 15026 7710 159532 1210 128998 1853 3108 7469 19060 12527 2110 18263 1969 1147
internal_value=-5.97149e-06 3.64728e-05 -0.0003103 0.000131399 -3.22992e-05 0.00155902 -0.000385119 0.00271378 -0.000601488 -0.000901069 -0.000869298 0.000951048 0.000405629 -0.00386043
internal_weight=59909.1 59181.2 28804.5 16111.8 15451.4 2773.08 12678.4 789.78 11888.6 10567.4 12692.7 2590.6 2392.76 306.524
internal_count=738027 723001 364956 203314 195604 24442 171162 10577 160585 141525 161642 23232 21379 3116
is_linear=0
shrinkage=0.03


Tree=214
num_leaves=15
num_cat=0
split_feature=22 20 4 2 24 24 25 15 25 19 35 29 29 21
split_gain=7.77062 7.84664 7.18944 6.76087 7.0651 6.70765 8.17713 10.7783 7.19081 7.21155 6.42396 6.40068 8.13797 6.41591
threshold=8.5000000000000018 11.500000000000002 3.5156250000000004 6.5000000000000009 0.074533930197773782 0.20313740187037013 0.1003037567342541 77.558333333333351 0.024133444057859756 -9.4197222222222248 1.5000000000000002 0.078928095129773126 0.090775294545398302 0.13527590090090094
decision_type=10 10 2 8 10 10 10 10 10 10 2 8 10 10
left_child=10 3 5 11 -5 6 7 8 9 -3 -1 -2 -13 -14
right_child=1 2 -4 4 -6 -7 -8 -9 -10 -11 -12 12 13 -15
leaf_value=0.00037334017439328687 -0.0070246241619034214 -0.0071602138402910272 -0.003079028542750419 0.0050333065183239467 -0.0047854993110155019 0.0062122632360775117 0.00014639049202976718 -0.0018446231813467238 0.0040575287355995946 0.0018467943134548275 -0.00034456161175647719 0.0053652320814547468 0.00014260964308300645 -0.0075653727336961523
leaf_weight=15951.32354529202 196.83456090767868 63.231080061988905 262.18210456497036 178.85187640599906 48.019360899459571 227.98313613515347 2496.2805580648128 390.30953662819229 1851.3076971896226 227.47866921417881 37495.089737085858 92.909207382937893 235.37288178259041 113.41418975172564
leaf_count=74947 5716 6571 3209 3746 571 2222 37583 6733 44960 8262 535510 2079 4326 1478
internal_value=-1.16914e-05 0.000973329 0.00139035 -0.00161673 0.00246616 0.00164018 0.00137377 0.00255742 0.00338332 -0.000875563 -0.000130152 -0.00314114 -0.000872187 -0.00299807
internal_weight=59830.6 6384.17 5518.77 865.402 226.871 5256.59 5028.61 2532.33 2142.02 290.71 53446.4 638.531 441.696 348.787
internal_count=737913 127456 109540 17916 4317 106331 104109 66526 59793 14833 610457 13599 7883 5804
is_linear=0
shrinkage=0.03


Tree=215
num_leaves=15
num_cat=0
split_feature=22 29 8 8 27 27 18 27 3 17 25 29 25 8
split_gain=5.80836 9.43529 8.70583 8.93776 8.36238 9.68645 9.89249 7.15438 7.82783 8.86058 7.06691 7.4876 18.9037 12.8089
threshold=6.5000000000000009 0.058975883411079615 1.0000000180025095e-35 1.5000000000000002 -509.49999999999994 -1018.9999999999999 -8.2583333333333311 -193.49999999999997 58.750000000000007 74.900806451612922 0.018520179427388001 0.12727669536923142 0.11751963582774221 1.5000000000000002
decision_type=8 10 2 2 8 10 10 8 2 8 10 10 10 2
left_child=2 -2 -1 -4 5 -3 -7 -6 9 10 -9 13 -13 -12
right_child=1 4 3 -5 7 6 -8 8 -10 -11 11 12 -14 -15
leaf_value=0.0059670710045602558 -0.0019435150399955692 -0.0053616929265035574 -0.0028193364352759342 -0.00012329678173835597 -0.0008971504715451677 -0.0011245978190208828 0.0091702091062476343 -0.0024329634693971737 -0.00040116161730943846 0.00052057574690968222 -0.0054151653377670717 0.0033724408237473234 -0.0051138639979651417 0.0037697793647472034
leaf_weight=157.28984072385356 1291.3531927302247 36.077083641896024 1087.8287899704883 40721.91900033725 2510.5267750950297 103.28286262834445 246.1731776825618 226.28554238134529 3434.1608863939473 6116.3666941269767 100.78274771571159 589.17506634537131 324.84550808160566 2819.3730572423665
leaf_count=1228 36880 780 11215 421127 39779 3336 3612 11412 46004 84160 2453 9104 3566 62105
internal_value=2.60654e-05 0.000479436 -0.000166553 -0.000196728 0.000674281 0.00478051 0.00636763 0.000561607 0.000832972 0.00124935 0.00232744 0.0026361 0.000247579 0.00336696
internal_weight=59765.4 17798.4 41967 41809.7 16507 385.533 349.456 16121.5 13611 10176.8 4060.46 3834.18 914.021 2920.16
internal_count=736761 303191 433570 432342 266311 7728 6948 258583 218804 172800 88640 77228 12670 64558
is_linear=0
shrinkage=0.03


Tree=216
num_leaves=15
num_cat=0
split_feature=22 10 27 32 30 5 5 33 34 15 24 31 30 13
split_gain=7.47513 10.2772 10.9879 7.58687 5.90869 7.40876 8.19265 7.13129 12.924 5.75072 7.04035 7.46986 7.02807 8.05847
threshold=8.5000000000000018 15.500000000000002 70.500000000000014 0.18406886508269002 410.50000000000006 7.5000000000000009 2.5000000000000004 1244.5000000000002 0.027025298304076528 83.016666666666694 0.026162244067225299 0.0128893081415921 178.50000000000003 78.250000000000014
decision_type=10 2 10 2 10 2 2 2 2 10 10 8 8 8
left_child=3 2 -2 -1 5 6 -5 8 -6 10 11 -3 -13 -14
right_child=1 9 -4 4 7 -7 -8 -9 -10 -11 -12 12 13 -15
leaf_value=6.1322868481692588e-05 0.001279245588088064 -0.0015372626808751919 0.010929974256963609 0.0036290725618563194 -0.0062288237575417599 0.0054735901259640755 -0.0033641430132933048 0.0011514784053773275 -0.00024886920566738528 -0.0017792875814507971 0.0017664566455638867 -0.0022471999996110823 0.0097343192881667508 -0.0024934940924524079
leaf_weight=51139.699924394401 275.22335384774487 1320.7658549603075 140.48668314353563 178.4692169087939 703.85893266648054 154.56438805768266 403.41692668385804 328.24308583093807 579.73069308046252 683.20557662472129 3720.3970517612761 93.539446943090297 122.52793783077504 43.571040612412617
leaf_count=593295 5484 42342 3391 1185 4970 1358 2908 2468 4398 9797 60643 2288 2933 837
internal_value=0.000100367 0.00106517 0.00536397 -1.59562e-05 -0.00166509 0.000538462 -0.00110183 -0.00265781 -0.00363858 0.000724559 0.00106088 -0.000603326 0.00362862 0.00669195
internal_weight=59887.7 6399.72 415.71 53488 2348.28 736.451 581.886 1611.83 1283.59 5984.01 5300.8 1580.4 259.638 166.099
internal_count=738297 127715 8875 610582 17287 5451 4093 11836 9368 118840 109043 48400 6058 3770
is_linear=0
shrinkage=0.03


Tree=217
num_leaves=15
num_cat=0
split_feature=29 23 23 6 16 6 17 2 27 30 32 20 2 3
split_gain=6.34011 8.81826 8.52696 8.55195 9.2944 9.76537 11.2895 8.94309 10.3252 8.33663 11.7606 8.15338 7.86529 10.3733
threshold=0.11210672788463004 -4.4949999999999992 6.8050000000000006 0.10263157894736843 71.250000000000014 0.47213622291021679 72.702173913043495 5.5000000000000009 210.50000000000003 2477.5000000000005 0.057161172161172176 211.50000000000003 6.5000000000000009 55.750000000000007
decision_type=10 8 10 2 8 2 8 10 10 8 2 10 10 2
left_child=1 -1 3 -2 11 7 -7 8 -6 12 -11 -5 -3 -14
right_child=2 9 -4 4 5 6 -8 -9 -10 10 -12 -13 13 -15
leaf_value=-0.0062057167133911127 -0.0022337873758572972 -0.00026576314568050767 0.0018653201657560586 -0.0029799156286122201 0.0013141620597875399 0.0016129725059720946 -0.00053263279463223014 -0.00049613282551627474 0.0050988919336229918 0.0050309572102178353 -0.0022381690606944928 0.0061189578966024298 0.0033760424677563823 0.00019957180763891761
leaf_weight=172.12173716770485 1200.3476751763374 24818.56980527885 3006.0879503560718 1049.946034968365 6234.578290731879 2754.9217969286256 10306.516336353496 2109.2789274486713 686.23629769030958 169.23175243625883 2711.0859743873589 50.092048911377788 1231.83884712914 3351.4331489988836
leaf_count=1227 11207 369995 42714 12647 51819 27046 90741 17904 5887 3925 36023 610 21934 44614
internal_value=3.56238e-05 -0.000247907 0.00037132 0.000183758 0.000313422 0.000449368 -7.5656e-05 0.00120502 0.00172332 -0.000206593 -0.00173252 -0.00231756 -5.44203e-05 0.00108053
internal_weight=59852.3 32454.3 27398 24391.9 23191.6 22091.5 13061.4 9030.09 6920.81 32282.2 2880.32 1100.04 29401.8 4583.27
internal_count=738293 477718 260575 217861 206654 193397 117787 75610 57706 476491 39948 13257 436543 66548
is_linear=0
shrinkage=0.03


Tree=218
num_leaves=15
num_cat=0
split_feature=11 11 4 30 31 22 34 31 24 24 34 6 24 13
split_gain=6.66623 15.7825 8.69143 9.82807 7.78991 8.59058 9.83704 8.48035 14.6756 8.03137 7.58509 7.34462 7.29717 6.79863
threshold=27.500000000000004 16.500000000000004 2.8385416666666683 1610.5000000000002 0.0072881139516670296 5.5000000000000009 -0.0073445504948374445 0.00064433979830543018 0.042925424904575508 0.082562780813709158 -0.020782698952532343 0.36602870813397131 0.027340354300479732 75.250000000000014
decision_type=2 2 2 10 8 10 2 10 10 10 2 2 10 10
left_child=1 -1 3 4 7 6 -6 -3 12 11 -10 -8 -9 -4
right_child=-2 2 13 -5 5 -7 9 8 10 -11 -12 -13 -14 -15
leaf_value=8.7125872223815462e-05 0.00097140364130025956 -0.00013777149026460026 -0.0004583125036481927 -0.0026015710711426599 -0.0017247765042921331 -0.0014313154710854342 0.0052604884103013023 -0.0017363617692220559 0.0037499662931760008 0.005753288416436915 -0.0057938355855638611 -0.0035890646837103968 0.0073759614310636625 -0.0055960061310031273
leaf_weight=45573.710285646317 5293.8519220079761 2655.290104746935 362.51557956309989 2237.106334712822 313.52845770004205 663.49444457900245 85.071281456388533 130.42043722607195 48.643306135665625 686.63180822599679 786.59182998095639 175.41059661842883 105.21911984984763 643.61812974186614
leaf_count=541146 78710 40786 3449 30355 3270 10117 951 2992 649 5889 9057 2101 1841 5796
internal_value=-3.9817e-05 -0.000138902 -0.00129116 -0.000941994 -0.000267867 0.00126199 0.00268004 -0.00106411 -0.00325242 0.00415157 -0.0050576 -0.00031716 0.00291141 -0.0038542
internal_weight=59761.1 54467.3 8893.54 7887.41 5650.3 1924.14 1260.64 3726.16 1070.87 947.114 835.235 260.482 235.64 1006.13
internal_count=737109 658399 117253 108008 77653 22328 12211 55325 14539 8941 9706 3052 4833 9245
is_linear=0
shrinkage=0.03


Tree=219
num_leaves=15
num_cat=0
split_feature=15 34 25 27 22 17 34 30 26 27 5 11 27 14
split_gain=4.67295 8.3569 7.719 9.85031 9.27898 7.90801 7.58526 7.50972 7.29956 8.03895 6.68705 6.67382 6.60409 8.3792
threshold=78.158333333333346 0.025521879256503871 0.12663839229760049 270.50000000000006 9.5000000000000018 75.301020408163296 0.0051576498345667866 1495.5000000000002 0.66898229440779655 280.50000000000006 9.5000000000000018 18.500000000000004 80.500000000000014 86.050000000000011
decision_type=10 2 10 10 10 10 2 10 10 10 2 2 10 10
left_child=-1 2 4 -4 5 -2 10 8 9 -3 -5 -6 -7 -14
right_child=1 7 3 6 11 12 -8 -9 -10 -11 -12 -13 13 -15
leaf_value=0.00036043040316196428 -0.0038954837469175798 0.0047505476890276977 -0.00018776997814418201 -0.00087756802399246243 -0.0072408192076686357 0.00039465893963543401 0.00595230706474936 -0.0018930265319956534 -0.0011284372943706129 -0.0032357937361719223 0.0070038443865727351 0.0010764553414959177 -0.0027236469101070667 0.0015307864694988635
leaf_weight=38658.516106104798 651.45703578856774 958.47677842061967 12091.693044917774 491.4269473052118 311.40850428817794 3101.830807067221 375.82105645025149 358.07989247515798 309.82495506666601 92.71653782017529 68.376576043199748 98.804440411739051 1704.6579703632742 510.39213049388491
leaf_count=537680 6919 8814 101604 4090 4895 35503 3166 3245 2666 911 794 2129 18200 6442
internal_value=0.000164529 -0.000193973 -0.000373041 4.65481e-05 -0.00122369 -0.000898893 0.0029307 0.00178083 0.00278024 0.0039312 0.000580436 -0.00533821 -0.000498861 -0.00173119
internal_weight=59783.5 21125 19405.9 13027.3 6378.55 5968.34 935.625 1719.1 1361.02 1051.19 559.804 410.213 5316.88 2215.05
internal_count=737058 199378 183742 109654 74088 67064 8050 15636 12391 9725 4884 7024 60145 24642
is_linear=0
shrinkage=0.03


Tree=220
num_leaves=15
num_cat=0
split_feature=22 31 23 30 25 28 13 18 3 33 26 10 10 13
split_gain=6.51422 8.12146 7.24025 8.39889 9.90722 6.48203 6.17672 11.4951 8.45047 6.33764 6.22516 6.02664 6.64579 8.95573
threshold=8.5000000000000018 -0.020612854119829219 9.2050000000000018 145.50000000000003 0.046376577086543823 1.7500000000000002 59.150000000000013 -19.04999999999999 59.250000000000007 240.50000000000003 -0.052853238013463602 298.50000000000006 121.50000000000001 63.250000000000007
decision_type=10 10 10 10 10 10 8 10 2 2 10 2 2 8
left_child=2 -2 -1 -4 -5 11 7 9 10 -3 -9 12 -6 -14
right_child=1 6 3 4 5 -7 -8 8 -10 -11 -12 -13 13 -15
leaf_value=-0.00011448778883794892 0.005539543654359937 0.002265475645783267 -0.0062593492580323125 -0.0062086624072775669 -0.0010053014227815792 -0.0031244644003149838 0.00027216175451465565 -0.00050804849191672143 -0.0018874409278907224 -0.0070096348426144026 0.009959059079377745 -0.0029754066722817015 -0.0026277878636578986 0.0070386214515454591
leaf_weight=51786.571677644912 264.39410602045245 102.14858940092381 300.63448579609394 214.41098115802743 233.84241019375622 313.6829635638278 5593.6200940425042 56.258991269161925 74.278954696375877 76.144625707529485 243.12364691914991 157.29746283299755 82.946756103425287 328.98503085342236
leaf_count=574298 5864 7444 6357 9131 4479 4855 100940 914 1240 4339 6916 3039 2197 5578
internal_value=-6.88495e-05 0.000831075 -0.000177513 -0.00211479 -0.000986064 0.000239742 0.000585437 0.00347392 0.00620939 -0.00236336 0.0082009 0.00165992 0.00292168 0.00501844
internal_weight=59828.3 6409.97 53418.4 1631.8 1331.17 1116.75 6145.57 551.955 373.662 178.293 299.383 803.072 645.774 411.932
internal_count=737591 127657 609934 35636 29279 20148 121793 20853 9070 11783 7830 15293 12254 7775
is_linear=0
shrinkage=0.03


Tree=221
num_leaves=15
num_cat=0
split_feature=23 30 35 31 6 33 33 29 20 10 20 23 22 11
split_gain=5.51351 10.9817 6.48632 5.64071 5.1834 16.1044 11.3637 6.49464 6.28309 5.0682 7.79043 5.52254 5.48021 5.59811
threshold=16.105000000000004 389.50000000000006 4.5000000000000009 -0.011422175464989808 0.10263157894736843 16.500000000000004 147.50000000000003 0.056868239732091312 18.500000000000004 260.50000000000006 148.50000000000003 4.205000000000001 7.5000000000000009 22.500000000000004
decision_type=10 10 2 10 2 2 2 8 8 2 10 10 10 2
left_child=4 -2 -3 -4 5 8 7 -7 -1 11 -11 -8 13 -13
right_child=1 2 3 -5 -6 6 9 -9 -10 10 -12 12 -14 -15
leaf_value=-0.0016870275482429172 -0.0019287036647581285 0.0013523196195779849 -0.0023216961088119133 0.0098039276705428492 0.00015888429651927843 0.0029077342396737612 -0.00067865730085005997 -0.0057686527578346128 0.010180819394915729 -0.003451162256390884 0.0055102720973386954 0.0077970631009119809 -0.00058175482931432888 -0.0025273140553352257
leaf_weight=37.392339517828077 273.92037567403167 241.46597920358181 20.5628614196321 200.61252777394839 56128.467187716422 57.246374940266833 1031.8367271774914 623.16548658581451 102.13392467156518 681.47212528192904 53.831146102864295 183.57407069345936 181.92514529440086 33.670884349150583
leaf_count=635 7633 2022 1082 9212 679734 1353 10424 8701 1709 8148 679 2431 3380 594
internal_value=0.000126988 0.00262226 0.0052421 0.00845638 9.37078e-05 -0.00111377 -0.00165121 -0.00488959 0.0073943 -0.000546711 -0.00248603 0.000500071 0.0032834 0.00602342
internal_weight=59851.3 736.562 462.641 221.175 59114.7 2986.25 2846.72 680.412 139.526 2166.31 735.303 1431.01 399.17 217.245
internal_count=737737 19949 12316 10294 717788 38054 35710 10054 2344 25656 8827 16829 6405 3025
is_linear=0
shrinkage=0.03


Tree=222
num_leaves=15
num_cat=0
split_feature=16 6 1 20 6 25 35 24 27 31 31 28 27 13
split_gain=5.58391 10.2651 7.07444 6.95113 7.22679 6.37904 6.05659 6.00655 5.98489 5.75178 11.4337 6.72427 9.27532 7.03774
threshold=77.15000000000002 0.65833333333333344 1409.5000000000002 7.5000000000000009 0.087121212121212141 0.02158359044014722 12.500000000000002 0.019842607855477892 210.50000000000003 0.0056775694293360211 0.002552684376676986 0.75000000000000011 299.50000000000006 69.850000000000009
decision_type=8 2 2 10 2 8 2 10 10 8 10 10 10 8
left_child=1 2 3 7 -5 8 -7 -1 -2 10 11 12 -4 -14
right_child=5 -3 9 4 -6 6 -8 -9 -10 -11 -12 -13 13 -15
leaf_value=-0.0041709864739872355 0.0072390531000646793 0.00041848856376785153 -0.0058230602792835994 0.0041486824872590264 -0.0012008246859978842 6.2188719172698249e-05 -0.006596917549824546 0.0047321826902421184 -0.0030446549200994675 -0.0048135375575874472 0.0039768859634581825 0.00065965709380999787 0.0051188025569432411 -0.0037013099270908423
leaf_weight=44.147993667051196 149.49429084931035 5211.7166960262693 638.33580497989897 188.71370292000938 5566.5591674076859 46088.117482983391 73.255195868900046 292.0339649040252 37.092606860212982 734.5895090077538 234.68875541022862 363.83328598504886 118.19292538589798 109.7523938639788
leaf_count=1250 2533 89572 11765 3493 86737 504576 8705 3498 644 10351 3715 6281 3016 1712
internal_value=-8.68309e-05 -0.000622492 -0.00127545 -0.00073733 -0.000991195 6.97261e-05 4.44948e-05 0.00317435 0.0049833 -0.00271631 -0.0015404 -0.00270724 -0.00408015 0.000970167
internal_weight=59850.5 13502.6 8290.85 6091.45 5755.27 46348 46161.4 336.182 186.587 2199.39 1464.8 1230.11 866.281 227.945
internal_count=737848 221390 131818 94978 90230 516458 513281 4748 3177 36840 26489 22774 16493 4728
is_linear=0
shrinkage=0.03


Tree=223
num_leaves=15
num_cat=0
split_feature=11 11 11 7 25 4 10 19 17 33 4 4 31 1
split_gain=5.3583 10.2415 13.2862 6.85681 7.31905 7.49294 5.98522 7.28922 8.36414 11.4871 7.39271 7.843 9.03547 7.71094
threshold=56.500000000000007 61.500000000000007 67.500000000000014 8.5000000000000018 0.062334269829026616 2.6026315789473711 281.50000000000006 5.6742165242165266 72.201111111111132 679.50000000000011 -0.45227272727272799 0.77951388888888939 0.0033389736726882175 1007.5000000000001
decision_type=2 2 2 10 10 2 2 10 10 2 2 2 10 2
left_child=3 -2 -3 6 -5 -6 -1 -8 9 -9 -10 12 -12 -13
right_child=1 2 -4 4 5 -7 7 8 10 -11 11 13 -14 -15
leaf_value=-0.00024416022803707115 0.008543823409349692 -0.0074329208485655503 0.0043921698979352804 0.0018125871089201293 -0.0069210848693959407 0.0019344055191177852 2.3785554016927478e-05 0.0011748038424056627 0.0051192733816202559 -0.0045971784142891112 0.002108012726457761 -0.0016446899010790423 -0.0040455386889679517 0.0034637476308837121
leaf_weight=43072.664287955005 137.59931256668642 96.37418009841349 156.30886752926745 164.07189441716764 338.30527943198103 86.540084612090141 11234.429047208861 1071.5461719487794 620.84851876180619 379.55261865444481 388.52576130675152 291.13349502393976 375.45688890526071 1466.698293290101
leaf_count=523762 2179 1637 2662 4938 6470 1120 164679 8142 4027 2621 2549 1792 2242 9332
internal_value=-7.01162e-05 0.00322741 -0.000600774 -9.44417e-05 -0.00318562 -0.00510349 -6.0859e-05 0.00043715 0.00143693 -0.000437768 0.00229585 0.00151473 -0.000978872 0.0025956
internal_weight=59880.1 390.282 252.683 59489.8 588.917 424.845 58900.9 15828.2 4593.76 1451.1 3142.66 2521.81 763.983 1757.83
internal_count=738152 6478 4299 731674 12528 7590 719146 195384 30705 10763 19942 15915 4791 11124
is_linear=0
shrinkage=0.03


Tree=224
num_leaves=15
num_cat=0
split_feature=32 5 2 25 4 4 2 23 20 23 14 20 19 13
split_gain=7.07701 5.79126 12.1655 9.037 8.97734 7.31202 6.94943 6.65154 9.48867 5.95356 5.69754 6.48808 6.44752 5.6148
threshold=0.036227351467765352 8.5000000000000018 6.5000000000000009 0.15730705153651819 -1.9875000000000005 -1.040064102564102 4.5000000000000009 4.7750000000000012 18.500000000000004 4.5850000000000009 73.850000000000009 15.500000000000002 1.1333333333333295 73.750000000000014
decision_type=2 2 10 10 2 2 10 10 8 10 8 10 8 8
left_child=-1 -2 4 10 -3 9 -7 8 -8 -6 11 -4 -12 -11
right_child=1 2 3 -5 5 6 7 -9 -10 13 12 -13 -14 -15
leaf_value=-0.0024932199046364865 -9.9381793526905009e-05 0.0033966438730323929 -0.0025133479171633439 -0.00050170239134757091 -0.0037890795626508464 0.00092989179669366359 -0.0047426382971232266 0.0018579267606096603 3.4612370780266828e-05 -0.0028067186939591464 0.00062536170671387476 0.0044549660703037362 0.0078506765504945952 0.0050420651860356314
leaf_weight=966.45356517346227 49334.556628512451 688.70525261503644 169.03181925229728 418.84209678135812 703.72156904498115 4540.3036348709138 646.59319470287301 444.25419246789534 806.93041463172995 112.38922024366912 151.77124391065445 227.65577522502281 486.44377970672213 121.74524324084632
leaf_count=26322 567256 15408 2856 4138 10597 63709 7243 9230 10277 3897 3942 4325 5811 2772
internal_value=-1.13112e-05 3.15272e-05 0.000707013 0.00318462 0.000243525 -7.1775e-05 0.000294809 -0.00120945 -0.00217757 -0.00247581 0.0046309 0.00153674 0.00630272 0.00144358
internal_weight=59819.4 58852.9 9518.39 1453.74 8064.64 7375.94 6438.08 1897.78 1453.52 937.856 1034.9 396.688 638.215 234.134
internal_count=737783 711461 144205 21072 123133 107725 90459 26750 17520 17266 16934 7181 9753 6669
is_linear=0
shrinkage=0.03


Tree=225
num_leaves=15
num_cat=0
split_feature=33 17 15 4 26 1 13 34 32 26 20 26 31 3
split_gain=6.59867 6.81558 8.89779 7.11631 6.03477 7.42651 8.31086 9.84928 7.38155 9.66914 10.5172 9.05434 8.13135 7.9129
threshold=20.500000000000004 66.275735294117666 67.641666666666694 2.6026315789473711 -0.30129540792187709 1610.5000000000002 83.550000000000011 -0.00091532330956539058 0.068640750336587966 -0.14716669169406418 15.500000000000002 -0.26543778934721501 -0.00010515829309342755 57.250000000000007
decision_type=2 8 8 2 8 2 8 2 2 10 10 8 10 2
left_child=1 3 -3 -1 5 6 -2 -8 9 -6 -11 12 -10 -12
right_child=4 2 -4 -5 8 -7 7 -9 11 10 13 -13 -14 -15
leaf_value=0.0048727949883067816 -0.0033330358162618084 -0.0049584049016503364 0.0010730387983170051 -0.0050337139700854126 -0.0033563905583456695 0.0022550385228160071 -0.0036714583339802491 0.0021312513528174296 -0.0006532178441738905 0.00088120598251350743 -0.0030996505176511522 2.8427911576822559e-06 0.0043360534255131008 -7.9696833859672152e-05
leaf_weight=569.13290978269652 1592.472716862103 191.77798339538276 2461.2848916488001 32.505101317772642 1204.5784226657706 385.29187006317079 357.64805465727113 693.33066809549928 438.63567145424895 2779.6314142893534 1570.7507327375934 45273.014426337788 774.64952079160139 1512.0935797279235
leaf_count=14801 11450 3722 34185 417 17631 2662 2427 4540 3656 54176 41390 513199 5592 28009
internal_value=-6.32531e-05 0.00123989 0.000553399 0.0039924 -0.000139241 -0.00143086 -0.00199998 7.95307e-05 -6.49258e-05 -0.000964672 -0.000449011 7.27471e-05 0.00257783 -0.00164332
internal_weight=59836.8 3254.7 2653.06 601.638 56582.1 3028.74 2643.45 1050.98 53553.4 7067.05 5862.48 46486.3 1213.29 3082.84
internal_count=737857 53125 37907 15218 684732 21079 18417 6967 663653 141206 123575 522447 9248 69399
is_linear=0
shrinkage=0.03


Tree=226
num_leaves=15
num_cat=0
split_feature=27 31 22 15 24 35 2 32 14 17 20 30 30 28
split_gain=7.05737 7.20805 9.644 10.9307 8.7353 7.96021 7.67574 9.98886 7.85217 9.51493 7.73469 7.46528 7.16516 6.37214
threshold=-2.4999999999999996 0.0042294339252498059 10.500000000000002 57.841666666666676 0.067863660575758475 7.5000000000000009 5.5000000000000009 0.1600041528239203 82.250000000000014 80.346410256410266 164.50000000000003 244.50000000000003 1073.5000000000002 2.7500000000000004
decision_type=10 8 10 8 8 2 8 2 10 10 10 10 10 10
left_child=1 2 3 12 -5 -6 8 -8 9 10 -3 -10 -1 -4
right_child=-2 6 13 4 5 -7 7 -9 11 -11 -12 -13 -14 -15
leaf_value=-0.0067363791224020302 0.00033708320657037578 -0.00076587663608575663 -0.0056674848353617975 0.0010422595918666015 -0.00064452843129080061 -0.0045424377278044884 0.0023231278975734322 -0.0020468887400371272 -0.0041344588558193179 -0.0044396845155080756 0.0033162380792769275 0.00262294656811108 0.0016144424701234827 0.00077098650515554151
leaf_weight=352.44961177627556 37863.049912734918 4101.3264372895937 517.00792156020179 2795.7827530184295 8287.9325401245151 452.57789953460451 2482.9154331807513 537.28145468025468 123.2619300337974 531.98782936914358 414.96244123554789 1100.104423971381 98.278135260334238 168.46754579420667
leaf_count=9504 452838 48950 11845 48416 79452 25181 28639 4103 1266 4887 5911 10839 3180 2590
internal_value=8.90717e-05 -0.000338256 -0.000802331 -0.000595046 -0.000404868 -0.000871049 0.000295572 0.00152504 -0.000303877 -0.00082799 -0.000358601 0.00180649 -0.00493615 -0.00414028
internal_weight=59827.4 21964.3 12672.5 11987 11536.3 8740.51 9291.84 3020.2 6271.64 5048.28 4516.29 1223.37 450.728 685.475
internal_count=737601 284763 180168 165733 153049 104633 104595 32742 71853 59748 54861 12105 12684 14435
is_linear=0
shrinkage=0.03


Tree=227
num_leaves=15
num_cat=0
split_feature=16 15 33 13 24 19 0 11 3 10 34 11 34 27
split_gain=6.94001 8.61984 13.0677 8.15458 9.63377 8.77644 9.35634 7.587 7.3092 10.1077 7.87443 9.48828 8.54039 8.21643
threshold=82.65000000000002 77.816666666666691 878.50000000000011 78.050000000000011 0.24994073480435236 0.43846153846154584 7.5000000000000009 3.5000000000000004 57.750000000000007 179.50000000000003 -0.011084852028907211 3.5000000000000004 -0.024166723563495512 -109.49999999999999
decision_type=8 8 2 10 10 10 2 2 2 2 2 2 2 10
left_child=8 2 -2 4 5 -4 -7 -5 -1 10 12 13 -10 -12
right_child=1 -3 3 7 -6 6 -8 -9 9 -11 11 -13 -14 -15
leaf_value=7.8264385648730908e-05 0.00047980431868758144 1.4375652447842429e-05 0.00019840478408289245 -0.0032773872666249002 -0.0043570609047131155 -0.0019616118583153162 0.0065833350424601847 0.0073011409102721287 -0.0039001726491817179 -8.4839527252426999e-05 -0.005515981486851125 -0.0033235690279499034 0.0019279319837178467 0.0010063401661127252
leaf_weight=16080.922871179064 6830.8371331347153 23552.508190886583 632.85566665232182 40.208302412647754 148.40065967920236 118.26287456043065 555.4894784539938 487.30276897107251 257.67616163706407 6127.5754112652503 159.44829284981824 3029.4586317186477 808.84344593016431 972.58211614296306
leaf_count=249946 91702 242357 10596 335 1117 751 4960 5400 3085 70785 2068 33254 10118 11039
internal_value=1.71803e-05 0.000314511 0.00111198 0.00322476 0.00194491 0.00279488 0.00505155 0.00628088 -0.000333504 -0.000914407 -0.0018767 -0.00246018 0.000408234 -0.000106806
internal_weight=59802.4 32365.9 8813.36 1982.52 1455.01 1306.61 673.752 527.511 27436.5 11355.6 5228.01 4161.49 1066.52 1132.03
internal_count=737513 357218 114861 23159 17424 16307 5711 5735 380295 130349 59564 46361 13203 13107
is_linear=0
shrinkage=0.03


Tree=228
num_leaves=15
num_cat=0
split_feature=7 30 27 18 22 29 31 4 0 30 1 31 26 26
split_gain=6.43709 10.0809 7.39755 9.07439 8.03546 7.54238 8.14815 6.99081 6.77637 6.76697 6.90457 6.26449 6.54073 7.2859
threshold=6.5000000000000009 3378.5000000000005 -114.49999999999999 -1.2333333333333305 4.5000000000000009 0.16639762937049926 0.0028707645552450713 0.09232954545454676 7.5000000000000009 58.500000000000007 1655.0000000000002 -0.0047635010851753605 -0.070129427795546109 -0.143115167655082
decision_type=10 8 10 10 10 10 10 2 2 10 2 10 10 10
left_child=-1 2 8 4 5 6 9 -5 -2 -4 -11 -9 13 -13
right_child=1 -3 3 7 -6 -7 -8 11 -10 10 -12 12 -14 -15
leaf_value=9.1022619886025523e-05 0.00052650393314284934 0.0056990198454414743 0.0054479829564282947 0.0066056682536675473 4.1518002770981644e-05 0.0035300601151763574 -0.0060977290497214202 -0.0035561394749043921 -0.0047872619536905268 -0.0038578607850629212 0.0023658121825397196 -0.00039134910602321151 -0.0010852052313442785 0.0091277826902436843
leaf_weight=54530.846642632503 279.83617248595692 146.59805715712719 66.064831532072276 174.77993850922212 1724.4170299357502 110.4411914087832 587.08213207800873 194.03769750893116 777.2075661488343 586.49751081969589 176.7714060691651 115.56181646324694 256.05549777206033 127.38524898979813
leaf_count=646763 3204 2525 855 1415 40105 1031 7757 1613 17200 8882 2652 777 2050 973
internal_value=-6.51232e-06 -0.000997295 -0.00123966 -0.000645757 -0.00137263 -0.00292042 -0.0035266 0.00200388 -0.00342028 -0.00146327 -0.00235964 0.000476928 0.00222623 0.00530588
internal_weight=59853.6 5322.74 5176.14 4119.09 3251.27 1526.86 1416.42 867.82 1057.04 829.334 763.269 693.04 499.003 242.947
internal_count=737802 91039 88514 68110 61282 21177 20146 6828 20404 12389 11534 5413 3800 1750
is_linear=0
shrinkage=0.03


Tree=229
num_leaves=15
num_cat=0
split_feature=12 32 21 32 24 33 23 4 21 34 23 9 12 33
split_gain=6.91393 10.8603 13.8261 11.9328 10.5742 8.49991 8.17512 7.75637 7.48308 6.44137 9.26071 7.60638 7.1608 8.64834
threshold=88.450000000000017 0.11324399726536334 0.17262664963814392 0.16425729086662308 0.070963010268284069 70.500000000000014 3.1650000000000005 -0.83333333333333204 0.18942218080149117 0.0085204082390116006 -0.99499999999999988 76.500000000000014 89.450000000000017 1267.5000000000002
decision_type=10 2 10 2 10 2 10 2 10 2 10 2 10 2
left_child=-1 5 3 7 -4 -2 9 -3 -7 10 -6 -11 -12 -14
right_child=1 2 4 -5 6 8 -8 -9 -10 11 12 -13 13 -15
leaf_value=-0.00013434218045601823 -0.0013985793447324302 -0.00042585782719118184 -0.0045231053274626927 -0.0018657793490345902 0.0016586703530377018 0.0011060345655773622 0.0062100801025907855 0.0069154873167380356 0.0073548253589089882 0.0038520753646397315 0.0021376378123667428 -0.0010288414241685639 -0.0078536283460296299 -0.0014622539060108663
leaf_weight=54910.643677833723 201.63486791914329 158.99089245637879 480.49782215291634 258.50067541166209 471.41474825330079 288.40512811648659 134.84167335438542 537.70597503171302 470.0945106446743 513.81302858237177 149.01542078098282 552.41649047355168 323.92559218010865 447.60234360815957
leaf_count=694404 2033 1678 5670 2253 2918 3263 1382 5391 4291 3368 1175 4293 2576 3473
internal_value=-3.68621e-05 0.00102675 0.000325128 0.0033821 -0.000663856 0.00380896 0.000123315 0.00532381 0.00519418 -0.000327709 -0.00164638 0.00139045 -0.00333717 -0.00446034
internal_weight=59899.5 4988.86 4028.72 955.198 3073.53 960.135 2593.03 696.697 758.5 2458.19 1391.96 1066.23 920.543 771.528
internal_count=738168 43764 34177 9322 24855 9587 19185 7069 7554 17803 10142 7661 7224 6049
is_linear=0
shrinkage=0.03


Tree=230
num_leaves=15
num_cat=0
split_feature=32 12 32 20 5 18 20 7 5 23 13 19 20 27
split_gain=6.19802 7.86119 7.53287 9.52719 6.84866 7.1497 6.63895 6.60664 9.11899 7.14211 8.27197 6.58547 9.07519 6.21195
threshold=0.039793247141788661 55.250000000000007 0.043992229822573427 57.500000000000007 4.5000000000000009 -6.6333333333333213 28.500000000000004 7.5000000000000009 9.5000000000000018 5.7950000000000008 96.550000000000011 -1.189027777777788 38.500000000000007 -119.49999999999999
decision_type=2 8 2 8 2 10 10 10 2 10 8 10 10 10
left_child=1 -1 3 -2 6 -6 -3 -4 9 10 -9 -11 -13 -7
right_child=2 4 7 -5 5 13 -8 8 -10 11 -12 12 -14 -15
leaf_value=-0.0071228847142447791 0.0051906005577331349 0.0033028592895577528 3.2872836105015897e-05 -0.0035655566883930618 0.00034855709841713088 0.0013101243945427179 -0.0036053189826343347 -0.0040366804690985438 0.0041577411493314356 -0.0029101432945885385 0.0060810497878476281 0.0063867415639275102 -0.0040775378552831134 -0.0077109345757631802
leaf_weight=178.65197368361987 444.83461697329767 401.5522525877459 55958.086372253019 105.96862936869729 306.97436041675974 72.210570381488651 127.26597733955714 1233.2428769208491 167.54450148111209 211.86732433678117 33.777634642785415 199.45028005959466 66.717172478325665 249.7628160638269
leaf_count=8706 9203 7869 656426 2694 11558 1073 2774 17987 4434 7301 516 2677 1208 3011
internal_value=-3.94706e-05 -0.00202195 7.56969e-06 0.00334947 -0.00097254 -0.00298538 0.00147251 -2.71019e-05 -0.00173795 -0.00240405 -0.00354633 0.000672653 0.00353375 -0.00578359
internal_weight=59757.9 1336.42 58421.5 550.803 1157.77 628.948 528.818 57870.7 1912.6 1745.06 1267.02 478.035 266.167 321.973
internal_count=737437 34991 702446 11897 26285 15642 10643 690549 34123 29689 18503 11186 3885 4084
is_linear=0
shrinkage=0.03


Tree=231
num_leaves=15
num_cat=0
split_feature=24 11 10 28 16 15 34 29 20 26 24 6 26 28
split_gain=7.78745 6.07728 4.70532 13.5834 6.95095 8.14315 8.18623 8.74709 7.69516 7.59228 8.60044 7.39927 10.5619 9.82085
threshold=0.0054992228129917536 6.5000000000000009 333.50000000000006 -1.2499999999999998 86.750000000000014 71.841666666666683 -0.026616240835311073 0.04846074869688833 13.500000000000002 -0.026242533448590007 0.016125206273683926 0.56385869565217395 0.90750389036279666 1.2500000000000002
decision_type=8 2 2 8 8 10 2 8 10 10 10 2 10 8
left_child=1 -1 4 -4 5 8 -7 -8 9 -2 -11 12 13 -6
right_child=2 -3 3 -5 11 6 7 -9 -10 10 -12 -13 -14 -15
leaf_value=0.0011272666543524754 0.00058934658285925536 -0.0072987251099891496 -0.0021839913355577267 0.001650956403435643 0.0019750413515802093 0.0025544074509781544 -0.0053710053689927841 -0.0007219151146870918 -0.00018419869245732694 0.0003152560410729155 0.0059209525031275667 -0.00019711100780046132 -0.0048345127787550405 0.00010430469681196176
leaf_weight=98.293344659847207 3288.3057626152877 178.38028344127815 986.42465075093787 4221.3109663595678 5496.0839704093523 623.70441301376559 323.3105570214102 18056.525622481015 11500.413928777067 433.27587690216023 539.50732015410904 9185.6032980326563 226.48694051010534 4648.1998571851291
leaf_count=4623 44263 6452 14150 49637 58412 6369 4645 173958 192288 13458 8766 106913 2472 51550
internal_value=2.84399e-05 -0.00459088 5.37438e-05 0.000910697 -2.91733e-05 -0.00028358 -0.000700946 -0.000818045 0.00022026 0.00130135 0.00356165 0.000422652 0.0009699 0.00112257
internal_weight=59805.8 276.674 59529.2 5207.74 54321.4 34765 19003.5 18379.8 15761.5 4261.09 972.783 19556.4 10370.8 10144.3
internal_count=737956 11075 726881 63787 663094 443747 184972 178603 258775 66487 22224 219347 112434 109962
is_linear=0
shrinkage=0.03


Tree=232
num_leaves=15
num_cat=0
split_feature=18 13 0 32 13 3 25 16 11 18 14 11 34 14
split_gain=5.80853 9.64701 6.70683 7.40349 6.30198 8.23808 11.6641 10.3308 8.4554 7.56463 10.5173 9.49553 7.23532 6.77326
threshold=-16.066666666666656 73.450000000000017 9.5000000000000018 0.11786961914638362 67.050000000000011 54.250000000000007 0.12587661725999852 64.15000000000002 3.5000000000000004 -1.6666666666666676 64.65000000000002 5.5000000000000009 -0.011746052902541618 72.550000000000011
decision_type=8 8 2 2 8 2 10 10 2 10 8 2 2 10
left_child=1 2 -1 -4 5 6 13 8 12 11 -11 -9 -7 -2
right_child=4 -3 3 -5 -6 7 -8 9 -10 10 -12 -13 -14 -15
leaf_value=-0.0042364102990873733 0.0062565030894912487 0.0017377024954553166 0.00091705649215820066 -0.0049225945493307013 -0.00012938310640999931 0.0072834820870671122 -0.0039577361827912317 0.0022343510184972084 -0.007379433934455934 0.0079119704984099374 0.0011569217627802005 -0.00037781037247549697 -0.0026300486086964416 -0.0014419712122249397
leaf_weight=942.09217404515948 572.81435579748359 598.23771175858565 701.835313240299 215.03309997008182 48816.054325324978 46.424672923982143 118.00002043694258 1653.4958408267703 217.68353064730763 242.25856185238808 793.41152094071731 4690.5869519978296 163.10220656334423 103.38577047036961
leaf_count=27840 11252 19841 39845 5469 525343 892 1533 22513 3742 1495 5142 68138 2955 2030
internal_value=-5.89704e-05 -0.00147242 -0.00252393 -0.000636255 2.74718e-06 0.000749069 0.00356617 0.000441615 -0.00384215 0.000713788 0.00302864 0.000315161 0.000546526 0.00506122
internal_weight=59874.4 2457.2 1858.96 916.868 57417.2 8601.16 794.2 7806.96 427.21 7379.75 1035.67 6344.08 209.527 676.2
internal_count=738030 92995 73154 45314 645035 119692 14815 104877 7589 97288 6637 90651 3847 13282
is_linear=0
shrinkage=0.03


Tree=233
num_leaves=15
num_cat=0
split_feature=28 4 10 10 4 29 32 10 15 21 3 10 17 17
split_gain=6.99036 8.61564 8.61165 8.27281 9.07326 8.12332 11.9227 7.81269 7.62179 7.22961 7.12907 6.92486 8.02333 12.587
threshold=-1.0000000180025095e-35 0.24264705882352902 362.50000000000006 295.50000000000006 2.5606617647058845 0.20506200994208992 0.20357970670375272 349.50000000000006 75.058333333333351 0.81666666666666676 59.750000000000007 20.500000000000004 87.568750000000009 81.300819672131169
decision_type=8 2 2 2 2 8 2 2 10 10 2 2 10 10
left_child=1 2 5 -3 7 6 11 -5 -8 -2 -11 -1 13 -13
right_child=9 3 -4 4 -6 -7 8 -9 -10 10 -12 12 -14 -15
leaf_value=-0.0014207835879875713 -0.00014870964348490877 0.00015708160510194673 -0.0042240527570923886 -0.0046175873384155623 0.003479466051746156 0.0061943939640371282 0.0023606099798507371 0.00085560880983246996 -0.0086691218338055005 -0.0049281844701358412 0.0030961857247265696 0.00098062667427879259 -0.0017268832567473701 0.0036758494988332444
leaf_weight=905.47864002222195 39392.343839442474 5247.2805380265927 237.44992690393701 920.92744012409821 163.59432378876954 221.05404668464325 55.136716943001375 291.12530270544812 137.52383219869807 456.62684485362843 87.796225546859205 9114.1243193530245 723.92514284211211 1850.2133743537124
leaf_count=14431 462819 58259 3551 10525 1592 1622 508 3265 1136 3276 561 148026 7483 21086
internal_value=3.02912e-05 0.000489443 0.000930041 -0.000392058 -0.00241875 0.00103994 0.000927051 -0.00332115 -0.00567657 -0.000198455 -0.00348255 0.00105012 0.00124678 0.00145006
internal_weight=59804.6 19867.8 13244.9 6622.93 1375.65 13007.5 12786.4 1212.05 192.661 39936.8 544.423 12593.7 11688.3 10964.3
internal_count=738140 271484 197843 73641 15382 194292 192670 13790 1644 466656 3837 191026 176595 169112
is_linear=0
shrinkage=0.03


Tree=234
num_leaves=15
num_cat=0
split_feature=7 8 35 1 33 20 24 23 33 31 4 15 16 3
split_gain=6.30523 10.0663 12.461 8.20588 8.74438 8.28452 8.48283 7.8358 10.5617 14.3821 13.4275 10.3566 13.3225 11.7835
threshold=4.5000000000000009 1.5000000000000002 4.5000000000000009 2172.5000000000005 3558.5000000000005 26.500000000000004 0.27063556757269525 3.8050000000000002 14.500000000000002 -0.0043149441610860796 -2.5477272727272715 78.383333333333354 81.15000000000002 58.250000000000007
decision_type=8 2 2 2 2 10 10 10 2 8 2 10 10 2
left_child=1 2 -1 4 7 6 -5 -3 -9 10 -10 12 13 -11
right_child=-2 3 -4 5 -6 -7 -8 8 9 11 -12 -13 -14 -15
leaf_value=-0.00062027949096213689 -0.00030114227852283399 0.00027946357616149729 -0.0071271998368367786 -0.0055715129565933304 -0.0017510535007918911 0.0037307591451994945 0.0028186679752117924 0.0064224520874999374 0.0069600281576118282 0.0026015984279107928 -0.0013710237941446674 -0.00041686215811703422 0.0051922005777988245 -0.0010929829452014819
leaf_weight=1300.1568425484002 28476.880669805221 18454.403398854309 286.48413511004765 495.34037586778868 1403.9055874901824 111.58973701950163 102.45367089938372 307.56543714529835 138.19600575242657 2799.0322384362807 2356.8373040603474 1368.0397157599218 1215.6061225926969 1035.8927408126183
leaf_count=9005 398615 161160 10376 5557 12075 1161 713 6118 3284 48264 40686 13153 13455 14345
internal_value=2.17874e-05 0.000314896 -0.00197702 0.000440078 0.000519653 -0.00264136 -0.00402698 0.00063779 0.00134954 0.00113965 -0.000781908 0.00188687 0.00250885 0.00160239
internal_weight=59852.4 31375.5 1586.64 29788.9 29079.5 709.384 597.794 27675.6 9221.17 8913.6 2495.03 6418.57 5050.53 3834.92
internal_count=737967 339352 19381 319971 312540 7431 6270 300465 139305 133187 43970 89217 76064 62609
is_linear=0
shrinkage=0.03


Tree=235
num_leaves=15
num_cat=0
split_feature=25 12 34 14 16 15 32 12 18 17 18 30 2 18
split_gain=8.12223 6.23681 11.0862 10.6087 11.5066 15.5109 9.80456 9.49306 9.24491 10.5447 8.99556 8.80035 8.5697 8.2705
threshold=0.41048538034771681 59.150000000000013 -0.013429621947799718 73.65000000000002 63.050000000000004 57.183333333333344 0.073976456081536732 62.350000000000001 -4.666666666666667 62.365450928381968 -6.9999999999999778 1495.5000000000002 4.5000000000000009 -21.733333333333327
decision_type=10 8 2 8 10 10 2 8 10 10 10 10 10 10
left_child=1 2 -1 4 -4 13 10 8 -3 -10 -7 12 -5 -6
right_child=-2 7 3 11 5 6 -8 -9 9 -11 -12 -13 -14 -15
leaf_value=-0.0043223189230652877 0.00372510005489615 0.00074800252263304155 -0.0077840368988935354 -0.0021302479695057726 -0.0023948403000696446 -0.0020718298376705062 -0.0045150682966347165 -5.0497237194144312e-05 -0.0011583539694077867 0.0078130756401714845 0.0070535037234263371 0.0065423638027878655 0.0042289175629652374 0.0049133584160042506
leaf_weight=771.66746753954794 466.17422898160294 1422.053449491621 191.02296912774909 447.76147480285726 158.69997949548997 218.23961965530179 796.67092228378169 53778.905640551588 148.80253020813689 362.16924368520267 105.22954216087237 242.25500618037768 259.52872019889764 447.22343327465933
leaf_count=19857 2744 32386 7734 11127 8290 7984 13594 606013 1285 3053 1224 5554 7173 9810
internal_value=-2.19096e-05 -5.44518e-05 -0.00124918 -0.000362012 -0.00163516 -0.00075469 -0.00280617 2.4621e-05 0.00206307 0.00533008 0.00144367 0.00216164 0.000328297 0.00296259
internal_weight=59816.4 59350.2 3638.3 2866.63 1917.09 1726.06 1120.14 55711.9 1933.03 510.972 323.469 949.545 707.29 605.923
internal_count=737828 735084 92347 72490 48636 40902 22802 642737 36724 4338 9208 23854 18300 18100
is_linear=0
shrinkage=0.03


Tree=236
num_leaves=15
num_cat=0
split_feature=31 12 10 12 23 10 30 29 17 14 8 33 15 28
split_gain=5.60943 10.5127 9.0484 7.87386 14.8425 11.3365 11.1726 9.34862 9.13583 8.70686 8.29379 8.21526 8.04752 8.01763
threshold=-0.001505978147127416 59.150000000000013 14.500000000000002 78.050000000000011 3.5750000000000006 290.50000000000006 821.50000000000011 0.20015123134908661 70.36720430107529 66.450000000000017 1.0000000180025095e-35 320.50000000000006 79.141666666666694 2.7500000000000004
decision_type=8 8 2 10 8 2 8 10 10 8 2 2 10 10
left_child=1 2 -1 4 5 9 -6 12 11 -2 -5 -7 -8 -13
right_child=3 -3 -4 10 6 8 7 -9 -10 -11 -12 13 -14 -15
leaf_value=0.0054512370433716512 0.0013549537302812438 -0.00026644024370411505 -0.0032665225539802614 0.0072933928010388439 -0.00044387261961219081 0.0016454668873347395 0.0018828525598142104 -0.0032733403623783526 -0.0046934723753418997 -0.0011610054893227229 0.0005769565561264345 -0.0048242051141526247 -0.0021458785997905449 0.0046549093231918661
leaf_weight=70.320340874837711 1608.3679550967645 20058.955484348233 1558.3773755374132 117.66813577152789 6697.3956682014687 540.98868763400242 5660.2974156198325 334.00676626362838 1221.4740925966762 4867.4017893241253 15993.01367096894 445.75168231548741 443.00471357884817 54.656627658521757
leaf_count=2392 18501 262168 44090 878 103931 6638 85128 2683 10943 46634 142156 4798 5288 497
internal_value=-7.36204e-05 -0.000457995 -0.00273897 0.000146159 -0.000224418 -0.00117899 0.000412732 0.0013005 -0.00298314 -0.00053053 0.000648425 -0.000853941 0.00157537 -0.00346005
internal_weight=59671.7 21687.7 1628.7 37984 21873.3 8738.64 13134.7 6437.31 2262.87 6475.77 16110.7 1041.4 6103.3 500.408
internal_count=736725 308650 46482 428075 285041 88011 197030 93099 22876 65135 143034 11933 90416 5295
is_linear=0
shrinkage=0.03


Tree=237
num_leaves=15
num_cat=0
split_feature=35 14 32 26 18 10 15 20 18 29 20 15 6 33
split_gain=8.38268 8.23653 8.17801 8.16639 8.10868 8.52516 8.20494 15.2153 10.3165 9.97808 10.0717 8.26981 7.90097 7.8283
threshold=5.5000000000000009 68.050000000000011 0.033364958886780531 -0.18360701735815288 -1.0000000180025095e-35 138.50000000000003 66.016666666666694 15.500000000000002 -7.9333333333333327 0.080004753981459495 19.500000000000004 66.316666666666691 0.10818713450292398 904.50000000000011
decision_type=2 8 2 10 10 2 10 10 10 10 10 10 2 2
left_child=1 3 -2 -1 6 -6 7 12 -8 -9 -11 -10 -5 -12
right_child=2 -3 -4 4 5 -7 8 9 11 10 13 -13 -14 -15
leaf_value=-0.001270425877846829 -0.005529308353182329 -4.771906629694069e-05 -0.00067065130578757145 -0.0054725775350921383 -0.00017091490042212123 0.0069962941461923934 0.0043799671732089535 -0.0048035955738996317 0.0081749631355959324 -0.0051430328560555854 0.0022518093605140691 0.00030704945843881734 0.0025775544466662926 -0.0044257295117183376
leaf_weight=1206.6484216400422 273.98540567714372 41589.934483815217 9411.4134282508167 71.306967603042722 224.10605123825371 384.26257535815239 1121.2794029018842 606.46339661278762 78.623605504631996 242.99417767254636 866.67469274112955 1921.6787472292781 1596.8726635409985 142.95816470589489
leaf_count=8706 16086 318136 329133 721 1266 2174 11186 6665 622 2375 8396 14742 15766 1319
internal_value=-3.02865e-05 0.000126256 -0.000835787 0.0009764 0.00135611 0.00454362 0.00103272 3.66131e-05 0.00213996 -0.00180718 -0.000227757 0.000808123 0.00208421 0.00114209
internal_weight=59739.2 50053.8 9685.4 8463.87 7257.22 608.369 6648.85 3527.27 3121.58 1859.09 1252.63 2000.3 1668.18 1009.63
internal_count=737293 392074 345219 73938 65232 3440 61792 35242 26550 18755 12090 15364 16487 9715
is_linear=0
shrinkage=0.03


Tree=238
num_leaves=15
num_cat=0
split_feature=14 27 12 18 30 14 25 26 22 19 26 6 10 29
split_gain=5.2494 5.04727 5.71158 4.79245 12.5254 7.41787 6.52323 7.51335 6.70656 6.25333 5.99989 5.48748 5.14087 4.98177
threshold=20.450000000000003 645.50000000000011 88.250000000000014 -16.966666666666654 280.50000000000006 75.050000000000011 0.21265538802974002 -0.026945747761428617 11.500000000000002 -9.4197222222222248 -0.094871774848602999 0.13809523809523813 252.50000000000003 0.11422686473087391
decision_type=8 10 10 8 10 8 10 10 10 10 8 2 2 10
left_child=-1 3 -3 4 12 9 7 8 11 10 -6 -7 13 -2
right_child=1 2 -4 -5 5 6 -8 -9 -10 -11 -12 -13 -14 -15
leaf_value=0.0054193168792416911 -0.0042165399251246618 -0.005467754998100355 0.0043381803855668012 6.2627563138590266e-05 0.0067384497857680761 -0.002286783351144414 -0.0044156295128139735 -0.0012071941927576646 -0.002746748987904606 -0.0036726476194777506 -0.00074844433408717244 0.0099095501600152194 -0.0080949927963868684 0.0022626201979582313
leaf_weight=110.90041029942222 288.23199619387742 225.17949203122407 26.984713762300089 57584.938226664584 79.125903455074877 19.097878344473429 45.6388382865116 124.43581931607332 31.092274775961414 435.44166208046954 348.01520272833295 211.57138254097663 217.11990796367172 118.40550553845242
leaf_count=2227 12134 3450 295 653684 2229 595 669 7896 778 15492 19791 6470 8978 2853
internal_value=7.86399e-06 -6.70159e-06 -0.00387419 1.29271e-05 -0.0014428 0.00027356 0.00327584 0.00458674 0.00709293 -0.00132661 0.00119926 0.00867228 -0.00476056 -0.00228875
internal_weight=59866.2 59755.3 252.164 59503.1 1918.18 1294.42 431.836 386.197 261.762 862.583 427.141 230.669 623.757 406.638
internal_count=737541 735314 3745 731569 77885 53920 16408 15739 7843 37512 22020 7065 23965 14987
is_linear=0
shrinkage=0.03


Tree=239
num_leaves=15
num_cat=0
split_feature=28 21 3 23 25 9 23 34 23 33 23 33 2 17
split_gain=7.3983 8.05963 9.51974 9.32516 9.03417 6.97523 6.88188 5.83646 5.68607 7.52289 6.89225 12.1189 5.62579 5.34826
threshold=1.0000000180025095e-35 0.23861283643892342 58.750000000000007 -0.79499999999999993 0.13924320581706742 44.500000000000007 6.0050000000000008 0.013079924333462258 3.7650000000000001 147.50000000000003 8.8050000000000015 1008.5000000000001 7.5000000000000009 80.933809523809529
decision_type=10 10 2 10 10 2 10 2 10 2 10 2 10 10
left_child=-1 -2 3 -3 5 7 12 -4 9 -5 11 -10 -6 -14
right_child=1 2 4 8 6 -7 -8 -9 10 -11 -12 -13 13 -15
leaf_value=0.00029426388530012613 -0.00010440463828749905 0.00029376678858206113 -0.0026929871672029294 -3.0273465745677003e-05 0.0022996726967426328 -0.0062998859250304124 -0.0037733464429293476 0.0041005936217669292 0.0041567473664192774 -0.0057136560068524233 -0.0063857419474667408 -0.0051003314726573677 0.0022267811079197128 -0.0071468671370385475
leaf_weight=35331.38946998422 19439.897691517719 699.64360001124442 264.43979520350695 255.17238477151841 1434.6717966359574 262.30786543525755 187.05620354949497 128.53986391588114 294.3701809940394 1137.877807417186 110.10905600199476 152.75540183857083 65.986010767519474 72.661588347982615
leaf_count=469234 225211 5001 2831 2533 10140 2598 1883 1311 3472 9740 1488 1664 482 496
internal_value=1.66086e-05 -0.000383492 -0.00144304 -0.00266719 -7.33164e-05 -0.00295222 0.00105028 -0.000258845 -0.00371019 -0.00470972 -0.00102938 0.000799275 0.00172233 -0.00327791
internal_weight=59836.9 24505.5 5065.59 2649.93 2415.66 655.288 1760.38 392.98 1950.28 1393.05 557.235 447.126 1573.32 138.648
internal_count=738084 268850 43639 23898 19741 6740 13001 4142 18897 12273 6624 5136 11118 978
is_linear=0
shrinkage=0.03


Tree=240
num_leaves=15
num_cat=0
split_feature=11 11 11 7 19 33 13 31 34 28 13 1 26 20
split_gain=5.952 8.24732 13.0002 7.15876 10.2344 6.63853 6.3034 6.11843 10.5083 7.39393 6.19164 6.1651 6.69894 6.01801
threshold=67.500000000000014 61.500000000000007 57.500000000000007 6.5000000000000009 3.8807539682539631 2430.5000000000005 94.850000000000009 0.036304304861130579 0.0087042262743498282 1.0000000180025095e-35 71.65000000000002 1077.5000000000002 -0.039401742314316875 67.500000000000014
decision_type=2 2 2 10 10 2 8 10 2 8 8 2 10 10
left_child=1 2 3 5 -5 7 -7 -1 11 10 -10 -9 -13 -6
right_child=-2 -3 -4 4 13 6 -8 8 9 -11 -12 12 -14 -15
leaf_value=0.00023069126999881201 0.0052020172765882815 -0.007145095999087892 0.0088271014242444941 -0.0019729409880514309 0.0015716327728775008 -0.0014651480257033107 0.0011329126454474531 0.0048410107733714682 -0.0047398284598792421 0.008947173536955573 0.0042629115551571983 -0.0039440069080588771 0.0030919361804272101 -0.0033284362407658939
leaf_weight=48714.097579790978 155.1470210829284 91.743335372302681 103.23569626687095 3283.4707600398688 1481.1695531920996 3704.4735791133717 1042.502255737083 118.08651478169486 61.223110077902675 232.82126349699683 133.97836002218537 327.65673756995238 136.17175073619001 216.65409287507646
leaf_count=593170 2636 1629 1644 69856 12552 33976 9470 1131 625 1826 1070 3102 1614 3108
internal_value=0.000100629 8.30143e-05 0.000100133 7.75747e-05 -0.00100528 0.000177431 -0.000888716 0.000280003 0.00253545 0.00583143 0.00104855 -0.000158472 -0.00177851 0.000869021
internal_weight=59802.4 59647.3 59555.5 59452.3 4981.29 54471 4746.98 49724 1009.94 428.023 195.201 581.915 463.828 1697.82
internal_count=737409 734773 733144 731500 85516 645984 43446 602538 9368 3521 1695 5847 4716 15660
is_linear=0
shrinkage=0.03


Tree=241
num_leaves=15
num_cat=0
split_feature=31 34 29 34 8 8 20 30 11 29 16 12 34 12
split_gain=7.76364 16.1633 10.1022 8.22614 7.96235 19.9177 10.4225 13.7246 9.85679 11.069 9.68762 9.12109 8.43341 10.3064
threshold=0.036304304861130579 0.015125588386011609 0.17833959921074019 -0.0054306363821797765 3.5000000000000004 2.5000000000000004 83.500000000000014 98.500000000000014 31.500000000000004 0.12924325337177545 85.65000000000002 67.950000000000017 0.026257533215361128 80.350000000000009
decision_type=8 2 10 2 2 2 10 10 2 10 10 10 2 10
left_child=2 -2 4 -4 5 8 10 -8 -1 11 12 -10 -6 -14
right_child=1 -3 3 -5 6 -7 7 -9 9 -11 -12 -13 13 -15
leaf_value=0.00012853817139066865 -5.1298556916744196e-05 0.0072564120141272049 0.0011444049570047312 -0.0022776329268802621 -0.0010224420836677803 0.0088997078857555156 -0.0047724009353849305 0.0018311687810430271 -0.00020404534126685389 -0.0019569232704989914 0.00039407885825297798 0.0040659369379276826 -0.0061509344031199942 0.0028713737034682454
leaf_weight=33850.362665240711 816.49555468512699 358.25986218429171 772.74224603828043 2878.9088014673907 10103.754341447609 192.30096099735238 267.4913005263079 2716.2492624571314 614.7649281109916 483.79539479035884 4601.4168904239777 1586.3406202197075 523.23714652098715 110.59152231900953
leaf_count=422410 8220 3002 6039 20373 138095 2256 4093 36561 12752 5748 48252 22699 6762 950
internal_value=1.85625e-05 0.00238256 -3.07337e-05 -0.0015478 7.12113e-05 0.00032593 -0.000438865 0.00117026 0.000268701 0.00200118 -0.000754658 0.0028953 -0.00124647 -0.00448186
internal_weight=59876.7 1174.76 58702 3651.65 55050.3 36727.6 18322.7 2983.74 36535.3 2684.9 15339 2201.11 10737.6 633.829
internal_count=738212 11222 726990 26412 700578 465865 234713 40654 463609 41199 194059 35451 145807 7712
is_linear=0
shrinkage=0.03


Tree=242
num_leaves=15
num_cat=0
split_feature=33 31 28 33 24 16 16 9 10 34 10 34 4 34
split_gain=6.01377 6.16184 6.29224 5.71713 11.3519 9.0333 7.68519 6.89347 6.46329 5.32493 5.30632 5.04499 12.8541 7.4493
threshold=2294.5000000000005 0.013130057789831709 -3.2499999999999996 1712.5000000000002 0.15500501276800019 82.15000000000002 87.450000000000017 44.500000000000007 102.50000000000001 0.010582491951832302 160.50000000000003 0.004838647583187747 0.75833333333333297 -0.005691500527702311
decision_type=2 10 8 2 10 10 10 2 2 2 2 2 2 2
left_child=3 11 -3 -1 8 -6 -7 -8 -5 -4 -9 13 -13 -2
right_child=1 2 9 4 5 6 7 10 -10 -11 -12 12 -14 -15
leaf_value=1.9383460509780656e-05 0.0019776352429162801 -0.0057855221919809029 0.0029901706230098923 -0.00036362745296829145 -0.0044493471376902769 0.0040838307222430424 -0.0067480114199773037 0.0042157831558685176 0.0039135218113402837 -0.004061628054487296 -0.0027853704183472858 0.002128902970251353 -0.0031113861269495271 -0.0026497302837279789
leaf_weight=51656.94078342439 318.26709896163084 52.020690503064543 706.75360653991811 406.32490225275978 372.23549476312473 332.96489236271009 109.4839984998107 149.36903585679829 1290.6465178453363 66.365709518548101 143.22296968474984 965.68965353048407 669.8740511839278 2607.2570492296945
leaf_count=659656 3248 480 5803 4651 2994 2403 790 1115 14992 511 1092 8899 5397 26192
internal_value=-3.27068e-06 -0.000954756 0.00137115 9.1621e-05 0.00139865 -0.000940665 0.0010064 -0.00171188 0.0029083 0.00217488 0.000882388 -0.00138584 -4.59795e-05 -0.00212155
internal_weight=59847.4 5386.23 825.14 54461.2 2804.25 1107.28 735.041 402.076 1696.97 773.119 292.592 4561.09 1635.56 2925.52
internal_count=738223 50530 6794 687693 28037 8394 5400 2997 19643 6314 2207 43736 14296 29440
is_linear=0
shrinkage=0.03


Tree=243
num_leaves=15
num_cat=0
split_feature=2 8 14 15 23 31 29 14 10 27 29 26 17 19
split_gain=7.27024 16.4282 9.46027 8.62997 8.5199 7.99651 7.54541 8.34814 10.5711 7.38394 6.13302 7.83406 13.3483 13.2641
threshold=9.5000000000000018 2.5000000000000004 70.250000000000014 71.741666666666688 4.3050000000000006 -0.00075306067728849336 0.081681176975294631 80.250000000000014 135.50000000000003 -86.499999999999986 0.060286106861302494 -0.16070093453685952 65.867261904761918 4.7724747474747469
decision_type=8 2 8 8 10 10 10 8 2 10 8 10 10 10
left_child=-1 3 4 10 9 -6 -5 -8 -9 -3 -2 12 -12 -13
right_child=1 2 -4 6 5 -7 7 8 -10 -11 11 13 -14 -15
leaf_value=0.00020671220521525008 -0.0022763278645526216 -0.0037023372173530427 -0.0047867448108272065 0.0018687086116098831 -0.0072914517210653784 0.00082728883542988632 -0.0037896280279518055 0.0030678898005502102 -0.0029325270789492498 0.004074176890996802 0.004614236947860997 0.0014257175345670429 -0.0056626827843466229 0.0079408289189781319
leaf_weight=53044.042770435568 290.27930985041894 107.56823381921276 1156.8963417896302 572.02971433871426 191.62864103028551 182.46632397710346 990.78756679454818 481.33593670628034 475.69942877441645 350.73740109684877 145.48405243409798 1167.7636801818153 228.24592777574435 334.27368060452864
leaf_count=663614 4926 1093 11753 6110 3709 2962 7710 3959 4105 3476 1235 17593 1888 2419
internal_value=8.90754e-05 -0.000840305 -0.00308798 0.000136424 -0.000589531 -0.00370084 -0.00104806 -0.00192997 8.78343e-05 0.00206432 0.00150694 0.00213631 -0.00158971 0.00308474
internal_weight=59719.2 6675.2 1989.3 4685.9 832.401 374.095 2519.85 1947.82 957.035 458.306 2166.05 1875.77 373.73 1502.04
internal_count=736552 72938 22993 49945 11240 6671 21884 15774 8064 4569 28061 23135 3123 20012
is_linear=0
shrinkage=0.03


Tree=244
num_leaves=15
num_cat=0
split_feature=18 12 13 11 3 31 8 8 15 16 13 15 24 18
split_gain=7.03863 6.34303 5.44688 7.24185 6.6312 6.63198 5.71429 23.9445 9.50931 8.60648 8.4955 8.42999 8.00867 13.2314
threshold=-23.533333333333331 65.15000000000002 44.750000000000007 20.500000000000004 58.750000000000007 0.021177529010805295 3.5000000000000004 2.5000000000000004 85.316666666666677 97.550000000000011 81.350000000000009 80.183333333333351 0.076037249464815812 -3.7333333333333303
decision_type=8 10 8 2 2 10 2 2 10 10 10 10 10 10
left_child=1 -1 3 4 5 -2 7 8 -4 -9 -10 -8 -13 -14
right_child=2 -3 6 -5 -6 -7 11 9 10 -11 -12 12 13 -15
leaf_value=-0.0046480788131414326 0.0084080674978846554 0.0018745080246561903 0.00040760238463455318 -0.0033047724116758545 -0.00085211635175668171 -0.0032519940422322214 -0.00072560157394881478 0.012027588017144913 -0.004469126774673155 -0.00058666091847411276 -0.00055012334314806684 -0.0013009472120675937 0.0043595172764646153 0.00037087886243772735
leaf_weight=455.99449435586575 250.77458340651356 151.35545775096398 34538.433161416877 89.680073616560549 122.15831973729655 24.429469516035169 13833.991035513813 161.28557203221135 519.62460047309287 57.421471609035507 4126.2699134821305 1361.7493121880107 933.53456406807527 3179.0730243171565
leaf_count=26739 4721 3992 422251 1581 1615 384 180590 1687 4255 624 39208 16496 11647 22062
internal_value=8.37341e-05 -0.00300367 0.000117918 0.0031256 0.00478402 0.00703217 9.03289e-05 0.000297401 0.000235894 0.00922282 -0.00103137 -0.000331925 0.000660479 0.00131776
internal_weight=59805.8 607.35 59198.4 487.042 397.362 275.204 58711.4 39403 39184.3 218.707 4645.89 19308.3 5474.36 4112.61
internal_count=737852 30731 707121 8301 6720 5105 698820 468025 465714 2311 43463 230795 50205 33709
is_linear=0
shrinkage=0.03


Tree=245
num_leaves=15
num_cat=0
split_feature=33 7 18 12 30 12 12 33 33 29 19 9 24 34
split_gain=6.78654 10.7029 7.32505 11.1648 8.72012 8.98169 8.90935 13.5864 13.5965 9.36328 8.51913 7.64031 11.6769 7.3646
threshold=18.500000000000004 5.5000000000000009 -2.3666666666666702 73.750000000000014 914.50000000000011 56.150000000000013 84.250000000000014 518.50000000000011 852.50000000000011 0.17833959921074019 3.4133333333333309 15.500000000000002 0.039338528646183243 0.027025298304076528
decision_type=2 10 10 10 8 8 10 2 2 10 10 2 10 2
left_child=1 -1 4 10 6 -6 -2 9 -9 -8 -4 12 -12 -5
right_child=2 -3 3 13 5 -7 7 8 -10 -11 11 -13 -14 -15
leaf_value=0.0022977998384725133 -0.001069169143239127 -0.0018749603790234846 0.0052230105468804317 -0.00025297557389316466 0.0033029275157065571 -6.0838529459687596e-05 0.0037984426849486572 -0.0070590851200570846 0.0013207061002201725 -0.0049772615753331572 -0.0038916107294718677 0.0006619198019254404 0.0066996091012540846 0.0022540567313831159
leaf_weight=2285.5114555096952 16610.954317461874 683.43725801678374 465.01686316775158 14869.010868968675 695.90557580487803 16887.047687985585 1078.9873648872599 251.91684348881245 382.01321224542335 78.194808230502531 84.310416799038649 3959.5333328177221 377.09128336422145 1084.8258148627356
leaf_count=35296 266135 13361 4275 100637 20386 238352 13224 2898 4422 652 698 27462 2675 7140
internal_value=-6.40453e-05 0.00132211 -0.000137567 0.000309549 -0.000396572 8.12823e-05 -0.00085214 0.00113499 -0.00228195 0.00302385 0.00155646 0.00111669 0.00457304 -7.59933e-05
internal_weight=59793.8 2968.95 56824.8 20839.8 35985 17583 18402.1 1791.11 633.93 1157.18 4885.95 4420.94 461.402 15953.8
internal_count=737613 48657 688956 142887 546069 258738 287331 21196 7320 13876 35110 30835 3373 107777
is_linear=0
shrinkage=0.03


Tree=246
num_leaves=15
num_cat=0
split_feature=29 8 20 12 20 30 19 17 19 20 27 27 32 15
split_gain=9.69287 8.56974 11.9118 10.3673 8.84423 9.08919 8.36405 7.80052 7.79091 7.7691 8.40205 7.76433 7.24689 6.89541
threshold=0.11210672788463004 3.5000000000000004 70.500000000000014 72.450000000000017 20.500000000000004 73.500000000000014 -1.3777777777777762 83.793796992481205 -10.299999999999985 22.500000000000004 5.5000000000000009 -429.49999999999994 0.15769599410174492 59.81666666666667
decision_type=10 2 8 10 10 8 10 10 8 10 10 8 2 10
left_child=1 2 4 6 -1 13 -4 12 -2 10 -9 -10 -7 -6
right_child=8 -3 3 -5 5 7 -8 9 11 -11 -12 -13 -14 -15
leaf_value=-8.9002721742207746e-05 0.0046814508987426569 -0.0010089244090809516 -0.0011312740415494401 -0.0032162600269629387 -0.002548968995818383 0.00099280818292299031 0.0022196677282798321 0.0064936419868409758 0.0037288047073068377 -0.0045538722183751752 -0.0035751111879415982 0.00029307165277068012 0.0050234674320160195 0.0064239397428736654
leaf_weight=10656.01823492418 333.11485265789088 11090.618434912874 2706.167721743579 1580.2371736562345 64.172885130625218 4061.1517317963298 836.63975703850156 114.45904643344693 556.08016696060076 372.02975635440089 93.091982065001503 26514.918406088138 402.32575465668924 421.55835247063078
leaf_count=146674 8900 164201 52665 21143 1566 63012 11806 1393 7251 4431 1195 244277 3874 5446
internal_value=1.6363e-05 -0.00033467 1.78155e-05 -0.00123587 0.000417233 0.00138499 -0.000320066 0.000979437 0.000431225 -0.00216891 0.00216023 0.000370391 0.00140775 0.00511122
internal_weight=59802.6 32398.5 21307.9 5123.04 16184.8 5528.79 3542.81 5043.06 27404.1 579.581 207.551 27071 4463.48 485.731
internal_count=737834 477406 313205 85614 227591 80917 64471 73905 260428 7019 2588 251528 66886 7012
is_linear=0
shrinkage=0.03


Tree=247
num_leaves=15
num_cat=0
split_feature=21 24 25 16 13 21 13 32 26 33 29 15 32 32
split_gain=6.54472 11.1586 8.24703 6.99293 9.77785 15.1287 9.30106 9.05027 8.13679 8.46248 6.983 8.30542 6.98146 6.97006
threshold=0.13819628647214857 0.010163414778011264 0.052692980290337997 84.350000000000009 80.450000000000017 0.11396103896103897 72.550000000000011 0.1021960797822867 -0.016857949537982451 240.50000000000003 0.10729231046559541 77.441666666666677 0.11372787268005623 0.15429316122626291
decision_type=8 8 10 10 8 10 10 2 10 2 10 10 2 2
left_child=3 2 -2 12 5 6 8 10 9 -5 -6 -12 -1 -14
right_child=1 -3 -4 4 7 -7 -8 -9 -10 -11 11 -13 13 -15
leaf_value=0.00049672263421672927 0.0040300835813035247 -0.00019884085379408633 -0.0082076852964665103 -0.0043593223363568535 -2.7116292951096808e-05 0.0050497781597095056 0.0023114997693724892 0.0009588534736393226 0.0039491928712595782 0.00047068358442507144 0.0044277802074997761 -0.0055854997755543489 -0.0011010297077685886 0.00069515180449478944
leaf_weight=15255.143987994903 29.587556207785383 26491.376139123691 201.84387258370407 547.50721756787971 711.97323887050152 1084.5793148252415 2099.6072078912985 2852.2798734009266 225.94528015365358 700.59452927915845 48.33524324093014 504.85766204679385 6295.2172211471479 2763.2054272890091
leaf_count=255541 828 287684 4380 8005 9518 14032 23683 26685 4633 8912 574 5171 65398 22676
internal_value=8.65805e-05 -0.000262349 -0.0062051 0.000368346 0.0010917 0.0020255 0.00105064 2.36233e-05 -0.000762229 -0.0017344 -0.00204112 -0.00441608 0.000105557 -0.000552309
internal_weight=59812.1 26722.8 231.431 33089.2 8775.68 4658.23 3573.65 4117.45 1474.05 1248.1 1265.17 553.193 24313.6 9058.42
internal_count=737720 292892 5208 444828 101213 59265 45233 41948 21550 16917 15263 5745 343615 88074
is_linear=0
shrinkage=0.03


Tree=248
num_leaves=15
num_cat=0
split_feature=20 33 19 29 33 12 33 10 33 4 16 16 27 26
split_gain=8.87885 7.79494 6.14442 5.92028 6.27095 9.09293 6.79038 7.51733 5.70694 6.30551 5.32759 5.31412 10.8337 8.14053
threshold=321.50000000000006 532.50000000000011 12.078977272727284 0.19189610170918586 165.50000000000003 78.65000000000002 540.50000000000011 30.500000000000004 749.50000000000011 1.2795138888888895 81.550000000000011 86.750000000000014 -200.49999999999997 -0.29212079546469222
decision_type=10 2 10 10 2 10 2 2 2 2 10 8 8 10
left_child=2 -2 11 4 5 -4 7 -6 -8 -10 -11 -1 13 -13
right_child=1 -3 3 -5 6 -7 8 -9 9 10 -12 12 -14 -15
leaf_value=-0.0002285039364256196 -0.0061171597455592702 0.001462095756423666 -0.0034765145907385843 -0.0037801520596682085 -0.0024828887467580637 0.0032245439659258318 -0.0027005178713244665 0.0061689965838410948 0.0039764891969973279 0.0033894725659573345 -0.0045350369029753482 -0.0039524651134930748 0.00019185769128313049 0.0036887531690925528
leaf_weight=36493.665851763799 335.50770488090347 154.68447102571372 369.46198084857315 132.52814079076052 77.516945235431194 273.43065196275711 220.00620410777628 592.9149365676567 553.12145943380892 79.965731075033545 145.89345166087151 98.680444848258048 19114.254615671001 1194.3091393384384
leaf_count=483917 7005 2146 2197 609 409 1432 1137 3169 2750 408 709 884 213937 16872
internal_value=1.72873e-05 -0.0038115 5.20948e-05 0.00150931 0.00188606 -0.000599443 0.00283282 0.00506575 0.00116425 0.00235281 -0.00162354 -1.17868e-05 0.000375373 0.00298014
internal_weight=59835.9 490.192 59345.7 2444.84 2312.31 642.893 1669.42 670.432 998.987 778.981 225.859 56900.9 20407.2 1292.99
internal_count=737581 9151 728430 12820 12211 3629 8582 3578 5004 3867 1117 715610 231693 17756
is_linear=0
shrinkage=0.03


Tree=249
num_leaves=15
num_cat=0
split_feature=18 20 4 30 21 10 33 12 29 21 4 29 4 32
split_gain=8.28732 5.9495 5.94804 6.72756 7.73341 7.56814 6.02046 6.15707 5.27482 5.09072 10.5637 12.7188 9.67406 9.60111
threshold=-28.93333333333333 17.500000000000004 -3.0690476190476192 1768.5000000000002 0.05917366946778712 130.50000000000003 380.50000000000006 67.750000000000014 0.085294733729268837 0.13819628647214857 1.5527777777777774 0.21933543075445874 3.5156250000000004 0.058408906180077998
decision_type=8 10 2 8 8 2 2 10 10 8 2 8 2 2
left_child=1 -1 3 4 5 -2 7 -7 -6 12 11 -11 -4 -12
right_child=2 -3 9 -5 8 6 -8 -9 -10 10 13 -13 -14 -15
leaf_value=0.0013964447416597871 0.003719314628679513 -0.007797847199108191 0.00027949322141655205 -0.0038100218687255219 0.0063742299176976101 0.0038676666946386184 -0.006553921768608053 -0.0035563805548629707 0.0018924917605046615 -0.00088159498573413503 0.0060261051099981117 0.0044933203949678981 -0.0027652169435978804 0.00035082036919370561
leaf_weight=71.861910589039326 221.30426825291943 158.03681200149003 30788.608582853863 141.53267115307972 378.1414515376091 149.41909632913303 149.13010539277457 152.83035880990792 675.50651034782641 18084.09665557323 228.85895975143649 356.13651294121519 918.90500956983306 7373.986298290547
leaf_count=5053 5049 8960 397613 2431 8124 4656 2657 2766 9842 211542 3231 2292 8022 65879
internal_value=-3.77799e-05 -0.00518783 -1.35899e-05 0.00163008 0.00217077 -0.000340498 -0.00250337 0.000141788 0.00371684 -6.81162e-05 -0.000378534 -0.000765919 0.000187041 0.000559912
internal_weight=59848.4 229.899 59618.5 1867.86 1726.33 672.684 451.38 302.249 1053.65 57750.6 26043.1 18440.2 31707.5 7602.85
internal_count=738117 14013 724104 35525 33094 15128 10079 7422 17966 688579 282944 213834 405635 69110
is_linear=0
shrinkage=0.03


Tree=250
num_leaves=15
num_cat=0
split_feature=18 15 16 13 32 14 11 18 6 34 19 34 30 7
split_gain=4.15781 6.73351 10.797 10.635 11.582 7.86659 7.19962 6.74342 7.25524 6.44526 8.3521 11.0534 7.82486 7.47257
threshold=-15.899999999999993 71.841666666666683 77.250000000000014 75.750000000000014 0.1709870374270516 80.350000000000009 14.500000000000002 -11.03333333333334 0.74166666666666681 -0.0019639823815765602 2.576190476190487 -0.0012536092606790837 624.50000000000011 6.5000000000000009
decision_type=8 8 8 10 2 8 2 8 2 2 10 2 8 10
left_child=-1 3 -3 4 9 6 -5 8 -4 -2 11 -11 -12 -13
right_child=1 2 7 5 -6 -7 -8 -9 -10 10 12 13 -14 -15
leaf_value=-0.0011640487034124689 -9.2380526312030341e-05 -0.001951971620393301 -0.0040811074776509661 0.0062600965661172925 -0.0033800416517278686 -0.0038509434157473509 0.00075381288978234966 5.7415704747043002e-05 0.0015211224840777522 0.008258472551254805 0.0015352921705336089 0.0021035755397868093 -0.0013060295947921446 -0.0015749916863194416
leaf_weight=2519.4070820718771 7225.8029738153564 2705.9339919220656 655.5828740154393 569.00284119113348 655.61879380280152 80.556129135424271 349.67460064822808 37018.693578925566 264.10191859165207 193.55441716150381 1594.7285976500716 3675.3317522320431 1807.518717902014 536.34584872541018
leaf_count=95152 105322 26760 14857 6606 5486 992 4581 367681 6549 3355 13676 60942 15662 10161
internal_value=1.66286e-05 6.94811e-05 -0.000138913 0.000575927 0.000379087 0.00350116 0.00431134 -7.19817e-06 -0.00247686 0.000553688 0.00114841 0.00200313 2.87246e-05 0.00162214
internal_weight=59851.9 57332.4 40644.3 16688.1 15688.9 999.234 918.677 37938.4 919.685 15033.3 7807.48 4405.23 3402.25 4211.68
internal_count=737782 642630 415847 226783 214604 12179 11187 389087 21406 209118 103796 74458 29338 71103
is_linear=0
shrinkage=0.03


Tree=251
num_leaves=15
num_cat=0
split_feature=11 29 9 13 4 29 8 34 27 14 34 4 4 34
split_gain=5.4058 8.59542 9.33159 12.0392 12.0376 7.45716 8.79579 6.14675 7.09778 7.97533 8.76238 6.65305 6.3008 6.1604
threshold=28.500000000000004 0.12026308579950525 59.500000000000007 71.350000000000009 -2.1961538461538477 0.17833959921074019 3.5000000000000004 -0.021788508188176212 188.50000000000003 78.950000000000017 -0.024935916728086104 3.0156250000000004 0.13636363636363671 0.0059653980104418195
decision_type=2 8 2 10 2 10 2 2 10 10 2 2 2 2
left_child=7 2 -2 4 -4 -3 -7 8 9 -1 -11 12 -10 -9
right_child=1 5 3 -5 -6 6 -8 13 11 10 -12 -13 -14 -15
leaf_value=0.0026663058384898391 0.0029649754465370269 -0.0020117779494557664 0.0042170370134889754 0.0021461457756059015 -0.0054027833531012292 -0.00044970351525534238 0.010132728486943271 -0.00049310179837059004 0.00062711671630577331 -0.0037796617016283315 0.0038604407389711461 0.0062718683199993481 -0.0050284813145853417 0.00017741981882008409
leaf_weight=2029.6550092609832 2038.8184999871301 1200.9417758041527 111.11897793191019 784.78073964139912 464.80858908616938 193.46846401225775 57.908771356102079 31591.830070175929 312.67137793637812 366.48762947856449 153.30060600838624 40.927630382589996 331.58190175890923 20173.150339784101
leaf_count=27657 32564 14321 2958 11681 8588 1671 467 400165 5225 3819 1626 379 3932 222979
internal_value=-6.72748e-05 0.000887463 0.00170542 -0.000220027 -0.00335814 -0.00102022 0.00326475 -0.000152228 0.00110655 0.00182949 -0.00138534 -0.00152487 -0.0024362 -0.000231876
internal_weight=59851.5 4851.85 3399.53 1360.71 575.928 1452.32 251.377 54999.6 3234.62 2549.44 519.788 685.181 644.253 51765
internal_count=738032 72250 55791 23227 11546 16459 2138 665782 42638 33102 5445 9536 9157 623144
is_linear=0
shrinkage=0.03


Tree=252
num_leaves=15
num_cat=0
split_feature=19 11 10 31 15 14 27 16 30 20 20 3 14 6
split_gain=4.85427 6.91333 9.06693 7.54249 5.44404 11.3271 12.3972 10.261 9.80121 8.74876 8.49744 9.32124 8.33884 7.46875
threshold=12.078977272727284 3.5000000000000004 291.50000000000006 -0.0033802414875963127 72.941666666666677 73.950000000000017 135.50000000000003 87.750000000000014 1147.5000000000002 223.50000000000003 102.50000000000001 55.250000000000007 75.250000000000014 0.55277777777777792
decision_type=10 2 2 10 10 10 10 10 8 10 8 2 10 2
left_child=4 2 3 -2 5 -1 10 -6 -8 13 -7 -12 -13 -9
right_child=1 -3 -4 -5 7 6 8 9 -10 -11 11 12 -14 -15
leaf_value=-2.5063374478538657e-05 -0.006208695293936882 0.0025511073086084534 0.0035489781399390078 -0.0001851536309370546 -0.0008298988155939817 -0.00026304512081387757 0.007868220277060899 0.0011105300978715032 0.00060360346182135609 -0.0046690451456643453 -0.0042610879705508265 -0.0013075544509605417 0.0088568086948353445 -0.00035797943474842023
leaf_weight=22683.403786975192 235.49522566236556 1412.398430175148 292.74394213827327 552.14444730384275 19285.731719710981 1569.5441641821526 432.71455272939056 6315.665368091315 269.2650750875473 265.31350152939558 54.911327722482383 81.787401520181447 235.63103945576586 6071.3286465585697
leaf_count=363113 1318 7456 1560 2862 190172 22275 6691 63168 4019 3738 1202 1217 3539 64635
internal_value=-7.81237e-05 0.00120462 -0.000590641 -0.00224923 -0.000134964 0.000193301 0.00203249 -0.000395178 0.00530708 0.00026812 0.000745233 0.00452354 0.00641628 0.000392213
internal_weight=59758.1 2492.78 1080.38 787.64 57265.3 25327.3 2643.85 31938 701.98 12652.3 1941.87 372.33 317.418 12387
internal_count=736965 13196 5740 4180 723769 402056 38943 321713 10710 131541 28233 5958 4756 127803
is_linear=0
shrinkage=0.03


Tree=253
num_leaves=15
num_cat=0
split_feature=23 1 17 27 13 13 10 3 23 30 10 30 34 25
split_gain=5.59123 8.31529 7.60861 6.6207 7.52353 6.49047 6.18809 6.07685 7.7336 7.22292 6.45797 7.14782 6.25876 6.11017
threshold=-0.52499999999999991 1252.5000000000002 66.275735294117666 -129.49999999999997 87.550000000000011 53.550000000000004 278.50000000000006 57.750000000000007 -2.5249999999999995 3378.5000000000005 286.50000000000006 1716.5000000000002 0.0034046339321766972 0.11426474778269229
decision_type=8 2 10 10 10 8 2 2 10 10 2 8 2 10
left_child=1 2 5 -3 7 -1 -7 8 12 -9 11 13 -5 -10
right_child=-2 3 -4 4 -6 6 -8 9 10 -11 -12 -13 -14 -15
leaf_value=0.0047636563691781748 -0.00019972714134194143 -0.004737637526993411 0.002605785798949226 0.0026178814465280223 -0.003638525667150368 -0.0078391791509663782 0.0021733084474366907 -0.0014083190672925597 0.010928445583199359 0.0063400308967106883 -0.00051104334264436707 2.4232616806214185e-05 -0.0051290254340207696 0.0032912998997867782
leaf_weight=38.440550678875297 54457.208886637498 222.22193529235665 2241.3650438936893 129.8917059446685 350.00189891410992 129.24750351440161 54.453115894924849 1099.5086011795793 171.54465180984698 70.019621985964477 235.17363705439493 180.23692493606359 156.16666268883273 279.35670585162006
leaf_count=486 694131 2416 17081 1068 2292 1325 623 8178 2036 503 2360 1673 1174 2385
internal_value=-0.000108531 0.000811706 0.00207438 -0.000280069 0.000170885 -0.00278107 -0.00504126 0.000809709 0.00231085 -0.000703507 0.00367232 0.00515421 -0.00174523 0.00699769
internal_weight=59814.8 5357.63 2463.51 2894.12 2671.9 222.141 183.701 2321.9 1152.37 1169.53 866.312 631.138 286.058 450.901
internal_count=737731 43600 19515 24085 21669 2434 1948 19377 10696 8681 8454 6094 2242 4421
is_linear=0
shrinkage=0.03


Tree=254
num_leaves=15
num_cat=0
split_feature=14 17 13 12 23 33 27 25 5 5 11 15 16 11
split_gain=6.81724 6.85367 5.40404 9.21496 10.759 8.59291 9.41869 8.33942 8.4139 10.6539 7.01244 7.66999 6.9406 7.85351
threshold=31.150000000000002 62.731666666666676 66.850000000000009 63.150000000000013 3.3050000000000002 1145.5000000000002 -4.4999999999999991 0.055750155990520453 8.5000000000000018 3.5000000000000004 5.5000000000000009 71.216666666666683 70.050000000000011 16.500000000000004
decision_type=8 10 8 10 10 2 10 10 2 2 2 10 8 2
left_child=1 -1 3 -2 7 10 -7 -5 9 -9 -6 -12 -4 -14
right_child=2 -3 12 4 5 6 -8 8 -10 -11 11 -13 13 -15
leaf_value=0.0084245508816070576 -0.00066734147398285991 -0.0011198468360267457 -0.0019926697057014121 0.0032089341143227237 0.0061334667646267644 0.0048106689942660728 -0.0048543986129344786 -0.001713517748368591 -0.0035522505796183748 0.0018856221723531328 0.0014578429475361715 0.0081278713076831446 0.00016248717890195608 -0.00074349844152887953
leaf_weight=121.60485570272431 3173.7875725933118 94.559045998379588 1661.701509992592 708.45264035090804 619.72799118631519 92.185605354839936 210.81441655987874 1223.6775816211011 533.63847098709084 1720.5051277432358 1367.1408532140777 131.44740992365405 36920.908263094927 11176.168515324476
leaf_count=3224 81175 1337 34073 11436 11875 1363 3254 11917 7371 18597 26544 2070 382279 140968
internal_value=3.28609e-05 0.00482338 1.14361e-05 0.000654199 0.00128921 0.00285937 -0.00164898 0.00035801 -0.000259989 0.000386094 0.00352739 0.00228644 -0.000115445 -4.85874e-05
internal_weight=59756.3 216.164 59540.2 9781.38 6607.59 2421.32 303 4186.27 3477.82 2944.18 2118.32 1498.59 49758.8 48097.1
internal_count=737483 4561 732922 175602 94427 45106 4617 49321 37885 30514 40489 28614 557320 523247
is_linear=0
shrinkage=0.03


Tree=255
num_leaves=15
num_cat=0
split_feature=12 31 22 30 5 33 14 34 18 34 12 34 34 16
split_gain=4.96815 9.84296 10.945 10.1337 8.40236 8.32584 7.85856 7.32202 7.82298 7.21423 7.00939 9.27855 9.96478 7.65896
threshold=59.150000000000013 -0.0017203710298512324 8.5000000000000018 1340.5000000000002 4.5000000000000009 196.50000000000003 68.450000000000017 -0.0020884674293838944 -3.8333333333333388 -0.023523812221276887 62.150000000000013 -0.016526944891138918 0.01741180477384462 81.050000000000011
decision_type=8 10 10 10 2 2 8 2 10 2 8 2 2 8
left_child=1 2 -1 4 5 -3 -2 8 -6 -5 11 -8 -13 -12
right_child=6 3 -4 9 7 -7 10 -9 -10 -11 13 12 -14 -15
leaf_value=-0.0049120141908618456 0.00083470685137632681 0.0002373694133472251 2.1727563787256887e-05 -0.0061995002529212197 -0.0034493281922477071 -0.0058182096810835259 -0.0044988764691742521 0.0038157417361916134 0.0064160248889934927 0.0047167768900815811 -0.0007744881892032988 0.0050453127078080593 -0.0032393391224226822 8.4398350090485899e-05
leaf_weight=897.26239001075737 9530.5715711514931 370.37333129253238 705.72660960513167 17.674408118356951 327.32082753698342 395.7164151299512 105.77149220230058 407.35625602584332 41.552192535251379 483.08954785391688 13033.739308151882 657.57404338323977 123.9851990446914 32664.181201367173
leaf_count=22496 134225 8153 23307 458 10181 6870 1988 9525 342 11176 147968 12038 1958 346657
internal_value=-1.79519e-05 -0.00108333 -0.00280495 0.000302176 -0.000918432 -0.00305541 5.21728e-05 0.0012479 -0.00170482 0.00380366 -0.000108644 0.00245969 0.0036153 -0.000161148
internal_weight=59761.9 3646.07 1602.99 2043.08 1542.32 766.09 56115.8 776.229 368.873 500.764 46585.3 887.331 781.559 45697.9
internal_count=737342 92508 45803 46705 35071 15023 644834 20048 10523 11634 510609 15984 13996 494625
is_linear=0
shrinkage=0.03


Tree=256
num_leaves=15
num_cat=0
split_feature=14 25 13 20 14 27 20 14 4 13 19 22 13 4
split_gain=5.97214 8.95447 8.79485 8.18994 8.43065 8.4002 9.06447 11.1284 8.18241 7.54397 7.16249 6.96387 6.69202 6.70877
threshold=76.15000000000002 0.049532931101306014 77.850000000000009 238.50000000000003 78.750000000000014 185.50000000000003 24.500000000000004 78.450000000000017 -2.0833333333333317 65.250000000000014 10.805158730158732 1.5000000000000002 97.950000000000017 -3.3449519230769229
decision_type=10 10 10 10 10 10 10 10 2 10 10 10 10 2
left_child=2 -2 -1 4 5 6 10 8 -8 -7 -3 -11 13 -6
right_child=1 3 -4 -5 12 9 7 -9 -10 11 -12 -13 -14 -15
leaf_value=2.3221698289673317e-05 0.0038013377974460984 -0.0036178486591331442 0.0012820152346945976 -0.0046476656177623331 0.0040367878287950257 0.0076341994895993432 -0.0062244457523780664 -0.0067114141887747308 0.0017757285551241728 -0.0054684745533904039 0.0022734307491914622 0.0010796771653069895 0.0043287407581639476 -0.00024697507655740779
leaf_weight=31307.991808105959 399.39342550979927 2325.0356917346362 5894.0699680438265 366.47249673423357 285.80056367651559 81.166921447264031 79.126113736536354 146.55288396799006 1071.5142756642308 126.59668046189472 168.44592808559537 798.43792802933604 254.08195015927777 16444.212619031314
leaf_count=445378 7233 24096 57312 5259 3563 1113 1269 1679 11847 1161 851 8738 2188 165595
internal_value=-9.30062e-06 -0.00039407 0.00022411 -0.00047812 -0.000397482 -0.00150109 -0.00214214 -9.75223e-05 0.000989277 0.000901039 -0.003183 -5.09473e-05 -8.22945e-05 -0.000161985
internal_weight=59748.9 22546.8 37202.1 22147.4 21781 4796.88 3790.67 1297.19 1150.64 1006.2 2493.48 925.035 16984.1 16730
internal_count=737282 234592 502690 227359 222100 50754 39742 14795 13116 11012 24947 9899 171346 169158
is_linear=0
shrinkage=0.03


Tree=257
num_leaves=15
num_cat=0
split_feature=28 32 8 20 20 31 29 32 3 3 16 21 26 34
split_gain=6.12521 7.39275 6.76284 9.61608 9.35303 10.0827 15.995 12.6779 8.33577 8.23208 7.83722 8.9776 7.80092 8.46217
threshold=-1.0000000180025095e-35 0.17934611831640024 3.5000000000000004 116.50000000000001 20.500000000000004 0.01501574167666671 0.090775294545398302 0.12400681181397409 53.750000000000007 55.750000000000007 89.950000000000017 0.14839839839839844 -0.055144189349854551 -0.010075647037326137
decision_type=8 2 2 10 10 8 10 2 2 2 10 10 10 2
left_child=1 2 3 4 12 6 7 -6 -9 -7 11 -8 -1 -14
right_child=-2 -3 -4 -5 5 9 10 8 -10 -11 -12 -13 13 -15
leaf_value=-0.00036784429852238654 -0.00031541023959202343 -0.0019311385700756219 -0.00030209575153608662 -0.0015273168334379132 0.001982297788766491 -0.0052316461487137735 0.0049163522671529609 0.0050552533675954558 -0.0060314944902068023 0.0013737499616776219 0.0072569207073803843 0.00029343921002070742 -0.0016634368132497851 0.0024992370020867219
leaf_weight=3970.8908378836932 39925.872218936216 1174.6541828447953 6521.9883537715068 1277.6169323481154 1023.123231430538 219.62483981554396 947.01926099741831 34.364513314329088 298.66200671880506 418.48824796173722 625.91211896436289 619.77004334353842 508.54349730117247 2207.1985969678499
leaf_count=45063 466498 9950 92442 20769 20221 3032 12698 460 3785 4454 7124 7054 9690 34567
internal_value=-0.000101409 0.000328786 0.000475726 0.000892737 0.00118278 0.00228632 0.00290483 0.000320578 -0.0043769 -0.00111464 0.00446037 0.00315331 0.00047993 0.00170376
internal_weight=59773.7 19847.9 18673.2 12151.2 10873.6 4186.96 3548.85 1356.15 333.027 638.113 2192.7 1566.79 6686.63 2715.74
internal_count=737807 271309 261359 168917 148148 58828 51342 24466 4245 7486 26876 19752 89320 44257
is_linear=0
shrinkage=0.03


Tree=258
num_leaves=15
num_cat=0
split_feature=28 14 14 18 18 30 20 31 14 29 16 10 6 21
split_gain=7.17871 6.90844 10.6423 10.1333 17.1965 13.235 7.96374 9.16871 7.57596 7.54681 13.061 8.8004 7.36225 7.25543
threshold=-1.0000000180025095e-35 68.250000000000014 70.950000000000017 -12.799999999999992 -10.433333333333339 410.50000000000006 8.5000000000000018 0.015326713191358298 65.050000000000011 0.095059852659878138 82.450000000000017 333.50000000000006 0.20526315789473687 0.093178294573643419
decision_type=10 8 8 10 10 8 8 10 10 8 8 2 2 10
left_child=1 3 -3 -1 -5 8 -4 9 -6 10 12 -11 13 -8
right_child=-2 2 6 4 5 -7 7 -9 -10 11 -12 -13 -14 -15
leaf_value=-0.00076166724590024672 -0.00017074480679304547 -0.0022473510346775797 0.0031513945574397255 0.0072071761236624466 0.0016169501331285419 -0.00060576439860017593 -0.0049961853362847503 -0.0013306939215667387 0.0070249141875440195 0.0013852405350050993 -0.0011832162838047331 -0.0020270966994798915 0.0026042848576959096 0.0030875661230773494
leaf_weight=1110.2438022870338 35540.932013768586 1354.6007732017897 890.71615137055051 531.28673263639212 608.07922882353887 1305.225253180135 212.62023562553804 2553.4752485339995 374.89616864221171 8704.46208399022 4119.5411611327436 693.85757464158814 1606.1734924144112 118.99815728748217
leaf_count=36536 407565 19772 10040 9867 6329 14671 3607 27422 4036 95208 64770 7195 28392 1730
internal_value=0.000100523 0.000498707 0.00027344 0.00164175 0.00258493 0.00138055 0.000459565 0.000318072 0.00391969 0.000593883 -0.000230973 0.00112392 0.00177224 -0.00207093
internal_weight=59725.1 24184.2 20254.4 3929.73 2819.49 2288.2 18899.8 18009.1 982.975 15455.7 6057.33 9398.32 1937.79 331.618
internal_count=737140 329575 258136 71439 34903 25036 238364 228324 10365 200902 98499 102403 33729 5337
is_linear=0
shrinkage=0.03


Tree=259
num_leaves=15
num_cat=0
split_feature=16 13 32 3 24 12 18 23 30 14 32 31 30 28
split_gain=5.2845 7.36015 10.6412 7.33049 9.63279 12.5835 7.62517 7.56809 8.50466 7.29928 6.52029 9.84381 8.25618 7.7438
threshold=89.550000000000011 83.550000000000011 0.1146524854751076 56.250000000000007 0.18934939920761726 91.850000000000009 -4.7999999999999927 2.5750000000000006 1786.5000000000002 83.550000000000011 0.14818220241297167 0.013130057789831709 268.50000000000006 -3.2499999999999996
decision_type=10 8 2 2 10 10 10 10 10 8 2 8 8 10
left_child=-1 10 9 6 -5 -6 7 8 -4 -3 11 -2 -13 -12
right_child=1 2 3 4 5 -7 -8 -9 -10 -11 13 12 -14 -15
leaf_value=-7.2763854893395869e-05 0.0018170728946430748 0.0054418105233503666 0.010653311002567372 -0.0026694906032637541 -0.0016270770318859984 0.0042675816376471915 -0.00024770147654799168 -2.7999894254100753e-06 -0.00037127360662766144 0.00087192132084528654 -0.0031199954628339417 0.0027413510590326724 -0.0054325297380484177 0.0048619715215008786
leaf_weight=49862.407051465474 2133.1841705268016 412.36999159911647 152.16554064466618 2012.7480818037875 816.79789212928154 473.68806598894298 1299.397275342606 231.1601468292065 86.715974451275542 1063.1293326183222 90.833936459152028 126.62982917786576 297.96081785182469 804.13196581834927
leaf_count=629790 29573 5013 1922 21145 5781 3020 10413 4218 1146 12355 1073 1335 3291 7607
internal_value=5.36629e-05 0.000681226 8.67934e-05 -0.000568846 -0.00139625 0.000615101 0.000971694 0.00404234 0.00727971 0.00228561 0.00179124 0.000982026 -0.00296277 0.00392963
internal_weight=59863.3 10000.9 6548.17 5072.67 3303.23 1290.49 1769.44 470.042 238.882 1475.5 3452.74 2557.77 424.591 894.966
internal_count=737682 107892 65013 47645 29946 8801 17699 7286 3068 17368 42879 34199 4626 8680
is_linear=0
shrinkage=0.03


Tree=260
num_leaves=15
num_cat=0
split_feature=26 8 32 25 25 26 0 14 17 25 29 10 25 1
split_gain=5.17713 12.4836 12.2002 10.1923 12.5112 10.0901 8.78456 8.39667 8.20069 8.12215 9.33673 12.332 8.92512 8.58144
threshold=-0.05935088982722779 1.5000000000000002 0.053150003150003157 0.14542726198819481 0.19990054765825607 -0.063603168956095885 10.500000000000002 67.450000000000017 72.301515151515176 0.11819069097591368 0.11467586710347914 97.500000000000014 0.096768866823185626 1398.0000000000002
decision_type=10 2 2 10 10 10 2 10 10 10 10 2 10 2
left_child=2 -2 7 9 6 -4 -5 -1 -6 12 11 -11 -3 -12
right_child=1 3 5 4 8 -7 -8 -9 -10 10 13 -13 -14 -15
leaf_value=-0.0048618966281160419 -0.0035854339998640534 0.00093624667675143165 -2.9453305319772832e-05 -0.00061007523908122071 -0.0040752478255355849 -0.003114857631448266 -0.0037034711183718742 -0.00061295913726311174 0.0013294110587488317 0.007836061873430054 0.002623862240640176 0.0020628827294095183 -0.00090022298623339519 -0.0020293380207504308
leaf_weight=787.92548775370233 662.19005724531598 10465.092812334187 33411.320985007682 2300.5027728846762 228.73274779808708 931.98904217826203 1261.6096829549642 869.62502566722105 2802.8211423286702 420.82947315298952 659.64042010530829 1346.0982108460739 3035.8677128695417 667.96489351219498
leaf_count=14932 10738 208319 338615 20938 2137 11915 16650 11637 20746 5909 6863 18968 42573 7017
internal_value=-1.384e-05 0.000328553 -0.000240824 0.000447794 -0.000547111 -0.00011759 -0.00174178 -0.00271594 0.000862119 0.000843543 0.00221796 0.00361568 0.000521495 0.000293992
internal_weight=59852.2 23851.3 36000.9 23189.2 6593.67 34343.3 3562.11 1657.55 3031.55 16595.5 3094.53 1766.93 13501 1327.61
internal_count=737957 360858 377099 350120 60471 350530 37588 26569 22883 289649 38757 24877 250892 13880
is_linear=0
shrinkage=0.03


Tree=261
num_leaves=15
num_cat=0
split_feature=21 20 30 17 30 35 19 13 34 18 18 17 30 32
split_gain=5.21633 6.72912 5.68749 7.94647 5.33045 4.77583 8.93801 16.6093 11.6185 14.1811 8.31593 7.05073 11.883 9.03144
threshold=0.96153846153846168 15.500000000000002 306.50000000000006 84.901282051282067 118.50000000000001 6.5000000000000009 0.97407407407408908 74.750000000000014 -0.0058319287265307133 -3.2583333333333324 -2.9666666666666646 79.546410256410269 502.50000000000006 0.14659161315759831
decision_type=10 10 10 10 10 2 10 10 2 10 10 10 8 2
left_child=5 -2 4 -4 -3 -1 11 8 10 -10 -8 -7 -13 -14
right_child=1 2 3 -5 -6 6 7 -9 9 -11 -12 12 13 -15
leaf_value=0.00011323048313024844 -0.0065452723835013318 -0.0015226214153786881 0.0011798399059079413 -0.0059845403694324187 0.0070179111123422223 -0.0020077680038798379 0.010707651761477727 -0.0016163968879433826 -0.0022346898691586029 0.0082949726815329458 -0.00082510604019402078 0.0072589171806169738 -0.0033235284825654269 0.0043443668312678563
leaf_weight=52767.294505467406 193.3299842660781 95.558156678453088 260.96601921669208 218.99526331597008 91.579765854869038 3661.8334844168276 227.56219771309406 902.75463463226333 336.60738194407895 114.75827494822443 62.057247552089393 160.93731172778644 401.35390379256569 151.05247765500098
leaf_count=461174 1344 889 2074 1346 765 190560 7655 26448 10962 3052 1688 6301 16279 5467
internal_value=-1.32133e-05 -0.00226664 -0.000656755 -0.00234531 0.00325534 2.16674e-05 -0.000775377 0.00108769 0.00427606 0.0010027 0.00847884 -0.00147971 0.00118496 -0.00104023
internal_weight=59646.6 860.429 667.099 479.961 187.138 58786.2 6018.92 1643.74 740.985 451.366 289.619 4375.18 713.344 552.406
internal_count=736004 6418 5074 3420 1654 729586 268412 49805 23357 14014 9343 218607 28047 21746
is_linear=0
shrinkage=0.03


Tree=262
num_leaves=15
num_cat=0
split_feature=0 34 30 19 11 31 11 11 24 17 28 20 22 24
split_gain=5.58984 11.2047 10.4094 10.5958 11.1504 9.83055 8.19385 9.35666 8.48274 8.09198 8.02031 7.86027 7.64912 9.78703
threshold=9.5000000000000018 0.016378787828298477 417.50000000000006 -5.4825757575757512 18.500000000000004 -0.0065103631151907848 14.500000000000002 36.500000000000007 0.042283505736765668 80.233974358974379 -5.7499999999999991 15.500000000000002 4.5000000000000009 0.013707173047451966
decision_type=2 2 8 8 2 8 2 2 8 10 8 8 10 10
left_child=1 10 3 -3 11 -2 12 -8 9 -9 -1 -5 -7 -14
right_child=5 2 -4 4 -6 6 7 8 -10 -11 -12 -13 13 -15
leaf_value=-0.0047382551221177242 0.0013489349401287066 -0.004824321411024712 -8.2811649606777255e-05 0.0055334864743740953 0.0082350422064396481 -0.00011694430489375876 -0.0012907710813233628 0.0083545871710279593 -5.318948232368015e-05 -0.0032485520720212388 -0.00047228259777097923 0.00063373750938613732 -0.0026448214251039034 0.0014574889010427522
leaf_weight=354.33005272760056 6336.9782258386258 108.68042568326928 2807.5132023694459 377.54668052587658 304.81116630136967 11658.684361382038 5842.7173935138853 202.43590269610286 577.92688774876297 39.979834638535976 23334.855060369475 999.02325036679395 523.50518282444682 6479.3646588299889
leaf_count=4789 109920 2254 25389 2995 2428 120095 88834 5491 9047 1106 239916 8630 19661 98097
internal_value=2.35578e-05 -0.000282662 0.00106515 0.00281892 0.00343801 0.000297152 3.18247e-05 -0.000867392 0.00204896 0.00621271 -0.000545936 0.00212442 0.000354348 0.00113424
internal_weight=59948.4 28286.8 4597.57 1790.06 1681.38 31661.6 25324.6 6663.06 820.343 242.416 23689.2 1376.57 18661.6 7002.87
internal_count=738652 286401 41696 16307 14053 452251 342331 104478 15644 6597 244705 11625 237853 117758
is_linear=0
shrinkage=0.03


Tree=263
num_leaves=15
num_cat=0
split_feature=27 33 13 7 27 5 16 18 34 13 14 29 33 29
split_gain=7.4856 7.32077 10.1145 6.4637 7.03116 9.8891 6.84869 10.1121 8.21011 6.43771 6.99794 6.40862 8.24451 8.36662
threshold=631.00000000000011 2357.5000000000005 97.950000000000017 6.5000000000000009 -114.49999999999999 4.5000000000000009 90.050000000000011 -7.8666666666666698 0.010212286798476104 88.050000000000011 83.950000000000017 0.099222999170877138 4937.0000000000009 0.066481094783712558
decision_type=10 2 8 10 10 2 10 10 2 10 10 10 2 8
left_child=1 3 11 6 -5 -6 9 -8 -9 -1 -11 12 13 -3
right_child=-2 2 -4 4 5 -7 7 8 -10 10 -12 -13 -14 -15
leaf_value=8.7000258421508382e-05 -0.0046814385694838928 0.0032883129412193172 0.0015456498437491312 -0.0030679986258198414 0.0011923571335505886 -0.0017496410009626318 0.0042643251799112068 -0.00018974888624725275 0.0022949558280223538 -0.0057375269433331873 0.00060800694371745902 -0.0011633198211946894 0.0013176898726340754 -0.0068536732681940939
leaf_weight=42703.690655926155 263.26403734961059 53.670184153597802 999.15590835432522 1051.4920620876364 1909.0783651735401 2117.5142643284053 749.51696792757139 3586.395497078076 1741.2676084723789 306.41768784285523 263.20135828433558 3380.5870008133352 172.46809461060911 536.29420038335957
leaf_count=531953 3996 692 9031 20334 27960 39051 13583 32694 14831 2646 2353 30348 2010 6138
internal_value=-5.61166e-05 -3.17668e-05 -0.0011081 7.08445e-05 -0.000943008 -0.000357272 0.000176017 0.00111475 0.000636127 4.30497e-05 -0.00299301 -0.0017589 -0.00416555 -0.00574621
internal_weight=59834 59570.7 5142.18 54428.6 5078.08 4026.59 49350.5 6077.18 5327.66 43273.3 569.619 4143.02 762.432 589.964
internal_count=737620 733624 48219 685405 87345 67011 598060 61108 47525 536952 4999 39188 8840 6830
is_linear=0
shrinkage=0.03


Tree=264
num_leaves=15
num_cat=0
split_feature=23 14 18 20 27 3 15 14 9 29 29 1 19 3
split_gain=6.75396 10.9729 8.34715 8.06013 7.00318 6.90644 6.78282 5.39554 7.55646 8.26373 7.42243 7.24438 5.23654 8.6889
threshold=-0.79499999999999993 74.850000000000009 -0.43333333333331575 70.500000000000014 645.50000000000011 58.250000000000007 69.241666666666688 81.350000000000009 78.500000000000014 0.13454619005589882 0.093482630608995629 1406.5000000000002 3.3000000000000012 59.250000000000007
decision_type=8 8 10 10 10 2 10 10 2 10 10 2 10 2
left_child=1 3 7 5 12 -1 -7 10 9 -9 -3 -11 -2 -14
right_child=4 2 -4 -5 -6 6 -8 8 -10 11 -12 -13 13 -15
leaf_value=0.0052460986633023482 -0.00030752925067106324 0.0015086436278870263 0.0019305648652475237 -0.0039383565332432166 -0.0046877909228773135 -0.0031890441094335887 0.0029701309159518891 -0.0046379056059703471 0.0040034534575717718 0.0069015143223465619 -0.003524463952812655 -0.0034879375180153168 -3.2847790417475794e-05 0.0012695754129159339
leaf_weight=896.25049857818522 29469.807376622921 324.1220274057705 1291.0871171643957 98.347228918923065 242.90184096677694 185.27072036988102 475.58956867828965 265.11809752834961 327.89866404165514 100.99562136828899 964.57787248771638 61.019563975278288 19098.912334236084 6025.8244174676947
leaf_count=8870 500835 3502 6989 1279 3653 1599 3454 2356 2976 733 7990 433 147872 45688
internal_value=3.52054e-05 0.00108616 8.38775e-05 0.00304356 -6.13355e-05 0.00359335 0.00114056 -0.00110097 0.000877333 -0.00169055 -0.00224952 0.00308878 -3.6481e-05 0.000281422
internal_weight=59827.7 4990.28 3334.82 1655.46 54837.4 1557.11 660.86 2043.73 755.032 427.133 1288.7 162.015 54594.5 25124.7
internal_count=738229 40181 24979 15202 698048 13923 5053 17990 6498 3522 11492 1166 694395 193560
is_linear=0
shrinkage=0.03


Tree=265
num_leaves=15
num_cat=0
split_feature=5 28 6 8 33 31 29 13 27 31 34 21 21 4
split_gain=6.11846 10.263 7.02898 6.72131 7.13334 7.19288 7.3317 7.86883 7.72252 7.13443 6.18387 5.27377 5.21012 9.72052
threshold=9.5000000000000018 -2.7499999999999996 0.80625000000000013 1.5000000000000002 58.500000000000007 -0.0026866111912881669 0.084956102551166993 90.950000000000017 8.5000000000000018 -0.0067581027624906854 0.021517961545086166 0.1202409638554217 0.11180555555555556 -1.2573529411764708
decision_type=2 10 2 2 2 10 8 8 10 8 2 10 10 2
left_child=-1 2 -2 -3 9 6 8 -8 -6 -5 -7 -12 13 -10
right_child=1 3 -4 4 5 10 7 -9 12 -11 11 -13 -14 -15
leaf_value=-0.00010032997134171172 -0.0020313560929096693 -0.0052426861171323072 0.0046326470612155233 0.0076404161819500918 -0.002336373365388725 0.001332970149028835 -0.0054295881663738626 0.0027616300360131072 0.0086913371471294045 0.0011268123229960627 0.0013576850064498554 -0.0058992862055584645 0.0077558729168589365 -0.0033008381188243704
leaf_weight=53740.679056734167 139.97853240626864 137.19798235385679 841.20691030716989 183.68498292996082 373.22698513919022 2744.8928489624523 511.41274757031351 97.302999322768301 36.461054391576909 492.70225001266226 129.5361889724154 162.68855137238279 106.79904981178697 155.52588246006053
leaf_count=639833 2924 2164 15900 4153 7721 37864 7575 1290 1122 9041 1644 1899 1991 3357
internal_value=2.25245e-06 0.000897629 0.00362954 0.000345274 0.000549228 8.55021e-05 -0.00175926 -0.00400999 0.000415992 0.00329986 0.000879316 -0.00295407 0.00369616 0.000301894
internal_weight=59853.3 6112.62 981.185 5131.43 4994.23 4317.85 1280.73 608.716 672.013 676.387 3037.12 292.225 298.786 191.987
internal_count=738478 98645 18824 79821 77657 64463 23056 8865 14191 13194 41407 3543 6470 4479
is_linear=0
shrinkage=0.03


Tree=266
num_leaves=15
num_cat=0
split_feature=21 24 18 32 16 32 33 12 13 25 17 25 25 31
split_gain=6.30531 6.25335 9.36055 7.23171 15.0952 7.71657 6.76286 6.06821 13.3873 7.92114 7.3564 8.83606 10.1819 6.98327
threshold=0.25834260289210237 0.069437539786301891 -12.683333333333332 0.11561804508800977 89.850000000000009 0.11822609450132153 608.50000000000011 79.250000000000014 75.15000000000002 0.18094323406348634 72.900943396226424 0.17170292990822969 0.081921585957825602 0.020529906979218613
decision_type=8 8 10 2 10 2 2 10 10 10 10 10 10 10
left_child=-1 2 -2 4 6 -5 -3 8 -7 -10 -9 12 -12 -14
right_child=1 3 -4 5 -6 7 -8 10 9 -11 11 -13 13 -15
leaf_value=0.00021116984881482811 0.0050614635210419652 -0.00061970993968196318 -0.0031133183190515954 -0.0053509209172766786 0.0057267927488231828 -0.00054009813943371602 0.0030611326791416421 0.0055556867667478542 0.0083424026105363373 0.0013762431202939424 0.0056842199697568338 -0.00072465325564910509 -0.0053348616956003904 0.0023845776333130311
leaf_weight=46923.384470500139 94.20485054643359 2450.9746554592857 1294.5201033693738 271.15112266608048 440.47478743339889 2882.192344147712 497.61377911455929 87.41622962243855 206.59907755558379 402.48676025448367 52.794943023473024 3190.6721841096878 928.12581790518016 89.705137996934354
leaf_count=601808 2510 38543 15986 2870 3888 27677 6561 667 2191 3336 509 22351 8315 714
internal_value=4.96846e-05 -0.000536762 -0.00240215 -0.000302081 0.000853514 -0.000787191 4.21664e-05 -0.000596443 0.000333132 0.00419275 -0.00133804 -0.00154225 -0.00383778 -0.00457472
internal_weight=59812.3 12888.9 1388.72 11500.2 3389.06 8111.14 2948.59 7839.99 3491.28 609.086 4348.71 4261.3 1070.63 1017.83
internal_count=737926 136118 18496 117622 48992 68630 45104 65760 33204 5527 32556 31889 9538 9029
is_linear=0
shrinkage=0.03


Tree=267
num_leaves=15
num_cat=0
split_feature=14 14 3 4 34 7 19 14 24 24 21 25 16 11
split_gain=6.30413 7.27751 9.259 6.8896 7.29447 7.98308 7.17777 8.72664 7.29882 6.8048 7.19595 6.48085 7.62808 9.64164
threshold=68.450000000000017 70.550000000000011 59.250000000000007 -2.4843749999999996 -0.008492736868804333 4.5000000000000009 -3.4927248677248737 80.450000000000017 0.044999267122418155 0.046540829211975027 0.1213537241574625 0.16416617081839435 71.050000000000011 7.5000000000000009
decision_type=8 8 2 2 2 8 8 10 10 10 10 10 10 2
left_child=11 2 -2 4 -3 -6 -7 8 -8 -4 -11 12 -1 -14
right_child=1 3 9 -5 5 6 7 -9 -10 10 -12 -13 13 -15
leaf_value=-0.00074505333007986716 -0.0024881138050951348 0.0045721018540289078 -0.0034952108270468155 -0.00024093097961760295 0.0024673192360774305 0.0041635850693101132 -0.00019566956531124016 0.0020203315026279668 -0.0073960583440097179 0.006211987788099769 -0.00071725267629203142 -0.0014929056648352395 0.00295476963279838 0.0005855122296125519
leaf_weight=2284.4993781095836 2425.5364733107854 473.50986883288715 140.13249609200284 43047.991873041959 857.46670105669182 120.23731786839198 204.2352889070753 215.84011222631671 296.17256228532642 252.79119369399268 226.42036771029234 1230.2106192382053 2053.0988918663934 5972.0307457494782
leaf_count=52865 32892 8110 1995 478009 10404 4206 3911 2741 3913 2437 2030 11448 27198 95856
internal_value=-0.00010304 -0.000253705 -0.00166123 -0.00015719 0.00147393 0.000501639 -0.00153886 -0.00270536 -0.00474204 0.00152107 0.00317958 0.000525424 0.000772307 0.00120619
internal_weight=59800.2 48260.3 3044.88 45215.5 2167.46 1693.95 836.485 716.248 500.408 619.344 479.212 11539.8 10309.6 8025.13
internal_count=738015 550648 39354 511294 33285 25175 14771 10565 7824 6462 4467 187367 175919 123054
is_linear=0
shrinkage=0.03


Tree=268
num_leaves=15
num_cat=0
split_feature=25 29 29 31 13 32 13 15 24 6 21 22 5 21
split_gain=6.53839 7.18798 4.33613 4.14997 6.65728 7.96676 7.25965 7.075 5.85967 5.59908 5.33282 8.77856 6.80736 10.0069
threshold=0.41048538034771681 0.1211830883270765 0.15853980208575139 0.029607945273397007 70.550000000000011 0.14740194605148546 84.250000000000014 84.941666666666677 0.30921006646608745 0.19375000000000003 0.15655637254901963 10.500000000000002 6.5000000000000009 0.1676706827309237
decision_type=10 10 10 10 8 2 8 10 8 2 10 10 2 10
left_child=3 -2 -3 10 9 7 -7 -6 -8 -5 -1 12 13 -12
right_child=1 2 -4 4 5 6 8 -9 -10 -11 11 -13 -14 -15
leaf_value=0.00018274730089473993 -0.0012549791736896734 0.0088483757844962374 0.0014279662974609373 0.0067312414337875135 -0.0048719168500144612 0.0045374846113473101 -0.0058768009041802616 0.0019937920343628978 0.0022786754775726372 -0.00019221345966727939 -0.0029148634474809561 -0.0035051972654902897 0.00055028917086280245 -0.00036124477027505737
leaf_weight=38915.0026590052 178.68784243287519 145.7228167494759 147.10239161690697 81.857485329615884 854.3620722820051 197.83768550190143 131.10404883394949 130.6097853500396 104.19288721610792 505.86836362187751 1547.5235822561663 752.91191619460005 5731.5499858190306 10355.335539329448
leaf_count=523583 1143 853 770 886 8737 1419 1050 1118 735 5827 16221 11832 67505 95512
internal_value=-3.43441e-05 0.00331015 0.00587263 -6.36995e-05 -0.00138803 -0.00247549 0.000851942 -0.00390917 -0.002499 0.00122422 -1.61724e-05 -0.000436521 -0.000295962 -0.000704052
internal_weight=59779.7 471.513 292.825 59308.2 2005.83 1418.11 433.135 984.972 235.297 587.726 57302.3 18387.3 17634.4 11902.9
internal_count=737191 2766 1623 734425 19772 13059 3204 9855 1785 6713 714653 191070 179238 111733
is_linear=0
shrinkage=0.03


Tree=269
num_leaves=15
num_cat=0
split_feature=16 6 15 33 2 29 19 0 16 30 14 30 17 10
split_gain=5.6121 9.8031 7.8333 8.50103 7.53935 7.92578 9.73155 7.65777 6.93215 5.99757 6.05811 6.05565 9.12611 7.9947
threshold=74.550000000000011 0.78759398496240618 67.641666666666694 70.500000000000014 4.5000000000000009 0.13944690882535268 7.9980324074074085 8.5000000000000018 72.850000000000009 3145.5000000000005 72.65000000000002 2079.5000000000005 66.786100386100401 56.500000000000007
decision_type=8 2 10 2 10 8 10 2 10 10 10 10 10 2
left_child=1 2 3 -1 5 6 -5 8 -6 10 11 13 -13 -3
right_child=-2 9 -4 4 7 -7 -8 -9 -10 -11 -12 12 -14 -15
leaf_value=0.0019072777663315841 0.00023194245732843612 0.0060091940357614075 -0.0025798383915329169 -0.00377272387625636 -0.0044690354950195936 0.001642984177721493 0.0030238461976283574 0.0021834437629554915 0.0044673578757538695 0.0070965605394095726 -0.0053563487701589786 -0.0078230616489791405 0.0031208616371068932 0.00074937455858896255
leaf_weight=1034.4170520848129 50851.315815841779 265.35131668148097 2247.6535477283178 1588.9292428893968 309.9716173914494 365.19704630109482 176.83675378514454 880.97156305273529 56.617484809132293 92.222215574234724 90.51803192216903 109.4129253316205 83.413007303606719 1601.2053880542517
leaf_count=25811 574530 5208 26718 35376 5144 4292 1253 20761 699 1520 1337 2496 1022 31602
internal_value=0.000110198 -0.000582602 -0.00115849 -0.000413755 -0.00114185 -0.00220781 -0.00302754 0.000693838 -0.00271833 0.00111611 0.000704114 0.00109115 -0.00342111 0.00163438
internal_weight=59754 8902.72 6660.59 4412.94 3378.52 2130.96 1765.77 1247.56 366.589 2242.12 2149.9 2059.38 192.826 1866.56
internal_count=737769 163239 120054 93336 67525 40921 36629 26604 5843 43185 41665 40328 3518 36810
is_linear=0
shrinkage=0.03


Tree=270
num_leaves=15
num_cat=0
split_feature=22 32 5 15 32 6 29 10 33 24 23 8 8 30
split_gain=7.94226 10.6844 9.99667 9.06485 11.8653 9.95839 10.1899 10.2094 9.90505 8.33146 8.20242 7.15062 7.99959 7.28974
threshold=6.5000000000000009 0.18204376310717438 2.5000000000000004 55.733333333333341 0.049674263644851883 0.16025641025641027 0.15302656684260829 104.50000000000001 12.500000000000002 0.15072622167040567 4.2750000000000012 1.0000000180025095e-35 1.5000000000000002 2358.5000000000005
decision_type=8 2 2 8 2 2 10 2 2 10 8 2 2 10
left_child=1 11 -3 4 -2 8 9 -8 -5 -7 -10 -1 13 -13
right_child=3 2 -4 5 -6 6 7 -9 10 -11 -12 12 -14 -15
leaf_value=0.0056303420228045759 -0.0030511095003964246 0.001244949914376486 -0.0034393780624659615 0.0055158553325091227 0.0049272297654709115 0.00066288368267854137 0.0023583432216235062 -0.0024441974224353878 0.0017937880751288154 0.0032437567841206989 -0.0032314869229579427 -0.004409756354372559 -9.6623267825062719e-05 0.00085462120153205847
leaf_weight=142.42546307761222 176.0791194884805 515.69330551847816 1608.178162610624 112.25658940430731 744.80848147871438 11755.9689173277 479.54578422522172 1620.086065530777 328.74245588365011 1202.0081945099519 1448.4553724129219 681.9484900982352 38709.391841544304 328.86385655845515
leaf_count=1152 10275 3310 11820 1977 25908 205776 4402 15943 4177 13076 22188 7461 407223 3132
internal_value=-2.59053e-05 -0.000251315 -0.00229951 0.000502991 0.00332316 0.000340421 0.000599302 -0.00131798 -0.00168494 0.000913839 -0.00227827 -0.000139444 -0.000167185 -0.00273746
internal_weight=59854.5 41986.5 2123.87 17868 920.888 16947.1 15057.6 2099.63 1889.45 12958 1777.2 39862.6 39720.2 1010.81
internal_count=737820 434098 15130 303722 36183 267539 239197 20345 28342 218852 26365 418968 417816 10593
is_linear=0
shrinkage=0.03


Tree=271
num_leaves=15
num_cat=0
split_feature=6 9 22 13 33 24 9 22 9 13 12 33 31 1
split_gain=6.30611 8.72983 6.98391 7.35446 5.989 7.19299 7.69205 6.44647 12.711 5.96254 5.87961 5.14305 8.99531 6.8435
threshold=0.22649572649572652 101.50000000000001 12.500000000000002 85.450000000000017 14.500000000000002 0.077776960259336475 40.500000000000007 9.5000000000000018 36.500000000000007 55.050000000000004 95.550000000000011 532.50000000000011 -0.013355875819622115 1415.5000000000002
decision_type=2 2 10 10 2 8 2 10 2 10 10 2 10 2
left_child=1 2 4 -4 5 -1 -7 11 -9 -3 -2 12 13 -6
right_child=10 9 3 -5 7 6 -8 8 -10 -11 -12 -13 -14 -15
leaf_value=-0.0020403913960150028 9.4108969808492682e-05 0.0036768841923877802 0.0086852168913511326 -0.0038068667856038111 2.1158217434143522e-05 -0.0021406169926210454 0.0079159612200233077 -0.0090922221688907994 -0.0002559129603156605 -0.0047173114099574942 -0.0027151654500695284 0.00021189801784465476 -0.0016294010940559852 0.0066601368940517802
leaf_weight=154.94535562314559 47830.383102588938 48.787838316522539 91.882750914199278 27.26351971225813 428.91011693538167 69.947809465695173 196.62018595216796 192.05692827387247 378.82258627412375 631.85965750669129 630.04839378688484 4277.3763866111403 4648.8702753527323 157.49687153438572
leaf_count=3087 599532 825 1864 406 5729 867 2556 3278 7828 6990 5182 41278 55442 2183
internal_value=-9.42267e-05 -0.000730589 -0.000509866 0.00554639 -0.000604504 0.00270895 0.0053558 -0.000755696 -0.00372146 -0.00390518 5.48239e-05 -0.000559185 -0.00118523 0.00218742
internal_weight=59765.3 11304.8 10624.2 119.146 10505 421.513 266.568 10083.5 570.88 680.647 48460.4 9512.65 5235.28 586.407
internal_count=737047 132333 124518 2270 122248 6510 3423 115738 11106 7815 604714 104632 63354 7912
is_linear=0
shrinkage=0.03


Tree=272
num_leaves=15
num_cat=0
split_feature=34 23 19 31 34 25 9 14 3 5 13 19 34 4
split_gain=6.18703 9.56923 9.14191 11.5879 9.56146 12.7324 10.3641 8.8791 7.98495 7.97901 7.80008 7.75824 6.17826 6.03207
threshold=0.019706517207711858 8.5050000000000008 6.1939393939393961 0.0074209853796251939 0.026257533215361128 0.22217302017225124 28.500000000000004 75.850000000000009 56.750000000000007 10.500000000000002 89.550000000000011 13.440009469696976 0.019302094039776892 1.3038461538461521
decision_type=2 10 10 10 2 10 2 8 2 2 8 10 2 2
left_child=12 2 4 7 5 6 -2 -4 -3 -6 -5 -9 -1 -8
right_child=1 8 3 10 9 -7 13 11 -10 -11 -12 -13 -14 -15
leaf_value=-9.757499176764049e-05 -0.0022333357663667989 0.001644576384060315 -0.0030753132692033862 0.0074156571208675486 -0.00022246677366556287 -0.0038893455674832065 0.0047413987065273227 0.003695906040266594 -0.0054709431788238141 -0.0061147299166700066 0.00013038186001375975 -0.0042578485369690489 -0.0044649797634163301 0.00039529442350900811
leaf_weight=52293.156531307584 277.19337589666247 196.17468494933564 312.2276078350842 537.38975616078824 2706.0037076887675 249.69890436902642 1206.3062236877158 677.08896330464631 331.67354237672407 174.37879264331423 173.04362703394145 87.090806944295764 243.18754138820805 385.18962018727325
leaf_count=654126 3316 4480 2038 3085 31274 1996 16181 4487 5457 2855 993 438 2718 4188
internal_value=-7.98008e-06 0.000806476 0.001115 0.00292597 0.000445094 0.00195182 0.00281335 0.000878525 -0.00291298 -0.000677432 0.0057664 0.00258363 -0.000122018 0.00373359
internal_weight=59849.8 7313.46 6785.61 1786.84 4998.77 2118.39 1868.69 1076.41 527.848 2880.38 710.433 764.18 52536.3 1591.5
internal_count=737632 80788 70851 11041 59810 25681 23685 6963 9937 34129 4078 4925 656844 20369
is_linear=0
shrinkage=0.03


Tree=273
num_leaves=15
num_cat=0
split_feature=23 8 30 20 30 5 4 32 15 2 26 32 32 20
split_gain=4.77583 10.5173 6.77296 11.0884 10.6703 8.53904 9.32373 16.6342 10.5454 9.40138 7.87238 7.45993 9.01079 7.42405
threshold=3.8050000000000002 1.0000000180025095e-35 821.50000000000011 182.50000000000003 2913.5000000000005 8.5000000000000018 1.1666666666666681 0.124896236975803 64.383333333333354 4.5000000000000009 -0.10504814905215328 0.053734358510477927 0.060582427234454984 47.500000000000007
decision_type=8 2 8 10 10 2 2 2 10 8 8 2 2 10
left_child=1 -1 3 5 -4 11 8 10 9 -7 -8 -2 -13 -10
right_child=2 -3 4 -5 -6 6 7 -9 13 -11 -12 12 -14 -15
leaf_value=0.0069114938120844929 -0.0023561995969656213 -0.0001177347911332492 0.0013941504942422533 -0.0032972251366896093 -0.0011011984173360571 -0.00011710478720602775 -0.0053466724413969297 0.012418628583713242 -0.0033488852320035347 0.0072918067965569129 0.0036067180460277789 0.0041025821449517186 -5.0218956037443628e-05 0.0031804466447276475
leaf_weight=142.6117372692097 1131.1312673682114 35657.244124030229 9563.2921815364389 812.2304569138214 1798.227447696845 305.19820424180944 73.586874013533816 146.20531971449964 543.45998782559764 258.26841223740485 271.43810873909388 447.89282081252895 8448.5183364435798 168.84684790251777
leaf_count=1067 29868 346650 152222 15410 25033 8888 896 1776 10715 7851 5535 9639 118495 3154
internal_value=0.000139327 -8.01328e-05 0.000466603 -1.26486e-05 0.000996108 0.000226507 0.00211887 0.00542312 0.000690042 0.00359635 0.00126209 -0.000115814 0.000180615 -0.00169407
internal_weight=59768.2 35799.9 23968.3 12606.8 11361.5 11794.5 1767 491.23 1275.77 563.467 345.025 10027.5 8896.41 712.307
internal_count=737199 347717 389482 212227 177255 196817 38815 8207 30608 16739 6431 158002 128134 13869
is_linear=0
shrinkage=0.03


Tree=274
num_leaves=15
num_cat=0
split_feature=35 11 30 32 33 25 11 13 4 23 0 33 9 25
split_gain=5.06807 8.71155 8.08128 7.85795 9.32382 8.9895 7.69922 7.1782 6.5153 13.7355 8.6261 7.83361 7.5539 6.98613
threshold=2.5000000000000004 21.500000000000004 2960.5000000000005 0.18406886508269002 335.50000000000006 0.13599105638249162 16.500000000000004 97.950000000000017 0.90000000000000224 0.48500000000000004 5.5000000000000009 111.50000000000001 53.500000000000007 0.084296642387881121
decision_type=2 2 8 2 2 8 2 8 2 10 2 2 2 10
left_child=1 2 3 -1 -5 -6 7 -4 10 -10 -3 -11 13 -12
right_child=-2 8 6 4 5 -7 -8 -9 9 11 12 -13 -14 -15
leaf_value=6.7135409242692374e-05 -0.00027090117942627471 -0.0035652203422217414 0.0030019709354325548 0.00024635626345366159 0.0025102314169299974 -0.0057382448042598297 -0.0037217126479005369 -0.0011913202866763208 0.0044983003809920073 0.0039780628306139137 0.0061429758034784775 -0.0022693887907352392 0.0056614750470632552 -0.0002331023946702993
leaf_weight=22021.193231627345 30443.037837574113 124.8978706151247 1837.999705914408 747.08121459931135 114.05767890065908 633.7823671400547 170.79336459934711 427.18368043005466 467.54331559687853 168.53445646166801 156.7325082346797 1064.0455315671861 771.52740247547626 600.56593761593103
leaf_count=119587 577788 607 9707 3780 615 3217 974 2186 2507 963 955 6053 4452 3559
internal_value=-3.06469e-08 0.000281332 9.39828e-05 -7.78136e-05 -0.00214608 -0.00440174 0.00172066 0.00220252 0.00170837 0.000382377 0.00302033 -0.00129338 0.00365421 0.00138524
internal_weight=59749 29305.9 25952.1 23516.1 1494.92 747.84 2435.98 2265.18 3353.85 1700.12 1653.72 1232.58 1528.83 757.298
internal_count=736950 159162 140066 127199 7612 3832 12867 11893 19096 9523 9573 7016 8966 4514
is_linear=0
shrinkage=0.03


Tree=275
num_leaves=15
num_cat=0
split_feature=25 19 28 15 16 13 25 13 19 30 15 30 18 21
split_gain=5.87261 5.21435 9.52472 6.92564 6.3148 7.07679 6.10676 7.52672 11.0182 15.9005 5.95512 7.93242 7.17361 8.67787
threshold=0.41048538034771681 8.6388636363636362 -3.7499999999999996 67.916666666666686 65.950000000000017 68.050000000000011 0.072447243153104565 87.750000000000014 11.162731481481478 992.50000000000011 55.733333333333341 36.500000000000007 -28.93333333333333 0.060915275200989494
decision_type=10 10 10 10 10 10 10 8 10 10 8 10 10 10
left_child=1 10 -3 4 -4 -6 -5 -8 9 -9 11 -1 -13 -14
right_child=-2 2 3 6 5 -7 7 8 -10 -11 -12 12 13 -15
leaf_value=-0.0046665306142772978 0.0031293834080343445 0.0070702445903324251 -0.0031377625839245 -0.0019232430791962421 0.0062889069580041998 -0.00073507020251562557 0.0011269517096588275 -0.0032030062278141876 -0.004311378049755947 0.0058011274388885389 -0.00022711477912428017 -0.0026612941247335458 0.0043230563731417818 -0.0012051496159244117
leaf_weight=119.88281316158827 473.86784666636959 154.12487601581961 82.121684224810451 991.17218473693356 415.83405803563073 165.21818781923503 4553.9657393670641 314.52475396124646 578.34630779596046 295.70699419546872 50166.768943416973 195.2688518789364 1003.187426081975 312.86934906453826
leaf_count=3108 2774 983 640 6828 2713 1081 25590 1924 2978 1631 638832 12394 29754 6537
internal_value=-3.3078e-05 -6.09414e-05 0.000672927 0.000493054 0.00330469 0.00439169 0.000193831 0.000572689 -0.0015107 0.00126912 -0.000168469 0.00158825 0.00221795 0.00301282
internal_weight=59822.9 59349 7551.01 7396.89 663.174 581.052 6733.72 5742.54 1188.58 610.232 51798 1631.21 1511.33 1316.06
internal_count=737767 734993 44368 43385 4434 3794 38951 32123 6533 3555 690625 51793 48685 36291
is_linear=0
shrinkage=0.03


Tree=276
num_leaves=15
num_cat=0
split_feature=13 19 34 20 31 26 17 24 16 7 22 32 10 16
split_gain=4.90567 11.2569 7.86682 8.32296 7.27778 8.0877 9.20996 7.6618 8.42031 9.3198 8.87556 7.13905 8.80586 6.93176
threshold=66.450000000000017 1.0000000180025095e-35 -0.030044253258123543 10.500000000000002 0.0043532232876504935 -0.013423235473351733 67.524264705882374 0.061984499392300364 82.850000000000009 3.5000000000000004 3.5000000000000004 0.068109172164290285 130.50000000000003 82.550000000000011
decision_type=8 10 2 10 8 10 10 10 10 10 10 2 2 10
left_child=1 4 -3 -4 5 7 -7 -1 9 -9 -10 12 -6 -13
right_child=-2 2 3 -5 11 6 -8 8 10 -11 -12 13 -14 -15
leaf_value=0.0013293141720197468 7.3937821951831217e-05 -0.0042340933743434846 0.0047376666891125133 0.0014388231102201113 0.0034453708307683579 -0.0060321691729187639 0.0011784838649872011 0.0031959675948765474 -0.0038054576734043296 -0.0049904984938099681 0.0059655587837011163 0.0037448033107419813 -0.0044568207037427709 -0.00096765191496057316
leaf_weight=1235.6882619144162 50359.719172166893 139.66504794964567 819.16843224316835 3764.3301174598746 151.43749525235035 469.1288956758799 209.38335821812507 116.38263046916109 95.568327492335811 649.24443658534437 160.34302303951699 920.94266266946215 310.5599943913985 370.6563167530112
leaf_count=37549 565980 1408 7743 38660 4763 22648 5375 2354 1187 13577 2972 17979 10032 5310
internal_value=0.000191776 0.000818521 0.00184425 0.00207316 -0.000223166 -0.00112993 -0.00387886 -0.000237463 -0.00210628 -0.00362644 0.00229105 0.00128411 -0.00178306 0.00240679
internal_weight=59772.2 9412.5 4723.16 4583.5 4689.34 2935.74 678.512 2257.23 1021.54 765.627 255.911 1753.6 461.997 1291.6
internal_count=737537 171557 47811 46403 123746 85662 28023 57639 20090 15931 4159 38084 14795 23289
is_linear=0
shrinkage=0.03


Tree=277
num_leaves=15
num_cat=0
split_feature=4 8 8 30 15 26 7 26 5 11 11 14 8 8
split_gain=9.14399 6.87744 14.9733 11.0168 9.28859 8.78972 7.34065 7.75332 6.18884 5.79579 11.2075 5.45082 5.33821 18.7317
threshold=4.6519230769230768 1.5000000000000002 1.0000000180025095e-35 2358.5000000000005 82.716666666666683 -0.051675218540057966 8.5000000000000018 -0.020031630001687666 2.5000000000000004 61.500000000000007 56.500000000000007 72.250000000000014 3.5000000000000004 2.5000000000000004
decision_type=2 2 2 10 10 10 10 10 2 2 2 10 2 2
left_child=1 2 4 5 -1 -4 9 -8 -2 10 12 -12 13 -3
right_child=8 6 3 -5 -6 -7 7 -9 -10 -11 11 -13 -14 -15
leaf_value=-0.00034121101418595862 0.0014731761890465749 0.00033552947193887632 -0.002679999225538444 0.00040061009019730592 0.0071545951796795999 -0.0087090610241148878 -0.0045578319528112813 0.0022692363854438366 -0.0049227845912880224 -0.0050384656833779556 0.00022791632979588474 0.012367025266509617 -0.00022549674187037362 0.008328957075111906
leaf_weight=4383.6287164652022 155.13480791542679 32598.627177175949 595.95987808390055 425.60963522165548 103.9577218585182 370.00231305824127 518.41677009861451 168.50444833410438 500.50341388117522 141.46483295434155 52.525652046548203 50.953436071518809 19487.5583094873 216.12442359281704
leaf_count=59111 1207 391245 6148 4557 791 7090 9825 4858 4383 2309 879 703 242231 2364
internal_value=-1.73833e-05 2.31218e-05 -0.000946131 -0.00360611 -9.06424e-05 -0.00530433 0.000130953 -0.00284279 -0.00341224 0.000172492 0.000191348 0.00828687 0.000167432 0.000400767
internal_weight=59769 59113.3 5879.16 1391.57 4487.59 965.962 53234.2 686.921 655.638 52547.3 52405.8 103.479 52302.3 32814.8
internal_count=737701 732111 77697 17795 59902 13238 654414 14683 5590 639731 637422 1582 635840 393609
is_linear=0
shrinkage=0.03


Tree=278
num_leaves=15
num_cat=0
split_feature=23 13 23 23 32 17 27 24 12 17 12 15 16 15
split_gain=5.99159 8.13368 6.55222 8.98554 10.4171 12.149 8.39909 9.38003 7.83132 7.77284 12.7087 7.70001 8.78574 8.88907
threshold=16.105000000000004 60.95000000000001 7.9050000000000011 6.8050000000000006 0.11822609450132153 63.451190476190483 9.5000000000000018 0.10004666155417523 67.15000000000002 58.681176470588241 62.350000000000001 67.641666666666694 81.550000000000011 76.916666666666686
decision_type=10 10 10 10 2 10 10 10 8 10 10 8 8 8
left_child=2 -2 3 8 5 -5 7 -6 9 -1 -11 -10 -13 -14
right_child=1 -3 -4 4 6 -7 -8 -9 11 10 -12 12 13 -15
leaf_value=-0.0035742648722021817 -0.0023209942495966596 0.0044323115059856756 -0.00098058881083830092 0.0053223819338324698 0.005011660355068847 -0.0010370734032351019 0.00797443481593672 -0.0026774940656416149 0.0016199443928675483 0.0018913229255919561 -0.0015532028300296878 -0.00055522480336553392 0.0014183690420105802 0.00012498439068012049
leaf_weight=838.99664916924667 183.29245515761431 550.96972226176877 4881.8684120768448 299.66850998892915 279.986470883945 1146.0395636580652 329.63340759114362 209.40539192664437 3168.221627694671 1348.3698005301412 3064.0305406718981 12925.334192943992 5888.9177721797023 24619.686616778607
leaf_count=18045 8682 11276 103950 8561 3817 20126 4463 2081 43212 22291 45111 132029 66259 247681
internal_value=0.000101028 0.002706 6.63452e-05 0.000161604 0.00199041 0.00041498 0.00458742 0.00177834 7.98896e-05 -0.00101284 -0.000491205 0.000203978 9.89486e-05 0.000376552
internal_weight=59734.4 734.262 59000.2 54118.3 2264.73 1445.71 819.025 489.392 51853.6 5251.4 4412.4 46602.2 43433.9 30508.6
internal_count=737584 19958 717626 613676 39048 28687 10361 5898 574628 85447 67402 489181 445969 313940
is_linear=0
shrinkage=0.03


Tree=279
num_leaves=15
num_cat=0
split_feature=4 20 15 16 30 22 7 26 31 17 11 18 22 19
split_gain=6.28158 5.58692 7.23466 10.6626 9.71275 4.75853 4.95905 7.19818 5.47392 4.78586 4.70579 7.44688 7.07769 10.3697
threshold=-3.1485294117647054 324.50000000000006 77.441666666666677 89.950000000000017 403.50000000000006 10.500000000000002 5.5000000000000009 -0.14058444531901243 -0.012218701303807688 79.434495192307722 29.500000000000004 -1.966666666666647 6.5000000000000009 3.8201851851851889
decision_type=2 10 10 10 10 8 10 10 10 10 2 10 10 10
left_child=5 10 -3 4 -4 6 7 8 -1 -10 -2 12 -12 -14
right_child=1 2 3 -5 -6 -7 -8 -9 9 -11 11 -13 13 -15
leaf_value=0.0059864578654986256 -2.9594595554717506e-05 -0.0058902334352426717 -0.0031068046693349407 -0.0065470298006696168 0.010007648153982786 -0.0028569861493578739 -0.0001304451865759516 0.0047627581536902113 -0.0052099945779218353 0.0024624100141905497 -0.00083702548901108936 0.0029267409568848038 0.0034898556000729076 -0.0047036557010804109
leaf_weight=36.18370421952568 53386.101050751575 269.11732514353935 52.459163373336196 56.727067339001223 81.179137738421559 135.60273992957082 511.30054820945952 808.34270087082405 154.5598954083398 76.947242854163051 1988.8151725019561 1225.0691771921702 819.76522751408629 120.59564668638632
leaf_count=437 634414 5883 722 877 977 4023 12633 14453 1854 641 29227 9834 19423 1355
internal_value=7.26115e-05 1.88256e-05 -0.00310893 0.00123033 0.0054154 0.00183163 0.00230719 0.00341984 -0.000746715 -0.00267546 4.64795e-05 0.00101283 0.00017669 0.00225466
internal_weight=59722.8 57999.8 459.483 190.365 133.638 1722.94 1587.33 1076.03 267.691 231.507 57540.3 4154.25 2929.18 940.361
internal_count=736753 702712 8459 2576 1699 34041 30018 17385 2932 2495 694253 59839 50005 20778
is_linear=0
shrinkage=0.03


Tree=280
num_leaves=15
num_cat=0
split_feature=19 14 1 29 1 31 33 14 2 27 11 29 11 11
split_gain=5.65112 7.49697 7.09307 9.72814 6.632 9.72869 6.80517 5.96383 6.01729 5.87426 5.83707 6.42914 6.17418 10.3273
threshold=12.078977272727284 81.350000000000009 1106.5000000000002 0.1033767648473531 1205.5000000000002 -0.0016130230979090486 204.50000000000003 74.250000000000014 5.5000000000000009 20.500000000000004 67.500000000000014 0.12727669536923142 61.500000000000007 57.500000000000007
decision_type=10 8 2 10 2 10 2 10 10 10 2 8 2 2
left_child=10 2 3 -2 5 -3 -7 -4 -9 -6 12 -12 13 -1
right_child=1 4 7 -5 9 6 -8 8 -10 -11 11 -13 -14 -15
leaf_value=-0.00012751293777916249 -0.0042228029143121905 -0.0026402535111326969 0.0014363500577169671 0.0040764834008907257 -0.0060309679883400174 -0.0012009242827740677 0.0060652927900123393 0.0086995389885487964 0.00028439144424518404 -2.817902742040445e-05 0.0073922661778422494 -0.0038001441738851056 -0.006398412354348835 0.0075618299873418462
leaf_weight=57028.124478749553 209.03956703981385 276.3474795082584 345.87031746748835 199.65872068703175 207.42083633039147 144.77527634473518 338.30400211550295 314.4169030720368 101.16569310240448 342.27678262721747 127.23862616624683 27.76630990835838 90.725292045855895 107.64369493350387
leaf_count=718782 1229 1559 1860 1027 1159 821 1680 1638 516 1714 2288 342 1612 1681
internal_value=-4.28985e-05 0.00134497 0.00303709 -0.000165999 -0.000223617 0.0015562 0.00397927 0.0046606 0.00690157 -0.00260723 -0.000103983 0.0049495 -0.000121979 -0.000106427
internal_weight=59860.8 2479.28 1170.15 408.698 1309.12 759.427 483.079 761.453 415.583 549.698 57381.5 155.005 57226.5 57135.8
internal_count=737908 13203 6270 2256 6933 4060 2501 4014 2154 2873 724705 2630 722075 720463
is_linear=0
shrinkage=0.03


Tree=281
num_leaves=15
num_cat=0
split_feature=19 16 16 16 16 23 30 30 26 13 10 14 30 23
split_gain=3.96213 7.17131 11.9517 5.85663 5.72931 6.52133 5.71289 8.42894 7.20702 4.66885 6.11252 4.58426 4.51777 4.45764
threshold=12.078977272727284 74.550000000000011 82.450000000000017 68.950000000000017 80.15000000000002 4.705000000000001 1073.5000000000002 696.50000000000011 -0.049098790884478119 85.750000000000014 120.50000000000001 71.250000000000014 502.50000000000006 1.7050000000000003
decision_type=10 10 10 10 10 10 10 10 10 10 2 8 10 10
left_child=-1 3 4 -2 5 12 7 9 13 10 -4 -5 -3 -8
right_child=1 2 6 11 -6 -7 8 -9 -10 -11 -12 -13 -14 -15
leaf_value=-0.00010865791795779067 0.0033620214210964808 0.0037985042175027206 0.0028905772452973303 0.00021510119279125829 0.0068405218165325668 0.0071127590875535588 -0.00089091900389831288 0.0064515465435716407 0.0027841033799914472 0.0036349402919403787 -0.0043526062143666461 -0.0073164922498147218 -0.0014360441191984595 -0.0078319830065018033
leaf_weight=57229.89217772556 71.118382165208459 179.7938836645335 111.27113129617646 109.04698001593351 360.51171644264832 126.7838839632459 159.1719680945389 154.48112303484231 112.42600721260533 118.59312522457913 287.66786631476134 152.87056077923626 371.56603191792965 165.72072464600205
leaf_count=724206 456 991 600 626 1865 783 737 762 556 626 1505 925 1912 808
internal_value=-5.73781e-05 0.00110427 0.00174607 -0.00272269 0.00398016 0.00209424 -0.000427133 0.00128596 -0.00292143 -0.000688494 -0.00223542 -0.00464895 0.000444801 -0.00500377
internal_weight=59710.9 2481.02 2147.99 333.036 1038.66 678.144 1109.33 672.013 437.319 517.532 398.939 261.918 551.36 324.893
internal_count=737358 13152 11145 2007 5551 3686 5594 3493 2101 2731 2105 1551 2903 1545
is_linear=0
shrinkage=0.03


Tree=282
num_leaves=15
num_cat=0
split_feature=4 10 6 18 13 14 25 13 25 22 24 4 13 4
split_gain=6.408 7.68387 8.76726 7.85027 13.4635 7.7577 7.06686 9.12586 7.78336 9.17022 6.86421 5.90786 7.08283 6.97959
threshold=-0.12132352941176448 266.50000000000006 0.20526315789473687 -19.633333333333319 70.450000000000017 76.15000000000002 0.090159186077158712 74.65000000000002 0.05866446036230874 4.5000000000000009 0.06334991397003685 -0.68019480519480513 59.150000000000013 -0.87083333333333346
decision_type=2 2 2 10 10 10 10 8 8 10 10 2 10 2
left_child=1 6 -3 -4 5 -5 8 -8 9 11 -7 12 -1 -14
right_child=-2 2 3 4 -6 10 7 -9 -10 -11 -12 -13 13 -15
leaf_value=-0.0035850155924957812 -0.00027161137119345417 -0.0026965016122890719 -0.0030547650197815445 0.0027881065898434942 -0.00078243914379220092 0.0032183201621598903 -0.0010061262436899564 0.00090123718228127703 0.0023021935885362953 -0.0012833366041194593 -0.0064231704440105087 0.0059312950802545188 0.0042370030310514015 -0.0045024890537219671
leaf_weight=185.29114172351547 36174.956404590979 1227.8951408362482 612.26799001533072 1972.6519800020615 3377.1743095519487 69.151287341723219 3468.0473727764329 6256.4377475529909 4002.3616556245834 1495.616300181835 122.42643879423849 253.50161181762815 386.17822921625338 58.278288019122556
leaf_count=3237 388996 17615 16351 33195 40709 1333 47458 65158 64723 44490 1447 3560 6274 829
internal_value=-2.12234e-05 0.00036418 -0.000435327 3.39611e-05 0.000399498 0.00221987 0.000730823 0.000219346 0.00150251 0.000137371 -0.0029972 0.00248294 0.000760641 0.00275164
internal_weight=59662.2 23487.3 7381.57 6153.67 5541.4 2164.23 16105.7 9724.49 6381.23 2378.87 191.578 883.249 629.748 444.457
internal_count=735375 346379 110650 93035 76684 35975 235729 112616 123113 58390 2780 13900 10340 7103
is_linear=0
shrinkage=0.03


Tree=283
num_leaves=15
num_cat=0
split_feature=7 18 24 20 25 17 29 25 14 17 16 19 33 20
split_gain=6.41807 6.60296 8.85761 6.58749 5.83876 5.35894 6.63248 5.33818 5.96053 5.23401 6.87816 5.1989 5.07587 6.06896
threshold=7.5000000000000009 -11.233333333333311 0.020103256527365419 40.500000000000007 0.1334902980643243 78.311555555555557 0.11572119182936651 0.057948162003189953 71.850000000000009 83.617028985507275 78.450000000000017 0.70606060606061061 20.500000000000004 156.50000000000003
decision_type=10 10 10 10 10 10 10 10 10 10 10 10 2 10
left_child=12 -2 3 9 7 6 -6 -4 -9 10 -3 -10 13 -1
right_child=1 2 4 -5 5 -7 -8 8 11 -11 -12 -13 -14 -15
leaf_value=0.0016946509424882194 -0.004835244210433764 -0.0025494068994833937 0.0022121846440573902 -0.0037850224471869661 0.010552673616040429 -0.0013506279151193608 -0.0018492625468171349 -0.0057842269716648761 -0.0053534422378673282 -0.0027570210189983586 0.010904273999250255 0.00026935159410093775 2.3909670595190879e-05 -0.0025355666098514289
leaf_weight=2824.349222893361 396.32470988598652 22.406552593922243 164.77388073434122 33.572292797034606 56.47219300409779 138.51619508303702 40.848168697208166 401.35280457953922 151.24828830384649 19.864751270972192 117.21939071593806 542.904343503993 54521.933542511077 296.96064792072866
leaf_count=44013 14523 499 3020 840 651 1564 386 5111 3544 512 2271 6404 647652 5520
internal_value=3.20436e-05 -0.00158302 -0.000702895 0.00464847 -0.00152144 0.00245227 0.0064863 -0.00233025 -0.00308021 0.00690338 0.00864234 -0.00123318 9.17971e-05 0.00125856
internal_weight=59728.7 2085.5 1689.18 193.063 1496.12 235.837 97.3204 1260.28 1095.51 159.491 139.626 694.153 57643.2 3121.31
internal_count=736510 39325 24802 4122 20680 2601 1037 18079 15059 3282 2770 9948 697185 49533
is_linear=0
shrinkage=0.03


Tree=284
num_leaves=15
num_cat=0
split_feature=8 25 16 16 29 30 20 12 27 23 26 34 34 20
split_gain=6.84683 11.0869 8.69142 7.56723 6.36949 6.67302 14.2037 11.5697 9.01061 8.16162 7.1928 9.78519 8.83875 7.71964
threshold=1.5000000000000002 0.14926042613893745 84.450000000000017 90.450000000000017 0.05188855515022843 306.50000000000006 291.50000000000006 41.850000000000001 -429.49999999999994 2.0650000000000004 -0.063061104462967074 0.016378787828298477 0.013935104720535435 185.50000000000003
decision_type=2 8 8 8 8 10 10 10 10 10 10 2 2 10
left_child=1 -1 -3 -4 -2 6 7 -6 9 -7 11 12 13 -9
right_child=4 2 3 -5 5 8 -8 10 -10 -11 -12 -13 -14 -15
leaf_value=-0.0038159461748623349 -0.0014930413212870574 0.0039750634200856772 -0.0058701293048025937 -0.00036762616152144511 -0.0058766149630118027 -0.0021908145495391439 -0.005979903488543898 -0.00014450283978027919 2.2703939645836328e-05 0.0042526067653549651 0.0020280664485074914 0.0029633041414172277 -0.0058133852437376584 0.0052294433891181286
leaf_weight=910.09207830706146 1859.7086615031585 346.84235492232256 187.49733219831251 4463.5352766391588 162.45182818453759 192.56168860988691 213.42341621883679 4224.6028206627816 39892.482995303348 758.75531004555523 5080.1189044523053 1090.1289783488028 184.6680009549018 204.97270570439287
leaf_count=13985 39775 2883 1505 59605 4363 2839 3725 42038 465993 14022 72425 10024 1739 2476
internal_value=0.000102544 -0.000862647 -0.000292392 -0.000649524 0.000209111 0.000271357 0.000919728 0.00108082 9.32846e-05 0.00290409 0.00121226 0.000474423 -0.000139046 0.000159764
internal_weight=59771.8 5907.97 4997.87 4651.03 53863.9 52004.2 11160.4 10946.9 40843.8 951.317 10784.5 5704.37 4614.24 4429.58
internal_count=737397 77978 63993 61110 659419 619644 136790 133065 482854 16861 128702 56277 46253 44514
is_linear=0
shrinkage=0.03


Tree=285
num_leaves=15
num_cat=0
split_feature=21 20 19 23 23 32 35 30 30 25 1 2 30 18
split_gain=7.20855 8.80601 7.4451 6.37591 9.07978 10.5337 6.22318 6.37159 7.04693 6.4714 6.21235 7.54532 6.03668 5.38554
threshold=0.54195804195804198 16.500000000000004 5.9340277777777795 -1.4949999999999999 -3.4949999999999997 0.060010604453870638 5.5000000000000009 2253.5000000000005 306.50000000000006 0.29087655165491105 1810.5000000000002 4.5000000000000009 287.50000000000006 -5.8333333333333384
decision_type=10 10 10 8 10 2 2 10 10 10 2 8 10 10
left_child=3 2 -2 4 -1 -6 7 8 -3 -9 11 12 -7 -12
right_child=1 6 -4 -5 5 10 -8 9 -10 -11 13 -13 -14 -15
leaf_value=-0.0015890245433737235 -0.008173234377179513 0.0018352844589887484 -0.00041058477238854919 -7.1225753022589565e-05 0.010998615718368375 -0.00085612710076644915 0.0061084307222925979 0.0068776453194855317 -0.0040154330662800749 -0.0021171703349032725 0.003639968378636952 0.00025367111400731083 0.0053733594843406842 -0.0048059762031621512
leaf_weight=634.39329211367294 263.72515679034404 225.81606406345963 180.81847473978996 55687.796217840165 73.591439165640622 155.54647930967622 65.98617162485607 108.46496806666255 594.84244744479656 98.617724385112524 55.702712268568575 769.48333777743392 725.19667843682691 171.02714797994122
leaf_count=4333 2098 1519 922 706610 838 1231 1819 735 3696 546 697 5923 5777 1123
internal_value=-5.74107e-05 -0.0020515 -0.00537651 -3.05765e-06 0.00143898 0.00243891 -0.000524085 -0.00121356 -0.00239258 0.00301544 0.00182662 0.00246868 0.00428629 -0.00244822
internal_weight=59811 1538.27 444.544 58272.7 2584.94 1950.55 1093.73 1027.74 820.659 207.083 1876.96 1650.23 880.743 226.73
internal_count=737867 11335 3020 726532 19922 15589 8315 6496 5215 1281 14751 12931 7008 1820
is_linear=0
shrinkage=0.03


Tree=286
num_leaves=15
num_cat=0
split_feature=14 13 0 26 6 6 0 31 24 29 13 25 2 13
split_gain=5.40916 8.51321 7.94236 7.33037 6.95607 10.2919 8.85512 14.6923 12.6477 11.338 10.3121 8.85212 7.35283 6.74109
threshold=77.050000000000011 84.450000000000017 14.500000000000002 0.83730574800354984 0.4188596491228071 0.37980769230769235 8.5000000000000018 0.00064433979830543018 0.073018460466163573 0.082355608910230776 82.450000000000017 0.15730705153651819 6.5000000000000009 73.850000000000009
decision_type=10 10 2 10 2 2 2 10 10 10 10 10 10 10
left_child=1 2 -1 -3 5 6 7 9 -9 11 13 -2 -7 -10
right_child=4 3 -4 -5 -6 12 -8 8 10 -11 -12 -13 -14 -15
leaf_value=0.00010682787325637937 0.0058777730980449751 0.0028377566400373611 -0.0039375003255811905 -0.0053318108170329935 -0.00088140603242667836 0.0046177649749076762 -0.00081308867410521035 -0.0014984554097959991 0.0064755260526403137 -0.0040119415317232425 0.0078258469730211784 -0.0032306266516406276 -0.0025057380831182176 -0.00059863661284099371
leaf_weight=37106.41944016749 209.36281442269683 1421.5973733144347 392.23009485797957 60.548278216738254 12823.224767185166 660.16017624200322 5040.8874178169062 335.56986187770963 126.20752251660451 551.11368435109034 506.79893096303567 112.41002500290051 126.11371437832713 365.31719346670434
leaf_count=500065 2119 12885 8703 586 136053 6853 54528 3121 933 4393 3220 859 1250 2477
internal_value=-5.966e-05 0.000148977 5.9338e-05 0.00234091 -0.000449013 0.000242326 -0.000120465 0.00144464 0.00337604 -0.00152981 0.00500784 0.00268925 0.00339369 0.00164796
internal_weight=59838 38980.8 37498.6 1482.15 20857.2 8033.94 7247.67 2206.78 1333.89 872.887 998.324 321.773 786.274 491.525
internal_count=738045 522239 508768 13471 215806 79753 71650 17122 9751 7371 6630 2978 8103 3410
is_linear=0
shrinkage=0.03


Tree=287
num_leaves=15
num_cat=0
split_feature=17 33 33 19 31 20 32 24 8 24 2 3 16 20
split_gain=4.92163 5.81532 6.18123 6.05679 5.85181 5.07221 9.4279 8.88013 6.30403 8.19933 7.43731 7.383 8.14271 8.05311
threshold=90.963068181818201 1959.5000000000002 397.50000000000006 7.7293981481481504 0.0078493853961447684 43.500000000000007 0.05018659054515074 0.49475762792066713 2.5000000000000004 0.094193771936867621 1.5000000000000002 55.250000000000007 77.65000000000002 188.50000000000003
decision_type=10 2 2 10 8 8 2 10 2 10 10 2 10 10
left_child=5 2 -2 4 -3 -1 -7 8 9 -8 -10 12 -12 -14
right_child=1 3 -4 -5 -6 6 7 -9 10 -11 11 -13 13 -15
leaf_value=0.00017191118167950395 -0.00026385259709378963 0.0024321236721820184 -0.0052265538492644939 0.0071682926201929271 -0.0048058666793168708 -0.0038945665070828999 1.1786263450821901e-08 -0.0061172211042168582 -0.0034490825843006912 -0.0017799404480173314 -0.0046773652065371322 0.001960831286794835 0.0029780735819309526 -0.0053177112251687796
leaf_weight=43310.4847786522 399.429777469486 180.22589629376307 487.13757151737809 62.467605363577604 130.37585599999875 639.06060959707247 7085.0926360826707 182.54882169212215 287.42502570129 3419.893760128296 312.16855600883719 2726.1220879270695 408.19087345758453 88.23910615616478
leaf_count=520037 3705 1946 4629 337 1220 17326 101997 1261 3434 35516 6330 32224 5637 1369
internal_value=-3.41262e-05 -0.00185295 -0.00312413 0.00118013 -0.000851145 6.6144e-06 -0.000464983 -0.000301075 -0.000205952 -0.000585138 0.000830319 0.00122155 -0.00123991 0.00115186
internal_weight=59718.9 1259.64 886.567 373.069 310.602 58459.2 15148.7 14509.7 14327.1 10505 3822.15 3534.72 808.599 496.43
internal_count=736968 11837 8334 3503 3166 725131 205094 187768 186507 137513 48994 45560 13336 7006
is_linear=0
shrinkage=0.03


Tree=288
num_leaves=15
num_cat=0
split_feature=19 26 23 30 12 16 14 30 14 26 10 34 12 16
split_gain=7.73769 11.8318 8.90451 12.4628 7.64951 7.00329 6.72453 5.13081 4.84431 5.93343 6.20768 5.99698 4.85851 4.62215
threshold=-14.003749999999998 -0.068378131400299288 16.105000000000004 463.50000000000006 72.850000000000009 89.550000000000011 81.950000000000017 4.5000000000000009 42.150000000000013 -0.0089975247801630902 190.50000000000003 -0.010462831900544619 72.050000000000011 75.750000000000014
decision_type=8 10 10 8 10 10 10 8 8 10 2 2 8 8
left_child=1 -1 7 6 -3 -5 -4 -2 9 10 -9 -12 -13 -10
right_child=2 4 3 5 -6 -7 -8 8 13 -11 11 12 -14 -15
leaf_value=0.0026896048086214449 -0.0032426720488769392 -0.0085887612174556632 -0.0037274799254098483 0.0084387552396472162 0.0021899324976870989 -0.0015484803796808888 0.006441501917393822 0.0083191839500756093 -0.0005812888292532995 -0.0031417986042589028 -0.0058260107540527321 0.0067636480398901248 -0.0030226314142394184 0.00012108716632808851
leaf_weight=147.92934748576954 386.84347534226254 255.09330798848532 208.59477776463609 295.23678191786166 51.742402988020331 60.311436197953299 27.472403183346614 153.79848340840545 10188.83558513131 70.61348493816331 43.619599163066596 77.394693564390764 35.441893282346427 47742.303214218933
leaf_count=3842 5087 18602 4514 6105 1193 1066 402 2212 162957 1312 700 1308 328 526987
internal_value=3.44015e-06 -0.00369521 3.48989e-05 0.00354992 -0.00671896 0.00676258 -0.00162503 -3.51952e-06 2.07288e-05 0.00318997 0.00486712 0.00028076 0.00370552 -2.84034e-06
internal_weight=59745.2 454.765 59290.5 591.615 306.836 355.548 236.067 58698.9 58312 380.868 310.255 156.456 112.837 57931.1
internal_count=736615 23637 712978 12087 19795 7171 4916 700891 695804 5860 4548 2336 1636 689944
is_linear=0
shrinkage=0.03


Tree=289
num_leaves=15
num_cat=0
split_feature=18 14 3 20 27 22 18 11 16 9 2 10 22 15
split_gain=6.17039 8.49263 9.95337 10.4028 11.7555 9.91885 8.45377 8.44974 8.1767 7.8576 7.53684 7.41749 7.26681 8.62768
threshold=-5.9000000000000012 68.050000000000011 59.250000000000007 21.500000000000004 -159.49999999999997 4.5000000000000009 -30.233333333333334 34.500000000000007 87.65000000000002 20.500000000000004 6.5000000000000009 145.50000000000003 6.5000000000000009 83.183333333333351
decision_type=10 10 2 10 10 8 10 2 10 2 10 2 10 10
left_child=1 2 3 7 10 8 -6 -1 -4 -9 -5 -7 -3 -14
right_child=-2 12 5 4 6 11 -8 9 -10 -11 -12 -13 13 -15
leaf_value=8.8943385266641959e-05 0.00028845261731490522 -0.0016393961134623899 -0.0057352092119415865 -0.0028703962564364124 -0.0055424681801079043 0.0026735398962564189 0.0029780580845325706 0.0024225253085510597 0.0029251591314330607 -0.0068277698581731818 0.0044666797414810305 -0.0019725516766073031 0.00051021862120554816 -0.0047695532628435136
leaf_weight=8683.5736146199051 35773.360143030528 6122.459693937446 615.69439250021242 606.83732551964931 64.211098123574629 456.83798746345565 2718.62308754283 84.969894335372373 83.4962533863727 248.41375697369222 109.06773199676536 743.74785465735476 3266.4005179916276 254.10311590787023
leaf_count=154320 295515 96820 7097 15755 4079 7962 55007 1468 821 6270 2824 12854 70821 6087
internal_value=3.87651e-05 -0.000332333 0.000128958 0.000437977 0.00181395 -0.00186588 0.0026871 -0.000102983 -0.0045748 -0.00446167 -0.00153397 -0.000168447 -0.00101903 6.76804e-05
internal_weight=59831.8 24058.4 14415.5 12515.7 3498.74 1899.78 2782.83 9016.96 699.191 333.384 715.905 1200.59 9642.96 3520.5
internal_count=737700 442185 268457 239723 77665 28734 59086 162058 7918 7738 18579 20816 173728 76908
is_linear=0
shrinkage=0.03


Tree=290
num_leaves=15
num_cat=0
split_feature=34 1 34 12 29 6 0 30 16 12 13 25 34 0
split_gain=5.7543 7.88861 9.25063 6.84794 6.40267 6.36692 7.43482 12.7204 10.8658 11.9817 9.24044 10.761 12.1833 10.1111
threshold=-0.021788508188176212 1008.5000000000001 -0.030044253258123543 65.350000000000009 0.16286096421842991 0.78174603174603186 8.5000000000000018 341.50000000000006 89.050000000000011 61.850000000000001 76.450000000000017 0.14359315439194967 0.016378787828298477 12.500000000000002
decision_type=2 2 2 8 8 2 2 8 8 10 8 10 2 2
left_child=1 2 -1 -4 -3 -2 7 -7 9 -8 11 12 -11 -14
right_child=5 4 3 -5 -6 6 8 -9 -10 10 -12 -13 13 -15
leaf_value=-0.00035987429735725643 -0.00022281207865119731 0.0010093107965010522 0.00025765330185864474 0.0096978110209903802 -0.0036566739262703352 0.0019053978906199589 0.0040283239947767743 -0.001389570728650283 0.0026982038322784056 -0.0010183957769852449 0.001195402091624708 -0.0039536496110625374 0.00648503344149456 -0.0045849428840303765
leaf_weight=224.51407426758669 42082.474383021006 2658.4458532594144 96.205908148782328 224.24200581316836 244.21857256861404 1445.9143154635094 676.88737348373979 3532.7960406852653 2458.4269948306028 2088.6070109113352 2852.4380439632805 835.56272388016805 322.56316884397529 54.739817511523142
leaf_count=2719 507305 36835 1813 2594 2055 14133 21570 33891 33669 34562 32404 8560 4579 1045
internal_value=3.61422e-05 0.00121689 0.00436738 0.00728096 0.00056146 -3.7113e-05 0.000509461 -0.000423217 0.00100894 0.000385773 -4.41196e-05 -0.00111691 -9.62236e-05 0.00453041
internal_weight=59798 3447.63 544.962 320.448 2902.66 56350.4 14267.9 4978.71 9289.23 6830.8 6153.91 3301.47 2465.91 377.303
internal_count=737734 46016 7126 4407 38890 691718 184413 48024 136389 102720 81150 48746 40186 5624
is_linear=0
shrinkage=0.03


Tree=291
num_leaves=15
num_cat=0
split_feature=12 14 14 24 29 32 14 24 16 4 23 23 31 14
split_gain=6.54506 10.0049 9.93666 9.75832 8.20217 7.9452 7.49407 7.36923 7.31061 6.87149 9.07012 6.68516 7.10534 6.4736
threshold=85.750000000000014 75.050000000000011 81.350000000000009 0.38876302137941726 0.14382187706543295 0.18204376310717438 80.550000000000011 0.055723938020179921 92.050000000000011 3.9409722222222219 12.905000000000003 2.0050000000000003 0.029607945273397007 84.050000000000011
decision_type=10 8 10 10 10 2 10 10 10 2 8 10 10 10
left_child=9 -2 3 6 5 -4 -3 8 -6 -1 -11 12 13 -9
right_child=1 2 4 -5 7 -7 -8 11 -10 10 -12 -13 -14 -15
leaf_value=1.2328100094726488e-05 0.0045898894713223611 -0.0011075284516672789 0.00079167618158067449 0.0040393381483547442 0.0043935408528063694 -0.0042874776635112334 -0.0067709431052668688 0.0074558371447503583 -0.0043539675770811297 -0.0030619518313055095 0.0053635261613685457 0.0067797173247078754 -0.0043917514234639325 0.0018115666179580234
leaf_weight=50219.080242003896 552.30574549292214 1819.0674077509902 3323.5820596716367 246.28965105977841 84.12723428546451 252.32044648984447 193.23603955749422 189.60960728744976 199.63632502779365 1082.9934296472929 82.316078132018447 390.33134119445458 86.756963307969272 1027.652302720584
leaf_count=652784 4719 15218 33683 1428 823 2137 1752 1288 2279 9024 968 3425 609 7067
internal_value=8.5369e-05 0.000860944 0.000569818 -0.00109165 0.00124918 0.000379104 -0.00180235 0.00277392 -0.00149092 -4.16019e-05 -0.00227061 0.00351045 0.00231764 0.00295024
internal_weight=59749.3 8364.92 7812.61 2258.59 5554.02 3575.9 2012.3 1978.11 283.764 51384.4 1165.31 1694.35 1304.02 1217.26
internal_count=737204 74428 69709 18398 51311 35820 16970 15491 3102 662776 9992 12389 8964 8355
is_linear=0
shrinkage=0.03


Tree=292
num_leaves=15
num_cat=0
split_feature=18 20 10 15 29 0 6 28 17 1 26 31 35 24
split_gain=6.23282 12.8967 7.42491 7.16626 8.96252 8.18796 7.08144 11.3911 12.9915 9.66614 7.39547 7.59852 9.6002 6.97632
threshold=-6.1999999999999984 321.50000000000006 1.5000000000000002 54.883333333333347 0.13944690882535268 9.5000000000000018 0.11437908496732027 -2.7499999999999996 66.533771929824582 1117.5000000000002 -0.10026930690250539 0.01362543458221642 1.5000000000000002 0.13223578604691263
decision_type=8 10 2 10 10 2 2 8 8 2 8 10 2 10
left_child=1 2 -1 4 5 -4 7 -2 13 10 -10 12 -12 -9
right_child=6 -3 3 -5 -6 -7 -8 8 9 -11 11 -13 -14 -15
leaf_value=0.0058867131617452908 0.0048704530818595255 -0.0077626206716608376 -0.0016744723289249057 -0.00070941541557158867 0.0068786699894008829 0.0032985406082640112 0.00019112221167852064 0.0078898470756668167 0.0046090015193908547 -0.0036110560869603613 0.002250755565693523 0.0052147551392748136 -0.0073048136946736748 -0.0025543079949230923
leaf_weight=113.32813814328983 195.23114516073838 172.31181175285019 663.50903306982946 17033.547903752537 185.59929161006585 462.66700158233289 38319.991518483032 130.43420463474467 216.48925610072911 1798.8346472859848 125.29565159976482 64.977050364017487 189.89197913301177 55.571811282075942
leaf_count=2299 1891 5070 17016 319004 3289 23770 341661 1306 1454 16073 585 556 2576 416
internal_value=-0.000121973 -0.000576345 -0.000488472 -0.000543748 0.00155452 0.000421962 8.44646e-05 -0.0013648 -0.00191994 -0.00253783 0.000726831 -0.00176268 -0.00371814 0.00488943
internal_weight=59727.7 18631 18458.7 18345.3 1311.78 1126.18 41096.7 2776.73 2581.49 2395.49 596.654 380.165 315.188 186.006
internal_count=736966 370448 365378 363079 44075 40786 366518 24857 22966 21244 5171 3717 3161 1722
is_linear=0
shrinkage=0.03


Tree=293
num_leaves=15
num_cat=0
split_feature=14 30 12 11 3 7 6 13 13 29 15 27 15 13
split_gain=7.6437 8.16684 6.28516 6.74206 5.43484 4.85684 4.90422 4.59727 4.5657 6.08043 7.91807 4.77165 4.77832 4.66824
threshold=45.750000000000007 280.50000000000006 75.350000000000009 32.500000000000007 59.250000000000007 5.5000000000000009 0.87083333333333346 74.550000000000011 44.750000000000007 0.1033767648473531 45.583333333333343 -111.49999999999999 63.041666666666679 55.550000000000004
decision_type=8 10 10 2 2 10 2 10 8 8 10 10 10 8
left_child=1 5 3 4 -3 6 -1 -4 9 10 -2 -12 -13 -10
right_child=8 2 7 -5 -6 -7 -8 -9 13 -11 11 12 -14 -15
leaf_value=-0.0059456019431508283 -0.0036833943415336351 0.0093892575291361392 -0.0056467114218006886 -0.0036570431447611228 -0.00016181352890383305 0.0036111810682218489 0.0034123947301433841 0.0032215528223492186 -0.00157838979495797 -0.00093463165097794516 -0.0012156054869769046 0.0091922717375901176 -0.0018857992112001928 8.5730336891672187e-05
leaf_weight=137.03081693453714 48.720596861909144 287.42072722001467 42.42308311490342 22.294392700307071 61.758790648076683 78.266859862953424 32.178023020736873 73.599917017039843 1508.6670408467762 247.13682698272169 45.739222765783779 227.94407829549164 22.710377641953528 56938.953805584955
leaf_count=2825 2737 7880 479 633 1092 1869 662 705 32510 4142 1263 5986 332 673900
internal_value=0.000108302 0.00304924 0.00513856 0.0068466 0.0078913 -0.00123839 -0.00379358 -0.000745094 6.91421e-05 0.00258481 0.00490444 0.006644 0.00804186 4.14632e-05
internal_weight=59774.8 734.973 487.497 371.474 349.18 247.476 169.209 116.023 59039.9 592.251 345.114 296.394 250.654 58447.6
internal_count=737015 16145 10789 9605 8972 5356 3487 1184 720870 14460 10318 7581 6318 706410
is_linear=0
shrinkage=0.03


Tree=294
num_leaves=15
num_cat=0
split_feature=23 23 32 16 13 2 23 14 25 17 17 14 24 34
split_gain=6.26336 16.4571 8.73661 7.87666 7.96305 7.8 9.50965 10.8026 7.96793 6.70988 6.44664 6.83668 14.1591 8.29423
threshold=6.8050000000000006 7.9050000000000011 0.042995327102803745 63.650000000000013 60.350000000000001 4.5000000000000009 15.805000000000001 52.550000000000004 0.0431059048422597 69.680322580645182 87.880625000000023 88.250000000000014 0.054729327297182419 0.013079924333462258
decision_type=10 10 2 8 8 10 10 10 10 10 10 10 10 2
left_child=3 -2 -3 4 -1 6 8 -8 -4 -10 11 -5 -13 -14
right_child=1 2 5 10 -6 -7 7 -9 9 -11 -12 12 13 -15
leaf_value=-0.007024462408865742 0.0029000207489175479 -0.0044520910126377555 -0.0049287578381773259 -7.4681289986367803e-05 0.00011112182265618414 0.0017128377027353062 -0.0043456798912619651 0.0052820984081885774 0.0011448696064441804 -0.0019520593136007531 -0.0014541961066833991 -0.0037313590047720543 0.0015687466691575718 0.006620713757977151
leaf_weight=247.48548845283221 2279.3063400355168 336.5587452360196 412.63988742535003 46629.703417377168 264.25294597353786 1932.7842285148799 97.356848001829349 377.13785341801122 1065.5957297175191 1405.8835959339049 2872.5139947156422 303.45808947528712 1156.7372163413092 365.43750893091783
leaf_count=6124 39251 14921 14740 518030 5363 41408 3551 7759 20109 21518 26853 4408 10330 3163
internal_value=-4.43229e-06 0.000779294 -9.75682e-05 -0.000124612 -0.00365785 0.000218483 -0.000653985 0.00308071 -0.00131044 -0.000620572 -8.58605e-05 -3.32792e-06 0.00177256 0.00295359
internal_weight=59746.9 7907.26 5627.96 51839.6 511.738 5291.4 3358.61 474.495 2884.12 2471.48 51327.9 48455.3 1825.63 1522.17
internal_count=737528 163257 124006 574271 11487 109085 67677 11310 56367 41627 562784 535931 17901 13493
is_linear=0
shrinkage=0.03


Tree=295
num_leaves=15
num_cat=0
split_feature=35 14 33 22 8 9 16 18 23 32 7 30 17 1
split_gain=5.86342 8.32512 5.94824 5.92517 8.71141 14.5595 6.82533 9.371 8.80838 6.58086 6.50834 6.51198 10.6262 16.0429
threshold=9.5000000000000018 75.550000000000011 18.500000000000004 8.5000000000000018 1.5000000000000002 84.500000000000014 78.750000000000014 -0.7666666666666585 8.1050000000000022 0.079312804368144044 8.5000000000000018 1786.5000000000002 71.900806451612922 1398.0000000000002
decision_type=2 10 2 8 2 2 8 10 10 2 10 8 10 2
left_child=3 2 -2 4 5 -1 7 -5 -9 -7 11 -6 13 -13
right_child=1 -3 -4 6 10 9 -8 8 -10 -11 -12 12 -14 -15
leaf_value=-0.007219626897700975 0.0026416118708200817 0.001481386557138392 -0.0048955523102488518 0.0015528875431035955 0.00030390607499886367 -0.0068674606498967368 0.00037894056412776818 0.0015613743825888568 0.014135675199421252 0.0003556230914938739 -0.0029999082783503427 -0.0041161306795066688 2.5743249656816088e-05 0.00024782050916630189
leaf_weight=344.2751778808888 77.589396968134679 359.96604620001744 610.30526130809449 1960.2265620552935 35007.218726437073 77.633882630267181 8201.7866729074158 116.790678975638 61.930919648613781 992.25162997213192 567.40964301023632 1543.5945983667625 8493.7420841506682 1435.9839048599824
leaf_count=3198 8311 23221 57759 42428 365068 1529 104976 903 478 9746 8973 18938 74773 17430
internal_value=8.81681e-05 -0.00208423 -0.00392403 0.000128618 -1.07541e-05 -0.00228963 0.000778697 0.00226789 0.00805627 -0.000451718 6.01021e-05 0.000100641 -0.000518188 -0.00204358
internal_weight=59850.7 1047.86 687.895 58802.8 48462.1 1414.16 10340.7 2138.95 178.722 1069.89 47047.9 46480.5 11473.3 2979.58
internal_count=737731 89291 66070 648440 499655 14473 148785 43809 1381 11275 485182 476209 111141 36368
is_linear=0
shrinkage=0.03


Tree=296
num_leaves=15
num_cat=0
split_feature=9 22 1 22 27 29 12 2 31 29 6 12 17 33
split_gain=4.37157 11.8148 10.2897 8.36145 12.0492 9.28373 7.85238 7.80626 8.38078 6.88343 10.2386 8.39183 9.76931 9.76081
threshold=36.500000000000007 8.5000000000000018 1810.5000000000002 11.500000000000002 -29.499999999999996 0.069035672833550096 71.550000000000011 6.5000000000000009 0.0019169300023378366 0.10769503642862992 0.12132352941176472 81.250000000000014 86.987083333333345 102.50000000000001
decision_type=2 10 2 10 10 10 10 8 10 8 2 8 10 2
left_child=9 -2 3 -3 7 -6 -4 -5 -9 11 -11 13 -13 -1
right_child=1 2 6 4 5 -7 -8 8 -10 10 -12 12 -14 -15
leaf_value=-0.0012796534979597307 -0.00031460827718577349 0.0024368405608486783 0.0013019757045865238 -0.0061205110859454091 -0.0059711577848096083 0.0045178508764719526 -0.0065257823889756502 -0.0045753505726528216 0.007890462464642119 -0.0044018013625849667 4.8940187468725096e-05 0.0035156682215771707 -0.0052920133051988115 0.0012227141732146347
leaf_weight=1886.7848138932604 40062.387015891145 3245.6323261045618 184.87420559872407 334.56177916831803 48.426577045000158 349.25894673296716 205.32017289823852 47.777717311866581 51.950443807756528 452.43706607026979 6259.1072562891059 1510.1632606431376 78.495434619486332 5069.8397894535447
leaf_count=32350 461643 66713 4924 6649 2111 7712 3459 1003 809 4331 58715 14455 660 72004
internal_value=-7.66266e-07 -0.000150957 0.00130373 0.00175655 -0.000885029 0.00271635 -0.00309037 -0.00412283 0.00238478 0.000436658 -0.000281424 0.000999002 0.00293229 0.00053973
internal_weight=59787 44530.2 4467.8 4077.61 831.975 397.686 390.194 434.29 99.7282 15256.8 6711.54 8545.28 1588.66 6956.62
internal_count=737538 555023 93380 84997 18284 9823 8383 8461 1812 182515 63046 119469 15115 104354
is_linear=0
shrinkage=0.03


Tree=297
num_leaves=15
num_cat=0
split_feature=28 10 6 14 12 23 31 30 7 28 19 30 31 25
split_gain=6.36742 10.8356 8.45174 8.22927 12.4709 10.9238 14.2074 8.44084 10.4616 8.06739 8.60683 7.72098 6.44548 9.04258
threshold=-1.0000000180025095e-35 333.50000000000006 0.19375000000000003 68.65000000000002 67.550000000000011 1.5050000000000001 0.00022185337831393865 463.50000000000006 3.5000000000000004 -1.2499999999999998 3.3558080808080892 558.50000000000011 0.017904126837235402 0.11113802355451484
decision_type=10 2 2 8 10 10 10 10 10 10 10 10 10 8
left_child=3 -2 -3 4 5 -1 -7 8 -6 -9 11 -11 -5 -14
right_child=1 2 -4 12 7 6 -8 9 -10 10 -12 -13 13 -15
leaf_value=-0.0062739514773167138 -0.00050206961245146536 -0.0023142051768761654 0.0019623004535397554 0.00022712380161919965 -0.0022535231493153196 -0.0020391869809444877 0.0032402138168343688 -0.00063663529777302052 0.0064542411595627713 -0.004018781781811964 -0.0017688597209586316 0.0071761830194291597 -0.0046369024856579271 -0.00030609407645775687
leaf_weight=189.52309468993917 32378.434268355486 446.60818519967142 2701.2011065017432 17949.791219311417 120.73346643289551 892.12676426151302 846.17857251991518 753.17602630204055 765.22138872835785 31.164387880126014 150.96159759070724 385.1074271032121 549.42449023528025 1600.3989426195621
leaf_count=2841 371368 4908 31039 232599 1334 23775 17925 11077 9959 490 1107 5903 7647 15303
internal_value=-8.26313e-05 -0.0003382 0.00132886 0.000291953 0.00150237 -0.000262975 0.00054948 0.00301649 0.0052106 0.00140792 0.00395435 0.00599699 3.98782e-05 -0.00149314
internal_weight=59760.1 35526.2 3147.81 24233.8 4134.19 1927.83 1738.31 2206.36 885.955 1320.41 567.233 416.272 20099.6 2149.82
internal_count=737275 407315 35947 329960 74411 44541 41700 29870 11293 18577 7500 6393 255549 22950
is_linear=0
shrinkage=0.03


Tree=298
num_leaves=15
num_cat=0
split_feature=27 27 18 5 30 13 20 26 15 17 5 15 11 4
split_gain=4.93425 8.78141 11.4643 9.18163 13.3879 11.9805 7.86094 7.48654 9.28689 9.97411 7.45071 7.14558 7.00124 8.47453
threshold=-189.49999999999997 -219.49999999999997 -2.0000000000000102 4.5000000000000009 1732.5000000000002 65.65000000000002 11.500000000000002 -0.050542270690549861 87.116666666666688 79.125320512820522 2.5000000000000004 89.241666666666688 4.5000000000000009 -0.37083333333333351
decision_type=10 10 10 2 10 10 10 8 10 10 2 10 2 2
left_child=1 7 3 -3 5 -5 -4 8 9 12 -8 -12 13 -1
right_child=-2 2 6 4 -6 -7 10 -9 -10 -11 11 -13 -14 -15
leaf_value=0.0033488612987289165 0.00016468699709053033 -0.0049858984894997115 0.0060031913519377599 0.0023568540998110074 0.0040002158605316916 -0.004852107874863446 0.0032506214243855727 -0.00060254620382540255 -0.003632539885537188 0.0049830710071278256 -0.0027184607072954156 0.0040620204480634105 0.0016015788061603988 -0.0050780384674535776
leaf_weight=115.70864558406174 47200.751894810121 1064.464259934728 144.98162252269685 253.41907524922863 292.96101884590462 689.538044668152 316.04615847580135 5895.5742295788368 271.3989823134616 615.31947320653126 861.62001869967207 119.61003344459459 1666.0740916491486 292.139002681477
leaf_count=1730 563495 15054 926 5675 4771 10800 2074 89221 3351 7145 6296 923 22580 3348
internal_value=2.38291e-05 -0.00050245 -0.00171035 -0.00300287 -0.00116748 -0.00289358 0.000382739 1.47453e-05 0.00123356 0.00178199 -0.000444873 -0.00173506 0.0007373 -0.00258265
internal_weight=59799.6 12598.9 3742.64 2300.38 1235.92 942.957 1442.26 8856.21 2960.64 2689.24 1297.28 981.23 2073.92 407.848
internal_count=737389 173894 46519 36300 21246 16475 10219 127375 38154 34803 9293 7219 27658 5078
is_linear=0
shrinkage=0.03


Tree=299
num_leaves=15
num_cat=0
split_feature=24 29 22 18 27 33 16 24 19 3 33 33 3 28
split_gain=4.47049 4.50351 4.3896 10.2472 8.78725 9.60271 8.70599 8.04367 9.04141 9.87192 7.97981 7.42626 7.37309 7.43133
threshold=0.0054366142749726282 0.12211112948060887 6.5000000000000009 -9.733333333333329 -193.49999999999997 105.50000000000001 82.050000000000011 0.21776329776495332 2.630303030303033 59.250000000000007 135.50000000000003 4000.0000000000005 60.250000000000007 -2.2499999999999996
decision_type=8 10 10 8 10 2 10 10 10 2 2 2 2 10
left_child=1 -1 3 -2 11 6 12 8 9 -7 -10 -4 13 -6
right_child=2 -3 4 -5 5 7 -8 -9 10 -11 -12 -13 -14 -15
leaf_value=-0.0059764715678262493 -0.0014259630925022259 0.0025453916260164793 -0.00066409018619171417 -2.373808717640774e-05 -0.0036434751825032553 0.0025800780868862868 -0.0031346697830884301 0.0052672189830633327 0.0053899558746656811 -0.0010636857079065754 -0.00060614271878427542 -0.0084077695776353534 -0.0053020655072829005 0.0021598563887223446
leaf_weight=162.20964537875261 5246.7155193398939 43.932107268366963 3001.4259677785449 40994.443035824457 189.68470550852362 3750.5003833947703 856.72535214712843 400.3576173952315 165.04750583926216 783.0634216821054 2768.1839374755509 66.507304937345907 123.00430649338523 1190.6320076794364
leaf_count=7337 107960 929 51840 383534 5555 87160 14566 3645 1665 13973 25611 928 1733 30411
internal_value=-6.31047e-05 -0.00401797 -4.60511e-05 -0.000184209 0.000433358 0.000855215 -0.000810467 0.00135686 0.00111355 0.00194597 -0.000184071 -0.000964097 0.000572336 0.00126287
internal_weight=59742.4 206.142 59536.3 46241.2 13295.1 10227.2 2360.05 7867.15 7466.8 4533.56 2933.23 3067.93 1503.32 1380.32
internal_count=736847 8266 728581 491494 237087 184319 52265 132054 128409 101133 27276 52768 37699 35966
is_linear=0
shrinkage=0.03


Tree=300
num_leaves=15
num_cat=0
split_feature=35 21 18 32 26 6 27 16 13 1 22 23 31 32
split_gain=5.66951 9.76762 9.15973 6.87964 7.11855 7.6169 6.81283 6.66572 6.37612 8.38281 5.91736 5.39276 5.21634 6.41794
threshold=7.5000000000000009 0.14729990356798459 -5.9666666666666641 0.13504481674699889 -0.082093810777452716 0.57518796992481214 8.5000000000000018 76.550000000000011 75.65000000000002 1872.5000000000002 11.500000000000002 1.675 -0.0060270102553227111 0.1146524854751076
decision_type=2 8 10 2 10 2 8 10 10 2 10 8 10 2
left_child=-1 2 3 4 5 12 -7 -5 9 10 -6 -3 -2 -14
right_child=1 11 -4 7 8 6 -8 -9 -10 -11 -12 -13 13 -15
leaf_value=0.00011841655608168015 -0.0013302470673479656 -0.006588509772929089 0.0034240469756354991 -0.0028054503642687815 -0.0031493067678738792 0.0026154806985996502 -0.0068319949731124822 0.0074050301548099513 -0.0072829309262928904 0.0046874179567902505 0.0038786341069722802 -0.0019352519376113792 0.010534819259045739 -0.0027806375962505319
leaf_weight=56202.497445117566 54.059961225255392 283.02607222239021 503.17110494570807 56.430996786570176 987.35733960673679 104.50076465576421 80.263111942214891 111.53959753341042 169.61736804107204 121.99951608199626 77.830207617720589 916.02475122211035 105.29322874103673 18.78165593650192
leaf_count=537444 2841 11888 17761 3082 71612 5441 4070 4812 9105 8205 7004 48183 5152 833
internal_value=4.42053e-05 -0.00110329 1.95706e-05 -0.000952851 -0.00155051 0.00198703 -0.00206958 0.00411807 -0.00253367 -0.00158821 -0.00248492 -0.00325339 0.00572602 0.00829947
internal_weight=59792.4 3589.9 2390.84 1887.67 1719.7 362.899 184.764 167.971 1356.8 1187.19 1065.19 1199.05 178.135 124.075
internal_count=737433 199989 139918 122157 114263 18337 9511 7894 95926 86821 78616 60071 8826 5985
is_linear=0
shrinkage=0.03


Tree=301
num_leaves=15
num_cat=0
split_feature=4 4 11 32 7 27 29 13 16 26 3 30 31 31
split_gain=6.83596 9.07641 9.25189 8.88807 9.52286 7.58669 6.94473 7.10884 12.5573 9.85622 7.55257 6.72714 6.24093 5.74187
threshold=-2.3708333333333331 -2.151923076923079 25.500000000000004 0.16097989626644951 5.5000000000000009 -402.49999999999994 0.084314297147430425 77.15000000000002 73.850000000000009 -0.16314776857872679 53.750000000000007 214.50000000000003 -0.0074155330750075655 0.0058145942152799425
decision_type=2 2 2 2 8 10 8 10 10 10 2 8 10 10
left_child=3 2 5 4 6 -2 -1 8 -8 -9 -10 -12 -5 -13
right_child=1 -3 -4 12 -6 -7 7 9 10 -11 11 13 -14 -15
leaf_value=0.0051625895645645284 0.0035505446286343834 2.7807551709531745e-05 0.0035019998983653734 0.003825092711571314 -0.00040022074803395462 -0.0052693949090891609 0.0048117310694982957 -0.0016551671705415437 -0.0053056107758093513 0.0065991200191367573 0.0059056648717726468 -0.0051756423929765873 -0.0043541944217397738 0.0024028190397935635
leaf_weight=757.71728484111372 64.977009680238552 55056.174419713323 126.67575413826853 65.846437612082809 1182.4658766372595 659.10738170193508 287.93200864107348 161.98488404834643 307.22640220378526 381.76862099440768 99.793832547264174 144.07898627780378 333.48983231792226 126.53099591308273
leaf_count=16019 1167 652774 2517 667 28715 10348 6286 1476 4587 4387 1190 2279 3036 1791
internal_value=6.3643e-05 -2.10385e-05 -0.00300815 0.00127819 0.00177458 -0.00429971 0.00289309 0.00162474 3.45173e-05 0.00420784 -0.00218653 0.000723877 -0.00272995 -0.00181002
internal_weight=59755.8 55906.9 850.76 3848.84 3449.5 724.084 2267.03 1509.32 965.562 543.754 677.63 370.404 399.336 270.61
internal_count=737239 666806 14032 70433 66730 11515 38015 21996 16133 5863 9847 5260 3703 4070
is_linear=0
shrinkage=0.03


Tree=302
num_leaves=15
num_cat=0
split_feature=16 33 33 35 20 33 14 32 4 10 23 13 26 29
split_gain=8.87077 6.47592 8.73463 9.17373 8.68443 8.03279 7.52491 9.93026 8.49946 8.96288 8.0515 12.3491 10.8356 7.06919
threshold=74.550000000000011 216.50000000000003 260.50000000000006 4.5000000000000009 116.50000000000001 738.50000000000011 68.250000000000014 0.039793247141788661 -1.2573529411764708 358.50000000000006 7.3050000000000006 68.850000000000009 -0.011603124561360933 0.15001595921257341
decision_type=8 2 2 2 10 2 10 2 2 2 10 8 10 8
left_child=1 6 -3 4 13 -5 7 -1 10 -10 11 12 -9 -4
right_child=-2 2 3 5 -6 -7 -8 8 9 -11 -12 -13 -14 -15
leaf_value=-0.004168230782696989 0.0001938018818412376 -0.0054359745792459226 -0.00020630592285677686 -0.0011240923586582536 0.0032353591183930546 -0.0059189299147990116 -0.0026735727653774328 0.011293994038178433 -0.00011683526707964815 0.0078386005441594929 -0.0012353298412543672 -0.0006083664586270846 -0.0014061907355661549 -0.0042433727560961349
leaf_weight=300.59876454551704 51001.041719482397 428.27738242025953 2174.9260780643672 767.37137404375244 490.76329679600894 520.74939852929674 702.42924937926 256.70601642329711 2360.4334237696603 84.655339915072545 175.66308514110278 172.29702057410032 62.558941633091308 427.33285519201308
leaf_count=10813 574561 7804 17365 28646 3858 17035 11448 5228 44616 1475 7015 3205 1791 2921
internal_value=4.0923e-05 -0.000828924 -0.00157053 -0.00113559 -0.000233836 -0.00321124 4.62111e-05 0.000636504 0.00115913 0.000310164 0.00403172 0.00585421 0.00895199 -0.000936755
internal_weight=59925.8 8924.76 4809.42 4381.14 3093.02 1288.12 4115.34 3412.91 3112.31 2445.09 667.225 491.562 319.265 2602.26
internal_count=737781 163220 77629 69825 24144 45681 85591 74143 63330 46091 17239 10224 7019 20286
is_linear=0
shrinkage=0.03


Tree=303
num_leaves=15
num_cat=0
split_feature=15 22 18 32 18 32 4 34 14 34 4 17 4 34
split_gain=5.1314 7.56378 8.60525 10.5008 8.57697 8.10606 6.20167 5.21012 5.06747 5.72992 4.79818 5.98158 4.73786 4.6276
threshold=54.883333333333347 4.5000000000000009 -21.733333333333327 0.11786961914638362 -10.966666666666656 0.069235558961586383 -1.1428571428571421 0.013079924333462258 51.150000000000013 0.007632932989865988 0.732051282051284 62.920526315789481 1.2113095238095222 0.04327636124123737
decision_type=8 10 10 2 10 2 2 2 10 2 2 10 2 2
left_child=1 6 5 4 -4 10 -1 -7 9 -8 11 -3 -5 -2
right_child=13 2 3 12 -6 7 8 -9 -10 -11 -12 -13 -14 -15
leaf_value=0.0034306797764688938 -0.00010025763774821018 -0.0096836817277098901 0.0086095505184317252 -0.0053936669973145149 -0.00027852564263528603 0.0047730396730117875 -0.0096430418032441879 -0.002781754430467328 0.0012108730570788604 0.0013689497941174024 0.0021883974786105235 0.0026908001753409901 0.0042156499384308427 0.0018066253364316354
leaf_weight=90.638999071670696 57212.197055598401 96.62750396609772 402.04870926646981 84.138257383019663 120.75031444593333 213.37495973077603 109.75695359928068 80.628478250582702 82.701386807719246 42.676132000284269 41.201173426001333 22.284311093972065 26.572157656075433 1118.814433163614
leaf_count=1847 680160 8969 12132 1319 1567 8772 1774 3336 1209 606 3017 1351 377 11151
internal_value=-1.82001e-05 0.00173643 0.00291097 0.00503824 0.00671156 -0.000262011 -0.00205044 0.00259801 -0.00439438 -0.00698341 -0.00488217 -0.00725462 -0.00249328 -6.21668e-05
internal_weight=59744.4 1413.4 1087.63 633.509 522.799 454.116 325.773 294.003 235.134 152.433 160.113 118.912 110.71 58331
internal_count=737587 46276 40840 15395 13699 25445 5436 12108 3589 2380 13337 10320 1696 691311
is_linear=0
shrinkage=0.03


Tree=304
num_leaves=15
num_cat=0
split_feature=18 14 14 25 31 29 24 30 23 20 20 2 26 24
split_gain=5.50248 5.16772 6.54712 4.91257 5.80185 5.45684 6.21215 4.67999 4.53728 6.78321 3.97857 8.93423 9.58958 9.57827
threshold=-16.966666666666654 66.65000000000002 20.450000000000003 0.15842130305904825 0.004476505583491633 0.069462473654090431 0.02686159946141228 590.50000000000011 -4.4949999999999992 13.500000000000002 142.50000000000003 4.5000000000000009 -0.015734259102552769 0.20626645288687875
decision_type=8 10 8 10 8 10 10 10 8 10 10 8 10 10
left_child=1 2 -1 4 5 -3 -7 -6 9 -2 -10 12 13 -12
right_child=8 3 -4 -5 7 6 -8 -9 10 -11 11 -13 -14 -15
leaf_value=0.0039134763971263361 0.0031983991953496603 -0.001381459720868409 -0.0027292041070472754 -0.0036549811494740541 -0.005609852408043018 -0.0013428976848049268 0.010289400187116911 0.0028720071633762147 0.00011152083042504426 -0.0050153026756598251 0.0038953986066018347 -0.00040142923008454378 -0.0019900896262883359 -0.00077918789656351958
leaf_weight=102.6200647248188 85.523938059806824 62.817241294658743 1486.6700163381174 92.81532573280856 67.702278431155719 40.519886714522727 122.10226639395114 72.386223561363295 52557.562929678737 282.16103025944903 1783.1692619633395 2213.9449692531489 390.46001386933494 483.71712505910546
leaf_count=2166 526 3242 64238 1673 2005 2205 3662 2138 593883 1790 23784 27284 5580 4307
internal_value=0.000110864 -0.00139871 -0.00219401 0.00130351 0.00285088 0.00542195 0.00775681 -0.0016245 0.000165509 -0.00295062 0.000188009 0.00100374 0.00216023 0.00290263
internal_weight=59844.2 2047.63 1589.29 458.343 365.528 225.439 162.622 140.089 57796.5 367.685 57428.9 4871.29 2657.35 2266.89
internal_count=738483 81329 66404 14925 13252 9109 5867 4143 657154 2316 654838 60955 33671 28091
is_linear=0
shrinkage=0.03


Tree=305
num_leaves=15
num_cat=0
split_feature=6 18 5 17 12 31 4 18 19 33 3 27 32 24
split_gain=4.37368 7.04651 12.4497 8.2318 9.63035 9.09789 8.00786 7.87876 8.17486 6.25551 5.96736 5.60614 5.51481 7.33233
threshold=0.91987179487179505 -11.233333333333311 6.5000000000000009 78.501388888888911 76.450000000000017 0.020529906979218613 3.8198051948051952 -5.666666666666667 -2.323205128205124 18.500000000000004 57.750000000000007 265.50000000000006 0.14740194605148546 0.33501256657431788
decision_type=2 8 2 10 10 10 2 10 8 2 2 10 2 10
left_child=-1 2 -2 4 5 7 12 8 -3 10 -10 -9 -5 -14
right_child=1 3 -4 6 -6 -7 -8 11 9 -11 -12 -13 13 -15
leaf_value=-7.2229512244501389e-05 -0.0046342041469730503 0.0043933035035966031 0.0049624184420045542 0.0010525746361257982 -0.0027413721910924766 0.005473181879215798 -0.0049689587283235151 0.00079785743142613311 0.0072132474131564803 -0.0033255168630976664 -0.0034412412657833422 0.0068237935326943468 0.0056369886697151981 -0.0018406836408202123
leaf_weight=53143.51278998598 106.42233948828653 127.44125122390687 640.65006539726164 1203.4048101454973 1099.7523363251239 248.17189126624726 97.235293993260711 1170.0999153344892 64.77236057841219 1013.0462502228329 41.487841449212283 110.91339531447738 601.86819348344579 118.70899619441479
leaf_count=652728 1647 2808 20313 12780 10250 2354 835 10498 1260 14708 599 976 5307 702
internal_value=1.87336e-05 0.00074143 0.00339041 0.000380149 -0.000430758 0.000516955 0.00190793 -6.63637e-05 -0.00172938 -0.00258455 0.0032833 0.00155634 0.00237253 0.0043656
internal_weight=59787.5 6643.97 747.072 5896.9 3875.69 2775.93 2021.22 2527.76 1246.75 1119.31 106.26 1281.01 1923.98 720.577
internal_count=737765 85037 21960 63077 43453 33203 19624 30849 19375 16567 1859 11474 18789 6009
is_linear=0
shrinkage=0.03


Tree=306
num_leaves=15
num_cat=0
split_feature=0 25 14 34 20 20 6 25 34 25 16 30 4 25
split_gain=5.11224 12.0028 13.0537 8.24418 7.72231 8.88754 9.39741 12.0767 14.7013 8.96476 8.16153 7.24958 7.14562 6.32213
threshold=10.500000000000002 0.054300885058966616 74.250000000000014 -0.009694639786104518 131.50000000000003 49.500000000000007 0.17028985507246377 0.10619601494157087 -0.0058319287265307133 0.195484886554147 71.450000000000017 1.0000000180025095e-35 3.1500000000000026 0.041427641908861994
decision_type=2 10 10 2 10 10 2 10 2 10 10 10 2 10
left_child=11 2 13 -4 5 6 7 8 -3 -9 -8 -1 -6 -2
right_child=1 4 3 -5 12 -7 10 9 -10 -11 -12 -13 -14 -15
leaf_value=0.0061603267583821356 0.00073282554954269519 -0.0041582768186772595 -0.00090857952433726389 0.0098009152554540246 0.0024876410378215866 -0.0023189730389907323 -0.0027884233275645588 -0.0046936984973872048 0.0043895763834332496 0.00056582532976055214 0.00064114962142571323 -0.00012872045340742405 -0.0041898772942228126 0.0038549055089962762
leaf_weight=115.69461262249388 2747.2236934180837 231.85978723410517 73.399566317675635 234.75358976563439 1707.8044558804249 1380.8441143784439 609.45961323508527 1005.0427276537521 467.43851668341085 389.37150024599396 12067.015738990041 37976.536842915462 112.18970832927153 703.9390711899614
leaf_count=1308 65968 3709 1607 4841 25715 20075 10980 11713 7059 3273 154198 409657 1452 15822
internal_value=0.000107927 0.000474553 0.00200429 0.00747928 0.000149878 -6.1248e-05 0.000156935 -0.00168127 0.00146709 -0.0032563 0.000465955 -0.000101569 0.001975 0.0014156
internal_weight=59822.6 21730.3 3759.32 308.153 17971 16151 14770.2 2093.71 699.298 1394.41 12676.5 38092.2 1819.99 3451.16
internal_count=737377 326412 88238 6448 238174 211007 190932 25754 10768 14986 165178 410965 27167 81790
is_linear=0
shrinkage=0.03


Tree=307
num_leaves=15
num_cat=0
split_feature=32 5 1 20 20 2 14 14 32 32 6 22 30 8
split_gain=7.29626 8.16282 8.59348 10.7099 9.20965 14.6669 12.1815 10.0404 8.30686 8.18189 7.89758 8.29614 8.49543 7.77155
threshold=0.18204376310717438 5.5000000000000009 1205.5000000000002 7.5000000000000009 156.50000000000003 5.5000000000000009 73.750000000000014 74.350000000000009 0.073424040478835009 0.15183613533519139 0.17914438502673799 6.5000000000000009 306.50000000000006 3.5000000000000004
decision_type=2 2 2 8 10 10 10 8 2 2 2 10 10 2
left_child=1 -1 3 -3 5 7 -7 13 -6 -8 -2 12 -12 -5
right_child=10 2 -4 4 8 6 9 -9 -10 -11 11 -13 -14 -15
leaf_value=-0.00019182236562950689 0.0024242735559357508 0.0057850004729357732 4.958960689456969e-05 0.0029300818797926326 -0.0019177393142222401 0.00082085219668249511 0.0067823028397579052 -0.00087577642849686081 0.0046446623059965388 -0.00021448344872705279 0.00060803528825116647 0.0018278688054046185 -0.0038189548304417243 -0.00050388810435533391
leaf_weight=32438.372203337291 372.31551298196428 388.29958100267686 14139.950914554996 1386.3000168050639 182.62456785293762 1254.9705972261727 698.41697821486741 4441.489755817689 912.36146318132523 184.49377208901569 495.34520369255915 385.02668353659101 1591.994606125867 988.56133537983987
leaf_count=371555 2662 5044 198761 21635 4913 18907 8223 56737 12346 1686 3639 3973 11626 16248
internal_value=4.60577e-05 0.000120553 0.000532392 0.0011831 0.000977524 0.000649528 0.00278666 -3.61739e-05 0.00351422 0.00538711 -0.00142335 -0.00203933 -0.00277874 0.00151974
internal_weight=59860.5 57015.8 24577.5 10437.5 10049.2 8954.23 2137.88 6816.35 1094.99 882.911 2844.68 2472.37 2087.34 2374.86
internal_count=737955 716055 344500 145739 140695 123436 28816 94620 17259 9909 21900 19238 15265 37883
is_linear=0
shrinkage=0.03


Tree=308
num_leaves=15
num_cat=0
split_feature=23 12 14 31 14 24 12 31 23 27 31 34 19 12
split_gain=5.20143 8.66251 17.0614 9.31454 11.902 9.62009 9.09885 8.83888 8.67214 7.97137 13.6021 11.4611 7.83733 13.02
threshold=3.8050000000000002 78.15000000000002 76.550000000000011 -0.0026866111912881669 68.250000000000014 0.1386105998020348 59.45000000000001 -0.001505978147127416 -0.69499999999999984 8.5000000000000018 0.002129385927522058 0.004539765364031949 -0.39666666666666467 62.550000000000004
decision_type=10 10 8 8 8 10 10 10 10 10 10 2 10 10
left_child=1 3 -3 4 5 6 -1 -4 -8 -9 -11 -12 -5 -14
right_child=-2 2 7 12 -6 -7 8 9 -10 10 11 -13 13 -15
leaf_value=-0.0048528625653371585 0.00049222164018830139 0.0019194942540928558 -0.0012082323119198576 -7.0194062139820808e-05 -0.00043056734912481562 -0.00068225829666540886 -0.0041008570063419507 0.0010794314692871617 0.0050143617375370602 0.0026862051658983819 -0.00273363521080196 0.00043554175819149245 0.0046805085500324787 -0.0018087546851725941
leaf_weight=63.203234205953777 19673.411650785099 4646.3020027054008 4791.6997820183169 4913.9213574046735 5008.5744385620346 630.63329701079056 65.104847717448138 5849.5273490500404 1155.9417412908515 904.71532655740157 2199.3902670876123 1867.8155167065561 241.61002259235829 7860.727614717558
leaf_count=1200 330853 42012 45772 72424 63086 6477 874 49084 17355 7979 18097 14652 2325 65862
internal_value=9.317e-05 -0.000102494 0.000334012 -0.000545726 0.000341755 0.0023214 0.00376664 -0.000142431 0.00438615 0.000332888 -0.000547432 -0.00129061 -0.00101729 -0.00158773
internal_weight=59872.6 40199.2 20259.5 19939.7 6923.46 1914.88 1284.25 15613.1 1221.05 10821.4 4971.92 4067.21 13016.3 8102.34
internal_count=738052 407199 177596 229603 88992 25906 19429 135584 18229 89812 40728 32749 140611 68187
is_linear=0
shrinkage=0.03


Tree=309
num_leaves=15
num_cat=0
split_feature=33 17 11 12 24 13 20 23 28 3 21 25 33 16
split_gain=4.81649 12.2691 11.5624 11.3114 6.77774 6.89691 6.55307 8.07434 7.81559 11.716 7.27587 8.30291 7.22394 9.31089
threshold=91.500000000000014 67.870185185185207 17.500000000000004 77.15000000000002 0.31713680840928543 66.250000000000014 9.5000000000000018 0.89500000000000013 2.7500000000000004 57.250000000000007 0.19264507422402163 0.076344762766942811 240.50000000000003 83.550000000000011
decision_type=2 8 2 10 10 8 8 10 10 2 10 10 2 10
left_child=1 2 -1 -3 5 -5 7 -2 9 12 11 -10 -9 -14
right_child=6 3 -4 4 -6 -7 -8 8 10 -11 -12 -13 13 -15
leaf_value=0.0030781307674818338 0.0032538291640077997 -0.00091193203115148066 -0.0020021419379857184 0.0062592082966472298 0.0049177713812596259 0.00044463945129613109 -0.00022841672435155872 0.0043377279957097972 -0.001442153304122453 -0.0026423692480285594 -0.0038776672144828668 0.0069407528050946425 -0.0021956649593156833 0.0032512844149278548
leaf_weight=2388.334785812709 1023.2240757138934 5061.5013320324942 447.06144063733518 146.17040689336136 360.85583136603236 3060.3031058970373 44110.249639525893 433.44509934587404 125.95776398654561 1160.7488672920736 67.211907154880464 336.31991938780993 672.03771204291843 413.92809880850837
leaf_count=53027 8099 75488 8804 1719 2428 32775 515130 7214 1756 12497 605 3086 10046 5190
internal_value=1.13497e-05 0.000562809 0.0022563 -3.45805e-06 0.00128032 0.000801737 -0.000119871 0.00100073 0.000243554 -0.00043191 0.00340487 0.00473882 0.00128715 -6.77755e-05
internal_weight=59807.3 11464.2 2835.4 8628.83 3567.33 3206.47 48343.1 4232.87 3209.65 2680.16 529.49 462.278 1519.41 1085.97
internal_count=737864 174241 61831 112410 36922 34494 563623 48493 40394 34947 5447 4842 22450 15236
is_linear=0
shrinkage=0.03


Tree=310
num_leaves=15
num_cat=0
split_feature=21 13 14 28 25 3 27 33 34 5 15 7 10 13
split_gain=4.72982 7.6219 8.02463 5.77112 5.27363 5.09077 5.13508 7.58267 4.95462 5.93272 6.80057 5.79579 7.46588 9.65221
threshold=0.51315789473684215 83.050000000000011 77.750000000000014 -1.0000000180025095e-35 0.27243951196209704 59.750000000000007 45.500000000000007 391.50000000000006 0.040498214826196359 2.5000000000000004 87.841666666666683 4.5000000000000009 28.500000000000004 81.750000000000014
decision_type=10 8 8 10 10 2 10 2 2 2 8 8 2 8
left_child=8 2 -2 4 -3 6 7 -5 11 10 -10 12 13 -1
right_child=1 3 -4 5 -6 -7 -8 -9 9 -11 -12 -13 -14 -15
leaf_value=0.00015373054027711396 -0.0038912955946180214 -0.0028317166495015924 0.0060443873098552621 0.0027922292937119855 0.0026534083997433342 0.0012207358395579272 -0.0075181223114585295 -0.0051947995481284809 0.0069797106440250859 0.00058650542580026416 -0.002793180751551075 -0.00035143347099427278 0.00042519446119905778 -0.0031429514577785565
leaf_weight=2152.5581385558471 69.741830269340426 262.54934825655073 164.42971432453487 140.26013334956951 268.55036000092514 119.8224282450974 325.97591437282972 210.21537543460727 251.22308218805119 1002.2807513073785 52.041218417230994 27568.559997962555 26099.976802849822 1217.3423052668804
leaf_count=25252 571 2329 1198 1097 1736 771 2289 1423 2383 10885 453 388936 287284 11496
internal_value=-4.08096e-05 -0.00164408 0.00292128 -0.00252629 -6.85029e-05 -0.00406469 -0.0050205 -0.00204886 3.47198e-06 0.00179603 0.00514468 -3.90947e-05 0.000253193 -0.0010657
internal_weight=59905.5 1561.55 234.172 1327.37 531.1 796.274 676.451 350.476 58344 1305.55 303.264 57038.4 29469.9 3369.9
internal_count=738103 11414 1769 9645 4065 5580 4809 2520 726689 13721 2836 712968 324032 36748
is_linear=0
shrinkage=0.03


Tree=311
num_leaves=15
num_cat=0
split_feature=11 2 10 18 0 18 33 11 24 20 18 10 33 20
split_gain=5.57471 7.75383 9.28247 8.63102 7.6372 7.13468 7.16685 7.16952 10.4135 8.49706 8.24608 7.36516 7.47577 12.0643
threshold=28.500000000000004 7.5000000000000009 331.50000000000006 -1.7333333333333127 10.500000000000002 -20.266666666666659 577.50000000000011 36.500000000000007 0.039179542043116834 10.500000000000002 -8.1333333333333204 249.50000000000003 171.50000000000003 13.500000000000002
decision_type=2 10 2 10 2 10 2 2 10 10 10 2 2 10
left_child=-1 2 5 -4 -3 -2 7 11 -9 10 -10 12 -7 -14
right_child=1 4 3 -5 -6 6 -8 8 9 -11 -12 -13 13 -15
leaf_value=-0.00013272062716317365 -0.0059152265256787566 0.00098975626003473013 -0.0057652667269647876 0.0027324992675917406 0.0094150380589268015 -0.0010613312079516442 -0.00037361216292323615 0.0049182003129368164 -0.0041042790589334464 -0.0029468036913571824 0.0061762485757328942 0.0072561833987813545 -0.00151989763410892 0.0072121254309429009
leaf_weight=55032.557944435976 81.172756168758497 231.99670384544879 313.24494439049158 117.88522326480597 134.62286845967174 374.46272925240919 1541.1631537042558 294.89377719606273 61.561886342708021 637.9071730079595 173.72787014045753 340.6802664634306 196.87347647314891 353.75115624046884
leaf_count=665443 3556 2993 5532 937 2378 5539 21094 6216 1126 8698 1513 4845 2532 5255
internal_value=-4.64662e-05 0.000922842 0.000552799 -0.0033992 0.00484216 0.00100913 0.00122226 0.00221997 0.000486866 -0.00119499 0.00323852 0.00374005 0.00213949 0.00422341
internal_weight=59886.5 4853.94 4487.32 431.13 366.62 4056.19 3975.02 2433.86 1168.09 873.197 235.29 1265.77 925.087 550.625
internal_count=737657 72214 66843 6469 5371 60374 56818 35724 17553 11337 2639 18171 13326 7787
is_linear=0
shrinkage=0.03


Tree=312
num_leaves=15
num_cat=0
split_feature=35 23 31 9 13 32 9 32 10 19 5 29 1 23
split_gain=5.43381 9.20722 8.39845 7.02699 7.94342 6.53126 5.86617 5.77441 5.40203 7.83113 6.32623 5.83753 5.14123 5.10961
threshold=7.5000000000000009 -0.19499999999999998 0.010195695160398312 33.500000000000007 86.550000000000011 0.11822609450132153 104.50000000000001 0.11612151282531362 160.50000000000003 -1.6999999999999991 10.500000000000002 0.14741905020783266 1601.0000000000002 -0.99499999999999988
decision_type=2 8 10 2 10 2 2 2 2 8 2 10 2 8
left_child=13 -2 3 7 6 -6 -5 -3 10 -10 -4 12 -11 -1
right_child=1 2 8 4 5 -7 -8 -9 9 11 -12 -13 -14 -15
leaf_value=0.0010878404746807856 -0.0065217278260680713 0.002318813776211751 0.0069988527112929402 -0.0034227610306293227 -0.0030610381209572068 0.0063238922693519394 0.0017621999527714309 -0.0038404921423301716 -0.0043762764314386566 0.0085343540070513101 -0.0031585231272585629 -0.0033418154129431191 -0.0028992390627062305 1.4346950288602719e-05
leaf_weight=4272.11250629602 212.23390398232732 612.98948581598233 225.68941230059136 1667.072385772015 70.100772500503808 123.42996697616763 190.80543489882257 125.04554785904475 157.01297829614487 106.0693918983452 38.094821914681233 42.757957105292007 18.977849713992327 52036.178571275028
leaf_count=30161 9137 30230 11238 108353 3231 5179 8942 4759 9767 4640 1923 1543 715 508155
internal_value=2.41467e-05 -0.00109923 -0.00066839 -0.00135892 -0.00224785 0.00299395 -0.00285803 0.00109778 0.00245427 -0.000223996 0.00526241 0.00377396 0.00646664 9.66858e-05
internal_weight=59898.6 3590.28 3378.05 2789.44 2051.41 193.531 1857.88 738.035 588.602 324.818 263.784 167.805 125.047 56308.3
internal_count=737973 199657 190520 160694 125705 8410 117295 34989 29826 16665 13161 6898 5355 538316
is_linear=0
shrinkage=0.03


Tree=313
num_leaves=15
num_cat=0
split_feature=16 15 3 30 33 35 30 16 15 18 34 13 6 13
split_gain=4.88546 8.57728 7.42135 10.1586 7.36018 10.2363 9.52568 9.96348 9.38313 10.6987 9.30357 10.0796 9.50331 9.22501
threshold=77.15000000000002 77.816666666666691 63.250000000000007 145.50000000000003 236.50000000000003 4.5000000000000009 3315.5000000000005 76.850000000000009 67.641666666666694 -2.5666666666666411 -0.0071893259213830713 66.250000000000014 0.97500000000000009 72.950000000000017
decision_type=8 8 2 10 2 2 10 10 10 10 2 10 2 10
left_child=4 -2 -3 -4 8 6 7 -6 9 -1 11 -10 -12 -8
right_child=1 2 3 -5 5 -7 13 -9 10 -11 12 -13 -14 -15
leaf_value=0.00062601601697285473 0.00070083109951194324 -0.00016864149799299913 -0.0025500405535930225 0.010017183002277491 -0.00035083506244430404 -0.0028965745714340635 0.006408677766889255 -0.0056344054754549353 -0.0029597514861619168 0.0051728410145410204 -0.003203628061114171 0.0032584766164980039 0.0036419620726454672 -0.0038226087243398757
leaf_weight=3176.0660593311768 20023.343253104365 26032.70801151963 68.284368502208963 96.584898019209504 4682.4900966351852 1939.3374288931955 273.67716823052615 295.65822199545801 304.36795954534318 499.90429565147497 1440.9367127182195 661.36508104577661 165.81051767943427 68.189020661637187
leaf_count=80447 249817 264106 564 708 35249 64110 2067 2032 3969 3782 18293 8519 2138 470
internal_value=8.75119e-05 0.000234189 -0.000123131 0.00542999 -0.000413399 -0.00105996 -0.00036971 -0.000717541 0.000340215 0.00130547 -0.00103768 0.00124947 -0.00240859 0.00414058
internal_weight=59728.7 46220.9 26197.6 164.869 13507.8 7259.35 5320.01 4978.15 6248.45 3675.97 2572.48 965.733 1606.75 341.866
internal_count=736271 515195 265378 1272 221076 103928 39818 37281 117148 84229 32919 12488 20431 2537
is_linear=0
shrinkage=0.03


Tree=314
num_leaves=15
num_cat=0
split_feature=32 29 20 32 26 3 24 9 4 15 30 26 33 11
split_gain=7.87046 7.72264 5.95333 6.30671 7.64462 6.95947 6.90639 7.68641 7.59805 9.57958 12.9079 7.89695 6.80788 9.01317
threshold=0.036227351467765352 0.047068785177068299 341.50000000000006 0.044830605712905376 -0.15264520461414025 58.750000000000007 0.011859422847845217 85.500000000000014 -2.5477272727272715 79.916666666666686 196.50000000000003 0.66898229440779655 240.50000000000003 36.500000000000007
decision_type=2 10 10 2 10 2 8 2 2 10 10 10 2 2
left_child=1 -1 3 4 -2 -6 7 12 9 10 11 -8 -5 -14
right_child=2 -3 -4 6 5 -7 8 -9 -10 -11 -12 -13 13 -15
leaf_value=-0.0083590630489103219 -0.0028426571244133912 -0.0013512130385311598 -0.0034652552961796871 0.0011966534858367309 0.0048554026771250314 -0.00090211022020606402 0.0021287972029393606 -0.0061150248629558675 -2.71039415554843e-05 0.0046097965556651955 -0.0012237881177849033 0.010754563424389508 -0.0041069717814256274 0.0057721301273264917
leaf_weight=128.20719933987129 179.04514135979116 835.15506889650715 388.75066831638105 674.76701861736365 664.29632207308896 237.94855981541332 773.75301172863692 268.58890893147327 52865.748901098617 649.60131415072829 1370.2658737607999 67.477356225717813 595.49679269327316 50.9940925615374
leaf_count=5062 2730 21380 7302 21600 16659 4230 12721 6725 588608 6600 25804 805 15203 1372
internal_value=-2.8896e-05 -0.00265026 1.62772e-05 4.2398e-05 0.00226055 0.00336934 -1.38163e-06 -0.00192028 5.50356e-05 0.00154716 0.000565518 0.00338523 -0.000875686 -0.00296929
internal_weight=59750.1 963.362 58786.7 58398 1081.29 902.245 57316.7 1589.85 55726.8 2861.1 2211.5 841.23 1321.26 646.491
internal_count=736801 26442 710359 703057 23619 20889 679438 44900 634538 45930 39330 13526 38175 16575
is_linear=0
shrinkage=0.03


Tree=315
num_leaves=15
num_cat=0
split_feature=18 19 34 9 27 25 15 3 10 28 10 17 9 15
split_gain=7.39148 6.1291 10.2886 9.72719 9.56009 8.96887 11.2747 7.9184 9.79146 9.05376 8.26448 6.71424 7.82899 7.35047
threshold=-28.93333333333333 5.9340277777777795 0.028813099646713025 17.500000000000004 4.5000000000000009 0.11234532773875268 72.5416666666667 59.250000000000007 261.50000000000006 -2.7499999999999996 279.50000000000006 82.547493734335859 88.500000000000014 82.0416666666667
decision_type=8 10 2 2 10 10 10 2 2 10 2 10 2 10
left_child=-1 -2 3 4 -3 6 -5 9 -9 -7 -10 13 -13 -11
right_child=1 2 -4 5 -6 7 -8 8 10 11 -12 12 -14 -15
leaf_value=-0.0049334554534860766 -0.00023267938870158604 0.00074135349174186147 0.0034082043849296183 0.00086708965011136809 0.0073156775437629882 0.0038156487248694449 -0.0019578011243411107 0.0034612834076490811 -0.0059858537751895074 -0.00029678081188231107 0.00095268923202904555 0.0029529667772181653 -0.0014460455943634471 -0.0036793118022379334
leaf_weight=229.91699895309284 43437.657568937488 520.56410884531215 943.91371801169589 2000.4688743688166 285.9046892831102 493.95991791179404 3332.5726841411088 1573.4691730132326 143.85509877000004 4027.7096321219578 716.34416916454211 1015.9185382444412 515.65987826650962 627.36244256841019
leaf_count=14087 617330 3761 5903 16091 1936 3104 24096 9648 869 24189 4452 5575 3004 3785
internal_value=-6.98402e-05 -4.6972e-05 0.000450226 0.000256648 0.00336306 7.22424e-05 -0.000899949 0.000642908 0.00208924 0.000104418 -0.000472754 -0.000220112 0.00147299 -0.000786898
internal_weight=59865.3 59635.4 16197.7 15253.8 806.469 14447.3 5333.04 9114.28 2433.67 6680.61 860.199 6186.65 1531.58 4655.07
internal_count=737830 723743 106413 100510 5697 94813 40187 54626 14969 39657 5321 36553 8579 27974
is_linear=0
shrinkage=0.03


Tree=316
num_leaves=15
num_cat=0
split_feature=27 30 26 13 13 14 17 12 34 3 13 34 21 26
split_gain=5.33253 8.27466 8.31463 8.01242 5.15483 11.0631 6.58105 7.86483 5.34372 4.87839 8.30097 7.10916 9.01005 7.73568
threshold=-429.49999999999994 382.50000000000006 -0.22210905892728891 81.350000000000009 44.750000000000007 48.350000000000001 64.759166666666687 57.350000000000001 0.0094578686784423226 56.250000000000007 77.950000000000017 -0.026616240835311073 0.060915275200989494 -0.23522123600528494
decision_type=8 10 10 10 8 8 10 10 2 2 10 2 10 8
left_child=1 3 -3 -1 5 -2 7 -7 -9 10 11 12 -6 -13
right_child=4 2 -4 -5 9 6 -8 8 -10 -11 -12 13 -14 -15
leaf_value=-0.0038443079728691463 -0.0056069900815264367 -0.0030252890113367232 0.0044535085425936602 0.0044910012385449578 0.0053842854054703968 -0.00011749138710361291 -0.00033118193714172717 0.010890249447151121 0.00042579362769208114 -0.00029468957469250127 0.0012053138330389364 -0.0032130482765007165 -0.0029219877680094135 -0.00010458055624201755
leaf_weight=314.19781162077561 84.330075709498487 122.68787372973748 792.16626568615902 98.37712878966704 369.53140533610713 123.73030111612752 202.70261644851416 184.4392920685932 59.199575336650014 39654.09914039023 6009.9022609721869 722.08642938081175 126.61913719133008 10852.213180659455
leaf_count=6221 3439 1507 15031 1419 6027 5291 3365 3724 1084 429690 66880 6520 1943 184356
internal_value=-3.40939e-05 0.00181094 0.00334575 -0.00158618 -7.75529e-05 0.00247346 0.00402453 0.00617963 0.00885305 -0.000108583 0.000299276 -0.000154954 0.00319106 -0.000311495
internal_weight=59716.3 1327.43 914.854 412.575 58388.9 654.402 570.072 367.369 243.639 57734.5 18080.4 12070.5 496.151 11574.3
internal_count=736497 24178 16538 7640 712319 16903 13464 10099 4808 695416 265726 198846 7970 190876
is_linear=0
shrinkage=0.03


Tree=317
num_leaves=15
num_cat=0
split_feature=4 26 32 6 17 6 34 20 17 10 20 32 26 26
split_gain=4.53566 6.11781 5.9912 7.20755 4.31866 4.1978 6.94077 10.0689 13.1817 10.0878 8.87218 8.39793 8.36417 9.81251
threshold=4.6519230769230768 -0.17747085004816468 0.10588691290469678 0.22649572649572652 81.701428571428593 0.62828947368421062 0.0013850965854894262 20.500000000000004 78.210263157894758 355.50000000000006 41.500000000000007 0.10883407560995685 -0.17747085004816468 0.73241901220937267
decision_type=2 10 2 2 10 2 2 8 10 2 10 2 10 10
left_child=5 -2 4 -4 -3 -1 -7 8 -8 10 11 -9 -10 -14
right_child=1 2 3 -5 -6 6 7 9 12 -11 -12 -13 13 -15
leaf_value=0.00024515284895097256 0.0026340672972598096 -0.009217877042338651 0.0058856292629018495 -0.0031618054340368604 0.00052533467778344105 -0.00078307366292212118 -0.0016708662155481505 0.0044164904701917721 0.0046133061477121526 0.0067242233901695118 -0.00063531990342761187 0.00093771150837456893 -0.00099749241983530584 0.0047873585224438445
leaf_weight=35572.655522440909 133.42164676683024 152.09702405775897 57.666571792215109 256.89697800320573 44.8523810794577 11800.8557696403 3800.0896893385798 779.3632501210086 466.62328230496496 225.6799051183043 2237.6889516928932 2701.5463594091125 1242.639661115827 281.67879067012109
leaf_count=424557 956 1443 453 2146 511 166692 47925 13819 3304 2687 29190 27846 13134 2366
internal_value=1.13451e-05 -0.0023982 -0.00382848 -0.000923469 -0.00734189 3.96404e-05 -0.000270833 0.000245405 -0.000642211 0.00110828 0.000830291 0.00176811 0.00131401 0.000189585
internal_weight=59753.8 644.935 511.513 314.564 196.949 59108.8 23536.2 11735.3 5791.03 5944.28 5718.6 3480.91 1990.94 1524.32
internal_count=737029 5509 4553 2599 1954 731520 306963 140271 66729 73542 70855 41665 18804 15500
is_linear=0
shrinkage=0.03


Tree=318
num_leaves=15
num_cat=0
split_feature=15 20 8 6 11 5 7 13 21 27 17 17 12 13
split_gain=8.21501 8.1207 5.64297 5.35074 4.99 7.05715 4.27708 5.29367 4.95507 4.3838 4.10919 4.07831 4.99339 3.94791
threshold=54.883333333333347 196.50000000000003 1.5000000000000002 0.16025641025641027 19.500000000000004 8.5000000000000018 5.5000000000000009 58.45000000000001 0.1330383480825959 415.50000000000006 50.812222222222232 53.902000000000008 62.550000000000004 43.050000000000004
decision_type=8 10 2 2 2 2 10 10 10 10 10 8 10 8
left_child=1 2 -1 10 6 -6 8 -8 9 -5 -4 12 -2 -13
right_child=11 -3 3 4 5 -7 7 -9 -10 -11 -12 13 -14 -15
leaf_value=-0.0046225361016639195 -0.0076797734645173577 -0.0044816527701010802 -0.00068486560805905634 0.0052527549268784864 -0.0035929411539384125 0.0071285605345249754 -0.0045399123598982415 0.0051766046062931724 -0.0027043999231749411 -0.003626440672578181 0.010476461090608504 0.0036241336416936048 0.0018066698592747185 -4.2936177100379111e-05
leaf_weight=42.849187496816739 83.594033012981527 103.75806762394495 29.972714595263824 725.19070715515409 196.71873708232306 22.358693585847504 93.327720878878608 29.750311549752951 55.96477563935332 19.552225324208848 95.160827182931826 215.43433702818584 54.496073592221364 58003.537346296886
leaf_count=2157 2195 3652 1472 23187 5216 1120 3777 935 1148 938 2693 3255 1062 684664
internal_value=1.51199e-05 0.00223426 0.00291098 0.00333127 0.00245175 -0.00137742 0.00338394 -0.00137429 0.00415312 0.00480616 0.00837076 -4.05398e-05 -0.00445096 -2.62683e-05
internal_weight=59771.7 1414.6 1310.85 1268 1142.86 219.077 923.786 123.078 800.708 744.743 125.134 58357.1 138.09 58219
internal_count=737471 46295 42643 40486 36321 6336 29985 4712 25273 24125 4165 691176 3257 687919
is_linear=0
shrinkage=0.03


Tree=319
num_leaves=15
num_cat=0
split_feature=16 17 11 21 10 31 10 6 29 34 8 17 8 33
split_gain=5.0454 9.09358 8.65607 7.08763 11.8769 7.82683 7.04296 10.9773 8.95331 8.80191 7.54752 7.01149 10.5558 9.78496
threshold=91.050000000000011 87.273863636363657 13.500000000000002 0.13172353961827649 279.50000000000006 0.010030041015710355 128.50000000000003 0.22649572649572652 0.1876000591378546 0.0073110513990052098 3.5000000000000004 71.03397435897439 1.5000000000000002 60.500000000000007
decision_type=10 10 2 10 2 10 2 2 8 2 2 8 2 2
left_child=2 3 11 4 5 -2 8 -8 9 10 -4 12 -1 -14
right_child=1 -3 6 -5 -6 -7 7 -9 -10 -11 -12 -13 13 -15
leaf_value=-0.0038124791199918521 0.0067472994445241796 -0.00062092286248764423 -0.00016601923813323605 0.00072121618174461166 -0.0012450010101531757 1.2642403881368108e-05 -0.002408407187422518 0.00013265791183234802 0.003403572443052998 -0.0038264802292607065 -0.0031557445396991632 -0.00025353186097171112 0.0025489938201017329 0.00036049094363271454
leaf_weight=413.88098610844463 647.89285098237451 3019.2702045219485 2400.3390929342713 2950.5220413506031 330.25763194076717 200.00692883250304 1838.0797190353042 8045.0110842577415 248.6572873191908 1563.4700338451657 1066.1263758157147 25785.415299302549 2267.1107623727294 9017.1908607826335
leaf_count=8847 8751 30250 34064 32320 4478 2147 23564 110499 1863 20044 16333 258861 46317 139244
internal_value=-0.000120425 0.000624744 -0.000222098 0.00153222 0.00345121 0.00524786 -0.000825669 -0.000349679 -0.00170522 -0.00198879 -0.00111732 2.28143e-05 0.00063043 0.000809484
internal_weight=59793.2 7147.95 52645.3 4128.68 1178.16 847.9 15161.7 9883.09 5278.59 5029.94 3466.47 37483.6 11698.2 11284.3
internal_count=737582 77946 659636 47696 15376 10898 206367 134063 72304 70441 50397 453269 194408 185561
is_linear=0
shrinkage=0.03


Tree=320
num_leaves=15
num_cat=0
split_feature=11 29 14 9 2 29 16 10 18 13 16 16 32 34
split_gain=6.27593 6.59225 9.4354 7.11238 6.98291 9.97114 9.09467 8.03862 7.58925 6.28309 6.41447 6.27411 6.08992 14.2083
threshold=29.500000000000004 0.13066193591639083 59.050000000000004 58.500000000000007 6.5000000000000009 0.10516296367091872 80.550000000000011 293.50000000000006 -2.2666666666666617 71.550000000000011 91.950000000000017 80.850000000000009 0.068109172164290285 -0.021788508188176212
decision_type=2 8 10 2 10 10 10 2 10 10 10 10 2 2
left_child=12 2 -2 11 6 8 -4 -8 -6 -9 -11 -3 13 -1
right_child=1 3 4 -5 5 -7 7 9 -10 10 -12 -13 -14 -15
leaf_value=0.0013600727798690846 -0.0030078998631287448 0.002888831022397541 -0.0020636724301347073 0.0014528684580451155 0.010332881305016141 -0.0019867130159170825 0.0031578446916781114 -0.0054997145440535185 0.0001598281268421725 0.0037461155905140213 -0.0053344042962721562 -0.0049135196637784791 1.3879687406414797e-05 -0.0017080568822239229
leaf_weight=1783.3615808360337 308.50495948386379 80.951985686086118 475.2178380927071 476.15539275878109 229.08333116525318 99.226832714863122 1859.5289126534481 143.91157253552228 88.523213003762066 208.52221278916113 48.096054735826328 407.70482005714439 48314.282087650732 5262.0664659546455
leaf_count=27988 6760 860 8085 5171 4319 1265 28052 2659 773 2953 821 4569 531573 111902
internal_value=-1.93673e-05 0.00106128 0.00166805 -0.00109006 0.00216552 0.00558958 0.00155275 0.00234137 0.00790485 -0.00137902 0.00145187 -0.00347279 -0.000106633 -0.00092733
internal_weight=59785.1 4425.43 3460.61 964.812 3152.11 416.833 2735.28 2260.06 317.607 400.53 256.618 488.657 55359.7 7045.43
internal_count=737750 66287 55687 10600 48927 6357 42570 34485 5092 6433 3774 5429 671463 139890
is_linear=0
shrinkage=0.03


Tree=321
num_leaves=15
num_cat=0
split_feature=4 25 14 34 25 35 28 33 33 19 8 27 29 34
split_gain=4.23139 9.05432 7.72248 7.76579 7.92283 7.57176 7.3424 7.78263 8.75123 9.79112 7.05817 6.746 6.70407 8.29393
threshold=-0.45227272727272799 0.31620260256031291 68.050000000000011 0.00049623268465923132 0.10268194838951084 7.5000000000000009 1.7500000000000002 220.50000000000003 120.50000000000001 -2.8433333333333297 3.5000000000000004 -193.49999999999997 0.20015123134908661 0.018131885256961518
decision_type=2 10 8 2 10 2 10 2 2 10 2 10 8 2
left_child=1 2 3 6 5 -5 7 8 9 -1 -3 -11 -2 -14
right_child=12 10 -4 4 -6 -7 -8 -9 -10 11 -12 -13 13 -15
leaf_value=-0.0046234951927725844 -0.00013247197258717196 5.000023511203725e-05 -0.00011727447011153855 0.0051081258251036181 0.00017358542990858516 -0.0012097829623037245 0.0040551407401299751 -0.0022330032961174074 0.0050334141336181182 -0.004376690422655689 0.0071230409610687669 0.0039325934002489666 -0.00098475436022079157 -0.0062749982614240798
leaf_weight=270.25586912420113 38746.707958043524 216.91834766534157 14514.744224886526 1027.8860215183813 712.35646259272471 182.74915625771973 322.550109920674 1077.6429111993639 325.79565246123821 68.802634779363871 258.67765557207167 341.40314282476902 1414.8449290748686 286.85802378738299
leaf_count=11732 432896 1492 200900 13859 9224 12574 6142 21751 7611 1176 1750 4835 9705 1784
internal_value=-4.0326e-05 0.000324399 0.000215488 0.0013197 0.00271503 0.00414426 0.000172124 -0.000509832 0.00135393 -0.000631702 0.00420869 0.00221481 -0.000214719 -0.00203019
internal_weight=59768.2 19319.8 18844.2 4329.44 1922.99 1210.64 2406.45 2083.9 1006.26 680.462 475.596 410.206 40448.4 1701.7
internal_count=737431 293046 289804 88904 35657 26433 53247 47105 25354 17743 3242 6011 444385 11489
is_linear=0
shrinkage=0.03


Tree=322
num_leaves=15
num_cat=0
split_feature=20 34 24 33 29 16 11 24 29 19 12 4 20 32
split_gain=5.15087 6.55338 4.43473 10.6306 7.27827 8.20173 8.82764 6.63852 8.20677 8.01495 7.11706 11.6887 7.52884 8.95197
threshold=6.5000000000000009 -0.024935916728086104 0.011859422847845217 232.50000000000003 0.12605866192049267 93.450000000000017 36.500000000000007 0.060545720110069347 0.14741905020783266 -3.4927248677248737 59.150000000000013 -1.3449519230769231 27.500000000000004 0.046672991777356114
decision_type=8 2 8 2 8 10 2 10 8 8 8 2 10 2
left_child=1 -1 3 -2 5 6 -5 8 10 -10 11 -4 13 -12
right_child=2 -3 7 4 -6 -7 -8 -9 9 -11 12 -13 -14 -15
leaf_value=-0.005922837796543381 0.00055554434785141439 0.0025358498462022274 0.0032399019897663994 -0.0074659439942728958 0.00086553384280903137 0.0045908116851236247 0.0028143613796457303 -0.00033442041008447179 0.0037238192671565644 -0.0016309684667859153 0.0038925671472531042 -0.0030918502410915891 0.0020630715972989508 0.00022922077658892566
leaf_weight=42.465583040844649 960.78844911092892 991.27510614891071 308.87938857928384 543.27087619167287 199.77294924086891 33.169199557509273 59.819980260566808 38392.385308907949 231.06510801520199 2562.0023791776039 586.81855134840589 964.07100655336399 3285.0672502717935 10653.896830059472
leaf_count=540 33701 12123 11289 16726 3405 999 1902 373939 4641 23930 13368 26718 54971 159696
internal_value=-0.00011855 0.00193114 -0.000156207 -0.00160314 -0.00397531 -0.00544756 -0.00630885 -0.000109217 0.000355482 -0.00113028 0.000620887 -0.00149108 0.000810447 0.000436856
internal_weight=59814.7 1033.74 58781 1796.82 836.033 636.26 603.091 56984.2 18591.8 2793.07 15798.7 1272.95 14525.8 11240.7
internal_count=737948 12663 725285 56733 23032 19627 18628 668552 294613 28571 266042 38007 228035 173064
is_linear=0
shrinkage=0.03


Tree=323
num_leaves=15
num_cat=0
split_feature=14 33 9 32 30 14 14 3 23 16 9 3 28 23
split_gain=5.81489 5.10914 9.72303 6.82527 6.67987 6.38798 7.98987 6.78063 6.37699 5.39378 11.9441 9.18231 6.82628 9.95649
threshold=20.450000000000003 28.500000000000004 85.500000000000014 0.15606283652998973 1663.5000000000002 69.250000000000014 54.45000000000001 59.750000000000007 3.8750000000000004 74.550000000000011 83.500000000000014 57.250000000000007 1.2500000000000002 3.5750000000000006
decision_type=8 2 2 2 8 8 10 2 8 8 2 2 10 10
left_child=-1 2 4 8 5 6 -2 -8 -4 10 -3 -12 13 -13
right_child=1 9 3 -5 -6 -7 7 -9 -10 -11 11 12 -14 -15
leaf_value=0.0056572998434251754 -0.0019063578784634066 -0.0028748398589812504 -0.0056643957169000194 0.0052631714173754576 -0.0030255464854000071 0.001215576642978333 0.0068090823811372721 -0.0019946452851361401 -4.170183526765736e-05 2.1731305198719866e-05 0.00090436310979299798 -0.0028072569436369426 -0.0036000634692619927 0.0014844050399201213
leaf_weight=112.758825867204 126.70715364511125 1882.4026514034485 335.40959917881992 56.145018363371491 219.02112759149168 2693.7526584976586 528.65529984317254 68.49217984220013 344.60416881192941 47436.021451346693 3270.745701416512 814.0361087936908 840.51269904361106 1065.7057249550708
leaf_count=2220 3454 34240 4104 536 3058 41614 10281 759 6332 525397 61273 8348 13004 22719
internal_value=-5.47251e-06 -2.08979e-05 0.00096032 -0.00208725 0.00159718 0.00193278 0.00435081 0.00572321 -0.00301305 -9.92707e-05 -0.000823826 -0.000160926 -0.001435 -0.000398712
internal_weight=59795 59682.2 4372.79 736.159 3636.63 3417.61 723.855 597.147 680.014 55309.4 7873.4 5991 2720.25 1879.74
internal_count=737339 735119 70138 10972 59166 56108 14494 11040 10436 664981 139584 105344 44071 31067
is_linear=0
shrinkage=0.03


Tree=324
num_leaves=15
num_cat=0
split_feature=23 30 8 24 23 6 8 23 34 19 16 14 18 32
split_gain=7.44742 12.8967 10.3408 13.9915 8.70993 8.42071 8.26811 7.41007 7.6908 7.38737 11.1651 10.9617 10.8358 7.06053
threshold=6.3950000000000005 155.50000000000003 1.5000000000000002 0.24148789938184531 8.5050000000000008 0.97500000000000009 1.0000000180025095e-35 6.0050000000000008 0.05213026102447408 12.078977272727284 82.550000000000011 74.65000000000002 -1.0000000180025095e-35 0.04815269815269816
decision_type=8 8 2 10 10 2 2 10 2 10 10 10 10 2
left_child=2 4 3 6 -2 -6 -1 8 9 13 11 12 -11 -4
right_child=1 -3 7 -5 5 -7 -8 -9 -10 10 -12 -13 -14 -15
leaf_value=0.0023976054905808881 9.9973156838644397e-06 0.0011703235189805745 0.0017885034465882949 0.0023446270716261236 -0.0047137898661586703 0.003370533755247184 -0.0053479817094430459 -0.0025720569731455911 0.003737289955842848 -0.0042832658217176372 -0.00072334811360658612 0.008030311220756807 0.0033396097257161724 -0.0001773496004538788
leaf_weight=113.82944528781809 1919.0272495765239 10663.160886682337 1664.9755265800923 341.40968423360027 725.34019465034362 99.517565069138072 883.85418821952771 954.2225502198562 449.03083852492273 171.93429788900539 931.00476592103951 310.32962861936539 677.02650890685618 39913.57059550588
leaf_count=1010 29555 192454 29998 2461 16785 2099 10092 15005 3988 1117 4679 1613 3503 423611
internal_value=7.76061e-05 0.000699018 -0.000102463 -0.00265189 -0.00112072 -0.00360154 -0.00439201 -2.38652e-05 3.40988e-05 -8.21045e-06 0.00171067 0.00361447 0.00164343 -9.65752e-05
internal_weight=59818.2 13407 46411.2 1339.09 2743.89 824.858 997.684 45072.1 44117.9 43668.8 2090.3 1159.29 848.961 41578.5
internal_count=737970 240893 497077 13563 48439 18884 11102 483514 468509 464521 10912 6233 4620 453609
is_linear=0
shrinkage=0.03


Tree=325
num_leaves=15
num_cat=0
split_feature=18 11 18 18 21 35 34 18 20 25 30 29 32 22
split_gain=5.36403 8.5014 10.3958 8.39343 8.12324 13.3408 9.09794 8.03906 13.5642 14.6107 8.46936 8.26061 7.83195 7.77632
threshold=-9.800000000000006 29.500000000000004 -0.23333333333331294 -10.366666666666669 1.0000000180025095e-35 8.5000000000000018 -0.011084852028907211 -7.9333333333333327 119.50000000000001 0.077587056532518378 550.50000000000011 0.14741905020783266 0.04815269815269816 4.5000000000000009
decision_type=10 2 10 10 8 2 2 10 10 10 8 8 2 10
left_child=3 7 12 4 5 13 -6 8 9 11 -11 -2 -3 -1
right_child=1 2 -4 -5 6 -7 -8 -9 -10 10 -12 -13 -14 -15
leaf_value=-0.00066785228305462534 0.0045014148712310383 0.0058715198487452941 0.0045225165158953255 -0.0030863100164499335 -0.0028862742810810832 -0.004262661973413912 -0.00036711614921829062 -0.00011636883223586329 0.005925126498836703 0.001707012911434731 -0.0019099603070939636 -0.0036137002024458943 0.00017361256961960047 0.0024300702315238195
leaf_weight=1036.2608377718134 893.47937298635952 187.14303131983615 761.81709274416789 1029.139293406246 1528.3822654304095 362.12802153592929 7180.345718071796 38850.824868994649 450.44930817000568 859.24736671638675 1583.5837393889669 90.594522905070335 2612.9639622720424 2274.0603357193759
leaf_count=16813 17047 2895 5450 17762 31673 40723 130953 344022 7563 11215 22603 1180 33778 53022
internal_value=-2.07476e-05 0.000132401 0.00152998 -0.00054792 -0.000325361 0.000850356 -0.000823181 1.42438e-05 0.00130779 0.000624389 -0.000628997 0.00361572 0.000650752 0.00146479
internal_weight=59700.4 46290.1 3561.92 13410.3 12381.2 3672.45 8708.73 42728.2 3877.35 3426.91 2442.83 984.074 2800.11 3310.32
internal_count=736699 445753 42123 290946 273184 110558 162626 403630 59608 52045 33818 18227 36673 69835
is_linear=0
shrinkage=0.03


Tree=326
num_leaves=15
num_cat=0
split_feature=25 21 12 31 32 6 12 26 31 16 30 30 4 3
split_gain=5.89264 5.33983 10.2621 9.6095 9.59671 10.6871 10.2855 7.65835 7.40717 6.6271 7.70765 6.50689 6.00471 6.59228
threshold=0.41048538034771681 0.24068965517241384 84.250000000000014 0.024104740771276813 0.11511073382380684 0.88562091503267981 75.750000000000014 -0.045585253132669201 0.016331657041970826 87.550000000000011 403.50000000000006 4075.5000000000005 -1.0999999999999976 55.750000000000007
decision_type=10 10 10 10 2 2 10 10 10 10 10 8 2 2
left_child=1 2 -1 4 5 6 -3 -7 -6 10 -5 12 13 -4
right_child=-2 3 11 9 8 7 -8 -9 -10 -11 -12 -13 -14 -15
leaf_value=6.5400433193199855e-07 0.0032357053628563671 -0.0036645391914493946 0.00083766397238137387 0.00783201202828121 -0.0010865300259500464 0.00020759471395454478 0.00098347522648082665 0.0079216841474740816 -0.0045019239707486539 -0.00047396088971140025 -0.0013382401966408209 -0.0049021136018030124 0.0019953172641938594 -0.0045011667109737183
leaf_weight=43385.880528576672 468.89957700297236 520.03292798413895 762.6537174100522 245.49452719395049 6555.1366332164034 200.51947107282467 1676.6501004642341 233.46705640340224 585.58200717438012 294.94252140680328 96.400251232553273 97.862125164130703 4423.9096069622319 230.776731191203
leaf_count=582461 2747 7832 8534 2150 58335 2281 16918 2890 4606 2320 758 974 41913 2149
internal_value=5.26506e-05 2.47811e-05 0.000156224 -0.000590574 -0.000827914 0.000711297 -0.000173941 0.00474712 -0.00139597 0.00284625 0.00540553 0.00136903 0.00152611 -0.000558822
internal_weight=59778.2 59309.3 48901.1 10408.2 9771.39 2630.67 2196.68 433.987 7140.72 636.837 341.895 5515.2 5417.34 993.43
internal_count=736868 734121 636031 98090 92862 29921 24750 5171 62941 5228 2908 53570 52596 10683
is_linear=0
shrinkage=0.03


Tree=327
num_leaves=15
num_cat=0
split_feature=35 4 17 25 5 16 32 32 5 17 33 33 25 10
split_gain=7.2605 7.2218 8.91635 8.48535 7.24011 6.83807 6.89886 6.82266 9.57185 12.0129 10.5727 8.33407 9.02612 8.77877
threshold=12.500000000000002 1.4128787878787856 88.213392857142864 0.092553387114816407 2.5000000000000004 93.050000000000011 0.057782794080762485 0.14818220241297167 5.5000000000000009 76.001612903225819 1202.5000000000002 1093.5000000000002 0.26441928027678169 43.500000000000007
decision_type=2 2 10 10 2 10 2 2 2 10 2 2 10 2
left_child=1 -1 3 -3 -4 6 -5 8 11 -10 -11 12 13 -8
right_child=-2 2 4 5 -6 -7 7 -9 9 10 -12 -13 -14 -15
leaf_value=0.00032761538389435414 -0.0065975467941785408 -0.0013956555336792284 0.0017452787951154644 0.003365111016899664 -0.0047857723204028074 0.0030691683196777033 0.0025375017006974646 0.0010913118661861436 0.0023787714763655273 -0.0025029923373746277 0.0034135454323895899 -0.0042298405996367408 0.0047754369672194383 -0.0019155181922547761
leaf_weight=43724.863899513963 94.843221339164302 4155.7064507276518 168.19869667314924 469.78286473895423 636.0850888506975 643.97312614368275 419.5750090139918 2720.8467085713055 1599.2043289232533 1236.5718940568622 298.3102384028025 809.58774675941095 187.29724973719567 2774.8705235554371
leaf_count=569596 12864 53846 1414 5341 5965 6428 3457 19353 15794 11504 2691 6200 1140 22863
internal_value=0.000111449 0.00012758 -0.000414343 -0.000247128 -0.00339773 0.000184872 -5.44255e-06 -0.000178941 -0.000654945 0.000594134 -0.00128168 -0.00158494 -0.000899352 -0.00130054
internal_weight=59939.7 59844.9 16120 15315.7 804.284 11160 10516 10046.3 7325.42 3134.09 1534.88 4191.33 3381.74 3194.45
internal_count=738456 725592 155996 148617 7379 94771 88343 83002 63649 29989 14195 33660 27460 26320
is_linear=0
shrinkage=0.03


Tree=328
num_leaves=15
num_cat=0
split_feature=7 9 20 16 32 15 34 25 9 26 28 4 32 6
split_gain=5.74466 8.56169 9.2284 6.49343 6.25081 8.18684 8.02079 7.76494 5.68783 5.66088 5.47607 5.42219 6.04536 6.28331
threshold=7.5000000000000009 7.5000000000000009 42.500000000000007 77.15000000000002 0.054564838146927711 66.983333333333363 0.023567183360514565 0.13117272139288946 32.500000000000007 -0.060978260984836025 6.2500000000000009 0.45993589743589786 0.069235558961586383 0.37980769230769235
decision_type=10 2 10 10 2 8 2 10 2 10 10 2 2 2
left_child=-1 3 4 -2 5 -3 7 10 -8 -7 11 12 -6 -14
right_child=1 2 -4 -5 6 9 8 -9 -10 -11 -12 -13 13 -15
leaf_value=0.00018464793291907044 -0.0030956249912625819 -0.0030068858990714774 -0.0063826481455418983 0.0077034814005061585 -0.0062430576269655461 -0.00063572728430980258 -0.0032002366039048371 0.002344924425342342 0.0069922580991442626 0.0097530407250366411 0.0034335590320676477 -0.0063722423349760844 -0.0041310014094672661 0.0029665628873945878
leaf_weight=57807.569330504077 41.33232716890052 96.417048464063555 302.09012554085348 105.06310417596251 133.57678074669093 61.435877960873768 38.06340629782062 203.96790051367134 101.38353644870222 94.877741251839325 56.09094851417467 466.61900623328984 129.57783063291572 250.2010112128919
leaf_count=698699 698 3724 7668 1377 3341 932 625 2381 1610 2185 616 6655 2403 5054
internal_value=0.000128413 -0.00140163 -0.00196455 0.00464265 -0.000981436 0.0029792 -0.00178588 -0.00258099 0.00409977 0.00650541 -0.00361406 -0.00416454 -0.00177038 0.000346059
internal_weight=59888.3 2080.7 1934.3 146.395 1632.21 252.731 1379.48 1240.03 139.447 156.314 1036.07 979.975 513.356 379.779
internal_count=737968 39269 37194 2075 29526 6841 22685 20450 2235 3117 18069 17453 10798 7457
is_linear=0
shrinkage=0.03


Tree=329
num_leaves=15
num_cat=0
split_feature=25 29 3 23 25 18 4 26 13 29 33 22 29 18
split_gain=5.23534 5.41621 4.82788 8.3155 10.4509 8.35402 7.96617 10.1241 6.78614 7.84859 6.9622 6.55431 7.70326 7.22626
threshold=0.41048538034771681 0.11109716496293486 59.250000000000007 16.405000000000005 0.10802806337635641 -4.6000000000000041 3.5156250000000004 -0.049720220612213005 77.550000000000011 0.053662112867462995 2430.5000000000005 6.5000000000000009 0.077466285860502984 -0.63333333333331854
decision_type=10 10 2 10 10 8 2 10 8 10 2 10 8 8
left_child=2 -2 11 5 -5 -4 8 -8 10 -10 -7 -1 -13 -14
right_child=1 -3 3 4 -6 6 7 -9 9 -11 -12 12 13 -15
leaf_value=-0.00038999628846604438 -0.0016430110237315102 0.0048489210547807554 -0.00078687275873324278 0.011076332349627819 -0.0014084697832130188 0.0030058448864036299 0.00097005191244755207 -0.0037158755575900084 -0.0068130512662467032 0.00083868934436612675 -0.0035904201711208996 -0.0010085470719584223 0.0012567101299517378 -0.0012871667504795684
leaf_weight=37208.092172795092 136.95157682290301 328.81136094313115 3751.8838989923242 94.937543464824557 86.175078683532774 2341.3790115872398 1015.3543246965855 634.40460365940817 75.32737196306698 3394.7368403556757 112.15101004717872 2442.9627335261321 7005.5804195072269 1130.3446742235683
leaf_count=412893 881 1855 53938 2486 1187 18010 7370 4831 946 27379 744 67184 129186 7921
internal_value=-4.37093e-05 0.00296583 -6.98289e-05 0.000480549 0.0061164 0.000363932 0.000935469 -0.000888193 0.00144655 0.000578172 0.00263864 -0.000202715 0.000454728 0.00089758
internal_weight=59759.1 465.763 59293.3 11506.3 181.113 11325.2 7573.35 1649.76 5923.59 3470.06 2453.53 47787 10578.9 8135.93
internal_count=736811 2736 734075 116891 3673 113218 59280 12201 47079 28325 18754 617184 204291 137107
is_linear=0
shrinkage=0.03


Tree=330
num_leaves=15
num_cat=0
split_feature=32 19 22 23 18 15 21 18 6 33 32 31 27 35
split_gain=7.81258 10.1168 10.6337 9.50972 8.8696 7.3436 7.63063 6.57175 10.8199 5.9992 9.1632 8.60558 8.34339 10.1516
threshold=0.069570209154894438 -1.9731249999999958 12.500000000000002 7.9050000000000011 -9.5000000000000089 71.316666666666691 0.44722222222222224 -10.699999999999998 0.86190476190476206 60.500000000000007 0.071846699844986553 -0.00053015744345502114 196.50000000000003 1.5000000000000002
decision_type=2 10 10 8 10 10 10 10 2 2 2 10 8 2
left_child=1 2 3 4 -1 6 9 8 -7 12 -11 -12 13 -2
right_child=5 -3 -4 -5 -6 7 -8 -9 -10 10 11 -13 -14 -15
leaf_value=0.00024866407355141203 -0.0018545717940873063 -0.00018995541098064677 0.0072537444159741851 -0.0049788753666633705 -0.0059311689939189243 -0.0033917376381876569 -0.0052233158864526544 -3.5363409355545079e-06 0.0032865817019789426 0.0054527345327524158 -0.0004909764668434252 0.0010098058115108161 0.00035783160576523373 0.0049928131658418477
leaf_weight=1001.7095101452433 210.72835341840982 6415.3888997330796 50.403850149828941 1000.6197840051027 212.93898846511729 1071.8244684588863 145.93003940815106 32798.250902757514 228.77145336987451 278.75648792693391 5874.1667554830201 8164.2879152037203 1287.2876101001166 1019.6769633363001
leaf_count=37611 1031 83764 2727 41576 4730 23544 1762 300971 5226 5464 88471 101165 20209 19366
internal_value=2.4368e-05 -0.000805028 -0.00250494 -0.00288218 -0.00102638 0.000165974 0.000674724 -8.79939e-05 -0.00213886 0.000741166 0.000499668 0.000382314 0.00207801 0.00379345
internal_weight=59760.7 8681.06 2265.67 2215.27 1214.65 51079.7 16980.8 34098.8 1300.6 16834.9 14317.2 14038.5 2517.69 1230.41
internal_count=737617 170408 86644 83917 42341 567209 237468 329741 28770 235706 195100 189636 40606 20397
is_linear=0
shrinkage=0.03


Tree=331
num_leaves=15
num_cat=0
split_feature=0 34 2 27 35 23 28 34 1 2 24 26 19 19
split_gain=4.77166 9.69949 9.73181 12.3836 8.6017 7.55538 7.10115 6.86787 6.79585 8.34243 7.0334 6.67914 7.80163 7.68313
threshold=9.5000000000000018 0.0090861654161847744 6.5000000000000009 -387.49999999999994 4.5000000000000009 18.385000000000002 1.0000000180025095e-35 -0.025710282403360461 1192.0000000000002 4.5000000000000009 0.00826926710073843 -0.068378131400299288 2.4600000000000084 6.376289682539686
decision_type=2 2 10 8 2 10 8 2 2 10 8 8 10 10
left_child=1 4 3 -3 -1 -5 -2 -6 9 -9 -10 12 -12 -13
right_child=6 2 -4 5 7 -7 -8 8 10 -11 11 13 -14 -15
leaf_value=-0.00020953847888136916 0.00079599996032591778 -0.0047330110999933769 -0.0016864692223478828 0.0015112742248256134 0.0028592873762359845 -0.0070842915374088999 -0.0001027257154007779 -0.0057959786755822267 0.0048061859531655336 -0.00035593022729299331 0.0019387323586686459 -0.0031848404570171017 -0.003914174799880564 0.005968105257830948
leaf_weight=15979.640726078767 16692.937828696682 261.59061789838597 1254.8276270134374 6653.1169972916832 228.63447890616953 44.673012051731348 14983.376292087953 726.19137040595524 117.43054291862063 387.11443126248196 719.82212246395648 1511.0994737027213 229.75153211550787 42.070765197277069
leaf_count=108783 254864 3041 11499 59868 5781 763 197305 19029 5382 10592 15876 40646 3665 694
internal_value=0.000119077 -0.000164945 0.000699915 0.00113916 -0.000522049 0.00140187 0.000371397 -0.00176412 -0.0020813 -0.00400099 -0.00120598 -0.00157669 0.000397652 -0.00275851
internal_weight=59832.3 28156 8214.21 6959.38 19941.8 6697.79 31676.3 3962.11 3733.48 1113.31 2620.17 2502.74 949.574 1553.17
internal_count=737788 285619 75171 63672 210448 60631 452169 101665 95884 29621 66263 60881 19541 41340
is_linear=0
shrinkage=0.03


Tree=332
num_leaves=15
num_cat=0
split_feature=18 2 32 19 4 25 13 24 35 26 25 24 30 13
split_gain=5.38567 8.86424 7.04934 8.37375 8.99909 7.12883 7.06534 6.95344 8.26298 8.39616 6.2 6.11365 5.46483 5.0801
threshold=-16.066666666666656 8.5000000000000018 0.069235558961586383 -10.299999999999985 0.69337606837606824 0.18094323406348634 44.750000000000007 0.095369659323847347 4.5000000000000009 -0.026827421094322127 0.13191637892629313 0.054729327297182419 190.50000000000003 93.050000000000011
decision_type=8 10 2 10 2 10 10 10 2 10 10 10 10 10
left_child=1 2 -1 5 6 7 -5 8 -4 12 11 -8 -10 -2
right_child=13 -3 3 4 -6 -7 10 -9 9 -11 -12 -13 -14 -15
leaf_value=-0.0044082729930118893 2.1520795624829407e-05 0.0052015169553968118 -0.0041241189319003385 0.0044126705537054396 -0.0063404031113655389 -0.004828382523476977 -0.00014303041286759164 0.0075817387592783808 -0.0017693405881162175 -0.0018397078661656744 0.0030084493082506618 -0.0071321620843317959 0.0095602706671745214 -0.0018098039415276304
leaf_weight=660.04077094758395 56027.447594266618 121.82218932535034 152.82106861844659 152.64822587952949 309.91027577524073 81.095117796445265 218.34180562919937 149.84130711271428 31.432349734008312 127.73035302583594 121.85127379535697 187.37404728983529 123.5233586676186 1347.2537541848142
leaf_count=38818 631627 4358 1497 3967 6894 1289 8540 3250 1393 9522 2535 4659 5947 12786
internal_value=-8.23007e-05 -0.00144864 -0.00190086 -0.000801922 -0.00250174 0.00172182 -0.000438426 0.00293786 0.000723818 0.00357056 -0.00210255 -0.00379923 0.0073911 -2.30201e-05
internal_weight=59813.1 2438.43 2316.61 1656.57 990.126 666.444 680.215 585.348 435.507 282.686 527.567 405.716 154.956 57374.7
internal_count=737082 92669 88311 49493 26595 22898 19701 21609 18359 16862 15734 13199 7340 644413
is_linear=0
shrinkage=0.03


Tree=333
num_leaves=15
num_cat=0
split_feature=6 5 21 34 25 13 28 18 13 30 14 19 19 14
split_gain=4.19195 7.64484 9.46599 8.89926 6.79736 6.2679 5.74551 7.01117 5.66505 6.03398 5.87682 5.5492 5.43997 5.74008
threshold=0.57518796992481214 5.5000000000000009 0.49418604651162795 0.00062517205882182188 0.10148658374395288 86.550000000000011 6.7500000000000009 -1.7333333333333127 80.550000000000011 831.50000000000011 76.65000000000002 5.587878787878787 1.8750000000000038 64.250000000000014
decision_type=2 2 10 2 10 10 10 10 8 8 10 10 10 10
left_child=1 2 -1 12 -3 -5 -2 -8 9 10 -6 -7 13 -4
right_child=6 4 3 5 8 11 7 -9 -10 -11 -12 -13 -14 -15
leaf_value=0.00025360722734619595 -0.00018045427689306959 -8.8528311772730832e-05 0.0083107140700537842 -0.0051602163800691095 0.0097687632350278147 -0.0031604518715068683 -0.0063749718001103097 0.0010451226129752195 0.0010395110902526507 0.0021336631454300565 0.0010813826970547751 0.0039635023117886078 -0.00099788941578797335 -0.001797416270307148
leaf_weight=28533.263216029183 26695.897037937422 1049.1017373633804 92.366888693533838 711.8110867429059 234.19570197304711 173.80595664307475 243.1133777089417 167.9022354693152 770.41900822636671 484.31345490273088 111.15443290979601 125.63843556120992 383.73603264382109 55.094167471863329
leaf_count=335650 345583 21307 1158 5586 3162 1377 3051 1136 8757 6091 1382 645 2432 573
internal_value=3.75223e-05 0.000265879 0.000128398 -0.00212304 0.00179539 -0.00371475 -0.000238144 -0.00355922 0.00299584 0.00465014 0.00746303 -3.20068e-05 0.000966027 0.00503528
internal_weight=59831.8 32724.9 30075.7 1542.45 2649.18 1011.26 27106.9 411.016 1600.08 829.664 345.35 299.444 531.197 147.461
internal_count=737890 388120 347421 11771 40699 7608 349770 4187 19392 10635 4544 2022 4163 1731
is_linear=0
shrinkage=0.03


Tree=334
num_leaves=15
num_cat=0
split_feature=23 5 2 34 15 18 14 13 33 21 10 4 9 31
split_gain=5.47055 12.227 10.4481 10.4165 8.93432 9.43983 8.87645 8.61606 8.97548 8.8026 7.2569 7.08782 6.96148 7.0516
threshold=3.3050000000000002 8.5000000000000018 5.5000000000000009 0.011691365641468379 83.316666666666691 -7.6333333333333213 79.450000000000017 92.550000000000011 141.50000000000003 0.067041198501872665 14.500000000000002 1.9629120879120878 31.500000000000004 0.018341886190847336
decision_type=8 2 10 2 10 8 8 10 2 8 2 2 2 8
left_child=-1 7 3 4 5 -3 -5 8 9 12 -8 -12 -2 -14
right_child=1 2 -4 6 -6 -7 10 -9 -10 -11 11 -13 13 -15
leaf_value=-0.00038794081885716971 -0.0027319383682323701 -0.0022218923369120977 0.0041393819592304036 -1.1611693114314823e-05 -0.0053301520392958213 0.0018103302356878841 -0.0038665487586567061 -0.0044962749459851389 0.00038398563290592276 -0.0019399575998690533 0.0093041185277918364 -0.00077756148605785181 0.0014398439750292432 -0.0029703909292957886
leaf_weight=32842.783926048083 543.92432828259189 750.23867889004759 1078.9126039991388 320.2547809323296 222.27096582297236 1460.2505831304006 25.589150976622477 342.25326956366189 15629.875817777822 3547.5675999526866 305.99203348043375 67.310514789773151 2350.9756348745432 330.06833859113976
leaf_count=312051 10166 27149 21053 6386 3795 21269 482 4002 215785 54639 5164 888 49896 5097
internal_value=-0.000128194 0.000188183 0.00165907 0.000758664 -0.000199471 0.000422921 0.00380215 -8.84613e-05 -1.12579e-05 -0.000919543 0.00652431 0.00760916 0.000215426 0.00085245
internal_weight=59818.3 26975.5 4230.82 3151.91 2432.76 2210.49 719.146 22744.7 22402.4 6772.54 398.892 373.303 3224.97 2681.04
internal_count=737822 425771 86186 65133 52213 48418 12920 339585 335583 119798 6534 6052 65159 54993
is_linear=0
shrinkage=0.03


Tree=335
num_leaves=15
num_cat=0
split_feature=20 33 27 30 15 33 7 1 12 16 30 33 18 12
split_gain=5.48166 9.80915 7.33317 6.60527 5.65939 5.39245 5.1078 9.53069 9.00799 8.44086 6.94304 5.82342 5.9467 4.63702
threshold=321.50000000000006 561.50000000000011 -101.49999999999999 1026.5000000000002 79.016666666666694 12.500000000000002 8.5000000000000018 1506.5000000000002 76.950000000000017 80.550000000000011 208.50000000000003 135.50000000000003 -9.1333333333333346 74.250000000000014
decision_type=10 2 10 10 10 2 10 2 10 10 8 2 10 10
left_child=6 3 -3 5 -4 -2 13 10 9 -9 11 12 -8 -1
right_child=1 2 4 -5 -6 -7 7 8 -10 -11 -12 -13 -14 -15
leaf_value=0.00032998113389652746 0.0012810525330695388 -0.0035507013152953344 -0.00087409096764050668 0.0016338110086023009 0.011412323760298729 -0.0089912138173183498 -0.0031118809497858464 -0.0032476262445689692 -0.0039036177119428236 0.0088055799813877497 -0.0073681974345139144 -0.0044052459938773419 0.0089829083128404284 -0.00020540335511885657
leaf_weight=26734.303883008921 41.387636936851777 61.607408171053976 43.255989084485918 72.36303881125059 40.566975612891838 228.60458864679094 27.672654259135015 44.724383044289425 111.58810752769932 120.34060144238174 287.7454538308084 68.079297846648842 44.003283431520686 31851.348353553796
leaf_count=409928 969 1013 603 1626 374 4662 919 1258 1834 2642 6310 1106 618 303551
internal_value=-1.99079e-05 -0.00303508 0.00284388 -0.00557659 0.00711437 -0.00746243 7.43485e-06 -0.00244577 0.00171907 0.00554399 -0.0050388 0.000435016 0.00495344 3.89809e-05
internal_weight=59777.6 487.786 145.43 342.355 83.823 269.992 59289.8 704.154 276.653 165.065 427.501 139.755 71.6759 58585.7
internal_count=737413 9247 1990 7257 977 5631 728166 14687 5734 3900 8953 2643 1537 713479
is_linear=0
shrinkage=0.03


Tree=336
num_leaves=15
num_cat=0
split_feature=25 1 33 14 29 23 8 14 28 9 29 23 12 32
split_gain=6.08439 7.02046 6.46094 5.57041 6.61345 13.1061 6.55878 9.98501 7.77431 5.91372 5.81963 5.52894 8.87783 6.70389
threshold=0.057948162003189953 2002.0000000000002 236.50000000000003 54.95000000000001 0.079289786293020734 2.7650000000000001 3.5000000000000004 69.65000000000002 -1.7499999999999998 21.500000000000004 0.060925114620478872 3.2050000000000005 77.050000000000011 0.10166389811738651
decision_type=8 2 2 10 8 10 2 10 10 2 10 10 10 2
left_child=1 2 3 9 5 -5 -6 8 -8 10 -1 12 -11 -13
right_child=-2 -3 -4 4 6 -7 7 -9 -10 11 -12 13 -14 -15
leaf_value=0.0035346297346933583 -8.2138608517767146e-05 -0.0023958016160086516 7.2862611139667133e-05 0.0059004564746595253 0.0060965721916812305 -0.0017147712904929148 -0.003887000032398035 -0.0031315182102941348 0.0067354192977229161 -0.0045205641421182212 -0.0075513442389582843 0.0039538358950083159 0.0032635532784573988 -0.0016156712674662785
leaf_weight=26.449546813149936 52990.006741306745 502.58913204970304 2848.9241321516456 254.16640737117268 722.7404198726872 569.22326607746072 43.516267320257612 206.61895098886453 241.51557892677374 272.71080473205075 92.560366112389602 665.30435081198812 177.41801564395428 235.39306999545079
leaf_count=878 588126 10250 55806 4316 13806 18003 1044 3504 4924 4396 1981 24351 2006 4721
internal_value=2.6965e-05 0.000864337 0.00113879 0.00199136 0.00298898 0.000839138 0.00435581 0.00147027 0.00477561 0.000555421 -0.00477074 0.0011782 -0.00143292 0.00248985
internal_weight=59849.1 6859.13 6356.54 3507.62 2037.78 823.39 1214.39 491.651 285.032 1469.84 119.01 1350.83 450.129 900.697
internal_count=738112 149986 139736 83930 45597 22319 23278 9472 5968 38333 2859 35474 6402 29072
is_linear=0
shrinkage=0.03


Tree=337
num_leaves=15
num_cat=0
split_feature=18 1 26 30 33 10 14 27 31 35 19 19 1 19
split_gain=7.57878 6.07571 7.45128 7.33886 9.4474 8.95966 6.15152 6.08476 6.78057 6.21962 6.06904 6.60638 5.86943 8.24209
threshold=-16.066666666666656 1205.5000000000002 -0.027081644881366409 714.50000000000011 408.50000000000006 218.50000000000003 36.250000000000007 330.50000000000006 0.00043715414132105651 4.5000000000000009 -8.4452380952380945 -7.0825757575757526 1502.0000000000002 -3.5825757575757531
decision_type=8 2 10 10 2 2 8 10 8 2 10 10 2 8
left_child=1 3 7 -1 5 -5 -6 9 -9 -3 -11 -12 -2 -14
right_child=12 2 -4 4 6 -7 -8 8 -10 10 11 -13 13 -15
leaf_value=-0.0047859171503686054 0.00030523088927149089 -0.00042632052795410686 -0.0028233118224924849 -0.0017082682066357538 0.0050360281128053663 0.0081827970034933171 -0.0054423989679024658 0.0028919923922907545 -0.0087453832982465653 0.0081598584367947452 -0.0060997127684558452 0.0041191574348278951 0.0024015706970283049 -0.00054858020173034327
leaf_weight=744.21198080666363 42067.590185011562 273.99353997502476 459.42632718477398 131.35452609811909 20.493301247130148 121.48694637860171 230.7108004904585 49.054277925402857 47.69512487819884 203.9282526668394 41.828016594052315 100.09688561456278 855.93117843195796 14583.157343589701
leaf_count=25667 470714 2592 27313 5464 367 5663 6944 1685 1378 9601 1805 4098 22683 152117
internal_value=5.18384e-05 -0.00157398 -1.15371e-05 -0.00298887 -0.000143117 0.0036106 -0.00389349 0.00185772 -0.00386998 0.00297388 0.0053812 0.000302974 0.000121685 -0.000377802
internal_weight=59931 2424.28 1176.02 1248.26 504.046 252.841 251.204 716.596 96.7494 619.847 345.853 141.925 57506.7 15439.1
internal_count=738091 92577 48472 44105 18438 11127 7311 21159 3063 18096 15504 5903 645514 174800
is_linear=0
shrinkage=0.03


Tree=338
num_leaves=15
num_cat=0
split_feature=28 7 35 10 13 20 10 14 29 11 19 12 6 13
split_gain=6.18129 9.06878 8.95847 6.85204 7.62763 6.80342 5.84052 5.48973 5.31618 7.08962 6.63667 8.0529 10.3735 9.08648
threshold=4.2500000000000009 4.5000000000000009 6.5000000000000009 16.500000000000004 70.450000000000017 258.50000000000006 29.500000000000004 56.45000000000001 0.091167020423889453 56.500000000000007 4.4416666666666673 85.750000000000014 0.84807692307692317 77.550000000000011
decision_type=8 8 2 2 8 10 2 8 8 2 10 10 2 10
left_child=8 3 5 -2 -5 6 -3 -8 9 -1 -10 13 -13 -12
right_child=1 2 -4 4 -6 -7 7 -9 10 -11 11 12 -14 -15
leaf_value=-0.00061000534041007659 -0.0038600648094139541 0.0034844006202870751 -0.0030351201403099265 -0.00050667482327144129 0.0050586439342425538 -0.0073081519504951155 0.0061905790908925954 0.0003083144638377511 -0.00024444108566599684 0.0048563523862559417 0.00092303311141195428 0.0028584134229187133 -0.0013663237434145255 -0.00079036695460146973
leaf_weight=16995.020346836856 77.461146499961615 613.06391272693872 589.80020022287499 281.23535980505403 864.88060274580494 44.258053514175117 97.342731168493629 4948.4978524355683 20638.716431593406 166.74864581716247 6790.1249712989666 2374.8166313385591 634.27263814117759 4651.9077777205966
leaf_count=273430 633 5468 30046 3085 6841 445 963 44109 274505 3203 45941 14565 3987 30232
internal_value=4.89189e-06 0.000806329 0.000336263 0.00311581 0.00372892 0.000708267 0.00083442 0.000481421 -0.000111058 -0.000542939 0.000100639 0.000592618 0.00196012 0.00022602
internal_weight=59768.1 7516.54 6292.96 1223.58 1146.12 5703.16 5658.9 5045.84 52251.6 17161.8 35089.8 14451.1 3009.09 11442
internal_count=737453 91590 81031 10559 9926 50985 50540 45072 645863 276633 369230 94725 18552 76173
is_linear=0
shrinkage=0.03


Tree=339
num_leaves=15
num_cat=0
split_feature=19 23 12 26 24 13 14 13 24 14 26 20 25 14
split_gain=5.16612 7.47026 10.4776 10.018 8.54957 8.87274 8.85537 11.5837 7.73262 7.52248 7.54032 7.29537 6.92912 8.25209
threshold=0.76190476190476286 1.1950000000000001 69.450000000000017 0.75042732846272064 0.17141295857670172 77.15000000000002 45.750000000000007 50.250000000000007 0.068441424285984528 62.550000000000004 -0.087520464186691349 84.500000000000014 0.13117272139288946 57.650000000000013
decision_type=8 10 10 10 10 8 8 10 10 10 10 10 10 8
left_child=1 2 -1 8 6 -6 7 -3 -4 10 -10 -5 13 -8
right_child=-2 4 3 11 5 -7 12 -9 9 -11 -12 -13 -14 -15
leaf_value=-0.006290504571031948 0.00015373709180073681 -0.0044918691619912562 0.0010314829383334505 0.0014721431425281713 -0.00031417282196606491 0.0040814406655582253 -0.0027065250835376789 0.0056356749792656081 0.0036427410963242317 -0.0045396649219342682 -0.003504157878019176 -0.0057378790100036121 -0.0018894499901323416 0.00022504052928772471
leaf_weight=341.68027190607972 43375.223860841157 92.304548211395741 440.16147655562963 1331.4339701998979 808.1872124603251 781.89143315306865 937.92959379171953 378.22686023171991 214.50222694617696 1178.5479559504893 216.9645143088419 89.803791261045262 2724.9044228554703 6856.8861420991598
leaf_count=5971 395066 4122 6885 18766 11871 10360 28562 9117 2292 14632 2222 1710 45931 179772
internal_value=-1.77641e-05 -0.000470625 -0.00162459 -0.00108254 -0.000115812 0.00190582 -0.00041561 0.00340831 -0.0024015 -0.00334284 5.82124e-05 0.000837044 -0.000601962 -0.000142709
internal_weight=59768.6 16393.4 3813.09 3471.41 12580.3 1590.08 10990.3 470.531 2050.18 1610.01 431.467 1421.24 10519.7 7794.82
internal_count=737279 342213 52478 46507 289735 22231 267504 13239 26031 19146 4514 20476 254265 208334
is_linear=0
shrinkage=0.03


Tree=340
num_leaves=15
num_cat=0
split_feature=8 32 18 6 29 30 14 8 1 34 34 30 34 29
split_gain=6.11361 9.39472 8.76372 5.99296 12.5512 5.61669 5.43806 9.16403 6.59212 6.28479 6.2836 8.5329 6.21628 6.10904
threshold=1.5000000000000002 0.064005494505494517 -9.800000000000006 0.13809523809523813 0.13747374296337866 1416.5000000000002 75.850000000000009 1.0000000180025095e-35 1420.5000000000002 0.005317883528007869 -0.0038569065860079165 1804.5000000000002 -0.0010317507576510644 0.12266510652351857
decision_type=2 2 8 2 10 10 8 2 2 2 2 10 2 10
left_child=1 5 -3 4 -4 -1 8 9 12 -8 -9 -12 -5 -11
right_child=-2 2 3 6 -6 -7 7 10 -10 13 11 -13 -14 -15
leaf_value=-0.0066629420424158788 0.00017802799154783758 -0.0060910133105964402 -0.0061883510936395379 -0.00050018490297811902 0.0035177856539204727 0.0025084973801437144 0.0014436568110761205 0.0015280321777586057 -0.0033355748595781378 -0.0025459012440449159 -0.0075400377402055343 -0.00058540721263693879 0.0091897273196431695 0.0011070189685998206
leaf_weight=301.28257640928496 54012.065548801183 192.52004919655155 334.49361163005233 82.036612372845411 135.72790642362088 45.23905491468031 2231.1385153386509 184.15753348055296 55.001861962489784 908.9967876158189 308.27722965017892 301.52508638496511 128.51353808259591 683.50539547507651
leaf_count=8137 660079 5861 4177 803 1095 1495 29203 1718 579 12545 2798 2596 1181 5788
internal_value=7.76946e-05 -0.000835758 -0.000511938 -0.000256795 -0.00331788 -0.00530026 6.86117e-05 -0.000189762 0.00387957 0.000429486 -0.00302077 -0.00440618 0.00604278 -0.000992088
internal_weight=59904.5 5892.42 5545.89 5353.37 470.222 346.522 4883.15 4617.6 265.552 3823.64 793.96 609.802 210.55 1592.5
internal_count=738055 77976 68344 62483 5272 9632 57211 54648 2563 47536 7112 5394 1984 18333
is_linear=0
shrinkage=0.03


Tree=341
num_leaves=15
num_cat=0
split_feature=13 13 32 14 26 29 3 4 11 21 11 29 19 35
split_gain=6.41988 10.8644 10.3903 6.59009 5.6862 8.89417 8.68408 6.6373 6.59497 5.99536 5.81951 5.63657 7.66482 5.07204
threshold=46.150000000000013 55.550000000000004 0.049674263644851883 49.350000000000001 -0.031813293067547078 0.070591029761073079 54.250000000000007 1.4522727272727283 26.500000000000004 0.18016393442622955 19.500000000000004 0.076450739628466768 -9.1629166666666695 2.5000000000000004
decision_type=8 8 2 8 10 8 2 2 2 10 2 8 10 2
left_child=2 4 -1 -4 5 10 -6 13 9 -7 -2 -5 -13 -8
right_child=1 -3 3 11 6 8 7 -9 -10 -11 -12 12 -14 -15
leaf_value=-0.0044948063843950666 0.0042237352024958701 8.9195138991100925e-05 -0.0026374828255501396 0.0095591207996798856 0.0067092126741815162 -0.0073136579827915741 0.0018912815369978018 0.0036015235704526184 0.0016983324918815415 0.0020382146081186297 -0.0048018105292434859 0.0069616749355545481 -0.00057550075808350119 -0.0050258633589936267
leaf_weight=109.64296804438345 145.47430746152531 57516.422706585319 81.682654029689729 150.27003411087207 83.328840327914804 556.98606293718331 97.438473477959633 116.48739603499416 81.648955391487107 47.484834971139207 48.215991313918494 170.09258754982147 255.40272953803651 334.09443825914059
leaf_count=5176 3047 683802 2635 4230 3583 8482 587 2382 1336 627 1089 4510 3211 12473
internal_value=5.88226e-05 2.22459e-05 0.0026998 0.00413253 -0.00244716 -0.00393951 -0.00023104 -0.00175905 -0.00545701 -0.00647942 0.00145273 0.00522697 0.00285272 -0.00342979
internal_weight=59794.7 59027.6 767.091 657.448 1511.16 879.81 631.349 548.02 686.12 604.471 193.69 575.765 425.495 431.533
internal_count=737170 717408 19762 14586 33606 14581 19025 15442 10445 9109 4136 11951 7721 13060
is_linear=0
shrinkage=0.03


Tree=342
num_leaves=15
num_cat=0
split_feature=33 17 4 35 9 16 30 33 33 27 31 4 20 9
split_gain=5.56106 7.02565 6.13991 6.65189 8.8035 7.60144 9.78397 9.1072 6.4916 7.50384 7.56166 6.1998 5.82656 5.38879
threshold=20.500000000000004 66.275735294117666 -3.0690476190476192 8.5000000000000018 6.5000000000000009 78.950000000000017 772.50000000000011 212.50000000000003 2294.5000000000005 -13.499999999999998 0.0042294339252498059 -0.85504201680672043 19.500000000000004 85.500000000000014
decision_type=2 8 2 2 2 8 8 2 2 10 10 2 10 2
left_child=1 13 -2 -4 -5 11 7 -7 9 -8 -11 -6 -13 -1
right_child=2 -3 3 4 5 6 8 -9 -10 10 -12 12 -14 -15
leaf_value=0.0049898801998733274 0.0016911557405021097 0.00053703354023481328 -2.2976808674431514e-05 0.0071607481174198141 -0.0086069192330468173 -0.0016116350031433046 -0.0079888149254985288 0.0062983022713235309 0.0037623205697087016 -0.0038597927564591817 0.0042822165619686254 0.001935417260548571 -0.0051650054540740677 -0.0024204964804157348
leaf_weight=542.4963904262986 1764.7171585761243 2677.2019302346744 53104.018971576355 44.198308779741637 213.53973827790469 229.50969473272562 216.95996753091458 212.37235336052254 69.20231374935247 245.88128291978501 109.24145875917748 155.72191697906237 175.3929743047338 72.974806201411411
leaf_count=13724 33489 38084 538270 2006 19126 14310 13636 11663 3535 14053 5517 13859 15159 1489
internal_value=4.45705e-05 0.00123357 -2.57002e-05 -8.25039e-05 -0.00191754 -0.00237009 -0.000831579 0.00244374 -0.00310198 -0.00416798 -0.00113579 -0.00510256 -0.00200989 0.0039954
internal_weight=59833.4 3292.67 56540.8 54776 1672.02 1627.82 1083.17 441.882 641.285 572.083 355.123 544.655 331.115 615.471
internal_count=737920 53297 684623 651134 112864 110858 62714 25973 36741 33206 19570 48144 29018 15213
is_linear=0
shrinkage=0.03


end of trees

feature_importances:
w3=224
wbest=220
rank_m=216
wavg3_rel=193
j_wr=192
w2=181
days=176
j_n=176
wavg3_mean=175
lastmarg=172
j_ex=172
t_wr=172
wt_rel=169
t_n=165
t_ex=154
wavg_all=147
w1=141
avgpm=122
wavg3=121
lastpm=114
last_res_vs_mkt=114
sex=113
trk=112
bar_rel=111
pwin=102
nruns=100
dist_ch=93
weightCarried=91
distance=86
barrier=85
wt_ch=81
horse_age=72
lastfin=69
going_n=62
cls=59
field_size=50

parameters:
[boosting: gbdt]
[objective: binary]
[metric: binary_logloss]
[tree_learner: serial]
[device_type: cpu]
[data_sample_strategy: bagging]
[data: ]
[valid: ]
[num_iterations: 343]
[learning_rate: 0.03]
[num_leaves: 15]
[num_threads: 0]
[seed: 3]
[deterministic: 0]
[force_col_wise: 0]
[force_row_wise: 0]
[histogram_pool_size: -1]
[max_depth: -1]
[min_data_in_leaf: 400]
[min_sum_hessian_in_leaf: 0.001]
[bagging_fraction: 0.7]
[pos_bagging_fraction: 1]
[neg_bagging_fraction: 1]
[bagging_freq: 1]
[bagging_seed: 7196]
[bagging_by_query: 0]
[feature_fraction: 0.7]
[feature_fraction_bynode: 1]
[feature_fraction_seed: 9091]
[extra_trees: 0]
[extra_seed: 23577]
[early_stopping_round: 0]
[early_stopping_min_delta: 0]
[first_metric_only: 0]
[max_delta_step: 0]
[lambda_l1: 0]
[lambda_l2: 50]
[linear_lambda: 0]
[min_gain_to_split: 0]
[drop_rate: 0.1]
[max_drop: 50]
[skip_drop: 0.5]
[xgboost_dart_mode: 0]
[uniform_drop: 0]
[drop_seed: 9294]
[top_rate: 0.2]
[other_rate: 0.1]
[min_data_per_group: 100]
[max_cat_threshold: 32]
[cat_l2: 10]
[cat_smooth: 10]
[max_cat_to_onehot: 4]
[top_k: 20]
[monotone_constraints: ]
[monotone_constraints_method: basic]
[monotone_penalty: 0]
[feature_contri: ]
[forcedsplits_filename: ]
[refit_decay_rate: 0.9]
[cegb_tradeoff: 1]
[cegb_penalty_split: 0]
[cegb_penalty_feature_lazy: ]
[cegb_penalty_feature_coupled: ]
[path_smooth: 0]
[interaction_constraints: ]
[verbosity: -1]
[saved_feature_importance_type: 0]
[use_quantized_grad: 0]
[num_grad_quant_bins: 4]
[quant_train_renew_leaf: 0]
[stochastic_rounding: 1]
[linear_tree: 0]
[max_bin: 255]
[max_bin_by_feature: ]
[min_data_in_bin: 3]
[bin_construct_sample_cnt: 200000]
[data_random_seed: 48]
[is_enable_sparse: 1]
[enable_bundle: 1]
[use_missing: 1]
[zero_as_missing: 0]
[feature_pre_filter: 1]
[pre_partition: 0]
[two_round: 0]
[header: 0]
[label_column: ]
[weight_column: ]
[group_column: ]
[ignore_column: ]
[categorical_feature: ]
[forcedbins_filename: ]
[precise_float_parser: 0]
[parser_config_file: ]
[objective_seed: 7031]
[num_class: 1]
[is_unbalance: 0]
[scale_pos_weight: 1]
[sigmoid: 1]
[boost_from_average: 1]
[reg_sqrt: 0]
[alpha: 0.9]
[fair_c: 1]
[poisson_max_delta_step: 0.7]
[tweedie_variance_power: 1.5]
[lambdarank_truncation_level: 30]
[lambdarank_norm: 1]
[label_gain: ]
[lambdarank_position_bias_regularization: 0]
[eval_at: ]
[multi_error_top_k: 1]
[auc_mu_weights: ]
[num_machines: 1]
[local_listen_port: 12400]
[time_out: 120]
[machine_list_filename: ]
[machines: ]
[gpu_platform_id: -1]
[gpu_device_id: -1]
[gpu_device_id_list: ]
[gpu_use_dp: 0]
[num_gpu: 1]

end of parameters

pandas_categorical:[]
