tree
version=v4
num_class=1
num_tree_per_iteration=1
label_index=0
max_feature_idx=35
objective=binary sigmoid:1
feature_names=field_size distance going_n weightCarried wt_rel barrier bar_rel horse_age sex cls trk nruns w1 w2 w3 wavg3 wbest wavg_all wavg3_rel wavg3_mean days pwin lastfin lastmarg lastpm avgpm last_res_vs_mkt dist_ch wt_ch j_wr j_n j_ex t_wr t_n t_ex rank_m
feature_infos=[5:24] [800:4652] [1:10] [49:77] [-9.125:14.153846153846153] [0:23] [0:3.2000000000000002] [2:12] [-1:5] [0:118] [0:373] [0:144] [3:111.09999999999999] [3:116] [3:112] [3:109.26666666666667] [3:116] [3:106.59999999999999] [-88.399999999999991:0] [-75.615277777777791:38.161111111111119] [1:2045] [0:1] [1:24] [-20.300000000000001:99.989999999999995] [0.00034432829495691482:0.8383724002682722] [0.0027806424853524499:0.74052162883091566] [-0.8051508269105313:0.99464086658870943] [-3000:2600] [-25:22.5] [0.0091954022988505746:0.32268041237113404] [0:5605] [-0.071538422495816517:0.11894037341967535] [0.005228758169934641:0.37555555555555553] [0:14844] [-0.080946393591580609:0.11965636118077161] [1:23]
tree_sizes=1832 1813 1835 1828 1830 1840 1833 1836 1835 1819 1828 1828 1832 1833 1834 1821 1832 1829 1828 1816 1826 1835 1832 1835 1822 1831 1833 1841 1829 1840 1839 1835 1834 1813 1826 1846 1828 1836 1834 1831 1829 1824 1825 1841 1829 1850 1830 1838 1826 1821 1822 1822 1840 1819 1832 1821 1827 1825 1836 1816 1842 1806 1844 1819 1828 1833 1826 1816 1835 1836 1816 1838 1826 1820 1826 1826 1821 1827 1817 1830 1823 1833 1831 1823 1811 1828 1823 1819 1821 1822 1833 1826 1826 1809 1832 1820 1840 1816 1835 1815 1812 1836 1825 1832 1843 1838 1831 1844 1841 1833 1838 1834 1826 1833 1840 1824 1788 1811 1830 1826 1809 1835 1840 1830 1807 1822 1823 1819 1832 1845 1812 1828 1817 1822 1828 1822 1823 1812 1830 1833 1831 1827 1832 1823 1836 1823 1817 1840 1807 1825 1808 1796 1802 1826 1831 1813 1828 1829 1820 1827 1810 1817 1824 1826 1803 1826 1828 1830 1824 1821 1815 1809 1807 1825 1805 1839 1836 1815 1791 1822 1826 1836 1816 1843 1819 1826 1809 1823 1824 1809 1818 1834 1829 1826 1814 1818 1838 1824 1811 1829 1819 1839 1805 1802 1830 1818 1819 1839 1823 1809 1807 1832 1803 1826 1813 1808 1828 1824 1819 1825 1810 1815 1820 1829 1798 1827 1814 1828 1823 1818 1803 1817 1828 1827 1832 1813 1816 1830 1801 1823 1824 1816 1812 1828 1818 1828 1823 1825 1822 1835 1814 1795 1804 1819 1816 1809 1823 1806 1829 1813 1828 1818 1807 1821 1833 1813 1832 1821 1822 1824 1813 1821 1820 1825 1821 1816 1833 1842 1812 1804 1810 1814 1812 1813 1809 1823 1818 1801 1811 1781 1825 1813 1829 1818 1787 1823 1796 1817 1825 1826 1800 1826 1818 1825 1828 1830 1816 1811 1801 1814 1803 1799 1804 1815 1834 1827 1794 1795 1832 1817 1827 1823 1826 1819 1804 1818 1813 1820 1830 1805 1824 1809 1837 1810 1824 1805 1809 1817 1816 1818 1820 1812 1814

Tree=0
num_leaves=15
num_cat=0
split_feature=35 35 17 18 35 13 23 29 30 14 4 18 26 29
split_gain=419.81 130.263 44.7802 38.3714 20.7623 18.2379 14.6999 10.6302 10.5351 11.7178 10.5836 12.0824 10.4774 10.44
threshold=1.5000000000000002 6.5000000000000009 54.62613636363637 -14.733333333333329 2.5000000000000004 51.150000000000013 -0.99499999999999988 0.089112260268939689 2008.5000000000002 87.250000000000014 -1.9875000000000005 -4.2333333333333298 -0.051816292684295287 0.12035463733845138
decision_type=2 2 8 10 2 10 8 8 8 8 2 10 10 10
left_child=6 2 13 -3 -4 -6 -1 -5 9 10 11 -7 -8 -2
right_child=1 3 4 7 5 8 12 -9 -10 -11 -12 -13 -14 -15
leaf_value=0.0064652187077263168 -0.0099722343437846223 -0.0089190940433396919 0.0002877269535878237 -0.0053562804687051335 -0.0030826638536799204 -8.4237471034071096e-05 0.0041050811285865676 -0.0025781274960797389 -0.0022193021007567218 0.0013794468322659921 -0.0011746875056694859 0.0055505854037681502 0.0020962403271594008 -0.0013162568428135802
leaf_weight=2000.0833542793989 541.02454731147736 1895.5547731195111 12158.0996600613 2437.2541133498307 3948.3492854298092 1467.5997895568144 11114.877343587577 2841.7105737604434 4093.6737296297215 2431.6143010025844 12322.959833328612 396.15568662621081 3175.9171224832535 180.52035079756752
leaf_count=9484 7705 101890 78712 82597 50590 19817 54130 85438 48580 28887 146461 4183 15986 2179
internal_value=-8.59836e-05 -0.00158829 -0.000877063 -0.00527789 -0.000726137 -0.00122557 0.00402973 -0.003899 -0.000864974 -0.000525699 -0.00085594 0.00122721 0.00366751 -0.00803227
internal_weight=61005.4 44714.5 37540 7174.52 36818.5 24660.4 16290.9 5278.96 20712 16618.3 14186.7 1863.76 14290.8 721.545
internal_count=736639 657039 387114 269925 377230 298518 79600 168035 247928 199348 170461 24000 70116 9884
is_linear=0
shrinkage=0.03


Tree=1
num_leaves=15
num_cat=0
split_feature=35 35 19 19 16 35 6 35 4 1 16 19 13 16
split_gain=361.135 136.168 43.4093 23.9409 22.6 18.7349 16.7071 15.1989 14.0787 12.4901 11.8057 11.5996 17.816 11.034
threshold=1.5000000000000002 5.5000000000000009 -7.3680652680652647 6.1238095238095172 75.950000000000017 8.5000000000000018 0.91987179487179505 4.5000000000000009 3.5156250000000004 2050.5000000000005 76.350000000000009 7.8925084175084033 68.550000000000011 59.750000000000007
decision_type=2 2 10 8 10 2 2 2 2 2 8 10 8 8
left_child=3 4 10 8 7 6 -4 13 9 -1 -3 -6 -13 -2
right_child=1 2 5 -5 11 -7 -8 -9 -10 -11 -12 12 -14 -15
leaf_value=0.0024598058294451114 -0.006758999516485579 -0.011636903589429728 -0.003152884987352075 0.004876549082080993 -0.00024281170971230935 -0.006017512555180982 0.00134464020475785 -0.0042917361343660556 -0.0036961762850084997 0.0076861605537577047 -0.006238709876742703 0.0092871941687194693 0.0010160742236724341 -0.00091004392898284196
leaf_weight=6997.6178137362003 254.11086662299931 661.08961968496442 6276.0932442291232 8618.6913914456964 21348.034000322223 1879.6691927190404 814.21294877585024 1657.5436577196233 271.73295383155346 403.10516617447138 1402.5786270068493 207.23945451527834 2881.2977016102523 7404.9138243421912
leaf_count=35703 2403 39389 141710 40334 197788 88736 18896 26701 1387 2074 56093 1562 21173 63677
internal_value=-2.98738e-05 -0.00142135 -0.00430655 0.00378814 -0.000473221 -0.00336977 -0.00263061 -0.00172615 0.00254184 0.00279415 -0.00820237 7.01428e-06 0.00171018 -0.00114668
internal_weight=61077.9 44786.8 11033.6 16291.1 33753.1 8969.98 7090.31 9316.57 7672.46 7400.72 2063.67 24436.6 3088.54 7659.02
internal_count=737626 658128 344824 79498 313304 249342 160606 92781 39164 37777 95482 220523 22735 66080
is_linear=0
shrinkage=0.03


Tree=2
num_leaves=15
num_cat=0
split_feature=18 18 19 23 29 12 24 19 14 17 13 24 18 19
split_gain=190.186 72.0401 26.0066 22.9591 22.7279 18.3157 15.7672 15.4466 13.3316 13.215 13.1074 12.9389 12.1833 12.1507
threshold=-2.4666666666666646 -13.566666666666658 7.8925084175084033 8.7050000000000018 0.1058848994143112 81.250000000000014 0.12505235206316473 3.4182575757575759 20.350000000000005 55.202631578947383 68.550000000000011 0.033511893011730347 -16.899999999999999 8.6619047619047596
decision_type=10 8 10 10 10 10 10 8 8 8 8 8 10 10
left_child=1 3 -2 8 5 9 -5 -6 -1 -3 -4 -9 -10 -11
right_child=2 4 10 6 7 -7 -8 11 12 13 -12 -13 -14 -15
leaf_value=0.0061318540691639592 0.0014418572175928612 -0.0081758125093997561 0.0073128843003900535 -0.0086009276716330959 -0.00066607951093544844 0.00080029590883170046 -8.4036339439019827e-05 -0.0037602013358464734 -0.0055787052561919043 -0.0019240008733026372 0.0031689072633578996 0.0015672922149978499 -0.0016644168917569892 0.0031278096498936884
leaf_weight=92.309577587526292 13506.576649442315 251.0226915855892 752.32505497569218 1450.7516641083639 10723.811430330621 2602.3742738065775 226.09497127844952 393.86732700373977 1296.3365084091201 14445.087681778474 7400.0574717028067 5853.2622524879407 1662.3353774249554 398.11428340431303
leaf_count=1430 104558 3955 4596 51894 129113 34908 3706 4047 39305 223310 43473 51752 38620 3443
internal_value=3.02325e-06 -0.00123811 0.00225817 -0.00469236 -0.000760955 -0.00151158 -0.00748825 2.39053e-05 -0.00305975 -0.00191149 0.00359357 0.00120422 -0.00344366 -0.00177846
internal_weight=61054.3 39395.4 21659 4727.83 34667.5 17696.6 1676.85 16970.9 3050.98 15094.2 8152.38 6247.13 2958.67 14843.2
internal_count=738110 585483 152627 134955 450528 265616 55600 184912 79355 230708 48069 55799 77925 226753
is_linear=0
shrinkage=0.03


Tree=3
num_leaves=15
num_cat=0
split_feature=18 18 19 32 23 32 16 19 3 12 28 27 13 8
split_gain=165.946 51.8925 30.4871 18.4027 14.5397 14.4548 12.788 16.6903 12.4639 14.2082 13.0634 11.8756 11.343 11.3385
threshold=-4.4666666666666641 -15.166666666666666 8.0279914529914453 0.070591568071988006 -1.3049999999999999 0.068603847019846273 81.550000000000011 1.1380952380952432 61.750000000000007 62.750000000000007 -2.2499999999999996 270.50000000000006 67.750000000000014 1.5000000000000002
decision_type=10 8 10 2 10 2 8 10 2 10 10 10 10 2
left_child=1 3 4 12 -2 -3 7 -7 9 -4 -11 -8 -1 -12
right_child=2 5 8 -5 -6 6 11 -9 -10 10 13 -13 -14 -15
leaf_value=-0.0094237862414273781 0.003784944618628171 -0.0026459100395382728 0.0091896868937270011 -0.0033761862858100893 0.00075850788192845795 -0.0028102133259104134 -0.00045637792543003946 -0.00024002240476967513 0.0077914915935838776 0.0069914330580856526 -0.002681403717285979 0.0030515089919165499 -0.00078385559547150074 0.0024431367421297828
leaf_weight=923.77806700346991 1493.9358424800448 4552.8603926034411 258.10639102291316 2339.0360636485275 20064.910411492456 5063.3134267081041 12970.09576334781 4113.2249012205284 447.01373260654509 507.58813491882756 371.6552594602108 880.89019555668347 170.24231697898358 6870.682227218058
leaf_count=41027 9622 88435 1841 58463 173238 82072 171186 44196 2788 3233 2078 12668 6382 40568
internal_value=-9.55082e-06 -0.00154729 0.00157933 -0.00499996 0.0009765 -0.00110925 -0.000800356 -0.00166571 0.00310166 0.00279315 0.00252257 -0.000223111 -0.00817233 0.00216358
internal_weight=61027.3 31013.4 30013.9 3433.06 21558.8 27580.4 23027.5 9176.54 8455.05 8008.03 7749.93 13851 1094.02 7242.34
internal_count=737797 504429 233368 105872 182860 398557 310122 126268 50508 47720 45879 183854 47409 42646
is_linear=0
shrinkage=0.03


Tree=4
num_leaves=15
num_cat=0
split_feature=35 35 18 18 34 15 19 12 35 5 9 30 11 18
split_gain=355.209 125.378 34.5159 26.2851 17.796 18.594 12.9478 12.3123 12.281 12.6491 13.3967 11.4199 10.2507 9.96276
threshold=1.5000000000000002 6.5000000000000009 -14.733333333333329 -5.6333333333333355 -0.00045810873558824579 60.483333333333341 9.0291666666666597 65.350000000000009 3.5000000000000004 7.5000000000000009 18.500000000000004 3659.5000000000005 7.5000000000000009 -0.79999999999998994
decision_type=2 2 10 10 2 8 10 10 2 2 2 8 2 10
left_child=6 3 -3 4 5 -2 -1 13 9 10 -9 -11 -8 -5
right_child=1 2 -4 7 -6 -7 12 8 -10 11 -12 -13 -14 -15
leaf_value=0.003352137810637955 -0.0057193572452959637 -0.0084487380537519603 -0.0036480099345640041 0.0011428786904148303 -0.00056495590585026797 -0.0018325403462272818 0.0040966701841222558 0.0047967253914528432 -0.0011892317134015742 0.0025933366339193132 -0.00033159436954403892 -0.0057885575554241933 0.0075128850388379636 0.0065606222549356667
leaf_weight=12496.928667500615 1297.1886162036099 1853.5879721585661 5251.6848522622604 1128.4681680081412 9388.7349024815485 6881.00480845524 2499.1707523837686 432.63371384888887 6059.2364155920222 2755.3888825140893 9103.1198416016996 108.05604304745793 1373.2826367020607 384.36663586273789
leaf_count=62210 17700 101806 168254 10905 109141 82876 11144 3070 76382 20692 63321 801 6409 3155
internal_value=7.5403e-05 -0.00131095 -0.00495069 -0.000616344 -0.00146103 -0.00248006 0.00384881 0.000128444 -8.77955e-05 0.000453068 -7.51179e-05 0.00218312 0.00538848 0.00268522
internal_weight=61012.9 44643.5 7105.27 37538.2 17566.9 8178.19 16369.4 19971.3 18458.4 12399.2 9535.75 2863.44 3872.45 1512.83
internal_count=737866 658103 270060 388043 209717 100576 79763 178326 164266 87884 66391 21493 17553 14060
is_linear=0
shrinkage=0.03


Tree=5
num_leaves=15
num_cat=0
split_feature=19 18 12 29 31 30 19 24 21 4 29 12 21 30
split_gain=137.076 72.4749 23.1611 22.6756 18.1576 16.3467 14.4664 12.3835 11.5777 11.507 12.3684 11.4278 11.7846 10.9882
threshold=4.8533333333333326 -10.800000000000006 57.95000000000001 0.11941948166573058 0.00010507622351337203 394.50000000000006 8.0279914529914453 0.033511893011730347 0.93750000000000011 1.3273809523809492 0.21216745357448155 81.050000000000011 0.10557275541795667 1011.5000000000001
decision_type=10 8 10 10 8 10 10 10 10 2 10 10 10 10
left_child=1 2 4 -3 -1 -2 11 -6 9 10 -5 12 -7 -9
right_child=5 3 -4 8 7 6 -8 13 -10 -11 -12 -13 -14 -15
leaf_value=-0.0085961484990699447 0.0034922719943045731 -0.00089795662314557767 -0.0024118966374478191 0.0011144238160158406 -0.0068245608602912023 0.00096437874413519997 0.0026731627485036954 -0.0028709625031334103 -0.0055442093762700156 -0.00063448332420369615 0.0059056558878508398 0.0021500465506636055 -0.0019893807302669986 0.0048574431725185527
leaf_weight=1150.3576736340765 5691.170189791359 19623.854962285346 5805.5085737453774 8875.0476533723995 387.78311488591135 3282.7922242246568 6287.882015561685 435.07481620740145 211.53626907709986 3449.82785621332 467.4126711008139 3232.8345675822347 1863.8512272303924 201.48848760058172
leaf_count=37325 42541 266665 134822 90144 15198 26941 37307 8738 1598 32463 3262 22159 14441 4145
internal_value=0.000123277 -0.000883837 -0.00343703 -0.000255064 -0.00605796 0.00212935 0.00159044 -0.00294013 0.000714837 0.000839521 0.0013843 0.000766945 -0.000114171 -0.000249126
internal_weight=60966.4 40607.9 7980.21 32627.7 2174.7 20358.5 14667.4 1024.35 13003.8 12792.3 9342.46 8379.48 5146.64 636.563
internal_count=737749 594360 200228 394132 65406 143389 100848 28081 127467 125869 93406 63541 41382 12883
is_linear=0
shrinkage=0.03


Tree=6
num_leaves=15
num_cat=0
split_feature=19 18 29 19 17 17 31 29 19 20 10 26 29 30
split_gain=133.696 75.0222 23.1383 20.3705 19.4101 16.0121 15.1691 16.5205 12.0242 11.8425 11.1485 10.6179 10.4501 10.2319
threshold=5.0741582491582458 -13.566666666666658 0.068666843689148535 8.0279914529914453 64.033739837398386 54.62613636363637 0.006022696207114645 0.093192925204552857 0.87380952380951638 8.5000000000000018 2.5000000000000004 0.82764946762806113 0.092594808019164171 1304.5000000000002
decision_type=10 8 10 10 10 10 8 8 8 10 2 10 10 8
left_child=1 5 4 6 -3 -1 -2 -8 10 -6 12 -9 -4 -5
right_child=3 2 8 13 9 -7 7 11 -10 -11 -12 -13 -14 -15
leaf_value=-0.008434451217581785 0.00026572200589713253 -0.0058201024129698395 -0.0025272138826349282 0.0038415590011750553 0.0038169850313260522 -0.0036597901419193539 -0.0041084122816395646 0.0035456372110720686 0.00019710477981426988 -0.0019480177261915952 -0.0011073987996505499 -0.0031900140315927854 0.011409092417389266 0.0016793935123151785
leaf_weight=767.66177046042867 6608.4114341337699 1158.9341344945133 54.544887612573802 5839.3675865777768 317.45749562373385 3874.5502220499329 262.43350249016657 3430.4227254015859 20956.123117697018 2625.8180556336883 11679.615651173051 186.53756531141698 74.425214297138155 3146.3416105043143
leaf_count=27416 53217 22263 981 36780 4375 107075 2360 23734 215198 43896 180028 1282 1069 18093
internal_value=4.33348e-06 -0.000957653 -0.0005022 0.00205207 -0.00261212 -0.00453082 0.00114554 0.00262182 -0.000234455 -0.00127284 -0.000997926 0.0031595 0.00645567 0.00309796
internal_weight=60982.6 41509.1 36866.9 19473.5 4102.21 4642.21 10487.8 3879.39 32764.7 2943.28 11808.6 3616.96 128.97 8985.71
internal_count=737767 602301 467810 135466 70534 134491 80593 27376 397276 48271 182078 25016 2050 54873
is_linear=0
shrinkage=0.03


Tree=7
num_leaves=15
num_cat=0
split_feature=19 29 12 18 13 34 31 24 23 3 13 13 14 8
split_gain=133.367 58.981 31.2336 24.3702 20.8019 18.7289 18.2447 17.9213 15.1755 12.7232 12.4507 11.971 11.8925 11.6556
threshold=5.9535185185185293 0.091187289238263761 54.050000000000004 -6.166666666666667 55.550000000000004 0.01638176516047565 0.0046797221830114427 0.16217917480866392 6.7950000000000008 54.750000000000007 79.750000000000014 73.450000000000017 77.550000000000011 1.5000000000000002
decision_type=10 10 8 8 10 2 8 10 10 2 10 10 8 2
left_child=1 2 11 4 -3 8 13 9 -6 -5 -9 -1 -12 -2
right_child=6 3 -4 7 5 -7 -8 10 -10 -11 12 -13 -14 -15
leaf_value=-0.0084827637057716294 -0.0033884098640388238 -0.0039824840540662243 -0.0020858479936817758 0.0028199102853742526 -0.0019765827379789897 0.0023688100250638684 0.0034542529739329014 0.00033700269684173485 0.0010576808106088212 -0.00046418627217826051 0.0070754666745354872 0.0013124473621953297 0.0022097706119222397 0.0016034720640751214
leaf_weight=919.12069442053325 395.92541908030398 2024.2376445485279 14350.343526331766 1122.452130811289 6032.0416700935457 1496.0833900375292 6504.9689087595325 2731.1060395073146 1926.5776697185356 11203.392698593205 518.61013074219227 113.03827608097345 2723.6579590328038 8886.6862688125111
leaf_count=29748 2591 36048 244930 12554 89723 21749 40572 20163 37387 112821 3728 2223 21381 62127
internal_value=-0.000130163 -0.000959972 -0.00246517 -0.000179602 -0.00126025 -0.000659536 0.00223906 0.000499864 -0.00124005 -0.000154936 0.00184109 -0.00739895 0.00308369 0.00137354
internal_weight=60948.2 45160.7 15382.5 29778.2 11478.9 9454.7 15787.6 18299.2 7958.62 12325.8 5973.37 1032.16 3242.27 9282.61
internal_count=737745 632455 276901 355554 184907 148859 105290 170647 127110 125375 45272 31971 25109 64718
is_linear=0
shrinkage=0.03


Tree=8
num_leaves=15
num_cat=0
split_feature=35 35 35 18 17 34 33 13 16 32 17 6 12 29
split_gain=295.577 77.0098 59.4555 30.407 22.3536 15.2743 13.0437 11.6948 11.076 10.2747 10.094 10.3174 10.0481 10.0117
threshold=2.5000000000000004 6.5000000000000009 1.5000000000000002 -14.733333333333329 58.167948717948725 0.0053409543754609247 2325.5000000000005 51.150000000000013 64.750000000000014 0.092860141537723415 57.816954022988519 0.75735294117647067 91.850000000000009 0.092888218675229936
decision_type=2 2 2 10 8 2 2 10 8 2 8 2 10 8
left_child=2 4 8 -3 -2 6 7 -6 -1 -7 -4 12 -12 -5
right_child=1 3 10 13 5 9 -8 -9 -10 -11 11 -13 -14 -15
leaf_value=-0.0037321541013163075 -0.0053652920932254124 -0.0081057379660700053 -0.00481477733554991 -0.004868678751575233 -0.0033396906324576663 0.0025064421263456794 -0.0044261630175565546 -0.00096301074423138836 0.0034135402629690476 -0.00045844614442041638 -4.4751312476195376e-05 0.0021485189425277966 0.0047938924576139599 -0.0021752950029709376
leaf_weight=158.71246669441462 1087.0357996090315 1826.3507754399907 255.9142301492393 2629.4474391065596 2179.8894499940798 1171.3982358830981 1318.2689314861782 11900.217578128912 16234.79117257148 7533.4347424819134 8494.7197749465704 3218.5033086910844 354.61902039125562 2586.6378207250964
leaf_count=787 16569 102036 1689 90115 28689 15539 15245 144823 78891 87550 54930 20745 2338 78081
internal_value=-5.90267e-05 -0.00202949 0.00215233 -0.00479244 -0.00124909 -0.00105273 -0.00161904 -0.00134149 0.00333322 -4.74289e-05 0.000574348 0.000708027 0.000174992 -0.00356637
internal_weight=60949.9 32232.7 28717.3 7042.44 25190.2 24103.2 15398.4 14080.1 16393.5 8704.83 12323.8 12067.8 8849.34 5216.09
internal_count=738027 578647 159380 270232 308415 291846 188757 173512 79678 103089 79702 78013 57268 168196
is_linear=0
shrinkage=0.03


Tree=9
num_leaves=15
num_cat=0
split_feature=35 35 35 18 17 17 20 18 34 0 6 17 15 13
split_gain=250.587 67.3201 49.8937 34.205 22.7251 10.4442 10.6209 10.3389 10.2183 10.6937 11.1989 9.02711 8.91111 8.68626
threshold=2.5000000000000004 6.5000000000000009 1.5000000000000002 -14.733333333333329 54.62613636363637 57.816954022988519 9.5000000000000018 -2.4666666666666646 0.007790621272773658 10.500000000000002 0.23303167420814483 58.167948717948725 87.383333333333368 67.950000000000017
decision_type=2 2 2 10 8 8 10 8 2 2 2 10 8 8
left_child=2 4 7 -3 -2 -4 -7 11 9 -6 12 -1 13 -11
right_child=1 3 5 -5 8 6 -8 -9 -10 10 -12 -13 -14 -15
leaf_value=-0.0043661664722967723 -0.0068414658941243029 -0.0079787854815204385 -0.004900706195125901 -0.003171724042261279 -0.0019410010167451204 0.0026485638156811221 0.00027331203020546758 0.0035699307113516367 -5.9840281650288923e-05 0.00086785541135904216 0.00028482326917222056 0.0021408888035433708 0.0026478574330483511 -0.0054574033314450602
leaf_weight=154.27006769925356 565.86186203057878 1812.3452920431737 260.6451569981873 5203.9950107322657 11223.72083752742 1990.4823658317327 10076.754098098725 11343.952790372074 7342.4917805665173 239.96091287117451 4804.1027656476945 4848.9725743532181 183.38147235382348 772.43411175068468
leaf_count=805 8989 101916 1718 168562 135844 12719 65283 53694 87363 3224 60846 24918 2315 9491
internal_value=-5.54611e-05 -0.0018727 0.0019816 -0.00446108 -0.00114265 0.000537227 0.00067442 0.00306588 -0.000997756 -0.00139626 -0.000369625 0.00189903 -0.00290481 -0.00398789
internal_weight=60823.4 32148.3 28675.1 7016.34 25132 12327.9 12067.2 16347.2 24566.1 17223.6 5999.88 5003.24 1195.78 1012.4
internal_count=737687 578550 159137 270478 308072 79720 78002 79417 299083 211720 75876 25723 15030 12715
is_linear=0
shrinkage=0.03


Tree=10
num_leaves=15
num_cat=0
split_feature=35 35 35 17 5 18 30 19 13 13 16 34 16 12
split_gain=270.067 61.398 52.5914 25.7383 19.0998 17.5006 16.2492 17.7334 19.3324 15.2907 13.1117 13.0867 12.6113 11.8435
threshold=2.5000000000000004 7.5000000000000009 1.5000000000000002 54.62613636363637 9.5000000000000018 -14.333333333333323 437.50000000000006 4.0687830687830671 68.550000000000011 82.750000000000014 75.65000000000002 0.0066198429847480625 65.950000000000017 72.450000000000017
decision_type=2 2 2 8 2 10 10 10 8 10 10 2 8 10
left_child=2 3 -1 -2 6 -3 7 11 -9 -6 -8 -5 -4 -12
right_child=1 5 12 4 9 -7 10 8 -10 -11 13 -13 -14 -15
leaf_value=0.0032267126467355293 -0.0069761264957979687 -0.0081654780796849499 -0.0052293053558958606 -0.002211829525074684 -6.3203486419431492e-05 -0.0038563203720221612 -0.003499455174870254 0.0073420406417475 0.00045205460824321081 0.0051907626343176659 1.8795095234952867e-06 0.00081653328828382025 0.00078572352020384744 -0.0020867582684589033
leaf_weight=16400.156778566539 668.92753339465708 1266.2303225211799 272.6313094869256 3873.5029072304606 2249.0713507300243 3011.8362181147095 4047.5726913355757 419.99726148415357 1699.0513782072812 590.08289256505668 3340.0429730706383 1877.1735548803117 12059.159691181034 9050.9751564429607
leaf_count=79578 12962 84950 1809 56741 31875 115311 61231 4581 18488 7865 47679 26090 77891 110362
internal_value=5.36338e-06 -0.00188464 0.00211616 -0.00136457 -0.00121373 -0.00521135 -0.00148563 -0.000361517 0.00195542 0.0010997 -0.00202106 -0.00122477 0.000632163 -0.00152601
internal_weight=60826.4 32094.5 28731.9 27816.4 27147.5 4278.07 24308.3 7869.73 2119.05 2839.15 16438.6 5750.68 12331.8 12391
internal_count=737413 578135 159278 377874 364912 200261 325172 105900 23069 39740 219272 82831 79700 158041
is_linear=0
shrinkage=0.03


Tree=11
num_leaves=15
num_cat=0
split_feature=35 35 17 18 35 19 8 8 34 3 5 23 6 21
split_gain=247.596 106.171 25.9396 22.9008 19.9226 14.9249 14.4112 18.5297 11.2331 12.8952 11.0945 10.8498 10.3104 9.92121
threshold=1.5000000000000002 6.5000000000000009 54.62613636363637 -14.45833333333333 2.5000000000000004 4.5180021367521386 1.5000000000000002 1.0000000180025095e-35 0.0090741752120768997 54.250000000000007 8.5000000000000018 -0.69499999999999984 0.8377192982456142 0.14371772805507746
decision_type=2 2 8 10 2 8 2 2 2 2 2 8 2 10
left_child=5 2 -2 -3 10 12 7 -6 9 -8 -4 -7 -1 -5
right_child=1 3 4 13 6 11 8 -9 -10 -11 -12 -13 -14 -15
leaf_value=0.0011856657510616612 -0.0061407645468511156 -0.0074488517908663857 0.00017101984004367778 -0.002487817202910221 -0.0015915774306828694 0.0062979723837675123 0.0014431397981579282 -0.0076730993733325221 0.00041771059981679368 -0.0013817031962419912 0.0027370599475271783 0.0033618985561979196 0.0046400920963324049 -0.005347483029896515
leaf_weight=4535.4475825354457 684.84741893643513 1841.3695478478912 10445.804570410401 3384.0905737277353 1909.1359632094391 1336.4914685040712 1574.8421522681601 557.25769054563716 5973.6201053564437 14535.521552220918 1725.5933002345264 9688.9506594389677 905.94606965780258 1714.8086100381333
leaf_count=23316 9819 104446 66768 112875 25093 6121 21095 6934 70544 175473 11885 45725 4648 52113
internal_value=-2.71167e-05 -0.0011937 -0.000558704 -0.00458769 -0.000446392 0.0031087 -0.000937771 -0.0030908 -0.000690877 -0.00110195 0.000544528 0.00374463 0.00179781 -0.00349214
internal_weight=60813.7 44346.9 37406.6 6940.27 36721.8 16466.8 24550.4 2466.39 22084 16110.4 12171.4 11025.4 5441.39 5098.9
internal_count=736855 657045 387611 269434 377792 79810 299139 32027 267112 196568 78653 51846 27964 164988
is_linear=0
shrinkage=0.03


Tree=12
num_leaves=15
num_cat=0
split_feature=18 18 19 32 34 12 16 14 14 3 25 6 27 10
split_gain=108.442 43.0344 36.2634 16.8553 15.7218 13.8142 12.7934 14.1236 12.198 11.4638 11.3186 14.5468 11.423 11.0189
threshold=-6.166666666666667 -14.733333333333329 8.0279914529914453 0.069234891582158467 -0.00012074548517299902 63.550000000000004 81.550000000000011 75.050000000000011 67.950000000000017 61.750000000000007 0.16021612342482813 0.76696832579185525 100.50000000000001 92.500000000000014
decision_type=10 8 10 2 2 10 10 8 8 2 8 2 10 2
left_child=1 3 6 -1 -3 -4 -2 -8 -6 13 -10 12 -12 -7
right_child=2 4 5 -5 8 9 7 -9 10 -11 11 -13 -14 -15
leaf_value=-0.0076881401967459594 -0.00043721443278999043 -0.0019519005798100636 0.0078736841073890618 -0.0031570395871264771 0.001505918922808114 -0.00018342486209767879 0.0027332349423793158 0.0005273912255364156 -0.0019432324308225188 0.0070097276467206236 -0.0014633915698423294 0.003101360369929453 0.0040417881991269226 0.0026288297032564267
leaf_weight=1086.973883817438 9634.1436956787948 9655.9784743274213 393.56660737143829 2536.248317277059 2551.3871306905057 1549.5096507780254 3121.3812688086182 15050.103311981307 4170.4551555323415 411.57151091005653 2772.0921171836089 1122.2624145194422 336.94733165251091 6386.909328634385
leaf_count=48178 89309 158475 2782 64841 36570 9231 26574 138377 71748 2532 32391 14558 4064 37864
internal_value=-5.44378e-05 -0.00160879 0.000976957 -0.00460253 -0.00107261 0.00265666 0.000445071 0.000912757 -0.000292108 0.00236528 -0.000843799 0.000249864 -0.00081223 0.00208205
internal_weight=60779.5 24232.3 36547.2 3623.22 20609.1 8741.56 27805.6 18171.5 10953.1 8347.99 8401.76 4231.3 3109.04 7936.42
internal_count=737494 430825 306669 113019 317806 52409 254260 164951 159331 49627 122761 51013 36455 47095
is_linear=0
shrinkage=0.03


Tree=13
num_leaves=15
num_cat=0
split_feature=35 35 18 17 33 4 35 30 5 20 21 32 17 31
split_gain=229.289 83.4701 34.0822 24.551 16.3617 13.0177 12.7476 13.7726 12.8628 12.6757 11.6011 15.1122 10.8172 10.6988
threshold=1.5000000000000002 6.5000000000000009 -12.733333333333329 54.62613636363637 90.500000000000014 0.87980769230769351 2.5000000000000004 2008.5000000000002 7.5000000000000009 7.5000000000000009 0.13172353961827649 0.1245647006132433 83.533809523809552 -0.002570946260721452
decision_type=2 2 10 8 2 2 2 10 2 8 10 2 8 10
left_child=5 3 -3 -2 -5 -1 -6 8 -8 -9 11 -4 -10 -7
right_child=1 2 10 4 6 13 7 9 12 -11 -12 -13 -14 -15
leaf_value=0.0038381742866831015 -0.0059744989667653509 -0.0070572694872317546 -0.0022663957909805133 0.00087875435516930546 0.0001439131345094303 0.00022247081475078195 -0.0012138064562716589 0.0045022918123671903 -1.8472130955665721e-06 -0.0029483177044268621 -0.0043630459227732505 0.0035329404643944353 0.0040462873246675298 0.0027870274897186537
leaf_weight=8908.0222395211458 678.68708717194386 2297.7695831363089 2307.9549391262699 7087.0045876426157 10093.715068224818 1991.544296503067 11495.517841886729 172.36524937162176 2846.3740288559347 4323.8872220534831 1870.0852740288246 441.65456958534196 700.76854580361396 5575.2826906517148
leaf_count=43298 9812 125266 76137 77590 65011 9744 137189 2000 35501 52104 56158 12728 8683 26722
internal_value=4.04838e-05 -0.00108307 -0.0040981 -0.000520666 -0.000411876 0.00305688 -0.000721506 -0.0011678 -0.000727609 -0.00261632 -0.00256644 -0.00128842 0.000843023 0.00211794
internal_weight=60790.6 44315.8 6917.46 37398.3 36719.6 16474.8 29632.6 19538.9 15042.7 4496.25 4619.69 2749.61 3547.14 7566.83
internal_count=737943 658179 270289 387890 378078 79764 300488 235477 181373 54104 145023 88865 44184 36466
is_linear=0
shrinkage=0.03


Tree=14
num_leaves=15
num_cat=0
split_feature=35 35 18 17 5 12 18 15 17 17 4 35 13 15
split_gain=219.892 78.543 27.9627 27.4287 15.4025 14.7818 13.5737 18.4967 13.3963 10.7245 9.43532 9.59283 10.4979 12.7746
threshold=1.5000000000000002 6.5000000000000009 -14.733333333333329 58.167948717948725 9.5000000000000018 62.250000000000007 -0.39999999999998431 67.716666666666683 80.901923076923097 88.949000000000012 -3.0590277777777781 2.5000000000000004 54.650000000000013 72.283333333333346
decision_type=2 2 10 8 2 10 10 10 8 10 2 2 10 10
left_child=-1 3 -3 5 6 -2 10 -8 -6 -10 -5 -12 13 -13
right_child=1 2 -4 4 8 -7 7 -9 9 -11 11 12 -14 -15
leaf_value=0.0029659499530395365 -0.0064914980934148627 -0.0072564886271930971 -0.0028543323990937964 0.0019822206705437492 0.00021173709475825138 0.00057075828858947663 0.0075945279543428168 0.00033595810026160585 0.005489141158178213 -0.0018081738644692134 -9.6079178136206808e-05 -0.0019631399665259023 -0.001001431405473174 -0.0068962714016326462
leaf_weight=16463.818641506135 984.91956156212837 1756.3676252278965 5140.6561424380634 969.05235675978474 2397.1899199876934 349.07629294274375 287.85794210154563 4972.895091585815 902.54254054278135 198.02957952022552 7966.5041453242302 2738.3759710295126 15039.712664355058 543.17201730515808
leaf_count=79625 14080 101980 168356 11458 26604 4259 2232 38339 9595 2082 51954 36726 183852 6475
internal_value=1.13643e-05 -0.00109013 -0.00401953 -0.000544526 -0.000384705 -0.00468961 -0.00058871 0.000800895 0.00149343 0.00415459 -0.000857888 -0.000966148 -0.00134318 -0.00287093
internal_weight=60710.2 44246.4 6897.02 37349.3 36015.3 1334 32517.6 5260.75 3497.76 1100.57 27256.8 26287.8 18321.3 3281.55
internal_count=737617 657992 270336 387656 369317 18339 331036 40571 38281 11677 290465 279007 227053 43201
is_linear=0
shrinkage=0.03


Tree=15
num_leaves=15
num_cat=0
split_feature=18 17 19 8 18 3 4 12 18 11 12 26 16 19
split_gain=87.4319 56.4982 27.8893 17.1968 15.8591 8.68261 10.4038 8.52882 8.60972 11.1031 8.27656 7.89429 7.11084 13.3394
threshold=-4.4666666666666641 58.167948717948725 7.8925084175084033 1.5000000000000002 -12.833333333333337 61.750000000000007 2.1132478632478642 62.050000000000004 -0.26666666666666211 7.5000000000000009 80.350000000000009 -0.18419603822663116 81.550000000000011 0.87380952380951638
decision_type=10 8 10 2 8 2 2 10 10 2 10 10 8 10
left_child=1 -1 -2 -4 11 6 7 -5 9 10 -9 -3 13 -6
right_child=2 4 3 5 12 -7 -8 8 -10 -11 -12 -13 -14 -15
leaf_value=-0.0061732967083230443 0.00053625111799535184 0.0016509410337342146 -0.003146057963186461 0.0088351535523779248 -0.0022811595480421039 0.0066996262892447438 0.00066023794050739369 -0.0028241972373650335 0.0035631869090136195 0.0041229295183360546 0.0035438286841632488 -0.0029368362933429627 -0.00011065891522578612 -7.9153345296292718e-05
leaf_weight=1839.7142088362016 21334.404631362297 338.98124360013753 416.1093238517642 193.85414121486247 4765.7393083609641 462.06955407653004 1976.6705035823397 668.45880387444049 4434.8818989447318 510.29509039735422 200.06316087115556 3730.7258190324064 14839.634637284325 5103.6754145226441
leaf_count=52585 181096 5349 2351 1370 81399 2840 11628 4689 24978 3576 1236 102236 204043 58837
internal_value=-1.80092e-05 -0.00114672 0.00112646 0.0025363 -0.000815237 0.0028331 0.00256904 0.00318646 0.00292437 0.000816878 -0.00124427 -0.0025393 -0.000526719 -0.0011486
internal_weight=60815.3 30618.5 30196.8 8862.4 28778.8 8446.29 7984.22 6007.55 5813.7 1378.82 868.522 4069.71 24709 9869.41
internal_count=738213 504449 233764 52668 451864 50317 47477 35849 34479 9501 5925 107585 344279 140236
is_linear=0
shrinkage=0.03


Tree=16
num_leaves=15
num_cat=0
split_feature=35 35 5 35 18 13 4 19 13 18 35 23 12 29
split_gain=242.495 69.1614 17.5607 17.5051 15.9199 12.0621 11.5342 11.6023 10.2249 9.90386 9.85176 9.66273 9.99021 9.15639
threshold=1.5000000000000002 7.5000000000000009 9.5000000000000018 5.5000000000000009 -14.599999999999989 53.650000000000013 0.83854166666666796 8.6619047619047596 80.050000000000011 -13.166666666666666 2.5000000000000004 -0.5149999999999999 90.550000000000011 0.10980987735071424
decision_type=2 2 2 2 10 10 2 8 8 10 2 8 10 10
left_child=6 2 3 5 13 10 7 -1 9 -5 -2 12 -8 -3
right_child=1 4 -4 8 -6 -7 11 -9 -10 -11 -12 -13 -14 -15
leaf_value=0.0030392104364983857 -0.00027662948213965353 -0.0091499577321780389 0.0010994071471778202 -0.0042442097363043618 -0.003567925537395824 -0.00043843959937035114 0.0059433029865416384 0.0054489661664491292 -0.0043132880898994761 -0.00069583307772789853 -0.0029621903945383997 0.0017227380230708941 -0.0007833671801563951 -0.0022793070976319884
leaf_weight=6025.0587136149406 1924.5574764460325 914.74205093807541 3930.2775938515551 902.55729238362983 3003.7589851811063 25149.263934694696 959.81317295134068 2764.4439518153667 1885.7988623096608 2863.2912226267217 3408.8642558883876 6510.7188657894731 233.97230992466211 262.53667735657655
leaf_count=30075 12122 67602 47799 26928 117410 230643 4487 12555 42038 58656 39703 31497 1078 14906
internal_value=-2.36662e-05 -0.00118114 -0.000794826 -0.00100209 -0.00482986 -0.000715312 0.00307548 0.00382365 -0.00252904 -0.00159074 -0.00200468 0.00220279 0.00464644 -0.00777306
internal_weight=60739.7 44245.6 40064.6 36134.3 4181.04 30482.7 16494 8789.5 5651.65 3765.85 5333.42 7704.5 1193.79 1177.28
internal_count=737499 657807 457889 410090 199918 282468 79692 42630 127622 85584 51825 37062 5565 82508
is_linear=0
shrinkage=0.03


Tree=17
num_leaves=15
num_cat=0
split_feature=35 35 17 18 23 5 35 14 14 17 30 16 12 29
split_gain=177.653 81.3975 27.765 20.9863 16.1749 14.3505 14.3192 12.6296 11.3121 14.024 10.1019 14.4797 14.3252 9.93433
threshold=1.5000000000000002 6.5000000000000009 58.812132352941184 -16.500000000000007 -1.2949999999999997 9.5000000000000018 2.5000000000000004 87.950000000000017 83.550000000000011 88.550925925925938 437.50000000000006 75.250000000000014 71.950000000000017 0.11699997215295023
decision_type=2 2 8 10 8 2 2 10 10 10 10 8 8 10
left_child=4 2 13 -3 7 6 -4 -1 -7 -10 -8 -12 -13 -2
right_child=1 3 5 -5 -6 8 10 -9 9 -11 11 12 -14 -15
leaf_value=0.0062137597516933171 -0.0058885764575311601 -0.0072785164663623537 0.00037244196774552997 -0.0031356402739151561 0.0022725623087807545 0.00066049075215748149 -3.5622343371394174e-07 -0.001581223905169621 0.0074534464239243738 -0.0020031524954503741 -0.0035970479896980968 0.0008748229012219246 -0.0015434926288690985 -0.00040391597567153073
leaf_weight=1541.5478804782033 1075.2719413663726 1402.1830204282887 10970.630383551121 5419.7318158924754 14794.049072317779 2843.3683794317767 6774.7915737684816 191.68307681381702 466.16761585138738 169.50082476437092 2239.1066104487982 2824.0719396737404 9569.357942965813 414.43673859257251
leaf_count=7202 15456 85007 70223 184629 71662 31205 82132 890 4911 1802 30339 36262 110508 5014
internal_value=-4.01634e-05 -0.00103307 -0.000480264 -0.00403393 0.00260847 -0.000310425 -0.000507741 0.00533153 0.00150709 0.00496965 -0.000958626 -0.00140079 -0.000991134 -0.00442541
internal_weight=60695.9 44168.6 37346.7 6821.91 16527.3 35857 32378 1733.23 3479.04 635.668 21407.3 14632.5 12393.4 1489.71
internal_count=737242 657488 387852 269636 79754 367382 329464 8092 37918 6713 259241 177109 146770 20470
is_linear=0
shrinkage=0.03


Tree=18
num_leaves=15
num_cat=0
split_feature=35 35 35 13 8 1 5 30 19 25 4 16 19 31
split_gain=178.66 48.0059 37.6397 19.0886 18.8709 16.6649 14.1777 14.4793 19.4077 14.8995 13.2945 12.5145 13.6266 12.4734
threshold=2.5000000000000004 7.5000000000000009 1.5000000000000002 53.650000000000013 1.5000000000000002 1624.5000000000002 10.500000000000002 437.50000000000006 3.7604312354312346 0.07597729120272588 0.95993589743589791 79.850000000000009 7.0127314814814818 0.022628084802680869
decision_type=2 2 2 10 2 2 2 10 10 10 2 8 10 10
left_child=2 3 10 -2 -5 13 7 8 -6 -10 -1 12 -12 -3
right_child=1 5 -4 4 6 -7 -8 -9 9 -11 11 -13 -14 -15
leaf_value=0.00336951406234754 -0.0028008214423683722 -0.0057624053970512894 0.00042431806921327159 -0.0062790020712249518 -0.00077998020230717058 -0.00016457697064251037 0.0023087333418972929 -0.0013287823615745716 -0.0014505141152136003 0.0041823483537289617 -0.0029225653930996026 0.0023419739814610529 0.0022081800328895415 0.0024280038751693322
leaf_weight=9278.0098024681211 4945.4958400859032 3342.0501569248736 12305.304524894804 492.73826929461211 4248.6309521321673 656.32829319220036 1354.4468422308564 14506.318027841859 545.70120059791952 1548.5081991283223 949.64324495941401 5438.2191034406424 824.40744320303202 149.74211965105496
leaf_count=44864 75591 162893 79431 6674 61436 30378 18865 192607 6516 16439 4741 26108 3786 6634
internal_value=-2.75753e-05 -0.00157689 0.00168262 -0.00112056 -0.000749085 -0.00456815 -0.000612534 -0.000807381 0.00038615 0.00271496 0.00261746 0.00163346 -0.000543117 -0.00538185
internal_weight=60585.5 31790 28795.6 27641.8 22696.3 4148.12 22203.6 20849.2 6342.84 2094.21 16490.3 7212.27 1774.05 3491.79
internal_count=736963 578033 158930 378128 302537 199905 295863 276998 84391 22955 79499 34635 8527 169527
is_linear=0
shrinkage=0.03


Tree=19
num_leaves=15
num_cat=0
split_feature=35 35 17 5 35 1 31 17 1 32 14 14 30 33
split_gain=178.197 65.5053 23.929 15.6912 15.2817 13.784 11.6832 10.4825 13.3301 15.2509 11.4454 9.93336 15.061 9.72486
threshold=1.5000000000000002 7.5000000000000009 54.62613636363637 9.5000000000000018 5.5000000000000009 1624.5000000000002 0.004203997974241991 79.12899159663867 1177.5000000000002 0.1733590033542797 55.95000000000001 45.850000000000001 459.50000000000006 256.50000000000006
decision_type=2 2 8 2 2 2 10 8 2 2 10 8 10 2
left_child=-1 2 -2 4 11 6 -3 8 10 13 -5 12 -4 -10
right_child=1 5 3 7 -6 -7 -8 -9 9 -11 -12 -13 -14 -15
leaf_value=0.0027296457029605888 -0.0055977975151011968 -0.00642641333793228 -0.0025750641999173762 0.0032719309969937746 -0.0020894381136068998 -0.00046200564054595008 -0.0025416342328924003 0.0033449180651107229 0.0042812026864558015 -0.0082396913745882115 -0.0062054278305069838 -0.00042306924546641552 0.0097413871869875407 -1.5394325191111661e-05
leaf_weight=16569.279812753201 774.97584355808794 2357.912431044504 125.68253894522786 119.00065197236836 5433.0198059886752 657.35877298354171 1117.2134058731608 1441.6422274061479 834.88085859175771 92.083322464488447 395.67053960124031 29609.133087238763 160.98824958596379 1020.54458886059
leaf_count=79811 13840 118388 1257 1541 121148 30457 51173 16596 10843 969 4897 273309 1643 12312
internal_value=8.15611e-05 -0.000914439 -0.000540258 -0.000433357 -0.000633186 -0.00448721 -0.00523127 0.00136019 0.00015466 0.0013022 -0.00391842 -0.000365492 0.0047611 0.00197954
internal_weight=60709.4 44140.1 40007.6 39232.6 35328.8 4132.48 3475.13 3903.82 2462.18 1947.51 514.671 29895.8 286.671 1855.43
internal_count=738184 658373 458355 444515 397357 200018 169561 47158 30562 24124 6438 276209 2900 23155
is_linear=0
shrinkage=0.03


Tree=20
num_leaves=15
num_cat=0
split_feature=35 35 35 17 34 18 21 17 12 6 1 31 30 29
split_gain=185.218 50.9467 30.3967 19.8671 15.9541 15.5443 13.978 12.8158 12.5649 12.2544 10.9655 11.0474 9.49077 12.6383
threshold=2.5000000000000004 7.5000000000000009 1.5000000000000002 54.62613636363637 0.0061457132172379096 -12.966666666666645 0.16035714285714289 62.020294117647062 63.150000000000013 0.88562091503267981 1620.5000000000002 0.016385698447498959 437.50000000000006 0.13351439867815415
decision_type=2 2 2 8 2 10 10 8 10 2 2 10 10 8
left_child=2 3 9 -2 -5 -3 10 8 -4 -1 11 -7 13 -6
right_child=1 5 7 4 12 6 -8 -9 -10 -11 -12 -13 -14 -15
leaf_value=0.002308491622896112 -0.0060485610211521226 -0.0071136807156041175 -0.0067722882184826682 -0.0014239077267772817 0.00045923130547313891 -0.0035218695690259327 -0.0062865266605703889 0.000906108351926391 0.0015942117078653129 0.004668605404992714 0.0028319749187538761 0.0047788408743166021 -0.00054590775316312702 0.0051864246474655025
leaf_weight=14212.446044877172 644.66510754125193 1427.0445091906004 346.86628754064441 17825.169980312348 2311.2586477752775 1385.2596723495517 830.12508362298831 11711.039087545127 245.66988267377019 2334.6866946518421 355.90641971770674 116.99360430380329 6217.2976732484531 607.1000754153356
leaf_count=68373 12981 97212 2333 245378 31212 54766 30243 75429 1615 11299 13601 4218 81245 7149
internal_value=7.86457e-05 -0.00150234 0.00181651 -0.00103355 -0.00090266 -0.00459685 -0.00315532 0.000683239 -0.00344935 0.00265455 -0.0016284 -0.00274231 0.000116595 0.00151342
internal_weight=60571.5 31720.8 28850.7 27605.5 26960.8 4115.33 2688.28 12303.6 592.536 16547.1 1858.16 1502.25 9135.66 2918.36
internal_count=737054 578005 159049 377965 364984 200040 102828 79377 3948 79672 72585 58984 119606 38361
is_linear=0
shrinkage=0.03


Tree=21
num_leaves=15
num_cat=0
split_feature=18 18 16 12 23 32 16 8 19 29 8 20 15 31
split_gain=75.2647 32.5742 18.2849 17.6305 13.7644 13.3513 12.4775 11.88 13.9814 13.3146 13.1134 11.5759 11.3761 10.9528
threshold=-4.4666666666666641 -16.899999999999999 71.15000000000002 62.45000000000001 -1.9949999999999999 0.053133928571428575 68.950000000000017 1.5000000000000002 7.8925084175084033 0.091187289238263761 1.0000000180025095e-35 15.500000000000002 83.816666666666691 0.0017972682962137125
decision_type=10 8 10 10 10 2 10 2 10 8 2 10 10 10
left_child=1 2 -1 6 -5 -3 -2 10 9 11 -6 -9 -12 -4
right_child=3 5 13 4 7 -7 -8 8 -10 -11 12 -13 -14 -15
leaf_value=-0.0075505527535742484 -0.00073669100099941185 -0.0029899914441628137 -0.00438071403046784 0.0037718487792770703 0.0056371939950753992 -0.00055477494436273597 0.0067513801218246853 0.00083720014232670291 0.0019776572469362842 0.00096427203107664729 -0.0014403625437582163 -0.0019608711050029893 -0.0090366535244713816 0.00082994745288218308
leaf_weight=936.4259804605972 255.25563847459853 2152.9734113705344 773.74560040398501 1420.5763649498112 111.99573549441993 25955.830196422059 746.94461289187893 2252.3928675868083 7744.7284905700944 13659.392121035606 630.02481546811759 3125.4228425170295 211.69589997082949 624.83692908799276
leaf_count=39906 2182 47901 25509 8285 740 374305 6273 20646 46140 110175 4502 33050 1490 16430
internal_value=1.80748e-05 -0.00103335 -0.00440106 0.0010794 0.00093992 -0.000746277 0.00489982 0.000788346 0.000906973 0.000467358 -0.00242213 -0.000792037 -0.00375043 -0.00210448
internal_weight=60602.2 30443.8 2335.01 30158.4 29156.2 28108.8 1002.2 27735.7 26781.9 19037.2 953.716 5377.82 841.721 1398.58
internal_count=737534 504051 81845 233483 225028 422206 8455 216743 210011 163871 6732 53696 5992 41939
is_linear=0
shrinkage=0.03


Tree=22
num_leaves=15
num_cat=0
split_feature=16 29 12 23 8 13 34 12 7 1 16 30 27 4
split_gain=39.9138 27.2676 15.8675 12.8759 10.8015 9.77278 9.59111 9.46787 9.35164 14.1545 10.3069 11.1947 9.2039 8.55358
threshold=64.250000000000014 0.11190586932447398 54.050000000000004 -0.99499999999999988 1.5000000000000002 73.050000000000011 -0.0097348603478697466 60.050000000000004 3.5000000000000004 1729.0000000000002 79.950000000000017 137.50000000000003 -111.49999999999999 0.43095238095238037
decision_type=8 8 8 8 2 10 2 10 10 2 8 10 10 2
left_child=7 2 5 -3 12 6 -2 -1 9 -6 -10 -12 -4 -7
right_child=1 3 4 -5 8 13 -8 -9 10 -11 11 -13 -14 -15
leaf_value=-0.0065097032822777111 -0.0091543882201231622 0.0029027695357965984 -0.0011654453447961562 0.00061074396950198506 0.0013465903930127191 0.0065163110863835205 -0.0025625242215886377 -0.0012953692742002901 -0.0012986155975417653 -0.0042925677367308193 0.0023238384369969273 -0.00026177736503213997 -0.005256765083398585 -0.003598917439796736
leaf_weight=957.89628084097058 313.82669763546437 2379.145114957355 2406.3676016314421 24723.144039334496 5242.8796717855148 99.73505865293555 568.11797075718641 497.78789702872746 7966.5382587687345 384.966078678146 1659.2102403168101 12692.952093882486 589.07524684420787 105.65990645741113
leaf_count=30465 8333 16484 38770 236385 57260 2065 15569 10418 123345 4854 19883 164949 7079 1666
internal_value=-5.3554e-06 0.000117367 -0.000474927 0.000816922 -0.000346422 -0.00395576 -0.00527344 -0.00482883 -0.000161237 0.000926446 -0.000436963 4.41678e-05 -0.00204313 0.00162694
internal_weight=60587.3 59131.6 32029.3 27102.3 30942 1087.34 881.945 1455.68 27946.5 5627.85 22318.7 14352.2 2995.44 205.395
internal_count=737525 696642 443773 252869 416140 27633 23902 40883 370291 62114 308177 184832 45849 3731
is_linear=0
shrinkage=0.03


Tree=23
num_leaves=15
num_cat=0
split_feature=35 35 35 1 31 19 34 31 11 12 29 34 16 30
split_gain=143.413 43.9267 22.178 20.1055 16.8892 13.2231 11.2613 10.1422 10.754 9.91247 14.1938 12.8683 9.42964 9.0906
threshold=2.5000000000000004 7.5000000000000009 1.5000000000000002 1610.5000000000002 0.0084213572115455892 4.5180021367521386 0.0048636257205216535 -0.009793450941462516 24.500000000000004 59.750000000000007 0.13904403534700796 -0.013929570903295213 88.950000000000017 2361.5000000000005
decision_type=2 2 2 2 10 8 2 10 2 10 10 2 10 10
left_child=2 6 5 4 -3 7 9 -1 -9 10 11 -2 -5 -8
right_child=1 3 -4 12 -6 -7 13 8 -10 -11 -12 -13 -14 -15
leaf_value=-0.0026055780495479589 -0.0071809511550691802 -0.0062225317202435747 0.00059784332123094075 -0.001517409528846297 -0.00096692136694102317 0.0028753279677950759 0.00022618609243704326 0.0010198951678808492 0.0056297841979460706 -0.0010489014348540235 0.0017099393037961776 -0.0023875407527515183 0.0060397759447423788 -0.0023779418795834071
leaf_weight=560.6900667399168 695.92906380887143 2709.1673207080457 12362.789326209575 527.25145791028626 713.0877353597898 11076.462689772248 8847.8852095431648 4493.534112393856 462.68287012726068 14383.946956471074 469.21192971477285 1843.4268314875662 150.42846912355162 1345.853586690966
leaf_count=2928 11944 136461 79763 25393 32529 51733 117473 22712 2460 193070 6401 32279 6085 17377
internal_value=3.84588e-05 -0.00135517 0.00156319 -0.00423434 -0.00515712 0.00227846 -0.000920377 0.00106505 0.00150218 -0.00138335 -0.00293905 -0.00381451 0.00045984 -0.000127559
internal_weight=60642.3 31686.2 28956.2 4099.93 3422.26 16593.4 27586.3 5516.91 4956.22 17392.5 3008.57 2539.36 677.68 10193.7
internal_count=738608 579012 159596 200468 168990 79833 378544 28100 25172 243694 50624 44223 31478 134850
is_linear=0
shrinkage=0.03


Tree=24
num_leaves=15
num_cat=0
split_feature=19 18 32 29 19 15 16 1 33 29 33 16 14 22
split_gain=54.2795 41.5434 18.235 15.0526 15.3041 13.0324 12.655 11.6278 10.0699 8.93 8.91291 10.645 19.2924 11.277
threshold=8.0279914529914453 -16.899999999999999 0.070591568071988006 0.10886142327069491 -2.2938446969696922 67.841666666666683 78.15000000000002 1204.5000000000002 1134.5000000000002 0.052801236492138366 22.500000000000004 81.65000000000002 64.750000000000014 8.5000000000000018
decision_type=10 8 2 8 10 10 10 2 2 10 2 10 8 10
left_child=1 2 -1 4 9 8 -7 -8 -2 -3 -6 -12 13 -13
right_child=5 3 -4 -5 10 6 7 -9 -10 -11 11 12 -14 -15
leaf_value=-0.0079792748966930321 0.0068649503776377872 -0.0058601261148845413 -0.0022917430280220306 0.00035182853269421702 0.0021454932442693114 -0.00039635447607098859 0.0037602523704588307 0.0011798662320331107 -0.0028078045826596767 -0.0016774456552092751 -0.0012274593434154545 0.007365991255510922 -0.00010446191807216362 -0.0046302729171908532
leaf_weight=749.38372895261273 701.58421595301479 468.92322356486693 1566.1446027962957 23700.508196342271 1203.3677800889127 1879.1678602634929 2954.1212485064752 3439.516463058535 83.570090210996568 5123.0298990707379 8746.0660229653295 424.26791125861928 9385.2336324162316 48.06355759780854
leaf_count=38269 5033 13522 43609 235320 16732 12196 17206 19948 524 109207 112310 4344 108076 626
internal_value=-1.07787e-06 -0.000378871 -0.00426217 -0.000191585 -0.000698354 0.00213366 0.00176008 0.00239204 0.00572894 -0.00207702 -0.000304877 -0.000468705 0.000207293 0.0058189
internal_weight=60472.9 51415 2315.53 49099.5 25399 9057.96 8272.81 6393.64 785.154 5591.95 19807 18603.6 9857.57 472.331
internal_count=736922 682015 81878 600137 364817 54907 49350 37154 5557 122729 242088 225356 113046 4970
is_linear=0
shrinkage=0.03


Tree=25
num_leaves=15
num_cat=0
split_feature=19 16 15 14 19 23 15 27 20 20 8 34 33 7
split_gain=55.5841 27.1334 22.0006 15.1795 14.5605 12.6574 13.6318 12.3608 11.6253 9.93015 9.60491 11.1461 9.55352 10.6588
threshold=8.0279914529914453 86.550000000000011 45.716666666666676 68.550000000000011 0.77154761904761682 -0.99499999999999988 80.516666666666694 110.50000000000001 41.500000000000007 237.50000000000003 2.5000000000000004 0.0063017771411970061 2402.5000000000005 3.5000000000000004
decision_type=10 8 10 8 10 10 10 10 10 10 2 2 2 10
left_child=1 2 -1 -2 -4 -6 -7 -8 -5 10 -3 12 -12 -14
right_child=3 9 4 8 5 6 7 -9 -10 -11 11 -13 13 -15
leaf_value=-0.0078938996521559814 0.0055466625669836657 0.00010488058727639024 -0.0017454988110805719 0.0023129956454775251 0.0023488886822011063 -0.0003392772293062363 -0.0013769793622752846 -0.0064988216980387901 -0.00020501732274362747 -0.0050805220680925868 0.0012707150861004757 0.0034972880245252979 0.0038952619791202594 -0.0056156378825445771
leaf_weight=365.06038867356256 953.15561117650941 14485.580108455615 12204.756802331423 5819.08248438593 1327.6057601636276 16332.530061657191 1492.5264082115609 565.15529069723561 2284.9328552782536 243.52365964907221 2244.0866108429618 1779.0712423836812 104.04310069140047 353.28555535688065
leaf_count=13130 6066 174209 252811 33415 9628 162495 13040 4736 15305 3781 26030 18739 928 3497
internal_value=-0.000111711 -0.00049335 -0.00102392 0.002049 -0.000933139 -0.000427168 -0.0006334 -0.00290452 0.00160614 0.000398788 0.000482316 0.00168795 0.00045448 -0.00328124
internal_weight=60554.4 51497.2 32287.6 9057.17 31922.6 19717.8 18390.2 2057.68 8104.02 19209.6 18966.1 4480.49 2701.42 457.329
internal_count=737810 683024 455840 54786 442710 189899 180271 17776 48720 227184 223403 49194 30455 4425
is_linear=0
shrinkage=0.03


Tree=26
num_leaves=15
num_cat=0
split_feature=35 35 20 17 22 35 19 33 23 30 32 32 19 3
split_gain=133.53 53.3331 19.0225 16.7505 13.0474 15.1054 12.0506 9.82518 10.4437 9.79371 10.6817 9.60774 11.7809 11.8572
threshold=1.5000000000000002 6.5000000000000009 223.50000000000003 52.603703703703708 6.5000000000000009 3.5000000000000004 4.5180021367521386 2561.5000000000005 7.4050000000000011 452.50000000000006 0.064666156408986555 0.14347957919160495 -1.0955357142857165 58.250000000000007
decision_type=2 2 8 8 10 2 8 2 10 10 2 2 10 2
left_child=6 3 11 -2 5 -5 7 8 -1 10 -7 12 -3 -14
right_child=1 2 -4 4 -6 9 -8 -9 -10 -11 -12 -13 13 -15
leaf_value=0.0020112102598255801 -0.0059174325545588305 -0.0044472187618783323 -0.007776854307848538 -9.6514974779741034e-05 0.00068183907494924446 -0.0033866394832234425 0.0028589187658760251 -0.0024127017155800711 -0.002575303646141015 -0.0021427801772771998 0.0005847388886470082 0.00053392480260741441 -8.5856720063953897e-05 -0.0045061673662367407
leaf_weight=4482.8633143976331 441.59162396844476 2846.3223580282647 727.48317979834974 17215.943371605128 8560.7059087103698 717.99764889245853 11125.806419700384 583.14655615389347 452.8171635940671 7370.165272525046 2908.2884444955271 708.95612547057681 1641.8477577904705 769.89290730986977
leaf_count=22812 6816 141392 34904 125349 99733 10874 51873 2914 2352 104354 40550 21724 50490 21589
internal_value=6.73308e-06 -0.000860724 -0.00331552 -0.000415277 -0.000341258 -0.000652362 0.00229084 0.00113023 0.00156882 -0.00151821 -0.000236952 -0.00271151 -0.00315 -0.0015598
internal_weight=60553.8 43909.2 6694.5 37214.7 36773.1 28212.4 16644.6 5518.83 4935.68 10996.5 3626.29 5967.02 5258.06 2411.74
internal_count=737726 657775 270099 387676 380860 281127 79951 28078 25164 155778 51424 235195 213471 72079
is_linear=0
shrinkage=0.03


Tree=27
num_leaves=15
num_cat=0
split_feature=18 12 31 31 34 20 15 15 12 32 29 20 29 20
split_gain=60.4634 34.5876 20.8937 19.5094 15.339 13.1273 11.331 10.6843 11.6699 8.89447 10.3774 9.8946 10.9056 10.4191
threshold=-6.2333333333333298 59.45000000000001 0.0043308609848337959 -0.0047697760389346306 -0.00012074548517299902 196.50000000000003 45.716666666666676 75.141666666666694 77.950000000000017 0.15752985848446183 0.1801842653615042 230.50000000000003 0.072748839837823528 132.50000000000003
decision_type=10 8 10 8 2 10 10 10 10 2 10 10 10 10
left_child=1 3 -2 -1 7 -6 -5 8 -3 10 11 12 -4 -14
right_child=2 4 9 6 5 -7 -8 -9 -10 -11 -12 -13 13 -15
leaf_value=-0.007032247462636811 0.00015614218228577186 -0.0013780734788669425 -0.0042616913768777345 -0.0083700159246243907 0.00025885136889999827 -0.0055701520025131443 -0.0013725952821117291 -0.0035784676962252781 0.0031880681096361722 0.00025642278220747465 -0.00035798876232987864 -0.0030173846042771597 0.0022576192005344573 0.0056920723772014934
leaf_weight=1171.0535656630527 20849.19033661182 7064.8555207739118 171.90626951120794 188.91408339887857 10675.917492558947 309.3779007261619 1915.2886626038235 1873.6807734183967 495.23186919651926 3514.5512196668424 1506.6375961517915 267.96129967784509 9756.8710416743997 847.89443300431594
leaf_count=33893 184998 130282 1829 7236 165144 5915 47301 32642 6306 23482 9792 2919 79069 7813
internal_value=2.48305e-05 -0.00115648 0.000783605 -0.00399488 -0.000692546 7.01956e-05 -0.00218051 -0.00157642 -0.00105998 0.00159488 0.00196716 0.00228452 0.00242968 0.00255764
internal_weight=60609.3 23694.3 36915 3275.26 20419.1 10985.3 2104.2 9433.77 7560.09 16065.8 12551.3 11044.6 10776.7 10604.8
internal_count=738621 428719 309902 88430 340289 171059 54537 169230 136588 124904 101422 91630 88711 86882
is_linear=0
shrinkage=0.03


Tree=28
num_leaves=15
num_cat=0
split_feature=35 35 35 15 28 31 31 19 11 32 19 29 23 0
split_gain=122.788 56.946 32.0344 18.2329 11.1969 10.8787 13.9293 10.61 10.2816 9.98905 12.5868 9.66675 9.52914 8.37442
threshold=4.5000000000000009 1.5000000000000002 8.5000000000000018 65.283333333333346 -0.74999999999999989 -0.0024576172732137772 0.00117556899558164 5.5270833333333309 26.500000000000004 0.049060526419016995 3.0733333333333417 0.11889938096017315 4.1050000000000013 10.500000000000002
decision_type=2 2 2 10 10 10 10 10 2 2 10 10 8 2
left_child=1 4 3 9 8 7 -7 -6 -1 10 12 -4 -2 -5
right_child=2 -3 11 13 5 6 -8 -9 -10 -11 -12 -13 -14 -15
leaf_value=0.0030262229800186473 -0.00076190322232761061 -3.1465748115484652e-05 -0.0064588193571942804 -0.001779180391124225 -0.0019197126860529456 0.0048531029679013439 0.0016550674354135441 0.0015685527385746205 0.0091396078018380414 -0.0027477927073823799 0.003860869470426154 -0.0013796074158530362 -0.010715740344739044 2.1794940339752199e-05
leaf_weight=4525.9802961423993 119.19819414569065 28292.10990471812 1867.4151868075132 5309.5789405240212 1263.7157043144107 1464.4378755167127 7104.2015202715993 1899.744894720614 229.05327861756086 3316.0485914731398 55.36938564106822 447.80052283452824 369.87788306525908 4100.2055841279216
leaf_count=21703 3088 235403 116811 104345 6509 7047 33837 8899 1175 83323 1077 21796 12537 78733
internal_value=-1.24724e-05 0.000785945 -0.00230161 -0.00172037 0.00218448 0.0016743 0.00222662 0.000166898 0.00341275 -0.00344473 -0.0071014 -0.00552635 -0.00858546 -0.000998459
internal_weight=60364.7 44779.2 15585.5 13270.3 16487.1 11732.1 8568.64 3163.46 4755.03 3860.49 544.445 2315.22 489.076 9409.78
internal_count=736283 314573 421710 283103 79170 56292 40884 15408 22878 100025 16702 138607 15625 183078
is_linear=0
shrinkage=0.03


Tree=29
num_leaves=15
num_cat=0
split_feature=35 35 17 5 11 0 35 34 27 26 14 16 6 25
split_gain=130.079 37.4879 23.7506 19.6249 14.5845 12.3881 11.6235 11.4165 10.2335 9.88541 9.63447 12.9532 10.7517 11.8597
threshold=1.5000000000000002 7.5000000000000009 54.62613636363637 9.5000000000000018 28.500000000000004 9.5000000000000018 4.5000000000000009 0.006949421590416581 205.50000000000003 -0.0055733363779058853 79.350000000000009 86.450000000000017 0.324561403508772 0.086370250478489174
decision_type=2 2 8 2 2 2 2 2 10 8 8 10 2 10
left_child=-1 2 5 6 9 -2 10 8 -8 -3 11 12 13 -4
right_child=1 4 3 -5 -6 -7 7 -9 -10 -11 -12 -13 -14 -15
leaf_value=0.0022983114434510614 -0.0079694593552048255 -0.0034123250860125021 0.00091946166245616425 0.0015819888907892871 0.00094461495727549193 0.00030035362843960429 -0.0026133051956213319 2.0817086810350142e-05 0.00094945772872781443 -0.0076634969797757411 -0.00091734528365303397 0.0023701242938229308 0.00045345934765469211 -0.0028225292476765544
leaf_weight=16585.641781918705 527.75408396683633 2872.6225055642426 1117.7761588571593 3879.2720031640492 542.73148316377774 222.18411552300677 6066.4049535896338 2998.0147455027327 797.60373079171404 615.08402408636175 12207.687471968122 2119.7949376367033 7673.2722450457513 2219.1154686203226
leaf_count=79569 9583 140289 9863 46804 25347 4247 117137 55296 15755 34261 99079 17381 64398 18132
internal_value=3.91936e-05 -0.000816749 -0.000535446 -0.000430125 -0.00355597 -0.00565373 -0.000653805 -0.001525 -0.00219544 -0.00425977 -0.000312379 0.000251439 -0.000165344 -0.00157399
internal_weight=60445 43859.3 39828.9 39078.9 4030.44 749.938 35199.7 9862.02 6864.01 3487.71 25337.6 13130 11010.2 3336.89
internal_count=737141 657572 457675 443845 199897 13830 397041 188188 132892 174550 208853 109774 92393 27995
is_linear=0
shrinkage=0.03


Tree=30
num_leaves=15
num_cat=0
split_feature=35 35 18 16 16 14 15 18 13 24 12 31 22 9
split_gain=109.395 37.3888 26.4459 16.8038 10.7805 18.0864 12.8989 12.2512 12.2025 12.1046 10.6826 17.0256 10.6146 10.9065
threshold=1.5000000000000002 6.5000000000000009 -12.966666666666645 59.750000000000007 82.250000000000014 75.450000000000017 72.616666666666688 -0.39999999999998431 73.250000000000014 0.026449249078081636 56.350000000000001 0.0015858625594844357 9.5000000000000018 105.50000000000001
decision_type=2 2 10 8 10 8 10 10 10 10 8 10 10 2
left_child=-1 3 -3 -2 6 9 7 8 10 -6 11 -5 13 -11
right_child=1 2 -4 4 5 -7 -8 -9 -10 12 -12 -13 -14 -15
leaf_value=0.002025156834316387 -0.0062572183529498795 -0.0056520348953710059 -0.0015803839645678404 -0.0070189027938605594 -0.0027609359659300186 -0.00042099415575788202 -0.0020479200069769611 0.0028590734401059176 0.0021454226166027907 0.0031970477634698812 -0.0006328766558003449 0.00079731046650183669 -0.003421897597391393 -0.0019469186058242655
leaf_weight=16602.901202827692 394.65374526381493 2091.8428672491573 4544.152672129916 563.01514982292429 434.78384750895202 12810.564286390319 5821.5482237655669 936.4656272791326 1251.6252309172414 3475.3428008691408 10466.402011134196 408.77068667020649 233.55012451857328 381.27346502058208
leaf_count=79604 6343 122100 147475 7943 5408 123414 55553 7317 13945 35013 120762 5362 2665 3753
internal_value=-4.49804e-05 -0.000830854 -0.00289655 -0.000458748 -0.000388126 0.000155766 -0.000872099 -0.000364104 -0.000612251 0.00177539 -0.000922034 -0.00385297 0.00228511 0.00267009
internal_weight=60416.9 43814 6636 37178 36783.3 17335.5 19447.8 13626.3 12689.8 4524.95 11438.2 971.786 4090.17 3856.62
internal_count=736657 657053 269575 387478 381135 170253 210882 155329 148012 46839 134067 13305 41431 38766
is_linear=0
shrinkage=0.03


Tree=31
num_leaves=15
num_cat=0
split_feature=18 18 12 13 8 8 12 18 15 7 26 18 24 29
split_gain=54.9128 32.6966 12.519 14.3199 12.1698 23.1672 11.9605 11.5373 10.6676 10.6628 10.1982 9.90185 9.85374 9.5624
threshold=-4.4666666666666641 -16.899999999999999 61.850000000000001 59.45000000000001 1.0000000180025095e-35 1.5000000000000002 63.550000000000004 -1.0000000180025095e-35 63.01666666666668 6.5000000000000009 -0.18712764047407424 -4.6999999999999984 0.049849033222523619 0.058995133522501832
decision_type=10 8 10 8 2 2 10 10 10 10 10 10 10 8
left_child=1 2 3 -1 -2 10 7 8 -7 11 -6 13 -11 -3
right_child=4 9 -4 -5 5 6 -8 -9 -10 12 -12 -13 -14 -15
leaf_value=-0.009449721734936356 0.0088649917362484051 -0.002476876989672108 -0.0016041232171365369 -0.0029577027766522004 0.0013702628943373805 -0.0023387355136967173 0.0009014780651122764 0.0080192261521315998 0.0042297053539285942 -0.00027129596375519453 -0.0054912728880208792 -0.003492676744007616 -0.0038759152933530161 -0.00012030260166915132
leaf_weight=597.48572676302865 123.56957903318107 1613.4121516419109 977.35083871637471 708.47871007537469 243.39851296134293 319.73235655622557 27908.743389679817 365.58806998189539 531.10139024327509 1197.1300578231458 673.16234534373507 846.42765913181938 1562.9823853245471 22771.623334867181
leaf_count=27495 795 34139 27865 26362 1461 2775 215483 2477 5016 28697 5020 8679 25052 326355
internal_value=2.48499e-05 -0.000877053 -0.00429 -0.00616677 0.000929983 0.000882669 0.00103273 0.0038896 0.00176856 -0.000591501 -0.00369252 -0.000395408 -0.00234515 -0.000280972
internal_weight=60440.2 30274.9 2283.32 1305.96 30165.3 30041.7 29125.2 1216.42 850.834 27991.6 916.561 25231.5 2760.11 24385
internal_count=737671 504644 81722 53857 233027 232232 225751 10268 7791 422922 6481 369173 53749 360494
is_linear=0
shrinkage=0.03


Tree=32
num_leaves=15
num_cat=0
split_feature=35 35 35 13 17 32 15 30 32 4 19 34 30 29
split_gain=84.6128 40.6169 16.6777 14.6114 14.4801 13.917 13.2373 12.1577 11.4368 10.3042 8.66124 8.4428 8.52078 10.773
threshold=2.5000000000000004 8.5000000000000018 1.5000000000000002 55.550000000000004 60.471825396825402 0.072734736527840002 72.716666666666683 880.50000000000011 0.079810911772483326 0.85714285714285776 14.581649831649832 0.011017334579863548 366.50000000000006 0.07641803139892113
decision_type=2 2 2 10 8 2 10 10 2 2 10 2 10 10
left_child=2 3 9 5 -4 7 -6 -2 -7 10 -1 -5 -13 -14
right_child=1 -3 4 11 6 8 -8 -9 -10 -11 -12 12 13 -15
leaf_value=0.0022309663627236051 -0.006359998573991171 -0.0049038958701574696 -0.0047717067705332931 -0.00077160252326025156 0.0018388060426853582 0.0039310893846924173 -0.00023516789994587519 0.00072480360914832769 -0.0017660529839058465 0.00095089266759604881 0.006679104265197194 0.0024423636533889089 -0.0034627934069375206 0.00056726654087016634
leaf_weight=8589.0533496513963 989.30886414390989 2286.9494236847386 435.32788341492414 18282.545138971327 4287.4995274916291 297.60303043783642 7636.4410082250834 263.76695110835135 3948.4619488131721 7696.1535279229283 379.45918162167072 1516.609390668571 682.00201671943069 3189.0651021045633
leaf_count=41462 21044 138799 2937 267850 27872 5927 48873 6974 62408 36711 1648 21059 10531 43778
internal_value=-1.97318e-05 -0.00109674 0.00114742 -0.000790373 0.000310443 -0.00217648 0.000515137 -0.00489809 -0.00132564 0.00176537 0.00245515 -0.000464438 0.000575406 -0.000177849
internal_weight=60480.2 31456.3 29023.9 29169.4 12359.3 5499.14 11923.9 1253.08 4246.06 16664.7 8968.51 23670.2 5387.68 3871.07
internal_count=737873 578370 159503 439571 79682 96353 76745 28018 68335 79821 43110 343218 75368 54309
is_linear=0
shrinkage=0.03


Tree=33
num_leaves=15
num_cat=0
split_feature=19 18 14 20 23 14 19 25 34 18 14 2 16 10
split_gain=48.3012 20.5623 15.2284 12.8164 9.14909 10.1147 11.0874 10.3621 9.06584 8.55766 12.7215 11.2386 11.2608 9.74798
threshold=4.1966666666666663 -16.899999999999999 20.350000000000005 321.50000000000006 -1.3049999999999999 79.350000000000009 -2.2938446969696922 0.14049849258241834 0.02895636594846725 -0.39999999999998431 75.950000000000017 6.5000000000000009 93.050000000000011 291.50000000000006
decision_type=10 8 8 10 8 8 10 10 2 10 8 8 10 2
left_child=1 2 -1 4 5 6 -3 -8 9 -2 -11 13 -13 -12
right_child=8 3 -4 -5 -6 -7 7 -9 -10 10 11 12 -14 -15
leaf_value=0.0058859021365527658 0.00028584490982675576 -0.0026734558368137857 -0.004015203954382803 -0.0069880409117172365 -0.00055245344650877077 -0.0010563964413015784 0.0080627726116119496 0.0011813261123681763 0.0034268453044667031 0.0031195094336158766 0.00081842307437730898 -0.0018433897825555626 0.0048913378834245617 0.003511516709658396
leaf_weight=106.07057931809686 10480.172105750535 173.97361872997135 2137.1791424336843 221.58149800868705 32706.611897574796 679.33026330429129 416.88669671025127 375.17395688453689 1328.8354386170395 3047.0885373693891 5147.86904069921 1827.1919164163992 205.20365261472762 1551.5065471688285
leaf_count=2181 88700 2397 79259 4554 466452 5725 3854 2786 9214 18434 31913 11113 1281 9704
internal_value=1.68486e-06 -0.000677039 -0.00342891 -0.000493794 -0.000441808 0.00170903 0.00361 0.00506694 0.00106025 0.000911606 0.00146481 0.000872906 -0.00106229 0.00146351
internal_weight=60404.7 36816.8 2243.25 34573.6 34352 1645.36 966.034 792.061 23587.9 22259 11778.9 8731.77 2032.4 6699.38
internal_count=737567 567208 81440 485768 481214 14762 9037 6640 170359 161145 72445 54011 12394 41617
is_linear=0
shrinkage=0.03


Tree=34
num_leaves=15
num_cat=0
split_feature=35 35 18 5 35 10 13 14 3 19 3 2 0 19
split_gain=82.9119 35.0843 18.4321 12.3591 12.6395 17.2055 13.8973 9.79323 8.96509 10.059 8.83418 8.58656 8.49437 9.9853
threshold=1.5000000000000002 6.5000000000000009 -14.733333333333329 9.5000000000000018 3.5000000000000004 333.50000000000006 61.550000000000004 76.350000000000009 57.250000000000007 9.2333333333333396 54.250000000000007 6.5000000000000009 9.5000000000000018 14.581649831649832
decision_type=2 2 10 2 2 2 10 8 2 10 2 10 2 10
left_child=12 3 -3 4 6 10 -2 -8 9 -9 -6 -4 13 -1
right_child=1 2 11 -5 5 -7 7 8 -10 -11 -12 -13 -14 -15
leaf_value=0.00081765646324704049 -0.0015843732260063157 -0.0055042640661435681 -0.0023667609863552855 0.0012613984475753524 0.0006389661857206803 0.0020649736450649631 0.0011682909323287032 0.00023748455740036536 -0.0012084699832469593 0.0054936949086228518 -0.0018723181269426103 0.0010079858555049328 0.0024089974485299701 0.0058755442408231452
leaf_weight=8106.647049665451 4322.6360647790134 1630.3672971667256 4175.0849660028471 3566.4715809170157 1392.2218579598702 1225.6483919040766 6880.033471621573 3358.6844787858427 4746.704896889627 313.77560917288065 11398.965796745382 779.14353872626089 8180.3188924714923 319.40822221338749
leaf_count=37184 32116 101799 143226 39151 21899 17958 50676 24809 33814 1985 165465 24706 40890 1382
internal_value=-8.08229e-05 -0.000765334 -0.00277533 -0.000406356 -0.000584786 -0.0012711 -9.25325e-05 0.00033276 -0.000352891 0.000754335 -0.00159756 -0.00183125 0.00172106 0.00104292
internal_weight=60396.1 43789.7 6584.6 37205.1 33638.7 14016.8 19621.8 15299.2 8419.16 3672.46 12791.2 4954.23 16606.4 8426.06
internal_count=737060 657604 269731 387873 348722 205322 143400 111284 60608 26794 187364 167932 79456 38566
is_linear=0
shrinkage=0.03


Tree=35
num_leaves=15
num_cat=0
split_feature=18 15 30 20 32 17 30 15 25 29 31 6 31 26
split_gain=32.2439 21.4728 15.2958 15.1366 12.6337 13.6405 12.6292 18.5781 15.5447 9.71767 8.28645 10.7488 8.07939 9.95904
threshold=-4.4666666666666641 45.716666666666676 666.50000000000011 317.50000000000006 0.069234891582158467 63.875797872340435 394.50000000000006 64.116666666666688 0.10405177572803799 0.079952405490498105 -0.00020517046031045169 0.10263157894736843 0.0027541508090763354 -0.20753310417989188
decision_type=10 8 10 10 2 10 8 10 10 10 8 2 10 10
left_child=1 2 -1 4 5 -3 7 9 -9 -2 -6 -12 13 -10
right_child=6 3 -4 -5 10 -7 -8 8 12 -11 11 -13 -14 -15
leaf_value=-0.010986964871800878 0.00074259460550638566 -0.0038597633659033285 0.0015561397923019935 -0.0074281706368105448 -0.00085466642181968369 -0.00066632034740232802 0.00037804915616851821 -0.00046616675535405861 -0.0022546761670599953 0.010201836299738821 -0.0030933831705728578 0.00046729637984864193 0.0036552875500315473 0.0022253754609918301
leaf_weight=250.35580155067146 148.0241593811661 1841.9863989059813 107.61714283772744 235.8035564746242 10063.834756913129 3383.7745033898391 22613.333175399806 2588.7979033959564 550.65738474112004 294.94731649756432 758.90102033386938 13490.349566284567 2326.6809625881724 1738.5268225215841
leaf_count=8549 1310 54576 4868 5564 164357 72452 172585 23722 3690 2171 10504 183287 16133 13816
internal_value=4.51663e-05 -0.000648955 -0.00748757 -0.000554322 -0.000486989 -0.00181786 0.000736274 0.00178618 0.00138989 0.00743684 -0.000197793 0.000267505 0.0024247 0.00112255
internal_weight=60393.6 30132.6 357.973 29774.6 29538.8 5225.76 30261 7647.63 7204.66 442.971 24313.1 14249.3 4615.87 2289.18
internal_count=737584 504157 13417 490740 485176 127028 233427 60842 57361 3481 358148 193791 33639 17506
is_linear=0
shrinkage=0.03


Tree=36
num_leaves=15
num_cat=0
split_feature=35 35 16 11 17 0 17 31 0 22 13 6 4 2
split_gain=100.959 29.6286 13.0468 12.8012 12.3793 12.2424 11.7585 11.0958 10.5306 10.3755 14.2703 10.2491 10.3028 9.20921
threshold=2.5000000000000004 7.5000000000000009 73.750000000000014 20.500000000000004 60.22841614906833 9.5000000000000018 77.401724137931055 -0.0020173743969312424 7.5000000000000009 6.5000000000000009 81.750000000000014 0.74456521739130443 -0.35504201680672048 7.5000000000000009
decision_type=2 2 8 2 10 2 10 10 2 10 8 2 2 10
left_child=3 2 8 5 -3 7 -5 -1 -2 -4 13 -7 -13 -11
right_child=1 4 9 6 -6 11 -8 -9 -10 10 -12 12 -14 -15
leaf_value=-0.0010362758584624751 -0.0051546976571495897 -0.007136236462813114 -0.00098308359515703742 0.0040822087892190368 -0.0027920628065050295 0.0011068306127799041 0.00049748113642347595 0.00088238796540932474 -0.0015870297263499474 0.00088696676397421884 -0.0018889606286760028 0.0057229497489499469 0.0019303467620857833 0.005404115021521801
leaf_weight=3873.9596522413194 925.20014906907454 720.85418122098781 17070.591397054959 2367.0789997987449 3263.3649208862334 9525.2905484363437 1272.4379685856402 8750.178788933903 3532.6502823201008 3885.2672359615099 1621.8794993339106 901.19562509283423 2297.6104865707457 408.64489349117503
leaf_count=20542 15247 53430 218653 13829 147044 54145 7281 44908 58976 58019 21653 5256 13191 5850
internal_value=-7.75222e-05 -0.00125434 -0.00089956 0.00119835 -0.00365675 0.000955674 0.00285265 0.000291844 -0.00237644 -0.000608605 0.000471171 0.00161057 0.00307047 0.00137411
internal_weight=60416.2 31428.5 27444.2 28987.8 3984.22 25348.2 3639.52 12624.1 4457.85 22986.4 5915.79 12724.1 3198.81 4293.91
internal_count=738024 578872 378398 159152 200474 138042 21110 65450 74223 304175 85522 72592 18447 63869
is_linear=0
shrinkage=0.03


Tree=37
num_leaves=15
num_cat=0
split_feature=35 35 18 29 2 14 3 16 27 8 4 10 10 27
split_gain=99.9816 32.2379 21.9784 11.0872 15.8705 11.625 10.914 15.6059 10.0964 10.4372 13.3819 13.7333 10.2413 14.5655
threshold=1.5000000000000002 5.5000000000000009 -14.733333333333329 0.10838756735135645 5.5000000000000009 74.450000000000017 56.250000000000007 75.050000000000011 -119.49999999999999 1.5000000000000002 -0.87083333333333346 224.50000000000003 138.50000000000003 -5.4999999999999991
decision_type=2 2 10 10 10 8 2 10 10 2 2 2 2 10
left_child=-1 6 3 4 -3 -5 -2 -8 -4 -10 -11 12 13 -12
right_child=1 2 8 5 -6 -7 7 -9 9 10 11 -13 -14 -15
leaf_value=0.0019742820374403199 0.00050238871797655428 -0.0076302720997459619 -0.0034518822575198859 -0.0055762550725432123 -0.0007384122519606517 0.0019977986533198182 -0.002082158185365507 -0.00023323756374327766 -0.007694586898853723 0.0012728185391034531 0.0045966881518561533 -0.0035446687098074862 0.0031635116541636017 -0.0025836291335034033
leaf_weight=16668.73503357172 10458.386922032107 1263.8695557736792 1726.3042634048034 269.84371399600059 404.87435026443563 382.00975351035595 5312.7250257281121 17637.518671816215 146.24449839745648 2093.4613918310497 263.70378877245821 1824.2846946637146 593.77613667165861 1337.2173114202451
leaf_count=79682 102981 71036 51631 11657 22503 14602 53182 156730 4493 61643 6973 48359 15478 36518
internal_value=8.48401e-07 -0.00075304 -0.00221562 -0.00475894 -0.00602828 -0.00131147 -0.000299239 -0.000664838 -0.00145147 -0.000876722 -0.000652492 -0.00165869 -4.69833e-05 -0.00129749
internal_weight=60383 43714.2 10305.6 2320.6 1668.74 651.853 33408.6 22950.2 7984.99 6258.69 6112.44 4018.98 2194.7 1600.92
internal_count=737468 657786 344893 119798 93539 26259 312893 209912 225095 173464 168971 107328 58969 43491
is_linear=0
shrinkage=0.03


Tree=38
num_leaves=15
num_cat=0
split_feature=35 35 35 5 31 17 19 6 20 34 19 14 33 31
split_gain=82.6552 33.3423 13.2901 12.326 11.2414 10.4383 9.68651 9.42311 9.16087 9.11455 12.2952 10.8589 10.7068 9.91414
threshold=2.5000000000000004 6.5000000000000009 1.5000000000000002 10.500000000000002 0.0040767504442337319 51.803571428571438 -2.2938446969696922 0.92582417582417598 241.50000000000003 1.0000000180025095e-35 -0.73269230769230365 87.950000000000017 1848.5000000000002 0.022628084802680869
decision_type=2 2 2 2 8 8 10 2 8 2 10 10 2 10
left_child=2 5 3 -1 8 -2 -6 9 -3 11 -11 12 13 -7
right_child=1 4 -4 -5 6 7 -8 -9 -10 10 -12 -13 -14 -15
leaf_value=0.0014411506318004134 -0.0057588756714940246 -0.0033814068449329426 0.00032918664074948697 0.0052913012834761445 -0.0033330955717026539 -0.0010557044715932735 0.00058523934595452456 0.0010838894870816053 -0.00797182109851707 0.0012948486270611779 -0.00083728944963711602 0.0026433668182634469 -0.0048317973080401755 -0.0051159439581600265
leaf_weight=15945.11099486798 303.58275837008841 3908.0546404535417 12344.952339112759 744.91080652922392 1016.7053867571522 8594.7276731827296 1187.2909904224798 2735.9141485374421 429.06600468372926 3476.4766644386109 7812.0903005478904 521.26854593120515 816.63142256671563 533.37724998733029
leaf_count=75870 5474 163157 79503 3862 49239 110365 35355 33855 22365 48429 88106 6142 9809 6344
internal_value=-7.4772e-05 -0.00114243 0.00107745 0.00162828 -0.00303957 -0.000636825 -0.00125613 -0.000561728 -0.00392121 -0.000770697 -0.000177852 -0.00140625 -0.00163068 -0.00131953
internal_weight=60370.2 31335.2 29035 16690 6541.12 24794.1 2204 24490.5 4337.12 21754.6 11288.6 10466 9944.74 9128.1
internal_count=737875 578640 159235 79732 270116 308524 84594 303050 185522 269195 136535 132660 126518 116709
is_linear=0
shrinkage=0.03


Tree=39
num_leaves=15
num_cat=0
split_feature=35 35 8 8 35 23 19 33 17 33 1 1 4 31
split_gain=72.9088 36.4193 17.0163 15.2999 12.2256 11.747 11.3174 11.144 11.3325 11.0542 10.9212 10.2939 9.86763 9.52406
threshold=1.5000000000000002 7.5000000000000009 1.5000000000000002 1.0000000180025095e-35 2.5000000000000004 4.3050000000000006 -7.3680652680652647 2402.5000000000005 54.62613636363637 2561.5000000000005 1682.5000000000002 1620.5000000000002 -3.6726190476190506 0.0098654731087970769
decision_type=2 2 2 2 2 8 10 2 10 2 2 2 2 10
left_child=9 2 3 5 -5 -2 -3 8 -4 -1 12 13 -10 -8
right_child=1 6 7 4 -6 -7 11 -9 10 -11 -12 -13 -14 -15
leaf_value=0.0021143595515896868 0.0081907656080329842 -0.0062071808349471545 -0.0035203998877215495 -0.0004037667634899953 -0.0076008067807561705 -0.0013295188143705949 -0.0039107980122970306 -0.001877365954895592 0.0045285862160270767 -0.00045725511754765634 -0.0010946721681199033 0.0013671770072186669 0.00038690020095585571 0.00080058769653967084
leaf_weight=14992.154643416405 71.951520973816514 847.42877685790882 687.37461585365236 319.65769743174314 619.79942383081652 2930.0372741888277 2107.3193135692272 2561.3249433133751 478.33232147735544 1653.7591014951468 4668.9655787132215 540.66521314019337 27408.893357542111 451.8232361827977
leaf_count=71737 672 66232 12850 1994 9111 36374 93370 26013 6784 7747 53343 22511 311055 18071
internal_value=0.000171826 -0.000472046 -0.000197278 -0.00205525 -0.00529611 -0.000970888 -0.00320172 9.83028e-06 0.000157835 0.00185827 0.000240774 -0.0022946 0.000465918 -0.00307959
internal_weight=60339.5 43693.6 39746.3 3941.45 939.457 3001.99 3947.24 35804.9 33243.6 16645.9 32556.2 3099.81 27887.2 2559.14
internal_count=737864 658380 458196 48151 11105 37046 200184 410045 384032 79484 371182 133952 317839 111441
is_linear=0
shrinkage=0.03


Tree=40
num_leaves=15
num_cat=0
split_feature=35 35 19 5 17 30 5 4 29 22 12 6 33 29
split_gain=76.1462 31.1338 16.0713 12.5205 11.8332 12.0471 10.8082 10.3937 10.262 9.61825 16.4736 10.8721 10.4504 13.6109
threshold=2.5000000000000004 8.5000000000000018 8.0279914529914453 7.5000000000000009 44.252272727272732 2361.5000000000005 14.500000000000002 3.6899038461538471 0.13530027850861068 6.5000000000000009 53.550000000000004 0.78174603174603186 719.50000000000011 0.090117447745656429
decision_type=2 2 10 2 8 10 2 2 10 10 8 2 2 8
left_child=2 4 3 7 -2 6 9 -1 -3 10 -6 12 13 -11
right_child=1 8 -4 -5 5 -7 -8 -9 -10 11 -12 -13 -14 -15
leaf_value=0.00044445277266504996 -0.0086186493798810996 -0.005137378097303304 0.0022892313910247951 0.0021249052043852915 -0.0079784905388718408 -0.0022775459199625109 0.0096721338498282333 -0.0035140996585413934 0.0011686261912631694 -0.0013629382425319764 -0.00079112680395053588 0.0023345041494016584 -0.0026061410405172013 0.0020798886695844055
leaf_weight=16993.501846823841 123.36324718478136 1986.203445011517 7261.6245598979294 4186.1743136309087 242.60043501271866 3939.8963384742383 43.790681230835617 568.93925856053829 243.45633315620944 1920.7525919470936 17521.10962828435 1852.0404816474766 1286.691168515943 2126.730934737483
leaf_count=95024 3790 126501 35767 25155 4608 57192 690 3102 11698 37792 248142 32776 20273 34644
internal_value=-3.46318e-05 -0.0010604 0.00107155 0.000660661 -0.000794023 -0.000745851 -0.000500336 0.000306602 -0.0044383 -0.000537499 -0.000911404 0.000386674 -0.000305016 0.000449384
internal_weight=60296.9 31286.6 29010.2 21748.6 29057 28933.6 24993.7 17562.4 2229.66 24949.9 17763.7 7186.22 5334.17 4047.48
internal_count=737154 578106 159048 123281 439907 436117 378925 98126 138199 378235 252750 125485 92709 72436
is_linear=0
shrinkage=0.03


Tree=41
num_leaves=15
num_cat=0
split_feature=19 16 13 33 14 11 10 33 12 29 29 11 6 16
split_gain=35.4177 21.2309 14.4485 14.2994 13.0724 13.9281 12.0498 10.8707 10.2861 10.0379 9.79394 13.8957 10.2294 9.65806
threshold=5.9535185185185293 71.15000000000002 55.550000000000004 24.500000000000004 76.550000000000011 9.5000000000000018 286.50000000000006 236.50000000000003 78.15000000000002 0.077711170059848955 0.079188931805826118 17.500000000000004 0.10263157894736843 89.550000000000011
decision_type=10 8 10 2 8 2 2 2 10 10 10 2 2 10
left_child=1 2 -1 -4 5 7 8 -2 13 -5 11 -3 -12 -6
right_child=4 10 3 9 6 -7 -8 -9 -10 -11 12 -13 -14 -15
leaf_value=-0.0042664802324299126 0.0032321405478094815 -0.00024632569559699308 0.0056925964140176807 -0.0047714525001649024 -0.0019134367868888721 0.004014139580268505 0.0023014798476687541 -0.00037290336025868666 0.00081334388769630688 -0.00015083504230648136 -0.002248400943927606 -0.0028967408681105579 0.00017378528438718874 0.0053511022251392353
leaf_weight=1958.7984713301994 1175.3815596990753 5439.2536034020595 227.18863480002619 565.22223121696152 2578.8281159286853 2572.0020890412852 2713.6554650203325 1928.7946825074032 4830.482158778701 1366.3247125823982 1603.7384474880528 2604.2360508320853 30655.739008858218 128.0368384514004
leaf_count=50391 8568 95016 5618 15115 18401 17891 17785 12276 29371 25564 20446 49799 370408 908
internal_value=4.03301e-05 -0.000394971 -0.0024335 -0.000711363 0.00125181 0.00240087 0.00060699 0.00102173 -1.42201e-05 -0.00158923 -0.000183948 -0.00111704 5.00763e-05 -0.001479
internal_weight=60347.7 44420.5 4117.53 2158.74 15927.2 5676.18 10251 3104.18 7537.35 1931.55 40303 8043.49 32259.5 2706.86
internal_count=737557 632357 96688 46297 105200 38735 66465 20844 48680 40679 535669 144815 390854 19309
is_linear=0
shrinkage=0.03


Tree=42
num_leaves=15
num_cat=0
split_feature=35 35 23 14 5 30 26 31 0 13 16 16 13 7
split_gain=63.7778 30.5947 14.8016 14.571 12.3313 13.5489 11.9216 10.8808 11.4665 9.92234 16.6947 9.48806 9.31555 9.68251
threshold=2.5000000000000004 7.5000000000000009 -0.99499999999999988 75.050000000000011 9.5000000000000018 2250.5000000000005 -0.01363224826787556 -0.003029528783171326 9.5000000000000018 82.950000000000017 78.15000000000002 73.750000000000014 67.15000000000002 6.5000000000000009
decision_type=2 2 10 8 2 8 8 8 2 10 10 10 8 10
left_child=2 4 3 -1 11 9 -3 8 -4 10 -6 -2 13 -13
right_child=1 6 7 -5 5 -7 -8 -9 -10 -11 -12 12 -14 -15
leaf_value=0.0059116603441743722 -0.0017828601072658141 -0.0022616893656567049 -0.0014577140368457731 0.0017549512368864575 0.0042651870301304131 -0.0029963277313638675 -0.0060161882558679245 0.0011545618231087005 0.0010302819462122336 0.006062477634225346 -0.0012675338277786808 0.0019061913848405544 -0.00069886429480109304 -0.0021959666332178576
leaf_weight=899.82661819458008 5824.8193674099166 2858.0229756343178 3451.8799553476274 4231.9857354238629 848.97690982278436 487.84781639045104 1053.8790104163345 17387.519029874355 3134.2099685557187 451.20777721237391 1043.513364599552 2508.8957660282031 15546.296173537878 604.68633565236814
leaf_count=4799 95195 131683 18586 22083 13222 6699 68110 95294 18608 5922 14181 36241 197543 9338
internal_value=6.89221e-05 -0.000872064 0.0010783 0.00253381 -0.000513712 0.00134484 -0.00333632 0.000762108 -0.000274877 0.00229219 0.00126036 -0.000730948 -0.000398699 0.0010874
internal_weight=60333.6 31228.1 29105.4 5131.81 27316.2 2831.55 3911.9 23973.6 6586.09 2343.7 1892.49 24484.7 18659.9 3113.58
internal_count=737504 578134 159370 26882 378341 40024 199793 132488 37194 33325 27403 338317 243122 45579
is_linear=0
shrinkage=0.03


Tree=43
num_leaves=15
num_cat=0
split_feature=19 16 7 31 2 26 8 1 12 15 17 29 8 8
split_gain=27.8198 15.8265 16.7916 13.8788 17.5158 12.5872 11.8833 10.0216 10.7289 14.8043 16.9018 13.1622 9.91794 19.4033
threshold=5.9535185185185293 74.550000000000011 4.5000000000000009 -0.0012541040124885629 1.5000000000000002 -0.015770292004437827 1.5000000000000002 1322.0000000000002 60.050000000000004 77.816666666666691 81.650675675675686 0.052801236492138366 1.0000000180025095e-35 1.5000000000000002
decision_type=10 8 8 8 10 10 2 2 8 10 10 10 2 2
left_child=1 5 3 4 -3 -1 -2 -4 -9 11 -11 -10 -5 -14
right_child=6 2 7 12 -6 -7 -8 8 9 10 -12 -13 13 -15
leaf_value=-0.00094979391546076654 -0.0026285458671984172 0.0056373281535193678 -0.0012250866240206481 0.0096793752799320641 -0.0010217144953824202 -0.0041097586848318768 0.001331434476259748 -0.0040645373620923578 -0.0041976397967189785 -0.0032182626933035161 0.00063275749868890187 0.0015935355350753454 -0.0048701209189998176 0.0014855692190333255
leaf_weight=5681.8019426888786 668.22237019613385 333.0304370902013 10992.031799917808 77.381640474312007 4964.8836866558995 1384.1583251815755 15382.076341945678 486.53606414771639 329.30611396627501 1807.7498328019865 2260.2338232628535 5610.7831803495064 403.76750877383165 9981.6680139275268
leaf_count=102040 4196 3863 157845 739 62417 44678 101743 12020 7047 22678 29645 82096 4453 102372
internal_value=9.07988e-05 -0.000296944 -4.92088e-05 0.000693282 -0.00055433 -0.00159333 0.00115892 -0.000594181 6.93045e-05 0.000289475 -0.00109687 0.00124013 0.00132465 0.00121632
internal_weight=60363.6 44313.3 37247.4 15760.7 5297.91 7065.96 16050.3 21486.6 10494.6 10008.1 4067.98 5940.09 10462.8 10385.4
internal_count=737832 631893 485175 173844 66280 146718 105939 311331 153486 141466 52323 89143 107564 106825
is_linear=0
shrinkage=0.03


Tree=44
num_leaves=15
num_cat=0
split_feature=35 35 19 31 28 9 23 21 26 1 29 16 18 7
split_gain=52.2809 15.3517 12.8225 14.5455 11.6816 10.4707 9.6981 17.2161 9.78643 9.42217 8.36677 8.10673 8.104 7.97417
threshold=2.5000000000000004 8.5000000000000018 8.8384920634920565 -0.0023518329278857382 -1.0000000180025095e-35 13.500000000000002 -0.99499999999999988 0.091431556948798343 -0.015770292004437827 1180.5000000000002 0.11494968392730572 78.65000000000002 -14.333333333333323 8.5000000000000018
decision_type=2 2 10 10 8 2 8 10 10 2 8 10 10 10
left_child=2 13 6 10 12 -6 7 -1 -8 -5 -4 -9 -3 -2
right_child=1 4 3 9 5 -7 8 11 -10 -11 -12 -13 -14 -15
leaf_value=0.011975553981772248 -0.00064469234043761168 -0.0049541603843978798 0.00083651669211893913 0.0052824498236281603 0.0043160548701798775 -0.0058305934910271289 0.00056533179313369324 -0.0029889812226457 -0.0014755038594306161 0.002085186399128349 -0.0043363929455253868 0.002252552457504919 0.0008701848174770397 -0.0043133896132653031
leaf_weight=106.70355971902609 28463.511613096111 247.98861976363696 1618.5889747664332 1241.1668194644153 63.637896913103759 1174.6071006748825 18399.318167503923 259.03469170629978 2340.1686174757779 2688.2491953037679 288.49313450604677 2106.133918993175 732.95032268506475 495.34651237120852
leaf_count=594 430575 23247 8130 5972 2726 76240 104419 1438 13292 12957 1375 10963 36358 8598
internal_value=-4.99068e-05 -0.000902376 0.000865055 0.00211641 -0.00328078 -0.00516184 0.000546529 0.00230373 0.000332056 0.00314877 -3.68082e-05 0.0016285 -0.000771114 -0.000714773
internal_weight=60225.9 31178 29047.9 5836.5 2219.18 1238.24 23211.4 2471.87 20739.5 3929.42 1907.08 2365.17 980.939 28958.9
internal_count=736884 577744 159140 28434 138571 78966 130706 12995 117711 18929 9505 12401 59605 439173
is_linear=0
shrinkage=0.03


Tree=45
num_leaves=15
num_cat=0
split_feature=19 29 23 24 19 14 14 20 21 28 16 17 7 33
split_gain=38.5492 20.0217 15.1704 12.2111 12.0564 11.9673 11.8763 10.8996 11.2952 15.3332 10.6858 13.9762 11.7671 11.3251
threshold=-2.5154700854700773 0.11794972072641219 -0.99499999999999988 0.01598212014254281 5.0741582491582458 68.550000000000011 71.950000000000017 252.50000000000003 0.24037037037037037 1.0000000180025095e-35 87.750000000000014 79.12899159663867 6.5000000000000009 50.500000000000007
decision_type=8 8 8 10 8 8 8 10 10 10 10 10 10 2
left_child=1 3 6 -1 7 -6 -2 8 10 -10 12 -12 13 -4
right_child=2 -3 4 -5 5 -7 -8 -9 9 -11 11 -13 -14 -15
leaf_value=-0.0065576088119728496 0.0050238524285015082 0.00018547336419823577 0.0021171926646376461 -0.0024844309009807494 0.0026556848660946866 0.0003458468411499261 0.0010870479914552884 -0.0048176772731562019 -9.3766343230527899e-05 -0.0035336938303095855 0.0041318802473608186 0.00034722288152259765 -0.0027416560554771327 -0.00039096420199271541
leaf_weight=780.01916276174597 850.6164380738046 2312.5804302634206 1794.9102822279092 4139.7112055050675 2196.0567045826465 20203.238556757569 3136.0318677166943 436.11741445749067 2652.8975940933451 2034.9727492409293 1102.7614428871311 3732.7233916670084 1618.3342396297958 13257.63068975904
leaf_count=42859 6597 42690 25293 111385 16039 168699 22044 7355 28421 20187 13540 45782 24184 162699
internal_value=-6.98827e-05 -0.00211661 0.000211056 -0.00318971 6.54452e-05 0.000577717 0.00197885 -0.000365711 -0.000282552 -0.00160855 9.54451e-06 0.00124379 -0.000351105 -8.58648e-05
internal_weight=60248.6 7232.31 53016.3 4919.73 49029.6 22399.3 3986.65 26630.3 26194.2 4687.87 21506.4 4835.48 16670.9 15052.5
internal_count=737774 196934 540840 154244 512199 184738 28641 327461 320106 48608 271498 59322 212176 187992
is_linear=0
shrinkage=0.03


Tree=46
num_leaves=15
num_cat=0
split_feature=35 35 19 4 14 34 5 0 19 35 23 14 16 31
split_gain=60.6759 17.7568 14.3055 13.4901 10.1994 10.162 10.5381 10.9279 9.45951 9.36847 12.2874 11.5148 9.86817 9.3633
threshold=2.5000000000000004 8.5000000000000018 12.118898809523808 4.5156250000000009 87.050000000000011 0.010582122548828838 3.5000000000000004 10.500000000000002 -10.970601851851852 1.5000000000000002 8.4050000000000029 76.350000000000009 85.750000000000014 -0.0071796276520460977
decision_type=2 2 10 2 8 2 2 2 8 2 10 10 10 8
left_child=2 5 3 9 -4 6 8 -8 -2 -1 11 -11 -13 -12
right_child=1 -3 4 -5 -6 -7 7 -9 -10 10 13 12 -14 -15
leaf_value=0.0013841870575126403 0.0041417067178977033 -0.0034794331457392281 0.0049708536663795764 -0.0043574051641547713 0.00069808731023491492 0.00029536009901036251 -0.0012335745239816793 0.00041742081302967933 -0.0021391342300795171 0.00077072880607901098 -0.0025802324239159401 -0.0030586418669576666 -9.5141245455772951e-05 0.0057299722455378087
leaf_weight=14863.647561073303 177.6846180818975 2205.0602769402321 1281.3908579275012 400.34144419431686 837.74403326958418 6854.895355967572 8833.4621539050713 6042.589365884196 7079.6369842681743 6781.8849106915295 123.10789606720209 1570.6544669345021 2698.4066505730152 530.57601119577885
leaf_count=71482 5413 138471 6050 2163 3893 99224 137165 95041 102882 43657 836 10099 17501 3538
internal_value=5.22965e-06 -0.000913167 0.000989984 0.000799746 0.00333676 -0.000712303 -0.00102435 -0.000563795 -0.00195807 0.000885495 0.000249014 4.23766e-06 -0.00120825 0.00409278
internal_weight=60281.1 31193.3 29087.8 26968.6 2119.13 28988.3 22133.4 14876.1 7257.32 26568.3 11704.6 11050.9 4269.06 653.684
internal_count=737415 578196 159219 149276 9943 439725 340501 232206 108295 147113 75631 71257 27600 4374
is_linear=0
shrinkage=0.03


Tree=47
num_leaves=15
num_cat=0
split_feature=18 18 12 16 31 31 17 4 31 12 26 31 2 20
split_gain=25.9251 17.6695 15.7202 13.1861 11.2425 11.1784 12.9353 10.6969 13.6695 10.5878 10.1423 11.487 8.81329 8.62499
threshold=-2.4000000000000017 -15.800000000000006 62.95000000000001 68.950000000000017 0.0030986729894119558 -0.003029528783171326 86.002272727272739 2.2583333333333333 0.0047959395920292433 67.550000000000011 -0.068464053652350768 -0.021305244758150117 7.5000000000000009 59.500000000000007
decision_type=10 8 10 10 10 8 10 2 10 10 10 10 8 10
left_child=1 4 3 -2 9 6 10 -7 -9 -1 -4 -12 -11 -3
right_child=2 13 5 -5 -6 7 -8 8 -10 12 11 -13 -14 -15
leaf_value=-0.0057409816875090237 -0.0017421764536089052 -8.7058553323519035e-05 0.0011246023425639023 0.0074330175784145906 -0.00037312132775361534 0.001554697224736399 -0.004166018378589576 -0.0028923068550700645 0.0011068928330069284 -0.002577042688498087 0.004464429763948871 -0.0022528884315247853 0.006000716144263933 -0.0014286278881499607
leaf_weight=1180.9568907881621 166.77615585131571 30922.156580816489 3392.9752417532727 505.96980496076867 1096.2571826190688 11660.406756637152 668.40914411097765 1182.7475207517855 1999.2209552184213 359.69711640430614 212.53889199299738 1910.4007407049648 96.438555415952578 4963.5244389282889
leaf_count=50902 1327 415205 23994 3731 32887 78038 5126 8173 12866 10218 1741 15423 1982 75925
internal_value=1.27197e-05 -0.000453348 0.000841327 0.00519528 -0.00275627 0.000690028 -0.000379416 0.00113541 -0.00040137 -0.00429376 0.00011274 -0.00149313 -0.000349848 -0.000274347
internal_weight=60318.5 38619 21699.4 672.746 2733.35 21026.7 6184.32 14842.4 3181.97 1637.09 5515.91 2122.94 456.136 35885.7
internal_count=737538 587119 150419 5058 95989 145361 46284 99077 21039 63102 41158 17164 12200 491130
is_linear=0
shrinkage=0.03


Tree=48
num_leaves=15
num_cat=0
split_feature=35 35 29 22 35 33 29 1 13 16 33 21 0 24
split_gain=53.9224 18.2417 13.7374 13.1771 11.624 11.2246 11.2176 12.3773 11.9399 10.7527 10.0182 11.9371 9.93032 13.7312
threshold=4.5000000000000009 1.5000000000000002 0.095836837649273365 5.5000000000000009 9.5000000000000018 3550.5000000000005 0.15133805192524913 1608.5000000000002 70.950000000000017 88.250000000000014 126.50000000000001 0.083771929824561414 9.5000000000000018 0.044823015756651464
decision_type=2 2 8 10 2 2 10 2 8 10 2 8 2 8
left_child=1 5 4 9 12 -1 7 -5 -8 10 -4 -12 -2 -14
right_child=2 -3 3 6 -6 -7 8 -9 -10 -11 11 -13 13 -15
leaf_value=0.0016736537438638548 -0.0031816367749174512 0.00023431293552880961 0.00037453499408402581 0.00076845947813037262 -0.0057903756125867109 -0.0016758131656302423 0.0035181900438148775 0.0058938082457973863 -0.0054666134569244275 0.0011125529428826645 -0.0062815932907141995 -0.0017306366181782326 0.0014049034841377302 -0.0021288547456880091
leaf_weight=15757.023825198412 2895.4634937213268 28224.323973683175 836.89177398034371 2341.2836423751432 708.0386849923525 915.87525220960379 151.55428694514558 473.6486846562475 384.99600106524304 994.66600442561321 801.24246808001772 1476.9736813418567 1478.6509498229716 2782.6197343440726
leaf_count=75178 76396 235353 20504 65120 58839 4292 3746 12874 8309 20545 17912 31929 42729 64126
internal_value=0.000175504 0.000699974 -0.0013582 -0.000431397 -0.00222917 0.0014852 0.000956948 0.00171868 -0.00284519 -0.00156147 -0.00241939 -0.00343172 -0.00183912 -0.000900576
internal_weight=60223.3 44897.2 15326 7461.26 7864.77 16672.9 3351.48 2814.93 536.55 4109.77 3115.11 2278.22 7156.73 4261.27
internal_count=737852 314823 423029 180939 242090 79470 90049 77994 12055 90890 70345 49841 183251 106855
is_linear=0
shrinkage=0.03


Tree=49
num_leaves=15
num_cat=0
split_feature=35 35 13 23 8 11 35 23 5 6 34 32 17 1
split_gain=49.1038 20.0899 12.4539 12.2654 13.0079 10.9797 10.7571 10.0894 11.4465 13.1558 15.6587 15.7939 10.9565 10.8012
threshold=1.5000000000000002 9.5000000000000018 55.550000000000004 3.8050000000000002 1.5000000000000002 16.500000000000004 4.5000000000000009 -0.99499999999999988 9.5000000000000018 0.44722222222222224 -0.011771683322144408 0.14944694295990055 71.900806451612922 1010.5000000000001
decision_type=2 2 10 10 2 2 2 8 2 2 2 2 10 2
left_child=7 2 6 -4 -5 -6 -2 -1 9 -9 13 -12 -10 -11
right_child=1 -3 3 4 5 -7 -8 8 12 10 11 -13 -14 -15
leaf_value=0.0032859975150808592 -0.00070180704528683075 -0.0043799051150943064 -0.00066751135479524535 -0.0051665517119762515 0.0012299801350374407 -0.00062225603918257468 -0.0030236796079437691 0.0017287338024986191 0.0079819245417484964 0.0027531307383940251 0.0016381331877288055 -0.001617688870405088 0.0017448945201587252 -0.0048983100619392969
leaf_weight=2056.515483096242 5051.5927471229807 1162.6660718298517 21090.991010335041 306.9327320070006 8978.2714887693874 4192.5671087650117 2773.6859533153474 6777.5608646273613 345.70742533355951 170.54754747450352 3684.997934885323 2044.5734298452735 817.90863683819771 824.6129951775074
leaf_count=9529 43446 89010 238569 4569 134205 66910 81011 32358 1763 800 17638 9463 4154 3964
internal_value=-4.09399e-05 -0.000571493 -0.00046201 -0.000216395 0.000489402 0.000640249 -0.00153877 0.00133857 0.00105526 0.000801057 -0.000139765 0.000472363 0.00385041 -0.00351805
internal_weight=60279.1 43556.7 42394 34568.8 13477.8 13170.8 7825.28 16722.4 14665.9 13502.3 6724.73 5729.57 1163.62 995.161
internal_count=737389 657720 568710 444253 205684 201115 124457 79669 70140 64223 31865 27101 5917 4764
is_linear=0
shrinkage=0.03


Tree=50
num_leaves=15
num_cat=0
split_feature=19 15 20 6 30 21 16 13 16 23 14 25 10 4
split_gain=19.7714 11.7108 10.675 10.2419 11.5202 9.85906 9.23699 11.177 10.7234 13.4956 8.52725 8.8993 9.62504 8.38864
threshold=4.9301515151515156 45.716666666666676 182.50000000000003 0.10263157894736843 117.50000000000001 0.93750000000000011 64.250000000000014 67.350000000000009 79.950000000000017 3.5750000000000006 73.350000000000009 0.13963159657106575 15.500000000000002 2.4522727272727285
decision_type=10 8 10 2 8 10 10 8 10 10 8 10 2 2
left_child=1 -1 3 4 -3 -5 -2 -8 9 -9 -10 -12 -13 -6
right_child=6 2 -4 5 13 -7 7 8 10 -11 11 12 -14 -15
leaf_value=-0.005561364271980505 -0.0056593212051082916 0.0037971927367459021 -0.0027360866222002839 -7.3670883646910869e-05 -0.0037736622212342272 -0.0047785837501007527 0.0029365279148022708 -0.0016392933422947253 0.0031779220496206588 0.0014389506720860407 -0.00023463256065950515 -0.0026538859309942426 0.0017824118376512843 0.0031693161892359829
leaf_weight=341.15863802772947 150.8864255247172 201.47993648331612 1560.1183432957623 35789.454901022895 1585.517367063323 355.4143126134295 1967.8148888279684 3494.3403918389231 1458.7609872156754 1961.6301981990691 4658.0983555386774 430.171416121535 6145.6273992308415 135.55153895402327
leaf_count=13304 1445 3341 29015 521872 24744 3185 14785 23478 9622 16533 34707 2588 37152 1560
internal_value=-7.5561e-06 -0.000394499 -0.000343065 -0.000241531 -0.00234666 -0.000126472 0.000754617 0.000816638 0.000579347 -0.00052953 0.00105621 0.000767835 0.00147436 -0.0031528
internal_weight=60236 39968.7 39627.5 38067.4 1922.55 36144.9 20267.3 20116.4 18148.6 5455.97 12692.7 11233.9 6575.8 1721.07
internal_count=737331 597021 583717 554702 29645 525057 140310 138865 124080 40011 84069 74447 39740 26304
is_linear=0
shrinkage=0.03


Tree=51
num_leaves=15
num_cat=0
split_feature=17 19 31 29 23 21 4 25 7 1 11 4 3 3
split_gain=21.2411 17.3857 11.2875 10.816 9.45505 11.6951 10.9507 12.1071 9.07537 12.5104 9.57736 8.90321 12.5111 8.5218
threshold=54.62613636363637 8.0279914529914453 0.035914104134718496 0.046954657968554019 -1.3049999999999999 0.24165739710789771 -2.6519230769230755 0.41354056388720678 8.5000000000000018 1502.0000000000002 24.500000000000004 2.087121212121215 61.750000000000007 58.750000000000007
decision_type=8 10 10 8 8 10 2 10 10 2 2 2 2 2
left_child=-1 3 11 -2 -5 8 -7 13 -6 -10 -11 -3 -13 -8
right_child=1 2 -4 4 5 6 7 -9 9 10 -12 12 -14 -15
leaf_value=-0.0043167261196137953 -0.0029998227689368574 0.0015686886436856358 0.0073751279282607924 0.0015800559974357981 1.8428028170393431e-05 0.0039427979721339077 -0.0023929555197746643 0.0060154498126501997 -0.0066742888729659196 -0.0050559713657254016 0.005479315426061707 -0.0014888638292961994 0.0044712234209403528 -0.00015040698981246412
leaf_weight=997.30077933846042 1184.4362929258496 6587.9100193711929 209.67706198524684 2620.1538169130217 37977.509848935442 294.74814909487031 5136.2422934886999 138.19948979094625 369.02032564068213 77.685681022703648 155.56648298702203 2000.4059459059499 325.58805011585355 2170.3006864888594
leaf_count=32453 27007 39943 1193 20908 510319 3396 54717 918 7513 1770 3016 11722 1998 20709
internal_value=-8.15759e-05 -6.7067e-06 0.00119414 -0.000226258 -0.000156138 -0.000255948 -0.00131626 -0.00154939 -4.18098e-05 -0.00355047 0.00169739 0.00100842 -0.000578047 -0.00173239
internal_weight=60244.7 59247.4 9123.58 50123.9 48939.4 46319.3 7739.49 7444.74 38579.8 602.272 233.252 8913.9 2325.99 7306.54
internal_count=737582 705129 54856 650273 623266 602358 79740 76344 522618 12299 4786 53663 13720 75426
is_linear=0
shrinkage=0.03


Tree=52
num_leaves=15
num_cat=0
split_feature=18 17 4 19 28 31 12 14 5 29 27 22 14 12
split_gain=31.7477 11.9798 11.7576 14.1168 11.1358 10.9177 12.7213 10.9948 15.4404 12.9464 13.9296 10.5923 9.92106 12.3354
threshold=-15.991666666666662 54.62613636363637 -2.4861111111111103 3.8869230769230758 -2.2499999999999996 -0.0013591330660030943 63.750000000000007 76.850000000000009 1.5000000000000002 0.093821031899780458 60.500000000000007 6.5000000000000009 76.950000000000017 75.250000000000014
decision_type=8 10 2 8 8 8 8 10 2 10 10 10 8 10
left_child=1 -1 -2 12 11 7 -7 8 -6 10 -10 -5 13 -4
right_child=2 -3 3 4 5 6 -8 -9 9 -11 -12 -13 -14 -15
leaf_value=-0.0069170043613485414 0.0019189667021598657 -0.0020412954143632796 -0.00054843182867681526 0.0036149763855959148 -0.0036101010683557179 0.0045776989358698034 0.00062196214063125154 -0.0018855721997930789 -0.0013738368110308504 0.0027591583174010775 0.0025816513438957625 -0.0026301740042101221 -0.0010723565977969673 0.0013611391332641143
leaf_weight=560.86652652116027 3138.6662375377491 2076.0324020837434 8895.9071825203137 1599.3128297687508 766.88598238839768 718.12861620285548 16330.466280276189 3188.7983723469079 2710.4584835052956 1936.0217628753744 1079.3056082890835 249.81186792813241 12415.474684180459 4565.6058914186433
leaf_count=25092 47967 68688 142332 11947 6686 6000 125049 24881 31680 15657 8941 2375 168230 52353
internal_value=-2.11019e-07 -0.00318777 0.000148365 4.46474e-05 0.000503847 0.000345446 0.000801486 -0.000457611 0.000252765 0.000796914 -0.000228385 0.00272424 -0.000462498 0.000101858
internal_weight=60231.7 2636.9 57594.8 54456.2 28579.2 26730.1 17048.6 9681.47 6492.67 5725.79 3789.76 1849.12 25877 13461.5
internal_count=737878 93780 644098 596131 233216 218894 131049 87845 62964 56278 40621 14322 362915 194685
is_linear=0
shrinkage=0.03


Tree=53
num_leaves=15
num_cat=0
split_feature=35 35 8 4 19 11 30 30 6 29 30 28 12 4
split_gain=49.7349 22.8268 12.3177 10.9705 15.0398 12.8891 10.5487 10.3975 9.61415 8.27776 8.10825 9.18986 9.0698 8.10252
threshold=5.5000000000000009 1.5000000000000002 1.5000000000000002 -0.89736842105262926 -2.813029100529103 11.500000000000002 62.500000000000007 989.50000000000011 0.95416666666666672 0.093821031899780458 297.50000000000006 2.7500000000000004 52.95000000000001 5.1201923076923075
decision_type=2 2 2 2 10 2 8 10 2 10 8 10 10 2
left_child=1 6 9 4 -4 8 -1 -7 10 -2 11 12 -5 -3
right_child=2 13 3 5 -6 7 -8 -9 -10 -11 -12 -13 -14 -15
leaf_value=0.0043645922921568174 -0.0078353059350360858 4.1978690107189066e-06 -0.0024311376959120679 -0.0057130168996128283 0.0016343645539119715 -0.0056374866729254338 0.0011296737282591261 -0.001923269030936736 0.0036289767582894919 -0.0019742507840134465 -0.0024564812558296669 -0.0051983933105941077 0.0038740459171318089 -0.0054056695621850512
leaf_weight=921.66637174785137 451.1173965340713 33126.044839893002 1391.2651592175243 58.510109282098711 1846.906026602257 1334.7526345383376 15798.242355927825 1486.5942498836666 319.71921016997658 461.94377211388201 2109.5413341299864 120.5519718376454 567.55965087816003 201.05400847736746
leaf_count=4454 21213 311225 68175 3191 51024 38224 75180 43646 10790 16290 70449 3788 18207 1649
internal_value=2.89913e-05 0.000417718 -0.00188066 -0.00153388 -0.000122767 -0.00228849 0.00132048 -0.003748 -0.00095392 -0.00512648 -0.00152054 0.00111212 0.00262182 -3.64875e-05
internal_weight=60195.5 50047 10148.5 9235.4 3238.17 5997.23 16719.9 2821.35 3175.88 913.061 2856.16 746.622 626.07 33327.1
internal_count=737505 392508 344997 307494 119199 188295 79634 81870 106425 37503 95635 25186 21398 312874
is_linear=0
shrinkage=0.03


Tree=54
num_leaves=15
num_cat=0
split_feature=35 35 5 16 15 15 15 33 7 15 25 21 14 10
split_gain=48.025 22.0346 14.4613 12.2438 10.1764 9.50445 9.38773 9.04618 8.25279 7.98557 7.89688 7.76959 7.67128 7.66086
threshold=1.5000000000000002 8.5000000000000018 7.5000000000000009 73.750000000000014 45.716666666666676 73.016666666666694 85.141666666666694 18.500000000000004 6.5000000000000009 72.058333333333351 0.24364096355714446 0.075235849056603785 71.850000000000009 252.50000000000003
decision_type=2 2 2 10 8 10 10 2 10 10 10 10 8 2
left_child=-1 2 3 4 -2 8 13 -3 10 -6 -5 12 -10 -4
right_child=1 7 6 5 9 -7 -8 -9 11 -11 -12 -13 -14 -15
leaf_value=0.001262000556546421 -0.0080686680876725335 0.0023545726785835666 -0.0005244130470541717 0.00096609115794327378 -0.0014475364907165663 -0.00088580486676683823 0.002898939347630484 -0.0041159481190007965 -0.0062125280342123362 -0.0070004565845079043 -0.0050319717624979195 0.00013514262839457009 0.0015141347587737397 0.0012995527827552695
leaf_weight=16775.886477105319 184.5302048237063 182.82793536048848 5407.890892297728 6682.7299224680755 6704.3438443958294 16033.024602233199 1255.19999543624 1995.2425919709494 407.26520883222111 196.14236694481224 154.44687326811254 838.70597017463297 132.1568032191135 3292.2782318524551
leaf_count=79812 4872 13877 74269 86498 100144 169475 14532 124620 6702 2249 1436 11962 2135 45067
internal_value=-9.91644e-05 -0.000625349 -0.000467921 -0.000784118 -0.00187703 -0.00046158 0.000526215 -0.00353216 0.000366689 -0.0016546 0.000795051 -0.00171193 -0.00435166 0.000169286
internal_weight=60242.7 43466.8 41288.7 31333.3 7085.02 24248.3 9955.37 2178.07 8215.3 6900.49 6837.18 1378.13 539.422 8700.17
internal_count=737650 657838 519341 385473 107265 278208 133868 138497 108733 102393 87934 20799 8837 119336
is_linear=0
shrinkage=0.03


Tree=55
num_leaves=15
num_cat=0
split_feature=16 18 13 20 12 19 30 14 30 14 8 18 34 25
split_gain=17.4841 13.5477 16.663 11.4371 11.4044 15.1234 10.3301 10.2858 10.248 9.64997 10.332 9.55566 8.35171 10.702
threshold=59.750000000000007 -2.4666666666666646 68.550000000000011 317.50000000000006 81.250000000000014 6.1238095238095172 474.50000000000006 36.550000000000004 159.50000000000003 86.950000000000017 2.5000000000000004 -11.249999999999995 0.025598811069161377 0.17569159223073474
decision_type=8 10 8 10 10 10 8 8 8 8 2 10 2 10
left_child=-1 3 6 4 7 8 -3 -2 -6 11 -11 -10 -4 -14
right_child=1 2 12 -5 5 -7 -8 -9 9 10 -12 -13 13 -15
leaf_value=-0.0048900791594685246 0.0048071193918554087 0.0056226547995522408 0.00016567176927413064 -0.0059469403807167285 0.0043808839875763223 0.0062508026164693788 0.0011693472153719022 -0.00059592926366097666 -0.00363977658622462 -0.0031971248885617688 0.0014202387602538146 0.0012677536652272287 0.0042382251860219478 -0.00086301121641029659
leaf_weight=612.10517284902744 271.00124478130601 848.81435538362712 18477.438525675563 273.88943377276883 496.26164959766902 378.84973854478449 1050.7620876743458 29948.934659827501 342.29322331538424 1260.0488795975689 618.43171827448532 4124.18655644916 984.74271190399304 553.45077200094238
leaf_count=22354 5405 5859 128999 6017 6147 2725 7028 465168 6190 16770 8311 46247 7160 3207
internal_value=-4.18685e-05 1.19546e-05 0.000604367 -0.000332636 -0.000283688 0.000783856 0.00325245 -0.000539616 0.000437953 9.77212e-05 -0.00167959 0.000855529 0.000345574 0.00243339
internal_weight=60241.2 59629.1 21915.2 37713.9 37440 7220.07 1899.58 30219.9 6841.22 6344.96 1878.48 4466.48 20015.6 1538.19
internal_count=737587 715233 152253 562980 556963 86390 12887 470573 83665 77518 25081 52437 139366 10367
is_linear=0
shrinkage=0.03


Tree=56
num_leaves=15
num_cat=0
split_feature=35 35 19 9 29 1 17 12 15 20 8 9 22 30
split_gain=42.1387 22.7911 12.2681 12.0637 10.4562 10.4151 12.031 8.5863 8.45028 8.4311 12.7782 12.6232 10.4587 10.2222
threshold=1.5000000000000002 6.5000000000000009 -7.3680652680652647 86.500000000000014 0.10630911126240876 1620.5000000000002 71.301428571428588 87.250000000000014 85.316666666666677 9.5000000000000018 1.5000000000000002 84.500000000000014 5.5000000000000009 2361.5000000000005
decision_type=2 2 10 2 10 2 10 10 10 10 2 2 10 10
left_child=3 9 4 7 -3 6 -4 8 -1 -2 11 -11 -12 -14
right_child=1 2 5 -5 -6 -7 -8 -9 -10 10 12 -13 13 -15
leaf_value=0.0014818597905872262 0.00075897515644169364 -0.0065412926407204123 -0.00031428772029925021 -0.0004790619523732776 -0.00044445676759508334 0.0013771994020045351 -0.0035161283704525951 0.0036454630471984524 -0.002252753302432027 -0.0094216578121796412 -0.00076602915157059439 -0.0016046096779953509 0.00077544170753282853 -0.0019261998309047232
leaf_weight=11603.608681581914 5983.0204488260206 870.23926351463888 1866.6967316004448 3075.8696891590953 359.83501564525068 882.22723847790621 2415.0059815000277 1583.7555580511689 528.80250426381826 218.82702248822898 19607.528057232266 695.16722299368121 9099.409929753514 1413.3664279731456
leaf_count=54992 63671 63554 76269 14945 18659 31130 80387 7394 2496 2143 191319 7618 106721 16147
internal_value=-6.1338e-05 -0.000554959 -0.00220166 0.00121265 -0.0048448 -0.00153163 -0.00213996 0.00159238 0.00131051 -0.000267938 -0.000466816 -0.00386776 -0.000357376 0.000404827
internal_weight=60203.4 43411.3 6394 16792 1230.07 5163.93 4281.7 13716.2 12132.4 37017.3 31034.3 913.994 30120.3 10512.8
internal_count=737445 657618 269999 79827 82213 187786 156656 64882 57488 387619 323948 9761 314187 122868
is_linear=0
shrinkage=0.03


Tree=57
num_leaves=15
num_cat=0
split_feature=35 35 18 4 13 21 35 31 16 21 30 4 25 13
split_gain=42.8882 21.9588 14.6561 10.3859 11.515 10.5828 11.239 11.1733 10.03 9.44804 10.6316 9.28532 8.59434 8.41829
threshold=5.5000000000000009 1.5000000000000002 -13.69999999999999 -1.8333333333333319 84.950000000000017 0.13811445341159209 7.5000000000000009 0.014181599668900896 67.450000000000017 0.12220009955201594 1511.5000000000002 3.6035714285714282 0.056698479810359657 77.250000000000014
decision_type=2 2 8 2 10 8 2 8 10 10 10 2 8 10
left_child=1 -1 8 4 -4 7 12 9 -2 -5 -11 13 -7 -3
right_child=2 11 3 5 -6 6 -8 -9 -10 10 -12 -13 -14 -15
leaf_value=0.0012067285857653887 -0.0078203096099168819 -0.00038917454688407269 0.0001911897442250752 -0.0017458709652091171 0.0090980574552494732 0.0063417205527060237 -0.0053796112521558425 0.003899306538650464 -0.0027388409540832024 -0.0010633692294598907 0.0085623741873172756 -0.0026964130777582477 -0.0020322358991498248 0.00061825901901288113
leaf_weight=16774.204071372747 468.41253891505767 20601.536069657421 1223.6173164746724 3071.3539889306121 96.564688383368775 68.80843904428184 1103.0666707174387 385.27224592375569 1409.2047502803616 217.75313314213417 131.32219250174239 1165.2182065881789 1928.2090622331016 11641.219473779202
leaf_count=79715 33668 200377 38361 88764 2702 1487 48620 9941 71237 5738 3558 9693 41139 103289
internal_value=-3.66488e-05 0.000322834 -0.00181492 -0.0012539 0.00115091 -0.0017186 -0.0030062 -0.000644343 -0.00417649 -0.00120494 0.00317691 -0.000122111 -0.00159585 -2.50474e-05
internal_weight=60285.8 50182.2 10103.6 8225.97 1320.18 6905.79 3100.08 3805.7 1877.62 3420.43 349.075 33408 1997.02 32242.8
internal_count=738289 393074 345215 240310 41063 199247 91246 108001 104905 98060 9296 313359 42626 303666
is_linear=0
shrinkage=0.03


Tree=58
num_leaves=15
num_cat=0
split_feature=35 8 8 35 7 23 23 31 23 4 6 17 17 8
split_gain=46.0149 18.4465 23.4362 11.8292 11.8024 11.6083 10.5148 10.4809 12.1202 13.3326 10.166 9.69323 11.5367 9.48538
threshold=2.5000000000000004 1.5000000000000002 1.0000000180025095e-35 8.5000000000000018 6.5000000000000009 2.8050000000000002 4.3050000000000006 -0.0095994585892922122 -0.99499999999999988 2.1132478632478642 0.80625000000000013 86.455902777777794 63.528174603174612 3.5000000000000004
decision_type=2 2 2 2 10 10 8 10 8 2 2 10 8 2
left_child=7 2 6 4 5 -3 -2 11 -9 13 -7 12 -1 -10
right_child=1 3 -4 -5 -6 10 -8 8 9 -11 -12 -13 -14 -15
leaf_value=-0.0051616693956577329 0.0085352472014051835 -0.00084996523576018313 -0.0077325730182338749 -0.0027222170147487702 -0.00199946504319356 3.2323395612404559e-05 -0.0018411047648480621 0.0030116067792044566 0.0017515003992804514 -0.00061517761652316299 0.0020241316665112531 -0.00571820394791441 0.0004668506909930444 0.000343187435464839
leaf_weight=316.9296436496079 42.461393477162346 10153.312255582539 667.75661266443785 1979.1708498575026 3321.4572027071845 9619.2673823104415 2241.2738344208337 2675.5751208849251 11750.125096458942 4276.9344462417066 2984.150598091539 255.84081959724426 3021.4802574068308 6821.6094814576209
leaf_count=1899 610 131711 13625 123821 54776 156500 47595 13693 64610 23023 49700 1409 16880 37628
internal_value=4.82082e-05 -0.000755429 -0.00299165 -0.000515287 -0.000342906 -9.72694e-05 -0.00146944 0.000903845 0.00111725 0.000889324 0.000510065 -0.000606135 -0.000135771 0.00123652
internal_weight=60127.3 31008.9 2951.49 28057.4 26078.2 22756.7 2283.74 29118.5 25524.2 22848.7 12603.4 3594.25 3338.41 18571.7
internal_count=737480 578338 61830 516508 392687 337911 48205 159142 138954 125261 206200 20188 18779 102238
is_linear=0
shrinkage=0.03


Tree=59
num_leaves=15
num_cat=0
split_feature=35 18 35 4 21 33 14 33 29 4 12 10 30 29
split_gain=40.9142 18.3004 14.1505 11.7162 9.95906 9.72381 9.70586 9.54144 9.47257 10.5446 9.91118 9.56354 8.9622 8.7655
threshold=5.5000000000000009 -12.966666666666645 1.5000000000000002 1.0138888888888895 0.51086956521739146 58.500000000000007 42.350000000000001 10.500000000000002 0.11794972072641219 -0.85504201680672043 67.15000000000002 242.50000000000003 297.50000000000006 0.21953134749150746
decision_type=2 10 2 2 10 2 8 2 8 2 10 2 10 8
left_child=2 -2 3 4 -1 7 12 -5 9 -3 -10 -12 -4 -7
right_child=1 8 6 5 -6 13 -8 -9 10 -11 11 -13 -14 -15
leaf_value=0.00186400386256852 -0.0038654419014983376 9.767425430979226e-05 -0.0018990387849669192 0.0026933593210471608 -0.0023072380155829786 0.00065342936681779421 -0.00015915259440002827 -0.0045911422528835894 0.0052259336774820898 -0.0026666602572057137 0.0016113278430861062 -0.0029938770257419158 0.0081329720999746922 -0.0052495485201745021
leaf_weight=9172.8065677136183 2832.3836889213417 1935.6643713733647 96.401529834140092 175.16548524796963 504.21254639327526 6100.854169420898 32991.072800845839 637.42933560162783 315.88574120681733 3398.0054818266653 961.83648160193115 628.03471226827241 189.22057622950524 185.34836679697037
leaf_count=43792 144555 58352 1080 846 2306 28879 309335 3049 8059 94758 23761 15197 2039 846
internal_value=-0.000100943 -0.00184057 0.0002506 0.000959638 0.00163592 3.27386e-05 -0.000107752 -0.00295577 -0.00102726 -0.00167185 0.00077338 -0.000243649 0.00496854 0.000439329
internal_weight=60124.3 10071.8 50052.5 16775.8 9677.02 7098.8 33276.7 812.595 7239.43 5333.67 1905.76 1589.87 285.622 6286.2
internal_count=736854 344682 392172 79718 46098 33620 312454 3895 200127 153110 47017 38958 3119 29725
is_linear=0
shrinkage=0.03


Tree=60
num_leaves=15
num_cat=0
split_feature=35 8 7 29 20 7 35 10 23 30 29 29 5 17
split_gain=40.5789 14.4791 19.0619 14.4107 14.2828 11.1317 11.0495 10.3019 9.62371 13.5624 8.92761 8.73969 8.28345 11.0957
threshold=2.5000000000000004 1.5000000000000002 2.5000000000000004 0.10471716502997537 321.50000000000006 8.5000000000000018 8.5000000000000018 125.50000000000001 3.8050000000000002 311.50000000000006 0.051802895033370898 0.065555976112372794 8.5000000000000018 73.101250000000007
decision_type=2 2 10 10 10 10 2 2 10 8 8 8 2 10
left_child=12 2 3 -2 5 6 8 -5 9 -3 -10 -7 -1 -14
right_child=1 4 -4 7 -6 11 -8 -9 10 -11 -12 -13 13 -15
leaf_value=0.00059362444037318752 -0.0035994431394312208 0.0010176772140737039 -0.0073081167515877034 0.0049193897355874769 -0.0064026565668284883 0.0020451300723785606 -0.0025748260814584018 -0.00098350233524746025 -0.0029571147498390054 -0.0012113772461834296 0.0006649201231734538 -0.0062968550546014029 0.0041762853517825346 0.00086007780750098914
leaf_weight=25316.863917011768 1248.2110580592416 3104.8241253606975 599.16821845574304 351.26721303071827 320.40660182782449 120.40479838568717 1866.1369822422275 752.79310422251001 601.47077661100775 11158.456523752306 10398.699296687322 438.90562253980897 1390.0980196595192 2553.6792705245316
leaf_count=136948 31180 41482 12024 5971 8025 3465 116057 12825 12909 149409 174827 10061 8221 14646
internal_value=-5.00983e-06 -0.000761477 -0.00274288 -0.00145212 -0.000548174 -0.000469009 -0.000378215 0.00102632 -0.000211192 -0.000724298 0.000454389 -0.00448059 0.000795343 0.00206662
internal_weight=60221.4 30960.7 2951.44 2352.27 28009.3 27688.9 27129.6 1104.06 25263.5 14263.3 11000.2 559.31 29260.6 3943.78
internal_count=738050 578235 62000 49976 516235 508210 494684 18796 378627 190891 187736 13526 159815 22867
is_linear=0
shrinkage=0.03


Tree=61
num_leaves=15
num_cat=0
split_feature=35 11 35 11 31 0 17 2 3 6 11 19 21 17
split_gain=37.8541 16.6601 12.7519 10.0803 9.98382 10.4174 9.50219 10.291 9.52254 9.4501 8.63374 7.70816 13.4677 8.42069
threshold=1.5000000000000002 31.500000000000004 9.5000000000000018 29.500000000000004 -0.009793450941462516 9.5000000000000018 64.522875816993476 6.5000000000000009 60.250000000000007 0.16025641025641027 61.500000000000007 4.5833333333333401 0.46862745098039221 65.260468750000015
decision_type=2 2 2 2 10 2 10 10 2 2 2 8 10 8
left_child=1 4 3 -2 5 -1 8 9 -5 -8 -11 12 -6 -13
right_child=2 -3 -4 6 11 -7 7 -9 -10 10 -12 13 -14 -15
leaf_value=-0.0031636513030132165 -0.00050671087474694172 0.0059329638969219164 -0.0035172489976176883 -0.0061234408427392976 0.0008717150599721644 0.0013295661843011279 -0.0038191736179815929 0.0058223602636558467 0.0046167215024269584 0.0020062996492092333 -0.0047098255541855524 0.0057504905780809247 -0.0040576211088720875 0.0015745617149514129
leaf_weight=939.28060885518789 38759.488048310683 602.03170139342546 1140.0434869627934 235.88815327757038 4345.0155446454883 835.12561066448689 284.9674706296064 409.26885519479401 59.573814804432914 2378.6960230239201 138.45867097121663 416.31234910339117 512.96259874850512 9098.4160328507423
leaf_count=4352 518047 3055 89269 4637 21854 4223 4112 5780 689 34068 2139 1960 2459 41647
internal_value=1.38352e-05 0.0012232 -0.000453692 -0.000367001 0.00102983 -0.00107043 0.00116256 0.00164955 -0.00360314 0.000948692 0.00155234 0.00129193 0.000315183 0.00178638
internal_weight=60155.5 16749.1 43406.4 42266.3 16147.1 1774.41 3506.85 3211.39 295.462 2802.12 2517.15 14372.7 4857.98 9514.73
internal_count=738291 79550 658741 569472 76495 8575 51425 46099 5326 40319 36207 67920 24313 43607
is_linear=0
shrinkage=0.03


Tree=62
num_leaves=15
num_cat=0
split_feature=31 12 16 20 14 19 19 22 31 30 14 2 20 24
split_gain=21.336 20.2418 16.3988 16.3388 13.334 12.4249 11.2893 13.0905 14.1314 11.0475 10.8421 9.90657 9.4053 9.14145
threshold=-0.0010454149216594217 59.050000000000004 81.550000000000011 237.50000000000003 77.050000000000011 1.0000000180025095e-35 12.118898809523808 3.5000000000000004 0.0040767504442337319 1079.5000000000002 50.150000000000013 7.5000000000000009 7.5000000000000009 0.061555040098263951
decision_type=8 8 8 10 8 10 10 10 10 10 8 10 10 10
left_child=1 9 6 -4 5 -3 7 8 13 11 -9 -1 -10 -2
right_child=2 4 3 -5 -6 -7 -8 10 12 -11 -12 -13 -14 -15
leaf_value=-0.0056075526864281904 0.00074433606887686044 -0.0012009954637728787 0.0011020422778015525 -0.0048525529246106818 -0.0010930395321826845 0.0011222028415907776 0.0032437836322449184 0.0053810000022725315 0.0049824298680278632 0.00066017079629007898 3.3044605972753324e-05 0.0032926451118449737 -0.00096017520427951731 -0.0048150034246767026
leaf_weight=1289.2643741308711 310.06254074466415 2934.7297404289711 22447.38293897314 373.95484709111042 11501.494652322493 6741.369050483685 717.3036122051999 306.71887407859322 207.38475323212333 395.6428327820031 7846.8579680707771 90.74944768473506 3536.3518091174774 1420.4062096539419
leaf_count=33075 4005 67663 228169 4694 138240 67754 3840 7898 1657 11938 120498 2858 31902 12978
internal_value=5.13572e-05 -0.000666947 0.000495268 0.000994074 -0.000404643 0.000415032 -0.000298971 -0.000496621 -0.00162433 -0.00369859 0.000265793 -0.00492761 -0.000569656 -0.00382596
internal_weight=60119.7 22953.3 37166.4 22821.3 21177.6 9676.1 14345.1 13627.8 5474.21 1775.66 8153.58 1380.01 3743.74 1730.47
internal_count=737169 321528 415641 232863 273657 135417 182778 178938 50542 47871 128396 35933 33559 16983
is_linear=0
shrinkage=0.03


Tree=63
num_leaves=15
num_cat=0
split_feature=35 35 11 23 8 8 23 29 29 8 20 28 6 6
split_gain=45.5425 11.5522 11.2726 10.2169 9.70153 22.8218 9.61316 8.52429 10.2888 9.73971 8.38853 8.44458 7.94385 7.51265
threshold=2.5000000000000004 9.5000000000000018 24.500000000000004 10.105000000000002 1.5000000000000002 1.0000000180025095e-35 -0.99499999999999988 0.10434899360201748 0.1801842653615042 2.5000000000000004 58.500000000000007 1.7500000000000002 0.94281045751633996 0.8973684210526317
decision_type=2 2 2 8 2 2 10 8 10 2 10 8 2 2
left_child=2 4 6 -3 5 13 10 9 -9 -4 11 -1 -13 -2
right_child=1 3 7 -5 -6 -7 -8 8 -10 -11 -12 12 -14 -15
leaf_value=0.0036967054260743345 -0.0016450203574819571 -0.0020383350884941305 0.0060285171501592363 -0.00865644493323099 -0.0005781976418948203 -0.0071726572497813716 0.00032375820800990027 -0.00033195685249269759 0.0062034187571887974 -0.00018999984725078073 -0.0026696499020022945 0.0015995516131376943 -0.0033943271205315148 0.0029634761170326336
leaf_weight=1800.7711876519024 1870.1596686600242 889.30095049890224 871.72384026646614 246.90576232818421 26987.021437723597 640.4742928892374 21787.25503501296 1078.0726980268955 219.99537315219641 296.64375322312117 312.02818097174168 2491.7257963418961 275.88903025537729 334.29292208841071
leaf_count=9218 34316 63642 5117 25686 436911 11574 119359 6184 1182 1755 1611 13165 1429 6481
internal_value=-7.3048e-05 -0.000873356 0.00077768 -0.00378076 -0.000756481 -0.00240849 0.000595288 0.00269873 0.000964657 0.00450666 0.00179188 0.00212221 0.00105034 -0.000895942
internal_weight=60102.3 30968.2 29134.1 1136.21 29831.9 2844.93 26667.7 2466.44 1298.07 1168.37 4880.41 4568.39 2767.61 2204.45
internal_count=737630 578610 159020 89328 489282 52371 144782 14238 7366 6872 25423 23812 14594 40797
is_linear=0
shrinkage=0.03


Tree=64
num_leaves=15
num_cat=0
split_feature=35 35 23 21 30 32 32 13 14 9 16 30 21 30
split_gain=33.6295 14.4851 13.4604 12.6138 11.8037 10.975 10.2393 10.1643 10.2446 10.0858 8.33753 9.73952 8.14479 8.85385
threshold=6.5000000000000009 1.5000000000000002 -0.99499999999999988 0.14962686567164182 3659.5000000000005 0.033364958886780531 0.1608725391066437 86.550000000000011 82.950000000000017 9.5000000000000018 59.750000000000007 818.50000000000011 0.1114996114996115 1332.5000000000002
decision_type=2 2 8 8 10 2 2 10 10 2 8 10 10 10
left_child=1 2 -1 5 10 -2 -6 -5 -9 -7 11 -3 -4 -14
right_child=3 4 12 7 6 9 -8 8 -10 -11 -12 -13 13 -15
leaf_value=0.0031607433786581714 -0.0072742660328008928 -0.007087308041545495 0.0011694871352591267 -0.0048328662355590843 -0.00431649760763822 0.0055815276826299215 0.0026050206017876002 0.007897532075659533 -0.0023040037036394156 -0.0010989041744846161 -9.8352688546894776e-06 0.0024847322055300092 0.00069741696896797841 -0.0016190347980660944
leaf_weight=2036.9995745196939 198.42428831782308 256.83888935018331 8644.866752654314 1818.9959562285803 966.06913460302167 165.37307678069919 201.7537412121892 75.763849794864655 252.74661532090977 3823.9309450557921 35416.846057543065 108.72045389236882 3537.7828425019979 2485.6088993549347
leaf_count=9383 13040 4185 40646 71826 10043 5000 1809 2553 8390 169453 369418 1990 17221 12043
internal_value=-7.15545e-05 0.000173219 0.000904907 -0.00212975 -0.000158354 -0.00114733 -0.00306287 -0.00397583 0.000781206 -0.000756311 -5.94186e-05 -0.00428407 0.000581963 -0.000263948
internal_weight=59990.7 53655.5 16705.3 6335.23 36950.2 4187.73 1167.82 2147.51 328.51 3989.3 35782.4 365.559 14668.3 6023.39
internal_count=737000 466738 79293 270262 387445 187493 11852 82769 10943 174453 375593 6175 69910 29264
is_linear=0
shrinkage=0.03


Tree=65
num_leaves=15
num_cat=0
split_feature=35 8 24 3 22 16 33 29 30 12 32 16 6 20
split_gain=21.7202 14.4406 19.134 10.9868 10.7729 11.2752 10.8437 20.7246 10.5993 12.6393 10.0092 9.25514 9.2359 11.5501
threshold=2.5000000000000004 1.5000000000000002 0.060240587412364606 54.750000000000007 6.5000000000000009 89.450000000000017 770.50000000000011 0.090450237183204066 630.50000000000011 55.550000000000004 0.073955096261699438 91.450000000000017 0.91287878787878796 15.500000000000002
decision_type=2 2 8 2 10 10 2 8 10 10 2 10 2 8
left_child=-1 2 -2 -3 5 8 7 -6 9 -5 -4 -7 -10 -14
right_child=1 3 10 4 6 11 -8 -9 12 -11 -12 -13 13 -15
leaf_value=0.0005887992191008414 -0.0093968443379834812 0.0011365698132829892 -0.0058389801407074992 -0.006598250440380973 -0.00092219579763520452 0.0029214481773991176 -0.00154756620298831 0.0026404234016637299 -0.0024455412364222506 -2.0729338995970808e-05 -0.00084193607870369964 -0.00062155197719585063 0.0041710138817565613 -0.0019766364292945282
leaf_weight=29131.93973460421 278.06349487800617 3862.8000934600132 384.37157981295604 226.73330208845437 2707.0726407709299 1021.6999921503011 1994.4139049807563 3114.5619177024346 7031.5491232580971 5278.0681098059285 2281.4329403662123 1707.0162638891488 415.53041029185988 624.56145795597695
leaf_count=158971 7743 90479 12070 4965 74279 14569 37747 62717 108538 81045 42113 25380 6546 10137
internal_value=1.48813e-06 -0.000551776 -0.0025325 -0.000339262 -0.000577466 -0.00101542 0.000336809 0.000990052 -0.00136839 -0.0003486 -0.00165667 0.000733734 -0.00205745 0.000558092
internal_weight=60059.8 30927.9 2943.87 27984 24121.2 16305.2 7816.05 5821.63 13576.4 5504.8 2665.8 2728.72 8071.64 1040.09
internal_count=737299 578328 61926 516402 425923 251180 174743 136996 211231 86010 54183 39949 125221 16683
is_linear=0
shrinkage=0.03


Tree=66
num_leaves=15
num_cat=0
split_feature=35 35 30 20 32 20 14 4 14 25 24 17 16 15
split_gain=32.5575 11.5005 10.8642 10.4627 10.9615 8.2234 7.69593 8.76408 10.1019 8.31405 8.03789 7.62827 7.33593 9.69717
threshold=5.5000000000000009 1.5000000000000002 52.500000000000007 241.50000000000003 0.033364958886780531 109.50000000000001 91.350000000000009 1.5138888888888895 84.950000000000017 0.19685252274454976 0.18156070455339887 84.038675213675234 86.550000000000011 77.458333333333357
decision_type=2 2 8 10 2 10 8 2 10 10 10 10 10 10
left_child=1 2 5 4 -2 -1 7 11 9 -9 -8 -6 -3 -14
right_child=3 12 -4 -5 6 -7 10 8 -10 -11 -12 -13 13 -15
leaf_value=0.0052936595209615803 -0.006651147032235352 -0.00025282014913301351 0.00080275814283903041 -0.0066970193356823606 -0.00051413965583590039 -0.0030883608776745607 -0.003379352454517758 -0.0046881153357982144 0.0030079035246516703 0.0043611868002935662 0.0031777770658103599 0.003498584064566379 0.0026322047313773666 0.00023737059844227689
leaf_weight=728.19933442026377 289.3823328599392 24165.342080846895 15952.604291841388 293.41213399718981 5831.0582162580686 88.466451302170753 1772.8745531421155 1023.1092584156431 182.6793708242476 61.209439873695374 146.29896450415254 409.88251347979531 1882.0928101236932 7222.2871172847226
leaf_count=3497 15486 230959 75608 12143 195210 424 71784 28364 4753 1398 3807 12049 18022 63853
internal_value=3.11767e-05 0.000343945 0.000983283 -0.00152628 -0.00133665 0.00425988 -0.00113928 -0.000696053 -0.00292026 -0.00400756 -0.00281151 -0.000224886 2.07014e-05 0.000744113
internal_weight=60048.9 50039 16769.3 10009.9 9716.49 816.666 9427.11 7507.94 1267 1084.32 1919.17 6240.94 33269.7 9104.38
internal_count=737357 392363 79529 344994 332851 3921 317365 241774 34515 29762 75591 207259 312834 81875
is_linear=0
shrinkage=0.03


Tree=67
num_leaves=15
num_cat=0
split_feature=17 19 15 4 31 25 33 0 20 12 7 24 26 20
split_gain=16.0653 9.88911 11.0769 10.053 9.0884 12.0019 8.40523 7.84928 7.43754 8.04167 7.33054 13.0731 7.28225 6.95487
threshold=51.803571428571438 9.2333333333333396 64.283333333333346 4.7596153846153841 -0.0014704387783604144 0.13879501119811952 322.50000000000006 10.500000000000002 123.50000000000001 71.850000000000009 8.5000000000000018 0.020004809412786186 -0.12626659890321038 6.5000000000000009
decision_type=8 10 10 2 10 10 2 2 10 10 10 10 10 10
left_child=-1 3 -3 10 5 7 -7 -4 -6 -10 -2 -12 -9 -13
right_child=1 2 4 -5 8 6 -8 12 9 -11 11 13 -14 -15
leaf_value=-0.0047898210199251541 -2.0493206489516859e-05 0.0073357163951884947 -0.0044204128868666915 -0.0045779205502853833 0.0023732265142881498 0.0047068130399567911 -0.00058180139042939981 -0.0043351751690255853 0.0048016085691911124 -0.0025111804298902792 0.0048050890377526719 0.0047321630367472833 0.0026984524848291599 -0.0056997290878563122
leaf_weight=578.0758551863255 52024.859716349398 201.1890473421663 739.41917799320072 397.55264885933138 3174.1520788101479 427.77482845168561 601.2580119878985 149.70942630898207 124.05332088330761 575.90700180223212 114.72188745089807 26.314970987616107 344.63327920483425 543.93154350854456
leaf_count=21542 660890 1377 4535 3771 16995 2435 3228 989 857 3456 3957 378 2623 9921
internal_value=-1.69675e-05 3.34323e-05 0.00114866 -0.000100619 0.000888178 -0.00061421 0.00173294 -0.00256312 0.00176234 -0.000981425 -6.25436e-05 -0.0030377 0.000365806 -0.00487566
internal_weight=60023.6 59445.5 6338.1 53107.4 6136.91 2262.79 1029.03 1233.76 3874.11 699.96 52709.8 684.968 494.343 570.247
internal_count=736954 715412 36495 678917 35118 13810 5663 8147 21308 4313 675146 14256 3612 10299
is_linear=0
shrinkage=0.03


Tree=68
num_leaves=15
num_cat=0
split_feature=35 35 21 29 6 32 15 9 12 29 30 27 34 6
split_gain=31.5602 16.5706 15.3853 14.0426 12.5832 10.4158 9.79095 9.72484 8.70102 8.94614 8.45288 10.7388 8.47941 12.1732
threshold=7.5000000000000009 1.5000000000000002 0.15831244778613202 0.090117447745656429 0.87867647058823539 0.096851713032372708 45.716666666666676 76.500000000000014 86.250000000000014 0.10759367295918042 2419.5000000000005 15.500000000000002 0.0094451944814697517 0.69397993311036799
decision_type=2 2 10 10 2 2 8 2 8 8 10 8 2 2
left_child=1 4 3 7 5 8 -3 -2 9 -1 11 -8 -13 -14
right_child=2 6 -4 -5 -6 -7 10 -9 -10 -11 -12 12 13 -15
leaf_value=0.0028264172209980774 -0.00073275431620599494 -0.0056942188748889027 -0.0059195381471051529 0.00079764098577894964 0.0029557011521964029 0.00016434867214040101 0.00055259773673990633 -0.0054764029610249142 0.005712415454517587 -0.00046876646512508988 -0.0012324612487975629 -0.00094159652792999947 -0.00057535749823554026 0.0026397252233805982
leaf_weight=1657.7919086068869 721.66592643014155 236.74114099051803 923.86609135451727 1289.8753537182929 2370.9634738266468 11046.803528808057 17804.638681599637 840.99441041599493 455.54030004143715 1288.5909664183855 5350.5513215486426 11627.65400507272 2908.0593535075895 1605.6940693093929
leaf_count=8243 38423 5073 39174 64505 11261 51843 203882 57927 2155 6225 59364 139208 32428 18197
internal_value=-1.36857e-05 0.000165193 -0.00265027 -0.0015077 0.0009524 0.000614609 -0.000170509 -0.00337634 0.00205315 0.00140151 -0.000130038 4.52826e-05 -0.000514285 0.000584746
internal_weight=60129.4 56353 3776.4 2852.54 16819.7 14448.7 39533.3 1562.66 3401.92 2946.38 39296.6 33946 16141.4 4513.75
internal_count=737908 537879 200029 160855 79727 68466 458152 96350 16623 14468 453079 393715 189833 50625
is_linear=0
shrinkage=0.03


Tree=69
num_leaves=15
num_cat=0
split_feature=16 15 31 14 18 19 34 32 34 17 11 15 30 32
split_gain=15.9026 12.4582 11.1332 10.8012 10.5771 9.35885 9.26149 9.75092 9.1333 8.50501 11.821 8.3696 8.2685 8.04934
threshold=86.750000000000014 45.716666666666676 0.0040767504442337319 68.350000000000009 -3.2999999999999932 6.2133333333333356 -0.013428293660693839 0.041275490029938432 0.014519845035524188 79.243650793650815 16.500000000000004 81.716666666666683 304.50000000000006 0.040029027576197397
decision_type=10 8 8 8 10 10 2 2 2 10 2 10 8 2
left_child=1 -1 13 4 -4 6 7 -5 -2 -10 -11 -7 -6 -3
right_child=8 2 3 5 12 11 -8 -9 9 10 -12 -13 -14 -15
leaf_value=-0.0058890843698387232 0.00030428891105299969 -0.0035614735367288323 0.00073784360400066422 0.0038263195179099783 0.0081919633700043813 0.0015996028833303352 -0.00032954725278635437 -0.0039030893224244931 0.0046447127372351744 0.0022437788062910384 -0.0025282821117254342 -0.0022731043077637552 0.0019444532171918332 -0.0006804096440620656
leaf_weight=323.32123690331355 13340.184817888308 858.87900831035222 3089.6235820746515 126.93003675504588 290.97205210011452 3346.6107614068314 8586.5859514633194 1153.7890490908176 807.33437035209499 1956.1459096267354 563.83193284552544 544.27161408960819 532.85718279657885 24526.625411012094
leaf_count=13183 144148 22557 47883 2486 1882 20965 101711 14582 8871 17552 7071 3027 3314 328173
internal_value=-0.000128022 -0.000430569 -0.000382797 0.00019512 0.00157517 -0.000201712 -0.000692493 -0.00302205 0.00065835 0.00205237 0.00114764 0.00103591 0.00449352 -0.000784695
internal_weight=60048 43380.5 43057.1 17671.6 3913.45 13758.2 9867.31 1280.72 16667.5 3327.31 2519.98 3890.88 823.829 25385.5
internal_count=737405 559763 546580 195850 53079 142771 118779 17068 177642 33494 24623 23992 5196 350730
is_linear=0
shrinkage=0.03


Tree=70
num_leaves=15
num_cat=0
split_feature=18 13 18 16 14 29 8 17 17 30 25 33 20 16
split_gain=17.2219 11.1818 15.4982 19.6712 11.2553 9.94715 9.18663 9.14061 9.96513 9.80093 8.95221 8.39054 7.80456 7.61817
threshold=-10.733333333333329 68.750000000000014 -1.0000000180025095e-35 82.750000000000014 67.750000000000014 0.076712930640152166 1.5000000000000002 70.901388888888903 58.812132352941184 3588.5000000000005 0.19088790782992124 224.50000000000003 328.50000000000006 77.15000000000002
decision_type=8 8 10 10 10 10 2 10 10 8 10 2 10 10
left_child=6 2 3 7 -4 -5 -1 8 11 -10 -9 -2 -8 -6
right_child=1 -3 4 5 13 -7 12 10 9 -11 -12 -13 -14 -15
leaf_value=-0.0071215859137142836 0.00051033405788397104 -1.5640654859941613e-05 0.0080348468354243807 -0.00070800717117865076 -0.0022300860503996515 0.0050540425317397285 -0.0010074334431625391 -0.0041165051241313167 0.0011771090726207596 -0.0066477868747215922 0.003756385769736032 -0.0061509381568740674 -0.0080540696456475151 0.0044419343511199498
leaf_weight=191.99976134521421 311.3148918824736 44224.78378708777 427.93017921410501 335.52067580027506 238.54679132346064 1122.4557547210716 7361.8204246461391 728.67283902829513 4216.693085722567 99.832635215017945 115.32697626948357 307.48898482788354 95.587189143407159 291.32497395202518
leaf_count=6328 4218 443823 2576 4417 1493 11322 194909 7867 50206 1141 908 3829 3077 1723
internal_value=-2.10003e-05 0.00017344 0.00118772 0.000697119 0.00467627 0.00374853 -0.00134594 -9.82227e-05 0.000403545 0.000922085 -0.0028908 -0.0030121 -0.00115079 0.00150492
internal_weight=60069.3 52419.9 8195.11 7237.31 957.802 1457.98 7649.41 5779.33 4935.33 4316.53 844 618.804 7457.41 529.872
internal_count=737837 533523 89700 83908 5792 15739 204314 68169 59394 51347 8775 8047 197986 3216
is_linear=0
shrinkage=0.03


Tree=71
num_leaves=15
num_cat=0
split_feature=35 12 32 9 4 17 4 25 23 24 29 29 18 25
split_gain=27.5387 10.0374 18.6492 10.7198 10.6022 9.27402 9.24924 9.31249 9.2179 9.47651 8.50686 8.89992 8.765 9.43533
threshold=4.5000000000000009 55.550000000000004 0.053133928571428575 13.500000000000002 -3.1485294117647054 54.62613636363637 4.3153409090909109 0.11800640388083478 3.4750000000000005 0.17080936948708977 0.058292648074495711 0.15032274089386732 -3.8666666666666702 0.14682570951175286
decision_type=2 10 2 2 2 8 2 8 10 10 8 10 10 10
left_child=5 2 -2 -3 -5 -1 -7 -8 -6 10 -10 12 13 -12
right_child=1 3 -4 4 8 6 7 -9 9 -11 11 -13 -14 -15
leaf_value=-0.0036569252372901087 -0.0089062266627076801 0.0034633645870203048 -0.0016936327072556089 0.002714373349087217 -0.0020798190316704515 0.00043324731764667691 -0.0069552407366229195 -0.00043911498206374131 -0.0042011823064360019 0.003363045137272301 0.0012972500891493554 -0.0041425343146419408 -0.0025491989595864701 -0.0027864710594651546
leaf_weight=470.5707156425342 348.94722593249753 457.0004317027051 1894.3024611467263 611.5538234943524 5559.957359088352 43735.084592044353 250.42380623146892 597.30051649920642 530.02133340609726 501.79212550769444 3256.997667310643 456.53381618880667 894.18651490448974 553.76022100704722
leaf_count=4407 19560 9466 68707 20093 125265 305643 1683 3622 20311 10832 106824 10280 17147 14144
internal_value=-4.56797e-05 -0.00115387 -0.0029853 -0.000823097 -0.000994835 0.000325748 0.000371834 -0.0026442 -0.00119852 -0.000397016 -0.000754922 -0.000364121 4.22136e-05 0.000675422
internal_weight=60118.4 15065.1 2243.25 12821.8 12364.8 45053.4 44582.8 847.724 11753.2 6193.29 5691.5 5161.48 4704.94 3810.76
internal_count=737984 422629 88267 334362 324896 315355 310948 5305 304803 179538 168706 148395 138115 120968
is_linear=0
shrinkage=0.03


Tree=72
num_leaves=15
num_cat=0
split_feature=35 17 32 13 19 6 19 25 25 17 13 4 25 25
split_gain=26.2715 10.882 10.8078 9.80891 9.82619 9.80785 8.44508 8.26435 9.9337 11.2196 9.87059 12.9787 9.64795 9.39675
threshold=5.5000000000000009 52.603703703703708 0.033364958886780531 72.15000000000002 -5.9517592592592541 0.75735294117647067 -2.3666666666666809 0.017229551232840774 0.074717854025178873 69.117028985507275 77.350000000000009 -1.2958333333333305 0.10234648393599394 0.20857350563874255
decision_type=2 8 2 8 10 2 8 8 8 8 8 2 8 8
left_child=1 -1 -2 4 -4 -3 -7 -8 -9 -10 -11 13 -13 -12
right_child=2 5 3 -5 -6 6 7 8 9 10 11 12 -14 -15
leaf_value=-0.0045760927097373161 -0.0067948071278591338 -8.5484779851769977e-05 -0.0027589235662394333 -0.0021539944076421134 0.0006425909914915969 0.00347181339532825 0.0082824305590147827 -0.0015054059457604717 0.0034478414349486384 -0.00089978195321844992 0.0071274255445564726 -0.0029188968572438872 0.001096178250273914 0.00045225701735421839
leaf_weight=388.74903198494576 295.40724247859907 36314.587478180649 970.07267825829331 5694.5659925577929 3001.7797449473292 985.67790352436714 76.444563171826303 1742.5203341888264 1318.6950618317351 2914.4625554988161 476.3050980810076 556.68854429014027 4860.1800525905564 308.05293663777411
leaf_count=4696 16127 281456 57214 178768 92401 11002 816 15522 10488 22313 3771 4371 34994 2319
internal_value=-0.000152942 0.000128109 -0.00155556 -0.00136131 -0.000212155 0.000169589 0.000866945 0.000644148 0.000562522 0.000913394 0.000529947 0.00120372 0.000660629 0.00468999
internal_weight=59904.2 49942.4 9961.83 9666.42 3971.85 49553.6 13239 12253.3 12176.9 10434.4 9115.69 6201.23 5416.87 784.358
internal_count=736258 391748 344510 328383 149615 387052 105596 94594 93778 78256 67768 45455 39365 6090
is_linear=0
shrinkage=0.03


Tree=73
num_leaves=15
num_cat=0
split_feature=35 35 11 5 32 1 6 25 16 5 16 32 4 26
split_gain=23.8565 9.5474 9.8396 9.43079 9.24714 16.4432 24.4287 10.4651 9.60135 8.99457 10.5281 12.925 12.9837 9.94827
threshold=1.5000000000000002 8.5000000000000018 61.500000000000007 10.500000000000002 0.091568580272867725 1006.5000000000001 0.54772727272727284 0.28282146415376913 78.250000000000014 9.5000000000000018 74.550000000000011 0.068603847019846273 -1.3449519230769231 -0.026499455527711355
decision_type=2 2 2 2 2 2 2 8 8 2 10 2 2 8
left_child=3 2 9 4 5 -1 8 -8 -7 10 11 -2 -13 -11
right_child=1 -3 -4 -5 -6 6 7 -9 -10 13 -12 12 -14 -15
leaf_value=0.0069623165431801134 -0.0033434077196410868 -0.0022504238052801235 -0.0061941302503396613 0.0041714830308924649 0.00049419201511495764 -7.1014318992056377e-06 -0.0029773484585778596 0.0059316012460243301 0.0051228073559677146 0.00021559887079510064 -3.1539548643492993e-05 0.0022041203047434769 -0.0011801760701061796 0.0034450256389236809
leaf_weight=513.37761347740889 1944.3485860526853 2118.2099800497526 195.65472167287953 766.53600217401981 12877.187339641154 459.42577250301838 1026.5043789595366 86.612742498517036 1099.840242266655 3008.5944827629719 27799.484131447971 1183.8316428535618 5896.5106205124175 1155.4674643580802
leaf_count=2459 38476 138845 2804 3908 60315 2261 5027 407 5408 39441 322694 18937 80688 16767
internal_value=6.27381e-05 -0.000309868 -0.000207451 0.00101953 0.000856635 0.0022914 0.0012827 -0.00205895 0.00365806 -0.000171362 -0.000321219 -0.00120845 -0.000602834 0.00114196
internal_weight=60131.6 43302.1 41183.9 16829.5 16062.9 3185.76 2672.38 1113.12 1559.27 40988.2 36824.2 9024.69 7080.34 4164.06
internal_count=738437 658652 519807 79785 75877 15562 13103 5434 7669 517003 460795 138101 99625 56208
is_linear=0
shrinkage=0.03


Tree=74
num_leaves=15
num_cat=0
split_feature=16 20 34 7 6 4 11 3 31 1 1 3 8 21
split_gain=15.7135 13.4084 12.9465 12.2166 10.1986 9.88342 9.66233 13.4053 9.58862 9.97583 8.72282 8.60897 9.95418 9.15659
threshold=87.750000000000014 238.50000000000003 0.020205005707516443 7.5000000000000009 0.28869047619047622 4.5156250000000009 29.500000000000004 61.750000000000007 0.033060196698913628 1311.0000000000002 1606.5000000000002 55.750000000000007 1.0000000180025095e-35 0.43875000000000003
decision_type=10 10 2 10 2 2 2 2 8 2 2 2 2 10
left_child=3 2 11 4 8 6 10 -8 -1 -10 -6 -2 -13 -14
right_child=1 -3 -4 -5 5 -7 7 -9 9 -11 -12 12 13 -15
leaf_value=-0.0010662212635113545 0.0021346920836734116 -0.0052784703202249823 0.0034416983189822911 -0.0030879311357714027 0.0002504515031154092 -0.0053640157911272138 0.0014508778510781604 0.010563824104549648 0.0080830266995627221 -0.0022446115730497427 -0.0011840085485697997 0.0089985013440076859 0.00045233546292312019 -0.0026709249621254772
leaf_weight=11083.33661069721 2803.1065679667518 259.59196268045343 1723.2657645137515 1259.7872796907322 27024.289693761035 243.49894973123446 1478.5476123039844 114.68469924572855 161.87056819768623 110.49139968794771 4391.1454863197869 65.631988283712417 8392.7115641850978 888.87065688194707
leaf_count=132743 35088 3640 17262 24739 345622 1858 22819 1067 1555 1105 54942 540 88098 6163
internal_value=3.75333e-05 0.000910316 0.00104466 -0.000232095 -0.000148076 0.000117276 0.000165762 0.00240832 -0.000922196 0.00419502 4.83846e-05 0.000691974 0.000250266 0.000140521
internal_weight=60000.8 14133.2 13873.6 45867.7 44607.9 33252.2 33008.7 1593.23 11355.7 272.362 31415.4 12150.3 9347.21 9281.58
internal_count=737241 150791 147151 586450 561711 426308 424450 23886 135403 2660 400564 129889 94801 94261
is_linear=0
shrinkage=0.03


Tree=75
num_leaves=15
num_cat=0
split_feature=35 35 30 33 16 34 28 32 19 26 16 26 24 18
split_gain=20.5084 11.9942 11.4778 10.3372 9.9382 9.90662 9.63269 9.32292 11.3465 8.86499 8.71848 8.46817 9.6035 8.72079
threshold=7.5000000000000009 2.5000000000000004 2481.5000000000005 28.500000000000004 75.65000000000002 1.0000000180025095e-35 -2.2499999999999996 0.11767029282177253 9.0291666666666597 -0.0055733363779058853 71.15000000000002 -0.074908758820253218 0.16633693589228746 -2.5249999999999981
decision_type=2 2 10 2 8 2 10 2 8 10 10 10 10 10
left_child=1 7 3 4 -3 -6 -7 8 10 -2 11 12 -1 -13
right_child=9 2 -4 -5 5 6 -8 -9 -10 -11 -12 13 -14 -15
leaf_value=0.0044620033216323882 -0.0016360039683776019 0.0048214519665681936 -0.0019897450920731809 -0.00031403990916947268 -0.0015066264251945628 0.0077984175378628751 0.00032708453552254292 6.1152306089713268e-05 0.0026776932532977284 -0.0063632930272599633 0.00089035258979383624 -0.007051593162855631 -0.0043991416826648245 0.0021857751211673366
leaf_weight=225.71409919112921 3391.2641540244222 642.14235834614374 3305.7650600385386 21637.88068253448 903.78703692858107 208.29339241352864 401.16221516486257 16658.700303364545 3178.8382143937051 361.32752104732208 8658.9265794754028 329.21059662476182 134.85598884895444 95.3102972432971
leaf_count=1353 180293 11178 44973 300431 13564 3142 5345 88465 16212 19910 50111 2123 780 526
internal_value=-3.64069e-05 0.000107322 -0.000347195 -0.00011529 0.00184185 0.000463682 0.00327823 0.000527835 0.00114106 -0.00216887 0.000612451 -0.00232237 0.00101573 -0.0049659
internal_weight=60133.2 56380.6 27099 23793.3 2155.39 1513.24 609.456 29281.6 12622.9 3752.59 9444.02 785.091 360.57 424.521
internal_count=738406 538203 378633 333660 33229 22051 8487 159570 71105 200203 54893 4782 2133 2649
is_linear=0
shrinkage=0.03


Tree=76
num_leaves=15
num_cat=0
split_feature=17 6 23 16 21 21 4 4 17 30 25 14 18 16
split_gain=14.0285 9.0675 10.0314 8.64768 11.3471 10.145 9.89078 8.82265 8.60663 11.9602 8.47188 8.79345 13.4035 14.368
threshold=54.62613636363637 0.80625000000000013 15.805000000000001 74.550000000000011 0.4243044189852701 0.13527590090090094 -2.9852941176470575 3.5156250000000004 68.908712121212133 2008.5000000000002 0.41354056388720678 74.65000000000002 -12.4 83.250000000000014
decision_type=8 2 10 10 10 10 2 2 10 8 10 8 10 10
left_child=-1 3 8 4 -2 7 -7 -5 9 -3 11 12 -8 -14
right_child=1 2 -4 5 -6 6 10 -9 -10 -11 -12 -13 13 -15
leaf_value=-0.0034721164008155794 -0.00076023177248272763 0.0025922720913373726 0.0073754695525368782 0.00070145957352398902 -0.0084350670801083463 0.0036449353429237083 -0.0037153270502299799 -0.0027313754580114281 0.00019501490289104155 -0.0020984055559739013 0.0045252194251371534 -0.0010283423543874443 -0.00051886212605096061 0.0034704635209314746
leaf_weight=960.85213977075182 9544.3994473869679 3158.496330625494 154.51098043913953 18424.725672158762 127.28283696714789 470.19864954473451 498.74575881846249 650.83257999969646 9654.5761389748659 538.43256222060882 240.56820719968528 12459.877961372491 1707.4994179427158 1481.0675476868637
leaf_count=32327 142765 52188 3439 213954 1474 6017 10002 5509 106614 8295 1372 122818 16974 14321
internal_value=3.22459e-05 9.20956e-05 0.000773341 -0.000110282 -0.000904099 0.000104337 -0.000431194 0.000577501 0.000669706 0.00189022 -0.000558878 -0.000648359 0.000632231 0.00135912
internal_weight=60072.1 59111.2 13506 45605.2 9671.68 35933.5 16858 19075.6 13351.5 3696.93 16387.8 16147.2 3687.31 3188.57
internal_count=738069 705742 170536 535206 144239 390967 171504 219463 167097 60483 165487 164115 41297 31295
is_linear=0
shrinkage=0.03


Tree=77
num_leaves=15
num_cat=0
split_feature=20 31 12 14 33 24 30 19 4 20 15 29 19 9
split_gain=15.2286 12.0137 16.4353 12.7497 10.9289 13.2886 8.77479 11.7775 12.6962 13.2521 11.6173 11.5385 10.9012 11.3114
threshold=345.50000000000006 -0.0014704387783604144 59.050000000000004 77.050000000000011 28.500000000000004 0.1103766813531282 459.50000000000006 6.1238095238095172 -0.05902777777777856 109.50000000000001 68.641666666666694 0.12940597912578608 6.6083333333333423 35.500000000000007
decision_type=10 10 8 8 2 10 10 8 2 10 8 10 8 2
left_child=1 2 -1 4 5 -4 7 8 -3 11 -9 -10 13 -12
right_child=-2 6 3 -5 -6 -7 -8 10 9 -11 12 -13 -14 -15
leaf_value=-0.0033555394406565627 -0.0054632117948588878 0.0015418495393907294 0.00084068110309740162 -0.00099133439661527249 0.00022577428946084357 0.0095537759532781878 5.1943353107360335e-05 0.0067725374600886672 -0.0019025128350575737 -0.0054721242943210858 -0.0014716652987248179 0.0018346778082508372 0.0012021267495997917 0.010701221071672581
leaf_weight=1668.7689941504505 409.39165017660707 3592.3738937268499 433.88953947275877 10918.269954547519 8639.1571203265339 207.57981609879062 26839.412919498165 429.23833007318899 1597.3008314073086 458.77098853047937 83.392998666968197 1305.8105532308109 3254.3784303453285 173.68189307674766
leaf_count=45365 7252 56758 8554 131888 118859 2302 292955 3031 21352 6149 635 12570 28551 1268
internal_value=-2.20358e-05 1.98862e-05 -0.000538888 -0.000298474 0.000517591 0.00414719 0.00034399 0.00105991 0.00031201 -0.00100548 0.00235932 -0.000218934 0.00173234 0.00715578
internal_weight=60011.4 59602 21867.7 20198.9 9280.63 641.469 37734.4 10894.9 6954.26 3361.88 3940.69 2903.11 3511.45 257.075
internal_count=737489 730237 306968 261603 129715 10856 423269 130314 96829 40071 33485 33922 30454 1903
is_linear=0
shrinkage=0.03


Tree=78
num_leaves=15
num_cat=0
split_feature=35 8 8 35 23 11 12 9 7 3 29 9 4 9
split_gain=23.9479 13.0217 18.0228 10.0324 9.98351 9.89927 12.4371 10.5401 10.287 9.89146 9.22574 9.15674 8.09918 9.83328
threshold=2.5000000000000004 1.5000000000000002 1.0000000180025095e-35 8.5000000000000018 4.3050000000000006 20.500000000000004 73.850000000000009 44.500000000000007 4.5000000000000009 56.250000000000007 0.11648220410163088 35.500000000000007 -2.3333333333333317 103.50000000000001
decision_type=2 2 2 2 8 2 10 2 10 2 10 2 2 2
left_child=5 2 4 12 -2 8 7 9 -1 -7 11 -5 13 -3
right_child=1 3 -4 10 -6 6 -8 -9 -10 -11 -12 -13 -14 -15
leaf_value=0.00079968851528020132 0.0086141997688343012 0.0021315361055596138 -0.0065731047526679763 6.3230478380401037e-05 -0.001448829010141934 0.0074977479964908438 0.00076359437341852454 0.0070963718916288252 -0.00059662711045240804 -0.0002740916823505037 0.0014734975010846721 -0.0049226474152841626 -0.00033074351299147779 -0.0049295996741316565
leaf_weight=19312.148286748677 42.964410074055195 2039.772720398847 665.66366423468571 471.56998950219713 2206.8381330687553 147.15858097374439 2346.1898531839252 619.79787620902061 6251.0316284075379 570.87153361737728 410.96750528330449 1056.2725295483833 23705.027738028119 146.81901686638594
leaf_count=103029 623 36162 13777 26472 47367 898 13227 3627 35260 3399 21138 76596 352891 2612
internal_value=5.55591e-05 -0.000528619 -0.00241887 -0.000326617 -0.00107355 0.000669526 0.00211325 0.0043674 0.000457746 0.00170315 -0.0023801 -0.00343051 -0.000168557 0.00155781
internal_weight=59993.1 30745.9 2915.47 27830.4 2249.8 29247.2 3684.02 1337.83 25563.2 718.03 1938.81 1527.84 25891.6 2186.59
internal_count=737078 577638 61767 515871 47990 159440 21151 7924 138289 4297 124206 103068 391665 38774
is_linear=0
shrinkage=0.03


Tree=79
num_leaves=15
num_cat=0
split_feature=35 35 20 5 29 19 31 16 14 0 25 17 26 8
split_gain=16.7074 11.0957 9.52012 8.67786 11.3568 9.6801 10.3194 8.87958 11.0241 10.465 9.42689 8.7978 8.43782 8.0256
threshold=2.5000000000000004 8.5000000000000018 6.5000000000000009 9.5000000000000018 0.19203379794027869 9.2333333333333396 -0.0015778034786094429 74.350000000000009 75.250000000000014 8.5000000000000018 0.16376618153483544 76.001666666666679 -0.097247619775418445 1.5000000000000002
decision_type=2 2 8 2 10 10 10 8 8 2 10 10 10 2
left_child=2 13 12 5 -5 7 -7 -4 9 10 11 -9 -1 -2
right_child=1 -3 3 4 -6 6 -8 8 -10 -11 -12 -13 -14 -15
leaf_value=-0.0002620194773805916 -0.0018588262192712308 -0.0025613937825834632 -0.0017121320829084938 0.0027725903901657206 -0.0041828145928185963 -0.00040366939867450752 0.0025228691581726742 -0.00013402222289749901 -0.00024844094237957921 0.0023251333454830936 -0.0033415956717089438 0.005193942166996225 0.0074271836771303079 -0.00016227165248207951
leaf_weight=203.92135608941317 2729.8415641528554 2102.0017826613039 2337.8375656306744 2210.5117301344872 188.77780771255493 1643.9999172538519 3067.0498022474349 1467.2885554656386 13427.70164116472 3531.4057006575167 598.82986692339182 293.72072720527649 282.45761489495635 25949.832340719033
leaf_count=1096 46886 138703 13543 12964 1013 8060 14490 7898 73376 20762 3019 1545 1570 392734
internal_value=4.28425e-06 -0.000483217 0.000517202 0.000442554 0.00215112 0.000283309 0.00150809 1.40199e-05 0.000226787 0.00130293 -0.000243258 0.000873499 0.00447947 -0.00032671
internal_weight=60035.2 30781.7 29253.5 28767.1 2399.29 26367.8 4711.05 21656.8 19318.9 5891.24 2359.84 1761.01 486.379 28679.7
internal_count=737659 578323 159336 156670 13977 142693 22550 120143 106600 33224 12462 9443 2666 439620
is_linear=0
shrinkage=0.03


Tree=80
num_leaves=15
num_cat=0
split_feature=35 30 4 35 0 5 19 6 14 33 2 32 26 26
split_gain=21.7194 11.954 9.68484 10.9547 11.2834 9.91995 9.86704 9.2577 8.82883 9.94183 8.26935 8.79264 7.73044 7.55219
threshold=1.5000000000000002 57.500000000000007 -3.0590277777777781 7.5000000000000009 11.500000000000002 9.5000000000000018 -6.0916666666666641 0.56696428571428581 79.950000000000017 2746.5000000000005 6.5000000000000009 0.049060526419016995 -0.083367050562411615 -0.0081805469650801585
decision_type=2 8 2 2 2 2 10 2 8 2 8 2 8 10
left_child=1 -1 -2 5 6 -4 12 13 10 -10 11 -7 -5 -6
right_child=2 -3 3 4 7 8 -8 -9 9 -11 -12 -13 -14 -15
leaf_value=0.004203076882436459 0.0019016729633793239 0.0007095954823871563 -0.00046549030886654431 0.0017995727032095784 0.0030130652126029601 0.0058542324937927532 -0.0021040125945938435 -0.0023867096575175472 0.0033295830198338777 -0.0033649270407765559 0.003144826878213455 -0.0019600520230985577 -0.0082824602392951672 -0.004447472848596222
leaf_weight=886.51171083003283 1587.6436490920605 15999.396900080144 34310.462810713478 60.777591174934059 728.22489690571092 93.584498634561896 1227.1245171644259 875.13868383388035 1671.7679606080055 185.22285627759993 440.73563803732395 1439.8175995461643 454.97392427548766 99.254690379602835
leaf_count=4246 35566 75685 393351 3676 37196 1409 52301 46818 19833 2074 5274 17663 36664 5799
internal_value=-5.7819e-06 0.000904871 -0.000362579 -0.000451199 -0.00205898 -0.000303456 -0.00372037 -0.000300694 0.00113498 0.00259113 -0.000264935 -0.00131334 -0.00704032 0.00191576
internal_weight=60060.6 16885.9 43174.7 41587.1 3445.49 38141.6 1742.88 1702.62 3831.13 1856.99 1974.14 1533.4 515.752 827.48
internal_count=737555 79931 657624 622058 182454 439604 92641 89813 46253 21907 24346 19072 40340 42995
is_linear=0
shrinkage=0.03


Tree=81
num_leaves=15
num_cat=0
split_feature=35 20 29 29 19 22 25 13 13 32 13 19 15 32
split_gain=14.9431 16.3554 8.97163 8.31698 11.5997 10.1706 9.28576 8.36981 8.11389 11.127 7.87998 7.40533 7.26275 8.232
threshold=6.5000000000000009 241.50000000000003 0.1004167907484614 0.084616071796704287 -2.8874999999999953 2.5000000000000004 0.17275905262099586 78.050000000000011 72.550000000000011 0.06400468933177024 84.250000000000014 3.1333333333333298 45.716666666666676 0.11767029282177253
decision_type=2 8 10 8 10 10 10 10 8 2 10 10 8 2
left_child=12 3 -3 4 7 6 -5 -2 9 11 -10 -7 -1 -14
right_child=1 2 -4 5 -6 8 -8 -9 10 -11 -12 -13 13 -15
leaf_value=-0.0047365032171459683 -0.0055628791807754352 -0.0083999794105620636 -0.00087326360114521346 -0.005312860453932455 -0.00042252652376324697 -0.0032908186435742759 0.0032508427011237423 0.0035221759459521771 -0.0017724840805969757 0.0045241049871611065 0.0027137632002406211 0.007067880840474659 0.00061217013770312407 -0.00013141004835537389
leaf_weight=215.08198915841058 830.33644048590213 375.89388720714487 233.34168757731095 429.30840701796114 1418.4245486543514 311.84965187753551 112.35271551506594 68.076425029197708 1158.8461179257138 840.10402669885661 448.43749840697274 26.668037236435339 26888.861451546429 26632.030094708782
leaf_count=3587 56683 22444 10462 13705 50340 17297 3338 3581 42202 34343 15140 751 258692 205274
internal_value=5.61614e-05 -0.00132581 -0.00580207 -0.000795953 -0.00215552 0.00016855 -0.00341195 -0.00472507 0.000912585 0.00274944 -0.000476695 -0.0016702 0.000218074 0.000242387
internal_weight=59989.6 6253.64 609.236 5644.4 2316.84 3327.57 541.661 898.413 2785.91 1178.62 1607.28 338.518 53736 53520.9
internal_count=737839 270286 32906 237380 110604 126776 17043 60264 109733 52391 57342 18048 467553 463966
is_linear=0
shrinkage=0.03


Tree=82
num_leaves=15
num_cat=0
split_feature=35 24 35 26 7 33 16 13 4 21 23 16 32 13
split_gain=24.6919 11.2304 10.0964 9.37888 9.12111 7.94375 8.33951 9.47766 7.79576 10.6069 8.40817 8.35137 8.9236 11.0239
threshold=1.5000000000000002 0.0054347318949760628 8.5000000000000018 -0.0082252914978265031 7.5000000000000009 20.500000000000004 68.350000000000009 71.550000000000011 0.85714285714285776 0.13921188630490958 0.40500000000000008 81.450000000000017 0.15400001805767485 64.550000000000011
decision_type=2 8 2 8 10 2 10 8 2 10 10 10 2 10
left_child=8 -2 4 5 -3 -4 -7 -8 9 11 -10 -1 -13 -14
right_child=1 2 3 -5 -6 6 7 -9 10 -11 -12 12 13 -15
leaf_value=0.0014888921615089745 -0.0068066579550091011 -9.1783969749513518e-05 0.0048700705833175295 -0.0063390603450800831 -0.0023409815806823379 -0.0076417582955269174 0.0017636667179414236 -0.003063123389798745 0.0016193312433987828 0.00031888145575100646 -0.00041802973514193354 0.0049679124173621211 -0.0069227439517518773 0.0026060123726069058
leaf_weight=3470.9890542700887 189.39808399346657 39285.550651032449 124.86517898447346 371.26786742475815 1642.8738374116365 150.71671965939458 591.33544725226238 815.556211568648 2820.4597839862108 3494.9394417628646 4956.0293848589063 1605.3446760326624 93.585620358586311 408.40524289011955
leaf_count=16297 7983 490922 9031 29105 24813 15273 38451 42354 13015 16785 23662 7704 419 1879
internal_value=5.45489e-05 -0.000325665 -0.000289231 -0.00231629 -0.000184813 -0.00127126 -0.00189974 -0.00104346 0.00102679 0.0016219 0.000326526 0.00242818 0.00390491 0.000363418
internal_weight=60021.3 43171.6 42982.2 2053.74 40928.4 1682.47 1557.61 1406.89 16849.8 9073.26 7776.49 5578.32 2107.34 501.991
internal_count=737693 657932 649949 134214 515735 105109 96078 80805 79761 43084 36677 26299 10002 2298
is_linear=0
shrinkage=0.03


Tree=83
num_leaves=15
num_cat=0
split_feature=16 15 20 22 10 15 19 10 16 20 4 27 3 6
split_gain=15.4156 13.1536 12.3893 8.81229 10.6914 8.19922 11.9367 13.1879 10.8471 8.50376 8.43459 7.97705 8.05565 8.17263
threshold=81.65000000000002 45.716666666666676 237.50000000000003 8.5000000000000018 14.500000000000002 76.916666666666686 -3.1301515151515242 47.500000000000007 89.450000000000017 158.50000000000003 -0.18019480519480521 -319.49999999999994 62.750000000000007 0.62828947368421062
decision_type=10 8 10 10 2 10 10 2 10 10 2 10 2 2
left_child=1 -1 5 -3 -5 6 10 -8 -7 11 -2 -9 13 -13
right_child=2 3 -4 4 -6 8 7 9 -10 -11 -12 12 -14 -15
leaf_value=-0.0062161410430172223 0.0010542461432871981 -0.00060542893573755675 -0.0036691059664018823 0.0076423628010515382 0.00061339616115166796 -0.0003643714455796127 0.0050329174709370997 -0.0037037376763710337 0.0010083717959449667 0.0066158322095693544 -0.0028819892351757371 0.0024420102391415313 -0.004131524353300828 0.00012724040607303987
leaf_weight=308.35627168405335 990.3976245688973 25955.965934175445 591.55439437180758 160.8704501176253 2733.6368213621899 12158.465693543432 959.14277913980186 251.84901771135628 8953.2716312620323 213.45584463351406 883.76576506858692 3437.0719077286776 188.37678476073779 2273.48397487076
leaf_count=12761 26281 329275 8131 3904 62688 109996 10374 3315 91157 2673 16565 34503 1621 24922
internal_value=-7.33854e-06 -0.000501675 0.000459187 -0.000429949 0.00112719 0.00054567 0.00129071 0.001835 0.000218802 0.00131758 -0.000828551 0.00108184 0.00131557 0.00152956
internal_weight=60059.7 29158.8 30900.8 28850.5 2894.51 30309.3 9197.54 7323.38 21111.7 6364.24 1874.16 6150.78 5898.93 5710.56
internal_count=738166 408628 329538 395867 66592 321407 120254 77408 201153 67034 42846 64361 61046 59425
is_linear=0
shrinkage=0.03


Tree=84
num_leaves=15
num_cat=0
split_feature=35 35 16 30 0 17 7 18 11 17 15 18 24 30
split_gain=18.9632 10.6993 8.6019 9.06834 8.31333 8.13845 7.46721 8.01771 7.76347 10.8268 9.06456 12.1125 8.44517 7.87245
threshold=1.5000000000000002 9.5000000000000018 88.050000000000011 82.500000000000014 6.5000000000000009 67.800847457627142 6.5000000000000009 -19.533333333333324 29.500000000000004 64.522875816993476 69.916666666666686 -7.4666666666666641 0.15450091395022433 2966.5000000000005
decision_type=2 2 10 8 2 8 10 10 2 10 10 10 10 10
left_child=4 6 3 -3 5 -1 8 -8 -2 -10 12 -12 -11 -13
right_child=1 2 -4 -5 -6 -7 7 -9 9 10 11 13 -14 -15
leaf_value=0.0030162354505959446 -0.00014065190328565289 0.0031933379424402457 0.0015944435038212415 -0.0055270966756458453 0.0011479533453683083 -0.0020091889922627957 -0.0072709771778647105 -0.0010649230832726888 -0.0046544927232827988 0.0080681818816727008 -0.0046420744697227559 0.0037469440371450525 -0.0022578597341584754 -0.0043237424688999529
leaf_weight=315.32239601016045 36142.035819873679 90.478697923361324 244.92449290980585 765.04075201496016 15122.51219496876 1406.5814012140036 148.68628911953419 4157.976115477737 154.07957138936035 337.91788307577372 205.40272786654532 776.80246755015105 64.333703338168561 82.742483098059893
leaf_count=1413 477133 8319 15555 65166 72200 6096 5251 63688 2710 5440 3713 8856 764 1026
internal_value=7.07671e-05 -0.000262424 -0.00311703 -0.00447943 0.000922949 -0.00102977 -0.000184143 -0.00136017 -4.84031e-05 0.00195072 0.0027749 0.00120045 0.00634966 0.00277506
internal_weight=60014.8 43170.4 1100.44 855.519 16844.4 1721.9 42070 4306.66 37763.3 1621.28 1467.2 1064.95 402.252 859.545
internal_count=737330 657621 89040 73485 79709 7509 568581 68939 499642 22509 19799 13595 6204 9882
is_linear=0
shrinkage=0.03


Tree=85
num_leaves=15
num_cat=0
split_feature=7 16 20 18 15 33 16 7 29 33 8 8 1 22
split_gain=11.4922 11.1589 13.5216 10.0865 10.9984 10.5532 11.3821 12.1027 10.9707 10.5132 9.84112 18.3155 9.72368 9.56526
threshold=8.5000000000000018 86.750000000000014 235.50000000000003 -15.166666666666666 71.25833333333334 44.500000000000007 76.050000000000011 6.5000000000000009 0.081316068834506663 232.50000000000003 1.0000000180025095e-35 1.5000000000000002 1204.5000000000002 3.5000000000000004
decision_type=10 10 10 8 8 2 10 10 8 2 2 2 2 10
left_child=1 3 10 12 5 -5 8 -8 9 -7 -3 -12 -1 -10
right_child=-2 2 -4 4 -6 6 7 -9 13 -11 11 -13 -14 -15
leaf_value=-0.0036897416645126687 -0.0035763445911232848 0.0086914555355561592 -0.0050498211533557468 0.0027595166270323107 -0.00043602546529205601 7.7908719495956954e-06 0.0018470275220058032 -0.0021296499154471989 -0.0015855650888147691 -0.0042290204220075157 -0.0058868079958835137 0.00093442499870973524 -2.0938856581627313e-05 0.0012375436722759669
leaf_weight=1358.4423955044476 741.209859324852 93.45099111716263 307.51404432812706 1733.3712883749977 26265.33465615951 958.34870054502971 4798.0994926111307 759.93499087332748 1594.90569875855 1120.8957043513656 313.14955895929597 15625.389849525294 1208.7023711994989 3099.940200106008
leaf_count=44908 15022 752 4161 26457 269275 16731 58875 11564 14615 17782 2794 163649 48915 42332
internal_value=1.53476e-05 6.32669e-05 0.000729192 -0.000190933 -7.37236e-05 0.000601972 0.000288795 0.00128917 -0.000535427 -0.0023219 0.000855397 0.000782416 -0.00199574 0.000271892
internal_weight=59978.7 59237.5 16339.5 42898 40330.8 14065.5 12332.1 5558.03 6774.09 2079.24 16032 15938.5 2567.14 4694.85
internal_count=737832 722810 171356 551454 457631 188356 161899 70439 91460 34513 167195 166443 93823 56947
is_linear=0
shrinkage=0.03


Tree=86
num_leaves=15
num_cat=0
split_feature=35 32 4 3 2 4 12 8 5 9 18 26 29 33
split_gain=16.2222 11.2148 11.0579 9.63706 9.5843 9.85413 9.0091 8.47391 8.20014 8.02579 9.66253 9.14907 9.22617 9.75474
threshold=5.5000000000000009 0.038812267775048814 1.5138888888888895 56.250000000000007 8.5000000000000018 -1.2124060150375937 52.95000000000001 3.5000000000000004 1.5000000000000002 33.500000000000007 -14.866666666666669 -0.1639394154326998 0.049542678675999006 592.50000000000011
decision_type=2 2 2 2 10 2 10 2 2 2 8 10 8 2
left_child=3 6 9 -1 -5 -6 -2 -7 -9 11 -11 -3 -13 -14
right_child=1 2 -4 4 5 7 -8 8 -10 10 -12 12 13 -15
leaf_value=0.00097417563572640357 -0.011910263972698003 -0.0038983863182030449 -0.0030278522103031626 0.00017043054342711961 0.0068243984217020923 -0.0011958436453348696 -0.0024831391529502242 0.0028208039269336208 -0.0074290789912005656 -0.0036447767813910835 -0.00031981047630009199 -0.0046548531538301817 0.0040829898846359708 -0.0011754002728650561
leaf_weight=14602.159776440822 91.417572376201861 214.61490155127831 1558.3571151932701 33888.313745813211 57.975548930466175 1169.2203944236971 370.16412540734746 56.570159262046218 385.26239776238799 883.95576090936083 5065.8508466926869 121.18736549490131 1188.3571915223729 401.50649051484652
leaf_count=122953 6904 5738 45292 257454 473 8797 17606 404 2853 56277 160662 4673 36702 11004
internal_value=0.000107532 -0.000999516 -0.000760553 0.000326707 5.98194e-05 -0.00212569 -0.00533179 -0.00264349 -0.00596338 -0.00029564 -0.000840054 0.00136515 0.00211729 0.00275968
internal_weight=60054.9 9895.41 9433.83 50159.5 35557.3 1669.03 461.582 1611.05 441.833 7875.47 5949.81 1925.67 1711.05 1589.86
internal_count=737792 344858 320348 392934 269981 12527 24510 12054 3257 275056 216939 58117 52379 47706
is_linear=0
shrinkage=0.03


Tree=87
num_leaves=15
num_cat=0
split_feature=35 4 20 8 26 25 10 10 26 31 33 23 27 19
split_gain=11.4753 9.82337 9.42669 8.37366 10.8317 7.56828 7.49478 8.50014 9.80537 7.75768 8.4806 8.30348 7.63642 7.41423
threshold=1.5000000000000002 0.90000000000000224 243.50000000000003 1.5000000000000002 -0.25347195406590639 0.20591316021643541 75.500000000000014 29.500000000000004 -0.075402453960319013 0.025018141269123651 84.500000000000014 3.9050000000000007 440.50000000000006 12.118898809523808
decision_type=2 2 10 2 10 10 2 2 8 10 2 10 10 10
left_child=1 3 -2 4 -1 -4 7 8 -3 10 -8 -11 -12 -5
right_child=2 6 5 13 -6 -7 9 -9 -10 11 12 -13 -14 -15
leaf_value=0.00096352700132923874 -0.00014770876726657661 -0.0028992079159812743 -0.0043213874751261453 0.0014092521248323792 -0.0047963475393979901 0.0023169795072745716 -0.0026072074676925057 -0.0046364827607383403 0.0031580509135127359 0.0061031040859698266 0.00035178068003852955 -0.0029954845231976142 0.0075036492280248501 0.0045053785336031694
leaf_weight=893.07844363152981 42206.031030014623 462.51469305157661 767.30760868301149 7208.7187275215983 379.1557215899229 156.98676662985235 852.36054111272097 583.31226705014706 403.23008987307549 327.51240470260382 4771.6304374858737 85.043903410434723 88.536828801035881 738.81503948569298
leaf_count=4102 639407 2155 16509 34708 1741 1900 4068 2761 1897 1517 22501 409 423 3205
internal_value=4.38737e-05 0.000707983 -0.000215235 0.00136288 -0.000869512 -0.00313285 -9.2913e-05 -0.00199519 -5.95831e-05 0.000369634 6.64721e-05 0.00410647 0.000557148 0.00172344
internal_weight=59924.2 16793.9 43130.3 9219.77 1272.23 924.294 7574.14 1449.06 865.745 6125.08 5712.53 412.556 4860.17 7947.53
internal_count=737303 79487 657816 43756 5843 18409 35731 6813 4052 28918 26992 1926 22924 37913
is_linear=0
shrinkage=0.03


Tree=88
num_leaves=15
num_cat=0
split_feature=35 29 17 3 35 15 21 9 20 14 17 10 9 25
split_gain=17.7985 13.4586 11.7014 10.6981 9.45572 11.7777 8.37897 8.15697 9.39784 8.04299 9.42428 7.67741 7.59451 7.40145
threshold=6.5000000000000009 0.088778466375315848 51.803571428571438 58.250000000000007 1.5000000000000002 92.4166666666667 0.10557275541795667 76.500000000000014 40.500000000000007 76.550000000000011 78.103666666666683 110.50000000000001 51.500000000000007 0.41354056388720678
decision_type=2 8 8 2 2 10 8 2 10 8 10 2 2 10
left_child=2 7 -1 -3 5 13 -5 8 -2 10 -6 -12 -13 -4
right_child=1 3 4 6 9 -7 -8 -9 -10 -11 11 12 -14 -15
leaf_value=-0.0046733670716507317 9.1048547922205559e-05 0.0008141114202281773 0.00081830298325874192 0.00070204981252563049 0.00018504341614725153 -0.0033781701837070797 -0.0050081435394408657 -0.0045687451216031945 -0.0053509324232719289 -0.00049467980420654092 0.0061074454733109507 0.0036561854420452569 -0.001676631623844166 0.0056122787374814171
leaf_weight=402.48893415462226 1081.4103740894934 2400.4551656983094 16049.234346233308 351.24605766122113 14872.342903475044 549.79946448653936 570.0235365589615 1474.7482807851629 337.30642515444197 20417.719802747946 386.24110082909465 452.68527530133724 418.5806002849713 247.01454159617424
leaf_count=6283 45453 96939 75978 12954 162480 2581 18394 80655 15274 206655 3925 4533 4091 1096
internal_value=-4.51395e-05 -0.00155848 0.000130985 -0.000245728 0.000171539 0.000758447 -0.00290699 -0.00303575 -0.00134092 -9.9654e-05 0.000400367 0.0028425 0.0011422 0.000907913
internal_weight=60011.3 6215.19 53796.1 3321.72 53393.6 16846 921.27 2893.47 1418.72 36547.6 16129.8 1257.51 871.266 16296.2
internal_count=737291 269669 467622 128287 461339 79655 31348 141382 60727 381684 175029 12549 8624 77074
is_linear=0
shrinkage=0.03


Tree=89
num_leaves=15
num_cat=0
split_feature=15 20 8 8 23 4 26 1 29 32 33 4 33 23
split_gain=12.0019 10.054 9.00773 27.8304 16.8293 11.4854 10.2041 10.1846 9.79601 11.7996 10.3779 11.8125 11.118 9.79698
threshold=45.716666666666676 345.50000000000006 1.5000000000000002 1.0000000180025095e-35 2.4050000000000007 -4.2041666666666684 -0.25347195406590639 1110.5000000000002 0.049542678675999006 0.036287789812519039 2479.5000000000005 4.0156250000000009 1621.5000000000002 3.8050000000000002
decision_type=8 10 2 2 8 2 10 2 10 2 2 2 2 10
left_child=-1 2 3 4 -2 -4 7 -5 9 -7 11 12 13 -10
right_child=1 -3 5 6 -6 8 -8 -9 10 -11 -12 -13 -14 -15
leaf_value=-0.0054436265452121324 0.0095840493629548214 -0.0045211535918684796 0.0046863165764552787 0.0076911782777193309 -0.0002904469751659831 -0.0094423418662495616 -0.0056157534863757715 -0.0039189314820694057 -0.00012683687845555736 -0.0012690350083722247 -0.0013204761607655375 -0.0025987156214759329 0.0019854892435844785 0.00082006371388455206
leaf_weight=323.02824911451899 110.94356121052988 398.35425131674856 439.52910464361776 76.190461823251098 4411.705842511612 133.39958281093277 1251.2437243064633 101.44636979955249 27541.059212778462 1390.0824707421707 3981.1111323127989 1212.4195045747329 3384.565331840422 15235.899843701161
leaf_count=13411 823 6956 9786 529 59460 4633 15687 712 270763 26549 36880 9944 33381 247985
internal_value=-7.9199e-05 -4.56238e-05 -1.1758e-05 -0.00111369 5.39298e-05 0.000112171 -0.00468626 0.00165635 6.97591e-05 -0.00226201 0.000141066 0.00026515 0.000343099 0.000210985
internal_weight=59991 59668 59269.6 5951.53 4522.65 53318.1 1428.88 177.637 52878.5 1523.48 51355.1 47373.9 46161.5 42777
internal_count=737499 724088 717132 77211 60283 639921 16928 1241 630135 31182 598953 562073 552129 518748
is_linear=0
shrinkage=0.03


Tree=90
num_leaves=15
num_cat=0
split_feature=16 20 22 33 16 35 25 28 4 27 19 13 24 25
split_gain=15.2801 10.9608 9.98746 17.0056 15.7426 13.1655 11.9006 8.60262 8.54493 8.95744 8.79997 8.71796 11.7535 10.2238
threshold=63.750000000000007 328.50000000000006 6.5000000000000009 95.500000000000014 89.550000000000011 2.5000000000000004 0.026296958793462787 -6.7499999999999991 3.5156250000000004 -111.49999999999999 10.525000000000004 79.450000000000017 0.14838254268595416 0.10053907781906281
decision_type=8 10 8 2 10 2 8 10 2 10 8 8 10 10
left_child=-1 2 3 7 5 -5 -4 -2 9 -8 -10 13 -13 -11
right_child=1 -3 6 4 -6 -7 8 -9 10 11 -12 12 -14 -15
leaf_value=-0.0032651589065797958 0.0093001033971803031 -0.0043986396639395338 -0.0036511056251394454 -0.0001573223705556305 0.0008560710961569919 -0.0014832490987168663 0.0002407652084667283 0.0010250905021100035 -0.0039780139160020492 0.0036125104662695093 0.0039637267133503925 -0.00060197641910349989 0.0040188301039074913 0.00099050610736122792
leaf_weight=1214.696003695135 65.861206822562963 440.43632495123893 495.39464721165132 15067.834530282766 6819.958240510663 12163.716403070139 7462.7120842996519 7233.8351348157739 538.37937158858404 2829.7237354738172 116.50636486173607 2375.1744414488785 573.05138280056417 2596.7710485848074
leaf_count=38169 1302 7251 16944 80766 63810 188657 108772 84645 6183 62329 934 33715 5414 38827
internal_value=-2.5004e-06 6.76414e-05 0.000105098 -0.000146592 -0.00042852 -0.000751217 0.000716389 0.00116251 0.000858218 0.000999376 -0.00238421 0.00166993 0.000348219 0.00237829
internal_weight=59994.1 58779.4 58338.9 41351.2 34051.5 27231.6 16987.7 7299.7 16492.3 15837.4 654.886 8374.72 2948.23 5426.49
internal_count=737718 699549 692298 419180 333233 269423 273118 85947 256174 249057 7117 140285 39129 101156
is_linear=0
shrinkage=0.03


Tree=91
num_leaves=15
num_cat=0
split_feature=35 14 5 18 27 14 32 14 17 29 21 24 23 35
split_gain=16.8184 9.62426 8.85812 13.3686 8.9632 10.1323 8.18814 8.13328 8.03383 8.87213 8.01439 12.8513 9.83912 8.42732
threshold=4.5000000000000009 73.550000000000011 10.500000000000002 -9.5249999999999968 -425.49999999999994 58.750000000000007 0.030151135414293311 42.350000000000001 54.001562500000006 0.12940597912578608 0.51086956521739146 0.20474691693042299 -0.80499999999999994 3.5000000000000004
decision_type=2 10 2 10 8 10 2 8 8 10 10 10 8 2
left_child=2 6 4 -4 5 -1 -2 -6 9 -9 12 -12 13 -10
right_child=1 -3 3 -5 7 -7 -8 8 10 -11 11 -13 -14 -15
leaf_value=-0.0052033187006419648 -0.0067659852368243548 -5.9465337587278851e-05 0.0071862786706484933 0.00095127632405993723 0.0045407857463756864 0.0044199875231816692 -0.0014386390194210102 -0.006923695521486601 0.0022276990206177307 0.0029576329726864782 -0.0058178242054291547 0.00010594137283947855 -3.5765338022013646e-05 -0.0029549633936033211
leaf_weight=71.112003408372402 222.48168930297834 6059.3064011647366 325.60421829111874 1885.7938082665205 305.38619705103338 675.33453066274524 8641.8648947621696 243.32427674578503 2769.5837448835373 80.872265076264739 493.35770493745804 833.41434922814369 37089.560898306314 270.55647040717304
leaf_count=582 11339 144518 2832 13989 2451 5135 266433 2387 15630 691 3131 4543 260871 2916
internal_value=-0.000111416 -0.000982483 0.00017795 0.0020079 8.124e-05 0.0032341 -0.00160955 2.1549e-05 -1.68714e-05 -0.00439292 2.26006e-05 -0.00222809 9.96932e-05 0.00172612
internal_weight=59967.6 14923.7 45043.9 2211.4 42832.5 746.447 8864.35 42086.1 41780.7 324.197 41456.5 1326.77 40129.7 3040.14
internal_count=737448 422290 315158 16821 298337 5717 277772 292620 290169 3078 287091 7674 279417 18546
is_linear=0
shrinkage=0.03


Tree=92
num_leaves=15
num_cat=0
split_feature=20 16 35 23 30 16 17 30 30 14 12 25 20 14
split_gain=10.215 9.36637 9.95389 9.45595 11.0865 9.92843 11.2447 9.83712 11.8976 11.2385 9.87678 9.80261 8.96896 8.848
threshold=345.50000000000006 86.750000000000014 9.5000000000000018 3.8050000000000002 570.50000000000011 85.15000000000002 56.180000000000007 304.50000000000006 297.50000000000006 66.950000000000017 69.350000000000009 0.16021612342482813 238.50000000000003 85.450000000000017
decision_type=10 10 2 8 8 10 8 8 10 8 10 10 10 8
left_child=1 2 3 7 5 6 -5 8 9 11 -9 -1 -3 -7
right_child=-2 12 -4 4 -6 13 -8 10 -10 -11 -12 -13 -14 -15
leaf_value=0.0035777950973115576 -0.0044301550988274218 0.00078694418730046293 -0.0033829608968362593 -0.0040961130532253306 0.0010903702892558929 -0.0059797762118984459 0.0002097839344146923 -0.002621913543451967 0.0089641575578030593 -0.0004180026168387288 -0.00053283002995772617 -0.0039235596817544915 -0.0048118145952218572 0.0036082019598640889
leaf_weight=1222.155696013011 402.01502113626339 16381.222822381649 783.88204374769703 539.60343154345173 10257.900421977276 409.46309608803131 7309.358856138424 2293.2677878264803 101.03824954712763 3851.7708764015697 15962.722403903725 137.06287219468504 212.42077399580739 71.404524945886806
leaf_count=13425 7279 173184 68888 13581 143234 5008 101141 28322 998 35885 141450 1089 2786 792
internal_value=6.28099e-05 9.68421e-05 -0.000137186 -7.28948e-05 0.000432391 -0.000379559 -0.000110294 -0.000471478 0.000660299 0.000415627 -0.0008017 0.00270899 0.000701033 -0.0043503
internal_weight=59935.3 59533.3 42939.6 42155.7 18587.7 8329.83 7848.96 23568 5312.03 5210.99 18256 1359.22 16593.6 480.868
internal_count=737062 729783 553813 484925 263756 120522 114722 221169 51397 50399 169772 14514 175970 5800
is_linear=0
shrinkage=0.03


Tree=93
num_leaves=15
num_cat=0
split_feature=16 4 20 21 13 13 34 20 33 23 29 23 20 13
split_gain=10.5631 8.26085 12.8157 8.68284 7.85905 13.724 11.7233 7.216 8.32965 8.1476 13.892 9.39282 9.27898 10.478
threshold=63.250000000000007 -3.1485294117647054 47.500000000000007 0.16345083487940634 62.750000000000007 49.45000000000001 -0.0041982209160914882 342.50000000000006 561.50000000000011 3.8050000000000002 0.051802895033370898 3.9050000000000007 11.500000000000002 84.950000000000017
decision_type=8 2 8 10 8 10 2 10 2 10 8 10 10 10
left_child=-1 2 3 4 5 -2 -6 9 -9 -3 -11 12 -12 -14
right_child=1 7 -4 -5 6 -7 -8 8 -10 10 11 -13 13 -15
leaf_value=-0.0029016646308690215 -0.0054342584251531262 -0.00028324089071551418 -0.0031060969038078381 0.0071516352435073904 0.004237840758228353 0.0092425469269682096 -0.0027615632973125755 -0.0065359548206760949 0.002253230681865814 -0.0032698283040476059 -0.0036234949755459891 0.00054761284972787417 0.0083687671571203021 -0.0029959707673765132
leaf_weight=1107.0569408683805 39.513623836450279 38903.615960699972 309.11511800694279 338.67195162456483 321.85848517366685 183.2374695223989 461.93866382923443 262.62873911950737 110.76861297758296 795.10733108711429 68.296813090331852 16696.078330532007 327.01036904379725 63.461719498038292
leaf_count=35799 1446 386129 6734 4162 6377 5328 8091 4772 1475 19897 827 251847 4110 718
internal_value=-6.30029e-05 -7.21518e-06 0.002051 0.00330488 0.00173337 0.00612012 0.000194443 -6.84531e-05 -0.00397045 -3.93597e-05 0.000488532 0.000671724 0.00469081 0.00639129
internal_weight=59988.4 58881.3 1654.34 1345.22 1006.55 222.751 783.797 57227 373.397 56853.6 17950 17154.8 458.769 390.472
internal_count=737712 701913 32138 25404 21242 6774 14468 669775 6247 663528 277399 257502 5655 4828
is_linear=0
shrinkage=0.03


Tree=94
num_leaves=15
num_cat=0
split_feature=31 12 14 6 15 1 25 34 17 19 9 29 7 8
split_gain=9.52217 14.5333 8.60395 9.17823 11.8368 9.20354 10.244 8.90751 8.5239 8.52017 7.75217 8.14539 7.58503 10.6048
threshold=-0.0029059654041737387 54.050000000000004 77.050000000000011 0.19375000000000003 59.441666666666677 872.50000000000011 0.12498944284801243 -0.0064518521530553983 56.180000000000007 8.1793269230769301 77.500000000000014 0.076712930640152166 4.5000000000000009 3.5000000000000004
decision_type=10 8 10 2 8 2 8 2 10 10 2 8 10 2
left_child=1 -1 3 4 -3 -5 7 8 -7 -10 11 -6 -2 -14
right_child=12 2 -4 5 10 6 -8 -9 9 -11 -12 -13 13 -15
leaf_value=-0.0043337231233177885 0.00063714935864322378 0.0061167506461383232 -0.0012855474413443124 -0.0064218963838189895 0.0029608973444717594 -0.0059306607815326883 0.001637826664928384 -0.0010890017010657513 0.0024914163672447647 -0.0026300199682803786 -0.004156619260222625 -0.0029255826442294609 0.00030996692317222736 -0.0013663602006618977
leaf_weight=800.80354158941191 24908.565852563479 109.71286644716747 5675.6850127354264 122.8041857520584 352.99018916953355 91.389622319955379 4515.4148432188667 3930.9066399725853 1812.0327791682212 304.50515425950289 983.28897219221108 395.50129171670415 11138.536167765153 4828.4160675342428
leaf_count=24628 257974 2536 65774 1491 5327 2461 52285 63809 33827 2233 12643 4561 142861 65084
internal_value=5.21383e-05 -0.000500149 -0.000320985 0.000116226 -0.00181243 0.000452628 0.000561492 -0.000237041 0.00127028 0.00171091 -0.00247232 -0.000137933 0.000310436 -0.000199638
internal_weight=59970.6 19095 18294.2 12618.5 1841.49 10777.1 10654.2 6138.83 2207.93 2116.54 1731.78 748.491 40875.5 15967
internal_count=737494 271575 246947 181173 25067 156106 154615 102330 38521 36060 22531 9888 465919 207945
is_linear=0
shrinkage=0.03


Tree=95
num_leaves=15
num_cat=0
split_feature=35 33 20 29 16 29 6 35 34 32 6 15 32 12
split_gain=11.5834 10.4228 7.53134 7.60438 6.94271 7.00893 6.51363 9.90204 7.39053 7.61948 7.34509 8.17413 7.18422 8.11615
threshold=1.5000000000000002 26.500000000000004 243.50000000000003 0.049542678675999006 79.550000000000011 0.095484836194514186 0.54772727272727284 6.5000000000000009 -0.0065954072553123808 0.063002890173410417 0.93541666666666679 66.616666666666688 0.05098820404655887 76.15000000000002
decision_type=2 2 10 8 10 10 2 2 2 2 2 8 2 10
left_child=-1 6 3 -3 5 -4 7 8 9 -2 11 -8 -12 -14
right_child=1 2 4 -5 -6 -7 10 -9 -10 -11 12 -13 13 -15
leaf_value=0.00070511753461626196 0.0035414828772400561 -0.0025973020632935407 -0.0038425187563232393 -0.00021865552820637648 -0.0055662121824388792 0.003576688326011811 0.0030157090625511913 -0.0019320700702759885 0.0055048981462838759 -0.003489026525080863 -0.0046263036358852455 -0.0023579741025453026 0.0078449887154399475 -0.0018018815977500276
leaf_weight=16783.822595745325 294.91754207853228 1200.1956536943326 172.76227575878147 37955.125597247155 423.31248508091085 186.01807768410072 293.39432024629787 299.59678133379202 817.19970920542255 183.62663391511887 41.360885992995463 964.58374976087362 219.30245022499003 88.141591185238212
leaf_count=79368 3514 28729 4563 552647 7384 3162 8477 15301 9241 1927 1006 16666 4476 1161
internal_value=3.76066e-05 -0.00022261 -0.0003552 -0.000294786 -0.00318037 -2.88789e-05 0.00141111 0.00273791 0.00384935 0.000768886 5.08889e-05 -0.00103731 0.00361354 0.00521413
internal_weight=59923.4 43139.5 39937.4 39155.3 782.093 358.78 3202.12 1595.34 1295.74 478.544 1606.78 1257.98 348.805 307.444
internal_count=737622 658254 596485 581376 15109 7725 61769 29983 14682 5441 31786 25143 6643 5637
is_linear=0
shrinkage=0.03


Tree=96
num_leaves=15
num_cat=0
split_feature=35 5 15 16 14 16 13 27 15 18 33 9 29 23
split_gain=9.98831 9.90975 12.9313 9.71604 8.90201 10.5693 10.1643 16.5306 8.15133 14.2986 11.1051 8.912 9.25437 8.63557
threshold=8.5000000000000018 7.5000000000000009 60.941666666666677 74.550000000000011 75.450000000000017 86.450000000000017 67.550000000000011 -193.49999999999997 67.583333333333357 -1.0000000180025095e-35 201.50000000000003 83.500000000000014 0.15758573469981341 0.40500000000000008
decision_type=2 2 8 8 10 10 10 10 10 10 2 2 10 10
left_child=1 3 -3 8 5 -5 -7 -8 9 10 -1 -10 -13 -12
right_child=-2 2 -4 4 -6 6 7 -9 11 -11 13 12 -14 -15
leaf_value=0.00067449648359128227 -0.002057598666397755 0.0048563738863574265 0.00054143739338431479 0.00014879231811050844 -0.00047818506113537346 -0.00097319654832146588 -0.0030476105863759626 0.0039945305328887267 -0.0056214706510282746 0.0048524144631867782 0.0032980736686647359 -0.00053815535155762797 -0.0071147563236687375 -0.0029743650768644645
leaf_weight=1913.6413005379727 2071.9307859813562 609.23718164954334 12614.362129864749 17105.255830417387 17729.087448742241 736.71886133635417 313.17216235259548 2017.5981465766672 615.29912575962953 364.14716869452968 176.96678267093375 1456.2082374810707 173.82273884443566 2045.3621987481602
leaf_count=32538 138531 12419 137501 171501 157199 7286 3258 18235 7015 2274 1852 15017 1283 31465
internal_value=-3.60512e-05 3.80393e-05 0.00075778 -0.000175742 1.15283e-05 0.000442038 0.00204865 0.00300419 -0.00122033 -0.000472457 -0.000993641 -0.00267629 -0.00143034 -0.0024133
internal_weight=59942.8 57870.9 13223.6 44647.3 37901.8 20172.7 3067.49 2330.77 6745.45 4500.12 4135.97 2245.33 1630.03 2222.33
internal_count=737374 598843 149920 448923 357479 200280 28779 21493 91444 68129 65855 23315 16300 33317
is_linear=0
shrinkage=0.03


Tree=97
num_leaves=15
num_cat=0
split_feature=20 16 32 19 4 11 4 19 32 29 29 1 28 13
split_gain=14.6177 10.0231 8.2695 8.2067 6.78973 6.52497 14.4214 8.25222 7.21532 6.28296 10.9213 9.57399 7.84409 6.0494
threshold=342.50000000000006 65.950000000000017 0.14791889403658828 12.118898809523808 4.7596153846153841 3.5000000000000004 -1.0999999999999976 1.7833333333333352 0.055800599167051539 0.13655262447105432 0.097205126748472467 1209.5000000000002 1.0000000180025095e-35 63.95000000000001
decision_type=10 8 2 10 2 2 2 10 2 10 10 2 10 8
left_child=1 5 -2 4 13 7 8 -1 -7 10 -5 12 -11 -3
right_child=2 3 -4 9 -6 6 -8 -9 -10 11 -12 -13 -14 -15
leaf_value=0.00072230247225224856 -0.0073693533014004354 0.00096521996811655059 0.001671848694682469 0.00040032108775485214 -0.0033041546162959944 -0.0045229176246686887 -0.0074086283305800108 -0.0045259069615957593 0.0058748260676530798 0.0065339775386909485 0.005119533512952198 -0.0044638445372676572 -0.0014710110254491154 -5.733494809344314e-05
leaf_weight=881.29720907565206 321.37806535128038 5773.9441020515515 99.297231929143891 912.23991216020659 498.24898568144999 50.288300737156533 411.32440550311003 331.95421643555164 113.60608235769905 158.34938990138471 822.10987435746938 279.79303225874901 202.72785198129714 49108.923887913319
leaf_count=30363 6613 102320 1064 5231 4348 2340 10448 3800 3107 769 4199 1328 989 561034
internal_value=-1.82393e-05 2.33674e-05 -0.00528435 9.27027e-05 1.78846e-05 -0.00215735 -0.00465472 -0.000835947 0.00237295 0.00180084 0.00271808 -0.000698481 0.0024073 5.10234e-05
internal_weight=59965.5 59544.8 420.675 57756.3 55381.1 1788.47 575.219 1213.25 163.894 2375.22 1734.35 640.87 361.077 54882.9
internal_count=737953 730276 7677 680218 667702 50058 15895 34163 5447 12516 9430 3086 1758 663354
is_linear=0
shrinkage=0.03


Tree=98
num_leaves=15
num_cat=0
split_feature=16 21 22 12 15 34 32 6 8 21 24 24 17 34
split_gain=9.69007 9.14786 7.31017 7.75094 13.5497 11.5499 9.54212 11.6608 9.48182 9.44216 9.13934 11.083 8.1909 13.8879
threshold=63.750000000000007 0.54772727272727284 6.5000000000000009 78.050000000000011 77.683333333333351 0.027983483350643601 0.080650166324410674 0.6858552631578948 1.0000000180025095e-35 0.028778467908902695 0.097681761967796196 0.26158098089562859 82.171714285714316 0.033316251928230768
decision_type=8 10 10 10 10 2 2 2 2 10 10 10 10 2
left_child=-1 2 3 4 -2 6 7 -5 -8 -9 12 -12 -7 -14
right_child=1 -3 -4 5 -6 10 8 9 -10 -11 11 -13 13 -15
leaf_value=-0.0026528876817372882 -0.00027543810201746097 -0.0022259323882544472 0.0007051663376561317 0.0034864610787938336 -0.0031051114228429441 0.008980407815190156 0.0075322624340988086 0.003715717113838563 -0.00018525010801013231 -0.002959714833882199 -0.0011917751644501334 0.0055701232223212584 0.0086916977080581641 -0.0063771294392673695
leaf_weight=1204.9192192995688 23028.615827765549 1550.1781327521894 12762.916801708401 1468.4059313449543 1582.1411457364447 279.48467116546817 94.566159831825644 227.58119104756042 16176.537743577501 569.08201320422813 595.57223316375166 282.73939253366552 45.293679121183231 80.328161523444578
leaf_count=38257 279112 11252 216983 15670 14908 3013 747 2588 140299 6728 4955 1860 488 879
internal_value=-4.44101e-05 1.13044e-05 7.38342e-05 -0.000108109 -0.000463275 0.00033297 0.000138593 0.00194075 -0.000117459 -0.000945941 0.00302986 0.00116774 0.00649529 -1.62605e-05
internal_weight=59948.4 58743.4 57193.3 44430.3 24610.8 19819.6 18536.2 2265.07 16271.1 796.663 1283.42 878.312 405.107 125.622
internal_count=737739 699482 688230 471247 294020 177227 166032 24986 141046 9316 11195 6815 4380 1367
is_linear=0
shrinkage=0.03


Tree=99
num_leaves=15
num_cat=0
split_feature=18 20 7 11 18 11 21 11 25 27 24 27 18 30
split_gain=10.5399 9.39678 8.08796 11.1081 11.9023 7.8526 7.0321 6.39953 6.49073 6.37861 6.45442 8.08656 8.46428 7.30937
threshold=-31.633333333333326 321.50000000000006 8.5000000000000018 29.500000000000004 -1.9999999999999785 6.5000000000000009 0.12220009955201594 54.500000000000007 0.038753106434692507 194.50000000000003 0.1745217175647813 14.500000000000002 -5.9999999999999778 2419.5000000000005
decision_type=8 10 10 2 10 2 10 2 10 10 10 10 10 10
left_child=-1 2 3 -2 9 -3 -6 8 -4 10 11 12 -5 -14
right_child=1 5 7 4 6 -7 -8 -9 -10 -11 -12 -13 13 -15
leaf_value=-0.0066361165811501038 0.00011061275435037912 -0.001154627965875373 0.0036788828584025639 -0.00022032546704506826 0.0015878553329288685 -0.0090730497396670599 0.0064254552702134827 0.0022166790444904582 -0.0051813049587170947 0.0032776379595182668 -0.0036721335280042412 -0.0024726901833476153 0.0056707406927435072 -0.0025164339147563121
leaf_weight=156.88594806450419 54635.150978995254 374.73613857268356 49.271952036069706 834.4251349150436 542.9686456550844 123.26926467055455 590.29091859376058 145.34111687715631 532.75866420613602 610.18773223750759 326.52617436181754 511.49109513487201 505.43480136618018 89.045384779339656
leaf_count=9619 647117 6000 1776 18008 4293 2846 4843 2636 9971 10853 3880 8954 6250 1240
internal_value=0.000123935 0.000147171 0.000183113 0.000223226 0.00173715 -0.00376364 0.0042727 -0.00285736 -0.00419954 0.000682508 -7.16818e-05 0.000611222 0.00176142 0.00434432
internal_weight=60027.8 59870.9 59372.9 58645.5 4010.37 498.005 1133.26 727.372 582.031 2877.11 2266.92 1940.4 1428.91 594.48
internal_count=738286 728667 719821 705438 58321 8846 9136 14383 11747 49185 38332 34452 25498 7490
is_linear=0
shrinkage=0.03


Tree=100
num_leaves=15
num_cat=0
split_feature=35 5 7 28 11 19 5 0 16 33 35 2 20 29
split_gain=9.7458 10.4426 10.1893 9.33023 8.93983 16.0412 11.0362 9.01064 8.8585 8.61304 8.40502 8.26159 7.81006 7.55529
threshold=8.5000000000000018 10.500000000000002 8.5000000000000018 -0.74999999999999989 29.500000000000004 -1.4166666666666676 5.5000000000000009 11.500000000000002 88.850000000000009 626.50000000000011 3.5000000000000004 4.5000000000000009 11.500000000000002 0.064584189263215575
decision_type=2 2 10 10 2 10 2 2 10 2 2 10 10 8
left_child=1 2 4 -2 -1 -6 7 11 -3 -9 -8 -7 -12 -4
right_child=3 8 13 -5 5 6 10 9 -10 -11 12 -13 -14 -15
leaf_value=-9.6152074731210962e-05 0.00031129661970001322 0.00077684346463067577 0.0024480839199135123 -0.003706321091234185 -0.0024552945169907503 0.0031078873608016535 0.0070686785422700814 0.00086395410662319476 0.0044075436932327202 -0.0091226103236892158 0.0070374590876176781 -0.0015838756222013345 -0.00070936924331680069 -0.0050920100834349743
leaf_weight=50508.166514828685 889.23772793181706 2383.5016139815561 118.33318924275227 1179.6163824693067 718.79578404524364 1147.5340204210952 585.36431045457721 150.42711316421628 774.5837301267311 95.312459403648973 116.02560864761472 434.614225495141 371.60502449190244 530.0848353698384
leaf_count=511200 61809 27892 1973 77232 13529 10044 3945 1739 8255 1123 1746 4140 6139 7445
internal_value=-1.44614e-05 5.85764e-05 -3.88194e-05 -0.00201287 7.63008e-06 0.00143736 0.00242716 0.000959463 0.00172216 -0.00389691 0.00477341 0.00181003 0.00161696 -0.00363923
internal_weight=60003.2 57934.3 54776.3 2068.85 54127.8 3619.68 2900.88 1827.89 3158.09 245.74 1072.99 1582.15 487.631 648.418
internal_count=738211 599170 563023 139041 553605 42405 28876 17046 36147 2862 11830 14184 7885 9418
is_linear=0
shrinkage=0.03


Tree=101
num_leaves=15
num_cat=0
split_feature=35 8 8 29 16 23 21 31 26 14 16 35 33 25
split_gain=11.2837 12.1143 12.9778 9.55353 7.99553 8.36902 8.33109 7.82345 7.67415 7.55066 9.67781 13.793 10.7377 9.13027
threshold=4.5000000000000009 1.5000000000000002 1.0000000180025095e-35 0.11346650633946395 91.750000000000014 -4.4949999999999992 0.46862745098039221 0.025980766687128364 0.80443036122345835 76.550000000000011 83.550000000000011 3.5000000000000004 44.500000000000007 0.22031074860524277
decision_type=2 2 2 10 8 10 10 8 10 8 10 2 2 10
left_child=4 2 3 -2 5 -1 -6 -3 -8 10 12 -12 -7 -14
right_child=1 7 -4 -5 6 9 8 -9 -10 -11 11 -13 13 -15
leaf_value=-0.0048625547812979081 -0.0036183282113315257 -0.00065278351349405965 -0.0086305995205468531 0.0021920000236129141 0.0013329728894202549 0.0025650424265641751 -0.00024841810578792842 0.0031303098981865975 -0.0071623516047582105 -0.00038927198733709756 0.0024565097939007515 -0.0020615360991381613 -1.4449200344201691e-05 -0.0034998784952515126
leaf_weight=268.99380552023649 716.76883402734529 13112.848821061547 285.40512937912717 340.95449319900945 7255.883678833954 1335.2454039198346 620.2772993221879 462.07036150060594 139.91172992810607 19363.164596368093 3559.2689035609365 691.58294276334345 11124.743893038016 670.23604240827262
leaf_count=1486 26754 365852 9841 9160 51005 10365 3482 11217 849 131053 22331 7636 82568 4118
internal_value=-7.48306e-05 -0.000788463 -0.00345424 -0.00173098 0.000162205 -2.42751e-05 0.00101807 -0.000512998 -0.0018844 1.77042e-05 0.000470907 0.00170604 6.60845e-05 -0.000226442
internal_weight=59947.4 14918 1343.13 1057.72 45029.3 37013.2 8016.07 13574.9 760.189 36744.2 17381.1 4250.85 13130.2 11795
internal_count=737717 422824 45755 35914 314893 259557 55336 377069 4331 258071 127018 29967 97051 86686
is_linear=0
shrinkage=0.03


Tree=102
num_leaves=15
num_cat=0
split_feature=35 20 35 11 17 19 11 8 1 6 4 16 16 6
split_gain=16.4028 7.75193 7.71255 9.00541 7.75381 7.40054 8.1477 7.95882 7.02741 6.95623 9.24305 7.09034 9.53187 6.76241
threshold=5.5000000000000009 241.50000000000003 1.5000000000000002 24.500000000000004 75.501724137931049 -7.5575925925925906 11.500000000000002 1.5000000000000002 2242.0000000000005 0.92582417582417598 -1.4472222222222226 89.550000000000011 86.750000000000014 0.2752525252525253
decision_type=2 10 2 2 10 10 2 2 2 2 2 10 10 2
left_child=2 5 3 -1 -5 -2 7 -7 -8 10 -9 12 13 -12
right_child=1 -3 -4 4 -6 6 8 9 -10 -11 11 -13 -14 -15
leaf_value=0.0005375578313995032 -0.0027976334655356854 -0.0056613136655866685 -4.6804013994819451e-05 0.0050616789874145191 0.00034555220653217694 -0.0052666736094426807 -0.0017425751266076197 0.0033082370448107401 0.0047417980077802905 0.004153503954837167 0.0023329762962580143 0.0033496335906446919 -0.0066332320569352917 -0.001419987437575066
leaf_weight=15556.828341834247 1585.3888971839333 278.89237002131995 33202.015519755194 721.34564995020628 542.02955152094364 162.32067022426054 3943.0183735336177 647.63218903634697 109.2095640306361 412.64400970656425 529.4274911202956 316.36453922488727 204.24492373410612 1662.1057798384281
leaf_count=73238 90303 12126 312672 3622 2650 5907 116059 21302 3230 12945 16513 8562 5438 52625
internal_value=-2.09608e-06 -0.00111781 0.000218527 0.00074086 0.00312849 -0.000956706 -0.000576156 0.000394667 -0.00151215 0.00070397 0.000225609 -0.000557052 -0.00113086 -0.000481536
internal_weight=59873.5 9851.25 50022.2 16820.2 1263.38 9572.36 7986.97 3934.74 4052.23 3772.42 3359.77 2712.14 2395.78 2191.53
internal_count=737192 345010 392182 79510 6272 332884 242581 123292 119289 117385 104440 83138 74576 69138
is_linear=0
shrinkage=0.03


Tree=103
num_leaves=15
num_cat=0
split_feature=35 2 20 31 16 7 19 8 8 22 23 14 30 14
split_gain=11.0146 7.84053 10.3496 7.69084 13.2686 9.98625 11.8491 11.0051 20.6634 10.7428 10.7594 10.1574 16.0191 11.2802
threshold=8.5000000000000018 4.5000000000000009 14.500000000000002 -0.00052034566311741413 68.350000000000009 4.5000000000000009 8.0279914529914453 1.5000000000000002 1.0000000180025095e-35 3.5000000000000004 1.7950000000000002 54.350000000000001 1576.5000000000002 62.45000000000001
decision_type=2 8 8 8 8 8 10 2 2 10 10 10 10 10
left_child=3 2 -2 4 -1 7 -7 8 -5 11 -11 -9 13 -13
right_child=1 -3 -4 5 -6 6 -8 9 -10 10 -12 12 -14 -15
leaf_value=-0.0032542363237758522 0.00062583659414483398 -0.00010219125990015896 -0.0055927828271414813 0.0072504204114528879 -0.00014355498914427579 -0.0004323048057616957 0.0023633941022038543 -0.0014786806251874118 -0.0038274570401029559 -0.0013081160308459985 0.0021031052229654214 0.007271109361482786 -0.0010159902328671264 0.0014965790486831528
leaf_weight=1259.2436877412256 328.50235536938999 963.17825486394577 766.09565710357856 133.18935654312372 21620.441690066131 14437.891301297932 1456.5012082718313 2167.2971699540503 888.76697756210342 893.91830814466812 8045.6515625734173 285.41343288077042 2561.571419456508 4062.0084566641599
leaf_count=23662 22517 62186 54039 1023 237058 159808 8973 15564 8513 7163 85515 2554 18341 29718
internal_value=2.80711e-05 -0.00210217 -0.00378069 0.000105647 -0.000321482 0.000385465 -0.00016951 0.000848035 -0.00211286 0.00102138 0.00175662 0.00029155 0.000853492 0.00195405
internal_weight=59869.7 2057.78 1094.6 57811.9 22879.7 34932.2 15894.4 19037.8 1021.96 18015.9 8939.57 9076.29 6908.99 4347.42
internal_count=736634 138742 76556 597892 260720 337172 168781 168391 9536 158855 92678 66177 50613 32272
is_linear=0
shrinkage=0.03


Tree=104
num_leaves=15
num_cat=0
split_feature=16 19 7 29 33 24 12 14 19 26 14 22 19 3
split_gain=11.851 11.0472 10.4417 9.16601 8.87968 14.2096 13.7572 8.66059 9.46682 9.93323 8.97748 8.60647 8.41868 8.38565
threshold=74.550000000000011 12.118898809523808 8.5000000000000018 0.081316068834506663 90.500000000000014 0.013880269274155714 70.050000000000011 74.950000000000017 0.87380952380951638 -0.059519019196396565 55.95000000000001 8.5000000000000018 -14.561324786324784 57.250000000000007
decision_type=8 10 10 8 2 10 10 8 10 10 10 10 10 2
left_child=3 2 7 4 -1 -6 -7 8 9 10 -2 13 -13 -5
right_child=1 -3 -4 11 5 6 -8 -9 -10 -11 -12 12 -14 -15
leaf_value=-0.00016544879846600762 0.0023768915292094986 0.0022579483630290808 -0.0035065479963182337 0.00030753579798935775 -0.0095767952350914818 -0.0039341033639227873 0.0022287155043074179 -0.00016659339289225655 0.0013178279475693137 0.00089457458484829445 -0.0020725046314591647 -0.0055594578659831969 0.0031932907921258403 -0.0020909542987865653
leaf_weight=1056.0739261549897 438.25101176300086 2099.2859413744882 677.73274734127335 2761.1350804810645 257.41676053311676 1222.2390909764217 401.59959002945106 32401.074395937612 9078.1120530678891 3608.6129846859258 2632.4184397574281 65.607501886668615 827.49967086187098 2430.5656459733145
leaf_count=27722 5981 10956 13321 42104 11457 25126 5047 348547 77853 76616 41040 3768 18563 29439
internal_value=-2.48325e-05 0.000152953 6.02504e-05 -0.00102385 -0.00238531 -0.00359492 -0.0023889 0.000114031 0.000689764 -0.000167314 -0.00140957 -0.00035255 0.00228966 -0.000824584
internal_weight=59957.6 50935.5 48836.2 9022.14 2937.33 1881.26 1623.84 48158.5 15757.4 6679.28 3070.67 6084.81 893.107 5191.7
internal_count=737540 574314 563358 163226 69352 41630 30173 550037 201490 123637 47021 93874 22331 71543
is_linear=0
shrinkage=0.03


Tree=105
num_leaves=15
num_cat=0
split_feature=35 8 8 19 4 30 13 35 16 5 19 16 21 7
split_gain=15.8167 11.6069 19.4326 17.9088 11.8319 10.6867 10.4621 9.85519 9.24476 9.069 10.7812 12.2079 16.9971 12.0642
threshold=9.5000000000000018 1.5000000000000002 1.0000000180025095e-35 6.5031818181818233 -0.12132352941176448 933.50000000000011 93.450000000000017 1.5000000000000002 84.350000000000009 5.5000000000000009 7.8925084175084033 84.750000000000014 0.059262510974539072 4.5000000000000009
decision_type=2 2 2 8 2 10 10 2 10 2 10 10 10 10
left_child=1 2 3 -1 7 -4 9 -3 -7 10 11 12 -6 -13
right_child=-2 4 5 -5 6 8 -8 -9 -10 -11 -12 13 -14 -15
leaf_value=0.0092780988838026338 -0.0035351506917149127 0.0019726670777174991 -0.0075564712308988152 -0.00059161327316571157 -0.00021396444131328347 0.00019176467910848847 -0.0034485133426642176 0.00039546465049276755 -0.0057918741515426237 0.00050380785832543665 0.00092539770603361417 0.0016768573174468519 -0.0029077580553978147 -0.000998233658466622
leaf_weight=122.03030306869186 1080.8525916562648 4576.6424839347601 498.41822268208489 4300.4650603192858 4047.7216312759556 601.84695940860547 801.24925429117866 15717.414726699586 325.43647332815453 13694.017985736951 3679.1137523669749 2584.3081535897218 4368.7529476254713 3528.9443005134817
leaf_count=1164 89143 21928 6092 51479 48318 7030 6971 236984 2687 146409 20730 19975 41882 36054
internal_value=-2.08029e-05 4.66928e-05 -0.00121584 -0.000218598 0.000187024 -0.00419704 -0.000166116 0.000755124 -0.00209712 -7.84104e-05 -0.00051645 -0.000883466 -0.00162115 0.00013706
internal_weight=59927.2 58846.4 5848.2 4422.5 52998.2 1425.7 32704.1 20294.1 927.283 31902.9 18208.8 14529.7 8416.47 6113.25
internal_count=736846 647703 68452 52643 579251 15809 320339 258912 9717 313368 166959 146229 90200 56029
is_linear=0
shrinkage=0.03


Tree=106
num_leaves=15
num_cat=0
split_feature=18 28 24 24 16 14 5 23 33 31 5 31 12 30
split_gain=12.4843 8.40708 8.35505 7.63885 9.76925 14.0578 10.3242 8.87671 6.98348 6.8183 7.01392 6.48266 6.45647 6.5345
threshold=-30.100000000000001 1.2500000000000002 0.016139079857931012 0.040550376590118307 70.65000000000002 71.250000000000014 8.5000000000000018 8.7050000000000018 44.500000000000007 0.031012429457322997 2.5000000000000004 0.028135290028372072 67.750000000000014 2579.5000000000005
decision_type=8 8 8 8 8 8 2 10 2 8 2 10 10 10
left_child=-1 8 12 7 -5 11 9 -4 -2 -7 -11 -6 -3 -14
right_child=1 2 3 4 5 6 -8 -9 -10 10 -12 -13 13 -15
leaf_value=-0.0068646979891799536 0.0013319342239487509 -0.00044565503504509041 0.0017915777240434139 -0.0042625202369336148 0.00093303315117645774 -0.0011844858462241265 0.00091270367005970071 -0.0027644716189484777 -2.8764983266589797e-05 0.0013686922906527219 -0.0072145083639445513 0.0066275161009065565 -0.0059335839470756827 0.0021847263508178996
leaf_weight=200.8700010800967 3705.9968778132461 516.61731173971202 2164.9996552106459 625.43681040790398 2665.4221283825173 11060.908126066555 2156.0539770859759 419.37560204183683 35262.013603513944 97.008206678088754 276.91209850856103 145.8108011810109 585.41579394740984 77.561610331991687
leaf_count=11870 59689 13398 28557 8370 26866 108319 27440 7536 431403 798 2427 1124 8830 1154
internal_value=-0.000185981 -0.000157812 -0.000644177 -0.000492399 -0.000723305 -0.000575806 -0.000975343 0.00101381 0.000102183 -0.00133376 -0.00508893 0.00133904 -0.003045 -0.00489722
internal_weight=59960.4 59759.5 20791.5 19611.9 17027.6 16402.1 13590.9 2584.38 38968 11434.8 373.92 2811.23 1179.59 662.977
internal_count=737781 725911 234819 211437 175344 166974 138984 36093 491092 111544 3225 27990 23382 9984
is_linear=0
shrinkage=0.03


Tree=107
num_leaves=15
num_cat=0
split_feature=20 32 32 19 32 31 1 24 20 14 28 34 19 25
split_gain=10.2078 10.2665 8.78777 16.3074 10.8113 10.8717 10.7775 13.865 13.5822 10.695 10.3633 12.2021 8.78891 10.7445
threshold=342.50000000000006 0.15671138110618851 0.069234891582158467 -2.0093915343915323 0.099026432977897635 0.0015858625594844357 1197.5000000000002 0.11641738148483904 147.50000000000003 72.65000000000002 1.0000000180025095e-35 -0.016483316578149023 -1.9416666666666555 0.11078846781029551
decision_type=10 2 2 10 2 8 2 10 8 10 10 2 10 10
left_child=2 -2 3 -1 6 -6 8 10 -4 -9 11 -8 -11 -14
right_child=1 -3 4 -5 5 -7 7 9 -10 12 -12 -13 13 -15
leaf_value=-0.0029623504332555476 -0.0065366351263056776 0.0037904298230169624 0.0013315211965976249 6.3992377901629172e-06 -0.00057749553349746054 0.00044953994797692221 -0.0039491244675253284 0.0038379386334930383 0.0056197702410775534 0.0075606244501057558 -0.0017770896694256052 0.0012861307671056337 -0.0032175333010467373 0.0015144567545201152
leaf_weight=2218.883095361758 330.16576684382744 76.295224277069792 2959.8719564829953 6258.4118180202495 16617.854599549551 20867.242796611623 407.14940210804343 1492.403120898176 827.30538317025639 95.717246829532087 2691.5250725534279 3245.7081698960392 603.55358120775782 1223.2849892126396
leaf_count=83227 6717 787 37901 81473 181251 192471 5963 15394 13703 2076 38156 61578 6043 10392
internal_value=7.39867e-05 -0.00439532 0.000108177 -0.000783467 0.000256918 -5.92713e-06 0.000981594 0.000449398 0.00232931 0.00197603 -0.00038136 0.000657161 0.000470059 -9.2973e-05
internal_weight=59915.4 406.461 59508.9 8477.29 51031.6 37485.1 13546.5 9759.34 3787.18 3414.96 6344.38 3652.86 1922.56 1826.84
internal_count=737132 7504 729628 164700 564928 373722 191206 139602 51604 33905 105697 67541 18511 16435
is_linear=0
shrinkage=0.03


Tree=108
num_leaves=15
num_cat=0
split_feature=31 20 32 0 35 3 17 19 34 31 26 29 13 14
split_gain=10.1948 8.45763 8.12785 10.4979 12.3515 14.1304 11.0043 9.82984 16.6323 13.16 9.4239 9.27468 8.38697 7.5928
threshold=0.004203997974241991 243.50000000000003 0.11530697137424023 9.5000000000000018 9.5000000000000018 57.750000000000007 64.978174603174622 -0.052579365079367328 -0.011570912396422344 -0.014689561180334326 -0.06160711968928647 0.13469471155850984 67.550000000000011 69.65000000000002
decision_type=10 10 2 2 2 2 8 10 2 10 8 8 8 8
left_child=1 2 3 7 5 10 -7 8 -1 -10 -5 13 -11 -8
right_child=-2 -3 -4 4 -6 6 11 -9 9 12 -12 -13 -14 -15
leaf_value=-0.0052719991854326661 0.00047114701218552803 -0.0034615427859820205 -0.0007608267294292525 0.00077521443939966984 -0.0033711711350961552 -0.0044908661049641871 0.0034753632856212675 0.00016539466959988259 -0.0053307830377178561 -0.0018897738390997443 0.0033396065847537937 -0.004031736013281835 0.0022048123180889415 7.328171605362135e-05
leaf_weight=891.24018405657262 25668.096506217378 703.99944270448759 15173.906034043059 2486.8428318654187 542.09724918508437 429.09259745385498 713.24417067714967 5540.6894847902295 360.03765633399598 692.76714466745034 2719.5062517672777 342.39428312960081 1100.2023316017585 2617.2899748010095
leaf_count=17862 274986 12814 153361 32235 49516 8471 9399 48509 7271 16847 51017 3256 21035 31152
internal_value=1.94438e-05 -0.000318647 -0.00024777 0.000175435 0.000841783 0.00110384 -0.000213283 -0.000589587 -0.00194416 -0.000478212 0.00213374 0.000340051 0.000614399 0.000842475
internal_weight=59981.4 34313.3 33609.3 18435.4 9850.47 9308.37 4102.02 8584.94 3044.25 2153.01 5206.35 3672.93 1792.97 3330.53
internal_count=737731 462745 449931 296570 185046 135530 52278 111524 63015 45153 83252 43807 37882 40551
is_linear=0
shrinkage=0.03


Tree=109
num_leaves=15
num_cat=0
split_feature=4 35 1 26 26 22 9 27 33 32 19 33 16 19
split_gain=12.4966 8.77264 11.787 8.38377 8.06745 12.2492 14.3995 9.4251 10.0444 11.3177 9.74389 9.29932 10.5985 9.51993
threshold=4.5156250000000009 7.5000000000000009 1610.5000000000002 -0.0055733363779058853 -0.060204616265052038 6.5000000000000009 43.500000000000007 -3.4999999999999996 187.50000000000003 0.078791845153101711 -2.2938446969696922 38.500000000000007 86.450000000000017 12.118898809523808
decision_type=2 2 2 10 10 10 2 10 2 2 10 2 8 10
left_child=1 4 3 -3 5 11 -7 -8 9 10 -9 -1 13 -13
right_child=-2 2 -4 -5 -6 6 7 8 -10 -11 -12 12 -14 -15
leaf_value=0.0012750935717742368 -0.0037017865647650163 -0.0015829924207526513 0.002256044327871637 -0.00674083555955523 0.00057585679226333255 -0.0011019194670683161 0.00048090572042769553 -0.0041519162448375455 0.0047707540508784112 -0.0030148713452722827 0.0082006340233161615 -0.0012935409566538114 0.00015832028070798899 0.0014663127671230671
leaf_weight=2613.023014516104 769.10524699138477 2752.0971817028476 619.63818211189937 276.23906674399041 21601.683876082534 1735.5518179181963 1668.8937516910955 44.911603890592232 1485.9426509980112 358.16807584371418 152.39775427989662 14383.944765977794 10308.763197151944 1178.9377509113401
leaf_count=25749 6467 151632 31455 15937 231386 17692 17091 835 15426 3849 1705 123285 88791 5969
internal_value=-2.16571e-05 2.92544e-05 -0.00138565 -0.00215533 0.000123364 -0.000165137 0.0011321 0.00217785 0.00352046 5.80544e-05 0.00511798 -0.000414699 -0.000587497 -0.00108045
internal_weight=59949.3 59180.2 3647.97 3028.34 55532.2 33930.5 5445.87 3710.31 2041.42 555.477 197.309 28484.7 25871.6 15562.9
internal_count=737269 730802 199024 167569 531778 300392 56598 38906 21815 6389 2540 243794 218045 129254
is_linear=0
shrinkage=0.03


Tree=110
num_leaves=15
num_cat=0
split_feature=35 21 18 29 22 33 28 31 31 33 24 35 29 1
split_gain=12.5469 10.3986 10.231 14.8095 9.76521 8.20811 8.66687 9.65195 8.15277 8.1712 7.67006 7.31101 10.3775 15.9745
threshold=7.5000000000000009 0.17274535809018571 -11.799999999999992 0.11595520333664046 8.5000000000000018 2325.5000000000005 4.2500000000000009 -0.014275084797828528 0.00097228715401217493 2963.5000000000005 0.010023163050008733 6.5000000000000009 0.093192925204552857 1352.0000000000002
decision_type=2 10 10 10 10 2 10 10 10 2 8 2 10 2
left_child=5 2 3 -2 -4 6 10 -8 -7 -10 -1 12 -9 -14
right_child=1 -3 4 -5 -6 8 7 11 9 -11 -12 -13 13 -15
leaf_value=-0.0025807339991759048 -0.0043371806472920511 -0.0047154036777757157 -0.00055425618148967381 0.0034453457058526795 0.0047439866954790931 -0.002699976135130002 -0.002796801997096152 0.0056209199159723841 -0.0023224553808623609 0.00079937454926147175 0.00017233104421532364 -0.0043680693057090757 0.0039937593649186295 -0.0016446416732329213
leaf_weight=878.70474577136338 1034.7014431208372 757.62954253214411 1284.0880106985569 236.06508915044833 360.59164331667125 1705.750955195399 321.49470660183579 739.56272352812812 1048.8599453736097 2360.2067619878799 47364.312830240553 92.997706659371033 927.77570692077279 801.90895589720458
leaf_count=15439 85711 32809 51522 14200 16075 15162 3003 6642 8371 18395 454739 2297 7057 6130
internal_value=-1.05418e-05 -0.00169721 -0.000846597 -0.00281575 0.000713064 0.000101022 0.000215969 0.00179919 -0.00103893 -0.000180799 0.000119566 0.00241836 0.00275558 0.00140694
internal_weight=59914.7 3673.08 2915.45 1270.77 1644.68 56241.6 51126.8 2883.74 5114.82 3409.07 48243 2562.25 2469.25 1729.68
internal_count=737552 200317 167508 99911 67597 537235 495307 25129 41928 26766 470178 22126 19829 13187
is_linear=0
shrinkage=0.03


Tree=111
num_leaves=15
num_cat=0
split_feature=22 35 4 8 29 31 29 25 6 29 31 3 20 34
split_gain=8.22275 13.9656 12.388 11.9341 12.3363 10.6115 8.9429 9.09072 9.5485 11.6309 10.2085 9.10769 9.0083 8.64
threshold=6.5000000000000009 4.5000000000000009 3.5156250000000004 1.5000000000000002 0.058995133522501832 0.025980766687128364 0.15032274089386732 0.019855433976831132 0.20526315789473687 0.06400202224469162 -0.0016904390649781825 58.750000000000007 34.500000000000007 -0.010304448141661532
decision_type=10 2 2 2 10 10 10 10 2 10 10 2 10 2
left_child=1 -1 3 -2 -5 -3 7 12 11 -10 13 -9 -6 -11
right_child=2 5 -4 4 6 -7 -8 8 9 10 -12 -13 -14 -15
leaf_value=-5.141955305160537e-05 -0.0043808247484164497 -0.0015388394415815378 -0.0035008300869550672 -0.0022350085795322834 -0.006664760162313009 0.0035780451373028637 -0.00086107536662307271 0.0010064024571207314 0.0076335073550177629 0.0033890682697438599 0.0026842176368658782 -0.0037687188693837971 0.002109874137899764 -0.00048999382096569753
leaf_weight=37052.33351047663 350.67690883995965 9122.4817291179206 606.55164532875642 1002.2926767708268 191.980557225761 333.57164195505902 1651.151297311997 1189.6893802942941 283.88898838253226 621.88294414477423 4836.7491884911433 456.94953409244772 153.27071229927242 2198.8537518873345
leaf_count=252335 6932 233393 6749 29832 10017 7658 18107 20883 6775 12079 81894 6147 5604 40182
internal_value=-0.00012523 -0.000314666 0.000524036 0.000725488 0.000884525 -0.00134047 0.00116287 0.00150193 0.00167857 0.00210739 0.00185433 -0.000390728 -0.00299523 0.000409349
internal_weight=60052.3 46508.4 13543.9 12937.4 12586.7 9456.05 11584.4 9933.27 9588.01 7941.37 7657.49 1646.64 345.251 2820.74
internal_count=738587 493386 245201 238452 231520 241051 201688 183581 167960 140930 134155 27030 15621 52261
is_linear=0
shrinkage=0.03


Tree=112
num_leaves=15
num_cat=0
split_feature=5 28 8 16 29 22 23 18 33 24 20 34 13 25
split_gain=9.32559 12.58 11.77 9.16107 8.05237 9.52349 10.2736 8.02506 8.37223 9.59146 7.61644 7.34315 8.5367 7.80647
threshold=9.5000000000000018 -3.2499999999999996 1.5000000000000002 77.15000000000002 0.079188931805826118 8.5000000000000018 10.405000000000003 -1.0000000180025095e-35 54.500000000000007 0.013880269274155714 14.500000000000002 0.043537370028120026 91.850000000000009 0.030057169878058846
decision_type=2 10 2 8 8 10 10 10 2 10 10 2 8 8
left_child=3 -2 -3 4 7 -6 -7 8 10 -10 -1 13 -13 -5
right_child=1 2 -4 11 5 6 -8 -9 9 -11 -12 12 -14 -15
leaf_value=0.004363338021321426 0.0045844303749881903 -0.0065270163025356901 0.0009222917112329536 0.0041914364643271538 -0.00064632134234986357 0.0041085231087794631 -0.0016358849249902105 0.0016512518068005867 -0.0080502041234098709 -0.002507527165582701 -0.0017069754966904428 0.00451848959818582 -0.0024280210980449001 8.5774650371318956e-05
leaf_weight=220.95148789510131 805.71854310820345 148.59906200889964 5135.2619794290513 371.19546869315673 7652.1793261495477 780.17205217212904 389.3400508579798 448.65846845693886 301.33050824759994 1975.1057243840769 544.05644200055394 623.00492816674523 173.43580561014824 40372.427366008167
leaf_count=5459 15889 2255 80636 6143 94626 15023 10698 3246 12959 36733 14102 5830 1568 432699
internal_value=9.90052e-05 0.00120677 0.000653572 -2.72641e-05 -0.000744283 -0.000257675 0.0022075 -0.00195324 -0.00250306 -0.00339846 0.000206394 0.000185888 0.00295172 0.000128271
internal_weight=59941.4 6089.58 5283.86 53851.9 12311.8 8821.69 1169.51 3490.1 3041.44 2276.44 765.008 41540.1 796.441 40743.6
internal_count=737866 98780 82891 639086 192846 120347 25721 72499 69253 49692 19561 446240 7398 438842
is_linear=0
shrinkage=0.03


Tree=113
num_leaves=15
num_cat=0
split_feature=16 20 14 30 16 29 18 29 8 22 14 18 32 3
split_gain=10.5186 12.8676 12.1188 10.8561 9.36014 10.2261 11.5617 9.77449 9.11704 10.6812 9.22676 10.2838 10.0342 9.28622
threshold=74.550000000000011 243.50000000000003 76.050000000000011 621.50000000000011 82.250000000000014 0.065555976112372794 -9.4500000000000117 0.058995133522501832 1.5000000000000002 7.5000000000000009 51.750000000000007 -28.86666666666666 0.13796658749220422 58.750000000000007
decision_type=8 10 8 10 10 8 10 10 2 10 10 10 2 2
left_child=8 2 4 -3 5 6 -2 -6 -1 -10 11 -11 -13 -12
right_child=1 3 -4 -5 7 -7 -8 -9 9 10 13 12 -14 -15
leaf_value=-0.0052134763925304533 -0.0014812866436001869 -0.0065602383747775557 -0.00014175308452005751 -5.3694450981025444e-05 -0.0022286363942439985 -0.00011399241697478128 0.0043769029467475538 0.001894777919694602 -0.0013276282675899528 -0.0048429152268679512 0.00081330388802097905 0.0058667584112638022 -0.001549521088530241 -0.0053273084526952079
leaf_weight=383.12384792545345 405.79114511795342 419.07301840675063 31639.132604333223 455.96153840515763 515.39927150984295 9329.3012851725798 948.55174049385823 7291.8604315435514 6576.4927390071971 85.583728142315522 847.5475546438247 673.62217259930912 189.11244827485643 245.55184433923569
leaf_count=8120 12746 6262 330813 6386 9063 111691 11647 86350 97991 6031 23515 20217 2615 4891
internal_value=-1.66677e-05 0.000150444 0.000214933 -0.00335598 0.000823982 0.000244673 0.00263141 0.00161012 -0.00095922 -0.000741107 0.00113496 0.00322361 0.00424527 -0.000738796
internal_weight=60006.1 51005.1 50130 875.035 18490.9 10683.6 1354.34 7807.26 9001.03 8617.91 2041.42 948.318 862.735 1093.1
internal_count=738338 574958 562310 12648 231497 136084 24393 95413 163380 155260 57269 28863 22832 28406
is_linear=0
shrinkage=0.03


Tree=114
num_leaves=15
num_cat=0
split_feature=31 33 33 35 23 27 29 32 33 17 23 24 15 29
split_gain=6.90211 13.8051 9.88294 10.2755 9.38621 8.506 10.2795 8.08519 12.4484 14.4572 11.7291 8.78183 7.74588 7.54949
threshold=0.00021170562521951613 2084.5000000000005 44.500000000000007 5.5000000000000009 -1.4949999999999999 -114.49999999999999 0.12176860305067684 0.10370669056152929 1621.5000000000002 75.7013888888889 2.6050000000000004 0.020731195686561347 78.283333333333346 0.084616071796704287
decision_type=10 2 2 2 8 8 8 2 2 10 8 8 8 8
left_child=1 2 -1 4 -4 -5 -7 -6 10 -10 13 -12 -8 -9
right_child=-2 -3 3 5 7 6 12 8 9 -11 11 -13 -14 -15
leaf_value=0.0012717174935664083 0.00019833879629534582 -0.0028392168603582194 0.0027772203380503437 -0.0045252908723897589 0.00043999509064939179 -0.0015958105232621101 -0.00061499920725759951 -0.00070536311429409174 -0.0019191100410835141 0.0064438261013219696 -0.0050189493307759214 0.00023552721424130384 0.0096012815646095134 -0.0034283011114995912
leaf_weight=3263.4276606533676 34198.052402580972 1960.5049318098463 873.32740674354136 803.75371364376042 6789.9656305171084 2940.149677128531 120.26162417349406 1491.7312262561172 299.19257374387234 373.93817182816565 258.65455936361104 3903.7290086327121 85.958968563470989 2462.8421577094123
leaf_count=55926 379283 20727 5712 29971 61677 108910 3439 11207 2422 2757 2525 32449 2340 17255
internal_value=-8.05173e-05 -0.000452293 -0.000248998 -0.000494742 -0.000162675 -0.00185857 -0.00111722 -0.000335826 -0.000934213 0.002851 -0.00126365 -0.000146689 0.00468608 -0.00242279
internal_weight=59825.5 25627.4 23666.9 20403.5 16453.4 3950.12 3146.37 15580.1 8790.09 673.131 8116.96 4162.38 206.221 3954.57
internal_count=736600 357317 336590 280664 136004 144660 114689 130292 68615 5179 63436 34974 5779 28462
is_linear=0
shrinkage=0.03


Tree=115
num_leaves=15
num_cat=0
split_feature=35 4 15 18 32 7 8 35 16 23 12 33 33 31
split_gain=11.7141 12.5432 8.11596 17.6722 10.9309 10.7272 11.4524 9.1876 10.0545 11.6913 9.88128 9.8307 9.17699 9.70064
threshold=1.5000000000000002 0.87980769230769351 73.016666666666694 -3.3333333333333388 0.16974913313342962 6.5000000000000009 1.5000000000000002 6.5000000000000009 87.65000000000002 3.4750000000000005 78.15000000000002 792.50000000000011 78.500000000000014 0.00010507622351337203
decision_type=2 2 8 10 2 10 2 2 10 10 10 2 2 8
left_child=1 -1 3 5 -5 6 -2 -4 -9 -10 11 -11 -8 -14
right_child=2 -3 7 4 -6 -7 12 8 9 10 -12 -13 13 -15
leaf_value=0.0014568696272181298 -0.0050032501916713514 -0.00018351165912207661 -0.00036208212805868931 0.0026589368694160485 -0.0054021112008169857 -0.0022863164541235882 0.0018435500085377799 -0.0035359500691124549 -0.0028496791491808295 -0.0054865687530782923 0.0059047138257804117 0.0052091196209825509 -0.001128180786178098 0.00076294614756395511
leaf_weight=9105.9665977582335 328.64408880507108 7724.7245379686356 22492.19501120178 3029.8527219486423 113.6146654188633 1838.7622190443799 2640.9922885234701 1758.6656782220816 573.81096540670842 154.53792849322781 340.02674463996664 76.95995950861834 4600.9445138617884 5089.1980272937799
leaf_count=43127 8483 36404 220307 28297 838 44293 61373 68944 18394 6025 12672 2884 96551 88360
internal_value=3.58252e-05 0.000705676 -0.000226644 0.000267201 0.00228757 -0.000177197 0.00013693 -0.000569555 -0.00214315 5.39375e-05 0.0029639 -0.00163718 0.000293576 -0.000136156
internal_weight=59868.9 16830.7 43038.2 17642 3143.47 14498.5 12659.8 25396.2 2904 1145.34 571.525 231.498 12331.1 9690.14
internal_count=736952 79531 657421 328195 29135 299060 254767 329226 108919 39975 21581 8909 246284 184911
is_linear=0
shrinkage=0.03


Tree=116
num_leaves=15
num_cat=0
split_feature=17 29 2 14 33 0 17 12 2 32 29 11 13 12
split_gain=6.82202 7.62507 10.935 6.47885 5.60145 5.5967 5.40224 6.11516 6.82232 7.56011 7.14075 8.00569 5.21917 5.20822
threshold=54.62613636363637 0.12035463733845138 4.5000000000000009 50.150000000000013 284.50000000000006 6.5000000000000009 67.101785714285725 45.150000000000013 6.5000000000000009 0.13913378441749852 0.12176860305067684 31.500000000000004 54.150000000000013 43.750000000000007
decision_type=8 10 10 8 2 2 10 10 10 2 8 2 10 10
left_child=1 2 -1 5 -3 -2 7 -7 9 10 11 -9 13 -4
right_child=3 4 12 -5 -6 6 -8 8 -10 -11 -12 -13 -14 -15
leaf_value=-0.0061452141302086403 -0.0027220760710447347 0.005476513139274556 -0.0031713560371155656 -1.6326520139823e-05 -0.0023831941277861952 -0.0043318089803800015 -0.00011302995974076381 0.011647422032401678 -0.0019729465740347969 -0.0017304021349594024 0.00040552412685320561 -0.00272220071615414 -0.0034559961546328636 0.0071640293068961801
leaf_weight=508.92424106725957 122.88284395844676 121.39965892606415 28.576385078486055 58148.630668050027 115.12560716690496 23.541683525778353 270.22662681143265 273.15143147401977 66.660598024260253 59.166240393416956 84.287079894682392 20.330036976607516 72.891277124173939 102.163449933636
leaf_count=17569 1209 2707 2260 689865 2170 877 4090 6364 1473 613 1153 623 2906 5052
internal_value=-1.73319e-05 -0.00247564 -0.00395842 2.4227e-05 0.00190261 0.00245551 0.00336698 0.00500618 0.00579452 0.00706046 0.00847862 0.0104006 0.00164096 0.0046526
internal_weight=60018 949.081 712.555 59068.9 236.525 920.247 797.364 527.137 503.595 436.935 377.769 293.481 203.631 130.74
internal_count=738931 32664 27787 706267 4877 16402 15193 11103 10226 8753 8140 6987 10218 7312
is_linear=0
shrinkage=0.03


Tree=117
num_leaves=15
num_cat=0
split_feature=4 24 26 20 14 17 33 25 9 4 10 26 26 10
split_gain=8.68215 15.7355 8.37983 11.7309 7.73037 7.01259 8.78997 7.68793 7.22329 6.75589 11.9284 9.10789 7.85003 12.3329
threshold=-3.0590277777777781 0.027020559545499197 -0.074908758820253218 61.500000000000007 88.750000000000014 74.400980392156882 293.50000000000006 0.034850711012880294 101.50000000000001 3.3385416666666683 41.500000000000007 -0.06160711968928647 -0.1458631663734884 155.50000000000003
decision_type=2 10 10 10 10 10 2 10 2 2 2 10 8 2
left_child=1 -1 4 5 -3 7 -7 -4 -9 -2 -11 12 -12 -14
right_child=9 2 3 -5 -6 6 -8 8 -10 10 11 -13 13 -15
leaf_value=-0.0033105584549027525 -2.5678190843705417e-06 4.8579519979505102e-05 -0.0024225575632845285 -0.0033286119440072946 0.009705216055398834 -0.003853159129727566 0.0059572177835183438 0.011542775128901376 -0.00097292060566157011 0.0035526010840016904 -0.0027701291770853204 -0.0040487088544554828 -0.0034821312972049085 0.003990739516839252
leaf_weight=364.30841323023196 55129.170593830553 741.55399317108095 28.985570003045723 88.224278850480914 33.019558475818485 92.596503087319434 157.59293579729274 328.29627855750732 38.303047175751999 331.99507433827966 687.26256330730394 1177.6337611365598 257.22114211064763 528.14317197818309
leaf_count=12467 675950 10663 872 1980 298 1322 1877 6700 824 2861 4711 10890 2283 4422
internal_value=-1.28389e-05 0.00197051 0.00331113 0.0055057 0.00102377 0.0068651 0.00228932 0.00917744 0.0102753 -7.83994e-05 -0.00145705 -0.00213876 -0.000528612 0.00148131
internal_weight=59984.3 1872.88 1508.57 733.999 774.574 645.774 250.189 395.585 366.599 58111.4 2982.26 2650.26 1472.63 785.364
internal_count=738120 37003 24536 13575 10961 11595 3199 8396 7524 701117 25167 22306 11416 6705
is_linear=0
shrinkage=0.03


Tree=118
num_leaves=15
num_cat=0
split_feature=35 31 34 13 12 31 17 16 33 33 16 4 11 13
split_gain=10.1485 9.08787 8.55155 8.84627 9.5323 9.16513 6.79957 6.8876 6.52131 8.82825 8.77778 8.2652 9.05632 7.19316
threshold=1.5000000000000002 -0.009793450941462516 0.018553106294678375 83.050000000000011 77.050000000000011 -0.020604047452454231 90.925833333333358 45.95000000000001 80.500000000000014 76.500000000000014 74.550000000000011 -4.2041666666666684 19.500000000000004 71.550000000000011
decision_type=2 10 2 10 10 8 10 8 2 2 8 2 2 8
left_child=1 2 3 4 -1 -6 7 -2 9 13 -10 12 -12 -9
right_child=6 -3 -4 -5 5 -7 -8 8 10 -11 11 -13 -14 -15
leaf_value=-0.0029755405472520727 -0.0070672342987633668 0.00083064943243112317 0.0031690480490444844 -0.0064830796231836107 0.0079998117246376076 -0.00041823483482228652 -0.0030135019818279293 0.0015356147065001065 -0.0014919922018639675 0.0051665908967729853 -0.00066042578986381961 -0.00023215840935184343 0.0093009962757228098 -0.00035750449444516875
leaf_weight=801.33967313170433 82.231416385620832 15008.512577719986 271.12182798236609 297.09517331421375 116.21709753572941 373.27294155955315 755.36795936361887 2818.7424656618387 5403.8624914940447 308.32240439683665 145.35356753738597 28537.910932263476 122.09811398736201 4839.7788445878541
leaf_count=3942 4742 70722 1301 1425 550 1756 9588 61136 105922 5230 2592 386646 3259 79027
internal_value=-3.77126e-05 0.000584909 -0.00136881 -0.00221668 -0.0010296 0.00213661 -0.000282266 -0.000229941 -0.000208258 0.000562375 -0.000388286 -0.000179005 0.00463588 0.000344705
internal_weight=59881.2 16867.6 1859.05 1587.92 1290.83 489.49 43013.7 42258.3 42176.1 7966.84 34209.2 28805.4 267.452 7658.52
internal_count=737838 79696 8974 7673 6248 2306 658142 648554 643812 145393 498419 392497 5851 140163
is_linear=0
shrinkage=0.03


Tree=119
num_leaves=15
num_cat=0
split_feature=20 34 4 27 11 5 6 26 6 32 26 32 25 21
split_gain=9.43863 8.6477 8.16075 7.14664 7.86972 8.11625 6.76521 11.3186 6.15823 9.63102 9.89402 12.3245 12.091 8.1879
threshold=9.5000000000000018 -0.024964481905871441 4.5156250000000009 -74.499999999999986 32.500000000000007 9.5000000000000018 0.2817460317460318 -0.095284587739900853 0.22649572649572652 0.15916004059278061 -0.14169948550188058 0.12620460297429395 0.18371274041685146 0.44671201814058964
decision_type=10 2 2 8 2 2 2 10 2 2 10 2 10 10
left_child=1 -1 8 -3 5 -5 7 -4 9 10 11 12 -2 -11
right_child=2 3 6 4 -6 -7 -8 -9 -10 13 -12 -13 -14 -15
leaf_value=-0.0032498925814559458 -0.0028999205327786097 0.0032220947159727108 0.0085950640259662096 3.2673794508023984e-05 0.0039511594917382726 0.0033048605709676921 -0.005005934319893806 -0.0042978717085237874 -8.440590005310567e-05 0.0021460594308283106 -0.00070934214355023882 -0.0060143189600781284 0.0034088572241359112 -0.0038651575606315582
leaf_weight=419.20377410924993 968.89422433916479 1035.5178503298666 60.259601373225451 6852.8801740249619 543.18333528819494 707.76840535528027 514.84129074821249 91.470278297550976 40298.981502709707 1285.8398814834654 5915.3308549885405 764.23337558843195 327.17153715179302 193.63894968293607
leaf_count=5536 9233 12236 426 84287 7029 12096 4432 810 501240 10317 80275 5802 2513 1319
internal_value=-0.000128597 0.000733347 -0.000292566 0.000932739 0.000622238 0.00035869 -0.00347194 0.00168377 -0.000246528 -0.000933437 -0.00134538 -0.00311143 -0.0012399 0.00125866
internal_weight=59979.2 9558.55 50420.7 9139.35 8103.83 7560.65 666.571 151.73 49754.1 9455.11 7975.63 2060.3 1296.07 1479.48
internal_count=737551 121184 616367 115648 103412 96383 5668 1236 610699 109459 97823 17548 11746 11636
is_linear=0
shrinkage=0.03


Tree=120
num_leaves=15
num_cat=0
split_feature=18 11 11 7 1 11 31 35 25 2 29 1 34 21
split_gain=9.07665 7.69423 13.1514 8.48311 10.9827 8.34969 7.36268 7.11793 6.55981 6.12788 8.23592 6.13735 5.76994 6.81748
threshold=-28.86666666666666 56.500000000000007 61.500000000000007 8.5000000000000018 1614.5000000000002 67.500000000000014 0.0090423672505994448 8.5000000000000018 0.037883654023139701 4.5000000000000009 0.13530027850861068 1540.5000000000002 0.040553360529119557 0.17274535809018571
decision_type=8 2 2 10 2 2 8 2 10 8 10 2 2 10
left_child=-1 3 -3 7 8 6 -4 12 -5 10 11 -9 -2 -14
right_child=1 2 5 4 -6 -7 -8 9 -10 -11 -12 -13 13 -15
leaf_value=-0.005239337630950548 2.2981194489879479e-05 0.009998503608329521 -0.0093894747693531923 0.0036634400400770602 0.0027757478529327707 0.0035114240586499269 0.0037977958804181209 -0.0057532888604985132 -0.00673513743427589 5.9802920669688891e-05 0.0031910409571361542 -0.00025272872747732835 2.7416377214214274e-05 0.0042581216057203742
leaf_weight=248.96378582553007 55393.388004439999 136.57329165260307 70.553539357846603 30.263906327774748 155.56484915711917 154.15638933400624 23.358045706758276 640.44496828666888 408.61489356437232 891.37826773582492 117.10422525368631 254.63739272137173 741.17659373418428 588.82323129475117
leaf_count=14267 567473 2154 1281 1162 3126 2542 320 45906 7887 56100 6136 17005 7099 4913
internal_value=-2.51285e-05 1.02335e-06 0.00397799 -2.81409e-05 -0.00345134 -0.000457801 -0.00592958 9.47982e-06 -0.00571674 -0.00177101 -0.00331023 -0.00428462 7.0738e-05 0.00198687
internal_weight=59855 59606 384.641 59221.4 594.444 248.068 93.9116 58627 438.879 1903.56 1012.19 895.082 56723.4 1330
internal_count=737371 723104 6297 716807 12175 4143 1601 704632 9049 125147 69047 62911 579485 12012
is_linear=0
shrinkage=0.03


Tree=121
num_leaves=15
num_cat=0
split_feature=35 35 23 34 23 32 21 16 21 7 23 13 29 21
split_gain=13.2208 10.7671 9.72394 14.2286 9.24095 11.0147 9.31993 10.5743 10.3204 7.79195 12.4857 8.7493 7.47393 8.60438
threshold=10.500000000000002 2.5000000000000004 1.5750000000000004 -0.0039041538489820358 -0.22499999999999998 0.088374156538247262 0.1114996114996115 85.750000000000014 0.23368794326241138 3.5000000000000004 2.2050000000000005 76.950000000000017 0.066516088714305768 1.0000000180025095e-35
decision_type=2 2 10 2 8 2 10 10 10 10 10 8 8 8
left_child=1 4 3 12 5 -1 -6 9 -9 10 11 -8 13 -3
right_child=-2 2 -4 -5 6 -7 7 8 -10 -11 -12 -13 -14 -15
leaf_value=0.0054717353461094919 -0.0045839024066565816 0.0064734226694529917 -4.444710302948346e-05 -0.00038855796783982178 0.000618313329771412 0.0010477570868721129 0.0027442822264227549 0.0015175004272599769 -0.0010658924176623439 -0.0023762595633816616 0.0044063987692383993 -0.0053931613238498754 -0.0033807817571875282 -0.0018389480123974897
leaf_weight=541.27247235178947 527.05008957837708 112.40161922876723 20300.974868352816 6576.5058364059078 15414.292562421411 3847.0602913983166 147.6763141900301 2870.5412151739001 2610.9505182877183 3241.5478888191283 396.86903374642134 278.97545374929905 2771.296772177564 315.97122650756501
leaf_count=2979 52438 1783 377265 97634 83664 19811 826 16092 14135 18398 2208 1471 42576 6335
internal_value=-6.48749e-05 -2.0976e-05 -0.000419529 -0.00119423 0.000387482 0.00164892 0.000162857 -0.000571933 0.000288464 -0.00172153 0.000844107 -0.00258415 -0.00281872 0.00079079
internal_weight=59953.4 59426.3 30077.2 9776.18 29349.2 4388.33 24960.9 9546.56 5481.49 4065.07 823.521 426.652 3199.67 428.373
internal_count=737615 685177 525593 148328 159584 22790 136794 53130 30227 22903 4505 2297 50694 8118
is_linear=0
shrinkage=0.03


Tree=122
num_leaves=15
num_cat=0
split_feature=5 29 35 1 25 31 22 33 20 2 31 18 14 31
split_gain=11.3684 15.1163 11.1717 9.71863 13.0705 12.3771 11.9675 11.7599 8.99827 10.2394 13.352 9.26083 8.55204 8.21225
threshold=1.5000000000000002 0.074660597283968136 4.5000000000000009 1108.5000000000002 0.18203286932693108 0.01088428813233412 6.5000000000000009 671.50000000000011 150.50000000000003 4.5000000000000009 1.0000000180025095e-35 -9.9000000000000004 74.950000000000017 -0.0026788094703170165
decision_type=2 8 2 2 8 10 10 2 10 10 8 10 10 8
left_child=1 -1 12 4 7 -6 -5 -4 9 10 -8 -10 -2 -14
right_child=2 -3 3 6 5 -7 8 -9 11 -11 -12 -13 13 -15
leaf_value=-0.0041560295000627025 0.00084340159899437528 -0.00044869711155858861 -0.0018766083246257829 -0.00087346576654834891 -0.00066239111276894893 0.0080978720736719061 -0.002011598946944586 -0.0069635687941918241 -0.0076953597867139827 0.0037024444587190654 0.0027137823823221619 0.0010983643250478141 -0.0011194800993232434 0.00035286177692506518
leaf_weight=1144.3837394414004 22300.429937293287 5876.058262999868 1850.3841744489037 6535.912666082615 591.37219127174467 139.69010808388703 1024.1762924080249 500.73175446526147 147.5589662786806 1350.5217371808831 1029.6710190528538 213.70260828197934 4631.7986414572224 12496.593321284279
leaf_count=17555 160317 59153 55414 166126 16872 3550 37355 13053 7271 45338 32409 5890 33179 83520
internal_value=5.168e-05 -0.00107814 0.000202746 -0.000544806 -0.00200822 0.00142274 -9.93746e-05 -0.00308246 0.00123804 0.00172377 0.000365607 -0.00299237 0.000456863 -4.73832e-05
internal_weight=59833 7020.44 52812.5 13383.7 3082.18 731.062 10301.5 2351.12 3765.63 3404.37 2053.85 361.262 39428.8 17128.4
internal_count=737002 76708 660294 383278 88889 20422 294389 68467 128263 115102 69764 13161 277016 116699
is_linear=0
shrinkage=0.03


Tree=123
num_leaves=15
num_cat=0
split_feature=4 18 13 12 19 13 26 35 12 12 33 17 17 31
split_gain=9.04022 9.91986 8.77183 7.1343 15.4253 8.65534 12.3122 12.9057 7.98332 7.34838 7.12612 14.0003 8.48161 10.1866
threshold=-2.3708333333333331 -17.100000000000001 45.050000000000004 66.350000000000009 -6.0916666666666641 80.950000000000017 -0.06160711968928647 4.5000000000000009 85.750000000000014 77.950000000000017 20.500000000000004 66.216333333333353 64.033739837398386 -1.0000000180025095e-35
decision_type=2 8 8 8 10 10 8 2 10 10 2 8 8 10
left_child=3 -2 -3 4 -1 6 -5 -8 -7 -9 11 -4 13 -12
right_child=1 2 10 5 -6 8 7 9 -10 -11 12 -13 -14 -15
leaf_value=-0.0022666278690892105 -0.0022518253708962558 0.0050619848446062923 0.0061815963480659052 -0.0026837211665343679 0.0058418923248461339 0.0058827236969317444 0.0043570273545968817 -0.0035278379964719933 -0.00035992523985488333 0.004118669243165716 -0.0030234799493017968 0.00051726362068253695 2.0115162613873203e-05 0.00010456107873965061
leaf_weight=263.06331662274897 1731.7396319948602 259.15604292368516 419.53482512128539 990.02592719532549 697.36920399195515 414.53888798481785 670.31223897915334 408.54380261735059 296.61690900987014 104.38923736615106 1827.168213822064 2472.6122050102567 47480.822351364681 1864.2978126810631
leaf_count=14432 64352 3174 7038 12946 13429 5181 5176 14086 2661 2703 31409 33334 501629 26504
internal_value=4.78851e-05 -4.91793e-05 2.30433e-05 0.00144548 0.0036187 0.000672529 -0.000285395 0.00174874 0.00342637 -0.00174406 -5.76554e-06 0.00143002 -8.82297e-05 -0.00146344
internal_weight=59900.2 56055.3 54323.6 3844.86 960.433 2884.43 2173.27 1183.25 711.156 512.933 54064.4 2892.15 51172.3 3691.47
internal_count=738054 667440 603088 70614 27861 42753 34911 21965 7842 16789 599914 40372 559542 57913
is_linear=0
shrinkage=0.03


Tree=124
num_leaves=15
num_cat=0
split_feature=35 1 29 17 17 6 17 26 25 26 5 5 17 32
split_gain=14.063 10.8324 11.2009 10.4993 9.64149 8.92803 9.57485 9.69129 9.52812 8.22449 8.99168 8.59951 8.00027 8.64764
threshold=1.5000000000000002 1208.5000000000002 0.21953134749150746 74.2013888888889 88.550925925925938 0.92582417582417598 72.301470588235318 -0.15355694055720795 0.094061342723652144 -0.28433981732342378 7.5000000000000009 4.5000000000000009 70.203851851851866 0.11938976794450722
decision_type=2 2 8 10 10 2 8 10 8 8 2 2 10 2
left_child=1 2 4 5 -1 6 7 -3 -7 10 11 -2 -9 -14
right_child=9 3 -4 -5 -6 8 -8 12 -10 -11 -12 -13 13 -15
leaf_value=0.0019883515022487003 -0.001287554924800131 -0.0036914649341221201 -0.0048821913428968898 0.0007711574823613328 -0.0024525019355524104 -0.0032095333531130931 -0.0040804754307693265 -0.00078088673746717538 0.0062794124408678455 -0.00022595503679276446 0.0011810458300727088 -0.0060770927802951463 0.006876124668519475 -0.0011446215408110164
leaf_weight=7106.6316435784101 802.74454758572392 569.82759071886539 191.22982522845268 5840.769302174449 427.31374661624432 109.90119424462318 1054.3116542100906 941.68259035050869 216.13500419259071 41148.914530986949 487.11589305847883 579.89624759647995 267.36486730724573 175.25737534463406
leaf_count=33246 7247 2681 862 27626 1982 530 5014 4640 1025 640168 5271 5466 1323 840
internal_value=-2.7724e-05 0.000704292 0.00152814 6.12448e-06 0.00172196 -0.00132552 -0.00184544 -0.000567856 0.00307939 -0.00031579 -0.00223546 -0.00343833 0.000801792 0.00390645
internal_weight=59919.1 16900.4 7725.18 9175.25 7533.95 3334.48 3008.44 1954.13 326.036 43018.7 1869.76 1382.64 1384.3 442.622
internal_count=737921 79769 36090 43679 35228 16053 14498 9484 1555 658152 17984 12713 6803 2163
is_linear=0
shrinkage=0.03


Tree=125
num_leaves=15
num_cat=0
split_feature=6 35 1 34 21 24 8 14 32 14 28 24 17 24
split_gain=13.6296 10.3596 9.48364 10.8039 9.04171 9.12091 8.68192 9.74168 9.25646 10.1416 12.189 10.7133 8.49969 7.87804
threshold=0.91987179487179505 1.5000000000000002 2050.5000000000005 0.0051869851824556468 0.46862745098039221 0.19078839180359417 1.5000000000000002 72.15000000000002 0.12494117125946107 64.550000000000011 -2.7499999999999996 0.13826722704493213 87.575961538461556 0.0054927004705573991
decision_type=2 2 2 2 10 10 2 10 2 10 10 10 10 8
left_child=1 2 4 -4 -1 -6 7 -2 9 -8 -11 -12 -10 -3
right_child=6 13 3 -5 5 -7 8 -9 12 10 11 -13 -14 -15
leaf_value=0.00061844983688491681 -0.00022031039992911929 -0.0054963584281769035 0.00027009930594644335 0.0074192436653684468 -0.0054476621105192672 -0.00020935314195979685 0.0031097038605506482 -0.0096070877181467472 0.0037904327244523677 0.005093166300228648 -0.0024855586142136657 0.0017569347080409819 -0.0017134442202805763 -0.00033419004563126265
leaf_weight=13170.654286317527 574.69941300875507 218.20980593841523 390.92426279932261 328.00785813480616 399.83430203050375 905.77982597053051 1074.2908383837203 70.981358088785782 2059.110732807545 281.2232839174103 1524.8341155173257 768.86322106840089 257.81750525231473 37910.434056486585
leaf_count=62376 8166 9300 1866 1555 1890 4078 19733 691 19329 4746 22605 7058 2470 571983
internal_value=5.2742e-05 -0.000106998 0.000554227 0.00380219 0.000380392 -0.00195531 0.00133216 -0.00186854 0.00169121 0.000731922 -0.000300458 -0.0010563 0.00315473 -0.000370893
internal_weight=59935.7 53323.8 15195.2 718.932 14476.3 1305.61 6611.82 645.681 5966.14 3649.21 2574.92 2293.7 2316.93 38128.6
internal_count=737846 653048 71765 3421 68344 5968 84798 8857 75941 54142 34409 29663 21799 581283
is_linear=0
shrinkage=0.03


Tree=126
num_leaves=15
num_cat=0
split_feature=35 26 9 29 31 5 10 19 16 16 33 0 35 16
split_gain=6.73022 10.3129 12.8652 12.7731 9.19073 6.74124 6.70468 8.2266 6.66477 9.03523 6.5371 6.88477 8.65507 7.68913
threshold=7.5000000000000009 -0.076556653332605792 33.500000000000007 0.058995133522501832 0.0047959395920292433 9.5000000000000018 288.50000000000006 -9.3666666666666547 76.450000000000017 73.550000000000011 2479.5000000000005 11.500000000000002 2.5000000000000004 71.350000000000009
decision_type=2 8 2 10 10 2 2 10 10 10 2 2 2 8
left_child=10 4 8 -4 6 -6 7 -2 9 -3 -1 13 -13 -12
right_child=1 2 3 -5 5 -7 -8 -9 -10 -11 11 12 -14 -15
leaf_value=0.00021592883075063226 0.0070868229942302012 0.0023014762892818123 -0.0091863178138107803 -0.0022956992927842994 0.0074811253127643508 -0.0017174206943772004 0.0039412573003848421 -0.0036147647385332228 0.0030309109345446599 -0.0086045526178611768 0.0048977727073042385 0.0033603851092143177 -0.0018974882135579297 -0.0018452062417706212
leaf_weight=51515.972442674683 27.169812069856562 113.30635963135865 245.23003289138433 1749.8372536270181 230.86870655231178 74.592705705203116 159.37454563705251 456.00040165381506 506.72369085415266 77.086854261928238 111.96048361063004 607.44342639669776 450.01214277837425 3492.8204758847132
leaf_count=498816 2048 6526 20520 105346 9155 3060 7187 19262 23279 3886 1321 3510 6122 27095
internal_value=3.68655e-05 -0.00120428 -0.00214218 -0.00334657 0.00143311 0.00530926 -0.000659863 -0.00240483 0.00129792 -0.00298544 0.000118287 -0.000951458 0.00113819 -0.00157164
internal_weight=59818.4 3640.19 2692.18 1995.07 948.006 305.461 642.545 483.17 697.117 190.393 56178.2 4662.24 1057.46 3604.78
internal_count=737133 200269 159557 125866 40712 12215 28497 21310 33691 10412 536864 38048 9632 28416
is_linear=0
shrinkage=0.03


Tree=127
num_leaves=15
num_cat=0
split_feature=17 34 21 12 10 7 35 14 14 13 15 27 5 19
split_gain=9.17246 6.68351 11.6164 13.7096 6.97817 6.76849 6.85274 6.87802 6.98152 10.7964 9.44345 8.30332 6.67477 6.66382
threshold=44.252272727272732 0.040553360529119557 0.16152751423149908 72.550000000000011 15.500000000000002 7.5000000000000009 11.500000000000002 42.350000000000001 57.95000000000001 45.050000000000004 50.083333333333343 290.50000000000006 9.5000000000000018 -0.052579365079367328
decision_type=8 2 10 10 2 10 2 8 8 8 10 10 2 10
left_child=-1 5 -3 -4 -5 6 7 -2 10 -10 -9 -12 13 -7
right_child=1 2 3 4 -6 12 -8 8 9 -11 11 -13 -14 -15
leaf_value=-0.0062941310112362764 0.003600618350886957 -0.00055654376972140082 -0.0040484175989589314 -0.0023974052945533175 0.0075266386720255641 -0.0044641345382675484 -0.0048062083182401384 -0.0076590766182225416 0.0046872726813285684 0.00010811420598620281 -0.0014815660710965856 0.0046910327246374476 0.003285256934444738 -0.00078524487230132779
leaf_weight=154.25651912926696 453.28670785808936 719.30286930152215 98.186757422285154 48.483117433963344 517.50930407526903 675.10970339993946 206.4428978713695 156.52281723218039 417.54433110321406 52846.4882566093 2000.1744736052351 168.17957177385688 179.59390507114585 1210.4407745189965
leaf_count=7900 8363 7947 1212 421 4619 19234 23779 4774 7902 595494 33201 3618 4933 14319
internal_value=5.24764e-05 7.41295e-05 0.00209787 0.00481029 0.00655095 2.43605e-05 8.69335e-05 0.000109227 7.75467e-05 0.000148373 -0.00151408 -0.000907872 -0.00164172 -0.00218374
internal_weight=59851.5 59697.3 1383.48 664.179 565.992 58313.8 56248.6 56042.2 55588.9 53264 2324.88 2168.35 2065.14 1885.55
internal_count=737716 729816 14199 6252 5040 715617 677131 653352 644989 603396 41593 36819 38486 33553
is_linear=0
shrinkage=0.03


Tree=128
num_leaves=15
num_cat=0
split_feature=35 9 24 6 30 13 28 34 14 26 33 19 30 4
split_gain=7.2034 9.28706 8.1368 7.97767 7.14991 6.53996 14.2414 10.8519 9.7187 9.39645 12.996 9.29773 11.5689 9.28953
threshold=1.5000000000000002 86.500000000000014 0.13616268277101015 0.8973684210526317 2723.5000000000005 71.550000000000011 -4.2499999999999991 -0.0019776396566302231 68.550000000000011 -0.090339473658419198 48.500000000000007 7.3740740740740813 1218.5000000000002 0.15504807692307668
decision_type=2 2 8 2 10 8 10 2 8 10 2 10 10 2
left_child=1 3 -3 -1 -4 6 -2 9 -7 10 -8 12 -11 -9
right_child=5 2 4 -5 -6 8 7 13 -10 11 -12 -13 -14 -15
leaf_value=0.00057680229095140409 -0.0043360455017826399 -0.0028108471713013481 -0.00049329059146807608 0.0027170405851340627 0.0044460021492192855 0.0012315106626231702 0.0035357926498472193 0.002383862745777488 -0.00063198050525281049 -0.0010405205893114873 -0.0031954430326294912 0.0049422352271657234 0.002465072569936506 0.00019523124672746279
leaf_weight=12020.513964273036 513.51616004377138 1213.462150387466 1623.1509091332555 1761.9878406599164 263.36750552803278 2735.0380895265844 264.41080772690475 3624.6729039470665 26631.623109420761 2899.6257669947809 1563.2713607590413 318.71968471677974 1138.6931254969677 3342.8429211146431
leaf_count=56436 12252 6056 7663 8280 1231 38995 3836 71635 364450 68530 20550 2931 25923 48991
internal_value=1.47391e-06 0.000525737 -0.000947154 0.000859248 0.000293249 -0.000204576 0.000336753 0.000534928 -0.000456628 -0.000378535 -0.00215341 0.000381973 -3.39826e-05 0.00134268
internal_weight=59914.9 16882.5 3099.98 13782.5 1886.52 43032.4 13665.8 13152.2 29366.7 6184.72 1827.68 4357.04 4038.32 6967.52
internal_count=737759 79666 14950 64716 8894 658093 254648 242396 403445 121770 24386 97384 94453 120626
is_linear=0
shrinkage=0.03


Tree=129
num_leaves=15
num_cat=0
split_feature=35 31 12 31 13 18 22 20 27 4 31 24 20 14
split_gain=8.28541 7.05278 11.2212 12.018 9.4198 12.1217 12.0018 9.01229 8.82879 8.46142 10.298 8.03107 7.6893 7.43068
threshold=1.5000000000000002 0.00010507622351337203 59.45000000000001 -0.0045343755131831932 68.950000000000017 -6.3333333333333384 6.5000000000000009 12.500000000000002 -34.499999999999993 -1.5871212121212144 0.016745073011147249 0.13826722704493213 283.50000000000006 68.750000000000014
decision_type=2 8 8 10 8 10 10 10 8 2 10 10 10 8
left_child=-1 2 -2 13 5 6 7 11 -6 10 -10 -3 -5 -4
right_child=1 4 3 12 8 -7 -8 -9 9 -11 -12 -13 -14 -15
leaf_value=0.00055216035947003132 -0.0029123106000745812 0.0039943830967934272 0.0016102895600470747 -0.001292711388085913 0.00084847878016715067 0.0033817793476648831 0.002515399622548679 -0.0020927730643985911 -0.0012034347968328664 -0.0003132113826096133 -0.0066312384349322172 -0.0036776579886731351 -0.0088646067088649638 -0.00024062718316660779
leaf_weight=16873.175162918866 1750.0943197113229 434.35196702240501 2464.7212585762609 6380.0289174043573 5148.3098224821733 1585.7955196569674 1296.6389574407949 1737.1594045175007 1337.5532768513076 11610.357107688906 374.90311142988503 121.11883261357434 74.898051799507812 8683.579438541783
leaf_count=79647 52724 8007 44667 95639 67323 15717 37093 30675 20776 144884 5370 1609 1469 131762
internal_value=-1.02475e-05 -0.000231323 -0.000655243 -0.000423234 0.000116285 0.00124103 0.000261752 -0.00103932 -0.000201336 -0.000608669 -0.00254614 0.00215596 -0.00144803 0.000173945
internal_weight=59872.7 42999.5 19353.3 17603.2 23646.2 5175.06 3589.27 2292.63 18471.1 13322.8 1712.46 555.471 6454.93 11148.3
internal_count=737362 657715 326261 273537 331454 93101 77384 40291 238353 171030 26146 9616 97108 176429
is_linear=0
shrinkage=0.03


Tree=130
num_leaves=15
num_cat=0
split_feature=17 4 6 1 6 3 18 25 30 26 15 11 26 26
split_gain=8.35938 7.59145 8.8771 8.58452 7.72991 7.5064 11.7227 8.73596 6.85607 7.86517 7.07213 9.91192 6.64971 6.52536
threshold=44.252272727272732 4.5156250000000009 0.30217391304347835 1180.5000000000002 0.91987179487179505 58.750000000000007 -2.333333333333353 0.25362136040735228 1964.5000000000002 -0.069610355778225552 69.416666666666686 11.500000000000002 -0.06160711968928647 -0.13725973632851396
decision_type=8 2 2 2 2 2 8 10 8 10 10 2 10 10
left_child=-1 4 3 -3 -2 8 -7 12 9 10 -6 13 -8 -12
right_child=1 2 -4 -5 5 6 7 -9 -10 -11 11 -13 -14 -15
leaf_value=-0.0060489776925139608 -5.457845114823649e-05 0.0089558533538195186 -0.0046830310059392992 -0.0019083413862024058 0.0032223280863934779 -0.0029091377646227141 0.00074929014327958026 -0.005208053887865857 -0.00059631911651741572 0.0037383616311240783 -9.0365231993874204e-05 0.0029462388728368491 0.0062544372047850794 -0.0052518884999306105
leaf_weight=154.46043583494611 52442.115785634931 52.627761589363217 560.47959230979905 144.57005701144226 736.61884647991974 913.89182034635451 551.93934391043149 94.830771837383509 940.91967488394585 1675.2010433487594 534.76050208741799 474.89704144257121 272.27462823363021 327.18844222417101
leaf_count=7842 639916 400 4825 1203 10629 12398 4257 508 11780 28560 4420 5316 2085 3507
internal_value=6.69884e-06 2.74076e-05 -0.00286139 0.00221609 6.69207e-05 0.00103678 -0.00057979 0.00176709 0.00166807 0.0022368 0.000964189 -0.000351388 0.00282159 -0.00223016
internal_weight=59876.8 59722.3 757.677 197.198 58964.6 6522.52 1832.94 919.045 4689.59 3748.67 2073.46 1336.85 824.214 861.949
internal_count=737646 729804 6428 1603 723376 83460 19248 6850 64212 52432 23872 13243 6342 7927
is_linear=0
shrinkage=0.03


Tree=131
num_leaves=15
num_cat=0
split_feature=12 22 14 20 19 18 1 17 29 26 1 14 33 25
split_gain=7.71694 9.52765 10.6384 10.2493 9.23938 7.98388 8.49519 7.49518 9.89792 7.48936 7.39789 12.0027 10.7404 8.4125
threshold=77.950000000000017 3.5000000000000004 77.15000000000002 62.500000000000007 0.77154761904761682 -2.5249999999999981 2002.0000000000002 68.040175438596506 0.08166125023225812 -0.051326737495317937 1177.5000000000002 74.450000000000017 336.50000000000006 0.1316132514540452
decision_type=10 8 8 10 10 10 2 10 10 10 2 8 2 10
left_child=1 2 3 4 -1 6 -3 8 9 -7 11 12 -2 -13
right_child=10 5 -4 -5 -6 7 -8 -9 -10 -11 -12 13 -14 -15
leaf_value=-0.0018646561532649662 0.0079020059075510327 -0.00041819764699051843 -0.0027833398642124431 -0.0044247149313791012 0.00057607343017482238 0.0028225567721401417 0.0025099178366874992 0.00040355751109162749 0.004991180446129978 -0.0043362214607576754 0.00011660263873598791 -0.0013426292459169831 0.0011369052208511433 0.0015830382481467897
leaf_weight=1963.3415670570685 392.72054083365947 19864.585725311073 2490.4072389712092 504.60342947114259 4504.1092282831669 231.93352508917451 884.07222628279123 4556.4676385677885 761.31144100846723 197.58264952758327 18928.566125413403 1210.7661328667309 441.73538044886664 2948.5749544587452
leaf_count=30864 3628 359019 22293 6343 34658 1916 17478 34871 5639 1943 180038 12630 3719 22465
internal_value=-2.8102e-05 -0.000305725 -0.00112016 -0.000510485 -0.000173486 -1.33057e-05 -0.000287701 0.000971242 0.00303959 -0.000579334 0.000388969 0.00140996 0.00458749 0.000725557
internal_weight=59880.8 35958.4 9462.46 6972.05 6467.45 26496 20748.7 5747.3 1190.83 429.516 23922.4 4993.8 834.456 4159.34
internal_count=737504 515024 94158 71865 65522 420866 376497 44369 9498 3859 222480 42442 7347 35095
is_linear=0
shrinkage=0.03


Tree=132
num_leaves=15
num_cat=0
split_feature=5 6 13 17 2 10 25 31 19 13 13 15 4 33
split_gain=9.71004 8.709 9.63514 9.82107 11.1551 9.21362 11.6668 8.98695 11.8883 12.283 8.30675 8.45984 9.90939 8.73781
threshold=7.5000000000000009 0.75735294117647067 85.550000000000011 67.227589852008478 5.5000000000000009 137.50000000000003 0.15073637176713259 -0.0019130798854425579 2.4188194444444524 71.550000000000011 55.550000000000004 64.116666666666688 -0.69722222222222274 577.50000000000011
decision_type=2 2 10 8 10 2 10 10 10 10 8 10 2 2
left_child=-1 5 3 10 -5 6 -2 8 -6 -10 -3 -12 -13 -14
right_child=1 2 -4 4 7 -7 -8 -9 9 -11 11 12 13 -15
leaf_value=-0.00018644663178409856 -0.00037499969027850178 -0.0017880810369349841 0.0033457742899841367 -0.00035335142179713483 -0.0045768306039780582 0.00061091145136041639 -0.0063722556877311475 0.0036913530214824825 0.0094182791102819172 -0.0010248931166068128 0.0061011629824613582 -0.0029708741358181316 0.0057296540980723235 -0.0022661971967645935
leaf_weight=45716.34577270865 767.10624360817019 271.46361463400535 1450.3158723176457 5923.5240366006037 301.38355257874355 1912.6043455268955 428.12307847384363 1259.6398790855892 111.2105590631254 250.32142762327567 644.26842664415017 262.3698527488159 402.88631955487654 137.75675330217928
leaf_count=526661 14898 9347 16169 78384 6098 31200 4838 14839 1038 2330 18376 5473 6114 1917
internal_value=2.60629e-05 0.000712192 0.0011069 0.000751788 0.000294563 -0.000682164 -0.00269279 0.00224919 -0.000557842 0.00294152 0.00277169 0.00365811 0.00145528 0.00367293
internal_weight=59839.3 14123 11015.1 9564.82 7846.08 3107.83 1195.23 1922.56 662.916 361.532 1718.74 1447.28 803.013 540.643
internal_count=737682 211021 160085 143916 102689 50936 19736 24305 9466 3368 41227 31880 13504 8031
is_linear=0
shrinkage=0.03


Tree=133
num_leaves=15
num_cat=0
split_feature=35 16 26 26 32 26 34 12 3 34 25 16 13 3
split_gain=9.35712 5.8702 10.2291 6.75208 5.76322 8.18456 5.68155 12.8626 8.50173 11.3509 7.69092 8.52109 11.2395 10.5984
threshold=1.5000000000000002 86.350000000000009 0.89693806939920073 0.88460883878483931 0.091568580272867725 -0.11485141978264403 0.020205005707516443 77.850000000000009 57.250000000000007 0.027983483350643601 0.16874462822510083 96.850000000000009 85.550000000000011 57.750000000000007
decision_type=2 8 10 10 2 10 2 10 2 2 10 10 10 2
left_child=1 3 -3 4 5 -1 -2 8 9 -8 11 12 13 -9
right_child=6 2 -4 -5 -6 -7 7 10 -10 -11 -12 -13 -14 -15
leaf_value=0.0033996853532087508 -0.00030990624577419791 0.0015004642813904701 -0.0053962545515395246 0.004761596351008127 -0.00037575129261655269 -0.00012361320517401291 0.0036828592176044641 -0.00016167299032398305 -0.0021013496115690027 -0.0013998386070793651 -0.00013465798608298861 -0.0050275589733530237 0.0095039169087204108 0.0058993317834699181
leaf_weight=945.68689165264368 38234.946940870926 6774.9215061292052 151.10468647629023 230.946493268013 7321.0476089417934 1460.3345574513078 718.81845313566737 541.78750015795231 1422.3007668561768 773.73172646574676 606.58157718111761 50.600692605599761 263.63586705550551 444.08643862023018
leaf_count=4521 591474 31851 742 1136 34202 7195 12426 7112 19628 12852 6046 771 3464 4995
internal_value=4.74611e-05 0.000644957 0.0013124 0.000176498 4.38418e-05 0.00130224 -0.000187316 0.000778033 -0.000477414 0.00108804 0.00266045 0.00392123 0.00446312 0.00272147
internal_weight=59940.5 16884 6926.03 9958.02 9727.07 2406.02 43056.5 4821.54 2914.85 1492.55 1906.69 1300.11 1249.51 985.874
internal_count=738415 79647 32593 47054 45918 11716 658768 67294 44906 25278 22388 16342 15571 12107
is_linear=0
shrinkage=0.03


Tree=134
num_leaves=15
num_cat=0
split_feature=16 13 16 35 33 22 11 16 28 8 11 19 13 16
split_gain=8.43555 10.7472 13.7692 8.49867 8.2781 7.98616 12.5424 12.7085 11.3507 12.491 9.90015 10.7172 9.05456 14.767
threshold=81.550000000000011 71.550000000000011 82.050000000000011 5.5000000000000009 24.500000000000004 3.5000000000000004 11.500000000000002 74.550000000000011 1.2500000000000002 1.5000000000000002 3.5000000000000004 0.77154761904761682 66.15000000000002 64.250000000000014
decision_type=8 8 8 2 2 10 2 10 10 2 2 10 8 10
left_child=4 -2 -3 -4 -1 12 7 8 9 -7 -11 -12 13 -6
right_child=1 2 3 -5 5 6 -8 -9 -10 10 11 -13 -14 -15
leaf_value=0.0014747906829916009 0.0016246854043088432 0.0034791219845308904 0.00016894216934227536 -0.0013086482817483939 -0.0085317585640672759 -0.0058880173038967174 -0.0015518695775597864 0.001516018339743177 -0.0032508149230489405 0.0020652011040279625 -0.0038857568991140473 0.0010704730767252106 -0.0018254951824928493 0.00094807259413619532
leaf_weight=1846.0976729454705 4668.8246068762382 990.64718234329484 25794.513696883805 4002.7667884341208 108.28578035789542 233.81464799400419 3901.7364217977738 4910.6503809007118 1099.0016457661986 1916.1654116704594 654.86450609599706 849.76095067337155 6776.9643956627697 2215.8028907445259
leaf_count=34123 65046 9821 190698 125072 1616 5587 70761 60375 20158 38563 22088 9937 59188 25206
internal_value=-4.20699e-06 0.000291486 8.70072e-05 -3.14072e-05 -0.000431632 -0.000589803 -0.000127326 0.00045283 -0.000649831 0.000165648 0.000658284 -0.00114224 -0.00127471 0.000335998
internal_weight=59969.9 35456.8 30787.9 29797.3 24513.1 22667 13566 9664.26 4753.61 3654.61 3420.79 1504.63 9101.05 2324.09
internal_count=738239 390637 325591 315770 347602 313479 227469 156708 96333 76175 70588 32025 86010 26822
is_linear=0
shrinkage=0.03


Tree=135
num_leaves=15
num_cat=0
split_feature=22 29 1 18 14 12 27 11 8 33 33 14 14 27
split_gain=9.53307 12.363 11.6111 10.793 11.2442 13.7284 13.7397 13.5439 9.3481 10.8385 9.0516 8.98385 10.8644 8.93679
threshold=3.5000000000000004 0.052801236492138366 1601.0000000000002 -11.433333333333332 64.750000000000014 77.450000000000017 97.500000000000014 28.500000000000004 1.5000000000000002 2855.0000000000005 4263.5000000000009 62.45000000000001 72.050000000000011 20.500000000000004
decision_type=10 8 2 8 8 8 10 2 2 2 2 10 10 10
left_child=3 2 -2 11 13 6 7 -6 9 -3 -10 -1 -13 -5
right_child=1 8 -4 4 5 -7 -8 -9 10 -11 -12 12 -14 -15
leaf_value=-0.004682769308609282 -0.0010518924416953576 -0.0040774079172588486 -0.008183457239431504 0.00011273739647695379 -0.0033875100723221264 -3.5971595741032675e-05 9.1661961216479555e-05 0.0023559401371877346 0.00067047730529296446 0.0041578518102672306 -0.0026834330377007117 0.0026567296197840635 -0.0044240069489253327 0.0040734644921060189
leaf_weight=888.62082833074965 1134.8406933301594 690.42536722135264 206.65615876531228 1165.0495719138999 3366.6708387774415 19528.593820311711 2465.030218754895 378.95690241549164 27629.682457755902 135.63191334553994 695.26177280955017 435.75604646932334 275.95317601598799 869.83210598025471
leaf_count=15059 28792 10928 5519 10052 29213 179753 21234 3880 402710 1466 7846 8642 5516 7530
internal_value=-1.22706e-05 0.000359004 -0.00240508 -0.000397632 -0.000257089 -0.000427975 -0.00165045 -0.00278305 0.000490105 -0.00256511 0.000583569 -0.00275511 -0.00019889 0.00186288
internal_weight=59867 30492.5 1341.5 29374.5 27774.1 25739.3 6210.66 3745.63 29151 826.057 28324.9 1600.33 711.709 2034.88
internal_count=738140 457261 34311 280879 251662 234080 54327 33093 422950 12394 410556 29217 14158 17582
is_linear=0
shrinkage=0.03


Tree=136
num_leaves=15
num_cat=0
split_feature=4 1 7 33 18 32 30 14 4 30 12 21 34 29
split_gain=5.9702 8.20619 7.48561 7.08483 6.58392 10.7728 7.45801 6.87116 9.32885 8.94459 12.3959 7.42261 9.55522 8.64213
threshold=-3.3333333333333317 1301.0000000000002 5.5000000000000009 1028.5000000000002 -17.766666666666659 0.069234891582158467 224.50000000000003 67.950000000000017 1.3038461538461521 352.50000000000006 66.750000000000014 0.037268518518518527 -0.0021015041310049162 0.08166125023225812
decision_type=2 2 8 2 8 2 10 8 2 10 10 10 2 8
left_child=1 3 -3 -1 5 6 -2 8 9 10 11 13 -13 -6
right_child=4 2 -4 -5 7 -7 -8 -9 -10 -11 -12 12 -14 -15
leaf_value=0.0052756921945294345 -0.0097613450864158201 0.0018876797112743358 -0.0042020716890050517 -0.0016880748800595922 -0.001407752317707824 -0.00029145816315668898 -0.0020686398011604255 -0.00015546063526873931 -0.00083798596969056295 0.0005023019851798082 0.0049562954816640145 -0.0055898479944778536 0.0019332836013513485 0.0049597546806151444
leaf_weight=602.8253450517077 169.51611333631445 413.1015763253672 249.92954472114798 139.03952796873637 285.13870900066104 1183.7553231363418 310.08239089418203 47281.289207524271 2483.5209937850013 4581.6831828635186 1137.1067967209965 259.8057239279151 260.74234971636906 441.44355671922676
leaf_count=12706 8281 7312 6700 1861 5752 36442 20742 515835 26444 68677 13340 3762 3553 5806
internal_value=-1.57865e-05 0.00188251 -0.000541544 0.00394637 -6.30288e-05 -0.00189525 -0.00545253 -7.68603e-06 0.000728646 0.00128918 0.00275991 0.000643446 -0.00198233 0.00253115
internal_weight=59799 1404.9 663.031 741.865 58394.1 1663.35 479.599 56730.7 9449.44 6965.92 2384.24 1247.13 520.548 726.582
internal_count=737213 28579 14012 14567 708634 65465 29023 643169 127334 100890 32213 18873 7315 11558
is_linear=0
shrinkage=0.03


Tree=137
num_leaves=15
num_cat=0
split_feature=19 3 5 2 20 14 12 4 28 19 28 12 30 14
split_gain=6.55192 18.1378 9.32277 11.312 7.91688 8.4032 7.86561 7.58827 10.5836 7.72937 6.97246 8.87637 7.62883 6.81834
threshold=8.0279914529914453 61.750000000000007 7.5000000000000009 5.5000000000000009 209.50000000000003 82.950000000000017 57.550000000000004 2.087121212121215 -0.74999999999999989 8.8384920634920565 2.7500000000000004 67.15000000000002 2922.5000000000005 85.950000000000017
decision_type=10 2 2 10 10 8 8 2 10 10 10 10 10 10
left_child=2 7 4 10 -1 -6 -5 -2 -9 -10 -4 -12 13 -13
right_child=1 -3 3 6 5 -7 -8 8 9 -11 11 12 -14 -15
leaf_value=-0.00023160897743299065 0.00094407687511261201 0.0061540642690738733 0.00042858799950639293 0.0084483370968659946 -0.0053555317173986563 -0.0001360556836731749 0.0018295332363895951 0.0049911510840576758 0.0016619453840754303 -0.0028335637908324146 0.0028852737972989307 -0.0056074835669782672 0.0037802602929634405 0.0015320630605982349
leaf_weight=37731.702039171709 6694.0934400376864 484.34337284741923 7904.3663772004656 127.73956671997439 517.5422160733724 548.65621104638558 2798.6715417455416 180.8538955450058 409.66808244585991 1458.0633535203524 212.10760628106073 634.18667389382608 78.186948681250215 123.55490898876451
leaf_count=468622 40305 2933 133701 4898 9730 8263 41819 1108 2622 8235 4656 8095 924 1645
internal_value=5.36986e-05 0.000786707 -8.04087e-05 0.000653263 -0.00030559 -0.00279604 0.00225552 0.000456052 -0.00112315 -0.0018299 0.000119891 -0.00212182 -0.00348345 -0.00442056
internal_weight=59903.7 9227.02 50676.7 11878.8 38797.9 1066.2 2926.41 8742.68 2048.59 1867.73 8952.4 1048.04 835.929 757.742
internal_count=737556 55203 682353 195738 486615 17993 46717 52270 11965 10857 149021 15320 10664 9740
is_linear=0
shrinkage=0.03


Tree=138
num_leaves=15
num_cat=0
split_feature=23 35 28 31 4 13 9 32 25 35 17 21 34 2
split_gain=9.2555 12.0125 8.81485 8.60949 7.37653 7.09603 7.47157 7.69013 6.89663 6.51408 9.73097 8.66364 8.14461 8.04817
threshold=-0.99499999999999988 3.5000000000000004 -1.7499999999999998 0.00032695923152901459 -2.3708333333333331 46.350000000000001 83.500000000000014 0.031729227637103959 0.056698479810359657 4.5000000000000009 65.260468750000015 0.10733486943164364 0.022527720471458488 7.5000000000000009
decision_type=8 2 8 10 2 8 2 2 10 2 8 10 2 10
left_child=1 -1 3 -3 -2 6 -6 -8 -4 11 12 -7 13 -11
right_child=4 2 8 -5 5 9 7 -9 -10 10 -12 -13 -14 -15
leaf_value=0.0019919972826560385 0.0011155514837349837 0.0074039644075387353 0.0042135413268976447 -0.0024478346938065073 -0.0012108774200605477 0.00025765704734466167 -0.0054909394378113872 0.0060221324551635027 -0.004815669777733898 -0.0039022398789211031 -0.00053286205053747855 -0.0006472239252146313 0.003098614747210144 0.00216724430650441
leaf_weight=3541.0625141151249 3583.811559929396 107.84380942420103 48.377417401410639 124.40821304102428 259.87666831701063 22087.948768114205 20.008532486390322 397.52338272868656 542.78238076274283 1777.8415253692365 10354.984688692843 16664.237902591005 158.70467294775881 188.38829250796698
leaf_count=19696 67795 2110 1032 2305 5387 156156 1130 10375 9090 69808 263616 116612 5310 7107
internal_value=-8.65245e-05 0.00123571 -0.00194453 0.00262796 -0.000191535 -0.000282763 0.00266069 0.00494219 -0.0038058 -0.000324238 -0.000918901 -0.000131793 -0.0027446 -0.00328139
internal_weight=59857.8 4364.47 823.412 232.252 55493.3 51909.5 677.409 417.532 591.16 51232.1 12479.9 38752.2 2124.93 1966.23
internal_count=737529 34233 14537 4415 703296 635501 16892 11505 10122 618609 345841 272768 82225 76915
is_linear=0
shrinkage=0.03


Tree=139
num_leaves=15
num_cat=0
split_feature=35 4 8 16 19 8 3 29 25 24 29 4 3 16
split_gain=9.8263 8.69106 9.91799 10.6405 8.48555 13.3898 11.3584 12.2876 11.6782 11.7909 10.0769 7.12477 6.89963 7.92062
threshold=5.5000000000000009 -0.18019480519480521 1.5000000000000002 84.750000000000014 6.1238095238095172 1.0000000180025095e-35 59.750000000000007 0.065555976112372794 0.12077761836899904 0.27871128533032546 0.20621733584876167 4.0156250000000009 56.250000000000007 82.550000000000011
decision_type=2 2 2 10 8 2 2 10 8 10 10 2 2 10
left_child=1 2 3 -1 5 -3 7 -6 11 -10 -9 -8 -7 -14
right_child=-2 4 -4 -5 6 12 8 10 9 -11 -12 -13 13 -15
leaf_value=-0.00044243187564877096 -0.00092561093701350628 0.009031490007571882 0.00090951986202136457 -0.006763155841085406 0.0033895649736674 0.0011981358327912898 0.00085534787229259136 -0.00015325307004100141 0.0047175415810801254 -0.00091438264276278184 -0.0049745059665437918 -0.0048885008473923287 -0.001531844741491216 -0.00024234403234959907
leaf_weight=1988.8559791687876 9751.1286894047516 79.594370288774371 15637.572764913552 223.96905407961458 807.95644085109234 1615.0179515788332 725.97909338586032 9367.5169969778508 1418.4516374338418 414.49456459470093 357.32386765256524 210.28849478065968 7804.9054383372422 9488.2545321080834
leaf_count=16834 345037 589 131288 1558 6098 14039 4724 59413 8624 2152 1872 1355 68921 75364
internal_value=-5.68029e-05 0.000112914 0.000643182 -0.00121748 -0.000180769 -0.000587185 0.000399391 -5.30483e-05 0.00209068 0.0034535 -0.000354942 -0.000617164 -0.000651387 -0.000827072
internal_weight=59891.3 50140.2 17850.4 2212.83 32289.8 18987.8 13302 10532.8 2769.21 1832.95 9724.84 936.268 18908.2 17293.2
internal_count=737868 392831 149680 18392 243151 158913 84238 67383 16855 10776 61285 6079 158324 144285
is_linear=0
shrinkage=0.03


Tree=140
num_leaves=15
num_cat=0
split_feature=20 32 25 29 23 30 16 15 4 24 33 11 18 11
split_gain=7.35531 7.1421 6.24476 9.89572 6.95527 9.35068 13.2335 9.51813 8.95879 12.0594 8.82594 8.73682 12.083 13.7224
threshold=328.50000000000006 0.02604495865201693 0.41354056388720678 0.097925748747529726 3.2950000000000004 1142.5000000000002 82.550000000000011 76.183333333333351 3.5156250000000004 0.091409298992241442 76.500000000000014 19.500000000000004 -6.5999999999999899 22.500000000000004
decision_type=10 2 10 10 8 8 10 10 2 8 2 2 10 2
left_child=1 -1 4 -4 5 11 -7 10 -6 -10 -8 -3 13 -13
right_child=-2 2 3 -5 8 6 7 -9 9 -11 -12 12 -14 -15
leaf_value=-0.0043734035203843117 -0.0034897219649965548 -6.9552799432091774e-05 -0.0041970413754812887 0.0055102888048193573 0.00055839628660973937 -0.0019077937445053385 -0.004873341278324699 -0.00043677101128041326 -0.0050273196431721489 0.0014483500884712058 0.0032531403444203341 0.0048419661416847382 0.0026992711009744211 -0.0032758313993795783
leaf_weight=269.29210654753842 467.72079859604128 14508.033768441761 82.425703965127468 364.08985328511335 26022.660945748794 5584.8128323312849 90.294134001946077 7187.159279292915 555.34553160145879 420.82906762044877 1065.2604530968238 202.07446301099844 2447.0632955727633 699.37308678030968
leaf_count=8568 8623 135964 536 2085 408520 53734 1118 62036 6500 3563 11404 3079 21381 11198
internal_value=7.07668e-05 0.000101663 0.00012568 0.00347614 9.72977e-05 -0.000203343 -0.000784591 -2.58062e-05 0.000450945 -0.00230111 0.00244236 0.000250937 0.00162011 -0.00129727
internal_weight=59966.4 59498.7 59229.4 446.516 58782.9 31784.1 13927.5 8342.71 26998.8 976.175 1155.55 17856.5 3348.51 901.448
internal_count=738309 729686 721118 2621 718497 299914 128292 74558 418583 10063 12522 171622 35658 14277
is_linear=0
shrinkage=0.03


Tree=141
num_leaves=15
num_cat=0
split_feature=16 20 14 8 8 5 14 22 12 14 33 1 14 13
split_gain=7.99637 12.1839 9.13066 7.23988 14.0123 7.62894 7.02967 6.95489 12.5371 11.601 10.7086 13.6784 9.55006 9.26881
threshold=86.750000000000014 221.50000000000003 73.350000000000009 1.0000000180025095e-35 1.5000000000000002 10.500000000000002 86.250000000000014 3.5000000000000004 78.15000000000002 50.150000000000013 201.50000000000003 1205.5000000000002 68.350000000000009 73.550000000000011
decision_type=10 10 8 2 2 2 10 8 10 8 2 2 8 8
left_child=6 2 -2 -4 -5 -6 7 8 12 -9 -10 13 -1 -12
right_child=1 -3 3 4 5 -7 -8 9 10 -11 11 -13 -14 -15
leaf_value=-0.00010046023400121478 0.0026063837585335019 -0.0043855741253906169 0.0072544248857071073 -0.0056260483598802383 0.00032811414420588894 0.0030040753081828414 -0.0059854558848274767 0.0038257065222759715 0.0019797800734750229 3.6813901203979031e-05 0.0049010848522736466 -0.0017184611114647878 -0.0021067733471058507 0.00026309904971181998
leaf_weight=3363.6869917178992 1972.0101507096551 382.83470095787197 89.5335658704862 291.37901640543714 12985.405091814464 987.22529343352653 137.18403871404007 698.47866229945794 2253.5877623488195 25746.022512468888 464.80611245636828 3118.0252515373286 5821.6830044265371 1597.6389825607184
leaf_count=37298 25580 5285 710 2590 129179 14211 1345 19354 20172 387607 3851 24899 53914 11942
internal_value=3.18396e-05 0.000588155 0.000717824 0.00045021 0.00038231 0.000527219 -0.000183751 -0.000158349 -0.000638305 0.000143921 0.000276998 -0.000475584 -0.00137658 0.00139961
internal_weight=59909.5 16708.4 16325.6 14353.5 14264 13972.6 43201.1 43063.9 16619.4 26444.5 7434.06 5180.47 9185.37 2062.45
internal_count=737937 177555 172270 146690 145980 143390 560382 559037 152076 406961 60864 40692 91212 15793
is_linear=0
shrinkage=0.03


Tree=142
num_leaves=15
num_cat=0
split_feature=7 25 11 11 4 33 20 31 21 33 29 31 21 25
split_gain=11.2146 9.67428 7.85425 8.8095 6.82119 7.65797 7.78323 7.72025 7.40322 10.8904 6.8912 12.7942 7.64909 8.58557
threshold=8.5000000000000018 0.063335577672834917 61.500000000000007 56.500000000000007 -3.0590277777777781 20.500000000000004 66.500000000000014 -0.0021251186174984292 0.059262510974539072 393.50000000000006 0.045548077939466552 -0.022906594222739232 0.043797953964194385 0.052943658907719154
decision_type=10 10 2 2 2 2 8 8 10 2 8 10 8 10
left_child=2 -2 3 4 8 6 7 -6 9 -1 11 12 13 -7
right_child=1 -3 -4 -5 5 10 -8 -9 -10 -11 -12 -13 -14 -15
leaf_value=0.0020884697406009702 0.0019329806542745761 -0.0054505385521553904 -0.0059788092122512668 0.0072312530027416255 0.0049392932787140848 -0.0024505178237728613 -0.00029446322676403053 0.00092482080104809583 0.0033907420961780473 -0.0050329051449924103 -4.7756456748067965e-05 -0.0044965892959941151 -0.0016919274363035712 0.011356165769832926
leaf_weight=499.82272434479091 188.66088322550058 548.5947410754161 144.11244452372193 104.01722959522158 742.71092341502663 37.800493231741711 1337.10367167613 1009.3271516341483 1060.5261517678155 248.46083085623104 53039.949167249753 720.83625050017145 142.08431705692783 74.306542678270489
leaf_count=12531 5519 9571 2370 1588 12466 1079 22391 13832 17649 4426 614075 17253 2186 1076
internal_value=-1.33193e-06 -0.00355836 4.59625e-05 6.57229e-05 4.69501e-05 -1.12565e-05 0.00142927 0.00271644 0.00183541 -0.000443247 -9.48863e-05 -0.00253129 0.00286496 0.00738086
internal_weight=59898.3 737.256 59161.1 59016.9 58912.9 57104.1 3089.14 1752.04 1808.81 748.284 54015 975.028 254.191 112.107
internal_count=738012 15090 722922 720552 718964 684358 48689 26298 34606 16957 635669 21594 4341 2155
is_linear=0
shrinkage=0.03


Tree=143
num_leaves=15
num_cat=0
split_feature=28 21 27 33 11 35 24 1 16 19 11 15 24 4
split_gain=8.41709 9.5808 12.1931 10.7143 9.45211 9.35526 9.14471 8.64671 7.3818 10.0695 9.92597 9.8606 8.44632 8.34506
threshold=1.0000000180025095e-35 0.23861283643892342 230.50000000000003 388.50000000000006 11.500000000000002 5.5000000000000009 0.16217917480866392 1204.5000000000002 83.65000000000002 6.0424242424242403 38.500000000000007 75.883333333333354 0.084768279407967537 2.2583333333333333
decision_type=10 10 10 2 2 2 10 2 10 8 2 10 10 2
left_child=4 -2 3 6 -1 8 -3 -5 9 12 -10 -11 -6 -12
right_child=1 2 -4 7 5 -7 -8 -9 10 11 13 -13 -14 -15
leaf_value=0.00069107610469224304 -7.571306184149068e-05 -0.0020829577977339456 0.0034568585548506625 -0.0014837456181853383 0.00016578853751353763 -0.0018510934742055822 0.001997467593574213 -0.004849728158024356 0.00040655431474279828 0.0037197715335812818 0.0064069470794394486 -0.0031264981841767382 -0.0031314147697379872 -0.0029406972118585771
leaf_weight=23466.273814143497 19493.647947311081 1011.326603069203 362.34751770715229 1518.0627997545525 1188.1159209380858 2785.7233476730762 875.60262433206663 1310.8540846719407 4892.6041422332637 631.33689003065228 395.09994578827173 219.10407797805965 1632.7402681764215 75.397900838404894
leaf_count=296289 225341 10876 3141 12282 12562 96033 6175 11060 39767 4268 3632 1419 14402 590
internal_value=4.64249e-05 -0.000379439 -0.00153325 -0.00194891 0.000343095 -0.000347748 -0.00018681 -0.0031006 0.000123441 -0.000905874 0.000829914 0.00188026 -0.00176397 0.00477038
internal_weight=59858.2 24571.8 5078.19 4715.85 35286.4 11820.1 1886.93 2828.92 9034.4 3671.3 5363.1 850.441 2820.86 470.498
internal_count=737837 268875 43534 40393 468962 172673 17051 23342 76640 32651 43989 5687 26964 4222
is_linear=0
shrinkage=0.03


Tree=144
num_leaves=15
num_cat=0
split_feature=23 8 29 17 29 1 16 31 17 26 33 14 29 14
split_gain=7.21191 11.9777 11.3565 10.4504 10.4028 8.7421 8.61907 9.00633 9.05418 9.22951 8.49675 7.73838 9.71792 9.48642
threshold=1.8750000000000002 1.0000000180025095e-35 0.065555976112372794 85.360990338164257 0.069567644988226165 901.50000000000011 73.550000000000011 -0.014275084797828528 66.850862068965526 -0.10546517474146413 212.50000000000003 75.550000000000011 0.14944576092680359 80.550000000000011
decision_type=8 2 8 10 10 2 10 10 10 10 2 8 10 10
left_child=1 -1 3 -3 -4 -6 7 -7 9 -9 -11 -8 -13 -14
right_child=-2 2 4 -5 5 6 11 8 -10 10 -12 12 13 -15
leaf_value=0.0080011504087177821 0.00030063027064499283 0.0026238071581345759 -0.0045521418767326864 -0.0063451113766100293 0.0043767305883397369 0.0055689836258584679 0.00043844812605499015 0.0026713545918457928 -0.0067372715412227389 -0.0076385041727913515 3.0745721424996475e-06 -0.0013387658982889647 -0.0011888137213232083 0.0020247027998609004
leaf_weight=102.62789953034371 37286.419373028446 1489.8962259422988 539.41739253199194 79.325953500811011 275.54112144489773 60.917543573305011 6286.9043977066176 276.4646032974124 447.14252090058289 210.04375419649296 263.73097498435527 9299.0225722270552 1477.9631932228804 1758.756464302307
leaf_count=730 537869 17492 5874 761 2114 653 57581 2574 4043 2905 3347 79521 9774 12133
internal_value=4.45741e-05 -0.000378211 -0.000434174 0.00198849 -0.000620421 -0.000505338 -0.000583032 -0.0029389 -0.00357762 -0.00139118 -0.00379052 -0.000418172 -0.000847818 0.000561572
internal_weight=59854.2 22567.8 22465.1 1569.22 20895.9 20356.5 20080.9 1258.3 1197.38 750.239 473.775 18822.6 12535.7 3236.72
internal_count=737371 199502 198772 18253 180519 174645 172531 13522 12869 8826 6252 159009 101428 21907
is_linear=0
shrinkage=0.03


Tree=145
num_leaves=15
num_cat=0
split_feature=18 14 23 21 16 23 15 20 22 2 14 26 15 20
split_gain=7.1862 9.72165 7.6263 7.00847 10.9772 10.5113 9.33842 8.55146 7.85741 8.88853 12.5353 9.09173 7.87706 7.73625
threshold=-28.86666666666666 36.550000000000004 1.3050000000000004 0.24165739710789771 86.550000000000011 -1.4949999999999999 83.516666666666694 13.500000000000002 8.5000000000000018 5.5000000000000009 78.450000000000017 -0.031569732683464004 45.716666666666676 241.50000000000003
decision_type=8 8 10 10 10 8 10 10 10 8 10 10 8 10
left_child=-1 2 -2 4 5 7 8 -3 12 11 -11 -10 -7 -6
right_child=1 3 -4 -5 13 6 -8 -9 9 10 -12 -13 -14 -15
leaf_value=-0.0046443658346655009 -0.0019849072802094565 0.0074130232705471588 0.0079024848687912885 -0.00067315440002011135 0.001108897847014861 -0.0078354683159188622 -0.003888138615946514 0.0010398860291356538 0.0015678812480486508 0.0041757665847126273 -0.003568478676001892 -0.0019811892073181079 -0.0002161660776344065 -0.0047248766740624988
leaf_weight=245.45431719243061 74.680233924416825 237.39213568298146 193.85897341370583 10758.627933927462 10833.14754429087 72.634025881066918 542.19999703462236 617.0829745021183 1529.8952344551217 1195.2442331206985 182.1446590302512 1053.394852351048 32162.075242800725 160.03273268719204
leaf_count=14250 726 1978 3496 99785 124879 1867 4394 5400 24914 24630 2582 30872 395257 2637
internal_value=2.28265e-05 4.59198e-05 0.00527286 1.78482e-05 0.000171397 -7.27902e-05 -0.00015125 0.0031224 -8.99853e-05 0.00116252 0.00306255 0.000110529 -0.000245443 0.00100296
internal_weight=59857.9 59612.4 268.539 59343.9 48585.2 37592.1 36737.6 854.475 36195.4 3960.68 1377.39 2583.29 32234.7 10993.2
internal_count=737667 723417 4222 719195 619410 491894 484516 7378 480122 82998 27212 55786 397124 127516
is_linear=0
shrinkage=0.03


Tree=146
num_leaves=15
num_cat=0
split_feature=34 31 31 31 25 16 12 26 14 19 16 13 10 33
split_gain=7.10303 10.3744 9.84192 11.2467 9.86327 11.9886 9.75829 8.07224 7.68946 8.16325 7.57769 7.73872 7.27045 7.16736
threshold=0.022527720471458488 0.033060196698913628 -0.0071796276520460977 -0.0019130798854425579 0.13637470723083314 87.950000000000017 59.45000000000001 -0.073647102071377021 73.350000000000009 2.053333333333335 71.350000000000009 81.950000000000017 157.50000000000003 46.500000000000007
decision_type=2 8 8 10 8 10 8 10 8 10 8 10 2 2
left_child=-1 2 6 10 8 13 -2 -3 -5 -10 -4 -12 -13 -6
right_child=1 7 3 4 5 -7 -8 -9 9 -11 11 12 -14 -15
leaf_value=-0.00016624118193793553 -0.0050726991359525096 0.0094495977055411746 0.0045067692642020507 0.0045361259991472435 0.002300595931285853 0.0025908133556611914 0.0040295522827796561 4.6172483687839765e-05 -0.0026467895320160754 0.0024792782024821627 -0.0057188021696145605 0.0060441833580700977 -0.0038251083125243304 -0.0034616797859431886
leaf_weight=54156.496696260147 75.642006631009281 170.19879653770477 63.092432261677459 716.79110267758369 199.51187488855794 571.93903800565749 963.17298729345202 131.84982263413258 397.38383720582351 700.04165756329894 547.03952040430158 82.29950348730199 89.035069924779236 1045.5846642041579
leaf_count=674617 1606 1332 1248 9276 2075 4531 11578 1202 7179 5932 6762 882 888 8795
internal_value=-5.94937e-05 0.00093806 0.000609816 -2.02496e-05 0.000691744 -0.000860835 0.00316426 0.00593437 0.00222812 0.000588649 -0.00317133 -0.00409505 0.00121002 -0.00248517
internal_weight=59910.1 5753.58 5451.53 4412.72 3631.25 1817.04 1038.81 302.049 1814.22 1097.43 781.467 718.374 171.335 1245.1
internal_count=737903 63286 60752 47568 37788 15401 13184 2534 22387 13111 9780 8532 1770 10870
is_linear=0
shrinkage=0.03


Tree=147
num_leaves=15
num_cat=0
split_feature=28 32 6 18 3 11 10 14 18 31 21 16 14 4
split_gain=8.0675 11.0809 10.3759 8.92835 9.32967 9.21522 8.83269 8.38197 8.94058 8.95333 8.36896 10.2399 8.34952 10.1967
threshold=-1.0000000180025095e-35 0.17937983128944562 0.44097222222222227 -2.2999999999999932 62.750000000000007 11.500000000000002 333.50000000000006 67.15000000000002 -13.69999999999999 -0.0055976223704791465 0.26975051975051983 87.15000000000002 78.950000000000017 0.75833333333333297
decision_type=8 2 2 10 2 2 2 10 10 10 10 10 10 2
left_child=1 6 -3 5 -5 10 7 8 9 -1 11 -2 13 -8
right_child=3 2 -4 4 -6 -7 12 -9 -10 -11 -12 -13 -14 -15
leaf_value=-0.0044864102554240757 -0.00020355393042065484 0.0010132490058590751 -0.0045246261563537254 0.00015528286137978358 0.004296446269121716 -0.0014426731234026785 -0.0041248478276605331 0.0003975019674000575 0.0024641021957035767 0.0012237503884101164 -0.0020396563959095833 0.002729559434210277 0.0021497276870311834 0.0020612090822366793
leaf_weight=312.82779885502532 13611.038989688532 487.68830781592987 697.68243393581361 14606.458163683536 456.81752083473839 8300.1225349375745 934.0178757943213 11904.022415037965 4122.145529638743 730.51148765091784 1954.3121366701089 1112.3763818449806 394.33824142743833 282.85590534668881
leaf_count=12738 203999 3890 6094 98706 2942 126468 15279 151974 49625 24444 20871 13470 4186 3268
internal_value=-3.64474e-05 0.000457113 -0.00229742 -0.000281588 0.000294669 -0.000629003 0.000637566 0.000838792 0.0018422 -0.000615219 -0.000220956 2.65353e-05 -0.00145534 -0.00266233
internal_weight=59907.2 19866.1 1185.37 40041.1 15063.3 24977.9 18680.7 17069.5 5165.48 1043.34 16677.7 14723.4 1611.21 1216.87
internal_count=737954 271498 9984 466456 101648 364808 261514 238781 86807 37182 238340 217469 22733 18547
is_linear=0
shrinkage=0.03


Tree=148
num_leaves=15
num_cat=0
split_feature=35 14 21 4 3 13 30 18 12 10 6 0 3 4
split_gain=8.22237 7.2131 9.85919 6.56811 9.04634 14.9391 8.01909 6.79701 12.9372 10.4495 10.3936 10.2333 9.30841 12.5229
threshold=10.500000000000002 36.550000000000004 0.05594679186228483 4.5156250000000009 62.250000000000007 74.950000000000017 171.50000000000003 -4.4666666666666641 62.050000000000004 321.50000000000006 0.65833333333333344 8.5000000000000018 59.250000000000007 0.82738095238094911
decision_type=2 8 10 2 2 10 8 8 8 2 2 2 2 2
left_child=1 2 -1 7 6 -6 -5 11 9 -9 -11 -3 13 -10
right_child=-2 3 -4 4 5 -7 -8 8 12 10 -12 -13 -14 -15
leaf_value=0.0083863047896331304 -0.0036170321102286726 -0.0012716075418641479 -0.0013092523751442246 0.0028081193063928239 -0.005388594215030202 0.0070041098059166152 -0.0063887532876749338 0.0051161806376725742 0.00040818893298130693 -0.0078348401032727281 0.0046057056553585217 5.3684458539332206e-05 0.0011872565647178435 -0.00097460439378854182
leaf_weight=163.56570224254392 517.53211654908955 7563.4544988588314 148.10795706952922 73.923941572662443 110.44850981654599 146.48303372273222 425.8779374267906 760.4512310102582 17394.527439445956 88.363863523118198 63.756289914250374 16834.075615921407 6735.5337005057372 8852.4979176931083
leaf_count=3877 52177 99573 2123 577 993 1159 3478 6307 151283 717 527 293676 51592 69492
internal_value=-2.31945e-05 1.11556e-05 0.00423491 -1.47021e-05 -0.00270309 0.00166681 -0.00489681 2.24842e-05 0.000297147 0.00372573 -0.00277128 -0.000358928 0.000196788 -5.91607e-05
internal_weight=59878.6 59361.1 311.674 59049.4 756.733 256.932 499.802 58292.7 33895.1 912.571 152.12 24397.5 32982.6 26247
internal_count=737551 685374 6000 679374 6207 2152 4055 673167 279918 7551 1244 393249 272367 220775
is_linear=0
shrinkage=0.03


Tree=149
num_leaves=15
num_cat=0
split_feature=17 29 1 32 17 33 6 18 12 27 30 14 26 17
split_gain=8.05075 6.53487 7.07628 8.87745 6.60581 11.8496 8.9724 8.8133 8.22255 7.67763 8.25898 7.38856 6.98221 6.85915
threshold=46.603846153846156 0.044070160508710973 1311.0000000000002 0.099494936611994003 68.802847733436664 216.50000000000003 0.20526315789473687 -3.1000000000000045 67.550000000000011 -101.49999999999999 490.50000000000006 70.050000000000011 -0.20374787608623757 56.602631578947374
decision_type=8 8 2 2 8 2 2 10 10 10 8 10 10 10
left_child=-1 2 3 -2 5 6 8 9 13 10 12 -9 -8 -3
right_child=1 4 -4 -5 -6 -7 7 11 -10 -11 -12 -13 -14 -15
leaf_value=-0.0052760955665797377 -0.0022423453649177299 0.0071184020906074593 -0.0049006688964920676 0.0051527019596954949 -0.0001931474402906386 -0.00026245825814642576 0.0053956057277948152 0.0064558087880120813 -0.0042431489360690022 0.0021308627499186323 0.0024306974368468732 0.0009321884602375072 -0.0049064922777527159 -0.00042496877771338351
leaf_weight=219.06942132581025 461.40797304967418 88.671970955329016 471.11870041512884 154.56194604886696 46535.042261558003 6574.0384736750275 26.372312174644321 631.38039142778143 364.54638808360323 2818.0659413204412 282.97187011293136 348.58048841543496 398.06978983187582 476.03075264627114
leaf_count=10712 11603 2552 11371 2285 500283 100259 333 4867 4527 60930 7494 2806 8699 8861
internal_value=-9.83815e-05 -7.49555e-05 -0.00232747 -0.000139205 -3.11787e-05 0.000594665 0.00162442 0.00217429 -0.0010165 0.00143601 -0.00128994 0.00463165 -0.00376521 0.00124219
internal_weight=59849.9 59630.9 1087.09 615.97 58543.8 12008.7 5434.69 4505.44 929.249 3525.48 707.414 979.961 424.442 564.703
internal_count=737582 726870 25259 13888 701611 201328 101069 85129 15940 77456 16526 7673 9032 11413
is_linear=0
shrinkage=0.03


Tree=150
num_leaves=15
num_cat=0
split_feature=6 10 10 31 34 25 9 20 2 29 23 27 10 32
split_gain=5.60654 7.43752 9.01571 8.65697 7.86736 6.73945 5.92632 6.99343 7.27124 5.817 6.8803 6.9837 9.48334 5.92578
threshold=0.21825396825396828 252.50000000000003 281.50000000000006 0.025018141269123651 -0.00012074548517299902 0.13321410437123246 21.500000000000004 13.500000000000002 3.5000000000000004 0.10215730380655046 9.1050000000000022 150.50000000000003 218.50000000000003 0.13179913118359091
decision_type=2 2 2 10 2 10 2 8 10 8 10 10 2 2
left_child=1 4 -3 -4 6 9 7 8 -1 10 11 -6 -13 -11
right_child=-2 2 3 -5 5 -7 -8 -9 -10 13 -12 12 -14 -15
leaf_value=0.0079482286477885692 2.1492360498713594e-05 -0.0041838789502742224 -0.0013349017923314438 0.005006722918811911 0.0034559424244803103 0.0022292395649363703 -0.00070213648021939746 -0.0067123428285717395 -0.0035884768241563852 -0.0040179788748537634 -0.0051628538296972174 -0.0054008646172046216 0.0065062484533728975 0.00050562163686761934
leaf_weight=34.921833708882332 49608.767076205346 991.9516742117703 2612.0433640123811 160.05796869145706 699.83495516469702 1598.2253901737276 2566.9248975875089 277.65251934784465 70.730850688647479 515.49608255177736 86.4831058899872 166.8655436579138 36.61097076931037 464.913004754344
leaf_count=415 617107 12111 31425 1515 9711 13110 32470 3494 849 6050 2346 2439 588 4250
internal_value=-0.0001109 -0.000746638 -0.00179894 -0.000886525 -0.00012994 0.000812917 -0.00126491 -0.00451778 0.00155306 -0.000362738 0.00123005 0.00208079 -0.00239765 -0.00195243
internal_weight=59891.5 10282.7 3764.05 2772.1 6518.66 3568.43 2950.23 383.305 105.653 1970.2 989.795 903.311 203.477 980.409
internal_count=737880 120773 45051 32940 75722 38494 37228 4758 1264 25384 15084 12738 3027 10300
is_linear=0
shrinkage=0.03


Tree=151
num_leaves=15
num_cat=0
split_feature=35 6 25 8 25 12 1 19 19 18 17 0 3 22
split_gain=8.98248 8.52538 8.95294 8.10558 11.7151 9.43559 7.30083 7.3915 7.02833 7.00838 7.25246 6.8869 6.8209 6.70338
threshold=1.5000000000000002 0.87867647058823539 0.29210909979450334 3.5000000000000004 0.1052271108773741 70.950000000000017 2304.0000000000005 -2.8874999999999953 12.118898809523808 -3.5333333333333274 77.701612903225822 8.5000000000000018 64.750000000000014 2.5000000000000004
decision_type=2 2 10 2 10 10 2 10 10 10 10 2 2 10
left_child=1 8 3 4 -3 -5 -2 -8 12 -7 -11 -10 -1 -9
right_child=6 2 -4 5 -6 9 7 13 11 10 -12 -13 -14 -15
leaf_value=0.0002471800890011528 -9.9483246639130217e-05 0.00043306412495118627 -0.0029893613979916256 0.0062034908505925199 0.0059736539189362099 0.0042180619673686318 0.0028915930263316522 0.00022753458296704291 0.0052704477030114652 -0.0066431001000330182 0.00041935573295188359 0.00081976515821563132 -0.0052795927836885147 -0.0059817403686895886
leaf_weight=12882.119977071881 42220.60762431554 531.07580880820751 220.5970733910799 130.05548378825188 967.18674314022064 102.31651017814875 129.20439205411822 219.97781346691772 440.29411907494068 214.1638148277998 248.30883122235537 929.82181932032108 154.19131748378277 463.28942949837074
leaf_count=61262 645928 2520 990 628 4569 514 3765 2323 1900 997 1148 4040 739 6100
internal_value=7.44297e-05 0.000661201 0.00229278 0.00287889 0.00408714 0.000174109 -0.00015542 -0.00288792 0.000380855 -0.0016059 -0.00318021 0.00238522 0.000161888 -0.00410346
internal_weight=59853.2 16820.1 2413.7 2193.11 1498.26 694.845 43033.1 812.472 14406.4 564.789 462.473 1370.12 13036.3 683.267
internal_count=737423 79307 11366 10376 7089 3287 658116 12188 67941 2659 2145 5940 62001 8423
is_linear=0
shrinkage=0.03


Tree=152
num_leaves=15
num_cat=0
split_feature=4 21 7 1 21 6 14 32 13 14 4 34 19 14
split_gain=8.24057 13.7668 8.69813 11.8465 8.1986 14.3751 8.88216 8.20161 8.06551 8.05699 7.5832 8.78006 8.05947 11.3391
threshold=3.5156250000000004 0.14839839839839844 8.5000000000000018 1502.0000000000002 0.27386363636363642 0.30217391304347835 75.850000000000009 0.078268675357115 79.850000000000009 20.350000000000005 3.0801282051282048 -0.0072243417112682765 -13.870833333333328 67.350000000000009
decision_type=2 8 10 2 10 2 10 2 8 8 2 2 8 10
left_child=2 -2 9 -4 6 -6 7 -3 -5 -1 12 -12 13 -11
right_child=1 4 3 8 5 -7 -8 -9 -10 10 11 -13 -14 -15
leaf_value=0.007019265699935797 -0.0041596526832487412 -0.0030324631179184831 -0.0061337842720893534 0.0046553923239947836 0.0048430412536558257 -0.005663858576832651 -0.00036816930413013476 0.0073909623780460069 -0.005054944136568173 -0.0064596403332404751 0.0062018231344318619 0.00084089576827861556 9.6961900706815646e-05 0.0040266356124970424
leaf_weight=102.81190643995069 1056.3217216667254 56.017888638889417 403.78686309920158 187.20053023612127 122.32447200408205 348.16915374621749 580.82934076176025 278.79885079921223 66.848268179688603 308.22276353777852 327.58848233870231 1087.4139417960541 54857.701450731925 87.192811149754561
leaf_count=2136 9207 614 8598 4179 838 2562 5109 2270 1236 18810 3032 9215 667401 2645
internal_value=2.53207e-05 -0.00166346 9.85298e-05 -0.00320672 0.000317374 -0.00272933 0.00194315 0.00547961 0.0016892 0.000139618 0.000120959 0.00225132 6.44157e-05 -0.00395488
internal_weight=59871.2 2442.46 57428.8 657.836 1386.14 470.494 915.646 334.817 254.049 56770.9 56668.1 1415 55253.1 395.416
internal_count=737852 20600 717252 14013 11393 3400 7993 2884 5415 703239 701103 12247 688856 21455
is_linear=0
shrinkage=0.03


Tree=153
num_leaves=15
num_cat=0
split_feature=31 12 23 23 30 32 35 13 13 16 19 31 15 5
split_gain=10.3992 13.6666 10.6517 11.1398 10.6342 12.1649 9.7617 11.0343 10.2169 8.24008 7.97249 7.83459 7.79268 8.23504
threshold=-0.0029059654041737387 53.550000000000004 6.705000000000001 7.9050000000000011 2361.5000000000005 0.055177913435626696 2.5000000000000004 77.350000000000009 73.450000000000017 79.450000000000017 12.118898809523808 0.020000598080815401 55.416666666666679 3.5000000000000004
decision_type=8 8 10 10 10 2 2 8 10 10 10 10 8 2
left_child=1 -1 10 -4 12 -6 8 -8 9 -5 -2 -10 13 -3
right_child=2 4 3 6 5 -7 7 -9 11 -11 -12 -13 -14 -15
leaf_value=-0.0045396598468946938 -9.4596230119769377e-05 0.0090381063405124435 0.0034356506415366287 0.0021185848191316806 0.0070641730656128164 -0.0032219089836268331 0.00089315748498897834 -0.0031903900569275074 0.0064437710804792119 -0.0053679580052868187 0.0020752738118909831 -0.0023914407934064489 -0.00034468516091103429 -0.00014185064202484383
leaf_weight=734.05580356309656 34089.845192112844 115.56612346845213 1661.1517030891264 340.18250487372279 63.663271517958492 1705.8606969505781 1655.1297830000985 867.25518414622638 535.03713225200772 150.60952105000615 1545.1481573511846 80.107599385082722 16151.736988128047 184.36716838344
leaf_count=23381 360188 2608 26127 2023 1430 21119 46233 19834 3016 885 7876 452 217116 5466
internal_value=-7.9596e-05 -0.000659553 0.000189504 0.00143908 -0.000491245 -0.00266789 0.000490718 -0.000545584 0.00277565 -0.000462708 2.26618e-06 0.00519992 -0.000249753 0.00418125
internal_weight=59879.7 18955.3 40924.5 5289.47 18221.2 1769.52 3628.32 2522.38 1105.94 490.792 35635 615.145 16451.7 299.933
internal_count=737754 271120 466634 98570 247739 22549 72443 66067 6376 2908 368064 3468 225190 8074
is_linear=0
shrinkage=0.03


Tree=154
num_leaves=15
num_cat=0
split_feature=28 32 14 18 25 16 32 6 8 8 35 10 30 6
split_gain=6.18786 11.9088 10.3459 12.1527 11.4834 14.4992 12.3764 11.6702 9.04003 12.1068 7.885 7.74912 10.7091 9.12205
threshold=-1.0000000180025095e-35 0.17937983128944562 68.350000000000009 -15.649999999999997 0.13397643796519368 82.850000000000009 0.055800599167051539 0.95416666666666672 1.5000000000000002 1.0000000180025095e-35 3.5000000000000004 148.50000000000003 373.50000000000006 0.087121212121212141
decision_type=10 2 8 10 10 10 2 2 2 2 2 2 10 2
left_child=1 2 3 -1 6 7 10 -6 9 -2 -5 12 -4 -14
right_child=8 -3 11 4 5 -7 -8 -9 -10 -11 -12 -13 13 -15
leaf_value=-0.0017014267027047755 0.0047971794837565612 -0.0020962541117141415 -0.00070571628136487867 -0.0052053155420257085 -0.0052707813649299521 0.0045688498572663437 0.004657547779123963 0.0064387651611377047 -0.00014402107276456348 -0.0040715533671662881 0.0021937578592396562 -0.00023465087792834031 -0.0053661185710369361 0.0019220278486710752
leaf_weight=639.31476738874335 118.19833329250105 1568.1348084162455 2294.6631181768607 163.65260849148035 423.39894909807481 265.56185907241888 2029.1398080717772 47.540598530787975 34561.568761270959 934.63453770347405 282.78876836516429 11032.915552246151 112.09010726516135 5310.6013109320775
leaf_count=25402 1005 12880 31856 1161 4398 2803 28994 493 395220 11151 7851 144364 1674 68107
internal_value=2.17707e-05 0.000391809 0.000568681 0.00197453 0.00272103 -0.000540859 0.00368296 -0.00358418 -0.000229554 -0.00290354 -0.00076962 0.000275429 0.00100147 0.00172373
internal_weight=59784.2 24169.8 22601.7 3851.4 3212.08 736.501 2475.58 470.94 35614.4 1052.83 446.441 18750.3 7717.35 5422.69
internal_count=737359 329983 317103 71102 45700 7694 38006 4891 407376 12156 9012 246001 101637 69781
is_linear=0
shrinkage=0.03


Tree=155
num_leaves=15
num_cat=0
split_feature=12 30 12 24 2 24 14 33 23 23 22 2 30 21
split_gain=7.38152 25.5948 11.6444 10.7809 12.356 9.35213 8.11078 7.74299 7.67882 9.47117 8.8361 8.82179 8.38497 11.6223
threshold=57.95000000000001 1034.5000000000002 56.750000000000007 0.23184664122188556 8.5000000000000018 0.056853148126999646 20.350000000000005 174.50000000000003 6.9050000000000011 7.9050000000000011 10.500000000000002 4.5000000000000009 52.500000000000007 0.30151515151515157
decision_type=8 8 10 10 10 10 8 2 10 10 10 8 8 8
left_child=1 3 5 4 -1 7 -2 -3 10 -10 12 -11 13 -8
right_child=6 2 -4 -5 -6 -7 8 -9 9 11 -12 -13 -14 -15
leaf_value=-0.0039724787345424848 0.0075509841722514407 0.0062860577605422891 -0.0040317712714284994 0.0044985203922848598 0.0058571303259790869 0.0075386309778685528 0.0032091655612504553 -0.0021037727480780095 0.0029608651411619259 -0.0012677986688010958 -0.0032724542208205647 0.0017488968513504281 -2.2190420862743801e-05 -0.00092907532460550807
leaf_weight=2080.557938617043 82.957312918733805 98.535118621657602 136.29076026368421 121.14092218200676 78.575051128747873 366.60637564910576 1636.6021275090752 250.1649481903296 1789.4898681989871 1652.4815079469699 673.01628761133179 1741.2761330250651 48207.389094555983 928.653985011857
leaf_count=54251 1284 4892 3072 1337 2438 6490 18162 8873 29334 31214 11018 30209 522651 12467
internal_value=7.0832e-05 -0.00133533 0.00298557 -0.00297846 -0.00349029 0.00449867 0.000149594 0.000758017 0.0001321 0.00122693 2.07096e-05 0.000282933 6.75386e-05 0.00172195
internal_weight=59843.7 3131.87 851.597 2280.27 2159.13 715.306 56711.9 348.7 56628.9 5183.25 51445.7 3393.76 50772.6 2565.26
internal_count=737692 81353 23327 58026 56689 20255 656339 13765 655055 90757 564298 61423 553280 30629
is_linear=0
shrinkage=0.03


Tree=156
num_leaves=15
num_cat=0
split_feature=18 26 18 11 14 14 20 25 20 18 20 23 20 31
split_gain=9.34332 8.51712 9.20298 9.65591 7.12712 7.31025 7.0321 8.71183 6.57964 6.26725 7.31284 6.16315 7.53483 7.13786
threshold=-13.566666666666658 -0.15355694055720795 -14.199999999999998 3.5000000000000004 64.950000000000017 71.750000000000014 81.500000000000014 0.080424227745719043 23.500000000000004 -14.866666666666669 68.500000000000014 16.105000000000004 13.500000000000002 0.0062956539717045901
decision_type=8 10 10 2 10 10 10 10 10 10 10 10 10 10
left_child=1 -1 3 9 -5 6 7 -6 -9 -3 -11 -2 -13 -14
right_child=11 2 -4 4 5 -7 -8 8 -10 10 -12 12 13 -15
leaf_value=0.0021627210375823043 3.3776312163191546e-05 0.00026196093704309936 -0.0056567314339880615 -0.0035345309056058153 0.0083547561189977575 -0.0027298113719972693 -0.0047217833378795059 -0.0032738884698242394 0.0057530136616243885 0.010746887733586055 -0.0025213785173150336 -0.0040424871879742603 0.0091298418593725554 -0.00076712453559232082
leaf_weight=485.28721335285809 55390.654753206065 757.92082057439256 463.74764742085245 1447.3343699731631 161.06242457369808 432.92249024892226 58.738715357147157 158.21642309892923 61.660961082670838 65.788854327751324 31.695316114695743 47.338945093564689 156.46038052206859 85.488308536121622
leaf_count=8674 597998 31270 11409 51521 7787 13174 2266 4600 1700 1742 726 602 2438 1052
internal_value=-4.40794e-05 -0.00141301 -0.0019127 -0.00128668 -0.00227855 -0.000116674 0.00247232 0.00400076 -0.000145586 0.00138063 0.00704065 5.84982e-05 0.00408952 0.00610044
internal_weight=59804.3 4124.38 3639.09 3175.34 2319.94 872.601 439.679 380.94 219.877 855.405 97.4842 55679.9 289.288 241.949
internal_count=736959 134869 126195 114786 81048 29527 16353 14087 6300 33738 2468 602090 4092 3490
is_linear=0
shrinkage=0.03


Tree=157
num_leaves=15
num_cat=0
split_feature=35 23 8 11 28 17 32 14 34 23 9 27 6 5
split_gain=5.57222 10.3653 8.67224 9.79389 11.5231 12.584 12.0038 10.1393 10.4351 11.1764 9.38538 13.2404 8.58348 9.99117
threshold=3.5000000000000004 -2.2949999999999995 1.5000000000000002 13.500000000000002 -1.0000000180025095e-35 71.301428571428588 0.13913378441749852 74.550000000000011 -0.0072243417112682765 2.7050000000000005 74.500000000000014 -59.499999999999993 0.56696428571428581 3.5000000000000004
decision_type=2 8 2 2 10 10 2 8 2 10 2 10 2 2
left_child=-1 -2 -3 4 5 6 -4 -7 9 -9 11 -10 13 -5
right_child=1 2 3 12 -6 7 -8 8 10 -11 -12 -13 -14 -15
leaf_value=0.00035962160280187029 -0.0057324265307006576 -0.0020391315416786876 0.0044467498074399221 -0.0009628892367306973 -0.00018485504553314333 -0.0030960238830257218 -0.0024960717162485473 -0.0064070440504213179 0.010609914869326267 0.0017944818801613051 0.00025584894475499308 0.0020428205798713366 -0.0017487213878019188 0.002092289845241319
leaf_weight=38345.18352394551 255.28236385784112 1960.1764310064027 1679.5818554678699 2456.2533429099713 6788.9390217978507 539.5885880086571 224.79036404006183 236.20355775346979 201.63304476765916 278.1057760999538 807.28319792030379 552.02614793996327 3977.2407875360223 1515.4907858719816
leaf_count=237665 4298 53558 51145 51496 154502 11200 4581 4422 4068 6179 16238 10148 91405 36526
internal_value=0.000143115 -0.000243454 -0.00016409 3.1556e-05 0.00059777 0.00176262 0.00358433 0.000393514 0.00135233 -0.00220613 0.00255687 0.00485235 -0.000772636 0.000214389
internal_weight=59817.8 21472.6 21217.3 19257.1 11308.2 4519.21 1904.37 2614.84 2075.25 514.309 1560.94 753.659 7948.98 3971.74
internal_count=737431 499766 495468 441910 262483 107981 55726 52255 41055 10601 30454 14216 179427 88022
is_linear=0
shrinkage=0.03


Tree=158
num_leaves=15
num_cat=0
split_feature=22 19 26 23 4 3 18 20 1 17 17 4 19 4
split_gain=6.31403 9.47802 9.55468 13.0741 9.39316 8.44128 15.4643 12.4698 8.98887 8.9281 10.4059 8.24686 13.1257 7.40979
threshold=8.5000000000000018 0.87380952380951638 -0.16877632234649895 1.1850000000000003 3.5156250000000004 59.750000000000007 -5.2333333333333298 216.50000000000003 1810.5000000000002 63.001351351351353 69.214550264550283 1.8651515151515172 9.9666666666666774 2.3786764705882359
decision_type=10 8 10 10 2 2 8 10 2 8 10 2 10 2
left_child=1 2 3 -1 -2 11 13 8 9 -8 -11 -3 -13 -7
right_child=4 5 -4 -5 -6 6 7 -9 -10 10 -12 12 -14 -15
leaf_value=-0.0029346664064366268 0.0012230983121038874 0.00020200829051198014 -0.0010582580573665797 0.0025156267109666597 -0.0037321094481637274 -0.0053495577748799662 -0.0034488256574471952 -0.0055391235017540411 -0.0012185933101905753 0.0064814184900571616 0.0022379526051266481 -0.00043000245589275879 -0.0046468187600777104 0.0005811000964112816
leaf_weight=483.2973473330494 6102.7026822805637 29578.346242310596 11519.168569121743 1524.008078567218 316.75715423026122 378.74982766844914 165.83294221386313 150.16686775884591 589.72409490984865 596.72533539985307 3372.3113939668983 3979.6191613110714 750.69735885085538 323.96738967532292
leaf_count=5571 123977 274055 227430 21272 3763 3927 1133 1577 4324 4742 24954 33415 4085 3293
internal_value=6.64872e-05 -4.06862e-05 -0.000725417 0.00116393 0.000951638 0.000192142 0.00126907 0.00187176 0.00216285 0.00265392 0.00294863 1.54759e-05 -0.00114081 -0.00275842
internal_weight=59832.1 53412.6 13526.5 2007.31 6419.46 39886.1 5577.48 4874.76 4724.59 4134.87 3969.04 34308.7 4730.32 702.717
internal_count=737518 609778 254273 26843 127740 355505 43950 36730 35153 30829 29696 311555 37500 7220
is_linear=0
shrinkage=0.03


Tree=159
num_leaves=15
num_cat=0
split_feature=18 30 23 19 15 24 10 0 26 27 22 16 26 29
split_gain=7.05309 7.12938 11.1884 8.69574 9.86209 14.442 9.2397 9.15595 10.1533 8.015 17.3484 7.66671 8.99723 11.1476
threshold=-31.633333333333326 430.50000000000006 16.105000000000004 3.7604312354312346 67.841666666666683 0.12505235206316473 354.50000000000006 8.5000000000000018 -0.063231134195688474 -498.99999999999994 5.5000000000000009 63.250000000000007 -0.29432621270450704 0.081021302112691554
decision_type=8 10 10 10 10 10 2 2 8 8 10 10 10 10
left_child=-1 3 9 6 11 -6 7 -2 -9 10 -3 -5 -13 -14
right_child=1 2 -4 4 5 -7 -8 8 -10 -11 -12 12 13 -15
leaf_value=-0.0056413304684161756 -0.0010342274108816512 -0.0019952369122123283 0.0044437925336278782 -0.0036965434144382169 -0.00068683549054083561 0.0021613608132175495 -0.004096059711805081 -0.0007015920497732501 0.0017189975441109378 -0.00032097161566949924 0.0070494255609487681 -0.0048688021851561319 0.00066925342352541935 0.0071095547268838644
leaf_weight=149.83226257422939 3758.8377323002496 329.50075543904677 409.31827966927085 79.122720628045499 3068.239557610359 3261.6892753019929 435.53871568967588 2462.6037409792189 4100.8565198861761 40418.991696289973 353.19272041774821 50.832653754390776 373.4614166545216 700.66940327454358
leaf_count=9639 44690 5211 9367 804 26424 21737 6973 37970 88357 471435 6835 323 3670 5259
internal_value=-1.46311e-05 4.16712e-06 -0.000213258 0.000496821 0.0012748 0.000786222 -5.13989e-05 0.000138184 0.000812357 -0.000264979 0.00284578 0.00370954 0.00436558 0.00499971
internal_weight=59952.7 59802.9 41511 18291.9 7534.02 6329.93 10757.8 10322.3 6563.46 41101.7 682.693 1204.09 1124.96 1074.13
internal_count=738694 729055 492848 236207 58217 48161 177990 171017 126327 483481 12046 10056 9252 8929
is_linear=0
shrinkage=0.03


Tree=160
num_leaves=15
num_cat=0
split_feature=7 1 13 8 35 9 12 34 32 6 16 24 4 21
split_gain=9.07251 7.59846 9.44507 7.40117 11.9247 8.64407 15.6066 8.74694 7.57349 7.16446 6.65003 6.59891 6.51875 7.11207
threshold=8.5000000000000018 1585.0000000000002 79.450000000000017 1.5000000000000002 5.5000000000000009 84.500000000000014 87.250000000000014 -0.011136546913795642 0.17086010243045538 0.73030303030303034 81.550000000000011 0.013430519125333272 4.0156250000000009 0.18942218080149117
decision_type=10 2 8 2 2 2 8 2 2 2 10 10 2 10
left_child=3 11 10 4 5 6 8 9 -1 -7 -3 -2 -5 -14
right_child=1 2 -4 12 -6 7 -8 -9 -10 -11 -12 -13 13 -15
leaf_value=-0.010162685334436062 0.0031598095035258625 -0.0031004419401445024 -0.0059032378646562082 0.00016025559644233261 -0.0042199102246188351 -0.00072474727003149139 -0.00016477307088583375 0.00072048236386962946 0.00087676816939527059 -0.0075825503278347754 0.0069474395803834944 -0.0065147915054511027 -0.0038155808015675778 0.0005715315868258401
leaf_weight=235.06588682439178 42.96375235542655 52.15863373526372 80.679292399901897 51847.2061287096 836.30983921512961 416.32620090385899 631.77592231193557 3566.7949109834153 60.245096824131906 163.88468613475561 138.59947894560173 421.15575347328559 729.25055001210421 560.08853641664609
leaf_count=1846 1706 1345 1451 632986 37215 3600 4808 28423 394 1468 2729 7872 6194 4433
internal_value=-4.79371e-05 -0.00325071 0.000691007 -5.32305e-06 -0.00100778 -0.000442349 -0.00298102 0.000153938 -0.00810972 -0.00310969 0.00412674 -0.005399 0.000107023 -0.00195963
internal_weight=59782.5 735.557 271.437 59046.9 5910.4 5074.09 927.087 4147.01 295.311 580.211 190.758 464.12 53136.5 1289.34
internal_count=736470 15103 5525 721367 77754 40539 7048 33491 2240 5068 4074 9578 643613 10627
is_linear=0
shrinkage=0.03


Tree=161
num_leaves=15
num_cat=0
split_feature=31 34 18 4 27 27 16 13 31 13 17 23 14 14
split_gain=6.48021 12.8417 9.52555 10.0886 7.13024 7.11095 7.35528 8.38492 10.0633 9.15742 6.93966 6.80699 6.46876 8.95421
threshold=0.035914104134718496 0.026317682481963412 -5.3333333333333384 1.410427807486631 -59.499999999999993 -3.4999999999999996 94.750000000000014 86.950000000000017 -0.012451222367946083 86.550000000000011 54.62613636363637 2.1750000000000003 81.550000000000011 91.350000000000009
decision_type=10 2 10 2 8 8 10 8 8 10 10 10 10 10
left_child=5 2 4 11 -2 6 7 9 -9 10 -1 -4 -8 -14
right_child=1 -3 3 -5 -6 -7 12 8 -10 -11 -12 -13 13 -15
leaf_value=-0.0047824227701368576 0.003534804963866058 0.0080762473380279233 0.0011161692747855684 -0.002156441782175742 -0.0042936591774381302 0.00019564243733432213 -0.0031173348389216368 0.0033932015610842227 -0.0030882591278733659 0.0064855606957993465 -0.00038027371852040651 0.009413878199704559 0.0068855881652042945 0.00012232621192256307
leaf_weight=280.50500775058754 98.362160395365208 211.85417224909179 173.75794088747352 182.49914632737637 362.86501320172101 41445.683686550707 128.12106091273017 200.7610269979341 1911.7527668453986 121.91006316407584 13971.556370016886 172.41059834742919 293.14005788951181 365.88229378452525
leaf_count=8816 1392 1716 1125 1207 4667 503880 1707 2830 20812 1194 179037 1340 3743 4159
internal_value=2.80148e-05 0.0021639 0.000571074 0.00318339 -0.00244171 -1.7502e-05 -0.000528001 -0.000665512 -0.00240809 -0.00040195 -0.000483332 0.00591541 0.00221985 0.00340412
internal_weight=59921.1 1201.75 989.895 528.668 461.227 58719.3 17273.6 16486.5 2112.51 14374 14252.1 346.169 787.143 659.022
internal_count=737625 11447 9731 3672 6059 726178 222298 212689 23642 189047 187853 2465 9609 7902
is_linear=0
shrinkage=0.03


Tree=162
num_leaves=15
num_cat=0
split_feature=4 11 33 16 15 33 25 15 28 12 5 30 2 21
split_gain=5.89064 8.88915 5.92706 6.94052 14.8581 13.3274 11.0625 8.38447 9.61517 9.34162 9.14137 7.96866 7.9893 7.75464
threshold=4.5156250000000009 37.500000000000007 307.50000000000006 81.750000000000014 77.816666666666691 840.50000000000011 0.04579435939928251 78.5416666666667 -1.0000000180025095e-35 74.950000000000017 10.500000000000002 579.50000000000011 3.5000000000000004 0.028778467908902695
decision_type=2 2 2 8 8 2 8 8 10 10 2 10 10 10
left_child=2 -2 -1 -4 5 -5 -6 9 11 -8 -10 -9 -13 -11
right_child=1 -3 3 4 6 -7 7 8 10 13 -12 12 -14 -15
leaf_value=0.00035070231688886171 -0.0037753684498197638 0.0047917479118824843 -0.00081592139544525212 8.8854302329917381e-05 0.0065125206829915652 0.0030285799499050123 0.0024983907573437746 -0.0016269379477160887 -0.0013462864387255313 0.0026424310992678437 0.0026917129433174322 -0.0020752479342980306 0.0013674409395504465 -0.006611134506380143
leaf_weight=25806.445853303187 668.87891497695819 84.440463618375361 12381.823246316053 3120.8392932002898 155.66603155317716 2454.1518215115648 146.13153922278434 1274.4374024216086 7117.0470772351837 68.57490731193684 496.79807605803944 644.63675263803452 4991.6487220756244 475.85373998107389
leaf_count=366243 5602 791 151162 39175 1947 28065 1616 13182 59752 502 6065 6559 52699 4697
internal_value=-2.49014e-05 -0.00257659 9.75442e-06 -0.00025438 7.87197e-05 0.00139836 -0.000402897 -0.000494748 -0.000334778 -0.00360963 -0.00106697 0.000473778 0.000958906 -0.00532135
internal_weight=59887.4 753.319 59134.1 33327.6 20945.8 5574.99 15370.8 15215.1 14524.6 690.56 7613.85 6910.72 5636.29 544.429
internal_count=738057 6393 731664 365421 214259 67240 147019 145072 138257 6815 65817 72440 59258 5199
is_linear=0
shrinkage=0.03


Tree=163
num_leaves=15
num_cat=0
split_feature=29 11 11 23 12 33 14 24 32 26 30 8 6 21
split_gain=8.14069 8.91505 10.3785 9.89992 10.4827 16.7399 9.03827 9.15469 9.19964 9.0524 8.75346 8.05456 8.01388 7.84162
threshold=0.045548077939466552 29.500000000000004 16.500000000000004 3.8050000000000002 71.750000000000014 56.500000000000007 81.550000000000011 0.43503457852710009 0.14540343262971003 0.86249984602452201 1785.5000000000002 1.0000000180025095e-35 0.10263157894736843 0.043797953964194385
decision_type=8 2 2 8 10 2 10 10 2 10 8 2 2 8
left_child=13 2 3 4 5 -2 7 8 9 -4 -7 -6 -3 -1
right_child=1 12 6 -5 11 10 -8 -9 -10 -11 -12 -13 -14 -15
leaf_value=0.00030388190472333242 0.0026613548194212942 -0.0039586390102895148 -0.001119514381642289 0.00076158612836018573 0.0063746634537305263 -0.0015106528149671648 -0.002396695774356355 0.0084294869529000626 0.0024341027259415812 0.0038590720440557958 -0.0051138257131663764 5.7145856466781532e-05 0.0017417581996937101 -0.004371636179165801
leaf_weight=576.97889847157057 672.56255719542969 188.1534844993148 5816.3961939623114 18087.080325594405 133.1255418935325 2677.2080647796392 2503.1163199194707 56.401306484825909 830.35931523726322 299.81409007310867 766.22812710376456 22436.71981705178 4071.8381648662034 665.76994607166853
leaf_count=15524 9348 3113 82678 277863 1022 30875 29715 375 7905 3551 8603 193827 59655 13779
internal_value=8.18217e-05 0.000133713 2.94062e-05 0.000220745 -0.000146565 -0.00152927 -0.000868222 -0.000308773 -0.000439454 -0.000846153 -0.00237414 0.000108417 0.00144698 -0.00227311
internal_weight=59781.8 58539 54279 44772.9 26685.8 4116 9506.09 7002.97 6946.57 6116.21 3443.44 22569.8 4259.99 1242.75
internal_count=737833 708530 645762 521538 243675 48826 124224 94509 94134 86229 39478 194849 62768 29303
is_linear=0
shrinkage=0.03


Tree=164
num_leaves=15
num_cat=0
split_feature=24 22 13 16 20 21 27 1 20 24 11 30 1 34
split_gain=5.58152 6.28557 5.83816 7.7584 8.76491 6.38879 6.29685 8.29446 6.68663 8.75002 8.2287 6.28701 7.99589 6.05355
threshold=0.21607771206945894 9.5000000000000018 84.450000000000017 88.350000000000009 59.500000000000007 0.26365441906653431 57.500000000000007 1001.0000000000001 15.500000000000002 0.29168993810438254 15.500000000000002 657.50000000000011 1560.5000000000002 -0.0092000796336216186
decision_type=10 10 10 10 10 10 10 2 10 10 2 10 2 2
left_child=-1 2 6 4 5 -4 7 8 9 -2 -10 12 13 -5
right_child=1 -3 3 11 -6 -7 -8 -9 10 -11 -12 -13 -14 -15
leaf_value=-0.00018568171421011888 0.0025625271121179618 0.0064838412376251467 0.007937350049675879 -0.0013935327010211928 -0.0015853127540977785 0.0014776702467066082 0.0010857511411893617 -0.0012061087015583327 0.0040628039374338495 -0.0061399378920541743 -0.0034892459707276677 -0.00039690297949514572 -0.0022213444957927334 0.0068228493474656047
leaf_weight=48280.595539257745 168.54025200428441 108.5545308063738 366.78351020626724 83.456928480882198 170.97100523021072 246.7227266181726 3316.5540956037585 4118.9949747123756 751.29752066009678 156.01753239519894 115.1880009425804 1517.9109009895474 149.9803845777642 329.03788482863456
leaf_count=650031 1277 1046 2501 613 1338 1670 25303 32609 5593 1049 1015 10614 1109 2322
internal_value=-4.36331e-05 0.000545849 0.000461909 0.00162269 0.00406998 0.00564669 6.9289e-05 -0.000569781 0.00159077 -0.001882 0.00292327 0.000625994 0.00319346 0.00518955
internal_weight=59880.6 11600 11491.5 2864.86 784.477 613.506 8626.59 5310.04 1191.04 324.558 866.486 2080.39 562.475 412.495
internal_count=738090 88059 87013 20167 5509 4171 66846 41543 8934 2326 6608 14658 4044 2935
is_linear=0
shrinkage=0.03


Tree=165
num_leaves=15
num_cat=0
split_feature=8 8 11 12 33 28 18 13 10 20 18 22 25 17
split_gain=6.71351 20.2841 9.35139 9.35291 8.99655 8.57654 8.49107 8.17068 10.2429 9.04857 10.8576 8.10868 9.03857 8.95021
threshold=3.5000000000000004 2.5000000000000004 3.5000000000000004 83.550000000000011 60.500000000000007 1.2500000000000002 -6.2333333333333298 91.050000000000011 182.50000000000003 31.500000000000004 -3.8666666666666702 6.5000000000000009 0.026893209898755228 83.873506493506497
decision_type=2 2 2 10 2 10 10 8 2 10 10 10 10 10
left_child=1 11 5 -4 -5 7 -7 8 -2 -9 -11 -1 -13 -14
right_child=2 -3 3 4 -6 6 -8 9 -10 10 -12 12 13 -15
leaf_value=-8.1170748149934254e-05 0.0047112256763493406 0.0084295278522456985 -0.0012023689547142633 0.0064480989246337821 0.00018811548648179014 0.0022224114581619399 -0.003120507744249784 -0.0025650265031289866 0.00056154139425514235 -0.0019585972219677036 0.0062078647953365236 -0.0029063000535829576 0.0015366052093871351 -0.001575252401209259
leaf_weight=31210.132914849673 1006.0658927299082 217.78801899892278 12165.229810455698 172.51609906274825 2943.4623883762397 348.93709232844412 798.3081815475598 713.01715685776435 1117.0819450876443 241.04817069787532 262.68288856325671 468.24770192068536 7315.810128016863 896.96797426231205
leaf_count=334301 12410 2453 162540 1706 26830 6527 5795 9084 13826 4639 2044 19544 122635 13716
internal_value=-2.27753e-05 0.000200214 -0.000474571 -0.000827677 0.00063106 0.000723819 -0.0014705 0.00148813 0.00259105 -0.00046269 0.00247602 0.000144789 0.000952975 0.00118926
internal_weight=59877.3 40108.9 19768.3 15281.2 3115.98 4487.14 1147.25 3339.9 2123.15 1216.75 503.731 39891.2 8681.03 8212.78
internal_count=738050 492649 245401 191076 28536 54325 12322 42003 26236 15767 6683 490196 155895 136351
is_linear=0
shrinkage=0.03


Tree=166
num_leaves=15
num_cat=0
split_feature=35 26 27 23 16 4 13 34 14 20 1 4 5 32
split_gain=7.70129 11.0268 9.38098 10.3815 9.3643 8.48584 7.9017 10.795 11.9948 9.02554 8.93248 8.48543 8.58889 9.14678
threshold=6.5000000000000009 -0.0090053161054858555 200.50000000000003 15.805000000000001 71.950000000000017 -2.4861111111111103 84.950000000000017 0.005982071423755164 86.950000000000017 11.500000000000002 1601.0000000000002 -0.91421568627450955 2.5000000000000004 0.079810911772483326
decision_type=2 8 10 10 10 2 8 2 10 10 2 2 2 2
left_child=5 2 3 6 -4 -1 9 -8 -9 -2 11 12 -11 -14
right_child=1 -3 4 -5 -6 -7 7 8 -10 10 -12 -13 13 -15
leaf_value=0.001790509466722872 0.0018811890048721319 -0.0034026797331572801 -0.0034269634255665996 0.0059459460143077526 0.0046002257415438804 9.9136701151584201e-05 -0.0011462912927036404 0.0099534965819126145 -0.0021399432748740242 -0.0058276127608661351 0.0022003340351970627 -0.00426766387295038 -0.0027048564022156708 0.0034524339655888584
leaf_weight=2767.7915852605365 492.23509060079232 1236.8973407213343 128.82873079436831 146.68234551593196 534.56837763381191 50962.929697510321 453.26737544103526 165.34052403364331 89.310314314439893 176.68365197721869 305.90668415476102 1589.0277156556258 341.17334694345482 441.76613377861213
leaf_count=28574 20066 68261 8013 8719 20613 438944 18539 6670 3049 7651 11579 61607 17722 17676
internal_value=7.289e-05 -0.000932705 -0.000276473 -0.000807997 0.00291045 0.000187847 -0.00112178 0.00167351 0.00605702 -0.00172897 -0.00237317 -0.00295389 -0.000674808 0.00076803
internal_weight=59832.4 6101.69 4864.79 4201.39 663.397 53730.7 4054.71 707.918 254.651 3346.79 2854.56 2548.65 959.623 782.939
internal_count=737683 270165 201904 173278 28626 467518 164559 28258 9719 136301 116235 104656 43049 35398
is_linear=0
shrinkage=0.03


Tree=167
num_leaves=15
num_cat=0
split_feature=20 4 11 35 25 30 16 10 23 8 12 20 29 5
split_gain=9.96036 13.0466 9.04718 10.4051 9.0117 11.5438 8.30152 12.3475 7.50774 16.5552 15.901 9.15021 8.83448 7.39252
threshold=9.5000000000000018 -0.7777777777777749 13.500000000000002 3.5000000000000004 0.072712960126751908 2685.5000000000005 77.15000000000002 343.50000000000006 3.8050000000000002 1.5000000000000002 71.750000000000014 342.50000000000006 0.13595251317447352 8.5000000000000018
decision_type=8 2 2 2 10 8 10 2 10 2 8 10 8 2
left_child=1 -1 8 4 -4 -6 7 -5 10 -10 12 13 -2 -11
right_child=2 -3 3 6 5 -7 -8 -9 9 11 -12 -13 -14 -15
leaf_value=0.0035395625528100516 -0.0011297757721108487 0.00031576153533440643 -0.0030929232698447507 -0.0052599674849066191 0.00076949663668224322 -0.0027825353378363726 -0.0010879969799299019 0.0053786235974981429 -0.0041146142945920798 0.00085491100047238556 0.00020950170426836266 -0.0046674128189527816 -0.0048088382545966131 0.0029327387414723734
leaf_weight=1604.8385100180749 2667.5581645271741 3596.7548020785907 696.64361830800772 803.93580885359552 6973.9941190928221 883.43991424888372 6106.4202603172744 70.291856097872369 531.14850759203546 9422.0717824101739 23761.394418734941 195.99161564453971 722.62272563111037 1814.288917017635
leaf_count=24994 34884 37594 4900 22843 44996 5776 133634 1982 9402 143457 225496 4170 6264 37460
internal_value=8.66951e-05 0.00133463 -3.31949e-05 -0.000644512 5.79143e-05 0.00035506 -0.00149955 -0.00415987 0.000210105 0.000834553 -6.60668e-05 0.00108141 -0.00197247 0.00120192
internal_weight=59851.4 5201.59 54649.8 15534.7 8554.08 7857.43 6980.65 874.228 39115.1 11963.5 27151.6 11432.4 3390.18 11236.4
internal_count=737852 62588 675264 214131 55672 50772 158459 24825 461133 194489 266644 185087 41148 180917
is_linear=0
shrinkage=0.03


Tree=168
num_leaves=15
num_cat=0
split_feature=16 15 4 16 4 19 11 18 19 4 29 32 6 3
split_gain=8.19868 7.7432 9.75052 9.6004 8.74793 8.38497 7.70734 9.52882 8.90988 10.2763 8.63634 8.93695 8.45534 8.28575
threshold=81.550000000000011 78.816666666666691 -1.2124060150375937 88.350000000000009 -2.8333333333333317 -2.4413461538461614 16.500000000000004 -2.2999999999999932 3.4182575757575759 -0.74264705882352888 0.12684741996816415 0.079810911772483326 0.91287878787878796 57.750000000000007
decision_type=8 8 2 10 2 10 2 10 10 2 10 2 2 2
left_child=-1 2 3 -2 5 -3 10 13 9 -9 -6 12 -12 -8
right_child=1 4 -4 -5 6 -7 7 8 -10 -11 11 -13 -14 -15
leaf_value=-0.00041792741134612899 -0.0016863216485140384 -0.0023879139128406145 0.0012995225437822085 0.0031192888763226494 -0.00044548249955552328 0.0050897363655136611 -0.0011607866215549213 -0.0038394109341417888 -0.00083061531252198804 0.0063202143034123345 0.006586695887378354 0.00062019306630380208 -0.0036055920593635171 -0.0051908795142315443
leaf_weight=24467.311850758386 1983.7274858533638 146.9116218551062 10130.629385125241 410.60704448749311 10133.075570174842 487.11978531582281 1182.9561524372548 82.892320279497653 1885.3733193771914 299.90896009397693 351.80829690839164 7549.9297283680644 55.994224593043327 743.57708196737804
leaf_count=347675 33580 2976 115228 7671 114207 4722 18673 807 14492 3239 3784 59424 590 11398
internal_value=3.98514e-06 0.000295409 0.000893617 -0.000815253 -3.273e-05 0.00330919 -0.000135004 -0.00128556 4.04287e-05 0.00393084 0.000134584 0.000871388 0.00494627 -0.00280823
internal_weight=59911.8 35444.5 12525 2394.33 22919.5 634.031 22285.5 4194.71 2268.17 382.801 18090.8 7957.73 407.803 1926.53
internal_count=738466 390791 156479 41251 234312 7698 226614 48609 18538 4046 178005 63798 4374 30071
is_linear=0
shrinkage=0.03


Tree=169
num_leaves=15
num_cat=0
split_feature=35 18 14 30 13 6 20 16 18 12 14 13 12 13
split_gain=10.0313 8.46089 7.14039 7.34436 8.75618 6.74457 6.38262 10.7032 7.44918 7.80404 6.2142 9.09913 8.98216 8.58485
threshold=1.5000000000000002 -2.2999999999999932 89.850000000000009 2801.5000000000005 90.550000000000011 0.24264705882352944 243.50000000000003 78.550000000000011 -3.591666666666661 54.550000000000004 50.150000000000013 48.550000000000004 77.950000000000017 45.050000000000004
decision_type=2 8 10 10 10 2 10 10 10 10 8 10 10 8
left_child=1 2 3 4 -1 -5 10 8 9 -8 11 -2 -13 -12
right_child=6 -3 -4 5 -6 -7 7 -9 -10 -11 13 12 -14 -15
leaf_value=-0.00083411198020395621 -0.0040718781552423174 0.00099958008802339296 -0.0059434306231190394 -0.0025487309423738534 0.0068580070975071284 0.0044936255962739939 -0.0039909793232530662 -0.0055200434466714668 -0.004639810712622594 0.0055681168251821688 0.0034720460076439873 0.0043520543157757096 -0.0043483515754911464 -0.00037174531683846132
leaf_weight=4595.9513748288155 139.2189299960155 11496.673392631114 153.96980870515108 126.42381013929844 87.459134243428707 443.8513597920537 65.026723704999313 492.26928343402687 109.35970407864079 233.09922647906933 480.12513916764874 737.47257004957646 82.610512346029282 40572.173715620243
leaf_count=22857 5370 52820 781 615 440 2173 2502 8989 1339 5658 12843 17490 1034 602944
internal_value=-7.73304e-05 0.00054066 -0.000435224 -0.000219286 -0.000619542 0.00285281 -0.000321125 -0.00275386 0.000825953 0.00320936 -0.000265812 0.00206084 0.00327611 -0.000322621
internal_weight=59815.7 16904.3 5407.66 5253.69 4683.41 570.275 42911.4 899.755 407.486 298.126 42011.6 959.302 820.083 41052.3
internal_count=737855 79686 26866 26085 23297 2788 658169 18488 9499 8160 639681 23894 18524 615787
is_linear=0
shrinkage=0.03


Tree=170
num_leaves=15
num_cat=0
split_feature=16 17 29 15 32 24 5 26 14 16 16 27 28 35
split_gain=7.53565 7.68964 9.45347 6.44565 6.84812 6.38918 6.29328 5.98479 7.55907 5.98438 6.20032 5.97973 10.9566 9.13914
threshold=91.750000000000014 78.103666666666683 0.087733037121892496 76.483333333333363 0.10272919073029901 0.042737398240236132 11.500000000000002 0.80443036122345835 78.450000000000017 93.450000000000017 92.550000000000011 -189.49999999999997 1.0000000180025095e-35 4.5000000000000009
decision_type=10 10 10 10 2 10 2 10 10 10 10 8 10 2
left_child=11 9 -3 -4 5 -5 7 -6 -9 10 -2 12 13 -1
right_child=1 2 3 4 6 -7 -8 8 -10 -11 -12 -13 -14 -15
leaf_value=0.001505798035942282 0.0048821113384166911 -0.0020096268340458151 -0.0034830389883188412 -0.0011798701098469486 0.0012059858530184969 0.0058562780952343615 0.0053759818649658075 -0.0089867354597475673 -9.8778615025424586e-05 0.0099644346989186186 -0.0039651159436568037 0.00017982765437557941 -0.001888267807984766 -0.0016289233491627937
leaf_weight=2376.6412270739675 131.85650812834501 820.16569633549079 188.40808163280599 128.57415506918915 3524.2768055275083 496.46863324916922 245.20672496664338 68.682345206383616 318.03808694891632 104.38820220413618 71.061039943713695 46451.736733319587 3659.1096708901459 1229.9735786094097
leaf_count=17778 1707 11543 2897 2403 33854 5348 3412 544 2690 1389 874 568483 45385 39124
internal_value=0.000168361 0.00116336 0.000891315 0.00138532 0.00161122 0.00442872 0.0011399 0.000809798 -0.00252546 0.00544691 0.00161247 5.44485e-05 -0.000742885 0.0004291
internal_weight=59814.6 6097.13 5789.82 4969.65 4781.25 625.043 4156.2 3911 386.72 307.306 202.918 53717.5 7265.72 3606.61
internal_count=737431 66661 62691 51148 48251 7751 40500 37088 3234 3970 2581 670770 102287 56902
is_linear=0
shrinkage=0.03


Tree=171
num_leaves=15
num_cat=0
split_feature=23 10 14 14 23 16 35 23 15 34 16 24 34 4
split_gain=5.89671 7.00268 8.09361 7.37891 9.83119 8.91897 7.08695 8.762 7.01441 7.27463 6.83664 9.56371 5.54207 5.25091
threshold=-1.3049999999999999 118.50000000000001 76.950000000000017 87.050000000000011 -4.4949999999999992 77.850000000000009 1.5000000000000002 -1.9949999999999999 79.216666666666683 0.0014080103943121551 98.050000000000011 0.069750216823186259 0.0033056488240464101 0.31009615384615336
decision_type=8 2 8 10 10 10 2 10 10 2 10 10 2 2
left_child=1 3 6 4 -1 -6 -3 -8 -4 -10 -2 -12 -9 -13
right_child=10 2 8 -5 5 -7 7 12 9 -11 11 13 -14 -15
leaf_value=-0.0035554217907829855 -2.3314984160683759e-05 0.0050613915130309503 -0.0053201980278595106 -0.0030206675743872928 -0.0025413961347016713 0.0064257723384630507 -0.0026773356231931228 -0.00079138807355407512 0.0028598568467805884 -0.0019948974662722394 -0.0072104354592146527 -0.0034851850309754731 0.0082225045414477567 0.0022274735603835414
leaf_weight=94.633090295828879 55809.670605675521 413.07931401580572 243.81539027951658 110.634872676339 88.16108282469213 689.02695109811611 354.91809361288324 92.014415741199628 409.44278812175617 652.68619903852232 236.71653724298812 206.46086010732688 96.166549517773092 283.21502989088185
leaf_count=615 703995 1902 1961 700 878 5152 3856 1117 2750 4272 3676 1947 1128 2721
internal_value=9.61254e-06 0.00124338 0.000301969 0.00329141 0.00421282 0.00531644 0.00233477 9.04565e-06 -0.0012176 -7.89893e-05 -6.22292e-05 -0.00285801 0.00457411 -0.000280883
internal_weight=59780.6 3244.58 2262.12 982.456 871.821 777.188 956.178 543.099 1305.94 1062.13 56536.1 726.392 188.181 489.676
internal_count=736670 24331 16986 7345 6645 6030 8003 6101 8983 7022 712339 8344 2245 4668
is_linear=0
shrinkage=0.03


Tree=172
num_leaves=15
num_cat=0
split_feature=6 12 33 9 33 12 20 16 23 20 25 2 2 11
split_gain=6.72271 8.2788 9.04181 8.94856 8.39268 8.75803 8.91113 8.07353 11.1212 7.05978 7.0361 7.02758 6.94685 8.59359
threshold=0.22649572649572652 78.15000000000002 90.500000000000014 94.500000000000014 484.50000000000006 74.850000000000009 155.50000000000003 81.750000000000014 4.8950000000000005 12.500000000000002 0.10171092607611922 7.5000000000000009 3.5000000000000004 13.500000000000002
decision_type=2 10 2 2 2 8 10 10 10 10 10 10 8 2
left_child=1 2 3 12 11 6 7 -6 -9 -3 -10 -4 -1 -14
right_child=-2 9 4 -5 5 -7 -8 8 10 -11 -12 -13 13 -15
leaf_value=0.0059050915538431618 0.00021613423848319046 -0.002460292510750074 -0.0034450969451646088 -0.0055188758819205265 -0.0014722852863537784 -0.0028005597152866387 0.0068073670074140285 0.0077056965228979018 0.0053022386428627898 0.00091477662339156446 -0.003575598049252188 0.0015977027916870416 0.0017954208023039605 -0.0041274605500933445
leaf_weight=217.17091138870455 48538.972376708989 604.42154500936158 2480.2287427121773 133.21968206577003 1076.6788934683427 965.57372215250507 141.88345026038587 195.14336521178484 67.509432937949896 3763.699874185957 208.8275228778366 246.91297736368142 964.82453809375875 232.28279853437562
leaf_count=3133 605100 5051 34344 1898 13612 9352 1838 2055 1187 33861 2551 3419 15712 3971
internal_value=6.26365e-05 -0.000594852 -0.00123623 0.00076584 -0.00181356 -0.000595113 0.000709194 -4.51723e-05 0.00304249 0.000425207 -0.00092665 -0.00296798 0.00152607 0.00052676
internal_weight=59837.3 11298.4 6930.26 1547.5 5382.76 2655.62 1690.04 1548.16 471.48 4368.12 276.337 2727.14 1414.28 1197.11
internal_count=737084 131984 93072 24714 68358 30595 21243 19405 5793 38912 3738 37763 22816 19683
is_linear=0
shrinkage=0.03


Tree=173
num_leaves=15
num_cat=0
split_feature=13 32 10 13 18 32 18 17 13 30 32 23 31 0
split_gain=6.06907 9.88781 6.58045 5.7078 8.72037 8.44585 9.54375 8.89452 7.60384 14.2618 12.2791 9.47781 8.90429 6.97039
threshold=46.350000000000001 0.050039619651347074 30.500000000000004 55.550000000000004 -17.533333333333339 0.089416735625266433 -6.8333333333333384 64.201666666666682 63.550000000000004 562.50000000000011 0.060010604453870638 6.2950000000000008 -0.00073650869704769276 10.500000000000002
decision_type=8 2 2 8 8 2 10 10 8 8 2 10 10 2
left_child=1 -1 -3 4 -2 6 7 -6 9 12 -11 -12 -5 -14
right_child=3 2 -4 8 5 -7 -8 -9 -10 10 11 -13 13 -15
leaf_value=-0.004177032767042268 -0.0060416845792652584 -0.0034166160601521284 0.0048829645279793799 0.00087031310796431679 0.00034359218758952148 -0.0030602889047686033 -0.0038691335227165257 0.0082698989183411873 -7.9866111848285988e-05 -0.0051178383050015305 -0.00059842924715013113 0.0044385426264374594 0.0062110750959353421 0.00065178305789794031
leaf_weight=122.98766122001689 293.97208428208251 62.822657389682718 616.53867194359191 992.76330909249373 301.55188430135604 591.70060545101296 158.17357353959233 176.59918409935199 53291.232325536403 366.11852680600714 1392.3803370338865 389.54964484483935 785.14707145956345 284.9207094211597
leaf_count=5537 14290 1475 13426 18622 7133 7295 1450 3333 609466 10487 18832 9644 10197 6385
internal_value=5.09332e-06 0.0025185 0.00393387 -3.11756e-05 -0.00181468 -0.000606011 0.00173284 0.00377684 1.75667e-05 0.00123711 -0.00047398 0.000593798 0.00298793 0.00482601
internal_weight=59826.5 802.349 679.361 59024.1 1522 1228.03 636.325 478.151 57502.1 4210.88 2148.05 1781.93 2062.83 1070.07
internal_count=737572 20438 14901 717134 33501 19211 11916 10466 683633 74167 38963 28476 35204 16582
is_linear=0
shrinkage=0.03


Tree=174
num_leaves=15
num_cat=0
split_feature=14 14 3 10 28 18 35 27 18 13 30 25 3 16
split_gain=7.92619 7.86166 9.04705 9.16971 7.94572 7.55598 7.23299 8.75817 7.07852 9.99044 8.37684 7.76503 7.49816 7.10443
threshold=67.750000000000014 70.850000000000009 59.250000000000007 300.50000000000006 -1.2499999999999998 -11.333333333333337 4.5000000000000009 186.50000000000003 -2.1000000000000045 68.950000000000017 423.50000000000006 0.10292649418465492 63.750000000000007 71.15000000000002
decision_type=8 8 2 2 10 10 2 10 10 10 8 10 2 10
left_child=8 2 3 4 6 -6 7 -2 13 10 12 -12 -10 -1
right_child=1 -3 -4 -5 5 -7 -8 -9 9 -11 11 -13 -14 -15
leaf_value=-0.001048922269632438 0.00099472730263272199 2.7197650341765657e-05 0.0013328974035919053 -0.0048625865961391852 0.0024732972262185714 -0.0027339664068601393 -0.0022317616971182916 0.0099007256646316388 0.010328238815451925 0.00037946189457213256 -0.001969571524315285 0.0062929778956857477 -0.00049538343739663601 0.00094052351452809978
leaf_weight=2040.873249137192 359.66393799707294 44841.071907067322 904.13904887065291 728.72350828791969 249.47414328041486 1839.5790309319273 257.98939562006854 94.866233315318823 262.30078665167093 791.05074468394741 206.44521923083812 124.78806978464127 65.195743478834629 7115.2693481073948
leaf_count=50774 2713 506476 9349 9783 7135 19808 7536 738 1756 4917 1448 727 385 114984
internal_value=6.78033e-05 -9.25452e-05 -0.00129019 -0.00197122 -0.00114706 -0.00206884 0.00151396 0.00365049 0.000809727 0.00272203 0.00530992 0.00156033 0.00839332 0.000493794
internal_weight=59881.4 49275.5 4434.44 3530.3 2801.57 2089.05 712.52 454.53 10605.9 1449.78 658.73 331.233 327.497 9156.14
internal_count=738529 563538 57062 47713 37930 26943 10987 3451 174991 9233 4316 2175 2141 165758
is_linear=0
shrinkage=0.03


Tree=175
num_leaves=15
num_cat=0
split_feature=21 24 16 30 18 26 10 21 20 32 1 26 7 0
split_gain=7.61925 12.1268 9.10766 9.60478 8.8475 8.8228 11.4387 9.28898 8.40359 10.0737 8.36874 8.34527 8.19819 13.7932
threshold=0.25227272727272732 0.17927437708612859 86.750000000000014 107.50000000000001 -28.86666666666666 -0.060204616265052038 200.50000000000003 0.21103238866396765 13.500000000000002 0.11081616944524757 1180.5000000000002 -0.063797087236051805 4.5000000000000009 12.500000000000002
decision_type=10 10 10 8 8 8 2 10 10 2 2 10 8 2
left_child=2 -2 4 -4 -1 11 -7 12 -3 -10 -9 -6 -8 -14
right_child=1 8 3 -5 5 6 7 10 9 -11 -12 -13 13 -15
leaf_value=-0.0057468931100212979 -0.0020730981507401484 -0.0032073327009111484 0.0039693883969981678 0.0005034307416363756 -0.00049831394353984121 -0.00042676008579357422 0.0024310107897794354 0.0029309956759543667 0.0040403111705782134 -2.7950779301563651e-05 -0.0050616333635622795 -0.004003498989625571 -1.5250013535834344e-05 0.0048667614277258511
leaf_weight=208.76913749868982 4320.8548267304432 525.03124459646642 722.17285141407046 11017.289880813099 20128.22883838843 9618.5532138432609 3364.2572325981455 129.22587851830758 614.19670340209268 3121.7117484605405 348.37402618932538 581.99461494386196 4652.0687636276707 536.46773215895519
leaf_count=13309 46664 3740 7715 126900 202875 154614 54905 1489 5157 21945 4134 7833 73640 13110
internal_value=-0.000138157 -0.000962791 5.76144e-07 0.000732575 -0.000217252 -0.000180668 0.00029228 0.00105628 0.000174114 0.000685413 -0.00282622 -0.000606221 0.00128825 0.000531158
internal_weight=59889.2 8581.79 51307.4 11739.5 39567.9 39359.2 18648.9 9030.39 4260.94 3735.91 477.6 20710.2 8552.79 5188.54
internal_count=738030 77506 660524 134615 525909 512600 301892 147278 30842 27102 5623 210708 141655 86750
is_linear=0
shrinkage=0.03


Tree=176
num_leaves=15
num_cat=0
split_feature=35 21 25 14 13 19 14 27 30 33 34 34 19 6
split_gain=10.2566 9.21287 6.43401 6.35734 9.70369 11.4624 8.17155 7.40309 10.7417 9.28011 6.60374 6.52166 8.96341 11.226
threshold=9.5000000000000018 0.069204980842911892 0.41354056388720678 64.750000000000014 52.550000000000004 -1.1583333333333419 64.950000000000017 -184.49999999999997 1155.5000000000002 44.500000000000007 0.010390561524997503 -0.0013721838496147827 -6.0916666666666641 0.85357142857142865
decision_type=2 8 10 8 10 10 8 10 8 2 2 2 10 2
left_child=2 -2 3 4 5 -1 -5 9 11 -6 -11 -9 -13 -14
right_child=1 -3 -4 6 7 -7 -8 8 -10 10 -12 12 13 -15
leaf_value=-0.0044285031756144911 -0.0060591762241055374 -0.00047326338612836661 0.0034532336511539307 -0.0056994245282637303 0.0051586982359193324 0.0034205356381468064 -6.2495775174080121e-05 0.0012539940005915665 -0.00029894959394373145 -0.00072299126627216684 -0.0066521616247384235 -0.0012758480453635341 0.0058031117857226646 -0.00037317984876237387
leaf_weight=543.17734323407058 417.73365037539043 636.98882771912031 448.05732937669381 182.51838738750666 129.74750258284621 191.20373211312108 51023.557067051443 1851.5009571181145 1697.5604706524173 648.93536202574614 186.06957353372127 249.80547653976828 1296.6796760503203 322.47035003663041
leaf_count=14026 42905 46185 2610 2328 2224 2053 537988 27253 23256 10192 2508 5942 14258 3690
internal_value=4.15507e-06 -0.00285973 5.79382e-05 2.89189e-05 0.000865782 -0.00229715 -8.81281e-05 0.00124473 0.00167437 -0.00113174 -0.00234541 0.00256677 0.00380073 0.00459871
internal_weight=59826 1054.72 58771.3 58323.2 7117.15 734.381 51206.1 6382.77 5418.02 964.752 835.005 3720.46 1868.96 1619.15
internal_count=737418 89090 648328 645718 105402 16079 540316 89323 74399 14924 12700 51143 23890 17948
is_linear=0
shrinkage=0.03


Tree=177
num_leaves=15
num_cat=0
split_feature=29 23 23 14 12 3 15 18 23 7 29 14 34 9
split_gain=7.40696 9.32072 6.82988 9.56317 8.20524 7.57676 7.34378 7.57361 7.61718 7.3416 9.64399 7.16794 8.66803 11.3266
threshold=0.049542678675999006 2.3750000000000004 1.8750000000000002 36.550000000000004 69.15000000000002 62.250000000000007 67.841666666666683 -6.1000000000000041 1.1850000000000003 5.5000000000000009 0.17838181474545114 64.350000000000009 -0.0014942090040120394 66.500000000000014
decision_type=10 8 8 8 10 2 10 10 10 10 10 8 2 2
left_child=1 -1 4 -4 6 9 7 8 -2 10 -6 12 -11 -14
right_child=2 -3 3 -5 5 -7 -8 -9 -10 11 -12 -13 13 -15
leaf_value=0.0012966644811177534 -0.0056817007143943775 -0.0033464723625303712 0.0061124844307535557 0.00029920610639833529 0.00024303533293306041 0.004035191224510363 -0.0065321343052264572 0.0015034998597054272 0.001008735344025033 -0.002548859442361163 -0.0021797879625335297 -0.0019004660906274981 0.010880571287112702 -0.002282946911245593
leaf_weight=538.51986668678001 386.42755971243605 1171.3853197526187 206.67862770857755 35841.45252542547 15240.089969088905 327.30897036939859 275.03401470673271 464.82903496315703 215.54505606577732 141.25743293017149 1586.9146841024049 3273.8040863825008 106.37083492917009 70.782193029299378
leaf_count=7153 5849 30979 5255 500550 127855 2267 2602 3320 3419 1718 9605 34925 1225 824
internal_value=2.86257e-05 -0.00188886 8.65974e-05 0.000340956 -0.000328348 -0.000178308 -0.00255842 -0.00128737 -0.00339245 -0.00025554 8.76371e-06 -0.00147674 0.00254655 0.00627623
internal_weight=59846.4 1709.91 58136.5 36048.1 22088.4 20746.5 1341.84 1066.8 601.973 20419.2 16827 3592.21 318.41 177.153
internal_count=737546 38132 699414 505805 193609 178419 15190 12588 9268 176152 137460 38692 3767 2049
is_linear=0
shrinkage=0.03


Tree=178
num_leaves=15
num_cat=0
split_feature=11 14 1 11 24 15 2 1 21 3 31 32 7 14
split_gain=6.21562 7.23296 5.86942 10.0898 6.3346 6.90707 6.24775 5.88926 6.91981 7.75949 6.40606 7.0077 6.5004 6.01737
threshold=29.500000000000004 36.550000000000004 1626.0000000000002 42.500000000000007 0.17080936948708977 60.483333333333341 9.5000000000000018 1295.0000000000002 0.089647914274779958 54.250000000000007 0.0081363907991373659 0.12197910999891198 6.5000000000000009 63.95000000000001
decision_type=2 8 2 2 10 10 8 2 10 2 8 2 10 10
left_child=1 -1 4 6 5 -2 -4 10 9 -9 -7 12 -12 -11
right_child=2 -3 3 -5 -6 7 -8 8 -10 13 11 -13 -14 -15
leaf_value=0.0041946884445803745 -0.003243555299862806 -0.00014118756603479345 0.0033566128976245113 -0.0013995514184486023 -0.002121637983126038 0.0043500456551996648 0.011406385496105731 0.0042609817278022452 0.0016193212899123799 0.0024030982379409831 0.0019481008536936578 0.0052318370049229497 -0.0064955074887070238 -0.0062051468661541032
leaf_weight=298.48389358993154 253.96669741172809 55127.083166561613 580.23525715235155 292.28219437738881 644.32680530124344 863.13347711868118 76.006839897949249 72.75171275739558 934.347017620923 63.99322284758091 114.69348808308132 87.6548052940052 135.69178732065484 293.0198713701684
leaf_count=6439 6582 665203 8468 4676 6293 13851 900 1805 14029 1005 1394 961 1883 4314
internal_value=-2.74578e-05 -0.000114078 0.00104976 0.00307824 0.000458353 0.00107469 0.00503048 0.00155605 0.000185604 -0.00277534 0.00304277 -0.000425563 -0.00294729 -0.00455649
internal_weight=59837.7 55425.6 4412.1 948.524 3463.58 2819.25 656.242 2565.29 1364.11 429.765 1201.17 338.04 250.385 357.013
internal_count=737803 671642 66161 14044 52117 45824 9368 39242 21153 7124 18089 4238 3277 5319
is_linear=0
shrinkage=0.03


Tree=179
num_leaves=15
num_cat=0
split_feature=16 8 8 14 13 13 16 13 12 23 30 13 14 28
split_gain=6.29913 12.0027 18.833 8.81147 12.0469 9.28008 8.93303 8.66961 8.44793 7.56516 7.40937 7.40175 8.69526 7.75899
threshold=81.550000000000011 1.0000000180025095e-35 1.5000000000000002 45.850000000000001 55.150000000000013 45.050000000000004 78.65000000000002 70.850000000000009 55.95000000000001 -3.4949999999999997 444.50000000000006 72.550000000000011 76.850000000000009 1.7500000000000002
decision_type=10 2 2 8 10 8 10 8 10 10 10 10 10 10
left_child=3 -2 -3 4 -1 10 -6 8 -4 -10 -5 -9 13 -13
right_child=1 2 7 5 6 -7 -8 11 9 -11 -12 12 -14 -15
leaf_value=-0.0028564563701868151 0.0077769852573522612 -0.004720537112024031 -0.0035508334204441302 -0.00031974808509426471 0.0080700113940666007 -0.00053091106396041098 -0.002307206137521868 -0.0015760854022266713 -0.0049639229998520691 0.0021263356539540706 0.0069112541996873538 0.0016765557221545305 -0.00013513441860902873 -0.00052309068631645466
leaf_weight=167.44122066162527 138.65048215701245 638.62709230254404 228.42862924688961 230.56602663896047 298.41425487585366 27734.840107345488 70.960322230821475 2141.7150046154857 94.115018535405397 3843.0878341237549 224.15840102673974 5431.0469702887349 16647.908090792364 1932.0651362990029
leaf_count=6017 1057 5723 5535 5742 6189 379766 1073 21498 650 53108 6360 58076 168323 18031
internal_value=-6.35118e-05 0.000232203 0.000185925 -0.000383464 0.00325744 -0.000458442 0.00603906 0.000296877 0.00155943 0.00189673 0.00357634 9.31845e-05 0.000245044 0.00109974
internal_weight=59822 31095.6 30957 28726.4 536.816 28189.6 369.375 30318.4 4165.63 3937.2 454.724 26152.7 24011 7363.11
internal_count=737148 332001 330944 405147 13279 391868 7262 325221 59293 53758 12102 265928 244430 76107
is_linear=0
shrinkage=0.03


Tree=180
num_leaves=15
num_cat=0
split_feature=18 14 20 15 2 18 26 29 23 29 32 34 14 9
split_gain=8.48305 9.56264 8.65973 10.8355 9.42408 8.92715 8.53234 14.4666 9.05003 8.91997 7.77674 9.54703 9.34693 7.48776
threshold=-12.833333333333337 64.750000000000014 295.50000000000006 54.516666666666673 4.5000000000000009 -15.483333333333325 -0.020035652594217222 0.058292648074495711 4.4050000000000011 0.12176860305067684 0.065153077163386461 -0.015006173722804097 59.050000000000004 36.500000000000007
decision_type=8 8 10 10 10 10 10 8 8 8 2 2 8 2
left_child=2 6 3 4 5 -1 8 -8 9 10 11 12 -2 -5
right_child=1 -3 -4 13 -6 -7 7 -9 -10 -11 -12 -13 -14 -15
leaf_value=-0.001846566822308732 -0.003129639709701126 -0.00013361842085981399 -0.0085762347055780754 0.00026432569541878629 0.0055117550502218086 0.0060474052395639325 -0.0045606978961228936 0.0045458608050912373 -0.0014579981561071874 -0.0011649381792710777 0.0037849924791186792 -0.004108442473385078 0.0078092667380607597 -0.0027033770968852818
leaf_weight=629.50856025493704 81.694133982528001 49856.576036010549 94.494635738315992 1065.0643977322616 312.86321853066329 109.2832681722939 141.16100730048493 1081.7309837883804 1327.0122586917132 742.10441187350079 1347.5479428279214 260.90877618012019 124.94169742008671 2593.8301913712639
leaf_count=23268 939 528116 3352 27776 14197 1881 2635 13534 17292 5956 13649 3504 1548 79787
internal_value=-0.000112722 -6.53727e-06 -0.00131477 -0.00108055 0.00155085 -0.000369562 0.00122332 0.00335682 0.000517495 0.00155094 0.0026628 -0.000624757 0.00371737 -0.00184759
internal_weight=59768.7 54963.7 4805.04 4710.55 1051.66 738.792 5107.1 1222.89 3884.21 2557.2 1815.09 467.545 206.636 3658.89
internal_count=737434 587173 150261 146909 39346 25149 59057 16169 42888 25596 19640 5991 2487 107563
is_linear=0
shrinkage=0.03


Tree=181
num_leaves=15
num_cat=0
split_feature=16 23 29 15 32 9 23 28 31 24 13 24 17 4
split_gain=6.79265 7.67538 10.8117 8.54447 12.3985 8.23493 10.388 8.12186 6.44038 10.5704 6.56429 7.33431 10.4816 9.49217
threshold=59.750000000000007 3.3050000000000002 0.058995133522501832 56.916666666666679 0.054550697284261304 30.500000000000004 8.4050000000000029 3.7500000000000004 -0.022906594222739232 0.21320352552243063 78.750000000000014 0.16771777581209074 80.901923076923097 0.073214285714286134
decision_type=8 8 8 8 2 2 10 8 8 10 10 10 10 2
left_child=-1 8 5 4 -4 6 -3 -7 9 -2 -10 13 -13 -12
right_child=1 2 3 -5 -6 7 -8 -9 10 -11 11 12 -14 -15
leaf_value=-0.0031277015906749266 0.0043133020072746641 0.0038885874780457985 -0.0024801895532534425 0.000474897501687358 0.0049488287122967907 -0.0014817500209984395 -0.0048449254103379857 -0.0067353050182415459 -0.00067530035856427245 -0.0031231742757808515 0.0008446771259028172 -0.00052500500151027448 0.0018838534107139284 -0.0015293014313771901
leaf_weight=563.38327044586185 579.02222406724468 375.05523370346054 232.34867549117189 23511.885865940334 787.42501563031692 1068.0144335366786 124.80384981422685 322.64542367681861 19319.99640560057 195.86039210669696 2554.2540413304232 2742.6614672907162 3879.6236575776711 3591.9169817434158
leaf_count=22498 6334 7346 9132 329955 18678 27833 3666 7336 193752 1555 28463 20669 27366 33142
internal_value=1.31225e-05 4.55798e-05 0.000425841 0.000595301 0.00321937 -0.00173178 0.00146574 -0.00289208 -0.000260333 0.00235827 -0.000327139 0.000200246 0.000889751 -0.000543858
internal_weight=59848.9 59285.5 26422.2 24531.7 1019.77 1890.52 499.859 1390.66 32863.3 774.883 32088.5 12768.5 6622.29 6146.17
internal_count=737725 715227 403946 357765 27810 46181 11012 35169 311281 7889 303392 109640 48035 61605
is_linear=0
shrinkage=0.03


Tree=182
num_leaves=15
num_cat=0
split_feature=19 26 33 17 14 33 4 4 33 6 17 10 10 22
split_gain=5.82013 6.78489 6.26521 10.0499 12.2745 11.5128 10.7237 8.86982 10.2506 8.73918 8.06989 7.60139 7.98675 7.7483
threshold=-13.870833333333328 -0.038524514649251475 90.500000000000014 67.800847457627142 71.450000000000017 70.500000000000014 -1.9393382352941158 0.43095238095238037 34.500000000000007 0.86190476190476206 81.650675675675686 335.50000000000006 304.50000000000006 3.5000000000000004
decision_type=8 10 2 8 10 2 2 2 2 2 10 2 2 10
left_child=1 -1 3 4 11 6 9 8 -8 -5 -10 12 -2 -13
right_child=2 -3 -4 5 -6 -7 7 -9 10 -11 -12 13 -14 -15
leaf_value=0.00032632660440717426 0.0030114277149711826 -0.0064407174044325494 -0.00018388624702160339 -0.0054084736646838796 -0.002927115187308673 0.002412364542965176 0.002798017024717955 -0.0010152304003700674 -0.0018874792831003106 0.0025650040429400045 0.0040551412661806044 -0.0011040557899647432 -0.0020319114752810827 0.010518250590992435
leaf_weight=248.62515393598005 1846.5572160317679 226.60981338156853 48031.883531718981 552.50242307712324 328.98294475721195 1528.4099969160743 1568.2394620822743 3562.9118367007468 1043.6934819375165 123.58566861716099 204.59969181683846 56.873936337651685 296.02002614329103 158.74576574913226
leaf_count=7900 37219 16344 548551 10054 5250 18327 23598 39514 14809 2500 2299 710 6465 3568
internal_value=-6.22911e-05 -0.00320641 -3.44152e-05 0.000600554 0.00218348 9.52482e-05 -0.000420142 -2.67461e-05 0.00121958 -0.0038747 -0.000794802 0.00294241 0.00228419 0.00782188
internal_weight=59778.2 475.235 59303 11271.1 2687.18 8583.94 7055.53 6379.44 2816.53 676.088 1248.29 2358.2 2142.58 215.62
internal_count=737108 24244 712864 164313 53212 111101 92774 80220 40706 12554 17108 47962 43684 4278
is_linear=0
shrinkage=0.03


Tree=183
num_leaves=15
num_cat=0
split_feature=24 11 4 24 1 26 29 34 19 21 2 4 30 16
split_gain=8.19882 7.99416 6.60699 9.03562 7.78754 7.57921 10.9767 8.32727 7.87116 8.68855 7.63718 7.9556 10.1007 7.45458
threshold=0.013305148834508928 49.500000000000007 4.1550480769230775 0.03942278851865972 1155.0000000000002 -0.060204616265052038 0.097205126748472467 0.0058075764508849813 8.0279914529914453 0.93750000000000011 4.5000000000000009 1.4843750000000002 1660.5000000000002 71.350000000000009
decision_type=8 2 2 8 2 10 10 2 10 10 10 2 10 10
left_child=1 -1 5 -4 -5 6 -2 10 9 13 -8 -12 -13 -7
right_child=2 -3 3 4 -6 8 7 -9 -10 -11 11 12 -14 -15
leaf_value=-0.0022729523009476543 -0.00088648719771515104 0.0064059878692161558 -0.0082434362400954555 0.003018607982804942 -0.0025569380964191564 -0.0013236236296254751 0.00032228809007103559 0.00094868298234132965 0.0020511443259252525 -0.0031253055305085933 -0.00045083462100374111 -0.00097597757561492524 -0.0063483114558019705 0.00062964743130085982
leaf_weight=1957.3044558465481 12952.412645342411 52.857783120940439 137.46344012278132 268.65603829198517 739.06927135935985 1920.4141596656991 8303.3376855044626 8454.1905213461723 2599.6482368302532 593.06766781327315 4028.5572871455224 828.20657911640592 481.6164591005072 16504.695802344824
leaf_count=60541 165111 1653 1610 2041 5754 47449 78494 73733 16380 5004 39698 6881 3884 229328
internal_value=-3.50973e-05 -0.0018948 3.11482e-05 -0.00217626 -0.000998089 7.76379e-05 -0.000194803 0.000211743 0.000518767 0.000304473 -0.000246759 -0.00112663 -0.00311215 0.00042303
internal_weight=59821.5 2010.16 57811.3 1145.19 1007.73 56666.1 35048.3 22095.9 21617.8 19018.2 13641.7 5338.38 1309.82 18425.1
internal_count=737561 62194 675367 9405 7795 665962 367801 202690 298161 281781 128957 50463 10765 276777
is_linear=0
shrinkage=0.03


Tree=184
num_leaves=15
num_cat=0
split_feature=35 14 16 5 10 6 16 16 13 29 7 29 29 4
split_gain=10.0765 8.00543 7.8089 7.20345 8.61291 11.8749 14.3102 12.3826 11.2196 12.4238 9.61258 8.75864 8.49374 9.3028
threshold=9.5000000000000018 20.350000000000005 78.450000000000017 7.5000000000000009 252.50000000000003 0.75735294117647067 86.550000000000011 77.750000000000014 76.550000000000011 0.14944576092680359 3.5000000000000004 0.17838181474545114 0.11247215151560261 1.3385416666666681
decision_type=2 8 10 2 2 2 8 10 8 10 8 8 10 2
left_child=1 -1 -2 -3 5 -5 7 12 9 -9 -8 -6 -7 -14
right_child=2 3 -4 4 11 6 10 8 -10 -11 -12 -13 13 -15
leaf_value=0.0068166253087373679 -0.0057883179073504581 -0.0001886848116854117 -0.00062501505049327312 -0.002121910375835246 0.0019178280749164776 -0.00012234525472494014 -0.0018676055147307245 -0.0047398388743010444 0.00024734441867584972 0.0032967407414478903 0.003160065675403547 -0.0025015011186725871 0.0063411460428168956 -0.0018202003331502039
leaf_weight=105.19931764365174 425.34010874619707 45062.703959956765 623.00889422139153 1799.8274439482484 4765.1718240202172 997.05037441337481 372.74855433218181 1143.9520642260322 1305.7998961545527 166.12584173399955 2098.3046779779252 397.87041438743472 434.63774179271422 144.31014827871695
leaf_count=1746 46182 477739 42863 22524 60269 17699 3261 15239 13183 1514 24990 3170 5375 1449
internal_value=-4.10355e-05 1.21399e-05 -0.00288803 -5.84926e-06 0.000597296 6.36479e-06 0.000592789 -0.000476182 -0.00172974 -0.00363702 0.00237966 0.00155654 0.00159371 0.00432385
internal_weight=59842.1 58793.7 1048.35 58688.5 13625.8 8462.76 6662.93 4191.88 2615.88 1310.08 2471.05 5163.04 1576 578.948
internal_count=737203 648158 89045 646412 168673 105234 82710 54459 29936 16753 28251 63439 24523 6824
is_linear=0
shrinkage=0.03


Tree=185
num_leaves=15
num_cat=0
split_feature=20 25 35 23 5 13 4 15 21 20 31 14 23 31
split_gain=5.53909 5.23823 5.01296 7.04516 10.5104 7.55899 5.80294 5.89691 5.68458 5.75305 5.14012 10.7208 10.0401 9.46634
threshold=328.50000000000006 0.11329780175828898 1.5000000000000002 -1.9949999999999999 3.5000000000000004 87.250000000000014 0.95993589743589791 82.816666666666691 0.75961538461538469 140.50000000000003 -0.012451222367946083 84.750000000000014 16.105000000000004 -0.0089960079898045563
decision_type=10 10 2 8 2 10 2 10 10 10 10 8 10 10
left_child=2 -2 3 4 6 -6 7 -1 10 -10 11 -4 13 -12
right_child=1 -3 8 -5 5 -7 -8 -9 9 -11 12 -13 -14 -15
leaf_value=0.0055297821466658292 -0.0059895906223409673 8.3710832078315425e-05 -0.00014181016653735189 0.00027454153176438432 0.0059062843646240475 -0.0015187433770563841 -0.0042299914000369886 -0.0027662156567669969 -0.0048764153383658478 0.0032242873018514971 -0.0021285133247099892 0.0029853383038693122 0.0036102584426532303 -0.00017800979540321795
leaf_weight=126.14568096399307 220.60362043930218 239.64737575664185 3208.5767248423072 15580.540224708617 633.77404702454805 128.833301410079 205.57860803604126 95.930858537554741 353.50605583190918 61.164657433750108 2345.0518962410279 1372.1266488978872 549.43779915047344 34697.597541113355
leaf_count=569 5285 3314 55056 73655 2888 576 909 423 3623 720 39994 24286 15907 510624
internal_value=-1.66044e-05 -0.00312897 1.01413e-05 0.000448699 0.00262544 0.00463565 -0.00106923 0.00209636 -0.000162885 -0.00346318 -0.000126371 0.000817031 -0.00024226 -0.000304193
internal_weight=59818.5 460.251 59358.3 16770.8 1190.26 762.607 427.655 222.077 42587.5 414.671 42172.8 4580.7 37592.1 37042.6
internal_count=737829 8599 729230 79020 5365 3464 1901 992 650210 4343 645867 79342 566525 550618
is_linear=0
shrinkage=0.03


Tree=186
num_leaves=15
num_cat=0
split_feature=11 13 32 34 19 29 12 21 26 26 29 32 32 27
split_gain=8.738 7.19237 14.6076 6.37874 10.0617 5.77784 9.29234 7.92098 9.09556 10.6123 8.12818 6.77233 6.63562 12.4593
threshold=28.500000000000004 45.050000000000004 0.048283230179781915 0.01283063950649487 -10.970601851851852 0.11648220410163088 64.750000000000014 0.12922201138519926 -0.050738438311466391 -0.15355694055720795 0.20621733584876167 0.15092137731193264 0.08142512778241652 50.500000000000007
decision_type=2 8 2 2 10 8 10 10 10 10 10 2 2 10
left_child=1 2 -1 4 -4 6 -2 10 9 -9 12 -10 13 -7
right_child=5 -3 3 -5 -6 7 -8 8 11 -11 -12 -13 -14 -15
leaf_value=-0.006426905044982608 -0.001362110170930249 -0.00018997023830293042 -0.00015273740075274957 -0.0011273951259636742 0.0091613754779058306 -0.0038644398002526652 0.0026617128208557498 -0.0017331008958308091 -0.0038431284885799811 0.0076895752071253348 0.0059373827389196743 0.0046383402567562433 -0.004999746858514462 0.0071298341758847094
leaf_weight=82.810285140527412 607.35829080152325 54398.76346354853 149.51896703219973 116.77243454172276 283.8112333805766 186.64265980198979 2618.874855434522 138.22837466979399 260.47510527446866 270.71570152416825 54.121399472467601 69.822070348542184 507.76663623121567 102.84717783425003
leaf_count=3908 14515 648843 5580 2466 4327 2509 39235 1252 3317 3120 386 718 5571 1468
internal_value=-4.41048e-05 -0.00015173 0.0029083 0.00473199 0.00626424 0.00117442 0.00189498 -0.000300296 0.00190376 0.00466277 -0.0022135 -0.00167611 -0.00308455 0.000516315
internal_weight=59848.5 55031.7 632.913 550.103 433.33 4816.85 3226.23 1590.62 739.241 408.944 851.378 330.297 797.256 289.49
internal_count=737215 665124 16281 12373 9907 72091 53750 18341 8407 4372 9934 4035 9548 3977
is_linear=0
shrinkage=0.03


Tree=187
num_leaves=15
num_cat=0
split_feature=5 16 2 12 33 20 24 4 33 16 34 31 16 14
split_gain=5.35441 11.9072 12.2902 8.65235 10.2716 9.5417 9.86529 7.27874 6.9988 6.63654 7.5949 6.51441 6.37407 7.33304
threshold=8.5000000000000018 88.750000000000014 6.5000000000000009 62.050000000000004 147.50000000000003 166.50000000000003 0.091409298992241442 -0.13484848484848297 662.50000000000011 96.850000000000009 -0.0050772433338547368 0.010019047565386539 74.550000000000011 69.450000000000017
decision_type=2 8 10 10 2 10 10 2 2 10 2 10 8 10
left_child=12 2 3 4 -2 -5 7 -7 -4 10 11 -3 13 -1
right_child=1 9 8 5 -6 6 -8 -9 -10 -11 -12 -13 -14 -15
leaf_value=-0.00044681793265552997 -0.0018685562934307352 0.0019288937359187659 0.004486353812912648 -0.0012323530334930272 0.0058590802383060919 0.0043405154769106721 0.0074582001487959329 -0.006165390230208281 -0.00058334279188063261 -0.0015468682165691401 0.0038439786344607648 -0.0042326466949194957 0.00010776438617104688 -0.0030915101273092053
leaf_weight=6559.2103529280284 224.91931134834886 447.885132514406 736.23919874604326 4879.6800196311669 339.86472491477616 58.73405876592733 190.54700815770775 87.237688692985103 340.78704378753901 312.42434536316432 1835.7492023590021 173.8739763093181 42630.873931321665 1057.4134779495944
leaf_count=116301 9076 7802 12085 67929 10820 1422 2494 1662 4212 4205 25761 2201 457911 14283
internal_value=8.90847e-05 0.000735245 6.00333e-05 -0.000494715 0.00287995 -0.000883981 0.00367352 -0.00190927 0.00292751 0.00237628 0.00289593 1.90367e-05 -3.53341e-05 -0.000831747
internal_weight=59875.4 9627.94 6858.01 5780.98 564.784 5216.2 336.519 145.972 1077.03 2769.93 2457.51 621.759 50247.5 7616.62
internal_count=738164 149669 109700 93403 19896 73507 5578 3084 16297 39969 35764 10003 588495 130584
is_linear=0
shrinkage=0.03


Tree=188
num_leaves=15
num_cat=0
split_feature=28 27 35 2 9 7 27 9 34 25 26 29 2 28
split_gain=8.11126 5.70753 5.35075 7.46131 5.93419 5.07179 9.17029 6.6987 5.85545 5.43879 5.8208 5.72435 5.02667 10.233
threshold=-1.0000000180025095e-35 -649.49999999999989 9.5000000000000018 4.5000000000000009 88.500000000000014 6.5000000000000009 -184.49999999999997 2.5000000000000004 0.033316251928230768 0.10761876293480184 -0.042403723869990965 0.062860106698280988 2.5000000000000004 2.2500000000000004
decision_type=8 8 2 8 2 10 10 2 2 10 10 8 10 10
left_child=-1 -2 5 -4 -5 -3 9 -8 12 11 -11 -7 13 -9
right_child=1 2 3 4 -6 6 7 8 -10 10 -12 -13 -14 -15
leaf_value=0.00049315324812938724 0.0034310113870364054 -0.00013711711717397974 -0.0060039817519190386 -0.0018564823050506041 0.006743445457588735 0.001164761115369814 0.0076698405714058331 -0.007252636512566097 0.0048031489927780674 0.002415479967133692 -0.006050996337329374 -0.0085977946251325262 -0.00053585745554381072 0.0014517833287589342
leaf_weight=19847.878881947836 326.18713389453478 35877.736679769616 292.44970208406448 210.21074997493997 50.386122900992632 52.075158113380894 35.576932157855481 260.36893455428071 106.01677834009752 150.14240751857869 66.111057394649833 262.55981022189371 2026.8185754264705 176.34336665831506
leaf_count=271223 6157 368961 26782 18369 3610 1034 373 2922 1173 1682 836 3997 27706 1710
internal_value=-1.70943e-06 -0.000248227 -0.00028285 -0.00308797 0.000624191 -0.000239184 -0.00138641 -0.000613733 -0.000872631 -0.00479882 -0.000823079 -0.00704384 -0.00120757 -0.00394975
internal_weight=59740.9 39893 39566.8 553.047 260.597 39013.7 3136.01 2605.12 2569.55 530.888 216.253 314.635 2463.53 436.712
internal_count=736535 465312 459155 48761 21979 410394 41433 33884 33511 7549 2518 5031 32338 4632
is_linear=0
shrinkage=0.03


Tree=189
num_leaves=15
num_cat=0
split_feature=20 13 16 30 17 33 14 30 26 7 23 35 14 14
split_gain=5.60213 6.39195 6.64626 7.1524 6.20265 5.63441 8.34712 9.51169 8.89282 8.28441 7.3011 9.48448 8.20573 8.00935
threshold=342.50000000000006 74.750000000000014 89.950000000000017 285.50000000000006 76.301388888888908 28.500000000000004 69.250000000000014 1592.5000000000002 0.69201820880865617 5.5000000000000009 -0.99499999999999988 7.5000000000000009 74.750000000000014 59.350000000000001
decision_type=10 8 8 10 10 2 8 8 10 10 8 2 8 10
left_child=5 -2 3 -3 -5 6 7 9 -8 -1 11 12 13 -7
right_child=1 2 -4 4 -6 10 8 -9 -10 -11 -12 -13 -14 -15
leaf_value=0.0064465529831175461 -0.0077710890897238014 -0.0038128939363228985 -0.0069484542203387496 -0.0013481042888297367 0.0091174583231065573 -0.0021143745149153205 0.00084124530947223908 -0.004618563134897391 -0.0045482471846310666 0.00011499106153564257 -0.00013484898294381799 -0.0066871133180829651 0.00045631364290204981 0.0042318086053602403
leaf_weight=562.98831695120316 126.27302808361128 79.441890867892653 50.575540261110291 64.063538459828123 83.603237337432802 179.43569577205926 3141.4124576845206 75.324279077351093 251.87371393223293 269.63956340774894 50985.382353718393 85.34883573919069 2721.8023188309744 1133.2434647036716
leaf_count=10292 3140 1383 801 1221 1010 1535 48079 1429 2672 6208 629203 3519 18152 8732
internal_value=2.04356e-05 -0.00329959 -0.000390743 0.00205986 0.00538458 4.57673e-05 0.00108506 0.00355926 0.000380963 0.0045188 -3.6265e-05 0.00117076 0.00141682 0.00331857
internal_weight=59810.4 403.957 277.684 227.109 147.667 59406.5 4301.24 907.952 3393.29 832.628 55105.2 4119.83 4034.48 1312.68
internal_count=737376 7555 4415 3614 2231 729821 68680 17929 50751 16500 661141 31938 28419 10267
is_linear=0
shrinkage=0.03


Tree=190
num_leaves=15
num_cat=0
split_feature=21 14 16 25 1 25 19 15 15 17 32 20 23 14
split_gain=4.2656 7.80731 12.5439 10.5396 10.3597 7.9552 7.02288 7.14031 6.54925 7.81621 6.42311 7.10356 7.53662 6.58566
threshold=0.15655637254901963 65.550000000000011 76.65000000000002 0.16257252370779388 1609.5000000000002 0.41354056388720678 -4.3152680652680706 61.841666666666676 64.116666666666688 69.90060240963858 0.072734736527840002 7.5000000000000009 -0.39499999999999996 79.450000000000017
decision_type=8 8 8 10 2 10 10 10 8 8 2 8 10 8
left_child=-1 3 4 6 -3 8 -2 -8 -4 -10 -11 12 -12 -14
right_child=1 2 5 -5 -6 -7 7 -9 9 10 11 -13 13 -15
leaf_value=0.00020919696664856215 -0.00043487805033909501 -0.0049321823097777844 -0.0062564846956703795 -0.0025017400885672396 0.0047729522007984373 0.0041619029144598085 -0.0028284233593159716 0.0062354285824962928 0.0029199284951701514 -0.0024400099783930414 0.0084680988063321316 -0.00038110431598489309 0.0048870216216449561 -0.001897306956094079
leaf_weight=36100.189830657095 268.58546658698469 783.90290437522344 118.57259200746194 309.18273835349828 72.251609422033653 305.53480706969276 60.397241663187742 568.26250942377374 601.78054963494651 1274.0517653970746 112.15785360825248 18745.138106153696 161.21822562091984 284.13173945853487
leaf_count=480799 5802 9801 2002 2896 934 1753 674 5785 6694 22560 764 192411 1598 2640
internal_value=4.093e-06 -0.000308566 -0.000436428 0.00199435 -0.00389499 -0.00029068 0.00359393 0.00522041 -0.000364157 -0.000316509 -0.00041801 -0.00027859 0.00291592 0.000804033
internal_weight=59765.4 23665.2 22458.7 1206.43 856.155 21602.6 897.245 628.66 21297.1 21178.5 20576.7 19302.6 557.508 445.35
internal_count=737113 256314 241157 15157 10735 230422 12261 6459 228669 226667 219973 197413 5002 4238
is_linear=0
shrinkage=0.03


Tree=191
num_leaves=15
num_cat=0
split_feature=16 17 10 6 9 6 25 26 22 35 31 14 4 0
split_gain=9.21538 8.21005 7.78123 6.32915 12.0015 11.1561 9.50857 9.34066 10.1549 8.38334 7.64096 9.30854 8.8985 7.1179
threshold=89.550000000000011 85.575500000000019 66.500000000000014 0.28869047619047622 85.500000000000014 0.4188596491228071 0.12077761836899904 0.82764946762806113 6.5000000000000009 9.5000000000000018 -0.0060780879005981042 53.750000000000007 1.0477272727272722 10.500000000000002
decision_type=10 10 2 2 2 2 10 10 10 2 8 10 2 2
left_child=1 3 -3 4 9 6 13 8 -7 -1 11 -10 -13 -5
right_child=-2 2 -4 5 -6 7 -8 -9 10 -11 -12 12 -14 -15
leaf_value=-5.4219802150239641e-05 0.00096711553398171556 -0.0087395920578772334 -0.0013257620019075929 -0.00062903673672798236 -0.0027688892273942094 -0.00046751501460051399 0.0026348089087131514 0.0022793947198768024 0.0030098362646990523 -0.0061565761508568509 0.0014350043266289521 -0.003698896056365347 0.0014064472689517893 0.0020500096567411096
leaf_weight=10439.67510456359 9960.8147618910298 124.74862282234244 562.95502169965766 2439.3131198263727 1840.1621600040235 21765.191290799412 2807.429977934109 1446.9805489368737 380.54327009094413 156.64376621437259 5092.1116726341425 890.2943296713056 423.95937011425849 1343.3662945374381
leaf_count=112851 107627 928 4482 31951 22540 244571 24954 16800 11124 14205 92410 21002 6569 23789
internal_value=0.00013668 -3.05146e-05 -0.00317182 1.67365e-05 -0.000566582 0.000215506 0.00132819 -3.07282e-05 -0.000151582 -0.00017292 0.000857605 -0.000868633 -0.0020608 0.000336721
internal_weight=59674.2 49713.4 687.704 49025.7 12436.5 36589.2 6590.11 29999.1 28552.1 10596.3 6786.91 1694.8 1314.25 3782.68
internal_count=735803 628176 5410 622766 149596 473170 80694 392476 375676 127056 131105 38695 27571 55740
is_linear=0
shrinkage=0.03


Tree=192
num_leaves=15
num_cat=0
split_feature=22 9 18 29 18 17 27 26 14 14 27 31 30 28
split_gain=7.5753 11.9246 10.271 8.52288 8.32553 7.43009 12.5451 13.0525 7.06158 7.6018 6.8858 7.28782 7.59909 6.85998
threshold=8.5000000000000018 79.500000000000014 -28.86666666666666 0.14167892078171759 -16.899999999999999 66.467333333333343 -148.99999999999997 -0.013442492205967225 20.350000000000005 78.450000000000017 431.50000000000006 0.0039594807140780385 62.500000000000007 1.2500000000000002
decision_type=10 2 10 10 8 10 10 10 8 10 10 8 8 10
left_child=4 3 -3 5 8 6 -2 -8 -1 -10 11 -4 -13 -6
right_child=1 2 10 -5 13 -7 7 -9 9 -11 -12 12 -14 -15
leaf_value=0.0042963782388259425 -0.003336575181674828 -0.0060898845158018607 0.0016051679881157672 -0.0032825557463211775 0.00010483035920528536 -0.00022636734443626057 0.0095586175569397549 -0.0023473973397136541 -0.0035761475126523464 0.0050480999706038129 -0.0041296149358988673 -0.0030991636231385514 0.005487513941900956 -0.00067355170345814578
leaf_weight=86.532569541363046 130.55758576781955 78.798735148622654 1579.7694525560364 622.57846423680894 38310.877989576547 2476.3487135723699 250.19155663461424 91.185510119888932 1229.5144722521072 56.029750220943242 85.728929833043367 69.924550833413377 1027.3689380303258 13827.770953447704
leaf_count=1526 3807 5958 35407 7208 431166 43772 6488 4615 44537 1224 1935 1222 17399 131890
internal_value=-4.68946e-05 0.000923408 0.00235565 -0.000233123 -0.000163924 0.000454817 0.00370842 0.00648479 -0.00242876 -0.00302535 0.0027005 0.00299093 0.00482911 -0.000102053
internal_weight=59923.2 6412.45 2841.59 3570.86 53510.7 2948.28 471.935 341.377 1372.08 1285.54 2762.79 2677.06 1097.29 52138.6
internal_count=738154 127811 61921 65890 610343 58682 14910 11103 47287 45761 55963 54028 18621 563056
is_linear=0
shrinkage=0.03


Tree=193
num_leaves=15
num_cat=0
split_feature=7 35 33 20 9 30 30 12 19 11 29 16 20 14
split_gain=8.03 6.20449 10.1258 7.15095 8.7291 6.93772 7.14401 9.4355 8.1127 7.64071 12.7626 10.152 10.0568 10.3835
threshold=6.5000000000000009 8.5000000000000018 18.500000000000004 8.5000000000000018 84.500000000000014 4.5000000000000009 1142.5000000000002 57.150000000000013 -0.97777777777778485 13.500000000000002 0.083985316357990072 83.050000000000011 21.500000000000004 92.65000000000002
decision_type=8 2 2 10 2 8 10 10 10 2 10 10 10 10
left_child=1 5 -3 4 -4 -1 7 -7 -8 -10 -11 -12 -13 -14
right_child=-2 2 3 -5 -6 6 8 -9 9 10 11 12 13 -15
leaf_value=-0.0047969051256640353 -0.00078990514272397037 0.0058325197736951015 0.0097432092269505791 -0.0030374848608939174 -0.0039332126591273258 -0.0016048193247300345 0.0012091110387610063 0.00069239527576356655 -4.6432361083693577e-05 0.0014716957533632785 -0.0047563368829570407 -4.4385380633808112e-05 -0.0049363285951293792 0.0041702946212604014
leaf_weight=197.74296354828402 9657.961193409632 98.919492537970655 45.732833536458202 1301.0956955435686 37.713328507496044 1668.1334223041777 3137.5168205468217 26060.564360468939 12695.642255304381 1031.6151736953761 1002.6083135823719 1955.779084904585 795.30293951556087 91.301411250606179
leaf_count=2078 149863 7784 2790 86617 3136 29467 53024 255775 101219 11142 9323 16660 7762 860
internal_value=-1.30188e-07 0.000152693 -0.00172656 -0.00245108 0.0044044 0.000211727 0.000237099 0.000551557 -0.000184248 -0.000435757 -0.00143856 -0.00222825 -0.0012697 -0.00382597
internal_weight=59777.6 50119.7 1483.46 1384.54 83.4462 48636.2 48438.5 27728.7 20709.8 17572.2 4876.61 3844.99 2842.38 886.604
internal_count=737500 587637 100327 92543 5926 487310 485232 285242 199990 146966 45747 34605 25282 8622
is_linear=0
shrinkage=0.03


Tree=194
num_leaves=15
num_cat=0
split_feature=20 6 18 7 2 4 14 6 14 4 19 13 16 25
split_gain=6.99653 8.39392 6.49988 5.95099 8.06049 9.38435 8.36624 5.74798 5.52544 11.6852 9.4992 6.8313 9.08731 8.46302
threshold=6.5000000000000009 0.53589743589743599 -0.1999999999999815 8.5000000000000018 4.5000000000000009 3.5156250000000004 56.750000000000007 0.80625000000000013 58.350000000000001 -0.12132352941176448 -5.6888888888888927 68.750000000000014 88.050000000000011 0.091100295305129628
decision_type=8 2 10 10 10 2 8 2 8 2 10 8 10 10
left_child=1 2 -1 8 5 6 -5 -3 9 10 -2 12 13 -10
right_child=3 7 -4 4 -6 -7 -8 -9 11 -11 -12 -13 -14 -15
leaf_value=-0.0021184811095614794 -0.0024494737962120531 0.0074496394949017906 0.0052712450650421504 0.0036903899686556302 0.0018858653206377666 0.0043643510863702944 -0.0074575611394616928 0.0011423328291658003 0.0014461114217151488 -0.0030477318002086577 0.0023782260947960961 -0.00012558049088233687 0.0042651764228152488 -0.00036429663628325255
leaf_weight=411.6436553329695 530.55628976237494 279.0702484495705 89.767718449234962 39.447806082316674 209.1361640006071 53.578620693879202 394.14022180170286 250.12694276799448 4424.9534340236569 1556.8485406092368 952.39957756688818 45265.13942748704 569.87639781809412 4801.3960324413783
leaf_count=5446 20898 3563 485 1136 4722 622 8001 3192 88950 24722 13929 496371 8132 57512
internal_value=-2.95023e-05 0.00236262 -0.000437484 -7.34034e-05 -0.00273529 -0.00470999 -0.00616662 0.00482444 -3.9178e-05 -0.00127366 0.000627465 3.00685e-05 0.000746257 0.000507089
internal_weight=59828.1 1030.61 501.411 58797.5 696.303 487.167 433.588 529.197 58101.2 3039.8 1482.96 55061.4 9796.23 9226.35
internal_count=737681 12686 5931 724995 14481 9759 9137 6755 710514 59549 34827 650965 154594 146462
is_linear=0
shrinkage=0.03


Tree=195
num_leaves=15
num_cat=0
split_feature=11 19 11 30 28 2 14 19 2 26 35 27 13 13
split_gain=7.91119 7.50895 7.3058 10.3305 7.72829 8.42441 7.45628 10.3921 10.213 7.73485 6.88492 7.09457 9.77531 10.416
threshold=29.500000000000004 5.6916666666666673 16.500000000000004 1576.5000000000002 2.2500000000000004 6.5000000000000009 80.550000000000011 7.7555555555555502 4.5000000000000009 -0.17839877774797253 3.5000000000000004 4.5000000000000009 65.350000000000009 73.65000000000002
decision_type=2 10 2 8 10 10 10 10 10 10 2 10 10 10
left_child=2 -2 -1 6 -5 -6 7 10 9 -8 -4 -12 -13 -14
right_child=1 -3 3 4 5 -7 8 -9 -10 -11 11 12 13 -15
leaf_value=0.0001729294942114159 0.00064532859286949473 0.0035868484551363666 0.0011196591152561903 -0.0030178033841296529 0.0022423104380382051 -0.0061096721324615374 0.0015068400748217781 0.0041089629567510636 0.0012002270945446656 -0.0046432413133923444 -0.0026254600274807261 0.0047162093894672708 -0.0047088811020591041 0.0023271408273845954
leaf_weight=45815.133447156957 3437.1067064652452 973.26448184810579 2318.2864868529141 2263.0493490896188 528.81299488130026 84.346928021637723 203.39979048934765 575.26979093579575 633.09139587567188 885.01468260958791 1267.5751526290551 310.96125593071338 339.90998849773314 324.70277408906259
leaf_count=542840 58987 7286 15551 31079 6100 977 1764 3648 7571 10678 29487 8984 7601 6284
internal_value=0.000111797 0.00132738 1.41786e-05 -0.000730049 -0.00222242 0.000719378 -9.26206e-05 0.000481993 -0.00177239 -0.00347823 -1.50175e-05 -0.00118655 0.000719904 -0.00134906
internal_weight=59959.9 4410.37 55549.6 9734.42 2876.21 613.16 6858.21 5136.71 1721.51 1088.41 4561.44 2243.15 975.574 664.613
internal_count=738837 66273 672564 129724 38156 7077 91568 71555 20013 12442 67907 52356 22869 13885
is_linear=0
shrinkage=0.03


Tree=196
num_leaves=15
num_cat=0
split_feature=19 32 0 31 28 23 23 3 30 18 31 26 32 18
split_gain=7.27803 7.87815 7.11857 9.46981 13.8471 8.16177 15.5563 19.1534 10.3709 10.3032 7.98399 10.3532 9.74931 12.3056
threshold=12.118898809523808 0.075013283740701389 8.5000000000000018 -0.021305244758150117 2.7500000000000004 7.9050000000000011 6.8050000000000006 57.750000000000007 201.50000000000003 -2.2333333333333303 0.0035746601816302377 0.80443036122345835 0.1118869207988539 -6.2999999999999927
decision_type=8 2 2 8 10 10 10 2 10 10 8 10 2 10
left_child=2 -2 10 4 -4 6 -5 9 -7 -8 12 -12 13 -1
right_child=1 -3 3 5 -6 8 7 -9 -10 -11 11 -13 -14 -15
leaf_value=-0.0019876716233560017 -0.0016486486257287841 0.0013454711412942924 0.0043744097987620844 7.2562600285246628e-05 -0.0042587796207810887 -0.0047682883914103146 0.0075598213385205393 -0.0006127871936974248 -0.00052617539279756393 -0.0016407412266535297 0.00045327457830675913 -0.0035623795111014412 -0.0021930484896828567 0.0009968153336765847
leaf_weight=2096.1252694030991 868.16970747394953 5929.5179319999879 882.05244294507429 30157.138037716504 161.84663138829637 588.01662519120146 670.69446075882297 643.21978745679371 2862.0833864678862 110.4408834062051 7096.0207069292665 578.73349791974761 4405.2450535832904 2908.0873218460474
leaf_count=38122 14957 56860 15279 368467 2241 16272 16852 10296 72592 1000 61176 4447 36201 23634
internal_value=3.32594e-05 0.00095383 -8.52424e-05 0.000153704 0.00290244 6.77756e-05 0.000219787 0.00322872 -0.00130697 0.00623855 -0.000588785 0.000129366 -0.00117213 -0.0002606
internal_weight=59957.4 6797.69 53159.7 36075.5 1043.9 35031.6 31581.5 1424.36 3450.1 781.135 17084.2 7674.75 9409.46 5004.21
internal_count=738396 71817 666579 502999 17520 485479 396615 28148 88864 17852 163580 65623 97957 61756
is_linear=0
shrinkage=0.03


Tree=197
num_leaves=15
num_cat=0
split_feature=24 24 24 17 13 0 7 25 9 21 21 30 3 23
split_gain=6.39362 6.13913 6.49553 8.90503 9.05738 9.89124 5.75212 7.32453 6.89027 5.29555 6.19813 5.59865 5.26484 5.04633
threshold=0.0054347318949760628 0.00794109390046298 0.012149518223768753 52.603703703703708 75.350000000000009 7.5000000000000009 8.5000000000000018 0.060362820078414765 85.500000000000014 0.10733486943164364 0.13172353961827649 189.50000000000003 54.250000000000007 3.8050000000000002
decision_type=8 8 8 8 8 2 10 10 2 10 10 10 2 10
left_child=-1 -2 3 -3 5 -5 13 8 -8 -9 -11 -12 -7 -4
right_child=1 2 6 4 -6 12 7 9 -10 10 11 -13 -14 -15
leaf_value=-0.0047331183437328665 0.0046142231181056986 -0.0090182034152234847 -0.00014152499327721023 0.0057818532397162425 -0.0044623063634899648 -0.0059191077509059241 0.0065184108665616511 -0.0067730899852288052 -0.0043226382850784437 0.0042841670656001297 0.0030411753630189232 -0.0065728572248135953 0.00010529353820826234 0.00046608593105208155
leaf_weight=209.75843986938708 206.58770212088712 96.79985286120791 39359.299805001821 194.49782496504486 445.61086723627523 113.5106189964572 91.074582071974874 270.82629151782021 41.530782250454649 88.373727253871039 44.998479424975812 121.11774227919523 639.52596881752834 17835.126332111482
leaf_count=8266 7879 6037 393052 3129 9351 5207 2485 4811 982 1461 569 2009 19558 271551
internal_value=-3.67171e-05 -1.62173e-05 -3.62081e-05 -0.00195918 -0.00117324 0.000519698 1.49655e-05 -0.00267271 0.00286918 -0.00419942 -0.000798086 -0.00386748 -0.00111481 4.81899e-05
internal_weight=59758.6 59548.9 59342.3 1489.95 1393.15 947.534 57852.3 657.922 132.605 525.316 254.49 166.116 753.037 57194.4
internal_count=736347 728081 720202 43282 37245 27894 676920 12317 3467 8850 4039 2578 24765 664603
is_linear=0
shrinkage=0.03


Tree=198
num_leaves=15
num_cat=0
split_feature=14 23 23 24 33 11 31 2 32 28 13 7 22 17
split_gain=5.33039 8.81947 6.84157 4.95879 9.68632 10.7296 9.76969 9.45045 11.2236 5.05651 6.88346 5.04289 5.34414 6.06549
threshold=42.350000000000001 1.3050000000000004 10.005000000000001 0.012149518223768753 232.50000000000003 30.500000000000004 0.0013741267617167414 4.5000000000000009 0.038812267775048814 -9.7499999999999982 69.850000000000009 5.5000000000000009 9.5000000000000018 76.100862068965526
decision_type=8 10 10 8 2 2 8 10 2 8 8 10 10 10
left_child=1 -1 -3 4 7 6 -6 11 -9 10 -5 -2 13 -13
right_child=3 2 -4 9 5 -7 -8 8 -10 -11 -12 12 -14 -15
leaf_value=-0.0033147072936225404 0.00046854159266238417 0.0065414865798623812 -0.0022000662665520392 -0.0021184616262081824 -0.0083241527892978038 0.0031840134031929858 -0.0013323269899890649 -0.0058308576161778449 0.0062078647938703675 -2.2372302517389979e-05 0.0096746155049118807 -0.0096699268225476972 0.0010563246152794209 0.002230383151332802
leaf_weight=121.70735478657298 384.20967948494945 329.87120326876175 75.679121098131873 49.929186790715903 368.81028187321499 131.55364874063525 354.90959783503786 44.996501166722737 304.06513358536176 57366.947895222227 59.7461803923361 122.64375103858765 83.680027670809068 28.7911860877648
leaf_count=1326 12148 6934 3324 1286 11121 3756 8042 2596 10169 668480 965 4102 3266 709
internal_value=-2.91906e-05 0.00283974 0.00484781 -5.707e-05 -0.00157586 -0.0038084 -0.00520306 0.000486077 0.00411986 -7.55291e-06 0.00532365 -0.00171675 -0.00474373 -0.00741539
internal_weight=59827.5 527.258 405.55 59300.3 1823.66 855.274 723.72 968.386 349.062 57476.6 109.675 619.325 235.115 151.435
internal_count=738224 11584 10258 726640 55909 22919 19163 32990 12765 670731 2251 20225 8077 4811
is_linear=0
shrinkage=0.03


Tree=199
num_leaves=15
num_cat=0
split_feature=4 26 11 5 16 18 32 3 34 14 14 30 34 18
split_gain=7.53398 15.7318 8.74983 7.54411 12.6418 9.41649 17.6189 8.96132 7.24852 7.02719 9.08818 8.34359 8.40657 7.57419
threshold=3.5156250000000004 -0.044044098495995165 37.500000000000007 9.5000000000000018 76.250000000000014 -15.800000000000006 0.069234891582158467 57.750000000000007 0.032038151979543746 92.65000000000002 83.550000000000011 721.50000000000011 -0.0086892889100958371 -2.5666666666666731
decision_type=2 10 2 2 10 10 2 2 2 8 10 8 2 10
left_child=3 -2 -3 5 7 6 -1 -5 -8 10 11 12 -6 -11
right_child=1 2 -4 4 9 -7 8 -9 -10 13 -12 -13 -14 -15
leaf_value=-0.004738401921038863 0.00019064122684220436 -0.0056557389157736223 0.0033436765538479366 0.004919357775135187 0.0058388284982995682 4.7550712025139435e-05 -0.00015609329309013219 0.00013068584500420266 -0.0045086624769507082 -0.0060640033106105114 0.0033489587755704047 -0.0014036581911853032 0.00019740999341819282 0.00015621200581196587
leaf_weight=1002.0000269400189 1528.9080601686146 810.02502131019719 76.665055208140984 1005.6438211819623 289.42785612063017 45478.919077597384 4802.8637314427178 531.61530579649843 321.31988691829611 260.52219372265972 841.82148948055692 1733.0586697434774 805.85258956905454 401.62592189293355
leaf_count=44482 12262 7295 851 23610 5070 488696 83613 9950 4959 4212 11636 25958 12703 3135
internal_value=-5.50505e-05 -0.00167892 -0.00474068 1.4599e-05 0.00102901 -0.000101665 -0.00120082 0.00331962 -0.000469959 0.000187624 0.000708218 -0.000122289 0.00187798 -0.00254506
internal_weight=59890.3 2415.6 886.69 57474.7 5869.57 51605.1 6126.18 1537.26 5124.18 4332.31 3670.16 2828.34 1095.28 662.148
internal_count=738432 20408 8146 718024 96274 621750 133054 33560 88572 62714 55367 43731 17773 7347
is_linear=0
shrinkage=0.03


Tree=200
num_leaves=15
num_cat=0
split_feature=32 12 12 13 6 30 19 25 32 32 11 19 11 32
split_gain=5.96299 9.72888 7.03242 9.6071 10.0145 8.40035 8.02642 7.47237 6.26385 12.3626 8.40791 6.97749 6.67428 6.2453
threshold=0.040029027576197397 55.050000000000004 62.050000000000004 60.350000000000001 0.80625000000000013 2389.5000000000005 -6.2361111111111027 0.042535400890113997 0.086285957347434106 0.058404579222993545 7.5000000000000009 0.27700320512821014 16.500000000000004 0.042212028542303777
decision_type=2 10 8 8 2 8 10 10 2 2 2 10 2 2
left_child=1 -1 3 6 5 -5 -2 -6 9 -8 11 -11 -10 -4
right_child=2 -3 13 4 7 -7 8 -9 12 10 -12 -13 -14 -15
leaf_value=-0.0069711819740198352 -0.0039125903376791083 -0.00065308025001162664 0.0046794448315806165 0.00049655026970031515 -0.0015048064518657772 0.0059235970197394306 -0.0028535809192602639 0.0059424068928354877 -0.003626317225128719 -0.005183093846248021 0.0091943964049682487 0.005299568515479745 0.0040109099025717136 -4.2099377661886909e-05
leaf_weight=223.32235628226772 468.45752224035095 1177.9451024826267 203.33191422710661 2492.5300187453395 123.68709079164546 237.8703956680838 188.79058737959713 695.52538060687948 356.00316299078986 68.578565548406914 201.18228773539886 60.347579596564174 92.586503916885704 53213.408934522537
leaf_count=10284 22759 26016 3617 48354 4697 4500 4078 12204 5144 1941 3360 795 1190 588143
internal_value=3.41114e-05 -0.00186549 8.1246e-05 0.00115298 0.00198259 0.00106737 -0.000895493 0.00479612 0.000685863 0.00280938 0.00599739 -0.000166601 -0.00180588 -1.97675e-05
internal_weight=59803.6 1401.27 58402.3 4985.56 3549.61 2730.4 1435.95 819.212 967.489 518.899 330.108 128.926 448.59 53416.7
internal_count=737082 36300 700782 109022 69755 52854 39267 16901 16508 10174 6096 2736 6334 591760
is_linear=0
shrinkage=0.03


Tree=201
num_leaves=15
num_cat=0
split_feature=32 20 13 34 13 2 32 11 10 28 13 17 15 16
split_gain=7.00706 10.0245 9.78857 9.67824 7.87942 7.13349 6.55001 9.08669 7.08901 7.07344 7.43725 9.63098 9.58394 7.69543
threshold=0.069234891582158467 10.500000000000002 70.250000000000014 -0.022205133030866981 29.950000000000003 7.5000000000000009 0.092860141537723415 29.500000000000004 276.50000000000006 1.0000000180025095e-35 86.550000000000011 73.601923076923086 79.083333333333357 77.15000000000002
decision_type=2 8 10 2 8 10 2 2 2 10 8 10 10 10
left_child=1 -1 5 -4 -2 -3 9 -8 -9 -6 11 13 -13 -11
right_child=4 2 3 -5 6 -7 7 8 -10 10 -12 12 -14 -15
leaf_value=0.0012242923378155697 0.006011593580590043 -0.0028470558642395643 0.0026652782155002917 -0.0011344098498568952 0.0012670907751145177 0.0013969083855710166 -0.00033370803593762326 0.0025731446886131273 -0.0013145238025754678 -0.0013904574665413246 0.0030968044152787249 -0.0042543808708188149 0.00040077293345023158 0.0020899546435026017
leaf_weight=1511.4719774730038 143.42051813437138 3512.5148208221945 758.5207804266829 2328.6593372252537 6109.4508146765875 366.23063076823018 38605.112698079203 1664.4596899829339 525.29286944121122 995.76295781345107 459.43798642465845 988.4744997213129 632.44458737270907 1216.9247238030657
leaf_count=26947 2661 85253 9667 35918 97709 8734 388716 20701 6768 15325 6228 11368 6312 14612
internal_value=-0.000164412 -0.000960784 -0.00144025 -0.000173226 -3.21081e-05 -0.00243366 -5.48872e-05 -0.000226325 0.00163202 0.000615296 -0.000316185 -0.000759818 -0.00248041 0.00052757
internal_weight=59818.2 8477.4 6965.93 3087.18 51340.8 3878.75 51197.4 40794.9 2189.75 10402.5 4293.04 3833.61 1620.92 2212.69
internal_count=736919 166519 139572 45585 570400 93987 567739 416185 27469 151554 53845 47617 17680 29937
is_linear=0
shrinkage=0.03


Tree=202
num_leaves=15
num_cat=0
split_feature=15 33 14 33 31 7 34 32 12 24 12 4 8 33
split_gain=5.6759 6.17482 6.08743 6.63471 6.30093 7.28473 5.89088 6.53103 5.65711 5.42517 5.2219 10.0059 6.97311 10.1654
threshold=38.816666666666677 518.50000000000011 50.150000000000013 117.50000000000001 -0.0076124865799293137 3.5000000000000004 0.010801854068637136 0.11938976794450722 18.050000000000004 0.040212973911895301 80.350000000000009 -3.4354166666666646 1.5000000000000002 546.50000000000011
decision_type=8 2 8 2 10 10 2 2 8 10 8 2 2 2
left_child=1 -1 3 -2 -5 -6 -7 -8 9 -4 12 -12 13 -10
right_child=2 -3 8 4 5 6 7 -9 10 -11 11 -13 -14 -15
leaf_value=-0.0085938471007579367 -0.0011189291981549795 0.0035151113478461373 -0.0025796635617479444 -0.00099724366325396551 -0.0014637609813782676 0.007998393414184608 0.0060280136166090794 -0.004818193211461509 -0.0063020750327218971 0.0098441643433594857 0.0053430699932297768 0.00026680715008015683 -0.0001639099984368964 -0.00012027448402185308
leaf_weight=81.483655703719705 356.25551093195099 21.609494186122902 21.5620682539884 185.00357700826135 108.35916994069703 388.14032300841063 39.939090855536051 62.419539591995999 364.16780079726595 47.968285286799073 305.24674590723589 22360.767124211532 34915.535855755908 572.093582757283
leaf_count=4487 8730 903 656 3821 1914 7460 813 718 6090 803 3699 222601 467277 7003
internal_value=3.25161e-05 -0.00573661 4.72639e-05 0.00217137 0.0036442 0.00504442 0.00648459 3.24893e-06 4.11225e-06 0.00652395 -9.19752e-06 0.00034678 -0.000234421 -0.00272234
internal_weight=59830.6 103.093 59727.5 1140.12 783.862 598.858 490.499 102.359 58587.3 69.5304 58517.8 22666 35851.8 936.261
internal_count=736975 5390 731585 23456 14726 10905 8991 1531 708129 1459 706670 226300 480370 13093
is_linear=0
shrinkage=0.03


Tree=203
num_leaves=15
num_cat=0
split_feature=29 30 34 16 11 30 18 23 24 4 17 3 34 11
split_gain=6.0459 6.48446 8.02888 7.4586 6.55714 9.28386 6.2924 6.40863 5.68724 5.58044 5.89197 9.59046 7.11439 6.22966
threshold=0.049542678675999006 452.50000000000006 -0.0033224805882207061 86.750000000000014 6.5000000000000009 291.50000000000006 -7.533333333333327 9.9050000000000029 0.04765808355296007 4.5156250000000009 78.91333992094863 61.250000000000007 0.014519845035524188 15.500000000000002
decision_type=8 10 2 10 2 10 8 10 10 2 8 2 2 2
left_child=1 3 -3 4 6 -6 7 -1 -4 -2 12 -12 -11 -13
right_child=9 2 8 -5 5 -7 -8 -9 -10 10 11 13 -14 -15
leaf_value=0.0074641874051117173 0.00010391898221278557 -0.0078376424067251732 0.0041070524585754154 0.0048158611922414626 -0.0053182233979617499 0.0032230325737913905 -0.0014160343931031983 -0.0033395313639424549 -0.0036322204537784543 -0.0070962889917507944 -0.0039010461301822821 0.0086733100242271117 0.0018892061988489838 -0.0009407764082126921
leaf_weight=135.5031950424891 57409.169891653932 241.31711910897866 98.122690058429725 154.08219807757996 453.71227811591234 111.56865054566879 324.4351138548227 34.70942562026903 152.71553621813655 265.8238290627487 199.55985388671979 87.317072344012558 82.004767285659909 92.87768657435663
leaf_count=4489 693984 6016 3228 2295 9274 2732 5331 2168 2370 2186 1735 713 614 889
internal_value=1.74876e-05 -0.00171678 -0.00444743 -0.000477649 -0.00142945 -0.00350753 0.00104935 0.00500308 -0.000425344 6.98155e-05 -0.00245473 0.00019321 -0.00500666 0.00458993
internal_weight=59842.9 1706.17 492.155 1214.01 1059.93 565.281 494.648 170.213 250.838 58136.8 727.583 379.755 347.829 180.195
internal_count=738024 37903 11614 26289 23994 12006 11988 6657 5598 700121 6137 3337 2800 1602
is_linear=0
shrinkage=0.03


Tree=204
num_leaves=15
num_cat=0
split_feature=8 8 19 30 18 35 27 19 4 30 19 29 19 12
split_gain=6.9065 11.9874 16.2924 15.6369 6.90091 11.4077 8.80401 6.85561 6.64786 9.36434 7.47212 8.9398 6.63234 7.52346
threshold=1.5000000000000002 1.0000000180025095e-35 6.6083333333333423 954.50000000000011 -0.99999999999999634 4.5000000000000009 -5.4999999999999991 9.9666666666666774 -0.20416666666666924 1332.5000000000002 -0.67154761904761517 0.15236425061425066 -0.91806526806526978 84.250000000000014
decision_type=2 2 8 10 10 2 10 10 2 8 10 8 10 10
left_child=1 2 -1 7 5 6 -5 -3 9 -2 11 12 13 -11
right_child=8 3 -4 4 -6 -7 -8 -9 -10 10 -12 -13 -14 -15
leaf_value=0.0088050660282284251 0.00090129184923191507 -0.0089270594593227042 -0.00061732925566508102 -0.0031963794812965365 -0.0038018514664379544 -0.0048699583330084261 0.0061171306009960699 -0.0001043258775938225 -0.00021645982088629059 0.00057971095371074546 -0.0011612102690352624 0.0065601719562828585 0.0064486389154133419 -0.0053930153178319475
leaf_weight=121.62982614757493 13872.516651696176 405.67577992798761 4359.2368729806039 88.494648601859808 372.85464529041201 146.68153708509635 297.9347921255976 97.399673772975802 33984.21863511228 1214.4058018644573 4361.0109634313267 188.81093601998873 92.979197180364281 173.53682704898529
leaf_count=1269 212778 6575 58689 729 2257 5238 2395 572 363135 34019 42484 2426 1546 3170
internal_value=-6.85059e-05 -0.00103937 -0.00026722 -0.00340155 -0.000920305 0.00124822 0.00386244 -0.00738276 3.84744e-05 0.000473219 -0.000510792 0.00117234 0.000293597 -0.000328628
internal_weight=59777.4 5889.91 4480.87 1409.04 905.966 533.111 386.429 503.075 53887.5 19903.3 6030.74 1669.73 1480.92 1387.94
internal_count=737282 77724 59958 17766 10619 8362 3124 7147 659558 296423 83645 41161 38735 37189
is_linear=0
shrinkage=0.03


Tree=205
num_leaves=15
num_cat=0
split_feature=33 4 34 3 31 26 19 19 13 33 16 17 15 21
split_gain=10.0853 9.99632 8.13589 7.29319 10.6145 10.214 9.39949 8.08807 7.62455 7.32389 6.84938 8.15378 9.55524 7.25953
threshold=2479.5000000000005 -2.8333333333333317 0.0051869851824556468 58.750000000000007 0.0045595658724829459 -0.038134122907840413 1.1916666666666844 4.5180021367521386 85.950000000000017 4904.0000000000009 81.550000000000011 69.01035714285716 65.283333333333346 0.11566332218506133
decision_type=2 2 2 2 10 10 10 10 8 2 8 8 10 10
left_child=10 -2 3 7 6 -6 -5 -3 -9 -8 13 12 -12 -1
right_child=1 2 -4 4 5 -7 9 8 -10 -11 11 -13 -14 -15
leaf_value=0.00011679914280005745 0.0057924517332160023 -0.0044254246862882648 0.00031812868942675151 0.0038811926287806451 0.0059805582802224012 -0.0036062726422059345 -0.0077600464332611523 -0.0031594280340310884 0.0022654926108465583 0.0021759550000995847 -0.00029934474504814335 0.00041184284806155402 0.0054676316320347888 -0.0011326498559650349
leaf_weight=17879.167427881708 128.78974272287451 1513.5959406553302 1539.4078135767486 89.511192602338269 296.87846489041112 101.98452693037689 229.01096062967554 464.51167004881427 379.29232926201075 63.415033603087068 432.74609907169361 30678.863676060108 574.70053300820291 5411.2727995840833
leaf_count=270440 1408 18259 13069 1228 2338 867 1786 2924 2401 501 8277 342076 6684 65436
internal_value=9.94971e-05 -0.00121114 -0.00146319 -0.00232828 0.000180004 0.00340066 -0.00318769 -0.00314554 -0.00073059 -0.00560224 0.000215077 0.000501841 0.00309342 -0.000175301
internal_weight=59783.1 4806.4 4677.61 3138.2 780.8 398.863 381.937 2357.4 843.804 292.426 54976.8 31686.3 1007.45 23290.4
internal_count=737694 44781 43373 30304 6720 3205 3515 23584 5325 2287 692913 357037 14961 335876
is_linear=0
shrinkage=0.03


Tree=206
num_leaves=15
num_cat=0
split_feature=18 13 18 3 13 21 10 12 30 10 35 12 21 19
split_gain=7.95295 7.87605 7.6137 8.28448 7.34766 7.93291 7.94497 7.54853 6.87359 6.7594 6.63935 11.9211 7.60996 10.3501
threshold=-15.800000000000006 68.350000000000009 -2.2333333333333303 60.250000000000007 59.150000000000013 0.15655637254901963 308.50000000000006 75.350000000000009 474.50000000000006 238.50000000000003 6.5000000000000009 77.950000000000017 0.14839839839839844 -2.6653769841269859
decision_type=8 8 10 2 8 10 2 10 8 2 2 10 10 10
left_child=4 2 3 -2 7 6 9 -1 -4 -6 -3 12 13 -12
right_child=1 10 8 -5 5 -7 -8 -9 -10 -11 11 -13 -14 -15
leaf_value=-0.0041583322681755762 0.00091444453856841148 0.00017196917654800295 0.004745987345116609 -0.0021554711878236038 0.00051725674292006304 -0.0042434164411082054 -0.0036327788277093539 0.0027190107888259291 0.00095900980341991906 0.0058080219900569375 -0.0039778361837827002 0.0010178670647200756 -0.0053780551522397716 0.00043314827736372705
leaf_weight=970.94437206862494 7652.8159606381087 43109.483441370772 790.01398100797087 834.0748240033281 704.40935158624779 272.23394985904451 216.54246354813222 131.85904284473509 953.20979064283893 271.80963187257294 769.6115704246331 1450.1414802281652 539.23854501056485 1130.433120245114
leaf_count=41250 118238 354339 5306 9020 26453 6868 8519 2103 6289 10664 41110 49023 19207 38273
internal_value=0.000155243 0.000229021 0.000981213 0.000601882 -0.00146203 -5.04041e-05 0.00103882 -0.00325376 0.00275971 0.00220158 6.44247e-05 -0.00111463 -0.00237737 -0.0014097
internal_weight=59796.8 57229 10230.1 8486.89 2567.8 1465 1192.76 1102.8 1743.22 976.219 46998.9 3889.42 2439.28 1900.04
internal_count=736662 640805 138853 127258 95857 52504 45636 43353 11595 37117 501952 147613 98590 79383
is_linear=0
shrinkage=0.03


Tree=207
num_leaves=15
num_cat=0
split_feature=35 0 29 20 24 28 34 6 23 19 23 21 24 25
split_gain=7.74842 12.1634 8.55433 7.36756 6.70658 7.63182 7.58482 7.10575 6.62365 15.5302 9.32091 9.1965 6.24823 7.95226
threshold=4.5000000000000009 9.5000000000000018 0.10838756735135645 188.50000000000003 0.025288707134405931 -2.7499999999999996 0.0088781067374319508 0.87083333333333346 -0.99499999999999988 -2.2938446969696922 1.2050000000000003 0.091431556948798343 0.0055724897726557232 0.049765760133216048
decision_type=2 2 8 10 8 8 2 2 8 10 8 10 8 8
left_child=8 2 -2 12 -4 -6 -7 -8 9 -1 -10 -11 -3 -14
right_child=1 3 4 -5 5 6 7 -9 10 11 -12 -13 13 -15
leaf_value=-0.0052321545573496163 -0.0024938590591759889 -0.0056978962407976882 0.0044152211642922443 -0.0033035168684971889 0.0040484546710660933 -0.0028379003955688663 -0.00065847829160382257 0.0074179014542799524 -0.00055385804107095551 0.0079301234673940287 0.00045957049858036294 0.0015807781461532372 0.0026325766020832207 8.6610110343717927e-05
leaf_weight=241.57475183904171 3491.3089217996458 101.08493653940968 219.87540516396984 473.82575744367205 212.9137205502484 1017.1933286965359 294.07379726483487 91.997774673392996 11159.346640976146 173.56512231007218 30076.743004473858 3451.4000314027071 1243.1564276632853 7580.4229053298477
leaf_count=1870 93921 7598 6282 17547 4382 20475 5637 1802 72861 1101 219246 20203 55224 209472
internal_value=0.000102136 -0.000494288 -0.00163229 0.00015599 2.86979e-05 -0.00068266 -0.00151509 0.00189593 0.000297197 0.00147637 0.000184977 0.00198855 0.000357043 0.000458125
internal_weight=59828.5 14725.9 5327.36 9398.49 1836.05 1616.18 1403.26 386.072 45102.6 3866.54 41236.1 3624.97 8924.66 8823.58
internal_count=737621 422340 132499 289841 38578 32296 27914 7439 315281 23174 292107 21304 272294 264696
is_linear=0
shrinkage=0.03


Tree=208
num_leaves=15
num_cat=0
split_feature=20 16 21 34 19 4 5 27 20 7 18 4 34 13
split_gain=6.40303 6.75927 12.2877 8.38001 15.5742 8.02553 7.67799 7.31344 8.20106 6.60484 7.63755 7.20898 6.55146 7.61418
threshold=6.5000000000000009 74.550000000000011 0.3585714285714286 -0.0021015041310049162 0.71376262626262499 2.2583333333333333 9.5000000000000018 190.50000000000003 143.50000000000003 5.5000000000000009 -5.3333333333333384 2.4852941176470584 -0.016483316578149023 61.550000000000004
decision_type=8 8 10 2 10 2 2 10 10 10 10 2 2 8
left_child=-1 2 3 4 9 -5 7 8 12 10 11 -2 -6 -14
right_child=1 -3 -4 5 6 -7 -8 -9 -10 -11 -12 -13 13 -15
leaf_value=0.0022867621452081232 -0.0037551653466249895 8.8602339174083896e-05 -0.0079009071796320943 0.00059306566843319436 0.00070415272110104616 -0.0040566254970178482 0.0047566418439305824 0.0025623104648301309 0.0034414287234532646 -0.0078795757874284573 0.0049369808180002592 0.0055010544328483769 0.00098522823333631868 -0.0050698880845359831
leaf_weight=1028.4368890073383 1325.0383951792028 50090.059848748962 165.15828864695504 4297.7604037937708 412.39429132436635 312.05518559715711 220.494123225566 455.5185338142328 208.1468409684021 259.42667895648628 65.074976701755077 37.119085572427139 224.74863217561506 752.60458069248125
leaf_count=12673 42507 565847 2002 74942 4260 3396 3247 4883 2588 9728 829 761 2418 7808
internal_value=-3.97768e-06 -4.59343e-05 -0.000813488 -0.000631873 -0.00163487 0.000238161 -1.07407e-06 -0.00061288 -0.00156833 -0.00377407 -0.00278638 -0.00331709 -0.00241211 -0.00369729
internal_weight=59854 58825.6 8735.54 8570.38 3960.57 4609.82 2273.91 2053.41 1597.89 1686.66 1427.23 1362.16 1389.75 977.353
internal_count=737889 725216 159369 157367 79029 78338 25204 21957 17074 53825 44097 43268 14486 10226
is_linear=0
shrinkage=0.03


Tree=209
num_leaves=15
num_cat=0
split_feature=19 30 12 29 2 12 15 35 34 2 34 19 25 4
split_gain=5.67794 8.58282 9.41786 7.91564 7.42304 6.10358 7.24988 9.94784 9.71599 8.842 7.76364 7.58783 7.40536 7.24588
threshold=8.3333333333333339 62.500000000000007 63.750000000000007 0.071183561355743386 5.5000000000000009 88.65000000000002 81.983333333333363 2.5000000000000004 -0.00023457293910547484 7.5000000000000009 -0.0049366002408557262 10.525000000000004 0.10405177572803799 1.2290209790209803
decision_type=10 8 10 10 8 10 10 2 2 8 2 10 10 2
left_child=-1 4 3 -3 -2 6 7 9 12 10 11 -4 -8 -7
right_child=1 2 5 -5 -6 13 8 -9 -10 -11 -12 -13 -14 -15
leaf_value=-9.1682694277125571e-05 0.0010962465961280787 -0.0021495871776546112 -0.0028830586604548535 0.0069122032687297871 0.0083756638740253696 0.0059879993774101985 -0.0042887049500595874 -0.0020216234587522946 -0.0037379070164004326 -0.001418700363529368 0.0027812016596668165 0.0020150828226540604 0.0027804544158918651 -0.00026401776997992857
leaf_weight=51370.572164811922 304.6826794357039 89.571815446484834 488.31629997491837 294.11457290500402 188.99001149274409 296.77669115178287 130.3466828763485 1077.8808021447621 895.0039191711694 915.77749142423272 2352.1688393875957 554.86172965914011 477.55933840246871 313.74077649321407
leaf_count=687097 2029 740 2515 2005 1210 1525 787 11104 4807 4466 11389 2676 2570 1734
internal_value=2.66504e-05 0.000748308 0.000493637 0.00479279 0.00439698 0.000243497 -2.03791e-05 0.000495948 -0.00182814 0.00114136 0.00184242 -0.000304755 0.00105395 0.00299835
internal_weight=59750.4 8379.79 7886.12 383.686 493.673 7502.43 6891.92 5389.01 1502.91 4311.12 3395.35 1043.18 607.906 610.517
internal_count=736654 49557 46318 2745 3239 43573 40314 32150 8164 21046 16580 5191 3357 3259
is_linear=0
shrinkage=0.03


Tree=210
num_leaves=15
num_cat=0
split_feature=20 33 0 33 16 5 16 33 10 27 15 15 9 12
split_gain=8.56498 10.0771 5.22978 8.78209 6.59581 15.8026 11.64 8.42894 8.36342 7.32057 8.25183 7.53386 8.78096 7.68617
threshold=328.50000000000006 317.50000000000006 10.500000000000002 3237.5000000000005 86.550000000000011 2.5000000000000004 87.350000000000009 3550.5000000000005 127.50000000000001 -479.49999999999994 70.641666666666694 68.641666666666694 37.500000000000007 67.15000000000002
decision_type=10 2 2 2 10 2 10 2 2 10 10 10 2 10
left_child=2 -2 4 -4 -1 7 -7 8 -6 -8 11 12 13 -11
right_child=1 -3 3 -5 5 6 9 -9 -10 10 -12 -13 -14 -15
leaf_value=-0.00052114350023567261 -0.0072743171394030592 0.0011837290432139816 0.00045108433547424656 -0.0022687381760406683 0.0048122480711147806 0.0027468339021569253 0.0046696185745539135 -0.0030352325751534627 0.0013031857137663311 -0.0014757467589105982 -0.0012069499640854806 0.0078945296433302198 -0.004114973264913115 0.010430308020620513
leaf_weight=27230.058794186858 266.6180701223202 190.97398398327641 20506.292911667144 1077.7652545375749 1018.4553615921177 919.85542883258313 167.67264207056724 206.60582681326196 1555.7739318762906 73.957556013134308 6307.4640098002274 123.69439328927547 162.3054963205941 50.702899837167934
leaf_count=309938 5692 2852 310726 12044 8756 8742 2355 1497 13301 1287 55355 1582 2473 654
internal_value=-9.50275e-05 -0.0039755 -6.1816e-05 0.000310345 -0.000274359 0.000359875 -0.000334488 0.0022804 0.00275673 -0.000762949 -0.000932031 0.00296322 -1.83969e-05 0.00496639
internal_weight=59858.2 457.592 59400.6 21584.1 37816.5 10586.5 7805.65 2780.84 2574.23 6885.8 6718.12 410.66 286.966 124.66
internal_count=737254 8544 728710 322770 405940 96002 72448 23554 22057 63706 61351 5996 4414 1941
is_linear=0
shrinkage=0.03


Tree=211
num_leaves=15
num_cat=0
split_feature=27 30 24 8 8 30 15 13 24 28 20 21 31 27
split_gain=6.30282 8.68614 5.27649 9.53149 12.653 13.8394 11.2932 8.92642 7.76277 8.73565 7.90218 8.87443 8.29923 7.05142
threshold=642.50000000000011 291.50000000000006 0.059582491000730049 1.0000000180025095e-35 1.5000000000000002 1730.5000000000002 77.683333333333351 78.250000000000014 0.032194011467874227 4.7500000000000009 140.50000000000003 0.25866188769414583 0.012640542604945661 120.50000000000001
decision_type=10 10 10 2 2 10 10 10 8 10 10 10 8 10
left_child=2 -2 8 -4 5 -5 -7 -6 -1 10 11 -10 13 -12
right_child=1 -3 3 4 7 6 -8 -9 9 -11 12 -13 -14 -15
leaf_value=-0.00029610680977756561 -0.0090148738356935175 0.00088434991849236668 0.0064858542290277916 -0.0063209276814479637 -0.00045922479996935058 0.0051145643925487889 -0.0033794793550833693 0.0004702872997773696 0.00074465833152200802 0.004626914164536376 0.0059886124097044968 -0.0028528212653058794 -0.0024102102198876167 -0.0034773358319245759
leaf_weight=7518.4246009977069 112.00083666085266 141.28606650070287 145.31331004248932 564.09941564151086 21984.557027784525 205.7054868764244 264.3940338161774 16037.848371717846 11037.845379299251 498.20530138374306 566.9385106874397 604.80605658632703 135.95299572474323 47.336732185911387
leaf_count=168153 1638 2163 1114 5500 229390 2170 2104 141702 158625 5268 9723 7627 1890 805
internal_value=5.63846e-05 -0.00425753 7.8267e-05 -0.000125407 -0.000158266 -0.00335395 0.000471706 -6.70539e-05 0.000468828 0.000914379 0.000747139 0.000546378 0.0036339 0.00505232
internal_weight=59864.7 253.287 59611.4 39201.9 39056.6 1034.2 470.1 38022.4 20409.5 12891.1 12392.9 11642.7 750.228 614.275
internal_count=737872 3801 734071 381980 380866 9774 4274 371092 352091 183938 178670 166252 12418 10528
is_linear=0
shrinkage=0.03


Tree=212
num_leaves=15
num_cat=0
split_feature=5 21 24 1 1 5 13 15 10 32 12 29 29 6
split_gain=7.03576 7.35698 11.101 6.9546 10.3694 7.03646 6.55552 9.01908 9.06173 7.85537 8.34334 9.41628 6.43444 6.92839
threshold=10.500000000000002 0.25866188769414583 0.23184664122188556 2111.0000000000005 1204.5000000000002 8.5000000000000018 90.050000000000011 84.641666666666694 299.50000000000006 0.12933962618813402 84.550000000000011 0.15329527136572474 0.10289186203684773 0.7947368421052633
decision_type=2 10 10 2 2 2 10 10 2 2 10 10 10 2
left_child=1 -1 6 4 5 -4 7 8 -3 10 -8 -12 13 -9
right_child=-2 2 3 -5 -6 -7 9 12 -10 -11 11 -13 -14 -15
leaf_value=8.2342321389403618e-06 0.0012457391872935234 -0.0021676442678098349 0.0024993017963767881 0.0072847931309287847 -0.0017567973921432066 -0.0035493453846303599 -0.0042933280666045169 -0.0095423676975008517 0.001893370316837797 -0.0012715513820516047 0.010026312529371886 -0.0026291590489293205 -0.0027895425872976058 0.00070978846083057285
leaf_weight=48290.273097914644 3497.5250331576681 2445.4883637104649 1397.2950343105476 79.825443723704666 1301.686840172857 152.2438116655685 40.087935169460252 275.20006537553854 575.54359088046476 604.44115312141366 148.46179337892681 48.221023441758007 866.01547265169211 64.491782389115542
leaf_count=607999 59365 26239 9292 524 8799 1183 512 2833 5723 5481 1452 399 7210 625
internal_value=-5.01633e-05 -0.000131718 -0.000971418 0.000493284 0.000180873 0.00181264 -0.00181507 -0.00229196 -0.00137574 0.000575249 0.00468954 0.00701955 -0.00444146 -0.00775462
internal_weight=59786.8 56289.3 7999 2931.05 2851.23 1549.54 5067.95 4226.74 3021.03 841.212 236.771 196.683 1205.71 339.692
internal_count=737636 678271 70272 19798 19274 10475 50474 42630 31962 7844 2363 1851 10668 3458
is_linear=0
shrinkage=0.03


Tree=213
num_leaves=15
num_cat=0
split_feature=18 11 29 25 27 25 8 7 10 31 4 11 30 34
split_gain=7.11116 9.65726 10.5748 9.15456 8.46248 8.40873 8.26462 6.97994 6.92185 6.71316 10.2739 6.45821 7.31799 7.16214
threshold=-5.6333333333333355 31.500000000000004 0.11648220410163088 0.098226578055574373 -425.49999999999994 0.10053907781906281 1.5000000000000002 8.5000000000000018 41.500000000000007 0.035914104134718496 1.4522727272727283 17.500000000000004 72.500000000000014 -0.022205133030866981
decision_type=8 2 8 10 8 8 2 10 2 10 2 2 8 2
left_child=5 4 3 -3 8 6 -1 9 -2 11 -11 -6 -13 -14
right_child=1 2 -4 -5 7 -7 -8 -9 -10 10 -12 12 13 -15
leaf_value=-0.0048057620373658343 -0.003049725064039212 0.00052527450748374757 -0.00070628859783792046 0.0056250639470740941 0.00019289179411083695 -0.0010213413793221787 0.00033897516571386699 -0.005423622948578218 0.0040638073219603525 0.0051444852432012212 -0.0020758618762088689 0.0037972148437275307 0.0036189633748467693 -0.0014464740999151804
leaf_weight=239.60673012316693 108.48525061970577 515.90659457771108 713.8733668809291 819.62535822228529 30217.106824729592 10926.841340731742 9506.1810364235425 158.30283500277437 727.24765296489932 490.8746856963262 230.46071722079068 230.88140327949077 217.95650414982811 4814.8741455755662
leaf_count=7445 1407 5832 6375 8317 256871 160489 226873 2018 9153 3791 1539 1892 2009 44064
internal_value=-2.17891e-06 0.00023496 0.00221465 0.0037451 0.000123059 -0.000451853 0.000188604 5.24086e-05 0.00302038 8.38013e-05 0.00285262 2.35754e-05 -0.000941079 -0.00119366
internal_weight=59918.2 39245.6 2049.41 1335.53 37196.2 20672.6 9745.79 36360.5 835.733 36202.2 721.335 35480.8 5263.71 5032.83
internal_count=738075 343268 20524 14149 322744 394807 234318 312184 10560 310166 5330 304836 47965 46073
is_linear=0
shrinkage=0.03


Tree=214
num_leaves=15
num_cat=0
split_feature=11 29 18 4 19 22 29 32 15 33 34 23 31 0
split_gain=6.23852 7.88346 9.68907 6.18522 5.63786 4.93907 8.10595 6.77995 8.64108 10.4803 8.21657 7.83087 14.4011 9.00598
threshold=56.500000000000007 0.11648220410163088 -12.833333333333337 4.5156250000000009 4.0089898989898929 10.500000000000002 0.10934610275369867 0.14944694295990055 82.116666666666688 749.50000000000011 -0.0078718405207633211 8.7050000000000018 -0.00084683756262940652 11.500000000000002
decision_type=2 8 10 2 8 8 8 2 10 2 2 10 8 2
left_child=3 2 -2 5 -5 -1 -7 8 9 11 -11 12 -8 -13
right_child=1 -3 -4 4 -6 6 7 -9 -10 10 -12 13 -14 -15
leaf_value=0.00019977010490533604 -0.0044994550344140136 -0.0026063088777934919 0.0079662880101015795 -0.0067066432118036709 -0.00092102194764066619 -0.0016589391671114947 0.006226673121401319 -0.001373747490903979 -0.0049104593412858145 -0.0016535582298410352 0.0067832950495998997 0.0076101747672907153 -0.0022628651281737309 -0.0036376699400869645
leaf_weight=52086.377679399244 34.971108854049817 101.95597815304063 248.26128133339807 167.20440467842855 570.63040568446741 3465.6391445142217 172.29091593786143 1150.4399436351378 129.55652876407839 108.4169677363243 470.92480858997442 183.9794957304839 900.05901091289707 54.094205536879599
leaf_count=617662 1445 1282 3649 2193 4093 70284 2000 9890 1836 1269 5661 3039 11727 1363
internal_value=9.23197e-05 0.00367121 0.00598295 6.607e-05 -0.00257456 0.000101411 -0.000666401 0.000427693 0.0014624 0.00201461 0.0051985 0.000467679 -0.000682249 0.00486669
internal_weight=59844.8 385.188 283.232 59459.6 737.835 58721.8 6635.4 3169.76 2019.32 1889.77 579.342 1310.42 1072.35 238.074
internal_count=737393 6376 5094 731017 6286 724731 107069 36785 26895 25059 6930 18129 13727 4402
is_linear=0
shrinkage=0.03


Tree=215
num_leaves=15
num_cat=0
split_feature=20 33 20 23 12 29 16 5 1 15 5 27 29 17
split_gain=5.76022 6.16634 5.39419 7.87421 8.76143 8.07471 8.04579 7.97581 7.92 6.5046 8.46167 6.45002 10.6646 12.38
threshold=342.50000000000006 1045.5000000000002 9.5000000000000018 0.89500000000000013 76.350000000000009 0.074660597283968136 83.65000000000002 4.5000000000000009 1106.5000000000002 60.233333333333341 4.5000000000000009 -101.49999999999999 0.12493638017781176 74.901639344262307
decision_type=10 2 8 10 10 8 10 2 2 10 2 8 8 10
left_child=2 -2 3 7 5 -5 9 -1 -6 10 -7 12 13 -4
right_child=1 -3 11 4 8 6 -8 -9 -10 -11 -12 -13 -14 -15
leaf_value=0.00044788215249863853 -0.0049213771186784085 0.0032778762750989556 -0.0026079336986297671 -0.0013141747542335179 0.0041782382065715896 -0.00041630247859627867 0.0052989992799229524 0.0052733986157200534 -0.0027794450616969533 9.0361335104910845e-05 0.0090051938927613942 0.00014793088863927341 0.00071616782083685994 9.7283667857291493e-05
leaf_weight=580.90750979329459 331.51726865605451 67.671206837054342 3468.9653226120863 785.52106341801118 126.04865966760553 149.98342073755339 505.80043129436672 632.12138021248393 993.65169158449862 1302.566116314847 138.10735533246771 45069.921480004297 3066.268046598183 2677.4219433628023
leaf_count=4317 6673 875 61304 14825 1103 2814 5947 5415 9597 14893 3422 542646 30251 33874
internal_value=6.33427e-05 -0.00332128 8.8821e-05 0.00100567 0.000349207 0.00122104 0.00217945 0.00307172 -0.00185107 0.00105623 0.00476407 -1.01112e-07 -0.000721189 -0.00143824
internal_weight=59896.5 399.188 59497.3 5214.71 4001.68 2881.98 2096.46 1213.03 1119.7 1590.66 288.091 54282.6 9212.66 6146.39
internal_count=737956 7548 730408 62333 52601 41901 27076 9732 10700 21129 6236 668075 125429 95178
is_linear=0
shrinkage=0.03


Tree=216
num_leaves=15
num_cat=0
split_feature=5 0 32 29 9 18 21 16 12 4 25 15 9 12
split_gain=8.01124 13.4694 12.0214 13.6882 11.3314 9.54369 9.09754 10.3206 9.62655 8.72432 8.6747 8.55247 8.52381 8.14597
threshold=3.5000000000000004 8.5000000000000018 0.16305927466528017 0.14243456085106876 58.500000000000007 -2.4000000000000017 0.37715517241379315 96.050000000000011 77.250000000000014 1.3038461538461521 0.12714112610637471 83.816666666666691 32.500000000000007 79.050000000000011
decision_type=2 2 2 8 2 8 10 10 10 2 8 10 2 8
left_child=6 5 3 9 -4 -2 8 -8 -1 -3 11 -11 -5 -6
right_child=1 2 4 12 13 -7 7 -9 -10 10 -12 -13 -14 -15
leaf_value=-0.00080447565532941337 -0.0014564588958432736 0.0015958334531936116 0.001415374842682448 -0.0031314625189183872 0.00015408762935831751 0.00034459947342094547 -0.0036078321576264081 0.0041450874966033925 0.00056521781291660395 -0.00040323024253824245 0.0013974449484922731 -0.0058637741020169769 4.9995079190431032e-05 -0.0032642762394709192
leaf_weight=11776.187330033252 5684.2881525743287 14477.117232405231 1235.7802866159473 899.54186290502548 983.42950990679674 4890.4304642723873 1254.0772572192363 133.14362697163597 7532.1530614555813 2608.1853367333533 2712.442706140806 237.7463592228014 3748.25409339834 1662.1668479919899
leaf_count=153899 70383 252700 11257 8551 9278 33563 9522 959 65464 37993 28367 3244 37563 14754
internal_value=3.45211e-05 0.000286847 0.000625226 0.000869295 -0.000918224 -0.000625832 -0.000442218 -0.0027454 -0.000270081 0.00120904 0.000196353 -0.000952764 -0.000592525 -0.0020143
internal_weight=59834.9 39139.4 28564.7 24683.3 3881.38 10574.7 20695.6 1387.22 19308.3 20035.5 5558.37 2845.93 4647.8 2645.6
internal_count=737497 507653 403707 368418 35289 103946 229844 10481 219363 322304 69604 41237 46114 24032
is_linear=0
shrinkage=0.03


Tree=217
num_leaves=15
num_cat=0
split_feature=5 32 25 31 28 8 8 13 13 24 14 32 14 3
split_gain=4.73059 6.97658 5.81052 5.33753 5.22566 7.91517 8.37694 6.70509 8.96503 8.74634 6.69934 6.30377 7.09531 9.47372
threshold=12.500000000000002 0.15502337724760223 0.18203286932693108 -0.005236774442834719 -1.0000000180025095e-35 1.0000000180025095e-35 1.5000000000000002 67.550000000000011 74.050000000000011 0.22200554282653107 69.65000000000002 0.16863249155703416 90.250000000000014 56.750000000000007
decision_type=2 2 8 10 10 2 2 10 10 10 8 2 10 2
left_child=4 2 3 -2 11 -6 7 -7 10 -10 -9 12 -1 -14
right_child=1 -3 -4 -5 5 6 -8 8 9 -11 -12 -13 13 -15
leaf_value=0.00036695543918694373 -0.0025900543256593259 0.0066410835465763041 -0.0036730197378448395 0.0038191164483928025 0.0062012138517961784 -0.0060430317054335275 -0.0002298808806067233 -0.0032820723786390867 -0.0055426527202348634 0.0026978871121580302 0.007879550882306189 -0.0010279308519456438 0.00071296581834505142 0.0076929898266426683
leaf_weight=20321.143888371065 121.48927753977478 181.6212731350679 165.2583891924005 374.22793823212851 118.99240496079437 350.09721428609919 34082.809676457342 38.150338051142171 303.02486181491986 136.03151937923394 100.1502014589496 2802.0621416387148 493.62420183862559 231.50244589382783
leaf_count=291292 3185 2292 2441 7826 996 5627 386961 516 2917 917 1088 23580 5400 2516
internal_value=-1.26438e-05 0.00215503 0.000542017 0.00215498 -4.54121e-05 -0.000277929 -0.000308762 -0.00304751 -0.000894231 -0.00297471 0.00474667 0.000296956 0.000475368 0.00329389
internal_weight=59820.2 842.597 660.976 495.717 58977.6 35129.3 35010.3 927.454 577.357 439.056 138.301 23848.3 21046.3 725.127
internal_count=737554 15744 13452 11011 721810 399022 398026 11065 5438 3834 1604 322788 299208 7916
is_linear=0
shrinkage=0.03


Tree=218
num_leaves=15
num_cat=0
split_feature=7 29 29 15 20 16 13 13 13 5 3 23 14 20
split_gain=6.911 8.98165 13.2593 7.14749 8.15621 6.45233 7.2646 7.92164 8.59714 7.87561 9.44867 8.02821 7.31336 7.21847
threshold=6.5000000000000009 0.088778466375315848 0.090450237183204066 61.616666666666674 14.500000000000002 78.65000000000002 71.050000000000011 73.250000000000014 73.450000000000017 10.500000000000002 59.250000000000007 -0.79499999999999993 77.750000000000014 20.500000000000004
decision_type=10 10 10 10 10 8 8 8 8 2 2 10 8 10
left_child=5 3 -3 -2 -5 -1 -7 9 13 10 11 -8 -12 -9
right_child=1 2 -4 4 -6 6 7 8 -10 -11 12 -13 -14 -15
leaf_value=-0.00054840810204460824 -0.0068344229610710653 0.0085516573682883745 -0.00056048233167614527 0.00036580221189344152 -0.003531759796484877 0.0011850022742999925 0.0033130746882554349 8.6053575572156801e-05 7.2205639003019664e-05 -0.0081985527001824949 -0.00062798341293237203 -0.0031682090990701899 0.0066872123435567877 0.010284113181457258
leaf_weight=16163.484467736183 270.42951988580171 100.71920606959611 3051.2075253071962 828.0201114580268 1082.1781865778612 5353.4421832282096 155.91743319248781 116.3071438013576 30767.30402963364 111.61735842446797 279.71513445628807 1293.3961038131965 159.3407080846373 87.113399314461276
leaf_count=243916 9324 1748 44307 13713 22029 69647 1323 1217 309116 1669 2566 14999 1418 966
internal_value=-0.000148015 -0.00117354 -0.000140313 -0.00263036 -0.00187603 -4.66659e-05 0.000165386 -1.71208e-06 0.00011765 -0.00180787 -0.0012284 -0.00238372 0.00243909 0.0056207
internal_weight=59820.2 5332.55 3151.93 2180.63 1910.2 54487.6 38324.2 32970.7 30970.7 1999.99 1888.37 1449.31 439.056 203.421
internal_count=737958 91121 46055 45066 35742 646837 402921 333274 311299 21975 20306 16322 3984 2183
is_linear=0
shrinkage=0.03


Tree=219
num_leaves=15
num_cat=0
split_feature=3 23 23 0 18 26 26 27 15 32 11 11 29 10
split_gain=6.10539 6.63954 9.09339 7.30743 7.29961 7.29166 5.9594 6.54932 7.01717 10.6517 6.92655 6.2419 6.15246 10.1439
threshold=56.750000000000007 -2.5149999999999992 -0.99499999999999988 5.5000000000000009 -0.45833333333332854 0.55077781519659952 -0.012466967750203098 289.50000000000006 58.641666666666673 0.053734358510477927 9.5000000000000018 34.500000000000007 0.095836837649273365 135.50000000000003
decision_type=2 8 8 2 10 10 10 10 8 2 2 2 10 2
left_child=1 -1 5 4 -4 -3 7 8 9 -5 -11 -12 13 -8
right_child=-2 2 3 6 -6 -7 12 -9 -10 10 11 -13 -14 -15
leaf_value=-0.0029543328116645221 -0.00024949711295213159 -0.003076881940633513 -0.0046352662718736901 -0.0031752474802774909 0.0029382871566572349 0.0039069348079947821 -0.0063499284118106961 0.0024581008633275813 0.00026778814145212489 0.0017715428818003615 0.0094951189536585951 -0.0022321981742144483 0.00033979678950993243 -0.00023672034357005267
leaf_weight=477.50159187242389 37166.73185128381 117.11131492443383 434.48911763099022 160.49381828692276 112.34681625943631 977.53146691969596 370.73708179348614 1489.3890705112135 15988.888693283312 391.56535795924719 233.41328589688055 28.186652096919715 1261.9272782250773 592.19785176799633
leaf_count=3694 406979 818 4046 6415 578 9283 10794 23246 217311 10342 5701 767 18952 18444
internal_value=-1.30449e-05 0.000374891 0.000453124 0.000310832 -0.00296349 0.003058 0.000405095 0.000583875 0.000410942 0.00304564 0.00469131 0.00807611 -0.00104529 -0.00278761
internal_weight=59802.5 22635.8 22158.3 21063.6 546.836 1094.64 20516.8 18291.9 16802.5 813.659 653.165 261.6 2224.86 962.935
internal_count=737370 330391 326697 316596 4624 10101 311972 263782 240536 23225 16810 6468 48190 29238
is_linear=0
shrinkage=0.03


Tree=220
num_leaves=15
num_cat=0
split_feature=29 1 24 28 28 17 32 3 4 0 11 21 32 13
split_gain=7.34906 5.90613 7.47697 5.9774 8.27159 6.41838 6.25313 5.74913 5.97141 6.17507 5.53671 9.64485 14.1714 9.1744
threshold=0.050708238032181704 1471.0000000000002 0.019672763939230519 0.75000000000000011 -1.0000000180025095e-35 61.827619047619059 0.12093173973986045 55.750000000000007 -1.6485294117647056 11.500000000000002 29.500000000000004 0.10275263951734541 0.05098820404655887 65.15000000000002
decision_type=8 2 8 8 10 10 2 2 2 2 2 8 2 10
left_child=1 2 -1 4 -4 -6 -5 8 -3 -10 -2 12 13 -12
right_child=10 7 3 6 5 -7 -8 -9 9 -11 11 -13 -14 -15
leaf_value=-0.0056683760608982961 1.5041707890835204e-05 -0.0043965928736704185 -0.000723989081092141 -0.0036314456641137307 -0.0024024132192482653 0.0075251082292584742 0.0038194999633594582 -0.0064885784022913392 0.0080508109148306438 -0.0043326241166935318 -0.0011393384693226137 0.0023609537548321922 -0.0017135565533499067 0.0086979293738918533
leaf_weight=180.82877780776471 53750.961563841207 76.387476657517254 414.16948692419101 418.68592127086595 49.038477032445371 220.49451876361854 85.553140608593822 326.91293670970481 62.046779684606008 16.24899335578084 122.19284632103518 2410.1351100810571 1512.3567812906113 170.62537224590778
leaf_count=7668 634679 2596 8281 7904 1291 3491 990 6617 1412 620 3529 32731 22367 3192
internal_value=3.75116e-05 -0.00179831 -0.000726806 0.000223963 0.00199197 0.00562561 -0.00213674 -0.00448887 0.000290015 0.00479389 9.76129e-05 0.00113799 -0.000514447 0.0050254
internal_weight=59816.6 1850.37 1368.77 1187.94 683.702 269.533 504.239 481.596 154.683 78.2958 57966.3 4215.31 1805.17 292.818
internal_count=737368 40870 29625 21957 13063 4782 8894 11245 4628 2032 696498 61819 29088 6721
is_linear=0
shrinkage=0.03


Tree=221
num_leaves=15
num_cat=0
split_feature=20 33 12 30 15 16 18 34 18 27 13 14 32 12
split_gain=4.80777 9.30006 5.74796 5.40651 4.77906 9.00911 8.22211 7.88664 10.6083 8.97127 7.85804 7.27259 9.81547 9.6673
threshold=321.50000000000006 553.50000000000011 71.550000000000011 1034.5000000000002 78.816666666666691 88.350000000000009 -13.166666666666666 0.0067817683125451248 -4.7666666666666613 9.5000000000000018 84.550000000000011 75.050000000000011 0.15916004059278061 85.950000000000017
decision_type=10 2 10 10 10 10 10 2 10 10 10 8 2 10
left_child=4 3 -3 -2 5 10 -7 8 -8 -10 -1 12 13 -6
right_child=1 2 -4 -5 11 6 7 -9 9 -11 -12 -13 -14 -15
leaf_value=0.00011151612271590267 -0.0068877644696166028 -0.0036822499232008624 0.0060032839265304842 0.0014566449225248751 0.00086533218634273282 -0.0018163434595619683 0.0034084257055332161 0.0053238782980430778 -0.0047692697043582085 0.0025565678185419331 0.0051740063749803585 -0.00043173205519752878 -0.0032020057468199626 0.0083080962480016375
leaf_weight=37350.345199563308 275.96525145065971 44.969962382223457 103.58230738085695 69.382134759565815 375.70144571107812 385.99034534103703 829.74976418912411 673.01762641477399 315.65872756065801 214.14380878116935 228.04376068990678 18546.391034223489 175.51085599604994 237.38443980249576
leaf_count=511258 5573 821 1244 1547 3559 9120 12154 7532 2607 1759 2395 174175 1331 2117
internal_value=5.18222e-05 -0.00275599 0.00288234 -0.00523913 7.74962e-05 0.000264605 0.00202032 0.00277503 0.00136919 -0.00184308 0.000149072 -0.000309247 0.00242537 0.00415631
internal_weight=59825.8 493.9 148.552 345.347 59331.9 39996.9 2418.56 2032.57 1359.55 529.803 37578.4 19335 788.597 613.086
internal_count=737192 9185 2065 7120 728007 546825 33172 24052 16520 4366 513653 181182 7007 5676
is_linear=0
shrinkage=0.03


Tree=222
num_leaves=15
num_cat=0
split_feature=14 6 13 32 23 33 33 14 27 21 23 32 33 11
split_gain=6.28858 8.68967 7.05942 10.0041 8.25765 8.68295 9.06098 8.93469 7.9597 7.32553 6.95744 6.34293 6.21152 7.79506
threshold=76.950000000000017 0.91987179487179505 75.950000000000017 0.13604301447935924 9.1050000000000022 322.50000000000006 2138.5000000000005 72.15000000000002 -9.4999999999999982 0.35388994307400384 2.2050000000000005 0.14024017485770193 322.50000000000006 6.5000000000000009
decision_type=8 2 10 2 10 2 2 10 10 10 10 2 2 2
left_child=2 -2 12 9 5 7 10 8 -5 -4 -7 -8 13 -1
right_child=1 -3 3 4 -6 6 11 -9 -10 -11 -12 -13 -14 -15
leaf_value=0.001813293990409513 -0.00050417359708225941 0.0010223393107681689 0.0020325255088474237 -0.0010660080515767934 -0.0072647176100258922 -0.0045630976957146208 -0.0041269151776296828 -0.00063573070056617965 0.0098978593741453971 -0.0039734704997075251 0.00013370349839487023 0.0039760876113438407 -0.00059615553394387003 -2.7698208229166682e-05
leaf_weight=2821.5022106918041 29961.597416478093 3731.7795650967164 4831.9086202408653 70.943298822501674 106.27864154102281 632.60317403683439 67.560422634705901 269.22980719571933 158.02982961060479 144.79314152803272 481.15500804688781 348.26780727924779 8851.2103574875509 7410.0822263889713
leaf_count=47346 333713 43403 54397 616 1256 4624 604 2244 1306 1356 4480 2863 116944 122930
internal_value=-6.29991e-05 -0.000333837 0.000285358 0.00108858 -0.000619726 -0.000105017 -0.00123158 0.00315062 0.00691867 0.00182 -0.00261546 0.00235792 -1.6007e-05 0.00048633
internal_weight=59886.9 33693.4 26193.6 7110.77 2134.07 2027.79 1529.59 498.203 228.973 4976.7 1113.76 415.828 19082.8 10231.6
internal_count=738082 377116 360966 73746 17993 16737 12571 4166 1922 55753 9104 3467 287220 170276
is_linear=0
shrinkage=0.03


Tree=223
num_leaves=15
num_cat=0
split_feature=13 16 7 6 1 3 18 1 32 18 29 3 32 23
split_gain=9.76237 8.55539 10.5129 7.39209 7.49329 6.71293 6.65777 8.29164 11.1745 7.92441 8.00318 8.18355 7.78514 12.5555
threshold=66.350000000000009 72.750000000000014 5.5000000000000009 0.59411764705882364 965.00000000000011 64.250000000000014 -5.9999999999999778 1055.0000000000002 0.15837810065969299 -7.9666666666666641 0.083985316357990072 54.250000000000007 0.057782794080762485 1.5750000000000004
decision_type=8 10 8 2 2 2 8 2 2 10 10 2 2 10
left_child=1 2 3 4 -1 -3 9 8 -8 -2 11 -11 13 -9
right_child=6 5 -4 -5 -6 -7 7 12 -10 10 -12 -13 -14 -15
leaf_value=0.0055033038183650929 -0.00015808288880307339 0.0017517451083828147 -0.0046056432230676464 0.0019708892805093072 -0.0016567223650399711 -0.0032238668264927698 0.0017386640408241123 -0.0015882373173836406 -0.0015944561220617684 0.0056507060934830981 -0.0023572804830985813 -0.00066227725581439003 -0.0002568918179597412 0.0037046302106069494
leaf_weight=95.433090860256925 8015.7321586548351 5860.7177146102767 400.68172951706219 1280.1609782676678 1453.4290585033596 209.82375682704151 4591.4973447893281 594.8166737438878 1082.8436706396751 172.92482243455015 3750.2942001386546 1038.3350490604062 30209.840914414264 1069.2412138616201
leaf_count=1533 166062 94750 11432 29079 31262 2100 43108 7801 7205 3097 47330 17036 263641 12441
internal_value=4.8421e-06 0.000895372 -0.000348959 0.000323442 -0.00105725 0.00155484 -0.000159801 4.28872e-05 0.00109423 -0.00074417 -0.00168001 0.000427274 -0.000145698 0.00182156
internal_weight=59825.8 9300.25 3229.7 2829.02 1548.86 6070.54 50525.5 37548.2 5674.34 12977.3 4961.55 1211.26 31873.9 1664.06
internal_count=737877 170156 73306 61874 32795 96850 567721 334196 50313 233525 67463 20133 283883 20242
is_linear=0
shrinkage=0.03


Tree=224
num_leaves=15
num_cat=0
split_feature=4 6 32 17 20 6 33 33 20 29 13 13 29 30
split_gain=4.92881 8.23238 9.28975 7.47182 6.25685 4.97765 12.828 9.06225 8.14945 7.10295 6.92111 7.61638 6.95839 6.87461
threshold=4.5156250000000009 0.30217391304347835 0.093808180832263277 82.171714285714316 7.5000000000000009 0.10263157894736843 22.500000000000004 644.50000000000011 143.50000000000003 0.052801236492138366 79.750000000000014 82.550000000000011 0.10001745200698083 248.50000000000003
decision_type=2 2 2 8 10 2 2 2 10 8 10 10 10 10
left_child=5 2 -2 -4 -3 6 13 9 10 -8 -9 -12 -13 -1
right_child=1 4 3 -5 -6 -7 7 8 -10 -11 11 12 -14 -15
leaf_value=0.0088282206567139605 -0.0055448323784573449 0.003245331729497172 0.009400507105694178 -0.0020577388703680527 -0.0052327395720178655 6.7209717922689709e-06 0.0040772222669086889 -0.0024726683885869048 0.0070775282874744128 -0.0035629750051665425 0.0076759590608457455 0.0062115945060993473 -0.0029311393250788529 -0.0014935822332630341
leaf_weight=118.18964720529038 51.193153876345605 56.807545572752133 96.506081208121032 55.402167159598321 505.73060368793085 56048.044807913247 76.4399427176686 617.76407093950547 92.170431702863425 1630.8800911005819 107.32381277531385 53.228458971716464 224.9493703066837 69.333114322507754
leaf_count=1984 507 465 676 462 4382 691801 1842 7128 1089 22032 1029 651 2121 1183
internal_value=-8.94503e-05 -0.00240563 0.0023676 0.00574687 -0.00418156 -5.74027e-05 -0.00123964 -0.00177914 0.000347436 -0.00311463 -0.000577489 0.00239473 -0.000501867 0.00550087
internal_weight=59804 765.64 203.101 151.908 562.538 59038.3 2990.28 2802.76 1095.44 1707.32 1003.27 385.502 278.178 187.523
internal_count=737352 6492 1645 1138 4847 730860 39059 35892 12018 23874 10929 3801 2772 3167
is_linear=0
shrinkage=0.03


Tree=225
num_leaves=15
num_cat=0
split_feature=23 23 14 30 23 16 28 19 33 29 31 25 13 18
split_gain=7.36025 12.3479 6.76664 10.223 8.78237 7.10338 8.10825 6.20688 6.19167 6.02002 16.1133 7.16783 6.17637 6.38225
threshold=-4.4949999999999992 -0.69499999999999984 50.150000000000013 459.50000000000006 0.99500000000000011 81.450000000000017 -1.2499999999999998 3.4182575757575759 132.50000000000003 0.038838817592290471 -0.022906594222739232 0.052943658907719154 45.050000000000004 -16.899999999999999
decision_type=8 8 8 10 10 10 10 10 2 10 8 10 8 8
left_child=-1 -2 3 8 -5 6 -6 -8 -3 10 11 -4 -11 -14
right_child=1 2 9 4 5 -7 7 -9 -10 12 -12 -13 13 -15
leaf_value=-0.0038498428005717699 0.0015974632947743327 -0.0039354095389375664 -0.0032554534007638624 -0.0027671465572919217 -0.00087628214247365672 0.00020255448240035694 0.011114185195617297 -0.0017826652859130451 0.0020936075458766472 0.0030849437302029551 -0.0058570952370916541 0.0070322334121893726 -0.0021717804941203725 2.761291851367235e-05
leaf_weight=366.24841745500453 4842.2900694216369 237.51793533191085 56.693798711756244 87.007367437239736 65.329373971791938 134.38309726188891 279.9517027704278 23.302173846401274 281.85339024371933 531.7290507031139 429.52536331478041 128.29118543979712 1165.6063867249759 51201.341519461712
leaf_count=2334 39743 5914 1744 1017 2064 2258 7825 171 5512 12435 12004 2022 50240 592509
internal_value=0.000125871 0.000153571 2.42261e-05 0.00229173 0.00483401 0.00628023 0.00820723 0.0100111 -0.000767039 -2.48754e-05 -0.00286252 0.00385747 1.07608e-05 -2.33671e-05
internal_weight=59831.1 59464.8 54622.5 1109.35 589.974 502.966 368.583 303.254 519.371 53513.2 614.51 184.985 52898.7 52366.9
internal_count=737792 735458 695715 24761 13335 12318 10060 7996 11426 670954 15770 3766 655184 642749
is_linear=0
shrinkage=0.03


Tree=226
num_leaves=15
num_cat=0
split_feature=6 10 10 3 1 20 28 25 1 30 19 26 10 13
split_gain=6.59794 11.0179 6.66159 6.2864 10.0947 8.6875 8.51804 10.3915 8.27202 6.81663 13.6945 8.98003 10.3897 8.70119
threshold=0.22649572649572652 252.50000000000003 248.50000000000003 55.750000000000007 1385.0000000000002 197.50000000000003 -2.7499999999999996 0.14975986370767477 1301.0000000000002 297.50000000000006 3.5926504629629652 -0.045218123819196952 300.50000000000006 73.65000000000002
decision_type=2 2 2 2 2 8 8 10 2 8 10 8 2 10
left_child=1 2 -1 4 9 -6 7 -5 -9 10 11 13 -13 -2
right_child=3 -3 -4 6 5 -7 -8 8 -10 -11 -12 12 -14 -15
leaf_value=-0.00013634511136077055 -0.0039552172317642012 -0.0019267738184544638 0.0055546195005366792 -0.004191278533838127 1.0243084330369172e-05 -0.0057541576519362691 1.0492625832005216e-05 -0.0022595190172729806 0.0044040866312941174 0.00085086064832168534 0.0065382579827370996 0.0050688370142401773 -0.003050406986416709 0.0032432359877832789
leaf_weight=7043.4666605188977 389.34559622977395 4116.8209632284706 140.07863333099522 908.20893833437003 4833.1428230904276 197.33674940315541 35863.661689022061 319.69883314450271 259.25693435943685 4257.0414619669318 608.89013967476785 568.42350559949409 147.3919479373144 185.4550587804988
leaf_count=81585 7120 48875 1654 14159 77704 3998 405865 3238 2586 65994 5165 13062 3817 2659
internal_value=-4.83321e-05 -0.000699525 1.22561e-05 0.00010384 0.000725991 -0.000270289 -8.32238e-05 -0.00227007 0.000837345 0.00153566 0.00300922 0.00116252 0.00330701 -0.00155901
internal_weight=59838.2 11300.4 7183.55 48537.9 11187 5030.48 37350.8 1487.16 578.956 6156.55 1899.51 1290.62 715.815 574.801
internal_count=737481 132114 83239 605367 179519 81702 425848 19983 5824 97817 31823 26658 16879 9779
is_linear=0
shrinkage=0.03


Tree=227
num_leaves=15
num_cat=0
split_feature=4 12 29 34 34 6 8 18 30 15 34 30 0 28
split_gain=7.4701 13.4888 10.0944 8.45157 11.8968 8.99786 7.98548 8.05277 10.8425 8.83807 7.97834 7.52652 7.17005 7.67436
threshold=-0.18019480519480521 85.550000000000011 0.19203379794027869 -0.0070652101650976141 0.014809346145888636 0.43303571428571436 1.5000000000000002 -9.8333333333333233 2101.5000000000005 84.141666666666694 -0.012689429056028427 1527.5000000000002 13.500000000000002 -1.0000000180025095e-35
decision_type=2 10 10 2 2 2 2 8 10 10 2 10 2 10
left_child=2 -2 6 10 11 -6 7 8 -1 -9 -3 -5 13 -13
right_child=1 3 -4 4 5 -7 -8 9 -10 -11 -12 12 -14 -15
leaf_value=-0.010580219403492765 -0.00042633056225903284 0.0010071047825342746 0.0040640124137894321 -0.001517246317931974 0.0060703504612809513 0.00090446999658795461 0.00059896098114623094 -0.0001507967364335743 0.0035653339819255447 -0.007048073112952912 0.0064101601900219268 0.0055738926089872153 -0.0033862299369218788 0.00061190384132580179
leaf_weight=113.89653398725204 31335.313063633279 540.79345597908832 646.99140858859755 1948.6127309424337 482.35909540578723 755.41279248823412 19673.736861649901 2230.0776044917293 40.564949425752275 130.97587019507773 438.40740738157183 351.45214963075705 210.10079983132891 981.24165419884957
leaf_count=4275 351476 4777 4777 16550 3809 6296 296381 30541 1225 1145 3931 2941 2639 7629
internal_value=8.13725e-05 -0.000181679 0.000507545 0.00115334 0.000610063 0.00307514 0.000394942 -0.00118125 -0.00690187 -0.00067164 0.00362005 -0.000294933 0.00124806 0.0020747
internal_weight=59879.9 37043.7 22836.2 5708.38 4729.18 1237.77 22189.3 2515.51 154.461 2361.05 979.201 3491.41 1542.79 1332.69
internal_count=738392 400048 338344 48572 39864 10105 333567 37186 5500 31686 8708 29759 13209 10570
is_linear=0
shrinkage=0.03


Tree=228
num_leaves=15
num_cat=0
split_feature=4 4 7 26 13 32 11 13 24 27 20 19 18 30
split_gain=6.34931 6.0632 7.48261 5.96733 7.37647 5.67203 6.84313 11.1488 5.64585 5.60421 8.61382 10.1197 9.38599 8.32742
threshold=4.5156250000000009 -2.9852941176470575 5.5000000000000009 -0.19607760770050051 47.550000000000004 0.080650166324410674 32.500000000000007 70.250000000000014 0.027182252743652675 -119.49999999999999 14.500000000000002 3.7604312354312346 -12.500000000000009 1068.5000000000002
decision_type=2 2 8 10 10 2 2 8 10 8 10 10 8 8
left_child=1 2 3 -1 -5 -4 7 -7 -6 10 12 13 -3 -12
right_child=-2 9 5 4 8 6 -8 -9 -10 -11 11 -13 -14 -15
leaf_value=-0.0016664880755224358 -0.0026373063489260884 -0.0047079951989793239 -0.003362492944551306 -0.0031320997819411262 -0.00056241083959429443 0.010996709418463936 -0.0039811987124633921 -0.00044386790727310199 0.0052701589327316008 0.00010306790952614382 -0.0035040662556215774 -7.4763489629659993e-05 0.0018740610431084376 -0.00055701803112684161
leaf_weight=193.81621561734937 763.40503590996377 172.49381941556931 348.25247346609831 95.764025299460627 166.25956045591738 74.29989024088718 93.55590235395357 190.47611678414978 906.38871498056687 47859.26451810656 2072.3948137935949 3783.4455167311244 1626.5331818326376 1491.2353173762094
leaf_count=1895 6486 5322 11094 2376 4971 1655 1757 3049 13319 567800 40421 33157 16682 27521
internal_value=-4.8364e-06 3.13841e-05 0.00160719 0.00287194 0.00366226 -0.000859779 0.00168644 0.00400332 0.00438133 -2.71627e-05 -0.000705482 -0.0011602 0.00113272 -0.00229562
internal_weight=59837.6 59074.2 2068.81 1362.23 1168.41 706.584 358.332 264.776 1072.65 57005.4 9146.1 7347.08 1799.03 3563.63
internal_count=737505 731019 40116 22561 20666 17555 6461 4704 18290 690903 123103 101099 22004 67942
is_linear=0
shrinkage=0.03


Tree=229
num_leaves=15
num_cat=0
split_feature=7 6 33 33 4 13 28 19 13 2 22 24 15 19
split_gain=7.62681 6.27849 5.9973 11.5111 12.1645 11.4293 10.3192 7.7932 9.44019 7.99659 7.21193 7.13991 8.30408 7.28511
threshold=8.5000000000000018 0.72474747474747481 90.500000000000014 138.50000000000003 -1.4861111111111105 69.450000000000017 -1.2499999999999998 12.724999999999993 72.850000000000009 5.5000000000000009 5.5000000000000009 0.32845366493958883 72.058333333333351 4.1966666666666663
decision_type=10 2 2 2 2 8 8 8 10 8 10 10 8 10
left_child=2 -2 11 4 6 -6 -4 8 -7 -10 -11 12 13 -1
right_child=1 -3 3 -5 5 7 -8 -9 9 10 -12 -13 -14 -15
leaf_value=0.00067014746516444392 -0.0048284023977718813 0.00086894825771676311 -0.0019172224044526006 -5.2305568291286013e-05 -0.0051234267492583285 0.0025281161156513808 0.0052347341140463709 -0.0052179972892431748 -0.0031597382268958411 -0.0013459627441620137 0.0054796431827322514 0.0038740813828352545 -0.00029632454804818143 0.0034721751202252309
leaf_weight=3300.9140261502471 491.37482023239136 236.72983632981777 301.88378786714748 43799.733739881776 950.60146785539109 588.10945114528295 340.69581817218568 338.34491127752699 1101.8735177968629 333.4360402408056 172.75321036181413 510.98981998302042 6338.8213032793719 1084.1090475707315
leaf_count=76467 9879 5119 5737 497604 15974 7779 6476 3944 11965 2970 2197 3699 78713 9660
internal_value=-8.84053e-05 -0.00303921 -4.95544e-05 -0.00019588 -0.00170051 -0.00239731 0.00197891 -0.00129551 -0.000588506 -0.0017702 0.00126669 0.000572768 0.000398211 0.00139423
internal_weight=59890.4 728.105 59162.3 47927.4 4127.7 3485.12 642.58 2534.52 2196.17 1608.06 506.189 11234.8 10723.8 4385.02
internal_count=738183 14998 723185 554646 57042 44829 12213 28855 24911 17132 5167 168539 164840 86127
is_linear=0
shrinkage=0.03


Tree=230
num_leaves=15
num_cat=0
split_feature=34 35 4 25 25 23 18 11 30 11 11 7 26 35
split_gain=7.35573 8.66556 6.27104 8.61645 7.93542 6.0192 8.71205 8.39694 7.88388 6.00292 14.2697 9.57509 8.04849 7.93588
threshold=0.040553360529119557 6.5000000000000009 3.3385416666666683 0.23511692997896552 0.33770780279367851 2.4050000000000007 -0.5999999999999871 19.500000000000004 768.50000000000011 56.500000000000007 61.500000000000007 8.5000000000000018 -0.020563418672636353 11.500000000000002
decision_type=2 2 2 8 10 8 10 2 10 2 2 10 10 2
left_child=2 5 9 -4 -5 6 -2 -7 -8 11 -11 13 -13 -1
right_child=1 -3 3 4 -6 7 8 -9 -10 10 -12 12 -14 -15
leaf_value=0.00014945356793436075 0.0071707290509203077 -0.0046450254115713253 -0.0020012260747968458 0.0044102006232119764 -0.004650187073600094 -0.00087928772128685986 -0.0038519027094561548 0.0074704505668006082 0.0055437489626160522 0.010249430903985069 -0.0010162618898241675 -0.005885130713308602 0.001915674146515051 -0.0050657871646779835
leaf_weight=54534.278973227862 424.11831985693425 106.03594604728278 2427.1865116627887 333.98572513530962 68.406907581724226 535.79472995037213 143.7190796341747 83.532083976082504 87.379286574199796 123.76396361249499 223.18999125412665 375.02591395389754 137.26622520422097 213.89449126494583
leaf_count=655766 3421 4149 21405 2346 372 4671 816 756 468 2023 4007 7297 4177 25769
internal_value=9.2538e-05 0.00221788 4.04734e-05 -0.0013247 0.00252621 0.00294263 0.00484274 0.000720818 5.48179e-05 0.000111068 0.00378721 8.45842e-05 -0.00381046 0.000124475
internal_weight=59817.6 1380.58 58437 2829.58 402.393 1274.54 655.217 619.327 231.098 55607.4 346.954 55260.5 512.292 54748.2
internal_count=737443 14281 723162 24123 2718 10132 4705 5427 1284 699039 6030 693009 11474 681535
is_linear=0
shrinkage=0.03


Tree=231
num_leaves=15
num_cat=0
split_feature=32 33 23 18 35 33 14 4 19 12 17 14 24 29
split_gain=5.03653 7.34175 5.87478 6.96812 6.64073 5.51113 9.19717 10.182 12.0176 9.18266 10.3322 8.85585 8.45064 7.50839
threshold=0.040029027576197397 62.500000000000007 8.1050000000000022 -8.3666666666666547 5.5000000000000009 90.500000000000014 68.15000000000002 1.4522727272727283 -3.2153311965811961 81.350000000000009 84.956111111111127 64.950000000000017 0.0084837987111885255 0.10434899360201748
decision_type=2 2 8 10 2 2 8 2 10 10 10 10 8 10
left_child=1 -1 3 -3 -4 6 7 8 11 12 -11 -2 -8 -9
right_child=5 2 4 -5 -6 -7 9 13 -10 10 -12 -13 -14 -15
leaf_value=-0.0044167817595907625 -0.0021283494615699063 0.0048582870325248224 0.0015679485904755094 -0.00098185849094736908 -0.0080244045657414803 -7.0595601475710977e-05 0.0059857268927037575 -0.0041840032244808605 0.0049607561847871484 0.0034636503458874554 -0.001114945029494653 0.0062798092829548548 -0.0005042554345279516 0.0028584589426742684
leaf_weight=509.18975144875003 460.63137355574872 248.40667436551303 90.204631638946012 445.0318660477642 100.18483304127585 47764.596407736652 135.92992557887919 289.576289046905 1237.7616927486379 1321.0010212932248 626.28692686615977 94.77379122772254 6365.7855896006804 182.96227793162689
leaf_count=12251 15796 9233 1131 5728 7708 545843 4891 4133 15696 12783 6110 3317 91311 1834
internal_value=2.43847e-05 -0.00172655 -2.31479e-05 0.00129627 -0.00409881 6.75324e-05 0.000680754 0.00235598 0.00336954 0.000220305 0.00200003 -0.00029344 -0.000323926 -0.00144463
internal_weight=59872.3 1393.02 883.828 693.439 190.389 58479.3 10714.7 2265.71 1793.17 8449 1947.29 555.405 6501.72 472.539
internal_count=737765 36051 23800 14961 8839 701714 155871 40776 34809 115095 18893 19113 96202 5967
is_linear=0
shrinkage=0.03


Tree=232
num_leaves=15
num_cat=0
split_feature=6 34 4 28 6 1 26 8 33 7 34 4 31 30
split_gain=8.05464 9.07736 8.11952 8.34565 7.31309 13.3621 9.63718 9.62008 9.10139 8.25828 8.07125 7.85471 9.9203 7.01351
threshold=0.54772727272727284 -0.021683168433158376 -0.18990384615384667 -1.0000000180025095e-35 0.78174603174603186 980.00000000000011 -0.22254991489009382 1.5000000000000002 2195.5000000000005 7.5000000000000009 0.027121553067521155 2.7795138888888897 0.011064658971426994 954.50000000000011
decision_type=2 2 2 10 2 2 10 2 2 10 2 2 8 10
left_child=1 2 3 -1 5 -2 10 8 -8 11 -6 -7 -13 -11
right_child=4 -3 -4 -5 6 9 7 -9 -10 13 -12 12 -14 -15
leaf_value=-0.002878583152338376 -0.0062707958735291145 0.00017642945900842776 0.0039295550667473329 0.00329913622792153 0.0010993560542426871 -0.00034422483938454566 -0.0074112308730378655 -0.00015037786381456332 0.002788110101143956 -0.0066857597228804164 0.006673367594598298 -0.0011353458652299086 -0.0074511971170041257 0.00071949925486064048
leaf_weight=397.61115099466406 353.45573549962137 28957.662387939868 1079.3086731453659 301.36710907774977 2656.4983710619854 12009.26482782932 254.15956942853518 12043.720734749921 76.500888708978891 317.67207730712835 210.87049566279165 826.81231854250655 269.63742598704994 154.49010083149187
leaf_count=6398 4357 342051 12103 4438 27840 152467 3772 163261 794 6090 1957 7350 2089 3177
internal_value=-3.24708e-05 0.000306185 0.00235652 -0.000172606 -0.000389183 -0.0008847 6.51439e-05 -0.000299421 -0.00499526 -0.000721998 0.00161662 -0.000572243 -0.00294576 -0.0044259
internal_weight=59909 30735.9 1778.29 698.978 29173.1 13931.3 15241.8 12374.4 330.66 13577.9 2867.37 13105.7 1096.45 472.162
internal_count=738144 364990 22939 10836 373154 175530 197624 167827 4566 171173 29797 161906 9439 9267
is_linear=0
shrinkage=0.03


Tree=233
num_leaves=15
num_cat=0
split_feature=33 28 26 29 34 24 34 7 21 2 1 22 29 1
split_gain=7.21143 9.28064 6.90384 7.77053 9.5383 9.4818 8.77332 6.64194 7.5678 9.91999 7.33661 9.93143 9.90994 8.87484
threshold=3550.5000000000005 1.7500000000000002 -0.29432621270450704 0.081021302112691554 0.019341505194388976 0.32845366493958883 0.0074572559362184416 6.5000000000000009 0.097800095648015326 4.5000000000000009 1515.5000000000002 5.5000000000000009 0.059597406732077231 2419.0000000000005
decision_type=2 10 8 8 2 10 2 10 10 10 2 8 10 2
left_child=2 -2 3 5 -5 -1 -7 10 -9 -10 -4 -12 -13 -14
right_child=1 -3 7 4 -6 6 -8 8 9 -11 11 12 13 -15
leaf_value=-0.002938858851960761 -0.00050045238386727279 -0.0049668654485526395 0.00058417408549077941 -0.0024850179491577688 0.0025137342916507796 0.0081919550984220976 -0.0019740656743042831 -0.0020025115534243604 -0.00088577431738552724 0.0029088700569568746 -0.00085710346158356533 -0.0039047771351823058 0.0016470404188462463 -0.0058215219773198089
leaf_weight=161.8401540145278 2007.0556716099381 483.86103106476367 36728.667428072164 2332.1315719382837 360.0025651382748 199.26712792413309 86.375091416295618 2329.3933790733572 1954.5981088193366 848.30218201817479 8259.158934929641 301.02057284780312 3680.5521859792061 100.72058176388964
leaf_count=1510 19001 4169 454044 15938 2344 1706 699 46443 28632 13849 81163 8281 58543 1507
internal_value=0.000115432 -0.00144872 0.000184581 -0.00117218 -0.00178292 0.00231205 0.00528173 0.000264178 -0.000757838 0.000293534 0.000371734 -0.000260302 0.000942888 0.00137473
internal_weight=59832.9 2490.92 57342 3139.62 2692.13 447.482 285.642 54202.4 5132.29 2802.9 49070.1 12341.5 4082.29 3781.27
internal_count=737829 23170 714659 22197 18282 3915 2405 692462 88924 42481 603538 149494 68331 60050
is_linear=0
shrinkage=0.03


Tree=234
num_leaves=15
num_cat=0
split_feature=24 14 22 19 34 16 12 22 29 34 30 12 3 13
split_gain=6.59947 7.54847 5.84257 8.61448 12.1397 8.34676 9.85972 10.3567 13.5734 8.23436 8.13675 11.4346 7.81194 7.91798
threshold=0.0083377344787207916 83.450000000000017 6.5000000000000009 3.8869230769230758 -0.010304448141661532 65.950000000000017 62.750000000000007 5.5000000000000009 0.07500524989500211 -0.0092000796336216186 304.50000000000006 80.350000000000009 61.750000000000007 76.550000000000011
decision_type=8 8 10 10 2 10 10 10 10 2 8 10 2 10
left_child=1 -1 3 4 -2 -5 7 8 -7 -6 11 -11 -8 -14
right_child=2 -3 -4 5 9 6 12 -9 -10 10 -12 -13 13 -15
leaf_value=-0.0035930961578996353 -0.0017540887323846033 0.0023494761403195989 0.00072427977196960226 -0.0047846063840857643 0.0034973032683028008 -0.0024152657334336352 0.00029333116172416452 -0.0017188794243498137 0.010514061431793974 0.00021404272946292917 -0.00047806772061777285 0.0040439687998963976 0.0059755447823991196 -4.3785043785489694e-05
leaf_weight=773.05735295172781 4620.4916471458273 212.91928274335805 12748.775172894355 221.15447418461554 519.60965422168374 76.824270415119827 19502.77678603353 139.03381169680506 232.1277518523857 3520.5921584722819 15732.761837657192 828.19010422215797 396.33447686792351 350.33510400680825
leaf_count=26843 70024 8107 215571 2010 7938 707 135167 1214 1705 51298 202755 9432 2570 2427
internal_value=0.000115528 -0.00225835 0.000157156 -1.5703e-07 -0.000373144 0.000449372 0.000516694 0.00468902 0.00741044 -5.99239e-05 -0.000160425 0.000981097 0.000413066 0.0033258
internal_weight=59875 985.977 58889 46140.2 25221.6 20918.6 20697.4 447.986 308.952 20601.2 20081.5 4348.78 20249.4 746.67
internal_count=737768 34950 702818 487247 341447 145800 143790 3626 2412 271423 263485 60730 140164 4997
is_linear=0
shrinkage=0.03


Tree=235
num_leaves=15
num_cat=0
split_feature=25 11 16 23 23 18 23 19 3 2 19 22 9 22
split_gain=5.75761 8.50485 7.31891 9.94572 10.8799 12.7868 8.06859 8.37845 8.28588 7.90766 7.43223 7.41368 8.39309 6.87003
threshold=0.040854449754784007 18.500000000000004 78.050000000000011 3.2050000000000005 8.0050000000000008 -7.2666666666666755 6.995000000000001 -2.3666666666666809 55.750000000000007 4.5000000000000009 1.5200000000000033 9.5000000000000018 84.500000000000014 3.5000000000000004
decision_type=8 2 10 10 10 10 10 10 2 8 10 10 2 10
left_child=1 2 3 -1 5 6 7 9 -9 -5 -4 -6 -13 -2
right_child=13 -3 10 4 11 -7 -8 8 -10 -11 -12 12 -14 -15
leaf_value=-0.0044055163170217205 -0.00019876141515826285 -0.0067370557924014652 0.0053287268063833947 -0.0063386300344539827 -0.0054953942489559381 -0.0018102599782040326 0.0096655921678862351 0.010576626755069984 0.00080712487333446908 0.0030874219806200738 -0.00049746405367080508 -0.0067298415510137401 0.0032463949142635677 0.00046380106595350027
leaf_weight=697.77665468584746 28547.046433553332 177.25055702775717 272.54150047898293 118.44786009343807 417.3413949937094 570.09602236910723 131.1057709249435 92.280444897944108 193.68061247421429 110.2265744113829 487.06086052465253 54.922092374181375 226.27465055731591 27711.584567539947
leaf_count=11278 269132 6112 7043 5957 17274 7638 5657 2395 4700 5101 4942 2398 11145 376216
internal_value=5.34117e-05 -0.00110996 -0.00072003 -0.00147074 -0.000316127 0.00138758 0.004138 0.00199861 0.00506466 -0.00205631 0.00179294 -0.00317611 0.000576055 0.000127722
internal_weight=59807.6 3549 3371.75 2612.15 1914.38 1215.84 645.741 514.635 285.961 228.674 759.602 698.538 281.197 56258.6
internal_count=736988 91640 85528 73543 62265 31448 23810 18153 7095 11058 11985 30817 13543 645348
is_linear=0
shrinkage=0.03


Tree=236
num_leaves=15
num_cat=0
split_feature=23 27 23 14 32 25 21 20 19 20 27 21 9 2
split_gain=5.8828 6.15468 5.80667 7.90947 7.22248 7.07745 8.46517 7.73696 6.77947 6.05018 6.61883 6.61389 6.26839 7.72129
threshold=-4.4949999999999992 184.50000000000003 -0.79499999999999993 75.050000000000011 0.11767029282177253 0.26655907414739405 0.41277890466531447 321.50000000000006 0.71376262626262499 72.500000000000014 10.500000000000002 0.093933823529411778 21.500000000000004 1.5000000000000002
decision_type=8 10 10 8 2 10 10 10 8 10 10 10 2 10
left_child=1 -1 3 9 5 7 -7 -4 -5 10 12 -12 -2 -14
right_child=2 -3 4 8 -6 6 -8 -9 -10 -11 11 -13 13 -15
leaf_value=-0.0051869875737555506 0.0002758053272979915 0.0031744280089224578 0.00020483313367915571 -0.0028339302207457326 -0.00050082722194503041 0.0010630917372305983 0.0096335570059405701 -0.0047069764370001686 0.00056479597240291003 -0.003440443420278781 0.0068337188067976928 -0.00056142881384096163 -0.00075237152043156909 0.0078204442221694037
leaf_weight=308.83896637172438 205.92571113095619 65.174604584928602 27012.436160035111 522.60257713170722 22800.370314873988 368.67126092477702 103.1570823630318 241.7827652428532 6830.5559720695019 96.34894076990895 82.936690673581325 567.66749589773826 104.73527876893058 486.46759859891608
leaf_count=1953 1715 413 409078 6429 220084 2907 790 6155 75281 1225 899 5178 735 4627
internal_value=-6.31967e-06 -0.00352743 1.87892e-05 0.000723256 -0.000105853 0.000219268 0.00368039 0.000152719 0.000305734 0.00263961 0.00314559 0.000801702 0.00489841 0.00636148
internal_weight=59797.7 374.014 59423.7 8897.24 50526.4 27726 471.828 27254.2 7353.16 1544.08 1447.73 650.604 797.129 591.203
internal_count=737469 2366 735103 96089 639014 418930 3697 415233 81710 14379 13154 6077 7077 5362
is_linear=0
shrinkage=0.03


Tree=237
num_leaves=15
num_cat=0
split_feature=29 17 32 23 14 31 23 23 9 34 32 6 14 18
split_gain=5.54465 7.1874 7.48123 8.03771 10.4542 8.28172 7.36245 8.73967 7.28751 6.89922 6.83443 7.31147 8.24091 8.19192
threshold=0.092268260210740236 55.202631578947383 0.11530697137424023 4.9050000000000011 50.95000000000001 0.0096940764871259622 3.8050000000000002 4.205000000000001 44.500000000000007 0.040553360529119557 0.15916004059278061 0.324561403508772 78.050000000000011 -7.533333333333327
decision_type=10 8 2 8 8 10 10 10 2 2 2 2 10 8
left_child=1 -1 3 5 -5 -3 8 -8 9 -4 11 -9 13 -13
right_child=-2 2 6 4 -6 -7 7 10 -10 -11 -12 12 -14 -15
leaf_value=-0.0036550985700237459 0.00022514492244678176 0.00087119426674219197 -0.0006244302203583734 0.0057832515225532451 -0.0011364519958030207 -0.0037496340014156449 0.0054043206558298468 -0.0045486034295054425 -0.0025516252250922656 0.0062230159409749691 0.0031423984927930197 0.0051173438414124604 -0.0036172219981061922 -0.0010527483468556486
leaf_weight=537.57956655416638 39645.860885108938 8139.3113891214307 1218.0701976693235 155.92193440161645 4634.7024180075387 315.78745452826843 222.3852703992743 387.83560534729622 3174.6066814870574 97.883927196962759 345.4007025945466 314.73020252864808 314.26357592013665 383.31583867175505
leaf_count=22377 413703 110750 11683 5286 107685 4464 2716 5703 32465 1021 4460 6910 4666 4072
internal_value=1.89478e-05 -0.000384472 -0.000286216 0.000122586 -0.000853824 0.000677583 -0.00111913 0.000404215 -0.00178382 9.40461e-05 -0.000365559 -0.00130945 8.72204e-05 0.00188528
internal_weight=59887.7 20241.8 19704.2 13245.7 4790.62 8455.1 6458.49 1967.93 4490.56 1315.95 1745.55 1400.15 1012.31 698.046
internal_count=737961 324258 301881 228185 112971 115214 73696 28527 45169 12704 25811 21351 15648 10982
is_linear=0
shrinkage=0.03


Tree=238
num_leaves=15
num_cat=0
split_feature=19 3 4 22 35 2 29 34 3 32 14 34 22 9
split_gain=5.50754 8.87548 7.92724 11.8584 6.48861 6.63951 6.21123 8.44609 6.00388 5.27843 7.03996 8.69988 10.0935 8.07371
threshold=12.118898809523808 61.750000000000007 1.7583333333333331 4.5000000000000009 2.5000000000000004 3.5000000000000004 0.13162997453005704 -0.0026422477801725419 64.750000000000014 0.18202686095505621 84.750000000000014 0.040553360529119557 6.5000000000000009 91.500000000000014
decision_type=10 2 2 10 2 10 10 2 2 2 8 2 10 2
left_child=8 2 4 -4 6 -6 7 -2 9 -1 11 12 13 -11
right_child=1 -3 3 -5 5 -7 -8 -9 -10 10 -12 -13 -14 -15
leaf_value=8.7342226039008913e-05 0.00045494236555854742 0.0078268668235754717 -0.0043815518368089459 0.0042129241453336026 0.0045630843963809309 -0.0049963765102548066 -0.00025572188776290278 0.005981872282738443 -0.0028040755148414399 -0.0035516226783071769 -0.0027508823968172718 0.0043285583597563087 0.0045950183943779142 0.0037289546307453861
leaf_weight=54090.687873955467 411.06881586462259 131.89363623596728 440.96110870316625 159.57251213910058 48.180163951124996 173.14362613391131 455.77696081995964 616.75596442073584 634.74509031465277 763.38520268746652 1351.2183965623844 307.34162371093407 183.26898435386829 122.38807517383248
leaf_count=697729 1964 715 2227 895 487 1737 2061 2878 5966 5600 10540 2457 1832 868
internal_value=4.81163e-05 0.00143018 0.000905856 -0.00194957 0.00193852 -0.00245797 0.00265315 0.00389508 -1.17082e-05 2.19247e-05 -0.00125358 0.000261248 -0.00104923 -0.00240016
internal_weight=59890.4 2437.35 2305.46 600.534 1704.93 221.324 1483.6 1027.82 57453 56818.3 2727.6 1376.38 1069.04 885.773
internal_count=737956 12964 12249 3122 9127 2224 6903 4842 724992 719026 21297 10757 8300 6468
is_linear=0
shrinkage=0.03


Tree=239
num_leaves=15
num_cat=0
split_feature=4 16 23 20 34 34 9 23 33 10 33 19 33 25
split_gain=5.45978 10.3145 9.75586 9.33492 10.494 11.8969 9.54143 9.29166 8.13901 9.76089 9.85665 8.075 7.41228 10.7126
threshold=1.890873015873016 90.250000000000014 12.505000000000001 221.50000000000003 0.005982071423755164 0.0010318826882354563 79.500000000000014 -1.4949999999999999 34.500000000000007 130.50000000000003 1.0000000180025095e-35 16.456565656565655 2479.5000000000005 0.25986786006687929
decision_type=2 10 10 10 2 2 2 10 2 2 2 10 2 10
left_child=1 8 12 4 5 7 -7 -3 9 -1 -11 -10 13 -2
right_child=2 3 -4 -5 -6 6 -8 -9 11 10 -12 -13 -14 -15
leaf_value=-0.00087029513862848466 -0.0008498694630231997 0.0067628017918422781 0.0042447038768005825 -0.0055107305413339492 0.0028563455634328327 -0.0048396811688755847 0.00079181774719013355 0.00082199720422704205 -0.00025336448625630346 -0.0047720366113286816 0.0026785504459580596 0.0040818994251443337 -0.0035610240259050384 0.0028148623915503781
leaf_weight=1328.2450317345792 9327.4564108840423 214.67800975660793 307.59448987722863 132.76375066593755 2557.7119035474025 548.68640536256135 472.0752723289188 2490.1023192872526 37946.732167739625 125.43945190566592 2527.9143523087259 340.77662579156458 760.18035460286774 728.81557682109997
leaf_count=23278 87994 1457 5138 1956 26919 5737 5367 30266 490824 2260 43534 1670 6296 4378
internal_value=-4.1311e-05 9.5859e-05 -0.000639387 0.00121175 0.00139618 0.000369181 -0.0023199 0.00140771 -7.4754e-05 0.00120756 0.00224457 -0.000209505 -0.000797172 -0.00057166
internal_weight=59809.2 48685.1 11124 6416.02 6283.25 3725.54 1020.76 2704.78 42269.1 3981.6 2653.35 38287.5 10816.5 10056.3
internal_count=737074 633268 103806 71702 69746 42827 11104 31723 561566 69072 45794 492494 98668 92372
is_linear=0
shrinkage=0.03


Tree=240
num_leaves=15
num_cat=0
split_feature=19 34 32 11 26 20 23 14 14 12 14 23 23 26
split_gain=7.03264 9.69252 7.64245 14.6045 10.4287 10.7472 8.50429 7.47123 7.28717 7.25828 9.85998 9.43677 7.10406 7.00616
threshold=0.87380952380951638 -0.012945558946172398 0.045719596388741381 3.5000000000000004 -0.043532997655550749 18.500000000000004 8.3050000000000015 91.350000000000009 78.950000000000017 64.550000000000011 78.850000000000009 1.9750000000000003 -1.3049999999999999 -0.17067508752687782
decision_type=8 2 2 2 10 10 10 10 8 10 8 10 10 10
left_child=1 9 3 -2 -5 6 -6 8 -3 -1 11 12 -11 -9
right_child=2 7 -4 4 5 -7 -8 13 -10 10 -12 -13 -14 -15
leaf_value=-0.0042769141404355848 -0.0035557874727549861 -0.00056696383802053933 0.00015217869264313362 0.0013296865326454753 0.012797810607223804 0.0010904794888884144 -0.0014138259518656556 0.0035347767586175688 0.00088416404576978401 0.0050803654900276191 -0.0041403499103334082 0.0026072397577388724 -0.0040302179019887155 -0.0069018258519432307
leaf_weight=895.29803955217358 248.26804397581145 9324.3957534905057 41688.114057368017 608.65084286316414 209.81115142628551 169.73973590065725 33.485594435827807 40.979013613192365 4614.4762785970233 48.336854543536901 541.16765868617222 738.60842702642549 405.80823924439028 207.88531768880785
leaf_count=27783 4633 191417 372386 6685 2659 2679 506 582 90461 605 10187 16391 6176 4170
internal_value=1.99327e-05 -0.00049926 0.000223527 0.00247116 0.00403327 0.00744348 0.0109342 -0.00018606 -8.51235e-05 -0.00215433 -0.000969196 0.00057829 -0.00265285 -0.00487943
internal_weight=59775 16817 42958.1 1269.96 1021.69 413.036 243.297 14187.7 13938.9 2629.22 1733.92 1192.75 454.145 248.864
internal_count=737320 347772 389548 17162 12529 5844 3165 286630 281878 61142 33359 23172 6781 4752
is_linear=0
shrinkage=0.03


Tree=241
num_leaves=15
num_cat=0
split_feature=19 11 4 6 6 25 20 1 13 28 25 17 20 5
split_gain=6.84035 14.3804 10.1356 9.43878 12.3595 7.85683 7.56445 8.4491 6.34448 9.07355 8.48345 8.03337 7.5542 6.25955
threshold=8.0279914529914453 3.5000000000000004 -0.48529411764705793 0.53589743589743599 0.11437908496732027 0.2742163505523903 12.500000000000002 1502.0000000000002 71.750000000000014 -4.2499999999999991 0.050609589046489566 86.002272727272739 328.50000000000006 7.5000000000000009
decision_type=10 2 2 2 2 10 10 2 10 8 8 10 10 2
left_child=8 5 -3 4 -4 -2 7 -5 9 10 -1 12 -11 -10
right_child=1 2 3 6 -6 -7 -8 -9 13 11 -12 -13 -14 -15
leaf_value=0.00462117320261242 -0.0015696491065812907 0.0041689130419084001 -0.0027221599595242951 0.0054021153385043034 0.003162537534992725 0.0023873589871880136 -0.0010540618748021199 -0.0021316692256329764 -0.00066230588667035733 0.00049410091351579266 -0.0044532784718814 -0.0041732274063816226 -0.0050842424210808344 0.00038676417603867918
leaf_weight=67.809977217926644 2549.8691548395436 1094.6707852212712 336.80103948526084 333.58225379511714 2146.1444819094613 500.20849478617311 2081.3725959323347 172.11892798170447 21062.211593217915 21761.38248558194 548.93986976356246 295.51939137512818 171.01046956400387 6720.4579389375867
leaf_count=2754 15637 6785 2010 1889 12393 2447 12928 964 222956 347395 10827 2773 4281 92063
internal_value=3.29534e-05 0.000782451 0.00161176 0.00102432 0.00232633 -0.000892667 -0.000245699 0.00287685 -0.000104101 0.00026594 -0.00318384 0.00036859 0.00043914 -0.000408303
internal_weight=59842.1 9214.77 6164.69 5070.02 2482.95 3050.08 2587.07 505.701 50627.3 22844.7 616.75 22227.9 21932.4 27782.7
internal_count=738102 55053 36969 30184 14403 18084 15781 2853 683049 368030 13581 354449 351676 315019
is_linear=0
shrinkage=0.03


Tree=242
num_leaves=15
num_cat=0
split_feature=25 18 20 34 9 17 18 32 3 20 28 8 8 21
split_gain=5.59635 6.54161 5.60919 7.49861 5.89254 5.39963 5.37803 5.14821 5.7468 7.10429 4.49488 10.7618 14.8038 9.5055
threshold=0.41354056388720678 -4.9999999999999956 6.5000000000000009 -0.009562000787850725 48.500000000000007 72.701315789473696 -4.5916666666666677 0.050039619651347074 57.250000000000007 3.5000000000000004 1.2500000000000002 1.0000000180025095e-35 1.5000000000000002 0.63961038961038974
decision_type=10 10 8 2 2 10 10 2 2 10 8 2 2 10
left_child=2 -2 3 4 -1 7 -7 -5 9 -9 11 -4 -13 -12
right_child=1 -3 10 5 -6 6 -8 8 -10 -11 13 12 -14 -15
leaf_value=0.0028325761854780425 -0.002911316109923727 0.0048302288641802636 0.0071657923220236827 -0.0030093397014152872 -0.0052371276722358124 -0.0037258452193440592 0.0033020541457145754 -0.0016119328191437415 0.0018343483568693567 0.010768945543723296 -0.00039284580177211383 -0.0033913418666607011 0.00013440071612027046 -0.0051485365128677843
leaf_weight=95.386750648729503 92.521711457520723 356.78873747680336 141.28921237238683 32.467365648597479 152.00541042699479 126.80170396412723 170.03253363538533 35.771077801706269 208.97097112680785 201.12070831784513 20027.563402648084 1053.8513966751052 36873.143063027528 336.05931220692582
leaf_count=1225 795 1861 1294 846 2262 1604 1095 558 2112 2898 231003 13919 474511 2385
internal_value=-5.87242e-05 0.00310419 -8.52154e-05 0.00206482 -0.00217258 0.00346688 0.00019555 0.00528631 0.00613293 0.00894431 -0.000124574 6.79385e-05 3.20973e-05 -0.000483747
internal_weight=59903.8 449.31 59454.5 1022.56 247.392 775.164 296.834 478.33 445.863 236.892 58431.9 38068.3 37927 20363.6
internal_count=738368 2656 735712 12600 3487 9113 2699 6414 5568 3456 723112 489724 488430 233388
is_linear=0
shrinkage=0.03


Tree=243
num_leaves=15
num_cat=0
split_feature=8 8 25 2 33 25 8 19 3 13 6 17 28 23
split_gain=5.47628 26.6718 13.5761 11.2044 7.84741 7.42474 13.5166 11.5763 8.13521 7.75014 8.56632 7.71017 8.91999 7.38526
threshold=3.5000000000000004 2.5000000000000004 0.31961162270730087 8.5000000000000018 3990.5000000000005 0.14585430021760287 1.5000000000000002 1.1916666666666844 57.750000000000007 85.050000000000011 0.81534090909090928 66.467333333333343 -6.7499999999999991 4.205000000000001
decision_type=2 2 10 8 2 8 2 8 2 8 2 10 10 10
left_child=1 5 3 4 -2 6 -1 13 11 -10 -11 12 -8 -7
right_child=2 -3 -4 -5 -6 7 8 -9 9 10 -12 -13 -14 -15
leaf_value=-0.0030434070518111163 -0.00017237857169011779 0.0095235481239549797 0.003957065368945775 -0.002453888393762327 -0.0037225842737948181 -0.0028855126068154007 -0.0066992104867112448 2.8961612318518636e-05 0.00042533615564260396 -0.0028101210520453902 0.0019275360883922777 0.00079347792113826658 0.0031207061174729923 2.936132183966661e-05
leaf_weight=893.74649729335215 16132.386432660045 222.63930753455497 563.63303833594546 2443.3984100465896 530.82546699838713 2258.4599595041946 40.753628790262155 14292.096526128938 9973.0298817768926 1376.1305314932251 413.31407849385869 7338.4323417349951 2194.3783015458612 1181.7720749406144
leaf_count=13833 207425 2469 3549 28726 5017 27098 1163 128758 123917 17119 5434 106231 49143 18468
internal_value=-2.87126e-05 0.00017204 -0.00043823 -0.000577878 -0.000296273 0.000108104 0.000472852 -0.000349198 0.000626915 9.72372e-05 -0.0016932 0.00127381 0.00279899 -0.00189813
internal_weight=59855 40184.8 19670.2 19106.6 16663.2 39962.1 22229.8 17732.3 21336 11762.5 1789.44 9573.56 2235.13 3440.23
internal_count=738350 493633 244717 241168 212442 491164 316840 174324 303007 146470 22553 156537 50306 45566
is_linear=0
shrinkage=0.03


Tree=244
num_leaves=15
num_cat=0
split_feature=32 15 4 27 30 31 27 35 34 11 18 29 19 1
split_gain=6.23069 7.86206 6.61172 6.4855 7.18159 6.30414 11.1314 10.0032 8.93882 8.39799 6.42824 10.4726 9.89906 9.05485
threshold=0.099026432977897635 45.716666666666676 -4.447222222222222 480.50000000000006 530.50000000000011 0.020632672741552349 -5.4999999999999991 3.5000000000000004 0.0011483162906007652 6.5000000000000009 -4.2333333333333298 0.044070160508710973 2.4188194444444524 1985.0000000000002
decision_type=2 8 2 10 10 10 8 2 2 2 8 10 8 2
left_child=1 -1 -2 -4 -5 10 7 -7 -8 -10 -3 -12 -13 -14
right_child=2 5 3 4 -6 6 8 -9 9 -11 11 12 13 -15
leaf_value=-0.0047854485054893659 0.0054094775152434982 0.0001439876113487762 -0.00026773333925406937 -0.0013814605117724267 0.0051501183426613728 -0.0011453986412049155 -0.0043205397825714304 0.0065510604225163336 0.0069134443093744986 -0.0022965456381339963 -0.0038491297637229527 0.0041081286360322884 0.0013366523987621635 -0.0022119419032754798
leaf_weight=206.18762765883002 138.97414072835818 10679.69193819107 36986.583960643155 212.10211325227283 361.52447043405846 330.9674837552011 864.93353808065876 213.14842299523298 100.73292486253195 175.94863511342555 307.77358779264614 1031.5284984800965 7578.9131929581054 662.24526397394948
leaf_count=10883 1962 230395 369034 2265 3959 2070 10919 4746 1426 2047 4510 12289 75407 5589
internal_value=4.55421e-05 0.0004443 -0.000189047 -0.000216925 0.0028179 0.000504202 -0.00123423 0.00216716 -0.0028783 0.00160151 0.000651529 0.00121362 0.0014014 0.00103987
internal_weight=59851.3 22152.1 37699.2 37560.2 573.627 21945.9 1685.73 544.116 1141.62 276.682 20260.2 9580.46 9272.69 8241.16
internal_count=737501 360281 377220 375258 6224 349398 21208 6816 14392 3473 328190 97795 93285 80996
is_linear=0
shrinkage=0.03


Tree=245
num_leaves=15
num_cat=0
split_feature=34 22 18 28 29 5 14 20 14 24 34 10 20 9
split_gain=5.45205 9.09556 6.72415 9.66106 8.37784 7.5042 7.92087 7.10618 7.07336 7.64364 8.99553 7.18387 7.0279 7.87086
threshold=0.0015423272332849823 8.5000000000000018 -9.7499999999999911 -4.2499999999999991 0.16666681182751217 10.500000000000002 74.350000000000009 34.500000000000007 76.550000000000011 0.16633693589228746 -0.02282374376708211 342.50000000000006 13.500000000000002 7.5000000000000009
decision_type=2 8 10 10 10 2 10 10 8 10 2 2 10 2
left_child=1 2 4 7 5 12 -7 -4 9 10 -5 -10 13 -1
right_child=-2 -3 3 8 -6 6 -8 -9 11 -11 -12 -13 -14 -15
leaf_value=0.0046188150133865593 0.0002642200105645653 0.00078305520186920923 0.004498681975943007 0.0039067111459823722 0.0034784721404377801 0.0058576710336440694 -0.0056115517244604831 -0.0023931308828465661 -0.0007508185965952709 -0.0011828616713824506 0.00032588932659717649 -0.0037359289924587887 -0.0015236894146513707 -0.0052813207649564237
leaf_weight=40.831831962335855 29381.805947459652 5566.1289277581964 547.74052025959827 661.66144712734967 218.34450770006515 155.89643093943596 29.679616473149508 139.22865673690103 10622.587266310584 2628.0317457064521 5712.5103071639314 734.4198618195951 2495.2784791656304 860.09346131945495
leaf_count=667 333730 106499 6193 7109 2943 5872 1123 1969 98908 20387 61836 6495 61823 22049
internal_value=-2.69976e-05 -0.000308318 -0.000553892 -0.000342103 -0.00170717 -0.00206682 0.00322167 0.00303431 -0.000463186 0.000164651 0.000725105 -0.000959385 -0.00239834 -0.00461336
internal_weight=59794.2 30412.4 24846.3 21046.2 3800.12 3581.78 185.576 686.969 20359.2 9002.2 6374.17 11357 3396.2 900.925
internal_count=737603 403873 297374 202897 94477 91534 6995 8162 194735 89332 68945 105403 84539 22716
is_linear=0
shrinkage=0.03


Tree=246
num_leaves=15
num_cat=0
split_feature=33 32 15 32 2 7 17 23 15 12 12 12 28 20
split_gain=6.65372 7.70588 7.62144 7.24668 10.3107 8.85953 11.8939 8.64042 8.60734 8.84449 9.56316 10.8979 8.60616 8.50485
threshold=2325.5000000000005 0.16974913313342962 89.241666666666688 0.069234891582158467 7.5000000000000009 5.5000000000000009 64.033739837398386 6.7950000000000008 83.216666666666683 75.65000000000002 69.350000000000009 68.750000000000014 3.2500000000000004 21.500000000000004
decision_type=2 2 10 2 10 8 8 8 10 10 10 10 10 10
left_child=3 2 -2 4 5 -1 -7 -5 9 10 11 -9 -12 -10
right_child=1 -3 -4 7 -6 6 -8 8 13 -11 12 -13 -14 -15
leaf_value=-0.00025444597562631222 -0.002150114789691882 0.0010813624119064939 0.0015352404232628549 2.9343380826408481e-05 0.0023949354569503486 -0.006513602744073488 -0.00144274558625119 0.0012008501325382719 0.0022517148746962748 0.0055770529517929508 -0.0002713311229273838 0.0085878996996592728 -0.0069666547130333477 -0.0066507142533334621
leaf_weight=4749.9620054572297 3523.0855967311654 1174.7851503398269 551.45973180071451 36783.770011229091 816.94662924460135 464.74843156465795 2449.2803877081024 7456.1354478914291 124.2611645408906 355.24695616657846 852.86417427822016 135.99173315591179 168.12074964959174 202.31148143927567
leaf_count=87483 34820 9487 4987 375390 15264 14366 49672 120277 1879 4975 12405 1950 1918 2786
internal_value=-1.06374e-05 -0.00102555 -0.00163876 8.78596e-05 -0.000715483 -0.00106041 -0.00234771 0.000236333 0.00105093 0.00123155 0.00102117 0.00138849 -0.00164759 -0.00341412
internal_weight=59809 5249.33 4074.55 54559.6 8480.94 7663.99 2914.03 46078.7 9294.93 8968.36 8613.11 7592.13 1020.98 326.573
internal_count=737659 49294 39807 688365 166785 151521 64038 521580 146190 141525 136550 122227 14323 4665
is_linear=0
shrinkage=0.03


Tree=247
num_leaves=15
num_cat=0
split_feature=34 31 16 16 11 11 29 17 14 16 17 33 32 16
split_gain=7.04674 8.43158 9.40381 9.49996 8.38417 7.65707 8.88826 7.52763 7.14735 7.13268 9.16659 9.96159 10.6445 8.10313
threshold=0.0005144219277571975 0.035914104134718496 86.15000000000002 71.950000000000017 31.500000000000004 35.500000000000007 0.10713974419990445 67.343875000000011 70.65000000000002 69.750000000000014 69.01035714285716 187.50000000000003 0.092860141537723415 79.850000000000009
decision_type=2 10 8 10 2 2 8 10 8 10 10 2 2 8
left_child=4 -2 3 -3 8 -6 7 -7 9 -1 11 13 -13 -11
right_child=1 2 -4 -5 5 6 -8 -9 -10 10 -12 12 -14 -15
leaf_value=-0.0032583198088993993 0.00033652002678482006 -0.0025473383730210421 -0.00089968223309090233 0.0076683791210709028 0.0045202098310559175 -0.0027072799042237982 -0.0027776094671678885 0.0036138303235187818 -7.7019945255538586e-05 0.0031284002696417945 -0.0020234220320956525 -0.0028736084186565041 0.0018132639644727309 -0.0028032535121264354
leaf_weight=1192.3159016537247 30653.738679981558 75.225042983191088 266.76118364627473 383.21603855164722 542.48569025832694 182.07367484574206 461.82094324543141 664.67878388857935 19515.767359108315 1201.1987853753963 2667.4312830298441 1116.9664163348498 653.73480684217066 207.92889325786382
leaf_count=28895 350454 918 2195 3140 8575 4115 5994 11547 233554 23063 33423 19773 7589 3921
internal_value=0.000105657 0.000415239 0.0035063 0.00590644 -0.00023645 0.00168904 0.000392177 0.00217946 -0.000373589 -0.00118942 -0.000743506 0.000344867 -0.00114096 0.00218707
internal_weight=59785.3 31378.9 725.202 458.441 28406.4 1851.06 1308.57 846.752 26555.3 7039.58 5847.26 3179.83 1770.7 1409.13
internal_count=737156 356707 6253 4058 380449 30231 21656 15662 350218 116664 87769 54346 27362 26984
is_linear=0
shrinkage=0.03


Tree=248
num_leaves=15
num_cat=0
split_feature=16 15 23 23 7 35 26 16 14 30 16 15 33 15
split_gain=7.60265 8.33014 7.30852 7.15597 11.0306 10.8067 9.5648 6.92021 6.50784 7.91268 6.31967 9.19779 7.21427 8.609
threshold=95.850000000000009 86.716666666666683 5.4050000000000011 -0.22499999999999998 5.5000000000000009 7.5000000000000009 0.71268980214783206 71.15000000000002 36.550000000000004 648.50000000000011 86.550000000000011 78.816666666666691 34.500000000000007 82.516666666666694
decision_type=10 10 10 8 10 2 10 10 8 10 10 8 2 10
left_child=3 2 -2 4 5 7 8 -1 9 -5 12 -12 -10 -14
right_child=1 -3 -4 6 -6 -7 -8 -9 10 -11 11 -13 13 -15
leaf_value=-0.0043244115951016531 0.0051095463360942457 -0.0026495036573303183 -0.0030454009104481871 -0.00052695730939168815 -0.0016736951138119286 -0.0056116261364849152 -0.0026695479317746175 0.0020341146847318958 0.0010315569199686849 0.0085856759452981116 0.001892423136209339 9.2348401026205019e-05 -0.00020854855025778275 -0.0027814714827321214
leaf_weight=113.30962572712451 221.12128160730936 1616.1480439102743 114.56184395076707 155.75438944564667 1062.5544378214981 132.95714642654639 1131.0150835281238 5069.5312155443244 4049.1684378999053 127.11289820750244 3582.2257109938655 8630.748023484135 32684.964477219153 1164.5546161450911
leaf_count=1254 2947 16300 2440 3700 10655 5681 12807 37279 68527 2817 48936 87440 427274 9331
internal_value=5.41961e-05 -0.00176354 0.00229243 0.000116937 0.00106073 0.0016178 -8.09645e-07 0.00185511 6.16721e-05 0.00424256 3.38667e-05 0.000625897 -0.00015749 -0.000301039
internal_weight=59855.7 1951.83 335.683 57903.9 6378.35 5315.8 51525.5 5182.84 50394.5 282.867 50111.7 12213 37898.7 33849.5
internal_count=737388 21687 5387 715701 54869 44214 660832 38533 648025 6517 641508 136376 505132 436605
is_linear=0
shrinkage=0.03


Tree=249
num_leaves=15
num_cat=0
split_feature=0 31 32 31 0 4 19 25 18 26 17 32 5 3
split_gain=5.56259 12.0242 6.8793 7.72048 6.10492 5.72359 8.00262 6.54732 9.45997 8.42063 10.0521 9.06658 10.1416 9.01233
threshold=13.500000000000002 0.0045595658724829459 0.14540343262971003 -0.0048695722769545339 14.500000000000002 -0.12132352941176448 14.581649831649832 0.12077761836899904 -14.45833333333333 -0.19291049364708585 80.441885964912302 0.15993512527005599 2.5000000000000004 56.750000000000007
decision_type=2 10 2 10 2 2 10 8 8 10 10 2 2 2
left_child=5 2 -2 -4 -5 6 -1 9 -9 -7 11 -11 -13 -12
right_child=1 -3 3 4 -6 7 -8 8 -10 10 13 12 -14 -15
leaf_value=0.00028742967987814441 0.00066475723800582054 0.0030274187621846761 0.0015852999429938008 -0.0081448318792634831 -0.00031375480174589761 -0.0034120629148477514 0.0047211902101515898 -0.0039827235596121939 0.00020093231452517039 -0.00040085923834213183 0.0020674026140702333 0.0091496657855108486 0.00077506602032618001 -0.0033148102065532516
leaf_weight=21716.409326941357 1652.9228599618655 1678.6434932693373 187.12969119031914 213.56447635684162 142.0146795543842 945.1928459466435 322.99736736668274 449.00917138787918 19287.860124741244 10631.78537471348 298.20665904972702 137.3138225665316 461.9536022907123 1697.8594090167899
leaf_count=313972 35552 24967 2715 2507 2129 8033 1654 7629 166288 144225 3600 1139 4339 18970
internal_value=6.36181e-05 0.00115546 -0.000311263 -0.00308923 -0.00544144 -1.29529e-05 0.000362948 -0.000257446 9.59316e-05 -0.000748179 -0.000545689 -0.000192467 0.00325083 -0.00247985
internal_weight=59822.9 3874.28 2195.63 542.709 355.579 55948.6 22039.4 33909.2 19736.9 14172.3 13227.1 11231.1 599.267 1996.07
internal_count=737719 67870 42903 7351 4636 669849 315626 354223 173917 180306 172273 149703 5478 22570
is_linear=0
shrinkage=0.03


Tree=250
num_leaves=15
num_cat=0
split_feature=14 23 20 14 18 34 5 14 33 18 26 26 34 11
split_gain=6.41047 8.53947 6.11498 5.38996 6.02566 5.2871 7.67015 8.04702 10.8262 10.0994 9.92019 6.85969 7.99826 6.39003
threshold=36.550000000000004 0.39500000000000007 342.50000000000006 94.550000000000011 -6.2333333333333298 0.019756696502614895 10.500000000000002 83.550000000000011 90.500000000000014 -3.7666666666666617 -0.10892165370141153 0.79100610060442966 -0.012222434934925338 19.500000000000004
decision_type=8 10 10 8 10 2 2 10 2 10 10 10 2 2
left_child=1 -1 5 -4 -5 6 -2 8 9 13 -11 12 -9 -8
right_child=2 -3 3 4 -6 -7 7 11 -10 10 -12 -13 -14 -15
leaf_value=-0.0048118601667438733 -0.00028585536601991024 0.005822665264332472 -0.0064891253753699514 -0.0050783880357282716 0.0037052547182454165 0.00067104565494218046 0.0079169711382883739 -0.0028059697914375676 -0.00061562498532707205 0.0048543626525360019 -0.0070095050484965437 -0.0036701942756867225 0.0064335308905601402 -0.0027289906550247065
leaf_weight=45.567210538079962 48873.905784765113 272.88041014887858 203.46069850435015 68.758551966631785 122.29896076326258 7190.1939600972692 317.18235818599351 70.436608223477378 1920.4005400708411 71.051195670850575 87.439464747207239 54.888407333521172 497.04665233776905 33.817884296295233
leaf_count=498 592214 6461 4332 1769 1346 78941 8463 1012 32062 605 997 665 7119 1057
internal_value=-9.06812e-05 0.00385447 -0.00011501 -0.00362061 0.000146478 -8.85752e-05 -0.000194304 0.00125263 0.000439314 0.00411531 -0.00180227 0.00415922 0.00515237 0.00667888
internal_weight=59829.3 318.448 59510.9 394.518 191.058 59116.4 51926.2 3052.26 2429.89 509.491 158.491 622.372 567.483 351
internal_count=737541 6959 730582 7447 3115 723135 644194 51980 43184 11122 1602 8796 8131 9520
is_linear=0
shrinkage=0.03


Tree=251
num_leaves=15
num_cat=0
split_feature=35 7 3 4 25 4 7 13 3 6 22 6 31 16
split_gain=5.84742 6.59232 6.31516 5.8414 8.24664 6.75229 9.84087 7.29173 6.59778 8.31778 7.95374 7.21253 7.22571 11.1596
threshold=1.5000000000000002 8.5000000000000018 57.250000000000007 0.87980769230769351 0.10885454871811716 0.732051282051284 3.5000000000000004 73.450000000000017 59.250000000000007 0.74456521739130443 6.5000000000000009 0.31009615384615391 0.0017972682962137125 86.350000000000009
decision_type=2 10 2 2 8 2 8 8 2 2 10 2 10 10
left_child=3 -2 -3 5 -5 -1 -7 -8 10 11 -6 12 13 -10
right_child=1 2 -4 4 8 6 7 -9 9 -11 -12 -13 -14 -15
leaf_value=0.00067071820210607802 -0.00022717449481218324 0.00014276474740835299 -0.0056355885226139499 -0.001970462214437549 -0.0010693476452310609 0.0086312023032615592 -0.0047772333147189684 0.0032061616026519664 -0.0051488916612879637 0.0040680519578631573 0.0033909110153389531 -0.001201896512511102 0.0047069646164171128 0.0049779250688427121
leaf_weight=8571.4612230136991 42285.563074269798 292.63065852806903 349.07084925763775 1803.1866639405489 3007.8395621702075 193.54078390449286 100.47310650348663 280.59911960363388 183.49697877466679 721.5509394928813 358.78367568552494 1087.4962190911174 456.54766152799129 119.9826288819313
leaf_count=40450 643555 8071 6379 8747 13833 884 480 1322 885 3375 1730 5119 2137 571
internal_value=-8.89964e-05 -0.000274974 -0.00318068 0.000383238 -0.000222832 0.000894483 0.00391148 0.000791304 0.0003201 0.00145081 -0.000551347 0.00034838 0.00250388 -0.00100738
internal_weight=59812.2 42927.3 641.702 16885 7738.88 9146.07 574.613 381.072 5935.7 2569.07 3366.62 1847.52 760.027 303.48
internal_count=737538 658005 14450 79533 36397 43136 2686 1802 27650 12087 15563 8712 3593 1456
is_linear=0
shrinkage=0.03


Tree=252
num_leaves=15
num_cat=0
split_feature=16 14 14 14 34 2 16 16 13 32 10 19 19 28
split_gain=6.0567 8.80005 8.9791 8.39979 6.64326 6.96149 7.25966 6.74032 7.94787 7.74385 6.57927 6.36001 6.74841 6.13091
threshold=95.850000000000009 92.350000000000009 95.550000000000011 87.750000000000014 0.018553106294678375 4.5000000000000009 93.450000000000017 93.050000000000011 87.050000000000011 0.17846920981264625 320.50000000000006 0.38849206349206616 8.8384920634920565 -4.2499999999999991
decision_type=10 8 10 10 2 8 10 10 10 2 2 10 10 10
left_child=3 -2 -3 -1 7 6 -6 8 9 -5 11 -10 -13 -9
right_child=1 2 -4 4 5 -7 -8 13 10 -11 -12 12 -14 -15
leaf_value=7.0597671986668474e-06 0.00052397541495140438 -0.0062019184339695685 -0.00063546591275738193 0.0025096240190414158 0.010241993317489213 0.00025453146816360305 -0.00014803902497794721 -0.0039090171544464286 0.0046148553555364529 -0.0057506118209202269 0.0053315782791361387 -0.0053430311596546652 0.002443732984184066 0.0037313869175604553
leaf_weight=54895.278433072439 926.8455201247707 483.89010517601855 534.87610391457565 848.41551905334927 182.02789089269936 194.39423482469283 79.976179312448949 65.173292502993718 42.528951269341633 67.620312929619104 44.123185007134452 540.80359345325269 90.165022171102464 828.77947628172114
leaf_count=685909 11439 4797 5377 8804 1759 1814 815 699 892 546 348 5026 507 8748
internal_value=3.60443e-05 -0.00158897 -0.00344585 9.19935e-05 0.00162861 0.00477765 0.00755499 0.000978358 -0.000182357 0.00163379 -0.00245606 -0.00329946 -0.00413258 0.00299682
internal_weight=59824.9 1945.61 1018.77 57879.3 2984.01 456.398 262.004 2527.61 1633.66 916.036 717.621 673.498 630.969 893.953
internal_count=737480 21613 10174 715867 29958 4388 2574 25570 16123 9350 6773 6425 5533 9447
is_linear=0
shrinkage=0.03


Tree=253
num_leaves=15
num_cat=0
split_feature=7 26 35 8 18 27 19 18 33 16 5 10 6 6
split_gain=7.536 7.42976 11.6145 10.6414 10.6475 6.91653 6.67766 6.52998 7.4173 6.42491 6.40444 6.17193 5.98862 10.9594
threshold=7.5000000000000009 0.69201820880865617 7.5000000000000009 1.5000000000000002 -10.633333333333335 -52.499999999999993 11.641941391941396 -0.1999999999999815 1889.5000000000002 71.950000000000017 9.5000000000000018 338.50000000000006 0.6132478632478634 0.48684210526315791
decision_type=10 8 2 2 10 10 10 10 2 8 2 2 2 2
left_child=1 3 6 4 -1 -2 9 8 -6 -3 12 -11 13 -7
right_child=5 2 -4 -5 7 10 -8 -9 -10 11 -12 -13 -14 -15
leaf_value=-0.0085592062441811351 -0.0043334223940121267 -0.0055999182872853923 -0.0052770328971067215 0.00023050638258865269 -0.0014332564657584172 -0.0017392812044969511 -0.0058409768628690959 -0.0036996843335701923 0.0045534233370853059 -5.9110331824905357e-05 0.0046698327068092887 -0.0029890562554885968 -0.0037805209647696035 0.0055506833324388107
leaf_weight=164.65868829202373 626.20741513068788 158.9161999556236 434.84989557066001 46174.873813237646 524.04643007577397 632.76570799364708 157.47853311523795 512.32615661388263 226.57693555462174 8706.348318066448 132.79741630586796 649.20909720682539 490.11344599607401 204.9974731146358
leaf_count=6113 12553 1894 25753 566142 6377 11077 794 3023 2375 79322 3485 6011 8478 3695
internal_value=-7.12594e-05 -6.47374e-06 -0.00074314 0.000150548 -0.00235592 -0.00182073 -0.000513205 -0.001252 0.000545345 -0.000394949 -0.000635735 -0.000277237 -0.00131653 0.0002567
internal_weight=59796.2 57709.3 10106.8 47602.5 1427.61 2086.88 9671.95 1262.95 750.623 9514.47 1460.67 9355.56 1327.88 837.763
internal_count=737092 697804 113774 584030 17888 39288 88021 11775 8752 87227 26735 85333 23250 14772
is_linear=0
shrinkage=0.03


Tree=254
num_leaves=15
num_cat=0
split_feature=12 8 8 25 24 13 19 20 10 32 35 4 19 20
split_gain=6.46336 9.66517 10.602 7.42601 8.80322 8.59154 7.27972 11.2087 11.9034 7.37332 7.45438 6.31835 6.18811 5.89609
threshold=73.350000000000009 1.0000000180025095e-35 1.5000000000000002 0.045023125653994057 0.21052859039366417 86.450000000000017 -3.5627314814814777 21.500000000000004 92.500000000000014 0.17846920981264625 6.5000000000000009 -2.4861111111111103 6.6083333333333423 342.50000000000006
decision_type=10 2 2 10 10 8 10 10 2 2 2 2 10 10
left_child=13 12 3 -3 -5 -6 7 8 -4 10 -9 -10 -2 -1
right_child=1 2 6 4 5 -7 -8 9 11 -11 -12 -13 -14 -15
leaf_value=0.00033688944885359513 0.0091262805193023169 0.0040041671292651805 0.0054358675605245509 -0.0063757511772069043 0.0035666382502714425 -0.0053488130681451562 -0.00038187944348143106 0.0079593018345173946 0.0035811959571701467 -0.0040574831073039545 -6.1783540696952998e-06 -0.0031995313729193853 -0.0015688786069483886 -0.0045016753544417972
leaf_weight=25183.44638814067 107.16315164044499 70.136896067298949 200.16335687588435 548.84575129300356 188.25324502051808 114.42237783805467 31864.619326417102 367.90597590152174 107.15616364264861 40.072989373002201 141.44955421250779 641.1808798701968 51.85793425142765 178.90142095217016
leaf_count=398821 972 934 4591 5222 1429 796 292771 4364 2493 535 6854 13262 269 4392
internal_value=-6.9142e-05 -0.000336558 -0.000375238 -0.00346495 -0.00426811 -8.42174e-05 -0.000284825 0.0017254 -0.000289227 0.00493735 0.00594444 -0.0020651 0.00609753 0.000293969
internal_weight=59805.6 34443.2 34284.2 921.658 851.521 302.676 33362.5 1497.93 948.5 549.429 509.356 748.337 159.021 25362.3
internal_count=737705 334492 333251 8381 7447 2225 324870 32099 20346 11753 11218 15755 1241 403213
is_linear=0
shrinkage=0.03


Tree=255
num_leaves=15
num_cat=0
split_feature=6 10 13 1 26 11 35 30 29 21 33 12 13 29
split_gain=4.9127 8.65236 7.76633 7.54969 6.72371 6.89367 6.05495 7.17734 8.05362 5.56626 5.23409 6.31577 8.18522 4.50336
threshold=0.12132352941176472 252.50000000000003 91.850000000000009 1282.0000000000002 -0.15076585713322885 6.5000000000000009 4.5000000000000009 1231.5000000000002 0.061543076000184584 0.47493734335839605 10.500000000000002 82.550000000000011 84.050000000000011 0.091937911213252274
decision_type=2 2 10 2 8 2 2 10 10 10 2 8 8 10
left_child=1 3 10 6 -5 -6 9 8 -8 -1 -3 12 13 -12
right_child=-2 2 -4 4 5 -7 7 -9 -10 -11 11 -13 -14 -15
leaf_value=0.0035745201640749375 0.00011634681849628856 0.0039223950255068071 0.0055869917510244756 -0.0049739964770438702 0.0027917586799517139 -0.002014717215718389 0.0044372782603963202 0.0038118014016631707 -0.0073140888503176191 -0.0035074210677773342 -0.00048781816548483135 -0.0068079860720033454 0.0036482874616940325 -0.0048732634124704242
leaf_weight=874.24107183888555 55735.047577380319 48.598375891102478 51.390023213345557 307.40956133580767 383.69299305835739 655.85393790435046 33.004713497357443 91.769147373735905 158.47894429869484 72.026583820581436 346.87479270540643 360.34710359503515 140.81748401466757 539.64881237060763
leaf_count=6151 686708 806 508 2592 5193 9220 1211 2645 4454 433 5876 3797 1809 6128
internal_value=4.25993e-05 -0.000957883 -0.0027388 0.000102995 -0.00142387 -0.000193961 0.00176597 -0.00184881 -0.00478922 0.00288649 -0.00321463 -0.00359229 -0.00220075 -0.003275
internal_weight=59799.2 4064.15 1487.68 2576.48 1346.96 1039.55 1229.52 283.253 191.484 946.268 1436.29 1387.69 1027.34 886.524
internal_count=737531 50823 18924 31899 17005 14413 14894 8310 5665 6584 18416 17610 13813 12004
is_linear=0
shrinkage=0.03


Tree=256
num_leaves=15
num_cat=0
split_feature=11 16 17 23 33 8 17 31 12 11 22 12 13 17
split_gain=9.51225 6.33205 11.3962 9.54275 8.04228 7.77574 10.2142 8.57793 7.60535 7.55364 13.4068 6.74188 9.04865 6.74059
threshold=16.500000000000004 71.350000000000009 65.260468750000015 1.5750000000000004 224.50000000000003 2.5000000000000004 59.700925925925937 -0.00084683756262940652 66.350000000000009 3.5000000000000004 4.5000000000000009 57.150000000000013 66.350000000000009 41.156250000000007
decision_type=2 8 8 10 2 2 10 10 10 2 10 10 8 10
left_child=1 3 5 -1 8 -3 7 -7 9 10 -5 12 -6 -12
right_child=-2 2 -4 4 11 6 -8 -9 -10 -11 13 -13 -14 -15
leaf_value=-0.0039742724022749833 -0.00066967636891756914 0.0038276342771917538 0.00021771721007255934 -0.0040108469141379218 -0.0072379009073476165 -0.0013246917290094821 -0.0013511276944296552 0.010511277277486963 -0.0017243893415171425 -5.0400659745831512e-05 -0.0033241662984650759 -0.00054845845361267817 0.00094137144604752594 0.0066906762419467391
leaf_weight=679.12555140187033 14163.915531861479 1320.938214846683 38699.312413592706 112.8589137296658 303.99135310330894 74.924973490997218 741.49525793036446 88.475986181292683 573.20624711504206 689.81287340843119 37.027964803040959 1581.1716452942928 169.62370779144112 593.40081063110847
leaf_count=8093 195780 21729 403364 1934 9372 1658 12205 1578 10033 18719 2489 26925 5059 18354
internal_value=8.1556e-06 0.0002189 0.00033934 -0.000813622 -0.000243168 0.00240268 0.000231084 0.0060453 0.00109437 0.00224193 0.00423842 -0.00154412 -0.00449836 0.00590141
internal_weight=59829.3 45665.4 40925.1 4740.22 4061.09 2225.83 904.896 163.401 2006.31 1433.1 743.288 2054.79 473.615 630.429
internal_count=737292 541512 440534 100978 92885 37170 15441 3236 51529 41496 22777 41356 14431 20843
is_linear=0
shrinkage=0.03


Tree=257
num_leaves=15
num_cat=0
split_feature=14 7 5 11 27 4 1 24 3 29 30 16 20 33
split_gain=6.44607 6.01257 10.1243 7.23298 6.46247 9.76984 8.56756 7.13514 6.39885 6.21363 11.4895 10.7537 6.35388 7.56432
threshold=98.050000000000011 7.5000000000000009 9.5000000000000018 29.500000000000004 -69.499999999999986 3.5156250000000004 1180.5000000000002 0.013430519125333272 61.750000000000007 0.13162997453005704 345.50000000000006 80.950000000000017 18.500000000000004 276.50000000000006
decision_type=10 10 2 2 10 2 2 10 2 8 8 10 10 2
left_child=1 3 4 -1 6 7 -3 -6 9 11 -11 -5 13 -12
right_child=-2 2 -4 8 5 -7 -8 -9 -10 10 12 -13 -14 -15
leaf_value=-3.1116415536391291e-05 0.0045862105419338965 0.00035426626696618467 0.0044298377494994849 -0.0018450528583508581 0.0041600393502268665 0.005379969591908629 -0.0072394439518304104 -0.0027323908213525948 0.0055372195172656994 0.0046849822055209187 0.001528085080415369 0.0027369442853762203 0.00051786888252970318 -0.0082720633976726514
leaf_weight=54206.738718311535 226.56506936508231 190.37160050764214 181.77597856440116 566.59217009157874 108.44211507926229 138.68693272210658 366.31403507140931 1088.6796826720238 257.34959623171017 155.53525427682325 75.734707135939971 1882.247436606558 200.58265029685572 237.14757509017363
leaf_count=648629 2144 3618 4993 10209 3932 1473 7203 18003 2355 1565 802 27783 2414 2459
internal_value=1.67396e-05 -4.44067e-06 -0.00157186 5.33372e-05 -0.00224752 -0.00103698 -0.00482742 -0.00196628 0.00139035 0.000966064 -0.00151665 0.00166109 -0.00364424 -0.00601619
internal_weight=59882.8 59656.2 2074.27 57581.9 1892.49 1335.81 556.686 1197.12 3375.19 3117.84 669 2448.84 513.465 312.882
internal_count=737582 735438 39222 696216 34229 23408 10821 21935 47587 45232 7240 37992 5675 3261
is_linear=0
shrinkage=0.03


Tree=258
num_leaves=15
num_cat=0
split_feature=13 26 33 4 16 4 13 17 25 15 24 17 16 29
split_gain=4.93852 6.60777 5.84551 12.2572 9.09104 9.0648 9.06744 8.52841 8.48805 6.75079 9.49838 8.37641 6.64073 5.97352
threshold=93.450000000000017 0.80443036122345835 90.500000000000014 -1.8333333333333319 71.350000000000009 -0.79705882352941149 86.250000000000014 59.700925925925937 0.025351270967768434 82.941666666666677 0.14310978256305096 81.032916666666679 75.250000000000014 0.090791562238930687
decision_type=8 10 2 2 10 2 10 10 10 10 10 10 10 10
left_child=2 -2 3 12 -4 6 13 -6 -7 11 -11 -10 -1 -5
right_child=1 -3 4 5 7 8 -8 -9 9 10 -12 -13 -14 -15
leaf_value=0.0014570018727232896 -0.00042575500127976519 -0.0042661136216564635 -0.0016867034946597018 0.0018846207204179213 0.0041645630442567602 0.0059930075525230532 -0.0046743510418729185 6.2066424576779115e-05 0.00048789296282144358 -0.00015907849946393424 0.0065879657905884032 -0.0042790158983784859 -0.0033433930697964937 0.0061415495916190719
leaf_weight=333.803793751169 9337.6795910787769 372.62868961738423 2658.6902955254773 650.04705746809486 411.58224650355987 220.71025820949581 73.911823963746428 38269.199561067508 5069.080236760783 370.69484946108423 325.85847423621453 304.83451979979873 831.77447223197669 617.26499613840133
leaf_count=9440 119573 3374 53530 14206 8072 7694 923 421383 63974 4212 2464 3413 16189 9169
internal_value=2.3241e-05 -0.000594226 0.000143301 0.000843136 -6.4783e-06 0.00128202 0.00347763 0.000111039 0.000790201 0.000553624 0.00322712 0.000180538 -0.00196525 0.00411244
internal_weight=59847.8 9710.31 50137.5 8797.98 41339.5 7632.4 1341.22 38680.8 6291.18 6070.47 696.553 5373.91 1165.58 1267.31
internal_count=737616 122947 614669 131684 482985 106055 24298 429455 81757 74063 6676 67387 25629 23375
is_linear=0
shrinkage=0.03


Tree=259
num_leaves=15
num_cat=0
split_feature=21 24 19 0 34 17 29 13 30 13 7 14 30 26
split_gain=4.69558 6.66419 6.51181 4.7812 5.87568 6.83195 7.79719 8.04249 7.65611 11.154 6.97402 6.81684 6.73382 6.59879
threshold=0.84523809523809534 0.20474691693042299 6.3984722222222254 10.500000000000002 0.0088781067374319508 65.260468750000015 0.086341220241713881 53.650000000000013 2250.5000000000005 71.350000000000009 4.5000000000000009 70.450000000000017 2884.5000000000005 -0.0090053161054858555
decision_type=10 10 10 2 2 8 8 8 8 8 8 10 10 10
left_child=3 -2 -3 4 -1 6 -6 -8 -7 -10 -11 13 -12 -9
right_child=1 2 -4 -5 5 8 7 11 9 10 12 -13 -14 -15
leaf_value=-0.00042072851306871239 -0.0050941478742706414 -0.002667207953127357 0.0034946158142056005 0.00038026530329871423 -0.00056081395345418687 -0.00021840693324017197 -0.0020231320529930279 0.0079005695478514756 -0.003795393884418209 0.005062977657168434 0.0037106088373149732 -0.0017680866226446291 -0.00278460113404061 -0.00072810645850850651
leaf_weight=26618.057611654338 342.84822204720695 298.82384896557778 226.89238488394767 21443.762800502591 470.90145697875414 8270.400000746944 127.76632127771154 474.51818359200843 197.0447295976337 704.41448322706856 227.87576923752204 79.760194105794653 248.08169318456203 84.648148513631895
leaf_count=299925 3087 2237 1156 324377 8749 76390 1990 5945 2104 5255 2249 861 2337 1120
internal_value=-9.69065e-06 -0.0021381 6.46964e-05 2.3456e-05 -0.000180795 0.000405154 0.00245788 0.00423278 0.000130521 0.00215985 0.00326782 0.00553982 0.000382255 0.00664179
internal_weight=59815.8 868.564 525.716 58947.2 37503.5 10885.4 1237.59 766.693 9647.82 1377.42 1180.37 638.927 475.957 559.166
internal_count=737782 6480 3393 731302 406925 107000 18665 9916 88335 11945 9841 7926 4586 7065
is_linear=0
shrinkage=0.03


Tree=260
num_leaves=15
num_cat=0
split_feature=8 8 17 20 29 13 17 11 11 13 33 32 22 19
split_gain=5.97289 14.5856 9.48187 8.89101 12.1946 8.31871 8.53037 7.93692 12.2331 9.43959 11.7194 7.7668 10.2106 9.2611
threshold=3.5000000000000004 2.5000000000000004 95.262500000000003 141.50000000000003 0.21216745357448155 86.750000000000014 76.001666666666679 20.500000000000004 16.500000000000004 70.65000000000002 322.50000000000006 0.10604141082393262 6.5000000000000009 4.4517592592592559
decision_type=2 2 10 10 10 10 10 2 2 10 2 2 10 10
left_child=1 2 7 4 -2 6 -5 8 -1 10 -10 12 13 -9
right_child=3 -3 -4 5 -6 -7 -8 11 9 -11 -12 -13 -14 -15
leaf_value=7.2089196419606824e-05 -0.00086397539609096299 0.0069683306355020538 -0.0061868688377417396 0.00027588952453204142 0.0043303233357234938 -0.0036222518237924235 0.0044492785803192112 -0.0019730301602833939 -0.0022591183310280696 -0.0030587396127222935 0.0047454018639614326 0.0021246224109802503 0.002358741326778109 0.0015461978955924318
leaf_weight=29754.612302036956 17346.660006858176 226.91020811069757 167.55691778846085 1047.3614174847025 367.58991312002763 220.28845985699445 720.17800778406672 1989.7431141812121 455.22329378384165 2005.2221162258647 325.94516560109332 3055.0712423493387 1254.4306966793956 960.34563295450062
leaf_count=352208 215966 2509 1444 17578 2315 2196 7187 31855 7886 22508 4696 35586 27100 7510
internal_value=-0.000102948 0.000106848 5.92355e-05 -0.000530149 -0.000744303 0.00134969 0.00205194 9.32606e-05 -0.000107243 -0.00198976 0.000773191 0.000986599 0.000144443 -0.000820736
internal_weight=59897.1 40195.1 39968.2 19702.1 17714.2 1987.83 1767.54 39800.6 32541 2786.39 781.168 7259.59 4204.52 2950.09
internal_count=738544 493302 490793 245242 218281 26961 24765 489349 387298 35090 12582 102051 66465 39365
is_linear=0
shrinkage=0.03


Tree=261
num_leaves=15
num_cat=0
split_feature=18 34 25 25 18 19 10 22 34 13 13 30 30 18
split_gain=6.20272 5.58579 3.89371 8.31428 6.82707 7.15325 14.252 6.81998 6.67456 6.10786 5.64885 5.61859 6.18744 5.54808
threshold=-28.86666666666666 -0.0036200772977229407 0.040854449754784007 0.050609589046489566 -3.7666666666666617 -0.49629629629630395 66.500000000000014 10.500000000000002 0.012122336818143191 70.850000000000009 78.550000000000011 242.50000000000003 923.50000000000011 -0.39999999999998431
decision_type=8 2 8 8 8 10 2 10 2 10 10 8 10 10
left_child=1 -1 4 7 5 10 -7 -4 11 -8 -2 -6 -13 -10
right_child=2 -3 3 -5 8 6 9 -9 13 -11 -12 12 -14 -15
leaf_value=-0.0083250078732692943 -0.0019776680971461832 0.00011076420863270036 0.0015974026393181088 0.00014559497768573996 0.00017662244253227724 -0.0046588089009657 0.0044837829230180608 0.0083260505117261768 -0.0026957316513625505 -0.00098553070701507244 0.0057765585334822352 -0.008298461541980379 -0.0021236690863984885 0.0055395210134097754
leaf_weight=98.035334048443474 1187.220715716714 132.65560811664909 1660.2067443948472 54221.328850008082 224.77088995254599 209.69944880995899 747.20384151441976 103.46142859582324 98.581623769365251 218.21930725942366 42.811996806412935 276.5194003242068 350.29845531331375 103.90592490276322
leaf_count=6787 51032 7401 28445 606559 2385 3863 13607 2654 1069 3802 1428 2654 3257 795
internal_value=0.000131093 -0.0043185 0.000151976 0.000212568 -0.00081772 7.72181e-05 0.00171433 0.00221078 -0.00277078 0.00325987 -0.00149268 -0.00389444 -0.00525948 0.0017903
internal_weight=59674.9 230.691 59444.2 55985 3459.23 2405.16 1175.12 1763.67 1054.08 965.423 1230.03 851.589 626.818 202.488
internal_count=735738 14188 721550 637658 83892 73732 21272 31099 10160 17409 52460 8296 5911 1864
is_linear=0
shrinkage=0.03


Tree=262
num_leaves=15
num_cat=0
split_feature=32 16 20 12 27 13 24 23 10 8 14 17 32 20
split_gain=5.25123 14.2981 13.4498 14.1216 11.0412 10.9691 9.05643 15.0163 11.1371 9.7749 8.56818 9.48484 7.61969 11.5695
threshold=0.053133928571428575 75.950000000000017 40.500000000000007 76.950000000000017 200.50000000000003 46.350000000000001 0.041432829975447366 6.0950000000000006 274.50000000000006 3.5000000000000004 61.150000000000013 80.220576923076933 0.0450251662999216 9.5000000000000018
decision_type=2 10 10 10 10 8 10 10 2 2 8 10 2 8
left_child=1 4 6 -4 12 -2 7 10 9 -8 -3 -12 -1 -14
right_child=5 2 3 -5 -6 -7 8 -9 -10 -11 11 -13 13 -15
leaf_value=-0.0020204569770321925 0.0038940984762550254 -0.0011551885728814599 -0.007483283123461042 0.0034550240987165659 0.0029743604684465464 0.00014010571918681496 0.004096779224316025 -0.0015214323957164655 -0.004131788496152318 -0.0023656540686783434 0.010923541757818815 -0.0034716977427351153 0.0029874686743334438 -0.0083495425303219892
leaf_weight=764.3292391783616 659.61550856393296 69.969985682866536 275.41898378776386 122.13356168102473 191.19027336710133 55450.244112597196 566.30050110071898 224.56881943088956 339.23553179111332 280.05485520139337 297.67187375272624 23.367630453314632 69.768897231435403 471.56014404667076
leaf_count=23203 14226 1743 6502 1863 6344 640247 7686 7647 4691 3836 5751 429 1396 11652
internal_value=0.000115218 -0.000972564 0.00057015 -0.00411231 -0.00318384 0.000187665 0.00168682 0.00448748 0.000109917 0.00194571 0.00771981 0.00954911 -0.00416204 -0.00675932
internal_weight=59805.4 3695.57 2198.72 397.553 1496.85 56109.9 1801.17 615.578 1185.59 846.355 391.009 321.04 1305.66 541.329
internal_count=737216 82743 40148 8365 42595 654473 31783 15570 16213 11522 7923 6180 36251 13048
is_linear=0
shrinkage=0.03


Tree=263
num_leaves=15
num_cat=0
split_feature=23 20 4 32 33 19 6 32 0 4 16 20 0 14
split_gain=5.79837 8.87742 5.09734 6.56465 9.96035 9.95795 7.29616 9.19149 8.77216 9.39384 8.52538 7.91252 8.63751 7.63811
threshold=-4.4949999999999992 13.500000000000002 -0.22048611111111069 0.1619735754104448 2032.5000000000002 2.3666666666666711 0.29705882352941182 0.036287789812519039 10.500000000000002 -2.3708333333333331 74.15000000000002 18.500000000000004 13.500000000000002 67.950000000000017
decision_type=8 10 2 2 2 10 2 2 2 2 10 10 2 8
left_child=1 -1 3 6 -5 -6 10 -8 -9 -10 -2 12 -12 -13
right_child=2 -3 -4 4 5 -7 7 8 9 -11 11 13 -14 -15
leaf_value=0.0037079590515553401 -0.0025339177195617549 -0.0057987059731965393 -0.00017134237436243962 -0.0018519255035845809 -0.0013824771224280696 0.0057842485271619101 -0.0035137050677355899 0.00051297645591810855 0.0049390999681941175 0.0014608081862883145 0.0022541675405919775 0.0029468267839173469 -0.0043592201422564683 -0.0019861537458196105
leaf_weight=81.354207793716341 1203.3667306050193 286.43082001036964 37270.434696122422 2245.0520203665365 312.92649769596756 304.64961271733046 357.8996158700902 9151.1524301165482 816.94690153433476 4081.6818620447302 1773.2451719685923 299.91021877760068 150.62173906876706 1483.7308653094806
leaf_count=515 23636 1857 404756 20174 3336 1986 12070 124402 19512 75160 22459 5530 2772 19149
internal_value=1.81993e-05 -0.00350373 4.2913e-05 0.000402496 -0.000927211 0.0023213 0.000601417 0.000940972 0.00106651 0.00208493 -0.000394221 0.000324749 0.00163909 -0.00109896
internal_weight=59819.4 367.785 59451.6 22181.2 2862.63 617.576 19318.6 14407.7 14049.8 4898.63 4910.87 3707.51 1923.87 1783.64
internal_count=737314 2372 734942 330186 25496 5322 304690 231144 219074 94672 73546 49910 25231 24679
is_linear=0
shrinkage=0.03


Tree=264
num_leaves=15
num_cat=0
split_feature=17 23 30 3 32 25 16 19 16 14 25 18 33 7
split_gain=5.37018 5.54773 8.40676 12.2465 7.3961 11.8742 7.58823 14.5884 10.6811 9.79042 9.33922 7.17275 7.18705 7.04014
threshold=46.603846153846156 6.8050000000000006 818.50000000000011 59.250000000000007 0.043247637881784227 0.04579435939928251 81.550000000000011 12.118898809523808 80.750000000000014 65.350000000000009 0.11202590897494284 -14.199999999999998 410.50000000000006 7.5000000000000009
decision_type=8 10 8 2 2 10 8 10 10 8 10 10 2 10
left_child=-1 4 -3 -4 5 -2 7 8 -6 11 -9 -8 13 -13
right_child=1 2 3 -5 6 -7 9 10 -10 -11 -12 12 -14 -15
leaf_value=-0.0044348123604174517 -0.0024185207585804783 -0.00024934965971634378 0.0026718944324336954 -0.0014920399597777721 -0.00069788997070617802 0.0036475242706567696 -0.001546570857477294 -0.00049384897516770512 -0.0031387759018215214 -9.9125868028129434e-05 0.0049383948085804652 0.0064352211463627237 0.00064243225147322036 -0.0018667764895820187
leaf_weight=207.61750838684384 366.03290782647673 4221.2152313796105 2720.0813898107735 789.37317817949224 16160.342170248041 969.37058945206809 308.30996801517904 495.04331590468064 1751.0473321746103 30078.156552091241 595.23048852570355 583.23912836867385 527.05699460045435 84.825155185302719
leaf_count=10613 10196 85484 55802 12091 196608 15936 5906 2898 18379 308801 3034 5901 5139 1113
internal_value=-0.000112541 -9.3795e-05 0.000653409 0.00172751 -0.000205575 0.00195755 -0.000264558 -0.00073741 -0.000944588 2.06576e-05 0.00255836 0.00234314 0.0033684 0.00532452
internal_weight=59856.9 59649.3 7730.67 3509.45 51918.7 1335.4 50583.3 19001.7 17911.4 31581.6 1090.27 1503.43 1195.12 668.064
internal_count=737901 727288 153377 67893 573911 26132 547779 220919 214987 326860 5932 18059 12153 7014
is_linear=0
shrinkage=0.03


Tree=265
num_leaves=15
num_cat=0
split_feature=22 6 26 27 2 32 6 16 18 0 13 13 17 23
split_gain=10.0869 9.80361 9.73262 8.60489 8.4239 6.99135 7.54371 9.58656 6.2228 8.84681 9.90819 7.37426 7.42233 7.20513
threshold=8.5000000000000018 0.18465909090909094 -0.026835386318566135 319.50000000000006 8.5000000000000018 0.18202686095505621 0.44097222222222227 89.550000000000011 -16.500000000000007 11.500000000000002 35.650000000000013 79.050000000000011 62.800609756097565 4.1050000000000013
decision_type=10 2 10 10 8 2 2 8 8 2 10 10 10 10
left_child=5 -2 -3 -4 -5 8 -7 -8 9 10 13 12 -12 -1
right_child=1 2 3 4 -6 6 7 -9 -10 -11 11 -13 -14 -15
leaf_value=0.0067196414701146253 -0.001683124085718157 0.0024588210534614691 -0.0009742908430247192 0.0078852421508477724 -0.0050990834070003882 0.00031475630456890386 -0.0046502579037913218 0.00012734593318871658 3.248448172434838e-07 0.0024188402127782826 -0.0018252058043428027 0.0041449881285034419 -0.0076800363208949698 -0.0020519679415878359
leaf_weight=95.827057320391759 918.21646541159134 3724.3867534269812 1587.4289353564382 143.4040430720197 21.16909325029701 1073.2316157093737 986.60099366912618 590.83115744264796 49288.745496926596 288.61320178350434 381.66613792313728 45.41969219292514 457.26372971292585 160.08688008692116
leaf_count=1635 17575 58212 46132 4828 594 7655 7424 4619 540175 13895 14672 722 13386 5709
internal_value=-1.20151e-06 0.00111996 0.00160093 -0.000240395 0.00541606 -0.000136462 -0.00162379 -0.00291186 -5.72073e-05 -0.00197468 -0.00314162 -0.00458947 -0.0052689 0.00179401
internal_weight=59762.9 6394.61 5476.39 1752 164.573 53368.3 2650.66 1577.43 50717.6 1428.88 1140.26 884.35 838.93 255.914
internal_count=737233 127341 109766 51554 5422 609892 19698 12043 590194 50019 36124 28780 28058 7344
is_linear=0
shrinkage=0.03


Tree=266
num_leaves=15
num_cat=0
split_feature=14 0 24 16 31 32 30 20 26 17 16 34 6 30
split_gain=7.79257 9.23142 8.54867 7.88726 7.22038 13.277 9.23479 8.96577 8.05851 8.05898 8.34903 7.56943 9.74609 7.13868
threshold=74.950000000000017 13.500000000000002 0.28488592555454384 100.05000000000001 -0.0026788094703170165 0.058404579222993545 107.50000000000001 153.50000000000003 -0.17839877774797253 76.900862068965537 87.750000000000014 -0.016810042410744495 0.59411764705882364 808.50000000000011
decision_type=10 2 10 10 10 2 8 10 10 10 8 2 2 10
left_child=-1 2 4 13 5 -2 -7 8 9 -8 -11 12 -6 -4
right_child=1 -3 3 -5 11 6 7 -9 -10 10 -12 -13 -14 -15
leaf_value=0.00041329525682237076 0.0040380976183311389 0.0016422901280310897 -0.003979907784406096 0.006016465255895595 0.00044051228865338873 0.0026706732985672726 -0.0032645918567196981 0.0024519714273806698 -0.0027436958621311685 0.0063817613456245495 -0.00076092736303808711 0.00035446915301661489 -0.0053123196132537119 -0.0010064159548282905
leaf_weight=34950.124702253583 374.50708648539148 2014.5468807669822 1137.198563488666 63.492595836520195 545.89470162475482 401.71772074513137 275.95197294536047 365.85919949109666 3906.8884724997915 228.31913735065609 292.89396424801089 12879.592070822255 452.59555683587678 2000.6907300178427
leaf_count=477197 6132 31212 7740 374 5658 4408 2508 5123 46855 1875 2544 128318 5032 13445
internal_value=0.000124467 -0.000280301 -0.000452452 -0.00187796 -0.000216918 -0.00109649 -0.00148132 -0.00183317 -0.00218873 0.000532539 0.00265269 0.000156209 -0.00229611 -0.00212956
internal_weight=59890.3 24940.1 22925.6 3201.38 19724.2 5846.14 5471.63 5069.91 4704.05 797.165 521.213 13878.1 998.49 3137.89
internal_count=738421 261224 230012 21559 208453 69445 63313 58905 53782 6927 4419 139008 10690 21185
is_linear=0
shrinkage=0.03


Tree=267
num_leaves=15
num_cat=0
split_feature=8 20 29 8 29 20 24 15 18 33 24 20 4 9
split_gain=5.10474 11.5645 15.6764 10.8264 9.4591 8.88785 11.1647 8.02721 10.1966 7.51608 8.13026 7.41544 7.40777 7.28898
threshold=3.5000000000000004 143.50000000000003 0.20621733584876167 2.5000000000000004 0.090791562238930687 107.50000000000001 0.082390365239057045 83.816666666666691 -11.249999999999995 8.5000000000000018 0.013621519589374168 49.500000000000007 -3.0590277777777781 88.500000000000014
decision_type=2 10 8 2 10 10 10 10 10 2 10 10 2 2
left_child=3 2 9 5 -5 -1 7 8 -7 -2 -11 -6 -12 -4
right_child=1 -3 13 4 11 6 -8 -9 -10 10 12 -13 -14 -15
leaf_value=0.0002941871652610188 0.0037134084468705216 0.0017336338543273932 0.0013621115946523224 -0.0036575194963503932 0.011474107410062197 -0.002540719930672048 -0.0022883543822998357 -0.0040414637323124506 0.0029117013550528244 -0.0038324743838282762 0.0019170834521492501 -0.0010556316379255058 -0.0008958696769569872 0.0089778092595005164
leaf_weight=35328.855420968612 276.47234254039358 1978.3684991764603 305.33867465169169 41.928951363312081 133.07497323490679 371.73189678310882 2755.8139888189035 222.06829486973584 1157.9363869794179 759.67515288176946 845.05149801797234 45.096073793713003 15405.856341348146 153.21311743417755
leaf_count=427774 4794 26738 1964 634 1352 12252 29796 3235 16149 23557 13650 458 173497 1024
internal_value=-2.004e-05 -0.000414505 -0.000658188 0.000174471 0.00616069 0.000133715 -0.00111345 0.000747109 0.0015482 -0.000808746 -0.000892912 0.00876639 -0.000744164 0.0045392
internal_weight=59780.5 19724 17745.6 40056.5 220.1 39836.4 4507.55 1751.74 1529.67 17287.1 17010.6 178.171 16250.9 458.552
internal_count=736874 245224 218486 491650 2444 489206 61432 31636 28401 215498 210704 1810 187147 2988
is_linear=0
shrinkage=0.03


Tree=268
num_leaves=15
num_cat=0
split_feature=19 3 23 27 30 15 34 7 17 8 33 31 23 12
split_gain=6.16242 11.9787 8.8333 9.19293 8.29774 9.18868 8.49175 8.03701 11.0318 10.5542 8.44145 7.83224 7.81989 9.58631
threshold=5.9535185185185293 59.750000000000007 3.1750000000000003 -3.4999999999999996 2685.5000000000005 67.716666666666683 0.010582122548828838 4.5000000000000009 84.956111111111127 1.0000000180025095e-35 48.500000000000007 0.004203997974241991 6.3950000000000005 75.350000000000009
decision_type=10 2 10 10 8 10 2 8 10 2 2 8 10 10
left_child=7 4 3 -3 5 6 -2 8 10 -10 -1 -6 -12 -14
right_child=1 2 -4 -5 11 -7 -8 -9 9 -11 12 -13 13 -15
leaf_value=0.0025859213340395713 0.0036527699164166099 0.0004859828416416968 1.4236757813784056e-05 0.0048937023108535623 0.00053035970349722108 -0.00034434278998020151 -0.0022964751815251747 -0.00046587767277969839 0.0079089254370009066 -0.0020939482533973721 5.9517702354066074e-05 0.004998539898213911 0.0011506964548289268 0.0067648766619417015
leaf_weight=1671.5313936495222 937.590592373861 641.81313849566504 995.81329148937948 1289.7975077754818 908.51675646286458 10490.937871729722 239.28037281753495 23255.217299122363 50.89225154183805 2069.4359053496737 13533.515732648724 542.13375719171017 2959.2444617163856 256.56318107922561
leaf_count=28584 7462 4273 7239 7594 5705 68201 1767 360601 466 19586 157267 3047 62740 3313
internal_value=9.99899e-05 0.000601971 0.00232002 0.00347837 0.000211231 -5.85929e-05 0.00239888 -8.43998e-05 0.000347564 -0.00167718 0.000584531 0.00231111 0.000377697 0.00169532
internal_weight=59842.3 16045.9 2927.42 1931.61 13118.5 11667.8 1176.87 43796.4 20541.2 2120.33 18420.9 1450.65 16749.3 3215.81
internal_count=737845 105288 19106 11867 86182 77430 9229 632557 271956 20052 251904 8752 223320 66053
is_linear=0
shrinkage=0.03


Tree=269
num_leaves=15
num_cat=0
split_feature=4 31 21 10 5 17 25 34 26 34 34 13 16 16
split_gain=6.21615 6.11547 8.08228 9.3366 7.22497 8.01985 7.00681 11.3881 6.79036 6.3665 6.20761 6.09774 6.07486 8.15774
threshold=1.8651515151515172 0.0050321989971034318 0.027212143650499818 312.50000000000006 2.5000000000000004 75.901000000000025 0.058160471182681132 -0.0050772433338547368 0.83660995699850582 -0.0054685932034216267 -0.0019776396566302231 65.550000000000011 91.750000000000014 94.050000000000011
decision_type=2 10 8 2 2 8 10 2 10 2 2 10 10 10
left_child=12 2 6 -4 -5 11 7 -2 -3 -7 -8 -6 -1 -14
right_child=1 8 3 4 5 9 10 -9 -10 -11 -12 -13 13 -15
leaf_value=-3.0062439593866094e-05 0.0062368349436233731 0.00040893224056718361 -0.0012488011141605251 -0.0025956500884659213 -0.0012471730176306999 0.0058224222276766257 -0.0066638172587710279 -0.0038896977377376341 -0.0039863879725488254 -0.002591214457841157 -0.0019264831112130061 0.0089996702465631011 0.0024443122277911233 -9.8257187682952002e-05
leaf_weight=43937.546607736382 127.96457515109796 4549.0911886645481 4441.7230802192353 164.50328879849985 51.015488877310418 69.376081318827346 513.83218731288798 178.83773264219053 289.7402999731712 201.51591225597076 549.10095997760072 219.31715748622082 2132.6162889741827 2360.0203676829115
leaf_count=580232 2447 38293 43388 1439 673 707 4888 3171 2363 1841 4712 2166 23642 26807
internal_value=-7.04313e-05 -0.000700522 -0.00129683 -0.000735925 0.00236108 0.00395976 -0.00330456 0.0006161 0.00010767 0.000135018 -0.00441305 0.00717311 7.78838e-05 0.0011223
internal_weight=59786.2 11356 6517.19 5147.45 705.728 541.225 1369.74 306.802 4838.83 270.892 1062.93 270.333 48430.2 4492.64
internal_count=736769 106088 65432 50214 6826 5387 15218 5618 40656 2548 9600 2839 630681 50449
is_linear=0
shrinkage=0.03


Tree=270
num_leaves=15
num_cat=0
split_feature=19 12 17 33 26 3 12 4 29 1 34 4 13 13
split_gain=5.81548 8.66862 9.82968 8.81112 7.48069 7.30353 8.9077 7.20813 6.92592 6.77958 6.62332 6.51903 8.89427 8.28561
threshold=5.0037037037037146 63.350000000000001 62.020294117647062 377.50000000000006 -0.19607760770050051 59.250000000000007 83.550000000000011 2.087121212121215 0.096534120034732038 1055.0000000000002 -0.0011394023718582979 1.103571428571428 87.950000000000017 81.250000000000014
decision_type=10 10 10 2 10 2 10 2 10 2 2 2 8 8
left_child=-1 2 3 -2 -4 11 7 8 10 -9 -7 13 -13 -3
right_child=1 5 4 -5 -6 6 -8 9 -10 -11 -12 12 -14 -15
leaf_value=-0.00031550690024039504 0.0023328234624743422 -0.00050191901287796668 -0.00097324018381723064 -0.0062832930905615848 0.006324542435949823 0.0025998801296410706 0.003223336692253994 0.0025802357012481079 0.0035960718875193746 -0.0015580385132755836 -0.0033399184853361305 -0.00041045497536543326 -0.0036273721519226379 0.001267289807789412
leaf_weight=39784.750564746559 231.37906297808513 5562.8466198814567 144.46974258031696 124.00304223364219 554.45517938164994 272.91359390807338 1307.6509590097703 397.85741648590192 862.27004277193919 1731.0588575936854 306.16595803340897 3483.8481552167796 950.3563977975864 4092.2982252603397
leaf_count=599850 2139 39605 960 1037 4704 2251 8358 2666 5576 11873 2403 22790 6285 27053
internal_value=-0.000105768 0.000310749 0.00289479 -0.00107776 0.0048518 0.000159881 0.00115411 0.000362178 0.00196504 -0.000743205 -0.000556414 -0.000187198 -0.00113268 0.000250619
internal_weight=59806.3 20021.6 1054.31 355.382 698.925 18967.3 4877.92 3570.27 1441.35 2128.92 579.08 14089.3 4434.2 9655.14
internal_count=737550 137700 8840 3176 5664 128860 33127 24769 10230 14539 4654 95733 29075 66658
is_linear=0
shrinkage=0.03


Tree=271
num_leaves=15
num_cat=0
split_feature=22 11 27 26 15 17 9 16 22 14 14 24 16 1
split_gain=8.38828 8.70291 7.35326 9.82091 6.69934 7.77886 7.1471 9.50415 7.01374 6.69844 6.06059 8.69586 8.65734 7.9527
threshold=8.5000000000000018 31.500000000000004 -129.49999999999997 -0.039620299395658358 54.516666666666673 57.011293260473593 40.500000000000007 77.65000000000002 12.500000000000002 63.350000000000001 68.550000000000011 0.0081359981011912049 71.15000000000002 1560.5000000000002
decision_type=10 2 8 10 10 10 2 10 10 10 8 8 10 2
left_child=2 4 3 -1 5 -2 7 -6 -9 -7 12 -12 -4 -14
right_child=1 -3 10 -5 6 9 -8 8 -10 -11 11 -13 13 -15
leaf_value=-0.00039945113094905411 0.00084396335592107016 0.0046559205682284019 -0.0011811327472639771 -0.0029438071111665739 0.0030687101811013198 0.011837658595392027 0.0011027078652189929 -0.0029917868749016825 0.00320001935959009 -0.00065003988762904138 -0.0072451694459462193 -0.0001258497018474991 0.0018210657826986264 -0.0004772780674144561
leaf_weight=5885.2242804913549 299.54228210274596 491.17467533855233 1668.0277517082868 1736.0707678571343 332.1461856609676 97.828973552561365 3736.1730698097963 1270.9529982133536 146.57945708697662 45.602237379876897 105.0775011338992 37208.83794360311 4979.1469328465173 1830.2742938760202
leaf_count=68760 14746 11267 32329 27387 7174 3456 68146 19471 2189 1186 2733 390501 62946 25575
internal_value=-1.13927e-05 0.00100885 -0.000134851 -0.000994445 0.000670297 0.00402213 0.000365759 -0.0011948 -0.00226431 0.0087256 9.14455e-06 -0.000155567 0.00073079 0.00120433
internal_weight=59832.7 6420 53412.7 7621.3 5928.83 442.973 5485.85 1749.68 1417.53 143.431 45791.4 37313.9 8477.45 6809.42
internal_count=737866 127635 610231 96147 116368 19388 96980 28834 21660 4642 514084 393234 120850 88521
is_linear=0
shrinkage=0.03


Tree=272
num_leaves=15
num_cat=0
split_feature=11 18 18 17 12 11 7 32 17 19 14 14 33 32
split_gain=5.89216 7.79024 11.4194 7.20171 9.46238 8.3268 7.16265 6.84768 6.3747 6.75717 6.32666 10.0998 7.05856 14.9604
threshold=29.500000000000004 -1.9999999999999785 -2.8000000000000074 67.101785714285725 71.750000000000014 56.500000000000007 6.5000000000000009 0.058404579222993545 81.786607142857164 5.8638888888888845 64.750000000000014 64.350000000000009 236.50000000000003 0.052338437065022878
decision_type=2 10 10 10 10 2 10 2 10 10 10 10 2 2
left_child=10 2 3 -2 6 8 -5 -8 9 -6 11 12 -1 -14
right_child=1 -3 -4 4 5 -7 7 -9 -10 -11 -12 -13 13 -15
leaf_value=0.0010177562186401803 -0.0021607360408272738 0.0031106187119288109 -0.005122535450376128 0.0066292310128873407 -0.0024221981211275945 0.0066840020021923787 0.0065867048938378645 -0.00041336254012269431 0.0032761212849014743 0.0052451577932548293 -0.00019784980208366784 0.0054169952492749808 -0.0066178217001761639 5.1679701953879332e-05
leaf_weight=8464.5989851122722 513.22802699322347 1261.4866190920584 260.80415234295651 405.85780107555911 1005.265627022367 101.65750529104844 120.23183454433456 461.62118758377619 239.65715026506223 67.680562201887369 36336.582873335865 315.54349638614804 262.10465885268059 10013.284015718615
leaf_count=141390 11198 10160 2671 7102 15813 1827 3239 8993 4764 564 399286 4590 7899 118400
internal_value=0.000119031 0.00116458 0.000355393 0.000923581 0.00161323 1.62688e-05 0.00378889 0.00143986 -0.000726446 -0.00172654 3.42965e-05 0.000476331 0.000378947 -0.000149669
internal_weight=59829.6 4437.49 3176 2915.2 2401.97 1414.26 987.711 581.853 1312.6 1072.95 55392.1 19055.5 18740 10275.4
internal_count=737896 66331 56171 53500 42302 22968 19334 12232 21141 16377 671565 272279 267689 126299
is_linear=0
shrinkage=0.03


Tree=273
num_leaves=15
num_cat=0
split_feature=18 4 26 10 17 0 29 29 21 32 16 23 4 4
split_gain=7.52805 6.1538 12.6296 9.69502 7.37581 7.93183 6.00111 10.3907 8.88324 8.33711 6.45208 7.4721 8.22634 7.68341
threshold=-28.86666666666666 3.5156250000000004 -0.063231134195688474 50.500000000000007 73.601923076923086 10.500000000000002 0.065555976112372794 0.058995133522501832 0.11443452380952382 0.036287789812519039 83.450000000000017 3.5750000000000006 2.7795138888888897 1.410427807486631
decision_type=8 2 10 2 10 2 10 8 8 2 10 8 2 2
left_child=-1 6 4 -4 5 -3 7 8 9 -2 11 13 -13 -8
right_child=1 2 3 -5 -6 -7 10 -9 -10 -11 -12 12 -14 -15
leaf_value=-0.0049426437418077993 -0.0044744623693384498 0.00029424805287362322 0.0027257991383384346 -0.004916977600440871 -0.0010212076174357365 0.0085490836181350005 -0.0004991141008003192 0.0026976078405526998 -0.0022138627468453256 0.0016027168652128956 0.00027390974284255914 -5.2149494939729288e-05 0.0039494520483786405 -0.002135785859288811
leaf_weight=236.721139669884 176.83520801831037 264.23081293608993 142.55276054702699 951.7767039493192 934.09011387405917 127.75082496437244 11131.052669255529 1898.4674713858403 1096.1060960970353 2033.9459559327224 22782.383411122719 14263.93921737012 427.81477872189134 3330.964506726712
leaf_count=14270 6373 1912 1333 8866 7226 1195 115277 32098 19425 40511 237800 220479 4330 26776
internal_value=-9.3135e-05 -6.97317e-05 -0.00153568 -0.00384579 0.000441189 0.00364737 -6.34874e-06 0.000959762 -6.32466e-05 0.00102841 -0.000104008 -0.000399298 7.73749e-05 -0.00088214
internal_weight=59798.6 59561.9 2420.4 1094.33 1326.07 391.982 57141.5 5205.35 3306.89 2210.78 51936.2 29153.8 14691.8 14462
internal_count=737871 723601 20532 10199 10333 3107 703069 98407 66309 46884 604662 366862 224809 142053
is_linear=0
shrinkage=0.03


Tree=274
num_leaves=15
num_cat=0
split_feature=21 4 4 9 16 30 32 4 23 16 23 14 3 13
split_gain=6.27075 8.08423 6.94892 13.3605 10.9911 8.31188 7.22893 7.18712 8.195 6.78776 6.60436 13.5425 11.7289 8.7264
threshold=0.13667496886674971 -4.447222222222222 1.9472222222222231 102.50000000000001 90.950000000000017 554.50000000000011 0.062266640115497596 -0.85504201680672043 0.80500000000000016 72.750000000000014 0.60500000000000009 74.950000000000017 59.750000000000007 85.050000000000011
decision_type=8 2 2 2 10 10 2 2 10 8 10 8 2 10
left_child=2 -2 4 -4 -1 7 -7 -6 -9 -3 11 -11 -13 -12
right_child=1 9 3 -5 5 6 -8 8 -10 10 13 12 -14 -15
leaf_value=0.00012787605630721165 0.0062860430212703655 -0.0040723478934023994 -0.0015015612589198164 0.003435745081943609 0.0040742880750500431 -0.003589963550195491 0.0049546915409530573 0.0042106748656198546 -0.0050545851478045857 0.0021313364451688681 -0.0014694945486469825 -0.00079021015155385189 0.0024219214585125123 0.00019892591668180631
leaf_weight=26772.126748934621 106.16530948877335 438.82422345096711 4336.764753696043 508.10868004802614 164.39318212214857 62.65700624207966 926.64783284370787 75.071484243264422 268.91492314497009 2148.2809338513762 9299.260569194681 9628.171475390438 1095.2542428381275 4025.2487561593298
leaf_count=376959 1624 6742 42654 4632 2253 1345 12226 648 3406 19877 113009 101676 8465 42163
internal_value=-0.000186003 -0.000527256 8.99492e-05 -0.000953953 0.000270221 0.0027284 0.00426685 -0.000379397 -0.00275478 -0.00056614 -0.00049976 -1.46109e-05 -0.000452416 -0.000966616
internal_weight=59855.9 26741.2 33114.7 4844.87 28269.8 1497.68 989.305 508.38 343.986 26635 26196.2 12871.7 10723.4 13324.5
internal_count=737679 293556 444123 47286 396837 19878 13571 6307 4054 291932 285190 130018 110141 155172
is_linear=0
shrinkage=0.03


Tree=275
num_leaves=15
num_cat=0
split_feature=35 25 25 15 10 9 10 26 19 19 25 26 15 12
split_gain=7.26697 5.45498 8.02519 10.0957 7.14573 6.50828 6.66908 6.19346 6.2976 7.84677 5.12035 4.91855 4.79554 6.23977
threshold=2.5000000000000004 0.21731092150441697 0.28282146415376913 81.983333333333363 290.50000000000006 32.500000000000007 284.50000000000006 -0.22254991489009382 -0.79198717948717945 -2.813029100529103 0.21435953178293254 -0.13365331559299262 93.741666666666688 88.65000000000002
decision_type=2 10 10 10 2 2 2 10 10 10 10 10 10 8
left_child=12 10 5 11 -5 6 -3 8 9 -7 -2 -4 13 -1
right_child=1 2 3 4 -6 7 -8 -9 -10 -11 -12 -13 -14 -15
leaf_value=0.00016682140990087818 -0.00027743836098824469 0.004256754478787041 0.0006905089292805794 0.007095888894844065 -0.0027823845671099898 -0.0028899956851024034 -0.0046773854632182962 -0.0053208893669718102 -0.0025482010851372908 0.01123695433012625 0.0050209325158262156 -0.0058408006679848239 -0.002308063102066184 0.0013654157240324998
leaf_weight=24194.875586394221 28340.049732925138 164.25418068794534 210.10553887346759 210.99106027185917 57.992194176884368 34.778393367188983 67.935170273296535 816.93928145430982 271.30098500638269 29.298201760742813 115.22099565085955 138.64521504635923 569.55640668421984 4616.8413997739553
leaf_count=132046 550475 2035 2540 2586 680 679 874 11348 3094 469 1583 1806 3011 24442
internal_value=-3.0992e-05 -0.000355415 -0.00184964 0.000942372 0.00486385 -0.0030848 0.00127715 -0.00398029 -0.000448076 0.0056634 -0.000247215 -0.00231281 0.000305348 0.000360919
internal_weight=59838.8 30457.5 2002.24 617.734 268.983 1384.51 232.189 1152.32 335.378 64.0766 28455.3 348.751 29381.3 28811.7
internal_count=737668 578169 26111 7612 3266 18499 2909 15590 4242 1148 552058 4346 159499 156488
is_linear=0
shrinkage=0.03


Tree=276
num_leaves=15
num_cat=0
split_feature=27 20 26 24 32 0 4 32 20 29 27 32 26 4
split_gain=5.14999 6.98894 8.68145 9.07734 8.58122 13.6205 9.99264 10.1588 8.71615 8.55102 10.2642 7.77006 7.31214 7.29607
threshold=-139.49999999999997 8.5000000000000018 -0.097247619775418445 0.083999130973862843 0.093337727971874326 7.5000000000000009 0.09232954545454676 0.070195491594498227 122.50000000000001 0.10253112890725911 -350.49999999999994 0.11579812558094985 -0.099221864379113109 -0.95227272727272794
decision_type=8 10 10 10 2 2 2 2 10 8 10 2 10 2
left_child=1 -1 12 4 6 -6 -4 9 -7 10 -8 -10 13 -3
right_child=-2 2 3 -5 5 8 7 -9 11 -11 -12 -13 -14 -15
leaf_value=0.002582492827785941 9.4741658866058547e-05 0.0025223210473312796 -0.0046837210850021486 -0.00395620284326096 0.0049050402786956406 -0.0025613085543669152 0.0064839570182044079 -0.0032070462764593206 0.0060327978450806577 0.0079134628394350003 -0.0039089995860925797 -0.00053880882817313239 0.0072230783843206534 -0.00069646262261232347
leaf_weight=513.0844574868679 50415.701993010938 743.55215989612043 861.54042257473338 1168.1613866303815 411.45559457573108 1032.2400389796821 81.779595623025671 428.7031147389207 196.89083910966292 140.09030876867473 193.95665462850593 449.67454268899746 78.582873310660943 3098.471349780215
leaf_count=6166 608086 9902 23077 13582 3857 15214 2245 6842 3752 2217 4289 6258 1018 30883
internal_value=-2.56276e-05 -0.000668422 -0.000869552 -0.0016965 -0.000958785 0.000332539 -0.00250532 -0.000145466 -0.000897578 0.00301636 -0.000304459 0.00175176 0.000185756 -4.91259e-05
internal_weight=59813.9 9398.18 8885.1 4964.49 3796.33 2090.26 1706.07 844.53 1678.81 415.827 275.736 646.565 3920.61 3842.02
internal_count=737388 129302 123136 81333 67751 29081 38670 15593 25224 8751 6534 10010 41803 40785
is_linear=0
shrinkage=0.03


Tree=277
num_leaves=15
num_cat=0
split_feature=21 20 14 29 32 25 20 16 23 29 14 23 14 18
split_gain=9.32359 9.34745 9.04964 8.38997 8.20354 8.0245 8.8016 6.58669 8.74719 10.1812 7.98784 7.40398 7.1472 9.28788
threshold=0.26006441223832533 324.50000000000006 76.250000000000014 0.11190586932447398 0.080650166324410674 0.17275905262099586 39.500000000000007 86.450000000000017 3.8050000000000002 0.078864897570842515 68.350000000000009 4.4850000000000012 50.95000000000001 -1.0000000180025095e-35
decision_type=10 10 8 10 2 10 10 8 10 8 8 10 10 10
left_child=1 7 4 -4 -2 -5 -7 8 -1 10 12 -11 -10 -14
right_child=2 -3 3 5 -6 6 -8 -9 9 11 -12 -13 13 -15
leaf_value=-0.00049479200941857971 0.0071659483859108615 -0.0042817513137404055 -0.0027231232574259833 -0.002466956725988372 0.0003313176957901259 -0.00073157058691150634 0.0027834007906713024 0.00062848455944686037 0.0021176908413061898 0.0027632458111406894 0.00031588564730769623 0.0006052553624337117 -0.0039311528417928891 0.0048074486522943103
leaf_weight=20290.159429314896 130.39853572705761 383.87231901218183 2657.1372437574901 1361.5635722163133 1323.5565511039458 2228.1805018840823 842.79232263984159 16673.257942933589 228.04220591590274 1685.9324247439217 2248.8878089255886 8434.5686064072652 1259.7773500463227 77.537453448865563
leaf_count=205406 1768 7722 27261 13279 12794 15705 6468 199551 8791 20223 47603 135129 35703 553
internal_value=-4.99071e-05 0.000103245 -0.000964433 -0.00140564 0.00116214 -0.000594288 0.00026221 0.000140486 -9.78215e-05 0.000479903 -0.000833491 0.000976563 -0.00244342 -0.00326949
internal_weight=59825.7 51282 8543.63 7089.67 1453.96 4432.54 3070.97 50898.2 34224.9 13934.7 3814.24 10120.5 1565.36 1337.31
internal_count=737956 660681 77275 62713 14562 35452 22173 652959 453408 248002 92650 155352 45047 36256
is_linear=0
shrinkage=0.03


Tree=278
num_leaves=15
num_cat=0
split_feature=4 29 11 2 8 18 16 32 22 18 12 15 23 35
split_gain=5.00019 8.42724 8.58046 9.92997 10.5846 11.7191 9.82147 8.30768 7.72602 8.73846 8.58566 10.0702 7.27596 9.7111
threshold=1.410427807486631 0.21953134749150746 25.500000000000004 7.5000000000000009 2.5000000000000004 -0.1999999999999815 88.550000000000011 0.031729227637103959 5.5000000000000009 -9.9666666666666774 67.15000000000002 79.983333333333363 13.105000000000002 4.5000000000000009
decision_type=2 8 2 10 2 10 10 2 10 10 10 10 10 2
left_child=1 2 7 4 5 8 -6 -1 9 -4 -10 -12 13 -2
right_child=12 -3 3 -5 6 -7 -8 -9 10 -11 11 -13 -14 -15
leaf_value=-0.0040136321348751705 -9.9828756453305723e-05 0.0037077536878918596 -0.0041395460871853024 0.0060594760574835191 -0.0027513528877866592 0.0076082044200125667 0.003600701223754119 0.00013701382654232285 0.0001790546152677101 0.00113924231535514 0.0077402252406701798 -0.0013429746892512932 0.0035156179962683039 -0.0020748369901543275
leaf_weight=388.9580993448908 13026.816369093955 587.1951774538029 312.16522934962995 342.88653009710833 914.97742428467609 254.01734625687823 237.04990629781969 38568.009589591878 451.69229528598953 1228.8096183068119 416.20166625152342 126.34186796261929 380.32212876202539 2657.5572880753316
leaf_count=12048 86015 3938 6979 5380 15678 1773 3644 495072 11398 14788 8272 2796 7063 63693
internal_value=0.000116329 0.000282222 0.000231476 0.00149776 0.00102995 0.00201893 -0.0013489 9.04809e-05 0.0013226 -2.66036e-05 0.00331488 0.00569019 -0.000335739 -0.000440004
internal_weight=59893 43828.3 43241.1 4284.14 3941.26 2789.23 1152.03 38957 2535.21 1540.97 994.236 542.544 16064.7 15684.4
internal_count=738537 581766 577828 70708 65328 46006 19322 507120 44233 21767 22466 11068 156771 149708
is_linear=0
shrinkage=0.03


Tree=279
num_leaves=15
num_cat=0
split_feature=33 14 2 31 25 4 24 19 34 17 4 0 27 24
split_gain=5.50637 8.05002 7.25461 8.34901 7.1692 8.51698 7.34462 6.08085 5.90075 5.36131 6.86272 5.3479 5.50624 5.62804
threshold=3550.5000000000005 71.750000000000014 3.5000000000000004 0.00097228715401217493 0.11458285777888953 -2.5999999999999974 0.12622076636985227 8.8384920634920565 -0.00034703933571374472 44.252272727272732 0.82738095238094911 8.5000000000000018 -19.499999999999996 0.37488279453159196
decision_type=2 10 8 8 10 2 10 8 2 8 2 2 10 10
left_child=9 2 -2 8 -3 -6 -7 -5 -4 10 -1 -8 -13 -14
right_child=1 4 3 7 5 6 11 -9 -10 -11 -12 12 13 -15
leaf_value=-0.0082765627502653632 -0.0069775501099473758 0.0016164405157940147 -0.0066281302464208719 0.0058978336009486943 0.0053994983220262052 -0.0067354824914692074 -0.0052292468382003207 -0.00042099711782792959 0.0011184724549619782 5.6018655033013675e-05 0.0028235790363946036 0.003812556805552095 -0.0036120916252565939 0.0041977470517167003
leaf_weight=98.1716283634305 46.595644393237308 271.68762848828919 101.32489340333268 349.24332153098658 50.278599058976397 495.73878280981444 255.90458572097123 199.1295634736307 184.77903111628257 57220.54508103765 45.350782547960989 156.45934445108287 341.94458669284359 60.675996517762542
leaf_count=5773 411 3335 1155 3187 489 5331 1601 1572 1794 706996 2077 1435 2698 389
internal_value=-2.15519e-05 -0.00138182 0.000897223 0.00170652 -0.00260181 -0.00347131 -0.00399749 0.00375984 -0.00220291 3.92081e-05 -0.00494579 -0.00203895 -0.000269278 -0.00210143
internal_weight=59877.8 2513.76 881.072 834.477 1632.69 1361 1310.72 548.373 286.104 57364.1 143.522 814.985 559.08 402.621
internal_count=738243 23397 8119 7708 15278 11943 11454 4759 2949 714846 7850 6123 4522 3087
is_linear=0
shrinkage=0.03


Tree=280
num_leaves=15
num_cat=0
split_feature=21 20 2 15 19 27 15 27 28 12 4 31 8 25
split_gain=6.47892 5.64019 7.43816 7.14348 7.27811 6.4507 7.367 6.32956 5.39207 6.49661 5.76523 5.3759 4.91726 12.8413
threshold=0.93750000000000011 209.50000000000003 7.5000000000000009 86.316666666666677 3.3066666666666653 -258.49999999999994 73.116666666666688 10.500000000000002 0.75000000000000011 78.050000000000011 -1.040064102564102 0.007551321808499714 1.5000000000000002 0.13963159657106575
decision_type=10 10 8 8 10 10 10 10 10 10 2 10 2 8
left_child=1 12 3 4 -3 -6 -7 -4 9 -2 -11 -8 13 -1
right_child=8 2 7 -5 5 6 11 -9 -10 10 -12 -13 -14 -15
leaf_value=-0.0041781899218238574 -0.0062425055474269334 -0.002122519120324053 -0.0073672869134572428 -0.0059708131176196442 -0.002497702620806723 0.0082053385271450112 0.0033586901628745378 0.0020336452526807862 -0.0052582922409897424 -0.0038795275683313033 0.0030273524206689338 -0.0034468798849626118 0.00011295098044584091 -0.00021672460944714182
leaf_weight=815.64026152610313 88.105457858880982 633.28452596988063 250.69924269348849 150.69503258424811 161.95019140024669 161.35114763909951 236.14728303882293 58.563357109902427 339.27416650950909 104.64465565700084 331.04339009430259 116.72927286243066 51372.025706111453 4977.773172074114
leaf_count=12902 922 15109 3861 1890 2221 1670 2207 851 2358 807 2328 933 625049 64130
internal_value=-7.19435e-05 -3.30633e-05 -0.00167743 -0.000700188 0.000103658 0.0021912 0.0037584 -0.00555181 -0.0025797 -0.000537684 0.00113984 0.000959064 1.92556e-05 -0.000805428
internal_weight=59797.9 58934.9 1769.42 1460.16 1309.46 676.178 514.228 309.263 863.068 523.794 435.688 352.877 57165.4 5793.41
internal_count=737238 730823 28742 24030 22140 7031 4810 4712 6415 4057 3135 3140 702081 77032
is_linear=0
shrinkage=0.03


Tree=281
num_leaves=15
num_cat=0
split_feature=19 15 30 32 4 10 21 12 20 33 18 19 27 12
split_gain=6.49131 5.92468 7.65143 5.8641 4.9808 10.7864 9.96993 6.56206 6.33071 6.95098 5.45656 6.32634 6.73922 7.35726
threshold=-13.870833333333328 54.01666666666668 37.500000000000007 0.093337727971874326 -3.1485294117647054 61.500000000000007 0.069204980842911892 79.550000000000011 126.50000000000001 28.500000000000004 -13.566666666666658 -9.1218253968253915 92.500000000000014 77.950000000000017
decision_type=8 8 10 2 2 2 10 10 10 2 8 10 10 10
left_child=3 2 -2 -1 5 -3 7 -7 9 -8 11 12 -6 -14
right_child=1 4 -4 -5 10 6 8 -9 -10 -11 -12 -13 13 -15
leaf_value=-0.0063141047908905077 -0.0049601187932058624 0.0067452658187036564 0.0031879993240184305 3.4437359395140454e-05 -0.0014434674543643963 -0.0034814557174169488 -0.005493044326020784 0.00478960609292682 -0.0046113537021717057 0.0041461884420629612 -4.6767321724310537e-05 -0.0020652027139691402 0.007547672332347803 -0.0034348984996822214
leaf_weight=232.6844543548068 72.42495910380967 245.9850624022074 835.17978704266716 242.94784858089406 274.25106554769445 541.03809501277283 31.185655651148409 56.454303342616186 56.496997192269191 692.13417258078698 54028.980597910821 2263.4479248889256 165.75456558843143 41.010071520926431
leaf_count=17316 1545 4895 21619 7034 10202 11802 630 660 1044 10621 578500 63060 7668 834
internal_value=-5.73376e-05 -2.78951e-05 0.00231276 -0.00337653 -6.6221e-05 0.00154705 0.000414891 -0.00239045 0.00257885 0.00340231 -0.000113669 -0.00140633 0.00159654 0.00512467
internal_weight=59780 59304.3 907.605 475.632 58396.7 1623.29 1377.31 597.492 779.817 723.32 56773.4 2744.46 481.016 206.765
internal_count=737430 713080 23164 24350 689916 29652 24757 12462 12295 11251 660264 81764 18704 8502
is_linear=0
shrinkage=0.03


Tree=282
num_leaves=15
num_cat=0
split_feature=23 31 6 23 10 24 24 31 6 4 1 9 25 22
split_gain=6.71008 5.64017 6.92438 7.57348 6.3467 6.40029 7.68813 14.267 7.41784 6.83874 5.81625 5.75958 8.90779 7.90122
threshold=-4.4949999999999992 -0.018666484617046796 0.92582417582417598 4.4850000000000012 24.500000000000004 0.019672763939230519 0.053715840350023324 -0.022906594222739232 0.81534090909090928 -2.3708333333333331 1717.5000000000002 45.500000000000007 0.10234648393599394 3.5000000000000004
decision_type=8 10 2 8 2 10 10 10 2 2 2 2 10 10
left_child=-1 2 4 -4 -2 -6 7 8 10 -8 -7 12 -11 -14
right_child=1 -3 3 -5 5 6 9 -9 -10 11 -12 -13 13 -15
leaf_value=-0.0037798333503974873 0.0027243915788849309 6.8584184627068062e-05 0.0060288520292665453 -0.0022555885932945725 -0.0054117841632112919 0.0093029913126863213 0.0030465873395795181 -0.0037734613499519867 -0.0035117181449120976 -0.0055918108969381097 -0.0020813623460917028 -0.0046284247504094246 -0.0019285004341280867 0.0065385320380773907
leaf_weight=375.14723953022622 209.9113562508719 56521.889360231347 179.77472778223455 138.85847843985539 428.54301839752588 197.94918900448829 138.24915974028409 198.00209203641862 34.504056640667841 142.89243710949086 29.041690067620948 830.92002961074468 165.64673370425589 146.10456952406093
leaf_count=2393 3173 693748 2026 2535 8835 3392 2000 3689 658 1821 505 8993 1399 1625
internal_value=-2.43507e-05 2.54357e-06 -0.00129007 0.00260229 -0.00182292 -0.00228474 -0.00145162 0.00178524 0.00592433 -0.00252136 0.00773367 -0.00321177 -0.000420607 0.00239491
internal_weight=59737.4 59362.3 2840.4 318.633 2521.76 2311.85 1883.31 459.497 261.495 1423.81 226.991 1285.56 454.644 311.751
internal_count=736792 734399 40651 4561 36090 32917 24082 8244 4555 15838 3897 13838 4845 3024
is_linear=0
shrinkage=0.03


Tree=283
num_leaves=15
num_cat=0
split_feature=24 17 25 14 29 33 25 34 27 2 26 19 2 0
split_gain=3.88265 7.94116 10.6206 8.99123 8.01344 7.51443 7.31206 7.08147 6.79132 6.71081 8.12239 6.95221 6.3514 6.72447
threshold=0.22843336544628265 78.609005376344101 0.23511692997896552 76.750000000000014 0.061543076000184584 393.50000000000006 0.11593488284773275 -0.01010823501809684 -224.49999999999997 4.5000000000000009 0.69201820880865617 -3.6583333333333239 3.5000000000000004 10.500000000000002
decision_type=10 10 10 10 10 2 10 2 10 10 10 10 10 2
left_child=-1 3 6 4 -2 7 -3 -4 -5 10 -6 -11 -8 -14
right_child=1 2 5 8 9 -7 12 -9 -10 11 -12 -13 13 -15
leaf_value=-4.3909588021543786e-05 0.0055967051636671272 -0.0026723659259694737 -0.0022584560882785345 -0.0074777063036357058 0.0018865652169133996 -0.0011293274781288916 -0.00036831431574484727 0.0039015846798421058 -0.0013058272363510796 0.0050440846040526602 -0.002849504607898097 -0.0020437110098184661 0.005353236814277771 0.0014817512343501486
leaf_weight=49474.69117088351 218.42186088906601 160.73604276124388 189.75046135112643 136.53463406511582 2067.1540111650247 1574.0750956977718 341.07983535132371 597.16474406165071 1443.3627015076345 89.78121508914046 339.41498763835989 1279.3566599958576 1185.1037578829564 674.02344786468893
leaf_count=660088 2331 1516 1253 1401 15965 9590 2471 3796 10951 1415 2872 9685 7929 5940
internal_value=6.65709e-05 0.000595104 0.00149349 -0.000172455 0.00058728 6.19619e-05 0.00289406 0.00237002 -0.00205223 0.00022813 0.0011742 -0.00141759 0.00335106 0.0040252
internal_weight=59770.7 10296 4721.93 5574.03 3994.13 2360.99 2360.94 786.915 1579.9 3775.71 2406.57 1369.14 2200.21 1859.13
internal_count=737203 77115 32495 44620 32268 14639 17856 5049 12352 29937 18837 11100 16340 13869
is_linear=0
shrinkage=0.03


Tree=284
num_leaves=15
num_cat=0
split_feature=34 31 4 14 21 12 5 33 9 6 25 4 31 33
split_gain=4.56491 11.7066 10.4125 9.57917 11.8731 7.94681 7.5712 6.49549 9.61718 8.59831 7.17835 6.42483 8.69732 8.144
threshold=0.0090741752120768997 0.035914104134718496 2.5147058823529425 81.750000000000014 0.21473779385171793 86.450000000000017 12.500000000000002 34.500000000000007 94.500000000000014 0.19375000000000003 0.044166790502579135 -1.2777777777777748 0.016745073011147249 1190.5000000000002
decision_type=2 8 2 10 8 10 2 2 2 2 10 2 10 2
left_child=-1 3 5 4 6 -3 7 8 9 -2 -11 12 13 -5
right_child=1 2 -4 11 -6 -7 -8 -9 -10 10 -12 -13 -14 -15
leaf_value=-0.00015445599922204965 -0.0028360574245016187 0.0079475933857895975 -0.0038903253948466979 0.0075304396283769172 -0.0015195695595287401 -0.0026840466857451233 -0.006039577840500872 0.00032607015906417977 -0.0050748474855390685 0.010942654419282818 0.003231751830235901 0.0010405704670817435 -0.0043491752191095814 -0.0008957320980994359
leaf_weight=42631.168009678717 102.48910435801372 365.91830312041566 70.932927493471652 392.12848297506571 3749.7574125023093 49.511066456791013 108.13739912747405 8179.9162865456892 73.106308841845021 123.74190975143574 499.53675329079852 3247.3019831217825 53.744990119244903 121.83506381441839
leaf_count=545429 1511 3243 482 4662 38591 350 2033 97600 1008 3098 6436 31430 491 1189
internal_value=1.17922e-05 0.000424583 0.00478779 0.000283191 -0.000110626 0.00652829 0.000475915 0.000587397 0.00308638 0.00418256 0.00546158 0.00159259 0.00441033 0.00563069
internal_weight=59769.2 17138.1 486.362 16651.7 12836.7 415.429 9086.93 8978.79 798.874 725.768 623.279 3815.01 567.709 513.964
internal_count=737553 192124 4075 188049 150277 3593 111686 109653 12053 11045 9534 37772 6342 5851
is_linear=0
shrinkage=0.03


Tree=285
num_leaves=15
num_cat=0
split_feature=25 24 4 30 30 7 31 9 26 14 12 0 23 30
split_gain=6.0172 12.4672 12.3641 10.2026 11.4065 9.18095 7.64831 7.55493 7.13688 7.32847 6.41222 6.23581 6.08467 5.04527
threshold=0.11938728432272022 0.19583353011227739 1.4309523809523805 2250.5000000000005 1902.5000000000002 4.5000000000000009 0.014759299617067106 2.5000000000000004 -0.026097889064473863 65.350000000000009 58.350000000000001 12.500000000000002 20.815000000000001 242.50000000000003
decision_type=8 10 2 10 8 10 10 2 10 10 10 2 10 10
left_child=1 2 -1 4 12 10 -7 -2 -5 -10 -3 -12 -4 -9
right_child=7 5 3 8 -6 6 -8 13 9 -11 11 -13 -14 -15
leaf_value=0.00018940513965911239 -0.0064149553880305122 0.0034203026971228799 -0.0016383761294665297 6.9751134930510101e-05 -0.0071268175824469645 -0.0017502355225803943 0.0042295444616390551 -0.00054667825725542723 -0.0021161417642425648 0.0096724065974551354 -0.0058547785428092504 0.0012043170597863843 0.0061569926117878461 0.00043312348950871416
leaf_weight=18911.630490826792 103.17008032021113 53.146241935435683 4436.6944687452633 582.63364825188182 305.2711350992322 912.22250149829779 191.33992758300155 5670.4986011039873 45.470043911715038 111.11749708780553 882.26972888689488 110.63701934705023 43.858933256939054 27385.310811783653
leaf_count=322386 1007 678 54258 6328 3824 9688 1618 60294 905 1519 7576 1327 1112 264613
internal_value=-3.53765e-05 -0.000371237 -0.000176138 -0.00141783 -0.00192417 -0.00253469 -0.000575052 0.000234064 0.00177452 0.00656557 -0.00448152 -0.00504817 -0.00149496 0.000264473
internal_weight=59745.3 26586.3 24436.7 5525.05 4785.82 2149.62 1103.56 33159 739.221 156.588 1046.05 992.907 4480.55 33055.8
internal_count=737133 411219 390332 67946 59194 20887 11306 325914 8752 2424 9581 8903 55370 324907
is_linear=0
shrinkage=0.03


Tree=286
num_leaves=15
num_cat=0
split_feature=23 29 0 20 20 20 29 27 12 34 26 4 21 34
split_gain=5.48908 6.22931 5.86175 11.331 11.296 9.13749 7.3127 7.24233 6.05117 5.97614 8.28628 5.65163 7.35685 6.48987
threshold=-4.4949999999999992 0.11140886793150245 6.5000000000000009 104.50000000000001 143.50000000000003 19.500000000000004 0.079567016171415289 280.50000000000006 82.750000000000014 -0.0031864610442082675 -0.020159215963631797 4.0156250000000009 0.20550527903469082 0.0048636257205216535
decision_type=8 10 2 10 10 10 10 10 10 2 10 2 8 2
left_child=1 -1 3 5 -5 7 9 -2 -8 -7 -11 -4 -13 -14
right_child=2 -3 11 4 -6 6 8 -9 -10 10 -12 12 13 -15
leaf_value=-0.0069601145332376779 -0.00093735225214146159 0.00025271119205626605 0.00011191740453762572 -0.0096411474739993355 -0.0013641017420086366 -0.005755187012680271 0.0035424665776005062 -0.0058579920723729733 -0.00098059180961172191 0.004673570978227919 -0.0056716647430143366 -0.0036625360258630679 0.0043207850742794218 -0.0021862369692847638
leaf_weight=169.70684409607202 2570.96622991818 204.88687385385856 53114.542433968512 204.89443756686524 403.6438555973582 163.72716844617389 943.64369432767853 255.52122371830046 338.47502137906849 146.91379878297448 59.146920318016782 751.20090611488558 216.44371159235016 240.85328429075889
leaf_count=1240 20308 1173 683078 1676 3414 1766 7405 2205 2005 1312 570 6841 1889 1941
internal_value=-5.09132e-05 -0.00344982 -2.65994e-05 -0.000995259 -0.00467139 -0.000449671 0.00129867 -0.00147628 0.00235641 -0.00221253 0.00117646 6.49399e-05 -0.00192218 0.00101592
internal_weight=59784.6 374.594 59410 5086.93 608.538 4478.39 1651.91 2826.49 1282.12 369.788 206.061 54323 1208.5 457.297
internal_count=736823 2413 734410 40661 5090 35571 13058 22513 9410 3648 1882 693749 10671 3830
is_linear=0
shrinkage=0.03


Tree=287
num_leaves=15
num_cat=0
split_feature=19 18 11 1 35 27 23 19 11 32 1 34 18 28
split_gain=4.45936 7.32984 7.51847 7.01379 5.69833 5.48358 4.4345 12.0701 5.76989 6.11037 5.63948 6.38815 7.8235 7.46956
threshold=-13.870833333333328 -24.566666666666677 12.500000000000002 1385.0000000000002 2.5000000000000004 150.50000000000003 -0.79499999999999993 -2.5154700854700773 42.500000000000007 0.063002890173410417 1499.0000000000002 0.018170962994373117 -0.1999999999999815 -3.7499999999999996
decision_type=8 8 2 2 2 10 8 10 2 2 2 2 10 10
left_child=3 2 4 -1 -2 -5 7 -3 9 -9 -11 12 13 -12
right_child=1 6 -4 5 -6 -7 -8 8 -10 10 11 -13 -14 -15
leaf_value=-0.0055274903804674261 -0.0022756367489536957 -0.0039476011331325877 -0.003140920832655757 0.005284670225830501 0.011123004891368532 -0.00299419734328513 -0.00013237421649613573 0.0062888754677000135 -0.0049837977392318648 0.001871995661349256 0.0042018194476088734 0.0032019874146187169 0.0022790205158138466 -0.0041083792779222422
leaf_weight=276.95093230414204 17.27627020701766 392.36538369837217 36.753687605028972 96.786162734380923 88.931777189136483 95.949064280022867 54175.146969011985 172.88924088259228 82.427578132599592 2963.4710869673872 71.105735668446869 284.51611112197861 304.25158586259931 683.95431149983779
leaf_count=14432 118 6289 1422 4540 4962 5359 667073 1655 725 21090 630 2079 1620 5538
internal_value=-5.88389e-05 -3.45504e-05 0.005803 -0.00282575 0.00891274 0.00139541 -5.3555e-05 0.000800926 0.00124764 0.00141603 0.00115052 -0.000450583 -0.00153172 -0.00311343
internal_weight=59742.8 59273.1 142.962 469.686 106.208 192.735 59130.1 4954.98 4562.62 4480.19 4307.3 1343.83 1059.31 755.06
internal_count=737532 713201 6502 24331 5080 9899 706699 39626 33337 32612 30957 9867 7788 6168
is_linear=0
shrinkage=0.03


Tree=288
num_leaves=15
num_cat=0
split_feature=29 29 27 24 6 7 30 29 3 18 14 15 34 23
split_gain=7.39822 7.66705 9.5272 8.7079 9.95316 6.85477 8.59546 7.30167 7.05159 6.79098 6.30034 6.8577 7.36313 6.68785
threshold=0.045548077939466552 0.066001107419712088 -89.499999999999986 0.1839627618857276 0.324561403508772 4.5000000000000009 132.50000000000003 0.062174245955123518 54.750000000000007 -10.299999999999999 81.950000000000017 87.883333333333368 -0.0069117668727641966 3.9750000000000005
decision_type=8 10 10 10 2 8 10 10 2 10 8 10 2 10
left_child=-1 2 5 10 -5 6 -2 9 -7 -8 13 12 -12 -4
right_child=1 -3 3 4 -6 8 7 -9 -10 -11 11 -13 -14 -15
leaf_value=-0.0021512722277219837 0.0033929992225152365 5.5448245936628228e-05 0.0036485664534779542 -0.0070255247693308291 0.0014486453852321926 -0.004380207164056636 0.0013669338346926827 0.00085401087977424205 0.0019776024876469156 -0.0093314744845314768 0.0012475623154585046 -0.0034742738333219266 0.0090419742981843985 4.5309454763702657e-05
leaf_weight=1230.7875313381664 100.63840935914777 54152.06588957287 1055.8224842350464 128.74100204184651 372.58123394963332 142.47214216040447 51.611328419065103 120.34393095818814 829.44567627704237 229.07759449095465 177.08454226527829 35.957890386460349 336.5765071840724 800.43103080522269
leaf_count=29233 1604 630431 14730 1194 3584 4019 1812 1836 15825 2744 3397 469 6429 20269
internal_value=0.000104444 0.000153671 0.00135351 0.00233657 -0.00116734 -0.000598975 -0.00327862 -0.00514338 0.000876906 -0.00745507 0.0030756 0.00580381 0.00670388 0.00213676
internal_weight=59763.6 58532.8 4380.78 2907.19 501.322 1473.59 501.671 401.033 971.918 280.689 2405.87 549.619 513.661 1856.25
internal_count=737576 708343 77912 50072 4778 27840 7996 6392 19844 4556 45294 10295 9826 34999
is_linear=0
shrinkage=0.03


Tree=289
num_leaves=15
num_cat=0
split_feature=19 17 25 3 33 6 5 33 29 29 6 25 30 5
split_gain=5.7164 9.18183 6.865 4.55155 5.38498 4.1755 5.95598 6.63172 6.12341 10.2774 5.42602 4.94406 4.67689 4.19849
threshold=12.118898809523808 84.038675213675234 0.039444100802304212 51.250000000000007 44.500000000000007 0.8973684210526317 7.5000000000000009 177.50000000000003 0.086667618231991636 0.13086471107824413 0.324561403508772 0.1324140081335248 1804.5000000000002 2.5000000000000004
decision_type=10 10 10 2 2 2 2 2 10 10 2 10 10 2
left_child=3 2 -2 4 -1 6 7 8 -4 -10 13 -8 -12 -9
right_child=1 -3 5 -5 -6 -7 11 10 9 -11 12 -13 -14 -15
leaf_value=0.0036792224433697084 -0.0036012006841966019 -0.0029477489251815868 -0.0044525881290281739 -1.8043015293486438e-05 -0.0062512281090350555 0.0057221224959239213 0.0019717293951243987 0.0025753379068227042 0.0063935429030715536 -0.004061426297593076 0.0068962232554461876 -0.0053405085871964381 0.0010183261142196558 -0.0035948481095265166
leaf_weight=28.520205573644489 130.78539529629052 327.09431885741651 157.92463637562469 57127.838885016972 152.97707383951638 289.7892799815163 119.20911095570773 301.03539714589715 152.40634985733777 101.32121476717293 475.25729481969029 127.61144208116457 184.00296245142817 90.265959572046995
leaf_count=809 912 1629 940 720019 3145 1585 732 1486 806 496 2416 669 898 468
internal_value=2.62348e-05 0.00142852 0.00215289 -3.50705e-05 -0.00423315 0.00260809 0.00193242 0.00265445 -0.000533495 0.00223725 0.0038711 -0.00207162 0.00544311 0.000905957
internal_weight=59766 2456.7 2129.61 57309.3 181.497 1998.82 1709.03 1462.21 411.652 253.728 1050.56 246.821 659.26 391.301
internal_count=737010 13037 11408 723973 3954 10496 8911 7510 2242 1302 5268 1401 3314 1954
is_linear=0
shrinkage=0.03


Tree=290
num_leaves=15
num_cat=0
split_feature=7 1 16 14 32 35 34 9 14 34 14 26 7 23
split_gain=6.14455 7.29967 6.46876 11.796 11.135 10.5794 11.9122 10.7968 9.8587 8.30864 9.37953 7.71699 10.8848 8.19939
threshold=8.5000000000000018 1540.5000000000002 84.450000000000017 76.550000000000011 0.08142512778241652 3.5000000000000004 -0.0072243417112682765 58.500000000000007 69.250000000000014 0.0090741752120768997 77.550000000000011 -0.073647102071377021 4.5000000000000009 2.4050000000000007
decision_type=10 2 10 8 2 2 2 2 10 2 8 10 10 10
left_child=2 -2 -1 5 -5 7 -7 -4 -9 -6 -11 13 -13 -12
right_child=1 -3 3 4 9 6 -8 8 -10 10 11 12 -14 -15
leaf_value=-0.00022819550090935826 -0.0048739145514150135 0.0010564601919248766 0.0010014885644335123 0.0023389908626980684 -0.00071676856776391065 -0.0034667217255132908 0.0014065588714331574 0.00098625002049193447 0.006128402855879833 -0.0048161404124946686 0.00054545572170471967 -0.0021468366587893981 0.0017402368911033376 0.0038328537428491552
leaf_weight=36463.410824907885 443.76767790003214 276.06146553705912 1689.5582070983946 1654.7610034592217 10219.317426745663 590.10177925485186 1481.6020931622479 519.98446430638433 1024.2414389811456 212.90619990997948 1486.4098306549713 1248.0071483869106 1246.0009551944677 1244.6747417123988
leaf_count=486031 9278 5733 10608 21576 99666 12893 30604 3188 6203 2148 11593 10359 15547 12137
internal_value=-1.57359e-05 -0.00267866 1.89461e-05 0.000417005 3.62621e-05 0.00164745 -3.05256e-05 0.00270654 0.00448213 -0.000213775 0.000729389 0.000998861 -0.000208828 0.00208564
internal_weight=59800.8 719.829 59081 22617.6 17312.1 5305.49 2071.7 3233.78 1544.23 15657.3 5438 5225.09 2494.01 2731.08
internal_count=737564 15011 722553 236522 173026 63496 43497 19999 9391 151450 51784 49636 25906 23730
is_linear=0
shrinkage=0.03


Tree=291
num_leaves=15
num_cat=0
split_feature=35 23 14 30 30 16 25 6 14 23 20 1 25 13
split_gain=7.23387 6.95166 7.46702 9.356 6.95354 6.18553 8.41048 8.38368 7.14106 6.99976 6.99398 7.60224 7.29727 7.52753
threshold=1.5000000000000002 -3.4949999999999997 44.350000000000001 242.50000000000003 4.5000000000000009 78.350000000000009 0.050609589046489566 0.90454545454545465 67.750000000000014 8.2050000000000018 13.500000000000002 1020.5000000000001 0.13321410437123246 71.950000000000017
decision_type=2 8 8 10 8 8 8 2 10 10 10 2 10 8
left_child=5 -2 3 -3 -4 7 -7 10 -9 -8 11 -1 13 -12
right_child=1 2 4 -5 -6 6 9 8 -10 -11 12 -13 -14 -15
leaf_value=0.0072408938695486319 -0.0044412537744426637 -0.0024176360782294519 -0.0044869993316862594 0.0055942032374334061 -0.00022675248516303541 0.0054897980346380951 0.00078321222032301443 0.0059454403790237618 -0.0015120034118216445 -0.002913873130896508 -0.0024098831693380421 -0.00013461286836399607 -0.0039324502394788982 0.0018827246097750461
leaf_weight=104.85410358011723 303.55908383009955 157.45611739251763 297.86923685739748 366.18744713289198 41753.44324468894 282.8369135260582 12700.476610273123 248.64479219168425 161.16241380572319 429.85074822604656 793.68890119343996 660.61075418442488 951.52802209556103 604.16832958906889
leaf_count=493 2983 3963 4827 9449 636683 1341 59650 1165 764 2116 3869 3144 4402 2858
internal_value=-4.38691e-05 -0.000251196 -0.000216147 0.00318435 -0.000262223 0.000480179 0.000773615 -0.0006317 0.00316719 0.000651585 -0.00117364 0.00125772 -0.00197552 -0.000553627
internal_weight=59816.3 42878.5 42575 523.644 42051.3 16937.8 13413.2 3524.66 409.807 13130.3 3114.85 765.465 2349.39 1397.86
internal_count=737707 657905 654922 13412 641510 79802 63107 16695 1929 61766 14766 3637 11129 6727
is_linear=0
shrinkage=0.03


Tree=292
num_leaves=15
num_cat=0
split_feature=35 21 16 17 24 3 19 31 21 0 31 14 13 32
split_gain=6.44818 5.80126 7.73694 7.3857 6.78997 6.89121 10.223 9.46758 12.2088 11.0528 11.0196 9.35923 10.131 9.15761
threshold=12.500000000000002 0.13172353961827649 71.550000000000011 59.139047619047624 0.048739271021488624 59.250000000000007 -0.16666666666666782 0.0056428291220328329 0.46862745098039221 12.500000000000002 0.0068445588518390955 68.550000000000011 96.050000000000011 0.099976269577598489
decision_type=2 10 10 10 10 2 10 10 8 2 10 10 10 2
left_child=1 -1 -3 -4 -5 7 -7 -6 9 11 -10 -9 -13 -12
right_child=-2 2 3 4 5 6 -8 8 10 -11 13 12 -14 -15
leaf_value=0.00028299659423664322 -0.0063011539611688904 -0.0047176664405946603 0.0072590776544014836 -0.00147008219204441 -0.0010423607851632358 -0.0028078839096621487 0.0014572822254909988 0.0044397418947094407 0.0056544220153558434 0.0044957921013068771 0.0040164676638642441 -0.00021744145325837462 0.008265552410171146 -0.0042535802164137054
leaf_weight=36559.003369318292 94.321346094366163 305.22942106879782 67.221305186976679 3643.7171725010267 8346.9007983040065 529.69162991386838 4069.0322129738051 442.88761726673692 94.572628017514944 696.88829118967988 97.943884304258972 3890.6830479814671 80.917432728223503 903.33118022279814
leaf_count=484478 12872 4947 1018 55670 86131 7010 31445 4219 696 8195 823 33136 645 6387
internal_value=3.25044e-05 4.77685e-05 -0.000323214 -0.000254382 -0.000292376 -6.50796e-05 0.000941094 -0.000385138 0.000499902 0.00111819 -0.00230692 0.000540606 5.60068e-05 -0.00329206
internal_weight=59822.3 59728 23169 22863.8 22796.6 19152.8 4598.72 14554.1 6207.22 5111.38 1095.85 4414.49 3971.6 1001.28
internal_count=737672 724800 240322 235375 234357 178687 38455 140232 54101 46195 7906 38000 33781 7210
is_linear=0
shrinkage=0.03


Tree=293
num_leaves=15
num_cat=0
split_feature=23 30 23 14 35 34 31 27 23 17 33 1 11 34
split_gain=7.349 10.6541 10.1337 8.17309 7.84167 7.35908 7.3077 7.25514 7.23353 6.92273 8.72923 15.8739 6.88154 6.74063
threshold=7.9050000000000011 1711.5000000000002 6.8050000000000006 66.350000000000009 1.5000000000000002 -0.0073802594468303801 0.0012710454206691453 -258.49999999999994 11.535000000000002 63.875797872340435 662.50000000000011 1008.5000000000001 32.500000000000007 -0.00045810873558824579
decision_type=10 8 10 8 2 2 8 10 10 10 2 2 2 2
left_child=2 -2 4 -3 -1 -5 8 -4 -7 -9 12 -12 -11 -10
right_child=1 3 7 5 -6 6 -8 9 13 10 11 -13 -14 -15
leaf_value=0.00047161080559416854 -0.0017868930586825366 -0.0036161651838001758 -0.0024018608705103496 0.0072009568831856684 -0.00032824623809213301 -0.0046874582352016874 0.0036035352491125879 0.0059975162449461524 -0.0042639322979970435 -0.00082720231099778023 -0.0063074982263831309 0.0064313693532474002 0.0062807213075136061 0.0067171898979591473
leaf_weight=15828.104122437537 4494.4336277798284 193.71189900371246 264.47941398900002 186.04827426490374 36094.370432317723 236.50024228182156 409.30125234345905 376.69016899890266 37.523948692250997 995.08102740824688 64.034516685642302 480.81450502178632 88.876501844264567 87.669309154734947
leaf_count=74296 100848 5899 4422 3771 500614 4408 6463 9724 844 15741 701 6609 1650 1908
internal_value=-0.000105333 -0.00113047 2.39886e-06 0.00140093 -8.41978e-05 0.00254555 0.00105202 0.0019423 -0.00192231 0.00255968 0.00160968 0.00452987 6.8355e-06 0.00314826
internal_weight=59837.6 5645.19 54192.5 1150.75 51922.5 957.043 770.995 2269.98 361.694 2005.5 1628.81 544.849 1083.96 125.193
internal_count=737898 124141 613757 23293 574910 17394 13623 38847 7160 34425 24701 7310 17391 2752
is_linear=0
shrinkage=0.03


Tree=294
num_leaves=15
num_cat=0
split_feature=24 14 3 22 13 13 4 20 28 7 30 30 19 18
split_gain=4.6278 5.0024 4.93488 10.4373 9.91353 7.14333 6.74317 6.72329 6.47116 10.4962 5.77813 6.16044 5.62704 5.26324
threshold=0.0054347318949760628 83.450000000000017 53.250000000000007 3.5000000000000004 62.750000000000007 81.450000000000017 -1.8333333333333319 46.500000000000007 -2.2499999999999996 4.5000000000000009 1882.5000000000002 207.50000000000003 3.9474206349206367 -23.966666666666654
decision_type=8 8 2 8 8 8 2 10 10 8 8 10 10 10
left_child=1 -1 3 5 7 -2 -7 13 9 -6 11 -11 -10 -5
right_child=2 -3 -4 4 8 6 -8 -9 12 10 -12 -13 -14 -15
leaf_value=-0.0058517333752911693 -0.00332789142630908 0.0031115967177126874 0.00010359826981507743 -0.0017254424588942715 -0.0012825912389612616 0.00459473597514614 -0.0042591505597668307 -0.0015410437315562483 -0.0033253873950611877 0.0021100951418572987 -0.003226848688791258 0.010760666792488589 0.0044283967000791589 0.012442190578360858
leaf_weight=169.07426835398655 441.1254579750821 40.078106751083396 57761.344146704825 14.161977769341318 221.67118222196586 229.18257021089084 63.052797942655161 33.203468192601576 259.10712877416518 153.29690338834189 22.567424854962155 180.76854141848162 68.279924933798611 140.92662899231073
leaf_count=6610 5956 1663 696732 1165 3540 2081 674 1164 5779 3136 455 3870 645 4033
internal_value=0.000135618 -0.00386521 0.000152889 0.00166669 0.00346342 -0.00106356 0.00234126 0.00896638 0.00191012 0.00370775 0.00658588 0.00758256 -0.00133579 0.0110432
internal_weight=59797.8 209.152 59588.7 1827.34 1093.98 733.361 292.235 188.292 905.691 578.304 356.633 334.065 327.387 155.089
internal_count=737503 8273 729230 32498 23787 8711 2755 6362 17425 11001 7461 7006 6424 5198
is_linear=0
shrinkage=0.03


Tree=295
num_leaves=15
num_cat=0
split_feature=34 8 8 34 29 11 13 20 0 28 29 33 1 25
split_gain=6.46469 6.51798 14.9035 11.935 13.0099 10.693 9.97965 9.42345 8.40655 7.35641 6.65862 7.37323 8.92877 7.38972
threshold=-0.022205133030866981 3.5000000000000004 2.5000000000000004 -0.0064518521530553983 0.16302043195201929 5.5000000000000009 72.250000000000014 154.50000000000003 9.5000000000000018 -2.2499999999999996 0.20621733584876167 2746.5000000000005 1295.0000000000002 0.11526013783363527
decision_type=2 2 2 2 10 2 8 10 2 10 10 2 2 10
left_child=-1 2 -2 4 5 6 -3 9 -7 -8 11 -5 -13 -14
right_child=1 3 -4 10 -6 8 7 -9 -10 -11 -12 12 13 -15
leaf_value=0.0013623922375069362 0.00017970406334545444 0.003197948520910399 0.0073184974095728004 5.1211616776658807e-05 0.0034630296446050172 -0.0051724139552327686 0.004389258439788951 0.0041470145382470434 -0.0016892860427484922 -0.0043531271951875146 0.0033973380482355156 0.00052659817796989541 0.00051503394427499015 -0.0064509500565121071
leaf_weight=3287.720467497129 37617.71798182698 467.22979667654727 215.10176132374909 12802.541339992662 337.63074178458191 1252.7358399098739 57.997995598474517 139.33416349219624 1335.8837943081744 661.44503313372843 440.0391627298668 519.86804386251606 177.22642239974812 464.97921344079077
leaf_count=43649 460443 8877 2322 156902 2735 15056 823 1860 23402 7481 2831 4657 2101 4047
internal_value=7.94571e-05 3.6511e-06 0.000229898 -0.000454525 -0.00184108 -0.00233646 -0.000133527 -0.00202229 -0.00344098 -0.00340893 -4.02608e-05 -0.000160317 -0.00239671 -0.00463024
internal_weight=59777.5 56489.7 37832.8 18656.9 4252.26 3914.63 1326.01 858.777 2588.62 719.443 14404.7 13964.6 1162.07 642.206
internal_count=737186 693537 462765 230772 60234 57499 19041 10164 38458 8304 170538 167707 10805 6148
is_linear=0
shrinkage=0.03


Tree=296
num_leaves=15
num_cat=0
split_feature=23 23 1 33 16 3 33 24 20 28 2 33 15 29
split_gain=7.62137 6.63187 8.61142 12.7097 7.26681 6.00908 7.98029 9.30484 8.4613 7.84889 6.68921 5.79504 5.61099 5.50652
threshold=-4.4949999999999992 -0.69499999999999984 1372.5000000000002 42.500000000000007 77.750000000000014 59.250000000000007 1154.5000000000002 0.29168993810438254 63.500000000000007 2.7500000000000004 1.5000000000000002 236.50000000000003 77.816666666666691 0.062860106698280988
decision_type=8 8 2 2 10 2 2 10 10 10 10 2 10 10
left_child=-1 2 3 -2 11 6 8 12 9 10 -6 -5 -8 -4
right_child=1 -3 13 4 5 -7 7 -9 -10 -11 -12 -13 -14 -15
leaf_value=-0.004077486661063885 -0.004289159665158501 -8.537252220990174e-05 -0.005970627867839742 -0.0054832280809306178 -0.0012213395228779385 0.0063839375379097152 0.0025236500061755537 0.0035263734127041198 -0.0017949080598168078 -0.0033040070395570042 0.0064302562811145532 0.0017971849519020449 -0.0062886130905549856 7.7042969521895084e-05
leaf_weight=363.60591441090219 202.99330117856152 54623.076735729701 94.743867586599663 114.7248147984501 100.34642676124349 465.36149187292904 57.065666602924466 204.44250969425775 181.30743760312907 66.482076781336218 811.05443787900731 202.22180070751347 200.39141488540918 2104.1194408348529
leaf_count=2350 1886 695960 1105 1333 651 3163 523 1306 1673 461 6538 2051 1489 17416
internal_value=-1.92398e-05 8.997e-06 0.00107156 0.00222142 0.00284751 0.00348055 0.00248101 -0.000795389 0.00376545 0.00483355 0.0055681 -0.00122616 -0.0042426 -0.000310491
internal_weight=59791.9 59428.3 4805.25 2606.39 2403.4 2086.45 1621.09 461.9 1159.19 977.883 911.401 316.947 257.457 2198.86
internal_count=737905 735555 39595 21074 19188 15804 12641 3318 9323 7650 7189 3384 2012 18521
is_linear=0
shrinkage=0.03


Tree=297
num_leaves=15
num_cat=0
split_feature=16 14 10 35 9 1 30 4 5 28 16 33 25 29
split_gain=8.39102 12.7176 8.28631 8.04533 8.98011 9.26234 7.38448 8.13035 7.19053 12.7974 7.04414 6.92673 6.87799 6.59723
threshold=81.550000000000011 74.950000000000017 308.50000000000006 3.5000000000000004 41.500000000000007 1094.5000000000002 1626.5000000000002 2.0156250000000004 9.5000000000000018 -2.7499999999999996 81.950000000000017 1276.5000000000002 0.26655907414739405 0.11190586932447398
decision_type=8 8 2 2 2 2 10 2 2 10 8 2 10 10
left_child=-1 2 3 12 5 -5 -4 -8 10 -10 11 -3 -2 -12
right_child=1 8 6 4 -6 -7 7 -9 9 -11 13 -13 -14 -15
leaf_value=-0.00043888408769058028 0.0029401148524438965 0.005044325565848458 -0.0020169855617159348 -0.0032949094064780482 -0.0011614647909214356 0.0034598906404309346 -0.00015904624312171019 0.0091677126704784711 0.0046671468574736516 0.00021452173138841648 -0.0007912135503561422 -0.0027137852530216924 -0.0033038574488967075 0.00019885206937735094
leaf_weight=24360.715729159536 3632.3166734799743 369.65450818848331 1010.7606931509217 179.31086781900376 1347.5775076391874 1009.574012438301 255.80723178107291 74.134976380504668 732.62910253845621 2274.7879269155674 11184.928567605559 102.14173617190681 125.96107912808657 13109.473309353925
leaf_count=346783 22700 3729 12775 3710 30038 21526 3042 664 12752 29025 135635 822 687 113298
internal_value=-1.08393e-05 0.000283851 0.0013639 0.00181762 0.000497674 0.00234925 -0.000755116 0.00286727 -1.49902e-05 0.0013578 -0.000184091 0.00326563 0.00269021 -0.000257654
internal_weight=59769.8 35409.1 7635.44 6294.74 2536.46 1188.88 1340.7 329.942 27773.6 3007.42 24766.2 471.796 3758.28 24294.4
internal_count=737186 390403 95142 78661 55274 25236 16481 3706 295261 41777 253484 4551 23387 248933
is_linear=0
shrinkage=0.03


Tree=298
num_leaves=15
num_cat=0
split_feature=5 25 2 33 28 0 16 17 33 4 26 0 19 26
split_gain=5.66532 10.4407 9.26987 9.05345 9.91917 8.66062 7.36227 9.27809 8.40489 9.25669 9.15465 8.51514 8.23862 10.3383
threshold=9.5000000000000018 0.017229551232840774 6.5000000000000009 336.50000000000006 1.0000000180025095e-35 13.500000000000002 76.65000000000002 69.01035714285716 66.500000000000014 -1.7679487179487159 -0.22673573643483208 8.5000000000000018 -4.4138888888888834 -0.026097889064473863
decision_type=2 10 8 2 10 2 10 10 2 2 10 2 10 10
left_child=6 -2 -3 5 -5 -4 -1 8 11 -10 -11 -8 13 -12
right_child=1 2 3 4 -6 -7 7 -9 9 10 12 -13 -14 -15
leaf_value=-0.00080923837017115869 0.0046669429959444965 -0.00030741738150138055 0.0067740865783133923 0.0032080814357178457 -0.0039142535510444604 -0.002396192587798844 -5.5462492854829016e-05 -0.00018369790073900674 0.0040466594229899306 0.0052419561858731882 0.0061307871364595784 0.0070609839469465054 -0.0013951384411995532 -0.0033470781501843084
leaf_weight=15142.013652748574 497.15048815612681 4462.8756131500704 465.62087807373609 349.44571307627484 264.59408576379064 86.408573813969269 236.56121770758182 34714.960821459419 561.32423550647218 215.37749207299203 263.22835250385106 366.19402706832625 2024.5347997630015 116.25050793925766
leaf_count=232377 11523 70278 7167 4896 3092 1671 2860 352431 11509 1732 5441 7069 22065 3351
internal_value=-0.000151139 0.000709548 0.000322017 0.00264463 7.5377e-05 0.00525888 -0.000250004 -2.92844e-05 0.00137144 0.000722607 -5.21779e-05 0.00447771 -0.000623623 0.00317567
internal_weight=59766.5 6126.1 5628.94 1166.07 614.04 552.029 53640.4 38498.4 3783.47 3180.72 2619.39 602.755 2404.01 379.479
internal_count=737462 98627 87104 16826 7988 8838 638835 406458 54027 44098 32589 9929 30857 8792
is_linear=0
shrinkage=0.03


Tree=299
num_leaves=15
num_cat=0
split_feature=21 24 12 13 31 4 16 13 25 18 32 26 12 20
split_gain=4.69875 10.3771 11.592 9.30761 9.2435 8.31372 9.13572 14.9908 12.1272 9.33058 7.70456 8.06725 7.31176 7.13859
threshold=0.13667496886674971 0.074850535822460471 89.850000000000009 82.950000000000017 0.0055150364462366926 3.6899038461538471 91.050000000000011 81.450000000000017 0.10579344299983709 -6.7666666666666755 0.10272919073029901 -0.15720910878510913 71.050000000000011 114.50000000000001
decision_type=8 8 10 10 10 2 10 8 10 10 2 10 10 10
left_child=5 2 -2 -3 13 6 -1 8 -8 -9 11 -6 -10 -5
right_child=1 3 -4 4 10 -7 7 9 12 -11 -12 -13 -14 -15
leaf_value=2.825258574620852e-06 -0.0011211538326333925 -0.00060105278373641217 -0.0054815012883517094 0.00027419091626977685 -0.00043682210236539872 -0.0029708566007423591 0.00082472587384593919 -0.0056489603291156381 8.5682322197231796e-05 0.0012666538338336852 0.0013158578521198908 0.0083158202662978308 0.011015683975670565 -0.0034217124801006254
leaf_weight=30607.27005763707 5446.2305665261811 14071.871760135167 567.58269951911643 3089.205853655003 130.19337715720758 749.50153345661238 280.49612622894347 161.1398243708536 67.258126080734655 993.13192608649842 2721.0080052157864 256.84520334936678 275.37794682825916 503.63353880867362
leaf_count=415036 80603 150303 6786 26670 1118 6560 4883 3598 1060 10290 20669 2374 3074 5472
internal_value=-0.000187474 -0.000482544 -0.00157449 -0.000163399 0.00075332 5.14358e-05 0.000125855 0.0021864 0.0057446 0.000106759 0.00193766 0.00565844 0.0091543 -0.000283744
internal_weight=59920.7 26786.6 6013.81 20772.8 6700.89 33134.2 32384.7 1777.4 623.132 1154.27 3108.05 387.039 342.636 3592.84
internal_count=738496 293995 87389 206606 56303 444501 437941 22905 9017 13888 24161 3492 4134 32142
is_linear=0
shrinkage=0.03


Tree=300
num_leaves=15
num_cat=0
split_feature=32 6 12 14 10 31 5 30 29 13 17 21 16 21
split_gain=5.81163 10.6626 7.18591 7.0948 7.07439 8.21512 7.02849 6.50016 6.26884 11.6891 6.56821 6.12643 6.11217 6.08659
threshold=0.17846920981264625 0.18465909090909094 64.550000000000011 81.15000000000002 224.50000000000003 -0.0060780879005981042 5.5000000000000009 304.50000000000006 0.14167892078171759 86.450000000000017 84.222649572649587 0.18245838668373884 80.250000000000014 0.18808962264150947
decision_type=2 2 8 10 2 10 2 10 10 10 8 10 10 10
left_child=-1 3 -3 -2 8 6 -6 12 -4 10 -10 -5 -7 -9
right_child=1 2 4 11 5 7 -8 13 9 -11 -12 -13 -14 -15
leaf_value=0.00016884755298200534 0.0048559414695344191 0.003688474862046038 -0.0047732172663494778 -0.0073857574654256934 -0.0010015694248233897 -0.0025942902367709392 0.008856951675038461 -8.2952261603212198e-05 -0.0011844991681901299 0.0043598916929148621 -0.007723880166521039 0.0019639523121738884 0.006332582249811698 -0.0048306835357424778
leaf_weight=55888.736273066839 370.03644787892699 167.87537809018977 977.41216997406445 54.035213080234826 100.1011262559332 78.530517579987645 97.61823720112443 499.84621972590685 507.23434675089084 206.18908592965454 153.38467532489449 121.70142016327009 123.67304411204532 426.28206060547382
leaf_count=707126 2644 1773 8414 435 763 588 932 3734 3463 1421 1050 923 887 3250
internal_value=9.05388e-05 -0.00102413 -0.00166385 0.00269987 -0.00200014 -0.000307339 0.00467106 -0.0013409 -0.00317707 -0.00121509 -0.00313946 -0.00191004 0.00303863 -0.00240376
internal_weight=59772.7 3883.92 3338.15 545.773 3170.27 1326.05 197.719 1128.33 1844.22 866.808 660.619 175.737 202.204 926.128
internal_count=737403 30277 26275 4002 24502 10154 1695 8459 14348 5934 4513 1358 1475 6984
is_linear=0
shrinkage=0.03


Tree=301
num_leaves=15
num_cat=0
split_feature=29 3 28 6 20 31 25 27 17 5 34 20 33 20
split_gain=6.24453 6.27569 7.14649 7.44471 9.12799 9.44565 6.76814 6.34897 7.80417 6.12831 6.23917 6.12747 11.3941 9.05233
threshold=0.092268260210740236 54.750000000000007 4.2500000000000009 0.87083333333333346 28.500000000000004 -0.014275084797828528 0.13637470723083314 -93.499999999999986 64.201666666666682 1.5000000000000002 0.027121553067521155 141.50000000000003 123.50000000000001 52.500000000000007
decision_type=10 2 8 2 8 10 8 10 10 2 2 10 2 10
left_child=1 -1 11 4 5 -4 -6 -7 -9 -8 -11 13 -13 -3
right_child=-2 2 3 -5 6 7 9 8 -10 10 -12 12 -14 -15
leaf_value=0.00087056782924594853 0.00018875537523695086 -0.00083417818742110585 -0.0017982165777564007 -0.0025814422754306685 -0.0042197786373863273 0.00021359192522526149 -0.0036335960232995999 -0.0020152828711586385 0.0097910543223784091 0.0028655506614010521 -0.0045194002553124663 -0.0024197923705480133 0.0029906905014664884 -0.0033901191027534351
leaf_weight=2721.5132325123996 39522.933962919516 12466.983519235626 138.9785388126038 411.52554288483225 204.8096062176628 115.53313962672837 153.68836139165796 41.007947978680022 302.89177666860633 874.11401232110802 70.829442723887041 517.54259212128818 875.81448326585814 1346.3816374438175
leaf_count=59802 413402 181639 1557 6779 3049 1331 2381 773 3338 15631 1013 10766 14476 21855
internal_value=-3.06756e-05 -0.000458537 -0.000666885 0.000872718 0.00166712 0.00457627 0.000211799 0.00649179 0.00830611 0.00118567 0.0021127 -0.000903196 0.000966836 -0.00109463
internal_weight=59764.5 20241.6 17520.1 2313.38 1901.85 598.411 1303.44 459.433 343.9 1098.63 944.943 15206.7 1393.36 13813.4
internal_count=737792 324390 264588 35852 29073 6999 22074 5442 4111 19025 16644 228736 25242 203494
is_linear=0
shrinkage=0.03


Tree=302
num_leaves=15
num_cat=0
split_feature=29 31 12 32 34 32 24 21 15 12 29 31 34 5
split_gain=4.81473 7.1441 6.36928 6.24294 6.53129 6.34228 9.28529 9.58149 12.278 6.24178 7.26177 9.038 6.70214 6.55895
threshold=0.1801842653615042 0.0020157687147918995 69.350000000000009 0.19053382611916048 0.022051368819050347 0.11767029282177253 0.042037422602815615 0.17883795309168446 62.633333333333347 78.65000000000002 0.13595251317447352 -0.0076124865799293137 0.025598811069161377 5.5000000000000009
decision_type=10 10 8 2 2 2 8 10 8 10 10 10 2 2
left_child=3 -2 -3 4 -1 6 -6 8 -8 13 11 -11 -12 -7
right_child=1 2 -4 -5 5 9 7 -9 -10 10 12 -13 -14 -15
leaf_value=1.6881451705067403e-05 0.0032622263774184181 0.001370432113819335 -0.0019342734603128525 -0.0019714558168263327 0.0072421387301512237 0.00097776823710176699 0.0082046210536573377 0.0058833635762466875 -0.003084203027887858 0.0053328048306051992 -0.00062711875071347399 -0.0007840552178025146 0.0072819948684953242 -0.0022742528282355262
leaf_weight=49910.471390507533 277.3636174025014 595.16243676026352 3032.487549279118 1267.740032090107 300.57159381650854 1234.6445340912323 56.102150735910982 206.52624158514664 439.60964977019466 234.27377114142291 123.0861007226631 884.61451415810734 297.8867877763696 939.93950589955784
leaf_count=642802 1998 5444 20870 10287 6786 13535 1102 2405 5964 2362 946 8439 2373 12328
internal_value=-2.39745e-06 -0.00101398 -0.00138083 6.91173e-05 0.000118232 0.00117914 0.00323762 0.00115616 -0.00117191 0.000587779 0.00201776 0.000670027 0.00514842 -0.000447404
internal_weight=59800.5 3905.01 3627.65 55895.5 54627.7 4717.25 1002.81 702.238 495.712 3714.45 1539.86 1118.89 420.973 2174.58
internal_count=737641 28312 26314 709329 699042 56240 16257 9471 7066 39983 14120 10801 3319 25863
is_linear=0
shrinkage=0.03


Tree=303
num_leaves=15
num_cat=0
split_feature=6 29 29 25 29 11 26 27 13 32 31 13 10 25
split_gain=6.66601 10.5241 6.26664 6.43571 6.66844 5.48455 5.21409 5.97242 4.91189 4.71368 8.50984 7.35687 5.78436 7.03773
threshold=0.10263157894736843 0.054553132678132686 0.10364408457040038 0.14682570951175286 0.087733037121892496 17.500000000000004 -0.25347195406590639 -93.499999999999986 63.750000000000007 0.08142512778241652 0.028135290028372072 70.250000000000014 184.50000000000003 0.1221794829484892
decision_type=2 8 8 10 10 2 10 10 10 2 10 10 2 10
left_child=1 -1 3 4 8 -6 -5 -8 -3 10 11 -2 13 -13
right_child=9 2 -4 6 5 -7 7 -9 -10 -11 -12 12 -14 -15
leaf_value=0.0059324977372434591 8.5580746209520245e-05 0.0007064290026538748 -0.0029756411385902788 -0.0032728574577299625 0.0034702739264945133 -0.0035830610214354713 -0.0017751293886862044 0.0070047917782365861 -0.0049202766644841781 -4.2493583399570333e-05 -0.0029760794065578095 0.0014536535038176808 0.00061592188823606127 0.0047329546631881131
leaf_weight=122.21923201228492 6537.8454218333354 183.01188333146274 1580.2866521665128 55.29029694525525 293.57717945054173 93.815396006917581 72.682575428625569 201.74076336342841 416.70845306268893 43969.61025489727 520.91800389438868 1912.4002501401119 2949.7912001536461 852.64036039076746
leaf_count=2884 145839 4366 16338 440 4349 1556 828 2185 6380 466797 6935 29039 40145 9496
internal_value=3.14888e-05 -0.00133031 -0.00173215 -0.000185617 -0.00140266 0.00154783 0.00316295 0.00476419 -0.00328099 0.000105058 0.00061115 0.000775135 0.00155641 0.00253098
internal_weight=59762.5 3019.33 2897.11 1316.83 987.113 387.393 329.714 274.423 599.72 56743.2 12773.6 12252.7 5714.83 2765.04
internal_count=737577 39326 36442 20104 16651 5905 3453 3013 10746 698251 231454 224519 78680 38535
is_linear=0
shrinkage=0.03


Tree=304
num_leaves=15
num_cat=0
split_feature=18 11 23 29 1 4 14 17 12 17 15 27 16 21
split_gain=5.72661 10.5365 6.36252 8.23507 6.12613 8.88561 9.60891 8.28073 7.95476 7.51065 8.7448 8.77246 7.01313 13.4895
threshold=-11.166666666666659 3.5000000000000004 9.7050000000000018 0.072748839837823528 1006.5000000000001 -1.4472222222222226 63.150000000000013 76.401063829787248 79.750000000000014 52.603703703703708 55.81666666666667 45.500000000000007 76.250000000000014 0.100561797752809
decision_type=8 2 10 10 2 2 10 10 10 10 10 10 10 10
left_child=1 -1 -2 -4 5 6 -3 -7 9 -6 11 -11 -12 -14
right_child=2 4 3 -5 8 7 -8 -9 -10 10 12 -13 13 -15
leaf_value=0.0012042849669546757 5.1590650846928346e-05 0.0056616277932128381 -0.0022432523839236084 0.002827988674887563 -0.0064073333552635871 -0.0068870840620985719 -0.0042919095295443441 0.0024524437177508027 -0.0046365100326834436 0.0061201259450747907 -0.0030387988875190115 -0.00072840484576891995 0.0022867531958187443 -0.0023259818191784403
leaf_weight=1712.7345851681894 51301.388956559182 127.76772455312312 318.17834629514255 1428.9200494473334 136.6462212302722 520.96671628125478 122.80381793098059 74.534137268783525 431.6167871580692 304.95236028567888 902.67167376354337 302.08430307265371 1123.5013445393415 1060.6004677005112
leaf_count=50825 522140 3885 5637 18212 7139 11316 3524 1382 8369 9242 30143 9541 31141 25359
internal_value=7.65551e-06 -0.000807319 0.000113105 0.00186771 -0.00148693 -0.00375203 0.000880976 -0.00561871 -0.000998995 -0.000534658 -0.000234738 0.00291596 -0.000890949 4.48822e-05
internal_weight=59869.4 6820.88 53048.5 1747.1 5108.15 846.072 250.572 595.501 4262.07 3830.46 3693.81 607.037 3086.77 2184.1
internal_count=737855 191866 545989 23849 141041 20107 7409 12698 120934 112565 105426 18783 86643 56500
is_linear=0
shrinkage=0.03


Tree=305
num_leaves=15
num_cat=0
split_feature=25 29 13 16 21 34 11 32 26 5 10 28 34 16
split_gain=5.36344 6.28756 4.1947 8.59539 11.5331 9.4447 11.6714 11.6478 12.5223 10.6697 9.61259 9.33703 8.58864 8.05733
threshold=0.41354056388720678 0.097925748747529726 68.550000000000011 88.250000000000014 0.11396103896103897 -0.0040476466576298397 7.5000000000000009 0.10122033954396532 -0.031202804159409115 3.5000000000000004 50.500000000000007 -5.2499999999999991 -0.0067556069700015894 79.050000000000011
decision_type=10 10 8 10 10 2 2 2 10 2 2 10 2 10
left_child=2 -2 3 5 -5 6 10 11 -9 13 -1 -7 -12 -8
right_child=1 -3 -4 4 -6 7 9 8 -10 -11 12 -13 -14 -15
leaf_value=0.0061980104102178565 -0.0029863821576538961 0.0046759569302570443 -0.00018118730991234806 -0.0011193574779801881 0.006663575837318734 -0.0064290696743636326 -0.006157598097417164 0.00095529821913610741 -0.0027871586253849427 -0.00050544949271470198 0.0012822235728116708 0.0026862753015513673 -0.0040042790616218321 -0.00086685187893183516
leaf_weight=233.56382779486012 87.757616705726832 367.71438207989559 47219.183950752369 261.0044590421021 387.36035017098766 58.48017768189311 663.13586518695229 2764.7037197060417 1076.8807315537706 1888.2560997577384 1287.1025854540057 2818.9345354964025 298.82414409203921 436.13517343183048
leaf_count=4568 575 2113 525095 4333 5494 1824 11264 31604 16180 37729 24642 59916 5780 6562
internal_value=-2.69819e-05 0.00305025 -5.31261e-05 0.000442278 0.00367467 0.000245362 -0.000765304 0.000968741 -0.000116126 -0.00190691 0.00111004 0.00239437 0.000194187 -0.00418753
internal_weight=59849 455.472 59393.6 12174.4 648.365 11526 4807.02 6719 3841.58 2987.53 1819.49 2877.41 1585.93 1099.27
internal_count=737679 2688 734991 209896 9827 200069 90545 109524 47784 55555 34990 61740 30422 17826
is_linear=0
shrinkage=0.03


Tree=306
num_leaves=15
num_cat=0
split_feature=19 26 13 33 15 19 15 29 25 32 12 31 30 27
split_gain=4.33022 10.6286 6.50163 9.21325 8.07895 7.69622 7.41572 7.33732 6.24311 8.08351 6.22042 6.41082 6.25254 5.50533
threshold=-13.870833333333328 -0.038524514649251475 63.95000000000001 1490.5000000000002 57.316666666666677 -1.6750000000000005 61.166666666666679 0.10215730380655046 0.19281585277898425 0.077138651338847633 52.95000000000001 0.0076888145167104882 1275.5000000000002 642.50000000000011
decision_type=8 10 8 2 8 10 10 10 10 2 10 8 10 10
left_child=1 8 3 10 7 6 -5 -4 9 -1 11 12 -2 -6
right_child=2 -3 4 5 13 -7 -8 -9 -10 -11 -12 -13 -14 -15
leaf_value=-0.003777451013373595 -0.0047975846045393957 -0.0069688261833218534 8.920777821528208e-05 -0.0047130982919860705 -0.00019162387822375596 -0.0060156206750072508 0.0053608375349963643 0.0078724895785901652 -0.0063332989148957939 0.0064913445502211998 0.0014557901168970491 0.0028170951385160501 0.0031326432306963822 -0.0044434403993611274
leaf_weight=64.073375639505684 390.13164068362676 220.07027358817868 225.901799591491 63.167682049795985 52107.656587714213 262.49074883991852 112.22254713252187 162.77207471791189 28.084891695412807 156.86590698105283 5468.8431208832189 172.7626450288808 75.312799220322631 225.65553643286694
leaf_count=3250 11132 16384 6346 1494 583225 2428 1923 2839 455 4258 93820 3779 2710 2796
internal_value=-9.34209e-05 -0.0028216 -6.94673e-05 0.000818699 -0.000180396 -0.00316378 0.00149198 0.00387454 0.00139586 0.00336581 0.00112762 -0.00158595 -0.003335 -0.000214181
internal_weight=59736 469.094 59266.9 6544.93 52722 437.881 175.39 388.674 249.024 220.939 6107.05 638.207 465.444 52333.3
internal_count=736839 24347 712492 117286 595206 5845 3417 9185 7963 7508 111441 17621 13842 586021
is_linear=0
shrinkage=0.03


Tree=307
num_leaves=15
num_cat=0
split_feature=7 6 32 29 29 6 4 28 32 32 0 27 12 12
split_gain=5.3736 6.50407 6.48854 7.86459 7.12533 8.27063 6.45656 6.20061 5.87249 5.83778 10.1061 6.60453 6.51326 7.95664
threshold=6.5000000000000009 0.93541666666666679 0.14864079918313214 0.18790872791297245 0.062860106698280988 0.43303571428571436 1.6666666666666681 -2.7499999999999996 0.073367909064036771 0.13968229936435844 6.5000000000000009 270.50000000000006 76.450000000000017 80.350000000000009
decision_type=10 2 2 8 10 2 2 8 2 2 2 8 10 10
left_child=1 -1 3 4 5 -2 -4 -3 -7 12 -11 -12 -9 -14
right_child=2 7 6 -5 -6 8 -8 9 -10 10 11 -13 13 -15
leaf_value=-7.2725299396412589e-05 0.0050776778541990189 0.0040528590483664131 0.0043446009440107286 0.0046092932316344473 -0.0020387398740053667 0.0019409009743751929 -0.0016645593939183573 0.0010146393167779623 -0.0045899999619165481 -0.0033785150819775462 0.0040884022423408536 -0.0012202118997193992 -0.0042953821869738959 0.00023179483141290972
leaf_weight=48894.242956933915 248.91729439573828 493.78419546433724 339.63886706833728 146.16880871611647 3943.2767009446397 208.23378948087338 238.3274696720764 2181.9018350341357 195.78158278483897 210.23092747665942 1100.1758904214948 234.17454779637046 528.62304782541469 869.88626952189952
leaf_count=579847 5740 7081 4508 1357 67214 6050 2540 33895 3738 1313 9564 2096 5366 8057
internal_value=-5.04325e-05 3.873e-05 -0.000955859 -0.00132422 -0.00156049 0.00126737 0.00193145 0.00100069 -0.00138086 0.000670306 0.00218015 0.00314633 -2.09533e-06 -0.00156863
internal_weight=59833.4 54513 5320.34 4742.38 4596.21 652.933 577.966 5618.78 404.015 5124.99 1544.58 1334.35 3580.41 1398.51
internal_count=738366 647219 91147 84099 82742 15528 7048 67372 9788 60291 12973 11660 47318 13423
is_linear=0
shrinkage=0.03


Tree=308
num_leaves=15
num_cat=0
split_feature=19 25 10 0 23 32 14 10 33 15 0 18 6 27
split_gain=5.68871 6.43562 7.98349 5.63476 7.70309 6.01004 5.62048 5.15773 5.12158 4.94758 4.76184 12.0294 9.91166 8.47606
threshold=12.118898809523808 0.11202590897494284 289.50000000000006 8.5000000000000018 2.6750000000000003 0.12494117125946107 66.950000000000017 111.50000000000001 208.50000000000003 77.583333333333357 8.5000000000000018 -6.166666666666667 0.28869047619047622 340.50000000000006
decision_type=10 10 2 2 10 2 8 2 2 10 2 8 2 10
left_child=10 2 6 -3 5 -5 -2 -6 -8 -10 11 -1 -12 -13
right_child=1 3 -4 4 7 -7 8 -9 9 -11 12 13 -14 -15
leaf_value=-0.0016107241336906185 0.003885691660708747 0.0051146173795033889 0.0036039490212440252 0.0023154916934774623 -0.0011027016073108405 -0.0028240895124690231 -0.00645719960244174 0.0063838512065211824 -0.0037592843111458382 0.0024108319216827622 -0.00072441076348643107 0.00020353779199456127 0.00037480858772190589 -0.0035015138758318419
leaf_weight=5815.67609140079 72.345585913397372 465.1256120018661 240.63664738135412 318.68382901046425 94.515917188487947 413.64017767552286 220.34433075040579 265.1000715943519 195.1979811526835 177.04506119480357 9838.9169319088105 12069.608982859878 29087.648638241109 532.41942307166755
leaf_count=85078 428 2221 1417 1642 519 1966 1391 1445 1138 928 130952 89307 416288 3768
internal_value=-3.05592e-05 0.00136667 -0.000625001 0.00250841 0.00122293 -0.000582466 -0.00230046 0.00452178 -0.00329927 -0.000886697 -9.17014e-05 -0.000488449 9.64016e-05 3.3785e-05
internal_weight=59806.9 2462.64 905.57 1557.07 1091.94 732.324 664.933 359.616 592.587 372.243 57344.3 18417.7 38926.6 12602
internal_count=738488 13095 5302 7793 5572 3608 3885 1964 3457 2066 725393 178153 547240 93075
is_linear=0
shrinkage=0.03


Tree=309
num_leaves=15
num_cat=0
split_feature=20 4 6 24 13 33 30 28 9 24 12 4 25 34
split_gain=8.2542 7.26228 9.20142 10.1169 5.81146 5.42914 5.82156 6.45932 13.1121 6.83537 11.9688 7.33686 6.39236 8.00897
threshold=336.50000000000006 4.5156250000000009 0.31009615384615391 0.050622679026089287 85.950000000000017 307.50000000000006 177.50000000000003 4.2500000000000009 89.500000000000014 0.039753419416870328 74.250000000000014 2.6899038461538471 0.15172740074751975 0.016057061994791341
decision_type=10 2 2 10 8 2 8 8 2 8 8 2 8 2
left_child=1 5 3 -3 -4 -1 12 -8 9 -9 11 -11 -7 -14
right_child=-2 2 4 -5 -6 6 7 8 -10 10 -12 -13 13 -15
leaf_value=0.00030615161274441375 -0.0041110728764601322 -0.0058698963825475521 -0.0066144069941171 0.0059161469974238247 0.00013448356108180761 -0.00057417805504942146 -0.00031827654253336024 -0.0033829996652322129 0.0092304862975525082 0.0087724399923818953 0.00040399387683342402 -0.0013544903558832778 -0.0051409965635610694 0.0028442126112381495
leaf_weight=25506.43402173568 406.35096574237105 52.313469106098637 384.51783414627425 144.38524739490822 153.41132408892736 1525.9838309666375 27474.124085951131 294.45141766988672 118.72497398359701 212.93749540532008 2632.9242568323389 69.275822424795479 635.42096393508837 101.99728222656995
leaf_count=360087 7836 585 3268 1023 1392 19082 301338 3840 1139 2073 27749 620 5699 810
internal_value=-9.17751e-05 -6.07964e-05 -0.00292786 0.00222718 -0.00484195 -2.23704e-05 -0.000275866 -0.000166574 0.00107186 0.000633102 0.00108896 0.00645683 -0.00172747 -0.00392604
internal_weight=59713.3 59306.9 734.628 196.699 537.929 58572.3 33065.8 30802.4 3328.31 3209.59 2915.14 282.213 2263.4 737.418
internal_count=736541 728705 6268 1608 4660 722437 362350 336759 35421 34282 30442 2693 25591 6509
is_linear=0
shrinkage=0.03


Tree=310
num_leaves=15
num_cat=0
split_feature=19 29 21 26 11 4 1 23 26 14 21 24 34 18
split_gain=4.61778 7.35231 4.9175 4.67999 5.63499 4.47029 11.0641 12.0656 7.7 6.21268 7.16282 6.86632 5.70566 5.5112
threshold=-13.870833333333328 0.10934610275369867 0.1502688172043011 -0.038955424163354478 1.5000000000000002 -3.0590277777777781 1301.0000000000002 4.4850000000000012 -0.075402453960319013 70.050000000000011 0.18441295546558709 0.031462384032355926 0.0014080103943121551 -18.966666666666661
decision_type=8 10 10 10 2 2 2 8 10 8 8 10 2 10
left_child=1 -1 3 4 -3 6 9 8 12 11 -11 -2 -8 -13
right_child=5 2 -4 -5 -6 -7 7 -9 -10 10 -12 13 -14 -15
leaf_value=-0.0053213404093264876 -0.00062046930338876584 -0.0021764430834825964 -0.0039174897204179646 -0.0018141462047006874 0.010948915152476481 -1.2664671031322092e-05 0.001957769232109293 -0.005238993535898886 0.0045552207203306263 -0.0011143484349905584 0.0051206516111467985 -0.0021730009580829168 -0.0057325412337585757 0.0095319771682336619
leaf_weight=301.05810977786314 89.653556104516611 21.284999161493033 48.056579669238999 46.879057759651914 52.724413034971803 57350.237207588856 138.92610549344681 314.38346704852302 308.2614707374014 370.27388491667807 231.22306394041516 22.386761356377974 120.55649643344805 259.15957592451014
leaf_count=19328 2958 528 854 2439 1205 678797 1823 8498 4962 6229 2994 780 1426 4282
internal_value=1.01198e-05 -0.00280463 0.00187118 0.00464525 0.00781854 3.48126e-05 0.00146459 -0.000949324 0.00165783 0.00359312 0.00149151 0.00641727 -0.00196408 0.00841392
internal_weight=59675.1 470.003 168.945 120.888 74.0094 59205.1 1854.82 882.128 567.744 972.697 601.497 371.2 259.483 281.546
internal_count=737103 24354 5026 4172 1733 712749 33952 16709 8211 17243 9223 8020 3249 5062
is_linear=0
shrinkage=0.03


Tree=311
num_leaves=15
num_cat=0
split_feature=12 30 16 31 27 30 29 4 20 30 17 20 14 9
split_gain=5.62208 6.49289 4.99667 4.46875 7.82559 8.61232 6.48314 6.56832 6.20232 6.06588 8.2009 7.64819 6.28957 5.51595
threshold=18.050000000000004 359.50000000000006 45.95000000000001 0.029379472522359267 -89.499999999999986 338.50000000000006 0.16666681182751217 1.9166666666666681 49.500000000000007 143.50000000000003 80.678174603174611 26.500000000000004 68.350000000000009 43.500000000000007
decision_type=8 10 8 10 10 10 10 2 10 10 10 10 10 2
left_child=1 -1 -2 -4 6 8 -5 13 9 11 -11 12 -6 -8
right_child=2 -3 3 4 5 -7 7 -9 -10 10 -12 -13 -14 -15
leaf_value=-0.0024891853058218141 -0.0061555414216544575 0.0096994001849025485 9.8068548765149462e-05 -0.0016436805342605206 0.00015221604749145491 -0.0064170992722263689 -0.00149283093533495 -0.0025688901086206319 -0.0058106690144709618 0.0049090385566246172 -0.0042839276535580704 0.0041820632559999311 -0.0070030525378650937 0.007582039192606394
leaf_weight=34.975275544798933 67.06802416651044 61.101086473558098 57537.352781649708 345.73654796427581 193.55170842586085 340.13512749434449 58.79047327931039 82.941948984516785 152.72840888123028 291.39710952655878 74.656991655007005 94.500281870597973 201.55175979947671 221.28032752592117
leaf_count=1082 4068 1649 710690 4227 2185 2783 500 625 1598 2756 615 984 1765 1967
internal_value=5.07559e-05 0.00592905 3.6333e-05 4.84557e-05 -0.00130851 -0.00261695 0.00118942 0.00376003 -0.00109254 2.39181e-05 0.00274462 -0.00207606 -0.00387451 0.00573953
internal_weight=59757.8 96.0764 59661.7 59594.6 2057.27 1348.52 708.749 363.013 1008.39 855.658 366.054 489.604 395.103 280.071
internal_count=737494 2731 734763 730695 20005 12686 7319 3092 9903 8305 3371 4934 3950 2467
is_linear=0
shrinkage=0.03


Tree=312
num_leaves=15
num_cat=0
split_feature=10 18 18 24 3 29 28 15 29 1 6 18 15 23
split_gain=5.51671 10.9447 8.6925 8.65201 8.02743 6.64956 6.00389 8.49051 10.7809 6.91599 6.50859 6.8026 5.78749 5.88649
threshold=338.50000000000006 -2.0333333333333417 -0.9333333333333157 0.22843336544628265 56.750000000000007 0.13530027850861068 -1.2499999999999998 77.25833333333334 0.14321127311323392 1431.5000000000002 0.48684210526315791 -7.7166666666666712 73.416666666666686 4.5850000000000009
decision_type=2 10 10 10 2 10 8 10 10 2 2 10 10 10
left_child=-1 6 4 -4 -3 -5 9 12 -9 10 11 -2 13 -8
right_child=1 2 3 5 -6 -7 7 8 -10 -11 -12 -13 -14 -15
leaf_value=-9.1409570609028294e-05 0.0018442229487887027 -0.00069917384592413411 0.0032246638923586731 0.00098010768042824156 0.0096774167164074415 -0.007201252093814536 -0.00089188041204238714 0.0067952395652220851 -0.0028309707939195537 -0.0066017388214705099 0.0030274374310798767 -0.0081828311638706564 -0.0035753218338060206 0.002705455453421129
leaf_weight=55290.060873045702 83.11227385699749 80.309074567165226 853.41875726217404 197.68248964287341 224.72639384539798 99.34917476773262 1007.8843836435117 314.9914296339266 114.38839265797287 195.04143841401674 216.33619394968264 85.821391074452549 331.64731889939867 620.52452269301284
leaf_count=682276 1859 660 5688 1134 1807 512 13206 3700 983 3304 3847 929 3814 13081
internal_value=-9.48742e-06 0.00100366 0.00308738 0.00173308 0.00723177 -0.00239962 -5.1798e-05 0.000623456 0.00420298 -0.00266106 -0.000136923 -0.00395515 -0.000245736 0.000518686
internal_weight=59715.3 4425.23 1455.49 1150.45 305.035 297.032 2969.75 2389.44 429.38 580.311 385.27 168.934 1960.06 1628.41
internal_count=736800 54524 9801 7334 2467 1646 44723 34784 4683 9939 6635 2788 30101 26287
is_linear=0
shrinkage=0.03


Tree=313
num_leaves=15
num_cat=0
split_feature=12 30 24 4 0 29 21 19 24 30 4 26 22 27
split_gain=4.45515 8.70541 11.8652 5.78762 5.68503 4.70246 4.14651 10.6386 9.48813 8.35118 8.28625 7.89639 7.38496 7.73504
threshold=45.150000000000013 415.50000000000006 0.093845063572966458 1.8385416666666681 9.5000000000000018 0.16160357455616595 0.24037037037037037 9.2333333333333396 0.49583953115507334 4.5000000000000009 1.7857142857142885 -0.10892165370141153 10.500000000000002 -24.499999999999996
decision_type=8 10 10 2 2 10 8 10 10 8 2 10 10 10
left_child=1 2 5 -3 -4 -1 9 12 10 -2 11 -9 -8 -14
right_child=6 3 4 -5 -6 -7 7 8 -10 -11 -12 -13 13 -15
leaf_value=-0.0096884595751522366 -0.0052671161582397413 -0.0011704656168472561 -0.002564975630184351 0.0065247040141650165 0.0078254936917357704 0.0020303282092292881 -0.00052546573747650762 0.00038218959765447198 -0.0049449920444910485 0.00017739308052906638 0.00035572500375329725 0.0085473478803173141 -0.0083505892528752072 0.00010559828430878913
leaf_weight=220.2103835195303 205.06488257343881 295.18505577126052 68.491010875208303 69.150957315578125 34.397118696477264 17.34564836602658 13703.658190769725 158.97278290148824 92.344926424324512 43850.829273347743 422.74488518200815 306.58967927563936 174.48943599872291 169.72658882476389
leaf_count=8243 2657 10349 929 1432 743 284 148368 834 429 554634 2258 1675 2311 2668
internal_value=-2.99716e-05 -0.00232024 -0.00544166 0.000901195 0.00233192 -0.00862854 -7.1379e-07 -0.000430178 0.00251495 0.000146109 0.00351263 0.0060667 -0.000643962 -0.00469645
internal_weight=59789.2 704.78 340.444 364.336 102.888 237.556 59084.4 15028.5 980.652 44055.9 888.307 465.562 14047.9 344.216
internal_count=737814 21980 10199 11781 1672 8527 715834 158543 5196 557291 4767 2509 153347 4979
is_linear=0
shrinkage=0.03


Tree=314
num_leaves=15
num_cat=0
split_feature=25 19 29 19 23 23 23 30 20 11 27 25 25 25
split_gain=6.11827 6.47881 5.83381 5.72045 5.37955 7.52628 15.0332 9.77967 9.20815 7.54191 7.15707 7.43235 7.30684 6.37935
threshold=0.41354056388720678 0.92666666666666597 0.12390610478845775 6.811785714285727 4.705000000000001 7.9050000000000011 7.0050000000000008 143.50000000000003 328.50000000000006 21.500000000000004 8.5000000000000018 0.23511692997896552 0.17876536930859049 0.055947723557470012
decision_type=10 10 10 10 10 10 10 10 10 2 10 10 10 10
left_child=4 -2 3 -3 -1 6 8 13 -6 -8 11 12 -9 -7
right_child=1 2 -4 -5 5 7 9 10 -10 -11 -12 -13 -14 -15
leaf_value=-0.00019350663946525367 -0.0032438667360485778 0.004653956442010965 0.0073520554350026057 -0.0044804854132733298 0.00052448604840237901 -0.0063820841145148808 0.0043079567121314848 -0.0008055329959593769 -0.0074555271444425716 -0.00066688288493245364 0.0017846982017598603 -0.0064128772319464776 0.0038832223696438689 -0.0011792890001138059
leaf_weight=44237.713407448638 75.642088430467993 70.767054736614227 231.63014308549464 76.164839318022132 7578.9201002054615 305.03205904946662 1460.7908182673855 2699.5566594765987 82.520837868680246 320.08171098364983 1557.6729236041429 140.89747235202231 285.89658343489282 601.24193144286983
leaf_count=464310 675 459 1164 379 114010 10116 24972 58808 1545 6127 40031 1338 3348 9911
internal_value=1.09289e-06 0.00329184 0.00482386 -1.64276e-05 -2.68783e-05 0.000462489 0.000977093 -0.000407662 0.000390751 0.00342002 0.000155156 -0.00067206 -0.000299954 -0.00317257
internal_weight=59724.5 454.204 378.562 146.932 59270.3 15032.6 9442.31 5590.3 7661.44 1780.87 4684.02 3126.35 2985.45 906.274
internal_count=737193 2677 2002 838 734516 270206 146654 123552 115555 31099 103525 63494 62156 20027
is_linear=0
shrinkage=0.03


Tree=315
num_leaves=15
num_cat=0
split_feature=21 12 26 32 5 18 17 18 32 20 27 30 6 12
split_gain=5.86987 7.85492 10.9273 8.15133 9.26286 7.84908 6.33214 6.19679 9.77442 6.17139 6.14139 7.73388 8.08309 6.08454
threshold=0.22996794871794876 78.050000000000011 -0.069610355778225552 0.11334477828783869 6.5000000000000009 -6.724999999999997 66.601449275362341 -18.966666666666661 0.069234891582158467 146.50000000000003 10.500000000000002 401.50000000000006 0.85357142857142865 85.950000000000017
decision_type=10 10 10 2 2 10 10 8 2 10 10 10 2 10
left_child=7 2 6 4 13 -4 -2 8 -1 -6 11 -8 -13 -3
right_child=1 3 5 -5 9 -7 10 -9 -10 -11 -12 12 -14 -15
leaf_value=-0.0054508533086712798 0.0063197914469898678 -0.0016307977320574646 -0.0011406309962555654 -0.00065159037351091595 0.005237864134857181 -0.0058092665967796791 0.0022194670309039211 0.00021044493106141769 -3.5109341320792382e-05 -0.00313326329232499 0.0019839761591274128 -0.0057112598637414497 0.0025591378561473982 0.0024769747090118729
leaf_weight=401.77334870013874 78.401215136982501 763.93415075016674 594.35859049903229 6790.8653186643496 588.17881566076539 751.16699350252748 213.98838287568651 47195.545338827535 894.30183549493086 57.103873961605132 446.61443692888133 442.63787266449071 104.19480415154248 489.73528141644783
leaf_count=27535 947 7412 11138 56228 6556 6895 2122 573335 30191 796 4621 4556 1123 4198
internal_value=9.69894e-06 -0.000603831 -0.00202341 -0.000164853 0.00154784 -0.00386175 -2.71916e-05 0.000153412 -0.00185406 0.00432502 -0.000674223 -0.00226075 -0.00405302 7.32446e-06
internal_weight=59812.8 11321.2 2631.36 8689.82 1898.95 1345.53 1285.84 48491.6 1296.08 645.283 1207.44 760.821 546.833 1253.67
internal_count=737653 106592 31402 75190 18962 18033 13369 631061 57726 7352 12422 7801 5679 11610
is_linear=0
shrinkage=0.03


Tree=316
num_leaves=15
num_cat=0
split_feature=32 30 4 7 20 31 19 34 35 33 21 19 30 25
split_gain=5.49043 9.72333 12.913 9.73376 9.40826 7.16014 6.61992 10.2584 5.68033 5.24598 6.60941 5.40791 5.11381 5.98103
threshold=0.18202686095505621 387.50000000000006 0.66666666666666796 4.5000000000000009 74.500000000000014 -0.0048695722769545339 3.8869230769230758 0.027121553067521155 4.5000000000000009 1889.5000000000002 0.21473779385171793 -2.2938446969696922 2840.5000000000005 0.1700729356218233
decision_type=2 10 2 8 10 10 8 2 2 2 10 8 10 10
left_child=-1 4 5 12 8 -3 -5 -8 -2 11 -11 -7 13 -4
right_child=1 2 3 6 -6 9 7 -9 -10 10 -12 -13 -14 -15
leaf_value=-5.8539864186133803e-05 0.0039250781935956172 0.0010061358421464687 0.0048456372576966443 0.0014722630798322048 -0.0043462327836900367 0.00081132723472135653 -0.0095755411768540365 0.0017227252259577857 -0.003476102602611119 0.005084569006646715 -0.0053697597436273984 -0.0071346270657180319 0.0078763786362523007 -0.0014086733815194272
leaf_weight=56980.163560951885 580.31646170280874 158.10924047790468 171.04616516153328 146.86539672338404 159.31319571239874 74.773733622627333 159.79994303546846 90.06802731892094 69.826821695547551 66.027434431482106 52.582494718953967 740.25459797144867 77.862939899787307 322.97616960015148
leaf_count=716419 3478 1584 1255 1529 1308 1057 1031 579 1457 532 412 5401 489 1951
internal_value=-0.000123609 -0.00139244 -0.0024704 7.36225e-05 0.00133548 -0.00463189 -0.00330804 -0.00589476 0.0029387 -0.00558928 0.000231933 -0.00640088 0.00249693 0.0010031
internal_weight=59850 2869.82 2060.37 968.619 809.456 1091.75 396.733 249.868 650.143 933.638 118.61 815.028 571.885 494.022
internal_count=738482 22063 15820 6834 6243 8986 3139 1610 4935 7402 944 6458 3695 3206
is_linear=0
shrinkage=0.03


Tree=317
num_leaves=15
num_cat=0
split_feature=17 5 33 33 1 30 30 32 12 17 14 25 34 5
split_gain=7.35256 4.89353 5.38832 6.38429 4.73382 4.6324 7.9434 5.0328 4.57303 13.2211 7.5463 8.29792 6.77084 5.93184
threshold=90.925833333333358 3.5000000000000004 1553.5000000000002 135.50000000000003 1341.5000000000002 352.50000000000006 901.50000000000011 0.11623471559739046 86.550000000000011 80.220576923076933 66.550000000000011 0.17569159223073474 -0.0061674166462679465 10.500000000000002
decision_type=10 2 2 2 2 10 10 2 10 10 10 10 2 2
left_child=8 2 3 -2 -4 7 -7 -3 -1 10 -10 -12 -11 -14
right_child=1 5 4 -5 -6 6 -8 -9 9 12 11 -13 13 -15
leaf_value=9.5347670931667737e-06 0.004565534503558232 0.00090423406453869813 -0.0016917928240397792 -0.0046175271430909824 0.0075138424466648281 0.0025305942645955431 -0.0039330133451542983 -0.009094860566984846 -0.0026326332496694133 0.0025218322733790385 0.0073132408998727947 0.0001794493640935372 -0.00056444435520939813 0.0032857228577207209
leaf_weight=52469.781676813203 51.962287892121822 47.855385183356702 54.89710063720122 176.62047032103874 87.81333424593322 212.17293647211045 478.20149663812481 147.38654122850858 91.909765930380672 957.43608802871313 498.73859550640918 203.81491591734812 3874.0587514927611 346.71809522458352
leaf_count=672493 455 494 439 1536 788 2058 4681 1393 778 8885 4461 1395 32910 4193
internal_value=4.97309e-05 -0.00217579 0.000657807 -0.00208525 0.0044525 -0.00333544 -0.0019098 -0.00695933 9.94137e-05 0.000882363 0.00436373 0.00539311 0.000311613 -0.000213405
internal_weight=59699.4 1256.91 371.293 228.583 142.71 885.616 690.374 195.242 58442.5 5972.68 794.463 702.554 5178.21 4220.78
internal_count=736959 11844 3218 1991 1227 8626 6739 1887 725115 52622 6634 5856 45988 37103
is_linear=0
shrinkage=0.03


Tree=318
num_leaves=15
num_cat=0
split_feature=6 26 14 4 18 14 1 32 18 21 34 27 5 16
split_gain=9.43082 8.93657 8.39083 8.59746 8.10241 8.76105 8.23505 8.51252 10.0159 8.12574 8.05556 9.42151 11.9982 8.66819
threshold=0.54772727272727284 0.83660995699850582 91.050000000000011 2.3786764705882359 -20.79999999999999 66.350000000000009 1006.5000000000001 0.15019531548027773 -6.1000000000000041 0.3585714285714286 0.0067817683125451248 110.50000000000001 9.5000000000000018 91.050000000000011
decision_type=2 10 8 2 8 10 2 2 8 8 2 10 2 10
left_child=1 -1 3 -3 5 -2 7 8 -6 -9 11 -8 -13 -12
right_child=4 2 -4 -5 6 -7 10 9 -10 -11 13 12 -14 -15
leaf_value=0.00055591438578778151 -0.0058293307626484841 0.00052277187133829199 -0.0063878372634101257 -0.0056595427975564003 -0.00067481194662021428 0.0030314669101646897 -0.00037701118584098237 -0.0038001969192666806 0.0028672218865471088 0.0021083069009858592 -0.00010194491225591821 -0.0027879165579914027 0.00082472285687498086 0.0025830298742400126
leaf_weight=29203.784834556893 390.98777879984118 1011.0310903990176 242.14315141621046 201.0876733106561 1046.8696955966298 95.825804672669619 11419.076149760513 515.67325853183866 2132.1482332283631 292.24546527909115 7316.0793505036272 3601.8521890232805 1044.6190707407659 1219.3388158329763
leaf_count=349326 19967 11541 2419 1683 19135 3177 146400 4143 20948 2202 83330 43477 16919 12923
internal_value=7.38577e-05 0.000440603 -0.00181652 -0.000686436 -0.000312952 -0.00396525 -0.000243944 0.00101275 0.00170842 -0.00166462 -0.000449251 -0.000844047 -0.00197559 0.00029443
internal_weight=59732.8 30658 1454.26 1212.12 29074.7 486.814 28587.9 3986.94 3179.02 807.919 24601 16065.5 4646.47 8535.42
internal_count=737590 364969 15643 13224 372621 23144 349477 46428 40083 6345 303049 206796 60396 96253
is_linear=0
shrinkage=0.03


Tree=319
num_leaves=15
num_cat=0
split_feature=8 8 12 6 14 0 1 23 32 29 29 5 14 5
split_gain=4.11872 17.2559 7.47452 8.76838 8.84323 8.71934 9.54345 11.1647 8.69434 17.4785 7.3085 7.16161 7.33112 8.14313
threshold=3.5000000000000004 2.5000000000000004 78.050000000000011 0.89181286549707617 75.250000000000014 12.500000000000002 1295.0000000000002 2.2550000000000003 0.082718670305579181 0.089741249702022949 0.19685904550499447 8.5000000000000018 82.950000000000017 2.5000000000000004
decision_type=2 2 10 2 10 2 2 10 2 10 10 2 10 2
left_child=1 -1 -2 4 -4 6 7 -5 9 -6 11 12 13 -10
right_child=2 -3 3 5 8 -7 -8 -9 10 -11 -12 -13 -14 -15
leaf_value=0.00029464447251935594 -0.00066410660765997055 0.0077926626006751898 0.0024494914027375064 0.0031289530699092506 -0.0029818962766174997 0.0040202304126202987 -0.0054842953616502637 -0.0058045146057175831 0.00081686255065026325 0.0082512521644570597 0.0044223374043031449 0.0034064550498564784 0.00024422640095638024 -0.0037544754503950114
leaf_weight=39961.939641505363 11698.887852644431 228.26913656387478 2253.5172651208704 337.06332860095426 172.6420124436263 150.22630035062321 524.17350551020354 136.68313887389377 471.57768060569651 264.18488500849344 229.0489680301398 316.76487058424391 1958.4420251764823 1162.0318020004779
leaf_count=490990 171724 2493 19323 2805 2185 2005 4863 1407 3930 2758 1437 4168 17837 10369
internal_value=0.000172896 0.000346861 -0.000182435 0.000523766 0.000933443 -0.00184993 -0.00288327 0.000243435 0.000168221 0.00396141 -0.000274735 -0.000602353 -0.000997782 -0.00244979
internal_weight=59865.5 40190.2 19675.2 7976.36 6828.21 1148.15 997.92 473.746 4574.69 436.827 4137.87 3908.82 3592.05 1633.61
internal_count=738294 493483 244811 73087 62007 11080 9075 4212 42684 4943 37741 36304 32136 14299
is_linear=0
shrinkage=0.03


Tree=320
num_leaves=15
num_cat=0
split_feature=34 1 34 10 12 25 25 23 20 30 34 25 23 23
split_gain=4.65751 6.69417 10.4327 12.2554 7.34448 6.12653 6.42096 5.72426 11.6687 6.3562 5.73321 6.55164 5.16635 8.64315
threshold=-0.022205133030866981 1077.5000000000002 -0.028972012537576922 333.50000000000006 65.350000000000009 0.031928941918373047 0.036837005583357917 16.105000000000004 12.500000000000002 345.50000000000006 0.010582122548828838 0.047456874899199676 -0.14499999999999999 1.0000000180025095e-35
decision_type=2 2 2 2 8 10 10 10 10 10 2 10 10 10
left_child=1 2 -1 4 -4 -3 -7 12 -9 10 11 -10 -2 -14
right_child=7 5 3 -5 -6 6 -8 8 9 -11 -12 -13 13 -15
leaf_value=-0.00035930605196102911 0.0004637565336068434 -0.0033183316470733722 0.00087421788740988824 -0.0045179307425573514 0.011965781065073811 0.0090976134429542107 0.00063235612437770902 -0.0055968842762735595 0.0038415274196110807 0.0060218657707870058 0.0052913024719777619 -0.0068449125857661898 -0.0033250756647196641 -0.00019559507118496188
leaf_weight=289.73122103139758 11324.119983551442 298.51620972773526 79.882231291383505 38.470898620085791 191.23078854102641 34.08271467895247 2355.1786655265896 89.476348180673085 40.52541720145382 408.43967335799243 54.749037571018562 95.674205384450033 759.30350300623104 43684.176522087306
leaf_count=3593 118207 6017 1506 517 2205 754 28960 2710 2049 10421 1200 2174 8219 548622
internal_value=-7.99031e-06 0.00108108 0.00381677 0.00723157 0.00934269 0.00041252 0.00093712 -7.23005e-05 0.0025511 0.00410471 -0.000394742 -0.0034875 -0.000106962 -0.000252738
internal_weight=59743.6 3287.09 599.315 309.584 271.113 2687.78 2389.26 56456.5 688.865 599.388 190.949 136.2 55767.6 44443.5
internal_count=737154 43552 7821 4228 3711 35731 29714 693602 18554 15844 5423 4223 675048 556841
is_linear=0
shrinkage=0.03


Tree=321
num_leaves=15
num_cat=0
split_feature=16 21 3 11 14 26 19 19 34 14 11 34 29 2
split_gain=5.17068 7.1943 6.24518 8.72996 7.57257 8.09994 5.89779 7.43861 7.27187 7.06141 7.96871 7.78216 10.1489 6.57392
threshold=74.550000000000011 0.3585714285714286 53.750000000000007 14.500000000000002 72.250000000000014 -0.010340610239440762 1.2444444444444474 2.1043560606060585 -0.015567168979969086 31.550000000000004 6.5000000000000009 -0.013428293660693839 0.12742349291907731 4.5000000000000009
decision_type=8 10 2 2 8 10 10 10 2 8 2 2 8 10
left_child=1 2 3 4 5 -1 9 -8 -9 -4 13 -12 -13 -11
right_child=-2 -3 6 -5 -6 -7 7 8 -10 10 11 12 -14 -15
leaf_value=0.0094580912872328938 0.00014658943648573772 -0.0060840658292263166 0.0054697583851497185 -0.0043352549359563569 -0.0010617083999393579 -0.0026338849756170034 0.0033471337487203197 0.0024845114762718696 -0.00093768047886404042 -0.0020216962472322602 -0.0079331427624179801 -0.0037518942424864515 0.0034252809400174499 0.0010990626036640569
leaf_weight=201.26643515529577 50907.677147529437 163.27544663986191 77.029962475411594 82.563550337799825 125.82738630205858 39.033377415966243 488.59163808348239 614.79691508738324 3482.7061847643927 1459.6093925866298 261.01785937487148 755.22655317792669 185.0568572494667 975.09554384090006
leaf_count=4257 574753 2017 2298 2249 3033 1666 6845 6200 33081 40449 7564 22783 3057 27478
internal_value=2.97474e-05 -0.000634846 -0.000499139 0.0027685 0.00469885 0.00737857 -0.000691324 3.06042e-05 -0.000400447 -0.00157156 -0.00179291 -0.00374277 -0.00223773 -0.000774872
internal_weight=59818.8 8911.1 8747.82 448.691 366.127 240.3 8299.13 4586.09 4097.5 3713.04 3636.01 1201.3 940.283 2434.7
internal_count=737730 162977 160960 11205 8956 5923 149755 46126 39281 103629 101331 33404 25840 67927
is_linear=0
shrinkage=0.03


Tree=322
num_leaves=15
num_cat=0
split_feature=23 16 22 28 16 20 23 11 1 23 11 14 23 11
split_gain=7.68562 7.45337 7.22796 8.92732 8.20315 8.80082 7.52155 7.27647 7.67157 7.10492 7.02787 9.62385 9.2974 8.70144
threshold=-0.79499999999999993 71.15000000000002 6.5000000000000009 7.2500000000000009 84.950000000000017 231.50000000000003 4.6850000000000014 33.500000000000007 1035.0000000000002 2.2050000000000005 32.500000000000007 72.15000000000002 6.8050000000000006 13.500000000000002
decision_type=8 10 10 10 8 10 10 2 2 10 2 10 10 2
left_child=1 -1 3 4 -2 6 -6 8 -8 -4 13 -12 -13 -11
right_child=2 -3 9 -5 5 -7 7 -9 -10 10 11 12 -14 -15
leaf_value=-0.0056504194647479045 -0.00062493855836175051 0.0014003355443953031 0.0049791596172714904 0.0042715704742621258 0.00012979774718945497 -0.0050201726437114225 -0.0027686633231655431 -0.0026203817173059227 0.0040710060671640949 0.00083056557324707569 -0.00032299549942002825 0.001591503923601645 0.0097839594506391493 -0.00087977918206457752
leaf_weight=90.265119269955903 22642.089620715706 4918.3436440788209 275.67995814676397 347.93197714118287 16591.086849489831 233.14989749831147 134.25223693810403 186.66559448419139 1075.3333025409374 8418.0076353036857 443.98509827326052 288.81637490494177 206.58096486097202 3867.808247087989
leaf_count=1260 254350 38992 3351 2888 174355 2991 1406 2939 13340 150455 10488 5090 4122 71288
internal_value=9.98993e-05 0.00121867 -3.53915e-06 -0.000200965 -0.000244221 0.000229302 0.000311073 0.00238614 0.0032321 0.000597606 0.000487863 0.00292106 0.00559153 0.000290733
internal_weight=59720 5008.61 54711.4 41210.5 40862.6 18220.5 17987.3 1396.25 1209.59 13500.9 13225.2 939.382 495.397 12285.8
internal_count=737315 40252 697063 452269 449381 195031 192040 17685 14746 244794 241443 19700 9212 221743
is_linear=0
shrinkage=0.03


Tree=323
num_leaves=15
num_cat=0
split_feature=18 14 30 29 27 2 27 10 26 29 26 27 27 31
split_gain=10.0448 8.94917 7.56794 8.43184 8.28028 7.26393 11.5017 7.17765 6.66465 10.2148 6.66723 5.92096 7.59856 7.75182
threshold=-2.4000000000000017 64.750000000000014 338.50000000000006 0.13469471155850984 -111.49999999999999 4.5000000000000009 -224.49999999999997 133.50000000000003 -0.26728282674984943 0.10630911126240876 -0.049937772894827634 -139.49999999999997 -219.49999999999997 -0.011410786184302317
decision_type=8 8 8 8 10 10 8 2 10 10 10 10 10 10
left_child=11 2 7 4 -4 -3 8 -2 -7 -10 -11 12 13 -1
right_child=1 5 3 -5 -6 6 -8 -9 9 10 -12 -13 -14 -15
leaf_value=-0.0039615738922256644 0.00039713867254545342 0.00075795896219493385 -0.0037918686479268926 -0.0051386710291956928 0.0050866975559016652 -0.0031689238714765122 -0.00057844659082392097 0.0093412391825408655 0.00016661255591372376 0.010224737423210424 0.0005658811650155318 -0.00014695490122455454 -0.0022645122588283509 0.00063610162302077812
leaf_weight=335.87720234191511 122.57363265193999 15483.536877661943 87.309502590447664 108.4539623260498 310.620426222682 85.890202610753477 9001.5266588163795 215.93909404892474 283.54106972017325 216.88582186680287 92.806811103131622 28275.086685857794 2888.0892237609951 2231.0316008274676
leaf_count=7676 771 124631 658 577 1975 618 72338 1374 3042 1757 801 430957 46443 43670
internal_value=1.89197e-05 0.000461442 0.00341067 0.000897698 0.00293284 0.000355853 -0.000287877 0.00657053 0.00333907 0.0044544 0.00781125 -0.000322485 -0.00122272 -2.96965e-05
internal_weight=59739.2 26009.1 844.897 506.384 397.93 25164.2 9680.65 338.513 679.124 593.234 309.693 33730.1 5455 2566.91
internal_count=737288 208542 5355 3210 2633 203187 78556 2145 6218 5600 2558 528746 97789 51346
is_linear=0
shrinkage=0.03


Tree=324
num_leaves=15
num_cat=0
split_feature=7 4 26 17 6 10 4 17 16 16 24 27 21 29
split_gain=5.10353 6.56185 5.7407 7.15997 5.08856 3.92926 3.62024 3.54114 3.45476 10.9622 10.3449 8.21203 7.81613 7.81108
threshold=2.5000000000000004 -1.040064102564102 -0.013320456769946408 79.020344827586214 0.7947368421052633 204.50000000000003 -0.27097902097901988 79.767054263565896 91.750000000000014 95.850000000000009 0.17254404259911954 270.50000000000006 0.067041198501872665 0.16160357455616595
decision_type=8 2 10 10 2 2 2 10 10 10 10 10 10 10
left_child=1 -1 4 -4 -3 -5 -6 -8 -2 11 -11 12 13 -10
right_child=8 2 3 5 6 -7 7 -9 9 10 -12 -13 -14 -15
leaf_value=-0.0022456611306739143 -9.4319340920566777e-05 0.0054232173206616354 -0.0067310898181998473 0.0053896471974057263 0.0046917443076288142 -0.0019620313811785422 -0.0054551165428351383 0.0019516193058583329 0.0067614182290276336 -0.002821583689103646 0.0016668916022096734 0.0056088113218995322 0.00058688699785000445 -0.0029790916297657063
leaf_weight=241.51834159391001 52584.61789207207 580.38808886252809 70.384556475561112 97.103600692003965 46.63847861555405 81.947426051367074 79.872658100211993 69.497965345392004 306.00198770361021 1214.6050516858231 686.95485212514177 354.25990720349364 3374.6073935182067 62.723449624143541
leaf_count=3382 657685 6067 1159 685 610 610 963 580 3860 16253 5143 4077 36300 538
internal_value=2.52111e-05 0.00187183 0.00290055 -0.000922962 0.00411047 0.00233115 -8.88297e-05 -0.00238378 -1.62993e-05 0.0006627 -0.00119892 0.00153066 0.00107587 0.00494659
internal_weight=59851.1 1267.35 1025.83 249.436 776.397 179.051 196.009 149.371 58583.8 5999.15 1901.56 4097.59 3743.33 368.725
internal_count=737912 14056 10674 2454 8220 1295 2153 1543 723856 66171 21396 44775 40698 4398
is_linear=0
shrinkage=0.03


Tree=325
num_leaves=15
num_cat=0
split_feature=35 28 3 30 26 0 14 18 34 24 22 20 10 26
split_gain=4.6645 5.12981 5.59296 4.97206 5.28498 4.96188 13.2439 8.52056 11.1122 7.16062 7.87191 6.08273 5.95821 5.85712
threshold=11.500000000000002 1.0000000180025095e-35 56.250000000000007 2514.5000000000005 -0.093967159322315433 7.5000000000000009 68.350000000000009 -13.433333333333325 0.0058075764508849813 0.049849033222523619 6.5000000000000009 48.500000000000007 247.50000000000003 -0.058364705951683714
decision_type=2 8 2 10 10 2 10 8 2 8 10 10 2 10
left_child=5 3 -3 4 -2 6 7 -1 9 12 -11 -8 -9 -10
right_child=1 2 -4 -5 -6 -7 11 8 13 10 -12 -13 -14 -15
leaf_value=-0.0022990520311160249 0.0019319089351215327 0.0074882141028955887 -0.003317435046966933 0.0032702907067899277 -0.010024724788542933 0.000268600054144155 -0.00087017488163733511 0.00037163034032137608 0.001700539830894029 -0.0014344521731773925 0.0044487079161904227 -0.003252433096158192 0.0061520541564762171 0.0056756270171970085
leaf_weight=654.42819026461802 23.878239662386477 26.595187513972633 53.771782546769828 14.75077092903666 113.18550150003284 48541.654841180309 5156.8323023663834 398.96229901956394 909.23250368377194 1799.9926646382082 181.2991682686843 1157.3282349854708 226.57399041415192 545.9616033853963
leaf_count=13188 2246 3669 6137 1630 14373 613475 39646 4122 6662 14364 1593 10039 2378 4351
internal_value=0.000119954 -0.00372847 0.00175892 -0.00634944 -0.00798211 0.000138067 -0.000434981 0.0007632 0.00127851 9.16893e-05 -0.000799857 -0.00132894 0.00276572 0.00333091
internal_weight=59804.4 232.181 80.367 151.815 137.064 59572.3 11030.6 4716.45 4062.02 2606.83 1981.29 6314.16 625.536 1455.19
internal_count=737873 28055 9806 18249 16619 709818 96343 46658 33470 22457 15957 49685 6500 11013
is_linear=0
shrinkage=0.03


Tree=326
num_leaves=15
num_cat=0
split_feature=22 4 2 1 23 31 20 4 17 14 21 27 31 19
split_gain=8.35912 10.1723 7.73002 9.60109 16.0491 8.64266 7.513 7.16508 6.04639 8.11643 6.01732 7.89668 6.46763 7.9542
threshold=8.5000000000000018 3.5156250000000004 5.5000000000000009 1410.5000000000002 9.0050000000000008 -0.016199684446584036 14.500000000000002 -1.1428571428571421 76.800735294117672 82.550000000000011 0.1213537241574625 -93.499999999999986 -0.0035020300238247214 5.0741582491582458
decision_type=10 2 8 2 10 8 10 2 10 10 10 10 10 10
left_child=-1 2 5 8 -5 6 -2 -7 -4 -10 -9 -12 -13 -14
right_child=1 -3 3 4 -6 7 -8 10 9 -11 11 12 13 -15
leaf_value=-0.00015605254422592743 0.0027335139218800267 -0.0039637582053828448 0.0051590542067985112 -0.0042855659229536318 0.0048115435265987921 -0.0015753646894040017 -0.0069042040936414624 0.0026931191748963013 -0.0034856776360688104 0.0043415223669498711 -0.0026678652509747485 -0.0026175343426363103 0.0048800516689491199 -0.0034692375404370801
leaf_weight=53428.210944394144 71.850671201129444 306.11381682381034 1062.0227142275544 355.09993155882694 256.92708810977638 798.85410953441169 194.5185898138443 1704.2537248773733 178.89001806499436 200.32379372068681 532.17970660782885 174.55323778348975 484.5354283109773 89.148057303857058
leaf_count=610234 1941 3755 21865 6146 6496 22128 4830 35602 2509 2727 7605 3353 8087 684
internal_value=-3.2952e-05 0.000986489 0.00126497 0.00274176 -0.00039166 0.000491941 -0.00428337 0.000879616 0.0040409 0.000673207 0.00155183 -1.13724e-05 0.00192681 0.0034085
internal_weight=59837.5 6409.27 6103.16 2053.26 612.027 4049.89 266.369 3783.52 1441.24 379.214 2984.67 1280.42 748.237 573.683
internal_count=737962 127728 123973 39743 12642 84230 6771 77459 27101 5236 55331 19729 12124 8771
is_linear=0
shrinkage=0.03


Tree=327
num_leaves=15
num_cat=0
split_feature=13 14 14 23 18 23 29 14 4 1 0 28 4 3
split_gain=4.70551 10.4353 5.9901 11.3842 7.12457 8.36982 13.7041 9.61602 9.09324 8.92717 7.92975 6.397 8.39485 5.65712
threshold=45.050000000000004 54.95000000000001 50.150000000000013 1.8750000000000002 -13.566666666666658 5.6050000000000013 0.13904403534700796 83.550000000000011 -0.89736842105262926 1205.5000000000002 9.5000000000000018 1.0000000180025095e-35 -1.907670454545453 55.250000000000007
decision_type=8 8 8 10 8 10 10 8 2 2 2 10 2 2
left_child=1 -1 3 -2 5 9 7 8 10 -4 13 12 -11 -7
right_child=2 -3 4 -5 -6 6 -8 -9 -10 11 -12 -13 -14 -15
leaf_value=-0.0036757526776335053 -0.0024874501077436538 0.0043378178777868448 -0.0057892396423103922 0.0040188218721201969 -8.2203604048443835e-06 -0.0060449539626887165 0.005416287369246436 0.0020929452353538698 -0.0053104841743134186 0.0031528100099528509 0.0041180425504291117 0.0034982005111529363 -0.005102077485409349 0.0024759247154425641
leaf_weight=154.00227289646864 305.19182914798148 522.33164317102637 608.50416157895233 762.74835560272913 55000.842020166252 147.01622484019026 277.08261230657808 455.79139014601242 564.96742188499775 122.49984708090778 205.02453045942821 179.16674970032182 298.98129826318473 74.457344241673127
leaf_count=5689 3509 11877 16826 17832 595747 5961 5605 19476 20734 4530 12864 4921 8827 2098
internal_value=-1.42714e-05 0.00238569 -4.37785e-05 0.00213139 -8.56781e-05 -0.00151348 -0.000151162 -0.00136235 -0.00297502 -0.00337309 0.000351302 -0.000668563 -0.00262295 -0.00325191
internal_weight=59678.6 676.334 59002.3 1067.94 57934.3 2933.49 1724.34 1447.26 991.466 1209.15 426.498 600.648 421.481 221.474
internal_count=736496 17566 718930 21341 697589 101842 66738 61133 41657 35104 20923 18278 13357 8059
is_linear=0
shrinkage=0.03


Tree=328
num_leaves=15
num_cat=0
split_feature=22 12 10 13 29 31 31 29 22 15 16 30 30 12
split_gain=4.67116 6.75861 6.84989 7.56606 6.64615 10.5203 7.78902 8.08692 11.0331 7.40504 7.22704 7.00982 6.80779 6.64023
threshold=8.5000000000000018 85.450000000000017 295.50000000000006 80.050000000000011 0.15869194916394916 0.0079855413597149979 0.027060032806779818 0.10934610275369867 10.500000000000002 72.916666666666686 84.350000000000009 768.50000000000011 3823.5000000000005 57.95000000000001
decision_type=8 10 2 8 10 10 10 8 10 10 10 10 10 10
left_child=13 2 4 -4 6 -6 7 8 9 10 -2 -10 -9 -1
right_child=1 -3 3 -5 5 -7 -8 12 11 -11 -12 -13 -14 -15
leaf_value=-0.0019495536671178195 0.001553215789087468 0.005024727367988366 0.001139876956598245 -0.0022507360219512756 -0.0064438441028305867 0.00046914493085690057 -0.004225751687201712 0.0030163968330313767 -0.0042564381534135817 -0.0015291507834425319 0.0071703549475549654 0.00058412664355289926 -0.003558794039283024 -3.3092563677290378e-05
leaf_weight=1635.0914304441249 2584.2763550601667 251.30796867678873 933.46268313121982 1463.0005371704465 224.44350542430766 691.11788421031088 184.51178041123785 2473.3744513806887 549.80832210998051 602.85289134038612 181.31029535876587 469.13340640533715 109.30676388880238 47377.570646539913
leaf_count=38086 54966 3721 20631 21031 2011 6651 2889 32640 14238 9847 4095 12009 1365 513145
internal_value=2.52561e-05 0.000591062 0.000461224 -0.000933731 0.000878661 -0.00147145 0.00118753 0.0013599 0.000563859 0.00139007 0.00204227 -0.00210471 0.00267581 -9.89485e-05
internal_weight=59730.6 10717.9 10466.6 2396.46 8070.14 915.561 7154.57 6970.06 4387.38 3368.44 2765.59 1018.94 2582.68 49012.7
internal_count=737325 186094 182373 41662 140711 8662 132049 129160 95155 68908 59061 26247 34005 551231
is_linear=0
shrinkage=0.03


Tree=329
num_leaves=15
num_cat=0
split_feature=20 6 19 3 34 0 29 17 27 33 6 27 29 30
split_gain=5.97536 7.11848 8.1707 10.103 7.57109 9.35964 6.97671 8.77592 10.2953 9.24995 7.49247 6.269 5.81145 10.6752
threshold=9.5000000000000018 0.35504201680672276 0.87380952380951638 54.750000000000007 -0.0083438825757280975 8.5000000000000018 0.074660597283968136 73.101250000000007 -99.499999999999986 76.500000000000014 0.45804195804195807 -319.49999999999994 0.062860106698280988 1079.5000000000002
decision_type=8 2 10 2 2 2 8 10 10 2 2 10 10 10
left_child=1 2 -1 -4 -5 -6 12 8 11 10 -10 -8 -3 -14
right_child=-2 6 3 4 5 -7 7 -9 9 -11 -12 -13 13 -15
leaf_value=-0.0035120651788611494 -0.00016096094540560043 0.0016251464048561556 0.0078672683922531433 0.0039073729147512965 0.0026552868616531431 -0.0040711745709150074 -0.0017697708861670806 0.00048803030696213591 0.0051773063065069826 0.0035293169846096419 -0.0057936253509741891 0.009731675399007756 -0.0061443859611391817 0.0032475154614838376
leaf_weight=560.06132503808476 54644.392432576919 416.24851524061523 107.06616631057113 232.19982366636395 241.8083866564557 491.64284866023809 33.136761966394261 1291.7546190563589 33.912051468156278 1008.7059811740182 153.27107941522263 272.43110300274566 274.9947361779632 125.67159230262041
leaf_count=10543 675478 7388 891 1879 1482 3870 462 11913 452 12200 2288 3270 3909 2042
internal_value=-6.78727e-05 0.000894698 -0.000733621 0.0008088 -0.000322579 -0.00182562 0.00163111 0.00233495 0.00385698 0.00240252 -0.0031336 0.00841095 -0.000771327 -0.00316508
internal_weight=59887.3 5242.9 1632.78 1072.72 965.651 733.451 3610.13 2793.21 1501.46 1195.89 187.183 305.568 816.915 400.666
internal_count=738067 62589 18665 8122 7231 5352 43924 30585 18672 14940 2740 3732 13339 5951
is_linear=0
shrinkage=0.03


Tree=330
num_leaves=15
num_cat=0
split_feature=8 23 32 33 26 22 31 13 23 33 30 30 13 11
split_gain=6.15264 14.3661 5.11778 5.60454 6.46438 5.0157 7.37913 8.90115 9.35791 7.50893 8.21041 6.86642 8.93384 6.78563
threshold=1.5000000000000002 2.9650000000000003 0.1523826858737671 1586.5000000000002 -0.080549987537679224 6.5000000000000009 -0.0091862603932387418 53.150000000000013 3.9750000000000005 934.50000000000011 72.500000000000014 143.50000000000003 77.350000000000009 13.500000000000002
decision_type=2 10 2 2 10 10 8 10 10 2 10 8 10 2
left_child=1 -1 -3 4 -4 -2 7 -7 -9 10 -10 -8 -13 -14
right_child=5 2 3 -5 -6 6 11 8 9 -11 -12 12 13 -15
leaf_value=-0.00035303899548278476 -6.2779838241931775e-05 -0.0062620882099411633 -0.0083750767595322968 0.004029169447347416 0.0030390123923289369 0.0034788770702621342 -0.0011745835169641326 0.0027188349279388805 0.0017550302728969298 0.0021781149987712307 -0.0045089972426831807 0.0019279290207205467 0.0010795663158759696 -0.0014071417750591345
leaf_weight=5213.3771994828712 40798.107662479277 506.19536170479842 61.704448701813817 87.659673236543313 40.743841740768403 294.44903022167273 1212.5966310949589 303.3857149395626 196.43953472503927 207.60514094389509 1128.528471190366 5830.1806479046354 2434.6622552298941 1589.3104689571774
leaf_count=66340 422380 9756 562 860 509 9587 21752 4592 3760 3543 24172 118460 27984 24097
internal_value=9.54189e-07 -0.000913846 -0.00480777 -0.000437751 -0.00432777 0.00010183 0.000609027 -0.00099123 -0.00178137 -0.00272997 -0.00355024 0.000920158 0.00118255 9.21988e-05
internal_weight=59904.9 5909.68 696.303 190.108 102.448 53995.3 13197.2 2130.41 1835.96 1532.57 1324.97 11066.8 9854.15 4023.97
internal_count=738354 78027 11687 1931 1071 660327 237947 45654 36067 31475 27932 192293 170541 52081
is_linear=0
shrinkage=0.03


Tree=331
num_leaves=15
num_cat=0
split_feature=3 16 26 11 18 25 11 29 21 2 18 17 16 4
split_gain=5.19649 6.15244 5.52318 5.32391 7.25134 6.73446 4.93012 10.0883 7.94499 6.29318 10.3767 9.44866 9.06942 6.96651
threshold=60.750000000000007 94.750000000000014 -0.47664693689136661 19.500000000000004 -0.13333333333331862 0.07656693150458109 28.500000000000004 0.13162997453005704 0.11639196206818696 6.5000000000000009 -1.7333333333333305 75.301785714285742 80.550000000000011 0.75833333333333297
decision_type=2 8 8 2 10 10 2 8 10 8 10 10 10 2
left_child=2 3 -1 -2 5 -5 -4 9 -9 10 -8 -11 -12 -13
right_child=1 -3 6 4 -6 -7 7 8 -10 11 12 13 -14 -15
leaf_value=-0.0031546330825288856 -0.0021548645672398465 0.003497501185851425 9.2348636702013057e-05 0.0041069218297070413 0.0034167767035830632 -0.0024510105724392275 -0.00016434662826469816 -0.0048175844943640894 0.00078567583557743971 0.0056520253937208933 -0.0036861369616744319 0.0030833392569127416 0.0059533640359943655 -0.0045084879286494102
leaf_weight=402.5321835137438 2290.3547938391566 208.72396925766952 51420.264802211197 125.5829341376666 389.4635229757987 714.18457943806425 1760.667190691107 354.40713616041467 494.5407432820648 703.50660686043557 70.87925090873614 195.37801401782781 459.19409818667918 145.67624574294314
leaf_count=2496 21011 2179 634116 1696 2553 7960 36498 4162 5602 10128 602 2818 4023 1611
internal_value=7.42331e-05 -0.00100273 0.000146756 -0.00131486 0.000273312 -0.00129463 0.000173468 0.00115748 -0.00169135 0.00189687 0.000977581 0.00377614 0.00445778 -0.000321235
internal_weight=59735.4 3728.31 56007 3519.59 1229.23 839.768 55604.5 4184.25 848.948 3335.3 2290.74 1044.56 530.073 341.054
internal_count=737455 35399 702056 33220 12209 9656 699560 65444 9764 55680 41123 14557 4625 4429
is_linear=0
shrinkage=0.03


Tree=332
num_leaves=15
num_cat=0
split_feature=28 32 31 13 12 32 13 32 17 12 33 16 3 31
split_gain=5.79576 9.55916 8.04208 7.42353 7.60235 7.08455 10.0802 6.84212 7.25371 8.39009 9.99245 7.81975 9.51532 7.33228
threshold=1.0000000180025095e-35 0.069569166370493249 0.021311389155592945 45.050000000000004 55.550000000000004 0.056505089330201444 57.750000000000007 0.093808180832263277 75.600806451612925 69.550000000000011 187.50000000000003 80.050000000000011 56.250000000000007 -0.0024576172732137772
decision_type=10 2 10 8 10 2 10 2 8 8 2 8 2 10
left_child=1 2 -1 4 -2 6 -5 -3 -9 10 -10 12 13 -11
right_child=3 7 -4 5 -6 -7 -8 8 9 11 -12 -13 -14 -15
leaf_value=-0.00053088007980877782 -0.0027186641842780338 0.0013810130459089287 -0.0048147208989756368 -0.0033932262023541842 0.0067557917145296209 -0.00050740242200180764 0.0024230079723169904 -0.00039028236069714992 -0.0034485203903484767 0.0048407950373646784 0.0074240349010004595 0.00039278680107801106 0.0060020168541479258 -0.0036713977577873501
leaf_weight=4744.6363441305002 76.569765444146469 6257.263013474294 382.31883729225956 278.9987721289508 205.05887906823773 22430.811748851673 1492.3818914734293 9198.4714605953777 67.486270377412438 92.928068020381033 266.35150943230838 13659.631731089787 446.75054181762971 203.21220079250634
leaf_count=104801 2914 99789 6306 7534 3491 230395 24197 110398 1011 979 3708 136737 3443 1798
internal_value=5.24491e-05 0.000298176 -0.000893744 -0.000301908 0.00415834 -0.000362276 0.00143893 0.00050172 0.000269447 0.000681179 0.00506321 0.000562442 0.00346044 -0.000686881
internal_weight=59802.9 35319 5126.96 24483.8 281.629 24202.2 1771.38 30192.1 23934.8 14736.4 333.838 14402.5 742.891 296.14
internal_count=737501 468970 111107 268531 6405 262126 31731 357863 258074 147676 4719 142957 6220 2777
is_linear=0
shrinkage=0.03


Tree=333
num_leaves=15
num_cat=0
split_feature=23 20 11 23 11 30 4 4 20 4 22 24 21 4
split_gain=6.19349 6.59442 8.96858 7.70814 6.53141 6.05417 6.42011 5.97923 5.93627 7.64856 5.90643 9.53424 9.40394 8.23146
threshold=-0.99499999999999988 11.500000000000002 17.500000000000004 -2.5149999999999992 7.5000000000000009 808.50000000000011 1.4309523809523805 1.0477272727272722 57.500000000000007 -1.3333333333333319 3.5000000000000004 0.039582326184225809 0.077296489917849154 0.22222222222222501
decision_type=8 10 2 10 2 10 2 2 10 2 8 10 10 2
left_child=1 2 4 5 -1 -3 -7 8 9 -5 11 12 -2 -14
right_child=10 3 -4 7 -6 6 -8 -9 -10 -11 -12 -13 13 -15
leaf_value=0.0015193204334180397 0.0038855988709997806 -0.0037254262937082496 -0.001453412992693516 -0.00054749631190949754 0.0095595346132654989 -0.0015787351714132865 0.0043468242545679154 -0.00042864360479150793 -0.0018574680440258179 0.0044125801133974773 7.1945557535259257e-06 -0.00080285492643688585 0.0023749844548085993 -0.0043035576575338446
leaf_weight=182.72800679062493 753.3709328926634 533.62075092177838 176.16486672335304 361.89178617740981 189.48958676005714 432.74196609924547 200.36726610781625 1021.8471383303404 214.10960116726346 1047.1176379532553 34825.493519513955 19307.83334223798 281.2612576065585 288.01236801943742
leaf_count=1391 9973 3738 1384 3451 1412 3103 1173 7296 2249 8967 515911 169799 4466 3456
internal_value=-0.00014541 0.000936905 0.00386757 0.000470658 0.0062598 -0.00151887 0.000477494 0.00136016 0.00246548 0.00316352 -0.000231272 -0.000632861 0.00178754 -0.00107855
internal_weight=59816.1 4360.08 548.382 3811.7 372.218 1166.73 633.109 2644.97 1623.12 1409.01 55456 20630.5 1322.64 569.274
internal_count=737769 34164 4187 29977 2803 8014 4276 21963 14667 12418 703605 187694 17895 7922
is_linear=0
shrinkage=0.03


Tree=334
num_leaves=15
num_cat=0
split_feature=19 9 27 24 29 11 8 11 29 29 29 4 19 18
split_gain=5.83755 6.06359 8.47633 8.04147 5.85998 5.3128 7.75375 6.59905 7.59528 10.9897 9.6974 8.85023 8.71203 7.37296
threshold=6.1238095238095172 16.500000000000004 -13.499999999999998 0.084768279407967537 0.11699997215295023 5.5000000000000009 1.5000000000000002 24.500000000000004 0.098954670258714891 0.079567016171415289 0.065084727584727595 2.4166666666666683 4.6516835016835012 -1.8666666666666527
decision_type=10 2 10 10 10 2 2 2 8 10 10 2 10 10
left_child=5 2 3 -2 -4 -1 -7 -8 9 10 11 -9 -11 -10
right_child=1 -3 4 -5 -6 6 7 8 13 12 -12 -13 -14 -15
leaf_value=0.00020377876589940859 -0.0058030999489782527 0.00032128603879872319 0.0079355549544077673 0.0031541502453567558 0.00041481315128135435 -0.0056838714380716112 -0.00065767160698887255 0.0036356265155982241 -0.001351533806414048 0.0043920574673580936 -0.0022671775374759392 -0.0055517046807801581 -0.002525335921950732 0.0025210675592145008
leaf_weight=16491.486800197163 112.57513457071036 14696.482221611077 262.97930904570967 155.02539381850511 141.01522954180837 205.11826751299668 22196.200796986319 601.71580614836421 2269.8063333847094 1166.727355251438 844.21898170362692 64.794408175395802 156.18102920311503 498.68228224432096
leaf_count=236111 919 95438 1806 1078 827 3119 307045 13663 33237 21857 16278 957 1486 4289
internal_value=-4.89043e-05 0.000454271 0.00314046 -0.000934378 0.00564522 -0.00022301 -0.000474266 -0.000425689 0.000491137 0.00157024 -0.000189182 0.0024174 0.00351317 -0.000621621
internal_weight=59863 15368.1 671.595 267.601 403.995 44494.9 28003.4 27798.3 5602.13 2833.64 1510.73 666.51 1322.91 2768.49
internal_count=738110 100068 4630 1997 2633 638042 401931 398812 91767 54241 30898 14620 23343 37526
is_linear=0
shrinkage=0.03


Tree=335
num_leaves=15
num_cat=0
split_feature=34 29 2 14 1 4 26 1 2 28 1 29 1 22
split_gain=5.2787 6.54109 8.00552 7.38408 5.58997 9.23473 5.33557 5.29643 9.66667 8.64224 8.08259 6.76584 5.89881 6.64929
threshold=0.013089631246282828 0.080395235579242399 4.5000000000000009 47.050000000000004 1313.5000000000002 -1.1213235294117643 -0.28433981732342378 1601.0000000000002 4.5000000000000009 3.2500000000000004 1880.5000000000002 0.081021302112691554 1425.5000000000002 3.5000000000000004
decision_type=2 8 8 8 2 2 8 2 10 10 2 8 2 10
left_child=6 2 -2 -3 -4 -6 7 9 10 11 -9 12 13 -1
right_child=1 3 4 -5 5 -7 -8 8 -10 -11 -12 -13 -14 -15
leaf_value=0.0058188515303981975 -0.0024155754086492838 -0.0055019708363092182 0.0027293221796537486 0.00097535595886498417 0.0047378152052347678 -0.0033572700301095649 -8.8440895221456481e-05 0.0098522484872280627 -0.0033461556470037027 0.0044192503550387254 -0.00023307903476082841 -0.00300731173120437 -0.0054426168526537427 -0.0023149290295432466
leaf_weight=195.61007687798701 1305.1608279589564 111.95003843843006 644.10349891323131 9695.1055614708457 125.82274822518229 419.63396457908675 44566.661651298753 102.5556593616493 164.07167272246443 136.74873518384993 130.3925019139424 2035.3349693869241 46.209659152897075 108.69059328571893
leaf_count=1569 20205 1610 9360 98434 2449 5639 579210 726 1148 931 932 14118 410 1120
internal_value=-2.7038e-05 0.000525525 -0.000834171 0.000873882 0.000928361 -0.00124891 -0.000170587 -0.00140191 0.00166582 -0.00190772 0.00516339 -0.00235363 0.00134373 0.00299692
internal_weight=59788.1 12301.8 2494.72 9807.06 1189.56 545.457 47486.3 2919.61 397.02 2522.59 232.948 2385.85 350.51 304.301
internal_count=737861 137697 37653 100044 17448 8088 600164 20954 2806 18148 1658 17217 3099 2689
is_linear=0
shrinkage=0.03


Tree=336
num_leaves=15
num_cat=0
split_feature=35 31 29 17 9 12 17 25 26 20 32 21 26 14
split_gain=3.88431 10.7196 8.584 10.475 7.48182 8.53683 11.4354 11.1604 8.79539 8.45344 11.2457 9.0627 6.61776 6.44138
threshold=1.5000000000000002 -0.01019569026718747 0.074287743506493517 70.40066666666668 88.500000000000014 86.250000000000014 64.688194444444463 0.040854449754784007 0.88460883878483931 20.500000000000004 0.15167047613286613 0.36939571150097467 -0.32747482476745809 84.350000000000009
decision_type=2 10 8 8 2 8 10 10 10 8 2 10 8 8
left_child=1 2 3 -1 5 6 7 -3 13 10 -7 -11 -6 -8
right_child=-2 4 -4 -5 12 9 8 -9 -10 11 -12 -13 -14 -15
leaf_value=-0.0041424990394013164 -0.00018171322576669002 -0.0040806263587508549 -0.0035270792318555233 0.0028743820186031173 0.0043715438021847391 0.0071376407700731396 -0.00047709451969390977 0.0054274679344796621 0.0061102341852007436 0.0020951798228644901 0.00051060670466343875 -0.0031962048175269244 -0.0011713977109980105 0.00130564113479912
leaf_weight=236.53513322770596 42863.866493655078 94.882192358374596 1032.3330097794533 530.16248462349176 160.15751662105322 562.73351925611496 6180.4336670860648 629.23426919430494 170.66132292151451 1520.0086887478828 382.55220774561167 311.06726448237896 2620.9043215736747 2529.2828482538462
leaf_count=1186 657674 471 4929 2560 735 2616 29155 3039 836 6983 1744 1414 12607 11601
internal_value=-2.96681e-05 0.000353986 -0.00180464 0.000588513 0.000615207 0.000930624 0.000501188 0.00399851 0.000195222 0.00238106 0.0046161 0.0011352 -0.000780618 4.51056e-05
internal_weight=59824.8 16960.9 1799.03 766.698 15161.9 12380.9 9604.49 724.116 8880.38 2776.36 945.286 1831.08 2781.06 8709.72
internal_count=737550 79876 8675 3746 71201 57859 45102 3510 41592 12757 4360 8397 13342 40756
is_linear=0
shrinkage=0.03


Tree=337
num_leaves=15
num_cat=0
split_feature=25 32 25 18 33 18 18 32 32 13 4 34 29 18
split_gain=5.32804 11.7746 10.0608 9.7768 8.64099 6.44562 9.18472 6.60431 15.0222 10.5224 9.27694 8.27401 7.0249 7.03917
threshold=0.050609589046489566 0.068603847019846273 0.04579435939928251 -10.983333333333336 20.500000000000004 -3.8000000000000074 -2.999999999999996 0.12620460297429395 0.10655166091036707 64.350000000000009 -0.74264705882352888 -0.0040476466576298397 0.085295249739618731 -18.966666666666661
decision_type=8 2 10 10 2 8 10 2 2 8 2 2 10 10
left_child=1 2 4 -4 -1 7 -7 8 9 -3 -9 -10 -12 -14
right_child=-2 5 3 -5 -6 6 -8 10 11 -11 12 -13 13 -15
leaf_value=0.0027388823299563285 -0.00016406863182377842 0.0065731955150109093 -0.0037906002052691136 0.00649232487911631 -0.0030453488957310191 -0.005645657207241527 0.0011719729861717051 -0.00033523139312745503 0.0042997340330662862 0.0011704235248241671 -7.5411989575219009e-05 -0.0046503851937892728 -0.0019064560479361255 0.011696974590643722
leaf_weight=240.11998439754825 54422.091487756814 509.86815069802105 81.841329602524638 218.56655661552213 1297.9851540288655 162.42442220286466 1042.6800365615636 154.28396624175366 77.727539650630206 837.45053575991187 72.056021656142548 359.04853168118279 24.456099507398903 229.78200126532465
leaf_count=7621 613466 15785 3514 3166 42619 1871 8704 3193 1548 21700 1607 8497 717 3513
internal_value=-7.53377e-05 0.000827399 -0.00109431 0.00354976 -0.00208455 0.00184673 6.47882e-05 0.00277307 0.00183512 0.00337705 0.00575404 -0.00277959 0.00829524 0.0102901
internal_weight=59730.4 5308.29 1838.51 300.408 1538.11 3469.78 1205.1 2264.67 1784.09 1347.32 480.578 436.776 326.294 254.238
internal_count=737521 124055 56920 6680 50240 67135 10575 56560 47530 37485 9030 10045 5837 4230
is_linear=0
shrinkage=0.03


Tree=338
num_leaves=15
num_cat=0
split_feature=23 18 16 31 12 12 31 30 14 31 28 15 31 14
split_gain=4.22041 6.62871 4.18444 5.80559 5.87486 6.63983 6.50219 5.76184 7.84612 5.70086 4.89882 4.87441 9.72404 6.03964
threshold=-4.4949999999999992 -0.79999999999998994 65.950000000000017 -0.033832858163995935 60.050000000000004 61.250000000000007 -0.0035020300238247214 778.50000000000011 31.550000000000004 0.0012710454206691453 1.2500000000000002 59.183333333333344 -0.011196110139789802 67.750000000000014
decision_type=8 10 8 8 10 10 8 10 10 10 10 8 8 8
left_child=1 -1 3 -2 7 -6 -7 -5 9 -9 -8 12 13 -4
right_child=2 -3 11 4 5 6 10 8 -10 -11 -12 -13 -14 -15
leaf_value=-0.0059451968558921738 0.0067958952000700722 0.0014427622182201451 -0.0037991355903191568 -0.004732869423226831 0.0053578023155945688 0.0027118386839962098 -0.0045767687426113554 -0.0013662066393450925 -0.0047724418352379939 0.0074154548262104387 0.0021225387015323563 9.1907549463550613e-05 0.0027026183995153218 0.004616299281788896
leaf_weight=207.55279250605963 28.037382345530204 161.99682823847979 349.07984306942672 627.95299375383183 132.57943089224864 227.82049635506701 348.40478268684819 98.42180934373755 122.20156071078964 95.506243064184673 97.462325224885717 55690.926020829211 1509.9686086297734 50.42924132978078
leaf_count=1573 579 800 8291 21637 3208 5316 6772 4403 4860 3045 1644 638887 35500 1170
internal_value=7.7902e-05 -0.00292061 9.90051e-05 -0.00131412 -0.00162915 0.00025835 -0.00104604 -0.00317304 0.000148576 0.00359213 -0.003046 0.000143736 0.00161444 -0.00234155
internal_weight=59748.3 369.55 59378.8 1778.39 1750.35 806.267 673.688 944.083 316.13 193.928 445.867 57600.4 1909.48 399.509
internal_count=737685 2373 735312 51464 50885 16940 13732 33945 12308 7448 8416 683848 44961 9461
is_linear=0
shrinkage=0.03


Tree=339
num_leaves=15
num_cat=0
split_feature=7 29 25 19 6 34 9 32 4 24 6 24 25 29
split_gain=6.59607 8.57125 6.89635 6.40238 6.35519 7.98329 6.05746 5.35198 8.07169 7.95479 5.43491 6.58255 7.84758 6.46142
threshold=7.5000000000000009 0.11648220410163088 0.058874837383363625 -5.3006410256410375 0.53137254901960795 -0.00045810873558824579 96.500000000000014 0.040029027576197397 1.6500000000000024 0.043275351553329851 0.85357142857142865 0.14952719032808856 0.04579435939928251 0.064584189263215575
decision_type=10 8 10 10 2 2 2 2 2 10 2 8 10 8
left_child=7 2 3 -2 -4 -6 -5 8 10 -10 11 12 -1 -14
right_child=1 -3 4 6 5 -7 -8 -9 9 -11 -12 -13 13 -15
leaf_value=-0.0041468377179297812 -0.0036441228363048232 -0.0044607706056690446 0.00084300591216372484 0.0073796594276884083 -0.0063598899991316815 0.00027271289071805339 -0.0033764574574965283 7.281278638431008e-05 0.0084524556079192143 -0.0016493198109773723 -0.0066629901860720993 -0.006658681148380201 0.0067598089859082751 -0.0003398575892350356
leaf_weight=246.65038959367666 50.91072222974617 626.80259324843064 585.15595069166739 190.36800191132352 314.15043159469496 288.99683764344081 27.675381274428219 56402.27540868416 77.361172015196644 126.94230403611436 219.87786140444223 134.58054194366559 120.48176717746537 343.25159518478904
leaf_count=9695 3733 8644 10228 4515 6333 5378 620 665916 1978 1532 6234 2401 3499 6933
internal_value=-3.18835e-05 -0.00166973 -0.000361075 0.00358621 -0.00136321 -0.0034043 0.00563926 2.86979e-05 -0.00186027 0.00308561 -0.00290502 -0.0016095 -0.000278 0.00198308
internal_weight=59755.5 2084.06 1457.26 268.954 1188.3 603.147 218.043 57671.4 1269.15 204.303 1064.84 844.964 710.384 463.733
internal_count=737639 39451 30807 8868 21939 11711 5135 698188 32272 3510 28762 22528 20127 10432
is_linear=0
shrinkage=0.03


Tree=340
num_leaves=15
num_cat=0
split_feature=32 17 29 5 17 35 18 27 12 27 24 17 24 1
split_gain=7.39229 7.26441 7.35086 8.60571 12.303 9.5596 8.49593 9.07456 7.08363 6.81253 7.3545 7.3371 7.39426 6.43147
threshold=0.11530697137424023 57.816954022988519 0.11190586932447398 10.500000000000002 79.560434782608709 7.5000000000000009 -4.1000000000000041 380.50000000000006 91.850000000000009 -258.49999999999994 0.24312740704182648 91.626785714285731 0.039267821592295769 1001.0000000000001
decision_type=2 8 10 2 10 2 10 10 10 8 10 10 10 2
left_child=-1 -2 3 6 -5 8 7 -3 -6 10 11 12 -4 -8
right_child=1 2 9 4 5 -7 13 -9 -10 -11 -12 -13 -14 -15
leaf_value=0.00043711220618676132 -0.0040931535940227125 -0.00035699997796445387 -0.0019641121616132129 -0.00082715601484489323 0.011401399329574131 -0.0035993326556637921 0.00084755190733819665 0.0052913494215993864 -0.00070188275936126704 7.4540994075817079e-05 -0.0020634763593058705 -0.0045713568132110024 0.0059021541297430737 -0.0021008582537080946
leaf_weight=30165.559123823186 381.72403360228054 5185.4908642712981 103.13720731204376 415.82292837114073 171.99053148180246 37.332522790646181 736.38268570182845 219.1630039291922 47.220387563109398 16308.902889502235 205.47848979942501 45.511268385918811 613.33405341813341 5137.4811835181899
leaf_count=456562 6986 71393 1256 6266 1756 1733 4979 3388 434 134536 1715 551 6471 38915
internal_value=0.00010693 -0.000229629 -0.000172265 -0.000742727 0.00244075 0.00700856 -0.000942444 -8.15514e-05 0.00914809 0.000223356 0.00260504 0.00391351 0.00471553 -0.00172719
internal_weight=59774.5 29609 29227.2 11950.9 672.366 256.543 11278.5 5404.65 219.211 17276.4 967.461 761.983 716.471 5873.86
internal_count=736941 280379 273393 128864 10189 3923 118675 74781 2190 144529 9993 8278 7727 43894
is_linear=0
shrinkage=0.03


Tree=341
num_leaves=15
num_cat=0
split_feature=28 32 4 16 33 1 13 26 13 21 33 9 29 14
split_gain=5.63601 7.66087 9.96961 7.83336 9.94454 10.4608 9.23887 7.67589 7.66413 6.68212 8.25463 7.02204 6.51934 6.46845
threshold=-1.0000000180025095e-35 0.18202686095505621 -0.79705882352941149 90.950000000000017 284.50000000000006 2048.0000000000005 87.450000000000017 0.926244736034461 70.250000000000014 0.10923295454545455 2651.5000000000005 71.500000000000014 0.096202147013912151 31.550000000000004
decision_type=8 2 2 10 2 2 10 10 8 10 2 2 10 8
left_child=1 3 -3 6 5 -5 -1 9 -4 12 11 -11 -6 -2
right_child=13 2 8 4 7 -7 -8 -9 -10 10 -12 -13 -14 -15
leaf_value=0.00051009546406158106 0.0053672583536590983 -0.005645262700842822 -0.0063593746786367684 -0.0021594597650441221 0.0048666655112362235 0.0080440240051689871 -0.0035100878534300474 -0.006079668926236498 0.0017796839418747917 0.0025563675435079031 0.00029824333219751972 0.0072054579035197939 -0.0031024647070939087 -0.00014314401931334863
leaf_weight=15617.859640277456 142.67380918993149 361.13642798131332 76.666648137150332 661.23339851340279 88.731595686636865 54.095262819435447 482.42259239288978 35.101131728850305 538.04358917707577 606.8186620126944 397.82528647314757 716.86434506182559 228.22116369730793 39777.073087152588
leaf_count=225031 2858 3163 695 8616 1551 755 4824 420 4259 6729 4072 8288 2851 463702
internal_value=8.87564e-05 0.000501009 -0.00202756 0.000636647 0.00209036 -0.000912726 0.000379142 0.00312345 0.000362581 0.00342368 0.00414237 0.00524479 -0.000512358 -0.00011676
internal_weight=59784.8 19865 975.847 18889.2 2788.89 715.329 16100.3 2073.56 614.71 2038.46 1721.51 1323.68 316.953 39919.7
internal_count=737814 271254 8117 263137 33282 9371 229855 23911 4954 23491 19089 15017 4402 466560
is_linear=0
shrinkage=0.03


Tree=342
num_leaves=15
num_cat=0
split_feature=17 17 14 12 14 12 32 0 18 24 32 10 14 1
split_gain=5.5483 7.98364 7.75968 6.68514 8.5386 8.45226 7.83723 6.28399 5.96628 5.90116 6.41345 5.73236 5.39304 8.39436
threshold=71.001515151515164 73.301190476190484 64.15000000000002 78.450000000000017 64.350000000000009 76.550000000000011 0.10655166091036707 7.5000000000000009 -9.1499999999999826 0.039959213366438436 0.090198903769000402 1.5000000000000002 74.250000000000014 1385.0000000000002
decision_type=10 10 8 10 8 10 2 2 10 10 2 2 10 2
left_child=3 2 9 5 -5 12 -6 -7 -9 -2 -11 -4 -1 -14
right_child=1 -3 11 4 6 7 -8 8 -10 10 -12 -13 13 -15
leaf_value=0.00014898720301501986 -0.003155080792856623 -0.00012249694035310621 -0.0088793882870704631 -0.0020899870286166938 0.0071870395205508282 0.0025919201347307103 0.00080052422466352058 0.0012130339546073167 -0.0055716415759677843 0.0075370864729613005 0.00040264617749285228 -0.0015278212269050893 -3.5083204785053101e-05 0.0042111150846620938
leaf_weight=18555.391692587989 114.30377257219516 32221.879363332642 49.910213277908042 215.52529899263754 347.54857362015173 119.46719331666827 330.9820660862606 130.15680157963652 469.39029706921428 155.83595173060894 265.98659446300007 5208.542280246038 907.65221512247808 727.02584332367405
leaf_count=307263 2334 325083 556 2010 3570 935 2709 2095 4263 2057 2643 59724 12241 10320
internal_value=-8.90693e-05 -0.000307731 -0.0013279 0.000292026 0.00276174 0.000180086 0.00434049 -0.00290772 -0.00411875 0.00197951 0.00355777 -0.00168058 0.000296961 0.00192235
internal_weight=59819.6 38016.5 5794.58 21803.1 894.056 20909.1 678.531 719.014 599.547 536.126 421.823 5258.45 20190.1 1634.68
internal_count=737803 392397 67314 345406 8289 337117 6279 7293 6358 7034 4700 60280 329824 22561
is_linear=0
shrinkage=0.03


end of trees

feature_importances:
rank_m=225
w3=222
j_wr=219
wbest=218
wavg3_mean=193
wt_rel=188
wavg3_rel=186
lastmarg=175
t_wr=174
w2=171
wavg_all=165
days=164
t_n=160
j_n=156
w1=154
t_ex=144
j_ex=143
avgpm=136
last_res_vs_mkt=124
nruns=117
bar_rel=112
lastpm=111
pwin=108
wavg3=107
sex=106
distance=96
dist_ch=95
barrier=84
weightCarried=79
trk=76
wt_ch=74
horse_age=72
lastfin=68
going_n=61
cls=60
field_size=59

parameters:
[boosting: gbdt]
[objective: binary]
[metric: binary_logloss]
[tree_learner: serial]
[device_type: cpu]
[data_sample_strategy: bagging]
[data: ]
[valid: ]
[num_iterations: 343]
[learning_rate: 0.03]
[num_leaves: 15]
[num_threads: 0]
[seed: 1]
[deterministic: 0]
[force_col_wise: 0]
[force_row_wise: 0]
[histogram_pool_size: -1]
[max_depth: -1]
[min_data_in_leaf: 400]
[min_sum_hessian_in_leaf: 0.001]
[bagging_fraction: 0.7]
[pos_bagging_fraction: 1]
[neg_bagging_fraction: 1]
[bagging_freq: 1]
[bagging_seed: 18467]
[bagging_by_query: 0]
[feature_fraction: 0.7]
[feature_fraction_bynode: 1]
[feature_fraction_seed: 26500]
[extra_trees: 0]
[extra_seed: 15724]
[early_stopping_round: 0]
[early_stopping_min_delta: 0]
[first_metric_only: 0]
[max_delta_step: 0]
[lambda_l1: 0]
[lambda_l2: 50]
[linear_lambda: 0]
[min_gain_to_split: 0]
[drop_rate: 0.1]
[max_drop: 50]
[skip_drop: 0.5]
[xgboost_dart_mode: 0]
[uniform_drop: 0]
[drop_seed: 6334]
[top_rate: 0.2]
[other_rate: 0.1]
[min_data_per_group: 100]
[max_cat_threshold: 32]
[cat_l2: 10]
[cat_smooth: 10]
[max_cat_to_onehot: 4]
[top_k: 20]
[monotone_constraints: ]
[monotone_constraints_method: basic]
[monotone_penalty: 0]
[feature_contri: ]
[forcedsplits_filename: ]
[refit_decay_rate: 0.9]
[cegb_tradeoff: 1]
[cegb_penalty_split: 0]
[cegb_penalty_feature_lazy: ]
[cegb_penalty_feature_coupled: ]
[path_smooth: 0]
[interaction_constraints: ]
[verbosity: -1]
[saved_feature_importance_type: 0]
[use_quantized_grad: 0]
[num_grad_quant_bins: 4]
[quant_train_renew_leaf: 0]
[stochastic_rounding: 1]
[linear_tree: 0]
[max_bin: 255]
[max_bin_by_feature: ]
[min_data_in_bin: 3]
[bin_construct_sample_cnt: 200000]
[data_random_seed: 41]
[is_enable_sparse: 1]
[enable_bundle: 1]
[use_missing: 1]
[zero_as_missing: 0]
[feature_pre_filter: 1]
[pre_partition: 0]
[two_round: 0]
[header: 0]
[label_column: ]
[weight_column: ]
[group_column: ]
[ignore_column: ]
[categorical_feature: ]
[forcedbins_filename: ]
[precise_float_parser: 0]
[parser_config_file: ]
[objective_seed: 19169]
[num_class: 1]
[is_unbalance: 0]
[scale_pos_weight: 1]
[sigmoid: 1]
[boost_from_average: 1]
[reg_sqrt: 0]
[alpha: 0.9]
[fair_c: 1]
[poisson_max_delta_step: 0.7]
[tweedie_variance_power: 1.5]
[lambdarank_truncation_level: 30]
[lambdarank_norm: 1]
[label_gain: ]
[lambdarank_position_bias_regularization: 0]
[eval_at: ]
[multi_error_top_k: 1]
[auc_mu_weights: ]
[num_machines: 1]
[local_listen_port: 12400]
[time_out: 120]
[machine_list_filename: ]
[machines: ]
[gpu_platform_id: -1]
[gpu_device_id: -1]
[gpu_device_id_list: ]
[gpu_use_dp: 0]
[num_gpu: 1]

end of parameters

pandas_categorical:[]
