tree
version=v4
num_class=1
num_tree_per_iteration=1
label_index=0
max_feature_idx=35
objective=binary sigmoid:1
feature_names=field_size distance going_n weightCarried wt_rel barrier bar_rel horse_age sex cls trk nruns w1 w2 w3 wavg3 wbest wavg_all wavg3_rel wavg3_mean days pwin lastfin lastmarg lastpm avgpm last_res_vs_mkt dist_ch wt_ch j_wr j_n j_ex t_wr t_n t_ex rank_m
feature_infos=[5:24] [800:5500] [1:10] [49:79.5] [-9.2727272727272734:11.928571428571431] [0:29] [0:4.833333333333333] [2:12] [-1:5] [0:118] [0:373] [0:146] [3:112] [3:111.59999999999999] [3:111] [3:108.43333333333334] [3:116] [3:108] [-83.349999999999994:0] [-59.364102564102566:32.71458333333333] [1:1489] [0:1] [1:21] [-14:99.900000000000006] [0.0026790935371723908:0.8051508269105313] [0.0039857529201742419:0.76621728440927439] [-0.8051508269105313:0.99583847916700696] [-3400:3100] [-23.5:23] [0.0092485549132947983:0.32318840579710145] [0:5595] [-0.077186559929536602:0.11894037341967535] [0.0053156146179401996:0.37555555555555553] [0:14844] [-0.087725745992345075:0.13301887001128959] [1:20]
tree_sizes=1827 1827 1824 1830 1815 1824 1837 1837 1829 1820 1837 1834 1827 1841 1822 1832 1817 1822 1830 1825 1838 1831 1835 1841 1821 1828 1833 1831 1832 1835 1831 1842 1831 1829 1826 1817 1813 1815 1829 1822 1836 1825 1822 1812 1841 1840 1833 1833 1820 1824 1815 1834 1836 1832 1839 1828 1843 1833 1832 1825 1834 1840 1838 1836 1822 1829 1830 1837 1824 1818 1828 1821 1827 1824 1837 1825 1827 1837 1835 1820 1823 1835 1828 1823 1817 1830 1828 1822 1837 1827 1827 1827 1830 1833 1834 1820 1833 1809 1813 1820 1849 1829 1831 1828 1816 1797 1825 1832 1821 1819 1827 1820 1839 1821 1828 1810 1815 1833 1823 1835 1815 1821 1811 1812 1824 1827 1832 1821 1820 1796 1839 1819 1824 1827 1831 1831 1814 1832 1828 1835 1831 1833 1814 1838 1841 1825 1836 1823 1816 1849 1829 1838 1841 1840 1824 1811 1815 1832 1815 1829 1820 1834 1825 1821 1829 1815 1819 1834 1814 1828 1820 1819 1834 1816 1825 1838 1818 1820 1808 1821 1801 1807 1806 1813 1820 1828 1810 1830 1818 1807 1831 1836 1823 1824 1841 1826 1819 1824 1819 1822 1834 1834 1820 1813 1810 1805 1830 1819 1825 1811 1822 1832 1814 1819 1809 1824 1805 1813 1824 1821 1815 1801 1809 1812 1835 1802 1811 1820 1822 1793 1817 1814 1823 1822 1800 1797 1822 1808 1831 1790 1802 1827 1832 1838 1835 1818 1820 1809 1811 1833 1818 1814 1823 1801 1792 1827 1794 1812 1827 1846 1841 1828 1810 1831 1819 1797 1822 1812 1817 1810 1805 1825 1806 1803 1824 1822 1823 1806 1836 1812 1819 1801 1825 1821 1837 1795 1810 1828 1804 1826 1828 1828 1822 1820 1817 1820 1810 1826 1821 1831 1797 1834 1822 1828 1820 1820 1825 1816 1816 1820 1839 1844 1824 1809 1817 1824 1831 1802 1795 1819 1794 1811 1806 1824 1830 1822 1823 1818 1825 1815 1815 1805 1813 1806 1819 1834 1815 1830 1812 1791 1824 1819 1818

Tree=0
num_leaves=15
num_cat=0
split_feature=35 35 17 35 19 19 30 4 8 19 32 4 31 19
split_gain=416.793 120.947 37.1654 35.6523 25.1143 24.1487 18.7571 12.9732 12.828 12.8031 12.0582 11.5389 11.1573 10.7656
threshold=1.5000000000000002 6.5000000000000009 57.721008403361353 2.5000000000000004 4.5833333333333366 -2.5441919191919165 1938.5000000000002 0.90000000000000224 1.5000000000000002 10.442640692640696 0.15755921201792941 -2.3708333333333331 0.00096758328013135219 6.1876893939393947
decision_type=2 2 8 2 10 10 10 2 2 10 2 2 10 10
left_child=4 2 -2 9 -1 -3 11 8 -6 -4 12 -5 -11 -13
right_child=1 5 3 6 7 -7 -8 -9 -10 10 -12 13 -14 -15
leaf_value=0.0026723616322624445 -0.0057420825615548971 -0.0069482464709952852 0.00041766443952048619 0.001561604910407836 0.00051365370255873751 -0.0033779885687154811 -0.0028914548784921348 0.0039545825380673397 0.0067008278377483875 0.0016213239621110183 -0.0029868290867037291 -0.0013849299507070094 0.0086673898782612877 0.00065017625723026045
leaf_weight=6666.0489517748356 1270.3418019078672 3258.9160731034353 11064.931455634534 1599.7246719317045 333.20910887420177 3915.8986290487228 5073.7859292589128 4932.3766256347299 4330.2353150546551 421.07640394568443 156.66615563631058 14849.417511434294 397.3679945319891 2744.4275662759319
leaf_count=33963 16880 153964 72194 20802 1521 115992 60596 23474 20522 2521 899 183700 2337 27816
internal_value=1.37411e-05 -0.00148116 -0.000796539 -0.000615843 0.00411964 -0.00503652 -0.00127714 0.00510597 0.00626888 0.000716814 0.00392543 -0.000843999 0.00534436 -0.00106654
internal_weight=61014.4 44752.6 37577.7 36307.4 16261.9 7174.81 24267.4 9595.82 4663.44 12040 975.111 19193.6 818.444 17593.8
internal_count=737181 657701 387745 370865 79480 269956 292914 45517 22043 77951 5757 232318 4858 211516
is_linear=0
shrinkage=0.03


Tree=1
num_leaves=15
num_cat=0
split_feature=35 35 18 17 35 19 0 16 6 9 23 4 18 33
split_gain=425.175 134.752 42.9264 38.2447 26.093 13.4566 11.3663 11.1797 16.2345 10.6024 10.1566 9.84579 10.4665 12.729
threshold=1.5000000000000002 6.5000000000000009 -14.649999999999993 55.650925925925939 2.5000000000000004 4.5142857142857133 6.5000000000000009 81.550000000000011 0.9110671936758894 59.500000000000007 -3.4899999999999998 -3.3480769230769236 -1.099999999999987 333.50000000000006
decision_type=2 2 10 8 2 8 2 10 2 2 10 2 10 2
left_child=5 3 -3 -2 9 6 -1 8 11 -5 -9 -6 -13 -14
right_child=1 2 -4 4 7 -7 -8 10 -10 -11 -12 12 13 -15
leaf_value=-0.00082263013897789145 -0.0068886730735804383 -0.0091509708575782892 -0.0038591622079075113 -0.0007449303829255734 0.0027871143642476306 0.0047024749491115323 0.0033251357213853788 -0.0084357196847105447 0.0010116317154374413 0.0011014439547151369 -0.00049842833501940293 -0.002748633694145684 0.0032338460468334823 -0.0029217794020826972
leaf_weight=658.8269248008728 869.41619012085721 1906.9014322645962 5258.5570049743401 4298.297621794045 295.74317535059527 10892.227231383324 4739.6706779971719 97.153996062465012 1508.8465204001404 7828.9334914758801 11973.487631427124 9591.1727469973266 584.29910515900701 528.14050215668976
leaf_count=2991 11879 102763 167518 28452 4065 51618 24928 997 19363 50010 138717 123660 5876 5045
internal_value=-5.43785e-05 -0.0015655 -0.00532109 -0.000843209 -0.000690841 0.00408787 0.00281604 -0.00125185 -0.00187904 0.000446655 -0.000596849 -0.00227836 -0.00243063 0.000311437
internal_weight=61031.7 44740.9 7165.46 37575.5 36706.1 16290.7 5398.5 24578.8 12508.2 12127.2 12070.6 10999.4 10703.6 1112.44
internal_count=737882 658345 270281 388064 376185 79537 27919 297723 158009 78462 139714 138646 134581 10921
is_linear=0
shrinkage=0.03


Tree=2
num_leaves=15
num_cat=0
split_feature=35 35 35 19 13 15 17 30 19 19 16 15 24 29
split_gain=377.98 79.8736 75.07 37.4498 26.8917 18.0264 17.7749 13.4035 19.1987 12.6889 12.4171 12.1364 11.9356 11.7047
threshold=2.5000000000000004 1.5000000000000002 6.5000000000000009 -2.9200000000000048 55.650000000000013 82.583333333333357 59.362019230769242 389.50000000000006 6.3711309523809527 4.5833333333333366 65.950000000000017 69.941666666666677 0.14480671368160183 0.084547878611230601
decision_type=2 2 2 10 10 10 8 10 10 8 8 8 10 10
left_child=1 9 4 5 6 13 -2 8 -6 12 -3 -12 -1 -4
right_child=2 10 3 -5 7 -7 -8 -9 -10 -11 11 -13 -14 -15
leaf_value=0.0012823805378508375 -0.0075653824597711411 -0.0050275277709818603 -0.0099457744598984502 -0.0029328849043717786 -0.00043385650748902741 0.0047133139031088882 -0.0025484896379674772 -0.0013577482668723211 0.0042370437241265229 0.0045509277224833828 0.0028312488396677981 0.0004326479458671417 0.0040996907527051756 -0.0057197963826690042
leaf_weight=2721.2909200936556 732.93765047518536 277.14742135256529 1333.0993234731723 4097.517313887889 4531.6677275090478 76.535266513004899 4077.1867436347529 14973.642724295612 907.96303326077759 10854.862106539309 2315.8154870904982 9745.4392592087388 2778.8803595155478 1616.630675655324
leaf_count=14396 11229 1837 72846 123157 55782 3465 52146 179653 9169 51335 15205 62776 13960 70773
internal_value=7.27608e-05 0.00257694 -0.00214911 -0.00485888 -0.0013757 -0.0073766 -0.0033829 -0.000895613 0.000377283 0.0039487 0.000750012 0.000902977 0.00272989 -0.00776363
internal_weight=61040.6 28693.4 32347.2 7123.78 25223.4 3026.27 4810.12 20413.3 5439.63 16355 12338.4 12061.3 5500.17 2949.73
internal_count=737729 159509 578220 270241 307979 147084 63375 244604 64951 79691 79818 77981 28356 143619
is_linear=0
shrinkage=0.03


Tree=3
num_leaves=15
num_cat=0
split_feature=35 35 35 17 16 26 34 22 12 23 30 16 27 30
split_gain=345.454 87.7331 74.4083 29.4857 17.3103 15.5435 12.2821 11.5886 11.3068 11.0157 10.487 10.0773 9.91896 9.53281
threshold=2.5000000000000004 7.5000000000000009 1.5000000000000002 51.803571428571438 88.350000000000009 -0.013710479813647791 0.0065771863737205489 5.5000000000000009 81.050000000000011 -0.99499999999999988 2405.5000000000005 62.45000000000001 212.50000000000003 375.50000000000006
decision_type=2 2 2 8 10 8 2 10 10 10 8 8 10 10
left_child=2 3 9 -2 7 8 -6 -5 12 -1 -8 -4 -3 -14
right_child=1 5 11 4 6 -7 10 -9 -10 -11 -12 -13 13 -15
leaf_value=0.005392003459570866 -0.0089246074169495541 -0.0062415918721924358 -0.0063188662615592502 -0.0021946451698409441 -0.00086350847886169859 -0.0089147292784289289 0.0030073784678532303 -0.00076760981138963727 -0.00067045587345603073 0.0033761040383530286 -0.0028550523429771843 0.00079969026549537485 -0.006421419907118228 0.0027862519310957743
leaf_weight=3214.3788888975978 416.74437230615877 2270.9697321674321 132.13014780730009 14061.28336526826 3376.9588937214576 1216.0137715884484 1661.4466839772649 8159.7784174042463 529.16223720251583 13111.326534256339 286.00465900916606 12180.294485934079 109.47142310044728 228.52873312169686
leaf_count=15186 8083 96901 884 181351 43088 69130 20746 121637 19065 64284 3551 78805 4952 10112
internal_value=6.63543e-05 -0.00205822 0.00246322 -0.00143538 -0.00130611 -0.0059964 0.000228574 -0.00167352 -0.00474348 0.00378827 0.0020965 0.00069805 -0.00554144 -0.000639128
internal_weight=60954.5 32316.4 28638.1 27962.2 27545.5 4354.15 5324.41 22221.1 3138.13 16325.7 1947.45 12312.4 2608.97 338
internal_count=737775 578616 159159 378456 370373 200160 67385 302988 131030 79470 24297 79689 111965 15064
is_linear=0
shrinkage=0.03


Tree=4
num_leaves=15
num_cat=0
split_feature=35 35 18 17 35 19 19 29 16 5 6 4 13 30
split_gain=315.972 123.5 40.6906 22.564 16.5208 14.7936 14.7576 11.8051 11.6025 10.8801 10.3512 9.26732 10.1603 8.92973
threshold=1.5000000000000002 5.5000000000000009 -14.799999999999992 55.650925925925939 2.5000000000000004 8.4224747474747392 8.7820202020202007 0.10836609241703547 71.65000000000002 9.5000000000000018 0.94590643274853814 -0.069047619047619677 92.350000000000009 945.50000000000011
decision_type=2 2 10 8 2 10 10 10 8 2 2 2 8 10
left_child=5 3 7 -2 6 8 -5 -3 -1 -9 -4 -7 -13 -14
right_child=1 2 10 4 -6 11 -8 9 -10 -11 -12 12 13 -15
leaf_value=-0.00096774031136761336 -0.00555657330996648 -0.0086238740124802999 -0.0033947191297662624 0.0001471412033207544 -0.00081797749728211968 0.0072791571488358452 0.0031354358180875762 -0.005171900023977603 0.0031828165345561439 0.0040534264209920075 6.9745194902618097e-05 0.0047873403586122442 -0.0033247368917160812 0.0038224456160362878
leaf_weight=619.02146637439728 703.31882450683042 1871.8091770559549 7478.4326072469703 10475.83490422368 20762.147553721908 1238.6124171316624 1684.5755387879908 608.1777705643326 11215.652035586536 100.55766355921514 863.17915361118503 2755.4562494456768 267.7419965788722 261.83002538979053
leaf_count=3091 7911 92991 201851 68473 226334 5608 10089 21931 55849 4137 23748 12631 1206 1162
internal_value=-1.52147e-05 -0.00132478 -0.00408857 -0.000422329 -0.000304387 0.00354426 0.000572252 -0.00736243 0.00296256 -0.00368212 -0.00303794 0.00501706 0.0040678 0.00023387
internal_weight=60906.3 44548 10922.2 33625.9 32922.6 16358.3 12160.4 2580.54 11834.7 708.735 8341.61 4523.64 3285.03 529.572
internal_count=737012 657465 344658 312807 304896 79547 78562 119059 58940 26068 225599 20607 14999 2368
is_linear=0
shrinkage=0.03


Tree=5
num_leaves=15
num_cat=0
split_feature=35 35 18 16 18 31 19 19 29 17 29 17 35 6
split_gain=298.879 115.444 51.1302 21.3249 15.9765 15.8199 18.0037 12.7322 11.5367 11.2669 10.1963 10.0341 9.90593 15.1876
threshold=1.5000000000000002 5.5000000000000009 -14.799999999999992 72.65000000000002 -1.0000000180025095e-35 0.0076834436806062145 9.6250000000000089 5.5935416666666677 0.11239753409930794 58.403333333333343 0.15305476755355371 68.128730158730178 7.5000000000000009 0.9110671936758894
decision_type=2 2 10 8 10 8 10 8 10 10 8 8 2 2
left_child=7 3 8 4 9 -5 -7 -1 -3 -2 -11 -9 13 -4
right_child=1 2 12 5 -6 6 -8 11 -10 10 -12 -13 -14 -15
leaf_value=0.0025379069994815912 -0.0056215088248629573 -0.0087037324105000945 -0.0024907826774417672 -0.000501246456007231 0.0037991465250171988 0.00065512214358312798 0.0062439302949939832 0.0073613081319869539 -0.0036209745981561139 -0.0011390618180047306 -0.006838157757168911 0.0039130536842946449 -0.0040408436596884225 0.0022125578011635977
leaf_weight=6949.6159861162305 985.72584282699972 1931.706849540351 4548.3515677173564 20626.466823296621 302.93779453169554 8602.3617534274235 503.63388147205114 875.60065149515867 636.37667744490318 2343.8379620336927 277.06882220320404 8560.5930073484778 3083.2696221987717 674.27082622377202
leaf_count=35455 11219 96467 92597 191358 2359 76979 3496 4235 22977 25034 2524 39888 119030 13904
internal_value=8.76513e-05 -0.00118766 -0.00386724 -0.000317094 -0.0023853 -4.1595e-05 0.000996637 0.00354541 -0.00753742 -0.0029496 -0.00185827 0.00427014 -0.00269415 -0.00186833
internal_weight=60901.8 44516 10874 33642 3909.57 29732.5 9106 16385.8 2568.08 3606.63 2620.91 9436.19 8305.89 5222.62
internal_count=737522 657944 344975 312969 41136 271833 80475 79578 119444 38777 27558 44123 225531 106501
is_linear=0
shrinkage=0.03


Tree=6
num_leaves=15
num_cat=0
split_feature=35 35 35 18 18 8 8 23 18 5 30 34 17 35
split_gain=282.214 68.8376 54.3177 29.7041 25.4388 16.7415 17.7544 14.9965 13.5447 12.8462 12.8282 12.9334 11.2614 9.62445
threshold=2.5000000000000004 6.5000000000000009 1.5000000000000002 -14.366666666666669 -16.966666666666654 1.5000000000000002 1.0000000180025095e-35 -0.99499999999999988 -2.4666666666666646 7.5000000000000009 2347.5000000000005 0.0054249776401990519 74.801612903225831 8.5000000000000018
decision_type=2 2 2 10 8 2 2 8 10 2 10 2 10 2
left_child=2 4 7 -3 12 6 -6 -1 -9 -4 11 -7 -2 -5
right_child=1 3 9 13 5 10 -8 8 -10 -11 -12 -13 -14 -15
leaf_value=0.0056796839634584307 -0.0063612642783864156 -0.0077687875955451055 0.00011112024090601562 -0.0023720872300961363 -0.0018682436124157773 -0.0010399207977389493 -0.0078663307264172713 0.0016997356580613614 0.0036195055672605986 0.0024677611625876974 -0.0025473244353052915 0.00060760346841937183 0.0031151922971786499 -0.00520493964301045
leaf_weight=2010.3450723290443 1064.4162086390425 1906.2791377247777 9774.4739403277636 3423.4463259894401 1913.7676880205981 11829.41883042315 549.53859835118055 5512.0347943156958 8834.1300633102655 2596.9059496223927 3001.8058809856884 6669.8756913719699 95.799263576045632 1665.2600162916351
leaf_count=9481 18663 105852 62297 88050 25144 142798 6672 27885 41992 17675 35589 78063 1438 76206
internal_value=-4.09478e-05 -0.00197172 0.00211745 -0.00459406 -0.00123396 -0.00101729 -0.00333623 0.00324946 0.00289036 0.000613751 -0.00074449 -0.000445873 -0.00548241 -0.00334075
internal_weight=60847.5 32119.6 28727.9 6994.99 25124.6 23964.4 2463.31 16356.5 14346.2 12371.4 21501.1 18499.3 1160.22 5088.71
internal_count=737805 578475 159330 270108 308367 288266 31816 79358 69877 79972 256450 220861 20101 164256
is_linear=0
shrinkage=0.03


Tree=7
num_leaves=15
num_cat=0
split_feature=12 16 31 16 24 25 29 8 8 7 5 29 12 30
split_gain=84.2191 38.5359 28.2099 27.4223 19.021 17.6068 14.6582 14.4494 20.6172 14.8209 13.3668 13.3572 11.0888 10.6422
threshold=59.350000000000001 69.750000000000014 -0.0089503781931493682 74.850000000000009 0.18737560491794764 0.13199307859188156 0.045549773314483503 1.5000000000000002 1.0000000180025095e-35 4.5000000000000009 9.5000000000000018 0.091035082980702883 86.750000000000014 156.50000000000003
decision_type=8 10 8 10 10 10 8 2 2 10 2 10 10 8
left_child=1 11 -3 6 7 -6 -2 8 -5 -9 -8 -1 -7 -4
right_child=3 2 13 4 5 12 10 9 -10 -11 -12 -13 -14 -15
leaf_value=-0.010515776494087034 -0.0065562936824345233 -0.0072618703585918725 -0.0044327076787447984 0.0072399402711969913 -0.00051716197058429482 0.0015757782312945487 -0.0011250365009222282 0.0010217720456803759 -0.0055902432172132621 -0.00029323699823002723 0.0022271868967876991 -0.0044606019058712693 0.0038774211997687057 0.00095188347211174569
leaf_weight=793.65247600758448 362.10809624218382 604.18583933869377 359.51642398640979 89.224866746924818 2794.5993960355408 7663.6199921404477 10567.609858447686 14518.905654341215 671.52887110831216 16357.08394540986 1144.0017405680846 742.87735466565937 2520.0420726523735 1659.1222179403994
leaf_count=26090 8510 12485 6109 823 25735 56946 138744 145721 6628 221924 20982 16674 16926 33197
internal_value=-2.68783e-05 -0.00412115 -0.00184786 0.000276893 0.000620136 0.00158494 -0.000988792 0.000222471 -0.00373176 0.000325776 -0.000789512 -0.00782108 0.0021615 -9.10654e-05
internal_weight=60848.1 4159.35 2622.82 56688.7 44615 12978.3 12073.7 31636.7 760.754 30876 11711.6 1536.53 10183.7 2018.64
internal_count=737494 94555 51791 642939 474703 99607 168236 375096 7451 367645 159726 42764 73872 39306
is_linear=0
shrinkage=0.03


Tree=8
num_leaves=15
num_cat=0
split_feature=35 35 18 17 35 6 8 8 21 25 19 19 13 14
split_gain=272.163 103.556 31.4676 27.2269 14.5613 12.016 11.0239 21.9181 10.9743 10.7818 10.6831 9.93882 9.88218 14.354
threshold=1.5000000000000002 6.5000000000000009 -14.799999999999992 54.603571428571435 2.5000000000000004 0.87867647058823539 1.5000000000000002 1.0000000180025095e-35 0.14371772805507746 0.29297488455428661 5.5153311965811875 7.808712121212122 87.750000000000014 81.250000000000014
decision_type=2 2 10 8 2 2 2 2 10 10 8 10 10 10
left_child=5 3 -3 -2 11 10 7 -6 -4 -7 -1 -5 -10 -14
right_child=1 2 8 4 6 9 -8 -9 12 -11 -12 -13 13 -15
leaf_value=0.0018892207018137268 -0.0063020767690259967 -0.0080270264766117028 -0.0023542126943308264 -0.00010994544262403239 -0.0012306694155381317 0.0058828616172817609 -0.00074202520663138052 -0.0078212654904812693 -0.0063041893760321316 -0.00091749615155316353 0.0035883360527066972 0.002051070535371831 0.010347410971687865 -0.0033817828588904087
leaf_weight=5968.1033418625593 703.19983656797558 1791.9802362320479 3465.0958641367906 9925.0893881954253 1913.3833545879461 2110.3624152317643 22105.087614343036 556.31627994216979 1437.1674936041236 218.59377715736628 8165.2351200431585 2322.146026853472 40.14887997880578 235.93426632322371
leaf_count=30350 9957 101512 116319 65080 25130 10339 267416 6983 43819 1005 38060 14018 1239 7352
internal_value=-6.12265e-05 -0.00128063 -0.00462521 -0.00065405 -0.000537788 0.00322858 -0.000958306 -0.00284099 -0.00338249 0.00523872 0.00288004 0.000306469 -0.00533648 -0.000104759
internal_weight=60957.8 44495.5 6970.33 37525.2 36822 16462.3 24574.8 2469.7 5178.35 2328.96 14133.3 12247.2 1713.25 276.083
internal_count=738579 658825 270241 388584 378627 79754 299529 32113 168729 11344 68410 79098 52410 8591
is_linear=0
shrinkage=0.03


Tree=9
num_leaves=15
num_cat=0
split_feature=35 35 35 18 17 16 18 19 20 33 3 34 5 18
split_gain=239.045 76.2575 47.2024 26.2384 23.1477 18.3518 14.7619 13.9933 13.2047 13.161 12.8051 11.1789 11.6824 11.0142
threshold=2.5000000000000004 6.5000000000000009 1.5000000000000002 -14.799999999999992 54.603571428571435 65.950000000000017 -4.4666666666666641 8.7820202020202007 250.50000000000003 125.50000000000001 62.250000000000007 -0.0036797509119923101 9.5000000000000018 -10.700000000000012
decision_type=2 2 2 10 8 8 10 10 10 2 2 2 2 8
left_child=2 4 7 -3 -2 -4 11 10 -5 -8 -1 12 -6 -7
right_child=1 3 5 8 6 13 9 -9 -10 -11 -12 -13 -14 -15
leaf_value=0.0025605655154754751 -0.006896447003419859 -0.007774645069441935 -0.0065452416540632352 -0.0031615180937394861 -0.0030209874195601329 -0.0027030258821273525 0.0020164501865925747 0.0044523639784431511 -0.01112124429350274 -0.00063221386229853668 -0.0036508852931429613 -0.00090046083427889104 0.0016429201201088222 0.00091031229831865475
leaf_weight=12024.124515838921 556.54316319618374 1778.538976133801 275.92393640428782 5012.6186523226788 5110.056516885059 765.58094748109579 2140.6095088962466 4145.6465704292059 155.16836834186688 7314.943731459789 264.18378823250532 9490.812520400621 502.03222817834467 11311.559195846319
leaf_count=59464 8945 101173 1834 162813 69124 5260 23116 18762 6076 76506 1332 123847 6935 72684
internal_value=-9.43092e-05 -0.00187467 0.00188837 -0.0046458 -0.00110052 0.000484137 -0.000955428 0.00293923 -0.0035048 -2.51395e-05 0.00241277 -0.00153585 -0.00259295 0.000671059
internal_weight=60848.3 32061.3 28787 6946.33 25115 12353.1 24558.5 16434 5167.79 9455.55 12288.3 15102.9 5612.09 12077.1
internal_count=737871 578535 159336 270062 308473 79778 299528 79558 168889 99622 60796 199906 76059 77944
is_linear=0
shrinkage=0.03


Tree=10
num_leaves=15
num_cat=0
split_feature=17 24 7 31 16 2 29 29 16 13 31 30 31 27
split_gain=59.4807 25.0738 15.5334 15.3437 13.669 13.5903 12.8433 10.4508 10.3522 10.071 9.85062 9.46446 12.6171 10.6694
threshold=58.081666666666671 0.15006636053369096 6.5000000000000009 -0.0016148833162583484 82.65000000000002 5.5000000000000009 0.0589772016601285 0.10980478763943742 65.950000000000017 63.150000000000013 -0.00053669167898670286 2865.5000000000005 -0.0035284120225470453 300.50000000000006
decision_type=8 10 10 8 10 10 10 10 10 10 8 10 10 10
left_child=7 2 6 -3 5 10 -2 -1 -9 -7 -5 -8 -13 -14
right_child=1 3 -4 4 -6 9 11 8 -10 -11 -12 12 13 -15
leaf_value=-0.0063163405388943234 -0.0022931387139687987 -0.00021019829257563989 -0.0020079776750640227 0.0064293399553090715 0.0023473910795722016 0.0027334623433234741 0.00021509161852973445 -0.0047366897215071237 0.0024975668059589807 -0.0036311292218590158 0.0007985968836153076 -0.0053685318455843458 -0.0010939932573540948 0.0062576520764054747
leaf_weight=1467.8615869679488 2207.4204887079541 6458.9218616574071 4299.869929904351 253.6141836498864 8031.7953064406756 245.40966962883249 29221.368395094061 346.41192944254726 280.31801558029838 990.75525599368848 3896.551907060435 566.52871038159356 2377.4232809578534 142.0381469107233
leaf_count=42827 41047 58154 75496 2254 61288 2028 366854 7081 4147 8101 31692 7809 26868 1707
internal_value=-5.39753e-05 0.000125232 -0.000318509 0.000990367 0.0015669 0.000392198 -0.000105433 -0.00496133 -0.00155555 -0.00231045 0.00121513 4.73554e-05 -0.00151905 -0.000565829
internal_weight=60786.3 58691.7 38814.6 19877 13418.1 5386.33 34514.8 2094.59 626.73 1236.16 4150.17 32307.4 3085.99 2519.46
internal_count=737353 683298 519781 163517 105363 44075 444285 54055 11228 10129 33946 403238 36384 28575
is_linear=0
shrinkage=0.03


Tree=11
num_leaves=15
num_cat=0
split_feature=18 18 19 23 15 32 31 10 32 15 34 14 29 20
split_gain=134.79 54.5368 27.1958 21.0221 21.0022 20.5612 17.8301 13.5726 13.0523 12.419 14.9884 11.6476 16.4575 11.5816
threshold=-4.4666666666666641 -16.966666666666654 7.9597619047619057 -0.99499999999999988 64.916666666666686 0.068086269038483901 -0.0014018400459755965 289.50000000000006 0.12032677145648456 65.241666666666688 -0.0019408792218177141 76.550000000000011 0.094286932164170029 153.50000000000003
decision_type=10 8 10 10 10 2 10 2 2 8 2 8 8 10
left_child=1 5 3 -2 -4 -1 7 -6 -9 10 -3 13 -13 -5
right_child=2 9 4 11 6 -7 -8 8 -10 -11 -12 12 -14 -15
leaf_value=-0.0098683609301834039 0.0036688533700712594 -0.0040076042252757847 0.0102064366638189 0.0018079819750306592 -0.00054118475838759361 -0.0037246617566260845 0.0035364693799683706 0.0071122705809630541 -0.00046488450708623437 -0.00077857826722248485 -0.0007572320868520434 -0.001794500901638592 0.00061714796712836781 -0.0036035403789753829
leaf_weight=726.78909134282731 2028.6080973865464 2563.779933762271 286.46447304729372 6261.0533466748893 2273.9893771046773 1652.5228320357855 5246.7868287824094 434.11272913124412 344.34458071552217 23174.154778783442 2552.3679063888267 3446.0967535057571 9328.2765894273762 331.5572931021452
leaf_count=35608 13446 46074 1917 51698 14394 45334 29951 2981 1971 334960 41524 35836 77269 3642
internal_value=-5.25656e-05 -0.0014497 0.00137668 0.000800885 0.00279863 -0.00576581 0.00248335 0.000645332 0.0039348 -0.00107717 -0.00240907 0.000491804 -3.78938e-05 0.00151075
internal_weight=60650.9 30669.6 29981.3 21395.6 8585.7 2379.31 8299.23 3052.45 778.457 28290.3 5116.15 19367 12774.4 6592.61
internal_count=736605 503500 233105 181891 51214 80942 49297 19346 4952 422558 87598 168445 113105 55340
is_linear=0
shrinkage=0.03


Tree=12
num_leaves=15
num_cat=0
split_feature=18 18 13 30 24 2 7 23 26 17 4 13 17 34
split_gain=102.427 61.2364 21.7086 21.2808 15.9713 12.883 12.7283 11.8726 10.7132 10.1597 12.1586 11.1801 9.93595 9.50199
threshold=-2.2666666666666759 -14.799999999999992 68.550000000000011 471.50000000000006 0.015932285108654975 4.5000000000000009 7.5000000000000009 -1.2949999999999997 0.84971635049674854 63.478174603174601 -1.9428104575163372 63.95000000000001 54.603571428571435 0.026144370864247837
decision_type=10 8 8 8 10 10 10 10 10 8 2 8 10 2
left_child=1 4 3 -2 -1 12 9 -4 13 10 -3 -11 -6 -9
right_child=2 6 7 -5 5 -7 -8 8 -10 11 -12 -13 -14 -15
leaf_value=-0.0086334295168236028 0.0084061550327224205 0.002349846893070323 0.0039093951454406443 0.0017910935513441837 -0.009471201179144316 -0.00073654721593843851 -0.0032534411698280142 0.0011257048303263157 -0.00301994011105324 0.0016525862302541419 -0.0028011632179308537 -0.00038026348813498067 -0.0037181700577620823 0.0038839889020509189
leaf_weight=676.36463093338534 785.45340289920568 449.36839132755995 1551.3184213768691 993.47656214144081 327.83942939876579 1025.530850621406 1387.2322615939192 15928.182931903051 480.2941106883809 2606.2408527948428 2590.3077658601105 29244.964798630012 1560.89735482377 1172.422997857444
leaf_count=36121 5528 8022 8807 6699 8748 28261 24975 112588 3721 33966 39946 373218 38844 8022
internal_value=3.29653e-05 -0.000858743 0.00173107 0.00486181 -0.00456827 -0.00349508 -0.000485811 0.00142806 0.00119864 -0.000371274 -0.00201396 -0.000211595 -0.00493527 0.00132559
internal_weight=60779.9 39868.7 20911.1 1778.93 3590.63 2914.27 36278.1 19132.2 17580.9 34890.9 3039.68 31851.2 1888.74 17100.6
internal_count=737466 592101 145365 12227 111974 75853 480127 133138 124331 455152 47968 407184 47592 120610
is_linear=0
shrinkage=0.03


Tree=13
num_leaves=15
num_cat=0
split_feature=35 35 18 35 32 30 18 18 21 16 0 28 27 13
split_gain=201.921 81.5828 32.4541 16.755 15.1961 12.0375 13.0806 10.9511 13.1334 10.7196 10.0712 9.60769 9.13273 18.2436
threshold=1.5000000000000002 7.5000000000000009 -17.79999999999999 2.5000000000000004 0.13134429512889639 2001.5000000000002 -4.2333333333333298 -20.866666666666653 0.15831244778613202 75.750000000000014 7.5000000000000009 0.75000000000000011 220.50000000000003 79.850000000000009
decision_type=2 2 8 2 2 10 10 10 10 10 2 8 10 8
left_child=11 2 -2 -4 7 6 10 -3 -9 -7 -5 -1 -11 -14
right_child=1 4 3 5 -6 9 -8 8 -10 12 -12 -13 13 -15
leaf_value=0.003517542678417653 -0.0050687726750369838 -0.0097524465119541281 0.00046976226246886997 -0.0027753024315577382 -0.00097902890895555975 -0.0045677302390367026 0.00044273392397858663 -0.0037224846616867187 -0.0086712814534141772 -0.0018723403762345315 -0.00070894369075113822 0.0020347100193188737 0.0073319412473846777 -0.0042158430424404023
leaf_weight=8976.6232477501035 1369.6206566747278 539.85396757512353 12200.369061093777 2586.6648379787803 735.03661477309652 1227.4209081134759 7586.6910426877439 2306.6528875366785 635.81099937320687 3484.9673808058724 11228.077459541149 7518.3417000547051 242.5768657787703 169.70895706769079
leaf_count=43396 27337 41690 78667 35054 27531 17833 83791 106255 25011 43952 166046 36295 3119 2088
internal_value=2.14048e-05 -0.00103347 -0.000612954 -0.000449034 -0.00497745 -0.000871712 -0.000556235 -0.00579562 -0.00491884 -0.00217109 -0.00110446 0.00284986 -0.00136798 0.00263668
internal_weight=60808.4 44313.5 40096.1 38726.5 4217.35 26526.1 21401.4 3482.32 2942.46 5124.67 13814.7 16495 3897.25 412.286
internal_count=738065 658374 457887 430550 200487 351883 284891 172956 131266 66992 201100 79691 49159 5207
is_linear=0
shrinkage=0.03


Tree=14
num_leaves=15
num_cat=0
split_feature=35 35 35 17 16 19 6 18 21 29 14 10 23 6
split_gain=199.949 43.552 43.0064 18.5446 14.2868 13.3735 13.3549 13.3022 12.8003 12.4987 10.874 14.1936 13.7509 13.5007
threshold=2.5000000000000004 1.5000000000000002 7.5000000000000009 54.603571428571435 65.950000000000017 2.8892361111111104 0.22649572649572652 -14.500000000000009 0.14839839839839844 0.132368521265082 76.050000000000011 242.50000000000003 9.0050000000000008 0.53589743589743599
decision_type=2 2 2 8 8 8 2 10 10 10 8 2 10 2
left_child=1 5 3 -2 -3 -1 -5 -4 -9 -10 11 -6 -12 -13
right_child=2 4 7 6 10 -7 -8 8 9 -11 12 13 -14 -15
leaf_value=0.0011848657165386574 -0.005967531481286063 -0.0056709762553666335 -0.0070483884070623101 -0.0024333224988887753 0.003148565078819741 0.0033146557596371172 -0.00070155419470946943 -0.0017730172916679355 -0.0075863264141595053 0.00063449664906156634 -0.00028350173502879696 -0.0026654330634779269 0.0062751938159910717 0.0023513090517548007
leaf_weight=3422.3714764788747 651.25719499820843 277.18655282631516 1201.529109593248 4863.7065978934988 2790.3402613289654 13041.251974105835 22203.363454146776 1997.5926254231017 779.74190430622548 199.04541300074197 7226.5775284171104 942.950235016644 249.54296433180571 890.05508233234286
leaf_count=17693 12859 1871 83309 64500 18168 61796 300827 80442 29232 6723 46257 6178 1632 5786
internal_value=5.97764e-05 0.00186829 -0.00157583 -0.00114351 0.000520495 0.00287685 -0.00101665 -0.00439658 -0.00322732 -0.00596496 0.00068509 0.00182026 -2.43462e-05 -0.000231695
internal_weight=60736.5 28840.3 31896.2 27718.3 12376.7 16463.6 27067.1 4177.91 2976.38 978.787 12099.5 4623.35 7476.12 1833.01
internal_count=737273 159381 577892 378186 79892 79489 365327 199706 116397 35955 78021 30132 47889 11964
is_linear=0
shrinkage=0.03


Tree=15
num_leaves=15
num_cat=0
split_feature=35 35 17 19 18 19 5 35 1 14 16 16 34 21
split_gain=210.028 67.9903 25.8216 21.3456 17.8625 14.1651 13.9066 15.3052 12.4588 12.0483 13.7546 11.2305 10.6879 10.0611
threshold=1.5000000000000002 7.5000000000000009 54.603571428571435 6.1876893939393947 -14.500000000000009 4.5142857142857133 9.5000000000000018 5.5000000000000009 1624.5000000000002 76.750000000000014 79.550000000000011 89.950000000000017 -0.0061059132189285031 0.45643939393939398
decision_type=2 2 8 10 10 8 2 2 2 8 10 10 2 10
left_child=5 2 -2 6 -3 13 7 -4 -6 10 12 -11 -5 -1
right_child=1 4 3 9 8 -7 -8 -9 -10 11 -12 -13 -14 -15
leaf_value=0.0019987033815956393 -0.005952752864570387 -0.0078062329030593562 -0.00083078454032751786 0.0035704986192775278 -0.0042765239887563649 0.0034581154682294915 0.00097563991361410563 -0.0026245032890272212 0.00074215509720108061 -0.00088327367076778155 0.0048838194315818954 0.002815937512183897 -0.001162183802739174 -0.0021685035556611798
leaf_weight=4936.24569953233 785.79453957802616 1196.0164043805562 23762.98091254523 640.15463700843975 2454.5701865889132 11080.189907446504 3003.0015684445389 5200.5997063556279 525.07426600973122 3601.6175589296035 1105.962692678906 876.01999805681407 1093.1275999951176 541.12605971097946
leaf_count=25374 13778 83548 228798 5642 96299 51907 38882 116287 20396 29627 8892 7082 9262 2620
internal_value=-3.67118e-05 -0.00111542 -0.000732738 -0.000620887 -0.00473553 0.00284049 -0.000955288 -0.00115683 -0.00339448 0.000836639 0.00234704 -0.000136443 0.000636844 0.00157112
internal_weight=60802.5 44244.9 40069.3 39283.5 4175.66 16557.6 31966.6 28963.6 2979.64 7316.88 2839.24 4477.64 1733.28 5477.37
internal_count=738394 658493 458250 444472 200243 79901 383967 345085 116695 60505 23796 36709 14904 27994
is_linear=0
shrinkage=0.03


Tree=16
num_leaves=15
num_cat=0
split_feature=35 35 19 17 19 12 2 17 31 16 4 30 23 19
split_gain=191.158 61.4165 27.2924 17.7782 11.9002 12.1711 12.0587 12.0208 10.8898 10.2307 11.6524 10.8678 9.60791 12.4093
threshold=1.5000000000000002 5.5000000000000009 -7.0361305361305382 54.603571428571435 5.2116666666666633 62.95000000000001 4.5000000000000009 61.988492063492068 0.025858976131386605 70.15000000000002 1.5138888888888895 125.50000000000001 -0.99499999999999988 7.9597619047619057
decision_type=2 2 10 8 10 10 10 10 8 10 2 10 8 8
left_child=12 3 -3 -2 -5 7 -7 -6 9 11 -11 -4 -1 -14
right_child=1 2 8 4 5 6 -8 -9 -10 10 -12 -13 13 -15
leaf_value=0.0047070672269147401 -0.0055204063495534117 -0.0061093446684405174 0.0016433908504293107 -0.00065416893612826627 -0.0015831482836182853 0.0012118337727499223 -0.0010612076910588878 0.007629029264303101 0.0032690803171894984 -0.0014783441874689285 -0.0045500376802753767 -0.006869628923909815 0.0017357510350616456 0.0035434909752173056
leaf_weight=2007.862065769732 547.39445159467869 2023.6004840859678 142.77571427472867 23637.774072787259 163.68575952015817 5369.8387548727915 3382.6083539035171 358.05160557106137 270.14245373243466 6138.8841408183507 1337.9514567647129 727.28805955429561 8697.0814081057906 5814.1045705452561
leaf_count=9398 6479 99713 5090 232562 1434 42314 26743 3048 6966 172825 33315 27571 43633 26597
internal_value=7.34782e-06 -0.00102385 -0.00300348 -0.000390747 -0.000297186 0.000611311 0.00033232 0.00485317 -0.00224308 -0.00243988 -0.00205459 -0.00545927 0.00275506 0.00246973
internal_weight=60619 44100 10640.6 33459.4 32912 9274.18 8752.45 521.737 8617.04 8346.9 7476.84 870.064 16519 14511.2
internal_count=737688 658060 345480 312580 306101 73539 69057 4482 245767 238801 206140 32661 79628 70230
is_linear=0
shrinkage=0.03


Tree=17
num_leaves=15
num_cat=0
split_feature=35 35 19 5 19 13 14 35 1 32 13 19 32 31
split_gain=173.533 62.2525 18.5129 17.2394 17.9287 19.5292 12.583 12.3134 11.97 11.633 11.564 12.1506 10.5325 11.9929
threshold=1.5000000000000002 6.5000000000000009 -5.9740740740740739 9.5000000000000018 7.808712121212122 73.15000000000002 79.950000000000017 8.5000000000000018 1601.0000000000002 0.14815932011331448 55.650000000000013 2.6125000000000012 0.12943208335191217 -0.010770761722761273
decision_type=2 2 10 2 10 8 8 2 2 2 10 8 2 10
left_child=12 3 -3 4 10 9 -5 -4 -9 -6 11 -2 13 -1
right_child=1 2 7 6 5 -7 -8 8 -10 -11 -12 -13 -14 -15
leaf_value=0.00033681787597671651 -0.003760145751276161 -0.0062704913975756994 -0.0015721267561749309 -0.00022163947556377525 0.0057090098709668465 -9.9656964707004001e-05 0.003329962996966084 -0.0059181481085710218 0.00057334358156085907 -0.0034517354445857888 -0.00061637613571997429 -0.00095786384670209807 0.0018965165125608579 0.0038640844116467729
leaf_weight=997.99999410659075 2328.4063758149277 1687.3514920982998 3470.8990458261687 1815.3592249527574 944.17513262946159 2655.014885129407 1715.0319793773815 1335.6790831768885 303.25886379717849 108.99153933674097 24280.696603824617 3477.120764052961 8352.6064145043492 7141.6496708020568
leaf_count=4995 30100 98352 92829 20387 7498 19986 18535 64563 14167 739 254263 36409 39412 35063
internal_value=4.37369e-05 -0.000937801 -0.00356752 -0.000454774 -0.000663659 0.00129248 0.00152611 -0.00262284 -0.00473559 0.00464749 -0.000906501 -0.00210428 0.00266456 0.0034363
internal_weight=60614.2 44122 6797.19 37324.8 33794.4 3708.18 3530.39 5109.84 1638.94 1053.17 30086.2 5805.53 16492.3 8139.65
internal_count=737298 657828 269911 387917 348995 28223 38922 171559 78730 8237 320772 66509 79470 40058
is_linear=0
shrinkage=0.03


Tree=18
num_leaves=15
num_cat=0
split_feature=35 35 35 12 16 26 23 30 5 28 14 16 31 4
split_gain=166.458 39.6867 30.2373 20.6648 14.0836 13.9989 12.9236 11.6875 11.7701 12.0678 15.2334 11.7828 11.2476 10.4655
threshold=2.5000000000000004 7.5000000000000009 1.5000000000000002 59.350000000000001 65.950000000000017 -0.013409528891583927 -0.99499999999999988 432.50000000000006 10.500000000000002 0.75000000000000011 53.650000000000013 75.750000000000014 0.023962815276671805 1.1666666666666681
decision_type=2 2 2 10 8 8 8 10 2 10 8 10 10 2
left_child=2 3 6 -2 -4 -3 -1 -5 9 -9 -11 -12 -7 -8
right_child=1 5 4 7 -6 12 13 8 -10 10 11 -13 -14 -15
leaf_value=0.0046836548784209425 -0.0029923338727151382 -0.0031419492351348753 -0.0057031942319100771 0.00027763102429510578 0.00064236650367144397 -0.0078626770107330952 0.0027526399840202363 -0.00080171039446962837 0.0018072032859395338 0.0063844912588733498 -0.0061928945745950131 -0.0021938151524522457 0.0040630841912981039 0.0010813790021084776
leaf_weight=2019.449558980763 4425.6201179603231 3058.172471095575 273.50691631436348 6838.6029954538681 12029.939512822777 1026.0284062800929 8931.9637578055263 10137.424125208519 1054.9383646436036 119.80259776022285 769.04885214357637 4265.8245461462066 46.506016496336088 5557.3528763055801
leaf_count=9434 72187 134891 1861 90375 77562 62598 43211 136188 14671 1793 11041 52198 2449 26799
internal_value=-4.20078e-05 -0.00153941 0.00160747 -0.00112456 0.000478792 -0.0042658 0.00244465 -0.000762377 -0.00119697 -0.00140943 -0.00258543 -0.00285954 -0.00718762 0.00211755
internal_weight=60554.2 31742 28812.2 27611.3 12303.4 4130.71 16508.8 23185.6 16347 15292.1 5154.68 5034.87 1072.53 14489.3
internal_count=737258 578391 158867 378453 79423 199938 79444 306266 215891 201220 65032 63239 65047 70010
is_linear=0
shrinkage=0.03


Tree=19
num_leaves=15
num_cat=0
split_feature=35 35 16 35 18 18 18 21 11 3 14 16 10 11
split_gain=180.59 74.0227 25.3389 20.4408 13.9444 13.6616 12.6217 16.6719 12.4643 11.1462 10.5504 20.8983 15.3153 12.2044
threshold=1.5000000000000002 7.5000000000000009 74.65000000000002 3.5000000000000004 -2.4000000000000017 -16.966666666666654 -13.033333333333319 0.17274535809018571 29.500000000000004 53.750000000000007 76.050000000000011 83.550000000000011 229.50000000000003 5.5000000000000009
decision_type=2 2 10 2 8 8 10 10 2 2 8 10 2 2
left_child=4 2 5 10 -1 -2 -3 -8 -6 -7 11 13 -13 -4
right_child=1 6 3 -5 8 9 7 -9 -10 -11 -12 12 -14 -15
leaf_value=0.0013097643103985757 -0.0056244719481255909 -0.0071723947076026218 0.0030731088640239754 -0.0010930593756109887 0.0029793911666286298 0.0031015297614151076 -0.0020329656060471958 -0.0073508761680085568 0.0079645520023724631 -0.0018469401642332134 -0.00012652341002566611 0.0059482548324054467 0.000750385679456879 -0.00062407262147508422
leaf_weight=5162.5225844308734 801.72888777195476 1411.8302135316189 995.06741220317781 13403.85414741328 10925.044819749892 385.78249374311417 1976.775846477598 709.37694413471036 443.21477297693491 8647.7488626998384 10207.975412348285 1221.024552449584 879.38540528714657 3430.8484353739768
leaf_count=26254 18048 96424 7199 204684 51041 5306 77319 25991 2220 107636 74049 9021 6487 25632
internal_value=-4.8518e-05 -0.00105158 -0.000654862 -0.000222162 0.00262077 -0.00197295 -0.00486677 -0.00354602 0.00320777 -0.0016197 0.000476589 0.00141372 0.00384009 0.000232199
internal_weight=60602.2 44071.4 39973.4 30138.2 16530.8 9835.26 4097.98 2686.15 11368.3 9033.53 16734.3 6526.33 2100.41 4425.92
internal_count=737311 657796 458062 327072 79515 130990 199734 103310 53261 112942 122388 48339 15508 32831
is_linear=0
shrinkage=0.03


Tree=20
num_leaves=15
num_cat=0
split_feature=35 35 17 18 35 30 34 23 1 13 1 34 22 26
split_gain=157.331 49.2147 23.8374 21.2051 15.0919 21.6886 15.0436 11.5112 10.8119 10.7871 10.4785 10.4541 12.1352 12.5483
threshold=1.5000000000000002 6.5000000000000009 57.721008403361353 -12.900000000000015 2.5000000000000004 2347.5000000000005 -0.00044337685083495142 -0.80499999999999994 1620.5000000000002 66.350000000000009 1197.5000000000002 -0.013644021871546138 3.5000000000000004 -0.25094906017803387
decision_type=2 2 8 10 2 10 2 8 2 10 2 2 8 10
left_child=7 2 9 -3 -4 6 -6 -1 -5 -2 -9 -12 13 -13
right_child=1 3 4 8 5 -7 -8 10 -10 -11 11 12 -14 -15
leaf_value=0.0047085743074043859 -0.00535765118731759 -0.0055656185596674179 0.00064480169146170427 -0.0026132257629117284 -0.0011446587288160145 -0.0028319208487379496 0.00048224342277996011 0.0036101660828957304 0.0011593601466395166 0.0031810053759934818 -0.00078136375954449813 0.0038434397065944936 0.0032937009679632431 0.00026656255991728628
leaf_weight=2101.0809929296374 1084.5457142391242 2157.2432332499884 12093.58353420347 3771.0344311211666 9557.1030903586652 3461.3161389380693 10897.324960618746 4074.7044177278876 802.30190393701196 117.68091701343656 1221.0608010068536 1103.9083415269852 4336.1089433282614 3792.6848072037101
leaf_count=9792 15443 122426 77967 121669 119325 41850 131405 19300 25523 1495 5989 5048 21418 18315
internal_value=0.000152982 -0.000787823 -0.000358983 -0.00313864 -0.000217174 -0.000653489 -0.000278846 0.00263389 -0.00194602 -0.0044282 0.00231873 0.00180056 0.0021444 0.00110365
internal_weight=60571.7 43942.1 37211.6 6730.58 36009.3 23915.7 20454.4 16629.5 4573.34 1202.23 14528.5 10453.8 9232.7 4896.59
internal_count=736965 657103 387485 269618 370547 292580 250730 79862 147192 16938 70070 50770 44781 23363
is_linear=0
shrinkage=0.03


Tree=21
num_leaves=15
num_cat=0
split_feature=35 35 18 17 33 32 25 26 17 4 14 15 25 28
split_gain=145.315 68.4924 20.5381 19.9371 11.7613 11.3727 15.4783 13.0661 11.0903 9.60744 9.2376 9.05447 8.98825 8.88391
threshold=1.5000000000000002 6.5000000000000009 -13.033333333333319 54.603571428571435 54.500000000000007 0.099005249993128278 0.12103937861360509 -0.25094906017803387 68.667543859649143 -3.0690476190476192 66.250000000000014 56.516666666666673 0.16980665922111957 -6.2499999999999991
decision_type=2 2 10 8 2 2 8 8 8 2 8 10 10 8
left_child=5 3 -3 -2 8 6 -1 12 11 -6 -4 -5 -8 -11
right_child=1 2 10 4 9 -7 7 -9 -10 13 -12 -13 -14 -15
leaf_value=0.0018656799621894608 -0.0055115701543327735 -0.0062625870690362212 0.00046114900920263925 -0.0035468849139111604 0.0022284519657273993 0.0017745233598161945 -0.0053682369866565847 0.0066719599380146875 6.7115996131974538e-05 -0.0060935862675905667 -0.0032251105112876609 0.0041816650274202989 0.0036446478452966521 -0.00070039965822223755
leaf_weight=2260.2806766629219 664.63301302306354 2115.6774320940021 710.92460481473245 116.2875427803956 958.95847624912858 12412.426624327898 117.81552584469318 1568.81471016258 3504.1308307936415 228.34880584152415 3880.2225470085396 1107.4488541116007 194.92931963503361 30719.959188630339
leaf_count=11443 9849 121163 23387 1569 11148 58931 558 7657 37446 2541 125047 13350 901 312453
internal_value=-0.000150445 -0.00105174 -0.00383127 -0.000547499 -0.000450051 0.00224145 0.00360289 0.00558744 0.000939499 -0.000657096 -0.00265549 0.00333684 -2.25845e-05 -0.000749957
internal_weight=60560.9 44006.6 6706.82 37299.8 36635.1 16554.3 4141.84 1881.56 4727.87 31907.3 4591.15 1223.74 312.745 30948.3
internal_count=737443 657953 269597 388356 378507 79490 20559 9116 52365 326142 148434 14919 1459 314994
is_linear=0
shrinkage=0.03


Tree=22
num_leaves=15
num_cat=0
split_feature=18 18 32 12 29 6 20 25 17 26 32 34 34 13
split_gain=73.8672 34.3186 28.5882 18.0636 17.167 15.516 12.8871 10.5066 10.1482 9.90971 9.77664 9.67083 9.50093 9.48965
threshold=-2.4000000000000017 -16.966666666666654 0.069234891582158467 62.95000000000001 0.095667633352120265 0.10555555555555557 34.500000000000007 0.13940766303484614 55.130952380952387 -0.19183329033479515 0.11081338986871998 0.018054130897452132 0.01882381804750408 67.750000000000014
decision_type=10 8 2 10 8 2 8 10 10 10 2 2 2 10
left_child=1 2 13 -2 6 -6 8 9 -3 12 -9 -7 -5 -1
right_child=3 4 -4 7 5 11 -8 10 -10 -11 -12 -13 -14 -15
leaf_value=-0.010273913130265273 0.0061496226838336256 -0.0065644087848392898 -0.0019104221386482595 -0.0029774822686699223 -0.0033133819687686064 -8.7271364970367146e-05 -0.0026479961978547171 0.0035329105809885583 -0.00057443979737245869 0.00090433368160844211 0.0013905307107314239 0.0017412999172519638 0.0043381861944027334 -8.0587106053888496e-05
leaf_weight=626.94517012266442 655.93693358357996 212.00469320756383 1594.5254674551543 1043.836752449628 1161.2618036633357 17856.380523071392 4577.0546820128802 2524.1252308031544 9921.7648273664527 9010.5517789577134 8108.8770906003192 2996.4751461371779 141.8592121754773 94.462354478426278
leaf_count=32528 4975 4357 44637 6990 14067 213877 82585 17206 158697 70062 49823 33123 944 3977
internal_value=7.7547e-06 -0.00076949 -0.00427242 0.0014186 -0.000543081 -1.22942e-05 -0.00133465 0.00125524 -0.000731368 0.000563055 0.00191326 0.000179024 -0.0019621 -0.00903092
internal_weight=60526.1 39040.9 2315.93 21485.2 36724.9 22014.1 14710.8 20829.3 10133.8 10196.2 10633 20852.9 1185.7 721.408
internal_count=737848 587848 81142 150000 506706 261067 245639 145025 163054 77996 67029 247000 7934 36505
is_linear=0
shrinkage=0.03


Tree=23
num_leaves=15
num_cat=0
split_feature=18 17 18 13 31 11 29 29 27 25 10 31 27 22
split_gain=66.3888 30.9825 19.2303 24.4522 14.7909 14.7937 13.2102 11.4882 11.3632 11.2749 11.3522 10.3545 10.343 9.4994
threshold=-6.2333333333333298 56.102500000000006 -1.6666666666666676 68.550000000000011 1.0000000180025095e-35 29.500000000000004 0.11892178042467062 0.079254004379870319 -424.49999999999994 0.15035677799931815 80.500000000000014 -0.0031740319864487199 -105.49999999999999 7.5000000000000009
decision_type=8 10 10 8 10 2 10 10 8 10 2 10 10 10
left_child=1 -1 7 11 5 9 12 -2 -9 -5 -11 -4 -3 -14
right_child=2 6 3 4 -6 -7 -8 8 -10 10 -12 -13 13 -15
leaf_value=-0.0059651004186097095 -0.0012482906753521691 -0.0035397637493807129 0.0016233108369015459 -0.0015242817119034368 0.0018018879353575207 0.0050309621534825859 5.4201304787675633e-05 0.0056225022625145194 0.00034735111449050792 -0.00269664363805234 0.0019864181217041743 0.0068832801397955895 -0.0017682945697777988 0.00038417755544609822
leaf_weight=1212.7237370198127 4364.4675282801036 2140.1001965256874 567.50575129501522 3479.4434661488049 10341.744661059463 436.34184216335416 6004.8702668296173 325.53818338387646 18008.148981379112 541.46542999753729 2197.4910613521934 945.05725772026926 7548.1723004151718 2416.3880237154663
leaf_count=38718 59021 49025 3992 26544 66531 3746 81794 5058 179843 3559 13854 6008 134687 65043
internal_value=3.20479e-05 -0.00141671 0.00071227 0.00142856 0.00109472 -9.4878e-06 -0.00109653 0.000126315 0.000456056 -0.000400482 0.00102887 0.00502486 -0.00166526 -0.00124701
internal_weight=60529.5 19322.3 41207.2 18509 16996.5 6654.74 18109.5 22698.2 18333.7 6218.4 2738.96 1512.56 12104.7 9964.56
internal_count=737423 369267 368156 124234 114234 47703 330549 243922 184901 43957 17413 10000 248755 199730
is_linear=0
shrinkage=0.03


Tree=24
num_leaves=15
num_cat=0
split_feature=18 18 15 29 15 20 29 23 8 13 4 3 13 13
split_gain=49.8633 24.2295 17.8601 17.36 22.9142 14.0795 12.7516 11.7842 11.6389 11.0528 11.0506 12.2445 10.7614 9.39387
threshold=-14.799999999999992 -0.15833333333333141 64.583333333333357 0.11795456657512475 49.183333333333344 285.50000000000006 0.074685150457363195 4.1050000000000013 1.5000000000000002 44.750000000000007 2.120192307692307 60.750000000000007 59.550000000000004 87.450000000000017
decision_type=8 10 10 10 10 10 8 8 2 8 2 2 10 8
left_child=3 6 -3 4 -1 8 7 -2 -4 -6 13 -12 -5 -10
right_child=1 2 5 12 9 -7 -8 -9 10 -11 11 -13 -14 -15
leaf_value=-0.010648524448186984 -9.2845158946163207e-05 0.0083008920074682975 -0.0027205331845101956 -0.0028898670716855585 0.002769094823944049 -0.0054172365008692078 0.00014557433269125775 -0.0025214356024856974 0.0027361860945514824 -0.0039816624916651977 -0.0010776526072570633 0.0029619122134463363 0.0031347674217105377 0.00051235319999478907
leaf_weight=437.13593241060153 3840.1419584560208 280.16072061378509 555.87526609282941 506.92982198903337 210.97387034003623 233.96338040893897 37010.275248348509 3338.3236433435231 6178.8019217900001 1856.7535242212471 2341.3358136774041 891.12319467309862 462.29318161169067 2393.0948756104335
leaf_count=17483 51565 1889 3181 10701 5488 2039 429771 64766 37904 68921 14410 5722 9462 14849
internal_value=4.10915e-05 0.000254754 0.00139732 -0.00342222 -0.0047191 0.00121153 -7.93331e-05 -0.00123188 0.00135832 -0.00324375 0.00156106 6.41272e-05 -3.46654e-06 0.00212191
internal_weight=60537.2 57063.1 12874.4 3474.09 2504.86 12594.2 44188.7 7178.47 12360.2 2067.73 11804.4 3232.46 969.223 8571.9
internal_count=738151 626096 79994 112055 91892 78105 546102 116331 76066 74409 72885 20132 20163 52753
is_linear=0
shrinkage=0.03


Tree=25
num_leaves=15
num_cat=0
split_feature=19 17 19 29 12 14 17 0 28 31 13 30 30 34
split_gain=68.6108 29.8139 29.1766 25.1379 15.4754 12.1493 12.3516 14.2221 13.35 16.4259 12.209 12.007 11.677 11.4293
threshold=0.70580808080807611 57.721008403361353 7.9597619047619057 0.091411693675778255 63.550000000000004 76.15000000000002 81.150675675675686 7.5000000000000009 0.75000000000000011 0.0040534823191685446 84.450000000000017 542.50000000000011 333.50000000000006 -0.0020702138448749114
decision_type=8 10 10 8 10 8 8 2 8 10 10 8 8 2
left_child=1 -1 3 -2 -4 10 7 -7 9 -8 12 -9 -5 -3
right_child=2 13 4 5 -6 6 8 11 -10 -11 -12 -13 -14 -15
leaf_value=-0.0058472207785157226 -0.0010325071479028742 -0.002286232925057894 0.0071978972420309864 0.0035698319729167631 0.0017512039354747883 -0.0034690699477283498 0.0046526218799736417 -0.0022448097430171781 1.3746400482978506e-05 0.00068579256536692099 0.0075933135520944396 0.00077958764322396984 0.0007363143989888159 -0.00062460676650117903
leaf_weight=1373.9887944927905 10838.110500457929 6251.5819618699607 453.77920948993415 1719.4615910823923 8774.304486760404 1285.7188779832795 1549.2307902043685 1570.0911418888718 5431.6321556209587 2328.1655612774193 259.57233058940619 4313.1235924721695 5180.6279406216927 9248.5704564964399
leaf_count=45655 131665 129108 3365 15087 52820 8478 13546 15131 53226 19003 1894 39479 44766 165315
internal_value=-6.44484e-05 -0.00168642 0.00056301 0.000160881 0.00205638 0.000709087 0.000258824 -0.000674485 0.000977334 0.00230981 0.00173638 -3.96681e-05 0.00146301 -0.00129998
internal_weight=60578 16874.1 43703.8 34475.7 9228.08 23637.6 16478 7168.93 9309.03 3877.4 7159.66 5883.21 6900.09 15500.2
internal_count=738538 340078 398460 342275 56185 210610 148863 63088 85775 32549 61747 54610 59853 294423
is_linear=0
shrinkage=0.03


Tree=26
num_leaves=15
num_cat=0
split_feature=35 35 17 35 14 6 23 11 2 25 27 25 29 1
split_gain=132.792 54.7787 17.0913 16.3401 11.8335 13.7676 12.0222 11.1295 10.0716 10.4961 11.283 9.9095 10.9986 9.70317
threshold=1.5000000000000002 6.5000000000000009 54.603571428571435 9.5000000000000018 76.950000000000017 0.80625000000000013 -0.79499999999999993 30.500000000000004 7.5000000000000009 0.17539299685020843 180.50000000000003 0.026301062777256318 0.10632107557041005 1525.5000000000002
decision_type=2 2 8 2 8 2 10 2 8 8 10 10 10 2
left_child=7 2 -2 11 6 -6 -4 -1 -7 10 -10 12 -3 -5
right_child=1 3 4 13 5 8 -8 -9 9 -11 -12 -13 -14 -15
leaf_value=0.0020822698437920426 -0.0050732598787533272 -0.0079306970769665967 0.0031986214786276549 -0.0080976953200578902 -0.0012708146904458111 -3.4237196147355327e-05 2.6001771762196651e-05 0.0059534701256784683 0.0085005183447669427 -0.00098942347583511406 -0.0016768600459043136 -0.0020837638225104562 0.0001797926997548561 -0.0019323180750037536
leaf_weight=16000.489647909999 652.25128743331879 523.18927100347355 1105.6634925995022 877.02757967100479 15333.888229450677 3979.6185580934398 15405.155483132228 665.85374995321035 358.13049005437642 265.77337031811476 109.83432048931718 4713.9904093162622 201.09463435830548 356.49486502213404
leaf_count=76520 9832 26278 10293 64464 153082 40874 166270 3428 3545 2504 1112 146320 7999 25032
internal_value=-2.14552e-05 -0.000887356 -0.000436483 -0.00338004 -0.000346939 -0.000835894 0.000247475 0.00225428 0.000577514 0.00368601 0.00618054 -0.00262882 -0.00581266 -0.00646055
internal_weight=60548.5 43882.1 37210.3 6671.8 36558.1 20047.2 16510.8 16666.3 4713.36 733.738 467.965 5438.27 724.284 1233.52
internal_count=737553 657605 387512 270093 377680 201117 176563 79948 48035 7161 4657 180597 34277 89496
is_linear=0
shrinkage=0.03


Tree=27
num_leaves=15
num_cat=0
split_feature=35 35 18 33 5 33 16 15 5 21 2 13 35 17
split_gain=114.998 54.4901 25.5908 13.8272 12.4254 11.6241 11.5957 14.1044 10.938 10.7739 9.96931 9.01237 8.87303 8.80478
threshold=1.5000000000000002 5.5000000000000009 -12.799999999999999 82.500000000000014 5.5000000000000009 68.500000000000014 82.250000000000014 77.641666666666694 8.5000000000000018 0.073350071736011491 5.5000000000000009 81.450000000000017 6.5000000000000009 58.75119047619048
decision_type=2 2 10 2 2 2 10 8 2 8 8 10 2 8
left_child=-1 3 8 5 6 10 -5 -8 9 -3 11 -2 -10 -6
right_child=1 2 -4 4 13 -7 7 -9 12 -11 -12 -13 -14 -15
leaf_value=0.0020273165982144818 -0.0010571653792813265 -0.0080870950504967325 -0.0018041304781290703 -0.0019237397822978123 -0.0046551132359400754 0.0042264686438910799 0.0014300520498457653 -0.0012234140539107499 0.0043945992134982494 -0.0038253906761928518 0.0023810241802374541 0.0031483167879514792 -0.003247829686584003 0.00029728561416673071
leaf_weight=16657.922342598438 3042.0698800624814 1157.2523939628154 7358.608836649044 8098.5850857316982 282.57809803821146 811.99569154693745 2708.4574614362791 5160.0230265567079 134.21759112784639 1269.2644925389905 1600.3904436696321 489.22488196752965 506.31847477867268 11342.837505993899
leaf_count=79793 30462 62261 198337 76272 3365 7838 24849 43817 2974 50032 15572 4405 31860 107127
internal_value=-9.17366e-05 -0.000896075 -0.00278486 -0.000305622 -0.000588453 0.00100133 -0.00113036 -0.000306786 -0.00507118 -0.00598012 0.000455149 -0.000438718 -0.00144419 0.000157488
internal_weight=60619.7 43961.8 10425.7 33536.2 27592.5 5943.68 15967.1 7868.48 3067.05 2426.52 5131.69 3531.29 640.536 11625.4
internal_count=738964 659171 345464 313707 255430 58277 144938 68666 147127 112293 50439 34867 34834 110492
is_linear=0
shrinkage=0.03


Tree=28
num_leaves=15
num_cat=0
split_feature=35 35 13 12 6 1 35 19 4 0 4 1 9 21
split_gain=113.52 42.6809 16.8278 14.3117 12.253 12.144 12.1412 11.9403 12.251 11.6378 12.0519 12.0754 11.0927 10.492
threshold=1.5000000000000002 7.5000000000000009 55.650000000000013 59.350000000000001 0.10555555555555557 1612.5000000000002 4.5000000000000009 5.0701851851851893 0.87867647058823561 9.5000000000000018 -0.33333333333333209 1601.0000000000002 83.500000000000014 0.46410256410256417
decision_type=2 2 10 8 2 2 2 10 2 2 2 2 2 10
left_child=7 2 3 -2 -4 -3 12 8 13 10 -8 -12 -6 -1
right_child=1 5 4 -5 6 -7 9 -9 -10 -11 11 -13 -14 -15
leaf_value=0.0024863503878186921 -0.0054198160743004426 -0.0045798523036690427 -0.0028633233848647396 -0.0013997571662776717 -0.00037143163270608151 -0.00013487315281487437 -0.00058429265487305773 0.0027157932089624903 -0.00045413303342564811 -0.0001448900808434923 -0.0049451893459538723 0.0010304101242278466 0.00099579205769337537 -0.0022906988859740015
leaf_weight=4211.9491076990962 871.65419821464457 3340.1378130286466 1574.950917632319 6515.4606613519136 13042.736348726787 664.73396462318487 1889.9579045283608 9132.9900879263878 2849.6205772459507 4869.9972629696131 1678.3743110264477 350.70067797251977 8972.8379385070875 419.31169971823692
leaf_count=21123 15893 168101 17790 78683 107659 31293 38510 42254 14152 87682 30553 6341 74344 2019
internal_value=-0.000118732 -0.000920085 -0.000620263 -0.00190736 -0.000324135 -0.00385283 -0.000189884 0.00198897 0.00108949 -0.00112915 -0.00233502 -0.00391244 0.000186798 0.00203399
internal_weight=60385.4 43771.5 39766.7 7387.11 32379.6 4004.87 30804.6 16613.9 7480.88 8789.03 3919.03 2029.07 22015.6 4631.26
internal_count=736397 656849 457455 94576 362879 199394 345089 79548 37294 163086 75404 36894 182003 23142
is_linear=0
shrinkage=0.03


Tree=29
num_leaves=15
num_cat=0
split_feature=35 35 31 35 7 19 21 19 30 22 19 5 16 31
split_gain=100.714 39.1489 15.6635 12.9538 13.3976 12.1975 12.3873 11.8014 11.4953 11.3063 12.0459 11.5051 11.4724 10.1571
threshold=1.5000000000000002 5.5000000000000009 0.00011018777733858488 8.5000000000000018 5.5000000000000009 4.312731481481479 0.50862068965517249 -7.5733333333333297 50.500000000000007 5.5000000000000009 4.9284523809523799 9.5000000000000018 89.250000000000014 -0.015093161212143604
decision_type=2 2 8 2 8 10 10 8 8 10 10 2 8 10
left_child=5 9 7 4 -4 6 -1 -3 -7 10 11 -2 -13 -9
right_child=1 2 3 -5 -6 8 -8 13 -10 -11 -12 12 -14 -15
leaf_value=0.0012783180279519824 -0.0012963506145792043 -0.0074047059631842434 0.0010126017538588758 -0.0039859015990335511 -0.0025422433070838506 0.0075427762182999529 -0.004910368015061682 4.3222433295918534e-05 0.0024466656322658566 0.00061229382392926604 0.00042666301259304697 -0.00062242809404359557 0.0048385284865146063 -0.0035417673082998027
leaf_weight=6210.3032482489944 14377.296618707012 572.61791822034866 2533.7566970956977 1049.4863785407506 1463.7955034566112 380.03825674206018 256.69661297649145 866.38437500270084 9804.2882138565183 10347.654706779402 7296.08731092792 858.23060787562281 519.54272792488337 3892.3621349567547
leaf_count=31048 137050 36206 62051 60482 36815 1815 1223 27338 45572 105073 56559 9012 5241 122497
internal_value=4.44891e-05 -0.000710971 -0.00231562 -0.00110153 -0.000304411 0.00202681 0.00099688 -0.00344404 0.00267275 -0.000209624 -0.000579109 -0.00104475 0.00153417 -0.00289542
internal_weight=60428.5 43777.2 10378.4 5047.04 3997.55 16651.3 6467 5331.36 10184.3 33398.8 23051.2 15755.1 1377.77 4758.75
internal_count=737982 658324 345389 159348 98866 79658 32271 186041 47387 312935 207862 151303 14253 149835
is_linear=0
shrinkage=0.03


Tree=30
num_leaves=15
num_cat=0
split_feature=35 35 35 18 18 0 30 19 31 0 2 30 19 29
split_gain=105.561 29.9392 15.7376 13.0079 12.968 13.2019 13.0082 12.3456 11.3045 11.3593 10.7681 9.78747 9.43727 9.30045
threshold=2.5000000000000004 7.5000000000000009 1.5000000000000002 -14.799999999999992 -16.966666666666654 9.5000000000000018 2347.5000000000005 7.808712121212122 -0.0024766666341573323 8.5000000000000018 3.5000000000000004 881.50000000000011 4.4454545454545427 0.076410015423173328
decision_type=2 2 2 10 8 2 10 10 10 2 8 10 10 10
left_child=2 4 8 -3 5 11 -6 -4 9 10 -1 -2 -10 -5
right_child=1 3 7 13 6 -7 -8 -9 12 -11 -12 -13 -14 -15
leaf_value=-0.0064019789928681072 -0.0078896782819272565 -0.0062435968618601021 0.00016272401764462485 -0.0048848296580842557 -0.00028100186774925056 0.00018888996104004767 -0.0021908231997987541 0.002566525932357466 0.0014810180184294706 0.0018990663632699116 -9.989036815304827e-05 -0.00073340772248208332 0.0032142135352068411 -0.001202543239318824
leaf_weight=243.97702552378178 558.05927096749656 1078.0021902746521 9956.2887994535267 866.52499804552644 22415.7574316276 527.86520606605336 3700.5373583440669 2335.5384408533573 4867.6111579164863 2869.0716211274266 1445.5231809467077 255.2433957119938 7218.4488828629255 2044.6916060764343
leaf_count=1135 12824 80928 65398 38569 299666 10842 48676 13992 24165 14341 6603 6622 33346 80317
internal_value=0.000139455 -0.00106299 0.00144579 -0.00347563 -0.000706782 -0.00353092 -0.000555282 0.000628012 0.00204602 0.000762077 -0.00116782 -0.00581634 0.00252515 -0.00236255
internal_weight=60383.1 31446.7 28936.5 3989.22 27457.5 1341.17 26116.3 12291.8 16644.6 4558.57 1689.5 813.303 12086.1 2911.22
internal_count=737424 578444 158980 199814 378630 30288 348342 79390 79590 22079 7738 19446 57511 118886
is_linear=0
shrinkage=0.03


Tree=31
num_leaves=15
num_cat=0
split_feature=35 35 35 12 30 18 4 34 26 26 29 8 18 29
split_gain=120.678 29.2511 17.136 16.1832 14.6801 12.608 15.5451 12.9137 13.0381 12.4638 12.4097 11.5064 10.712 12.4037
threshold=2.5000000000000004 6.5000000000000009 1.5000000000000002 54.250000000000007 2347.5000000000005 -4.2333333333333298 0.54772727272727206 0.0032367023634488705 -0.064858881243853514 0.75150724644640288 0.11593178796942506 1.5000000000000002 -14.799999999999992 0.10632107557041005
decision_type=2 2 2 8 10 10 2 2 8 10 10 2 10 10
left_child=2 3 -1 10 5 6 7 8 -5 -6 -2 -7 13 -3
right_child=1 12 -4 4 9 11 -8 -9 -10 -11 -12 -13 -14 -15
leaf_value=0.0021231749468390315 -0.0061464994672941675 -0.0066326284809675937 0.0006470956877405444 -0.0028226280285914705 -0.0028914858361387239 -0.0059373021144991066 -0.0022065997550280506 0.00139567664678615 0.00030953351903764882 0.0034097949228937751 0.00079855282703009871 0.00093091260058381857 -0.0022258120864804085 -0.00071156375236481792
leaf_weight=16661.440253585577 772.19798023672774 1170.4461915278807 12384.651196531951 2017.4727630447596 3130.4793102582917 176.80175787210464 4541.4519113865681 3346.0182378154714 2817.2621383606456 268.34069049172103 307.64561106357723 7392.7540268180892 4956.8067602770752 448.45222388394177
leaf_count=79624 12288 78788 79943 26248 38408 1889 58565 44457 40887 3104 4274 77671 168469 22327
internal_value=0.000104186 -0.00118583 0.001496 -0.000710578 -0.00054206 -0.000233902 -0.000809566 -2.53257e-05 -0.00101299 -0.00235177 -0.00422009 0.000732584 -0.00295722 -0.00506289
internal_weight=60392.2 31346.1 29046.1 24770.4 23690.6 20291.8 12722.2 8180.75 4834.73 3398.82 1079.84 7569.56 6575.71 1618.9
internal_count=736942 577375 159567 307791 291229 249717 170157 111592 67135 41512 16562 79560 269584 101115
is_linear=0
shrinkage=0.03


Tree=32
num_leaves=15
num_cat=0
split_feature=35 35 8 8 23 16 30 3 31 33 18 18 12 10
split_gain=85.019 29.412 16.1436 24.2481 15.7264 13.5286 13.0632 11.2676 11.2676 14.5147 10.9338 10.8476 10.0547 9.9609
threshold=2.5000000000000004 8.5000000000000018 1.5000000000000002 1.0000000180025095e-35 -0.99499999999999988 64.65000000000002 1523.5000000000002 54.750000000000007 0.0065396747131888392 206.50000000000003 -1.1666666666666499 -7.666666666666667 81.950000000000017 302.50000000000006
decision_type=2 2 2 2 8 8 10 2 10 2 10 10 10 2
left_child=4 2 3 12 -1 -6 -5 11 9 -9 -10 -4 -2 -11
right_child=1 -3 7 6 5 -7 -8 8 10 13 -12 -13 -14 -15
leaf_value=0.0032184890271534862 -0.0017258612035404449 -0.004341700420075598 -0.00071604713373127902 -0.011437460756221429 -0.0044280012415443566 0.0010093079374866607 -0.002579708486016108 -9.9602133566277477e-05 -0.00034962290966477879 -0.0023957824720800521 0.002852432756414741 0.0025994956106887108 0.0090073083389249787 0.00015848910654088041
leaf_weight=2962.3303667679429 2160.5715314701665 2268.3834635179956 1698.3558553012554 349.89052206045017 370.02281390875578 25687.05612096563 298.92117836978287 5932.7821097568376 5874.4235096278135 8273.1369126669597 1095.4765366255306 1773.253981188871 32.303827636875212 1638.607351701241
leaf_count=15296 36309 138633 36250 5891 2235 141819 4634 94279 84083 119691 11206 23581 414 23644
internal_value=-6.39129e-06 -0.00108752 -0.000827091 -0.00295594 0.00116314 0.000923763 -0.00783308 -0.000591774 -0.000834161 -0.0012752 0.000170384 0.000990353 -0.00137047 -0.00197483
internal_weight=60415.5 31396.1 29127.7 2841.69 29019.4 26057.1 648.812 26286 22814.4 15844.5 6969.9 3471.61 2192.88 9911.74
internal_count=737965 578615 439982 47248 159350 144054 10525 392734 332903 237614 95289 59831 36723 143335
is_linear=0
shrinkage=0.03


Tree=33
num_leaves=15
num_cat=0
split_feature=19 16 20 8 13 33 29 28 16 14 32 15 11 30
split_gain=37.0123 22.7034 13.5568 13.1397 12.4194 11.2243 14.0012 11.1921 10.3965 13.2998 11.4951 10.3667 10.5248 10.2319
threshold=6.1876893939393947 71.050000000000011 238.50000000000003 1.5000000000000002 55.650000000000013 44.500000000000007 0.087603765177164547 -1.0000000180025095e-35 86.65000000000002 68.250000000000014 0.048532488309131185 67.741666666666688 29.500000000000004 479.50000000000006
decision_type=10 8 10 2 8 2 10 8 10 8 2 10 2 8
left_child=1 4 7 -2 -1 -6 -7 8 9 10 -3 -5 -13 -12
right_child=3 2 -4 11 5 6 -8 -9 -10 -11 13 12 -14 -15
leaf_value=-0.0056089963578020569 -0.0027739852537731575 -0.0038848945407006252 -0.0043151736822020052 0.0040342433533129751 0.001955328711582504 -0.0051848917806780132 -0.00072316661514475688 -0.00046624431731881466 0.0016145177222114694 -0.00075008452865067059 0.0047384773573423185 0.0010334597349240403 0.0045778946504379959 0.0006315625127698587
leaf_weight=859.16585348709486 626.36116187553853 238.74464062904008 648.15340769919567 1299.5753003512509 610.18720747460611 983.3600114795845 1684.7100531307515 26295.224447970279 5350.268776061479 6580.063503178535 972.40090149338357 12318.250472929562 760.02979983389378 1210.2866164732259
leaf_count=25425 3885 6937 11444 9956 15303 25980 29461 327654 68739 92693 15488 78996 5616 20557
internal_value=4.30877e-05 -0.000383716 -0.000170066 0.00133243 -0.00248864 -0.00159887 -0.00243274 -9.87483e-05 0.000573857 -5.01881e-05 0.00182843 0.00152031 0.00125609 0.00252636
internal_weight=60436.8 45432.6 41295.1 15004.2 4137.42 3278.26 2668.07 40647 14351.8 9001.5 2421.43 14377.9 13078.3 2182.69
internal_count=738134 639681 543512 98453 96169 70744 55441 532068 204414 135675 42982 94568 84612 36045
is_linear=0
shrinkage=0.03


Tree=34
num_leaves=15
num_cat=0
split_feature=18 18 34 2 23 16 33 6 6 4 13 25 29 22
split_gain=43.2184 25.4748 17.0469 14.8035 13.791 12.0967 14.9648 15.7937 11.3673 10.5043 10.0229 10.2735 9.4332 9.39196
threshold=-14.799999999999992 -2.2666666666666759 0.014439115014919584 8.5000000000000018 8.0050000000000008 74.65000000000002 44.500000000000007 0.81534090909090928 0.10555555555555557 4.0138888888888902 66.15000000000002 0.12034484416592382 0.16621887008768396 8.5000000000000018
decision_type=8 10 2 10 10 8 2 2 2 2 8 10 10 10
left_child=3 5 10 4 -1 6 -2 13 -7 -4 -3 -12 -6 -8
right_child=1 2 9 -5 12 8 7 -9 -10 -11 11 -13 -14 -15
leaf_value=-0.0019996503415880204 0.0018914548532092735 0.003502437506101306 0.003121279249148142 0.0045850146051197591 -0.0065999922842633878 -0.0025188304670938307 -0.0036922421862650504 0.00091648049272817543 6.0129978227694655e-05 -0.0032101807081124289 -0.00058641499889954451 0.00097330013691270206 0.0030658297475048006 0.00054992778062182995
leaf_weight=1863.4543708728161 912.76544451038353 941.66901165107265 3758.0644499387126 161.82226344221272 1292.3248374373652 1576.1152991652489 3325.5558373739186 1106.8718478630763 28413.49986957293 211.99487042147666 6016.904877127381 10148.10893237032 69.322769701946527 531.71010348130949
leaf_count=53871 15542 6394 25225 5154 51640 21171 45854 17679 369569 1356 47065 65614 1215 10192
internal_value=-3.49253e-05 0.00016212 0.000988621 -0.00330195 -0.00376164 -0.000324268 -0.00156274 -0.00221039 -7.93752e-05 0.00274747 0.000573616 0.000392728 -0.00601674 -0.00310792
internal_weight=60330.2 56943.3 21076.7 3386.92 3225.1 35866.5 5876.9 4964.14 29989.6 3970.06 17106.7 16165 1361.65 3857.27
internal_count=737541 625661 145654 111880 106726 480007 89267 73725 390740 26581 119073 112679 52855 56046
is_linear=0
shrinkage=0.03


Tree=35
num_leaves=15
num_cat=0
split_feature=35 35 19 1 5 7 8 34 29 20 26 33 17 5
split_gain=79.9322 37.7168 17.8362 14.5149 14.4039 13.1429 11.8697 13.2373 13.4022 11.7862 10.9749 10.7176 10.5978 9.99036
threshold=1.5000000000000002 8.5000000000000018 -5.214087301587301 1406.5000000000002 9.5000000000000018 8.5000000000000018 1.5000000000000002 0.019653530032634692 0.079254004379870319 8.5000000000000018 -0.28213645873241316 2741.5000000000005 81.150675675675686 8.5000000000000018
decision_type=2 2 8 2 2 10 2 2 8 8 10 2 10 2
left_child=3 2 -2 9 5 6 -4 10 -9 -1 -8 12 -6 -11
right_child=1 -3 4 -5 11 -7 7 8 -10 13 -12 -13 -14 -15
leaf_value=0.0061228808159320223 -0.0028470373938518797 -0.004473670405722845 -0.0020910321412478958 0.00037173472425633755 0.00090475677009458689 -0.0051514226472442141 -0.003045465370190745 -0.0019397178687323709 0.0024101885764693 0.0016780280114281675 -0.00036476477108909601 -0.0041337840460913674 0.004768884498605375 0.004387518202406941
leaf_weight=643.59070931375027 2722.2812886419706 2246.244128243532 3613.1416960877832 5116.1992356106639 2960.0945571563207 500.77440860099159 1404.2953514093533 784.39776875101961 2749.4524262621999 9544.4050444811583 25616.606349947164 252.53700171038508 777.44307252159342 1391.2177474945784
leaf_count=3120 62491 138364 47286 24691 40066 6918 12389 9662 29018 44933 298492 2982 9497 6977
internal_value=-5.49251e-05 -0.0007305 -0.00052216 0.00170735 -0.00035498 -0.000551853 -0.000477011 -0.000283047 0.00143106 0.00229335 -0.00050945 0.00134125 0.00176088 0.00204113
internal_weight=60322.7 43627.3 41381 16695.4 38658.7 34668.7 34167.9 30554.8 3533.85 11579.2 27020.9 3990.07 3737.54 10935.6
internal_count=736886 657165 518801 79721 456310 403765 396847 349561 38680 55030 310881 52545 49563 51910
is_linear=0
shrinkage=0.03


Tree=36
num_leaves=15
num_cat=0
split_feature=35 35 35 1 5 2 16 23 12 4 19 29 34 16
split_gain=89.1349 31.519 17.8137 14.8446 13.1851 13.358 14.387 11.1079 11.0291 10.6881 13.2934 13.197 10.5441 10.2999
threshold=2.5000000000000004 7.5000000000000009 1.5000000000000002 1708.5000000000002 9.5000000000000018 7.5000000000000009 89.550000000000011 -1.9949999999999999 57.250000000000007 1.1666666666666681 8.7820202020202007 0.21852427477850209 -0.0039640218108198191 76.850000000000009
decision_type=2 2 2 2 2 10 8 8 10 2 10 8 2 8
left_child=2 4 7 -3 8 6 12 -1 -2 10 -9 13 -6 -11
right_child=1 3 -4 -5 5 -7 -8 9 -10 11 -12 -13 -14 -15
leaf_value=0.0046408258737603717 -0.0024949587687420334 -0.0043041080311574395 0.00035445829005265533 0.0009471245883406179 0.0020270814970913885 0.007306311439105497 0.0041511973226124451 0.0016284511340772031 -0.00068285344443282754 -0.0020750214252083406 0.0043028981029323643 -0.006559189598206009 -0.0024484452285824473 0.0014224440386150317
leaf_weight=1162.3852326497436 3497.9556593562593 3401.3675538061652 12389.020648580045 544.85139201488346 704.10943769617006 240.13689722679555 664.38740839948878 7359.4629078879952 21011.142004093388 846.72762490063906 2169.8132615461946 171.83001683652401 1236.1376147530973 4982.6964953318238
leaf_count=5314 58154 174322 79858 26080 10171 3301 9346 36073 279704 4028 9652 791 17469 23819
internal_value=2.37589e-05 -0.00108645 0.00121846 -0.0035763 -0.000721383 0.00119698 0.000506724 0.00185673 -0.000946031 0.00163413 0.0022567 0.000635071 -0.000814168 0.000901109
internal_weight=60382 31300.1 29081.9 3946.22 27353.9 2844.77 2604.63 16692.9 24509.1 15530.5 9529.28 6001.25 1940.25 5829.42
internal_count=738082 578547 159535 200402 378145 40287 36986 79677 337858 74363 45725 28638 27640 27847
is_linear=0
shrinkage=0.03


Tree=37
num_leaves=15
num_cat=0
split_feature=35 35 13 5 19 32 16 4 3 4 11 2 8 4
split_gain=67.2673 30.303 17.0808 13.6079 15.8742 13.4231 12.5134 12.1123 13.1684 12.0849 11.1951 10.2425 9.96796 9.64306
threshold=2.5000000000000004 8.5000000000000018 55.650000000000013 7.5000000000000009 7.9597619047619057 0.053203549324238993 71.250000000000014 2.087121212121215 60.750000000000007 -3.3480769230769236 3.5000000000000004 4.5000000000000009 1.5000000000000002 -0.10912698412698417
decision_type=2 2 10 2 8 2 10 2 2 2 2 10 2 2
left_child=3 2 5 4 6 -2 -1 10 -9 -8 13 -10 -4 -6
right_child=1 -3 12 -5 7 -7 9 8 11 -11 -12 -13 -14 -15
leaf_value=-0.0028543275361375777 -0.0065878785931145229 -0.0042272386221553432 -0.0042758867583464295 0.0023907697949004788 -0.00064226480456681695 -0.0016232369940619616 0.0064202011127950497 -0.0019044481553128307 0.0065106539947583295 0.00033854476796642394 0.0040112171546232952 -0.0024181534140789878 -0.0001859084138021581 0.0026969753521084664
leaf_weight=1049.567813642323 504.26577353617176 2234.4526782077737 499.33340008254163 5866.149340569973 1296.0571408122778 4984.7589602603111 250.44965349882841 1240.9195445887744 314.62641322612762 14454.796211253852 2595.4832956418395 137.79916819185019 22979.952834690717 1839.7742407768965
leaf_count=6190 12261 138805 7443 33832 6578 84545 1465 6096 1568 80795 12761 699 334499 9218
internal_value=6.69814e-05 -0.000899483 -0.000635957 0.00110498 0.000775138 -0.00213468 0.000234166 0.00191381 -0.000308981 0.000463528 0.00256754 0.00382112 -0.000281791 0.00132843
internal_weight=60248.4 31202.8 28968.3 29045.6 23179.5 5489.02 15754.8 7424.66 1693.35 14705.2 5731.31 452.426 23479.3 3135.83
internal_count=736755 577553 438748 159202 125370 96806 88450 36920 8363 82260 28557 2267 341942 15796
is_linear=0
shrinkage=0.03


Tree=38
num_leaves=15
num_cat=0
split_feature=35 35 19 13 32 29 8 13 3 9 19 1 0 0
split_gain=74.7526 32.5691 15.1385 13.2554 13.7353 13.2211 13.1171 11.5725 11.1807 10.6577 10.0167 9.48527 9.13678 8.28834
threshold=1.5000000000000002 6.5000000000000009 -0.33623737373737578 55.650000000000013 0.072734736527840002 0.0589772016601285 1.5000000000000002 46.150000000000013 57.750000000000007 84.500000000000014 1.6095238095238147 1612.5000000000002 8.5000000000000018 7.5000000000000009
decision_type=2 2 10 10 2 10 2 8 2 2 8 2 2 2
left_child=13 3 5 4 12 -3 9 -6 -4 -5 -9 -7 -2 -1
right_child=1 2 8 6 7 11 -8 10 -10 -11 -12 -13 -14 -15
leaf_value=0.00024577347461859342 -0.0072472410346627993 -0.0083162028290457261 0.00083866175898636279 -0.0091080134304708966 0.0039754979242359583 -0.0038239548522103197 -9.9686797622207358e-05 -0.0036061262990639185 -0.0031790739735796814 -0.0013848127989731726 -0.00059732115530910894 0.00038062813687661891 -0.0019477359391518968 0.0018877298346178374
leaf_weight=3518.9673776328564 539.77271612314507 497.56217632838525 1422.5115866833366 206.33259868621826 343.53387219575234 2971.5816038833 29590.792878077365 1296.1111699086614 1038.201250217011 493.09906280157156 3932.9577503385954 564.55071672960185 684.57814815966412 13183.944555953145
leaf_count=15628 7710 30662 43657 1997 4186 140178 303386 16664 29749 5209 39538 25466 9135 64005
internal_value=-0.000160021 -0.000813953 -0.00276551 -0.000468948 -0.00166115 -0.00388719 -0.000199127 -0.00100823 -0.000886017 -0.00411882 -0.00137019 -0.00315674 -0.00447678 0.00154357
internal_weight=60284.5 43581.6 6494.41 37087.2 6796.95 4033.69 30290.2 5572.6 2460.71 699.432 5229.07 3536.13 1224.35 16702.9
internal_count=737170 657537 269712 387825 77233 196306 310592 60388 73406 7206 56202 165644 16845 79633
is_linear=0
shrinkage=0.03


Tree=39
num_leaves=15
num_cat=0
split_feature=35 35 31 19 17 16 17 4 13 11 2 31 30 31
split_gain=61.73 17.828 16.1917 15.3426 15.337 13.8082 13.6486 12.6279 12.2695 12.0566 10.7346 11.6063 9.29014 9.16672
threshold=2.5000000000000004 8.5000000000000018 -0.0097772182428654351 7.9597619047619057 64.4716517857143 74.850000000000009 85.902173913043498 2.120192307692307 81.750000000000014 21.500000000000004 5.5000000000000009 -0.0012906092105004804 3426.5000000000005 0.0049271358358360419
decision_type=2 2 8 10 8 10 10 2 8 2 8 10 10 10
left_child=2 5 4 -4 -1 -2 -6 10 -9 -3 12 -12 -5 -11
right_child=1 9 3 7 6 -7 -8 8 -10 13 11 -13 -14 -15
leaf_value=-0.0063534007629947971 -0.0018546310410566609 -0.0047461674798924876 0.00077662594627440082 0.0037279569051873874 0.00043566545423121212 -0.00037512753155594699 -0.0059395691263160145 0.0024066311478624846 -0.0026217822705089612 -0.0020808343352454878 -0.002843891459457406 0.0026938434116272844 0.010355588878245166 0.0057100403928910352
leaf_weight=368.20510337874293 7717.4431218378595 1689.267479373375 19105.168712612242 2987.0108763612807 2848.2925466932356 21237.992030922789 287.49773572012782 949.64911689981818 725.82647240906954 387.35093500954099 422.46603205054998 1200.9571624994278 176.31462835520506 147.42955020931549
leaf_count=2188 139426 108248 107836 14622 15927 299560 1591 4713 3560 22737 2121 5860 825 8002
internal_value=-4.78951e-05 -0.000974369 0.000945728 0.00120777 -0.000956369 -0.000771974 -0.000232879 0.00246666 0.000215441 -0.00353448 0.00324427 0.00121084 0.00425275 0.000371551
internal_weight=60250.9 31179.5 29071.4 25567.4 3504 28955.4 3135.79 6462.22 1675.48 2224.05 4786.75 1623.42 3163.33 534.78
internal_count=737216 577973 159243 139537 19706 438986 17518 31701 8273 138987 23428 7981 15447 30739
is_linear=0
shrinkage=0.03


Tree=40
num_leaves=15
num_cat=0
split_feature=17 19 12 16 14 19 32 17 8 8 29 28 31 29
split_gain=35.47 20.2395 19.1131 12.0024 18.1252 15.6171 10.7186 10.4954 11.1468 11.8712 12.024 11.7082 10.3116 12.495
threshold=54.603571428571435 7.808712121212122 63.550000000000004 83.65000000000002 75.550000000000011 -2.5441919191919165 0.10697877348918383 75.600925925925949 1.0000000180025095e-35 1.5000000000000002 0.092119623021576155 1.2500000000000002 -0.0015078767227414177 0.084849449298844609
decision_type=8 10 10 10 8 10 2 10 2 2 10 10 10 8
left_child=-1 3 -3 -2 5 -5 -7 -6 -9 -10 -11 -12 13 -4
right_child=1 2 12 4 7 6 -8 8 9 10 11 -13 -14 -15
leaf_value=-0.0052965712378179831 -0.00041444812421741482 0.0072714996791362445 0.0016293300215965956 -0.00068835098660904957 0.0024557824423478928 0.0014448528028777436 0.0046452556973592867 0.0083848744723245116 -0.005773192224096454 -0.0017750740807248159 0.00094979387591180781 -0.0011515930966294371 0.0019279325496689541 -0.0019879449569917607
leaf_weight=1012.2923152083531 28347.390114272537 440.36595999635756 1693.7190419090912 1360.8030431263614 1407.1214787573554 1999.7721427872311 1849.3620685827918 84.51851011114195 297.17209128220566 3162.6010605078191 7742.4094959415961 3391.7836286223028 5852.0555995649192 1645.1090894010849
leaf_count=32314 401471 3259 11768 28923 17742 22976 15905 750 3028 42926 80184 32795 33792 9781
internal_value=0.000137074 0.000234257 0.00148904 -1.04378e-05 0.000527068 0.00205583 0.00302237 2.70859e-05 -0.000213282 -0.000291536 -0.000157872 0.000307367 0.00117414 -0.00015601
internal_weight=60286.5 59274.2 9631.25 49642.9 21295.5 5209.94 3849.13 16085.6 14678.5 14594 14296.8 11134.2 9190.88 3338.83
internal_count=737614 705300 58600 646700 245229 67804 38881 177425 159683 158933 155905 112979 55341 21549
is_linear=0
shrinkage=0.03


Tree=41
num_leaves=15
num_cat=0
split_feature=35 35 18 32 11 15 23 34 4 25 10 16 34 16
split_gain=53.9854 23.9852 23.2461 19.8088 10.8135 11.5745 11.1526 10.0614 9.52734 11.7545 9.96577 8.82218 8.86351 10.6034
threshold=4.5000000000000009 1.5000000000000002 -14.799999999999992 0.054555455545554569 26.500000000000004 76.683333333333351 -0.99499999999999988 -0.012190144274642963 1.0147058823529422 0.16460620865063932 266.50000000000006 89.050000000000011 0.00625205856923084 90.050000000000011
decision_type=2 2 10 2 2 10 8 2 2 10 2 10 2 10
left_child=1 4 3 -2 6 -6 7 -1 -8 -10 -11 -4 13 -13
right_child=2 -3 11 -5 5 -7 8 -9 9 10 -12 12 -14 -15
leaf_value=0.0095630824224068808 -0.0089398605544997282 6.0133489757248301e-05 -0.0012627234016389097 -0.0026005198390541481 0.0069892575268705077 0.00050951775328587131 0.0016407260601269519 0.0025577128991635398 -0.0011012224825753634 0.00026229164185482829 0.0043769775938849471 0.0042601895644228194 0.0030720442536886074 -0.0018498036050558183
leaf_weight=169.70346024632454 507.87219011853449 28235.755407686345 9848.4219047407096 2602.9390061805025 587.99015229940414 419.72422415018082 8078.7268544882536 1765.7442674562335 3328.0689880251884 1584.7319399192929 751.09436998516321 270.39786122064106 875.87931064725854 1227.8270116902422
leaf_count=789 31551 235776 232507 102691 3035 2065 38539 8140 16060 7343 3509 6094 20179 29107
internal_value=6.89325e-05 0.000593635 -0.0014652 -0.00376053 0.00149355 0.00444204 0.00129052 0.00339732 0.000982566 3.76526e-05 0.00164939 -0.000868069 0.000761341 -0.000645109
internal_weight=60254.9 44921.5 15333.3 3110.81 16685.8 1007.71 15678.1 1935.45 13742.6 5663.9 2335.83 12222.5 2374.1 1498.22
internal_count=737385 315256 422129 134242 79480 5100 74380 8929 65451 26912 10852 287887 55380 35201
is_linear=0
shrinkage=0.03


Tree=42
num_leaves=15
num_cat=0
split_feature=35 35 29 19 13 17 14 5 9 1 35 10 14 26
split_gain=47.4704 25.8273 14.9405 13.0485 14.2999 11.1663 11.7723 14.7668 10.7655 11.9747 10.2987 17.3356 10.4989 9.8448
threshold=6.5000000000000009 1.5000000000000002 0.089644415853773529 0.9142857142857147 76.550000000000011 54.603571428571435 76.350000000000009 8.5000000000000018 77.500000000000014 1708.5000000000002 2.5000000000000004 310.50000000000006 70.950000000000017 0.80462631766852832
decision_type=2 2 8 10 10 8 8 2 2 2 2 2 10 10
left_child=1 -1 3 8 -5 -3 10 -8 9 -2 11 -7 -13 -12
right_child=2 5 -4 4 -6 6 7 -9 -10 -11 13 12 -14 -15
leaf_value=0.0011136931928917083 -0.0043189262101696966 -0.0041194938014965038 -0.0011561602438859881 0.002130814505488032 -0.0054438500157148947 0.002394590512773936 -0.0010568091368804086 0.0011058915846924612 -0.0073355641787889864 0.0033289563317633704 -0.0003719699075205221 -0.0047173613864022702 0.0016294137431147808 0.0031145078310524927
leaf_weight=16725.171001844108 981.71093083848245 628.24849465745501 3345.6958555262536 535.05091670362162 315.2621787043754 3899.5100448988378 17303.926564889261 3355.2973664314486 1098.9992050556466 185.49320854735561 10209.288262540009 522.10510320588946 363.70787142589688 734.73627671878785
leaf_count=79646 45032 9814 125497 16729 9362 25319 172288 35673 64783 8616 129688 3408 2349 8659
internal_value=-0.000155892 0.000137104 -0.00257489 -0.00405565 -0.000823933 -0.000305051 -0.000233633 -0.000703739 -0.00522428 -0.0030167 0.000384088 0.00153717 -0.0021636 -0.000124802
internal_weight=60204.2 53742 6462.21 3116.52 850.313 37016.8 36388.6 20659.2 2266.2 1167.2 15729.3 4785.32 885.813 10944
internal_count=736863 466844 270019 144522 26091 387198 377384 207961 118431 53648 169423 31076 5757 138347
is_linear=0
shrinkage=0.03


Tree=43
num_leaves=15
num_cat=0
split_feature=35 35 9 29 16 4 19 24 32 25 1 34 33 30
split_gain=53.3689 22.3398 15.5654 13.9477 12.8803 11.9489 15.981 12.6319 12.4685 10.5487 12.1485 12.6566 10.2155 9.64998
threshold=2.5000000000000004 8.5000000000000018 34.500000000000007 0.093945330738808605 64.65000000000002 3.5124999999999997 9.8730303030302995 0.078238884445134521 0.11621706239740055 0.12034484416592382 1005.5000000000001 0.003652120583405197 472.50000000000006 3491.5000000000005
decision_type=2 2 2 10 8 2 8 10 2 8 2 2 2 10
left_child=4 -2 12 -4 -1 8 7 -7 9 10 11 -6 -3 -11
right_child=1 2 3 -5 5 6 -8 -9 -10 13 -12 -13 -14 -15
leaf_value=-0.0043938529520297313 -0.00068739931748849111 0.0026445471824345554 -0.0077268969430133415 -0.0020021145788901343 0.006569380033630179 -0.0081976216098518361 0.0028431235199519399 -0.0012888386294591218 0.00054823211306310267 0.0030649153535315166 0.00042714883363236585 -0.0018299636154615777 -0.0052963869487572873 -0.0030471930389632451
leaf_weight=363.88256201520562 28956.160425933951 444.39370559202507 884.68796447408386 727.19579096068628 554.7444403655827 309.37706286460161 471.00306361913681 778.64827007055283 15930.11409920454 5189.0907741226256 5164.6974849663675 195.0990406498313 156.93710356391966 204.74291198700666
leaf_count=2197 439725 23999 65753 42093 3164 1777 2292 4177 85084 28612 30082 1122 7423 1105
internal_value=-5.0733e-05 -0.000913076 -0.00378525 -0.00528212 0.000870974 0.000945 -0.00157409 -0.00352719 0.0010918 0.00185175 0.00096432 0.0044062 0.00032461 0.00280705
internal_weight=60330.8 31169.4 2213.21 1611.88 29161.4 28797.5 1559.03 1088.03 27238.5 11308.4 5914.54 749.843 601.331 5393.83
internal_count=738605 578993 139268 107846 159612 157415 8246 5954 149169 64085 34368 4286 31422 29717
is_linear=0
shrinkage=0.03


Tree=44
num_leaves=15
num_cat=0
split_feature=18 29 18 15 24 17 16 18 24 23 31 16 0 4
split_gain=30.0368 13.1513 10.3654 17.2467 10.0326 10.1877 9.3618 10.5394 8.67342 9.02126 8.16325 7.90594 7.65379 7.38986
threshold=-10.700000000000012 0.045549773314483503 -1.099999999999987 60.641666666666673 0.015932285108654975 67.551000000000016 59.650000000000013 -10.466666666666663 0.045429798506193102 10.305000000000001 0.035837301955361105 88.450000000000017 12.500000000000002 -2.4843749999999996
decision_type=8 10 10 10 10 10 8 8 10 10 10 10 2 2
left_child=4 11 6 -4 5 -1 -3 -8 9 -6 12 -2 -5 -9
right_child=1 2 3 10 8 -7 7 13 -10 -11 -12 -13 -14 -15
leaf_value=-0.0062888703799079135 -0.0040954900840141015 -0.0077224851268854235 0.010680452453127206 0.00039003007449436763 0.0012836856404921917 3.7764681599945992e-05 0.0045211651082942778 0.0016142906287371654 -0.0021177864408467623 -0.0032489929538344316 0.0050221487090265091 0.0040598610516399047 0.0025665509586410146 -0.00022834915625905407
leaf_weight=756.75965748284943 886.2278946696315 94.115094996523112 108.50754998251796 14092.192964116577 1603.9522812939249 319.07762495847419 396.19711026991718 2032.9572266200557 4673.7921382763889 469.42332966742106 339.25562534667552 80.519838898442686 1575.7096959548071 32881.046322428534
leaf_count=39310 14009 1263 752 88860 46271 12148 7083 27503 90964 15947 2022 1089 12263 378643
internal_value=-0.000130041 0.000129031 0.000195527 0.000824969 -0.00185801 -0.00449414 -9.17483e-05 -6.05185e-05 -0.00140771 0.000205122 0.000725113 -0.00324999 0.000616389 -0.000118902
internal_weight=60309.7 52486.7 51520 16115.7 7823.01 1075.84 35404.3 35310.2 6747.17 2073.38 16007.2 966.748 15667.9 34914
internal_count=738127 533487 518389 103897 204640 51458 414492 413229 153182 62218 103145 15098 101123 406146
is_linear=0
shrinkage=0.03


Tree=45
num_leaves=15
num_cat=0
split_feature=18 19 23 28 25 26 23 34 13 34 27 27 13 30
split_gain=31.2469 15.3392 12.3656 12.5925 11.4466 10.6842 9.96865 9.75556 8.20581 7.74529 13.7517 8.22615 7.38787 7.63006
threshold=-16.966666666666654 5.9233333333333364 -0.99499999999999988 0.75000000000000011 0.095603301998909415 0.63875568709789921 -2.5049999999999994 0.01502572633373127 59.250000000000007 0.025458063986239319 90.500000000000014 -114.49999999999999 63.750000000000007 1959.5000000000002
decision_type=8 8 10 10 10 10 10 2 10 2 8 10 8 10
left_child=4 2 6 -4 8 -5 7 -2 -1 12 11 -11 13 -3
right_child=1 9 3 5 -6 -7 -8 -9 -10 10 -12 -13 -14 -15
leaf_value=-0.0069187112448546298 -0.0029768567306939359 0.0044951541647111201 -6.7937348380952894e-05 -0.00098237174159658677 -0.00077618873457455247 -0.0041118065349502525 0.0025986193796318181 0.0039137661093212733 -0.0018053896002685746 0.00071594612176667234 -4.4228482972779172e-05 0.0073467181560435066 0.00039207910129823064 -0.0038083604645755709
leaf_weight=872.3679289764259 642.38160998327658 637.20029957871884 22514.712031704141 11086.80627060504 845.89289926900528 1036.6133570780512 2116.9308017671574 204.91563771758229 472.10336505691521 253.50219455780461 848.69986553210765 531.32789271650836 18124.017740321113 77.421407942660153
leaf_count=41163 4994 4733 316356 138594 19084 10767 19395 1548 20585 1815 7317 3260 147396 545
internal_value=-0.000103052 3.10373e-05 -0.000328633 -0.000488392 -0.00357959 -0.00126574 0.00151534 -0.00118516 -0.00525231 0.000690855 0.0026423 0.00537612 0.000515096 0.00340535
internal_weight=60264.9 58074.5 37602.4 34638.1 2190.36 12123.4 2964.23 847.297 1344.47 20472.2 1633.53 784.83 18838.6 714.622
internal_count=737552 656720 491654 465717 80832 149361 25937 6542 61748 165066 12392 5075 152674 5278
is_linear=0
shrinkage=0.03


Tree=46
num_leaves=15
num_cat=0
split_feature=18 7 32 23 5 19 23 14 31 16 31 6 11 3
split_gain=24.4064 17.4919 14.807 15.9388 11.8713 15.0239 11.6593 14.8119 11.6408 11.333 10.4836 9.79662 9.74907 9.56712
threshold=-4.4666666666666641 6.5000000000000009 0.053203549324238993 8.4050000000000029 7.5000000000000009 9.1771780303030308 1.1950000000000001 50.150000000000013 -0.0023709012922310574 70.15000000000002 0.035837301955361105 0.92582417582417598 24.500000000000004 57.750000000000007
decision_type=10 10 2 8 2 10 8 8 8 10 10 2 2 2
left_child=1 2 3 -1 5 -2 9 -8 12 -4 -7 -10 -9 -6
right_child=4 -3 6 -5 13 10 7 8 11 -11 -12 -13 -14 -15
leaf_value=-0.0011070351326809885 -0.00014263407291711342 -0.0027837330514603469 -0.0072092283134048401 -0.0070138683003900231 0.0005129666368073536 0.0014662317264427136 0.0044191440020237205 -0.0013458544005295837 0.00024159380094029858 -0.001089113029326533 0.0091748639252279499 0.002977751101837059 0.0028411818161607591 0.0027252754121176396
leaf_weight=1431.8209227860207 18538.57805407024 3017.65981176286 240.59332517394796 541.17090686573647 3480.9030525127891 4532.2938981452025 654.10356462420896 6188.5944446683861 11065.909235725179 5081.3336301811505 117.23788848007098 1269.6413868742529 497.59181939787231 3566.8659926550463
leaf_count=33915 144462 66726 3390 20792 31922 24957 13160 111742 166396 58160 625 20019 9645 31535
internal_value=-3.07562e-05 -0.000636642 -0.000391705 -0.00286053 0.00057023 0.000241058 -0.000191528 0.000146316 -1.1815e-05 -0.00143032 0.00175615 0.000534098 -0.00101548 0.00164392
internal_weight=60224.3 29988.4 26970.8 1972.99 30235.9 23188.1 24997.8 19675.8 19021.7 5321.93 4649.53 12335.6 6686.19 7047.77
internal_count=737446 503945 437219 54707 233501 170044 382512 320962 307802 61550 25582 186415 121387 63457
is_linear=0
shrinkage=0.03


Tree=47
num_leaves=15
num_cat=0
split_feature=35 35 12 30 29 20 20 30 4 20 34 30 16 29
split_gain=50.7132 22.1151 12.426 13.7062 11.7743 10.4684 10.0151 10.7472 11.7696 10.7848 9.77346 12.0456 9.73807 9.12333
threshold=2.5000000000000004 7.5000000000000009 51.45000000000001 2347.5000000000005 0.13907794077894794 41.500000000000007 140.50000000000003 447.50000000000006 2.0527777777777776 285.50000000000006 0.0065771863737205489 320.50000000000006 87.850000000000009 0.089280357460090456
decision_type=2 2 8 10 10 10 10 10 2 10 2 10 8 10
left_child=5 2 4 10 -2 -1 -7 9 -9 -8 -4 -12 -13 -3
right_child=1 13 3 -5 -6 6 7 8 -10 -11 11 12 -14 -15
leaf_value=0.0011948147321638213 -0.0052563925827660589 -0.0043747094373975982 -0.00055090493187739118 -0.0020706003737685549 0.0035737684120968026 -0.001422661975304476 0.00010871831528623848 0.0037164776822078255 -0.002408748738483726 -0.0081429508602263515 0.0026320052173353084 -0.00088754630286364499 0.0018174032169675741 -0.0014237513100389041
leaf_weight=23723.568276800215 770.72651872667484 1919.4423892194172 15079.333109079278 3697.5518669432495 126.29677494196221 2974.4605441018939 665.57969164475799 1333.1216888800263 317.63177992776036 130.96296397224069 2162.2703795910347 3604.1432443023659 1731.967416677624 1946.5358294381294
leaf_count=129824 15133 110155 211091 49819 1911 16357 3656 7194 1706 738 28916 48317 22542 89999
internal_value=2.5608e-05 -0.000817633 -0.000512833 -0.000390365 -0.0038901 0.000923479 -0.000263855 0.00114485 0.00250172 -0.0016488 -0.000111226 0.000770766 -8.66676e-07 -0.00292604
internal_weight=60183.6 31038.3 27172.3 26275.3 897.023 29145.3 5421.76 2447.3 1650.75 796.543 22577.7 7498.38 5336.11 3865.98
internal_count=737358 577883 377729 360685 17044 159475 29651 13294 8900 4394 310866 99775 70859 200154
is_linear=0
shrinkage=0.03


Tree=48
num_leaves=15
num_cat=0
split_feature=35 19 32 8 35 4 4 13 29 30 32 17 12 0
split_gain=35.8274 15.7807 18.6603 17.9811 12.1828 9.45529 8.79997 11.1274 9.08531 9.68108 8.2749 8.23719 8.84474 8.98162
threshold=4.5000000000000009 -7.3807539682539689 0.066639455782312937 1.5000000000000002 1.5000000000000002 0.87867647058823561 -1.8333333333333319 84.950000000000017 0.091411693675778255 526.50000000000011 0.13275052001262536 76.400961538461559 74.050000000000011 12.500000000000002
decision_type=2 10 2 2 2 2 2 10 8 10 2 10 8 2
left_child=4 2 -2 -3 5 10 7 -5 -8 -10 11 12 -1 -14
right_child=1 3 -4 6 -6 -7 8 -9 9 -11 -12 -13 13 -15
leaf_value=0.0031867613564401575 -0.0079511962878825657 -0.007586958604888029 -0.001855156003506477 0.00045733337748947103 6.499672881515303e-05 0.00030730190101649216 -0.00194900248339989 0.0080328776584049841 0.0017167653227841055 -0.00094518120206410299 0.00079775113918633626 0.004200611468697304 -0.00098154493259578791 0.0059736828124534718
leaf_weight=1447.0452484413981 572.90090032445733 293.3658531839028 1824.9530070449691 1843.4385204331484 28150.197454953101 7680.5599672943354 4661.0356537286716 143.6805323169101 1676.9110345242079 4222.6690889410675 4440.7913920655847 1783.1480916365981 1281.9620402678847 141.0862718001008
leaf_count=7179 37127 7892 69383 50367 235036 36396 122611 3317 36427 95002 20773 8550 6108 740
internal_value=2.03639e-05 -0.00123423 -0.0034443 -0.000809778 0.000446834 0.00108551 -0.000621844 0.00118881 -0.000966538 -0.000180474 0.00173749 0.00261632 0.00157695 -0.000112618
internal_weight=60163.7 15239 2397.85 12841.1 44924.8 16774.6 12547.7 1987.12 10560.6 5899.58 9094.03 4653.24 2870.09 1423.05
internal_count=736908 422126 106510 315616 314782 79746 307724 53684 254040 131429 43350 22577 14027 6848
is_linear=0
shrinkage=0.03


Tree=49
num_leaves=15
num_cat=0
split_feature=18 29 12 8 1 20 30 20 23 16 13 29 10 8
split_gain=27.2743 20.1048 17.6457 12.4297 11.3323 14.831 13.8713 11.0756 9.55091 14.4053 11.3523 9.25273 10.0976 10.4277
threshold=-2.2333333333333125 0.089644415853773529 57.250000000000007 1.5000000000000002 1204.5000000000002 8.5000000000000018 1272.5000000000002 315.50000000000006 3.7050000000000005 84.450000000000017 93.350000000000009 0.10184105571184852 101.50000000000001 2.5000000000000004
decision_type=10 10 8 2 2 10 8 10 8 10 10 10 2 2
left_child=1 2 -1 -2 5 6 -5 8 9 -3 -10 -11 -13 -14
right_child=3 7 -4 4 -6 -7 -8 -9 10 11 -12 12 13 -15
leaf_value=-0.0046006353523825681 -0.0026779916390176112 -0.0013162721530253088 -0.0010099113666719364 0.0099964615140276502 0.00044381062199549791 0.0015813513530481499 -0.0021162331531766501 -0.0063722667613067769 0.00081748849976776092 0.0032218199579722162 -0.0065613632619485702 0.0025008671719865109 -0.0016757566711909119 0.0016408744838748636
leaf_weight=1332.3408502297243 791.4076511268504 7513.2881127984729 11914.108753497247 302.20599338971078 11691.458852468058 7983.7630687064957 91.981855527497828 189.73378515639342 12214.87387930206 991.02984675765038 141.03818857856095 1163.853499902878 2647.4173331148922 1201.7042242283933
leaf_count=43267 5000 82332 214451 1864 81360 54455 567 3499 183068 12701 2217 11925 27655 13043
internal_value=2.74528e-05 -0.000437736 -0.00138701 0.00090299 0.0010505 0.00188949 0.00724997 4.64636e-05 0.000105733 -0.000444597 0.000707157 0.000648062 0.000112456 -0.000632534
internal_weight=60170.2 39309.4 13246.4 20860.8 20069.4 8377.95 394.188 26062.9 25873.2 13517.3 12355.9 6004 5012.98 3849.12
internal_count=737404 594158 257718 143246 138246 56886 2431 336440 332941 147656 185285 65324 52623 40698
is_linear=0
shrinkage=0.03


Tree=50
num_leaves=15
num_cat=0
split_feature=35 35 5 7 23 14 16 1 19 34 14 33 14 33
split_gain=45.8277 19.4089 16.1327 14.2138 11.9445 11.9208 11.7316 14.5607 11.5708 11.0547 13.3559 9.70064 9.25986 9.19185
threshold=1.5000000000000002 8.5000000000000018 10.500000000000002 8.5000000000000018 -1.2949999999999997 80.450000000000017 78.950000000000017 1526.5000000000002 12.083333333333334 -0.0031267010411318214 75.350000000000009 3555.5000000000005 84.250000000000014 18.500000000000004
decision_type=2 2 2 10 8 10 10 2 8 2 8 2 8 2
left_child=4 2 3 -2 11 9 13 -8 -6 10 -4 -1 -10 -3
right_child=1 6 5 -5 8 -7 7 -9 12 -11 -12 -13 -14 -15
leaf_value=0.0041943633309678412 -0.00044750927290919461 0.0014045376990936939 0.0071548419030732667 -0.0050370323795536154 0.00064037778107438488 0.0052843206431347038 -0.0034658383564557253 0.0031636948412766702 0.0053704304478135474 -0.0012767486292972884 -0.0010046707154548814 -0.0039860809359124746 0.0015708992198481203 -0.0067686985564180463
leaf_weight=1666.8620622381568 38305.600680974982 126.30281904840376 350.77174049662426 567.75612230994739 12257.047797098756 657.49621355626732 819.29134827363305 407.6499546666164 821.13563670217991 1046.9828592175618 308.76749574951828 102.44714841246605 1916.4487306028605 825.06323188461829
leaf_count=7663 477958 10633 5238 8932 59303 8342 42960 21445 3609 14227 4228 467 8652 63522
internal_value=-7.1283e-06 -0.000521594 -0.000373748 -0.000520925 0.00132284 0.00200706 -0.00324927 -0.00122555 0.00104015 0.000629906 0.0035333 0.00362416 0.00278645 -0.00566767
internal_weight=60179.6 43415.7 41237.4 38873.4 16763.9 2364.02 2178.31 1226.94 14994.6 1706.52 659.539 1769.31 2737.58 951.366
internal_count=737179 657485 518925 486890 79694 32035 138560 64405 71564 23693 9466 8130 12261 74155
is_linear=0
shrinkage=0.03


Tree=51
num_leaves=15
num_cat=0
split_feature=35 35 31 13 0 31 11 21 28 9 11 17 31 19
split_gain=36.8847 17.623 14.0183 13.3929 12.3589 11.4172 10.636 9.89281 9.73649 9.70657 8.2461 8.23543 7.43025 11.4135
threshold=1.5000000000000002 5.5000000000000009 -0.010192303674498067 86.050000000000011 8.5000000000000018 0.00021852591707675437 31.500000000000004 0.14839839839839844 -1.2499999999999998 35.500000000000007 61.500000000000007 63.814285714285724 0.0041789201535039388 -8.6075498575498646
decision_type=2 2 10 10 2 8 2 8 10 2 2 8 8 8
left_child=2 6 4 5 -1 9 12 -7 -5 11 -8 -3 -2 -14
right_child=1 3 -4 8 -6 7 10 -9 -10 -11 -12 -13 13 -15
leaf_value=-0.0042314603423972931 -0.00065559180885475929 -0.0056961252488291775 0.0014954103871835536 0.0064020662158732053 0.00075441044588874396 0.00027726765190324161 0.002454372185301468 -0.0026779381125875603 -0.0002413807201069184 -0.0037249898634273949 -0.004155070674415803 0.00025831245997093061 0.0061834635421631019 0.00014797793490194496
leaf_weight=707.49488198757172 18083.953074742574 201.41977704036981 15029.185988329351 250.21766929095611 1063.1162533462048 2890.464946748747 1951.1949449521489 1518.224538722774 576.12993679824285 3443.3682633949211 140.60032889805734 1218.0722956603859 238.38309171749279 12898.860909932759
leaf_count=3253 173644 7655 71219 7133 5328 99053 18807 45534 15937 133805 1386 35917 2959 116080
internal_value=6.36987e-06 -0.000455586 0.00119788 -0.00155015 -0.00129932 -0.00187755 -0.000121973 -0.000759037 0.00202075 -0.00287354 0.00192349 -0.000751661 -0.000261874 0.000280525
internal_weight=60210.7 43410.9 16799.8 10097.9 1770.61 9271.55 33313 4408.69 826.348 4862.86 2091.8 1419.49 31221.2 13137.2
internal_count=737710 657910 79800 345034 8581 321964 312876 144587 23070 177377 20193 43572 292683 119039
is_linear=0
shrinkage=0.03


Tree=52
num_leaves=15
num_cat=0
split_feature=35 35 18 6 4 25 1 20 17 19 31 18 14 23
split_gain=50.1975 16.426 12.7645 10.8893 10.5185 11.3825 8.76809 8.40542 7.86859 10.5623 10.1572 9.50304 11.3925 9.34405
threshold=1.5000000000000002 7.5000000000000009 -14.649999999999993 0.91987179487179505 1.1666666666666681 0.11639222360464455 2040.5000000000002 242.50000000000003 55.650925925925939 -9.3632996632996655 0.0010641548469655889 -11.133333333333335 76.350000000000009 3.1750000000000003
decision_type=2 2 10 2 2 10 2 10 8 8 10 8 8 10
left_child=4 3 -3 8 6 -6 -1 -4 -2 10 -10 13 -13 -11
right_child=1 2 7 -5 5 -7 -8 -9 9 11 -12 12 -14 -15
leaf_value=0.0017983666605526723 -0.0034103791873711462 -0.0051629221447096543 -0.00088670919829333147 0.0010474322812147445 -0.001337128253816643 0.0013306150657740681 0.0057557797948260391 -0.0082930667370665449 -0.0006174277337498953 -0.0039472172603419063 0.0073409997197429857 0.00038736471031611546 -0.00080214571158902098 -0.00078130141261915551
leaf_weight=9718.8973310962319 772.83987668948248 1026.8291011303663 2706.4901903525461 4522.8840075298212 2082.7193708047271 4392.5517806261778 495.67732239514589 96.807814760366455 259.88206923753023 1290.6899796018843 255.69394392962568 11972.626489914954 18215.188915576553 2330.878540734062
leaf_count=46255 14415 81959 112963 52599 10109 20560 2386 4959 5482 18750 4674 128306 193495 40870
internal_value=2.38769e-05 -0.000513354 -0.00237654 -0.000330471 0.00141987 0.000468886 0.00201751 -0.00128332 -0.000509272 -0.000439087 0.00362952 -0.0005064 -0.00033052 -0.00194799
internal_weight=60140.7 43450.8 3830.13 39620.7 16689.8 6475.27 10214.6 2803.3 35097.8 34325 515.576 33809.4 30187.8 3621.57
internal_count=737782 658472 199881 458591 79310 30669 48641 117922 405992 391577 10156 381421 321801 59620
is_linear=0
shrinkage=0.03


Tree=53
num_leaves=15
num_cat=0
split_feature=35 32 19 16 35 26 0 30 32 4 30 35 13 19
split_gain=39.8291 19.1791 18.5196 16.8419 14.5707 14.4915 11.2668 13.2724 13.2165 11.3489 10.2716 9.69393 9.21408 19.1039
threshold=3.5000000000000004 0.053734358510477927 -2.3249999999999988 64.65000000000002 8.5000000000000018 -0.043161219915385823 12.500000000000002 295.50000000000006 0.099005249993128278 4.5178571428571432 809.50000000000011 1.5000000000000002 60.45000000000001 -5.4555555555555442
decision_type=2 2 10 8 2 10 2 10 2 2 10 2 8 10
left_child=3 2 -2 10 12 -4 8 -8 9 -5 -1 -10 13 -3
right_child=1 4 5 6 -6 -7 7 -9 11 -11 -12 -13 -14 -15
leaf_value=-0.006941366954156869 -0.0068719634809468067 -0.0024239010887657391 -0.0041286401588666683 0.0015366434938046843 -0.0032198401412320706 0.0017633319980023701 -0.0015348154989590552 0.0030379492079018761 0.00075625335021627983 -0.0056118946078468806 0.0010657997878428503 -0.00046102547567596042 -0.00064289845421301619 0.0040790969378582797
leaf_weight=373.84831196442246 876.35331678879447 606.79012605384924 740.17625681334175 10173.891816435382 1804.9975552784745 675.55164488009177 664.0423283316195 3125.8820698410273 11154.305115513504 155.85508855432272 200.48713886924088 12360.884243475273 16161.083603546256 1039.8823274485767
leaf_count=2716 43358 16539 14367 66477 108579 16620 4618 21381 51840 937 1498 88283 281136 18926
internal_value=2.15072e-05 -0.000997045 -0.00356471 0.00060597 -0.000688669 -0.00135289 0.000686192 0.00222719 0.000510601 0.00140227 -0.00428474 0.000116764 -0.000423812 0.00168196
internal_weight=60114 21904.8 2292.08 38209.2 19612.8 1415.73 37634.9 3789.92 33844.9 10329.7 574.335 23515.2 17807.8 1646.67
internal_count=737275 499525 74345 237750 425180 30987 233536 25999 207537 67414 4214 140123 316601 35465
is_linear=0
shrinkage=0.03


Tree=54
num_leaves=15
num_cat=0
split_feature=35 35 31 34 6 35 13 26 24 17 9 29 1 13
split_gain=36.9118 20.2391 11.8641 9.53739 9.95425 9.41716 9.13304 8.46583 10.3612 13.1049 8.68201 8.98571 9.04206 10.0445
threshold=1.5000000000000002 7.5000000000000009 0.025858976131386605 0.010737976045850696 0.9110671936758894 2.5000000000000004 92.350000000000009 -0.064202964684081723 0.041499070678632732 64.920526315789488 21.500000000000004 0.073653843619995121 1412.5000000000002 79.350000000000009
decision_type=2 2 10 2 2 2 10 8 10 10 2 10 2 10
left_child=6 3 7 4 5 -2 -1 -3 9 -9 -11 -12 -13 -14
right_child=1 2 -4 -5 -6 -7 -8 8 -10 10 11 12 13 -15
leaf_value=0.0013981501333742217 0.00018543671122657818 -0.00063131969882490395 0.0053888464030071338 0.00063242496783062481 0.00099907910571324235 -0.0010384967447271149 -0.0021478084203576764 -0.0052451427223163295 -0.0065229449796597129 0.0051074303971424375 -0.0060490977843168474 -0.0024085337648253949 0.0081257574271164489 -0.0027605969062601621
leaf_weight=16157.529692180455 8175.8848689906299 1153.4234410761856 121.29389553936198 9491.2544855079614 3667.4597783363424 18222.150143063656 638.00375373661518 735.66191893292125 793.80114429537207 180.93763052602299 214.9263332427945 358.44540489208885 161.18440428632312 88.035192947369069
leaf_count=76689 52783 48155 5638 105268 43537 256433 3024 58599 34974 8297 13122 18418 8472 4143
internal_value=6.55596e-05 -0.000396999 -0.00247128 -0.000194462 -0.000456116 -0.000659791 0.00125748 -0.00279856 -0.00375411 -0.00234338 -6.81977e-05 -0.00143406 0.00053404 0.00446152
internal_weight=60160 43364.5 3807.71 39556.7 30065.5 26398 16795.5 3686.42 2532.99 1739.19 1003.53 822.591 607.665 249.22
internal_count=737552 657839 199818 458021 352753 309216 79713 194180 146025 111051 52452 44155 31033 12615
is_linear=0
shrinkage=0.03


Tree=55
num_leaves=15
num_cat=0
split_feature=35 35 7 16 5 8 8 12 34 15 5 30 15 33
split_gain=29.7174 17.622 13.2497 11.1708 13.3747 12.8754 15.8544 12.1833 11.4762 10.9861 10.133 10.1252 8.46536 13.1263
threshold=1.5000000000000002 9.5000000000000018 8.5000000000000018 75.250000000000014 8.5000000000000018 1.5000000000000002 1.0000000180025095e-35 53.250000000000007 0.020127712041403571 72.916666666666686 10.500000000000002 60.500000000000007 67.616666666666688 56.500000000000007
decision_type=2 2 10 10 2 2 2 8 2 10 2 8 8 2
left_child=11 2 3 4 7 6 -5 -2 9 -7 -11 -1 13 -9
right_child=1 -3 -4 5 -6 8 -8 12 -10 10 -12 -13 -14 -15
leaf_value=0.0040617833504539482 -0.0050010176828967348 -0.0040193422427918322 -0.0045126581951519997 0.0060445224048381024 0.0013366403080518313 0.00084303130961215899 -0.0054773699513340672 0.0033994349368876254 0.0017645429578351164 -0.00067015098677631474 0.002121121395277661 0.00087604032433983398 -0.0019934340985215096 -0.00097791752121098108
leaf_weight=907.77812905609608 778.85698523302563 1144.443033737014 618.84685505065136 84.943373933900148 1714.0521284006536 8101.9122830650304 629.92160999635234 723.10705888509983 3407.2195913514588 17087.300096106948 1208.0279690762982 15864.89379234612 4838.7820260005537 2994.9101976226084
leaf_count=4359 19842 89304 10927 888 31616 118478 7085 13734 40227 192383 15902 75205 66568 50935
internal_value=-1.03224e-05 -0.000425365 -0.000323227 -0.000255512 -0.0010705 4.08274e-05 -0.00380265 -0.00151722 0.000139228 -7.34985e-05 -0.000480566 0.00106002 -0.00117291 -9.2766e-05
internal_weight=60105 43332.3 42187.9 41569 11049.7 30519.3 714.865 9335.66 29804.5 26397.2 18295.3 16772.7 8556.8 3718.02
internal_count=737453 657889 568585 557658 182695 374963 7973 151079 366990 326763 208285 79564 131237 64669
is_linear=0
shrinkage=0.03


Tree=56
num_leaves=15
num_cat=0
split_feature=35 8 17 26 32 12 30 31 4 16 4 5 11 12
split_gain=33.4086 20.6182 14.7685 11.944 9.94316 16.9795 11.6693 11.3574 9.61442 9.42975 9.16929 9.20785 9.57868 8.72052
threshold=4.5000000000000009 1.5000000000000002 54.603571428571435 -0.16099513198922022 0.068635205339395169 54.250000000000007 50.500000000000007 -0.0035284120225470453 -0.56066176470588391 89.450000000000017 3.5124999999999997 7.5000000000000009 24.500000000000004 53.750000000000007
decision_type=2 2 8 10 2 10 10 10 2 10 2 2 2 10
left_child=2 3 -1 -2 5 -3 -6 8 -8 -10 11 12 -4 -9
right_child=1 4 10 -5 6 -7 7 13 9 -11 -12 -13 -14 -15
leaf_value=-0.0045189646156294574 -0.0029246414294126634 -0.0075332840951780203 0.00021395640863947437 -0.0096816986114765004 0.0043350460657850991 -0.0013389508091646333 2.4526046456906924e-05 0.0046891701883453639 -0.0041850274738992376 0.00085558541080408049 -0.0013986419855826881 0.0014611548985307384 0.0018998256859632913 -9.5559634148175131e-05
leaf_weight=480.02228215197101 1102.5724189514294 420.11006410233676 30022.103700531181 281.96837361250073 408.39313038764521 2857.5638019301696 1345.9591935223434 312.23440439393744 1665.0196004682221 395.98814307176508 2088.0352911166847 9077.3532102191821 3326.6708880634978 6367.1539605890866
leaf_count=4428 36161 22574 205624 9471 10431 92272 38373 11368 41667 9595 13188 67320 24762 150428
internal_value=5.13558e-05 -0.0011645 0.000461773 -0.00459023 -0.000804753 -0.00223416 -0.000349849 -0.000559987 -0.00195593 -0.00321923 0.000520493 0.00061648 0.000384721 0.000161286
internal_weight=60151.1 15157 44994.2 1384.54 13772.4 3277.67 10494.7 10086.4 3406.97 2061.01 44514.2 42426.1 33348.8 6679.39
internal_count=737662 422340 315322 45632 376708 114846 261862 251431 89635 51262 310894 297706 230386 161796
is_linear=0
shrinkage=0.03


Tree=57
num_leaves=15
num_cat=0
split_feature=35 35 29 21 19 32 17 31 24 16 17 21 30 2
split_gain=35.7709 15.5332 13.3333 10.8838 17.0694 11.5217 8.74331 8.59289 8.3807 7.92536 11.1033 9.6719 7.97668 7.87911
threshold=1.5000000000000002 7.5000000000000009 0.058228774087209369 0.17274535809018571 -1.1095238095238107 0.069569166370493249 44.122500000000009 -0.010192303674498067 0.18508290821211018 77.350000000000009 81.673030303030316 0.11443452380952382 65.500000000000014 6.5000000000000009
decision_type=2 2 10 10 10 2 8 10 10 8 10 8 10 10
left_child=7 6 -3 4 5 -4 -2 9 -6 -1 11 -11 -13 -5
right_child=1 2 3 13 8 -7 -8 -9 -10 10 -12 12 -14 -15
leaf_value=-0.0043139622143819195 -0.0071058822639774718 -0.0067898725910442411 -0.0057551674874942536 -0.0058886237140283841 0.003408218921017136 -0.00053640844709266318 -0.00022113911535361281 0.0014354311030212526 -0.0047410843821990021 0.0050930156205232797 -0.0038290797998696792 0.0051682840563760119 -0.0024124588579699808 0.0017845401216234828
leaf_weight=381.20569378882647 116.78122094017453 459.63393137790263 551.91685580625199 624.96845541778021 884.42543713771738 1068.2202741660876 39419.61658199667 14984.641508720815 85.112240524031222 432.66064794361591 366.35887680202723 115.56053502857685 463.96134693175554 122.42327493871562
leaf_count=1874 2719 30525 41512 26391 33302 60802 455469 70889 2896 2102 1738 556 2241 4630
internal_value=2.72782e-05 -0.000427828 -0.00224793 -0.00153134 -0.000575755 -0.00243331 -0.000250424 0.00120282 0.00249539 -0.000762828 0.000335783 0.00195254 -0.000610379 -0.00459867
internal_weight=60077.5 43333.1 3796.7 3337.07 2589.67 1620.14 39536.4 16744.4 969.538 1759.75 1378.54 1012.18 579.522 747.392
internal_count=737646 658246 200058 169533 138512 102314 458188 79400 36198 8511 6637 4899 2797 31021
is_linear=0
shrinkage=0.03


Tree=58
num_leaves=15
num_cat=0
split_feature=35 18 22 3 35 27 29 33 17 12 18 14 16 24
split_gain=26.9946 11.21 11.6131 12.2944 10.2163 9.65277 10.1019 9.64463 12.2064 10.214 16.4444 12.3341 10.5981 10.5829
threshold=4.5000000000000009 -23.466666666666661 6.5000000000000009 53.250000000000007 1.5000000000000002 170.50000000000003 0.093945330738808605 89.500000000000014 60.656696428571436 65.350000000000009 -4.6333333333333355 68.850000000000009 70.550000000000011 0.20896841285762027
decision_type=2 8 10 2 2 10 8 2 8 8 10 8 10 10
left_child=4 -2 3 -3 -1 -4 -7 -6 -9 10 12 13 -10 -11
right_child=1 2 5 -5 7 6 -8 8 9 11 -12 -13 -14 -15
leaf_value=0.00086987476446185143 -0.0056708549842055577 0.0029776042253779047 -0.00063495339686914015 -0.0018919567252302803 0.0010965425548114791 -0.00036722815824867647 0.0048036526988515012 -0.0035608494494569079 0.0052697529747933528 0.002237272457839033 0.0056871382500477572 -0.00069277896876977644 -0.0011434127192815884 -0.0025911626450561796
leaf_weight=16777.208901390433 436.29152368241921 448.20067508658394 3909.8935986081196 9043.3772071313579 5200.6496812133119 648.28676724107936 650.11661787121557 955.51718813180923 232.96085648611188 2362.0540772713721 619.66775946319103 17158.101703450084 1235.5062920022756 448.15182046219707
leaf_count=79560 28696 12793 117193 221571 44755 24015 18340 9119 2312 20088 4779 139718 11459 3482
internal_value=-8.40463e-05 -0.00117779 -0.00102567 -0.00164761 0.000284828 0.000112648 0.00230397 -6.40052e-05 -0.000328095 -0.00018031 0.00179117 -0.000390432 1.40073e-05 0.00143543
internal_weight=60126 15136.2 14699.9 9491.58 44989.8 5208.3 1298.4 28212.6 23012 22056.4 2088.13 19968.3 1468.47 2810.21
internal_count=737880 422608 393912 234364 315272 159548 42355 235712 190957 181838 18550 163288 13771 23570
is_linear=0
shrinkage=0.03


Tree=59
num_leaves=15
num_cat=0
split_feature=19 15 8 11 30 27 30 13 13 29 23 8 12 15
split_gain=24.8089 19.3822 16.4272 12.8843 9.65372 9.455 8.1019 8.05727 7.68448 7.54688 13.2021 13.5555 11.5504 12.5279
threshold=6.1876893939393947 45.583333333333343 1.5000000000000002 7.5000000000000009 313.50000000000006 -11.499999999999998 715.50000000000011 83.550000000000011 65.950000000000017 0.088310662481278598 4.1050000000000013 1.5000000000000002 59.350000000000001 58.51666666666668
decision_type=10 8 2 2 10 10 10 10 10 10 10 2 8 8
left_child=1 6 -2 4 -4 -6 -1 -7 -5 12 -11 -12 -3 -14
right_child=2 9 3 8 5 7 -8 -9 -10 10 11 -13 13 -15
leaf_value=-0.009628274888505749 -0.0036249910218217312 -0.0034275477427194129 0.0022178818065363873 0.0054093828086911599 -0.002018405809002722 -6.4432450370912922e-05 0.00034525129172599609 0.0033712743120105806 0.001817908943418868 -0.00050102438179267905 -0.0052732669339351241 0.0010555917967669263 0.0045011746063645186 -0.00081426607212224981
leaf_weight=238.8930241902126 616.95534288324416 1456.3773280207533 1848.2263111711945 558.34508808283135 1804.4840336618945 3362.1163792901207 93.71143235557247 701.1836383137852 6156.5099643953145 21977.826989212539 266.14932599617168 8995.4946330470266 363.84602806018665 11708.196164542926
leaf_count=8730 3847 44144 13222 3929 11831 20306 4443 3766 41386 229961 4520 142168 9246 196774
internal_value=-6.35634e-05 -0.000415541 0.000989247 0.00119835 0.00035791 -0.00024173 -0.00714034 0.000562224 0.00215432 -0.000357669 -0.000100841 0.000846382 -0.000948173 -0.000636156
internal_weight=60148.3 45100.5 15047.8 14430.9 7716.01 5867.78 332.604 4063.3 6714.86 44767.9 31239.5 9261.64 13528.4 12072
internal_count=738273 639986 98287 94440 49125 35903 13173 24072 45315 626813 376649 146688 250164 206020
is_linear=0
shrinkage=0.03


Tree=60
num_leaves=15
num_cat=0
split_feature=18 26 20 16 13 24 20 23 11 16 15 23 7 19
split_gain=17.9581 14.4501 12.1306 12.1228 19.1983 14.9002 11.0085 10.3003 11.2687 11.0711 10.1427 9.73236 8.62125 14.4171
threshold=-13.600000000000003 -0.17436300799295015 9.5000000000000018 89.550000000000011 73.950000000000017 0.17786877951233748 129.50000000000003 0.80500000000000016 38.500000000000007 90.950000000000017 45.583333333333343 16.255000000000006 4.5000000000000009 5.9233333333333364
decision_type=8 10 8 10 8 10 10 10 2 10 10 10 10 10
left_child=1 -1 7 11 -5 -6 -7 9 -9 -2 -3 12 -4 -14
right_child=2 10 3 4 5 6 -8 8 -10 -11 -12 -13 13 -15
leaf_value=0.0034169684417948406 0.0051665213825160929 -0.0073175528855319964 0.00011275135964427918 0.0057692277264715461 -0.00031267806067266111 0.0029591715938461173 -0.0024181144208784947 0.00024395427249271858 0.0057305686041465376 -0.0029084344377408714 -0.0018820398285351125 0.0056704951771662602 -0.0013234250244450372 0.00088046667317500781
leaf_weight=383.37575651332736 993.89907479565591 299.59914264560211 27427.763564617839 663.437000566395 5382.1940393431578 2674.2409952431917 353.7834784053266 3257.7635527576786 326.46324452478439 145.84515371988527 3537.1850169848185 205.75463731051423 10981.422193771228 3486.2208511915524
leaf_count=6345 7621 12625 279048 8018 63971 19356 3191 34435 3907 1153 114943 2930 154156 26065
internal_value=4.19592e-05 -0.00183333 0.000185049 5.00779e-05 0.00104153 0.000636694 0.00230183 0.00163135 0.000815659 0.00405442 -0.00239515 -0.000164582 -0.000199964 -0.000791157
internal_weight=60118.9 4220.16 55898.8 51174.8 9073.66 8410.22 3028.02 4723.97 3584.23 1139.74 3836.78 42101.2 41895.4 14467.6
internal_count=737764 133913 603851 556735 94536 86518 22547 47116 38342 8774 127568 462199 459269 180221
is_linear=0
shrinkage=0.03


Tree=61
num_leaves=15
num_cat=0
split_feature=35 29 19 30 18 14 14 16 16 3 25 20 16 21
split_gain=26.1721 13.199 12.2741 10.7165 14.7962 12.3286 11.4877 13.84 11.3887 10.2204 10.0398 8.84506 8.81201 16.5286
threshold=2.5000000000000004 0.044070160508710973 7.808712121212122 440.50000000000006 -16.966666666666654 45.650000000000013 70.050000000000011 84.450000000000017 75.750000000000014 61.250000000000007 0.054177906785677986 150.50000000000003 86.550000000000011 0.23861283643892342
decision_type=2 10 8 10 8 8 8 10 8 2 8 10 10 10
left_child=2 -2 9 4 -3 -5 11 -8 -7 12 -10 -6 -1 -14
right_child=1 3 -4 5 6 8 7 -9 10 -11 -12 -13 13 -15
leaf_value=-0.00019670607642479455 -0.0042947851524026536 -0.003672218425934641 0.0014408911105706665 0.0050444469406842937 0.002718624481719085 -0.0024905778050217263 -0.0011277237836114472 0.0018101223464929417 0.0023041159810186728 -0.0029461075647571585 -0.0008673696728584121 -0.0036883463663349683 0.0024677656042467397 -0.00052206376315505176
leaf_weight=11820.140437122434 828.29929070454091 739.72357786993962 9884.3872506171465 255.91789428959601 2471.4655893528834 3865.4033640490379 4049.3407297837548 2177.4247003390919 906.21903602825478 868.49556176364422 15452.704382676631 167.21739196940325 3753.1229852810502 2932.5839309208095
leaf_count=67677 24545 29094 49558 7539 41958 89175 72908 33366 20154 4936 256146 3341 21543 15957
internal_value=-5.91076e-05 -0.000667271 0.000583498 -0.000560439 0.000265422 -0.000947469 0.000612727 -9.41588e-05 -0.00103554 0.00014349 -0.000685196 0.00225157 0.000296035 0.00116218
internal_weight=60172.4 30913.7 29258.7 30085.4 9605.17 20480.2 8865.45 6226.77 20224.3 19374.3 16358.9 2638.68 18505.8 6685.71
internal_count=737897 578226 159671 553681 180667 373014 151573 106274 365475 110113 276300 45299 105177 37500
is_linear=0
shrinkage=0.03


Tree=62
num_leaves=15
num_cat=0
split_feature=35 15 20 1 30 19 29 13 12 26 3 13 17 29
split_gain=21.3732 15.3521 10.4379 9.41674 14.3461 8.43447 10.6969 13.8521 10.2634 9.20668 8.94183 8.41204 9.61372 8.75682
threshold=1.5000000000000002 45.583333333333343 242.50000000000003 2101.5000000000005 829.50000000000011 -2.4699999999999949 0.11695416712717752 83.050000000000011 83.250000000000014 -0.27315035824238409 54.750000000000007 77.950000000000017 68.451086956521763 0.10506420707468539
decision_type=2 8 10 2 10 8 8 10 10 8 2 8 10 8
left_child=-1 -2 3 5 -5 6 -3 -8 -9 -7 11 12 -11 -13
right_child=1 2 -4 4 -6 9 7 8 -10 10 -12 13 -14 -15
leaf_value=0.00075003418412240299 -0.0067203097923749563 -0.0021873925276963526 -0.0035068292626956759 -0.0056598740437697704 -9.2257817755425205e-05 -0.0021356737492163646 -0.00040910560182426457 0.011625736733851288 -0.0010893144909425354 0.0024423539491540869 -0.00016831793765610789 0.0046728731071329676 -0.0019756907044157605 0.00051113944887377081
leaf_weight=16758.132680259645 305.59887619817164 4077.1075659402413 938.39951435278635 704.1273838179186 934.17297495342791 1863.1046514729969 1706.0370970384683 111.25074285757728 76.232594543369487 722.46308496780694 29070.850735211512 977.05767091340385 990.30352285667323 841.57411039341241
leaf_count=79388 13054 131322 17762 10957 13352 16871 34442 2195 1631 11568 364675 16129 13846 10531
internal_value=-0.000158302 -0.000510161 -0.000458287 -0.000386212 -0.00258192 -0.000294172 -0.00133024 0.000524176 0.00731484 -0.000113022 5.65895e-06 0.00142021 -9.5696e-05 0.00281223
internal_weight=60076.4 43318.3 43012.7 42074.3 1638.3 40436 5970.63 1893.52 187.483 34465.4 32602.2 3531.4 1712.77 1818.63
internal_count=737723 658335 645281 627519 24309 603210 169590 38268 3826 433620 416749 52074 25414 26660
is_linear=0
shrinkage=0.03


Tree=63
num_leaves=15
num_cat=0
split_feature=19 13 15 23 9 23 29 23 33 30 29 29 20 20
split_gain=13.7076 14.4033 14.6375 12.9361 11.1885 11.0364 16.1311 11.4884 10.9096 10.7782 10.1603 9.99082 9.82249 9.65946
threshold=4.1833333333333309 55.650000000000013 54.841666666666676 9.5050000000000008 17.500000000000004 4.1750000000000007 0.074685150457363195 -0.50499999999999989 50.500000000000007 20.500000000000004 0.097333711476649667 0.073270806761372806 12.500000000000002 70.500000000000014
decision_type=8 10 10 10 2 10 8 10 2 8 8 10 8 10
left_child=1 3 11 -1 -2 7 -7 13 -9 -10 12 -3 -6 -4
right_child=4 2 5 -5 10 6 -8 8 9 -11 -12 -13 -14 -15
leaf_value=-0.0012867743249309407 0.0031868953289454285 -0.0016847043408854297 0.0016276209957282622 -0.0058056889357286654 0.0017084383435244646 -0.0018887292931945476 0.0011509832425556975 0.0014152834234088306 0.0064631219277943653 -0.0013859656178645768 0.00081197051458008684 0.0076297622177481372 -0.000814296560881224 -0.0044422808129743361
leaf_weight=3542.7449844065122 1277.519080005819 124.3024030404631 2495.6141506892163 641.95410831051413 1617.8408822584897 1911.1569903469644 7894.4921922227368 1440.2910925883334 110.72776478598826 13284.85631130659 16813.157666557701 304.79784722893964 8304.3602125192992 211.95383411669172
leaf_count=64575 10000 4336 24215 24424 12164 49925 138116 21633 1396 168968 121589 7216 85399 2736
internal_value=1.38011e-05 -0.000410494 -0.000161735 -0.00204036 0.000497794 -0.00025235 0.000551956 -0.000702196 -0.00103008 -0.00129729 0.000363589 0.00503731 -0.000396454 0.00108053
internal_weight=59975.8 31962.9 27778.2 4184.7 28012.9 27349.1 9805.65 17543.4 14835.9 13395.6 26735.4 429.1 9922.2 2707.57
internal_count=736692 507540 418541 88999 229152 406989 188041 218948 191997 170364 219152 11552 97563 26951
is_linear=0
shrinkage=0.03


Tree=64
num_leaves=15
num_cat=0
split_feature=35 35 20 31 26 3 0 22 25 13 11 13 10 20
split_gain=29.0262 12.9695 12.8651 12.1757 10.6348 10.306 9.28968 9.28184 9.52544 9.37839 9.15142 10.5803 8.25964 8.2416
threshold=6.5000000000000009 1.5000000000000002 250.50000000000003 0.0056477326618200449 -0.08031399401006549 56.750000000000007 12.500000000000002 5.5000000000000009 0.035320027336314619 82.65000000000002 33.500000000000007 84.950000000000017 15.500000000000002 6.5000000000000009
decision_type=2 2 8 10 8 2 2 10 8 10 2 8 2 8
left_child=1 4 10 -4 6 7 -1 8 -3 12 11 -2 -10 -6
right_child=2 5 3 -5 13 -7 -8 -9 9 -11 -12 -13 -14 -15
leaf_value=-5.8473386039937695e-05 -0.0023779544360136005 0.0045160929026677506 -0.0084021122021489172 0.00050550457972184837 0.0079412120561695825 -0.00040576823400750997 0.0030354716281799378 0.0017332960094011255 0.0031471953294408403 0.0017995448622389104 0.0022113133515394585 0.0011255205925264199 -0.00081583048487212208 0.0016275573082223489
leaf_weight=7947.5693398490548 4254.3270625092264 370.94096578191966 420.32366020209156 187.82725890213624 144.79831886291504 22593.080314675346 931.00584503263235 4544.4762689874042 457.56105730566196 1838.4734872793779 539.80114271573257 914.87048891943414 7189.1611362432595 7794.8185344189405
leaf_count=37085 178923 4930 23170 8981 711 228011 4773 57127 4912 17454 21966 37026 75933 37086
internal_value=8.16703e-05 0.00030804 -0.00183391 -0.0058216 0.000997439 -6.30036e-06 0.000281139 0.000619659 0.000100026 -9.54508e-05 -0.00136226 -0.00175305 -0.000559788 0.00179168
internal_weight=60129 53811.9 6317.15 608.151 16818.2 36993.7 8878.58 14400.6 9856.14 9485.2 5709 5169.2 7646.72 7939.62
internal_count=738088 468022 270066 32151 79655 388367 41858 160356 103229 98299 237915 215949 80845 37797
is_linear=0
shrinkage=0.03


Tree=65
num_leaves=15
num_cat=0
split_feature=31 35 34 1 19 0 33 18 35 26 20 0 13 14
split_gain=18.0731 16.3837 14.8763 14.2747 12.7572 12.3677 13.1571 13.5582 10.7226 13.0421 10.9885 10.4653 11.8965 10.6689
threshold=0.0051668804338264101 7.5000000000000009 0.019653530032634692 1610.5000000000002 6.1876893939393947 9.5000000000000018 44.500000000000007 -2.1666666666666674 4.5000000000000009 -0.08031399401006549 119.50000000000001 12.500000000000002 58.550000000000004 67.450000000000017
decision_type=10 2 2 2 10 2 2 8 2 8 8 2 10 8
left_child=1 5 11 -3 -4 8 7 -7 9 -1 -10 -2 -13 -14
right_child=2 3 4 -5 -6 6 -8 -9 10 -11 -12 12 13 -15
leaf_value=-0.0012787566875048239 0.00021641091168694365 -0.0035283328627465195 0.0014733096080766137 0.0021385379505963168 0.0057187342754360399 0.0049841914862677125 0.00016240303807881878 -0.00011041159021600156 -0.0013003825491716074 0.00058436033951589415 -0.0055799038998042639 -0.0023137551068591841 0.0087472422651040972 0.0022878959026265944
leaf_weight=6429.2620721329004 17885.966214701999 2194.727647249354 2419.666957486188 451.49829844629858 843.41264655487612 1045.8339590812102 15218.260388597846 819.66838937485591 2673.5448536126351 7028.7121252459474 643.94278412684798 385.6838889477076 228.18446062644944 1817.5839248076081
leaf_count=42269 185062 122342 26988 22992 4952 13689 155986 7738 55532 50491 14873 6924 4263 23868
internal_value=0.000129083 -0.00028901 0.000775584 -0.00253973 0.00264038 -0.000109623 0.000457893 0.00280126 -0.000687212 -0.000307143 -0.00220158 0.000470342 0.00229628 0.00319987
internal_weight=60085.9 36505.5 23580.5 2646.23 3263.08 33859.2 17083.8 1865.5 16775.5 13458 3317.49 20317.4 2431.45 2045.77
internal_count=737969 485912 252057 145334 31940 340578 177413 21427 163165 92760 70405 220117 35055 28131
is_linear=0
shrinkage=0.03


Tree=66
num_leaves=15
num_cat=0
split_feature=16 35 20 35 29 11 15 22 32 9 22 32 6 12
split_gain=21.7354 16.4069 11.7936 9.69432 9.88656 9.4722 9.4503 9.98708 8.85238 8.75145 8.69803 8.42322 8.17282 9.11591
threshold=63.650000000000013 1.5000000000000002 343.50000000000006 6.5000000000000009 0.0589772016601285 3.5000000000000004 45.583333333333343 4.5000000000000009 0.093337727971874326 29.500000000000004 7.5000000000000009 0.071224064029131742 0.89181286549707617 74.050000000000011
decision_type=8 2 10 2 8 2 10 10 2 2 10 2 2 8
left_child=5 12 3 -3 9 6 -1 -8 11 -5 -6 -9 -2 -14
right_child=1 2 -4 4 10 -7 7 8 -10 -11 -12 -13 13 -15
leaf_value=-0.0083797146286385075 0.00057708827543340158 -4.3344544144208659e-05 -0.0057783426197963771 0.0005160365475036456 -0.0016853467636700045 -0.0080907904454782052 -0.0069738072800719572 -0.00047016044057018934 -0.0020853504993928922 -0.0067426543965706078 0.00094542462707266771 0.0087883245225440412 0.0058603350304785281 0.0013544718753181919
leaf_weight=129.31364994263276 14540.037043265998 35952.995287004625 297.68971654470079 201.26426628010813 3666.0064393572393 310.88050104025751 129.93062451621518 159.62600460264366 362.63883092347533 464.21744500857312 1587.7357105198316 135.77217883511912 512.80634240806103 1602.6678886711597
leaf_count=6290 68817 373316 5893 8597 137143 9541 2049 7244 8026 25670 70421 4643 2495 7563
internal_value=-4.44018e-05 3.96588e-05 -0.000275262 -0.000229293 -0.00134891 -0.00391471 -0.00215431 -0.000693618 0.000951323 -0.00466473 -0.000888883 0.00444145 0.000835441 0.00255682
internal_weight=60053.6 58825.4 42169.9 41872.2 5919.22 1228.16 917.281 787.968 658.037 665.482 5253.74 295.398 16655.5 2115.47
internal_count=737708 699915 621040 615147 241831 37793 28252 21962 19913 34267 207564 11887 78875 10058
is_linear=0
shrinkage=0.03


Tree=67
num_leaves=15
num_cat=0
split_feature=35 35 21 31 1 7 16 28 2 14 30 31 26 28
split_gain=21.9243 14.4538 12.8744 14.1444 11.4695 9.35742 8.80262 8.20327 8.2018 7.94594 13.883 6.94441 7.17991 8.276
threshold=7.5000000000000009 1.5000000000000002 0.16774891774891779 0.0087432273852008063 1624.5000000000002 8.5000000000000018 59.650000000000013 -0.74999999999999989 4.5000000000000009 45.650000000000013 389.50000000000006 0.0041789201535039388 -0.059332852795505757 1.0000000180025095e-35
decision_type=2 2 10 10 2 10 8 8 10 8 10 8 8 8
left_child=1 7 3 4 -2 6 -3 -1 -7 10 -8 12 -11 -14
right_child=2 5 -4 -5 -6 8 9 -9 -10 11 -12 -13 13 -15
leaf_value=0.0021057890246313333 -0.0032323859619095064 -0.004234690135775392 -0.0055384325619345729 0.0027570029124049972 0.0020837828975427751 -0.006002130755217305 -0.0020992353334090847 0.00049903605130109684 0.0015755236869256515 -0.00099166375389345596 0.007453465971452411 0.00034415657977948243 0.0010127901993413565 -0.00065641540889081133
leaf_weight=3623.9435738474131 1987.5436294400133 417.09520143223926 785.58891990710981 579.49580357118975 408.73166390752885 396.24889095569961 205.94393216795288 13144.770944960415 155.80228852923028 11702.337165010336 275.30316458293237 15574.250726083992 4737.32533876854 6004.2949695796706
leaf_count=17357 115628 8908 33281 29730 21290 5434 2961 62015 2256 126578 4118 167790 65374 74477
internal_value=-3.41215e-05 0.00011501 -0.00223609 -0.00128718 -0.00230155 -0.00019858 -0.000140978 0.000851505 -0.0039103 -9.11921e-05 0.00355268 -0.000141923 -0.000479237 8.1028e-05
internal_weight=59998.7 56237.3 3761.36 2975.77 2396.28 39468.6 38916.6 16768.7 552.051 38499.5 481.247 38018.2 22444 10741.6
internal_count=737197 537268 199929 166648 136918 457896 450206 79372 7690 441298 7079 434219 266429 139851
is_linear=0
shrinkage=0.03


Tree=68
num_leaves=15
num_cat=0
split_feature=19 20 5 7 16 33 21 8 8 8 23 4 20 29
split_gain=20.0688 12.566 11.3571 10.422 11.0384 12.8494 10.8966 9.85734 9.73904 14.6531 9.04541 9.0159 9.66017 8.98896
threshold=7.808712121212122 343.50000000000006 9.5000000000000018 8.5000000000000018 74.65000000000002 20.500000000000004 0.13182720953326715 1.5000000000000002 1.0000000180025095e-35 1.5000000000000002 4.4050000000000011 3.8908730158730163 38.500000000000007 0.086188328246339305
decision_type=10 10 2 10 8 2 10 2 2 2 8 2 8 8
left_child=1 2 3 4 5 -1 11 -2 -8 -10 -4 -6 -13 -7
right_child=7 -3 10 -5 6 13 8 -9 9 -11 -12 12 -14 -15
leaf_value=0.0027365641389997296 -0.0028723031717863183 -0.0060262524308591766 0.00017926158526522488 -0.0041114859745600149 0.00045202305509803569 -0.0032289220535735227 0.0081408078925562077 0.0014531856808217159 -0.0066758631225532529 -0.0005824669901794596 0.0028181857203872706 -0.0075233684491107867 0.0027366541102058222 -0.00090550586100348772
leaf_weight=576.91314112325199 454.15096379071474 286.69220047979616 3240.2077842098661 607.71979250793811 19976.511092899251 2375.9978026254103 62.798800400458276 9254.0195634218398 313.61173928552307 16659.945779720787 1785.395524310763 205.17212890367955 90.84007052751258 4076.1213541273901
leaf_count=13213 2662 6229 46672 12251 253850 55401 545 56299 3262 176615 43698 1928 911 63132
internal_value=-7.93999e-06 -0.000249442 -0.000210309 -0.000361862 -0.000305894 -0.001392 -9.96823e-05 0.00123716 -0.00065796 -0.000714329 0.00113529 0.00036994 -0.0044343 -0.00177936
internal_weight=59966.1 50257.9 49971.2 44945.6 44337.9 7029.03 37308.9 9708.17 17036.4 16973.6 5025.6 20272.5 296.012 6452.12
internal_count=736668 677707 671478 581108 568857 131746 437111 58961 180422 179877 90370 256689 2839 118533
is_linear=0
shrinkage=0.03


Tree=69
num_leaves=15
num_cat=0
split_feature=17 20 33 19 3 3 29 20 23 14 29 16 15 33
split_gain=15.0836 10.6424 13.1532 10.4599 16.2231 9.8287 10.2586 9.22759 11.3135 8.90466 8.79474 8.2828 11.3829 11.9059
threshold=54.603571428571435 339.50000000000006 435.50000000000006 8.4224747474747392 61.750000000000007 60.750000000000007 0.076126963655272453 9.5000000000000018 -0.29499999999999993 81.250000000000014 0.12038607418054061 81.550000000000011 77.75833333333334 762.50000000000011
decision_type=8 10 2 10 2 2 10 8 10 10 10 10 10 2
left_child=10 3 -3 5 -5 7 -7 8 -2 -10 -1 -9 13 -13
right_child=1 2 -4 4 -6 6 -8 11 9 -11 -12 12 -14 -15
leaf_value=-0.0051692920562382049 0.0061412211142855529 -0.0079197469169865319 0.0023531649009062394 0.00076014088627047668 0.0064835336337110755 -0.0054423289599860054 -0.00087269571765072405 -0.00051497712808591396 0.0014894460650504871 -0.0024766100328288952 0.0012192403049375317 0.00051197209173535377 -0.00017206717749154189 0.003139561088280709
leaf_weight=729.578435051837 359.54421106050722 268.93236766150221 144.20633920002729 7581.445041435305 425.45526314526796 501.475658103358 2376.3624113835394 20969.560243205953 3142.7853613502812 559.56612930959091 236.07103653787635 5657.9326851273654 15024.215690229554 2102.4720830419101
leaf_count=27418 3077 4950 1917 44552 2518 6300 23039 306957 42643 5800 4822 81704 156211 25709
internal_value=6.24436e-07 6.28529e-05 -0.00446705 9.85091e-05 0.00110261 -6.10145e-05 -0.00174832 4.2257e-05 0.00140104 0.000865011 -0.00362436 -8.534e-05 0.000310333 0.00123939
internal_weight=60079.6 59114 413.139 58700.8 8006.9 50693.9 2877.84 47816.1 4061.9 3702.35 965.649 43754.2 22784.6 7760.4
internal_count=737617 705377 6867 698510 47070 651440 29339 622101 51520 48443 32240 570581 263624 107413
is_linear=0
shrinkage=0.03


Tree=70
num_leaves=15
num_cat=0
split_feature=35 17 12 13 31 10 34 7 4 21 14 30 22 0
split_gain=18.3022 11.8401 10.2536 11.5122 10.8431 12.5731 10.9739 9.4555 9.52329 9.2833 9.81828 8.42181 8.35048 8.25787
threshold=1.5000000000000002 46.45277777777779 77.950000000000017 69.950000000000017 -0.003051411119230948 280.50000000000006 0.013848388917118483 7.5000000000000009 -2.4843749999999996 0.26006441223832533 87.250000000000014 1763.5000000000002 3.5000000000000004 11.500000000000002
decision_type=2 8 8 8 10 2 2 10 2 10 10 8 10 2
left_child=2 -2 12 -4 6 -6 -5 8 11 10 -10 -3 -1 -11
right_child=1 7 3 4 5 -7 -8 -9 9 13 -12 -13 -14 -15
leaf_value=-0.0013025284585694034 -0.006655561124417347 0.0020520925549210494 0.0055843705669158259 -0.0017579785749077996 0.00093198986519855368 0.0037422631013586494 0.0031339965311524085 -0.0024049331977949919 -0.00030425710677847002 -0.0023307480128795599 0.0019905226720067135 -0.0030961727048852022 0.00080152224882160626 0.00042675961366011689
leaf_weight=2939.8682908564806 218.74520474113524 2405.273273838684 511.67778442800045 1770.6250340342522 5286.2281346395612 1943.1677248924971 485.16545201092958 1852.4944851157488 31859.970014033781 3530.2331976410933 1721.5099852692802 278.81406327080913 3878.5086519345641 1325.4408227249514
leaf_count=13900 10320 48774 2433 8359 24531 9157 2280 37778 475490 37294 23225 5340 18928 19720
internal_value=-4.96857e-05 -0.000376571 0.000788597 0.001398 0.00114406 0.00170787 -0.00066069 -0.000336912 -0.000240941 -0.000362205 -0.000183834 0.00147047 -0.000108556 -0.00158136
internal_weight=60007.7 43192.5 16815.2 9996.86 9485.19 7229.4 2255.79 42973.7 41121.2 38437.2 33581.5 2684.09 6818.38 4855.67
internal_count=737529 657941 79588 46760 44327 33688 10639 647621 609843 555729 498715 54114 32828 57014
is_linear=0
shrinkage=0.03


Tree=71
num_leaves=15
num_cat=0
split_feature=18 12 29 19 11 33 23 27 6 10 33 6 18 31
split_gain=11.867 22.6471 14.3326 9.24835 8.95321 11.1264 11.2986 10.3483 8.49356 8.41736 8.11433 6.58604 9.36448 9.05424
threshold=-4.4666666666666641 62.550000000000004 0.073270806761372806 -13.950000000000005 31.500000000000004 234.50000000000003 3.3750000000000004 -8.4999999999999982 0.76696832579185525 8.5000000000000018 1273.5000000000002 0.92582417582417598 -7.1000000000000041 -0.021245276855319788
decision_type=8 8 10 10 2 2 10 10 2 2 2 2 10 10
left_child=3 2 -2 -1 9 -6 7 -7 -8 -3 -4 -5 -13 -14
right_child=1 4 10 11 5 6 8 -9 -10 -11 -12 12 13 -15
leaf_value=-0.0043861232113959177 -0.0012042044233989977 -0.0033555560361063436 0.0076954029108451194 -0.00061446804725708134 0.0060287665044992172 0.007171738042872384 -0.0059027165336837358 0.00018953712554650541 0.0028870710755640881 0.00014036091959522586 -0.0014532207434152934 0.0023365913536436324 0.0082765738523737573 -0.0020133225338209949
leaf_weight=499.08066820993554 264.84051321865991 582.38445492624305 663.77891229046509 22307.470249506296 458.63467896683142 246.97211688687094 267.77009537536651 543.49691610969603 107.69959648489021 31311.322522598086 83.013451729901135 1629.2320247964235 34.140178915578872 966.06184616312385
leaf_count=23935 2559 4649 5386 375294 4354 2342 2826 4743 1227 263023 591 33734 430 12103
internal_value=-4.13768e-05 0.000320666 0.00463473 -0.000532523 0.000183751 0.00232198 0.000675921 0.00266791 -0.00333847 7.13725e-05 0.00665107 -0.000446776 0.000960804 -0.00128477
internal_weight=59965.9 34529.9 1011.63 25436 33518.3 1624.57 1165.94 790.469 375.47 31893.7 746.792 24936.9 2629.43 1000.2
internal_count=737196 291700 8536 445496 283164 15492 11138 7085 4053 267672 5977 421561 46267 12533
is_linear=0
shrinkage=0.03


Tree=72
num_leaves=15
num_cat=0
split_feature=35 8 8 23 14 19 11 24 4 23 11 19 31 33
split_gain=18.5961 12.3654 16.5026 12.3582 9.84968 9.21513 9.99362 9.48976 9.47195 9.15297 9.05206 12.8914 11.8262 13.0179
threshold=2.5000000000000004 1.5000000000000002 1.0000000180025095e-35 -0.99499999999999988 75.050000000000011 7.808712121212122 3.5000000000000004 0.32654908335800736 2.2320512820512843 2.6750000000000003 13.500000000000002 6.1876893939393947 -0.013355561787300648 206.50000000000003
decision_type=2 2 2 8 8 8 2 10 2 8 2 10 10 2
left_child=3 2 9 4 -1 -5 8 -8 -7 -2 12 -12 13 -3
right_child=1 10 -4 5 -6 6 7 -9 -10 -11 11 -13 -14 -15
leaf_value=0.0048460573192028707 0.0088379068839827025 0.0043437429148879044 -0.006403115173257516 -0.00012737438065315958 0.0011235654169701884 0.00050634271693548603 0.0024865672414873456 -0.001553738648640133 -0.0038559513577077049 -0.0014503694374081047 -0.0013683396332208294 0.0020331802168519139 -0.00020081868227945623 -0.00082581674848190736
leaf_weight=901.64592307806015 31.205310383345932 1080.6745803428348 658.94553990941495 17048.624261889607 2089.026495359838 3987.3399773649871 4190.358942642808 562.62882198393345 453.88423561304808 2222.9621362928301 9939.413926486508 1070.2924426430836 15114.951393548487 693.4092468713643
leaf_count=4765 443 23969 13674 97868 10524 20284 21086 2627 2270 47603 193951 11748 274241 12876
internal_value=-4.53778e-05 -0.000559186 -0.00240234 0.000496202 0.00230708 0.000285837 0.00104859 0.00199711 2.25606e-05 -0.00111925 -0.000362776 -0.00102997 7.39141e-05 0.00235594
internal_weight=60045.4 30811.9 2913.11 29233.5 2990.67 26242.8 9194.21 4752.99 4441.22 2254.17 27898.7 11009.7 16889 1774.08
internal_count=737929 578505 61720 159424 15289 144135 46267 23713 22554 48046 516785 205699 311086 36845
is_linear=0
shrinkage=0.03


Tree=73
num_leaves=15
num_cat=0
split_feature=35 30 29 17 29 24 2 19 33 5 32 29 23 23
split_gain=18.5772 11.9863 11.1274 14.9792 9.87273 9.84244 8.78815 11.3153 10.6988 8.55275 10.4435 11.1018 8.3802 12.1069
threshold=1.5000000000000002 60.500000000000007 0.11137578216576564 58.081666666666671 0.15115495333317117 0.05516956144571767 4.5000000000000009 1.0000000180025095e-35 192.50000000000003 10.500000000000002 0.12943208335191217 0.10886189272803509 6.8050000000000006 7.9050000000000011
decision_type=2 8 8 8 10 8 10 10 2 2 2 10 10 10
left_child=1 4 3 6 -1 -5 7 -2 -9 10 -3 -12 -4 -14
right_child=2 9 12 5 -6 -7 -8 8 -10 -11 11 -13 13 -15
leaf_value=0.0053473344796724134 -0.0078214028469639606 0.0012485821763488056 -6.5348585563014945e-05 0.0002674753138189355 -0.0026961469800217104 -0.0010295369697146972 -0.00013460577150187938 0.0050022289755906118 -0.0054604743897644957 0.0036578578839167549 -0.0021187361554972826 0.00037995142455695796 0.0049906423183232462 0.00042002505889187578
leaf_weight=764.95909988135099 569.95928499149159 7348.2700700834394 15502.588456688682 7719.203492273693 133.13498204946518 16399.77099890291 375.50084206194151 126.92389457440004 125.0144026177004 733.22678439319134 2172.7204911112785 5675.7568939104676 702.12895930907689 1736.2662930088118
leaf_count=3686 23050 35236 178432 166194 620 231102 16034 1862 1761 3727 10189 26154 10515 30087
internal_value=-4.84635e-05 0.000795857 -0.000377463 -0.000781919 0.00407565 -0.000614738 -0.0039898 -0.0056424 -0.000233981 0.000598776 0.000439668 -0.000320802 0.00019385 0.00180995
internal_weight=60085.4 16828.1 43257.4 25316.4 898.094 24119 1197.4 821.898 251.938 15930 15196.7 7848.48 17941 2438.4
internal_count=738649 79612 659037 440003 4306 397296 42707 26673 3623 75306 71579 36343 219034 40602
is_linear=0
shrinkage=0.03


Tree=74
num_leaves=15
num_cat=0
split_feature=35 20 16 14 31 35 20 31 19 15 16 3 27 20
split_gain=19.283 15.9069 12.8203 14.55 14.1793 12.868 12.6123 12.1092 9.79181 11.653 12.3474 9.77688 9.39034 9.31654
threshold=6.5000000000000009 223.50000000000003 81.65000000000002 74.850000000000009 -0.0020385866438763218 3.5000000000000004 210.50000000000003 -0.004218800431411482 8.4224747474747392 67.483333333333363 76.850000000000009 59.750000000000007 -109.49999999999999 111.50000000000001
decision_type=2 8 8 8 8 2 10 10 10 10 10 2 10 10
left_child=2 -2 8 5 7 -4 -6 12 11 -10 -11 -1 -5 -12
right_child=1 -3 3 4 6 -7 -8 -9 9 10 13 -13 -14 -15
leaf_value=-0.00048593284531451615 -0.0010852199537380624 -0.0058816012106268738 0.0026757408667579525 0.0013653804044684856 0.0007820159446528265 -0.00018782465515115656 -0.0041415514581433083 -0.0031950163033818133 0.0045520880863403309 -0.0021072782796771328 0.0025765827324472864 -0.0027328383436401897 -0.001097723086698559 -0.0024726133728266036
leaf_weight=16067.213996823411 5605.3395495677833 656.49037076928653 4410.1745025925338 2042.0233221123926 17207.009384960402 2057.6733175856061 432.22617338132113 1569.9951064726338 611.90131624415517 1251.9332394013181 1650.2510083541274 1910.8805718221702 4124.8065317161381 365.5539625082165
leaf_count=165654 235248 34891 27829 19207 134263 29191 3563 13304 4035 7829 9330 16316 34370 2313
internal_value=-6.20894e-05 -0.00163068 0.000122162 0.000505871 0.000180752 0.00177028 0.000650005 -0.000886406 -0.000436733 0.000921924 0.000183799 -0.000731672 -0.000277694 0.00162326
internal_weight=59963.5 6261.83 53701.6 31843.9 25376.1 6467.85 17639.2 7736.82 21857.7 3879.64 3267.74 17978.1 6166.83 2015.8
internal_count=737343 270139 467204 261727 204707 57020 137826 66881 205477 23507 19472 181970 53577 11643
is_linear=0
shrinkage=0.03


Tree=75
num_leaves=15
num_cat=0
split_feature=19 32 18 20 8 9 8 4 12 13 19 1 17 4
split_gain=17.7681 19.7704 15.3745 14.5285 12.0476 18.6242 13.73 10.1107 16.4615 14.351 11.5394 12.4859 13.0534 10.3465
threshold=0.70580808080807611 0.069234891582158467 -19.266666666666659 6.5000000000000009 1.5000000000000002 84.500000000000014 1.0000000180025095e-35 -1.4267857142857137 65.750000000000014 80.250000000000014 7.9597619047619057 1180.5000000000002 70.933615819209066 -0.48750000000000066
decision_type=10 2 8 10 2 2 2 2 10 10 8 2 10 2
left_child=1 2 -1 -2 5 -5 -7 8 -6 -10 -9 -12 -13 -14
right_child=3 -3 -4 4 7 6 -8 10 9 -11 11 12 13 -15
leaf_value=-0.0078587153661701555 0.0046428763541006019 -0.00028194376464169241 -0.001937552810657085 -0.0084469853079595612 0.0065171397369916118 0.0075348272975547907 -0.0018279956422665108 -9.4995709402692752e-05 -0.00045074300908425682 0.003472652676360283 0.0029576359323685384 0.0031756411439990231 0.0032150399701793577 -0.00090142650675155997
leaf_weight=413.22583829669748 655.30384653713554 17126.442165857414 3175.7283897687448 301.26943354634568 525.02285914332606 118.11231070803478 825.13505729683675 25232.738808993716 2223.2346067645121 1288.3320764375385 2472.501221478451 1162.5897671589628 589.05890392325819 3888.605998207815
leaf_count=26598 5022 287539 84061 2306 6410 824 6908 236220 21692 11178 15021 7665 3496 22579
internal_value=4.25528e-07 -0.000709506 -0.00271792 0.000375235 0.000296926 -0.00254938 -0.00033531 0.000394963 0.00180356 0.00101723 0.000222002 0.00120249 0.000413863 -0.000330361
internal_weight=59997.3 20715.4 3588.95 39281.9 38626.6 1244.52 943.247 37382.1 4036.59 3511.57 33345.5 8112.76 5640.25 4477.66
internal_count=737519 398198 110659 339321 334299 10038 7732 324261 39280 32870 284981 48761 33740 26075
is_linear=0
shrinkage=0.03


Tree=76
num_leaves=15
num_cat=0
split_feature=35 16 7 16 21 32 23 1 2 14 10 1 13 14
split_gain=26.212 12.0596 12.3532 9.96442 17.1515 10.7381 10.2816 9.92298 11.7609 9.54606 14.1323 8.95077 8.94283 8.68697
threshold=4.5000000000000009 75.750000000000014 6.5000000000000009 86.550000000000011 0.25227272727272732 0.11484138067952325 4.5050000000000008 1431.5000000000002 8.5000000000000018 74.350000000000009 298.50000000000006 1608.5000000000002 70.350000000000009 74.950000000000017
decision_type=2 10 10 8 10 2 10 2 10 8 2 2 10 8
left_child=3 7 12 13 9 6 -6 8 -2 10 -5 -4 -3 -1
right_child=1 2 11 4 5 -7 -8 -9 -10 -11 -12 -13 -14 -15
leaf_value=0.00058350387697432939 -0.0019457105049657457 0.0015738536055712397 -0.0037146140333254476 0.0051405425863418333 0.0038310197769253476 -0.001341341702624621 -0.0049752168893736782 -0.0048522311093992876 0.0052391518532721327 0.001222388082043388 -0.0022700210784149821 0.00085054057243376835 -0.00059227025433767971 -0.00046349070222242723
leaf_weight=13715.350940367673 3468.0497960414505 2349.1816402134718 1488.4978574435227 1187.2464339192957 669.73583928309381 3573.9865747261792 98.387190796434879 1037.4152552002342 170.30079510388896 10741.899743176065 254.45550365187228 494.49511691764928 5968.1917566861957 14751.232067575678
leaf_count=101302 122261 63026 43183 8592 4344 22274 748 38231 5589 74926 1845 13975 135877 101073
internal_value=1.97155e-05 -0.00106531 -0.000486963 0.00038166 0.000966411 -0.000647056 0.00246792 -0.00232075 -0.00154294 0.00154173 0.00380036 -0.00258329 2.52845e-05 4.10955e-05
internal_weight=59968.4 14976.1 10300.4 44992.3 16525.7 4342.11 768.123 4675.77 3638.35 12183.6 1441.7 1982.99 8317.37 28466.6
internal_count=737246 422142 256061 315104 112729 27366 5092 166081 127850 85363 10437 57158 198903 202375
is_linear=0
shrinkage=0.03


Tree=77
num_leaves=15
num_cat=0
split_feature=16 31 18 16 23 8 6 33 20 12 27 12 8 16
split_gain=17.584 9.93777 10.2182 9.95569 15.3742 10.7811 10.0496 12.0621 9.08663 10.9619 8.71928 10.8451 8.65903 11.9264
threshold=65.950000000000017 0.00011018777733858488 -20.166666666666664 81.550000000000011 3.6050000000000004 1.0000000180025095e-35 0.7947368421052633 665.50000000000011 12.500000000000002 71.350000000000009 -44.499999999999993 94.250000000000014 1.5000000000000002 85.350000000000009
decision_type=8 8 8 10 10 2 2 2 10 10 10 10 2 10
left_child=-1 2 -2 4 6 -5 7 -3 9 -6 -4 -12 13 -7
right_child=1 3 10 5 8 12 -8 -9 -10 -11 11 -13 -14 -15
leaf_value=-0.0028253169920332707 -0.0048706368915934989 -0.002300723109897645 -0.0010435586278216369 0.0088830703258201207 0.005369070217030686 0.0029294205916474271 0.00081826616820497924 0.00024831443528706949 0.00054834680822473032 -0.0018802939036825742 0.0002527088419386286 -0.005674690339505413 0.00092696780350707457 -0.0066039360693792371
leaf_weight=1856.0391045568977 393.03904100041837 4682.0712524689734 8485.1776686434168 101.30341801699251 749.83619059331249 151.47503402177244 2413.0304108627606 2568.6906393398531 4071.5261350856163 217.27287749387324 15483.667973553063 232.89942791452631 18364.39622963476 267.29600104107521
leaf_count=51590 16491 49978 117346 783 12426 1225 25772 22342 60685 2347 190950 2046 181882 2218
internal_value=1.01328e-05 0.000102934 -0.00035483 0.000438172 -0.000147072 0.000892995 -0.000846375 -0.00140217 0.00118929 0.00372804 -0.000271602 0.000147155 0.000826433 -0.00321094
internal_weight=60037.7 58181.7 24594.8 33586.9 14702.4 18884.5 9663.79 7250.76 5038.64 967.109 24201.7 15716.6 18783.2 418.771
internal_count=738081 686491 326833 359658 173550 186108 98092 72320 75458 14773 310342 192996 185325 3443
is_linear=0
shrinkage=0.03


Tree=78
num_leaves=15
num_cat=0
split_feature=20 35 14 14 10 29 21 5 10 23 13 14 18 34
split_gain=15.8027 14.4914 10.8544 8.82045 11.2471 11.422 11.218 10.5557 8.98151 8.60951 9.306 13.6677 13.1082 12.4673
threshold=326.50000000000006 2.5000000000000004 74.950000000000017 82.250000000000014 295.50000000000006 0.14755097872721398 0.087167581257914753 8.5000000000000018 247.50000000000003 -2.5049999999999994 51.050000000000004 50.150000000000013 -11.966666666666645 0.012996337460455655
decision_type=10 2 10 10 2 10 10 2 2 8 10 8 10 2
left_child=1 2 -1 6 5 -5 8 -6 -4 -3 -11 -12 13 -13
right_child=-2 9 3 4 7 -7 -8 -9 -10 10 11 12 -14 -15
leaf_value=0.0010128271347082901 -0.0051416616279110778 -0.0050614276720822287 0.0023058287851700312 -0.00091450784619396001 0.0018610092311228993 0.002050527597240065 -0.0017200016031987321 0.0094623828358944787 -0.0014803792016446437 -0.0015696453154325466 0.0040279281436227067 -0.0029966166115172914 -8.4568732958409018e-06 0.0018153904632315736
leaf_weight=15955.198885992169 490.79738461459056 309.98997670807876 1388.3690439946949 3443.0606193616986 889.96719570457935 1707.7664934173226 4657.6039043478668 163.65003275871277 883.88815676048398 4979.2037723989924 633.94758179236669 2490.3516622417374 21483.213642660034 563.09661681670696
leaf_count=87050 8759 4111 7400 18960 4746 9001 25660 934 4703 115569 16346 85414 332515 16981
internal_value=-3.65286e-05 9.82544e-06 0.000488285 -0.000150339 0.00066846 7.88177e-05 -0.000882963 0.00341688 0.000832864 -0.000447161 -0.000391417 -0.000155693 -0.000271755 -0.00209427
internal_weight=60040.1 59549.3 29089.5 13134.3 6204.44 5150.83 6929.86 1053.62 2272.26 30459.8 30149.8 25170.6 24536.7 3053.45
internal_count=738149 729390 158454 71404 33641 27961 37763 5680 12103 570936 566825 451256 434910 102395
is_linear=0
shrinkage=0.03


Tree=79
num_leaves=15
num_cat=0
split_feature=35 33 4 6 23 20 19 14 32 19 25 23 6 29
split_gain=13.7298 11.604 10.5035 10.8108 8.41708 10.3995 10.9229 9.87027 8.2064 16.0721 9.64517 8.04714 7.89606 8.0675
threshold=2.5000000000000004 3384.5000000000005 4.5178571428571432 0.30384615384615393 -0.99499999999999988 58.500000000000007 -2.3249999999999988 75.050000000000011 0.069234891582158467 -1.969570707070712 0.03969159131784717 1.8750000000000002 0.38675213675213682 0.1431635456185156
decision_type=2 2 2 2 8 10 10 8 2 10 10 8 2 10
left_child=1 2 4 -4 5 6 -1 -8 9 10 -2 -10 -3 -14
right_child=8 12 3 -5 -6 -7 7 -9 11 -11 -12 -13 13 -15
leaf_value=-0.0048479247007375947 -0.006403948400037645 -0.0044284852776126458 0.0030195573886748137 -0.0061017092064184694 0.0005053277981257188 -0.0028315362129090887 0.0061178214133721463 0.0019205385366050075 -0.0010281851343915899 -0.00032105552529346394 -0.0019720875393498768 0.00014501851786710387 -0.0026002805637614724 0.0025283222470319153
leaf_weight=113.09795808792114 681.38612955319695 638.56159061938524 129.69316948205233 350.08773375302553 24379.252116978168 284.30513151362538 738.9544683098793 1614.2401953339577 7490.038840739755 3903.0867379984411 1300.4840840701945 17382.288946452318 549.83222146332264 461.78581516444683
leaf_count=649 35848 3365 678 1846 134136 1479 3848 8101 104619 68475 46992 322965 2939 2418
internal_value=-7.05893e-06 0.000457756 0.000604917 -0.00358379 0.00068545 0.00224439 0.00287416 0.00333844 -0.000449269 -0.00145177 -0.0036159 -0.000209633 -0.00194983 -0.000250347
internal_weight=60017.1 29259.8 27609.6 479.781 27129.8 2750.6 2466.29 2353.19 30757.3 5884.96 1981.87 24872.3 1650.18 1011.62
internal_count=738358 159459 150737 2524 148213 14077 12598 11949 578899 151315 82840 427584 8722 5357
is_linear=0
shrinkage=0.03


Tree=80
num_leaves=15
num_cat=0
split_feature=35 5 2 29 7 11 1 18 14 17 29 29 12 34
split_gain=12.6756 8.78369 10.6417 9.25595 9.10865 9.53209 10.0332 18.8757 8.74146 9.80012 8.66012 9.5606 8.31318 7.96047
threshold=9.5000000000000018 9.5000000000000018 7.5000000000000009 0.15305476755355371 8.5000000000000018 32.500000000000007 1425.5000000000002 -8.0666666666666575 36.350000000000001 44.122500000000009 0.073653843619995121 0.051808906936939972 76.550000000000011 -0.0025984543464079948
decision_type=2 2 10 10 10 2 2 10 8 8 8 10 10 2
left_child=1 4 10 -4 5 8 7 -7 12 -10 11 -3 -1 -2
right_child=13 2 3 -5 -6 6 -8 -9 9 -11 -12 -13 -14 -15
leaf_value=0.0072881829394246577 -0.0058147725893307823 -0.0024551300932698387 0.0067942365762896292 -0.0032135166476989748 -0.0034809969524408901 -0.0016658256598021516 -0.00051055617183979154 0.0052970318635157708 -0.0074888544764200784 -0.00013712157272099046 0.00022423596082650742 0.0053125949513471195 -0.0033903559426026728 -0.00076101832470279419
leaf_weight=207.79013841983397 485.83060007274617 151.99179585464299 415.30135740409605 70.076487550046295 649.97643022018019 476.90077661303803 1086.3274912443012 1092.7154865064658 113.75505138060544 49387.597241171286 4520.5498175187968 580.16575685958378 54.937536037527025 625.69026016118005
leaf_count=3977 41277 2900 5290 658 10541 8833 13698 11079 3924 523024 54078 9436 494 47930
internal_value=-2.17013e-05 3.95617e-05 0.00114931 0.00518419 -8.13959e-05 -3.5966e-05 0.00169816 0.00319537 -0.000130129 -0.000161556 0.000731095 0.0036462 0.0048702 -0.00312517
internal_weight=59919.6 58808.1 5738.09 485.378 53070 52420 2655.94 1569.62 49764.1 49501.4 5252.71 732.158 262.728 1111.52
internal_count=737139 647932 72362 5948 575570 565029 33610 19912 531419 526948 66414 12336 4471 89207
is_linear=0
shrinkage=0.03


Tree=81
num_leaves=15
num_cat=0
split_feature=20 32 19 7 28 32 7 35 28 9 33 26 21 9
split_gain=17.1383 10.8788 9.29514 8.27487 7.07108 8.67865 7.65272 7.65114 7.96507 7.93961 7.50854 7.48977 7.17538 7.40256
threshold=343.50000000000006 0.035957823656390109 12.083333333333334 4.5000000000000009 -1.0000000180025095e-35 0.17930894848182308 8.5000000000000018 8.5000000000000018 4.2500000000000009 105.50000000000001 3240.5000000000005 -0.013276013522153412 0.16774891774891779 73.500000000000014
decision_type=10 2 10 8 8 2 10 2 10 2 2 10 10 2
left_child=1 3 4 -1 5 -3 7 8 -6 10 -10 -8 13 -9
right_child=-2 2 -4 -5 6 -7 11 12 9 -11 -12 -13 -14 -15
leaf_value=0.00073368419894045067 -0.005857511178375319 0.00055043589138073588 0.0018031802581818224 -0.004991743208149684 -0.00033458995101711135 -0.002083212834444504 -0.0060094858413850824 0.0020898575455875505 0.001268724576794668 0.0077056212820276228 -0.0054619254787688521 0.0025822279373240629 -0.0071784005645723174 -0.0033814427997163688
leaf_weight=320.72631722583901 413.14571045909543 17679.547840610147 2386.947551516816 643.35387871565763 33054.933210344403 1153.6911317424383 333.47390903346241 318.60797616350465 2602.0755465975963 115.66294972971082 109.05637886654586 88.479049374349415 205.52395552606322 529.73077116720378
leaf_count=7896 7361 246341 12636 17500 333203 9830 5417 16645 23790 1032 888 1990 10237 42521
internal_value=-0.000108848 -6.40783e-05 -1.07371e-05 -0.00314477 -8.93257e-05 0.000384014 -0.000328147 -0.000279252 -0.000203276 0.00131137 0.000903977 -0.00412519 -0.00273969 -0.00132465
internal_weight=59955 59541.8 58577.7 964.08 56190.8 18833.2 37357.5 36935.6 35881.7 2826.79 2711.13 421.953 1053.86 848.339
internal_count=737287 729926 704530 25396 691894 256171 435723 428316 358913 25710 24678 7407 69403 59166
is_linear=0
shrinkage=0.03


Tree=82
num_leaves=15
num_cat=0
split_feature=16 19 11 14 14 33 14 32 13 16 8 8 16 3
split_gain=10.1563 12.6651 15.1942 11.7375 9.6559 9.58028 11.9448 10.3628 9.01511 13.9092 8.86091 14.4462 9.26072 8.82843
threshold=81.550000000000011 0.9142857142857147 6.5000000000000009 76.550000000000011 49.250000000000007 393.50000000000006 77.050000000000011 0.11531342589666051 71.850000000000009 63.650000000000013 1.0000000180025095e-35 1.5000000000000002 84.250000000000014 56.250000000000007
decision_type=10 8 2 8 10 2 8 2 8 10 2 2 10 2
left_child=1 2 8 -2 -4 6 7 -3 9 -1 -5 12 -12 -13
right_child=3 5 4 10 -6 -7 -8 -9 -10 -11 11 13 -14 -15
leaf_value=-0.0035656186485901395 0.0013876290203856253 0.0023231020714780727 0.0015773239196263228 0.0069546656047607194 -0.0029643946320742774 -0.00058069122084785133 -0.00031797934148911154 -0.00067872193432913475 -0.0014248514155952557 0.0023899550590430049 0.0018862565633153373 0.0011688522893404225 -0.0065486725575690441 -0.00019160659463092627
leaf_weight=385.91724933951627 9350.6791305370862 4532.7192310036626 440.72650113364216 119.31038414500654 3870.021653648233 9275.35399212013 5228.1840429467848 1312.0586047964171 1977.5902380908374 1872.0698855113005 131.25471467804164 5943.6897433756385 415.95013770740479 15091.693670962704
leaf_count=16350 114475 47073 10688 927 90728 82418 64200 10268 42179 41848 1128 69119 3607 142473
internal_value=0.000125826 -0.000278738 -0.00124427 0.000502119 -0.00248729 0.000128842 0.000723127 0.0016492 3.50784e-05 0.00131688 0.000118267 6.44873e-05 -0.00453691 0.00019466
internal_weight=59947.2 28894.6 8546.33 31052.6 4310.75 20348.3 11073 5844.78 4235.58 2257.99 21701.9 21582.6 547.205 21035.4
internal_count=737481 405752 201793 331729 101416 203959 121541 57341 100377 58198 217254 216327 4735 211592
is_linear=0
shrinkage=0.03


Tree=83
num_leaves=15
num_cat=0
split_feature=20 7 28 18 21 31 31 15 1 26 13 4 20 8
split_gain=17.5285 13.3343 9.47732 12.1164 8.38024 8.31584 15.4848 8.52653 8.19908 11.8597 7.27423 7.25728 7.08595 9.67717
threshold=228.50000000000003 5.5000000000000009 -1.0000000180025095e-35 -17.79999999999999 0.50862068965517249 0.00641030466335902 0.0093785714087342622 74.783333333333346 1512.5000000000002 -0.011902228415642152 70.750000000000014 2.1449579831932799 37.500000000000007 2.5000000000000004
decision_type=10 10 8 8 10 10 10 10 2 8 8 2 10 2
left_child=2 5 -1 -4 8 -2 -7 10 -5 -10 -8 12 -6 -14
right_child=1 -3 3 4 11 6 7 -9 9 -11 -12 -13 13 -15
leaf_value=0.00053490675266279757 -0.0034246383780492618 -0.0080798999427390775 -0.003458042003291938 0.00015066258754871921 -0.0062452133134536089 0.0097858375180822667 -0.0035105276755708899 -0.005573366748430837 -0.00032213933358099344 -0.0028813232675212095 0.0072776705017145536 0.0016521073871087627 -0.0048655261745362902 0.0057789301833966328
leaf_weight=19424.184553673957 708.52495708502829 340.12412804830819 997.48238141462207 27436.724665130721 477.38939571008086 97.670742931775749 57.305605277884752 174.08238031994551 7860.8626386029646 2011.3989260962699 83.977670104708523 206.51062053348869 111.65839291596785 96.62722377711907
leaf_count=263035 10529 8090 38323 301097 3290 1159 919 1538 82535 24523 1084 1229 842 731
internal_value=-8.84099e-05 -0.003278 -6.15586e-06 -0.00027461 -0.000187074 -0.00153909 0.00171592 -0.00178054 -0.00011635 -0.000855446 0.00312806 -0.00298145 -0.00439442 0.00023538
internal_weight=60084.5 1461.69 58622.8 39198.7 38201.2 1121.56 413.036 315.366 37309 9872.26 141.283 892.186 685.675 208.286
internal_count=738924 23319 715605 452570 414247 15229 4700 3541 408155 107058 2003 6092 4863 1573
is_linear=0
shrinkage=0.03


Tree=84
num_leaves=15
num_cat=0
split_feature=4 18 2 32 20 19 6 20 30 30 20 25 10 27
split_gain=11.0614 10.9047 10.7382 9.40426 9.23727 10.2211 9.17392 9.39835 7.93458 8.41587 7.73043 7.62079 8.3543 7.39052
threshold=4.5178571428571432 -16.966666666666654 8.5000000000000018 0.15246272853139783 9.5000000000000018 -4.9924501424501448 0.91987179487179505 10.500000000000002 40.500000000000007 2670.5000000000005 136.50000000000003 0.21040057378434665 304.50000000000006 -119.49999999999999
decision_type=2 8 10 2 8 10 2 8 8 10 10 10 2 8
left_child=1 2 3 -1 5 -3 13 -8 -7 11 -9 12 -10 -6
right_child=-2 4 -4 -5 6 8 7 10 9 -11 -12 -13 -14 -15
leaf_value=-0.0034077318039316493 -0.0035930432602806288 -0.0046663768267661441 0.0056122139945162233 0.0028826524234064977 -0.0011162050530242652 0.0069542297306953204 0.0074385503117067571 0.00037252698538779559 0.0018150260932262477 0.0052661908370866808 0.0039033695286920904 -0.003699346447846117 -0.0017451839064392589 -9.4126173314594718e-05
leaf_weight=1793.4190772078 769.36605726764537 203.79860723693855 103.55450356204528 203.65017616702244 7567.539863553131 183.98258193116635 147.99623768916354 5022.5431657454465 3180.2407200105954 376.14857191429473 580.03144205850549 263.95988210756332 684.65811007888988 38863.264124849811
leaf_count=73564 6421 5572 3841 3408 95994 1808 1841 59328 32740 3540 7680 1777 7137 432916
internal_value=-0.000131184 -8.31789e-05 -0.00218026 -0.00271153 -4.15487e-06 0.00123542 -0.000121455 0.00100364 0.00153846 0.00124338 0.000769367 0.000818264 0.00117011 -0.000261732
internal_weight=59944.2 59174.8 2100.62 1997.07 57074.2 4892.79 52181.4 5750.57 4688.99 4505.01 5602.57 4128.86 3864.9 46430.8
internal_count=737567 731146 80813 76972 650333 52574 597759 68849 47002 45194 67008 41654 39877 528910
is_linear=0
shrinkage=0.03


Tree=85
num_leaves=15
num_cat=0
split_feature=35 32 21 21 6 24 23 25 10 18 33 33 11 17
split_gain=16.9039 12.8413 11.0247 9.08014 7.84562 9.71602 9.24485 8.01318 10.721 7.18973 8.8726 7.18188 7.12414 11.3053
threshold=5.5000000000000009 0.034668806848582139 0.15438786565547133 0.090536512667660232 0.095454545454545472 0.069510456028715764 4.0050000000000008 0.19821768090315448 125.50000000000001 -25.350000000000001 14.500000000000002 42.500000000000007 28.500000000000004 64.149000000000015
decision_type=2 2 8 10 2 8 10 10 2 10 2 2 2 10
left_child=4 -2 3 9 5 -1 7 8 -7 -3 -11 -10 -6 -14
right_child=1 2 -4 -5 12 6 -8 -9 11 10 -12 -13 13 -15
leaf_value=0.0018078513434415459 -0.0066307498778024072 -0.0063453580868303733 -0.0023722527490095866 0.0013558222650734239 0.00013987415706485942 -0.00078327187984116606 0.001860738426459679 0.00023449842916170731 0.00098161236351715885 0.003945966022740853 -0.0011385014147310855 -0.0099114021602826896 -0.0041356741858350182 0.0020226148994717951
leaf_weight=432.0613435395062 325.87030488380697 168.1910577948438 3233.7668637365568 2116.0534143591067 44990.22640017746 243.38572237454355 223.84481740929186 232.35920253396034 52.443927505984902 287.34560362738557 3761.8900416425895 390.75978150591254 245.69384544948116 3247.7804592996836
leaf_count=3968 17623 15136 102237 63319 349960 1837 1890 1486 430 11629 134905 2994 2237 27652
internal_value=-5.06977e-05 -0.00118058 -0.000961432 -0.000228152 0.000173557 -0.00187741 -0.0032881 -0.00457359 -0.00610623 -0.00102947 -0.000733963 -0.0086536 0.000242042 0.00153726
internal_weight=59951.7 9893.12 9567.25 6333.48 50058.6 1574.85 1142.79 918.949 686.589 4217.43 4049.24 443.204 48483.7 3493.47
internal_count=737303 344849 327226 224989 392454 12605 8637 6747 5261 161670 146534 3424 379849 29889
is_linear=0
shrinkage=0.03


Tree=86
num_leaves=15
num_cat=0
split_feature=19 16 33 4 35 15 8 18 34 4 28 29 13 12
split_gain=18.9294 12.752 17.1136 11.6326 12.2559 10.92 10.3689 9.23323 9.13231 8.43417 8.40158 8.22789 11.9991 14.1387
threshold=6.3711309523809527 81.550000000000011 20.500000000000004 2.8908730158730163 9.5000000000000018 78.016666666666694 1.5000000000000002 -16.966666666666654 0.019653530032634692 -2.4843749999999996 -2.2499999999999996 0.075745931802308028 76.950000000000017 66.15000000000002
decision_type=10 8 2 2 2 8 2 10 2 2 8 10 10 10
left_child=1 2 7 4 6 11 -4 -1 10 -8 -2 12 -3 -14
right_child=8 5 3 -5 -6 -7 9 -9 -10 -11 -12 -13 13 -15
leaf_value=-0.0035793035441826671 0.0033513682348197587 -0.002182034864592116 -0.0048307251068663197 -0.0052356244415856469 -0.0057261562335784626 -0.00037652216268258676 0.0015995665032073659 0.0033578080040534753 0.0028921491694670612 -0.00097313340117963947 0.00038504464472122272 0.0013266904541565417 -0.005628356254638936 0.0059328703333432695
leaf_weight=161.44462744356133 879.27682894421741 1441.2263901000842 538.96868030028418 580.68681261781603 444.7901660973439 18172.05884671479 1203.9257589190966 1084.6064438472968 1751.7563479049131 14010.493706330279 11744.548524259357 7468.5296601392329 82.579197377432138 339.61837099143304
leaf_count=7793 6143 27057 8813 5808 41754 211362 22445 18497 10852 197626 75951 96629 1572 5118
internal_value=-5.52509e-05 -0.000354973 -0.000973972 -0.0012275 -0.00106814 5.17238e-05 -0.000918926 0.00235559 0.000891938 -0.000764981 0.000604062 0.000883207 -0.000882479 0.00331504
internal_weight=59904.5 45528.9 18024.9 16778.9 16198.2 27504 15753.4 1246.05 14375.6 15214.4 12623.8 9331.95 1863.42 422.198
internal_count=737420 644474 302736 276446 270638 341738 228884 26290 92946 220071 82094 130376 33747 6690
is_linear=0
shrinkage=0.03


Tree=87
num_leaves=15
num_cat=0
split_feature=35 34 16 12 13 0 32 16 16 30 5 34 12 13
split_gain=11.7102 11.4564 10.9902 14.488 10.8286 8.1015 8.41559 7.52341 8.47622 8.00983 7.44515 7.25265 7.70798 7.13243
threshold=2.5000000000000004 0.00625205856923084 89.050000000000011 67.750000000000014 73.350000000000009 10.500000000000002 0.033080445236316265 90.250000000000014 95.550000000000011 320.50000000000006 9.5000000000000018 -0.022833867971151941 51.45000000000001 87.050000000000011
decision_type=2 2 10 8 8 2 2 8 10 10 2 2 10 10
left_child=7 5 3 -3 -4 11 -7 -1 10 -10 -9 12 -2 -13
right_child=1 2 4 -5 -6 6 -8 8 9 -11 -12 13 -14 -15
leaf_value=0.00013384976565902697 -0.0043282169880241297 0.00199181954294957 0.0082222982454522656 -0.00085597656302668803 0.0014869802427475781 -0.0056723434852694364 6.2619629112511399e-05 0.0013850568504092601 -0.0067336836682919824 1.9256298556069027e-05 0.0051544336218329713 -0.0013471560088674382 0.0021093138017010578 -0.004483255357519208
leaf_weight=22578.292356546968 154.85737266368233 2131.2119808273856 201.24529080372304 6067.0491491199937 1773.4415404654574 187.22018326818943 7846.8059227517806 5073.3200841210783 138.26498370617628 984.23054898157716 482.48459432274103 10750.686514208675 901.98701775280642 658.39488713862374
leaf_count=123276 3468 50246 3729 96941 28220 8395 177327 27164 749 5369 2808 186303 14604 8751
internal_value=-3.24836e-05 -0.000441693 0.000380102 -0.00010808 0.00235949 -0.000849435 -0.000105282 0.000396557 0.00127713 -0.00106423 0.00175546 -0.00132669 0.00101313 -0.00154691
internal_weight=59929.5 30672.9 10172.9 8198.26 1974.69 20500 8034.03 29256.6 6678.3 1122.5 5555.8 12465.9 1056.84 11409.1
internal_count=737350 577984 179136 147187 31949 398848 185722 159366 36090 6118 29972 213126 18072 195054
is_linear=0
shrinkage=0.03


Tree=88
num_leaves=15
num_cat=0
split_feature=35 32 11 4 8 24 31 3 33 10 31 23 20 10
split_gain=16.1636 10.2235 8.99521 8.68321 7.68673 9.84866 7.90384 10.0137 9.4132 8.74094 8.32425 7.69974 10.3999 8.38817
threshold=5.5000000000000009 0.033080445236316265 29.500000000000004 4.5178571428571432 1.5000000000000002 0.16111524159193708 0.00021852591707675437 54.250000000000007 48.500000000000007 294.50000000000006 0.01876041957132327 3.8750000000000004 125.50000000000001 104.50000000000001
decision_type=2 2 2 2 2 8 8 2 2 2 10 10 10 2
left_child=2 -2 3 -1 5 -3 7 -6 -9 11 -11 13 -13 -8
right_child=1 4 -4 -5 6 -7 9 8 -10 10 -12 12 -14 -15
leaf_value=0.00014982337354781921 -0.0063529288294107405 -0.0093140097126452968 0.0017184710764337845 -0.0034451083195355362 0.0017828126992716223 -0.0017112886368986244 -0.0037434337023918361 0.0012845620828921532 -0.0027552059593576638 -0.0032516446743238209 0.0037833714566371888 0.0033305620321765423 -0.0026723785608778129 0.00091572030744487205
leaf_weight=46258.666654396802 275.92703658918617 159.85881562903523 3272.8653732971288 562.74483469966799 658.61274827504531 695.92791506985668 453.13186192302965 586.7173877437599 3212.5972892809659 853.83563526859507 138.21851610206068 1476.9751408052398 273.81087945785839 1082.9539806197863
leaf_count=360981 15569 7168 28024 3746 28017 29405 11892 22622 106836 27214 4240 52200 10335 29361
internal_value=-8.74319e-06 -0.00111529 0.000210142 0.000102987 -0.000932474 -0.0035672 -0.000655568 -0.00153239 -0.00212277 0.000265081 -0.00213698 0.00101124 0.00234361 -0.000533371
internal_weight=59962.8 9868.57 50094.3 46821.4 9592.64 855.787 8736.85 4457.93 3799.31 4278.93 992.054 3286.87 1750.79 1536.09
internal_count=737610 344859 392751 364727 329290 36573 292717 157475 129458 135242 31454 103788 62535 41253
is_linear=0
shrinkage=0.03


Tree=89
num_leaves=15
num_cat=0
split_feature=20 11 18 11 16 16 22 22 34 18 3 30 8 4
split_gain=11.4092 9.42278 12.4388 9.74123 8.77105 8.75228 11.2391 8.64939 13.2346 9.51023 8.51801 9.82904 9.97352 9.35492
threshold=319.50000000000006 29.500000000000004 -1.9999999999999785 13.500000000000002 72.65000000000002 63.650000000000013 6.5000000000000009 8.5000000000000018 0.0003781933207115344 -16.399999999999984 58.750000000000007 85.500000000000014 1.5000000000000002 -2.3708333333333331
decision_type=10 2 10 2 10 8 10 10 2 10 2 8 2 2
left_child=1 3 7 5 -5 -1 -7 9 -9 -3 11 -8 -13 -14
right_child=-2 2 -4 4 -6 6 10 8 -10 -11 -12 12 13 -15
leaf_value=-0.0024345069570339772 -0.0042213971281942798 -0.0068750423678410688 0.0038109843011269826 -0.0043807056092628359 -0.00064050803867465389 -5.6956754977523879e-05 -0.0021999064153297174 0.0078620280569292079 -0.0012893630610176325 8.9988167128496067e-05 -0.00036909711323708581 -0.0030388861882416828 0.0071067955182050084 0.0021172328733863001
leaf_weight=1126.8843963063555 534.49984969419893 139.54718807234894 1232.7410061846022 541.5327923806617 13381.056453168509 32223.124291110784 459.33179318555631 258.84331797750201 241.08935071527958 2533.8437083440367 2188.3721754983999 266.91667339461856 330.06323734414764 4518.3874444750836
leaf_count=35723 9452 4903 9964 11005 169481 323047 8520 6848 5476 38675 28390 4202 8166 73829
internal_value=-5.04848e-05 -9.4636e-06 0.00131746 -0.000116794 -0.000801142 0.000115646 0.000190464 0.000304712 0.00373285 -0.000393124 0.00121126 0.0018294 0.002209 0.00252598
internal_weight=59976.2 59441.7 4406.06 55035.7 13922.6 41113.1 39986.2 3173.32 499.933 2673.39 7763.07 5574.7 5115.37 4848.45
internal_count=737681 728229 65866 662363 180486 481877 446154 55902 12324 43578 123107 94717 86197 81995
is_linear=0
shrinkage=0.03


Tree=90
num_leaves=15
num_cat=0
split_feature=35 7 9 20 6 23 4 10 0 29 27 13 19 28
split_gain=13.0261 11.7259 11.9964 11.5777 10.0739 8.80635 8.59319 8.73404 8.65047 8.3171 8.22795 7.95608 7.87931 7.18035
threshold=4.5000000000000009 6.5000000000000009 72.500000000000014 18.500000000000004 0.91987179487179505 3.1750000000000003 0.42582417582417526 333.50000000000006 9.5000000000000018 0.09303048002197585 -6.4999999999999991 70.350000000000009 -2.6149074074074146 6.2500000000000009
decision_type=2 8 2 10 2 10 2 2 2 10 10 10 10 10
left_child=-1 2 6 5 12 -3 7 11 9 -8 -7 -2 -4 -14
right_child=1 3 4 -5 -6 10 8 -9 -10 -11 -12 -13 13 -15
leaf_value=0.00028407300542646486 0.0046039909448599599 -0.0022571344870900003 -0.0031538017155777853 -0.004726548869101007 0.0019639524683353637 -0.0030078901519899879 -0.0071927102831270935 -0.0029658635508022944 0.00074101123210324068 -0.00043826504463320834 0.0038112156027154172 0.0011480656283277685 -0.00096103729247075159 0.007621680304249397
leaf_weight=45028.422698113136 902.77757000667043 1446.1862429900793 1792.442887010402 1117.5194047490368 813.06118893239181 185.75844363472424 248.98627220955677 262.63804455019999 1244.0768218655139 379.11998693505302 473.49486832274124 1749.6657319096848 4260.6825787571725 39.992028443142772
leaf_count=315327 26318 45029 82872 35601 24904 5704 4775 6849 27802 6650 15624 40277 99349 748
internal_value=2.94931e-05 -0.000737394 -0.000291798 -0.00232493 -0.0010886 -0.00097014 0.000857056 0.00186351 -0.000717759 -0.00344871 0.0018132 0.00238773 -0.0015086 -0.000794552
internal_weight=59944.8 14916.4 11693.4 3222.96 6906.18 2105.44 4787.26 2915.08 1872.18 628.106 659.253 2652.44 6093.12 4300.67
internal_count=737829 422502 320544 101958 207873 66357 112671 73444 39227 11425 21328 66595 182969 100097
is_linear=0
shrinkage=0.03


Tree=91
num_leaves=15
num_cat=0
split_feature=35 8 20 25 3 11 6 10 11 27 33 16 23 30
split_gain=24.9585 21.1807 11.1084 10.3704 9.01947 10.5802 10.1454 8.7572 8.71317 8.36068 7.99282 10.9826 9.09711 7.93544
threshold=4.5000000000000009 1.5000000000000002 9.5000000000000018 0.14945776392109719 53.250000000000007 11.500000000000002 0.92582417582417598 290.50000000000006 32.500000000000007 -738.99999999999989 234.50000000000003 72.250000000000014 3.0750000000000006 2706.5000000000005
decision_type=2 2 10 8 2 2 2 2 2 10 2 10 10 10
left_child=2 3 8 -2 7 6 10 -3 -1 -7 -6 -12 -13 -14
right_child=1 4 -4 -5 5 9 -8 -9 -10 -11 11 12 13 -15
leaf_value=0.0010949404746332164 -0.0098287822693276204 0.0042769303194770143 0.00012180686048634561 -0.0031163405043641555 0.00062853528130292556 0.005880993621606127 0.0031514920444726444 -0.0031887508844312168 0.0050329465753482438 -0.0019223048710900648 -0.0047706865243654023 -0.002543990842815654 0.0021617501368049342 -0.004060036911593061
leaf_weight=6712.6489166002721 237.00935045757797 527.73201197816525 37840.546932278667 1106.0163031606935 2908.1730588570936 78.752357921330258 731.63783921475988 146.87299289577641 503.90213895775378 6194.7837294831406 681.09911654889584 1039.8863239858765 1075.6965481461957 173.12470791931264
leaf_count=47115 8723 17624 264637 36908 90264 2890 21049 5113 3621 162270 24986 21601 26571 4153
internal_value=-2.38308e-05 -0.00108608 0.000328281 -0.00461118 -0.00072123 -0.000901363 -6.16077e-05 0.00254365 0.00140265 -0.00177862 -0.000484754 -0.00156729 -0.00053238 0.00117613
internal_weight=59957.9 14900.8 45057.1 1343.03 13557.8 12883.2 6609.62 674.605 7216.55 6273.54 5877.98 2969.81 2288.71 1248.82
internal_count=737525 422152 315373 45631 376521 353784 188624 22737 50736 165160 167575 77311 52325 30724
is_linear=0
shrinkage=0.03


Tree=92
num_leaves=15
num_cat=0
split_feature=17 29 19 12 34 6 16 21 6 29 20 20 0 3
split_gain=10.9844 9.9803 9.34051 9.33567 9.81719 9.26464 8.89819 10.8409 10.8098 10.2474 8.85385 13.3581 8.85085 8.32012
threshold=54.603571428571435 0.12632922248518144 6.0975274725274682 63.550000000000004 0.026144370864247837 0.82843137254901966 81.550000000000011 0.13811445341159209 0.29705882352941182 0.071233368054873139 240.50000000000003 139.50000000000003 12.500000000000002 58.750000000000007
decision_type=8 10 10 10 2 2 8 8 2 10 10 10 2 2
left_child=1 -1 6 5 -5 -4 8 10 13 12 11 -8 -9 -2
right_child=2 -3 3 4 -6 -7 7 9 -10 -11 -12 -13 -14 -15
leaf_value=-0.0046688002613963281 -0.0012746105077024656 0.0024090090173034136 0.0016610487004541747 0.00025244429985099033 0.0031981156538530464 0.0090984182961101369 0.00077611120561655309 -0.0034543475063550143 -0.00029999183869164651 -8.6352103330031071e-05 -0.005713992159667408 0.0055362515895855053 0.00319941213721866 -0.0043737180017398387
leaf_weight=753.43109715613537 3300.3791020838544 196.74680005968548 581.97092631086707 13576.600414427463 1052.0128613063134 169.74101397767663 8733.8008475424722 1337.7581911965972 12430.114275958622 16080.03821670427 127.3980210935697 517.53448052983731 166.83943093777634 1002.7398803246615
leaf_count=28435 52046 3903 4585 87846 6586 1390 117164 21890 203383 183956 2572 7959 4305 12294
internal_value=-3.84402e-05 -0.00315608 1.43297e-05 0.00064894 0.000474454 0.00380315 -0.000209527 0.000127813 -0.000751866 -0.000311484 0.000948756 0.00107073 -0.00263736 -0.00203873
internal_weight=60027.1 950.178 59076.9 15380.3 14628.6 751.712 43696.6 26963.4 16733.2 17584.6 9378.73 9251.34 1504.6 4303.12
internal_count=738314 32338 705976 100407 94432 5975 605569 337846 267723 210151 127695 125123 26195 64340
is_linear=0
shrinkage=0.03


Tree=93
num_leaves=15
num_cat=0
split_feature=18 30 28 8 29 0 18 12 6 15 31 4 31 24
split_gain=13.4845 9.46466 8.10028 13.4944 10.1944 11.7193 13.0197 8.31373 7.85702 7.48934 8.28898 11.6005 10.3958 8.26434
threshold=-16.966666666666654 389.50000000000006 1.0000000180025095e-35 1.5000000000000002 0.093945330738808605 7.5000000000000009 -1.0000000180025095e-35 52.650000000000013 0.94281045751633996 93.0416666666667 0.035837301955361105 1.4459064327485367 0.015011228636271587 0.17348639644584915
decision_type=8 10 10 2 8 2 8 10 2 10 10 2 8 10
left_child=1 -1 4 -4 8 6 7 -6 -2 10 12 -12 13 -7
right_child=2 -3 3 -5 5 9 -8 -9 -10 -11 11 -13 -14 -15
leaf_value=-0.0046458326722591788 -0.00054646068122033949 -0.0005840729224422807 -0.0043135734239956609 -0.00018979275502568034 0.0059386764279515739 0.001942199988212062 0.0015747444108941586 -0.0023335243610233319 0.0019041785634242407 -0.0023205891244583868 0.0067709090233439434 -0.0034486202759532237 -0.00049011198196896664 0.00037041751900855765
leaf_weight=857.06472094182391 11034.60820944712 1237.7624301830074 687.22215935098939 23099.649184949696 67.568218375556171 9459.0605527271982 1403.1283855969086 2404.0875174906105 1268.2406384542119 509.87828711117618 426.1355615502689 93.195030276430771 3025.9328174826223 4446.0046646755654
leaf_count=31781 168522 49096 6577 235155 733 118452 8848 20507 19609 4577 4631 804 32707 36295
internal_value=2.0475e-05 -0.00231544 0.000106877 -0.00031773 0.00040277 0.000791272 -0.00069817 -0.00199412 -0.000287151 0.00111365 0.00122034 0.00479518 0.00109689 0.00144277
internal_weight=60019.5 2094.83 57924.7 23786.9 34137.8 21835 3874.78 2471.66 12302.8 17960.2 17450.3 519.331 16931 13905.1
internal_count=738294 80877 657417 241732 415685 227554 30088 21240 188131 197466 192889 5435 187454 154747
is_linear=0
shrinkage=0.03


Tree=94
num_leaves=15
num_cat=0
split_feature=17 30 20 23 34 14 14 23 14 13 28 34 24 14
split_gain=10.6939 8.20721 13.4556 13.2208 10.4061 10.08 10.0786 10.4847 9.99437 11.2939 9.70299 9.51988 8.94827 9.08074
threshold=44.122500000000009 463.50000000000006 262.50000000000006 10.505000000000001 0.015670608259933563 83.550000000000011 45.650000000000013 1.3050000000000004 73.350000000000009 60.150000000000013 -0.74999999999999989 0.012748311439373352 0.042141873283526088 70.250000000000014
decision_type=8 10 10 10 2 8 8 10 10 10 8 2 10 10
left_child=-1 2 3 4 8 -6 7 -3 9 10 -2 -9 13 -11
right_child=1 6 -4 -5 5 -7 -8 11 -10 12 -12 -13 -14 -15
leaf_value=-0.0066573185438686391 0.0029598213159617863 -0.0030054858172932691 -0.0042711892293698399 -0.0024680353340144445 0.0037376811640760736 0.00059317631878996822 -0.00013883118523440582 0.0093879742368025414 -0.00047266389975851911 0.0010965739946853527 -0.00078472235497800192 -0.0026340406983174185 0.0027531467772194985 -0.0051067746709002829
leaf_weight=158.26243689924013 725.39802783192135 95.314440760063007 436.53315714083146 1014.6207383611472 2085.5266371045727 1647.2363253235817 40063.257927912869 229.27359907061327 5009.6118334759958 988.34801010403316 3114.9098756698659 51.597527984064072 4058.4383892721089 217.05070054833777
leaf_count=7729 13269 1056 7384 23403 22974 17486 472151 5590 52832 18602 46929 988 43551 3615
internal_value=0.000129302 0.000152834 0.000661012 0.000786157 0.000977544 0.00237622 -9.01843e-05 0.00449912 0.000600544 0.00119044 -4.8463e-05 0.00711516 0.00208625 -0.000179339
internal_weight=59895.4 59737.1 19297.7 18861.1 17846.5 3732.76 40439.4 376.186 14113.8 9104.15 3840.31 280.871 5263.84 1205.4
internal_count=737559 729830 250045 242661 219258 40460 479785 7634 178798 125966 60198 6578 65768 22217
is_linear=0
shrinkage=0.03


Tree=95
num_leaves=15
num_cat=0
split_feature=35 4 16 5 32 30 21 22 27 13 17 17 25 3
split_gain=12.7103 7.72111 9.80165 9.50453 9.85456 12.2142 8.38658 7.41957 9.44928 8.97354 9.34181 7.89331 7.94913 7.21307
threshold=1.5000000000000002 0.98684210526315763 96.350000000000009 10.500000000000002 0.13275052001262536 3565.5000000000005 0.95000000000000007 1.5000000000000002 400.50000000000006 74.450000000000017 68.246737588652493 83.601724137931043 0.18642290109129717 53.250000000000007
decision_type=2 2 10 2 2 10 10 8 10 8 8 10 10 2
left_child=1 3 7 4 -1 6 -6 11 9 -9 -11 12 -3 -2
right_child=13 2 -4 -5 5 -7 -8 8 -10 10 -12 -13 -14 -15
leaf_value=0.0019378116610327294 0.0016779994099795402 0.0050478660065648891 -0.0056646962138359232 0.0053096345569438683 -0.00013977069339061914 0.0056985865822869455 -0.0061678681504274829 -0.0023762547390761782 0.0063515278957650603 0.0068791613829529133 -9.9285089665596693e-05 -0.0018417893950659194 -5.8294910073325891e-06 -0.00039240527654704277
leaf_weight=4694.2329496666789 1522.9068087639753 695.69735844433308 222.18909426033497 436.61187952756882 3982.6358682885766 261.73526038229465 169.30893437564373 1677.3324358314276 133.0671913549304 130.91686077415943 3750.1151580289006 337.93870332092047 448.47271591424942 41558.481477721478
leaf_count=22515 31766 3288 1071 2214 18495 1190 762 8079 632 631 17578 1529 2018 626157
internal_value=-4.36214e-05 0.000651411 -7.65082e-05 0.00121291 0.000988606 -3.13335e-05 -0.000456054 0.000134589 -0.000361332 -0.000577231 0.000220619 0.00198861 0.0031497 -0.000317357
internal_weight=60021.6 16940.3 7395.73 9544.52 9107.91 4413.68 4151.94 7173.54 5691.43 5558.36 3881.03 1482.11 1144.17 43081.4
internal_count=737925 80002 34826 45176 42962 20447 19257 33755 26920 26288 18209 6835 5306 657923
is_linear=0
shrinkage=0.03


Tree=96
num_leaves=15
num_cat=0
split_feature=35 7 19 26 21 17 33 33 24 3 32 13 12 28
split_gain=14.0584 8.03361 8.37745 8.80628 8.02596 11.0397 9.28139 7.31459 7.69732 8.26189 10.9941 18.2431 9.43142 8.59633
threshold=8.5000000000000018 7.5000000000000009 4.6484090909090918 -0.019867856666908105 0.02409988385598142 66.050581395348857 16.500000000000004 234.50000000000003 0.011542155708780364 54.750000000000007 0.16000572901747354 80.950000000000017 69.450000000000017 -4.7499999999999991
decision_type=2 10 10 10 10 10 2 2 8 2 2 8 10 8
left_child=1 7 -3 -4 6 -6 -2 -1 -9 10 11 12 -10 -11
right_child=4 2 3 -5 5 -7 -8 8 9 13 -12 -13 -14 -15
leaf_value=0.00059208889997255031 0.0023289602093712848 -0.0030386423108967387 -0.0010109102965818629 0.0067660783164007485 0.0048415492958360628 -0.0021238849112712355 -0.0061254010874985101 -0.0031769458626422073 0.0031481351587876669 -0.0047778887729938964 -0.0019256190216613398 0.0049031668797952675 -0.0015928006670095536 -0.00015818216174782795
leaf_weight=20150.897600277094 113.19841745786835 1373.5009257479105 437.18635404808447 131.28182405186817 199.1915144053055 1127.4630762606394 639.52521378872916 677.29170422558673 524.29787005763501 316.8749600884039 704.94340382888913 1183.2187087028287 1052.9374828890432 31222.212672702968
leaf_count=229142 9883 21837 3824 1086 13907 60052 54789 12018 8474 3524 6145 12295 12156 288011
internal_value=-1.89401e-05 6.92313e-05 -0.00180296 0.00118691 -0.00241284 -0.000940194 -0.00478812 0.000135905 -0.000122188 -5.86356e-05 0.00132109 0.00216972 3.14692e-05 -0.000212086
internal_weight=59854 57774.6 1941.97 568.468 2079.38 1326.65 752.724 55832.7 35681.8 35004.5 3465.4 2760.45 1577.24 31539.1
internal_count=737143 598512 26747 4910 138631 73959 64672 571765 342623 330605 39070 32925 20630 291535
is_linear=0
shrinkage=0.03


Tree=97
num_leaves=15
num_cat=0
split_feature=7 1 11 11 11 35 4 23 4 3 8 8 19 35
split_gain=9.40191 13.9625 10.0499 8.82852 7.79357 7.66853 8.26678 7.8538 6.5222 11.444 7.00842 25.5026 15.9917 7.222
threshold=8.5000000000000018 1415.5000000000002 37.500000000000007 29.500000000000004 9.5000000000000018 8.5000000000000018 0.42582417582417526 9.8050000000000015 4.5178571428571432 62.750000000000007 1.5000000000000002 1.0000000180025095e-35 6.9708333333333359 4.5000000000000009
decision_type=10 2 2 2 2 2 2 10 2 2 2 2 8 2
left_child=3 4 -3 5 -2 8 7 -7 10 -10 11 12 -1 -13
right_child=1 2 -4 -5 -6 6 -8 -9 9 -11 -12 13 -14 -15
leaf_value=0.0091095039559249483 0.0022227767740202807 -0.0029977909305178986 0.006426458589868375 0.0013640474866971864 -0.0079828793328286431 0.00055519003122548596 -0.0048468340489602434 -0.0055644768770471325 -0.005213433318579902 0.0037556446434247942 0.00013874408524333352 -0.0031451262205378998 -0.00017865397899909999 -0.0087104975754263101
leaf_weight=123.5925751272589 57.798253741115332 177.95425995741971 137.38697461457923 4016.3610019489424 370.58366391190793 1028.8907808677759 560.89652876439504 179.30684753472451 450.70033752452582 131.81832840200514 47021.476656362182 1170.0069205607288 4246.1456786771305 248.54271171730943
leaf_count=1137 1426 3823 2582 58715 7251 66888 35091 17519 3382 994 477079 8055 47366 6681
internal_value=-2.84888e-05 -0.0032719 0.00142572 1.50008e-05 -0.00651751 -8.43711e-05 -0.00199984 -0.000538058 -1.90925e-05 -0.00304738 1.71619e-05 -0.000963247 0.000184133 -0.0043836
internal_weight=59921.5 743.723 315.341 59177.7 428.382 55161.4 1769.09 1208.2 53392.3 582.519 52809.8 5788.29 4369.74 1418.55
internal_count=737989 15082 6405 722907 8677 664192 119498 84407 544694 4376 540318 63239 48503 14736
is_linear=0
shrinkage=0.03


Tree=98
num_leaves=15
num_cat=0
split_feature=20 16 14 18 4 33 14 9 20 29 10 33 34 6
split_gain=12.4797 9.27956 13.5051 12.8927 10.8538 9.10755 10.7007 14.8189 8.91141 8.79601 8.60317 8.50087 8.4972 10.9926
threshold=343.50000000000006 86.750000000000014 74.050000000000011 -13.033333333333319 -1.907670454545453 32.500000000000007 76.15000000000002 89.500000000000014 238.50000000000003 0.048469179826795723 255.50000000000003 72.500000000000014 0.0101465024224047 0.73508771929824568
decision_type=10 10 8 10 2 2 8 2 10 8 2 2 2 2
left_child=1 5 3 4 -3 6 7 -1 12 -7 -5 -6 -4 -14
right_child=-2 2 8 10 11 9 -8 -9 -10 -11 -12 -13 13 -15
leaf_value=0.0040212784633141194 -0.0048725116890359268 0.006315906008586095 -2.0971341688525733e-05 0.005303236496192824 0.004699980575633601 -0.002888287935148373 -7.5483330370725726e-05 -0.0041271972664972444 -0.0053251166285347542 -0.00020395781740393281 0.00093193494619987392 -0.0062071225018134968 0.00052768876847049916 0.0038571959279685947
leaf_weight=1483.5002167366911 408.98341718199663 65.439620588906109 10052.232324819081 1210.6370163778774 41.318306028842926 1082.1172846610425 2468.4609032126609 189.9281526649138 194.79952466697432 37747.950597147021 633.73806994291954 274.12427020620089 2824.6536343356129 1268.197859771084
leaf_count=26594 7465 2127 104459 12940 1019 24372 38992 3149 2463 461314 6905 5730 27386 12702
internal_value=5.54358e-05 9.3348e-05 0.000695456 0.00284323 -0.001981 -0.000139296 0.00118951 0.00300355 0.000353445 -0.000282383 0.00386547 -0.00433087 0.000450129 0.00159346
internal_weight=59946.1 59537.1 16565.1 2225.26 380.882 42972 4141.89 1673.43 14339.9 38830.1 1844.38 315.443 14145.1 4092.85
internal_count=737617 730152 175731 28721 8876 554421 68735 29743 147010 485686 19845 6749 144547 40088
is_linear=0
shrinkage=0.03


Tree=99
num_leaves=15
num_cat=0
split_feature=35 4 5 16 32 13 13 35 30 33 9 19 23 19
split_gain=14.4997 10.0656 9.87007 18.8729 10.0908 20.9406 9.9012 16.1078 8.39698 9.8756 7.89088 7.85571 7.75724 11.9548
threshold=1.5000000000000002 0.83854166666666796 9.5000000000000018 78.15000000000002 0.066692053820766706 35.050000000000004 79.050000000000011 7.5000000000000009 2267.5000000000005 30.500000000000004 90.500000000000014 -1.6290277777777786 2.2950000000000004 -2.999999999999996
decision_type=2 2 2 10 2 10 10 2 10 2 2 10 8 8
left_child=1 -1 4 12 5 -2 10 8 9 -8 -5 -7 -4 -14
right_child=2 -3 3 6 -6 11 7 -9 -10 -11 -12 -13 13 -15
leaf_value=0.0014075063004976552 -0.0065960896160438898 -6.031349823644001e-05 -3.8301695644418166e-05 -0.0029162848383559791 -0.00026312037895207549 -0.0027878094017974634 -0.0052269710238112294 -0.0053728582236921086 -0.0017448827627843558 0.0046223384665134842 0.0025596171101654104 -0.00023183789005359125 -0.0019605964177336031 0.0059423794146127376
leaf_weight=8986.6270641684532 623.30187054816633 7856.2400412485003 406.09525500959717 1345.9335433572996 32488.05390565854 1467.3939571348019 59.520105448551476 224.99591859686188 281.48449200205505 965.78197424951941 244.87719214614481 3810.2885426913563 180.11613560537808 1022.9048249027692
leaf_count=42539 17900 36993 6316 24846 438658 55707 685 9768 3159 10873 4496 54186 11120 20817
internal_value=-2.04583e-05 0.0007247 -0.000312018 0.00097407 -0.000471597 -0.00160752 -0.000393764 0.0013067 0.00261237 0.00383411 -0.00202105 -0.000961988 0.00356031 0.00472813
internal_weight=59963.6 16842.9 43120.7 4731.71 38389 5900.98 3122.59 1531.78 1306.79 1025.3 1590.81 5277.68 1609.12 1203.02
internal_count=738063 79532 658531 92080 566451 127793 53827 24485 14717 11558 29342 109893 38253 31937
is_linear=0
shrinkage=0.03


Tree=100
num_leaves=15
num_cat=0
split_feature=19 33 35 16 16 22 26 31 17 20 12 19 23 28
split_gain=9.92739 8.46041 12.996 8.54115 8.36241 14.2746 14.293 10.5539 9.24237 10.8605 11.1923 8.39336 8.86113 8.32527
threshold=12.083333333333334 18.500000000000004 8.5000000000000018 89.050000000000011 81.550000000000011 3.5000000000000004 -0.071361918850966821 -0.0057115792750053055 75.201063829787259 20.500000000000004 64.750000000000014 -3.7591750841750904 -0.80499999999999994 0.75000000000000011
decision_type=10 2 2 10 8 10 10 8 8 10 10 10 10 10
left_child=1 -1 4 -4 5 6 -3 -8 9 11 -11 -6 -13 -10
right_child=-2 2 3 -5 8 -7 7 -9 13 10 -12 12 -14 -15
leaf_value=0.0015041465241837186 0.0018631092071364928 -0.0025632793144232135 -0.0035199643501301679 0.0013965460368405185 -0.0032822737886155674 0.00011604449005337573 0.0027107409245580097 -0.00097101301518811146 0.00036982130899105192 -0.00096819802314675532 0.003855504999422177 0.0049200859562127828 0.00024770640128580053 -0.00078444933084005381
leaf_weight=2875.6862575197592 2451.0939956353977 4720.2757291209418 1533.3621630764101 368.77660853636917 470.88878801837564 12551.354675327602 874.30286485468969 2847.2271694436204 16859.566670908127 532.84530527610332 1914.9767148774117 364.46541907452047 3134.8268896022346 8376.0795501552057
leaf_count=48149 13116 38589 105543 19476 8465 170901 9627 28069 163247 7264 20528 2583 30380 71845
internal_value=1.28954e-05 -6.76306e-05 -0.000151792 -0.00255542 -6.26066e-05 -0.000526201 -0.00147616 -8.15848e-05 0.000245201 0.00125697 0.00280711 0.000278198 0.000796809 -1.40916e-05
internal_weight=59875.7 57424.6 54548.9 1902.14 52646.8 20993.2 8441.81 3721.53 31653.6 6418 2447.82 3970.18 3499.29 25235.6
internal_count=737782 724666 676517 125019 551498 247186 76285 37696 304312 69220 27792 41428 32963 235092
is_linear=0
shrinkage=0.03


Tree=101
num_leaves=15
num_cat=0
split_feature=16 5 14 17 4 7 12 12 14 4 18 4 17 1
split_gain=10.9116 15.9702 9.56875 9.09025 9.58228 8.91901 8.93694 8.41486 11.6765 9.88273 9.04771 8.26663 8.2338 14.6337
threshold=74.65000000000002 9.5000000000000018 31.050000000000004 54.603571428571435 0.83854166666666796 8.5000000000000018 73.750000000000014 77.950000000000017 76.050000000000011 -3.1464285714285718 -4.4666666666666641 -0.047727272727271945 72.601315789473702 1197.5000000000002
decision_type=10 2 8 8 2 10 8 10 8 2 10 2 10 2
left_child=1 2 -1 -4 -5 6 -2 -8 12 -10 11 -11 -9 -14
right_child=5 -3 3 4 -6 -7 7 8 9 10 -12 -13 13 -15
leaf_value=0.0071087214625823701 0.00097097537149901125 0.0024112058302217057 -0.0041490967960016575 -0.0003050351494635553 -0.0021703544470941293 -0.0030379461704966686 -0.00073519276362294728 0.0037514446430010201 0.0045476964918300571 3.2585591092916056e-05 0.00026236819644694928 -0.0025795254388097035 0.00442858980827844 -0.00010078611815562147
leaf_weight=78.963028320576996 12951.514603660675 1282.0636332624126 791.14038946083747 7745.8309295028448 3609.2022295580246 679.86699773441069 9038.5271729985252 1199.1292625656351 370.50586217804812 2137.2840449605137 14231.203416050179 2173.5297767249867 775.90173812280409 2873.2634190777317
leaf_count=2215 186523 29103 26216 121798 44602 13293 94695 11144 4041 32175 107553 30307 6713 27268
internal_value=3.4804e-05 -0.000714093 -0.00105033 -0.0011323 -0.000904843 0.0002532 0.00030537 4.1464e-05 0.000337825 -2.69535e-07 -0.000103133 -0.00129893 0.00164322 0.000909112
internal_weight=59937.9 13507.2 12225.1 12146.2 11355 46430.7 45750.9 32799.3 23760.8 18912.5 18542 4310.81 4848.29 3649.17
internal_count=737646 223934 194831 192616 166400 513712 500419 313896 219201 174076 170035 62482 45125 33981
is_linear=0
shrinkage=0.03


Tree=102
num_leaves=15
num_cat=0
split_feature=15 20 23 4 1 19 7 12 11 13 14 28 29 10
split_gain=12.3461 8.28961 8.58036 14.5137 9.96249 12.9934 12.5566 10.5429 9.75038 9.58905 12.1682 9.17928 8.43774 10.2412
threshold=43.783333333333346 339.50000000000006 3.8050000000000002 3.5124999999999997 1204.5000000000002 7.808712121212122 4.5000000000000009 71.750000000000014 15.500000000000002 55.650000000000013 51.050000000000004 2.2500000000000004 0.088310662481278598 6.5000000000000009
decision_type=8 10 10 2 2 10 10 8 2 8 8 10 8 2
left_child=-1 2 4 9 5 6 7 8 -2 -4 -11 -7 -12 -14
right_child=1 -3 3 -5 -6 11 -8 -9 -10 10 12 -13 13 -15
leaf_value=-0.0062708256018261478 -0.0027354670686180757 -0.0039507632065520363 -0.0019278071800146431 -0.0033001001779479735 -0.00063448963097160669 0.0011492044811648081 -0.0013703813015772935 0.00090854168953664904 0.0055731885906991291 0.0055849379333462266 -0.00016105369859705388 0.004980977533764936 0.0075138857589225321 0.0011125572508405676
leaf_weight=233.0106318090111 1204.9129950092174 421.83943662897218 1097.9158409220399 789.98611848335713 22099.697438142844 2775.4211687743664 4576.1488589410437 8534.2413312478457 94.726132089504972 437.83978649275377 5766.1937003908679 672.75241406122223 181.58644336089492 10993.970975478296
leaf_count=10316 15151 7463 31937 8287 221045 16063 56037 89810 1196 10362 115383 3864 2350 148392
internal_value=-1.97266e-05 9.92488e-06 4.14441e-05 0.000560632 -0.000209293 0.000317194 -8.06799e-05 0.000523373 -0.00194584 0.000734154 0.000907365 0.00195731 0.0007704 0.00124957
internal_weight=59880.2 59647.2 59225.4 19267.5 39957.9 17858.2 14410 9833.88 1299.64 18477.5 17379.6 3448.17 16941.8 11175.6
internal_count=737656 727340 719877 316711 403166 182121 162194 106157 16347 308424 276487 19927 266125 150742
is_linear=0
shrinkage=0.03


Tree=103
num_leaves=15
num_cat=0
split_feature=8 8 15 22 31 30 24 30 6 19 5 29 4 11
split_gain=9.50935 27.235 14.5693 9.09719 11.751 14.0801 11.5188 9.71957 8.96204 10.4072 8.51778 8.20563 7.92029 8.11688
threshold=1.5000000000000002 1.0000000180025095e-35 82.858333333333348 3.5000000000000004 -0.009364135029790872 70.500000000000014 0.10285037731082881 307.50000000000006 0.31414473684210531 7.9597619047619057 9.5000000000000018 0.068206833699220579 1.2583333333333331 16.500000000000004
decision_type=2 2 10 10 8 10 10 8 2 10 2 10 2 2
left_child=1 2 10 7 5 6 -5 8 9 -2 11 -1 -10 -14
right_child=3 -3 -4 4 -6 -7 -8 -9 12 -11 -12 -13 13 -15
leaf_value=-0.0045679121890375872 -0.0026836713685638117 -0.0047210161239033778 0.0090881079984728615 0.00016515528957355158 0.00065723373544009697 -0.0016551306298555324 0.0082502765130345324 -0.00068959295639149697 0.0024495732516136418 0.0031987015799759509 0.0034527748695862299 -0.00030783630999855886 -0.0020311714873799324 0.0034290378631070418
leaf_weight=411.09364681772422 1048.4812129328493 1443.5536617739126 102.06606864416972 466.15428764768876 25069.551353161689 3982.8828754803399 192.0246969582513 19212.609029640444 2570.4610062607098 313.15036479383707 423.95169401331805 3545.2577348852064 835.30770335579291 289.68923023669049
leaf_count=8534 10334 17862 789 8789 363504 69878 2087 169107 25633 1816 7624 43105 6524 2210
internal_value=-7.69437e-05 -0.00121247 -4.29234e-05 4.87204e-05 0.000400411 -0.000979081 0.00293996 -0.000381753 0.000783079 -0.00126545 -0.000355853 -0.000801973 0.0015447 -0.000539069
internal_weight=59906.2 5925.92 4482.37 53980.3 29710.6 4641.06 658.179 24269.7 5057.09 1361.63 4380.3 3956.35 3695.46 1125
internal_count=737796 77914 60052 659882 444258 80754 10876 215624 46517 12150 59263 51639 34367 8734
is_linear=0
shrinkage=0.03


Tree=104
num_leaves=15
num_cat=0
split_feature=34 30 6 20 15 29 32 7 20 15 30 24 29 4
split_gain=13.9929 10.6149 12.4746 10.7989 9.71949 9.53048 9.62898 9.59341 9.43801 9.42276 9.24512 8.30448 10.175 8.04815
threshold=0.012996337460455655 410.50000000000006 0.75735294117647067 119.50000000000001 74.683333333333351 0.08067809977009037 0.17837043022943827 4.5000000000000009 343.50000000000006 78.916666666666686 246.50000000000003 0.28976128674877072 0.14576738534396813 4.5178571428571432
decision_type=2 8 2 8 8 10 2 8 10 10 10 10 10 2
left_child=8 2 3 -2 10 -3 7 -7 13 -6 -4 12 -9 -1
right_child=1 5 4 -5 9 6 -8 11 -10 -11 -12 -13 -14 -15
leaf_value=-0.00022173889016304318 0.0020011001484237225 -0.0020143054556230992 -0.001590334457345978 -0.0020017969265332084 0.010181137042022052 0.0024176625712475251 -0.0014545083802081926 0.00036744069085584407 -0.0050924148973036064 0.0028059615504631144 0.0061957915821024183 0.0056074919546128246 -0.0045214381826342966 -0.003674097668640137
leaf_weight=46629.196518704499 2317.6318008190719 1410.8576416862197 344.66050789644942 770.87700269324705 327.21331709227525 2851.4896311031189 1467.5140690205153 1778.6064147404395 317.83836930594407 356.2235241709277 163.19120220234618 156.74810705101117 436.18476952752098 566.0473059527576
leaf_count=588027 25595 21122 4847 9340 3698 27941 11284 23727 6020 3276 2416 1195 4250 4797
internal_value=-7.04161e-05 0.000825838 0.00202508 0.000986022 0.0045707 0.000183767 0.000658786 0.00126072 -0.000304589 0.00679037 0.00124271 -0.000151561 -0.000673947 -0.00026699
internal_weight=59894.3 12381.2 4279.8 3088.51 1191.29 8101.4 6690.54 5223.03 47513.1 683.437 507.852 2371.54 2214.79 47195.2
internal_count=737535 138691 49172 34935 14237 89519 68397 57113 598844 6974 7263 29172 27977 592824
is_linear=0
shrinkage=0.03


Tree=105
num_leaves=15
num_cat=0
split_feature=19 33 18 14 13 12 15 1 11 10 33 13 20 30
split_gain=9.19174 8.55458 7.93743 9.3337 8.60365 9.3469 8.60229 7.71618 7.43215 7.2166 5.92438 5.81988 8.39076 6.78888
threshold=12.083333333333334 167.50000000000003 -16.966666666666654 42.250000000000007 59.250000000000007 71.050000000000011 62.541666666666679 1017.5000000000001 10.500000000000002 304.50000000000006 116.50000000000001 88.550000000000011 154.50000000000003 2094.5000000000005
decision_type=10 2 8 8 8 10 10 2 2 2 2 8 10 10
left_child=2 8 4 10 5 -1 7 -6 -2 -9 -4 -3 13 -13
right_child=1 11 3 -5 6 -7 -8 9 -10 -11 -12 12 -14 -15
leaf_value=-0.0053131437700706793 -0.002545365711375501 0.0037545719505012454 -0.0013678897712164305 -3.9936263169879178e-05 -0.0034190291505926231 0.0017265772021393948 -0.0034504947544272213 0.0047985023185856826 0.0044100522973969589 -0.0028067142921468806 0.008623571177987779 -0.0045893408058299313 0.0064216839638209337 0.0034853560122188104
leaf_weight=763.69496831076685 561.17567506432533 1369.6065761377104 58.488042209064588 55205.657439863135 157.02754303347319 188.41391546407249 390.17814704193734 484.01623933960218 130.39138175128028 106.61352320201695 130.89657676685601 261.31546826753765 80.982230604160577 91.707983613014221
leaf_count=35612 3266 7091 680 641792 4974 3551 14200 18243 740 4408 1302 1332 445 453
internal_value=-5.56959e-06 0.00175869 -8.36104e-05 -1.43409e-05 -0.0018764 -0.00390341 -8.73495e-05 0.00177404 -0.00102503 0.00331378 0.00589668 0.00282492 -0.0001936 -0.00231954
internal_weight=59980.2 2495.18 57485 55395 2089.94 952.109 1137.84 747.657 691.567 590.63 189.385 1803.61 434.006 353.023
internal_count=738089 13327 724762 643774 80988 39163 41825 27625 4006 22651 1982 9321 2230 1785
is_linear=0
shrinkage=0.03


Tree=106
num_leaves=15
num_cat=0
split_feature=35 0 15 35 10 6 2 12 27 14 6 21 12 10
split_gain=14.2699 12.8864 9.21803 8.94459 8.7935 8.87618 8.17737 9.36855 8.16324 9.71026 11.7142 8.80466 8.79173 8.0029
threshold=4.5000000000000009 9.5000000000000018 71.858333333333348 9.5000000000000018 288.50000000000006 0.21583850931677021 8.5000000000000018 65.15000000000002 1.0000000180025095e-35 73.15000000000002 0.31009615384615391 0.1202409638554217 71.850000000000009 315.50000000000006
decision_type=2 2 10 2 2 2 10 10 10 10 2 10 10 2
left_child=2 6 8 -3 -4 -6 7 13 -1 10 -10 -11 -12 -2
right_child=1 3 4 -5 5 -7 -8 -9 9 11 12 -13 -14 -15
leaf_value=0.0003002249787692149 -0.0048617557918170309 0.00016761579116537098 -0.00036844814975193661 -0.0026637996114321459 -0.0014713583153086482 0.0013350185465630688 0.0025687418256268206 -0.0013181857789087369 -0.0010069984562633286 0.0071072200249112268 0.0012002490155576392 -6.6546543469048149e-05 0.0045247787239348219 0.00069364502568163662
leaf_weight=10016.215959700756 1492.7543463300972 8421.9018395502353 22410.963419716805 1089.392716430244 1185.3186974562705 5764.9489532727748 291.74164702324197 3320.5614452988375 1458.0209209742025 463.63561777863652 2609.5063000568189 218.58564287982881 968.64725537598133 261.36599933111575
leaf_count=75060 46098 201007 149788 88933 7795 38419 6853 71273 11185 3545 21028 1693 7051 8010
internal_value=-3.09477e-05 -0.00083501 0.000234954 -0.00016892 -7.92293e-05 0.00084932 -0.00200311 -0.00228844 0.000819623 0.0017189 0.00123524 0.00496113 0.00215019 -0.00403771
internal_weight=59973.6 14877.7 45095.8 9511.29 29361.2 6950.27 5366.42 5074.68 15734.6 5718.4 5036.17 682.221 3578.15 1754.12
internal_count=737738 422174 315564 289940 196002 46214 132234 125381 119562 44502 39264 5238 28079 54108
is_linear=0
shrinkage=0.03


Tree=107
num_leaves=15
num_cat=0
split_feature=35 10 6 10 32 6 28 31 30 33 14 12 14 29
split_gain=9.44187 9.94481 14.3167 12.0168 10.7333 12.15 10.9642 11.0259 10.0112 9.7492 9.67772 8.89808 20.8652 9.43781
threshold=6.5000000000000009 229.50000000000003 0.22649572649572652 232.50000000000003 0.18193706819727415 0.20526315789473687 -1.0000000180025095e-35 -0.01865545399286881 382.50000000000006 3988.5000000000005 84.950000000000017 67.750000000000014 68.850000000000009 0.093339079509025855
decision_type=2 2 2 2 2 2 10 8 10 2 10 8 8 10
left_child=1 4 3 -3 6 -6 11 -8 -7 10 -4 -1 -13 -14
right_child=-2 2 9 -5 5 8 7 -9 -10 -11 -12 12 13 -15
leaf_value=-0.0013193196946491407 -0.0010968781138832272 0.005602022013968924 0.00086142791020502019 -0.0013016972127072798 0.0027167252430558464 0.00051409256360961217 -0.0039000664040621789 -0.00037570257000412067 -0.0051758048714745991 -0.002442302347344957 0.0030906160793332583 0.0049728004838935583 -0.00093977308816506322 0.0011790404885788041
leaf_weight=1712.2023710943758 6183.665389259957 190.97258859220892 15823.403883175924 4125.53481067135 289.60823297686875 366.71121386904269 789.33341537415981 17058.788469586521 1003.5357045684941 676.61929967440665 1936.0276095159352 1011.0088582080789 2723.2276295863558 5933.1688865572214
leaf_count=19887 270284 1583 141032 35171 1914 2547 7222 144096 6911 5343 15300 9670 26988 49201
internal_value=8.29165e-06 0.000136599 0.000611855 -0.00093561 -0.00021391 -0.00252422 -7.86195e-05 -0.000542027 -0.00368856 0.00097572 0.00111244 0.000647395 0.00100072 0.000510911
internal_weight=59823.8 53640.1 22752.6 4316.51 30887.6 1659.86 29227.7 17848.1 1370.25 18436.1 17759.4 11379.6 9667.41 8656.4
internal_count=737149 466865 198429 36754 268436 11372 257064 151318 9458 161675 156332 105746 85859 76189
is_linear=0
shrinkage=0.03


Tree=108
num_leaves=15
num_cat=0
split_feature=15 29 2 14 12 13 18 10 34 14 26 28 32 25
split_gain=9.2385 7.45386 8.95651 6.83582 9.41842 10.198 6.94421 11.0864 10.6418 9.35022 9.47443 16.6713 11.8115 12.6374
threshold=45.583333333333343 0.12632922248518144 4.5000000000000009 45.650000000000013 71.550000000000011 55.650000000000013 -13.600000000000003 92.500000000000014 -0.0045482856783033467 68.450000000000017 -0.020010608829854459 -0.74999999999999989 0.048532488309131185 0.15735556937890818
decision_type=8 10 10 8 10 10 8 2 2 8 10 10 2 10
left_child=1 2 -1 4 5 -2 7 8 -5 10 -8 12 -12 -14
right_child=3 -3 -4 6 -6 -7 9 -9 -10 -11 11 -13 13 -15
leaf_value=-0.0095385356695999422 -0.0022530285670889889 0.0029209312351895548 0.0019880777670308776 0.0061803351756283794 -0.0017380873076093442 0.0079301603425962156 0.00046692899975265471 -0.0021264167683431165 -0.00098990587251369336 -5.4175218982033951e-05 -0.0033200758750428594 0.0011153131797919627 0.011002939658252879 -0.0010901566500438134
leaf_weight=186.33869391214103 92.751791873248294 61.316742117982358 61.363879776909016 267.97867055539973 213.90815389261115 307.81196159368847 6961.4555489523336 2716.9205500074895 422.20334585523233 46575.98600395862 57.84436449338682 1515.9148689834401 360.93211606494151 85.474391927942634
leaf_count=7672 2599 1487 4008 9501 2481 6359 80036 88997 12996 493518 1330 20414 5165 748
internal_value=4.127e-05 -0.00475678 -0.00682871 7.01238e-05 0.00309597 0.00558385 3.59951e-05 -0.00126865 0.00202353 0.000117072 0.00100049 0.00278345 0.00724531 0.00881087
internal_weight=59888.2 309.019 247.703 59579.2 614.472 400.564 58964.7 3407.1 690.182 55557.6 8981.62 2020.17 504.251 446.407
internal_count=737311 13167 11680 724144 11439 8958 712705 111494 22497 601211 107693 27657 7243 5913
is_linear=0
shrinkage=0.03


Tree=109
num_leaves=15
num_cat=0
split_feature=35 13 31 18 14 23 32 13 16 4 32 14 32 31
split_gain=8.08124 8.24529 7.55387 9.87031 8.19641 9.13699 11.2173 17.2162 11.8685 11.4217 8.27158 7.40284 7.407 8.62513
threshold=1.5000000000000002 92.350000000000009 -0.00064502958705813863 -20.5 77.050000000000011 2.4050000000000007 0.11621706239740055 76.350000000000009 77.350000000000009 1.2290209790209803 0.099976269577598489 84.550000000000011 0.095720184187721963 -0.012772880988633903
decision_type=2 10 8 8 8 8 2 8 10 2 2 10 2 10
left_child=1 -1 3 -2 -5 6 7 8 -6 10 -9 12 -7 -14
right_child=2 -3 -4 4 5 11 -8 9 -10 -11 -12 -13 13 -15
leaf_value=0.00079907195399936415 -0.0046180132478438555 -0.0025565125813810595 0.00022843187776880731 0.0001893723977250988 0.0035371806729362814 0.00072625190176588811 -0.0038895522770073889 0.0011230446563357474 -0.0072431661914015575 -0.0026527654739431695 0.0076211685888435705 0.0020681728130972827 0.0012041571631867165 -0.0026511835659347649
leaf_weight=16205.936965972185 478.43228413024917 639.0120342373848 24973.073055042012 8865.5581202112371 85.412859587697312 1682.6824188207975 1810.139845036203 472.83427547477186 359.9315698472783 330.9682478052564 252.93366256938316 905.3789634720888 649.22214062418789 2183.6525715475436
leaf_count=76509 25368 3020 352434 148703 1212 36687 19724 6481 4754 3542 3144 14485 9590 31913
internal_value=0.000108543 0.000664589 -0.000109548 -0.000575801 -0.000453139 -0.00110276 -0.00233182 -0.000389778 -0.00502725 0.00170344 0.00373291 -0.000337346 -0.000837025 -0.00176208
internal_weight=59895.2 16844.9 43050.2 18077.1 17598.7 8733.16 3312.22 1502.08 445.344 1056.74 725.768 5420.94 4515.56 2832.87
internal_count=737566 79529 658037 305603 280235 131532 38857 19133 5966 13167 9625 92675 78190 41503
is_linear=0
shrinkage=0.03


Tree=110
num_leaves=15
num_cat=0
split_feature=22 18 24 14 22 31 16 12 18 23 32 20 14 18
split_gain=12.081 9.85042 9.7618 8.9842 7.55583 10.0732 10.4763 7.76782 7.75377 7.02427 7.88709 6.50309 6.92315 8.2076
threshold=8.5000000000000018 -16.966666666666654 0.20328112623322625 20.450000000000003 9.5000000000000018 -0.0089503781931493682 78.65000000000002 65.15000000000002 -17.591666666666647 7.9050000000000011 0.069234891582158467 9.5000000000000018 82.050000000000011 -7.4833333333333298
decision_type=10 8 10 8 10 8 10 10 10 10 2 8 8 10
left_child=1 3 4 -1 9 7 -7 -6 -8 -2 -11 12 13 -3
right_child=2 11 -4 -5 5 6 8 -9 -10 10 -12 -13 -14 -15
leaf_value=0.0049794110163841618 0.0035598863223695563 -0.00057813425380838469 0.0065491289726905579 -0.0032605798803998268 -0.0056961989764948611 0.0032559224465794922 0.0055660816629783888 0.00059559289518430422 -0.00082706738856129058 -0.0044863569932040168 0.0018230489409628847 -0.00014378749284745717 -0.0013831543470170455 0.0025047281693555321
leaf_weight=86.571552752982825 1462.023967675399 1079.5073662539944 251.82741738203913 1276.151606348576 365.51539505342953 1064.2050622479292 136.00973960547708 292.098293768242 2046.8579712409992 197.84364889166318 585.64507615123875 47616.439357945084 821.48407822009176 2584.1719085357618
leaf_count=1512 24580 17500 2514 45252 10992 29174 4660 5347 31563 7193 11407 517776 7548 20285
internal_value=4.02839e-05 -0.000107604 0.00126658 -0.0025794 0.000999208 0.000193634 0.000888324 -0.0030569 -0.000313004 0.00236528 5.62659e-05 -4.05425e-05 0.00104505 0.00160081
internal_weight=59866.4 53464.3 6402.03 1362.72 6150.2 3904.69 3247.07 657.614 2182.87 2245.51 783.489 52101.6 4485.16 3663.68
internal_count=737303 609873 127430 46764 124916 81736 65397 16339 36223 43180 18600 563109 45333 37785
is_linear=0
shrinkage=0.03


Tree=111
num_leaves=15
num_cat=0
split_feature=35 7 21 16 0 23 16 1 28 21 16 11 35 1
split_gain=8.7355 7.86702 7.90865 14.5593 13.3274 13.323 11.1618 9.22018 9.54294 8.70543 8.53881 8.17795 7.60242 7.2113
threshold=9.5000000000000018 7.5000000000000009 0.13811445341159209 84.950000000000017 13.500000000000002 2.9750000000000005 71.250000000000014 1114.5000000000002 -1.2499999999999998 0.23861283643892342 85.450000000000017 34.500000000000007 7.5000000000000009 1525.5000000000002
decision_type=2 10 10 10 2 10 10 2 10 10 10 2 2 2
left_child=1 2 3 -1 6 -5 -4 11 -9 -6 -10 -7 -8 -2
right_child=13 -3 4 5 9 7 12 8 10 -11 -12 -13 -14 -15
leaf_value=0.00010467328851929067 -0.004098605715888359 -0.0017580478659958826 -0.006161033274151074 0.0027847070739271409 0.0047885981422396817 -0.0041128468006624988 -0.0003298295625578721 -0.0024655240542482615 0.0073615227795626346 0.00033826548922767289 0.001186433683367817 0.0055102044219593662 -0.0035846813107983421 0.0010646002630721174
leaf_weight=28346.392808608245 764.08893745718524 1999.3344445321709 262.38972504693083 3899.7734069232829 659.84501353604719 562.04979074408766 19003.215640480397 527.80690261127893 181.5636144799646 912.28307042829692 1832.3064299209509 47.374146150890738 619.49397514713928 322.32428221101873
leaf_count=343583 64478 30761 3621 33459 8373 6046 161255 7263 2044 9661 20649 665 21834 24919
internal_value=1.79462e-05 6.81933e-05 0.000133903 0.000409168 -0.000320088 0.00162396 -0.000532171 0.000166374 0.000969757 0.00229616 0.00190801 -0.00300371 -0.000441436 -0.00258731
internal_weight=59940.2 58853.8 56854.5 35397.3 21457.2 7050.87 19885.1 3151.1 2541.68 1572.13 2013.87 609.424 19622.7 1086.41
internal_count=738611 649214 618453 413709 204744 70126 186710 36667 29956 18034 22693 6711 183089 89397
is_linear=0
shrinkage=0.03


Tree=112
num_leaves=15
num_cat=0
split_feature=35 8 8 4 10 34 21 32 0 33 34 32 17 13
split_gain=8.84892 10.276 22.0676 11.2803 10.7984 9.185 8.19844 8.10764 7.3081 9.65169 7.24283 11.4644 12.9669 16.9895
threshold=2.5000000000000004 1.5000000000000002 1.0000000180025095e-35 -0.12132352941176448 327.50000000000006 0.043039507168673753 0.30901856763925734 0.073916283289055931 10.500000000000002 254.50000000000003 0.003652120583405197 0.074421283892401685 75.401111111111121 67.350000000000009
decision_type=2 2 2 2 2 2 10 2 2 2 2 2 10 10
left_child=5 2 7 10 6 -1 -5 -2 -6 -10 -3 -12 13 -13
right_child=1 3 -4 4 8 -7 -8 -9 9 -11 11 12 -14 -15
leaf_value=0.00025485392576491962 -0.0044829480716951069 -0.00012045478650795796 -0.0067619236148915105 -0.00078653598936947284 -9.6049030867978382e-05 0.0037384701143459011 -0.0032714591790790797 0.00020128809280115878 0.0075389424952119911 0.00029322339665803298 0.0062812976704483599 0.002259970598876151 0.0027762899245653717 -0.002538917439985263
leaf_weight=28675.204590663314 352.7037623131182 7584.0915077793179 642.61095304379705 12391.570113467984 993.62004750710912 648.21775870397687 1282.4019803819247 1887.4080571520608 286.53781918855384 333.77683000452816 343.34111969964579 1127.2286356068216 1889.7527631935664 1475.1988253481686
leaf_count=156090 11612 166335 13618 210014 14564 3441 18363 36632 6084 5890 11134 26045 31149 26272
internal_value=-3.39926e-05 -0.00039064 -0.00207954 -0.000211496 -0.000755984 0.000338095 -0.00103065 -0.000618015 0.00153217 0.00395288 0.000459084 0.00135997 0.000918824 -0.000456884
internal_weight=59913.7 30590.2 2882.72 27707.5 15287.9 29323.4 13674 2240.11 1613.93 620.315 12419.6 4835.52 4492.18 2602.43
internal_count=737243 577712 61862 515850 254915 159531 228377 48244 26538 11974 260935 94600 83466 52317
is_linear=0
shrinkage=0.03


Tree=113
num_leaves=15
num_cat=0
split_feature=20 25 19 28 3 4 31 24 25 32 2 16 13 23
split_gain=8.49447 8.05615 8.0429 11.1992 12.5608 12.3321 7.9168 9.69163 8.43573 8.46157 7.68948 7.3264 11.9703 9.58573
threshold=343.50000000000006 0.18000047627747848 7.9597619047619057 -2.2499999999999996 61.750000000000007 2.087121212121215 -0.0016148833162583484 0.095655085535167481 0.12034484416592382 0.11291653114099533 5.5000000000000009 82.550000000000011 68.550000000000011 3.3050000000000002
decision_type=10 10 10 10 2 2 10 10 8 2 10 8 8 10
left_child=2 -2 11 -4 5 6 7 -5 -9 -10 -8 13 -13 -1
right_child=1 -3 3 4 -6 -7 10 8 9 -11 -12 12 -14 -15
leaf_value=-0.0011356703239606477 -0.0064483069591853648 0.002058419173700035 0.0046371342564980426 0.00197220784019041 0.0050571820725762353 -0.0017353933551584547 0.0024774099499690091 -0.0052187968528924576 0.0033190346488750568 -0.0023319987604649662 -0.00059310509672104114 0.0022145982464324633 1.8127511232634281e-05 0.00010936055058804667
leaf_weight=11193.463597693597 289.61326258501504 113.95916067971848 603.52567606605589 844.68885676469654 474.90125591307878 2026.6927642682567 2978.271935951896 437.03278145007789 320.70350178983063 619.85934506822377 946.66432052804157 2395.0637543753255 25761.65159235883 11005.040003066242
leaf_count=125741 6160 1292 3815 6178 2838 11744 17071 2839 1950 3362 5410 36613 296781 216494
internal_value=5.88975e-06 -0.0040841 3.69807e-05 0.000847456 0.000557874 0.000267308 0.000936258 -0.000488031 -0.0020128 -0.000334894 0.00173868 -0.00011263 0.000208558 -0.00051958
internal_weight=60011.1 403.572 59607.6 9252.34 8648.81 8173.91 6147.22 2222.28 1377.6 940.563 3924.94 50355.2 28156.7 22198.5
internal_count=738288 7452 730836 55207 51392 48554 36810 14329 8151 5312 22481 675629 333394 342235
is_linear=0
shrinkage=0.03


Tree=114
num_leaves=15
num_cat=0
split_feature=7 24 4 4 23 35 18 12 11 4 32 23 19 16
split_gain=8.00054 8.50061 8.04666 7.91328 8.07015 8.5329 9.1689 15.233 11.0494 9.17796 10.3634 8.74994 8.17961 7.86991
threshold=8.5000000000000018 0.011542155708780364 3.7886904761904749 4.5178571428571432 3.3050000000000002 2.5000000000000004 -6.2333333333333298 66.15000000000002 31.500000000000004 0.5645833333333351 0.16412165633455494 -0.99499999999999988 -2.3249999999999988 88.850000000000009
decision_type=10 10 2 2 10 2 10 10 2 2 2 10 8 10
left_child=3 -2 -3 4 5 11 9 -8 -9 -7 -11 12 -1 -10
right_child=1 2 -4 -5 -6 6 7 8 13 10 -12 -13 -14 -15
leaf_value=-0.0050012099764761928 0.0050621638095355642 -0.0050864053142988261 0.0042222203377364157 -0.0029484500933173678 0.00054152914695275607 -0.00073887485645622185 0.0066651380023039922 -0.00058164251738731024 0.00068984400368861712 -0.0036227548308279834 0.0026880714010114786 -0.00013686842625521681 0.0015130567785500884 0.0076990090512249788
leaf_weight=131.87507147341967 62.333818887243979 613.68419072206598 57.398519790265709 733.0738511653617 21927.222521170275 5195.7563590180362 246.48070317134261 7323.5536452350207 364.97275206679478 2157.984565749066 225.74640008620918 15661.675456501544 4904.0625291503966 200.95492302905768
leaf_count=758 2513 11837 642 6014 353814 106747 2989 90537 4769 39978 3109 84548 25431 2869
internal_value=7.45969e-06 -0.00300435 -0.00405266 4.73614e-05 8.74978e-05 -0.000186279 -0.000712193 -1.15218e-05 -0.000260773 -0.0014593 -0.00298215 0.000213796 0.00129498 0.00360167
internal_weight=59806.8 733.417 671.083 59073.4 58340.3 36413.1 15715.4 8135.96 7889.48 7579.49 2383.73 20697.6 5035.94 565.928
internal_count=736555 14992 12479 721563 715549 361735 250998 101164 98175 149834 43087 110737 26189 7638
is_linear=0
shrinkage=0.03


Tree=115
num_leaves=15
num_cat=0
split_feature=20 24 3 35 5 23 24 10 4 35 21 13 26 1
split_gain=12.8681 12.9546 10.2921 10.1416 12.6252 10.3761 10.7489 8.67768 7.9085 9.63815 13.9961 7.17419 7.05044 7.00262
threshold=6.5000000000000009 0.031657175308056867 56.250000000000007 4.5000000000000009 10.500000000000002 6.8050000000000006 0.18737560491794764 121.50000000000001 -1.7679487179487159 7.5000000000000009 0.15655637254901963 54.650000000000013 -0.13776179528364735 1615.5000000000002
decision_type=8 10 2 2 2 10 10 2 2 2 8 10 10 2
left_child=1 -1 3 4 5 -2 7 -7 11 -10 13 -4 -3 -11
right_child=2 12 8 -5 -6 6 -8 -9 9 10 -12 -13 -14 -15
leaf_value=-0.0027387676302377843 0.00050243685720777393 0.00045200114715175139 -0.0036927272029098671 -0.0004837526602821169 0.0050412403127556077 9.8754416917623821e-05 -0.0039458025849111976 0.0061242941491707484 -0.00025134224130136826 -0.0015058700603821481 -0.0056860490782589595 0.0044048721857027091 0.0066444971281698559 0.0039259474847220402
leaf_weight=219.38402013806626 10746.92715509003 236.00299023091793 80.451485518016852 5805.7404364087852 620.1485181953758 299.8612336050719 118.07574714906514 726.23742619017139 38137.995343328948 1024.5089573845034 684.12291213416029 489.87086116615683 571.43693850981072 217.09912793291733
leaf_count=4365 77348 2007 1342 184459 4890 2591 870 6260 343366 54688 32211 6690 6363 10522
internal_value=1.95024e-05 0.00326946 -3.98288e-05 0.000549665 0.00102923 0.000799762 0.00345449 0.00444983 -0.000305909 -0.000357533 -0.00240099 0.00305702 0.00496642 -0.000440887
internal_weight=59977.9 1026.82 58951 18317 12511.3 11891.1 1144.17 1026.1 40634 40063.7 1925.73 570.322 807.44 1241.61
internal_count=737972 12735 725237 276418 91959 87069 9721 8851 448819 440787 97421 8032 8370 65210
is_linear=0
shrinkage=0.03


Tree=116
num_leaves=15
num_cat=0
split_feature=18 35 0 6 6 18 27 16 22 12 22 16 34 14
split_gain=8.61207 6.5293 7.75564 7.33395 8.87603 7.36298 7.2253 7.3245 6.05247 11.3432 9.48765 10.7322 9.23479 8.23737
threshold=-31.833333333333325 7.5000000000000009 10.500000000000002 0.58578431372549034 0.31414473684210531 -4.6999999999999984 390.50000000000006 90.450000000000017 8.5000000000000018 57.250000000000007 10.500000000000002 78.65000000000002 0.026144370864247837 84.450000000000017
decision_type=8 2 2 2 2 8 8 10 10 8 10 10 2 8
left_child=-1 8 -3 4 6 -6 7 -4 9 -2 12 -12 13 -10
right_child=1 2 3 -5 5 -7 -8 -9 10 -11 11 -13 -14 -15
leaf_value=-0.0061317449137496529 -0.0026705572472654347 -0.0030658089181729484 -0.0040390011592792065 -0.001852336619369104 0.0052448981462773544 -0.0016600027633263661 0.0055099344297323306 0.0038292825452974607 0.0015153881189897914 0.00015311051704065183 0.0026631489109546999 -0.0019566603416943532 -0.0033126133336881182 0.0049310325192996754
leaf_weight=150.08707334904466 1264.4358874288155 1180.3053502411349 450.11971567105502 1140.6585207656026 519.88190464989748 157.2381064001238 74.300989445648156 92.790030856616795 2352.0982758007012 49485.293134419713 612.55829128879122 1383.8247645436786 224.01138308830559 863.29738664021716
leaf_count=9311 18214 63771 23750 61755 28925 6969 4737 4029 29587 449726 9300 15554 2526 10473
internal_value=8.20218e-05 0.000102726 -0.00112426 -0.000140385 0.00138109 0.00363758 -0.0011815 -0.0024847 0.000182607 8.01992e-05 0.00112926 -0.000508711 0.00207368 0.00249391
internal_weight=59950.9 59800.8 3615.29 2434.99 1294.33 677.12 617.211 542.91 56185.5 50749.7 5435.79 1996.38 3439.41 3215.4
internal_count=738627 729316 193936 130165 68410 35894 32516 27779 535380 467940 67440 24854 42586 40060
is_linear=0
shrinkage=0.03


Tree=117
num_leaves=15
num_cat=0
split_feature=21 34 16 17 33 16 10 13 13 17 18 10 6 34
split_gain=8.56045 10.247 7.77858 8.90302 7.55796 8.80724 9.2214 9.31542 8.84616 10.3472 9.34159 9.21933 9.39795 8.55892
threshold=0.13811445341159209 0.040341899737903093 77.350000000000009 80.660952380952395 24.500000000000004 78.65000000000002 267.50000000000006 68.550000000000011 72.250000000000014 69.686335403726716 -6.2916666666666634 344.50000000000006 0.82843137254901966 0.0029604606544144101
decision_type=10 2 10 10 2 10 2 10 10 10 10 2 2 2
left_child=4 -2 -3 -4 13 -6 -7 -8 -9 -10 -11 -12 -13 -1
right_child=1 2 3 -5 5 6 7 8 9 10 11 12 -14 -15
leaf_value=0.00066551606417686185 -0.00057436193149504084 -0.0045452163221401483 0.0064636893121041115 -0.00043017392025326189 -0.00033103235923284956 0.0010726910051735317 0.0017704054425905285 -0.0042618998151856564 0.0053680138352538743 -0.0040440565969745833 -0.0011174348658764463 0.0049214222010522659 -0.0032765468587172804 0.0041478071263034632
leaf_weight=2159.2191149059217 21632.774118958507 69.455760347889736 408.74428955372423 257.21669569378719 16791.844212459284 12386.026400349918 1266.5571792096598 629.32060699351132 201.92500523058698 639.15867954236455 1907.8164836023934 462.91965703573078 128.06874938309193 865.22991690179333
leaf_count=38653 226565 792 3994 2241 250351 140970 17435 7645 2301 11297 16337 3528 1024 13276
internal_value=1.03864e-05 -0.000453368 0.00291574 0.00395695 0.000287702 0.000160137 0.000627786 -0.000424897 -0.00113872 -0.000496048 -0.000951669 -9.68645e-05 0.00302789 0.00171298
internal_weight=59806.3 22368.2 735.417 665.961 37438.1 34413.6 17621.8 5235.77 3969.21 3339.89 3137.96 2498.8 590.988 3024.45
internal_count=736409 233592 7027 6235 502817 450888 200537 59567 42132 34487 32186 20889 4552 51929
is_linear=0
shrinkage=0.03


Tree=118
num_leaves=15
num_cat=0
split_feature=16 15 15 27 13 24 6 32 15 29 32 19 15 10
split_gain=14.4048 8.9591 8.9961 14.7353 8.84252 8.69403 8.49133 10.3553 16.9775 9.15059 8.60763 8.12438 8.07758 7.3113
threshold=86.750000000000014 45.583333333333343 81.641666666666694 190.50000000000003 69.550000000000011 0.37397639663605448 0.21240601503759401 0.18393278965129362 64.416666666666686 0.044070160508710973 0.17465165970694499 2.2306623931623908 55.716666666666676 251.50000000000003
decision_type=8 8 10 10 8 10 2 2 10 10 2 10 10 2
left_child=1 -1 6 -4 -2 -5 10 9 -9 -8 12 -12 -3 -14
right_child=4 2 3 5 -6 -7 7 8 -10 -11 11 -13 13 -15
leaf_value=-0.0050861992126259884 0.0031734352159551089 0.0036972258818803137 -0.00064231999628288044 -0.0068743755962267896 0.00051796324189963138 0.0030843610482116607 -0.003043785995345656 0.0072053048377934657 -0.0043859817695674069 0.00026621001751092773 -0.0022236110413142952 0.00628825442763431 -0.0008018409726774599 -0.0030525795559977189
leaf_weight=299.50655987486243 1150.1770776944468 218.99759839545004 2085.8656896504108 568.36414618534036 19806.773345860187 61.421695853117853 722.41281841823366 84.875285540241748 826.06516214925796 28165.072483930038 130.83059334172867 212.64692477462813 3481.6054201142397 2073.0389956474537
leaf_count=12922 17006 5902 17047 4834 218807 382 17222 876 6176 367638 1261 1242 41012 24964
internal_value=3.76722e-05 -0.000303632 -0.000260026 -0.00190881 0.00067091 -0.0057477 -0.000132877 7.67038e-05 -0.00298727 0.000178318 -0.00114616 0.00317552 -0.00142831 -0.00166157
internal_weight=59887.7 38930.7 38631.2 2715.65 20957 629.786 35915.5 29798.4 910.94 28887.5 6117.12 343.478 5773.64 5554.64
internal_count=737291 501478 488556 22263 235813 5216 466293 391912 7052 384860 74381 2503 71878 65976
is_linear=0
shrinkage=0.03


Tree=119
num_leaves=15
num_cat=0
split_feature=35 22 25 33 35 13 24 14 6 30 1 31 13 34
split_gain=10.764 8.16138 12.1074 11.3582 9.66452 8.87684 10.4418 12.599 9.82654 8.83368 10.917 9.7292 7.95208 9.75956
threshold=1.5000000000000002 6.5000000000000009 0.025269249812909587 68.500000000000014 4.5000000000000009 81.950000000000017 0.093413069597808832 81.750000000000014 0.6858552631578948 2267.5000000000005 1605.5000000000002 0.010372737271304841 85.550000000000011 0.0090205566554419758
decision_type=2 10 10 2 2 10 10 10 2 10 2 10 10 2
left_child=-1 4 3 -3 -2 -4 8 -8 -7 12 11 -11 -6 -14
right_child=1 2 5 -5 9 6 7 -9 -10 10 -12 -13 13 -15
leaf_value=0.00061852549835483589 -0.00017773750484906335 0.001791438210539002 0.0011161556326591794 -0.006033768528195026 -0.0012289973180436042 -0.0042155961696507694 0.0060323358010471381 -0.0012058802889087681 0.00080333657421915539 -0.0055424115342885879 0.0019614571804788083 0.0042561706113410994 -0.00056108581369515597 0.0064861733495612554
leaf_weight=16937.824376009405 22257.135583638214 227.33682621293701 8388.9979581300868 429.46774284832645 7434.8161946452456 944.99287257320248 305.14235177496448 520.72792681097053 520.90806351043284 1015.508729997091 235.97378288581967 63.651018553646281 466.83186329854652 227.97005600575358
leaf_count=79918 182719 11121 168829 19014 194045 15544 3705 6541 9209 25397 5482 1435 10108 4810
internal_value=-2.10368e-05 -0.000273157 0.000416359 -0.00339014 -0.000520016 0.000665142 -0.000974369 0.00166019 -0.00246445 -0.00132143 -0.00356071 -0.0048016 -0.000939634 0.00203138
internal_weight=59977.3 43039.5 11337.6 656.805 31701.9 10680.8 2291.77 825.87 1465.9 9444.75 1315.13 1079.16 8129.62 694.802
internal_count=737877 657959 233963 30135 423996 203828 34999 10246 24753 241277 32314 26832 208963 14918
is_linear=0
shrinkage=0.03


Tree=120
num_leaves=15
num_cat=0
split_feature=16 13 14 35 25 32 11 6 23 33 25 16 32 17
split_gain=8.1763 7.67908 10.534 7.99145 7.94943 7.40176 7.89423 7.03506 8.83077 8.57558 8.52474 8.04795 11.3007 10.4558
threshold=45.750000000000007 44.750000000000007 53.050000000000004 9.5000000000000018 0.1369188366653229 0.048532488309131185 26.500000000000004 0.10555555555555557 4.6850000000000014 143.50000000000003 0.12103937861360509 86.450000000000017 0.17334337477507419 80.181101190476213
decision_type=8 8 8 2 10 2 2 2 10 2 10 8 2 8
left_child=-1 2 -2 7 5 -4 -7 8 -3 -10 -11 12 -9 -13
right_child=1 3 4 -5 -6 6 -8 11 9 10 -12 13 -14 -15
leaf_value=-0.007318053092203341 -0.0035498265932438961 -0.0022947232643161309 -0.0020183129287076186 -0.0025300212991605027 -0.0014766554761138427 0.0095848872005537267 -0.0022092763201538271 2.3078692106225348e-06 -0.0032192145242064319 0.0063635777083534068 -0.00094631233047964998 0.001759463457671677 -0.0021589982263073354 0.00020598887868097934
leaf_weight=85.957071528187953 130.43000493361615 2206.8303041073959 55.680575307225809 1044.2350140925264 117.39976371219382 319.34502929903101 40.067243659170344 32537.409151228261 208.7391157259699 297.03838243335485 225.39369395468384 5216.3342318960931 2283.4239261427429 15086.415786830941
leaf_count=4658 4536 21767 2247 83614 1355 7234 846 377963 3395 4658 2511 55547 17219 150131
internal_value=3.06161e-05 4.72927e-05 0.00314223 9.95383e-06 0.0049454 0.00672522 0.00816084 5.77727e-05 -0.00136009 0.00142717 0.00340267 0.000134506 -0.000142315 0.000608461
internal_weight=59854.7 59768.7 662.923 59105.8 532.493 415.093 359.412 58061.6 2938 731.171 522.432 55123.6 34820.8 20302.8
internal_count=737681 733023 16218 716805 11682 10327 8080 633191 32331 10564 7169 600860 395182 205678
is_linear=0
shrinkage=0.03


Tree=121
num_leaves=15
num_cat=0
split_feature=35 4 23 34 26 20 18 12 10 9 1 6 13 25
split_gain=12.3292 9.14755 10.3056 8.94062 7.22662 7.22543 6.91028 16.1203 12.5225 9.709 7.56768 6.82868 7.9794 16.7444
threshold=1.5000000000000002 0.95643939393939104 0.19500000000000003 0.0074081990708198152 0.89546239886581513 319.50000000000006 -0.15833333333333141 66.350000000000009 102.50000000000001 34.500000000000007 2040.5000000000002 0.78174603174603186 78.950000000000017 0.128260380574613
decision_type=2 2 10 2 10 10 10 10 2 2 2 2 8 8
left_child=1 -1 3 4 -3 6 11 -8 9 -9 -10 -2 13 -13
right_child=5 2 -4 -5 -6 -7 7 8 10 -11 -12 12 -14 -15
leaf_value=0.0013710111465925581 -0.0005506078570803037 0.0038455744446152964 -0.00076845052588645174 -0.00056512920558008078 -0.0034698193667372684 -0.003995160088239854 0.0063433729312322258 0.0024147275286838981 0.0015050314204772875 -0.0036861505538535386 -0.0036256888386464576 0.00074520307525146798 0.0014173155294949918 -0.0027252847331240351
leaf_weight=9452.3334132358432 27405.466756846174 1211.9787046909332 5190.5251255780458 951.80538608133793 95.887256093323231 397.17893437040038 388.73897432116792 270.13938650442287 3724.5491700479761 932.19132936932147 230.70427252259105 3987.7470341117587 3886.2417332727928 1763.9974428566638
leaf_count=44660 440168 5578 24669 4382 463 8773 3260 2280 30463 7588 1823 79832 60639 23088
internal_value=6.87449e-05 0.000753952 -3.28529e-05 0.00163689 0.00320122 -0.000201243 -0.000161218 0.000821736 0.000348648 -0.00227373 0.00116424 -0.0003093 0.000376154 -0.000333472
internal_weight=59889.5 16902.5 7450.2 2259.67 1307.87 42987 42589.8 5546.32 5157.58 1202.33 3955.25 37043.5 9637.99 5751.74
internal_count=737666 79752 35092 10423 6041 657914 649141 45414 42154 9868 32286 603727 163559 102920
is_linear=0
shrinkage=0.03


Tree=122
num_leaves=15
num_cat=0
split_feature=4 6 30 26 24 14 17 2 6 6 26 23 8 30
split_gain=6.71494 8.00137 7.26255 6.89959 5.76242 6.17493 7.56358 9.556 6.54138 7.84914 6.16416 5.8742 16.6728 10.086
threshold=4.5178571428571432 0.2752525252525253 186.50000000000003 -0.094818635603775486 0.005486798870749412 36.350000000000001 54.603571428571435 4.5000000000000009 0.18465909090909094 0.90454545454545465 -0.008995864365467187 3.8050000000000002 1.5000000000000002 417.50000000000006
decision_type=2 2 8 8 8 8 8 10 2 2 10 10 2 8
left_child=4 3 -3 -2 -1 10 7 8 -7 -10 -6 13 -13 -8
right_child=1 2 -4 -5 5 6 11 -9 9 -11 -12 12 -14 -15
leaf_value=-0.0040063703815180251 0.0077722015884406281 0.0016631451173345039 -0.0058433402853483429 -0.0021137302932724917 0.005860758746667233 0.0022777979332185829 0.00063177343540503177 0.0020203693517746985 -0.0074497595115310322 0.0019822890278318908 -0.0030971423469875244 -0.0045987054187526747 0.00067268810152071215 -0.00043459949799306538
leaf_weight=266.08722434099764 63.903553555719554 124.8003895720467 472.97702851402573 107.66185846365988 247.36741294211242 75.68529196002055 11065.690765416366 234.05343918502331 415.13558185787406 73.781133328913711 55.583411691593938 507.31220431311522 17849.354076841846 28280.500635431497
leaf_count=10435 450 1040 4030 934 4827 2254 118840 9748 12256 2248 1443 7729 282039 278297
internal_value=-3.93077e-06 -0.00270117 -0.00426877 0.00249148 3.34532e-05 5.51213e-05 3.12263e-05 -0.0027804 -0.004773 -0.00597454 0.0040113 7.25149e-05 0.00051491 -0.000134272
internal_weight=59839.9 769.343 597.777 171.565 59070.6 58804.5 58501.5 798.655 564.602 488.917 302.951 57702.9 18356.7 39346.2
internal_count=736570 6454 5070 1384 730116 719681 713411 26506 16758 14504 6270 686905 289768 397137
is_linear=0
shrinkage=0.03


Tree=123
num_leaves=15
num_cat=0
split_feature=35 9 4 35 0 4 19 34 6 5 20 1 2 13
split_gain=13.3218 9.49952 8.74511 8.90654 8.53532 7.43346 6.86553 6.64301 8.29324 8.69655 8.19123 7.55976 7.99329 7.54956
threshold=7.5000000000000009 34.500000000000007 -0.4076704545454532 2.5000000000000004 10.500000000000002 -0.37980769230769335 14.482575757575757 0.0095990669596767528 0.85357142857142865 6.5000000000000009 56.500000000000007 1892.0000000000002 5.5000000000000009 70.750000000000014
decision_type=2 2 2 2 2 2 10 2 2 2 10 2 10 10
left_child=2 -2 3 6 -3 -4 7 10 11 -10 -1 12 -9 -14
right_child=1 4 5 -5 -6 -7 -8 8 9 -11 -12 -13 13 -15
leaf_value=0.0010187879020662261 0.00062233895711834341 -0.0051911196175460691 -0.0046299219617209541 -2.7184975140172487e-05 -0.0015264899741089628 -0.00019199870135889116 0.0057507374695934844 0.0018962435451844405 -0.0020363888788199648 0.0079119827315193899 -0.0022427205150489893 0.0068816821454887253 0.0021173100104674553 -0.0058832088501566647
leaf_weight=4760.3450317196548 1008.5250254081329 837.8263457918074 292.90517520252615 10113.171369884396 1800.3427926461445 37716.824439879274 254.26781304180622 1351.6284924820065 76.900943078100681 342.01082630455494 761.63159406930208 162.19037430360913 141.34061226248741 219.53127402067184
leaf_count=26730 45666 50211 2815 151562 104000 337916 1177 7418 391 1918 4263 904 778 1228
internal_value=-8.81426e-05 -0.00183261 2.65949e-05 0.000566805 -0.00276521 -0.000232235 0.00130678 0.00112657 0.00246656 0.00606332 0.000552848 0.00152621 0.000838154 -0.00287336
internal_weight=59839.4 3646.69 56192.7 18183 2638.17 38009.7 8069.85 7815.58 2293.6 418.912 5521.98 1874.69 1712.5 360.872
internal_count=736977 199877 537100 196369 154211 340731 44807 43630 12637 2309 30993 10328 9424 2006
is_linear=0
shrinkage=0.03


Tree=124
num_leaves=15
num_cat=0
split_feature=20 35 24 30 13 20 21 24 4 4 1 4 0 26
split_gain=9.14691 5.73243 6.25999 6.22632 5.73048 5.76113 5.68001 11.6024 11.3328 8.92994 9.22441 8.85675 8.41209 8.31114
threshold=343.50000000000006 10.500000000000002 0.094570290675867572 95.500000000000014 74.350000000000009 404.50000000000006 0.13667496886674971 0.032187548813059796 -3.0690476190476192 4.0138888888888902 1155.0000000000002 3.0833333333333326 9.5000000000000018 -0.059332852795505757
decision_type=10 2 10 8 8 8 10 10 2 2 2 2 2 10
left_child=1 6 3 -3 -2 -6 9 -8 12 13 -11 -10 -9 -1
right_child=4 2 -4 -5 5 -7 7 8 11 10 -12 -13 -14 -15
leaf_value=-5.1456253934175166e-08 -0.0086501428460564085 0.0033410752092957454 0.0027389854152058716 -0.0057611532277969234 -0.0051420773074626882 0.0023340934102084659 -0.0026069760923170485 0.00015312914951050229 -0.00046657842087486701 0.0029883314945241719 -0.005531249417560483 0.0016147776891413061 0.0075804677904922181 0.00096173153624441851
leaf_weight=24185.020279075019 121.35853111394681 46.617469906341285 102.20535341312643 374.97829314297996 127.70251977373846 150.46597670670599 1817.1417099516839 261.77282424760051 17852.60932050366 118.04646643390879 395.98686480009928 2001.7263388987631 243.44379881024361 12097.958418654744
leaf_count=250843 2981 5334 7736 38445 1830 2590 28129 2689 170832 967 3364 15291 3148 203445
internal_value=-2.59389e-05 6.26677e-06 -0.00297781 -0.00450716 -0.00428924 -0.00135861 3.52713e-05 -0.000343519 -0.000135608 0.000263716 -0.00348328 -0.000253206 0.00409243 0.000321521
internal_weight=59897 59497.5 523.801 421.596 399.527 278.168 58973.7 22176.7 20359.6 36797 514.033 19854.3 505.217 36283
internal_count=737624 730223 51515 43779 7401 4420 678708 220089 191960 458619 4331 186123 5837 454288
is_linear=0
shrinkage=0.03


Tree=125
num_leaves=15
num_cat=0
split_feature=35 5 28 15 16 13 25 28 30 22 3 16 31 25
split_gain=12.5287 8.18148 10.744 8.75187 8.49485 7.45498 8.17152 6.2811 6.23692 6.20619 6.7565 8.24944 7.34393 6.82535
threshold=7.5000000000000009 9.5000000000000018 -3.2499999999999996 45.583333333333343 72.050000000000011 46.150000000000013 0.16716713561395968 -6.2499999999999991 1763.5000000000002 1.5000000000000002 58.750000000000007 78.450000000000017 0.00042328307496772608 0.098557022584808876
decision_type=2 2 10 8 10 8 10 8 10 8 2 8 10 8
left_child=1 3 8 4 -1 6 -5 -7 -3 -2 11 12 -11 -13
right_child=9 2 -4 5 -6 7 -8 -9 -10 10 -12 13 -14 -15
leaf_value=-0.0081493598464693895 -0.0057276304943049096 0.0061193560627995558 0.00071284400499791335 0.0048585355440158807 0.0028961352146383958 -0.0033538761852366225 -0.0044225949115673522 4.2939385010451658e-05 -0.00051320424766098229 -0.0047213866509406193 -0.0038897806166156581 0.0029315733921511872 0.00031691385013343543 -0.00083523636188593089
leaf_weight=168.54906651796773 264.44095560035203 517.42745347879827 4619.3695425684564 457.79776646522805 58.303978371433914 444.79963318142109 62.009583008475602 49740.520839298842 155.16174338106066 581.70675765478518 655.89038382272702 674.48101819993462 432.84718643594533 1035.9785771637689
leaf_count=3876 11120 5757 47101 6306 1052 5008 542 466033 1654 42890 31610 35004 28469 51059
internal_value=2.53502e-05 0.000136447 0.00125339 1.92791e-05 -0.00530018 4.82761e-05 0.00346043 9.52473e-06 0.00465963 -0.00166681 -0.00127035 -0.000581147 -0.00265793 0.000691195
internal_weight=59869.3 56223.9 5291.96 50932 226.853 50705.1 519.807 50185.3 672.589 3645.34 3380.9 2725.01 1014.55 1710.46
internal_count=737481 537329 54512 482817 4928 477889 6848 471041 7411 200152 189032 157422 71359 86063
is_linear=0
shrinkage=0.03


Tree=126
num_leaves=15
num_cat=0
split_feature=16 3 5 12 13 34 17 23 19 20 16 20 19 0
split_gain=10.4872 15.6874 12.8802 12.2311 10.0579 10.7618 10.1081 9.93908 9.46317 9.43223 8.24186 11.0915 8.07427 8.32595
threshold=74.65000000000002 58.250000000000007 9.5000000000000018 73.350000000000009 63.150000000000013 0.018434979550886441 87.229285714285723 3.5850000000000004 5.0701851851851893 348.50000000000006 89.450000000000017 235.50000000000003 12.64935897435897 9.5000000000000018
decision_type=8 2 2 8 8 2 8 10 10 10 8 10 10 2
left_child=1 2 8 9 -5 10 -7 -4 -1 -2 12 -12 13 -6
right_child=3 -3 7 4 5 6 -8 -9 -10 -11 11 -13 -14 -15
leaf_value=-0.0012251254784523358 0.0011734501172694924 -0.0028464532149530728 -0.00041850760897604763 0.00272681997064631 -0.0014503506152291786 0.0018823666829782199 -0.0011466770393210456 0.0067846443819262608 0.0014004759052913722 -0.0074222606761597566 0.00047561038692464359 -0.006849297691511917 0.0018602034053940334 -0.00018984973428839316
leaf_weight=4380.7062053551199 12571.367163866526 2432.7829525544366 286.63081359770149 1149.6638724901713 8950.635144028347 4125.6387486594031 1262.9824959294638 362.72059564909432 1666.5241861459799 66.777544789249077 11455.649323593709 139.23082612175494 1048.4092218866572 9944.2481248248369
leaf_count=99249 185038 35065 4840 13187 73141 38532 13018 12467 13588 1519 131384 1982 5307 109122
internal_value=0.000123642 -0.000809649 -5.40926e-05 0.00029228 2.34397e-05 -6.42996e-05 0.00116841 0.00380249 -0.000495999 0.00109896 -0.000276436 0.000358622 -0.000645627 -0.00078921
internal_weight=59844 9129.36 6696.58 50714.6 38076.5 36926.8 5388.62 649.351 6047.23 12638.1 31538.2 11594.9 19943.3 18894.9
internal_count=737439 165209 130144 572230 385673 372486 51550 17307 112837 186557 320936 133366 187570 182263
is_linear=0
shrinkage=0.03


Tree=127
num_leaves=15
num_cat=0
split_feature=16 8 30 14 35 15 24 10 17 21 23 35 14 17
split_gain=8.2246 10.1126 10.9462 8.52977 9.3126 8.38226 7.99115 10.9281 7.49172 9.37884 9.17561 9.72203 10.9853 8.34227
threshold=81.550000000000011 1.5000000000000002 1710.5000000000002 75.350000000000009 3.5000000000000004 59.383333333333347 0.039589025147829505 132.50000000000003 71.03514705882354 0.44722222222222224 3.8050000000000002 6.5000000000000009 78.15000000000002 70.743614130434807
decision_type=8 2 10 8 2 10 10 2 10 10 10 2 10 10
left_child=1 2 -1 4 5 -2 7 -7 9 13 -10 12 -12 -3
right_child=3 8 -4 -5 -6 6 -8 -9 10 -11 11 -13 -14 -15
leaf_value=-0.0062441190907046159 -0.0046606802344572795 1.7549135225877023e-05 0.00049774971056845306 3.1771777490243813e-06 -0.00014212085681740248 0.0039900049893498392 0.002597603673950546 -0.0040299290434914229 -0.001677222557155991 -0.0066606237054900042 0.0020090228320723924 -0.0043206763612919225 -0.0034045048204137123 0.0039417339551774226
leaf_weight=495.76466710073873 122.64011321589351 14405.701478302304 348.05630629078951 27347.641311853076 3217.952290334506 194.79065635427833 4178.307596495375 364.06177520006895 6036.9984425285365 134.20775545574725 1956.6829188326374 288.7480261917226 358.55219929572195 454.65682419482619
leaf_count=8121 846 241869 4625 290344 69716 1292 25772 2472 53896 1667 17928 10991 3226 5366
internal_value=-3.53018e-05 -0.000457657 -0.00359097 0.000256784 0.00111008 0.00193224 0.00214982 -0.00113644 -0.000338449 6.75307e-05 -0.00103927 0.000443459 0.0011164 0.000150426
internal_weight=59904.8 24479.4 843.821 35425.4 8077.75 4859.8 4737.16 558.852 23635.5 14994.6 8640.98 2603.98 2315.24 14860.4
internal_count=738131 347689 12746 390442 100098 30382 29536 3764 334943 248902 86041 32145 21154 247235
is_linear=0
shrinkage=0.03


Tree=128
num_leaves=15
num_cat=0
split_feature=23 35 1 3 31 13 12 13 17 12 18 25 7 9
split_gain=9.60916 9.48207 10.5201 10.0345 9.29052 10.274 9.40219 9.28391 11.1914 9.04366 7.27992 8.1072 9.3816 7.38415
threshold=1.5850000000000002 3.5000000000000004 1008.5000000000001 59.250000000000007 -0.00098528854763812014 72.850000000000009 59.350000000000001 78.65000000000002 83.601724137931043 62.350000000000001 -0.29999999999999355 0.14753877965403445 4.5000000000000009 31.500000000000004
decision_type=8 2 2 2 8 8 8 10 10 8 10 10 10 2
left_child=1 2 3 7 6 10 -2 -1 -9 -8 11 -6 13 -13
right_child=4 -3 -4 -5 5 -7 9 8 -10 -11 -12 12 -14 -15
leaf_value=-0.0012554482686592454 -0.0024326243785555766 -0.001792743943283632 -0.00057509617487821584 0.0052393515050888195 0.0015810963464850012 0.00011166983647300896 0.002897053289803169 0.0066687015521452522 -0.0016334650342947421 -0.00032484057643808565 0.0041452553639467352 -0.0048155492402614944 -0.0041234657184037148 0.0025231714506096514
leaf_weight=987.94699396938086 1760.8260772220092 4803.1045634894399 13504.746922099963 490.36063341423869 5696.2673314298736 16249.470562314731 783.53061273694038 319.257568821311 214.77739627659321 13193.012539916905 760.82462390838191 105.5288588963449 482.61266100034118 574.29443874023855
leaf_count=5840 49020 86169 79648 2782 103803 184907 16828 1806 1165 188275 4695 1096 6069 5676
internal_value=-0.000105593 -0.000635126 -0.000272194 0.00172523 0.000166544 0.000539181 -0.000398556 0.000462394 0.00347576 -0.000134537 0.00144422 0.00111677 -0.00112993 0.00113212
internal_weight=59926.6 20320.2 15517.1 2012.34 39606.4 23869 15737.4 1521.98 534.035 13976.5 7619.53 6858.7 1162.44 679.823
internal_count=737779 177410 91241 11593 560369 306246 254123 8811 2971 205103 121339 116644 12841 6772
is_linear=0
shrinkage=0.03


Tree=129
num_leaves=15
num_cat=0
split_feature=23 30 13 35 29 2 13 30 13 13 3 21 15 35
split_gain=8.32825 10.6118 9.75507 11.2668 9.33844 12.1359 8.81957 8.677 9.47399 9.29903 8.6145 7.84499 8.6847 7.83693
threshold=-0.79499999999999993 340.50000000000006 65.950000000000017 1.5000000000000002 0.092446881867654873 4.5000000000000009 74.250000000000014 1858.5000000000002 76.050000000000011 80.250000000000014 58.750000000000007 0.30901856763925734 63.116666666666674 3.5000000000000004
decision_type=8 8 10 2 8 8 10 10 10 10 2 10 10 2
left_child=1 6 3 -3 13 -6 10 8 -7 -10 -1 -2 -13 -4
right_child=11 2 4 -5 5 7 -8 -9 9 -11 -12 12 -14 -15
leaf_value=0.0083197533517658292 5.2418792034698981e-05 0.0015441212138450928 0.0057256995658848224 -0.0061212661007781135 0.0020499458179461831 -0.008373808137904554 0.00073720570926475012 0.0017031339498695703 0.004107564618248398 -0.003779185481601428 0.000773736182941221 0.0078891823444332803 -0.0014101205351871884 -0.00093760211869060297
leaf_weight=404.99308855039999 50254.94541654241 276.71507678180933 535.23593648150563 346.02817772538401 1364.4188277442008 225.18796762218699 533.50324181420729 337.28711283765733 151.25750260055065 367.93689367244951 210.11132631823421 43.115364451659843 4535.2600176627748 200.67199434502982
leaf_count=3875 654803 1259 3201 4194 10164 1822 4027 2509 1090 2495 1546 783 42133 3773
internal_value=5.04822e-05 0.00122217 0.000440517 -0.00285355 0.00111937 0.000201087 0.00368498 -0.0021186 -0.00384847 -0.00132254 0.00599408 -5.63785e-05 -0.00123827 0.00396466
internal_weight=59786.7 4953.35 3804.74 622.743 3182 2446.09 1148.61 1081.67 744.382 519.194 615.104 54833.3 4578.38 735.908
internal_count=737674 39955 30507 5453 25054 18080 9448 7916 5407 3585 5421 697719 42916 6974
is_linear=0
shrinkage=0.03


Tree=130
num_leaves=15
num_cat=0
split_feature=19 16 15 14 33 4 23 16 29 28 18 23 31 20
split_gain=11.8269 8.12108 12.3498 9.72907 9.85173 9.21915 10.0246 10.808 9.09635 9.95572 9.03271 9.68089 9.96803 8.94653
threshold=12.083333333333334 82.65000000000002 76.883333333333354 68.850000000000009 32.500000000000007 1.1666666666666681 5.995000000000001 71.850000000000009 0.084211480304894934 1.2500000000000002 -10.633333333333328 9.9050000000000029 -0.0021498413635197824 37.500000000000007
decision_type=10 10 10 10 2 2 10 8 10 10 10 10 10 10
left_child=1 3 -3 4 -1 -6 7 13 9 -8 -4 12 -12 -7
right_child=-2 2 10 -5 5 6 8 -9 -10 -11 11 -13 -14 -15
leaf_value=0.0017341901819586541 0.002051972081970917 0.0013652596328054194 -0.0042669344130554778 -0.0010706516008824442 0.00016462106463205849 -0.0073706225662469645 0.0024787782966296853 -0.0012958491520654331 0.0037990025937578928 -0.0075914051721832293 -0.0011420818769658698 0.0050828762251306876 0.00038453304100422112 0.00077170800353019747
leaf_weight=2604.7388607247267 2489.9717952269129 7537.2512423313456 399.16897420492023 11314.715305019228 12552.285673215752 489.03108870086726 143.37846471997909 2553.7977585210465 496.17003995703999 123.01668438257184 5346.3842506818473 286.20331489224918 13378.677412850317 145.32941193180159
leaf_count=48501 13231 101560 10186 135748 199354 6067 4054 24977 8088 2738 56677 3878 120799 1806
internal_value=4.87175e-05 -3.99386e-05 0.000338975 -0.000375579 3.7731e-05 -0.000234458 -0.00148863 -0.00222237 0.00152702 -0.00263625 -6.20252e-05 3.7224e-05 -5.32271e-05 -0.00558515
internal_weight=59860.1 57370.1 26947.7 30422.5 19107.7 16503 3950.72 3188.16 762.565 266.395 19410.4 19011.3 18725.1 634.361
internal_count=737664 724433 293100 431333 295585 247084 47730 32850 14880 6792 191540 181354 177476 7873
is_linear=0
shrinkage=0.03


Tree=131
num_leaves=15
num_cat=0
split_feature=29 4 26 21 30 22 20 33 21 26 32 6 30 26
split_gain=6.56838 6.39445 11.8029 14.5708 11.265 8.84106 6.55493 6.01532 5.77291 13.985 9.3857 7.42157 9.30658 7.39591
threshold=0.045549773314483503 3.5124999999999997 -0.055009588784889513 0.14017543859649126 2321.5000000000005 4.5000000000000009 29.500000000000004 935.50000000000011 0.46862745098039221 0.80462631766852832 0.086227701756762878 0.21583850931677021 2241.5000000000005 0.83677838880245659
decision_type=10 2 10 8 10 10 10 2 10 10 2 2 10 10
left_child=-1 8 3 5 6 -3 7 -5 13 10 -10 12 -12 -2
right_child=1 2 -4 4 -6 -7 -8 -9 9 -11 11 -13 -14 -15
leaf_value=-0.0020841734165604545 0.00012757327041425454 -0.0057261883714265797 -0.0038444571521590682 0.0076704380192744222 -0.0047006081104786291 0.0013276949427328106 -0.0003029778010426626 -0.00011464502493700308 0.0069707083452550085 -0.0046192350308280478 -0.006522493331292881 0.00034938588051733072 0.003268085157626575 0.0019165251203603056
leaf_weight=1261.265254299622 50991.684896583669 359.05534075479954 998.73862962727435 380.69391442765482 105.17874829098582 236.60282091400586 192.53685439564288 110.85973918437958 113.84890145040117 725.91622896678746 276.32061476982199 1803.0333078110125 84.493327099597082 2118.9090223881649
leaf_count=29338 638901 2416 9189 2962 852 2095 1645 841 1199 6731 2045 13440 591 24317
internal_value=1.57262e-05 6.27431e-05 -0.00144284 0.000362698 0.00295763 -0.00303846 0.00437505 0.00606619 0.000127926 -0.00114077 4.32523e-05 -0.000470432 -0.00411108 0.000200681
internal_weight=59759.1 58497.9 2383.67 1384.93 789.269 595.658 684.091 491.554 56114.2 3003.61 2277.7 2163.85 360.814 53110.6
internal_count=736562 707224 20000 10811 6300 4511 5448 3803 687224 24006 17275 16076 2636 663218
is_linear=0
shrinkage=0.03


Tree=132
num_leaves=15
num_cat=0
split_feature=20 32 17 29 0 14 31 23 33 23 14 17 16 20
split_gain=7.40132 7.10515 5.73453 7.07012 7.10862 6.36781 6.28335 6.10078 6.13732 7.62454 9.68426 6.739 7.825 10.0804
threshold=343.50000000000006 0.14078596435650947 54.603571428571435 0.12945630693859581 10.500000000000002 50.150000000000013 -0.015820613792827194 -0.99499999999999988 2477.5000000000005 16.255000000000006 70.450000000000017 95.223303167420838 84.450000000000017 237.50000000000003
decision_type=10 2 8 10 2 8 10 8 2 10 10 10 10 10
left_child=2 -2 3 4 -1 6 -4 -7 9 11 -11 12 -9 -14
right_child=1 -3 5 -5 -6 7 -8 8 -10 10 -12 -13 13 -15
leaf_value=-0.005056489471519026 -0.0060698944009352426 0.0019720731556918426 -0.0035821131199687706 0.002604283915381928 0.0015150268964106109 0.0011168919171310452 0.003339682675187972 -0.00026790219723119523 -0.0011344528146612436 -0.0014068812173789202 0.0063811629503169641 -0.0053453298032177278 0.00061445849245333095 -0.0051129956692958622
leaf_weight=562.58855847362429 285.68250993289985 111.71478116814978 94.64445225475356 176.0791281380225 169.75928995932918 4241.7999760012608 825.39405226765666 30845.262882844429 4332.0424633214716 209.35833007504698 321.62364585045725 161.63095077686012 17319.235355691868 231.47238798509352
leaf_count=16854 6126 1251 1770 3385 11401 33033 14541 400756 41020 5753 5786 1498 191585 3163
internal_value=2.75369e-06 -0.00384143 3.1637e-05 -0.00227021 -0.00353373 6.92369e-05 0.0024797 2.86615e-05 -5.87118e-05 3.72796e-05 0.00345364 -3.59283e-06 1.97457e-05 0.00052461
internal_weight=59888.3 397.397 59490.9 908.427 732.348 58582.5 920.039 57662.4 53420.6 49088.6 530.982 48557.6 48396 17550.7
internal_count=737922 7377 730545 31640 28255 698905 16311 682594 649561 608541 11539 597002 595504 194748
is_linear=0
shrinkage=0.03


Tree=133
num_leaves=15
num_cat=0
split_feature=35 21 6 16 20 32 19 23 25 31 23 23 1 13
split_gain=10.6169 11.2909 10.719 9.66982 8.2914 8.21721 7.96634 9.62096 9.69597 7.65935 8.64217 7.54303 10.6689 9.96927
threshold=5.5000000000000009 0.50862068965517249 0.94590643274853814 93.050000000000011 136.50000000000003 0.033080445236316265 -6.1105555555555631 2.1050000000000004 0.10212613908043715 0.0071139920343006834 -0.49499999999999994 6.8050000000000006 1204.5000000000002 73.250000000000014
decision_type=2 10 2 10 10 2 8 10 10 8 8 10 2 8
left_child=1 3 5 9 -5 -2 -4 -8 -9 11 -11 -1 13 -13
right_child=2 -3 6 4 -6 -7 7 8 -10 10 -12 12 -14 -15
leaf_value=-0.000242550766620076 -0.0061896768512394009 -0.0022993619651673117 -0.0037380317915513316 0.0023724889339772725 -0.0027857849374149169 -0.0010025940029992873 -0.0011597817893148252 0.0081992302947375469 0.00049195142327707921 0.002846736111027085 0.0005099703397641156 -0.0027483087173375094 0.0027345886522520567 0.0018160614109419609
leaf_weight=26557.569050712278 236.71787654500804 1474.888718187809 141.29539955675136 2929.7812803490087 267.79054959863424 8511.4153007633286 302.07425978314131 331.45156498812139 249.88502488401718 1544.4704614942893 13775.669045819435 838.24525794363581 1884.558613570407 788.65191599121317
leaf_count=210296 13670 9160 8866 22321 2143 295179 9053 11388 6883 9981 103763 8722 18658 7195
internal_value=6.64527e-05 0.000243178 -0.000835458 0.000322643 0.00190425 -0.00117733 0.00200217 0.00307133 0.00518763 0.00020925 0.000754041 -6.91122e-05 0.00122761 -0.000547516
internal_weight=59834.5 50061.6 9772.84 48586.7 3197.57 8748.13 1024.71 883.411 581.337 45389.2 15320.1 30069 3511.46 1626.9
internal_count=737278 392239 345039 383079 24464 308849 36190 27324 18271 358615 113744 244871 34575 15917
is_linear=0
shrinkage=0.03


Tree=134
num_leaves=15
num_cat=0
split_feature=20 14 33 29 34 34 5 18 35 13 1 32 11 15
split_gain=8.45941 8.60751 8.11914 12.6318 9.35264 12.5775 9.14118 8.40127 8.24886 10.3163 11.6513 11.4421 9.37348 8.05758
threshold=343.50000000000006 93.65000000000002 2327.5000000000005 0.098437848616688986 -0.0056870914599162986 -0.0033931093422893445 9.5000000000000018 -1.099999999999987 7.5000000000000009 78.950000000000017 1892.0000000000002 0.17334337477507419 15.500000000000002 73.741666666666688
decision_type=10 8 2 10 2 2 2 10 2 10 2 2 2 10
left_child=2 -2 6 -4 -5 -6 -1 -7 9 11 -11 12 -8 -10
right_child=1 -3 3 4 5 7 8 -9 13 10 -12 -13 -14 -15
leaf_value=-2.5643375689165895e-05 -0.0077758902132029272 0.00048967401554551274 -0.0041752510890419089 0.0044297910996485852 -0.0054617007038384622 -0.0012334945813441025 0.0020923086386448555 0.0017620672943271702 0.00098128304895539974 0.0046124312422299906 -0.0025085155946767686 -0.0055089683158234919 -0.0018132393809257045 -0.0050041598456381387
leaf_weight=48696.512105639325 204.21606043353677 194.61644737806637 942.33437901316211 282.45957105839625 413.09218861185946 2408.3251258039381 2331.1072689048015 1232.6154606183991 445.15087809611578 1393.8542579403147 208.78817345760763 198.17057519871742 678.25652474164963 302.13289597514085
leaf_count=589915 4296 3148 10756 2637 3693 24819 25317 7235 28354 13086 1986 1620 7891 13316
internal_value=-3.41848e-05 -0.00413734 -3.24739e-06 -0.00112071 -0.000416921 -0.000804464 0.000106412 -0.000209236 0.00125344 0.00170875 0.00363691 0.000704319 0.00119682 -0.00160074
internal_weight=59931.6 398.833 59532.8 5278.83 4336.49 4054.03 54254 3640.94 5557.46 4810.18 1602.64 3207.53 3009.36 747.284
internal_count=738069 7444 730625 49140 38384 35747 681485 32054 91570 49900 15072 34828 33208 41670
is_linear=0
shrinkage=0.03


Tree=135
num_leaves=15
num_cat=0
split_feature=14 12 20 26 12 3 28 26 14 16 16 27 22 5
split_gain=6.22065 13.7413 9.70916 13.2562 12.0088 8.5571 8.55581 9.12472 11.3788 10.7386 13.6409 10.4812 7.88757 7.71302
threshold=76.750000000000014 86.250000000000014 62.500000000000007 -0.013409528891583927 77.950000000000017 59.750000000000007 -2.7499999999999996 0.80462631766852832 77.850000000000009 83.65000000000002 79.250000000000014 -111.49999999999999 12.500000000000002 8.5000000000000018
decision_type=8 10 10 10 10 2 10 10 10 10 10 10 10 2
left_child=1 2 12 4 5 -4 13 -8 9 10 -9 -10 -1 -2
right_child=6 -3 3 -5 -6 -7 7 8 11 -11 -12 -13 -14 -15
leaf_value=0.00042102757475031091 0.00022587916313496524 0.0046727297547968323 -0.00050982247378260966 -0.0060710959076012722 0.0044420857218401069 -0.0055322301909873951 -0.0003456316293061642 -0.0066199437765495656 -0.0077413998304390469 -0.0093338129388492296 0.0043301015066563898 0.00039668401433947781 0.0060031620355501291 0.0028421634783014956
leaf_weight=21959.354482979281 6162.314165386837 601.57883056090213 2057.5134707333054 399.73079732665792 334.21026070392691 311.33153589145513 24942.584354336024 159.70070970943198 114.61207680474035 298.6854446886573 152.86547670071013 1027.613537481986 180.57595824706368 1166.4907116615213
leaf_count=296707 77586 5279 34036 8878 3843 3764 266718 1914 1376 2482 1466 9450 4401 19946
internal_value=2.01866e-05 0.000370672 0.000259112 -0.00129951 -0.000496442 -0.00127062 -0.000246185 -0.000495379 -0.00255684 -0.00569275 -0.00140603 -0.000710315 0.00047998 0.000658738
internal_weight=59869.2 25844.3 25242.7 3102.79 2703.06 2368.85 34024.9 26696.1 1753.48 611.252 312.566 1142.23 22139.9 7328.8
internal_count=737846 356908 351629 50521 41643 37800 380938 283406 16688 5862 3380 10826 301108 97532
is_linear=0
shrinkage=0.03


Tree=136
num_leaves=15
num_cat=0
split_feature=19 13 16 20 4 11 33 9 17 4 35 34 30 32
split_gain=9.22698 6.95986 5.734 10.7193 8.88063 10.6153 9.45984 13.0646 11.4951 8.84234 8.23494 11.2979 8.33654 10.0876
threshold=12.083333333333334 88.250000000000014 87.750000000000014 237.50000000000003 4.0138888888888902 29.500000000000004 44.500000000000007 85.500000000000014 68.02152509652511 -1.907670454545453 3.5000000000000004 0.0057419531211993979 246.50000000000003 0.098545292480537658
decision_type=10 8 8 10 2 2 2 2 10 2 2 2 10 2
left_child=2 -2 4 10 6 -6 7 8 -1 -10 12 -12 -4 -14
right_child=1 -3 3 -5 5 -7 -8 -9 9 -11 11 -13 13 -15
leaf_value=0.0039389755761866331 0.002691454871248894 -0.00090604970711774958 -0.00080894376729953403 -0.0054094628579378634 -0.005435128715407655 0.0041341283256337647 -0.0003881308965291661 -0.0026222136844671756 -0.0042647571087966957 0.0011721865941670955 -0.0014400615865069926 0.0012328325511303875 0.003485273768698833 0.0008527951838321646
leaf_weight=1354.5946850365726 1838.4836223982275 622.70033912779763 2052.3500310089439 235.02971153566614 503.03288275492378 89.753002134617418 34407.801731285639 672.85677231289446 259.13065273524262 2058.806496263016 3770.5008403559914 2221.7365333065391 1522.007204266265 8255.2540671639144
leaf_count=31632 9748 3362 12615 3507 4050 819 439006 10515 5066 25713 85177 46315 9978 50049
internal_value=1.3309e-06 0.00178134 -7.64719e-05 0.000365493 -0.000279507 -0.00377738 -0.000221204 0.00108994 0.00179615 0.000487153 0.000456572 -0.000447034 0.000914245 0.00127824
internal_weight=59864 2461.18 57402.9 18056.9 39346 592.786 38753.2 4345.39 3672.53 2317.94 17821.8 5992.24 11829.6 9777.26
internal_count=737552 13110 724442 207641 516801 4869 511932 72926 62411 30779 204134 131492 72642 60027
is_linear=0
shrinkage=0.03


Tree=137
num_leaves=15
num_cat=0
split_feature=5 15 17 35 32 19 5 1 34 7 20 32 1 11
split_gain=8.55335 13.3551 7.0011 6.08685 8.91413 10.3726 8.18396 7.00972 8.2153 6.9025 7.15247 6.84498 7.77531 6.81214
threshold=9.5000000000000018 64.741666666666688 46.45277777777779 5.5000000000000009 0.069234891582158467 -1.2362373737373671 3.5000000000000004 1583.0000000000002 -0.027746405208679454 6.5000000000000009 15.500000000000002 0.063435640463513951 1313.5000000000002 24.500000000000004
decision_type=2 10 8 2 2 10 2 2 2 10 10 2 2 2
left_child=2 -2 -1 13 5 6 -5 8 -8 -6 -11 12 -7 -4
right_child=1 -3 3 4 9 11 7 -9 -10 10 -12 -13 -14 -15
leaf_value=-0.0051859936651195713 0.0040540223132851001 0.00035369929360519567 -0.00015310945867480928 -0.0077637863771681352 9.5172183002086117e-05 0.0038450381502693272 0.0045957778239658735 0.0022472915854273834 -0.0052457270086653275 0.00065267432280818329 -0.0047965938648264952 -0.0047094091853326974 -0.0018890473436816309 0.0010303371085053396
leaf_weight=200.76338887563907 1013.7917758097174 5091.5971092261607 40651.27783288504 393.8741561480565 5164.8682072928641 384.23078314284794 49.83996049570851 187.76566261553671 476.38727987860329 332.8632754876744 518.80971817555837 188.56326369987801 373.83752698154422 4855.1070029688999
leaf_count=9102 27678 71212 312686 20643 160534 11319 2294 10377 27716 10111 17389 5086 10764 40714
internal_value=-6.33701e-05 0.000996073 -0.000184461 -0.000160902 -0.000917483 -0.00259861 -0.00450333 -0.00231431 -0.00399572 -0.000326735 -0.00274874 -0.000255367 0.00107539 -2.58545e-05
internal_weight=59883.6 6105.39 53778.2 53577.4 8071.04 2054.5 1107.87 713.993 526.227 6016.54 851.673 946.632 758.068 45506.4
internal_count=737625 98890 638735 629633 276233 88199 61030 40387 30010 188034 27500 27169 22083 353400
is_linear=0
shrinkage=0.03


Tree=138
num_leaves=15
num_cat=0
split_feature=29 25 5 2 25 24 27 20 20 20 1 1 34 1
split_gain=6.07012 6.63319 5.7428 8.6752 12.428 8.43231 7.67341 7.66138 8.58502 6.81477 14.4444 7.73567 7.26657 6.70358
threshold=0.044070160508710973 0.11839650548855542 8.5000000000000018 6.5000000000000009 0.13444269275672269 0.083886686702976013 -124.49999999999999 163.50000000000003 105.50000000000001 7.5000000000000009 1216.5000000000002 2124.5000000000005 -0.012655823875335365 2040.5000000000002
decision_type=10 10 2 8 10 8 10 10 10 8 2 2 2 2
left_child=1 -1 9 5 -5 6 -4 8 13 10 12 -12 -2 -7
right_child=2 -3 3 4 -6 7 -8 -9 -10 -11 11 -13 -14 -15
leaf_value=-0.0033839537010477167 -0.00096071986148541086 0.0018383576082688696 -0.0043188160734846512 0.0042406699417417868 -0.00059331588084083784 0.0013321057310357791 -0.00031310253127281778 0.0053845357214365903 -0.0039715689422733002 -0.00019099549413587079 -0.00096973764872625222 0.0049591079321140872 0.0056177955085841575 -0.0034879699629541514
leaf_weight=858.22500505298376 171.70339584746398 252.91314816917293 482.42996675719041 1227.2651087448467 747.9017743638251 3879.4809008174343 2295.3593556613196 284.1348244769033 285.65076463937294 46690.196746081201 1561.7445959844626 175.92087174835615 717.33803847804666 230.61040125112049
leaf_count=22771 2027 3598 11225 20639 7733 46039 48382 3925 3644 538122 17184 2067 7476 2580
internal_value=-1.93199e-05 -0.00216729 2.31133e-05 0.000699271 0.00244081 0.000224839 -0.00107285 0.000998297 0.000657407 -0.000106793 0.00136554 -0.000247587 0.00436376 0.00102299
internal_weight=59860.9 1111.14 58749.7 9432.83 1975.17 7457.67 2777.79 4679.88 4395.74 49316.9 2626.71 1737.67 889.041 4110.09
internal_count=737412 26369 711043 144167 28372 115795 59607 56188 52263 566876 28754 19251 9503 48619
is_linear=0
shrinkage=0.03


Tree=139
num_leaves=15
num_cat=0
split_feature=4 30 31 0 33 9 22 26 31 15 13 15 18 26
split_gain=6.98228 6.23073 8.53459 12.6893 10.4154 8.38367 9.5783 8.19303 8.06301 9.05512 7.99394 9.66547 8.05142 7.74131
threshold=4.1726190476190483 1898.5000000000002 -0.0010865691935688828 9.5000000000000018 44.500000000000007 90.500000000000014 8.5000000000000018 -0.044720760039060357 0.010033351250113553 64.741666666666688 55.150000000000013 82.716666666666683 -18.733333333333334 0.80462631766852832
decision_type=2 8 10 2 2 2 8 10 8 8 10 10 10 10
left_child=1 2 3 13 -5 10 -7 8 9 -3 11 -4 -12 -1
right_child=-2 7 5 4 -6 6 -8 -9 -10 -11 12 -13 -14 -15
leaf_value=-0.0014285581078661508 -0.0023528529381270191 0.0031889952137637589 -3.2109748566064787e-05 0.0026356515228360658 -6.117303792811195e-05 -0.0022001734759572451 0.0033031957675247938 0.00050097124482908443 -0.0034473120756729602 -0.0010224575188462752 0.005546954603257181 -0.0043445865083110722 0.0007796747333754468 0.0021496150086956788
leaf_weight=8321.9967697671382 1163.9523073816672 440.5718793256674 4310.1046336722793 1490.3890546924667 7880.9080078712432 1778.8724564267322 291.31546607194468 4011.0726831081556 1122.3603112418205 7644.2618027643766 275.61779154650867 474.79430013359524 20156.366904988419 538.40333546721376
leaf_count=97743 9742 7086 64055 31007 129987 18693 4879 55397 9422 76167 10084 3509 215029 4977
internal_value=-0.000100782 -5.41913e-05 0.000112443 -0.000389475 0.000379435 0.000447896 -0.00136611 -0.000626279 -0.00111741 -0.00077477 0.000599226 -0.000500531 0.000857367 -0.00120029
internal_weight=59901 58737 45518.8 18231.7 9371.3 27287.1 2070.19 13218.3 9207.19 8084.83 25216.9 4784.9 20432 8860.4
internal_count=737777 728035 579963 263714 160994 316249 23572 148072 92675 83253 292677 67564 225113 102720
is_linear=0
shrinkage=0.03


Tree=140
num_leaves=15
num_cat=0
split_feature=6 6 32 7 34 18 11 10 29 23 23 28 5 29
split_gain=8.59821 12.6812 10.0177 10.3774 9.42136 12.1051 9.29565 8.69269 8.65939 10.6768 7.98993 7.89322 7.77353 9.21359
threshold=0.75735294117647067 0.57518796992481214 0.17334337477507419 7.5000000000000009 -0.021718167217427413 -6.166666666666667 12.500000000000002 359.50000000000006 0.051808906936939972 2.5050000000000003 9.7050000000000018 2.7500000000000004 5.5000000000000009 0.15115495333317117
decision_type=2 2 2 10 2 8 2 2 10 8 10 10 2 8
left_child=1 4 3 7 5 6 -1 -3 9 -2 -10 -4 -6 -14
right_child=8 2 11 -5 12 -7 -8 -9 10 -11 -12 -13 13 -15
leaf_value=0.0015265279911049719 0.002491937127148926 -0.00081645939311640549 -0.0049927236688641317 -0.0055443431239191564 -0.00024154355311021606 0.0038190259486863901 -0.0052460722308684937 0.0043475089028025349 0.00050600147196453121 -0.0056169770057479642 0.0034006996167753392 0.0026519608228347301 0.0023246301201752173 -0.0022846669701573554
leaf_weight=439.64053782299743 186.2488859242294 9139.2406384868082 840.1691540540196 359.15906482003629 28456.171308775549 1199.9189294633688 243.71663992060348 253.90773924114183 14887.929071467603 378.50216223380994 863.53892487369012 108.81593876774423 2058.4850894376868 436.69277521735057
leaf_count=8466 2629 118550 6927 7208 326120 10974 4761 3103 179089 10391 20579 849 33912 4213
internal_value=-4.5773e-05 -0.000265889 -0.00116015 -0.000862034 2.68849e-05 0.00205871 -0.00108189 -0.000654591 0.000540572 -0.00295757 0.000674955 -0.00402728 -9.98655e-05 0.0014889
internal_weight=59852.1 43535.9 10701.3 9752.31 32834.6 1883.28 683.357 9393.15 16316.2 564.751 15751.5 948.985 30951.3 2495.18
internal_count=737771 525083 136637 128861 388446 24201 13227 121653 212688 13020 199668 7776 364245 38125
is_linear=0
shrinkage=0.03


Tree=141
num_leaves=15
num_cat=0
split_feature=35 31 22 19 30 30 6 17 13 20 27 13 22 14
split_gain=8.93185 8.23826 12.8396 9.66586 10.1716 9.36537 8.27259 8.19323 7.76045 7.3833 7.37922 6.87289 6.84394 7.53357
threshold=5.5000000000000009 0.00042328307496772608 6.5000000000000009 -5.334924242424246 2024.5000000000002 1728.5000000000002 0.76696832579185525 80.660952380952395 77.250000000000014 242.50000000000003 135.50000000000003 35.050000000000004 10.500000000000002 74.550000000000011
decision_type=2 8 10 8 8 10 2 10 8 10 10 10 10 8
left_child=-1 9 3 11 5 6 7 -5 10 12 -4 -3 -2 -14
right_child=1 2 8 4 -6 -7 -8 -9 -10 -11 -12 -13 13 -15
leaf_value=0.00024947297381992415 -0.00098160486307198374 0.003328451590894932 0.0018541216549554432 -0.00016661354139791502 -0.0041485024414427982 0.0069261895502055236 0.0026508882604203408 -0.0057079309187943478 -0.00033615614965596768 -0.0073874048864045775 0.0071792690115272057 -0.0071806074802884664 -0.00051894895525746263 -0.0086855263837465387
leaf_weight=50170.435118536232 4542.4806759660132 37.004751365631819 806.56354283320252 1057.1166289991233 477.1990560896229 136.74587246729061 611.34398273215629 261.95933360606432 724.0693074206356 141.82364208693616 315.1869390864158 277.85128573921975 194.90187732840423 179.15600262442604
leaf_count=392919 164913 1789 31862 30749 13177 3813 17272 6633 24193 6634 13255 12717 10076 8085
internal_value=8.77851e-05 -0.000740106 0.000163943 -0.0010897 -0.000426156 0.000510817 -0.000107025 -0.00143535 0.00208339 -0.00157438 0.00359287 -0.00565862 -0.00133401 -0.00499326
internal_weight=59933.8 9763.4 4705.04 2859.22 2544.36 2067.17 1930.42 1319.08 1845.82 5058.36 1121.75 314.856 4916.54 374.058
internal_count=738087 345168 155460 86150 71644 58467 54654 37382 69310 189708 45117 14506 183074 18161
is_linear=0
shrinkage=0.03


Tree=142
num_leaves=15
num_cat=0
split_feature=20 35 4 29 19 33 19 33 30 13 4 29 23 4
split_gain=8.63253 7.64788 12.3723 9.40489 10.428 10.2269 9.72329 7.58205 10.2172 9.31015 9.14864 7.76067 7.49196 8.59946
threshold=343.50000000000006 1.5000000000000002 0.90000000000000224 0.13419761149020157 12.083333333333334 91.500000000000014 10.786923076923069 3555.5000000000005 2024.5000000000002 87.550000000000011 -0.59999999999999776 0.094286932164170029 3.8050000000000002 -3.0690476190476192
decision_type=10 2 2 10 10 2 10 2 10 8 2 10 10 2
left_child=1 2 3 4 5 -1 7 8 -7 10 -10 -12 13 -3
right_child=-2 12 -4 -5 -6 6 -8 -9 9 -11 11 -13 -14 -15
leaf_value=0.0043092236651861683 -0.0042099770940587661 0.0022627308061210802 -0.00040664760490520768 -3.9462394141114598e-05 0.0056309695416099891 0.00069801368898817439 -0.0047453531658576539 -0.0037690865743630836 -0.0023432250832884699 0.0089641750907747796 -0.0013753190409615643 0.0071505319753164629 0.00024666796765583122 -0.00067438608991228673
leaf_weight=908.37056857347488 402.34765315579716 881.64204454282299 7567.8106809854507 3367.9096857309341 575.48828756809235 3113.225820183754 213.16448698937893 212.46304209530354 229.39838301390409 228.80591479688883 117.35437905788422 268.41845384985209 16100.195045591012 25657.879906406859
leaf_count=4415 7421 15077 35620 15654 2501 15076 945 1007 1109 1059 572 1265 310357 326219
internal_value=-8.12952e-05 -4.98345e-05 0.000491353 0.0012255 0.00194587 0.00149611 0.000871043 0.001211 0.00152207 0.00435276 0.0020927 0.0046967 -0.000263418 -0.000572744
internal_weight=59844.5 59442.1 16802.4 9234.6 5866.69 5291.2 4382.83 4169.67 3957.2 843.977 615.171 385.773 42639.7 26539.5
internal_count=738297 730876 79223 43603 27949 25448 21033 20088 19081 4005 2946 1837 651653 341296
is_linear=0
shrinkage=0.03


Tree=143
num_leaves=15
num_cat=0
split_feature=23 4 22 18 14 12 4 23 9 27 23 24 18 9
split_gain=7.13176 7.10591 7.35081 9.55897 9.34689 10.7122 10.8049 9.97678 10.5905 10.0833 9.74648 9.36432 8.61095 9.80372
threshold=-1.4949999999999999 4.0138888888888902 6.5000000000000009 -9.733333333333329 68.050000000000011 77.250000000000014 -4.2182539682539675 2.2950000000000004 18.500000000000004 294.50000000000006 6.495000000000001 0.083284738720298929 -1.7333333333333305 105.50000000000001
decision_type=8 2 8 10 8 10 2 10 2 10 10 10 10 2
left_child=-1 2 3 -2 -5 7 -7 8 -6 -10 -8 -11 -4 -14
right_child=1 -3 12 4 5 6 10 -9 9 11 -12 -13 13 -15
leaf_value=0.001204553769836525 -0.0016636102592698331 -0.002437202869995274 1.5489289601465086e-05 0.00096747670978912785 0.0028572083579047045 0.0085523816523697029 -0.00015556774024567179 -0.00044308534161328065 -0.0031229984531628498 -0.0044519051898613505 0.0059807047234901193 0.0053510759924883583 0.0023084302607391249 -0.0051060257283517324
leaf_weight=3094.8070298950188 4979.2609329011757 1272.2273389680777 14803.047933162132 4738.9684337188955 293.15500418236479 81.675720172468573 17320.058560684323 6341.3392730588093 3792.2048337601591 86.724713479168713 186.13401850848459 214.18988663051277 2496.0088342460804 124.84519589180127
leaf_count=23183 104510 10983 278658 44492 2428 885 149325 65149 32872 877 2096 1651 19748 1054
internal_value=-0.000186437 -0.000263314 -0.000211293 -0.000444888 -0.000259066 -0.000465688 -9.28865e-06 -0.00121044 -0.00230232 -0.00270187 -7.34768e-05 0.00229405 0.000298421 0.00186626
internal_weight=59824.6 56729.8 55457.6 38033.7 33054.5 28315.5 17587.9 10727.6 4386.27 4093.12 17506.2 300.915 17423.9 2620.85
internal_count=737911 714728 703745 404285 299775 255283 152306 102977 37828 35400 151421 2528 299460 20802
is_linear=0
shrinkage=0.03


Tree=144
num_leaves=15
num_cat=0
split_feature=35 8 8 11 14 32 34 34 25 14 0 17 25 8
split_gain=6.99252 11.5775 9.81645 8.61411 8.84029 8.90305 11.1016 7.10165 9.12542 7.02277 7.55244 7.10067 6.94338 6.79359
threshold=4.5000000000000009 1.5000000000000002 1.0000000180025095e-35 11.500000000000002 73.550000000000011 0.094288734521292675 -0.011964167000280765 0.0019186482526974483 0.07194928005795112 51.850000000000001 11.500000000000002 55.130952380952387 0.15735556937890818 3.5000000000000004
decision_type=2 2 2 2 10 2 2 2 10 8 2 10 10 2
left_child=13 2 -2 4 5 9 -7 -8 -9 -3 11 -11 -10 -1
right_child=1 3 -4 -5 -6 6 7 8 12 10 -12 -13 -14 -15
leaf_value=0.00043309200878471779 -0.0016956104781393007 0.0057632419990091711 -0.0078157492684193738 -0.0010735433741150113 0.0018233771097940594 0.0054088045673589278 -0.0048977824966083853 0.0018176678762641507 -0.0049199629711414901 -0.0062974300462367051 0.0029242987859760422 -8.2017742915933495e-05 0.0010416984081346706 -0.00035135895825630522
leaf_weight=30333.200773542281 1035.9860601869877 190.54175204888452 273.36224903143011 6622.1779812511522 2542.3689509264659 131.16150100389495 632.6013901324477 540.99588861688972 515.79321844712831 140.75207856867928 633.25281669537071 1256.3715849173896 233.06929885107093 14719.763032548595
leaf_count=211756 35663 9921 9807 178560 59630 3185 16164 17488 12265 8563 26240 39465 4880 103300
internal_value=-8.98056e-06 -0.00057484 -0.00321384 -0.000306767 0.000440499 -0.000393568 -0.00179592 -0.00241212 -0.00105576 0.000914142 0.000331499 -0.000904134 -0.00311544 0.00017669
internal_weight=59801.4 14748.4 1309.35 13439.1 6816.91 4274.54 2053.62 1922.46 1289.86 2220.92 2030.38 1397.12 748.863 45053
internal_count=736887 421831 45470 376361 197801 138171 53982 50797 34633 84189 74268 48028 17145 315056
is_linear=0
shrinkage=0.03


Tree=145
num_leaves=15
num_cat=0
split_feature=18 20 31 9 13 7 13 31 14 29 19 16 14 16
split_gain=8.19173 12.7053 9.59603 9.06958 8.84292 8.36043 7.63218 7.53769 11.1523 9.16871 8.23748 7.2921 7.98669 6.97684
threshold=-6.2916666666666634 330.50000000000006 0.035837301955361105 17.500000000000004 70.050000000000011 7.5000000000000009 66.550000000000011 0.001274385570002795 62.050000000000004 0.11448060735071171 1.7120129870129903 45.750000000000007 36.350000000000001 78.550000000000011
decision_type=8 10 10 2 10 10 8 10 10 10 10 10 8 8
left_child=1 5 3 4 -2 11 7 10 -9 -10 -5 -1 -13 -8
right_child=2 -3 -4 6 -6 -7 13 8 9 -11 -12 12 -14 -15
leaf_value=-0.0073816374756186173 -0.00020375925699859691 -0.0078367890212843825 0.0033972665540709878 -0.0042654993240398764 0.0039752782883937339 -0.0030774544472832381 -0.00090608918941151556 0.0077762260301611104 0.0046680643938915526 -0.0011884560506159199 0.0012807158147577883 0.0044050770542037807 -0.00026473621223938162 0.00020179429581915914
leaf_weight=77.342682271264493 765.43426041025668 158.23280739423353 827.6790018780157 253.31081194058061 1059.469863477163 929.9042197575327 6114.5353455354925 318.66873244056478 383.78362874989398 505.16357722971588 1124.2751053082757 286.18693063687533 17002.884405843564 30021.152919107582
leaf_count=4325 6913 4582 6357 3055 8949 25031 52542 2407 3445 3644 9480 5994 327308 273661
internal_value=5.89472e-05 -0.000465889 0.000293329 0.000225861 0.00226374 -0.000380959 0.000127021 0.00168569 0.00336509 0.00145391 0.0001472 -0.000228152 -0.000174957 1.33359e-05
internal_weight=59828 18454.6 41373.5 40545.8 1824.9 18296.3 38720.9 2585.2 1207.62 888.947 1377.59 17366.4 17289.1 36135.7
internal_count=737693 367240 370453 364096 15862 362658 348234 22031 9496 7089 12535 337627 333302 326203
is_linear=0
shrinkage=0.03


Tree=146
num_leaves=15
num_cat=0
split_feature=31 18 30 26 5 5 27 8 19 24 34 25 19 23
split_gain=6.2525 9.32592 8.31433 7.66357 7.61823 6.77596 9.54305 9.57833 6.8411 7.27523 7.15756 8.49635 6.80588 6.72935
threshold=0.0040534823191685446 -19.566666666666656 70.500000000000014 0.66820876854048328 10.500000000000002 4.5000000000000009 -49.499999999999993 1.5000000000000002 -2.3970959595959651 0.06848251533825217 0.0015373031111819261 0.095603301998909415 -1.6958333333333362 6.8050000000000006
decision_type=8 8 10 10 2 2 10 2 8 8 2 8 8 10
left_child=1 4 3 -3 -1 6 8 -8 -4 10 -10 -12 -11 -2
right_child=13 2 5 -5 -6 -7 7 -9 9 12 11 -13 -14 -15
leaf_value=-0.0041281335202428297 0.00019585150195892604 0.0020407281357011694 -0.0052965459297773087 -0.0039640997778075462 0.0054975144471828309 0.00011633537321012451 -0.0050864269295494112 -2.919807389456784e-05 -0.0014658816822365982 0.005484074543409951 0.0065693013091472777 -0.00095894636120886318 -0.0023867379811287111 0.0016662663294222031
leaf_weight=752.78421124792658 22771.139337391476 2169.6938667905051 428.3695253127953 163.21400359179825 38.549742593429983 16691.342960766749 300.07427687221207 9083.3708273002703 612.41794741642661 55.978832650929689 248.27446070639417 225.95899477275088 3185.4044842761941 3147.3432267941535
leaf_count=34971 223925 29359 10662 1554 3020 229231 3269 100339 8066 880 3309 2425 32285 54613
internal_value=2.6769e-05 -0.000240934 -0.000161554 0.00154626 -0.00336037 -0.000293074 -0.000775067 -0.000217026 -0.00186226 -0.00146574 0.000636782 0.00323296 -0.00216956 0.000377272
internal_weight=59873.9 33955.4 33164.1 2332.91 791.334 30831.2 14139.8 9383.45 4756.4 4328.03 1086.65 474.233 3241.38 25918.5
internal_count=737908 459370 421379 30913 37991 390466 161235 103608 57627 46965 13800 5734 33165 278538
is_linear=0
shrinkage=0.03


Tree=147
num_leaves=15
num_cat=0
split_feature=35 1 16 19 15 34 0 34 20 35 25 1 17 14
split_gain=8.68473 6.70161 9.06319 6.41337 7.11902 6.35801 6.05986 12.1183 10.0879 8.68284 11.8037 8.85719 7.96078 11.2163
threshold=9.5000000000000018 1592.5000000000002 78.65000000000002 9.1771780303030308 64.083333333333357 -0.010492186955889963 8.5000000000000018 0.0069112132131594903 9.5000000000000018 4.5000000000000009 0.18820831116478665 1110.5000000000002 76.701000000000008 61.750000000000007
decision_type=2 2 10 10 10 2 2 2 8 2 10 2 8 8
left_child=3 -2 -3 6 -5 -4 7 8 -1 10 11 -10 13 -9
right_child=1 2 5 4 -6 -7 -8 12 9 -11 -12 -13 -14 -15
leaf_value=0.001423806746730088 -0.0040322671263388551 -0.0051028126036382149 -0.0037583230840507976 0.0059420193500038443 0.00074788188260781652 0.00639558131526974 0.00018056735660628494 0.0033775238938102805 0.0012984706093257287 -0.0031356195444270157 -0.0032029139793952068 -0.001083714679298863 0.0017190462863932473 -0.0013178360792834012
leaf_weight=1255.5754308120813 764.52079791238066 96.365102464449592 37.144150502514094 198.55091036623344 6272.9213699842803 175.15767314087134 35068.142258962616 509.46415035799146 1965.0095806517638 2000.9076090651797 1608.0323401317 4600.7373094679788 2862.0879503535107 2487.3593087811023
leaf_count=12981 65478 9932 2624 1371 35827 11466 439978 5918 14358 48791 9676 32742 22670 24295
internal_value=1.45747e-05 -0.00259862 0.0010194 6.44124e-05 0.000951578 0.00424129 -4.60465e-05 -0.000504889 -0.00107194 -0.00138538 -0.000940465 -0.000366344 0.000601091 -0.000477291
internal_weight=59902 1073.19 308.667 58828.8 6471.47 212.302 52357.3 17289.2 11430.3 10174.7 8173.78 6565.75 5858.91 2996.82
internal_count=738107 89500 24022 648607 37198 14090 611409 171431 118548 105567 56776 47100 52883 30213
is_linear=0
shrinkage=0.03


Tree=148
num_leaves=15
num_cat=0
split_feature=35 32 19 13 33 10 10 34 32 12 16 4 31 13
split_gain=9.4794 6.93441 15.1258 11.6331 15.7623 7.8648 7.23038 7.18414 10.7274 7.26418 6.92536 6.70836 6.63475 6.57378
threshold=2.5000000000000004 0.069234891582158467 -2.0356349206349189 64.750000000000014 586.50000000000011 320.50000000000006 47.500000000000007 0.0024347907185310121 0.12631891672139353 72.750000000000014 88.350000000000009 -1.8708333333333333 -0.0043405764958822915 64.15000000000002
decision_type=2 2 10 8 2 2 2 2 2 10 10 2 10 10
left_child=-1 2 6 4 5 -3 -2 8 9 -6 -8 -9 -11 -13
right_child=1 3 -4 -5 7 -7 10 11 -10 12 -12 13 -14 -15
leaf_value=0.00029811900655670359 0.00084801445797025516 0.0018964047217040767 -0.00030508560934654785 -0.00049239582808672199 0.00042677517076049592 0.0065529117597167312 -0.0047706754274410065 0.0029071287330371758 -0.005813163307159753 -0.002022910094760032 0.0025797610629037177 -0.0067999049488629828 0.011718751562707538 0.0036259694237372026
leaf_weight=29315.530328959227 272.48043861961924 1929.1909033480333 3915.255262418068 21382.658662415808 327.96536095766351 365.89505803899374 1533.2149434192106 68.336091657401994 121.38814921304584 25.477651597000659 93.818633614806458 361.39098387374543 68.432644954649732 30.989047896349803
leaf_count=159343 11776 42801 69234 354956 7629 8150 67082 1652 2081 452 3452 7027 1114 551
internal_value=-8.6834e-05 -0.000456762 -0.00138424 -0.0002359 0.00140909 0.00276266 -0.00354371 -0.00166942 0.000674569 0.00295948 -0.00428255 -0.00422884 0.00858311 -0.00565974
internal_weight=59812 30496.5 5814.77 24681.7 3299.07 2295.09 1899.51 1003.98 543.264 421.876 1627.03 460.716 93.9103 392.38
internal_count=737300 577957 151544 426413 71457 50951 82310 20506 11276 9195 70534 9230 1566 7578
is_linear=0
shrinkage=0.03


Tree=149
num_leaves=15
num_cat=0
split_feature=31 32 31 32 29 24 13 26 14 25 23 8 29 2
split_gain=7.89009 8.40896 8.00386 10.2165 8.14565 7.89515 7.40825 11.0163 10.5247 10.3989 8.82199 7.73968 7.28887 10.5593
threshold=-0.003051411119230948 0.11531342589666051 -0.0044513231040149105 0.15407854243892508 0.078905179794520566 0.34653145467066665 53.050000000000004 -0.026073044631701025 45.650000000000013 0.41455283536784238 0.75500000000000012 1.0000000180025095e-35 0.097333711476649667 5.5000000000000009
decision_type=10 2 10 2 10 8 10 10 8 10 10 2 10 8
left_child=1 -1 3 4 -3 -6 7 -2 10 11 -8 -10 -4 -14
right_child=6 2 12 -5 5 -7 8 -9 9 -11 -12 -13 13 -15
leaf_value=0.00016007568034580986 7.3099145592793998e-06 0.00013402843218123501 -0.005642370672335085 0.00097823129392618871 -0.0032214971416445063 0.0011057636803371738 -0.0029108920000610631 -0.0032163181620252345 0.0070895264732054823 0.0066443316810307525 0.0074273756363685516 0.00041369656066327684 0.0017706978528031379 -0.0058013677149102031
leaf_weight=10982.125240521389 5688.4837380020181 1647.3680076501332 572.11262884922326 2145.6605107595678 2275.1002735018265 427.64574018586427 66.018261614954099 1096.3072467148304 107.25084747397341 195.63353321701288 286.86803305731155 33664.379797612841 421.76711858878843 207.33449827437289
leaf_count=185822 70080 20474 6673 20355 24619 3948 660 22049 932 1089 5321 369555 3927 1940
internal_value=0.000137468 -0.000373137 -0.00113005 -0.000700724 -0.00153056 -0.00252916 0.000369672 -0.000533292 0.000548696 0.000490763 0.00537206 0.000445347 -0.00333094 -0.000968242
internal_weight=59784.1 18679.1 7696.99 6495.77 4350.11 2702.75 41104.9 6784.79 34320.2 33967.3 352.886 33771.6 1201.21 629.102
internal_count=737444 267758 81936 69396 49041 28567 469686 92129 377557 371576 5981 370487 12540 5867
is_linear=0
shrinkage=0.03


Tree=150
num_leaves=15
num_cat=0
split_feature=7 11 32 30 12 12 7 19 31 12 12 14 12 5
split_gain=7.84659 6.90664 8.21644 8.31561 9.74686 9.26394 8.1186 9.61277 7.43725 9.90241 8.45305 9.18228 7.31577 13.7483
threshold=7.5000000000000009 29.500000000000004 0.035957823656390109 432.50000000000006 37.150000000000013 51.45000000000001 5.5000000000000009 1.3968181818181835 -0.0087445534644775055 68.550000000000011 73.350000000000009 73.050000000000011 78.65000000000002 2.5000000000000004
decision_type=10 2 2 10 8 8 8 10 10 8 10 8 10 2
left_child=1 2 6 5 -5 -4 7 -1 9 -6 11 -11 13 -12
right_child=-2 -3 3 4 8 -7 -8 -9 -10 10 12 -13 -14 -15
leaf_value=-0.004746589335567721 -0.0017714401130755045 0.0013737980140084815 -0.0030338901217968122 0.0062003842781030646 -0.0044577770098181606 0.00074297161064116278 -0.0071654248615840993 0.0026127734473106678 -0.00010589399604432025 0.0058030110960652819 0.0027955870034393716 -0.0005573121394361611 -0.00034602777961237357 -0.0059526856561311625
leaf_weight=243.25615498842672 2116.9672713635955 3375.9686145936139 558.74714645300992 162.15613709879108 756.46644758817274 15458.962280552369 228.41660505766049 303.39428165231948 33688.530090759392 278.41465361835435 181.6301112852525 520.07421865570359 1461.0857100831345 602.67610345873982
leaf_count=10119 39531 47763 14454 4679 16018 186784 6616 3676 372875 3979 1879 7496 14766 7194
internal_value=9.24369e-07 6.72908e-05 -1.49097e-05 3.07363e-05 -0.000212852 0.000602192 -0.00298594 -0.00078543 -0.000248814 -0.00149791 -0.000702169 0.00187166 -0.00163829 -0.00388063
internal_weight=59936.7 57819.8 54443.8 53668.7 37651 16017.7 775.067 546.65 37488.9 3800.35 3043.88 798.489 2245.39 784.306
internal_count=737829 698298 650535 630124 428886 201238 20411 13795 424207 51332 35314 11475 23839 9073
is_linear=0
shrinkage=0.03


Tree=151
num_leaves=15
num_cat=0
split_feature=25 7 11 33 27 16 16 8 19 29 34 20 17 31
split_gain=7.57303 7.02626 11.6014 6.73574 11.5616 8.55929 10.316 10.0276 9.13298 9.65125 9.08316 8.71512 13.7154 10.2919
threshold=0.41455283536784238 8.5000000000000018 54.500000000000007 2477.5000000000005 225.50000000000003 86.450000000000017 86.050000000000011 3.5000000000000004 1.1299999999999992 0.14485133765274641 -0.012190144274642963 84.500000000000014 76.100862068965526 0.035837301955361105
decision_type=10 10 2 2 8 10 10 2 10 10 2 10 10 10
left_child=1 3 -3 5 -5 6 7 8 10 -10 -1 13 -13 -9
right_child=-2 2 -4 4 -6 -7 -8 11 9 -11 -12 12 -14 -15
leaf_value=-0.002056172496314161 0.0037434300629272128 -0.004676468843312802 0.0038242243210237928 -0.0017558204513780809 0.0019439445624519877 0.00074603844267230027 -0.0033988647463752708 -0.0011802101315463937 0.0012060211663346293 -0.00084791428661994497 9.9977687274477165e-05 -0.0004846469787185309 0.0047728576426052001 0.0045522040270272205
leaf_weight=2116.9162899499061 439.87763862381689 582.00750672060531 146.18769057258032 3848.916835912969 900.34066385705955 14747.781494928291 785.3544121296145 10807.758616016014 11370.155822322005 2474.1821126537398 9306.034360009362 1497.9294427883578 581.60057977540419 241.1036651825998
leaf_count=43153 2609 12271 2716 35598 8649 158236 8339 145761 101926 16673 169711 24851 5614 2303
internal_value=2.86857e-05 -1.94532e-06 -0.00283386 3.55816e-05 -0.00104149 0.000131311 -0.000100729 -2.89352e-05 0.000320433 0.000837223 -0.000306822 -0.000700004 0.00106331 -0.00103518
internal_weight=59846.1 59406.3 728.195 58678.1 4749.26 53928.8 39181 38395.7 25267.3 13844.3 11423 13128.4 2079.53 11048.9
internal_count=738410 735801 14987 720814 44247 676567 518331 509992 331463 118599 212864 178529 30465 148064
is_linear=0
shrinkage=0.03


Tree=152
num_leaves=15
num_cat=0
split_feature=7 4 19 9 23 30 31 34 27 2 35 18 31 27
split_gain=10.4248 8.42564 8.46686 9.51613 9.18499 13.283 11.8879 9.46272 9.77066 15.5184 8.57049 10.9142 11.2556 8.24652
threshold=8.5000000000000018 3.8908730158730163 5.0701851851851893 16.500000000000004 3.2950000000000004 809.50000000000011 0.00053358171837581216 0.00076964417107502675 120.50000000000001 3.5000000000000004 6.5000000000000009 -5.166666666666667 -0.0017215884926592429 199.50000000000003
decision_type=10 2 10 2 10 8 8 2 10 8 2 10 10 8
left_child=1 2 4 -4 10 7 -7 8 -6 -10 -1 -12 -13 -11
right_child=-2 -3 3 -5 5 6 -8 -9 9 13 11 12 -14 -15
leaf_value=-0.00038459078225238974 -0.0034959179218146449 -0.0021544755457015437 0.0037685313436474901 0.00043847602886567703 -0.0022968045354335282 -8.1188329890409433e-05 0.0022568127141017248 0.00061810156358616691 -0.0064670683471697481 0.0074690727228709135 -0.0034479727922010388 0.0061477353901206438 -0.0022279890095752261 0.00090200534238743589
leaf_weight=20849.869125956902 728.47296443814412 1542.0311242695898 758.89386415388435 17817.33393262513 3170.2510500487406 3482.3115375782363 4409.6101963352412 3711.1899288843852 171.12290821631905 169.57710232914542 1709.396280193585 204.52473374013789 291.40849149087444 882.25656118942425
leaf_count=188411 15094 12718 5541 121822 65893 74685 72362 67187 3487 3829 72864 5865 7841 20720
internal_value=-4.69026e-05 -1.52399e-06 5.79035e-05 0.00058427 -0.000192908 0.000358783 0.00123115 -0.000493055 -0.0014281 0.000825575 -0.000575635 -0.00233325 0.00147288 0.00225164
internal_weight=59898.2 59169.8 57627.7 18576.2 39051.5 15996.3 7891.92 8104.4 4393.21 1222.96 23055.2 2205.33 495.933 1051.83
internal_count=738319 723225 710507 127363 583144 308163 147047 161116 93929 28036 274981 86570 13706 24549
is_linear=0
shrinkage=0.03


Tree=153
num_leaves=15
num_cat=0
split_feature=20 30 16 22 23 14 14 31 22 25 18 14 30 16
split_gain=7.07331 7.75951 7.19286 9.04499 10.1749 7.39954 7.23042 7.14014 7.09393 10.8821 10.7145 7.8821 16.1034 10.2521
threshold=240.50000000000003 979.50000000000011 63.650000000000013 4.5000000000000009 9.9050000000000029 48.250000000000007 20.450000000000003 0.0026365547064996497 6.5000000000000009 0.026301062777256318 -16.399999999999984 68.050000000000011 301.50000000000006 89.550000000000011
decision_type=10 10 8 10 10 10 8 10 10 10 8 8 10 10
left_child=2 -2 3 -1 5 -5 -4 -3 10 -10 -8 12 -12 -13
right_child=1 7 6 4 -6 -7 8 -9 9 -11 11 13 -14 -15
leaf_value=-0.0071561260027476706 -0.0039320406688226157 -0.0025859622176043163 0.0066345169976146003 0.0036116131630794649 -0.0047812483361074571 -0.0034514868381735645 -0.0034336460541438078 0.0043421061375349471 -0.0035921800281626961 0.00084472539300273371 0.0030862912464169477 -0.00049984095955703809 -7.6990408604616308e-05 0.00075271468104542722
leaf_weight=221.43138616264332 797.44610787765123 224.41361713293009 99.494970988831483 404.95361449604388 307.32306661806069 143.86667302064598 825.22265481040813 214.3445059757214 470.28866234072484 11918.650061199674 1989.2697334666736 30006.901893139933 4990.6487728096545 7265.0035807888489
leaf_count=3691 13750 3977 1721 12283 14502 4385 23483 2744 16558 192801 21659 301125 57821 67314
internal_value=-4.93056e-05 -0.00225003 -1.03669e-06 -0.002374 -0.000810536 0.00162651 4.54047e-05 0.000896535 2.82389e-05 0.000662537 -0.000146632 -8.15285e-05 0.000840081 -0.000255013
internal_weight=59879.3 1236.2 58643.1 1077.57 856.143 548.82 57565.5 438.758 57466 12388.9 45077 44251.8 6979.92 37271.9
internal_count=737814 20471 717343 34861 31170 16668 682482 6721 680761 209359 471402 447919 79480 368439
is_linear=0
shrinkage=0.03


Tree=154
num_leaves=15
num_cat=0
split_feature=20 34 14 27 18 31 33 4 34 20 12 15 28 34
split_gain=5.9048 12.9748 6.04654 5.09651 10.4238 10.5228 9.22016 11.1065 8.56958 9.0535 8.24148 7.43698 7.20252 7.7838
threshold=6.5000000000000009 -0.010092492113230917 63.050000000000004 -100.49999999999999 -3.4000000000000017 0.0035537567712849347 218.50000000000003 0.98684210526315763 0.0086440311207690874 147.50000000000003 66.15000000000002 72.516666666666694 1.0000000180025095e-35 0.02972128719367766
decision_type=8 2 10 8 10 8 2 2 2 10 10 10 10 2
left_child=1 2 -1 4 12 6 8 -8 9 11 -9 -6 -2 -14
right_child=3 -3 -4 -5 5 -7 7 10 -10 -11 -12 -13 13 -15
leaf_value=0.0027308931313809555 -0.00061030825518510704 0.0039632985641073473 -0.006111977211576713 5.6750177066254769e-05 0.0020134058995901353 0.0018140573340909142 5.2735496263976943e-05 0.0035985338068420972 0.0051161319077948414 0.0048105783962902743 -0.0056327649790645917 -0.0052214598458761256 -0.0033320043688201116 0.0034162746263720896
leaf_weight=67.921296991873533 2848.5817600424634 792.83409537258558 166.39146893681027 48939.701545626041 166.24923188053071 2209.4212103164755 905.56162080890499 63.862674956209958 305.31220504501835 149.28507372690365 732.81249946542084 304.48360151937231 2109.8100064373575 126.04429824929684
leaf_count=1326 57112 9401 1950 589672 1497 17255 8015 516 2790 1794 6266 2771 35890 1792
internal_value=-2.8924e-05 0.00217227 -0.00351919 -6.91467e-05 -0.000687332 0.000309071 -0.000966658 -0.00225384 0.0013954 -0.000681844 -0.00472396 -0.00271833 -0.00162902 -0.00288517
internal_weight=59888.3 1027.15 234.313 58861.1 9921.42 4836.99 2627.57 1702.24 925.33 620.018 796.675 470.733 5084.44 2235.85
internal_count=738047 12677 3276 725370 135698 40904 23649 14797 8852 6062 6782 4268 94794 37682
is_linear=0
shrinkage=0.03


Tree=155
num_leaves=15
num_cat=0
split_feature=18 33 11 10 27 20 7 14 7 16 4 11 21 19
split_gain=8.61129 10.2333 8.57331 10.2731 7.6955 7.22957 6.88368 6.77831 9.61416 10.4913 9.76273 6.80391 12.9349 7.68463
threshold=-13.600000000000003 393.50000000000006 56.500000000000007 264.50000000000006 -52.499999999999993 285.50000000000006 8.5000000000000018 68.050000000000011 6.5000000000000009 84.950000000000017 1.9166666666666681 32.500000000000007 0.17902930402930406 5.1391414141414211
decision_type=8 2 2 2 10 10 10 8 10 10 2 2 10 10
left_child=1 5 6 4 -4 -1 7 8 9 10 -2 -9 -13 -14
right_child=2 -3 3 -5 -6 -7 -8 11 -10 -11 -12 12 13 -15
leaf_value=0.00021910716549769361 0.0013224590164007397 -0.0032134034835636432 -0.00037743988493192719 -0.002350232232710968 0.010575336824799846 -0.0073378243593514971 -0.0031904454777295995 -6.2829180559734594e-05 -0.0021106200418336126 0.0044213314644925639 -0.0018715827134072943 0.00059929037633159907 0.0099875812434737105 0.00020898803367695249
leaf_weight=2527.1168308035703 5936.2406693119556 1478.7590842506615 75.006894693011418 109.28633479843847 159.96707279770635 69.219992822152562 508.75997281167656 44538.738723527145 798.90971446083859 795.45564235048369 960.98691596044227 1636.401858931873 189.60703058238141 106.71869505057111
leaf_count=90224 73039 40663 1100 1522 2258 2738 8816 464609 11074 7840 8658 21514 2892 796
internal_value=5.67108e-05 -0.00126607 0.000154333 0.0045628 0.00762628 -0.0001172 0.00012289 0.000156431 0.000933166 0.00126086 0.000867168 1.365e-05 0.00173321 0.00700452
internal_weight=59891.2 4075.1 55816.1 344.26 234.974 2596.34 55471.8 54963.1 8491.59 7692.68 6897.23 46471.5 1932.73 296.326
internal_count=737743 133625 604118 4880 3358 92962 599238 590422 100611 89537 81697 489811 25202 3688
is_linear=0
shrinkage=0.03


Tree=156
num_leaves=15
num_cat=0
split_feature=19 7 14 13 14 25 33 31 4 13 3 1 30 21
split_gain=6.52372 8.3997 10.3088 10.041 9.83955 9.29153 9.12692 11.1583 7.56305 7.38961 7.15351 10.3735 7.95603 8.44645
threshold=6.0109126984126968 4.5000000000000009 76.350000000000009 83.050000000000011 60.850000000000001 0.12535216721680834 254.50000000000003 0.013604034311431762 1.6666666666666681 88.450000000000017 59.750000000000007 1892.0000000000002 396.50000000000006 0.27386363636363642
decision_type=10 10 8 10 10 10 2 8 2 10 2 2 8 10
left_child=1 2 3 6 -5 -6 7 -1 -9 -3 -2 12 13 -12
right_child=10 9 -4 4 5 -7 -8 8 -10 -11 11 -13 -14 -15
leaf_value=0.0010566298485169172 0.00013779457073689901 -0.00090968950123127674 -0.00036328943106697621 -0.004359345656787853 -0.00035664931284086818 0.0090024910497309481 -0.00012801564901575958 0.00710753681181895 -0.0016577444100089923 0.0012805116317512971 0.0057485947607452768 -0.0030147833026987554 0.0011189900228208191 -0.001851592092737189
leaf_weight=2742.5294864103198 12932.900573031045 17688.767299087369 15919.407123117591 54.003332742024213 126.78211415815167 295.66892891284078 5233.6932286629453 447.22677320311777 87.568041964201257 1460.6677049046848 776.00929799303412 316.36636186856776 1650.034029440023 131.87293060217053
leaf_count=48355 84845 285206 199859 495 1502 2526 70647 6392 851 18770 5259 2062 10568 822
internal_value=-8.06115e-05 -0.000268173 9.51324e-05 0.000904647 0.00493005 0.00645322 0.000651824 0.00188039 0.00565327 -0.000739727 0.000441341 0.00178144 0.00242107 0.00460562
internal_weight=59863.5 44056.3 24906.9 8987.47 476.454 422.451 8511.02 3277.32 534.795 19149.4 15807.2 2874.28 2557.92 907.882
internal_count=738159 634603 330627 130768 4523 4028 126245 55598 7243 303976 103556 18711 16649 6081
is_linear=0
shrinkage=0.03


Tree=157
num_leaves=15
num_cat=0
split_feature=22 8 29 6 29 29 4 29 12 25 4 25 14 13
split_gain=9.08619 10.582 12.3123 10.9568 11.7 10.8416 9.96566 8.88846 7.61459 13.6483 10.1551 8.8526 8.25136 8.93366
threshold=5.5000000000000009 1.5000000000000002 0.15016394881330461 0.24264705882352944 0.059578333043461461 0.13775498559855237 2.9472222222222233 0.13907794077894794 78.050000000000011 0.059524449356845192 -4.2182539682539675 0.087943035745855394 66.65000000000002 53.050000000000004
decision_type=10 2 10 2 8 10 2 8 8 8 2 8 8 10
left_child=8 5 3 7 -5 -2 -4 -3 12 -10 -11 -12 13 -1
right_child=1 2 6 4 -6 -7 -8 -9 9 10 11 -13 -14 -15
leaf_value=-0.003412825158075763 -0.0061658619449746514 -0.0011380289014351992 -0.00054254499673143009 -0.0014816797416196772 0.0016544356614143039 0.0030055803371389117 -0.006102685183474915 0.004545415591070274 0.0034777887007423906 0.0073887390623094389 -0.0021491619810233252 4.0015142344459091e-05 -0.0011567289164409493 0.0007367428724614299
leaf_weight=472.64841614710167 350.71519532811362 2782.9533442317042 2211.5355218492914 1144.3288923102664 11232.296961856657 128.0553049442824 286.27685960917734 222.15171438152902 963.83175790775567 112.79324541334063 1752.8507362140808 21328.147944975877 12536.428055431694 4354.0770889553241
leaf_count=8471 7454 48870 23395 31720 195720 1414 2526 2649 10852 1379 18563 199034 131184 54948
internal_value=-2.82676e-05 0.000526638 0.000648656 0.000966144 0.00135968 -0.00366056 -0.00128706 -0.000650367 -0.000273956 7.06208e-05 -7.81427e-05 -0.000130525 -0.000752197 0.000299579
internal_weight=59879.1 18358.3 17879.5 15381.7 12376.6 478.771 2497.81 3005.11 41520.8 24157.6 23193.8 23081 17363.2 4826.73
internal_count=738179 313748 304880 278959 227440 8868 25921 51519 424431 229828 218976 217597 194603 63419
is_linear=0
shrinkage=0.03


Tree=158
num_leaves=15
num_cat=0
split_feature=28 32 6 6 0 17 21 11 10 19 16 3 32 31
split_gain=5.18108 5.67827 9.28546 12.0667 8.79701 8.47522 7.76667 7.55659 9.94388 8.78975 7.97559 12.2199 11.0487 9.10155
threshold=1.0000000180025095e-35 0.16000572901747354 0.82843137254901966 0.21583850931677021 8.5000000000000018 71.700980392156879 0.15184453227931491 8.5000000000000018 343.50000000000006 2.0794871794871814 78.550000000000011 56.750000000000007 0.13690181057795744 0.015962941112641887
decision_type=10 2 2 2 2 10 10 2 2 8 10 2 2 10
left_child=1 7 3 -3 6 -6 -5 8 9 10 11 -1 -13 -12
right_child=-2 2 -4 4 5 -7 -8 -9 -10 -11 13 12 -14 -15
leaf_value=-0.00082475681253297108 -0.00028275205187950242 0.0016992760399480926 0.001707515408461366 0.0025963366450087733 -0.0057889814193289712 -0.0018100536864295905 -0.0024700449309394842 -7.0337943072090568e-05 -0.0016381451912522128 0.00060737354815886826 0.0042524217097915616 0.004594832299873515 -0.0032242104128425517 -0.0013777982579874831
leaf_weight=1419.559857419692 24559.9031577188 919.44408685411327 1165.4238410557155 530.91108942823485 697.9613503550645 1573.9393840164412 462.9885888164863 13805.169373235432 1251.7553057719488 10268.00514721428 1855.634203147376 911.60494249127805 158.5805283873342 274.69044530158862
leaf_count=39532 268818 7458 10268 3728 6686 14369 3250 202666 16881 106022 29067 23251 2293 3709
internal_value=5.15135e-05 0.000284178 -0.000612055 -0.0012705 -0.00211961 -0.00313078 0.000230995 0.000445073 0.000884784 0.00110168 0.002182 0.000997689 0.00334401 0.0035115
internal_weight=59855.6 35295.7 5350.67 4185.24 3265.8 2271.9 993.9 29945 16139.8 14888.1 4620.07 2489.75 1070.19 2130.32
internal_count=737998 469180 45759 35491 28033 21055 6978 423421 220755 203874 97852 65076 25544 32776
is_linear=0
shrinkage=0.03


Tree=159
num_leaves=15
num_cat=0
split_feature=18 27 0 18 34 1 13 12 27 27 3 35 10 16
split_gain=8.60575 12.1265 8.3559 8.89016 7.63874 8.17639 8.80356 8.62899 7.52988 10.778 8.39517 9.49041 7.77914 7.20508
threshold=-6.166666666666667 -199.49999999999997 8.5000000000000018 -6.6333333333333355 -0.0093641815041056713 2019.5000000000002 64.15000000000002 63.750000000000007 269.50000000000006 451.00000000000006 57.750000000000007 9.5000000000000018 260.50000000000006 83.15000000000002
decision_type=8 10 2 10 2 2 8 10 10 10 2 2 2 10
left_child=1 -1 3 4 5 6 7 -3 10 12 11 13 -10 -4
right_child=-2 2 8 -5 -6 -7 -8 -9 9 -11 -12 -13 -14 -15
leaf_value=-0.0024038387116975366 0.00025420543700300407 -0.0035550043266559814 0.0016621942243180614 -0.0052614207617153776 -0.00011335754538958979 0.0051296507243555533 -0.0058170910739736067 0.004041678997651026 0.0054994256801650463 -0.0024412572827370109 -0.0011941386804785231 -0.0035569167253346151 -2.9189806116552339e-05 -0.00052396691621737763
leaf_weight=2594.4316595173441 40946.102090411587 264.45369108009618 3937.8196017200826 400.1339296810329 3455.4392263902118 62.162048795027658 607.48335642216261 185.51256222696975 679.86106352566276 291.78744865697809 3597.1503693576669 409.46045868238434 333.05356612929609 2026.7966170017608
leaf_count=58418 365136 5130 76261 3830 49176 1178 9114 2546 16670 7519 64068 37494 8359 32580
internal_value=1.00726e-05 -0.000519629 -0.000212371 -0.00123001 -0.000824353 -0.00292003 -0.00360347 -0.000332059 0.000240081 0.0023387 -4.48157e-05 0.00060804 0.00376572 0.000921149
internal_weight=59791.6 18845.5 16251.1 4975.18 4575.05 1119.61 1057.45 449.966 11275.9 1304.7 9971.23 6374.08 1012.91 5964.62
internal_count=737479 372343 313925 70974 67144 17968 16790 7676 242951 32548 210403 146335 25029 108841
is_linear=0
shrinkage=0.03


Tree=160
num_leaves=15
num_cat=0
split_feature=19 14 22 31 31 27 17 12 19 16 16 31 19 19
split_gain=7.84719 8.59173 9.30938 7.34883 6.00129 8.33562 5.77168 6.29633 9.99867 6.06284 5.60576 5.10463 13.1095 12.0266
threshold=-13.950000000000005 50.150000000000013 4.5000000000000009 -0.012492729337867698 0.0081469793688464919 6.5000000000000009 67.079269602577895 54.250000000000007 1.1299999999999992 61.850000000000001 79.750000000000014 -0.00086848629392496045 -9.1050641025641053 8.7820202020202007
decision_type=8 8 10 10 10 10 10 10 10 10 10 8 8 10
left_child=10 2 3 -2 5 -5 7 -4 9 -9 -1 -3 -13 -14
right_child=1 11 6 4 -6 -7 -8 8 -10 -11 -12 12 13 -15
leaf_value=-0.0058382132815585396 -0.0063552576498960931 -0.00025519020603766564 0.0011249971204992319 0.0078930102387519234 -0.0027655002062592078 -0.0012959935558597721 -0.00048621004528365345 -0.0016729489678676676 -0.0020593893184146423 0.012696671974417883 0.00056332868675540687 0.0057831474552281084 5.0939442394813567e-05 0.0017080982235399276
leaf_weight=288.50075763475616 82.441903797909617 22472.530822704546 136.45654339250177 148.49195451987907 144.94578969478607 138.82277612411417 110.00564815895632 17.438543972559273 43.220948388334364 206.17173266154714 180.67892081162427 341.20277027122211 31227.629262298113 4461.3582478859462
leaf_count=18175 1063 304985 3766 1818 1487 1767 1776 736 412 5004 5792 13018 354238 24841
internal_value=0.000116379 0.000148283 0.00280229 -0.000104195 0.00162332 0.00391915 0.0054673 0.00696576 0.00930378 0.0114751 -0.00355617 9.92945e-05 0.000320439 0.000260195
internal_weight=59999.9 59530.7 1028 514.702 432.261 287.315 513.293 403.288 266.831 223.61 469.18 58502.7 36030.2 35689
internal_count=738878 714911 17829 6135 5072 3585 11694 9918 6152 5740 23967 697082 392097 379079
is_linear=0
shrinkage=0.03


Tree=161
num_leaves=15
num_cat=0
split_feature=35 8 8 31 29 29 27 17 14 5 27 3 31 1
split_gain=7.38959 12.0109 21.5469 10.8699 10.1465 8.08445 11.654 8.03252 8.21282 8.82498 8.22755 7.5986 12.4665 7.54012
threshold=2.5000000000000004 1.5000000000000002 1.0000000180025095e-35 -0.0024766666341573323 0.083897028087882977 0.1007439556486205 -449.49999999999994 56.951000000000008 77.15000000000002 1.5000000000000002 -184.49999999999997 54.750000000000007 0.012423536725152021 1655.0000000000002
decision_type=2 2 2 10 10 10 10 8 10 2 10 2 10 2
left_child=3 2 4 7 -2 6 -5 -1 9 -9 -10 12 -3 -14
right_child=1 11 -4 5 -6 -7 -8 8 10 -11 -12 -13 13 -15
leaf_value=-0.0066488317848352463 -0.003688638987381628 0.0018403357345215549 -0.0068982117773246903 0.0067590054140922147 0.00057405875518708519 0.00033552578405185375 0.0012852502564306228 -0.0027409910346452592 0.0019721368090658948 0.00067734208922676871 -0.0024490363932548388 -0.00040087670586488828 -0.00075806715144534039 -0.0079700870219789593
leaf_weight=145.49523032456636 685.57949577562977 3138.416001562262 631.53048371104524 339.72722451388836 1553.0407213850413 16524.223431907594 3977.4952437467873 742.72986758872867 408.77722947672009 4725.5733519159257 2417.3730901777744 23780.047110905172 588.8497204373125 122.53862474858761
leaf_count=917 18938 76425 13622 1881 29284 87927 22271 4065 2293 26326 13438 425526 11973 2457
internal_value=-6.75781e-05 -0.000394075 -0.00222399 0.000272598 -0.000783462 0.000640051 0.00178844 -0.000633207 -0.000488478 0.00019242 -0.00178639 -0.000200312 0.00102783 -0.00244217
internal_weight=59781.4 30500 2870.15 29281.4 2238.62 20841.4 4317.22 8439.95 8294.45 5468.3 2826.15 27629.9 3849.8 711.388
internal_count=737343 578225 61844 159118 48222 112079 24152 47039 46122 30391 15731 516381 90855 14430
is_linear=0
shrinkage=0.03


Tree=162
num_leaves=15
num_cat=0
split_feature=23 23 11 3 21 16 3 2 29 28 34 35 6 9
split_gain=7.59315 7.49409 7.34359 6.99703 7.41992 11.5944 9.94002 8.57563 10.9121 8.23575 10.8532 7.49306 7.51039 7.43561
threshold=-0.79499999999999993 -4.4949999999999992 42.500000000000007 54.750000000000007 0.24068965517241384 86.450000000000017 58.750000000000007 5.5000000000000009 0.077083908521995231 1.0000000180025095e-35 0.0023072289413189231 1.5000000000000002 0.37980769230769235 93.500000000000014
decision_type=8 10 2 2 10 10 2 10 10 10 2 2 2 2
left_child=1 -1 -3 -2 5 -5 13 -7 -9 10 -8 12 -11 -6
right_child=3 2 -4 4 6 7 9 8 -10 11 -12 -13 -14 -15
leaf_value=-0.0029058149200366029 0.00067902181529145948 0.0014574382710585098 -0.0058350980277144197 -0.00051519135078092961 -0.001832045580315947 0.00017042275091276189 -0.001466336355203721 0.0074229912976325925 0.001401194520504898 0.0051482844649067107 0.0058347067477797611 -0.0023719055626320691 -0.00086955898156009274 -0.007485750431612123
leaf_weight=374.16627836111002 6035.4951856542611 4555.7400931845186 79.313811717089266 32507.144056328922 4320.2239683649968 7084.5061877118424 281.86954316147603 273.39060939452611 1928.0992716079345 254.19325056672096 398.35940195666626 1085.6813089482021 452.79533579945564 177.68906347663142
leaf_count=2400 107745 37174 795 416137 43962 80189 2820 3953 20971 1201 3795 12313 2133 1793
internal_value=-0.000178315 0.000934032 0.00127171 -0.000280754 -0.000400119 -0.00024819 -0.00130274 0.000684245 0.00229725 0.000223769 0.00291609 -0.000849238 0.00149126 -0.00213524
internal_weight=59808.7 5009.22 4635.05 54799.4 48764 41793.1 6970.81 9286 2201.49 2472.9 680.229 1792.67 706.989 4497.91
internal_count=737381 40369 37969 697012 589267 521250 68017 105113 24924 22262 6615 15647 3334 45755
is_linear=0
shrinkage=0.03


Tree=163
num_leaves=15
num_cat=0
split_feature=33 29 6 23 1 19 16 14 6 21 34 13 16 0
split_gain=5.85179 8.62874 9.01739 8.98255 8.23592 11.7777 8.72618 7.96732 7.45946 6.8191 8.04037 9.70665 8.10128 6.6151
threshold=541.50000000000011 0.051808906936939972 0.20526315789473687 2.4750000000000005 1626.0000000000002 -2.6855654761904755 84.950000000000017 95.050000000000011 0.22649572649572652 0.25227272727272732 -0.0093641815041056713 68.950000000000017 72.850000000000009 6.5000000000000009
decision_type=2 8 2 8 2 10 10 10 2 10 2 10 10 2
left_child=1 3 -3 9 -2 -6 8 13 -7 10 -1 12 -12 -4
right_child=4 2 7 -5 5 6 -8 -9 -10 -11 11 -13 -14 -15
leaf_value=-0.0022995360444388237 -9.0434332010060607e-05 -0.00071404407523171468 -0.0008651197698698349 -0.0031899080426745453 0.0033261099786085291 0.00051660425360627025 -0.00075291101086108828 -0.005280537477215237 -0.0047435860564341396 -0.0058616359722033851 -0.0009315460724492339 9.9833877301346293e-05 0.013034797795548191 0.0007902115709205711
leaf_weight=168.27109651849605 20983.744253810612 5552.8137482996099 2336.1238416512497 1181.1835334073985 350.48691380699165 286.65874645090662 1921.8343190525193 156.01340949581936 1256.3439710433595 53.692790618166327 41.27910127514042 181.79291931702755 101.08140896074474 25241.112819453672
leaf_count=2272 219895 69220 19531 31420 8142 2508 17786 1624 11522 650 729 2181 1485 348798
internal_value=2.71506e-05 0.000276724 0.000384944 -0.00176091 -0.000325065 -0.00159764 -0.00213593 0.000605875 -0.00378081 0.00133815 0.00259115 0.00509798 0.00979559 0.000648673
internal_weight=59812.4 35013.4 33286.1 1727.3 24799.1 3815.32 3464.84 27733.3 1543 546.117 492.425 324.153 142.361 27577.2
internal_count=737763 477910 439173 38737 259853 39958 31816 369953 14030 7317 6667 4395 2214 368329
is_linear=0
shrinkage=0.03


Tree=164
num_leaves=15
num_cat=0
split_feature=35 4 10 22 31 33 28 16 19 24 5 14 31 4
split_gain=6.9317 8.89993 11.4335 11.338 12.4462 9.34032 8.5238 7.36702 8.28779 7.41059 10.6573 9.83704 7.50314 7.14612
threshold=5.5000000000000009 1.5732142857142863 274.50000000000006 6.5000000000000009 0.0019103362467909535 18.500000000000004 1.2500000000000002 78.350000000000009 2.8892361111111104 0.1668974311909259 7.5000000000000009 74.050000000000011 0.0098732471217596405 -0.88675213675213616
decision_type=2 2 2 10 8 2 10 10 10 10 2 10 10 2
left_child=-1 2 3 5 -5 -2 -6 8 -7 10 -9 -12 -11 -4
right_child=1 -3 13 4 6 7 -8 9 -10 12 11 -13 -14 -15
leaf_value=0.00014027011570058367 0.0042879265629637191 -0.0028127477858024036 -9.524184851280546e-05 0.0001018948331508066 0.0026670385181056669 -0.0038076746892402244 0.0092855954488388522 0.0028227954397257254 0.0025755314498063123 -0.0050378793272557679 -0.0067221641127337859 0.0010926551871227165 0.0033327545382749739 -0.0033703225372738702
leaf_weight=50102.764933820348 263.64513717719819 1508.1276552778436 1015.8156937495805 1313.5622587116668 735.91923425684217 1109.2879658447346 213.98244458041154 991.77829809463583 181.07121624518186 350.6070866396185 202.95946475956589 312.38666655123234 88.524787836009637 1423.9989771394758
leaf_count=392614 10366 45373 40262 59042 28840 44137 7390 28008 4443 9423 6523 9270 2187 49702
internal_value=-2.09232e-06 -0.000733501 -0.000336531 0.000394204 0.00202564 -0.000674446 0.00454776 -0.00113775 -0.00284928 3.99321e-05 0.00105082 -0.00230739 -0.00318225 -0.00203604
internal_weight=59814.4 9711.67 8203.54 5763.72 2263.46 3500.26 949.902 3236.62 1290.36 1946.26 1507.12 515.346 439.132 2439.81
internal_count=737580 344966 299593 209629 95272 114357 36230 103991 48580 55411 43801 15793 11610 89964
is_linear=0
shrinkage=0.03


Tree=165
num_leaves=15
num_cat=0
split_feature=18 20 22 23 10 17 22 18 16 4 20 16 2 6
split_gain=5.8936 11.3292 10.6723 9.80999 13.2578 7.94266 14.0728 11.0865 10.6868 8.89253 17.3643 8.81876 8.16865 8.05079
threshold=-11.566666666666672 119.50000000000001 7.5000000000000009 8.7050000000000018 185.50000000000003 67.781534090909105 8.5000000000000018 -6.2333333333333298 74.65000000000002 0.33854166666666791 19.500000000000004 79.350000000000009 7.5000000000000009 0.77350427350427364
decision_type=8 10 10 10 2 8 10 10 8 2 10 10 10 2
left_child=1 2 -1 -4 -5 6 -2 -8 9 10 13 -9 -12 -7
right_child=5 -3 3 4 -6 8 7 11 -10 -11 12 -13 -14 -15
leaf_value=-0.00127332710390556 0.00049535329836550204 -0.0039112623171118919 0.0038647554892282656 0.0028605474112284152 -0.0037761762892209675 -0.0059763206276589988 0.0011611110603412193 0.0091127385493357579 5.6956983970211301e-05 -0.0039506107536792998 0.0043636036685413488 -0.0022807749763555716 -0.0047570530103710831 0.0018239711545905298
leaf_weight=3595.0725367291598 6507.2441014439391 887.90939722571056 812.30170227738563 489.88901907822583 494.78983935259748 390.47745820623823 513.77151134470478 374.8115746867843 43881.809384243912 1073.9021802917123 548.12608969956636 50.933406259864569 61.433268002932891 136.49623960535973
leaf_count=87868 74649 24964 29258 18761 20081 4209 10017 4097 444543 10316 6555 528 647 1551
internal_value=-1.61269e-06 -0.00086731 -0.000334732 0.00152668 -0.000495656 0.000100645 0.00100627 0.0043411 -4.66006e-05 -0.00205822 -0.000178992 0.00765324 0.00315346 -0.00397292
internal_weight=59819 6279.96 5392.05 1796.98 984.679 53539 7446.76 939.516 46092.2 2210.44 1136.53 425.745 609.559 526.974
internal_count=738044 180932 155968 68100 38842 557112 89291 14642 467821 23278 12962 4625 7202 5760
is_linear=0
shrinkage=0.03


Tree=166
num_leaves=15
num_cat=0
split_feature=7 1 16 5 17 33 12 15 21 23 27 13 2 12
split_gain=8.41422 10.824 8.49024 14.9386 13.1222 10.9779 11.9358 10.7342 9.46879 9.67179 9.4203 8.47713 8.41085 8.34821
threshold=8.5000000000000018 1448.5000000000002 74.850000000000009 4.5000000000000009 71.03514705882354 56.500000000000007 66.750000000000014 70.058333333333351 0.10923295454545455 -0.50499999999999989 -648.49999999999989 80.450000000000017 8.5000000000000018 63.550000000000004
decision_type=10 2 8 2 10 2 10 10 10 10 10 8 8 8
left_child=2 -2 3 5 7 6 -1 -5 13 12 -11 -3 -10 -4
right_child=1 11 8 4 -6 -7 -8 -9 9 10 -12 -13 -14 -15
leaf_value=0.0040988843148522134 -0.0058934156418703294 0.0039880585143977866 0.0025444378963273748 0.00046089500102166193 -0.0037063268321568246 -0.0026835890533649445 -0.0028483484677703477 0.0052222011859791818 0.0015981537483432196 0.005370389359147517 -0.00046455540545213136 -0.0054161323427784919 -0.002042853185280366 0.00053144757317033866
leaf_weight=461.99042210754124 420.64940060430672 228.35527375945821 1983.3021516958252 3974.0988276716089 562.57412397465669 3576.1971443517832 347.6229265385773 429.23362847487442 4074.2944435407408 202.23125973087735 21038.867617476848 76.508541098563001 618.87205198663287 21812.743530887063
leaf_count=10571 8715 4870 37875 86082 6223 54285 4849 5289 32205 3933 233642 1366 4207 243118
internal_value=7.59789e-05 -0.00302873 0.000116633 -0.000710323 0.000416065 -0.00197601 0.00112379 0.000978445 0.000272698 -0.000123826 -0.000396521 0.00119739 0.00110155 0.000704205
internal_weight=59807.5 725.513 59082 9351.72 4965.91 4385.81 809.613 4403.33 49730.3 25934.3 21241.1 304.864 4693.17 23796
internal_count=737230 14951 722279 167299 97594 69705 15420 91371 554980 273987 237575 6236 36412 280993
is_linear=0
shrinkage=0.03


Tree=167
num_leaves=15
num_cat=0
split_feature=22 9 18 21 15 30 15 16 33 20 34 4 27 10
split_gain=5.9455 13.2346 12.3669 7.76154 7.4451 10.1043 8.39946 7.66344 8.29694 8.2118 7.29033 8.49395 11.8718 11.4121
threshold=8.5000000000000018 79.500000000000014 -29.066666666666663 0.23861283643892342 94.541666666666686 2466.5000000000005 88.716666666666683 95.850000000000009 3099.5000000000005 133.50000000000003 0.0005185875551931247 0.75735294117647112 -10.499999999999998 312.50000000000006
decision_type=10 2 10 10 10 10 10 10 2 10 2 2 8 2
left_child=4 -2 -3 -4 6 -6 10 8 9 -8 -1 -12 -13 -14
right_child=1 2 3 -5 5 -7 7 -9 -10 -11 11 12 13 -15
leaf_value=-0.00056535824526977949 -0.00039506253207300296 -0.0068639494913992844 0.0032467612301096045 -0.0018114224112830975 -0.0049726701706455656 0.0038299586438837376 0.0040976714880616855 -0.0010251010521562826 -0.0020882026533956019 -0.0020946610989793762 0.00061362525786107117 -0.0020694105157190784 -0.00034705968278203109 0.0028254751966323073
leaf_weight=24032.061188485677 3561.9359744031681 79.855229524429888 2477.3850334252929 274.05173904262483 516.17481160024181 108.44532147026621 1428.5278603404295 727.13751134485938 265.22936635441147 190.38328061602078 15253.831365799648 3003.7211935229134 6675.5218880920438 1153.1126526740845
leaf_count=299845 65842 5782 51939 4074 4294 901 11968 7284 2098 1911 182358 28356 60278 10147
internal_value=-3.82337e-05 0.000822656 0.00233489 0.00271961 -0.000142065 -0.00327379 -0.000101901 0.00154065 0.00253174 0.00332852 -0.000188932 0.000158272 -0.000482818 0.000135202
internal_weight=59747.4 6393.23 2831.29 2751.44 53354.1 624.62 52729.5 2611.28 1884.14 1618.91 50118.2 26086.2 10832.4 7828.63
internal_count=737077 127637 61795 56013 609440 5195 604245 23261 15977 13879 580984 281139 98781 70425
is_linear=0
shrinkage=0.03


Tree=168
num_leaves=15
num_cat=0
split_feature=8 8 23 9 35 19 3 4 3 34 20 26 32 15
split_gain=6.67089 10.0302 17.7768 10.7888 10.6832 6.62748 12.3627 10.1844 9.08238 7.77143 7.25651 7.05388 6.59213 7.37487
threshold=1.5000000000000002 1.0000000180025095e-35 4.4050000000000011 84.500000000000014 4.5000000000000009 9.1771780303030308 62.750000000000007 1.9166666666666681 59.750000000000007 0.0028293065618805644 343.50000000000006 -0.22513137140813433 0.21756775714045232 74.241666666666688
decision_type=2 2 8 2 2 10 2 2 2 2 10 10 2 10
left_child=1 2 -1 -3 -5 10 7 -7 -9 11 12 -10 -2 -14
right_child=5 3 -4 4 -6 6 -8 8 9 -11 -12 -13 13 -15
leaf_value=0.0087075931150315238 0.00010793072535654293 -0.0071980819699644545 -0.00058434293485446994 0.00021907971618878605 -0.0067556018024476933 0.0015639437074892941 0.0073612839306869682 -0.0030489481790135988 -0.0027614581753476709 -0.0017005551551932307 -0.0042801726562159571 0.0058864000001318589 0.0023793697390237056 -0.0048447699578103428
leaf_weight=143.49616279406473 46906.675198274868 361.06074521993287 4338.452611028566 854.57589953392744 205.97898253216408 4265.6350474250503 220.14286001538858 944.39061202853918 78.592527324333787 381.94386943569407 298.02629425097257 306.78343199333176 138.95706027024426 425.91744765336625
leaf_count=1137 614072 3663 58909 5974 8153 24743 1270 5281 410 2124 6564 1835 1054 3037
internal_value=5.12276e-05 -0.000901887 -0.000194061 -0.00305105 -0.0013787 0.000156229 0.0010751 0.000784439 -0.00114736 0.00123639 3.60175e-05 0.00400818 6.75895e-05 -0.00301868
internal_weight=59870.6 5903.56 4481.95 1421.62 1060.55 53967.1 6197.49 5977.35 1711.71 767.32 47769.6 385.376 47471.5 564.875
internal_count=738226 77836 60046 17790 14127 660390 35663 34393 9650 4369 624727 2245 618163 4091
is_linear=0
shrinkage=0.03


Tree=169
num_leaves=15
num_cat=0
split_feature=4 8 21 12 29 25 13 6 2 8 25 22 12 10
split_gain=6.26803 12.4067 9.65027 9.56684 14.753 10.2711 9.82383 12.4205 10.6828 8.93634 10.7308 9.29601 8.63574 10.2628
threshold=-0.18019480519480521 1.5000000000000002 0.054299754299754303 84.250000000000014 0.13846400631771186 0.21040057378434665 75.950000000000017 0.91987179487179505 3.5000000000000004 3.5000000000000004 0.12900673261513862 10.500000000000002 83.050000000000011 294.50000000000006
decision_type=2 2 10 8 10 10 8 2 8 2 10 10 10 2
left_child=1 2 -1 12 5 6 -5 8 -8 10 -3 -11 -2 -14
right_child=3 9 -4 4 -6 -7 7 -9 -10 11 -12 -13 13 -15
leaf_value=-0.00077209084548182107 -0.00034998953607796369 0.002226070679272663 -0.0061975199221837463 0.0049950617772889019 0.0021260977195393686 -0.002884389968096983 0.0034938889195609236 0.0040260565891390978 -0.0011681417639876842 0.00030511426593581926 0.00013704454761614485 -0.003910286031110476 -0.0040240839215380693 0.0019778599692961358
leaf_weight=2338.2996907520574 25875.056888589839 5452.8643744231667 291.40257234545425 320.64132276992314 3602.1489199292846 1067.1347816404887 451.39761774032377 534.91831884440035 3774.091862999252 10606.909184582997 3713.3038148442283 442.633453379618 1104.5393825036008 296.31382823805325
leaf_count=34437 293243 103134 3383 3014 28254 7454 5195 6575 44033 146017 39870 11362 9546 2536
internal_value=5.22352e-05 0.000442486 -0.00147771 -0.000188824 0.000615654 -0.00027931 0.000290591 -7.49083e-05 -0.000635074 0.0006953 0.00138512 0.000119396 -0.000477002 -0.00273012
internal_weight=59871.7 22845.4 2629.7 37026.2 9750.33 6148.18 5081.05 4760.41 4225.49 20215.7 9166.17 11049.5 27275.9 1400.85
internal_count=738053 338203 37820 399850 94525 66271 58817 55803 49228 300383 143004 157379 305325 12082
is_linear=0
shrinkage=0.03


Tree=170
num_leaves=15
num_cat=0
split_feature=35 9 12 9 11 34 23 11 22 12 18 23 25 13
split_gain=8.94356 6.74972 11.1138 10.3826 7.63889 8.3141 7.1554 6.76536 6.74705 10.9118 12.3209 8.84221 7.86951 9.21536
threshold=1.5000000000000002 88.500000000000014 86.550000000000011 78.500000000000014 10.500000000000002 -0.0027417838226109644 -0.99499999999999988 45.500000000000007 8.5000000000000018 69.450000000000017 -1.0000000180025095e-35 5.495000000000001 0.11242418724040971 69.750000000000014
decision_type=2 2 8 2 2 2 8 2 10 10 10 10 10 8
left_child=1 2 3 7 5 -3 -7 -1 -2 10 -10 12 13 -11
right_child=8 4 -4 -5 -6 6 -8 -9 9 11 -12 -13 -14 -15
leaf_value=-0.0005315620664974193 -0.00042740520371257394 0.0010685635375370225 0.0024329856723738523 0.0014916343117002591 0.00080308962574005232 0.00059195367403544659 -0.0048422519175625725 0.0061271513309796377 0.0013153210691734013 0.0061059089164049712 0.0097036332951262391 -0.0026170421450770133 0.0035994557484173516 -0.0038000261107234211
leaf_weight=6413.703276231885 37414.845345258102 482.80369041860104 2943.1402945443988 4351.1039777100086 1489.6882138177752 276.00644260644913 834.97158988565207 90.48733577132225 3242.9748915530508 60.42482284642756 117.87417085515335 1205.5827101154719 497.3989472691901 338.48520499654114
leaf_count=31026 534117 2310 13564 19659 7301 1247 3985 457 86035 1229 1081 21440 7312 6146
internal_value=-5.32415e-05 0.00053069 0.000813957 0.000365856 -0.000729681 -0.00214319 -0.00352485 -0.000392889 -0.000283499 0.000697062 0.00174746 -0.000984057 0.00123462 -0.00178657
internal_weight=59759.5 16881.9 13798.4 10855.3 3083.47 1593.78 1110.98 6504.19 42877.6 5462.74 3360.85 2101.89 896.309 398.91
internal_count=736909 79549 64706 51142 14843 7542 5232 31483 657360 123243 87116 36127 14687 7375
is_linear=0
shrinkage=0.03


Tree=171
num_leaves=15
num_cat=0
split_feature=18 5 33 20 7 20 12 32 17 26 27 14 13 7
split_gain=8.13833 5.66396 7.80487 7.68418 8.32268 7.28157 13.3063 6.69339 9.09346 8.17564 7.18851 6.98507 6.8391 6.74129
threshold=-29.066666666666663 3.5000000000000004 16.500000000000004 148.50000000000003 6.5000000000000009 6.5000000000000009 73.950000000000017 0.17208967709553291 74.30094339622643 -0.18318621971012797 651.50000000000011 81.550000000000011 82.050000000000011 2.5000000000000004
decision_type=8 2 2 10 10 8 10 2 8 10 10 10 8 8
left_child=-1 2 -2 5 -5 6 -3 9 12 13 -11 -10 -9 -4
right_child=1 3 7 4 -6 -7 -8 8 11 10 -12 -13 -14 -15
leaf_value=-0.0049992703860778339 0.0023846400344118088 0.0062947616059763466 0.0053028452540048211 0.0021846241093839767 -0.0035798534674208486 0.00013706666278611845 -0.0020572930988176585 -0.0040281578386594293 0.0039666092863106716 -0.00018579821632175685 -0.0077900674371878748 -0.00018562241723525121 0.0040442700578085184 -0.0019633933865427665
leaf_weight=232.07260580919683 886.54137468186673 404.80216525588185 71.385920494329184 2848.0217040539719 199.80119215126615 35281.956717740628 244.23309881286696 366.61913406453095 889.42534393747337 13678.365687094978 62.85704575991258 588.90144869079813 78.601605442352593 4000.7723222556524
leaf_count=13818 12712 6082 520 38434 5531 446146 2177 2809 6089 161973 882 4417 630 35738
internal_value=8.46726e-05 0.000108642 -0.00029296 0.00032123 0.00175505 0.000197337 0.00322952 -0.000418954 0.00124123 -0.000601199 -0.000248699 0.00236058 -0.00233857 -0.00177324
internal_weight=59834.4 59602.3 20623.5 38978.8 3047.82 35931 649.035 19736.9 1923.55 17813.4 13741.2 1478.33 445.221 4072.16
internal_count=737958 724140 225770 498370 43965 454405 8259 213058 13945 199113 162855 10506 3439 36258
is_linear=0
shrinkage=0.03


Tree=172
num_leaves=15
num_cat=0
split_feature=4 21 35 21 32 23 24 32 33 23 6 13 10 33
split_gain=7.80783 10.3563 7.19885 10.3313 15.5068 10.0469 9.94206 8.4523 10.8549 9.18602 12.0575 10.4998 11.52 8.83871
threshold=-4.2182539682539675 0.041960093896713617 2.5000000000000004 0.09699820788530468 0.060010604453870638 -0.99499999999999988 0.026847809290439086 0.069234891582158467 182.50000000000003 1.1050000000000002 0.93541666666666679 71.050000000000011 323.50000000000006 44.500000000000007
decision_type=2 10 2 8 2 10 8 2 2 8 2 8 2 2
left_child=1 -1 3 5 -5 -2 -6 8 -4 -9 11 12 -11 -12
right_child=2 -3 7 4 6 -7 -8 9 -10 10 13 -13 -14 -15
leaf_value=-0.0023329823792695116 0.0077939248812131084 0.0064488366448578246 -0.00034384582402804481 0.0048699306851581262 -0.0042902066131856728 0.00089587480648740188 -0.00016030039544108257 -0.0011615247546565206 -0.0030578082961127242 0.00055453845449658775 0.0077039771935047581 -0.00049560644435908089 0.0047582720760729188 0.0016166902243124263
leaf_weight=148.14840693562292 144.14479434490204 319.66978120978456 3591.5124744054337 489.99105635657907 492.64686973392963 12109.86371190846 15971.012288082391 5370.7572515478823 2066.8822224861942 4244.2699104121421 201.94804219482467 12208.557529940736 634.48036108049564 1832.6665686465567
leaf_count=4208 760 6455 94032 2826 2859 65499 86647 75289 52493 87340 4320 210452 12777 31894
internal_value=4.32235e-05 0.00371108 1.12174e-05 0.000346588 -0.000133296 0.00100836 -0.000296496 -0.000313695 -0.00135329 -7.12551e-05 0.000237199 -2.5508e-05 0.00114396 0.00239118
internal_weight=59826.6 467.818 59358.7 29207.7 16953.7 12254 16463.7 30151.1 5658.39 24492.7 19121.9 17087.3 4878.75 2034.61
internal_count=737851 10663 727188 158591 92332 66259 89506 568597 146525 422072 346783 310569 100117 36214
is_linear=0
shrinkage=0.03


Tree=173
num_leaves=15
num_cat=0
split_feature=19 8 8 23 9 12 31 13 0 32 31 8 20 34
split_gain=9.66398 11.1935 20.2887 9.06155 8.67672 8.31833 11.9552 10.1563 8.79255 9.35463 8.5714 9.00662 9.06401 8.31627
threshold=4.5833333333333366 1.0000000180025095e-35 1.5000000000000002 2.8050000000000002 17.500000000000004 85.250000000000014 -0.0027019423045657157 86.950000000000017 10.500000000000002 0.16312162285923623 0.035837301955361105 3.5000000000000004 79.500000000000014 0.009221709032805914
decision_type=8 2 2 10 2 10 10 8 2 2 8 2 10 2
left_child=1 3 -3 -1 -2 10 -7 -8 -9 -10 11 -6 -13 -12
right_child=4 2 -4 -5 5 6 7 8 9 -11 13 12 -14 -15
leaf_value=0.012535474987216692 0.0029069298451568524 -0.0052550757076177792 -0.00023057700972610483 -0.0024146601457193115 0.00041460230859270225 -0.0011510912208009705 0.0046030180253298584 -0.00077611712013343824 0.0053227097820748972 -0.0015999543581091714 0.00023903741417036372 -0.0015002094845884876 0.0013926141617875271 0.0078125210222342121
leaf_weight=58.076277403626591 1194.8221700196154 689.77506968507078 32872.21634511539 34.206166690448299 14249.9150191386 1042.5644781098235 1205.5197315523401 1023.201272085309 550.33482155250385 221.16716738324612 277.48263601190411 5037.9188611293212 1164.0422233275604 201.93847063463181
leaf_count=557 9100 12738 511419 543 128398 7144 7097 5813 4088 1466 2211 35788 9648 1391
internal_value=2.96398e-05 -0.000306407 -0.000341506 0.00809276 0.00046157 0.000339003 0.00157598 0.00252696 0.00104549 0.00336159 9.68997e-05 -6.57206e-07 -0.000950462 0.00386565
internal_weight=59823.2 33654.3 33562 92.2824 26168.9 24974.1 4042.79 3000.22 1794.7 771.502 20931.3 20451.9 6201.96 479.421
internal_count=737401 525257 524157 1100 212144 203044 25608 18464 11367 5554 177436 173834 45436 3602
is_linear=0
shrinkage=0.03


Tree=174
num_leaves=15
num_cat=0
split_feature=4 29 2 6 1 21 13 34 32 32 17 33 30 2
split_gain=7.85838 8.01853 8.72749 7.83352 8.53438 8.49835 11.2639 8.43101 7.68851 7.52067 6.90265 6.86087 6.85903 8.02155
threshold=-0.22048611111111069 0.20524596829319827 5.5000000000000009 0.77350427350427364 2002.0000000000002 0.50862068965517249 85.050000000000011 0.0060932549147316934 0.04063335561497327 0.046216235470771666 46.45277777777779 18.500000000000004 3248.5000000000005 3.5000000000000004
decision_type=2 10 10 2 2 10 8 2 2 2 8 2 8 8
left_child=1 10 -3 4 5 -2 -7 11 -5 -10 -1 -6 13 -12
right_child=3 2 -4 8 7 6 -8 -9 9 -11 12 -13 -14 -15
leaf_value=-0.006173098985136038 -0.0002583352105184596 0.0065578788488496265 -0.0027546186673695753 -0.0046789724378704335 0.0040545755473102123 0.0031701970832637115 -0.005222341086814848 0.00014850809308572863 0.0067836016515373425 0.00049951493291523871 -0.0010472518134917175 -0.0048841152592138115 -0.001806038901214467 0.00078206223747546782
leaf_weight=92.993380916072056 24967.287543833838 315.60255252267234 89.108061404898763 203.89785928314086 46.978221624856815 149.24706582864746 586.90059336833656 622.66277406387962 124.9108477353584 9845.5672780696768 2400.3867912222631 920.42184855346568 1107.8910701439017 18333.35612134845
leaf_count=5282 268987 2196 635 4470 644 1052 4023 6021 2293 108387 34627 9841 14096 275160
internal_value=3.99101e-05 0.000484661 0.00443004 -0.000225555 -0.000490203 -0.000355576 -0.00342742 -0.00258926 0.000483309 0.000611698 0.000401956 -0.00427211 0.000443985 0.000568269
internal_weight=59807.2 22339.3 404.711 37467.9 27293.5 25703.4 736.148 1590.06 10174.4 9970.48 21934.6 967.4 21841.6 20733.7
internal_count=737714 331996 2831 405718 290568 274062 5075 16506 115150 110680 329165 10485 323883 309787
is_linear=0
shrinkage=0.03


Tree=175
num_leaves=15
num_cat=0
split_feature=14 4 8 16 21 8 2 25 2 29 25 16 13 21
split_gain=7.45896 6.48865 12.4742 10.5079 10.3963 8.70595 11.0342 9.8534 8.1291 9.31628 12.8978 8.50373 9.33167 8.67262
threshold=20.450000000000003 -0.4076704545454532 1.5000000000000002 80.550000000000011 0.10495716034271728 3.5000000000000004 8.5000000000000018 0.33795615245216876 6.5000000000000009 0.19138838824943213 0.19604669127638166 93.450000000000017 83.050000000000011 0.030536130536130541
decision_type=8 2 2 8 10 2 8 10 10 10 10 10 10 10
left_child=-1 2 4 -3 -2 -4 7 8 9 11 -11 12 13 -7
right_child=1 3 5 -5 -6 6 -8 -9 -10 10 -12 -13 -14 -15
leaf_value=0.0064741864286069345 -0.0008511092254062314 -0.0009146311476116801 0.0014321937681216793 0.00011334239046275638 -0.0068996078169109819 0.00074276602170502033 -0.0024614388012159623 0.0065410759543935888 0.0027333538940952752 0.0095607204455359762 -0.0042392670304302847 -0.0046074507934607892 0.0028145021933432372 -0.0015458881169285778
leaf_weight=109.79435686860234 2064.0664086624747 13540.762681851222 7913.8931173820747 26178.860409738496 245.54937256895937 2857.0556914837798 1267.1062243940542 185.53954195557162 1038.1875776379602 143.60834858589806 54.739300927147269 330.73153561027721 868.46640286850743 3014.9320858635474
leaf_count=2248 30766 170404 126336 264060 2826 45279 17119 1219 15341 1169 345 3861 9288 47516
internal_value=1.27584e-06 -1.60353e-05 0.000424258 -0.000237812 -0.00162674 0.000696108 9.50188e-05 0.000488589 0.000315093 -4.65793e-05 0.00566552 -0.000245459 9.19792e-07 -0.000435458
internal_weight=59813.3 59703.5 19983.9 39719.6 2309.62 17674.3 9760.37 8493.26 8307.72 7269.53 198.348 7071.19 6740.45 5871.99
internal_count=737777 735529 301065 434464 33592 267473 141137 124018 122799 107458 1514 105944 102083 92795
is_linear=0
shrinkage=0.03


Tree=176
num_leaves=15
num_cat=0
split_feature=33 17 6 15 16 4 6 33 27 1 10 26 12 15
split_gain=5.89897 10.1654 9.92039 10.1186 9.73291 10.91 9.53964 8.75786 11.1373 7.9335 7.80015 7.24635 7.43347 11.2655
threshold=89.500000000000014 67.551000000000016 0.93541666666666679 69.216666666666683 74.65000000000002 -3.6726190476190506 0.82843137254901966 70.500000000000014 100.50000000000001 2007.5000000000002 254.50000000000003 -0.015981057212621264 67.15000000000002 61.733333333333341
decision_type=2 8 2 8 8 2 2 2 10 2 2 10 10 10
left_child=1 -1 3 -3 6 9 11 -5 10 -6 -9 12 -2 -14
right_child=4 2 -4 7 5 -7 -8 8 -10 -11 -12 -13 13 -15
leaf_value=0.0022439668596859401 -0.0023893042996343942 -0.0031735788249650939 0.0030230160603180304 -0.00030574494904102349 0.0048965637193027576 4.631901435606794e-06 0.00096730663259869687 0.0060914210115448082 -0.002305931442421123 -0.0053412037076775902 0.00021042169184146413 -0.004269850585794501 0.0082001878328459791 -0.00050963203926343581
leaf_weight=2695.6245163547865 2333.7441441593692 864.48041800863575 910.40890361636411 5693.1271075740224 563.15943811344914 41193.079456753447 1447.6145259287441 564.43594223633409 290.46563573065214 35.388247625669464 308.59811358642764 821.8997082792921 93.021155031630769 1990.8373618754558
leaf_count=59242 41418 15412 11960 71937 9986 441890 25638 6446 3253 772 3580 22973 1299 21748
internal_value=3.90907e-05 0.000653896 0.000147253 -0.000209102 -0.000105085 6.54213e-05 -0.00116326 0.000184927 0.00249951 0.00392615 0.00413662 -0.00175549 -0.00124513 6.21992e-05
internal_weight=59805.9 11327.1 8631.52 7721.11 48478.7 41791.6 6687.12 6856.63 1163.5 598.548 873.034 5239.5 4417.6 2083.86
internal_count=737554 171830 112588 100628 565724 452648 113076 85216 13279 10758 10026 87438 64465 23047
is_linear=0
shrinkage=0.03


Tree=177
num_leaves=15
num_cat=0
split_feature=15 4 7 16 15 20 30 30 12 29 31 11 16 22
split_gain=7.94417 6.16447 10.9239 6.57062 6.65182 6.52588 7.18207 7.37481 6.29597 6.08325 8.41483 7.04143 10.0314 8.13278
threshold=43.783333333333346 -2.4843749999999996 5.5000000000000009 87.850000000000009 67.883333333333354 192.50000000000003 240.50000000000003 424.50000000000006 66.950000000000017 0.044070160508710973 -0.019246198102198259 29.500000000000004 80.550000000000011 4.5000000000000009
decision_type=8 2 8 10 8 10 10 10 10 10 8 2 10 10
left_child=-1 2 5 4 -4 6 -2 8 -8 10 -3 -11 13 -13
right_child=1 9 3 -5 -6 -7 7 -9 -10 11 -12 12 -14 -15
leaf_value=-0.0050734871882844685 0.0051301534080569755 0.001054903233256197 0.00088946799889389838 0.0033282899956388282 -0.0040874145407833028 -0.0044679440183471014 0.0032572021575771244 0.0026267599394622721 -0.0045342504263802662 -3.5380082645871947e-05 -0.0044010950791522289 -0.0049544276728882026 0.0019647540463626394 0.0013926056933647494
leaf_weight=219.2153545152396 742.32378591224551 395.83545236953069 376.76614392607007 201.06818674458191 556.18835085979663 73.190771513385698 95.424466054770164 1160.7450543550076 239.54191937227733 51323.882275817567 589.06153044151142 335.15153154032305 3227.8837600375991 311.24694752390496
leaf_count=10301 11599 7064 12048 3812 10814 1380 2420 17836 3019 589395 14591 3739 43906 5731
internal_value=6.84894e-05 9.1628e-05 0.00131406 -0.0010663 -0.00213453 0.00247985 0.00279974 0.00151462 -0.00217988 1.55644e-05 -0.00226328 5.82371e-05 0.00128306 -0.00201771
internal_weight=59847.5 59628.3 3445.25 1134.02 932.954 2311.23 2238.04 1495.71 334.966 56183.1 984.897 55198.2 3874.28 646.398
internal_count=737655 727354 62928 26674 22862 36254 34874 23275 5439 664426 21655 642771 53376 9470
is_linear=0
shrinkage=0.03


Tree=178
num_leaves=15
num_cat=0
split_feature=20 17 20 23 22 3 27 12 34 29 13 35 24 20
split_gain=7.59965 6.75023 5.99288 12.0979 10.1955 9.05067 7.56266 7.14774 7.10551 6.80778 9.25531 6.52317 7.21779 6.15912
threshold=330.50000000000006 79.583771929824579 9.5000000000000018 0.99500000000000011 3.5000000000000004 54.250000000000007 -52.499999999999993 88.750000000000014 0.036169555556012124 0.10797597523347398 72.250000000000014 11.500000000000002 0.094570290675867572 6.5000000000000009
decision_type=10 10 8 10 10 2 10 10 2 8 10 2 8 10
left_child=2 -2 3 7 9 6 -6 -1 -7 10 13 -4 -13 -5
right_child=1 -3 11 4 5 8 -8 -9 -10 -11 -12 12 -14 -15
leaf_value=0.0043221091760400482 -0.005852264889875709 0.0014136126522335979 3.1931343410737709e-05 -0.0034318004960461139 -0.001685160261295876 0.00013041285243095533 0.0075517641916826228 -0.0023565958081982231 0.0076231333055819962 -0.0050433739566799335 -0.0037817220243393308 -0.0073136610775409094 0.0029916584858987001 0.005171724482575522
leaf_weight=1133.1933357936796 306.35937222559005 145.55444665835239 53940.914969664358 61.617133174324408 85.937775357393548 2540.1193416217575 261.38299204932991 132.23777318000793 69.359665063908324 411.31961375079118 277.78940795524977 162.86666476703249 53.8949785270961 244.82837776490487
leaf_count=9224 6518 1926 641291 685 1774 34891 5912 997 773 3134 2423 19498 5648 2663
internal_value=7.17958e-05 -0.00360435 0.000102785 0.00106877 0.000236261 0.00112082 0.00534181 0.00356114 0.000469144 -0.00231886 -0.000154336 8.81768e-06 -0.0046709 0.00320308
internal_weight=59827.4 451.914 59375.5 5217.79 3952.35 2956.8 347.321 1265.43 2609.48 995.555 584.235 54157.7 216.762 306.446
internal_count=737357 8444 728913 62476 52255 43350 7686 10221 35664 8905 5771 666437 25146 3348
is_linear=0
shrinkage=0.03


Tree=179
num_leaves=15
num_cat=0
split_feature=35 23 4 5 7 35 16 25 19 33 23 16 15 1
split_gain=7.64425 5.66475 13.1412 10.4516 9.66152 8.14803 9.73852 10.6235 10.7761 8.5872 11.334 9.26241 9.01526 8.39149
threshold=12.500000000000002 3.8050000000000002 -3.3480769230769236 9.5000000000000018 5.5000000000000009 5.5000000000000009 82.65000000000002 0.11304710653926435 9.3886111111111124 42.500000000000007 -0.23499999999999996 76.550000000000011 72.416666666666686 1458.0000000000002
decision_type=2 8 2 2 10 2 10 10 10 2 10 10 10 2
left_child=1 2 4 -3 -1 6 7 -4 9 12 11 -11 -9 -13
right_child=-2 3 5 -5 -6 -7 -8 8 -10 10 -12 13 -14 -15
leaf_value=0.0056823594820124791 -0.0067435070350652547 0.00025513115311288356 0.00019563357811511282 0.0023578115359796882 -0.001336787324498258 -0.001520605485902456 0.00041248961193663379 0.0059256522333024815 0.00093811516588822265 -0.0043627309268308686 -0.0030648635649555092 0.0036804729027904376 -0.0018116487945746933 -0.0026323571783289736
leaf_weight=537.01377403712831 97.011370387859643 21641.120856187306 6772.800547555089 2311.8815758458804 228.95807483466342 3810.5234511054587 17386.456213447265 196.74531389120966 1331.8782936520875 231.40563861746341 4194.9999232301489 598.63944246992469 262.53634660691023 226.33817954361439
leaf_count=6776 12921 332674 55800 47831 4176 106185 122690 1582 6879 1766 31170 4082 1946 1599
internal_value=8.92678e-05 0.000105996 -0.000133034 0.000462565 0.0036309 -0.000220439 -5.94768e-05 -0.000652787 -0.00146434 -0.00202793 -0.00237262 0.000390626 0.00175919 0.00189705
internal_weight=59828.3 59731.3 35778.3 23953 765.972 35012.3 31201.8 13815.3 7042.54 5710.66 5251.38 1056.38 459.282 824.978
internal_count=738077 725156 344651 380505 10952 333699 227514 104824 49024 42145 38617 7447 3528 5681
is_linear=0
shrinkage=0.03


Tree=180
num_leaves=15
num_cat=0
split_feature=4 10 19 15 21 7 2 20 17 28 4 29 23 34
split_gain=7.30977 9.52001 11.4098 9.32346 6.75575 6.47458 9.22365 5.29913 5.10238 4.85537 7.75012 9.68258 6.99644 6.86799
threshold=3.5124999999999997 47.500000000000007 9.6250000000000089 79.0416666666667 0.095491388044579545 8.5000000000000018 4.5000000000000009 6.5000000000000009 83.601724137931043 5.2500000000000009 0.71651785714285776 0.084849449298844609 4.205000000000001 -0.0043980723673363075
decision_type=2 2 8 8 10 10 10 10 8 10 2 10 10 2
left_child=5 3 -3 4 -2 9 7 -7 -4 -1 11 12 -11 -12
right_child=1 2 8 -5 -6 6 -8 -9 -10 10 13 -13 -14 -15
leaf_value=0.00013217455245043768 -0.0012189183739645386 -0.0034759257132015763 -0.00044243563708052194 -0.0022993245633161729 0.010537341135679803 0.0040687892065173247 0.0022711297096332655 -0.0057554137122913431 0.0054464639983708985 0.004817539574867794 0.0036012763874627473 0.0076240276276230085 -0.0058282740509283237 -0.0014037226164259264
leaf_weight=55428.897466496273 48.468861190602183 1587.5390111077577 400.65524920541793 127.00263360887766 102.73322922107764 19.883852534927428 198.2846805350855 428.04434278060216 143.05736425030045 50.152629279764369 327.93807198572904 300.19070681813173 78.754228871315718 662.79332366189919
leaf_count=688659 410 14750 2187 1102 906 325 4667 9030 1022 540 3427 2962 1298 6341
internal_value=7.39685e-05 -0.00152777 -0.00221885 0.00329791 0.00740239 0.000142362 -0.00273352 -0.00495453 0.0014352 0.000177426 0.00187942 0.00501346 -0.00149757 0.000346387
internal_weight=59904.4 2409.46 2131.25 278.205 151.202 57494.9 646.213 447.928 543.713 56848.7 1419.83 429.098 128.907 990.731
internal_count=737626 20377 17959 2418 1316 717249 14022 9355 3209 703227 14568 4800 1838 9768
is_linear=0
shrinkage=0.03


Tree=181
num_leaves=15
num_cat=0
split_feature=5 16 12 14 19 34 14 23 3 35 33 28 34 34
split_gain=6.75005 13.3152 7.90697 9.0524 9.84905 7.20445 7.08653 6.71178 6.46913 7.94035 9.04511 9.86206 5.64779 7.23325
threshold=9.5000000000000018 78.15000000000002 80.450000000000017 79.850000000000009 -2.1733333333333351 -0.02676193090381342 91.550000000000011 -2.5049999999999994 57.750000000000007 9.5000000000000018 70.500000000000014 -1.2499999999999998 0.0039177930369823427 0.011814951410867814
decision_type=2 10 10 10 10 2 10 10 2 2 2 8 2 2
left_child=-1 8 3 4 -3 -6 7 -4 9 10 -2 -12 -8 -14
right_child=1 2 6 -5 5 -7 12 -9 -10 -11 11 -13 13 -15
leaf_value=-7.2070117518799182e-05 0.0092281946726702428 0.0026793426506451891 -0.0041976663574566251 0.0021082801073821931 0.0049200454677813541 -0.0038656820765314557 -0.0060462774709550268 0.0024948187979106111 0.00067515281952403201 -0.0031771743889827085 -0.0028486094278915627 0.0045880809870637992 0.0070243158453489989 -0.0038493998487030248
leaf_weight=53695.264592631022 285.46175626222976 252.39183044992387 101.48292490746826 496.13678958429955 47.818275260040537 1291.7489068598952 148.25477168825455 1673.9202768332325 735.82146094169002 86.171087172930129 167.52945756982081 699.41096671717241 55.235270038479939 69.260922112036496
leaf_count=639107 4922 8849 805 7889 622 16506 1905 20558 12426 9478 2859 10260 695 835
internal_value=3.57763e-05 0.000976334 6.04286e-07 -0.00128333 -0.00237234 -0.00338631 0.00130897 0.00200777 0.00296993 0.00425414 0.00491883 0.00307403 -0.0028461 0.00160532
internal_weight=59805.9 6110.64 4136.25 2088.1 1591.96 1339.57 2048.15 1775.4 1974.39 1238.57 1152.4 866.94 272.751 124.496
internal_count=737716 98609 58664 33866 25977 17128 24798 21363 39945 27519 18041 13119 3435 1530
is_linear=0
shrinkage=0.03


Tree=182
num_leaves=15
num_cat=0
split_feature=6 9 10 29 9 33 29 31 26 12 11 23 34 10
split_gain=6.89926 7.34641 6.81682 6.09821 6.56512 6.62125 5.45227 6.7372 6.05924 5.3038 7.28997 8.35132 7.14809 6.83882
threshold=0.12132352941176472 53.500000000000007 120.50000000000001 0.099452990877570965 41.500000000000007 214.50000000000003 0.13907794077894794 0.010372737271304841 -0.21319296948339861 65.950000000000017 5.5000000000000009 4.5950000000000006 0.0003781933207115344 181.50000000000003
decision_type=2 2 2 8 2 2 10 10 10 10 2 8 2 2
left_child=1 3 -3 4 5 -1 9 -8 -9 -4 12 -12 13 -11
right_child=-2 2 6 -5 -6 -7 7 8 -10 10 11 -13 -14 -15
leaf_value=-0.0028296525058607324 -7.6018282215376017e-05 0.0016840005847261219 -0.0050241781597288272 -0.0048245004028522973 -0.006923391792571636 0.0033424310500982093 0.0047597813457788338 0.0040797774366177781 -0.0047582966232300444 -0.0023597308447241253 -0.0048385380798737238 0.003128034132078527 -0.0017460479208643918 0.0079688773404923523
leaf_weight=234.24988659587689 55744.813556138222 881.52417474531103 407.66419268667232 753.05446702125482 76.718104402301833 300.22935221600346 207.9706618685741 59.474344779038802 161.33060097438283 54.602411947678775 468.00788788753562 115.81825214927085 228.63318826700561 149.68059756909497
leaf_count=3834 686555 10818 8436 7510 1175 3962 1792 462 1533 621 5106 1840 2190 1607
internal_value=-0.00016393 -0.00134418 -0.000427903 -0.00310084 -0.000772886 0.000626693 -0.00145035 0.00139719 -0.002064 -0.00232583 -0.00105914 -0.00313606 0.00177648 0.00528701
internal_weight=59843.8 4098.96 2734.71 1364.25 611.197 534.479 1853.18 428.776 220.805 1424.41 1016.74 583.826 432.916 204.283
internal_count=737441 50886 34405 16481 8971 7796 23587 3787 1995 19800 11364 6946 4418 2228
is_linear=0
shrinkage=0.03


Tree=183
num_leaves=15
num_cat=0
split_feature=7 27 5 2 1 28 11 11 23 18 16 33 5 29
split_gain=6.24813 10.2918 8.39523 10.9126 8.05683 6.10904 9.77297 8.71934 8.71925 8.48343 9.17535 7.49304 6.42212 5.50798
threshold=6.5000000000000009 -129.49999999999997 4.5000000000000009 5.5000000000000009 1413.5000000000002 -0.74999999999999989 15.500000000000002 39.500000000000007 4.205000000000001 -2.2666666666666759 78.850000000000009 110.50000000000001 3.5000000000000004 0.17814785550587606
decision_type=10 10 2 10 2 10 2 2 10 10 8 2 2 8
left_child=13 4 5 -4 -2 6 -3 9 -8 10 -7 -11 -9 -1
right_child=1 2 3 -5 -6 7 8 12 -10 11 -12 -13 -14 -15
leaf_value=0.00020149248299481431 -0.0051936832026769682 0.0086825777477035054 -0.0025980801518897551 0.0023489318736752904 0.00027745843738047972 0.0025806144587861976 -0.0022040315043028594 0.0058722893051809683 0.0054615084247048558 0.0074068866815521807 -0.0049604458458592715 -0.00093670267611184921 -0.0024425074878236092 -0.00093957582327769461
leaf_weight=50408.364591567777 731.0753136659041 168.33181678992696 1767.6169561753049 472.71987911337055 344.07696587534156 157.17339210247155 292.97077763290145 259.39950789418072 170.29317798453849 105.12351986579597 546.02969865663908 232.80542979761958 82.753021667012945 4068.5607331164647
leaf_count=617612 14199 3028 32293 8696 6490 3317 3907 3344 3623 844 8481 1762 1084 29248
internal_value=1.9265e-05 -0.000956092 -0.000277991 -0.00152575 -0.00350825 0.00111274 0.00343737 -3.15551e-05 0.000871315 -0.00140942 -0.00321552 0.00227897 0.00380626 0.000115489
internal_weight=59807.3 5330.37 4255.22 2240.34 1075.15 2014.88 631.596 1383.28 463.264 1041.13 703.203 337.929 342.153 54476.9
internal_count=737928 91068 70379 40989 20689 29390 10558 18832 7530 14404 11798 2606 4428 646860
is_linear=0
shrinkage=0.03


Tree=184
num_leaves=15
num_cat=0
split_feature=21 24 20 3 10 13 24 29 1 28 27 16 14 0
split_gain=7.58114 11.8692 10.9828 10.1741 9.42593 9.02675 9.9014 8.38969 8.05503 7.76919 7.865 6.79178 6.72825 6.60372
threshold=0.24068965517241384 0.22981407301395776 23.500000000000004 55.750000000000007 313.50000000000006 71.450000000000017 0.37397639663605448 0.072528959538431817 1077.5000000000002 4.2500000000000009 -189.49999999999997 89.450000000000017 31.050000000000004 7.5000000000000009
decision_type=10 10 10 2 2 8 10 10 2 10 10 10 8 2
left_child=11 3 5 -2 9 -3 8 -4 -7 -5 -11 12 -1 -14
right_child=1 2 7 4 -6 6 -8 -9 -10 10 -12 -13 13 -15
leaf_value=0.0050892804451890834 0.00067724875442309786 -0.0069134618368464342 -0.0049102617288890255 -0.0028447056842775876 0.0014492068252422478 0.0037245382584278567 0.0024989647274135337 0.0030820870783854841 -0.0026592267081169611 -0.0047944540005048697 0.0035400705658954717 0.0010444966078779077 -0.00082365015253829795 0.00013927020886894616
leaf_weight=181.64607185160276 1530.6408561351709 145.52250031894073 83.872063429094851 4538.9290012118872 581.58896586182527 164.70960757229477 743.34661991707981 1461.5192475304939 1121.0317819402553 93.25392417027615 317.21767322579399 6258.7006901038112 7799.5086386823095 34902.027222107281
leaf_count=4053 18458 1137 820 46262 5594 1071 4459 10857 7828 970 2796 74906 72073 487169
internal_value=-3.27912e-05 -0.000751268 0.000614788 -0.00147016 -0.00206517 -0.000756778 -0.000159589 0.00250803 -0.00173263 -0.0024885 0.00133157 0.000125445 -9.74913e-06 -3.73664e-05
internal_weight=59923.5 10781.6 3720 7061.63 5530.99 2174.61 2029.09 1545.39 1285.74 4949.4 410.472 49141.9 42883.2 42701.5
internal_count=738453 100252 26172 74080 55622 14495 13358 11677 8899 50028 3766 638201 563295 559242
is_linear=0
shrinkage=0.03


Tree=185
num_leaves=15
num_cat=0
split_feature=18 12 3 11 20 13 6 5 25 32 16 10 17 32
split_gain=8.57764 12.6312 10.8748 8.15476 8.73005 8.64609 8.06299 13.3812 15.5615 12.3894 10.2082 12.5279 10.4815 8.70658
threshold=-6.166666666666667 63.350000000000001 59.250000000000007 3.5000000000000004 245.50000000000003 78.050000000000011 0.56385869565217395 2.5000000000000004 0.19199368191145841 0.15916626723179969 76.350000000000009 176.50000000000003 80.068660714285727 0.10645289808507906
decision_type=8 8 2 2 10 8 2 2 10 2 10 2 10 2
left_child=3 -2 -3 5 6 -1 7 9 10 -5 11 -9 13 -12
right_child=1 2 -4 4 -6 -7 -8 8 -10 -11 12 -13 -14 -15
leaf_value=0.00194305302431802 0.0027763317898737237 -7.3506471278038659e-05 0.0011477583125323416 -0.0020300390919611765 -0.0065497855693009335 -0.00079700866560312349 -0.0014636274898919002 -0.0042564345510530763 -0.0040741041715548661 0.0038485976602401287 0.0018042696958307613 0.0021070296508570656 -0.0014474533369989774 0.0055186781656445865
leaf_weight=2231.5866070445627 1719.3915284110699 31017.983571103658 8271.1365912846522 3108.3123560659587 184.99498650687747 1860.0782422120683 6757.608669843059 473.52803291066084 431.29900512611493 313.06422760454006 1510.2485648981528 549.15564339677803 469.21367250219919 943.45713810203597
leaf_count=45618 16137 282159 67425 54755 5451 38188 138475 11588 5271 3456 31820 14064 9217 14199
internal_value=5.33042e-05 0.000296635 0.000184726 -0.000475938 -0.000804403 0.000702832 -0.000709211 -5.03109e-05 0.00104347 -0.00144444 0.00164686 -0.000900474 0.00253829 0.00331416
internal_weight=59841.1 41008.5 39289.1 18832.5 14740.9 4091.66 14555.9 7798.28 4376.9 3421.38 3945.6 1022.68 2922.92 2453.71
internal_count=737823 365721 349584 372102 288296 83806 282845 144370 86159 58211 80888 25652 55236 46019
is_linear=0
shrinkage=0.03


Tree=186
num_leaves=15
num_cat=0
split_feature=5 29 35 33 29 31 18 10 29 19 10 9 20 20
split_gain=6.71678 11.4457 11.6137 9.5373 7.28615 7.7405 7.22913 8.47576 8.71783 7.14125 9.05914 6.83361 6.41105 9.1595
threshold=9.5000000000000018 0.069112448849048852 10.500000000000002 4252.5000000000009 0.058228774087209369 0.0051668804338264101 -0.62499999999999989 79.500000000000014 0.17985341419816767 6.4634375000000057 267.50000000000006 59.500000000000007 19.500000000000004 144.50000000000003
decision_type=2 8 2 2 10 10 10 2 8 8 2 2 10 10
left_child=-1 4 3 6 -2 -6 7 11 9 -9 -11 -3 -8 -14
right_child=1 2 -4 -5 5 -7 12 8 -10 10 -12 -13 13 -15
leaf_value=-0.0001295809376502494 0.00085467332223421991 0.00013609708495048635 -0.0069191000614844504 -0.0056603377937843955 0.0081873435850201553 -0.0043658716315515874 0.0012120884964834087 0.00049510129222697858 -0.004529393316193002 0.00064921236327733804 0.0078296704193509554 0.0060844478566465694 -0.0047482717856640565 0.0032053328338110727
leaf_weight=53720.120472913317 311.96564508520532 253.04275522567332 136.87353586533573 155.62048082146794 343.17432376602665 18.627047055168077 567.68786775879562 2373.8780102131423 203.85910221305676 348.89108154084533 255.19822100363672 522.00027909455821 511.68052093591541 131.18887693155557
leaf_count=639006 9252 3609 12599 1696 7931 515 3792 37919 2029 3949 2847 7897 3698 1096
internal_value=-2.19161e-05 0.000914458 0.000440283 0.000692144 0.0044611 0.00708943 0.000935864 0.00155242 0.000835071 0.00127103 0.00404924 0.00426832 -0.00106108 -0.00301102
internal_weight=59853.8 6133.69 5459.92 5323.05 673.767 361.801 5167.43 3956.87 3181.83 2977.97 604.089 775.043 1210.56 642.869
internal_count=737835 98829 81131 68532 17698 8446 66836 58250 46744 44715 6796 11506 8586 4794
is_linear=0
shrinkage=0.03


Tree=187
num_leaves=15
num_cat=0
split_feature=16 25 19 32 23 26 25 6 17 8 8 19 26 13
split_gain=6.24396 4.90325 5.44201 4.44586 8.23121 5.92216 7.25735 6.31165 5.37449 12.0823 10.7443 8.76341 9.06616 8.52349
threshold=45.750000000000007 0.41455283536784238 0.9142857142857147 0.035957823656390109 6.995000000000001 -0.12928149158504837 0.045445920862967171 0.17914438502673799 71.03514705882354 1.0000000180025095e-35 1.5000000000000002 7.9597619047619057 -0.33997311539927766 76.750000000000014
decision_type=8 10 10 2 8 10 10 2 10 2 2 10 10 10
left_child=-1 3 -3 4 5 -2 7 -7 11 -10 -11 -5 -13 -12
right_child=1 2 -4 8 -6 6 -8 -9 9 10 13 12 -14 -15
leaf_value=-0.0064989752543091507 -0.0050739025652049878 -0.003120418751913644 0.0043993585116830153 0.00022931617062762588 -0.0059208967619064435 0.005201046252774272 0.0035297189727619138 -0.0054225993093042699 0.0070729602309184516 -0.0032065648190740021 -0.00067548439238808379 -0.0050375268890014953 0.0026837524450981321 0.00026361264753801142
leaf_weight=81.377979904296808 116.55917484892416 70.497562294825912 375.98969683563337 18919.61603717634 270.8121064719744 23.592836371390149 377.12558805081062 152.19355576345697 156.78687593899667 989.352177936933 14458.069441441214 100.9168550837785 2074.5655923294835 21676.290041042375
leaf_count=4660 1481 631 1992 306523 11602 623 7262 4370 1307 9158 159463 558 13778 214553
internal_value=3.41009e-05 4.84223e-05 0.00301736 2.35518e-05 -0.00196976 -7.10614e-05 0.00131691 -0.00316075 5.73173e-05 -0.000159194 -0.000199211 0.000439421 0.00222044 -0.000112553
internal_weight=59843.7 59762.4 446.487 59315.9 940.283 669.471 552.912 175.786 58375.6 37280.5 37123.7 21095.1 2175.48 36134.4
internal_count=737961 733301 2623 730678 25338 13736 12255 4993 705340 384481 383174 320859 14336 374016
is_linear=0
shrinkage=0.03


Tree=188
num_leaves=15
num_cat=0
split_feature=24 13 29 33 19 9 30 30 7 1 2 32 31 16
split_gain=7.26684 5.87972 10.0686 9.7825 6.86061 5.61846 7.44859 5.60293 5.9856 7.63534 6.13562 10.0341 7.16937 5.85515
threshold=0.013391731972591294 78.850000000000009 0.075745931802308028 125.50000000000001 -2.8367857142857171 35.500000000000007 1085.5000000000002 4.5000000000000009 7.5000000000000009 1205.5000000000002 4.5000000000000009 0.057782794080762485 0.015962941112641887 75.550000000000011
decision_type=8 8 8 2 10 2 10 10 10 2 10 2 10 10
left_child=1 2 -1 -3 -4 -6 -7 -2 -9 -10 11 12 -11 -13
right_child=7 3 4 -5 5 6 -8 8 9 10 -12 13 -14 -15
leaf_value=-0.003971887710991431 -0.0033790282211809963 0.0011583109825495318 -0.0022144835973710582 -0.0074069868898119662 -0.0017455538279845114 0.0066606784093646626 -0.00041276431504288634 0.00012161335096655933 -0.0040317950555969701 0.0073310813669588389 0.0027721686578993871 0.0051785578373950781 -0.0049777651023194909 -0.0037487441584711009
leaf_weight=540.38835573685355 378.48021032148972 164.42629871435929 370.99824184458703 299.44955605792347 170.96462678676471 311.25329986470751 204.15978405461647 55369.097456991323 667.06172183610033 117.97636524168774 389.93196296703536 29.534220685949549 18.284767805598676 665.97601210162975
leaf_count=22801 4965 4869 18253 6712 2399 4977 3454 635417 11589 2748 6973 609 316 10208
internal_value=-2.44676e-05 -0.00175298 -0.000826375 -0.00455362 0.000887941 0.00260135 0.00407009 3.88269e-05 6.43477e-05 -0.00157424 -0.000126625 -0.00156571 0.00478652 -0.00304776
internal_weight=59698 2061.64 1597.76 463.876 1057.38 686.378 515.413 57636.3 57257.9 1888.77 1221.7 831.771 136.261 695.51
internal_count=736290 63465 51884 11581 29083 10830 8431 672825 667860 32443 20854 13881 3064 10817
is_linear=0
shrinkage=0.03


Tree=189
num_leaves=15
num_cat=0
split_feature=35 33 4 2 21 33 24 8 5 1 33 22 6 11
split_gain=8.31257 8.19892 7.30535 15.0126 9.20831 7.43427 8.09556 7.89447 7.62814 9.71748 11.7044 10.2137 7.81211 7.70872
threshold=9.5000000000000018 18.500000000000004 -2.9076704545454528 6.5000000000000009 0.15655637254901963 2558.5000000000005 0.37397639663605448 1.0000000180025095e-35 9.5000000000000018 1301.0000000000002 104.50000000000001 2.5000000000000004 0.95416666666666672 4.5000000000000009
decision_type=2 2 2 8 10 2 8 2 2 2 2 10 2 2
left_child=2 -2 3 4 -1 8 7 -7 -4 11 12 -10 -11 -13
right_child=1 -3 5 -5 -6 6 -8 -9 9 10 -12 13 -14 -15
leaf_value=-0.0013009694618693532 0.004409778225645351 -0.0034120373171420177 -2.5876482030233678e-05 0.0056924081676892196 0.0036226627989894848 0.0061467185516524631 0.0016123127538089854 -0.0019679334499153635 0.0021717695112410682 0.0025062657642695722 0.0012852967342326252 0.0012383428018941857 0.0096294637492416561 -0.0031335313492854466
leaf_weight=1098.1662530740723 93.40813352202531 969.68775357701816 47113.530926990905 574.79535607772414 436.92557586054318 63.587196675129235 738.04928033449687 3635.9853819136042 979.38430103333667 353.08503852505237 2056.0238394180778 516.70715600252151 246.98518379335292 1016.255822148174
leaf_count=19737 9212 80396 512022 8487 4905 521 5750 32613 10520 4722 24640 6953 3407 14322
internal_value=1.08056e-05 -0.00255756 5.93505e-05 0.00177177 0.000170487 -5.8535e-06 -0.00117768 -0.00174836 9.46401e-05 0.00118294 0.00243041 -0.000157583 0.00595327 -0.00166736
internal_weight=59892.6 1063.1 58829.5 2109.89 1535.09 56719.6 4437.62 3699.57 52282 5168.44 2656.09 2512.35 600.07 1532.96
internal_count=738207 89608 648599 33129 24642 615470 38884 33134 576586 64564 32769 31795 8129 21275
is_linear=0
shrinkage=0.03


Tree=190
num_leaves=15
num_cat=0
split_feature=4 14 33 16 8 9 18 31 32 6 31 31 19 15
split_gain=5.86451 7.75442 10.1455 7.6003 6.77618 11.4107 7.90757 7.28211 12.0559 10.8674 7.51529 7.2782 6.98447 6.89108
threshold=-0.12132352941176448 60.550000000000004 28.500000000000004 63.650000000000013 1.5000000000000002 84.500000000000014 -9.6500000000000004 0.0028560191468252998 0.068635205339395169 0.17156862745098042 -0.0011872922071070641 -0.010385813524571212 0.59999999999999087 58.816666666666684
decision_type=2 8 2 10 2 2 8 8 2 2 10 10 10 8
left_child=4 2 -2 -4 5 12 -7 8 -8 10 -10 -11 -1 -6
right_child=1 -3 3 -5 13 6 7 -9 9 11 -12 -13 -14 -15
leaf_value=-0.0018961057984486441 0.0043141974896392316 -0.00019359824733918216 -0.0082965441798603917 -0.0019723768157808778 0.0025261450529550406 -0.0060433772402807145 -0.0064644285641667397 -0.0015107169244209244 -0.0076549880722792214 -0.00075185630089184808 0.0036527667919619708 0.0055288976857710602 -0.0094810222137707966 0.00033840232941847526
leaf_weight=303.46586786978878 163.77393013471738 34066.905645611609 147.93939332431182 1870.0848928393098 1340.4347167264204 139.61746624892112 90.505353308748454 973.08425780874677 92.035376741783693 199.4440007081721 46.795130972051993 695.78372351429425 156.29966101190075 19530.648781136493
leaf_count=5129 3182 357181 4296 26111 42429 4996 2592 11212 1196 2969 498 8880 1349 265933
internal_value=-6.67702e-05 -0.000306128 -0.00201948 -0.00262538 0.000301241 -0.00110077 -0.000173876 0.000348395 0.00195291 0.00295381 -0.00388554 0.00416388 -0.00515166 0.000484611
internal_weight=59816.8 36248.7 2181.8 2018.02 23568.1 2697.03 2237.27 2097.65 1124.56 1034.06 138.831 895.228 459.766 20871.1
internal_count=737953 390770 33589 30407 347183 38821 32343 27347 16135 13543 1694 11849 6478 308362
is_linear=0
shrinkage=0.03


Tree=191
num_leaves=15
num_cat=0
split_feature=22 29 15 25 30 6 12 16 11 8 8 30 17 20
split_gain=8.0419 9.33604 9.62629 8.51527 8.04978 8.4277 8.02874 7.44546 7.40437 7.30359 12.3029 7.95867 10.4583 9.7133
threshold=6.5000000000000009 0.0589772016601285 78.916666666666686 0.08501954059005408 277.50000000000006 0.10555555555555557 70.450000000000017 82.350000000000009 26.500000000000004 1.0000000180025095e-35 1.5000000000000002 440.50000000000006 82.371583850931685 292.50000000000006
decision_type=8 8 10 10 8 2 8 10 2 2 2 8 10 10
left_child=9 8 4 -4 -3 6 -6 -7 -2 -1 -11 13 -13 -12
right_child=1 2 3 -5 5 7 -8 -9 -10 10 11 12 -14 -15
leaf_value=0.0053914178080878708 -0.0027480979769797854 -0.00016219877130584925 -0.0042105559267846347 -7.8641795708073522e-05 0.0014060719294726218 0.0011719477874383676 -0.0054663280189644918 0.0030882554460965259 0.0035983068928028342 -0.0033423618300385274 0.00057231549168676248 -0.0007569646421505202 0.00064844334007257444 -0.0056422657342277104
leaf_weight=155.69206563942134 1134.4243597610621 3608.346902572026 496.35258183372207 2527.5692763004918 277.58180418144912 6798.7262890856946 251.87025134870782 2511.0432211754378 148.22387816314586 1096.1397789660841 11853.3510361464 22630.313000339898 5991.6110080552753 181.01882676687092
leaf_count=1253 32373 58408 7996 31456 5865 118098 3540 40462 4204 11243 126780 239557 51871 2761
internal_value=-2.27019e-05 0.000511556 0.000705109 -0.000814319 0.00104853 0.00149112 -0.00205283 0.00170255 -0.00190721 -0.000249377 -0.000276835 -0.000190181 -0.000462144 0.000455878
internal_weight=59662.3 17754.1 16471.5 3023.92 13447.6 9839.22 529.452 9309.77 1282.65 41908.1 41752.4 40656.3 28621.9 12034.4
internal_count=735867 302402 265825 39452 226373 167965 9405 158560 36577 433465 432212 420969 291428 129541
is_linear=0
shrinkage=0.03


Tree=192
num_leaves=15
num_cat=0
split_feature=19 15 26 26 8 8 16 30 16 14 10 25 0 30
split_gain=11.2687 12.2735 9.18883 11.3573 9.16797 12.4089 8.72929 7.47297 7.43157 8.32728 7.02667 10.8371 6.78548 6.86677
threshold=4.1833333333333309 68.283333333333346 -0.0081319613771038569 -0.026073044631701025 1.0000000180025095e-35 1.5000000000000002 77.15000000000002 2241.5000000000005 64.65000000000002 57.050000000000004 359.50000000000006 0.20274056181924976 9.5000000000000018 688.50000000000011
decision_type=8 8 10 10 2 2 8 10 10 8 2 8 2 10
left_child=4 2 3 8 -1 7 12 -6 -2 -10 -8 -12 -3 -14
right_child=1 6 -4 -5 5 -7 10 -9 9 -11 11 -13 13 -15
leaf_value=0.0072827131700537529 -0.0030833492827893843 -0.0030129324295388631 0.0082570139513725941 -0.003426050885265184 -0.0064402238086349534 -0.00038689497235994694 0.00028935203926013799 0.00030241736284348066 -0.0026909105311700601 0.0035684306555625231 0.0060502048867106875 -0.0017868344392575426 -0.0023105654571356554 0.0012726304819435726
leaf_weight=87.809156561619602 159.09145123441704 1205.9335340890102 168.09090813668445 291.72467461391352 442.37940842320677 31029.307845672476 21658.352681186167 205.28142660565209 176.12922445125878 1874.7206732030027 406.28148205485195 214.90078703057952 753.47171838581562 1151.2530618996825
leaf_count=1065 1469 8079 1363 3154 9085 495227 177831 3306 1273 14958 2796 2094 6729 9383
internal_value=-5.69979e-05 0.000380716 0.00229618 0.00174171 -0.00044365 -0.000476511 0.000175189 -0.00443458 0.00248459 0.00297962 0.000383735 0.00340781 -0.00130092 -0.000167657
internal_weight=59824.7 28060 2669.76 2501.67 31764.8 31677 25390.2 647.661 2209.94 2050.85 22279.5 621.182 3110.66 1904.72
internal_count=737812 229129 22217 20854 508683 507618 206912 12391 17700 16231 182721 4890 24191 16112
is_linear=0
shrinkage=0.03


Tree=193
num_leaves=15
num_cat=0
split_feature=16 15 16 33 24 14 13 8 8 24 14 29 29 13
split_gain=6.86388 6.60323 10.4665 15.9119 12.585 10.5822 10.4151 8.71894 10.7986 9.18518 7.52653 8.99772 11.5483 8.86658
threshold=45.750000000000007 77.75833333333334 82.65000000000002 742.50000000000011 0.23685352016665331 61.150000000000013 78.050000000000011 1.0000000180025095e-35 1.5000000000000002 0.43355683208220192 63.850000000000001 0.091035082980702883 0.09806519063116538 75.750000000000014
decision_type=8 10 10 2 10 10 10 2 2 10 8 8 10 10
left_child=-1 2 -2 10 5 -5 -6 -3 9 -9 -4 13 -13 -12
right_child=1 7 3 4 6 -7 -8 8 -10 -11 11 12 -14 -15
leaf_value=-0.0069404297584061362 -1.967939350903451e-05 0.0060135720888341944 0.0027888590073657021 -0.0018682627492788099 -0.0055957753082887234 0.0048128493749471247 0.0045318865360367538 -0.0053299924126547901 -0.00033268184522078337 0.005016300176687887 -0.00018107099637077104 0.0051176096396768189 0.00018510297907566329 -0.0041498877806872524
leaf_weight=77.989674266893417 28871.797733892279 139.56659759255126 936.10234437359031 214.16996071720496 206.30594147043303 1829.7492079937365 96.96731113223359 570.28887536772527 21326.934795796871 48.382797171827406 1540.2182431437541 457.06891015125439 2738.7055129625369 708.50973055069335
leaf_count=4584 410203 1087 14392 2799 1583 22479 754 5100 202061 316 24667 6307 30616 10131
internal_value=-5.18352e-07 1.43518e-05 0.000256089 0.00116326 0.00324764 0.00408488 -0.0021745 -0.000396851 -0.000451196 -0.00420628 0.000377197 -5.9058e-05 0.000958532 -0.0014946
internal_weight=59762.8 59684.8 37599.6 8727.8 2347.19 2043.92 303.273 22085.2 21945.6 618.672 6380.6 5444.5 3195.77 2248.73
internal_count=737079 732495 523931 113728 27615 25278 2337 208564 207477 5416 86113 71721 36923 34798
is_linear=0
shrinkage=0.03


Tree=194
num_leaves=15
num_cat=0
split_feature=7 4 19 27 10 32 12 14 19 28 16 32 1 30
split_gain=5.89544 7.8819 10.0577 6.67897 6.51445 6.35114 17.2713 9.33821 7.37422 8.48351 7.89032 7.47602 7.22334 8.6277
threshold=7.5000000000000009 3.6091269841269846 10.143461538461532 -79.499999999999986 227.50000000000003 0.11531342589666051 86.250000000000014 86.250000000000014 -1.969570707070712 -2.2499999999999996 74.050000000000011 0.13011723222054314 1406.5000000000002 1656.5000000000002
decision_type=8 2 10 8 2 2 10 10 10 10 10 2 2 10
left_child=1 5 -3 -2 -5 6 7 12 9 -7 -10 -11 13 -1
right_child=3 2 -4 4 -6 8 -8 -9 10 11 -12 -13 -14 -15
leaf_value=0.0012445372509459248 -0.0036293426564186003 -0.0026953089410387092 0.0024503294151682915 0.00052301776302681195 -0.00147642918570031 -0.0017763168652197864 0.0035940472680595094 -0.0030907467090909432 -0.0019830291820150136 -0.00051039001673740768 -3.8939769328445033e-05 0.0032348778170685826 -0.00022686265862201574 -0.00046133135304588532
leaf_weight=12701.399043880287 593.90720407036133 1550.3453984265216 392.59334469633177 3131.2464797567809 2677.8579560755752 571.33216982753947 1610.3269630302675 610.77225155569613 2017.6582300683949 650.55277024116367 20606.228261540877 1653.4015338565223 7711.8738857684657 3346.1855259893928
leaf_count=195046 12116 13703 2105 45953 39817 10909 16121 8005 19081 13673 168980 27570 116133 48503
internal_value=0.000128298 0.000231567 -0.00162018 -0.000728435 -0.000403413 0.00030296 0.000632601 0.000429958 -3.34851e-05 0.00138416 -0.000216309 0.00218897 0.000526763 0.000888507
internal_weight=59825.7 53422.7 1942.94 6403.01 5809.1 51479.7 25980.6 24370.2 25499.2 2875.29 22623.9 2303.95 23759.5 16047.6
internal_count=737715 639829 15808 97886 85770 624021 383808 367687 240213 52152 188061 41243 359682 243549
is_linear=0
shrinkage=0.03


Tree=195
num_leaves=15
num_cat=0
split_feature=23 35 22 12 31 33 4 4 33 13 13 7 4 16
split_gain=6.14661 5.75977 5.82309 10.1861 11.5738 10.0578 8.74014 7.59638 7.16283 6.17741 6.01489 10.0219 7.74254 5.91564
threshold=-4.4949999999999992 12.500000000000002 8.5000000000000018 57.250000000000007 -0.00020695023065502098 513.50000000000011 -1.8708333333333333 3.5124999999999997 66.500000000000014 78.65000000000002 43.150000000000013 5.5000000000000009 0.62916666666666654 80.850000000000009
decision_type=8 2 10 8 10 2 2 2 2 10 8 10 2 10
left_child=-1 2 3 4 6 13 -2 -4 -8 -10 11 12 -5 -6
right_child=1 -3 7 10 5 -7 8 -9 9 -11 -12 -13 -14 -15
leaf_value=-0.0036062145274579644 0.0015521303481184586 -0.0059382077796685494 0.0011248952872829517 0.0095783559649254748 -0.00026436166334747738 0.0050636159903256891 -0.00037358061375440389 -0.0034005940757113298 -0.0087590909511563175 0.0029425025554737673 -3.0003377508753828e-05 -0.0038671185667114843 -0.00013996253686331545 -0.0074930583057793284
leaf_weight=374.61587553122081 132.83216626336798 95.855135383782908 6071.1450452574063 160.83025727700442 423.21748742359341 213.74279643595219 146.26756693376228 305.19626392214559 453.22783897002228 20.736034784698859 51094.672176660039 84.381914753234014 111.31352523737587 85.868453836999834
leaf_count=2402 4255 12876 119002 2957 9773 3730 3829 3599 10676 270 558887 1710 1475 1470
internal_value=-9.59245e-06 1.61045e-05 3.0723e-05 -7.27532e-05 -0.00248831 0.000248854 -0.0049675 0.000883515 -0.00637541 -0.0080152 -1.11365e-06 0.00363362 0.00619857 -0.00204471
internal_weight=59773.9 59399.3 59303.4 52927.1 1475.89 722.829 753.064 6376.34 620.231 473.964 51451.2 356.526 272.144 509.086
internal_count=736911 734509 721633 599032 34003 14973 19030 122601 14775 10946 565029 6142 4432 11243
is_linear=0
shrinkage=0.03


Tree=196
num_leaves=15
num_cat=0
split_feature=35 9 26 25 2 24 0 26 24 0 14 17 21 12
split_gain=8.14827 8.91268 9.03328 8.46066 10.7579 8.37807 8.84653 6.4778 9.95826 8.98702 8.53151 8.33456 7.6726 6.22852
threshold=7.5000000000000009 33.500000000000007 -0.0054874247763958524 0.10996387279240845 8.5000000000000018 0.039770763981874631 9.5000000000000018 -0.075885294674790146 0.042141873283526088 10.500000000000002 82.950000000000017 76.301388888888908 0.1202409638554217 59.050000000000004
decision_type=2 2 8 10 8 10 2 8 10 2 8 10 10 10
left_child=-1 2 3 4 5 6 -2 10 9 -9 11 12 -3 -8
right_child=1 7 -4 -5 -6 -7 13 8 -10 -11 -12 -13 -14 -15
leaf_value=0.00015734347870835892 -0.0017771474921904663 0.002718185394420898 -0.0055754814450587392 -0.0020100107810150508 -0.0040703432715997103 0.0015818917179411273 0.00012746690322462849 -0.0045908651771302015 -0.0058863703511724003 0.00045912854311293353 -0.0037610369881644857 0.0078053469156783373 -0.0058991299068333614 0.013538321953170293
leaf_weight=56150.696007066348 40.216612621443346 224.35682219290175 106.88216221239418 257.65819361119065 84.565222427481785 264.65086505247746 37.73592557082884 451.12224381964188 671.35400836868212 842.31436105736066 245.09059136046562 131.40707789803855 90.742753374390304 159.63237376278266
leaf_count=537287 2248 11264 5207 10053 3923 11189 2811 32643 32572 60368 10577 5366 3990 8071
internal_value=6.81042e-05 -0.00130398 0.00114432 0.00225896 0.00414406 0.00577049 0.00935002 -0.00218574 -0.003046 -0.00140751 0.000298803 0.00268161 -0.000231463 0.0115183
internal_weight=59758.4 3607.73 951.341 844.459 586.801 502.236 237.585 2656.39 1964.79 1293.44 691.597 446.507 315.1 197.368
internal_count=737569 200282 43502 38295 28242 24319 13130 156780 125583 93011 31197 20620 15254 10882
is_linear=0
shrinkage=0.03


Tree=197
num_leaves=15
num_cat=0
split_feature=14 35 34 34 19 33 33 20 26 1 9 20 20 21
split_gain=7.4009 7.27281 7.60695 7.81835 13.1025 7.68987 9.27847 8.82683 8.51627 7.95403 8.36045 7.66712 7.44487 7.37046
threshold=31.050000000000004 1.5000000000000002 -0.021718167217427413 -0.013397343759981884 0.055555555555550036 28.500000000000004 8.5000000000000018 162.50000000000003 -0.10288567044450629 1606.5000000000002 88.500000000000014 21.500000000000004 49.500000000000007 0.17274535809018571
decision_type=8 2 2 2 8 2 2 10 8 2 2 10 10 10
left_child=-1 -2 -3 4 11 6 -5 8 13 10 -10 -4 -13 -8
right_child=1 2 3 5 -6 -7 7 -9 9 -11 -12 12 -14 -15
leaf_value=0.0050138102915800861 0.00049717889246050798 0.0013138098429689774 -0.0062160966204161464 -0.00083160036005921686 -0.00043295047169906976 -0.00032706392466183234 0.0096183046304793018 -0.003528648470710456 0.0044244008696147979 -0.0029403511267298188 -0.002595514042826816 0.0021516566751589132 -0.0047500603264447683 -0.00074800750864064357
leaf_weight=213.04762596811634 16878.798490867019 2620.7346020170662 666.09252646379173 1042.505799109349 2583.0988514001947 33847.436924619367 243.37542009004392 141.29600741981994 782.75987681606784 192.8480732437456 152.09727980254684 256.79737496888265 214.0475599222118 69.5037924090866
leaf_count=4481 79505 42044 17898 21699 32334 497777 3087 3290 16397 3916 2835 6918 6215 823
internal_value=-7.22218e-06 -2.93243e-05 -0.000237235 -0.000339879 -0.00164068 -0.000205136 0.00134412 0.00275953 0.00347397 0.0020768 0.0032085 -0.00425079 -0.00114068 0.00752974
internal_weight=59904.4 59691.4 42812.6 40191.9 3720.04 36471.8 2624.39 1581.88 1440.58 1127.71 934.857 1136.94 470.845 312.879
internal_count=739219 734738 655233 613189 63365 549824 52047 30348 27058 23148 19232 31031 13133 3910
is_linear=0
shrinkage=0.03


Tree=198
num_leaves=15
num_cat=0
split_feature=14 27 29 20 14 33 16 13 18 22 3 14 30 20
split_gain=5.65515 8.0035 5.75004 8.76971 9.35787 8.71047 8.5032 7.91245 9.17903 11.9634 13.0188 11.2319 10.86 8.9648
threshold=20.450000000000003 165.50000000000003 0.095667633352120265 18.500000000000004 86.250000000000014 24.500000000000004 86.550000000000011 70.550000000000011 -4.2333333333333298 4.5000000000000009 59.750000000000007 83.750000000000014 591.50000000000011 15.500000000000002
decision_type=8 10 10 8 8 2 10 8 10 10 2 8 10 10
left_child=1 -1 3 4 6 -6 -2 8 9 10 -4 13 -10 -11
right_child=2 -3 7 -5 5 -7 -8 -9 12 11 -12 -13 -14 -15
leaf_value=0.0092344287750547125 0.00020749188222083498 -0.0038931433481416374 -9.4903040531199568e-05 -0.00088589817097780123 0.0039945977832716714 -0.0026770904965816764 0.0025055076346642844 5.7874972568724525e-05 0.0048844782272380333 0.003153999666296673 -0.0059487840593040603 0.0064597048796986275 0.00070838490762815259 -0.00050668511063816952
leaf_weight=81.560995275853202 7454.2680331581505 28.064776350976899 2334.9193079167744 11841.531516809599 156.78734402882401 1334.9154170614202 1752.2277974610915 29534.368751151953 1049.0248085558414 984.35918315942399 350.9257819482591 356.36419132328592 1184.4790653579403 1413.1068138574483
leaf_count=1594 112433 636 28006 195972 2855 19117 23007 283700 7115 18426 3284 7117 7942 26948
internal_value=6.77194e-05 0.00570693 5.26092e-05 -0.000325087 0.000296892 -0.00186904 0.000656033 0.000281541 0.00113649 0.000461716 -0.000954497 0.00183536 0.0027338 0.00103006
internal_weight=59856.9 109.626 59747.3 22539.7 10698.2 1491.7 9206.5 37207.5 7673.18 5439.68 2685.85 2753.83 2233.5 2397.47
internal_count=738152 2230 735922 353384 157412 21972 135440 382538 98838 83781 31290 52491 15057 45374
is_linear=0
shrinkage=0.03


Tree=199
num_leaves=15
num_cat=0
split_feature=35 31 25 16 19 17 11 19 11 17 26 25 25 32
split_gain=7.34262 5.97526 9.1838 9.36286 9.27497 5.61554 10.6175 6.79341 11.2719 6.85465 7.17109 6.83048 6.80101 5.9735
threshold=8.5000000000000018 -0.0059502810228222319 0.10027391941563374 68.250000000000014 -4.9924501424501448 54.603571428571435 3.5000000000000004 -9.1050641025641053 21.500000000000004 64.775378787878807 -0.094818635603775486 0.18820831116478665 0.04215511192220537 0.12413501124120414
decision_type=2 10 10 8 10 8 2 8 2 10 10 10 10 2
left_child=5 -2 3 -3 -4 6 13 8 9 12 11 -11 -7 -1
right_child=1 2 4 -5 -6 7 -8 -9 -10 10 -12 -13 -14 -15
leaf_value=0.0038320572975854761 -0.0042123594124994475 -0.0051227243579008023 0.0029794312606913212 0.0025869978983807658 -0.0054407764184952502 -0.00066339244340784989 -0.0050747405364833737 -1.2011138486248799e-05 -0.0033260150137432044 0.009790874824149462 -0.0016006172457247736 -0.0027618006110902327 0.0099177193104994371 -0.0036212869638097339
leaf_weight=245.9007912366651 601.42322077520657 125.12141772534233 119.64085758617148 729.20945062907413 438.19035131810233 61.837981820572168 480.45308529015165 56188.000495896267 175.88949014735408 75.310799883212894 236.64170643407851 30.475196799496189 206.99185852904338 97.918314047856256
leaf_count=7329 44878 14893 8601 49883 20651 2657 9733 561786 4662 1137 5058 363 4644 1666
internal_value=-7.14305e-05 -0.00182983 -0.000705795 0.00123706 -0.00353832 -8.64363e-06 -0.00239474 2.79461e-05 0.00271053 0.0045677 0.00139094 0.00644888 0.00776145 0.00151911
internal_weight=59813 2013.59 1412.16 854.331 557.831 57799.4 824.272 56975.1 787.147 611.258 342.428 105.786 268.83 343.819
internal_count=737941 138906 94028 64776 29252 599035 18728 580307 18521 13859 6558 1500 7301 8995
is_linear=0
shrinkage=0.03


Tree=200
num_leaves=15
num_cat=0
split_feature=4 29 26 33 12 32 26 15 1 16 20 23 23 30
split_gain=8.32552 11.9441 13.4371 8.07788 7.4151 10.6002 14.1401 10.0783 9.33201 8.36005 7.64105 7.60246 8.78333 7.54844
threshold=-0.4076704545454532 0.07742200618647814 -0.0054874247763958524 28.500000000000004 85.750000000000014 0.11335403038732607 0.81627649350155218 83.25833333333334 1610.5000000000002 86.950000000000017 42.500000000000007 1.5050000000000001 0.29500000000000004 660.50000000000011
decision_type=2 8 8 2 10 2 10 10 2 10 10 10 10 10
left_child=1 2 -1 -2 7 9 8 -5 10 -6 11 12 13 -7
right_child=3 -3 -4 4 5 6 -8 -9 -10 -11 -12 -13 -14 -15
leaf_value=-0.00014544826516265635 0.001265518768722687 0.00087719456619570889 -0.0045949006068020477 -0.00040455237615051782 -0.0032284871690742528 0.0068914473459266556 -0.0043201712784675834 -0.0024722996914553681 -0.0021823752854922317 0.0039130033301075168 -0.0011711480890503401 0.0046761759400430584 -0.0015889091125646463 0.00098894425525714925
leaf_weight=3611.2932370358612 2861.2295854337281 15667.181232922128 686.09311243437696 29069.704915449256 131.26011000829749 239.7870058529079 559.34694248717278 2242.3709149097558 809.47973921173252 1083.300780731719 770.93048625043593 714.99135095020756 657.33511191653088 662.19041930977255
leaf_count=78291 39107 209164 14200 327167 1112 1453 4754 21551 7043 10424 6990 7252 4952 4121
internal_value=-5.96712e-06 0.000493252 -0.000900496 -0.000256679 -0.000376132 0.000622423 -7.05434e-05 -0.000556337 0.000593532 0.00304407 0.00135475 0.00221774 0.000980218 0.00283764
internal_weight=59766.5 19964.6 4297.39 39801.9 36940.7 5628.62 4414.06 31312.1 3854.71 1214.56 3045.23 2274.3 1559.31 901.977
internal_count=737581 301655 92491 435926 396819 48101 36565 348718 31811 11536 24768 17778 10526 5574
is_linear=0
shrinkage=0.03


Tree=201
num_leaves=15
num_cat=0
split_feature=32 25 26 28 29 26 27 23 15 31 32 15 26 1
split_gain=6.7912 13.6706 7.95159 14.4745 9.69836 10.8525 9.59756 8.95799 11.9042 8.90276 10.9421 8.74129 8.00957 7.9905
threshold=0.069569166370493249 0.037301562883747787 -0.041262105402176695 3.7500000000000004 0.084211480304894934 -0.052657122181997564 25.500000000000004 0.75500000000000012 66.083333333333357 -0.018110274988454463 0.053734358510477927 69.841666666666683 0.71234784991407285 1448.5000000000002
decision_type=2 10 10 10 10 10 10 10 10 8 2 10 10 2
left_child=1 -1 3 4 6 -6 -3 -8 -9 -4 11 -11 -13 -12
right_child=-2 2 9 -5 5 -7 7 8 -10 10 13 12 -14 -15
leaf_value=-0.0033954339153233286 2.5913912881528844e-05 -0.0016194552038915786 -0.00451829916741712 0.0044389498165098209 -0.0019024034932154448 -0.0076810675386896655 -0.0046016191745602121 -0.0018290673103781901 0.006508476572267898 0.0014559502529076487 0.0014254125223947458 0.0091290138454480085 -0.00069490358658303255 -0.0033467125020484544
leaf_weight=1540.2775779860094 51098.104381556739 1100.7721678756643 189.12916923884768 349.54112324828748 2164.1517066709348 301.82084566098638 87.425317662768066 198.46521285665222 438.24222143122461 648.98913802369498 830.1366081944434 299.39989488106221 86.448317683534697 442.94502369745169
leaf_count=50184 566859 18470 4165 3902 26743 4930 962 4664 6313 18760 16099 5536 1082 8404
internal_value=-0.00010616 -0.000879557 -0.000316783 -0.00104762 -0.00154055 -0.00274827 0.000121206 0.00270092 0.00396567 0.00103528 0.00157654 0.00379094 0.00710077 -0.000298687
internal_weight=59775.8 8677.74 7137.47 4640.42 4290.88 2465.97 1824.9 724.133 636.707 2497.05 2307.92 1034.84 385.848 1273.08
internal_count=737073 170214 120030 65984 62082 31673 30409 11939 10977 54046 49881 25378 6618 24503
is_linear=0
shrinkage=0.03


Tree=202
num_leaves=15
num_cat=0
split_feature=8 8 15 30 14 24 8 8 20 2 2 17 16 20
split_gain=5.38841 15.7091 12.6219 9.80111 7.37155 9.70183 6.4542 19.231 10.7746 10.6141 7.34698 7.94033 8.24819 9.29058
threshold=1.5000000000000002 1.0000000180025095e-35 82.716666666666683 1674.5000000000002 81.350000000000009 0.14749837673500324 3.5000000000000004 2.5000000000000004 132.50000000000003 1.0000000180025095e-35 2.5000000000000004 60.900909090909103 78.450000000000017 10.500000000000002
decision_type=2 2 10 10 10 10 2 2 10 10 10 10 10 10
left_child=1 2 -1 -3 5 -5 7 10 9 -8 11 -2 -13 -14
right_child=6 3 -4 4 -6 -7 8 -9 -10 -11 -12 12 13 -15
leaf_value=-0.00027072652064910824 -0.0021537150390241273 -0.0057377525161153142 0.0084815687731571564 -0.0024879954952368804 -0.0060246520882342516 0.0051094331640064152 -0.0030505808988189635 0.0082855413475841251 0.001570378079216219 -0.00037017550500812916 0.00012183392064909911 0.0046306300743349255 0.0049601086837348218 0.00030069762822831361
leaf_weight=4375.3601303596515 426.980955184903 769.18980639916845 103.43644692143425 288.81251772376709 127.05980443418957 225.92244347953238 1402.9010172134731 222.24734851275571 2298.7771476879716 15966.036064624786 30166.787644738797 776.71215433740872 421.57934332662262 2142.9243631251156
leaf_count=59303 6678 10539 803 4222 1203 1799 15959 2452 30617 198343 372839 8352 3739 20124
internal_value=-5.4852e-07 -0.00085809 2.28139e-05 -0.00355937 -0.000722585 0.00100373 9.39971e-05 0.000343102 -0.0003384 -0.000594809 0.000278971 0.00151889 0.00201305 0.00114687
internal_weight=59714.7 5889.78 4478.8 1410.98 641.795 514.735 53824.9 34157.2 19667.7 17368.9 33935 3768.2 3341.22 2564.5
internal_count=736972 77869 60106 17763 7224 6021 659103 414184 244919 214302 411732 38893 32215 23863
is_linear=0
shrinkage=0.03


Tree=203
num_leaves=15
num_cat=0
split_feature=19 12 8 8 30 29 23 4 28 1 27 4 30 4
split_gain=5.9544 9.82541 8.20906 15.8203 11.6939 7.4234 7.32559 6.72635 7.45636 7.08268 7.01562 13.1333 9.43401 9.01506
threshold=8.7820202020202007 63.550000000000004 1.0000000180025095e-35 1.5000000000000002 1523.5000000000002 0.073270806761372806 2.4050000000000007 3.5124999999999997 7.7500000000000009 1592.5000000000002 200.50000000000003 -0.88675213675213616 2865.5000000000005 -0.59999999999999776
decision_type=8 8 2 2 10 10 10 2 10 2 10 2 10 2
left_child=2 5 6 4 -4 -2 -1 10 9 -9 -5 12 -12 -13
right_child=1 -3 3 7 -6 -7 -8 8 -10 -11 11 13 -14 -15
leaf_value=0.0095182065008235089 -0.0016476935422217714 0.00038732449658382146 -0.0066549807071535219 -0.0002113879748415109 -0.00046281894744754114 0.0073243429364928062 -0.0018575612277314775 -0.0027296590819094841 -0.008862344871097343 0.0014438213835289788 0.0039612982538735188 -0.0042486999787997842 -0.0043226802867277567 0.00048741859034956658
leaf_weight=94.655827540904284 90.797466589137912 11328.612178048003 540.16269077023026 39721.945823578746 528.15645767503884 267.55639091646299 57.020613431697711 1053.7227489617653 83.037972795311362 509.2421218722593 1375.2550263514277 349.56114752171561 94.768865264719352 3769.1559502853779
leaf_count=726 724 99044 8852 522811 6938 1753 711 10097 833 4870 25525 5445 1387 48511
internal_value=-5.21353e-05 0.000553901 -0.000199573 -0.000224707 -0.00375126 0.00512766 0.00584137 -0.000140569 -0.0019955 -0.00136726 -7.106e-05 0.000919351 0.00330263 3.93196e-05
internal_weight=59863.7 11687 48176.7 48025 1068.32 358.354 151.676 46956.7 1646 1562.96 45310.7 5588.74 1470.02 4118.72
internal_count=738227 101521 636706 635269 15790 2477 1437 619479 15800 14967 603679 80868 26912 53956
is_linear=0
shrinkage=0.03


Tree=204
num_leaves=15
num_cat=0
split_feature=18 0 15 19 11 25 26 28 30 16 29 30 19 25
split_gain=8.17192 8.86015 8.07827 6.61677 9.73568 8.32799 7.84423 7.2824 5.77592 5.94514 6.44819 5.59656 5.82353 7.16112
threshold=-16.966666666666654 9.5000000000000018 54.841666666666676 12.083333333333334 3.5000000000000004 0.11708295294494112 -0.063100099888138306 1.2500000000000002 1400.5000000000002 87.050000000000011 0.083897028087882977 135.50000000000003 -9.3632996632996655 0.02879205004757707
decision_type=8 2 8 10 2 10 10 10 10 10 10 10 10 10
left_child=1 -1 -2 -4 5 -5 8 -8 9 10 -6 -3 13 -13
right_child=2 11 3 4 6 -7 7 -9 -10 -11 -12 12 -14 -15
leaf_value=-0.0036478341313061703 0.0035839735632693811 -0.004149084844879033 3.3827949620960907e-05 -0.0034355931620658302 -0.00029830489701544071 0.0016575415929401501 0.0099978965707667768 0.0017466681647097968 -0.0014874048366905644 -0.001695003805755975 0.0065713776164082159 -0.0038812849134437989 -0.0012928360879140687 0.0049192211932580386
leaf_weight=1036.4833611623617 556.60174030414782 163.4116329215467 54669.947285754839 453.49520603800192 169.39543548924848 630.93329822272062 199.65362118696794 198.41638434492052 327.03235054016113 151.09459627978504 361.50774597935379 63.329706975258887 404.41352139110677 389.73334084090311
leaf_count=30758 9002 8141 634131 2656 989 3106 1128 1085 1616 779 1844 7667 16698 17782
internal_value=7.31793e-05 -0.0017619 0.000140059 0.000103422 0.00159977 -0.000529896 0.00320292 0.00653896 0.00164025 0.00313918 0.00454245 0.000233764 0.0012516 0.00342558
internal_weight=59775.4 2057.37 57718.1 57161.5 2491.53 1084.43 1407.1 398.07 1009.03 681.998 530.903 1020.89 857.477 453.063
internal_count=737382 81046 656336 647334 13203 5762 7441 2213 5228 3612 2833 50288 42147 25449
is_linear=0
shrinkage=0.03


Tree=205
num_leaves=15
num_cat=0
split_feature=11 11 11 24 7 18 23 32 35 23 15 14 11 22
split_gain=6.14379 6.7519 7.48867 6.31168 5.50523 6.39186 6.86048 7.90759 6.31069 6.27021 8.3622 7.50734 6.09692 6.77798
threshold=56.500000000000007 61.500000000000007 67.500000000000014 0.11193883809913253 7.5000000000000009 -4.2333333333333298 3.1750000000000003 0.05098820404655887 11.500000000000002 7.705000000000001 67.483333333333363 71.550000000000011 29.500000000000004 9.5000000000000018
decision_type=2 2 2 10 10 10 10 2 2 10 10 10 2 10
left_child=4 3 -3 -2 8 6 7 -6 12 10 -8 -11 -1 -14
right_child=1 2 -4 -5 5 -7 9 -9 -10 11 -12 -13 13 -15
leaf_value=-1.1684513294742871e-05 0.01084696444730935 -0.0049917552194500498 0.0038915163411088589 -0.0010189769690942185 0.0027961178256744081 0.00051779119216194963 0.0056107946466408404 -0.0074581978821522191 -0.004606722267908649 -0.0079924634494385888 -0.0020600500564037054 0.0013752109434623369 0.00087078109414451591 0.0056271894514859939
leaf_weight=54130.914293393784 96.02380290417932 95.430452002794482 157.16546707763337 44.720525826793164 54.394829595694318 747.63910228013992 165.70334689470474 346.53984180931002 211.47683116362896 142.33285640657414 270.25454934872687 107.17998366768006 2990.683822767809 250.43918382842094
leaf_count=627796 1688 1645 2633 510 1242 8113 4470 6121 25002 5266 6684 3136 38673 4965
internal_value=1.74623e-05 0.00353596 0.000265154 0.00779786 -8.78333e-06 -0.00160458 -0.00302366 -0.00591122 4.33909e-05 -0.00104767 0.00113287 -0.00441069 6.45278e-05 0.00131821
internal_weight=59810.9 393.34 252.596 140.744 59417.6 1834.04 1086.41 400.935 57583.5 685.471 435.958 249.513 57372 3241.12
internal_count=737944 6476 4278 2198 731468 35032 26919 7363 696436 19556 11154 8402 671434 43638
is_linear=0
shrinkage=0.03


Tree=206
num_leaves=15
num_cat=0
split_feature=25 1 33 14 18 23 4 24 25 23 14 31 28 29
split_gain=6.23158 5.90007 7.14702 6.32628 7.18131 12.7495 14.7527 10.3062 12.8944 10.9254 10.1849 9.01731 7.44062 7.2777
threshold=0.41455283536784238 1902.5000000000002 20.500000000000004 20.450000000000003 -13.366666666666662 12.595000000000001 -0.62132352941176439 0.016103610643135074 0.039034002180318834 7.9050000000000011 66.050000000000011 -0.0057115792750053055 -2.2499999999999996 0.060268468468468478
decision_type=10 2 2 8 8 10 2 10 10 10 10 10 10 10
left_child=1 3 -3 -1 7 -6 -7 -5 9 -9 11 -10 -12 -8
right_child=-2 2 -4 4 5 6 13 8 10 -11 12 -13 -14 -15
leaf_value=0.0062747025491779853 0.0033133687803104848 0.0034637634559472039 -0.0013110200210676903 -0.0045884096925920626 4.941205836786361e-05 -0.0029151836557515915 -0.0025815949275275144 0.0082809856964355579 -0.0055272534602767197 -0.0015148088131939038 -0.0031178125859465358 -0.0010523710089228692 0.0026223171598370966 0.0074549712324416323
leaf_weight=95.558415520237759 446.19995427550748 252.28689621691592 4781.0469511009287 628.95713579293806 49667.799625227344 177.04127360205166 49.346605966798961 207.17179807228968 551.65489322214853 148.1570616918616 224.8127787708072 1341.8334062173963 763.6444732415257 475.01528956741095
leaf_count=1984 2632 4066 58068 37810 534414 3055 885 8292 15032 7811 6980 31241 18677 6307
internal_value=-3.46823e-05 -6.26144e-05 -0.00103998 2.88034e-05 1.20294e-05 0.000108139 0.00398672 -0.00122548 -0.00051226 0.00451353 -0.00119832 -0.00246476 0.00122953 0.00636794
internal_weight=59810.5 59364.3 5033.33 54331 54235.4 50369.2 701.403 3866.23 3237.27 355.329 2881.95 1893.49 988.457 524.362
internal_count=737254 734622 62134 672488 670504 544661 10247 125843 88033 16103 71930 46273 25657 7192
is_linear=0
shrinkage=0.03


Tree=207
num_leaves=15
num_cat=0
split_feature=8 24 33 4 25 25 13 19 32 5 4 23 33 12
split_gain=5.99041 14.8114 8.88197 10.4451 7.27392 8.00063 7.76769 7.69828 6.78809 6.58378 6.32677 6.16556 6.00668 10.9611
threshold=1.5000000000000002 0.18952229588561062 2477.5000000000005 -2.6464285714285718 0.11437546165996236 0.10933065465857449 94.750000000000014 4.9284523809523799 0.054555455545554569 11.500000000000002 -4.2182539682539675 4.4850000000000012 1722.5000000000002 78.250000000000014
decision_type=2 8 2 2 10 10 8 10 2 2 2 10 2 10
left_child=1 -1 10 -4 5 -5 9 -8 -3 -6 11 -2 -12 -14
right_child=2 8 3 4 6 -7 7 -9 -10 -11 12 -13 13 -15
leaf_value=-0.0039964569671358304 0.0061380464285169592 -0.005609530514664317 0.0057906196681779074 -0.00031690637540670419 -0.0030535916146999581 0.0074407251887932454 -0.0024310707790403145 0.0052776366677801364 6.6540084685578899e-05 0.0039705078730416709 0.00011528819803329052 -0.00085550961458579953 -0.00053296348727988995 0.0031244634265422209
leaf_weight=1065.7313017500564 263.77949748560786 147.54068393260241 134.90816148673184 756.73196253366768 2606.2543499057647 91.337526120245457 183.19873699289747 191.70315822679549 4706.9537610899424 84.159730908228084 46535.976034023333 160.50514674163423 1303.0244741984643 1611.9564753128216
leaf_count=15408 4450 4359 1467 9070 22196 982 1861 1084 58286 1092 583266 5450 14628 14189
internal_value=2.22855e-05 -0.000879457 0.00012201 -0.00122075 -0.00153246 0.00088634 -0.00220515 0.00166791 -0.000161399 -0.00276543 0.000232114 0.00368113 0.000198833 0.00150814
internal_weight=59843.8 5920.23 53923.5 4048.29 3913.39 848.069 3065.32 374.902 4854.49 2690.41 49875.2 424.285 49451 2914.98
internal_count=737788 78053 659735 37752 36285 10052 26233 2945 62645 23288 621983 9900 612083 28817
is_linear=0
shrinkage=0.03


Tree=208
num_leaves=15
num_cat=0
split_feature=12 13 20 1 23 23 31 14 9 7 8 8 26 32
split_gain=7.66717 12.0786 10.4262 7.13746 9.58288 7.07124 7.92209 12.0769 8.29328 7.8359 9.7406 8.81757 8.44059 10.1595
threshold=77.950000000000017 71.950000000000017 9.5000000000000018 1094.5000000000002 -1.1249999999999998 2.2550000000000003 -0.0019364634051893266 77.250000000000014 83.500000000000014 4.5000000000000009 1.5000000000000002 3.5000000000000004 -0.21706836535174293 0.063435640463513951
decision_type=8 8 10 2 10 10 8 10 2 10 2 2 10 2
left_child=2 3 -1 4 -2 6 7 8 -4 10 -7 12 -11 -14
right_child=1 -3 5 -5 -6 9 -8 -9 -10 11 -12 -13 13 -15
leaf_value=0.0012736344306916861 -0.0015783753834032457 0.00026874156577418393 0.0023891951692963883 0.0017202452162960252 0.0088073231964738569 -0.0033083003153555773 -0.0019019928446770656 -0.004955449830853516 -0.000941333513838249 0.003724413541372127 0.00062144960865337254 -0.0021379442980554771 0.0018752727267874357 -0.001131815535287643
leaf_weight=3643.969211975811 90.057372266193852 26023.487636429258 1330.2708093397086 1943.036528371973 254.98223038902506 550.53781118802726 4974.6686859896872 328.40661126957275 1273.07752791862 423.01689860224724 10508.844908512954 2859.3606733683264 1263.0991663665045 4368.2214168546489
leaf_count=48713 670 258970 16676 19652 2426 9869 48003 3358 13228 4359 152333 54756 32812 71720
internal_value=9.69197e-05 0.000454861 -0.000224762 0.00252067 0.00623992 -0.000422538 -0.00117889 5.93959e-05 0.000773468 -0.000120936 0.000411817 -0.000780541 -0.000127202 -0.000446761
internal_weight=59835 28311.6 31523.5 2288.08 345.04 27879.5 7906.42 2931.75 2603.35 19973.1 11059.4 8913.7 6054.34 5631.32
internal_count=737545 281718 455827 22748 3096 407114 81265 33262 29904 325849 162202 163647 108891 104532
is_linear=0
shrinkage=0.03


Tree=209
num_leaves=15
num_cat=0
split_feature=34 1 16 23 34 6 17 30 6 4 10 26 33 4
split_gain=7.08763 8.77533 13.422 9.62849 9.00893 9.37285 7.02536 8.57152 6.99661 6.90808 7.49984 9.30841 8.35564 8.15494
threshold=0.0015373031111819261 1601.0000000000002 86.850000000000009 7.6050000000000013 0.0057419531211993979 0.15192307692307697 84.701111111111132 168.50000000000003 0.63961038961038974 3.2583333333333333 60.500000000000007 -0.045890115286229625 1348.5000000000002 3.6091269841269846
decision_type=2 2 10 10 2 2 10 10 2 2 2 10 2 2
left_child=-1 9 3 -3 -4 -6 7 -7 -5 -2 -11 13 -13 -12
right_child=1 2 4 8 5 6 -8 -9 -10 10 11 12 -14 -15
leaf_value=-0.00043993073049198992 0.00056241382813352605 -0.0027959650441552924 -0.0024056725158975601 -0.0012751154039007293 -0.0041693958068110609 -0.0035064349227221675 3.9182917413754121e-05 0.0058092139343099399 0.0062692176271654685 0.0031914008236693437 -0.0044991955993336913 -0.0073502341472684463 0.002473735228640828 0.001866742154368037
leaf_weight=30400.185869087814 23328.324116154108 2640.0445107483538 446.29148431867361 218.81553783360869 133.84292503935285 67.461834739660844 418.68464705068618 698.48611763236113 148.87947455432732 202.50941614643671 224.7163862187881 373.64645885606296 69.607228545006365 482.52603604737669
leaf_count=403820 268903 28462 4646 4529 1352 664 4060 7502 3105 1658 1779 3239 605 3781
internal_value=-0.000118937 0.000212554 -0.000958639 -0.00216409 0.00109886 0.00232967 0.00320306 0.00482414 0.00216437 0.000440503 -0.00160661 -0.00254889 -0.00571313 -0.000319467
internal_weight=59854 29453.8 4772.51 3007.74 1764.77 1318.48 1184.63 765.948 367.695 24681.3 1353.01 1150.5 443.254 707.242
internal_count=738105 334285 54320 36096 18224 13578 12226 8166 7634 279965 11062 9404 3844 5560
is_linear=0
shrinkage=0.03


Tree=210
num_leaves=15
num_cat=0
split_feature=22 35 4 18 32 30 24 18 34 33 14 13 1 12
split_gain=7.56252 9.73644 9.87669 10.3626 10.2445 9.60415 16.8859 13.7475 12.8723 9.29855 8.40371 8.17536 8.09595 10.0346
threshold=3.5000000000000004 2.5000000000000004 -1.6201923076923064 -12.366666666666669 0.096476194238980448 2001.5000000000002 0.22338718749143105 -1.9333333333333156 -0.00078669751070041191 2477.5000000000005 62.050000000000004 85.450000000000017 1605.5000000000002 77.350000000000009
decision_type=10 2 2 8 2 10 10 8 2 2 8 8 2 8
left_child=1 2 -1 -4 -5 10 7 9 -8 -7 -6 -9 13 -12
right_child=-2 -3 3 4 5 6 8 11 -10 -11 12 -13 -14 -15
leaf_value=-0.0021103707602641293 0.00030321099602085807 -0.0010355181703073091 -0.0048721958041528608 0.0018166505924969406 0.0038310549676285662 0.0048974813296419695 -0.00074001984564575217 -0.0047322579043804908 0.0058328887791080026 -0.0027244732579535711 -0.0032167857063350866 1.7577197601881511e-05 0.0014681497177123713 -0.00050315469190185657
leaf_weight=1628.4893434643745 30503.798668174248 11789.87550978607 290.25611751526594 3583.3730505928397 334.53296417742968 498.20530960708857 358.10149531066418 561.66683226823807 907.37334226816893 158.8814810551703 1524.3360306471586 697.83995144441724 1263.1755007728934 5669.529925532639
leaf_count=8925 457762 187718 1779 19572 1779 2840 1788 2804 4492 908 8007 3579 6640 29269
internal_value=-2.70825e-05 -0.00037128 7.85185e-05 0.000309382 0.000421357 -2.03289e-06 0.00139742 -0.000389347 0.00401547 0.00299218 -0.000513597 -0.00220039 -0.000706964 -0.00109639
internal_weight=59769.4 29265.6 17475.8 15847.3 15557 11973.6 3182.07 1916.59 1265.47 657.087 8791.57 1259.51 8457.04 7193.87
internal_count=737862 280100 92382 83457 81678 62106 16411 10131 6280 3748 45695 6383 43916 37276
is_linear=0
shrinkage=0.03


Tree=211
num_leaves=15
num_cat=0
split_feature=24 5 35 29 34 24 7 30 4 24 29 13 16 14
split_gain=6.72847 7.7045 7.22553 8.32509 7.08349 8.20742 6.02619 6.12567 8.07491 5.68761 9.70039 7.59902 6.38373 11.033
threshold=0.011828638234430698 9.5000000000000018 6.5000000000000009 0.10797597523347398 0.051770735649960341 0.06848251533825217 8.5000000000000018 210.50000000000003 2.6035714285714282 0.059914916574694457 0.14485133765274641 88.750000000000014 84.65000000000002 73.950000000000017
decision_type=10 2 2 10 2 10 10 8 2 10 10 8 10 8
left_child=1 2 -1 -4 6 -6 9 -8 -9 10 -2 -12 -11 -14
right_child=4 -3 3 -5 5 -7 7 8 -10 12 11 -13 13 -15
leaf_value=-0.00081251639544098139 0.00096777077780388137 0.0021531804896827394 -0.0055628441187927889 0.0011867899574237216 -0.0026097557010132497 0.0053184450135949817 0.0014195432414483443 -0.0062918163627817157 0.0026719909957012016 -0.00040024890840153988 -0.00030740699418543139 -0.0047643955785956907 0.0022626528345440662 6.2846831022052321e-05
leaf_weight=4763.523722517537 11999.178022201522 614.8877269589575 581.14452557219192 201.56765742995776 123.67364140029531 409.78275666688569 202.80680683196988 362.10296371800359 85.249752369942144 21715.002711618959 1646.5617720584851 388.01263281237334 2348.7632114720764 14214.516165640671
leaf_count=48169 208108 16098 42337 10302 1638 3449 3418 7787 1144 221918 18137 4405 23676 126435
internal_value=1.8301e-05 -0.000916395 -0.0012729 -0.00385776 0.000126706 0.00341428 9.04028e-05 -0.00267456 -0.00448674 0.000127288 0.000642758 -0.00125129 -6.22874e-05 0.000380662
internal_weight=59656.8 6161.12 5546.24 782.712 53495.7 533.456 52962.2 650.16 447.353 52312 14033.8 2034.57 38278.3 16563.3
internal_count=737021 116906 100808 52639 620115 5087 615028 12349 8931 602679 230650 22542 372029 150111
is_linear=0
shrinkage=0.03


Tree=212
num_leaves=15
num_cat=0
split_feature=11 19 11 10 17 31 10 1 33 13 17 19 13 13
split_gain=4.87286 12.1704 8.66242 8.7075 7.82239 16.0254 9.8195 8.67268 8.57037 9.23604 7.81081 7.07214 7.02754 6.77759
threshold=16.500000000000004 7.808712121212122 20.500000000000004 349.50000000000006 72.201515151515167 0.0031930069721902011 341.50000000000006 1431.5000000000002 185.50000000000003 62.150000000000013 73.67290209790211 9.6250000000000089 85.950000000000017 44.750000000000007
decision_type=2 10 2 2 10 8 2 2 2 10 10 10 10 8
left_child=13 2 4 -4 5 6 -2 8 -7 -10 11 -3 -12 -1
right_child=1 10 3 -5 -6 7 -8 -9 9 -11 12 -13 -14 -15
leaf_value=0.0034489175054349748 -0.0038832414855537994 0.006925234762626597 -0.0001019321351913712 -0.0042389247574712088 -0.0030683283021709566 -0.00011659880485983663 0.005655605985596477 -0.0014955451370281974 -0.00084363657536308621 0.011910375000320848 -0.0016558235692040503 0.00096909989378528392 0.0040620665617950476 6.5494646415087507e-05
leaf_weight=489.25007695402019 744.57682299392764 346.03833132609725 8421.5274645318277 434.40792607387993 2369.8804648187943 135.53202121600043 66.055131800705567 182.78604464093223 58.573611924890429 167.54999449383467 633.49561740271747 362.70898372353986 219.82520361850038 45196.226244188321
leaf_count=13108 13494 2409 127962 6543 28743 2071 1169 2599 898 1986 3982 2206 1381 529202
internal_value=-4.52782e-05 -0.000530855 -0.000842484 -0.000327522 -0.00204623 -0.000213114 -0.00282254 0.00358274 0.00601928 0.00905212 0.00192728 0.00414185 -3.95211e-05 0.000105459
internal_weight=59828.4 14143 12580.9 8855.94 3724.95 1355.07 810.632 544.442 361.656 226.124 1562.07 708.747 853.321 45685.5
internal_count=737753 195443 185465 134505 50960 22217 14663 7554 4955 2884 9978 4615 5363 542310
is_linear=0
shrinkage=0.03


Tree=213
num_leaves=15
num_cat=0
split_feature=34 17 12 11 11 20 26 28 31 7 17 12 22 31
split_gain=7.24121 12.3606 10.5596 7.66514 10.251 8.7084 11.9532 7.00399 6.919 6.75167 7.26176 6.61087 6.40329 8.98527
threshold=0.051770735649960341 81.401449275362339 78.250000000000014 13.500000000000002 21.500000000000004 14.500000000000002 0.8617257838547433 -6.7499999999999991 0.0087432273852008063 4.5000000000000009 69.580322580645174 84.250000000000014 6.5000000000000009 -0.0063088320059233594
decision_type=2 8 10 2 2 10 10 10 8 10 10 10 10 8
left_child=3 2 -2 12 5 6 8 -7 11 10 -10 -5 -1 -14
right_child=1 -3 -4 4 -6 7 -8 -9 9 -11 -12 -13 13 -15
leaf_value=2.887190933058491e-05 0.0015899755002312071 -0.0028142534895398271 0.010959549559485565 -0.0020083217424468097 0.0002025770127092548 0.0055216202648827499 0.0065696606655848136 -0.0021249209170039357 0.010136071259377143 -0.00030255603578842793 0.0012949297764035376 0.0017458547562288582 -0.00082526705597132878 0.0014766704214669208
leaf_weight=32435.188995837932 274.7293995777145 185.77312886249274 154.02234445232898 2179.5954457983607 9008.892014910467 63.487490612315014 176.92392857163213 5346.8126340291928 92.465257093310356 629.59433206776157 245.84046747675166 479.89788790722378 1945.7657404344063 6590.9009183307644
leaf_count=333501 3026 1646 1313 29052 129590 1152 1802 70502 1043 6574 2057 4572 41977 109715
internal_value=2.90635e-05 0.00314327 0.00574892 -5.89147e-06 -0.000516941 -0.00121769 -0.000114233 -0.00198545 -0.000525129 0.001593 0.00470539 -0.00131118 0.000221767 0.000950239
internal_weight=59809.9 614.525 428.752 59195.4 18223.5 9214.62 3804.32 5410.3 3627.39 967.9 338.306 2659.49 40971.9 8536.67
internal_count=737522 5985 4339 731537 246344 116754 45100 71654 43298 9674 3100 33624 485193 151692
is_linear=0
shrinkage=0.03


Tree=214
num_leaves=15
num_cat=0
split_feature=14 15 4 7 11 26 12 23 14 34 4 14 27 31
split_gain=7.34771 7.28789 6.07369 5.66765 6.96039 6.60667 5.84014 6.18567 5.58208 5.51624 4.97922 4.89259 4.75957 4.22741
threshold=20.450000000000003 45.583333333333343 4.5178571428571432 8.5000000000000018 54.500000000000007 -0.0082678736832199774 72.450000000000017 7.1050000000000013 71.550000000000011 0.019653530032634692 0.71651785714285776 57.45000000000001 125.50000000000001 0.0041789201535039388
decision_type=8 8 2 10 2 10 10 10 10 2 2 10 10 10
left_child=12 10 3 -3 5 6 7 -5 -6 13 11 -2 -1 -4
right_child=1 2 9 4 8 -7 -8 -9 -10 -11 -12 -13 -14 -15
leaf_value=0.0091829185921141407 -0.0082745345891328918 0.00023172247498462161 -0.00092695473619986194 0.0023718388893931418 -0.0021853673499975614 0.0030938396678494616 -0.0080556847822115599 -0.0059966543003227282 0.0073104027632764834 0.0025771457180914776 0.0012381042175830641 0.0027178142644338726 -0.0016494149572745533 -0.0058611414143665119
leaf_weight=80.279675813741051 158.95764653349761 58021.732074180618 322.92762983008288 143.63196899252944 76.774593002977781 70.113918789546005 236.80241264635697 87.859605964040384 61.365603420417756 125.4140251968056 81.581711474689655 19.119131217827089 32.190148063353263 299.91115984064527
leaf_count=1532 7911 703080 2963 3043 1555 1775 4286 2597 1038 986 3260 790 727 2410
internal_value=0.000157435 0.000139979 0.000163756 0.00019894 -0.00243498 -0.00391941 -0.00516661 -0.00130531 0.00285467 -0.00243594 -0.00445091 -0.00675726 0.0065291 -0.00356187
internal_weight=59818.7 59706.2 59446.5 58698.3 676.548 538.408 468.294 231.492 138.14 748.253 259.658 178.077 112.47 622.839
internal_count=737953 735694 723733 717374 14294 11701 9926 5640 2593 6359 11961 8701 2259 5373
is_linear=0
shrinkage=0.03


Tree=215
num_leaves=15
num_cat=0
split_feature=8 23 29 8 8 2 13 20 29 25 32 11 34 24
split_gain=5.79392 13.9258 9.24461 5.58328 11.956 9.60062 8.91914 8.88725 10.3273 7.61247 10.8101 10.3111 8.20845 7.27647
threshold=1.5000000000000002 4.205000000000001 0.16429773929773933 3.5000000000000004 2.5000000000000004 8.5000000000000018 44.750000000000007 74.500000000000014 0.21110300081103003 0.13529384060042896 0.11799052489429059 3.5000000000000004 0.024771510852827867 0.02046464865972927
decision_type=2 10 10 2 2 8 8 10 10 10 2 2 2 10
left_child=1 -1 -3 4 13 6 -5 8 -8 11 -11 -9 -13 -2
right_child=3 2 -4 5 -6 -7 7 9 -10 10 -12 12 -14 -15
leaf_value=-0.00030754002648363882 0.001948020844436811 -0.0066725498662224885 0.0045481293545674342 0.0059576097867899101 0.0067875380566923297 -0.0018983753133010794 -0.00045024643673935129 0.0027070934536961105 0.0046649261440507095 0.0067540983261019979 0.0011589116153357447 -0.0029776482965402696 0.005566862666935294 0.00027704112470704439
leaf_weight=5432.3753906568745 2487.3145919771632 442.93782583007123 40.738378591369838 178.75302887836006 216.22199811623432 2501.2990090335952 13803.849755387637 674.74689207738265 314.78286418877542 426.90393227373715 970.90870982478373 818.19647871539928 68.081628730753437 31475.776325667655
leaf_count=68975 63239 8862 443 5251 2448 29144 170278 10363 1976 4824 8314 14331 1043 348444
internal_value=0.000122582 -0.000764746 -0.0053899 0.000220526 0.000452351 -0.000180646 7.31053e-05 -5.70104e-06 -0.000320141 0.00147509 0.00304197 2.11778e-05 -0.00205905 0.0004021
internal_weight=59852.9 5916.05 483.676 53936.8 34179.3 19757.5 17256.2 17077.5 14118.6 2958.84 1397.81 1561.02 886.278 33963.1
internal_count=737935 78280 9305 659655 414131 245524 216380 211129 172254 38875 13138 25737 15374 411683
is_linear=0
shrinkage=0.03


Tree=216
num_leaves=15
num_cat=0
split_feature=16 15 15 21 20 5 34 17 27 17 32 8 30 30
split_gain=6.3535 10.7072 9.48794 9.70707 8.73074 7.2205 7.46069 7.43635 7.43847 7.29125 8.11282 7.08903 6.6557 6.56277
threshold=86.750000000000014 83.583333333333357 70.583333333333357 0.029631255487269536 238.50000000000003 10.500000000000002 -0.017426525270224428 90.912771739130449 36.500000000000007 81.150675675675686 0.10361620141928062 2.5000000000000004 3306.5000000000005 1858.5000000000002
decision_type=8 10 8 10 10 2 2 8 10 10 2 2 10 10
left_child=1 -1 3 -2 5 -4 -7 9 -9 -8 -11 12 -3 -12
right_child=2 11 4 -5 -6 6 7 8 -10 10 13 -13 -14 -15
leaf_value=-0.00010998882747884363 -0.0047983025075742499 -0.0059113715058659103 0.00023537626407440243 0.0042542818919794967 -0.0045380452759030167 -0.0042213413292283616 0.00035014040127451023 0.0018551498601599803 -0.006922415605230361 -0.0012704554154585586 0.010039139417413563 0.00023256156689494166 0.0031783761793494547 0.002256084164911252
leaf_weight=37817.919240632764 78.689304829807952 578.06618098705076 18462.298995648511 873.63519906194415 278.93193842284381 93.222019956447184 266.34460833179764 286.39950213162228 67.380585624603555 92.938177732052281 323.12352622626349 348.10813240613788 50.446651776321232 180.44245292036794
leaf_count=493916 1224 4652 196180 14576 3848 1497 4162 4768 821 1682 4423 2806 373 2464
internal_value=3.5297e-05 -0.0001922 0.000454957 0.00330423 0.000311748 0.00039144 0.00250162 0.00316306 -0.000466803 0.0045954 0.00631727 -0.0032153 -0.00500134 0.00770592
internal_weight=59797.9 38794.5 21003.4 952.325 20051.1 19772.1 1309.85 1216.63 353.78 862.849 596.504 976.621 628.513 503.566
internal_count=737392 501747 235645 15800 219845 215997 19817 18320 5589 12731 8569 7831 5025 6887
is_linear=0
shrinkage=0.03


Tree=217
num_leaves=15
num_cat=0
split_feature=18 15 16 20 0 13 0 4 16 2 24 16 25 17
split_gain=7.1744 8.09192 10.1868 7.881 7.85036 7.43768 9.08239 6.12037 6.49833 6.09268 5.46419 6.00589 5.86164 6.28837
threshold=-16.966666666666654 77.75833333333334 89.450000000000017 235.50000000000003 9.5000000000000018 80.65000000000002 9.5000000000000018 1.7290209790209803 89.350000000000009 8.5000000000000018 0.37397639663605448 78.950000000000017 0.21040057378434665 80.301851851851879
decision_type=8 10 8 10 2 10 2 2 10 10 10 10 10 10
left_child=4 5 10 -4 9 -2 7 8 -7 -1 11 -3 -12 -14
right_child=1 2 3 -5 -6 6 -8 -9 -10 -11 12 -13 13 -15
leaf_value=-0.0041748998229200491 0.00019253260052861808 0.0029184336635300085 0.00046829285360145209 -0.0052963385824943534 8.8395950046059655e-05 0.007544042462751463 -7.610756805657954e-05 7.0367666685878459e-05 -0.0015871682864341422 0.0038490070295764114 0.0042036183775654799 -0.0012768327186691518 -0.0033414332940560898 0.0016518148625280925
leaf_weight=963.65052820497658 34365.286756773363 269.45484912465326 8770.4981474124361 168.90708175697364 1021.8558347771177 432.81687650294043 684.31668385956436 190.6465850668028 63.914154809201136 54.466687338077463 304.44192946143448 11688.372186768684 329.80421368288808 515.82367753610015
leaf_count=28917 433484 2312 88311 2332 50422 4088 8670 1531 675 1639 2137 107809 2068 3114
internal_value=-6.03819e-05 2.07015e-06 -0.00044933 0.000330519 -0.00178713 0.000280792 0.00240744 0.00471743 0.00633143 -0.00358556 -0.000980411 -0.00117054 0.000962847 -0.00037343
internal_weight=59824.3 57784.3 22047.3 8939.41 2039.97 35737 1371.69 687.378 496.731 1018.12 13107.9 11957.8 1150.07 845.628
internal_count=737509 656531 208083 90643 80978 448448 14964 6294 4763 30556 117440 110121 7319 5182
is_linear=0
shrinkage=0.03


Tree=218
num_leaves=15
num_cat=0
split_feature=7 28 21 25 28 13 1 12 30 28 9 19 12 19
split_gain=4.64089 8.54677 9.95215 9.06412 11.0046 10.5176 10.2062 8.63292 8.11366 8.52431 8.01698 7.61023 11.4859 7.54221
threshold=5.5000000000000009 1.0000000180025095e-35 0.23861283643892342 0.071245502941882588 -1.0000000180025095e-35 73.350000000000009 1721.0000000000002 72.450000000000017 1555.5000000000002 -3.2499999999999996 2.0000000000000004 5.5153311965811875 74.950000000000017 8.9741582491582594
decision_type=10 10 10 10 10 10 2 10 10 10 2 10 10 10
left_child=-1 3 10 4 8 -6 -5 -7 -2 -10 -3 -12 -13 -4
right_child=1 2 13 6 5 7 -8 -9 9 -11 11 12 -14 -15
leaf_value=0.00011457696511655469 -0.0012113615350011419 0.0064687707876537074 -0.0063503623232912245 8.3652477924113619e-05 -0.0084279913935828843 0.009300052951200009 0.0033973798814204946 -0.0033605721286748425 -0.0044470488286454252 0.010162607570926505 -0.0018569163441872912 0.0040828771939599292 -0.0014190298911136942 0.0030977945420152114
leaf_weight=47803.793709429912 676.51624590693973 78.514482454629615 471.59704949962907 4287.4180268167984 295.62820250424556 26.2953650446143 990.10290842934046 87.155873571056873 18.066222666297108 71.666283190716058 3588.8678717029979 513.75654870504513 822.24121880205348 58.233503752853721
leaf_count=550694 18309 921 5837 65558 9346 682 13937 1524 554 1860 57602 4111 6255 385
internal_value=-1.78813e-05 -0.000544444 -0.00140399 0.000197731 -0.00213057 -0.00580362 0.000731383 0.00152112 6.57631e-05 0.00668243 -0.000962075 -0.00114436 0.000767687 -0.00513434
internal_weight=59789.9 11986.1 5533.21 6452.85 1175.33 409.079 5277.52 113.451 766.249 89.7325 5003.38 4924.87 1336 529.831
internal_count=737575 186881 75111 111770 32275 11552 79495 2206 20723 2414 68889 67968 10366 6222
is_linear=0
shrinkage=0.03


Tree=219
num_leaves=15
num_cat=0
split_feature=32 12 26 25 28 9 30 17 12 19 26 15 35 17
split_gain=8.51363 15.0286 11.0956 10.6086 10.0307 8.93157 8.25635 8.16739 8.15623 7.5398 8.21069 7.11437 7.87387 7.57301
threshold=0.054555455545554569 70.750000000000014 -0.041262105402176695 0.050283971066463977 5.2500000000000009 91.500000000000014 2293.5000000000005 80.540454545454551 67.550000000000011 -2.3249999999999988 -0.097752323577482536 53.883333333333347 2.5000000000000004 54.003333333333337
decision_type=2 10 10 10 10 2 10 10 8 10 10 8 2 8
left_child=1 6 5 -4 7 -3 8 -5 9 -1 -11 12 -2 -13
right_child=11 2 3 4 -6 -7 -8 -9 -10 10 -12 13 -14 -15
leaf_value=-0.0045920162169022496 -0.0019901002847887502 0.00013480399118623372 -0.0015425936090376242 0.0089032748021744632 -0.0053717654094980341 -0.007302408269782912 0.0036637692215193787 -0.0027437328375724515 -0.0060673830427453914 -0.0045283780211820834 0.0011928151668330496 -0.0062314130223639491 0.004131766090443652 8.2864549745779171e-05
leaf_weight=585.66223527141847 218.61529795080423 897.86694225901738 203.6640900161583 360.55317775020376 25.397838454460725 123.00143987336196 125.66385995456949 39.178338498342782 625.47345899743959 262.76366888568737 764.80071251047775 121.48766192386393 703.39683729643002 54760.36105057341
leaf_count=31134 1383 10988 4222 5810 295 1453 3472 658 13516 3180 14006 2587 25344 619821
internal_value=1.18943e-05 -0.00131383 0.000870006 0.00385134 0.00632579 -0.0010604 -0.00282399 0.00758361 -0.00326025 -0.0020222 -0.000412417 0.000108345 0.00265253 6.32279e-05
internal_weight=59817.9 4014.03 1649.66 628.793 425.129 1020.87 2364.36 399.732 2238.7 1613.23 1027.56 55803.9 922.012 54881.8
internal_count=737869 88734 23426 10985 6763 12441 65308 6468 61836 48320 17186 649135 26727 622408
is_linear=0
shrinkage=0.03


Tree=220
num_leaves=15
num_cat=0
split_feature=18 13 20 3 29 6 4 17 33 28 7 34 17 19
split_gain=6.38218 11.0952 9.75613 7.44241 7.20146 7.74305 11.9915 12.1071 7.88156 6.74344 6.19236 8.8386 7.09921 9.92842
threshold=-4.4666666666666641 70.350000000000009 59.500000000000007 58.750000000000007 0.067207236367958306 0.65833333333333344 -0.69722222222222274 73.67290209790211 170.50000000000003 3.7500000000000004 6.5000000000000009 -0.021718167217427413 63.650961538461551 -7.5733333333333297
decision_type=8 8 10 2 10 2 2 10 2 10 10 2 10 10
left_child=3 2 4 -1 -2 6 -6 9 -9 -8 12 -12 13 -5
right_child=1 -3 -4 10 5 -7 7 8 -10 -11 11 -13 -14 -15
leaf_value=-0.00010309283538064898 -0.00087842765995962643 3.455030017716205e-05 -0.0018480727906155299 0.0027909214903601917 0.005581185294794214 0.0045795240761070111 -0.0019386979574709984 -0.0023721942809985866 0.008138204735261256 0.0041793703849881446 0.0047011126154597261 -0.0045580443961003008 -0.00038503940958222989 -0.004886721296427708
leaf_weight=19307.111979926587 551.88553582713939 30263.285383017501 579.22662979690358 156.6880777584156 440.18347970908508 1237.9823058424518 1096.4487170614302 62.061657088808715 188.9427627986297 140.98993531707674 63.832483979640529 777.58185922401026 4221.2308472508739 670.87290731980465
leaf_count=358210 4928 258941 5215 5836 3279 9175 7603 423 1230 948 1129 14218 55484 10825
internal_value=-2.63976e-05 0.000238197 0.00165533 -0.000389073 0.00221833 0.00276331 0.00151122 0.000165318 0.0055771 -0.00110638 -0.00131771 -0.00363133 -0.000900301 -0.00335687
internal_weight=59758.3 34561 4297.72 25197.3 3718.49 3166.61 1928.63 1488.44 251.004 1237.44 5890.21 841.414 5048.79 827.561
internal_count=737444 291742 32801 445702 27586 22658 13483 10204 1653 8551 87492 15347 72145 16661
is_linear=0
shrinkage=0.03


Tree=221
num_leaves=15
num_cat=0
split_feature=4 10 24 26 13 14 9 31 13 25 29 27 10 1
split_gain=5.20622 10.7268 15.7001 8.83734 7.24098 7.14662 9.07036 5.73831 5.32537 4.99629 5.10236 4.59558 8.72052 9.93357
threshold=-3.0690476190476192 63.500000000000007 0.039098939014198607 -0.20636923136225135 50.250000000000007 51.850000000000001 62.500000000000007 -0.008039463220591193 71.450000000000017 0.41455283536784238 0.1103234640118838 -609.49999999999989 222.50000000000003 1155.0000000000002
decision_type=2 2 8 8 10 8 2 8 10 10 10 8 2 2
left_child=1 2 -1 -4 -3 -6 -7 8 -8 11 -11 12 13 -2
right_child=9 4 3 -5 5 6 7 -9 -10 10 -12 -13 -14 -15
leaf_value=-0.0038207271980914381 -0.004445239677850355 -0.0046871574531577179 -0.0024434800632182744 0.011738379262658982 0.0086866048639868809 0.0028052167141827959 -0.0022419470508510003 -0.0034590962640582987 0.0068764648460259894 -0.001649709981247729 0.0047698862144082751 -0.00015131941669508568 -0.0015703066887001612 0.0080028524367107851
leaf_weight=75.373971520224586 38.141575270798057 168.4437814297853 29.017186463810503 192.43830030295067 55.958173478255048 707.10791543032974 77.739309779368341 487.77684257423971 66.834779545431957 130.76863157842308 313.4375042503234 57054.610654958466 228.54087756155059 232.46990771614946
leaf_count=2626 749 4460 309 3334 1729 13564 1763 7929 952 853 1763 688696 4693 4651
internal_value=-4.87978e-05 0.00149209 0.00626745 0.00977234 0.00041961 0.00117687 0.000561841 -0.00196848 0.00265722 -9.94753e-05 0.00290433 -0.00012516 0.00260649 0.00582872
internal_weight=59858.7 1860.69 296.829 221.455 1563.86 1395.42 1339.46 632.351 144.574 57998 444.206 57553.8 499.152 270.611
internal_count=738071 36666 6269 3643 30397 25937 24208 10644 2715 701405 2616 698789 10093 5400
is_linear=0
shrinkage=0.03


Tree=222
num_leaves=15
num_cat=0
split_feature=4 6 32 21 16 35 9 33 1 17 10 10 19 12
split_gain=5.07289 5.72733 6.90135 8.18626 6.86492 4.79659 6.40058 6.65032 5.97895 7.3816 6.92027 7.45028 6.02938 5.7943
threshold=-4.2182539682539675 0.31414473684210531 0.074421283892401685 0.11167800453514741 74.850000000000009 8.5000000000000018 8.5000000000000018 18.500000000000004 1526.5000000000002 79.246862745098056 254.50000000000003 104.50000000000001 -3.2347853535353646 66.950000000000017
decision_type=2 2 2 8 10 2 2 2 2 8 2 2 10 10
left_child=1 -1 4 -4 -3 -2 -7 -8 9 13 11 -11 -10 -9
right_child=5 2 3 -5 -6 6 7 8 12 10 -12 -13 -14 -15
leaf_value=-0.0018684329992702188 5.8458474316197608e-05 -0.0011554431381368016 -0.0037411506524571516 0.0057193682363222021 0.012551947154715014 0.0058553291170425764 0.0033692885993387408 -0.0020255762403022146 0.0038266221301642206 -0.0028761897770142172 -0.0043019859995581363 0.0068509764848228996 -0.0021918320058819146 -0.0070888804500546174
leaf_weight=132.58624012605287 57295.406642935239 33.205367801361717 115.80944739701226 116.0575434032362 83.558173287427053 55.686616957653314 160.14938408334274 438.68408057780471 207.24402326752897 79.571506720036268 128.49292460293509 133.04005351255182 309.5925149070099 447.38946923450567
leaf_count=2777 592237 1356 2282 1601 2684 2534 13050 39658 17892 5049 7969 8208 14946 25575
internal_value=3.41486e-05 0.00295275 0.00479066 0.00116873 0.00947615 7.97692e-06 -0.00143257 -0.00179007 -0.00234454 -0.00344693 0.000290093 0.00335602 0.000346148 -0.0048242
internal_weight=59736.5 481.217 348.631 231.867 116.764 59255.3 1959.85 1904.16 1744.01 1227.18 341.104 212.612 516.837 886.074
internal_count=737818 10700 7923 3883 4040 727118 134881 132347 119297 86459 21226 13257 32838 65233
is_linear=0
shrinkage=0.03


Tree=223
num_leaves=15
num_cat=0
split_feature=20 2 22 5 16 14 4 22 27 4 20 32 24 5
split_gain=7.10649 7.80151 7.27081 8.59328 6.41618 7.03621 8.84532 9.37682 8.41197 7.87097 7.85993 7.46777 6.87625 6.7629
threshold=6.5000000000000009 8.5000000000000018 6.5000000000000009 2.5000000000000004 86.550000000000011 76.750000000000014 1.1933760683760684 10.500000000000002 520.50000000000011 3.5124999999999997 153.50000000000003 0.11291653114099533 0.1536097109668417 2.5000000000000004
decision_type=8 8 10 2 10 10 2 10 10 2 10 2 10 2
left_child=1 2 3 -1 5 8 7 10 -2 -8 -7 -10 -11 -6
right_child=4 -3 -4 -5 13 6 9 -9 11 12 -12 -13 -14 -15
leaf_value=-0.0030882614415488501 2.4374602748389182e-05 0.007076391998719035 -0.0029742260997864542 0.0046391087693658482 0.0015687336618832673 -0.0017097004348063775 0.0009091803264331419 -0.0071113225715641474 -0.0076614014980535723 -0.0064788463754900331 0.0025374338530361894 0.0012632218808388998 0.0010427381287683112 0.00014072416409493147
leaf_weight=135.96767547202762 32878.539876413532 201.29679579101503 246.90935592388269 446.94208669615909 3820.9575395381544 5042.3688272945583 2670.453836369561 225.34351955598686 189.11976357200183 214.48477180604823 381.12983705499209 111.11706533911638 165.87745727226138 13090.438748775399
leaf_count=1284 449991 2132 4325 4838 36648 54730 23380 3738 4012 1867 5038 1231 1048 143003
internal_value=1.89824e-05 0.0024292 0.000963807 0.00273507 -2.53188e-05 -0.000224464 -0.000981248 -0.00167938 -2.48533e-05 0.000317636 -0.00139079 -0.00464961 -0.0034586 0.000467042
internal_weight=59820.9 1031.12 829.819 582.91 58789.8 41878.4 8699.66 5648.84 33178.8 3050.82 5423.5 300.237 380.362 16911.4
internal_count=737265 12579 10447 6122 724686 545035 89801 63506 455234 26295 59768 5243 2915 179651
is_linear=0
shrinkage=0.03


Tree=224
num_leaves=15
num_cat=0
split_feature=35 23 23 18 15 32 13 1 30 23 1 23 16 14
split_gain=6.50573 8.00808 10.2096 9.7465 9.41941 8.77179 8.22874 8.22717 7.91375 6.69247 7.69474 8.31135 7.58565 8.07304
threshold=4.5000000000000009 15.905000000000003 7.9050000000000011 -13.499999999999988 55.283333333333346 0.069234891582158467 60.750000000000007 1005.5000000000001 210.50000000000003 3.8050000000000002 1035.0000000000002 2.9750000000000005 72.65000000000002 75.550000000000011
decision_type=2 10 8 8 10 2 10 2 10 10 2 10 8 8
left_child=9 2 4 5 7 -4 -3 -2 -6 10 11 -1 -12 -14
right_child=1 6 3 -5 8 -7 -8 -9 -10 -11 12 -13 13 -15
leaf_value=0.0014682095652644733 -0.0029371683645757355 -0.0023035080835738628 -0.0090609444778364922 -0.0012116043969853621 0.0013896820396654289 -0.0022292674000387071 0.0062186506228751551 0.0069567649558677476 -0.00077451639303090963 0.00074365586817400444 -0.0022953234738548301 -0.0022701428411644599 0.0006262599391716557 -0.00050305729864119077
leaf_weight=4331.2708591921255 71.281177999102511 121.76321945316158 263.44332131801639 2402.490084827994 1776.5516640256392 469.04762199928518 252.1564911797177 233.26879490737338 9096.0582330386387 12495.152929095086 1514.4434466529638 564.50884473696351 8302.8114787694067 17875.920863729902
leaf_count=28581 2781 8254 20090 73197 45281 22710 9130 10324 230422 95963 11515 3988 57230 117732
internal_value=-2.38562e-05 -0.000571138 -0.000689289 -0.00218797 -0.000261066 -0.00510829 0.00349912 0.00455341 -0.00041615 0.000154855 -7.16946e-05 0.00101857 -0.000265926 -0.000144374
internal_weight=59770.2 14686.1 14312.1 3134.98 11177.2 732.491 373.92 304.55 10872.6 45084.1 32589 4895.78 27693.2 26178.7
internal_count=737198 422189 404805 115997 288808 42800 17384 13105 275703 315009 219046 32569 186477 174962
is_linear=0
shrinkage=0.03


Tree=225
num_leaves=15
num_cat=0
split_feature=17 17 26 29 21 30 33 28 28 34 0 34 26 4
split_gain=6.3787 6.38718 9.09252 8.1203 6.88377 6.56554 5.89262 6.00124 5.98752 5.62371 6.96271 6.45268 7.02065 5.97496
threshold=46.45277777777779 87.551470588235318 0.80462631766852832 0.13970176426035177 0.30151515151515157 277.50000000000006 620.50000000000011 1.7500000000000002 -1.2499999999999998 0.0039177930369823427 11.500000000000002 0.018434979550886441 -0.031315781736343994 0.45993589743589786
decision_type=8 10 10 10 10 10 2 10 10 2 2 2 10 2
left_child=-1 -2 3 9 -4 -5 7 -7 -8 -3 13 12 -12 -11
right_child=1 2 4 5 -6 6 8 -9 -10 10 11 -13 -14 -15
leaf_value=-0.0045456771291654471 0.00028029860960124958 -0.0035226698090736891 0.0011614708547648207 0.0060807396078893248 -0.0077408592022873658 -7.6017371021343871e-05 -0.0025665673344181877 -0.0078713097881282657 0.0031129673782605612 0.0010459889226869614 0.0086275374984171073 -0.002429064819038481 -0.0021871952956995879 -0.0050350960228751785
leaf_weight=205.51133546617348 56348.537853964604 840.24579600431025 91.110513936262578 162.4884698339738 238.1766543101985 267.69549953308888 181.6031568327453 83.805953028611839 610.32143610506319 257.76897811517119 146.33558048051782 90.312897267052904 50.902547316858545 246.23112245113589
leaf_count=10365 695982 9738 911 1380 1895 2232 1539 686 5081 2246 2000 1194 642 2071
internal_value=0.000185109 0.000205213 -0.00107456 -0.000501206 -0.00544927 0.00123595 0.000321558 -0.00268337 0.00173547 -0.00188685 -4.42746e-05 0.00335466 0.00595862 -0.00211124
internal_weight=59821 59615.5 3267 2937.71 329.287 1305.91 1143.43 351.501 791.925 1631.8 791.551 287.551 197.238 504
internal_count=737962 727597 31615 28809 2806 10918 9538 2918 6620 17891 8153 3836 2642 4317
is_linear=0
shrinkage=0.03


Tree=226
num_leaves=15
num_cat=0
split_feature=16 15 13 17 2 26 26 31 33 16 33 33 13 2
split_gain=5.64725 8.54566 9.7865 7.94159 6.13709 6.15584 5.95433 6.22289 6.22017 6.09513 5.94941 5.69676 5.67299 8.58794
threshold=65.950000000000017 57.216666666666676 55.650000000000013 66.70185185185187 5.5000000000000009 -0.056136040239659658 -0.22513137140813433 0.012234057877468134 22.500000000000004 61.150000000000013 110.50000000000001 179.50000000000003 63.95000000000001 4.5000000000000009
decision_type=8 8 10 10 10 10 10 10 2 10 2 2 8 8
left_child=4 2 -2 10 6 11 -1 8 -8 -9 -4 -6 13 -3
right_child=1 12 3 -5 5 -7 7 9 -10 -11 -12 -13 -14 -15
leaf_value=0.003599475357681293 -0.00016265832653242863 -0.00043228060441049718 0.0010208838245677246 -0.001845466324000347 0.0034501538297527366 0.0042077893003411278 0.0012944508400539875 -0.0036997182634073049 -0.0050560784453241667 0.004129409785244881 0.008362145116745396 -0.0058253377564890492 -0.0002025545208705969 0.0020696042237878854
leaf_weight=86.385725442552939 695.8956316417316 2361.3561116222991 153.09064331906848 105.95876328437589 54.68697619100567 232.61651698104106 141.43427474878263 110.23513727122918 907.06378162035253 155.07713861169759 346.39126071985811 106.98918227362446 51852.262123777764 2505.6345000331057
leaf_count=968 18399 38880 4099 2268 1095 9467 4835 3072 27635 2778 7302 1728 576835 38136
internal_value=-0.000106302 -5.43028e-05 0.00230355 0.00493438 -0.00174053 0.00143118 -0.00265223 -0.00318018 -0.00417951 0.000805623 0.0064097 -0.00261403 -0.000110381 0.000863693
internal_weight=59815.1 58020.6 1301.34 605.441 1794.49 394.293 1400.2 1313.81 1048.5 265.312 499.482 161.676 56719.3 4866.99
internal_count=737497 685919 32068 13669 51578 12290 39288 38320 32470 5850 11401 2823 653851 77016
is_linear=0
shrinkage=0.03


Tree=227
num_leaves=15
num_cat=0
split_feature=4 29 31 2 29 18 29 22 10 20 31 31 16 33
split_gain=5.96275 7.9959 10.2732 9.3834 6.65442 8.96063 9.53298 6.47409 6.33173 9.28381 6.16376 6.47963 5.99896 12.1607
threshold=-0.05902777777777856 0.20524596829319827 0.029406223961272761 5.5000000000000009 0.065754239082631588 -19.266666666666659 0.040629960317460322 11.500000000000002 349.50000000000006 12.500000000000002 -0.022859192654120949 -0.033858752489060055 85.65000000000002 829.50000000000011
decision_type=2 8 10 10 10 8 8 10 2 8 10 8 10 2
left_child=1 2 -1 -3 5 -2 10 -8 -6 -10 11 -7 13 -11
right_child=4 3 -4 -5 8 6 7 -9 9 12 -12 -13 -14 -15
leaf_value=0.00041065475787722256 -0.0063309365766967066 0.0061838325304887053 -0.0030021189995880927 -0.0029795647252391314 -0.00045986223230280992 -0.0040733653497141585 0.0024559303031529357 -0.0052958937065896517 -0.0032701648314759847 0.005890930313353587 -0.0048425014366031546 0.0066988642294320807 -0.00037783349283613253 -0.00084242249524924017
leaf_weight=23026.629743202822 89.911922430270351 359.35129836131819 772.51979754993226 99.80023176735267 30802.010919205612 43.968817770015448 2367.3855854503345 55.213746996363625 279.81792130332906 646.85360802302603 274.53894911333919 68.200902914395556 496.14923960878514 352.09308471274562
leaf_count=343271 5064 2506 9022 716 317847 586 32558 1105 2593 7379 5319 1138 4469 3185
internal_value=1.20008e-05 0.000374039 0.000293814 0.00409509 -0.000235736 0.00112959 0.0014749 0.00217574 -0.00035879 0.00135977 -0.00266204 0.00252231 0.00230408 0.00359063
internal_weight=59734.4 24258.3 23799.1 459.152 35476.1 2899.22 2809.31 2422.6 32576.9 1774.91 386.709 112.17 1495.1 998.947
internal_count=736758 355515 352293 3222 381243 45770 40706 33663 335473 17626 7043 1724 15033 10564
is_linear=0
shrinkage=0.03


Tree=228
num_leaves=15
num_cat=0
split_feature=11 14 17 32 21 6 21 17 14 17 26 31 31 1
split_gain=9.37864 8.22002 7.24377 9.72935 12.6725 10.1944 10.4727 8.45047 10.3685 8.38604 7.84082 7.65424 7.44283 8.85254
threshold=29.500000000000004 36.350000000000001 63.814285714285724 0.047936014313708787 0.097693531283138943 0.30384615384615393 0.060915275200989494 68.97646153846155 64.050000000000011 79.246862745098056 -0.076515908003296315 0.011064521410076562 -0.0029346879356338929 1717.5000000000002
decision_type=2 8 10 2 10 2 10 10 10 10 10 8 10 2
left_child=1 -1 -2 -4 5 6 -5 8 -7 -6 -11 12 -9 -14
right_child=2 -3 3 4 9 7 -8 11 -10 10 -12 -13 13 -15
leaf_value=0.0043557520540871975 -0.0030550103991445663 -0.00029087225428188414 0.0066814593698860687 0.0017157473763566675 0.003356286329936222 -0.0026926415640281644 -0.0082410488079447796 -0.0031340645999640643 0.0084478879021222322 0.0031250793963885355 -0.0027910461344035778 -0.0064559832237552585 -0.00013971053348935288 0.0094444048547671581
leaf_weight=294.94586825580336 294.39555277419277 55071.492525112786 253.86274588957895 117.95332630071789 1830.9888440321665 87.445272071054205 246.7855714133475 252.04275639588013 158.20414178003557 291.28342669992708 443.93776810367126 142.53649589326233 247.70317374588922 82.306433386635035
leaf_count=6277 6161 665579 5473 1721 23980 1615 3370 4174 2459 3493 7354 1691 3788 1213
internal_value=-0.000155383 -0.000262211 0.00116207 0.00149363 0.00107576 -0.00126395 -0.00520245 0.000399048 0.00469744 0.0022938 -0.000397423 -0.00126734 0.000413481 0.00317877
internal_weight=59815.9 55366.4 4449.45 4155.05 3901.19 1334.98 364.739 970.238 245.649 2566.21 735.221 724.589 582.052 330.01
internal_count=738348 671856 66492 60331 54858 20031 5091 14940 4074 34827 10847 10866 9175 5001
is_linear=0
shrinkage=0.03


Tree=229
num_leaves=15
num_cat=0
split_feature=23 1 33 30 24 24 18 11 3 19 29 12 33 30
split_gain=6.06585 10.0742 8.444 6.51797 6.9379 7.6407 6.62325 6.34107 6.77855 5.7484 7.41155 7.25303 6.72333 10.0387
threshold=-0.79499999999999993 1352.0000000000002 182.50000000000003 968.50000000000011 0.12766202026792947 0.32654908335800736 -5.533333333333327 37.500000000000007 54.250000000000007 -3.6631481481481418 0.17814785550587606 83.050000000000011 42.500000000000007 752.50000000000011
decision_type=8 2 2 10 10 10 10 2 2 10 8 10 2 10
left_child=1 7 3 4 -3 -6 -5 8 -1 -10 12 -12 -11 -14
right_child=-2 2 -4 6 5 -7 -8 -9 9 10 11 -13 13 -15
leaf_value=-0.0022544527456495153 -0.00018709934151832448 0.0050685466623362745 -0.0016184584922006627 -0.0014926148855307915 -0.0050750328998885588 0.0036204551112530283 0.0095648619708811212 -0.0049607973913507178 -0.002733736752649445 -0.0014796806756371423 0.0038640479990079721 -0.0048095409919453394 0.006769212146767704 0.0022138101704330111
leaf_weight=220.62759729370009 54712.721922451514 126.46353269414976 1708.0326947378926 51.861641045194119 209.65485673490912 96.774554149713367 116.99672911968082 64.20477057248354 119.34307427797467 173.33487007720396 101.68060128204525 158.48441440146416 809.05655111325905 1035.5098561218474
leaf_count=2195 697083 1483 13500 697 1850 654 807 592 1952 1441 614 872 5915 7639
internal_value=-9.54986e-05 0.000900347 -0.000547506 0.00238328 0.00022375 -0.00220623 0.00660363 0.00213435 0.00239806 0.00286353 0.00320917 -0.0013432 0.00381439 0.0043378
internal_weight=59704.7 4992.03 2309.78 601.751 432.893 306.429 168.858 2682.24 2618.04 2397.41 2278.07 260.165 2017.9 1844.57
internal_count=737294 40211 18991 5491 3987 2504 1504 21220 20628 18433 16481 1486 14995 13554
is_linear=0
shrinkage=0.03


Tree=230
num_leaves=15
num_cat=0
split_feature=22 2 19 23 19 11 14 16 34 4 4 23 29 12
split_gain=6.17107 8.02823 6.86972 4.90177 6.84783 6.84204 9.67777 7.70139 6.91263 6.52997 7.67988 5.67836 5.36975 15.0949
threshold=11.500000000000002 4.5000000000000009 1.0260582010582058 -0.50499999999999989 -2.4699999999999949 42.500000000000007 65.850000000000009 74.450000000000017 -0.00066994768227388859 4.5178571428571432 3.0833333333333326 -2.9949999999999997 0.065754239082631588 59.350000000000001
decision_type=10 8 10 8 10 2 8 10 2 2 2 10 10 10
left_child=3 -2 -3 4 11 6 8 -8 -6 10 -9 -1 13 -5
right_child=1 2 -4 12 5 -7 7 9 -10 -11 -12 -13 -14 -15
leaf_value=-0.0078526513019893853 -0.0040272347501904802 0.0029729630684200391 -0.0029898881099553504 -0.0021919269907767509 0.00043085817456114614 -0.0052074028986882756 -0.0051214952589019999 0.0010955067212997977 0.0084217389136696831 -0.0050164686392856154 0.005597260179535277 -0.0004469935038710803 -3.8528425913580325e-05 0.0018021521981467581
leaf_weight=76.675475697033107 683.66437953768764 375.26962781173643 245.38799370219931 1028.7865922615165 154.0999325630255 92.55198189499788 125.81719198217615 3923.0420978814363 244.21519962651655 94.870528743602335 329.71466912911274 378.28944025142118 48014.016095351224 4062.3082448003115
leaf_count=972 14418 10134 2580 30380 1264 846 1193 28958 1883 557 1991 6394 569001 67235
internal_value=0.000102022 -0.00190022 0.000568299 0.00014823 0.00100341 0.00133101 0.00150686 0.00107234 0.00572308 0.00130778 0.00150551 -0.00234904 6.00987e-05 0.000981578
internal_weight=59828.7 1304.32 620.658 58524.4 5419.28 4964.31 4871.76 4473.44 398.315 4347.63 4252.76 454.965 53105.1 5091.09
internal_count=737806 27132 12714 710674 44058 36692 35846 32699 3147 31506 30949 7366 666616 97615
is_linear=0
shrinkage=0.03


Tree=231
num_leaves=15
num_cat=0
split_feature=18 14 23 13 15 29 13 32 25 27 14 26 18 11
split_gain=5.45251 6.84825 10.0897 8.54379 6.81928 5.50815 5.50233 8.44273 9.48261 6.05969 6.40662 6.08154 4.4157 14.9168
threshold=-29.066666666666663 45.650000000000013 1.1950000000000001 51.050000000000004 59.916666666666679 0.084849449298844609 46.150000000000013 0.048532488309131185 0.14661170817355804 218.50000000000003 54.750000000000007 -0.17000061471405972 -11.966666666666645 3.5000000000000004
decision_type=8 8 10 10 10 8 8 2 10 10 8 10 8 2
left_child=-1 2 -2 5 -5 -4 7 -3 9 10 -9 -12 13 -8
right_child=1 6 3 4 -6 -7 12 8 -10 -11 11 -13 -14 -15
leaf_value=-0.0042117267828909446 -0.0032599613295031245 -0.0047799399385092672 0.0034212394816427946 0.0081951729243118516 -0.00034569116613211736 -0.0074585835998710413 0.0017961584879872797 -0.0015327903441356646 -0.0033118700931220654 -0.0017932895657742042 -0.002627181877203798 0.0093155546013167379 2.0254701055404254e-06 -0.0020117062687962633
leaf_weight=228.95940234803129 146.1698568793945 75.248584557441063 37.494977718451992 333.52598648762796 102.7405919340672 40.558956887340173 1234.9955434696749 53.514584392309189 97.672300857491791 63.54445778299123 21.505120708839968 318.54752144170925 53795.759031431779 3304.2810021478217
leaf_count=13715 1579 2774 1255 6880 1292 926 36224 1215 1044 1455 242 6202 564426 98733
internal_value=-2.73039e-05 -7.72048e-06 0.00292003 0.00480961 0.00635508 -0.00293705 -4.29615e-05 0.00264007 0.00395846 0.0056853 0.00695881 0.00832033 -7.4175e-05 -0.000967423
internal_weight=59854.5 59625.6 660.49 514.321 436.267 78.0539 58965.1 630.033 554.784 457.112 393.567 340.053 58335 4539.28
internal_count=737962 724247 11932 10353 8172 2181 712315 12932 10158 9114 7659 6444 699383 134957
is_linear=0
shrinkage=0.03


Tree=232
num_leaves=15
num_cat=0
split_feature=24 24 25 14 24 26 20 14 18 19 14 24 2 16
split_gain=5.54347 6.14108 7.08156 6.36209 4.96867 5.52156 4.70492 6.92793 5.78617 4.44802 6.02515 8.22977 7.23283 6.15562
threshold=0.0054295146008225036 0.0079075346623624157 0.012691571315729256 63.650000000000013 0.013391731972591294 -0.0082678736832199774 343.50000000000006 60.550000000000004 -3.8666666666666702 12.083333333333334 82.750000000000014 0.25442766954129409 4.5000000000000009 75.950000000000017
decision_type=8 8 8 8 10 10 10 10 10 10 8 10 10 10
left_child=-1 3 4 -2 5 -3 9 8 -8 -4 12 13 -11 -12
right_child=1 2 6 -5 -6 -7 7 -9 -10 10 11 -13 -14 -15
leaf_value=-0.0042798273534112273 -0.0018229579543435422 -0.0084603699630601773 0.00011064142121658215 0.0078088716537660346 0.0028403069527322246 0.00043039204304179949 -0.0034656769149864885 -0.0065747556415382815 0.0050099418481762683 0.0044948995986074901 -0.0062066670996683447 0.0036248224774984004 -0.00019691182504205613 -0.00029842358219060874
leaf_weight=206.72947006637696 69.010370683274232 154.88767322176136 56313.884595251933 133.10319888987578 43.095093053299934 83.992567853652872 95.55375731328968 177.91849163651932 96.491611291887239 781.99694410944358 157.9296633428894 322.33613960398361 452.47940198332071 694.23308614036068
leaf_count=7978 3556 5857 691164 4231 1574 3965 2238 3571 951 4138 973 1523 2398 3637
internal_value=0.00011946 0.000138301 0.000118362 0.00481084 -0.00425133 -0.00580087 0.000142789 -0.00302177 0.000948054 0.00016528 0.00141433 -0.000133111 0.00283446 -0.00167669
internal_weight=59783.6 59576.9 59374.8 202.114 281.975 238.88 59092.8 369.964 192.045 58722.9 2408.98 1174.5 1234.48 852.163
internal_count=737754 729776 721989 7787 11396 9822 710593 6760 3189 703833 12669 6133 6536 4610
is_linear=0
shrinkage=0.03


Tree=233
num_leaves=15
num_cat=0
split_feature=19 23 0 30 4 3 18 0 25 10 2 18 29 18
split_gain=5.37516 7.70225 5.28524 4.9853 4.76611 5.46068 5.16912 9.54206 10.2512 8.08585 7.43341 8.49981 7.94384 6.83801
threshold=-13.950000000000005 30.250000000000004 9.5000000000000018 403.50000000000006 4.5178571428571432 64.250000000000014 -6.2333333333333298 7.5000000000000009 0.055647228138920556 349.50000000000006 4.5000000000000009 -7.5333333333333412 0.11448060735071171 -7.166666666666667
decision_type=8 10 2 10 2 2 10 2 8 2 10 10 10 10
left_child=1 2 -1 -3 6 -6 7 13 10 -10 -9 -12 -13 -2
right_child=4 3 -4 -5 5 -7 -8 8 9 -11 11 12 -14 -15
leaf_value=-0.0074347146403266669 -0.0011325059996242785 -0.0035434551323456406 -0.00072594260782068054 0.0079018505302382389 -0.0032075091725527185 0.0035705435566172465 0.00026931105622344376 0.00034475583112773768 -0.00014939891573935332 -0.003078769914596853 0.0046202380806235907 -0.0057963520461087577 0.0051114291860628281 -0.0048074278242244009
leaf_weight=205.8225547762122 3437.2594376101333 18.175360015127808 200.49657310009934 44.069020591210574 668.06230549421161 83.127610336523503 36219.664906340651 1607.0323688708013 14831.343318009865 849.95234678254928 921.42727255506907 118.39132560999133 47.527966791763902 487.30775445466861
leaf_count=8612 42958 735 13343 1331 5717 643 304131 51466 255279 13767 31328 2272 637 4544
internal_value=-9.81051e-06 -0.00305087 -0.00456657 0.00447009 1.67816e-05 -0.00228142 4.82049e-05 -0.000310711 -2.2363e-05 -0.000317457 0.00166958 0.00352635 -0.0022117 -0.00164355
internal_weight=59739.7 468.564 406.319 62.2444 59271.1 751.19 58519.9 22300.2 18375.7 15681.3 2694.38 1087.35 165.919 3924.57
internal_count=736763 24021 21955 2066 712742 6360 706382 402251 354749 269046 85703 34237 2909 47502
is_linear=0
shrinkage=0.03


Tree=234
num_leaves=15
num_cat=0
split_feature=16 23 23 25 1 4 22 4 19 9 13 29 4 13
split_gain=5.30454 5.85331 8.8924 7.25836 7.16723 5.75244 5.64578 6.23627 5.01742 4.61801 5.88739 4.54172 5.18128 4.51234
threshold=63.050000000000004 6.3050000000000006 9.0050000000000008 0.039034002180318834 1448.5000000000002 -1.3449519230769231 4.5000000000000009 -1.7958333333333305 0.70580808080807611 84.500000000000014 60.45000000000001 0.15403017591779666 0.98684210526315763 93.350000000000009
decision_type=8 10 10 10 2 2 10 2 10 2 10 10 2 10
left_child=1 5 4 11 6 -1 -3 -8 -5 -9 -11 12 -4 -2
right_child=13 2 3 8 -6 -7 7 9 -10 10 -12 -13 -14 -15
leaf_value=0.0018901194054067147 2.1341701707407882e-05 -0.0037337235717697374 -0.0096847775888330278 0.0032983367309373872 -0.0049688991553508708 -0.0063989225446343797 -0.0027067075621378571 -0.0019859514564321947 -0.00562993216190214 0.011764942909355825 -0.0023235945848979608 0.0031206623675107733 0.00069248284813988072 -0.0017639424836006167
leaf_weight=70.644987889099866 57480.038850065903 19.441448515281081 144.13059263653122 167.80810126720462 31.161419067764655 313.72627408034168 26.662897346890531 15.334366726223378 27.806279009673744 142.27074537985027 13.951949576847253 14.503865463891996 47.576451413217001 1253.042637998471
leaf_count=1917 690463 402 9820 5026 1292 6666 1012 376 312 4659 383 386 2850 11925
internal_value=-5.66278e-05 -0.00213514 -0.000310061 -0.00294558 0.00372677 -0.00483325 0.00566733 0.00715575 0.00114147 0.00895347 0.0102484 -0.00628875 -0.00749892 -1.82145e-05
internal_weight=59768.1 1035.02 650.648 401.825 248.823 384.371 217.661 198.22 195.614 171.557 156.223 206.211 191.707 58733.1
internal_count=737489 35101 26518 18394 8124 8583 6832 6430 5338 5418 5042 13056 12670 702388
is_linear=0
shrinkage=0.03


Tree=235
num_leaves=15
num_cat=0
split_feature=13 21 20 17 13 2 34 19 19 3 28 13 3 15
split_gain=5.92841 8.88162 5.88063 5.28194 7.06604 6.94235 6.3705 6.29137 10.2041 8.21639 5.38643 4.92546 10.0011 12.8102
threshold=55.650000000000013 0.28730158730158734 6.5000000000000009 70.262916666666683 19.450000000000003 2.5000000000000004 -0.00527515151659532 0.27394179894179876 3.518783068783073 59.250000000000007 -0.74999999999999989 67.15000000000002 57.750000000000007 74.683333333333351
decision_type=8 10 10 10 10 10 2 10 10 2 10 8 2 8
left_child=1 2 -1 4 -4 -5 -7 -6 9 -9 -10 12 -2 -14
right_child=11 -3 3 5 7 6 -8 8 10 -11 -12 -13 13 -15
leaf_value=0.004409361220140736 0.0015436613844416504 0.0066703949611604061 0.00419355338523285 0.0073538122964190841 -0.0043590229471435786 0.0040991886351059827 -0.0043692920125396745 0.0059629146506416496 0.0023774918206968978 -0.004154657246852587 -0.0066033409634019434 -0.00012907533233893901 -0.0010525785905717831 0.0070363801596048216
leaf_weight=80.305472794920206 4738.6297036391916 65.140037328470498 79.554911412647925 64.7495881782379 1276.9031524055172 79.9736157116713 165.6109943757765 205.30226178676821 52.58478344976902 60.316018153447658 177.85587332211435 49452.53829836013 3098.4393938203575 136.96145504480228
leaf_count=1860 87411 846 2112 876 39263 1485 2628 2543 478 571 1457 553310 40982 1354
internal_value=-7.7883e-05 -0.00155207 -0.00193108 -0.00226081 -0.002858 0.00120601 -0.00138465 -0.00328076 -0.000360209 0.00337123 -0.00449548 -1.73285e-05 0.000672178 -0.000608281
internal_weight=59734.9 2308.3 2243.16 2162.85 1852.52 310.334 245.585 1772.96 496.059 265.618 230.441 57426.6 7974.03 3235.4
internal_count=737176 54119 53273 51413 46424 4989 4113 44312 5049 3114 1935 683057 129747 42336
is_linear=0
shrinkage=0.03


Tree=236
num_leaves=15
num_cat=0
split_feature=4 24 4 10 32 31 18 17 24 22 14 14 16 9
split_gain=7.35767 8.35584 11.0291 10.7123 7.98568 9.32226 7.05142 6.85232 11.7057 7.34758 11.6937 7.20699 9.87117 6.72777
threshold=1.8651515151515172 0.03073931728645422 3.4166666666666683 50.500000000000007 0.09950859654206512 0.0076834436806062145 -5.8000000000000069 86.402631578947378 0.16562466134729978 4.5000000000000009 85.450000000000017 73.15000000000002 83.450000000000017 78.500000000000014
decision_type=2 8 2 2 2 10 10 10 10 8 10 8 10 2
left_child=13 2 4 -4 5 6 -2 9 -9 10 11 12 -3 -1
right_child=1 7 3 -5 -6 -7 -8 8 -10 -11 -12 -13 -14 -15
leaf_value=-0.00021379786019461571 -0.0050628134125350827 -0.0013287220228896618 0.0036584143858540449 -0.010193360874441037 -0.0042689631500799361 0.0075916001856058176 0.0028430221813602373 -0.0057182269604907519 0.00088261198244550196 0.00080777392285110296 0.0030897168542484412 -0.0021614743720963815 0.0033367583180339221 0.00049322819729658604
leaf_weight=23261.383988607937 155.23114466608968 1191.2390384061728 34.823384075891227 222.78172069368884 346.82947524206247 105.02474523044657 155.39206323144026 498.80915058171377 411.25238170335069 3907.7969387744088 551.74200874660164 3275.7629527561367 558.33107610209845 25174.498024673085
leaf_count=300957 4450 9525 492 2924 4686 1665 1803 5150 2782 41033 4080 23641 4242 330429
internal_value=-7.81059e-06 -0.000691266 -0.00321706 -0.00803057 -0.00119668 0.00155004 -0.00126202 -0.000429189 -0.00284472 -0.000183719 -0.000879453 -0.00134138 0.000211491 0.000153808
internal_weight=59850.9 11415 1020.08 257.605 762.477 415.648 310.623 10394.9 910.062 9484.87 5577.08 5025.33 1749.57 48435.9
internal_count=737859 106473 16020 3416 12604 7918 6253 90453 7932 82521 41488 37408 13767 631386
is_linear=0
shrinkage=0.03


Tree=237
num_leaves=15
num_cat=0
split_feature=27 18 33 15 19 30 34 7 12 30 26 33 16 24
split_gain=8.60655 10.3922 11.1232 8.87609 10.6853 13.1455 14.3985 9.95744 8.84 7.82395 8.4595 8.155 9.81646 7.31896
threshold=-124.49999999999999 -3.4000000000000017 2477.5000000000005 58.51666666666668 0.22000000000000244 283.50000000000006 0.00592545315685232 5.5000000000000009 92.050000000000011 3248.5000000000005 -0.039318421661161486 64.500000000000014 71.65000000000002 0.093413069597808832
decision_type=8 10 2 8 10 10 2 10 10 8 10 2 10 10
left_child=1 9 -3 4 5 6 -2 -7 -4 11 -11 12 -1 -6
right_child=3 2 8 -5 13 7 -8 -9 -10 10 -12 -13 -14 -15
leaf_value=0.0058584116250050486 -0.0050878085386755791 0.0006121084112367636 -0.0063567090278908263 5.591592213344205e-05 0.0089024247628569086 0.0043995122056262569 0.0041722931887976733 -0.0024494335649495875 0.0038916003498028033 0.0064412674641238657 -0.0043497962563730716 -0.0026428091391379918 -0.0012381910152593453 0.00048000155786092578
leaf_weight=186.25668411690276 451.10209108202253 4342.0654964642599 316.11124790064059 48190.650607712858 247.1353506243322 815.90705780463759 172.86213423172012 209.91314734565094 59.442336211679503 155.52602286357433 54.757319840369746 3841.0262847114354 636.671511876164 143.74743013922125
leaf_count=5504 14036 36878 2537 547292 3051 28034 4394 7982 548 2402 1241 69478 13108 1247
internal_value=-1.84596e-05 -0.00083948 0.000165085 0.000138996 0.00205269 0.0009138 -0.00240319 0.00294931 -0.00446796 -0.00180357 0.0033355 -0.0020682 0.000611572 0.00621078
internal_weight=59823.2 9591.86 4717.62 50231.3 2040.67 1649.78 623.964 1025.82 375.554 4874.24 210.283 4663.95 822.928 390.883
internal_count=737732 131696 39963 606036 58744 54446 18430 36016 3085 91733 3643 88090 18612 4298
is_linear=0
shrinkage=0.03


Tree=238
num_leaves=15
num_cat=0
split_feature=29 16 21 25 33 23 3 8 34 10 10 23 16 16
split_gain=6.62931 8.97937 10.3758 11.0607 9.22489 7.73586 10.31 9.99473 10.1698 8.40047 8.79663 8.11238 11.0886 10.7873
threshold=0.049785866255823347 87.450000000000017 0.043717152412804598 0.12316900132322584 486.50000000000006 3.8050000000000002 60.750000000000007 1.5000000000000002 0.0067470053774038264 15.500000000000002 335.50000000000006 4.4850000000000012 84.050000000000011 67.350000000000009
decision_type=8 10 8 10 2 10 2 2 2 2 2 10 10 10
left_child=1 2 3 -1 -4 -2 7 -7 9 -9 11 12 13 -11
right_child=5 -3 4 -5 -6 6 -8 8 -10 10 -12 -13 -14 -15
leaf_value=-0.0017243711506609522 -0.00020222415996443751 0.0036698598099215345 -0.0064693809855050615 0.0069226775510112994 0.0013446684382565459 -0.0031325608285523894 -0.0018481409390463726 0.0034718173529021297 0.0019351246271225181 -0.0050986770741900779 0.002876271243878042 -0.00050870894234145646 -0.001243138554621828 0.0045477126282533935
leaf_weight=647.26941535063088 39206.135701351566 191.35941043030471 619.05490721040405 114.55841370986309 151.47519066859968 532.27747536578681 1456.9473798105028 681.97671477496624 5424.7343991035596 75.034693257184699 919.84379077854101 8192.9503942664014 654.69449534337036 948.64249019566341
leaf_count=18230 391756 3009 13344 1366 2659 9591 16776 12536 82136 1464 15513 148165 8325 12667
internal_value=-1.70816e-05 -0.00182378 -0.0026041 -7.78077e-05 -0.00494492 3.80481e-05 0.000536026 0.000740029 0.000870897 0.000361495 0.000149824 -0.000117451 0.00175193 0.00363613
internal_weight=59817 1723.72 1532.36 761.828 770.53 58093.2 18887.1 17430.2 16897.9 11473.1 10791.2 9871.32 1678.37 1023.68
internal_count=737537 38608 35599 19596 16003 698929 307173 290397 280806 198670 186134 170621 22456 14131
is_linear=0
shrinkage=0.03


Tree=239
num_leaves=15
num_cat=0
split_feature=23 20 14 33 14 20 24 16 11 1 20 33 30 23
split_gain=5.15004 9.67058 9.75889 7.13714 8.19575 6.84609 6.78487 6.45975 6.10065 8.37864 7.1486 6.70493 6.30084 6.08072
threshold=-0.79499999999999993 83.500000000000014 74.850000000000009 72.500000000000014 56.650000000000013 130.50000000000003 0.20627135646498521 76.450000000000017 8.5000000000000018 1201.0000000000002 14.500000000000002 4252.5000000000009 2950.5000000000005 1.405
decision_type=8 10 8 2 10 10 10 10 2 2 10 2 10 8
left_child=1 2 3 -1 -5 -3 -7 -4 11 -10 -11 12 -9 -2
right_child=13 5 7 4 -6 6 -8 8 9 10 -12 -13 -14 -15
leaf_value=-0.0013424371502948193 -0.00059784753418694737 -0.0070821373629806417 -0.0061545088580355414 -0.0025410355619687082 0.0048408178074221941 -0.0049587878233537715 0.0027519768447411249 0.001549841966167888 0.0023554394550003611 0.00043339643112871737 -0.0050672972794094644 -0.0049332946740943137 0.0074831348922291827 0.0001242675847792534
leaf_weight=232.63380569824949 14085.744188714307 160.6466131771449 81.821781683014706 120.71546938293613 1202.7956203774083 114.60479508107528 223.25470603187568 1392.0935075776652 411.36919488594867 365.376173381228 435.42358327331021 77.485399552155286 140.73375531192869 40704.84489239438
leaf_count=2267 125903 1445 806 1202 10417 1410 1899 9634 3113 2680 3569 499 913 571251
internal_value=2.23714e-05 0.000943173 0.00139241 0.00326953 0.00409954 -0.00283694 -0.000165652 0.000348321 0.000640681 -0.000945227 -0.00267955 0.00182699 0.00231377 -6.1752e-05
internal_weight=59749.5 4958.95 4460.45 1556.14 1323.51 498.506 337.86 2904.3 2822.48 1212.17 800.8 1610.31 1532.83 54790.6
internal_count=737008 39854 35100 13886 11619 4754 3309 21214 20408 9362 6249 11046 10547 697154
is_linear=0
shrinkage=0.03


Tree=240
num_leaves=15
num_cat=0
split_feature=4 35 26 23 23 5 1 3 33 33 10 10 26 23
split_gain=9.10481 6.47699 8.06669 6.03636 5.95607 7.05765 6.25758 10.559 6.98244 6.79524 9.55383 6.5829 5.63191 5.17066
threshold=4.5178571428571432 11.500000000000002 -0.093534414942378338 -4.4949999999999992 -0.99499999999999988 3.5000000000000004 1210.5000000000002 56.750000000000007 74.500000000000014 333.50000000000006 302.50000000000006 304.50000000000006 -0.043161219915385823 -2.5049999999999994
decision_type=2 2 10 8 8 2 2 2 2 2 2 2 8 10
left_child=1 3 -3 -1 5 -5 8 13 -7 11 -11 -10 -2 -8
right_child=12 2 -4 4 -6 6 7 -9 9 10 -12 -13 -14 -15
leaf_value=-0.0035818862729239168 -0.00084203053172362456 0.0037496716644697154 -0.0070640983640066907 -0.00058193007364120742 -3.3036059615404295e-05 -0.0018642859828403157 -0.0010532317378057422 -0.0012309335350443177 0.0095076145979585483 0.0007299828761064812 0.0095666800824153863 -0.0012715080871115632 -0.0059996331737048204 0.0054539707172892747
leaf_weight=365.17507092701271 443.84087741840631 48.969037085305899 183.80998469260521 1331.638490147423 54507.354101916077 147.88431329466403 126.72228295658715 907.08000914636068 272.30452447617427 566.71312825381756 89.762061215471476 47.6381448013708 311.70710590458475 396.67208886123262
leaf_count=2325 3547 5334 22515 9849 669406 1361 1067 7056 2280 4243 678 421 2863 3767
internal_value=-4.23019e-05 9.55229e-07 -0.00452847 2.27339e-05 4.8321e-05 0.00117529 0.0020848 0.000724028 0.0037116 0.00460577 0.00252981 0.00794772 -0.00321016 0.00392401
internal_weight=59747.3 58991.7 232.779 58758.9 58393.8 3886.42 2554.78 1430.47 1124.3 976.418 656.475 319.943 755.548 523.394
internal_count=736712 730302 27849 702453 700128 30722 20873 11890 8983 7622 4921 2701 6410 4834
is_linear=0
shrinkage=0.03


Tree=241
num_leaves=15
num_cat=0
split_feature=24 14 15 6 10 17 20 6 20 26 27 26 24 10
split_gain=7.33536 7.92787 8.26103 10.2015 7.46921 9.11859 7.06313 10.8635 9.68875 6.82898 6.7736 6.16289 8.58079 12.6339
threshold=0.0054295146008225036 75.65000000000002 76.141666666666694 0.87083333333333346 236.50000000000003 69.686335403726716 76.500000000000014 0.10555555555555557 132.50000000000003 -0.016286572422187204 -200.49999999999997 -0.020387081508820504 0.031352760536208148 230.50000000000003
decision_type=8 8 10 2 2 10 10 2 10 10 10 10 10 2
left_child=-1 2 6 4 5 -4 11 -8 -9 -10 -11 12 13 -2
right_child=1 -3 3 -5 -6 -7 7 8 9 10 -12 -13 -14 -15
leaf_value=-0.0050471399289589419 -0.0049204995297473268 -0.00021731829659649241 -0.005459170299383042 -0.0017464561349701795 0.00057270492707500503 0.0045572103932083529 0.0061515219890304037 -0.0044074938828772003 0.00065388455648349034 0.0020498862852389929 -0.0079647122553758928 0.0015104812503019874 0.00039439721907583283 0.0014036683702587417
leaf_weight=203.88565074710641 631.01933060295414 35968.49837567308 45.629894926445559 506.61339311371557 881.02010482666083 1430.4181317745242 116.68854845687747 769.17259588942397 1173.1455218279734 66.34415752615314 128.68069378728978 3981.9615759977605 13444.52056305611 457.3075301698409
leaf_count=7951 12267 401847 405 4914 8061 13270 2063 12371 19162 1882 3006 74894 166692 9208
internal_value=4.14389e-05 6.3062e-05 0.000489356 0.00198567 0.00280745 0.00407885 0.000278766 -0.00128903 -0.00182658 -0.000271372 -0.00483481 0.00047259 0.000184006 -0.0023182
internal_weight=59804.9 59601 23632.5 2863.68 2357.07 1476.05 20768.8 2254.03 2137.34 1368.17 195.025 18514.8 14532.8 1088.33
internal_count=737993 730042 328195 26650 21736 13675 301545 38484 36421 24050 4888 263061 188167 21475
is_linear=0
shrinkage=0.03


Tree=242
num_leaves=15
num_cat=0
split_feature=11 31 34 31 12 34 35 24 9 22 3 34 25 32
split_gain=5.11988 7.71046 13.1225 10.3178 9.33733 7.36959 7.15562 8.35116 8.01107 9.60453 7.2562 6.78508 6.46188 6.46598
threshold=16.500000000000004 0.016315324726265856 0.0079244357591644488 0.013604034311431762 83.050000000000011 -0.0010141436737547071 3.5000000000000004 0.15006636053369096 94.500000000000014 2.5000000000000004 54.250000000000007 -0.014964431051965288 0.10087834042417927 0.084536697953531317
decision_type=2 10 2 8 10 2 2 10 2 10 2 2 10 2
left_child=-1 3 5 6 -4 -3 -2 8 10 -10 11 -8 -11 -14
right_child=1 2 4 -5 -6 -7 7 -9 9 12 -12 -13 13 -15
leaf_value=0.00018613338181945569 0.00015905303409364759 0.0014457666279718453 0.0065785357456765994 -0.0046037521909018343 -0.0022231638275397418 -0.0033311826576236576 -0.0048352530994972033 -0.0037766347747968903 -0.0056368548753440856 0.0067522924147685208 -0.0017592776357234663 0.0028826110546761826 -0.0049274931862194823 0.0037768532222999963
leaf_weight=45588.862851432175 6350.1756094880402 659.12186142953578 470.91245700372383 538.81035055383109 110.37363128666766 444.30140352342278 76.726992879877798 965.33603663532995 66.065759368473664 268.39022303395905 3450.4619366372935 550.76131194422487 85.704037319635972 126.97388502699323
leaf_count=541993 41674 7827 4672 6261 914 4698 2726 17458 1168 6952 79814 17371 1938 2365
internal_value=3.13124e-05 -0.000465899 0.00141172 -0.000723998 0.00486357 -0.00053873 -0.000530459 -0.00130815 -0.000758048 0.0025042 -0.00122077 0.0016517 0.00404767 -1.05198e-06
internal_weight=59753 14164.1 1684.71 12479.4 581.286 1103.42 11940.6 5590.42 4625.08 547.134 4077.95 627.488 481.068 212.678
internal_count=737831 195838 18111 177727 5586 12525 171466 129792 112334 12423 99911 20097 11255 4303
is_linear=0
shrinkage=0.03


Tree=243
num_leaves=15
num_cat=0
split_feature=16 21 33 35 19 26 26 4 31 34 1 32 32 16
split_gain=7.83524 8.10518 7.63808 8.34466 10.551 8.4169 7.63717 12.4012 9.33534 10.8031 8.44032 7.91198 10.1649 13.9174
threshold=74.65000000000002 0.39009661835748799 89.500000000000014 3.5000000000000004 -1.969570707070712 -0.12928149158504837 -0.059966400662189556 3.5124999999999997 0.035837301955361105 -0.00078669751070041191 2130.5000000000005 0.13457183445797735 0.14737026518644197 89.750000000000014
decision_type=8 10 2 2 10 10 10 2 10 2 2 2 2 10
left_child=1 2 3 5 -5 -1 8 10 -2 -10 11 -8 13 -13
right_child=6 -3 -4 4 -6 -7 7 -9 9 -11 -12 12 -14 -15
leaf_value=0.0029071868274121076 -0.00017590212097316239 -0.0064675811100934101 -0.0011470574054840347 -0.00057334508486015423 0.0047678846046672069 -0.00268052562051675 0.0011197491985465559 -0.0024961191478201378 -0.0017566463318084615 0.0061701992657528975 0.0036948745693468218 -0.00026511357902774771 0.00062771919361787217 -0.005898427982743492
leaf_weight=295.79639979451895 30643.923929043231 169.50796148087829 6538.2450073912041 579.2269176680129 702.97045046486892 783.93026010878384 12055.169069036841 1015.6979086496867 210.96794360456988 388.31475817644969 837.11692656227387 1222.8424843489192 3806.3760400591418 536.41193654574454
leaf_count=1893 313197 2025 111444 28614 15402 5496 179960 9440 2011 3096 11857 12305 34399 5949
internal_value=4.45578e-05 -0.000765109 -0.000620978 0.000828896 0.00242405 -0.00108883 0.000189961 0.000655452 -0.000100759 0.0034593 0.000835151 0.000689223 -0.000244965 -0.0020983
internal_weight=59786.5 9069.68 8900.17 2361.92 1282.2 1079.73 50716.8 19473.6 31243.2 599.283 18457.9 17620.8 5565.63 1759.25
internal_count=737088 164874 162849 51405 44016 7389 572214 253910 318304 5107 244470 232613 52653 18254
is_linear=0
shrinkage=0.03


Tree=244
num_leaves=15
num_cat=0
split_feature=24 22 5 34 30 12 30 34 24 20 13 30 32 34
split_gain=6.15766 4.54076 9.10464 8.36307 8.45456 8.23426 7.80098 13.6403 9.68691 9.73168 8.20207 7.99915 7.9787 13.3183
threshold=0.005486798870749412 6.5000000000000009 8.5000000000000018 0.026946815852250876 40.500000000000007 87.250000000000014 819.50000000000011 -0.011964167000280765 0.18274173427923304 143.50000000000003 92.550000000000011 945.50000000000011 0.11032873548605816 -0.00089447808989182563
decision_type=8 8 2 2 10 10 8 2 10 10 10 8 2 2
left_child=-1 -2 3 6 -5 -4 10 -8 11 -10 -3 -9 -13 -14
right_child=1 2 5 4 -6 -7 7 8 9 -11 -12 12 13 -15
leaf_value=-0.00427630932289178 -0.00023078717610948982 -0.00032087659624758082 0.0021985215832114715 0.004528534129501648 -0.0035011278792540135 -0.0052677857330629243 0.0044118741646513139 0.0035729468172916124 0.0065915726485761975 -0.003124956446887624 -0.0078294660195261118 -0.0018362585009525157 0.0038648693169674375 -0.00052323396426748466
leaf_weight=263.51883724774234 41900.566462086397 6951.6153665173333 2782.2184627525276 91.410402846522629 888.63926611235365 92.891111517790705 844.31965717067942 481.28344188758638 346.10549218975939 88.255674818530679 83.625679426826537 1847.6086622785078 790.38485872233286 2365.5734090695623
leaf_count=10543 432779 116751 59836 1042 12018 1670 15216 7728 3210 840 1045 37806 9297 28083
internal_value=-8.29293e-05 -6.08026e-05 0.000342158 3.93537e-05 -0.00256872 0.00187137 0.000233196 0.000957265 0.00043167 0.00449853 -0.000464751 7.18746e-05 -0.000296906 0.000618869
internal_weight=59818 59554.5 17653.9 14778.8 980.05 2875.11 13798.8 6763.53 5919.21 434.361 7035.24 5484.85 5003.57 3155.96
internal_count=737864 727321 294542 233036 13060 61506 219976 102180 86964 4050 117796 82914 75186 37380
is_linear=0
shrinkage=0.03


Tree=245
num_leaves=15
num_cat=0
split_feature=15 29 29 21 31 18 27 12 18 9 24 15 4 26
split_gain=5.74972 4.70274 5.68013 5.56806 11.5312 7.98198 10.396 7.26928 6.98804 5.14537 7.40973 5.94124 5.07651 7.06636
threshold=43.783333333333346 0.051808906936939972 0.055300606477872168 0.043717152412804598 -0.022859192654120949 -6.4666666666666641 36.500000000000007 69.050000000000011 -9.3499999999999961 20.500000000000004 0.03997065222269388 74.783333333333346 4.5178571428571432 -0.16637801920448061
decision_type=8 10 10 8 8 10 10 10 10 2 8 8 2 10
left_child=-1 3 9 4 -2 8 -7 -8 -6 -3 -11 -12 -4 -14
right_child=1 2 12 -5 5 6 7 -9 -10 10 11 -13 13 -15
leaf_value=-0.0044381527404703212 0.0054453325886541391 0.0085420592086485787 5.8323366055663582e-05 -0.0028174372399684851 -0.0015402523292884149 -0.0082933144012449465 -0.0048435511391432028 0.0059056502370053261 0.0065132070461902322 0.0063333146634720495 -0.0036181871239695392 0.0027938912331258894 0.0025278200252940278 -0.0039731007863931661
leaf_weight=212.89626405003946 232.77799073443748 68.007381619419903 56222.089288749237 1077.1944490548922 225.21886335033923 201.72217593900859 51.689815051620826 82.075387452263385 103.50839192792773 142.7673136824742 229.79867554153316 194.84860065346584 162.99129482917488 546.31430319952779
leaf_count=10316 4329 975 667325 20942 10840 2420 659 907 2239 4043 3694 2709 1163 4856
internal_value=-1.12906e-05 8.24871e-06 5.81733e-05 -0.00141302 0.00033325 -0.0017141 -0.00466983 0.00156423 0.00152069 0.00277289 0.00144566 -0.000691637 2.54673e-05 -0.00241117
internal_weight=59753.9 59541 57566.8 1974.19 896.993 664.215 335.487 133.765 328.727 635.422 567.415 424.647 56931.4 709.306
internal_count=737417 727101 684765 42336 21394 17065 3986 1566 13079 11421 10446 6403 673344 6019
is_linear=0
shrinkage=0.03


Tree=246
num_leaves=15
num_cat=0
split_feature=16 17 33 31 31 29 18 22 24 4 2 27 14 20
split_gain=5.38833 8.46395 7.40477 10.6542 6.40686 7.52001 6.79002 8.51665 6.67292 6.39753 5.86237 7.32419 6.54072 5.65773
threshold=70.15000000000002 59.90116279069769 10.500000000000002 -1.0000000180025095e-35 0.0071139920343006834 0.097710526157238672 -0.29999999999999355 8.5000000000000018 0.01416880307356305 -2.2416666666666667 6.5000000000000009 -79.499999999999986 54.250000000000007 219.50000000000003
decision_type=8 8 2 10 10 10 10 10 10 2 8 10 10 10
left_child=2 10 -1 9 5 8 7 13 -5 -4 11 -2 -12 -6
right_child=1 -3 3 4 6 -7 -8 -9 -10 -11 12 -13 -14 -15
leaf_value=0.0036355086533627038 -0.00057696407407084539 2.0470793029376774e-05 0.0020686029197693303 -0.0023155179867283423 -0.0041076664103981281 -0.0007125267943996872 0.0046555393939837183 0.0027632026215660857 0.0063692215597338309 -0.0035722100515944641 -0.0050049619668864802 0.007033655190780563 0.002976023540205471 0.0041236797782290193
leaf_weight=235.17715294263326 149.67009332100861 55023.378201819753 169.79128477699123 72.624261100543663 774.71056109096389 428.93922738765832 105.26091595180333 215.28575676132459 336.05478633404709 1664.3690479036886 107.8001101706177 345.99655379191972 173.60931375517976 42.929804405081086
leaf_count=6429 3467 629713 5355 3846 12975 7642 626 6212 7262 40644 2017 7693 2936 785
internal_value=-1.12591e-05 6.57681e-05 -0.00106164 -0.00139491 0.00014074 0.00206583 -0.0013033 -0.00209745 0.00474172 -0.00300899 0.00307805 0.00489328 -0.000375116 -0.00346275
internal_weight=59845.6 55800.5 4045.14 3809.97 1975.81 837.618 1138.19 1032.93 408.679 1834.16 777.076 495.667 281.409 817.64
internal_count=737602 645826 91776 85347 39348 18750 20598 19972 11108 45999 16113 11160 4953 13760
is_linear=0
shrinkage=0.03


Tree=247
num_leaves=15
num_cat=0
split_feature=20 23 13 15 29 12 30 13 11 13 14 29 27 34
split_gain=4.89712 6.61469 5.52439 4.82758 4.33471 8.40111 14.6182 12.2198 9.65936 7.52969 7.37183 6.92443 7.42529 6.33068
threshold=343.50000000000006 3.3050000000000002 80.550000000000011 85.216666666666683 0.084211480304894934 54.250000000000007 1001.5000000000001 48.45000000000001 19.500000000000004 71.250000000000014 87.250000000000014 0.083897028087882977 180.50000000000003 0.014720796935214662
decision_type=10 10 8 10 10 8 8 8 2 8 10 10 8 2
left_child=4 2 -2 -4 5 6 9 8 -7 -1 11 -9 -13 -12
right_child=1 -3 3 -5 -6 7 -8 10 -10 -11 13 12 -14 -15
leaf_value=-0.0063738340467718356 -0.0040847324687220245 -0.0059923445273655698 0.0082096730957239884 -0.0020875002591521728 -0.00014475885319012319 0.0089343326210565496 0.0043987349953926221 0.0005205004148751437 -0.0025497941793129384 0.0012321667665661895 -0.0045192905355075927 0.0086653930657109995 -0.0025897640183611772 0.0025177140893802128
leaf_weight=458.04058082995471 59.434374549658969 228.68781356303953 60.905537116108462 38.701554661151022 44207.961124285823 214.56424273794983 168.08097394765355 13448.616650395095 62.902892135782167 133.51075016101822 407.16769673046656 132.54322434286587 47.546495346934535 117.6325611192733
leaf_count=16251 1055 5128 758 481 477171 5601 7075 208304 1620 4529 5200 1745 735 1469
internal_value=-1.77843e-05 -0.00317929 0.00133143 0.00484826 5.50935e-06 0.000441863 -0.00253544 0.000606798 0.00633904 -0.00469495 0.000472503 0.00061082 0.00577682 -0.00286016
internal_weight=59786.3 387.729 159.041 99.6071 59398.6 15190.6 759.632 14431 277.467 591.551 14153.5 13628.7 180.09 524.8
internal_count=737122 7422 2294 1239 729700 252529 27855 224674 7221 20780 217453 210784 2480 6669
is_linear=0
shrinkage=0.03


Tree=248
num_leaves=15
num_cat=0
split_feature=23 23 14 20 20 16 14 27 34 34 6 24 28 12
split_gain=6.763 7.34318 9.09558 9.40657 7.21467 6.03917 6.11182 5.83435 6.08525 5.71555 7.9144 6.31998 5.67138 7.06784
threshold=-4.4949999999999992 -1.4949999999999999 87.750000000000014 62.500000000000007 149.50000000000003 45.750000000000007 36.350000000000001 -1.0000000180025095e-35 0.01053737963094129 -0.031651270926028298 0.62828947368421062 0.5514721134309023 -1.2499999999999998 76.550000000000011
decision_type=8 8 10 10 10 8 8 10 2 2 2 10 10 10
left_child=-1 2 3 -2 -5 -3 7 -7 12 10 -8 -11 -9 -14
right_child=1 5 -4 4 -6 6 9 8 -10 11 -12 -13 13 -15
leaf_value=-0.0037282707549506984 0.002831543112937142 -0.006488577637075929 -0.0032684489016771147 -0.0063232148842176546 0.0021713379579854477 -0.0016681723124927841 5.0952466452663925e-05 -0.0010932617026246177 -0.0016858994265493534 6.9868302482418876e-05 -0.0049134246924855155 -0.0043885546620955566 0.013467268843476635 -0.0013160507623144377
leaf_weight=371.26891235238872 2189.9990259287879 78.315237480215728 266.37106315838173 150.31541908695363 128.17913238168694 93.721575919538736 676.89497524453327 34.029169825837016 48.846614272566512 54924.28166703321 453.07075757649727 237.65402342495508 97.88843240973074 25.901187488343567
leaf_count=2362 16521 4690 1714 1287 1228 2139 8097 902 829 687969 5880 1496 2341 228
internal_value=5.9555e-05 8.63434e-05 0.00159033 0.00216912 -0.00267813 1.24245e-05 2.71407e-05 0.00397703 0.00636335 2.55247e-06 -0.00206342 4.67032e-05 0.0086609 0.0108854
internal_weight=59776.7 59405.5 2734.86 2468.49 278.495 56670.6 56592.3 300.387 206.665 56291.9 1129.97 55161.9 157.819 123.79
internal_count=737683 735321 20750 19036 2515 714571 709881 6439 4300 703442 13977 689465 3471 2569
is_linear=0
shrinkage=0.03


Tree=249
num_leaves=15
num_cat=0
split_feature=23 30 20 33 33 4 28 4 15 25 31 10 10 26
split_gain=5.64069 11.4146 5.54672 6.95146 5.43479 9.86051 7.33075 8.55677 7.21681 7.42443 6.84497 8.6124 8.56587 8.38768
threshold=15.105000000000002 471.50000000000006 339.50000000000006 562.50000000000011 42.500000000000007 1.6291666666666667 -1.0000000180025095e-35 -1.907670454545453 80.716666666666683 0.19007531238071732 0.0036835689060682767 364.50000000000006 308.50000000000006 0.84971635049674854
decision_type=10 10 10 2 2 2 8 2 10 10 8 2 2 10
left_child=2 -2 4 -4 5 6 7 -1 -9 -10 12 13 -6 -12
right_child=1 -3 3 -5 10 -7 -8 8 9 -11 11 -13 -14 -15
leaf_value=-0.00075415129850459962 -0.0016437280278022463 0.0049294283714579196 -0.0058047180412332177 0.0021318338856303638 -0.00071999056992325724 -0.0014342630054761502 0.00053875296011978834 0.0053385695018441084 -0.0034990550244215356 0.0056970413501868144 0.00040990610647236925 -0.0037478050186506907 0.0006516912869226712 -0.0022655732034870652
leaf_weight=392.09637143544387 374.66362038988154 519.43648781313095 269.91261975804809 112.98861044750083 23942.491500306875 1359.6440047803335 3004.4922217902495 975.25615030748304 175.05047365860082 71.880819880636409 22189.947895277874 437.03157548536547 4900.3675804039231 1057.6984404048417
leaf_count=8555 10433 13654 5504 1555 308835 14987 48284 16666 2231 622 228840 4191 62825 10765
internal_value=-6.67977e-05 0.00223384 -0.000103593 -0.00348703 -7.84913e-05 0.000774781 0.00143346 0.00303247 0.00422917 -0.000313554 -0.000176251 0.000201453 -0.000486219 0.000283579
internal_weight=59783 894.1 58888.9 382.901 58506 5978.42 4618.78 1614.28 1222.19 246.931 52527.5 23684.7 28842.9 23247.6
internal_count=737947 24087 713860 7059 706801 91345 76358 28074 19519 2853 615456 243796 371660 239605
is_linear=0
shrinkage=0.03


Tree=250
num_leaves=15
num_cat=0
split_feature=34 14 22 26 32 29 13 32 14 23 13 15 21 22
split_gain=7.29824 6.51193 10.445 10.7664 10.2381 8.04798 5.90933 7.11387 7.35924 6.38754 5.85759 12.6263 7.13477 5.98434
threshold=0.043039507168673753 50.150000000000013 4.5000000000000009 -0.038782835222640352 0.13504481674699889 0.10041350812197208 48.45000000000001 0.074421283892401685 63.650000000000013 1.8050000000000004 55.650000000000013 59.916666666666679 0.17902930402930406 9.5000000000000018
decision_type=2 8 10 10 2 10 8 2 10 10 8 10 10 10
left_child=1 2 5 4 -4 -1 7 8 -3 -9 11 13 -13 -8
right_child=-2 6 3 -5 -6 -7 10 9 -10 -11 -12 12 -14 -15
leaf_value=-0.0040123282375466047 0.0022951000386028826 -0.0050554003930277916 0.010204546783918337 0.0004325561218103879 -0.00239720409150557 0.0027269586749712111 -0.0066697047897586736 -0.00053627040554643675 0.0034469668864494825 0.0062056923096672628 -8.5392137714496435e-05 -0.0008339499335983674 0.006622491886991321 0.0014155656428388155
leaf_weight=288.97327847476117 1172.2287231041119 155.66385007323697 263.79378498718143 308.69523219123948 50.780293500749394 254.08605116838589 445.07321638823487 169.73406798415817 119.12451053445693 373.13707228319254 55434.563728945446 546.49872052320279 93.785443108761683 80.156165447086096
leaf_count=4448 11822 6476 5263 12290 604 2692 11160 1802 3261 7676 656657 8833 1210 3393
internal_value=6.74399e-07 -4.71535e-05 0.00212512 0.0046277 0.00812052 -0.000895091 -9.30896e-05 0.00236415 -0.00140629 0.0042303 -0.000130643 -0.00219083 0.000658813 -0.00542001
internal_weight=59756.3 58584.1 1166.33 623.269 314.574 543.059 57417.7 817.66 274.788 542.871 56600.1 1165.51 640.284 525.229
internal_count=737587 725765 25297 18157 5867 7140 700468 19215 9737 9478 681253 24596 10043 14553
is_linear=0
shrinkage=0.03


Tree=251
num_leaves=15
num_cat=0
split_feature=35 34 16 7 24 20 23 30 4 30 28 21 19 23
split_gain=7.51609 5.02008 5.09156 4.72163 6.38036 4.98722 6.94925 6.47056 6.46652 5.09212 6.18353 6.45419 5.78971 4.94949
threshold=9.5000000000000018 0.00064205396955174018 76.850000000000009 8.5000000000000018 0.013588106503667418 9.5000000000000018 0.89500000000000013 110.50000000000001 -0.9428104575163373 1605.5000000000002 -0.74999999999999989 0.079077644606565925 0.9142857142857147 1.3050000000000004
decision_type=2 2 8 10 10 8 10 10 2 10 10 10 10 10
left_child=3 -2 -3 5 -5 6 7 -1 13 12 -11 -12 -9 -8
right_child=1 2 -4 4 -6 -7 8 9 -10 10 11 -13 -14 -15
leaf_value=-0.0029100297090460716 -0.0041679356891225596 -0.0044401116670768183 0.0017501920557497273 0.0043976213074163866 -0.0033078819852166807 5.1186361110830001e-05 -0.0035295182292762774 0.00034390136105317323 -0.00037943108497765621 0.0051066251404939264 0.0036084777484308326 -0.0058144865107483193 0.0062466607735174734 0.0029310775388191575
leaf_weight=113.91939828637987 573.41140596685 119.21371997485403 357.78293199406471 68.857588756014593 614.74619278660975 52991.998609142058 76.755610501393676 202.31356377643533 2751.7019639022183 94.156040512025356 60.496409103274345 133.10647407453507 597.87474877666682 985.09959800879005
leaf_count=851 51706 12738 24902 1827 9731 582652 771 2253 28888 846 431 955 3865 14669
internal_value=6.11021e-05 -0.00239545 -7.14034e-05 0.000107069 -0.0022849 0.000137201 0.00103654 0.00297717 0.00039433 0.0036944 0.000207854 -0.00273374 0.00486225 0.00232636
internal_weight=59741.4 1050.41 476.997 58691 683.604 58007.4 5015.42 1201.87 3813.56 1087.95 287.759 193.603 800.188 1061.86
internal_count=737085 89346 37640 647739 11558 636181 53529 9201 44328 8350 2232 1386 6118 15440
is_linear=0
shrinkage=0.03


Tree=252
num_leaves=15
num_cat=0
split_feature=24 14 20 31 7 10 15 25 28 19 2 22 12 31
split_gain=5.12519 5.6574 5.24216 4.27905 9.86725 7.33508 6.5928 8.46143 8.86097 6.969 9.60324 9.21171 8.80309 10.4766
threshold=0.0054295146008225036 20.450000000000003 141.50000000000003 0.001274385570002795 4.5000000000000009 361.50000000000006 58.816666666666684 0.03170655366235324 2.2500000000000004 5.5935416666666677 9.5000000000000018 8.5000000000000018 69.550000000000011 0.0066759805438622267
decision_type=8 8 10 10 8 2 8 10 10 8 10 10 8 10
left_child=2 -2 -1 -3 -5 6 7 -6 -9 11 12 -8 13 -11
right_child=1 3 -4 4 5 -7 9 8 -10 10 -12 -13 -14 -15
leaf_value=-0.0058949425072256992 0.0057462084765234614 -0.00017317336938731735 0.0040181493330844363 0.00082242485693281126 -0.0050650191551174723 -0.0045386076391629978 -0.0011660576383726051 0.0067189647693786433 -0.002592697954184214 -0.0021394648893831606 0.0078316317074398796 0.0015942282040797566 -1.2454757361418256e-05 0.0072801362198655975
leaf_weight=178.044369759853 110.12295191723388 27688.976843591547 23.216879181098193 17191.21551285137 54.550779275363311 298.38599456031807 7484.1324255820364 331.56488533155061 91.501245921943337 129.93373450590298 111.20908489171416 1227.086119946558 4561.8806272946531 275.83883422752842
leaf_count=7156 2100 381000 781 166055 2781 3529 95949 7667 1556 1058 964 22585 42418 2030
internal_value=9.65606e-05 0.000114504 -0.00417936 9.92512e-05 0.000336675 -0.00023747 -0.000131983 0.00316006 0.00464386 -0.000257006 0.000622415 -0.000770357 0.000384592 0.00436005
internal_weight=59757.7 59556.4 201.261 59446.3 31757.3 14566.1 14267.7 477.617 423.066 13790.1 5078.86 8711.22 4967.65 405.773
internal_count=737629 729692 7937 727592 346592 180537 177008 12004 9223 165004 46470 118534 45506 3088
is_linear=0
shrinkage=0.03


Tree=253
num_leaves=15
num_cat=0
split_feature=12 31 4 13 5 33 33 19 13 6 11 30 11 6
split_gain=5.43413 12.6859 8.13811 7.00291 6.86429 9.33431 6.97095 8.20339 6.9318 7.86101 7.10959 6.8111 6.63152 7.63317
threshold=59.650000000000013 -0.0017215884926592429 -2.3708333333333331 46.150000000000013 8.5000000000000018 80.500000000000014 234.50000000000003 1.1833333333333267 76.450000000000017 0.36038961038961043 19.500000000000004 1674.5000000000002 21.500000000000004 0.89181286549707617
decision_type=8 8 2 8 2 2 2 10 8 2 2 8 2 2
left_child=1 2 -1 12 6 -6 8 11 9 -3 -11 -8 13 -2
right_child=3 4 -4 -5 5 -7 7 -9 -10 10 -12 -13 -14 -15
leaf_value=0.0023601136476737831 0.0067131051071467754 -0.0010737386121916161 -0.0036108288974805868 0.00014493251463084286 -0.0034633747955771228 0.0071035083277725015 -0.0052623328890610598 0.0019703952160966434 -0.0033975047861248943 0.0067811370715432102 -0.001570425121941719 0.0011830909760287133 -0.0029025580452823811 -0.0028464862956242001
leaf_weight=201.4012783508515 343.09270101692528 267.90810675846296 1515.820163405966 55385.226673733909 69.286766987526789 222.84163451555651 503.03968669427559 313.45715989824384 150.5941744314041 373.14361965749413 96.161080302437767 179.46753784141038 82.932894779369235 63.192460694932379
leaf_count=7506 6009 6470 40379 631123 2743 6768 11490 2798 3710 8757 2183 4271 1563 1163
internal_value=0.000102377 -0.000974159 -0.00286358 0.00017819 0.000547798 0.00445739 -0.000158061 -0.00183815 0.00172422 0.00291981 0.00508345 -0.00360242 0.00358079 0.00507725
internal_weight=59767.6 3893.12 1717.22 55874.4 2175.9 292.128 1883.77 995.964 887.807 737.213 469.305 682.507 489.218 406.285
internal_count=736933 97075 47885 639858 49190 9511 39679 18559 21120 17410 10940 15761 8735 7172
is_linear=0
shrinkage=0.03


Tree=254
num_leaves=15
num_cat=0
split_feature=27 24 19 16 11 16 25 5 13 16 12 24 23 14
split_gain=4.4285 6.11307 3.85435 8.71912 6.41953 5.93299 5.39714 5.22739 4.91431 7.65253 6.46991 5.34228 4.93535 4.72293
threshold=651.50000000000011 0.10593025951138059 12.083333333333334 82.550000000000011 4.5000000000000009 80.450000000000017 0.059524449356845192 5.5000000000000009 89.250000000000014 83.450000000000017 77.950000000000017 0.16562466134729978 2.4050000000000007 87.250000000000014
decision_type=10 10 10 10 2 10 10 2 8 10 10 10 10 8
left_child=2 -2 -1 4 5 7 -6 -4 9 -5 -11 -10 13 -12
right_child=1 -3 3 8 6 -7 -8 -9 11 10 12 -13 -14 -15
leaf_value=1.6510925461843512e-05 -0.0062619565980404747 0.0026774404316013464 -0.0029297494285330161 -0.0055854145042626199 -0.0015271767165960122 0.0049968518774438772 0.0060504147560726642 0.0021964746565994453 -0.0074059553010898116 -0.002741245170583433 0.0031073669996150512 0.00029056050433325391 0.0072075775086028445 -0.0032826227079342089
leaf_weight=57076.589398490265 167.41763756261207 67.016831891378388 336.14445363543928 108.70760879153386 78.843369404785335 182.19223060272634 510.26855568680912 285.90945738228038 128.00954540539533 179.30918014701456 271.4944066144526 142.53001865232363 144.2228911947459 107.02359619457275
leaf_count=720845 2829 649 1829 552 506 933 2712 1703 697 969 1308 678 751 519
internal_value=4.94837e-05 -0.00368505 6.72644e-05 0.00121436 0.00274348 0.000897564 0.00499614 -0.000585503 -0.000790244 0.000427981 0.00166855 -0.00393833 0.00328845 0.00112843
internal_weight=59785.7 234.434 59551.2 2474.66 1393.36 804.246 589.112 622.054 1081.3 810.758 702.05 270.54 522.741 378.518
internal_count=737480 3478 734002 13157 7683 4465 3218 3532 5474 4099 3547 1375 2578 1827
is_linear=0
shrinkage=0.03


Tree=255
num_leaves=15
num_cat=0
split_feature=14 12 22 30 18 14 32 31 13 12 15 31 25 13
split_gain=5.78575 10.0631 9.54766 9.31986 8.71264 8.35531 10.4204 8.21361 11.7584 6.77901 6.75599 7.9703 7.80177 6.49798
threshold=68.65000000000002 58.750000000000007 9.5000000000000018 36.500000000000007 -21.233333333333327 70.550000000000011 0.057782794080762485 0.00011018777733858488 54.650000000000013 71.850000000000009 71.116666666666688 0.01742221599792056 0.41455283536784238 43.150000000000013
decision_type=8 10 10 8 10 8 2 10 10 10 8 8 10 10
left_child=1 2 7 -3 -4 6 9 -1 -9 -2 11 -7 -12 -5
right_child=5 3 4 13 -6 10 -8 8 -10 -11 12 -13 -14 -15
leaf_value=-0.0046095085962938173 -0.00052203414871708985 0.0053915538365832223 -0.0045672470634255764 0.0059732954439651875 0.003947206133269647 0.0012950227938802615 -0.0024000023265791383 -0.005864412833828693 0.0023645151185184843 0.0071954784669680753 -0.00019180373759027474 -0.0020512554854344575 0.0037402641482120287 0.00070634780192721058
leaf_weight=752.6802582682576 224.51465863862541 373.61638228571974 96.054656814550981 166.9575808144873 410.1370021335315 5528.9581673044013 2398.0925434095552 171.75033018598333 479.37245615466963 129.3060409554746 38660.649708117708 678.45525109162554 409.60557777574286 9324.8888866793131
leaf_count=20299 4873 4681 6563 3572 10257 97092 28724 4949 9128 1781 403038 9178 2369 131082
internal_value=4.84274e-05 0.000642879 -0.00132628 0.00102888 0.00206617 -9.78318e-05 -0.00168761 -0.00257854 -6.94975e-05 0.00284009 5.4777e-07 0.000915815 -0.000145853 0.000829806
internal_weight=59805 11775.5 1909.99 9865.46 506.192 48029.6 2751.91 1403.8 651.123 353.821 45277.7 6207.41 39070.3 9491.85
internal_count=737586 190531 51196 139335 16820 547055 35378 34376 14077 6654 511677 106270 405407 134654
is_linear=0
shrinkage=0.03


Tree=256
num_leaves=15
num_cat=0
split_feature=21 10 24 24 1 32 30 33 33 1 33 0 24 16
split_gain=7.0238 7.88977 9.34946 8.32273 6.335 6.98252 6.9943 11.4766 8.2014 6.39266 7.22967 6.25174 8.1836 7.26338
threshold=0.25227272727272732 297.50000000000006 0.06848251533825217 0.032384570845531598 2403.0000000000005 0.13134429512889639 389.50000000000006 1322.5000000000002 1135.5000000000002 1220.5000000000002 74.500000000000014 7.5000000000000009 0.11994158373695585 81.950000000000017
decision_type=10 2 10 10 2 2 8 2 2 2 2 2 10 10
left_child=-1 4 3 -3 5 -2 8 -8 9 10 -7 -4 -13 -14
right_child=1 2 11 -5 -6 6 7 -9 -10 -11 -12 12 13 -15
leaf_value=0.0002012442480451911 -4.4018849942381983e-05 0.0032701163591193831 -0.0017759826129673465 -0.006600433861017308 0.0058152253690831237 -0.0020553283701727743 -0.0040299613166256479 -0.00060639178109678064 -0.0061691895686715736 -0.0011075698411723359 0.0067748825276588796 0.0079800836786207089 -0.002622101578111948 0.0033428835144424388
leaf_weight=51199.737464769103 2671.3389743526932 78.741853048792109 240.90162413613871 179.15237261075526 67.346074576023966 88.951763929566368 1984.8542524687946 1590.6817979984917 86.031132790260017 319.02204244001769 249.16262743668631 209.19757512374781 215.54074623412453 587.75728346791584
leaf_count=660026 27577 1157 1521 2075 623 739 16291 13359 700 2755 1953 2273 1945 4481
internal_value=6.80438e-05 -0.000724408 0.00121435 -0.00354506 -0.0011452 -0.00125309 -0.0019919 -0.00253625 0.000621912 0.00188434 0.00448631 0.00229205 0.00329798 0.0016825
internal_weight=59768.4 8568.68 1511.29 257.894 7057.39 6990.04 4318.7 3575.54 743.168 657.136 338.114 1253.4 1012.5 803.298
internal_count=737475 77449 13452 3232 63997 63374 35797 29650 6147 5447 2692 10220 8699 6426
is_linear=0
shrinkage=0.03


Tree=257
num_leaves=15
num_cat=0
split_feature=29 35 27 24 1 6 4 2 12 21 12 24 20 19
split_gain=7.64752 10.0254 7.83189 10.8828 12.2362 9.50957 9.69894 8.36402 7.83576 7.53806 11.9649 9.38208 10.7447 8.185
threshold=0.065754239082631588 9.5000000000000018 -229.49999999999997 0.33607578899056273 1001.0000000000001 0.21240601503759401 2.3038461538461523 4.5000000000000009 89.450000000000017 0.083920187793427234 71.15000000000002 0.087186665585332543 13.500000000000002 -1.969570707070712
decision_type=10 2 8 10 2 2 2 10 10 8 10 10 10 8
left_child=1 9 3 4 7 -6 8 -2 -7 10 -1 13 -13 -11
right_child=2 -3 -4 -5 5 6 -8 -9 -10 11 -12 12 -14 -15
leaf_value=0.00062217264931418059 -0.0044011912156670238 -0.004799543849480066 -0.00032088743214720008 -0.0045635467800279736 -0.0013306573829053559 0.0044204916645905071 -0.0011172091624193521 0.0019386757029525689 -0.002258212241098029 -0.0031583547044265812 0.004544066914559732 0.002601491338208071 -0.0037120384795095791 0.0027003566128964989
leaf_weight=1721.3227990817977 426.23249518882949 212.69618275098037 50388.654713020049 239.07745098206215 497.72197909664828 1906.1177160763182 389.56402845610864 271.17287263774779 142.04916208423674 218.92411533137783 1152.4038475918351 295.97700287541375 818.16832911153324 1114.8714114371687
leaf_count=35000 5548 22424 576171 2095 6983 30729 4504 3630 1893 5679 13797 2879 9085 16643
internal_value=-0.00011205 0.000945254 -0.000220662 0.00107111 0.00149885 0.00234249 0.00310413 -0.00197127 0.00391452 0.0012174 0.00224572 -1.05717e-05 -0.00199513 0.00165936
internal_weight=59795 5534.36 54260.6 3871.94 3632.86 2935.45 2437.73 697.405 2048.17 5321.67 2873.73 2447.94 1114.15 1333.8
internal_count=737060 105507 631553 55382 53287 44109 37126 9178 32622 83083 48797 34286 11964 22322
is_linear=0
shrinkage=0.03


Tree=258
num_leaves=15
num_cat=0
split_feature=21 16 13 21 33 3 34 17 29 17 5 31 33 28
split_gain=5.31919 8.45564 7.71737 11.182 7.84595 8.15493 7.47867 9.20264 7.39719 7.93096 8.07877 7.09644 13.0521 7.8244
threshold=0.24068965517241384 86.750000000000014 68.550000000000011 0.049590163934426237 854.50000000000011 59.750000000000007 -0.022224069983934305 81.535355392156873 0.0589772016601285 79.467333333333343 5.5000000000000009 -0.020569784404288513 226.50000000000003 -0.74999999999999989
decision_type=10 10 8 10 2 2 2 10 10 8 2 8 2 8
left_child=1 6 3 -3 -4 -6 8 11 -1 -10 -11 12 -8 -14
right_child=-2 2 4 -5 5 -7 7 -9 9 10 -12 -13 13 -15
leaf_value=-0.0029842319240769083 -0.00061956680759105045 -0.0039790575695892285 -3.2481916057107126e-05 0.0048023357287120105 0.0010451456808706189 0.0048163764234685118 0.0040998200732282686 -0.0030525229050093459 0.0028906742626778285 0.0020050761060413959 -0.0057141241746085465 -0.00021194249299254399 0.0031796360448028502 -0.0037706786138990587
leaf_weight=251.97426619543694 10706.794800011674 116.36536681617144 6298.2346722218208 758.18053189525381 3022.1956279922742 585.0231893947348 879.63612012634985 941.89534965273924 1807.4483302584849 227.29686357686296 174.21096738474444 33424.713425771915 172.23700226191431 394.30317734112032
leaf_count=5000 100116 1839 73150 11670 32958 5458 14461 7545 24907 2479 2281 448559 2494 5120
internal_value=-1.53665e-05 0.000117007 0.000857099 0.0034819 0.000609033 0.00171425 -9.22901e-05 -0.000202992 0.00149066 0.00205587 -0.0016061 -0.000121763 0.00189994 -0.00157117
internal_weight=59760.5 49053.7 10780 874.546 9905.45 3607.22 38273.7 35812.8 2460.93 2208.96 401.508 34870.9 1446.18 566.54
internal_count=738037 637921 125075 13509 111566 38416 512846 478179 34667 29667 4760 470634 22075 7614
is_linear=0
shrinkage=0.03


Tree=259
num_leaves=15
num_cat=0
split_feature=18 31 27 15 32 17 14 16 17 27 34 13 34 30
split_gain=6.128 7.39177 9.79221 8.41122 8.3412 9.23676 13.5429 7.59465 6.91356 6.70515 7.11091 10.1373 14.0898 9.88245
threshold=-6.2916666666666634 0.0026365547064996497 -49.499999999999993 65.416666666666686 0.11582155887230515 74.205064102564123 76.65000000000002 77.850000000000009 63.101923076923086 -199.49999999999997 -0.0021930248446989415 70.050000000000011 0.0024347907185310121 1111.5000000000002
decision_type=10 10 10 10 2 10 8 10 10 8 2 8 2 8
left_child=9 2 4 8 -2 7 -7 -6 -3 -1 -11 12 -12 -14
right_child=1 3 -4 -5 5 6 -8 -9 -10 10 11 -13 13 -15
leaf_value=-0.0017532516623212566 -8.8765736167750831e-05 0.00076040164021072868 0.00034192827933846243 0.00060049521516042446 -0.0015876282070094471 0.0044753249693920251 -0.0023214682972314935 -0.0080260588462488635 0.0063826967742372691 -0.00080669228800449994 0.0044851289509802456 -0.00028622080590046686 0.001708601749491639 -0.0018280857867717709
leaf_weight=2518.4747890521539 3027.1583265576046 396.13418124988675 13081.744837991195 17711.264162917156 327.78851203294471 267.74314965307713 1562.9412808688357 358.25860147597268 374.03271021740511 8157.6036842526519 1032.7576820298564 7961.9846837390214 2004.1303695982788 1039.7601796980016
leaf_count=57517 32363 3257 113658 137963 2758 2104 14075 3055 2869 164416 21796 123787 38518 19961
internal_value=7.82637e-05 0.00031567 -0.000106123 0.000739893 -0.00115698 -0.00241509 -0.00123486 -0.00526664 0.00371353 -0.000309407 -0.000125474 0.000337559 0.00154455 0.000490488
internal_weight=59821.8 37107.1 18625.6 18481.4 5543.89 2516.73 1830.68 686.047 770.167 22714.7 20196.2 12038.6 4076.65 3043.89
internal_count=738097 312102 168013 144089 54355 21992 16179 5813 6126 425995 368478 204062 80275 58479
is_linear=0
shrinkage=0.03


Tree=260
num_leaves=15
num_cat=0
split_feature=22 13 16 13 26 13 20 19 26 12 13 26 19 12
split_gain=6.04779 8.18829 8.13732 10.3868 7.58132 7.09396 6.7375 6.70523 8.64001 10.6472 7.58042 8.47917 6.91339 6.78545
threshold=6.5000000000000009 89.050000000000011 89.850000000000009 87.450000000000017 0.92586275247727545 83.450000000000017 224.50000000000003 0.9142857142857147 0.76652308779388678 72.450000000000017 71.550000000000011 -0.0084614261162858431 0.97200854700854944 56.050000000000004
decision_type=10 10 10 10 10 8 10 8 10 10 10 10 8 10
left_child=2 -2 3 7 6 -6 -4 8 10 -10 11 13 -9 -1
right_child=1 -3 4 -5 5 -7 -8 12 9 -11 -12 -13 -14 -15
leaf_value=-0.0039525675236217203 0.00079978122579032627 -0.002226507353187144 0.0011070463350766765 -0.003740411169628421 0.0017896291965654055 -0.0086531736519659761 -0.0047508390270241388 0.0057060963598934179 -0.0042120945039610461 0.0025899521203399771 -0.0024341807274962392 -0.0047361042359471087 -2.8062498509459481e-05 0.00021208376174034895
leaf_weight=335.20741963526234 12694.275663547858 811.20433814940043 7022.4474354180275 716.67440880299546 74.045204329770058 94.930118995718658 132.65903289639391 140.4721225828398 208.0153663919773 1050.1001615076093 3099.6093011418125 345.30640901462175 29010.095522267162 4054.8255861354992
leaf_count=9188 234173 10796 65493 5825 901 1084 1626 1636 3893 15178 48757 6822 257482 74536
internal_value=5.31412e-05 0.000610466 -0.000109966 -0.000282613 0.000804118 -0.00471336 0.000966224 -0.000213016 -0.000921846 0.0013473 -0.00129245 -0.000527487 9.29274e-06 -0.000146844
internal_weight=59789.9 13505.5 46284.4 38960.3 7324.08 168.975 7155.11 38243.6 9093.06 1258.12 7834.95 4735.34 29150.6 4390.03
internal_count=737390 244969 492421 423317 69104 1985 67119 417492 158374 19071 139303 90546 259118 83724
is_linear=0
shrinkage=0.03


Tree=261
num_leaves=15
num_cat=0
split_feature=21 4 12 32 25 29 25 33 14 32 25 12 26 12
split_gain=8.09255 9.26846 7.7093 8.45532 8.38496 8.18979 7.37876 6.8614 6.73259 20.3049 9.2636 8.03163 6.48605 6.42656
threshold=0.15655637254901963 -3.1464285714285718 83.550000000000011 0.13134429512889639 0.10563437363865365 0.14928839305730643 0.41455283536784238 429.50000000000006 65.850000000000009 0.12137948525103416 0.16716713561395968 68.750000000000014 -0.055515993847869483 89.850000000000009
decision_type=10 2 10 2 10 10 10 2 8 2 10 10 10 10
left_child=-1 -2 6 4 7 13 8 -4 9 10 11 12 -3 -5
right_child=1 2 3 5 -6 -7 -8 -9 -10 -11 -12 -13 -14 -15
leaf_value=0.00017519438546997762 0.0035351514136804244 0.0048909095780367527 0.00071322969581545735 -0.00055414204614245464 0.0020177117533298062 0.00090259493283653246 0.0050047076357842731 -0.0058169263298196985 -0.0015339633875352211 -0.0040223812209616251 -0.0035118830476955033 0.0077757585188204465 -0.0042634385622350246 -0.0032798277879444219
leaf_weight=40406.786675309791 434.01430145185441 84.03907438297756 328.84855051222257 2094.6380141428672 2457.8374393782578 1798.1879230346531 122.2536339899525 196.17898004525341 9682.3011587052606 403.27789592882618 86.741004519164562 377.20520215365104 95.078989042551257 1213.9117590221576
leaf_count=539429 5583 1266 4000 18646 22245 12777 777 2348 107899 4278 950 4876 2251 10402
internal_value=-6.65209e-05 -0.000569787 -0.00067291 2.85778e-05 0.00128535 -0.000710853 -0.00119362 -0.00202042 -0.00128714 0.000962662 0.00415353 0.00553975 0.000161653 -0.00158814
internal_weight=59781.3 19374.5 18940.5 8089.6 2982.86 5106.74 10850.9 525.028 10728.6 1046.34 643.064 556.323 179.118 3308.55
internal_count=737727 198298 192715 70418 28593 41825 122297 6348 121520 13621 9343 8393 3517 29048
is_linear=0
shrinkage=0.03


Tree=262
num_leaves=15
num_cat=0
split_feature=15 15 20 26 16 29 29 29 25 29 1 23 10 11
split_gain=6.79469 8.28579 7.96945 7.65802 7.26916 9.0372 8.69789 6.57583 6.04128 5.91814 5.61542 6.6726 7.35746 7.48199
threshold=88.716666666666683 87.466666666666683 135.50000000000003 0.90492011742151235 95.850000000000009 0.15016394881330461 0.11644253977268483 0.095667633352120265 0.20274056181924976 0.10400235571260308 2353.0000000000005 0.99500000000000011 298.50000000000006 14.500000000000002
decision_type=10 10 10 10 10 10 10 10 10 10 2 10 2 2
left_child=1 -1 3 4 10 6 7 -6 -3 -9 11 12 13 -2
right_child=2 8 -4 -5 5 -7 -8 9 -10 -11 -12 -13 -14 -15
leaf_value=-7.9023370058535795e-05 -0.00084071162260224467 -0.004156904976318581 -0.0027207348824398467 -0.0048406290728900039 -0.0028443246986658505 0.0031411523927198644 -0.004738864689831917 0.0090805851259896254 0.00040241073174644465 1.524409550187995e-05 -0.0028041852492711699 0.0056685711586173283 0.0087705269934353174 0.0056241401608540997
leaf_weight=55269.141804389947 651.07537046773359 728.87303299899213 364.32974626217037 106.44705062871799 149.22835205961019 520.49521314562298 376.53760379017331 77.179117915919051 381.43152646976523 132.51069490145892 93.544348066207021 764.13834161148407 67.736407992895693 160.09516332251951
leaf_count=696168 4365 7710 3933 1080 1812 4185 3728 880 2696 1380 876 7617 433 1285
internal_value=-5.21133e-05 -0.000131768 0.00122801 0.00172807 0.00203743 0.000276949 -0.00182102 0.00144521 -0.00264076 0.00445779 0.00326728 0.00368556 0.00174917 0.000687672
internal_weight=59842.8 56379.4 3463.32 3098.99 2992.54 1255.95 735.456 358.918 1110.3 209.69 1736.59 1643.05 878.907 811.171
internal_count=738148 706574 31574 27641 26561 11985 7800 4072 10406 2260 14576 13700 6083 5650
is_linear=0
shrinkage=0.03


Tree=263
num_leaves=15
num_cat=0
split_feature=32 22 21 28 31 24 29 31 30 22 25 19 11 14
split_gain=7.49393 7.21456 6.14948 6.42353 8.0671 5.76117 4.97889 8.34531 9.13462 6.0714 5.52991 5.17795 6.46721 6.83364
threshold=0.025834866062625868 8.5000000000000018 0.86607142857142871 0.75000000000000011 0.0084370870706127667 0.20328112623322625 0.034354384698664746 -0.009364135029790872 55.500000000000007 10.500000000000002 0.082065383829285757 2.2866666666666693 32.500000000000007 70.550000000000011
decision_type=2 10 10 10 10 10 10 10 10 10 10 10 2 10
left_child=-1 2 -2 4 -4 6 -3 8 -8 10 -10 12 -9 -14
right_child=1 5 3 -5 -6 -7 7 11 9 -11 -12 -13 13 -15
leaf_value=-0.0046648001519126008 -5.8923397417856299e-05 0.0068201060808011811 0.0023914814560406627 -0.0054554826077956742 -0.0046211518809016749 0.0050132389401947265 0.0048410404803367023 0.0013791307707193047 -0.0041456722361405737 -0.0062133053508144744 0.0016329827276092225 -0.00012580806619493911 0.00018473934013874468 0.0095634664003053441
leaf_weight=259.84188107703812 52213.751925227698 70.05632890353445 333.54625666106585 340.37739009549841 190.314153135987 253.04360706871375 108.34430504438933 2937.290179711883 213.73308116407134 289.87072947772685 299.07298904971685 1922.4834527084604 114.46021085057873 138.16263387049548
leaf_count=8543 597072 2917 2678 2368 1387 2473 2290 72799 6245 7094 5248 18932 3273 3535
internal_value=-1.13297e-05 1.29228e-05 -0.000101689 -0.00254089 -0.000336814 0.000964762 0.000757208 0.000631125 -0.00194428 -0.00309032 -0.000929842 0.00110444 0.00183639 0.0060467
internal_weight=59684.3 59424.5 53078 864.238 523.86 6346.52 6093.47 6023.42 911.021 802.677 512.806 5112.4 3189.91 252.623
internal_count=736854 728311 603505 6433 4065 124806 122333 119416 20877 18587 11493 98539 79607 6808
is_linear=0
shrinkage=0.03


Tree=264
num_leaves=15
num_cat=0
split_feature=16 22 6 33 29 28 5 30 26 33 29 18 3 16
split_gain=8.24587 12.9482 10.7571 7.575 7.44736 7.02424 8.68183 6.71802 6.55499 6.49168 10.244 11.8616 8.5764 9.90498
threshold=74.65000000000002 8.5000000000000018 0.82843137254901966 72.500000000000014 0.13970176426035177 -1.2499999999999998 6.5000000000000009 1342.5000000000002 -0.0167444754450062 2195.5000000000005 0.098437848616688986 -1.6000000000000048 57.250000000000007 93.050000000000011
decision_type=8 10 2 2 8 10 2 10 10 2 10 8 2 8
left_child=1 2 8 -3 5 -5 -7 -8 -1 -2 -11 -12 -13 -14
right_child=9 3 -4 4 -6 6 7 -9 -10 10 11 12 13 -15
leaf_value=-0.0014688959427540059 0.00025242700720088187 0.0049771776117045682 0.00076468264954140019 0.003853320004672047 0.0053263548395179336 -0.0043657139160148597 0.0055796822954381044 -0.0035392893398452554 -0.0041751072822966747 -0.0035863648522661898 -0.0017066092790907483 -0.00085315675541997602 0.00099228048198897012 0.0066228711638574838
leaf_weight=5027.4496356447926 45338.175063871779 401.00360457657371 1686.7540958435275 172.00161187408958 164.05399267491885 477.99051519494969 142.4167457849253 74.421935623977333 943.1971081342781 951.49921928159893 2281.6006796581205 887.6623704333324 851.35031681670807 387.00144570856355
leaf_count=71152 522844 13988 27983 5787 2595 12721 5363 2774 22757 10656 24415 6035 5048 2916
internal_value=-1.39285e-05 -0.000843434 -0.00133338 0.00173326 0.000299546 -0.000890408 -0.00224454 0.00237319 -0.00192753 0.000135474 -0.000847135 -0.000222206 0.00137344 0.00294065
internal_weight=59786.6 9089.29 7657.4 1431.89 1030.88 866.831 694.829 216.839 5970.65 50697.3 5359.11 4407.61 2126.01 1238.35
internal_count=737034 165120 121892 43228 29240 26645 20858 8137 93909 571914 49070 38414 13999 7964
is_linear=0
shrinkage=0.03


Tree=265
num_leaves=15
num_cat=0
split_feature=14 23 30 30 4 11 11 11 23 10 21 8 9 25
split_gain=5.69658 5.80979 7.78896 6.75378 8.77279 6.39833 9.37135 7.5229 6.8227 6.46686 4.78594 8.28182 11.0322 6.78298
threshold=100.75000000000001 -2.5049999999999994 90.500000000000014 1476.5000000000002 1.1363636363636369 56.500000000000007 61.500000000000007 67.500000000000014 -1.3049999999999999 200.50000000000003 0.29478609625668456 3.5000000000000004 47.500000000000007 0.19821768090315448
decision_type=10 8 10 10 2 2 2 2 8 2 10 2 2 10
left_child=1 2 -1 -4 -5 8 -7 -8 10 -9 11 -3 -13 -12
right_child=-2 5 3 4 -6 6 7 9 -10 -11 13 12 -14 -15
leaf_value=0.0049498992564703482 0.0061326829883831214 0.0050025227757270084 -0.0040984294690440612 -0.0027244831537064059 0.0051644293587719894 0.0087425591871092261 -0.0054394515935734843 0.0081261817863177762 -2.5651403355435538e-05 -0.0019033514039454699 -0.0027950681997914039 -0.0052943203936833853 0.0040706269113426992 0.0022982991644940449
leaf_weight=90.764411020791158 87.354976241476834 661.34438496432267 817.06006422569044 269.90684421290644 160.64766980567947 137.60761353326961 91.274664519238286 70.210377908311784 56102.397671993385 82.254487659782171 362.13768112193793 170.68518328480422 183.10275404690765 498.62269349815324
leaf_count=647 711 5575 5658 1987 937 2182 1602 1148 706897 1426 3022 1466 1711 3127
internal_value=3.01869e-05 1.61326e-05 -0.00190187 -0.00257187 0.000450093 6.17092e-05 0.00370198 -0.000147519 3.45964e-05 0.00358148 0.00179032 0.00313483 -0.000543611 0.000119621
internal_weight=59785.4 59698 1338.38 1247.61 430.555 58359.6 381.347 243.74 57978.3 152.465 1875.89 1015.13 353.788 860.76
internal_count=738096 737385 9229 8582 2924 728156 6358 4176 721798 2574 14901 8752 3177 6149
is_linear=0
shrinkage=0.03


Tree=266
num_leaves=15
num_cat=0
split_feature=21 16 20 13 17 13 33 17 34 15 10 16 35 27
split_gain=6.14775 7.78689 7.74361 6.89966 11.7349 8.10325 8.58343 11.3242 8.42006 8.37531 9.32928 9.38724 13.224 8.15153
threshold=0.13182720953326715 80.550000000000011 208.50000000000003 74.950000000000017 69.580322580645174 79.250000000000014 1191.5000000000002 84.138013136289018 0.022985582509769172 78.916666666666686 265.50000000000006 83.750000000000014 3.5000000000000004 -219.49999999999997
decision_type=10 8 10 10 10 10 2 10 2 10 2 10 2 10
left_child=1 -1 3 -3 -5 9 8 -8 13 10 11 -6 -13 -7
right_child=-2 2 -4 4 5 6 7 -9 -10 -11 -12 12 -14 -15
leaf_value=-0.00016513772527512507 -0.00033870445932444046 0.00028784053949109821 -0.0030784303229389976 0.007756235625604211 -7.3926684503189126e-05 0.0033896638787767139 0.0044128491651264593 -0.0012885754296892643 0.0038920722983827307 0.0051687072987667889 -0.0015957093852321756 0.0078356215911894248 -6.5258293809104275e-05 -0.0011528125273201225
leaf_weight=17795.609725192189 23207.313655684236 10319.352522019413 425.81492571113631 209.61581165716052 590.85343666933477 351.38660148181953 899.72128238447476 440.08999062725343 358.93645825935528 748.19646635861136 591.46600152575411 460.40993665158749 303.02983164740726 3143.5852083978243
leaf_count=269326 244419 135647 6003 2318 6058 4379 7463 4529 3445 6980 6456 2888 6076 31838
internal_value=4.29132e-05 0.00028477 0.000708994 0.000804662 0.0014575 0.00124231 0.000539699 0.00256111 -0.000186846 0.00256236 0.00145577 0.00279782 0.0048883 -0.000654741
internal_weight=59845.4 36638.1 18842.5 18416.6 8097.29 7887.68 5193.72 1339.81 3853.91 2693.96 1945.76 1354.29 763.44 3494.97
internal_count=737825 493406 224080 218077 82430 80112 51654 11992 39662 28458 21478 15022 8964 36217
is_linear=0
shrinkage=0.03


Tree=267
num_leaves=15
num_cat=0
split_feature=18 22 24 3 13 18 14 15 18 24 11 9 23 4
split_gain=5.87871 11.7459 8.0407 7.93142 7.45311 8.45461 9.63143 7.93081 9.35192 11.5658 9.26792 9.05176 8.8992 8.40851
threshold=-11.566666666666672 3.5000000000000004 0.18274173427923304 58.250000000000007 67.15000000000002 -1.6000000000000048 64.65000000000002 62.541666666666679 -9.3499999999999961 0.050793189061699377 35.500000000000007 29.500000000000004 7.6050000000000013 -2.0400641025641018
decision_type=10 8 10 2 8 10 10 10 10 10 2 2 10 2
left_child=1 -1 -3 -4 5 7 -7 -2 9 10 -9 13 -13 -10
right_child=4 2 3 -5 -6 6 -8 8 11 -11 -12 12 -14 -15
leaf_value=-0.0030768359963163111 -0.0012627039989607219 -0.00044693630530889166 0.0064116871258567834 -0.0023191202492597483 -4.353044551890045e-05 0.0068405440366126986 0.0011683960858753504 0.0091319341648202195 0.004418200157647793 0.00082062826774100179 -0.0039273423371772639 0.0019587293466002331 -0.0044249054846314658 -0.003093037941769205
leaf_weight=1510.2133860656759 1563.4463953506202 8696.4336820025928 251.4660567746032 105.0599024714902 42291.694553770591 392.49826711555943 756.82178343320265 322.54736249078996 113.63258281257004 508.51957510272041 27.976905838120729 2236.7067350808065 167.97816436458379 809.7780060605146
leaf_count=27988 20152 205309 4383 1459 418781 2485 4878 6760 1601 7042 617 24222 2493 8746
internal_value=-3.20182e-05 -0.000672402 -0.000256597 0.00387012 0.000106038 0.00101651 0.00330989 0.000533569 0.00121127 0.00390979 0.00772946 0.000467169 0.00143175 -0.00198926
internal_weight=59754.8 10563.2 9052.96 356.526 49191.6 6899.91 1149.32 5750.59 4187.14 859.044 350.524 3328.1 2404.68 923.411
internal_count=736916 239139 211151 5842 497777 78996 7363 71633 51481 14419 7377 37062 26715 10347
is_linear=0
shrinkage=0.03


Tree=268
num_leaves=15
num_cat=0
split_feature=11 11 1 12 21 25 21 15 3 21 19 12 18 16
split_gain=5.53389 6.83658 9.11444 10.7359 11.2412 9.62769 8.20864 8.3552 7.83513 9.09353 11.6075 7.80044 8.0486 9.722
threshold=13.500000000000002 20.500000000000004 1902.5000000000002 73.15000000000002 0.14962686567164182 0.15327876158482237 0.1856158484065461 59.641666666666673 55.750000000000007 0.069204980842911892 0.9142857142857147 74.350000000000009 -3.999999999999996 88.550000000000011
decision_type=2 2 2 10 10 10 10 10 2 10 10 10 10 10
left_child=-1 2 3 6 5 -5 7 -2 9 10 -3 12 13 -11
right_child=1 8 -4 4 -6 -7 -8 -9 -10 11 -12 -13 -14 -15
leaf_value=0.00017860745157422832 0.0011491146506255197 -0.0040691295090583991 -0.0038245733551261207 0.00053959403189186644 -0.0011877814638758565 0.0050525580502404658 0.0023924648350172719 -0.0033993596835816312 -0.00042282944387931048 0.0010275292919426028 0.002991297342741563 0.00090153742400572528 0.010927876356553578 0.0096453993047330693
leaf_weight=41480.473454270134 408.67782714497298 460.96269457496237 912.60745318268891 1632.1485758281779 2481.9727598434547 532.55266917380504 284.28401319403201 2179.5521662858082 7264.0744416612433 543.15658056060784 309.37109391787089 1121.724923413014 114.89124175626785 106.07454702735413
leaf_count=489864 9700 15162 11218 18246 25989 4576 4108 32424 90391 12469 3589 16103 1073 2614
internal_value=-1.3295e-05 -0.000446352 -0.00107172 -0.000714553 0.000179622 0.00173886 -0.00213933 -0.002673 8.78973e-05 0.00146663 -0.00122412 0.00256898 0.00481107 0.00302459
internal_weight=59832.5 18352.1 8431.8 7519.19 4646.67 2164.7 2872.51 2588.23 9920.26 2656.18 770.334 1885.85 764.122 649.231
internal_count=737526 247662 106261 95043 48811 22822 46232 42124 141401 51010 18751 32259 16156 15083
is_linear=0
shrinkage=0.03


Tree=269
num_leaves=15
num_cat=0
split_feature=7 14 30 4 18 6 23 33 20 29 30 31 17 15
split_gain=4.90182 6.72019 6.32318 6.11486 10.7063 6.54468 6.10412 5.42625 6.76915 5.29003 13.0718 7.99317 9.85041 6.08306
threshold=7.5000000000000009 71.250000000000014 2497.5000000000005 0.25735294117647106 -6.5666666666666726 0.76696832579185525 5.285000000000001 363.50000000000006 17.500000000000004 0.20003494060097837 424.50000000000006 0.014423409639013028 66.952786377708989 95.616666666666688
decision_type=10 8 10 2 10 2 10 2 10 10 10 10 8 10
left_child=9 2 -2 4 6 -5 -3 8 -6 13 -11 -12 -13 -1
right_child=1 3 -4 5 7 -7 -8 -9 -10 10 11 12 -14 -15
leaf_value=0.00012451781866172043 -0.0040930165477866222 -0.0059789844145452971 0.0048852475616178439 -0.0033487933877770059 0.0061058907072993494 0.0023758803146254294 0.0026392354130831326 0.0096725126009429389 -0.0034576054471334577 0.003350595062506572 -0.0012522961558499755 0.0030691601898666715 -0.0077114205041955621 -0.0035123276090363712
leaf_weight=55379.951809232822 786.51943705917802 118.2117290883325 35.498451178660616 544.53285793005489 82.867902338737622 215.99401025148109 92.832915832754225 118.04404199915007 87.770988546311855 371.4034330600407 1247.2323032545391 65.166638409718871 358.74904686328955 367.06947304331698
leaf_count=682009 16679 3266 787 7802 1063 3255 3416 1535 1498 2626 8124 537 2482 3143
internal_value=-1.01407e-05 -0.00142273 -0.00344741 -2.09395e-05 0.00242222 -0.00167668 -0.00240865 0.00578809 0.00151795 4.19435e-05 -0.00143898 -0.00256985 -0.00590521 9.74448e-05
internal_weight=59871.8 2082.27 822.018 1260.25 499.728 760.527 211.045 288.683 170.639 57789.6 2042.55 1671.15 423.916 55747
internal_count=738222 39301 17466 21835 10778 11057 6682 4096 2561 698921 13769 11143 3019 685152
is_linear=0
shrinkage=0.03


Tree=270
num_leaves=15
num_cat=0
split_feature=15 13 14 22 25 18 13 15 2 9 9 14 29 15
split_gain=8.37239 8.17745 6.23781 11.2676 6.05769 5.69016 13.5137 7.44797 9.83301 7.58576 6.15154 5.2407 5.20296 6.13242
threshold=43.783333333333346 44.750000000000007 50.150000000000013 4.5000000000000009 0.14846929119707056 -16.399999999999984 61.350000000000001 56.883333333333347 4.5000000000000009 77.500000000000014 89.500000000000014 51.050000000000004 0.15850170068027214 50.883333333333347
decision_type=8 8 8 10 10 8 8 10 8 2 2 8 8 10
left_child=-1 4 3 -3 11 6 -4 8 -8 -9 -11 -2 13 -5
right_child=1 2 5 12 -6 -7 7 9 -10 10 -12 -13 -14 -15
leaf_value=-0.0052239535482950343 -0.002524853447373901 -0.00084622439676223778 -0.0055388620766218541 -0.00013301222794487685 -0.0025634678014131631 0.00010864465214560253 -0.0017236995728604405 0.0020693817443166087 0.0096121374546320089 -0.0056146142731078926 0.0038899082421156215 0.0059067703745800011 -0.0026896176713811022 0.0076660548752329853
leaf_weight=213.00200515019242 48.630333622451872 506.34465340082534 490.95131781743839 112.80986608483363 88.058023682329804 56647.0162437369 99.944005618453957 304.28960145125166 106.37375289027113 280.52482042531483 38.013430458726361 423.57231253269129 40.851071280892938 380.86050337459892
leaf_count=10362 1554 6377 23682 4031 1032 638899 4081 11413 4026 11418 1385 9818 481 8977
internal_value=0.00011724 0.000140704 0.000104883 0.00235244 0.00359576 6.25325e-05 -0.00184795 0.000528221 0.0048558 -0.00115965 -0.00410651 0.00487982 0.00519569 0.00603554
internal_weight=59781.2 59568.2 59008 1040.87 560.261 57967.1 1320.1 829.146 206.318 622.828 318.538 472.203 534.521 493.67
internal_count=737536 727174 714770 19866 12404 694904 56005 32323 8107 24216 12803 11372 13489 13008
is_linear=0
shrinkage=0.03


Tree=271
num_leaves=15
num_cat=0
split_feature=34 34 30 4 22 12 14 30 26 0 26 29 29 13
split_gain=4.61321 6.85871 6.68552 8.17191 8.8459 7.71546 6.93542 6.34502 8.45889 7.80576 6.31586 6.23906 6.19948 5.99716
threshold=0.014439115014919584 0.01502572633373127 1048.5000000000002 1.7041666666666695 3.5000000000000004 76.15000000000002 87.550000000000011 3088.5000000000005 -0.11834876145557285 11.500000000000002 -0.15510435066070283 0.08158924933224819 0.08067809977009037 44.750000000000007
decision_type=2 2 10 2 10 10 10 10 8 2 10 10 10 8
left_child=13 -2 3 5 6 -3 -5 8 10 12 -4 -6 -10 -1
right_child=1 2 7 4 11 -7 -8 -9 9 -11 -12 -13 -14 -15
leaf_value=0.0028549066054033433 0.003861634995036885 0.00045355289764788465 -0.0016357482876103826 -0.0037598938761762434 -0.0028366654532914681 0.0027518420795304894 0.0041013373206707513 0.0022929668845425005 -0.0026239588450379025 -0.0029987188977975894 -0.0067177889172118322 0.0029695702028984506 0.0018754879457213143 -0.00014810087437953088
leaf_weight=556.12215369474143 490.96120868285652 2882.0130813601427 783.13079855917022 787.31728722155094 184.70376966195181 2404.7784970039502 73.284675057511777 530.17774054198526 297.14351618173532 539.73471833660733 286.09028707933612 559.56865736283362 1346.7736359406263 48080.049771497375
leaf_count=15081 5731 40297 6225 5899 2316 23177 523 5088 4352 8458 2747 5424 13930 598706
internal_value=1.55072e-05 0.000564015 0.000395052 0.000948875 -0.000905332 0.00151495 -0.00290203 -0.000613077 -0.00111427 -2.67306e-05 -0.00323491 0.00144079 0.00100875 -0.000110867
internal_weight=59801.8 11165.7 10674.7 6891.67 1604.87 5286.79 860.602 3783.05 3252.87 2183.65 1069.22 744.272 1643.92 48636.2
internal_count=737954 124167 118436 77636 14162 63474 6422 40800 35712 26740 8972 7740 18282 613787
is_linear=0
shrinkage=0.03


Tree=272
num_leaves=15
num_cat=0
split_feature=16 14 26 18 6 13 9 15 12 16 28 28 13 13
split_gain=7.65514 7.50869 14.3135 10.633 9.85625 9.7923 9.08972 8.35009 8.50676 8.08479 7.80004 7.5671 7.42419 7.64269
threshold=81.550000000000011 75.450000000000017 0.84971635049674854 -14.233333333333329 0.54772727272727284 70.950000000000017 89.500000000000014 75.083333333333357 79.050000000000011 82.050000000000011 1.0000000180025095e-35 3.7500000000000004 68.15000000000002 78.750000000000014
decision_type=10 8 10 10 2 10 2 10 10 10 10 10 10 10
left_child=-1 2 3 -2 5 -5 -4 10 11 12 -7 -9 -3 -14
right_child=1 9 6 4 -6 7 -8 8 -10 -11 -12 -13 13 -15
leaf_value=-0.00030805985653381698 -0.0025345827991896763 -0.0024523834346351441 0.0070619360149796039 0.0047301424088082907 -2.6456201046211811e-06 0.001598556975553976 -0.002974193141534149 0.0075421034799173564 0.001109659110773551 -1.3261000855567447e-05 -0.0030141503318300671 -0.0030648802247615326 0.007441276357740419 0.00064783280173912267
leaf_weight=28698.212857829523 730.96834213938564 139.82951400009915 471.5642016781494 984.53448974038474 3367.0333030112088 668.98570270487107 67.471753167454153 362.9165308480151 918.08879809291102 22201.620811973582 562.01416403334588 43.066387199796736 306.62945760623552 273.92374224867672
leaf_count=406371 19585 1406 5095 11751 38472 7956 715 3689 7810 223721 5747 380 3159 2547
internal_value=4.5009e-05 0.000370797 0.00114832 0.000795167 0.00116326 0.00225691 0.00565987 0.00123141 0.00284066 9.15468e-05 -0.000542828 0.00620423 0.00311286 0.00454145
internal_weight=59796.9 31098.6 8176.64 7637.61 6906.64 3539.61 539.036 2555.07 1324.07 22922 1231 405.983 720.383 580.553
internal_count=738404 332033 101200 95390 75805 37333 5810 25582 11879 230833 13703 4069 7112 5706
is_linear=0
shrinkage=0.03


Tree=273
num_leaves=15
num_cat=0
split_feature=16 11 18 21 32 4 18 17 28 16 26 29 23 23
split_gain=6.21745 11.4647 12.0048 8.07948 9.57445 8.04994 7.24823 7.08894 6.08413 5.93304 5.88171 5.49442 6.12371 5.76679
threshold=86.450000000000017 40.500000000000007 -5.1000000000000041 0.54772727272727284 0.11799052489429059 -2.9076704545454528 -2.8000000000000074 72.101315789473702 2.7500000000000004 86.050000000000011 -0.20636923136225135 0.16276568198596256 1.905 0.89500000000000013
decision_type=8 2 10 10 2 2 10 10 10 10 10 8 10 10
left_child=1 9 7 5 -5 10 -4 -3 -8 -1 -2 12 13 -11
right_child=3 2 6 4 -6 -7 8 -9 -10 11 -12 -13 -14 -15
leaf_value=-0.00011915506326160798 -0.00089523055377693328 -0.0084481755477116803 0.004897746465091877 0.0036543211255540787 -0.0037619724699989362 0.000389933942762029 -0.0051931266320726886 -3.3444311012422393e-05 0.0034184737922697264 -0.00297142226005336 0.0054968632057861185 0.0031271207207552998 -0.0056976718480852423 0.0040493709083761825
leaf_weight=36264.644462710829 160.59526184760034 354.02195905311964 140.4280010140501 153.33353254117537 733.77690021577291 20340.421170911985 176.44195882882923 116.47935405839235 68.466902930289507 230.85929965786636 426.87952752935234 94.0113645629026 412.33806682040449 118.77400867338292
leaf_count=470035 2356 7921 1635 1164 4777 230058 1511 2369 531 1912 6356 684 5147 1086
internal_value=-2.90934e-05 -0.00026085 -0.00359569 0.000374033 -0.00235351 0.000494984 0.000371442 -0.00656831 -0.00261425 -0.00017923 0.00381632 -0.00257735 -0.00343038 -0.000378154
internal_weight=59791.5 37976.5 855.838 21815 887.11 20927.9 385.337 470.501 244.909 37120.6 587.475 855.983 761.971 349.633
internal_count=737542 492831 13967 244711 5941 238770 3677 10290 2042 478864 8712 8829 8145 2998
is_linear=0
shrinkage=0.03


Tree=274
num_leaves=15
num_cat=0
split_feature=8 8 17 1 29 5 24 19 35 21 20 29 32 13
split_gain=6.34943 13.7352 7.94829 8.89391 8.74118 8.03893 8.19475 7.96092 7.6298 8.15866 10.0802 7.68195 10.4944 8.03814
threshold=3.5000000000000004 2.5000000000000004 83.102083333333354 1208.5000000000002 0.21110300081103003 8.5000000000000018 0.32654908335800736 4.1833333333333309 5.5000000000000009 0.13811445341159209 97.500000000000014 0.084211480304894934 0.079854537760674957 69.550000000000011
decision_type=2 2 10 2 10 2 10 10 2 10 10 8 2 10
left_child=1 8 4 5 -2 6 -4 -6 11 10 -10 12 -1 -14
right_child=2 -3 3 -5 7 -7 -8 -9 9 -11 -12 -13 13 -15
leaf_value=0.0028097891503487873 -0.00078781861875772618 0.0069526137358194642 0.00027226282124542854 -0.00056764845457387835 0.0077835063448346261 0.0073391473088421999 0.0066910685780582693 -0.0011013236496012434 0.00049903078028187202 -0.0023690640295975776 -0.0036517408556371394 0.00010109657627534859 -0.00097780613509366315 0.0013877945480445626
leaf_weight=2385.8638044344261 16560.637509381864 220.38972308766097 932.00037424848415 1502.0798448787536 157.3541862568818 228.95386507082731 172.96159015828744 142.00510636530817 3864.7669817521237 1951.4974050107412 558.41804035997484 25857.240538867656 2143.2399993268773 3108.0189414080232
leaf_count=23050 216853 2463 8118 14385 1199 2515 1057 747 146846 58472 22947 194664 19287 25059
internal_value=-3.11966e-06 0.000213545 -0.000443544 0.00101367 -0.000690934 0.00275053 0.00152318 0.00401444 0.00016763 -0.000779785 -5.99563e-05 0.000348837 0.00118151 0.000422186
internal_weight=59785.4 40089.4 19696 2836 16860 1333.92 1104.96 299.359 39869 6374.68 4423.19 33494.4 7637.12 5251.26
internal_count=737662 492788 244874 26075 218799 11690 9175 1946 490325 228265 169793 262060 67396 44346
is_linear=0
shrinkage=0.03


Tree=275
num_leaves=15
num_cat=0
split_feature=20 16 31 16 15 14 31 12 29 33 33 5 25 13
split_gain=7.1419 12.3495 10.5546 8.10682 9.63974 12.1871 16.3818 10.106 8.98693 8.10513 7.57113 9.49033 9.05178 7.00004
threshold=242.50000000000003 70.850000000000009 0.0039367842160086298 74.65000000000002 67.741666666666688 66.050000000000011 -0.013058568403312173 63.150000000000013 0.15016394881330461 173.50000000000003 60.500000000000007 5.5000000000000009 0.026910716375375409 67.550000000000011
decision_type=10 8 10 8 10 8 8 10 8 2 2 2 10 8
left_child=3 2 -2 4 5 7 9 -1 13 -7 -8 -12 -13 -6
right_child=1 -3 -4 -5 8 6 10 -9 -10 -11 11 12 -14 -15
leaf_value=-0.0030352371036240239 -0.0018240389120821919 -0.0037284944550522391 0.009584872657901573 0.00012345263859309507 -0.0050792240869644168 0.010591956334671989 0.0036519542618217182 0.00030642283358934001 -0.0062491306498747125 0.00073778541369627312 -0.0022446079428352209 -0.0046338225446141803 0.0032739480976082158 -0.00081749913099383716
leaf_weight=1605.842524243868 131.19178293237928 983.16811991238501 84.46868103556335 49894.302663546638 371.11551966820844 184.76846029562876 461.25033045845339 1586.6435731232632 389.43083326611668 122.19357386371121 1081.7306814537151 112.53076261293609 686.84098632109817 2141.1028551978525
leaf_count=41985 3562 14712 1782 559783 4737 4671 11431 25166 3244 2724 19056 5104 12768 26586
internal_value=-7.22854e-05 -0.00231721 0.00360748 -2.44536e-05 -0.00086438 -0.00015694 0.00133356 -0.00139534 -0.00226186 0.00732206 0.000412151 -0.000456243 0.00195349 -0.00153389
internal_weight=59836.6 1198.83 215.66 58637.8 8743.45 5841.8 2649.31 3192.49 2901.65 306.962 2342.35 1881.1 799.372 2512.22
internal_count=737311 20056 5344 717255 157472 122905 55754 67151 34567 7395 48359 36928 17872 31323
is_linear=0
shrinkage=0.03


Tree=276
num_leaves=15
num_cat=0
split_feature=4 1 23 16 21 23 31 2 33 30 27 17 23 32
split_gain=8.57843 8.0255 7.10248 10.1366 8.29518 8.0906 8.46703 8.70964 7.76112 7.25825 8.81961 8.4322 11.095 12.8654
threshold=4.5178571428571432 1172.5000000000002 3.8050000000000002 77.15000000000002 0.36602870813397131 3.9050000000000007 -0.0023709012922310574 3.5000000000000004 1135.5000000000002 761.50000000000011 -424.49999999999994 72.601315789473702 9.2050000000000018 0.12759544044715307
decision_type=2 2 10 8 10 10 8 8 2 8 10 10 10 2
left_child=2 -2 3 -1 5 -4 7 -7 -6 11 -11 -8 13 -13
right_child=1 -3 4 -5 8 6 9 -9 -10 10 -12 12 -14 -15
leaf_value=-0.0012633121034309007 0.0017304499590831777 -0.00487667662226545 0.0042390722628689722 5.7180056256144137e-06 -0.00028450293537546909 -0.0030471711110162353 0.0011677083291207584 6.8809250806287629e-05 -0.0074156288199824037 0.0064260602273553775 0.0013779153610792663 -0.0021059312285086505 -0.0059442934825380163 0.0027862909612684753
leaf_weight=6799.1663360045059 199.28514471440576 547.8084006041754 483.47371584386565 32760.012986206217 365.1329830235336 889.12115732545499 3114.0608630583156 5738.6211528378772 174.34095523599535 284.07601033395622 6072.7737955575576 1255.8820010374766 323.98209721012972 718.94870148855262
leaf_count=78680 1642 4773 6283 324144 4244 15924 58111 116356 1865 5124 91879 16435 4941 7203
internal_value=-2.48443e-05 -0.00311625 1.69209e-05 -0.000213714 0.000486064 0.000594033 0.000487013 -0.00036889 -0.00302259 0.00096851 0.0016519 0.000158169 -0.00120514 -0.000300066
internal_weight=59726.7 747.094 58979.6 39559.2 19420.4 18880.9 18397.5 6627.74 539.474 11769.7 6356.85 5412.87 2298.81 1974.83
internal_count=737604 6415 731189 402824 328365 322256 315973 132280 6109 183693 97003 86690 28579 23638
is_linear=0
shrinkage=0.03


Tree=277
num_leaves=15
num_cat=0
split_feature=16 3 15 14 18 10 0 35 23 32 30 8 5 29
split_gain=5.43409 8.12354 7.54918 12.6231 9.10803 6.91314 8.93524 8.77054 7.85169 6.86683 10.7458 7.66049 7.08759 7.89312
threshold=74.65000000000002 57.250000000000007 66.816666666666691 31.050000000000004 -2.5666666666666837 320.50000000000006 10.500000000000002 4.5000000000000009 9.7050000000000018 0.1364889161007852 1938.5000000000002 1.5000000000000002 9.5000000000000018 0.10434899360201748
decision_type=8 2 10 10 10 2 2 2 10 2 10 2 2 10
left_child=1 9 3 5 -5 6 8 -7 -3 10 11 -1 -13 -14
right_child=-2 2 -4 4 -6 7 -8 -9 -10 -11 -12 12 13 -15
leaf_value=-0.0054006384523799696 0.00013076384617897397 0.006041730679570971 -0.0031841356956056658 -0.0029506201724495622 0.0023480175246656564 0.012273624468237631 -0.0036826742714796035 -0.0014470130983305417 -0.0028210444847962608 0.0023972456804845915 -0.0043809556350440032 3.8219552992718621e-05 0.00064976460590600424 0.0094419828985226328
leaf_weight=158.35203481337521 50668.95498216094 262.57866166997701 1654.6466199988499 1390.478972319921 326.14511926472187 75.848741661757231 186.73643592954613 48.550779574667104 91.969727545976639 931.45437006955035 480.52246147370897 3092.8193707194878 234.06440171750728 110.49158518121112
leaf_count=4495 571950 4113 18591 27766 2171 666 5721 2180 2687 10973 9741 65510 7899 2391
internal_value=9.68622e-06 -0.000665591 -0.00165814 -0.000554578 -0.00190596 0.00281997 0.00104212 0.0080391 0.00367821 0.000143031 -0.000394881 0.000190584 0.000521897 0.00430847
internal_weight=59713.6 9044.66 4036.96 2382.31 1716.62 665.684 541.285 124.4 354.548 5007.7 4076.25 3595.73 3437.38 344.556
internal_count=736854 164904 63895 45304 29937 15367 12521 2846 6800 101009 90036 80295 75800 10290
is_linear=0
shrinkage=0.03


Tree=278
num_leaves=15
num_cat=0
split_feature=29 4 1 1 16 12 29 31 22 31 4 27 31 27
split_gain=5.69771 7.26797 8.70716 7.22221 8.45204 11.2149 7.48863 6.0167 8.362 8.00542 7.55894 8.3186 6.84067 7.17152
threshold=0.20003494060097837 -0.16145833333333212 1008.5000000000001 1406.5000000000002 71.050000000000011 65.950000000000017 0.045549773314483503 0.0038077194307205658 10.500000000000002 0.0021212072278032072 -3.1464285714285718 300.50000000000006 0.0031930069721902011 188.50000000000003
decision_type=10 2 2 2 8 8 10 8 10 10 2 10 10 10
left_child=3 2 -2 7 -5 -6 -7 8 10 -10 -1 12 -12 -14
right_child=1 -3 -4 4 5 6 -8 -9 9 -11 11 -13 13 -15
leaf_value=0.0032357938675360589 0.0085737157754625284 -0.0024914207030141155 -0.00044862201129929486 -0.0031528908752192458 0.0022020464583939118 -0.0052394962092010937 -0.00043178468333879738 0.00070573778481080999 -0.0037029041313441928 0.0041636103048275971 3.1678727521676661e-05 0.0063075478741153046 -0.0038905973972026067 0.0038302929551718421
leaf_weight=612.03359800088219 72.701320330612361 1603.6325921211392 426.5858869436197 932.68585053668357 1436.7370694273559 247.72971449932083 15616.242180733709 16759.990204155562 838.10992414632346 91.775590511737391 20355.920801174361 135.40669392445125 657.19542494101916 86.605059360386804
leaf_count=12584 507 10759 3009 24031 30471 4526 169660 185237 19478 1771 265050 2507 7621 1054
internal_value=-8.93554e-06 -0.0015243 0.00152598 4.74961e-05 -0.000445696 -0.000291085 -0.000523087 0.000275218 -4.24218e-05 -0.00275368 7.90022e-05 -1.93694e-05 -7.47878e-05 -0.00280697
internal_weight=59873.4 2102.92 499.287 57770.4 18233.4 17300.7 15864 39537 22777 929.886 21847.2 21235.1 21099.7 743.8
internal_count=738265 14275 3516 723990 228688 204657 174186 495302 310065 21249 288816 276232 273725 8675
is_linear=0
shrinkage=0.03


Tree=279
num_leaves=15
num_cat=0
split_feature=17 34 13 18 5 15 29 27 9 2 6 17 10 13
split_gain=4.32091 5.73343 8.18479 7.86689 5.26732 8.3121 7.43119 6.7448 9.31904 8.05568 8.67329 8.24761 7.93195 7.86868
threshold=90.301785714285742 -0.0061059132189285031 94.750000000000014 -0.69999999999999918 9.5000000000000018 85.4166666666667 0.07775841287915497 12.500000000000002 84.500000000000014 5.5000000000000009 0.73030303030303034 69.369098143236087 281.50000000000006 74.050000000000011
decision_type=10 2 10 10 2 8 8 10 2 8 2 10 2 8
left_child=4 3 -3 -2 -1 6 -6 9 -9 10 -8 12 -12 -11
right_child=1 2 -4 -5 5 -7 7 8 -10 13 11 -13 -14 -15
leaf_value=-0.00015227441242536018 0.0055205238734120912 -0.0044131913859247396 0.00051827611503532873 -0.0027503446984405476 0.0024973833657859369 0.0030804733062333501 0.0055557968568400477 -0.0011087453571069147 0.0031477081898349133 -0.0025115189637994078 -0.002361345096426379 -0.0046502536482831694 0.0064545198628628599 0.0038174374468951623
leaf_weight=52307.159383803461 168.03891447093338 749.12691511074081 472.33534070104361 154.10273812199011 978.24818275601137 1101.5274495850317 60.66649021115154 919.32874203356914 845.25915883167181 261.71811441914178 213.34789917361923 1003.8194872250315 91.964620772283524 367.42994568333961
leaf_count=626799 2158 7218 4286 1023 23748 15810 1089 13572 12571 4209 4428 13421 1982 4505
internal_value=-9.8896e-05 -0.00164009 -0.00256082 0.00172605 -5.66113e-05 0.000793756 0.000235946 -0.000376901 0.000960701 -0.00155231 -0.00281112 -0.00338898 0.00082873 0.00119359
internal_weight=59694.1 1543.6 1221.46 322.142 58150.5 5843.31 4741.78 3763.53 1764.59 1998.95 1369.8 1309.13 305.313 629.148
internal_count=736819 14685 11504 3181 722134 95335 79525 55777 26143 29634 20920 19831 6410 8714
is_linear=0
shrinkage=0.03


Tree=280
num_leaves=15
num_cat=0
split_feature=14 22 10 32 13 27 5 32 11 27 11 23 13 28
split_gain=6.95721 8.18528 8.34721 7.0785 10.2358 12.352 8.99935 8.60234 8.36857 6.84064 6.74488 6.61208 7.23009 6.59786
threshold=36.350000000000001 2.5000000000000004 313.50000000000006 0.066692053820766706 73.550000000000011 -10.499999999999998 4.5000000000000009 0.085764238815086283 13.500000000000002 -249.49999999999997 21.500000000000004 3.8050000000000002 93.350000000000009 2.7500000000000004
decision_type=8 10 2 2 10 10 2 2 2 8 2 10 10 10
left_child=1 -1 10 4 -2 -6 -7 8 9 -5 -3 -9 -13 -11
right_child=3 2 -4 7 5 6 -8 11 -10 13 -12 12 -14 -15
leaf_value=-0.003073325957149453 -0.0017282933678121929 0.010635649005485432 -0.0032593812496708274 -0.0022176232158302176 0.0034685458363834152 0.001598883774179951 -0.0029493688849329129 -0.00043003264263383488 -0.0003743190010602964 0.0023621587164933786 -0.0015110797545956735 0.0004836894418212483 -0.0040329678491536685 -0.0013404276326425147
leaf_weight=79.588609948288649 5311.6231164281489 165.74550383375026 39.764900231501088 339.11123702302575 830.66625534836203 651.52965430123731 847.7518826527521 31097.166102748248 2906.7153392124455 3991.7880129020195 36.807366413762793 12798.342439992819 277.4488997568842 452.84253870032262
leaf_count=825 119397 4122 1057 5986 12217 7968 11939 284102 42871 62368 836 174677 3524 5514
internal_value=-0.000131303 0.00395953 0.00640003 -0.000156739 -0.00100603 0.000642239 -0.000985061 -3.07554e-05 0.000891894 0.00165719 0.00856621 -0.000192214 0.000372855 0.0019742
internal_weight=59826.9 321.906 242.318 59505 7641.57 2329.95 1499.28 51863.4 7690.46 4783.74 202.553 44173 13075.8 4444.63
internal_count=737403 6840 6015 730563 151521 32124 19907 579042 116739 73868 4958 462303 178201 67882
is_linear=0
shrinkage=0.03


Tree=281
num_leaves=15
num_cat=0
split_feature=30 29 6 26 12 29 31 30 10 13 15 2 20 33
split_gain=5.43981 7.46157 6.10936 4.69281 4.6066 4.49933 10.6976 6.32978 8.93192 9.10007 8.54907 7.84071 7.4117 6.27319
threshold=4057.5000000000005 0.12180060685238771 0.80625000000000013 -0.11834876145557285 87.450000000000017 0.17814785550587606 0.00053358171837581216 2347.5000000000005 267.50000000000006 72.950000000000017 80.183333333333351 5.5000000000000009 22.500000000000004 250.50000000000003
decision_type=8 10 2 10 10 10 10 10 2 8 8 8 10 2
left_child=5 3 4 -2 -3 -1 -7 8 11 -10 12 -8 -11 -14
right_child=1 2 -4 -5 -6 6 7 -9 9 10 -12 -13 13 -15
leaf_value=4.2335814824836266e-05 0.0087219784482335111 -0.0030347542043400919 0.0045250832783027793 0.0019406541839543695 0.003656864486956971 0.0054298682209547701 0.0017043652951338737 -0.003593042552782959 -0.0067570003946098457 -0.0014886166302254379 -0.00336169063820285 -0.0022377683404014898 -0.0011412216703891444 0.00970033481189299
leaf_weight=54618.236560512916 142.60230778320692 389.18918436928652 143.62245737737976 250.29348215437494 72.264923735056072 174.41090997960418 1436.3414461254142 816.95840775710531 308.46162249636836 188.97490646410733 495.32609250908718 605.5247051352635 56.754251291044056 99.003426358569413
leaf_count=695848 1501 3467 1321 3701 602 1266 10879 5567 2639 1390 3500 4408 467 710
internal_value=7.5161e-06 0.00214993 -1.46047e-05 0.00510874 -0.00173178 -3.06414e-05 -0.000973041 -0.00131519 -0.000685466 -0.00274299 -0.000972303 0.000509763 0.00245181 0.00643258
internal_weight=59798 997.972 605.077 392.896 461.454 58800 4181.76 4007.34 3190.39 1148.52 840.059 2041.87 344.733 155.758
internal_count=737266 10592 5390 5202 4069 726674 30826 29560 23993 8706 6067 15287 2567 1177
is_linear=0
shrinkage=0.03


Tree=282
num_leaves=15
num_cat=0
split_feature=18 33 12 15 26 28 24 12 17 25 18 13 15 20
split_gain=5.6118 5.14193 6.16004 9.09462 6.50022 9.81076 7.1933 9.09837 5.53266 6.09438 7.87844 6.36325 6.92078 8.3597
threshold=-29.066666666666663 2138.5000000000005 91.050000000000011 88.716666666666683 -0.17199395266737547 -1.0000000180025095e-35 0.086292731243192394 91.550000000000011 93.592105263157904 0.08501954059005408 -12.599999999999989 78.250000000000014 77.883333333333354 17.500000000000004
decision_type=8 2 10 10 10 10 10 10 10 8 10 8 8 10
left_child=-1 2 3 -2 -4 6 -6 -8 9 10 -3 -11 13 -13
right_child=1 8 4 -5 5 -7 7 -9 -10 11 -12 12 -14 -15
leaf_value=-0.0043513918142494045 5.2927621585144646e-05 -0.0061103706880215125 0.0019659203349198019 0.0028829223737414935 -0.0038180560694761325 -0.0042013783425220719 -0.0058953273154468844 0.0037907208697980648 0.0041143282357459518 -0.0030524026637590669 0.0028635574363421999 -0.0027455019908675365 -0.0011802151666961398 0.0052742098622258152
leaf_weight=223.96623269247357 50587.992789496639 54.917054748162627 350.59733259119093 993.14258460025303 207.99567786534317 973.4955098030623 59.318917215801775 450.80309885181487 145.38269233051687 1420.2454998015892 567.02315781917423 139.50178453419358 3359.9530102284625 292.46045972988941
leaf_count=13870 639926 1642 2625 9917 2540 8648 491 3486 1210 13314 6439 1244 29620 2775
internal_value=-6.75555e-05 -4.78246e-05 4.55308e-05 0.000110155 -0.00155035 -0.00231464 0.000350066 0.00223868 -0.00087846 -0.00103678 0.00167545 -0.00137326 -0.000712808 0.00266812
internal_weight=59826.8 59602.8 53623.3 51581.1 2042.21 1691.61 718.118 510.122 5979.48 5834.1 621.94 5212.16 3791.92 431.962
internal_count=737747 723877 667633 649843 17790 15165 6517 3977 56244 55034 8081 46953 33639 4019
is_linear=0
shrinkage=0.03


Tree=283
num_leaves=15
num_cat=0
split_feature=6 32 16 4 14 28 21 4 33 2 27 30 26 14
split_gain=4.97346 9.90996 9.08817 9.40188 9.06291 10.577 8.22239 8.56374 9.84804 6.62511 6.57917 8.92816 8.1017 6.44673
threshold=0.22649572649572652 0.16722870410012022 92.950000000000017 1.1933760683760684 76.350000000000009 -0.74999999999999989 0.20881782945736438 -1.0540935672514633 290.50000000000006 3.5000000000000004 -249.49999999999997 1507.5000000000002 -0.08569819368615933 62.350000000000001
decision_type=2 2 10 2 10 10 10 2 2 8 10 8 10 10
left_child=1 2 4 9 10 -6 7 -3 -9 -4 -1 13 -13 -12
right_child=-2 6 3 -5 5 -7 -8 8 -10 -11 11 12 -14 -15
leaf_value=-0.0025904624782329693 0.00010387651920483492 -0.0023712473887146715 -0.0070574915496341463 0.006530027838477114 0.00020228925385823763 -0.0036736075347317781 -0.0012087259599420242 -0.0010131369984209954 0.0069609455743394472 0.0013287768383609187 -0.0022743169941206588 -0.00060205694643011224 0.0037873126795813644 0.00020663249742981443
leaf_weight=1079.5917355304118 48464.719379164249 146.29223968787119 57.192638068692759 239.84649385767989 897.37919797608629 2065.9996674944414 479.51730533502996 171.83835594519041 494.15429293341003 358.60317777469754 1570.486432143487 650.99540695734322 815.81934273114894 2235.6016878420487
leaf_count=16059 605188 1268 698 2559 10444 19722 3626 1328 3652 4183 23826 5764 11829 27020
internal_value=-2.82336e-05 -0.000594635 -0.000916515 0.00237959 -0.00115996 -0.00251602 0.00183155 0.00359234 0.00497641 -0.000458503 -0.000512659 -6.69054e-05 0.00188361 -0.000833285
internal_weight=59728 11263.3 9971.52 655.642 9315.87 2963.38 1291.8 812.285 665.993 415.796 6352.49 5272.9 1466.81 3806.09
internal_count=737166 131978 122104 7440 114664 30166 9874 6248 4980 4881 84498 68439 17593 50846
is_linear=0
shrinkage=0.03


Tree=284
num_leaves=15
num_cat=0
split_feature=23 25 23 17 16 24 15 18 24 15 16 5 18 6
split_gain=6.2109 7.47537 7.34454 6.13974 7.13997 6.27533 5.80079 8.92863 8.63848 8.06978 7.74221 8.88804 9.56986 8.87369
threshold=-0.99499999999999988 0.41455283536784238 -4.4949999999999992 90.912771739130449 92.950000000000017 0.1716636470715884 67.741666666666688 -1.0000000180025095e-35 0.11193883809913253 67.483333333333363 75.550000000000011 4.5000000000000009 -0.69999999999999918 0.13809523809523813
decision_type=8 10 10 10 10 10 8 10 10 10 8 2 10 2
left_child=2 3 -1 4 6 -5 7 9 -9 -2 11 13 -13 -8
right_child=1 -3 -4 5 -6 -7 10 8 -10 -11 -12 12 -14 -15
leaf_value=-0.0026876057256495587 8.2922624588940914e-05 0.0044776201211101218 0.0014858403938129497 -0.0040191402193156542 0.0013747332850612799 0.00070105284476305256 0.0010900742454468479 0.0064724010949724136 -0.00035215890077832301 0.0043935710466553963 -0.00016583225267953326 0.00092799019522178542 -0.0035384436494761448 -0.0041917606942889962
leaf_weight=373.25236171344295 9867.7480588468025 273.3163605122827 3971.0444541856414 651.87146074348129 2930.3976747457637 376.32418902497739 335.88819282222539 370.186962059699 268.78183758351952 357.08092920272611 36514.991719714832 1580.9094065118115 537.4960176483728 1373.4914600551128
leaf_count=2393 204265 1662 31688 7667 35715 2906 3834 2549 1513 5352 396520 23102 3696 14727
internal_value=1.5092e-05 -7.08994e-05 0.00110077 -9.74694e-05 -5.27755e-05 -0.00233913 -0.000135729 0.000478138 0.00378443 0.000254111 -0.000301423 -0.00157607 -0.000260723 -0.00315241
internal_weight=59782.8 55438.5 4344.3 55165.2 54137 1028.2 51206.6 10863.8 638.969 10224.8 40342.8 3827.79 2118.41 1709.38
internal_count=737589 703508 34081 701846 691273 10573 655558 213679 4062 209617 441879 45359 26798 18561
is_linear=0
shrinkage=0.03


Tree=285
num_leaves=15
num_cat=0
split_feature=3 16 20 33 33 33 1 20 30 20 30 20 12 22
split_gain=4.86266 13.169 10.0947 7.14583 11.2598 10.6265 9.70134 12.141 11.3575 7.55346 7.88913 9.92985 10.6364 7.92223
threshold=59.750000000000007 70.15000000000002 285.50000000000006 541.50000000000011 513.50000000000011 762.50000000000011 1752.5000000000002 19.500000000000004 120.50000000000001 20.500000000000004 320.50000000000006 44.500000000000007 57.650000000000013 7.5000000000000009
decision_type=2 8 10 2 2 2 2 8 10 8 10 10 8 8
left_child=-1 -2 3 4 9 -5 7 8 -7 -3 11 12 -11 -12
right_child=1 2 -4 5 -6 6 -8 -9 -10 10 13 -13 -14 -15
leaf_value=-3.9046405831265225e-05 -0.0050845537939636816 0.00037492515790731599 -0.0066030192339822632 -0.002916192895376259 0.0097015304828839913 -0.0055913339602421666 -0.0031186587602612544 -0.00034478469304110237 0.0053418886289432676 -0.0037686550405515201 0.0025947034921254882 0.00083199931082411865 0.0086637894670165833 -0.0026630919818075882
leaf_weight=51952.786403372884 283.80061053368263 2238.3439722836483 104.69192190258764 764.67893596366048 113.19697954179719 54.278308280277997 365.79782795789652 991.16571290232241 829.24066255195066 41.906991959782317 939.69547471962869 342.96751290583052 480.14003078336827 303.87236564001068
leaf_count=662232 3495 21103 1505 6931 1048 444 3149 8958 6753 553 9162 3680 4575 4188
internal_value=6.63836e-05 0.000759639 0.00101066 0.00116066 0.00191578 2.69316e-05 0.00107315 0.00195085 0.00440671 0.00160502 0.00287187 0.0049984 0.00742361 0.00125666
internal_weight=59806.6 7853.78 7569.98 7465.28 4460.12 3005.16 2240.48 1874.68 883.519 4346.93 2108.58 865.015 522.047 1243.57
internal_count=737776 75544 72049 70544 44309 26235 19304 16155 7197 43261 22158 8808 5128 13350
is_linear=0
shrinkage=0.03


Tree=286
num_leaves=15
num_cat=0
split_feature=18 26 29 2 17 10 31 10 1 6 10 31 29 23
split_gain=8.76478 7.2602 6.44904 8.64302 9.25114 10.2791 8.6106 7.40145 7.44125 6.52131 9.34239 6.13242 6.0917 6.03632
threshold=-25.350000000000001 -0.15510435066070283 0.17814785550587606 5.5000000000000009 82.805718954248377 279.50000000000006 0.0084370870706127667 123.50000000000001 1409.5000000000002 0.86190476190476206 257.50000000000006 0.010538467001528136 0.17424887884306686 5.0050000000000008
decision_type=8 10 10 8 8 2 10 2 2 2 2 10 10 8
left_child=1 -1 12 4 5 -4 -5 8 -6 10 -9 -7 -2 -8
right_child=2 -3 3 6 7 11 13 9 -10 -11 -12 -13 -14 -15
leaf_value=0.0043105736727855337 6.7042150844238074e-05 -0.0053247610719608443 0.0024337293748798506 0.00077048182187852189 -0.0071091560779772238 0.0019215904259940325 -0.0060943011661119184 0.0060999675187711601 0.00068714918061553345 -0.0054499864464029376 -0.0017077951818974505 -0.0038247731699544542 0.0028325038616779756 -0.00031169878103472557
leaf_weight=44.842635917011648 54297.740540576924 396.63563058211002 1349.1004625342321 340.15195711236447 343.4425598050002 212.35949328402057 643.24769528442994 179.68476304830983 141.6003262870945 108.25854662084021 305.76149735576473 455.86528133228421 676.53337226808071 219.50220002559945
leaf_count=896 676767 22616 10004 2374 2492 1494 4315 1246 1046 785 2119 3572 5592 1949
internal_value=-1.73379e-05 -0.0040071 1.57309e-05 -0.00109642 -0.000241581 0.000955031 -0.00319918 -0.0024225 -0.00498163 -0.0001072 0.00148194 -0.00199196 0.000103618 -0.00472075
internal_weight=59714.7 441.478 59273.2 4298.97 3096.07 2017.33 1202.9 1078.75 485.043 593.705 485.446 668.225 54974.3 862.75
internal_count=737267 23512 713755 31396 22758 15070 8638 7688 3538 4150 3365 5066 682359 6264
is_linear=0
shrinkage=0.03


Tree=287
num_leaves=15
num_cat=0
split_feature=31 12 1 31 30 23 17 12 34 0 33 29 17 12
split_gain=7.45406 11.2493 7.49222 7.25679 11.5619 8.94037 8.83585 8.83207 8.68741 7.94853 8.86291 8.81582 7.66857 8.44884
threshold=-0.0075706627097155066 59.350000000000001 901.50000000000011 -0.0091617121863743923 403.50000000000006 0.19500000000000003 75.701315789473696 80.050000000000011 -0.015819854436206645 9.5000000000000018 54.500000000000007 0.096362060816133618 66.569397993311057 82.550000000000011
decision_type=10 8 2 8 10 8 8 10 2 2 2 10 8 10
left_child=1 -1 -3 4 6 -6 7 -4 -5 10 -7 -11 -10 -14
right_child=-2 2 3 8 5 9 -8 -9 12 11 -12 -13 13 -15
leaf_value=-0.0022846319973851923 -0.00015920978601446096 -0.0042293415085561713 0.0025074762725914189 -0.0024380079418578229 -0.0036412191907229802 -0.0078444376056285327 0.00034046434617474047 0.0096931659808071873 -0.0017616877110736449 0.0027876063246916306 -0.00055193121191828216 -0.0018206193268582402 0.0058235435179084987 4.7132268140745876e-05
leaf_weight=978.22333755833097 48939.309939486207 191.39860784984194 2091.021816459368 202.23200452548917 595.4185068407096 119.55196042172611 1903.5563376778737 126.64740890683606 173.71361370419618 1315.4369958764873 1389.2640815267805 474.85924120876007 972.11808128724806 294.33309058612213
leaf_count=26912 579836 2219 30221 2895 5964 1630 23015 1209 3362 22882 15412 5970 12796 2999
internal_value=-1.47062e-06 0.000708933 0.00101628 0.00114148 0.000759031 -0.000411657 0.001857 0.00312252 0.00293047 0.000216869 -0.00136284 0.00154906 0.00374084 0.00453384
internal_weight=59767.1 10827.8 9849.55 9658.15 8015.76 3894.53 4121.23 2217.67 1642.4 3299.11 1508.82 1790.3 1440.16 1266.45
internal_count=737322 157486 130574 128355 106303 51858 54445 31430 22052 45894 17042 28852 19157 15795
is_linear=0
shrinkage=0.03


Tree=288
num_leaves=15
num_cat=0
split_feature=19 15 14 15 14 14 30 1 32 16 14 30 3 28
split_gain=4.46113 10.7302 9.8187 7.21538 6.02738 8.95515 6.36618 5.69526 5.46619 5.30912 5.68433 6.95734 5.23132 5.40117
threshold=8.7820202020202007 67.883333333333354 87.950000000000017 70.383333333333354 92.350000000000009 91.850000000000009 1763.5000000000002 1762.5000000000002 0.14964080385619771 65.950000000000017 70.950000000000017 1300.5000000000002 61.750000000000007 -3.2499999999999996
decision_type=10 10 10 10 10 10 10 2 2 10 10 10 2 10
left_child=4 9 3 -3 5 -1 -7 8 -4 -2 11 -11 13 -5
right_child=1 2 7 12 -6 6 -8 -9 -10 10 -12 -13 -14 -15
leaf_value=-5.6097151929396047e-05 -0.0018758888111709813 -0.0033461942636123141 0.0084407014878376731 0.0050033017871023771 -0.0020411987905923639 0.0088030372182124322 -0.0013397797798640294 -0.0017208215077859558 0.0010781601872142355 0.0080233017435975846 -0.0018835085538506384 -0.00060567354763937161 0.0039951186235044275 -8.4732920612477799e-05
leaf_weight=50923.452343668236 82.801500289700925 478.52100601885468 216.66502028377727 144.58451883494854 1325.8726596173365 123.76937934779562 64.654133876319975 91.084743313957006 162.69853506609797 381.59149574255571 64.13494186475873 96.137196942232549 278.05976480478421 5326.9156990088522
leaf_count=679286 635 3058 1246 897 14254 1360 723 509 854 2484 428 619 1631 30252
internal_value=1.5312e-05 0.000706292 0.000340437 9.56774e-06 -8.17678e-05 -2.89938e-05 0.00577161 0.00429895 0.00577637 0.00431352 0.00533789 0.00639396 0.0003153 9.38084e-05
internal_weight=59760.9 7323.19 6698.53 6228.08 52437.7 51111.9 188.424 470.448 379.364 624.665 541.864 477.729 5749.56 5471.5
internal_count=738236 42613 38447 35838 695623 681369 2083 2609 2100 4166 3531 3103 32780 31149
is_linear=0
shrinkage=0.03


Tree=289
num_leaves=15
num_cat=0
split_feature=14 16 31 15 33 23 2 27 34 20 2 5 14 25
split_gain=7.65168 6.91899 6.00544 7.70096 8.18977 10.4474 6.83481 12.7336 6.8517 7.03214 6.61119 6.43877 6.69608 7.32119
threshold=36.350000000000001 79.950000000000017 -0.0015078767227414177 49.183333333333344 28.500000000000004 -0.23499999999999996 6.5000000000000009 -86.499999999999986 0.00625205856923084 16.500000000000004 7.5000000000000009 1.5000000000000002 90.550000000000011 0.15525076265737761
decision_type=8 10 10 8 2 10 10 10 2 10 10 2 10 10
left_child=1 -1 3 10 5 -5 -4 8 9 -8 -2 -9 13 -13
right_child=2 -3 6 4 -6 -7 7 11 -10 -11 -12 12 -14 -15
leaf_value=0.0072483474729277513 -0.0071073743114857648 -0.0011701419282229085 0.00045750302831605756 -0.0020241322621152164 -0.00046274779052403936 0.0028921469250014777 -5.0157193507629917e-05 0.0016240816330525063 -0.0010178517517144133 0.0045666852346212972 0.0049522404232923926 -0.0013011579355040022 0.0031984163964395257 -0.0042734824050822927
leaf_weight=199.57134171226062 191.49906120728701 116.64206520817243 31992.860132020782 492.76699270156678 19494.133850708487 1388.7591872435296 494.71557587536518 457.2908923169598 658.06929278071038 688.62395903782453 12.59931480407249 2280.3932580775581 167.10129992919974 1113.2865234650671
leaf_count=5085 8496 1723 359967 8185 264036 24123 6019 4508 7168 8505 739 28587 1579 8694
internal_value=8.40415e-05 0.00440723 5.73543e-05 -0.000341564 -0.000279176 0.00158552 0.00028493 -0.000653221 0.00138787 0.00271275 -0.00553493 -0.00159418 -0.00202425 -0.00232411
internal_weight=59748.3 316.213 59432.1 21579.8 21375.7 1881.53 37852.3 5859.48 1841.41 1183.34 204.098 4018.07 3560.78 3393.68
internal_count=737414 6808 730606 305579 296344 32308 425027 65060 21692 14524 9235 43368 38860 37281
is_linear=0
shrinkage=0.03


Tree=290
num_leaves=15
num_cat=0
split_feature=22 2 35 13 24 23 19 13 1 13 19 11 13 13
split_gain=7.79502 8.29496 9.49663 8.48332 8.84383 10.2869 11.9465 7.22389 7.77093 11.0596 6.95382 11.2058 8.37243 7.84906
threshold=8.5000000000000018 4.5000000000000009 5.5000000000000009 58.150000000000013 0.020332307498580813 8.6050000000000022 -0.44999999999999213 73.250000000000014 1609.5000000000002 79.050000000000011 0.9142857142857147 5.5000000000000009 63.750000000000007 71.750000000000014
decision_type=10 10 2 8 10 10 10 8 2 10 8 2 8 8
left_child=10 3 -3 -2 5 6 -5 -6 -9 -10 11 13 -12 -1
right_child=1 2 -4 4 7 -7 -8 8 9 -11 12 -13 -14 -15
leaf_value=0.0021340522395116449 0.0042627673776037744 0.0036325233545840226 -0.00031478978900699401 0.001133610222014618 -0.0016243136375661096 0.000740388371610003 -0.0085956485008768339 0.0023768022514827872 0.0037996081558765958 -0.0068752657197749222 0.0018401173163320465 -0.0012468050849659368 -3.4767269789479611e-06 -0.00047822690880229031
leaf_weight=1722.2905898451572 356.75602043559775 1647.5542544703931 799.33785400213674 149.34417774016038 899.98824447067454 382.98506213061046 315.88991927285679 1597.4029636280611 105.47944696072955 165.20385258295573 2306.6370047694072 9471.9713389538229 37409.697942841711 2454.7404748578556
leaf_count=37248 12738 15229 34594 6217 16193 11578 4462 22594 1625 2323 21546 177681 332084 41635
internal_value=2.40097e-05 0.00100744 0.00236255 0.000153876 -0.000304083 -0.00289295 -0.00566555 0.000526476 0.00157799 -0.00277165 -9.51312e-05 -0.000677985 0.000105774 0.000611381
internal_weight=59785.3 6419.94 2446.89 3973.05 3616.29 848.219 465.234 2768.07 1868.09 270.683 53365.3 13649 39716.3 4177.03
internal_count=737747 127553 49823 77730 64992 22257 10679 42735 26542 3948 610194 256564 353630 78883
is_linear=0
shrinkage=0.03


Tree=291
num_leaves=15
num_cat=0
split_feature=14 26 31 3 30 25 29 4 29 30 29 3 29 3
split_gain=5.16905 7.86839 7.32507 6.93902 9.84089 10.6396 10.2989 9.62846 8.36028 8.5762 8.35136 7.40614 6.94772 6.74075
threshold=76.950000000000017 -0.28213645873241316 0.028106926952684751 59.750000000000007 679.50000000000011 0.13611390941087378 0.099810462226443769 -0.4076704545454532 0.15516500562831179 839.50000000000011 0.1118649445065818 57.250000000000007 0.096040059807085687 60.750000000000007
decision_type=10 10 10 2 10 10 10 2 8 10 10 2 10 2
left_child=-1 2 -2 7 -5 6 -6 11 9 -9 -7 -3 -13 -12
right_child=1 3 -4 4 5 10 -8 8 -10 -11 13 12 -14 -15
leaf_value=0.00015948920106135253 -0.0027163014882180115 9.6760021344519307e-05 0.0055037008391904362 0.0031738306877768258 0.001500310897907896 -0.0016292212774654412 -0.0050189328078649505 -0.0026154847514803714 0.00063995787841968305 -0.00065375098305953106 0.0053587459862414226 -0.00090582473940177034 0.0055040298212427957 -0.00034549790064027612
leaf_weight=38616.167755191913 1718.7629961378407 5067.3794556545326 57.567299488931894 1152.9525730030145 313.71228241641074 434.8880007895641 548.18062666850165 3394.1245559828822 2097.7551946088206 4914.4102054464165 483.93512385804206 207.9012844406534 413.34298042813316 277.6337398069445
leaf_count=518668 12119 63178 357 10893 3846 3946 5668 35653 16987 52878 3719 2771 4211 2066
internal_value=-4.67534e-05 -0.000424004 -0.00230652 -0.000245286 0.00101783 -0.000236446 -0.0026939 -0.000499679 -0.00104043 -0.00146599 0.00157088 0.000489978 0.00345126 0.00338607
internal_weight=59698.7 21082.5 1776.33 19306.2 3211.3 2058.35 861.893 16094.9 10406.3 8308.53 1196.46 5688.62 621.244 761.569
internal_count=736960 218292 12476 205816 30138 19245 9514 175678 105518 88531 9731 70160 6982 5785
is_linear=0
shrinkage=0.03


Tree=292
num_leaves=15
num_cat=0
split_feature=25 23 21 28 29 1 17 34 27 1 23 29 2 30
split_gain=6.36169 5.53861 4.90273 7.37429 8.02147 7.95931 6.51636 5.07934 8.43693 6.59398 8.4433 6.38924 9.36849 8.20986
threshold=0.010181999626397507 9.6050000000000022 0.50862068965517249 0.75000000000000011 0.14576738534396813 1055.0000000000002 88.20178571428572 -0.012655823875335365 85.500000000000014 1001.0000000000001 0.70500000000000007 0.1431635456185156 5.5000000000000009 1023.5000000000001
decision_type=8 10 10 10 10 2 10 2 8 2 10 10 10 8
left_child=1 -1 7 4 6 -5 -4 8 -2 -10 -11 13 -13 -12
right_child=2 -3 3 5 -6 -7 -8 -9 9 10 11 12 -14 -15
leaf_value=0.0069662804203322109 0.00012151016982207359 -0.0020240529885882717 0.0036606716074721571 0.0020735841396754594 -0.0035449873189998512 -0.0058174069165406036 -0.0024767722737497546 0.0001016371120172096 0.0027877385246162967 -0.0043701591942923263 -0.0016367129430482805 -0.0065083064195931677 0.0032344025071252857 0.0023015851213093129
leaf_weight=158.66505017806776 5055.0755254044197 61.101652905344963 463.10452553187497 119.66059584962204 330.65450896322727 472.93937457469292 182.57103758165613 49250.554364522919 226.94017505063675 985.08852140314411 1477.5707683294313 318.81418254878372 83.159396988572553 643.43837990344036
leaf_count=5802 68201 4832 3983 773 2135 3325 1270 594691 3503 11857 23450 3134 853 10253
internal_value=-4.18002e-05 0.00455484 -6.25501e-05 -0.00169092 -4.59245e-05 -0.00418666 0.00187197 -1.71152e-05 -0.000679292 -0.00175041 -0.00207903 -0.00111693 -0.00435792 -0.000416483
internal_weight=59829.3 219.767 59609.6 1568.93 976.33 592.6 645.676 58040.6 8790.09 3735.01 3508.07 2522.98 401.974 2121.01
internal_count=738062 10634 727428 11486 7388 4098 5253 715942 121251 53050 49547 37690 3987 33703
is_linear=0
shrinkage=0.03


Tree=293
num_leaves=15
num_cat=0
split_feature=32 23 5 24 35 31 7 1 0 14 18 12 32 20
split_gain=5.98051 5.20895 6.89813 4.91115 4.50276 5.83312 4.26604 4.25541 4.28472 4.11103 8.565 8.06892 9.60798 10.1935
threshold=0.035957823656390109 4.0850000000000009 6.5000000000000009 0.13531941903680786 11.500000000000002 -0.010385813524571212 6.5000000000000009 1601.0000000000002 8.5000000000000018 68.050000000000011 -15.899999999999979 64.550000000000011 0.047936014313708787 30.500000000000004
decision_type=2 8 2 10 2 8 10 2 2 8 10 10 2 10
left_child=1 2 3 -1 9 -6 -7 -3 -9 10 -2 -11 13 -13
right_child=4 7 -4 -5 5 6 -8 8 -10 11 -12 12 -14 -15
leaf_value=0.0045868617612183941 -0.0015970738959851995 -0.0054535411601289996 -0.0044448156173002842 -0.0029924524047469357 0.0038423036362628892 -0.0077387024565130956 0.0015442309546088507 -0.0041014739661755931 0.0048935035516721424 0.00082062515270285661 0.00093065303745906822 0.005127534917188252 -0.00029005811975725966 -0.0023825994721204452
leaf_weight=225.91685335082002 1342.7253365548095 407.59032273822231 141.37113818351645 67.351145833497867 35.62443791620899 142.91369673283771 38.933377245790325 38.612920496147126 55.588717455277219 7885.0034331376664 9129.7001505305525 526.99955088901334 39585.0567305109 192.2813616534695
leaf_count=3708 44467 14960 2879 763 4602 16456 4448 904 2441 122971 112771 7416 395990 3220
internal_value=6.85468e-06 -0.00230976 0.000131676 0.00266388 4.56272e-05 -0.00383806 -0.00584682 -0.00424477 0.00106278 6.32812e-05 0.000600511 -5.39701e-05 -0.000225878 0.00309552
internal_weight=59815.7 936.431 434.639 293.268 58879.2 217.472 181.847 501.792 94.2016 58661.8 10472.4 48189.3 40304.3 719.281
internal_count=737996 25655 7350 4471 712341 25506 20904 18305 3345 686835 157238 529597 406626 10636
is_linear=0
shrinkage=0.03


Tree=294
num_leaves=15
num_cat=0
split_feature=12 29 17 21 31 32 12 13 24 13 34 2 32 9
split_gain=4.2406 7.4605 7.26117 7.12909 7.21211 6.99796 7.02358 5.90713 6.76698 5.88795 7.26317 7.52058 7.42168 7.73348
threshold=88.450000000000017 0.13846400631771186 85.902173913043498 0.23861283643892342 -0.0025913122663642416 0.16510275997731197 91.350000000000009 93.65000000000002 0.042141873283526088 86.450000000000017 0.0088232936172641975 3.5000000000000004 0.13183581728563926 64.500000000000014
decision_type=8 10 10 8 10 2 10 8 10 10 2 8 2 2
left_child=2 -2 9 4 -3 6 -6 8 -4 -1 12 -12 -11 -14
right_child=1 3 7 -5 5 -7 -8 -9 -10 10 11 -13 13 -15
leaf_value=-8.7350866681811667e-05 -8.3555583992269418e-06 -0.004116937571971937 0.0034709766009943478 0.00090029623463613862 0.0093561848741668535 -0.00025666792228892728 0.002476395710404622 -0.0050582176417500006 -0.0019232131957258845 0.0020475728889700223 -0.0038449912071569698 0.0046965349435416559 -0.0047298374497644138 0.0015446871915271965
leaf_weight=46632.751239516074 6075.0288817477413 51.603018321562558 209.78025149833411 2395.1988332075998 291.48200451373123 182.60137605760247 299.99018745287322 380.30602347594686 1067.1845378568396 813.65970683540218 67.940746576525271 696.00993891339749 365.97775060124695 274.0183488947805
leaf_count=594588 76315 443 4108 18956 2572 1369 2757 3556 10847 8917 732 6766 3255 2663
internal_value=2.64687e-05 0.000613522 -8.20779e-05 0.00176867 0.00409248 0.00485634 0.00633181 -0.00200523 -0.000939658 -1.48504e-05 0.00147803 0.00374738 0.000200449 -0.0021261
internal_weight=59803.5 9295.9 50507.6 3220.88 825.677 774.074 591.472 1657.27 1276.96 48850.4 2217.61 763.951 1453.66 639.996
internal_count=737844 102412 635432 26097 7141 6698 5329 18511 14955 616921 22333 7498 14835 5918
is_linear=0
shrinkage=0.03


Tree=295
num_leaves=15
num_cat=0
split_feature=18 31 4 31 30 30 12 15 20 32 0 15 14 32
split_gain=5.17353 9.027 7.73359 6.86801 6.38437 13.2397 11.3829 10.9827 10.3225 9.58427 7.01958 6.92164 6.69865 7.97318
threshold=-6.166666666666667 0.035837301955361105 1.4258241758241754 0.030866203446981263 271.50000000000006 326.50000000000006 80.65000000000002 52.316666666666677 39.500000000000007 0.049418526031102104 8.5000000000000018 80.441666666666677 60.550000000000004 0.11621706239740055
decision_type=10 10 2 8 8 10 10 8 10 2 2 10 10 2
left_child=4 3 -3 -2 6 8 9 10 12 -1 -7 -8 -6 -14
right_child=1 2 -4 -5 5 7 11 -9 -10 -11 -12 -13 13 -15
leaf_value=-0.0049881504303089623 0.00023057104661583917 0.0056358150370378647 -0.0007435190412001184 -0.0037785663822507989 0.0015368917535379541 -0.00042541794504192951 0.0063532232021940071 -0.00035612712183725722 -0.0022737455627330097 -0.0010675224229020879 0.0067805584145998613 -0.00076207024358861206 0.010189474440802296 0.00048400352852100815
leaf_weight=590.77432840806432 35665.550679137232 455.50191797362641 242.49135846598074 338.86397339357063 309.17187020520214 185.66791874205228 230.40827109361999 15722.52938698756 187.29909859702457 5000.9542687166249 274.53692572331056 202.11370831145905 253.80643055192195 108.58374292240478
leaf_count=18069 299381 3271 1600 2526 5854 4825 2872 284055 3878 86748 14174 3438 5167 1525
internal_value=3.4542e-05 0.000255686 0.003518 0.00018765 -0.000317134 -1.94194e-05 -0.00115223 -0.000216645 0.0035042 -0.00152228 0.00411655 0.00329388 0.00516157 0.00769267
internal_weight=59768.3 36702.4 697.993 36004.4 23065.8 17041.6 6024.25 16182.7 858.861 5591.73 460.205 432.522 671.562 362.39
internal_count=737383 306778 4871 301907 430605 319478 111127 303054 16424 104817 18999 6310 12546 6692
is_linear=0
shrinkage=0.03


Tree=296
num_leaves=15
num_cat=0
split_feature=17 11 31 16 14 14 4 16 19 17 19 33 5 16
split_gain=4.73881 14.3062 5.78055 5.77479 5.3359 9.71109 8.2507 9.91421 7.73781 7.83197 7.11056 10.6459 9.28855 8.49736
threshold=52.604545454545466 3.5000000000000004 0.017029173458708594 45.750000000000007 68.450000000000017 70.950000000000017 0.71651785714285776 84.950000000000017 -5.9740740740740739 72.500617283950632 5.8372685185185214 602.50000000000011 7.5000000000000009 72.850000000000009
decision_type=8 2 10 10 8 8 2 10 10 10 10 2 2 10
left_child=1 3 -3 -1 6 -6 -2 10 9 -9 13 12 -12 -8
right_child=4 2 -4 -5 5 -7 7 8 -10 -11 11 -13 -14 -15
leaf_value=-0.0036907114924016166 0.0012518072880985669 -0.0081047971789664254 0.0018217921573171494 0.0042862554739536906 -0.0015626457327036318 3.730877444519433e-05 -0.0046596428000918681 0.0045888645725153604 0.0040127546408678843 -0.0076100112910544842 0.001008702310472282 -0.0038378628691764969 0.0093840656882379619 -0.00080023508150013579
leaf_weight=72.877734913956374 7122.799448874779 261.18381538067479 44.124612181447446 221.54616473487113 3648.9856650202419 44328.235098457895 672.91217130958103 34.716970985988155 593.80485567543656 75.408652643440291 446.17728531267494 212.70167136006057 120.35972837312147 1870.5569303984521
leaf_count=4427 125116 9570 1094 8907 46514 493291 12396 642 5720 1385 2827 1299 918 23254
internal_value=2.37154e-05 -0.00252442 -0.00661568 0.0020626 5.16727e-05 -8.58785e-05 0.000641311 -0.000440715 0.00267641 -0.00353227 -0.00113098 0.0013156 0.00340476 -0.00189145
internal_weight=59726.4 599.732 305.308 294.424 59126.7 47977.2 11149.4 4026.64 703.93 110.126 3322.71 779.239 566.537 2543.47
internal_count=737360 23998 10664 13334 713362 539805 173557 48441 7747 2027 40694 5044 3745 35650
is_linear=0
shrinkage=0.03


Tree=297
num_leaves=15
num_cat=0
split_feature=30 12 13 31 14 14 32 33 1 18 17 0 14 15
split_gain=7.73109 9.20168 11.1563 8.46626 8.64482 7.76521 6.9781 9.31217 11.4217 8.39076 9.46087 9.13001 9.98654 8.96795
threshold=913.50000000000011 57.250000000000007 63.95000000000001 0.012879188487996454 60.550000000000004 45.650000000000013 0.1440619013409962 14.500000000000002 1398.0000000000002 -3.5333333333333274 68.873205741626819 10.500000000000002 79.550000000000011 71.216666666666683
decision_type=8 8 8 10 8 8 2 2 2 8 10 2 10 10
left_child=1 3 -3 -1 -5 -2 7 -4 -9 11 -11 12 -10 -12
right_child=5 2 6 4 -6 -7 -8 8 9 10 13 -13 -14 -15
leaf_value=-0.0033135184213988946 0.0052063929597268238 0.0014298088416854903 0.0014406300030869283 0.0060483142714801508 -0.0017224086728297614 0.00033399475373304354 0.0005304948523071314 -0.00017535439767182219 -0.00090418802759885235 -0.0055873021267994613 0.0035999219973816658 0.0010581640847784725 -0.0059830315764582889 -0.002310634640309703
leaf_weight=1512.5961408186122 247.75101105635986 3443.192918371642 1704.9200582993217 153.87274310516659 308.30263667751569 28637.747038391419 5819.0073422878049 9975.7675242586993 1866.6757834320888 756.31442137772683 205.19124198192731 1569.9567753085867 385.97589435754344 3107.2964455033652
leaf_count=41954 5203 56474 26273 3455 5905 333255 49372 119108 25995 7952 1582 30736 5283 24754
internal_value=3.24565e-05 -0.000297892 -0.000160327 -0.00225297 0.0012026 0.00038471 -0.000378345 -0.000649217 -0.000852098 -0.0017011 -0.00264198 -0.000678435 -0.00188543 -0.00189642
internal_weight=59694.6 30809.1 28834.3 1974.77 462.175 28885.5 25391.1 19572.1 17867.2 7891.41 4068.8 3822.61 2252.65 3312.49
internal_count=737301 398843 347529 51314 9360 338458 291055 241683 215410 96302 34288 62014 31278 26336
is_linear=0
shrinkage=0.03


Tree=298
num_leaves=15
num_cat=0
split_feature=12 34 25 12 25 26 19 1 23 15 33 14 25 27
split_gain=4.86003 11.9783 10.7963 9.44817 8.2146 9.42392 8.01775 7.66609 9.73171 8.04929 7.28962 7.70921 7.27414 10.0549
threshold=77.950000000000017 0.025458063986239319 0.17539299685020843 87.750000000000014 0.20510918811486509 -0.23886932419892745 4.1833333333333309 1204.5000000000002 4.6050000000000013 93.0416666666667 54.500000000000007 74.65000000000002 0.12682480947932692 210.50000000000003
decision_type=8 2 8 10 8 8 10 2 10 10 2 8 10 10
left_child=12 7 3 6 -4 -6 -3 8 9 10 11 -2 -1 -14
right_child=1 2 4 -5 5 -7 -8 -9 -10 -11 -12 -13 13 -15
leaf_value=-3.4442478475273077e-06 0.0047116981833679886 0.0024621031918017275 -0.0046981558835034508 -0.00099276702894726719 0.0077467921618784644 -3.7774351410099297e-05 0.0080423706992723675 -0.0004407826248390405 -0.0030807555192935822 -0.0034247006854196847 0.0012503480015068926 -0.0021181563031153665 -0.0012523905782423942 0.0017121054054172651
leaf_weight=20257.957233074587 124.22948950063437 537.21656887978315 208.2987808692269 250.11654820782132 119.56457732990384 798.91692114854231 467.44858014769852 14694.70220072486 563.77306208922528 342.06866530166008 9121.6945451813517 1044.0098891323432 10107.095433842973 1102.2872001302894
leaf_count=341713 1285 6820 1642 2489 746 7317 3248 146480 6746 2785 87328 14474 102542 11628
internal_value=-8.70018e-05 0.00019829 0.00221148 0.00406915 5.77732e-05 0.00132322 0.00531666 9.1992e-06 0.000599144 0.000807782 0.000964362 -0.0012283 -0.000343232 -0.000954565
internal_weight=59739.4 28272 2381.56 1254.78 1126.78 918.481 1004.67 25890.5 11195.8 10632 10289.9 1168.24 31467.3 11209.4
internal_count=737243 281360 22262 12557 9705 8063 10068 259098 112618 105872 103087 15759 455883 114170
is_linear=0
shrinkage=0.03


Tree=299
num_leaves=15
num_cat=0
split_feature=16 31 18 16 15 31 33 10 21 18 29 27 3 21
split_gain=6.33689 9.74987 9.66364 8.50054 8.2197 11.5941 9.5677 7.63618 9.53321 6.9275 6.74505 8.05121 7.62579 9.09318
threshold=80.550000000000011 0.035837301955361105 -5.1000000000000041 80.750000000000014 68.283333333333346 0.028106926952684751 91.500000000000014 261.50000000000006 0.067041198501872665 -16.966666666666654 0.065754239082631588 -34.499999999999993 61.250000000000007 0.23582887700534763
decision_type=8 10 10 8 10 10 2 2 10 10 10 10 2 8
left_child=1 4 -3 7 6 10 -1 8 -2 -8 11 -6 -12 -14
right_child=3 2 -4 -5 5 -7 9 -9 -10 -11 12 -13 13 -15
leaf_value=0.0017889870595237064 0.005791017646302161 -0.00049470897486478455 0.0074553988566059669 0.0002332493413281647 -0.0022505571458961617 -0.0074438889604369861 -0.0028026967717558696 0.0086835708341384196 -0.0033935848610229598 2.8875912628063143e-06 -0.0012072345637248454 0.0029148428667741008 0.0063364038738536015 -0.0048345059912955962
leaf_weight=2477.7457964076311 141.09939668490551 256.54168172879145 232.96805609250441 37617.973054222646 355.60509693354834 195.16899900999852 863.35532430955209 151.97044416563585 169.82546184281819 5964.9105762344552 10314.681852112291 800.30242762807757 197.48982875188813 48.137956184335053
leaf_count=57302 1518 3643 1572 415047 5626 1834 37413 1752 2000 88972 107445 11229 1648 416
internal_value=5.28081e-05 -0.000355777 0.0036292 0.000285871 -0.000456031 -0.000976325 0.000211587 0.00412265 0.000999276 -0.000369641 -0.000837414 0.00129833 -0.0010762 0.00369974
internal_weight=59787.8 21706.9 489.51 38080.9 21217.4 11911.4 9306.01 462.895 310.925 6828.27 11716.2 1155.91 10560.3 245.628
internal_count=737417 317100 5215 420317 311885 128198 183687 5270 3518 126385 126364 16855 109509 2064
is_linear=0
shrinkage=0.03


Tree=300
num_leaves=15
num_cat=0
split_feature=15 0 32 26 3 29 23 34 12 3 17 23 29 29
split_gain=4.94503 6.97105 10.5682 9.82051 8.71175 7.04605 6.92495 5.80461 4.95576 4.31814 4.37077 4.101 9.40539 5.2643
threshold=53.883333333333347 9.5000000000000018 0.068086269038483901 -0.01001737777783096 56.750000000000007 0.082259124242295797 2.7050000000000005 0.0021691965374944356 54.250000000000007 69.250000000000014 69.17834821428572 -4.4949999999999992 0.12693930928953973 0.084211480304894934
decision_type=8 2 2 10 2 10 10 2 10 2 10 8 10 10
left_child=1 4 8 6 -1 -6 -4 -7 -3 11 -11 12 13 -2
right_child=9 2 3 -5 5 7 -8 -9 -10 10 -12 -13 -14 -15
leaf_value=-0.0035816831320395863 0.00020329694842222511 -0.0047995319074660581 -0.0016382932314543618 -0.0032073117089896305 -0.0017163187165556554 0.0081907621415937271 0.011164612722465151 -0.00043630902152985116 0.0036916681546698433 -0.008471756332036352 2.3710683616815938e-05 5.0730242681649235e-05 0.0024227636458069154 -0.0089226603572584266
leaf_weight=295.40072367340326 77.068570357048884 95.286542099318467 30.557134226430207 40.022902010357939 176.98197938536759 162.88327465881594 222.11891000706237 97.49867920728866 61.056233040173538 58.408564114710316 109.0537046417594 58141.35517510958 151.53545050113462 146.02098438516259
leaf_count=8640 577 8614 509 2656 4270 2952 7951 1528 3293 546 810 693379 837 977
internal_value=5.31618e-05 0.00193432 0.00466909 0.00763759 6.72385e-05 0.00264638 0.00960144 0.0054105 -0.00139246 1.36634e-05 -0.00420597 2.93197e-05 -0.00290827 -0.00631
internal_weight=59865.2 1181.81 449.042 292.699 732.765 437.364 252.676 260.382 156.343 58683.4 167.462 58516 374.625 223.09
internal_count=737539 40413 23023 11116 17390 8750 8460 4480 11907 697126 1356 695770 2391 1554
is_linear=0
shrinkage=0.03


Tree=301
num_leaves=15
num_cat=0
split_feature=7 26 2 23 8 30 6 30 19 13 26 31 29 26
split_gain=6.46309 8.52309 6.34952 4.6021 8.09239 8.2654 9.21296 9.88664 6.82157 8.95743 7.21759 8.71905 6.92516 6.77387
threshold=8.5000000000000018 -0.026363303184404843 3.5000000000000004 1.5050000000000001 1.0000000180025095e-35 463.50000000000006 0.87867647058823539 849.50000000000011 4.1833333333333309 59.550000000000004 -0.28213645873241316 0.024875506386870968 0.076410015423173328 -0.094818635603775486
decision_type=10 10 10 8 2 8 2 10 10 10 10 10 10 8
left_child=3 -2 -3 4 -1 8 -7 -8 -6 -10 -11 12 -12 -5
right_child=1 2 -4 13 5 6 7 -9 9 10 11 -13 -14 -15
leaf_value=0.0066801341179264576 -0.0047656678818784153 -0.0037793506057123144 0.0051599611698980984 0.00065475642945197121 -0.00055696595693416838 -0.0011728321009794528 -0.0024250215086765677 0.0019864630885753666 -0.0020368497918442029 -0.0021262096683160145 0.00043676248719608333 -0.0015163834360710777 0.0046736828966850805 -0.00015429029727706057
leaf_weight=94.403933969791979 508.38755719852634 70.954213431105018 137.74665226158686 15121.479854629288 2726.9933593398891 11894.277122178697 566.27271940163337 1751.1252986621112 489.66967793833464 263.63376618130133 475.15969491936266 324.6198368947953 1360.8812572914176 24086.490924821934
leaf_count=658 9255 1440 4312 151794 30997 101366 5217 15827 3361 1520 3622 1927 8730 398103
internal_value=-6.60509e-05 -0.00280209 0.00197772 -3.05457e-05 -0.000400962 -0.000451332 -0.000836174 0.000880036 0.000517056 0.00151461 0.00225861 0.00282961 0.00361783 0.000158174
internal_weight=59872.1 717.088 208.701 59155 19947 19852.6 14211.7 2317.4 5640.96 2913.96 2424.29 2160.66 1836.04 39208
internal_count=738129 15007 5752 723122 173225 172567 122410 21044 50157 19160 15799 14279 12352 549897
is_linear=0
shrinkage=0.03


Tree=302
num_leaves=15
num_cat=0
split_feature=7 14 29 31 24 22 15 34 33 31 33 32 35 19
split_gain=4.89887 6.2638 6.61538 8.21036 9.86515 8.84977 9.93495 9.43396 9.05744 8.1795 7.79176 7.73202 8.87641 7.6368
threshold=5.5000000000000009 91.050000000000011 0.20524596829319827 0.0224838178896745 0.164417962683647 2.5000000000000004 86.216666666666683 -0.0025984543464079948 62.500000000000007 -0.014000272067757365 218.50000000000003 0.14562650611730213 5.5000000000000009 7.5466666666666606
decision_type=10 10 10 8 10 10 10 2 2 10 2 2 2 10
left_child=-1 2 3 5 11 6 10 -8 -7 -10 13 12 -5 -2
right_child=1 -3 -4 4 -6 8 7 -9 9 -11 -12 -13 -14 -15
leaf_value=0.00014027717979314059 -0.0016187041624372137 -0.0035584210811044877 0.0043352601934578839 -0.0083943120001949267 0.0022812566944649761 -0.0018151866548013667 0.0096889860049323359 -0.00058367000752309142 -0.0022410374181592021 0.0011183497855300716 -0.0039389101530250929 0.0024752163456916438 0.0005855521630668347 0.0046251200752557928
leaf_weight=47806.429367054749 882.87823261856101 537.93457634164952 212.23422626126558 392.08204892557114 181.31020863796584 1500.5453016218962 74.913270852062851 211.51663331431337 689.18574035260826 5678.9657411319204 1277.981632132316 76.679905438795686 119.65810979320668 167.7715769438073
leaf_count=550777 10862 7275 1701 3316 1528 31404 769 2065 12162 96974 13226 784 3854 1108
internal_value=4.1335e-06 -0.000536413 -0.000379795 -0.000487502 -0.00337964 -0.000260123 -0.00175455 0.00314373 0.000244474 0.000740158 -0.00241048 -0.00516599 -0.00642936 -0.000456852
internal_weight=59810.1 12003.7 11465.7 11253.5 769.73 10483.8 2615.06 286.43 7868.7 6368.15 2328.63 588.42 511.74 1050.65
internal_count=737805 187028 179753 178052 9482 168570 28030 2834 140540 109136 25196 7954 7170 11970
is_linear=0
shrinkage=0.03


Tree=303
num_leaves=15
num_cat=0
split_feature=9 8 24 4 6 16 14 18 27 31 26 30 2 15
split_gain=4.89387 10.4358 12.8434 7.67424 7.2086 6.86468 7.29011 12.3691 9.52341 9.04958 10.2423 7.62797 7.21862 7.69984
threshold=83.500000000000014 1.5000000000000002 0.43355683208220192 1.7583333333333331 0.80625000000000013 92.950000000000017 75.550000000000011 -6.2916666666666634 -199.49999999999997 -0.00076074438498546033 -0.031909965757171511 2561.5000000000005 8.5000000000000018 70.058333333333351
decision_type=2 2 8 2 2 10 10 10 10 8 10 10 10 10
left_child=1 2 -1 4 -4 6 7 8 -3 10 -9 -12 -10 -14
right_child=-2 5 3 -5 -6 -7 -8 9 12 -11 11 -13 13 -15
leaf_value=-0.0074083939816326034 0.00026206993651398125 -0.0034124615034950624 -0.0042710148346299477 0.0040023714208436709 0.0029616230459735713 0.0014842505608837066 -0.00078953530549240986 0.003408994004728997 -0.00052681517238457409 0.00012953202512745116 -0.0010336438818757999 0.0067652608036866749 0.0071908804709942854 -0.0016465509692512774
leaf_weight=353.62858892662916 28011.745096986531 971.48245685454458 414.27141815796494 181.57779333856888 129.2107714288868 2038.2629929796094 13890.379969903152 2098.998438479146 5861.2840716124047 4473.139839135576 981.42954618111253 76.776209805160761 178.5770380680915 119.51616437896155
leaf_count=3739 356352 22060 5446 1774 1803 21798 145082 19481 109760 35402 8938 641 3584 1683
internal_value=-2.67477e-05 -0.000281423 -0.00311471 -0.000677748 -0.00244684 -0.000176934 -0.00029749 0.00016663 -0.000729073 0.001003 0.00221921 -0.000188103 -0.000281768 0.00392008
internal_weight=59780.3 31768.5 1078.69 725.06 543.482 30689.8 28651.6 14761.2 7130.86 7630.34 3157.2 1058.21 6159.38 298.093
internal_count=737543 381191 12762 9023 7249 368429 346631 201549 137087 64462 29060 9579 115027 5267
is_linear=0
shrinkage=0.03


Tree=304
num_leaves=15
num_cat=0
split_feature=14 20 20 34 14 34 16 14 19 17 17 23 34 18
split_gain=7.74309 5.3249 8.64434 16.6858 7.39179 7.31481 8.44089 10.7907 10.6126 7.36448 7.23572 7.46755 7.20379 7.02528
threshold=20.450000000000003 4.5000000000000009 6.5000000000000009 -0.0091866877753654357 66.250000000000014 -0.021718167217427413 91.050000000000011 77.450000000000017 10.143461538461532 59.073320158102774 72.701282051282064 0.70500000000000007 -0.0045482856783033467 -1.9333333333333156
decision_type=8 8 8 2 8 2 10 8 10 10 10 10 2 10
left_child=-1 4 3 -3 -2 6 7 9 13 -4 -5 -12 -6 -9
right_child=1 2 5 10 12 -7 -8 8 -10 -11 11 -13 -14 -15
leaf_value=0.0064476726325154643 0.0023987174904182272 -0.0038278560926270117 -0.0034956039627285058 0.0079918747959141015 0.0010926839289231106 -0.00018336722876053139 0.005922242218886176 -0.00055845618749465525 0.0053263354303447023 0.0029310386396067217 0.007435708166480196 -0.0025079946439286855 -0.0098238498231306218 -0.0052612147062398081
leaf_weight=114.08028331398964 89.828445150982589 195.53229441714939 135.97636019811034 343.42494416155387 65.157318951794878 55127.192777098622 265.64766209654044 920.49832566082478 152.60421304684132 1577.5379446998704 51.308922563213855 159.56906736677047 127.80220108537469 374.17274483852088
leaf_count=2279 1511 2717 3316 4527 717 676513 2954 14169 909 21294 386 1502 1264 2870
internal_value=-6.05529e-05 -7.84086e-05 -5.71244e-05 0.00304068 -0.00386271 -9.93552e-05 0.00123549 0.000755506 -0.00113173 0.0023364 0.00557983 0.000872843 -0.00667136 -0.00206269
internal_weight=59700.3 59586.3 59303.5 749.835 282.788 58553.6 3426.44 3160.79 1447.28 1713.51 554.303 210.878 192.96 1294.67
internal_count=736928 734649 731157 9132 3492 722025 45512 42558 17948 24610 6415 1888 1981 17039
is_linear=0
shrinkage=0.03


Tree=305
num_leaves=15
num_cat=0
split_feature=31 34 30 24 34 2 31 34 30 22 7 34 21 31
split_gain=5.49447 7.07829 8.04931 11.065 12.0386 10.4909 8.33818 7.64901 14.9128 7.41478 7.1213 8.18598 6.97254 7.77296
threshold=0.015310019562898899 -0.015531840848011855 361.50000000000006 0.1803124688315636 0.0067470053774038264 3.5000000000000004 0.016315324726265856 -1.0000000180025095e-35 162.50000000000003 9.5000000000000018 5.5000000000000009 0.022985582509769172 0.3585714285714286 0.023962815276671805
decision_type=10 2 10 10 2 8 10 2 10 10 10 2 10 10
left_child=-1 9 3 4 6 -4 -3 -5 10 -2 11 -9 13 -6
right_child=1 2 5 7 12 -7 -8 8 -10 -11 -12 -13 -14 -15
leaf_value=0.00017405799873656595 -0.0037518945462992931 0.0052175494157943366 0.003242361640225296 0.0072507114962872318 -0.00048004921338738109 -0.0018522479167858749 -0.0027074713644125686 -0.0085724742315375843 0.0054953850033536674 0.0044693054525060429 0.0037261531905109471 0.0021535334705893613 -0.0048493715976433791 0.0044971486792499708
leaf_weight=51677.857757745427 909.88560196000617 84.453850064659491 362.53203276055865 274.45252358913422 450.12192340334877 3277.2032897623722 1373.9033510599984 157.82231513177976 316.44228325900622 67.954028772423044 62.952012566383928 68.107847572304308 80.471924601821229 669.85168386972509
leaf_count=654334 9748 1197 3332 2124 5370 30533 17993 1135 2242 1151 497 470 804 7019
internal_value=5.96981e-05 -0.000661538 -0.000325728 0.000688506 -0.000291335 -0.00130774 -0.00209079 0.00350614 0.00138468 -0.00299095 -0.00326463 -0.00553474 0.00189092 0.00256176
internal_weight=59834 8156.15 7178.32 3538.58 2658.8 3639.74 1458.36 879.777 605.324 977.84 288.882 225.93 1200.45 1119.97
internal_count=737949 83615 72716 38851 32383 33865 19190 6468 4344 10899 2102 1605 13193 12389
is_linear=0
shrinkage=0.03


Tree=306
num_leaves=15
num_cat=0
split_feature=28 24 16 17 27 33 34 21 34 27 13 16 23 31
split_gain=5.71829 6.58162 8.15417 11.9363 9.25752 8.70135 7.48518 7.31272 6.68713 9.96115 9.70968 11.5167 7.70258 7.97164
threshold=1.2500000000000002 0.026847809290439086 69.15000000000002 75.301020408163296 -199.49999999999997 242.50000000000003 0.012274623266328291 0.10566188197767147 0.00064205396955174018 -20.499999999999996 72.550000000000011 75.750000000000014 -0.99499999999999988 0.013116173475982882
decision_type=10 10 10 10 10 2 2 10 2 10 10 10 10 10
left_child=-1 -2 6 4 5 -4 -3 -7 9 -6 -10 -12 -13 -14
right_child=1 2 3 -5 8 7 -8 -9 10 -11 11 12 13 -15
leaf_value=0.00030142010346205413 -0.0018677027882564121 -0.0051311769263598355 -0.0043695717275032218 -0.00076311751329876309 0.0038393150698691012 0.0036993390819967205 0.0025793959662293894 -0.0025773363395403858 0.0041873863108189318 -0.00058086515437044998 -0.0071412223581760591 0.0075831632198263251 -0.00089769284704769225 0.005558604749157833
leaf_weight=43315.711503211292 2186.6749977077125 450.33387071196921 463.3433597011026 7561.49028649088 542.474265656434 321.9513460251037 112.82624056423083 256.64028826984577 1440.8728960582521 1993.2798213160131 106.43091831915081 113.21093627111986 767.1699550782796 168.47818844253197
leaf_count=558521 40249 7245 5958 66100 5683 3559 1597 2844 14593 21012 1028 765 7088 1302
internal_value=0.000120512 -0.000354308 -0.000117162 3.3819e-05 0.00100816 -0.00151788 -0.00350204 0.0009317 0.00153073 0.000420699 0.00258649 0.000498978 0.00156391 0.000487868
internal_weight=59800.9 16485.2 14298.5 13735.3 6173.85 1041.93 563.16 578.592 5131.92 2535.75 2596.16 1155.29 1048.86 935.648
internal_count=737544 179023 138774 129932 63832 12361 8842 6403 51471 26695 24776 10183 9155 8390
is_linear=0
shrinkage=0.03


Tree=307
num_leaves=15
num_cat=0
split_feature=7 30 11 6 14 18 4 35 9 20 19 17 31 13
split_gain=6.64759 13.3899 7.38376 9.47797 6.30633 5.79024 6.78718 8.52944 7.20131 6.99163 8.64645 8.47661 6.74229 6.69407
threshold=6.5000000000000009 2635.5000000000005 32.500000000000007 0.26969696969696971 74.950000000000017 -2.1666666666666674 -0.83854166666666774 6.5000000000000009 53.500000000000007 22.500000000000004 -0.8000000000000077 68.02152509652511 -0.0019364634051893266 71.450000000000017
decision_type=10 8 2 2 10 10 2 2 2 10 10 10 10 10
left_child=2 5 -1 -4 -3 6 7 9 -9 10 12 -12 -2 -13
right_child=1 4 3 -5 -6 -7 -8 8 -10 -11 11 13 -14 -15
leaf_value=-3.8452528523448385e-05 0.0015182334108016808 0.008222055346902981 -0.0022358504822696211 0.0034619736208962395 0.00062478409215326871 0.00013031984982542387 -0.0031045622233198695 0.0061295217900905656 -0.0013054795990634421 -0.0057325762988212825 0.0089285193719792887 -0.0055810740965909307 -0.0070037030483410707 0.0028850935208105054
leaf_weight=53152.407756772387 113.56947463843971 136.31241364171728 305.90114658605307 1062.7380192916607 227.44117846165318 1393.3952017307747 2283.6254639616236 222.06590214103926 180.17720695619937 254.21255604061298 84.905687296763062 83.384570047259331 160.81949190818705 177.62393437512219
leaf_count=627938 1737 2482 3951 14640 3606 12419 40472 11384 9841 3407 865 826 2249 1864
internal_value=-8.06326e-05 -0.00108797 1.85219e-05 0.00215455 0.00412132 -0.00150785 -0.00214189 -0.000367938 0.00302303 -0.00200679 -0.000166171 0.0028208 -0.00378614 -0.000282027
internal_weight=59838.6 5317.53 54521 1368.64 363.754 4953.78 3560.38 1276.76 402.243 874.516 620.303 345.914 274.389 261.009
internal_count=737681 91152 646529 18591 6088 85064 72645 32173 21225 10948 7541 3555 3986 2690
is_linear=0
shrinkage=0.03


Tree=308
num_leaves=15
num_cat=0
split_feature=16 21 24 17 24 33 29 6 31 33 5 24 10 31
split_gain=5.66008 9.56055 7.48922 11.7067 8.90252 7.74535 9.33545 7.68173 7.26001 6.46599 11.1003 6.35969 7.77171 7.39003
threshold=91.550000000000011 0.46862745098039221 0.087186665585332543 77.901388888888903 0.10902492005994675 1273.5000000000002 0.096362060816133618 0.45227272727272733 -0.011928677606216491 472.50000000000006 10.500000000000002 0.19461393504153396 288.50000000000006 0.0014909034150903902
decision_type=10 10 10 10 10 2 10 2 8 2 2 10 2 10
left_child=-1 2 3 -2 5 6 -4 -5 -9 10 -10 -3 13 -13
right_child=1 11 4 7 -6 -7 -8 8 9 -11 -12 12 -14 -15
leaf_value=-0.00010057094873132857 0.0071894921997121483 -0.005106928195312525 0.00011460675628697941 0.0013934684171230134 0.0014752684441389969 0.00030263306426449901 0.010851465578751862 0.0043900892264947767 -0.0076278585993128445 -0.0010329802919775428 0.004129008242597319 -0.0032366993749657928 -0.0059671071429801556 0.0044219248606344299
leaf_weight=53503.141133096447 134.54362737771589 314.37650479050353 99.615308454027399 876.05015288316645 2775.0719415269559 171.22930087288842 232.97510169562884 91.234202390536666 348.15025674807839 687.36505289352499 54.917244355194271 127.82593081239611 96.09475626796484 286.70874358760193
leaf_count=668695 2319 2705 1282 12615 24260 1883 2460 1532 5149 10537 1214 838 570 1680
internal_value=-1.82456e-07 0.000846964 0.00130303 -5.72128e-05 0.00219969 0.00569643 0.00807088 -0.000690349 -0.00222908 -0.00295108 -0.00574711 -0.00207916 7.41463e-05 0.00196612
internal_weight=59799.3 6296.16 5471.15 2192.26 3278.89 503.82 332.59 2057.72 1181.67 1090.43 403.068 825.006 510.629 414.535
internal_count=737739 69044 63251 33366 29885 5625 3742 31047 18432 16900 6363 5793 3088 2518
is_linear=0
shrinkage=0.03


Tree=309
num_leaves=15
num_cat=0
split_feature=26 14 31 7 8 8 30 27 6 27 25 27 14 6
split_gain=7.25063 8.46029 7.39648 6.05462 8.61488 14.1078 8.33135 8.25927 8.65857 6.92238 6.44963 5.90849 6.93446 6.06104
threshold=-0.30181792140771813 99.050000000000011 0.030866203446981263 6.5000000000000009 1.5000000000000002 1.0000000180025095e-35 989.50000000000011 -149.49999999999997 0.76696832579185525 -199.49999999999997 0.13444269275672269 92.500000000000014 75.750000000000014 0.57518796992481214
decision_type=8 8 10 8 2 2 10 8 2 10 10 10 10 2
left_child=1 2 -1 4 5 -2 9 8 10 -7 -5 12 -8 -13
right_child=3 -3 -4 7 -6 6 11 -9 -10 -11 -12 13 -14 -15
leaf_value=-0.0025840105751611464 0.0051555158255057352 0.0015022966748334584 0.0054116511324806991 -0.0060852852207083979 0.00020928079886762117 0.002208764278158408 -0.00025957628771867557 -0.0003777875641753149 0.0011482872214110408 -0.0074330119510751247 0.00083951802702177862 -0.0018603341540571092 -0.0074161725542809271 0.0052885454635224136
leaf_weight=2393.5850874939933 164.01370890042745 640.37893417640589 63.09689021948725 593.04027792322449 45712.109041025047 55.322896029101685 294.45152398291975 8508.8109396714717 280.2222346784547 413.76678919466212 135.3520502995234 184.03456368576735 162.56412043143064 154.49027132731862
leaf_count=17035 1518 4242 392 12060 548127 819 3787 128759 5816 6223 1936 2477 1564 2072
internal_value=-8.07717e-05 -0.00148235 -0.0022748 -2.91877e-06 0.000136598 -0.00211745 -0.00322091 -0.000691064 -0.00319123 -0.00619267 -0.00482723 -0.00120603 -0.00328555 0.00166289
internal_weight=59755.2 3097.06 2456.68 56658.2 47140.8 1428.64 1264.63 9517.43 1008.61 469.09 728.392 795.54 457.016 338.525
internal_count=736827 21669 17427 715158 566587 18460 16942 148571 19812 7042 13996 9900 5351 4549
is_linear=0
shrinkage=0.03


Tree=310
num_leaves=15
num_cat=0
split_feature=34 32 27 29 25 34 2 17 34 33 31 31 31 4
split_gain=5.40643 9.31666 9.4259 7.36343 8.95867 7.1286 6.45922 6.09974 6.04285 6.27823 8.24744 8.43217 11.3927 9.03428
threshold=-0.021718167217427413 0.086227701756762878 461.00000000000006 0.054553962649423589 0.21040057378434665 -0.033365539178065381 3.5000000000000004 82.958434959349617 -0.013137605495737911 20.500000000000004 -0.003051411119230948 -0.0069061403179865961 -0.0091617121863743923 -1.7320512820512837
decision_type=2 2 10 10 8 2 10 10 2 2 8 10 10 2
left_child=1 2 3 -1 -5 -6 -3 -8 -2 -10 11 12 13 -11
right_child=8 6 -4 4 5 -7 7 -9 9 10 -12 -13 -14 -15
leaf_value=-0.0025905803256716397 -0.00095120363459850761 -0.0050784437796893333 -0.0071695889831671503 0.0036904778378622077 -0.0061289860142903045 0.0019707976652898716 -0.0013620698129487732 0.0045442354727738129 0.0015620877602673402 0.0020219028890891754 0.00030455230576929918 -0.0014568992712671303 0.001867427538509509 -0.0010678950446793363
leaf_weight=198.29713044071104 5068.223021212616 235.58706285618246 47.115397103247233 1994.5511878898833 119.82136357564013 190.0348894558847 527.7807386231143 166.45476613729261 2564.1360100770835 957.14122765150387 34390.225033435621 5577.2360269625206 2213.4052071233746 5547.3230628638994
leaf_count=4245 72232 2175 829 28692 1317 2559 5106 1472 43209 17759 378230 75700 31205 72941
internal_value=0.000103191 0.00124216 0.00216865 0.00248143 0.00296363 -0.00157778 -0.00127951 0.000264222 3.17789e-05 0.000129822 5.28624e-05 -0.000551588 3.25887e-05 -0.000601271
internal_weight=59797.3 3479.64 2549.82 2502.7 2304.41 309.856 929.823 694.236 56317.7 51249.5 48685.3 14295.1 8717.87 6504.46
internal_count=737671 46395 37642 36813 32568 3876 8753 6578 691276 619044 575835 197605 121905 90700
is_linear=0
shrinkage=0.03


Tree=311
num_leaves=15
num_cat=0
split_feature=29 33 29 33 27 32 22 4 25 29 20 32 30 14
split_gain=7.13782 9.59052 8.52929 7.20109 8.2206 6.98068 10.0866 7.12298 9.97305 7.42248 7.04505 6.90681 8.20996 10.624
threshold=0.095667633352120265 2138.5000000000005 0.098781280435808097 1649.5000000000002 -124.49999999999999 0.069569166370493249 4.5000000000000009 1.4000000000000024 0.080197877240184859 0.21852427477850209 19.500000000000004 0.11531342589666051 860.50000000000011 74.15000000000002
decision_type=8 2 10 2 10 2 10 2 10 10 10 2 10 8
left_child=1 3 -2 11 -5 6 10 9 -9 -7 -4 12 -1 -14
right_child=2 -3 5 4 -6 7 -8 8 -10 -11 -12 -13 13 -15
leaf_value=-0.0005813455144779233 0.0021348143481585841 -0.0032075285204801064 -0.0041832519018084437 -0.0029425814231433629 0.0042714949528221526 0.00047557249936370859 0.00053150599400050911 -0.0027282173370557859 -5.2104007615241984e-07 0.0037696252497179815 -0.00011307267913952017 -0.0012232758734361932 0.0020992966386838541 -0.00051167138298283197
leaf_weight=9110.0768179328879 2008.2540019016014 1008.0128025305457 1060.8280954782385 148.02825801237486 541.90266461437568 22158.853699071216 1592.9095539980335 1372.1649137053173 7950.2978725715075 584.76942266523838 588.26015169441234 6141.2088312389096 2938.2296142283594 2613.1402565407334
leaf_count=163734 26278 11865 12534 2053 6529 227183 29486 14666 63004 3824 6758 70909 56932 42294
internal_value=3.04964e-06 -0.000418446 0.000257418 -0.000280496 0.00262943 0.000147768 -0.00116824 0.000282432 -0.000414421 0.00056835 -0.0027774 -0.000383078 -2.8185e-05 0.000876666
internal_weight=59816.9 22500.6 37316.3 21492.6 689.931 35308.1 3242 32066.1 9322.46 22743.6 1649.09 20802.7 14661.4 5551.37
internal_count=738049 354316 383733 342451 8582 357455 48778 308677 77670 231007 19292 333869 262960 99226
is_linear=0
shrinkage=0.03


Tree=312
num_leaves=15
num_cat=0
split_feature=35 14 33 32 14 29 6 31 14 30 29 13 21 14
split_gain=6.27497 5.94845 9.71173 8.07936 11.1832 9.22619 8.10058 10.947 8.70605 7.99975 12.162 9.76731 7.93605 7.90995
threshold=2.5000000000000004 74.950000000000017 170.50000000000003 0.15113408365091238 70.050000000000011 0.16621887008768396 0.21240601503759401 0.0034333862060222644 64.65000000000002 1342.5000000000002 0.16276568198596256 87.750000000000014 0.095491388044579545 61.150000000000013
decision_type=2 10 2 2 10 8 2 10 10 10 10 10 10 10
left_child=1 3 -3 4 5 6 7 -1 13 10 11 -4 -12 -8
right_child=-2 2 9 -5 -6 -7 8 -9 -10 -11 12 -13 -14 -15
leaf_value=-0.0032035373868038132 -0.00032944988275240687 -0.0017821534271121328 0.0010332002481427294 -0.00051613154794476917 0.0025337416462333537 -0.002238559307938595 0.0014155720980269136 0.0019193735497498867 -0.00051122349560035751 -0.00063674209812747656 -0.0010695730856567784 -0.0024517746688294388 0.0055161477360602552 0.0049040857879185254
leaf_weight=880.63700348138809 30436.526792810007 2679.2633165866137 3742.5267611853778 3888.9503403827548 3277.5680790990591 944.00930472835898 4142.0548751056194 586.24491011351347 1770.5147197134793 5015.2028690353036 192.35711298882961 845.37572522833943 701.11634907126427 650.48715246841311
leaf_count=4924 578591 14657 20532 19984 18181 4936 22770 3216 9944 27083 985 4597 3657 3677
internal_value=-2.79943e-05 0.000285008 -0.00018766 0.000670247 0.0010474 0.000493512 0.000826563 -0.00116037 0.00127607 0.000225855 0.00101371 0.000371543 0.00411676 0.00193481
internal_weight=59752.8 29316.3 13175.8 16140.5 12251.5 8973.95 8029.94 1466.88 6563.06 10496.6 5481.38 4587.9 893.473 4792.54
internal_count=737734 159143 71511 87632 67648 49467 44531 8140 36391 56854 29771 25129 4642 26447
is_linear=0
shrinkage=0.03


Tree=313
num_leaves=15
num_cat=0
split_feature=8 7 30 13 11 24 27 8 8 7 2 1 29 31
split_gain=5.51296 11.0578 9.89445 7.90404 7.94973 7.04717 7.01656 6.1083 13.3964 13.29 8.72074 9.29148 8.97594 7.73857
threshold=1.5000000000000002 2.5000000000000004 989.50000000000011 74.050000000000011 6.5000000000000009 0.047126270581225559 -199.49999999999997 3.5000000000000004 2.5000000000000004 3.5000000000000004 8.5000000000000018 1592.5000000000002 0.21110300081103003 -0.0018298109318341611
decision_type=2 10 10 8 2 10 10 2 2 10 8 2 10 8
left_child=1 -1 6 4 5 -4 -3 8 -2 -10 11 -9 13 -13
right_child=7 2 3 -5 -6 -7 -8 10 9 -11 -12 12 -14 -15
leaf_value=-6.9516014187224397e-05 0.00038622533611249718 0.0019142498225614031 -0.0021728180687213159 -0.0028208492648144831 -0.0052583975002997319 0.0086538104918834589 -0.0078660726668862337 0.00039509225171496283 0.01338358479563744 2.4831474482307136e-05 -0.0018670935507486745 0.00031645097450430274 0.0059696007900016963 -0.0025186954254351936
leaf_weight=4588.7058911552886 33887.907689409098 57.46844798210077 53.046604491537437 609.42220066289883 36.122308684629388 131.1257940561045 389.15770592843182 13306.930030644173 92.706248933216557 126.73405302129686 2482.4537182678469 1311.8510059769033 100.47229202417657 2444.9934277805733
leaf_count=61982 410964 812 1377 6122 554 1444 5679 167483 838 1595 29035 19139 631 28340
internal_value=0.000101817 -0.000767645 -0.00318032 -0.00110202 0.00329515 0.00573734 -0.00654159 0.000197308 0.000439788 0.00710476 -0.000223693 1.87234e-05 -0.00126811 -0.00153754
internal_weight=59619.1 5865.05 1276.34 829.717 220.295 184.172 446.626 53754 34107.3 219.44 19646.7 17164.2 3857.32 3756.84
internal_count=735995 77970 15988 9497 3375 2821 6491 658025 413397 2433 244628 215593 48110 47479
is_linear=0
shrinkage=0.03


Tree=314
num_leaves=15
num_cat=0
split_feature=23 35 0 16 21 13 28 29 13 26 13 23 21 34
split_gain=7.57713 7.71426 7.89174 8.36508 7.94513 9.87658 7.69647 7.61319 6.50661 6.19424 6.19167 6.92657 10.8798 7.65703
threshold=-0.69499999999999984 7.5000000000000009 7.5000000000000009 87.050000000000011 0.091507177033492829 70.950000000000017 0.75000000000000011 0.10219563271105037 68.750000000000014 0.75150724644640288 94.450000000000017 -2.2949999999999995 0.28730158730158734 -0.0013620304606150773
decision_type=8 2 2 10 10 10 10 10 8 10 10 10 10 2
left_child=1 2 3 -1 -4 7 10 -6 -9 -5 11 -7 13 -13
right_child=-2 -3 4 9 5 6 -8 8 -10 -11 -12 12 -14 -15
leaf_value=0.0012001306701411847 -0.00011579266085303231 -0.0052063766792592699 0.0070620523590620311 -0.00029911511188833277 -0.0038964088825617586 -0.0010621675277875963 0.0044418143404422314 0.0041994944843774225 -0.0015511128616207202 -0.0071807083608056719 -0.0052753162666758632 -0.0045518865194745768 0.0058073287579264313 0.0022987164609204404
leaf_weight=637.78981035249308 54478.675533904578 121.92053329548799 204.67355748172849 227.15833697281778 408.53484754497185 551.58840854093432 1031.5582248242572 277.13554185535759 344.7487037293613 204.93583721108735 77.804858531802893 173.78104461636394 535.26559459976852 377.11334842443466
leaf_count=4273 694592 5182 1851 1150 3754 3736 7085 2232 2335 1249 470 1499 3952 3125
internal_value=-1.12375e-05 0.00108023 0.00128147 -0.000971605 0.00189134 0.00152259 0.00244999 -0.000948831 0.00113339 -0.00396919 0.00116044 0.00161341 0.0029591 -6.12644e-05
internal_weight=59652.7 5174.01 5052.09 1069.88 3982.2 3777.53 2747.11 1030.42 621.884 432.094 1715.55 1637.75 1086.16 550.894
internal_count=736485 41893 36711 6672 30039 28188 19867 8321 4567 2399 12782 12312 8576 4624
is_linear=0
shrinkage=0.03


Tree=315
num_leaves=15
num_cat=0
split_feature=18 13 27 12 13 25 31 16 14 14 18 17 8 8
split_gain=6.33944 9.41756 8.62231 7.55889 6.89778 7.1075 6.87278 6.5219 8.70616 7.1946 9.46856 8.24917 6.45797 9.45135
threshold=-16.966666666666654 59.250000000000007 -2.4999999999999996 70.750000000000014 63.550000000000004 0.21040057378434665 0.0052868464030350641 78.550000000000011 77.950000000000017 54.750000000000007 -12.699999999999998 69.782971014492759 1.0000000180025095e-35 1.5000000000000002
decision_type=8 8 10 10 8 10 10 10 10 8 10 10 2 2
left_child=1 3 -3 -1 5 -2 -7 8 -6 10 -9 -12 -11 -14
right_child=4 2 -4 -5 7 6 -8 9 -10 12 11 -13 13 -15
leaf_value=-0.0051359568038931158 0.0012964656814259024 -0.0030882663850823533 0.0021641078916033699 0.0011705970447566994 -0.00047099768443650868 -0.0076328157002334921 0.0019912030142985445 -0.0018952466185532539 -0.0066888474216376618 0.0054869385785227031 0.00038173619679851166 0.01140964355374955 -0.0030452357081331722 0.0001723499519473488
leaf_weight=723.85752910142764 5186.7400370454416 394.73517571168486 716.16747279826086 198.67567824095022 16079.801125698024 112.58090538927354 84.869977139402181 128.50201047724113 155.64989208360203 151.19850281672552 100.52831436274573 120.91445891279727 791.49639240908436 34833.178114576498
leaf_count=35448 77790 13909 27810 3772 203506 976 616 1801 1702 1142 904 1025 7202 359690
internal_value=-5.5465e-06 -0.00163134 0.000245161 -0.00378743 5.30656e-05 0.00107042 -0.00392965 -5.24679e-05 -0.000550962 0.000172014 0.00417365 0.0073958 0.000127102 9.66949e-05
internal_weight=59778.9 2033.44 1110.9 922.533 57745.5 5384.19 197.451 52361.3 16235.5 36125.8 349.945 221.443 35775.9 35624.7
internal_count=737293 80939 41719 39220 656354 79382 1592 576972 205208 371764 3730 1929 368034 366892
is_linear=0
shrinkage=0.03


Tree=316
num_leaves=15
num_cat=0
split_feature=15 22 30 12 31 32 25 11 33 32 13 28 26 30
split_gain=6.09532 11.764 7.56403 9.50055 6.56384 5.38121 8.07259 7.94998 11.73 9.1245 10.8995 9.48256 8.01779 8.01105
threshold=54.841666666666676 4.5000000000000009 389.50000000000006 44.850000000000001 -0.0077269470776926809 0.068086269038483901 0.038309905552995786 31.500000000000004 318.50000000000006 0.048532488309131185 65.550000000000011 3.7500000000000004 -0.0053588334648519845 90.500000000000014
decision_type=8 10 10 10 8 2 8 2 2 2 10 10 8 10
left_child=1 -1 3 -3 -5 7 -7 8 13 10 -9 -11 -10 -2
right_child=5 2 -4 4 -6 6 -8 9 12 11 -12 -13 -14 -15
leaf_value=-0.0028042493968541272 -0.0031087270312696366 -0.0037043287913713246 0.0057586411712510039 0.0080534621700683682 0.00011471262672485488 0.0020177187810198659 -3.5876083493691507e-05 -0.0015592925715113117 -0.0046736611687473763 -0.0019467740408441437 0.0096717333324488047 0.0072316242060023123 0.0024457294637471629 -6.268394967425934e-05
leaf_weight=325.64695209858473 883.73781007982325 212.24565364501905 532.06415716535412 122.60262675478589 208.35370980936568 1735.3263323690044 49125.305203235592 101.3087769910926 1053.3684107456356 524.47621789784171 170.09812705148943 73.096314169233665 131.90825991809834 4644.3224049868877
leaf_count=5435 15181 7481 22366 4166 6437 34065 519886 2725 18654 9418 3232 930 2477 85046
internal_value=-2.77067e-05 0.00189311 0.0033771 0.00075563 0.00372663 -7.53286e-05 3.61038e-05 -0.000818134 -0.00116937 0.00181136 0.00588909 -0.000352376 -0.00381443 -0.000573137
internal_weight=59843.9 1400.91 1075.27 543.202 330.956 58442.9 50860.6 7582.32 6713.34 868.979 271.407 597.573 1185.28 5528.06
internal_count=737499 45885 40450 18084 10603 691614 553951 137663 121358 16305 5957 10348 21131 100227
is_linear=0
shrinkage=0.03


Tree=317
num_leaves=15
num_cat=0
split_feature=33 4 0 23 23 4 3 1 17 4 34 2 6 4
split_gain=7.35258 8.11349 7.27983 7.41156 11.1179 7.07448 8.34518 8.65088 7.48985 7.27115 9.68032 12.7011 8.38296 8.08909
threshold=28.500000000000004 -2.4843749999999996 8.5000000000000018 0.30500000000000005 1.5850000000000002 1.6291666666666667 60.750000000000007 1525.5000000000002 62.750714285714295 -2.0690476190476192 0.0005185875551931247 3.5000000000000004 0.55277777777777792 -1.1899038461538465
decision_type=2 2 2 8 8 2 2 2 8 2 2 8 2 2
left_child=5 2 -2 -4 -5 9 7 8 -7 -1 12 -12 -11 -14
right_child=1 -3 3 4 -6 6 -8 -9 -10 10 11 -13 13 -15
leaf_value=-0.0016830115909628599 -0.0005674361172754831 -0.00016440991554212474 0.0061806206586421993 -0.0032437804766381204 0.0026435941072920806 0.0041981583796770377 0.0040294280482045253 0.0025840633848421418 -0.0050954195417565028 0.0028937600713743491 0.011222282538791883 0.002859161260628611 0.0046622063274742026 -0.0023579765159113921
leaf_weight=422.43050187372137 1106.8742351583205 52293.668922953075 340.07410547928885 313.85961064230651 1426.7697008495452 51.433225795160979 189.3583552450873 203.70655413914938 554.15421992866322 910.14612777915318 163.21244920161553 994.10047034511808 132.90198007342406 751.17630665458273
leaf_count=10321 14667 611221 4139 4128 33843 1070 1958 2259 6206 15443 2223 14707 3150 13014
internal_value=1.94427e-05 -7.43306e-05 0.00138318 0.00240981 0.00152108 0.00119666 -0.000984612 -0.00232399 -0.00404612 0.00184724 0.00237211 0.00445451 0.000944573 -0.00110957
internal_weight=59853.9 55481.2 3187.58 2080.7 1740.63 4372.62 998.652 809.294 605.587 3373.97 2951.54 1157.31 1794.22 884.078
internal_count=738349 667998 56777 42110 37971 70351 11493 9535 7276 58858 48537 16930 31607 16164
is_linear=0
shrinkage=0.03


Tree=318
num_leaves=15
num_cat=0
split_feature=26 33 1 14 16 9 20 9 6 27 15 14 19 10
split_gain=4.89779 9.75975 6.60335 10.7553 8.44572 6.95485 6.84818 6.04368 5.09494 7.49091 5.25271 6.95227 5.75594 5.05394
threshold=-0.29201891196264124 56.500000000000007 1398.0000000000002 79.250000000000014 80.850000000000009 88.500000000000014 23.500000000000004 77.500000000000014 0.78174603174603186 -44.499999999999993 80.841666666666683 84.950000000000017 7.808712121212122 222.50000000000003
decision_type=8 2 2 8 10 2 10 2 2 10 10 8 10 2
left_child=1 13 4 -4 6 8 -3 -8 10 -10 -6 -12 -13 -1
right_child=-2 2 3 -5 5 -7 7 -9 9 -11 11 12 -14 -15
leaf_value=-0.00021571280565816248 5.0188439696222026e-05 -0.0025796266228310049 -0.0029300316982873368 0.0024336793750164478 -0.0090833513808848774 0.00023571603432325273 -0.0033424551331169964 0.0050695823607310323 0.0040812237985684129 -0.0049143939797810319 0.0016346480357988173 -0.0091029908264606222 -0.00010890712511175965 0.0072415440871558909
leaf_weight=144.89481777674519 56373.527031836886 373.44816916878335 548.93808005773462 717.82487919856794 338.41755781834945 255.13081077556126 65.38152388506569 241.65820431336761 98.316406154073775 144.03902504825965 139.79919415386394 139.86784151103348 98.477730131708086 129.81720395223238
leaf_count=1138 713813 2585 3950 4904 2374 1994 567 1785 732 966 880 966 485 1012
internal_value=-1.7249e-05 -0.00110852 -0.00159575 8.63724e-05 -0.00269379 -0.00414443 8.07064e-07 0.00306108 -0.00526374 -0.00119126 -0.00647359 -0.00334999 -0.00605016 0.00388071
internal_weight=59809.5 3436.01 3161.3 1266.76 1894.54 1214.05 680.488 307.04 958.918 242.355 716.562 378.145 238.346 274.712
internal_count=738151 24338 22188 8854 13334 8397 4937 2352 6403 1698 4705 2331 1451 2150
is_linear=0
shrinkage=0.03


Tree=319
num_leaves=15
num_cat=0
split_feature=24 11 4 17 15 30 28 24 23 21 30 34 23 19
split_gain=5.27278 8.4906 6.43458 14.6467 7.36621 8.89394 7.73788 6.68223 5.59133 5.11007 5.10655 5.09788 4.94131 5.16023
threshold=0.013691742649912792 36.500000000000007 -2.7041666666666688 69.475255102040833 80.583333333333357 222.50000000000003 -5.2499999999999991 0.1300244872190352 1.0950000000000004 0.093178294573643419 1357.5000000000002 -0.016791160950264467 0.19500000000000003 -4.5499999999999998
decision_type=8 2 2 10 10 10 10 10 10 10 8 2 10 10
left_child=1 -1 3 7 5 6 -5 10 -6 11 -2 -8 -7 -14
right_child=2 -3 -4 4 8 12 9 -9 -10 -11 -12 -13 13 -15
leaf_value=-0.0019684115907772893 0.0061172716708836165 0.004174807144302098 -9.3087891168002157e-05 0.0090605162317582266 -0.00095180508609957605 0.0016678931386529463 0.0039503875104927077 -0.00035310944744738773 0.0050457017610223065 0.0034308844235156448 -0.0021814016809670561 -0.0054698661116021723 0.0008650608751149645 -0.0059392846974114233
leaf_weight=2229.4584349429933 708.79548224492464 175.48941062914673 54886.748625777138 51.633137211203575 225.03325745975599 105.81785804894753 29.961810563923791 218.61930552381091 269.09931824379601 128.06211679521948 48.629468440194614 147.52106706681661 109.43218252970837 478.13000817969441
leaf_count=66651 16384 5049 623432 794 1937 1333 444 3162 3105 1700 1461 2087 3687 6950
internal_value=-8.27081e-05 -0.00144424 -2.44628e-05 0.00144253 -0.00039091 -0.00179153 0.00188425 0.0042218 0.00247789 -0.000432078 0.00548238 -0.00336084 -0.0036844 -0.00470353
internal_weight=59812.4 2404.95 57407.5 2520.74 1544.69 1050.56 357.178 976.044 494.133 305.545 757.425 177.483 693.38 587.562
internal_count=738176 71700 666476 43044 22037 16995 5025 21007 5042 4231 17845 2531 11970 10637
is_linear=0
shrinkage=0.03


Tree=320
num_leaves=15
num_cat=0
split_feature=32 30 3 21 30 4 4 13 32 10 10 29 21 10
split_gain=4.80829 11.6842 7.93914 12.2844 7.58853 6.20782 6.69791 6.43479 5.74398 5.56623 6.81972 5.50483 5.09434 8.48726
threshold=0.18193706819727415 410.50000000000006 58.250000000000007 0.041960093896713617 3088.5000000000005 -1.3708333333333333 -0.74264705882352888 73.15000000000002 0.23838011107383802 288.50000000000006 115.50000000000001 0.13970176426035177 0.25866188769414583 204.50000000000003
decision_type=2 10 2 10 10 2 2 10 2 2 2 10 10 2
left_child=-1 5 4 -4 12 -2 -7 -8 9 10 -5 -12 13 -3
right_child=1 2 3 8 -6 6 7 -9 -10 -11 11 -13 -14 -15
leaf_value=0.00017683196769739334 -0.0033054828220168138 -0.0054433438104235111 -0.0065471506968122137 0.0058426809590233861 0.0021910560279765137 0.0088735239025061821 -0.0016534743451944917 0.0040548857162888401 -0.0032840402465749261 0.0087064310089556615 -0.0055163756006477334 0.002470390833359527 -0.0071510082943478416 0.00045357185235592168
leaf_weight=56887.231154361041 133.99026215821505 429.57399991573766 128.80315781524405 131.77953808614984 150.79354025935754 91.148214682703838 293.13583453581668 331.9230628204532 89.287585711572319 98.840164372231811 107.15944313397631 111.58488296018913 375.73792192782275 392.17316942266189
leaf_count=715299 1133 3709 860 1029 1062 746 2204 2465 499 780 876 701 2883 3124
internal_value=0.000116074 -0.0010723 -0.00230056 0.000365314 -0.00358615 0.00180582 0.00291536 0.00145363 0.00243395 0.00378516 0.00148382 -0.00174059 -0.0043723 -0.00276448
internal_weight=59753.2 2865.93 2015.73 667.455 1348.28 850.197 716.207 625.059 538.652 449.364 350.524 218.744 1197.49 821.747
internal_count=737370 22071 15523 4745 10778 6548 5415 4669 3885 3386 2606 1577 9716 6833
is_linear=0
shrinkage=0.03


Tree=321
num_leaves=15
num_cat=0
split_feature=19 24 13 11 22 15 20 24 9 13 12 0 21 15
split_gain=5.63046 8.21461 7.08985 8.34962 4.77625 11.109 8.47975 8.65643 8.93086 7.93709 6.26717 6.2437 6.06594 6.05391
threshold=-13.950000000000005 0.094570290675867572 46.150000000000013 3.5000000000000004 8.5000000000000018 55.716666666666676 84.500000000000014 0.0089727446990200705 16.500000000000004 53.650000000000013 85.450000000000017 11.500000000000002 0.23368794326241138 83.25833333333334
decision_type=8 10 8 2 8 8 10 10 2 8 10 2 10 10
left_child=1 -1 3 -2 9 6 7 -6 -9 11 13 12 -4 -7
right_child=2 -3 4 -5 5 10 -8 8 -10 -11 -12 -13 -14 -15
leaf_value=-0.0052389824287284864 0.0092105386780462293 0.0029898305068019205 -0.0047529933365635761 0.0011448861563769009 -0.0012383460112860073 0.00045491233208991467 -0.0016815955636948581 -0.0022851257110150605 0.01304582246492 -4.8386565289766108e-05 0.0046478033561241656 0.0022628781212877002 0.0043274230796702005 -0.0028982020280092567
leaf_weight=345.37993235827889 107.26951978413854 113.53143241244834 660.36005317408126 505.72309979691636 56.986028692568652 9338.641717024846 86.325188799761236 25.021530988859013 153.32868048432283 47471.786645548273 255.74046564055607 140.14174566394649 34.47353300312534 461.36690682545304
leaf_count=21340 2324 2625 11185 9357 2896 149016 2353 490 4658 516222 3725 3883 402 6687
internal_value=3.26355e-05 -0.00310949 5.95522e-05 0.00314449 2.46787e-05 0.000606998 0.00570257 0.00823124 0.0108656 -0.000100915 0.000416593 -0.00291592 -0.00404222 0.000283143
internal_weight=59756.1 458.911 59297.2 612.993 58684.2 10377.4 321.661 235.336 178.35 48306.8 10055.7 834.975 694.834 9800.01
internal_count=737163 23965 713198 11681 701517 169825 10397 8044 5148 531692 159428 15470 11587 155703
is_linear=0
shrinkage=0.03


Tree=322
num_leaves=15
num_cat=0
split_feature=18 27 3 19 33 33 30 13 18 34 34 26 3 26
split_gain=5.12435 4.13555 5.70665 14.2085 8.50472 11.3686 7.34457 7.26576 7.11949 6.41512 5.11015 4.75197 4.46325 5.07613
threshold=-29.066666666666663 651.50000000000011 61.750000000000007 8.7820202020202007 448.50000000000006 805.50000000000011 115.50000000000001 79.550000000000011 -1.8666666666666527 0.0032367023634488705 -0.0062582256417187442 -0.008175399742325104 69.250000000000014 0.66820876854048328
decision_type=8 10 2 10 2 2 10 10 8 2 2 10 2 10
left_child=-1 2 -2 4 8 -6 -7 10 12 -8 -5 -3 13 -4
right_child=1 11 3 7 5 6 9 -9 -10 -11 -12 -13 -14 -15
leaf_value=-0.0042391075221658242 -0.00018344418535472742 -0.0053440146030059215 0.0050056168280951411 0.0015829795652513813 -0.0073492632070580001 -0.006004184608695568 -0.0012630307846811086 0.00061625649185766563 -0.0019873438447603892 0.0075985106608453101 0.011611173130179606 0.0036841914146638123 -0.003328791708757408 -0.0022426595828118519
leaf_weight=226.88186875719111 57482.171203235484 202.98172865854576 543.13061652937904 81.740512443706393 219.70687395054847 49.276970303151757 116.42650467879139 147.37256862223148 290.61693421541713 105.49025576328859 155.64530494622886 28.478598924353719 45.352104682009667 72.406397699378431
leaf_count=13802 703659 2821 6662 488 2086 480 1108 875 2250 863 876 474 513 675
internal_value=-0.000166829 -0.000147768 -0.000130439 0.00149756 6.24541e-05 -0.00297084 0.00116819 0.00625165 0.00169758 0.00357202 0.00903429 -0.00377605 0.00334379 0.00404856
internal_weight=59767.7 59540.8 59309.3 1827.17 1442.41 490.901 271.194 384.758 951.506 221.917 237.386 231.46 660.889 615.537
internal_count=737632 723830 720535 16876 14637 4537 2451 2239 10100 1971 1364 3295 7850 7337
is_linear=0
shrinkage=0.03


Tree=323
num_leaves=15
num_cat=0
split_feature=27 11 11 11 29 28 32 30 24 35 32 24 24 20
split_gain=5.97787 4.56298 7.17029 6.96874 9.80691 4.47854 8.10225 9.24007 10.0733 7.15848 10.0326 7.04632 8.81761 7.1464
threshold=640.50000000000011 56.500000000000007 61.500000000000007 67.500000000000014 0.089280357460090456 -1.0000000180025095e-35 0.17930894848182308 326.50000000000006 0.15119290003593386 8.5000000000000018 0.043600255825776098 0.01416880307356305 0.075153410684386371 49.500000000000007
decision_type=10 2 2 2 8 10 2 8 8 2 2 10 10 10
left_child=1 5 -3 -4 -5 6 -1 8 -8 10 11 -7 13 -13
right_child=-2 2 3 4 -6 9 7 -9 -10 -11 -12 12 -14 -15
leaf_value=0.0004350997749866083 -0.0042629446390312882 0.0074223605304622351 -0.0052894636245420842 0.0089563852739277684 -0.0030497101497092443 -0.0023120812437019528 -0.0045835748291087018 -0.0030886338072009041 0.0046167216304667915 -0.0027394106154432127 -0.0002643109086920028 0.0075228173570870849 0.00016430529554549032 -0.0015608366616878524
leaf_weight=22344.043551564799 248.42987594008446 140.48474441445433 93.797116254456341 72.625348855624907 85.107128005591221 178.6850093199173 108.31490187626332 1165.8612053191755 301.26305110286921 955.6831765944371 33119.305473882705 425.00823567132466 376.9823761973239 74.925479552708566
leaf_count=312490 3775 2175 1616 1370 1289 4620 1046 9648 2236 66351 318536 6782 4169 1411
internal_value=-2.76285e-05 -6.35969e-06 0.0030304 -0.000246634 0.00330349 -2.90665e-05 0.000287212 -0.0017591 0.00194969 -0.000244514 -0.000170846 0.00264094 0.00372047 0.00614331
internal_weight=59690.5 59442.1 392.014 251.53 157.732 59050.1 23919.5 1575.44 409.578 35130.6 34174.9 1055.6 876.916 499.934
internal_count=737514 733739 6450 4275 2659 727289 325420 12930 3282 401869 335518 16982 12362 8193
is_linear=0
shrinkage=0.03


Tree=324
num_leaves=15
num_cat=0
split_feature=16 10 21 14 32 13 12 35 21 17 13 34 23 31
split_gain=6.59176 7.04867 8.8313 8.04515 9.76877 7.11932 8.1164 10.7594 9.24126 7.29888 10.6008 7.07656 11.7156 9.88579
threshold=86.750000000000014 111.50000000000001 0.26006441223832533 83.050000000000011 0.14078596435650947 83.450000000000017 84.250000000000014 2.5000000000000004 0.16035714285714289 84.138013136289018 86.250000000000014 0.01053737963094129 5.495000000000001 -0.0011872922071070641
decision_type=8 2 10 10 2 8 10 2 10 10 10 2 8 10
left_child=-1 5 11 -4 -5 6 7 -2 -9 -7 -11 13 -13 -3
right_child=1 2 3 4 -6 9 -8 8 -10 10 -12 12 -14 -15
leaf_value=-0.0002913401544772517 0.0041158858575114808 -0.0014373364406304195 -0.0032536166117145232 0.0021883824132910312 -0.0019391886008422528 0.001567210445690008 0.0049370556897759136 0.0013043395830070999 -0.0046879680128431318 -0.0045726869245179148 0.0003766846925560222 0.0032779904785976608 -0.00051760862069929309 0.00071938143636175809
leaf_weight=38772.549085088074 602.00406664609909 2941.4108472857624 1212.7374951001257 846.03625013842247 1167.4923928675707 2355.152759280405 765.61938139493577 597.14056013687514 313.31720812432468 470.05051920213737 1525.5570868784562 1650.9623663527891 1263.6124687218107 5255.1394038310973
leaf_count=501561 3385 41057 10012 8094 9701 27884 7381 11181 5818 4417 14614 16334 15940 59907
internal_value=-5.97187e-05 0.00036829 -6.67145e-06 -0.00137612 -0.00019388 0.00117326 0.00251332 0.00116767 -0.000894499 0.000451022 -0.000872376 0.00039535 0.00165143 -5.85997e-05
internal_weight=59738.8 20966.2 14337.4 3226.27 2013.53 6628.84 2278.08 1512.46 910.458 4350.76 1995.61 11111.1 2914.57 8196.55
internal_count=737286 235725 161045 27807 17795 74680 27765 20384 16999 46915 19031 133238 32274 100964
is_linear=0
shrinkage=0.03


Tree=325
num_leaves=15
num_cat=0
split_feature=14 12 29 29 24 19 24 34 15 13 32 13 16 17
split_gain=6.61988 9.13227 10.5424 8.77802 8.71061 7.28788 7.21211 7.43521 7.41176 14.3964 7.69773 10.4587 12.256 8.37871
threshold=68.050000000000011 64.550000000000011 0.14928839305730643 0.13907794077894794 0.058770257708809781 -5.9740740740740739 0.03811818753022541 -0.013644021871546138 58.216666666666676 59.850000000000001 0.065883884803921586 63.150000000000013 78.050000000000011 69.686335403726716
decision_type=8 10 10 10 8 10 10 2 10 10 2 10 10 10
left_child=1 3 -3 4 6 -6 7 -1 9 -9 11 -10 -13 -12
right_child=-2 2 -4 -5 5 -7 -8 8 10 -11 13 12 -14 -15
leaf_value=-0.005236489601473061 -0.0001929705780845168 0.0016581376958553936 -0.0017756790476584003 0.0027968429695190123 -0.0070862079486901852 -0.0017308309496315948 0.0029481996255198641 -0.00068303786482942872 -0.0045684703635662247 0.010294325547936989 -0.006802079737083847 0.012999081192603471 -0.0040122469768211887 0.0044380286101768588
leaf_weight=241.56357410550117 48811.654515153699 6402.6411224284675 877.72510244930163 537.78643869096413 246.81996406882536 1260.549240521621 556.63307313760743 311.67413401789963 67.78661916020792 109.77728773467243 251.95415431307629 56.92170917801559 30.143134030746296 37.717882333323359
leaf_count=8961 558324 86522 7375 6860 7879 16874 12856 15239 2604 4223 6430 2125 1051 955
internal_value=-4.30982e-05 0.000620432 0.00123487 -0.000585916 -0.00119402 -0.00280708 0.000306312 -0.00109146 0.000287525 0.00296481 -0.00229392 0.00258834 0.00779434 -0.00490067
internal_weight=59801.3 10989.7 7280.37 3709.33 3171.54 1507.37 1664.17 1107.54 865.975 421.451 444.523 154.851 87.0648 289.672
internal_count=738278 179954 93897 86057 79197 24753 54444 41588 32627 19462 13165 5780 3176 7385
is_linear=0
shrinkage=0.03


Tree=326
num_leaves=15
num_cat=0
split_feature=31 26 26 19 6 24 10 20 17 14 35 11 6 17
split_gain=5.84002 8.94817 7.69255 8.16942 10.0304 9.05327 7.57397 8.66874 9.74986 8.21795 7.74079 6.75988 9.25985 7.75324
threshold=0.0041789201535039388 0.8617257838547433 0.81627649350155218 3.1144345238095217 0.59411764705882364 0.14749837673500324 313.50000000000006 28.500000000000004 61.57817460317461 78.15000000000002 7.5000000000000009 31.500000000000004 0.64495798319327746 68.873205741626819
decision_type=10 10 10 8 2 10 2 10 8 10 2 2 2 10
left_child=2 6 -1 -4 5 -5 10 8 -8 -10 -2 12 -12 -14
right_child=1 -3 3 4 -6 -7 7 -9 9 -11 11 -13 13 -15
leaf_value=-0.00028544741342618172 0.0006102109421544349 -0.0022746024213113093 0.0033209855360111576 -0.006015906408050508 0.0028356049747173366 0.002550355437488916 0.0043205668755460242 0.0016171544379853661 -0.0034275246464802811 0.00075522051798501135 0.0045941792812126429 0.0091620428600174639 0.0034783738975138986 -0.0042841155363760137
leaf_weight=32169.684958571917 20494.693559155334 1013.0133382824715 1073.0500591980526 308.52986085461453 368.1083440866787 127.31852304190397 170.50208837725222 903.28796790062916 1582.2667582721915 549.14955147216097 511.55227267055307 104.44793232530355 145.55026345863007 241.68572184466757
leaf_count=440515 179588 10720 15178 2409 2933 901 3369 10308 16367 4505 26150 4924 9560 10270
internal_value=8.20874e-05 0.000422894 -0.000175573 0.00166609 -0.000607837 -0.00350862 0.000537882 -0.000813416 -0.00178129 -0.00235725 0.000740772 0.00325237 0.00211897 -0.00130231
internal_weight=59762.8 25716.1 34046.7 1877.01 803.957 435.848 24703.1 3205.21 2301.92 2131.42 21497.9 1003.24 898.788 387.236
internal_count=737697 275761 461936 21421 6243 3310 265041 34549 24241 20872 230492 50904 45980 19830
is_linear=0
shrinkage=0.03


Tree=327
num_leaves=15
num_cat=0
split_feature=0 34 3 26 14 30 16 31 4 24 22 30 20 14
split_gain=9.30502 15.3278 10.1997 10.4884 9.38287 10.2933 10.065 8.85735 9.41325 8.58033 8.39112 9.52282 8.08204 7.97775
threshold=8.5000000000000018 0.0069112132131594903 54.250000000000007 -0.38575856563613081 57.050000000000004 12.500000000000002 86.850000000000009 0.0065396747131888392 -0.37083333333333351 0.031657175308056867 8.5000000000000018 1571.5000000000002 10.500000000000002 80.750000000000014
decision_type=2 2 2 8 8 8 10 10 2 10 10 8 8 10
left_child=1 10 -3 -4 9 -6 7 -7 -9 -5 12 -12 -1 -10
right_child=-2 2 3 4 5 6 -8 8 13 -11 11 -13 -14 -15
leaf_value=0.00060446477403323744 0.00024332871701784051 -0.0031370641721283447 0.0076801789875009085 -0.0022461309716027794 0.0088289831237621189 -0.0017301966080198099 0.0021141856623306103 0.0047325345891011204 0.00071747309708366938 0.0083209807954604895 -0.0003648182162706103 0.005414618352234276 -0.0017465658733332621 -0.0063805948590801255
leaf_weight=1494.3541468305048 40698.336196114193 545.69794641039334 153.87483606114984 70.260884242015891 78.889432042837143 2361.2158087841235 1722.3866215695161 420.02352281659842 861.12129698041826 205.24486044910736 1014.4067403186345 290.99522822466679 9769.577288401546 119.15886894986033
leaf_count=14098 557251 6309 846 1162 613 21685 12863 3711 6300 1974 14973 4066 91916 800
internal_value=-1.30467e-05 -0.000558336 0.000616714 0.000981695 0.000741433 0.000447551 0.000248297 -0.000622614 0.00124027 0.00569503 -0.00116955 0.00107573 -0.00143337 -0.00041312
internal_weight=59805.5 19107.2 6537.87 5992.18 5838.3 5562.8 5483.91 3761.52 1400.3 275.506 12569.3 1305.4 11263.9 980.28
internal_count=738567 181316 56263 49954 49108 45972 45359 32496 10811 3136 125053 19039 106014 7100
is_linear=0
shrinkage=0.03


Tree=328
num_leaves=15
num_cat=0
split_feature=14 12 29 25 13 18 34 2 29 33 15 34 24 25
split_gain=6.42525 10.12 11.3345 14.2682 11.4843 10.9902 9.26439 6.8758 6.05009 5.93998 8.30784 6.92272 7.27957 6.52488
threshold=68.050000000000011 65.350000000000009 0.081251959247648914 0.13611390941087378 65.15000000000002 -4.4000000000000012 0.0028293065618805644 5.5000000000000009 0.14928839305730643 98.500000000000014 59.916666666666679 -0.013894851881863958 0.12555502510313718 0.033174352270143252
decision_type=8 10 10 10 10 10 2 10 10 2 10 2 10 10
left_child=1 2 7 4 5 9 -6 -1 -3 -4 11 -11 13 -13
right_child=-2 8 3 -5 6 -7 -8 -9 -10 10 -12 12 -14 -15
leaf_value=-0.0034077654337881453 -0.00014113467707169177 0.0016821845823107057 0.0020651913507453157 -0.0043148865243194216 0.0067936235160532274 0.0057507775011172305 0.00020102831482864478 0.0014018696695523752 -0.00096913041104654089 -0.0058425116895107886 -0.0067985758486074242 -0.0034240001026263314 -0.0053847391031498857 0.0047966736223855133
leaf_weight=1279.7164386441 48731.657494209532 6091.013188994606 306.14605930377729 372.5432457877323 492.14531336259097 193.41809445526451 301.7441777701024 305.13227092626039 853.35768317640759 111.04697761358693 231.70698617119342 74.886717640911229 70.390584999346174 312.01638846821152
leaf_count=35262 557070 80805 8240 4435 8546 1418 4748 10141 7100 2797 4798 3413 1027 7340
internal_value=6.80838e-06 0.000660171 -0.000527465 0.000743403 0.00172319 -4.45918e-05 0.00444826 -0.00246721 0.00135178 -0.00126279 -0.00258284 -0.000453356 0.00130219 0.00299577
internal_weight=59726.9 10995.3 4050.89 2466.04 2093.5 1299.61 793.889 1584.85 6944.37 1106.19 800.048 568.341 457.294 386.903
internal_count=737140 180070 92165 46762 42327 29033 13294 45403 87905 27615 19375 14577 11780 10753
is_linear=0
shrinkage=0.03


Tree=329
num_leaves=15
num_cat=0
split_feature=14 15 9 30 28 10 27 15 1 18 3 21 25 9
split_gain=4.7199 7.20217 15.1076 14.1349 8.49209 9.93956 7.65397 6.67726 6.82084 6.54893 8.39262 7.50408 8.98299 7.32274
threshold=76.550000000000011 75.516666666666694 22.500000000000004 265.50000000000006 1.2500000000000002 15.500000000000002 346.50000000000006 79.558333333333351 2002.0000000000002 -9.5666666666666718 55.250000000000007 0.075134408602150551 0.18146767977318054 55.500000000000007
decision_type=10 10 2 10 8 2 10 10 2 10 2 10 10 2
left_child=1 -1 3 -3 6 -6 -4 8 -5 -2 11 12 -11 -13
right_child=9 2 4 7 5 -7 -8 -9 -10 10 -12 13 -14 -15
leaf_value=-2.2969498184122952e-05 -0.0024283513550367956 -0.0013851065481364372 0.0013906693948386826 0.0098973027280204792 -0.0077322717358987037 -0.00043638005803620105 -0.0032174082809659048 -0.00029668521855668071 -0.00072077793175359694 0.0054844033972387667 -0.00049212154608520926 -0.0020726093413014871 -0.0036894815310826788 0.0013448219908364686
leaf_weight=29352.242051637208 1236.656912498991 214.95785070257261 5596.3661474348046 393.24895380414091 135.32796403509565 1889.3614510399057 297.55654521007091 84.376756579149514 54.659791938494891 511.59074741532095 17105.6128154709 717.11400051554665 79.373359856661409 2096.90931011457
leaf_count=435335 28503 1818 50498 3084 1148 15670 2976 521 462 6183 159741 7851 600 23299
internal_value=2.81849e-07 0.000201849 0.000959098 0.00489771 0.00055903 -0.00109862 0.00113292 0.00733603 0.00865928 -0.000351748 -0.000220942 0.00112879 0.00406055 0.000452958
internal_weight=59765.4 38018.1 8665.86 747.243 7918.61 2024.69 5893.92 532.286 447.909 21747.3 20510.6 3404.99 590.964 2814.02
internal_count=737689 511512 76177 5885 70292 16818 53474 4067 3546 226177 197674 37933 6783 31150
is_linear=0
shrinkage=0.03


Tree=330
num_leaves=15
num_cat=0
split_feature=7 19 14 10 5 29 9 32 19 32 11 11 13 33
split_gain=5.71828 10.4415 11.6194 14.1953 9.6854 10.214 9.4484 9.01589 15.3339 8.79335 8.96994 8.61188 9.06449 8.59761
threshold=4.5000000000000009 5.2892361111111166 68.65000000000002 284.50000000000006 3.5000000000000004 0.15516500562831179 58.500000000000007 0.057782794080762485 -0.62394179894180357 0.069234891582158467 20.500000000000004 6.5000000000000009 71.450000000000017 16.500000000000004
decision_type=10 10 10 2 2 8 2 2 10 2 2 2 10 2
left_child=-1 4 3 11 5 7 -7 8 -2 -9 13 12 -3 -11
right_child=1 2 -4 -5 -6 6 -8 9 -10 10 -12 -13 -14 -15
leaf_value=0.00025872061431694881 -0.0035644324443442985 -0.0060421147827744688 7.2858227963392615e-05 0.0085235824228280764 -0.00019033899614925571 -0.002047214571978755 0.0044209396327724512 -0.0062410397935053234 0.0044052515619411635 0.0030685600003604778 -0.00039954669813227332 0.003246272071269938 0.0033137420430207824 -0.0036314653219903584
leaf_weight=35667.365502038156 346.79739779524971 190.29341539996676 5093.8840429801494 292.46540536615066 11570.071830882225 325.58045907504857 406.85576830455102 486.65086416271515 432.93990102247335 148.22134095733054 1731.4163784011034 602.30627918522805 111.52802773797885 2425.5430437014438
leaf_count=397693 11927 1683 37911 2307 202150 2960 3813 8992 5852 2559 23410 4287 892 31583
internal_value=1.74536e-05 -0.00033846 0.000708898 0.00330499 -0.000708009 -0.00164914 0.00159865 -0.00208652 0.000859446 -0.00256982 -0.00208794 0.00125868 -0.00260535 -0.00319449
internal_weight=59831.9 24164.6 6290.48 1196.59 17874.1 6304.01 732.436 5571.57 779.737 4791.83 4305.18 904.128 301.821 2573.76
internal_count=738019 340326 47080 9169 293246 91096 6773 84323 17779 66544 57552 6862 2575 34142
is_linear=0
shrinkage=0.03


Tree=331
num_leaves=15
num_cat=0
split_feature=13 14 10 18 14 22 11 13 30 33 28 14 18 2
split_gain=6.18268 9.31827 6.4744 7.53347 5.89673 7.1679 5.75991 5.72996 8.35954 7.23318 6.35834 8.41817 6.1968 6.00227
threshold=44.750000000000007 49.250000000000007 30.500000000000004 -27.950000000000003 50.150000000000013 4.5000000000000009 27.500000000000004 55.650000000000013 903.50000000000011 254.50000000000003 -1.2499999999999998 77.350000000000009 -16.049999999999983 4.5000000000000009
decision_type=8 8 2 10 8 10 2 8 8 2 10 8 10 8
left_child=1 -1 -3 -4 5 -2 -5 8 10 -10 -6 -12 -11 -14
right_child=4 2 3 6 7 -7 -8 -9 9 12 11 -13 13 -15
leaf_value=-0.0045731459850080012 -0.00048393196675691383 -0.0033656717191386256 -0.002965570911566788 0.0074763584277182226 0.00055263255174500239 0.0042458143009049612 -0.0020136186797934056 -4.6129211986094096e-05 0.0053704972200050273 -0.0075021817459997864 -0.0062097925300390383 0.0017723125661365416 -0.0030952400617014334 0.0047965180457695458
leaf_weight=90.134767371928319 518.21280461223796 57.114532619365491 59.912508149514906 417.0255576139316 253.48022792011034 575.0909482248826 44.538777908543125 56586.211615286942 173.98636314517353 59.73554382706061 597.02064776443876 122.30809508671518 127.85809830436483 121.48311014589854
leaf_count=3718 6506 1435 3299 7975 5959 15080 900 667656 4614 2709 11834 2566 1824 1688
internal_value=-1.92581e-05 0.00274647 0.00415981 0.00520639 -5.28278e-05 0.00208085 0.00645331 -9.47751e-05 -0.00192121 0.0012225 -0.00346572 -0.00482561 -0.00153518 0.00090869
internal_weight=59804.1 668.726 578.591 521.477 59135.4 1093.3 461.564 58042.1 1455.87 483.063 972.809 719.329 309.077 249.341
internal_count=737763 17327 13609 12174 720436 21586 8875 698850 31194 10835 20359 14400 6221 3512
is_linear=0
shrinkage=0.03


Tree=332
num_leaves=15
num_cat=0
split_feature=25 0 32 27 7 27 8 29 15 13 23 27 20 29
split_gain=8.1501 6.59774 5.45834 11.2053 4.77167 6.95693 5.82351 9.56751 8.60951 8.07726 7.71997 7.94081 7.12425 6.87242
threshold=0.41455283536784238 8.5000000000000018 0.23838011107383802 -89.499999999999986 6.5000000000000009 -184.49999999999997 2.5000000000000004 0.13297338941406742 62.133333333333347 90.550000000000011 5.8950000000000005 -8.4999999999999982 16.500000000000004 0.085193651363444076
decision_type=10 2 2 8 10 10 2 10 10 8 10 10 10 10
left_child=2 -2 4 -4 -1 -6 7 10 -9 -8 11 -7 13 -12
right_child=1 -3 3 -5 5 6 9 8 -10 -11 12 -13 -14 -15
leaf_value=4.7930789397314758e-05 0.00802929537199739 0.00085280828840738991 0.0042912100455897101 -0.0058051734594376618 -0.0032014425156840064 0.0035576115194028987 -0.0033943301721809666 0.005960828230468211 -0.003567449554713561 0.006659305752841232 0.0014043613907867517 -0.00083873480728911408 0.00048510302082609385 0.010244108090226982
leaf_weight=53505.437695459404 149.07323245052248 306.89169517927803 94.063306755851954 320.85038095479831 913.45428114419337 417.48801076307427 766.21280452294741 50.185086599783972 747.57116697332822 32.728630266268738 157.82159067934845 1719.2244722461328 336.24599381734151 157.32604581164196
leaf_count=640624 789 1870 628 2033 18284 6224 13850 776 8493 582 4442 26285 9058 3320
internal_value=-3.07197e-05 0.00376069 -6.30603e-05 -0.00330092 -3.74293e-05 -0.000891843 -0.000380031 0.00014693 -0.00265183 -0.00261453 0.000980346 8.19635e-05 0.00371132 0.00661575
internal_weight=59674.6 455.965 59218.6 414.914 58803.7 5298.26 4384.8 3585.86 797.756 798.941 2788.11 2136.71 651.394 315.148
internal_count=737258 2659 734599 2661 731938 91314 73030 58598 9269 14432 49329 32509 16820 7762
is_linear=0
shrinkage=0.03


Tree=333
num_leaves=15
num_cat=0
split_feature=20 13 27 33 20 13 3 13 25 15 24 13 32 4
split_gain=6.07086 6.68454 5.20597 5.20933 4.86044 6.18508 5.77986 7.44308 10.247 7.12199 7.41097 6.55318 6.60735 6.95576
threshold=339.50000000000006 74.350000000000009 -19.499999999999996 179.50000000000003 140.50000000000003 88.550000000000011 54.750000000000007 71.050000000000011 0.17539299685020843 64.583333333333357 0.21154220361394074 56.550000000000004 0.17930894848182308 1.3100961538461535
decision_type=10 8 10 2 10 10 2 10 10 10 10 8 2 2
left_child=4 -2 -3 -4 -1 6 9 11 -9 -6 -11 -8 13 -13
right_child=1 2 3 -5 5 -7 7 8 -10 10 -12 12 -14 -15
leaf_value=-9.4385135547187459e-05 -0.0082249390863478756 -0.0037717357304346121 -0.0024058108062925162 0.0070685170077063233 -0.0080334022142708964 -0.0024987156967547354 -0.0026040132129043735 -0.0010036877040683577 0.0029958566732411051 0.0028846382373303313 -0.0062569523399158573 0.0053443187002647687 -0.0027918079280056154 0.00060997782689670838
leaf_weight=54412.303064786596 119.3211450955132 153.9659448985476 58.791104022879153 69.093303877394646 79.130967372329906 396.08222751459107 133.83978789881803 1541.7881822756026 855.47939874976873 233.94754214410204 61.14848037622869 1057.0641855831491 101.26435018307529 392.32142274535727
leaf_count=663975 3132 2689 1101 841 2473 4377 3467 20350 7116 4217 699 16327 775 5040
internal_value=-3.93592e-05 -0.00350616 -0.000570207 0.00326101 -1.2956e-05 0.00089186 0.00121762 0.00154905 0.000455622 -0.00215386 0.000358263 0.00304717 0.00360104 0.0041259
internal_weight=59665.5 401.171 281.85 127.884 59264.4 4852.07 4455.98 4081.76 2397.27 374.227 295.096 1684.49 1550.65 1449.39
internal_count=736579 7763 4631 1942 728816 64841 60464 53075 27466 7389 4916 25609 22142 21367
is_linear=0
shrinkage=0.03


Tree=334
num_leaves=15
num_cat=0
split_feature=16 26 20 16 23 25 27 4 5 29 21 35 24 20
split_gain=4.91446 6.52265 5.83444 5.7399 6.81896 6.64472 7.70349 9.93318 9.73171 9.26374 7.07009 6.95049 6.48497 6.47989
threshold=89.450000000000017 0.92586275247727545 235.50000000000003 95.850000000000009 5.205000000000001 0.15525076265737761 8.5000000000000018 1.3571428571428579 10.500000000000002 0.14028248812991265 0.10495716034271728 2.5000000000000004 0.039266221833544619 9.5000000000000018
decision_type=10 10 10 10 10 10 10 2 2 8 10 2 10 10
left_child=-1 2 3 5 -5 6 7 9 -8 10 12 -11 -2 -14
right_child=1 -3 -4 4 -6 -7 8 -9 -10 11 -12 -13 13 -15
leaf_value=-0.00014744014576390776 -0.0017970650763015233 -0.0043501002798185442 -0.004036263222956674 0.00011190716758809099 -0.0046319684848455962 0.0020139246907124836 0.00098819652622152122 -0.0032728699848890591 0.0082876201989204885 -0.0068990017208185126 0.00028803655953444523 0.00090107223729682688 -0.002772635242089361 0.0084580255693175021
leaf_weight=49327.84044567027 74.377861072076485 187.95018724398687 181.97034828213509 1576.5500550116412 279.18925464525819 3903.0428434466012 1741.8894892374519 877.1409297385253 134.24050040298607 170.4314291626215 787.81999849062413 173.56281466595829 30.014778224518523 251.19589190301485
leaf_count=625488 1583 2203 2721 15683 4868 32580 21078 9790 2458 937 11475 2653 363 3333
internal_value=-2.25267e-05 0.000569551 0.000681183 0.000786686 -0.000704594 0.00112874 0.000300049 -0.000832556 0.00171206 0.000666168 0.00196369 -0.00334855 0.00518298 0.00702173
internal_weight=59697.2 10369.4 10181.4 9999.46 1855.74 8143.72 4240.67 2364.54 1876.13 1487.4 1143.41 343.994 355.589 281.211
internal_count=737213 111725 109522 106801 20551 86250 53670 30134 23536 20344 16754 3590 5279 3696
is_linear=0
shrinkage=0.03


Tree=335
num_leaves=15
num_cat=0
split_feature=27 17 30 29 34 34 2 30 6 16 6 24 34 21
split_gain=5.88998 7.70465 9.01631 8.03185 7.20968 14.1422 10.5738 8.02021 8.54525 7.3556 6.89772 10.2377 7.57442 6.4839
threshold=-2.4999999999999996 58.75119047619048 1691.5000000000002 0.15745003386623377 -0.035751389557118964 -0.022833867971151941 4.5000000000000009 186.50000000000003 0.095454545454545472 83.350000000000009 0.80625000000000013 0.11994158373695585 0.016304326624001837 0.067041198501872665
decision_type=10 8 10 10 2 2 10 8 2 8 2 10 2 10
left_child=1 2 3 -1 -3 6 9 8 -7 -6 11 12 -10 -2
right_child=13 4 -4 -5 5 7 -8 -9 10 -11 -12 -13 -14 -15
leaf_value=-0.0053959833350688069 0.00072723294925323371 -0.0047343481981749636 0.0045282243856832839 0.0042398753355529194 0.0041754618927018761 0.0076885811816947286 0.0076474937292726327 -0.00063342320581149982 -0.0023058631176939514 -0.0021897586122735274 0.0028965304421947513 0.0028595640653721753 0.0020633035312805532 -7.3015698732242765e-05
leaf_weight=617.36128212790936 15156.443471257167 269.34303325111978 76.676389433443546 50.939453713130206 259.37951566837728 111.35652016289532 292.22254400909878 16502.245303587755 1477.377830135636 300.09425838012248 832.12209806835745 680.46340528083965 423.5031030124519 22717.421949498123
leaf_count=17207 204650 3238 2411 661 3580 1726 4215 202146 22634 3787 11686 6315 5139 248429
internal_value=2.14353e-05 -0.000369777 -0.00326988 -0.00441751 -0.000260145 -0.000191253 0.0034849 -0.000355879 0.000934189 0.000861695 0.000606028 -0.000173347 -0.00130451 0.000247766
internal_weight=59767 21893.1 744.977 668.301 21148.1 20878.8 851.696 20027.1 3524.82 559.474 3413.47 2581.34 1900.88 37873.9
internal_count=737824 284745 20279 17868 264466 261228 11582 249646 47500 7367 45774 34088 27773 453079
is_linear=0
shrinkage=0.03


Tree=336
num_leaves=15
num_cat=0
split_feature=27 31 33 9 30 15 23 27 12 23 9 30 30 31
split_gain=4.90322 8.63298 9.35451 6.12988 6.98281 8.64068 7.76534 6.85965 6.44123 8.10852 7.49675 7.38256 7.85397 6.72966
threshold=-3.4999999999999996 0.016315324726265856 16.500000000000004 35.500000000000007 186.50000000000003 88.441666666666677 8.8050000000000015 -449.49999999999994 77.65000000000002 1.3750000000000002 21.500000000000004 1357.5000000000002 526.50000000000011 -0.0019364634051893266
decision_type=10 8 2 2 10 8 10 8 10 8 2 10 10 10
left_child=1 3 -3 4 6 8 7 -1 -6 10 13 12 -11 -10
right_child=-2 2 -4 -5 5 -7 -8 -9 9 11 -12 -13 -14 -15
leaf_value=-0.0050314162546759326 0.00027714188936590949 -0.0038829354370718389 0.0018074268541999549 -0.00080702929605653184 -0.00080544053431095425 -0.0072491003295349129 -0.0036493203966910686 0.0045814644155997017 -0.0024789776819490752 0.00048437981185939563 -0.0029871691565392035 0.00013039882660332604 0.0093013885571696445 0.0074094460061455
leaf_weight=32.436532096005976 37764.080404248554 241.79810252040625 2554.4592053748202 14732.633299432113 2175.4534084696788 97.409357818076387 104.84978356398642 721.96662712411489 70.764167731162161 140.87346745608374 387.00994638074189 271.25035418965854 239.77748932666145 104.88662762427703
leaf_count=604 452569 3518 26483 198213 32182 1049 2110 8861 595 1509 3506 2547 2412 795
internal_value=7.02384e-05 -0.000286759 0.0012558 -0.000515528 0.000470428 -0.000138108 0.00281205 0.0038811 0.000168615 0.00187615 -0.000746205 0.00403145 0.00647343 0.00375914
internal_weight=59639.6 21875.6 2796.26 19079.3 4346.68 3487.42 859.253 754.403 3390.02 1214.56 562.661 651.901 380.651 175.651
internal_count=736953 284384 30001 254383 56170 44595 11575 9465 43546 11364 4896 6468 3921 1390
is_linear=0
shrinkage=0.03


Tree=337
num_leaves=15
num_cat=0
split_feature=16 8 8 4 17 0 14 26 1 16 25 12 24 20
split_gain=6.57728 10.8647 12.5845 9.88505 8.57542 8.45529 15.8986 10.1188 7.79608 8.70668 8.69241 9.7124 7.22678 7.03331
threshold=81.550000000000011 1.0000000180025095e-35 1.5000000000000002 -4.2182539682539675 72.701282051282064 8.5000000000000018 69.850000000000009 -0.042571367564603523 1077.5000000000002 87.250000000000014 0.13199307859188156 68.350000000000009 0.083284738720298929 14.500000000000002
decision_type=10 2 2 2 10 2 8 10 2 10 10 10 10 10
left_child=-1 -2 -3 -4 5 6 -5 -7 9 -6 -11 -12 13 -10
right_child=1 2 3 4 8 7 -8 -9 12 10 11 -13 -14 -15
leaf_value=-0.00026156650267681762 0.0075443002723180634 -0.0037245610174390983 0.0061107273156485609 -0.0035495540306993848 0.0031833092124083787 0.0011770162624433285 0.002809332762972812 0.0052665503567469853 -0.0019410540158316398 -0.0031207640611517701 -0.006684124870210739 0.002176866112112113 0.00035473309856027722 -7.6487878400736928e-05
leaf_weight=28616.14531021833 138.82964673265815 626.47608371137176 221.83613012789283 619.40504659060389 1491.6686570950551 1434.8689446677454 700.91925611626357 868.43876979732886 2832.6312868250534 489.16512820706703 73.979375670664012 1171.0611144287977 15473.960162222385 4954.3407201349037
leaf_count=405286 1056 5742 3982 6647 13926 19041 6490 15667 39260 6018 884 9370 134595 69460
internal_value=6.64178e-05 0.000368166 0.000323873 0.00041348 0.000361445 0.00171988 -0.000194485 0.00279807 0.000172709 0.00154291 8.22695e-05 0.00141261 -2.02159e-05 -0.000762809
internal_weight=59713.7 31097.6 30958.8 30332.3 30110.4 3623.63 1320.32 2303.31 26486.8 3225.87 1734.21 1245.04 23260.9 7786.97
internal_count=737424 332138 331082 325340 321358 47845 13137 34708 273513 30198 16272 10254 243315 108720
is_linear=0
shrinkage=0.03


Tree=338
num_leaves=15
num_cat=0
split_feature=20 33 32 20 3 3 4 29 29 10 31 13 16 10
split_gain=5.88124 6.9826 7.09693 5.21435 5.38136 9.08771 5.14775 8.43412 9.35414 7.83965 6.4461 14.8721 6.33554 6.08203
threshold=343.50000000000006 570.50000000000011 0.14737026518644197 9.5000000000000018 64.750000000000014 62.250000000000007 0.82247899159663629 0.07742200618647814 0.08067809977009037 359.50000000000006 -0.011677825596526208 69.950000000000017 86.450000000000017 23.500000000000004
decision_type=10 2 2 10 2 2 2 10 10 2 8 8 10 2
left_child=3 -2 -3 4 5 6 7 12 -9 10 11 -8 13 -1
right_child=1 2 -4 -5 -6 -7 9 8 -10 -11 -12 -13 -14 -15
leaf_value=0.0040492899788224053 -0.0058202052908883058 -0.0037690283623217956 0.0072957474416669946 -0.00011569104643553151 -0.0041443836742574387 0.0075962354464708106 -0.0064623812575114051 0.0068693708511182216 0.0013737164470788621 0.0068285418075061093 -0.001152835082516145 0.0055805961640638087 0.0041979938795421922 -0.0023271250086479805
leaf_weight=106.1358185299905 270.69723262137268 60.047585264896043 54.353478458244354 49910.303585287184 157.48226372804493 121.74817626923323 77.618177540134639 253.11694166017696 4385.0806365944445 82.118912170873955 2761.6978317954345 315.97797622811049 143.93330778949894 1124.4416608123574
leaf_count=2232 5885 1012 572 609894 1381 1108 1058 4125 53108 865 29065 3770 2109 22139
internal_value=-1.81828e-05 -0.00349337 0.00210804 7.24951e-06 0.000648398 0.0007505 0.000620043 0.00113614 0.00174369 -0.000341176 -0.000631382 0.00274497 -0.000903259 -0.00164054
internal_weight=59824.8 385.098 114.401 59439.7 9529.35 9371.87 9250.12 6012.71 4638.2 3237.41 3155.29 393.596 1374.51 1230.58
internal_count=738323 7469 1584 730854 120960 119579 118471 83713 57233 34758 33893 4828 26480 24371
is_linear=0
shrinkage=0.03


Tree=339
num_leaves=15
num_cat=0
split_feature=1 33 8 25 18 18 13 11 32 22 33 33 30 35
split_gain=5.44642 7.34546 6.4617 6.01827 6.99247 5.35891 6.97104 5.05071 4.00061 9.27444 8.42182 8.19421 11.1398 6.46873
threshold=901.50000000000011 1116.5000000000002 3.5000000000000004 0.12535216721680834 -5.166666666666667 -11.499999999999988 75.250000000000014 4.5000000000000009 0.18193706819727415 6.5000000000000009 950.50000000000011 665.50000000000011 2907.5000000000005 1.5000000000000002
decision_type=2 2 2 8 8 10 10 2 2 10 2 2 10 2
left_child=1 2 3 -1 -5 -4 -7 -3 -2 11 13 -10 -13 -11
right_child=8 7 5 4 -6 6 -8 -9 9 10 -12 12 -14 -15
leaf_value=0.0080369017364330889 5.8678235217247064e-05 0.0015329915450636412 0.0052338553119326472 -0.004228710398883704 0.0040980326126557505 -0.0044512154697939638 0.0040540269372633438 -0.0071296913460793141 -0.00037106181605086366 0.0049066730904314413 0.0079117455270994869 -0.0053805184754859483 0.0025485588857038569 -0.0030330855704062648
leaf_weight=249.20207628596108 55833.435843883199 89.520065621472895 77.564336194074713 81.562764181755483 267.21471493085846 224.53385927481577 81.675254947971553 75.146028935676441 1444.2801250719931 92.999228477478027 128.65454126545228 776.32194943190552 165.84735790034756 211.1122545490507
leaf_count=3592 702914 738 1881 942 2825 2109 629 673 10410 438 1387 5758 1060 2687
internal_value=4.34633e-05 0.00204724 0.00303147 0.0048586 0.00186474 -4.73543e-05 -0.001932 -0.00316011 2.58718e-06 -0.00108994 0.00274076 -0.0018266 -0.00392669 -0.000255076
internal_weight=59799.1 1146.42 981.753 597.98 348.777 383.773 306.209 164.666 58652.7 2819.22 432.766 2386.45 942.169 304.111
internal_count=738043 13389 11978 7359 3767 4619 2738 1411 724654 21740 4512 17228 6818 3125
is_linear=0
shrinkage=0.03


Tree=340
num_leaves=15
num_cat=0
split_feature=5 27 30 8 18 8 10 19 2 31 29 29 19 29
split_gain=7.31711 10.0299 8.08473 6.61228 5.43755 11.3701 10.116 7.12799 9.16713 9.07883 8.62279 11.4169 7.81012 7.61054
threshold=9.5000000000000018 265.50000000000006 2214.5000000000005 1.5000000000000002 -11.225 1.0000000180025095e-35 94.500000000000014 -2.9200000000000048 4.5000000000000009 -0.0087445534644775055 0.13360282095980985 0.15305476755355371 1.0000000180025095e-35 0.055300606477872168
decision_type=2 8 8 2 10 2 2 10 8 10 10 10 10 8
left_child=4 3 -3 -2 6 -6 -1 8 10 12 -8 -12 -9 -10
right_child=1 2 -4 -5 5 -7 7 9 13 -11 11 -13 -14 -15
leaf_value=0.001032151312419847 -0.0051602305740439183 0.0048338813730343039 -0.0019966466352443349 0.00059222831372626337 0.0071045257103840437 -4.521895704641554e-05 -0.0027844923862401154 -0.0023213484846038375 -0.0047952446565813342 -0.0041786747763585238 0.0042278822707732351 -0.0023838368592078926 0.0063286743981216436 0.0008026959299198503
leaf_weight=2121.4621324865147 136.67037184280343 807.48973262822255 161.40481415158138 5043.3956560385413 151.104706030339 43588.744954478636 2461.8955370545154 178.25497467978857 186.99634911352769 1240.0817470316542 384.37357690907083 464.60832170536742 113.34963162988424 2799.9290648077149
leaf_count=46018 2043 14746 2381 79702 1145 423212 64167 3979 7514 21909 5672 5300 1993 58726
internal_value=-4.42066e-05 0.000931784 0.00365386 0.000392575 -0.000156745 -1.24354e-05 -0.000787832 -0.00128439 -0.00082445 -0.00308968 -0.00189969 0.000678254 0.00147518 0.000379058
internal_weight=59839.8 6148.96 968.895 5180.07 53690.8 43739.8 9950.95 7829.49 6297.8 1531.69 3310.88 848.982 291.605 2986.93
internal_count=738507 98872 17127 81745 639635 424357 215278 169260 141379 27881 75139 10972 5972 66240
is_linear=0
shrinkage=0.03


Tree=341
num_leaves=15
num_cat=0
split_feature=21 24 4 12 27 16 0 6 34 1 16 34 13 13
split_gain=6.05235 9.22476 9.20952 7.8513 7.51827 7.34187 7.32187 6.67441 6.33935 8.2871 6.32634 7.54783 6.16241 8.79881
threshold=0.13811445341159209 0.081620895231616364 3.0156250000000004 89.850000000000009 640.50000000000011 91.950000000000017 11.500000000000002 0.53589743589743599 0.0024347907185310121 1922.5000000000002 77.15000000000002 0.061105904904012645 85.550000000000011 87.050000000000011
decision_type=10 10 2 10 10 10 2 2 2 2 8 2 10 8
left_child=4 3 12 -2 10 7 -7 -5 9 -4 -1 -12 -3 -14
right_child=1 2 8 5 -6 6 -8 -9 -10 -11 11 -13 13 -15
leaf_value=-0.00034817651428941212 -0.0010229134185827081 -0.0006819151848340097 0.005278687058260614 -0.0038545127842376944 -0.0052395964485650905 -0.0086025616216273745 -0.0011437850781555567 0.0069545512999435229 0.00042215461679376791 -0.0040283166503541565 0.00052747335246495824 -0.0064603367769625634 0.0032190956545171765 -6.9142293749667517e-05
leaf_weight=11852.692931490019 5857.8519573491067 10135.54162696714 607.16672931727953 57.63232553191483 178.20014864287805 296.81488647102378 206.27844963059761 52.685856361407787 931.52644423395395 61.89298105193302 25290.958587182104 90.133836727123708 904.50784114724956 3138.6001748025883
leaf_count=198798 85840 95391 4567 562 2989 2973 3084 590 6572 465 301064 806 7660 26094
internal_value=-4.28725e-05 -0.000434137 -4.17517e-05 -0.00138326 0.000190098 -0.00448795 -0.00592418 0.00186669 0.00207962 0.00419748 0.000223076 0.000490005 -0.000287694 0.000696826
internal_weight=59662.5 22250.5 15779.2 6471.26 37412 613.412 503.093 110.318 1600.59 669.06 37233.8 25381.1 14178.6 4043.11
internal_count=737455 233798 140749 93049 503657 7209 6057 1152 11604 5032 500668 301870 129145 33754
is_linear=0
shrinkage=0.03


Tree=342
num_leaves=15
num_cat=0
split_feature=35 6 22 33 24 33 12 18 11 27 6 10 29 27
split_gain=6.52214 6.17733 4.67406 10.1113 9.45944 12.3835 8.69155 10.7012 6.70175 9.80219 8.03018 6.61291 6.79426 7.02405
threshold=11.500000000000002 0.56385869565217395 6.5000000000000009 3555.5000000000005 0.14749837673500324 254.50000000000003 67.550000000000011 -0.76666666666666206 3.5000000000000004 50.500000000000007 0.10555555555555557 63.500000000000007 0.11239753409930794 15.500000000000002
decision_type=2 2 10 2 10 2 10 10 2 10 2 2 10 10
left_child=2 -2 -1 4 11 6 -6 -8 9 -7 -10 12 13 -4
right_child=1 -3 3 -5 5 8 7 -9 10 -11 -12 -13 -14 -15
leaf_value=-0.00020354324504980273 0.00065548218196064142 -0.0082342273718041398 -0.0013265285994437303 -0.0038170614174517312 -0.0040969831917766347 -0.004088996151922211 0.0055240816291246475 -0.0050385227816707109 -0.0034974069876628992 0.0063595305128905308 0.0062818796752417009 -7.6835221232339718e-05 0.0040822029937064947 0.0030400543068694595
leaf_weight=46121.983377344673 108.2081029615365 120.27721691143233 767.39693088573404 436.49184805387631 301.25450680759968 158.40233094547875 234.50619135051966 79.195196881890297 51.302493355702609 81.987861399305984 837.19016204890795 9195.9567001146497 700.82653275458142 509.3448624801822
leaf_count=480806 13131 14674 15958 5645 3760 1451 2620 543 520 824 8496 167605 9118 11678
internal_value=-8.19165e-05 -0.00466236 -6.04186e-05 0.000432825 0.000590598 0.00261325 -0.000779603 0.00253142 0.00441617 -4.39942e-05 0.00556097 0.00026469 0.00181556 0.0004644
internal_weight=59704.3 228.485 59475.8 13353.9 12917.4 1743.84 614.956 313.701 1128.88 240.39 888.493 11173.5 1977.57 1276.74
internal_count=736829 27805 709024 228218 222573 18214 6923 3163 11291 2275 9016 204359 36754 27636
is_linear=0
shrinkage=0.03


end of trees

feature_importances:
wbest=229
rank_m=225
w2=215
j_wr=204
w3=200
wavg3_mean=182
lastmarg=180
j_n=175
j_ex=174
wt_rel=173
wavg3_rel=167
days=165
t_n=163
wavg_all=151
t_ex=148
t_wr=147
w1=145
wavg3=125
lastpm=121
last_res_vs_mkt=112
sex=111
avgpm=110
nruns=106
distance=104
bar_rel=103
trk=101
pwin=101
dist_ch=100
lastfin=79
barrier=77
going_n=74
wt_ch=73
weightCarried=72
horse_age=67
cls=63
field_size=60

parameters:
[boosting: gbdt]
[objective: binary]
[metric: binary_logloss]
[tree_learner: serial]
[device_type: cpu]
[data_sample_strategy: bagging]
[data: ]
[valid: ]
[num_iterations: 343]
[learning_rate: 0.03]
[num_leaves: 15]
[num_threads: 0]
[seed: 2]
[deterministic: 0]
[force_col_wise: 0]
[force_row_wise: 0]
[histogram_pool_size: -1]
[max_depth: -1]
[min_data_in_leaf: 400]
[min_sum_hessian_in_leaf: 0.001]
[bagging_fraction: 0.7]
[pos_bagging_fraction: 1]
[neg_bagging_fraction: 1]
[bagging_freq: 1]
[bagging_seed: 29216]
[bagging_by_query: 0]
[feature_fraction: 0.7]
[feature_fraction_bynode: 1]
[feature_fraction_seed: 17795]
[extra_trees: 0]
[extra_seed: 19650]
[early_stopping_round: 0]
[early_stopping_min_delta: 0]
[first_metric_only: 0]
[max_delta_step: 0]
[lambda_l1: 0]
[lambda_l2: 50]
[linear_lambda: 0]
[min_gain_to_split: 0]
[drop_rate: 0.1]
[max_drop: 50]
[skip_drop: 0.5]
[xgboost_dart_mode: 0]
[uniform_drop: 0]
[drop_seed: 24198]
[top_rate: 0.2]
[other_rate: 0.1]
[min_data_per_group: 100]
[max_cat_threshold: 32]
[cat_l2: 10]
[cat_smooth: 10]
[max_cat_to_onehot: 4]
[top_k: 20]
[monotone_constraints: ]
[monotone_constraints_method: basic]
[monotone_penalty: 0]
[feature_contri: ]
[forcedsplits_filename: ]
[refit_decay_rate: 0.9]
[cegb_tradeoff: 1]
[cegb_penalty_split: 0]
[cegb_penalty_feature_lazy: ]
[cegb_penalty_feature_coupled: ]
[path_smooth: 0]
[interaction_constraints: ]
[verbosity: -1]
[saved_feature_importance_type: 0]
[use_quantized_grad: 0]
[num_grad_quant_bins: 4]
[quant_train_renew_leaf: 0]
[stochastic_rounding: 1]
[linear_tree: 0]
[max_bin: 255]
[max_bin_by_feature: ]
[min_data_in_bin: 3]
[bin_construct_sample_cnt: 200000]
[data_random_seed: 45]
[is_enable_sparse: 1]
[enable_bundle: 1]
[use_missing: 1]
[zero_as_missing: 0]
[feature_pre_filter: 1]
[pre_partition: 0]
[two_round: 0]
[header: 0]
[label_column: ]
[weight_column: ]
[group_column: ]
[ignore_column: ]
[categorical_feature: ]
[forcedbins_filename: ]
[precise_float_parser: 0]
[parser_config_file: ]
[objective_seed: 29484]
[num_class: 1]
[is_unbalance: 0]
[scale_pos_weight: 1]
[sigmoid: 1]
[boost_from_average: 1]
[reg_sqrt: 0]
[alpha: 0.9]
[fair_c: 1]
[poisson_max_delta_step: 0.7]
[tweedie_variance_power: 1.5]
[lambdarank_truncation_level: 30]
[lambdarank_norm: 1]
[label_gain: ]
[lambdarank_position_bias_regularization: 0]
[eval_at: ]
[multi_error_top_k: 1]
[auc_mu_weights: ]
[num_machines: 1]
[local_listen_port: 12400]
[time_out: 120]
[machine_list_filename: ]
[machines: ]
[gpu_platform_id: -1]
[gpu_device_id: -1]
[gpu_device_id_list: ]
[gpu_use_dp: 0]
[num_gpu: 1]

end of parameters

pandas_categorical:[]
